"day","Max_Temp","Av_Temp","Min_Temp","Radiant_exposure","Rainfall"
2021-07-20,30.15,22.9802665478729,18.25,16301.9850523227,0
2021-07-21,28.4833333333333,19.501961025086,12.48,18115.9956042707,0
2021-07-22,28.0615384615385,20.7451441768108,15.45,18205.6476774476,0
2021-07-23,27.9461538461538,22.2402838134088,16.6333333333333,15397.6371940045,0
2021-07-24,25.8,19.4154078699079,17.12,2991.70982052506,0
2021-07-25,29.1333333333333,22.0269559422059,15.8,16950.5872714198,0
2021-07-26,28.825,23.0865151131375,18,17382.251149975,0
2021-07-27,28.0166666666667,20.858535954786,15.6428571428571,11994.2857785964,0
2021-07-28,27.5857142857143,20.7455415550058,14.1,9090.18531181319,0
2021-07-29,29.025,21.115885596891,14.74,17492.4987327599,0
2021-07-30,29.87,22.0126322332638,16.8333333333333,17961.7151145105,0
2021-07-31,29.675,22.5699318014162,17.4666666666667,14210.3270686813,0
2021-08-01,30.2916666666667,22.9784908833856,17.875,16619.5832462831,0
2021-08-02,28.675,21.233825400368,15.6,14934.984831044,0
2021-08-03,30.85,21.8986476418319,16.2333333333333,18376.4379073427,0
2021-08-04,29.49,21.0401829680736,13.3,16194.7727459085,0
2021-08-05,27.2909090909091,18.9521862172915,11.95,18927.9375258492,0
2021-08-06,26.0714285714286,20.3334449297747,14.9428571428571,15804.1856287463,0
2021-08-07,26.95,22.1231955827924,18.3428571428571,15260.1568928571,1.8
2021-08-08,25.7888888888889,21.4697165737488,18.0333333333333,8980.37604170829,0
2021-08-09,24.0818181818182,20.2887503453993,17.9,6472.11478171828,6
2021-08-10,26.1444444444444,20.8602902891613,17.1,7894.76794683258,0
2021-08-11,29.5166666666667,22.5956305355524,18.1875,16723.7183415408,0.8
2021-08-12,25.7833333333333,22.412104016354,20.2666666666667,11013.0265892123,1.8
2021-08-13,28.2125,23.9327576495474,20.85,12805.2848627182,0.8
2021-08-14,27,22.2256416419837,19.35,11735.3092175178,5
2021-08-15,27.4818181818182,22.2204815265753,18.85,14811.572708894,0.2
2021-08-16,27.4166666666667,21.80460069202,16.3333333333333,13672.6129428072,0
2021-08-17,29.16,22.2494142787038,16.1333333333333,20466.8031533246,0
2021-08-18,26.9909090909091,20.7250238474975,14.6666666666667,13616.0230377123,0
2021-08-19,29.15,21.9825127561564,15.6444444444444,20158.762940104,0
2021-08-20,28.5181818181818,24.3583583894258,19.94,13173.0163771008,0
2021-08-21,29.5181818181818,24.1694586256655,21.34,13019.2916914189,3.4
2021-08-22,26.9625,23.0252814645672,20.2,9613.48730357143,0.6
2021-08-23,29.7636363636364,22.6188065443329,17.54,19200.1801652832,0
2021-08-24,31.3181818181818,22.9395987433619,17,21423.3280138611,0
2021-08-25,29.1769230769231,22.4006476919545,17.3,17976.719158966,0
2021-08-26,28.9076923076923,22.9971948411784,18.9333333333333,11758.4104340659,0
2021-08-27,30.8111111111111,24.7223007852953,20.35,18540.3027674017,0
2021-08-28,30.8,24.919173902561,20.05,20187.3381800699,0
2021-08-29,30.825,24.9425302326109,19.8,14848.7469519231,0
2021-08-30,31.7111111111111,25.8254221955581,22.65,12868.9010150658,1.4
2021-08-31,27.5571428571429,25.1125356125356,23.24,5418.66198214286,0
2021-09-01,28.7923076923077,24.5010432363729,22.3375,10781.6314237013,0
2021-09-02,28.4777777777778,24.2963169690158,20.8333333333333,15301.2584269481,0
2021-09-03,28.2,23.6651688647001,20.45,14815.6414739011,0.6
2021-09-04,28.3666666666667,23.2169612745411,18.7333333333333,12531.6869745255,0
2021-09-05,28.88,22.5143158519721,17.58,13379.8890676823,0
2021-09-06,28.75,23.3960948726679,20.0833333333333,16649.3593104396,0.8
2021-09-07,25.62,22.4798067391546,20.7,11840.6878164336,0
2021-09-08,26.4916666666667,22.1451993620415,19.38,15355.7791850649,2.4
2021-09-09,26.02,22.646343027981,20.2,11297.6946881868,0.6
2021-09-10,27.8583333333333,23.3009330360997,20.5,13091.3558813392,0
2021-09-11,27.6727272727273,23.049226430678,20.4,8434.35810419727,0
2021-09-12,28.8833333333333,22.5351348168739,18.34,10027.0159670256,0.2
2021-09-13,30.6769230769231,23.9346957091372,18.7,22053.8790906373,0
2021-09-14,30.6222222222222,23.1070698745699,16.4333333333333,22847.2152816522,0
2021-09-15,29.9166666666667,23.3989271632623,16.44,21519.7490593157,0
2021-09-16,28.7,21.7118128187602,15.75,23285.7815717444,0
2021-09-17,29.0666666666667,22.4900661780349,17.35,21771.828728426,0
2021-09-18,28.8375,24.1155772280223,20.3714285714286,21344.7686332418,0
2021-09-19,28.9285714285714,24.1691518867606,21.16,18220.3934597608,0
2021-09-20,29.0923076923077,25.9760050196717,18.7,14226.7738209511,0
2021-09-21,29.7,19.7772729021359,14.5142857142857,6937.26696978022,0
2021-09-22,26.1076923076923,20.5296053303422,13.85,22240.5095,0
2021-09-23,27.83,22.8824383054222,17.2,19457.1908707175,0
2021-09-24,28.4357142857143,24.1303224065312,20.75,15471.4688102045,0
2021-09-25,28.9909090909091,23.3203322846744,18.34,12570.3691949301,0
2021-09-26,30.7,24.1674363770288,18.55,24098.9658070679,0
2021-09-27,30.7181818181818,25.6769905225493,21.3,22887.069088037,0.4
2021-09-28,30.67,25.8945903699475,22.6333333333333,21773.4288211862,0
2021-09-29,30.7083333333333,24.909911656245,21.85,13710.5081997708,0
2021-09-30,30.7363636363636,23.4513608865882,18.85,7252.52410064935,0
2021-10-01,32.62,25.1027767017262,20.2,18580.9531798202,0
2021-10-02,32.8857142857143,25.173060966811,20.2333333333333,22582.8277863387,0
2021-10-03,30.61,25.6430779954999,20.65,22588.8737097902,0
2021-10-04,31.9125,26.4289462620713,21.36,23080.9247896736,0
2021-10-05,32.12,26.5384007099839,21.95,25407.9232159091,0
2021-10-06,32.3571428571429,25.4448495033335,19.9666666666667,21625.0550804196,0
2021-10-07,31.5333333333333,25.384868680374,20,24539.4431868132,0
2021-10-08,31.925,25.3419602619603,20,24727.5282554945,0
2021-10-09,32.4,25.9432850005431,20.15,25251.9882430511,0
2021-10-10,31.6272727272727,24.7447066033382,18.2333333333333,24216.9675769231,0
2021-10-11,31.7818181818182,26.2226414752538,19.55,24914.9872795954,0
2021-10-12,31.6083333333333,25.3375278103539,19.7,24647.9525414585,0
2021-10-13,31.0846153846154,25.772956364623,21.225,23325.2439848901,0
2021-10-14,31.825,26.0904961586876,21.35,18848.0929052198,2.6
2021-10-15,31.5,25.3309489015258,19.65,16857.7286743697,3.2
2021-10-16,34.15,27.2219273781774,21.55,25546.1088150452,0
2021-10-17,33.95,28.1537350180684,22.95,24817.5582898352,0
2021-10-18,33.37,26.927562541998,21.1444444444444,22927.3261352618,0
2021-10-19,32.0909090909091,26.9573837557305,21.3333333333333,25535.2784166128,0
2021-10-20,31.8714285714286,28.3043144190466,23.7166666666667,23342.7622792502,0
2021-10-21,31.725,28.0497759528405,25.2428571428571,19753.3715094905,0
2021-10-22,32.3307692307692,27.4239365166997,23.76,17968.3917714785,0
2021-10-23,33.7833333333333,27.5091312617642,21.45,23166.9510401731,0
2021-10-24,32.4833333333333,26.0043799531316,19.95,26892.5770636937,0
2021-10-25,32.5733333333333,25.773565180241,19.75,23892.0305290959,0
2021-10-26,32.2727272727273,26.6886751369198,21.5333333333333,25880.8095123626,0
2021-10-27,32.275,26.4436509292475,20.95,23445.2391510181,0
2021-10-28,32.76,26.236928216985,20.6333333333333,23708.128754018,0
2021-10-29,32.7,27.3941061354105,21.55,23535.7844406109,0
2021-10-30,33.3,27.4070959256793,21.7,26077.9557120306,0
2021-10-31,34.1833333333333,28.3906117080319,23.85,24391.7160131266,0
2021-11-01,33.7,27.7580067505594,23.5555555555556,18846.093842841,7.2
2021-11-02,30.1454545454545,26.4704066149899,22.45,11767.8094748707,3.4
2021-11-03,32.9538461538462,26.0324201261701,22.25,14787.9140604396,6
2021-11-04,31.3166666666667,25.9720826037762,21.6,20996.3244112872,1.2
2021-11-05,31.7,25.7441078513685,20.24,19201.1725538653,0
2021-11-06,32.8333333333333,26.8001111284176,21.45,26584.1399842657,0
2021-11-07,33.3666666666667,27.9062792673277,23.8428571428571,24782.9413571429,0
2021-11-08,33.11,28.5654408338575,25.2333333333333,22362.4906472498,0
2021-11-09,32.64,28.287054715736,24.25,19883.770332256,0.4
2021-11-10,33.0818181818182,28.8700997847346,25.05,19448.7270116134,0
2021-11-11,33.6666666666667,29.1848010201032,24,22641.5765526532,0
2021-11-12,33.1545454545455,28.8326849066338,24.74,20840.1878768217,0
2021-11-13,33.9615384615385,28.148759786313,22.35,21608.7663579215,0
2021-11-14,33.0333333333333,28.9367333018195,24.9,14953.6074736073,0
2021-11-15,34.1,28.2995620683664,24.5333333333333,16748.815978022,14.2
2021-11-16,33.7307692307692,28.3658902721674,24.3375,20965.4227186196,0.8
2021-11-17,33.5153846153846,27.5444170595486,24.1333333333333,15921.8248838294,16.6
2021-11-18,32.3,27.3408497212664,23,21023.8990115546,3.6
2021-11-19,32.4857142857143,27.0526266978635,22.1,24325.3451516865,0
2021-11-20,32.3363636363636,25.7257489643926,19.75,25029.0760169536,0
2021-11-21,31.8363636363636,26.1543914001172,19.85,27789.3557474658,0
2021-11-22,32.15,27.1234565434565,22.6,26252.0576677734,0
2021-11-23,33.5181818181818,28.1792092888796,23.75,24457.3401878122,0
2021-11-24,33.9785714285714,28.4609958549203,23.94,18271.620091034,1.6
2021-11-25,33.875,27.4559642000771,23.85,16521.1959729021,9.8
2021-11-26,32.6,26.8545999076681,23.35,19461.4071091409,3.8
2021-11-27,33.5866666666667,27.9406435442577,23.0333333333333,19616.316989011,3
2021-11-28,33.31,27.5810063925973,23.9333333333333,19480.0801895604,17.4
2021-11-29,33.6769230769231,27.9941198716742,23.45,19224.0610467033,24.8
2021-11-30,33.325,28.0717629498027,23.5333333333333,18244.5202874919,0
2021-12-01,33.77,28.7385635968969,23.6333333333333,21619.4908705559,0
2021-12-02,35.1,29.2326816540947,24.05,23848.2313351648,0
2021-12-03,34.1,28.4498632218845,22.84,22378.1648804945,0
2021-12-04,35.15,28.1701291719034,21.35,27026.7328111888,0
2021-12-05,34.7,28.2096138130875,22.15,28069.7985892857,0
2021-12-06,34.4083333333333,28.3956175637228,23.44,21342.4721983164,2.2
2021-12-07,32.2625,26.7095927594864,23.36,16335.7173302359,1
2021-12-08,33.4285714285714,28.3511577281414,23.35,19982.3788336002,0
2021-12-09,34.3727272727273,28.0605236042333,23.45,18921.5311280558,10.8
2021-12-10,33.83,27.5665338872597,22.65,19826.814885989,1.2
2021-12-11,34.1769230769231,28.9315991343239,24.1333333333333,23714.9968008242,0
2021-12-12,34.24,28.9722631918908,23.9,22392.2269833549,0
2021-12-13,33.2,27.8033737973393,21.74,19780.8100365223,0.2
2021-12-14,33.7714285714286,27.5580822517058,21.375,17768.2964058662,0
2021-12-15,32.9363636363636,30.6825047175047,24.4,16572.7283174326,0
2021-12-16,33.4461538461538,26.6281939171939,21.0444444444444,17781.9940367647,0
2021-12-17,33.36,28.2361540262338,22.54,24034.4357129121,0
2021-12-18,33.6454545454545,26.6366840281468,21.7,15961.7469247738,2.6
2021-12-19,33.1,29.6219777799033,23.75,12445.8440357143,0
2021-12-20,NA,NA,NA,0,0
2021-12-21,33.2818181818182,25.5345441287108,23.05,5330.85167794705,0
2021-12-22,34.5625,28.4016463970812,22.25,26859.2022466284,0
2021-12-23,34.9777777777778,29.1355622273707,23.15,27025.9775402098,0
2021-12-24,34.4083333333333,31.99527560295,26.9714285714286,20512.8731600458,0
2021-12-25,32.77,27.3055976307643,25.7428571428571,4122.51173863636,0
2021-12-26,34.7785714285714,28.2478413194992,22.9,16111.1454725275,0
2021-12-27,33.6181818181818,25.5712758669902,22.75,7933.31450202004,16.8
2021-12-28,30.6333333333333,25.0257585294654,22.84,6260.54667744755,27
2021-12-29,25.3571428571429,24.0525798160173,23.3,2720.21508341658,41.8
2021-12-30,32.1727272727273,26.3706999014417,21.95,11770.4696047702,3.2
2021-12-31,33.49,27.6026289224959,21.85,25106.7816377666,2
2022-01-01,34.7444444444444,28.5618081563826,23.2,24013.1155618132,0
2022-01-02,35.1,28.6546802403945,24.54,15323.8782336414,3.2
2022-01-03,36.1888888888889,29.6892069132558,23.9333333333333,21044.9828537492,0
2022-01-04,38.5461538461538,31.4252400611085,25.75,25462.8319015029,0
2022-01-05,39.8222222222222,31.2016946566165,25.5333333333333,21708.9492639199,0
2022-01-06,37.8857142857143,30.7755512732881,24.7714285714286,23433.1833316243,0
2022-01-07,35.9571428571429,29.8265708932644,25.1428571428571,24166.0552958145,0
2022-01-08,34.5538461538462,28.7840763462306,23.8666666666667,21770.1950488041,1.8
2022-01-09,33.2428571428571,27.4475379473655,23.65,12768.9658739496,47.6
2022-01-10,31.1,25.8610405485987,24.4666666666667,9504.85387187812,81.2
2022-01-11,29.2166666666667,24.7515161532235,23.25,6671.78212000499,35.2
2022-01-12,30.8181818181818,26.2383892948137,22.6,14649.9107861991,3.4
2022-01-13,33.6545454545455,27.3051555389055,21.8142857142857,20743.1505786566,0.6
2022-01-14,33.6,30.8558019931457,25.45,19713.524043956,0
2022-01-15,33.4166666666667,27.5928435435179,23.7,12831.5964594156,0
2022-01-16,33.1625,28.624367684287,23.625,21022.2805073015,0
2022-01-17,33.49,29.0814127897192,24.4,23570.3743154786,0
2022-01-18,34.26,28.5809938997173,23.5333333333333,23768.3274307457,0
2022-01-19,33.2,27.9459479561952,23.2,16345.0444947479,0.2
2022-01-20,33.47,27.5660717184051,23.45,16237.287027546,8
2022-01-21,31.4888888888889,25.9317317165593,23.25,12754.1980375874,39
2022-01-22,28.2,25.1244022893461,23,8452.63615481577,11
2022-01-23,32.4083333333333,27.3434830971498,23,17349.6500849224,0.2
2022-01-24,33.9666666666667,28.2671075711437,23.25,20089.5372365061,0
2022-01-25,34.6090909090909,28.5940552425103,24.75,18002.7618454266,0.4
2022-01-26,34.4538461538462,30.1987200184075,24.8,15751.5516501293,37.2
2022-01-27,31.5090909090909,26.9214052459886,24.6444444444444,5261.82293406593,4.8
2022-01-28,32.8583333333333,26.2940107081266,22.5666666666667,11012.567258991,67.2
2022-01-29,32.1454545454545,27.2133289966535,23.7666666666667,15180.1938146853,6
2022-01-30,34.2090909090909,27.5951371575285,22.7333333333333,19277.866969031,2.2
2022-01-31,34.625,29.2312581459759,23.7,25150.7866491009,0
2022-02-01,33.7428571428571,28.5436297390553,25.625,15243.9996593407,2.4
2022-02-02,35.3222222222222,29.5130026026605,24.975,18384.9408479021,1.4
2022-02-03,34.425,28.786813973064,24.86,17872.9503382867,11.8
2022-02-04,34.06,28.4155130330662,24.125,15538.8026950549,0
2022-02-05,31.4416666666667,26.2034404212937,23.275,11119.4401910589,1.2
2022-02-06,33.3416666666667,26.5139975745295,21.6833333333333,19847.6455879121,1.2
2022-02-07,31.85,26.5664593136332,20.8333333333333,16571.2045576115,3.2
2022-02-08,32.7181818181818,27.1105805932419,21.9333333333333,18136.6196480284,0.6
2022-02-09,32.9,27.0317160216327,21,21949.4630274725,0
2022-02-10,34.1111111111111,27.6220816851037,21.5333333333333,26400.9052411339,0
2022-02-11,33.325,27.4179210830541,21.4,25263.5409410589,0
2022-02-12,33.4888888888889,27.086576771824,21.55,25035.6112788462,0
2022-02-13,33.0454545454545,27.4642236457396,23.58,19982.079,5.8
2022-02-14,31.44,26.194534544403,23.75,17520.0447227772,14.4
2022-02-15,31.7545454545455,25.959055316664,23.15,14082.2213942308,38.6
2022-02-16,33.2307692307692,28.077554866631,24.125,19021.3552473776,5.2
2022-02-17,32.13,26.888691352343,23.22,15855.6588583916,3
2022-02-18,34.5666666666667,29.2136757378424,24.0166666666667,22306.829326049,0
2022-02-19,33.9166666666667,28.3733269093614,24.1333333333333,17534.1948881119,6.4
2022-02-20,32.6916666666667,27.7322180743233,23.04,20196.1779938811,0.2
2022-02-21,34.5666666666667,27.9413122925763,23.5666666666667,18101.2837706044,5.2
2022-02-22,33.6272727272727,30.4230725650612,25.1,9312.73874733355,0
2022-02-23,34.9454545454545,30.9475253128514,25.1333333333333,15633.9611156344,0.2
2022-02-24,34.35,27.1823529570269,24,11186.7774223938,2.2
2022-02-25,35.2583333333333,27.1356518210051,22.9,15409.2863451548,22.4
2022-02-26,38.2111111111111,32.7891620367936,28.825,23895.1835270759,0
2022-02-27,39.3833333333333,30.5197772942188,26.0666666666667,20129.8011456852,1.2
2022-02-28,35.9666666666667,28.7524744407639,25.0333333333333,13087.4821008991,0.6
2022-03-01,36.4,28.932046535336,24.8428571428571,19040.7918803039,10.6
2022-03-02,36.3090909090909,30.3414537314537,25.45,13580.7796856893,0
2022-03-03,36.95,29.3971285607397,25.8,14438.5245864503,1.6
2022-03-04,35.2625,29.9079593178494,25.3333333333333,18973.6428783716,0
2022-03-05,35.4777777777778,28.2661834233656,24.1333333333333,20026.2865343407,1
2022-03-06,34.3875,29.4155687084719,25.6444444444444,21343.0517832241,0
2022-03-07,36.9,31.1527504085749,25.95,24019.5426971558,0
2022-03-08,37.42,29.6798423060391,24.05,22565.661703047,3.6
2022-03-09,34.5125,29.4585266034202,25.55,21717.0384876374,0
2022-03-10,35.0545454545455,29.7285563559248,23.95,22681.9689625889,0
2022-03-11,35.5363636363636,29.5484198772242,24.55,22363.9825410839,12
2022-03-12,35.0125,28.7372424219299,23.9333333333333,20014.0553035714,0
2022-03-13,31.2,25.5007330590758,23.5333333333333,8846.13985707675,65.8
2022-03-14,27.05,24.2999958655577,23.4,4325.72228389258,66
2022-03-15,28.0333333333333,24.1914109347443,22.25,7942.08445654346,36.8
2022-03-16,28.9142857142857,26.3900124289291,23.95,14510.9955936784,0.4
2022-03-17,31.73,26.4292499912012,23.25,10736.7528873626,68.4
2022-03-18,30.1,26.2369028779862,23.9,11439.1921468531,7.2
2022-03-19,31.3714285714286,27.5241135519327,24.775,14686.8017284701,0
2022-03-20,32.825,27.6290464668182,24,17503.8172596154,0
2022-03-21,32.8,26.7324922508793,21.54,19065.6221299142,0
2022-03-22,32.9857142857143,26.2398404196277,20.15,22651.9037191999,0
2022-03-23,32.7727272727273,25.5883758281014,19.9,18479.717386606,0
2022-03-24,32.2090909090909,25.5363840515545,20.7333333333333,18224.0940063025,0
2022-03-25,32.6714285714286,27.0184933942998,23.2666666666667,13323.6205771361,2.4
2022-03-26,31.3,25.5966527577361,21.7333333333333,10824.0747178851,1.2
2022-03-27,33.2818181818182,26.8770903517779,21.08,20056.9020315126,0
2022-03-28,32.8416666666667,26.9800303953293,21.95,22399.5278687342,0
2022-03-29,32.8727272727273,27.3601147694898,22.1833333333333,23373.3000373377,0
2022-03-30,36.0727272727273,26.0901261061633,18.1333333333333,23890.8442342437,0
2022-03-31,35.7333333333333,26.2144189364928,17.6333333333333,23847.6155350679,0
2022-04-01,34.7,27.4517621359105,22.4,23039.313009395,0
2022-04-02,33.6454545454545,26.8344440523245,21.84,15875.0220161089,0
2022-04-03,34.2416666666667,27.4277152151877,21.8333333333333,20976.1010324822,0
2022-04-04,33.525,27.3987081668332,23.175,15836.7588337912,0
2022-04-05,34.3454545454545,27.6094147757857,21.75,20017.7504217033,0
2022-04-06,34.0153846153846,26.8049132329024,20.85,20605.6092445055,0
2022-04-07,34.01,26.9837973225605,21.65,17993.9212875287,0
2022-04-08,34.1666666666667,27.9576256813362,23,17972.0553214286,0
2022-04-09,34.7,27.4276104716796,22.65,17821.7144537007,0
2022-04-10,33.64,32.7133660894661,30.7285714285714,13903.0006176471,0
2022-04-11,30.125,25.7620900311809,23.6333333333333,7049.76011206441,39.4
2022-04-12,31.4909090909091,26.7238036170179,24,15306.8773691823,2.2
2022-04-13,31.9071428571429,27.5127124942958,24.85,16914.707643969,1.2
2022-04-14,28.88,24.5660967586774,21.9428571428571,10151.0834565052,10
2022-04-15,28.7285714285714,23.3930956694272,20.55,9275.3666591864,9
2022-04-16,31.1166666666667,27.4733169827249,20.55,17576.6941280705,27.1
2022-04-17,29.6846153846154,24.5321030312789,20.95,12537.4910473497,9.4
2022-04-18,30.2230769230769,24.5075658839369,21.25,12380.640073691,3.6
2022-04-19,31.2454545454545,25.3687136592722,20.74,14116.3655773271,0
2022-04-20,30.95,26.2910479767817,22.9,10383.344768746,8
2022-04-21,27.26,24.4870393629129,23.4,4005.02431662455,62.4
2022-04-22,28.95,24.2923394691058,21.1,7262.66459340659,75.2
2022-04-23,28.1,25.368266371581,23.81,8245.70281051302,8.6
2022-04-24,29.1833333333333,25.4356796246082,23.6285714285714,6822.51281047629,52.2
2022-04-25,NA,NA,NA,0,0
2022-04-26,NA,NA,NA,0,0
2022-04-27,NA,NA,NA,0,0
2022-04-28,NA,NA,NA,0,0
2022-04-29,NA,NA,NA,0,0
2022-04-30,NA,NA,NA,0,0
2022-05-01,NA,NA,NA,0,0
2022-05-02,NA,NA,NA,0,0
2022-05-03,NA,NA,NA,0,0
2022-05-04,NA,NA,NA,0,0
2022-05-05,NA,NA,NA,0,0
2022-05-06,NA,NA,NA,0,0
2022-05-07,NA,NA,NA,0,0
2022-05-08,NA,NA,NA,0,0
2022-05-09,25.65,25.6083333333333,25.5666666666667,237.936,0
2022-05-10,26.5,24.053822424419,21.6,3051.64602690692,55
2022-05-11,28.7714285714286,24.7229274117356,22.7666666666667,7890.1820921505,3.8
2022-05-12,31.4916666666667,25.6922228816584,21.3,12325.4812211538,0
2022-05-13,31.51,24.9273746705065,20.6333333333333,15068.1955289196,0
2022-05-14,31.6272727272727,25.5558288773806,20.6,16664.7590980343,0
2022-05-15,32.98,25.4082988720217,19.0333333333333,17294.9824519231,0
2022-05-16,32.5,24.3093637420499,18.6,18414.0307552448,0
2022-05-17,32.475,24.7727980956242,19.35,18224.0767481269,0
2022-05-18,31.6083333333333,24.5396998790683,19.4333333333333,14674.899974621,0
2022-05-19,31.24,25.0362483578692,21.2333333333333,13775.846949051,0.4
2022-05-20,30.3727272727273,25.3294843434953,21.9,15108.9955521978,5.4
2022-05-21,30.6461538461538,24.6512652220465,20.6333333333333,15808.7383434066,0
2022-05-22,29.8333333333333,24.2184280182378,19.65,13865.6049196833,0
2022-05-23,30.69,24.6563692601725,20.65,10969.5680643988,0
2022-05-24,28.13,23.3101609260305,19.05,11181.0222239011,0
2022-05-25,30.97,23.9615953920418,18.35,14343.1636824426,0
2022-05-26,29.9,22.6400571477134,16.9,14058.9795876623,0
2022-05-27,30.3375,21.5525743435052,15.48,15323.4066334915,0
2022-05-28,29.375,21.112493480204,15.8,15063.473669955,0
2022-05-29,29.1083333333333,22.4847566351777,17.45,17635.1568201798,0
2022-05-30,28.7875,22.5892730880231,17.2166666666667,17235.1053114018,0
2022-05-31,31.5909090909091,22.8626856072169,17.275,16171.8704117133,0
2022-06-01,29.975,22.7110978030333,17.45,11972.9427191852,0
2022-06-02,31.1555555555556,22.720919176403,17.65,15137.5130313437,0
2022-06-03,30.6,22.587396899598,16.6,15334.6671705794,0
2022-06-04,30.46,22.7315963579245,18,13292.9814987953,0
2022-06-05,29.69,23.8529331370384,20.4,8701.36186504672,4.4
2022-06-06,28.8,24.4050398785997,21.9333333333333,7027.38528708791,6
2022-06-07,31.8416666666667,25.2940296740297,22.0333333333333,12032.5426033966,0
2022-06-08,29.2777777777778,23.6089054688002,18.4,13142.7075041209,0
2022-06-09,27.325,21.4954644111675,15.7333333333333,16332.2451331169,0
2022-06-10,26.0727272727273,19.3502326319514,12.75,15833.407249596,702.8
2022-06-11,26.5444444444444,18.7528920558286,12.8333333333333,16306.350728022,0
2022-06-12,27.9307692307692,20.3442439753229,14.8,17233.1736558662,0
2022-06-13,27.7357142857143,19.8589136855208,13.5333333333333,16545.3801575924,0
2022-06-14,26.9666666666667,22.5200772703999,18.15,12018.2944268232,0
2022-06-15,28.3909090909091,22.7911277348383,17.6,10577.7638818681,0
2022-06-16,30.08,24.6649837692501,21.35,11575.4470958747,0
2022-06-17,27.2583333333333,22.6262454241665,17.94,9326.03591895604,0
2022-06-18,28.12,22.7505038265828,19.45,10857.2525355894,0
2022-06-19,27.4923076923077,21.5303037327256,16.64,14372.1743301551,0
2022-06-20,27.2777777777778,21.921378833932,17.95,11350.7870274725,2
2022-06-21,27.4454545454545,22.1345155241584,19.9833333333333,10328.7097256494,2.2
2022-06-22,26.1,22.05674143317,19.85,11712.0815689237,0
2022-06-23,27.4222222222222,22.5987046287046,19.75,12816.6897343245,1.2
2022-06-24,26.8625,21.7831704798824,17.15,10792.7756343656,0.6
2022-06-25,29.0538461538462,24.1214438185272,21.85,13304.1019078054,0
2022-06-26,25.13,23.2291873165149,21.95,5666.6432445055,0
2022-06-27,26.7083333333333,23.7984863652761,22.05,7511.31418535876,0
2022-06-28,23.0555555555556,21.3590042451089,19.9666666666667,4099.57234428072,0
2022-06-29,24.4,22.5846413110699,21.45,3523.09968768731,0.4
2022-06-30,24.1714285714286,22.5456350969292,21.65,3953.3716029779,49.4
2022-07-01,25.7333333333333,22.9356548271006,21.1,5099.45264010989,15
2022-07-02,28.4222222222222,23.2572767857143,20.4,12352.2666861741,0
2022-07-03,28.03,22.6457738731856,18.8333333333333,13616.2325764383,0
2022-07-04,21.225,17.8335825285825,16.65,3270.77057292707,66
2022-07-05,21.1666666666667,17.2805996625098,15.5428571428571,4361.14906168831,9.4
2022-07-06,26.0428571428571,18.0589686672348,12.85,15773.6669973776,0.2
2022-07-07,25.9857142857143,17.8902748418839,12.38,16118.8358252042,0
2022-07-08,27.1083333333333,18.4026022256729,13.2333333333333,15933.1173296703,0
2022-07-09,27.6888888888889,20.7276998819894,15.84,15259.5173903964,0
2022-07-10,26.2454545454545,18.213573406126,11.95,15528.6303616384,0
2022-07-11,25.2090909090909,17.1458644625051,11.3166666666667,16278.049653971,0
2022-07-12,27.01,18.9039717855244,13.65,15832.3933149351,0
2022-07-13,26.125,18.1945655048655,10.14,16526.7898003247,0
2022-07-14,24.275,18.3084993223151,10.1,16326.2915480769,0
2022-07-15,23.8181818181818,19.423444348205,15.2714285714286,13721.8067802198,4.4
2022-07-16,26.27,21.4932918470418,17.8,13463.2187747253,4.2
2022-07-17,26.4769230769231,21.2746920970308,16.8,12220.6950785611,0
2022-07-18,26.9545454545455,19.969211246791,13.98,12700.5928029471,0
2022-07-19,27.65,19.6884331341173,14.25,17269.1310575674,0
2022-07-20,28.4714285714286,22.1642993030361,17.6,12403.7166510989,0
2022-07-21,29.6909090909091,22.4116611860362,16.0666666666667,16240.5564805195,0
2022-07-22,28.3454545454545,21.6640774622629,15.2,16888.5080300949,0
2022-07-23,28.5,19.5140970967567,12.95,17671.510476024,0
2022-07-24,27.7285714285714,20.9758347887337,16.35,13637.660114011,0
2022-07-25,27.625,21.98751109709,17.72,13558.876089036,0
2022-07-26,29.01,21.2524687096529,15.3333333333333,13108.2313742507,0
2022-07-27,28.83,22.1863620823621,17,17941.7939230769,0
2022-07-28,26.7888888888889,21.0353752182161,15.2,17043.4275512135,0
2022-07-29,26.98,21.7114875662532,17.2,17280.7221083916,0
2022-07-30,27.775,22.8547483040586,20.35,14793.2731085165,0
2022-07-31,26.7888888888889,22.381348229317,19.55,7963.99400824176,0
2022-08-01,25.9,22.3600317305156,20.1,6992.89823301698,0
2022-08-02,29.5636363636364,22.2716907166907,17.5333333333333,14102.028857018,0
2022-08-03,29.1416666666667,23.7299715269299,18.25,15051.3503665085,0
2022-08-04,29.7416666666667,23.3744623242919,18.7833333333333,12804.9435366839,0
2022-08-05,30.875,24.2194777324125,18.25,18639.4270744256,0
2022-08-06,30.9727272727273,24.4285242773952,20.4,17160.3584936314,0
2022-08-07,28.7166666666667,22.8949918046929,18.98,8362.68545342158,0
2022-08-08,27.3285714285714,23.4196567895706,21.04,6197.98711963037,0
2022-08-09,23.9222222222222,19.0916355571143,13.58,7410.99655244755,0
2022-08-10,27.05,22.1456945389126,19.04,15555.1903936064,0.4
2022-08-11,28.0916666666667,23.1976317447984,19.84,15090.9441926823,0
2022-08-12,29.47,21.7260311476718,15.75,17343.7623629018,0
2022-08-13,29.9230769230769,21.9230483166773,15.4833333333333,19266.399375,0
2022-08-14,28.9230769230769,21.6309219435535,15.4833333333333,19329.3649120879,0
2022-08-15,29.0083333333333,20.7017173538267,14.05,18603.4347973277,0
2022-08-16,28.7,19.1015389735925,10.1,20514.5045509491,0
2022-08-17,27.3846153846154,17.770193374334,11.34,20590.6172884615,0
2022-08-18,26.65,18.27941103049,12.1,16816.7989697802,0
2022-08-19,28.5545454545455,19.9249374901719,13.05,20386.7966943057,0
2022-08-20,28.5222222222222,20.5653724024513,14.4,19970.6966418581,0
2022-08-21,27.075,21.4011270673771,15.5,13898.5362938312,0
2022-08-22,28.0307692307692,21.8316900239241,15.7,15525.852785964,0
2022-08-23,30.5666666666667,21.6197866109585,14.8,20937.0177619072,0
2022-08-24,30.0846153846154,22.7917175864757,17.5,20586.2341532218,0
2022-08-25,26.2785714285714,21.494301180498,16.5166666666667,18376.4186422328,0
2022-08-26,26.8222222222222,23.2435468682379,20.85,15766.1361098901,0
2022-08-27,27.2,23.3969283710117,21.44,8504.30090934066,13
2022-08-28,24.05,22.6428312154238,21.64,2449.41436963037,4
2022-08-29,26.2,23.7328427957738,22.3,6909.77948701299,2.8
2022-08-30,27.7,23.3567981986802,20.7444444444444,9913.01781181319,3.2
2022-08-31,28.9142857142857,24.1042517959094,20.7666666666667,16280.5163933273,0
2022-09-01,28,24.1850407364171,21.9,11821.9057823427,10.8
2022-09-02,25.7285714285714,23.7832080200501,22.55,4973.00773676324,17
2022-09-03,29.0375,22.6995289855072,16.75,12337.7596483516,0.4
2022-09-04,27.0583333333333,20.3914438936213,15.15,20783.3198608891,0
2022-09-05,26.41,22.3070269024957,19.1428571428571,11247.183286963,0
2022-09-06,28.3888888888889,23.8125031751195,20.05,12807.200577048,1
2022-09-07,28.625,22.8645603273795,18.6,14424.4491057692,0
2022-09-08,30.01,24.3687627679034,18.84,21716.2667478992,0
2022-09-09,30.6166666666667,24.5906169547299,19.4,20689.8381338661,0
2022-09-10,31.55,24.9501684814588,19.8333333333333,19844.9365043927,0
2022-09-11,30.7444444444444,25.0171980619853,20.7833333333333,20197.0488109317,0
2022-09-12,30.4444444444444,24.9155812786248,18.85,20794.7240203987,0
2022-09-13,30.2888888888889,24.4635582974945,18.975,22530.8306964286,0
2022-09-14,29.5909090909091,23.7181961862015,18.5333333333333,16752.4029279471,0
2022-09-15,30.3888888888889,25.123173412363,19.95,20334.6022851487,0
2022-09-16,31.3071428571429,24.4745825817701,19,22916.3811655844,0
2022-09-17,32.59,25.9510003586616,21.05,22439.3456077672,0
2022-09-18,33.5666666666667,28.164027519198,24.65,21829.8895425824,1.6
2022-09-19,31.37,25.226691869534,20.24,17316.2883803917,0
2022-09-20,33.3,25.9391977732669,20.65,22729.3997029221,0
2022-09-21,32.85,25.6493824012245,20.0833333333333,22745.768837038,0
2022-09-22,32.0818181818182,26.5461835972669,21.9666666666667,22675.5235701798,0
2022-09-23,31.7083333333333,25.7582439376342,20.42,19248.2242362637,0
2022-09-24,31.9333333333333,25.4495774693143,20.35,20720.5133252997,0
2022-09-25,32.2444444444444,25.5245161037793,20.6,22180.5815360889,0
2022-09-26,30.9,24.716240851254,19.7833333333333,14885.69740497,0
2022-09-27,31.7416666666667,25.1961260357999,20.45,21074.8385315934,0
2022-09-28,31.7909090909091,26.0308597161646,22.15,17090.3797212861,0
2022-09-29,31.375,24.7605775407388,18.1333333333333,22557.4611398601,0
2022-09-30,31.3076923076923,24.8303159599863,18.2,20709.2703543956,0
2022-10-01,30.7909090909091,24.6663591613065,18.3,20795.3176813187,0
2022-10-02,30.775,25.2650498082835,19.75,21550.4876126374,0
2022-10-03,31.3888888888889,25.3569686476718,20.9,19341.6100485764,1
2022-10-04,31.6333333333333,25.3419296916851,21.25,17369.1728282967,1.6
2022-10-05,30.05,25.0910538515858,21.05,11719.4321333666,1.2
2022-10-06,31.1076923076923,25.8424445217704,21.7666666666667,14304.8432165335,3.6
2022-10-07,31.6833333333333,26.1582856344654,22.05,15397.8139866384,1
2022-10-08,30.8285714285714,25.3771575179207,20.45,14853.7552510504,0
2022-10-09,32.6076923076923,26.4880299875563,21.65,20033.2406002747,0.2
2022-10-10,30.9545454545455,26.1611512879482,21.45,14368.410032967,0
2022-10-11,32.825,26.9026777728444,22.7571428571429,19293.7091488879,1.6
2022-10-12,31.675,26.1526767194159,22.6,16496.0790824176,3.6
2022-10-13,30.4846153846154,24.7668692274161,20.65,16504.6961332418,1
2022-10-14,31.3,24.5462469862873,19.5,17082.2196280705,0.4
2022-10-15,32.8333333333333,26.0193241582978,20.65,22570.5028173077,0
2022-10-16,32.2142857142857,25.7810245021183,20.7333333333333,23500.5512656608,0
2022-10-17,32.55,26.2020443049014,20.85,23275.1137376374,0
2022-10-18,33.0666666666667,26.1233942314995,20.8,21493.5811944306,0
2022-10-19,33.8181818181818,27.929309225573,22.75,18402.6892714859,2.4
2022-10-20,33.07,27.378413945672,22.8666666666667,18127.5051732018,4
2022-10-21,31.4090909090909,25.5584576976054,22.15,14665.5799450549,13.6
2022-10-22,34.48,27.7634779202279,22.2777777777778,24617.8901221279,0
2022-10-23,32.1333333333333,28.7387630307045,24.2,22957.315514985,0
2022-10-24,32.1636363636364,29.1226675840499,25.7,23045.4105453297,0
2022-10-25,33.0454545454545,27.7424028573765,23.6142857142857,22642.1085048481,105.4
2022-10-26,32.8727272727273,27.8557960742961,23.4,15254.7037687313,3.4
2022-10-27,32.2777777777778,26.6947388155453,22.86,16790.8851232517,6.2
2022-10-28,33.85,27.5566337178447,22.15,22734.0728170579,1.2
2022-10-29,34.7272727272727,29.3917705618657,24.65,24521.724353022,0
2022-10-30,33.26,28.2264799993288,23.95,19039.2447707293,0
2022-10-31,NA,NA,NA,0,0
2022-11-01,NA,NA,NA,0,0
2022-11-02,NA,NA,NA,0,0
2022-11-03,NA,NA,NA,0,0
2022-11-04,NA,NA,NA,0,0
2022-11-05,NA,NA,NA,0,0
2022-11-06,30.52,30.4480555555556,30.35,2012.424,0
2022-11-07,32.4666666666667,27.2641554912479,21.7,16887.3645601972,0
2022-11-08,32.4818181818182,26.9895558768717,21.9,19319.2456835003,0
2022-11-09,31.7714285714286,26.7217946585578,21.55,18953.2777669683,0.4
2022-11-10,31.15,25.7047498248279,19.84,16356.2920386819,0
2022-11-11,32.13,26.5714316567542,20.75,22776.0664428953,0
2022-11-12,32.1555555555556,25.7898314112788,20.38,21426.5131112637,0
2022-11-13,32.6454545454545,26.8178979805724,20.4,24491.975019958,0
2022-11-14,32.8090909090909,27.683216923443,22.65,21427.5825865385,0
2022-11-15,33.2222222222222,28.0020728945995,23.5,21414.2578668831,0
2022-11-16,34.51,26.598304029304,18.95,21918.9712084166,0
2022-11-17,33.7333333333333,27.4532166739879,21.6,22930.0346486014,0
2022-11-18,34.3818181818182,28.2612273601103,22.6428571428571,24748.0759971279,0
2022-11-19,34.6090909090909,28.6423807303807,24.95,19334.3165769231,0
2022-11-20,33.625,29.2102242044572,24.9428571428571,19292.0678631369,0
2022-11-21,34.9571428571429,28.4969226288758,24.2,16282.1209770303,0
2022-11-22,35.7545454545455,28.9279851177192,23.3,22555.3620741758,0
2022-11-23,35.05,28.444739241151,23.55,19185.5079529221,0
2022-11-24,35.24,28.8442546790127,25,16646.5904408092,0
2022-11-25,33.69,27.8505503043965,23.55,13207.9264679071,0.6
2022-11-26,34.4545454545455,28.3187559292559,24.14,19875.2531776973,0
2022-11-27,33.4923076923077,28.0711031337755,24.34,15379.9989406843,3.2
2022-11-28,33.7909090909091,27.2019995341538,23.7428571428571,14006.2613968531,2.8
2022-11-29,34.0666666666667,27.0633769405198,23.5,14938.7927195305,60.8
2022-11-30,33.4375,25.7798972681359,23.35,10385.7440712817,70.2
2022-12-01,30.1125,25.5473851674641,21.25,13134.9722161588,0
2022-12-02,31.0222222222222,25.9824913123493,20.84,17417.8136193806,0
2022-12-03,30.76,26.0266150603782,21.4333333333333,13635.3607338911,0
2022-12-04,31.9428571428571,25.5793242868243,20.0333333333333,15619.8794217033,0.2
2022-12-05,33.0636363636364,26.1348408624472,19.54,25600.6928617632,0
2022-12-06,33.5375,26.081486830421,19.1333333333333,26834.1121128871,0
2022-12-07,33.3444444444444,26.3540507040241,19.85,26499.7882127872,0
2022-12-08,32.4181818181818,26.4223992555907,21.05,26484.8168200549,0
2022-12-09,32.14,28.2896269471269,24.66,22449.0687118984,0
2022-12-10,33.925,28.2777789547617,23.4571428571429,18656.8853631369,1
2022-12-11,34.3416666666667,28.5812547086483,22.5333333333333,22648.9762667333,0
2022-12-12,34.2444444444444,28.8074471624055,24.15,18748.0931263736,0
2022-12-13,31.9571428571429,27.8127143090827,24.2,13572.014949051,0
2022-12-14,34.9818181818182,29.21191529231,24.3333333333333,22416.0322293956,0
2022-12-15,35.6733333333333,29.2883513406883,23.6333333333333,23855.6194299524,0
2022-12-16,34.4384615384615,29.3699368995202,24.9,21756.4541065185,0.4
2022-12-17,32.8666666666667,26.6501185619936,23.95,13770.1266821928,15
2022-12-18,31.13,26.5341951058201,23.75,13808.3081620879,14.8
2022-12-19,31.8307692307692,25.4986925697759,22.9,11454.335586039,12
2022-12-20,29.0142857142857,25.0102527213125,23.15,10513.5623660898,31.2
2022-12-21,29.62,25.5190461059408,22.25,11437.3661865708,2.2
2022-12-22,30.1625,26.5097027730723,23.1,9995.08917857143,0.4
2022-12-23,31.7,27.5426106433249,24.55,9799.50049825175,0.4
2022-12-24,32.7,27.826842953343,24.25,16345.1649611565,3.4
2022-12-25,31.2111111111111,26.5027852830439,23.44,11409.1356705794,2
2022-12-26,32.6363636363636,26.0344620026438,23.5444444444444,9893.32450012488,23.6
2022-12-27,30.1555555555556,25.3129010270775,23.25,9059.11339867486,17.8
2022-12-28,30.2230769230769,25.390021869832,22.9,8900.51397527473,11.8
2022-12-29,32.4076923076923,26.8800403612088,23.1,13391.1763573853,13.6
2022-12-30,33.99,26.619622374539,21.2333333333333,16812.7037024079,14.2
2022-12-31,34.24,27.5767237232754,22.75,18062.3776674575,7.6
2023-01-01,33.4375,27.9918425635667,24.4,18342.7813896838,0
2023-01-02,34.5,27.1344545538441,23.65,13132.6066423576,16.4
2023-01-03,32.67,26.6290738239812,23.85,12799.1583049451,10.6
2023-01-04,31.67,26.5034540786011,23.65,15909.9972682318,24.4
2023-01-05,31.7666666666667,27.9527713602187,24.7333333333333,12343.3836186167,2.6
2023-01-06,31.63,26.8162414940896,23.3,10278.4830374625,12.6
2023-01-07,32.1285714285714,26.4864104810533,22.75,11640.123,16.8
2023-01-08,33.4272727272727,27.7218086522757,24.04,16785.0001207542,0.8
2023-01-09,34.5909090909091,28.6623982944766,24.8,19087.1856533467,0.8
2023-01-10,32.3666666666667,28.0310141280677,24.7375,13852.3746565934,0
2023-01-11,33.6583333333333,28.7377337683452,24.94,22235.8905198551,0.8
2023-01-12,33.5833333333333,27.3973960099244,24.25,16660.4268697552,26.8
2023-01-13,31.0272727272727,26.0281680520605,24.05,8454.6766505994,27.8
2023-01-14,31.8444444444444,26.9796218433581,24.14,12093.3689535465,3.6
2023-01-15,32.5846153846154,28.368907037407,25,18833.4132969971,11.2
2023-01-16,33.1,28.2644976082476,24.65,19022.7024436813,23.4
2023-01-17,34.0333333333333,27.4104467449522,24.4333333333333,12496.0429915085,59.6
2023-01-18,28.775,25.3133385093168,23.6333333333333,5171.39130756743,21.4
2023-01-19,30.83,26.3951065570903,22.1428571428571,11651.2964642857,0
2023-01-20,33.1416666666667,26.9810394707949,21.45,18004.4070265323,0
2023-01-21,33.0545454545455,26.8115298888686,22.34,19234.7320957792,2
2023-01-22,32.4166666666667,27.1210309310572,22.65,15443.0553502747,0.4
2023-01-23,32.4461538461538,26.8749145268651,22.14,22810.4323435315,0
2023-01-24,33.3111111111111,27.3348675272096,22.04,18739.6304213287,0.8
2023-01-25,34.3888888888889,27.9720803533588,23.7166666666667,17921.6783399101,2.8
2023-01-26,33.4636363636364,28.2720209965473,24.25,19568.7191363636,2.2
2023-01-27,33.275,27.5105688314211,24.8,12064.0829183096,44.2
2023-01-28,32.9454545454545,27.8590985192344,24.82,15960.3223722527,18.4
2023-01-29,33.5285714285714,27.5081647981648,23.6666666666667,15910.2404291958,50.2
2023-01-30,32.67,27.5116271968772,24.65,12234.6315098504,6.4
2023-01-31,33.2076923076923,28.6197268304981,25.8333333333333,17555.7797551419,0
2023-02-01,34.7642857142857,29.8061637134795,26.0428571428571,16036.8399373127,0
2023-02-02,35.37,30.2599569757728,26.5111111111111,20416.6735672195,0
2023-02-03,33.8272727272727,29.0307157395744,24.9333333333333,20147.1252750485,9.4
2023-02-04,33.8833333333333,28.7018181417348,25.55,14571.3411484765,27.8
2023-02-05,33.14,28.5904202032535,25.34,15243.9578526474,33.4
2023-02-06,32.9,28.3365789332196,24.05,15607.6042984148,2
2023-02-07,34.8454545454545,29.1010199594965,24.65,17586.4826339249,0
2023-02-08,35.0153846153846,28.8907544952093,23.6,19194.5781239496,1.2
2023-02-09,35.3416666666667,28.6512488114295,24.94,16461.8962005495,3.8
2023-02-10,31.5888888888889,26.8868629561653,23.7428571428571,13138.2633847403,1.4
2023-02-11,34.0909090909091,28.1971544258211,22.7333333333333,21310.1481790195,0
2023-02-12,34.3,28.3058942399673,23.8,20442.9485784216,0
2023-02-13,33.7833333333333,27.9390369683227,23.55,11998.0472858392,0
2023-02-14,33.0857142857143,27.5902582819072,22.65,11739.1541620879,14.2
2023-02-15,32.4363636363636,25.7074330631915,22.4333333333333,7540.81145916583,44.2
2023-02-16,26.75,24.6012505087505,23.1571428571429,2371.14213149351,39.6
2023-02-17,27.93,24.9556500802568,23.4333333333333,5610.11886213786,22.4
2023-02-18,32.9538461538462,27.6094201524971,23.44,18695.9923351648,1.6
2023-02-19,31.4,25.4247753067639,22.44,11834.8038255495,10.8
2023-02-20,32.9222222222222,26.4303593507941,22.225,17437.8000584416,3.6
2023-02-21,33.65,27.13071153408,23.6666666666667,14715.3701493506,4
2023-02-22,30.775,25.1406457278985,22.7,12421.8198705045,4
2023-02-23,32.3875,27.2055034379201,23.4,15989.8103638861,0
2023-02-24,32.28,26.3884181599841,23.25,13588.6503869439,37.8
2023-02-25,29.4384615384615,25.3544389322798,23.74,9868.66868817212,59.4
2023-02-26,30.1,25.692783953635,23.4428571428571,9851.20631868132,22.8
2023-02-27,32.75,26.9578192102016,23.0333333333333,15330.5321642108,0.8
2023-02-28,33.8636363636364,27.3245032524294,23.05,18506.433042957,3.4
2023-03-01,33.5111111111111,26.740933747539,20.675,20878.6390579421,0
2023-03-02,34.8692307692308,26.5780500228938,19.6,24426.8633401598,0
2023-03-03,33.54,28.1856610919944,23.55,24251.2804697802,0
2023-03-04,32.63,27.1909660559079,23.1666666666667,15531.3969635365,6.4
2023-03-05,28.8909090909091,24.633581512196,23.55,5925.45958916084,214.2
2023-03-06,30.22,26.105743842878,23.75,10650.0134496753,2.8
2023-03-07,32.46,27.155704705788,24.04,15909.6476085165,14.2
2023-03-08,30.925,30.4736231361231,30.0111111111111,4560.70151785714,0
2023-03-09,31.9,27.7490279361162,23.2333333333333,11634.9147147999,0
2023-03-10,34.7,28.2710565300888,23.85,23781.0597450564,0
2023-03-11,34.9090909090909,28.5836518464278,24.24,22775.0489251998,0
2023-03-12,33.84,28.8679581934919,24.45,23524.5533479315,0
2023-03-13,33.3555555555556,28.1780196987781,23.6,19075.7035347153,0
2023-03-14,35.3833333333333,28.4056180388598,23.1444444444444,19375.5311733267,0
2023-03-15,34.575,28.1513778582529,22.65,20128.2665014177,0
2023-03-16,34.1846153846154,28.1799704403162,23.25,20163.745467033,0
2023-03-17,34.22,27.5933164353377,22.95,17800.421899975,3
2023-03-18,33.21,27.2192917008086,24.0666666666667,16353.6880865385,19.2
2023-03-19,30.9111111111111,26.2530604541657,22.9,12217.1660980123,4.8
2023-03-20,32.8230769230769,27.2778178512049,23.7428571428571,16250.0335331066,12.4
2023-03-21,29.38,24.5818510760446,23.15,5447.3279568887,58
2023-03-22,30.975,25.3797596385096,23,10912.5923275695,24.6
2023-03-23,30.9666666666667,26.0340925888532,22.3666666666667,11324.985877997,9
2023-03-24,31.0166666666667,25.3742206023525,21.64,15131.854423951,11.6
2023-03-25,32.33,26.3237130133904,21.4333333333333,20463.6956032717,0
2023-03-26,32.6,26.8344860888812,21.1,20154.9361520979,0
2023-03-27,33.2090909090909,26.2509257999684,20.6,20348.3374873876,0
2023-03-28,32.77,26.4469006664886,21.4333333333333,21661.7293344156,0
2023-03-29,33.1454545454545,26.5068305644972,21.6,15877.1447884615,0
2023-03-30,33.8230769230769,27.1363885145862,21.8444444444444,20180.4030852897,0
2023-03-31,32.5846153846154,27.0764789829397,23.6,18230.5696243756,0
2023-04-01,32.75,27.4963905986487,22.75,19715.7616071429,0
2023-04-02,33.2307692307692,28.1055229554396,23.6666666666667,17679.8239440559,0
2023-04-03,34.11,27.1397770828206,22.15,18231.4994162088,0
2023-04-04,35.1333333333333,28.2059597660404,23.75,19281.477510989,0.2
2023-04-05,34.99,28.0508161104129,22.7,18167.0121791958,0
2023-04-06,34.0461538461538,27.897723001636,22.8,20828.479031351,0
2023-04-07,34.375,28.3978500481,23.6,20357.3016048951,0
2023-04-08,33.8,29.2136956764301,24,19992.4868516484,0
2023-04-09,34.77,27.0694287984176,20.85,15656.1481273726,0
2023-04-10,34.48,28.7753680068335,24.04,19661.964706044,0
2023-04-11,34.1428571428571,28.0169001300118,22.7333333333333,19783.7072524975,0
2023-04-12,34.1818181818182,28.5877620912171,24.0428571428571,19678.520239011,0
2023-04-13,33.9444444444444,27.6749868679707,22.6333333333333,20197.1067774725,0
2023-04-14,33.82,28.7131424190467,23.5,19772.6402805944,0
2023-04-15,36.4285714285714,28.9526098841421,23.4333333333333,19848.2175123626,0
2023-04-16,34.71,27.7671834415584,24,12537.4370357143,13.2
2023-04-17,31.25,25.2551289993531,22.55,7789.61748026973,7.2
2023-04-18,28.6857142857143,24.6668281479572,21.6,10271.3051208791,0
2023-04-19,29.1857142857143,24.1310004669244,20.7,10333.5382495372,3.6
2023-04-20,31.6846153846154,26.8242360879861,22.8,17247.7579695378,0
2023-04-21,31.0714285714286,26.9083090579633,23.8090909090909,15630.6404691558,0
2023-04-22,30.8285714285714,25.9317635935493,23.1,14847.8033200549,24.6
2023-04-23,29.2428571428571,24.2235504893657,22.7333333333333,7169.78169391638,58.4
2023-04-24,27.5076923076923,24.4845176260937,23.05,8696.91184785068,16.4
2023-04-25,28.5,24.0578239363294,21.7857142857143,10571.4015782967,15.4
2023-04-26,30.3875,24.7247983647177,20.95,16627.0884926471,0
2023-04-27,29.95,25.6034852765438,22.65,14769.5719454296,0
2023-04-28,31.3333333333333,24.814456777141,19.55,17571.4521821928,0
2023-04-29,32.7636363636364,24.681360456673,19.05,18738.2694848901,0
2023-04-30,31.7,25.7841495263995,21.45,17057.6646654008,0
2023-05-01,32.85,25.637280102938,20.95,17359.9974876374,0
2023-05-02,32.2125,27.6331767593837,25.3,14253.9303225524,0.2
2023-05-03,30.4428571428571,25.9999762058273,23.1166666666667,11111.1622211538,0
2023-05-04,30.3461538461538,25.1729299882047,19.8333333333333,15052.0459574176,0
2023-05-05,30.7,25.4086985266196,20.64,15544.853412962,2.4
2023-05-06,31.0428571428571,26.1087042360713,22.8666666666667,13826.6698984765,0
2023-05-07,30.8933333333333,25.8855152224319,22.36,11281.7535610639,0
2023-05-08,30.2888888888889,25.6202373903236,22.8333333333333,16213.9953908591,0
2023-05-09,27.2333333333333,20.655362394915,14.05,18017.2837331933,0
2023-05-10,27.4545454545455,21.8814980350619,17.1,16463.0351231269,0
2023-05-11,28.275,24.4395315559145,21.66,10345.9299946671,1
2023-05-12,27.75,23.5666884280594,21.34,8965.57288750955,34.4
2023-05-13,28.4555555555556,24.7922273209086,22.4166666666667,12220.5510387113,0.2
2023-05-14,30.38,25.1771021697601,21.2666666666667,14037.6639053814,0
2023-05-15,31.05,25.5361743600602,21.1,13010.9289469428,0
2023-05-16,32.7545454545455,25.3128128392076,21.05,13128.2721095155,0
2023-05-17,29.62,24.3540464477383,18.94,9965.12538657666,0
2023-05-18,29.5833333333333,22.4264786513723,16.1,14787.4023183801,0
2023-05-19,28.98,20.2891352643772,13.66,17801.2897018717,0
2023-05-20,30.1,22.0515141848384,16.1333333333333,17473.8984702797,0
2023-05-21,28.4777777777778,21.9091555257608,15.85,14697.5899329421,0
2023-05-22,27.3818181818182,22.3590976384726,18.3222222222222,15843.5669140345,0
2023-05-23,27.09,22.8801289779516,20.0428571428571,12692.9919238849,1.2
2023-05-24,25.3333333333333,21.8921059858016,19.78,7761.15181318681,10.4
2023-05-25,27.0833333333333,22.4750505434282,18.85,11272.932092033,0
2023-05-26,28.925,21.3553906394531,15.3714285714286,14381.5425663087,0
2023-05-27,29.9285714285714,21.8841816522966,16.2333333333333,16749.3680869131,0
2023-05-28,29.8777777777778,21.1827864216162,15.05,14396.8280361991,0
2023-05-29,27.9076923076923,18.8347425644531,12.7,16667.023875,0
2023-05-30,27.78,22.2898117540354,17.25,15892.6890576923,0
2023-05-31,28.8857142857143,23.302576509139,19.95,12782.4944038462,0.4
2023-06-01,28.5875,22.081791515502,17.5444444444444,12739.630102023,0
2023-06-02,30.175,23.4941385535269,18.95,15494.7855887201,0.2
2023-06-03,30.4166666666667,24.6699781144781,21.75,11347.3894148352,18.6
2023-06-04,28.9,24.5281195178105,22.2333333333333,10596.1160934066,2.2
2023-06-05,28.7285714285714,24.6135507728986,22.35,11238.4391635864,0.8
2023-06-06,26.1166666666667,23.3599001248439,21.9428571428571,6706.08046453546,11.2
2023-06-07,29.4222222222222,24.0677413697414,19.4833333333333,15098.1335631868,0
2023-06-08,29.4363636363636,21.9427727975334,16.74,13865.3908389111,0
2023-06-09,28.69,22.3718114286814,17.04,13095.1213444056,0
2023-06-10,27.56,22.749391574609,20,10703.1807534965,3
2023-06-11,28.5,23.3349006728039,20.45,12355.3690343407,0.4
2023-06-12,30.3416666666667,23.3782688735614,19.2714285714286,12732.0379450549,0
2023-06-13,27.8153846153846,22.000750557686,18.25,10204.2152303946,0.2
2023-06-14,30.3111111111111,22.237167262562,17.15,13165.663293956,0
2023-06-15,29.2090909090909,22.8519423720488,18.2333333333333,13071.2877832168,1.8
2023-06-16,30.4266666666667,23.4943434709369,19.2,14324.9592808442,0.4
2023-06-17,28.77,22.3657470934084,19.0333333333333,9073.93064010989,2.2
2023-06-18,28.3857142857143,21.4970834779877,16.75,9593.30696953047,0
2023-06-19,29.3166666666667,21.6620047554784,16.44,14391.6795956543,0
2023-06-20,29.35,21.8347248053365,16.5333333333333,13423.1737972469,0
2023-06-21,30.1857142857143,22.2636437043859,17.95,12228.8822558251,0.2
2023-06-22,28.7285714285714,22.3177123299406,17.9333333333333,7853.53102035465,0
2023-06-23,29.7375,21.1942335383914,15.55,13905.1566590909,0
2023-06-24,30.01,22.8508105140474,18.08,12951.8699647852,0
2023-06-25,30.1777777777778,22.6826718275937,18.1,14190.5872211538,0
2023-06-26,28.4888888888889,22.4934787080532,17.98,12268.3641829421,0
2023-06-27,30.0222222222222,22.7452923118548,18.2166666666667,15516.7882466063,0
2023-06-28,30.9555555555556,21.9685347462995,16.0285714285714,13988.4975376609,0
2023-06-29,30.85625,22.0823526137605,16.98,15562.3809077173,0
2023-06-30,29.6555555555556,23.7749847254195,20.5333333333333,13173.4337641109,10.6
2023-07-01,26.9,21.8321192790795,20.5,5880.02298326673,21.2
2023-07-02,28.1416666666667,22.9414935461364,19.65,10708.0178657592,7
2023-07-03,25.35,23.5481123166566,22.8333333333333,2941.97406031469,29.2
2023-07-04,29.87,24.913435777743,22.2,8261.61215585885,1.6
2023-07-05,29.4,24.479545262657,21.2,9237.23152522478,1
2023-07-06,31.9142857142857,25.8074574682424,22.7428571428571,12647.415831044,3
2023-07-07,27.9571428571429,21.5389192020644,17.4,10730.1751217532,0
2023-07-08,28.23,23.6573983939041,19.25,12464.8039126388,0
2023-07-09,26.9,22.027977383137,18.0666666666667,10057.9336933508,0
2023-07-10,27.425,23.5392822898142,21.0333333333333,13602.0162920829,0
2023-07-11,26.7888888888889,23.1847734330887,18.9,8323.04488598901,0.4
2023-07-12,28.72,23.1200436558391,19.68,11145.7474585415,3.8
2023-07-13,26.3375,22.2144965798091,19.96,10587.9873304196,15.2
2023-07-14,27.7142857142857,22.6447011174405,19.4,12716.53485502,5
2023-07-15,27.9166666666667,22.1176902553465,17.75,13078.3126090821,0
2023-07-16,26.3545454545455,21.9449599516645,19.5,10300.2551538462,23.6
2023-07-17,28.7357142857143,22.8004975493257,19.2666666666667,15633.8378957293,0
2023-07-18,28.9307692307692,23.2464422722667,18.2,16153.6617012987,0
2023-07-19,29.8571428571429,24.1093497064804,21.8,12783.4375305063,0
2023-07-20,28.4818181818182,22.876631489609,19,12890.6962402597,0
2023-07-21,28.8615384615385,21.6222326345152,15.35,12345.2757109141,0
2023-07-22,29.85,21.8556591144363,16.55,17425.9595086164,0
2023-07-23,28.7181818181818,20.694446348156,15.8,12882.2989924561,0
2023-07-24,25.3916666666667,17.6100180578229,10.15,15237.2806595904,0
2023-07-25,24.9153846153846,20.180494086292,15.4,11831.4148763736,10
2023-07-26,25.825,21.0884613694096,19.3428571428571,6763.43764898337,13.8
2023-07-27,25.57,21.5908423536513,19.1,10266.3172912088,2
2023-07-28,27.61,21.6236129871286,17.35,12979.7015975275,0
2023-07-29,26.67,22.2708305729358,19.4571428571429,12761.8248528971,0
2023-07-30,27.6375,21.9286518209922,16.2,13949.4415563187,0.4
2023-07-31,26.9142857142857,20.6119776677223,16.4,9616.27816466622,1
2023-08-01,27.0571428571429,22.0211847811988,18.8,13050.5604894958,7.2
2023-08-02,26.125,21.3152342498771,19.35,8006.82764326115,15
2023-08-03,27.2166666666667,21.7425796055796,18.8571428571429,12975.233234038,6.2
2023-08-04,26.1375,21.0898514774367,18.44,9713.50087874625,22.2
2023-08-05,25.6666666666667,21.2026464455497,17.9,11640.5107767527,0.8
2023-08-06,25.3125,20.9052419600076,16.55,12664.9939642857,0
2023-08-07,26.6875,21.4803323558162,18.4,11014.1991098901,3.6
2023-08-08,24.0333333333333,19.6915218028499,14.9,7538.62193444056,1.2
2023-08-09,25.5181818181818,21.4595287358997,19.05,11002.7102137274,12.4
2023-08-10,27.225,21.4912499008928,17.68,16402.4167810939,1
2023-08-11,27.7333333333333,21.7563196659971,17.62,15589.5581624625,0
2023-08-12,27.6545454545455,21.276683670131,16.25,16804.7618881266,0
2023-08-13,28.2,19.0003709774022,12.4,17890.2586317433,0
2023-08-14,28.7083333333333,20.2278334151229,13.7,19579.4194735265,0
2023-08-15,28.7666666666667,19.1984878484089,12,19780.7133983516,0
2023-08-16,29.2222222222222,20.0703729863886,13.5,19834.009282967,0
2023-08-17,30.5307692307692,20.3752924940557,14.3,19120.7386088911,0
2023-08-18,29.1727272727273,21.111267843846,15.25,19163.8185490759,0
2023-08-19,28.5272727272727,19.3725473050341,13.5166666666667,18923.3521655844,0
2023-08-20,26.89,21.2818358059764,15.2,18173.9256293706,0
2023-08-21,28.4363636363636,20.7702227864728,15.85,17874.0020615414,0
2023-08-22,27.9818181818182,21.5103547638704,17.0428571428571,13207.4337921196,0
2023-08-23,29.2,22.8225426887927,17.7,15734.1879532967,0
2023-08-24,28.5615384615385,23.2404789531456,20.05,15066.3579027149,0
2023-08-25,27.8625,22.5137732924802,18.94,17845.4260879121,1
2023-08-26,25.15,20.8398189532099,18.75,8207.55911463537,6
2023-08-27,27.1153846153846,22.6932065570363,19.55,18546.240247429,1
2023-08-28,27.2916666666667,21.6866109300057,16.1,14976.1602051698,0
2023-08-29,28.8636363636364,19.7595796651265,13.25,20333.8797373362,0
2023-08-30,28.9083333333333,20.5799314198533,14.4285714285714,19260.5206850649,0
2023-08-31,29.7727272727273,20.6565235948262,14.45,20969.4144512914,0
2023-09-01,30.3333333333333,21.691292093871,15.9,20920.571131993,0
2023-09-02,29.6222222222222,21.5685714079065,15.9,20942.3993409899,0
2023-09-03,29.0642857142857,21.4869597040387,15.6,20906.726765176,0
2023-09-04,29.1444444444444,21.5735423874371,15.82,21043.8055561497,0
2023-09-05,28.9,21.4277267148361,15.85,20748.2949089367,0
2023-09-06,29.4307692307692,24.5699157085112,20.2571428571429,18527.6618288917,0
2023-09-07,29.225,24.8157155741084,21.65,9915.02955948463,0
2023-09-08,28.9555555555556,24.7569649914005,21.78,11018.2978067888,0
2023-09-09,30.1444444444444,25.3691225232354,22.1,19027.4855089469,0
2023-09-10,28.95,23.914152616707,19.5833333333333,14112.7930740509,0
2023-09-11,27.27,23.031801180498,20.25,13313.5796514588,0
2023-09-12,27.7090909090909,22.53864584042,19,19251.8450578172,0.2
2023-09-13,25.9444444444444,21.910209588657,16.4833333333333,16383.7136590248,0
2023-09-14,28.11,22.7773279761175,16.25,21763.3835601972,0
2023-09-15,27.9454545454545,22.6889325315888,17.3,19791.0162052066,0
2023-09-16,28.1166666666667,22.2369546642127,16.8,17655.0970714286,0
2023-09-17,28.975,23.1718760979359,19.35,14182.997223027,4.2
2023-09-18,25.8444444444444,21.1696210573053,18.04,9337.95693543956,12.2
2023-09-19,29.175,22.7815645378014,18.2666666666667,15880.3498254246,0
2023-09-20,30.1714285714286,23.2374579075895,17.35,20535.4663497091,0
2023-09-21,31.25,21.6997530970187,13.3333333333333,22149.7654841482,0
2023-09-22,30.4416666666667,22.846568300278,16.9,20161.7710676529,0
2023-09-23,28.8416666666667,23.8328315856848,20.5,16231.3885955882,0.6
2023-09-24,28.4125,23.2440673366489,18.7,20612.6506195055,1.2
2023-09-25,26.625,21.3606821599453,18.1333333333333,14002.5168879282,1.6
2023-09-26,27.2666666666667,22.2195617189828,18.4333333333333,14656.19483504,3.8
2023-09-27,29.34,23.4789751683502,19.6,17383.1577595346,0
2023-09-28,29.4,24.207988458428,18.6333333333333,21288.4003419962,0
2023-09-29,28.5555555555556,24.0198665691034,19.35,19988.2771290474,0
2023-09-30,28.74,23.6542168986927,18.7428571428571,17009.6884279985,0
2023-10-01,29.11,22.8055076696088,17.95,18887.6075686813,0
2023-10-02,29.91,24.358128406681,19.75,19493.2255954266,0
2023-10-03,30.8222222222222,24.801077559867,20.8833333333333,19855.3656872613,0
2023-10-04,30.4357142857143,24.2829100723838,19.05,19328.4891331169,0
2023-10-05,31.6416666666667,24.5632736412524,18.45,21553.3790357143,0
2023-10-06,32.0727272727273,26.1613803997675,21.75,19736.657782967,0
2023-10-07,30.64375,25.2502228283413,21.02,18671.143335892,1
2023-10-08,28.86,22.9515463504749,19.325,15722.0932252747,3.2
2023-10-09,27.5928571428571,22.7110441400705,18.7,17483.2136098901,0
2023-10-10,29.9615384615385,23.164493605353,18.25,19195.7892206323,0
2023-10-11,30.5545454545455,25.5949644419908,21.85,23515.8316381707,0
2023-10-12,30.2111111111111,23.9567960762642,16.85,19751.3661923077,0
2023-10-13,31.6714285714286,23.157856631216,16.6,24831.188790959,0
2023-10-14,31.6285714285714,23.5811656746032,17.3444444444444,24153.1746387363,0
2023-10-15,31.74,23.4768674410081,17.4666666666667,24095.6132871687,0
2023-10-16,31.6363636363636,23.570547349063,17.15,24582.6142305562,0
2023-10-17,31.7583333333333,24.1738707964489,18.1333333333333,23079.4604163116,0
2023-10-18,30.4818181818182,26.0047453919707,20.85,19137.7671654448,0
2023-10-19,30.0454545454545,23.613908191224,17.4333333333333,17845.6659223277,0
2023-10-20,30.8,23.558843834528,17.4,22869.2073585165,0
2023-10-21,30.91,23.5425335833148,17.25,22770.9632918552,0
2023-10-22,31.0545454545455,24.0099997803123,18.15,25126.3066320885,0
2023-10-23,30.6714285714286,24.3929593699125,18.38,23356.2219766484,0
2023-10-24,30.8090909090909,24.5948084949698,18.4,23087.976135989,0
2023-10-25,30.8818181818182,24.7353815774868,19.5,24370.8984771332,0
2023-10-26,32.3090909090909,26.020735333043,19.4,24838.2544999559,0
2023-10-27,33.06,25.9823568452824,20.95,21000.0526744432,0
2023-10-28,31.35,25.2240378098805,19.1,10887.3143337912,0
2023-10-29,29.4666666666667,24.3934529949955,20.05,11010.6831648352,0
2023-10-30,30.5625,24.0818258450951,16.7,24250.3138150453,0
2023-10-31,30.5071428571429,23.3674359387657,17.04,23161.314784965,0
2023-11-01,30.77,24.2044069021995,17.3,22728.2792674825,0
2023-11-02,30.2,25.7303779241981,21.5333333333333,19150.1003665966,0
2023-11-03,31.95,25.5738130046282,20.45,18855.8286312438,0
2023-11-04,30.79,25.2315907479617,21.2333333333333,17508.9204344699,0
2023-11-05,31.1545454545455,25.5825609319758,19.94,19380.1617318123,0
2023-11-06,31.4692307692308,25.2336787030936,19.95,18717.4628240142,0
2023-11-07,29.4444444444444,25.0938068373707,20.75,9669.63401785714,0
2023-11-08,30.3692307692308,25.0476124200858,19.9,12815.8133668978,0.2
2023-11-09,31.6230769230769,25.3887197613261,20.0444444444444,16886.7496735177,0
2023-11-10,31.6777777777778,25.1436431566119,19.5666666666667,23136.468347667,0
2023-11-11,32.14,25.7478001367845,19.35,23935.4345884924,0
2023-11-12,30.7083333333333,24.2025092831145,19.1,18061.589237395,0
2023-11-13,30.825,24.4107747287435,18.55,16119.1091172504,0.2
2023-11-14,31.1538461538462,24.4184505742795,18.0333333333333,22214.3637081081,0
2023-11-15,31.4666666666667,25.8623054723055,19.55,24518.4517087912,0
2023-11-16,31.2416666666667,24.6106842952369,18.95,25794.6135400849,0
2023-11-17,30.0666666666667,25.2286619438481,20.54,24289.2328475275,0
2023-11-18,31.125,26.3586578294391,20.8333333333333,22730.6693653846,0
2023-11-19,32.3222222222222,27.0732209575295,20.85,20656.5812175912,0
2023-11-20,32.4833333333333,27.4570920014052,23.55,19717.7261826923,0
2023-11-21,31.8076923076923,27.4815253203587,23.1,14404.6382729256,0.4
2023-11-22,33.2181818181818,27.2954288811547,22.2,17339.1651687063,0
2023-11-23,32.1888888888889,26.7601999343758,23.4444444444444,11649.981658966,1.4
2023-11-24,30.5375,25.5089733355056,22.5666666666667,10856.6941628078,4
2023-11-25,32.3111111111111,26.8433866310994,23.1,17254.3516871364,0.4
2023-11-26,31.3111111111111,26.4391193321366,23.25,9686.88067893136,1.8
2023-11-27,32.6083333333333,27.3878780157041,23.3333333333333,19264.7000558559,0
2023-11-28,32.7333333333333,28.2243705931749,24.35,17583.1416809367,0
2023-11-29,33.03,28.0382583630839,24.025,20843.2711637113,0
2023-11-30,32.93,28.0164951745785,24.15,18007.8773354146,0
2023-12-01,33.6,29.2310777487182,25.3,21262.6345105042,0
2023-12-02,33.2785714285714,28.1745372028993,25.45,14721.5607415305,1
2023-12-03,33.3928571428571,28.5998887107045,24.25,19829.7733696304,0
2023-12-04,33.8071428571429,28.110596452159,23.025,23393.3288494741,0
2023-12-05,34.9076923076923,29.0901810335055,23.55,18934.9290460936,0
2023-12-06,33.7777777777778,28.1481481481481,21.45,21918.6280370879,0
2023-12-07,31.9333333333333,26.465463234682,21.45,13869.3355178571,0.4
2023-12-08,33.5714285714286,25.9707708640997,20.45,17613.0726717033,1.2
2023-12-09,32.2090909090909,26.986785623733,20.4,14996.2586051449,0
2023-12-10,34.1625,27.7112971596305,21.1222222222222,16472.5963999971,0
2023-12-11,NA,NA,NA,0,0
2023-12-12,NA,NA,NA,0,0
2023-12-13,NA,NA,NA,0,0
2023-12-14,NA,NA,NA,0,0
2023-12-15,NA,NA,NA,0,0
2023-12-16,NA,NA,NA,0,0
2023-12-17,25.6,24.4903968253968,23.7444444444444,630.876,0
2023-12-18,29.9714285714286,26.5250351213282,23.85,9050.7555989011,12.2
2023-12-19,31.3166666666667,27.1344551867885,23.3,18699.6703501278,0
2023-12-20,31.7846153846154,26.7619882865672,22.24,20652.3855336502,0
2023-12-21,32.7,28.0959159132829,24.5666666666667,20985.4998394473,0
2023-12-22,33.3545454545455,29.0398003156794,25.65,18706.1909408092,0
2023-12-23,33.8333333333333,29.8860403992662,25.97,20876.0145180481,0
2023-12-24,33.9272727272727,29.737204175941,26.45,21984.3942752248,0
2023-12-25,34.3,29.4858411460335,25.8,21479.3111826923,6.2
2023-12-26,34.07,29.2078503944163,25.5,20054.7371341159,3.2
2023-12-27,33.9,29.2725370688743,26,13212.592006993,0
2023-12-28,34.7090909090909,29.8593334956107,24.66,23270.2823682053,0
2023-12-29,34.9666666666667,29.7111554623643,24.7142857142857,25357.9364074675,0
2023-12-30,34.9454545454545,30.1588142501706,26.45,22446.7970974026,0
2023-12-31,33.9,28.8721928010261,25.525,14998.2354092599,0.4
2024-01-01,34.3777777777778,29.0068432940343,24.4,18300.8359731518,0
2024-01-02,34.7363636363636,29.608103478647,24.95,21457.3252378137,44.8
2024-01-03,34.51,29.1071090200122,24.1333333333333,21971.0490551801,0
2024-01-04,34.7875,29.1822498028287,24.54,23066.2416031469,0
2024-01-05,34.15,28.7037017253953,24.1333333333333,20325.6666945554,0
2024-01-06,34.8727272727273,29.0889140882758,24.34,22126.2132885644,1
2024-01-07,34.4933333333333,28.8652995822145,23.6333333333333,22131.7098472777,0
2024-01-08,34.9,29.2025237973006,24.05,19818.5883997473,0
2024-01-09,34.7571428571429,29.1410559006211,25.1,16821.3052501763,18
2024-01-10,32.8857142857143,28.2636448913134,24.4,15409.2506931377,4.8
2024-01-11,33.5714285714286,25.9043787962683,22.4,11469.2111635864,76.8
2024-01-12,30.2222222222222,25.8398215200204,23.95,10568.1964285714,78.8
2024-01-13,31.4583333333333,26.58011425656,23.65,10401.2701880619,50.8
2024-01-14,32.2625,27.3853896948462,24.1428571428571,12400.0301785935,26.8
2024-01-15,32.56,26.9625765358524,23.95,11513.7110295881,68.4
2024-01-16,32.42,28.1221562449896,25.1,13482.9352119425,5.2
2024-01-17,34.76,27.822411286032,24.625,11361.0214574176,76.8
2024-01-18,34.8714285714286,27.8686218184888,24.85,12461.7109767879,131.2
2024-01-19,31.71,27.5190044122544,24.5,9614.67324275724,6.8
2024-01-20,31.93,27.7185320851988,25.24,10927.2959339557,6.8
2024-01-21,35.3923076923077,27.6092253703087,24.3333333333333,11280.2055437357,9.6
2024-01-22,35.7666666666667,28.8191221476936,23.2,16626.6540067433,0
2024-01-23,36.99,29.6191925657085,23.4333333333333,21998.9784519231,0
2024-01-24,35.1285714285714,29.0796406763526,24.8428571428571,11302.1703003247,0
2024-01-25,32.7428571428571,26.4438948688674,24.64,4597.29733279221,15.6
2024-01-26,33.8125,29.9721808126861,25.85,16513.5704972527,0
2024-01-27,34.2333333333333,30.208618849322,27.0285714285714,17589.2334204545,1.6
2024-01-28,34.9583333333333,30.3380194717563,26.6666666666667,20192.067779331,0
2024-01-29,34.0375,32.5711914328362,30.15,16582.4122129121,0
2024-01-30,NA,NA,NA,0,0
2024-01-31,NA,NA,NA,0,0
2024-02-01,NA,NA,NA,0,0
2024-02-02,NA,NA,NA,0,0
2024-02-03,NA,NA,NA,0,0
2024-02-04,NA,NA,NA,0,0
2024-02-05,NA,NA,NA,0,0
2024-02-06,NA,NA,NA,0,0
2024-02-07,NA,NA,NA,0,0
2024-02-08,NA,NA,NA,0,0
2024-02-09,NA,NA,NA,0,0
2024-02-10,NA,NA,NA,0,0
2024-02-11,NA,NA,NA,0,0
2024-02-12,NA,NA,NA,0,0
2024-02-13,NA,NA,NA,0,0
2024-02-14,NA,NA,NA,0,0
2024-02-15,NA,NA,NA,0,0
2024-02-16,NA,NA,NA,0,0
2024-02-17,NA,NA,NA,0,0
2024-02-18,NA,NA,NA,0,0
2024-02-19,NA,NA,NA,0,0
2024-02-20,NA,NA,NA,0,0
2024-02-21,NA,NA,NA,0,0
2024-02-22,NA,NA,NA,0,0
2024-02-23,NA,NA,NA,0,0
2024-02-24,NA,NA,NA,0,0
2024-02-25,NA,NA,NA,0,0
2024-02-26,NA,NA,NA,0,0
2024-02-27,NA,NA,NA,0,0
2024-02-28,NA,NA,NA,0,0
2024-02-29,NA,NA,NA,0,0
2024-03-01,NA,NA,NA,0,0
2024-03-02,NA,NA,NA,0,0
2024-03-03,NA,NA,NA,0,0
2024-03-04,NA,NA,NA,0,0
2024-03-05,NA,NA,NA,0,0
2024-03-06,NA,NA,NA,0,0
2024-03-07,NA,NA,NA,0,0
2024-03-08,NA,NA,NA,0,0
2024-03-09,NA,NA,NA,0,0
2024-03-10,NA,NA,NA,0,0
2024-03-11,NA,NA,NA,0,0
2024-03-12,NA,NA,NA,0,0
2024-03-13,NA,NA,NA,0,0
2024-03-14,NA,NA,NA,0,0
2024-03-15,NA,NA,NA,0,0
2024-03-16,NA,NA,NA,0,0
2024-03-17,NA,NA,NA,0,0
2024-03-18,NA,NA,NA,0,0
2024-03-19,NA,NA,NA,0,0
2024-03-20,NA,NA,NA,0,0
2024-03-21,NA,NA,NA,0,0
2024-03-22,NA,NA,NA,0,0
2024-03-23,NA,NA,NA,0,0
2024-03-24,NA,NA,NA,0,0
2024-03-25,NA,NA,NA,0,0
2024-03-26,NA,NA,NA,0,0
2024-03-27,NA,NA,NA,0,0
2024-03-28,NA,NA,NA,0,0
2024-03-29,NA,NA,NA,0,0
2024-03-30,NA,NA,NA,0,0
2024-03-31,NA,NA,NA,0,0
2024-04-01,NA,NA,NA,0,0
2024-04-02,NA,NA,NA,0,0
2024-04-03,NA,NA,NA,0,0
2024-04-04,NA,NA,NA,0,0
2024-04-05,NA,NA,NA,0,0
2024-04-06,NA,NA,NA,0,0
2024-04-07,NA,NA,NA,0,0
2024-04-08,NA,NA,NA,0,0
2024-04-09,NA,NA,NA,0,0
2024-04-10,NA,NA,NA,102.15,26623.7
2024-04-11,NA,NA,NA,0.45,13413.7
2024-04-12,NA,NA,NA,0,0
2024-04-13,NA,NA,NA,0,0
2024-04-14,NA,NA,NA,0,0
2024-04-15,NA,NA,NA,0,0
2024-04-16,NA,NA,NA,0,0
2024-04-17,NA,NA,NA,0,0
2024-04-18,NA,NA,NA,0,0
2024-04-19,NA,NA,NA,0,0
2024-04-20,NA,NA,NA,0,0
2024-04-21,NA,NA,NA,0,0
2024-04-22,NA,NA,NA,0,0
2024-04-23,NA,NA,NA,0,0
2024-04-24,NA,NA,NA,0,0
2024-04-25,NA,NA,NA,0,0
2024-04-26,NA,NA,NA,0,0
2024-04-27,NA,NA,NA,0,0
2024-04-28,NA,NA,NA,0,0
2024-04-29,NA,NA,NA,0,0
2024-04-30,NA,NA,NA,0,0
2024-05-01,NA,NA,NA,0,0
2024-05-02,NA,NA,NA,0,0
2024-05-03,NA,NA,NA,0,0
2024-05-04,NA,NA,NA,0,0
2024-05-05,NA,NA,NA,0,0
2024-05-06,NA,NA,NA,0,0
2024-05-07,NA,NA,NA,0,0
2024-05-08,NA,NA,NA,0,0
2024-05-09,NA,NA,NA,0,0
2024-05-10,NA,NA,NA,0,0
2024-05-11,NA,NA,NA,0,0
2024-05-12,NA,NA,NA,0,0
2024-05-13,NA,NA,NA,0,0
2024-05-14,NA,NA,NA,0,0
2024-05-15,NA,NA,NA,0,0
2024-05-16,NA,NA,NA,0,0
2024-05-17,29.8,28.8188161375661,25.45,8549.45641634836,65603.1
2024-05-18,NA,NA,NA,0,0
2024-05-19,NA,NA,NA,0,0
2024-05-20,NA,NA,NA,0,0
2024-05-21,25.9272727272727,24.7958434343434,24.2444444444444,1411.30812834225,0.2
2024-05-22,28.7142857142857,23.658414805224,21.05,8370.86332150937,332.6
2024-05-23,NA,NA,NA,0,0
2024-05-24,NA,NA,NA,0,0
2024-05-25,NA,NA,NA,0,0
2024-05-26,NA,NA,NA,0,0
2024-05-27,NA,NA,NA,0,0
2024-05-28,NA,NA,NA,44.1,0
2024-05-29,NA,NA,NA,0,2156.8
2024-05-30,NA,NA,NA,44.1,0
2024-05-31,NA,NA,NA,288.161052631579,0
2024-06-01,23.5777777777778,23.5777777777778,23.5777777777778,0,0
2024-06-02,24.6,22.215,19.83,469.776,0
2024-06-03,29.15,21.3641666666667,17.1,2461.55185714286,856.8
2024-06-04,NA,NA,NA,0,0
2024-06-05,NA,NA,NA,0,0
2024-06-06,NA,NA,NA,0,0
2024-06-07,NA,NA,NA,0,0
2024-06-08,NA,NA,NA,0,0
2024-06-09,NA,NA,NA,0,0
2024-06-10,NA,NA,NA,0,0
2024-06-11,NA,NA,NA,0,0
2024-06-12,NA,NA,NA,0,0
2024-06-13,NA,NA,NA,0,0
2024-06-14,NA,NA,NA,0,0
2024-06-15,NA,NA,NA,0,0
2024-06-16,NA,NA,NA,0,0
2024-06-17,29.56,16.7197600522601,11.8,5661.49394230769,0
2024-06-18,27.7818181818182,19.5822611686559,13.9333333333333,12500.2097882118,0
2024-06-19,28.2833333333333,19.6546293589451,13.9,14203.5690442058,0
2024-06-20,28.7777777777778,21.4724752148436,16.7333333333333,11104.7257222777,0
2024-06-21,29.4727272727273,22.9737193362193,19.35,11810.8636733267,0
2024-06-22,27.9555555555556,22.0107062732589,17.25,9222.56564835165,0
2024-06-23,29.3818181818182,22.2356828025775,16.6,14312.3980469457,0
2024-06-24,27.6909090909091,22.4116356161569,17.65,9540.90423920932,0
2024-06-25,27.5777777777778,23.9860177669553,22.2166666666667,6657.63042661015,1.2
2024-06-26,30.9875,24.4000732170803,23.0285714285714,3839.22503036669,700.3
2024-06-27,29.6916666666667,25.4967560525894,22.95,6561.23161472801,63583.5
2024-06-28,40.4666666666667,25.3637635756057,15,5610.34905082279,322557.2
2024-06-29,29.2,23.85,20.4,7351.83,0.2
2024-06-30,28.3,23.0060344827586,18.9,6651.54,0.2
2024-07-01,29.55,23.7762820512821,18,4760.295,0
2024-07-02,29.4,21.8843253968254,17.1,7512.795,0
2024-07-03,28.8,23.9125,20.4,5900.13,0
2024-07-04,27.15,22.5680555555556,20.1,3341.175,0
2024-07-05,26.2,22.9439393939394,20.2,2334.015,0.4
2024-07-06,24.3,21.4612903225806,19.8,3582.66,0.6
2024-07-07,NA,NA,NA,0,0
2024-07-08,NA,NA,NA,0,0
2024-07-09,NA,NA,NA,0,0
2024-07-10,NA,NA,NA,0,0
2024-07-11,NA,NA,NA,0,0
2024-07-12,NA,NA,NA,0,0
2024-07-13,20.6,20.6,20.6,0,0
2024-07-14,NA,NA,NA,0,0
2024-07-15,NA,NA,NA,0,0
2024-07-16,NA,NA,NA,0,0
2024-07-17,18,14.8071428571429,11.8,4.5,0
2024-07-18,NA,NA,NA,0,0
2024-07-19,22.5,17.975,11.8,1281.69,0
2024-07-20,27.2,22.075,14.4,943.47,0
2024-07-21,18.6,14.9333333333333,12.9,90.72,0
2024-07-22,20.2333333333333,20.2333333333333,20.2333333333333,241.416,0
2024-07-23,NA,NA,NA,0,0
2024-07-24,NA,NA,NA,0,7.9
2024-07-25,NA,NA,NA,0,0
2024-07-26,NA,NA,NA,0,0
2024-07-27,NA,NA,NA,0,0
2024-07-28,NA,NA,NA,0,0
2024-07-29,NA,NA,NA,0,0
2024-07-30,21.5,21.5,21.5,0.72,0
2024-07-31,NA,NA,NA,0,0
2024-08-01,NA,NA,NA,0,0
2024-08-02,NA,NA,NA,0,0
2024-08-03,NA,NA,NA,0,0
2024-08-04,NA,NA,NA,0,0
2024-08-05,22.4,22.4,22.4,319.5,0
2024-08-06,28.6,28.6,28.6,280.485,0
2024-08-07,20.45,20.45,20.45,0,0
2024-08-08,NA,NA,NA,0,0
2024-08-09,24.42,24.42,24.42,329.22,0
2024-08-10,21.875,21.875,21.875,54.18,0
2024-08-11,19.7,19.7,19.7,0,0
2024-08-12,28.2,19.9958333333333,15.5,1331.595,0
2024-08-13,26.7,19.704,14.8,1154.325,0
2024-08-14,30.1,26.4803921568627,16.9,6524.265,0
2024-08-15,30.3,19.4779279279279,16.1,3072.585,0
2024-08-16,30.1666666666667,21.175,13.9,8747.28,0
2024-08-17,30.2,21.2057291666667,14.4,7096.005,0
2024-08-18,32,22.2350378787879,15.9,7660.38,0
2024-08-19,31.2,25.9,21.4,2860.47,0.2
2024-08-20,25.2,22.7271604938272,20.9666666666667,2041.995,1.2
2024-08-21,27.6,21.8342261904762,17.3,4036.035,0
2024-08-22,29,23.8310344827586,20.85,4955.2275,0
2024-08-23,26.9,24.04875,21.3,1629.27,0.4
2024-08-24,NA,NA,NA,0,0
2024-08-25,30.8666666666667,26.0833333333333,21.3,8.4,26262.4
2024-08-26,50,24.3447940074906,13.9,1060.027,1223515.7
2024-08-27,50,23.8485125448029,13.9,1164.63807142857,1229960.6
2024-08-28,50,24.1734981684982,13.9,1162.74507142857,1236239.8
2024-08-29,50,24.218446969697,13.9,1276.23203571429,1086847.1
2024-08-30,50,23.2954838709677,13.9,921.515357142857,1236718.5
2024-08-31,50,23.594402173913,13.9,1136.45632142857,1111544.4
2024-09-01,50,24.9814468864469,13.9,1160.70685714286,1118280.7
2024-09-02,50,23.8951310861423,13.9,1158.68410714286,1191003.7
2024-09-03,50,23.1429400749064,16.7,1170.864,1145004.8
2024-09-04,50,23.4525362318841,13.9,1150.54539285714,1209933.2
2024-09-05,50,23.9473913043478,13.9,1033.46153571429,1289155.8
2024-09-06,35.65,22.8856041666667,13.9,970.799464285714,1065249.1
2024-09-07,50,22.3167094017094,13.9,1153.43614285714,987551.3
2024-09-08,50,24.6666481481481,16.3666666666667,1092.21053571429,1157960.6
2024-09-09,50,23.6627838827839,13.9,1181.16267857143,1197683.1
2024-09-10,50,24.7492553191489,13.9,1145.24742857143,1191262.6
2024-09-11,50,23.8392037037037,17.6,1357.00914285714,1263655.2
2024-09-12,50,23.4682945736434,13.9,1132.48557142857,1210302.9
2024-09-13,50,23.2150915750916,13.9,1052.37846428571,1151194.5
2024-09-14,50,24.226684981685,16.3666666666667,1063.41889285714,1237257
2024-09-15,50,24.0335205992509,13.9,1096.75564285714,1204164.4
2024-09-16,50,23.1664157706093,13.9,1234.58582142857,1223194.7
2024-09-17,40.4333333333333,23.1772280701754,13.9,1266.38357142857,1250135.7
2024-09-18,50,23.6851282051282,13.9,1216.70946428571,1197419.2
2024-09-19,50,23.9293181818182,16.7,1276.07689285714,1170876.1
2024-09-20,50,23.7301630434783,14.9,1310.66225,1158764.1
2024-09-21,50,23.0287078651685,14.9,1437.07535714286,1132447.9
2024-09-22,50,24.3726481481481,17.06,1175.88867857143,1171729.1
2024-09-23,50,25.0087096774194,17.6,1130.69035714286,1197074
2024-09-24,50,24.2065168539326,17.0333333333333,1290.2805,1164753.6
2024-09-25,50,23.9346376811594,17.0333333333333,1216.13119155844,1184058.6
2024-09-26,50,24.7511721611722,14.9,1091.13053571429,1197747.3
2024-09-27,50,25.1074725274725,16.3666666666667,1279.74317857143,1211215.8
2024-09-28,50,23.6961128364389,13.9,1016.36903571429,1237492.9
2024-09-29,50,24.9746920289855,14.9,1196.595,1099288.2
2024-09-30,50,24.153446969697,16.3666666666667,1359.81614285714,1190653.1
2024-10-01,35.65,22.5018439716312,14.9,953.907642857143,1170587.6
2024-10-02,50,24.9672644927536,18.1,1568.53714285714,1066934.3
2024-10-03,50,23.9387275985663,13.9,1231.45153571429,1270001.2
2024-10-04,50,23.7260752688172,13.9,1199.72678571429,1256800.4
2024-10-05,50,24.3430651340996,13.9,1134.84992857143,1230903.6
2024-10-06,50,23.5409601449275,16.3666666666667,966.412071428571,1197419.3
2024-10-07,50,23.6640860215054,17.6,1064.52985714286,1243437.1
2024-10-08,50,23.3096453900709,16.3666666666667,1095.15714285714,1236145.6
2024-10-09,50,22.745770609319,13.9,1039.84589285714,1197276.1
2024-10-10,50,24.1673369565217,14.4,1134.29864285714,1197511.6
2024-10-11,40.4333333333333,23.4042592592593,13.9,1016.45528571429,1184183.6
2024-10-12,50,24.1453488372093,13.9,1171.90275,1151888.1
2024-10-13,50,23.1150187265918,16.3666666666667,1194.46589285714,1230121.1
2024-10-14,50,22.8566847826087,14.4,1138.84571428571,1217098.2
2024-10-15,40.4333333333333,23.0751458333333,17.6,832.225642857143,1085427.2
2024-10-16,50,22.4951498127341,13.9,958.50225,1123670.3
2024-10-17,50,23.7858241758242,13.9,1083.77992857143,1165029.4
2024-10-18,50,23.8841134751773,13.9,1113.57814285714,1183937.1
2024-10-19,39.0666666666667,22.8166292134831,13.9,941.01638961039,1275338.9
2024-10-20,49.5,22.0952482269504,13.8,999.193571428571,1313683.1
2024-10-21,39.0666666666667,20.6317028985507,13.8,1050.28575,1274705.5
2024-10-22,33.85,19.8136516853933,13.8,1064.87078571429,1392071.5
2024-10-23,41.675,19.4421783181358,14.8,1225.02592857143,1333044.7
2024-10-24,49.5,20.0186413043478,13.8,1330.95417857143,1275323.3
2024-10-25,33.85,20.229089781746,13.8,1143.71767857143,1372820.4
2024-10-26,33.85,20.2052924430642,13.8,954.738392857143,1293696.3
2024-10-27,49.5,20.4857890070922,15.6,1066.90064285714,1339895.1
2024-10-28,39.0666666666667,21.0215714285714,16,1041.06292857143,1431748.5
2024-10-29,49.5,22.2595289855072,16,1084.18167857143,1241811.4
2024-10-30,49.5,20.6011068895643,13.8,1063.90814285714,1339831
2024-10-31,49.5,21.4376138716356,15.9333333333333,1109.43818181818,1313217.8
2024-11-01,33.85,20.0591616008105,13.8,1217.57932467532,1366671.5
2024-11-02,39.0666666666667,19.7023784722222,13.8,1250.27159090909,1274604.4
2024-11-03,49.5,20.5172448979592,14.8,1213.19682142857,1320305
2024-11-04,49.5,21.3319298245614,13.8,1055.44178571429,1346702.6
2024-11-05,49.5,20.1884239130435,13.8,1340.37317857143,1242036.6
2024-11-06,33.85,19.7555496453901,13.8,980.417821428572,1359902.9
2024-11-07,49.5,20.7321326164875,13.8,1318.6002012987,1334386.5
2024-11-08,49.5,21.4167582417582,15.9333333333333,1172.36478571429,1300753
2024-11-09,49.7,31.0696774193548,16.9,14512.3773571429,79066.9
2024-11-10,40.4,29.8972101449275,22.5,11869.9681071429,21858.5
2024-11-11,40.4,30.4813224637681,14.8,11372.8098571429,21427.5
2024-11-12,49.7,30.4523188405797,13.9,10677.5396785714,21603.3
2024-11-13,43.5,30.5968458781362,13.9,10743.2190357143,21908.1
2024-11-14,43.5,30.3584397163121,13.9,10784.6416428571,22889.1
2024-11-15,49.7,31.1985385878489,19.6333333333333,10751.2449642857,22501.7
2024-11-16,49.7,30.370017921147,19.9333333333333,10719.2819642857,21222.1
2024-11-17,43.5,28.8703148148148,13.9,5022.61667857143,15961.1
2024-11-18,43.3,27.6482584269663,14.8,5341.89946428571,11034.3
2024-11-19,49.5,25.2521557971015,13.9,4193.57167857143,4462.1
2024-11-20,49.5,24.632619047619,13.9,4325.35553571428,5068.5
2024-11-21,49.5,25.6717391304348,13.9,4455.78542857143,4379.5
2024-11-22,49.5,25.4635416666667,17.5666666666667,4237.9655974026,5463.5
2024-11-23,49.5,24.7439700374532,13.9,4254.76791233766,5321.8
2024-11-24,42.9,24.236329588015,18.5,4455.00871428571,5083.6
2024-11-25,36.3,23.6087827715356,13.9,4192.5265,4493.7
2024-11-26,49.5,24.1097378277154,18.5,4528.52285714286,4974.8
2024-11-27,49.5,24.0523457792208,16.9666666666667,4237.87942857143,4893.3
2024-11-28,49.5,25.0025098039216,13.9,4104.83596428571,4793.9
2024-11-29,49.5,24.6475274725275,16.2,4361.24374025974,4630.5
2024-11-30,49.5,25.18765917603,13.9,4104.88146428571,4789.6
2024-12-01,49.5,24.8008058608059,13.9,4288.443,4490.1
2024-12-02,49.5,25.9121176470588,13.9,3799.38389285714,4579.5
2024-12-03,42.9,25.1021768707483,13.9,3991.67367857143,4315.1
2024-12-04,49.5,24.7248765432099,14.8,4027.15292857143,4162.6
2024-12-05,49.5,24.2476481481481,13.9,4267.29035714286,5026.1
2024-12-06,49.5,24.9867592592593,13.9,4081.17732142857,4376.8
2024-12-07,49.5,24.4055606758833,13.9,4343.82642857143,4829.7
2024-12-08,49.5,25.2947727272727,18.5,4065.82417857143,4203.2
2024-12-09,49.5,25.5093939393939,17.2666666666667,4061.17718831169,4250.1
2024-12-10,49.5,25.0185018726592,18.5,4163.99942857143,4020
2024-12-11,40.7,24.0465182072829,13.9,4486.62007142857,5697.5
2024-12-12,49.5,25.650018115942,14.8,4547.42246428571,5767.2
2024-12-13,49.5,24.3051268115942,14.35,4356.98875974026,3921.6
2024-12-14,49.5,24.1435767790262,18.5,4318.98117857143,5019.8
2024-12-15,49.5,24.2753477795613,13.9,4124.39514935065,4480.9
2024-12-16,49.5,25.7322537878788,17.94,3970.92264285714,5047.9
2024-12-17,49.5,24.9158189429618,14.8,4105.30728571429,4553.8
2024-12-18,49.5,24.9489379347245,14.8,4136.56360714286,4743.8
2024-12-19,49.5,25.2099404761905,14.8,4133.15253571429,5422
2024-12-20,49.5,24.9437634408602,14.8,4546.69625,5085.5
2024-12-21,49.5,25.0885674157303,13.9,4213.40453571429,5133.1
2024-12-22,49.5,25.3904945054945,16.9666666666667,4171.58925,5049.6
2024-12-23,49.5,24.916387608807,13.9,4376.79260714286,5722.5
2024-12-24,49.5,24.5285795454545,13.9,4111.14617857143,4764.5
2024-12-25,49.5,24.5528977272727,13.9,3800.76764285714,4311.9
2024-12-26,40.7,23.6701872659176,13.9,4245.22428571429,4524.1
2024-12-27,49.5,25.9651340996169,16.9666666666667,4139.52418181818,5717.9
2024-12-28,49.5,25.1111851851852,13.9,4027.61796428571,4723
2024-12-29,40.7,24.8829074074074,13.9,4291.72014285714,4204.9
2024-12-30,49.5,24.5224329501916,14.8,4165.49185714286,5038.3
2024-12-31,49.5,24.3948148148148,13.9,4470.99889285714,5531.4
2025-01-01,49.5,25.5728205128205,14.8,4251.10734415584,4856.8
2025-01-02,49.5,25.3317790262172,13.9,3966.40182142857,4783.6
2025-01-03,49.5,23.7579118773946,13.9,4279.62896428571,4600.6
2025-01-04,49.5,24.6395604395604,18.5,4381.86560714286,4349.1
2025-01-05,49.5,24.5821097883598,13.9,4496.89396428571,5522.4
2025-01-06,49.5,24.5589147286822,14.8,4085.91932142857,4377.9
2025-01-07,49.5,25.9368425925926,14.8,4281.74349025974,4698.1
2025-01-08,49.5,25.2213257575758,14.8,4256.32061038961,4558.7
2025-01-09,49.5,24.0011710963455,13.9,4179.83639285714,5389.9
2025-01-10,49.5,25.2457196969697,14.8,3968.68882142857,5329.7
2025-01-11,49.5,25.6375670498084,13.9,4053.48589285714,4473.6
2025-01-12,57.7,27.4628205128205,13.9,1162.542,5160.1
2025-01-13,44.3333333333333,28.6486627906977,17.5333333333333,7109.78128571429,560071.1
2025-01-14,50.4,29.2296415770609,18.65,7635.64777597403,384471.5
2025-01-15,50.4,31.0945643939394,13,7419.67796428571,458515.2
2025-01-16,45.85,31.4493313069909,21.9,5726.33321428571,358998.3
2025-01-17,44.2,29.8808834365866,22.46,15555.4862435065,1470.2
2025-01-18,39.0777777777778,30.6208338461056,25.15,19994.1325714286,0
2025-01-19,36.16,29.616807763567,25.525,16384.266392982,0
2025-01-20,33.3615384615385,28.0865020871762,24.85,13352.6921418581,0.4
2025-01-21,34.59,29.028803660108,24.65,16811.2365599401,0
2025-01-22,35.5111111111111,29.7128567472716,24.65,21076.1616323676,0
2025-01-23,35.5,30.1890568178866,24.94,20320.9310611888,0
2025-01-24,35.3928571428571,29.7386934381408,24.54,19929.9913434066,0
2025-01-25,35.375,29.0406644349802,24.25,16616.8848641359,19.8
2025-01-26,33.1272727272727,26.2305592432259,22.8333333333333,12849.3733763736,39
2025-01-27,30.2230769230769,25.3949421552231,23.9,3507.5199805709,88.8
2025-01-28,26.04,24.7716988825128,23.8,3498.35977052359,100
2025-01-29,32.7857142857143,26.3403185703186,24.25,7896.81851280492,10.8
2025-01-30,33.675,27.7613696945625,23.2,11903.7400128474,6.4
2025-01-31,33.6083333333333,27.9923323229649,24.54,15725.4577518584,21.8
2025-02-01,33.2636363636364,28.1148624267299,25.2,8364.15102313863,20
2025-02-02,34.0307692307692,27.7448481016338,25.24,9392.34459316419,122.6
2025-02-03,31.2,26.5150228679589,24.55,5198.52491217606,181.6
2025-02-04,28.8833333333333,26.0688952380952,24.85,3374.15515959775,118
2025-02-05,34.9909090909091,27.2812368561526,24.2333333333333,9960.96565168655,45
2025-02-06,34.2357142857143,28.0189876423942,24.44,15129.5310188415,42.2
2025-02-07,33.975,28.0717426415619,24.54,16081.8708467195,16.8
2025-02-08,33.8111111111111,27.6269411976912,24.8333333333333,11141.8255588235,11.8
2025-02-09,32.95,26.9502456497751,23.9333333333333,9289.81505557678,83.9
2025-02-10,30.3625,26.7952516797439,24.4428571428571,4877.93893159047,13.4
2025-02-11,32.25,26.0734821428571,25,1737.9894436925,6256.2
2025-02-12,32.3363636363636,26.6570057720058,20.8,2853.02523076923,13525.6
2025-02-13,NA,NA,NA,0,13565.8
2025-02-14,35.7454545454545,28.3083352659246,23.55,14959.8857379973,230
2025-02-15,36.7,30.2306550689263,24.94,18829.066973622,614.2
2025-02-16,36.0285714285714,28.7568872588317,23.8333333333333,12608.8122582565,0
2025-02-17,36.2,29.9387422728163,23.1333333333333,15860.9093941059,6604.5
2025-02-18,35.47,28.0445100561112,24.5333333333333,9782.32236797027,0.2
2025-02-19,32.9,27.3976801319779,23.9,12453.7957374205,2
2025-02-20,34.49,28.4043523024168,24.1,18581.7368061938,0
2025-02-21,33.8,27.1572880480288,23.95,9568.31798286273,362.1
2025-02-22,31.1285714285714,25.8464138963873,23.54,11723.4610723982,20.6
2025-02-23,32.3545454545455,27.3027247197247,23.34,15394.971489011,0.6
2025-02-24,34.8,28.652074511137,24.45,20996.1469615385,8.2
2025-02-25,33.78,28.1481640817811,23.025,18892.5304285714,0
2025-02-26,32.65,26.9348061531492,22.15,13941.4138928571,0
2025-02-27,33.7,26.6039308918032,21.35,18077.3004455544,0
2025-02-28,33.96,26.6202340773883,19.85,21846.2964605395,0
2025-03-01,33.66,26.6907781077942,19.95,22502.5072095405,0
2025-03-02,34.9,27.2477057369345,20.8,23007.3934697802,0
2025-03-03,34.89,27.1473984850847,21.3333333333333,22588.1455384615,0
2025-03-04,35.9818181818182,28.380395836048,22.3166666666667,21321.0931633367,0
2025-03-05,34.0916666666667,27.36274306008,21.35,22120.1389130869,0
2025-03-06,33.7166666666667,27.4749788029,22.35,21806.9452642358,0
2025-03-07,35.5333333333333,29.2506375599039,24.4333333333333,21076.7762142857,1.4
2025-03-08,34.6666666666667,29.5085942633356,25.24,17832.070188488,43.2
2025-03-09,34.2846153846154,28.7826765450667,24.7666666666667,16462.1803756244,4.4
2025-03-10,34.52,28.2606898138492,24.3,15329.8998011988,6.4
2025-03-11,33.15,27.4913883456137,23.85,9462.70315384615,9
2025-03-12,NA,NA,NA,0,0
2025-03-13,NA,NA,NA,0,0
2025-03-14,NA,NA,NA,0,0
2025-03-15,NA,NA,NA,0,0
2025-03-16,NA,NA,NA,0,0
2025-03-17,24.85,24.5287121212121,24.2,1520.9026082996,9.8
2025-03-18,NA,NA,NA,0,0
2025-03-19,24,21.8142857142857,13.8,82.8211363636364,111540.3
2025-03-20,40.26,24.876001552795,13.8,1113.68628571429,1150047.6
2025-03-21,51.1,25.0356810035842,13.8,1252.31753571429,1177489.4
2025-03-22,51.1,26.666268115942,13.8,1369.48564285714,1197245.8
2025-03-23,51.1,25.1919413919414,13.8,1612.81075824176,1190566.3
2025-03-24,51.1,25.3742673992674,13.8,1420.53960714286,1150447.9
2025-03-25,51.1,24.8061827956989,13.8,1295.82889285714,1078532.6
2025-03-26,51.1,25.1360980392157,13.8,1485.78417857143,1111544.7
2025-03-27,37.55,26.0555555555556,18.9,223.7715,223710.1
2025-03-28,NA,NA,NA,0,0
2025-03-29,NA,NA,NA,0,0
2025-03-30,NA,NA,NA,0,0
2025-03-31,NA,NA,NA,0,0
2025-04-01,NA,NA,NA,0,0
2025-04-02,24.3,24.3,24.3,0,0
2025-04-03,NA,NA,NA,0,0
2025-04-04,NA,NA,NA,0,0
2025-04-05,NA,NA,NA,0,0
2025-04-06,NA,NA,NA,0,0
2025-04-07,NA,NA,NA,0,0
2025-04-08,NA,NA,NA,0,0
2025-04-09,NA,NA,NA,0,0
2025-04-10,NA,NA,NA,0,0
2025-04-11,NA,NA,NA,0,0
2025-04-12,NA,NA,NA,0,0
2025-04-13,NA,NA,NA,0,0
2025-04-14,24.2,24.1,24,0.36,0
2025-04-15,26.25,23.1950362318841,21.6333333333333,254.219898325359,2.6
2025-04-16,24.5,20.6467551148039,19.4333333333333,742.036980769231,0
2025-04-17,28,21.388813580359,19.8166666666667,633.500079648293,0
2025-04-18,28.45,23.9873477297896,22.4,77.3216826923077,2.2
2025-04-19,28.5,23.9778826530612,22,69.648,0.6
2025-04-20,24.75,22.7231013431013,22.05,455.233988511488,0
2025-04-21,30.8454545454545,24.6622039956823,21.6,3976.34432642242,0
2025-04-22,32.6714285714286,25.8808435038857,21.25,10913.7398295404,0
2025-04-23,31.7333333333333,25.8238585770598,22.6333333333333,4707.82873221311,10.8
2025-04-24,30.65,25.4687362090179,22.45,10579.5599202535,0.2
2025-04-25,30.25,24.0794246031746,20.2,3867.78515126096,0
2025-04-26,27.9,22.978003003003,21.4,1029.36946153846,0
2025-04-27,28.0444444444444,23.2057776251526,21.05,458.830858213248,0
2025-04-28,24.1,24.1,24.1,0.6,19718.1
2025-04-29,NA,NA,NA,0,6682.9
2025-04-30,NA,NA,NA,0,19825.1
2025-05-01,NA,NA,NA,0,26514.8
2025-05-02,57.8,43.8833333333333,12.9,0,59169.8
2025-05-03,NA,NA,NA,0,26403.8
2025-05-04,59.6,42.79375,13.2,0,32871.6
2025-05-05,NA,NA,NA,0,243.2
2025-05-06,NA,NA,NA,0,26446.5
2025-05-07,NA,NA,NA,0,26539.9
2025-05-08,NA,NA,NA,0.72,284.2
2025-05-09,NA,NA,NA,0,26415.1
2025-05-10,13.9,13.1888888888889,12.2666666666667,0,19862.8
2025-05-11,NA,NA,NA,0,32985.8
2025-05-12,NA,NA,NA,0,39545.1
2025-05-13,NA,NA,NA,0,59205.9
2025-05-14,NA,NA,NA,0,19979.9
2025-05-15,NA,NA,NA,0,26511.2
2025-05-16,NA,NA,NA,0,33077.1
2025-05-17,NA,NA,NA,0.3,39614.6
2025-05-18,NA,NA,NA,0,46140.9
2025-05-19,NA,NA,NA,0.45,33057.2
2025-05-20,NA,NA,NA,0,39612
2025-05-21,NA,NA,NA,2.7,46139.3
2025-05-22,NA,NA,NA,1.8,33005.6
2025-05-23,NA,NA,NA,0,32969.6
2025-05-24,NA,NA,NA,0.9,59114.9
2025-05-25,NA,NA,NA,0,39488.7
2025-05-26,NA,NA,NA,0,19901.4
2025-05-27,NA,NA,NA,0,33047.9
2025-05-28,NA,NA,NA,0,19902.5
2025-05-29,NA,NA,NA,0,13337.9
2025-05-30,28.4,23.9295664563584,20.85,6983.12365592074,15.3
2025-05-31,31.1318181818182,23.8350882137253,18.0333333333333,14219.3779369987,0
2025-06-01,28.6153846153846,23.9588877292612,19.75,11954.7922635513,0
2025-06-02,31.3461538461538,25.8019341923509,21.65,10174.2298351648,0
2025-06-03,32.3923076923077,26.1503427250405,21.1166666666667,13718.9411620879,0
2025-06-04,30.2,21.2419387822579,14.05,14627.2673181818,0
2025-06-05,29.3111111111111,20.832780803426,15.1333333333333,13967.8877067932,0
2025-06-06,27.3,21.7826486175323,18.15,6964.30167332667,0
2025-06-07,27.7583333333333,21.1001684543527,17.4666666666667,8633.65300649351,2.2
2025-06-08,30.78,22.2734258011065,18.36,7407.87000649351,0
2025-06-09,29.525,22.5753554497937,19.15,6983.22121178821,0
2025-06-10,28.83,22.9740602651317,19.35,9390.24976923077,0
2025-06-11,29.4111111111111,23.3031174853515,19.1,10603.9368686314,0
2025-06-12,31.46,24.8727830119054,20.85,13552.9201258741,0
2025-06-13,28.4461538461538,21.219222004847,14.9333333333333,11571.1697217782,0
2025-06-14,26.49,20.2745237343675,14.4333333333333,10517.5127577423,0
2025-06-15,26.8,20.3569344544345,15.55,11977.1872323926,0
2025-06-16,24.8142857142857,21.4550597572362,18.6666666666667,3097.33764527384,6.4
2025-06-17,24.3,20.5157586580087,16.75,7410.30605010972,0.4
2025-06-18,27.2933333333333,21.2091288410171,16.2333333333333,9617.00522486067,0
2025-06-19,27.8111111111111,23.3871213724547,20.8571428571429,9920.93516902834,0
2025-06-20,27.67,22.497298919252,20.3,9290.82790521321,0.4
2025-06-21,26.18,22.5124508914025,20.6125,6865.85385354081,4
2025-06-22,26.8222222222222,23.410116371283,20.6090909090909,7330.44962034599,0.6
2025-06-23,28,23.6527894541356,18.9,9548.99374225774,0
2025-06-24,31.1545454545455,24.4384894526024,19.35,13048.8494379371,0
2025-06-25,31.625,23.0387988140332,17.6,10196.812239011,0
2025-06-26,28.9666666666667,23.5058714946366,19.3833333333333,10248.8228721279,0
2025-06-27,25.2142857142857,22.5029382716049,20.8,4823.31484203297,0.4
2025-06-28,25.07,21.8012020365998,20.65,4809.04359515485,4
2025-06-29,25.775,22.6297533054801,21.2,5459.5963315508,0
2025-06-30,27.4714285714286,22.8170244019401,19.05,12084.3205378004,0
2025-07-01,27.5,18.1187248567036,11.5333333333333,14792.2003549612,0
2025-07-02,27.3555555555556,17.5007378673958,10.75,15275.3984945643,0
2025-07-03,26.6727272727273,16.8034581354318,10.4166666666667,14653.0917372995,0
2025-07-04,27.29,20.7780064715504,15.85,12279.9366466548,0
2025-07-05,29.0538461538462,23.0407627796337,18.65,9713.54515495534,0
2025-07-06,28.44,23.5778552064541,18.7,8685.71346084798,0
2025-07-07,30.1555555555556,24.832994517303,21.5,10239.4938916157,0
2025-07-08,29.9545454545455,24.4308802692579,20.25,10557.4656729153,0
2025-07-09,29.9666666666667,23.8893703915132,20.14,8338.97920243727,0
2025-07-10,28.3777777777778,22.8956157439052,19.2333333333333,6659.92846234648,0.8
2025-07-11,30.2928571428571,24.3852689324564,21.05,12557.6664753923,0
2025-07-12,27.1333333333333,21.9354561902218,19.16,10110.3569398396,0
2025-07-13,27.6444444444444,21.9436833438429,18.75,7415.32540045249,0
2025-07-14,27.9454545454545,20.9470447806162,16.2333333333333,10331.3549651672,0
2025-07-15,29.6636363636364,20.1980412306991,13.45,12901.0699765235,0
2025-07-16,30.6727272727273,21.6058713597277,15.7333333333333,15720.6940925325,0
2025-07-17,30.1363636363636,22.3152694980141,16.7333333333333,11282.5687432567,0
2025-07-18,30.21,23.7232896783169,18.75,11256.5982232767,0
2025-07-19,30.0333333333333,22.7892345810478,18.2428571428571,9679.17745879121,0
2025-07-20,30.6166666666667,24.3803342680711,19.35,11392.2863591409,0
2025-07-21,29.0727272727273,24.3742270455643,21.9428571428571,6395.93521715784,4.2
2025-07-22,25.85,22.8014594176111,21.35,5087.09389685315,11.6
2025-07-23,29.3,24.375427789265,20.45,8343.37635027473,0
2025-07-24,29.9333333333333,24.3607828344495,21.0454545454545,11326.6876931231,1.6
2025-07-25,30.6285714285714,24.1680723954408,20.7428571428571,11814.1284107143,0
2025-07-26,29.66,23.1886528982877,18.0333333333333,11710.1560242258,0
2025-07-27,31.0846153846154,24.3694148265116,19.8428571428571,14310.1533653846,0
2025-07-28,30.2,23.3309290177907,19.18,11495.009763986,0
2025-07-29,29.87,24.6361270673771,20.6,10504.6370728022,0
2025-07-30,30.3636363636364,28.4928668778669,25,11389.0500576923,0
2025-07-31,28.2666666666667,23.5648888799815,20.3666666666667,5624.14963936064,3.4
2025-08-01,25.75,20.6341505907885,18.2333333333333,7474.76288086913,0.4
2025-08-02,26.8111111111111,18.395683266164,10.2,13523.5592185315,0
2025-08-03,26.2727272727273,19.0228803118557,10.15,16831.8549661588,0
2025-08-04,28.3090909090909,19.1082657547131,12.9142857142857,16327.9543209291,0
2025-08-05,28.55,25.2387316608512,17.55,14064.7596456044,0
2025-08-06,29.9888888888889,21.4082928153089,15.3666666666667,15638.3068557692,0
2025-08-07,29.2769230769231,22.1324345070135,16.6,10899.1354173327,0
2025-08-08,28.1583333333333,20.7917590450485,15.3,10866.4954675325,0
2025-08-09,30.275,22.8825734913235,18.05,13503.3011085165,2.2
2025-08-10,25.11,20.5009981142046,16.5333333333333,9176.97951785714,0
2025-08-11,27.6666666666667,22.0818058995403,17.025,11774.5527032967,0
2025-08-12,27.0307692307692,22.0631134661858,19.1428571428571,9797.07973351648,11.2
2025-08-13,25.2142857142857,21.234472340525,16.9857142857143,7804.42652690692,0
2025-08-14,28.7363636363636,20.3200169098041,14.2333333333333,15633.8494242008,0
2025-08-15,27.7888888888889,19.0336809506283,12.35,16105.8706343656,0
2025-08-16,27.6545454545455,24.2959089489322,16.6,10467.7685365884,0
2025-08-17,28.7461538461538,19.0958879707249,12.75,14775.7002519539,0
2025-08-18,28.6,21.0837185693637,14.65,17436.9680125977,0
2025-08-19,29.0625,21.4450439483684,15.75,16157.6431193512,0
2025-08-20,28.34,24.4943202085056,20.9444444444444,9415.03042145355,0
2025-08-21,31.7333333333333,23.915349476912,17.95,14289.3973685065,0
2025-08-22,31.0428571428571,22.477872382004,16.34,15927.605371004,0
2025-08-23,31.08,21.6806009692062,14.4166666666667,18026.2127937063,0
2025-08-24,32.2636363636364,23.0344249928558,16.56,18092.7690849518,0
2025-08-25,30.1466666666667,22.2637663725164,16.65,14548.6939905095,0
2025-08-26,29.4,21.3728838033312,15.1,17358.2647914953,0
2025-08-27,29.275,21.6083356458356,16.5,15031.7261995505,0
2025-08-28,29.45,22.6528523629928,18.05,15158.9440164541,0
2025-08-29,30.7642857142857,24.502780733886,19.35,17184.6641351149,0
2025-08-30,32.2111111111111,22.2998439089845,14.5333333333333,16574.1102662338,0
2025-08-31,28.6333333333333,22.1275794720326,16.6444444444444,12293.9882851487,0
2025-09-01,29.0461538461538,23.4151344066561,19.6,13799.4497199345,0
2025-09-02,29.5615384615385,22.4213579446558,17.35,15041.8888681319,0
2025-09-03,27.4818181818182,22.6251216205292,16.85,9056.55560514485,0
2025-09-04,30.8272727272727,24.5463262417252,19.1142857142857,13799.8543059441,0
2025-09-05,31.7727272727273,25.7991486474453,22.6333333333333,14883.535506567,0
2025-09-06,30.5,25.6701516447533,21.95,17139.7088287815,2.6
2025-09-07,28.6916666666667,24.2744807599808,21.18,12193.7987895854,0
2025-09-08,29.2,23.2035684477819,19.2,13465.651302521,3.4
2025-09-09,30.1846153846154,24.1388042337779,18.15,18264.9973894194,0
2025-09-10,30.4083333333333,27.5663620754246,20.75,18838.1614869909,0
2025-09-11,30.1333333333333,22.863496802343,17.05,15592.4958800905,0
2025-09-12,31.5909090909091,24.87827679353,21.7,9457.08028935036,12.2
2025-09-13,23.6666666666667,21.0932784532253,18.85,3774.541805114,7.2
2025-09-14,28.4,22.2269350035929,18.1,12002.9740904169,1.8
2025-09-15,28.7818181818182,23.4599541921493,20.9333333333333,11214.010230446,38.2
2025-09-16,28.7,24.8104347398633,22.65,9059.88893560116,21
2025-09-17,27.9,24.6266838783706,23.4333333333333,6708.42379583652,4.6
2025-09-18,31.0888888888889,28.8086498223998,25.05,9628.3000184301,0
2025-09-19,30.0142857142857,24.3714788816385,18.45,11613.3873724217,0
2025-09-20,30.77,25.78621755639,21.0333333333333,16964.4995860243,0
2025-09-21,30.55,24.9125735095117,20.26,15801.7370724569,0
2025-09-22,29.9777777777778,24.0194262586728,20.14,5439.8269219457,0
2025-09-23,30.4111111111111,25.3604475631895,22.15,12422.5432231078,0
2025-09-24,27.95,21.7964653980279,17.9,9137.79242890778,1
2025-09-25,29.04,21.4340635230958,15.55,13188.1164575289,0
2025-09-26,28.27,21.7870072719123,16.1444444444444,10916.8209298128,0
2025-09-27,31.0466666666667,24.9686645144978,20.94,14563.7114704521,3.2
2025-09-28,32.0454545454545,24.1222719561035,17.9857142857143,17089.5851687935,0
2025-09-29,31.57,23.0336390793813,13.95,20465.5672155785,0
2025-09-30,32.6428571428571,24.288323493636,17.5333333333333,21358.087522786,0
2025-10-01,32.4875,24.3847129770814,16.2857142857143,21452.1096923224,0
2025-10-02,32.1428571428571,23.9384121838809,16.2333333333333,21054.5857140433,0
2025-10-03,33.8,24.1530143160933,16.5,20837.0086758242,0
2025-10-04,32.5428571428571,25.6853020099114,19.74,20750.7225678292,0
2025-10-05,30.1111111111111,24.9475445991207,19.4333333333333,20040.4730619821,1.6
2025-10-06,30.5,24.9905257870784,20.45,14903.3059679983,0
2025-10-07,29.6090909090909,25.5326728033871,22.1,9465.80888277087,0
2025-10-08,32.575,26.7046961281472,22.95,13957.7440873759,0
2025-10-09,31.8333333333333,26.7455925566681,23.5454545454545,10249.2694614379,3.8
2025-10-10,30.8,25.3095895800106,19.7555555555556,12956.5882497576,0
2025-10-11,31.9923076923077,26.358960642945,21.5333333333333,15924.5941186975,0
2025-10-12,32.25,26.4257521349809,21.7166666666667,14195.4967023969,0
2025-10-13,33.4166666666667,27.8634118039171,24.2,14221.6458248663,1.2
2025-10-14,31.1,25.7266298620231,23.04,9654.43107925898,7.8
2025-10-15,31.3363636363636,25.1660173662035,21.0428571428571,11316.7622519392,1.4
2025-10-16,29.8857142857143,25.9471617965368,21.85,10454.3144805195,0.2
2025-10-17,31.35,26.1170372230109,21.7333333333333,17019.1504818749,0.6
2025-10-18,32.0538461538462,24.6364132262537,18.7,20214.0097962185,0
2025-10-19,31.89,25.798707710114,20.2666666666667,21539.0239169615,0
2025-10-20,32.6166666666667,25.6070478752926,19.75,21426.1446218414,0
2025-10-21,31.8416666666667,24.4622127842607,17.75,22249.9354419478,0
2025-10-22,31.95,25.2819668175313,18.7,22459.070854403,0
2025-10-23,31.3307692307692,22.3487854938942,18.5,6365.80734478022,0
2025-10-24,32.5666666666667,25.6247378807535,19.9,22072.451966663,0
2025-10-25,33.1153846153846,27.0556100321423,22.25,22240.2428631075,0
2025-10-26,33.3090909090909,27.8131419775583,22.35,20449.6555140855,0
2025-10-27,32.2636363636364,28.3509248873108,23.5,19023.3087859401,0
2025-10-28,33.1454545454545,27.2929512840803,22.9,17750.1424671138,1.2
2025-10-29,33.6384615384615,28.2621863975397,22.3333333333333,20688.9107537358,8
2025-10-30,33.48,28.2928229200518,25.2666666666667,11328.2922355365,0.6
2025-10-31,33.9923076923077,28.3559671622704,23.5,16553.7171261312,0
2025-11-01,33.4666666666667,27.2429492906621,21.7333333333333,19922.2855837471,0
2025-11-02,34.53,28.3694006679236,22.84,21160.0686456049,0
2025-11-03,33.8714285714286,28.3859172905947,23.5333333333333,18515.0217984809,0
2025-11-04,33.9923076923077,28.4980328621995,23.6333333333333,16502.4778350326,0
2025-11-05,34.5,27.4633283646178,21.78,21621.0450195319,0
2025-11-06,33.8428571428571,27.1799510595787,21.75,19226.1515817565,0
2025-11-07,33.02,27.6156708706434,23.14,15818.2027043912,0
2025-11-08,33.1777777777778,27.3789520012152,21.1333333333333,20269.6322183258,0
2025-11-09,33.1666666666667,26.5320892467152,20.2,20251.1843268423,0
2025-11-10,34.2384615384615,28.4060372990536,23.05,20735.0410628342,0
2025-11-11,33.8909090909091,28.2478518368079,23.55,17434.0045163134,0
2025-11-12,34.5666666666667,28.0623968743324,23.12,15970.773503188,16.6
2025-11-13,32.8416666666667,27.6160697795181,22.7428571428571,17356.1349722777,2.8
2025-11-14,32.3,27.2627872395342,22.25,13740.798170741,0
2025-11-15,33.2666666666667,27.5879842017886,22.14,18065.0698293471,0
2025-11-16,33.6125,28.3458303930112,24.1833333333333,16777.8941778963,0
2025-11-17,33.9166666666667,26.5210873130701,22.4444444444444,11992.4537039431,18.8
2025-11-18,35.9,28.4089169978572,22.45,18245.3535529718,0
2025-11-19,34.25,27.7480106909998,21.7,21184.3457248707,0
2025-11-20,33.1916666666667,27.0263588814432,20.625,21253.0675222865,0
2025-11-21,33.4,27.0807136362456,20.8666666666667,22572.6971667009,0
2025-11-22,33.7416666666667,27.4466297471943,21.15,22811.4499895105,0
2025-11-23,34.175,27.8922211560369,21.35,21927.2631280536,0
2025-11-24,33.55,28.5843131196289,22.65,22579.0643157725,0
2025-11-25,34.8636363636364,28.4493815241471,23.24,21926.3272401422,0
2025-11-26,33.4833333333333,28.8543261961468,24.4333333333333,20426.6923035274,0
2025-11-27,35.5538461538462,29.017357718594,24.75,15463.5105700549,0
2025-11-28,36.1727272727273,30.8959685207266,26.25,19903.6499663939,0
2025-11-29,33.8714285714286,29.2647428497428,25.2333333333333,16851.6407613416,1.2
2025-11-30,34.0357142857143,28.5287000047054,25.4416666666667,10507.5050592331,3.6
2025-12-01,34.4777777777778,26.137242372323,22.5444444444444,7973.86282159791,1.8
2025-12-02,34.6,28.8937429967693,23,20317.6800118863,0
2025-12-03,33.4181818181818,25.4588543198375,23.4,7067.58484968999,28.4
2025-12-04,32.0333333333333,28.1253246307876,25.25,15070.9512469292,0
2025-12-05,33.7,28.0786911013285,23.4,19463.2517828862,3
2025-12-06,33.3636363636364,26.1575838722681,18.8,22297.1740911735,0
2025-12-07,33.6545454545455,27.2979001266569,21,20494.7298199284,0
2025-12-08,33.7875,27.0325973385589,21.5333333333333,18625.9022082256,0
2025-12-09,34.4090909090909,28.2087176741698,23.05,18844.7323720103,0
2025-12-10,34.58,27.9929328653802,21.2333333333333,20358.6945344215,0
2025-12-11,32.8333333333333,26.056941377022,19.7333333333333,16097.4484944614,0
2025-12-12,34.0625,27.010984801748,21.75,19508.2689830978,0
2025-12-13,33.35,26.9427711177711,20.05,20402.0593164923,0
2025-12-14,34.3461538461538,27.8201538790313,21.4333333333333,22953.1016682081,0
2025-12-15,34.36,27.5103758434548,21.55,21416.6975334225,0
2025-12-16,34.6444444444444,28.1112437473874,24.3833333333333,17641.7248878474,19.8
2025-12-17,27.4461538461538,24.8123884480419,23.6333333333333,4551.90710180995,76.8
2025-12-18,31.2222222222222,25.5968185648892,23.0285714285714,10309.5371352618,20.8
2025-12-19,32.0727272727273,26.5509518997551,22.15,14142.8655267306,0
2025-12-20,33.2461538461538,27.4825646093037,21.95,18734.1737039644,0
2025-12-21,33.63,28.0007065126902,22.9,18174.1074222689,0
2025-12-22,34.66,29.0884616309616,24.425,17775.3558628798,21
2025-12-23,34.1222222222222,28.4666889272924,24.84,15605.829621812,0.2
2025-12-24,34.5571428571429,28.0981536036427,23.35,16655.2725288315,10.8
2025-12-25,34.2875,28.4494822393369,25.1333333333333,15307.5823761092,0
2025-12-26,35.25,28.8187384035717,24.9,15354.1663203781,25.2
2025-12-27,33.2833333333333,28.053857054781,23.7666666666667,16380.3814594743,6.4
2025-12-28,32.66,27.1444693189556,24.3428571428571,8793.61414301887,130
2025-12-29,29.6333333333333,25.7706707564466,23.3,7352.49025390244,45.8
2025-12-30,31.64,25.989713083851,22.8,13086.7757044602,14
2025-12-31,33.1142857142857,27.3461746334474,23.24,18356.4010256323,16.4
2026-01-01,32.77,27.1122181101727,23.25,16029.7926735567,13
2026-01-02,33.3090909090909,27.5857793823617,24.025,14550.8428025021,12.2
2026-01-03,33.6833333333333,27.2207448199948,23.3,12469.6804176876,16.4
2026-01-04,32.4181818181818,26.7345249195249,23.7428571428571,10728.5924776578,50
2026-01-05,30.0666666666667,25.6862787397787,23.6,7359.73330025354,7.8
2026-01-06,33.1545454545455,27.0816971592238,23.9,12413.0460279191,1.6
2026-01-07,29.9555555555556,25.9068266422731,23.9333333333333,6540.3591877627,37.6
2026-01-08,27.37,25.0091939233606,23.8,4246.74963530858,80.8
2026-01-09,29.4666666666667,26.7731268361268,25.1,8351.93320507434,2.4
2026-01-10,34.4666666666667,27.9110164775487,25.7666666666667,11861.7781713886,3.2
2026-01-11,34.3846153846154,29.4347887128498,25.78,14643.9416894261,0
2026-01-12,34.5666666666667,29.8803054982842,26.975,12691.1206883484,0
2026-01-13,35.35,29.8406622302818,26,17620.2101460084,0
2026-01-14,34.625,28.9606292850176,24.8333333333333,15960.7092446598,1.4
2026-01-15,34.66,29.5714393760361,25.025,16481.3993542267,0
2026-01-16,35.0230769230769,29.1460201517233,25.4,15445.1106079509,4.8
2026-01-17,34.56,28.5321859251859,24.2333333333333,11857.5584856173,40.4
2026-01-18,34.95,29.6520198219655,25.55,17101.7832922004,0
2026-01-19,36.5545454545455,29.6251351249224,24.1444444444444,18048.6498613813,0
2026-01-20,33.325,28.2970379651213,24.525,11482.367783136,0
2026-01-21,34.1909090909091,28.6438861971362,24,18806.768088272,0
2026-01-22,33.7636363636364,28.4149104290771,23.05,19527.8219553167,0
2026-01-23,34.1125,28.4553268937852,24.6,15566.9878225598,0.2
2026-01-24,28.9,25.6011791975585,23.9,4521.39287635159,57.6
2026-01-25,32.94,27.5821951154906,24.7333333333333,10476.9845955033,67.4
2026-01-26,33.4181818181818,28.1116719107912,24.3285714285714,14603.6880280455,10
2026-01-27,32.5875,30.7349746970202,28.6,6625.49859453781,0
2026-01-28,35.2,28.8765973870813,23.55,18031.0741660839,0
2026-01-29,34.2875,28.0941919870253,22.825,21594.6817223659,2.2
2026-01-30,33.4444444444444,27.913411200508,22.66,16731.3172429335,0
2026-01-31,33.8833333333333,28.3337981583634,23.2428571428571,20050.6960989746,0
2026-02-01,33.9,32.0268167388167,29.3,8219.24755559147,0
2026-02-02,35.4083333333333,28.5967074653741,23.7,17517.579614415,0
2026-02-03,34.4615384615385,28.2750461306913,24.2428571428571,15682.7658854895,7.6
2026-02-04,32.6545454545455,26.3351330775168,23.5666666666667,13377.9517688268,27
2026-02-05,32.8785714285714,27.6531083632679,24.5,13535.7963377505,24
2026-02-06,32.95,27.6397213542272,25.1428571428571,9053.232166532,58.2
2026-02-07,32.4,27.5850853313353,24.2333333333333,11530.9003495475,17
2026-02-08,44.3,25.8714598413283,13.2,4718.2228778549,26741.1
2026-02-09,24.1,24.1,24.1,0,6887
2026-02-10,NA,NA,NA,0.9,0
2026-02-11,NA,NA,NA,0,39605.6
2026-02-12,NA,NA,NA,0,52823.5
2026-02-13,NA,NA,NA,0,46317.5
2026-02-14,NA,NA,NA,0.45,52704.6
2026-02-15,14,12.55,10.5,0,72434.5
2026-02-16,23.4,20.325,13.4,0,65868.6
2026-02-17,14,13.25,12.5,0,13506.1
2026-02-18,59.4,36.4777777777778,10.8,0,33133.2
2026-02-19,NA,NA,NA,0.9,20006.2
2026-02-20,NA,NA,NA,0,26343.6
2026-02-21,37,32.9809523809524,18.2,0,26562.5
2026-02-22,NA,NA,NA,0,33160.7
2026-02-23,20.2,17.8333333333333,10.8,0,39572.7
2026-02-24,NA,NA,NA,0,26519.6
2026-02-25,NA,NA,NA,0,26524.4
2026-02-26,NA,NA,NA,0,33122.4
2026-02-27,NA,NA,NA,0,13442.9
2026-02-28,NA,NA,NA,0.45,39785.3
2026-03-01,NA,NA,NA,0,79027.7
2026-03-02,52.8,30.3666666666667,15.2,0,59233.8
2026-03-03,NA,NA,NA,0,0
2026-03-04,NA,NA,NA,1.8,108
2026-03-05,NA,NA,NA,0,0
2026-03-06,NA,NA,NA,0,0
2026-03-07,NA,NA,NA,0,0
2026-03-08,NA,NA,NA,0,0
2026-03-09,NA,NA,NA,0,0
2026-03-10,NA,NA,NA,1.8,54
2026-03-11,NA,NA,NA,0,0
2026-03-12,NA,NA,NA,0,0
2026-03-13,NA,NA,NA,0,0
2026-03-14,NA,NA,NA,1.35,6621.6
2026-03-15,26.6,23.84,18,0,13230.6
2026-03-16,11.2,11.2,11.2,0,0
2026-03-17,NA,NA,NA,0,39398
2026-03-18,43.7,27.1966666666667,11.7,1.8,59285.7
2026-03-19,34,25.4136666666667,11.32,1.8,6720.2
