timestamp,Air Temperature (V),Relative Humidity (mA),Dew Point (°C),Rainfall,Rainfall Since 9am,Last Hours Evaporation,Wind Direction,Current Wind Speed,Peak Wind Gust,Vector Wind Speed,Vector Wind Direction,Solar Radiation
29-Jan-24 9:00:00 AM AEST,nan,nan,25.9,nan,nan,nan,209.80,0.49,8.30,4.90,209.80,535.80
29-Jan-24 9:01:00 AM AEST,nan,65.7,nan,nan,nan,nan,nan,nan,nan,nan,nan,nan
29-Jan-24 9:01:04 AM AEST,nan,nan,nan,nan,nan,nan,239.40,0.46,5.90,4.00,242.40,540.80
29-Jan-24 9:01:04 AM AEST,nan,nan,nan,nan,nan,nan,274.20,0.46,5.90,4.00,242.40,540.80
29-Jan-24 9:01:05 AM AEST,nan,nan,26.0,nan,nan,nan,nan,nan,nan,nan,nan,nan
29-Jan-24 9:01:05 AM AEST,nan,nan,25.9,nan,nan,nan,nan,nan,nan,nan,nan,nan
29-Jan-24 9:02:00 AM AEST,33.3,nan,nan,nan,nan,nan,nan,nan,nan,nan,nan,nan
29-Jan-24 9:02:04 AM AEST,nan,65.0,nan,nan,nan,nan,nan,nan,nan,nan,nan,nan
29-Jan-24 9:02:08 AM AEST,nan,nan,nan,nan,nan,nan,248.20,0.39,4.70,3.90,274.20,545.00
29-Jan-24 9:02:08 AM AEST,nan,nan,nan,nan,nan,nan,248.20,0.46,7.10,4.60,248.90,549.20
29-Jan-24 9:02:10 AM AEST,nan,nan,25.8,nan,nan,nan,nan,nan,nan,nan,nan,nan
29-Jan-24 9:03:05 AM AEST,33.4,nan,nan,nan,nan,nan,nan,nan,nan,nan,nan,nan
29-Jan-24 9:03:08 AM AEST,nan,66.7,nan,nan,nan,nan,nan,nan,nan,nan,nan,nan
29-Jan-24 9:03:12 AM AEST,nan,nan,nan,nan,nan,nan,216.90,0.29,5.90,2.40,199.80,518.30
29-Jan-24 9:04:12 AM AEST,nan,66.5,nan,nan,nan,nan,nan,nan,nan,nan,nan,nan
29-Jan-24 9:04:16 AM AEST,nan,nan,nan,nan,nan,nan,150.90,0.68,9.50,6.40,153.50,551.70
29-Jan-24 9:05:00 AM AEST,33.2,nan,26.4,nan,nan,nan,nan,nan,nan,nan,nan,nan
29-Jan-24 9:05:00 AM AEST,33.2,nan,26.3,nan,nan,nan,nan,nan,nan,nan,nan,nan
29-Jan-24 9:05:16 AM AEST,nan,65.8,nan,nan,nan,nan,nan,nan,nan,nan,nan,nan
29-Jan-24 9:05:20 AM AEST,nan,nan,nan,nan,nan,nan,156.10,0.62,nan,6.00,154.60,556.60
29-Jan-24 9:06:05 AM AEST,nan,nan,25.9,nan,nan,nan,nan,nan,nan,nan,nan,nan
29-Jan-24 9:06:20 AM AEST,nan,66.0,nan,nan,nan,nan,nan,nan,nan,nan,nan,nan
29-Jan-24 9:06:24 AM AEST,nan,nan,nan,nan,nan,nan,205.90,0.69,nan,6.60,205.50,565.00
29-Jan-24 9:07:00 AM AEST,33.3,nan,nan,nan,nan,nan,nan,nan,5.90,nan,nan,nan
29-Jan-24 9:07:28 AM AEST,nan,nan,nan,nan,nan,nan,211.00,0.36,nan,3.60,211.00,512.50
29-Jan-24 9:08:04 AM AEST,nan,nan,nan,nan,nan,nan,nan,nan,7.10,nan,nan,nan
29-Jan-24 9:08:32 AM AEST,nan,nan,nan,nan,nan,nan,196.30,0.38,nan,3.80,195.70,573.30
29-Jan-24 9:09:00 AM AEST,nan,66.3,26.0,nan,nan,nan,nan,nan,nan,nan,nan,nan
29-Jan-24 9:09:00 AM AEST,nan,66.3,26.2,nan,nan,nan,nan,nan,nan,nan,nan,nan
29-Jan-24 9:09:08 AM AEST,nan,nan,nan,nan,nan,nan,nan,nan,4.70,nan,nan,nan
29-Jan-24 9:09:36 AM AEST,nan,nan,nan,nan,nan,nan,191.40,0.25,nan,2.50,191.40,583.30
29-Jan-24 9:10:00 AM AEST,33.5,nan,nan,nan,nan,nan,nan,nan,nan,nan,nan,nan
29-Jan-24 9:10:00 AM AEST,33.6,nan,nan,nan,nan,nan,nan,nan,nan,nan,nan,nan
29-Jan-24 9:10:04 AM AEST,nan,66.7,nan,nan,nan,nan,nan,nan,nan,nan,nan,nan
29-Jan-24 9:10:04 AM AEST,nan,67.0,nan,nan,nan,nan,nan,nan,nan,nan,nan,nan
29-Jan-24 9:10:05 AM AEST,nan,nan,26.4,nan,nan,nan,nan,nan,nan,nan,nan,nan
29-Jan-24 9:10:12 AM AEST,nan,nan,nan,nan,nan,nan,nan,nan,7.10,nan,nan,nan
29-Jan-24 9:10:40 AM AEST,nan,nan,nan,nan,nan,nan,185.70,0.35,nan,3.50,183.20,598.30
29-Jan-24 9:11:08 AM AEST,nan,65.0,nan,nan,nan,nan,nan,nan,nan,nan,nan,nan
29-Jan-24 9:11:10 AM AEST,nan,nan,26.6,nan,nan,nan,nan,nan,nan,nan,nan,nan
29-Jan-24 9:11:44 AM AEST,nan,nan,nan,nan,nan,nan,190.50,0.49,nan,4.80,190.30,616.70
29-Jan-24 9:12:12 AM AEST,nan,65.2,nan,nan,nan,nan,nan,nan,nan,nan,nan,nan
29-Jan-24 9:12:15 AM AEST,nan,nan,26.1,nan,nan,nan,nan,nan,nan,nan,nan,nan
29-Jan-24 9:12:48 AM AEST,nan,nan,nan,nan,nan,nan,216.80,0.48,nan,4.70,215.80,636.70
29-Jan-24 9:13:16 AM AEST,nan,65.7,nan,nan,nan,nan,nan,nan,nan,nan,nan,nan
29-Jan-24 9:13:52 AM AEST,nan,nan,nan,nan,nan,nan,199.70,0.38,nan,3.80,199.90,474.10
29-Jan-24 9:14:00 AM AEST,nan,nan,nan,nan,nan,nan,nan,nan,4.70,nan,nan,nan
29-Jan-24 9:14:20 AM AEST,nan,65.0,nan,nan,nan,nan,nan,nan,nan,nan,nan,nan
29-Jan-24 9:14:56 AM AEST,nan,nan,nan,nan,nan,nan,173.30,0.70,nan,6.30,172.60,511.70
29-Jan-24 9:15:00 AM AEST,33.5,nan,26.3,nan,nan,nan,nan,nan,nan,nan,nan,nan
29-Jan-24 9:15:04 AM AEST,nan,nan,nan,nan,nan,nan,nan,nan,9.50,nan,nan,nan
29-Jan-24 9:15:24 AM AEST,nan,64.7,nan,nan,nan,nan,nan,nan,nan,nan,nan,nan
29-Jan-24 9:16:00 AM AEST,nan,nan,nan,nan,nan,nan,183.50,0.57,nan,5.30,182.10,650.80
29-Jan-24 9:16:00 AM AEST,nan,nan,nan,nan,nan,nan,180.90,0.43,nan,4.00,180.60,659.10
29-Jan-24 9:16:05 AM AEST,33.4,nan,26.0,nan,nan,nan,nan,nan,nan,nan,nan,nan
29-Jan-24 9:16:05 AM AEST,33.4,nan,25.8,nan,nan,nan,nan,nan,nan,nan,nan,nan
29-Jan-24 9:16:08 AM AEST,nan,nan,nan,nan,nan,nan,nan,nan,8.30,nan,nan,nan
29-Jan-24 9:16:08 AM AEST,nan,nan,nan,nan,nan,nan,nan,nan,5.90,nan,nan,nan
29-Jan-24 9:16:28 AM AEST,nan,65.5,nan,nan,nan,nan,nan,nan,nan,nan,nan,nan
29-Jan-24 9:17:04 AM AEST,nan,nan,nan,nan,nan,nan,209.50,0.69,nan,6.80,208.50,661.70
29-Jan-24 9:17:10 AM AEST,33.5,nan,26.1,nan,nan,nan,nan,nan,nan,nan,nan,nan
29-Jan-24 9:17:12 AM AEST,nan,nan,nan,nan,nan,nan,nan,nan,10.60,nan,nan,nan
29-Jan-24 9:17:32 AM AEST,nan,65.8,nan,nan,nan,nan,nan,nan,nan,nan,nan,nan
29-Jan-24 9:18:08 AM AEST,nan,nan,nan,nan,nan,nan,201.90,0.54,nan,5.30,201.20,674.90
29-Jan-24 9:18:15 AM AEST,nan,nan,26.2,nan,nan,nan,nan,nan,nan,nan,nan,nan
29-Jan-24 9:18:16 AM AEST,nan,nan,nan,nan,nan,nan,nan,nan,8.30,nan,nan,nan
29-Jan-24 9:18:36 AM AEST,nan,64.7,nan,nan,nan,nan,nan,nan,nan,nan,nan,nan
29-Jan-24 9:19:00 AM AEST,33.4,nan,nan,nan,nan,nan,nan,nan,nan,nan,nan,nan
29-Jan-24 9:19:12 AM AEST,nan,nan,nan,nan,nan,nan,180.30,0.75,nan,7.30,177.50,689.20
29-Jan-24 9:19:20 AM AEST,nan,nan,25.9,nan,nan,nan,nan,nan,11.80,nan,nan,nan
29-Jan-24 9:19:40 AM AEST,nan,64.8,nan,nan,nan,nan,nan,nan,nan,nan,nan,nan
29-Jan-24 9:20:05 AM AEST,33.3,nan,nan,nan,nan,nan,nan,nan,nan,nan,nan,nan
29-Jan-24 9:20:16 AM AEST,nan,nan,nan,nan,nan,nan,191.90,0.68,nan,6.60,189.00,710.80
29-Jan-24 9:20:24 AM AEST,nan,nan,nan,nan,nan,nan,nan,nan,10.60,nan,nan,nan
29-Jan-24 9:20:44 AM AEST,nan,64.7,nan,nan,nan,nan,nan,nan,nan,nan,nan,nan
29-Jan-24 9:21:00 AM AEST,nan,nan,25.7,nan,nan,nan,nan,nan,nan,nan,nan,nan
29-Jan-24 9:21:10 AM AEST,33.4,nan,nan,nan,nan,nan,nan,nan,nan,nan,nan,nan
29-Jan-24 9:21:20 AM AEST,nan,nan,nan,nan,nan,nan,200.20,0.28,nan,2.80,200.20,736.60
29-Jan-24 9:21:28 AM AEST,nan,nan,nan,nan,nan,nan,nan,nan,4.70,nan,nan,nan
29-Jan-24 9:21:48 AM AEST,nan,65.3,nan,nan,nan,nan,nan,nan,nan,nan,nan,nan
29-Jan-24 9:22:05 AM AEST,nan,nan,26.0,nan,nan,nan,nan,nan,nan,nan,nan,nan
29-Jan-24 9:22:15 AM AEST,33.6,nan,nan,nan,nan,nan,nan,nan,nan,nan,nan,nan
29-Jan-24 9:22:24 AM AEST,nan,nan,nan,nan,nan,nan,206.70,0.30,nan,3.00,208.60,729.20
29-Jan-24 9:22:52 AM AEST,nan,65.5,nan,nan,nan,nan,nan,nan,nan,nan,nan,nan
29-Jan-24 9:23:00 AM AEST,nan,nan,nan,nan,nan,nan,nan,nan,5.90,nan,nan,nan
29-Jan-24 9:23:10 AM AEST,nan,nan,26.2,nan,nan,nan,nan,nan,nan,nan,nan,nan
29-Jan-24 9:23:20 AM AEST,33.7,nan,nan,nan,nan,nan,nan,nan,nan,nan,nan,nan
29-Jan-24 9:23:28 AM AEST,nan,nan,nan,nan,nan,nan,237.60,0.38,nan,1.90,242.60,758.20
29-Jan-24 9:23:56 AM AEST,nan,66.3,nan,nan,nan,nan,nan,nan,nan,nan,nan,nan
29-Jan-24 9:24:04 AM AEST,nan,nan,nan,nan,nan,nan,nan,nan,9.50,nan,nan,nan
29-Jan-24 9:24:15 AM AEST,nan,nan,26.5,nan,nan,nan,nan,nan,nan,nan,nan,nan
29-Jan-24 9:24:25 AM AEST,33.8,nan,nan,nan,nan,nan,nan,nan,nan,nan,nan,nan
29-Jan-24 9:24:32 AM AEST,nan,nan,nan,nan,nan,nan,193.00,0.59,nan,5.50,197.30,762.50
29-Jan-24 9:25:00 AM AEST,nan,66.0,nan,nan,nan,nan,nan,nan,nan,nan,nan,nan
29-Jan-24 9:25:08 AM AEST,nan,nan,nan,nan,nan,nan,nan,nan,15.40,nan,nan,nan
29-Jan-24 9:25:30 AM AEST,33.9,nan,nan,nan,nan,nan,nan,nan,nan,nan,nan,nan
29-Jan-24 9:25:36 AM AEST,nan,nan,nan,nan,nan,nan,195.80,0.66,nan,6.00,185.30,753.30
29-Jan-24 9:26:04 AM AEST,nan,65.8,nan,nan,nan,nan,nan,nan,nan,nan,nan,nan
29-Jan-24 9:26:04 AM AEST,nan,64.5,nan,nan,nan,nan,nan,nan,nan,nan,nan,nan
29-Jan-24 9:26:12 AM AEST,nan,nan,nan,nan,nan,nan,nan,nan,14.20,nan,nan,nan
29-Jan-24 9:26:35 AM AEST,33.6,nan,nan,nan,nan,nan,nan,nan,nan,nan,nan,nan
29-Jan-24 9:26:40 AM AEST,nan,nan,nan,nan,nan,nan,185.40,1.05,nan,10.30,183.60,559.10
29-Jan-24 9:27:00 AM AEST,nan,nan,26.6,nan,nan,nan,nan,nan,nan,nan,nan,nan
29-Jan-24 9:27:08 AM AEST,nan,64.8,nan,nan,nan,nan,nan,nan,nan,nan,nan,nan
29-Jan-24 9:27:16 AM AEST,nan,nan,nan,nan,nan,nan,nan,nan,10.60,nan,nan,nan
29-Jan-24 9:27:40 AM AEST,33.5,nan,nan,nan,nan,nan,nan,nan,nan,nan,nan,nan
29-Jan-24 9:27:44 AM AEST,nan,nan,nan,nan,nan,nan,203.20,0.67,nan,6.70,202.50,525.80
29-Jan-24 9:28:05 AM AEST,nan,nan,25.9,nan,nan,nan,nan,nan,nan,nan,nan,nan
29-Jan-24 9:28:12 AM AEST,nan,65.5,nan,nan,nan,nan,nan,nan,nan,nan,nan,nan
29-Jan-24 9:28:48 AM AEST,nan,nan,nan,nan,nan,nan,219.80,0.57,nan,5.50,220.20,696.60
29-Jan-24 9:29:10 AM AEST,nan,nan,26.2,nan,nan,nan,nan,nan,nan,nan,nan,nan
29-Jan-24 9:29:16 AM AEST,nan,65.8,nan,nan,nan,nan,nan,nan,nan,nan,nan,nan
29-Jan-24 9:29:52 AM AEST,nan,nan,nan,nan,nan,nan,194.40,0.86,nan,8.30,196.20,710.80
29-Jan-24 9:30:00 AM AEST,nan,nan,nan,nan,nan,nan,nan,nan,13.00,nan,nan,nan
29-Jan-24 9:30:20 AM AEST,nan,66.0,nan,nan,nan,nan,nan,nan,nan,nan,nan,nan
29-Jan-24 9:30:56 AM AEST,nan,nan,nan,nan,nan,nan,200.60,0.99,nan,9.50,201.60,726.70
29-Jan-24 9:30:56 AM AEST,nan,nan,nan,nan,nan,nan,181.70,0.78,nan,7.50,181.50,740.70
29-Jan-24 9:31:00 AM AEST,33.4,nan,nan,nan,nan,nan,nan,nan,nan,nan,nan,nan
29-Jan-24 9:31:00 AM AEST,33.3,nan,nan,nan,nan,nan,nan,nan,nan,nan,nan,nan
29-Jan-24 9:31:24 AM AEST,nan,66.3,nan,nan,nan,nan,nan,nan,nan,nan,nan,nan
29-Jan-24 9:32:00 AM AEST,nan,nan,nan,nan,nan,nan,219.50,0.53,8.30,5.10,218.20,763.30
29-Jan-24 9:32:05 AM AEST,33.5,nan,nan,nan,nan,nan,nan,nan,nan,nan,nan,nan
29-Jan-24 9:32:28 AM AEST,nan,66.7,nan,nan,nan,nan,nan,nan,nan,nan,nan,nan
29-Jan-24 9:33:00 AM AEST,nan,nan,26.4,nan,nan,nan,nan,nan,nan,nan,nan,nan
29-Jan-24 9:33:04 AM AEST,nan,nan,nan,nan,nan,nan,199.50,0.40,5.90,3.80,196.50,790.00
29-Jan-24 9:33:10 AM AEST,33.6,nan,nan,nan,nan,nan,nan,nan,nan,nan,nan,nan
29-Jan-24 9:33:32 AM AEST,nan,67.0,nan,nan,nan,nan,nan,nan,nan,nan,nan,nan
29-Jan-24 9:34:05 AM AEST,nan,nan,26.6,nan,nan,nan,nan,nan,nan,nan,nan,nan
29-Jan-24 9:34:08 AM AEST,nan,nan,nan,nan,nan,nan,213.90,0.55,7.10,5.20,213.20,679.90
29-Jan-24 9:34:15 AM AEST,33.7,nan,nan,nan,nan,nan,nan,nan,nan,nan,nan,nan
29-Jan-24 9:34:36 AM AEST,nan,66.5,nan,nan,nan,nan,nan,nan,nan,nan,nan,nan
29-Jan-24 9:35:12 AM AEST,nan,nan,nan,nan,nan,nan,188.30,0.44,nan,4.40,188.60,311.70
29-Jan-24 9:35:40 AM AEST,nan,65.2,nan,nan,nan,nan,nan,nan,nan,nan,nan,nan
29-Jan-24 9:36:16 AM AEST,nan,nan,nan,nan,nan,nan,144.70,0.46,nan,4.30,142.50,266.60
29-Jan-24 9:36:44 AM AEST,nan,65.5,nan,nan,nan,nan,nan,nan,nan,nan,nan,nan
29-Jan-24 9:37:00 AM AEST,33.6,nan,26.2,nan,nan,nan,nan,nan,10.60,nan,nan,nan
29-Jan-24 9:37:00 AM AEST,33.6,nan,26.3,nan,nan,nan,nan,nan,10.60,nan,nan,nan
29-Jan-24 9:37:20 AM AEST,nan,nan,nan,nan,nan,nan,204.50,0.70,nan,6.60,206.20,285.00
29-Jan-24 9:37:48 AM AEST,nan,65.3,nan,nan,nan,nan,nan,nan,nan,nan,nan,nan
29-Jan-24 9:38:04 AM AEST,nan,nan,nan,nan,nan,nan,nan,nan,9.50,nan,nan,nan
29-Jan-24 9:38:05 AM AEST,33.5,nan,26.2,nan,nan,nan,nan,nan,nan,nan,nan,nan
29-Jan-24 9:38:24 AM AEST,nan,nan,nan,nan,nan,nan,207.30,0.69,nan,6.70,205.20,294.20
29-Jan-24 9:39:08 AM AEST,nan,nan,nan,nan,nan,nan,nan,nan,7.10,nan,nan,nan
29-Jan-24 9:39:10 AM AEST,33.4,nan,26.1,nan,nan,nan,nan,nan,nan,nan,nan,nan
29-Jan-24 9:39:28 AM AEST,nan,nan,nan,nan,nan,nan,211.50,0.54,nan,5.40,211.50,259.10
29-Jan-24 9:40:00 AM AEST,nan,65.7,nan,nan,nan,nan,nan,nan,nan,nan,nan,nan
29-Jan-24 9:40:00 AM AEST,nan,66.0,nan,nan,nan,nan,nan,nan,nan,nan,nan,nan
29-Jan-24 9:40:12 AM AEST,nan,nan,nan,nan,nan,nan,nan,nan,5.90,nan,nan,nan
29-Jan-24 9:40:15 AM AEST,33.5,nan,nan,nan,nan,nan,nan,nan,nan,nan,nan,nan
29-Jan-24 9:40:32 AM AEST,nan,nan,nan,nan,nan,nan,246.40,0.33,nan,2.40,244.00,442.50
29-Jan-24 9:41:16 AM AEST,nan,nan,nan,nan,nan,nan,nan,nan,7.10,nan,nan,nan
29-Jan-24 9:41:20 AM AEST,33.6,nan,nan,nan,nan,nan,nan,nan,nan,nan,nan,nan
29-Jan-24 9:41:36 AM AEST,nan,nan,nan,nan,nan,nan,nan,0.37,nan,2.10,185.00,732.40
29-Jan-24 9:42:00 AM AEST,nan,66.2,26.2,nan,nan,nan,nan,nan,nan,nan,nan,nan
29-Jan-24 9:42:00 AM AEST,nan,66.0,26.4,nan,nan,nan,nan,nan,nan,nan,nan,nan
29-Jan-24 9:42:20 AM AEST,nan,nan,nan,nan,nan,nan,nan,nan,8.30,nan,nan,nan
29-Jan-24 9:42:25 AM AEST,33.5,nan,nan,nan,nan,nan,nan,nan,nan,nan,nan,nan
29-Jan-24 9:42:40 AM AEST,nan,nan,nan,nan,nan,nan,nan,0.56,nan,5.20,195.10,791.70
29-Jan-24 9:43:00 AM AEST,nan,nan,nan,nan,nan,nan,189.40,nan,nan,nan,nan,nan
29-Jan-24 9:43:05 AM AEST,nan,nan,26.3,nan,nan,nan,nan,nan,nan,nan,nan,nan
29-Jan-24 9:43:24 AM AEST,nan,nan,nan,nan,nan,nan,nan,nan,9.50,nan,nan,nan
29-Jan-24 9:43:30 AM AEST,33.6,nan,nan,nan,nan,nan,nan,nan,nan,nan,nan,nan
29-Jan-24 9:43:44 AM AEST,nan,nan,nan,nan,nan,nan,nan,0.52,nan,5.00,182.10,785.80
29-Jan-24 9:44:00 AM AEST,nan,66.7,nan,nan,nan,nan,nan,nan,nan,nan,nan,nan
29-Jan-24 9:44:04 AM AEST,nan,nan,nan,nan,nan,nan,177.30,nan,nan,nan,nan,nan
29-Jan-24 9:44:10 AM AEST,nan,nan,26.5,nan,nan,nan,nan,nan,nan,nan,nan,nan
29-Jan-24 9:44:48 AM AEST,nan,nan,nan,nan,nan,nan,nan,0.60,nan,5.90,218.30,789.10
29-Jan-24 9:45:00 AM AEST,33.7,nan,nan,nan,nan,nan,nan,nan,7.10,nan,nan,nan
29-Jan-24 9:45:04 AM AEST,nan,66.8,nan,nan,nan,nan,nan,nan,nan,nan,nan,nan
29-Jan-24 9:45:04 AM AEST,nan,66.5,nan,nan,nan,nan,nan,nan,nan,nan,nan,nan
29-Jan-24 9:45:08 AM AEST,nan,nan,nan,nan,nan,nan,220.50,nan,nan,nan,nan,nan
29-Jan-24 9:45:08 AM AEST,nan,nan,nan,nan,nan,nan,203.80,nan,nan,nan,nan,nan
29-Jan-24 9:45:15 AM AEST,nan,nan,26.6,nan,nan,nan,nan,nan,nan,nan,nan,nan
29-Jan-24 9:45:52 AM AEST,nan,nan,nan,nan,nan,nan,nan,0.48,nan,4.70,202.90,774.20
29-Jan-24 9:45:52 AM AEST,nan,nan,nan,nan,nan,nan,nan,0.52,nan,5.20,209.10,766.60
29-Jan-24 9:46:05 AM AEST,33.8,nan,nan,nan,nan,nan,nan,nan,nan,nan,nan,nan
29-Jan-24 9:46:12 AM AEST,nan,nan,nan,nan,nan,nan,209.30,nan,nan,nan,nan,nan
29-Jan-24 9:46:56 AM AEST,nan,nan,nan,nan,nan,nan,nan,0.49,nan,4.80,216.60,697.50
29-Jan-24 9:47:00 AM AEST,nan,66.3,26.7,nan,nan,nan,nan,nan,8.30,nan,nan,nan
29-Jan-24 9:47:16 AM AEST,nan,nan,nan,nan,nan,nan,217.10,nan,nan,nan,nan,nan
29-Jan-24 9:48:00 AM AEST,33.9,nan,nan,nan,nan,nan,nan,0.57,nan,5.70,220.60,230.80
29-Jan-24 9:48:04 AM AEST,nan,65.8,nan,nan,nan,nan,nan,nan,7.10,nan,nan,nan
29-Jan-24 9:48:20 AM AEST,nan,nan,nan,nan,nan,nan,220.50,nan,nan,nan,nan,nan
29-Jan-24 9:49:00 AM AEST,nan,nan,26.6,nan,nan,nan,nan,nan,nan,nan,nan,nan
29-Jan-24 9:49:04 AM AEST,nan,nan,nan,nan,nan,nan,nan,0.54,nan,5.00,196.20,455.80
29-Jan-24 9:49:08 AM AEST,nan,66.0,nan,nan,nan,nan,nan,nan,10.60,nan,nan,nan
29-Jan-24 9:49:24 AM AEST,nan,nan,nan,nan,nan,nan,203.00,nan,nan,nan,nan,nan
29-Jan-24 9:50:08 AM AEST,nan,nan,nan,nan,nan,nan,nan,0.57,nan,5.70,194.20,784.20
29-Jan-24 9:50:12 AM AEST,nan,66.2,nan,nan,nan,nan,nan,nan,7.10,nan,nan,nan
29-Jan-24 9:50:28 AM AEST,nan,nan,nan,nan,nan,nan,194.60,nan,nan,nan,nan,nan
29-Jan-24 9:51:00 AM AEST,33.8,nan,nan,nan,nan,nan,nan,nan,nan,nan,nan,nan
29-Jan-24 9:51:12 AM AEST,nan,nan,nan,nan,nan,nan,nan,0.52,nan,5.00,163.90,783.30
29-Jan-24 9:51:16 AM AEST,nan,66.3,nan,nan,nan,nan,nan,nan,nan,nan,nan,nan
29-Jan-24 9:51:32 AM AEST,nan,nan,nan,nan,nan,nan,161.90,nan,nan,nan,nan,nan
29-Jan-24 9:52:16 AM AEST,nan,nan,nan,nan,nan,nan,nan,0.57,nan,5.40,211.80,701.70
29-Jan-24 9:52:36 AM AEST,nan,nan,nan,nan,nan,nan,211.00,nan,nan,nan,nan,nan
29-Jan-24 9:53:20 AM AEST,nan,nan,nan,nan,nan,nan,nan,0.49,nan,4.90,233.30,599.20
29-Jan-24 9:53:40 AM AEST,nan,nan,nan,nan,nan,nan,233.30,nan,nan,nan,nan,nan
29-Jan-24 9:54:00 AM AEST,33.9,66.2,26.7,nan,nan,nan,nan,nan,nan,nan,nan,nan
29-Jan-24 9:54:00 AM AEST,34.0,66.3,26.7,nan,nan,nan,nan,nan,nan,nan,nan,nan
29-Jan-24 9:54:24 AM AEST,nan,nan,nan,nan,nan,nan,nan,0.44,nan,2.70,173.90,491.60
29-Jan-24 9:54:44 AM AEST,nan,nan,nan,nan,nan,nan,174.30,nan,nan,nan,nan,nan
29-Jan-24 9:55:00 AM AEST,nan,nan,nan,nan,nan,nan,nan,nan,5.90,nan,nan,nan
29-Jan-24 9:55:05 AM AEST,33.9,nan,26.8,nan,nan,nan,nan,nan,nan,nan,nan,nan
29-Jan-24 9:55:28 AM AEST,nan,nan,nan,nan,nan,nan,nan,0.88,nan,8.20,175.40,769.20
29-Jan-24 9:55:48 AM AEST,nan,nan,nan,nan,nan,nan,165.90,nan,nan,nan,nan,nan
29-Jan-24 9:56:00 AM AEST,nan,66.7,nan,nan,nan,nan,nan,nan,nan,nan,nan,nan
29-Jan-24 9:56:04 AM AEST,nan,nan,nan,nan,nan,nan,nan,nan,15.40,nan,nan,nan
29-Jan-24 9:56:04 AM AEST,nan,nan,nan,nan,nan,nan,nan,nan,13.00,nan,nan,nan
29-Jan-24 9:56:10 AM AEST,33.6,nan,nan,nan,nan,nan,nan,nan,nan,nan,nan,nan
29-Jan-24 9:56:32 AM AEST,nan,nan,nan,nan,nan,nan,nan,0.93,nan,9.10,177.30,310.00
29-Jan-24 9:56:52 AM AEST,nan,nan,nan,nan,nan,nan,177.60,nan,nan,nan,nan,nan
29-Jan-24 9:57:08 AM AEST,nan,nan,nan,nan,nan,nan,nan,nan,15.40,nan,nan,nan
29-Jan-24 9:57:15 AM AEST,33.4,nan,nan,nan,nan,nan,nan,nan,nan,nan,nan,nan
29-Jan-24 9:57:36 AM AEST,nan,nan,nan,nan,nan,nan,nan,1.06,nan,10.10,178.00,207.50
29-Jan-24 9:57:56 AM AEST,nan,nan,nan,nan,nan,nan,175.40,nan,nan,nan,nan,nan
29-Jan-24 9:58:00 AM AEST,nan,66.3,26.6,nan,nan,nan,nan,nan,nan,nan,nan,nan
29-Jan-24 9:58:12 AM AEST,nan,nan,nan,nan,nan,nan,nan,nan,13.00,nan,nan,nan
29-Jan-24 9:58:20 AM AEST,33.2,nan,nan,nan,nan,nan,nan,nan,nan,nan,nan,nan
29-Jan-24 9:58:40 AM AEST,nan,nan,nan,nan,nan,nan,nan,1.01,nan,9.70,170.90,778.30
29-Jan-24 9:59:00 AM AEST,nan,nan,nan,nan,nan,0.48,171.70,nan,nan,nan,nan,nan
29-Jan-24 9:59:04 AM AEST,nan,66.8,nan,nan,nan,nan,nan,nan,nan,nan,nan,nan
29-Jan-24 9:59:05 AM AEST,nan,nan,26.3,nan,nan,nan,nan,nan,nan,nan,nan,nan
29-Jan-24 9:59:05 AM AEST,nan,nan,26.2,nan,nan,nan,nan,nan,nan,nan,nan,nan
29-Jan-24 9:59:16 AM AEST,nan,nan,nan,nan,nan,nan,nan,nan,10.60,nan,nan,nan
29-Jan-24 9:59:25 AM AEST,33.1,nan,nan,nan,nan,nan,nan,nan,nan,nan,nan,nan
29-Jan-24 9:59:44 AM AEST,nan,nan,nan,nan,nan,nan,nan,0.69,nan,6.70,151.70,776.60
29-Jan-24 10:00:04 AM AEST,nan,nan,nan,nan,nan,nan,151.00,nan,nan,nan,nan,nan
29-Jan-24 10:00:04 AM AEST,nan,nan,nan,nan,nan,nan,206.90,nan,nan,nan,nan,nan
29-Jan-24 10:00:08 AM AEST,nan,67.8,nan,nan,nan,nan,nan,nan,nan,nan,nan,nan
29-Jan-24 10:00:08 AM AEST,nan,69.0,nan,nan,nan,nan,nan,nan,nan,nan,nan,nan
29-Jan-24 10:00:10 AM AEST,nan,nan,26.4,nan,nan,nan,nan,nan,nan,nan,nan,nan
29-Jan-24 10:00:20 AM AEST,nan,nan,nan,nan,nan,nan,nan,nan,8.30,nan,nan,nan
29-Jan-24 10:00:30 AM AEST,33.3,nan,nan,nan,nan,nan,nan,nan,nan,nan,nan,nan
29-Jan-24 10:00:48 AM AEST,nan,nan,nan,nan,nan,nan,nan,0.52,nan,4.90,210.50,802.50
29-Jan-24 10:01:08 AM AEST,nan,nan,nan,nan,nan,nan,209.70,nan,nan,nan,nan,nan
29-Jan-24 10:01:12 AM AEST,nan,68.7,nan,nan,nan,nan,nan,nan,nan,nan,nan,nan
29-Jan-24 10:01:15 AM AEST,nan,nan,26.8,nan,nan,nan,nan,nan,nan,nan,nan,nan
29-Jan-24 10:01:24 AM AEST,nan,nan,nan,nan,nan,nan,nan,nan,7.10,nan,nan,nan
29-Jan-24 10:01:35 AM AEST,33.5,nan,nan,nan,nan,nan,nan,nan,nan,nan,nan,nan
29-Jan-24 10:01:52 AM AEST,nan,nan,nan,nan,nan,nan,nan,0.45,nan,4.40,208.60,833.30
29-Jan-24 10:01:52 AM AEST,nan,nan,nan,nan,nan,nan,nan,0.83,nan,7.90,187.10,484.90
29-Jan-24 10:02:12 AM AEST,nan,nan,nan,nan,nan,nan,185.50,nan,nan,nan,nan,nan
29-Jan-24 10:02:16 AM AEST,nan,67.5,nan,nan,nan,nan,nan,nan,nan,nan,nan,nan
29-Jan-24 10:02:20 AM AEST,nan,nan,26.9,nan,nan,nan,nan,nan,nan,nan,nan,nan
29-Jan-24 10:02:28 AM AEST,nan,nan,nan,nan,nan,nan,nan,nan,13.00,nan,nan,nan
29-Jan-24 10:02:40 AM AEST,33.6,nan,nan,nan,nan,nan,nan,nan,nan,nan,nan,nan
29-Jan-24 10:02:56 AM AEST,nan,nan,nan,nan,nan,nan,nan,0.66,nan,6.50,203.70,318.30
29-Jan-24 10:03:16 AM AEST,nan,nan,nan,nan,nan,nan,203.00,nan,nan,nan,nan,nan
29-Jan-24 10:03:20 AM AEST,nan,66.7,nan,nan,nan,nan,nan,nan,nan,nan,nan,nan
29-Jan-24 10:03:25 AM AEST,nan,nan,26.7,nan,nan,nan,nan,nan,nan,nan,nan,nan
29-Jan-24 10:03:32 AM AEST,nan,nan,nan,nan,nan,nan,nan,nan,11.80,nan,nan,nan
29-Jan-24 10:04:00 AM AEST,nan,nan,nan,nan,nan,nan,nan,nan,nan,5.70,181.40,294.90
29-Jan-24 10:04:20 AM AEST,nan,nan,nan,nan,nan,nan,182.00,nan,nan,nan,nan,nan
29-Jan-24 10:04:24 AM AEST,nan,66.0,nan,nan,nan,nan,nan,nan,nan,nan,nan,nan
29-Jan-24 10:04:30 AM AEST,nan,nan,26.5,nan,nan,nan,nan,nan,nan,nan,nan,nan
29-Jan-24 10:04:36 AM AEST,nan,nan,nan,nan,nan,nan,nan,nan,8.30,nan,nan,nan
29-Jan-24 10:05:00 AM AEST,33.5,nan,nan,nan,nan,nan,nan,0.60,nan,nan,nan,nan
29-Jan-24 10:05:00 AM AEST,33.5,nan,nan,nan,nan,nan,nan,0.67,nan,nan,nan,nan
29-Jan-24 10:05:04 AM AEST,nan,nan,nan,nan,nan,nan,nan,nan,nan,6.40,142.20,526.70
29-Jan-24 10:05:24 AM AEST,nan,nan,nan,nan,nan,nan,141.30,nan,nan,nan,nan,nan
29-Jan-24 10:05:28 AM AEST,nan,66.8,nan,nan,nan,nan,nan,nan,nan,nan,nan,nan
29-Jan-24 10:05:35 AM AEST,nan,nan,26.4,nan,nan,nan,nan,nan,nan,nan,nan,nan
29-Jan-24 10:05:40 AM AEST,nan,nan,nan,nan,nan,nan,nan,nan,11.80,nan,nan,nan
29-Jan-24 10:06:04 AM AEST,nan,nan,nan,nan,nan,nan,nan,0.78,nan,nan,nan,nan
29-Jan-24 10:06:05 AM AEST,33.3,nan,nan,nan,nan,nan,nan,nan,nan,nan,nan,nan
29-Jan-24 10:06:08 AM AEST,nan,nan,nan,nan,nan,nan,nan,nan,nan,7.40,153.40,511.70
29-Jan-24 10:06:28 AM AEST,nan,nan,nan,nan,nan,nan,156.50,nan,nan,nan,nan,nan
29-Jan-24 10:06:32 AM AEST,nan,67.0,nan,nan,nan,nan,nan,nan,nan,nan,nan,nan
29-Jan-24 10:06:40 AM AEST,nan,nan,26.5,nan,nan,nan,nan,nan,nan,nan,nan,nan
29-Jan-24 10:06:44 AM AEST,nan,nan,nan,nan,nan,nan,nan,nan,10.60,nan,nan,nan
29-Jan-24 10:07:08 AM AEST,nan,nan,nan,nan,nan,nan,nan,0.57,nan,nan,nan,nan
29-Jan-24 10:07:10 AM AEST,33.4,nan,nan,nan,nan,nan,nan,nan,nan,nan,nan,nan
29-Jan-24 10:07:12 AM AEST,nan,nan,nan,nan,nan,nan,nan,nan,nan,5.50,171.30,310.80
29-Jan-24 10:07:32 AM AEST,nan,nan,nan,nan,nan,nan,176.10,nan,nan,nan,nan,nan
29-Jan-24 10:07:36 AM AEST,nan,67.5,nan,nan,nan,nan,nan,nan,nan,nan,nan,nan
29-Jan-24 10:07:45 AM AEST,nan,nan,26.3,nan,nan,nan,nan,nan,nan,nan,nan,nan
29-Jan-24 10:07:48 AM AEST,nan,nan,nan,nan,nan,nan,nan,nan,9.50,nan,nan,nan
29-Jan-24 10:08:12 AM AEST,nan,nan,nan,nan,nan,nan,nan,1.02,nan,nan,nan,nan
29-Jan-24 10:08:15 AM AEST,33.2,nan,nan,nan,nan,nan,nan,nan,nan,nan,nan,nan
29-Jan-24 10:08:16 AM AEST,nan,nan,nan,nan,nan,nan,nan,nan,nan,9.90,168.30,493.30
29-Jan-24 10:08:36 AM AEST,nan,nan,nan,nan,nan,nan,171.60,nan,nan,nan,nan,nan
29-Jan-24 10:08:40 AM AEST,nan,67.0,nan,nan,nan,nan,nan,nan,nan,nan,nan,nan
29-Jan-24 10:08:50 AM AEST,nan,nan,26.5,nan,nan,nan,nan,nan,nan,nan,nan,nan
29-Jan-24 10:08:52 AM AEST,nan,nan,nan,nan,nan,nan,nan,nan,15.40,nan,nan,nan
29-Jan-24 10:09:16 AM AEST,nan,nan,nan,nan,nan,nan,nan,0.81,nan,nan,nan,nan
29-Jan-24 10:09:20 AM AEST,33.1,nan,nan,nan,nan,nan,nan,nan,nan,8.10,183.00,804.90
29-Jan-24 10:09:40 AM AEST,nan,nan,nan,nan,nan,nan,183.40,nan,nan,nan,nan,nan
29-Jan-24 10:09:44 AM AEST,nan,67.5,nan,nan,nan,nan,nan,nan,nan,nan,nan,nan
29-Jan-24 10:09:55 AM AEST,nan,nan,26.2,nan,nan,nan,nan,nan,nan,nan,nan,nan
29-Jan-24 10:09:56 AM AEST,nan,nan,nan,nan,nan,nan,nan,nan,11.80,nan,nan,nan
29-Jan-24 10:10:20 AM AEST,nan,nan,nan,nan,nan,nan,nan,0.82,nan,nan,nan,nan
29-Jan-24 10:10:24 AM AEST,nan,nan,nan,nan,nan,nan,nan,nan,nan,8.00,189.90,285.00
29-Jan-24 10:10:25 AM AEST,33.2,nan,nan,nan,nan,nan,nan,nan,nan,nan,nan,nan
29-Jan-24 10:10:44 AM AEST,nan,nan,nan,nan,nan,nan,190.20,nan,nan,nan,nan,nan
29-Jan-24 10:10:48 AM AEST,nan,68.0,nan,nan,nan,nan,nan,nan,nan,nan,nan,nan
29-Jan-24 10:11:00 AM AEST,nan,nan,26.3,nan,nan,nan,nan,nan,nan,nan,nan,nan
29-Jan-24 10:11:24 AM AEST,nan,nan,nan,nan,nan,nan,nan,0.75,nan,nan,nan,nan
29-Jan-24 10:11:28 AM AEST,nan,nan,nan,nan,nan,nan,nan,nan,nan,7.40,185.80,244.20
29-Jan-24 10:11:30 AM AEST,33.0,nan,nan,nan,nan,nan,nan,nan,nan,nan,nan,nan
29-Jan-24 10:11:48 AM AEST,nan,nan,nan,nan,nan,nan,186.30,nan,nan,nan,nan,nan
29-Jan-24 10:11:52 AM AEST,nan,68.5,nan,nan,nan,nan,nan,nan,nan,nan,nan,nan
29-Jan-24 10:12:00 AM AEST,nan,nan,nan,nan,nan,nan,nan,nan,9.50,nan,nan,nan
29-Jan-24 10:12:05 AM AEST,nan,nan,26.5,nan,nan,nan,nan,nan,nan,nan,nan,nan
29-Jan-24 10:12:28 AM AEST,nan,nan,nan,nan,nan,nan,nan,0.87,nan,nan,nan,nan
29-Jan-24 10:12:32 AM AEST,nan,nan,nan,nan,nan,nan,nan,nan,nan,7.90,218.70,860.70
29-Jan-24 10:12:52 AM AEST,nan,nan,nan,nan,nan,nan,219.00,nan,nan,nan,nan,nan
29-Jan-24 10:12:56 AM AEST,nan,67.8,nan,nan,nan,nan,nan,nan,nan,nan,nan,nan
29-Jan-24 10:13:04 AM AEST,nan,nan,nan,nan,nan,nan,nan,nan,10.60,nan,nan,nan
29-Jan-24 10:13:10 AM AEST,nan,nan,26.3,nan,nan,nan,nan,nan,nan,nan,nan,nan
29-Jan-24 10:13:32 AM AEST,nan,nan,nan,nan,nan,nan,nan,0.78,nan,nan,nan,nan
29-Jan-24 10:13:36 AM AEST,nan,nan,nan,nan,nan,nan,nan,nan,nan,7.30,205.50,882.50
29-Jan-24 10:13:56 AM AEST,nan,nan,nan,nan,nan,nan,210.70,nan,nan,nan,nan,nan
29-Jan-24 10:13:56 AM AEST,nan,nan,nan,nan,nan,nan,154.20,nan,nan,nan,nan,nan
29-Jan-24 10:14:00 AM AEST,33.1,67.5,nan,nan,nan,nan,nan,nan,nan,nan,nan,nan
29-Jan-24 10:14:00 AM AEST,33.2,68.0,nan,nan,nan,nan,nan,nan,nan,nan,nan,nan
29-Jan-24 10:14:08 AM AEST,nan,nan,nan,nan,nan,nan,nan,nan,11.80,nan,nan,nan
29-Jan-24 10:14:08 AM AEST,nan,nan,nan,nan,nan,nan,nan,nan,8.30,nan,nan,nan
29-Jan-24 10:14:36 AM AEST,nan,nan,nan,nan,nan,nan,nan,0.56,nan,nan,nan,nan
29-Jan-24 10:14:40 AM AEST,nan,nan,nan,nan,nan,nan,nan,nan,nan,5.10,154.30,906.60
29-Jan-24 10:15:00 AM AEST,nan,nan,26.5,nan,nan,nan,124.80,nan,nan,nan,nan,nan
29-Jan-24 10:15:04 AM AEST,nan,67.3,nan,nan,nan,nan,nan,nan,nan,nan,nan,nan
29-Jan-24 10:15:05 AM AEST,33.3,nan,nan,nan,nan,nan,nan,nan,nan,nan,nan,nan
29-Jan-24 10:15:12 AM AEST,nan,nan,nan,nan,nan,nan,nan,nan,11.80,nan,nan,nan
29-Jan-24 10:15:40 AM AEST,nan,nan,nan,nan,nan,nan,nan,0.91,nan,nan,nan,nan
29-Jan-24 10:15:44 AM AEST,nan,nan,nan,nan,nan,nan,nan,nan,nan,9.00,125.30,925.80
29-Jan-24 10:16:04 AM AEST,nan,nan,nan,nan,nan,nan,141.10,nan,nan,nan,nan,nan
29-Jan-24 10:16:05 AM AEST,nan,nan,26.4,nan,nan,nan,nan,nan,nan,nan,nan,nan
29-Jan-24 10:16:08 AM AEST,nan,67.7,nan,nan,nan,nan,nan,nan,nan,nan,nan,nan
29-Jan-24 10:16:16 AM AEST,nan,nan,nan,nan,nan,nan,nan,nan,16.60,nan,nan,nan
29-Jan-24 10:16:44 AM AEST,nan,nan,nan,nan,nan,nan,nan,0.89,nan,nan,nan,nan
29-Jan-24 10:16:48 AM AEST,nan,nan,nan,nan,nan,nan,nan,nan,nan,8.50,143.00,684.20
29-Jan-24 10:17:08 AM AEST,nan,nan,nan,nan,nan,nan,168.20,nan,nan,nan,nan,nan
29-Jan-24 10:17:10 AM AEST,nan,nan,26.5,nan,nan,nan,nan,nan,nan,nan,nan,nan
29-Jan-24 10:17:12 AM AEST,nan,67.5,nan,nan,nan,nan,nan,nan,nan,nan,nan,nan
29-Jan-24 10:17:20 AM AEST,nan,nan,nan,nan,nan,nan,nan,nan,15.40,nan,nan,nan
29-Jan-24 10:17:48 AM AEST,nan,nan,nan,nan,nan,nan,nan,1.13,nan,nan,nan,nan
29-Jan-24 10:17:52 AM AEST,nan,nan,nan,nan,nan,nan,nan,nan,nan,10.80,170.50,337.40
29-Jan-24 10:17:52 AM AEST,nan,nan,nan,nan,nan,nan,nan,nan,nan,7.40,175.90,612.50
29-Jan-24 10:18:00 AM AEST,33.2,nan,nan,nan,nan,nan,nan,nan,nan,nan,nan,nan
29-Jan-24 10:18:00 AM AEST,33.0,nan,nan,nan,nan,nan,nan,nan,nan,nan,nan,nan
29-Jan-24 10:18:12 AM AEST,nan,nan,nan,nan,nan,nan,176.90,nan,nan,nan,nan,nan
29-Jan-24 10:18:15 AM AEST,nan,nan,26.3,nan,nan,nan,nan,nan,nan,nan,nan,nan
29-Jan-24 10:18:16 AM AEST,nan,68.2,nan,nan,nan,nan,nan,nan,nan,nan,nan,nan
29-Jan-24 10:18:24 AM AEST,nan,nan,nan,nan,nan,nan,nan,nan,10.60,nan,nan,nan
29-Jan-24 10:18:52 AM AEST,nan,nan,nan,nan,nan,nan,nan,0.83,nan,nan,nan,nan
29-Jan-24 10:19:16 AM AEST,nan,nan,nan,nan,nan,nan,226.40,nan,nan,nan,nan,nan
29-Jan-24 10:19:20 AM AEST,nan,69.0,nan,nan,nan,nan,nan,nan,nan,nan,nan,nan
29-Jan-24 10:19:28 AM AEST,nan,nan,nan,nan,nan,nan,nan,nan,11.80,nan,nan,nan
29-Jan-24 10:19:56 AM AEST,nan,nan,nan,nan,nan,nan,nan,0.74,nan,nan,nan,nan
29-Jan-24 10:19:56 AM AEST,nan,nan,nan,nan,nan,nan,nan,0.98,nan,nan,nan,nan
29-Jan-24 10:20:00 AM AEST,nan,nan,nan,nan,nan,nan,nan,nan,nan,7.20,226.60,245.80
29-Jan-24 10:20:00 AM AEST,nan,nan,nan,nan,nan,nan,nan,nan,nan,9.10,181.20,252.50
29-Jan-24 10:20:20 AM AEST,nan,nan,nan,nan,nan,nan,182.60,nan,nan,nan,nan,nan
29-Jan-24 10:20:32 AM AEST,nan,nan,nan,nan,nan,nan,nan,nan,14.20,nan,nan,nan
29-Jan-24 10:21:00 AM AEST,32.9,nan,26.5,nan,nan,nan,nan,0.88,nan,nan,nan,nan
29-Jan-24 10:21:00 AM AEST,32.8,nan,26.5,nan,nan,nan,nan,0.88,nan,nan,nan,nan
29-Jan-24 10:21:04 AM AEST,nan,nan,nan,nan,nan,nan,nan,nan,nan,8.50,161.90,451.70
29-Jan-24 10:21:24 AM AEST,nan,nan,nan,nan,nan,nan,163.20,nan,nan,nan,nan,nan
29-Jan-24 10:21:36 AM AEST,nan,nan,nan,nan,nan,nan,nan,nan,13.00,nan,nan,nan
29-Jan-24 10:22:00 AM AEST,nan,68.8,nan,nan,nan,nan,nan,nan,nan,nan,nan,nan
29-Jan-24 10:22:04 AM AEST,nan,nan,nan,nan,nan,nan,nan,0.60,nan,nan,nan,nan
29-Jan-24 10:22:05 AM AEST,nan,nan,26.3,nan,nan,nan,nan,nan,nan,nan,nan,nan
29-Jan-24 10:22:08 AM AEST,nan,nan,nan,nan,nan,nan,nan,nan,nan,5.90,150.80,840.70
29-Jan-24 10:22:28 AM AEST,nan,nan,nan,nan,nan,nan,151.10,nan,nan,nan,nan,nan
29-Jan-24 10:22:40 AM AEST,nan,nan,nan,nan,nan,nan,nan,nan,9.50,nan,nan,nan
29-Jan-24 10:23:04 AM AEST,nan,69.7,nan,nan,nan,nan,nan,nan,nan,nan,nan,nan
29-Jan-24 10:23:08 AM AEST,nan,nan,nan,nan,nan,nan,nan,1.01,nan,nan,nan,nan
29-Jan-24 10:23:10 AM AEST,nan,nan,26.5,nan,nan,nan,nan,nan,nan,nan,nan,nan
29-Jan-24 10:23:12 AM AEST,nan,nan,nan,nan,nan,nan,nan,nan,nan,10.00,230.80,945.80
29-Jan-24 10:23:32 AM AEST,nan,nan,nan,nan,nan,nan,230.70,nan,nan,nan,nan,nan
29-Jan-24 10:23:44 AM AEST,nan,nan,nan,nan,nan,nan,nan,nan,15.40,nan,nan,nan
29-Jan-24 10:24:08 AM AEST,nan,67.8,nan,nan,nan,nan,nan,nan,nan,nan,nan,nan
29-Jan-24 10:24:08 AM AEST,nan,69.5,nan,nan,nan,nan,nan,nan,nan,nan,nan,nan
29-Jan-24 10:24:12 AM AEST,nan,nan,nan,nan,nan,nan,nan,0.50,nan,nan,nan,nan
29-Jan-24 10:24:15 AM AEST,nan,nan,26.1,nan,nan,nan,nan,nan,nan,nan,nan,nan
29-Jan-24 10:24:16 AM AEST,nan,nan,nan,nan,nan,nan,nan,nan,nan,4.80,213.60,787.50
29-Jan-24 10:24:36 AM AEST,nan,nan,nan,nan,nan,nan,215.80,nan,nan,nan,nan,nan
29-Jan-24 10:24:48 AM AEST,nan,nan,nan,nan,nan,nan,nan,nan,8.30,nan,nan,nan
29-Jan-24 10:25:00 AM AEST,33.0,nan,nan,nan,nan,nan,nan,nan,nan,nan,nan,nan
29-Jan-24 10:25:16 AM AEST,nan,nan,nan,nan,nan,nan,nan,0.63,nan,nan,nan,nan
29-Jan-24 10:25:20 AM AEST,nan,nan,26.7,nan,nan,nan,nan,nan,nan,5.80,160.30,581.60
29-Jan-24 10:25:40 AM AEST,nan,nan,nan,nan,nan,nan,160.80,nan,nan,nan,nan,nan
29-Jan-24 10:25:52 AM AEST,nan,nan,nan,nan,nan,nan,nan,nan,9.50,nan,nan,nan
29-Jan-24 10:26:05 AM AEST,33.2,nan,nan,nan,nan,nan,nan,nan,nan,nan,nan,nan
29-Jan-24 10:26:20 AM AEST,nan,nan,nan,nan,nan,nan,nan,0.88,nan,nan,nan,nan
29-Jan-24 10:26:24 AM AEST,nan,nan,nan,nan,nan,nan,nan,nan,nan,8.30,155.50,470.80
29-Jan-24 10:26:25 AM AEST,nan,nan,26.8,nan,nan,nan,nan,nan,nan,nan,nan,nan
29-Jan-24 10:26:44 AM AEST,nan,nan,nan,nan,nan,nan,155.20,nan,nan,nan,nan,nan
29-Jan-24 10:26:56 AM AEST,nan,nan,nan,nan,nan,nan,nan,nan,11.80,nan,nan,nan
29-Jan-24 10:27:00 AM AEST,nan,69.3,nan,nan,nan,nan,nan,nan,nan,nan,nan,nan
29-Jan-24 10:27:10 AM AEST,33.0,nan,nan,nan,nan,nan,nan,nan,nan,nan,nan,nan
29-Jan-24 10:27:24 AM AEST,nan,nan,nan,nan,nan,nan,nan,0.75,nan,nan,nan,nan
29-Jan-24 10:27:28 AM AEST,nan,nan,nan,nan,nan,nan,nan,nan,nan,7.40,150.90,726.60
29-Jan-24 10:27:48 AM AEST,nan,nan,nan,nan,nan,nan,148.60,nan,nan,nan,nan,nan
29-Jan-24 10:28:04 AM AEST,nan,68.8,nan,nan,nan,nan,nan,nan,nan,nan,nan,nan
29-Jan-24 10:28:15 AM AEST,33.1,nan,nan,nan,nan,nan,nan,nan,nan,nan,nan,nan
29-Jan-24 10:28:28 AM AEST,nan,nan,nan,nan,nan,nan,nan,0.63,nan,nan,nan,nan
29-Jan-24 10:28:32 AM AEST,nan,nan,nan,nan,nan,nan,nan,nan,nan,5.30,165.10,814.20
29-Jan-24 10:28:52 AM AEST,nan,nan,nan,nan,nan,nan,160.60,nan,nan,nan,nan,nan
29-Jan-24 10:28:52 AM AEST,nan,nan,nan,nan,nan,nan,188.30,nan,nan,nan,nan,nan
29-Jan-24 10:29:00 AM AEST,nan,nan,26.5,nan,nan,nan,nan,nan,9.50,nan,nan,nan
29-Jan-24 10:29:00 AM AEST,nan,nan,26.8,nan,nan,nan,nan,nan,13.00,nan,nan,nan
29-Jan-24 10:29:08 AM AEST,nan,69.7,nan,nan,nan,nan,nan,nan,nan,nan,nan,nan
29-Jan-24 10:29:08 AM AEST,nan,69.3,nan,nan,nan,nan,nan,nan,nan,nan,nan,nan
29-Jan-24 10:29:20 AM AEST,33.2,nan,nan,nan,nan,nan,nan,nan,nan,nan,nan,nan
29-Jan-24 10:29:32 AM AEST,nan,nan,nan,nan,nan,nan,nan,0.87,nan,nan,nan,nan
29-Jan-24 10:29:36 AM AEST,nan,nan,nan,nan,nan,nan,nan,nan,nan,7.80,188.80,310.00
29-Jan-24 10:29:56 AM AEST,nan,nan,nan,nan,nan,nan,186.80,nan,nan,nan,nan,nan
29-Jan-24 10:30:12 AM AEST,nan,68.8,nan,nan,nan,nan,nan,nan,nan,nan,nan,nan
29-Jan-24 10:30:25 AM AEST,33.1,nan,nan,nan,nan,nan,nan,nan,nan,nan,nan,nan
29-Jan-24 10:30:36 AM AEST,nan,nan,nan,nan,nan,nan,nan,0.82,nan,nan,nan,nan
29-Jan-24 10:30:40 AM AEST,nan,nan,nan,nan,nan,nan,nan,nan,nan,7.30,187.60,374.10
29-Jan-24 10:31:00 AM AEST,nan,nan,nan,nan,nan,nan,190.20,nan,nan,nan,nan,nan
29-Jan-24 10:31:16 AM AEST,nan,68.7,nan,nan,nan,nan,nan,nan,nan,nan,nan,nan
29-Jan-24 10:31:30 AM AEST,33.0,nan,nan,nan,nan,nan,nan,nan,nan,nan,nan,nan
29-Jan-24 10:31:40 AM AEST,nan,nan,nan,nan,nan,nan,nan,0.69,nan,nan,nan,nan
29-Jan-24 10:31:44 AM AEST,nan,nan,nan,nan,nan,nan,nan,nan,nan,6.50,188.70,612.50
29-Jan-24 10:32:00 AM AEST,nan,nan,26.6,nan,nan,nan,nan,nan,9.50,nan,nan,nan
29-Jan-24 10:32:00 AM AEST,nan,nan,26.4,nan,nan,nan,nan,nan,11.80,nan,nan,nan
29-Jan-24 10:32:04 AM AEST,nan,nan,nan,nan,nan,nan,216.00,nan,nan,nan,nan,nan
29-Jan-24 10:32:20 AM AEST,nan,69.3,nan,nan,nan,nan,nan,nan,nan,nan,nan,nan
29-Jan-24 10:32:35 AM AEST,33.1,nan,nan,nan,nan,nan,nan,nan,nan,nan,nan,nan
29-Jan-24 10:32:44 AM AEST,nan,nan,nan,nan,nan,nan,nan,0.72,nan,nan,nan,nan
29-Jan-24 10:32:48 AM AEST,nan,nan,nan,nan,nan,nan,nan,nan,nan,6.90,220.50,960.70
29-Jan-24 10:33:04 AM AEST,nan,nan,nan,nan,nan,nan,nan,nan,13.00,nan,nan,nan
29-Jan-24 10:33:05 AM AEST,nan,nan,26.7,nan,nan,nan,nan,nan,nan,nan,nan,nan
29-Jan-24 10:33:08 AM AEST,nan,nan,nan,nan,nan,nan,204.90,nan,nan,nan,nan,nan
29-Jan-24 10:33:40 AM AEST,33.0,nan,nan,nan,nan,nan,nan,nan,nan,nan,nan,nan
29-Jan-24 10:33:48 AM AEST,nan,nan,nan,nan,nan,nan,nan,0.98,nan,nan,nan,nan
29-Jan-24 10:33:52 AM AEST,nan,nan,nan,nan,nan,nan,nan,nan,nan,9.40,204.40,979.20
29-Jan-24 10:33:52 AM AEST,nan,nan,nan,nan,nan,nan,nan,nan,nan,9.20,171.50,979.20
29-Jan-24 10:34:10 AM AEST,nan,nan,26.6,nan,nan,nan,nan,nan,nan,nan,nan,nan
29-Jan-24 10:34:12 AM AEST,nan,nan,nan,nan,nan,nan,171.50,nan,nan,nan,nan,nan
29-Jan-24 10:34:45 AM AEST,32.9,nan,nan,nan,nan,nan,nan,nan,nan,nan,nan,nan
29-Jan-24 10:34:52 AM AEST,nan,nan,nan,nan,nan,nan,nan,0.99,nan,nan,nan,nan
29-Jan-24 10:34:56 AM AEST,nan,nan,nan,nan,nan,nan,nan,nan,nan,nan,nan,892.50
29-Jan-24 10:35:00 AM AEST,nan,68.7,nan,nan,nan,nan,nan,nan,nan,nan,nan,nan
29-Jan-24 10:35:00 AM AEST,nan,69.2,nan,nan,nan,nan,nan,nan,nan,nan,nan,nan
29-Jan-24 10:35:15 AM AEST,nan,nan,26.4,nan,nan,nan,nan,nan,nan,nan,nan,nan
29-Jan-24 10:35:16 AM AEST,nan,nan,nan,nan,nan,nan,184.70,nan,nan,nan,nan,nan
29-Jan-24 10:35:56 AM AEST,nan,nan,nan,nan,nan,nan,nan,0.70,nan,nan,nan,nan
29-Jan-24 10:36:00 AM AEST,nan,nan,nan,nan,nan,nan,nan,nan,9.50,6.80,184.40,585.80
29-Jan-24 10:36:00 AM AEST,nan,nan,nan,nan,nan,nan,nan,nan,9.50,1.90,216.20,585.80
29-Jan-24 10:36:20 AM AEST,nan,nan,26.5,nan,nan,nan,249.00,nan,nan,nan,nan,nan
29-Jan-24 10:37:00 AM AEST,33.1,69.7,nan,nan,nan,nan,nan,0.54,nan,nan,nan,nan
29-Jan-24 10:37:00 AM AEST,33.1,69.7,nan,nan,nan,nan,nan,0.83,nan,nan,nan,nan
29-Jan-24 10:37:04 AM AEST,nan,nan,nan,nan,nan,nan,nan,nan,14.20,7.40,175.90,374.20
29-Jan-24 10:37:04 AM AEST,nan,nan,nan,nan,nan,nan,nan,nan,14.20,7.40,175.90,310.80
29-Jan-24 10:37:24 AM AEST,nan,nan,nan,nan,nan,nan,178.40,nan,nan,nan,nan,nan
29-Jan-24 10:37:25 AM AEST,nan,nan,26.8,nan,nan,nan,nan,nan,nan,nan,nan,nan
29-Jan-24 10:38:04 AM AEST,nan,68.8,nan,nan,nan,nan,nan,nan,nan,nan,nan,nan
29-Jan-24 10:38:05 AM AEST,32.9,nan,nan,nan,nan,nan,nan,nan,nan,nan,nan,nan
29-Jan-24 10:38:08 AM AEST,nan,nan,nan,nan,nan,nan,nan,nan,nan,7.50,184.30,nan
29-Jan-24 10:38:28 AM AEST,nan,nan,nan,nan,nan,nan,184.20,nan,nan,nan,nan,nan
29-Jan-24 10:39:00 AM AEST,nan,nan,nan,nan,nan,nan,nan,0.82,nan,nan,nan,nan
29-Jan-24 10:39:12 AM AEST,nan,nan,nan,nan,nan,nan,nan,nan,nan,6.30,207.60,nan
29-Jan-24 10:39:32 AM AEST,nan,nan,nan,nan,nan,nan,206.50,nan,nan,nan,nan,nan
29-Jan-24 10:40:00 AM AEST,nan,nan,26.4,nan,nan,nan,nan,nan,10.60,nan,nan,275.80
29-Jan-24 10:40:04 AM AEST,nan,nan,nan,nan,nan,nan,nan,0.64,nan,nan,nan,nan
29-Jan-24 10:40:04 AM AEST,nan,nan,nan,nan,nan,nan,nan,0.81,nan,nan,nan,nan
29-Jan-24 10:40:16 AM AEST,nan,nan,nan,nan,nan,nan,nan,nan,nan,7.70,167.60,nan
29-Jan-24 10:40:36 AM AEST,nan,nan,nan,nan,nan,nan,169.20,nan,nan,nan,nan,nan
29-Jan-24 10:41:00 AM AEST,32.8,69.7,nan,nan,nan,nan,nan,nan,nan,nan,nan,nan
29-Jan-24 10:41:04 AM AEST,nan,nan,nan,nan,nan,nan,nan,nan,13.00,nan,nan,264.10
29-Jan-24 10:41:20 AM AEST,nan,nan,nan,nan,nan,nan,nan,nan,nan,10.30,178.60,nan
29-Jan-24 10:41:40 AM AEST,nan,nan,nan,nan,nan,nan,184.30,nan,nan,nan,nan,nan
29-Jan-24 10:42:00 AM AEST,nan,nan,26.5,nan,nan,nan,nan,1.09,nan,nan,nan,nan
29-Jan-24 10:42:04 AM AEST,nan,68.8,nan,nan,nan,nan,nan,nan,nan,nan,nan,nan
29-Jan-24 10:42:05 AM AEST,32.6,nan,nan,nan,nan,nan,nan,nan,nan,nan,nan,nan
29-Jan-24 10:42:08 AM AEST,nan,nan,nan,nan,nan,nan,nan,nan,18.90,nan,nan,260.80
29-Jan-24 10:42:08 AM AEST,nan,nan,nan,nan,nan,nan,nan,nan,9.50,nan,nan,279.10
29-Jan-24 10:42:24 AM AEST,nan,nan,nan,nan,nan,nan,nan,nan,nan,6.40,162.20,nan
29-Jan-24 10:42:44 AM AEST,nan,nan,nan,nan,nan,nan,160.60,nan,nan,nan,nan,nan
29-Jan-24 10:43:04 AM AEST,nan,nan,nan,nan,nan,nan,nan,0.71,nan,nan,nan,nan
29-Jan-24 10:43:04 AM AEST,nan,nan,nan,nan,nan,nan,nan,0.73,nan,nan,nan,nan
29-Jan-24 10:43:05 AM AEST,nan,nan,26.2,nan,nan,nan,nan,nan,nan,nan,nan,nan
29-Jan-24 10:43:08 AM AEST,nan,69.3,nan,nan,nan,nan,nan,nan,nan,nan,nan,nan
29-Jan-24 10:43:08 AM AEST,nan,69.5,nan,nan,nan,nan,nan,nan,nan,nan,nan,nan
29-Jan-24 10:43:10 AM AEST,32.5,nan,nan,nan,nan,nan,nan,nan,nan,nan,nan,nan
29-Jan-24 10:43:12 AM AEST,nan,nan,nan,nan,nan,nan,nan,nan,10.60,nan,nan,380.80
29-Jan-24 10:43:28 AM AEST,nan,nan,nan,nan,nan,nan,nan,nan,nan,6.80,175.20,nan
29-Jan-24 10:43:48 AM AEST,nan,nan,nan,nan,nan,nan,170.70,nan,nan,nan,nan,nan
29-Jan-24 10:44:08 AM AEST,nan,nan,nan,nan,nan,nan,nan,0.81,nan,nan,nan,nan
29-Jan-24 10:44:15 AM AEST,32.4,nan,nan,nan,nan,nan,nan,nan,nan,nan,nan,nan
29-Jan-24 10:44:16 AM AEST,nan,nan,nan,nan,nan,nan,nan,nan,nan,nan,nan,284.20
29-Jan-24 10:44:32 AM AEST,nan,nan,nan,nan,nan,nan,nan,nan,nan,7.50,174.80,nan
29-Jan-24 10:44:52 AM AEST,nan,nan,nan,nan,nan,nan,176.40,nan,nan,nan,nan,nan
29-Jan-24 10:45:12 AM AEST,nan,nan,nan,nan,nan,nan,nan,1.04,nan,nan,nan,nan
29-Jan-24 10:45:20 AM AEST,32.3,nan,nan,nan,nan,nan,nan,nan,nan,nan,nan,248.30
29-Jan-24 10:45:36 AM AEST,nan,nan,nan,nan,nan,nan,nan,nan,nan,10.30,170.20,nan
29-Jan-24 10:45:56 AM AEST,nan,nan,nan,nan,nan,nan,170.50,nan,nan,nan,nan,nan
29-Jan-24 10:45:56 AM AEST,nan,nan,nan,nan,nan,nan,173.00,nan,nan,nan,nan,nan
29-Jan-24 10:46:00 AM AEST,nan,69.7,26.1,nan,nan,nan,nan,nan,14.20,nan,nan,nan
29-Jan-24 10:46:00 AM AEST,nan,69.8,26.1,nan,nan,nan,nan,nan,11.80,nan,nan,nan
29-Jan-24 10:46:16 AM AEST,nan,nan,nan,nan,nan,nan,nan,0.82,nan,nan,nan,nan
29-Jan-24 10:46:24 AM AEST,nan,nan,nan,nan,nan,nan,nan,nan,nan,nan,nan,570.00
29-Jan-24 10:46:40 AM AEST,nan,nan,nan,nan,nan,nan,nan,nan,nan,7.90,174.30,nan
29-Jan-24 10:47:00 AM AEST,nan,nan,nan,nan,nan,nan,188.20,nan,nan,nan,nan,nan
29-Jan-24 10:47:04 AM AEST,nan,70.2,nan,nan,nan,nan,nan,nan,nan,nan,nan,nan
29-Jan-24 10:47:05 AM AEST,nan,nan,26.0,nan,nan,nan,nan,nan,nan,nan,nan,nan
29-Jan-24 10:47:20 AM AEST,nan,nan,nan,nan,nan,nan,nan,0.75,nan,nan,nan,nan
29-Jan-24 10:47:28 AM AEST,nan,nan,nan,nan,nan,nan,nan,nan,nan,nan,nan,736.60
29-Jan-24 10:47:44 AM AEST,nan,nan,nan,nan,nan,nan,nan,nan,nan,6.90,193.90,nan
29-Jan-24 10:48:00 AM AEST,32.5,nan,nan,nan,nan,nan,nan,nan,10.60,nan,nan,nan
29-Jan-24 10:48:04 AM AEST,nan,nan,nan,nan,nan,nan,164.30,nan,nan,nan,nan,nan
29-Jan-24 10:48:08 AM AEST,nan,70.8,nan,nan,nan,nan,nan,nan,nan,nan,nan,nan
29-Jan-24 10:48:10 AM AEST,nan,nan,26.2,nan,nan,nan,nan,nan,nan,nan,nan,nan
29-Jan-24 10:48:24 AM AEST,nan,nan,nan,nan,nan,nan,nan,0.59,nan,nan,nan,nan
29-Jan-24 10:48:32 AM AEST,nan,nan,nan,nan,nan,nan,nan,nan,nan,nan,nan,938.30
29-Jan-24 10:48:48 AM AEST,nan,nan,nan,nan,nan,nan,nan,nan,nan,5.60,167.90,nan
29-Jan-24 10:49:05 AM AEST,32.6,nan,nan,nan,nan,nan,nan,nan,nan,nan,nan,nan
29-Jan-24 10:49:08 AM AEST,nan,nan,nan,nan,nan,nan,157.00,nan,nan,nan,nan,nan
29-Jan-24 10:49:12 AM AEST,nan,71.2,nan,nan,nan,nan,nan,nan,nan,nan,nan,nan
29-Jan-24 10:49:15 AM AEST,nan,nan,26.5,nan,nan,nan,nan,nan,nan,nan,nan,nan
29-Jan-24 10:49:28 AM AEST,nan,nan,nan,nan,nan,nan,nan,0.57,nan,nan,nan,nan
29-Jan-24 10:49:36 AM AEST,nan,nan,nan,nan,nan,nan,nan,nan,nan,nan,nan,1011.70
29-Jan-24 10:49:52 AM AEST,nan,nan,nan,nan,nan,nan,nan,nan,nan,5.30,152.70,nan
29-Jan-24 10:50:00 AM AEST,nan,nan,nan,nan,nan,nan,nan,nan,14.20,nan,nan,nan
29-Jan-24 10:50:10 AM AEST,32.7,nan,nan,nan,nan,nan,nan,nan,nan,nan,nan,nan
29-Jan-24 10:50:12 AM AEST,nan,nan,nan,nan,nan,nan,169.30,nan,nan,nan,nan,nan
29-Jan-24 10:50:16 AM AEST,nan,69.7,nan,nan,nan,nan,nan,nan,nan,nan,nan,nan
29-Jan-24 10:50:20 AM AEST,nan,nan,26.7,nan,nan,nan,nan,nan,nan,nan,nan,nan
29-Jan-24 10:50:32 AM AEST,nan,nan,nan,nan,nan,nan,nan,1.07,nan,nan,nan,nan
29-Jan-24 10:50:40 AM AEST,nan,nan,nan,nan,nan,nan,nan,nan,nan,nan,nan,949.10
29-Jan-24 10:50:56 AM AEST,nan,nan,nan,nan,nan,nan,nan,nan,nan,10.40,169.20,nan
29-Jan-24 10:51:04 AM AEST,nan,nan,nan,nan,nan,nan,nan,nan,11.80,nan,nan,nan
29-Jan-24 10:51:15 AM AEST,32.6,nan,nan,nan,nan,nan,nan,nan,nan,nan,nan,nan
29-Jan-24 10:51:16 AM AEST,nan,nan,nan,nan,nan,nan,174.70,nan,nan,nan,nan,nan
29-Jan-24 10:51:20 AM AEST,nan,69.3,nan,nan,nan,nan,nan,nan,nan,nan,nan,nan
29-Jan-24 10:51:25 AM AEST,nan,nan,26.4,nan,nan,nan,nan,nan,nan,nan,nan,nan
29-Jan-24 10:51:36 AM AEST,nan,nan,nan,nan,nan,nan,nan,0.75,nan,nan,nan,nan
29-Jan-24 10:51:44 AM AEST,nan,nan,nan,nan,nan,nan,nan,nan,nan,nan,nan,721.70
29-Jan-24 10:52:00 AM AEST,nan,nan,nan,nan,nan,nan,nan,nan,nan,5.60,180.20,nan
29-Jan-24 10:52:08 AM AEST,nan,nan,nan,nan,nan,nan,nan,nan,14.20,nan,nan,nan
29-Jan-24 10:52:20 AM AEST,32.7,nan,nan,nan,nan,nan,212.50,nan,nan,nan,nan,nan
29-Jan-24 10:52:24 AM AEST,nan,69.0,nan,nan,nan,nan,nan,nan,nan,nan,nan,nan
29-Jan-24 10:52:30 AM AEST,nan,nan,26.3,nan,nan,nan,nan,nan,nan,nan,nan,nan
29-Jan-24 10:52:40 AM AEST,nan,nan,nan,nan,nan,nan,nan,0.95,nan,nan,nan,nan
29-Jan-24 10:52:48 AM AEST,nan,nan,nan,nan,nan,nan,nan,nan,nan,nan,nan,576.60
29-Jan-24 10:53:04 AM AEST,nan,nan,nan,nan,nan,nan,nan,nan,nan,9.10,213.00,nan
29-Jan-24 10:53:04 AM AEST,nan,nan,nan,nan,nan,nan,nan,nan,nan,8.50,208.10,nan
29-Jan-24 10:53:12 AM AEST,nan,nan,nan,nan,nan,nan,nan,nan,13.00,nan,nan,nan
29-Jan-24 10:53:24 AM AEST,nan,nan,nan,nan,nan,nan,207.40,nan,nan,nan,nan,nan
29-Jan-24 10:53:28 AM AEST,nan,68.7,nan,nan,nan,nan,nan,nan,nan,nan,nan,nan
29-Jan-24 10:53:44 AM AEST,nan,nan,nan,nan,nan,nan,nan,0.88,nan,nan,nan,nan
29-Jan-24 10:53:52 AM AEST,nan,nan,nan,nan,nan,nan,nan,nan,nan,nan,nan,359.20
29-Jan-24 10:54:08 AM AEST,nan,nan,nan,nan,nan,nan,nan,nan,nan,6.90,192.80,nan
29-Jan-24 10:54:16 AM AEST,nan,nan,nan,nan,nan,nan,nan,nan,11.80,nan,nan,nan
29-Jan-24 10:54:28 AM AEST,nan,nan,nan,nan,nan,nan,196.60,nan,nan,nan,nan,nan
29-Jan-24 10:54:32 AM AEST,nan,68.5,nan,nan,nan,nan,nan,nan,nan,nan,nan,nan
29-Jan-24 10:54:48 AM AEST,nan,nan,nan,nan,nan,nan,nan,0.71,nan,nan,nan,nan
29-Jan-24 10:54:56 AM AEST,nan,nan,nan,nan,nan,nan,nan,nan,nan,nan,nan,613.30
29-Jan-24 10:55:00 AM AEST,nan,nan,26.1,nan,nan,nan,nan,nan,nan,nan,nan,nan
29-Jan-24 10:55:12 AM AEST,nan,nan,nan,nan,nan,nan,nan,nan,nan,6.00,183.10,nan
29-Jan-24 10:55:20 AM AEST,nan,nan,nan,nan,nan,nan,nan,nan,14.20,nan,nan,nan
29-Jan-24 10:55:32 AM AEST,nan,nan,nan,nan,nan,nan,186.60,nan,nan,nan,nan,nan
29-Jan-24 10:55:36 AM AEST,nan,69.3,nan,nan,nan,nan,nan,nan,nan,nan,nan,nan
29-Jan-24 10:55:52 AM AEST,nan,nan,nan,nan,nan,nan,nan,0.69,nan,nan,nan,nan
29-Jan-24 10:56:00 AM AEST,nan,nan,nan,nan,nan,nan,nan,nan,nan,nan,nan,493.30
29-Jan-24 10:56:05 AM AEST,nan,nan,26.4,nan,nan,nan,nan,nan,nan,nan,nan,nan
29-Jan-24 10:56:16 AM AEST,nan,nan,nan,nan,nan,nan,nan,nan,nan,7.70,156.20,nan
29-Jan-24 10:56:36 AM AEST,nan,nan,nan,nan,nan,nan,158.70,nan,nan,nan,nan,nan
29-Jan-24 10:56:40 AM AEST,nan,68.3,nan,nan,nan,nan,nan,nan,nan,nan,nan,nan
29-Jan-24 10:56:56 AM AEST,nan,nan,nan,nan,nan,nan,nan,0.85,nan,nan,nan,nan
29-Jan-24 10:56:56 AM AEST,nan,nan,nan,nan,nan,nan,nan,0.59,nan,nan,nan,nan
29-Jan-24 10:57:00 AM AEST,nan,nan,nan,nan,nan,nan,nan,nan,9.50,nan,nan,nan
29-Jan-24 10:57:04 AM AEST,nan,nan,nan,nan,nan,nan,nan,nan,nan,nan,nan,296.70
29-Jan-24 10:57:04 AM AEST,nan,nan,nan,nan,nan,nan,nan,nan,nan,nan,nan,298.30
29-Jan-24 10:57:10 AM AEST,nan,nan,26.1,nan,nan,nan,nan,nan,nan,nan,nan,nan
29-Jan-24 10:57:20 AM AEST,nan,nan,nan,nan,nan,nan,nan,nan,nan,5.90,163.80,nan
29-Jan-24 10:57:40 AM AEST,nan,nan,nan,nan,nan,nan,163.20,nan,nan,nan,nan,nan
29-Jan-24 10:57:44 AM AEST,nan,68.2,nan,nan,nan,nan,nan,nan,nan,nan,nan,nan
29-Jan-24 10:58:00 AM AEST,32.8,nan,nan,nan,nan,nan,nan,0.44,nan,nan,nan,nan
29-Jan-24 10:58:04 AM AEST,nan,nan,nan,nan,nan,nan,nan,nan,7.10,nan,nan,nan
29-Jan-24 10:58:08 AM AEST,nan,nan,nan,nan,nan,nan,nan,nan,nan,nan,nan,335.00
29-Jan-24 10:58:15 AM AEST,nan,nan,26.0,nan,nan,nan,nan,nan,nan,nan,nan,nan
29-Jan-24 10:58:24 AM AEST,nan,nan,nan,nan,nan,nan,nan,nan,nan,4.30,168.20,nan
29-Jan-24 10:58:33 AM AEST,nan,nan,nan,nan,nan,0.46,nan,nan,nan,nan,nan,nan
29-Jan-24 10:58:44 AM AEST,nan,nan,nan,nan,nan,nan,165.60,nan,nan,nan,nan,nan
29-Jan-24 10:58:48 AM AEST,nan,69.2,nan,nan,nan,nan,nan,nan,nan,nan,nan,nan
29-Jan-24 10:59:04 AM AEST,nan,nan,nan,nan,nan,nan,nan,0.70,nan,nan,nan,nan
29-Jan-24 10:59:08 AM AEST,nan,nan,nan,nan,nan,nan,nan,nan,13.00,nan,nan,nan
29-Jan-24 10:59:12 AM AEST,nan,nan,nan,nan,nan,nan,nan,nan,nan,nan,nan,535.80
29-Jan-24 10:59:20 AM AEST,nan,nan,26.4,nan,nan,nan,nan,nan,nan,nan,nan,nan
29-Jan-24 10:59:28 AM AEST,nan,nan,nan,nan,nan,nan,nan,nan,nan,6.90,202.60,nan
29-Jan-24 10:59:48 AM AEST,nan,nan,nan,nan,nan,nan,200.20,nan,nan,nan,nan,nan
29-Jan-24 10:59:52 AM AEST,nan,67.8,nan,nan,nan,nan,nan,nan,nan,nan,nan,nan
29-Jan-24 11:00:08 AM AEST,nan,nan,nan,nan,nan,nan,nan,0.51,nan,nan,nan,nan
29-Jan-24 11:00:12 AM AEST,nan,nan,nan,nan,nan,nan,nan,nan,9.50,nan,nan,nan
29-Jan-24 11:00:16 AM AEST,nan,nan,nan,nan,nan,nan,nan,nan,nan,nan,nan,689.10
29-Jan-24 11:00:25 AM AEST,nan,nan,26.0,nan,nan,nan,nan,nan,nan,nan,nan,nan
29-Jan-24 11:00:32 AM AEST,nan,nan,nan,nan,nan,nan,nan,nan,nan,4.30,192.20,nan
29-Jan-24 11:00:52 AM AEST,nan,nan,nan,nan,nan,nan,187.60,nan,nan,nan,nan,nan
29-Jan-24 11:00:52 AM AEST,nan,nan,nan,nan,nan,nan,124.30,nan,nan,nan,nan,nan
29-Jan-24 11:00:56 AM AEST,nan,67.3,nan,nan,nan,nan,nan,nan,nan,nan,nan,nan
29-Jan-24 11:00:56 AM AEST,nan,68.7,nan,nan,nan,nan,nan,nan,nan,nan,nan,nan
29-Jan-24 11:01:12 AM AEST,nan,nan,nan,nan,nan,nan,nan,0.83,nan,nan,nan,nan
29-Jan-24 11:01:16 AM AEST,nan,nan,nan,nan,nan,nan,nan,nan,14.20,nan,nan,nan
29-Jan-24 11:01:20 AM AEST,nan,nan,nan,nan,nan,nan,nan,nan,nan,nan,nan,917.50
29-Jan-24 11:01:30 AM AEST,nan,nan,25.9,nan,nan,nan,nan,nan,nan,nan,nan,nan
29-Jan-24 11:01:36 AM AEST,nan,nan,nan,nan,nan,nan,nan,nan,nan,7.90,126.00,nan
29-Jan-24 11:01:56 AM AEST,nan,nan,nan,nan,nan,nan,129.10,nan,nan,nan,nan,nan
29-Jan-24 11:02:00 AM AEST,32.7,68.5,nan,nan,nan,nan,nan,nan,nan,nan,nan,nan
29-Jan-24 11:02:20 AM AEST,nan,nan,nan,nan,nan,nan,nan,nan,11.80,nan,nan,nan
29-Jan-24 11:02:24 AM AEST,nan,nan,nan,nan,nan,nan,nan,nan,nan,nan,nan,919.20
29-Jan-24 11:02:35 AM AEST,nan,nan,26.3,nan,nan,nan,nan,nan,nan,nan,nan,nan
29-Jan-24 11:02:40 AM AEST,nan,nan,nan,nan,nan,nan,nan,nan,nan,7.60,132.90,nan
29-Jan-24 11:03:00 AM AEST,nan,nan,nan,nan,nan,nan,117.40,nan,nan,nan,nan,nan
29-Jan-24 11:03:04 AM AEST,nan,68.2,nan,nan,nan,nan,nan,nan,nan,nan,nan,nan
29-Jan-24 11:03:24 AM AEST,nan,nan,nan,nan,nan,nan,nan,nan,13.00,nan,nan,nan
29-Jan-24 11:03:28 AM AEST,nan,nan,nan,nan,nan,nan,nan,nan,nan,nan,nan,890.70
29-Jan-24 11:03:40 AM AEST,nan,nan,26.1,nan,nan,nan,nan,nan,nan,nan,nan,nan
29-Jan-24 11:03:44 AM AEST,nan,nan,nan,nan,nan,nan,nan,nan,nan,7.70,116.60,nan
29-Jan-24 11:04:00 AM AEST,32.6,nan,nan,nan,nan,nan,nan,0.79,nan,nan,nan,nan
29-Jan-24 11:04:00 AM AEST,32.6,nan,nan,nan,nan,nan,nan,0.99,nan,nan,nan,nan
29-Jan-24 11:04:04 AM AEST,nan,nan,nan,nan,nan,nan,134.60,nan,nan,nan,nan,nan
29-Jan-24 11:04:08 AM AEST,nan,67.8,nan,nan,nan,nan,nan,nan,nan,nan,nan,nan
29-Jan-24 11:04:28 AM AEST,nan,nan,nan,nan,nan,nan,nan,nan,11.80,nan,nan,nan
29-Jan-24 11:04:32 AM AEST,nan,nan,nan,nan,nan,nan,nan,nan,nan,nan,nan,879.20
29-Jan-24 11:04:45 AM AEST,nan,nan,26.0,nan,nan,nan,nan,nan,nan,nan,nan,nan
29-Jan-24 11:04:48 AM AEST,nan,nan,nan,nan,nan,nan,nan,nan,nan,9.80,134.80,nan
29-Jan-24 11:05:04 AM AEST,nan,nan,nan,nan,nan,nan,nan,0.61,nan,nan,nan,nan
29-Jan-24 11:05:05 AM AEST,32.7,nan,nan,nan,nan,nan,nan,nan,nan,nan,nan,nan
29-Jan-24 11:05:08 AM AEST,nan,nan,nan,nan,nan,nan,161.90,nan,nan,nan,nan,nan
29-Jan-24 11:05:12 AM AEST,nan,68.0,nan,nan,nan,nan,nan,nan,nan,nan,nan,nan
29-Jan-24 11:05:36 AM AEST,nan,nan,nan,nan,nan,nan,nan,nan,nan,nan,nan,877.40
29-Jan-24 11:05:50 AM AEST,nan,nan,25.9,nan,nan,nan,nan,nan,nan,nan,nan,nan
29-Jan-24 11:05:52 AM AEST,nan,nan,nan,nan,nan,nan,nan,nan,nan,5.70,164.50,nan
29-Jan-24 11:06:08 AM AEST,nan,nan,nan,nan,nan,nan,nan,0.69,nan,nan,nan,nan
29-Jan-24 11:06:10 AM AEST,32.8,nan,nan,nan,nan,nan,nan,nan,nan,nan,nan,nan
29-Jan-24 11:06:12 AM AEST,nan,nan,nan,nan,nan,nan,142.80,nan,nan,nan,nan,nan
29-Jan-24 11:06:40 AM AEST,nan,nan,nan,nan,nan,nan,nan,nan,nan,nan,nan,875.00
29-Jan-24 11:06:55 AM AEST,nan,nan,26.0,nan,nan,nan,nan,nan,nan,nan,nan,nan
29-Jan-24 11:06:56 AM AEST,nan,nan,nan,nan,nan,nan,nan,nan,nan,5.40,142.90,nan
29-Jan-24 11:07:00 AM AEST,nan,nan,nan,nan,nan,nan,nan,nan,10.60,nan,nan,nan
29-Jan-24 11:07:12 AM AEST,nan,nan,nan,nan,nan,nan,nan,0.64,nan,nan,nan,nan
29-Jan-24 11:07:15 AM AEST,32.9,nan,nan,nan,nan,nan,nan,nan,nan,nan,nan,nan
29-Jan-24 11:07:16 AM AEST,nan,nan,nan,nan,nan,nan,147.10,nan,nan,nan,nan,nan
29-Jan-24 11:07:44 AM AEST,nan,nan,nan,nan,nan,nan,nan,nan,nan,nan,nan,888.30
29-Jan-24 11:08:00 AM AEST,nan,67.7,26.1,nan,nan,nan,nan,nan,nan,6.20,146.90,nan
29-Jan-24 11:08:04 AM AEST,nan,nan,nan,nan,nan,nan,nan,nan,8.30,nan,nan,nan
29-Jan-24 11:08:16 AM AEST,nan,nan,nan,nan,nan,nan,nan,0.60,nan,nan,nan,nan
29-Jan-24 11:08:20 AM AEST,nan,nan,nan,nan,nan,nan,170.80,nan,nan,nan,nan,nan
29-Jan-24 11:08:48 AM AEST,nan,nan,nan,nan,nan,nan,nan,nan,nan,nan,nan,901.60
29-Jan-24 11:09:04 AM AEST,nan,67.2,nan,nan,nan,nan,nan,nan,nan,5.20,175.50,nan
29-Jan-24 11:09:08 AM AEST,nan,nan,nan,nan,nan,nan,nan,nan,13.00,nan,nan,nan
29-Jan-24 11:09:20 AM AEST,nan,nan,nan,nan,nan,nan,nan,1.04,nan,nan,nan,nan
29-Jan-24 11:09:24 AM AEST,nan,nan,nan,nan,nan,nan,183.70,nan,nan,nan,nan,nan
29-Jan-24 11:09:52 AM AEST,nan,nan,nan,nan,nan,nan,nan,nan,nan,nan,nan,928.30
29-Jan-24 11:10:00 AM AEST,nan,nan,26.0,nan,nan,nan,nan,nan,nan,nan,nan,nan
29-Jan-24 11:10:08 AM AEST,nan,67.3,nan,nan,nan,nan,nan,nan,nan,9.50,185.70,nan
29-Jan-24 11:10:08 AM AEST,nan,67.3,nan,nan,nan,nan,nan,nan,nan,6.70,182.70,nan
29-Jan-24 11:10:12 AM AEST,nan,nan,nan,nan,nan,nan,nan,nan,16.60,nan,nan,nan
29-Jan-24 11:10:12 AM AEST,nan,nan,nan,nan,nan,nan,nan,nan,11.80,nan,nan,nan
29-Jan-24 11:10:24 AM AEST,nan,nan,nan,nan,nan,nan,nan,0.73,nan,nan,nan,nan
29-Jan-24 11:10:28 AM AEST,nan,nan,nan,nan,nan,nan,180.50,nan,nan,nan,nan,nan
29-Jan-24 11:10:56 AM AEST,nan,nan,nan,nan,nan,nan,nan,nan,nan,nan,nan,954.10
29-Jan-24 11:11:00 AM AEST,33.0,nan,nan,nan,nan,nan,nan,nan,nan,nan,nan,nan
29-Jan-24 11:11:12 AM AEST,nan,65.8,nan,nan,nan,nan,nan,nan,nan,10.20,174.80,nan
29-Jan-24 11:11:16 AM AEST,nan,nan,nan,nan,nan,nan,nan,nan,13.00,nan,nan,nan
29-Jan-24 11:11:28 AM AEST,nan,nan,nan,nan,nan,nan,nan,1.05,nan,nan,nan,nan
29-Jan-24 11:11:32 AM AEST,nan,nan,nan,nan,nan,nan,175.00,nan,nan,nan,nan,nan
29-Jan-24 11:12:00 AM AEST,nan,nan,26.1,nan,nan,nan,nan,nan,nan,nan,nan,995.00
29-Jan-24 11:12:00 AM AEST,nan,nan,25.7,nan,nan,nan,nan,nan,nan,nan,nan,1042.50
29-Jan-24 11:12:05 AM AEST,32.9,nan,nan,nan,nan,nan,nan,nan,nan,nan,nan,nan
29-Jan-24 11:12:05 AM AEST,33.0,nan,nan,nan,nan,nan,nan,nan,nan,nan,nan,nan
29-Jan-24 11:12:16 AM AEST,nan,66.8,nan,nan,nan,nan,nan,nan,nan,6.90,177.80,nan
29-Jan-24 11:12:20 AM AEST,nan,nan,nan,nan,nan,nan,nan,nan,14.20,nan,nan,nan
29-Jan-24 11:12:32 AM AEST,nan,nan,nan,nan,nan,nan,nan,0.74,nan,nan,nan,nan
29-Jan-24 11:12:36 AM AEST,nan,nan,nan,nan,nan,nan,182.00,nan,nan,nan,nan,nan
29-Jan-24 11:13:04 AM AEST,nan,nan,nan,nan,nan,nan,nan,nan,nan,nan,nan,694.10
29-Jan-24 11:13:05 AM AEST,nan,nan,26.0,nan,nan,nan,nan,nan,nan,nan,nan,nan
29-Jan-24 11:13:10 AM AEST,33.2,nan,nan,nan,nan,nan,nan,nan,nan,nan,nan,nan
29-Jan-24 11:13:20 AM AEST,nan,67.0,nan,nan,nan,nan,nan,nan,nan,8.00,210.40,nan
29-Jan-24 11:13:24 AM AEST,nan,nan,nan,nan,nan,nan,nan,nan,11.80,nan,nan,nan
29-Jan-24 11:13:36 AM AEST,nan,nan,nan,nan,nan,nan,nan,0.86,nan,nan,nan,nan
29-Jan-24 11:13:40 AM AEST,nan,nan,nan,nan,nan,nan,207.50,nan,nan,nan,nan,nan
29-Jan-24 11:14:08 AM AEST,nan,nan,nan,nan,nan,nan,nan,nan,nan,nan,nan,556.70
29-Jan-24 11:14:10 AM AEST,nan,nan,26.2,nan,nan,nan,nan,nan,nan,nan,nan,nan
29-Jan-24 11:14:15 AM AEST,33.1,nan,nan,nan,nan,nan,nan,nan,nan,nan,nan,nan
29-Jan-24 11:14:24 AM AEST,nan,66.5,nan,nan,nan,nan,nan,nan,nan,8.40,218.90,nan
29-Jan-24 11:14:28 AM AEST,nan,nan,nan,nan,nan,nan,nan,nan,14.20,nan,nan,nan
29-Jan-24 11:14:40 AM AEST,nan,nan,nan,nan,nan,nan,nan,0.89,nan,nan,nan,nan
29-Jan-24 11:14:44 AM AEST,nan,nan,nan,nan,nan,nan,221.40,nan,nan,nan,nan,nan
29-Jan-24 11:15:12 AM AEST,nan,nan,nan,nan,nan,nan,nan,nan,nan,nan,nan,767.40
29-Jan-24 11:15:15 AM AEST,nan,nan,26.0,nan,nan,nan,nan,nan,nan,nan,nan,nan
29-Jan-24 11:15:28 AM AEST,nan,67.0,nan,nan,nan,nan,nan,nan,nan,10.30,207.60,nan
29-Jan-24 11:15:44 AM AEST,nan,nan,nan,nan,nan,nan,nan,1.05,nan,nan,nan,nan
29-Jan-24 11:15:48 AM AEST,nan,nan,nan,nan,nan,nan,208.30,nan,nan,nan,nan,nan
29-Jan-24 11:16:00 AM AEST,nan,nan,nan,nan,nan,nan,nan,nan,10.60,nan,nan,nan
29-Jan-24 11:16:16 AM AEST,nan,nan,nan,nan,nan,nan,nan,nan,nan,nan,nan,780.80
29-Jan-24 11:16:20 AM AEST,nan,nan,26.1,nan,nan,nan,nan,nan,nan,nan,nan,nan
29-Jan-24 11:16:32 AM AEST,nan,67.2,nan,nan,nan,nan,nan,nan,nan,7.90,187.90,nan
29-Jan-24 11:16:48 AM AEST,nan,nan,nan,nan,nan,nan,nan,0.82,nan,nan,nan,nan
29-Jan-24 11:16:52 AM AEST,nan,nan,nan,nan,nan,nan,187.30,nan,nan,nan,nan,nan
29-Jan-24 11:17:04 AM AEST,nan,nan,nan,nan,nan,nan,nan,nan,11.80,nan,nan,nan
29-Jan-24 11:17:20 AM AEST,nan,nan,nan,nan,nan,nan,nan,nan,nan,nan,nan,455.00
29-Jan-24 11:17:25 AM AEST,nan,nan,26.2,nan,nan,nan,nan,nan,nan,nan,nan,nan
29-Jan-24 11:17:36 AM AEST,nan,66.3,nan,nan,nan,nan,nan,nan,nan,7.60,174.90,nan
29-Jan-24 11:17:56 AM AEST,nan,nan,nan,nan,nan,nan,174.60,nan,nan,nan,nan,nan
29-Jan-24 11:17:56 AM AEST,nan,nan,nan,nan,nan,nan,153.00,nan,nan,nan,nan,nan
29-Jan-24 11:18:00 AM AEST,nan,nan,nan,nan,nan,nan,nan,0.58,nan,nan,nan,nan
29-Jan-24 11:18:08 AM AEST,nan,nan,nan,nan,nan,nan,nan,nan,7.10,nan,nan,nan
29-Jan-24 11:18:24 AM AEST,nan,nan,nan,nan,nan,nan,nan,nan,nan,nan,nan,354.10
29-Jan-24 11:18:30 AM AEST,nan,nan,26.0,nan,nan,nan,nan,nan,nan,nan,nan,nan
29-Jan-24 11:18:40 AM AEST,nan,65.5,nan,nan,nan,nan,nan,nan,nan,5.70,152.60,nan
29-Jan-24 11:19:00 AM AEST,nan,nan,nan,nan,nan,nan,165.40,nan,nan,nan,nan,nan
29-Jan-24 11:19:04 AM AEST,nan,nan,nan,nan,nan,nan,nan,0.75,nan,nan,nan,nan
29-Jan-24 11:19:12 AM AEST,nan,nan,nan,nan,nan,nan,nan,nan,10.60,nan,nan,nan
29-Jan-24 11:19:28 AM AEST,nan,nan,nan,nan,nan,nan,nan,nan,nan,nan,nan,970.00
29-Jan-24 11:19:35 AM AEST,nan,nan,25.7,nan,nan,nan,nan,nan,nan,nan,nan,nan
29-Jan-24 11:19:44 AM AEST,nan,65.3,nan,nan,nan,nan,nan,nan,nan,7.20,168.40,nan
29-Jan-24 11:20:04 AM AEST,nan,nan,nan,nan,nan,nan,169.10,nan,nan,nan,nan,nan
29-Jan-24 11:20:08 AM AEST,nan,nan,nan,nan,nan,nan,nan,0.69,nan,nan,nan,nan
29-Jan-24 11:20:16 AM AEST,nan,nan,nan,nan,nan,nan,nan,nan,8.30,nan,nan,nan
29-Jan-24 11:20:32 AM AEST,nan,nan,nan,nan,nan,nan,nan,nan,nan,nan,nan,962.40
29-Jan-24 11:20:48 AM AEST,nan,65.8,nan,nan,nan,nan,nan,nan,nan,6.80,169.30,nan
29-Jan-24 11:21:08 AM AEST,nan,nan,nan,nan,nan,nan,174.30,nan,nan,nan,nan,nan
29-Jan-24 11:21:12 AM AEST,nan,nan,nan,nan,nan,nan,nan,0.64,nan,nan,nan,nan
29-Jan-24 11:21:20 AM AEST,nan,nan,nan,nan,nan,nan,nan,nan,10.60,nan,nan,nan
29-Jan-24 11:21:36 AM AEST,nan,nan,nan,nan,nan,nan,nan,nan,nan,nan,nan,995.00
29-Jan-24 11:21:52 AM AEST,nan,66.2,nan,nan,nan,nan,nan,nan,nan,6.00,177.10,nan
29-Jan-24 11:22:00 AM AEST,33.3,nan,25.9,nan,nan,nan,nan,nan,nan,nan,nan,nan
29-Jan-24 11:22:12 AM AEST,nan,nan,nan,nan,nan,nan,192.10,nan,nan,nan,nan,nan
29-Jan-24 11:22:16 AM AEST,nan,nan,nan,nan,nan,nan,nan,0.72,nan,nan,nan,nan
29-Jan-24 11:22:40 AM AEST,nan,nan,nan,nan,nan,nan,nan,nan,nan,nan,nan,935.00
29-Jan-24 11:22:56 AM AEST,nan,nan,nan,nan,nan,nan,nan,nan,nan,7.00,193.10,nan
29-Jan-24 11:23:05 AM AEST,33.4,nan,26.1,nan,nan,nan,nan,nan,nan,nan,nan,nan
29-Jan-24 11:23:05 AM AEST,33.3,nan,26.2,nan,nan,nan,nan,nan,nan,nan,nan,nan
29-Jan-24 11:23:16 AM AEST,nan,nan,nan,nan,nan,nan,220.50,nan,nan,nan,nan,nan
29-Jan-24 11:23:20 AM AEST,nan,nan,nan,nan,nan,nan,nan,0.88,nan,nan,nan,nan
29-Jan-24 11:23:44 AM AEST,nan,nan,nan,nan,nan,nan,nan,nan,nan,nan,nan,947.40
29-Jan-24 11:24:00 AM AEST,nan,65.7,nan,nan,nan,nan,nan,nan,11.80,8.40,218.70,nan
29-Jan-24 11:24:10 AM AEST,33.4,nan,26.0,nan,nan,nan,nan,nan,nan,nan,nan,nan
29-Jan-24 11:24:20 AM AEST,nan,nan,nan,nan,nan,nan,209.90,nan,nan,nan,nan,nan
29-Jan-24 11:24:24 AM AEST,nan,nan,nan,nan,nan,nan,nan,0.83,nan,nan,nan,nan
29-Jan-24 11:24:48 AM AEST,nan,nan,nan,nan,nan,nan,nan,nan,nan,nan,nan,958.30
29-Jan-24 11:25:04 AM AEST,nan,66.0,nan,nan,nan,nan,nan,nan,nan,7.80,210.80,nan
29-Jan-24 11:25:15 AM AEST,nan,nan,26.1,nan,nan,nan,nan,nan,nan,nan,nan,nan
29-Jan-24 11:25:24 AM AEST,nan,nan,nan,nan,nan,nan,215.50,nan,nan,nan,nan,nan
29-Jan-24 11:25:28 AM AEST,nan,nan,nan,nan,nan,nan,nan,0.80,nan,nan,nan,nan
29-Jan-24 11:25:52 AM AEST,nan,nan,nan,nan,nan,nan,nan,nan,nan,nan,nan,911.60
29-Jan-24 11:25:52 AM AEST,nan,nan,nan,nan,nan,nan,nan,nan,nan,nan,nan,912.50
29-Jan-24 11:26:00 AM AEST,33.3,nan,nan,nan,nan,nan,nan,nan,14.20,nan,nan,nan
29-Jan-24 11:26:00 AM AEST,33.3,nan,nan,nan,nan,nan,nan,nan,16.60,nan,nan,nan
29-Jan-24 11:26:08 AM AEST,nan,65.2,nan,nan,nan,nan,nan,nan,nan,10.00,212.10,nan
29-Jan-24 11:26:08 AM AEST,nan,65.0,nan,nan,nan,nan,nan,nan,nan,10.00,205.60,nan
29-Jan-24 11:26:20 AM AEST,nan,nan,26.0,nan,nan,nan,nan,nan,nan,nan,nan,nan
29-Jan-24 11:26:28 AM AEST,nan,nan,nan,nan,nan,nan,204.00,nan,nan,nan,nan,nan
29-Jan-24 11:26:32 AM AEST,nan,nan,nan,nan,nan,nan,nan,1.06,nan,nan,nan,nan
29-Jan-24 11:26:56 AM AEST,nan,nan,nan,nan,nan,nan,nan,nan,nan,nan,nan,908.30
29-Jan-24 11:27:04 AM AEST,nan,nan,nan,nan,nan,nan,nan,nan,13.00,nan,nan,nan
29-Jan-24 11:27:12 AM AEST,nan,65.3,nan,nan,nan,nan,nan,nan,nan,8.10,152.00,nan
29-Jan-24 11:27:25 AM AEST,nan,nan,25.8,nan,nan,nan,nan,nan,nan,nan,nan,nan
29-Jan-24 11:27:32 AM AEST,nan,nan,nan,nan,nan,nan,154.60,nan,nan,nan,nan,nan
29-Jan-24 11:27:36 AM AEST,nan,nan,nan,nan,nan,nan,nan,0.84,nan,nan,nan,nan
29-Jan-24 11:28:00 AM AEST,nan,nan,nan,nan,nan,nan,nan,nan,nan,nan,nan,903.20
29-Jan-24 11:28:08 AM AEST,nan,nan,nan,nan,nan,nan,nan,nan,14.20,nan,nan,nan
29-Jan-24 11:28:16 AM AEST,nan,65.8,nan,nan,nan,nan,nan,nan,nan,6.30,153.80,nan
29-Jan-24 11:28:30 AM AEST,nan,nan,25.9,nan,nan,nan,nan,nan,nan,nan,nan,nan
29-Jan-24 11:28:36 AM AEST,nan,nan,nan,nan,nan,nan,148.20,nan,nan,nan,nan,nan
29-Jan-24 11:28:40 AM AEST,nan,nan,nan,nan,nan,nan,nan,0.70,nan,nan,nan,nan
29-Jan-24 11:29:00 AM AEST,33.2,nan,nan,nan,nan,nan,nan,nan,nan,nan,nan,nan
29-Jan-24 11:29:00 AM AEST,33.1,nan,nan,nan,nan,nan,nan,nan,nan,nan,nan,nan
29-Jan-24 11:29:04 AM AEST,nan,nan,nan,nan,nan,nan,nan,nan,nan,nan,nan,903.30
29-Jan-24 11:29:12 AM AEST,nan,nan,nan,nan,nan,nan,nan,nan,17.80,nan,nan,nan
29-Jan-24 11:29:20 AM AEST,nan,65.7,nan,nan,nan,nan,nan,nan,nan,9.80,158.60,nan
29-Jan-24 11:29:40 AM AEST,nan,nan,nan,nan,nan,nan,156.10,nan,nan,nan,nan,nan
29-Jan-24 11:29:44 AM AEST,nan,nan,nan,nan,nan,nan,nan,1.06,nan,nan,nan,nan
29-Jan-24 11:30:00 AM AEST,nan,nan,25.8,nan,nan,nan,nan,nan,nan,nan,nan,nan
29-Jan-24 11:30:05 AM AEST,33.2,nan,nan,nan,nan,nan,nan,nan,nan,nan,nan,nan
29-Jan-24 11:30:08 AM AEST,nan,nan,nan,nan,nan,nan,nan,nan,nan,nan,nan,914.10
29-Jan-24 11:30:16 AM AEST,nan,nan,nan,nan,nan,nan,nan,nan,11.80,nan,nan,nan
29-Jan-24 11:30:24 AM AEST,nan,nan,nan,nan,nan,nan,nan,nan,nan,7.10,159.00,nan
29-Jan-24 11:30:44 AM AEST,nan,nan,nan,nan,nan,nan,157.50,nan,nan,nan,nan,nan
29-Jan-24 11:30:48 AM AEST,nan,nan,nan,nan,nan,nan,nan,0.75,nan,nan,nan,nan
29-Jan-24 11:31:00 AM AEST,nan,65.2,nan,nan,nan,nan,nan,nan,nan,nan,nan,nan
29-Jan-24 11:31:05 AM AEST,nan,nan,25.9,nan,nan,nan,nan,nan,nan,nan,nan,nan
29-Jan-24 11:31:10 AM AEST,33.1,nan,nan,nan,nan,nan,nan,nan,nan,nan,nan,nan
29-Jan-24 11:31:12 AM AEST,nan,nan,nan,nan,nan,nan,nan,nan,nan,nan,nan,891.70
29-Jan-24 11:31:20 AM AEST,nan,nan,nan,nan,nan,nan,nan,nan,14.20,nan,nan,nan
29-Jan-24 11:31:28 AM AEST,nan,nan,nan,nan,nan,nan,nan,nan,nan,10.00,165.90,nan
29-Jan-24 11:31:48 AM AEST,nan,nan,nan,nan,nan,nan,166.00,nan,nan,nan,nan,nan
29-Jan-24 11:31:52 AM AEST,nan,nan,nan,nan,nan,nan,nan,1.02,nan,nan,nan,nan
29-Jan-24 11:32:04 AM AEST,nan,65.0,nan,nan,nan,nan,nan,nan,nan,nan,nan,nan
29-Jan-24 11:32:10 AM AEST,nan,nan,25.7,nan,nan,nan,nan,nan,nan,nan,nan,nan
29-Jan-24 11:32:16 AM AEST,nan,nan,nan,nan,nan,nan,nan,nan,nan,nan,nan,913.30
29-Jan-24 11:32:24 AM AEST,nan,nan,nan,nan,nan,nan,nan,nan,13.00,nan,nan,nan
29-Jan-24 11:32:32 AM AEST,nan,nan,nan,nan,nan,nan,nan,nan,nan,7.40,178.40,nan
29-Jan-24 11:32:52 AM AEST,nan,nan,nan,nan,nan,nan,178.60,nan,nan,nan,nan,nan
29-Jan-24 11:32:56 AM AEST,nan,nan,nan,nan,nan,nan,nan,0.79,nan,nan,nan,nan
29-Jan-24 11:33:08 AM AEST,nan,65.8,nan,nan,nan,nan,nan,nan,nan,nan,nan,nan
29-Jan-24 11:33:15 AM AEST,nan,nan,25.6,nan,nan,nan,nan,nan,nan,nan,nan,nan
29-Jan-24 11:33:20 AM AEST,nan,nan,nan,nan,nan,nan,nan,nan,nan,nan,nan,945.70
29-Jan-24 11:33:28 AM AEST,nan,nan,nan,nan,nan,nan,nan,nan,11.80,nan,nan,nan
29-Jan-24 11:33:36 AM AEST,nan,nan,nan,nan,nan,nan,nan,nan,nan,7.50,178.90,nan
29-Jan-24 11:33:56 AM AEST,nan,nan,nan,nan,nan,nan,180.00,nan,nan,nan,nan,nan
29-Jan-24 11:33:56 AM AEST,nan,nan,nan,nan,nan,nan,200.50,nan,nan,nan,nan,nan
29-Jan-24 11:34:00 AM AEST,33.2,nan,nan,nan,nan,nan,nan,0.82,nan,nan,nan,nan
29-Jan-24 11:34:00 AM AEST,33.2,nan,nan,nan,nan,nan,nan,0.70,nan,nan,nan,nan
29-Jan-24 11:34:12 AM AEST,nan,66.5,nan,nan,nan,nan,nan,nan,nan,nan,nan,nan
29-Jan-24 11:34:20 AM AEST,nan,nan,25.9,nan,nan,nan,nan,nan,nan,nan,nan,nan
29-Jan-24 11:34:24 AM AEST,nan,nan,nan,nan,nan,nan,nan,nan,nan,nan,nan,460.80
29-Jan-24 11:34:32 AM AEST,nan,nan,nan,nan,nan,nan,nan,nan,10.60,nan,nan,nan
29-Jan-24 11:34:40 AM AEST,nan,nan,nan,nan,nan,nan,nan,nan,nan,6.20,204.30,nan
29-Jan-24 11:35:04 AM AEST,nan,nan,nan,nan,nan,nan,nan,0.78,nan,nan,nan,nan
29-Jan-24 11:35:16 AM AEST,nan,65.8,nan,nan,nan,nan,nan,nan,nan,nan,nan,nan
29-Jan-24 11:35:25 AM AEST,nan,nan,26.1,nan,nan,nan,nan,nan,nan,nan,nan,nan
29-Jan-24 11:35:28 AM AEST,nan,nan,nan,nan,nan,nan,nan,nan,nan,nan,nan,517.40
29-Jan-24 11:35:36 AM AEST,nan,nan,nan,nan,nan,nan,nan,nan,13.00,nan,nan,nan
29-Jan-24 11:35:44 AM AEST,nan,nan,nan,nan,nan,nan,nan,nan,nan,7.40,143.60,nan
29-Jan-24 11:36:00 AM AEST,nan,nan,nan,nan,nan,nan,143.20,nan,nan,nan,nan,nan
29-Jan-24 11:36:00 AM AEST,nan,nan,nan,nan,nan,nan,130.60,nan,nan,nan,nan,nan
29-Jan-24 11:36:08 AM AEST,nan,nan,nan,nan,nan,nan,nan,0.90,nan,nan,nan,nan
29-Jan-24 11:36:20 AM AEST,nan,65.2,nan,nan,nan,nan,nan,nan,nan,nan,nan,nan
29-Jan-24 11:36:30 AM AEST,nan,nan,26.0,nan,nan,nan,nan,nan,nan,nan,nan,nan
29-Jan-24 11:36:32 AM AEST,nan,nan,nan,nan,nan,nan,nan,nan,nan,nan,nan,884.20
29-Jan-24 11:36:40 AM AEST,nan,nan,nan,nan,nan,nan,nan,nan,10.60,nan,nan,nan
29-Jan-24 11:36:48 AM AEST,nan,nan,nan,nan,nan,nan,nan,nan,nan,8.80,130.50,nan
29-Jan-24 11:37:00 AM AEST,33.1,nan,nan,nan,nan,nan,nan,nan,nan,nan,nan,nan
29-Jan-24 11:37:04 AM AEST,nan,nan,nan,nan,nan,nan,151.10,nan,nan,nan,nan,nan
29-Jan-24 11:37:12 AM AEST,nan,nan,nan,nan,nan,nan,nan,0.83,nan,nan,nan,nan
29-Jan-24 11:37:24 AM AEST,nan,65.7,nan,nan,nan,nan,nan,nan,nan,nan,nan,nan
29-Jan-24 11:37:35 AM AEST,nan,nan,25.7,nan,nan,nan,nan,nan,nan,nan,nan,nan
29-Jan-24 11:37:36 AM AEST,nan,nan,nan,nan,nan,nan,nan,nan,nan,nan,nan,704.20
29-Jan-24 11:37:44 AM AEST,nan,nan,nan,nan,nan,nan,nan,nan,13.00,nan,nan,nan
29-Jan-24 11:37:52 AM AEST,nan,nan,nan,nan,nan,nan,nan,nan,nan,6.80,151.50,nan
29-Jan-24 11:38:16 AM AEST,nan,nan,nan,nan,nan,nan,nan,0.73,nan,nan,nan,nan
29-Jan-24 11:38:28 AM AEST,nan,65.8,nan,nan,nan,nan,nan,nan,nan,nan,nan,nan
29-Jan-24 11:38:40 AM AEST,nan,nan,25.8,nan,nan,nan,nan,nan,nan,nan,nan,749.10
29-Jan-24 11:38:48 AM AEST,nan,nan,nan,nan,nan,nan,nan,nan,10.60,nan,nan,nan
29-Jan-24 11:38:56 AM AEST,nan,nan,nan,nan,nan,nan,nan,nan,nan,7.20,163.80,nan
29-Jan-24 11:39:00 AM AEST,nan,nan,nan,nan,nan,nan,162.30,nan,nan,nan,nan,nan
29-Jan-24 11:39:20 AM AEST,nan,nan,nan,nan,nan,nan,nan,0.60,nan,nan,nan,nan
29-Jan-24 11:39:32 AM AEST,nan,65.3,nan,nan,nan,nan,nan,nan,nan,nan,nan,nan
29-Jan-24 11:39:44 AM AEST,nan,nan,nan,nan,nan,nan,nan,nan,nan,nan,nan,936.70
29-Jan-24 11:39:45 AM AEST,nan,nan,25.9,nan,nan,nan,nan,nan,nan,nan,nan,nan
29-Jan-24 11:39:52 AM AEST,nan,nan,nan,nan,nan,nan,nan,nan,8.30,nan,nan,nan
29-Jan-24 11:40:00 AM AEST,33.2,nan,nan,nan,nan,nan,nan,nan,nan,5.90,168.50,nan
29-Jan-24 11:40:04 AM AEST,nan,nan,nan,nan,nan,nan,168.10,nan,nan,nan,nan,nan
29-Jan-24 11:40:24 AM AEST,nan,nan,nan,nan,nan,nan,nan,0.64,nan,nan,nan,nan
29-Jan-24 11:40:36 AM AEST,nan,66.5,nan,nan,nan,nan,nan,nan,nan,nan,nan,nan
29-Jan-24 11:40:48 AM AEST,nan,nan,nan,nan,nan,nan,nan,nan,nan,nan,nan,889.10
29-Jan-24 11:40:50 AM AEST,nan,nan,25.8,nan,nan,nan,nan,nan,nan,nan,nan,nan
29-Jan-24 11:40:56 AM AEST,nan,nan,nan,nan,nan,nan,nan,nan,18.90,nan,nan,nan
29-Jan-24 11:41:04 AM AEST,nan,nan,nan,nan,nan,nan,nan,nan,nan,6.10,131.70,nan
29-Jan-24 11:41:04 AM AEST,nan,nan,nan,nan,nan,nan,nan,nan,nan,10.90,117.70,nan
29-Jan-24 11:41:05 AM AEST,33.3,nan,nan,nan,nan,nan,nan,nan,nan,nan,nan,nan
29-Jan-24 11:41:05 AM AEST,33.1,nan,nan,nan,nan,nan,nan,nan,nan,nan,nan,nan
29-Jan-24 11:41:08 AM AEST,nan,nan,nan,nan,nan,nan,132.70,nan,nan,nan,nan,nan
29-Jan-24 11:41:08 AM AEST,nan,nan,nan,nan,nan,nan,120.90,nan,nan,nan,nan,nan
29-Jan-24 11:41:28 AM AEST,nan,nan,nan,nan,nan,nan,nan,1.15,nan,nan,nan,nan
29-Jan-24 11:41:40 AM AEST,nan,65.3,nan,nan,nan,nan,nan,nan,nan,nan,nan,nan
29-Jan-24 11:41:52 AM AEST,nan,nan,nan,nan,nan,nan,nan,nan,nan,nan,nan,934.20
29-Jan-24 11:41:52 AM AEST,nan,nan,nan,nan,nan,nan,nan,nan,nan,nan,nan,971.70
29-Jan-24 11:41:55 AM AEST,nan,nan,26.2,nan,nan,nan,nan,nan,nan,nan,nan,nan
29-Jan-24 11:41:55 AM AEST,nan,nan,25.7,nan,nan,nan,nan,nan,nan,nan,nan,nan
29-Jan-24 11:42:00 AM AEST,nan,nan,nan,nan,nan,nan,nan,nan,11.80,nan,nan,nan
29-Jan-24 11:42:08 AM AEST,nan,nan,nan,nan,nan,nan,nan,nan,nan,7.30,131.60,nan
29-Jan-24 11:42:10 AM AEST,33.0,nan,nan,nan,nan,nan,nan,nan,nan,nan,nan,nan
29-Jan-24 11:42:12 AM AEST,nan,nan,nan,nan,nan,nan,136.60,nan,nan,nan,nan,nan
29-Jan-24 11:42:32 AM AEST,nan,nan,nan,nan,nan,nan,nan,0.85,nan,nan,nan,nan
29-Jan-24 11:42:44 AM AEST,nan,66.0,nan,nan,nan,nan,nan,nan,nan,nan,nan,nan
29-Jan-24 11:42:56 AM AEST,nan,nan,nan,nan,nan,nan,nan,nan,nan,nan,nan,980.70
29-Jan-24 11:43:00 AM AEST,nan,nan,25.8,nan,nan,nan,nan,nan,nan,nan,nan,nan
29-Jan-24 11:43:04 AM AEST,nan,nan,nan,nan,nan,nan,nan,nan,10.60,nan,nan,nan
29-Jan-24 11:43:12 AM AEST,nan,nan,nan,nan,nan,nan,nan,nan,nan,5.50,136.50,nan
29-Jan-24 11:43:15 AM AEST,33.2,nan,nan,nan,nan,nan,nan,nan,nan,nan,nan,nan
29-Jan-24 11:43:16 AM AEST,nan,nan,nan,nan,nan,nan,140.80,nan,nan,nan,nan,nan
29-Jan-24 11:43:36 AM AEST,nan,nan,nan,nan,nan,nan,nan,0.59,nan,nan,nan,nan
29-Jan-24 11:43:48 AM AEST,nan,66.8,nan,nan,nan,nan,nan,nan,nan,nan,nan,nan
29-Jan-24 11:44:00 AM AEST,nan,nan,nan,nan,nan,nan,nan,nan,nan,nan,nan,956.70
29-Jan-24 11:44:05 AM AEST,nan,nan,26.2,nan,nan,nan,nan,nan,nan,nan,nan,nan
29-Jan-24 11:44:08 AM AEST,nan,nan,nan,nan,nan,nan,nan,nan,11.80,nan,nan,nan
29-Jan-24 11:44:16 AM AEST,nan,nan,nan,nan,nan,nan,nan,nan,nan,7.10,146.20,nan
29-Jan-24 11:44:20 AM AEST,nan,nan,nan,nan,nan,nan,147.00,nan,nan,nan,nan,nan
29-Jan-24 11:44:40 AM AEST,nan,nan,nan,nan,nan,nan,nan,0.72,nan,nan,nan,nan
29-Jan-24 11:44:52 AM AEST,nan,65.5,nan,nan,nan,nan,nan,nan,nan,nan,nan,nan
29-Jan-24 11:45:00 AM AEST,33.3,nan,nan,nan,nan,nan,nan,nan,nan,nan,nan,nan
29-Jan-24 11:45:04 AM AEST,nan,nan,nan,nan,nan,nan,nan,nan,nan,nan,nan,952.40
29-Jan-24 11:45:10 AM AEST,nan,nan,25.9,nan,nan,nan,nan,nan,nan,nan,nan,nan
29-Jan-24 11:45:12 AM AEST,nan,nan,nan,nan,nan,nan,nan,nan,13.00,nan,nan,nan
29-Jan-24 11:45:20 AM AEST,nan,nan,nan,nan,nan,nan,nan,nan,nan,6.70,146.10,nan
29-Jan-24 11:45:24 AM AEST,nan,nan,nan,nan,nan,nan,150.70,nan,nan,nan,nan,nan
29-Jan-24 11:45:44 AM AEST,nan,nan,nan,nan,nan,nan,nan,0.74,nan,nan,nan,nan
29-Jan-24 11:45:56 AM AEST,nan,66.2,nan,nan,nan,nan,nan,nan,nan,nan,nan,nan
29-Jan-24 11:46:08 AM AEST,nan,nan,nan,nan,nan,nan,nan,nan,nan,nan,nan,948.30
29-Jan-24 11:46:15 AM AEST,nan,nan,26.1,nan,nan,nan,nan,nan,nan,nan,nan,nan
29-Jan-24 11:46:16 AM AEST,nan,nan,nan,nan,nan,nan,nan,nan,9.50,nan,nan,nan
29-Jan-24 11:46:24 AM AEST,nan,nan,nan,nan,nan,nan,nan,nan,nan,7.10,152.20,nan
29-Jan-24 11:46:28 AM AEST,nan,nan,nan,nan,nan,nan,152.10,nan,nan,nan,nan,nan
29-Jan-24 11:46:48 AM AEST,nan,nan,nan,nan,nan,nan,nan,0.76,nan,nan,nan,nan
29-Jan-24 11:47:00 AM AEST,33.4,65.5,nan,nan,nan,nan,nan,nan,nan,nan,nan,nan
29-Jan-24 11:47:00 AM AEST,33.4,65.8,nan,nan,nan,nan,nan,nan,nan,nan,nan,nan
29-Jan-24 11:47:12 AM AEST,nan,nan,nan,nan,nan,nan,nan,nan,nan,nan,nan,977.50
29-Jan-24 11:47:20 AM AEST,nan,nan,26.0,nan,nan,nan,nan,nan,10.60,nan,nan,nan
29-Jan-24 11:47:28 AM AEST,nan,nan,nan,nan,nan,nan,nan,nan,nan,6.50,154.00,nan
29-Jan-24 11:47:32 AM AEST,nan,nan,nan,nan,nan,nan,154.10,nan,nan,nan,nan,nan
29-Jan-24 11:47:52 AM AEST,nan,nan,nan,nan,nan,nan,nan,0.78,nan,nan,nan,nan
29-Jan-24 11:48:04 AM AEST,nan,65.2,nan,nan,nan,nan,nan,nan,nan,nan,nan,nan
29-Jan-24 11:48:05 AM AEST,33.5,nan,nan,nan,nan,nan,nan,nan,nan,nan,nan,nan
29-Jan-24 11:48:16 AM AEST,nan,nan,nan,nan,nan,nan,nan,nan,nan,nan,nan,974.10
29-Jan-24 11:48:24 AM AEST,nan,nan,nan,nan,nan,nan,nan,nan,13.00,nan,nan,nan
29-Jan-24 11:48:25 AM AEST,nan,nan,26.1,nan,nan,nan,nan,nan,nan,nan,nan,nan
29-Jan-24 11:48:32 AM AEST,nan,nan,nan,nan,nan,nan,nan,nan,nan,7.10,153.40,nan
29-Jan-24 11:48:36 AM AEST,nan,nan,nan,nan,nan,nan,158.00,nan,nan,nan,nan,nan
29-Jan-24 11:48:56 AM AEST,nan,nan,nan,nan,nan,nan,nan,0.83,nan,nan,nan,nan
29-Jan-24 11:49:08 AM AEST,nan,64.2,nan,nan,nan,nan,nan,nan,nan,nan,nan,nan
29-Jan-24 11:49:10 AM AEST,33.2,nan,nan,nan,nan,nan,nan,nan,nan,nan,nan,nan
29-Jan-24 11:49:20 AM AEST,nan,nan,nan,nan,nan,nan,nan,nan,nan,nan,nan,403.30
29-Jan-24 11:49:28 AM AEST,nan,nan,nan,nan,nan,nan,nan,nan,15.40,nan,nan,nan
29-Jan-24 11:49:30 AM AEST,nan,nan,26.0,nan,nan,nan,nan,nan,nan,nan,nan,nan
29-Jan-24 11:49:36 AM AEST,nan,nan,nan,nan,nan,nan,nan,nan,nan,10.80,131.80,nan
29-Jan-24 11:49:40 AM AEST,nan,nan,nan,nan,nan,nan,131.00,nan,nan,nan,nan,nan
29-Jan-24 11:50:00 AM AEST,nan,nan,nan,nan,nan,nan,nan,1.11,nan,nan,nan,nan
29-Jan-24 11:50:00 AM AEST,nan,nan,nan,nan,nan,nan,nan,0.77,nan,nan,nan,nan
29-Jan-24 11:50:12 AM AEST,nan,64.7,nan,nan,nan,nan,nan,nan,nan,nan,nan,nan
29-Jan-24 11:50:15 AM AEST,33.1,nan,nan,nan,nan,nan,nan,nan,nan,nan,nan,nan
29-Jan-24 11:50:24 AM AEST,nan,nan,nan,nan,nan,nan,nan,nan,nan,nan,nan,320.00
29-Jan-24 11:50:32 AM AEST,nan,nan,nan,nan,nan,nan,nan,nan,9.50,nan,nan,nan
29-Jan-24 11:50:35 AM AEST,nan,nan,25.5,nan,nan,nan,nan,nan,nan,nan,nan,nan
29-Jan-24 11:50:40 AM AEST,nan,nan,nan,nan,nan,nan,nan,nan,nan,6.30,149.70,nan
29-Jan-24 11:50:44 AM AEST,nan,nan,nan,nan,nan,nan,151.10,nan,nan,nan,nan,nan
29-Jan-24 11:51:16 AM AEST,nan,65.7,nan,nan,nan,nan,nan,nan,nan,nan,nan,nan
29-Jan-24 11:51:28 AM AEST,nan,nan,nan,nan,nan,nan,nan,nan,nan,nan,nan,251.60
29-Jan-24 11:51:36 AM AEST,nan,nan,nan,nan,nan,nan,nan,nan,11.80,nan,nan,nan
29-Jan-24 11:51:44 AM AEST,nan,nan,nan,nan,nan,nan,nan,nan,nan,6.50,165.30,nan
29-Jan-24 11:51:48 AM AEST,nan,nan,nan,nan,nan,nan,168.70,nan,nan,nan,nan,nan
29-Jan-24 11:52:00 AM AEST,nan,nan,nan,nan,nan,nan,nan,0.69,nan,nan,nan,nan
29-Jan-24 11:52:20 AM AEST,nan,65.2,nan,nan,nan,nan,nan,nan,nan,nan,nan,nan
29-Jan-24 11:52:32 AM AEST,nan,nan,nan,nan,nan,nan,nan,nan,nan,nan,nan,1013.30
29-Jan-24 11:52:40 AM AEST,nan,nan,nan,nan,nan,nan,nan,nan,16.60,nan,nan,nan
29-Jan-24 11:52:48 AM AEST,nan,nan,nan,nan,nan,nan,nan,nan,nan,8.70,142.00,nan
29-Jan-24 11:52:52 AM AEST,nan,nan,nan,nan,nan,nan,147.10,nan,nan,nan,nan,nan
29-Jan-24 11:53:00 AM AEST,33.0,nan,25.8,nan,nan,nan,nan,nan,nan,nan,nan,nan
29-Jan-24 11:53:04 AM AEST,nan,nan,nan,nan,nan,nan,nan,0.98,nan,nan,nan,nan
29-Jan-24 11:53:24 AM AEST,nan,65.0,nan,nan,nan,nan,nan,nan,nan,nan,nan,nan
29-Jan-24 11:53:36 AM AEST,nan,nan,nan,nan,nan,nan,nan,nan,nan,nan,nan,1042.40
29-Jan-24 11:53:44 AM AEST,nan,nan,nan,nan,nan,nan,nan,nan,14.20,nan,nan,nan
29-Jan-24 11:53:52 AM AEST,nan,nan,nan,nan,nan,nan,nan,nan,nan,9.80,145.00,nan
29-Jan-24 11:54:05 AM AEST,nan,nan,25.6,nan,nan,nan,nan,nan,nan,nan,nan,nan
29-Jan-24 11:54:08 AM AEST,nan,nan,nan,nan,nan,nan,nan,1.08,nan,nan,nan,nan
29-Jan-24 11:54:28 AM AEST,nan,66.3,nan,nan,nan,nan,nan,nan,nan,nan,nan,nan
29-Jan-24 11:54:40 AM AEST,nan,nan,nan,nan,nan,nan,nan,nan,nan,nan,nan,716.70
29-Jan-24 11:54:48 AM AEST,nan,nan,nan,nan,nan,nan,nan,nan,8.30,nan,nan,nan
29-Jan-24 11:54:56 AM AEST,nan,nan,nan,nan,nan,nan,nan,nan,nan,4.80,166.20,nan
29-Jan-24 11:54:56 AM AEST,nan,nan,nan,nan,nan,nan,nan,nan,nan,5.80,130.90,nan
29-Jan-24 11:55:00 AM AEST,33.1,nan,nan,nan,nan,nan,167.10,nan,nan,nan,nan,nan
29-Jan-24 11:55:00 AM AEST,33.2,nan,nan,nan,nan,nan,129.30,nan,nan,nan,nan,nan
29-Jan-24 11:55:10 AM AEST,nan,nan,25.5,nan,nan,nan,nan,nan,nan,nan,nan,nan
29-Jan-24 11:55:10 AM AEST,nan,nan,25.9,nan,nan,nan,nan,nan,nan,nan,nan,nan
29-Jan-24 11:55:12 AM AEST,nan,nan,nan,nan,nan,nan,nan,0.56,nan,nan,nan,nan
29-Jan-24 11:55:12 AM AEST,nan,nan,nan,nan,nan,nan,nan,0.62,nan,nan,nan,nan
29-Jan-24 11:55:32 AM AEST,nan,66.5,nan,nan,nan,nan,nan,nan,nan,nan,nan,nan
29-Jan-24 11:55:44 AM AEST,nan,nan,nan,nan,nan,nan,nan,nan,nan,nan,nan,385.00
29-Jan-24 11:55:52 AM AEST,nan,nan,nan,nan,nan,nan,nan,nan,9.50,nan,nan,nan
29-Jan-24 11:56:00 AM AEST,nan,nan,nan,nan,nan,nan,nan,nan,nan,5.30,149.40,nan
29-Jan-24 11:56:04 AM AEST,nan,nan,nan,nan,nan,nan,151.90,nan,nan,nan,nan,nan
29-Jan-24 11:56:15 AM AEST,nan,nan,26.1,nan,nan,nan,nan,nan,nan,nan,nan,nan
29-Jan-24 11:56:16 AM AEST,nan,nan,nan,nan,nan,nan,nan,0.59,nan,nan,nan,nan
29-Jan-24 11:56:36 AM AEST,nan,65.8,nan,nan,nan,nan,nan,nan,nan,nan,nan,nan
29-Jan-24 11:56:48 AM AEST,nan,nan,nan,nan,nan,nan,nan,nan,nan,nan,nan,681.60
29-Jan-24 11:56:56 AM AEST,nan,nan,nan,nan,nan,nan,nan,nan,8.30,nan,nan,nan
29-Jan-24 11:57:00 AM AEST,33.3,nan,nan,nan,nan,nan,nan,nan,nan,nan,nan,nan
29-Jan-24 11:57:04 AM AEST,nan,nan,nan,nan,nan,nan,nan,nan,nan,5.80,140.00,nan
29-Jan-24 11:57:08 AM AEST,nan,nan,nan,nan,nan,nan,137.00,nan,nan,nan,nan,nan
29-Jan-24 11:57:20 AM AEST,nan,nan,26.0,nan,nan,nan,nan,0.61,nan,nan,nan,nan
29-Jan-24 11:57:40 AM AEST,nan,65.0,nan,nan,nan,nan,nan,nan,nan,nan,nan,nan
29-Jan-24 11:57:52 AM AEST,nan,nan,nan,nan,nan,nan,nan,nan,nan,nan,nan,485.00
29-Jan-24 11:58:00 AM AEST,nan,nan,nan,nan,nan,nan,nan,nan,9.50,nan,nan,nan
29-Jan-24 11:58:05 AM AEST,33.2,nan,nan,nan,nan,nan,nan,nan,nan,nan,nan,nan
29-Jan-24 11:58:06 AM AEST,nan,nan,nan,nan,nan,0.63,nan,nan,nan,nan,nan,nan
29-Jan-24 11:58:08 AM AEST,nan,nan,nan,nan,nan,nan,nan,nan,nan,5.60,135.70,nan
29-Jan-24 11:58:12 AM AEST,nan,nan,nan,nan,nan,nan,129.80,nan,nan,nan,nan,nan
29-Jan-24 11:58:24 AM AEST,nan,nan,nan,nan,nan,nan,nan,0.65,nan,nan,nan,nan
29-Jan-24 11:58:25 AM AEST,nan,nan,25.8,nan,nan,nan,nan,nan,nan,nan,nan,nan
29-Jan-24 11:58:44 AM AEST,nan,64.0,nan,nan,nan,nan,nan,nan,nan,nan,nan,nan
29-Jan-24 11:58:56 AM AEST,nan,nan,nan,nan,nan,nan,nan,nan,nan,nan,nan,599.90
29-Jan-24 11:58:56 AM AEST,nan,nan,nan,nan,nan,nan,nan,nan,nan,nan,nan,1012.50
29-Jan-24 11:59:12 AM AEST,nan,nan,nan,nan,nan,nan,nan,nan,nan,5.80,164.40,nan
29-Jan-24 11:59:16 AM AEST,nan,nan,nan,nan,nan,nan,162.70,nan,nan,nan,nan,nan
29-Jan-24 11:59:28 AM AEST,nan,nan,nan,nan,nan,nan,nan,0.61,nan,nan,nan,nan
29-Jan-24 11:59:30 AM AEST,nan,nan,25.5,nan,nan,nan,nan,nan,nan,nan,nan,nan
29-Jan-24 11:59:48 AM AEST,nan,64.7,nan,nan,nan,nan,nan,nan,nan,nan,nan,nan
29-Jan-24 12:00:00 PM AEST,nan,nan,nan,nan,nan,nan,nan,nan,nan,nan,nan,995.80
29-Jan-24 12:00:16 PM AEST,nan,nan,nan,nan,nan,nan,nan,nan,nan,6.00,153.20,nan
29-Jan-24 12:00:20 PM AEST,nan,nan,nan,nan,nan,nan,163.70,nan,nan,nan,nan,nan
29-Jan-24 12:00:32 PM AEST,nan,nan,nan,nan,nan,nan,nan,0.75,nan,nan,nan,nan
29-Jan-24 12:00:35 PM AEST,nan,nan,25.6,nan,nan,nan,nan,nan,nan,nan,nan,nan
29-Jan-24 12:00:52 PM AEST,nan,65.0,nan,nan,nan,nan,nan,nan,nan,nan,nan,nan
29-Jan-24 12:01:00 PM AEST,33.3,nan,nan,nan,nan,nan,nan,nan,10.60,nan,nan,nan
29-Jan-24 12:01:00 PM AEST,33.2,nan,nan,nan,nan,nan,nan,nan,14.20,nan,nan,nan
29-Jan-24 12:01:04 PM AEST,nan,nan,nan,nan,nan,nan,nan,nan,nan,nan,nan,996.60
29-Jan-24 12:01:20 PM AEST,nan,nan,nan,nan,nan,nan,nan,nan,nan,6.60,164.90,nan
29-Jan-24 12:01:24 PM AEST,nan,nan,nan,nan,nan,nan,157.90,nan,nan,nan,nan,nan
29-Jan-24 12:01:36 PM AEST,nan,nan,nan,nan,nan,nan,nan,0.82,nan,nan,nan,nan
29-Jan-24 12:01:40 PM AEST,nan,nan,25.8,nan,nan,nan,nan,nan,nan,nan,nan,nan
29-Jan-24 12:01:56 PM AEST,nan,64.2,nan,nan,nan,nan,nan,nan,nan,nan,nan,nan
29-Jan-24 12:02:04 PM AEST,nan,nan,nan,nan,nan,nan,nan,nan,13.00,nan,nan,nan
29-Jan-24 12:02:05 PM AEST,33.1,nan,nan,nan,nan,nan,nan,nan,nan,nan,nan,nan
29-Jan-24 12:02:08 PM AEST,nan,nan,nan,nan,nan,nan,nan,nan,nan,nan,nan,1010.00
29-Jan-24 12:02:24 PM AEST,nan,nan,nan,nan,nan,nan,nan,nan,nan,9.20,136.00,nan
29-Jan-24 12:02:28 PM AEST,nan,nan,nan,nan,nan,nan,136.10,nan,nan,nan,nan,nan
29-Jan-24 12:02:40 PM AEST,nan,nan,nan,nan,nan,nan,nan,0.97,nan,nan,nan,nan
29-Jan-24 12:02:45 PM AEST,nan,nan,25.5,nan,nan,nan,nan,nan,nan,nan,nan,nan
29-Jan-24 12:03:00 PM AEST,nan,64.0,nan,nan,nan,nan,nan,nan,nan,nan,nan,nan
29-Jan-24 12:03:08 PM AEST,nan,nan,nan,nan,nan,nan,nan,nan,16.60,nan,nan,nan
29-Jan-24 12:03:10 PM AEST,33.0,nan,nan,nan,nan,nan,nan,nan,nan,nan,nan,nan
29-Jan-24 12:03:12 PM AEST,nan,nan,nan,nan,nan,nan,nan,nan,nan,nan,nan,754.10
29-Jan-24 12:03:28 PM AEST,nan,nan,nan,nan,nan,nan,nan,nan,nan,9.00,140.30,nan
29-Jan-24 12:03:32 PM AEST,nan,nan,nan,nan,nan,nan,138.60,nan,nan,nan,nan,nan
29-Jan-24 12:03:44 PM AEST,nan,nan,nan,nan,nan,nan,nan,0.95,nan,nan,nan,nan
29-Jan-24 12:03:50 PM AEST,nan,nan,25.4,nan,nan,nan,nan,nan,nan,nan,nan,nan
29-Jan-24 12:04:04 PM AEST,nan,64.5,nan,nan,nan,nan,nan,nan,nan,nan,nan,nan
29-Jan-24 12:04:04 PM AEST,nan,65.2,nan,nan,nan,nan,nan,nan,nan,nan,nan,nan
29-Jan-24 12:04:12 PM AEST,nan,nan,nan,nan,nan,nan,nan,nan,13.00,nan,nan,nan
29-Jan-24 12:04:15 PM AEST,33.2,nan,nan,nan,nan,nan,nan,nan,nan,nan,nan,nan
29-Jan-24 12:04:16 PM AEST,nan,nan,nan,nan,nan,nan,nan,nan,nan,nan,nan,621.70
29-Jan-24 12:04:32 PM AEST,nan,nan,nan,nan,nan,nan,nan,nan,nan,7.50,157.60,nan
29-Jan-24 12:04:36 PM AEST,nan,nan,nan,nan,nan,nan,158.40,nan,nan,nan,nan,nan
29-Jan-24 12:04:48 PM AEST,nan,nan,nan,nan,nan,nan,nan,0.79,nan,nan,nan,nan
29-Jan-24 12:05:08 PM AEST,nan,64.5,nan,nan,nan,nan,nan,nan,nan,nan,nan,nan
29-Jan-24 12:05:20 PM AEST,33.1,nan,nan,nan,nan,nan,nan,nan,nan,nan,nan,896.70
29-Jan-24 12:05:36 PM AEST,nan,nan,nan,nan,nan,nan,nan,nan,nan,9.30,163.10,nan
29-Jan-24 12:05:40 PM AEST,nan,nan,nan,nan,nan,nan,163.30,nan,nan,nan,nan,nan
29-Jan-24 12:05:52 PM AEST,nan,nan,nan,nan,nan,nan,nan,0.99,nan,nan,nan,nan
29-Jan-24 12:06:00 PM AEST,nan,nan,25.7,nan,nan,nan,nan,nan,nan,nan,nan,nan
29-Jan-24 12:06:12 PM AEST,nan,63.5,nan,nan,nan,nan,nan,nan,nan,nan,nan,nan
29-Jan-24 12:06:24 PM AEST,nan,nan,nan,nan,nan,nan,nan,nan,nan,nan,nan,965.70
29-Jan-24 12:06:25 PM AEST,33.0,nan,nan,nan,nan,nan,nan,nan,nan,nan,nan,nan
29-Jan-24 12:06:40 PM AEST,nan,nan,nan,nan,nan,nan,nan,nan,nan,7.70,148.30,nan
29-Jan-24 12:06:44 PM AEST,nan,nan,nan,nan,nan,nan,146.80,nan,nan,nan,nan,nan
29-Jan-24 12:06:56 PM AEST,nan,nan,nan,nan,nan,nan,nan,0.80,nan,nan,nan,nan
29-Jan-24 12:07:00 PM AEST,nan,nan,nan,nan,nan,nan,nan,nan,11.80,nan,nan,nan
29-Jan-24 12:07:05 PM AEST,nan,nan,25.5,nan,nan,nan,nan,nan,nan,nan,nan,nan
29-Jan-24 12:07:16 PM AEST,nan,63.2,nan,nan,nan,nan,nan,nan,nan,nan,nan,nan
29-Jan-24 12:07:28 PM AEST,nan,nan,nan,nan,nan,nan,nan,nan,nan,nan,nan,957.50
29-Jan-24 12:07:44 PM AEST,nan,nan,nan,nan,nan,nan,nan,nan,nan,11.00,145.80,nan
29-Jan-24 12:07:48 PM AEST,nan,nan,nan,nan,nan,nan,146.30,nan,nan,nan,nan,nan
29-Jan-24 12:08:00 PM AEST,nan,nan,nan,nan,nan,nan,nan,1.13,nan,nan,nan,nan
29-Jan-24 12:08:04 PM AEST,nan,nan,nan,nan,nan,nan,nan,nan,17.80,nan,nan,nan
29-Jan-24 12:08:10 PM AEST,nan,nan,25.2,nan,nan,nan,nan,nan,nan,nan,nan,nan
29-Jan-24 12:08:20 PM AEST,nan,64.0,nan,nan,nan,nan,nan,nan,nan,nan,nan,nan
29-Jan-24 12:08:32 PM AEST,nan,nan,nan,nan,nan,nan,nan,nan,nan,nan,nan,971.60
29-Jan-24 12:08:48 PM AEST,nan,nan,nan,nan,nan,nan,nan,nan,nan,6.50,159.00,nan
29-Jan-24 12:08:52 PM AEST,nan,nan,nan,nan,nan,nan,149.70,nan,nan,nan,nan,nan
29-Jan-24 12:09:04 PM AEST,nan,nan,nan,nan,nan,nan,nan,0.79,nan,nan,nan,nan
29-Jan-24 12:09:08 PM AEST,nan,nan,nan,nan,nan,nan,nan,nan,14.20,nan,nan,nan
29-Jan-24 12:09:08 PM AEST,nan,nan,nan,nan,nan,nan,nan,nan,17.80,nan,nan,nan
29-Jan-24 12:09:15 PM AEST,nan,nan,25.1,nan,nan,nan,nan,nan,nan,nan,nan,nan
29-Jan-24 12:09:15 PM AEST,nan,nan,25.3,nan,nan,nan,nan,nan,nan,nan,nan,nan
29-Jan-24 12:09:24 PM AEST,nan,64.2,nan,nan,nan,nan,nan,nan,nan,nan,nan,nan
29-Jan-24 12:09:36 PM AEST,nan,nan,nan,nan,nan,nan,nan,nan,nan,nan,nan,1010.80
29-Jan-24 12:09:52 PM AEST,nan,nan,nan,nan,nan,nan,nan,nan,nan,7.10,145.50,nan
29-Jan-24 12:09:52 PM AEST,nan,nan,nan,nan,nan,nan,nan,nan,nan,7.90,128.00,nan
29-Jan-24 12:09:56 PM AEST,nan,nan,nan,nan,nan,nan,148.50,nan,nan,nan,nan,nan
29-Jan-24 12:09:56 PM AEST,nan,nan,nan,nan,nan,nan,128.80,nan,nan,nan,nan,nan
29-Jan-24 12:10:00 PM AEST,33.2,nan,nan,nan,nan,nan,nan,nan,nan,nan,nan,nan
29-Jan-24 12:10:00 PM AEST,33.1,nan,nan,nan,nan,nan,nan,nan,nan,nan,nan,nan
29-Jan-24 12:10:08 PM AEST,nan,nan,nan,nan,nan,nan,nan,0.83,nan,nan,nan,nan
29-Jan-24 12:10:08 PM AEST,nan,nan,nan,nan,nan,nan,nan,0.84,nan,nan,nan,nan
29-Jan-24 12:10:12 PM AEST,nan,nan,nan,nan,nan,nan,nan,nan,15.40,nan,nan,nan
29-Jan-24 12:10:20 PM AEST,nan,nan,25.5,nan,nan,nan,nan,nan,nan,nan,nan,nan
29-Jan-24 12:10:28 PM AEST,nan,63.2,nan,nan,nan,nan,nan,nan,nan,nan,nan,nan
29-Jan-24 12:10:40 PM AEST,nan,nan,nan,nan,nan,nan,nan,nan,nan,nan,nan,708.30
29-Jan-24 12:10:56 PM AEST,nan,nan,nan,nan,nan,nan,nan,nan,nan,8.90,136.20,nan
29-Jan-24 12:11:00 PM AEST,nan,nan,nan,nan,nan,nan,138.30,nan,nan,nan,nan,nan
29-Jan-24 12:11:05 PM AEST,33.0,nan,nan,nan,nan,nan,nan,nan,nan,nan,nan,nan
29-Jan-24 12:11:12 PM AEST,nan,nan,nan,nan,nan,nan,nan,0.92,nan,nan,nan,nan
29-Jan-24 12:11:25 PM AEST,nan,nan,25.1,nan,nan,nan,nan,nan,nan,nan,nan,nan
29-Jan-24 12:11:32 PM AEST,nan,62.7,nan,nan,nan,nan,nan,nan,nan,nan,nan,nan
29-Jan-24 12:11:44 PM AEST,nan,nan,nan,nan,nan,nan,nan,nan,nan,nan,nan,733.20
29-Jan-24 12:12:00 PM AEST,nan,nan,nan,nan,nan,nan,nan,nan,11.80,7.00,137.70,nan
29-Jan-24 12:12:04 PM AEST,nan,nan,nan,nan,nan,nan,137.80,nan,nan,nan,nan,nan
29-Jan-24 12:12:16 PM AEST,nan,nan,nan,nan,nan,nan,nan,0.72,nan,nan,nan,nan
29-Jan-24 12:12:30 PM AEST,nan,nan,24.9,nan,nan,nan,nan,nan,nan,nan,nan,nan
29-Jan-24 12:12:36 PM AEST,nan,63.0,nan,nan,nan,nan,nan,nan,nan,nan,nan,nan
29-Jan-24 12:12:48 PM AEST,nan,nan,nan,nan,nan,nan,nan,nan,nan,nan,nan,316.70
29-Jan-24 12:13:04 PM AEST,nan,nan,nan,nan,nan,nan,nan,nan,13.00,8.40,128.10,nan
29-Jan-24 12:13:08 PM AEST,nan,nan,nan,nan,nan,nan,127.20,nan,nan,nan,nan,nan
29-Jan-24 12:13:20 PM AEST,nan,nan,nan,nan,nan,nan,nan,0.86,nan,nan,nan,nan
29-Jan-24 12:13:35 PM AEST,nan,nan,25.0,nan,nan,nan,nan,nan,nan,nan,nan,nan
29-Jan-24 12:13:40 PM AEST,nan,63.3,nan,nan,nan,nan,nan,nan,nan,nan,nan,nan
29-Jan-24 12:13:52 PM AEST,nan,nan,nan,nan,nan,nan,nan,nan,nan,nan,nan,584.10
29-Jan-24 12:13:52 PM AEST,nan,nan,nan,nan,nan,nan,nan,nan,nan,nan,nan,775.80
29-Jan-24 12:14:08 PM AEST,nan,nan,nan,nan,nan,nan,nan,nan,nan,7.40,141.80,nan
29-Jan-24 12:14:12 PM AEST,nan,nan,nan,nan,nan,nan,137.90,nan,nan,nan,nan,nan
29-Jan-24 12:14:24 PM AEST,nan,nan,nan,nan,nan,nan,nan,0.79,nan,nan,nan,nan
29-Jan-24 12:14:40 PM AEST,nan,nan,25.1,nan,nan,nan,nan,nan,nan,nan,nan,nan
29-Jan-24 12:14:44 PM AEST,nan,63.7,nan,nan,nan,nan,nan,nan,nan,nan,nan,nan
29-Jan-24 12:14:56 PM AEST,nan,nan,nan,nan,nan,nan,nan,nan,nan,nan,nan,815.80
29-Jan-24 12:15:00 PM AEST,32.9,nan,nan,nan,nan,nan,nan,nan,14.20,nan,nan,nan
29-Jan-24 12:15:12 PM AEST,nan,nan,nan,nan,nan,nan,nan,nan,nan,8.70,153.80,nan
29-Jan-24 12:15:16 PM AEST,nan,nan,nan,nan,nan,nan,151.80,nan,nan,nan,nan,nan
29-Jan-24 12:15:28 PM AEST,nan,nan,nan,nan,nan,nan,nan,0.92,nan,nan,nan,nan
29-Jan-24 12:15:45 PM AEST,nan,nan,25.2,nan,nan,nan,nan,nan,nan,nan,nan,nan
29-Jan-24 12:15:48 PM AEST,nan,63.2,nan,nan,nan,nan,nan,nan,nan,nan,nan,nan
29-Jan-24 12:16:04 PM AEST,nan,nan,nan,nan,nan,nan,nan,nan,10.60,nan,nan,nan
29-Jan-24 12:16:05 PM AEST,33.0,nan,nan,nan,nan,nan,nan,nan,nan,nan,nan,nan
29-Jan-24 12:16:16 PM AEST,nan,nan,nan,nan,nan,nan,nan,nan,nan,5.60,158.10,nan
29-Jan-24 12:16:20 PM AEST,nan,nan,nan,nan,nan,nan,155.20,nan,nan,nan,nan,nan
29-Jan-24 12:16:32 PM AEST,nan,nan,nan,nan,nan,nan,nan,0.59,nan,nan,nan,nan
29-Jan-24 12:16:50 PM AEST,nan,nan,25.0,nan,nan,nan,nan,nan,nan,nan,nan,nan
29-Jan-24 12:16:52 PM AEST,nan,63.8,nan,nan,nan,nan,nan,nan,nan,nan,nan,nan
29-Jan-24 12:17:00 PM AEST,nan,nan,nan,nan,nan,nan,nan,nan,nan,nan,nan,945.70
29-Jan-24 12:17:00 PM AEST,nan,nan,nan,nan,nan,nan,nan,nan,nan,nan,nan,807.40
29-Jan-24 12:17:08 PM AEST,nan,nan,nan,nan,nan,nan,nan,nan,14.20,nan,nan,nan
29-Jan-24 12:17:10 PM AEST,33.1,nan,nan,nan,nan,nan,nan,nan,nan,nan,nan,nan
29-Jan-24 12:17:20 PM AEST,nan,nan,nan,nan,nan,nan,nan,nan,nan,9.70,120.70,nan
29-Jan-24 12:17:24 PM AEST,nan,nan,nan,nan,nan,nan,122.40,nan,nan,nan,nan,nan
29-Jan-24 12:17:36 PM AEST,nan,nan,nan,nan,nan,nan,nan,1.02,nan,nan,nan,nan
29-Jan-24 12:17:55 PM AEST,nan,nan,25.3,nan,nan,nan,nan,nan,nan,nan,nan,nan
29-Jan-24 12:17:56 PM AEST,nan,63.7,nan,nan,nan,nan,nan,nan,nan,nan,nan,nan
29-Jan-24 12:18:04 PM AEST,nan,nan,nan,nan,nan,nan,nan,nan,nan,nan,nan,590.00
29-Jan-24 12:18:12 PM AEST,nan,nan,nan,nan,nan,nan,nan,nan,13.00,nan,nan,nan
29-Jan-24 12:18:15 PM AEST,32.9,nan,nan,nan,nan,nan,nan,nan,nan,nan,nan,nan
29-Jan-24 12:18:24 PM AEST,nan,nan,nan,nan,nan,nan,nan,nan,nan,8.30,143.00,nan
29-Jan-24 12:18:28 PM AEST,nan,nan,nan,nan,nan,nan,143.40,nan,nan,nan,nan,nan
29-Jan-24 12:18:40 PM AEST,nan,nan,nan,nan,nan,nan,nan,0.90,nan,nan,nan,nan
29-Jan-24 12:19:00 PM AEST,nan,63.5,nan,nan,nan,nan,nan,nan,nan,nan,nan,nan
29-Jan-24 12:19:08 PM AEST,nan,nan,nan,nan,nan,nan,nan,nan,nan,nan,nan,398.30
29-Jan-24 12:19:20 PM AEST,33.0,nan,nan,nan,nan,nan,nan,nan,nan,nan,nan,nan
29-Jan-24 12:19:28 PM AEST,nan,nan,nan,nan,nan,nan,nan,nan,nan,6.50,157.80,nan
29-Jan-24 12:19:32 PM AEST,nan,nan,nan,nan,nan,nan,165.90,nan,nan,nan,nan,nan
29-Jan-24 12:19:44 PM AEST,nan,nan,nan,nan,nan,nan,nan,0.82,nan,nan,nan,nan
29-Jan-24 12:20:00 PM AEST,nan,nan,25.0,nan,nan,nan,nan,nan,nan,nan,nan,nan
29-Jan-24 12:20:04 PM AEST,nan,63.3,nan,nan,nan,nan,nan,nan,nan,nan,nan,nan
29-Jan-24 12:20:04 PM AEST,nan,64.2,nan,nan,nan,nan,nan,nan,nan,nan,nan,nan
29-Jan-24 12:20:12 PM AEST,nan,nan,nan,nan,nan,nan,nan,nan,nan,nan,nan,930.80
29-Jan-24 12:20:25 PM AEST,32.9,nan,nan,nan,nan,nan,nan,nan,nan,nan,nan,nan
29-Jan-24 12:20:32 PM AEST,nan,nan,nan,nan,nan,nan,nan,nan,nan,6.20,148.40,nan
29-Jan-24 12:20:36 PM AEST,nan,nan,nan,nan,nan,nan,149.60,nan,nan,nan,nan,nan
29-Jan-24 12:20:48 PM AEST,nan,nan,nan,nan,nan,nan,nan,0.66,nan,nan,nan,nan
29-Jan-24 12:21:00 PM AEST,nan,nan,nan,nan,nan,nan,nan,nan,10.60,nan,nan,nan
29-Jan-24 12:21:05 PM AEST,nan,nan,25.1,nan,nan,nan,nan,nan,nan,nan,nan,nan
29-Jan-24 12:21:08 PM AEST,nan,64.5,nan,nan,nan,nan,nan,nan,nan,nan,nan,nan
29-Jan-24 12:21:16 PM AEST,nan,nan,nan,nan,nan,nan,nan,nan,nan,nan,nan,948.20
29-Jan-24 12:21:30 PM AEST,33.0,nan,nan,nan,nan,nan,nan,nan,nan,nan,nan,nan
29-Jan-24 12:21:36 PM AEST,nan,nan,nan,nan,nan,nan,nan,nan,nan,8.20,128.20,nan
29-Jan-24 12:21:40 PM AEST,nan,nan,nan,nan,nan,nan,128.70,nan,nan,nan,nan,nan
29-Jan-24 12:21:52 PM AEST,nan,nan,nan,nan,nan,nan,nan,0.85,nan,nan,nan,nan
29-Jan-24 12:22:04 PM AEST,nan,nan,nan,nan,nan,nan,nan,nan,13.00,nan,nan,nan
29-Jan-24 12:22:04 PM AEST,nan,nan,nan,nan,nan,nan,nan,nan,10.60,nan,nan,nan
29-Jan-24 12:22:10 PM AEST,nan,nan,25.3,nan,nan,nan,nan,nan,nan,nan,nan,nan
29-Jan-24 12:22:10 PM AEST,nan,nan,25.4,nan,nan,nan,nan,nan,nan,nan,nan,nan
29-Jan-24 12:22:20 PM AEST,nan,nan,nan,nan,nan,nan,nan,nan,nan,nan,nan,940.00
29-Jan-24 12:22:40 PM AEST,nan,nan,nan,nan,nan,nan,nan,nan,nan,7.70,127.00,nan
29-Jan-24 12:22:44 PM AEST,nan,nan,nan,nan,nan,nan,126.60,nan,nan,nan,nan,nan
29-Jan-24 12:22:56 PM AEST,nan,nan,nan,nan,nan,nan,nan,0.79,nan,nan,nan,nan
29-Jan-24 12:23:24 PM AEST,nan,nan,nan,nan,nan,nan,nan,nan,nan,nan,nan,934.20
29-Jan-24 12:23:44 PM AEST,nan,nan,nan,nan,nan,nan,nan,nan,nan,5.10,117.00,nan
29-Jan-24 12:23:48 PM AEST,nan,nan,nan,nan,nan,nan,119.20,nan,nan,nan,nan,nan
29-Jan-24 12:24:00 PM AEST,33.2,65.7,25.9,nan,nan,nan,nan,0.51,11.80,nan,nan,nan
29-Jan-24 12:24:00 PM AEST,33.2,64.7,25.9,nan,nan,nan,nan,0.93,13.00,nan,nan,nan
29-Jan-24 12:24:28 PM AEST,nan,nan,nan,nan,nan,nan,nan,nan,nan,nan,nan,936.60
29-Jan-24 12:24:48 PM AEST,nan,nan,nan,nan,nan,nan,nan,nan,nan,9.20,141.20,nan
29-Jan-24 12:24:48 PM AEST,nan,nan,nan,nan,nan,nan,nan,nan,nan,4.80,166.80,nan
29-Jan-24 12:24:52 PM AEST,nan,nan,nan,nan,nan,nan,141.90,nan,nan,nan,nan,nan
29-Jan-24 12:24:52 PM AEST,nan,nan,nan,nan,nan,nan,165.50,nan,nan,nan,nan,nan
29-Jan-24 12:25:04 PM AEST,nan,nan,nan,nan,nan,nan,nan,0.53,7.10,nan,nan,nan
29-Jan-24 12:25:05 PM AEST,33.3,nan,25.7,nan,nan,nan,nan,nan,nan,nan,nan,nan
29-Jan-24 12:25:32 PM AEST,nan,nan,nan,nan,nan,nan,nan,nan,nan,nan,nan,934.20
29-Jan-24 12:25:56 PM AEST,nan,nan,nan,nan,nan,nan,223.50,nan,nan,nan,nan,nan
29-Jan-24 12:26:00 PM AEST,nan,64.8,nan,nan,nan,nan,nan,nan,nan,3.80,223.10,nan
29-Jan-24 12:26:08 PM AEST,nan,nan,nan,nan,nan,nan,nan,0.40,5.90,nan,nan,nan
29-Jan-24 12:26:10 PM AEST,33.5,nan,nan,nan,nan,nan,nan,nan,nan,nan,nan,nan
29-Jan-24 12:26:36 PM AEST,nan,nan,nan,nan,nan,nan,nan,nan,nan,nan,nan,937.40
29-Jan-24 12:27:00 PM AEST,nan,nan,nan,nan,nan,nan,196.10,nan,nan,nan,nan,nan
29-Jan-24 12:27:04 PM AEST,nan,64.5,nan,nan,nan,nan,nan,nan,nan,5.70,190.20,nan
29-Jan-24 12:27:12 PM AEST,nan,nan,nan,nan,nan,nan,nan,0.59,11.80,nan,nan,nan
29-Jan-24 12:27:15 PM AEST,33.7,nan,nan,nan,nan,nan,nan,nan,nan,nan,nan,nan
29-Jan-24 12:27:40 PM AEST,nan,nan,nan,nan,nan,nan,nan,nan,nan,nan,nan,940.80
29-Jan-24 12:28:00 PM AEST,nan,nan,26.0,nan,nan,nan,nan,nan,nan,nan,nan,nan
29-Jan-24 12:28:04 PM AEST,nan,nan,nan,nan,nan,nan,192.90,nan,nan,nan,nan,nan
29-Jan-24 12:28:08 PM AEST,nan,62.8,nan,nan,nan,nan,nan,nan,nan,9.70,194.20,nan
29-Jan-24 12:28:16 PM AEST,nan,nan,nan,nan,nan,nan,nan,1.00,16.60,nan,nan,nan
29-Jan-24 12:28:20 PM AEST,33.6,nan,nan,nan,nan,nan,nan,nan,nan,nan,nan,nan
29-Jan-24 12:28:44 PM AEST,nan,nan,nan,nan,nan,nan,nan,nan,nan,nan,nan,944.20
29-Jan-24 12:29:48 PM AEST,nan,nan,nan,nan,nan,nan,nan,nan,nan,nan,nan,947.40
29-Jan-24 12:30:00 PM AEST,33.7,63.8,25.6,nan,nan,nan,207.30,0.65,9.50,6.40,206.10,nan
29-Jan-24 12:30:00 PM AEST,33.7,64.0,25.8,nan,nan,nan,180.90,0.75,13.00,6.20,173.00,nan
29-Jan-24 12:30:52 PM AEST,nan,nan,nan,nan,nan,nan,nan,nan,nan,nan,nan,951.70
29-Jan-24 12:31:04 PM AEST,nan,64.7,nan,nan,nan,nan,192.00,0.77,15.40,7.60,192.80,nan
29-Jan-24 12:31:05 PM AEST,33.8,nan,25.9,nan,nan,nan,nan,nan,nan,nan,nan,nan
29-Jan-24 12:31:56 PM AEST,nan,nan,nan,nan,nan,nan,nan,nan,nan,nan,nan,952.40
29-Jan-24 12:32:08 PM AEST,nan,63.2,nan,nan,nan,nan,202.10,1.11,nan,10.40,200.60,nan
29-Jan-24 12:32:10 PM AEST,nan,nan,26.2,nan,nan,nan,nan,nan,nan,nan,nan,nan
29-Jan-24 12:33:00 PM AEST,nan,nan,nan,nan,nan,nan,nan,nan,nan,nan,nan,964.20
29-Jan-24 12:33:00 PM AEST,nan,nan,nan,nan,nan,nan,nan,nan,nan,nan,nan,985.00
29-Jan-24 12:33:12 PM AEST,nan,63.3,nan,nan,nan,nan,171.90,1.14,nan,9.40,175.30,nan
29-Jan-24 12:33:15 PM AEST,nan,nan,25.8,nan,nan,nan,nan,nan,nan,nan,nan,nan
29-Jan-24 12:34:00 PM AEST,33.6,nan,nan,nan,nan,nan,nan,nan,16.60,nan,nan,nan
29-Jan-24 12:34:04 PM AEST,nan,nan,nan,nan,nan,nan,nan,nan,nan,nan,nan,1015.70
29-Jan-24 12:34:16 PM AEST,nan,64.0,nan,nan,nan,nan,172.10,0.92,nan,7.90,177.40,nan
29-Jan-24 12:34:20 PM AEST,nan,nan,25.6,nan,nan,nan,nan,nan,nan,nan,nan,nan
29-Jan-24 12:35:04 PM AEST,nan,nan,nan,nan,nan,nan,nan,nan,15.40,nan,nan,nan
29-Jan-24 12:35:20 PM AEST,nan,64.7,nan,nan,nan,nan,206.20,0.96,nan,7.50,210.20,nan
29-Jan-24 12:35:25 PM AEST,nan,nan,25.8,nan,nan,nan,nan,nan,nan,nan,nan,nan
29-Jan-24 12:36:00 PM AEST,33.7,nan,nan,nan,nan,nan,nan,nan,nan,nan,nan,810.80
29-Jan-24 12:36:08 PM AEST,nan,nan,nan,nan,nan,nan,nan,nan,14.20,nan,nan,nan
29-Jan-24 12:36:24 PM AEST,nan,63.8,nan,nan,nan,nan,187.90,0.88,nan,8.30,184.10,nan
29-Jan-24 12:36:30 PM AEST,nan,nan,26.1,nan,nan,nan,nan,nan,nan,nan,nan,nan
29-Jan-24 12:37:04 PM AEST,nan,nan,nan,nan,nan,nan,nan,nan,nan,nan,nan,839.10
29-Jan-24 12:37:05 PM AEST,33.6,nan,nan,nan,nan,nan,nan,nan,nan,nan,nan,nan
29-Jan-24 12:37:12 PM AEST,nan,nan,nan,nan,nan,nan,nan,nan,13.00,nan,nan,nan
29-Jan-24 12:37:28 PM AEST,nan,64.7,nan,nan,nan,nan,196.40,0.89,nan,7.00,193.30,nan
29-Jan-24 12:37:35 PM AEST,nan,nan,25.8,nan,nan,nan,nan,nan,nan,nan,nan,nan
29-Jan-24 12:38:08 PM AEST,nan,nan,nan,nan,nan,nan,nan,nan,nan,nan,nan,604.20
29-Jan-24 12:38:08 PM AEST,nan,nan,nan,nan,nan,nan,nan,nan,nan,nan,nan,733.30
29-Jan-24 12:38:10 PM AEST,33.7,nan,nan,nan,nan,nan,nan,nan,nan,nan,nan,nan
29-Jan-24 12:38:16 PM AEST,nan,nan,nan,nan,nan,nan,nan,nan,9.50,nan,nan,nan
29-Jan-24 12:38:32 PM AEST,nan,65.8,nan,nan,nan,nan,170.10,0.62,nan,6.00,170.40,nan
29-Jan-24 12:38:40 PM AEST,nan,nan,26.1,nan,nan,nan,nan,nan,nan,nan,nan,nan
29-Jan-24 12:39:12 PM AEST,nan,nan,nan,nan,nan,nan,nan,nan,nan,nan,nan,1014.10
29-Jan-24 12:39:15 PM AEST,33.6,nan,nan,nan,nan,nan,nan,nan,nan,nan,nan,nan
29-Jan-24 12:39:20 PM AEST,nan,nan,nan,nan,nan,nan,nan,nan,17.80,nan,nan,nan
29-Jan-24 12:39:36 PM AEST,nan,64.0,nan,nan,nan,nan,155.20,1.16,nan,11.40,154.40,nan
29-Jan-24 12:39:45 PM AEST,nan,nan,26.4,nan,nan,nan,nan,nan,nan,nan,nan,nan
29-Jan-24 12:40:16 PM AEST,nan,nan,nan,nan,nan,nan,nan,nan,nan,nan,nan,1060.80
29-Jan-24 12:40:24 PM AEST,nan,nan,nan,nan,nan,nan,nan,nan,10.60,nan,nan,nan
29-Jan-24 12:40:40 PM AEST,nan,64.8,nan,nan,nan,nan,184.10,0.77,nan,6.30,181.10,nan
29-Jan-24 12:40:50 PM AEST,nan,nan,25.9,nan,nan,nan,nan,nan,nan,nan,nan,nan
29-Jan-24 12:41:20 PM AEST,nan,nan,nan,nan,nan,nan,nan,nan,nan,nan,nan,1001.60
29-Jan-24 12:41:28 PM AEST,nan,nan,nan,nan,nan,nan,nan,nan,15.40,nan,nan,nan
29-Jan-24 12:41:44 PM AEST,nan,64.5,nan,nan,nan,nan,173.80,0.83,nan,7.60,166.00,nan
29-Jan-24 12:41:55 PM AEST,nan,nan,26.1,nan,nan,nan,nan,nan,nan,nan,nan,nan
29-Jan-24 12:41:55 PM AEST,nan,nan,26.0,nan,nan,nan,nan,nan,nan,nan,nan,nan
29-Jan-24 12:42:00 PM AEST,33.7,nan,nan,nan,nan,nan,nan,nan,nan,nan,nan,nan
29-Jan-24 12:42:24 PM AEST,nan,nan,nan,nan,nan,nan,nan,nan,nan,nan,nan,850.80
29-Jan-24 12:42:48 PM AEST,nan,64.7,nan,nan,nan,nan,142.40,0.80,nan,7.10,135.30,nan
29-Jan-24 12:43:00 PM AEST,nan,nan,26.1,nan,nan,nan,nan,nan,nan,nan,nan,nan
29-Jan-24 12:43:28 PM AEST,nan,nan,nan,nan,nan,nan,nan,nan,nan,nan,nan,685.80
29-Jan-24 12:43:52 PM AEST,nan,65.5,nan,nan,nan,nan,167.80,0.51,nan,4.50,162.70,nan
29-Jan-24 12:43:52 PM AEST,nan,66.8,nan,nan,nan,nan,182.90,0.51,nan,4.50,162.70,nan
29-Jan-24 12:44:00 PM AEST,33.9,nan,nan,nan,nan,nan,nan,nan,10.60,nan,nan,nan
29-Jan-24 12:44:05 PM AEST,nan,nan,26.4,nan,nan,nan,nan,nan,nan,nan,nan,nan
29-Jan-24 12:44:32 PM AEST,nan,nan,nan,nan,nan,nan,nan,nan,nan,nan,nan,942.40
29-Jan-24 12:44:56 PM AEST,nan,nan,nan,nan,nan,nan,nan,0.57,nan,4.90,197.90,nan
29-Jan-24 12:45:04 PM AEST,nan,nan,nan,nan,nan,nan,nan,nan,11.80,nan,nan,nan
29-Jan-24 12:45:04 PM AEST,nan,nan,nan,nan,nan,nan,nan,nan,10.60,nan,nan,nan
29-Jan-24 12:45:05 PM AEST,34.1,nan,nan,nan,nan,nan,nan,nan,nan,nan,nan,nan
29-Jan-24 12:45:10 PM AEST,nan,nan,26.9,nan,nan,nan,nan,nan,nan,nan,nan,nan
29-Jan-24 12:45:36 PM AEST,nan,nan,nan,nan,nan,nan,nan,nan,nan,nan,nan,331.70
29-Jan-24 12:46:00 PM AEST,nan,66.0,nan,nan,nan,nan,201.10,0.54,nan,5.20,199.70,nan
29-Jan-24 12:46:08 PM AEST,nan,nan,nan,nan,nan,nan,nan,nan,16.60,nan,nan,nan
29-Jan-24 12:46:10 PM AEST,33.9,nan,nan,nan,nan,nan,nan,nan,nan,nan,nan,nan
29-Jan-24 12:46:15 PM AEST,nan,nan,26.8,nan,nan,nan,nan,nan,nan,nan,nan,nan
29-Jan-24 12:46:40 PM AEST,nan,nan,nan,nan,nan,nan,nan,nan,nan,nan,nan,964.10
29-Jan-24 12:47:04 PM AEST,nan,65.5,nan,nan,nan,nan,196.50,1.03,nan,8.80,179.90,nan
29-Jan-24 12:47:04 PM AEST,nan,65.8,nan,nan,nan,nan,181.10,0.98,nan,9.20,179.90,nan
29-Jan-24 12:47:12 PM AEST,nan,nan,nan,nan,nan,nan,nan,nan,13.00,nan,nan,nan
29-Jan-24 12:47:15 PM AEST,33.8,nan,nan,nan,nan,nan,nan,nan,nan,nan,nan,nan
29-Jan-24 12:47:20 PM AEST,nan,nan,26.5,nan,nan,nan,nan,nan,nan,nan,nan,nan
29-Jan-24 12:47:44 PM AEST,nan,nan,nan,nan,nan,nan,nan,nan,nan,nan,nan,1132.50
29-Jan-24 12:48:08 PM AEST,nan,nan,nan,nan,nan,nan,147.20,0.58,nan,5.60,148.00,nan
29-Jan-24 12:48:16 PM AEST,nan,nan,nan,nan,nan,nan,nan,nan,8.30,nan,nan,nan
29-Jan-24 12:48:20 PM AEST,33.7,nan,nan,nan,nan,nan,nan,nan,nan,nan,nan,nan
29-Jan-24 12:48:48 PM AEST,nan,nan,nan,nan,nan,nan,nan,nan,nan,nan,nan,771.70
29-Jan-24 12:49:12 PM AEST,nan,nan,nan,nan,nan,nan,207.20,0.64,nan,5.70,212.50,nan
29-Jan-24 12:49:20 PM AEST,nan,nan,nan,nan,nan,nan,nan,nan,10.60,nan,nan,nan
29-Jan-24 12:49:25 PM AEST,33.8,nan,nan,nan,nan,nan,nan,nan,nan,nan,nan,nan
29-Jan-24 12:49:52 PM AEST,nan,nan,nan,nan,nan,nan,nan,nan,nan,nan,nan,837.40
29-Jan-24 12:50:00 PM AEST,nan,66.8,26.4,nan,nan,nan,nan,nan,nan,nan,nan,nan
29-Jan-24 12:50:16 PM AEST,nan,nan,nan,nan,nan,nan,126.00,0.38,nan,3.60,127.50,nan
29-Jan-24 12:50:24 PM AEST,nan,nan,nan,nan,nan,nan,nan,nan,5.90,nan,nan,nan
29-Jan-24 12:50:30 PM AEST,33.9,nan,nan,nan,nan,nan,nan,nan,nan,nan,nan,nan
29-Jan-24 12:50:56 PM AEST,nan,nan,nan,nan,nan,nan,nan,nan,nan,nan,nan,1074.20
29-Jan-24 12:51:04 PM AEST,nan,67.5,nan,nan,nan,nan,nan,nan,nan,nan,nan,nan
29-Jan-24 12:51:05 PM AEST,nan,nan,26.8,nan,nan,nan,nan,nan,nan,nan,nan,nan
29-Jan-24 12:51:20 PM AEST,nan,nan,nan,nan,nan,nan,205.50,0.65,nan,6.30,201.40,nan
29-Jan-24 12:51:28 PM AEST,nan,nan,nan,nan,nan,nan,nan,nan,11.80,nan,nan,nan
29-Jan-24 12:51:35 PM AEST,34.1,nan,nan,nan,nan,nan,nan,nan,nan,nan,nan,nan
29-Jan-24 12:52:00 PM AEST,nan,nan,nan,nan,nan,nan,nan,nan,nan,nan,nan,690.80
29-Jan-24 12:52:08 PM AEST,nan,66.5,nan,nan,nan,nan,nan,nan,nan,nan,nan,nan
29-Jan-24 12:52:08 PM AEST,nan,65.7,nan,nan,nan,nan,nan,nan,nan,nan,nan,nan
29-Jan-24 12:52:10 PM AEST,nan,nan,27.1,nan,nan,nan,nan,nan,nan,nan,nan,nan
29-Jan-24 12:52:10 PM AEST,nan,nan,27.0,nan,nan,nan,nan,nan,nan,nan,nan,nan
29-Jan-24 12:52:24 PM AEST,nan,nan,nan,nan,nan,nan,170.30,0.99,nan,9.50,172.30,nan
29-Jan-24 12:52:32 PM AEST,nan,nan,nan,nan,nan,nan,nan,nan,13.00,nan,nan,nan
29-Jan-24 12:52:40 PM AEST,33.9,nan,nan,nan,nan,nan,nan,nan,nan,nan,nan,nan
29-Jan-24 12:53:04 PM AEST,nan,nan,nan,nan,nan,nan,nan,nan,nan,nan,nan,314.20
29-Jan-24 12:53:04 PM AEST,nan,nan,nan,nan,nan,nan,nan,nan,nan,nan,nan,287.50
29-Jan-24 12:53:12 PM AEST,nan,65.8,nan,nan,nan,nan,nan,nan,nan,nan,nan,nan
29-Jan-24 12:53:15 PM AEST,nan,nan,26.6,nan,nan,nan,nan,nan,nan,nan,nan,nan
29-Jan-24 12:53:28 PM AEST,nan,nan,nan,nan,nan,nan,180.10,0.80,nan,7.90,181.10,nan
29-Jan-24 12:53:45 PM AEST,33.8,nan,nan,nan,nan,nan,nan,nan,nan,nan,nan,nan
29-Jan-24 12:54:00 PM AEST,nan,nan,nan,nan,nan,nan,nan,nan,11.80,nan,nan,nan
29-Jan-24 12:54:08 PM AEST,nan,nan,nan,nan,nan,nan,nan,nan,nan,nan,nan,287.40
29-Jan-24 12:54:16 PM AEST,nan,66.8,nan,nan,nan,nan,nan,nan,nan,nan,nan,nan
29-Jan-24 12:54:20 PM AEST,nan,nan,26.5,nan,nan,nan,nan,nan,nan,nan,nan,nan
29-Jan-24 12:54:32 PM AEST,nan,nan,nan,nan,nan,nan,199.10,0.62,nan,6.10,199.20,nan
29-Jan-24 12:55:04 PM AEST,nan,nan,nan,nan,nan,nan,nan,nan,17.80,nan,nan,nan
29-Jan-24 12:55:12 PM AEST,nan,nan,nan,nan,nan,nan,nan,nan,nan,nan,nan,315.00
29-Jan-24 12:55:20 PM AEST,nan,67.0,nan,nan,nan,nan,nan,nan,nan,nan,nan,nan
29-Jan-24 12:55:25 PM AEST,nan,nan,26.7,nan,nan,nan,nan,nan,nan,nan,nan,nan
29-Jan-24 12:55:36 PM AEST,nan,nan,nan,nan,nan,nan,184.80,1.00,nan,7.80,188.50,nan
29-Jan-24 12:56:00 PM AEST,33.7,nan,nan,nan,nan,nan,nan,nan,nan,nan,nan,nan
29-Jan-24 12:56:00 PM AEST,33.3,nan,nan,nan,nan,nan,nan,nan,nan,nan,nan,nan
29-Jan-24 12:56:08 PM AEST,nan,nan,nan,nan,nan,nan,nan,nan,15.40,nan,nan,nan
29-Jan-24 12:56:16 PM AEST,nan,nan,nan,nan,nan,nan,nan,nan,nan,nan,nan,616.60
29-Jan-24 12:56:40 PM AEST,nan,nan,nan,nan,nan,nan,157.30,0.88,nan,8.20,160.20,nan
29-Jan-24 12:57:05 PM AEST,33.4,nan,nan,nan,nan,nan,nan,nan,nan,nan,nan,nan
29-Jan-24 12:57:20 PM AEST,nan,nan,nan,nan,nan,nan,nan,nan,nan,nan,nan,1077.50
29-Jan-24 12:57:39 PM AEST,nan,nan,nan,nan,nan,0.64,nan,nan,nan,nan,nan,nan
29-Jan-24 12:57:44 PM AEST,nan,nan,nan,nan,nan,nan,186.70,0.97,nan,8.90,183.80,nan
29-Jan-24 12:58:00 PM AEST,nan,67.8,26.3,nan,nan,nan,nan,nan,13.00,nan,nan,nan
29-Jan-24 12:58:00 PM AEST,nan,68.2,26.6,nan,nan,nan,nan,nan,13.00,nan,nan,nan
29-Jan-24 12:58:24 PM AEST,nan,nan,nan,nan,nan,nan,nan,nan,nan,nan,nan,1058.30
29-Jan-24 12:58:48 PM AEST,nan,nan,nan,nan,nan,nan,177.00,nan,nan,nan,174.10,nan
29-Jan-24 12:59:05 PM AEST,nan,nan,26.7,nan,nan,nan,nan,nan,nan,nan,nan,nan
29-Jan-24 12:59:28 PM AEST,nan,nan,nan,nan,nan,nan,nan,nan,nan,nan,nan,1098.20
29-Jan-24 12:59:52 PM AEST,nan,nan,nan,nan,nan,nan,186.30,nan,nan,nan,186.00,nan
29-Jan-24 1:00:00 PM AEST,33.5,68.5,nan,nan,nan,nan,nan,0.58,7.10,5.60,nan,nan
29-Jan-24 1:00:10 PM AEST,nan,nan,26.9,nan,nan,nan,nan,nan,nan,nan,nan,nan
29-Jan-24 1:00:32 PM AEST,nan,nan,nan,nan,nan,nan,nan,nan,nan,nan,nan,1076.70
29-Jan-24 1:00:56 PM AEST,nan,nan,nan,nan,nan,nan,180.10,nan,nan,nan,181.10,nan
29-Jan-24 1:01:04 PM AEST,nan,68.2,nan,nan,nan,nan,nan,0.83,11.80,8.10,nan,nan
29-Jan-24 1:01:04 PM AEST,nan,68.2,nan,nan,nan,nan,nan,0.94,15.40,8.90,nan,nan
29-Jan-24 1:01:05 PM AEST,33.6,nan,nan,nan,nan,nan,nan,nan,nan,nan,nan,nan
29-Jan-24 1:01:15 PM AEST,nan,nan,27.0,nan,nan,nan,nan,nan,nan,nan,nan,nan
29-Jan-24 1:01:36 PM AEST,nan,nan,nan,nan,nan,nan,nan,nan,nan,nan,nan,1057.50
29-Jan-24 1:02:00 PM AEST,nan,nan,nan,nan,nan,nan,177.30,nan,nan,nan,174.40,nan
29-Jan-24 1:02:08 PM AEST,nan,67.7,nan,nan,nan,nan,nan,1.01,14.20,9.70,nan,nan
29-Jan-24 1:02:20 PM AEST,nan,nan,26.9,nan,nan,nan,nan,nan,nan,nan,nan,nan
29-Jan-24 1:02:40 PM AEST,nan,nan,nan,nan,nan,nan,nan,nan,nan,nan,nan,1044.10
29-Jan-24 1:03:04 PM AEST,nan,nan,nan,nan,nan,nan,183.40,nan,nan,nan,181.90,nan
29-Jan-24 1:03:12 PM AEST,nan,68.0,nan,nan,nan,nan,nan,1.19,16.60,10.60,nan,nan
29-Jan-24 1:03:25 PM AEST,nan,nan,26.7,nan,nan,nan,nan,nan,nan,nan,nan,nan
29-Jan-24 1:03:44 PM AEST,nan,nan,nan,nan,nan,nan,nan,nan,nan,nan,nan,1033.30
29-Jan-24 1:04:08 PM AEST,nan,nan,nan,nan,nan,nan,167.60,nan,nan,nan,169.40,nan
29-Jan-24 1:04:08 PM AEST,nan,nan,nan,nan,nan,nan,177.90,nan,nan,nan,180.40,nan
29-Jan-24 1:04:16 PM AEST,nan,nan,nan,nan,nan,nan,nan,1.08,15.40,9.50,nan,nan
29-Jan-24 1:04:30 PM AEST,nan,nan,26.9,nan,nan,nan,nan,nan,nan,nan,nan,nan
29-Jan-24 1:04:48 PM AEST,nan,nan,nan,nan,nan,nan,nan,nan,nan,nan,nan,1034.90
29-Jan-24 1:05:12 PM AEST,nan,nan,nan,nan,nan,nan,197.10,nan,nan,nan,198.50,nan
29-Jan-24 1:05:20 PM AEST,nan,nan,nan,nan,nan,nan,nan,0.75,11.80,7.30,nan,nan
29-Jan-24 1:05:52 PM AEST,nan,nan,nan,nan,nan,nan,nan,nan,nan,nan,nan,1021.70
29-Jan-24 1:06:00 PM AEST,33.7,68.8,nan,nan,nan,nan,nan,nan,nan,nan,nan,nan
29-Jan-24 1:06:16 PM AEST,nan,nan,nan,nan,nan,nan,173.70,nan,nan,nan,171.90,nan
29-Jan-24 1:06:24 PM AEST,nan,nan,nan,nan,nan,nan,nan,0.53,9.50,5.10,nan,nan
29-Jan-24 1:06:56 PM AEST,nan,nan,nan,nan,nan,nan,nan,nan,nan,nan,nan,1005.80
29-Jan-24 1:07:00 PM AEST,nan,nan,27.2,nan,nan,nan,nan,nan,nan,nan,nan,nan
29-Jan-24 1:07:04 PM AEST,nan,69.5,nan,nan,nan,nan,nan,nan,nan,nan,nan,nan
29-Jan-24 1:07:05 PM AEST,34.0,nan,nan,nan,nan,nan,nan,nan,nan,nan,nan,nan
29-Jan-24 1:07:20 PM AEST,nan,nan,nan,nan,nan,nan,167.50,nan,nan,nan,165.80,nan
29-Jan-24 1:07:28 PM AEST,nan,nan,nan,nan,nan,nan,nan,0.44,7.10,4.30,nan,nan
29-Jan-24 1:08:00 PM AEST,nan,nan,nan,nan,nan,nan,nan,nan,nan,nan,nan,1000.70
29-Jan-24 1:08:00 PM AEST,nan,nan,nan,nan,nan,nan,nan,nan,nan,nan,nan,1000.80
29-Jan-24 1:08:05 PM AEST,nan,nan,27.6,nan,nan,nan,nan,nan,nan,nan,nan,nan
29-Jan-24 1:08:05 PM AEST,nan,nan,27.5,nan,nan,nan,nan,nan,nan,nan,nan,nan
29-Jan-24 1:08:08 PM AEST,nan,68.5,nan,nan,nan,nan,nan,nan,nan,nan,nan,nan
29-Jan-24 1:08:08 PM AEST,nan,68.2,nan,nan,nan,nan,nan,nan,nan,nan,nan,nan
29-Jan-24 1:08:10 PM AEST,34.1,nan,nan,nan,nan,nan,nan,nan,nan,nan,nan,nan
29-Jan-24 1:08:10 PM AEST,34.2,nan,nan,nan,nan,nan,nan,nan,nan,nan,nan,nan
29-Jan-24 1:08:24 PM AEST,nan,nan,nan,nan,nan,nan,186.40,nan,nan,nan,187.70,nan
29-Jan-24 1:08:32 PM AEST,nan,nan,nan,nan,nan,nan,nan,0.90,14.20,8.50,nan,nan
29-Jan-24 1:09:04 PM AEST,nan,nan,nan,nan,nan,nan,nan,nan,nan,nan,nan,1004.90
29-Jan-24 1:09:12 PM AEST,nan,67.7,nan,nan,nan,nan,nan,nan,nan,nan,nan,nan
29-Jan-24 1:09:15 PM AEST,34.1,nan,nan,nan,nan,nan,nan,nan,nan,nan,nan,nan
29-Jan-24 1:09:28 PM AEST,nan,nan,nan,nan,nan,nan,212.10,nan,nan,nan,212.70,nan
29-Jan-24 1:09:36 PM AEST,nan,nan,nan,nan,nan,nan,nan,1.02,20.10,9.90,nan,nan
29-Jan-24 1:10:00 PM AEST,nan,nan,27.3,nan,nan,nan,nan,nan,nan,nan,nan,nan
29-Jan-24 1:10:08 PM AEST,nan,nan,nan,nan,nan,nan,nan,nan,nan,nan,nan,1013.30
29-Jan-24 1:10:16 PM AEST,nan,68.2,nan,nan,nan,nan,nan,nan,nan,nan,nan,nan
29-Jan-24 1:10:32 PM AEST,nan,nan,nan,nan,nan,nan,205.70,nan,nan,nan,203.00,nan
29-Jan-24 1:10:40 PM AEST,nan,nan,nan,nan,nan,nan,nan,0.85,14.20,7.10,nan,nan
29-Jan-24 1:11:05 PM AEST,nan,nan,27.4,nan,nan,nan,nan,nan,nan,nan,nan,nan
29-Jan-24 1:11:12 PM AEST,nan,nan,nan,nan,nan,nan,nan,nan,nan,nan,nan,1027.50
29-Jan-24 1:11:20 PM AEST,nan,68.5,nan,nan,nan,nan,nan,nan,nan,nan,nan,nan
29-Jan-24 1:11:36 PM AEST,nan,nan,nan,nan,nan,nan,154.10,nan,nan,nan,150.90,nan
29-Jan-24 1:11:44 PM AEST,nan,nan,nan,nan,nan,nan,nan,0.64,11.80,6.30,nan,nan
29-Jan-24 1:12:00 PM AEST,34.3,nan,nan,nan,nan,nan,nan,nan,nan,nan,nan,nan
29-Jan-24 1:12:10 PM AEST,nan,nan,27.5,nan,nan,nan,nan,nan,nan,nan,nan,nan
29-Jan-24 1:12:16 PM AEST,nan,nan,nan,nan,nan,nan,nan,nan,nan,nan,nan,1042.40
29-Jan-24 1:12:24 PM AEST,nan,69.0,nan,nan,nan,nan,nan,nan,nan,nan,nan,nan
29-Jan-24 1:12:40 PM AEST,nan,nan,nan,nan,nan,nan,212.70,nan,nan,nan,181.80,nan
29-Jan-24 1:12:48 PM AEST,nan,nan,nan,nan,nan,nan,nan,0.63,14.20,4.60,nan,nan
29-Jan-24 1:13:05 PM AEST,34.2,nan,nan,nan,nan,nan,nan,nan,nan,nan,nan,nan
29-Jan-24 1:13:15 PM AEST,nan,nan,27.8,nan,nan,nan,nan,nan,nan,nan,nan,nan
29-Jan-24 1:13:20 PM AEST,nan,nan,nan,nan,nan,nan,nan,nan,nan,nan,nan,1062.50
29-Jan-24 1:13:28 PM AEST,nan,67.7,nan,nan,nan,nan,nan,nan,nan,nan,nan,nan
29-Jan-24 1:13:44 PM AEST,nan,nan,nan,nan,nan,nan,175.70,nan,nan,nan,176.30,nan
29-Jan-24 1:13:52 PM AEST,nan,nan,nan,nan,nan,nan,nan,1.15,16.60,10.90,nan,nan
29-Jan-24 1:14:10 PM AEST,34.1,nan,nan,nan,nan,nan,nan,nan,nan,nan,nan,nan
29-Jan-24 1:14:20 PM AEST,nan,nan,27.4,nan,nan,nan,nan,nan,nan,nan,nan,nan
29-Jan-24 1:14:24 PM AEST,nan,nan,nan,nan,nan,nan,nan,nan,nan,nan,nan,1083.20
29-Jan-24 1:14:32 PM AEST,nan,68.2,nan,nan,nan,nan,nan,nan,nan,nan,nan,nan
29-Jan-24 1:14:48 PM AEST,nan,nan,nan,nan,nan,nan,146.40,nan,nan,nan,144.90,nan
29-Jan-24 1:14:56 PM AEST,nan,nan,nan,nan,nan,nan,nan,1.27,18.90,12.10,nan,nan
29-Jan-24 1:15:15 PM AEST,33.9,nan,nan,nan,nan,nan,nan,nan,nan,nan,nan,nan
29-Jan-24 1:15:25 PM AEST,nan,nan,27.3,nan,nan,nan,nan,nan,nan,nan,nan,nan
29-Jan-24 1:15:28 PM AEST,nan,nan,nan,nan,nan,nan,nan,nan,nan,nan,nan,841.70
29-Jan-24 1:15:52 PM AEST,nan,nan,nan,nan,nan,nan,176.40,nan,nan,nan,176.00,nan
29-Jan-24 1:16:00 PM AEST,nan,nan,nan,nan,nan,nan,nan,1.11,20.10,10.20,nan,nan
29-Jan-24 1:16:00 PM AEST,nan,nan,nan,nan,nan,nan,nan,0.82,11.80,7.60,nan,nan
29-Jan-24 1:16:30 PM AEST,nan,nan,27.2,nan,nan,nan,nan,nan,nan,nan,nan,nan
29-Jan-24 1:16:32 PM AEST,nan,nan,nan,nan,nan,nan,nan,nan,nan,nan,nan,691.70
29-Jan-24 1:16:56 PM AEST,nan,nan,nan,nan,nan,nan,164.30,nan,nan,nan,160.10,nan
29-Jan-24 1:17:00 PM AEST,nan,68.5,nan,nan,nan,nan,nan,nan,nan,nan,nan,nan
29-Jan-24 1:17:04 PM AEST,nan,nan,nan,nan,nan,nan,nan,0.87,14.20,7.90,nan,nan
29-Jan-24 1:17:35 PM AEST,nan,nan,27.3,nan,nan,nan,nan,nan,nan,nan,nan,nan
29-Jan-24 1:17:36 PM AEST,nan,nan,nan,nan,nan,nan,nan,nan,nan,nan,nan,1050.70
29-Jan-24 1:18:00 PM AEST,34.0,nan,nan,nan,nan,nan,143.40,nan,nan,nan,147.80,nan
29-Jan-24 1:18:08 PM AEST,nan,nan,nan,nan,nan,nan,nan,1.24,17.80,11.80,nan,nan
29-Jan-24 1:18:40 PM AEST,nan,nan,nan,nan,nan,nan,nan,nan,nan,nan,nan,1072.50
29-Jan-24 1:19:00 PM AEST,nan,68.0,nan,nan,nan,nan,nan,nan,nan,nan,nan,nan
29-Jan-24 1:19:04 PM AEST,nan,nan,nan,nan,nan,nan,164.50,nan,nan,nan,167.10,nan
29-Jan-24 1:19:04 PM AEST,nan,nan,nan,nan,nan,nan,164.50,nan,nan,nan,161.00,nan
29-Jan-24 1:19:05 PM AEST,33.9,nan,nan,nan,nan,nan,nan,nan,nan,nan,nan,nan
29-Jan-24 1:19:12 PM AEST,nan,nan,nan,nan,nan,nan,nan,1.16,nan,11.00,nan,nan
29-Jan-24 1:19:44 PM AEST,nan,nan,nan,nan,nan,nan,nan,nan,nan,nan,nan,1048.20
29-Jan-24 1:20:00 PM AEST,nan,nan,27.1,nan,nan,nan,nan,nan,nan,nan,nan,nan
29-Jan-24 1:20:04 PM AEST,nan,67.7,nan,nan,nan,nan,nan,nan,nan,nan,nan,nan
29-Jan-24 1:20:08 PM AEST,nan,nan,nan,nan,nan,nan,158.20,nan,nan,nan,186.70,nan
29-Jan-24 1:20:08 PM AEST,nan,nan,nan,nan,nan,nan,188.00,nan,nan,nan,186.70,nan
29-Jan-24 1:20:10 PM AEST,33.7,nan,nan,nan,nan,nan,nan,nan,nan,nan,nan,nan
29-Jan-24 1:20:16 PM AEST,nan,nan,nan,nan,nan,nan,nan,1.02,nan,9.30,nan,nan
29-Jan-24 1:20:48 PM AEST,nan,nan,nan,nan,nan,nan,nan,nan,nan,nan,nan,825.00
29-Jan-24 1:21:00 PM AEST,nan,nan,nan,nan,nan,nan,nan,nan,14.20,nan,nan,nan
29-Jan-24 1:21:05 PM AEST,nan,nan,26.8,nan,nan,nan,nan,nan,nan,nan,nan,nan
29-Jan-24 1:21:08 PM AEST,nan,68.2,nan,nan,nan,nan,nan,nan,nan,nan,nan,nan
29-Jan-24 1:21:12 PM AEST,nan,nan,nan,nan,nan,nan,182.50,nan,nan,nan,nan,nan
29-Jan-24 1:21:20 PM AEST,nan,nan,nan,nan,nan,nan,nan,1.15,nan,10.80,nan,nan
29-Jan-24 1:21:52 PM AEST,nan,nan,nan,nan,nan,nan,nan,nan,nan,nan,nan,1111.70
29-Jan-24 1:21:52 PM AEST,nan,nan,nan,nan,nan,nan,nan,nan,nan,nan,nan,1092.40
29-Jan-24 1:22:00 PM AEST,33.8,nan,nan,nan,nan,nan,nan,nan,nan,nan,183.90,nan
29-Jan-24 1:22:00 PM AEST,33.8,nan,nan,nan,nan,nan,nan,nan,nan,nan,146.70,nan
29-Jan-24 1:22:04 PM AEST,nan,nan,nan,nan,nan,nan,nan,nan,17.80,nan,nan,nan
29-Jan-24 1:22:04 PM AEST,nan,nan,nan,nan,nan,nan,nan,nan,20.10,nan,nan,nan
29-Jan-24 1:22:10 PM AEST,nan,nan,27.0,nan,nan,nan,nan,nan,nan,nan,nan,nan
29-Jan-24 1:22:10 PM AEST,nan,nan,27.2,nan,nan,nan,nan,nan,nan,nan,nan,nan
29-Jan-24 1:22:12 PM AEST,nan,68.7,nan,nan,nan,nan,nan,nan,nan,nan,nan,nan
29-Jan-24 1:22:16 PM AEST,nan,nan,nan,nan,nan,nan,151.80,nan,nan,nan,nan,nan
29-Jan-24 1:22:24 PM AEST,nan,nan,nan,nan,nan,nan,nan,1.18,nan,11.30,nan,nan
29-Jan-24 1:22:56 PM AEST,nan,nan,nan,nan,nan,nan,nan,nan,nan,nan,nan,960.00
29-Jan-24 1:23:04 PM AEST,nan,nan,nan,nan,nan,nan,nan,nan,nan,nan,157.70,nan
29-Jan-24 1:23:05 PM AEST,33.7,nan,nan,nan,nan,nan,nan,nan,nan,nan,nan,nan
29-Jan-24 1:23:08 PM AEST,nan,nan,nan,nan,nan,nan,nan,nan,16.60,nan,nan,nan
29-Jan-24 1:23:16 PM AEST,nan,69.0,nan,nan,nan,nan,nan,nan,nan,nan,nan,nan
29-Jan-24 1:23:20 PM AEST,nan,nan,nan,nan,nan,nan,159.20,nan,nan,nan,nan,nan
29-Jan-24 1:23:28 PM AEST,nan,nan,nan,nan,nan,nan,nan,0.99,nan,9.20,nan,nan
29-Jan-24 1:24:00 PM AEST,nan,nan,nan,nan,nan,nan,nan,nan,nan,nan,nan,995.70
29-Jan-24 1:24:08 PM AEST,nan,nan,nan,nan,nan,nan,nan,nan,nan,nan,150.40,nan
29-Jan-24 1:24:20 PM AEST,nan,68.5,nan,nan,nan,nan,nan,nan,nan,nan,nan,nan
29-Jan-24 1:24:24 PM AEST,nan,nan,nan,nan,nan,nan,150.10,nan,nan,nan,nan,nan
29-Jan-24 1:24:32 PM AEST,nan,nan,nan,nan,nan,nan,nan,1.14,nan,10.90,nan,nan
29-Jan-24 1:25:00 PM AEST,nan,nan,27.1,nan,nan,nan,nan,nan,nan,nan,nan,nan
29-Jan-24 1:25:04 PM AEST,nan,nan,nan,nan,nan,nan,nan,nan,nan,nan,nan,912.50
29-Jan-24 1:25:12 PM AEST,nan,nan,nan,nan,nan,nan,nan,nan,nan,nan,188.80,nan
29-Jan-24 1:25:28 PM AEST,nan,nan,nan,nan,nan,nan,189.10,nan,nan,nan,nan,nan
29-Jan-24 1:25:36 PM AEST,nan,nan,nan,nan,nan,nan,nan,1.11,nan,nan,nan,nan
29-Jan-24 1:26:00 PM AEST,nan,69.0,nan,nan,nan,nan,nan,nan,nan,nan,nan,nan
29-Jan-24 1:26:08 PM AEST,nan,nan,nan,nan,nan,nan,nan,nan,nan,nan,nan,874.20
29-Jan-24 1:26:16 PM AEST,nan,nan,nan,nan,nan,nan,nan,nan,nan,nan,161.00,nan
29-Jan-24 1:26:32 PM AEST,nan,nan,nan,nan,nan,nan,160.30,nan,nan,nan,nan,nan
29-Jan-24 1:26:40 PM AEST,nan,nan,nan,nan,nan,nan,nan,1.03,nan,nan,nan,nan
29-Jan-24 1:27:00 PM AEST,33.8,nan,nan,nan,nan,nan,nan,nan,nan,9.60,nan,nan
29-Jan-24 1:27:04 PM AEST,nan,69.3,nan,nan,nan,nan,nan,nan,nan,nan,nan,nan
29-Jan-24 1:27:12 PM AEST,nan,nan,nan,nan,nan,nan,nan,nan,nan,nan,nan,1068.20
29-Jan-24 1:27:20 PM AEST,nan,nan,nan,nan,nan,nan,nan,nan,nan,nan,169.20,nan
29-Jan-24 1:27:36 PM AEST,nan,nan,nan,nan,nan,nan,171.00,nan,nan,nan,nan,nan
29-Jan-24 1:27:44 PM AEST,nan,nan,nan,nan,nan,nan,nan,0.83,nan,nan,nan,nan
29-Jan-24 1:28:00 PM AEST,nan,nan,27.2,nan,nan,nan,nan,nan,nan,nan,nan,nan
29-Jan-24 1:28:00 PM AEST,nan,nan,27.4,nan,nan,nan,nan,nan,nan,nan,nan,nan
29-Jan-24 1:28:04 PM AEST,nan,nan,nan,nan,nan,nan,nan,nan,nan,8.00,nan,nan
29-Jan-24 1:28:04 PM AEST,nan,nan,nan,nan,nan,nan,nan,nan,nan,11.90,nan,nan
29-Jan-24 1:28:08 PM AEST,nan,68.5,nan,nan,nan,nan,nan,nan,nan,nan,nan,nan
29-Jan-24 1:28:16 PM AEST,nan,nan,nan,nan,nan,nan,nan,nan,nan,nan,nan,1040.00
29-Jan-24 1:28:24 PM AEST,nan,nan,nan,nan,nan,nan,nan,nan,nan,nan,177.40,nan
29-Jan-24 1:28:40 PM AEST,nan,nan,nan,nan,nan,nan,177.30,nan,nan,nan,nan,nan
29-Jan-24 1:28:48 PM AEST,nan,nan,nan,nan,nan,nan,nan,1.27,nan,nan,nan,nan
29-Jan-24 1:29:05 PM AEST,nan,nan,27.1,nan,nan,nan,nan,nan,nan,nan,nan,nan
29-Jan-24 1:29:08 PM AEST,nan,nan,nan,nan,nan,nan,nan,nan,nan,7.50,nan,nan
29-Jan-24 1:29:12 PM AEST,nan,69.0,nan,nan,nan,nan,nan,nan,nan,nan,nan,nan
29-Jan-24 1:29:20 PM AEST,nan,nan,nan,nan,nan,nan,nan,nan,nan,nan,nan,1004.90
29-Jan-24 1:29:28 PM AEST,nan,nan,nan,nan,nan,nan,nan,nan,nan,nan,182.80,nan
29-Jan-24 1:29:44 PM AEST,nan,nan,nan,nan,nan,nan,183.10,nan,nan,nan,nan,nan
29-Jan-24 1:29:52 PM AEST,nan,nan,nan,nan,nan,nan,nan,0.85,nan,nan,nan,nan
29-Jan-24 1:30:00 PM AEST,33.7,nan,nan,nan,nan,nan,nan,nan,14.20,nan,nan,nan
29-Jan-24 1:30:00 PM AEST,33.8,nan,nan,nan,nan,nan,nan,nan,14.20,nan,nan,nan
29-Jan-24 1:30:10 PM AEST,nan,nan,27.2,nan,nan,nan,nan,nan,nan,nan,nan,nan
29-Jan-24 1:30:12 PM AEST,nan,nan,nan,nan,nan,nan,nan,nan,nan,8.80,nan,nan
29-Jan-24 1:30:16 PM AEST,nan,68.7,nan,nan,nan,nan,nan,nan,nan,nan,nan,nan
29-Jan-24 1:30:24 PM AEST,nan,nan,nan,nan,nan,nan,nan,nan,nan,nan,nan,983.30
29-Jan-24 1:30:32 PM AEST,nan,nan,nan,nan,nan,nan,nan,nan,nan,nan,189.30,nan
29-Jan-24 1:30:48 PM AEST,nan,nan,nan,nan,nan,nan,190.10,nan,nan,nan,nan,nan
29-Jan-24 1:30:56 PM AEST,nan,nan,nan,nan,nan,nan,nan,0.91,nan,nan,nan,nan
29-Jan-24 1:31:04 PM AEST,nan,nan,nan,nan,nan,nan,nan,nan,9.50,nan,nan,nan
29-Jan-24 1:31:05 PM AEST,33.9,nan,nan,nan,nan,nan,nan,nan,nan,nan,nan,nan
29-Jan-24 1:31:16 PM AEST,nan,nan,nan,nan,nan,nan,nan,nan,nan,5.60,nan,nan
29-Jan-24 1:31:20 PM AEST,nan,69.5,nan,nan,nan,nan,nan,nan,nan,nan,nan,nan
29-Jan-24 1:31:28 PM AEST,nan,nan,nan,nan,nan,nan,nan,nan,nan,nan,nan,961.70
29-Jan-24 1:31:36 PM AEST,nan,nan,nan,nan,nan,nan,nan,nan,nan,nan,173.90,nan
29-Jan-24 1:31:52 PM AEST,nan,nan,nan,nan,nan,nan,173.60,nan,nan,nan,nan,nan
29-Jan-24 1:32:00 PM AEST,nan,nan,nan,nan,nan,nan,nan,0.57,nan,nan,nan,nan
29-Jan-24 1:32:00 PM AEST,nan,nan,nan,nan,nan,nan,nan,0.59,nan,nan,nan,nan
29-Jan-24 1:32:10 PM AEST,34.0,nan,nan,nan,nan,nan,nan,nan,nan,nan,nan,nan
29-Jan-24 1:32:32 PM AEST,nan,nan,nan,nan,nan,nan,nan,nan,nan,nan,nan,949.10
29-Jan-24 1:32:40 PM AEST,nan,nan,nan,nan,nan,nan,nan,nan,nan,nan,175.70,nan
29-Jan-24 1:32:56 PM AEST,nan,nan,nan,nan,nan,nan,176.60,nan,nan,nan,nan,nan
29-Jan-24 1:33:00 PM AEST,nan,nan,27.5,nan,nan,nan,nan,nan,nan,nan,nan,nan
29-Jan-24 1:33:04 PM AEST,nan,nan,nan,nan,nan,nan,nan,0.96,nan,nan,nan,nan
29-Jan-24 1:33:15 PM AEST,34.1,nan,nan,nan,nan,nan,nan,nan,nan,nan,nan,nan
29-Jan-24 1:33:36 PM AEST,nan,nan,nan,nan,nan,nan,nan,nan,nan,nan,nan,940.80
29-Jan-24 1:33:44 PM AEST,nan,nan,nan,nan,nan,nan,nan,nan,nan,nan,146.50,nan
29-Jan-24 1:34:00 PM AEST,nan,69.0,nan,nan,nan,nan,147.00,nan,15.40,8.80,nan,nan
29-Jan-24 1:34:05 PM AEST,nan,nan,27.6,nan,nan,nan,nan,nan,nan,nan,nan,nan
29-Jan-24 1:34:20 PM AEST,34.0,nan,nan,nan,nan,nan,nan,nan,nan,nan,nan,nan
29-Jan-24 1:34:40 PM AEST,nan,nan,nan,nan,nan,nan,nan,nan,nan,nan,nan,934.90
29-Jan-24 1:34:48 PM AEST,nan,nan,nan,nan,nan,nan,nan,nan,nan,nan,169.20,nan
29-Jan-24 1:35:00 PM AEST,nan,nan,nan,nan,nan,nan,nan,1.04,nan,nan,nan,nan
29-Jan-24 1:35:04 PM AEST,nan,68.5,nan,nan,nan,nan,170.90,nan,14.20,10.00,nan,nan
29-Jan-24 1:35:04 PM AEST,nan,68.7,nan,nan,nan,nan,164.20,nan,11.80,7.60,nan,nan
29-Jan-24 1:35:25 PM AEST,33.9,nan,nan,nan,nan,nan,nan,nan,nan,nan,nan,nan
29-Jan-24 1:35:44 PM AEST,nan,nan,nan,nan,nan,nan,nan,nan,nan,nan,nan,934.20
29-Jan-24 1:35:52 PM AEST,nan,nan,nan,nan,nan,nan,nan,nan,nan,nan,163.50,nan
29-Jan-24 1:36:00 PM AEST,nan,nan,27.4,nan,nan,nan,nan,nan,nan,nan,nan,nan
29-Jan-24 1:36:04 PM AEST,nan,nan,nan,nan,nan,nan,nan,0.82,nan,nan,nan,nan
29-Jan-24 1:36:30 PM AEST,34.1,nan,nan,nan,nan,nan,nan,nan,nan,nan,nan,nan
29-Jan-24 1:36:48 PM AEST,nan,nan,nan,nan,nan,nan,nan,nan,nan,nan,nan,930.80
29-Jan-24 1:36:56 PM AEST,nan,nan,nan,nan,nan,nan,nan,nan,nan,nan,143.60,nan
29-Jan-24 1:36:56 PM AEST,nan,nan,nan,nan,nan,nan,nan,nan,nan,nan,152.10,nan
29-Jan-24 1:37:00 PM AEST,nan,69.5,nan,nan,nan,nan,149.10,nan,18.90,8.00,nan,nan
29-Jan-24 1:37:00 PM AEST,nan,68.8,nan,nan,nan,nan,158.00,nan,17.80,9.60,nan,nan
29-Jan-24 1:37:05 PM AEST,nan,nan,27.3,nan,nan,nan,nan,nan,nan,nan,nan,nan
29-Jan-24 1:37:05 PM AEST,nan,nan,27.7,nan,nan,nan,nan,nan,nan,nan,nan,nan
29-Jan-24 1:37:08 PM AEST,nan,nan,nan,nan,nan,nan,nan,0.85,nan,nan,nan,nan
29-Jan-24 1:37:08 PM AEST,nan,nan,nan,nan,nan,nan,nan,1.04,nan,nan,nan,nan
29-Jan-24 1:37:35 PM AEST,33.9,nan,nan,nan,nan,nan,nan,nan,nan,nan,nan,nan
29-Jan-24 1:37:52 PM AEST,nan,nan,nan,nan,nan,nan,nan,nan,nan,nan,nan,928.20
29-Jan-24 1:37:52 PM AEST,nan,nan,nan,nan,nan,nan,nan,nan,nan,nan,nan,935.00
29-Jan-24 1:38:00 PM AEST,nan,nan,nan,nan,nan,nan,nan,nan,nan,nan,172.40,nan
29-Jan-24 1:38:04 PM AEST,nan,nan,nan,nan,nan,nan,172.20,nan,13.00,9.40,nan,nan
29-Jan-24 1:38:10 PM AEST,nan,nan,27.4,nan,nan,nan,nan,nan,nan,nan,nan,nan
29-Jan-24 1:38:12 PM AEST,nan,nan,nan,nan,nan,nan,nan,0.97,nan,nan,nan,nan
29-Jan-24 1:38:56 PM AEST,nan,nan,nan,nan,nan,nan,nan,nan,nan,nan,nan,778.20
29-Jan-24 1:39:00 PM AEST,33.8,nan,nan,nan,nan,nan,nan,nan,nan,nan,nan,nan
29-Jan-24 1:39:04 PM AEST,nan,nan,nan,nan,nan,nan,nan,nan,nan,nan,156.10,nan
29-Jan-24 1:39:08 PM AEST,nan,nan,nan,nan,nan,nan,156.10,nan,16.60,9.90,nan,nan
29-Jan-24 1:39:16 PM AEST,nan,nan,nan,nan,nan,nan,nan,1.01,nan,nan,nan,nan
29-Jan-24 1:40:00 PM AEST,nan,nan,nan,nan,nan,nan,nan,nan,nan,nan,nan,810.00
29-Jan-24 1:40:05 PM AEST,33.9,nan,nan,nan,nan,nan,nan,nan,nan,nan,nan,nan
29-Jan-24 1:40:08 PM AEST,nan,nan,nan,nan,nan,nan,nan,nan,nan,nan,188.80,nan
29-Jan-24 1:40:12 PM AEST,nan,nan,nan,nan,nan,nan,187.90,nan,14.20,9.20,nan,nan
29-Jan-24 1:41:00 PM AEST,nan,69.2,27.3,nan,nan,nan,nan,1.07,nan,nan,nan,nan
29-Jan-24 1:41:00 PM AEST,nan,68.8,27.4,nan,nan,nan,nan,1.07,nan,nan,nan,nan
29-Jan-24 1:41:04 PM AEST,nan,nan,nan,nan,nan,nan,nan,nan,nan,nan,nan,710.80
29-Jan-24 1:41:10 PM AEST,33.8,nan,nan,nan,nan,nan,nan,nan,nan,nan,nan,nan
29-Jan-24 1:41:12 PM AEST,nan,nan,nan,nan,nan,nan,nan,nan,nan,nan,169.40,nan
29-Jan-24 1:41:16 PM AEST,nan,nan,nan,nan,nan,nan,167.80,nan,15.40,10.10,nan,nan
29-Jan-24 1:42:04 PM AEST,nan,69.5,nan,nan,nan,nan,nan,0.70,nan,nan,nan,nan
29-Jan-24 1:42:05 PM AEST,nan,nan,27.3,nan,nan,nan,nan,nan,nan,nan,nan,nan
29-Jan-24 1:42:08 PM AEST,nan,nan,nan,nan,nan,nan,nan,nan,nan,nan,nan,920.70
29-Jan-24 1:42:16 PM AEST,nan,nan,nan,nan,nan,nan,nan,nan,nan,nan,155.80,nan
29-Jan-24 1:42:20 PM AEST,nan,nan,nan,nan,nan,nan,157.30,nan,10.60,6.80,nan,nan
29-Jan-24 1:43:08 PM AEST,nan,69.3,nan,nan,nan,nan,nan,0.87,nan,nan,nan,nan
29-Jan-24 1:43:10 PM AEST,nan,nan,27.5,nan,nan,nan,nan,nan,nan,nan,nan,nan
29-Jan-24 1:43:12 PM AEST,nan,nan,nan,nan,nan,nan,nan,nan,nan,nan,nan,915.80
29-Jan-24 1:43:20 PM AEST,nan,nan,nan,nan,nan,nan,nan,nan,nan,nan,163.60,nan
29-Jan-24 1:43:24 PM AEST,nan,nan,nan,nan,nan,nan,159.80,nan,13.00,8.00,nan,nan
29-Jan-24 1:44:00 PM AEST,34.0,nan,nan,nan,nan,nan,nan,nan,nan,nan,nan,nan
29-Jan-24 1:44:00 PM AEST,33.9,nan,nan,nan,nan,nan,nan,nan,nan,nan,nan,nan
29-Jan-24 1:44:12 PM AEST,nan,69.2,nan,nan,nan,nan,nan,1.16,nan,nan,nan,nan
29-Jan-24 1:44:16 PM AEST,nan,nan,nan,nan,nan,nan,nan,nan,nan,nan,nan,913.20
29-Jan-24 1:44:24 PM AEST,nan,nan,nan,nan,nan,nan,nan,nan,nan,nan,135.60,nan
29-Jan-24 1:44:28 PM AEST,nan,nan,nan,nan,nan,nan,136.70,nan,16.60,10.60,nan,nan
29-Jan-24 1:45:16 PM AEST,nan,69.5,nan,nan,nan,nan,nan,0.83,nan,nan,nan,nan
29-Jan-24 1:45:20 PM AEST,nan,nan,nan,nan,nan,nan,nan,nan,nan,nan,nan,907.50
29-Jan-24 1:45:28 PM AEST,nan,nan,nan,nan,nan,nan,nan,nan,nan,nan,187.60,nan
29-Jan-24 1:45:32 PM AEST,nan,nan,nan,nan,nan,nan,181.00,nan,15.40,7.60,nan,nan
29-Jan-24 1:46:20 PM AEST,nan,70.7,nan,nan,nan,nan,nan,0.43,nan,nan,nan,nan
29-Jan-24 1:46:24 PM AEST,nan,nan,nan,nan,nan,nan,nan,nan,nan,nan,nan,910.80
29-Jan-24 1:46:32 PM AEST,nan,nan,nan,nan,nan,nan,nan,nan,nan,nan,158.30,nan
29-Jan-24 1:46:36 PM AEST,nan,nan,nan,nan,nan,nan,160.20,nan,9.50,4.20,nan,nan
29-Jan-24 1:47:00 PM AEST,34.2,nan,nan,nan,nan,nan,nan,nan,nan,nan,nan,nan
29-Jan-24 1:47:24 PM AEST,nan,69.8,nan,nan,nan,nan,nan,0.64,nan,nan,nan,nan
29-Jan-24 1:47:28 PM AEST,nan,nan,nan,nan,nan,nan,nan,nan,nan,nan,nan,924.10
29-Jan-24 1:47:36 PM AEST,nan,nan,nan,nan,nan,nan,nan,nan,nan,nan,191.50,nan
29-Jan-24 1:47:40 PM AEST,nan,nan,nan,nan,nan,nan,181.20,nan,14.20,5.90,nan,nan
29-Jan-24 1:48:00 PM AEST,nan,nan,28.1,nan,nan,nan,nan,nan,nan,nan,nan,nan
29-Jan-24 1:48:05 PM AEST,34.3,nan,nan,nan,nan,nan,nan,nan,nan,nan,nan,nan
29-Jan-24 1:48:28 PM AEST,nan,68.5,nan,nan,nan,nan,nan,1.14,nan,nan,nan,nan
29-Jan-24 1:48:32 PM AEST,nan,nan,nan,nan,nan,nan,nan,nan,nan,nan,nan,942.50
29-Jan-24 1:48:40 PM AEST,nan,nan,nan,nan,nan,nan,nan,nan,nan,nan,198.90,nan
29-Jan-24 1:48:44 PM AEST,nan,nan,nan,nan,nan,nan,199.60,nan,18.90,10.50,nan,nan
29-Jan-24 1:49:05 PM AEST,nan,nan,28.0,nan,nan,nan,nan,nan,nan,nan,nan,nan
29-Jan-24 1:49:05 PM AEST,nan,nan,27.6,nan,nan,nan,nan,nan,nan,nan,nan,nan
29-Jan-24 1:49:10 PM AEST,34.2,nan,nan,nan,nan,nan,nan,nan,nan,nan,nan,nan
29-Jan-24 1:49:10 PM AEST,34.0,nan,nan,nan,nan,nan,nan,nan,nan,nan,nan,nan
29-Jan-24 1:49:32 PM AEST,nan,68.2,nan,nan,nan,nan,nan,1.11,nan,nan,nan,nan
29-Jan-24 1:49:36 PM AEST,nan,nan,nan,nan,nan,nan,nan,nan,nan,nan,nan,965.80
29-Jan-24 1:49:44 PM AEST,nan,nan,nan,nan,nan,nan,nan,nan,nan,nan,172.40,nan
29-Jan-24 1:49:48 PM AEST,nan,nan,nan,nan,nan,nan,173.70,nan,17.80,9.60,nan,nan
29-Jan-24 1:50:10 PM AEST,nan,nan,27.3,nan,nan,nan,nan,nan,nan,nan,nan,nan
29-Jan-24 1:50:36 PM AEST,nan,nan,nan,nan,nan,nan,nan,1.06,nan,nan,nan,nan
29-Jan-24 1:50:40 PM AEST,nan,nan,nan,nan,nan,nan,nan,nan,nan,nan,nan,641.60
29-Jan-24 1:50:48 PM AEST,nan,nan,nan,nan,nan,nan,nan,nan,nan,nan,179.90,nan
29-Jan-24 1:50:52 PM AEST,nan,nan,nan,nan,nan,nan,178.80,nan,15.40,10.00,nan,nan
29-Jan-24 1:51:00 PM AEST,33.9,68.3,nan,nan,nan,nan,nan,nan,nan,nan,nan,nan
29-Jan-24 1:51:15 PM AEST,nan,nan,27.2,nan,nan,nan,nan,nan,nan,nan,nan,nan
29-Jan-24 1:51:40 PM AEST,nan,nan,nan,nan,nan,nan,nan,0.95,nan,nan,nan,nan
29-Jan-24 1:51:44 PM AEST,nan,nan,nan,nan,nan,nan,nan,nan,nan,nan,nan,656.70
29-Jan-24 1:51:52 PM AEST,nan,nan,nan,nan,nan,nan,nan,nan,nan,nan,167.40,nan
29-Jan-24 1:51:52 PM AEST,nan,nan,nan,nan,nan,nan,nan,nan,nan,nan,188.00,nan
29-Jan-24 1:51:56 PM AEST,nan,nan,nan,nan,nan,nan,166.50,nan,17.80,9.30,nan,nan
29-Jan-24 1:51:56 PM AEST,nan,nan,nan,nan,nan,nan,187.20,nan,13.00,8.70,nan,nan
29-Jan-24 1:52:04 PM AEST,nan,68.8,nan,nan,nan,nan,nan,nan,nan,nan,nan,nan
29-Jan-24 1:52:44 PM AEST,nan,nan,nan,nan,nan,nan,nan,0.88,nan,nan,nan,nan
29-Jan-24 1:52:48 PM AEST,nan,nan,nan,nan,nan,nan,nan,nan,nan,nan,nan,919.10
29-Jan-24 1:52:56 PM AEST,nan,nan,nan,nan,nan,nan,nan,nan,nan,nan,178.30,nan
29-Jan-24 1:53:00 PM AEST,34.0,nan,27.4,nan,nan,nan,177.80,nan,15.40,7.00,nan,nan
29-Jan-24 1:53:08 PM AEST,nan,69.2,nan,nan,nan,nan,nan,nan,nan,nan,nan,nan
29-Jan-24 1:53:48 PM AEST,nan,nan,nan,nan,nan,nan,nan,0.77,nan,nan,nan,nan
29-Jan-24 1:53:52 PM AEST,nan,nan,nan,nan,nan,nan,nan,nan,nan,nan,nan,597.50
29-Jan-24 1:54:00 PM AEST,nan,nan,nan,nan,nan,nan,nan,nan,nan,nan,195.20,nan
29-Jan-24 1:54:04 PM AEST,nan,nan,nan,nan,nan,nan,194.80,nan,22.50,11.30,nan,nan
29-Jan-24 1:54:05 PM AEST,33.8,nan,27.5,nan,nan,nan,nan,nan,nan,nan,nan,nan
29-Jan-24 1:54:12 PM AEST,nan,68.8,nan,nan,nan,nan,nan,nan,nan,nan,nan,nan
29-Jan-24 1:54:52 PM AEST,nan,nan,nan,nan,nan,nan,nan,1.18,nan,nan,nan,nan
29-Jan-24 1:54:56 PM AEST,nan,nan,nan,nan,nan,nan,nan,nan,nan,nan,nan,439.20
29-Jan-24 1:54:56 PM AEST,nan,nan,nan,nan,nan,nan,nan,nan,nan,nan,nan,907.40
29-Jan-24 1:55:04 PM AEST,nan,nan,nan,nan,nan,nan,nan,nan,nan,nan,159.10,nan
29-Jan-24 1:55:08 PM AEST,nan,nan,nan,nan,nan,nan,155.70,nan,10.60,6.90,nan,nan
29-Jan-24 1:55:10 PM AEST,nan,nan,27.3,nan,nan,nan,nan,nan,nan,nan,nan,nan
29-Jan-24 1:55:16 PM AEST,nan,69.3,nan,nan,nan,nan,nan,nan,nan,nan,nan,nan
29-Jan-24 1:55:56 PM AEST,nan,nan,nan,nan,nan,nan,nan,0.75,nan,nan,nan,nan
29-Jan-24 1:56:00 PM AEST,nan,nan,nan,nan,nan,nan,nan,nan,nan,nan,nan,895.80
29-Jan-24 1:56:08 PM AEST,nan,nan,nan,nan,nan,nan,nan,nan,nan,nan,181.90,nan
29-Jan-24 1:56:12 PM AEST,nan,nan,nan,nan,nan,nan,180.00,nan,15.40,8.40,nan,nan
29-Jan-24 1:56:20 PM AEST,nan,70.2,nan,nan,nan,nan,nan,nan,nan,nan,nan,nan
29-Jan-24 1:57:00 PM AEST,nan,nan,nan,nan,nan,nan,nan,0.90,nan,nan,nan,nan
29-Jan-24 1:57:00 PM AEST,nan,nan,nan,nan,nan,nan,nan,0.76,nan,nan,nan,nan
29-Jan-24 1:57:04 PM AEST,nan,nan,nan,nan,nan,nan,nan,nan,nan,nan,nan,896.60
29-Jan-24 1:57:12 PM AEST,nan,nan,nan,nan,nan,0.72,nan,nan,nan,nan,163.20,nan
29-Jan-24 1:57:16 PM AEST,nan,nan,nan,nan,nan,nan,156.80,nan,nan,6.70,nan,nan
29-Jan-24 1:57:24 PM AEST,nan,69.7,nan,nan,nan,nan,nan,nan,nan,nan,nan,nan
29-Jan-24 1:58:00 PM AEST,nan,nan,27.6,nan,nan,nan,nan,nan,nan,nan,nan,nan
29-Jan-24 1:58:00 PM AEST,nan,nan,27.5,nan,nan,nan,nan,nan,nan,nan,nan,nan
29-Jan-24 1:58:04 PM AEST,nan,nan,nan,nan,nan,nan,nan,0.91,nan,nan,nan,nan
29-Jan-24 1:58:08 PM AEST,nan,nan,nan,nan,nan,nan,nan,nan,nan,nan,nan,910.00
29-Jan-24 1:58:16 PM AEST,nan,nan,nan,nan,nan,nan,nan,nan,nan,nan,163.30,nan
29-Jan-24 1:58:20 PM AEST,nan,nan,nan,nan,nan,nan,161.70,nan,nan,8.80,nan,nan
29-Jan-24 1:58:28 PM AEST,nan,69.2,nan,nan,nan,nan,nan,nan,nan,nan,nan,nan
29-Jan-24 1:59:00 PM AEST,33.9,nan,nan,nan,nan,nan,nan,nan,14.20,nan,nan,nan
29-Jan-24 1:59:12 PM AEST,nan,nan,nan,nan,nan,nan,nan,nan,nan,nan,nan,921.70
29-Jan-24 1:59:20 PM AEST,nan,nan,nan,nan,nan,nan,nan,nan,nan,nan,177.60,nan
29-Jan-24 1:59:24 PM AEST,nan,nan,nan,nan,nan,nan,178.70,nan,nan,nan,nan,nan
29-Jan-24 2:00:00 PM AEST,nan,nan,27.4,nan,nan,nan,nan,nan,nan,nan,nan,nan
29-Jan-24 2:00:04 PM AEST,nan,nan,nan,nan,nan,nan,nan,nan,13.00,nan,nan,nan
29-Jan-24 2:00:04 PM AEST,nan,nan,nan,nan,nan,nan,nan,nan,11.80,nan,nan,nan
29-Jan-24 2:00:05 PM AEST,34.0,nan,nan,nan,nan,nan,nan,nan,nan,nan,nan,nan
29-Jan-24 2:00:16 PM AEST,nan,nan,nan,nan,nan,nan,nan,nan,nan,nan,nan,849.90
29-Jan-24 2:00:24 PM AEST,nan,nan,nan,nan,nan,nan,nan,nan,nan,nan,178.20,nan
29-Jan-24 2:00:28 PM AEST,nan,nan,nan,nan,nan,nan,171.10,nan,nan,nan,nan,nan
29-Jan-24 2:01:00 PM AEST,nan,70.2,nan,nan,nan,nan,nan,0.73,nan,5.80,nan,nan
29-Jan-24 2:01:00 PM AEST,nan,70.2,nan,nan,nan,nan,nan,0.73,nan,10.10,nan,nan
29-Jan-24 2:01:08 PM AEST,nan,nan,nan,nan,nan,nan,nan,nan,16.60,nan,nan,nan
29-Jan-24 2:01:10 PM AEST,34.1,nan,nan,nan,nan,nan,nan,nan,nan,nan,nan,nan
29-Jan-24 2:01:20 PM AEST,nan,nan,nan,nan,nan,nan,nan,nan,nan,nan,nan,914.20
29-Jan-24 2:01:28 PM AEST,nan,nan,nan,nan,nan,nan,nan,nan,nan,nan,166.80,nan
29-Jan-24 2:01:32 PM AEST,nan,nan,nan,nan,nan,nan,167.50,nan,nan,nan,nan,nan
29-Jan-24 2:02:00 PM AEST,nan,nan,27.8,nan,nan,nan,nan,nan,nan,nan,nan,nan
29-Jan-24 2:02:04 PM AEST,nan,69.8,nan,nan,nan,nan,nan,1.02,nan,8.20,nan,nan
29-Jan-24 2:02:04 PM AEST,nan,69.7,nan,nan,nan,nan,nan,0.92,nan,8.20,nan,nan
29-Jan-24 2:02:12 PM AEST,nan,nan,nan,nan,nan,nan,nan,nan,11.80,nan,nan,nan
29-Jan-24 2:02:15 PM AEST,34.0,nan,nan,nan,nan,nan,nan,nan,nan,nan,nan,nan
29-Jan-24 2:02:24 PM AEST,nan,nan,nan,nan,nan,nan,nan,nan,nan,nan,nan,917.40
29-Jan-24 2:02:32 PM AEST,nan,nan,nan,nan,nan,nan,nan,nan,nan,nan,180.90,nan
29-Jan-24 2:02:36 PM AEST,nan,nan,nan,nan,nan,nan,180.80,nan,nan,nan,nan,nan
29-Jan-24 2:03:08 PM AEST,nan,69.5,nan,nan,nan,nan,nan,0.71,nan,5.60,nan,nan
29-Jan-24 2:03:16 PM AEST,nan,nan,nan,nan,nan,nan,nan,nan,13.00,nan,nan,nan
29-Jan-24 2:03:20 PM AEST,34.1,nan,nan,nan,nan,nan,nan,nan,nan,nan,nan,nan
29-Jan-24 2:03:28 PM AEST,nan,nan,nan,nan,nan,nan,nan,nan,nan,nan,nan,924.20
29-Jan-24 2:03:36 PM AEST,nan,nan,nan,nan,nan,nan,nan,nan,nan,nan,150.60,nan
29-Jan-24 2:03:40 PM AEST,nan,nan,nan,nan,nan,nan,151.40,nan,nan,nan,nan,nan
29-Jan-24 2:04:00 PM AEST,nan,nan,27.6,nan,nan,nan,nan,nan,nan,nan,nan,nan
29-Jan-24 2:04:12 PM AEST,nan,69.8,nan,nan,nan,nan,nan,0.69,nan,nan,nan,nan
29-Jan-24 2:04:20 PM AEST,nan,nan,nan,nan,nan,nan,nan,nan,10.60,nan,nan,nan
29-Jan-24 2:04:32 PM AEST,nan,nan,nan,nan,nan,nan,nan,nan,nan,nan,nan,938.30
29-Jan-24 2:04:40 PM AEST,nan,nan,nan,nan,nan,nan,nan,nan,nan,nan,171.80,nan
29-Jan-24 2:04:44 PM AEST,nan,nan,nan,nan,nan,nan,171.30,nan,nan,nan,nan,nan
29-Jan-24 2:05:00 PM AEST,nan,nan,nan,nan,nan,nan,nan,nan,nan,6.30,nan,nan
29-Jan-24 2:05:00 PM AEST,nan,nan,nan,nan,nan,nan,nan,nan,nan,9.00,nan,nan
29-Jan-24 2:05:05 PM AEST,nan,nan,27.7,nan,nan,nan,nan,nan,nan,nan,nan,nan
29-Jan-24 2:05:05 PM AEST,nan,nan,27.8,nan,nan,nan,nan,nan,nan,nan,nan,nan
29-Jan-24 2:05:16 PM AEST,nan,69.3,nan,nan,nan,nan,nan,0.93,nan,nan,nan,nan
29-Jan-24 2:05:24 PM AEST,nan,nan,nan,nan,nan,nan,nan,nan,13.00,nan,nan,nan
29-Jan-24 2:05:36 PM AEST,nan,nan,nan,nan,nan,nan,nan,nan,nan,nan,nan,849.10
29-Jan-24 2:05:44 PM AEST,nan,nan,nan,nan,nan,nan,nan,nan,nan,nan,199.50,nan
29-Jan-24 2:05:48 PM AEST,nan,nan,nan,nan,nan,nan,199.70,nan,nan,nan,nan,nan
29-Jan-24 2:06:04 PM AEST,nan,nan,nan,nan,nan,nan,nan,nan,nan,11.30,nan,nan
29-Jan-24 2:06:10 PM AEST,nan,nan,27.7,nan,nan,nan,nan,nan,nan,nan,nan,nan
29-Jan-24 2:06:20 PM AEST,nan,nan,nan,nan,nan,nan,nan,1.16,nan,nan,nan,nan
29-Jan-24 2:06:28 PM AEST,nan,nan,nan,nan,nan,nan,nan,nan,17.80,nan,nan,nan
29-Jan-24 2:06:40 PM AEST,nan,nan,nan,nan,nan,nan,nan,nan,nan,nan,nan,961.70
29-Jan-24 2:06:48 PM AEST,nan,nan,nan,nan,nan,nan,nan,nan,nan,nan,176.60,nan
29-Jan-24 2:06:48 PM AEST,nan,nan,nan,nan,nan,nan,nan,nan,nan,nan,200.70,nan
29-Jan-24 2:06:52 PM AEST,nan,nan,nan,nan,nan,nan,175.70,nan,nan,nan,nan,nan
29-Jan-24 2:06:52 PM AEST,nan,nan,nan,nan,nan,nan,201.70,nan,nan,nan,nan,nan
29-Jan-24 2:07:08 PM AEST,nan,nan,nan,nan,nan,nan,nan,nan,nan,10.60,nan,nan
29-Jan-24 2:07:24 PM AEST,nan,nan,nan,nan,nan,nan,nan,1.30,nan,nan,nan,nan
29-Jan-24 2:07:32 PM AEST,nan,nan,nan,nan,nan,nan,nan,nan,16.60,nan,nan,nan
29-Jan-24 2:07:44 PM AEST,nan,nan,nan,nan,nan,nan,nan,nan,nan,nan,nan,953.20
29-Jan-24 2:07:56 PM AEST,nan,nan,nan,nan,nan,nan,156.10,nan,nan,nan,nan,nan
29-Jan-24 2:08:00 PM AEST,34.0,68.7,27.4,nan,nan,nan,nan,nan,nan,nan,158.80,nan
29-Jan-24 2:08:00 PM AEST,34.0,69.3,27.4,nan,nan,nan,nan,nan,nan,nan,158.80,nan
29-Jan-24 2:08:12 PM AEST,nan,nan,nan,nan,nan,nan,nan,nan,nan,7.70,nan,nan
29-Jan-24 2:08:28 PM AEST,nan,nan,nan,nan,nan,nan,nan,0.83,nan,nan,nan,nan
29-Jan-24 2:08:36 PM AEST,nan,nan,nan,nan,nan,nan,nan,nan,11.80,nan,nan,nan
29-Jan-24 2:08:48 PM AEST,nan,nan,nan,nan,nan,nan,nan,nan,nan,nan,nan,945.00
29-Jan-24 2:09:00 PM AEST,nan,nan,nan,nan,nan,nan,164.00,nan,nan,nan,nan,nan
29-Jan-24 2:09:04 PM AEST,nan,69.0,nan,nan,nan,nan,nan,nan,nan,nan,168.80,nan
29-Jan-24 2:09:05 PM AEST,nan,nan,27.6,nan,nan,nan,nan,nan,nan,nan,nan,nan
29-Jan-24 2:09:16 PM AEST,nan,nan,nan,nan,nan,nan,nan,nan,nan,9.00,nan,nan
29-Jan-24 2:09:32 PM AEST,nan,nan,nan,nan,nan,nan,nan,0.99,nan,nan,nan,nan
29-Jan-24 2:09:40 PM AEST,nan,nan,nan,nan,nan,nan,nan,nan,17.80,nan,nan,nan
29-Jan-24 2:09:52 PM AEST,nan,nan,nan,nan,nan,nan,nan,nan,nan,nan,nan,931.70
29-Jan-24 2:09:52 PM AEST,nan,nan,nan,nan,nan,nan,nan,nan,nan,nan,nan,921.60
29-Jan-24 2:10:04 PM AEST,nan,nan,nan,nan,nan,nan,189.80,nan,nan,nan,nan,nan
29-Jan-24 2:10:08 PM AEST,nan,67.5,nan,nan,nan,nan,nan,nan,nan,nan,190.70,nan
29-Jan-24 2:10:10 PM AEST,nan,nan,27.5,nan,nan,nan,nan,nan,nan,nan,nan,nan
29-Jan-24 2:10:20 PM AEST,nan,nan,nan,nan,nan,nan,nan,nan,nan,9.10,nan,nan
29-Jan-24 2:10:36 PM AEST,nan,nan,nan,nan,nan,nan,nan,0.93,nan,nan,nan,nan
29-Jan-24 2:10:44 PM AEST,nan,nan,nan,nan,nan,nan,nan,nan,15.40,nan,nan,nan
29-Jan-24 2:11:08 PM AEST,nan,nan,nan,nan,nan,nan,182.00,nan,nan,nan,nan,nan
29-Jan-24 2:11:12 PM AEST,nan,68.2,nan,nan,nan,nan,nan,nan,nan,nan,183.60,nan
29-Jan-24 2:11:15 PM AEST,nan,nan,27.1,nan,nan,nan,nan,nan,nan,nan,nan,nan
29-Jan-24 2:11:24 PM AEST,nan,nan,nan,nan,nan,nan,nan,nan,nan,10.90,nan,nan
29-Jan-24 2:11:40 PM AEST,nan,nan,nan,nan,nan,nan,nan,1.14,nan,nan,nan,nan
29-Jan-24 2:11:48 PM AEST,nan,nan,nan,nan,nan,nan,nan,nan,16.60,nan,nan,nan
29-Jan-24 2:12:00 PM AEST,33.9,nan,nan,nan,nan,nan,nan,nan,nan,nan,nan,915.00
29-Jan-24 2:12:00 PM AEST,33.9,nan,nan,nan,nan,nan,nan,nan,nan,nan,nan,916.70
29-Jan-24 2:12:12 PM AEST,nan,nan,nan,nan,nan,nan,183.40,nan,nan,nan,nan,nan
29-Jan-24 2:12:16 PM AEST,nan,67.8,nan,nan,nan,nan,nan,nan,nan,nan,182.20,nan
29-Jan-24 2:12:20 PM AEST,nan,nan,27.3,nan,nan,nan,nan,nan,nan,nan,nan,nan
29-Jan-24 2:12:28 PM AEST,nan,nan,nan,nan,nan,nan,nan,nan,nan,11.10,nan,nan
29-Jan-24 2:12:44 PM AEST,nan,nan,nan,nan,nan,nan,nan,1.18,nan,nan,nan,nan
29-Jan-24 2:12:52 PM AEST,nan,nan,nan,nan,nan,nan,nan,nan,15.40,nan,nan,nan
29-Jan-24 2:13:04 PM AEST,nan,nan,nan,nan,nan,nan,nan,nan,nan,nan,nan,929.90
29-Jan-24 2:13:05 PM AEST,33.8,nan,nan,nan,nan,nan,nan,nan,nan,nan,nan,nan
29-Jan-24 2:13:16 PM AEST,nan,nan,nan,nan,nan,nan,168.50,nan,nan,nan,nan,nan
29-Jan-24 2:13:20 PM AEST,nan,68.3,nan,nan,nan,nan,nan,nan,nan,nan,167.60,nan
29-Jan-24 2:13:25 PM AEST,nan,nan,27.1,nan,nan,nan,nan,nan,nan,nan,nan,nan
29-Jan-24 2:13:32 PM AEST,nan,nan,nan,nan,nan,nan,nan,nan,nan,9.30,nan,nan
29-Jan-24 2:13:48 PM AEST,nan,nan,nan,nan,nan,nan,nan,0.97,nan,nan,nan,nan
29-Jan-24 2:13:56 PM AEST,nan,nan,nan,nan,nan,nan,nan,nan,13.00,nan,nan,nan
29-Jan-24 2:14:08 PM AEST,nan,nan,nan,nan,nan,nan,nan,nan,nan,nan,nan,950.00
29-Jan-24 2:14:10 PM AEST,33.7,nan,nan,nan,nan,nan,nan,nan,nan,nan,nan,nan
29-Jan-24 2:14:20 PM AEST,nan,nan,nan,nan,nan,nan,190.40,nan,nan,nan,nan,nan
29-Jan-24 2:14:24 PM AEST,nan,68.0,nan,nan,nan,nan,nan,nan,nan,nan,190.40,nan
29-Jan-24 2:14:30 PM AEST,nan,nan,27.2,nan,nan,nan,nan,nan,nan,nan,nan,nan
29-Jan-24 2:14:36 PM AEST,nan,nan,nan,nan,nan,nan,nan,nan,nan,15.90,nan,nan
29-Jan-24 2:14:52 PM AEST,nan,nan,nan,nan,nan,nan,nan,1.64,nan,nan,nan,nan
29-Jan-24 2:15:00 PM AEST,nan,nan,nan,nan,nan,nan,nan,nan,23.70,nan,nan,nan
29-Jan-24 2:15:12 PM AEST,nan,nan,nan,nan,nan,nan,nan,nan,nan,nan,nan,799.90
29-Jan-24 2:15:15 PM AEST,33.5,nan,nan,nan,nan,nan,nan,nan,nan,nan,nan,nan
29-Jan-24 2:15:24 PM AEST,nan,nan,nan,nan,nan,nan,179.80,nan,nan,nan,nan,nan
29-Jan-24 2:15:28 PM AEST,nan,68.5,nan,nan,nan,nan,nan,nan,nan,nan,180.40,nan
29-Jan-24 2:15:35 PM AEST,nan,nan,27.0,nan,nan,nan,nan,nan,nan,nan,nan,nan
29-Jan-24 2:15:40 PM AEST,nan,nan,nan,nan,nan,nan,nan,nan,nan,12.50,nan,nan
29-Jan-24 2:15:56 PM AEST,nan,nan,nan,nan,nan,nan,nan,1.35,nan,nan,nan,nan
29-Jan-24 2:16:16 PM AEST,nan,nan,nan,nan,nan,nan,nan,nan,nan,nan,nan,960.00
29-Jan-24 2:16:20 PM AEST,33.4,nan,nan,nan,nan,nan,nan,nan,nan,nan,nan,nan
29-Jan-24 2:16:28 PM AEST,nan,nan,nan,nan,nan,nan,157.90,nan,nan,nan,nan,nan
29-Jan-24 2:16:32 PM AEST,nan,68.7,nan,nan,nan,nan,nan,nan,nan,nan,156.20,nan
29-Jan-24 2:16:40 PM AEST,nan,nan,26.9,nan,nan,nan,nan,nan,nan,nan,nan,nan
29-Jan-24 2:16:44 PM AEST,nan,nan,nan,nan,nan,nan,nan,nan,nan,11.70,nan,nan
29-Jan-24 2:17:00 PM AEST,nan,nan,nan,nan,nan,nan,nan,1.36,21.30,nan,nan,nan
29-Jan-24 2:17:00 PM AEST,nan,nan,nan,nan,nan,nan,nan,1.36,18.90,nan,nan,nan
29-Jan-24 2:17:20 PM AEST,nan,nan,nan,nan,nan,nan,nan,nan,nan,nan,nan,965.80
29-Jan-24 2:17:32 PM AEST,nan,nan,nan,nan,nan,nan,171.80,nan,nan,nan,nan,nan
29-Jan-24 2:17:36 PM AEST,nan,69.2,nan,nan,nan,nan,nan,nan,nan,nan,172.40,nan
29-Jan-24 2:17:48 PM AEST,nan,nan,nan,nan,nan,nan,nan,nan,nan,12.00,nan,nan
29-Jan-24 2:18:04 PM AEST,nan,nan,nan,nan,nan,nan,nan,1.30,nan,nan,nan,nan
29-Jan-24 2:18:24 PM AEST,nan,nan,nan,nan,nan,nan,nan,nan,nan,nan,nan,617.40
29-Jan-24 2:18:36 PM AEST,nan,nan,nan,nan,nan,nan,194.80,nan,nan,nan,nan,nan
29-Jan-24 2:18:40 PM AEST,nan,70.0,nan,nan,nan,nan,nan,nan,nan,nan,193.90,nan
29-Jan-24 2:18:52 PM AEST,nan,nan,nan,nan,nan,nan,nan,nan,nan,10.10,nan,nan
29-Jan-24 2:19:00 PM AEST,33.5,nan,27.0,nan,nan,nan,nan,nan,nan,nan,nan,nan
29-Jan-24 2:19:08 PM AEST,nan,nan,nan,nan,nan,nan,nan,1.06,nan,nan,nan,nan
29-Jan-24 2:19:28 PM AEST,nan,nan,nan,nan,nan,nan,nan,nan,nan,nan,nan,406.70
29-Jan-24 2:19:40 PM AEST,nan,nan,nan,nan,nan,nan,171.30,nan,nan,nan,nan,nan
29-Jan-24 2:19:44 PM AEST,nan,nan,nan,nan,nan,nan,nan,nan,nan,nan,173.30,nan
29-Jan-24 2:19:44 PM AEST,nan,nan,nan,nan,nan,nan,nan,nan,nan,nan,185.10,nan
29-Jan-24 2:19:56 PM AEST,nan,nan,nan,nan,nan,nan,nan,nan,nan,9.80,nan,nan
29-Jan-24 2:19:56 PM AEST,nan,nan,nan,nan,nan,nan,nan,nan,nan,11.00,nan,nan
29-Jan-24 2:20:00 PM AEST,nan,69.8,nan,nan,nan,nan,nan,nan,16.60,nan,nan,nan
29-Jan-24 2:20:00 PM AEST,nan,69.8,nan,nan,nan,nan,nan,nan,20.10,nan,nan,nan
29-Jan-24 2:20:05 PM AEST,nan,nan,27.3,nan,nan,nan,nan,nan,nan,nan,nan,nan
29-Jan-24 2:20:12 PM AEST,nan,nan,nan,nan,nan,nan,nan,1.05,nan,nan,nan,nan
29-Jan-24 2:20:12 PM AEST,nan,nan,nan,nan,nan,nan,nan,1.13,nan,nan,nan,nan
29-Jan-24 2:20:32 PM AEST,nan,nan,nan,nan,nan,nan,nan,nan,nan,nan,nan,588.30
29-Jan-24 2:20:44 PM AEST,nan,nan,nan,nan,nan,nan,185.90,nan,nan,nan,nan,nan
29-Jan-24 2:21:00 PM AEST,nan,nan,nan,nan,nan,nan,nan,nan,nan,7.10,174.60,nan
29-Jan-24 2:21:04 PM AEST,nan,70.5,nan,nan,nan,nan,nan,nan,10.60,nan,nan,nan
29-Jan-24 2:21:10 PM AEST,nan,nan,27.2,nan,nan,nan,nan,nan,nan,nan,nan,nan
29-Jan-24 2:21:16 PM AEST,nan,nan,nan,nan,nan,nan,nan,0.72,nan,nan,nan,nan
29-Jan-24 2:21:36 PM AEST,nan,nan,nan,nan,nan,nan,nan,nan,nan,nan,nan,437.50
29-Jan-24 2:21:48 PM AEST,nan,nan,nan,nan,nan,nan,175.30,nan,nan,nan,nan,nan
29-Jan-24 2:22:00 PM AEST,33.4,nan,nan,nan,nan,nan,nan,nan,nan,nan,nan,nan
29-Jan-24 2:22:04 PM AEST,nan,nan,nan,nan,nan,nan,nan,nan,nan,7.50,165.10,nan
29-Jan-24 2:22:08 PM AEST,nan,69.7,nan,nan,nan,nan,nan,nan,13.00,nan,nan,nan
29-Jan-24 2:22:15 PM AEST,nan,nan,27.4,nan,nan,nan,nan,nan,nan,nan,nan,nan
29-Jan-24 2:22:20 PM AEST,nan,nan,nan,nan,nan,nan,nan,0.83,nan,nan,nan,nan
29-Jan-24 2:22:40 PM AEST,nan,nan,nan,nan,nan,nan,nan,nan,nan,nan,nan,410.80
29-Jan-24 2:22:52 PM AEST,nan,nan,nan,nan,nan,nan,165.30,nan,nan,nan,nan,nan
29-Jan-24 2:22:52 PM AEST,nan,nan,nan,nan,nan,nan,194.90,nan,nan,nan,nan,nan
29-Jan-24 2:23:08 PM AEST,nan,nan,nan,nan,nan,nan,nan,nan,nan,2.80,194.70,nan
29-Jan-24 2:23:12 PM AEST,nan,70.3,nan,nan,nan,nan,nan,nan,8.30,nan,nan,nan
29-Jan-24 2:23:20 PM AEST,nan,nan,27.1,nan,nan,nan,nan,nan,nan,nan,nan,nan
29-Jan-24 2:23:24 PM AEST,nan,nan,nan,nan,nan,nan,nan,0.57,nan,nan,nan,nan
29-Jan-24 2:23:44 PM AEST,nan,nan,nan,nan,nan,nan,nan,nan,nan,nan,nan,382.40
29-Jan-24 2:23:56 PM AEST,nan,nan,nan,nan,nan,nan,208.00,nan,nan,nan,nan,nan
29-Jan-24 2:24:00 PM AEST,33.5,nan,nan,nan,nan,nan,nan,nan,nan,nan,nan,nan
29-Jan-24 2:24:12 PM AEST,nan,nan,nan,nan,nan,nan,nan,nan,nan,5.30,209.00,nan
29-Jan-24 2:24:16 PM AEST,nan,70.8,nan,nan,nan,nan,nan,nan,nan,nan,nan,nan
29-Jan-24 2:24:25 PM AEST,nan,nan,27.3,nan,nan,nan,nan,nan,nan,nan,nan,nan
29-Jan-24 2:24:28 PM AEST,nan,nan,nan,nan,nan,nan,nan,0.54,nan,nan,nan,nan
29-Jan-24 2:24:48 PM AEST,nan,nan,nan,nan,nan,nan,nan,nan,nan,nan,nan,603.30
29-Jan-24 2:25:00 PM AEST,nan,nan,nan,nan,nan,nan,218.60,nan,nan,nan,nan,nan
29-Jan-24 2:25:16 PM AEST,nan,nan,nan,nan,nan,nan,nan,nan,nan,7.10,220.90,nan
29-Jan-24 2:25:20 PM AEST,nan,71.0,nan,nan,nan,nan,nan,nan,nan,nan,nan,nan
29-Jan-24 2:25:30 PM AEST,nan,nan,27.5,nan,nan,nan,nan,nan,nan,nan,nan,nan
29-Jan-24 2:25:32 PM AEST,nan,nan,nan,nan,nan,nan,nan,0.83,nan,nan,nan,nan
29-Jan-24 2:25:52 PM AEST,nan,nan,nan,nan,nan,nan,nan,nan,nan,nan,nan,1033.20
29-Jan-24 2:26:00 PM AEST,33.6,nan,nan,nan,nan,nan,nan,nan,13.00,nan,nan,nan
29-Jan-24 2:26:04 PM AEST,nan,nan,nan,nan,nan,nan,142.00,nan,nan,nan,nan,nan
29-Jan-24 2:26:20 PM AEST,nan,nan,nan,nan,nan,nan,nan,nan,nan,6.60,145.00,nan
29-Jan-24 2:26:24 PM AEST,nan,72.2,nan,nan,nan,nan,nan,nan,nan,nan,nan,nan
29-Jan-24 2:26:36 PM AEST,nan,nan,nan,nan,nan,nan,nan,0.69,nan,nan,nan,nan
29-Jan-24 2:26:56 PM AEST,nan,nan,nan,nan,nan,nan,nan,nan,nan,nan,nan,989.20
29-Jan-24 2:27:04 PM AEST,nan,nan,nan,nan,nan,nan,nan,nan,10.60,nan,nan,nan
29-Jan-24 2:27:08 PM AEST,nan,nan,nan,nan,nan,nan,174.50,nan,nan,nan,nan,nan
29-Jan-24 2:27:24 PM AEST,nan,nan,nan,nan,nan,nan,nan,nan,nan,6.00,173.60,nan
29-Jan-24 2:27:28 PM AEST,nan,71.5,nan,nan,nan,nan,nan,nan,nan,nan,nan,nan
29-Jan-24 2:27:40 PM AEST,nan,nan,nan,nan,nan,nan,nan,0.63,nan,nan,nan,nan
29-Jan-24 2:28:00 PM AEST,nan,nan,27.9,nan,nan,nan,nan,nan,nan,nan,nan,951.70
29-Jan-24 2:28:00 PM AEST,nan,nan,27.7,nan,nan,nan,nan,nan,nan,nan,nan,951.70
29-Jan-24 2:28:08 PM AEST,nan,nan,nan,nan,nan,nan,nan,nan,11.80,nan,nan,nan
29-Jan-24 2:28:12 PM AEST,nan,nan,nan,nan,nan,nan,124.40,nan,nan,nan,nan,nan
29-Jan-24 2:28:28 PM AEST,nan,nan,nan,nan,nan,nan,nan,nan,nan,7.00,117.80,nan
29-Jan-24 2:28:44 PM AEST,nan,nan,nan,nan,nan,nan,nan,0.76,nan,nan,nan,nan
29-Jan-24 2:29:04 PM AEST,nan,nan,nan,nan,nan,nan,nan,nan,nan,nan,nan,1024.10
29-Jan-24 2:29:04 PM AEST,nan,nan,nan,nan,nan,nan,nan,nan,nan,nan,nan,485.80
29-Jan-24 2:29:12 PM AEST,nan,nan,nan,nan,nan,nan,nan,nan,10.60,nan,nan,nan
29-Jan-24 2:29:16 PM AEST,nan,nan,nan,nan,nan,nan,189.70,nan,nan,nan,nan,nan
29-Jan-24 2:29:32 PM AEST,nan,nan,nan,nan,nan,nan,nan,nan,nan,7.30,189.20,nan
29-Jan-24 2:30:00 PM AEST,33.7,nan,nan,nan,nan,nan,nan,nan,nan,nan,nan,nan
29-Jan-24 2:30:08 PM AEST,nan,nan,nan,nan,nan,nan,nan,nan,nan,nan,nan,763.20
29-Jan-24 2:30:16 PM AEST,nan,nan,nan,nan,nan,nan,nan,nan,16.60,nan,nan,nan
29-Jan-24 2:30:20 PM AEST,nan,nan,nan,nan,nan,nan,182.20,nan,nan,nan,nan,nan
29-Jan-24 2:30:36 PM AEST,nan,nan,nan,nan,nan,nan,nan,nan,nan,7.80,188.60,nan
29-Jan-24 2:31:00 PM AEST,nan,71.0,27.8,nan,nan,nan,nan,0.82,nan,nan,nan,nan
29-Jan-24 2:31:05 PM AEST,33.5,nan,nan,nan,nan,nan,nan,nan,nan,nan,nan,nan
29-Jan-24 2:31:12 PM AEST,nan,nan,nan,nan,nan,nan,nan,nan,nan,nan,nan,519.20
29-Jan-24 2:31:20 PM AEST,nan,nan,nan,nan,nan,nan,nan,nan,11.80,nan,nan,nan
29-Jan-24 2:31:24 PM AEST,nan,nan,nan,nan,nan,nan,191.70,nan,nan,nan,nan,nan
29-Jan-24 2:31:40 PM AEST,nan,nan,nan,nan,nan,nan,nan,nan,nan,7.90,193.10,nan
29-Jan-24 2:32:04 PM AEST,nan,70.5,nan,nan,nan,nan,nan,0.88,nan,nan,nan,nan
29-Jan-24 2:32:05 PM AEST,nan,nan,27.7,nan,nan,nan,nan,nan,nan,nan,nan,nan
29-Jan-24 2:32:10 PM AEST,33.6,nan,nan,nan,nan,nan,nan,nan,nan,nan,nan,nan
29-Jan-24 2:32:16 PM AEST,nan,nan,nan,nan,nan,nan,nan,nan,nan,nan,nan,871.70
29-Jan-24 2:32:24 PM AEST,nan,nan,nan,nan,nan,nan,nan,nan,9.50,nan,nan,nan
29-Jan-24 2:32:28 PM AEST,nan,nan,nan,nan,nan,nan,170.60,nan,nan,nan,nan,nan
29-Jan-24 2:32:44 PM AEST,nan,nan,nan,nan,nan,nan,nan,nan,nan,4.90,175.90,nan
29-Jan-24 2:33:08 PM AEST,nan,71.3,nan,nan,nan,nan,nan,0.52,nan,nan,nan,nan
29-Jan-24 2:33:10 PM AEST,nan,nan,27.4,nan,nan,nan,nan,nan,nan,nan,nan,nan
29-Jan-24 2:33:15 PM AEST,33.7,nan,nan,nan,nan,nan,nan,nan,nan,nan,nan,nan
29-Jan-24 2:33:20 PM AEST,nan,nan,nan,nan,nan,nan,nan,nan,nan,nan,nan,729.90
29-Jan-24 2:33:32 PM AEST,nan,nan,nan,nan,nan,nan,185.40,nan,nan,nan,nan,nan
29-Jan-24 2:33:48 PM AEST,nan,nan,nan,nan,nan,nan,nan,nan,nan,5.30,181.30,nan
29-Jan-24 2:33:48 PM AEST,nan,nan,nan,nan,nan,nan,nan,nan,nan,8.50,180.00,nan
29-Jan-24 2:34:00 PM AEST,nan,nan,nan,nan,nan,nan,nan,nan,15.40,nan,nan,nan
29-Jan-24 2:34:12 PM AEST,nan,71.7,nan,nan,nan,nan,nan,0.56,nan,nan,nan,nan
29-Jan-24 2:34:12 PM AEST,nan,71.3,nan,nan,nan,nan,nan,0.90,nan,nan,nan,nan
29-Jan-24 2:34:15 PM AEST,nan,nan,27.7,nan,nan,nan,nan,nan,nan,nan,nan,nan
29-Jan-24 2:34:15 PM AEST,nan,nan,27.9,nan,nan,nan,nan,nan,nan,nan,nan,nan
29-Jan-24 2:34:24 PM AEST,nan,nan,nan,nan,nan,nan,nan,nan,nan,nan,nan,890.80
29-Jan-24 2:34:36 PM AEST,nan,nan,nan,nan,nan,nan,177.00,nan,nan,nan,nan,nan
29-Jan-24 2:34:52 PM AEST,nan,nan,nan,nan,nan,nan,nan,nan,nan,nan,180.20,nan
29-Jan-24 2:35:00 PM AEST,33.6,nan,nan,nan,nan,nan,nan,nan,nan,nan,nan,nan
29-Jan-24 2:35:04 PM AEST,nan,nan,nan,nan,nan,nan,nan,nan,17.80,nan,nan,nan
29-Jan-24 2:35:16 PM AEST,nan,71.5,nan,nan,nan,nan,nan,0.89,nan,nan,nan,nan
29-Jan-24 2:35:20 PM AEST,nan,nan,27.7,nan,nan,nan,nan,nan,nan,nan,nan,nan
29-Jan-24 2:35:28 PM AEST,nan,nan,nan,nan,nan,nan,nan,nan,nan,nan,nan,788.20
29-Jan-24 2:35:40 PM AEST,nan,nan,nan,nan,nan,nan,182.90,nan,nan,nan,nan,nan
29-Jan-24 2:35:56 PM AEST,nan,nan,nan,nan,nan,nan,nan,nan,nan,nan,171.00,nan
29-Jan-24 2:36:00 PM AEST,nan,nan,nan,nan,nan,nan,nan,nan,nan,4.90,nan,nan
29-Jan-24 2:36:05 PM AEST,33.7,nan,nan,nan,nan,nan,nan,nan,nan,nan,nan,nan
29-Jan-24 2:36:08 PM AEST,nan,nan,nan,nan,nan,nan,nan,nan,7.10,nan,nan,nan
29-Jan-24 2:36:20 PM AEST,nan,71.7,nan,nan,nan,nan,nan,0.51,nan,nan,nan,nan
29-Jan-24 2:36:32 PM AEST,nan,nan,nan,nan,nan,nan,nan,nan,nan,nan,nan,957.50
29-Jan-24 2:36:44 PM AEST,nan,nan,nan,nan,nan,nan,173.90,nan,nan,nan,nan,nan
29-Jan-24 2:37:00 PM AEST,nan,nan,27.8,nan,nan,nan,nan,nan,nan,nan,148.40,nan
29-Jan-24 2:37:04 PM AEST,nan,nan,nan,nan,nan,nan,nan,nan,nan,6.00,nan,nan
29-Jan-24 2:37:12 PM AEST,nan,nan,nan,nan,nan,nan,nan,nan,9.50,nan,nan,nan
29-Jan-24 2:37:24 PM AEST,nan,71.5,nan,nan,nan,nan,nan,0.60,nan,nan,nan,nan
29-Jan-24 2:37:36 PM AEST,nan,nan,nan,nan,nan,nan,nan,nan,nan,nan,nan,919.20
29-Jan-24 2:37:48 PM AEST,nan,nan,nan,nan,nan,nan,149.80,nan,nan,nan,nan,nan
29-Jan-24 2:38:04 PM AEST,nan,nan,nan,nan,nan,nan,nan,nan,nan,nan,146.80,nan
29-Jan-24 2:38:05 PM AEST,nan,nan,27.9,nan,nan,nan,nan,nan,nan,nan,nan,nan
29-Jan-24 2:38:08 PM AEST,nan,nan,nan,nan,nan,nan,nan,nan,nan,5.80,nan,nan
29-Jan-24 2:38:16 PM AEST,nan,nan,nan,nan,nan,nan,nan,nan,11.80,nan,nan,nan
29-Jan-24 2:38:28 PM AEST,nan,71.2,nan,nan,nan,nan,nan,nan,nan,nan,nan,nan
29-Jan-24 2:38:40 PM AEST,nan,nan,nan,nan,nan,nan,nan,nan,nan,nan,nan,873.20
29-Jan-24 2:38:52 PM AEST,nan,nan,nan,nan,nan,nan,146.20,nan,nan,nan,nan,nan
29-Jan-24 2:38:52 PM AEST,nan,nan,nan,nan,nan,nan,151.10,nan,nan,nan,nan,nan
29-Jan-24 2:39:00 PM AEST,33.9,nan,nan,nan,nan,nan,nan,0.68,nan,nan,nan,nan
29-Jan-24 2:39:08 PM AEST,nan,nan,nan,nan,nan,nan,nan,nan,nan,nan,154.40,nan
29-Jan-24 2:39:12 PM AEST,nan,nan,nan,nan,nan,nan,nan,nan,nan,6.60,nan,nan
29-Jan-24 2:39:20 PM AEST,nan,nan,nan,nan,nan,nan,nan,nan,13.00,nan,nan,nan
29-Jan-24 2:39:32 PM AEST,nan,71.0,nan,nan,nan,nan,nan,nan,nan,nan,nan,nan
29-Jan-24 2:39:44 PM AEST,nan,nan,nan,nan,nan,nan,nan,nan,nan,nan,nan,260.00
29-Jan-24 2:40:04 PM AEST,nan,nan,nan,nan,nan,nan,nan,0.39,nan,nan,nan,nan
29-Jan-24 2:40:05 PM AEST,34.0,nan,nan,nan,nan,nan,nan,nan,nan,nan,nan,nan
29-Jan-24 2:40:12 PM AEST,nan,nan,nan,nan,nan,nan,nan,nan,nan,nan,152.10,nan
29-Jan-24 2:40:16 PM AEST,nan,nan,nan,nan,nan,nan,nan,nan,nan,2.50,nan,nan
29-Jan-24 2:40:24 PM AEST,nan,nan,nan,nan,nan,nan,nan,nan,5.90,nan,nan,nan
29-Jan-24 2:40:36 PM AEST,nan,71.8,nan,nan,nan,nan,nan,nan,nan,nan,nan,nan
29-Jan-24 2:40:48 PM AEST,nan,nan,nan,nan,nan,nan,nan,nan,nan,nan,nan,241.70
29-Jan-24 2:41:00 PM AEST,nan,nan,nan,nan,nan,nan,150.20,nan,nan,nan,nan,nan
29-Jan-24 2:41:08 PM AEST,nan,nan,nan,nan,nan,nan,nan,0.50,nan,nan,nan,nan
29-Jan-24 2:41:10 PM AEST,34.1,nan,nan,nan,nan,nan,nan,nan,nan,nan,nan,nan
29-Jan-24 2:41:16 PM AEST,nan,nan,nan,nan,nan,nan,nan,nan,nan,nan,242.40,nan
29-Jan-24 2:41:20 PM AEST,nan,nan,nan,nan,nan,nan,nan,nan,nan,1.40,nan,nan
29-Jan-24 2:41:40 PM AEST,nan,71.3,nan,nan,nan,nan,nan,nan,nan,nan,nan,nan
29-Jan-24 2:41:52 PM AEST,nan,nan,nan,nan,nan,nan,nan,nan,nan,nan,nan,336.60
29-Jan-24 2:42:00 PM AEST,nan,nan,28.2,nan,nan,nan,nan,nan,nan,nan,nan,nan
29-Jan-24 2:42:04 PM AEST,nan,nan,nan,nan,nan,nan,231.90,nan,nan,nan,nan,nan
29-Jan-24 2:42:04 PM AEST,nan,nan,nan,nan,nan,nan,236.20,nan,nan,nan,nan,nan
29-Jan-24 2:42:12 PM AEST,nan,nan,nan,nan,nan,nan,nan,0.68,nan,nan,nan,nan
29-Jan-24 2:42:15 PM AEST,34.0,nan,nan,nan,nan,nan,nan,nan,nan,nan,nan,nan
29-Jan-24 2:42:20 PM AEST,nan,nan,nan,nan,nan,nan,nan,nan,nan,nan,235.50,nan
29-Jan-24 2:42:24 PM AEST,nan,nan,nan,nan,nan,nan,nan,nan,nan,6.70,nan,nan
29-Jan-24 2:42:44 PM AEST,nan,69.7,nan,nan,nan,nan,nan,nan,nan,nan,nan,nan
29-Jan-24 2:42:56 PM AEST,nan,nan,nan,nan,nan,nan,nan,nan,nan,nan,nan,505.80
29-Jan-24 2:43:00 PM AEST,nan,nan,nan,nan,nan,nan,nan,nan,13.00,nan,nan,nan
29-Jan-24 2:43:05 PM AEST,nan,nan,27.6,nan,nan,nan,nan,nan,nan,nan,nan,nan
29-Jan-24 2:43:08 PM AEST,nan,nan,nan,nan,nan,nan,218.40,nan,nan,nan,nan,nan
29-Jan-24 2:43:16 PM AEST,nan,nan,nan,nan,nan,nan,nan,0.84,nan,nan,nan,nan
29-Jan-24 2:43:20 PM AEST,33.9,nan,nan,nan,nan,nan,nan,nan,nan,nan,nan,nan
29-Jan-24 2:43:24 PM AEST,nan,nan,nan,nan,nan,nan,nan,nan,nan,nan,215.90,nan
29-Jan-24 2:43:28 PM AEST,nan,nan,nan,nan,nan,nan,nan,nan,nan,8.10,nan,nan
29-Jan-24 2:43:48 PM AEST,nan,70.5,nan,nan,nan,nan,nan,nan,nan,nan,nan,nan
29-Jan-24 2:44:00 PM AEST,nan,nan,nan,nan,nan,nan,nan,nan,nan,nan,nan,504.10
29-Jan-24 2:44:04 PM AEST,nan,nan,nan,nan,nan,nan,nan,nan,14.20,nan,nan,nan
29-Jan-24 2:44:04 PM AEST,nan,nan,nan,nan,nan,nan,nan,nan,10.60,nan,nan,nan
29-Jan-24 2:44:10 PM AEST,nan,nan,27.8,nan,nan,nan,nan,nan,nan,nan,nan,nan
29-Jan-24 2:44:12 PM AEST,nan,nan,nan,nan,nan,nan,161.70,nan,nan,nan,nan,nan
29-Jan-24 2:44:20 PM AEST,nan,nan,nan,nan,nan,nan,nan,0.80,nan,nan,nan,nan
29-Jan-24 2:44:25 PM AEST,33.8,nan,nan,nan,nan,nan,nan,nan,nan,nan,nan,nan
29-Jan-24 2:44:28 PM AEST,nan,nan,nan,nan,nan,nan,nan,nan,nan,nan,158.10,nan
29-Jan-24 2:44:32 PM AEST,nan,nan,nan,nan,nan,nan,nan,nan,nan,7.50,nan,nan
29-Jan-24 2:44:52 PM AEST,nan,70.3,nan,nan,nan,nan,nan,nan,nan,nan,nan,nan
29-Jan-24 2:45:04 PM AEST,nan,nan,nan,nan,nan,nan,nan,nan,nan,nan,nan,656.70
29-Jan-24 2:45:04 PM AEST,nan,nan,nan,nan,nan,nan,nan,nan,nan,nan,nan,833.30
29-Jan-24 2:45:08 PM AEST,nan,nan,nan,nan,nan,nan,nan,nan,11.80,nan,nan,nan
29-Jan-24 2:45:15 PM AEST,nan,nan,27.6,nan,nan,nan,nan,nan,nan,nan,nan,nan
29-Jan-24 2:45:16 PM AEST,nan,nan,nan,nan,nan,nan,147.10,nan,nan,nan,nan,nan
29-Jan-24 2:45:24 PM AEST,nan,nan,nan,nan,nan,nan,nan,0.68,nan,nan,nan,nan
29-Jan-24 2:45:30 PM AEST,33.7,nan,nan,nan,nan,nan,nan,nan,nan,nan,nan,nan
29-Jan-24 2:45:32 PM AEST,nan,nan,nan,nan,nan,nan,nan,nan,nan,nan,147.30,nan
29-Jan-24 2:45:36 PM AEST,nan,nan,nan,nan,nan,nan,nan,nan,nan,6.70,nan,nan
29-Jan-24 2:45:56 PM AEST,nan,70.8,nan,nan,nan,nan,nan,nan,nan,nan,nan,nan
29-Jan-24 2:46:12 PM AEST,nan,nan,nan,nan,nan,nan,nan,nan,10.60,nan,nan,nan
29-Jan-24 2:46:20 PM AEST,nan,nan,27.7,nan,nan,nan,197.40,nan,nan,nan,nan,nan
29-Jan-24 2:46:28 PM AEST,nan,nan,nan,nan,nan,nan,nan,0.75,nan,nan,nan,nan
29-Jan-24 2:46:36 PM AEST,nan,nan,nan,nan,nan,nan,nan,nan,nan,nan,194.60,nan
29-Jan-24 2:46:40 PM AEST,nan,nan,nan,nan,nan,nan,nan,nan,nan,7.00,nan,nan
29-Jan-24 2:47:00 PM AEST,nan,70.5,nan,nan,nan,nan,nan,nan,nan,nan,nan,501.60
29-Jan-24 2:47:16 PM AEST,nan,nan,nan,nan,nan,nan,nan,nan,13.00,nan,nan,nan
29-Jan-24 2:47:24 PM AEST,nan,nan,nan,nan,nan,nan,162.90,nan,nan,nan,nan,nan
29-Jan-24 2:47:25 PM AEST,nan,nan,27.5,nan,nan,nan,nan,nan,nan,nan,nan,nan
29-Jan-24 2:47:32 PM AEST,nan,nan,nan,nan,nan,nan,nan,0.60,nan,nan,nan,nan
29-Jan-24 2:47:40 PM AEST,nan,nan,nan,nan,nan,nan,nan,nan,nan,nan,162.80,nan
29-Jan-24 2:47:44 PM AEST,nan,nan,nan,nan,nan,nan,nan,nan,nan,5.60,nan,nan
29-Jan-24 2:48:04 PM AEST,nan,70.7,nan,nan,nan,nan,nan,nan,nan,nan,nan,96.70
29-Jan-24 2:48:20 PM AEST,nan,nan,nan,nan,nan,nan,nan,nan,15.40,nan,nan,nan
29-Jan-24 2:48:28 PM AEST,nan,nan,nan,nan,nan,nan,128.70,nan,nan,nan,nan,nan
29-Jan-24 2:48:30 PM AEST,nan,nan,27.6,nan,nan,nan,nan,nan,nan,nan,nan,nan
29-Jan-24 2:48:36 PM AEST,nan,nan,nan,nan,nan,nan,nan,1.08,nan,nan,nan,nan
29-Jan-24 2:48:44 PM AEST,nan,nan,nan,nan,nan,nan,nan,nan,nan,nan,127.50,nan
29-Jan-24 2:48:48 PM AEST,nan,nan,nan,nan,nan,nan,nan,nan,nan,10.30,nan,nan
29-Jan-24 2:49:00 PM AEST,33.4,nan,nan,nan,nan,nan,nan,nan,nan,nan,nan,nan
29-Jan-24 2:49:00 PM AEST,33.1,nan,nan,nan,nan,nan,nan,nan,nan,nan,nan,nan
29-Jan-24 2:49:08 PM AEST,nan,70.0,nan,nan,nan,nan,nan,nan,nan,nan,nan,120.00
29-Jan-24 2:49:08 PM AEST,nan,70.0,nan,nan,nan,nan,nan,nan,nan,nan,nan,135.00
29-Jan-24 2:49:24 PM AEST,nan,nan,nan,nan,nan,nan,nan,nan,10.60,nan,nan,nan
29-Jan-24 2:49:32 PM AEST,nan,nan,nan,nan,nan,nan,127.90,nan,nan,nan,nan,nan
29-Jan-24 2:49:35 PM AEST,nan,nan,27.1,nan,nan,nan,nan,nan,nan,nan,nan,nan
29-Jan-24 2:49:40 PM AEST,nan,nan,nan,nan,nan,nan,nan,0.59,nan,nan,nan,nan
29-Jan-24 2:49:48 PM AEST,nan,nan,nan,nan,nan,nan,nan,nan,nan,nan,126.30,nan
29-Jan-24 2:49:48 PM AEST,nan,nan,nan,nan,nan,nan,nan,nan,nan,nan,134.00,nan
29-Jan-24 2:49:52 PM AEST,nan,nan,nan,nan,nan,nan,nan,nan,nan,5.70,nan,nan
29-Jan-24 2:49:52 PM AEST,nan,nan,nan,nan,nan,nan,nan,nan,nan,6.10,nan,nan
29-Jan-24 2:50:12 PM AEST,nan,70.5,nan,nan,nan,nan,nan,nan,nan,nan,nan,130.80
29-Jan-24 2:50:36 PM AEST,nan,nan,nan,nan,nan,nan,131.20,nan,nan,nan,nan,nan
29-Jan-24 2:50:40 PM AEST,nan,nan,26.9,nan,nan,nan,nan,nan,nan,nan,nan,nan
29-Jan-24 2:50:44 PM AEST,nan,nan,nan,nan,nan,nan,nan,0.64,nan,nan,nan,nan
29-Jan-24 2:50:56 PM AEST,nan,nan,nan,nan,nan,nan,nan,nan,nan,5.60,nan,nan
29-Jan-24 2:51:00 PM AEST,32.9,nan,nan,nan,nan,nan,nan,nan,9.50,nan,128.00,nan
29-Jan-24 2:51:16 PM AEST,nan,70.7,nan,nan,nan,nan,nan,nan,nan,nan,nan,156.60
29-Jan-24 2:51:40 PM AEST,nan,nan,nan,nan,nan,nan,130.70,nan,nan,nan,nan,nan
29-Jan-24 2:51:45 PM AEST,nan,nan,27.0,nan,nan,nan,nan,nan,nan,nan,nan,nan
29-Jan-24 2:51:48 PM AEST,nan,nan,nan,nan,nan,nan,nan,0.61,nan,nan,nan,nan
29-Jan-24 2:51:48 PM AEST,nan,nan,nan,nan,nan,nan,nan,0.52,nan,nan,nan,nan
29-Jan-24 2:52:00 PM AEST,nan,nan,nan,nan,nan,nan,nan,nan,nan,5.20,nan,nan
29-Jan-24 2:52:04 PM AEST,nan,nan,nan,nan,nan,nan,nan,nan,7.10,nan,207.50,nan
29-Jan-24 2:52:05 PM AEST,33.0,nan,nan,nan,nan,nan,nan,nan,nan,nan,nan,nan
29-Jan-24 2:52:20 PM AEST,nan,71.2,nan,nan,nan,nan,nan,nan,nan,nan,nan,180.00
29-Jan-24 2:52:44 PM AEST,nan,nan,nan,nan,nan,nan,207.60,nan,nan,nan,nan,nan
29-Jan-24 2:52:50 PM AEST,nan,nan,26.9,nan,nan,nan,nan,nan,nan,nan,nan,nan
29-Jan-24 2:52:52 PM AEST,nan,nan,nan,nan,nan,nan,nan,0.43,nan,nan,nan,nan
29-Jan-24 2:53:04 PM AEST,nan,nan,nan,nan,nan,nan,nan,nan,nan,3.90,nan,nan
29-Jan-24 2:53:08 PM AEST,nan,nan,nan,nan,nan,nan,nan,nan,5.90,nan,162.40,nan
29-Jan-24 2:53:24 PM AEST,nan,71.7,nan,nan,nan,nan,nan,nan,nan,nan,nan,194.10
29-Jan-24 2:53:48 PM AEST,nan,nan,nan,nan,nan,nan,167.80,nan,nan,nan,nan,nan
29-Jan-24 2:53:55 PM AEST,nan,nan,27.1,nan,nan,nan,nan,nan,nan,nan,nan,nan
29-Jan-24 2:54:08 PM AEST,nan,nan,nan,nan,nan,nan,nan,nan,nan,5.20,nan,nan
29-Jan-24 2:54:12 PM AEST,nan,nan,nan,nan,nan,nan,nan,nan,10.60,nan,139.00,nan
29-Jan-24 2:54:28 PM AEST,nan,nan,nan,nan,nan,nan,nan,nan,nan,nan,nan,194.20
29-Jan-24 2:54:52 PM AEST,nan,nan,nan,nan,nan,nan,140.40,nan,nan,nan,nan,nan
29-Jan-24 2:55:00 PM AEST,32.9,nan,27.2,nan,nan,nan,nan,0.53,nan,nan,nan,nan
29-Jan-24 2:55:00 PM AEST,32.9,nan,27.2,nan,nan,nan,nan,0.68,nan,nan,nan,nan
29-Jan-24 2:55:12 PM AEST,nan,nan,nan,nan,nan,nan,nan,nan,nan,6.60,nan,nan
29-Jan-24 2:55:16 PM AEST,nan,nan,nan,nan,nan,nan,nan,nan,9.50,nan,149.70,nan
29-Jan-24 2:55:32 PM AEST,nan,nan,nan,nan,nan,nan,nan,nan,nan,nan,nan,168.30
29-Jan-24 2:55:56 PM AEST,nan,nan,nan,nan,nan,nan,152.10,nan,nan,nan,nan,nan
29-Jan-24 2:56:00 PM AEST,nan,71.2,nan,nan,nan,nan,nan,nan,nan,nan,nan,nan
29-Jan-24 2:56:00 PM AEST,nan,71.5,nan,nan,nan,nan,nan,nan,nan,nan,nan,nan
29-Jan-24 2:56:04 PM AEST,nan,nan,nan,nan,nan,nan,nan,0.28,nan,nan,nan,nan
29-Jan-24 2:56:05 PM AEST,32.8,nan,27.1,nan,nan,nan,nan,nan,nan,nan,nan,nan
29-Jan-24 2:56:05 PM AEST,32.9,nan,26.9,nan,nan,nan,nan,nan,nan,nan,nan,nan
29-Jan-24 2:56:16 PM AEST,nan,nan,nan,nan,nan,nan,nan,nan,nan,2.80,nan,nan
29-Jan-24 2:56:20 PM AEST,nan,nan,nan,nan,nan,nan,nan,nan,4.70,nan,178.20,nan
29-Jan-24 2:56:36 PM AEST,nan,nan,nan,nan,nan,nan,nan,nan,nan,nan,nan,158.30
29-Jan-24 2:56:45 PM AEST,nan,nan,nan,nan,nan,0.52,nan,nan,nan,nan,nan,nan
29-Jan-24 2:57:00 PM AEST,nan,nan,nan,nan,nan,nan,178.20,nan,nan,nan,nan,nan
29-Jan-24 2:57:04 PM AEST,nan,72.0,nan,nan,nan,nan,nan,nan,nan,nan,nan,nan
29-Jan-24 2:57:08 PM AEST,nan,nan,nan,nan,nan,nan,nan,0.21,nan,nan,nan,nan
29-Jan-24 2:57:10 PM AEST,33.0,nan,27.0,nan,nan,nan,nan,nan,nan,nan,nan,nan
29-Jan-24 2:57:20 PM AEST,nan,nan,nan,nan,nan,nan,nan,nan,nan,1.90,nan,nan
29-Jan-24 2:57:24 PM AEST,nan,nan,nan,nan,nan,nan,nan,nan,7.10,nan,162.40,nan
29-Jan-24 2:57:40 PM AEST,nan,nan,nan,nan,nan,nan,nan,nan,nan,nan,nan,185.80
29-Jan-24 2:58:04 PM AEST,nan,nan,nan,nan,nan,nan,171.40,nan,nan,nan,nan,nan
29-Jan-24 2:58:04 PM AEST,nan,nan,nan,nan,nan,nan,141.80,nan,nan,nan,nan,nan
29-Jan-24 2:58:08 PM AEST,nan,71.7,nan,nan,nan,nan,nan,nan,nan,nan,nan,nan
29-Jan-24 2:58:12 PM AEST,nan,nan,nan,nan,nan,nan,nan,0.62,nan,nan,nan,nan
29-Jan-24 2:58:15 PM AEST,32.9,nan,27.2,nan,nan,nan,nan,nan,nan,nan,nan,nan
29-Jan-24 2:58:24 PM AEST,nan,nan,nan,nan,nan,nan,nan,nan,nan,5.70,nan,nan
29-Jan-24 2:58:28 PM AEST,nan,nan,nan,nan,nan,nan,nan,nan,9.50,nan,141.80,nan
29-Jan-24 2:58:44 PM AEST,nan,nan,nan,nan,nan,nan,nan,nan,nan,nan,nan,723.20
29-Jan-24 2:59:08 PM AEST,nan,nan,nan,nan,nan,nan,252.70,nan,nan,nan,nan,nan
29-Jan-24 2:59:12 PM AEST,nan,72.2,nan,nan,nan,nan,nan,nan,nan,nan,nan,nan
29-Jan-24 2:59:16 PM AEST,nan,nan,nan,nan,nan,nan,nan,0.65,nan,nan,nan,nan
29-Jan-24 2:59:20 PM AEST,nan,nan,27.1,nan,nan,nan,nan,nan,nan,nan,nan,nan
29-Jan-24 2:59:28 PM AEST,nan,nan,nan,nan,nan,nan,nan,nan,nan,4.60,nan,nan
29-Jan-24 2:59:32 PM AEST,nan,nan,nan,nan,nan,nan,nan,nan,nan,nan,250.80,nan
29-Jan-24 2:59:48 PM AEST,nan,nan,nan,nan,nan,nan,nan,nan,nan,nan,nan,781.70
29-Jan-24 3:00:12 PM AEST,nan,nan,nan,nan,nan,nan,197.40,nan,nan,nan,nan,nan
29-Jan-24 3:00:16 PM AEST,nan,72.3,nan,nan,nan,nan,nan,nan,nan,nan,nan,nan
29-Jan-24 3:00:20 PM AEST,nan,nan,nan,nan,nan,nan,nan,0.90,nan,nan,nan,nan
29-Jan-24 3:00:25 PM AEST,nan,nan,27.2,nan,nan,nan,nan,nan,nan,nan,nan,nan
29-Jan-24 3:00:32 PM AEST,nan,nan,nan,nan,nan,nan,nan,nan,nan,7.80,nan,nan
29-Jan-24 3:00:36 PM AEST,nan,nan,nan,nan,nan,nan,nan,nan,nan,nan,202.60,nan
29-Jan-24 3:00:52 PM AEST,nan,nan,nan,nan,nan,nan,nan,nan,nan,nan,nan,603.30
29-Jan-24 3:01:00 PM AEST,nan,nan,nan,nan,nan,nan,nan,nan,17.80,nan,nan,nan
29-Jan-24 3:01:16 PM AEST,nan,nan,nan,nan,nan,nan,216.40,nan,nan,nan,nan,nan
29-Jan-24 3:01:20 PM AEST,nan,71.8,nan,nan,nan,nan,nan,nan,nan,nan,nan,nan
29-Jan-24 3:01:24 PM AEST,nan,nan,nan,nan,nan,nan,nan,0.99,nan,nan,nan,nan
29-Jan-24 3:01:30 PM AEST,nan,nan,27.3,nan,nan,nan,nan,nan,nan,nan,nan,nan
29-Jan-24 3:01:36 PM AEST,nan,nan,nan,nan,nan,nan,nan,nan,nan,9.60,nan,nan
29-Jan-24 3:01:40 PM AEST,nan,nan,nan,nan,nan,nan,nan,nan,nan,nan,217.50,nan
29-Jan-24 3:01:56 PM AEST,nan,nan,nan,nan,nan,nan,nan,nan,nan,nan,nan,248.30
29-Jan-24 3:02:04 PM AEST,nan,nan,nan,nan,nan,nan,nan,nan,15.40,nan,nan,nan
29-Jan-24 3:02:20 PM AEST,nan,nan,nan,nan,nan,nan,193.80,nan,nan,nan,nan,nan
29-Jan-24 3:02:24 PM AEST,nan,72.2,nan,nan,nan,nan,nan,nan,nan,nan,nan,nan
29-Jan-24 3:02:28 PM AEST,nan,nan,nan,nan,nan,nan,nan,0.86,nan,nan,nan,nan
29-Jan-24 3:02:35 PM AEST,nan,nan,27.1,nan,nan,nan,nan,nan,nan,nan,nan,nan
29-Jan-24 3:02:40 PM AEST,nan,nan,nan,nan,nan,nan,nan,nan,nan,5.70,nan,nan
29-Jan-24 3:02:44 PM AEST,nan,nan,nan,nan,nan,nan,nan,nan,nan,nan,183.60,nan
29-Jan-24 3:03:00 PM AEST,32.8,nan,nan,nan,nan,nan,nan,nan,nan,nan,nan,165.00
29-Jan-24 3:03:00 PM AEST,32.8,nan,nan,nan,nan,nan,nan,nan,nan,nan,nan,184.10
29-Jan-24 3:03:08 PM AEST,nan,nan,nan,nan,nan,nan,nan,nan,16.60,nan,nan,nan
29-Jan-24 3:03:08 PM AEST,nan,nan,nan,nan,nan,nan,nan,nan,17.80,nan,nan,nan
29-Jan-24 3:03:24 PM AEST,nan,nan,nan,nan,nan,nan,206.30,nan,nan,nan,nan,nan
29-Jan-24 3:03:28 PM AEST,nan,71.8,nan,nan,nan,nan,nan,nan,nan,nan,nan,nan
29-Jan-24 3:03:32 PM AEST,nan,nan,nan,nan,nan,nan,nan,1.01,nan,nan,nan,nan
29-Jan-24 3:03:40 PM AEST,nan,nan,27.2,nan,nan,nan,nan,nan,nan,nan,nan,nan
29-Jan-24 3:03:44 PM AEST,nan,nan,nan,nan,nan,nan,nan,nan,nan,9.50,nan,nan
29-Jan-24 3:03:48 PM AEST,nan,nan,nan,nan,nan,nan,nan,nan,nan,nan,209.80,nan
29-Jan-24 3:03:48 PM AEST,nan,nan,nan,nan,nan,nan,nan,nan,nan,nan,226.40,nan
29-Jan-24 3:04:04 PM AEST,nan,nan,nan,nan,nan,nan,nan,nan,nan,nan,nan,525.00
29-Jan-24 3:04:05 PM AEST,32.7,nan,nan,nan,nan,nan,nan,nan,nan,nan,nan,nan
29-Jan-24 3:04:12 PM AEST,nan,nan,nan,nan,nan,nan,nan,nan,15.40,nan,nan,nan
29-Jan-24 3:04:28 PM AEST,nan,nan,nan,nan,nan,nan,229.10,nan,nan,nan,nan,nan
29-Jan-24 3:04:32 PM AEST,nan,72.0,nan,nan,nan,nan,nan,nan,nan,nan,nan,nan
29-Jan-24 3:04:36 PM AEST,nan,nan,nan,nan,nan,nan,nan,1.10,nan,nan,nan,nan
29-Jan-24 3:04:45 PM AEST,nan,nan,27.0,nan,nan,nan,nan,nan,nan,nan,nan,nan
29-Jan-24 3:04:48 PM AEST,nan,nan,nan,nan,nan,nan,nan,nan,nan,10.70,nan,nan
29-Jan-24 3:05:00 PM AEST,nan,nan,nan,nan,nan,nan,nan,nan,nan,nan,188.90,nan
29-Jan-24 3:05:08 PM AEST,nan,nan,nan,nan,nan,nan,nan,nan,nan,nan,nan,456.70
29-Jan-24 3:05:16 PM AEST,nan,nan,nan,nan,nan,nan,nan,nan,11.80,nan,nan,nan
29-Jan-24 3:05:32 PM AEST,nan,nan,nan,nan,nan,nan,183.10,nan,nan,nan,nan,nan
29-Jan-24 3:05:36 PM AEST,nan,72.7,nan,nan,nan,nan,nan,nan,nan,nan,nan,nan
29-Jan-24 3:05:40 PM AEST,nan,nan,nan,nan,nan,nan,nan,0.78,nan,nan,nan,nan
29-Jan-24 3:05:52 PM AEST,nan,nan,nan,nan,nan,nan,nan,nan,nan,6.60,nan,nan
29-Jan-24 3:06:04 PM AEST,nan,nan,nan,nan,nan,nan,nan,nan,nan,nan,160.40,nan
29-Jan-24 3:06:12 PM AEST,nan,nan,nan,nan,nan,nan,nan,nan,nan,nan,nan,388.30
29-Jan-24 3:06:20 PM AEST,nan,nan,nan,nan,nan,nan,nan,nan,15.40,nan,nan,nan
29-Jan-24 3:06:36 PM AEST,nan,nan,nan,nan,nan,nan,157.30,nan,nan,nan,nan,nan
29-Jan-24 3:06:44 PM AEST,nan,nan,nan,nan,nan,nan,nan,0.95,nan,nan,nan,nan
29-Jan-24 3:06:56 PM AEST,nan,nan,nan,nan,nan,nan,nan,nan,nan,7.70,nan,nan
29-Jan-24 3:06:56 PM AEST,nan,nan,nan,nan,nan,nan,nan,nan,nan,5.70,nan,nan
29-Jan-24 3:07:00 PM AEST,32.8,73.0,27.1,nan,nan,nan,nan,nan,nan,nan,nan,nan
29-Jan-24 3:07:08 PM AEST,nan,nan,nan,nan,nan,nan,nan,nan,nan,nan,163.30,nan
29-Jan-24 3:07:16 PM AEST,nan,nan,nan,nan,nan,nan,nan,nan,nan,nan,nan,420.00
29-Jan-24 3:07:24 PM AEST,nan,nan,nan,nan,nan,nan,nan,nan,9.50,nan,nan,nan
29-Jan-24 3:07:40 PM AEST,nan,nan,nan,nan,nan,nan,163.60,nan,nan,nan,nan,nan
29-Jan-24 3:07:48 PM AEST,nan,nan,nan,nan,nan,nan,nan,0.57,nan,nan,nan,nan
29-Jan-24 3:08:00 PM AEST,nan,nan,nan,nan,nan,nan,nan,nan,nan,7.70,nan,nan
29-Jan-24 3:08:04 PM AEST,nan,72.3,nan,nan,nan,nan,nan,nan,nan,nan,nan,nan
29-Jan-24 3:08:05 PM AEST,nan,nan,27.3,nan,nan,nan,nan,nan,nan,nan,nan,nan
29-Jan-24 3:08:12 PM AEST,nan,nan,nan,nan,nan,nan,nan,nan,nan,nan,158.80,nan
29-Jan-24 3:08:20 PM AEST,nan,nan,nan,nan,nan,nan,nan,nan,nan,nan,nan,282.40
29-Jan-24 3:08:28 PM AEST,nan,nan,nan,nan,nan,nan,nan,nan,11.80,nan,nan,nan
29-Jan-24 3:08:44 PM AEST,nan,nan,nan,nan,nan,nan,157.90,nan,nan,nan,nan,nan
29-Jan-24 3:08:52 PM AEST,nan,nan,nan,nan,nan,nan,nan,0.88,nan,nan,nan,nan
29-Jan-24 3:09:04 PM AEST,nan,nan,nan,nan,nan,nan,nan,nan,nan,6.20,nan,nan
29-Jan-24 3:09:08 PM AEST,nan,72.5,nan,nan,nan,nan,nan,nan,nan,nan,nan,nan
29-Jan-24 3:09:10 PM AEST,nan,nan,27.1,nan,nan,nan,nan,nan,nan,nan,nan,nan
29-Jan-24 3:09:16 PM AEST,nan,nan,nan,nan,nan,nan,nan,nan,nan,nan,220.00,nan
29-Jan-24 3:09:24 PM AEST,nan,nan,nan,nan,nan,nan,nan,nan,nan,nan,nan,330.00
29-Jan-24 3:09:32 PM AEST,nan,nan,nan,nan,nan,nan,nan,nan,9.50,nan,nan,nan
29-Jan-24 3:09:48 PM AEST,nan,nan,nan,nan,nan,nan,218.90,nan,nan,nan,nan,nan
29-Jan-24 3:09:56 PM AEST,nan,nan,nan,nan,nan,nan,nan,0.67,nan,nan,nan,nan
29-Jan-24 3:10:08 PM AEST,nan,nan,nan,nan,nan,nan,nan,nan,nan,7.70,nan,nan
29-Jan-24 3:10:12 PM AEST,nan,72.7,nan,nan,nan,nan,nan,nan,nan,nan,nan,nan
29-Jan-24 3:10:15 PM AEST,nan,nan,27.2,nan,nan,nan,nan,nan,nan,nan,nan,nan
29-Jan-24 3:10:20 PM AEST,nan,nan,nan,nan,nan,nan,nan,nan,nan,nan,235.80,nan
29-Jan-24 3:10:28 PM AEST,nan,nan,nan,nan,nan,nan,nan,nan,nan,nan,nan,737.50
29-Jan-24 3:10:36 PM AEST,nan,nan,nan,nan,nan,nan,nan,nan,14.20,nan,nan,nan
29-Jan-24 3:10:52 PM AEST,nan,nan,nan,nan,nan,nan,235.40,nan,nan,nan,nan,nan
29-Jan-24 3:11:00 PM AEST,nan,nan,nan,nan,nan,nan,nan,0.78,nan,nan,nan,nan
29-Jan-24 3:11:12 PM AEST,nan,nan,nan,nan,nan,nan,nan,nan,nan,8.60,nan,nan
29-Jan-24 3:11:16 PM AEST,nan,72.8,nan,nan,nan,nan,nan,nan,nan,nan,nan,nan
29-Jan-24 3:11:20 PM AEST,nan,nan,27.3,nan,nan,nan,nan,nan,nan,nan,nan,nan
29-Jan-24 3:11:24 PM AEST,nan,nan,nan,nan,nan,nan,nan,nan,nan,nan,221.50,nan
29-Jan-24 3:11:32 PM AEST,nan,nan,nan,nan,nan,nan,nan,nan,nan,nan,nan,691.60
29-Jan-24 3:11:40 PM AEST,nan,nan,nan,nan,nan,nan,nan,nan,10.60,nan,nan,nan
29-Jan-24 3:11:56 PM AEST,nan,nan,nan,nan,nan,nan,220.70,nan,nan,nan,nan,nan
29-Jan-24 3:12:04 PM AEST,nan,nan,nan,nan,nan,nan,nan,0.87,nan,nan,nan,nan
29-Jan-24 3:12:04 PM AEST,nan,nan,nan,nan,nan,nan,nan,0.59,nan,nan,nan,nan
29-Jan-24 3:12:16 PM AEST,nan,nan,nan,nan,nan,nan,nan,nan,nan,5.50,nan,nan
29-Jan-24 3:12:20 PM AEST,nan,73.2,nan,nan,nan,nan,nan,nan,nan,nan,nan,nan
29-Jan-24 3:12:28 PM AEST,nan,nan,nan,nan,nan,nan,nan,nan,nan,nan,187.80,nan
29-Jan-24 3:12:36 PM AEST,nan,nan,nan,nan,nan,nan,nan,nan,nan,nan,nan,513.30
29-Jan-24 3:12:44 PM AEST,nan,nan,nan,nan,nan,nan,nan,nan,9.50,nan,nan,nan
29-Jan-24 3:13:00 PM AEST,32.9,nan,nan,nan,nan,nan,184.50,nan,nan,nan,nan,nan
29-Jan-24 3:13:08 PM AEST,nan,nan,nan,nan,nan,nan,nan,0.82,nan,nan,nan,nan
29-Jan-24 3:13:20 PM AEST,nan,nan,nan,nan,nan,nan,nan,nan,nan,7.50,nan,nan
29-Jan-24 3:13:24 PM AEST,nan,73.0,nan,nan,nan,nan,nan,nan,nan,nan,nan,nan
29-Jan-24 3:13:32 PM AEST,nan,nan,nan,nan,nan,nan,nan,nan,nan,nan,103.90,nan
29-Jan-24 3:13:40 PM AEST,nan,nan,nan,nan,nan,nan,nan,nan,nan,nan,nan,220.80
29-Jan-24 3:13:48 PM AEST,nan,nan,nan,nan,nan,nan,nan,nan,10.60,nan,nan,nan
29-Jan-24 3:14:00 PM AEST,nan,nan,27.5,nan,nan,nan,nan,nan,nan,nan,nan,nan
29-Jan-24 3:14:04 PM AEST,nan,nan,nan,nan,nan,nan,105.80,nan,nan,nan,nan,nan
29-Jan-24 3:14:12 PM AEST,nan,nan,nan,nan,nan,nan,nan,0.41,nan,nan,nan,nan
29-Jan-24 3:14:24 PM AEST,nan,nan,nan,nan,nan,nan,nan,nan,nan,4.10,nan,nan
29-Jan-24 3:14:28 PM AEST,nan,72.5,nan,nan,nan,nan,nan,nan,nan,nan,nan,nan
29-Jan-24 3:14:36 PM AEST,nan,nan,nan,nan,nan,nan,nan,nan,nan,nan,142.50,nan
29-Jan-24 3:14:44 PM AEST,nan,nan,nan,nan,nan,nan,nan,nan,nan,nan,nan,155.80
29-Jan-24 3:14:52 PM AEST,nan,nan,nan,nan,nan,nan,nan,nan,8.30,nan,nan,nan
29-Jan-24 3:15:05 PM AEST,nan,nan,27.4,nan,nan,nan,nan,nan,nan,nan,nan,nan
29-Jan-24 3:15:05 PM AEST,nan,nan,27.3,nan,nan,nan,nan,nan,nan,nan,nan,nan
29-Jan-24 3:15:08 PM AEST,nan,nan,nan,nan,nan,nan,142.50,nan,nan,nan,nan,nan
29-Jan-24 3:15:08 PM AEST,nan,nan,nan,nan,nan,nan,155.30,nan,nan,nan,nan,nan
29-Jan-24 3:15:16 PM AEST,nan,nan,nan,nan,nan,nan,nan,0.67,nan,nan,nan,nan
29-Jan-24 3:15:28 PM AEST,nan,nan,nan,nan,nan,nan,nan,nan,nan,6.70,nan,nan
29-Jan-24 3:15:32 PM AEST,nan,72.7,nan,nan,nan,nan,nan,nan,nan,nan,nan,nan
29-Jan-24 3:15:40 PM AEST,nan,nan,nan,nan,nan,nan,nan,nan,nan,nan,156.30,nan
29-Jan-24 3:15:48 PM AEST,nan,nan,nan,nan,nan,nan,nan,nan,nan,nan,nan,153.30
29-Jan-24 3:15:56 PM AEST,nan,nan,nan,nan,nan,nan,nan,nan,9.50,nan,nan,nan
29-Jan-24 3:16:12 PM AEST,nan,nan,nan,nan,nan,nan,167.40,nan,nan,nan,nan,nan
29-Jan-24 3:16:20 PM AEST,nan,nan,nan,nan,nan,nan,nan,0.31,nan,nan,nan,nan
29-Jan-24 3:16:32 PM AEST,nan,nan,nan,nan,nan,nan,nan,nan,nan,3.10,nan,nan
29-Jan-24 3:16:36 PM AEST,nan,73.2,nan,nan,nan,nan,nan,nan,nan,nan,nan,nan
29-Jan-24 3:16:44 PM AEST,nan,nan,nan,nan,nan,nan,nan,nan,nan,nan,166.60,nan
29-Jan-24 3:16:52 PM AEST,nan,nan,nan,nan,nan,nan,nan,nan,nan,nan,nan,159.10
29-Jan-24 3:17:00 PM AEST,33.0,nan,nan,nan,nan,nan,nan,nan,5.90,nan,nan,nan
29-Jan-24 3:17:16 PM AEST,nan,nan,nan,nan,nan,nan,231.50,nan,nan,nan,nan,nan
29-Jan-24 3:17:24 PM AEST,nan,nan,nan,nan,nan,nan,nan,0.27,nan,nan,nan,nan
29-Jan-24 3:17:36 PM AEST,nan,nan,nan,nan,nan,nan,nan,nan,nan,2.20,nan,nan
29-Jan-24 3:17:48 PM AEST,nan,nan,nan,nan,nan,nan,nan,nan,nan,nan,240.90,nan
29-Jan-24 3:17:56 PM AEST,nan,nan,nan,nan,nan,nan,nan,nan,nan,nan,nan,202.50
29-Jan-24 3:17:56 PM AEST,nan,nan,nan,nan,nan,nan,nan,nan,nan,nan,nan,450.80
29-Jan-24 3:18:00 PM AEST,nan,72.8,27.5,nan,nan,nan,nan,nan,nan,nan,nan,nan
29-Jan-24 3:18:00 PM AEST,nan,72.8,27.7,nan,nan,nan,nan,nan,nan,nan,nan,nan
29-Jan-24 3:18:04 PM AEST,nan,nan,nan,nan,nan,nan,nan,nan,4.70,nan,nan,nan
29-Jan-24 3:18:04 PM AEST,nan,nan,nan,nan,nan,nan,nan,nan,9.50,nan,nan,nan
29-Jan-24 3:18:05 PM AEST,33.1,nan,nan,nan,nan,nan,nan,nan,nan,nan,nan,nan
29-Jan-24 3:18:20 PM AEST,nan,nan,nan,nan,nan,nan,222.90,nan,nan,nan,nan,nan
29-Jan-24 3:18:28 PM AEST,nan,nan,nan,nan,nan,nan,nan,0.53,nan,nan,nan,nan
29-Jan-24 3:18:40 PM AEST,nan,nan,nan,nan,nan,nan,nan,nan,nan,5.00,nan,nan
29-Jan-24 3:18:52 PM AEST,nan,nan,nan,nan,nan,nan,nan,nan,nan,nan,215.10,nan
29-Jan-24 3:19:00 PM AEST,nan,nan,nan,nan,nan,nan,nan,nan,nan,nan,nan,807.50
29-Jan-24 3:19:04 PM AEST,nan,73.2,nan,nan,nan,nan,nan,nan,nan,nan,nan,nan
29-Jan-24 3:19:05 PM AEST,nan,nan,27.6,nan,nan,nan,nan,nan,nan,nan,nan,nan
29-Jan-24 3:19:24 PM AEST,nan,nan,nan,nan,nan,nan,244.20,nan,nan,nan,nan,nan
29-Jan-24 3:19:32 PM AEST,nan,nan,nan,nan,nan,nan,nan,0.57,nan,nan,nan,nan
29-Jan-24 3:19:44 PM AEST,nan,nan,nan,nan,nan,nan,nan,nan,nan,4.60,nan,nan
29-Jan-24 3:19:56 PM AEST,nan,nan,nan,nan,nan,nan,nan,nan,nan,nan,234.90,nan
29-Jan-24 3:19:56 PM AEST,nan,nan,nan,nan,nan,nan,nan,nan,nan,nan,119.80,nan
29-Jan-24 3:20:00 PM AEST,nan,nan,nan,nan,nan,nan,nan,nan,13.00,nan,nan,nan
29-Jan-24 3:20:04 PM AEST,nan,nan,nan,nan,nan,nan,nan,nan,nan,nan,nan,713.30
29-Jan-24 3:20:08 PM AEST,nan,73.5,nan,nan,nan,nan,nan,nan,nan,nan,nan,nan
29-Jan-24 3:20:28 PM AEST,nan,nan,nan,nan,nan,nan,118.40,nan,nan,nan,nan,nan
29-Jan-24 3:20:36 PM AEST,nan,nan,nan,nan,nan,nan,nan,0.98,nan,nan,nan,nan
29-Jan-24 3:20:48 PM AEST,nan,nan,nan,nan,nan,nan,nan,nan,nan,7.70,nan,nan
29-Jan-24 3:21:00 PM AEST,nan,nan,27.7,nan,nan,nan,nan,nan,nan,nan,140.00,nan
29-Jan-24 3:21:04 PM AEST,nan,nan,nan,nan,nan,nan,nan,nan,9.50,nan,nan,nan
29-Jan-24 3:21:08 PM AEST,nan,nan,nan,nan,nan,nan,nan,nan,nan,nan,nan,776.60
29-Jan-24 3:21:12 PM AEST,nan,73.3,nan,nan,nan,nan,nan,nan,nan,nan,nan,nan
29-Jan-24 3:21:32 PM AEST,nan,nan,nan,nan,nan,nan,139.70,nan,nan,nan,nan,nan
29-Jan-24 3:21:40 PM AEST,nan,nan,nan,nan,nan,nan,nan,0.51,nan,nan,nan,nan
29-Jan-24 3:21:52 PM AEST,nan,nan,nan,nan,nan,nan,nan,nan,nan,5.00,nan,nan
29-Jan-24 3:21:52 PM AEST,nan,nan,nan,nan,nan,nan,nan,nan,nan,2.90,nan,nan
29-Jan-24 3:22:04 PM AEST,nan,nan,nan,nan,nan,nan,nan,nan,nan,nan,121.40,nan
29-Jan-24 3:22:08 PM AEST,nan,nan,nan,nan,nan,nan,nan,nan,7.10,nan,nan,nan
29-Jan-24 3:22:12 PM AEST,nan,nan,nan,nan,nan,nan,nan,nan,nan,nan,nan,698.30
29-Jan-24 3:22:16 PM AEST,nan,74.5,nan,nan,nan,nan,nan,nan,nan,nan,nan,nan
29-Jan-24 3:22:36 PM AEST,nan,nan,nan,nan,nan,nan,130.60,nan,nan,nan,nan,nan
29-Jan-24 3:22:44 PM AEST,nan,nan,nan,nan,nan,nan,nan,0.30,nan,nan,nan,nan
29-Jan-24 3:22:56 PM AEST,nan,nan,nan,nan,nan,nan,nan,nan,nan,4.40,nan,nan
29-Jan-24 3:23:00 PM AEST,33.4,nan,28.3,nan,nan,nan,nan,nan,nan,nan,nan,nan
29-Jan-24 3:23:00 PM AEST,33.6,nan,28.3,nan,nan,nan,nan,nan,nan,nan,nan,nan
29-Jan-24 3:23:08 PM AEST,nan,nan,nan,nan,nan,nan,nan,nan,nan,nan,150.10,nan
29-Jan-24 3:23:16 PM AEST,nan,nan,nan,nan,nan,nan,nan,nan,nan,nan,nan,752.50
29-Jan-24 3:23:20 PM AEST,nan,73.3,nan,nan,nan,nan,nan,nan,nan,nan,nan,nan
29-Jan-24 3:23:40 PM AEST,nan,nan,nan,nan,nan,nan,149.10,nan,nan,nan,nan,nan
29-Jan-24 3:23:48 PM AEST,nan,nan,nan,nan,nan,nan,nan,0.46,nan,nan,nan,nan
29-Jan-24 3:24:05 PM AEST,33.7,nan,28.1,nan,nan,nan,nan,nan,nan,nan,nan,nan
29-Jan-24 3:24:12 PM AEST,nan,nan,nan,nan,nan,nan,nan,nan,nan,nan,200.50,nan
29-Jan-24 3:24:20 PM AEST,nan,nan,nan,nan,nan,nan,nan,nan,nan,nan,nan,644.10
29-Jan-24 3:24:24 PM AEST,nan,72.8,nan,nan,nan,nan,nan,nan,nan,nan,nan,nan
29-Jan-24 3:24:44 PM AEST,nan,nan,nan,nan,nan,nan,197.90,nan,nan,nan,nan,nan
29-Jan-24 3:24:52 PM AEST,nan,nan,nan,nan,nan,nan,nan,0.52,nan,nan,nan,nan
29-Jan-24 3:25:00 PM AEST,nan,nan,nan,nan,nan,nan,nan,nan,8.30,4.50,nan,nan
29-Jan-24 3:25:00 PM AEST,nan,nan,nan,nan,nan,nan,nan,nan,7.10,4.50,nan,nan
29-Jan-24 3:25:16 PM AEST,nan,nan,nan,nan,nan,nan,nan,nan,nan,nan,161.70,nan
29-Jan-24 3:25:24 PM AEST,nan,nan,nan,nan,nan,nan,nan,nan,nan,nan,nan,186.70
29-Jan-24 3:25:28 PM AEST,nan,72.0,nan,nan,nan,nan,nan,nan,nan,nan,nan,nan
29-Jan-24 3:25:48 PM AEST,nan,nan,nan,nan,nan,nan,158.90,nan,nan,nan,nan,nan
29-Jan-24 3:25:56 PM AEST,nan,nan,nan,nan,nan,nan,nan,0.50,nan,nan,nan,nan
29-Jan-24 3:26:04 PM AEST,nan,nan,nan,nan,nan,nan,nan,nan,18.90,9.30,nan,nan
29-Jan-24 3:26:20 PM AEST,nan,nan,nan,nan,nan,nan,nan,nan,nan,nan,122.30,nan
29-Jan-24 3:26:28 PM AEST,nan,nan,nan,nan,nan,nan,nan,nan,nan,nan,nan,153.30
29-Jan-24 3:26:32 PM AEST,nan,71.2,nan,nan,nan,nan,nan,nan,nan,nan,nan,nan
29-Jan-24 3:26:52 PM AEST,nan,nan,nan,nan,nan,nan,126.40,nan,nan,nan,nan,nan
29-Jan-24 3:27:00 PM AEST,33.6,nan,28.0,nan,nan,nan,nan,0.96,nan,nan,nan,nan
29-Jan-24 3:27:08 PM AEST,nan,nan,nan,nan,nan,nan,nan,nan,10.60,5.10,nan,nan
29-Jan-24 3:27:24 PM AEST,nan,nan,nan,nan,nan,nan,nan,nan,nan,nan,183.00,nan
29-Jan-24 3:27:32 PM AEST,nan,nan,nan,nan,nan,nan,nan,nan,nan,nan,nan,214.20
29-Jan-24 3:27:36 PM AEST,nan,70.7,nan,nan,nan,nan,nan,nan,nan,nan,nan,nan
29-Jan-24 3:27:56 PM AEST,nan,nan,nan,nan,nan,nan,178.10,nan,nan,nan,nan,nan
29-Jan-24 3:28:04 PM AEST,nan,nan,nan,nan,nan,nan,nan,0.55,nan,nan,nan,nan
29-Jan-24 3:28:04 PM AEST,nan,nan,nan,nan,nan,nan,nan,0.60,nan,nan,nan,nan
29-Jan-24 3:28:05 PM AEST,33.3,nan,27.6,nan,nan,nan,nan,nan,nan,nan,nan,nan
29-Jan-24 3:28:05 PM AEST,33.3,nan,27.2,nan,nan,nan,nan,nan,nan,nan,nan,nan
29-Jan-24 3:28:12 PM AEST,nan,nan,nan,nan,nan,nan,nan,nan,8.30,5.90,nan,nan
29-Jan-24 3:28:28 PM AEST,nan,nan,nan,nan,nan,nan,nan,nan,nan,nan,175.20,nan
29-Jan-24 3:28:36 PM AEST,nan,nan,nan,nan,nan,nan,nan,nan,nan,nan,nan,658.30
29-Jan-24 3:28:40 PM AEST,nan,71.2,nan,nan,nan,nan,nan,nan,nan,nan,nan,nan
29-Jan-24 3:29:00 PM AEST,nan,nan,nan,nan,nan,nan,174.20,nan,nan,nan,nan,nan
29-Jan-24 3:29:08 PM AEST,nan,nan,nan,nan,nan,nan,nan,0.62,nan,nan,nan,nan
29-Jan-24 3:29:10 PM AEST,nan,nan,27.4,nan,nan,nan,nan,nan,nan,nan,nan,nan
29-Jan-24 3:29:16 PM AEST,nan,nan,nan,nan,nan,nan,nan,nan,11.80,4.20,nan,nan
29-Jan-24 3:29:32 PM AEST,nan,nan,nan,nan,nan,nan,nan,nan,nan,nan,232.60,nan
29-Jan-24 3:29:40 PM AEST,nan,nan,nan,nan,nan,nan,nan,nan,nan,nan,nan,625.80
29-Jan-24 3:29:44 PM AEST,nan,71.3,nan,nan,nan,nan,nan,nan,nan,nan,nan,nan
29-Jan-24 3:30:04 PM AEST,nan,nan,nan,nan,nan,nan,233.30,nan,nan,nan,nan,nan
29-Jan-24 3:30:04 PM AEST,nan,nan,nan,nan,nan,nan,161.20,nan,nan,nan,nan,nan
29-Jan-24 3:30:12 PM AEST,nan,nan,nan,nan,nan,nan,nan,0.85,nan,nan,nan,nan
29-Jan-24 3:30:20 PM AEST,nan,nan,nan,nan,nan,nan,nan,nan,10.60,8.20,nan,nan
29-Jan-24 3:30:36 PM AEST,nan,nan,nan,nan,nan,nan,nan,nan,nan,nan,162.80,nan
29-Jan-24 3:30:44 PM AEST,nan,nan,nan,nan,nan,nan,nan,nan,nan,nan,nan,755.00
29-Jan-24 3:30:48 PM AEST,nan,71.5,nan,nan,nan,nan,nan,nan,nan,nan,nan,nan
29-Jan-24 3:31:08 PM AEST,nan,nan,nan,nan,nan,nan,162.60,nan,nan,nan,nan,nan
29-Jan-24 3:31:16 PM AEST,nan,nan,nan,nan,nan,nan,nan,0.73,nan,nan,nan,nan
29-Jan-24 3:31:24 PM AEST,nan,nan,nan,nan,nan,nan,nan,nan,nan,6.40,nan,nan
29-Jan-24 3:31:40 PM AEST,nan,nan,nan,nan,nan,nan,nan,nan,nan,nan,159.70,nan
29-Jan-24 3:31:48 PM AEST,nan,nan,nan,nan,nan,nan,nan,nan,nan,nan,nan,762.40
29-Jan-24 3:31:52 PM AEST,nan,71.3,nan,nan,nan,nan,nan,nan,nan,nan,nan,nan
29-Jan-24 3:32:00 PM AEST,33.1,nan,27.2,nan,nan,nan,nan,nan,13.00,nan,nan,nan
29-Jan-24 3:32:00 PM AEST,33.3,nan,27.2,nan,nan,nan,nan,nan,13.00,nan,nan,nan
29-Jan-24 3:32:12 PM AEST,nan,nan,nan,nan,nan,nan,200.40,nan,nan,nan,nan,nan
29-Jan-24 3:32:20 PM AEST,nan,nan,nan,nan,nan,nan,nan,0.83,nan,nan,nan,nan
29-Jan-24 3:32:28 PM AEST,nan,nan,nan,nan,nan,nan,nan,nan,nan,7.40,nan,nan
29-Jan-24 3:32:44 PM AEST,nan,nan,nan,nan,nan,nan,nan,nan,nan,nan,194.80,nan
29-Jan-24 3:32:52 PM AEST,nan,nan,nan,nan,nan,nan,nan,nan,nan,nan,nan,700.80
29-Jan-24 3:32:52 PM AEST,nan,nan,nan,nan,nan,nan,nan,nan,nan,nan,nan,511.70
29-Jan-24 3:32:56 PM AEST,nan,71.0,nan,nan,nan,nan,nan,nan,nan,nan,nan,nan
29-Jan-24 3:33:05 PM AEST,33.2,nan,27.4,nan,nan,nan,nan,nan,nan,nan,nan,nan
29-Jan-24 3:33:16 PM AEST,nan,nan,nan,nan,nan,nan,174.20,nan,nan,nan,nan,nan
29-Jan-24 3:33:24 PM AEST,nan,nan,nan,nan,nan,nan,nan,0.96,nan,nan,nan,nan
29-Jan-24 3:33:32 PM AEST,nan,nan,nan,nan,nan,nan,nan,nan,nan,9.20,nan,nan
29-Jan-24 3:33:48 PM AEST,nan,nan,nan,nan,nan,nan,nan,nan,nan,nan,174.50,nan
29-Jan-24 3:33:56 PM AEST,nan,nan,nan,nan,nan,nan,nan,nan,nan,nan,nan,468.30
29-Jan-24 3:34:00 PM AEST,nan,71.2,nan,nan,nan,nan,nan,nan,10.60,nan,nan,nan
29-Jan-24 3:34:10 PM AEST,nan,nan,27.2,nan,nan,nan,nan,nan,nan,nan,nan,nan
29-Jan-24 3:34:20 PM AEST,nan,nan,nan,nan,nan,nan,193.00,nan,nan,nan,nan,nan
29-Jan-24 3:34:28 PM AEST,nan,nan,nan,nan,nan,nan,nan,0.56,nan,nan,nan,nan
29-Jan-24 3:34:36 PM AEST,nan,nan,nan,nan,nan,nan,nan,nan,nan,5.40,nan,nan
29-Jan-24 3:34:52 PM AEST,nan,nan,nan,nan,nan,nan,nan,nan,nan,nan,194.90,nan
29-Jan-24 3:35:00 PM AEST,33.3,nan,nan,nan,nan,nan,nan,nan,nan,nan,nan,690.80
29-Jan-24 3:35:04 PM AEST,nan,71.8,nan,nan,nan,nan,nan,nan,9.50,nan,nan,nan
29-Jan-24 3:35:15 PM AEST,nan,nan,27.3,nan,nan,nan,nan,nan,nan,nan,nan,nan
29-Jan-24 3:35:24 PM AEST,nan,nan,nan,nan,nan,nan,184.30,nan,nan,nan,nan,nan
29-Jan-24 3:35:32 PM AEST,nan,nan,nan,nan,nan,nan,nan,0.66,nan,nan,nan,nan
29-Jan-24 3:35:40 PM AEST,nan,nan,nan,nan,nan,nan,nan,nan,nan,6.40,nan,nan
29-Jan-24 3:35:56 PM AEST,nan,nan,nan,nan,nan,nan,nan,nan,nan,nan,183.10,nan
29-Jan-24 3:35:56 PM AEST,nan,nan,nan,nan,nan,nan,nan,nan,nan,nan,188.70,nan
29-Jan-24 3:36:04 PM AEST,nan,nan,nan,nan,nan,nan,nan,nan,nan,nan,nan,470.80
29-Jan-24 3:36:08 PM AEST,nan,71.7,nan,nan,nan,nan,nan,nan,11.80,nan,nan,nan
29-Jan-24 3:36:20 PM AEST,nan,nan,27.5,nan,nan,nan,nan,nan,nan,nan,nan,nan
29-Jan-24 3:36:28 PM AEST,nan,nan,nan,nan,nan,nan,184.80,nan,nan,nan,nan,nan
29-Jan-24 3:36:36 PM AEST,nan,nan,nan,nan,nan,nan,nan,0.79,nan,nan,nan,nan
29-Jan-24 3:36:44 PM AEST,nan,nan,nan,nan,nan,nan,nan,nan,nan,7.30,nan,nan
29-Jan-24 3:37:00 PM AEST,nan,nan,nan,nan,nan,nan,nan,nan,nan,nan,185.30,nan
29-Jan-24 3:37:08 PM AEST,nan,nan,nan,nan,nan,nan,nan,nan,nan,nan,nan,295.80
29-Jan-24 3:37:12 PM AEST,nan,nan,nan,nan,nan,nan,nan,nan,10.60,nan,nan,nan
29-Jan-24 3:37:32 PM AEST,nan,nan,nan,nan,nan,nan,182.40,nan,nan,nan,nan,nan
29-Jan-24 3:37:40 PM AEST,nan,nan,nan,nan,nan,nan,nan,0.76,nan,nan,nan,nan
29-Jan-24 3:37:48 PM AEST,nan,nan,nan,nan,nan,nan,nan,nan,nan,6.80,nan,nan
29-Jan-24 3:38:04 PM AEST,nan,nan,nan,nan,nan,nan,nan,nan,nan,nan,169.80,nan
29-Jan-24 3:38:12 PM AEST,nan,nan,nan,nan,nan,nan,nan,nan,nan,nan,nan,549.20
29-Jan-24 3:38:16 PM AEST,nan,nan,nan,nan,nan,nan,nan,nan,17.80,nan,nan,nan
29-Jan-24 3:38:36 PM AEST,nan,nan,nan,nan,nan,nan,166.80,nan,nan,nan,nan,nan
29-Jan-24 3:38:44 PM AEST,nan,nan,nan,nan,nan,nan,nan,0.94,nan,nan,nan,nan
29-Jan-24 3:38:52 PM AEST,nan,nan,nan,nan,nan,nan,nan,nan,nan,8.80,nan,nan
29-Jan-24 3:39:00 PM AEST,33.2,71.5,27.4,nan,nan,nan,nan,nan,nan,nan,nan,nan
29-Jan-24 3:39:00 PM AEST,33.1,71.5,27.4,nan,nan,nan,nan,nan,nan,nan,nan,nan
29-Jan-24 3:39:08 PM AEST,nan,nan,nan,nan,nan,nan,nan,nan,nan,nan,180.40,nan
29-Jan-24 3:39:16 PM AEST,nan,nan,nan,nan,nan,nan,nan,nan,nan,nan,nan,774.10
29-Jan-24 3:39:20 PM AEST,nan,nan,nan,nan,nan,nan,nan,nan,13.00,nan,nan,nan
29-Jan-24 3:39:40 PM AEST,nan,nan,nan,nan,nan,nan,181.10,nan,nan,nan,nan,nan
29-Jan-24 3:39:48 PM AEST,nan,nan,nan,nan,nan,nan,nan,0.82,nan,nan,nan,nan
29-Jan-24 3:39:56 PM AEST,nan,nan,nan,nan,nan,nan,nan,nan,nan,7.90,nan,nan
29-Jan-24 3:40:04 PM AEST,nan,72.0,nan,nan,nan,nan,nan,nan,nan,nan,nan,nan
29-Jan-24 3:40:05 PM AEST,33.2,nan,27.3,nan,nan,nan,nan,nan,nan,nan,nan,nan
29-Jan-24 3:40:12 PM AEST,nan,nan,nan,nan,nan,nan,nan,nan,nan,nan,156.90,nan
29-Jan-24 3:40:20 PM AEST,nan,nan,nan,nan,nan,nan,nan,nan,nan,nan,nan,480.80
29-Jan-24 3:40:24 PM AEST,nan,nan,nan,nan,nan,nan,nan,nan,8.30,nan,nan,nan
29-Jan-24 3:40:44 PM AEST,nan,nan,nan,nan,nan,nan,157.50,nan,nan,nan,nan,nan
29-Jan-24 3:40:52 PM AEST,nan,nan,nan,nan,nan,nan,nan,0.57,nan,nan,nan,nan
29-Jan-24 3:41:00 PM AEST,nan,nan,nan,nan,nan,nan,nan,nan,nan,5.50,nan,nan
29-Jan-24 3:41:00 PM AEST,nan,nan,nan,nan,nan,nan,nan,nan,nan,6.40,nan,nan
29-Jan-24 3:41:08 PM AEST,nan,71.7,nan,nan,nan,nan,nan,nan,nan,nan,nan,nan
29-Jan-24 3:41:10 PM AEST,33.3,nan,27.5,nan,nan,nan,nan,nan,nan,nan,nan,nan
29-Jan-24 3:41:16 PM AEST,nan,nan,nan,nan,nan,nan,nan,nan,nan,nan,186.20,nan
29-Jan-24 3:41:24 PM AEST,nan,nan,nan,nan,nan,nan,nan,nan,nan,nan,nan,182.50
29-Jan-24 3:41:28 PM AEST,nan,nan,nan,nan,nan,nan,nan,nan,10.60,nan,nan,nan
29-Jan-24 3:41:48 PM AEST,nan,nan,nan,nan,nan,nan,182.60,nan,nan,nan,nan,nan
29-Jan-24 3:41:56 PM AEST,nan,nan,nan,nan,nan,nan,nan,0.73,nan,nan,nan,nan
29-Jan-24 3:42:04 PM AEST,nan,nan,nan,nan,nan,nan,nan,nan,nan,6.70,nan,nan
29-Jan-24 3:42:15 PM AEST,33.1,nan,27.4,nan,nan,nan,nan,nan,nan,nan,nan,nan
29-Jan-24 3:42:20 PM AEST,nan,nan,nan,nan,nan,nan,nan,nan,nan,nan,174.10,nan
29-Jan-24 3:42:28 PM AEST,nan,nan,nan,nan,nan,nan,nan,nan,nan,nan,nan,160.80
29-Jan-24 3:42:32 PM AEST,nan,nan,nan,nan,nan,nan,nan,nan,11.80,nan,nan,nan
29-Jan-24 3:42:52 PM AEST,nan,nan,nan,nan,nan,nan,175.20,nan,nan,nan,nan,nan
29-Jan-24 3:43:00 PM AEST,nan,nan,nan,nan,nan,nan,nan,0.69,nan,nan,nan,nan
29-Jan-24 3:43:08 PM AEST,nan,nan,nan,nan,nan,nan,nan,nan,nan,3.70,nan,nan
29-Jan-24 3:43:20 PM AEST,33.2,nan,27.3,nan,nan,nan,nan,nan,nan,nan,nan,nan
29-Jan-24 3:43:24 PM AEST,nan,nan,nan,nan,nan,nan,nan,nan,nan,nan,162.80,nan
29-Jan-24 3:43:32 PM AEST,nan,nan,nan,nan,nan,nan,nan,nan,nan,nan,nan,145.00
29-Jan-24 3:43:36 PM AEST,nan,nan,nan,nan,nan,nan,nan,nan,8.30,nan,nan,nan
29-Jan-24 3:43:56 PM AEST,nan,nan,nan,nan,nan,nan,162.60,nan,nan,nan,nan,nan
29-Jan-24 3:44:04 PM AEST,nan,nan,nan,nan,nan,nan,nan,0.60,nan,nan,nan,nan
29-Jan-24 3:44:04 PM AEST,nan,nan,nan,nan,nan,nan,nan,1.12,nan,nan,nan,nan
29-Jan-24 3:44:12 PM AEST,nan,nan,nan,nan,nan,nan,nan,nan,nan,10.00,nan,nan
29-Jan-24 3:44:25 PM AEST,33.0,nan,27.4,nan,nan,nan,nan,nan,nan,nan,nan,nan
29-Jan-24 3:44:28 PM AEST,nan,nan,nan,nan,nan,nan,nan,nan,nan,nan,211.40,nan
29-Jan-24 3:44:36 PM AEST,nan,nan,nan,nan,nan,nan,nan,nan,nan,nan,nan,132.50
29-Jan-24 3:44:40 PM AEST,nan,nan,nan,nan,nan,nan,nan,nan,17.80,nan,nan,nan
29-Jan-24 3:45:00 PM AEST,nan,nan,nan,nan,nan,nan,206.30,nan,nan,nan,nan,nan
29-Jan-24 3:45:16 PM AEST,nan,nan,nan,nan,nan,nan,nan,nan,nan,7.10,nan,nan
29-Jan-24 3:45:30 PM AEST,32.9,nan,27.2,nan,nan,nan,nan,nan,nan,nan,nan,nan
29-Jan-24 3:45:32 PM AEST,nan,nan,nan,nan,nan,nan,nan,nan,nan,nan,186.50,nan
29-Jan-24 3:45:40 PM AEST,nan,nan,nan,nan,nan,nan,nan,nan,nan,nan,nan,120.00
29-Jan-24 3:45:44 PM AEST,nan,nan,nan,nan,nan,nan,nan,nan,10.60,nan,nan,nan
29-Jan-24 3:46:00 PM AEST,nan,72.2,nan,nan,nan,nan,nan,0.79,nan,nan,nan,nan
29-Jan-24 3:46:04 PM AEST,nan,nan,nan,nan,nan,nan,183.10,nan,nan,nan,nan,nan
29-Jan-24 3:46:20 PM AEST,nan,nan,nan,nan,nan,nan,nan,nan,nan,7.40,nan,nan
29-Jan-24 3:46:36 PM AEST,nan,nan,nan,nan,nan,nan,nan,nan,nan,nan,210.60,nan
29-Jan-24 3:46:44 PM AEST,nan,nan,nan,nan,nan,nan,nan,nan,nan,nan,nan,109.10
29-Jan-24 3:46:48 PM AEST,nan,nan,nan,nan,nan,nan,nan,nan,11.80,nan,nan,nan
29-Jan-24 3:46:48 PM AEST,nan,nan,nan,nan,nan,nan,nan,nan,9.50,nan,nan,nan
29-Jan-24 3:47:00 PM AEST,32.8,nan,27.3,nan,nan,nan,nan,nan,nan,nan,nan,nan
29-Jan-24 3:47:04 PM AEST,nan,72.5,nan,nan,nan,nan,nan,0.84,nan,nan,nan,nan
29-Jan-24 3:47:04 PM AEST,nan,72.2,nan,nan,nan,nan,nan,0.69,nan,nan,nan,nan
29-Jan-24 3:47:08 PM AEST,nan,nan,nan,nan,nan,nan,206.20,nan,nan,nan,nan,nan
29-Jan-24 3:47:08 PM AEST,nan,nan,nan,nan,nan,nan,186.90,nan,nan,nan,nan,nan
29-Jan-24 3:47:24 PM AEST,nan,nan,nan,nan,nan,nan,nan,nan,nan,6.00,nan,nan
29-Jan-24 3:47:40 PM AEST,nan,nan,nan,nan,nan,nan,nan,nan,nan,nan,187.40,nan
29-Jan-24 3:47:48 PM AEST,nan,nan,nan,nan,nan,nan,nan,nan,nan,nan,nan,99.20
29-Jan-24 3:48:00 PM AEST,nan,nan,nan,nan,nan,nan,nan,nan,11.80,nan,nan,nan
29-Jan-24 3:48:05 PM AEST,nan,nan,27.1,nan,nan,nan,nan,nan,nan,nan,nan,nan
29-Jan-24 3:48:08 PM AEST,nan,72.8,nan,nan,nan,nan,nan,0.67,nan,nan,nan,nan
29-Jan-24 3:48:12 PM AEST,nan,nan,nan,nan,nan,nan,165.20,nan,nan,nan,nan,nan
29-Jan-24 3:48:28 PM AEST,nan,nan,nan,nan,nan,nan,nan,nan,nan,6.20,nan,nan
29-Jan-24 3:48:44 PM AEST,nan,nan,nan,nan,nan,nan,nan,nan,nan,nan,170.90,nan
29-Jan-24 3:48:52 PM AEST,nan,nan,nan,nan,nan,nan,nan,nan,nan,nan,nan,87.50
29-Jan-24 3:48:52 PM AEST,nan,nan,nan,nan,nan,nan,nan,nan,nan,nan,nan,78.30
29-Jan-24 3:49:04 PM AEST,nan,nan,nan,nan,nan,nan,nan,nan,8.30,nan,nan,nan
29-Jan-24 3:49:10 PM AEST,nan,nan,27.2,nan,nan,nan,nan,nan,nan,nan,nan,nan
29-Jan-24 3:49:12 PM AEST,nan,72.3,nan,nan,nan,nan,nan,0.58,nan,nan,nan,nan
29-Jan-24 3:49:16 PM AEST,nan,nan,nan,nan,nan,nan,213.70,nan,nan,nan,nan,nan
29-Jan-24 3:49:32 PM AEST,nan,nan,nan,nan,nan,nan,nan,nan,nan,5.20,nan,nan
29-Jan-24 3:49:48 PM AEST,nan,nan,nan,nan,nan,nan,nan,nan,nan,nan,215.30,nan
29-Jan-24 3:49:56 PM AEST,nan,nan,nan,nan,nan,nan,nan,nan,nan,nan,nan,75.80
29-Jan-24 3:50:00 PM AEST,32.7,nan,nan,nan,nan,nan,nan,nan,nan,nan,nan,nan
29-Jan-24 3:50:00 PM AEST,32.6,nan,nan,nan,nan,nan,nan,nan,nan,nan,nan,nan
29-Jan-24 3:50:15 PM AEST,nan,nan,27.1,nan,nan,nan,nan,nan,nan,nan,nan,nan
29-Jan-24 3:50:16 PM AEST,nan,72.7,nan,nan,nan,nan,nan,0.56,nan,nan,nan,nan
29-Jan-24 3:50:20 PM AEST,nan,nan,nan,nan,nan,nan,138.30,nan,nan,nan,nan,nan
29-Jan-24 3:50:36 PM AEST,nan,nan,nan,nan,nan,nan,nan,nan,nan,5.50,nan,nan
29-Jan-24 3:50:52 PM AEST,nan,nan,nan,nan,nan,nan,nan,nan,nan,nan,136.90,nan
29-Jan-24 3:51:00 PM AEST,nan,nan,nan,nan,nan,nan,nan,nan,nan,nan,nan,77.50
29-Jan-24 3:51:05 PM AEST,32.5,nan,nan,nan,nan,nan,nan,nan,nan,nan,nan,nan
29-Jan-24 3:51:20 PM AEST,nan,73.0,27.0,nan,nan,nan,nan,0.35,nan,nan,nan,nan
29-Jan-24 3:51:24 PM AEST,nan,nan,nan,nan,nan,nan,141.10,nan,nan,nan,nan,nan
29-Jan-24 3:51:40 PM AEST,nan,nan,nan,nan,nan,nan,nan,nan,nan,3.50,nan,nan
29-Jan-24 3:51:56 PM AEST,nan,nan,nan,nan,nan,nan,nan,nan,nan,nan,141.10,nan
29-Jan-24 3:51:56 PM AEST,nan,nan,nan,nan,nan,nan,nan,nan,nan,nan,124.30,nan
29-Jan-24 3:52:00 PM AEST,nan,nan,nan,nan,nan,nan,nan,nan,4.70,nan,nan,nan
29-Jan-24 3:52:00 PM AEST,nan,nan,nan,nan,nan,nan,nan,nan,16.60,nan,nan,nan
29-Jan-24 3:52:04 PM AEST,nan,nan,nan,nan,nan,nan,nan,nan,nan,nan,nan,78.30
29-Jan-24 3:52:24 PM AEST,nan,73.3,nan,nan,nan,nan,nan,0.68,nan,nan,nan,nan
29-Jan-24 3:52:28 PM AEST,nan,nan,nan,nan,nan,nan,129.90,nan,nan,nan,nan,nan
29-Jan-24 3:52:44 PM AEST,nan,nan,nan,nan,nan,nan,nan,nan,nan,6.50,nan,nan
29-Jan-24 3:53:04 PM AEST,nan,nan,nan,nan,nan,nan,nan,nan,15.40,nan,nan,nan
29-Jan-24 3:53:08 PM AEST,nan,nan,nan,nan,nan,nan,nan,nan,nan,nan,nan,80.80
29-Jan-24 3:53:28 PM AEST,nan,72.8,nan,nan,nan,nan,nan,1.04,nan,nan,nan,nan
29-Jan-24 3:53:32 PM AEST,nan,nan,nan,nan,nan,nan,157.80,nan,nan,nan,nan,nan
29-Jan-24 3:53:48 PM AEST,nan,nan,nan,nan,nan,nan,nan,nan,nan,9.60,nan,nan
29-Jan-24 3:54:00 PM AEST,32.3,nan,27.1,nan,nan,nan,nan,nan,nan,nan,156.40,nan
29-Jan-24 3:54:00 PM AEST,32.2,nan,26.8,nan,nan,nan,nan,nan,nan,nan,178.60,nan
29-Jan-24 3:54:08 PM AEST,nan,nan,nan,nan,nan,nan,nan,nan,11.80,nan,nan,nan
29-Jan-24 3:54:12 PM AEST,nan,nan,nan,nan,nan,nan,nan,nan,nan,nan,nan,82.50
29-Jan-24 3:54:32 PM AEST,nan,nan,nan,nan,nan,nan,nan,0.73,nan,nan,nan,nan
29-Jan-24 3:54:36 PM AEST,nan,nan,nan,nan,nan,nan,176.10,nan,nan,nan,nan,nan
29-Jan-24 3:54:52 PM AEST,nan,nan,nan,nan,nan,nan,nan,nan,nan,6.50,nan,nan
29-Jan-24 3:55:04 PM AEST,nan,nan,nan,nan,nan,nan,nan,nan,nan,nan,188.20,nan
29-Jan-24 3:55:05 PM AEST,32.1,nan,26.7,nan,nan,nan,nan,nan,nan,nan,nan,nan
29-Jan-24 3:55:16 PM AEST,nan,nan,nan,nan,nan,nan,nan,nan,nan,nan,nan,87.50
29-Jan-24 3:55:36 PM AEST,nan,nan,nan,nan,nan,nan,nan,0.88,nan,nan,nan,nan
29-Jan-24 3:55:40 PM AEST,nan,nan,nan,nan,nan,nan,187.70,nan,nan,nan,nan,nan
29-Jan-24 3:55:56 PM AEST,nan,nan,nan,nan,nan,nan,nan,nan,nan,8.40,nan,nan
29-Jan-24 3:56:08 PM AEST,nan,nan,nan,nan,nan,nan,nan,nan,nan,nan,165.30,nan
29-Jan-24 3:56:10 PM AEST,nan,nan,26.6,nan,nan,nan,nan,nan,nan,nan,nan,nan
29-Jan-24 3:56:18 PM AEST,nan,nan,nan,nan,nan,0.32,nan,nan,nan,nan,nan,nan
29-Jan-24 3:56:20 PM AEST,nan,nan,nan,nan,nan,nan,nan,nan,nan,nan,nan,95.00
29-Jan-24 3:56:40 PM AEST,nan,nan,nan,nan,nan,nan,nan,0.75,nan,nan,nan,nan
29-Jan-24 3:56:44 PM AEST,nan,nan,nan,nan,nan,nan,164.60,nan,nan,nan,nan,nan
29-Jan-24 3:57:00 PM AEST,nan,73.2,nan,nan,nan,nan,nan,nan,10.60,7.30,nan,nan
29-Jan-24 3:57:12 PM AEST,nan,nan,nan,nan,nan,nan,nan,nan,nan,nan,150.80,nan
29-Jan-24 3:57:15 PM AEST,nan,nan,26.7,nan,nan,nan,nan,nan,nan,nan,nan,nan
29-Jan-24 3:57:24 PM AEST,nan,nan,nan,nan,nan,nan,nan,nan,nan,nan,nan,100.80
29-Jan-24 3:57:44 PM AEST,nan,nan,nan,nan,nan,nan,nan,0.73,nan,nan,nan,nan
29-Jan-24 3:57:48 PM AEST,nan,nan,nan,nan,nan,nan,154.20,nan,nan,nan,nan,nan
29-Jan-24 3:58:00 PM AEST,32.0,nan,nan,nan,nan,nan,nan,nan,nan,nan,nan,nan
29-Jan-24 3:58:04 PM AEST,nan,73.3,nan,nan,nan,nan,nan,nan,13.00,7.00,nan,nan
29-Jan-24 3:58:16 PM AEST,nan,nan,nan,nan,nan,nan,nan,nan,nan,nan,155.70,nan
29-Jan-24 3:58:28 PM AEST,nan,nan,nan,nan,nan,nan,nan,nan,nan,nan,nan,108.30
29-Jan-24 3:58:48 PM AEST,nan,nan,nan,nan,nan,nan,nan,0.66,nan,nan,nan,nan
29-Jan-24 3:58:52 PM AEST,nan,nan,nan,nan,nan,nan,157.20,nan,nan,nan,nan,nan
29-Jan-24 3:59:08 PM AEST,nan,73.5,nan,nan,nan,nan,nan,nan,11.80,6.60,nan,nan
29-Jan-24 3:59:08 PM AEST,nan,73.5,nan,nan,nan,nan,nan,nan,11.80,8.20,nan,nan
29-Jan-24 3:59:20 PM AEST,nan,nan,nan,nan,nan,nan,nan,nan,nan,nan,149.90,nan
29-Jan-24 3:59:32 PM AEST,nan,nan,nan,nan,nan,nan,nan,nan,nan,nan,nan,114.10
29-Jan-24 3:59:52 PM AEST,nan,nan,nan,nan,nan,nan,nan,0.92,nan,nan,nan,nan
29-Jan-24 3:59:56 PM AEST,nan,nan,nan,nan,nan,nan,151.80,nan,nan,nan,nan,nan
29-Jan-24 4:00:00 PM AEST,31.9,nan,26.6,nan,nan,nan,nan,nan,nan,nan,nan,nan
29-Jan-24 4:00:12 PM AEST,nan,73.3,nan,nan,nan,nan,nan,nan,9.50,5.10,nan,nan
29-Jan-24 4:00:12 PM AEST,nan,73.2,nan,nan,nan,nan,nan,nan,9.50,5.10,nan,nan
29-Jan-24 4:00:24 PM AEST,nan,nan,nan,nan,nan,nan,nan,nan,nan,nan,119.00,nan
29-Jan-24 4:00:36 PM AEST,nan,nan,nan,nan,nan,nan,nan,nan,nan,nan,nan,122.50
29-Jan-24 4:00:56 PM AEST,nan,nan,nan,nan,nan,nan,nan,0.61,nan,nan,nan,nan
29-Jan-24 4:00:56 PM AEST,nan,nan,nan,nan,nan,nan,nan,0.89,nan,nan,nan,nan
29-Jan-24 4:01:00 PM AEST,nan,nan,nan,nan,nan,nan,117.70,nan,nan,nan,nan,nan
29-Jan-24 4:01:00 PM AEST,nan,nan,nan,nan,nan,nan,102.80,nan,nan,nan,nan,nan
29-Jan-24 4:01:05 PM AEST,31.8,nan,26.5,nan,nan,nan,nan,nan,nan,nan,nan,nan
29-Jan-24 4:01:05 PM AEST,31.8,nan,26.4,nan,nan,nan,nan,nan,nan,nan,nan,nan
29-Jan-24 4:01:16 PM AEST,nan,73.7,nan,nan,nan,nan,nan,nan,13.00,8.90,nan,nan
29-Jan-24 4:01:28 PM AEST,nan,nan,nan,nan,nan,nan,nan,nan,nan,nan,102.60,nan
29-Jan-24 4:01:40 PM AEST,nan,nan,nan,nan,nan,nan,nan,nan,nan,nan,nan,132.50
29-Jan-24 4:02:00 PM AEST,nan,nan,nan,nan,nan,nan,nan,0.40,nan,nan,nan,nan
29-Jan-24 4:02:04 PM AEST,nan,nan,nan,nan,nan,nan,106.50,nan,nan,nan,nan,nan
29-Jan-24 4:02:10 PM AEST,31.7,nan,26.5,nan,nan,nan,nan,nan,nan,nan,nan,nan
29-Jan-24 4:02:20 PM AEST,nan,74.0,nan,nan,nan,nan,nan,nan,7.10,4.00,nan,nan
29-Jan-24 4:02:32 PM AEST,nan,nan,nan,nan,nan,nan,nan,nan,nan,nan,106.50,nan
29-Jan-24 4:02:44 PM AEST,nan,nan,nan,nan,nan,nan,nan,nan,nan,nan,nan,143.30
29-Jan-24 4:03:04 PM AEST,nan,nan,nan,nan,nan,nan,nan,0.38,nan,nan,nan,nan
29-Jan-24 4:03:08 PM AEST,nan,nan,nan,nan,nan,nan,129.50,nan,nan,nan,nan,nan
29-Jan-24 4:03:24 PM AEST,nan,74.3,nan,nan,nan,nan,nan,nan,5.90,3.30,nan,nan
29-Jan-24 4:03:36 PM AEST,nan,nan,nan,nan,nan,nan,nan,nan,nan,nan,139.60,nan
29-Jan-24 4:03:48 PM AEST,nan,nan,nan,nan,nan,nan,nan,nan,nan,nan,nan,156.70
29-Jan-24 4:04:00 PM AEST,31.8,nan,26.6,nan,nan,nan,nan,nan,nan,nan,nan,nan
29-Jan-24 4:04:08 PM AEST,nan,nan,nan,nan,nan,nan,nan,0.48,nan,nan,nan,nan
29-Jan-24 4:04:12 PM AEST,nan,nan,nan,nan,nan,nan,146.90,nan,nan,nan,nan,nan
29-Jan-24 4:04:28 PM AEST,nan,74.8,nan,nan,nan,nan,nan,nan,7.10,4.20,nan,nan
29-Jan-24 4:04:40 PM AEST,nan,nan,nan,nan,nan,nan,nan,nan,nan,nan,142.50,nan
29-Jan-24 4:04:52 PM AEST,nan,nan,nan,nan,nan,nan,nan,nan,nan,nan,nan,170.80
29-Jan-24 4:04:52 PM AEST,nan,nan,nan,nan,nan,nan,nan,nan,nan,nan,nan,188.30
29-Jan-24 4:05:05 PM AEST,31.7,nan,26.7,nan,nan,nan,nan,nan,nan,nan,nan,nan
29-Jan-24 4:05:12 PM AEST,nan,nan,nan,nan,nan,nan,nan,0.34,nan,nan,nan,nan
29-Jan-24 4:05:16 PM AEST,nan,nan,nan,nan,nan,nan,104.20,nan,nan,nan,nan,nan
29-Jan-24 4:05:32 PM AEST,nan,74.7,nan,nan,nan,nan,nan,nan,5.90,3.40,nan,nan
29-Jan-24 4:05:44 PM AEST,nan,nan,nan,nan,nan,nan,nan,nan,nan,nan,104.10,nan
29-Jan-24 4:06:10 PM AEST,31.6,nan,26.6,nan,nan,nan,nan,nan,nan,nan,nan,nan
29-Jan-24 4:06:16 PM AEST,nan,nan,nan,nan,nan,nan,nan,0.56,nan,nan,nan,nan
29-Jan-24 4:06:20 PM AEST,nan,nan,nan,nan,nan,nan,106.40,nan,nan,nan,nan,nan
29-Jan-24 4:06:36 PM AEST,nan,75.5,nan,nan,nan,nan,nan,nan,8.30,5.20,nan,nan
29-Jan-24 4:06:48 PM AEST,nan,nan,nan,nan,nan,nan,nan,nan,nan,nan,108.30,nan
29-Jan-24 4:07:00 PM AEST,nan,nan,nan,nan,nan,nan,nan,nan,nan,nan,nan,225.80
29-Jan-24 4:07:15 PM AEST,31.5,nan,26.7,nan,nan,nan,nan,nan,nan,nan,nan,nan
29-Jan-24 4:07:20 PM AEST,nan,nan,nan,nan,nan,nan,nan,0.44,nan,nan,nan,nan
29-Jan-24 4:07:24 PM AEST,nan,nan,nan,nan,nan,nan,122.00,nan,nan,nan,nan,nan
29-Jan-24 4:07:40 PM AEST,nan,75.8,nan,nan,nan,nan,nan,nan,7.10,4.20,nan,nan
29-Jan-24 4:07:52 PM AEST,nan,nan,nan,nan,nan,nan,nan,nan,nan,nan,120.60,nan
29-Jan-24 4:08:04 PM AEST,nan,nan,nan,nan,nan,nan,nan,nan,nan,nan,nan,445.80
29-Jan-24 4:08:04 PM AEST,nan,nan,nan,nan,nan,nan,nan,nan,nan,nan,nan,679.20
29-Jan-24 4:08:24 PM AEST,nan,nan,nan,nan,nan,nan,nan,0.33,nan,nan,nan,nan
29-Jan-24 4:08:28 PM AEST,nan,nan,nan,nan,nan,nan,126.20,nan,nan,nan,nan,nan
29-Jan-24 4:08:44 PM AEST,nan,76.7,nan,nan,nan,nan,nan,nan,10.60,3.10,nan,nan
29-Jan-24 4:08:56 PM AEST,nan,nan,nan,nan,nan,nan,nan,nan,nan,nan,113.90,nan
29-Jan-24 4:09:08 PM AEST,nan,nan,nan,nan,nan,nan,nan,nan,nan,nan,nan,659.90
29-Jan-24 4:09:28 PM AEST,nan,nan,nan,nan,nan,nan,nan,0.62,nan,nan,nan,nan
29-Jan-24 4:09:32 PM AEST,nan,nan,nan,nan,nan,nan,96.80,nan,nan,nan,nan,nan
29-Jan-24 4:09:48 PM AEST,nan,76.5,nan,nan,nan,nan,nan,nan,9.50,5.80,nan,nan
29-Jan-24 4:10:00 PM AEST,31.6,nan,26.9,nan,nan,nan,nan,nan,nan,nan,93.90,nan
29-Jan-24 4:10:00 PM AEST,31.7,nan,26.9,nan,nan,nan,nan,nan,nan,nan,147.80,nan
29-Jan-24 4:10:12 PM AEST,nan,nan,nan,nan,nan,nan,nan,nan,nan,nan,nan,452.50
29-Jan-24 4:10:32 PM AEST,nan,nan,nan,nan,nan,nan,nan,0.43,nan,nan,nan,nan
29-Jan-24 4:10:36 PM AEST,nan,nan,nan,nan,nan,nan,147.70,nan,nan,nan,nan,nan
29-Jan-24 4:10:52 PM AEST,nan,76.3,nan,nan,nan,nan,nan,nan,5.90,4.30,nan,nan
29-Jan-24 4:11:05 PM AEST,31.8,nan,27.0,nan,nan,nan,nan,nan,nan,nan,nan,nan
29-Jan-24 4:11:16 PM AEST,nan,nan,nan,nan,nan,nan,nan,nan,nan,nan,nan,647.40
29-Jan-24 4:11:36 PM AEST,nan,nan,nan,nan,nan,nan,nan,0.28,nan,nan,nan,nan
29-Jan-24 4:11:40 PM AEST,nan,nan,nan,nan,nan,nan,144.50,nan,nan,nan,nan,nan
29-Jan-24 4:11:56 PM AEST,nan,75.8,nan,nan,nan,nan,nan,nan,4.70,2.80,nan,nan
29-Jan-24 4:12:00 PM AEST,nan,nan,nan,nan,nan,nan,nan,nan,nan,nan,143.80,nan
29-Jan-24 4:12:00 PM AEST,nan,nan,nan,nan,nan,nan,nan,nan,nan,nan,155.20,nan
29-Jan-24 4:12:10 PM AEST,32.0,nan,nan,nan,nan,nan,nan,nan,nan,nan,nan,nan
29-Jan-24 4:12:20 PM AEST,nan,nan,nan,nan,nan,nan,nan,nan,nan,nan,nan,639.20
29-Jan-24 4:12:40 PM AEST,nan,nan,nan,nan,nan,nan,nan,0.48,nan,nan,nan,nan
29-Jan-24 4:12:44 PM AEST,nan,nan,nan,nan,nan,nan,155.50,nan,nan,nan,nan,nan
29-Jan-24 4:13:00 PM AEST,nan,nan,nan,nan,nan,nan,nan,nan,7.10,4.60,nan,nan
29-Jan-24 4:13:04 PM AEST,nan,nan,nan,nan,nan,nan,nan,nan,nan,nan,173.50,nan
29-Jan-24 4:13:15 PM AEST,32.1,nan,nan,nan,nan,nan,nan,nan,nan,nan,nan,nan
29-Jan-24 4:13:24 PM AEST,nan,nan,nan,nan,nan,nan,nan,nan,nan,nan,nan,586.70
29-Jan-24 4:13:44 PM AEST,nan,nan,nan,nan,nan,nan,nan,0.43,nan,nan,nan,nan
29-Jan-24 4:13:48 PM AEST,nan,nan,nan,nan,nan,nan,172.10,nan,nan,nan,nan,nan
29-Jan-24 4:14:00 PM AEST,nan,nan,27.2,nan,nan,nan,nan,nan,nan,nan,nan,nan
29-Jan-24 4:14:04 PM AEST,nan,nan,nan,nan,nan,nan,nan,nan,nan,4.30,nan,nan
29-Jan-24 4:14:20 PM AEST,32.3,nan,nan,nan,nan,nan,nan,nan,nan,nan,nan,nan
29-Jan-24 4:14:28 PM AEST,nan,nan,nan,nan,nan,nan,nan,nan,nan,nan,nan,279.10
29-Jan-24 4:14:48 PM AEST,nan,nan,nan,nan,nan,nan,nan,0.40,nan,nan,nan,nan
29-Jan-24 4:14:52 PM AEST,nan,nan,nan,nan,nan,nan,201.30,nan,nan,nan,nan,nan
29-Jan-24 4:15:00 PM AEST,nan,nan,nan,nan,nan,nan,nan,nan,nan,nan,216.50,nan
29-Jan-24 4:15:05 PM AEST,nan,nan,27.3,nan,nan,nan,nan,nan,nan,nan,nan,nan
29-Jan-24 4:15:08 PM AEST,nan,nan,nan,nan,nan,nan,nan,nan,nan,3.80,nan,nan
29-Jan-24 4:15:32 PM AEST,nan,nan,nan,nan,nan,nan,nan,nan,nan,nan,nan,280.00
29-Jan-24 4:15:52 PM AEST,nan,nan,nan,nan,nan,nan,nan,0.44,nan,nan,nan,nan
29-Jan-24 4:15:52 PM AEST,nan,nan,nan,nan,nan,nan,nan,0.46,nan,nan,nan,nan
29-Jan-24 4:15:56 PM AEST,nan,nan,nan,nan,nan,nan,221.90,nan,nan,nan,nan,nan
29-Jan-24 4:15:56 PM AEST,nan,nan,nan,nan,nan,nan,207.60,nan,nan,nan,nan,nan
29-Jan-24 4:16:00 PM AEST,32.4,75.0,nan,nan,nan,nan,nan,nan,5.90,nan,nan,nan
29-Jan-24 4:16:00 PM AEST,32.4,75.7,nan,nan,nan,nan,nan,nan,5.90,nan,nan,nan
29-Jan-24 4:16:04 PM AEST,nan,nan,nan,nan,nan,nan,nan,nan,nan,nan,221.90,nan
29-Jan-24 4:16:04 PM AEST,nan,nan,nan,nan,nan,nan,nan,nan,nan,nan,205.20,nan
29-Jan-24 4:16:10 PM AEST,nan,nan,27.4,nan,nan,nan,nan,nan,nan,nan,nan,nan
29-Jan-24 4:16:10 PM AEST,nan,nan,27.3,nan,nan,nan,nan,nan,nan,nan,nan,nan
29-Jan-24 4:16:12 PM AEST,nan,nan,nan,nan,nan,nan,nan,nan,nan,4.40,nan,nan
29-Jan-24 4:16:12 PM AEST,nan,nan,nan,nan,nan,nan,nan,nan,nan,4.30,nan,nan
29-Jan-24 4:16:36 PM AEST,nan,nan,nan,nan,nan,nan,nan,nan,nan,nan,nan,296.60
29-Jan-24 4:16:56 PM AEST,nan,nan,nan,nan,nan,nan,nan,0.53,nan,nan,nan,nan
29-Jan-24 4:17:00 PM AEST,nan,nan,nan,nan,nan,nan,166.30,nan,nan,nan,nan,nan
29-Jan-24 4:17:04 PM AEST,nan,75.0,nan,nan,nan,nan,nan,nan,8.30,nan,nan,nan
29-Jan-24 4:17:08 PM AEST,nan,nan,nan,nan,nan,nan,nan,nan,nan,nan,170.10,nan
29-Jan-24 4:17:15 PM AEST,nan,nan,27.5,nan,nan,nan,nan,nan,nan,nan,nan,nan
29-Jan-24 4:17:16 PM AEST,nan,nan,nan,nan,nan,nan,nan,nan,nan,4.90,nan,nan
29-Jan-24 4:17:40 PM AEST,nan,nan,nan,nan,nan,nan,nan,nan,nan,nan,nan,400.00
29-Jan-24 4:18:00 PM AEST,nan,nan,nan,nan,nan,nan,nan,0.73,nan,nan,nan,nan
29-Jan-24 4:18:04 PM AEST,nan,nan,nan,nan,nan,nan,219.20,nan,nan,nan,nan,nan
29-Jan-24 4:18:08 PM AEST,nan,73.3,nan,nan,nan,nan,nan,nan,11.80,nan,nan,nan
29-Jan-24 4:18:12 PM AEST,nan,nan,nan,nan,nan,nan,nan,nan,nan,nan,214.90,nan
29-Jan-24 4:18:20 PM AEST,nan,nan,27.4,nan,nan,nan,nan,nan,nan,6.30,nan,nan
29-Jan-24 4:18:44 PM AEST,nan,nan,nan,nan,nan,nan,nan,nan,nan,nan,nan,440.00
29-Jan-24 4:19:04 PM AEST,nan,nan,nan,nan,nan,nan,nan,0.69,nan,nan,nan,nan
29-Jan-24 4:19:08 PM AEST,nan,nan,nan,nan,nan,nan,134.40,nan,nan,nan,nan,nan
29-Jan-24 4:19:12 PM AEST,nan,73.2,nan,nan,nan,nan,nan,nan,10.60,nan,nan,nan
29-Jan-24 4:19:16 PM AEST,nan,nan,nan,nan,nan,nan,nan,nan,nan,nan,133.10,nan
29-Jan-24 4:19:24 PM AEST,nan,nan,nan,nan,nan,nan,nan,nan,nan,6.10,nan,nan
29-Jan-24 4:19:25 PM AEST,nan,nan,27.0,nan,nan,nan,nan,nan,nan,nan,nan,nan
29-Jan-24 4:19:48 PM AEST,nan,nan,nan,nan,nan,nan,nan,nan,nan,nan,nan,339.10
29-Jan-24 4:20:08 PM AEST,nan,nan,nan,nan,nan,nan,nan,1.12,nan,nan,nan,nan
29-Jan-24 4:20:12 PM AEST,nan,nan,nan,nan,nan,nan,97.50,nan,nan,nan,nan,nan
29-Jan-24 4:20:16 PM AEST,nan,73.0,nan,nan,nan,nan,nan,nan,16.60,nan,nan,nan
29-Jan-24 4:20:20 PM AEST,nan,nan,nan,nan,nan,nan,nan,nan,nan,nan,92.90,nan
29-Jan-24 4:20:28 PM AEST,nan,nan,nan,nan,nan,nan,nan,nan,nan,10.80,nan,nan
29-Jan-24 4:20:52 PM AEST,nan,nan,nan,nan,nan,nan,nan,nan,nan,nan,nan,502.50
29-Jan-24 4:21:00 PM AEST,32.3,nan,26.9,nan,nan,nan,nan,nan,nan,nan,nan,nan
29-Jan-24 4:21:12 PM AEST,nan,nan,nan,nan,nan,nan,nan,1.08,nan,nan,nan,nan
29-Jan-24 4:21:16 PM AEST,nan,nan,nan,nan,nan,nan,114.20,nan,nan,nan,nan,nan
29-Jan-24 4:21:20 PM AEST,nan,73.2,nan,nan,nan,nan,nan,nan,17.80,nan,nan,nan
29-Jan-24 4:21:24 PM AEST,nan,nan,nan,nan,nan,nan,nan,nan,nan,nan,110.20,nan
29-Jan-24 4:21:32 PM AEST,nan,nan,nan,nan,nan,nan,nan,nan,nan,10.10,nan,nan
29-Jan-24 4:21:56 PM AEST,nan,nan,nan,nan,nan,nan,nan,nan,nan,nan,nan,504.90
29-Jan-24 4:22:05 PM AEST,32.2,nan,nan,nan,nan,nan,nan,nan,nan,nan,nan,nan
29-Jan-24 4:22:16 PM AEST,nan,nan,nan,nan,nan,nan,nan,1.18,nan,nan,nan,nan
29-Jan-24 4:22:20 PM AEST,nan,nan,nan,nan,nan,nan,127.00,nan,nan,nan,nan,nan
29-Jan-24 4:22:24 PM AEST,nan,73.5,nan,nan,nan,nan,nan,nan,16.60,nan,nan,nan
29-Jan-24 4:22:28 PM AEST,nan,nan,nan,nan,nan,nan,nan,nan,nan,nan,119.40,nan
29-Jan-24 4:22:36 PM AEST,nan,nan,nan,nan,nan,nan,nan,nan,nan,10.30,nan,nan
29-Jan-24 4:23:00 PM AEST,nan,nan,nan,nan,nan,nan,nan,nan,nan,nan,nan,377.50
29-Jan-24 4:23:10 PM AEST,32.3,nan,nan,nan,nan,nan,nan,nan,nan,nan,nan,nan
29-Jan-24 4:23:20 PM AEST,nan,nan,nan,nan,nan,nan,nan,0.61,nan,nan,nan,nan
29-Jan-24 4:23:24 PM AEST,nan,nan,nan,nan,nan,nan,165.30,nan,nan,nan,nan,nan
29-Jan-24 4:23:28 PM AEST,nan,74.3,nan,nan,nan,nan,nan,nan,8.30,nan,nan,nan
29-Jan-24 4:23:32 PM AEST,nan,nan,nan,nan,nan,nan,nan,nan,nan,nan,165.70,nan
29-Jan-24 4:23:40 PM AEST,nan,nan,nan,nan,nan,nan,nan,nan,nan,5.90,nan,nan
29-Jan-24 4:24:04 PM AEST,nan,nan,nan,nan,nan,nan,nan,nan,nan,nan,nan,390.80
29-Jan-24 4:24:04 PM AEST,nan,nan,nan,nan,nan,nan,nan,nan,nan,nan,nan,435.80
29-Jan-24 4:24:15 PM AEST,32.4,nan,nan,nan,nan,nan,nan,nan,nan,nan,nan,nan
29-Jan-24 4:24:24 PM AEST,nan,nan,nan,nan,nan,nan,nan,0.99,nan,nan,nan,nan
29-Jan-24 4:24:28 PM AEST,nan,nan,nan,nan,nan,nan,125.30,nan,nan,nan,nan,nan
29-Jan-24 4:24:32 PM AEST,nan,73.8,nan,nan,nan,nan,nan,nan,14.20,nan,nan,nan
29-Jan-24 4:24:36 PM AEST,nan,nan,nan,nan,nan,nan,nan,nan,nan,nan,124.60,nan
29-Jan-24 4:24:44 PM AEST,nan,nan,nan,nan,nan,nan,nan,nan,nan,8.60,nan,nan
29-Jan-24 4:25:00 PM AEST,nan,nan,27.2,nan,nan,nan,nan,nan,nan,nan,nan,nan
29-Jan-24 4:25:08 PM AEST,nan,nan,nan,nan,nan,nan,nan,nan,nan,nan,nan,475.80
29-Jan-24 4:25:28 PM AEST,nan,nan,nan,nan,nan,nan,nan,0.83,nan,nan,nan,nan
29-Jan-24 4:25:32 PM AEST,nan,nan,nan,nan,nan,nan,149.60,nan,nan,nan,nan,nan
29-Jan-24 4:25:36 PM AEST,nan,73.7,nan,nan,nan,nan,nan,nan,17.80,nan,nan,nan
29-Jan-24 4:25:40 PM AEST,nan,nan,nan,nan,nan,nan,nan,nan,nan,nan,154.00,nan
29-Jan-24 4:25:48 PM AEST,nan,nan,nan,nan,nan,nan,nan,nan,nan,8.20,nan,nan
29-Jan-24 4:26:05 PM AEST,nan,nan,27.1,nan,nan,nan,nan,nan,nan,nan,nan,nan
29-Jan-24 4:26:12 PM AEST,nan,nan,nan,nan,nan,nan,nan,nan,nan,nan,nan,486.60
29-Jan-24 4:26:32 PM AEST,nan,nan,nan,nan,nan,nan,nan,0.93,nan,nan,nan,nan
29-Jan-24 4:26:36 PM AEST,nan,nan,nan,nan,nan,nan,122.10,nan,nan,nan,nan,nan
29-Jan-24 4:26:40 PM AEST,nan,74.0,nan,nan,nan,nan,nan,nan,13.00,nan,nan,nan
29-Jan-24 4:26:44 PM AEST,nan,nan,nan,nan,nan,nan,nan,nan,nan,nan,121.80,nan
29-Jan-24 4:26:52 PM AEST,nan,nan,nan,nan,nan,nan,nan,nan,nan,7.10,nan,nan
29-Jan-24 4:27:00 PM AEST,32.5,nan,nan,nan,nan,nan,nan,nan,nan,nan,nan,nan
29-Jan-24 4:27:10 PM AEST,nan,nan,27.2,nan,nan,nan,nan,nan,nan,nan,nan,nan
29-Jan-24 4:27:16 PM AEST,nan,nan,nan,nan,nan,nan,nan,nan,nan,nan,nan,482.50
29-Jan-24 4:27:36 PM AEST,nan,nan,nan,nan,nan,nan,nan,0.90,nan,nan,nan,nan
29-Jan-24 4:27:40 PM AEST,nan,nan,nan,nan,nan,nan,182.70,nan,nan,nan,nan,nan
29-Jan-24 4:27:44 PM AEST,nan,74.3,nan,nan,nan,nan,nan,nan,14.20,nan,nan,nan
29-Jan-24 4:27:48 PM AEST,nan,nan,nan,nan,nan,nan,nan,nan,nan,nan,182.90,nan
29-Jan-24 4:27:56 PM AEST,nan,nan,nan,nan,nan,nan,nan,nan,nan,8.50,nan,nan
29-Jan-24 4:28:15 PM AEST,nan,nan,27.3,nan,nan,nan,nan,nan,nan,nan,nan,nan
29-Jan-24 4:28:20 PM AEST,nan,nan,nan,nan,nan,nan,nan,nan,nan,nan,nan,434.20
29-Jan-24 4:28:40 PM AEST,nan,nan,nan,nan,nan,nan,nan,1.09,nan,nan,nan,nan
29-Jan-24 4:28:44 PM AEST,nan,nan,nan,nan,nan,nan,151.30,nan,nan,nan,nan,nan
29-Jan-24 4:28:48 PM AEST,nan,74.0,nan,nan,nan,nan,nan,nan,16.60,nan,nan,nan
29-Jan-24 4:28:52 PM AEST,nan,nan,nan,nan,nan,nan,nan,nan,nan,nan,149.30,nan
29-Jan-24 4:29:00 PM AEST,32.6,nan,nan,nan,nan,nan,nan,nan,nan,10.70,nan,nan
29-Jan-24 4:29:20 PM AEST,nan,nan,27.4,nan,nan,nan,nan,nan,nan,nan,nan,nan
29-Jan-24 4:29:24 PM AEST,nan,nan,nan,nan,nan,nan,nan,nan,nan,nan,nan,384.90
29-Jan-24 4:29:44 PM AEST,nan,nan,nan,nan,nan,nan,nan,0.69,nan,nan,nan,nan
29-Jan-24 4:29:48 PM AEST,nan,nan,nan,nan,nan,nan,133.40,nan,nan,nan,nan,nan
29-Jan-24 4:29:48 PM AEST,nan,nan,nan,nan,nan,nan,197.30,nan,nan,nan,nan,nan
29-Jan-24 4:29:52 PM AEST,nan,72.5,nan,nan,nan,nan,nan,nan,13.00,nan,nan,nan
29-Jan-24 4:29:52 PM AEST,nan,73.5,nan,nan,nan,nan,nan,nan,13.00,nan,nan,nan
29-Jan-24 4:29:56 PM AEST,nan,nan,nan,nan,nan,nan,nan,nan,nan,nan,130.70,nan
29-Jan-24 4:29:56 PM AEST,nan,nan,nan,nan,nan,nan,nan,nan,nan,nan,201.00,nan
29-Jan-24 4:30:04 PM AEST,nan,nan,nan,nan,nan,nan,nan,nan,nan,5.70,nan,nan
29-Jan-24 4:30:04 PM AEST,nan,nan,nan,nan,nan,nan,nan,nan,nan,8.00,nan,nan
29-Jan-24 4:30:05 PM AEST,32.5,nan,nan,nan,nan,nan,nan,nan,nan,nan,nan,nan
29-Jan-24 4:30:05 PM AEST,32.6,nan,nan,nan,nan,nan,nan,nan,nan,nan,nan,nan
29-Jan-24 4:30:25 PM AEST,nan,nan,26.9,nan,nan,nan,nan,nan,nan,nan,nan,nan
29-Jan-24 4:30:28 PM AEST,nan,nan,nan,nan,nan,nan,nan,nan,nan,nan,nan,353.30
29-Jan-24 4:30:48 PM AEST,nan,nan,nan,nan,nan,nan,nan,0.85,nan,nan,nan,nan
29-Jan-24 4:30:56 PM AEST,nan,73.7,nan,nan,nan,nan,nan,nan,nan,nan,nan,nan
29-Jan-24 4:31:00 PM AEST,nan,nan,nan,nan,nan,nan,131.40,nan,nan,nan,133.20,nan
29-Jan-24 4:31:08 PM AEST,nan,nan,nan,nan,nan,nan,nan,nan,nan,7.90,nan,nan
29-Jan-24 4:31:10 PM AEST,32.7,nan,nan,nan,nan,nan,nan,nan,nan,nan,nan,nan
29-Jan-24 4:31:30 PM AEST,nan,nan,27.3,nan,nan,nan,nan,nan,nan,nan,nan,nan
29-Jan-24 4:31:32 PM AEST,nan,nan,nan,nan,nan,nan,nan,nan,nan,nan,nan,457.40
29-Jan-24 4:31:52 PM AEST,nan,nan,nan,nan,nan,nan,nan,0.84,nan,nan,nan,nan
29-Jan-24 4:31:52 PM AEST,nan,nan,nan,nan,nan,nan,nan,1.08,nan,nan,nan,nan
29-Jan-24 4:32:00 PM AEST,nan,73.2,nan,nan,nan,nan,nan,nan,17.80,nan,nan,nan
29-Jan-24 4:32:04 PM AEST,nan,nan,nan,nan,nan,nan,78.10,nan,nan,nan,77.90,nan
29-Jan-24 4:32:12 PM AEST,nan,nan,nan,nan,nan,nan,nan,nan,nan,10.30,nan,nan
29-Jan-24 4:32:35 PM AEST,nan,nan,27.4,nan,nan,nan,nan,nan,nan,nan,nan,nan
29-Jan-24 4:32:36 PM AEST,nan,nan,nan,nan,nan,nan,nan,nan,nan,nan,nan,422.50
29-Jan-24 4:32:56 PM AEST,nan,nan,nan,nan,nan,nan,nan,0.90,nan,nan,nan,nan
29-Jan-24 4:33:00 PM AEST,32.6,nan,nan,nan,nan,nan,nan,nan,nan,nan,nan,nan
29-Jan-24 4:33:04 PM AEST,nan,73.5,nan,nan,nan,nan,nan,nan,15.40,nan,nan,nan
29-Jan-24 4:33:08 PM AEST,nan,nan,nan,nan,nan,nan,127.00,nan,nan,nan,122.70,nan
29-Jan-24 4:33:16 PM AEST,nan,nan,nan,nan,nan,nan,nan,nan,nan,6.40,nan,nan
29-Jan-24 4:33:40 PM AEST,nan,nan,27.2,nan,nan,nan,nan,nan,nan,nan,nan,424.20
29-Jan-24 4:34:00 PM AEST,nan,nan,nan,nan,nan,nan,nan,1.09,nan,nan,nan,nan
29-Jan-24 4:34:08 PM AEST,nan,73.0,nan,nan,nan,nan,nan,nan,18.90,nan,nan,nan
29-Jan-24 4:34:12 PM AEST,nan,nan,nan,nan,nan,nan,136.00,nan,nan,nan,138.30,nan
29-Jan-24 4:34:20 PM AEST,nan,nan,nan,nan,nan,nan,nan,nan,nan,10.40,nan,nan
29-Jan-24 4:34:44 PM AEST,nan,nan,nan,nan,nan,nan,nan,nan,nan,nan,nan,194.10
29-Jan-24 4:35:00 PM AEST,nan,nan,27.1,nan,nan,nan,nan,nan,nan,nan,nan,nan
29-Jan-24 4:35:04 PM AEST,nan,nan,nan,nan,nan,nan,nan,0.25,nan,nan,nan,nan
29-Jan-24 4:35:12 PM AEST,nan,nan,nan,nan,nan,nan,nan,nan,3.50,nan,nan,nan
29-Jan-24 4:35:16 PM AEST,nan,nan,nan,nan,nan,nan,149.40,nan,nan,nan,153.70,nan
29-Jan-24 4:35:24 PM AEST,nan,nan,nan,nan,nan,nan,nan,nan,nan,2.00,nan,nan
29-Jan-24 4:35:48 PM AEST,nan,nan,nan,nan,nan,nan,nan,nan,nan,nan,nan,88.30
29-Jan-24 4:36:05 PM AEST,nan,nan,27.2,nan,nan,nan,nan,nan,nan,nan,nan,nan
29-Jan-24 4:36:08 PM AEST,nan,nan,nan,nan,nan,nan,nan,0.32,nan,nan,nan,nan
29-Jan-24 4:36:16 PM AEST,nan,nan,nan,nan,nan,nan,nan,nan,4.70,nan,nan,nan
29-Jan-24 4:36:20 PM AEST,nan,nan,nan,nan,nan,nan,198.10,nan,nan,nan,197.90,nan
29-Jan-24 4:36:28 PM AEST,nan,nan,nan,nan,nan,nan,nan,nan,nan,3.20,nan,nan
29-Jan-24 4:36:52 PM AEST,nan,nan,nan,nan,nan,nan,nan,nan,nan,nan,nan,95.00
29-Jan-24 4:37:00 PM AEST,32.8,73.7,nan,nan,nan,nan,nan,nan,nan,nan,nan,nan
29-Jan-24 4:37:00 PM AEST,32.8,73.8,nan,nan,nan,nan,nan,nan,nan,nan,nan,nan
29-Jan-24 4:37:10 PM AEST,nan,nan,27.4,nan,nan,nan,nan,nan,nan,nan,nan,nan
29-Jan-24 4:37:12 PM AEST,nan,nan,nan,nan,nan,nan,nan,0.75,nan,nan,nan,nan
29-Jan-24 4:37:20 PM AEST,nan,nan,nan,nan,nan,nan,nan,nan,14.20,nan,nan,nan
29-Jan-24 4:37:24 PM AEST,nan,nan,nan,nan,nan,nan,196.80,nan,nan,nan,187.50,nan
29-Jan-24 4:37:32 PM AEST,nan,nan,nan,nan,nan,nan,nan,nan,nan,5.90,nan,nan
29-Jan-24 4:37:56 PM AEST,nan,nan,nan,nan,nan,nan,nan,nan,nan,nan,nan,71.70
29-Jan-24 4:38:05 PM AEST,32.6,nan,nan,nan,nan,nan,nan,nan,nan,nan,nan,nan
29-Jan-24 4:38:15 PM AEST,nan,nan,27.5,nan,nan,nan,nan,nan,nan,nan,nan,nan
29-Jan-24 4:38:16 PM AEST,nan,nan,nan,nan,nan,nan,nan,0.73,nan,nan,nan,nan
29-Jan-24 4:38:24 PM AEST,nan,nan,nan,nan,nan,nan,nan,nan,16.60,nan,nan,nan
29-Jan-24 4:38:28 PM AEST,nan,nan,nan,nan,nan,nan,136.50,nan,nan,nan,150.40,nan
29-Jan-24 4:38:36 PM AEST,nan,nan,nan,nan,nan,nan,nan,nan,nan,6.10,nan,nan
29-Jan-24 4:39:00 PM AEST,nan,nan,nan,nan,nan,nan,nan,nan,nan,nan,nan,57.50
29-Jan-24 4:39:10 PM AEST,32.4,nan,nan,nan,nan,nan,nan,nan,nan,nan,nan,nan
29-Jan-24 4:39:20 PM AEST,nan,nan,27.3,nan,nan,nan,nan,0.85,nan,nan,nan,nan
29-Jan-24 4:39:28 PM AEST,nan,nan,nan,nan,nan,nan,nan,nan,13.00,nan,nan,nan
29-Jan-24 4:39:32 PM AEST,nan,nan,nan,nan,nan,nan,139.90,nan,nan,nan,142.10,nan
29-Jan-24 4:39:40 PM AEST,nan,nan,nan,nan,nan,nan,nan,nan,nan,7.30,nan,nan
29-Jan-24 4:40:00 PM AEST,nan,74.2,nan,nan,nan,nan,nan,nan,nan,nan,nan,nan
29-Jan-24 4:40:04 PM AEST,nan,nan,nan,nan,nan,nan,nan,nan,nan,nan,nan,62.50
29-Jan-24 4:40:04 PM AEST,nan,nan,nan,nan,nan,nan,nan,nan,nan,nan,nan,89.20
29-Jan-24 4:40:15 PM AEST,32.3,nan,nan,nan,nan,nan,nan,nan,nan,nan,nan,nan
29-Jan-24 4:40:24 PM AEST,nan,nan,nan,nan,nan,nan,nan,0.98,nan,nan,nan,nan
29-Jan-24 4:40:25 PM AEST,nan,nan,27.2,nan,nan,nan,nan,nan,nan,nan,nan,nan
29-Jan-24 4:40:32 PM AEST,nan,nan,nan,nan,nan,nan,nan,nan,14.20,nan,nan,nan
29-Jan-24 4:40:36 PM AEST,nan,nan,nan,nan,nan,nan,161.50,nan,nan,nan,159.30,nan
29-Jan-24 4:40:44 PM AEST,nan,nan,nan,nan,nan,nan,nan,nan,nan,8.10,nan,nan
29-Jan-24 4:41:08 PM AEST,nan,nan,nan,nan,nan,nan,nan,nan,nan,nan,nan,120.00
29-Jan-24 4:41:20 PM AEST,32.2,nan,nan,nan,nan,nan,nan,nan,nan,nan,nan,nan
29-Jan-24 4:41:28 PM AEST,nan,nan,nan,nan,nan,nan,nan,1.29,nan,nan,nan,nan
29-Jan-24 4:41:30 PM AEST,nan,nan,27.1,nan,nan,nan,nan,nan,nan,nan,nan,nan
29-Jan-24 4:41:36 PM AEST,nan,nan,nan,nan,nan,nan,nan,nan,20.10,nan,nan,nan
29-Jan-24 4:41:40 PM AEST,nan,nan,nan,nan,nan,nan,168.40,nan,nan,nan,168.50,nan
29-Jan-24 4:41:48 PM AEST,nan,nan,nan,nan,nan,nan,nan,nan,nan,12.50,nan,nan
29-Jan-24 4:42:00 PM AEST,nan,74.7,nan,nan,nan,nan,nan,nan,nan,nan,nan,nan
29-Jan-24 4:42:25 PM AEST,32.1,nan,nan,nan,nan,nan,nan,nan,nan,nan,nan,nan
29-Jan-24 4:42:32 PM AEST,nan,nan,nan,nan,nan,nan,nan,0.78,nan,nan,nan,nan
29-Jan-24 4:42:40 PM AEST,nan,nan,nan,nan,nan,nan,nan,nan,10.60,nan,nan,nan
29-Jan-24 4:42:44 PM AEST,nan,nan,nan,nan,nan,nan,177.00,nan,nan,nan,178.10,nan
29-Jan-24 4:42:52 PM AEST,nan,nan,nan,nan,nan,nan,nan,nan,nan,7.30,nan,nan
29-Jan-24 4:43:04 PM AEST,nan,75.0,nan,nan,nan,nan,nan,nan,nan,nan,nan,nan
29-Jan-24 4:43:36 PM AEST,nan,nan,nan,nan,nan,nan,nan,0.85,nan,nan,nan,nan
29-Jan-24 4:43:44 PM AEST,nan,nan,nan,nan,nan,nan,nan,nan,11.80,nan,nan,nan
29-Jan-24 4:43:48 PM AEST,nan,nan,nan,nan,nan,nan,185.50,nan,nan,nan,182.10,nan
29-Jan-24 4:43:56 PM AEST,nan,nan,nan,nan,nan,nan,nan,nan,nan,7.80,nan,nan
29-Jan-24 4:44:00 PM AEST,nan,nan,nan,nan,nan,nan,nan,nan,nan,nan,nan,140.00
29-Jan-24 4:44:08 PM AEST,nan,75.7,nan,nan,nan,nan,nan,nan,nan,nan,nan,nan
29-Jan-24 4:44:40 PM AEST,nan,nan,nan,nan,nan,nan,nan,0.99,nan,nan,nan,nan
29-Jan-24 4:44:48 PM AEST,nan,nan,nan,nan,nan,nan,nan,nan,14.20,nan,nan,nan
29-Jan-24 4:44:52 PM AEST,nan,nan,nan,nan,nan,nan,179.00,nan,nan,nan,180.50,nan
29-Jan-24 4:45:00 PM AEST,32.0,nan,27.3,nan,nan,nan,nan,nan,nan,9.20,nan,nan
29-Jan-24 4:45:00 PM AEST,32.0,nan,27.3,nan,nan,nan,nan,nan,nan,6.70,nan,nan
29-Jan-24 4:45:04 PM AEST,nan,nan,nan,nan,nan,nan,nan,nan,nan,nan,nan,200.80
29-Jan-24 4:45:04 PM AEST,nan,nan,nan,nan,nan,nan,nan,nan,nan,nan,nan,145.80
29-Jan-24 4:45:12 PM AEST,nan,76.0,nan,nan,nan,nan,nan,nan,nan,nan,nan,nan
29-Jan-24 4:45:12 PM AEST,nan,76.2,nan,nan,nan,nan,nan,nan,nan,nan,nan,nan
29-Jan-24 4:45:44 PM AEST,nan,nan,nan,nan,nan,nan,nan,0.76,nan,nan,nan,nan
29-Jan-24 4:45:52 PM AEST,nan,nan,nan,nan,nan,nan,nan,nan,13.00,nan,nan,nan
29-Jan-24 4:45:52 PM AEST,nan,nan,nan,nan,nan,nan,nan,nan,18.90,nan,nan,nan
29-Jan-24 4:45:56 PM AEST,nan,nan,nan,nan,nan,nan,162.60,nan,nan,nan,164.80,nan
29-Jan-24 4:45:56 PM AEST,nan,nan,nan,nan,nan,nan,186.20,nan,nan,nan,186.50,nan
29-Jan-24 4:46:04 PM AEST,nan,nan,nan,nan,nan,nan,nan,nan,nan,11.50,nan,nan
29-Jan-24 4:46:05 PM AEST,31.9,nan,nan,nan,nan,nan,nan,nan,nan,nan,nan,nan
29-Jan-24 4:46:08 PM AEST,nan,nan,nan,nan,nan,nan,nan,nan,nan,nan,nan,134.10
29-Jan-24 4:46:16 PM AEST,nan,76.5,nan,nan,nan,nan,nan,nan,nan,nan,nan,nan
29-Jan-24 4:46:48 PM AEST,nan,nan,nan,nan,nan,nan,nan,1.19,nan,nan,nan,nan
29-Jan-24 4:46:56 PM AEST,nan,nan,nan,nan,nan,nan,nan,nan,10.60,nan,nan,nan
29-Jan-24 4:47:00 PM AEST,nan,nan,27.2,nan,nan,nan,187.40,nan,nan,nan,190.10,nan
29-Jan-24 4:47:08 PM AEST,nan,nan,nan,nan,nan,nan,nan,nan,nan,7.40,nan,nan
29-Jan-24 4:47:12 PM AEST,nan,nan,nan,nan,nan,nan,nan,nan,nan,nan,nan,77.50
29-Jan-24 4:47:20 PM AEST,nan,76.8,nan,nan,nan,nan,nan,nan,nan,nan,nan,nan
29-Jan-24 4:47:52 PM AEST,nan,nan,nan,nan,nan,nan,nan,0.78,nan,nan,nan,nan
29-Jan-24 4:48:00 PM AEST,nan,nan,nan,nan,nan,nan,nan,nan,15.40,nan,nan,nan
29-Jan-24 4:48:04 PM AEST,nan,nan,nan,nan,nan,nan,181.30,nan,nan,nan,183.00,nan
29-Jan-24 4:48:05 PM AEST,nan,nan,27.3,nan,nan,nan,nan,nan,nan,nan,nan,nan
29-Jan-24 4:48:12 PM AEST,nan,nan,nan,nan,nan,nan,nan,nan,nan,7.90,nan,nan
29-Jan-24 4:48:16 PM AEST,nan,nan,nan,nan,nan,nan,nan,nan,nan,nan,nan,67.50
29-Jan-24 4:48:24 PM AEST,nan,77.0,nan,nan,nan,nan,nan,nan,nan,nan,nan,nan
29-Jan-24 4:48:56 PM AEST,nan,nan,nan,nan,nan,nan,nan,0.87,nan,nan,nan,nan
29-Jan-24 4:48:56 PM AEST,nan,nan,nan,nan,nan,nan,nan,1.06,nan,nan,nan,nan
29-Jan-24 4:49:00 PM AEST,31.8,nan,nan,nan,nan,nan,nan,nan,nan,nan,nan,nan
29-Jan-24 4:49:00 PM AEST,31.7,nan,nan,nan,nan,nan,nan,nan,nan,nan,nan,nan
29-Jan-24 4:49:04 PM AEST,nan,nan,nan,nan,nan,nan,nan,nan,14.20,nan,nan,nan
29-Jan-24 4:49:08 PM AEST,nan,nan,nan,nan,nan,nan,174.40,nan,nan,nan,175.40,nan
29-Jan-24 4:49:16 PM AEST,nan,nan,nan,nan,nan,nan,nan,nan,nan,10.20,nan,nan
29-Jan-24 4:49:20 PM AEST,nan,nan,nan,nan,nan,nan,nan,nan,nan,nan,nan,75.80
29-Jan-24 4:49:28 PM AEST,nan,77.2,nan,nan,nan,nan,nan,nan,nan,nan,nan,nan
29-Jan-24 4:50:00 PM AEST,nan,nan,nan,nan,nan,nan,nan,0.73,nan,nan,nan,nan
29-Jan-24 4:50:08 PM AEST,nan,nan,nan,nan,nan,nan,nan,nan,13.00,nan,nan,nan
29-Jan-24 4:50:12 PM AEST,nan,nan,nan,nan,nan,nan,192.90,nan,nan,nan,189.80,nan
29-Jan-24 4:50:20 PM AEST,nan,nan,nan,nan,nan,nan,nan,nan,nan,6.70,nan,nan
29-Jan-24 4:50:24 PM AEST,nan,nan,nan,nan,nan,nan,nan,nan,nan,nan,nan,82.50
29-Jan-24 4:50:32 PM AEST,nan,77.7,nan,nan,nan,nan,nan,nan,nan,nan,nan,nan
29-Jan-24 4:51:00 PM AEST,31.6,nan,27.2,nan,nan,nan,nan,nan,nan,nan,nan,nan
29-Jan-24 4:51:00 PM AEST,31.6,nan,27.3,nan,nan,nan,nan,nan,nan,nan,nan,nan
29-Jan-24 4:51:04 PM AEST,nan,nan,nan,nan,nan,nan,nan,0.69,nan,nan,nan,nan
29-Jan-24 4:51:12 PM AEST,nan,nan,nan,nan,nan,nan,nan,nan,9.50,nan,nan,nan
29-Jan-24 4:51:16 PM AEST,nan,nan,nan,nan,nan,nan,162.40,nan,nan,nan,162.10,nan
29-Jan-24 4:51:24 PM AEST,nan,nan,nan,nan,nan,nan,nan,nan,nan,6.80,nan,nan
29-Jan-24 4:51:28 PM AEST,nan,nan,nan,nan,nan,nan,nan,nan,nan,nan,nan,90.00
29-Jan-24 4:51:36 PM AEST,nan,77.8,nan,nan,nan,nan,nan,nan,nan,nan,nan,nan
29-Jan-24 4:52:05 PM AEST,31.7,nan,27.2,nan,nan,nan,nan,nan,nan,nan,nan,nan
29-Jan-24 4:52:08 PM AEST,nan,nan,nan,nan,nan,nan,nan,0.65,nan,nan,nan,nan
29-Jan-24 4:52:16 PM AEST,nan,nan,nan,nan,nan,nan,nan,nan,11.80,nan,nan,nan
29-Jan-24 4:52:20 PM AEST,nan,nan,nan,nan,nan,nan,166.30,nan,nan,nan,163.80,nan
29-Jan-24 4:52:28 PM AEST,nan,nan,nan,nan,nan,nan,nan,nan,nan,6.30,nan,nan
29-Jan-24 4:52:32 PM AEST,nan,nan,nan,nan,nan,nan,nan,nan,nan,nan,nan,105.00
29-Jan-24 4:52:40 PM AEST,nan,78.0,nan,nan,nan,nan,nan,nan,nan,nan,nan,nan
29-Jan-24 4:53:10 PM AEST,nan,nan,27.4,nan,nan,nan,nan,nan,nan,nan,nan,nan
29-Jan-24 4:53:12 PM AEST,nan,nan,nan,nan,nan,nan,nan,0.66,nan,nan,nan,nan
29-Jan-24 4:53:20 PM AEST,nan,nan,nan,nan,nan,nan,nan,nan,10.60,nan,nan,nan
29-Jan-24 4:53:24 PM AEST,nan,nan,nan,nan,nan,nan,153.20,nan,nan,nan,155.00,nan
29-Jan-24 4:53:32 PM AEST,nan,nan,nan,nan,nan,nan,nan,nan,nan,6.40,nan,nan
29-Jan-24 4:53:36 PM AEST,nan,nan,nan,nan,nan,nan,nan,nan,nan,nan,nan,155.00
29-Jan-24 4:53:44 PM AEST,nan,78.3,nan,nan,nan,nan,nan,nan,nan,nan,nan,nan
29-Jan-24 4:54:16 PM AEST,nan,nan,nan,nan,nan,nan,nan,0.70,nan,nan,nan,nan
29-Jan-24 4:54:24 PM AEST,nan,nan,nan,nan,nan,nan,nan,nan,15.40,nan,nan,nan
29-Jan-24 4:54:28 PM AEST,nan,nan,nan,nan,nan,nan,164.80,nan,nan,nan,163.20,nan
29-Jan-24 4:54:36 PM AEST,nan,nan,nan,nan,nan,nan,nan,nan,nan,6.30,nan,nan
29-Jan-24 4:54:40 PM AEST,nan,nan,nan,nan,nan,nan,nan,nan,nan,nan,nan,185.00
29-Jan-24 4:54:48 PM AEST,nan,78.2,nan,nan,nan,nan,nan,nan,nan,nan,nan,nan
29-Jan-24 4:55:20 PM AEST,nan,nan,nan,nan,nan,nan,nan,1.21,nan,nan,nan,nan
29-Jan-24 4:55:28 PM AEST,nan,nan,nan,nan,nan,nan,nan,nan,16.60,nan,nan,nan
29-Jan-24 4:55:32 PM AEST,nan,nan,nan,nan,nan,nan,104.90,nan,nan,nan,105.20,nan
29-Jan-24 4:55:40 PM AEST,nan,nan,nan,nan,nan,nan,nan,nan,nan,12.00,nan,nan
29-Jan-24 4:55:44 PM AEST,nan,nan,nan,nan,nan,nan,nan,nan,nan,nan,nan,196.70
29-Jan-24 4:55:51 PM AEST,nan,nan,nan,nan,nan,0.23,nan,nan,nan,nan,nan,nan
29-Jan-24 4:56:00 PM AEST,31.5,nan,nan,nan,nan,nan,nan,nan,nan,nan,nan,nan
29-Jan-24 4:56:24 PM AEST,nan,nan,nan,nan,nan,nan,nan,0.60,nan,nan,nan,nan
29-Jan-24 4:56:32 PM AEST,nan,nan,nan,nan,nan,nan,nan,nan,10.60,nan,nan,nan
29-Jan-24 4:56:36 PM AEST,nan,nan,nan,nan,nan,nan,140.30,nan,nan,nan,130.50,nan
29-Jan-24 4:56:44 PM AEST,nan,nan,nan,nan,nan,nan,nan,nan,nan,5.30,nan,nan
29-Jan-24 4:56:48 PM AEST,nan,nan,nan,nan,nan,nan,nan,nan,nan,nan,nan,252.40
29-Jan-24 4:57:00 PM AEST,nan,78.3,27.2,nan,nan,nan,nan,nan,nan,nan,nan,nan
29-Jan-24 4:57:28 PM AEST,nan,nan,nan,nan,nan,nan,nan,0.47,nan,nan,nan,nan
29-Jan-24 4:57:36 PM AEST,nan,nan,nan,nan,nan,nan,nan,nan,7.10,nan,nan,nan
29-Jan-24 4:57:40 PM AEST,nan,nan,nan,nan,nan,nan,159.60,nan,nan,nan,159.60,nan
29-Jan-24 4:57:48 PM AEST,nan,nan,nan,nan,nan,nan,nan,nan,nan,4.70,nan,nan
29-Jan-24 4:57:52 PM AEST,nan,nan,nan,nan,nan,nan,nan,nan,nan,nan,nan,304.20
29-Jan-24 4:58:00 PM AEST,31.6,nan,nan,nan,nan,nan,nan,nan,nan,nan,nan,nan
29-Jan-24 4:58:04 PM AEST,nan,78.8,nan,nan,nan,nan,nan,nan,nan,nan,nan,nan
29-Jan-24 4:58:32 PM AEST,nan,nan,nan,nan,nan,nan,nan,0.59,nan,nan,nan,nan
29-Jan-24 4:58:40 PM AEST,nan,nan,nan,nan,nan,nan,nan,nan,8.30,nan,nan,nan
29-Jan-24 4:58:44 PM AEST,nan,nan,nan,nan,nan,nan,150.10,nan,nan,nan,150.20,nan
29-Jan-24 4:58:52 PM AEST,nan,nan,nan,nan,nan,nan,nan,nan,nan,5.70,nan,nan
29-Jan-24 4:58:52 PM AEST,nan,nan,nan,nan,nan,nan,nan,nan,nan,6.90,nan,nan
29-Jan-24 4:58:56 PM AEST,nan,nan,nan,nan,nan,nan,nan,nan,nan,nan,nan,379.90
29-Jan-24 4:58:56 PM AEST,nan,nan,nan,nan,nan,nan,nan,nan,nan,nan,nan,362.50
29-Jan-24 4:59:00 PM AEST,nan,nan,27.5,nan,nan,nan,nan,nan,nan,nan,nan,nan
29-Jan-24 4:59:00 PM AEST,nan,nan,27.6,nan,nan,nan,nan,nan,nan,nan,nan,nan
29-Jan-24 4:59:05 PM AEST,31.7,nan,nan,nan,nan,nan,nan,nan,nan,nan,nan,nan
29-Jan-24 4:59:05 PM AEST,31.8,nan,nan,nan,nan,nan,nan,nan,nan,nan,nan,nan
29-Jan-24 4:59:08 PM AEST,nan,79.0,nan,nan,nan,nan,nan,nan,nan,nan,nan,nan
29-Jan-24 4:59:08 PM AEST,nan,78.8,nan,nan,nan,nan,nan,nan,nan,nan,nan,nan
29-Jan-24 4:59:36 PM AEST,nan,nan,nan,nan,nan,nan,nan,0.72,nan,nan,nan,nan
29-Jan-24 4:59:44 PM AEST,nan,nan,nan,nan,nan,nan,nan,nan,11.80,nan,nan,nan
29-Jan-24 4:59:48 PM AEST,nan,nan,nan,nan,nan,nan,166.90,nan,nan,nan,170.70,nan
29-Jan-24 4:59:56 PM AEST,nan,nan,nan,nan,nan,nan,nan,nan,nan,4.70,nan,nan
29-Jan-24 5:00:00 PM AEST,nan,nan,nan,nan,nan,nan,nan,nan,nan,nan,nan,353.30
29-Jan-24 5:00:05 PM AEST,nan,nan,27.7,nan,nan,nan,nan,nan,nan,nan,nan,nan
29-Jan-24 5:00:10 PM AEST,31.9,nan,nan,nan,nan,nan,nan,nan,nan,nan,nan,nan
29-Jan-24 5:00:12 PM AEST,nan,78.3,nan,nan,nan,nan,nan,nan,nan,nan,nan,nan
29-Jan-24 5:00:40 PM AEST,nan,nan,nan,nan,nan,nan,nan,0.54,nan,nan,nan,nan
29-Jan-24 5:00:48 PM AEST,nan,nan,nan,nan,nan,nan,nan,nan,8.30,nan,nan,nan
29-Jan-24 5:00:52 PM AEST,nan,nan,nan,nan,nan,nan,162.50,nan,nan,nan,168.00,nan
29-Jan-24 5:01:00 PM AEST,nan,nan,nan,nan,nan,nan,nan,nan,nan,6.10,nan,nan
29-Jan-24 5:01:04 PM AEST,nan,nan,nan,nan,nan,nan,nan,nan,nan,nan,nan,351.60
29-Jan-24 5:01:10 PM AEST,nan,nan,27.6,nan,nan,nan,nan,nan,nan,nan,nan,nan
29-Jan-24 5:01:15 PM AEST,32.0,nan,nan,nan,nan,nan,nan,nan,nan,nan,nan,nan
29-Jan-24 5:01:16 PM AEST,nan,79.0,nan,nan,nan,nan,nan,nan,nan,nan,nan,nan
29-Jan-24 5:01:44 PM AEST,nan,nan,nan,nan,nan,nan,nan,0.69,nan,nan,nan,nan
29-Jan-24 5:01:52 PM AEST,nan,nan,nan,nan,nan,nan,nan,nan,9.50,nan,nan,nan
29-Jan-24 5:01:52 PM AEST,nan,nan,nan,nan,nan,nan,nan,nan,8.30,nan,nan,nan
29-Jan-24 5:01:56 PM AEST,nan,nan,nan,nan,nan,nan,169.60,nan,nan,nan,171.00,nan
29-Jan-24 5:01:56 PM AEST,nan,nan,nan,nan,nan,nan,174.70,nan,nan,nan,173.80,nan
29-Jan-24 5:02:04 PM AEST,nan,nan,nan,nan,nan,nan,nan,nan,nan,5.50,nan,nan
29-Jan-24 5:02:08 PM AEST,nan,nan,nan,nan,nan,nan,nan,nan,nan,nan,nan,316.70
29-Jan-24 5:02:15 PM AEST,nan,nan,27.9,nan,nan,nan,nan,nan,nan,nan,nan,nan
29-Jan-24 5:02:20 PM AEST,32.1,78.5,nan,nan,nan,nan,nan,nan,nan,nan,nan,nan
29-Jan-24 5:02:48 PM AEST,nan,nan,nan,nan,nan,nan,nan,0.56,nan,nan,nan,nan
29-Jan-24 5:03:00 PM AEST,nan,nan,nan,nan,nan,nan,169.10,nan,nan,nan,169.90,nan
29-Jan-24 5:03:08 PM AEST,nan,nan,nan,nan,nan,nan,nan,nan,nan,6.00,nan,nan
29-Jan-24 5:03:12 PM AEST,nan,nan,nan,nan,nan,nan,nan,nan,nan,nan,nan,319.10
29-Jan-24 5:03:25 PM AEST,32.2,nan,nan,nan,nan,nan,nan,nan,nan,nan,nan,nan
29-Jan-24 5:03:52 PM AEST,nan,nan,nan,nan,nan,nan,nan,0.63,nan,nan,nan,nan
29-Jan-24 5:03:52 PM AEST,nan,nan,nan,nan,nan,nan,nan,0.56,nan,nan,nan,nan
29-Jan-24 5:04:04 PM AEST,nan,nan,nan,nan,nan,nan,155.10,nan,nan,nan,159.10,nan
29-Jan-24 5:04:12 PM AEST,nan,nan,nan,nan,nan,nan,nan,nan,nan,5.50,nan,nan
29-Jan-24 5:04:16 PM AEST,nan,nan,nan,nan,nan,nan,nan,nan,nan,nan,nan,324.20
29-Jan-24 5:04:30 PM AEST,32.3,nan,nan,nan,nan,nan,nan,nan,nan,nan,nan,nan
29-Jan-24 5:04:56 PM AEST,nan,nan,nan,nan,nan,nan,nan,0.82,nan,nan,nan,nan
29-Jan-24 5:05:00 PM AEST,nan,77.8,28.0,nan,nan,nan,nan,nan,14.20,nan,nan,nan
29-Jan-24 5:05:00 PM AEST,nan,77.8,28.0,nan,nan,nan,nan,nan,10.60,nan,nan,nan
29-Jan-24 5:05:08 PM AEST,nan,nan,nan,nan,nan,nan,181.20,nan,nan,nan,181.00,nan
29-Jan-24 5:05:16 PM AEST,nan,nan,nan,nan,nan,nan,nan,nan,nan,7.30,nan,nan
29-Jan-24 5:05:20 PM AEST,nan,nan,nan,nan,nan,nan,nan,nan,nan,nan,nan,220.80
29-Jan-24 5:05:35 PM AEST,32.2,nan,nan,nan,nan,nan,nan,nan,nan,nan,nan,nan
29-Jan-24 5:06:04 PM AEST,nan,77.7,nan,nan,nan,nan,nan,nan,5.90,nan,nan,nan
29-Jan-24 5:06:05 PM AEST,nan,nan,27.9,nan,nan,nan,nan,nan,nan,nan,nan,nan
29-Jan-24 5:06:12 PM AEST,nan,nan,nan,nan,nan,nan,189.70,nan,nan,nan,188.50,nan
29-Jan-24 5:06:20 PM AEST,nan,nan,nan,nan,nan,nan,nan,nan,nan,2.70,nan,nan
29-Jan-24 5:06:24 PM AEST,nan,nan,nan,nan,nan,nan,nan,nan,nan,nan,nan,93.30
29-Jan-24 5:06:40 PM AEST,32.3,nan,nan,nan,nan,nan,nan,nan,nan,nan,nan,nan
29-Jan-24 5:07:00 PM AEST,nan,nan,nan,nan,nan,nan,nan,0.27,nan,nan,nan,nan
29-Jan-24 5:07:00 PM AEST,nan,nan,nan,nan,nan,nan,nan,0.44,nan,nan,nan,nan
29-Jan-24 5:07:08 PM AEST,nan,77.5,nan,nan,nan,nan,nan,nan,7.10,nan,nan,nan
29-Jan-24 5:07:16 PM AEST,nan,nan,nan,nan,nan,nan,143.20,nan,nan,nan,140.60,nan
29-Jan-24 5:07:24 PM AEST,nan,nan,nan,nan,nan,nan,nan,nan,nan,4.30,nan,nan
29-Jan-24 5:07:28 PM AEST,nan,nan,nan,nan,nan,nan,nan,nan,nan,nan,nan,72.50
29-Jan-24 5:08:04 PM AEST,nan,nan,nan,nan,nan,nan,nan,0.59,nan,nan,nan,nan
29-Jan-24 5:08:12 PM AEST,nan,77.2,nan,nan,nan,nan,nan,nan,8.30,nan,nan,nan
29-Jan-24 5:08:20 PM AEST,nan,nan,nan,nan,nan,nan,176.50,nan,nan,nan,179.80,nan
29-Jan-24 5:08:28 PM AEST,nan,nan,nan,nan,nan,nan,nan,nan,nan,5.60,nan,nan
29-Jan-24 5:08:32 PM AEST,nan,nan,nan,nan,nan,nan,nan,nan,nan,nan,nan,75.80
29-Jan-24 5:09:08 PM AEST,nan,nan,nan,nan,nan,nan,nan,0.44,nan,nan,nan,nan
29-Jan-24 5:09:16 PM AEST,nan,nan,nan,nan,nan,nan,nan,nan,7.10,nan,nan,nan
29-Jan-24 5:09:24 PM AEST,nan,nan,nan,nan,nan,nan,142.10,nan,nan,nan,137.40,nan
29-Jan-24 5:09:32 PM AEST,nan,nan,nan,nan,nan,nan,nan,nan,nan,4.30,nan,nan
29-Jan-24 5:09:36 PM AEST,nan,nan,nan,nan,nan,nan,nan,nan,nan,nan,nan,88.30
29-Jan-24 5:10:00 PM AEST,32.2,nan,27.8,nan,nan,nan,nan,nan,nan,nan,nan,nan
29-Jan-24 5:10:00 PM AEST,32.2,nan,27.7,nan,nan,nan,nan,nan,nan,nan,nan,nan
29-Jan-24 5:10:12 PM AEST,nan,nan,nan,nan,nan,nan,nan,0.37,nan,nan,nan,nan
29-Jan-24 5:10:20 PM AEST,nan,nan,nan,nan,nan,nan,nan,nan,4.70,nan,nan,nan
29-Jan-24 5:10:28 PM AEST,nan,nan,nan,nan,nan,nan,163.90,nan,nan,nan,163.60,nan
29-Jan-24 5:10:36 PM AEST,nan,nan,nan,nan,nan,nan,nan,nan,nan,3.70,nan,nan
29-Jan-24 5:10:40 PM AEST,nan,nan,nan,nan,nan,nan,nan,nan,nan,nan,nan,71.70
29-Jan-24 5:11:00 PM AEST,nan,77.3,nan,nan,nan,nan,nan,nan,nan,nan,nan,nan
29-Jan-24 5:11:16 PM AEST,nan,nan,nan,nan,nan,nan,nan,0.47,nan,nan,nan,nan
29-Jan-24 5:11:24 PM AEST,nan,nan,nan,nan,nan,nan,nan,nan,5.90,nan,nan,nan
29-Jan-24 5:11:32 PM AEST,nan,nan,nan,nan,nan,nan,183.80,nan,nan,nan,184.40,nan
29-Jan-24 5:11:40 PM AEST,nan,nan,nan,nan,nan,nan,nan,nan,nan,4.60,nan,nan
29-Jan-24 5:11:44 PM AEST,nan,nan,nan,nan,nan,nan,nan,nan,nan,nan,nan,58.30
29-Jan-24 5:12:04 PM AEST,nan,77.2,nan,nan,nan,nan,nan,nan,nan,nan,nan,nan
29-Jan-24 5:12:20 PM AEST,nan,nan,nan,nan,nan,nan,nan,0.57,nan,nan,nan,nan
29-Jan-24 5:12:28 PM AEST,nan,nan,nan,nan,nan,nan,nan,nan,8.30,nan,nan,nan
29-Jan-24 5:12:36 PM AEST,nan,nan,nan,nan,nan,nan,156.50,nan,nan,nan,156.00,nan
29-Jan-24 5:12:44 PM AEST,nan,nan,nan,nan,nan,nan,nan,nan,nan,5.10,nan,nan
29-Jan-24 5:12:48 PM AEST,nan,nan,nan,nan,nan,nan,nan,nan,nan,nan,nan,50.80
29-Jan-24 5:13:00 PM AEST,32.1,nan,nan,nan,nan,nan,nan,nan,nan,nan,nan,nan
29-Jan-24 5:13:08 PM AEST,nan,77.3,nan,nan,nan,nan,nan,nan,nan,nan,nan,nan
29-Jan-24 5:13:08 PM AEST,nan,77.5,nan,nan,nan,nan,nan,nan,nan,nan,nan,nan
29-Jan-24 5:13:24 PM AEST,nan,nan,nan,nan,nan,nan,nan,0.47,nan,nan,nan,nan
29-Jan-24 5:13:32 PM AEST,nan,nan,nan,nan,nan,nan,nan,nan,11.80,nan,nan,nan
29-Jan-24 5:13:40 PM AEST,nan,nan,nan,nan,nan,nan,169.80,nan,nan,nan,168.50,nan
29-Jan-24 5:13:48 PM AEST,nan,nan,nan,nan,nan,nan,nan,nan,nan,4.40,nan,nan
29-Jan-24 5:13:52 PM AEST,nan,nan,nan,nan,nan,nan,nan,nan,nan,nan,nan,49.10
29-Jan-24 5:13:52 PM AEST,nan,nan,nan,nan,nan,nan,nan,nan,nan,nan,nan,53.30
29-Jan-24 5:14:00 PM AEST,nan,nan,27.6,nan,nan,nan,nan,nan,nan,nan,nan,nan
29-Jan-24 5:14:05 PM AEST,32.0,nan,nan,nan,nan,nan,nan,nan,nan,nan,nan,nan
29-Jan-24 5:14:05 PM AEST,31.9,nan,nan,nan,nan,nan,nan,nan,nan,nan,nan,nan
29-Jan-24 5:14:12 PM AEST,nan,77.3,nan,nan,nan,nan,nan,nan,nan,nan,nan,nan
29-Jan-24 5:14:28 PM AEST,nan,nan,nan,nan,nan,nan,nan,1.28,nan,nan,nan,nan
29-Jan-24 5:14:36 PM AEST,nan,nan,nan,nan,nan,nan,nan,nan,16.60,nan,nan,nan
29-Jan-24 5:14:44 PM AEST,nan,nan,nan,nan,nan,nan,175.20,nan,nan,nan,175.10,nan
29-Jan-24 5:14:52 PM AEST,nan,nan,nan,nan,nan,nan,nan,nan,nan,12.50,nan,nan
29-Jan-24 5:14:56 PM AEST,nan,nan,nan,nan,nan,nan,nan,nan,nan,nan,nan,51.70
29-Jan-24 5:15:05 PM AEST,nan,nan,27.4,nan,nan,nan,nan,nan,nan,nan,nan,nan
29-Jan-24 5:15:10 PM AEST,31.8,nan,nan,nan,nan,nan,nan,nan,nan,nan,nan,nan
29-Jan-24 5:15:32 PM AEST,nan,nan,nan,nan,nan,nan,nan,0.47,nan,nan,nan,nan
29-Jan-24 5:15:40 PM AEST,nan,nan,nan,nan,nan,nan,nan,nan,9.50,nan,nan,nan
29-Jan-24 5:15:48 PM AEST,nan,nan,nan,nan,nan,nan,150.00,nan,nan,nan,154.70,nan
29-Jan-24 5:15:56 PM AEST,nan,nan,nan,nan,nan,nan,nan,nan,nan,4.60,nan,nan
29-Jan-24 5:15:56 PM AEST,nan,nan,nan,nan,nan,nan,nan,nan,nan,3.70,nan,nan
29-Jan-24 5:16:00 PM AEST,nan,77.8,nan,nan,nan,nan,nan,nan,nan,nan,nan,50.80
29-Jan-24 5:16:10 PM AEST,nan,nan,27.3,nan,nan,nan,nan,nan,nan,nan,nan,nan
29-Jan-24 5:16:36 PM AEST,nan,nan,nan,nan,nan,nan,nan,0.42,nan,nan,nan,nan
29-Jan-24 5:16:44 PM AEST,nan,nan,nan,nan,nan,nan,nan,nan,7.10,nan,nan,nan
29-Jan-24 5:16:52 PM AEST,nan,nan,nan,nan,nan,nan,167.50,nan,nan,nan,175.30,nan
29-Jan-24 5:17:00 PM AEST,nan,nan,nan,nan,nan,nan,nan,nan,nan,5.70,nan,nan
29-Jan-24 5:17:04 PM AEST,nan,78.0,nan,nan,nan,nan,nan,nan,nan,nan,nan,54.20
29-Jan-24 5:17:15 PM AEST,nan,nan,27.4,nan,nan,nan,nan,nan,nan,nan,nan,nan
29-Jan-24 5:17:40 PM AEST,nan,nan,nan,nan,nan,nan,nan,0.60,nan,nan,nan,nan
29-Jan-24 5:17:48 PM AEST,nan,nan,nan,nan,nan,nan,nan,nan,9.50,nan,nan,nan
29-Jan-24 5:17:56 PM AEST,nan,nan,nan,nan,nan,nan,154.00,nan,nan,nan,149.80,nan
29-Jan-24 5:17:56 PM AEST,nan,nan,nan,nan,nan,nan,162.00,nan,nan,nan,162.10,nan
29-Jan-24 5:18:00 PM AEST,31.7,nan,nan,nan,nan,nan,nan,nan,nan,nan,nan,nan
29-Jan-24 5:18:00 PM AEST,31.6,nan,nan,nan,nan,nan,nan,nan,nan,nan,nan,nan
29-Jan-24 5:18:04 PM AEST,nan,nan,nan,nan,nan,nan,nan,nan,nan,6.40,nan,nan
29-Jan-24 5:18:08 PM AEST,nan,77.7,nan,nan,nan,nan,nan,nan,nan,nan,nan,61.60
29-Jan-24 5:18:44 PM AEST,nan,nan,nan,nan,nan,nan,nan,0.64,nan,nan,nan,nan
29-Jan-24 5:19:00 PM AEST,nan,nan,27.2,nan,nan,nan,151.30,nan,nan,nan,150.10,nan
29-Jan-24 5:19:08 PM AEST,nan,nan,nan,nan,nan,nan,nan,nan,nan,4.80,nan,nan
29-Jan-24 5:19:12 PM AEST,nan,78.0,nan,nan,nan,nan,nan,nan,nan,nan,nan,61.70
29-Jan-24 5:19:48 PM AEST,nan,nan,nan,nan,nan,nan,nan,0.48,nan,nan,nan,nan
29-Jan-24 5:20:04 PM AEST,nan,nan,nan,nan,nan,nan,162.70,nan,nan,nan,164.40,nan
29-Jan-24 5:20:05 PM AEST,nan,nan,27.3,nan,nan,nan,nan,nan,nan,nan,nan,nan
29-Jan-24 5:20:12 PM AEST,nan,nan,nan,nan,nan,nan,nan,nan,nan,6.60,nan,nan
29-Jan-24 5:20:16 PM AEST,nan,78.2,nan,nan,nan,nan,nan,nan,nan,nan,nan,62.50
29-Jan-24 5:20:52 PM AEST,nan,nan,nan,nan,nan,nan,nan,0.73,nan,nan,nan,nan
29-Jan-24 5:21:00 PM AEST,31.5,nan,nan,nan,nan,nan,nan,nan,nan,nan,nan,nan
29-Jan-24 5:21:00 PM AEST,31.4,nan,nan,nan,nan,nan,nan,nan,nan,nan,nan,nan
29-Jan-24 5:21:08 PM AEST,nan,nan,nan,nan,nan,nan,197.30,nan,nan,nan,200.90,nan
29-Jan-24 5:21:10 PM AEST,nan,nan,27.2,nan,nan,nan,nan,nan,nan,nan,nan,nan
29-Jan-24 5:21:16 PM AEST,nan,nan,nan,nan,nan,nan,nan,nan,nan,4.50,nan,nan
29-Jan-24 5:21:20 PM AEST,nan,78.5,nan,nan,nan,nan,nan,nan,nan,nan,nan,61.60
29-Jan-24 5:21:56 PM AEST,nan,nan,nan,nan,nan,nan,nan,0.60,nan,nan,nan,nan
29-Jan-24 5:22:00 PM AEST,nan,nan,nan,nan,nan,nan,nan,nan,8.30,nan,nan,nan
29-Jan-24 5:22:12 PM AEST,nan,nan,nan,nan,nan,nan,200.80,nan,nan,nan,202.90,nan
29-Jan-24 5:22:20 PM AEST,nan,nan,nan,nan,nan,nan,nan,nan,nan,6.40,nan,nan
29-Jan-24 5:22:24 PM AEST,nan,78.7,nan,nan,nan,nan,nan,nan,nan,nan,nan,65.80
29-Jan-24 5:23:00 PM AEST,nan,nan,nan,nan,nan,nan,nan,0.67,nan,nan,nan,nan
29-Jan-24 5:23:04 PM AEST,nan,nan,nan,nan,nan,nan,nan,nan,9.50,nan,nan,nan
29-Jan-24 5:23:16 PM AEST,nan,nan,nan,nan,nan,nan,158.70,nan,nan,nan,158.40,nan
29-Jan-24 5:23:24 PM AEST,nan,nan,nan,nan,nan,nan,nan,nan,nan,4.20,nan,nan
29-Jan-24 5:23:28 PM AEST,nan,79.0,nan,nan,nan,nan,nan,nan,nan,nan,nan,71.60
29-Jan-24 5:24:04 PM AEST,nan,nan,nan,nan,nan,nan,nan,0.43,nan,nan,nan,nan
29-Jan-24 5:24:04 PM AEST,nan,nan,nan,nan,nan,nan,nan,0.84,nan,nan,nan,nan
29-Jan-24 5:24:08 PM AEST,nan,nan,nan,nan,nan,nan,nan,nan,7.10,nan,nan,nan
29-Jan-24 5:24:08 PM AEST,nan,nan,nan,nan,nan,nan,nan,nan,11.80,nan,nan,nan
29-Jan-24 5:24:20 PM AEST,nan,nan,nan,nan,nan,nan,142.10,nan,nan,nan,142.80,nan
29-Jan-24 5:24:28 PM AEST,nan,nan,nan,nan,nan,nan,nan,nan,nan,7.70,nan,nan
29-Jan-24 5:24:32 PM AEST,nan,78.8,nan,nan,nan,nan,nan,nan,nan,nan,nan,125.00
29-Jan-24 5:25:00 PM AEST,31.3,nan,27.3,nan,nan,nan,nan,nan,nan,nan,nan,nan
29-Jan-24 5:25:08 PM AEST,nan,nan,nan,nan,nan,nan,nan,0.75,nan,nan,nan,nan
29-Jan-24 5:25:12 PM AEST,nan,nan,nan,nan,nan,nan,nan,nan,13.00,nan,nan,nan
29-Jan-24 5:25:24 PM AEST,nan,nan,nan,nan,nan,nan,204.50,nan,nan,nan,203.00,nan
29-Jan-24 5:25:32 PM AEST,nan,nan,nan,nan,nan,nan,nan,nan,nan,6.70,nan,nan
29-Jan-24 5:25:36 PM AEST,nan,79.2,nan,nan,nan,nan,nan,nan,nan,nan,nan,208.30
29-Jan-24 5:26:05 PM AEST,nan,nan,27.2,nan,nan,nan,nan,nan,nan,nan,nan,nan
29-Jan-24 5:26:12 PM AEST,nan,nan,nan,nan,nan,nan,nan,1.01,nan,nan,nan,nan
29-Jan-24 5:26:28 PM AEST,nan,nan,nan,nan,nan,nan,163.40,nan,nan,nan,164.20,nan
29-Jan-24 5:26:36 PM AEST,nan,nan,nan,nan,nan,nan,nan,nan,nan,9.90,nan,nan
29-Jan-24 5:26:40 PM AEST,nan,79.3,nan,nan,nan,nan,nan,nan,nan,nan,nan,230.80
29-Jan-24 5:27:16 PM AEST,nan,nan,nan,nan,nan,nan,nan,0.56,nan,nan,nan,nan
29-Jan-24 5:27:32 PM AEST,nan,nan,nan,nan,nan,nan,166.20,nan,nan,nan,174.80,nan
29-Jan-24 5:27:40 PM AEST,nan,nan,nan,nan,nan,nan,nan,nan,nan,5.20,nan,nan
29-Jan-24 5:27:44 PM AEST,nan,nan,nan,nan,nan,nan,nan,nan,nan,nan,nan,246.70
29-Jan-24 5:28:00 PM AEST,31.4,79.7,27.3,nan,nan,nan,nan,nan,10.60,nan,nan,nan
29-Jan-24 5:28:00 PM AEST,31.4,79.7,27.3,nan,nan,nan,nan,nan,8.30,nan,nan,nan
29-Jan-24 5:28:20 PM AEST,nan,nan,nan,nan,nan,nan,nan,0.53,nan,nan,nan,nan
29-Jan-24 5:28:36 PM AEST,nan,nan,nan,nan,nan,nan,154.40,nan,nan,nan,154.80,nan
29-Jan-24 5:28:44 PM AEST,nan,nan,nan,nan,nan,nan,nan,nan,nan,5.30,nan,nan
29-Jan-24 5:28:48 PM AEST,nan,nan,nan,nan,nan,nan,nan,nan,nan,nan,nan,252.40
29-Jan-24 5:28:48 PM AEST,nan,nan,nan,nan,nan,nan,nan,nan,nan,nan,nan,259.20
29-Jan-24 5:29:04 PM AEST,nan,79.3,nan,nan,nan,nan,nan,nan,10.60,nan,nan,nan
29-Jan-24 5:29:05 PM AEST,31.5,nan,27.4,nan,nan,nan,nan,nan,nan,nan,nan,nan
29-Jan-24 5:29:24 PM AEST,nan,nan,nan,nan,nan,nan,nan,0.69,nan,nan,nan,nan
29-Jan-24 5:29:40 PM AEST,nan,nan,nan,nan,nan,nan,175.70,nan,nan,nan,171.00,nan
29-Jan-24 5:29:48 PM AEST,nan,nan,nan,nan,nan,nan,nan,nan,nan,6.30,nan,nan
29-Jan-24 5:29:52 PM AEST,nan,nan,nan,nan,nan,nan,nan,nan,nan,nan,nan,265.00
29-Jan-24 5:30:08 PM AEST,nan,79.2,nan,nan,nan,nan,nan,nan,11.80,nan,nan,nan
29-Jan-24 5:30:28 PM AEST,nan,nan,nan,nan,nan,nan,nan,0.81,nan,nan,nan,nan
29-Jan-24 5:30:44 PM AEST,nan,nan,nan,nan,nan,nan,162.10,nan,nan,nan,161.90,nan
29-Jan-24 5:30:52 PM AEST,nan,nan,nan,nan,nan,nan,nan,nan,nan,8.00,nan,nan
29-Jan-24 5:31:12 PM AEST,nan,79.3,nan,nan,nan,nan,nan,nan,9.50,nan,nan,nan
29-Jan-24 5:31:32 PM AEST,nan,nan,nan,nan,nan,nan,nan,0.64,nan,nan,nan,nan
29-Jan-24 5:31:48 PM AEST,nan,nan,nan,nan,nan,nan,180.80,nan,nan,nan,179.60,nan
29-Jan-24 5:31:56 PM AEST,nan,nan,nan,nan,nan,nan,nan,nan,nan,5.80,nan,nan
29-Jan-24 5:31:56 PM AEST,nan,nan,nan,nan,nan,nan,nan,nan,nan,7.70,nan,nan
29-Jan-24 5:32:00 PM AEST,31.6,nan,27.5,nan,nan,nan,nan,nan,nan,nan,nan,265.80
29-Jan-24 5:32:00 PM AEST,31.6,nan,27.5,nan,nan,nan,nan,nan,nan,nan,nan,264.20
29-Jan-24 5:32:16 PM AEST,nan,nan,nan,nan,nan,nan,nan,nan,14.20,nan,nan,nan
29-Jan-24 5:32:36 PM AEST,nan,nan,nan,nan,nan,nan,nan,0.91,nan,nan,nan,nan
29-Jan-24 5:32:52 PM AEST,nan,nan,nan,nan,nan,nan,161.10,nan,nan,nan,158.40,nan
29-Jan-24 5:33:00 PM AEST,nan,nan,nan,nan,nan,nan,nan,nan,nan,5.00,nan,nan
29-Jan-24 5:33:04 PM AEST,nan,nan,nan,nan,nan,nan,nan,nan,nan,nan,nan,259.90
29-Jan-24 5:33:05 PM AEST,31.7,nan,27.6,nan,nan,nan,nan,nan,nan,nan,nan,nan
29-Jan-24 5:33:20 PM AEST,nan,nan,nan,nan,nan,nan,nan,nan,7.10,nan,nan,nan
29-Jan-24 5:33:40 PM AEST,nan,nan,nan,nan,nan,nan,nan,0.52,nan,nan,nan,nan
29-Jan-24 5:33:56 PM AEST,nan,nan,nan,nan,nan,nan,160.30,nan,nan,nan,159.70,nan
29-Jan-24 5:33:56 PM AEST,nan,nan,nan,nan,nan,nan,160.30,nan,nan,nan,167.00,nan
29-Jan-24 5:34:04 PM AEST,nan,nan,nan,nan,nan,nan,nan,nan,nan,5.30,nan,nan
29-Jan-24 5:34:08 PM AEST,nan,nan,nan,nan,nan,nan,nan,nan,nan,nan,nan,202.50
29-Jan-24 5:34:10 PM AEST,31.8,nan,nan,nan,nan,nan,nan,nan,nan,nan,nan,nan
29-Jan-24 5:34:24 PM AEST,nan,nan,nan,nan,nan,nan,nan,nan,9.50,nan,nan,nan
29-Jan-24 5:34:44 PM AEST,nan,nan,nan,nan,nan,nan,nan,0.57,nan,nan,nan,nan
29-Jan-24 5:35:00 PM AEST,nan,79.2,nan,nan,nan,nan,164.00,nan,nan,nan,173.80,nan
29-Jan-24 5:35:00 PM AEST,nan,79.2,nan,nan,nan,nan,172.60,nan,nan,nan,173.80,nan
29-Jan-24 5:35:08 PM AEST,nan,nan,nan,nan,nan,nan,nan,nan,nan,5.70,nan,nan
29-Jan-24 5:35:12 PM AEST,nan,nan,nan,nan,nan,nan,nan,nan,nan,nan,nan,112.50
29-Jan-24 5:35:28 PM AEST,nan,nan,nan,nan,nan,nan,nan,nan,8.30,nan,nan,nan
29-Jan-24 5:35:48 PM AEST,nan,nan,nan,nan,nan,nan,nan,0.59,nan,nan,nan,nan
29-Jan-24 5:36:00 PM AEST,nan,nan,27.7,nan,nan,nan,nan,nan,nan,nan,nan,nan
29-Jan-24 5:36:04 PM AEST,nan,nan,nan,nan,nan,nan,nan,nan,nan,nan,122.70,nan
29-Jan-24 5:36:12 PM AEST,nan,nan,nan,nan,nan,nan,nan,nan,nan,4.40,nan,nan
29-Jan-24 5:36:16 PM AEST,nan,nan,nan,nan,nan,nan,nan,nan,nan,nan,nan,82.50
29-Jan-24 5:36:32 PM AEST,nan,nan,nan,nan,nan,nan,nan,nan,7.10,nan,nan,nan
29-Jan-24 5:36:52 PM AEST,nan,nan,nan,nan,nan,nan,nan,0.45,nan,nan,nan,nan
29-Jan-24 5:37:00 PM AEST,nan,nan,nan,nan,nan,nan,122.40,nan,nan,nan,nan,nan
29-Jan-24 5:37:00 PM AEST,nan,nan,nan,nan,nan,nan,132.60,nan,nan,nan,nan,nan
29-Jan-24 5:37:05 PM AEST,nan,nan,27.8,nan,nan,nan,nan,nan,nan,nan,nan,nan
29-Jan-24 5:37:08 PM AEST,nan,nan,nan,nan,nan,nan,nan,nan,nan,nan,131.60,nan
29-Jan-24 5:37:16 PM AEST,nan,nan,nan,nan,nan,nan,nan,nan,nan,5.80,nan,nan
29-Jan-24 5:37:20 PM AEST,nan,nan,nan,nan,nan,nan,nan,nan,nan,nan,nan,78.30
29-Jan-24 5:37:36 PM AEST,nan,nan,nan,nan,nan,nan,nan,nan,8.30,nan,nan,nan
29-Jan-24 5:37:56 PM AEST,nan,nan,nan,nan,nan,nan,nan,0.64,nan,nan,nan,nan
29-Jan-24 5:38:00 PM AEST,31.7,78.7,nan,nan,nan,nan,nan,nan,nan,nan,nan,nan
29-Jan-24 5:38:04 PM AEST,nan,nan,nan,nan,nan,nan,134.40,nan,nan,nan,nan,nan
29-Jan-24 5:38:10 PM AEST,nan,nan,27.6,nan,nan,nan,nan,nan,nan,nan,nan,nan
29-Jan-24 5:38:12 PM AEST,nan,nan,nan,nan,nan,nan,nan,nan,nan,nan,133.60,nan
29-Jan-24 5:38:20 PM AEST,nan,nan,nan,nan,nan,nan,nan,nan,nan,5.70,nan,nan
29-Jan-24 5:38:40 PM AEST,nan,nan,nan,nan,nan,nan,nan,nan,9.50,nan,nan,nan
29-Jan-24 5:39:00 PM AEST,nan,nan,nan,nan,nan,nan,nan,0.57,nan,nan,nan,nan
29-Jan-24 5:39:15 PM AEST,nan,nan,27.5,nan,nan,nan,nan,nan,nan,nan,nan,nan
29-Jan-24 5:39:16 PM AEST,nan,nan,nan,nan,nan,nan,nan,nan,nan,nan,177.10,nan
29-Jan-24 5:39:24 PM AEST,nan,nan,nan,nan,nan,nan,nan,nan,nan,6.70,nan,nan
29-Jan-24 5:40:00 PM AEST,31.6,nan,nan,nan,nan,nan,176.50,nan,nan,nan,nan,80.00
29-Jan-24 5:40:04 PM AEST,nan,nan,nan,nan,nan,nan,nan,0.68,nan,nan,nan,nan
29-Jan-24 5:40:04 PM AEST,nan,nan,nan,nan,nan,nan,nan,0.79,nan,nan,nan,nan
29-Jan-24 5:40:20 PM AEST,nan,nan,27.4,nan,nan,nan,nan,nan,nan,nan,167.80,nan
29-Jan-24 5:40:28 PM AEST,nan,nan,nan,nan,nan,nan,nan,nan,nan,7.20,nan,nan
29-Jan-24 5:41:00 PM AEST,nan,nan,nan,nan,nan,nan,nan,nan,13.00,nan,nan,nan
29-Jan-24 5:41:04 PM AEST,nan,nan,nan,nan,nan,nan,165.90,nan,nan,nan,nan,82.50
29-Jan-24 5:41:24 PM AEST,nan,nan,nan,nan,nan,nan,nan,nan,nan,nan,181.40,nan
29-Jan-24 5:41:32 PM AEST,nan,nan,nan,nan,nan,nan,nan,nan,nan,7.80,nan,nan
29-Jan-24 5:42:00 PM AEST,31.5,nan,27.3,nan,nan,nan,nan,0.80,nan,nan,nan,nan
29-Jan-24 5:42:00 PM AEST,31.4,nan,27.3,nan,nan,nan,nan,0.76,nan,nan,nan,nan
29-Jan-24 5:42:04 PM AEST,nan,nan,nan,nan,nan,nan,nan,nan,11.80,nan,nan,nan
29-Jan-24 5:42:04 PM AEST,nan,nan,nan,nan,nan,nan,nan,nan,10.60,nan,nan,nan
29-Jan-24 5:42:08 PM AEST,nan,nan,nan,nan,nan,nan,179.00,nan,nan,nan,nan,85.80
29-Jan-24 5:42:08 PM AEST,nan,nan,nan,nan,nan,nan,183.80,nan,nan,nan,nan,93.30
29-Jan-24 5:42:28 PM AEST,nan,nan,nan,nan,nan,nan,nan,nan,nan,nan,183.00,nan
29-Jan-24 5:42:36 PM AEST,nan,nan,nan,nan,nan,nan,nan,nan,nan,7.40,nan,nan
29-Jan-24 5:43:00 PM AEST,nan,78.8,nan,nan,nan,nan,nan,nan,nan,nan,nan,nan
29-Jan-24 5:43:04 PM AEST,nan,nan,nan,nan,nan,nan,nan,0.63,nan,nan,nan,nan
29-Jan-24 5:43:05 PM AEST,nan,nan,27.2,nan,nan,nan,nan,nan,nan,nan,nan,nan
29-Jan-24 5:43:08 PM AEST,nan,nan,nan,nan,nan,nan,nan,nan,7.10,nan,nan,nan
29-Jan-24 5:43:12 PM AEST,nan,nan,nan,nan,nan,nan,140.90,nan,nan,nan,nan,100.00
29-Jan-24 5:43:32 PM AEST,nan,nan,nan,nan,nan,nan,nan,nan,nan,nan,140.50,nan
29-Jan-24 5:43:40 PM AEST,nan,nan,nan,nan,nan,nan,nan,nan,nan,5.70,nan,nan
29-Jan-24 5:44:00 PM AEST,31.3,nan,nan,nan,nan,nan,nan,nan,nan,nan,nan,nan
29-Jan-24 5:44:04 PM AEST,nan,79.2,nan,nan,nan,nan,nan,nan,nan,nan,nan,nan
29-Jan-24 5:44:08 PM AEST,nan,nan,nan,nan,nan,nan,nan,0.69,nan,nan,nan,nan
29-Jan-24 5:44:10 PM AEST,nan,nan,27.3,nan,nan,nan,nan,nan,nan,nan,nan,nan
29-Jan-24 5:44:12 PM AEST,nan,nan,nan,nan,nan,nan,nan,nan,10.60,nan,nan,nan
29-Jan-24 5:44:16 PM AEST,nan,nan,nan,nan,nan,nan,113.80,nan,nan,nan,nan,100.80
29-Jan-24 5:44:36 PM AEST,nan,nan,nan,nan,nan,nan,nan,nan,nan,nan,112.90,nan
29-Jan-24 5:44:44 PM AEST,nan,nan,nan,nan,nan,nan,nan,nan,nan,6.10,nan,nan
29-Jan-24 5:45:05 PM AEST,31.2,nan,nan,nan,nan,nan,nan,nan,nan,nan,nan,nan
29-Jan-24 5:45:08 PM AEST,nan,79.3,nan,nan,nan,nan,nan,nan,nan,nan,nan,nan
29-Jan-24 5:45:12 PM AEST,nan,nan,nan,nan,nan,nan,nan,0.80,nan,nan,nan,nan
29-Jan-24 5:45:15 PM AEST,nan,nan,27.2,nan,nan,nan,nan,nan,nan,nan,nan,nan
29-Jan-24 5:45:16 PM AEST,nan,nan,nan,nan,nan,nan,nan,nan,11.80,nan,nan,nan
29-Jan-24 5:45:20 PM AEST,nan,nan,nan,nan,nan,nan,142.40,nan,nan,nan,nan,103.30
29-Jan-24 5:45:40 PM AEST,nan,nan,nan,nan,nan,nan,nan,nan,nan,nan,142.90,nan
29-Jan-24 5:45:48 PM AEST,nan,nan,nan,nan,nan,nan,nan,nan,nan,8.00,nan,nan
29-Jan-24 5:46:16 PM AEST,nan,nan,nan,nan,nan,nan,nan,0.40,nan,nan,nan,nan
29-Jan-24 5:46:20 PM AEST,nan,nan,nan,nan,nan,nan,nan,nan,5.90,nan,nan,nan
29-Jan-24 5:46:24 PM AEST,nan,nan,nan,nan,nan,nan,151.40,nan,nan,nan,nan,106.70
29-Jan-24 5:46:44 PM AEST,nan,nan,nan,nan,nan,nan,nan,nan,nan,nan,151.40,nan
29-Jan-24 5:46:52 PM AEST,nan,nan,nan,nan,nan,nan,nan,nan,nan,4.00,nan,nan
29-Jan-24 5:47:20 PM AEST,nan,nan,nan,nan,nan,nan,nan,0.30,nan,nan,nan,nan
29-Jan-24 5:47:24 PM AEST,nan,nan,nan,nan,nan,nan,nan,nan,4.70,nan,nan,nan
29-Jan-24 5:47:28 PM AEST,nan,nan,nan,nan,nan,nan,158.50,nan,nan,nan,nan,110.80
29-Jan-24 5:47:48 PM AEST,nan,nan,nan,nan,nan,nan,nan,nan,nan,nan,158.60,nan
29-Jan-24 5:47:56 PM AEST,nan,nan,nan,nan,nan,nan,nan,nan,nan,3.00,nan,nan
29-Jan-24 5:47:56 PM AEST,nan,nan,nan,nan,nan,nan,nan,nan,nan,5.00,nan,nan
29-Jan-24 5:48:00 PM AEST,31.3,79.7,27.4,nan,nan,nan,nan,nan,nan,nan,nan,nan
29-Jan-24 5:48:24 PM AEST,nan,nan,nan,nan,nan,nan,nan,0.53,nan,nan,nan,nan
29-Jan-24 5:48:28 PM AEST,nan,nan,nan,nan,nan,nan,nan,nan,8.30,nan,nan,nan
29-Jan-24 5:48:32 PM AEST,nan,nan,nan,nan,nan,nan,187.30,nan,nan,nan,nan,112.50
29-Jan-24 5:48:52 PM AEST,nan,nan,nan,nan,nan,nan,nan,nan,nan,nan,192.20,nan
29-Jan-24 5:49:00 PM AEST,nan,nan,nan,nan,nan,nan,nan,nan,nan,6.30,nan,nan
29-Jan-24 5:49:28 PM AEST,nan,nan,nan,nan,nan,nan,nan,0.66,nan,nan,nan,nan
29-Jan-24 5:49:32 PM AEST,nan,nan,nan,nan,nan,nan,nan,nan,9.50,nan,nan,nan
29-Jan-24 5:49:36 PM AEST,nan,nan,nan,nan,nan,nan,192.90,nan,nan,nan,nan,108.30
29-Jan-24 5:49:56 PM AEST,nan,nan,nan,nan,nan,nan,nan,nan,nan,nan,194.90,nan
29-Jan-24 5:49:56 PM AEST,nan,nan,nan,nan,nan,nan,nan,nan,nan,nan,176.70,nan
29-Jan-24 5:50:04 PM AEST,nan,nan,nan,nan,nan,nan,nan,nan,nan,5.50,nan,nan
29-Jan-24 5:50:32 PM AEST,nan,nan,nan,nan,nan,nan,nan,0.56,nan,nan,nan,nan
29-Jan-24 5:50:40 PM AEST,nan,nan,nan,nan,nan,nan,175.10,nan,nan,nan,nan,101.60
29-Jan-24 5:51:00 PM AEST,nan,79.8,nan,nan,nan,nan,nan,nan,nan,nan,167.90,nan
29-Jan-24 5:51:08 PM AEST,nan,nan,nan,nan,nan,nan,nan,nan,nan,7.20,nan,nan
29-Jan-24 5:51:36 PM AEST,nan,nan,nan,nan,nan,nan,nan,0.74,nan,nan,nan,nan
29-Jan-24 5:51:44 PM AEST,nan,nan,nan,nan,nan,nan,168.70,nan,nan,nan,nan,95.00
29-Jan-24 5:52:00 PM AEST,nan,nan,nan,nan,nan,nan,nan,nan,10.60,nan,nan,nan
29-Jan-24 5:52:12 PM AEST,nan,nan,nan,nan,nan,nan,nan,nan,nan,5.30,nan,nan
29-Jan-24 5:52:40 PM AEST,nan,nan,nan,nan,nan,nan,nan,0.59,nan,nan,nan,nan
29-Jan-24 5:52:48 PM AEST,nan,nan,nan,nan,nan,nan,180.50,nan,nan,nan,nan,91.70
29-Jan-24 5:53:00 PM AEST,31.2,79.7,nan,nan,nan,nan,nan,nan,nan,nan,181.70,nan
29-Jan-24 5:53:00 PM AEST,31.2,79.8,nan,nan,nan,nan,nan,nan,nan,nan,172.10,nan
29-Jan-24 5:53:04 PM AEST,nan,nan,nan,nan,nan,nan,nan,nan,7.10,nan,nan,nan
29-Jan-24 5:53:16 PM AEST,nan,nan,nan,nan,nan,nan,nan,nan,nan,4.80,nan,nan
29-Jan-24 5:53:44 PM AEST,nan,nan,nan,nan,nan,nan,nan,0.49,nan,nan,nan,nan
29-Jan-24 5:53:52 PM AEST,nan,nan,nan,nan,nan,nan,173.00,nan,nan,nan,nan,90.00
29-Jan-24 5:54:00 PM AEST,nan,nan,27.3,nan,nan,nan,nan,nan,nan,nan,nan,nan
29-Jan-24 5:54:08 PM AEST,nan,nan,nan,nan,nan,nan,nan,nan,8.30,nan,nan,nan
29-Jan-24 5:54:20 PM AEST,nan,nan,nan,nan,nan,nan,nan,nan,nan,5.20,nan,nan
29-Jan-24 5:54:48 PM AEST,nan,nan,nan,nan,nan,nan,nan,0.56,nan,nan,nan,nan
29-Jan-24 5:54:56 PM AEST,nan,nan,nan,nan,nan,nan,158.00,nan,nan,nan,nan,89.20
29-Jan-24 5:55:00 PM AEST,nan,nan,nan,nan,nan,nan,nan,nan,nan,nan,155.50,nan
29-Jan-24 5:55:12 PM AEST,nan,nan,nan,nan,nan,nan,nan,nan,9.50,nan,nan,nan
29-Jan-24 5:55:24 PM AEST,nan,nan,nan,nan,nan,0.12,nan,nan,nan,7.20,nan,nan
29-Jan-24 5:55:52 PM AEST,nan,nan,nan,nan,nan,nan,nan,0.77,nan,nan,nan,nan
29-Jan-24 5:56:00 PM AEST,nan,79.7,nan,nan,nan,nan,128.10,nan,nan,nan,nan,88.30
29-Jan-24 5:56:04 PM AEST,nan,nan,nan,nan,nan,nan,nan,nan,nan,nan,130.10,nan
29-Jan-24 5:56:16 PM AEST,nan,nan,nan,nan,nan,nan,nan,nan,8.30,nan,nan,nan
29-Jan-24 5:56:28 PM AEST,nan,nan,nan,nan,nan,nan,nan,nan,nan,6.10,nan,nan
29-Jan-24 5:56:56 PM AEST,nan,nan,nan,nan,nan,nan,nan,0.62,nan,nan,nan,nan
29-Jan-24 5:56:56 PM AEST,nan,nan,nan,nan,nan,nan,nan,0.54,nan,nan,nan,nan
29-Jan-24 5:57:00 PM AEST,31.1,nan,27.1,nan,nan,nan,nan,nan,nan,nan,nan,nan
29-Jan-24 5:57:04 PM AEST,nan,79.3,nan,nan,nan,nan,132.90,nan,nan,nan,nan,86.70
29-Jan-24 5:57:04 PM AEST,nan,79.7,nan,nan,nan,nan,154.50,nan,nan,nan,nan,85.80
29-Jan-24 5:57:08 PM AEST,nan,nan,nan,nan,nan,nan,nan,nan,nan,nan,132.90,nan
29-Jan-24 5:57:08 PM AEST,nan,nan,nan,nan,nan,nan,nan,nan,nan,nan,155.10,nan
29-Jan-24 5:57:20 PM AEST,nan,nan,nan,nan,nan,nan,nan,nan,7.10,nan,nan,nan
29-Jan-24 5:57:32 PM AEST,nan,nan,nan,nan,nan,nan,nan,nan,nan,5.40,nan,nan
29-Jan-24 5:58:00 PM AEST,nan,nan,nan,nan,nan,nan,nan,0.50,nan,nan,nan,nan
29-Jan-24 5:58:05 PM AEST,31.2,nan,27.2,nan,nan,nan,nan,nan,nan,nan,nan,nan
29-Jan-24 5:58:08 PM AEST,nan,nan,nan,nan,nan,nan,164.80,nan,nan,nan,nan,86.60
29-Jan-24 5:58:12 PM AEST,nan,nan,nan,nan,nan,nan,nan,nan,nan,nan,167.70,nan
29-Jan-24 5:58:36 PM AEST,nan,nan,nan,nan,nan,nan,nan,nan,nan,4.70,nan,nan
29-Jan-24 5:59:00 PM AEST,nan,79.5,nan,nan,nan,nan,nan,nan,9.50,nan,nan,nan
29-Jan-24 5:59:04 PM AEST,nan,nan,nan,nan,nan,nan,nan,0.67,nan,nan,nan,nan
29-Jan-24 5:59:10 PM AEST,31.1,nan,nan,nan,nan,nan,nan,nan,nan,nan,nan,nan
29-Jan-24 5:59:12 PM AEST,nan,nan,nan,nan,nan,nan,152.70,nan,nan,nan,nan,88.30
29-Jan-24 5:59:16 PM AEST,nan,nan,nan,nan,nan,nan,nan,nan,nan,nan,153.70,nan
29-Jan-24 5:59:40 PM AEST,nan,nan,nan,nan,nan,nan,nan,nan,nan,6.60,nan,nan
29-Jan-24 6:00:04 PM AEST,nan,79.3,nan,nan,nan,nan,nan,nan,nan,nan,nan,nan
29-Jan-24 6:00:08 PM AEST,nan,nan,nan,nan,nan,nan,nan,0.54,nan,nan,nan,nan
29-Jan-24 6:00:16 PM AEST,nan,nan,nan,nan,nan,nan,135.80,nan,nan,nan,nan,nan
29-Jan-24 6:00:20 PM AEST,nan,nan,nan,nan,nan,nan,nan,nan,nan,nan,135.60,nan
29-Jan-24 6:00:44 PM AEST,nan,nan,nan,nan,nan,nan,nan,nan,nan,5.40,nan,nan
29-Jan-24 6:01:00 PM AEST,nan,nan,27.1,nan,nan,nan,nan,nan,nan,nan,nan,nan
29-Jan-24 6:01:08 PM AEST,nan,79.2,nan,nan,nan,nan,nan,nan,nan,nan,nan,nan
29-Jan-24 6:01:12 PM AEST,nan,nan,nan,nan,nan,nan,nan,0.59,nan,nan,nan,nan
29-Jan-24 6:01:20 PM AEST,nan,nan,nan,nan,nan,nan,177.70,nan,nan,nan,nan,nan
29-Jan-24 6:01:24 PM AEST,nan,nan,nan,nan,nan,nan,nan,nan,nan,nan,172.90,nan
29-Jan-24 6:01:48 PM AEST,nan,nan,nan,nan,nan,nan,nan,nan,nan,5.50,nan,nan
29-Jan-24 6:02:12 PM AEST,nan,79.3,nan,nan,nan,nan,nan,nan,nan,nan,nan,nan
29-Jan-24 6:02:16 PM AEST,nan,nan,nan,nan,nan,nan,nan,0.51,nan,nan,nan,nan
29-Jan-24 6:02:24 PM AEST,nan,nan,nan,nan,nan,nan,146.10,nan,nan,nan,nan,nan
29-Jan-24 6:02:28 PM AEST,nan,nan,nan,nan,nan,nan,nan,nan,nan,nan,140.40,nan
29-Jan-24 6:02:52 PM AEST,nan,nan,nan,nan,nan,nan,nan,nan,nan,4.40,nan,nan
29-Jan-24 6:03:00 PM AEST,nan,nan,nan,nan,nan,nan,nan,nan,7.10,nan,nan,86.70
29-Jan-24 6:03:16 PM AEST,nan,79.2,nan,nan,nan,nan,nan,nan,nan,nan,nan,nan
29-Jan-24 6:03:20 PM AEST,nan,nan,nan,nan,nan,nan,nan,0.63,nan,nan,nan,nan
29-Jan-24 6:03:28 PM AEST,nan,nan,nan,nan,nan,nan,159.90,nan,nan,nan,nan,nan
29-Jan-24 6:03:32 PM AEST,nan,nan,nan,nan,nan,nan,nan,nan,nan,nan,171.90,nan
29-Jan-24 6:03:56 PM AEST,nan,nan,nan,nan,nan,nan,nan,nan,nan,5.40,nan,nan
29-Jan-24 6:04:04 PM AEST,nan,nan,nan,nan,nan,nan,nan,nan,9.50,nan,nan,85.00
29-Jan-24 6:04:04 PM AEST,nan,nan,nan,nan,nan,nan,nan,nan,9.50,nan,nan,81.70
29-Jan-24 6:04:20 PM AEST,nan,79.0,nan,nan,nan,nan,nan,nan,nan,nan,nan,nan
29-Jan-24 6:04:24 PM AEST,nan,nan,nan,nan,nan,nan,nan,0.57,nan,nan,nan,nan
29-Jan-24 6:04:32 PM AEST,nan,nan,nan,nan,nan,nan,204.20,nan,nan,nan,nan,nan
29-Jan-24 6:04:36 PM AEST,nan,nan,nan,nan,nan,nan,nan,nan,nan,nan,203.90,nan
29-Jan-24 6:05:00 PM AEST,nan,nan,nan,nan,nan,nan,nan,nan,nan,5.60,nan,nan
29-Jan-24 6:05:08 PM AEST,nan,nan,nan,nan,nan,nan,nan,nan,nan,nan,nan,77.50
29-Jan-24 6:05:24 PM AEST,nan,79.2,nan,nan,nan,nan,nan,nan,nan,nan,nan,nan
29-Jan-24 6:05:28 PM AEST,nan,nan,nan,nan,nan,nan,nan,0.42,nan,nan,nan,nan
29-Jan-24 6:05:36 PM AEST,nan,nan,nan,nan,nan,nan,202.00,nan,nan,nan,nan,nan
29-Jan-24 6:05:40 PM AEST,nan,nan,nan,nan,nan,nan,nan,nan,nan,nan,200.20,nan
29-Jan-24 6:06:04 PM AEST,nan,nan,nan,nan,nan,nan,nan,nan,nan,4.20,nan,nan
29-Jan-24 6:06:12 PM AEST,nan,nan,nan,nan,nan,nan,nan,nan,nan,nan,nan,70.80
29-Jan-24 6:06:28 PM AEST,nan,79.0,nan,nan,nan,nan,nan,nan,nan,nan,nan,nan
29-Jan-24 6:06:32 PM AEST,nan,nan,nan,nan,nan,nan,nan,0.46,nan,nan,nan,nan
29-Jan-24 6:06:40 PM AEST,nan,nan,nan,nan,nan,nan,187.70,nan,nan,nan,nan,nan
29-Jan-24 6:06:44 PM AEST,nan,nan,nan,nan,nan,nan,nan,nan,nan,nan,188.90,nan
29-Jan-24 6:07:00 PM AEST,31.2,nan,nan,nan,nan,nan,nan,nan,8.30,nan,nan,nan
29-Jan-24 6:07:08 PM AEST,nan,nan,nan,nan,nan,nan,nan,nan,nan,4.60,nan,nan
29-Jan-24 6:07:16 PM AEST,nan,nan,nan,nan,nan,nan,nan,nan,nan,nan,nan,65.80
29-Jan-24 6:07:32 PM AEST,nan,79.2,nan,nan,nan,nan,nan,nan,nan,nan,nan,nan
29-Jan-24 6:07:44 PM AEST,nan,nan,nan,nan,nan,nan,207.10,nan,nan,nan,nan,nan
29-Jan-24 6:07:48 PM AEST,nan,nan,nan,nan,nan,nan,nan,nan,nan,nan,207.00,nan
29-Jan-24 6:08:04 PM AEST,nan,nan,nan,nan,nan,nan,nan,nan,7.10,nan,nan,nan
29-Jan-24 6:08:12 PM AEST,nan,nan,nan,nan,nan,nan,nan,nan,nan,4.00,nan,nan
29-Jan-24 6:08:20 PM AEST,nan,nan,nan,nan,nan,nan,nan,nan,nan,nan,nan,60.00
29-Jan-24 6:08:36 PM AEST,nan,79.3,nan,nan,nan,nan,nan,nan,nan,nan,nan,nan
29-Jan-24 6:08:48 PM AEST,nan,nan,nan,nan,nan,nan,133.30,nan,nan,nan,nan,nan
29-Jan-24 6:08:52 PM AEST,nan,nan,nan,nan,nan,nan,nan,nan,nan,nan,132.40,nan
29-Jan-24 6:09:00 PM AEST,nan,nan,nan,nan,nan,nan,nan,0.44,nan,nan,nan,nan
29-Jan-24 6:09:16 PM AEST,nan,nan,nan,nan,nan,nan,nan,nan,nan,4.60,nan,nan
29-Jan-24 6:09:24 PM AEST,nan,nan,nan,nan,nan,nan,nan,nan,nan,nan,nan,53.30
29-Jan-24 6:09:40 PM AEST,nan,79.5,nan,nan,nan,nan,nan,nan,nan,nan,nan,nan
29-Jan-24 6:09:52 PM AEST,nan,nan,nan,nan,nan,nan,184.70,nan,nan,nan,nan,nan
29-Jan-24 6:09:56 PM AEST,nan,nan,nan,nan,nan,nan,nan,nan,nan,nan,184.90,nan
29-Jan-24 6:10:00 PM AEST,nan,nan,27.2,nan,nan,nan,nan,nan,nan,nan,nan,nan
29-Jan-24 6:10:04 PM AEST,nan,nan,nan,nan,nan,nan,nan,0.49,nan,nan,nan,nan
29-Jan-24 6:10:20 PM AEST,nan,nan,nan,nan,nan,nan,nan,nan,nan,4.80,nan,nan
29-Jan-24 6:10:28 PM AEST,nan,nan,nan,nan,nan,nan,nan,nan,nan,nan,nan,45.80
29-Jan-24 6:10:44 PM AEST,nan,79.3,nan,nan,nan,nan,nan,nan,nan,nan,nan,nan
29-Jan-24 6:10:56 PM AEST,nan,nan,nan,nan,nan,nan,203.80,nan,nan,nan,nan,nan
29-Jan-24 6:10:56 PM AEST,nan,nan,nan,nan,nan,nan,214.10,nan,nan,nan,nan,nan
29-Jan-24 6:11:00 PM AEST,31.1,nan,nan,nan,nan,nan,nan,nan,8.30,nan,206.40,nan
29-Jan-24 6:11:00 PM AEST,31.1,nan,nan,nan,nan,nan,nan,nan,8.30,nan,217.60,nan
29-Jan-24 6:11:05 PM AEST,nan,nan,27.1,nan,nan,nan,nan,nan,nan,nan,nan,nan
29-Jan-24 6:11:08 PM AEST,nan,nan,nan,nan,nan,nan,nan,0.53,nan,nan,nan,nan
29-Jan-24 6:11:08 PM AEST,nan,nan,nan,nan,nan,nan,nan,0.61,nan,nan,nan,nan
29-Jan-24 6:11:24 PM AEST,nan,nan,nan,nan,nan,nan,nan,nan,nan,4.10,nan,nan
29-Jan-24 6:11:32 PM AEST,nan,nan,nan,nan,nan,nan,nan,nan,nan,nan,nan,39.20
29-Jan-24 6:11:48 PM AEST,nan,79.5,nan,nan,nan,nan,nan,nan,nan,nan,nan,nan
29-Jan-24 6:12:00 PM AEST,nan,nan,nan,nan,nan,nan,184.50,nan,nan,nan,nan,nan
29-Jan-24 6:12:04 PM AEST,nan,nan,nan,nan,nan,nan,nan,nan,13.00,nan,185.50,nan
29-Jan-24 6:12:12 PM AEST,nan,nan,nan,nan,nan,nan,nan,0.73,nan,nan,nan,nan
29-Jan-24 6:12:28 PM AEST,nan,nan,nan,nan,nan,nan,nan,nan,nan,7.10,nan,nan
29-Jan-24 6:12:36 PM AEST,nan,nan,nan,nan,nan,nan,nan,nan,nan,nan,nan,33.30
29-Jan-24 6:12:52 PM AEST,nan,79.7,nan,nan,nan,nan,nan,nan,nan,nan,nan,nan
29-Jan-24 6:12:52 PM AEST,nan,79.8,nan,nan,nan,nan,nan,nan,nan,nan,nan,nan
29-Jan-24 6:13:00 PM AEST,31.0,nan,nan,nan,nan,nan,nan,nan,nan,nan,nan,nan
29-Jan-24 6:13:04 PM AEST,nan,nan,nan,nan,nan,nan,210.30,nan,nan,nan,nan,nan
29-Jan-24 6:13:08 PM AEST,nan,nan,nan,nan,nan,nan,nan,nan,10.60,nan,210.90,nan
29-Jan-24 6:13:16 PM AEST,nan,nan,nan,nan,nan,nan,nan,0.83,nan,nan,nan,nan
29-Jan-24 6:13:32 PM AEST,nan,nan,nan,nan,nan,nan,nan,nan,nan,8.10,nan,nan
29-Jan-24 6:13:40 PM AEST,nan,nan,nan,nan,nan,nan,nan,nan,nan,nan,nan,26.70
29-Jan-24 6:14:08 PM AEST,nan,nan,nan,nan,nan,nan,195.60,nan,nan,nan,nan,nan
29-Jan-24 6:14:12 PM AEST,nan,nan,nan,nan,nan,nan,nan,nan,8.30,nan,195.60,nan
29-Jan-24 6:14:20 PM AEST,nan,nan,nan,nan,nan,nan,nan,0.43,nan,nan,nan,nan
29-Jan-24 6:14:36 PM AEST,nan,nan,nan,nan,nan,nan,nan,nan,nan,4.30,nan,nan
29-Jan-24 6:14:44 PM AEST,nan,nan,nan,nan,nan,nan,nan,nan,nan,nan,nan,22.50
29-Jan-24 6:15:12 PM AEST,nan,nan,nan,nan,nan,nan,228.20,nan,nan,nan,nan,nan
29-Jan-24 6:15:16 PM AEST,nan,nan,nan,nan,nan,nan,nan,nan,7.10,nan,224.40,nan
29-Jan-24 6:15:24 PM AEST,nan,nan,nan,nan,nan,nan,nan,0.44,nan,nan,nan,nan
29-Jan-24 6:15:40 PM AEST,nan,nan,nan,nan,nan,nan,nan,nan,nan,4.10,nan,nan
29-Jan-24 6:15:48 PM AEST,nan,nan,nan,nan,nan,nan,nan,nan,nan,nan,nan,19.10
29-Jan-24 6:16:00 PM AEST,nan,80.2,27.2,nan,nan,nan,nan,nan,nan,nan,nan,nan
29-Jan-24 6:16:00 PM AEST,nan,80.3,27.2,nan,nan,nan,nan,nan,nan,nan,nan,nan
29-Jan-24 6:16:16 PM AEST,nan,nan,nan,nan,nan,nan,205.80,nan,nan,nan,nan,nan
29-Jan-24 6:16:20 PM AEST,nan,nan,nan,nan,nan,nan,nan,nan,10.60,nan,196.60,nan
29-Jan-24 6:16:28 PM AEST,nan,nan,nan,nan,nan,nan,nan,0.54,nan,nan,nan,nan
29-Jan-24 6:16:44 PM AEST,nan,nan,nan,nan,nan,nan,nan,nan,nan,4.90,nan,nan
29-Jan-24 6:16:52 PM AEST,nan,nan,nan,nan,nan,nan,nan,nan,nan,nan,nan,16.70
29-Jan-24 6:17:20 PM AEST,nan,nan,nan,nan,nan,nan,177.40,nan,nan,nan,nan,nan
29-Jan-24 6:17:24 PM AEST,nan,nan,nan,nan,nan,nan,nan,nan,8.30,nan,177.10,nan
29-Jan-24 6:17:32 PM AEST,nan,nan,nan,nan,nan,nan,nan,0.43,nan,nan,nan,nan
29-Jan-24 6:17:48 PM AEST,nan,nan,nan,nan,nan,nan,nan,nan,nan,4.30,nan,nan
29-Jan-24 6:17:56 PM AEST,nan,nan,nan,nan,nan,nan,nan,nan,nan,nan,nan,15.00
29-Jan-24 6:17:56 PM AEST,nan,nan,nan,nan,nan,nan,nan,nan,nan,nan,nan,14.20
29-Jan-24 6:18:00 PM AEST,30.9,nan,nan,nan,nan,nan,nan,nan,nan,nan,nan,nan
29-Jan-24 6:18:24 PM AEST,nan,nan,nan,nan,nan,nan,163.40,nan,nan,nan,nan,nan
29-Jan-24 6:18:28 PM AEST,nan,nan,nan,nan,nan,nan,nan,nan,11.80,nan,163.30,nan
29-Jan-24 6:18:36 PM AEST,nan,nan,nan,nan,nan,nan,nan,0.64,nan,nan,nan,nan
29-Jan-24 6:18:52 PM AEST,nan,nan,nan,nan,nan,nan,nan,nan,nan,5.80,nan,nan
29-Jan-24 6:19:00 PM AEST,nan,nan,nan,nan,nan,nan,nan,nan,nan,nan,nan,13.30
29-Jan-24 6:19:28 PM AEST,nan,nan,nan,nan,nan,nan,215.20,nan,nan,nan,nan,nan
29-Jan-24 6:19:32 PM AEST,nan,nan,nan,nan,nan,nan,nan,nan,16.60,nan,217.50,nan
29-Jan-24 6:19:40 PM AEST,nan,nan,nan,nan,nan,nan,nan,0.92,nan,nan,nan,nan
29-Jan-24 6:19:56 PM AEST,nan,nan,nan,nan,nan,nan,nan,nan,nan,8.70,nan,nan
29-Jan-24 6:20:00 PM AEST,nan,80.5,27.1,nan,nan,nan,nan,nan,nan,nan,nan,nan
29-Jan-24 6:20:32 PM AEST,nan,nan,nan,nan,nan,nan,170.30,nan,nan,nan,nan,nan
29-Jan-24 6:20:36 PM AEST,nan,nan,nan,nan,nan,nan,nan,nan,9.50,nan,169.60,nan
29-Jan-24 6:20:44 PM AEST,nan,nan,nan,nan,nan,nan,nan,0.63,nan,nan,nan,nan
29-Jan-24 6:21:00 PM AEST,30.8,nan,nan,nan,nan,nan,nan,nan,nan,6.30,nan,nan
29-Jan-24 6:21:04 PM AEST,nan,81.0,nan,nan,nan,nan,nan,nan,nan,nan,nan,nan
29-Jan-24 6:21:36 PM AEST,nan,nan,nan,nan,nan,nan,163.70,nan,nan,nan,nan,nan
29-Jan-24 6:21:40 PM AEST,nan,nan,nan,nan,nan,nan,nan,nan,7.10,nan,163.20,nan
29-Jan-24 6:21:48 PM AEST,nan,nan,nan,nan,nan,nan,nan,0.49,nan,nan,nan,nan
29-Jan-24 6:22:04 PM AEST,nan,nan,nan,nan,nan,nan,nan,nan,nan,4.80,nan,nan
29-Jan-24 6:22:08 PM AEST,nan,81.2,nan,nan,nan,nan,nan,nan,nan,nan,nan,nan
29-Jan-24 6:22:40 PM AEST,nan,nan,nan,nan,nan,nan,193.10,nan,nan,nan,nan,nan
29-Jan-24 6:22:44 PM AEST,nan,nan,nan,nan,nan,nan,nan,nan,11.80,nan,193.30,nan
29-Jan-24 6:22:52 PM AEST,nan,nan,nan,nan,nan,nan,nan,0.80,nan,nan,nan,nan
29-Jan-24 6:23:00 PM AEST,nan,nan,27.2,nan,nan,nan,nan,nan,nan,nan,nan,15.80
29-Jan-24 6:23:08 PM AEST,nan,nan,nan,nan,nan,nan,nan,nan,nan,7.80,nan,nan
29-Jan-24 6:23:12 PM AEST,nan,81.3,nan,nan,nan,nan,nan,nan,nan,nan,nan,nan
29-Jan-24 6:23:44 PM AEST,nan,nan,nan,nan,nan,nan,165.10,nan,nan,nan,nan,nan
29-Jan-24 6:23:48 PM AEST,nan,nan,nan,nan,nan,nan,nan,nan,9.50,nan,164.50,nan
29-Jan-24 6:23:56 PM AEST,nan,nan,nan,nan,nan,nan,nan,0.78,nan,nan,nan,nan
29-Jan-24 6:24:00 PM AEST,30.7,nan,nan,nan,nan,nan,nan,nan,nan,nan,nan,nan
29-Jan-24 6:24:05 PM AEST,nan,nan,27.1,nan,nan,nan,nan,nan,nan,nan,nan,nan
29-Jan-24 6:24:12 PM AEST,nan,nan,nan,nan,nan,nan,nan,nan,nan,7.60,nan,nan
29-Jan-24 6:24:12 PM AEST,nan,nan,nan,nan,nan,nan,nan,nan,nan,4.70,nan,nan
29-Jan-24 6:24:16 PM AEST,nan,81.5,nan,nan,nan,nan,nan,nan,nan,nan,nan,nan
29-Jan-24 6:24:48 PM AEST,nan,nan,nan,nan,nan,nan,185.20,nan,nan,nan,nan,nan
29-Jan-24 6:24:52 PM AEST,nan,nan,nan,nan,nan,nan,nan,nan,7.10,nan,184.90,nan
29-Jan-24 6:25:00 PM AEST,nan,nan,nan,nan,nan,nan,nan,0.49,nan,nan,nan,15.00
29-Jan-24 6:25:16 PM AEST,nan,nan,nan,nan,nan,nan,nan,nan,nan,4.40,nan,nan
29-Jan-24 6:25:20 PM AEST,nan,81.7,nan,nan,nan,nan,nan,nan,nan,nan,nan,nan
29-Jan-24 6:25:52 PM AEST,nan,nan,nan,nan,nan,nan,209.90,nan,nan,nan,nan,nan
29-Jan-24 6:25:52 PM AEST,nan,nan,nan,nan,nan,nan,210.70,nan,nan,nan,nan,nan
29-Jan-24 6:25:56 PM AEST,nan,nan,nan,nan,nan,nan,nan,nan,5.90,nan,209.80,nan
29-Jan-24 6:25:56 PM AEST,nan,nan,nan,nan,nan,nan,nan,nan,3.50,nan,210.70,nan
29-Jan-24 6:26:00 PM AEST,nan,nan,27.2,nan,nan,nan,nan,nan,nan,nan,nan,nan
29-Jan-24 6:26:04 PM AEST,nan,nan,nan,nan,nan,nan,nan,0.44,nan,nan,nan,13.30
29-Jan-24 6:26:04 PM AEST,nan,nan,nan,nan,nan,nan,nan,0.21,nan,nan,nan,11.70
29-Jan-24 6:26:20 PM AEST,nan,nan,nan,nan,nan,nan,nan,nan,nan,2.10,nan,nan
29-Jan-24 6:26:24 PM AEST,nan,82.0,nan,nan,nan,nan,nan,nan,nan,nan,nan,nan
29-Jan-24 6:26:56 PM AEST,nan,nan,nan,nan,nan,nan,120.40,nan,nan,nan,nan,nan
29-Jan-24 6:27:00 PM AEST,nan,nan,nan,nan,nan,nan,nan,nan,4.70,nan,124.30,nan
29-Jan-24 6:27:08 PM AEST,nan,nan,nan,nan,nan,nan,nan,0.20,nan,nan,nan,12.50
29-Jan-24 6:27:24 PM AEST,nan,nan,nan,nan,nan,nan,nan,nan,nan,1.90,nan,nan
29-Jan-24 6:28:00 PM AEST,nan,nan,27.3,nan,nan,nan,170.70,nan,nan,nan,nan,nan
29-Jan-24 6:28:04 PM AEST,nan,nan,nan,nan,nan,nan,nan,nan,7.10,nan,170.60,nan
29-Jan-24 6:28:12 PM AEST,nan,nan,nan,nan,nan,nan,nan,0.46,nan,nan,nan,11.70
29-Jan-24 6:28:28 PM AEST,nan,nan,nan,nan,nan,nan,nan,nan,nan,4.60,nan,nan
29-Jan-24 6:29:00 PM AEST,30.6,82.3,nan,nan,nan,nan,nan,nan,nan,nan,nan,nan
29-Jan-24 6:29:04 PM AEST,nan,nan,nan,nan,nan,nan,177.80,nan,nan,nan,nan,nan
29-Jan-24 6:29:08 PM AEST,nan,nan,nan,nan,nan,nan,nan,nan,9.50,nan,177.70,nan
29-Jan-24 6:29:16 PM AEST,nan,nan,nan,nan,nan,nan,nan,0.62,nan,nan,nan,10.00
29-Jan-24 6:29:32 PM AEST,nan,nan,nan,nan,nan,nan,nan,nan,nan,6.00,nan,nan
29-Jan-24 6:30:00 PM AEST,nan,nan,27.2,nan,nan,nan,nan,nan,nan,nan,nan,nan
29-Jan-24 6:30:04 PM AEST,nan,82.7,nan,nan,nan,nan,nan,nan,nan,nan,nan,nan
29-Jan-24 6:30:08 PM AEST,nan,nan,nan,nan,nan,nan,177.00,nan,nan,nan,nan,nan
29-Jan-24 6:30:12 PM AEST,nan,nan,nan,nan,nan,nan,nan,nan,nan,nan,178.90,nan
29-Jan-24 6:30:20 PM AEST,nan,nan,nan,nan,nan,nan,nan,0.61,nan,nan,nan,nan
29-Jan-24 6:31:00 PM AEST,30.5,nan,nan,nan,nan,nan,nan,nan,14.20,7.80,nan,nan
29-Jan-24 6:31:05 PM AEST,nan,nan,27.3,nan,nan,nan,nan,nan,nan,nan,nan,nan
29-Jan-24 6:31:08 PM AEST,nan,82.8,nan,nan,nan,nan,nan,nan,nan,nan,nan,nan
29-Jan-24 6:31:12 PM AEST,nan,nan,nan,nan,nan,nan,193.10,nan,nan,nan,nan,nan
29-Jan-24 6:31:16 PM AEST,nan,nan,nan,nan,nan,nan,nan,nan,nan,nan,196.70,nan
29-Jan-24 6:31:24 PM AEST,nan,nan,nan,nan,nan,nan,nan,0.82,nan,nan,nan,nan
29-Jan-24 6:32:04 PM AEST,nan,nan,nan,nan,nan,nan,nan,nan,18.90,9.30,nan,nan
29-Jan-24 6:32:12 PM AEST,nan,83.0,nan,nan,nan,nan,nan,nan,nan,nan,nan,nan
29-Jan-24 6:32:16 PM AEST,nan,nan,nan,nan,nan,nan,184.00,nan,nan,nan,nan,nan
29-Jan-24 6:32:20 PM AEST,nan,nan,nan,nan,nan,nan,nan,nan,nan,nan,183.20,nan
29-Jan-24 6:32:28 PM AEST,nan,nan,nan,nan,nan,nan,nan,0.96,nan,nan,nan,nan
29-Jan-24 6:33:00 PM AEST,nan,nan,nan,nan,nan,nan,nan,nan,nan,nan,nan,10.80
29-Jan-24 6:33:08 PM AEST,nan,nan,nan,nan,nan,nan,nan,nan,9.50,5.40,nan,nan
29-Jan-24 6:33:16 PM AEST,nan,83.3,nan,nan,nan,nan,nan,nan,nan,nan,nan,nan
29-Jan-24 6:33:20 PM AEST,nan,nan,nan,nan,nan,nan,187.90,nan,nan,nan,nan,nan
29-Jan-24 6:33:24 PM AEST,nan,nan,nan,nan,nan,nan,nan,nan,nan,nan,187.80,nan
29-Jan-24 6:33:32 PM AEST,nan,nan,nan,nan,nan,nan,nan,0.54,nan,nan,nan,nan
29-Jan-24 6:34:00 PM AEST,nan,nan,27.2,nan,nan,nan,nan,nan,nan,nan,nan,nan
29-Jan-24 6:34:00 PM AEST,nan,nan,27.3,nan,nan,nan,nan,nan,nan,nan,nan,nan
29-Jan-24 6:34:04 PM AEST,nan,nan,nan,nan,nan,nan,nan,nan,nan,nan,nan,9.20
29-Jan-24 6:34:04 PM AEST,nan,nan,nan,nan,nan,nan,nan,nan,nan,nan,nan,7.50
29-Jan-24 6:34:12 PM AEST,nan,nan,nan,nan,nan,nan,nan,nan,7.10,4.20,nan,nan
29-Jan-24 6:34:20 PM AEST,nan,83.5,nan,nan,nan,nan,nan,nan,nan,nan,nan,nan
29-Jan-24 6:34:24 PM AEST,nan,nan,nan,nan,nan,nan,155.80,nan,nan,nan,nan,nan
29-Jan-24 6:34:28 PM AEST,nan,nan,nan,nan,nan,nan,nan,nan,nan,nan,153.20,nan
29-Jan-24 6:34:36 PM AEST,nan,nan,nan,nan,nan,nan,nan,0.45,nan,nan,nan,nan
29-Jan-24 6:35:08 PM AEST,nan,nan,nan,nan,nan,nan,nan,nan,nan,nan,nan,5.00
29-Jan-24 6:35:16 PM AEST,nan,nan,nan,nan,nan,nan,nan,nan,4.70,3.40,nan,nan
29-Jan-24 6:35:24 PM AEST,nan,83.7,nan,nan,nan,nan,nan,nan,nan,nan,nan,nan
29-Jan-24 6:35:28 PM AEST,nan,nan,nan,nan,nan,nan,161.50,nan,nan,nan,nan,nan
29-Jan-24 6:35:32 PM AEST,nan,nan,nan,nan,nan,nan,nan,nan,nan,nan,161.10,nan
29-Jan-24 6:35:40 PM AEST,nan,nan,nan,nan,nan,nan,nan,0.34,nan,nan,nan,nan
29-Jan-24 6:36:20 PM AEST,nan,nan,nan,nan,nan,nan,nan,nan,3.50,2.50,nan,nan
29-Jan-24 6:36:32 PM AEST,nan,nan,nan,nan,nan,nan,162.80,nan,nan,nan,nan,nan
29-Jan-24 6:36:36 PM AEST,nan,nan,nan,nan,nan,nan,nan,nan,nan,nan,162.80,nan
29-Jan-24 6:36:44 PM AEST,nan,nan,nan,nan,nan,nan,nan,0.25,nan,nan,nan,nan
29-Jan-24 6:37:00 PM AEST,nan,nan,27.4,nan,nan,nan,nan,nan,nan,nan,nan,nan
29-Jan-24 6:37:24 PM AEST,nan,nan,nan,nan,nan,nan,nan,nan,7.10,4.60,nan,nan
29-Jan-24 6:37:36 PM AEST,nan,nan,nan,nan,nan,nan,165.00,nan,nan,nan,nan,nan
29-Jan-24 6:37:40 PM AEST,nan,nan,nan,nan,nan,nan,nan,nan,nan,nan,165.20,nan
29-Jan-24 6:37:48 PM AEST,nan,nan,nan,nan,nan,nan,nan,0.46,nan,nan,nan,nan
29-Jan-24 6:38:00 PM AEST,nan,83.8,nan,nan,nan,nan,nan,nan,nan,nan,nan,4.10
29-Jan-24 6:38:28 PM AEST,nan,nan,nan,nan,nan,nan,nan,nan,8.30,5.40,nan,nan
29-Jan-24 6:38:40 PM AEST,nan,nan,nan,nan,nan,nan,167.00,nan,nan,nan,nan,nan
29-Jan-24 6:38:44 PM AEST,nan,nan,nan,nan,nan,nan,nan,nan,nan,nan,167.40,nan
29-Jan-24 6:38:52 PM AEST,nan,nan,nan,nan,nan,nan,nan,0.54,nan,nan,nan,nan
29-Jan-24 6:39:00 PM AEST,30.4,nan,nan,nan,nan,nan,nan,nan,nan,nan,nan,nan
29-Jan-24 6:39:04 PM AEST,nan,nan,nan,nan,nan,nan,nan,nan,nan,nan,nan,3.30
29-Jan-24 6:39:32 PM AEST,nan,nan,nan,nan,nan,nan,nan,nan,5.90,4.30,nan,nan
29-Jan-24 6:39:44 PM AEST,nan,nan,nan,nan,nan,nan,176.00,nan,nan,nan,nan,nan
29-Jan-24 6:39:44 PM AEST,nan,nan,nan,nan,nan,nan,190.20,nan,nan,nan,nan,nan
29-Jan-24 6:39:48 PM AEST,nan,nan,nan,nan,nan,nan,nan,nan,nan,nan,176.00,nan
29-Jan-24 6:39:56 PM AEST,nan,nan,nan,nan,nan,nan,nan,0.43,nan,nan,nan,nan
29-Jan-24 6:39:56 PM AEST,nan,nan,nan,nan,nan,nan,nan,0.42,nan,nan,nan,nan
29-Jan-24 6:40:00 PM AEST,nan,84.0,nan,nan,nan,nan,nan,nan,nan,nan,nan,nan
29-Jan-24 6:40:36 PM AEST,nan,nan,nan,nan,nan,nan,nan,nan,nan,4.10,nan,nan
29-Jan-24 6:40:52 PM AEST,nan,nan,nan,nan,nan,nan,nan,nan,nan,nan,191.40,nan
29-Jan-24 6:40:52 PM AEST,nan,nan,nan,nan,nan,nan,nan,nan,nan,nan,202.50,nan
29-Jan-24 6:41:00 PM AEST,nan,nan,nan,nan,nan,nan,202.60,0.23,3.50,nan,nan,2.50
29-Jan-24 6:41:04 PM AEST,nan,84.3,nan,nan,nan,nan,nan,nan,nan,nan,nan,nan
29-Jan-24 6:41:40 PM AEST,nan,nan,nan,nan,nan,nan,nan,nan,nan,2.30,nan,nan
29-Jan-24 6:42:04 PM AEST,nan,nan,nan,nan,nan,nan,nan,0.22,nan,nan,nan,nan
29-Jan-24 6:42:08 PM AEST,nan,84.2,nan,nan,nan,nan,nan,nan,nan,nan,nan,nan
29-Jan-24 6:42:44 PM AEST,nan,nan,nan,nan,nan,nan,nan,nan,nan,2.20,nan,nan
29-Jan-24 6:43:00 PM AEST,nan,nan,27.5,nan,nan,nan,159.50,nan,7.10,nan,157.50,1.70
29-Jan-24 6:43:00 PM AEST,nan,nan,27.4,nan,nan,nan,159.50,nan,7.10,nan,157.50,1.70
29-Jan-24 6:43:08 PM AEST,nan,nan,nan,nan,nan,nan,nan,0.47,nan,nan,nan,nan
29-Jan-24 6:43:12 PM AEST,nan,84.3,nan,nan,nan,nan,nan,nan,nan,nan,nan,nan
29-Jan-24 6:43:48 PM AEST,nan,nan,nan,nan,nan,nan,nan,nan,nan,4.60,nan,nan
29-Jan-24 6:44:04 PM AEST,nan,nan,nan,nan,nan,nan,139.60,nan,5.90,nan,140.00,1.60
29-Jan-24 6:44:05 PM AEST,nan,nan,27.5,nan,nan,nan,nan,nan,nan,nan,nan,nan
29-Jan-24 6:44:12 PM AEST,nan,nan,nan,nan,nan,nan,nan,0.46,nan,nan,nan,nan
29-Jan-24 6:44:16 PM AEST,nan,84.2,nan,nan,nan,nan,nan,nan,nan,nan,nan,nan
29-Jan-24 6:44:52 PM AEST,nan,nan,nan,nan,nan,nan,nan,nan,nan,3.80,nan,nan
29-Jan-24 6:45:08 PM AEST,nan,nan,nan,nan,nan,nan,154.40,nan,nan,nan,154.50,1.70
29-Jan-24 6:45:10 PM AEST,nan,nan,27.4,nan,nan,nan,nan,nan,nan,nan,nan,nan
29-Jan-24 6:45:16 PM AEST,nan,nan,nan,nan,nan,nan,nan,0.38,nan,nan,nan,nan
29-Jan-24 6:45:20 PM AEST,nan,84.3,nan,nan,nan,nan,nan,nan,nan,nan,nan,nan
29-Jan-24 6:45:56 PM AEST,nan,nan,nan,nan,nan,nan,nan,nan,nan,4.00,nan,nan
29-Jan-24 6:46:00 PM AEST,30.3,nan,nan,nan,nan,nan,nan,nan,nan,nan,nan,nan
29-Jan-24 6:46:12 PM AEST,nan,nan,nan,nan,nan,nan,156.00,nan,nan,nan,156.00,0.80
29-Jan-24 6:46:20 PM AEST,nan,nan,nan,nan,nan,nan,nan,0.40,nan,nan,nan,nan
29-Jan-24 6:47:16 PM AEST,nan,nan,nan,nan,nan,nan,139.00,nan,nan,nan,128.40,nan
29-Jan-24 6:47:24 PM AEST,nan,nan,nan,nan,nan,nan,nan,0.43,nan,nan,nan,nan
29-Jan-24 6:48:00 PM AEST,nan,nan,nan,nan,nan,nan,nan,nan,9.50,4.10,nan,nan
29-Jan-24 6:48:00 PM AEST,nan,nan,nan,nan,nan,nan,nan,nan,7.10,5.00,nan,nan
29-Jan-24 6:48:20 PM AEST,nan,nan,nan,nan,nan,nan,113.30,nan,nan,nan,113.70,nan
29-Jan-24 6:48:28 PM AEST,nan,nan,nan,nan,nan,nan,nan,0.50,nan,nan,nan,nan
29-Jan-24 6:49:04 PM AEST,nan,nan,nan,nan,nan,nan,nan,nan,9.50,4.70,nan,nan
29-Jan-24 6:49:24 PM AEST,nan,nan,nan,nan,nan,nan,120.50,nan,nan,nan,125.60,nan
29-Jan-24 6:49:32 PM AEST,nan,nan,nan,nan,nan,nan,nan,0.48,nan,nan,nan,nan
29-Jan-24 6:50:00 PM AEST,30.2,nan,nan,nan,nan,nan,nan,nan,nan,nan,nan,nan
29-Jan-24 6:50:08 PM AEST,nan,nan,nan,nan,nan,nan,nan,nan,4.70,2.50,nan,nan
29-Jan-24 6:50:28 PM AEST,nan,nan,nan,nan,nan,nan,134.50,nan,nan,nan,134.50,nan
29-Jan-24 6:50:36 PM AEST,nan,nan,nan,nan,nan,nan,nan,0.25,nan,nan,nan,nan
29-Jan-24 6:51:00 PM AEST,nan,84.5,27.3,nan,nan,nan,nan,nan,nan,nan,nan,nan
29-Jan-24 6:51:05 PM AEST,30.3,nan,nan,nan,nan,nan,nan,nan,nan,nan,nan,nan
29-Jan-24 6:51:12 PM AEST,nan,nan,nan,nan,nan,nan,nan,nan,5.90,3.00,nan,nan
29-Jan-24 6:51:32 PM AEST,nan,nan,nan,nan,nan,nan,179.80,nan,nan,nan,194.60,nan
29-Jan-24 6:51:40 PM AEST,nan,nan,nan,nan,nan,nan,nan,0.36,nan,nan,nan,nan
29-Jan-24 6:52:00 PM AEST,nan,nan,nan,nan,nan,nan,nan,nan,nan,nan,nan,0.00
29-Jan-24 6:52:05 PM AEST,nan,nan,27.4,nan,nan,nan,nan,nan,nan,nan,nan,nan
29-Jan-24 6:52:16 PM AEST,nan,nan,nan,nan,nan,nan,nan,nan,nan,3.70,nan,nan
29-Jan-24 6:52:36 PM AEST,nan,nan,nan,nan,nan,nan,204.20,nan,nan,nan,204.10,nan
29-Jan-24 6:52:44 PM AEST,nan,nan,nan,nan,nan,nan,nan,0.37,nan,nan,nan,nan
29-Jan-24 6:53:00 PM AEST,nan,84.7,nan,nan,nan,nan,nan,nan,nan,nan,nan,nan
29-Jan-24 6:53:20 PM AEST,nan,nan,nan,nan,nan,nan,nan,nan,nan,3.50,nan,nan
29-Jan-24 6:53:40 PM AEST,nan,nan,nan,nan,nan,nan,202.40,nan,nan,nan,201.80,nan
29-Jan-24 6:53:48 PM AEST,nan,nan,nan,nan,nan,nan,nan,0.35,nan,nan,nan,nan
29-Jan-24 6:54:04 PM AEST,nan,84.5,nan,nan,nan,nan,nan,nan,nan,nan,nan,nan
29-Jan-24 6:54:24 PM AEST,nan,nan,nan,nan,nan,nan,nan,nan,nan,5.10,nan,nan
29-Jan-24 6:54:44 PM AEST,nan,nan,nan,nan,nan,nan,161.90,nan,nan,nan,163.80,nan
29-Jan-24 6:54:52 PM AEST,nan,nan,nan,nan,nan,nan,nan,0.54,nan,nan,nan,nan
29-Jan-24 6:54:52 PM AEST,nan,nan,nan,nan,nan,nan,nan,0.24,nan,nan,nan,nan
29-Jan-24 6:54:57 PM AEST,nan,nan,nan,nan,nan,0.03,nan,nan,nan,nan,nan,nan
29-Jan-24 6:54:57 PM AEST,nan,nan,nan,nan,nan,0.03,nan,nan,nan,nan,nan,nan
29-Jan-24 6:55:00 PM AEST,nan,nan,nan,nan,nan,nan,nan,nan,9.50,nan,nan,nan
29-Jan-24 6:55:00 PM AEST,nan,nan,nan,nan,nan,nan,nan,nan,3.50,nan,nan,nan
29-Jan-24 6:55:08 PM AEST,nan,84.7,nan,nan,nan,nan,nan,nan,nan,nan,nan,nan
29-Jan-24 6:55:08 PM AEST,nan,84.8,nan,nan,nan,nan,nan,nan,nan,nan,nan,nan
29-Jan-24 6:55:28 PM AEST,nan,nan,nan,nan,nan,nan,nan,nan,nan,2.40,nan,nan
29-Jan-24 6:55:48 PM AEST,nan,nan,nan,nan,nan,nan,147.20,nan,nan,nan,147.30,nan
29-Jan-24 6:56:04 PM AEST,nan,nan,nan,nan,nan,nan,nan,nan,5.90,nan,nan,nan
29-Jan-24 6:56:32 PM AEST,nan,nan,nan,nan,nan,nan,nan,nan,nan,3.60,nan,nan
29-Jan-24 6:56:52 PM AEST,nan,nan,nan,nan,nan,nan,152.40,nan,nan,nan,154.00,nan
29-Jan-24 6:56:52 PM AEST,nan,nan,nan,nan,nan,nan,160.20,nan,nan,nan,163.40,nan
29-Jan-24 6:57:00 PM AEST,30.2,nan,nan,nan,nan,nan,nan,0.36,nan,nan,nan,nan
29-Jan-24 6:57:00 PM AEST,30.2,nan,nan,nan,nan,nan,nan,0.25,nan,nan,nan,nan
29-Jan-24 6:57:08 PM AEST,nan,nan,nan,nan,nan,nan,nan,nan,4.70,nan,nan,nan
29-Jan-24 6:57:36 PM AEST,nan,nan,nan,nan,nan,nan,nan,nan,nan,2.30,nan,nan
29-Jan-24 6:57:56 PM AEST,nan,nan,nan,nan,nan,nan,214.10,nan,nan,nan,nan,nan
29-Jan-24 6:58:00 PM AEST,nan,85.0,nan,nan,nan,nan,nan,nan,nan,nan,nan,nan
29-Jan-24 6:58:04 PM AEST,nan,nan,nan,nan,nan,nan,nan,0.55,nan,nan,nan,nan
29-Jan-24 6:58:12 PM AEST,nan,nan,nan,nan,nan,nan,nan,nan,9.50,nan,nan,nan
29-Jan-24 6:58:40 PM AEST,nan,nan,nan,nan,nan,nan,nan,nan,nan,5.40,nan,nan
29-Jan-24 6:59:00 PM AEST,nan,nan,nan,nan,nan,nan,198.50,nan,nan,nan,215.50,nan
29-Jan-24 6:59:00 PM AEST,nan,nan,nan,nan,nan,nan,198.50,nan,nan,nan,200.00,nan
29-Jan-24 6:59:08 PM AEST,nan,nan,nan,nan,nan,nan,nan,0.95,nan,nan,nan,nan
29-Jan-24 6:59:16 PM AEST,nan,nan,nan,nan,nan,nan,nan,nan,15.40,nan,nan,nan
29-Jan-24 6:59:44 PM AEST,nan,nan,nan,nan,nan,nan,nan,nan,nan,8.70,nan,nan
29-Jan-24 7:00:00 PM AEST,nan,85.2,nan,nan,nan,nan,nan,nan,nan,nan,nan,nan
29-Jan-24 7:00:04 PM AEST,nan,nan,nan,nan,nan,nan,159.80,nan,nan,nan,160.80,nan
29-Jan-24 7:00:12 PM AEST,nan,nan,nan,nan,nan,nan,nan,0.80,nan,nan,nan,nan
29-Jan-24 7:00:20 PM AEST,nan,nan,nan,nan,nan,nan,nan,nan,10.60,nan,nan,nan
29-Jan-24 7:00:48 PM AEST,nan,nan,nan,nan,nan,nan,nan,nan,nan,7.80,nan,nan
29-Jan-24 7:01:08 PM AEST,nan,nan,nan,nan,nan,nan,192.10,nan,nan,nan,192.20,nan
29-Jan-24 7:01:16 PM AEST,nan,nan,nan,nan,nan,nan,nan,0.46,nan,nan,nan,nan
29-Jan-24 7:01:24 PM AEST,nan,nan,nan,nan,nan,nan,nan,nan,8.30,nan,nan,nan
29-Jan-24 7:01:52 PM AEST,nan,nan,nan,nan,nan,nan,nan,nan,nan,4.60,nan,nan
29-Jan-24 7:02:00 PM AEST,nan,nan,nan,nan,nan,nan,nan,nan,nan,nan,nan,0.80
29-Jan-24 7:02:00 PM AEST,nan,nan,nan,nan,nan,nan,nan,nan,nan,nan,nan,0.00
29-Jan-24 7:02:12 PM AEST,nan,nan,nan,nan,nan,nan,187.30,nan,nan,nan,186.70,nan
29-Jan-24 7:02:20 PM AEST,nan,nan,nan,nan,nan,nan,nan,0.54,nan,nan,nan,nan
29-Jan-24 7:02:56 PM AEST,nan,nan,nan,nan,nan,nan,nan,nan,nan,5.30,nan,nan
29-Jan-24 7:03:16 PM AEST,nan,nan,nan,nan,nan,nan,186.20,nan,nan,nan,176.50,nan
29-Jan-24 7:03:24 PM AEST,nan,nan,nan,nan,nan,nan,nan,0.66,nan,nan,nan,nan
29-Jan-24 7:04:00 PM AEST,nan,nan,nan,nan,nan,nan,nan,nan,nan,2.20,nan,nan
29-Jan-24 7:04:20 PM AEST,nan,nan,nan,nan,nan,nan,119.60,nan,nan,nan,119.00,nan
29-Jan-24 7:04:28 PM AEST,nan,nan,nan,nan,nan,nan,nan,0.52,nan,nan,nan,nan
29-Jan-24 7:05:00 PM AEST,30.1,85.0,nan,nan,nan,nan,nan,nan,9.50,nan,nan,nan
29-Jan-24 7:05:04 PM AEST,nan,nan,nan,nan,nan,nan,nan,nan,nan,5.20,nan,nan
29-Jan-24 7:05:04 PM AEST,nan,nan,nan,nan,nan,nan,nan,nan,nan,4.50,nan,nan
29-Jan-24 7:05:24 PM AEST,nan,nan,nan,nan,nan,nan,131.80,nan,nan,nan,132.30,nan
29-Jan-24 7:05:32 PM AEST,nan,nan,nan,nan,nan,nan,nan,0.46,nan,nan,nan,nan
29-Jan-24 7:06:00 PM AEST,nan,nan,27.3,nan,nan,nan,nan,nan,nan,nan,nan,nan
29-Jan-24 7:06:04 PM AEST,nan,85.3,nan,nan,nan,nan,nan,nan,7.10,nan,nan,nan
29-Jan-24 7:06:05 PM AEST,30.2,nan,nan,nan,nan,nan,nan,nan,nan,nan,nan,nan
29-Jan-24 7:06:28 PM AEST,nan,nan,nan,nan,nan,nan,175.60,nan,nan,nan,175.70,nan
29-Jan-24 7:06:36 PM AEST,nan,nan,nan,nan,nan,nan,nan,0.50,nan,nan,nan,nan
29-Jan-24 7:07:00 PM AEST,nan,nan,nan,nan,nan,nan,nan,nan,nan,5.00,nan,nan
29-Jan-24 7:07:05 PM AEST,nan,nan,27.4,nan,nan,nan,nan,nan,nan,nan,nan,nan
29-Jan-24 7:07:08 PM AEST,nan,85.5,nan,nan,nan,nan,nan,nan,5.90,nan,nan,nan
29-Jan-24 7:07:10 PM AEST,30.1,nan,nan,nan,nan,nan,nan,nan,nan,nan,nan,nan
29-Jan-24 7:07:10 PM AEST,30.2,nan,nan,nan,nan,nan,nan,nan,nan,nan,nan,nan
29-Jan-24 7:07:32 PM AEST,nan,nan,nan,nan,nan,nan,184.00,nan,nan,nan,183.80,nan
29-Jan-24 7:07:40 PM AEST,nan,nan,nan,nan,nan,nan,nan,0.44,nan,nan,nan,nan
29-Jan-24 7:08:04 PM AEST,nan,nan,nan,nan,nan,nan,nan,nan,nan,4.40,nan,nan
29-Jan-24 7:08:10 PM AEST,nan,nan,27.5,nan,nan,nan,nan,nan,nan,nan,nan,nan
29-Jan-24 7:08:12 PM AEST,nan,85.3,nan,nan,nan,nan,nan,nan,7.10,nan,nan,nan
29-Jan-24 7:08:36 PM AEST,nan,nan,nan,nan,nan,nan,201.30,nan,nan,nan,201.70,nan
29-Jan-24 7:08:44 PM AEST,nan,nan,nan,nan,nan,nan,nan,0.49,nan,nan,nan,nan
29-Jan-24 7:09:08 PM AEST,nan,nan,nan,nan,nan,nan,nan,nan,nan,4.80,nan,nan
29-Jan-24 7:09:08 PM AEST,nan,nan,nan,nan,nan,nan,nan,nan,nan,4.00,nan,nan
29-Jan-24 7:09:15 PM AEST,nan,nan,27.4,nan,nan,nan,nan,nan,nan,nan,nan,nan
29-Jan-24 7:09:16 PM AEST,nan,85.7,nan,nan,nan,nan,nan,nan,8.30,nan,nan,nan
29-Jan-24 7:09:40 PM AEST,nan,nan,nan,nan,nan,nan,225.60,nan,nan,nan,226.20,nan
29-Jan-24 7:09:48 PM AEST,nan,nan,nan,nan,nan,nan,nan,0.42,nan,nan,nan,nan
29-Jan-24 7:09:48 PM AEST,nan,nan,nan,nan,nan,nan,nan,0.36,nan,nan,nan,nan
29-Jan-24 7:10:12 PM AEST,nan,nan,nan,nan,nan,nan,nan,nan,nan,3.50,nan,nan
29-Jan-24 7:10:20 PM AEST,nan,85.5,27.5,nan,nan,nan,nan,nan,5.90,nan,nan,nan
29-Jan-24 7:10:44 PM AEST,nan,nan,nan,nan,nan,nan,198.60,nan,nan,nan,198.00,nan
29-Jan-24 7:11:00 PM AEST,nan,nan,nan,nan,nan,nan,nan,0.26,nan,nan,nan,nan
29-Jan-24 7:11:16 PM AEST,nan,nan,nan,nan,nan,nan,nan,nan,nan,2.60,nan,nan
29-Jan-24 7:11:24 PM AEST,nan,nan,nan,nan,nan,nan,nan,nan,4.70,nan,nan,nan
29-Jan-24 7:11:48 PM AEST,nan,nan,nan,nan,nan,nan,183.80,nan,nan,nan,183.90,nan
29-Jan-24 7:11:48 PM AEST,nan,nan,nan,nan,nan,nan,178.40,nan,nan,nan,183.90,nan
29-Jan-24 7:12:00 PM AEST,nan,85.7,nan,nan,nan,nan,nan,nan,nan,nan,nan,nan
29-Jan-24 7:12:04 PM AEST,nan,nan,nan,nan,nan,nan,nan,0.18,nan,nan,nan,nan
29-Jan-24 7:12:20 PM AEST,nan,nan,nan,nan,nan,nan,nan,nan,nan,1.80,nan,nan
29-Jan-24 7:12:28 PM AEST,nan,nan,nan,nan,nan,nan,nan,nan,3.50,nan,nan,nan
29-Jan-24 7:12:52 PM AEST,nan,nan,nan,nan,nan,nan,nan,nan,nan,nan,178.60,nan
29-Jan-24 7:13:00 PM AEST,nan,nan,nan,nan,nan,nan,115.70,nan,nan,nan,nan,nan
29-Jan-24 7:13:04 PM AEST,nan,85.5,nan,nan,nan,nan,nan,nan,nan,nan,nan,nan
29-Jan-24 7:13:08 PM AEST,nan,nan,nan,nan,nan,nan,nan,0.59,nan,nan,nan,nan
29-Jan-24 7:13:24 PM AEST,nan,nan,nan,nan,nan,nan,nan,nan,nan,5.60,nan,nan
29-Jan-24 7:13:32 PM AEST,nan,nan,nan,nan,nan,nan,nan,nan,8.30,nan,nan,nan
29-Jan-24 7:13:56 PM AEST,nan,nan,nan,nan,nan,nan,nan,nan,nan,nan,106.50,nan
29-Jan-24 7:14:04 PM AEST,nan,nan,nan,nan,nan,nan,96.80,nan,nan,nan,nan,nan
29-Jan-24 7:14:08 PM AEST,nan,85.3,nan,nan,nan,nan,nan,nan,nan,nan,nan,nan
29-Jan-24 7:14:12 PM AEST,nan,nan,nan,nan,nan,nan,nan,0.53,nan,nan,nan,nan
29-Jan-24 7:14:28 PM AEST,nan,nan,nan,nan,nan,nan,nan,nan,nan,5.30,nan,nan
29-Jan-24 7:14:36 PM AEST,nan,nan,nan,nan,nan,nan,nan,nan,7.10,nan,nan,nan
29-Jan-24 7:15:00 PM AEST,30.1,nan,nan,nan,nan,nan,nan,nan,nan,nan,97.10,nan
29-Jan-24 7:15:08 PM AEST,nan,nan,nan,nan,nan,nan,63.70,nan,nan,nan,nan,nan
29-Jan-24 7:15:12 PM AEST,nan,85.5,nan,nan,nan,nan,nan,nan,nan,nan,nan,nan
29-Jan-24 7:15:16 PM AEST,nan,nan,nan,nan,nan,nan,nan,0.50,nan,nan,nan,nan
29-Jan-24 7:15:32 PM AEST,nan,nan,nan,nan,nan,nan,nan,nan,nan,4.90,nan,nan
29-Jan-24 7:16:00 PM AEST,nan,nan,27.4,nan,nan,nan,nan,nan,nan,nan,nan,nan
29-Jan-24 7:16:00 PM AEST,nan,nan,27.5,nan,nan,nan,nan,nan,nan,nan,nan,nan
29-Jan-24 7:16:04 PM AEST,nan,nan,nan,nan,nan,nan,nan,nan,nan,nan,62.20,nan
29-Jan-24 7:16:04 PM AEST,nan,nan,nan,nan,nan,nan,nan,nan,nan,nan,47.00,nan
29-Jan-24 7:16:05 PM AEST,30.2,nan,nan,nan,nan,nan,nan,nan,nan,nan,nan,nan
29-Jan-24 7:16:12 PM AEST,nan,nan,nan,nan,nan,nan,44.70,nan,nan,nan,nan,nan
29-Jan-24 7:16:16 PM AEST,nan,85.3,nan,nan,nan,nan,nan,nan,nan,nan,nan,nan
29-Jan-24 7:16:20 PM AEST,nan,nan,nan,nan,nan,nan,nan,0.40,nan,nan,nan,nan
29-Jan-24 7:16:36 PM AEST,nan,nan,nan,nan,nan,nan,nan,nan,nan,3.90,nan,nan
29-Jan-24 7:17:05 PM AEST,nan,nan,27.4,nan,nan,nan,nan,nan,nan,nan,nan,nan
29-Jan-24 7:17:08 PM AEST,nan,nan,nan,nan,nan,nan,nan,nan,nan,nan,92.60,nan
29-Jan-24 7:17:10 PM AEST,30.1,nan,nan,nan,nan,nan,nan,nan,nan,nan,nan,nan
29-Jan-24 7:17:16 PM AEST,nan,nan,nan,nan,nan,nan,93.00,nan,nan,nan,nan,nan
29-Jan-24 7:17:20 PM AEST,nan,85.5,nan,nan,nan,nan,nan,nan,nan,nan,nan,nan
29-Jan-24 7:17:24 PM AEST,nan,nan,nan,nan,nan,nan,nan,0.49,nan,nan,nan,nan
29-Jan-24 7:17:40 PM AEST,nan,nan,nan,nan,nan,nan,nan,nan,nan,4.80,nan,nan
29-Jan-24 7:18:12 PM AEST,nan,nan,nan,nan,nan,nan,nan,nan,nan,nan,94.30,nan
29-Jan-24 7:18:20 PM AEST,nan,nan,nan,nan,nan,nan,94.30,nan,nan,nan,nan,nan
29-Jan-24 7:18:24 PM AEST,nan,85.7,nan,nan,nan,nan,nan,nan,nan,nan,nan,nan
29-Jan-24 7:18:28 PM AEST,nan,nan,nan,nan,nan,nan,nan,0.19,nan,nan,nan,nan
29-Jan-24 7:18:44 PM AEST,nan,nan,nan,nan,nan,nan,nan,nan,nan,2.00,nan,nan
29-Jan-24 7:19:00 PM AEST,nan,nan,nan,nan,nan,nan,nan,nan,3.50,nan,nan,nan
29-Jan-24 7:19:16 PM AEST,nan,nan,nan,nan,nan,nan,nan,nan,nan,nan,119.60,nan
29-Jan-24 7:19:24 PM AEST,nan,nan,nan,nan,nan,nan,114.20,nan,nan,nan,nan,nan
29-Jan-24 7:19:28 PM AEST,nan,85.5,nan,nan,nan,nan,nan,nan,nan,nan,nan,nan
29-Jan-24 7:19:32 PM AEST,nan,nan,nan,nan,nan,nan,nan,0.37,nan,nan,nan,nan
29-Jan-24 7:19:48 PM AEST,nan,nan,nan,nan,nan,nan,nan,nan,nan,3.50,nan,nan
29-Jan-24 7:20:00 PM AEST,30.2,nan,27.5,nan,nan,nan,nan,nan,nan,nan,nan,nan
29-Jan-24 7:20:04 PM AEST,nan,nan,nan,nan,nan,nan,nan,nan,5.90,nan,nan,nan
29-Jan-24 7:20:20 PM AEST,nan,nan,nan,nan,nan,nan,nan,nan,nan,nan,121.30,nan
29-Jan-24 7:20:28 PM AEST,nan,nan,nan,nan,nan,nan,120.40,nan,nan,nan,nan,nan
29-Jan-24 7:20:32 PM AEST,nan,85.7,nan,nan,nan,nan,nan,nan,nan,nan,nan,nan
29-Jan-24 7:20:36 PM AEST,nan,nan,nan,nan,nan,nan,nan,0.42,nan,nan,nan,nan
29-Jan-24 7:20:52 PM AEST,nan,nan,nan,nan,nan,nan,nan,nan,nan,4.10,nan,nan
29-Jan-24 7:21:05 PM AEST,30.1,nan,27.4,nan,nan,nan,nan,nan,nan,nan,nan,nan
29-Jan-24 7:21:05 PM AEST,30.2,nan,27.4,nan,nan,nan,nan,nan,nan,nan,nan,nan
29-Jan-24 7:21:08 PM AEST,nan,nan,nan,nan,nan,nan,nan,nan,2.40,nan,nan,nan
29-Jan-24 7:21:24 PM AEST,nan,nan,nan,nan,nan,nan,nan,nan,nan,nan,108.20,nan
29-Jan-24 7:21:32 PM AEST,nan,nan,nan,nan,nan,nan,108.20,nan,nan,nan,nan,nan
29-Jan-24 7:21:40 PM AEST,nan,nan,nan,nan,nan,nan,nan,0.12,nan,nan,nan,nan
29-Jan-24 7:21:56 PM AEST,nan,nan,nan,nan,nan,nan,nan,nan,nan,1.20,nan,nan
29-Jan-24 7:22:10 PM AEST,nan,nan,27.5,nan,nan,nan,nan,nan,nan,nan,nan,nan
29-Jan-24 7:22:12 PM AEST,nan,nan,nan,nan,nan,nan,nan,nan,3.50,nan,nan,nan
29-Jan-24 7:22:28 PM AEST,nan,nan,nan,nan,nan,nan,nan,nan,nan,nan,108.70,nan
29-Jan-24 7:22:36 PM AEST,nan,nan,nan,nan,nan,nan,108.60,nan,nan,nan,nan,nan
29-Jan-24 7:22:44 PM AEST,nan,nan,nan,nan,nan,nan,nan,0.22,nan,nan,nan,nan
29-Jan-24 7:23:00 PM AEST,nan,85.8,nan,nan,nan,nan,nan,nan,nan,2.20,nan,nan
29-Jan-24 7:23:32 PM AEST,nan,nan,nan,nan,nan,nan,nan,nan,nan,nan,110.20,nan
29-Jan-24 7:23:40 PM AEST,nan,nan,nan,nan,nan,nan,109.80,nan,nan,nan,nan,nan
29-Jan-24 7:23:48 PM AEST,nan,nan,nan,nan,nan,nan,nan,0.18,nan,nan,nan,nan
29-Jan-24 7:23:48 PM AEST,nan,nan,nan,nan,nan,nan,nan,0.22,nan,nan,nan,nan
29-Jan-24 7:24:04 PM AEST,nan,nan,nan,nan,nan,nan,nan,nan,nan,1.80,nan,nan
29-Jan-24 7:24:04 PM AEST,nan,nan,nan,nan,nan,nan,nan,nan,nan,2.20,nan,nan
29-Jan-24 7:24:36 PM AEST,nan,nan,nan,nan,nan,nan,nan,nan,nan,nan,113.50,nan
29-Jan-24 7:24:44 PM AEST,nan,nan,nan,nan,nan,nan,113.50,nan,nan,nan,nan,nan
29-Jan-24 7:24:52 PM AEST,nan,nan,nan,nan,nan,nan,nan,0.26,nan,nan,nan,nan
29-Jan-24 7:25:00 PM AEST,nan,nan,nan,nan,nan,nan,nan,nan,4.70,nan,nan,nan
29-Jan-24 7:25:08 PM AEST,nan,nan,nan,nan,nan,nan,nan,nan,nan,2.60,nan,nan
29-Jan-24 7:25:40 PM AEST,nan,nan,nan,nan,nan,nan,nan,nan,nan,nan,115.20,nan
29-Jan-24 7:25:48 PM AEST,nan,nan,nan,nan,nan,nan,115.20,nan,nan,nan,nan,nan
29-Jan-24 7:26:04 PM AEST,nan,nan,nan,nan,nan,nan,nan,nan,3.50,nan,nan,nan
29-Jan-24 7:26:12 PM AEST,nan,nan,nan,nan,nan,nan,nan,nan,nan,1.70,nan,nan
29-Jan-24 7:26:44 PM AEST,nan,nan,nan,nan,nan,nan,nan,nan,nan,nan,115.30,nan
29-Jan-24 7:26:52 PM AEST,nan,nan,nan,nan,nan,nan,115.30,nan,nan,nan,nan,nan
29-Jan-24 7:27:00 PM AEST,nan,85.5,nan,nan,nan,nan,nan,0.17,nan,nan,nan,nan
29-Jan-24 7:27:48 PM AEST,nan,nan,nan,nan,nan,nan,nan,nan,nan,nan,115.30,nan
29-Jan-24 7:27:56 PM AEST,nan,nan,nan,nan,nan,nan,115.30,nan,nan,nan,nan,nan
29-Jan-24 7:28:00 PM AEST,30.2,nan,27.5,nan,nan,nan,nan,nan,3.50,1.70,nan,0.00
29-Jan-24 7:28:04 PM AEST,nan,85.5,nan,nan,nan,nan,nan,0.17,nan,nan,nan,nan
29-Jan-24 7:28:23 PM AEST,nan,nan,nan,0.00,nan,nan,nan,nan,nan,nan,nan,nan
29-Jan-24 7:28:23 PM AEST,nan,nan,nan,nan,0.00,nan,nan,nan,nan,nan,nan,nan
