timestamp,Air Temperature (V),Relative Humidity (mA),Dew Point (°C),Rainfall,Rainfall Since 9am,Last Hours Evaporation,Wind Direction,Current Wind Speed,Peak Wind Gust,Vector Wind Speed,Vector Wind Direction,Solar Radiation
22-May-24 8:52:00 AM AEST,24.6,76.5,20.2,nan,nan,0.07,321.30,0.68,11.80,6.10,322.40,381.60
22-May-24 8:52:00 AM AEST,24.7,76.8,20.2,nan,nan,0.07,52.30,0.24,7.10,2.40,52.60,204.20
22-May-24 8:53:00 AM AEST,nan,77.2,20.4,nan,nan,nan,32.30,0.22,3.50,2.10,32.60,95.00
22-May-24 8:55:00 AM AEST,0.0,0.0,0.0,nan,nan,0.00,0.00,0.00,0.00,0.00,0.00,0.00
22-May-24 8:55:00 AM AEST,24.8,77.0,20.5,nan,nan,0.07,13.30,0.07,2.40,0.70,13.30,116.60
22-May-24 8:55:00 AM AEST,24.9,77.0,20.5,nan,nan,0.07,13.20,0.07,2.40,0.70,13.10,126.70
22-May-24 8:56:00 AM AEST,nan,nan,20.6,nan,nan,nan,4.70,0.37,5.90,3.60,2.40,136.60
22-May-24 8:56:04 AM AEST,24.8,nan,nan,nan,nan,nan,nan,nan,nan,nan,nan,nan
22-May-24 8:57:00 AM AEST,nan,76.8,20.5,nan,nan,nan,5.70,0.19,3.50,1.90,5.70,145.80
22-May-24 8:57:08 AM AEST,24.7,nan,nan,nan,nan,nan,nan,nan,nan,nan,nan,nan
22-May-24 8:58:00 AM AEST,nan,nan,20.4,nan,nan,0.19,nan,0.53,7.10,4.90,324.00,156.60
22-May-24 8:59:00 AM AEST,24.5,76.3,20.2,nan,nan,nan,329.20,0.67,10.60,6.10,293.60,165.00
22-May-24 8:59:00 AM AEST,24.5,76.0,20.2,nan,nan,nan,292.60,0.67,10.60,6.10,293.60,165.00
22-May-24 9:00:00 AM AEST,nan,nan,20.0,nan,nan,nan,351.90,0.70,11.80,6.40,349.00,151.70
22-May-24 9:01:00 AM AEST,24.3,nan,nan,nan,nan,nan,335.30,0.72,10.60,5.80,332.50,131.60
22-May-24 9:02:00 AM AEST,nan,75.7,19.8,0.00,0.00,0.19,325.10,0.78,14.20,6.80,321.20,135.80
22-May-24 9:02:00 AM AEST,nan,75.7,19.8,0.00,0.00,0.19,325.10,0.78,14.20,6.80,321.20,135.80
22-May-24 9:02:04 AM AEST,24.3,nan,nan,nan,nan,nan,nan,nan,nan,nan,nan,nan
22-May-24 9:03:24 AM AEST,nan,nan,nan,nan,nan,0.19,nan,nan,nan,nan,nan,nan
22-May-24 9:03:24 AM AEST,nan,nan,nan,nan,nan,0.19,nan,nan,nan,nan,nan,nan
22-May-24 9:03:44 AM AEST,nan,nan,nan,0.00,nan,nan,nan,nan,nan,nan,nan,nan
22-May-24 9:03:44 AM AEST,nan,nan,nan,0.00,nan,nan,nan,nan,nan,nan,nan,nan
22-May-24 9:04:00 AM AEST,24.3,75.7,19.8,nan,0.00,nan,325.10,0.78,14.20,6.80,321.20,135.80
22-May-24 9:04:00 AM AEST,24.2,76.3,19.7,nan,0.00,nan,328.00,0.41,8.30,3.30,320.00,162.50
22-May-24 9:04:00 AM AEST,24.2,76.5,19.8,nan,0.00,nan,5.20,0.54,8.30,3.50,347.90,186.70
22-May-24 9:05:00 AM AEST,nan,77.0,nan,nan,nan,nan,332.60,0.53,7.10,5.30,333.30,185.80
22-May-24 9:06:00 AM AEST,nan,77.3,19.9,nan,nan,nan,323.90,0.46,5.90,4.20,322.70,170.00
22-May-24 9:07:00 AM AEST,nan,77.5,nan,nan,nan,nan,315.50,0.18,3.50,1.80,315.50,150.00
22-May-24 9:08:00 AM AEST,nan,77.7,20.0,nan,nan,nan,305.90,0.81,16.60,8.00,302.50,136.60
22-May-24 9:09:00 AM AEST,24.1,77.5,nan,nan,nan,nan,319.50,0.27,7.10,2.70,316.20,149.20
22-May-24 9:10:00 AM AEST,nan,78.0,nan,nan,nan,nan,324.20,0.09,3.50,0.70,332.30,195.00
22-May-24 9:10:04 AM AEST,24.2,nan,nan,nan,nan,nan,nan,nan,nan,nan,nan,nan
22-May-24 9:12:00 AM AEST,nan,78.3,20.1,nan,nan,nan,313.70,0.33,4.70,3.30,313.60,245.00
22-May-24 9:13:00 AM AEST,24.3,78.2,20.2,nan,nan,nan,312.80,0.28,5.90,2.80,312.80,259.10
22-May-24 9:13:00 AM AEST,24.3,78.7,20.2,nan,nan,nan,315.50,0.09,3.50,0.90,321.30,234.20
22-May-24 9:14:00 AM AEST,nan,79.2,20.3,nan,nan,nan,23.70,0.38,5.90,3.70,26.30,214.20
22-May-24 9:15:00 AM AEST,nan,nan,20.5,nan,nan,nan,9.50,0.40,7.10,3.20,17.50,201.60
22-May-24 9:16:00 AM AEST,24.2,78.3,20.4,0.20,0.20,nan,325.10,0.76,13.00,nan,317.80,192.50
22-May-24 9:17:00 AM AEST,nan,77.8,20.2,nan,nan,nan,289.40,0.81,nan,8.10,287.40,184.10
22-May-24 9:17:04 AM AEST,24.1,nan,nan,nan,nan,nan,nan,nan,nan,nan,nan,nan
22-May-24 9:17:44 AM AEST,nan,nan,nan,0.00,nan,nan,nan,nan,nan,nan,nan,nan
22-May-24 9:18:00 AM AEST,nan,78.0,20.0,nan,nan,nan,4.00,0.56,7.10,4.40,0.50,178.30
22-May-24 9:18:08 AM AEST,24.2,nan,nan,nan,nan,nan,nan,nan,nan,nan,nan,nan
22-May-24 9:19:00 AM AEST,nan,78.2,20.1,nan,nan,nan,338.20,0.33,nan,2.90,326.50,183.30
22-May-24 9:19:12 AM AEST,24.1,nan,nan,nan,nan,nan,nan,nan,nan,nan,nan,nan
22-May-24 9:20:00 AM AEST,nan,78.5,nan,nan,nan,nan,27.00,0.53,10.60,2.60,45.60,190.80
22-May-24 9:20:16 AM AEST,24.2,nan,nan,nan,nan,nan,nan,nan,nan,nan,nan,nan
22-May-24 9:21:00 AM AEST,nan,78.7,20.2,nan,nan,nan,298.00,0.38,8.30,3.20,300.10,195.80
22-May-24 9:22:00 AM AEST,nan,78.5,nan,nan,nan,nan,346.30,0.22,4.70,2.00,336.90,202.50
22-May-24 9:23:00 AM AEST,24.3,79.0,nan,nan,nan,nan,302.90,0.24,5.90,2.40,302.90,210.80
22-May-24 9:24:00 AM AEST,nan,nan,20.4,nan,nan,nan,303.20,0.08,2.40,0.80,303.10,220.00
22-May-24 9:25:00 AM AEST,24.4,79.2,nan,nan,nan,nan,304.20,0.12,5.90,1.20,308.30,237.50
22-May-24 9:26:00 AM AEST,nan,78.5,20.6,nan,nan,nan,295.90,0.80,11.80,6.60,289.80,263.30
22-May-24 9:26:04 AM AEST,24.3,nan,nan,nan,nan,nan,nan,nan,nan,nan,nan,nan
22-May-24 9:28:00 AM AEST,24.4,79.3,20.3,nan,nan,nan,76.70,0.22,7.10,2.20,75.90,283.30
22-May-24 9:28:00 AM AEST,24.4,79.5,20.5,nan,nan,nan,341.70,0.37,4.70,3.40,340.90,295.00
22-May-24 9:29:00 AM AEST,nan,79.0,20.6,nan,nan,nan,338.10,0.78,14.20,7.00,348.60,309.90
22-May-24 9:30:00 AM AEST,24.3,78.7,20.5,nan,nan,nan,340.30,0.71,13.00,5.50,339.70,320.00
22-May-24 9:31:00 AM AEST,nan,nan,20.4,nan,nan,nan,309.50,0.53,nan,5.10,302.20,321.60
22-May-24 9:32:00 AM AEST,24.4,78.5,20.3,nan,nan,nan,319.10,0.40,8.30,3.20,321.30,315.00
22-May-24 9:33:00 AM AEST,nan,78.3,20.4,nan,nan,nan,296.50,0.59,9.50,5.60,303.10,399.10
22-May-24 9:33:04 AM AEST,24.5,nan,nan,nan,nan,nan,nan,nan,nan,nan,nan,nan
22-May-24 9:34:00 AM AEST,nan,78.2,nan,nan,nan,nan,320.50,0.64,11.80,4.10,336.90,575.00
22-May-24 9:35:00 AM AEST,24.6,79.0,nan,nan,nan,nan,3.10,0.42,7.10,nan,2.00,676.70
22-May-24 9:36:00 AM AEST,nan,79.8,20.7,nan,nan,nan,346.20,0.40,nan,3.40,336.50,591.60
22-May-24 9:36:04 AM AEST,24.8,nan,nan,nan,nan,nan,nan,nan,nan,nan,nan,nan
22-May-24 9:37:00 AM AEST,nan,78.5,21.1,nan,nan,nan,304.80,0.59,9.50,5.70,306.10,559.20
22-May-24 9:37:08 AM AEST,25.0,nan,nan,nan,nan,nan,nan,nan,nan,nan,nan,nan
22-May-24 9:38:00 AM AEST,nan,78.0,21.0,nan,nan,nan,326.10,0.64,nan,6.30,324.40,394.10
22-May-24 9:39:00 AM AEST,25.1,78.2,20.9,nan,nan,nan,344.90,0.67,10.60,5.60,350.90,343.30
22-May-24 9:40:00 AM AEST,nan,77.7,21.0,nan,nan,nan,307.20,0.54,8.30,5.20,308.00,630.80
22-May-24 9:41:00 AM AEST,nan,nan,20.9,nan,nan,nan,nan,nan,nan,nan,nan,nan
22-May-24 9:42:00 AM AEST,25.2,77.3,21.0,nan,nan,nan,334.00,0.57,9.50,5.60,337.20,520.80
22-May-24 9:42:00 AM AEST,25.3,77.3,21.0,nan,nan,nan,336.10,0.56,9.50,5.10,340.30,573.30
22-May-24 9:43:00 AM AEST,nan,76.8,nan,nan,nan,nan,309.70,0.62,8.30,6.00,309.50,554.90
22-May-24 9:43:04 AM AEST,25.4,nan,nan,nan,nan,nan,nan,nan,nan,nan,nan,nan
22-May-24 9:44:00 AM AEST,nan,76.7,nan,nan,nan,nan,339.00,0.41,7.10,4.00,340.60,519.20
22-May-24 9:45:00 AM AEST,25.6,nan,nan,nan,nan,nan,343.80,0.50,10.60,4.10,340.50,494.10
22-May-24 9:46:00 AM AEST,nan,nan,21.2,nan,nan,nan,353.10,0.47,7.10,4.40,352.60,460.80
22-May-24 9:46:04 AM AEST,25.7,nan,nan,nan,nan,nan,nan,nan,nan,nan,nan,nan
22-May-24 9:47:00 AM AEST,nan,75.8,21.3,nan,nan,nan,36.30,0.88,14.20,8.20,32.20,526.60
22-May-24 9:48:00 AM AEST,25.6,75.0,21.1,nan,nan,nan,352.00,0.69,10.60,6.40,355.00,529.20
22-May-24 9:49:00 AM AEST,nan,nan,20.8,nan,nan,nan,309.80,0.50,7.10,4.90,310.40,531.70
22-May-24 9:49:04 AM AEST,25.7,nan,nan,nan,nan,nan,nan,nan,nan,nan,nan,nan
22-May-24 9:50:00 AM AEST,nan,74.8,20.9,nan,nan,nan,298.30,0.47,5.90,4.70,298.30,529.90
22-May-24 9:50:08 AM AEST,25.8,nan,nan,nan,nan,nan,nan,nan,nan,nan,nan,nan
22-May-24 9:51:00 AM AEST,nan,74.7,21.0,nan,nan,nan,287.50,0.53,8.30,5.20,285.20,530.00
22-May-24 9:51:12 AM AEST,25.9,nan,nan,nan,nan,nan,nan,nan,nan,nan,nan,nan
22-May-24 9:52:00 AM AEST,nan,75.3,nan,nan,nan,nan,309.30,0.30,5.90,3.00,308.50,533.30
22-May-24 9:52:16 AM AEST,26.0,nan,nan,nan,nan,nan,nan,nan,nan,nan,nan,nan
22-May-24 9:53:00 AM AEST,nan,74.2,21.3,nan,nan,nan,301.80,0.51,7.10,5.00,300.90,538.30
22-May-24 9:53:20 AM AEST,26.1,nan,nan,nan,nan,nan,nan,nan,nan,nan,nan,nan
22-May-24 9:54:00 AM AEST,nan,74.3,21.1,nan,nan,nan,353.30,0.45,9.50,3.70,342.70,540.80
22-May-24 9:55:00 AM AEST,26.2,74.0,21.2,nan,nan,nan,318.50,0.55,nan,5.10,315.80,518.30
22-May-24 9:57:00 AM AEST,26.3,73.3,21.1,nan,nan,nan,342.10,0.41,7.10,2.90,343.70,549.20
22-May-24 9:57:00 AM AEST,26.3,73.8,21.1,nan,nan,nan,333.30,0.71,14.20,5.70,344.20,552.40
22-May-24 9:58:00 AM AEST,nan,72.8,21.2,nan,nan,0.24,298.10,0.56,8.30,5.30,299.20,552.50
22-May-24 9:59:00 AM AEST,nan,72.3,21.0,nan,nan,nan,299.00,0.66,10.60,6.40,301.10,554.10
22-May-24 10:00:00 AM AEST,26.2,71.3,20.9,nan,nan,nan,284.60,1.15,18.90,9.50,279.50,560.80
22-May-24 10:01:00 AM AEST,nan,71.5,20.6,nan,nan,nan,295.50,0.99,13.00,6.70,297.70,582.50
22-May-24 10:01:04 AM AEST,26.1,nan,nan,nan,nan,nan,nan,nan,nan,nan,nan,nan
22-May-24 10:02:00 AM AEST,nan,72.2,20.5,nan,nan,nan,336.80,0.76,nan,5.80,339.80,579.10
22-May-24 10:03:00 AM AEST,26.2,72.3,20.7,nan,nan,nan,354.60,0.56,9.50,5.00,354.70,562.50
22-May-24 10:04:00 AM AEST,nan,nan,20.8,nan,nan,nan,19.70,0.67,11.80,4.90,16.00,577.40
22-May-24 10:04:04 AM AEST,26.3,nan,nan,nan,nan,nan,nan,nan,nan,nan,nan,nan
22-May-24 10:05:00 AM AEST,nan,72.0,20.9,nan,nan,nan,313.60,0.46,9.50,4.30,312.30,595.80
22-May-24 10:05:08 AM AEST,26.4,nan,nan,nan,nan,nan,nan,nan,nan,nan,nan,nan
22-May-24 10:06:00 AM AEST,nan,71.7,nan,nan,nan,nan,300.70,0.61,8.30,5.90,300.90,606.70
22-May-24 10:06:12 AM AEST,26.5,nan,nan,nan,nan,nan,nan,nan,nan,nan,nan,nan
22-May-24 10:07:00 AM AEST,nan,nan,nan,nan,nan,nan,344.20,0.75,10.60,5.60,346.50,601.60
22-May-24 10:08:00 AM AEST,nan,71.8,nan,nan,nan,nan,7.10,0.39,5.90,3.50,10.00,627.50
22-May-24 10:09:00 AM AEST,26.6,71.7,21.0,nan,nan,nan,352.70,0.59,8.30,4.30,350.80,649.10
22-May-24 10:10:00 AM AEST,nan,71.3,nan,nan,nan,nan,336.20,0.51,nan,nan,nan,544.20
22-May-24 10:10:04 AM AEST,26.7,nan,nan,nan,nan,nan,nan,nan,nan,nan,nan,nan
22-May-24 10:11:00 AM AEST,nan,71.7,21.1,nan,nan,nan,339.90,0.60,9.50,5.90,339.90,281.60
22-May-24 10:11:00 AM AEST,nan,71.7,21.0,nan,nan,nan,339.90,0.60,9.50,5.90,339.00,281.60
22-May-24 10:12:00 AM AEST,26.6,70.7,21.1,nan,nan,nan,329.50,1.02,14.20,8.70,330.00,315.80
22-May-24 10:13:00 AM AEST,nan,69.2,20.8,nan,nan,nan,310.30,0.96,20.10,8.30,306.80,349.20
22-May-24 10:13:04 AM AEST,26.4,nan,nan,nan,nan,nan,nan,nan,nan,nan,nan,nan
22-May-24 10:14:00 AM AEST,nan,69.8,20.3,nan,nan,nan,303.20,0.54,11.80,4.00,304.60,307.40
22-May-24 10:14:08 AM AEST,26.3,nan,nan,nan,nan,nan,nan,nan,nan,nan,nan,nan
22-May-24 10:15:00 AM AEST,nan,70.2,20.4,nan,nan,nan,29.60,0.66,14.20,5.70,22.90,291.70
22-May-24 10:16:00 AM AEST,26.4,70.3,nan,nan,nan,nan,324.90,0.62,15.40,5.00,311.10,273.30
22-May-24 10:17:00 AM AEST,nan,70.0,20.5,nan,nan,nan,295.70,0.67,9.50,5.10,298.70,260.00
22-May-24 10:17:04 AM AEST,26.2,nan,nan,nan,nan,nan,nan,nan,nan,nan,nan,nan
22-May-24 10:18:00 AM AEST,nan,70.2,20.3,nan,nan,nan,295.40,0.52,7.10,nan,294.20,254.20
22-May-24 10:19:00 AM AEST,26.1,70.5,20.4,nan,nan,nan,339.30,0.73,14.20,6.70,334.60,255.80
22-May-24 10:20:00 AM AEST,nan,69.8,20.3,nan,nan,nan,313.80,0.79,nan,7.70,307.20,250.00
22-May-24 10:20:04 AM AEST,26.0,nan,nan,nan,nan,nan,nan,nan,nan,nan,nan,nan
22-May-24 10:21:00 AM AEST,nan,70.3,20.1,nan,nan,nan,312.40,0.44,9.50,4.40,312.50,232.40
22-May-24 10:22:00 AM AEST,nan,70.5,20.2,nan,nan,nan,323.30,0.38,8.30,3.30,336.30,215.00
22-May-24 10:23:00 AM AEST,nan,71.2,nan,nan,nan,nan,0.70,0.64,nan,5.60,1.20,200.80
22-May-24 10:24:00 AM AEST,nan,nan,nan,nan,nan,nan,356.70,0.53,nan,nan,nan,nan
22-May-24 10:25:00 AM AEST,nan,71.5,20.4,nan,nan,nan,295.20,0.28,7.10,3.00,357.30,184.20
22-May-24 10:25:00 AM AEST,nan,71.5,20.3,nan,nan,nan,295.20,0.28,7.10,2.00,319.00,178.30
22-May-24 10:26:00 AM AEST,nan,71.3,20.4,nan,nan,nan,357.90,0.70,13.00,5.60,1.10,195.00
22-May-24 10:27:00 AM AEST,25.9,71.2,nan,nan,nan,nan,314.40,0.69,nan,5.20,320.10,208.30
22-May-24 10:28:00 AM AEST,nan,71.3,20.3,nan,nan,nan,294.10,0.43,7.10,4.30,293.90,228.30
22-May-24 10:29:00 AM AEST,nan,nan,nan,nan,nan,nan,7.60,0.72,11.80,6.40,22.10,240.00
22-May-24 10:30:00 AM AEST,nan,nan,nan,nan,nan,nan,25.40,0.40,8.30,3.90,30.60,243.30
22-May-24 10:31:00 AM AEST,nan,72.0,nan,nan,nan,nan,1.30,0.26,4.70,2.40,354.30,241.60
22-May-24 10:32:00 AM AEST,26.0,72.3,20.5,nan,nan,nan,323.80,0.14,3.50,1.40,323.70,240.80
22-May-24 10:33:00 AM AEST,nan,nan,20.6,nan,nan,nan,310.10,0.33,4.70,3.10,309.00,244.10
22-May-24 10:34:00 AM AEST,26.1,72.2,20.7,nan,nan,nan,315.10,0.38,8.30,2.80,340.50,236.70
22-May-24 10:35:00 AM AEST,nan,nan,nan,nan,nan,nan,340.50,0.67,10.60,4.80,331.90,214.10
22-May-24 10:35:04 AM AEST,26.0,nan,nan,nan,nan,nan,nan,nan,nan,nan,nan,nan
22-May-24 10:36:00 AM AEST,nan,72.0,20.6,nan,nan,nan,300.20,0.55,8.30,4.40,294.90,103.30
22-May-24 10:37:00 AM AEST,nan,72.5,nan,nan,nan,nan,327.20,0.21,4.70,2.10,327.10,216.70
22-May-24 10:38:00 AM AEST,26.1,nan,20.7,nan,nan,nan,nan,nan,nan,2.40,321.80,199.10
22-May-24 10:39:00 AM AEST,nan,72.2,nan,nan,nan,nan,323.80,0.25,nan,nan,nan,nan
22-May-24 10:39:00 AM AEST,nan,72.2,nan,nan,nan,nan,310.30,0.60,nan,nan,nan,nan
22-May-24 10:39:04 AM AEST,26.0,nan,nan,nan,nan,nan,nan,nan,nan,nan,nan,nan
22-May-24 10:40:00 AM AEST,nan,72.0,20.6,nan,nan,nan,296.50,0.27,9.50,5.90,311.20,191.70
22-May-24 10:40:00 AM AEST,nan,72.0,20.6,nan,nan,nan,296.50,0.27,4.70,2.50,297.70,183.30
22-May-24 10:41:00 AM AEST,26.1,72.5,nan,nan,nan,nan,276.30,0.01,1.20,0.10,273.60,170.80
22-May-24 10:42:00 AM AEST,nan,73.2,20.8,nan,nan,nan,299.40,0.28,9.50,2.50,330.90,165.80
22-May-24 10:42:04 AM AEST,26.2,nan,nan,nan,nan,nan,nan,nan,nan,nan,nan,nan
22-May-24 10:43:00 AM AEST,nan,72.7,21.0,nan,nan,nan,311.60,0.62,8.30,5.30,311.10,173.30
22-May-24 10:43:08 AM AEST,26.1,nan,nan,nan,nan,nan,nan,nan,nan,nan,nan,nan
22-May-24 10:44:00 AM AEST,nan,71.7,20.8,nan,nan,nan,39.10,0.34,7.10,3.30,35.90,191.70
22-May-24 10:45:00 AM AEST,nan,71.8,20.5,nan,nan,nan,336.90,0.61,9.50,4.80,343.00,201.60
22-May-24 10:46:00 AM AEST,nan,72.2,20.6,nan,nan,nan,322.40,0.21,3.50,2.10,322.40,214.20
22-May-24 10:47:00 AM AEST,nan,71.7,20.7,nan,nan,nan,304.40,0.72,15.40,5.90,310.70,217.50
22-May-24 10:48:00 AM AEST,26.0,70.3,20.5,nan,nan,nan,296.70,0.83,10.60,6.80,297.80,211.70
22-May-24 10:49:00 AM AEST,nan,70.0,20.2,nan,nan,nan,314.60,0.49,9.50,4.80,314.30,213.30
22-May-24 10:50:00 AM AEST,nan,70.7,20.1,nan,nan,nan,344.20,0.51,10.60,5.10,346.40,226.60
22-May-24 10:51:00 AM AEST,nan,70.8,20.3,nan,nan,nan,338.20,0.60,9.50,5.80,335.20,245.00
22-May-24 10:52:00 AM AEST,nan,70.7,nan,nan,nan,nan,319.00,0.51,8.30,4.60,316.70,274.10
22-May-24 10:54:00 AM AEST,26.1,71.0,20.4,nan,nan,nan,325.70,0.41,5.90,4.10,326.00,311.70
22-May-24 10:54:00 AM AEST,26.1,70.8,20.4,nan,nan,nan,315.40,0.74,15.40,6.80,309.30,328.30
22-May-24 10:55:00 AM AEST,nan,70.2,nan,nan,nan,nan,344.90,0.56,9.50,5.30,341.20,315.00
22-May-24 10:56:00 AM AEST,26.2,71.2,20.2,nan,nan,nan,320.70,0.18,4.70,1.80,320.70,323.30
22-May-24 10:57:00 AM AEST,nan,70.8,20.6,nan,nan,nan,313.50,0.43,9.50,4.20,313.90,377.40
22-May-24 10:57:04 AM AEST,26.3,nan,nan,nan,nan,nan,nan,nan,nan,nan,nan,nan
22-May-24 10:58:00 AM AEST,nan,70.5,nan,nan,nan,0.24,326.80,0.81,13.00,8.00,324.70,389.20
22-May-24 10:59:00 AM AEST,26.4,70.0,20.5,nan,nan,nan,333.00,0.55,8.30,4.60,331.70,399.10
22-May-24 11:00:00 AM AEST,nan,70.2,20.4,nan,nan,nan,290.30,0.73,14.20,6.70,296.60,550.00
22-May-24 11:01:00 AM AEST,26.5,69.3,20.5,nan,nan,nan,306.00,0.81,nan,6.00,307.90,487.50
22-May-24 11:02:00 AM AEST,nan,68.8,20.4,nan,nan,nan,288.50,0.66,10.60,6.30,288.60,456.60
22-May-24 11:02:04 AM AEST,26.6,nan,nan,nan,nan,nan,nan,nan,nan,nan,nan,nan
22-May-24 11:03:00 AM AEST,nan,69.3,nan,nan,nan,nan,298.10,0.36,5.90,3.50,296.10,457.50
22-May-24 11:04:00 AM AEST,26.8,nan,20.6,nan,nan,nan,297.60,0.59,13.00,5.10,302.70,460.80
22-May-24 11:05:00 AM AEST,nan,68.7,20.7,nan,nan,nan,344.70,0.93,14.20,8.20,350.20,490.00
22-May-24 11:05:04 AM AEST,26.7,nan,nan,nan,nan,nan,nan,nan,nan,nan,nan,nan
22-May-24 11:06:00 AM AEST,nan,68.0,20.5,nan,nan,nan,349.20,0.38,8.30,3.40,334.80,466.60
22-May-24 11:06:08 AM AEST,26.8,nan,nan,nan,nan,nan,nan,nan,nan,nan,nan,nan
22-May-24 11:07:00 AM AEST,nan,67.7,20.4,nan,nan,nan,287.00,0.54,14.20,5.00,296.00,470.00
22-May-24 11:07:12 AM AEST,26.9,nan,nan,nan,nan,nan,nan,nan,nan,nan,nan,nan
22-May-24 11:08:16 AM AEST,27.0,nan,nan,nan,nan,nan,nan,nan,nan,nan,nan,nan
22-May-24 11:09:00 AM AEST,nan,68.7,20.7,nan,nan,nan,345.60,0.48,9.50,4.20,340.90,538.30
22-May-24 11:09:00 AM AEST,nan,69.3,20.7,nan,nan,nan,348.70,0.24,8.30,1.70,329.90,452.40
22-May-24 11:09:20 AM AEST,27.1,nan,nan,nan,nan,nan,nan,nan,nan,nan,nan,nan
22-May-24 11:10:00 AM AEST,nan,67.8,21.0,nan,nan,nan,298.50,0.68,10.60,5.40,297.30,364.20
22-May-24 11:11:00 AM AEST,nan,67.3,20.7,nan,nan,nan,280.20,0.70,9.50,6.80,279.60,271.60
22-May-24 11:12:00 AM AEST,27.0,67.2,20.5,nan,nan,nan,310.30,nan,10.60,6.90,312.20,211.70
22-May-24 11:13:00 AM AEST,nan,67.5,20.4,nan,nan,nan,328.70,0.63,nan,5.70,328.30,193.30
22-May-24 11:14:00 AM AEST,26.9,66.7,20.5,nan,nan,nan,296.70,1.18,23.70,9.20,303.60,184.20
22-May-24 11:15:00 AM AEST,nan,66.5,20.1,nan,nan,nan,307.30,0.92,14.20,7.80,303.90,180.00
22-May-24 11:15:04 AM AEST,26.8,nan,nan,nan,nan,nan,nan,nan,nan,nan,nan,nan
22-May-24 11:16:00 AM AEST,nan,66.3,20.0,nan,nan,nan,276.40,0.59,nan,5.20,278.70,190.80
22-May-24 11:16:08 AM AEST,26.7,nan,nan,nan,nan,nan,nan,nan,nan,nan,nan,nan
22-May-24 11:17:00 AM AEST,nan,67.0,19.9,nan,nan,nan,299.90,0.49,8.30,4.40,308.40,226.70
22-May-24 11:18:00 AM AEST,nan,67.7,20.1,nan,nan,nan,306.40,0.43,5.90,3.70,306.60,263.30
22-May-24 11:19:00 AM AEST,nan,67.2,20.2,nan,nan,nan,307.20,0.88,14.20,8.10,306.30,242.40
22-May-24 11:20:00 AM AEST,nan,66.7,20.1,nan,nan,nan,254.30,0.83,13.00,6.50,259.90,233.30
22-May-24 11:21:00 AM AEST,26.6,67.3,20.0,nan,nan,nan,258.60,0.46,7.10,4.60,258.20,235.00
22-May-24 11:22:00 AM AEST,nan,67.2,nan,nan,nan,nan,288.40,0.53,9.50,nan,nan,255.80
22-May-24 11:23:00 AM AEST,26.5,nan,nan,nan,nan,nan,310.60,1.03,15.40,4.90,290.20,307.40
22-May-24 11:23:00 AM AEST,26.5,nan,nan,nan,nan,nan,310.60,1.03,15.40,9.90,313.40,307.40
22-May-24 11:24:00 AM AEST,nan,67.3,19.9,nan,nan,nan,296.90,0.60,8.30,5.90,297.50,389.20
22-May-24 11:25:00 AM AEST,26.6,67.8,20.0,nan,nan,nan,292.00,0.35,nan,3.50,296.70,398.30
22-May-24 11:26:00 AM AEST,nan,nan,20.1,nan,nan,nan,328.40,nan,7.10,3.40,333.30,403.30
22-May-24 11:26:04 AM AEST,26.7,nan,nan,nan,nan,nan,nan,nan,nan,nan,nan,nan
22-May-24 11:27:00 AM AEST,nan,67.7,20.3,nan,nan,nan,311.90,0.79,13.00,4.80,310.00,344.20
22-May-24 11:27:08 AM AEST,26.8,nan,nan,nan,nan,nan,nan,nan,nan,nan,nan,nan
22-May-24 11:28:00 AM AEST,nan,67.8,nan,nan,nan,nan,257.20,0.28,5.90,2.50,253.40,296.60
22-May-24 11:29:00 AM AEST,nan,67.5,nan,nan,nan,nan,290.70,0.53,9.50,4.20,301.60,290.80
22-May-24 11:30:00 AM AEST,26.9,67.7,nan,nan,nan,nan,282.60,0.30,4.70,2.60,285.90,309.90
22-May-24 11:31:00 AM AEST,nan,68.3,20.4,nan,nan,nan,291.50,0.29,5.90,2.90,290.90,325.00
22-May-24 11:32:00 AM AEST,nan,67.8,20.6,nan,nan,nan,301.40,0.91,13.00,8.90,303.10,358.30
22-May-24 11:33:00 AM AEST,26.8,67.5,20.5,nan,nan,nan,319.80,0.65,8.30,4.30,318.30,375.80
22-May-24 11:34:00 AM AEST,nan,67.7,20.3,nan,nan,nan,298.90,0.95,15.40,8.80,297.80,477.50
22-May-24 11:35:00 AM AEST,nan,67.8,nan,nan,nan,nan,297.70,0.58,8.30,5.60,296.90,554.90
22-May-24 11:36:00 AM AEST,26.9,68.2,nan,nan,nan,nan,335.70,0.67,9.50,6.70,335.90,590.80
22-May-24 11:37:04 AM AEST,27.0,nan,nan,nan,nan,nan,nan,nan,nan,nan,nan,nan
22-May-24 11:38:00 AM AEST,nan,67.5,20.6,nan,nan,nan,332.80,0.63,11.80,6.10,329.30,634.90
22-May-24 11:38:00 AM AEST,nan,67.7,20.5,nan,nan,nan,281.70,0.63,8.30,5.40,281.60,806.70
22-May-24 11:38:08 AM AEST,27.1,nan,nan,nan,nan,nan,nan,nan,nan,nan,nan,nan
22-May-24 11:39:00 AM AEST,nan,68.7,20.6,nan,nan,nan,313.80,0.50,nan,5.00,313.60,902.50
22-May-24 11:39:12 AM AEST,27.3,nan,nan,nan,nan,nan,nan,nan,nan,nan,nan,nan
22-May-24 11:40:00 AM AEST,nan,68.2,21.0,nan,nan,nan,321.10,0.77,10.60,7.20,320.40,745.70
22-May-24 11:40:16 AM AEST,27.4,nan,nan,nan,nan,nan,nan,nan,nan,nan,nan,nan
22-May-24 11:41:00 AM AEST,nan,68.0,nan,nan,nan,nan,0.90,0.53,9.50,3.30,1.30,745.80
22-May-24 11:41:20 AM AEST,27.6,nan,nan,nan,nan,nan,nan,nan,nan,nan,nan,nan
22-May-24 11:42:00 AM AEST,nan,67.2,21.2,nan,nan,nan,318.10,0.71,14.20,6.80,316.10,516.60
22-May-24 11:42:24 AM AEST,27.7,nan,nan,nan,nan,nan,nan,nan,nan,nan,nan,nan
22-May-24 11:43:00 AM AEST,nan,66.8,21.0,nan,nan,nan,327.60,0.80,13.00,6.60,331.20,546.70
22-May-24 11:44:00 AM AEST,nan,nan,nan,nan,nan,nan,318.30,0.83,16.60,7.70,318.00,397.50
22-May-24 11:45:00 AM AEST,27.6,66.0,nan,nan,nan,nan,313.60,0.92,nan,8.10,316.10,343.30
22-May-24 11:46:00 AM AEST,nan,65.7,20.7,nan,nan,nan,308.80,0.98,15.40,7.40,305.30,314.20
22-May-24 11:47:00 AM AEST,27.5,65.5,20.6,nan,nan,nan,276.20,0.46,9.50,3.40,302.90,289.90
22-May-24 11:48:00 AM AEST,nan,65.7,20.4,nan,nan,nan,320.40,0.84,13.00,7.30,320.90,275.00
22-May-24 11:49:00 AM AEST,27.4,65.5,20.5,nan,nan,nan,326.60,0.54,10.60,5.40,325.20,283.30
22-May-24 11:50:00 AM AEST,nan,66.0,20.4,nan,nan,nan,294.80,0.63,17.80,4.60,273.70,305.00
22-May-24 11:50:04 AM AEST,27.5,nan,nan,nan,nan,nan,nan,nan,nan,nan,nan,nan
22-May-24 11:51:08 AM AEST,27.3,nan,nan,nan,nan,nan,nan,nan,nan,nan,nan,nan
22-May-24 11:52:00 AM AEST,nan,65.3,20.6,nan,nan,nan,273.20,0.70,10.60,6.40,270.60,311.70
22-May-24 11:52:00 AM AEST,nan,65.8,20.3,nan,nan,nan,327.90,0.81,10.60,6.70,328.60,322.40
22-May-24 11:52:12 AM AEST,27.2,nan,nan,nan,nan,nan,nan,nan,nan,nan,nan,nan
22-May-24 11:53:00 AM AEST,nan,65.7,nan,nan,nan,nan,312.10,0.56,11.80,5.40,314.70,841.70
22-May-24 11:54:00 AM AEST,27.4,66.0,20.2,nan,nan,nan,294.30,0.67,10.60,6.40,295.00,749.90
22-May-24 11:55:00 AM AEST,nan,67.3,20.4,nan,nan,nan,308.60,0.38,11.80,3.80,313.20,810.00
22-May-24 11:55:04 AM AEST,27.5,nan,nan,nan,nan,nan,nan,nan,nan,nan,nan,nan
22-May-24 11:56:00 AM AEST,nan,67.7,20.9,nan,nan,nan,310.60,0.88,18.90,7.60,312.80,781.70
22-May-24 11:56:08 AM AEST,27.6,nan,nan,nan,nan,nan,nan,nan,nan,nan,nan,nan
22-May-24 11:57:00 AM AEST,nan,67.2,21.1,nan,nan,nan,316.00,0.72,10.60,6.70,317.10,568.30
22-May-24 11:58:00 AM AEST,27.7,66.5,21.0,nan,nan,0.32,313.60,0.81,13.00,6.80,312.50,429.20
22-May-24 11:59:00 AM AEST,nan,67.0,20.9,nan,nan,nan,339.40,0.78,17.80,6.60,322.60,260.80
22-May-24 12:00:00 PM AEST,27.6,65.5,21.0,nan,nan,nan,316.50,1.11,16.60,10.20,313.90,446.70
22-May-24 12:01:00 PM AEST,nan,65.2,20.5,nan,nan,nan,324.80,1.12,14.20,10.00,322.70,513.30
22-May-24 12:01:04 PM AEST,27.4,nan,nan,nan,nan,nan,nan,nan,nan,nan,nan,nan
22-May-24 12:02:00 PM AEST,nan,65.0,20.3,nan,nan,nan,305.70,0.84,nan,7.00,300.90,474.20
22-May-24 12:03:00 PM AEST,27.5,64.8,nan,nan,nan,nan,314.70,1.01,22.50,8.50,316.80,560.00
22-May-24 12:04:00 PM AEST,nan,65.0,nan,nan,nan,nan,317.40,0.67,10.60,6.10,315.20,541.60
22-May-24 12:04:04 PM AEST,27.4,nan,nan,nan,nan,nan,nan,nan,nan,nan,nan,nan
22-May-24 12:05:00 PM AEST,nan,nan,nan,nan,nan,nan,nan,nan,8.30,5.30,299.40,nan
22-May-24 12:05:08 PM AEST,27.6,nan,nan,nan,nan,nan,nan,nan,nan,nan,nan,nan
22-May-24 12:06:00 PM AEST,nan,65.2,nan,nan,nan,nan,300.10,0.62,nan,nan,nan,460.00
22-May-24 12:06:12 PM AEST,27.7,nan,nan,nan,nan,nan,nan,nan,nan,nan,nan,nan
22-May-24 12:07:00 PM AEST,nan,66.3,20.4,nan,nan,nan,257.60,0.33,5.90,3.00,255.30,459.10
22-May-24 12:07:00 PM AEST,nan,65.7,20.8,nan,nan,nan,315.60,0.81,18.90,5.70,314.50,723.30
22-May-24 12:07:16 PM AEST,27.8,nan,nan,nan,nan,nan,nan,nan,nan,nan,nan,nan
22-May-24 12:08:00 PM AEST,nan,65.0,20.7,nan,nan,nan,329.10,1.12,17.80,9.60,324.20,651.70
22-May-24 12:08:20 PM AEST,27.7,nan,nan,nan,nan,nan,nan,nan,nan,nan,nan,nan
22-May-24 12:09:00 PM AEST,nan,64.2,20.5,nan,nan,nan,316.00,1.02,15.40,9.90,317.20,409.90
22-May-24 12:09:24 PM AEST,27.6,nan,nan,nan,nan,nan,nan,nan,nan,nan,nan,nan
22-May-24 12:10:00 PM AEST,nan,64.8,20.2,nan,nan,nan,255.50,0.64,11.80,4.80,267.80,386.70
22-May-24 12:11:00 PM AEST,nan,64.2,20.4,nan,nan,nan,277.70,0.75,nan,5.90,284.80,392.40
22-May-24 12:12:00 PM AEST,nan,64.0,20.2,nan,nan,nan,289.50,0.70,10.60,6.10,294.00,388.30
22-May-24 12:13:00 PM AEST,nan,64.3,nan,nan,nan,nan,317.90,0.85,17.80,8.30,315.90,399.20
22-May-24 12:14:00 PM AEST,nan,64.8,nan,nan,nan,nan,305.50,0.59,9.50,5.30,305.50,405.80
22-May-24 12:15:00 PM AEST,nan,64.5,20.4,nan,nan,nan,310.10,0.73,14.20,6.20,310.60,370.80
22-May-24 12:16:00 PM AEST,nan,64.8,20.3,nan,nan,nan,290.10,0.64,13.00,5.00,298.40,364.90
22-May-24 12:17:00 PM AEST,nan,64.7,20.4,nan,nan,nan,276.10,0.68,11.80,6.10,281.60,400.00
22-May-24 12:18:00 PM AEST,nan,64.8,20.3,nan,nan,nan,279.70,0.72,20.10,5.70,301.00,419.10
22-May-24 12:19:00 PM AEST,27.4,66.0,nan,nan,nan,nan,235.60,0.96,nan,nan,nan,394.20
22-May-24 12:20:00 PM AEST,nan,66.7,nan,nan,nan,nan,281.30,0.78,16.60,6.20,262.00,395.80
22-May-24 12:20:00 PM AEST,nan,66.7,nan,nan,nan,nan,281.30,0.78,17.80,6.20,262.00,395.80
22-May-24 12:20:04 PM AEST,27.2,nan,nan,nan,nan,nan,nan,nan,nan,nan,nan,nan
22-May-24 12:21:00 PM AEST,nan,66.5,20.5,nan,nan,nan,273.40,0.97,16.60,5.40,310.50,424.10
22-May-24 12:21:00 PM AEST,nan,66.5,20.5,nan,nan,nan,273.40,0.97,16.60,7.40,279.30,424.10
22-May-24 12:21:08 PM AEST,27.0,nan,nan,nan,nan,nan,nan,nan,nan,nan,nan,nan
22-May-24 12:22:00 PM AEST,nan,67.2,20.2,nan,nan,nan,286.10,0.70,13.00,5.40,289.30,440.00
22-May-24 12:22:12 PM AEST,26.8,nan,nan,nan,nan,nan,nan,nan,nan,nan,nan,nan
22-May-24 12:23:00 PM AEST,nan,68.2,nan,nan,nan,nan,255.40,0.59,10.60,4.90,255.40,413.30
22-May-24 12:24:00 PM AEST,26.7,69.2,20.4,nan,nan,nan,234.10,0.56,9.50,3.60,239.80,384.20
22-May-24 12:25:00 PM AEST,nan,nan,20.6,nan,nan,nan,298.50,0.86,15.40,8.40,297.40,372.50
22-May-24 12:25:04 PM AEST,26.5,nan,nan,nan,nan,nan,nan,nan,nan,nan,nan,nan
22-May-24 12:26:00 PM AEST,nan,70.2,20.4,nan,nan,nan,300.70,0.30,4.70,1.40,296.10,364.90
22-May-24 12:27:00 PM AEST,26.6,70.3,20.6,nan,nan,nan,283.30,0.38,7.10,1.90,268.00,367.50
22-May-24 12:28:00 PM AEST,nan,nan,20.8,nan,nan,nan,273.30,0.60,9.50,5.90,273.30,386.60
22-May-24 12:28:04 PM AEST,26.5,nan,nan,nan,nan,nan,nan,nan,nan,nan,nan,nan
22-May-24 12:29:00 PM AEST,nan,70.7,20.7,nan,nan,nan,308.20,0.52,7.10,4.40,308.70,415.00
22-May-24 12:30:00 PM AEST,nan,nan,nan,nan,nan,nan,333.00,0.49,nan,4.20,328.20,418.30
22-May-24 12:31:00 PM AEST,nan,70.3,nan,nan,nan,nan,284.80,0.39,nan,3.90,286.00,405.00
22-May-24 12:32:00 PM AEST,26.6,70.2,nan,nan,nan,nan,268.10,0.43,nan,3.80,273.40,389.20
22-May-24 12:33:00 PM AEST,nan,nan,nan,nan,nan,nan,268.30,0.48,nan,1.60,276.00,367.40
22-May-24 12:35:00 PM AEST,nan,69.3,nan,nan,nan,nan,302.20,0.60,9.50,5.00,296.70,353.30
22-May-24 12:36:00 PM AEST,nan,66.5,20.5,nan,nan,nan,286.70,0.69,13.00,3.70,286.90,368.30
22-May-24 12:36:00 PM AEST,nan,65.3,19.8,nan,nan,nan,212.50,0.43,7.10,4.20,209.90,410.00
22-May-24 12:37:00 PM AEST,26.7,65.8,19.6,nan,nan,nan,295.30,0.47,nan,3.90,300.50,545.80
22-May-24 12:38:00 PM AEST,nan,nan,19.8,nan,nan,nan,325.50,0.23,3.50,2.30,325.50,900.70
22-May-24 12:38:04 PM AEST,26.9,nan,nan,nan,nan,nan,nan,nan,nan,nan,nan,nan
22-May-24 12:39:00 PM AEST,nan,68.5,19.9,nan,nan,nan,325.70,nan,7.10,2.00,321.00,796.70
22-May-24 12:39:08 PM AEST,27.2,nan,nan,nan,nan,nan,nan,nan,nan,nan,nan,nan
22-May-24 12:40:00 PM AEST,nan,66.0,20.9,nan,nan,nan,278.80,0.80,13.00,7.70,277.90,604.90
22-May-24 12:41:00 PM AEST,27.1,64.8,20.3,nan,nan,nan,297.10,0.60,9.50,5.70,298.00,409.20
22-May-24 12:42:00 PM AEST,nan,65.0,19.9,nan,nan,nan,308.30,0.59,14.20,5.60,313.00,364.20
22-May-24 12:43:00 PM AEST,27.2,65.3,20.0,nan,nan,nan,317.00,0.51,11.80,4.00,323.10,352.40
22-May-24 12:44:00 PM AEST,nan,65.5,20.1,nan,nan,nan,354.70,0.67,13.00,6.00,357.20,351.70
22-May-24 12:45:00 PM AEST,27.3,65.7,20.2,nan,nan,nan,5.80,0.38,8.30,3.50,13.30,353.30
22-May-24 12:46:00 PM AEST,nan,64.3,20.3,nan,nan,nan,289.40,0.95,18.90,7.90,290.00,354.20
22-May-24 12:46:04 PM AEST,27.2,nan,nan,nan,nan,nan,nan,nan,nan,nan,nan,nan
22-May-24 12:47:00 PM AEST,nan,nan,19.8,nan,nan,nan,314.20,0.69,11.80,6.10,321.30,352.40
22-May-24 12:47:08 PM AEST,27.1,nan,nan,nan,nan,nan,nan,nan,nan,nan,nan,nan
22-May-24 12:48:00 PM AEST,nan,64.7,nan,nan,nan,nan,285.90,0.36,5.90,nan,nan,350.00
22-May-24 12:48:12 PM AEST,27.2,nan,nan,nan,nan,nan,nan,nan,nan,nan,nan,nan
22-May-24 12:49:00 PM AEST,nan,65.0,19.7,nan,nan,nan,279.30,0.50,nan,3.50,281.70,nan
22-May-24 12:50:00 PM AEST,nan,64.5,19.9,nan,nan,nan,305.60,0.76,9.50,5.00,280.80,349.20
22-May-24 12:50:00 PM AEST,nan,64.5,20.0,nan,nan,nan,305.60,0.76,13.00,6.70,314.20,344.10
22-May-24 12:51:00 PM AEST,27.1,64.3,19.9,nan,nan,nan,322.50,1.03,18.90,9.80,322.60,343.30
22-May-24 12:52:00 PM AEST,nan,64.2,19.8,nan,nan,nan,317.10,0.76,10.60,6.80,314.30,342.40
22-May-24 12:52:04 PM AEST,27.0,nan,nan,nan,nan,nan,nan,nan,nan,nan,nan,nan
22-May-24 12:53:00 PM AEST,nan,nan,19.6,nan,nan,nan,323.20,0.55,8.30,4.50,323.40,344.20
22-May-24 12:54:00 PM AEST,27.1,64.5,nan,nan,nan,nan,306.40,0.40,7.10,3.80,304.30,342.50
22-May-24 12:55:00 PM AEST,nan,64.2,19.8,nan,nan,nan,303.20,0.49,nan,4.20,300.60,344.90
22-May-24 12:56:00 PM AEST,nan,64.0,19.7,nan,nan,nan,294.80,0.67,10.60,6.60,294.10,346.70
22-May-24 12:57:00 PM AEST,nan,64.2,nan,nan,nan,nan,283.60,0.65,8.30,5.80,285.20,367.40
22-May-24 12:58:00 PM AEST,nan,64.0,nan,nan,nan,nan,310.70,0.56,nan,5.30,309.00,382.50
22-May-24 12:59:00 PM AEST,27.2,63.8,nan,nan,nan,nan,309.80,0.49,9.50,3.20,321.90,403.30
22-May-24 1:00:00 PM AEST,nan,63.7,nan,nan,nan,nan,305.70,0.55,7.10,3.60,310.40,434.10
22-May-24 1:01:00 PM AEST,nan,63.5,nan,nan,nan,nan,282.20,0.54,nan,4.90,281.90,464.20
22-May-24 1:02:00 PM AEST,27.3,63.7,nan,nan,nan,nan,318.00,0.30,5.90,3.00,317.60,460.80
22-May-24 1:03:00 PM AEST,nan,64.0,nan,nan,nan,nan,323.20,0.50,nan,nan,nan,468.30
22-May-24 1:03:04 PM AEST,27.4,nan,nan,nan,nan,nan,nan,nan,nan,nan,nan,nan
22-May-24 1:04:00 PM AEST,nan,nan,19.8,nan,nan,nan,nan,nan,8.30,4.90,324.70,nan
22-May-24 1:04:08 PM AEST,27.5,nan,nan,nan,nan,nan,nan,nan,nan,nan,nan,nan
22-May-24 1:05:00 PM AEST,nan,64.5,20.0,nan,nan,nan,329.20,0.28,4.70,2.80,329.60,534.90
22-May-24 1:05:00 PM AEST,nan,63.8,20.2,nan,nan,nan,319.80,0.93,14.20,8.90,318.10,581.70
22-May-24 1:05:12 PM AEST,27.6,nan,nan,nan,nan,nan,nan,nan,nan,nan,nan,nan
22-May-24 1:06:00 PM AEST,nan,63.5,20.1,nan,nan,nan,311.90,0.78,11.80,6.90,317.20,530.00
22-May-24 1:06:16 PM AEST,27.4,nan,nan,nan,nan,nan,nan,nan,nan,nan,nan,nan
22-May-24 1:07:00 PM AEST,nan,64.3,19.9,nan,nan,nan,309.00,0.66,nan,5.00,nan,538.30
22-May-24 1:07:20 PM AEST,27.5,nan,nan,nan,nan,nan,nan,nan,nan,nan,nan,nan
22-May-24 1:08:00 PM AEST,nan,63.8,20.1,nan,nan,nan,348.80,0.38,8.30,3.70,352.00,578.30
22-May-24 1:08:24 PM AEST,27.6,nan,nan,nan,nan,nan,nan,nan,nan,nan,nan,nan
22-May-24 1:09:00 PM AEST,nan,64.5,nan,nan,nan,nan,307.30,0.44,7.10,3.80,312.40,463.30
22-May-24 1:09:28 PM AEST,27.7,nan,nan,nan,nan,nan,nan,nan,nan,nan,nan,nan
22-May-24 1:10:00 PM AEST,nan,64.2,20.4,nan,nan,nan,314.60,0.80,13.00,7.10,314.50,426.70
22-May-24 1:11:00 PM AEST,27.6,nan,20.3,nan,nan,nan,302.00,0.72,11.80,6.90,296.90,385.80
22-May-24 1:12:00 PM AEST,nan,64.5,20.2,nan,nan,nan,284.20,0.54,9.50,4.90,280.30,349.10
22-May-24 1:13:00 PM AEST,nan,nan,20.3,nan,nan,nan,306.40,0.68,13.00,6.00,298.50,332.50
22-May-24 1:14:00 PM AEST,nan,65.0,nan,nan,nan,nan,349.10,0.63,9.50,5.80,348.80,339.90
22-May-24 1:15:00 PM AEST,27.5,64.7,20.4,nan,nan,nan,334.00,0.92,16.60,7.60,333.20,352.50
22-May-24 1:16:00 PM AEST,nan,nan,20.2,nan,nan,nan,334.70,0.89,15.40,7.10,331.70,356.60
22-May-24 1:17:00 PM AEST,27.4,65.0,nan,nan,nan,nan,293.40,0.72,17.80,5.50,310.70,361.70
22-May-24 1:18:04 PM AEST,27.3,nan,nan,nan,nan,nan,nan,nan,nan,nan,nan,nan
22-May-24 1:19:00 PM AEST,nan,64.2,19.9,nan,nan,nan,293.20,0.70,14.20,6.10,285.90,352.50
22-May-24 1:19:00 PM AEST,nan,64.5,19.9,nan,nan,nan,336.60,0.66,9.50,6.20,333.00,345.80
22-May-24 1:19:08 PM AEST,27.2,nan,nan,nan,nan,nan,nan,nan,nan,nan,nan,nan
22-May-24 1:20:00 PM AEST,nan,64.3,nan,nan,nan,nan,346.90,0.50,nan,4.30,337.50,350.80
22-May-24 1:20:12 PM AEST,27.3,nan,nan,nan,nan,nan,nan,nan,nan,nan,nan,nan
22-May-24 1:21:00 PM AEST,nan,64.5,20.0,nan,nan,nan,339.90,0.33,7.10,3.00,342.40,365.80
22-May-24 1:21:16 PM AEST,27.4,nan,nan,nan,nan,nan,nan,nan,nan,nan,nan,nan
22-May-24 1:22:00 PM AEST,nan,64.3,20.1,nan,nan,nan,319.20,1.00,14.20,10.00,318.70,386.70
22-May-24 1:22:20 PM AEST,27.3,nan,nan,nan,nan,nan,nan,nan,nan,nan,nan,nan
22-May-24 1:23:00 PM AEST,nan,64.0,19.9,nan,nan,nan,302.80,0.89,nan,7.80,296.70,nan
22-May-24 1:23:24 PM AEST,27.1,nan,nan,nan,nan,nan,nan,nan,nan,nan,nan,nan
22-May-24 1:24:00 PM AEST,nan,nan,19.7,nan,nan,nan,322.50,0.63,10.60,6.10,323.60,350.80
22-May-24 1:25:00 PM AEST,27.2,nan,nan,nan,nan,nan,351.50,nan,nan,5.60,0.00,325.80
22-May-24 1:26:00 PM AEST,nan,63.8,19.8,nan,nan,nan,348.70,0.85,14.20,7.80,350.70,312.40
22-May-24 1:26:04 PM AEST,27.1,nan,nan,nan,nan,nan,nan,nan,nan,nan,nan,nan
22-May-24 1:27:00 PM AEST,nan,64.2,19.7,nan,nan,nan,343.00,0.18,3.50,1.80,343.00,305.80
22-May-24 1:27:08 PM AEST,27.2,nan,nan,nan,nan,nan,nan,nan,nan,nan,nan,nan
22-May-24 1:28:00 PM AEST,nan,nan,19.9,nan,nan,nan,284.20,0.60,13.00,4.00,267.20,300.00
22-May-24 1:28:12 PM AEST,27.4,nan,nan,nan,nan,nan,nan,nan,nan,nan,nan,nan
22-May-24 1:29:00 PM AEST,nan,64.5,20.0,nan,nan,nan,276.80,0.61,nan,3.80,296.80,292.40
22-May-24 1:29:16 PM AEST,27.3,nan,nan,nan,nan,nan,nan,nan,nan,nan,nan,nan
22-May-24 1:30:00 PM AEST,nan,nan,nan,nan,nan,nan,309.20,0.83,11.80,7.00,312.50,285.00
22-May-24 1:30:20 PM AEST,27.1,nan,nan,nan,nan,nan,nan,nan,nan,nan,nan,nan
22-May-24 1:31:00 PM AEST,nan,64.3,19.8,nan,nan,nan,307.60,0.77,nan,7.40,309.40,282.40
22-May-24 1:31:24 PM AEST,27.0,nan,nan,nan,nan,nan,nan,nan,nan,nan,nan,nan
22-May-24 1:32:00 PM AEST,nan,64.7,19.7,nan,nan,nan,306.30,nan,13.00,7.70,305.60,289.20
22-May-24 1:32:28 PM AEST,26.9,nan,nan,nan,nan,nan,nan,nan,nan,nan,nan,nan
22-May-24 1:33:00 PM AEST,nan,nan,nan,nan,nan,nan,nan,0.88,nan,nan,nan,nan
22-May-24 1:34:00 PM AEST,nan,65.0,19.6,nan,nan,nan,320.10,0.68,11.80,6.70,320.00,305.80
22-May-24 1:34:00 PM AEST,nan,65.8,19.7,nan,nan,nan,305.20,0.36,7.10,3.60,305.40,322.50
22-May-24 1:35:00 PM AEST,27.0,nan,20.0,nan,nan,nan,275.50,0.51,8.30,4.90,277.90,328.30
22-May-24 1:36:00 PM AEST,nan,nan,nan,nan,nan,nan,302.00,0.69,10.60,5.60,299.60,334.10
22-May-24 1:37:00 PM AEST,nan,66.3,nan,nan,nan,nan,4.90,0.73,14.20,6.80,13.00,342.50
22-May-24 1:38:00 PM AEST,26.9,65.8,20.2,nan,nan,nan,9.10,0.57,10.60,5.50,9.90,347.40
22-May-24 1:39:00 PM AEST,nan,66.5,19.9,nan,nan,nan,1.00,0.55,8.30,4.40,12.50,350.00
22-May-24 1:40:00 PM AEST,nan,nan,20.1,nan,nan,nan,12.20,0.51,7.10,3.90,6.90,nan
22-May-24 1:41:00 PM AEST,nan,66.3,20.2,nan,nan,nan,331.30,0.33,5.90,3.00,334.00,344.90
22-May-24 1:42:00 PM AEST,nan,nan,20.1,nan,nan,nan,336.40,0.58,8.30,5.30,336.40,338.30
22-May-24 1:43:00 PM AEST,27.0,66.7,nan,nan,nan,nan,354.40,0.35,5.90,2.80,8.60,340.80
22-May-24 1:44:00 PM AEST,nan,66.3,20.2,nan,nan,nan,352.00,0.62,9.50,5.90,350.50,365.80
22-May-24 1:45:00 PM AEST,nan,66.8,nan,nan,nan,nan,4.50,0.30,5.90,2.40,10.20,404.10
22-May-24 1:46:00 PM AEST,nan,nan,20.3,nan,nan,nan,8.30,nan,7.10,4.80,8.40,401.70
22-May-24 1:47:00 PM AEST,nan,nan,nan,nan,nan,nan,334.30,0.50,nan,nan,nan,415.00
22-May-24 1:47:00 PM AEST,nan,nan,nan,nan,nan,nan,334.30,0.56,nan,nan,nan,415.00
22-May-24 1:48:00 PM AEST,27.1,67.3,nan,nan,nan,nan,326.30,0.27,8.30,4.90,336.00,434.90
22-May-24 1:48:00 PM AEST,27.1,67.3,nan,nan,nan,nan,326.30,0.27,4.70,2.30,320.90,434.90
22-May-24 1:49:00 PM AEST,nan,66.8,20.5,nan,nan,nan,338.10,0.66,10.60,6.20,334.10,658.30
22-May-24 1:50:00 PM AEST,27.2,66.5,20.4,nan,nan,nan,299.00,0.22,5.90,2.20,298.90,772.40
22-May-24 1:51:00 PM AEST,nan,67.5,nan,nan,nan,nan,336.80,0.54,9.50,4.70,348.30,784.20
22-May-24 1:51:04 PM AEST,27.4,nan,nan,nan,nan,nan,nan,nan,nan,nan,nan,nan
22-May-24 1:52:00 PM AEST,nan,67.8,20.9,nan,nan,nan,355.80,0.17,4.70,1.70,356.00,882.50
22-May-24 1:52:08 PM AEST,27.6,nan,nan,nan,nan,nan,nan,nan,nan,nan,nan,nan
22-May-24 1:53:00 PM AEST,nan,68.0,21.1,nan,nan,nan,337.00,0.43,9.50,4.20,325.80,702.40
22-May-24 1:53:12 PM AEST,27.8,nan,nan,nan,nan,nan,nan,nan,nan,nan,nan,nan
22-May-24 1:54:00 PM AEST,nan,66.7,21.4,nan,nan,nan,331.50,0.59,nan,5.50,334.10,502.50
22-May-24 1:54:16 PM AEST,27.9,nan,nan,nan,nan,nan,nan,nan,nan,nan,nan,nan
22-May-24 1:55:00 PM AEST,nan,66.2,21.1,nan,nan,nan,333.60,0.60,nan,4.50,323.70,589.90
22-May-24 1:55:20 PM AEST,27.8,nan,nan,nan,nan,nan,nan,nan,nan,nan,nan,nan
22-May-24 1:56:00 PM AEST,nan,65.5,20.9,nan,nan,nan,348.10,0.42,5.90,3.10,338.10,417.50
22-May-24 1:57:00 PM AEST,28.0,66.3,20.8,nan,nan,nan,345.70,0.23,7.10,2.00,291.80,409.10
22-May-24 1:58:00 PM AEST,nan,66.8,21.1,nan,nan,0.32,330.80,0.60,10.60,5.30,342.80,406.70
22-May-24 1:59:00 PM AEST,27.9,66.0,21.3,nan,nan,nan,329.00,0.62,9.50,5.70,329.60,428.30
22-May-24 2:00:00 PM AEST,nan,65.7,21.0,nan,nan,nan,327.50,0.69,10.60,6.60,326.60,419.10
22-May-24 2:01:00 PM AEST,nan,nan,20.9,nan,nan,nan,nan,nan,nan,6.10,316.80,nan
22-May-24 2:02:00 PM AEST,27.8,65.5,20.8,nan,nan,nan,319.10,0.62,7.10,3.60,0.90,384.20
22-May-24 2:02:00 PM AEST,27.8,65.3,20.8,nan,nan,nan,5.40,0.52,7.10,3.60,0.90,358.30
22-May-24 2:03:00 PM AEST,nan,65.2,20.7,nan,nan,nan,342.70,0.51,8.30,3.30,329.80,345.00
22-May-24 2:04:00 PM AEST,nan,65.8,nan,nan,nan,nan,321.30,0.41,7.10,2.40,313.50,383.30
22-May-24 2:05:00 PM AEST,27.9,66.8,20.8,nan,nan,nan,43.00,0.28,5.90,1.00,325.90,478.30
22-May-24 2:06:00 PM AEST,nan,66.0,21.1,nan,nan,nan,8.20,0.47,9.50,3.70,357.50,434.20
22-May-24 2:06:04 PM AEST,28.0,nan,nan,nan,nan,nan,nan,nan,nan,nan,nan,nan
22-May-24 2:07:00 PM AEST,nan,65.8,21.0,nan,nan,nan,316.60,0.92,11.80,8.70,317.60,352.40
22-May-24 2:07:08 PM AEST,27.8,nan,nan,nan,nan,nan,nan,nan,nan,nan,nan,nan
22-May-24 2:08:00 PM AEST,nan,65.3,20.8,nan,nan,nan,322.20,0.76,10.60,7.40,323.10,330.80
22-May-24 2:08:12 PM AEST,27.6,nan,nan,nan,nan,nan,nan,nan,nan,nan,nan,nan
22-May-24 2:09:00 PM AEST,nan,66.0,20.5,nan,nan,nan,333.70,0.48,8.30,4.40,328.10,576.70
22-May-24 2:10:00 PM AEST,27.8,67.2,20.7,nan,nan,nan,344.70,0.29,5.90,2.80,340.70,730.70
22-May-24 2:11:00 PM AEST,nan,67.3,21.1,nan,nan,nan,344.90,0.33,nan,3.10,347.50,797.50
22-May-24 2:11:04 PM AEST,28.0,nan,nan,nan,nan,nan,nan,nan,nan,nan,nan,nan
22-May-24 2:12:00 PM AEST,nan,68.2,21.3,nan,nan,nan,356.40,0.36,7.10,3.40,1.10,707.40
22-May-24 2:12:08 PM AEST,28.2,nan,nan,nan,nan,nan,nan,nan,nan,nan,nan,nan
22-May-24 2:13:00 PM AEST,nan,67.3,21.8,nan,nan,nan,19.00,0.42,8.30,3.20,359.50,584.20
22-May-24 2:13:12 PM AEST,28.4,nan,nan,nan,nan,nan,nan,nan,nan,nan,nan,nan
22-May-24 2:14:00 PM AEST,nan,66.3,nan,nan,nan,nan,20.40,0.59,10.60,3.60,27.50,671.60
22-May-24 2:14:16 PM AEST,28.3,nan,nan,nan,nan,nan,nan,nan,nan,nan,nan,nan
22-May-24 2:15:00 PM AEST,nan,67.7,21.4,nan,nan,nan,40.20,0.19,3.50,1.90,40.20,691.70
22-May-24 2:15:20 PM AEST,28.5,nan,nan,nan,nan,nan,nan,nan,nan,nan,nan,nan
22-May-24 2:16:00 PM AEST,nan,67.2,nan,nan,nan,nan,326.50,0.58,nan,nan,nan,679.20
22-May-24 2:17:00 PM AEST,nan,nan,21.9,nan,nan,nan,314.40,0.53,9.50,5.50,320.20,660.80
22-May-24 2:17:00 PM AEST,nan,nan,21.8,nan,nan,nan,314.40,0.53,8.30,5.10,313.80,660.80
22-May-24 2:18:00 PM AEST,nan,66.2,nan,nan,nan,nan,291.40,0.56,9.50,5.30,294.40,622.50
22-May-24 2:19:00 PM AEST,28.7,66.0,21.6,nan,nan,nan,308.40,0.18,3.50,1.10,327.20,642.40
22-May-24 2:20:00 PM AEST,nan,66.5,21.7,nan,nan,nan,0.10,0.46,8.30,4.30,1.80,623.30
22-May-24 2:20:04 PM AEST,28.8,nan,nan,nan,nan,nan,nan,nan,nan,nan,nan,nan
22-May-24 2:21:00 PM AEST,nan,65.7,21.9,nan,nan,nan,22.30,0.45,7.10,4.40,22.80,613.30
22-May-24 2:21:08 PM AEST,28.9,nan,nan,nan,nan,nan,nan,nan,nan,nan,nan,nan
22-May-24 2:22:00 PM AEST,nan,nan,21.8,nan,nan,nan,343.60,0.48,9.50,4.10,334.40,607.40
22-May-24 2:23:00 PM AEST,nan,65.2,nan,nan,nan,nan,355.90,0.75,13.00,5.60,352.20,613.30
22-May-24 2:24:00 PM AEST,28.8,65.5,21.7,nan,nan,nan,50.70,0.61,9.50,5.10,52.60,559.90
22-May-24 2:25:00 PM AEST,nan,65.2,nan,nan,nan,nan,344.20,0.72,nan,7.10,344.10,624.20
22-May-24 2:25:04 PM AEST,28.7,nan,nan,nan,nan,nan,nan,nan,nan,nan,nan,nan
22-May-24 2:26:00 PM AEST,nan,65.0,21.5,nan,nan,nan,357.00,0.59,nan,5.40,352.90,485.00
22-May-24 2:27:00 PM AEST,nan,64.3,nan,nan,nan,nan,12.40,0.85,14.20,7.70,13.30,389.10
22-May-24 2:28:00 PM AEST,28.6,63.7,21.3,nan,nan,nan,10.80,0.75,10.60,6.40,13.70,410.80
22-May-24 2:29:00 PM AEST,nan,64.7,21.0,nan,nan,nan,332.10,0.41,8.30,3.90,334.00,351.60
22-May-24 2:30:00 PM AEST,nan,nan,nan,nan,nan,nan,nan,0.67,nan,nan,nan,nan
22-May-24 2:31:00 PM AEST,nan,65.0,21.3,nan,nan,nan,357.70,0.53,10.60,5.90,2.60,596.70
22-May-24 2:31:00 PM AEST,nan,65.3,21.4,nan,nan,nan,5.10,0.53,8.30,4.60,6.20,359.20
22-May-24 2:32:00 PM AEST,nan,64.7,21.5,nan,nan,nan,330.20,0.51,9.50,3.70,323.30,131.60
22-May-24 2:33:00 PM AEST,28.3,64.5,21.2,nan,nan,nan,331.10,0.83,13.00,7.30,327.30,94.10
22-May-24 2:34:00 PM AEST,nan,65.0,21.0,nan,nan,nan,32.30,0.28,4.70,2.80,31.30,75.00
22-May-24 2:34:04 PM AEST,28.2,nan,nan,nan,nan,nan,nan,nan,nan,nan,nan,nan
22-May-24 2:35:00 PM AEST,nan,64.8,nan,nan,nan,nan,312.50,0.37,5.90,3.70,311.00,70.00
22-May-24 2:36:00 PM AEST,28.1,65.2,nan,nan,nan,nan,340.30,0.36,nan,3.00,344.10,220.00
22-May-24 2:37:00 PM AEST,nan,nan,20.9,nan,nan,nan,35.20,0.60,9.50,5.50,37.80,572.40
22-May-24 2:37:04 PM AEST,28.0,nan,nan,nan,nan,nan,nan,nan,nan,nan,nan,nan
22-May-24 2:38:00 PM AEST,nan,nan,20.8,nan,nan,nan,12.00,0.62,8.30,5.90,12.30,576.70
22-May-24 2:39:00 PM AEST,28.1,65.0,nan,nan,nan,nan,341.50,0.54,nan,5.30,342.10,589.90
22-May-24 2:40:00 PM AEST,nan,65.5,20.9,nan,nan,nan,291.80,0.49,7.10,4.20,288.20,595.00
22-May-24 2:40:04 PM AEST,28.2,nan,nan,nan,nan,nan,nan,nan,nan,nan,nan,nan
22-May-24 2:41:00 PM AEST,nan,66.0,21.1,nan,nan,nan,324.60,0.38,nan,3.80,323.90,631.60
22-May-24 2:41:08 PM AEST,28.3,nan,nan,nan,nan,nan,nan,nan,nan,nan,nan,nan
22-May-24 2:42:00 PM AEST,nan,65.7,21.3,nan,nan,nan,298.30,0.30,5.90,2.90,295.40,647.50
22-May-24 2:42:12 PM AEST,28.5,nan,nan,nan,nan,nan,nan,nan,nan,nan,nan,nan
22-May-24 2:43:00 PM AEST,nan,65.8,21.4,nan,nan,nan,322.00,0.53,8.30,5.20,324.50,470.80
22-May-24 2:43:16 PM AEST,28.6,nan,nan,nan,nan,nan,nan,nan,nan,nan,nan,nan
22-May-24 2:44:00 PM AEST,nan,nan,nan,nan,nan,nan,nan,0.80,nan,nan,nan,nan
22-May-24 2:45:00 PM AEST,nan,64.8,21.5,nan,nan,nan,353.60,0.70,13.00,7.00,358.10,524.90
22-May-24 2:45:00 PM AEST,nan,64.8,21.5,nan,nan,nan,351.60,0.70,13.00,7.00,358.10,524.90
22-May-24 2:46:00 PM AEST,28.7,64.0,21.3,nan,nan,nan,356.50,0.43,9.50,5.40,353.80,639.20
22-May-24 2:46:00 PM AEST,28.7,63.7,21.1,nan,nan,nan,356.50,0.43,8.30,3.30,344.60,519.10
22-May-24 2:47:00 PM AEST,nan,63.8,21.2,nan,nan,nan,318.30,0.22,3.50,1.50,313.90,391.70
22-May-24 2:47:04 PM AEST,29.0,nan,nan,nan,nan,nan,nan,nan,nan,nan,nan,nan
22-May-24 2:48:00 PM AEST,nan,nan,21.4,nan,nan,nan,313.80,0.83,14.20,6.40,315.40,415.80
22-May-24 2:49:00 PM AEST,28.7,64.0,21.5,nan,nan,nan,335.00,0.94,11.80,7.50,334.50,301.60
22-May-24 2:50:00 PM AEST,nan,64.2,21.2,nan,nan,nan,299.30,0.61,10.60,5.60,294.60,245.80
22-May-24 2:50:04 PM AEST,28.6,nan,nan,nan,nan,nan,nan,nan,nan,nan,nan,nan
22-May-24 2:51:00 PM AEST,nan,65.2,nan,nan,nan,nan,340.70,0.39,5.90,3.80,340.40,236.60
22-May-24 2:52:00 PM AEST,28.7,nan,21.4,nan,nan,nan,22.30,0.50,7.10,4.90,23.10,199.20
22-May-24 2:53:00 PM AEST,nan,65.7,21.5,nan,nan,nan,13.70,0.36,5.90,3.60,14.40,221.70
22-May-24 2:53:04 PM AEST,28.6,nan,nan,nan,nan,nan,nan,nan,nan,nan,nan,nan
22-May-24 2:54:00 PM AEST,nan,nan,nan,nan,nan,nan,10.60,0.16,nan,1.60,9.50,298.30
22-May-24 2:54:08 PM AEST,28.7,nan,nan,nan,nan,nan,nan,nan,nan,nan,nan,nan
22-May-24 2:55:00 PM AEST,nan,64.8,21.6,nan,nan,nan,329.10,0.73,14.20,7.10,331.10,445.80
22-May-24 2:55:12 PM AEST,28.5,nan,nan,nan,nan,nan,nan,nan,nan,nan,nan,nan
22-May-24 2:56:00 PM AEST,nan,nan,21.3,nan,nan,nan,350.00,0.57,8.30,5.70,349.50,371.60
22-May-24 2:56:16 PM AEST,28.4,nan,nan,nan,nan,nan,nan,nan,nan,nan,nan,nan
22-May-24 2:57:00 PM AEST,nan,64.7,21.1,nan,nan,nan,349.30,0.73,11.80,7.30,349.30,282.50
22-May-24 2:58:00 PM AEST,28.2,63.8,nan,nan,nan,0.34,6.40,0.64,9.50,6.10,7.00,246.70
22-May-24 2:59:00 PM AEST,nan,nan,20.7,nan,nan,nan,nan,nan,nan,nan,nan,nan
22-May-24 3:00:00 PM AEST,28.1,64.2,nan,nan,nan,nan,5.90,0.46,8.30,4.10,6.20,244.90
22-May-24 3:00:00 PM AEST,28.1,64.2,nan,nan,nan,nan,330.80,0.46,7.10,4.10,328.90,261.70
22-May-24 3:01:00 PM AEST,nan,nan,nan,nan,nan,nan,300.80,0.64,9.50,6.40,299.70,314.10
22-May-24 3:02:00 PM AEST,28.0,64.3,20.6,nan,nan,nan,11.00,0.52,nan,5.00,10.60,310.00
22-May-24 3:03:00 PM AEST,nan,64.5,nan,nan,nan,nan,294.30,0.64,10.60,6.20,296.90,291.70
22-May-24 3:04:00 PM AEST,27.9,63.7,nan,nan,nan,nan,308.50,0.65,9.50,6.40,307.10,236.60
22-May-24 3:05:00 PM AEST,nan,64.2,20.3,nan,nan,nan,346.60,0.68,13.00,5.90,351.60,207.50
22-May-24 3:06:00 PM AEST,nan,65.0,20.5,nan,nan,nan,3.50,0.44,5.90,2.90,8.90,321.60
22-May-24 3:07:00 PM AEST,nan,65.2,20.7,nan,nan,nan,338.00,0.56,9.50,4.00,334.20,219.20
22-May-24 3:08:00 PM AEST,27.8,64.5,nan,nan,nan,nan,4.20,0.70,13.00,6.70,6.80,198.30
22-May-24 3:09:00 PM AEST,nan,64.7,20.5,nan,nan,nan,339.70,0.47,7.10,4.20,340.80,212.50
22-May-24 3:10:00 PM AEST,nan,64.5,nan,nan,nan,nan,325.40,0.25,4.70,2.00,335.90,261.70
22-May-24 3:11:00 PM AEST,27.9,65.0,nan,nan,nan,nan,6.60,0.27,nan,2.30,1.00,318.30
22-May-24 3:12:00 PM AEST,nan,65.2,20.7,nan,nan,nan,348.80,0.47,10.60,4.40,345.50,270.00
22-May-24 3:14:00 PM AEST,27.7,63.8,nan,nan,nan,nan,319.30,0.69,11.80,6.40,317.50,270.80
22-May-24 3:15:00 PM AEST,nan,64.2,20.3,nan,nan,nan,7.80,0.52,7.10,4.60,11.50,327.50
22-May-24 3:15:00 PM AEST,nan,64.8,20.3,nan,nan,nan,4.70,0.17,3.50,1.70,4.50,323.30
22-May-24 3:15:04 PM AEST,27.9,nan,nan,nan,nan,nan,nan,nan,nan,nan,nan,nan
22-May-24 3:16:00 PM AEST,nan,65.5,20.6,nan,nan,nan,3.70,0.15,nan,1.40,1.80,288.30
22-May-24 3:16:08 PM AEST,28.0,nan,nan,nan,nan,nan,nan,nan,nan,nan,nan,nan
22-May-24 3:17:00 PM AEST,nan,64.7,20.9,nan,nan,nan,314.20,0.44,10.60,3.60,286.20,283.30
22-May-24 3:18:00 PM AEST,nan,64.2,20.8,nan,nan,nan,307.20,0.32,5.90,2.70,311.50,287.40
22-May-24 3:19:00 PM AEST,27.9,63.8,20.6,nan,nan,nan,18.10,0.78,13.00,6.80,19.30,280.80
22-May-24 3:20:00 PM AEST,nan,63.2,20.4,nan,nan,nan,311.90,0.95,14.20,8.20,306.80,259.20
22-May-24 3:20:04 PM AEST,27.8,nan,nan,nan,nan,nan,nan,nan,nan,nan,nan,nan
22-May-24 3:21:00 PM AEST,nan,63.8,20.1,nan,nan,nan,272.80,0.56,9.50,4.80,281.50,264.90
22-May-24 3:21:08 PM AEST,27.7,nan,nan,nan,nan,nan,nan,nan,nan,nan,nan,nan
22-May-24 3:22:00 PM AEST,nan,nan,20.2,nan,nan,nan,282.80,0.49,nan,4.50,293.60,241.70
22-May-24 3:23:00 PM AEST,27.8,64.3,nan,nan,nan,nan,309.90,0.43,nan,4.10,308.40,211.60
22-May-24 3:24:00 PM AEST,nan,64.2,20.4,nan,nan,nan,317.90,0.66,13.00,5.70,315.10,195.80
22-May-24 3:25:00 PM AEST,27.6,63.8,nan,nan,nan,nan,278.80,0.86,16.60,7.10,279.70,185.80
22-May-24 3:26:00 PM AEST,nan,64.2,20.1,nan,nan,nan,309.10,0.57,9.50,5.20,313.10,185.00
22-May-24 3:26:04 PM AEST,27.5,nan,nan,nan,nan,nan,nan,nan,nan,nan,nan,nan
22-May-24 3:27:00 PM AEST,nan,nan,nan,nan,nan,nan,304.90,0.63,nan,nan,nan,nan
22-May-24 3:28:00 PM AEST,nan,64.7,20.2,nan,nan,nan,nan,nan,11.80,6.10,302.50,200.80
22-May-24 3:29:00 PM AEST,27.4,65.0,20.3,nan,nan,nan,282.30,0.52,13.00,5.10,285.10,234.90
22-May-24 3:29:00 PM AEST,27.4,65.2,20.3,nan,nan,nan,301.00,1.08,16.60,10.10,304.50,280.00
22-May-24 3:30:00 PM AEST,nan,65.5,20.2,nan,nan,nan,277.50,0.57,10.60,5.30,281.20,260.80
22-May-24 3:30:04 PM AEST,27.2,nan,nan,nan,nan,nan,nan,nan,nan,nan,nan,nan
22-May-24 3:31:00 PM AEST,nan,66.2,nan,nan,nan,nan,305.80,0.78,13.00,7.40,305.60,240.80
22-May-24 3:32:00 PM AEST,nan,nan,20.4,nan,nan,nan,304.10,0.66,14.20,5.90,309.00,220.00
22-May-24 3:33:00 PM AEST,nan,nan,nan,nan,nan,nan,287.60,0.80,13.00,7.20,289.30,215.00
22-May-24 3:34:00 PM AEST,nan,66.0,20.3,nan,nan,nan,322.90,0.76,14.20,5.60,321.20,200.00
22-May-24 3:35:00 PM AEST,27.1,66.3,nan,nan,nan,nan,296.20,0.72,11.80,5.10,300.50,176.60
22-May-24 3:36:00 PM AEST,nan,66.7,nan,nan,nan,nan,278.30,0.43,8.30,4.10,279.20,163.30
22-May-24 3:36:04 PM AEST,27.2,nan,nan,nan,nan,nan,nan,nan,nan,nan,nan,nan
22-May-24 3:37:00 PM AEST,nan,66.5,20.4,nan,nan,nan,294.70,1.08,16.60,9.40,295.60,171.70
22-May-24 3:37:08 PM AEST,27.1,nan,nan,nan,nan,nan,nan,nan,nan,nan,nan,nan
22-May-24 3:38:00 PM AEST,nan,66.8,20.3,nan,nan,nan,310.50,0.77,15.40,6.50,316.20,157.50
22-May-24 3:38:12 PM AEST,26.9,nan,nan,nan,nan,nan,nan,nan,nan,nan,nan,nan
22-May-24 3:39:00 PM AEST,nan,67.2,20.2,nan,nan,nan,306.50,0.49,9.50,2.70,297.10,143.30
22-May-24 3:40:00 PM AEST,nan,67.5,20.3,nan,nan,nan,346.90,0.50,8.30,4.80,343.00,122.50
22-May-24 3:41:00 PM AEST,26.8,67.7,nan,nan,nan,nan,302.50,0.59,10.60,3.50,302.90,99.20
22-May-24 3:42:00 PM AEST,nan,nan,nan,nan,nan,nan,nan,1.15,nan,nan,nan,nan
22-May-24 3:42:04 PM AEST,26.6,nan,nan,nan,nan,nan,nan,nan,nan,nan,nan,nan
22-May-24 3:43:00 PM AEST,nan,67.2,nan,nan,nan,nan,302.70,nan,16.60,10.70,306.10,82.50
22-May-24 3:43:08 PM AEST,26.4,nan,nan,nan,nan,nan,nan,nan,nan,nan,nan,nan
22-May-24 3:44:00 PM AEST,nan,67.3,20.0,nan,nan,nan,309.00,0.96,22.50,8.90,314.60,72.50
22-May-24 3:44:00 PM AEST,nan,67.5,19.9,nan,nan,nan,305.00,1.06,21.30,9.90,300.50,65.80
22-May-24 3:44:12 PM AEST,26.2,nan,nan,nan,nan,nan,nan,nan,nan,nan,nan,nan
22-May-24 3:45:00 PM AEST,nan,67.8,19.7,nan,nan,nan,311.20,0.75,15.40,5.00,301.40,nan
22-May-24 3:45:16 PM AEST,26.1,nan,nan,nan,nan,nan,nan,nan,nan,nan,nan,nan
22-May-24 3:46:00 PM AEST,nan,68.2,nan,nan,nan,nan,295.90,0.80,14.20,7.20,302.20,68.30
22-May-24 3:47:00 PM AEST,nan,68.7,nan,nan,nan,nan,255.40,0.25,4.70,2.30,256.00,70.00
22-May-24 3:48:00 PM AEST,26.0,nan,19.9,nan,nan,nan,282.60,0.64,9.50,6.20,281.10,70.80
22-May-24 3:49:00 PM AEST,nan,69.2,19.8,nan,nan,nan,323.60,0.53,nan,4.90,326.30,75.00
22-May-24 3:50:00 PM AEST,25.9,69.5,19.9,nan,nan,nan,300.60,0.62,11.80,4.50,305.30,81.60
22-May-24 3:51:00 PM AEST,nan,69.2,nan,nan,nan,nan,304.80,0.56,8.30,4.90,305.80,87.50
22-May-24 3:51:04 PM AEST,25.8,nan,nan,nan,nan,nan,nan,nan,nan,nan,nan,nan
22-May-24 3:52:00 PM AEST,nan,nan,19.7,nan,nan,nan,296.80,0.72,10.60,6.50,297.40,90.80
22-May-24 3:52:08 PM AEST,25.7,nan,nan,nan,nan,nan,nan,nan,nan,nan,nan,nan
22-May-24 3:53:00 PM AEST,nan,69.5,19.6,nan,nan,nan,320.90,0.75,14.20,7.00,313.20,85.80
22-May-24 3:54:00 PM AEST,25.6,69.8,19.7,nan,nan,nan,302.80,0.30,4.70,2.80,302.50,80.00
22-May-24 3:55:00 PM AEST,nan,69.7,nan,nan,nan,nan,301.80,0.44,7.10,2.90,305.30,74.20
22-May-24 3:56:00 PM AEST,nan,70.0,nan,nan,nan,nan,258.70,0.41,8.30,2.10,270.20,69.20
22-May-24 3:57:00 PM AEST,25.5,nan,nan,nan,nan,nan,320.30,0.80,13.00,7.10,315.70,68.30
22-May-24 3:58:00 PM AEST,nan,70.2,19.6,nan,nan,0.17,313.30,0.67,10.60,6.50,313.20,70.00
22-May-24 3:58:04 PM AEST,25.4,nan,nan,nan,nan,nan,nan,nan,nan,nan,nan,nan
22-May-24 3:59:00 PM AEST,nan,70.3,19.5,nan,nan,nan,342.70,0.70,11.80,6.40,341.60,71.60
22-May-24 3:59:08 PM AEST,25.3,nan,nan,nan,nan,nan,nan,nan,nan,nan,nan,nan
22-May-24 4:00:00 PM AEST,nan,70.5,nan,nan,nan,nan,347.60,0.18,3.50,1.80,347.50,75.00
22-May-24 4:00:12 PM AEST,25.4,nan,nan,nan,nan,nan,nan,nan,nan,nan,nan,nan
22-May-24 4:01:00 PM AEST,nan,70.7,19.6,nan,nan,nan,344.90,0.10,8.30,1.00,330.70,78.30
22-May-24 4:01:16 PM AEST,25.5,nan,nan,nan,nan,nan,nan,nan,nan,nan,nan,nan
22-May-24 4:02:00 PM AEST,nan,70.5,19.7,nan,nan,nan,296.80,0.65,10.60,6.10,295.60,81.60
22-May-24 4:02:20 PM AEST,25.4,nan,nan,nan,nan,nan,nan,nan,nan,nan,nan,nan
22-May-24 4:03:00 PM AEST,nan,70.7,19.6,nan,nan,nan,307.00,0.72,9.50,6.80,305.40,84.20
22-May-24 4:03:24 PM AEST,25.3,nan,nan,nan,nan,nan,nan,nan,nan,nan,nan,nan
22-May-24 4:04:00 PM AEST,nan,70.8,nan,nan,nan,nan,338.50,0.38,5.90,3.80,338.70,82.50
22-May-24 4:05:00 PM AEST,nan,71.2,nan,nan,nan,nan,342.70,0.14,2.40,1.40,342.70,78.30
22-May-24 4:06:00 PM AEST,25.4,71.3,19.7,nan,nan,nan,nan,0.04,1.20,0.40,343.00,75.00
22-May-24 4:07:00 PM AEST,nan,71.7,19.8,nan,nan,nan,333.90,0.08,2.40,0.80,320.00,72.50
22-May-24 4:08:00 PM AEST,nan,71.5,19.9,nan,nan,nan,304.90,0.26,4.70,2.50,301.30,71.70
22-May-24 4:09:00 PM AEST,nan,71.8,19.8,nan,nan,nan,321.40,0.43,9.50,2.90,338.40,70.00
22-May-24 4:10:00 PM AEST,25.3,71.3,19.9,nan,nan,nan,334.40,0.78,11.80,7.00,333.40,68.30
22-May-24 4:11:00 PM AEST,nan,71.5,19.7,nan,nan,nan,340.10,0.56,8.30,5.10,341.90,69.10
22-May-24 4:11:04 PM AEST,25.2,nan,nan,nan,nan,nan,nan,nan,nan,nan,nan,nan
22-May-24 4:12:08 PM AEST,25.1,nan,nan,nan,nan,nan,nan,nan,nan,nan,nan,nan
22-May-24 4:13:00 PM AEST,nan,71.3,19.6,nan,nan,nan,305.60,0.62,11.80,5.70,299.10,66.70
22-May-24 4:13:00 PM AEST,nan,71.3,19.6,nan,nan,nan,352.00,0.70,15.40,6.10,338.80,65.00
22-May-24 4:13:12 PM AEST,25.0,nan,nan,nan,nan,nan,nan,nan,nan,nan,nan,nan
22-May-24 4:14:00 PM AEST,nan,71.7,19.5,nan,nan,nan,5.20,0.76,20.10,7.00,1.70,64.20
22-May-24 4:15:00 PM AEST,24.9,71.8,nan,nan,nan,nan,324.10,0.72,9.50,5.00,325.90,63.30
22-May-24 4:16:00 PM AEST,nan,72.0,nan,nan,nan,nan,333.50,1.00,15.40,8.10,331.90,62.50
22-May-24 4:17:00 PM AEST,24.7,72.5,nan,nan,nan,nan,336.40,1.18,22.50,6.60,345.90,59.20
22-May-24 4:18:00 PM AEST,nan,72.8,19.4,nan,nan,nan,328.40,1.08,17.80,6.40,316.10,53.30
22-May-24 4:18:04 PM AEST,24.6,nan,nan,nan,nan,nan,nan,nan,nan,nan,nan,nan
22-May-24 4:19:00 PM AEST,nan,73.2,nan,nan,nan,nan,345.40,0.78,13.00,5.50,342.20,49.20
22-May-24 4:19:08 PM AEST,24.5,nan,nan,nan,nan,nan,nan,nan,nan,nan,nan,nan
22-May-24 4:20:00 PM AEST,nan,73.7,19.3,nan,nan,nan,283.70,0.61,9.50,5.60,285.90,44.10
22-May-24 4:21:00 PM AEST,24.4,74.0,19.4,nan,nan,nan,334.30,0.92,15.40,8.10,329.90,45.80
22-May-24 4:22:00 PM AEST,nan,74.5,nan,nan,nan,nan,347.00,0.48,7.10,4.10,341.20,50.00
22-May-24 4:22:04 PM AEST,24.3,nan,nan,nan,nan,nan,nan,nan,nan,nan,nan,nan
22-May-24 4:23:00 PM AEST,nan,74.7,19.5,nan,nan,nan,353.10,0.42,nan,3.50,342.10,54.10
22-May-24 4:23:08 PM AEST,24.4,nan,nan,nan,nan,nan,nan,nan,nan,nan,nan,nan
22-May-24 4:24:00 PM AEST,nan,nan,19.6,nan,nan,nan,327.00,0.66,10.60,3.80,336.20,55.80
22-May-24 4:24:12 PM AEST,24.3,nan,nan,nan,nan,nan,nan,nan,nan,nan,nan,nan
22-May-24 4:25:00 PM AEST,nan,nan,19.5,nan,nan,nan,nan,0.64,13.00,6.00,9.40,nan
22-May-24 4:26:00 PM AEST,nan,75.2,nan,nan,nan,nan,355.80,nan,nan,nan,nan,55.00
22-May-24 4:27:00 PM AEST,24.2,75.3,19.6,nan,nan,nan,338.40,0.09,5.90,0.70,57.80,57.50
22-May-24 4:27:00 PM AEST,24.2,75.7,19.7,nan,nan,nan,57.70,0.30,7.10,3.00,57.80,61.70
22-May-24 4:28:00 PM AEST,nan,75.8,nan,nan,nan,nan,13.10,0.43,10.60,3.30,12.70,68.30
22-May-24 4:28:04 PM AEST,24.3,nan,nan,nan,nan,nan,nan,nan,nan,nan,nan,nan
22-May-24 4:29:00 PM AEST,nan,75.5,nan,nan,nan,nan,19.30,0.49,9.50,4.80,22.40,77.50
22-May-24 4:29:08 PM AEST,24.2,nan,nan,nan,nan,nan,nan,nan,nan,nan,nan,nan
22-May-24 4:30:00 PM AEST,nan,75.7,19.6,nan,nan,nan,6.80,nan,8.30,4.10,10.70,85.80
22-May-24 4:30:12 PM AEST,24.1,nan,nan,nan,nan,nan,nan,nan,nan,nan,nan,nan
22-May-24 4:31:00 PM AEST,nan,75.8,nan,nan,nan,nan,328.00,0.30,4.70,2.60,333.00,90.80
22-May-24 4:32:00 PM AEST,nan,75.7,nan,nan,nan,nan,351.70,0.38,5.90,3.50,351.50,nan
22-May-24 4:33:00 PM AEST,nan,75.8,nan,nan,nan,nan,337.30,0.34,4.70,3.40,337.30,87.50
22-May-24 4:34:00 PM AEST,nan,nan,nan,nan,nan,nan,9.40,0.38,7.10,nan,13.30,84.20
22-May-24 4:35:00 PM AEST,nan,nan,nan,nan,nan,nan,343.70,0.60,nan,5.40,344.00,80.80
22-May-24 4:36:00 PM AEST,24.0,76.0,19.5,nan,nan,nan,316.40,0.67,9.50,6.40,314.70,80.00
22-May-24 4:37:00 PM AEST,nan,76.2,nan,nan,nan,nan,356.30,0.40,5.90,3.70,352.90,80.80
22-May-24 4:38:00 PM AEST,nan,76.3,19.6,nan,nan,nan,348.10,0.42,nan,4.10,348.60,nan
22-May-24 4:39:00 PM AEST,nan,nan,nan,nan,nan,nan,49.70,0.41,7.10,3.30,40.80,nan
22-May-24 4:40:00 PM AEST,nan,76.7,nan,nan,nan,nan,48.00,0.57,9.50,5.60,48.40,81.70
22-May-24 4:42:00 PM AEST,23.9,76.8,nan,nan,nan,nan,51.90,0.75,10.60,7.30,55.10,80.00
22-May-24 4:42:00 PM AEST,23.9,76.8,nan,nan,nan,nan,22.60,0.22,5.90,2.20,22.70,79.10
22-May-24 4:43:00 PM AEST,nan,77.0,nan,nan,nan,nan,22.50,0.14,4.70,1.40,22.40,76.70
22-May-24 4:43:04 PM AEST,24.0,nan,nan,nan,nan,nan,nan,nan,nan,nan,nan,nan
22-May-24 4:44:00 PM AEST,nan,nan,19.7,nan,nan,nan,22.20,0.20,3.50,2.00,22.30,75.80
22-May-24 4:45:00 PM AEST,nan,77.3,nan,nan,nan,nan,8.40,0.51,7.10,4.10,10.20,73.30
22-May-24 4:46:00 PM AEST,nan,nan,19.8,nan,nan,nan,3.20,0.57,nan,nan,9.70,nan
22-May-24 4:47:00 PM AEST,23.9,77.5,19.7,nan,nan,nan,337.40,0.37,5.90,3.70,335.90,nan
22-May-24 4:48:00 PM AEST,nan,77.7,19.8,nan,nan,nan,346.40,0.30,4.70,3.00,346.10,74.10
22-May-24 4:49:00 PM AEST,24.0,nan,nan,nan,nan,nan,350.80,0.31,8.30,nan,357.00,64.20
22-May-24 4:50:00 PM AEST,nan,77.8,nan,nan,nan,nan,5.40,0.53,nan,5.10,3.30,67.50
22-May-24 4:51:00 PM AEST,23.9,nan,19.9,nan,nan,nan,349.90,0.40,nan,4.00,349.90,70.00
22-May-24 4:52:00 PM AEST,nan,nan,19.8,nan,nan,nan,349.80,0.13,3.50,1.30,nan,68.30
22-May-24 4:52:04 PM AEST,24.0,nan,nan,nan,nan,nan,nan,nan,nan,nan,nan,nan
22-May-24 4:53:00 PM AEST,nan,nan,19.9,nan,nan,nan,349.90,0.01,1.20,0.10,351.10,66.60
22-May-24 4:53:08 PM AEST,24.1,nan,nan,nan,nan,nan,nan,nan,nan,nan,nan,nan
22-May-24 4:54:00 PM AEST,nan,nan,nan,nan,nan,nan,349.80,0.19,4.70,2.00,nan,65.80
22-May-24 4:54:12 PM AEST,24.0,nan,nan,nan,nan,nan,nan,nan,nan,nan,nan,nan
22-May-24 4:55:00 PM AEST,nan,nan,nan,nan,nan,nan,350.00,0.38,nan,nan,349.80,nan
22-May-24 4:56:00 PM AEST,24.1,78.0,nan,nan,nan,nan,nan,0.07,5.90,3.80,349.90,66.60
22-May-24 4:56:00 PM AEST,24.1,78.0,nan,nan,nan,nan,nan,0.07,3.50,0.70,350.20,65.80
22-May-24 4:57:00 PM AEST,nan,nan,20.0,nan,nan,nan,nan,0.01,1.20,0.10,349.40,63.30
22-May-24 4:58:00 PM AEST,nan,78.3,nan,nan,nan,0.07,350.10,0.22,7.10,2.20,350.20,62.50
22-May-24 4:59:00 PM AEST,24.0,78.2,20.1,nan,nan,nan,334.20,0.77,10.60,7.10,332.40,60.80
22-May-24 5:00:00 PM AEST,nan,78.3,20.0,nan,nan,nan,312.40,0.60,8.30,6.00,312.00,59.10
22-May-24 5:01:00 PM AEST,nan,nan,nan,nan,nan,nan,347.20,0.22,4.70,2.20,346.60,56.70
22-May-24 5:02:00 PM AEST,nan,78.5,nan,nan,nan,nan,270.00,0.20,3.50,1.60,268.60,55.00
22-May-24 5:03:00 PM AEST,nan,78.8,20.1,nan,nan,nan,281.80,0.28,4.70,2.10,291.00,53.30
22-May-24 5:04:00 PM AEST,nan,nan,nan,nan,nan,nan,358.40,0.31,nan,1.20,8.50,52.50
22-May-24 5:05:00 PM AEST,nan,79.0,nan,nan,nan,nan,325.60,0.38,7.10,0.80,30.50,nan
22-May-24 5:06:00 PM AEST,nan,79.3,nan,nan,nan,nan,305.20,0.03,1.20,0.30,304.60,53.30
22-May-24 5:07:00 PM AEST,24.1,nan,20.2,nan,nan,nan,nan,0.00,0.00,0.00,0.00,52.50
22-May-24 5:08:00 PM AEST,nan,nan,20.3,nan,nan,nan,305.60,0.12,3.50,1.20,306.30,50.00
22-May-24 5:10:00 PM AEST,nan,79.2,nan,nan,nan,nan,331.50,0.42,7.10,3.60,342.20,47.50
22-May-24 5:11:00 PM AEST,24.0,78.8,20.2,nan,nan,nan,333.40,0.28,5.90,2.80,333.40,45.00
22-May-24 5:11:00 PM AEST,24.0,78.8,20.1,nan,nan,nan,333.30,0.05,3.50,0.50,333.60,44.20
22-May-24 5:12:00 PM AEST,nan,78.7,nan,nan,nan,nan,307.70,0.66,9.50,5.90,305.00,45.00
22-May-24 5:13:00 PM AEST,nan,78.5,nan,nan,nan,nan,273.40,0.37,7.10,3.70,273.40,44.20
22-May-24 5:14:00 PM AEST,nan,79.0,20.0,nan,nan,nan,273.80,0.15,3.50,1.50,273.60,44.10
22-May-24 5:15:00 PM AEST,nan,nan,20.1,nan,nan,nan,285.50,0.44,7.10,4.10,291.40,42.50
22-May-24 5:16:00 PM AEST,nan,nan,nan,nan,nan,nan,301.20,0.25,4.70,2.50,301.10,39.10
22-May-24 5:17:00 PM AEST,nan,78.8,nan,nan,nan,nan,301.10,0.15,3.50,1.50,nan,36.70
22-May-24 5:18:00 PM AEST,nan,nan,nan,nan,nan,nan,301.00,0.06,2.40,0.60,300.90,35.00
22-May-24 5:19:00 PM AEST,nan,79.0,nan,nan,nan,nan,301.10,0.00,0.00,0.00,0.00,nan
22-May-24 5:20:00 PM AEST,24.1,79.2,20.2,nan,nan,nan,nan,nan,nan,nan,nan,31.70
22-May-24 5:21:00 PM AEST,nan,nan,nan,nan,nan,nan,305.70,0.23,5.90,2.30,308.90,30.00
22-May-24 5:21:04 PM AEST,24.0,nan,nan,nan,nan,nan,nan,nan,nan,nan,nan,nan
22-May-24 5:22:00 PM AEST,nan,78.8,nan,nan,nan,nan,297.30,0.31,4.70,3.10,297.80,27.50
22-May-24 5:23:00 PM AEST,nan,79.0,nan,nan,nan,nan,294.70,0.09,2.40,0.90,294.90,25.80
22-May-24 5:24:00 PM AEST,nan,nan,20.1,nan,nan,nan,nan,nan,nan,nan,nan,nan
22-May-24 5:25:00 PM AEST,nan,nan,nan,nan,nan,nan,nan,0.20,3.50,2.00,294.70,22.50
22-May-24 5:25:00 PM AEST,nan,nan,nan,nan,nan,nan,nan,0.06,2.40,0.60,294.60,19.10
22-May-24 5:26:00 PM AEST,nan,78.8,nan,nan,nan,nan,341.10,0.51,9.50,4.90,357.60,15.80
22-May-24 5:27:00 PM AEST,23.8,78.7,nan,nan,nan,nan,320.60,0.55,8.30,5.40,320.30,10.80
22-May-24 5:28:00 PM AEST,nan,78.5,19.9,nan,nan,nan,356.40,0.39,7.10,3.60,3.50,9.10
22-May-24 5:29:00 PM AEST,nan,nan,nan,nan,nan,nan,43.50,0.29,nan,2.90,43.50,8.30
22-May-24 5:30:00 PM AEST,23.7,nan,19.8,nan,nan,nan,323.20,0.41,nan,2.60,330.60,nan
22-May-24 5:31:00 PM AEST,nan,78.2,nan,nan,nan,nan,7.80,0.56,10.60,5.00,3.50,7.50
22-May-24 5:32:00 PM AEST,nan,nan,19.7,nan,nan,nan,348.70,0.54,11.80,4.30,354.90,8.30
22-May-24 5:33:00 PM AEST,23.6,nan,nan,nan,nan,nan,327.50,0.43,8.30,4.10,324.20,nan
22-May-24 5:34:00 PM AEST,nan,nan,19.6,nan,nan,nan,325.40,0.36,5.90,3.60,325.80,9.20
22-May-24 5:34:04 PM AEST,23.7,nan,nan,nan,nan,nan,nan,nan,nan,nan,nan,nan
22-May-24 5:35:00 PM AEST,nan,78.5,nan,nan,nan,nan,329.70,0.16,3.50,1.60,333.60,10.00
22-May-24 5:35:08 PM AEST,23.6,nan,nan,nan,nan,nan,nan,nan,nan,nan,nan,nan
22-May-24 5:36:00 PM AEST,nan,nan,19.7,nan,nan,nan,350.90,0.37,14.20,2.80,28.50,nan
22-May-24 5:36:12 PM AEST,23.7,nan,nan,nan,nan,nan,nan,nan,nan,nan,nan,nan
22-May-24 5:37:00 PM AEST,nan,nan,nan,nan,nan,nan,30.70,0.34,10.60,3.40,30.90,nan
22-May-24 5:37:16 PM AEST,23.6,nan,nan,nan,nan,nan,nan,nan,nan,nan,nan,nan
22-May-24 5:38:00 PM AEST,nan,nan,nan,nan,nan,nan,32.10,0.08,nan,nan,nan,9.20
22-May-24 5:39:00 PM AEST,nan,78.3,19.6,nan,nan,nan,32.30,0.40,4.70,0.80,39.00,8.30
22-May-24 5:39:00 PM AEST,nan,78.3,19.6,nan,nan,nan,32.30,0.40,5.90,4.00,31.90,8.30
22-May-24 5:40:00 PM AEST,nan,78.5,nan,nan,nan,nan,11.20,0.56,7.10,4.90,12.30,9.20
22-May-24 5:41:00 PM AEST,23.5,78.3,nan,nan,nan,nan,15.30,0.39,nan,3.10,3.40,7.50
22-May-24 5:42:00 PM AEST,nan,78.5,19.5,nan,nan,nan,301.60,0.51,nan,4.80,300.00,6.70
22-May-24 5:42:04 PM AEST,23.6,nan,nan,nan,nan,nan,nan,nan,nan,nan,nan,nan
22-May-24 5:43:00 PM AEST,nan,nan,19.6,nan,nan,nan,328.40,0.33,nan,2.90,318.40,6.60
22-May-24 5:43:08 PM AEST,23.5,nan,nan,nan,nan,nan,nan,nan,nan,nan,nan,nan
22-May-24 5:44:00 PM AEST,nan,nan,nan,nan,nan,nan,268.10,0.51,8.30,5.10,266.70,6.70
22-May-24 5:45:00 PM AEST,nan,78.7,nan,nan,nan,nan,293.70,0.38,5.90,3.20,296.20,nan
22-May-24 5:46:00 PM AEST,nan,nan,nan,nan,nan,nan,4.40,0.20,3.50,1.80,2.30,5.00
22-May-24 5:47:00 PM AEST,23.6,78.8,nan,nan,nan,nan,330.10,0.01,1.20,0.10,330.30,4.20
22-May-24 5:48:00 PM AEST,nan,78.7,19.7,nan,nan,nan,325.40,0.15,3.50,1.50,320.70,2.50
22-May-24 5:49:00 PM AEST,23.5,78.8,19.6,nan,nan,nan,313.10,0.35,4.70,3.50,313.00,0.80
22-May-24 5:50:00 PM AEST,nan,nan,nan,nan,nan,nan,327.00,0.25,nan,2.40,329.70,0.00
22-May-24 5:50:04 PM AEST,23.6,nan,nan,nan,nan,nan,nan,nan,nan,nan,nan,nan
22-May-24 5:51:00 PM AEST,nan,nan,19.7,nan,nan,nan,349.30,0.37,5.90,3.20,351.50,nan
22-May-24 5:51:08 PM AEST,23.5,nan,nan,nan,nan,nan,nan,nan,nan,nan,nan,nan
22-May-24 5:52:00 PM AEST,nan,nan,19.6,nan,nan,nan,nan,nan,nan,3.50,30.20,nan
22-May-24 5:53:00 PM AEST,nan,79.0,nan,nan,nan,nan,27.30,0.38,nan,nan,nan,0.80
22-May-24 5:54:00 PM AEST,nan,79.2,19.7,nan,nan,nan,51.20,0.17,3.50,1.70,51.10,0.00
22-May-24 5:54:00 PM AEST,nan,79.2,19.6,nan,nan,nan,51.30,0.09,2.40,0.90,51.20,0.00
22-May-24 5:55:00 PM AEST,nan,nan,19.7,nan,nan,nan,291.80,0.75,10.60,6.70,289.40,nan
22-May-24 5:56:00 PM AEST,nan,nan,nan,nan,nan,nan,337.90,0.50,9.50,4.70,332.40,nan
22-May-24 5:57:00 PM AEST,nan,79.3,19.6,nan,nan,nan,353.20,0.51,10.60,5.00,353.80,nan
22-May-24 5:58:00 PM AEST,23.4,79.5,19.7,nan,nan,0.02,312.80,0.70,nan,6.90,312.60,nan
22-May-24 5:59:00 PM AEST,nan,79.3,nan,nan,nan,nan,296.80,0.77,nan,7.60,297.40,nan
22-May-24 6:00:00 PM AEST,23.3,79.7,19.6,nan,nan,nan,319.50,0.59,9.50,5.60,322.20,nan
22-May-24 6:01:00 PM AEST,nan,nan,nan,nan,nan,nan,335.80,0.52,7.10,4.00,339.90,nan
22-May-24 6:01:04 PM AEST,23.4,nan,nan,nan,nan,nan,nan,nan,nan,nan,nan,nan
22-May-24 6:02:00 PM AEST,nan,nan,19.7,nan,nan,nan,314.60,0.41,4.70,3.00,317.20,nan
22-May-24 6:03:00 PM AEST,nan,80.0,nan,nan,nan,nan,343.10,0.20,3.50,1.80,351.00,nan
22-May-24 6:04:00 PM AEST,nan,79.8,19.8,nan,nan,nan,329.50,0.29,11.80,2.90,328.00,nan
22-May-24 6:05:00 PM AEST,nan,80.2,19.7,nan,nan,nan,321.10,0.66,nan,6.10,321.30,nan
22-May-24 6:06:00 PM AEST,nan,nan,19.8,nan,nan,nan,304.10,0.50,10.60,4.30,310.10,nan
22-May-24 6:07:00 PM AEST,nan,80.3,nan,nan,nan,nan,324.70,0.52,11.80,4.10,nan,nan
22-May-24 6:08:00 PM AEST,nan,nan,nan,nan,nan,nan,321.00,0.39,5.90,3.90,306.10,nan
22-May-24 6:08:00 PM AEST,nan,nan,nan,nan,nan,nan,321.00,0.39,5.90,3.90,320.30,nan
22-May-24 6:09:00 PM AEST,23.3,80.5,nan,nan,nan,nan,5.20,0.49,10.60,4.30,17.20,nan
22-May-24 6:10:00 PM AEST,nan,80.3,nan,nan,nan,nan,332.30,0.89,27.20,5.50,8.50,nan
22-May-24 6:11:00 PM AEST,nan,80.2,nan,nan,nan,nan,6.80,0.90,16.60,6.90,10.40,nan
22-May-24 6:12:00 PM AEST,23.2,80.3,19.6,nan,nan,nan,31.10,0.75,11.80,6.70,33.80,nan
22-May-24 6:13:00 PM AEST,nan,80.2,19.7,nan,nan,nan,0.00,0.54,14.20,4.80,352.10,nan
22-May-24 6:14:00 PM AEST,nan,80.3,19.6,nan,nan,nan,341.80,1.08,16.60,9.10,338.60,nan
22-May-24 6:15:00 PM AEST,nan,80.2,19.7,nan,nan,nan,346.40,0.53,10.60,4.90,351.80,nan
22-May-24 6:16:00 PM AEST,nan,nan,19.6,nan,nan,nan,10.50,0.43,7.10,3.90,15.40,nan
22-May-24 6:17:00 PM AEST,nan,nan,nan,nan,nan,nan,6.10,0.46,9.50,3.80,21.50,nan
22-May-24 6:18:00 PM AEST,nan,80.3,nan,nan,nan,nan,332.30,0.33,8.30,3.00,315.40,nan
22-May-24 6:19:00 PM AEST,nan,80.2,19.7,nan,nan,nan,321.80,0.68,10.60,6.20,320.00,nan
22-May-24 6:20:00 PM AEST,nan,nan,19.6,nan,nan,nan,316.00,0.54,11.80,5.00,314.90,nan
22-May-24 6:21:00 PM AEST,nan,nan,nan,nan,nan,nan,14.30,0.44,nan,nan,nan,nan
22-May-24 6:22:00 PM AEST,nan,80.3,nan,nan,nan,nan,359.80,nan,8.30,4.40,15.10,nan
22-May-24 6:23:00 PM AEST,nan,80.0,nan,nan,nan,nan,22.90,0.74,15.40,6.50,355.90,nan
22-May-24 6:23:00 PM AEST,nan,80.0,nan,nan,nan,nan,22.90,0.80,10.60,7.30,24.10,nan
22-May-24 6:24:00 PM AEST,nan,nan,nan,nan,nan,nan,315.20,0.45,8.30,2.40,325.60,nan
22-May-24 6:25:00 PM AEST,nan,nan,19.5,nan,nan,nan,6.80,0.66,10.60,6.00,12.60,nan
22-May-24 6:26:00 PM AEST,nan,80.2,19.6,nan,nan,nan,342.10,0.21,3.50,2.10,342.20,nan
22-May-24 6:27:00 PM AEST,nan,80.0,nan,nan,nan,nan,2.10,0.27,nan,2.70,2.10,nan
22-May-24 6:28:00 PM AEST,nan,nan,nan,nan,nan,nan,343.80,0.50,8.30,4.90,339.90,nan
22-May-24 6:29:00 PM AEST,nan,79.8,nan,nan,nan,nan,322.10,0.59,nan,4.80,324.00,nan
22-May-24 6:30:00 PM AEST,nan,nan,19.5,nan,nan,nan,11.30,0.54,nan,5.40,11.80,0.80
22-May-24 6:31:00 PM AEST,nan,nan,nan,nan,nan,nan,1.80,0.40,nan,3.90,0.10,0.00
22-May-24 6:32:00 PM AEST,nan,nan,nan,nan,nan,nan,28.40,0.45,7.10,4.40,27.10,nan
22-May-24 6:33:00 PM AEST,nan,nan,nan,nan,nan,nan,32.90,0.05,1.20,0.50,32.70,nan
22-May-24 6:34:00 PM AEST,nan,nan,19.6,nan,nan,nan,nan,0.07,3.50,0.60,nan,nan
22-May-24 6:35:00 PM AEST,nan,nan,nan,nan,nan,nan,29.10,0.29,4.70,2.90,29.50,nan
22-May-24 6:36:00 PM AEST,nan,80.0,nan,nan,nan,nan,27.40,0.14,nan,nan,nan,nan
22-May-24 6:37:00 PM AEST,nan,nan,nan,nan,nan,nan,18.40,0.33,3.50,1.40,25.90,nan
22-May-24 6:37:00 PM AEST,nan,nan,nan,nan,nan,nan,18.40,0.33,4.70,3.30,18.40,nan
22-May-24 6:38:00 PM AEST,nan,79.8,nan,nan,nan,nan,334.80,nan,5.90,2.80,318.20,nan
22-May-24 6:39:00 PM AEST,nan,nan,19.5,nan,nan,nan,341.50,0.39,nan,3.50,343.60,nan
22-May-24 6:40:00 PM AEST,nan,nan,nan,nan,nan,nan,328.80,0.28,7.10,2.70,326.40,nan
22-May-24 6:41:00 PM AEST,nan,nan,nan,nan,nan,nan,336.10,0.50,nan,4.10,334.60,nan
22-May-24 6:42:00 PM AEST,nan,nan,nan,nan,nan,nan,324.10,0.62,9.50,6.00,322.10,nan
22-May-24 6:43:00 PM AEST,nan,80.0,nan,nan,nan,nan,325.20,0.37,8.30,2.80,332.10,nan
22-May-24 6:44:00 PM AEST,nan,79.8,nan,nan,nan,nan,352.60,0.74,10.60,6.20,357.10,nan
22-May-24 6:45:00 PM AEST,23.1,nan,nan,nan,nan,nan,354.70,0.53,nan,4.80,2.50,nan
22-May-24 6:46:00 PM AEST,nan,80.0,nan,nan,nan,nan,348.40,0.46,nan,4.50,347.00,nan
22-May-24 6:47:00 PM AEST,nan,79.8,nan,nan,nan,nan,344.00,0.41,8.30,4.00,340.00,nan
22-May-24 6:48:00 PM AEST,23.2,80.0,nan,nan,nan,nan,324.90,0.28,7.10,2.80,325.00,nan
22-May-24 6:49:00 PM AEST,nan,79.8,nan,nan,nan,nan,320.90,0.18,5.90,1.80,315.20,nan
22-May-24 6:49:04 PM AEST,23.1,nan,nan,nan,nan,nan,nan,nan,nan,nan,nan,nan
22-May-24 6:50:00 PM AEST,nan,80.0,nan,nan,nan,nan,302.10,0.43,nan,nan,nan,nan
22-May-24 6:51:00 PM AEST,nan,nan,nan,nan,nan,nan,nan,nan,9.50,4.20,297.50,nan
22-May-24 6:52:00 PM AEST,nan,79.8,19.4,nan,nan,nan,313.10,0.46,nan,4.30,307.20,nan
22-May-24 6:52:00 PM AEST,nan,79.8,19.4,nan,nan,nan,324.30,0.51,nan,5.10,324.40,nan
22-May-24 6:53:00 PM AEST,nan,nan,nan,nan,nan,nan,315.00,0.44,7.10,4.30,315.10,nan
22-May-24 6:54:00 PM AEST,nan,80.2,nan,nan,nan,nan,4.10,0.55,11.80,4.90,356.80,nan
22-May-24 6:55:00 PM AEST,23.0,nan,19.5,nan,nan,nan,320.50,0.60,10.60,6.00,321.90,nan
22-May-24 6:56:00 PM AEST,nan,80.3,19.4,nan,nan,nan,50.40,0.28,7.10,2.60,50.40,nan
22-May-24 6:57:00 PM AEST,nan,80.8,nan,nan,nan,nan,353.90,0.56,8.30,4.00,354.00,nan
22-May-24 6:58:00 PM AEST,22.9,81.0,19.5,nan,nan,0.01,327.70,0.40,5.90,3.90,325.10,nan
22-May-24 6:59:00 PM AEST,nan,81.3,19.4,nan,nan,nan,339.10,0.89,16.60,8.40,335.60,nan
22-May-24 6:59:04 PM AEST,22.8,nan,nan,nan,nan,nan,nan,nan,nan,nan,nan,nan
22-May-24 7:00:00 PM AEST,nan,81.7,19.5,nan,nan,nan,286.90,0.63,10.60,6.10,286.00,nan
22-May-24 7:01:00 PM AEST,22.7,81.8,nan,nan,nan,nan,336.00,nan,13.00,4.60,340.00,nan
22-May-24 7:02:00 PM AEST,nan,82.0,nan,nan,nan,nan,17.00,0.56,nan,5.50,21.60,nan
22-May-24 7:03:00 PM AEST,nan,82.3,19.4,nan,nan,nan,3.70,0.50,7.10,4.10,5.00,nan
22-May-24 7:04:00 PM AEST,22.6,nan,19.5,nan,nan,nan,12.60,0.49,8.30,4.60,13.20,nan
22-May-24 7:05:00 PM AEST,nan,82.7,19.4,nan,nan,nan,nan,nan,2.40,1.50,9.90,nan
22-May-24 7:06:00 PM AEST,nan,82.8,19.5,nan,nan,nan,9.90,0.15,3.50,2.70,29.30,0.80
22-May-24 7:06:00 PM AEST,nan,82.8,19.5,nan,nan,nan,29.40,0.27,3.50,2.70,29.30,0.80
22-May-24 7:07:00 PM AEST,nan,82.7,nan,nan,nan,nan,27.20,0.15,4.70,1.50,26.50,0.00
22-May-24 7:08:00 PM AEST,22.5,83.0,nan,nan,nan,nan,24.40,0.25,3.50,2.50,24.80,nan
22-May-24 7:09:00 PM AEST,nan,83.2,nan,nan,nan,nan,42.30,0.34,4.70,3.40,42.80,nan
22-May-24 7:10:00 PM AEST,nan,83.3,nan,nan,nan,nan,50.00,0.36,5.90,3.60,50.60,nan
22-May-24 7:11:00 PM AEST,22.4,nan,nan,nan,nan,nan,352.00,0.56,10.60,5.20,338.70,nan
22-May-24 7:12:00 PM AEST,nan,83.7,nan,nan,nan,nan,338.30,0.51,7.10,4.50,338.30,nan
22-May-24 7:13:00 PM AEST,nan,nan,nan,nan,nan,nan,348.10,0.31,4.70,3.10,346.40,nan
22-May-24 7:14:00 PM AEST,nan,84.0,nan,nan,nan,nan,11.70,0.52,8.30,4.50,19.60,nan
22-May-24 7:15:00 PM AEST,22.3,84.2,nan,nan,nan,nan,340.20,0.35,4.70,3.40,341.20,nan
22-May-24 7:16:00 PM AEST,nan,84.5,nan,nan,nan,nan,12.30,0.38,7.10,3.50,22.50,nan
22-May-24 7:17:00 PM AEST,nan,nan,19.6,nan,nan,nan,41.50,0.46,8.30,4.60,41.60,nan
22-May-24 7:18:00 PM AEST,nan,84.7,nan,nan,nan,nan,6.10,0.58,9.50,5.30,9.60,nan
22-May-24 7:20:00 PM AEST,nan,84.8,nan,nan,nan,nan,358.40,0.38,5.90,3.30,0.80,nan
22-May-24 7:21:00 PM AEST,22.2,85.0,nan,nan,nan,nan,4.80,0.28,4.70,2.70,8.00,nan
22-May-24 7:21:00 PM AEST,22.3,85.0,nan,nan,nan,nan,28.40,0.31,5.90,3.00,24.80,nan
22-May-24 7:22:00 PM AEST,nan,85.3,nan,nan,nan,nan,319.10,0.40,7.10,3.50,314.30,nan
22-May-24 7:22:04 PM AEST,22.2,nan,nan,nan,nan,nan,nan,nan,nan,nan,nan,nan
22-May-24 7:23:00 PM AEST,nan,nan,19.7,nan,nan,nan,313.00,0.33,5.90,3.30,313.00,nan
22-May-24 7:23:08 PM AEST,22.3,nan,nan,nan,nan,nan,nan,nan,nan,nan,nan,nan
22-May-24 7:24:00 PM AEST,nan,nan,nan,nan,nan,nan,327.90,0.42,nan,3.50,332.00,nan
22-May-24 7:24:12 PM AEST,22.2,nan,nan,nan,nan,nan,nan,nan,nan,nan,nan,nan
22-May-24 7:25:00 PM AEST,nan,85.7,19.6,nan,nan,nan,339.40,0.46,7.10,4.30,341.50,nan
22-May-24 7:26:00 PM AEST,nan,85.5,nan,nan,nan,nan,3.20,0.18,4.70,1.80,3.20,nan
22-May-24 7:27:00 PM AEST,nan,85.8,19.7,nan,nan,nan,8.10,0.16,5.90,1.50,17.70,nan
22-May-24 7:28:00 PM AEST,nan,85.7,nan,nan,nan,nan,38.50,0.28,4.70,2.80,38.50,nan
22-May-24 7:29:00 PM AEST,nan,85.8,nan,nan,nan,nan,342.40,0.34,5.90,2.90,337.70,nan
22-May-24 7:30:00 PM AEST,nan,86.0,nan,nan,nan,nan,21.30,0.53,7.10,4.60,25.30,nan
22-May-24 7:31:00 PM AEST,nan,nan,19.8,nan,nan,nan,9.70,0.35,5.90,3.50,9.70,nan
22-May-24 7:32:00 PM AEST,nan,85.8,19.7,nan,nan,nan,9.80,0.09,2.40,0.90,9.90,nan
22-May-24 7:33:00 PM AEST,22.3,86.0,nan,nan,nan,nan,nan,0.08,nan,nan,nan,nan
22-May-24 7:34:00 PM AEST,nan,nan,nan,nan,nan,nan,nan,nan,nan,0.80,9.70,nan
22-May-24 7:34:04 PM AEST,22.2,nan,nan,nan,nan,nan,nan,nan,nan,nan,nan,nan
22-May-24 7:35:00 PM AEST,nan,85.8,19.8,nan,nan,nan,9.70,0.04,1.20,0.40,9.50,nan
22-May-24 7:35:00 PM AEST,nan,85.8,19.8,nan,nan,nan,9.80,0.04,1.20,0.40,9.30,nan
22-May-24 7:35:08 PM AEST,22.3,nan,nan,nan,nan,nan,nan,nan,nan,nan,nan,nan
22-May-24 7:36:00 PM AEST,nan,86.0,nan,nan,nan,nan,nan,0.05,2.40,0.50,9.70,nan
22-May-24 7:37:00 PM AEST,nan,nan,nan,nan,nan,nan,9.70,0.02,1.20,0.20,9.30,nan
22-May-24 7:38:00 PM AEST,nan,86.2,nan,nan,nan,nan,18.00,0.53,8.30,4.70,17.50,nan
22-May-24 7:39:00 PM AEST,22.2,86.0,nan,nan,nan,nan,342.40,0.46,7.10,4.50,342.70,nan
22-May-24 7:40:00 PM AEST,nan,nan,nan,nan,nan,nan,331.10,0.51,8.30,4.70,326.70,nan
22-May-24 7:40:04 PM AEST,22.3,nan,nan,nan,nan,nan,nan,nan,nan,nan,nan,nan
22-May-24 7:41:00 PM AEST,nan,86.2,nan,nan,nan,nan,348.50,0.52,nan,4.40,346.70,nan
22-May-24 7:42:00 PM AEST,nan,86.3,nan,nan,nan,nan,23.90,0.19,3.50,1.90,23.90,0.80
22-May-24 7:43:00 PM AEST,nan,86.2,19.9,nan,nan,nan,3.80,0.44,9.50,3.80,350.60,0.00
22-May-24 7:44:00 PM AEST,nan,86.5,19.8,nan,nan,nan,355.00,0.54,8.30,4.30,352.60,nan
22-May-24 7:45:00 PM AEST,22.2,nan,19.9,nan,nan,nan,316.70,0.43,nan,nan,317.90,nan
22-May-24 7:46:00 PM AEST,nan,86.7,19.8,nan,nan,nan,321.20,0.59,9.50,5.60,317.00,nan
22-May-24 7:47:00 PM AEST,nan,87.0,19.9,nan,nan,nan,319.40,0.35,8.30,3.50,319.30,nan
22-May-24 7:48:00 PM AEST,nan,nan,nan,nan,nan,nan,nan,nan,4.70,nan,331.20,nan
22-May-24 7:49:00 PM AEST,22.1,nan,nan,nan,nan,nan,330.50,0.33,nan,3.30,nan,nan
22-May-24 7:50:00 PM AEST,nan,87.2,19.8,nan,nan,nan,333.70,0.04,2.40,0.40,333.70,nan
22-May-24 7:50:00 PM AEST,nan,87.3,19.9,nan,nan,nan,333.70,0.04,1.20,0.40,333.70,nan
22-May-24 7:51:00 PM AEST,nan,87.5,nan,nan,nan,nan,335.40,0.41,5.90,4.10,336.00,nan
22-May-24 7:52:00 PM AEST,22.0,87.7,nan,nan,nan,nan,16.00,0.49,7.10,4.90,16.30,nan
22-May-24 7:53:00 PM AEST,nan,87.8,nan,nan,nan,nan,316.50,0.32,4.70,2.70,310.00,nan
22-May-24 7:53:04 PM AEST,21.9,nan,nan,nan,nan,nan,nan,nan,nan,nan,nan,nan
22-May-24 7:54:00 PM AEST,nan,88.0,19.8,nan,nan,nan,302.10,0.28,5.90,0.80,320.30,nan
22-May-24 7:54:08 PM AEST,22.0,nan,nan,nan,nan,nan,nan,nan,nan,nan,nan,nan
22-May-24 7:55:00 PM AEST,nan,88.2,19.9,nan,nan,nan,18.30,0.43,9.50,3.80,21.80,nan
22-May-24 7:55:12 PM AEST,21.9,nan,nan,nan,nan,nan,nan,nan,nan,nan,nan,nan
22-May-24 7:56:00 PM AEST,nan,88.3,19.8,nan,nan,nan,10.60,0.01,1.20,0.10,10.60,nan
22-May-24 7:57:00 PM AEST,nan,88.5,nan,nan,nan,nan,nan,0.14,2.40,1.40,10.50,nan
22-May-24 7:58:00 PM AEST,nan,nan,19.9,nan,nan,0.00,340.60,0.41,5.90,3.50,336.30,nan
22-May-24 7:59:00 PM AEST,21.8,nan,nan,nan,nan,nan,336.10,0.45,10.60,3.70,358.10,nan
22-May-24 8:00:00 PM AEST,nan,88.8,19.8,nan,nan,nan,46.90,0.47,7.10,4.50,48.00,nan
22-May-24 8:01:00 PM AEST,nan,nan,nan,nan,nan,nan,322.60,0.14,3.50,1.40,322.70,nan
22-May-24 8:02:00 PM AEST,nan,89.2,19.9,nan,nan,nan,nan,0.00,nan,nan,nan,nan
22-May-24 8:03:00 PM AEST,nan,nan,nan,nan,nan,nan,nan,nan,0.00,0.00,0.00,nan
22-May-24 8:04:00 PM AEST,nan,89.5,nan,nan,nan,nan,320.50,0.17,3.50,1.70,320.50,nan
22-May-24 8:04:00 PM AEST,nan,89.5,nan,nan,nan,nan,317.10,0.23,7.10,2.30,312.20,nan
22-May-24 8:05:00 PM AEST,21.7,nan,20.0,nan,nan,nan,335.60,0.45,5.90,3.70,336.50,nan
22-May-24 8:06:00 PM AEST,nan,nan,19.9,nan,nan,nan,355.00,0.17,3.50,1.60,354.80,nan
22-May-24 8:07:00 PM AEST,nan,89.7,nan,nan,nan,nan,348.60,0.21,7.10,1.90,338.80,nan
22-May-24 8:08:00 PM AEST,nan,89.8,20.0,nan,nan,nan,289.30,0.54,nan,5.40,290.50,nan
22-May-24 8:09:00 PM AEST,nan,90.0,nan,nan,nan,nan,294.90,0.30,5.90,3.00,299.70,nan
22-May-24 8:10:00 PM AEST,nan,90.2,nan,nan,nan,nan,306.30,0.27,4.70,2.70,306.10,nan
22-May-24 8:11:00 PM AEST,nan,nan,nan,nan,nan,nan,nan,0.18,3.50,1.80,306.20,nan
22-May-24 8:12:00 PM AEST,nan,nan,nan,nan,nan,nan,nan,0.06,1.20,0.60,nan,nan
22-May-24 8:13:00 PM AEST,nan,90.3,nan,nan,nan,nan,nan,0.01,nan,0.10,304.70,nan
22-May-24 8:14:00 PM AEST,nan,90.5,nan,nan,nan,nan,nan,0.11,2.40,1.10,306.20,nan
22-May-24 8:15:00 PM AEST,nan,nan,nan,nan,nan,nan,291.50,0.45,11.80,4.30,284.40,nan
22-May-24 8:16:00 PM AEST,21.6,90.7,nan,nan,nan,nan,2.20,0.69,14.20,5.80,353.70,nan
22-May-24 8:17:00 PM AEST,nan,90.8,nan,nan,nan,nan,347.90,0.20,3.50,2.00,348.00,nan
22-May-24 8:19:00 PM AEST,nan,91.0,nan,nan,nan,nan,10.40,0.19,4.70,1.90,10.20,0.80
22-May-24 8:19:00 PM AEST,nan,91.0,nan,nan,nan,nan,298.10,0.24,4.70,2.40,298.00,0.80
22-May-24 8:20:00 PM AEST,nan,nan,nan,nan,nan,nan,307.10,0.14,3.50,1.30,313.60,0.00
22-May-24 8:21:00 PM AEST,21.5,91.2,20.1,nan,nan,nan,312.80,0.39,7.10,3.90,313.50,nan
22-May-24 8:22:00 PM AEST,nan,91.3,20.0,nan,nan,nan,320.80,0.23,3.50,2.30,320.80,nan
22-May-24 8:22:04 PM AEST,21.6,nan,nan,nan,nan,nan,nan,nan,nan,nan,nan,nan
22-May-24 8:23:00 PM AEST,nan,nan,20.1,nan,nan,nan,349.70,0.35,9.50,3.00,15.90,nan
22-May-24 8:23:08 PM AEST,21.5,nan,nan,nan,nan,nan,nan,nan,nan,nan,nan,nan
22-May-24 8:24:00 PM AEST,nan,91.5,20.0,nan,nan,nan,334.30,0.62,10.60,5.10,334.70,nan
22-May-24 8:25:00 PM AEST,nan,nan,20.1,nan,nan,nan,356.00,0.46,8.30,3.90,355.80,nan
22-May-24 8:26:00 PM AEST,nan,nan,nan,nan,nan,nan,355.60,0.36,nan,3.30,4.40,nan
22-May-24 8:27:00 PM AEST,nan,91.7,nan,0.20,0.40,nan,30.30,0.54,nan,5.20,32.00,nan
22-May-24 8:28:00 PM AEST,nan,nan,nan,nan,nan,nan,22.10,0.44,5.90,4.10,25.70,nan
22-May-24 8:28:44 PM AEST,nan,nan,nan,0.00,nan,nan,nan,nan,nan,nan,nan,nan
22-May-24 8:29:00 PM AEST,nan,nan,nan,nan,nan,nan,8.80,0.61,10.60,5.80,3.30,nan
22-May-24 8:30:00 PM AEST,nan,91.8,nan,nan,nan,nan,5.80,0.51,8.30,5.10,5.50,nan
22-May-24 8:31:00 PM AEST,nan,nan,nan,nan,nan,nan,11.70,0.30,7.10,2.80,17.10,nan
22-May-24 8:32:00 PM AEST,nan,nan,nan,nan,nan,nan,nan,nan,nan,4.00,24.60,nan
22-May-24 8:33:00 PM AEST,nan,nan,nan,nan,nan,nan,23.50,0.41,8.30,5.80,27.00,nan
22-May-24 8:33:00 PM AEST,nan,nan,nan,nan,nan,nan,27.90,0.59,8.30,5.80,27.00,nan
22-May-24 8:34:00 PM AEST,nan,92.0,nan,0.20,0.60,nan,26.40,0.28,7.10,2.80,26.50,nan
22-May-24 8:34:00 PM AEST,nan,92.0,nan,0.00,0.60,nan,26.40,0.28,7.10,2.80,26.50,nan
22-May-24 8:35:00 PM AEST,nan,nan,nan,nan,nan,nan,356.20,0.49,nan,4.70,350.40,nan
22-May-24 8:36:00 PM AEST,nan,nan,20.2,nan,nan,nan,311.30,0.48,8.30,nan,313.90,nan
22-May-24 8:37:00 PM AEST,nan,nan,nan,nan,nan,nan,6.80,0.34,7.10,3.40,9.20,nan
22-May-24 8:38:00 PM AEST,nan,92.2,20.1,nan,nan,nan,40.20,0.28,5.90,2.60,68.80,nan
22-May-24 8:39:00 PM AEST,nan,nan,20.2,nan,nan,nan,75.10,0.23,4.70,2.30,75.30,nan
22-May-24 8:40:00 PM AEST,nan,nan,nan,nan,nan,nan,90.30,0.30,5.90,2.50,89.10,nan
22-May-24 8:41:00 PM AEST,nan,92.3,nan,nan,nan,nan,1.60,0.51,8.30,4.50,358.80,nan
22-May-24 8:42:00 PM AEST,21.6,nan,nan,nan,nan,nan,13.60,0.17,3.50,1.70,13.70,nan
22-May-24 8:43:00 PM AEST,nan,92.2,20.3,nan,nan,nan,352.30,0.24,7.10,2.30,321.70,nan
22-May-24 8:43:04 PM AEST,21.5,nan,nan,nan,nan,nan,nan,nan,nan,nan,nan,nan
22-May-24 8:44:00 PM AEST,nan,92.3,20.2,nan,nan,nan,303.80,0.17,5.90,1.70,303.80,nan
22-May-24 8:45:00 PM AEST,nan,92.5,nan,0.20,nan,nan,333.30,0.27,9.50,2.20,49.70,nan
22-May-24 8:45:53 PM AEST,nan,nan,nan,nan,0.80,nan,nan,nan,nan,nan,nan,nan
22-May-24 8:46:00 PM AEST,nan,nan,20.3,nan,nan,nan,nan,nan,7.10,4.30,47.30,nan
22-May-24 8:46:44 PM AEST,nan,nan,nan,0.00,nan,nan,nan,nan,nan,nan,nan,nan
22-May-24 8:47:00 PM AEST,nan,92.3,nan,nan,nan,nan,47.20,0.43,nan,nan,nan,nan
22-May-24 8:48:00 PM AEST,nan,92.5,20.2,nan,nan,nan,27.60,0.54,3.50,3.90,24.50,nan
22-May-24 8:48:00 PM AEST,nan,92.5,20.3,nan,nan,nan,64.30,0.25,3.50,2.50,64.30,nan
22-May-24 8:49:00 PM AEST,21.6,92.3,20.2,nan,nan,nan,nan,0.05,1.20,0.50,64.60,nan
22-May-24 8:50:00 PM AEST,nan,92.5,20.3,nan,nan,nan,32.90,0.44,8.30,3.60,17.50,nan
22-May-24 8:50:04 PM AEST,21.5,nan,nan,nan,nan,nan,nan,nan,nan,nan,nan,nan
22-May-24 8:51:00 PM AEST,nan,nan,nan,nan,nan,nan,359.30,0.37,5.90,3.70,357.90,nan
22-May-24 8:51:08 PM AEST,21.6,nan,nan,nan,nan,nan,nan,nan,nan,nan,nan,nan
22-May-24 8:52:00 PM AEST,nan,nan,nan,nan,nan,nan,38.30,0.47,7.10,4.30,47.50,nan
22-May-24 8:52:12 PM AEST,21.5,nan,nan,nan,nan,nan,nan,nan,nan,nan,nan,nan
22-May-24 8:53:00 PM AEST,nan,nan,nan,nan,nan,nan,43.70,0.48,nan,4.40,37.10,nan
22-May-24 8:53:16 PM AEST,21.6,nan,nan,nan,nan,nan,nan,nan,nan,nan,nan,nan
22-May-24 8:54:00 PM AEST,nan,92.3,nan,nan,nan,nan,22.60,0.35,nan,3.50,20.80,nan
22-May-24 8:55:00 PM AEST,nan,92.5,nan,nan,nan,nan,13.90,0.44,nan,3.40,9.00,nan
22-May-24 8:56:00 PM AEST,nan,nan,nan,nan,nan,nan,40.50,0.21,3.50,2.10,40.50,0.80
22-May-24 8:57:00 PM AEST,nan,92.3,nan,nan,nan,nan,38.00,0.08,2.40,0.80,38.00,0.00
22-May-24 8:58:00 PM AEST,nan,92.5,nan,nan,nan,65.54,14.30,0.60,10.60,4.60,10.00,nan
22-May-24 8:59:00 PM AEST,nan,nan,nan,nan,nan,nan,15.20,0.76,14.20,6.60,15.00,nan
22-May-24 9:00:00 PM AEST,nan,nan,nan,nan,nan,nan,nan,nan,nan,6.10,31.90,nan
22-May-24 9:01:00 PM AEST,nan,92.3,nan,nan,nan,nan,32.10,0.61,nan,nan,nan,nan
22-May-24 9:01:00 PM AEST,nan,92.3,nan,nan,nan,nan,32.10,0.34,nan,nan,nan,nan
22-May-24 9:02:00 PM AEST,nan,92.5,nan,nan,nan,nan,358.30,0.22,4.70,2.90,354.90,nan
22-May-24 9:02:00 PM AEST,nan,92.3,nan,nan,nan,nan,322.00,0.22,4.70,2.20,321.90,nan
22-May-24 9:03:00 PM AEST,nan,nan,nan,nan,nan,nan,48.00,0.49,7.10,4.30,52.90,nan
22-May-24 9:04:00 PM AEST,nan,92.5,nan,nan,nan,nan,71.70,0.30,5.90,3.00,71.70,nan
22-May-24 9:05:00 PM AEST,nan,92.3,nan,nan,nan,nan,65.90,0.44,8.30,4.40,62.90,nan
22-May-24 9:06:00 PM AEST,nan,nan,nan,0.20,1.00,nan,58.00,0.25,5.90,2.50,58.10,nan
22-May-24 9:07:00 PM AEST,nan,nan,nan,nan,nan,nan,57.90,0.05,1.20,0.50,58.20,nan
22-May-24 9:07:44 PM AEST,nan,nan,nan,0.00,nan,nan,nan,nan,nan,nan,nan,nan
22-May-24 9:08:00 PM AEST,nan,92.5,nan,nan,nan,nan,58.00,0.01,2.40,0.10,58.70,nan
22-May-24 9:09:00 PM AEST,nan,92.3,nan,nan,nan,nan,55.40,0.17,4.70,1.60,52.80,nan
22-May-24 9:10:00 PM AEST,nan,nan,nan,nan,nan,nan,343.20,0.35,7.10,3.50,344.40,nan
22-May-24 9:11:00 PM AEST,nan,92.5,nan,nan,nan,nan,340.60,0.12,2.40,1.20,340.60,nan
22-May-24 9:12:00 PM AEST,nan,92.3,20.4,nan,nan,nan,nan,0.01,1.20,0.10,340.50,nan
22-May-24 9:13:00 PM AEST,nan,92.5,20.3,nan,nan,nan,nan,0.19,3.50,1.90,nan,nan
22-May-24 9:14:00 PM AEST,nan,92.3,nan,nan,nan,nan,344.40,0.08,nan,0.80,355.50,nan
22-May-24 9:15:00 PM AEST,nan,92.5,nan,nan,nan,nan,7.80,nan,nan,nan,7.60,nan
22-May-24 9:17:00 PM AEST,nan,92.3,20.4,nan,nan,nan,7.70,0.01,1.20,0.10,7.10,nan
22-May-24 9:17:00 PM AEST,nan,92.5,20.3,nan,nan,nan,7.70,0.05,3.50,0.50,7.30,nan
22-May-24 9:18:00 PM AEST,nan,92.3,nan,nan,nan,nan,274.60,0.30,5.90,2.90,274.30,nan
22-May-24 9:19:00 PM AEST,nan,92.5,nan,nan,nan,nan,305.60,0.44,8.30,3.90,322.60,nan
22-May-24 9:20:00 PM AEST,nan,92.3,20.4,nan,nan,nan,338.20,0.36,5.90,3.60,338.20,nan
22-May-24 9:21:00 PM AEST,21.7,92.5,20.3,nan,nan,nan,2.30,0.61,9.50,5.30,1.60,nan
22-May-24 9:22:00 PM AEST,nan,nan,20.4,nan,nan,nan,39.60,0.40,7.10,4.00,40.30,nan
22-May-24 9:22:04 PM AEST,21.6,nan,nan,nan,nan,nan,nan,nan,nan,nan,nan,nan
22-May-24 9:23:00 PM AEST,nan,92.3,nan,nan,nan,nan,337.30,0.35,5.90,3.10,329.70,nan
22-May-24 9:23:08 PM AEST,21.7,nan,nan,nan,nan,nan,nan,nan,nan,nan,nan,nan
22-May-24 9:24:00 PM AEST,nan,92.5,nan,nan,nan,nan,336.80,0.37,4.70,3.40,334.20,nan
22-May-24 9:25:00 PM AEST,nan,92.7,nan,nan,nan,nan,332.40,0.43,10.60,3.50,307.80,nan
22-May-24 9:26:00 PM AEST,nan,92.5,nan,nan,nan,nan,21.10,0.58,nan,4.30,10.20,nan
22-May-24 9:27:00 PM AEST,21.6,nan,nan,nan,nan,nan,340.50,0.47,8.30,4.00,332.50,nan
22-May-24 9:28:00 PM AEST,nan,92.7,nan,nan,nan,nan,321.00,0.21,3.50,2.10,323.60,nan
22-May-24 9:28:04 PM AEST,21.7,nan,nan,nan,nan,nan,nan,nan,nan,nan,nan,nan
22-May-24 9:29:00 PM AEST,nan,nan,nan,nan,nan,nan,nan,nan,8.30,4.80,27.90,nan
22-May-24 9:30:00 PM AEST,21.6,nan,nan,nan,nan,nan,21.90,0.53,nan,nan,nan,nan
22-May-24 9:31:00 PM AEST,nan,nan,nan,nan,nan,nan,313.00,0.31,5.90,1.50,327.90,0.80
22-May-24 9:31:00 PM AEST,nan,nan,nan,nan,nan,nan,282.50,0.18,3.50,1.10,292.30,0.80
22-May-24 9:32:00 PM AEST,nan,92.8,nan,nan,nan,nan,24.20,0.58,10.60,5.60,25.90,0.00
22-May-24 9:33:00 PM AEST,nan,92.7,nan,nan,nan,nan,15.50,0.44,7.10,4.40,17.40,nan
22-May-24 9:34:00 PM AEST,nan,92.8,nan,nan,nan,nan,41.40,0.54,nan,5.20,44.60,nan
22-May-24 9:35:00 PM AEST,21.5,nan,nan,nan,nan,nan,35.80,0.65,10.60,5.40,31.00,nan
22-May-24 9:36:00 PM AEST,nan,nan,20.3,nan,nan,nan,4.40,0.71,9.50,5.60,6.00,nan
22-May-24 9:37:00 PM AEST,nan,93.0,nan,nan,nan,nan,345.70,0.41,7.10,3.90,345.60,nan
22-May-24 9:38:00 PM AEST,nan,nan,20.4,nan,nan,nan,19.70,0.36,5.90,3.60,22.40,nan
22-May-24 9:39:00 PM AEST,nan,92.8,20.3,nan,nan,nan,24.40,0.26,4.70,2.60,24.50,nan
22-May-24 9:40:00 PM AEST,nan,93.0,nan,nan,nan,nan,13.60,0.34,nan,3.40,13.60,nan
22-May-24 9:41:00 PM AEST,nan,nan,nan,nan,nan,nan,28.50,0.50,10.60,4.60,38.00,nan
22-May-24 9:42:00 PM AEST,nan,nan,nan,nan,nan,nan,59.40,0.55,8.30,5.40,62.60,nan
22-May-24 9:43:00 PM AEST,nan,93.2,nan,nan,nan,nan,48.70,0.05,2.40,0.50,49.00,nan
22-May-24 9:44:00 PM AEST,nan,93.0,nan,0.20,nan,nan,nan,0.10,nan,nan,nan,nan
22-May-24 9:44:00 PM AEST,nan,93.0,nan,0.00,nan,nan,nan,0.10,nan,nan,nan,nan
22-May-24 9:45:00 PM AEST,nan,nan,nan,nan,1.20,nan,46.50,0.15,3.50,1.00,48.90,nan
22-May-24 9:45:00 PM AEST,nan,nan,nan,nan,1.20,nan,46.50,0.15,3.50,1.50,44.70,nan
22-May-24 9:46:00 PM AEST,nan,nan,nan,nan,nan,nan,32.10,0.30,5.90,3.00,32.10,nan
22-May-24 9:47:00 PM AEST,nan,nan,nan,nan,nan,nan,39.20,0.36,7.10,3.50,43.40,nan
22-May-24 9:48:00 PM AEST,nan,93.2,nan,nan,nan,nan,33.60,0.20,3.50,2.00,33.50,nan
22-May-24 9:49:00 PM AEST,nan,93.0,nan,nan,nan,nan,33.50,0.18,nan,1.80,33.40,nan
22-May-24 9:50:00 PM AEST,nan,nan,nan,nan,nan,nan,30.80,0.41,5.90,4.00,31.10,nan
22-May-24 9:51:00 PM AEST,nan,93.2,nan,nan,nan,nan,36.40,0.18,2.40,1.80,36.40,nan
22-May-24 9:52:00 PM AEST,nan,93.0,nan,nan,nan,nan,nan,0.22,3.50,2.20,nan,nan
22-May-24 9:53:00 PM AEST,nan,nan,nan,nan,nan,nan,49.40,0.33,5.90,3.20,56.70,nan
22-May-24 9:54:00 PM AEST,nan,nan,nan,nan,nan,nan,54.40,0.62,9.50,6.10,54.10,nan
22-May-24 9:55:00 PM AEST,nan,nan,nan,nan,nan,nan,48.80,0.19,3.50,1.90,48.80,nan
22-May-24 9:56:00 PM AEST,nan,93.2,nan,nan,nan,nan,nan,0.31,5.90,3.10,48.90,nan
22-May-24 9:57:00 PM AEST,nan,93.0,nan,nan,nan,nan,nan,0.17,3.50,1.70,nan,nan
22-May-24 9:58:00 PM AEST,nan,nan,nan,nan,nan,65.53,7.00,0.44,8.30,3.80,4.50,nan
22-May-24 9:59:00 PM AEST,nan,nan,nan,nan,nan,nan,348.30,0.12,nan,nan,nan,nan
22-May-24 10:00:00 PM AEST,nan,nan,nan,nan,nan,nan,359.90,0.25,4.70,2.40,2.90,nan
22-May-24 10:01:00 PM AEST,21.4,93.2,nan,nan,nan,nan,6.20,0.30,nan,2.90,7.00,nan
22-May-24 10:02:00 PM AEST,nan,93.0,nan,nan,nan,nan,353.50,0.43,7.10,3.70,0.80,nan
22-May-24 10:02:04 PM AEST,21.5,nan,nan,nan,nan,nan,nan,nan,nan,nan,nan,nan
22-May-24 10:03:00 PM AEST,nan,nan,nan,0.20,1.40,nan,328.00,0.31,3.50,3.10,328.00,nan
22-May-24 10:04:00 PM AEST,nan,nan,nan,nan,nan,nan,nan,0.13,2.40,1.30,nan,nan
22-May-24 10:04:44 PM AEST,nan,nan,nan,0.00,nan,nan,nan,nan,nan,nan,nan,nan
22-May-24 10:05:00 PM AEST,nan,93.2,nan,nan,nan,nan,336.40,0.17,4.70,1.70,346.10,nan
22-May-24 10:06:00 PM AEST,21.4,93.0,nan,nan,nan,nan,356.60,nan,3.50,nan,356.70,nan
22-May-24 10:07:00 PM AEST,nan,93.2,nan,nan,nan,nan,345.20,0.18,nan,1.60,333.30,nan
22-May-24 10:07:04 PM AEST,21.5,nan,nan,nan,nan,nan,nan,nan,nan,nan,nan,nan
22-May-24 10:08:00 PM AEST,nan,93.0,nan,nan,nan,nan,310.80,nan,5.90,0.90,16.60,0.80
22-May-24 10:08:08 PM AEST,21.4,nan,nan,nan,nan,nan,nan,nan,nan,nan,nan,nan
22-May-24 10:09:00 PM AEST,nan,nan,nan,nan,nan,nan,84.50,0.28,4.70,2.80,84.40,0.00
22-May-24 10:10:00 PM AEST,nan,nan,20.2,nan,nan,nan,84.60,0.05,2.40,0.50,84.60,nan
22-May-24 10:11:00 PM AEST,nan,92.8,20.3,nan,nan,nan,302.90,0.26,3.50,1.90,298.50,nan
22-May-24 10:12:00 PM AEST,nan,93.0,20.2,nan,nan,nan,295.90,0.32,4.70,3.20,295.90,nan
22-May-24 10:13:00 PM AEST,nan,92.8,20.3,nan,nan,nan,358.00,0.31,7.10,1.50,39.10,nan
22-May-24 10:14:00 PM AEST,nan,93.0,20.2,nan,nan,nan,59.00,0.25,nan,2.50,59.10,nan
22-May-24 10:15:00 PM AEST,nan,92.8,nan,nan,nan,nan,58.90,0.20,4.70,2.00,58.90,nan
22-May-24 10:16:00 PM AEST,21.5,nan,nan,nan,nan,nan,55.00,0.46,8.30,4.50,53.40,nan
22-May-24 10:17:00 PM AEST,nan,nan,20.3,nan,nan,nan,38.00,0.24,4.70,2.40,38.00,nan
22-May-24 10:18:00 PM AEST,nan,nan,nan,nan,nan,nan,44.30,0.47,7.10,4.70,44.00,nan
22-May-24 10:19:00 PM AEST,nan,nan,nan,0.20,1.60,nan,62.10,nan,8.30,nan,62.70,nan
22-May-24 10:20:00 PM AEST,nan,92.7,nan,nan,nan,nan,56.80,0.31,5.90,3.10,56.90,nan
22-May-24 10:20:44 PM AEST,nan,nan,nan,0.00,nan,nan,nan,nan,nan,nan,nan,nan
22-May-24 10:21:00 PM AEST,nan,nan,20.2,nan,nan,nan,nan,0.00,0.00,0.00,0.00,nan
22-May-24 10:22:00 PM AEST,nan,nan,nan,nan,nan,nan,nan,0.02,1.20,0.20,58.00,nan
22-May-24 10:23:00 PM AEST,nan,nan,20.3,nan,nan,nan,nan,0.00,0.00,0.00,0.00,nan
22-May-24 10:24:00 PM AEST,21.4,92.5,20.2,nan,nan,nan,nan,0.30,4.70,3.00,57.00,nan
22-May-24 10:25:00 PM AEST,nan,nan,nan,nan,nan,nan,80.70,0.35,5.90,3.20,87.10,nan
22-May-24 10:25:04 PM AEST,21.5,nan,nan,nan,nan,nan,nan,nan,nan,nan,nan,nan
22-May-24 10:26:00 PM AEST,nan,92.7,nan,nan,nan,nan,75.10,0.53,7.10,4.40,72.00,nan
22-May-24 10:27:00 PM AEST,21.6,92.5,20.3,nan,nan,nan,356.80,0.43,5.90,4.20,357.20,nan
22-May-24 10:28:00 PM AEST,nan,92.3,nan,nan,nan,nan,348.70,0.25,4.70,2.50,348.70,nan
22-May-24 10:28:04 PM AEST,21.5,nan,nan,nan,nan,nan,nan,nan,nan,nan,nan,nan
22-May-24 10:29:00 PM AEST,nan,92.5,20.2,nan,nan,nan,353.00,0.22,5.90,2.10,359.60,nan
22-May-24 10:29:08 PM AEST,21.6,nan,nan,nan,nan,nan,nan,nan,nan,nan,nan,nan
22-May-24 10:30:00 PM AEST,nan,92.3,20.3,nan,nan,nan,32.40,0.31,nan,3.10,32.30,nan
22-May-24 10:30:12 PM AEST,21.5,nan,nan,nan,nan,nan,nan,nan,nan,nan,nan,nan
22-May-24 10:31:00 PM AEST,nan,nan,20.2,nan,nan,nan,32.70,0.18,4.70,1.80,32.90,nan
22-May-24 10:31:16 PM AEST,21.6,nan,nan,nan,nan,nan,nan,nan,nan,nan,nan,nan
22-May-24 10:32:00 PM AEST,nan,92.2,20.3,nan,nan,nan,41.30,0.31,5.90,3.10,41.30,nan
22-May-24 10:33:00 PM AEST,nan,nan,nan,nan,nan,nan,45.10,0.27,4.70,2.70,46.30,nan
22-May-24 10:34:00 PM AEST,nan,92.3,nan,nan,nan,nan,49.70,0.17,2.40,1.70,49.70,nan
22-May-24 10:35:00 PM AEST,nan,92.0,nan,nan,nan,nan,nan,0.28,3.50,2.80,nan,nan
22-May-24 10:36:00 PM AEST,nan,92.2,20.2,nan,nan,nan,nan,0.30,4.70,3.00,nan,nan
22-May-24 10:37:00 PM AEST,nan,92.0,20.3,nan,nan,nan,50.30,0.27,3.50,2.70,50.30,nan
22-May-24 10:38:00 PM AEST,nan,nan,20.2,nan,nan,nan,50.60,0.05,2.40,0.50,50.70,nan
22-May-24 10:39:00 PM AEST,nan,92.2,20.3,nan,nan,nan,nan,0.00,0.00,0.00,0.00,nan
22-May-24 10:40:00 PM AEST,nan,92.0,nan,nan,nan,nan,nan,nan,nan,nan,nan,nan
22-May-24 10:41:00 PM AEST,nan,nan,20.2,nan,nan,nan,nan,nan,nan,nan,nan,nan
22-May-24 10:42:00 PM AEST,nan,nan,nan,nan,nan,nan,nan,0.01,1.20,0.10,50.20,nan
22-May-24 10:43:00 PM AEST,nan,92.2,nan,nan,nan,nan,nan,nan,nan,nan,50.00,nan
22-May-24 10:44:00 PM AEST,nan,nan,20.3,nan,nan,nan,nan,0.02,nan,0.20,50.80,nan
22-May-24 10:45:00 PM AEST,nan,92.5,nan,nan,nan,nan,nan,0.06,nan,0.60,50.60,0.80
22-May-24 10:46:00 PM AEST,nan,92.7,nan,nan,nan,nan,50.70,0.00,0.00,0.00,0.00,0.00
22-May-24 10:47:00 PM AEST,nan,nan,nan,nan,nan,nan,50.60,nan,nan,nan,nan,nan
22-May-24 10:48:00 PM AEST,21.5,92.8,nan,0.20,1.80,nan,nan,nan,nan,nan,nan,nan
22-May-24 10:49:44 PM AEST,nan,nan,nan,0.00,nan,nan,nan,nan,nan,nan,nan,nan
22-May-24 10:50:00 PM AEST,nan,93.0,nan,nan,nan,nan,nan,0.01,1.20,0.10,50.20,nan
22-May-24 10:51:00 PM AEST,nan,nan,20.4,nan,nan,nan,nan,0.02,nan,0.20,50.80,nan
22-May-24 10:52:00 PM AEST,nan,93.2,20.3,nan,nan,nan,nan,0.01,nan,0.10,50.20,nan
22-May-24 10:53:00 PM AEST,nan,93.0,20.4,nan,nan,nan,nan,nan,nan,nan,nan,nan
22-May-24 10:54:00 PM AEST,nan,92.8,nan,nan,nan,nan,nan,0.04,nan,0.40,50.70,nan
22-May-24 10:55:00 PM AEST,nan,93.0,20.3,nan,nan,nan,14.00,0.49,8.30,3.80,1.00,nan
22-May-24 10:56:00 PM AEST,21.4,92.7,nan,nan,nan,nan,358.70,0.14,3.50,1.40,358.80,nan
22-May-24 10:57:00 PM AEST,nan,92.8,nan,nan,nan,nan,338.00,0.09,2.40,0.90,340.80,nan
22-May-24 10:57:04 PM AEST,21.5,nan,nan,nan,nan,nan,nan,nan,nan,nan,nan,nan
22-May-24 10:58:00 PM AEST,nan,92.5,20.2,nan,nan,65.53,335.50,0.12,4.70,1.20,335.60,nan
22-May-24 10:58:00 PM AEST,nan,92.5,20.3,nan,nan,65.53,335.50,0.12,4.70,1.20,335.60,nan
22-May-24 10:59:00 PM AEST,nan,92.7,20.2,nan,nan,nan,335.70,0.21,nan,2.10,335.70,nan
22-May-24 11:00:00 PM AEST,nan,92.5,20.3,nan,nan,nan,332.10,0.40,7.10,3.90,330.80,nan
22-May-24 11:01:00 PM AEST,nan,nan,nan,nan,nan,nan,24.70,0.43,nan,4.10,30.20,nan
22-May-24 11:02:00 PM AEST,nan,nan,nan,nan,nan,nan,39.80,0.24,4.70,2.40,39.90,nan
22-May-24 11:03:00 PM AEST,21.6,92.3,nan,nan,nan,nan,40.00,0.49,8.30,4.90,42.10,nan
22-May-24 11:04:00 PM AEST,nan,nan,nan,nan,nan,nan,33.70,0.17,3.50,1.70,33.80,nan
22-May-24 11:05:00 PM AEST,nan,92.5,nan,nan,nan,nan,nan,0.13,nan,1.30,33.90,nan
22-May-24 11:06:00 PM AEST,21.5,92.3,nan,nan,nan,nan,33.90,0.03,1.20,0.30,33.70,nan
22-May-24 11:07:00 PM AEST,nan,92.2,20.2,nan,nan,nan,33.70,0.00,0.00,0.00,0.00,nan
22-May-24 11:07:04 PM AEST,21.6,nan,nan,nan,nan,nan,nan,nan,nan,nan,nan,nan
22-May-24 11:08:00 PM AEST,nan,92.3,nan,nan,nan,nan,nan,0.12,2.40,1.20,33.70,nan
22-May-24 11:08:08 PM AEST,21.5,nan,nan,nan,nan,nan,nan,nan,nan,nan,nan,nan
22-May-24 11:09:00 PM AEST,nan,nan,nan,nan,nan,nan,nan,0.14,nan,1.40,nan,nan
22-May-24 11:10:00 PM AEST,nan,nan,nan,nan,nan,nan,nan,0.00,0.00,0.00,0.00,nan
22-May-24 11:15:00 PM AEST,nan,nan,nan,nan,nan,nan,nan,0.02,1.20,0.20,33.20,nan
22-May-24 11:16:00 PM AEST,nan,92.5,nan,nan,nan,nan,nan,nan,nan,nan,nan,nan
22-May-24 11:17:00 PM AEST,nan,nan,nan,nan,nan,nan,nan,0.00,0.00,0.00,0.00,nan
22-May-24 11:18:00 PM AEST,nan,92.7,nan,nan,nan,nan,28.50,0.15,2.40,1.50,27.40,nan
22-May-24 11:19:00 PM AEST,nan,92.5,20.3,nan,nan,nan,19.00,0.18,4.70,nan,10.00,nan
22-May-24 11:20:00 PM AEST,nan,92.7,nan,nan,nan,nan,353.60,0.36,5.90,3.00,356.10,nan
22-May-24 11:21:00 PM AEST,21.6,92.5,nan,nan,nan,nan,50.00,0.32,7.10,3.10,54.90,0.80
22-May-24 11:22:00 PM AEST,nan,92.7,nan,nan,nan,nan,40.30,0.05,3.50,0.50,29.20,0.00
22-May-24 11:23:00 PM AEST,nan,nan,nan,0.20,nan,nan,12.70,0.40,5.90,4.00,12.60,nan
22-May-24 11:23:53 PM AEST,nan,nan,nan,nan,2.00,nan,nan,nan,nan,nan,nan,nan
22-May-24 11:24:00 PM AEST,nan,92.5,nan,nan,nan,nan,8.90,0.29,4.70,2.90,9.00,nan
22-May-24 11:24:44 PM AEST,nan,nan,nan,0.00,nan,nan,nan,nan,nan,nan,nan,nan
22-May-24 11:25:00 PM AEST,nan,92.7,nan,nan,nan,nan,3.70,0.24,nan,2.30,6.90,nan
22-May-24 11:26:00 PM AEST,nan,nan,20.4,nan,nan,nan,nan,nan,7.10,4.30,41.40,nan
22-May-24 11:27:00 PM AEST,nan,92.5,nan,nan,nan,nan,41.50,0.43,4.70,3.10,32.60,nan
22-May-24 11:27:00 PM AEST,nan,92.7,nan,nan,nan,nan,32.70,0.31,4.70,3.10,32.60,nan
22-May-24 11:28:00 PM AEST,nan,92.5,nan,nan,nan,nan,34.00,0.22,nan,2.20,35.10,nan
22-May-24 11:29:00 PM AEST,nan,nan,nan,nan,nan,nan,51.90,0.17,nan,1.70,51.90,nan
22-May-24 11:30:00 PM AEST,nan,nan,nan,nan,nan,nan,nan,0.05,2.40,0.50,52.10,nan
22-May-24 11:31:00 PM AEST,nan,92.3,nan,nan,nan,nan,115.20,0.25,5.90,2.10,122.30,nan
22-May-24 11:32:00 PM AEST,21.7,92.5,20.3,nan,nan,nan,137.70,0.14,3.50,1.40,137.80,nan
22-May-24 11:33:00 PM AEST,nan,nan,20.4,nan,nan,nan,nan,0.01,1.20,0.10,137.50,nan
22-May-24 11:33:04 PM AEST,21.6,nan,nan,nan,nan,nan,nan,nan,nan,nan,nan,nan
22-May-24 11:34:00 PM AEST,nan,92.3,nan,nan,nan,nan,nan,0.00,0.00,0.00,0.00,nan
22-May-24 11:35:00 PM AEST,nan,92.5,20.3,nan,nan,nan,nan,nan,1.20,nan,nan,nan
22-May-24 11:36:00 PM AEST,nan,nan,20.4,nan,nan,nan,140.80,0.25,3.50,2.50,140.50,nan
22-May-24 11:37:00 PM AEST,nan,nan,nan,nan,nan,nan,142.40,0.05,2.40,0.50,142.60,nan
22-May-24 11:38:00 PM AEST,nan,nan,nan,nan,nan,nan,142.50,0.01,1.20,0.10,142.40,nan
22-May-24 11:39:00 PM AEST,21.7,nan,nan,nan,nan,nan,142.40,nan,nan,nan,nan,nan
22-May-24 11:40:04 PM AEST,21.6,nan,nan,nan,nan,nan,nan,nan,nan,nan,nan,nan
22-May-24 11:41:00 PM AEST,nan,nan,nan,nan,nan,nan,142.50,0.00,0.00,0.00,0.00,nan
22-May-24 11:41:00 PM AEST,nan,nan,nan,nan,nan,nan,142.30,0.13,4.70,1.30,142.10,nan
22-May-24 11:42:00 PM AEST,21.7,nan,nan,nan,nan,nan,79.70,0.33,7.10,3.00,83.40,nan
22-May-24 11:43:00 PM AEST,nan,nan,nan,nan,nan,nan,72.60,0.01,1.20,0.10,73.80,nan
22-May-24 11:44:00 PM AEST,nan,nan,nan,nan,nan,nan,72.50,0.00,nan,0.00,0.00,nan
22-May-24 11:45:00 PM AEST,nan,nan,nan,nan,nan,nan,72.60,0.01,nan,0.10,73.80,nan
22-May-24 11:46:00 PM AEST,nan,nan,nan,nan,nan,nan,nan,nan,nan,nan,75.10,nan
22-May-24 11:47:00 PM AEST,nan,nan,nan,nan,nan,nan,72.50,nan,nan,nan,72.10,nan
22-May-24 11:48:00 PM AEST,21.6,92.7,nan,nan,nan,nan,72.60,0.05,2.40,0.50,72.90,nan
22-May-24 11:49:00 PM AEST,nan,92.5,nan,nan,nan,nan,72.50,0.13,nan,1.30,72.70,nan
22-May-24 11:49:04 PM AEST,21.7,nan,nan,nan,nan,nan,nan,nan,nan,nan,nan,nan
22-May-24 11:50:00 PM AEST,nan,nan,nan,nan,nan,nan,72.60,0.04,nan,0.40,73.00,nan
22-May-24 11:51:00 PM AEST,nan,92.3,nan,nan,nan,nan,72.50,0.07,nan,0.70,72.70,nan
22-May-24 11:52:00 PM AEST,nan,92.5,nan,nan,nan,nan,nan,0.01,1.20,0.10,73.80,nan
22-May-24 11:53:00 PM AEST,nan,92.7,nan,nan,nan,nan,72.60,nan,2.40,nan,nan,nan
22-May-24 11:54:00 PM AEST,nan,92.5,nan,nan,nan,nan,345.70,0.48,7.10,3.20,341.20,nan
22-May-24 11:55:00 PM AEST,nan,nan,nan,nan,nan,nan,345.00,0.24,nan,nan,nan,nan
22-May-24 11:56:00 PM AEST,nan,nan,nan,nan,nan,nan,344.80,0.00,4.70,2.40,344.90,nan
22-May-24 11:56:00 PM AEST,nan,nan,nan,nan,nan,nan,344.80,0.00,0.00,0.00,0.00,nan
22-May-24 11:57:00 PM AEST,nan,nan,nan,nan,nan,nan,344.90,nan,nan,nan,nan,nan
22-May-24 11:58:00 PM AEST,nan,92.3,nan,nan,nan,65.53,345.00,0.11,2.40,1.10,344.90,0.80
22-May-24 11:59:00 PM AEST,nan,nan,nan,nan,nan,nan,344.80,0.01,1.20,0.10,346.00,0.60
23-May-24 12:00:00 AM AEST,nan,92.5,nan,nan,nan,nan,nan,0.02,nan,0.20,345.10,0.00
23-May-24 12:01:00 AM AEST,nan,92.3,nan,nan,nan,nan,344.90,0.00,0.00,0.00,0.00,nan
23-May-24 12:02:00 AM AEST,nan,92.2,nan,nan,nan,nan,nan,nan,nan,nan,nan,nan
23-May-24 12:03:00 AM AEST,nan,92.3,nan,nan,nan,nan,nan,nan,nan,nan,nan,nan
23-May-24 12:05:00 AM AEST,nan,nan,nan,nan,nan,nan,344.80,0.05,2.40,0.50,344.80,nan
23-May-24 12:06:00 AM AEST,nan,nan,nan,nan,nan,nan,344.90,0.00,0.00,0.00,0.00,nan
23-May-24 12:07:00 AM AEST,nan,nan,nan,nan,nan,nan,nan,0.03,1.20,0.30,344.60,nan
23-May-24 12:08:00 AM AEST,nan,92.5,nan,nan,nan,nan,345.00,0.08,2.40,0.80,345.00,nan
23-May-24 12:09:00 AM AEST,nan,92.3,nan,nan,nan,nan,358.00,0.33,4.70,3.20,359.90,nan
23-May-24 12:10:00 AM AEST,nan,nan,nan,nan,nan,nan,12.00,0.11,3.50,1.10,11.90,nan
23-May-24 12:11:00 AM AEST,nan,nan,nan,nan,nan,nan,nan,0.05,1.20,0.50,12.00,nan
23-May-24 12:12:00 AM AEST,nan,nan,nan,nan,nan,nan,12.40,0.24,4.70,2.40,12.40,nan
23-May-24 12:13:00 AM AEST,nan,nan,nan,nan,nan,nan,21.80,0.17,3.50,1.60,27.00,nan
23-May-24 12:14:00 AM AEST,21.8,nan,nan,nan,nan,nan,49.50,0.25,4.70,2.50,49.40,nan
23-May-24 12:15:00 AM AEST,nan,92.2,20.5,nan,nan,nan,49.70,0.12,2.40,1.20,49.60,nan
23-May-24 12:16:00 AM AEST,nan,92.3,20.4,nan,nan,nan,49.80,0.05,3.50,0.50,50.20,nan
23-May-24 12:17:00 AM AEST,nan,92.2,20.5,nan,nan,nan,nan,0.13,nan,1.30,49.80,nan
23-May-24 12:18:00 AM AEST,nan,nan,20.4,nan,nan,nan,49.70,0.01,1.20,0.10,50.20,nan
23-May-24 12:19:00 AM AEST,nan,92.3,nan,nan,nan,nan,49.80,0.00,0.00,0.00,0.00,nan
23-May-24 12:20:00 AM AEST,nan,92.2,20.5,nan,nan,nan,nan,nan,nan,nan,nan,nan
23-May-24 12:21:00 AM AEST,nan,92.0,20.4,nan,nan,nan,49.70,nan,nan,nan,nan,nan
23-May-24 12:22:00 AM AEST,nan,92.2,nan,nan,nan,nan,49.80,0.01,1.20,0.10,50.20,nan
23-May-24 12:23:00 AM AEST,nan,nan,20.5,nan,nan,nan,nan,nan,nan,0.20,49.90,nan
23-May-24 12:24:00 AM AEST,nan,92.3,nan,nan,nan,nan,49.70,0.02,nan,nan,nan,nan
23-May-24 12:24:00 AM AEST,nan,92.2,nan,nan,nan,nan,49.80,0.08,nan,nan,nan,nan
23-May-24 12:25:00 AM AEST,nan,92.3,20.4,nan,nan,nan,291.50,0.21,2.40,0.80,49.70,nan
23-May-24 12:25:00 AM AEST,nan,92.3,20.4,nan,nan,nan,291.50,0.21,4.70,1.00,269.40,nan
23-May-24 12:26:00 AM AEST,nan,92.2,20.5,nan,nan,nan,256.70,0.05,2.40,0.50,257.30,nan
23-May-24 12:27:00 AM AEST,nan,nan,20.4,nan,nan,nan,nan,0.01,1.20,0.10,259.40,nan
23-May-24 12:28:00 AM AEST,21.7,92.3,20.5,nan,nan,nan,nan,0.00,0.00,0.00,0.00,nan
23-May-24 12:29:00 AM AEST,nan,nan,20.4,nan,nan,nan,nan,nan,nan,nan,nan,nan
23-May-24 12:30:00 AM AEST,21.8,92.2,nan,nan,nan,nan,nan,0.01,1.20,0.10,257.70,nan
23-May-24 12:31:00 AM AEST,nan,nan,20.5,nan,nan,nan,nan,0.12,2.40,1.20,256.80,nan
23-May-24 12:32:00 AM AEST,nan,92.3,20.4,nan,nan,nan,nan,0.22,3.50,2.20,256.70,nan
23-May-24 12:33:00 AM AEST,nan,92.2,20.5,nan,nan,nan,nan,0.17,2.40,1.70,nan,nan
23-May-24 12:34:00 AM AEST,nan,nan,nan,nan,nan,nan,nan,0.02,1.20,0.20,257.10,0.80
23-May-24 12:35:00 AM AEST,nan,nan,nan,nan,nan,nan,nan,0.01,nan,0.10,259.40,0.00
23-May-24 12:36:00 AM AEST,nan,nan,nan,nan,nan,nan,nan,0.00,0.00,0.00,0.00,nan
23-May-24 12:37:00 AM AEST,nan,92.0,nan,nan,nan,nan,316.90,0.30,4.70,2.80,319.00,nan
23-May-24 12:38:00 AM AEST,nan,92.2,nan,nan,nan,nan,329.00,0.05,2.40,0.50,329.00,nan
23-May-24 12:39:00 AM AEST,nan,92.0,20.4,nan,nan,nan,352.90,0.25,3.50,2.50,355.90,nan
23-May-24 12:39:00 AM AEST,nan,92.0,20.5,nan,nan,nan,352.90,0.25,3.50,2.50,355.90,nan
23-May-24 12:40:00 AM AEST,nan,92.2,nan,nan,nan,nan,358.90,0.06,2.40,0.60,359.00,nan
23-May-24 12:41:00 AM AEST,nan,92.0,nan,nan,nan,nan,nan,0.30,4.70,3.00,358.80,nan
23-May-24 12:42:00 AM AEST,nan,nan,nan,nan,nan,nan,358.80,0.08,2.40,0.80,358.90,nan
23-May-24 12:43:00 AM AEST,nan,nan,20.4,nan,nan,nan,nan,0.00,0.00,0.00,0.00,nan
23-May-24 12:44:00 AM AEST,nan,91.8,nan,nan,nan,nan,16.30,0.64,13.00,6.30,19.80,nan
23-May-24 12:45:00 AM AEST,21.9,92.0,nan,nan,nan,nan,16.90,0.09,3.50,0.90,16.80,nan
23-May-24 12:46:00 AM AEST,nan,91.8,20.5,nan,nan,nan,16.80,0.01,1.20,0.10,16.20,nan
23-May-24 12:46:04 AM AEST,21.8,nan,nan,nan,nan,nan,nan,nan,nan,nan,nan,nan
23-May-24 12:47:00 AM AEST,nan,92.0,20.4,nan,nan,nan,23.10,0.06,3.50,0.60,51.60,nan
23-May-24 12:48:00 AM AEST,21.9,91.8,20.5,nan,nan,nan,50.60,0.37,4.70,2.20,43.90,nan
23-May-24 12:49:00 AM AEST,nan,nan,nan,nan,nan,nan,300.40,0.25,nan,2.50,300.40,nan
23-May-24 12:49:04 AM AEST,21.8,nan,nan,nan,nan,nan,nan,nan,nan,nan,nan,nan
23-May-24 12:50:00 AM AEST,nan,nan,20.4,nan,nan,nan,28.50,0.24,3.50,1.20,18.10,nan
23-May-24 12:51:00 AM AEST,nan,nan,nan,nan,nan,nan,350.90,0.31,5.90,2.60,339.00,nan
23-May-24 12:52:00 AM AEST,21.9,92.0,nan,nan,nan,nan,325.70,0.16,3.50,1.60,325.80,nan
23-May-24 12:53:00 AM AEST,nan,91.8,nan,nan,nan,nan,326.30,0.21,nan,2.10,326.30,nan
23-May-24 12:53:04 AM AEST,21.8,nan,nan,nan,nan,nan,nan,nan,nan,nan,nan,nan
23-May-24 12:54:00 AM AEST,nan,nan,20.5,nan,nan,nan,326.20,0.02,1.20,0.20,326.80,nan
23-May-24 12:54:00 AM AEST,nan,nan,20.4,nan,nan,nan,326.20,0.02,1.20,0.20,326.80,nan
23-May-24 12:55:00 AM AEST,nan,92.0,nan,nan,nan,nan,326.30,0.05,2.40,0.50,326.70,nan
23-May-24 12:56:00 AM AEST,21.9,91.8,20.5,nan,nan,nan,325.90,0.24,4.70,2.40,325.80,nan
23-May-24 12:57:00 AM AEST,nan,nan,nan,nan,nan,nan,326.40,0.15,3.50,1.50,326.40,nan
23-May-24 12:57:04 AM AEST,21.8,nan,nan,nan,nan,nan,nan,nan,nan,nan,nan,nan
23-May-24 12:58:00 AM AEST,nan,91.7,20.4,nan,nan,nan,326.30,0.06,2.40,0.60,326.30,nan
23-May-24 12:59:00 AM AEST,21.9,91.8,nan,nan,nan,nan,335.50,0.27,4.70,2.60,339.10,nan
23-May-24 1:00:00 AM AEST,nan,91.7,20.5,nan,nan,nan,351.40,0.08,2.40,0.80,351.50,nan
23-May-24 1:00:04 AM AEST,21.8,nan,nan,nan,nan,nan,nan,nan,nan,nan,nan,nan
23-May-24 1:01:00 AM AEST,nan,91.8,20.4,nan,nan,nan,nan,0.01,1.20,0.10,352.90,nan
23-May-24 1:02:00 AM AEST,nan,91.7,nan,nan,nan,nan,26.80,0.18,4.70,0.80,94.80,nan
23-May-24 1:03:00 AM AEST,nan,nan,nan,nan,nan,nan,205.50,0.40,nan,3.90,205.80,nan
23-May-24 1:04:00 AM AEST,nan,91.8,nan,nan,nan,nan,198.70,0.24,3.50,2.40,198.60,nan
23-May-24 1:05:00 AM AEST,nan,nan,nan,nan,nan,nan,198.50,0.23,nan,2.30,198.50,nan
23-May-24 1:06:00 AM AEST,nan,92.0,nan,nan,nan,nan,nan,0.05,2.40,0.50,198.40,nan
23-May-24 1:07:00 AM AEST,nan,nan,nan,nan,nan,nan,198.30,0.14,3.50,1.40,198.30,nan
23-May-24 1:08:00 AM AEST,21.7,92.2,nan,nan,nan,nan,198.50,0.17,nan,1.70,198.50,nan
23-May-24 1:09:00 AM AEST,nan,92.0,nan,nan,nan,nan,nan,0.02,1.20,0.20,198.80,nan
23-May-24 1:09:04 AM AEST,21.8,nan,nan,nan,nan,nan,nan,nan,nan,nan,nan,nan
23-May-24 1:10:00 AM AEST,nan,nan,nan,nan,nan,nan,nan,nan,nan,nan,198.40,0.80
23-May-24 1:10:08 AM AEST,21.7,nan,nan,nan,nan,nan,nan,nan,nan,nan,nan,nan
23-May-24 1:11:00 AM AEST,nan,92.2,nan,nan,nan,nan,nan,0.03,nan,0.30,nan,0.00
23-May-24 1:12:00 AM AEST,nan,92.0,nan,nan,nan,nan,nan,0.02,nan,0.20,198.80,nan
23-May-24 1:13:00 AM AEST,nan,92.2,nan,nan,nan,nan,nan,0.08,nan,0.80,198.30,nan
23-May-24 1:14:00 AM AEST,nan,nan,nan,0.20,2.20,nan,nan,0.05,nan,0.50,198.40,nan
23-May-24 1:15:00 AM AEST,nan,nan,nan,nan,nan,nan,nan,0.18,3.50,1.80,nan,nan
23-May-24 1:15:44 AM AEST,nan,nan,nan,0.00,nan,nan,nan,nan,nan,nan,nan,nan
23-May-24 1:16:00 AM AEST,nan,92.3,20.3,nan,nan,nan,198.30,0.17,nan,1.70,198.20,nan
23-May-24 1:17:00 AM AEST,nan,nan,20.4,nan,nan,nan,198.40,0.15,nan,1.50,198.30,nan
23-May-24 1:18:00 AM AEST,nan,92.2,nan,nan,nan,nan,198.30,0.22,nan,2.20,nan,nan
23-May-24 1:19:00 AM AEST,nan,92.5,20.3,nan,nan,nan,nan,0.17,2.40,1.70,198.20,nan
23-May-24 1:20:00 AM AEST,nan,92.3,20.4,nan,nan,nan,nan,0.02,1.20,0.20,198.40,nan
23-May-24 1:21:00 AM AEST,nan,nan,nan,nan,nan,nan,nan,0.21,3.50,2.10,198.20,nan
23-May-24 1:22:00 AM AEST,21.6,92.5,nan,nan,nan,nan,nan,0.25,nan,2.50,nan,nan
23-May-24 1:22:00 AM AEST,21.6,92.7,nan,nan,nan,nan,nan,0.25,nan,2.50,nan,nan
23-May-24 1:23:00 AM AEST,nan,nan,nan,nan,nan,nan,198.40,0.09,2.40,0.90,198.40,nan
23-May-24 1:24:00 AM AEST,nan,nan,20.3,nan,nan,nan,198.30,0.05,1.20,0.50,198.00,nan
23-May-24 1:25:00 AM AEST,21.5,92.8,nan,nan,nan,nan,nan,0.03,2.40,0.30,198.20,nan
23-May-24 1:26:00 AM AEST,nan,nan,nan,nan,nan,nan,196.10,0.27,3.50,2.70,195.80,nan
23-May-24 1:27:00 AM AEST,nan,nan,nan,nan,nan,nan,182.30,0.14,nan,1.40,182.70,nan
23-May-24 1:28:00 AM AEST,nan,93.0,nan,nan,nan,nan,182.00,0.01,1.20,0.10,181.70,nan
23-May-24 1:29:00 AM AEST,nan,92.7,nan,nan,nan,nan,266.60,0.28,4.70,1.90,270.10,nan
23-May-24 1:30:00 AM AEST,nan,93.0,nan,nan,nan,nan,294.70,0.03,1.20,0.30,294.40,nan
23-May-24 1:31:00 AM AEST,21.6,92.8,nan,nan,nan,nan,nan,0.15,2.40,1.50,294.60,nan
23-May-24 1:32:00 AM AEST,nan,nan,20.4,nan,nan,nan,328.70,0.24,3.50,2.40,334.80,nan
23-May-24 1:33:00 AM AEST,21.5,92.7,nan,nan,nan,nan,351.00,0.20,4.70,1.90,1.10,nan
23-May-24 1:34:00 AM AEST,nan,92.8,20.3,nan,nan,nan,18.90,0.28,nan,2.80,18.90,nan
23-May-24 1:34:04 AM AEST,21.6,nan,nan,nan,nan,nan,nan,nan,nan,nan,nan,nan
23-May-24 1:35:00 AM AEST,nan,nan,20.4,nan,nan,nan,nan,0.18,nan,1.80,nan,nan
23-May-24 1:37:00 AM AEST,nan,92.7,nan,nan,nan,nan,nan,0.09,2.40,0.90,18.80,nan
23-May-24 1:37:00 AM AEST,nan,92.7,nan,nan,nan,nan,nan,0.00,0.00,0.00,0.00,nan
23-May-24 1:39:00 AM AEST,nan,92.5,nan,nan,nan,nan,nan,nan,nan,nan,nan,nan
23-May-24 1:40:00 AM AEST,nan,92.7,20.3,nan,nan,nan,nan,0.04,2.40,0.40,18.60,nan
23-May-24 1:41:00 AM AEST,nan,92.5,20.4,nan,nan,nan,19.00,0.21,3.50,2.10,18.90,nan
23-May-24 1:42:00 AM AEST,nan,nan,20.3,nan,nan,nan,nan,0.05,1.20,0.50,18.80,nan
23-May-24 1:43:00 AM AEST,nan,nan,nan,nan,nan,nan,5.00,0.12,3.50,1.20,357.90,nan
23-May-24 1:44:00 AM AEST,nan,nan,nan,nan,nan,nan,350.10,0.08,2.40,0.80,350.10,nan
23-May-24 1:45:00 AM AEST,nan,nan,nan,nan,nan,nan,350.00,0.22,3.50,2.20,350.00,nan
23-May-24 1:46:00 AM AEST,nan,92.7,nan,nan,nan,nan,350.10,nan,nan,nan,350.10,nan
23-May-24 1:47:00 AM AEST,nan,92.5,20.4,nan,nan,nan,350.00,0.03,2.40,0.30,350.30,nan
23-May-24 1:48:00 AM AEST,nan,nan,20.3,nan,nan,nan,350.10,0.07,nan,0.60,350.50,0.80
23-May-24 1:49:00 AM AEST,nan,92.7,20.4,nan,nan,nan,350.20,0.29,7.10,2.90,350.30,0.00
23-May-24 1:50:00 AM AEST,21.7,92.5,nan,nan,nan,nan,350.40,0.38,nan,nan,nan,nan
23-May-24 1:51:00 AM AEST,nan,nan,nan,nan,nan,nan,nan,0.24,5.90,3.80,350.40,nan
23-May-24 1:51:00 AM AEST,nan,nan,nan,nan,nan,nan,nan,0.24,3.50,2.40,350.40,nan
23-May-24 1:52:00 AM AEST,nan,nan,nan,nan,nan,nan,nan,0.05,2.40,0.50,350.50,nan
23-May-24 1:53:00 AM AEST,nan,92.3,nan,nan,nan,nan,nan,0.11,nan,1.10,350.40,nan
23-May-24 1:54:00 AM AEST,21.6,nan,nan,nan,nan,nan,nan,0.07,nan,0.70,350.50,nan
23-May-24 1:55:00 AM AEST,nan,92.5,20.3,nan,nan,nan,nan,nan,3.50,0.60,nan,nan
23-May-24 1:56:00 AM AEST,nan,92.3,20.4,nan,nan,nan,nan,0.00,0.00,0.00,0.00,nan
23-May-24 1:57:00 AM AEST,nan,nan,20.3,nan,nan,nan,nan,nan,nan,nan,nan,nan
23-May-24 1:58:00 AM AEST,nan,92.2,nan,nan,nan,nan,nan,0.09,2.40,0.90,350.50,nan
23-May-24 1:59:00 AM AEST,nan,92.3,20.2,nan,nan,nan,nan,0.03,1.20,0.30,351.00,nan
23-May-24 2:00:00 AM AEST,21.5,nan,20.3,nan,nan,nan,nan,0.07,nan,0.70,350.50,nan
23-May-24 2:01:00 AM AEST,nan,92.5,20.2,nan,nan,nan,nan,0.01,nan,0.10,352.90,nan
23-May-24 2:02:00 AM AEST,nan,92.3,nan,nan,nan,nan,nan,0.00,0.00,0.00,0.00,nan
23-May-24 2:03:00 AM AEST,nan,92.5,nan,nan,nan,nan,nan,0.02,1.20,0.20,350.70,nan
23-May-24 2:04:00 AM AEST,21.4,nan,nan,nan,nan,nan,nan,0.22,3.50,2.20,350.40,nan
23-May-24 2:05:00 AM AEST,nan,nan,nan,nan,nan,nan,nan,0.18,nan,1.80,nan,nan
23-May-24 2:06:00 AM AEST,nan,92.7,20.1,nan,nan,nan,nan,0.00,0.00,0.00,0.00,nan
23-May-24 2:07:00 AM AEST,nan,nan,20.2,nan,nan,nan,nan,0.08,2.40,0.80,350.40,nan
23-May-24 2:08:00 AM AEST,nan,92.8,20.1,nan,nan,nan,nan,0.11,nan,1.10,nan,nan
23-May-24 2:09:00 AM AEST,21.3,nan,20.2,nan,nan,nan,nan,0.10,nan,1.00,350.60,nan
23-May-24 2:10:00 AM AEST,nan,nan,20.1,nan,nan,nan,nan,0.08,1.20,0.80,350.70,nan
23-May-24 2:11:00 AM AEST,nan,93.0,nan,nan,nan,nan,nan,0.05,nan,0.50,350.30,nan
23-May-24 2:12:00 AM AEST,nan,nan,20.2,nan,nan,nan,nan,0.01,nan,0.10,349.40,nan
23-May-24 2:13:00 AM AEST,nan,93.2,20.1,nan,nan,nan,356.60,0.32,4.70,3.20,356.70,nan
23-May-24 2:14:00 AM AEST,21.4,nan,20.2,nan,nan,nan,345.30,0.24,3.50,2.10,342.20,nan
23-May-24 2:15:00 AM AEST,nan,nan,nan,nan,nan,nan,282.50,0.12,2.40,1.20,282.40,nan
23-May-24 2:16:00 AM AEST,nan,93.3,nan,nan,nan,nan,nan,0.02,1.20,0.20,281.80,nan
23-May-24 2:17:00 AM AEST,nan,93.2,20.3,nan,nan,nan,257.00,0.35,4.70,3.40,255.50,nan
23-May-24 2:18:00 AM AEST,21.3,nan,20.2,nan,nan,nan,243.30,0.24,3.50,2.40,243.30,nan
23-May-24 2:19:00 AM AEST,nan,nan,nan,nan,nan,nan,nan,nan,nan,2.50,243.40,nan
23-May-24 2:20:00 AM AEST,nan,nan,20.1,nan,nan,nan,nan,0.25,nan,2.10,nan,nan
23-May-24 2:20:00 AM AEST,nan,nan,20.1,nan,nan,nan,nan,0.21,nan,2.10,nan,nan
23-May-24 2:21:00 AM AEST,nan,nan,20.2,nan,nan,nan,nan,0.05,2.40,0.50,243.00,nan
23-May-24 2:22:00 AM AEST,nan,nan,20.1,nan,nan,nan,243.40,0.00,0.00,0.00,0.00,nan
23-May-24 2:23:00 AM AEST,nan,93.3,nan,nan,nan,nan,243.30,0.05,2.40,0.50,243.30,0.80
23-May-24 2:24:00 AM AEST,21.2,93.5,nan,nan,nan,nan,nan,0.11,nan,1.10,nan,0.00
23-May-24 2:25:00 AM AEST,nan,93.3,nan,nan,nan,nan,nan,0.20,3.50,2.00,nan,nan
23-May-24 2:26:00 AM AEST,nan,93.5,nan,nan,nan,nan,nan,0.17,2.40,1.70,243.40,nan
23-May-24 2:27:00 AM AEST,nan,nan,nan,nan,nan,nan,225.60,0.41,4.70,4.00,224.70,nan
23-May-24 2:28:00 AM AEST,nan,nan,nan,nan,nan,nan,213.10,0.19,3.50,1.90,213.10,nan
23-May-24 2:29:00 AM AEST,nan,93.7,nan,nan,nan,nan,nan,0.01,1.20,0.10,214.70,nan
23-May-24 2:30:00 AM AEST,nan,nan,nan,nan,nan,nan,nan,nan,nan,nan,209.70,nan
23-May-24 2:31:00 AM AEST,21.1,nan,nan,nan,nan,nan,nan,0.10,2.40,1.00,213.20,nan
23-May-24 2:32:00 AM AEST,nan,93.8,nan,nan,nan,nan,nan,0.02,1.20,0.20,nan,nan
23-May-24 2:33:00 AM AEST,nan,nan,nan,nan,nan,nan,nan,0.10,2.40,1.00,213.00,nan
23-May-24 2:34:00 AM AEST,nan,nan,nan,nan,nan,nan,nan,nan,1.20,0.30,213.10,nan
23-May-24 2:35:00 AM AEST,nan,93.7,20.0,nan,nan,nan,nan,0.03,nan,0.50,213.30,nan
23-May-24 2:35:00 AM AEST,nan,93.7,20.0,nan,nan,nan,nan,0.05,nan,0.50,213.30,nan
23-May-24 2:36:00 AM AEST,nan,nan,nan,nan,nan,nan,nan,0.11,2.40,1.10,213.00,nan
23-May-24 2:37:00 AM AEST,21.0,93.8,nan,nan,nan,nan,nan,0.21,3.50,2.10,213.10,nan
23-May-24 2:38:00 AM AEST,nan,93.7,nan,nan,nan,nan,213.40,0.24,nan,2.40,213.40,nan
23-May-24 2:39:00 AM AEST,nan,93.8,nan,nan,nan,nan,214.90,0.15,nan,1.50,214.90,nan
23-May-24 2:40:00 AM AEST,21.1,nan,nan,nan,nan,nan,nan,0.20,nan,2.00,214.80,nan
23-May-24 2:41:00 AM AEST,nan,94.0,20.1,nan,nan,nan,nan,0.13,nan,1.30,nan,nan
23-May-24 2:42:00 AM AEST,nan,93.8,nan,nan,nan,nan,nan,0.04,1.20,0.40,214.30,nan
23-May-24 2:43:00 AM AEST,nan,94.2,nan,nan,nan,nan,nan,nan,2.40,nan,214.80,nan
23-May-24 2:44:00 AM AEST,nan,94.0,nan,nan,nan,nan,214.80,0.27,3.50,2.70,nan,nan
23-May-24 2:45:00 AM AEST,21.2,nan,nan,nan,nan,nan,214.30,0.28,nan,2.80,214.20,nan
23-May-24 2:46:00 AM AEST,nan,94.2,20.2,nan,nan,nan,214.20,0.09,nan,0.90,nan,nan
23-May-24 2:47:00 AM AEST,21.3,nan,nan,nan,nan,nan,214.10,0.01,1.20,0.10,214.70,nan
23-May-24 2:48:00 AM AEST,nan,nan,20.3,nan,nan,nan,226.10,nan,4.70,1.70,239.10,nan
23-May-24 2:49:00 AM AEST,nan,94.0,nan,nan,nan,nan,250.10,0.18,3.50,2.90,250.10,nan
23-May-24 2:49:00 AM AEST,nan,94.0,nan,nan,nan,nan,250.10,0.29,3.50,2.90,250.10,nan
23-May-24 2:50:00 AM AEST,nan,94.2,nan,nan,nan,nan,nan,0.18,nan,1.80,nan,nan
23-May-24 2:51:00 AM AEST,nan,94.0,nan,nan,nan,nan,nan,0.02,2.40,0.20,249.60,nan
23-May-24 2:52:00 AM AEST,nan,nan,nan,nan,nan,nan,250.00,0.11,nan,1.10,250.00,nan
23-May-24 2:53:00 AM AEST,nan,93.8,nan,nan,nan,nan,250.10,0.14,nan,1.40,250.10,nan
23-May-24 2:54:00 AM AEST,nan,nan,20.2,nan,nan,nan,250.00,0.19,3.50,1.90,250.00,nan
23-May-24 2:55:00 AM AEST,nan,nan,nan,nan,nan,nan,250.10,0.08,2.40,0.80,250.20,nan
23-May-24 2:56:00 AM AEST,nan,nan,nan,nan,nan,nan,249.90,0.00,0.00,0.00,0.00,nan
23-May-24 2:57:00 AM AEST,21.2,93.7,nan,nan,nan,nan,250.00,0.01,1.20,0.10,250.50,nan
23-May-24 2:58:00 AM AEST,nan,93.8,nan,nan,nan,nan,nan,0.12,2.40,1.20,250.10,nan
23-May-24 2:59:00 AM AEST,nan,nan,nan,nan,nan,nan,nan,0.24,4.70,2.40,nan,0.80
23-May-24 3:00:00 AM AEST,21.1,nan,20.1,nan,nan,nan,249.90,0.27,3.50,2.70,249.90,0.00
23-May-24 3:01:00 AM AEST,nan,94.0,nan,nan,nan,nan,250.10,0.05,1.20,0.50,250.10,nan
23-May-24 3:02:00 AM AEST,nan,nan,nan,nan,nan,nan,nan,0.03,nan,0.30,250.20,nan
23-May-24 3:04:00 AM AEST,nan,93.8,nan,nan,nan,nan,249.90,0.09,2.40,0.90,250.00,nan
23-May-24 3:04:00 AM AEST,nan,94.0,nan,nan,nan,nan,250.00,0.12,2.40,1.20,250.10,nan
23-May-24 3:05:00 AM AEST,nan,nan,nan,nan,nan,nan,nan,0.02,1.20,0.20,249.70,nan
23-May-24 3:06:00 AM AEST,nan,nan,nan,nan,nan,nan,nan,0.00,0.00,0.00,0.00,nan
23-May-24 3:08:00 AM AEST,nan,94.2,nan,nan,nan,nan,nan,nan,nan,nan,nan,nan
23-May-24 3:09:00 AM AEST,nan,94.0,nan,nan,nan,nan,nan,nan,nan,nan,nan,nan
23-May-24 3:10:00 AM AEST,21.0,94.2,nan,nan,nan,nan,249.90,0.11,3.50,1.10,250.00,nan
23-May-24 3:11:00 AM AEST,nan,94.3,nan,nan,nan,nan,249.80,0.32,4.70,3.20,249.70,nan
23-May-24 3:12:00 AM AEST,nan,94.2,nan,nan,nan,nan,209.50,0.46,7.10,4.30,207.90,nan
23-May-24 3:13:00 AM AEST,nan,94.3,20.0,nan,nan,nan,169.30,0.44,nan,4.40,169.30,nan
23-May-24 3:14:00 AM AEST,nan,nan,20.1,nan,nan,nan,169.40,0.21,4.70,2.10,169.50,nan
23-May-24 3:15:00 AM AEST,nan,nan,nan,nan,nan,nan,nan,0.07,2.40,0.60,169.60,nan
23-May-24 3:16:00 AM AEST,nan,94.5,20.0,nan,nan,nan,nan,0.05,nan,0.50,nan,nan
23-May-24 3:17:00 AM AEST,nan,nan,20.1,nan,nan,nan,nan,0.01,1.20,0.10,169.40,nan
23-May-24 3:19:00 AM AEST,nan,94.7,nan,nan,nan,nan,nan,0.19,3.50,2.00,nan,nan
23-May-24 3:20:00 AM AEST,21.1,94.5,nan,nan,nan,nan,nan,0.21,nan,2.10,nan,nan
23-May-24 3:21:00 AM AEST,nan,94.7,nan,nan,nan,nan,nan,0.03,1.20,0.30,169.50,nan
23-May-24 3:21:04 AM AEST,21.0,nan,nan,nan,nan,nan,nan,nan,nan,nan,nan,nan
23-May-24 3:22:00 AM AEST,nan,94.5,nan,nan,nan,nan,nan,0.00,0.00,0.00,0.00,nan
23-May-24 3:22:08 AM AEST,21.1,nan,nan,nan,nan,nan,nan,nan,nan,nan,nan,nan
23-May-24 3:23:00 AM AEST,nan,94.7,nan,nan,nan,nan,nan,nan,nan,nan,nan,nan
23-May-24 3:23:12 AM AEST,21.0,nan,nan,nan,nan,nan,nan,nan,nan,nan,nan,nan
23-May-24 3:24:00 AM AEST,nan,nan,nan,nan,nan,nan,nan,0.09,2.40,0.90,169.40,nan
23-May-24 3:24:16 AM AEST,21.1,nan,nan,nan,nan,nan,nan,nan,nan,nan,nan,nan
23-May-24 3:25:00 AM AEST,nan,94.8,20.2,nan,nan,nan,nan,0.05,nan,0.50,170.00,nan
23-May-24 3:26:00 AM AEST,nan,94.7,nan,nan,nan,nan,nan,0.22,3.50,2.20,169.50,nan
23-May-24 3:27:00 AM AEST,nan,nan,nan,nan,nan,nan,184.30,0.36,5.90,0.50,291.10,nan
23-May-24 3:28:00 AM AEST,nan,94.8,nan,nan,nan,nan,48.20,0.25,3.50,2.50,48.20,nan
23-May-24 3:29:00 AM AEST,21.2,nan,20.3,nan,nan,nan,nan,0.08,nan,0.80,48.50,nan
23-May-24 3:30:00 AM AEST,nan,nan,nan,nan,nan,nan,nan,0.00,0.00,0.00,0.00,nan
23-May-24 3:31:00 AM AEST,nan,nan,nan,nan,nan,nan,51.50,0.17,nan,nan,nan,nan
23-May-24 3:32:00 AM AEST,21.3,94.7,nan,nan,nan,nan,62.80,0.21,4.70,1.70,55.90,nan
23-May-24 3:33:00 AM AEST,nan,94.8,20.4,nan,nan,nan,61.50,0.24,3.50,2.10,62.80,nan
23-May-24 3:33:00 AM AEST,nan,94.8,20.4,nan,nan,nan,61.50,0.24,4.70,2.40,60.40,nan
23-May-24 3:34:00 AM AEST,nan,nan,nan,nan,nan,nan,273.40,0.28,5.90,2.70,271.90,nan
23-May-24 3:35:00 AM AEST,nan,94.7,20.5,nan,nan,nan,275.40,0.15,3.50,1.50,275.20,nan
23-May-24 3:36:00 AM AEST,nan,94.5,20.4,nan,nan,nan,267.60,0.33,5.90,3.30,267.20,nan
23-May-24 3:37:00 AM AEST,21.4,94.7,nan,nan,nan,nan,267.30,0.07,2.40,0.70,nan,0.80
23-May-24 3:38:00 AM AEST,nan,nan,20.5,nan,nan,nan,nan,0.01,1.20,0.10,268.30,0.00
23-May-24 3:39:00 AM AEST,nan,94.5,nan,nan,nan,nan,284.40,0.44,7.10,3.70,292.70,nan
23-May-24 3:40:00 AM AEST,21.5,nan,nan,nan,nan,nan,349.10,0.50,nan,nan,344.50,nan
23-May-24 3:41:00 AM AEST,nan,nan,nan,nan,nan,nan,345.30,0.44,nan,4.10,343.60,nan
23-May-24 3:42:00 AM AEST,21.6,94.3,20.6,nan,nan,nan,324.90,0.18,3.50,1.80,324.90,nan
23-May-24 3:43:00 AM AEST,nan,94.2,nan,nan,nan,nan,324.80,0.10,2.40,1.00,325.00,nan
23-May-24 3:44:00 AM AEST,nan,nan,nan,nan,nan,nan,324.90,0.04,nan,0.40,324.80,nan
23-May-24 3:45:00 AM AEST,nan,94.0,nan,nan,nan,nan,356.00,0.25,3.50,2.50,356.10,nan
23-May-24 3:46:00 AM AEST,nan,93.8,nan,nan,nan,nan,335.90,0.22,nan,2.20,336.70,nan
23-May-24 3:47:00 AM AEST,nan,nan,nan,nan,nan,nan,332.60,0.25,4.70,2.50,332.50,nan
23-May-24 3:48:00 AM AEST,nan,93.7,nan,nan,nan,nan,nan,0.11,2.40,1.10,332.70,nan
23-May-24 3:49:00 AM AEST,nan,nan,20.5,nan,nan,nan,nan,0.24,3.50,2.40,332.50,nan
23-May-24 3:50:00 AM AEST,nan,nan,nan,nan,nan,nan,nan,0.09,nan,0.90,332.70,nan
23-May-24 3:51:00 AM AEST,nan,nan,20.6,nan,nan,nan,nan,0.10,nan,1.00,332.80,nan
23-May-24 3:52:00 AM AEST,nan,93.5,20.5,nan,nan,nan,nan,0.04,1.20,0.40,332.90,nan
23-May-24 3:53:00 AM AEST,21.5,93.7,nan,nan,nan,nan,nan,0.02,2.40,0.20,333.40,nan
23-May-24 3:54:00 AM AEST,nan,93.5,nan,nan,nan,nan,81.80,0.37,4.70,2.60,80.60,nan
23-May-24 3:54:04 AM AEST,21.6,nan,nan,nan,nan,nan,nan,nan,nan,nan,nan,nan
23-May-24 3:55:00 AM AEST,nan,93.7,nan,nan,nan,nan,112.00,0.30,nan,3.00,112.00,nan
23-May-24 3:56:00 AM AEST,nan,93.5,nan,nan,nan,nan,nan,0.27,3.50,2.70,nan,nan
23-May-24 3:57:00 AM AEST,nan,nan,nan,nan,nan,nan,112.10,0.09,2.40,0.90,112.10,nan
23-May-24 3:58:00 AM AEST,nan,nan,nan,nan,nan,nan,112.00,0.21,3.50,2.10,112.00,nan
23-May-24 3:59:00 AM AEST,nan,nan,nan,nan,nan,nan,121.90,0.13,5.90,0.50,204.70,nan
23-May-24 4:00:00 AM AEST,nan,nan,nan,nan,nan,nan,281.90,0.30,nan,3.00,281.80,nan
23-May-24 4:01:00 AM AEST,nan,nan,nan,nan,nan,nan,nan,0.09,nan,nan,nan,nan
23-May-24 4:02:00 AM AEST,nan,nan,nan,nan,nan,nan,281.80,0.00,3.50,0.90,0.00,nan
23-May-24 4:02:00 AM AEST,nan,nan,nan,nan,nan,nan,281.80,0.00,0.00,0.00,0.00,nan
23-May-24 4:03:00 AM AEST,21.5,nan,nan,nan,nan,nan,nan,nan,nan,nan,nan,nan
23-May-24 4:04:00 AM AEST,nan,nan,20.4,nan,nan,nan,281.90,nan,nan,nan,nan,nan
23-May-24 4:04:04 AM AEST,21.6,nan,nan,nan,nan,nan,nan,nan,nan,nan,nan,nan
23-May-24 4:05:00 AM AEST,nan,nan,20.5,nan,nan,nan,281.80,nan,nan,nan,nan,nan
23-May-24 4:05:08 AM AEST,21.5,nan,nan,nan,nan,nan,nan,nan,nan,nan,nan,nan
23-May-24 4:06:00 AM AEST,nan,93.7,20.4,nan,nan,nan,nan,nan,nan,nan,nan,nan
23-May-24 4:07:00 AM AEST,nan,93.5,20.5,nan,nan,nan,nan,nan,nan,nan,nan,nan
23-May-24 4:08:00 AM AEST,nan,nan,20.4,nan,nan,nan,nan,nan,nan,nan,nan,nan
23-May-24 4:09:00 AM AEST,nan,93.7,nan,nan,nan,nan,281.90,nan,nan,nan,nan,nan
23-May-24 4:10:00 AM AEST,nan,93.5,nan,nan,nan,nan,nan,0.02,2.40,0.20,281.30,nan
23-May-24 4:11:00 AM AEST,nan,93.7,nan,nan,nan,nan,286.10,0.21,3.50,2.10,289.00,nan
23-May-24 4:12:00 AM AEST,nan,93.5,nan,nan,nan,nan,335.60,0.28,5.90,2.30,352.00,nan
23-May-24 4:13:00 AM AEST,nan,93.7,nan,nan,nan,nan,347.70,0.31,nan,3.00,351.80,0.80
23-May-24 4:14:00 AM AEST,nan,93.5,20.5,nan,nan,nan,342.30,0.01,1.20,0.10,342.10,0.00
23-May-24 4:15:00 AM AEST,nan,nan,20.4,nan,nan,nan,nan,nan,4.70,2.90,8.60,nan
23-May-24 4:16:00 AM AEST,21.6,93.7,20.5,nan,nan,nan,6.40,0.30,2.40,0.70,11.60,nan
23-May-24 4:16:00 AM AEST,21.6,93.7,20.5,nan,nan,nan,11.50,0.07,2.40,0.70,11.60,nan
23-May-24 4:17:00 AM AEST,nan,93.5,nan,nan,nan,nan,nan,0.06,nan,0.60,11.10,nan
23-May-24 4:18:00 AM AEST,nan,93.7,nan,nan,nan,nan,nan,0.17,3.50,1.70,11.40,nan
23-May-24 4:19:00 AM AEST,nan,93.5,nan,nan,nan,nan,nan,0.11,2.40,1.10,nan,nan
23-May-24 4:20:00 AM AEST,nan,nan,nan,nan,nan,nan,nan,0.18,3.50,1.80,nan,nan
23-May-24 4:21:00 AM AEST,nan,93.7,nan,nan,nan,nan,nan,0.08,2.40,0.80,nan,nan
23-May-24 4:22:00 AM AEST,nan,93.5,nan,nan,nan,nan,nan,0.17,nan,1.70,nan,nan
23-May-24 4:23:00 AM AEST,nan,nan,nan,nan,nan,nan,nan,0.31,4.70,3.10,11.50,nan
23-May-24 4:24:00 AM AEST,nan,93.3,nan,nan,nan,nan,6.00,0.34,5.90,3.30,3.70,nan
23-May-24 4:25:00 AM AEST,nan,93.5,nan,nan,nan,nan,350.90,0.25,4.70,2.50,351.20,nan
23-May-24 4:26:00 AM AEST,nan,93.3,nan,nan,nan,nan,352.50,0.08,3.50,0.80,352.60,nan
23-May-24 4:27:00 AM AEST,nan,nan,nan,nan,nan,nan,nan,0.00,1.20,0.00,0.00,nan
23-May-24 4:28:00 AM AEST,nan,nan,nan,nan,nan,nan,nan,0.14,2.40,1.40,352.50,nan
23-May-24 4:29:00 AM AEST,nan,nan,nan,nan,nan,nan,344.10,0.41,7.10,4.10,345.20,nan
23-May-24 4:30:00 AM AEST,nan,nan,nan,nan,nan,nan,nan,nan,nan,2.10,337.10,nan
23-May-24 4:31:00 AM AEST,21.7,93.2,nan,nan,nan,nan,337.10,0.21,3.50,1.40,338.40,nan
23-May-24 4:31:00 AM AEST,21.7,93.2,nan,nan,nan,nan,338.60,0.14,2.40,1.40,338.40,nan
23-May-24 4:32:00 AM AEST,nan,93.3,nan,nan,nan,nan,339.50,0.08,nan,0.80,339.60,nan
23-May-24 4:33:00 AM AEST,nan,93.2,nan,nan,nan,nan,nan,0.17,nan,1.70,nan,nan
23-May-24 4:34:00 AM AEST,nan,nan,nan,nan,nan,nan,nan,0.12,3.50,1.20,339.70,nan
23-May-24 4:35:00 AM AEST,nan,nan,nan,nan,nan,nan,339.60,0.15,nan,1.50,nan,nan
23-May-24 4:36:00 AM AEST,nan,93.0,nan,nan,nan,nan,13.00,0.36,4.70,3.50,14.80,nan
23-May-24 4:37:00 AM AEST,nan,nan,nan,nan,nan,nan,21.00,0.06,2.40,0.60,20.80,nan
23-May-24 4:38:00 AM AEST,nan,nan,nan,nan,nan,nan,nan,0.18,3.50,1.80,21.10,nan
23-May-24 4:39:00 AM AEST,nan,nan,nan,nan,nan,nan,21.10,0.03,1.20,0.30,20.60,nan
23-May-24 4:40:00 AM AEST,nan,nan,nan,nan,nan,nan,15.00,0.16,4.70,1.20,7.40,nan
23-May-24 4:41:00 AM AEST,nan,92.8,nan,nan,nan,nan,32.90,0.26,3.50,2.00,31.20,nan
23-May-24 4:42:00 AM AEST,nan,nan,nan,nan,nan,nan,31.10,0.28,nan,2.80,30.50,nan
23-May-24 4:43:00 AM AEST,nan,93.0,nan,nan,nan,nan,25.70,0.19,nan,1.90,25.70,nan
23-May-24 4:44:00 AM AEST,nan,92.8,nan,nan,nan,nan,25.60,0.17,nan,nan,nan,nan
23-May-24 4:45:00 AM AEST,nan,93.0,nan,nan,nan,nan,nan,0.12,nan,1.20,25.60,nan
23-May-24 4:46:00 AM AEST,nan,nan,nan,nan,nan,nan,25.70,0.18,nan,1.80,25.70,nan
23-May-24 4:47:00 AM AEST,nan,nan,nan,nan,nan,nan,25.60,0.26,nan,2.60,nan,nan
23-May-24 4:48:00 AM AEST,21.6,nan,nan,nan,nan,nan,nan,0.22,nan,2.20,nan,nan
23-May-24 4:49:00 AM AEST,nan,nan,20.4,nan,nan,nan,nan,0.05,2.40,0.50,25.40,nan
23-May-24 4:50:00 AM AEST,nan,93.2,20.5,nan,nan,nan,25.70,0.01,1.20,0.10,26.60,0.80
23-May-24 4:51:00 AM AEST,nan,nan,nan,nan,nan,nan,nan,0.08,2.40,0.80,25.70,0.00
23-May-24 4:52:00 AM AEST,nan,nan,20.4,nan,nan,nan,25.60,0.02,1.20,0.20,25.00,nan
23-May-24 4:53:00 AM AEST,nan,nan,nan,nan,nan,nan,25.70,0.00,0.00,0.00,0.00,nan
23-May-24 4:54:00 AM AEST,nan,nan,20.5,nan,nan,nan,25.60,nan,nan,nan,nan,nan
23-May-24 4:55:00 AM AEST,nan,93.3,20.4,nan,nan,nan,nan,0.12,3.50,1.20,25.50,nan
23-May-24 4:56:00 AM AEST,21.5,93.5,nan,nan,nan,nan,25.70,0.15,nan,1.50,25.80,nan
23-May-24 4:57:00 AM AEST,nan,93.3,nan,nan,nan,nan,64.70,0.19,4.70,nan,119.80,nan
23-May-24 4:57:04 AM AEST,21.6,nan,nan,nan,nan,nan,nan,nan,nan,nan,nan,nan
23-May-24 4:58:00 AM AEST,nan,nan,nan,nan,nan,nan,139.00,0.24,nan,2.40,139.40,nan
23-May-24 4:58:08 AM AEST,21.5,nan,nan,nan,nan,nan,nan,nan,nan,nan,nan,nan
23-May-24 4:59:00 AM AEST,nan,93.5,nan,nan,nan,nan,140.50,0.21,3.50,2.10,140.70,nan
23-May-24 5:00:00 AM AEST,nan,nan,nan,nan,nan,nan,140.70,0.16,2.40,1.60,140.80,nan
23-May-24 5:01:00 AM AEST,nan,93.3,nan,nan,nan,nan,105.90,0.33,4.70,1.70,87.50,nan
23-May-24 5:02:00 AM AEST,nan,93.5,nan,nan,nan,nan,16.50,0.24,3.50,2.40,16.50,nan
23-May-24 5:03:00 AM AEST,nan,93.7,nan,nan,nan,nan,nan,0.25,nan,2.50,nan,nan
23-May-24 5:04:00 AM AEST,nan,93.5,nan,nan,nan,nan,nan,0.03,1.20,0.30,16.20,nan
23-May-24 5:05:00 AM AEST,nan,93.8,nan,0.20,2.40,nan,nan,0.12,2.40,1.20,16.40,nan
23-May-24 5:06:00 AM AEST,nan,93.7,nan,nan,nan,nan,nan,0.03,1.20,0.30,16.20,nan
23-May-24 5:06:44 AM AEST,nan,nan,nan,0.00,nan,nan,nan,nan,nan,nan,nan,nan
23-May-24 5:07:00 AM AEST,21.4,93.8,nan,nan,nan,nan,nan,0.07,2.40,0.70,16.30,nan
23-May-24 5:08:00 AM AEST,nan,93.7,nan,nan,nan,nan,nan,0.13,nan,1.30,16.40,nan
23-May-24 5:09:00 AM AEST,nan,93.8,nan,nan,nan,nan,nan,0.01,1.20,0.10,14.00,nan
23-May-24 5:10:00 AM AEST,nan,nan,nan,nan,nan,nan,16.40,0.02,nan,0.20,16.60,nan
23-May-24 5:11:00 AM AEST,nan,nan,nan,nan,nan,nan,16.60,0.05,nan,0.50,16.40,nan
23-May-24 5:12:00 AM AEST,nan,94.0,nan,nan,nan,nan,16.40,0.16,2.40,1.60,nan,nan
23-May-24 5:13:00 AM AEST,nan,nan,nan,nan,nan,nan,nan,nan,nan,1.20,16.60,nan
23-May-24 5:14:00 AM AEST,nan,94.2,nan,nan,nan,nan,16.60,0.12,1.20,0.80,16.40,nan
23-May-24 5:14:00 AM AEST,nan,94.0,nan,nan,nan,nan,16.40,0.08,1.20,0.80,16.40,nan
23-May-24 5:15:00 AM AEST,nan,94.2,nan,nan,nan,nan,16.50,0.02,nan,0.20,16.80,nan
23-May-24 5:16:00 AM AEST,nan,nan,nan,nan,nan,nan,nan,0.00,0.00,0.00,0.00,nan
23-May-24 5:18:00 AM AEST,nan,nan,20.5,nan,nan,nan,nan,nan,nan,nan,nan,nan
23-May-24 5:19:00 AM AEST,nan,94.3,nan,nan,nan,nan,nan,nan,nan,nan,nan,nan
23-May-24 5:20:00 AM AEST,nan,94.2,nan,nan,nan,nan,16.40,nan,nan,nan,nan,nan
23-May-24 5:21:00 AM AEST,nan,94.3,nan,0.20,nan,nan,16.50,nan,nan,nan,nan,nan
23-May-24 5:21:53 AM AEST,nan,nan,nan,nan,2.60,nan,nan,nan,nan,nan,nan,nan
23-May-24 5:22:00 AM AEST,nan,nan,nan,nan,nan,nan,16.60,nan,nan,nan,nan,nan
23-May-24 5:22:44 AM AEST,nan,nan,nan,0.00,nan,nan,nan,nan,nan,nan,nan,nan
23-May-24 5:23:00 AM AEST,nan,nan,20.4,nan,nan,nan,16.50,0.05,1.20,0.50,16.70,nan
23-May-24 5:24:00 AM AEST,nan,94.5,20.5,nan,nan,nan,nan,0.02,nan,0.20,16.60,nan
23-May-24 5:25:00 AM AEST,nan,94.3,nan,nan,nan,nan,nan,nan,nan,nan,nan,nan
23-May-24 5:26:00 AM AEST,nan,94.5,nan,nan,nan,nan,nan,0.19,3.50,1.90,16.50,0.80
23-May-24 5:27:00 AM AEST,nan,nan,nan,nan,nan,nan,16.40,0.30,nan,3.00,nan,0.00
23-May-24 5:28:00 AM AEST,nan,nan,nan,nan,nan,nan,nan,0.12,2.40,1.20,16.30,nan
23-May-24 5:29:00 AM AEST,nan,94.7,nan,nan,nan,nan,16.50,0.02,1.20,0.20,16.60,nan
23-May-24 5:30:00 AM AEST,nan,nan,nan,nan,nan,nan,nan,0.01,nan,0.10,15.70,nan
23-May-24 5:31:00 AM AEST,nan,nan,nan,nan,nan,nan,nan,0.00,0.00,0.00,0.00,nan
23-May-24 5:32:00 AM AEST,nan,94.8,nan,nan,nan,nan,16.40,nan,nan,nan,nan,nan
23-May-24 5:33:00 AM AEST,21.3,94.7,nan,nan,nan,nan,16.60,nan,nan,nan,nan,nan
23-May-24 5:34:00 AM AEST,nan,94.8,20.4,nan,nan,nan,16.40,nan,nan,nan,nan,nan
23-May-24 5:34:04 AM AEST,21.4,nan,nan,nan,nan,nan,nan,nan,nan,nan,nan,nan
23-May-24 5:35:00 AM AEST,nan,nan,20.5,nan,nan,nan,16.60,0.07,2.40,0.70,16.60,nan
23-May-24 5:36:00 AM AEST,nan,nan,nan,0.20,2.80,nan,16.50,0.11,nan,1.10,16.50,nan
23-May-24 5:37:00 AM AEST,21.3,nan,nan,nan,nan,nan,nan,0.07,1.20,0.70,16.30,nan
23-May-24 5:37:44 AM AEST,nan,nan,nan,0.00,nan,nan,nan,nan,nan,nan,nan,nan
23-May-24 5:38:00 AM AEST,nan,nan,nan,nan,nan,nan,16.60,0.01,nan,0.10,14.90,nan
23-May-24 5:39:00 AM AEST,nan,95.0,nan,nan,nan,nan,16.50,0.04,nan,0.40,15.70,nan
23-May-24 5:40:00 AM AEST,nan,94.8,nan,nan,nan,nan,nan,0.00,0.00,0.00,0.00,nan
23-May-24 5:42:00 AM AEST,nan,nan,nan,nan,nan,nan,nan,nan,2.40,0.80,16.40,nan
23-May-24 5:43:00 AM AEST,nan,95.0,nan,nan,nan,nan,nan,0.08,nan,2.20,16.50,nan
23-May-24 5:43:00 AM AEST,nan,94.8,nan,nan,nan,nan,nan,0.22,nan,2.20,16.50,nan
23-May-24 5:44:00 AM AEST,nan,95.0,nan,0.20,3.00,nan,nan,0.14,nan,1.40,16.60,nan
23-May-24 5:45:00 AM AEST,nan,94.8,nan,nan,nan,nan,nan,0.07,1.20,0.70,nan,nan
23-May-24 5:45:44 AM AEST,nan,nan,nan,0.00,nan,nan,nan,nan,nan,nan,nan,nan
23-May-24 5:46:00 AM AEST,nan,95.0,nan,nan,nan,nan,nan,0.02,nan,0.20,nan,nan
23-May-24 5:47:00 AM AEST,nan,nan,nan,nan,nan,nan,16.60,0.00,0.00,0.00,0.00,nan
23-May-24 5:48:00 AM AEST,nan,95.2,nan,nan,nan,nan,16.50,nan,nan,nan,nan,nan
23-May-24 5:49:00 AM AEST,nan,95.0,nan,nan,nan,nan,nan,nan,nan,nan,nan,nan
23-May-24 5:50:00 AM AEST,nan,95.2,nan,nan,nan,nan,16.60,nan,nan,nan,nan,nan
23-May-24 5:51:00 AM AEST,nan,95.0,nan,0.20,3.20,nan,16.50,nan,nan,nan,nan,nan
23-May-24 5:52:44 AM AEST,nan,nan,nan,0.00,nan,nan,nan,nan,nan,nan,nan,nan
23-May-24 5:53:00 AM AEST,nan,95.3,nan,nan,nan,nan,nan,nan,nan,nan,nan,nan
23-May-24 5:53:00 AM AEST,nan,95.2,nan,nan,nan,nan,nan,nan,nan,nan,nan,nan
23-May-24 5:55:00 AM AEST,21.4,nan,nan,nan,nan,nan,nan,nan,nan,nan,nan,nan
23-May-24 5:56:00 AM AEST,nan,95.3,20.6,nan,nan,nan,nan,nan,nan,nan,nan,nan
23-May-24 5:56:04 AM AEST,21.3,nan,nan,nan,nan,nan,nan,nan,nan,nan,nan,nan
23-May-24 5:57:00 AM AEST,nan,95.2,nan,nan,nan,nan,nan,nan,nan,nan,nan,nan
23-May-24 5:59:00 AM AEST,nan,95.3,20.5,0.20,3.40,65.53,16.60,nan,nan,nan,nan,nan
23-May-24 5:59:00 AM AEST,nan,95.3,20.6,0.00,3.40,65.53,16.50,nan,nan,nan,nan,nan
23-May-24 5:59:53 AM AEST,nan,nan,nan,nan,0.00,nan,nan,nan,nan,nan,nan,nan
23-May-24 6:00:00 AM AEST,0.0,0.0,0.0,nan,nan,nan,0.00,nan,nan,nan,nan,nan
23-May-24 6:00:24 AM AEST,nan,nan,nan,nan,nan,0.00,nan,nan,nan,nan,nan,nan
23-May-24 6:26:00 AM AEST,nan,nan,20.4,nan,3.60,65.53,nan,nan,3.50,1.50,16.50,nan
23-May-24 6:41:00 AM AEST,21.1,nan,20.3,nan,nan,nan,nan,nan,1.20,0.10,14.00,0.80
23-May-24 6:46:00 AM AEST,nan,95.5,nan,nan,nan,nan,16.50,nan,nan,nan,nan,nan
23-May-24 7:31:00 AM AEST,nan,nan,nan,nan,0.00,0.14,nan,nan,nan,20.90,0.00,nan
23-May-24 7:36:00 AM AEST,1.9,4.3,nan,329.40,nan,nan,8.10,2.09,20.80,nan,nan,49.00
