timestamp,Air Temperature (V),Relative Humidity (mA),Dew Point (°C),Rainfall,Rainfall Since 9am,Last Hours Evaporation,Wind Direction,Current Wind Speed,Peak Wind Gust,Vector Wind Speed,Vector Wind Direction,Solar Radiation
12-Aug-24 3:00:00 PM AEST,28.4,58.0,19.3,nan,nan,0.42,358.30,0.70,9.50,6.30,358.20,515.80
12-Aug-24 3:00:00 PM AEST,28.0,58.0,19.3,nan,nan,0.42,316.00,0.98,9.50,6.30,358.20,539.90
12-Aug-24 3:05:19 PM AEST,nan,nan,nan,nan,0.00,nan,nan,nan,nan,nan,nan,nan
12-Aug-24 3:05:19 PM AEST,nan,nan,nan,nan,0.00,nan,nan,nan,nan,nan,nan,nan
12-Aug-24 3:05:19 PM AEST,nan,nan,nan,nan,0.00,nan,nan,nan,nan,nan,nan,nan
12-Aug-24 3:12:27 PM AEST,nan,nan,nan,nan,nan,nan,nan,nan,16.60,nan,nan,nan
12-Aug-24 3:12:29 PM AEST,nan,nan,nan,nan,nan,nan,nan,nan,nan,nan,314.00,nan
12-Aug-24 3:14:55 PM AEST,nan,nan,nan,nan,nan,nan,nan,nan,nan,8.40,nan,nan
12-Aug-24 3:14:57 PM AEST,nan,nan,19.2,nan,nan,nan,nan,nan,nan,nan,nan,nan
12-Aug-24 5:15:11 PM AEST,nan,nan,nan,nan,nan,0.06,nan,nan,nan,nan,nan,nan
12-Aug-24 5:15:11 PM AEST,nan,nan,nan,nan,nan,0.02,nan,nan,nan,nan,nan,nan
12-Aug-24 6:39:00 PM AEST,nan,nan,nan,nan,nan,nan,nan,0.47,nan,nan,nan,nan
12-Aug-24 6:39:00 PM AEST,nan,nan,nan,nan,nan,nan,nan,0.36,nan,nan,nan,nan
12-Aug-24 6:39:00 PM AEST,nan,nan,nan,nan,nan,nan,nan,0.38,nan,nan,nan,nan
12-Aug-24 6:42:00 PM AEST,nan,nan,17.0,nan,nan,nan,nan,nan,nan,4.40,nan,nan
12-Aug-24 6:48:00 PM AEST,21.6,75.2,nan,nan,nan,nan,353.20,nan,7.10,nan,356.10,nan
12-Aug-24 6:48:00 PM AEST,21.4,76.0,nan,nan,nan,nan,329.30,nan,2.40,nan,291.40,nan
12-Aug-24 6:54:00 PM AEST,nan,nan,nan,nan,nan,nan,nan,nan,nan,nan,nan,0.00
12-Aug-24 6:56:55 PM AEST,nan,nan,nan,nan,nan,nan,nan,nan,nan,1.70,nan,nan
12-Aug-24 6:56:55 PM AEST,nan,nan,nan,nan,nan,nan,nan,nan,nan,3.50,nan,nan
12-Aug-24 6:56:55 PM AEST,nan,nan,nan,nan,nan,nan,nan,nan,nan,3.80,nan,nan
12-Aug-24 6:56:57 PM AEST,nan,nan,16.9,nan,nan,nan,nan,nan,nan,nan,nan,nan
12-Aug-24 6:56:57 PM AEST,nan,nan,17.0,nan,nan,nan,nan,nan,nan,nan,nan,nan
12-Aug-24 7:00:27 PM AEST,nan,nan,nan,nan,nan,nan,nan,nan,4.70,nan,nan,nan
12-Aug-24 7:00:27 PM AEST,nan,nan,nan,nan,nan,nan,nan,nan,7.10,nan,nan,nan
12-Aug-24 7:00:29 PM AEST,nan,nan,nan,nan,nan,nan,nan,nan,nan,nan,329.20,nan
12-Aug-24 7:00:29 PM AEST,nan,nan,nan,nan,nan,nan,nan,nan,nan,nan,346.30,nan
12-Aug-24 7:12:55 PM AEST,21.3,76.3,nan,nan,nan,nan,345.30,nan,nan,nan,nan,nan
12-Aug-24 7:30:22 PM AEST,nan,nan,nan,nan,nan,0.01,nan,nan,nan,nan,nan,nan
12-Aug-24 8:00:00 PM AEST,20.6,79.0,nan,nan,nan,nan,5.10,0.44,nan,nan,nan,nan
12-Aug-24 8:12:00 PM AEST,nan,nan,nan,nan,nan,nan,nan,nan,nan,nan,7.10,nan
12-Aug-24 8:14:00 PM AEST,nan,nan,16.9,nan,nan,nan,nan,nan,nan,3.40,nan,nan
12-Aug-24 9:45:33 PM AEST,nan,nan,nan,nan,nan,65.53,nan,nan,nan,nan,nan,nan
12-Aug-24 11:00:00 PM AEST,nan,nan,nan,nan,nan,nan,nan,0.00,nan,nan,nan,nan
12-Aug-24 11:24:00 PM AEST,17.2,91.5,nan,nan,nan,nan,329.30,nan,0.00,nan,0.00,nan
12-Aug-24 11:28:00 PM AEST,nan,nan,15.9,nan,nan,nan,nan,nan,nan,0.00,nan,nan
13-Aug-24 1:24:00 AM AEST,17.0,94.5,nan,nan,nan,nan,329.40,nan,nan,nan,nan,nan
13-Aug-24 1:28:00 AM AEST,nan,nan,16.1,nan,nan,nan,nan,nan,nan,nan,nan,nan
13-Aug-24 3:24:00 AM AEST,16.1,94.7,nan,nan,nan,nan,352.80,nan,nan,nan,nan,nan
13-Aug-24 3:36:00 AM AEST,nan,nan,nan,nan,nan,nan,nan,nan,1.20,nan,353.10,nan
13-Aug-24 3:39:00 AM AEST,nan,nan,nan,nan,nan,nan,nan,0.04,nan,nan,nan,nan
13-Aug-24 3:39:00 AM AEST,nan,nan,nan,nan,nan,nan,nan,0.00,nan,nan,nan,nan
13-Aug-24 3:39:00 AM AEST,nan,nan,nan,nan,nan,nan,nan,0.01,nan,nan,nan,nan
13-Aug-24 3:42:00 AM AEST,nan,nan,15.3,nan,nan,nan,nan,nan,nan,0.40,nan,nan
13-Aug-24 3:42:00 AM AEST,nan,nan,15.3,nan,nan,nan,nan,nan,nan,0.00,nan,nan
13-Aug-24 3:48:27 AM AEST,nan,nan,nan,nan,nan,nan,nan,nan,0.00,nan,nan,nan
13-Aug-24 3:48:27 AM AEST,nan,nan,nan,nan,nan,nan,nan,nan,1.20,nan,nan,nan
13-Aug-24 3:48:29 AM AEST,nan,nan,nan,nan,nan,nan,nan,nan,nan,nan,0.00,nan
13-Aug-24 3:48:29 AM AEST,nan,nan,nan,nan,nan,nan,nan,nan,nan,nan,354.80,nan
13-Aug-24 3:48:55 AM AEST,16.0,nan,nan,nan,nan,nan,nan,nan,nan,nan,nan,nan
13-Aug-24 3:56:55 AM AEST,nan,nan,nan,nan,nan,nan,nan,nan,nan,0.10,nan,nan
13-Aug-24 3:56:57 AM AEST,nan,nan,15.2,nan,nan,nan,nan,nan,nan,nan,nan,nan
13-Aug-24 5:39:00 AM AEST,nan,nan,nan,nan,nan,nan,nan,0.00,nan,nan,nan,nan
13-Aug-24 5:42:00 AM AEST,nan,nan,15.1,nan,nan,nan,nan,nan,nan,0.00,nan,nan
13-Aug-24 5:42:00 AM AEST,nan,nan,15.1,nan,nan,nan,nan,nan,nan,0.50,nan,nan
13-Aug-24 5:48:00 AM AEST,15.8,95.8,nan,nan,nan,nan,nan,nan,0.00,nan,0.00,nan
13-Aug-24 5:48:00 AM AEST,15.7,96.2,nan,nan,nan,nan,nan,nan,2.40,nan,352.70,nan
13-Aug-24 5:56:55 AM AEST,nan,nan,nan,nan,nan,nan,nan,nan,nan,0.00,nan,nan
13-Aug-24 6:00:27 AM AEST,nan,nan,nan,nan,nan,nan,nan,nan,0.00,nan,nan,nan
13-Aug-24 6:00:29 AM AEST,nan,nan,nan,nan,nan,nan,nan,nan,nan,nan,0.00,nan
13-Aug-24 6:27:00 AM AEST,nan,nan,nan,nan,nan,nan,nan,nan,nan,nan,nan,5.00
13-Aug-24 6:42:00 AM AEST,nan,nan,14.8,nan,nan,nan,nan,nan,nan,nan,nan,nan
13-Aug-24 6:48:00 AM AEST,15.5,96.3,nan,nan,nan,nan,nan,nan,nan,nan,nan,nan
13-Aug-24 9:00:00 AM AEST,nan,nan,18.3,nan,nan,0.18,nan,0.50,1.20,0.20,252.40,nan
13-Aug-24 9:14:55 AM AEST,nan,nan,nan,nan,nan,nan,nan,nan,nan,2.20,nan,nan
13-Aug-24 9:14:57 AM AEST,nan,nan,18.4,nan,nan,nan,nan,nan,nan,nan,nan,nan
13-Aug-24 9:24:00 AM AEST,25.2,64.5,nan,nan,nan,nan,303.40,nan,3.50,nan,181.70,nan
13-Aug-24 9:24:00 AM AEST,25.2,64.5,nan,nan,nan,nan,303.40,nan,8.30,nan,303.40,nan
13-Aug-24 9:24:00 AM AEST,25.2,64.5,nan,nan,nan,nan,303.40,nan,1.20,nan,214.80,nan
13-Aug-24 9:27:00 AM AEST,nan,nan,nan,nan,nan,nan,nan,nan,nan,nan,nan,466.70
13-Aug-24 9:29:50 AM AEST,nan,nan,nan,nan,nan,nan,nan,nan,nan,5.00,nan,nan
13-Aug-24 9:29:50 AM AEST,nan,nan,nan,nan,nan,nan,nan,nan,nan,0.80,nan,nan
13-Aug-24 9:29:54 AM AEST,nan,nan,18.1,nan,nan,nan,nan,nan,nan,nan,nan,nan
13-Aug-24 9:39:52 AM AEST,nan,nan,nan,nan,nan,nan,nan,0.08,nan,nan,nan,nan
13-Aug-24 9:48:55 AM AEST,25.6,64.2,nan,nan,nan,nan,214.80,nan,nan,nan,nan,nan
13-Aug-24 9:54:24 AM AEST,nan,nan,nan,nan,nan,nan,nan,nan,nan,nan,nan,480.00
13-Aug-24 3:00:00 PM AEST,nan,nan,nan,nan,nan,0.41,nan,0.33,nan,nan,nan,198.30
13-Aug-24 3:00:00 PM AEST,nan,nan,nan,nan,nan,0.23,nan,0.33,nan,nan,nan,198.30
13-Aug-24 3:14:00 PM AEST,nan,nan,19.0,nan,nan,nan,nan,nan,nan,3.10,nan,nan
13-Aug-24 3:14:00 PM AEST,nan,nan,19.4,nan,nan,nan,nan,nan,nan,3.10,nan,nan
13-Aug-24 3:24:00 PM AEST,27.6,61.0,nan,nan,nan,nan,276.90,nan,5.90,nan,279.70,nan
13-Aug-24 3:24:00 PM AEST,25.8,65.3,nan,nan,nan,nan,199.20,nan,5.90,nan,279.70,nan
13-Aug-24 3:27:24 PM AEST,nan,nan,nan,nan,nan,nan,nan,nan,nan,nan,nan,96.70
13-Aug-24 3:28:55 PM AEST,nan,nan,nan,nan,nan,nan,nan,nan,nan,1.50,nan,nan
13-Aug-24 3:28:57 PM AEST,nan,nan,18.9,nan,nan,nan,nan,nan,nan,nan,nan,nan
13-Aug-24 3:36:27 PM AEST,nan,nan,nan,nan,nan,nan,nan,nan,3.50,nan,nan,nan
13-Aug-24 3:36:27 PM AEST,nan,nan,nan,nan,nan,nan,nan,nan,5.90,nan,nan,nan
13-Aug-24 3:36:29 PM AEST,nan,nan,nan,nan,nan,nan,nan,nan,nan,nan,342.30,nan
13-Aug-24 3:36:29 PM AEST,nan,nan,nan,nan,nan,nan,nan,nan,nan,nan,202.70,nan
13-Aug-24 3:39:52 PM AEST,nan,nan,nan,nan,nan,nan,nan,0.35,nan,nan,nan,nan
13-Aug-24 3:43:50 PM AEST,nan,nan,nan,nan,nan,nan,nan,nan,nan,2.60,nan,nan
13-Aug-24 3:43:50 PM AEST,nan,nan,nan,nan,nan,nan,nan,nan,nan,3.30,nan,nan
13-Aug-24 3:43:54 PM AEST,nan,nan,18.5,nan,nan,nan,nan,nan,nan,nan,nan,nan
13-Aug-24 3:48:58 PM AEST,nan,nan,nan,nan,nan,nan,nan,nan,nan,nan,270.70,nan
13-Aug-24 3:58:45 PM AEST,nan,nan,nan,nan,nan,nan,nan,nan,nan,2.00,nan,nan
13-Aug-24 3:58:51 PM AEST,nan,nan,18.2,nan,nan,nan,nan,nan,nan,nan,nan,nan
13-Aug-24 4:01:27 PM AEST,nan,nan,nan,nan,nan,nan,nan,nan,nan,nan,329.00,nan
13-Aug-24 4:13:40 PM AEST,nan,nan,nan,nan,nan,nan,nan,nan,nan,3.50,nan,nan
13-Aug-24 4:13:48 PM AEST,nan,nan,18.8,nan,nan,nan,nan,nan,nan,nan,nan,nan
13-Aug-24 4:13:56 PM AEST,nan,nan,nan,nan,nan,nan,nan,nan,nan,nan,211.00,nan
13-Aug-24 4:19:44 PM AEST,nan,nan,nan,nan,nan,nan,nan,0.41,nan,nan,nan,nan
13-Aug-24 4:19:44 PM AEST,nan,nan,nan,nan,nan,nan,nan,0.27,nan,nan,nan,nan
13-Aug-24 4:24:00 PM AEST,26.2,66.5,nan,nan,nan,nan,328.20,nan,nan,nan,nan,nan
13-Aug-24 4:27:00 PM AEST,nan,nan,nan,nan,nan,nan,nan,nan,nan,nan,nan,258.30
13-Aug-24 4:27:00 PM AEST,nan,nan,nan,nan,nan,nan,nan,nan,nan,nan,nan,215.80
13-Aug-24 4:28:35 PM AEST,nan,nan,nan,nan,nan,nan,nan,nan,nan,3.90,nan,nan
13-Aug-24 4:28:45 PM AEST,nan,nan,19.6,nan,nan,nan,nan,nan,nan,nan,nan,nan
13-Aug-24 4:28:45 PM AEST,nan,nan,19.4,nan,nan,nan,nan,nan,nan,nan,nan,nan
13-Aug-24 4:36:00 PM AEST,nan,nan,nan,nan,nan,nan,nan,nan,nan,nan,328.80,nan
13-Aug-24 4:43:30 PM AEST,nan,nan,nan,nan,nan,nan,nan,nan,nan,2.70,nan,nan
13-Aug-24 4:43:42 PM AEST,nan,nan,19.7,nan,nan,nan,nan,nan,nan,nan,nan,nan
13-Aug-24 4:48:00 PM AEST,nan,nan,nan,nan,nan,nan,nan,nan,4.70,nan,nan,nan
13-Aug-24 4:48:29 PM AEST,nan,nan,nan,nan,nan,nan,nan,nan,nan,nan,313.40,nan
13-Aug-24 4:48:55 PM AEST,26.6,66.7,nan,nan,nan,nan,313.00,nan,nan,nan,nan,nan
13-Aug-24 4:48:55 PM AEST,26.4,66.0,nan,nan,nan,nan,333.90,nan,nan,nan,nan,nan
13-Aug-24 4:54:24 PM AEST,nan,nan,nan,nan,nan,nan,nan,nan,nan,nan,nan,81.70
13-Aug-24 4:58:25 PM AEST,nan,nan,nan,nan,nan,nan,nan,nan,nan,6.30,nan,nan
13-Aug-24 4:58:39 PM AEST,nan,nan,20.0,nan,nan,nan,nan,nan,nan,nan,nan,nan
13-Aug-24 4:59:36 PM AEST,nan,nan,nan,nan,nan,nan,nan,0.68,nan,nan,nan,nan
13-Aug-24 4:59:36 PM AEST,nan,nan,nan,nan,nan,nan,nan,0.63,nan,nan,nan,nan
13-Aug-24 5:00:27 PM AEST,nan,nan,nan,nan,nan,nan,nan,nan,8.30,nan,nan,nan
13-Aug-24 5:00:58 PM AEST,nan,nan,nan,nan,nan,nan,nan,nan,nan,nan,334.30,nan
13-Aug-24 5:12:54 PM AEST,nan,nan,nan,nan,nan,nan,nan,nan,9.50,nan,nan,nan
13-Aug-24 5:13:20 PM AEST,nan,nan,nan,nan,nan,nan,nan,nan,nan,6.20,nan,nan
13-Aug-24 5:13:20 PM AEST,nan,nan,nan,nan,nan,nan,nan,nan,nan,4.10,nan,nan
13-Aug-24 5:13:27 PM AEST,nan,nan,nan,nan,nan,nan,nan,nan,nan,nan,95.70,nan
13-Aug-24 5:13:36 PM AEST,nan,nan,18.0,nan,nan,nan,nan,nan,nan,nan,nan,nan
13-Aug-24 5:13:36 PM AEST,nan,nan,17.8,nan,nan,nan,nan,nan,nan,nan,nan,nan
13-Aug-24 5:13:50 PM AEST,23.3,72.0,nan,nan,nan,nan,98.10,nan,nan,nan,nan,nan
13-Aug-24 5:15:11 PM AEST,nan,nan,nan,nan,nan,0.13,nan,nan,nan,nan,nan,nan
13-Aug-24 5:15:11 PM AEST,nan,nan,nan,nan,nan,0.03,nan,nan,nan,nan,nan,nan
13-Aug-24 5:15:11 PM AEST,nan,nan,nan,nan,nan,0.01,nan,nan,nan,nan,nan,nan
13-Aug-24 5:21:48 PM AEST,nan,nan,nan,nan,nan,nan,nan,nan,nan,nan,nan,19.20
13-Aug-24 5:25:21 PM AEST,nan,nan,nan,nan,nan,nan,nan,nan,5.90,nan,nan,nan
13-Aug-24 5:25:56 PM AEST,nan,nan,nan,nan,nan,nan,nan,nan,nan,nan,60.50,nan
13-Aug-24 5:28:15 PM AEST,nan,nan,nan,nan,nan,nan,nan,nan,nan,6.60,nan,nan
13-Aug-24 5:28:33 PM AEST,nan,nan,18.0,nan,nan,nan,nan,nan,nan,nan,nan,nan
13-Aug-24 5:37:48 PM AEST,nan,nan,nan,nan,nan,nan,nan,nan,11.80,nan,nan,nan
13-Aug-24 5:38:25 PM AEST,nan,nan,nan,nan,nan,nan,nan,nan,nan,nan,107.50,nan
13-Aug-24 5:38:45 PM AEST,21.9,77.8,nan,nan,nan,nan,99.10,nan,nan,nan,nan,nan
13-Aug-24 5:39:28 PM AEST,nan,nan,nan,nan,nan,nan,nan,0.57,nan,nan,nan,nan
13-Aug-24 5:39:28 PM AEST,nan,nan,nan,nan,nan,nan,nan,0.42,nan,nan,nan,nan
13-Aug-24 5:43:10 PM AEST,nan,nan,nan,nan,nan,nan,nan,nan,nan,3.30,nan,nan
13-Aug-24 5:43:30 PM AEST,nan,nan,17.9,nan,nan,nan,nan,nan,nan,nan,nan,nan
13-Aug-24 5:49:12 PM AEST,nan,nan,nan,nan,nan,nan,nan,nan,nan,nan,nan,5.00
13-Aug-24 5:49:12 PM AEST,nan,nan,nan,nan,nan,nan,nan,nan,nan,nan,nan,4.20
13-Aug-24 5:49:12 PM AEST,nan,nan,nan,nan,nan,nan,nan,nan,nan,nan,nan,0.80
13-Aug-24 5:50:15 PM AEST,nan,nan,nan,nan,nan,nan,nan,nan,4.70,nan,nan,nan
13-Aug-24 5:50:15 PM AEST,nan,nan,nan,nan,nan,nan,nan,nan,7.10,nan,nan,nan
13-Aug-24 5:50:54 PM AEST,nan,nan,nan,nan,nan,nan,nan,nan,nan,nan,144.90,nan
13-Aug-24 5:50:54 PM AEST,nan,nan,nan,nan,nan,nan,nan,nan,nan,nan,99.10,nan
13-Aug-24 5:58:05 PM AEST,nan,nan,nan,nan,nan,nan,nan,nan,nan,5.70,nan,nan
13-Aug-24 5:58:05 PM AEST,nan,nan,nan,nan,nan,nan,nan,nan,nan,2.90,nan,nan
13-Aug-24 5:58:05 PM AEST,nan,nan,nan,nan,nan,nan,nan,nan,nan,4.00,nan,nan
13-Aug-24 5:58:27 PM AEST,nan,nan,17.8,nan,nan,nan,nan,nan,nan,nan,nan,nan
13-Aug-24 6:02:42 PM AEST,nan,nan,nan,nan,nan,nan,nan,nan,3.50,nan,nan,nan
13-Aug-24 6:02:42 PM AEST,nan,nan,nan,nan,nan,nan,nan,nan,5.90,nan,nan,nan
13-Aug-24 6:03:23 PM AEST,nan,nan,nan,nan,nan,nan,nan,nan,nan,nan,46.30,nan
13-Aug-24 6:03:23 PM AEST,nan,nan,nan,nan,nan,nan,nan,nan,nan,nan,102.80,nan
13-Aug-24 6:03:40 PM AEST,21.6,79.0,nan,nan,nan,nan,99.20,nan,nan,nan,nan,nan
13-Aug-24 6:03:40 PM AEST,21.5,79.8,nan,nan,nan,nan,89.30,nan,nan,nan,nan,nan
13-Aug-24 6:15:52 PM AEST,nan,nan,nan,nan,nan,nan,nan,nan,nan,nan,88.90,nan
13-Aug-24 6:16:36 PM AEST,nan,nan,nan,nan,nan,nan,nan,nan,nan,nan,nan,0.00
13-Aug-24 6:19:20 PM AEST,nan,nan,nan,nan,nan,nan,nan,0.40,nan,nan,nan,nan
13-Aug-24 6:19:20 PM AEST,nan,nan,nan,nan,nan,nan,nan,0.57,nan,nan,nan,nan
13-Aug-24 6:28:35 PM AEST,21.3,81.2,nan,nan,nan,nan,107.30,nan,nan,nan,nan,nan
13-Aug-24 6:36:00 PM AEST,nan,nan,nan,nan,nan,nan,nan,nan,8.30,nan,106.80,nan
13-Aug-24 6:42:00 PM AEST,nan,nan,18.1,nan,nan,nan,nan,nan,nan,5.70,nan,nan
13-Aug-24 6:42:00 PM AEST,nan,nan,18.0,nan,nan,nan,nan,nan,nan,6.60,nan,nan
13-Aug-24 6:48:27 PM AEST,nan,nan,nan,nan,nan,nan,nan,nan,10.60,nan,nan,nan
13-Aug-24 6:48:29 PM AEST,nan,nan,nan,nan,nan,nan,nan,nan,nan,nan,111.00,nan
13-Aug-24 6:56:55 PM AEST,nan,nan,nan,nan,nan,nan,nan,nan,nan,4.00,nan,nan
13-Aug-24 6:59:12 PM AEST,nan,nan,nan,nan,nan,nan,nan,0.45,nan,nan,nan,nan
13-Aug-24 7:00:54 PM AEST,nan,nan,nan,nan,nan,nan,nan,nan,4.70,nan,nan,nan
13-Aug-24 7:00:58 PM AEST,nan,nan,nan,nan,nan,nan,nan,nan,nan,nan,90.90,nan
13-Aug-24 7:24:00 PM AEST,20.9,83.8,nan,nan,nan,nan,72.90,nan,7.10,nan,73.40,nan
13-Aug-24 7:28:00 PM AEST,nan,nan,18.1,nan,nan,nan,nan,nan,nan,4.50,nan,nan
13-Aug-24 7:30:22 PM AEST,nan,nan,nan,nan,nan,0.00,nan,nan,nan,nan,nan,nan
13-Aug-24 7:30:22 PM AEST,nan,nan,nan,nan,nan,65.53,nan,nan,nan,nan,nan,nan
13-Aug-24 7:39:04 PM AEST,nan,nan,nan,nan,nan,nan,nan,0.01,nan,nan,nan,nan
13-Aug-24 7:42:55 PM AEST,nan,nan,nan,nan,nan,nan,nan,nan,nan,1.40,nan,nan
13-Aug-24 7:42:57 PM AEST,nan,nan,18.3,nan,nan,nan,nan,nan,nan,nan,nan,nan
13-Aug-24 7:48:00 PM AEST,nan,nan,nan,nan,nan,nan,nan,nan,2.40,nan,80.80,nan
13-Aug-24 7:48:55 PM AEST,21.1,84.8,nan,nan,nan,nan,86.90,nan,nan,nan,nan,nan
13-Aug-24 7:57:50 PM AEST,nan,nan,nan,nan,nan,nan,nan,nan,nan,0.10,nan,nan
13-Aug-24 7:57:54 PM AEST,nan,nan,18.4,nan,nan,nan,nan,nan,nan,nan,nan,nan
13-Aug-24 7:57:54 PM AEST,nan,nan,18.5,nan,nan,nan,nan,nan,nan,nan,nan,nan
13-Aug-24 8:00:27 PM AEST,nan,nan,nan,nan,nan,nan,nan,nan,1.20,nan,nan,nan
13-Aug-24 8:00:29 PM AEST,nan,nan,nan,nan,nan,nan,nan,nan,nan,nan,87.00,nan
13-Aug-24 8:00:29 PM AEST,nan,nan,nan,nan,nan,nan,nan,nan,nan,nan,90.00,nan
13-Aug-24 8:12:51 PM AEST,nan,nan,18.4,nan,nan,nan,nan,nan,nan,nan,nan,nan
13-Aug-24 8:12:58 PM AEST,nan,nan,nan,nan,nan,nan,nan,nan,nan,nan,88.30,nan
13-Aug-24 8:13:50 PM AEST,21.0,85.5,nan,nan,nan,nan,86.70,nan,nan,nan,nan,nan
13-Aug-24 8:13:50 PM AEST,20.9,86.3,nan,nan,nan,nan,86.70,nan,nan,nan,nan,nan
13-Aug-24 8:18:56 PM AEST,nan,nan,nan,nan,nan,nan,nan,0.00,nan,nan,nan,nan
13-Aug-24 8:24:00 PM AEST,nan,nan,nan,nan,nan,nan,nan,nan,0.00,nan,nan,nan
13-Aug-24 8:25:27 PM AEST,nan,nan,nan,nan,nan,nan,nan,nan,nan,nan,0.00,nan
13-Aug-24 8:25:27 PM AEST,nan,nan,nan,nan,nan,nan,nan,nan,nan,nan,86.90,nan
13-Aug-24 8:27:48 PM AEST,nan,nan,18.6,nan,nan,nan,nan,nan,nan,nan,nan,nan
13-Aug-24 8:27:48 PM AEST,nan,nan,18.5,nan,nan,nan,nan,nan,nan,nan,nan,nan
13-Aug-24 8:28:00 PM AEST,nan,nan,nan,nan,nan,nan,nan,nan,nan,0.00,nan,nan
13-Aug-24 8:28:00 PM AEST,nan,nan,nan,nan,nan,nan,nan,nan,nan,2.40,nan,nan
13-Aug-24 8:28:00 PM AEST,nan,nan,nan,nan,nan,nan,nan,nan,nan,0.00,nan,nan
13-Aug-24 8:36:27 PM AEST,nan,nan,nan,nan,nan,nan,nan,nan,3.50,nan,nan,nan
13-Aug-24 8:36:27 PM AEST,nan,nan,nan,nan,nan,nan,nan,nan,0.00,nan,nan,nan
13-Aug-24 8:37:56 PM AEST,nan,nan,nan,nan,nan,nan,nan,nan,nan,nan,0.00,nan
13-Aug-24 8:38:45 PM AEST,20.7,86.5,nan,nan,nan,nan,86.90,nan,nan,nan,nan,nan
13-Aug-24 8:38:45 PM AEST,20.7,87.5,nan,nan,nan,nan,86.90,nan,nan,nan,nan,nan
13-Aug-24 8:42:45 PM AEST,nan,nan,18.6,nan,nan,nan,nan,nan,nan,nan,nan,nan
13-Aug-24 9:03:40 PM AEST,20.2,89.0,nan,nan,nan,nan,86.70,nan,nan,nan,nan,nan
13-Aug-24 9:14:00 PM AEST,nan,nan,18.4,nan,nan,nan,nan,nan,nan,nan,nan,nan
13-Aug-24 9:28:35 PM AEST,nan,89.7,nan,nan,nan,nan,nan,nan,nan,nan,nan,nan
13-Aug-24 9:28:57 PM AEST,nan,nan,18.3,nan,nan,nan,nan,nan,nan,nan,nan,nan
13-Aug-24 9:28:57 PM AEST,nan,nan,18.4,nan,nan,nan,nan,nan,nan,nan,nan,nan
13-Aug-24 9:39:00 PM AEST,nan,nan,nan,nan,nan,nan,nan,0.04,nan,nan,nan,nan
13-Aug-24 9:43:54 PM AEST,nan,nan,18.6,nan,nan,nan,nan,nan,nan,nan,nan,nan
13-Aug-24 9:45:33 PM AEST,nan,nan,nan,nan,nan,65.53,nan,nan,nan,nan,nan,nan
13-Aug-24 9:48:00 PM AEST,nan,nan,nan,nan,nan,nan,nan,nan,2.40,nan,87.10,nan
13-Aug-24 9:53:30 PM AEST,nan,90.5,nan,nan,nan,nan,nan,nan,nan,nan,nan,nan
13-Aug-24 9:56:00 PM AEST,nan,nan,nan,nan,nan,nan,nan,nan,nan,0.40,nan,nan
13-Aug-24 10:10:55 PM AEST,nan,nan,nan,nan,nan,nan,nan,nan,nan,0.00,nan,nan
13-Aug-24 10:12:00 PM AEST,nan,nan,nan,nan,nan,nan,nan,nan,0.00,nan,0.00,nan
13-Aug-24 10:18:25 PM AEST,nan,91.3,nan,nan,nan,nan,nan,nan,nan,nan,nan,nan
13-Aug-24 10:18:52 PM AEST,nan,nan,nan,nan,nan,nan,nan,0.00,nan,nan,nan,nan
13-Aug-24 10:24:00 PM AEST,nan,nan,nan,nan,nan,nan,86.90,nan,nan,nan,nan,nan
13-Aug-24 10:25:50 PM AEST,nan,nan,nan,nan,nan,nan,nan,nan,nan,1.80,nan,nan
13-Aug-24 10:36:00 PM AEST,nan,nan,nan,nan,nan,nan,nan,nan,2.40,nan,86.90,nan
13-Aug-24 10:36:00 PM AEST,nan,nan,nan,nan,nan,nan,nan,nan,0.00,nan,0.00,nan
13-Aug-24 10:40:45 PM AEST,nan,nan,nan,nan,nan,nan,nan,nan,nan,0.00,nan,nan
13-Aug-24 10:42:00 PM AEST,nan,nan,18.7,nan,nan,nan,nan,nan,nan,nan,nan,nan
13-Aug-24 10:43:20 PM AEST,nan,91.2,nan,nan,nan,nan,nan,nan,nan,nan,nan,nan
13-Aug-24 10:48:55 PM AEST,nan,nan,nan,nan,nan,nan,86.70,nan,nan,nan,nan,nan
13-Aug-24 10:48:55 PM AEST,nan,nan,nan,nan,nan,nan,86.90,nan,nan,nan,nan,nan
13-Aug-24 10:55:40 PM AEST,nan,nan,nan,nan,nan,nan,nan,nan,nan,0.10,nan,nan
13-Aug-24 10:58:44 PM AEST,nan,nan,nan,nan,nan,nan,nan,0.01,nan,nan,nan,nan
13-Aug-24 10:58:44 PM AEST,nan,nan,nan,nan,nan,nan,nan,0.00,nan,nan,nan,nan
13-Aug-24 11:00:00 PM AEST,nan,nan,nan,nan,nan,nan,nan,nan,1.20,nan,88.30,nan
13-Aug-24 11:00:00 PM AEST,nan,nan,nan,nan,nan,nan,nan,nan,0.00,nan,0.00,nan
13-Aug-24 11:10:35 PM AEST,nan,nan,nan,nan,nan,nan,nan,nan,nan,0.00,nan,nan
13-Aug-24 11:14:00 PM AEST,nan,nan,18.8,nan,nan,nan,nan,nan,nan,nan,nan,nan
13-Aug-24 11:24:00 PM AEST,19.4,91.0,nan,nan,nan,nan,86.70,nan,nan,nan,nan,nan
13-Aug-24 11:28:57 PM AEST,nan,nan,18.1,nan,nan,nan,nan,nan,nan,nan,nan,nan
13-Aug-24 11:43:54 PM AEST,nan,nan,17.9,nan,nan,nan,nan,nan,nan,nan,nan,nan
13-Aug-24 11:43:54 PM AEST,nan,nan,17.6,nan,nan,nan,nan,nan,nan,nan,nan,nan
13-Aug-24 11:48:55 PM AEST,19.0,91.5,nan,nan,nan,nan,nan,nan,nan,nan,nan,nan
13-Aug-24 11:58:51 PM AEST,nan,nan,17.5,nan,nan,nan,nan,nan,nan,nan,nan,nan
14-Aug-24 12:00:00 AM AEST,nan,nan,nan,nan,nan,nan,86.90,nan,nan,nan,nan,nan
14-Aug-24 12:13:48 AM AEST,nan,nan,17.2,nan,nan,nan,nan,nan,nan,nan,nan,nan
14-Aug-24 12:13:48 AM AEST,nan,nan,17.1,nan,nan,nan,nan,nan,nan,nan,nan,nan
14-Aug-24 12:13:50 AM AEST,18.5,91.7,nan,nan,nan,nan,nan,nan,nan,nan,nan,nan
14-Aug-24 12:28:45 AM AEST,nan,nan,16.9,nan,nan,nan,nan,nan,nan,nan,nan,nan
14-Aug-24 1:00:00 AM AEST,17.5,93.0,16.5,nan,nan,nan,120.70,0.01,1.20,0.10,119.70,nan
14-Aug-24 1:00:00 AM AEST,17.5,93.0,16.4,nan,nan,nan,120.70,0.01,1.20,0.10,119.70,nan
14-Aug-24 1:14:57 AM AEST,nan,nan,16.2,nan,nan,nan,nan,nan,nan,nan,nan,nan
14-Aug-24 1:24:55 AM AEST,17.0,94.2,nan,nan,nan,nan,120.80,nan,nan,nan,nan,nan
14-Aug-24 1:29:54 AM AEST,nan,nan,16.1,nan,nan,nan,nan,nan,nan,nan,nan,nan
14-Aug-24 1:36:00 AM AEST,nan,nan,nan,nan,nan,nan,nan,nan,0.00,nan,0.00,nan
14-Aug-24 1:39:52 AM AEST,nan,nan,nan,nan,nan,nan,nan,0.00,nan,nan,nan,nan
14-Aug-24 1:42:00 AM AEST,nan,nan,nan,nan,nan,nan,nan,nan,nan,0.00,nan,nan
14-Aug-24 1:44:51 AM AEST,nan,nan,16.0,nan,nan,nan,nan,nan,nan,nan,nan,nan
14-Aug-24 1:49:50 AM AEST,16.8,94.0,nan,nan,nan,nan,nan,nan,nan,nan,nan,nan
14-Aug-24 1:49:50 AM AEST,16.8,94.3,nan,nan,nan,nan,nan,nan,nan,nan,nan,nan
14-Aug-24 2:00:00 AM AEST,nan,nan,nan,nan,nan,nan,nan,nan,nan,nan,nan,0.80
14-Aug-24 2:14:45 AM AEST,16.5,94.8,nan,nan,nan,nan,nan,nan,nan,nan,nan,nan
14-Aug-24 2:27:24 AM AEST,nan,nan,nan,nan,nan,nan,nan,nan,nan,nan,nan,0.00
14-Aug-24 2:28:00 AM AEST,nan,nan,15.8,nan,nan,nan,nan,nan,nan,nan,nan,nan
14-Aug-24 2:28:00 AM AEST,nan,nan,15.7,nan,nan,nan,nan,nan,nan,nan,nan,nan
14-Aug-24 3:24:00 AM AEST,15.9,95.7,nan,nan,nan,nan,nan,nan,nan,nan,nan,nan
14-Aug-24 3:42:00 AM AEST,nan,nan,15.3,nan,nan,nan,nan,nan,nan,nan,nan,nan
14-Aug-24 3:48:55 AM AEST,nan,96.0,nan,nan,nan,nan,nan,nan,nan,nan,nan,nan
14-Aug-24 3:54:00 AM AEST,nan,nan,nan,nan,nan,nan,nan,nan,nan,nan,nan,0.80
14-Aug-24 4:28:00 AM AEST,nan,nan,15.2,nan,nan,nan,nan,nan,nan,nan,nan,nan
14-Aug-24 5:00:00 AM AEST,15.4,96.7,nan,nan,nan,nan,nan,nan,nan,nan,nan,0.00
14-Aug-24 5:14:00 AM AEST,nan,nan,14.9,nan,nan,nan,nan,nan,nan,nan,nan,nan
14-Aug-24 6:00:00 AM AEST,nan,nan,14.7,nan,nan,nan,nan,nan,nan,nan,nan,nan
14-Aug-24 6:24:00 AM AEST,14.8,97.2,nan,nan,nan,nan,nan,nan,nan,nan,nan,nan
14-Aug-24 6:27:00 AM AEST,nan,nan,nan,nan,nan,nan,nan,nan,nan,nan,nan,4.20
14-Aug-24 6:28:00 AM AEST,nan,nan,14.5,nan,nan,nan,nan,nan,nan,nan,nan,nan
14-Aug-24 6:28:00 AM AEST,nan,nan,14.4,nan,nan,nan,nan,nan,nan,nan,nan,nan
14-Aug-24 6:48:55 AM AEST,15.0,97.5,nan,nan,nan,nan,nan,nan,nan,nan,nan,nan
14-Aug-24 6:54:24 AM AEST,nan,nan,nan,nan,nan,nan,nan,nan,nan,nan,nan,11.70
14-Aug-24 6:54:24 AM AEST,nan,nan,nan,nan,nan,nan,nan,nan,nan,nan,nan,17.50
14-Aug-24 7:00:00 AM AEST,nan,nan,14.5,nan,nan,0.02,nan,nan,nan,nan,nan,nan
14-Aug-24 7:00:00 AM AEST,nan,nan,14.6,nan,nan,0.03,nan,nan,nan,nan,nan,nan
14-Aug-24 7:13:50 AM AEST,15.3,97.7,nan,nan,nan,nan,nan,nan,nan,nan,nan,nan
14-Aug-24 7:14:57 AM AEST,nan,nan,14.9,nan,nan,nan,nan,nan,nan,nan,nan,nan
14-Aug-24 7:29:54 AM AEST,nan,nan,15.6,nan,nan,nan,nan,nan,nan,nan,nan,nan
14-Aug-24 7:44:51 AM AEST,nan,nan,16.4,nan,nan,nan,nan,nan,nan,nan,nan,nan
14-Aug-24 7:59:48 AM AEST,nan,nan,17.5,nan,nan,nan,nan,nan,nan,nan,nan,nan
14-Aug-24 8:00:00 AM AEST,nan,nan,nan,nan,nan,nan,nan,nan,nan,nan,nan,281.70
14-Aug-24 8:14:45 AM AEST,nan,nan,18.5,nan,nan,nan,nan,nan,nan,nan,nan,nan
14-Aug-24 8:14:45 AM AEST,nan,nan,18.8,nan,nan,nan,nan,nan,nan,nan,nan,nan
14-Aug-24 8:24:00 AM AEST,19.1,97.2,nan,nan,nan,nan,120.70,nan,nan,nan,nan,nan
14-Aug-24 8:24:00 AM AEST,21.3,85.8,nan,nan,nan,nan,120.80,nan,nan,nan,nan,nan
14-Aug-24 8:27:24 AM AEST,nan,nan,nan,nan,nan,nan,nan,nan,nan,nan,nan,344.20
14-Aug-24 8:28:00 AM AEST,nan,nan,nan,nan,nan,nan,nan,nan,nan,1.10,nan,nan
14-Aug-24 8:29:42 AM AEST,nan,nan,18.9,nan,nan,nan,nan,nan,nan,nan,nan,nan
14-Aug-24 8:36:00 AM AEST,nan,nan,nan,nan,nan,nan,nan,nan,2.40,nan,120.90,nan
14-Aug-24 8:36:00 AM AEST,nan,nan,nan,nan,nan,nan,nan,nan,2.40,nan,120.80,nan
14-Aug-24 8:39:00 AM AEST,nan,nan,nan,nan,nan,nan,nan,0.15,nan,nan,nan,nan
14-Aug-24 8:42:55 AM AEST,nan,nan,nan,nan,nan,nan,nan,nan,nan,1.50,nan,nan
14-Aug-24 8:44:39 AM AEST,nan,nan,19.1,nan,nan,nan,nan,nan,nan,nan,nan,nan
14-Aug-24 9:15:11 AM AEST,nan,nan,nan,nan,nan,0.32,nan,nan,nan,nan,nan,nan
14-Aug-24 9:15:11 AM AEST,nan,nan,nan,nan,nan,0.43,nan,nan,nan,nan,nan,nan
14-Aug-24 10:00:00 AM AEST,27.4,56.3,17.7,nan,nan,nan,279.80,0.04,1.20,0.40,279.50,575.80
14-Aug-24 10:00:00 AM AEST,27.4,56.3,17.7,nan,nan,nan,279.80,0.01,1.20,0.40,279.50,604.20
14-Aug-24 10:00:00 AM AEST,27.4,56.3,17.7,nan,nan,nan,279.80,0.05,1.20,0.40,279.50,604.20
14-Aug-24 10:14:55 AM AEST,nan,nan,nan,nan,nan,nan,nan,nan,nan,0.10,nan,nan
14-Aug-24 10:14:57 AM AEST,nan,nan,16.5,nan,nan,nan,nan,nan,nan,nan,nan,nan
14-Aug-24 10:24:00 AM AEST,nan,nan,nan,nan,nan,nan,nan,nan,3.50,nan,7.10,nan
14-Aug-24 10:24:00 AM AEST,nan,nan,nan,nan,nan,nan,nan,nan,0.00,nan,271.90,nan
14-Aug-24 10:24:00 AM AEST,nan,nan,nan,nan,nan,nan,nan,nan,0.00,nan,0.00,nan
14-Aug-24 10:24:55 AM AEST,27.7,50.5,nan,nan,nan,nan,9.70,nan,nan,nan,nan,nan
14-Aug-24 10:24:55 AM AEST,27.8,51.7,nan,nan,nan,nan,272.00,nan,nan,nan,nan,nan
14-Aug-24 10:24:55 AM AEST,27.8,54.3,nan,nan,nan,nan,222.00,nan,nan,nan,nan,nan
14-Aug-24 10:27:24 AM AEST,nan,nan,nan,nan,nan,nan,nan,nan,nan,nan,nan,610.80
14-Aug-24 10:27:24 AM AEST,nan,nan,nan,nan,nan,nan,nan,nan,nan,nan,nan,636.70
14-Aug-24 10:29:50 AM AEST,nan,nan,nan,nan,nan,nan,nan,nan,nan,0.50,nan,nan
14-Aug-24 10:29:50 AM AEST,nan,nan,nan,nan,nan,nan,nan,nan,nan,0.00,nan,nan
14-Aug-24 10:29:54 AM AEST,nan,nan,16.7,nan,nan,nan,nan,nan,nan,nan,nan,nan
14-Aug-24 10:29:54 AM AEST,nan,nan,17.3,nan,nan,nan,nan,nan,nan,nan,nan,nan
14-Aug-24 10:36:27 AM AEST,nan,nan,nan,nan,nan,nan,nan,nan,8.30,nan,nan,nan
14-Aug-24 10:36:29 AM AEST,nan,nan,nan,nan,nan,nan,nan,nan,nan,nan,212.20,nan
14-Aug-24 10:39:52 AM AEST,nan,nan,nan,nan,nan,nan,nan,0.43,nan,nan,nan,nan
14-Aug-24 10:39:52 AM AEST,nan,nan,nan,nan,nan,nan,nan,0.44,nan,nan,nan,nan
14-Aug-24 10:39:52 AM AEST,nan,nan,nan,nan,nan,nan,nan,0.26,nan,nan,nan,nan
14-Aug-24 10:44:45 AM AEST,nan,nan,nan,nan,nan,nan,nan,nan,nan,4.10,nan,nan
14-Aug-24 10:44:51 AM AEST,nan,nan,18.0,nan,nan,nan,nan,nan,nan,nan,nan,nan
14-Aug-24 10:49:50 AM AEST,nan,52.3,nan,nan,nan,nan,162.30,nan,nan,nan,nan,nan
14-Aug-24 10:54:48 AM AEST,nan,nan,nan,nan,nan,nan,nan,nan,nan,nan,nan,674.20
14-Aug-24 10:54:48 AM AEST,nan,nan,nan,nan,nan,nan,nan,nan,nan,nan,nan,680.00
14-Aug-24 10:54:48 AM AEST,nan,nan,nan,nan,nan,nan,nan,nan,nan,nan,nan,685.00
14-Aug-24 10:59:40 AM AEST,nan,nan,nan,nan,nan,nan,nan,nan,nan,5.70,nan,nan
14-Aug-24 10:59:40 AM AEST,nan,nan,nan,nan,nan,nan,nan,nan,nan,4.40,nan,nan
14-Aug-24 10:59:48 AM AEST,nan,nan,17.0,nan,nan,nan,nan,nan,nan,nan,nan,nan
14-Aug-24 10:59:48 AM AEST,nan,nan,17.5,nan,nan,nan,nan,nan,nan,nan,nan,nan
14-Aug-24 11:00:00 AM AEST,27.5,nan,nan,nan,nan,nan,nan,nan,7.10,nan,192.60,nan
14-Aug-24 11:00:00 AM AEST,27.7,nan,nan,nan,nan,nan,nan,nan,7.10,nan,159.90,nan
14-Aug-24 11:12:27 AM AEST,nan,nan,nan,nan,nan,nan,nan,nan,3.50,nan,nan,nan
14-Aug-24 11:12:27 AM AEST,nan,nan,nan,nan,nan,nan,nan,nan,4.70,nan,nan,nan
14-Aug-24 11:12:29 AM AEST,nan,nan,nan,nan,nan,nan,nan,nan,nan,nan,201.80,nan
14-Aug-24 11:12:29 AM AEST,nan,nan,nan,nan,nan,nan,nan,nan,nan,nan,192.40,nan
14-Aug-24 11:14:35 AM AEST,nan,nan,nan,nan,nan,nan,nan,nan,nan,2.60,nan,nan
14-Aug-24 11:14:35 AM AEST,nan,nan,nan,nan,nan,nan,nan,nan,nan,2.30,nan,nan
14-Aug-24 11:14:35 AM AEST,nan,nan,nan,nan,nan,nan,nan,nan,nan,0.50,nan,nan
14-Aug-24 11:14:45 AM AEST,nan,51.5,16.6,nan,nan,nan,202.00,nan,nan,nan,nan,nan
14-Aug-24 11:14:45 AM AEST,nan,53.0,16.8,nan,nan,nan,192.60,nan,nan,nan,nan,nan
14-Aug-24 11:14:45 AM AEST,nan,53.0,17.2,nan,nan,nan,207.90,nan,nan,nan,nan,nan
14-Aug-24 11:19:44 AM AEST,nan,nan,nan,nan,nan,nan,nan,0.23,nan,nan,nan,nan
14-Aug-24 11:19:44 AM AEST,nan,nan,nan,nan,nan,nan,nan,0.05,nan,nan,nan,nan
14-Aug-24 11:19:44 AM AEST,nan,nan,nan,nan,nan,nan,nan,0.48,nan,nan,nan,nan
14-Aug-24 11:22:12 AM AEST,nan,nan,nan,nan,nan,nan,nan,nan,nan,nan,nan,690.00
14-Aug-24 11:24:54 AM AEST,nan,nan,nan,nan,nan,nan,nan,nan,1.20,nan,nan,nan
14-Aug-24 11:24:54 AM AEST,nan,nan,nan,nan,nan,nan,nan,nan,4.70,nan,nan,nan
14-Aug-24 11:24:55 AM AEST,28.1,nan,nan,nan,nan,nan,nan,nan,nan,nan,nan,nan
14-Aug-24 11:24:58 AM AEST,nan,nan,nan,nan,nan,nan,nan,nan,nan,nan,207.90,nan
14-Aug-24 11:24:58 AM AEST,nan,nan,nan,nan,nan,nan,nan,nan,nan,nan,218.20,nan
14-Aug-24 11:29:30 AM AEST,nan,nan,nan,nan,nan,nan,nan,nan,nan,3.40,nan,nan
14-Aug-24 11:29:42 AM AEST,nan,nan,17.0,nan,nan,nan,nan,nan,nan,nan,nan,nan
14-Aug-24 11:30:22 AM AEST,nan,nan,nan,nan,nan,0.50,nan,nan,nan,nan,nan,nan
14-Aug-24 11:30:22 AM AEST,nan,nan,nan,nan,nan,0.52,nan,nan,nan,nan,nan,nan
14-Aug-24 11:39:40 AM AEST,nan,51.0,nan,nan,nan,nan,206.60,nan,nan,nan,nan,nan
14-Aug-24 11:44:25 AM AEST,nan,nan,nan,nan,nan,nan,nan,nan,nan,4.70,nan,nan
14-Aug-24 11:44:39 AM AEST,nan,nan,17.4,nan,nan,nan,nan,nan,nan,nan,nan,nan
14-Aug-24 11:48:00 AM AEST,nan,nan,nan,nan,nan,nan,nan,nan,5.90,nan,207.00,nan
14-Aug-24 11:49:36 AM AEST,nan,nan,nan,nan,nan,nan,nan,nan,nan,nan,nan,713.30
14-Aug-24 11:49:36 AM AEST,nan,nan,nan,nan,nan,nan,nan,nan,nan,nan,nan,717.50
14-Aug-24 11:49:50 AM AEST,28.3,nan,nan,nan,nan,nan,nan,nan,nan,nan,nan,nan
14-Aug-24 11:49:50 AM AEST,28.9,nan,nan,nan,nan,nan,nan,nan,nan,nan,nan,nan
14-Aug-24 11:59:20 AM AEST,nan,nan,nan,nan,nan,nan,nan,nan,nan,3.00,nan,nan
14-Aug-24 11:59:36 AM AEST,nan,nan,nan,nan,nan,nan,nan,0.30,nan,nan,nan,nan
14-Aug-24 12:00:27 PM AEST,nan,nan,nan,nan,nan,nan,nan,nan,7.10,nan,nan,nan
14-Aug-24 12:00:29 PM AEST,nan,nan,nan,nan,nan,nan,nan,nan,nan,nan,180.10,nan
14-Aug-24 12:04:35 PM AEST,nan,50.7,nan,nan,nan,nan,181.30,nan,nan,nan,nan,nan
14-Aug-24 12:28:00 PM AEST,nan,nan,17.1,nan,nan,nan,nan,nan,nan,nan,nan,nan
14-Aug-24 12:39:28 PM AEST,nan,nan,nan,nan,nan,nan,nan,0.79,nan,nan,nan,nan
14-Aug-24 12:39:28 PM AEST,nan,nan,nan,nan,nan,nan,nan,0.70,nan,nan,nan,nan
14-Aug-24 1:00:00 PM AEST,28.5,50.2,17.2,nan,nan,nan,157.70,nan,9.50,7.60,156.40,708.30
14-Aug-24 1:00:00 PM AEST,28.9,51.5,17.2,nan,nan,nan,186.90,nan,9.50,7.60,156.40,697.50
14-Aug-24 1:00:00 PM AEST,28.9,51.5,17.2,nan,nan,nan,186.90,nan,9.50,7.60,156.40,688.30
14-Aug-24 1:12:29 PM AEST,nan,nan,nan,nan,nan,nan,nan,nan,nan,nan,185.70,nan
14-Aug-24 1:14:55 PM AEST,nan,nan,nan,nan,nan,nan,nan,nan,nan,6.90,nan,nan
14-Aug-24 1:14:55 PM AEST,nan,nan,nan,nan,nan,nan,nan,nan,nan,4.30,nan,nan
14-Aug-24 1:14:57 PM AEST,nan,nan,17.9,nan,nan,nan,nan,nan,nan,nan,nan,nan
14-Aug-24 1:14:57 PM AEST,nan,nan,18.4,nan,nan,nan,nan,nan,nan,nan,nan,nan
14-Aug-24 1:19:20 PM AEST,nan,nan,nan,nan,nan,nan,nan,0.44,nan,nan,nan,nan
14-Aug-24 1:19:20 PM AEST,nan,nan,nan,nan,nan,nan,nan,0.53,nan,nan,nan,nan
14-Aug-24 1:19:20 PM AEST,nan,nan,nan,nan,nan,nan,nan,0.14,nan,nan,nan,nan
14-Aug-24 1:24:00 PM AEST,nan,nan,nan,nan,nan,nan,nan,nan,7.10,nan,nan,nan
14-Aug-24 1:24:55 PM AEST,29.3,51.2,nan,nan,nan,nan,192.70,nan,nan,nan,nan,nan
14-Aug-24 1:24:55 PM AEST,28.6,51.7,nan,nan,nan,nan,217.40,nan,nan,nan,nan,nan
14-Aug-24 1:24:58 PM AEST,nan,nan,nan,nan,nan,nan,nan,nan,nan,nan,190.20,nan
14-Aug-24 1:27:24 PM AEST,nan,nan,nan,nan,nan,nan,nan,nan,nan,nan,nan,670.80
14-Aug-24 1:29:50 PM AEST,nan,nan,nan,nan,nan,nan,nan,nan,nan,5.00,nan,nan
14-Aug-24 1:29:54 PM AEST,nan,nan,17.4,nan,nan,nan,nan,nan,nan,nan,nan,nan
14-Aug-24 1:36:27 PM AEST,nan,nan,nan,nan,nan,nan,nan,nan,8.30,nan,nan,nan
14-Aug-24 1:37:27 PM AEST,nan,nan,nan,nan,nan,nan,nan,nan,nan,nan,218.20,nan
14-Aug-24 1:44:45 PM AEST,nan,nan,nan,nan,nan,nan,nan,nan,nan,1.40,nan,nan
14-Aug-24 1:44:51 PM AEST,nan,nan,17.3,nan,nan,nan,nan,nan,nan,nan,nan,nan
14-Aug-24 1:45:33 PM AEST,nan,nan,nan,nan,nan,0.50,nan,nan,nan,nan,nan,nan
14-Aug-24 1:45:33 PM AEST,nan,nan,nan,nan,nan,0.43,nan,nan,nan,nan,nan,nan
14-Aug-24 1:48:54 PM AEST,nan,nan,nan,nan,nan,nan,nan,nan,3.50,nan,nan,nan
14-Aug-24 1:49:50 PM AEST,29.0,49.2,nan,nan,nan,nan,189.80,nan,nan,nan,nan,nan
14-Aug-24 1:49:56 PM AEST,nan,nan,nan,nan,nan,nan,nan,nan,nan,nan,189.80,nan
14-Aug-24 1:54:48 PM AEST,nan,nan,nan,nan,nan,nan,nan,nan,nan,nan,nan,650.80
14-Aug-24 2:22:12 PM AEST,nan,nan,nan,nan,nan,nan,nan,nan,nan,nan,nan,542.50
14-Aug-24 2:24:00 PM AEST,30.1,48.3,nan,nan,nan,nan,202.10,nan,nan,nan,nan,nan
14-Aug-24 2:36:00 PM AEST,nan,nan,nan,nan,nan,nan,nan,nan,nan,nan,197.20,nan
14-Aug-24 2:39:00 PM AEST,nan,nan,nan,nan,nan,nan,nan,0.21,nan,nan,nan,nan
14-Aug-24 2:39:00 PM AEST,nan,nan,nan,nan,nan,nan,nan,0.59,nan,nan,nan,nan
14-Aug-24 2:42:00 PM AEST,nan,nan,17.6,nan,nan,nan,nan,nan,nan,1.80,nan,nan
14-Aug-24 2:42:00 PM AEST,nan,nan,17.2,nan,nan,nan,nan,nan,nan,4.70,nan,nan
14-Aug-24 2:48:00 PM AEST,nan,nan,nan,nan,nan,nan,nan,nan,7.10,nan,nan,nan
14-Aug-24 2:48:29 PM AEST,nan,nan,nan,nan,nan,nan,nan,nan,nan,nan,267.60,nan
14-Aug-24 2:48:55 PM AEST,29.8,47.3,nan,nan,nan,nan,267.80,nan,nan,nan,nan,nan
14-Aug-24 2:49:36 PM AEST,nan,nan,nan,nan,nan,nan,nan,nan,nan,nan,nan,406.70
14-Aug-24 2:49:36 PM AEST,nan,nan,nan,nan,nan,nan,nan,nan,nan,nan,nan,482.50
14-Aug-24 3:12:00 PM AEST,nan,nan,nan,nan,nan,nan,nan,nan,8.30,nan,150.10,nan
14-Aug-24 3:13:50 PM AEST,29.5,50.3,nan,nan,nan,nan,nan,nan,nan,nan,nan,nan
14-Aug-24 3:14:00 PM AEST,nan,nan,18.0,nan,nan,nan,nan,nan,nan,5.10,nan,nan
14-Aug-24 3:27:00 PM AEST,nan,nan,nan,nan,nan,nan,nan,nan,nan,nan,nan,406.60
14-Aug-24 3:28:57 PM AEST,nan,nan,18.9,nan,nan,nan,nan,nan,nan,nan,nan,nan
14-Aug-24 3:36:00 PM AEST,nan,nan,nan,nan,nan,nan,nan,nan,5.90,nan,194.20,nan
14-Aug-24 3:42:00 PM AEST,nan,nan,nan,nan,nan,nan,nan,nan,nan,3.30,nan,nan
14-Aug-24 3:43:54 PM AEST,nan,nan,18.5,nan,nan,nan,nan,nan,nan,nan,nan,nan
14-Aug-24 3:54:24 PM AEST,nan,nan,nan,nan,nan,nan,nan,nan,nan,nan,nan,286.70
14-Aug-24 4:00:00 PM AEST,28.5,52.8,nan,nan,nan,nan,186.90,0.33,nan,nan,nan,nan
14-Aug-24 4:00:00 PM AEST,28.5,51.3,nan,nan,nan,nan,201.30,0.44,nan,nan,nan,nan
14-Aug-24 4:00:00 PM AEST,28.5,51.3,nan,nan,nan,nan,201.30,0.34,nan,nan,nan,nan
14-Aug-24 4:00:00 PM AEST,28.5,51.3,nan,nan,nan,nan,201.30,0.37,nan,nan,nan,nan
14-Aug-24 4:00:44 PM AEST,nan,nan,nan,nan,nan,0.32,nan,nan,nan,nan,nan,nan
14-Aug-24 4:00:44 PM AEST,nan,nan,nan,nan,nan,0.18,nan,nan,nan,nan,nan,nan
14-Aug-24 4:12:00 PM AEST,nan,nan,nan,nan,nan,nan,nan,nan,7.10,nan,201.30,nan
14-Aug-24 4:14:00 PM AEST,nan,nan,17.7,nan,nan,nan,nan,nan,nan,4.40,nan,nan
14-Aug-24 4:14:00 PM AEST,nan,nan,18.0,nan,nan,nan,nan,nan,nan,3.40,nan,nan
14-Aug-24 4:21:48 PM AEST,nan,nan,nan,nan,nan,nan,nan,nan,nan,nan,nan,270.80
14-Aug-24 4:21:48 PM AEST,nan,nan,nan,nan,nan,nan,nan,nan,nan,nan,nan,238.30
14-Aug-24 4:21:48 PM AEST,nan,nan,nan,nan,nan,nan,nan,nan,nan,nan,nan,205.00
14-Aug-24 4:24:27 PM AEST,nan,nan,nan,nan,nan,nan,nan,nan,5.90,nan,nan,nan
14-Aug-24 4:24:27 PM AEST,nan,nan,nan,nan,nan,nan,nan,nan,4.70,nan,nan,nan
14-Aug-24 4:24:29 PM AEST,nan,nan,nan,nan,nan,nan,nan,nan,nan,nan,214.40,nan
14-Aug-24 4:24:29 PM AEST,nan,nan,nan,nan,nan,nan,nan,nan,nan,nan,115.30,nan
14-Aug-24 4:24:55 PM AEST,28.6,52.7,nan,nan,nan,nan,214.40,nan,nan,nan,nan,nan
14-Aug-24 4:24:55 PM AEST,28.0,55.2,nan,nan,nan,nan,114.80,nan,nan,nan,nan,nan
14-Aug-24 4:24:55 PM AEST,27.5,57.0,nan,nan,nan,nan,117.50,nan,nan,nan,nan,nan
14-Aug-24 4:28:55 PM AEST,nan,nan,nan,nan,nan,nan,nan,nan,nan,3.70,nan,nan
14-Aug-24 4:28:57 PM AEST,nan,nan,18.3,nan,nan,nan,nan,nan,nan,nan,nan,nan
14-Aug-24 4:36:58 PM AEST,nan,nan,nan,nan,nan,nan,nan,nan,nan,nan,117.50,nan
14-Aug-24 5:27:00 PM AEST,nan,nan,nan,nan,nan,nan,nan,nan,nan,nan,nan,6.70
14-Aug-24 5:39:00 PM AEST,nan,nan,nan,nan,nan,nan,nan,0.00,nan,nan,nan,nan
14-Aug-24 5:42:00 PM AEST,nan,nan,16.9,nan,nan,nan,nan,nan,nan,0.00,nan,nan
14-Aug-24 5:48:00 PM AEST,21.6,75.0,nan,nan,nan,nan,129.30,nan,0.00,nan,0.00,nan
14-Aug-24 5:54:24 PM AEST,nan,nan,nan,nan,nan,nan,nan,nan,nan,nan,nan,0.00
14-Aug-24 6:12:55 PM AEST,20.1,80.8,nan,nan,nan,nan,nan,nan,nan,nan,nan,nan
14-Aug-24 6:12:55 PM AEST,19.8,83.2,nan,nan,nan,nan,nan,nan,nan,nan,nan,nan
14-Aug-24 6:14:00 PM AEST,nan,nan,16.7,nan,nan,nan,nan,nan,nan,nan,nan,nan
14-Aug-24 6:15:55 PM AEST,nan,nan,nan,nan,nan,0.02,nan,nan,nan,nan,nan,nan
14-Aug-24 6:21:48 PM AEST,nan,nan,nan,nan,nan,nan,nan,nan,nan,nan,nan,0.80
14-Aug-24 6:28:57 PM AEST,nan,nan,16.9,nan,nan,nan,nan,nan,nan,nan,nan,nan
14-Aug-24 6:28:57 PM AEST,nan,nan,16.7,nan,nan,nan,nan,nan,nan,nan,nan,nan
14-Aug-24 6:37:50 PM AEST,19.6,83.3,nan,nan,nan,nan,nan,nan,nan,nan,nan,nan
14-Aug-24 6:49:12 PM AEST,nan,nan,nan,nan,nan,nan,nan,nan,nan,nan,nan,0.00
14-Aug-24 10:00:00 PM AEST,nan,nan,nan,nan,nan,65.53,nan,nan,nan,nan,nan,nan
14-Aug-24 10:42:00 PM AEST,nan,nan,16.0,nan,nan,nan,nan,nan,nan,nan,nan,nan
14-Aug-24 10:48:00 PM AEST,16.9,93.8,nan,nan,nan,nan,nan,nan,nan,nan,nan,nan
15-Aug-24 12:00:00 PM AEST,nan,nan,nan,nan,nan,0.52,nan,0.31,nan,nan,nan,725.80
15-Aug-24 12:12:00 PM AEST,nan,nan,nan,nan,nan,nan,nan,nan,7.10,nan,255.80,nan
15-Aug-24 12:14:00 PM AEST,nan,nan,18.4,nan,nan,nan,nan,nan,nan,3.10,nan,nan
15-Aug-24 12:24:00 PM AEST,29.0,53.3,nan,nan,nan,nan,255.70,nan,nan,nan,nan,nan
15-Aug-24 2:00:00 PM AEST,nan,nan,nan,nan,nan,nan,nan,0.43,nan,nan,nan,622.50
15-Aug-24 2:14:00 PM AEST,nan,nan,18.2,nan,nan,nan,nan,nan,nan,4.20,nan,nan
15-Aug-24 2:15:11 PM AEST,nan,nan,nan,nan,nan,0.51,nan,nan,nan,nan,nan,nan
15-Aug-24 2:24:00 PM AEST,30.3,47.5,nan,nan,nan,nan,283.60,nan,5.90,nan,284.10,nan
15-Aug-24 4:30:22 PM AEST,nan,nan,nan,nan,nan,0.17,nan,nan,nan,nan,nan,nan
15-Aug-24 4:30:22 PM AEST,nan,nan,nan,nan,nan,0.03,nan,nan,nan,nan,nan,nan
15-Aug-24 5:00:00 PM AEST,nan,nan,nan,nan,nan,nan,nan,0.34,nan,nan,nan,nan
15-Aug-24 5:24:00 PM AEST,22.7,71.3,nan,nan,nan,nan,104.80,nan,3.50,nan,104.80,nan
15-Aug-24 5:24:00 PM AEST,22.3,74.0,nan,nan,nan,nan,104.80,nan,3.50,nan,104.80,nan
15-Aug-24 5:27:00 PM AEST,nan,nan,nan,nan,nan,nan,nan,nan,nan,nan,nan,12.50
15-Aug-24 5:27:00 PM AEST,nan,nan,nan,nan,nan,nan,nan,nan,nan,nan,nan,10.00
15-Aug-24 5:28:00 PM AEST,nan,nan,17.2,nan,nan,nan,nan,nan,nan,3.40,nan,nan
15-Aug-24 5:36:27 PM AEST,nan,nan,nan,nan,nan,nan,nan,nan,0.00,nan,nan,nan
15-Aug-24 5:36:29 PM AEST,nan,nan,nan,nan,nan,nan,nan,nan,nan,nan,0.00,nan
15-Aug-24 5:39:52 PM AEST,nan,nan,nan,nan,nan,nan,nan,0.00,nan,nan,nan,nan
15-Aug-24 5:39:52 PM AEST,nan,nan,nan,nan,nan,nan,nan,0.35,nan,nan,nan,nan
15-Aug-24 5:42:55 PM AEST,nan,nan,nan,nan,nan,nan,nan,nan,nan,0.00,nan,nan
15-Aug-24 5:42:55 PM AEST,nan,nan,nan,nan,nan,nan,nan,nan,nan,3.50,nan,nan
15-Aug-24 5:42:57 PM AEST,nan,nan,17.4,nan,nan,nan,nan,nan,nan,nan,nan,nan
15-Aug-24 5:48:54 PM AEST,nan,nan,nan,nan,nan,nan,nan,nan,3.50,nan,nan,nan
15-Aug-24 5:48:55 PM AEST,21.6,76.3,nan,nan,nan,nan,nan,nan,nan,nan,nan,nan
15-Aug-24 5:48:58 PM AEST,nan,nan,nan,nan,nan,nan,nan,nan,nan,nan,104.80,nan
15-Aug-24 5:54:24 PM AEST,nan,nan,nan,nan,nan,nan,nan,nan,nan,nan,nan,6.60
15-Aug-24 6:12:00 PM AEST,nan,nan,nan,nan,nan,nan,nan,nan,nan,nan,113.20,nan
15-Aug-24 6:13:50 PM AEST,21.1,83.5,nan,nan,nan,nan,nan,nan,nan,nan,nan,nan
15-Aug-24 6:13:50 PM AEST,21.2,84.5,nan,nan,nan,nan,nan,nan,nan,nan,nan,nan
15-Aug-24 6:14:00 PM AEST,nan,nan,17.9,nan,nan,nan,nan,nan,nan,0.40,nan,nan
15-Aug-24 6:14:00 PM AEST,nan,nan,18.1,nan,nan,nan,nan,nan,nan,0.90,nan,nan
15-Aug-24 6:19:44 PM AEST,nan,nan,nan,nan,nan,nan,nan,0.09,nan,nan,nan,nan
15-Aug-24 6:19:44 PM AEST,nan,nan,nan,nan,nan,nan,nan,0.26,nan,nan,nan,nan
15-Aug-24 6:19:44 PM AEST,nan,nan,nan,nan,nan,nan,nan,0.62,nan,nan,nan,nan
15-Aug-24 6:19:44 PM AEST,nan,nan,nan,nan,nan,nan,nan,0.28,nan,nan,nan,nan
15-Aug-24 6:21:48 PM AEST,nan,nan,nan,nan,nan,nan,nan,nan,nan,nan,nan,0.00
15-Aug-24 6:24:00 PM AEST,nan,nan,nan,nan,nan,nan,113.20,nan,2.40,nan,nan,nan
15-Aug-24 6:24:00 PM AEST,nan,nan,nan,nan,nan,nan,157.90,nan,3.50,nan,nan,nan
15-Aug-24 6:24:29 PM AEST,nan,nan,nan,nan,nan,nan,nan,nan,nan,nan,113.10,nan
15-Aug-24 6:28:55 PM AEST,nan,nan,nan,nan,nan,nan,nan,nan,nan,2.60,nan,nan
15-Aug-24 6:28:55 PM AEST,nan,nan,nan,nan,nan,nan,nan,nan,nan,6.20,nan,nan
15-Aug-24 6:28:57 PM AEST,nan,nan,18.4,nan,nan,nan,nan,nan,nan,nan,nan,nan
15-Aug-24 6:28:57 PM AEST,nan,nan,18.5,nan,nan,nan,nan,nan,nan,nan,nan,nan
15-Aug-24 6:36:27 PM AEST,nan,nan,nan,nan,nan,nan,nan,nan,8.30,nan,nan,nan
15-Aug-24 6:36:58 PM AEST,nan,nan,nan,nan,nan,nan,nan,nan,nan,nan,158.30,nan
15-Aug-24 6:38:45 PM AEST,21.1,85.2,nan,nan,nan,nan,nan,nan,nan,nan,nan,nan
15-Aug-24 6:38:45 PM AEST,21.3,85.0,nan,nan,nan,nan,nan,nan,nan,nan,nan,nan
15-Aug-24 6:43:50 PM AEST,nan,nan,nan,nan,nan,nan,nan,nan,nan,2.80,nan,nan
15-Aug-24 6:43:54 PM AEST,nan,nan,18.7,nan,nan,nan,nan,nan,nan,nan,nan,nan
15-Aug-24 6:45:33 PM AEST,nan,nan,nan,nan,nan,0.00,nan,nan,nan,nan,nan,nan
15-Aug-24 6:45:33 PM AEST,nan,nan,nan,nan,nan,65.53,nan,nan,nan,nan,nan,nan
15-Aug-24 6:48:54 PM AEST,nan,nan,nan,nan,nan,nan,nan,nan,4.70,nan,nan,nan
15-Aug-24 6:48:54 PM AEST,nan,nan,nan,nan,nan,nan,nan,nan,7.10,nan,nan,nan
15-Aug-24 6:48:55 PM AEST,nan,nan,nan,nan,nan,nan,150.60,nan,nan,nan,nan,nan
15-Aug-24 6:48:55 PM AEST,nan,nan,nan,nan,nan,nan,120.10,nan,nan,nan,nan,nan
15-Aug-24 6:49:27 PM AEST,nan,nan,nan,nan,nan,nan,nan,nan,nan,nan,151.30,nan
15-Aug-24 6:49:27 PM AEST,nan,nan,nan,nan,nan,nan,nan,nan,nan,nan,138.70,nan
15-Aug-24 6:58:45 PM AEST,nan,nan,nan,nan,nan,nan,nan,nan,nan,5.00,nan,nan
15-Aug-24 6:58:45 PM AEST,nan,nan,nan,nan,nan,nan,nan,nan,nan,1.90,nan,nan
15-Aug-24 6:58:51 PM AEST,nan,nan,18.9,nan,nan,nan,nan,nan,nan,nan,nan,nan
15-Aug-24 6:59:36 PM AEST,nan,nan,nan,nan,nan,nan,nan,0.19,nan,nan,nan,nan
15-Aug-24 6:59:36 PM AEST,nan,nan,nan,nan,nan,nan,nan,0.00,nan,nan,nan,nan
15-Aug-24 7:01:21 PM AEST,nan,nan,nan,nan,nan,nan,nan,nan,3.50,nan,nan,nan
15-Aug-24 7:01:56 PM AEST,nan,nan,nan,nan,nan,nan,nan,nan,nan,nan,120.20,nan
15-Aug-24 7:03:40 PM AEST,21.4,85.5,nan,nan,nan,nan,nan,nan,nan,nan,nan,nan
15-Aug-24 7:13:40 PM AEST,nan,nan,nan,nan,nan,nan,nan,nan,nan,0.00,nan,nan
15-Aug-24 7:13:48 PM AEST,nan,nan,18.4,nan,nan,nan,nan,nan,0.00,nan,nan,nan
15-Aug-24 7:13:50 PM AEST,nan,nan,nan,nan,nan,nan,142.90,nan,nan,nan,nan,nan
15-Aug-24 7:14:25 PM AEST,nan,nan,nan,nan,nan,nan,nan,nan,nan,nan,0.00,nan
15-Aug-24 7:26:15 PM AEST,nan,nan,nan,nan,nan,nan,nan,nan,2.40,nan,nan,nan
15-Aug-24 7:26:54 PM AEST,nan,nan,nan,nan,nan,nan,nan,nan,nan,nan,142.90,nan
15-Aug-24 7:28:35 PM AEST,20.5,86.3,nan,nan,nan,nan,nan,nan,nan,0.30,nan,nan
15-Aug-24 7:28:35 PM AEST,20.4,87.0,nan,nan,nan,nan,nan,nan,nan,0.50,nan,nan
15-Aug-24 7:28:45 PM AEST,nan,nan,18.3,nan,nan,nan,nan,nan,nan,nan,nan,nan
15-Aug-24 7:28:45 PM AEST,nan,nan,18.2,nan,nan,nan,nan,nan,nan,nan,nan,nan
15-Aug-24 7:28:45 PM AEST,nan,nan,18.1,nan,nan,nan,nan,nan,nan,nan,nan,nan
15-Aug-24 7:38:42 PM AEST,nan,nan,nan,nan,nan,nan,nan,nan,3.50,nan,nan,nan
15-Aug-24 7:38:45 PM AEST,nan,nan,nan,nan,nan,nan,142.30,nan,nan,nan,nan,nan
15-Aug-24 7:38:45 PM AEST,nan,nan,nan,nan,nan,nan,95.00,nan,nan,nan,nan,nan
15-Aug-24 7:39:23 PM AEST,nan,nan,nan,nan,nan,nan,nan,nan,nan,nan,142.40,nan
15-Aug-24 7:39:28 PM AEST,nan,nan,nan,nan,nan,nan,nan,0.05,nan,nan,nan,nan
15-Aug-24 7:39:28 PM AEST,nan,nan,nan,nan,nan,nan,nan,0.01,nan,nan,nan,nan
15-Aug-24 7:39:28 PM AEST,nan,nan,nan,nan,nan,nan,nan,0.00,nan,nan,nan,nan
15-Aug-24 7:43:30 PM AEST,nan,nan,nan,nan,nan,nan,nan,nan,nan,0.10,nan,nan
15-Aug-24 7:43:42 PM AEST,nan,nan,18.2,nan,nan,nan,nan,nan,nan,nan,nan,nan
15-Aug-24 7:51:09 PM AEST,nan,nan,nan,nan,nan,nan,nan,nan,1.20,nan,nan,nan
15-Aug-24 7:51:52 PM AEST,nan,nan,nan,nan,nan,nan,nan,nan,nan,nan,93.60,nan
15-Aug-24 7:53:30 PM AEST,20.5,86.3,nan,nan,nan,nan,nan,nan,nan,nan,nan,nan
15-Aug-24 7:53:30 PM AEST,20.0,86.7,nan,nan,nan,nan,nan,nan,nan,nan,nan,nan
15-Aug-24 7:58:25 PM AEST,nan,nan,nan,nan,nan,nan,nan,nan,nan,0.00,nan,nan
15-Aug-24 7:58:39 PM AEST,nan,nan,17.7,nan,nan,nan,nan,nan,nan,nan,nan,nan
15-Aug-24 8:00:00 PM AEST,nan,nan,nan,nan,nan,nan,nan,nan,nan,nan,nan,0.80
15-Aug-24 8:00:00 PM AEST,nan,nan,nan,nan,nan,nan,nan,nan,nan,nan,nan,0.00
15-Aug-24 8:03:36 PM AEST,nan,nan,nan,nan,nan,nan,nan,nan,0.00,nan,nan,nan
15-Aug-24 8:03:40 PM AEST,nan,nan,nan,nan,nan,nan,78.50,nan,nan,nan,nan,nan
15-Aug-24 8:04:21 PM AEST,nan,nan,nan,nan,nan,nan,nan,nan,nan,nan,0.00,nan
15-Aug-24 8:13:36 PM AEST,nan,nan,17.5,nan,nan,nan,nan,nan,nan,nan,nan,nan
15-Aug-24 8:18:25 PM AEST,19.5,88.0,nan,nan,nan,nan,nan,nan,nan,nan,nan,nan
15-Aug-24 8:18:25 PM AEST,19.2,88.8,nan,nan,nan,nan,nan,nan,nan,nan,nan,nan
15-Aug-24 8:19:20 PM AEST,nan,nan,nan,nan,nan,nan,nan,0.01,nan,nan,nan,nan
15-Aug-24 8:28:33 PM AEST,nan,nan,17.4,nan,nan,nan,nan,nan,nan,nan,nan,nan
15-Aug-24 8:28:33 PM AEST,nan,nan,17.2,nan,nan,nan,nan,nan,nan,nan,nan,nan
15-Aug-24 8:28:35 PM AEST,nan,nan,nan,nan,nan,nan,78.60,nan,nan,nan,nan,nan
15-Aug-24 8:28:35 PM AEST,nan,nan,nan,nan,nan,nan,78.50,nan,nan,nan,nan,nan
15-Aug-24 8:43:20 PM AEST,19.0,89.2,nan,nan,nan,nan,nan,nan,nan,nan,nan,nan
15-Aug-24 8:43:20 PM AEST,18.7,90.3,nan,nan,nan,nan,nan,nan,nan,nan,nan,nan
15-Aug-24 8:43:30 PM AEST,nan,nan,17.1,nan,nan,nan,nan,nan,nan,nan,nan,nan
15-Aug-24 8:48:00 PM AEST,nan,nan,nan,nan,nan,nan,nan,nan,1.20,nan,79.40,nan
15-Aug-24 8:53:30 PM AEST,nan,nan,nan,nan,nan,nan,78.60,nan,nan,nan,nan,nan
15-Aug-24 8:53:30 PM AEST,nan,nan,nan,nan,nan,nan,78.50,nan,nan,nan,nan,nan
15-Aug-24 8:56:00 PM AEST,nan,nan,nan,nan,nan,nan,nan,nan,nan,0.10,nan,nan
15-Aug-24 8:58:27 PM AEST,nan,nan,16.9,nan,nan,nan,nan,nan,nan,nan,nan,nan
15-Aug-24 8:59:12 PM AEST,nan,nan,nan,nan,nan,nan,nan,0.00,nan,nan,nan,nan
15-Aug-24 9:00:27 PM AEST,nan,nan,nan,nan,nan,nan,nan,nan,0.00,nan,nan,nan
15-Aug-24 9:00:29 PM AEST,nan,nan,nan,nan,nan,nan,nan,nan,nan,nan,0.00,nan
15-Aug-24 9:00:44 PM AEST,nan,nan,nan,nan,nan,65.53,nan,nan,nan,nan,nan,nan
15-Aug-24 9:08:15 PM AEST,18.4,90.7,nan,nan,nan,nan,nan,nan,nan,nan,nan,nan
15-Aug-24 9:08:15 PM AEST,18.2,91.0,nan,nan,nan,nan,nan,nan,nan,nan,nan,nan
15-Aug-24 9:08:15 PM AEST,18.2,91.5,nan,nan,nan,nan,nan,nan,nan,nan,nan,nan
15-Aug-24 9:10:55 PM AEST,nan,nan,nan,nan,nan,nan,nan,nan,nan,0.00,nan,nan
15-Aug-24 9:10:55 PM AEST,nan,nan,nan,nan,nan,nan,nan,nan,nan,0.10,nan,nan
15-Aug-24 9:12:54 PM AEST,nan,nan,nan,nan,nan,nan,nan,nan,1.20,nan,nan,nan
15-Aug-24 9:12:58 PM AEST,nan,nan,nan,nan,nan,nan,nan,nan,nan,nan,79.40,nan
15-Aug-24 9:13:24 PM AEST,nan,nan,16.8,nan,nan,nan,nan,nan,nan,nan,nan,nan
15-Aug-24 9:13:24 PM AEST,nan,nan,16.9,nan,nan,nan,nan,nan,nan,nan,nan,nan
15-Aug-24 9:13:24 PM AEST,nan,nan,16.8,nan,nan,nan,nan,nan,nan,nan,nan,nan
15-Aug-24 9:18:25 PM AEST,nan,nan,nan,nan,nan,nan,78.40,nan,nan,nan,nan,nan
15-Aug-24 9:25:21 PM AEST,nan,nan,nan,nan,nan,nan,nan,nan,0.00,nan,nan,nan
15-Aug-24 9:25:27 PM AEST,nan,nan,nan,nan,nan,nan,nan,nan,nan,nan,0.00,nan
15-Aug-24 9:25:50 PM AEST,nan,nan,nan,nan,nan,nan,nan,nan,nan,0.00,nan,nan
15-Aug-24 9:33:10 PM AEST,18.1,92.0,nan,nan,nan,nan,nan,nan,nan,nan,nan,nan
15-Aug-24 9:33:10 PM AEST,18.0,92.5,nan,nan,nan,nan,nan,nan,nan,nan,nan,nan
15-Aug-24 9:33:10 PM AEST,17.8,92.5,nan,nan,nan,nan,nan,nan,nan,nan,nan,nan
15-Aug-24 9:39:04 PM AEST,nan,nan,nan,nan,nan,nan,nan,0.01,nan,nan,nan,nan
15-Aug-24 9:39:04 PM AEST,nan,nan,nan,nan,nan,nan,nan,0.00,nan,nan,nan,nan
15-Aug-24 9:40:45 PM AEST,nan,nan,nan,nan,nan,nan,nan,nan,nan,0.10,nan,nan
15-Aug-24 9:42:00 PM AEST,nan,nan,16.6,nan,nan,nan,nan,nan,nan,nan,nan,nan
15-Aug-24 9:43:20 PM AEST,nan,nan,nan,nan,nan,nan,78.60,nan,nan,nan,nan,nan
15-Aug-24 9:48:00 PM AEST,nan,nan,nan,nan,nan,nan,nan,nan,1.20,nan,79.40,nan
15-Aug-24 9:48:00 PM AEST,nan,nan,nan,nan,nan,nan,nan,nan,0.00,nan,0.00,nan
15-Aug-24 9:55:40 PM AEST,nan,nan,nan,nan,nan,nan,nan,nan,nan,0.00,nan,nan
15-Aug-24 9:55:40 PM AEST,nan,nan,nan,nan,nan,nan,nan,nan,nan,0.10,nan,nan
15-Aug-24 9:56:57 PM AEST,nan,nan,16.5,nan,nan,nan,nan,nan,nan,nan,nan,nan
15-Aug-24 9:58:05 PM AEST,17.6,92.7,nan,nan,nan,nan,nan,nan,nan,nan,nan,nan
15-Aug-24 9:58:05 PM AEST,17.6,93.0,nan,nan,nan,nan,nan,nan,nan,nan,nan,nan
15-Aug-24 10:00:00 PM AEST,nan,nan,nan,nan,nan,nan,nan,nan,nan,nan,nan,0.80
15-Aug-24 10:00:00 PM AEST,nan,nan,nan,nan,nan,nan,nan,nan,nan,nan,nan,0.00
15-Aug-24 10:00:27 PM AEST,nan,nan,nan,nan,nan,nan,nan,nan,1.20,nan,nan,nan
15-Aug-24 10:00:27 PM AEST,nan,nan,nan,nan,nan,nan,nan,nan,0.00,nan,nan,nan
15-Aug-24 10:00:29 PM AEST,nan,nan,nan,nan,nan,nan,nan,nan,nan,nan,79.40,nan
15-Aug-24 10:00:29 PM AEST,nan,nan,nan,nan,nan,nan,nan,nan,nan,nan,0.00,nan
15-Aug-24 10:10:35 PM AEST,nan,nan,nan,nan,nan,nan,nan,nan,nan,0.00,nan,nan
15-Aug-24 10:11:54 PM AEST,nan,nan,16.4,nan,nan,nan,nan,nan,nan,nan,nan,nan
15-Aug-24 10:11:54 PM AEST,nan,nan,16.5,nan,nan,nan,nan,nan,nan,nan,nan,nan
15-Aug-24 10:23:00 PM AEST,17.5,93.3,nan,nan,nan,nan,nan,nan,nan,nan,nan,nan
15-Aug-24 10:23:00 PM AEST,17.4,93.5,nan,nan,nan,nan,nan,nan,nan,nan,nan,nan
15-Aug-24 10:26:51 PM AEST,nan,nan,16.3,nan,nan,nan,nan,nan,nan,nan,nan,nan
15-Aug-24 10:47:55 PM AEST,17.3,93.8,nan,nan,nan,nan,nan,nan,nan,nan,nan,nan
15-Aug-24 10:47:55 PM AEST,17.3,94.3,nan,nan,nan,nan,nan,nan,nan,nan,nan,nan
15-Aug-24 11:00:00 PM AEST,nan,nan,16.4,nan,nan,nan,nan,nan,nan,nan,nan,nan
15-Aug-24 11:12:50 PM AEST,17.2,94.5,nan,nan,nan,nan,nan,nan,nan,nan,nan,nan
15-Aug-24 11:12:50 PM AEST,17.2,94.7,nan,nan,nan,nan,nan,nan,nan,nan,nan,nan
15-Aug-24 11:14:57 PM AEST,nan,nan,16.3,nan,nan,nan,nan,nan,nan,nan,nan,nan
15-Aug-24 11:37:45 PM AEST,17.1,95.2,nan,nan,nan,nan,nan,nan,nan,nan,nan,nan
15-Aug-24 11:37:45 PM AEST,17.1,95.5,nan,nan,nan,nan,nan,nan,nan,nan,nan,nan
15-Aug-24 11:42:00 PM AEST,nan,nan,16.4,nan,nan,nan,nan,nan,nan,nan,nan,nan
16-Aug-24 12:00:00 AM AEST,nan,nan,nan,nan,nan,nan,nan,nan,nan,nan,nan,0.80
16-Aug-24 12:02:40 AM AEST,17.2,95.8,nan,nan,nan,nan,nan,nan,nan,nan,nan,nan
16-Aug-24 12:02:40 AM AEST,17.2,96.0,nan,nan,nan,nan,nan,nan,nan,nan,nan,nan
16-Aug-24 12:14:00 AM AEST,nan,nan,16.6,nan,nan,nan,nan,nan,nan,nan,nan,nan
16-Aug-24 12:27:24 AM AEST,nan,nan,nan,nan,nan,nan,nan,nan,nan,nan,nan,0.00
16-Aug-24 12:27:35 AM AEST,17.4,96.2,nan,nan,nan,nan,nan,nan,nan,nan,nan,nan
16-Aug-24 12:28:57 AM AEST,nan,nan,16.7,nan,nan,nan,nan,nan,nan,nan,nan,nan
16-Aug-24 12:43:54 AM AEST,nan,nan,16.6,nan,nan,nan,nan,nan,nan,nan,nan,nan
16-Aug-24 12:52:30 AM AEST,17.0,nan,nan,nan,nan,nan,nan,nan,nan,nan,nan,nan
16-Aug-24 12:58:51 AM AEST,nan,nan,16.5,nan,nan,nan,nan,nan,nan,nan,nan,nan
16-Aug-24 1:13:48 AM AEST,nan,nan,16.4,nan,nan,nan,nan,nan,nan,nan,nan,nan
16-Aug-24 1:17:25 AM AEST,16.9,nan,nan,nan,nan,nan,nan,nan,nan,nan,nan,nan
16-Aug-24 1:24:00 AM AEST,nan,96.3,nan,nan,nan,nan,nan,nan,nan,nan,nan,nan
16-Aug-24 1:28:45 AM AEST,nan,nan,16.3,nan,nan,nan,nan,nan,nan,nan,nan,nan
16-Aug-24 1:28:45 AM AEST,nan,nan,16.2,nan,nan,nan,nan,nan,nan,nan,nan,nan
16-Aug-24 1:42:20 AM AEST,17.0,nan,nan,nan,nan,nan,nan,nan,nan,nan,nan,nan
16-Aug-24 1:42:20 AM AEST,16.9,nan,nan,nan,nan,nan,nan,nan,nan,nan,nan,nan
16-Aug-24 1:43:42 AM AEST,nan,nan,16.5,nan,nan,nan,nan,nan,nan,nan,nan,nan
16-Aug-24 1:48:00 AM AEST,nan,nan,nan,nan,nan,nan,78.50,nan,nan,nan,nan,nan
16-Aug-24 1:48:55 AM AEST,nan,96.7,nan,nan,nan,nan,nan,nan,nan,nan,nan,nan
16-Aug-24 2:07:15 AM AEST,17.0,nan,nan,nan,nan,nan,nan,nan,nan,nan,nan,nan
16-Aug-24 2:07:15 AM AEST,16.9,nan,nan,nan,nan,nan,nan,nan,nan,nan,nan,nan
16-Aug-24 2:12:55 AM AEST,nan,nan,nan,nan,nan,nan,78.60,nan,nan,nan,nan,nan
16-Aug-24 2:13:50 AM AEST,nan,96.8,nan,nan,nan,nan,nan,nan,nan,nan,nan,nan
16-Aug-24 2:14:00 AM AEST,nan,nan,16.4,nan,nan,nan,nan,nan,nan,nan,nan,nan
16-Aug-24 2:28:00 AM AEST,nan,nan,nan,nan,nan,nan,nan,nan,nan,0.10,nan,nan
16-Aug-24 2:28:57 AM AEST,nan,nan,16.2,nan,nan,nan,nan,nan,nan,nan,nan,nan
16-Aug-24 2:32:10 AM AEST,16.7,nan,nan,nan,nan,nan,nan,nan,nan,nan,nan,nan
16-Aug-24 2:32:10 AM AEST,16.8,nan,nan,nan,nan,nan,nan,nan,nan,nan,nan,nan
16-Aug-24 2:36:00 AM AEST,nan,nan,nan,nan,nan,nan,nan,nan,1.20,nan,79.40,nan
16-Aug-24 2:38:45 AM AEST,nan,96.7,nan,nan,nan,nan,nan,nan,nan,nan,nan,nan
16-Aug-24 2:38:45 AM AEST,nan,97.2,nan,nan,nan,nan,nan,nan,nan,nan,nan,nan
16-Aug-24 2:39:00 AM AEST,nan,nan,nan,nan,nan,nan,nan,0.01,nan,nan,nan,nan
16-Aug-24 2:39:00 AM AEST,nan,nan,nan,nan,nan,nan,nan,0.00,nan,nan,nan,nan
16-Aug-24 2:42:55 AM AEST,nan,nan,nan,nan,nan,nan,nan,nan,nan,0.00,nan,nan
16-Aug-24 2:43:54 AM AEST,nan,nan,16.3,nan,nan,nan,nan,nan,nan,nan,nan,nan
16-Aug-24 2:48:27 AM AEST,nan,nan,nan,nan,nan,nan,nan,nan,0.00,nan,nan,nan
16-Aug-24 2:48:29 AM AEST,nan,nan,nan,nan,nan,nan,nan,nan,nan,nan,0.00,nan
16-Aug-24 3:24:00 AM AEST,16.7,97.3,nan,nan,nan,nan,nan,nan,nan,nan,nan,nan
16-Aug-24 3:28:00 AM AEST,nan,nan,16.2,nan,nan,nan,nan,nan,nan,nan,nan,nan
16-Aug-24 3:48:55 AM AEST,16.4,97.2,nan,nan,nan,nan,nan,nan,nan,nan,nan,nan
16-Aug-24 4:00:00 AM AEST,nan,nan,15.9,nan,nan,nan,nan,nan,nan,nan,nan,0.80
16-Aug-24 4:00:00 AM AEST,nan,nan,15.9,nan,nan,nan,nan,nan,nan,nan,nan,0.00
16-Aug-24 4:13:50 AM AEST,16.3,97.3,nan,nan,nan,nan,nan,nan,nan,nan,nan,nan
16-Aug-24 4:24:00 AM AEST,nan,nan,nan,nan,nan,nan,78.50,nan,nan,nan,nan,nan
16-Aug-24 4:38:45 AM AEST,16.2,97.5,nan,nan,nan,nan,nan,nan,nan,nan,nan,nan
16-Aug-24 4:42:00 AM AEST,nan,nan,15.8,nan,nan,nan,nan,nan,nan,nan,nan,nan
16-Aug-24 5:00:00 AM AEST,nan,nan,nan,nan,nan,nan,78.60,nan,nan,nan,nan,nan
16-Aug-24 5:03:40 AM AEST,nan,97.8,nan,nan,nan,nan,nan,nan,nan,nan,nan,nan
16-Aug-24 5:14:00 AM AEST,nan,nan,15.9,nan,nan,nan,nan,nan,nan,nan,nan,nan
16-Aug-24 5:14:00 AM AEST,nan,nan,15.8,nan,nan,nan,nan,nan,nan,nan,nan,nan
16-Aug-24 5:28:57 AM AEST,nan,nan,15.9,nan,nan,nan,nan,nan,nan,nan,nan,nan
16-Aug-24 5:43:54 AM AEST,nan,nan,15.8,nan,nan,nan,nan,nan,nan,nan,nan,nan
16-Aug-24 5:58:51 AM AEST,nan,nan,15.9,nan,nan,nan,nan,nan,nan,nan,nan,nan
16-Aug-24 6:00:00 AM AEST,16.1,98.2,nan,nan,nan,nan,78.50,nan,nan,nan,nan,nan
16-Aug-24 6:00:00 AM AEST,16.2,98.2,nan,nan,nan,nan,78.60,nan,nan,nan,nan,nan
16-Aug-24 6:13:48 AM AEST,nan,nan,15.8,nan,nan,nan,nan,nan,nan,nan,nan,nan
16-Aug-24 6:13:48 AM AEST,nan,nan,15.9,nan,nan,nan,nan,nan,nan,nan,nan,nan
16-Aug-24 6:24:55 AM AEST,16.1,98.0,nan,nan,nan,nan,78.50,nan,nan,nan,nan,nan
16-Aug-24 6:27:00 AM AEST,nan,nan,nan,nan,nan,nan,nan,nan,nan,nan,nan,2.50
16-Aug-24 6:27:00 AM AEST,nan,nan,nan,nan,nan,nan,nan,nan,nan,nan,nan,8.30
16-Aug-24 6:28:45 AM AEST,nan,nan,15.8,nan,nan,nan,nan,nan,nan,nan,nan,nan
16-Aug-24 6:49:50 AM AEST,nan,98.2,nan,nan,nan,nan,78.60,nan,nan,nan,nan,nan
16-Aug-24 6:54:24 AM AEST,nan,nan,nan,nan,nan,nan,nan,nan,nan,nan,nan,11.60
16-Aug-24 7:00:00 AM AEST,nan,nan,16.0,nan,nan,0.02,nan,nan,nan,nan,nan,nan
16-Aug-24 7:00:00 AM AEST,nan,nan,16.0,nan,nan,0.04,nan,nan,nan,nan,nan,nan
16-Aug-24 7:00:00 AM AEST,nan,nan,16.0,nan,nan,0.19,nan,nan,nan,nan,nan,nan
16-Aug-24 7:14:57 AM AEST,nan,nan,16.3,nan,nan,nan,nan,nan,nan,nan,nan,nan
16-Aug-24 7:21:48 AM AEST,nan,nan,nan,nan,nan,nan,nan,nan,nan,nan,nan,26.70
16-Aug-24 7:24:00 AM AEST,17.5,99.2,nan,nan,nan,nan,nan,nan,nan,nan,nan,nan
16-Aug-24 7:28:00 AM AEST,nan,nan,nan,nan,nan,nan,nan,nan,nan,0.10,nan,nan
16-Aug-24 7:29:54 AM AEST,nan,nan,16.9,nan,nan,nan,nan,nan,nan,nan,nan,nan
16-Aug-24 7:29:54 AM AEST,nan,nan,17.2,nan,nan,nan,nan,nan,nan,nan,nan,nan
16-Aug-24 7:36:00 AM AEST,nan,nan,nan,nan,nan,nan,nan,nan,1.20,nan,79.40,nan
16-Aug-24 7:39:00 AM AEST,nan,nan,nan,nan,nan,nan,nan,0.01,nan,nan,nan,nan
16-Aug-24 7:39:00 AM AEST,nan,nan,nan,nan,nan,nan,nan,0.00,nan,nan,nan,nan
16-Aug-24 7:42:55 AM AEST,nan,nan,nan,nan,nan,nan,nan,nan,nan,0.00,nan,nan
16-Aug-24 7:44:51 AM AEST,nan,nan,18.5,nan,nan,nan,nan,nan,nan,nan,nan,nan
16-Aug-24 7:48:27 AM AEST,nan,nan,nan,nan,nan,nan,nan,nan,0.00,nan,nan,nan
16-Aug-24 7:48:29 AM AEST,nan,nan,nan,nan,nan,nan,nan,nan,nan,nan,0.00,nan
16-Aug-24 7:48:55 AM AEST,18.6,99.5,nan,nan,nan,nan,nan,nan,nan,nan,nan,nan
16-Aug-24 7:48:55 AM AEST,20.6,99.8,nan,nan,nan,nan,nan,nan,nan,nan,nan,nan
16-Aug-24 7:49:12 AM AEST,nan,nan,nan,nan,nan,nan,nan,nan,nan,nan,nan,196.70
16-Aug-24 7:49:12 AM AEST,nan,nan,nan,nan,nan,nan,nan,nan,nan,nan,nan,242.40
16-Aug-24 7:49:12 AM AEST,nan,nan,nan,nan,nan,nan,nan,nan,nan,nan,nan,256.70
16-Aug-24 7:59:48 AM AEST,nan,nan,20.5,nan,nan,nan,nan,nan,nan,nan,nan,nan
16-Aug-24 8:13:50 AM AEST,20.5,99.5,nan,nan,nan,nan,nan,nan,nan,nan,nan,nan
16-Aug-24 8:14:45 AM AEST,nan,nan,20.2,nan,nan,nan,nan,nan,nan,nan,nan,nan
16-Aug-24 8:18:52 AM AEST,nan,nan,nan,nan,nan,nan,nan,0.14,nan,nan,nan,nan
16-Aug-24 8:18:52 AM AEST,nan,nan,nan,nan,nan,nan,nan,0.15,nan,nan,nan,nan
16-Aug-24 8:27:00 AM AEST,nan,nan,nan,nan,nan,nan,nan,nan,nan,nan,nan,358.30
16-Aug-24 8:38:45 AM AEST,23.1,85.3,nan,nan,nan,nan,nan,nan,nan,nan,nan,nan
16-Aug-24 8:38:45 AM AEST,23.5,82.3,nan,nan,nan,nan,nan,nan,nan,nan,nan,nan
16-Aug-24 8:42:00 AM AEST,nan,nan,20.4,nan,nan,nan,nan,nan,nan,1.40,nan,nan
16-Aug-24 8:42:00 AM AEST,nan,nan,20.4,nan,nan,nan,nan,nan,nan,1.50,nan,nan
16-Aug-24 8:48:00 AM AEST,nan,nan,nan,nan,nan,nan,174.50,nan,2.40,nan,174.70,nan
16-Aug-24 8:48:00 AM AEST,nan,nan,nan,nan,nan,nan,174.50,nan,3.50,nan,174.60,nan
16-Aug-24 8:54:24 AM AEST,nan,nan,nan,nan,nan,nan,nan,nan,nan,nan,nan,373.30
16-Aug-24 8:56:55 AM AEST,nan,nan,nan,nan,nan,nan,nan,nan,nan,4.00,nan,nan
16-Aug-24 8:56:57 AM AEST,nan,nan,20.0,nan,nan,nan,nan,nan,nan,nan,nan,nan
16-Aug-24 8:58:44 AM AEST,nan,nan,nan,nan,nan,nan,nan,0.13,nan,nan,nan,nan
16-Aug-24 9:00:27 AM AEST,nan,nan,nan,nan,nan,nan,nan,nan,5.90,nan,nan,nan
16-Aug-24 9:00:29 AM AEST,nan,nan,nan,nan,nan,nan,nan,nan,nan,nan,199.60,nan
16-Aug-24 9:12:55 AM AEST,nan,nan,nan,nan,nan,nan,301.80,nan,nan,nan,nan,nan
16-Aug-24 9:15:11 AM AEST,nan,nan,nan,nan,nan,0.33,nan,nan,nan,nan,nan,nan
16-Aug-24 9:15:11 AM AEST,nan,nan,nan,nan,nan,0.44,nan,nan,nan,nan,nan,nan
16-Aug-24 9:21:48 AM AEST,nan,nan,nan,nan,nan,nan,nan,nan,nan,nan,nan,479.10
16-Aug-24 9:24:00 AM AEST,26.2,70.2,nan,nan,nan,nan,nan,nan,nan,nan,nan,nan
16-Aug-24 9:28:00 AM AEST,nan,nan,20.3,nan,nan,nan,nan,nan,nan,1.30,nan,nan
16-Aug-24 9:36:00 AM AEST,nan,nan,nan,nan,nan,nan,nan,nan,2.40,nan,301.80,nan
16-Aug-24 9:37:50 AM AEST,nan,nan,nan,nan,nan,nan,285.60,nan,nan,nan,nan,nan
16-Aug-24 9:38:36 AM AEST,nan,nan,nan,nan,nan,nan,nan,0.09,nan,nan,nan,nan
16-Aug-24 9:48:55 AM AEST,27.6,60.7,nan,nan,nan,nan,nan,nan,nan,nan,nan,nan
16-Aug-24 9:48:55 AM AEST,27.7,58.7,nan,nan,nan,nan,nan,nan,nan,nan,nan,nan
16-Aug-24 9:49:12 AM AEST,nan,nan,nan,nan,nan,nan,nan,nan,nan,nan,nan,554.10
16-Aug-24 9:49:12 AM AEST,nan,nan,nan,nan,nan,nan,nan,nan,nan,nan,nan,564.90
16-Aug-24 10:00:00 AM AEST,nan,nan,19.1,nan,nan,nan,nan,nan,nan,0.50,285.30,nan
16-Aug-24 10:00:00 AM AEST,nan,nan,19.3,nan,nan,nan,nan,nan,nan,0.90,283.90,nan
16-Aug-24 10:02:45 AM AEST,nan,nan,nan,nan,nan,nan,284.00,nan,nan,nan,nan,nan
16-Aug-24 10:02:45 AM AEST,nan,nan,nan,nan,nan,nan,310.80,nan,nan,nan,nan,nan
16-Aug-24 10:12:00 AM AEST,nan,nan,nan,nan,nan,nan,nan,nan,1.20,nan,nan,nan
16-Aug-24 10:12:29 AM AEST,nan,nan,nan,nan,nan,nan,nan,nan,nan,nan,309.80,nan
16-Aug-24 10:13:50 AM AEST,27.9,56.3,nan,nan,nan,nan,nan,nan,nan,nan,nan,nan
16-Aug-24 10:13:50 AM AEST,27.7,56.5,nan,nan,nan,nan,nan,nan,nan,nan,nan,nan
16-Aug-24 10:14:55 AM AEST,nan,nan,nan,nan,nan,nan,nan,nan,nan,0.10,nan,nan
16-Aug-24 10:14:55 AM AEST,nan,nan,nan,nan,nan,nan,nan,nan,nan,2.30,nan,nan
16-Aug-24 10:14:57 AM AEST,nan,nan,18.4,nan,nan,nan,nan,nan,nan,nan,nan,nan
16-Aug-24 10:14:57 AM AEST,nan,nan,18.1,nan,nan,nan,nan,nan,nan,nan,nan,nan
16-Aug-24 10:16:36 AM AEST,nan,nan,nan,nan,nan,nan,nan,nan,nan,nan,nan,594.10
16-Aug-24 10:16:36 AM AEST,nan,nan,nan,nan,nan,nan,nan,nan,nan,nan,nan,609.90
16-Aug-24 10:18:28 AM AEST,nan,nan,nan,nan,nan,nan,nan,0.01,nan,nan,nan,nan
16-Aug-24 10:18:28 AM AEST,nan,nan,nan,nan,nan,nan,nan,0.25,nan,nan,nan,nan
16-Aug-24 10:24:27 AM AEST,nan,nan,nan,nan,nan,nan,nan,nan,3.50,nan,nan,nan
16-Aug-24 10:24:27 AM AEST,nan,nan,nan,nan,nan,nan,nan,nan,4.70,nan,nan,nan
16-Aug-24 10:24:27 AM AEST,nan,nan,nan,nan,nan,nan,nan,nan,3.50,nan,nan,nan
16-Aug-24 10:24:58 AM AEST,nan,nan,nan,nan,nan,nan,nan,nan,nan,nan,345.80,nan
16-Aug-24 10:24:58 AM AEST,nan,nan,nan,nan,nan,nan,nan,nan,nan,nan,295.60,nan
16-Aug-24 10:24:58 AM AEST,nan,nan,nan,nan,nan,nan,nan,nan,nan,nan,303.80,nan
16-Aug-24 10:27:40 AM AEST,nan,nan,nan,nan,nan,nan,295.30,nan,nan,nan,nan,nan
16-Aug-24 10:29:50 AM AEST,nan,nan,nan,nan,nan,nan,nan,nan,nan,2.50,nan,nan
16-Aug-24 10:29:50 AM AEST,nan,nan,nan,nan,nan,nan,nan,nan,nan,1.80,nan,nan
16-Aug-24 10:29:54 AM AEST,nan,nan,18.2,nan,nan,nan,nan,nan,nan,nan,nan,nan
16-Aug-24 10:29:54 AM AEST,nan,nan,19.1,nan,nan,nan,nan,nan,nan,nan,nan,nan
16-Aug-24 10:58:20 AM AEST,nan,nan,nan,nan,nan,nan,nan,0.64,nan,nan,nan,nan
16-Aug-24 10:58:20 AM AEST,nan,nan,nan,nan,nan,nan,nan,0.50,nan,nan,nan,nan
16-Aug-24 11:00:00 AM AEST,28.3,57.8,nan,nan,nan,nan,145.80,nan,nan,nan,nan,685.00
16-Aug-24 11:12:00 AM AEST,nan,nan,nan,nan,nan,nan,nan,nan,9.50,nan,146.20,nan
16-Aug-24 11:14:00 AM AEST,nan,nan,19.5,nan,nan,nan,nan,nan,nan,5.90,nan,nan
16-Aug-24 11:14:00 AM AEST,nan,nan,19.1,nan,nan,nan,nan,nan,nan,5.00,nan,nan
16-Aug-24 11:24:27 AM AEST,nan,nan,nan,nan,nan,nan,nan,nan,7.10,nan,nan,nan
16-Aug-24 11:24:27 AM AEST,nan,nan,nan,nan,nan,nan,nan,nan,8.30,nan,nan,nan
16-Aug-24 11:24:29 AM AEST,nan,nan,nan,nan,nan,nan,nan,nan,nan,nan,155.90,nan
16-Aug-24 11:24:29 AM AEST,nan,nan,nan,nan,nan,nan,nan,nan,nan,nan,157.70,nan
16-Aug-24 11:24:55 AM AEST,28.1,54.8,nan,nan,nan,nan,157.20,nan,nan,nan,nan,nan
16-Aug-24 11:24:55 AM AEST,28.4,54.8,nan,nan,nan,nan,218.40,nan,nan,nan,nan,nan
16-Aug-24 11:27:24 AM AEST,nan,nan,nan,nan,nan,nan,nan,nan,nan,nan,nan,698.30
16-Aug-24 11:27:24 AM AEST,nan,nan,nan,nan,nan,nan,nan,nan,nan,nan,nan,712.40
16-Aug-24 11:28:57 AM AEST,nan,nan,19.3,nan,nan,nan,nan,nan,nan,nan,nan,nan
16-Aug-24 11:30:22 AM AEST,nan,nan,nan,nan,nan,0.50,nan,nan,nan,nan,nan,nan
16-Aug-24 11:30:22 AM AEST,nan,nan,nan,nan,nan,0.54,nan,nan,nan,nan,nan,nan
16-Aug-24 11:36:54 AM AEST,nan,nan,nan,nan,nan,nan,nan,nan,7.10,nan,nan,nan
16-Aug-24 11:36:58 AM AEST,nan,nan,nan,nan,nan,nan,nan,nan,nan,nan,220.30,nan
16-Aug-24 11:38:12 AM AEST,nan,nan,nan,nan,nan,nan,nan,0.49,nan,nan,nan,nan
16-Aug-24 11:38:12 AM AEST,nan,nan,nan,nan,nan,nan,nan,0.42,nan,nan,nan,nan
16-Aug-24 11:38:12 AM AEST,nan,nan,nan,nan,nan,nan,nan,0.17,nan,nan,nan,nan
16-Aug-24 11:42:00 AM AEST,nan,nan,nan,nan,nan,nan,nan,nan,nan,4.50,nan,nan
16-Aug-24 11:43:54 AM AEST,nan,nan,19.0,nan,nan,nan,nan,nan,nan,nan,nan,nan
16-Aug-24 11:49:27 AM AEST,nan,nan,nan,nan,nan,nan,nan,nan,nan,nan,310.30,nan
16-Aug-24 11:49:50 AM AEST,29.5,44.8,nan,nan,nan,nan,293.90,nan,nan,nan,nan,nan
16-Aug-24 11:49:50 AM AEST,30.0,50.0,nan,nan,nan,nan,259.50,nan,nan,nan,nan,nan
16-Aug-24 11:54:48 AM AEST,nan,nan,nan,nan,nan,nan,nan,nan,nan,nan,nan,721.60
16-Aug-24 11:56:55 AM AEST,nan,nan,nan,nan,nan,nan,nan,nan,nan,3.50,nan,nan
16-Aug-24 11:56:55 AM AEST,nan,nan,nan,nan,nan,nan,nan,nan,nan,0.50,nan,nan
16-Aug-24 11:56:55 AM AEST,nan,nan,nan,nan,nan,nan,nan,nan,nan,1.70,nan,nan
16-Aug-24 11:58:51 AM AEST,nan,nan,16.4,nan,nan,nan,nan,nan,nan,nan,nan,nan
16-Aug-24 11:58:51 AM AEST,nan,nan,17.2,nan,nan,nan,nan,nan,nan,nan,nan,nan
16-Aug-24 11:58:51 AM AEST,nan,nan,18.1,nan,nan,nan,nan,nan,nan,nan,nan,nan
16-Aug-24 12:00:00 PM AEST,nan,nan,nan,nan,nan,nan,nan,nan,2.40,nan,nan,nan
16-Aug-24 12:00:00 PM AEST,nan,nan,nan,nan,nan,nan,nan,nan,4.70,nan,nan,nan
16-Aug-24 12:01:56 PM AEST,nan,nan,nan,nan,nan,nan,nan,nan,nan,nan,280.80,nan
16-Aug-24 12:01:56 PM AEST,nan,nan,nan,nan,nan,nan,nan,nan,nan,nan,258.50,nan
16-Aug-24 12:11:50 PM AEST,nan,nan,nan,nan,nan,nan,nan,nan,nan,4.30,nan,nan
16-Aug-24 12:13:48 PM AEST,nan,nan,15.1,nan,nan,nan,nan,nan,nan,nan,nan,nan
16-Aug-24 12:14:25 PM AEST,nan,nan,nan,nan,nan,nan,nan,nan,nan,nan,292.90,nan
16-Aug-24 12:14:45 PM AEST,29.8,43.3,nan,nan,nan,nan,293.00,nan,nan,nan,nan,nan
16-Aug-24 12:18:04 PM AEST,nan,nan,nan,nan,nan,nan,nan,0.44,nan,nan,nan,nan
16-Aug-24 12:18:04 PM AEST,nan,nan,nan,nan,nan,nan,nan,0.77,nan,nan,nan,nan
16-Aug-24 12:24:00 PM AEST,nan,nan,nan,nan,nan,nan,nan,nan,7.10,nan,nan,nan
16-Aug-24 12:27:00 PM AEST,nan,nan,nan,nan,nan,nan,nan,nan,nan,nan,nan,714.90
16-Aug-24 12:39:40 PM AEST,29.9,49.3,nan,nan,nan,nan,185.90,nan,nan,nan,nan,nan
16-Aug-24 12:42:00 PM AEST,nan,nan,17.3,nan,nan,nan,nan,nan,nan,4.20,nan,nan
16-Aug-24 12:42:00 PM AEST,nan,nan,18.0,nan,nan,nan,nan,nan,nan,7.40,nan,nan
16-Aug-24 12:48:00 PM AEST,nan,nan,nan,nan,nan,nan,nan,nan,9.50,nan,214.70,nan
16-Aug-24 12:48:00 PM AEST,nan,nan,nan,nan,nan,nan,nan,nan,11.80,nan,188.90,nan
16-Aug-24 12:54:24 PM AEST,nan,nan,nan,nan,nan,nan,nan,nan,nan,nan,nan,710.70
16-Aug-24 12:54:24 PM AEST,nan,nan,nan,nan,nan,nan,nan,nan,nan,nan,nan,677.40
16-Aug-24 12:56:55 PM AEST,nan,nan,nan,nan,nan,nan,nan,nan,nan,3.40,nan,nan
16-Aug-24 12:56:57 PM AEST,nan,nan,18.4,nan,nan,nan,nan,nan,nan,nan,nan,nan
16-Aug-24 12:57:56 PM AEST,nan,nan,nan,nan,nan,nan,nan,0.35,nan,nan,nan,nan
16-Aug-24 12:57:56 PM AEST,nan,nan,nan,nan,nan,nan,nan,0.65,nan,nan,nan,nan
16-Aug-24 1:00:27 PM AEST,nan,nan,nan,nan,nan,nan,nan,nan,5.90,nan,nan,nan
16-Aug-24 1:00:29 PM AEST,nan,nan,nan,nan,nan,nan,nan,nan,nan,nan,194.40,nan
16-Aug-24 1:04:35 PM AEST,29.4,48.8,nan,nan,nan,nan,192.60,nan,nan,nan,nan,nan
16-Aug-24 1:04:35 PM AEST,29.5,50.2,nan,nan,nan,nan,229.60,nan,nan,nan,nan,nan
16-Aug-24 1:11:50 PM AEST,nan,nan,nan,nan,nan,nan,nan,nan,nan,6.50,nan,nan
16-Aug-24 1:11:54 PM AEST,nan,nan,18.0,nan,nan,nan,nan,nan,nan,nan,nan,nan
16-Aug-24 1:21:48 PM AEST,nan,nan,nan,nan,nan,nan,nan,nan,nan,nan,nan,689.90
16-Aug-24 1:24:00 PM AEST,nan,nan,nan,nan,nan,nan,nan,nan,9.50,nan,229.80,nan
16-Aug-24 1:37:48 PM AEST,nan,nan,nan,nan,nan,nan,nan,0.41,nan,nan,nan,nan
16-Aug-24 1:37:48 PM AEST,nan,nan,nan,nan,nan,nan,nan,0.26,nan,nan,nan,nan
16-Aug-24 1:45:33 PM AEST,nan,nan,nan,nan,nan,0.51,nan,nan,nan,nan,nan,nan
16-Aug-24 1:45:33 PM AEST,nan,nan,nan,nan,nan,0.43,nan,nan,nan,nan,nan,nan
16-Aug-24 1:48:00 PM AEST,29.4,48.2,nan,nan,nan,nan,162.50,nan,5.90,nan,162.70,nan
16-Aug-24 1:48:00 PM AEST,30.2,47.8,nan,nan,nan,nan,190.90,nan,5.90,nan,162.70,nan
16-Aug-24 1:49:12 PM AEST,nan,nan,nan,nan,nan,nan,nan,nan,nan,nan,nan,650.80
16-Aug-24 1:49:12 PM AEST,nan,nan,nan,nan,nan,nan,nan,nan,nan,nan,nan,622.40
16-Aug-24 1:56:00 PM AEST,nan,nan,17.5,nan,nan,nan,nan,nan,nan,4.10,nan,nan
16-Aug-24 2:00:29 PM AEST,nan,nan,nan,nan,nan,nan,nan,nan,nan,nan,188.90,nan
16-Aug-24 2:10:55 PM AEST,nan,nan,nan,nan,nan,nan,nan,nan,nan,2.50,nan,nan
16-Aug-24 2:10:55 PM AEST,nan,nan,nan,nan,nan,nan,nan,nan,nan,1.30,nan,nan
16-Aug-24 2:10:57 PM AEST,nan,nan,17.7,nan,nan,nan,nan,nan,nan,nan,nan,nan
16-Aug-24 2:10:57 PM AEST,nan,nan,18.9,nan,nan,nan,nan,nan,nan,nan,nan,nan
16-Aug-24 2:12:00 PM AEST,nan,nan,nan,nan,nan,nan,nan,nan,3.50,nan,nan,nan
16-Aug-24 2:12:55 PM AEST,30.4,50.7,nan,nan,nan,nan,169.40,nan,nan,nan,nan,nan
16-Aug-24 2:12:55 PM AEST,30.1,52.3,nan,nan,nan,nan,151.00,nan,nan,nan,nan,nan
16-Aug-24 2:12:55 PM AEST,30.0,52.5,nan,nan,nan,nan,223.20,nan,nan,nan,nan,nan
16-Aug-24 2:12:58 PM AEST,nan,nan,nan,nan,nan,nan,nan,nan,nan,nan,181.20,nan
16-Aug-24 2:16:36 PM AEST,nan,nan,nan,nan,nan,nan,nan,nan,nan,nan,nan,603.30
16-Aug-24 2:16:36 PM AEST,nan,nan,nan,nan,nan,nan,nan,nan,nan,nan,nan,582.40
16-Aug-24 2:16:36 PM AEST,nan,nan,nan,nan,nan,nan,nan,nan,nan,nan,nan,572.40
16-Aug-24 2:17:40 PM AEST,nan,nan,nan,nan,nan,nan,nan,0.17,nan,nan,nan,nan
16-Aug-24 2:17:40 PM AEST,nan,nan,nan,nan,nan,nan,nan,0.50,nan,nan,nan,nan
16-Aug-24 2:17:40 PM AEST,nan,nan,nan,nan,nan,nan,nan,0.13,nan,nan,nan,nan
16-Aug-24 2:24:27 PM AEST,nan,nan,nan,nan,nan,nan,nan,nan,7.10,nan,nan,nan
16-Aug-24 2:24:27 PM AEST,nan,nan,nan,nan,nan,nan,nan,nan,4.70,nan,nan,nan
16-Aug-24 2:25:27 PM AEST,nan,nan,nan,nan,nan,nan,nan,nan,nan,nan,151.80,nan
16-Aug-24 2:25:27 PM AEST,nan,nan,nan,nan,nan,nan,nan,nan,nan,nan,221.90,nan
16-Aug-24 2:25:50 PM AEST,nan,nan,nan,nan,nan,nan,nan,nan,nan,4.60,nan,nan
16-Aug-24 2:25:50 PM AEST,nan,nan,nan,nan,nan,nan,nan,nan,nan,1.30,nan,nan
16-Aug-24 2:25:54 PM AEST,nan,nan,19.0,nan,nan,nan,nan,nan,nan,nan,nan,nan
16-Aug-24 2:25:54 PM AEST,nan,nan,19.4,nan,nan,nan,nan,nan,nan,nan,nan,nan
16-Aug-24 2:25:54 PM AEST,nan,nan,19.3,nan,nan,nan,nan,nan,nan,nan,nan,nan
16-Aug-24 2:44:00 PM AEST,nan,nan,nan,nan,nan,nan,nan,nan,nan,nan,nan,492.40
16-Aug-24 2:57:32 PM AEST,nan,nan,nan,nan,nan,nan,nan,0.32,nan,nan,nan,nan
16-Aug-24 2:57:32 PM AEST,nan,nan,nan,nan,nan,nan,nan,0.60,nan,nan,nan,nan
16-Aug-24 3:00:00 PM AEST,nan,45.2,17.1,nan,nan,nan,152.90,nan,8.30,3.20,153.10,nan
16-Aug-24 3:11:24 PM AEST,nan,nan,nan,nan,nan,nan,nan,nan,nan,nan,nan,437.40
16-Aug-24 3:24:00 PM AEST,29.9,nan,nan,nan,nan,nan,nan,nan,nan,nan,148.50,nan
16-Aug-24 3:24:55 PM AEST,nan,45.7,nan,nan,nan,nan,149.40,nan,nan,nan,nan,nan
16-Aug-24 3:24:55 PM AEST,nan,46.3,nan,nan,nan,nan,134.00,nan,nan,nan,nan,nan
16-Aug-24 3:28:00 PM AEST,nan,nan,16.4,nan,nan,nan,nan,nan,nan,5.90,nan,nan
16-Aug-24 3:28:00 PM AEST,nan,nan,17.7,nan,nan,nan,nan,nan,nan,3.30,nan,nan
16-Aug-24 3:36:00 PM AEST,nan,nan,nan,nan,nan,nan,nan,nan,5.90,nan,nan,nan
16-Aug-24 3:36:00 PM AEST,nan,nan,nan,nan,nan,nan,nan,nan,3.50,nan,nan,nan
16-Aug-24 3:36:29 PM AEST,nan,nan,nan,nan,nan,nan,nan,nan,nan,nan,133.10,nan
16-Aug-24 3:36:29 PM AEST,nan,nan,nan,nan,nan,nan,nan,nan,nan,nan,168.10,nan
16-Aug-24 3:37:24 PM AEST,nan,nan,nan,nan,nan,nan,nan,0.33,nan,nan,nan,nan
16-Aug-24 3:37:24 PM AEST,nan,nan,nan,nan,nan,nan,nan,0.14,nan,nan,nan,nan
16-Aug-24 3:37:24 PM AEST,nan,nan,nan,nan,nan,nan,nan,0.35,nan,nan,nan,nan
16-Aug-24 3:37:24 PM AEST,nan,nan,nan,nan,nan,nan,nan,0.09,nan,nan,nan,nan
16-Aug-24 3:38:48 PM AEST,nan,nan,nan,nan,nan,nan,nan,nan,nan,nan,nan,410.80
16-Aug-24 3:38:48 PM AEST,nan,nan,nan,nan,nan,nan,nan,nan,nan,nan,nan,381.60
16-Aug-24 3:38:48 PM AEST,nan,nan,nan,nan,nan,nan,nan,nan,nan,nan,nan,349.10
16-Aug-24 3:42:55 PM AEST,nan,nan,nan,nan,nan,nan,nan,nan,nan,1.50,nan,nan
16-Aug-24 3:42:55 PM AEST,nan,nan,nan,nan,nan,nan,nan,nan,nan,1.40,nan,nan
16-Aug-24 3:42:57 PM AEST,nan,nan,17.1,nan,nan,nan,nan,nan,nan,nan,nan,nan
16-Aug-24 3:42:57 PM AEST,nan,nan,17.0,nan,nan,nan,nan,nan,nan,nan,nan,nan
16-Aug-24 3:48:55 PM AEST,30.3,nan,nan,nan,nan,nan,nan,nan,nan,nan,nan,nan
16-Aug-24 3:48:55 PM AEST,29.4,nan,nan,nan,nan,nan,nan,nan,nan,nan,nan,nan
16-Aug-24 3:48:55 PM AEST,29.6,nan,nan,nan,nan,nan,nan,nan,nan,nan,nan,nan
16-Aug-24 3:48:58 PM AEST,nan,nan,nan,nan,nan,nan,nan,nan,nan,nan,168.20,nan
16-Aug-24 3:48:58 PM AEST,nan,nan,nan,nan,nan,nan,nan,nan,nan,nan,167.30,nan
16-Aug-24 3:49:50 PM AEST,nan,45.2,nan,nan,nan,nan,168.20,nan,nan,nan,nan,nan
16-Aug-24 3:49:50 PM AEST,nan,50.2,nan,nan,nan,nan,165.10,nan,nan,nan,nan,nan
16-Aug-24 3:49:50 PM AEST,nan,52.2,nan,nan,nan,nan,170.40,nan,nan,nan,nan,nan
16-Aug-24 3:57:50 PM AEST,nan,nan,nan,nan,nan,nan,nan,nan,nan,3.10,nan,nan
16-Aug-24 3:57:50 PM AEST,nan,nan,nan,nan,nan,nan,nan,nan,nan,0.90,nan,nan
16-Aug-24 3:57:54 PM AEST,nan,nan,17.8,nan,nan,nan,nan,nan,nan,nan,nan,nan
16-Aug-24 3:57:54 PM AEST,nan,nan,18.4,nan,nan,nan,nan,nan,nan,nan,nan,nan
16-Aug-24 4:00:00 PM AEST,nan,nan,nan,nan,nan,nan,nan,nan,5.90,nan,nan,nan
16-Aug-24 4:00:00 PM AEST,nan,nan,nan,nan,nan,nan,nan,nan,2.40,nan,nan,nan
16-Aug-24 4:00:44 PM AEST,nan,nan,nan,nan,nan,0.32,nan,nan,nan,nan,nan,nan
16-Aug-24 4:00:44 PM AEST,nan,nan,nan,nan,nan,0.17,nan,nan,nan,nan,nan,nan
16-Aug-24 4:00:44 PM AEST,nan,nan,nan,nan,nan,0.01,nan,nan,nan,nan,nan,nan
16-Aug-24 4:01:27 PM AEST,nan,nan,nan,nan,nan,nan,nan,nan,nan,nan,170.50,nan
16-Aug-24 4:06:12 PM AEST,nan,nan,nan,nan,nan,nan,nan,nan,nan,nan,nan,334.10
16-Aug-24 4:06:12 PM AEST,nan,nan,nan,nan,nan,nan,nan,nan,nan,nan,nan,285.80
16-Aug-24 4:12:27 PM AEST,nan,nan,nan,nan,nan,nan,nan,nan,5.90,nan,nan,nan
16-Aug-24 4:12:45 PM AEST,nan,nan,nan,nan,nan,nan,nan,nan,nan,2.30,nan,nan
16-Aug-24 4:12:45 PM AEST,nan,nan,nan,nan,nan,nan,nan,nan,nan,3.60,nan,nan
16-Aug-24 4:12:51 PM AEST,nan,nan,19.3,nan,nan,nan,nan,nan,nan,nan,nan,nan
16-Aug-24 4:12:51 PM AEST,nan,nan,18.7,nan,nan,nan,nan,nan,nan,nan,nan,nan
16-Aug-24 4:13:50 PM AEST,29.7,nan,nan,nan,nan,nan,nan,nan,nan,nan,nan,nan
16-Aug-24 4:13:56 PM AEST,nan,nan,nan,nan,nan,nan,nan,nan,nan,nan,166.60,nan
16-Aug-24 4:14:45 PM AEST,nan,54.5,nan,nan,nan,nan,160.00,nan,nan,nan,nan,nan
16-Aug-24 4:17:16 PM AEST,nan,nan,nan,nan,nan,nan,nan,0.24,nan,nan,nan,nan
16-Aug-24 4:17:16 PM AEST,nan,nan,nan,nan,nan,nan,nan,0.20,nan,nan,nan,nan
16-Aug-24 4:26:25 PM AEST,nan,nan,nan,nan,nan,nan,nan,nan,nan,nan,311.60,nan
16-Aug-24 4:33:36 PM AEST,nan,nan,nan,nan,nan,nan,nan,nan,nan,nan,nan,188.30
16-Aug-24 4:33:36 PM AEST,nan,nan,nan,nan,nan,nan,nan,nan,nan,nan,nan,185.00
16-Aug-24 4:38:45 PM AEST,29.4,nan,nan,nan,nan,nan,nan,nan,nan,nan,nan,nan
16-Aug-24 4:38:45 PM AEST,29.3,nan,nan,nan,nan,nan,nan,nan,nan,nan,nan,nan
16-Aug-24 4:38:45 PM AEST,27.6,nan,nan,nan,nan,nan,nan,nan,nan,nan,nan,nan
16-Aug-24 4:39:40 PM AEST,nan,53.3,nan,nan,nan,nan,169.00,nan,nan,nan,nan,nan
16-Aug-24 4:39:40 PM AEST,nan,53.8,nan,nan,nan,nan,109.10,nan,nan,nan,nan,nan
16-Aug-24 4:39:40 PM AEST,nan,57.7,nan,nan,nan,nan,109.10,nan,nan,nan,nan,nan
16-Aug-24 4:42:00 PM AEST,nan,nan,18.8,nan,nan,nan,nan,nan,nan,2.00,nan,nan
16-Aug-24 4:42:00 PM AEST,nan,nan,18.9,nan,nan,nan,nan,nan,nan,2.00,nan,nan
16-Aug-24 4:48:00 PM AEST,nan,nan,nan,nan,nan,nan,nan,nan,3.50,nan,169.10,nan
16-Aug-24 4:48:00 PM AEST,nan,nan,nan,nan,nan,nan,nan,nan,3.50,nan,169.00,nan
16-Aug-24 4:56:55 PM AEST,nan,nan,nan,nan,nan,nan,nan,nan,nan,4.50,nan,nan
16-Aug-24 4:56:55 PM AEST,nan,nan,nan,nan,nan,nan,nan,nan,nan,2.00,nan,nan
16-Aug-24 4:56:57 PM AEST,nan,nan,18.7,nan,nan,nan,nan,nan,nan,nan,nan,nan
16-Aug-24 4:56:57 PM AEST,nan,nan,18.5,nan,nan,nan,nan,nan,nan,nan,nan,nan
16-Aug-24 4:57:08 PM AEST,nan,nan,nan,nan,nan,nan,nan,0.45,nan,nan,nan,nan
16-Aug-24 4:57:08 PM AEST,nan,nan,nan,nan,nan,nan,nan,0.25,nan,nan,nan,nan
16-Aug-24 4:57:08 PM AEST,nan,nan,nan,nan,nan,nan,nan,0.00,nan,nan,nan,nan
16-Aug-24 4:57:08 PM AEST,nan,nan,nan,nan,nan,nan,nan,0.01,nan,nan,nan,nan
16-Aug-24 5:00:27 PM AEST,nan,nan,nan,nan,nan,nan,nan,nan,5.90,nan,nan,nan
16-Aug-24 5:00:27 PM AEST,nan,nan,nan,nan,nan,nan,nan,nan,3.50,nan,nan,nan
16-Aug-24 5:00:29 PM AEST,nan,nan,nan,nan,nan,nan,nan,nan,nan,nan,109.10,nan
16-Aug-24 5:01:00 PM AEST,nan,nan,nan,nan,nan,nan,nan,nan,nan,nan,nan,156.60
16-Aug-24 5:01:00 PM AEST,nan,nan,nan,nan,nan,nan,nan,nan,nan,nan,nan,12.50
16-Aug-24 5:01:00 PM AEST,nan,nan,nan,nan,nan,nan,nan,nan,nan,nan,nan,10.80
16-Aug-24 5:03:40 PM AEST,25.5,nan,nan,nan,nan,nan,nan,nan,nan,nan,nan,nan
16-Aug-24 5:03:40 PM AEST,24.5,nan,nan,nan,nan,nan,nan,nan,nan,nan,nan,nan
16-Aug-24 5:04:35 PM AEST,nan,62.5,nan,nan,nan,nan,114.20,nan,nan,nan,nan,nan
16-Aug-24 5:04:35 PM AEST,nan,65.7,nan,nan,nan,nan,114.20,nan,nan,nan,nan,nan
16-Aug-24 5:11:50 PM AEST,nan,nan,nan,nan,nan,nan,nan,nan,nan,2.50,nan,nan
16-Aug-24 5:11:50 PM AEST,nan,nan,nan,nan,nan,nan,nan,nan,nan,0.90,nan,nan
16-Aug-24 5:11:50 PM AEST,nan,nan,nan,nan,nan,nan,nan,nan,nan,0.00,nan,nan
16-Aug-24 5:11:54 PM AEST,nan,nan,18.0,nan,nan,nan,nan,nan,nan,nan,nan,nan
16-Aug-24 5:11:54 PM AEST,nan,nan,17.7,nan,nan,nan,nan,nan,nan,nan,nan,nan
16-Aug-24 5:11:54 PM AEST,nan,nan,17.5,nan,nan,nan,nan,nan,nan,nan,nan,nan
16-Aug-24 5:12:54 PM AEST,nan,nan,nan,nan,nan,nan,nan,nan,2.40,nan,nan,nan
16-Aug-24 5:12:58 PM AEST,nan,nan,nan,nan,nan,nan,nan,nan,nan,nan,114.20,nan
16-Aug-24 5:25:21 PM AEST,nan,nan,nan,nan,nan,nan,nan,nan,0.00,nan,nan,nan
16-Aug-24 5:25:21 PM AEST,nan,nan,nan,nan,nan,nan,nan,nan,1.20,nan,nan,nan
16-Aug-24 5:25:27 PM AEST,nan,nan,nan,nan,nan,nan,nan,nan,nan,nan,0.00,nan
16-Aug-24 5:25:27 PM AEST,nan,nan,nan,nan,nan,nan,nan,nan,nan,nan,111.80,nan
16-Aug-24 5:26:45 PM AEST,nan,nan,nan,nan,nan,nan,nan,nan,nan,0.10,nan,nan
16-Aug-24 5:26:51 PM AEST,nan,nan,17.6,nan,nan,nan,nan,nan,nan,nan,nan,nan
16-Aug-24 5:28:24 PM AEST,nan,nan,nan,nan,nan,nan,nan,nan,nan,nan,nan,9.20
16-Aug-24 5:28:24 PM AEST,nan,nan,nan,nan,nan,nan,nan,nan,nan,nan,nan,6.70
16-Aug-24 5:28:35 PM AEST,23.4,nan,nan,nan,nan,nan,nan,nan,nan,nan,nan,nan
16-Aug-24 5:28:35 PM AEST,22.4,nan,nan,nan,nan,nan,nan,nan,nan,nan,nan,nan
16-Aug-24 5:29:30 PM AEST,nan,70.2,nan,nan,nan,nan,nan,nan,nan,nan,nan,nan
16-Aug-24 5:29:30 PM AEST,nan,74.5,nan,nan,nan,nan,nan,nan,nan,nan,nan,nan
16-Aug-24 5:37:00 PM AEST,nan,nan,nan,nan,nan,nan,nan,0.00,nan,nan,nan,nan
16-Aug-24 5:41:40 PM AEST,nan,nan,nan,nan,nan,nan,nan,nan,nan,0.00,nan,nan
16-Aug-24 5:48:00 PM AEST,nan,nan,nan,nan,nan,nan,nan,nan,0.00,nan,0.00,nan
16-Aug-24 5:53:30 PM AEST,21.7,nan,nan,nan,nan,nan,nan,nan,nan,nan,nan,nan
16-Aug-24 5:54:25 PM AEST,nan,76.2,nan,nan,nan,nan,nan,nan,nan,nan,nan,nan
16-Aug-24 5:55:48 PM AEST,nan,nan,nan,nan,nan,nan,nan,nan,nan,nan,nan,2.50
16-Aug-24 6:00:00 PM AEST,nan,nan,17.2,nan,nan,nan,nan,nan,nan,nan,nan,nan
16-Aug-24 6:15:55 PM AEST,nan,nan,nan,nan,nan,65.53,nan,nan,nan,nan,nan,nan
16-Aug-24 6:18:25 PM AEST,20.2,nan,nan,nan,nan,nan,nan,nan,nan,nan,nan,nan
16-Aug-24 6:19:20 PM AEST,nan,82.3,nan,nan,nan,nan,nan,nan,nan,nan,nan,nan
16-Aug-24 6:23:12 PM AEST,nan,nan,nan,nan,nan,nan,nan,nan,nan,nan,nan,0.00
16-Aug-24 6:28:00 PM AEST,nan,nan,17.1,nan,nan,nan,nan,nan,nan,nan,nan,nan
16-Aug-24 6:42:57 PM AEST,nan,nan,16.9,nan,nan,nan,nan,nan,nan,nan,nan,nan
16-Aug-24 6:43:20 PM AEST,19.8,nan,nan,nan,nan,nan,nan,nan,nan,nan,nan,nan
16-Aug-24 6:44:15 PM AEST,nan,83.2,nan,nan,nan,nan,nan,nan,nan,nan,nan,nan
16-Aug-24 6:57:54 PM AEST,nan,nan,16.7,nan,nan,nan,nan,nan,nan,nan,nan,nan
16-Aug-24 7:00:00 PM AEST,nan,nan,nan,nan,nan,nan,nan,nan,2.40,1.70,114.20,nan
16-Aug-24 7:08:15 PM AEST,18.9,nan,nan,nan,nan,nan,nan,nan,nan,nan,nan,nan
16-Aug-24 7:09:10 PM AEST,nan,85.3,nan,nan,nan,nan,nan,nan,nan,nan,nan,nan
16-Aug-24 7:12:51 PM AEST,nan,nan,16.6,nan,nan,nan,nan,nan,nan,nan,nan,nan
16-Aug-24 7:14:55 PM AEST,nan,nan,nan,nan,nan,nan,nan,nan,nan,0.00,nan,nan
16-Aug-24 7:24:00 PM AEST,nan,nan,nan,nan,nan,nan,nan,nan,0.00,nan,0.00,nan
16-Aug-24 7:27:48 PM AEST,nan,nan,16.4,nan,nan,nan,nan,nan,nan,nan,nan,nan
16-Aug-24 8:00:00 PM AEST,18.5,89.2,16.8,nan,nan,nan,112.10,nan,nan,nan,nan,nan
16-Aug-24 8:00:00 PM AEST,18.5,89.5,16.8,nan,nan,nan,112.10,nan,nan,nan,nan,nan
16-Aug-24 8:14:00 PM AEST,nan,nan,nan,nan,nan,nan,nan,nan,nan,0.70,nan,nan
16-Aug-24 8:14:57 PM AEST,nan,nan,16.6,nan,nan,nan,nan,nan,nan,nan,nan,nan
16-Aug-24 8:14:57 PM AEST,nan,nan,16.8,nan,nan,nan,nan,nan,nan,nan,nan,nan
16-Aug-24 8:14:57 PM AEST,nan,nan,16.9,nan,nan,nan,nan,nan,nan,nan,nan,nan
16-Aug-24 8:24:00 PM AEST,nan,nan,nan,nan,nan,nan,nan,nan,2.40,nan,112.10,nan
16-Aug-24 8:24:00 PM AEST,nan,nan,nan,nan,nan,nan,nan,nan,0.00,nan,0.00,nan
16-Aug-24 8:24:55 PM AEST,18.4,90.0,nan,nan,nan,nan,112.00,nan,nan,nan,nan,nan
16-Aug-24 8:24:55 PM AEST,18.3,90.5,nan,nan,nan,nan,112.00,nan,nan,nan,nan,nan
16-Aug-24 8:28:55 PM AEST,nan,nan,nan,nan,nan,nan,nan,nan,nan,0.00,nan,nan
16-Aug-24 8:29:54 PM AEST,nan,nan,16.8,nan,nan,nan,nan,nan,nan,nan,nan,nan
16-Aug-24 8:31:06 PM AEST,nan,nan,nan,nan,nan,65.53,nan,nan,nan,nan,nan,nan
16-Aug-24 8:31:06 PM AEST,nan,nan,nan,nan,nan,65.53,nan,nan,nan,nan,nan,nan
16-Aug-24 8:39:00 PM AEST,nan,nan,nan,nan,nan,nan,nan,0.12,nan,nan,nan,nan
16-Aug-24 8:39:00 PM AEST,nan,nan,nan,nan,nan,nan,nan,0.00,nan,nan,nan,nan
16-Aug-24 8:43:50 PM AEST,nan,nan,nan,nan,nan,nan,nan,nan,nan,1.20,nan,nan
16-Aug-24 8:44:51 PM AEST,nan,nan,16.7,nan,nan,nan,nan,nan,nan,nan,nan,nan
16-Aug-24 8:44:51 PM AEST,nan,nan,16.6,nan,nan,nan,nan,nan,nan,nan,nan,nan
16-Aug-24 8:48:00 PM AEST,nan,nan,nan,nan,nan,nan,nan,nan,2.40,nan,112.00,nan
16-Aug-24 8:49:50 PM AEST,18.2,90.8,nan,nan,nan,nan,nan,nan,nan,nan,nan,nan
16-Aug-24 8:49:50 PM AEST,18.2,91.5,nan,nan,nan,nan,nan,nan,nan,nan,nan,nan
16-Aug-24 8:58:45 PM AEST,nan,nan,nan,nan,nan,nan,nan,nan,nan,0.00,nan,nan
16-Aug-24 8:59:48 PM AEST,nan,nan,16.7,nan,nan,nan,nan,nan,nan,nan,nan,nan
16-Aug-24 9:00:27 PM AEST,nan,nan,nan,nan,nan,nan,nan,nan,0.00,nan,nan,nan
16-Aug-24 9:00:29 PM AEST,nan,nan,nan,nan,nan,nan,nan,nan,nan,nan,0.00,nan
16-Aug-24 9:14:45 PM AEST,18.0,92.0,nan,nan,nan,nan,nan,nan,nan,nan,nan,nan
16-Aug-24 9:14:45 PM AEST,18.0,92.5,nan,nan,nan,nan,nan,nan,nan,nan,nan,nan
16-Aug-24 9:24:00 PM AEST,nan,nan,nan,nan,nan,nan,112.10,nan,nan,nan,nan,nan
16-Aug-24 9:24:00 PM AEST,nan,nan,nan,nan,nan,nan,112.00,nan,nan,nan,nan,nan
16-Aug-24 9:28:00 PM AEST,nan,nan,16.6,nan,nan,nan,nan,nan,nan,nan,nan,nan
16-Aug-24 9:39:40 PM AEST,17.8,92.8,nan,nan,nan,nan,nan,nan,nan,nan,nan,nan
16-Aug-24 9:39:40 PM AEST,17.7,92.8,nan,nan,nan,nan,nan,nan,nan,nan,nan,nan
16-Aug-24 10:00:00 PM AEST,nan,nan,16.5,nan,nan,nan,nan,nan,nan,nan,nan,nan
16-Aug-24 10:04:35 PM AEST,17.5,93.5,nan,nan,nan,nan,nan,nan,nan,nan,nan,nan
16-Aug-24 10:14:57 PM AEST,nan,nan,16.4,nan,nan,nan,nan,nan,nan,nan,nan,nan
16-Aug-24 10:24:00 PM AEST,nan,nan,nan,nan,nan,nan,112.10,nan,nan,nan,nan,nan
16-Aug-24 10:29:30 PM AEST,17.3,94.0,nan,nan,nan,nan,nan,nan,nan,nan,nan,nan
16-Aug-24 10:29:30 PM AEST,17.3,94.2,nan,nan,nan,nan,nan,nan,nan,nan,nan,nan
16-Aug-24 10:48:55 PM AEST,nan,nan,nan,nan,nan,nan,112.00,nan,nan,nan,nan,nan
16-Aug-24 11:14:00 PM AEST,nan,nan,16.1,nan,nan,nan,nan,nan,nan,nan,nan,nan
16-Aug-24 11:24:00 PM AEST,17.0,94.7,nan,nan,nan,nan,nan,nan,nan,nan,nan,nan
16-Aug-24 11:42:00 PM AEST,nan,nan,15.8,nan,nan,nan,nan,nan,nan,nan,nan,nan
16-Aug-24 11:42:00 PM AEST,nan,nan,15.7,nan,nan,nan,nan,nan,nan,nan,nan,nan
16-Aug-24 11:48:00 PM AEST,nan,nan,nan,nan,nan,nan,112.10,nan,nan,nan,nan,nan
16-Aug-24 11:48:00 PM AEST,nan,nan,nan,nan,nan,nan,112.00,nan,nan,nan,nan,nan
16-Aug-24 11:48:55 PM AEST,16.6,nan,nan,nan,nan,nan,nan,nan,nan,nan,nan,nan
16-Aug-24 11:48:55 PM AEST,16.4,nan,nan,nan,nan,nan,nan,nan,nan,nan,nan,nan
16-Aug-24 11:56:57 PM AEST,nan,nan,15.6,nan,nan,nan,nan,nan,nan,nan,nan,nan
17-Aug-24 12:00:00 AM AEST,nan,94.8,nan,nan,nan,nan,nan,nan,nan,nan,nan,nan
17-Aug-24 12:11:54 AM AEST,nan,nan,15.5,nan,nan,nan,nan,nan,nan,nan,nan,nan
17-Aug-24 12:13:50 AM AEST,16.3,nan,nan,nan,nan,nan,nan,nan,nan,nan,nan,nan
17-Aug-24 12:24:00 AM AEST,nan,nan,nan,nan,nan,nan,112.10,nan,nan,nan,nan,nan
17-Aug-24 12:26:51 AM AEST,nan,nan,15.0,nan,nan,nan,nan,nan,nan,nan,nan,nan
17-Aug-24 12:38:45 AM AEST,15.9,nan,nan,nan,nan,nan,nan,nan,nan,nan,nan,nan
17-Aug-24 12:38:45 AM AEST,15.7,nan,nan,nan,nan,nan,nan,nan,nan,nan,nan,nan
17-Aug-24 1:00:00 AM AEST,nan,nan,14.9,nan,nan,nan,nan,nan,nan,nan,nan,nan
17-Aug-24 1:14:57 AM AEST,nan,nan,14.5,nan,nan,nan,nan,nan,nan,nan,nan,nan
17-Aug-24 1:42:00 AM AEST,nan,nan,14.1,nan,nan,nan,nan,nan,nan,nan,nan,nan
17-Aug-24 1:48:00 AM AEST,14.9,94.7,nan,nan,nan,nan,nan,nan,nan,nan,nan,nan
17-Aug-24 2:00:00 AM AEST,nan,nan,nan,nan,nan,nan,nan,nan,nan,nan,nan,0.80
17-Aug-24 2:00:00 AM AEST,nan,nan,nan,nan,nan,nan,nan,nan,nan,nan,nan,0.00
17-Aug-24 2:12:55 AM AEST,14.6,95.0,nan,nan,nan,nan,nan,nan,nan,nan,nan,nan
17-Aug-24 2:12:55 AM AEST,14.5,95.2,nan,nan,nan,nan,nan,nan,nan,nan,nan,nan
17-Aug-24 2:14:00 AM AEST,nan,nan,13.8,nan,nan,nan,nan,nan,nan,nan,nan,nan
17-Aug-24 2:14:00 AM AEST,nan,nan,13.9,nan,nan,nan,nan,nan,nan,nan,nan,nan
17-Aug-24 2:24:00 AM AEST,nan,nan,nan,nan,nan,nan,112.20,nan,nan,nan,nan,nan
17-Aug-24 2:28:57 AM AEST,nan,nan,13.7,nan,nan,nan,nan,nan,nan,nan,nan,nan
17-Aug-24 2:37:50 AM AEST,14.4,95.3,nan,nan,nan,nan,nan,nan,nan,nan,nan,nan
17-Aug-24 3:00:00 AM AEST,nan,nan,13.6,nan,nan,nan,nan,nan,nan,nan,nan,nan
17-Aug-24 3:14:57 AM AEST,nan,nan,13.5,nan,nan,nan,nan,nan,nan,nan,nan,nan
17-Aug-24 3:24:00 AM AEST,14.1,95.7,nan,nan,nan,nan,112.10,nan,nan,nan,nan,nan
17-Aug-24 3:56:00 AM AEST,nan,nan,13.4,nan,nan,nan,nan,nan,nan,nan,nan,nan
17-Aug-24 4:00:00 AM AEST,14.0,96.3,nan,nan,nan,nan,112.20,nan,nan,nan,nan,nan
17-Aug-24 4:24:55 AM AEST,14.1,96.5,nan,nan,nan,nan,112.10,nan,nan,nan,nan,nan
17-Aug-24 4:24:55 AM AEST,14.1,96.7,nan,nan,nan,nan,112.10,nan,nan,nan,nan,nan
17-Aug-24 4:28:00 AM AEST,nan,nan,13.5,nan,nan,nan,nan,nan,nan,nan,nan,nan
17-Aug-24 4:49:50 AM AEST,nan,97.0,nan,nan,nan,nan,112.20,nan,nan,nan,nan,nan
17-Aug-24 5:00:00 AM AEST,14.0,nan,13.6,nan,nan,nan,nan,nan,nan,nan,nan,nan
17-Aug-24 5:14:45 AM AEST,nan,96.8,nan,nan,nan,nan,112.10,nan,nan,nan,nan,nan
17-Aug-24 5:14:57 AM AEST,nan,nan,13.5,nan,nan,nan,nan,nan,nan,nan,nan,nan
17-Aug-24 5:24:55 AM AEST,14.1,nan,nan,nan,nan,nan,nan,nan,nan,nan,nan,nan
17-Aug-24 5:29:54 AM AEST,nan,nan,13.7,nan,nan,nan,nan,nan,nan,nan,nan,nan
17-Aug-24 5:39:40 AM AEST,nan,97.5,nan,nan,nan,nan,112.20,nan,nan,nan,nan,nan
17-Aug-24 5:39:40 AM AEST,nan,97.3,nan,nan,nan,nan,112.10,nan,nan,nan,nan,nan
17-Aug-24 5:49:50 AM AEST,13.9,nan,nan,nan,nan,nan,nan,nan,nan,nan,nan,nan
17-Aug-24 6:00:00 AM AEST,nan,nan,13.6,nan,nan,nan,nan,nan,nan,nan,nan,nan
17-Aug-24 6:04:35 AM AEST,nan,97.2,nan,nan,nan,nan,112.20,nan,nan,nan,nan,nan
17-Aug-24 6:04:35 AM AEST,nan,97.3,nan,nan,nan,nan,112.20,nan,nan,nan,nan,nan
17-Aug-24 6:14:57 AM AEST,nan,nan,13.5,nan,nan,nan,nan,nan,nan,nan,nan,nan
17-Aug-24 6:29:30 AM AEST,nan,97.5,nan,nan,nan,nan,112.10,nan,nan,nan,nan,nan
17-Aug-24 6:48:00 AM AEST,14.2,nan,nan,nan,nan,nan,nan,nan,nan,nan,nan,nan
17-Aug-24 6:48:00 AM AEST,14.3,nan,nan,nan,nan,nan,nan,nan,nan,nan,nan,nan
17-Aug-24 6:54:00 AM AEST,nan,nan,nan,nan,nan,nan,nan,nan,nan,nan,nan,9.10
17-Aug-24 6:54:00 AM AEST,nan,nan,nan,nan,nan,nan,nan,nan,nan,nan,nan,10.00
17-Aug-24 6:54:25 AM AEST,nan,97.7,nan,nan,nan,nan,112.20,nan,nan,nan,nan,nan
17-Aug-24 6:54:25 AM AEST,nan,98.0,nan,nan,nan,nan,112.20,nan,nan,nan,nan,nan
17-Aug-24 6:56:00 AM AEST,nan,nan,13.8,nan,nan,nan,nan,nan,nan,nan,nan,nan
17-Aug-24 6:56:00 AM AEST,nan,nan,14.1,nan,nan,nan,nan,nan,nan,nan,nan,nan
17-Aug-24 7:00:00 AM AEST,nan,nan,nan,nan,nan,0.02,nan,nan,nan,nan,nan,nan
17-Aug-24 7:00:00 AM AEST,nan,nan,nan,nan,nan,0.04,nan,nan,nan,nan,nan,nan
17-Aug-24 7:00:00 AM AEST,nan,nan,nan,nan,nan,0.19,nan,nan,nan,nan,nan,nan
17-Aug-24 7:12:55 AM AEST,15.3,nan,nan,nan,nan,nan,nan,nan,nan,nan,nan,nan
17-Aug-24 7:19:20 AM AEST,nan,98.5,nan,nan,nan,nan,nan,nan,nan,nan,nan,nan
17-Aug-24 7:21:24 AM AEST,nan,nan,nan,nan,nan,nan,nan,nan,nan,nan,nan,18.30
17-Aug-24 7:28:00 AM AEST,nan,nan,14.9,nan,nan,nan,nan,nan,nan,nan,nan,nan
17-Aug-24 7:37:50 AM AEST,16.2,nan,nan,nan,nan,nan,nan,nan,nan,nan,nan,nan
17-Aug-24 7:37:50 AM AEST,17.0,nan,nan,nan,nan,nan,nan,nan,nan,nan,nan,nan
17-Aug-24 7:42:57 AM AEST,nan,nan,16.1,nan,nan,nan,nan,nan,nan,nan,nan,nan
17-Aug-24 7:44:15 AM AEST,nan,99.2,nan,nan,nan,nan,nan,nan,nan,nan,nan,nan
17-Aug-24 7:44:15 AM AEST,nan,99.3,nan,nan,nan,nan,nan,nan,nan,nan,nan,nan
17-Aug-24 7:48:48 AM AEST,nan,nan,nan,nan,nan,nan,nan,nan,nan,nan,nan,97.50
17-Aug-24 7:48:48 AM AEST,nan,nan,nan,nan,nan,nan,nan,nan,nan,nan,nan,210.00
17-Aug-24 7:57:54 AM AEST,nan,nan,16.7,nan,nan,nan,nan,nan,nan,nan,nan,nan
17-Aug-24 8:00:00 AM AEST,nan,nan,nan,nan,nan,nan,112.00,nan,nan,nan,nan,nan
17-Aug-24 8:16:12 AM AEST,nan,nan,nan,nan,nan,nan,nan,nan,nan,nan,nan,315.80
17-Aug-24 8:24:00 AM AEST,21.5,83.7,nan,nan,nan,nan,nan,nan,nan,nan,nan,nan
17-Aug-24 8:24:00 AM AEST,23.1,77.2,nan,nan,nan,nan,nan,nan,nan,nan,nan,nan
17-Aug-24 8:24:55 AM AEST,nan,nan,nan,nan,nan,nan,112.10,nan,nan,nan,nan,nan
17-Aug-24 8:28:00 AM AEST,nan,nan,18.7,nan,nan,nan,nan,nan,nan,nan,nan,nan
17-Aug-24 8:28:00 AM AEST,nan,nan,19.0,nan,nan,nan,nan,nan,nan,nan,nan,nan
17-Aug-24 8:42:57 AM AEST,nan,nan,18.8,nan,nan,nan,nan,nan,nan,nan,nan,nan
17-Aug-24 8:42:57 AM AEST,nan,nan,19.0,nan,nan,nan,nan,nan,nan,nan,nan,nan
17-Aug-24 8:43:36 AM AEST,nan,nan,nan,nan,nan,nan,nan,nan,nan,nan,nan,346.60
17-Aug-24 8:43:36 AM AEST,nan,nan,nan,nan,nan,nan,nan,nan,nan,nan,nan,361.60
17-Aug-24 8:48:55 AM AEST,23.4,77.0,nan,nan,nan,nan,nan,nan,nan,nan,nan,nan
17-Aug-24 8:57:54 AM AEST,nan,nan,19.4,nan,nan,nan,nan,nan,nan,nan,nan,nan
17-Aug-24 9:00:00 AM AEST,nan,nan,nan,nan,nan,nan,112.00,0.04,1.20,0.20,111.50,nan
17-Aug-24 9:11:00 AM AEST,nan,nan,nan,nan,nan,nan,nan,nan,nan,nan,nan,436.70
17-Aug-24 9:12:27 AM AEST,nan,nan,nan,nan,nan,nan,nan,nan,2.40,nan,nan,nan
17-Aug-24 9:12:29 AM AEST,nan,nan,nan,nan,nan,nan,nan,nan,nan,nan,111.70,nan
17-Aug-24 9:12:51 AM AEST,nan,nan,18.3,nan,nan,nan,nan,nan,nan,nan,nan,nan
17-Aug-24 9:13:50 AM AEST,25.5,64.7,nan,nan,nan,nan,nan,nan,nan,nan,nan,nan
17-Aug-24 9:14:55 AM AEST,nan,nan,nan,nan,nan,nan,nan,nan,nan,0.40,nan,nan
17-Aug-24 9:15:11 AM AEST,nan,nan,nan,nan,nan,0.33,nan,nan,nan,nan,nan,nan
17-Aug-24 9:15:11 AM AEST,nan,nan,nan,nan,nan,0.45,nan,nan,nan,nan,nan,nan
17-Aug-24 9:24:54 AM AEST,nan,nan,nan,nan,nan,nan,nan,nan,1.20,nan,nan,nan
17-Aug-24 9:24:55 AM AEST,nan,nan,nan,nan,nan,nan,343.20,nan,nan,nan,nan,nan
17-Aug-24 9:24:58 AM AEST,nan,nan,nan,nan,nan,nan,nan,nan,nan,nan,113.40,nan
17-Aug-24 9:27:48 AM AEST,nan,nan,18.8,nan,nan,nan,nan,nan,nan,nan,nan,nan
17-Aug-24 9:27:48 AM AEST,nan,nan,19.6,nan,nan,nan,nan,nan,nan,nan,nan,nan
17-Aug-24 9:29:50 AM AEST,nan,nan,nan,nan,nan,nan,nan,nan,nan,0.10,nan,nan
17-Aug-24 9:29:50 AM AEST,nan,nan,nan,nan,nan,nan,nan,nan,nan,0.40,nan,nan
17-Aug-24 9:37:21 AM AEST,nan,nan,nan,nan,nan,nan,nan,nan,2.40,nan,nan,nan
17-Aug-24 9:37:27 AM AEST,nan,nan,nan,nan,nan,nan,nan,nan,nan,nan,343.40,nan
17-Aug-24 9:37:27 AM AEST,nan,nan,nan,nan,nan,nan,nan,nan,nan,nan,343.10,nan
17-Aug-24 9:38:24 AM AEST,nan,nan,nan,nan,nan,nan,nan,nan,nan,nan,nan,504.90
17-Aug-24 9:38:24 AM AEST,nan,nan,nan,nan,nan,nan,nan,nan,nan,nan,nan,530.80
17-Aug-24 9:38:45 AM AEST,27.2,63.2,nan,nan,nan,nan,nan,nan,nan,nan,nan,nan
17-Aug-24 9:38:45 AM AEST,28.0,54.2,nan,nan,nan,nan,nan,nan,nan,nan,nan,nan
17-Aug-24 9:39:52 AM AEST,nan,nan,nan,nan,nan,nan,nan,0.00,nan,nan,nan,nan
17-Aug-24 9:42:45 AM AEST,nan,nan,18.3,nan,nan,nan,nan,nan,nan,nan,nan,nan
17-Aug-24 9:44:45 AM AEST,nan,nan,nan,nan,nan,nan,nan,nan,nan,0.80,nan,nan
17-Aug-24 9:44:45 AM AEST,nan,nan,nan,nan,nan,nan,nan,nan,nan,0.00,nan,nan
17-Aug-24 9:49:48 AM AEST,nan,nan,nan,nan,nan,nan,nan,nan,0.00,nan,nan,nan
17-Aug-24 9:49:50 AM AEST,nan,nan,nan,nan,nan,nan,343.10,nan,nan,nan,nan,nan
17-Aug-24 9:49:56 AM AEST,nan,nan,nan,nan,nan,nan,nan,nan,nan,nan,0.00,nan
17-Aug-24 10:28:00 AM AEST,nan,nan,16.1,nan,nan,nan,nan,nan,nan,1.70,nan,nan
17-Aug-24 10:36:00 AM AEST,nan,nan,nan,nan,nan,nan,nan,nan,3.50,nan,230.60,nan
17-Aug-24 11:00:00 AM AEST,30.2,43.0,15.8,nan,nan,nan,304.50,0.57,8.30,5.60,306.80,659.10
17-Aug-24 11:00:00 AM AEST,29.8,45.5,15.9,nan,nan,nan,213.80,0.53,2.40,1.10,179.80,671.70
17-Aug-24 11:00:00 AM AEST,29.8,45.5,16.8,nan,nan,nan,213.80,0.53,7.10,4.80,208.30,671.70
17-Aug-24 11:12:29 AM AEST,nan,nan,nan,nan,nan,nan,nan,nan,nan,nan,213.50,nan
17-Aug-24 11:14:55 AM AEST,nan,nan,nan,nan,nan,nan,nan,nan,nan,1.60,nan,nan
17-Aug-24 11:14:57 AM AEST,nan,nan,16.1,nan,nan,nan,nan,nan,nan,nan,nan,nan
17-Aug-24 11:24:58 AM AEST,nan,nan,nan,nan,nan,nan,nan,nan,nan,nan,169.00,nan
17-Aug-24 11:27:24 AM AEST,nan,nan,nan,nan,nan,nan,nan,nan,nan,nan,nan,707.50
17-Aug-24 11:30:22 AM AEST,nan,nan,nan,nan,nan,0.52,nan,nan,nan,nan,nan,nan
17-Aug-24 11:30:22 AM AEST,nan,nan,nan,nan,nan,0.55,nan,nan,nan,nan,nan,nan
17-Aug-24 11:37:27 AM AEST,nan,nan,nan,nan,nan,nan,nan,nan,nan,nan,166.90,nan
17-Aug-24 11:39:52 AM AEST,nan,nan,nan,nan,nan,nan,nan,0.41,nan,nan,nan,nan
17-Aug-24 11:39:52 AM AEST,nan,nan,nan,nan,nan,nan,nan,0.32,nan,nan,nan,nan
17-Aug-24 11:42:00 AM AEST,nan,nan,16.7,nan,nan,nan,nan,nan,nan,4.30,nan,nan
17-Aug-24 11:42:00 AM AEST,nan,nan,16.0,nan,nan,nan,nan,nan,nan,4.00,nan,nan
17-Aug-24 11:42:00 AM AEST,nan,nan,15.3,nan,nan,nan,nan,nan,nan,3.20,nan,nan
17-Aug-24 11:48:00 AM AEST,29.9,42.8,nan,nan,nan,nan,199.10,nan,4.70,nan,nan,nan
17-Aug-24 11:48:00 AM AEST,30.0,41.8,nan,nan,nan,nan,172.70,nan,4.70,nan,nan,nan
17-Aug-24 11:49:56 AM AEST,nan,nan,nan,nan,nan,nan,nan,nan,nan,nan,202.90,nan
17-Aug-24 11:49:56 AM AEST,nan,nan,nan,nan,nan,nan,nan,nan,nan,nan,172.60,nan
17-Aug-24 11:54:48 AM AEST,nan,nan,nan,nan,nan,nan,nan,nan,nan,nan,nan,710.80
17-Aug-24 11:54:48 AM AEST,nan,nan,nan,nan,nan,nan,nan,nan,nan,nan,nan,719.20
17-Aug-24 12:12:00 PM AEST,nan,nan,nan,nan,nan,nan,nan,nan,3.50,nan,237.80,nan
17-Aug-24 12:12:55 PM AEST,30.2,38.0,nan,nan,nan,nan,238.40,nan,nan,nan,nan,nan
17-Aug-24 12:12:55 PM AEST,30.2,39.3,nan,nan,nan,nan,292.80,nan,nan,nan,nan,nan
17-Aug-24 12:14:00 PM AEST,nan,nan,13.8,nan,nan,nan,nan,nan,nan,2.20,nan,nan
17-Aug-24 12:19:44 PM AEST,nan,nan,nan,nan,nan,nan,nan,0.22,nan,nan,nan,nan
17-Aug-24 12:19:44 PM AEST,nan,nan,nan,nan,nan,nan,nan,0.66,nan,nan,nan,nan
17-Aug-24 12:22:12 PM AEST,nan,nan,nan,nan,nan,nan,nan,nan,nan,nan,nan,717.50
17-Aug-24 12:22:12 PM AEST,nan,nan,nan,nan,nan,nan,nan,nan,nan,nan,nan,715.00
17-Aug-24 12:24:27 PM AEST,nan,nan,nan,nan,nan,nan,nan,nan,10.60,nan,nan,nan
17-Aug-24 12:24:29 PM AEST,nan,nan,nan,nan,nan,nan,nan,nan,nan,nan,294.80,nan
17-Aug-24 12:28:55 PM AEST,nan,nan,nan,nan,nan,nan,nan,nan,nan,6.30,nan,nan
17-Aug-24 12:28:55 PM AEST,nan,nan,nan,nan,nan,nan,nan,nan,nan,3.10,nan,nan
17-Aug-24 12:28:57 PM AEST,nan,nan,15.3,nan,nan,nan,nan,nan,nan,nan,nan,nan
17-Aug-24 12:28:57 PM AEST,nan,nan,15.4,nan,nan,nan,nan,nan,nan,nan,nan,nan
17-Aug-24 12:36:54 PM AEST,nan,nan,nan,nan,nan,nan,nan,nan,7.10,nan,nan,nan
17-Aug-24 12:36:58 PM AEST,nan,nan,nan,nan,nan,nan,nan,nan,nan,nan,297.10,nan
17-Aug-24 12:43:50 PM AEST,nan,nan,nan,nan,nan,nan,nan,nan,nan,6.50,nan,nan
17-Aug-24 12:49:21 PM AEST,nan,nan,nan,nan,nan,nan,nan,nan,9.50,nan,nan,nan
17-Aug-24 12:49:27 PM AEST,nan,nan,nan,nan,nan,nan,nan,nan,nan,nan,198.30,nan
17-Aug-24 12:58:45 PM AEST,nan,nan,nan,nan,nan,nan,nan,nan,nan,5.80,nan,nan
17-Aug-24 1:00:00 PM AEST,nan,nan,15.9,nan,nan,nan,nan,nan,nan,nan,nan,nan
17-Aug-24 1:01:56 PM AEST,nan,nan,nan,nan,nan,nan,nan,nan,nan,nan,285.00,nan
17-Aug-24 1:14:57 PM AEST,nan,nan,18.4,nan,nan,nan,nan,nan,nan,nan,nan,nan
17-Aug-24 1:24:00 PM AEST,30.0,54.7,nan,nan,nan,nan,303.70,nan,nan,nan,nan,nan
17-Aug-24 1:27:00 PM AEST,nan,nan,nan,nan,nan,nan,nan,nan,nan,nan,nan,655.00
17-Aug-24 1:28:00 PM AEST,nan,nan,nan,nan,nan,nan,nan,nan,nan,5.10,nan,nan
17-Aug-24 1:36:00 PM AEST,nan,nan,nan,nan,nan,nan,nan,nan,13.00,nan,262.10,nan
17-Aug-24 1:36:00 PM AEST,nan,nan,nan,nan,nan,nan,nan,nan,4.70,nan,304.70,nan
17-Aug-24 1:39:00 PM AEST,nan,nan,nan,nan,nan,nan,nan,0.32,nan,nan,nan,nan
17-Aug-24 1:42:00 PM AEST,nan,nan,19.5,nan,nan,nan,nan,nan,nan,nan,nan,nan
17-Aug-24 1:42:00 PM AEST,nan,nan,20.0,nan,nan,nan,nan,nan,nan,nan,nan,nan
17-Aug-24 1:42:55 PM AEST,nan,nan,nan,nan,nan,nan,nan,nan,nan,3.20,nan,nan
17-Aug-24 1:42:55 PM AEST,nan,nan,nan,nan,nan,nan,nan,nan,nan,3.50,nan,nan
17-Aug-24 1:45:33 PM AEST,nan,nan,nan,nan,nan,0.51,nan,nan,nan,nan,nan,nan
17-Aug-24 1:45:33 PM AEST,nan,nan,nan,nan,nan,0.43,nan,nan,nan,nan,nan,nan
17-Aug-24 1:48:27 PM AEST,nan,nan,nan,nan,nan,nan,nan,nan,5.90,nan,nan,nan
17-Aug-24 1:48:29 PM AEST,nan,nan,nan,nan,nan,nan,nan,nan,nan,nan,214.50,nan
17-Aug-24 1:54:24 PM AEST,nan,nan,nan,nan,nan,nan,nan,nan,nan,nan,nan,595.80
17-Aug-24 1:56:57 PM AEST,nan,nan,20.2,nan,nan,nan,nan,nan,nan,nan,nan,nan
17-Aug-24 1:57:50 PM AEST,nan,nan,nan,nan,nan,nan,nan,nan,nan,4.10,nan,nan
17-Aug-24 2:00:00 PM AEST,29.5,59.3,nan,nan,nan,nan,297.60,nan,nan,nan,nan,nan
17-Aug-24 2:00:54 PM AEST,nan,nan,nan,nan,nan,nan,nan,nan,8.30,nan,nan,nan
17-Aug-24 2:00:58 PM AEST,nan,nan,nan,nan,nan,nan,nan,nan,nan,nan,274.30,nan
17-Aug-24 2:11:54 PM AEST,nan,nan,20.8,nan,nan,nan,nan,nan,nan,nan,nan,nan
17-Aug-24 2:12:45 PM AEST,nan,nan,nan,nan,nan,nan,nan,nan,nan,5.70,nan,nan
17-Aug-24 2:13:21 PM AEST,nan,nan,nan,nan,nan,nan,nan,nan,9.50,nan,nan,nan
17-Aug-24 2:13:27 PM AEST,nan,nan,nan,nan,nan,nan,nan,nan,nan,nan,298.70,nan
17-Aug-24 2:18:52 PM AEST,nan,nan,nan,nan,nan,nan,nan,0.57,nan,nan,nan,nan
17-Aug-24 2:26:51 PM AEST,nan,nan,21.1,nan,nan,nan,nan,nan,nan,nan,nan,nan
17-Aug-24 2:27:40 PM AEST,nan,nan,nan,nan,nan,nan,nan,nan,nan,2.60,nan,nan
17-Aug-24 2:36:00 PM AEST,nan,nan,nan,nan,nan,nan,nan,nan,5.90,nan,232.00,nan
17-Aug-24 2:41:48 PM AEST,nan,nan,21.2,nan,nan,nan,nan,nan,nan,nan,nan,nan
17-Aug-24 2:42:35 PM AEST,nan,nan,nan,nan,nan,nan,nan,nan,nan,3.00,nan,nan
17-Aug-24 2:48:29 PM AEST,nan,nan,nan,nan,nan,nan,nan,nan,nan,nan,230.00,nan
17-Aug-24 2:56:45 PM AEST,nan,nan,20.6,nan,nan,nan,nan,nan,nan,nan,nan,nan
17-Aug-24 2:56:45 PM AEST,nan,nan,20.4,nan,nan,nan,nan,nan,nan,nan,nan,nan
17-Aug-24 2:57:30 PM AEST,nan,nan,nan,nan,nan,nan,nan,nan,nan,3.90,nan,nan
17-Aug-24 2:57:30 PM AEST,nan,nan,nan,nan,nan,nan,nan,nan,nan,3.60,nan,nan
17-Aug-24 2:58:44 PM AEST,nan,nan,nan,nan,nan,nan,nan,0.40,nan,nan,nan,nan
17-Aug-24 2:58:44 PM AEST,nan,nan,nan,nan,nan,nan,nan,0.39,nan,nan,nan,nan
17-Aug-24 2:58:44 PM AEST,nan,nan,nan,nan,nan,nan,nan,0.15,nan,nan,nan,nan
17-Aug-24 3:00:00 PM AEST,29.6,59.0,nan,nan,nan,nan,275.50,nan,7.10,nan,nan,510.00
17-Aug-24 3:00:00 PM AEST,29.6,58.3,nan,nan,nan,nan,269.50,nan,7.10,nan,nan,486.70
17-Aug-24 3:00:58 PM AEST,nan,nan,nan,nan,nan,nan,nan,nan,nan,nan,279.00,nan
17-Aug-24 3:00:58 PM AEST,nan,nan,nan,nan,nan,nan,nan,nan,nan,nan,277.90,nan
17-Aug-24 3:11:42 PM AEST,nan,nan,19.7,nan,nan,nan,nan,nan,nan,nan,nan,nan
17-Aug-24 3:24:00 PM AEST,nan,nan,nan,nan,nan,nan,nan,nan,5.90,nan,225.60,nan
17-Aug-24 3:24:00 PM AEST,nan,nan,nan,nan,nan,nan,nan,nan,2.40,nan,286.00,nan
17-Aug-24 3:24:55 PM AEST,30.2,47.7,nan,nan,nan,nan,286.20,nan,nan,nan,nan,nan
17-Aug-24 3:24:55 PM AEST,29.6,47.8,nan,nan,nan,nan,293.80,nan,nan,nan,nan,nan
17-Aug-24 3:26:39 PM AEST,nan,nan,17.8,nan,nan,nan,nan,nan,nan,nan,nan,nan
17-Aug-24 3:26:39 PM AEST,nan,nan,17.9,nan,nan,nan,nan,nan,nan,nan,nan,nan
17-Aug-24 3:26:39 PM AEST,nan,nan,18.4,nan,nan,nan,nan,nan,nan,nan,nan,nan
17-Aug-24 3:27:24 PM AEST,nan,nan,nan,nan,nan,nan,nan,nan,nan,nan,nan,423.30
17-Aug-24 3:27:24 PM AEST,nan,nan,nan,nan,nan,nan,nan,nan,nan,nan,nan,393.30
17-Aug-24 3:28:00 PM AEST,nan,nan,nan,nan,nan,nan,nan,nan,nan,4.00,nan,nan
17-Aug-24 3:28:00 PM AEST,nan,nan,nan,nan,nan,nan,nan,nan,nan,1.50,nan,nan
17-Aug-24 3:28:00 PM AEST,nan,nan,nan,nan,nan,nan,nan,nan,nan,6.20,nan,nan
17-Aug-24 3:36:27 PM AEST,nan,nan,nan,nan,nan,nan,nan,nan,7.10,nan,nan,nan
17-Aug-24 3:36:29 PM AEST,nan,nan,nan,nan,nan,nan,nan,nan,nan,nan,290.40,nan
17-Aug-24 3:36:29 PM AEST,nan,nan,nan,nan,nan,nan,nan,nan,nan,nan,294.00,nan
17-Aug-24 3:38:36 PM AEST,nan,nan,nan,nan,nan,nan,nan,0.38,nan,nan,nan,nan
17-Aug-24 3:38:36 PM AEST,nan,nan,nan,nan,nan,nan,nan,0.40,nan,nan,nan,nan
17-Aug-24 3:41:36 PM AEST,nan,nan,16.7,nan,nan,nan,nan,nan,nan,nan,nan,nan
17-Aug-24 3:42:55 PM AEST,nan,nan,nan,nan,nan,nan,nan,nan,nan,3.80,nan,nan
17-Aug-24 3:49:50 PM AEST,nan,49.0,nan,nan,nan,nan,133.80,nan,nan,nan,nan,nan
17-Aug-24 3:54:48 PM AEST,nan,nan,nan,nan,nan,nan,nan,nan,nan,nan,nan,316.70
17-Aug-24 3:56:33 PM AEST,nan,nan,18.2,nan,nan,nan,nan,nan,nan,nan,nan,nan
17-Aug-24 3:56:33 PM AEST,nan,nan,16.9,nan,nan,nan,nan,nan,nan,nan,nan,nan
17-Aug-24 3:57:50 PM AEST,nan,nan,nan,nan,nan,nan,nan,nan,nan,5.10,nan,nan
17-Aug-24 3:57:50 PM AEST,nan,nan,nan,nan,nan,nan,nan,nan,nan,3.80,nan,nan
17-Aug-24 4:00:00 PM AEST,nan,nan,nan,nan,nan,nan,nan,nan,5.90,nan,130.70,nan
17-Aug-24 4:00:00 PM AEST,nan,nan,nan,nan,nan,nan,nan,nan,5.90,nan,138.20,nan
17-Aug-24 4:00:44 PM AEST,nan,nan,nan,nan,nan,0.32,nan,nan,nan,nan,nan,nan
17-Aug-24 4:00:44 PM AEST,nan,nan,nan,nan,nan,0.18,nan,nan,nan,nan,nan,nan
17-Aug-24 4:00:44 PM AEST,nan,nan,nan,nan,nan,0.01,nan,nan,nan,nan,nan,nan
17-Aug-24 4:12:45 PM AEST,nan,nan,nan,nan,nan,nan,nan,nan,nan,4.20,nan,nan
17-Aug-24 4:14:00 PM AEST,nan,nan,16.1,nan,nan,nan,nan,nan,nan,nan,nan,nan
17-Aug-24 4:14:45 PM AEST,nan,49.3,nan,nan,nan,nan,179.60,nan,nan,nan,nan,nan
17-Aug-24 4:18:28 PM AEST,nan,nan,nan,nan,nan,nan,nan,0.31,nan,nan,nan,nan
17-Aug-24 4:22:12 PM AEST,nan,nan,nan,nan,nan,nan,nan,nan,nan,nan,nan,252.50
17-Aug-24 4:22:12 PM AEST,nan,nan,nan,nan,nan,nan,nan,nan,nan,nan,nan,220.00
17-Aug-24 4:24:00 PM AEST,29.5,nan,nan,nan,nan,nan,nan,nan,7.10,nan,169.40,nan
17-Aug-24 4:24:00 PM AEST,28.7,nan,nan,nan,nan,nan,nan,nan,7.10,nan,182.70,nan
17-Aug-24 4:27:40 PM AEST,nan,nan,nan,nan,nan,nan,nan,nan,nan,3.90,nan,nan
17-Aug-24 4:27:40 PM AEST,nan,nan,nan,nan,nan,nan,nan,nan,nan,3.10,nan,nan
17-Aug-24 4:28:57 PM AEST,nan,nan,16.3,nan,nan,nan,nan,nan,nan,nan,nan,nan
17-Aug-24 4:28:57 PM AEST,nan,nan,18.0,nan,nan,nan,nan,nan,nan,nan,nan,nan
17-Aug-24 4:36:27 PM AEST,nan,nan,nan,nan,nan,nan,nan,nan,4.70,nan,nan,nan
17-Aug-24 4:36:29 PM AEST,nan,nan,nan,nan,nan,nan,nan,nan,nan,nan,105.00,nan
17-Aug-24 4:39:40 PM AEST,nan,52.8,nan,nan,nan,nan,105.00,nan,nan,nan,nan,nan
17-Aug-24 4:48:55 PM AEST,26.0,nan,nan,nan,nan,nan,nan,nan,nan,nan,nan,nan
17-Aug-24 4:49:36 PM AEST,nan,nan,nan,nan,nan,nan,nan,nan,nan,nan,nan,155.80
17-Aug-24 4:49:36 PM AEST,nan,nan,nan,nan,nan,nan,nan,nan,nan,nan,nan,14.20
17-Aug-24 4:58:20 PM AEST,nan,nan,nan,nan,nan,nan,nan,0.22,nan,nan,nan,nan
17-Aug-24 4:58:20 PM AEST,nan,nan,nan,nan,nan,nan,nan,0.01,nan,nan,nan,nan
17-Aug-24 5:00:00 PM AEST,nan,nan,17.6,nan,nan,nan,nan,nan,7.10,5.20,104.60,nan
17-Aug-24 5:00:00 PM AEST,nan,nan,17.5,nan,nan,nan,nan,nan,3.50,2.20,110.20,nan
17-Aug-24 5:04:35 PM AEST,nan,59.3,nan,nan,nan,nan,110.20,nan,nan,nan,nan,nan
17-Aug-24 5:13:50 PM AEST,23.6,nan,nan,nan,nan,nan,nan,nan,nan,nan,nan,nan
17-Aug-24 5:17:00 PM AEST,nan,nan,nan,nan,nan,nan,nan,nan,nan,nan,nan,9.20
17-Aug-24 5:17:00 PM AEST,nan,nan,nan,nan,nan,nan,nan,nan,nan,nan,nan,8.30
17-Aug-24 5:28:00 PM AEST,nan,nan,17.4,nan,nan,nan,nan,nan,nan,0.10,nan,nan
17-Aug-24 5:28:00 PM AEST,nan,nan,17.3,nan,nan,nan,nan,nan,nan,0.00,nan,nan
17-Aug-24 5:28:00 PM AEST,nan,nan,17.5,nan,nan,nan,nan,nan,nan,0.00,nan,nan
17-Aug-24 5:29:30 PM AEST,nan,68.2,nan,nan,nan,nan,110.30,nan,nan,nan,nan,nan
17-Aug-24 5:29:30 PM AEST,nan,70.3,nan,nan,nan,nan,110.20,nan,nan,nan,nan,nan
17-Aug-24 5:29:30 PM AEST,nan,72.5,nan,nan,nan,nan,110.20,nan,nan,nan,nan,nan
17-Aug-24 5:36:00 PM AEST,nan,nan,nan,nan,nan,nan,nan,nan,1.20,nan,108.40,nan
17-Aug-24 5:36:00 PM AEST,nan,nan,nan,nan,nan,nan,nan,nan,0.00,nan,0.00,nan
17-Aug-24 5:38:12 PM AEST,nan,nan,nan,nan,nan,nan,nan,0.00,nan,nan,nan,nan
17-Aug-24 5:38:45 PM AEST,23.3,nan,nan,nan,nan,nan,nan,nan,nan,nan,nan,nan
17-Aug-24 5:38:45 PM AEST,23.0,nan,nan,nan,nan,nan,nan,nan,nan,nan,nan,nan
17-Aug-24 5:38:45 PM AEST,22.4,nan,nan,nan,nan,nan,nan,nan,nan,nan,nan,nan
17-Aug-24 5:42:57 PM AEST,nan,nan,17.7,nan,nan,nan,nan,nan,nan,nan,nan,nan
17-Aug-24 5:42:57 PM AEST,nan,nan,17.6,nan,nan,nan,nan,nan,nan,nan,nan,nan
17-Aug-24 5:44:24 PM AEST,nan,nan,nan,nan,nan,nan,nan,nan,nan,nan,nan,6.60
17-Aug-24 5:44:24 PM AEST,nan,nan,nan,nan,nan,nan,nan,nan,nan,nan,nan,5.00
17-Aug-24 5:54:25 PM AEST,nan,74.2,nan,nan,nan,nan,nan,nan,nan,nan,nan,nan
17-Aug-24 6:14:00 PM AEST,nan,nan,17.4,nan,nan,nan,nan,nan,nan,nan,nan,nan
17-Aug-24 6:15:55 PM AEST,nan,nan,nan,nan,nan,65.53,nan,nan,nan,nan,nan,nan
17-Aug-24 6:15:55 PM AEST,nan,nan,nan,nan,nan,65.53,nan,nan,nan,nan,nan,nan
17-Aug-24 6:28:57 PM AEST,nan,nan,17.3,nan,nan,nan,nan,nan,nan,nan,nan,nan
17-Aug-24 6:43:54 PM AEST,nan,nan,17.4,nan,nan,nan,nan,nan,nan,nan,nan,nan
17-Aug-24 7:00:00 PM AEST,20.0,85.3,nan,nan,nan,nan,nan,nan,nan,nan,nan,0.80
17-Aug-24 7:14:00 PM AEST,nan,nan,17.0,nan,nan,nan,nan,nan,nan,nan,nan,nan
17-Aug-24 7:28:57 PM AEST,nan,nan,16.8,nan,nan,nan,nan,nan,nan,nan,nan,nan
17-Aug-24 8:00:00 PM AEST,18.3,89.0,nan,nan,nan,nan,nan,nan,nan,nan,nan,0.00
17-Aug-24 8:14:00 PM AEST,nan,nan,16.4,nan,nan,nan,nan,nan,nan,nan,nan,nan
17-Aug-24 8:14:00 PM AEST,nan,nan,16.5,nan,nan,nan,nan,nan,nan,nan,nan,nan
17-Aug-24 8:27:24 PM AEST,nan,nan,nan,nan,nan,nan,nan,nan,nan,nan,nan,0.80
17-Aug-24 8:31:06 PM AEST,nan,nan,nan,nan,nan,65.53,nan,nan,nan,nan,nan,nan
17-Aug-24 8:42:00 PM AEST,nan,nan,16.3,nan,nan,nan,nan,nan,nan,nan,nan,nan
17-Aug-24 8:48:00 PM AEST,17.9,90.0,nan,nan,nan,nan,nan,nan,nan,nan,nan,nan
17-Aug-24 8:48:00 PM AEST,17.8,90.7,nan,nan,nan,nan,nan,nan,nan,nan,nan,nan
17-Aug-24 8:54:48 PM AEST,nan,nan,nan,nan,nan,nan,nan,nan,nan,nan,nan,0.00
17-Aug-24 8:56:57 PM AEST,nan,nan,16.2,nan,nan,nan,nan,nan,nan,nan,nan,nan
17-Aug-24 9:11:54 PM AEST,nan,nan,16.0,nan,nan,nan,nan,nan,nan,nan,nan,nan
17-Aug-24 9:26:51 PM AEST,nan,nan,15.9,nan,nan,nan,nan,nan,nan,nan,nan,nan
17-Aug-24 9:41:48 PM AEST,nan,nan,15.8,nan,nan,nan,nan,nan,nan,nan,nan,nan
17-Aug-24 9:56:45 PM AEST,nan,nan,15.7,nan,nan,nan,nan,nan,nan,nan,nan,nan
17-Aug-24 10:00:00 PM AEST,16.9,92.5,nan,nan,nan,nan,110.30,nan,nan,nan,nan,nan
17-Aug-24 10:28:00 PM AEST,nan,nan,15.4,nan,nan,nan,nan,nan,nan,nan,nan,nan
17-Aug-24 10:42:57 PM AEST,nan,nan,15.3,nan,nan,nan,nan,nan,nan,nan,nan,nan
17-Aug-24 11:14:00 PM AEST,nan,nan,15.2,nan,nan,nan,nan,nan,nan,nan,nan,nan
17-Aug-24 11:24:00 PM AEST,16.1,93.3,nan,nan,nan,nan,110.20,nan,nan,nan,nan,nan
17-Aug-24 11:24:00 PM AEST,16.1,93.8,nan,nan,nan,nan,110.30,nan,nan,nan,nan,nan
17-Aug-24 11:28:57 PM AEST,nan,nan,15.1,nan,nan,nan,nan,nan,nan,nan,nan,nan
18-Aug-24 12:00:00 AM AEST,nan,nan,14.7,nan,nan,nan,nan,nan,nan,nan,nan,nan
18-Aug-24 12:14:57 AM AEST,nan,nan,14.5,nan,nan,nan,nan,nan,nan,nan,nan,nan
18-Aug-24 12:29:54 AM AEST,nan,nan,14.4,nan,nan,nan,nan,nan,nan,nan,nan,nan
18-Aug-24 1:00:00 AM AEST,nan,nan,14.2,nan,nan,nan,nan,nan,nan,nan,nan,nan
18-Aug-24 1:24:00 AM AEST,15.2,95.3,nan,nan,nan,nan,nan,nan,nan,nan,nan,nan
18-Aug-24 1:28:00 AM AEST,nan,nan,14.4,nan,nan,nan,nan,nan,nan,nan,nan,nan
18-Aug-24 1:42:57 AM AEST,nan,nan,14.6,nan,nan,nan,nan,nan,nan,nan,nan,nan
18-Aug-24 1:48:00 AM AEST,nan,nan,nan,nan,nan,nan,110.40,nan,nan,nan,nan,nan
18-Aug-24 1:48:55 AM AEST,nan,95.7,nan,nan,nan,nan,nan,nan,nan,nan,nan,nan
18-Aug-24 2:00:00 AM AEST,15.3,nan,nan,nan,nan,nan,nan,nan,nan,nan,nan,nan
18-Aug-24 2:12:55 AM AEST,nan,nan,nan,nan,nan,nan,110.30,nan,nan,nan,nan,nan
18-Aug-24 2:13:50 AM AEST,nan,96.2,nan,nan,nan,nan,nan,nan,nan,nan,nan,nan
18-Aug-24 2:14:00 AM AEST,nan,nan,14.8,nan,nan,nan,nan,nan,nan,nan,nan,nan
18-Aug-24 2:14:00 AM AEST,nan,nan,14.7,nan,nan,nan,nan,nan,nan,nan,nan,nan
18-Aug-24 2:14:00 AM AEST,nan,nan,14.8,nan,nan,nan,nan,nan,nan,nan,nan,nan
18-Aug-24 2:37:50 AM AEST,nan,nan,nan,nan,nan,nan,110.40,nan,nan,nan,nan,nan
18-Aug-24 2:38:45 AM AEST,nan,96.8,nan,nan,nan,nan,nan,nan,nan,nan,nan,nan
18-Aug-24 2:48:00 AM AEST,nan,nan,nan,nan,nan,nan,nan,nan,1.20,nan,108.40,nan
18-Aug-24 2:56:00 AM AEST,nan,nan,15.0,nan,nan,nan,nan,nan,nan,0.10,nan,nan
18-Aug-24 2:56:00 AM AEST,nan,nan,14.9,nan,nan,nan,nan,nan,nan,0.80,nan,nan
18-Aug-24 2:56:00 AM AEST,nan,nan,14.8,nan,nan,nan,nan,nan,nan,0.00,nan,nan
18-Aug-24 3:00:00 AM AEST,15.5,nan,nan,nan,nan,nan,nan,nan,nan,nan,nan,nan
18-Aug-24 3:00:27 AM AEST,nan,nan,nan,nan,nan,nan,nan,nan,2.40,nan,nan,nan
18-Aug-24 3:00:27 AM AEST,nan,nan,nan,nan,nan,nan,nan,nan,0.00,nan,nan,nan
18-Aug-24 3:00:29 AM AEST,nan,nan,nan,nan,nan,nan,nan,nan,nan,nan,110.20,nan
18-Aug-24 3:00:29 AM AEST,nan,nan,nan,nan,nan,nan,nan,nan,nan,nan,0.00,nan
18-Aug-24 3:03:40 AM AEST,nan,96.5,nan,nan,nan,nan,nan,nan,nan,nan,nan,nan
18-Aug-24 3:10:57 AM AEST,nan,nan,14.5,nan,nan,nan,nan,nan,nan,nan,nan,nan
18-Aug-24 3:24:55 AM AEST,15.1,nan,nan,nan,nan,nan,nan,nan,nan,nan,nan,nan
18-Aug-24 3:24:55 AM AEST,15.0,nan,nan,nan,nan,nan,nan,nan,nan,nan,nan,nan
18-Aug-24 3:28:00 AM AEST,nan,nan,14.4,nan,nan,nan,nan,nan,nan,nan,nan,nan
18-Aug-24 3:42:57 AM AEST,nan,nan,14.2,nan,nan,nan,nan,nan,nan,nan,nan,nan
18-Aug-24 3:57:54 AM AEST,nan,nan,14.1,nan,nan,nan,nan,nan,nan,nan,nan,nan
18-Aug-24 4:00:00 AM AEST,14.7,96.7,nan,nan,nan,nan,nan,nan,nan,nan,nan,nan
18-Aug-24 4:12:51 AM AEST,nan,nan,14.0,nan,nan,nan,nan,nan,nan,nan,nan,nan
18-Aug-24 4:24:55 AM AEST,14.6,96.5,nan,nan,nan,nan,nan,nan,nan,nan,nan,nan
18-Aug-24 4:36:00 AM AEST,nan,nan,nan,nan,nan,nan,nan,nan,2.40,nan,110.40,nan
18-Aug-24 4:42:00 AM AEST,nan,nan,nan,nan,nan,nan,nan,nan,nan,1.90,nan,nan
18-Aug-24 4:42:00 AM AEST,nan,nan,nan,nan,nan,nan,nan,nan,nan,0.00,nan,nan
18-Aug-24 4:48:27 AM AEST,nan,nan,nan,nan,nan,nan,nan,nan,0.00,nan,nan,nan
18-Aug-24 4:48:29 AM AEST,nan,nan,nan,nan,nan,nan,nan,nan,nan,nan,0.00,nan
18-Aug-24 4:49:50 AM AEST,14.5,96.8,nan,nan,nan,nan,nan,nan,nan,nan,nan,nan
18-Aug-24 5:00:00 AM AEST,nan,nan,nan,nan,nan,nan,nan,0.10,nan,nan,nan,nan
18-Aug-24 5:14:00 AM AEST,nan,nan,nan,nan,nan,nan,nan,nan,nan,1.00,nan,nan
18-Aug-24 5:14:45 AM AEST,14.4,97.0,nan,nan,nan,nan,nan,nan,nan,nan,nan,nan
18-Aug-24 5:24:00 AM AEST,nan,nan,nan,nan,nan,nan,nan,nan,2.40,nan,110.30,nan
18-Aug-24 5:28:00 AM AEST,nan,nan,14.1,nan,nan,nan,nan,nan,nan,nan,nan,nan
18-Aug-24 5:28:55 AM AEST,nan,nan,nan,nan,nan,nan,nan,nan,nan,0.00,nan,nan
18-Aug-24 5:36:27 AM AEST,nan,nan,nan,nan,nan,nan,nan,nan,0.00,nan,nan,nan
18-Aug-24 5:36:29 AM AEST,nan,nan,nan,nan,nan,nan,nan,nan,nan,nan,0.00,nan
18-Aug-24 5:39:40 AM AEST,14.6,97.3,nan,nan,nan,nan,nan,nan,nan,nan,nan,nan
18-Aug-24 5:39:52 AM AEST,nan,nan,nan,nan,nan,nan,nan,0.00,nan,nan,nan,nan
18-Aug-24 6:14:00 AM AEST,nan,nan,13.9,nan,nan,nan,nan,nan,nan,nan,nan,nan
18-Aug-24 6:24:00 AM AEST,14.5,97.7,nan,nan,nan,nan,nan,nan,nan,nan,nan,nan
18-Aug-24 6:27:00 AM AEST,nan,nan,nan,nan,nan,nan,nan,nan,nan,nan,nan,6.60
18-Aug-24 6:28:57 AM AEST,nan,nan,14.1,nan,nan,nan,nan,nan,nan,nan,nan,nan
18-Aug-24 6:43:54 AM AEST,nan,nan,14.2,nan,nan,nan,nan,nan,nan,nan,nan,nan
18-Aug-24 6:43:54 AM AEST,nan,nan,14.1,nan,nan,nan,nan,nan,nan,nan,nan,nan
18-Aug-24 6:48:55 AM AEST,14.4,nan,nan,nan,nan,nan,nan,nan,nan,nan,nan,nan
18-Aug-24 6:54:24 AM AEST,nan,nan,nan,nan,nan,nan,nan,nan,nan,nan,nan,10.00
18-Aug-24 7:00:00 AM AEST,nan,nan,nan,nan,nan,0.02,nan,nan,nan,nan,nan,nan
18-Aug-24 7:00:00 AM AEST,nan,nan,nan,nan,nan,0.04,nan,nan,nan,nan,nan,nan
18-Aug-24 7:27:00 AM AEST,nan,nan,nan,nan,nan,nan,nan,nan,nan,nan,nan,161.70
18-Aug-24 7:28:00 AM AEST,nan,nan,15.2,nan,nan,nan,nan,nan,nan,nan,nan,nan
18-Aug-24 7:42:00 AM AEST,nan,nan,nan,nan,nan,nan,nan,nan,nan,0.80,nan,nan
18-Aug-24 7:42:57 AM AEST,nan,nan,16.2,nan,nan,nan,nan,nan,nan,nan,nan,nan
18-Aug-24 7:48:00 AM AEST,nan,nan,nan,nan,nan,nan,nan,nan,2.40,nan,110.40,nan
18-Aug-24 7:54:24 AM AEST,nan,nan,nan,nan,nan,nan,nan,nan,nan,nan,nan,259.20
18-Aug-24 7:56:55 AM AEST,nan,nan,nan,nan,nan,nan,nan,nan,nan,0.00,nan,nan
18-Aug-24 7:57:54 AM AEST,nan,nan,17.2,nan,nan,nan,nan,nan,nan,nan,nan,nan
18-Aug-24 7:57:54 AM AEST,nan,nan,18.0,nan,nan,nan,nan,nan,nan,nan,nan,nan
18-Aug-24 8:00:00 AM AEST,18.3,98.7,nan,nan,nan,nan,nan,0.03,nan,nan,nan,nan
18-Aug-24 8:00:27 AM AEST,nan,nan,nan,nan,nan,nan,nan,nan,0.00,nan,nan,nan
18-Aug-24 8:00:29 AM AEST,nan,nan,nan,nan,nan,nan,nan,nan,nan,nan,0.00,nan
18-Aug-24 8:21:48 AM AEST,nan,nan,nan,nan,nan,nan,nan,nan,nan,nan,nan,341.60
18-Aug-24 8:24:00 AM AEST,nan,nan,nan,nan,nan,nan,110.30,nan,1.20,nan,110.20,nan
18-Aug-24 8:24:00 AM AEST,nan,nan,nan,nan,nan,nan,110.30,nan,1.20,nan,109.70,nan
18-Aug-24 8:24:55 AM AEST,21.2,82.0,nan,nan,nan,nan,nan,nan,nan,nan,nan,nan
18-Aug-24 8:28:00 AM AEST,nan,nan,18.3,nan,nan,nan,nan,nan,nan,0.30,nan,nan
18-Aug-24 8:28:00 AM AEST,nan,nan,18.1,nan,nan,nan,nan,nan,nan,0.30,nan,nan
18-Aug-24 8:28:00 AM AEST,nan,nan,18.0,nan,nan,nan,nan,nan,nan,0.30,nan,nan
18-Aug-24 8:39:52 AM AEST,nan,nan,nan,nan,nan,nan,nan,0.00,nan,nan,nan,nan
18-Aug-24 8:42:55 AM AEST,nan,nan,nan,nan,nan,nan,nan,nan,nan,0.00,nan,nan
18-Aug-24 8:42:57 AM AEST,nan,nan,19.0,nan,nan,nan,nan,nan,nan,nan,nan,nan
18-Aug-24 8:48:00 AM AEST,nan,nan,nan,nan,nan,nan,nan,nan,0.00,nan,0.00,nan
18-Aug-24 8:48:55 AM AEST,nan,nan,nan,nan,nan,nan,110.40,nan,nan,nan,nan,nan
18-Aug-24 8:49:12 AM AEST,nan,nan,nan,nan,nan,nan,nan,nan,nan,nan,nan,407.50
18-Aug-24 8:49:50 AM AEST,23.8,73.7,nan,nan,nan,nan,nan,nan,nan,nan,nan,nan
18-Aug-24 9:12:00 AM AEST,nan,nan,nan,nan,nan,nan,nan,nan,3.50,nan,230.60,nan
18-Aug-24 9:13:50 AM AEST,nan,nan,nan,nan,nan,nan,230.60,nan,nan,nan,nan,nan
18-Aug-24 9:13:50 AM AEST,nan,nan,nan,nan,nan,nan,204.60,nan,nan,nan,nan,nan
18-Aug-24 9:14:00 AM AEST,nan,nan,18.0,nan,nan,nan,nan,nan,nan,2.50,nan,nan
18-Aug-24 9:14:45 AM AEST,25.3,63.0,nan,nan,nan,nan,nan,nan,nan,nan,nan,nan
18-Aug-24 9:14:45 AM AEST,25.9,59.3,nan,nan,nan,nan,nan,nan,nan,nan,nan,nan
18-Aug-24 9:15:11 AM AEST,nan,nan,nan,nan,nan,0.20,nan,nan,nan,nan,nan,nan
18-Aug-24 9:15:11 AM AEST,nan,nan,nan,nan,nan,0.35,nan,nan,nan,nan,nan,nan
18-Aug-24 9:15:11 AM AEST,nan,nan,nan,nan,nan,0.48,nan,nan,nan,nan,nan,nan
18-Aug-24 9:16:36 AM AEST,nan,nan,nan,nan,nan,nan,nan,nan,nan,nan,nan,490.00
18-Aug-24 9:16:36 AM AEST,nan,nan,nan,nan,nan,nan,nan,nan,nan,nan,nan,531.70
18-Aug-24 9:19:44 AM AEST,nan,nan,nan,nan,nan,nan,nan,0.25,nan,nan,nan,nan
18-Aug-24 9:19:44 AM AEST,nan,nan,nan,nan,nan,nan,nan,0.36,nan,nan,nan,nan
18-Aug-24 9:19:44 AM AEST,nan,nan,nan,nan,nan,nan,nan,0.13,nan,nan,nan,nan
18-Aug-24 9:24:27 AM AEST,nan,nan,nan,nan,nan,nan,nan,nan,4.70,nan,nan,nan
18-Aug-24 9:24:29 AM AEST,nan,nan,nan,nan,nan,nan,nan,nan,nan,nan,204.60,nan
18-Aug-24 9:28:55 AM AEST,nan,nan,nan,nan,nan,nan,nan,nan,nan,3.60,nan,nan
18-Aug-24 9:28:57 AM AEST,nan,nan,17.2,nan,nan,nan,nan,nan,nan,nan,nan,nan
18-Aug-24 9:38:45 AM AEST,nan,nan,nan,nan,nan,nan,194.00,nan,nan,nan,nan,nan
18-Aug-24 9:39:40 AM AEST,27.1,54.7,nan,nan,nan,nan,nan,nan,nan,nan,nan,nan
18-Aug-24 9:43:50 AM AEST,nan,nan,nan,nan,nan,nan,nan,nan,nan,1.30,nan,nan
18-Aug-24 9:44:00 AM AEST,nan,nan,nan,nan,nan,nan,nan,nan,nan,nan,nan,569.20
18-Aug-24 9:48:00 AM AEST,nan,nan,nan,nan,nan,nan,nan,nan,2.40,nan,193.90,nan
18-Aug-24 9:59:36 AM AEST,nan,nan,nan,nan,nan,nan,nan,0.28,nan,nan,nan,nan
18-Aug-24 10:03:40 AM AEST,nan,nan,nan,nan,nan,nan,191.10,nan,nan,nan,nan,nan
18-Aug-24 10:04:35 AM AEST,29.4,45.3,nan,nan,nan,nan,nan,nan,nan,nan,nan,nan
18-Aug-24 10:11:24 AM AEST,nan,nan,nan,nan,nan,nan,nan,nan,nan,nan,nan,630.80
18-Aug-24 10:11:24 AM AEST,nan,nan,nan,nan,nan,nan,nan,nan,nan,nan,nan,642.40
18-Aug-24 10:12:00 AM AEST,nan,nan,nan,nan,nan,nan,nan,nan,3.50,nan,187.50,nan
18-Aug-24 10:12:00 AM AEST,nan,nan,nan,nan,nan,nan,nan,nan,4.70,nan,191.00,nan
18-Aug-24 10:14:00 AM AEST,nan,nan,17.9,nan,nan,nan,nan,nan,nan,1.10,nan,nan
18-Aug-24 10:14:00 AM AEST,nan,nan,17.4,nan,nan,nan,nan,nan,nan,2.80,nan,nan
18-Aug-24 10:28:35 AM AEST,nan,nan,nan,nan,nan,nan,308.60,nan,nan,nan,nan,nan
18-Aug-24 10:29:30 AM AEST,31.0,39.0,nan,nan,nan,nan,nan,nan,nan,nan,nan,nan
18-Aug-24 10:29:30 AM AEST,31.2,38.8,nan,nan,nan,nan,nan,nan,nan,nan,nan,nan
18-Aug-24 10:36:00 AM AEST,nan,nan,nan,nan,nan,nan,nan,nan,2.40,nan,280.00,nan
18-Aug-24 10:38:48 AM AEST,nan,nan,nan,nan,nan,nan,nan,nan,nan,nan,nan,689.10
18-Aug-24 10:38:48 AM AEST,nan,nan,nan,nan,nan,nan,nan,nan,nan,nan,nan,697.50
18-Aug-24 10:39:28 AM AEST,nan,nan,nan,nan,nan,nan,nan,0.21,nan,nan,nan,nan
18-Aug-24 10:42:00 AM AEST,nan,nan,14.8,nan,nan,nan,nan,nan,nan,0.50,nan,nan
18-Aug-24 10:42:00 AM AEST,nan,nan,15.7,nan,nan,nan,nan,nan,nan,2.10,nan,nan
18-Aug-24 10:42:00 AM AEST,nan,nan,16.2,nan,nan,nan,nan,nan,nan,2.10,nan,nan
18-Aug-24 10:48:27 AM AEST,nan,nan,nan,nan,nan,nan,nan,nan,3.50,nan,nan,nan
18-Aug-24 10:48:29 AM AEST,nan,nan,nan,nan,nan,nan,nan,nan,nan,nan,308.60,nan
18-Aug-24 10:48:29 AM AEST,nan,nan,nan,nan,nan,nan,nan,nan,nan,nan,250.80,nan
18-Aug-24 10:56:55 AM AEST,nan,nan,nan,nan,nan,nan,nan,nan,nan,1.50,nan,nan
18-Aug-24 10:56:57 AM AEST,nan,nan,17.4,nan,nan,nan,nan,nan,nan,nan,nan,nan
18-Aug-24 11:00:58 AM AEST,nan,nan,nan,nan,nan,nan,nan,nan,nan,nan,246.40,nan
18-Aug-24 11:11:50 AM AEST,nan,nan,nan,nan,nan,nan,nan,nan,nan,4.90,nan,nan
18-Aug-24 11:11:54 AM AEST,nan,nan,15.6,nan,nan,nan,nan,nan,nan,nan,nan,nan
18-Aug-24 11:13:27 AM AEST,nan,nan,nan,nan,nan,nan,nan,nan,nan,nan,191.50,nan
18-Aug-24 11:19:20 AM AEST,nan,nan,nan,nan,nan,nan,nan,0.59,nan,nan,nan,nan
18-Aug-24 11:24:00 AM AEST,31.3,37.3,nan,nan,nan,nan,231.50,nan,7.10,nan,nan,nan
18-Aug-24 11:26:45 AM AEST,nan,nan,nan,nan,nan,nan,nan,nan,nan,1.10,nan,nan
18-Aug-24 11:26:51 AM AEST,nan,nan,16.0,nan,nan,nan,nan,nan,nan,nan,nan,nan
18-Aug-24 11:27:00 AM AEST,nan,nan,nan,nan,nan,nan,nan,nan,nan,nan,nan,760.70
18-Aug-24 11:30:22 AM AEST,nan,nan,nan,nan,nan,0.57,nan,nan,nan,nan,nan,nan
18-Aug-24 11:30:22 AM AEST,nan,nan,nan,nan,nan,0.58,nan,nan,nan,nan,nan,nan
18-Aug-24 11:36:00 AM AEST,nan,nan,nan,nan,nan,nan,nan,nan,nan,nan,188.80,nan
18-Aug-24 11:36:00 AM AEST,nan,nan,nan,nan,nan,nan,nan,nan,nan,nan,229.30,nan
18-Aug-24 11:36:27 AM AEST,nan,nan,nan,nan,nan,nan,nan,nan,5.90,nan,nan,nan
18-Aug-24 11:36:27 AM AEST,nan,nan,nan,nan,nan,nan,nan,nan,9.50,nan,nan,nan
18-Aug-24 11:41:40 AM AEST,nan,nan,nan,nan,nan,nan,nan,nan,nan,4.10,nan,nan
18-Aug-24 11:41:48 AM AEST,nan,nan,15.0,nan,nan,nan,nan,nan,nan,nan,nan,nan
18-Aug-24 11:48:29 AM AEST,nan,nan,nan,nan,nan,nan,nan,nan,nan,nan,146.70,nan
18-Aug-24 11:48:54 AM AEST,nan,nan,nan,nan,nan,nan,nan,nan,4.70,nan,nan,nan
18-Aug-24 11:48:55 AM AEST,32.0,39.2,nan,nan,nan,nan,130.00,nan,nan,nan,nan,nan
18-Aug-24 11:54:24 AM AEST,nan,nan,nan,nan,nan,nan,nan,nan,nan,nan,nan,767.40
18-Aug-24 11:56:35 AM AEST,nan,nan,nan,nan,nan,nan,nan,nan,nan,2.30,nan,nan
18-Aug-24 11:56:45 AM AEST,nan,nan,15.7,nan,nan,nan,nan,nan,nan,nan,nan,nan
18-Aug-24 11:59:12 AM AEST,nan,nan,nan,nan,nan,nan,nan,0.25,nan,nan,nan,nan
18-Aug-24 12:39:04 PM AEST,nan,nan,nan,nan,nan,nan,nan,0.43,nan,nan,nan,nan
18-Aug-24 12:42:00 PM AEST,nan,nan,19.8,nan,nan,nan,nan,nan,nan,2.90,nan,nan
18-Aug-24 12:48:00 PM AEST,31.1,51.0,nan,nan,nan,nan,238.90,nan,10.60,nan,196.50,nan
18-Aug-24 12:54:00 PM AEST,nan,nan,nan,nan,nan,nan,nan,nan,nan,nan,nan,760.80
18-Aug-24 12:56:55 PM AEST,nan,nan,nan,nan,nan,nan,nan,nan,nan,6.00,nan,nan
18-Aug-24 12:56:57 PM AEST,nan,nan,18.8,nan,nan,nan,nan,nan,nan,nan,nan,nan
18-Aug-24 1:00:29 PM AEST,nan,nan,nan,nan,nan,nan,nan,nan,nan,nan,209.50,nan
18-Aug-24 1:11:50 PM AEST,nan,nan,nan,nan,nan,nan,nan,nan,nan,4.80,nan,nan
18-Aug-24 1:11:54 PM AEST,nan,nan,20.1,nan,nan,nan,nan,nan,nan,nan,nan,nan
18-Aug-24 1:12:55 PM AEST,29.3,59.3,nan,nan,nan,nan,197.00,nan,nan,nan,nan,nan
18-Aug-24 1:12:58 PM AEST,nan,nan,nan,nan,nan,nan,nan,nan,nan,nan,198.00,nan
18-Aug-24 1:18:56 PM AEST,nan,nan,nan,nan,nan,nan,nan,0.49,nan,nan,nan,nan
18-Aug-24 1:21:24 PM AEST,nan,nan,nan,nan,nan,nan,nan,nan,nan,nan,nan,735.00
18-Aug-24 1:24:00 PM AEST,nan,nan,nan,nan,nan,nan,nan,nan,7.10,nan,nan,nan
18-Aug-24 1:42:00 PM AEST,nan,nan,21.8,nan,nan,nan,nan,nan,nan,nan,nan,nan
18-Aug-24 1:45:33 PM AEST,nan,nan,nan,nan,nan,0.53,nan,nan,nan,nan,nan,nan
18-Aug-24 1:45:33 PM AEST,nan,nan,nan,nan,nan,0.45,nan,nan,nan,nan,nan,nan
18-Aug-24 1:48:00 PM AEST,nan,nan,nan,nan,nan,nan,nan,nan,nan,nan,150.60,nan
18-Aug-24 1:58:48 PM AEST,nan,nan,nan,nan,nan,nan,nan,0.56,nan,nan,nan,nan
18-Aug-24 2:00:00 PM AEST,29.4,58.8,nan,nan,nan,nan,221.30,nan,nan,nan,nan,646.70
18-Aug-24 2:12:00 PM AEST,nan,nan,nan,nan,nan,nan,nan,nan,9.50,nan,219.20,nan
18-Aug-24 2:14:00 PM AEST,nan,nan,20.5,nan,nan,nan,nan,nan,nan,4.70,nan,nan
18-Aug-24 2:24:29 PM AEST,nan,nan,nan,nan,nan,nan,nan,nan,nan,nan,195.50,nan
18-Aug-24 2:24:55 PM AEST,29.1,58.0,nan,nan,nan,nan,196.00,nan,nan,nan,nan,nan
18-Aug-24 2:27:24 PM AEST,nan,nan,nan,nan,nan,nan,nan,nan,nan,nan,nan,627.50
18-Aug-24 2:28:55 PM AEST,nan,nan,nan,nan,nan,nan,nan,nan,nan,5.60,nan,nan
18-Aug-24 2:28:57 PM AEST,nan,nan,20.1,nan,nan,nan,nan,nan,nan,nan,nan,nan
18-Aug-24 2:38:40 PM AEST,nan,nan,nan,nan,nan,nan,nan,0.33,nan,nan,nan,nan
18-Aug-24 2:43:50 PM AEST,nan,nan,nan,nan,nan,nan,nan,nan,nan,3.30,nan,nan
18-Aug-24 2:48:00 PM AEST,nan,nan,nan,nan,nan,nan,nan,nan,5.90,nan,163.80,nan
18-Aug-24 2:48:00 PM AEST,nan,nan,nan,nan,nan,nan,nan,nan,8.30,nan,182.00,nan
18-Aug-24 2:49:50 PM AEST,29.5,58.2,nan,nan,nan,nan,164.30,nan,nan,nan,nan,nan
18-Aug-24 2:54:48 PM AEST,nan,nan,nan,nan,nan,nan,nan,nan,nan,nan,nan,568.30
18-Aug-24 2:58:45 PM AEST,nan,nan,nan,nan,nan,nan,nan,nan,nan,3.50,nan,nan
18-Aug-24 3:13:40 PM AEST,nan,nan,nan,nan,nan,nan,nan,nan,nan,2.50,nan,nan
18-Aug-24 3:14:00 PM AEST,nan,nan,21.0,nan,nan,nan,nan,nan,nan,nan,nan,nan
18-Aug-24 3:14:45 PM AEST,29.3,61.2,nan,nan,nan,nan,299.30,nan,nan,nan,nan,nan
18-Aug-24 3:14:45 PM AEST,29.8,58.8,nan,nan,nan,nan,239.90,nan,nan,nan,nan,nan
18-Aug-24 3:18:32 PM AEST,nan,nan,nan,nan,nan,nan,nan,0.25,nan,nan,nan,nan
18-Aug-24 3:18:32 PM AEST,nan,nan,nan,nan,nan,nan,nan,0.28,nan,nan,nan,nan
18-Aug-24 3:18:32 PM AEST,nan,nan,nan,nan,nan,nan,nan,0.13,nan,nan,nan,nan
18-Aug-24 3:22:12 PM AEST,nan,nan,nan,nan,nan,nan,nan,nan,nan,nan,nan,482.50
18-Aug-24 3:22:12 PM AEST,nan,nan,nan,nan,nan,nan,nan,nan,nan,nan,nan,454.10
18-Aug-24 3:24:00 PM AEST,nan,nan,nan,nan,nan,nan,nan,nan,4.70,nan,298.80,nan
18-Aug-24 3:24:00 PM AEST,nan,nan,nan,nan,nan,nan,nan,nan,3.50,nan,230.50,nan
18-Aug-24 3:24:00 PM AEST,nan,nan,nan,nan,nan,nan,nan,nan,4.70,nan,241.10,nan
18-Aug-24 3:28:35 PM AEST,nan,nan,nan,nan,nan,nan,nan,nan,nan,1.60,nan,nan
18-Aug-24 3:28:35 PM AEST,nan,nan,nan,nan,nan,nan,nan,nan,nan,2.70,nan,nan
18-Aug-24 3:28:57 PM AEST,nan,nan,21.7,nan,nan,nan,nan,nan,nan,nan,nan,nan
18-Aug-24 3:28:57 PM AEST,nan,nan,21.1,nan,nan,nan,nan,nan,nan,nan,nan,nan
18-Aug-24 3:39:40 PM AEST,30.0,61.5,nan,nan,nan,nan,166.20,nan,nan,nan,nan,nan
18-Aug-24 3:43:30 PM AEST,nan,nan,nan,nan,nan,nan,nan,nan,nan,1.30,nan,nan
18-Aug-24 3:43:30 PM AEST,nan,nan,nan,nan,nan,nan,nan,nan,nan,3.10,nan,nan
18-Aug-24 3:43:54 PM AEST,nan,nan,21.5,nan,nan,nan,nan,nan,nan,nan,nan,nan
18-Aug-24 3:48:00 PM AEST,nan,nan,nan,nan,nan,nan,nan,nan,3.50,nan,166.30,nan
18-Aug-24 3:48:00 PM AEST,nan,nan,nan,nan,nan,nan,nan,nan,5.90,nan,174.90,nan
18-Aug-24 3:49:36 PM AEST,nan,nan,nan,nan,nan,nan,nan,nan,nan,nan,nan,406.60
18-Aug-24 4:00:44 PM AEST,nan,nan,nan,nan,nan,0.33,nan,nan,nan,nan,nan,nan
18-Aug-24 4:00:44 PM AEST,nan,nan,nan,nan,nan,0.18,nan,nan,nan,nan,nan,nan
18-Aug-24 4:00:44 PM AEST,nan,nan,nan,nan,nan,65.52,nan,nan,nan,nan,nan,nan
18-Aug-24 4:17:00 PM AEST,nan,nan,nan,nan,nan,nan,nan,nan,nan,nan,nan,238.30
18-Aug-24 4:24:00 PM AEST,29.0,61.0,nan,nan,nan,nan,206.00,nan,nan,nan,nan,nan
18-Aug-24 4:28:00 PM AEST,nan,nan,20.5,nan,nan,nan,nan,nan,nan,0.60,nan,nan
18-Aug-24 4:36:00 PM AEST,nan,nan,nan,nan,nan,nan,nan,nan,2.40,nan,206.00,nan
18-Aug-24 4:39:00 PM AEST,nan,nan,nan,nan,nan,nan,nan,0.07,nan,nan,nan,nan
18-Aug-24 4:39:00 PM AEST,nan,nan,nan,nan,nan,nan,nan,0.09,nan,nan,nan,nan
18-Aug-24 4:39:00 PM AEST,nan,nan,nan,nan,nan,nan,nan,0.25,nan,nan,nan,nan
18-Aug-24 4:39:00 PM AEST,nan,nan,nan,nan,nan,nan,nan,0.24,nan,nan,nan,nan
18-Aug-24 4:42:55 PM AEST,nan,nan,nan,nan,nan,nan,nan,nan,nan,0.90,nan,nan
18-Aug-24 4:42:57 PM AEST,nan,nan,20.9,nan,nan,nan,nan,nan,nan,nan,nan,nan
18-Aug-24 4:44:24 PM AEST,nan,nan,nan,nan,nan,nan,nan,nan,nan,nan,nan,203.30
18-Aug-24 4:44:24 PM AEST,nan,nan,nan,nan,nan,nan,nan,nan,nan,nan,nan,154.10
18-Aug-24 4:44:24 PM AEST,nan,nan,nan,nan,nan,nan,nan,nan,nan,nan,nan,19.10
18-Aug-24 4:48:27 PM AEST,nan,nan,nan,nan,nan,nan,nan,nan,3.50,nan,nan,nan
18-Aug-24 4:48:29 PM AEST,nan,nan,nan,nan,nan,nan,nan,nan,nan,nan,189.60,nan
18-Aug-24 4:48:55 PM AEST,29.6,61.2,nan,nan,nan,nan,197.70,nan,nan,nan,nan,nan
18-Aug-24 4:48:55 PM AEST,28.3,62.3,nan,nan,nan,nan,161.20,nan,nan,nan,nan,nan
18-Aug-24 4:48:55 PM AEST,27.8,64.0,nan,nan,nan,nan,160.80,nan,nan,nan,nan,nan
18-Aug-24 4:57:50 PM AEST,nan,nan,nan,nan,nan,nan,nan,nan,nan,2.50,nan,nan
18-Aug-24 4:57:50 PM AEST,nan,nan,nan,nan,nan,nan,nan,nan,nan,2.40,nan,nan
18-Aug-24 4:57:54 PM AEST,nan,nan,20.3,nan,nan,nan,nan,nan,nan,nan,nan,nan
18-Aug-24 4:57:54 PM AEST,nan,nan,20.5,nan,nan,nan,nan,nan,nan,nan,nan,nan
18-Aug-24 5:00:54 PM AEST,nan,nan,nan,nan,nan,nan,nan,nan,4.70,nan,nan,nan
18-Aug-24 5:00:54 PM AEST,nan,nan,nan,nan,nan,nan,nan,nan,3.50,nan,nan,nan
18-Aug-24 5:00:58 PM AEST,nan,nan,nan,nan,nan,nan,nan,nan,nan,nan,161.30,nan
18-Aug-24 5:00:58 PM AEST,nan,nan,nan,nan,nan,nan,nan,nan,nan,nan,160.90,nan
18-Aug-24 5:11:48 PM AEST,nan,nan,nan,nan,nan,nan,nan,nan,nan,nan,nan,14.20
18-Aug-24 5:11:48 PM AEST,nan,nan,nan,nan,nan,nan,nan,nan,nan,nan,nan,12.50
18-Aug-24 5:12:45 PM AEST,nan,nan,nan,nan,nan,nan,nan,nan,nan,3.50,nan,nan
18-Aug-24 5:12:45 PM AEST,nan,nan,nan,nan,nan,nan,nan,nan,nan,2.20,nan,nan
18-Aug-24 5:12:45 PM AEST,nan,nan,nan,nan,nan,nan,nan,nan,nan,1.10,nan,nan
18-Aug-24 5:12:51 PM AEST,nan,nan,19.8,nan,nan,nan,nan,nan,nan,nan,nan,nan
18-Aug-24 5:12:51 PM AEST,nan,nan,19.1,nan,nan,nan,nan,nan,nan,nan,nan,nan
18-Aug-24 5:12:51 PM AEST,nan,nan,19.0,nan,nan,nan,nan,nan,nan,nan,nan,nan
18-Aug-24 5:13:21 PM AEST,nan,nan,nan,nan,nan,nan,nan,nan,4.70,nan,nan,nan
18-Aug-24 5:13:21 PM AEST,nan,nan,nan,nan,nan,nan,nan,nan,3.50,nan,nan,nan
18-Aug-24 5:13:27 PM AEST,nan,nan,nan,nan,nan,nan,nan,nan,nan,nan,148.20,nan
18-Aug-24 5:13:27 PM AEST,nan,nan,nan,nan,nan,nan,nan,nan,nan,nan,139.70,nan
18-Aug-24 5:13:27 PM AEST,nan,nan,nan,nan,nan,nan,nan,nan,nan,nan,139.90,nan
18-Aug-24 5:13:50 PM AEST,25.5,67.5,nan,nan,nan,nan,139.70,nan,nan,nan,nan,nan
18-Aug-24 5:13:50 PM AEST,24.7,70.7,nan,nan,nan,nan,139.70,nan,nan,nan,nan,nan
18-Aug-24 5:18:52 PM AEST,nan,nan,nan,nan,nan,nan,nan,0.22,nan,nan,nan,nan
18-Aug-24 5:18:52 PM AEST,nan,nan,nan,nan,nan,nan,nan,0.11,nan,nan,nan,nan
18-Aug-24 5:25:48 PM AEST,nan,nan,nan,nan,nan,nan,nan,nan,2.40,nan,nan,nan
18-Aug-24 5:25:56 PM AEST,nan,nan,nan,nan,nan,nan,nan,nan,nan,nan,139.80,nan
18-Aug-24 5:27:48 PM AEST,nan,nan,19.1,nan,nan,nan,nan,nan,nan,nan,nan,nan
18-Aug-24 5:58:44 PM AEST,nan,nan,nan,nan,nan,nan,nan,0.34,nan,nan,nan,nan
18-Aug-24 6:00:00 PM AEST,22.7,80.7,nan,nan,nan,nan,101.20,nan,nan,nan,nan,0.00
18-Aug-24 6:12:00 PM AEST,nan,nan,nan,nan,nan,nan,nan,nan,4.70,nan,101.20,nan
18-Aug-24 6:14:00 PM AEST,nan,nan,19.2,nan,nan,nan,nan,nan,nan,3.40,nan,nan
18-Aug-24 6:15:55 PM AEST,nan,nan,nan,nan,nan,0.00,nan,nan,nan,nan,nan,nan
18-Aug-24 6:15:55 PM AEST,nan,nan,nan,nan,nan,0.00,nan,nan,nan,nan,nan,nan
18-Aug-24 6:24:27 PM AEST,nan,nan,nan,nan,nan,nan,nan,nan,2.40,nan,nan,nan
18-Aug-24 6:24:29 PM AEST,nan,nan,nan,nan,nan,nan,nan,nan,nan,nan,102.10,nan
18-Aug-24 6:24:55 PM AEST,22.2,82.7,nan,nan,nan,nan,109.00,nan,nan,nan,nan,nan
18-Aug-24 6:28:55 PM AEST,nan,nan,nan,nan,nan,nan,nan,nan,nan,1.40,nan,nan
18-Aug-24 6:28:55 PM AEST,nan,nan,nan,nan,nan,nan,nan,nan,nan,6.20,nan,nan
18-Aug-24 6:28:57 PM AEST,nan,nan,19.1,nan,nan,nan,nan,nan,nan,nan,nan,nan
18-Aug-24 6:36:54 PM AEST,nan,nan,nan,nan,nan,nan,nan,nan,10.60,nan,nan,nan
18-Aug-24 6:36:54 PM AEST,nan,nan,nan,nan,nan,nan,nan,nan,4.70,nan,nan,nan
18-Aug-24 6:36:58 PM AEST,nan,nan,nan,nan,nan,nan,nan,nan,nan,nan,104.30,nan
18-Aug-24 6:36:58 PM AEST,nan,nan,nan,nan,nan,nan,nan,nan,nan,nan,120.80,nan
18-Aug-24 6:38:36 PM AEST,nan,nan,nan,nan,nan,nan,nan,0.67,nan,nan,nan,nan
18-Aug-24 6:38:36 PM AEST,nan,nan,nan,nan,nan,nan,nan,0.50,nan,nan,nan,nan
18-Aug-24 6:38:36 PM AEST,nan,nan,nan,nan,nan,nan,nan,0.37,nan,nan,nan,nan
18-Aug-24 6:43:50 PM AEST,nan,nan,nan,nan,nan,nan,nan,nan,nan,2.70,nan,nan
18-Aug-24 6:43:50 PM AEST,nan,nan,nan,nan,nan,nan,nan,nan,nan,5.00,nan,nan
18-Aug-24 6:43:54 PM AEST,nan,nan,19.2,nan,nan,nan,nan,nan,nan,nan,nan,nan
18-Aug-24 6:43:54 PM AEST,nan,nan,19.0,nan,nan,nan,nan,nan,nan,nan,nan,nan
18-Aug-24 6:49:21 PM AEST,nan,nan,nan,nan,nan,nan,nan,nan,5.90,nan,nan,nan
18-Aug-24 6:49:27 PM AEST,nan,nan,nan,nan,nan,nan,nan,nan,nan,nan,106.50,nan
18-Aug-24 6:49:50 PM AEST,21.9,83.5,nan,nan,nan,nan,106.50,nan,nan,nan,nan,nan
18-Aug-24 6:49:50 PM AEST,21.8,84.0,nan,nan,nan,nan,74.30,nan,nan,nan,nan,nan
18-Aug-24 6:49:50 PM AEST,21.8,84.0,nan,nan,nan,nan,134.50,nan,nan,nan,nan,nan
18-Aug-24 6:58:45 PM AEST,nan,nan,nan,nan,nan,nan,nan,nan,nan,2.70,nan,nan
18-Aug-24 6:58:45 PM AEST,nan,nan,nan,nan,nan,nan,nan,nan,nan,3.50,nan,nan
18-Aug-24 7:01:48 PM AEST,nan,nan,nan,nan,nan,nan,nan,nan,3.50,nan,nan,nan
18-Aug-24 7:01:48 PM AEST,nan,nan,nan,nan,nan,nan,nan,nan,5.90,nan,nan,nan
18-Aug-24 7:01:56 PM AEST,nan,nan,nan,nan,nan,nan,nan,nan,nan,nan,74.40,nan
18-Aug-24 7:01:56 PM AEST,nan,nan,nan,nan,nan,nan,nan,nan,nan,nan,131.30,nan
18-Aug-24 7:14:45 PM AEST,21.7,84.8,nan,nan,nan,nan,109.90,nan,nan,nan,nan,nan
18-Aug-24 7:18:28 PM AEST,nan,nan,nan,nan,nan,nan,nan,0.24,nan,nan,nan,nan
18-Aug-24 7:18:28 PM AEST,nan,nan,nan,nan,nan,nan,nan,0.15,nan,nan,nan,nan
18-Aug-24 7:24:00 PM AEST,nan,nan,nan,nan,nan,nan,nan,nan,3.50,nan,109.90,nan
18-Aug-24 7:28:00 PM AEST,nan,nan,nan,nan,nan,nan,nan,nan,nan,2.40,nan,nan
18-Aug-24 7:39:40 PM AEST,21.3,85.8,nan,nan,nan,nan,116.70,nan,nan,nan,nan,nan
18-Aug-24 7:42:00 PM AEST,nan,nan,18.9,nan,nan,nan,nan,nan,nan,nan,nan,nan
18-Aug-24 7:42:55 PM AEST,nan,nan,nan,nan,nan,nan,nan,nan,nan,0.60,nan,nan
18-Aug-24 7:42:55 PM AEST,nan,nan,nan,nan,nan,nan,nan,nan,nan,1.50,nan,nan
18-Aug-24 7:48:00 PM AEST,nan,nan,nan,nan,nan,nan,nan,nan,1.20,nan,116.40,nan
18-Aug-24 7:48:00 PM AEST,nan,nan,nan,nan,nan,nan,nan,nan,3.50,nan,116.70,nan
18-Aug-24 7:58:20 PM AEST,nan,nan,nan,nan,nan,nan,nan,0.01,nan,nan,nan,nan
18-Aug-24 8:24:00 PM AEST,20.6,87.7,nan,nan,nan,nan,77.30,nan,1.20,nan,79.40,nan
18-Aug-24 8:28:00 PM AEST,nan,nan,18.5,nan,nan,nan,nan,nan,nan,0.10,nan,nan
18-Aug-24 8:31:06 PM AEST,nan,nan,nan,nan,nan,65.53,nan,nan,nan,nan,nan,nan
18-Aug-24 8:31:06 PM AEST,nan,nan,nan,nan,nan,65.53,nan,nan,nan,nan,nan,nan
18-Aug-24 8:38:12 PM AEST,nan,nan,nan,nan,nan,nan,nan,0.00,nan,nan,nan,nan
18-Aug-24 8:42:55 PM AEST,nan,nan,nan,nan,nan,nan,nan,nan,nan,0.00,nan,nan
18-Aug-24 8:42:57 PM AEST,nan,nan,18.2,nan,nan,nan,nan,nan,nan,nan,nan,nan
18-Aug-24 8:48:00 PM AEST,nan,nan,nan,nan,nan,nan,nan,nan,0.00,nan,0.00,nan
18-Aug-24 8:48:55 PM AEST,20.0,89.5,nan,nan,nan,nan,nan,nan,nan,nan,nan,nan
18-Aug-24 8:48:55 PM AEST,19.8,89.8,nan,nan,nan,nan,nan,nan,nan,nan,nan,nan
18-Aug-24 8:48:55 PM AEST,19.8,90.5,nan,nan,nan,nan,nan,nan,nan,nan,nan,nan
18-Aug-24 8:57:54 PM AEST,nan,nan,18.1,nan,nan,nan,nan,nan,nan,nan,nan,nan
18-Aug-24 8:57:54 PM AEST,nan,nan,18.2,nan,nan,nan,nan,nan,nan,nan,nan,nan
18-Aug-24 8:57:54 PM AEST,nan,nan,18.0,nan,nan,nan,nan,nan,nan,nan,nan,nan
18-Aug-24 9:12:51 PM AEST,nan,nan,17.9,nan,nan,nan,nan,nan,nan,nan,nan,nan
18-Aug-24 9:13:50 PM AEST,19.5,90.7,nan,nan,nan,nan,nan,nan,nan,nan,nan,nan
18-Aug-24 9:27:48 PM AEST,nan,nan,17.5,nan,nan,nan,nan,nan,nan,nan,nan,nan
18-Aug-24 9:38:45 PM AEST,18.9,91.7,nan,nan,nan,nan,nan,nan,nan,nan,nan,nan
18-Aug-24 10:03:40 PM AEST,18.5,92.5,nan,nan,nan,nan,nan,nan,nan,nan,nan,nan
18-Aug-24 10:03:40 PM AEST,18.5,92.8,nan,nan,nan,nan,nan,nan,nan,nan,nan,nan
18-Aug-24 10:14:00 PM AEST,nan,nan,17.3,nan,nan,nan,nan,nan,nan,nan,nan,nan
18-Aug-24 10:48:00 PM AEST,18.3,93.5,nan,nan,nan,nan,nan,nan,nan,nan,nan,nan
18-Aug-24 10:48:00 PM AEST,18.2,93.8,nan,nan,nan,nan,nan,nan,nan,nan,nan,nan
18-Aug-24 11:12:55 PM AEST,nan,94.2,nan,nan,nan,nan,nan,nan,nan,nan,nan,nan
18-Aug-24 11:14:00 PM AEST,nan,nan,17.1,nan,nan,nan,nan,nan,nan,nan,nan,nan
18-Aug-24 11:24:00 PM AEST,18.0,nan,nan,nan,nan,nan,nan,nan,nan,nan,nan,nan
18-Aug-24 11:28:57 PM AEST,nan,nan,17.2,nan,nan,nan,nan,nan,nan,nan,nan,nan
18-Aug-24 11:37:50 PM AEST,nan,94.7,nan,nan,nan,nan,nan,nan,nan,nan,nan,nan
19-Aug-24 12:02:45 AM AEST,nan,95.5,nan,nan,nan,nan,nan,nan,nan,nan,nan,nan
19-Aug-24 12:14:00 AM AEST,nan,nan,17.1,nan,nan,nan,nan,nan,nan,nan,nan,nan
19-Aug-24 12:24:00 AM AEST,17.9,nan,nan,nan,nan,nan,nan,nan,nan,nan,nan,nan
19-Aug-24 12:24:00 AM AEST,17.7,nan,nan,nan,nan,nan,nan,nan,nan,nan,nan,nan
19-Aug-24 12:28:57 AM AEST,nan,nan,16.9,nan,nan,nan,nan,nan,nan,nan,nan,nan
19-Aug-24 12:43:54 AM AEST,nan,nan,17.0,nan,nan,nan,nan,nan,nan,nan,nan,nan
19-Aug-24 12:43:54 AM AEST,nan,nan,16.9,nan,nan,nan,nan,nan,nan,nan,nan,nan
19-Aug-24 12:48:00 AM AEST,nan,95.7,nan,nan,nan,nan,nan,nan,nan,nan,nan,nan
19-Aug-24 12:48:00 AM AEST,nan,96.0,nan,nan,nan,nan,nan,nan,nan,nan,nan,nan
19-Aug-24 12:48:55 AM AEST,17.6,nan,nan,nan,nan,nan,nan,nan,nan,nan,nan,nan
19-Aug-24 1:12:55 AM AEST,nan,96.3,nan,nan,nan,nan,nan,nan,nan,nan,nan,nan
19-Aug-24 1:13:50 AM AEST,17.5,nan,nan,nan,nan,nan,nan,nan,nan,nan,nan,nan
19-Aug-24 1:14:00 AM AEST,nan,nan,17.0,nan,nan,nan,nan,nan,nan,nan,nan,nan
19-Aug-24 1:14:00 AM AEST,nan,nan,16.9,nan,nan,nan,nan,nan,nan,nan,nan,nan
19-Aug-24 1:28:57 AM AEST,nan,nan,16.8,nan,nan,nan,nan,nan,nan,nan,nan,nan
19-Aug-24 1:38:45 AM AEST,17.4,nan,nan,nan,nan,nan,nan,nan,nan,nan,nan,nan
19-Aug-24 2:00:00 AM AEST,nan,nan,16.9,nan,nan,nan,nan,nan,nan,nan,nan,nan
19-Aug-24 2:03:40 AM AEST,17.2,nan,nan,nan,nan,nan,nan,nan,nan,nan,nan,nan
19-Aug-24 2:14:57 AM AEST,nan,nan,16.7,nan,nan,nan,nan,nan,nan,nan,nan,nan
19-Aug-24 2:24:00 AM AEST,nan,96.8,nan,nan,nan,nan,nan,nan,nan,nan,nan,nan
19-Aug-24 2:28:35 AM AEST,16.7,nan,nan,nan,nan,nan,nan,nan,nan,nan,nan,nan
19-Aug-24 2:29:54 AM AEST,nan,nan,16.6,nan,nan,nan,nan,nan,nan,nan,nan,nan
19-Aug-24 2:44:51 AM AEST,nan,nan,16.5,nan,nan,nan,nan,nan,nan,nan,nan,nan
19-Aug-24 2:44:51 AM AEST,nan,nan,16.2,nan,nan,nan,nan,nan,nan,nan,nan,nan
19-Aug-24 2:48:55 AM AEST,nan,96.5,nan,nan,nan,nan,nan,nan,nan,nan,nan,nan
19-Aug-24 2:48:55 AM AEST,nan,96.8,nan,nan,nan,nan,nan,nan,nan,nan,nan,nan
19-Aug-24 2:48:55 AM AEST,nan,96.7,nan,nan,nan,nan,nan,nan,nan,nan,nan,nan
19-Aug-24 2:53:30 AM AEST,16.6,nan,nan,nan,nan,nan,nan,nan,nan,nan,nan,nan
19-Aug-24 2:59:48 AM AEST,nan,nan,16.0,nan,nan,nan,nan,nan,nan,nan,nan,nan
19-Aug-24 3:13:50 AM AEST,nan,96.8,nan,nan,nan,nan,nan,nan,nan,nan,nan,nan
19-Aug-24 3:18:25 AM AEST,16.5,nan,nan,nan,nan,nan,nan,nan,nan,nan,nan,nan
19-Aug-24 3:24:00 AM AEST,nan,nan,nan,nan,nan,nan,77.50,nan,nan,nan,nan,nan
19-Aug-24 4:00:00 AM AEST,16.3,97.3,nan,nan,nan,nan,nan,nan,nan,nan,nan,nan
19-Aug-24 4:14:00 AM AEST,nan,nan,15.8,nan,nan,nan,nan,nan,nan,nan,nan,nan
19-Aug-24 4:24:55 AM AEST,16.2,nan,nan,nan,nan,nan,nan,nan,nan,nan,nan,nan
19-Aug-24 4:24:55 AM AEST,16.1,nan,nan,nan,nan,nan,nan,nan,nan,nan,nan,nan
19-Aug-24 4:28:57 AM AEST,nan,nan,15.7,nan,nan,nan,nan,nan,nan,nan,nan,nan
19-Aug-24 4:49:50 AM AEST,16.2,nan,nan,nan,nan,nan,nan,nan,nan,nan,nan,nan
19-Aug-24 5:00:00 AM AEST,nan,97.7,15.9,nan,nan,nan,nan,nan,nan,nan,nan,nan
19-Aug-24 5:00:00 AM AEST,nan,97.7,15.8,nan,nan,nan,nan,nan,nan,nan,nan,nan
19-Aug-24 5:24:00 AM AEST,15.9,nan,nan,nan,nan,nan,77.30,nan,nan,nan,nan,nan
19-Aug-24 5:28:00 AM AEST,nan,nan,15.6,nan,nan,nan,nan,nan,nan,nan,nan,nan
19-Aug-24 5:48:00 AM AEST,nan,97.8,nan,nan,nan,nan,nan,nan,nan,nan,nan,nan
19-Aug-24 5:48:00 AM AEST,nan,98.0,nan,nan,nan,nan,nan,nan,nan,nan,nan,nan
19-Aug-24 6:00:00 AM AEST,nan,nan,15.5,nan,nan,nan,nan,nan,nan,nan,nan,nan
19-Aug-24 6:24:00 AM AEST,nan,98.2,nan,nan,nan,nan,nan,nan,nan,nan,nan,nan
19-Aug-24 6:27:00 AM AEST,nan,nan,nan,nan,nan,nan,nan,nan,nan,nan,nan,4.20
19-Aug-24 6:27:00 AM AEST,nan,nan,nan,nan,nan,nan,nan,nan,nan,nan,nan,5.80
19-Aug-24 6:28:00 AM AEST,nan,nan,15.6,nan,nan,nan,nan,nan,nan,nan,nan,nan
19-Aug-24 6:42:57 AM AEST,nan,nan,15.5,nan,nan,nan,nan,nan,nan,nan,nan,nan
19-Aug-24 6:48:55 AM AEST,nan,98.3,nan,nan,nan,nan,nan,nan,nan,nan,nan,nan
19-Aug-24 6:54:24 AM AEST,nan,nan,nan,nan,nan,nan,nan,nan,nan,nan,nan,16.70
19-Aug-24 6:54:24 AM AEST,nan,nan,nan,nan,nan,nan,nan,nan,nan,nan,nan,17.50
19-Aug-24 6:57:54 AM AEST,nan,nan,15.9,nan,nan,nan,nan,nan,nan,nan,nan,nan
19-Aug-24 7:00:00 AM AEST,16.3,nan,nan,nan,nan,0.02,nan,nan,nan,nan,nan,nan
19-Aug-24 7:00:00 AM AEST,16.6,nan,nan,nan,nan,0.04,nan,nan,nan,nan,nan,nan
19-Aug-24 7:00:00 AM AEST,16.6,nan,nan,nan,nan,0.04,nan,nan,nan,nan,nan,nan
19-Aug-24 7:00:00 AM AEST,16.6,nan,nan,nan,nan,0.04,nan,nan,nan,nan,nan,nan
19-Aug-24 7:12:51 AM AEST,nan,nan,16.0,nan,nan,nan,nan,nan,nan,nan,nan,nan
19-Aug-24 7:12:51 AM AEST,nan,nan,16.3,nan,nan,nan,nan,nan,nan,nan,nan,nan
19-Aug-24 7:13:50 AM AEST,nan,98.7,nan,nan,nan,nan,nan,nan,nan,nan,nan,nan
19-Aug-24 7:13:50 AM AEST,nan,99.0,nan,nan,nan,nan,nan,nan,nan,nan,nan,nan
19-Aug-24 7:21:48 AM AEST,nan,nan,nan,nan,nan,nan,nan,nan,nan,nan,nan,46.70
19-Aug-24 7:24:00 AM AEST,nan,nan,nan,nan,nan,nan,77.50,nan,nan,nan,nan,nan
19-Aug-24 7:24:55 AM AEST,17.1,nan,nan,nan,nan,nan,nan,nan,nan,nan,nan,nan
19-Aug-24 7:27:48 AM AEST,nan,nan,16.9,nan,nan,nan,nan,nan,nan,nan,nan,nan
19-Aug-24 7:38:45 AM AEST,nan,99.5,nan,nan,nan,nan,nan,nan,nan,nan,nan,nan
19-Aug-24 7:42:45 AM AEST,nan,nan,17.9,nan,nan,nan,nan,nan,nan,nan,nan,nan
19-Aug-24 7:49:12 AM AEST,nan,nan,nan,nan,nan,nan,nan,nan,nan,nan,nan,71.70
19-Aug-24 7:49:12 AM AEST,nan,nan,nan,nan,nan,nan,nan,nan,nan,nan,nan,242.40
19-Aug-24 7:49:50 AM AEST,18.1,nan,nan,nan,nan,nan,nan,nan,nan,nan,nan,nan
19-Aug-24 7:49:50 AM AEST,19.2,nan,nan,nan,nan,nan,nan,nan,nan,nan,nan,nan
19-Aug-24 7:57:42 AM AEST,nan,nan,19.0,nan,nan,nan,nan,nan,nan,nan,nan,nan
19-Aug-24 8:00:00 AM AEST,nan,nan,nan,nan,nan,nan,nan,0.07,2.40,0.70,77.60,nan
19-Aug-24 8:00:00 AM AEST,nan,nan,nan,nan,nan,nan,nan,0.07,2.40,0.70,77.60,nan
19-Aug-24 8:14:45 AM AEST,19.2,nan,nan,nan,nan,nan,nan,nan,nan,nan,nan,nan
19-Aug-24 8:14:55 AM AEST,nan,nan,nan,nan,nan,nan,nan,nan,nan,0.70,nan,nan
19-Aug-24 8:16:36 AM AEST,nan,nan,nan,nan,nan,nan,nan,nan,nan,nan,nan,242.40
19-Aug-24 8:16:36 AM AEST,nan,nan,nan,nan,nan,nan,nan,nan,nan,nan,nan,242.40
19-Aug-24 8:16:36 AM AEST,nan,nan,nan,nan,nan,nan,nan,nan,nan,nan,nan,355.00
19-Aug-24 8:24:00 AM AEST,nan,99.5,nan,nan,nan,nan,77.50,nan,2.40,nan,77.60,nan
19-Aug-24 8:24:00 AM AEST,nan,99.5,nan,nan,nan,nan,77.50,nan,2.40,nan,77.60,nan
19-Aug-24 8:24:00 AM AEST,nan,88.3,nan,nan,nan,nan,81.10,nan,2.40,nan,77.60,nan
19-Aug-24 8:28:00 AM AEST,nan,nan,19.0,nan,nan,nan,nan,nan,nan,nan,nan,nan
19-Aug-24 8:28:00 AM AEST,nan,nan,19.0,nan,nan,nan,nan,nan,nan,nan,nan,nan
19-Aug-24 8:28:00 AM AEST,nan,nan,20.1,nan,nan,nan,nan,nan,nan,nan,nan,nan
19-Aug-24 8:29:27 AM AEST,nan,nan,nan,0.00,nan,nan,nan,nan,nan,nan,nan,nan
19-Aug-24 8:29:27 AM AEST,nan,nan,nan,0.00,nan,nan,nan,nan,nan,nan,nan,nan
19-Aug-24 8:29:50 AM AEST,nan,nan,nan,nan,nan,nan,nan,nan,nan,0.70,nan,nan
19-Aug-24 8:29:50 AM AEST,nan,nan,nan,nan,nan,nan,nan,nan,nan,1.10,nan,nan
19-Aug-24 8:36:27 AM AEST,nan,nan,nan,nan,nan,nan,nan,nan,2.40,nan,nan,nan
19-Aug-24 8:36:27 AM AEST,nan,nan,nan,nan,nan,nan,nan,nan,3.50,nan,nan,nan
19-Aug-24 8:36:29 AM AEST,nan,nan,nan,nan,nan,nan,nan,nan,nan,nan,77.60,nan
19-Aug-24 8:36:29 AM AEST,nan,nan,nan,nan,nan,nan,nan,nan,nan,nan,88.90,nan
19-Aug-24 8:39:40 AM AEST,19.2,nan,nan,nan,nan,nan,nan,nan,nan,nan,nan,nan
19-Aug-24 8:39:40 AM AEST,21.9,nan,nan,nan,nan,nan,nan,nan,nan,nan,nan,nan
19-Aug-24 8:39:52 AM AEST,nan,nan,nan,nan,nan,nan,nan,0.07,nan,nan,nan,nan
19-Aug-24 8:39:52 AM AEST,nan,nan,nan,nan,nan,nan,nan,0.14,nan,nan,nan,nan
