timestamp,Air Temperature (V),Relative Humidity (mA),Dew Point (°C),Rainfall,Rainfall Since 9am,Last Hours Evaporation,Wind Direction,Current Wind Speed,Peak Wind Gust,Vector Wind Speed,Vector Wind Direction,Solar Radiation
04-Aug-25 9:00:00 AM AEST,nan,nan,nan,nan,nan,0.28,nan,nan,nan,nan,nan,nan
04-Aug-25 9:01:00 AM AEST,17.3,95.5,16.6,nan,nan,nan,nan,0.20,3.50,2.00,100.90,379.20
04-Aug-25 9:02:00 AM AEST,nan,94.3,16.5,nan,nan,nan,nan,0.10,2.40,1.00,100.60,382.40
04-Aug-25 9:02:04 AM AEST,17.5,nan,nan,nan,nan,nan,nan,nan,nan,nan,nan,nan
04-Aug-25 9:03:00 AM AEST,nan,93.0,nan,nan,nan,nan,nan,0.01,1.20,0.10,97.10,385.80
04-Aug-25 9:03:08 AM AEST,17.7,nan,nan,nan,nan,nan,nan,nan,nan,nan,nan,nan
04-Aug-25 9:04:00 AM AEST,nan,91.3,16.4,nan,nan,nan,100.80,0.03,nan,0.30,100.50,388.30
04-Aug-25 9:04:12 AM AEST,17.9,nan,nan,nan,nan,nan,nan,nan,nan,nan,nan,nan
04-Aug-25 9:05:00 AM AEST,nan,89.2,16.3,nan,nan,nan,nan,0.02,nan,0.20,100.40,391.70
04-Aug-25 9:05:16 AM AEST,18.1,nan,nan,nan,nan,nan,nan,nan,nan,nan,nan,nan
04-Aug-25 9:06:00 AM AEST,nan,86.2,16.1,nan,nan,nan,100.90,0.05,nan,0.50,100.90,394.20
04-Aug-25 9:06:20 AM AEST,18.3,nan,nan,nan,nan,nan,nan,nan,nan,nan,nan,nan
04-Aug-25 9:07:00 AM AEST,nan,82.7,15.7,nan,nan,nan,100.80,0.02,nan,0.20,100.40,397.40
04-Aug-25 9:07:24 AM AEST,18.4,nan,nan,nan,nan,nan,nan,nan,nan,nan,nan,nan
04-Aug-25 9:08:00 AM AEST,nan,79.5,15.3,nan,nan,nan,100.90,0.16,2.40,1.60,100.90,400.80
04-Aug-25 9:08:28 AM AEST,18.5,nan,nan,nan,nan,nan,nan,nan,nan,nan,nan,nan
04-Aug-25 9:09:00 AM AEST,nan,76.7,14.8,nan,nan,nan,nan,0.14,nan,1.40,101.00,403.30
04-Aug-25 9:09:32 AM AEST,18.7,nan,nan,nan,nan,nan,nan,nan,nan,nan,nan,nan
04-Aug-25 9:10:00 AM AEST,nan,74.2,14.4,nan,nan,nan,105.90,0.25,4.70,2.40,108.70,405.80
04-Aug-25 9:11:00 AM AEST,nan,72.0,14.0,nan,nan,nan,124.80,0.31,3.50,3.10,124.90,409.10
04-Aug-25 9:12:00 AM AEST,nan,69.8,13.5,nan,nan,nan,130.70,nan,nan,nan,130.30,412.50
04-Aug-25 9:13:00 AM AEST,18.8,69.7,13.1,nan,nan,nan,137.60,0.15,nan,1.50,137.70,414.90
04-Aug-25 9:14:00 AM AEST,nan,70.5,13.2,nan,nan,nan,nan,0.19,nan,2.00,137.80,419.20
04-Aug-25 9:14:04 AM AEST,18.9,nan,nan,nan,nan,nan,nan,nan,nan,nan,nan,nan
04-Aug-25 9:15:00 AM AEST,nan,68.3,13.4,nan,nan,nan,nan,0.27,nan,2.70,137.60,421.70
04-Aug-25 9:16:00 AM AEST,19.0,66.3,13.0,nan,nan,nan,137.70,0.15,nan,1.50,137.70,424.90
04-Aug-25 9:17:00 AM AEST,nan,65.8,12.6,nan,nan,nan,137.60,0.17,nan,1.70,nan,428.30
04-Aug-25 9:17:04 AM AEST,19.1,nan,nan,nan,nan,nan,nan,nan,nan,nan,nan,nan
04-Aug-25 9:18:00 AM AEST,nan,65.2,nan,nan,nan,nan,137.80,0.27,4.70,2.70,137.80,430.80
04-Aug-25 9:18:08 AM AEST,19.3,nan,nan,nan,nan,nan,nan,nan,nan,nan,nan,nan
04-Aug-25 9:19:00 AM AEST,nan,63.5,nan,nan,nan,nan,nan,0.31,3.50,3.10,nan,434.20
04-Aug-25 9:19:12 AM AEST,19.4,nan,nan,nan,nan,nan,nan,nan,nan,nan,nan,nan
04-Aug-25 9:20:00 AM AEST,nan,63.3,12.2,nan,nan,nan,nan,0.19,nan,1.90,137.70,436.60
04-Aug-25 9:20:16 AM AEST,19.5,nan,nan,nan,nan,nan,nan,nan,nan,nan,nan,nan
04-Aug-25 9:21:00 AM AEST,nan,63.2,nan,nan,nan,nan,137.90,0.18,nan,1.80,nan,440.00
04-Aug-25 9:21:20 AM AEST,19.7,nan,nan,nan,nan,nan,nan,nan,nan,nan,nan,nan
04-Aug-25 9:22:00 AM AEST,nan,63.5,12.3,nan,nan,nan,137.80,0.17,nan,1.70,137.80,442.40
04-Aug-25 9:23:00 AM AEST,nan,63.0,12.6,nan,nan,nan,nan,0.27,nan,2.70,nan,446.70
04-Aug-25 9:24:00 AM AEST,19.8,62.2,12.5,nan,nan,nan,nan,0.25,nan,2.50,nan,448.30
04-Aug-25 9:25:00 AM AEST,nan,62.5,12.4,nan,nan,nan,137.90,0.27,nan,2.70,nan,452.40
04-Aug-25 9:25:04 AM AEST,19.9,nan,nan,nan,nan,nan,nan,nan,nan,nan,nan,nan
04-Aug-25 9:26:00 AM AEST,nan,61.7,12.6,nan,nan,nan,142.10,0.37,5.90,3.70,143.60,455.00
04-Aug-25 9:26:08 AM AEST,20.0,nan,nan,nan,nan,nan,nan,nan,nan,nan,nan,nan
04-Aug-25 9:27:00 AM AEST,nan,61.2,12.4,nan,nan,nan,156.60,0.32,4.70,3.20,156.50,458.30
04-Aug-25 9:28:00 AM AEST,20.1,60.8,12.3,nan,nan,nan,nan,nan,nan,nan,156.60,460.80
04-Aug-25 9:29:00 AM AEST,nan,61.7,nan,nan,nan,nan,nan,0.25,3.50,2.50,156.70,463.30
04-Aug-25 9:29:04 AM AEST,20.2,nan,nan,nan,nan,nan,nan,nan,nan,nan,nan,nan
04-Aug-25 9:30:00 AM AEST,nan,62.8,12.6,nan,nan,nan,nan,0.19,nan,1.90,nan,465.80
04-Aug-25 9:30:08 AM AEST,20.4,nan,nan,nan,nan,nan,nan,nan,nan,nan,nan,nan
04-Aug-25 9:31:00 AM AEST,nan,62.0,13.1,nan,nan,nan,nan,nan,nan,nan,156.60,469.20
04-Aug-25 9:31:12 AM AEST,20.5,nan,nan,nan,nan,nan,nan,nan,nan,nan,nan,nan
04-Aug-25 9:32:00 AM AEST,nan,60.5,13.0,nan,nan,nan,nan,0.12,2.40,1.20,156.80,472.40
04-Aug-25 9:32:16 AM AEST,20.6,nan,nan,nan,nan,nan,nan,nan,nan,nan,nan,nan
04-Aug-25 9:32:16 AM AEST,20.8,nan,nan,nan,nan,nan,nan,nan,nan,nan,nan,nan
04-Aug-25 9:33:00 AM AEST,nan,63.3,12.7,nan,nan,nan,nan,0.08,3.50,0.80,156.90,475.00
04-Aug-25 9:33:20 AM AEST,20.9,nan,nan,nan,nan,nan,nan,nan,nan,nan,nan,nan
04-Aug-25 9:34:00 AM AEST,nan,60.7,13.6,nan,nan,nan,nan,0.26,nan,2.60,156.70,478.30
04-Aug-25 9:34:24 AM AEST,21.0,nan,nan,nan,nan,nan,nan,nan,nan,nan,nan,nan
04-Aug-25 9:35:00 AM AEST,nan,58.0,13.0,nan,nan,nan,nan,nan,nan,nan,nan,480.00
04-Aug-25 9:36:00 AM AEST,nan,57.8,12.4,nan,nan,nan,159.50,0.37,4.70,3.70,159.80,482.40
04-Aug-25 9:37:00 AM AEST,21.1,57.3,nan,nan,nan,nan,164.60,0.41,nan,4.10,164.70,485.80
04-Aug-25 9:38:00 AM AEST,nan,nan,12.3,nan,nan,nan,nan,0.24,3.50,2.40,nan,488.30
04-Aug-25 9:39:00 AM AEST,21.2,56.5,nan,nan,nan,nan,nan,0.28,nan,2.80,nan,491.60
04-Aug-25 9:40:00 AM AEST,nan,55.8,12.2,nan,nan,nan,nan,0.22,nan,2.20,nan,494.20
04-Aug-25 9:40:04 AM AEST,21.3,nan,nan,nan,nan,nan,nan,nan,nan,nan,nan,nan
04-Aug-25 9:41:00 AM AEST,nan,54.5,12.1,nan,nan,nan,177.20,0.47,7.10,4.40,177.90,496.60
04-Aug-25 9:41:08 AM AEST,21.4,nan,nan,nan,nan,nan,nan,nan,nan,nan,nan,nan
04-Aug-25 9:42:00 AM AEST,nan,53.0,11.9,nan,nan,nan,198.80,0.19,3.50,1.80,193.80,499.20
04-Aug-25 9:42:12 AM AEST,21.5,nan,nan,nan,nan,nan,nan,nan,nan,nan,nan,nan
04-Aug-25 9:42:12 AM AEST,21.7,nan,nan,nan,nan,nan,nan,nan,nan,nan,nan,nan
04-Aug-25 9:43:00 AM AEST,nan,53.8,11.6,nan,nan,nan,136.60,0.29,5.90,2.90,136.90,501.60
04-Aug-25 9:43:16 AM AEST,21.8,nan,nan,nan,nan,nan,nan,nan,nan,nan,nan,nan
04-Aug-25 9:44:00 AM AEST,nan,50.2,11.9,nan,nan,nan,240.40,0.31,nan,3.00,238.80,504.20
04-Aug-25 9:44:20 AM AEST,22.0,nan,nan,nan,nan,nan,nan,nan,nan,nan,nan,nan
04-Aug-25 9:45:00 AM AEST,nan,49.7,11.0,nan,nan,nan,240.90,0.25,3.50,2.50,239.90,506.70
04-Aug-25 9:45:24 AM AEST,22.1,nan,nan,nan,nan,nan,nan,nan,nan,nan,nan,nan
04-Aug-25 9:46:00 AM AEST,nan,46.8,nan,nan,nan,nan,239.00,0.34,5.90,3.40,238.90,509.10
04-Aug-25 9:46:28 AM AEST,22.3,nan,nan,nan,nan,nan,nan,nan,nan,nan,nan,nan
04-Aug-25 9:47:00 AM AEST,nan,46.7,10.2,nan,nan,nan,243.20,0.08,2.40,0.80,243.30,511.70
04-Aug-25 9:48:00 AM AEST,nan,nan,10.3,nan,nan,nan,249.60,0.17,3.50,1.70,255.20,514.10
04-Aug-25 9:49:00 AM AEST,22.5,44.2,10.4,nan,nan,nan,256.50,0.31,4.70,3.10,256.60,516.70
04-Aug-25 9:50:00 AM AEST,nan,45.7,9.7,nan,nan,nan,284.40,nan,nan,3.00,284.60,518.30
04-Aug-25 9:50:04 AM AEST,22.6,nan,nan,nan,nan,nan,nan,nan,nan,nan,nan,nan
04-Aug-25 9:51:00 AM AEST,nan,45.0,10.3,nan,nan,nan,27.90,0.46,5.90,3.80,30.50,521.70
04-Aug-25 9:51:08 AM AEST,22.7,nan,nan,nan,nan,nan,nan,nan,nan,nan,nan,nan
04-Aug-25 9:52:00 AM AEST,nan,44.3,10.1,nan,nan,nan,309.20,0.28,nan,2.60,314.50,523.30
04-Aug-25 9:52:12 AM AEST,22.8,nan,nan,nan,nan,nan,nan,nan,nan,nan,nan,nan
04-Aug-25 9:53:00 AM AEST,nan,44.2,9.9,nan,nan,nan,303.20,0.27,3.50,2.70,303.10,525.80
04-Aug-25 9:53:16 AM AEST,22.9,nan,nan,nan,nan,nan,nan,nan,nan,nan,nan,nan
04-Aug-25 9:54:00 AM AEST,nan,42.3,10.0,nan,nan,nan,293.50,0.39,5.90,3.90,293.00,527.50
04-Aug-25 9:54:20 AM AEST,23.0,nan,nan,nan,nan,nan,nan,nan,nan,nan,nan,nan
04-Aug-25 9:55:00 AM AEST,nan,44.0,9.4,nan,nan,nan,312.60,nan,7.10,3.80,316.60,529.10
04-Aug-25 9:55:24 AM AEST,23.1,nan,nan,nan,nan,nan,nan,nan,nan,nan,nan,nan
04-Aug-25 9:56:00 AM AEST,nan,45.0,10.1,nan,nan,nan,335.00,0.33,5.90,3.30,334.10,532.50
04-Aug-25 9:56:28 AM AEST,23.2,nan,nan,nan,nan,nan,nan,nan,nan,nan,nan,nan
04-Aug-25 9:57:00 AM AEST,nan,42.8,10.5,nan,nan,nan,2.60,0.31,nan,2.50,8.00,534.10
04-Aug-25 9:58:00 AM AEST,nan,40.8,9.8,nan,nan,nan,306.80,0.26,4.70,2.60,307.30,536.70
04-Aug-25 9:59:00 AM AEST,23.4,44.0,9.2,nan,nan,nan,303.20,0.24,nan,2.40,302.90,538.30
04-Aug-25 10:00:00 AM AEST,nan,40.7,10.4,nan,nan,nan,279.00,0.34,5.90,3.30,279.30,540.80
04-Aug-25 10:00:04 AM AEST,nan,nan,nan,nan,nan,0.42,nan,nan,nan,nan,nan,nan
04-Aug-25 10:01:00 AM AEST,nan,39.8,9.3,nan,nan,nan,280.00,0.66,9.50,6.10,282.70,543.30
04-Aug-25 10:02:00 AM AEST,nan,41.5,8.9,nan,nan,nan,328.60,0.43,8.30,4.20,326.50,544.90
04-Aug-25 10:03:00 AM AEST,nan,41.2,9.6,nan,nan,nan,306.70,0.52,nan,4.90,304.30,545.80
04-Aug-25 10:04:00 AM AEST,nan,38.7,9.5,nan,nan,nan,294.30,0.59,9.50,5.40,291.00,549.10
04-Aug-25 10:05:00 AM AEST,nan,40.5,8.5,nan,nan,nan,309.20,0.44,7.10,4.20,306.10,550.00
04-Aug-25 10:06:00 AM AEST,nan,40.0,9.3,nan,nan,nan,326.30,0.57,9.50,4.70,323.80,553.30
04-Aug-25 10:07:00 AM AEST,23.5,39.3,9.0,nan,nan,nan,12.00,0.34,7.10,3.30,13.60,554.90
04-Aug-25 10:08:00 AM AEST,nan,38.3,8.9,nan,nan,nan,291.50,0.90,15.40,8.40,291.80,557.50
04-Aug-25 10:09:00 AM AEST,23.3,37.2,8.5,nan,nan,nan,295.80,0.74,14.20,7.40,295.10,558.30
04-Aug-25 10:10:00 AM AEST,nan,39.5,7.9,nan,nan,nan,298.10,0.20,4.70,2.00,297.70,560.80
04-Aug-25 10:10:04 AM AEST,23.4,nan,nan,nan,nan,nan,nan,nan,nan,nan,nan,nan
04-Aug-25 10:11:00 AM AEST,nan,38.8,8.8,nan,nan,nan,292.80,0.78,11.80,7.50,289.40,562.50
04-Aug-25 10:11:08 AM AEST,23.5,nan,nan,nan,nan,nan,nan,nan,nan,nan,nan,nan
04-Aug-25 10:12:00 AM AEST,nan,nan,8.7,nan,nan,nan,312.00,0.73,10.60,6.80,313.40,564.90
04-Aug-25 10:12:12 AM AEST,23.4,nan,nan,nan,nan,nan,nan,nan,nan,nan,nan,nan
04-Aug-25 10:13:00 AM AEST,nan,37.8,8.6,nan,nan,nan,292.10,0.60,nan,6.00,292.00,566.70
04-Aug-25 10:13:16 AM AEST,23.3,nan,nan,nan,nan,nan,nan,nan,nan,nan,nan,nan
04-Aug-25 10:14:00 AM AEST,nan,37.7,8.1,nan,nan,nan,266.10,0.68,nan,6.60,264.50,567.40
04-Aug-25 10:15:00 AM AEST,23.4,39.8,nan,nan,nan,nan,317.20,0.54,nan,5.20,318.20,570.80
04-Aug-25 10:16:00 AM AEST,nan,nan,8.9,nan,nan,nan,314.60,0.59,8.30,5.70,316.00,571.60
04-Aug-25 10:16:04 AM AEST,23.5,nan,nan,nan,nan,nan,nan,nan,nan,nan,nan,nan
04-Aug-25 10:17:00 AM AEST,nan,40.5,9.0,nan,nan,nan,333.90,0.62,13.00,5.80,335.90,573.30
04-Aug-25 10:18:00 AM AEST,nan,41.3,9.3,nan,nan,nan,21.50,0.46,7.10,4.40,22.40,575.80
04-Aug-25 10:19:00 AM AEST,23.6,40.3,9.6,nan,nan,nan,42.60,0.63,10.60,6.30,42.90,576.60
04-Aug-25 10:20:00 AM AEST,nan,41.7,9.3,nan,nan,nan,38.70,0.25,4.70,2.50,37.30,579.20
04-Aug-25 10:20:04 AM AEST,23.7,nan,nan,nan,nan,nan,nan,nan,nan,nan,nan,nan
04-Aug-25 10:21:00 AM AEST,nan,40.8,9.9,nan,nan,nan,300.30,0.75,13.00,6.70,302.90,579.90
04-Aug-25 10:21:08 AM AEST,23.8,nan,nan,nan,nan,nan,nan,nan,nan,nan,nan,nan
04-Aug-25 10:22:00 AM AEST,nan,40.0,9.7,nan,nan,nan,316.80,0.80,nan,6.60,317.10,580.80
04-Aug-25 10:22:12 AM AEST,23.9,nan,nan,nan,nan,nan,nan,nan,nan,nan,nan,nan
04-Aug-25 10:23:00 AM AEST,nan,40.7,9.4,nan,nan,nan,327.20,0.60,9.50,5.50,325.00,584.20
04-Aug-25 10:24:00 AM AEST,nan,40.2,9.7,nan,nan,nan,279.00,0.52,7.10,4.30,281.00,587.40
04-Aug-25 10:25:00 AM AEST,nan,39.3,9.5,nan,nan,nan,293.10,0.76,10.60,7.00,290.40,589.20
04-Aug-25 10:26:00 AM AEST,nan,39.2,9.3,nan,nan,nan,293.80,0.49,9.50,4.80,291.60,590.80
04-Aug-25 10:27:00 AM AEST,24.0,40.3,9.2,nan,nan,nan,329.80,0.60,8.30,5.90,328.70,591.70
04-Aug-25 10:28:00 AM AEST,nan,40.8,9.7,nan,nan,nan,326.10,nan,9.50,5.80,321.70,593.30
04-Aug-25 10:28:04 AM AEST,24.1,nan,nan,nan,nan,nan,nan,nan,nan,nan,nan,nan
04-Aug-25 10:29:00 AM AEST,nan,41.5,9.9,nan,nan,nan,350.70,0.66,nan,6.00,347.90,595.00
04-Aug-25 10:30:00 AM AEST,nan,41.7,10.2,nan,nan,nan,358.40,0.54,nan,5.00,358.90,595.80
04-Aug-25 10:31:00 AM AEST,24.2,41.2,nan,nan,nan,nan,314.60,0.83,13.00,7.70,316.50,599.10
04-Aug-25 10:32:00 AM AEST,nan,40.2,10.1,nan,nan,nan,298.30,0.93,15.40,8.40,294.90,600.00
04-Aug-25 10:32:04 AM AEST,24.1,nan,nan,nan,nan,nan,nan,nan,nan,nan,nan,nan
04-Aug-25 10:32:04 AM AEST,24.0,nan,nan,nan,nan,nan,nan,nan,nan,nan,nan,nan
04-Aug-25 10:33:00 AM AEST,nan,39.8,9.8,nan,nan,nan,286.70,0.74,10.60,7.20,286.80,602.40
04-Aug-25 10:33:08 AM AEST,24.1,nan,nan,nan,nan,nan,nan,nan,nan,nan,nan,nan
04-Aug-25 10:34:00 AM AEST,nan,41.0,9.5,nan,nan,nan,253.80,0.37,7.10,3.20,253.00,603.30
04-Aug-25 10:35:00 AM AEST,nan,40.7,10.1,nan,nan,nan,292.70,0.91,15.40,8.70,292.20,605.80
04-Aug-25 10:36:00 AM AEST,nan,nan,9.9,nan,nan,nan,331.40,1.15,20.10,11.10,330.80,606.60
04-Aug-25 10:37:00 AM AEST,24.0,nan,nan,nan,nan,nan,333.90,0.97,14.20,9.10,331.20,608.30
04-Aug-25 10:38:00 AM AEST,nan,40.8,nan,nan,nan,nan,17.50,0.86,nan,7.70,21.80,609.90
04-Aug-25 10:39:00 AM AEST,24.2,41.3,nan,nan,nan,nan,324.90,0.50,8.30,4.90,322.00,611.70
04-Aug-25 10:40:00 AM AEST,nan,41.5,10.2,nan,nan,nan,312.00,0.40,7.10,3.80,308.40,612.40
04-Aug-25 10:40:04 AM AEST,24.3,nan,nan,nan,nan,nan,nan,nan,nan,nan,nan,nan
04-Aug-25 10:41:00 AM AEST,nan,42.3,10.4,nan,nan,nan,318.80,0.44,9.50,3.90,329.00,613.30
04-Aug-25 10:41:08 AM AEST,24.4,nan,nan,nan,nan,nan,nan,nan,nan,nan,nan,nan
04-Aug-25 10:42:00 AM AEST,nan,41.3,10.8,nan,nan,nan,295.70,0.67,nan,4.50,296.20,615.00
04-Aug-25 10:42:12 AM AEST,24.5,nan,nan,nan,nan,nan,nan,nan,nan,nan,nan,nan
04-Aug-25 10:43:00 AM AEST,nan,42.2,10.5,nan,nan,nan,259.70,0.36,4.70,3.50,261.40,617.40
04-Aug-25 10:43:16 AM AEST,24.7,nan,nan,nan,nan,nan,nan,nan,nan,nan,nan,nan
04-Aug-25 10:44:00 AM AEST,nan,41.8,11.0,nan,nan,nan,268.50,0.20,3.50,2.00,268.50,619.20
04-Aug-25 10:44:20 AM AEST,24.9,nan,nan,nan,nan,nan,nan,nan,nan,nan,nan,nan
04-Aug-25 10:45:00 AM AEST,nan,42.3,nan,nan,nan,nan,286.10,0.41,7.10,3.70,296.60,620.80
04-Aug-25 10:45:24 AM AEST,25.0,nan,nan,nan,nan,nan,nan,nan,nan,nan,nan,nan
04-Aug-25 10:46:00 AM AEST,nan,41.0,11.3,nan,nan,nan,305.80,0.50,nan,nan,304.50,621.70
04-Aug-25 10:47:00 AM AEST,nan,40.5,10.8,nan,nan,nan,213.70,0.34,nan,3.40,213.30,623.30
04-Aug-25 10:48:00 AM AEST,25.1,40.8,10.7,nan,nan,nan,271.20,0.49,11.80,4.40,281.70,624.90
04-Aug-25 10:49:00 AM AEST,nan,39.8,10.9,nan,nan,nan,285.70,0.57,9.50,5.50,284.40,628.30
04-Aug-25 10:49:04 AM AEST,25.0,nan,nan,nan,nan,nan,nan,nan,nan,nan,nan,nan
04-Aug-25 10:50:00 AM AEST,nan,41.0,10.4,nan,nan,nan,233.70,0.39,5.90,3.10,240.30,629.20
04-Aug-25 10:51:00 AM AEST,nan,41.2,10.8,nan,nan,nan,7.50,0.43,9.50,3.40,3.70,630.00
04-Aug-25 10:52:00 AM AEST,25.2,41.5,10.9,nan,nan,nan,313.10,0.39,8.30,3.00,288.10,631.60
04-Aug-25 10:53:00 AM AEST,nan,40.2,11.2,nan,nan,nan,303.50,0.90,14.20,7.90,302.80,632.50
04-Aug-25 10:53:04 AM AEST,25.1,nan,nan,nan,nan,nan,nan,nan,nan,nan,nan,nan
04-Aug-25 10:54:00 AM AEST,nan,nan,10.6,nan,nan,nan,290.70,0.76,17.80,7.30,288.40,634.20
04-Aug-25 10:54:08 AM AEST,24.9,nan,nan,nan,nan,nan,nan,nan,nan,nan,nan,nan
04-Aug-25 10:55:00 AM AEST,nan,41.5,10.5,nan,nan,nan,269.90,0.33,4.70,3.00,267.60,635.80
04-Aug-25 10:55:12 AM AEST,25.1,nan,nan,nan,nan,nan,nan,nan,nan,nan,nan,nan
04-Aug-25 10:56:00 AM AEST,nan,40.5,11.1,nan,nan,nan,283.20,0.40,5.90,4.00,282.90,nan
04-Aug-25 10:56:16 AM AEST,25.3,nan,nan,nan,nan,nan,nan,nan,nan,nan,nan,nan
04-Aug-25 10:57:00 AM AEST,nan,41.5,10.9,nan,nan,nan,285.20,nan,7.10,3.90,286.10,638.30
04-Aug-25 10:57:20 AM AEST,25.2,nan,nan,nan,nan,nan,nan,nan,nan,nan,nan,nan
04-Aug-25 10:58:00 AM AEST,nan,40.7,11.2,nan,nan,nan,298.20,0.68,10.60,5.60,304.70,640.00
04-Aug-25 10:58:24 AM AEST,25.1,nan,nan,nan,nan,nan,nan,nan,nan,nan,nan,nan
04-Aug-25 10:59:00 AM AEST,nan,40.5,10.9,nan,nan,nan,297.40,0.63,nan,nan,302.70,641.70
04-Aug-25 11:00:08 AM AEST,nan,nan,nan,nan,nan,0.48,nan,nan,nan,nan,nan,nan
04-Aug-25 11:01:00 AM AEST,25.3,40.2,nan,nan,nan,nan,262.30,0.44,7.10,3.80,268.20,nan
04-Aug-25 11:02:00 AM AEST,nan,41.0,10.8,nan,nan,nan,285.50,0.71,14.20,7.10,285.60,640.80
04-Aug-25 11:02:04 AM AEST,25.1,nan,nan,nan,nan,nan,nan,nan,nan,nan,nan,nan
04-Aug-25 11:03:00 AM AEST,nan,39.3,11.1,nan,nan,nan,277.50,0.69,10.60,6.80,278.00,643.30
04-Aug-25 11:03:08 AM AEST,25.0,nan,nan,nan,nan,nan,nan,nan,nan,nan,nan,nan
04-Aug-25 11:04:00 AM AEST,nan,40.0,10.3,nan,nan,nan,290.20,0.56,7.10,5.30,290.20,646.70
04-Aug-25 11:04:12 AM AEST,25.1,nan,nan,nan,nan,nan,nan,nan,nan,nan,nan,nan
04-Aug-25 11:05:00 AM AEST,nan,41.2,10.5,nan,nan,nan,312.80,0.64,10.60,5.80,318.60,647.40
04-Aug-25 11:05:16 AM AEST,25.2,nan,nan,nan,nan,nan,nan,nan,nan,nan,nan,nan
04-Aug-25 11:06:00 AM AEST,nan,41.5,11.0,nan,nan,nan,296.60,0.53,14.20,5.00,300.40,649.20
04-Aug-25 11:07:00 AM AEST,nan,40.8,11.2,nan,nan,nan,281.80,0.50,9.50,nan,280.30,648.30
04-Aug-25 11:08:00 AM AEST,nan,40.0,11.0,nan,nan,nan,288.90,0.63,8.30,6.10,289.30,649.20
04-Aug-25 11:09:00 AM AEST,nan,40.8,10.6,nan,nan,nan,305.30,0.43,7.10,4.30,306.70,nan
04-Aug-25 11:10:00 AM AEST,25.4,41.7,11.0,nan,nan,nan,306.10,0.27,4.70,2.70,306.20,650.80
04-Aug-25 11:11:00 AM AEST,nan,41.0,11.4,nan,nan,nan,306.30,0.16,2.40,1.60,306.30,653.30
04-Aug-25 11:11:04 AM AEST,25.6,nan,nan,nan,nan,nan,nan,nan,nan,nan,nan,nan
04-Aug-25 11:12:00 AM AEST,nan,nan,nan,nan,nan,nan,307.20,0.58,11.80,5.40,307.40,655.80
04-Aug-25 11:12:08 AM AEST,25.8,nan,nan,nan,nan,nan,nan,nan,nan,nan,nan,nan
04-Aug-25 11:13:00 AM AEST,nan,40.5,11.5,nan,nan,nan,302.10,0.76,13.00,6.00,310.50,nan
04-Aug-25 11:13:12 AM AEST,25.6,nan,nan,nan,nan,nan,nan,nan,nan,nan,nan,nan
04-Aug-25 11:14:00 AM AEST,nan,41.5,11.2,nan,nan,nan,253.00,0.51,9.50,3.50,265.60,656.60
04-Aug-25 11:15:00 AM AEST,25.7,40.3,11.6,nan,nan,nan,272.60,0.62,nan,4.10,280.60,657.50
04-Aug-25 11:16:00 AM AEST,nan,40.2,11.2,nan,nan,nan,308.80,0.17,3.50,1.70,308.90,658.30
04-Aug-25 11:17:00 AM AEST,25.8,nan,nan,nan,nan,nan,292.30,0.63,9.50,6.00,287.70,660.80
04-Aug-25 11:18:00 AM AEST,nan,39.8,nan,nan,nan,nan,290.40,0.64,10.60,5.60,297.00,661.70
04-Aug-25 11:18:04 AM AEST,25.6,nan,nan,nan,nan,nan,nan,nan,nan,nan,nan,nan
04-Aug-25 11:19:00 AM AEST,nan,40.8,10.9,nan,nan,nan,301.00,0.46,7.10,4.30,301.50,664.10
04-Aug-25 11:19:08 AM AEST,25.7,nan,nan,nan,nan,nan,nan,nan,nan,nan,nan,nan
04-Aug-25 11:20:00 AM AEST,nan,42.2,11.4,nan,nan,nan,283.20,0.25,4.70,1.40,289.40,665.00
04-Aug-25 11:20:12 AM AEST,25.8,nan,nan,nan,nan,nan,nan,nan,nan,nan,nan,nan
04-Aug-25 11:20:12 AM AEST,25.9,nan,nan,nan,nan,nan,nan,nan,nan,nan,nan,nan
04-Aug-25 11:21:00 AM AEST,nan,40.7,12.0,nan,nan,nan,223.80,0.31,3.50,2.70,223.00,nan
04-Aug-25 11:21:16 AM AEST,26.1,nan,nan,nan,nan,nan,nan,nan,nan,nan,nan,nan
04-Aug-25 11:22:00 AM AEST,nan,41.7,11.5,nan,nan,nan,300.60,0.29,4.70,1.30,338.30,666.60
04-Aug-25 11:23:00 AM AEST,nan,40.5,12.1,nan,nan,nan,303.70,0.54,10.60,4.20,286.40,668.30
04-Aug-25 11:24:00 AM AEST,26.0,39.5,11.7,nan,nan,nan,327.70,0.86,11.80,7.70,328.90,nan
04-Aug-25 11:25:00 AM AEST,nan,39.2,11.1,nan,nan,nan,356.80,0.66,8.30,6.00,355.30,669.20
04-Aug-25 11:25:04 AM AEST,25.8,nan,nan,nan,nan,nan,nan,nan,nan,nan,nan,nan
04-Aug-25 11:26:00 AM AEST,nan,38.7,10.9,nan,nan,nan,304.20,0.63,nan,4.40,306.60,670.00
04-Aug-25 11:27:00 AM AEST,25.7,39.3,10.6,nan,nan,nan,307.50,0.69,10.60,6.20,315.60,672.40
04-Aug-25 11:28:00 AM AEST,nan,39.8,10.8,nan,nan,nan,285.10,0.51,8.30,5.10,287.60,672.50
04-Aug-25 11:28:04 AM AEST,25.8,nan,nan,nan,nan,nan,nan,nan,nan,nan,nan,nan
04-Aug-25 11:29:00 AM AEST,nan,40.0,11.0,nan,nan,nan,269.40,0.32,7.10,3.10,263.70,672.40
04-Aug-25 11:29:08 AM AEST,25.9,nan,nan,nan,nan,nan,nan,nan,nan,nan,nan,nan
04-Aug-25 11:30:00 AM AEST,nan,40.2,11.2,nan,nan,nan,278.20,0.39,5.90,3.60,280.10,674.20
04-Aug-25 11:30:12 AM AEST,26.1,nan,nan,nan,nan,nan,nan,nan,nan,nan,nan,nan
04-Aug-25 11:31:00 AM AEST,nan,40.5,11.4,nan,nan,nan,288.60,0.34,4.70,3.40,288.40,673.30
04-Aug-25 11:31:16 AM AEST,26.2,nan,nan,nan,nan,nan,nan,nan,nan,nan,nan,nan
04-Aug-25 11:32:00 AM AEST,nan,39.7,11.6,nan,nan,nan,296.60,0.63,14.20,5.80,308.90,674.20
04-Aug-25 11:32:20 AM AEST,26.0,nan,nan,nan,nan,nan,nan,nan,nan,nan,nan,nan
04-Aug-25 11:33:00 AM AEST,nan,38.7,11.4,nan,nan,nan,276.90,0.67,10.60,6.60,276.80,nan
04-Aug-25 11:33:24 AM AEST,25.9,nan,nan,nan,nan,nan,nan,nan,nan,nan,nan,nan
04-Aug-25 11:34:00 AM AEST,nan,39.0,10.9,nan,nan,nan,249.30,0.64,8.30,5.10,248.50,674.10
04-Aug-25 11:35:00 AM AEST,nan,nan,nan,nan,nan,nan,318.20,0.62,10.60,6.00,316.10,675.80
04-Aug-25 11:36:00 AM AEST,nan,38.5,nan,nan,nan,nan,278.10,0.37,8.30,3.20,286.70,676.60
04-Aug-25 11:37:00 AM AEST,26.0,39.0,10.7,nan,nan,nan,308.80,0.40,7.10,3.50,317.90,675.80
04-Aug-25 11:38:00 AM AEST,nan,39.2,11.0,nan,nan,nan,326.40,0.48,5.90,4.70,325.90,676.70
04-Aug-25 11:38:04 AM AEST,26.1,nan,nan,nan,nan,nan,nan,nan,nan,nan,nan,nan
04-Aug-25 11:39:00 AM AEST,nan,39.0,11.1,nan,nan,nan,303.10,0.22,4.70,2.20,303.00,677.40
04-Aug-25 11:39:08 AM AEST,26.2,nan,nan,nan,nan,nan,nan,nan,nan,nan,nan,nan
04-Aug-25 11:40:00 AM AEST,nan,40.0,nan,nan,nan,nan,319.30,0.39,5.90,2.80,319.90,677.50
04-Aug-25 11:40:12 AM AEST,26.3,nan,nan,nan,nan,nan,nan,nan,nan,nan,nan,nan
04-Aug-25 11:41:00 AM AEST,nan,39.2,11.6,nan,nan,nan,292.60,0.41,8.30,4.10,295.40,678.30
04-Aug-25 11:42:00 AM AEST,26.4,39.7,11.3,nan,nan,nan,308.70,0.71,11.80,6.10,317.00,680.80
04-Aug-25 11:43:00 AM AEST,nan,39.3,11.6,nan,nan,nan,333.00,0.66,8.30,6.20,334.00,680.00
04-Aug-25 11:44:00 AM AEST,nan,39.5,11.4,nan,nan,nan,309.00,0.40,5.90,3.90,311.90,682.40
04-Aug-25 11:45:00 AM AEST,26.6,40.0,11.5,nan,nan,nan,334.20,0.35,nan,3.10,340.80,683.30
04-Aug-25 11:46:00 AM AEST,nan,38.8,11.9,nan,nan,nan,297.70,0.43,7.10,4.30,297.40,nan
04-Aug-25 11:46:04 AM AEST,26.5,nan,nan,nan,nan,nan,nan,nan,nan,nan,nan,nan
04-Aug-25 11:47:00 AM AEST,nan,37.8,11.4,nan,nan,nan,278.40,0.55,8.30,5.50,278.40,684.20
04-Aug-25 11:47:08 AM AEST,26.4,nan,nan,nan,nan,nan,nan,nan,nan,nan,nan,nan
04-Aug-25 11:48:00 AM AEST,nan,37.2,11.0,nan,nan,nan,nan,0.38,5.90,3.80,nan,nan
04-Aug-25 11:48:12 AM AEST,26.5,nan,nan,nan,nan,nan,nan,nan,nan,nan,nan,nan
04-Aug-25 11:49:00 AM AEST,nan,37.8,10.6,nan,nan,nan,305.80,0.32,3.50,3.10,307.00,684.90
04-Aug-25 11:49:16 AM AEST,26.6,nan,nan,nan,nan,nan,nan,nan,nan,nan,nan,nan
04-Aug-25 11:50:00 AM AEST,nan,38.8,11.0,nan,nan,nan,282.40,0.54,8.30,3.50,278.50,685.00
04-Aug-25 11:50:20 AM AEST,26.5,nan,nan,nan,nan,nan,nan,nan,nan,nan,nan,nan
04-Aug-25 11:51:00 AM AEST,nan,38.0,11.4,nan,nan,nan,282.90,0.71,9.50,6.00,279.90,684.90
04-Aug-25 11:51:24 AM AEST,26.4,nan,nan,nan,nan,nan,nan,nan,nan,nan,nan,nan
04-Aug-25 11:52:00 AM AEST,nan,37.8,11.0,nan,nan,nan,256.30,0.47,7.10,4.20,258.40,684.20
04-Aug-25 11:53:00 AM AEST,nan,38.5,10.8,nan,nan,nan,310.30,0.72,13.00,6.50,318.70,nan
04-Aug-25 11:54:00 AM AEST,nan,nan,11.1,nan,nan,nan,334.00,0.56,10.60,5.50,333.40,685.80
04-Aug-25 11:55:00 AM AEST,26.3,38.3,nan,nan,nan,nan,327.60,0.88,13.00,8.70,327.10,685.00
04-Aug-25 11:56:00 AM AEST,nan,38.2,11.0,nan,nan,nan,1.80,0.68,9.50,6.00,0.30,683.30
04-Aug-25 11:57:00 AM AEST,26.2,37.5,10.9,nan,nan,nan,19.30,0.70,11.80,6.50,20.80,684.20
04-Aug-25 11:58:00 AM AEST,nan,37.8,10.6,nan,nan,nan,49.00,0.34,5.90,3.40,49.10,683.30
04-Aug-25 11:58:04 AM AEST,26.3,nan,nan,nan,nan,nan,nan,nan,nan,nan,nan,nan
04-Aug-25 11:59:00 AM AEST,nan,38.2,10.7,nan,nan,nan,351.70,0.74,10.60,6.30,346.80,684.20
04-Aug-25 12:00:12 PM AEST,nan,nan,nan,nan,nan,0.50,nan,nan,nan,nan,nan,nan
04-Aug-25 12:01:00 PM AEST,26.4,39.0,11.0,nan,nan,nan,325.90,0.76,11.80,7.30,326.20,686.70
04-Aug-25 12:01:00 PM AEST,26.4,38.8,11.2,nan,nan,nan,355.60,0.66,9.50,6.00,357.60,687.40
04-Aug-25 12:02:00 PM AEST,nan,38.7,nan,nan,nan,nan,332.50,0.65,10.60,6.50,333.10,688.30
04-Aug-25 12:02:04 PM AEST,26.5,nan,nan,nan,nan,nan,nan,nan,nan,nan,nan,nan
04-Aug-25 12:03:00 PM AEST,nan,38.0,11.3,nan,nan,nan,307.60,0.81,13.00,7.40,304.20,nan
04-Aug-25 12:03:08 PM AEST,26.4,nan,nan,nan,nan,nan,nan,nan,nan,nan,nan,nan
04-Aug-25 12:04:00 PM AEST,nan,38.3,10.9,nan,nan,nan,314.60,0.78,nan,nan,319.30,687.50
04-Aug-25 12:04:12 PM AEST,26.2,nan,nan,nan,nan,nan,nan,nan,nan,nan,nan,nan
04-Aug-25 12:04:12 PM AEST,26.1,nan,nan,nan,nan,nan,nan,nan,nan,nan,nan,nan
04-Aug-25 12:05:00 PM AEST,nan,38.7,nan,nan,nan,nan,322.50,0.88,nan,8.70,320.80,685.80
04-Aug-25 12:05:16 PM AEST,26.0,nan,nan,nan,nan,nan,nan,nan,nan,nan,nan,nan
04-Aug-25 12:06:00 PM AEST,nan,39.0,11.0,nan,nan,nan,297.90,0.65,9.50,6.40,299.40,686.60
04-Aug-25 12:07:00 PM AEST,nan,39.3,nan,nan,nan,nan,317.50,0.53,7.10,3.80,319.70,686.70
04-Aug-25 12:08:00 PM AEST,26.2,39.2,11.1,nan,nan,nan,25.70,0.49,nan,4.90,25.90,688.30
04-Aug-25 12:09:00 PM AEST,nan,39.3,11.2,nan,nan,nan,21.40,0.34,5.90,3.40,21.50,689.20
04-Aug-25 12:09:04 PM AEST,26.3,nan,nan,nan,nan,nan,nan,nan,nan,nan,nan,nan
04-Aug-25 12:10:00 PM AEST,nan,nan,11.3,nan,nan,nan,18.90,0.50,7.10,5.00,19.00,nan
04-Aug-25 12:10:08 PM AEST,26.4,nan,nan,nan,nan,nan,nan,nan,nan,nan,nan,nan
04-Aug-25 12:11:00 PM AEST,nan,38.5,11.5,nan,nan,nan,35.80,0.42,5.90,4.20,36.10,689.10
04-Aug-25 12:12:00 PM AEST,26.3,38.7,11.1,nan,nan,nan,60.40,0.59,10.60,5.70,64.30,689.20
04-Aug-25 12:13:00 PM AEST,nan,39.0,nan,nan,nan,nan,75.10,0.39,7.10,3.30,77.40,689.10
04-Aug-25 12:13:04 PM AEST,26.4,nan,nan,nan,nan,nan,nan,nan,nan,nan,nan,nan
04-Aug-25 12:14:00 PM AEST,nan,39.7,11.2,nan,nan,nan,223.30,0.63,10.60,6.10,221.10,690.00
04-Aug-25 12:15:00 PM AEST,26.5,39.5,11.6,nan,nan,nan,202.80,0.50,9.50,5.00,202.60,689.20
04-Aug-25 12:16:00 PM AEST,nan,40.3,nan,nan,nan,nan,209.90,0.56,7.10,5.40,210.20,689.90
04-Aug-25 12:17:00 PM AEST,26.6,41.5,11.9,nan,nan,nan,308.00,0.53,10.60,3.40,327.50,690.80
04-Aug-25 12:18:00 PM AEST,nan,41.3,12.5,nan,nan,nan,303.30,0.63,9.50,5.90,304.90,689.90
04-Aug-25 12:18:04 PM AEST,26.7,nan,nan,nan,nan,nan,nan,nan,nan,nan,nan,nan
04-Aug-25 12:19:00 PM AEST,nan,41.2,nan,nan,nan,nan,270.00,0.49,7.10,4.90,269.40,690.80
04-Aug-25 12:19:08 PM AEST,26.8,nan,nan,nan,nan,nan,nan,nan,nan,nan,nan,nan
04-Aug-25 12:20:00 PM AEST,nan,40.0,nan,nan,nan,nan,295.10,0.63,10.60,4.70,294.70,691.70
04-Aug-25 12:20:12 PM AEST,26.7,nan,nan,nan,nan,nan,nan,nan,nan,nan,nan,nan
04-Aug-25 12:20:12 PM AEST,26.8,nan,nan,nan,nan,nan,nan,nan,nan,nan,nan,nan
04-Aug-25 12:21:00 PM AEST,nan,40.2,12.0,nan,nan,nan,238.90,0.32,5.90,2.70,242.40,690.80
04-Aug-25 12:21:16 PM AEST,27.0,nan,nan,nan,nan,nan,nan,nan,nan,nan,nan,nan
04-Aug-25 12:22:00 PM AEST,nan,40.7,12.1,nan,nan,nan,249.60,0.38,7.10,3.50,260.10,nan
04-Aug-25 12:23:00 PM AEST,nan,40.5,12.5,nan,nan,nan,216.70,0.35,nan,2.60,228.60,691.60
04-Aug-25 12:24:00 PM AEST,nan,nan,12.4,nan,nan,nan,295.00,0.42,4.70,4.20,295.00,692.50
04-Aug-25 12:25:00 PM AEST,27.1,41.2,nan,nan,nan,nan,256.30,0.37,5.90,3.40,253.30,nan
04-Aug-25 12:26:00 PM AEST,nan,40.0,12.8,nan,nan,nan,224.20,0.34,7.10,2.90,215.00,693.30
04-Aug-25 12:27:00 PM AEST,nan,39.8,12.4,nan,nan,nan,206.20,0.59,8.30,5.50,203.20,692.50
04-Aug-25 12:28:00 PM AEST,27.2,40.3,12.3,nan,nan,nan,213.40,0.32,4.70,2.20,196.80,692.40
04-Aug-25 12:29:00 PM AEST,nan,40.2,12.6,nan,nan,nan,251.80,0.50,8.30,2.60,263.10,691.70
04-Aug-25 12:29:04 PM AEST,27.1,nan,nan,nan,nan,nan,nan,nan,nan,nan,nan,nan
04-Aug-25 12:30:00 PM AEST,nan,nan,12.5,nan,nan,nan,305.60,0.80,10.60,7.50,307.90,692.40
04-Aug-25 12:30:08 PM AEST,26.9,nan,nan,nan,nan,nan,nan,nan,nan,nan,nan,nan
04-Aug-25 12:31:00 PM AEST,nan,39.3,12.4,nan,nan,nan,291.80,0.62,8.30,6.00,293.10,691.70
04-Aug-25 12:32:00 PM AEST,nan,39.8,11.9,nan,nan,nan,278.80,0.52,nan,4.80,282.00,692.50
04-Aug-25 12:33:00 PM AEST,27.0,40.2,12.1,nan,nan,nan,319.40,0.43,7.10,4.20,320.10,691.60
04-Aug-25 12:34:00 PM AEST,nan,39.5,12.3,nan,nan,nan,297.30,0.50,nan,5.00,296.10,690.80
04-Aug-25 12:35:00 PM AEST,nan,39.7,12.1,nan,nan,nan,307.80,0.66,11.80,6.50,308.90,689.10
04-Aug-25 12:36:00 PM AEST,26.9,40.2,nan,nan,nan,nan,273.40,0.65,8.30,4.60,276.50,690.00
04-Aug-25 12:37:00 PM AEST,nan,41.3,12.2,nan,nan,nan,252.30,0.40,5.90,3.30,255.50,690.80
04-Aug-25 12:37:04 PM AEST,27.0,nan,nan,nan,nan,nan,nan,nan,nan,nan,nan,nan
04-Aug-25 12:38:00 PM AEST,nan,40.5,12.8,nan,nan,nan,288.10,0.49,9.50,4.70,291.80,nan
04-Aug-25 12:38:08 PM AEST,27.1,nan,nan,nan,nan,nan,nan,nan,nan,nan,nan,nan
04-Aug-25 12:39:00 PM AEST,nan,41.0,12.6,nan,nan,nan,278.60,0.47,11.80,nan,280.70,691.70
04-Aug-25 12:39:12 PM AEST,27.2,nan,nan,nan,nan,nan,nan,nan,nan,nan,nan,nan
04-Aug-25 12:40:00 PM AEST,nan,39.8,12.8,nan,nan,nan,308.30,0.80,13.00,7.90,307.80,690.80
04-Aug-25 12:40:16 PM AEST,27.0,nan,nan,nan,nan,nan,nan,nan,nan,nan,nan,nan
04-Aug-25 12:40:16 PM AEST,26.9,nan,nan,nan,nan,nan,nan,nan,nan,nan,nan,nan
04-Aug-25 12:41:00 PM AEST,nan,40.2,12.2,nan,nan,nan,290.70,0.57,10.60,5.60,292.40,690.00
04-Aug-25 12:41:20 PM AEST,27.0,nan,nan,nan,nan,nan,nan,nan,nan,nan,nan,nan
04-Aug-25 12:42:00 PM AEST,nan,40.5,12.3,nan,nan,nan,273.80,0.52,8.30,4.10,277.80,688.30
04-Aug-25 12:42:24 PM AEST,27.1,nan,nan,nan,nan,nan,nan,nan,nan,nan,nan,nan
04-Aug-25 12:43:00 PM AEST,nan,41.2,12.4,nan,nan,nan,251.80,0.34,4.70,2.00,247.60,nan
04-Aug-25 12:43:28 PM AEST,27.3,nan,nan,nan,nan,nan,nan,nan,nan,nan,nan,nan
04-Aug-25 12:44:00 PM AEST,nan,nan,12.8,nan,nan,nan,273.20,0.28,7.10,nan,233.20,687.50
04-Aug-25 12:45:00 PM AEST,27.4,nan,13.0,nan,nan,nan,202.00,0.54,nan,5.40,201.80,686.60
04-Aug-25 12:46:00 PM AEST,nan,41.3,13.1,nan,nan,nan,205.60,0.41,nan,4.10,205.90,686.70
04-Aug-25 12:47:00 PM AEST,27.5,42.0,nan,nan,nan,nan,210.50,0.30,3.50,2.80,212.70,nan
04-Aug-25 12:48:00 PM AEST,nan,42.3,13.4,nan,nan,nan,241.50,0.51,9.50,3.20,233.30,686.60
04-Aug-25 12:49:00 PM AEST,nan,42.2,13.6,nan,nan,nan,266.20,0.60,nan,4.80,258.20,685.00
04-Aug-25 12:50:00 PM AEST,27.4,41.8,13.5,nan,nan,nan,214.40,0.56,8.30,3.70,211.90,684.90
04-Aug-25 12:51:00 PM AEST,nan,41.5,13.3,nan,nan,nan,191.90,0.51,nan,5.00,192.30,684.20
04-Aug-25 12:52:00 PM AEST,27.5,42.2,13.2,nan,nan,nan,281.20,0.40,7.10,3.80,283.00,683.30
04-Aug-25 12:53:00 PM AEST,nan,41.5,13.5,nan,nan,nan,181.10,0.59,10.60,5.30,176.70,nan
04-Aug-25 12:54:00 PM AEST,nan,42.0,13.3,nan,nan,nan,274.90,0.51,8.30,4.00,279.50,nan
04-Aug-25 12:55:00 PM AEST,27.4,41.2,13.4,nan,nan,nan,292.30,0.60,9.50,5.60,292.80,682.40
04-Aug-25 12:56:00 PM AEST,nan,40.8,13.0,nan,nan,nan,230.90,0.93,13.00,5.40,235.70,680.80
04-Aug-25 12:56:04 PM AEST,27.2,nan,nan,nan,nan,nan,nan,nan,nan,nan,nan,nan
04-Aug-25 12:57:00 PM AEST,nan,41.7,12.7,nan,nan,nan,205.50,0.51,7.10,4.90,204.40,nan
04-Aug-25 12:57:08 PM AEST,27.1,nan,nan,nan,nan,nan,nan,nan,nan,nan,nan,nan
04-Aug-25 12:58:00 PM AEST,nan,41.2,13.0,nan,nan,nan,173.20,0.79,14.20,7.50,172.90,nan
04-Aug-25 12:59:00 PM AEST,nan,42.0,12.8,nan,nan,nan,226.10,0.40,5.90,3.90,225.00,679.20
04-Aug-25 1:00:00 PM AEST,nan,42.5,13.1,nan,nan,nan,187.10,0.80,11.80,7.60,184.80,679.10
04-Aug-25 1:00:16 PM AEST,nan,nan,nan,nan,nan,0.47,nan,nan,nan,nan,nan,nan
04-Aug-25 1:01:00 PM AEST,27.0,41.5,13.3,nan,nan,nan,213.10,0.75,nan,7.20,212.30,678.30
04-Aug-25 1:02:00 PM AEST,nan,41.7,12.8,nan,nan,nan,183.10,1.09,14.20,10.60,181.30,677.50
04-Aug-25 1:02:04 PM AEST,26.9,nan,nan,nan,nan,nan,nan,nan,nan,nan,nan,nan
04-Aug-25 1:03:00 PM AEST,nan,42.0,nan,nan,nan,nan,201.90,0.67,11.80,6.40,195.20,676.60
04-Aug-25 1:04:00 PM AEST,26.8,42.3,12.9,nan,nan,nan,292.80,0.59,9.50,5.50,298.60,675.00
04-Aug-25 1:05:00 PM AEST,nan,42.0,13.0,nan,nan,nan,308.40,0.48,7.10,4.80,308.60,674.90
04-Aug-25 1:05:04 PM AEST,26.9,nan,nan,nan,nan,nan,nan,nan,nan,nan,nan,nan
04-Aug-25 1:06:00 PM AEST,nan,42.3,12.9,nan,nan,nan,307.90,0.37,5.90,3.70,307.80,675.00
04-Aug-25 1:06:08 PM AEST,27.0,nan,nan,nan,nan,nan,nan,nan,nan,nan,nan,nan
04-Aug-25 1:07:00 PM AEST,nan,42.7,13.1,nan,nan,nan,219.80,0.63,14.20,5.00,203.20,674.10
04-Aug-25 1:07:12 PM AEST,27.1,nan,nan,nan,nan,nan,nan,nan,nan,nan,nan,nan
04-Aug-25 1:08:00 PM AEST,nan,41.3,13.4,nan,nan,nan,173.90,0.72,9.50,7.20,173.90,672.50
04-Aug-25 1:08:16 PM AEST,26.9,nan,nan,nan,nan,nan,nan,nan,nan,nan,nan,nan
04-Aug-25 1:09:00 PM AEST,nan,41.7,12.7,nan,nan,nan,180.50,0.62,nan,6.10,179.50,671.70
04-Aug-25 1:10:00 PM AEST,nan,42.8,12.8,nan,nan,nan,245.30,0.71,13.00,4.90,253.10,670.80
04-Aug-25 1:11:00 PM AEST,27.0,42.5,13.2,nan,nan,nan,203.60,0.30,4.70,3.00,203.50,669.20
04-Aug-25 1:12:00 PM AEST,nan,43.5,nan,nan,nan,nan,197.60,0.43,7.10,4.20,196.40,668.30
04-Aug-25 1:12:04 PM AEST,27.2,nan,nan,nan,nan,nan,nan,nan,nan,nan,nan,nan
04-Aug-25 1:13:00 PM AEST,nan,43.3,13.7,nan,nan,nan,198.80,0.62,10.60,5.20,190.00,667.50
04-Aug-25 1:13:08 PM AEST,27.3,nan,nan,nan,nan,nan,nan,nan,nan,nan,nan,nan
04-Aug-25 1:13:08 PM AEST,27.1,nan,nan,nan,nan,nan,nan,nan,nan,nan,nan,nan
04-Aug-25 1:14:00 PM AEST,nan,43.2,nan,nan,nan,nan,185.80,0.60,nan,nan,188.20,666.70
04-Aug-25 1:15:00 PM AEST,nan,42.7,13.5,nan,nan,nan,295.50,nan,13.00,5.90,299.00,667.40
04-Aug-25 1:16:00 PM AEST,27.2,43.3,13.3,nan,nan,nan,262.10,0.21,3.50,2.10,262.30,665.00
04-Aug-25 1:17:00 PM AEST,nan,nan,13.7,nan,nan,nan,290.50,0.51,10.60,4.80,296.80,664.90
04-Aug-25 1:17:04 PM AEST,27.4,nan,nan,nan,nan,nan,nan,nan,nan,nan,nan,nan
04-Aug-25 1:18:00 PM AEST,nan,44.5,13.8,nan,nan,nan,288.50,0.23,3.50,2.30,288.40,663.30
04-Aug-25 1:18:08 PM AEST,27.5,nan,nan,nan,nan,nan,nan,nan,nan,nan,nan,nan
04-Aug-25 1:19:00 PM AEST,nan,42.5,14.4,nan,nan,nan,316.70,0.87,15.40,7.40,311.00,662.50
04-Aug-25 1:19:12 PM AEST,27.2,nan,nan,nan,nan,nan,nan,nan,nan,nan,nan,nan
04-Aug-25 1:20:00 PM AEST,nan,nan,13.6,nan,nan,nan,289.40,0.51,7.10,5.10,289.10,662.40
04-Aug-25 1:21:00 PM AEST,27.4,43.0,13.4,nan,nan,nan,348.20,0.36,5.90,3.40,346.00,660.80
04-Aug-25 1:22:00 PM AEST,nan,42.3,13.7,nan,nan,nan,335.00,0.28,4.70,2.80,335.10,659.10
04-Aug-25 1:22:04 PM AEST,27.6,nan,nan,nan,nan,nan,nan,nan,nan,nan,nan,nan
04-Aug-25 1:23:00 PM AEST,nan,42.7,13.6,nan,nan,nan,303.40,0.57,11.80,4.50,296.50,659.20
04-Aug-25 1:23:08 PM AEST,27.7,nan,nan,nan,nan,nan,nan,nan,nan,nan,nan,nan
04-Aug-25 1:24:00 PM AEST,nan,41.3,13.8,nan,nan,nan,291.40,0.38,7.10,3.80,291.10,657.50
04-Aug-25 1:24:12 PM AEST,27.5,nan,nan,nan,nan,nan,nan,nan,nan,nan,nan,nan
04-Aug-25 1:24:12 PM AEST,27.6,nan,nan,nan,nan,nan,nan,nan,nan,nan,nan,nan
04-Aug-25 1:25:00 PM AEST,nan,41.7,13.2,nan,nan,nan,289.20,0.50,10.60,4.60,300.10,657.40
04-Aug-25 1:25:16 PM AEST,27.7,nan,nan,nan,nan,nan,nan,nan,nan,nan,nan,nan
04-Aug-25 1:26:00 PM AEST,nan,42.5,13.4,nan,nan,nan,272.60,0.29,4.70,2.90,274.60,655.80
04-Aug-25 1:27:00 PM AEST,nan,41.7,13.8,nan,nan,nan,295.50,0.46,7.10,4.60,297.50,nan
04-Aug-25 1:28:00 PM AEST,27.6,nan,13.5,nan,nan,nan,287.90,0.74,14.20,6.90,288.20,654.20
04-Aug-25 1:29:00 PM AEST,nan,41.8,13.4,nan,nan,nan,276.90,0.69,10.60,5.70,276.60,651.70
04-Aug-25 1:29:04 PM AEST,27.4,nan,nan,nan,nan,nan,nan,nan,nan,nan,nan,nan
04-Aug-25 1:30:08 PM AEST,27.5,nan,nan,nan,nan,nan,nan,nan,nan,nan,nan,nan
04-Aug-25 1:30:08 PM AEST,27.6,nan,nan,nan,nan,nan,nan,nan,nan,nan,nan,nan
04-Aug-25 1:31:00 PM AEST,nan,42.0,13.3,nan,nan,nan,196.60,0.41,7.10,3.90,193.60,652.40
04-Aug-25 1:31:00 PM AEST,nan,42.3,13.4,nan,nan,nan,255.00,0.29,4.70,2.90,255.40,650.00
04-Aug-25 1:31:12 PM AEST,27.8,nan,nan,nan,nan,nan,nan,nan,nan,nan,nan,nan
04-Aug-25 1:32:00 PM AEST,nan,nan,13.7,nan,nan,nan,244.50,0.44,9.50,4.20,240.20,649.10
04-Aug-25 1:32:16 PM AEST,27.7,nan,nan,nan,nan,nan,nan,nan,nan,nan,nan,nan
04-Aug-25 1:33:00 PM AEST,nan,41.2,13.8,nan,nan,nan,237.40,0.59,8.30,5.60,239.40,647.50
04-Aug-25 1:34:00 PM AEST,nan,41.3,13.3,nan,nan,nan,253.90,0.26,7.10,2.60,257.10,645.80
04-Aug-25 1:35:00 PM AEST,27.6,41.2,13.4,nan,nan,nan,286.30,0.63,8.30,6.30,287.00,644.90
04-Aug-25 1:36:00 PM AEST,nan,41.0,13.2,nan,nan,nan,320.60,0.54,7.10,5.30,319.80,644.20
04-Aug-25 1:36:04 PM AEST,27.5,nan,nan,nan,nan,nan,nan,nan,nan,nan,nan,nan
04-Aug-25 1:37:00 PM AEST,nan,41.8,13.1,nan,nan,nan,330.10,0.30,4.70,2.90,331.90,644.10
04-Aug-25 1:37:08 PM AEST,27.6,nan,nan,nan,nan,nan,nan,nan,nan,nan,nan,nan
04-Aug-25 1:38:00 PM AEST,nan,42.7,13.5,nan,nan,nan,314.20,0.42,7.10,3.90,305.30,641.70
04-Aug-25 1:38:12 PM AEST,27.8,nan,nan,nan,nan,nan,nan,nan,nan,nan,nan,nan
04-Aug-25 1:38:12 PM AEST,27.6,nan,nan,nan,nan,nan,nan,nan,nan,nan,nan,nan
04-Aug-25 1:39:00 PM AEST,nan,41.2,14.0,nan,nan,nan,238.40,0.79,11.80,6.40,238.20,640.00
04-Aug-25 1:39:16 PM AEST,27.7,nan,nan,nan,nan,nan,nan,nan,nan,nan,nan,nan
04-Aug-25 1:40:00 PM AEST,nan,42.8,13.2,nan,nan,nan,241.90,0.31,4.70,3.10,241.60,639.10
04-Aug-25 1:40:20 PM AEST,27.8,nan,nan,nan,nan,nan,nan,nan,nan,nan,nan,nan
04-Aug-25 1:41:00 PM AEST,nan,42.5,13.9,nan,nan,nan,214.90,0.62,7.10,5.90,214.60,636.70
04-Aug-25 1:41:24 PM AEST,27.7,nan,nan,nan,nan,nan,nan,nan,nan,nan,nan,nan
04-Aug-25 1:42:00 PM AEST,nan,41.5,nan,nan,nan,nan,192.30,0.54,10.60,5.20,194.60,634.90
04-Aug-25 1:42:28 PM AEST,27.9,nan,nan,nan,nan,nan,nan,nan,nan,nan,nan,nan
04-Aug-25 1:43:00 PM AEST,nan,41.8,13.5,nan,nan,nan,186.60,0.08,1.20,0.80,186.40,634.20
04-Aug-25 1:43:32 PM AEST,28.1,nan,nan,nan,nan,nan,nan,nan,nan,nan,nan,nan
04-Aug-25 1:44:00 PM AEST,nan,42.2,13.7,nan,nan,nan,235.50,0.31,7.10,2.90,251.80,632.40
04-Aug-25 1:44:36 PM AEST,28.0,nan,nan,nan,nan,nan,nan,nan,nan,nan,nan,nan
04-Aug-25 1:45:00 PM AEST,nan,41.5,14.0,nan,nan,nan,243.50,0.41,9.50,3.10,246.00,631.70
04-Aug-25 1:45:40 PM AEST,27.9,nan,nan,nan,nan,nan,nan,nan,nan,nan,nan,nan
04-Aug-25 1:46:00 PM AEST,nan,42.3,13.7,nan,nan,nan,268.30,0.75,10.60,4.60,257.50,630.80
04-Aug-25 1:46:44 PM AEST,27.7,nan,nan,nan,nan,nan,nan,nan,nan,nan,nan,nan
04-Aug-25 1:47:00 PM AEST,nan,41.8,13.9,nan,nan,nan,298.90,0.72,13.00,7.10,298.90,629.10
04-Aug-25 1:48:00 PM AEST,nan,42.0,13.5,nan,nan,nan,277.10,0.34,5.90,2.80,274.00,627.50
04-Aug-25 1:49:00 PM AEST,nan,41.7,13.6,nan,nan,nan,221.50,0.49,7.10,3.90,220.40,626.60
04-Aug-25 1:50:00 PM AEST,27.8,41.8,13.5,nan,nan,nan,250.60,0.35,4.70,3.20,251.50,625.00
04-Aug-25 1:51:00 PM AEST,nan,41.3,13.6,nan,nan,nan,287.50,0.65,10.60,6.30,289.20,623.30
04-Aug-25 1:51:04 PM AEST,27.7,nan,nan,nan,nan,nan,nan,nan,nan,nan,nan,nan
04-Aug-25 1:52:00 PM AEST,nan,40.3,13.4,nan,nan,nan,307.10,0.62,11.80,5.90,304.70,621.60
04-Aug-25 1:52:08 PM AEST,27.6,nan,nan,nan,nan,nan,nan,nan,nan,nan,nan,nan
04-Aug-25 1:53:00 PM AEST,nan,40.7,12.9,nan,nan,nan,311.90,0.79,10.60,7.50,308.30,620.80
04-Aug-25 1:53:12 PM AEST,27.5,nan,nan,nan,nan,nan,nan,nan,nan,nan,nan,nan
04-Aug-25 1:53:12 PM AEST,27.4,nan,nan,nan,nan,nan,nan,nan,nan,nan,nan,nan
04-Aug-25 1:54:00 PM AEST,nan,41.5,13.0,nan,nan,nan,271.50,0.60,nan,6.00,273.00,619.90
04-Aug-25 1:54:16 PM AEST,27.7,nan,nan,nan,nan,nan,nan,nan,nan,nan,nan,nan
04-Aug-25 1:55:00 PM AEST,nan,41.8,13.2,nan,nan,nan,263.70,0.35,7.10,3.10,261.80,618.30
04-Aug-25 1:55:20 PM AEST,27.6,nan,nan,nan,nan,nan,nan,nan,nan,nan,nan,nan
04-Aug-25 1:56:00 PM AEST,nan,40.8,13.5,nan,nan,nan,289.10,0.47,8.30,4.60,289.00,616.70
04-Aug-25 1:56:24 PM AEST,27.7,nan,nan,nan,nan,nan,nan,nan,nan,nan,nan,nan
04-Aug-25 1:57:00 PM AEST,nan,40.3,13.1,nan,nan,nan,300.70,0.35,4.70,3.50,300.90,614.90
04-Aug-25 1:57:28 PM AEST,27.8,nan,nan,nan,nan,nan,nan,nan,nan,nan,nan,nan
04-Aug-25 1:58:00 PM AEST,nan,41.3,13.0,nan,nan,nan,299.20,0.57,9.50,5.50,298.10,614.20
04-Aug-25 1:58:32 PM AEST,27.7,nan,nan,nan,nan,nan,nan,nan,nan,nan,nan,nan
04-Aug-25 1:59:00 PM AEST,nan,40.8,13.4,nan,nan,nan,318.90,0.59,8.30,5.10,317.80,611.60
04-Aug-25 2:00:20 PM AEST,nan,nan,nan,nan,nan,0.41,nan,nan,nan,nan,nan,nan
04-Aug-25 2:01:00 PM AEST,27.8,41.2,13.2,nan,nan,nan,276.90,0.37,9.50,2.80,269.60,610.00
04-Aug-25 2:01:00 PM AEST,27.8,41.3,13.4,nan,nan,nan,198.00,0.71,9.50,5.60,196.70,610.00
04-Aug-25 2:02:00 PM AEST,nan,42.5,nan,nan,nan,nan,222.50,0.67,nan,3.50,220.20,607.40
04-Aug-25 2:02:04 PM AEST,27.7,nan,nan,nan,nan,nan,nan,nan,nan,nan,nan,nan
04-Aug-25 2:03:00 PM AEST,nan,42.8,13.8,nan,nan,nan,209.70,0.73,13.00,7.20,210.00,605.00
04-Aug-25 2:04:00 PM AEST,27.9,43.2,14.0,nan,nan,nan,219.70,0.27,4.70,2.60,218.90,603.30
04-Aug-25 2:05:00 PM AEST,nan,42.3,14.2,nan,nan,nan,212.50,0.33,nan,3.10,209.40,600.80
04-Aug-25 2:05:04 PM AEST,28.0,nan,nan,nan,nan,nan,nan,nan,nan,nan,nan,nan
04-Aug-25 2:06:00 PM AEST,nan,nan,14.0,nan,nan,nan,225.10,0.37,10.60,2.40,255.50,600.00
04-Aug-25 2:06:08 PM AEST,28.2,nan,nan,nan,nan,nan,nan,nan,nan,nan,nan,nan
04-Aug-25 2:07:00 PM AEST,nan,41.2,14.2,nan,nan,nan,184.80,0.62,nan,0.50,235.10,598.30
04-Aug-25 2:07:12 PM AEST,28.0,nan,nan,nan,nan,nan,nan,nan,nan,nan,nan,nan
04-Aug-25 2:08:00 PM AEST,nan,42.0,13.6,nan,nan,nan,318.10,0.38,5.90,3.30,314.10,597.50
04-Aug-25 2:08:16 PM AEST,28.1,nan,nan,nan,nan,nan,nan,nan,nan,nan,nan,nan
04-Aug-25 2:09:00 PM AEST,nan,42.5,13.9,nan,nan,nan,273.40,0.40,nan,3.60,276.60,595.80
04-Aug-25 2:09:20 PM AEST,28.2,nan,nan,nan,nan,nan,nan,nan,nan,nan,nan,nan
04-Aug-25 2:10:00 PM AEST,nan,41.3,14.1,nan,nan,nan,209.30,0.38,nan,3.00,206.20,592.50
04-Aug-25 2:11:00 PM AEST,nan,40.5,13.8,nan,nan,nan,226.30,0.34,4.70,3.30,227.00,nan
04-Aug-25 2:12:00 PM AEST,nan,nan,13.5,nan,nan,nan,302.30,0.73,9.50,6.90,308.70,590.80
04-Aug-25 2:13:00 PM AEST,28.0,40.3,nan,nan,nan,nan,298.20,0.52,nan,5.20,297.60,590.00
04-Aug-25 2:14:00 PM AEST,nan,40.8,13.2,nan,nan,nan,273.40,0.36,5.90,1.70,265.10,587.40
04-Aug-25 2:15:00 PM AEST,28.1,41.7,13.5,nan,nan,nan,181.50,0.44,nan,4.30,181.20,585.00
04-Aug-25 2:16:00 PM AEST,nan,42.0,13.9,nan,nan,nan,244.50,0.41,11.80,3.10,229.40,582.50
04-Aug-25 2:16:04 PM AEST,28.2,nan,nan,nan,nan,nan,nan,nan,nan,nan,nan,nan
04-Aug-25 2:17:00 PM AEST,nan,nan,14.1,nan,nan,nan,152.10,0.64,nan,5.90,158.20,580.80
04-Aug-25 2:17:08 PM AEST,28.0,nan,nan,nan,nan,nan,nan,nan,nan,nan,nan,nan
04-Aug-25 2:18:00 PM AEST,nan,42.7,13.9,nan,nan,nan,237.60,0.46,7.10,3.60,241.00,578.30
04-Aug-25 2:19:00 PM AEST,28.1,42.0,14.1,nan,nan,nan,236.50,0.30,8.30,2.80,242.30,577.40
04-Aug-25 2:20:00 PM AEST,nan,40.3,14.0,nan,nan,nan,282.80,0.61,9.50,6.00,282.60,575.80
04-Aug-25 2:20:04 PM AEST,28.0,nan,nan,nan,nan,nan,nan,nan,nan,nan,nan,nan
04-Aug-25 2:21:00 PM AEST,nan,41.0,13.3,nan,nan,nan,221.60,0.46,7.10,3.70,212.40,573.30
04-Aug-25 2:21:08 PM AEST,28.1,nan,nan,nan,nan,nan,nan,nan,nan,nan,nan,nan
04-Aug-25 2:22:00 PM AEST,nan,41.5,13.6,nan,nan,nan,266.70,0.56,nan,3.80,268.10,570.80
04-Aug-25 2:22:12 PM AEST,28.0,nan,nan,nan,nan,nan,nan,nan,nan,nan,nan,nan
04-Aug-25 2:22:12 PM AEST,27.9,nan,nan,nan,nan,nan,nan,nan,nan,nan,nan,nan
04-Aug-25 2:23:00 PM AEST,nan,40.8,13.7,nan,nan,nan,202.40,0.70,10.60,6.40,196.60,568.30
04-Aug-25 2:24:00 PM AEST,nan,40.5,13.4,nan,nan,nan,223.30,0.62,9.50,3.70,206.50,566.60
04-Aug-25 2:25:00 PM AEST,nan,41.0,13.2,nan,nan,nan,178.80,0.56,8.30,5.00,183.40,565.80
04-Aug-25 2:26:00 PM AEST,nan,41.3,13.4,nan,nan,nan,266.30,0.62,nan,3.80,263.10,564.20
04-Aug-25 2:27:00 PM AEST,27.8,41.8,13.5,nan,nan,nan,272.40,0.57,7.10,5.60,272.90,561.60
04-Aug-25 2:28:00 PM AEST,nan,40.3,13.6,nan,nan,nan,292.80,0.43,8.30,4.10,293.20,560.80
04-Aug-25 2:29:00 PM AEST,nan,41.0,13.1,nan,nan,nan,282.50,0.57,9.50,5.70,283.70,559.10
04-Aug-25 2:31:00 PM AEST,27.9,42.2,13.3,nan,nan,nan,244.30,0.51,5.90,4.20,237.10,555.80
04-Aug-25 2:31:00 PM AEST,27.9,43.0,13.8,nan,nan,nan,206.40,0.40,5.90,4.00,206.80,553.30
04-Aug-25 2:32:00 PM AEST,nan,44.0,14.2,nan,nan,nan,245.50,0.54,9.50,4.50,253.70,551.60
04-Aug-25 2:32:04 PM AEST,28.0,nan,nan,nan,nan,nan,nan,nan,nan,nan,nan,nan
04-Aug-25 2:33:00 PM AEST,nan,43.2,14.6,nan,nan,nan,284.70,0.59,10.60,3.60,266.50,549.20
04-Aug-25 2:33:08 PM AEST,27.9,nan,nan,nan,nan,nan,nan,nan,nan,nan,nan,nan
04-Aug-25 2:34:00 PM AEST,nan,nan,14.3,nan,nan,nan,263.10,0.33,7.10,3.10,258.70,547.40
04-Aug-25 2:34:12 PM AEST,28.0,nan,nan,nan,nan,nan,nan,nan,nan,nan,nan,nan
04-Aug-25 2:35:00 PM AEST,nan,43.5,nan,nan,nan,nan,2.60,nan,5.90,3.20,3.60,545.80
04-Aug-25 2:35:16 PM AEST,28.3,nan,nan,nan,nan,nan,nan,nan,nan,nan,nan,nan
04-Aug-25 2:36:00 PM AEST,nan,42.8,14.7,nan,nan,nan,222.60,0.38,nan,1.80,228.30,544.10
04-Aug-25 2:36:20 PM AEST,28.2,nan,nan,nan,nan,nan,nan,nan,nan,nan,nan,nan
04-Aug-25 2:37:00 PM AEST,nan,43.0,14.4,nan,nan,nan,281.60,0.45,nan,4.10,288.10,541.70
04-Aug-25 2:38:00 PM AEST,nan,nan,14.5,nan,nan,nan,269.60,0.38,nan,3.60,268.90,540.00
04-Aug-25 2:39:00 PM AEST,nan,43.3,14.4,nan,nan,nan,214.70,0.64,13.00,6.10,208.30,539.10
04-Aug-25 2:40:00 PM AEST,28.1,42.0,14.6,nan,nan,nan,197.30,0.50,7.10,5.00,197.10,537.50
04-Aug-25 2:41:00 PM AEST,nan,42.3,14.0,nan,nan,nan,182.60,0.57,8.30,5.50,183.00,534.90
04-Aug-25 2:41:04 PM AEST,28.0,nan,nan,nan,nan,nan,nan,nan,nan,nan,nan,nan
04-Aug-25 2:42:00 PM AEST,nan,42.7,nan,nan,nan,nan,187.40,0.52,7.10,3.80,186.80,530.80
04-Aug-25 2:42:08 PM AEST,27.9,nan,nan,nan,nan,nan,nan,nan,nan,nan,nan,nan
04-Aug-25 2:43:00 PM AEST,nan,43.0,14.1,nan,nan,nan,341.00,0.56,8.30,5.50,342.40,528.30
04-Aug-25 2:43:12 PM AEST,28.0,nan,nan,nan,nan,nan,nan,nan,nan,nan,nan,nan
04-Aug-25 2:44:00 PM AEST,nan,43.7,14.2,nan,nan,nan,209.90,0.38,5.90,2.60,211.30,526.60
04-Aug-25 2:45:00 PM AEST,nan,42.5,14.5,nan,nan,nan,288.10,0.43,7.10,4.10,288.30,524.20
04-Aug-25 2:46:00 PM AEST,27.9,41.8,14.1,nan,nan,nan,310.00,0.72,11.80,7.10,310.60,521.60
04-Aug-25 2:47:00 PM AEST,nan,41.3,13.8,nan,nan,nan,286.90,0.59,9.50,5.60,292.50,520.80
04-Aug-25 2:47:04 PM AEST,27.8,nan,nan,nan,nan,nan,nan,nan,nan,nan,nan,nan
04-Aug-25 2:48:00 PM AEST,nan,42.5,13.4,nan,nan,nan,300.70,0.40,8.30,3.90,301.80,518.30
04-Aug-25 2:49:00 PM AEST,28.0,42.3,13.9,nan,nan,nan,261.60,nan,5.90,3.10,255.20,514.90
04-Aug-25 2:50:00 PM AEST,nan,42.2,14.0,nan,nan,nan,305.40,0.72,10.60,6.70,307.20,514.20
04-Aug-25 2:50:04 PM AEST,27.9,nan,nan,nan,nan,nan,nan,nan,nan,nan,nan,nan
04-Aug-25 2:51:00 PM AEST,nan,42.5,13.9,nan,nan,nan,311.00,0.74,9.50,6.80,310.10,510.80
04-Aug-25 2:51:08 PM AEST,27.7,nan,nan,nan,nan,nan,nan,nan,nan,nan,nan,nan
04-Aug-25 2:52:00 PM AEST,nan,nan,13.8,nan,nan,nan,269.80,0.41,7.10,3.80,269.50,510.00
04-Aug-25 2:52:12 PM AEST,27.9,nan,nan,nan,nan,nan,nan,nan,nan,nan,nan,nan
04-Aug-25 2:53:00 PM AEST,nan,42.7,nan,nan,nan,nan,270.00,0.34,5.90,2.70,267.50,507.50
04-Aug-25 2:53:16 PM AEST,27.8,nan,nan,nan,nan,nan,nan,nan,nan,nan,nan,nan
04-Aug-25 2:54:00 PM AEST,nan,42.5,14.0,nan,nan,nan,300.60,0.70,10.60,6.90,301.90,504.10
04-Aug-25 2:54:20 PM AEST,27.7,nan,nan,nan,nan,nan,nan,nan,nan,nan,nan,nan
04-Aug-25 2:55:00 PM AEST,nan,42.7,13.9,nan,nan,nan,249.10,0.61,9.50,5.30,247.20,501.70
04-Aug-25 2:56:00 PM AEST,nan,nan,13.8,nan,nan,nan,205.00,0.85,14.20,8.10,200.50,499.10
04-Aug-25 2:57:00 PM AEST,nan,41.3,13.9,nan,nan,nan,194.60,0.27,5.90,2.70,194.40,496.70
04-Aug-25 2:58:00 PM AEST,28.0,42.7,13.4,nan,nan,nan,nan,0.12,2.40,1.20,194.50,494.20
04-Aug-25 2:59:00 PM AEST,nan,43.0,14.2,nan,nan,nan,153.70,0.30,5.90,3.00,153.40,491.60
04-Aug-25 2:59:04 PM AEST,28.3,nan,nan,nan,nan,nan,nan,nan,nan,nan,nan,nan
04-Aug-25 3:00:08 PM AEST,28.1,nan,nan,nan,nan,nan,nan,nan,nan,nan,nan,nan
04-Aug-25 3:00:24 PM AEST,nan,nan,nan,nan,nan,0.30,nan,nan,nan,nan,nan,nan
04-Aug-25 3:01:00 PM AEST,nan,42.2,14.5,nan,nan,nan,310.50,0.74,11.80,5.60,314.30,490.00
04-Aug-25 3:01:00 PM AEST,nan,42.7,14.0,nan,nan,nan,201.10,0.49,7.10,4.90,201.10,488.30
04-Aug-25 3:02:00 PM AEST,nan,42.5,14.2,nan,nan,nan,190.70,0.56,9.50,5.30,188.60,485.80
04-Aug-25 3:03:00 PM AEST,nan,42.0,14.1,nan,nan,nan,174.10,0.24,4.70,2.40,174.10,484.20
04-Aug-25 3:04:00 PM AEST,27.9,nan,14.0,nan,nan,nan,188.40,0.83,11.80,6.70,181.40,481.60
04-Aug-25 3:05:00 PM AEST,nan,43.8,13.8,nan,nan,nan,244.90,0.30,4.70,3.00,244.70,479.20
04-Aug-25 3:05:04 PM AEST,28.1,nan,nan,nan,nan,nan,nan,nan,nan,nan,nan,nan
04-Aug-25 3:06:00 PM AEST,nan,nan,14.5,nan,nan,nan,232.50,nan,nan,nan,232.60,476.60
04-Aug-25 3:06:08 PM AEST,28.2,nan,nan,nan,nan,nan,nan,nan,nan,nan,nan,nan
04-Aug-25 3:07:00 PM AEST,nan,42.8,14.6,nan,nan,nan,226.80,0.39,7.10,3.30,233.90,474.20
04-Aug-25 3:07:12 PM AEST,28.3,nan,nan,nan,nan,nan,nan,nan,nan,nan,nan,nan
04-Aug-25 3:08:00 PM AEST,nan,42.7,14.4,nan,nan,nan,234.20,0.24,4.70,2.30,237.10,470.80
04-Aug-25 3:08:16 PM AEST,28.1,nan,nan,nan,nan,nan,nan,nan,nan,nan,nan,nan
04-Aug-25 3:09:00 PM AEST,nan,42.5,nan,nan,nan,nan,286.40,0.51,7.10,4.80,288.70,468.30
04-Aug-25 3:10:00 PM AEST,nan,42.8,14.2,nan,nan,nan,276.70,0.27,5.90,2.70,276.70,465.80
04-Aug-25 3:11:00 PM AEST,28.4,43.7,14.3,nan,nan,nan,292.40,0.31,nan,2.50,293.00,463.30
04-Aug-25 3:12:00 PM AEST,nan,43.8,14.8,nan,nan,nan,8.20,0.20,3.50,2.00,8.30,460.80
04-Aug-25 3:12:04 PM AEST,28.5,nan,nan,nan,nan,nan,nan,nan,nan,nan,nan,nan
04-Aug-25 3:13:00 PM AEST,nan,43.0,15.0,nan,nan,nan,4.50,nan,4.70,1.90,2.00,457.50
04-Aug-25 3:13:08 PM AEST,28.7,nan,nan,nan,nan,nan,nan,nan,nan,nan,nan,nan
04-Aug-25 3:14:00 PM AEST,nan,42.3,14.9,nan,nan,nan,319.80,0.44,7.10,4.20,323.40,455.80
04-Aug-25 3:14:12 PM AEST,28.6,nan,nan,nan,nan,nan,nan,nan,nan,nan,nan,nan
04-Aug-25 3:15:00 PM AEST,nan,41.8,14.6,nan,nan,nan,306.70,0.59,9.50,5.70,307.00,452.50
04-Aug-25 3:15:16 PM AEST,28.5,nan,nan,nan,nan,nan,nan,nan,nan,nan,nan,nan
04-Aug-25 3:15:16 PM AEST,28.3,nan,nan,nan,nan,nan,nan,nan,nan,nan,nan,nan
04-Aug-25 3:16:00 PM AEST,nan,42.0,14.3,nan,nan,nan,312.90,0.67,nan,6.40,314.80,450.80
04-Aug-25 3:17:00 PM AEST,nan,41.7,14.2,nan,nan,nan,304.00,0.47,7.10,4.60,305.40,447.50
04-Aug-25 3:18:00 PM AEST,28.4,41.8,14.0,nan,nan,nan,186.40,0.28,4.70,2.10,187.60,445.00
04-Aug-25 3:19:00 PM AEST,nan,42.3,14.2,nan,nan,nan,187.30,0.65,9.50,6.40,187.50,443.30
04-Aug-25 3:19:04 PM AEST,28.5,nan,nan,nan,nan,nan,nan,nan,nan,nan,nan,nan
04-Aug-25 3:20:00 PM AEST,nan,43.0,14.4,nan,nan,nan,195.40,0.78,11.80,7.30,194.20,440.00
04-Aug-25 3:20:08 PM AEST,28.3,nan,nan,nan,nan,nan,nan,nan,nan,nan,nan,nan
04-Aug-25 3:20:08 PM AEST,28.0,nan,nan,nan,nan,nan,nan,nan,nan,nan,nan,nan
04-Aug-25 3:21:00 PM AEST,nan,43.3,14.5,nan,nan,nan,183.20,0.63,9.50,5.20,175.10,437.40
04-Aug-25 3:21:12 PM AEST,28.1,nan,nan,nan,nan,nan,nan,nan,nan,nan,nan,nan
04-Aug-25 3:22:00 PM AEST,nan,43.8,14.4,nan,nan,nan,255.50,0.27,5.90,2.50,260.50,434.20
04-Aug-25 3:22:16 PM AEST,28.3,nan,nan,nan,nan,nan,nan,nan,nan,nan,nan,nan
04-Aug-25 3:23:00 PM AEST,nan,43.5,14.7,nan,nan,nan,337.40,0.50,7.10,4.80,336.40,431.70
04-Aug-25 3:24:00 PM AEST,nan,44.5,nan,nan,nan,nan,277.50,0.30,4.70,2.50,276.10,429.10
04-Aug-25 3:25:00 PM AEST,28.5,43.2,15.1,nan,nan,nan,251.10,0.31,5.90,2.80,258.60,426.70
04-Aug-25 3:26:00 PM AEST,nan,42.8,14.7,nan,nan,nan,229.40,0.54,10.60,4.70,222.20,423.30
04-Aug-25 3:27:00 PM AEST,28.3,42.0,14.6,nan,nan,nan,219.70,0.59,nan,5.40,217.60,421.70
04-Aug-25 3:28:00 PM AEST,nan,42.3,14.1,nan,nan,nan,235.00,0.31,5.90,2.90,239.50,418.30
04-Aug-25 3:29:00 PM AEST,28.2,42.2,14.3,nan,nan,nan,289.10,0.41,7.10,3.90,285.60,415.80
04-Aug-25 3:30:00 PM AEST,nan,42.7,14.1,nan,nan,nan,296.70,0.35,5.90,3.00,294.50,412.50
04-Aug-25 3:30:04 PM AEST,28.3,nan,nan,nan,nan,nan,nan,nan,nan,nan,nan,nan
04-Aug-25 3:31:00 PM AEST,nan,43.2,14.4,nan,nan,nan,293.00,0.36,4.70,3.50,293.00,409.90
04-Aug-25 3:32:00 PM AEST,28.4,43.5,14.6,nan,nan,nan,170.60,0.33,5.90,1.80,157.30,407.50
04-Aug-25 3:33:00 PM AEST,nan,43.8,14.8,nan,nan,nan,207.50,0.14,2.40,1.40,207.60,404.90
04-Aug-25 3:33:04 PM AEST,28.5,nan,nan,nan,nan,nan,nan,nan,nan,nan,nan,nan
04-Aug-25 3:34:00 PM AEST,nan,43.7,15.0,nan,nan,nan,259.00,0.62,16.60,3.80,299.90,401.70
04-Aug-25 3:34:08 PM AEST,27.9,nan,nan,nan,nan,nan,nan,nan,nan,nan,nan,nan
04-Aug-25 3:35:00 PM AEST,nan,43.0,14.9,nan,nan,nan,321.20,0.93,14.20,8.30,316.50,398.30
04-Aug-25 3:36:00 PM AEST,nan,43.2,14.2,nan,nan,nan,264.80,0.33,5.90,2.90,271.50,396.60
04-Aug-25 3:37:00 PM AEST,28.1,43.8,nan,nan,nan,nan,222.80,0.34,nan,2.20,205.10,394.20
04-Aug-25 3:38:00 PM AEST,nan,44.0,14.7,nan,nan,nan,152.50,0.35,8.30,nan,148.90,389.90
04-Aug-25 3:38:04 PM AEST,28.3,nan,nan,nan,nan,nan,nan,nan,nan,nan,nan,nan
04-Aug-25 3:39:00 PM AEST,nan,43.7,14.8,nan,nan,nan,293.40,0.59,9.50,5.60,298.40,388.30
04-Aug-25 3:39:08 PM AEST,28.1,nan,nan,nan,nan,nan,nan,nan,nan,nan,nan,nan
04-Aug-25 3:40:00 PM AEST,nan,nan,14.6,nan,nan,nan,282.20,0.54,10.60,5.10,285.30,385.00
04-Aug-25 3:40:12 PM AEST,27.8,nan,nan,nan,nan,nan,nan,nan,nan,nan,nan,nan
04-Aug-25 3:41:00 PM AEST,nan,43.0,nan,nan,nan,nan,288.10,0.83,13.00,8.10,289.50,381.60
04-Aug-25 3:41:16 PM AEST,27.7,nan,nan,nan,nan,nan,nan,nan,nan,nan,nan,nan
04-Aug-25 3:42:00 PM AEST,nan,42.8,14.1,nan,nan,nan,320.90,0.57,7.10,5.40,321.00,379.20
04-Aug-25 3:42:20 PM AEST,27.6,nan,nan,nan,nan,nan,nan,nan,nan,nan,nan,nan
04-Aug-25 3:43:00 PM AEST,nan,43.5,13.9,nan,nan,nan,289.60,0.67,9.50,6.50,291.40,375.80
04-Aug-25 3:44:00 PM AEST,nan,nan,14.1,nan,nan,nan,296.50,0.56,7.10,5.20,298.50,373.30
04-Aug-25 3:45:00 PM AEST,nan,43.7,14.0,nan,nan,nan,328.60,0.49,nan,4.80,329.20,370.00
04-Aug-25 3:46:00 PM AEST,nan,43.3,14.1,nan,nan,nan,262.90,0.76,18.90,6.00,273.20,367.40
04-Aug-25 3:47:00 PM AEST,nan,43.5,14.0,nan,nan,nan,210.60,0.56,9.50,5.40,207.20,365.00
04-Aug-25 3:48:00 PM AEST,27.8,44.2,14.1,nan,nan,nan,198.80,0.24,3.50,2.30,197.00,361.60
04-Aug-25 3:49:00 PM AEST,nan,43.7,14.5,nan,nan,nan,297.10,0.71,11.80,6.60,295.90,359.20
04-Aug-25 3:49:04 PM AEST,27.7,nan,nan,nan,nan,nan,nan,nan,nan,nan,nan,nan
04-Aug-25 3:49:04 PM AEST,27.6,nan,nan,nan,nan,nan,nan,nan,nan,nan,nan,nan
04-Aug-25 3:50:00 PM AEST,nan,44.0,14.2,nan,nan,nan,290.00,0.44,9.50,4.10,298.30,355.80
04-Aug-25 3:51:00 PM AEST,nan,nan,14.3,nan,nan,nan,273.20,0.57,nan,3.30,265.00,354.10
04-Aug-25 3:52:00 PM AEST,27.7,44.3,nan,nan,nan,nan,272.80,nan,7.10,4.30,270.00,350.00
04-Aug-25 3:53:00 PM AEST,nan,44.2,14.4,nan,nan,nan,236.90,0.61,9.50,3.60,227.20,347.40
04-Aug-25 3:53:04 PM AEST,27.6,nan,nan,nan,nan,nan,nan,nan,nan,nan,nan,nan
04-Aug-25 3:54:00 PM AEST,nan,44.7,14.3,nan,nan,nan,299.30,0.40,5.90,3.70,297.20,344.20
04-Aug-25 3:54:08 PM AEST,27.7,nan,nan,nan,nan,nan,nan,nan,nan,nan,nan,nan
04-Aug-25 3:55:00 PM AEST,nan,44.8,14.5,nan,nan,nan,162.60,0.50,7.10,4.70,164.10,341.70
04-Aug-25 3:56:00 PM AEST,nan,45.0,14.6,nan,nan,nan,160.40,0.25,3.50,2.50,160.30,339.10
04-Aug-25 3:57:00 PM AEST,nan,44.7,14.7,nan,nan,nan,198.80,0.86,13.00,8.50,199.80,335.80
04-Aug-25 3:58:00 PM AEST,27.6,nan,14.5,nan,nan,nan,201.70,0.32,7.10,3.20,201.70,331.60
04-Aug-25 3:59:00 PM AEST,nan,45.3,14.4,nan,nan,nan,220.30,0.19,nan,1.60,237.20,329.20
04-Aug-25 3:59:04 PM AEST,27.8,nan,nan,nan,nan,nan,nan,nan,nan,nan,nan,nan
04-Aug-25 4:00:08 PM AEST,27.7,nan,nan,nan,nan,nan,nan,nan,nan,nan,nan,nan
04-Aug-25 4:00:28 PM AEST,nan,nan,nan,nan,nan,0.17,nan,nan,nan,nan,nan,nan
04-Aug-25 4:01:00 PM AEST,nan,44.7,14.9,nan,nan,nan,190.20,0.72,10.60,6.80,191.60,326.70
04-Aug-25 4:01:00 PM AEST,nan,44.7,14.6,nan,nan,nan,191.40,0.79,13.00,5.70,186.20,324.10
04-Aug-25 4:01:12 PM AEST,27.5,nan,nan,nan,nan,nan,nan,nan,nan,nan,nan,nan
04-Aug-25 4:02:00 PM AEST,nan,45.2,14.4,nan,nan,nan,282.30,0.59,9.50,5.10,286.50,320.00
04-Aug-25 4:02:16 PM AEST,27.3,nan,nan,nan,nan,nan,nan,nan,nan,nan,nan,nan
04-Aug-25 4:03:00 PM AEST,nan,45.8,nan,nan,nan,nan,206.70,0.44,7.10,4.10,205.60,318.30
04-Aug-25 4:03:20 PM AEST,27.4,nan,nan,nan,nan,nan,nan,nan,nan,nan,nan,nan
04-Aug-25 4:03:20 PM AEST,27.3,nan,nan,nan,nan,nan,nan,nan,nan,nan,nan,nan
04-Aug-25 4:04:00 PM AEST,nan,45.2,14.7,nan,nan,nan,293.70,0.54,8.30,4.70,295.30,314.20
04-Aug-25 4:04:24 PM AEST,27.1,nan,nan,nan,nan,nan,nan,nan,nan,nan,nan,nan
04-Aug-25 4:05:00 PM AEST,nan,45.3,14.4,nan,nan,nan,278.70,0.59,nan,5.70,281.00,311.60
04-Aug-25 4:05:28 PM AEST,27.3,nan,nan,nan,nan,nan,nan,nan,nan,nan,nan,nan
04-Aug-25 4:06:00 PM AEST,nan,nan,14.3,nan,nan,nan,188.10,0.56,10.60,5.50,186.80,308.30
04-Aug-25 4:06:32 PM AEST,27.2,nan,nan,nan,nan,nan,nan,nan,nan,nan,nan,nan
04-Aug-25 4:07:00 PM AEST,nan,45.2,14.4,nan,nan,nan,279.40,0.60,9.50,5.40,280.80,305.80
04-Aug-25 4:08:00 PM AEST,nan,45.3,14.3,nan,nan,nan,295.40,0.33,4.70,3.30,295.20,301.60
04-Aug-25 4:09:00 PM AEST,27.4,nan,nan,nan,nan,nan,210.50,0.49,8.30,4.40,203.90,299.20
04-Aug-25 4:10:00 PM AEST,nan,44.7,14.5,nan,nan,nan,293.80,0.54,9.50,4.70,298.50,296.60
04-Aug-25 4:10:04 PM AEST,27.3,nan,nan,nan,nan,nan,nan,nan,nan,nan,nan,nan
04-Aug-25 4:11:00 PM AEST,nan,44.8,14.2,nan,nan,nan,271.10,0.38,5.90,3.50,272.10,293.30
04-Aug-25 4:11:08 PM AEST,27.4,nan,nan,nan,nan,nan,nan,nan,nan,nan,nan,nan
04-Aug-25 4:12:00 PM AEST,nan,45.0,14.4,nan,nan,nan,276.10,0.28,nan,2.60,270.20,290.80
04-Aug-25 4:12:12 PM AEST,27.5,nan,nan,nan,nan,nan,nan,nan,nan,nan,nan,nan
04-Aug-25 4:12:12 PM AEST,27.6,nan,nan,nan,nan,nan,nan,nan,nan,nan,nan,nan
04-Aug-25 4:13:00 PM AEST,nan,44.8,14.5,nan,nan,nan,185.00,0.43,7.10,4.20,186.30,287.40
04-Aug-25 4:14:00 PM AEST,27.8,45.0,14.6,nan,nan,nan,226.70,0.25,5.90,1.20,255.70,285.00
04-Aug-25 4:15:00 PM AEST,nan,44.5,14.8,nan,nan,nan,178.90,0.65,10.60,6.40,179.90,281.60
04-Aug-25 4:15:04 PM AEST,27.6,nan,nan,nan,nan,nan,nan,nan,nan,nan,nan,nan
04-Aug-25 4:16:00 PM AEST,nan,45.2,14.4,nan,nan,nan,176.20,0.29,8.30,2.90,173.30,278.30
04-Aug-25 4:16:08 PM AEST,27.7,nan,nan,nan,nan,nan,nan,nan,nan,nan,nan,nan
04-Aug-25 4:17:00 PM AEST,nan,45.3,14.8,nan,nan,nan,298.90,0.64,9.50,4.50,293.50,275.00
04-Aug-25 4:17:12 PM AEST,27.5,nan,nan,nan,nan,nan,nan,nan,nan,nan,nan,nan
04-Aug-25 4:18:00 PM AEST,nan,45.7,14.7,nan,nan,nan,182.20,0.35,5.90,2.60,180.70,271.60
04-Aug-25 4:18:00 PM AEST,nan,45.7,14.7,nan,nan,nan,182.20,0.36,5.90,2.60,180.70,271.60
04-Aug-25 4:18:16 PM AEST,27.6,nan,nan,nan,nan,nan,nan,nan,nan,nan,nan,nan
04-Aug-25 4:19:00 PM AEST,nan,45.2,nan,nan,nan,nan,252.90,nan,8.30,1.50,257.70,270.00
04-Aug-25 4:20:00 PM AEST,nan,44.7,nan,nan,nan,nan,183.00,0.43,7.10,4.10,178.20,266.60
04-Aug-25 4:21:00 PM AEST,27.5,44.2,14.5,nan,nan,nan,273.60,0.63,9.50,5.80,276.00,263.30
04-Aug-25 4:22:00 PM AEST,nan,nan,14.2,nan,nan,nan,290.00,0.59,10.60,5.70,290.40,260.80
04-Aug-25 4:22:04 PM AEST,27.2,nan,nan,nan,nan,nan,nan,nan,nan,nan,nan,nan
04-Aug-25 4:23:00 PM AEST,nan,44.3,13.9,nan,nan,nan,314.60,0.49,8.30,4.80,317.60,257.40
04-Aug-25 4:23:08 PM AEST,27.3,nan,nan,nan,nan,nan,nan,nan,nan,nan,nan,nan
04-Aug-25 4:24:00 PM AEST,nan,44.5,14.0,nan,nan,nan,326.80,0.41,5.90,4.10,326.80,254.20
04-Aug-25 4:25:00 PM AEST,nan,44.7,14.1,nan,nan,nan,295.90,0.51,8.30,4.80,296.00,251.60
04-Aug-25 4:26:00 PM AEST,27.2,45.2,14.2,nan,nan,nan,314.70,0.46,7.10,4.50,315.50,249.20
04-Aug-25 4:27:00 PM AEST,nan,nan,14.3,nan,nan,nan,298.70,0.45,9.50,3.90,304.50,244.90
04-Aug-25 4:27:04 PM AEST,27.3,nan,nan,nan,nan,nan,nan,nan,nan,nan,nan,nan
04-Aug-25 4:28:00 PM AEST,nan,nan,nan,nan,nan,nan,311.60,0.65,nan,6.20,314.70,242.50
04-Aug-25 4:28:08 PM AEST,27.2,nan,nan,nan,nan,nan,nan,nan,nan,nan,nan,nan
04-Aug-25 4:29:00 PM AEST,nan,nan,nan,nan,nan,nan,312.40,0.73,10.60,7.10,315.00,239.20
04-Aug-25 4:29:12 PM AEST,27.1,nan,nan,nan,nan,nan,nan,nan,nan,nan,nan,nan
04-Aug-25 4:30:00 PM AEST,nan,45.5,14.2,nan,nan,nan,298.20,0.42,7.10,4.20,298.10,234.90
04-Aug-25 4:30:16 PM AEST,27.0,nan,nan,nan,nan,nan,nan,nan,nan,nan,nan,nan
04-Aug-25 4:31:00 PM AEST,nan,nan,nan,nan,nan,nan,303.70,0.32,nan,3.10,308.50,232.50
04-Aug-25 4:31:20 PM AEST,27.3,nan,nan,nan,nan,nan,nan,nan,nan,nan,nan,nan
04-Aug-25 4:32:00 PM AEST,nan,46.0,14.5,nan,nan,nan,292.00,0.44,nan,4.40,291.90,229.10
04-Aug-25 4:32:24 PM AEST,27.2,nan,nan,nan,nan,nan,nan,nan,nan,nan,nan,nan
04-Aug-25 4:33:00 PM AEST,nan,45.3,14.6,nan,nan,nan,299.00,0.53,nan,5.20,300.20,226.70
04-Aug-25 4:34:00 PM AEST,nan,45.8,14.4,nan,nan,nan,241.30,0.44,nan,3.50,245.30,223.30
04-Aug-25 4:35:00 PM AEST,27.3,46.0,14.5,nan,nan,nan,192.50,0.41,nan,4.00,192.20,220.80
04-Aug-25 4:36:00 PM AEST,nan,46.3,14.7,nan,nan,nan,221.70,0.54,nan,4.90,220.30,217.50
04-Aug-25 4:37:00 PM AEST,27.4,46.5,14.8,nan,nan,nan,234.10,0.22,3.50,2.20,234.00,215.80
04-Aug-25 4:38:00 PM AEST,nan,nan,14.9,nan,nan,nan,224.50,0.39,7.10,3.80,221.90,211.70
04-Aug-25 4:38:04 PM AEST,27.5,nan,nan,nan,nan,nan,nan,nan,nan,nan,nan,nan
04-Aug-25 4:39:00 PM AEST,nan,nan,15.0,nan,nan,nan,222.70,0.35,9.50,3.10,211.70,208.30
04-Aug-25 4:40:00 PM AEST,27.2,46.7,nan,nan,nan,nan,186.20,0.72,10.60,6.80,185.40,205.00
04-Aug-25 4:41:00 PM AEST,nan,47.3,14.8,nan,nan,nan,222.60,0.36,5.90,3.50,222.10,202.50
04-Aug-25 4:42:00 PM AEST,27.0,46.7,15.0,nan,nan,nan,286.70,0.68,9.50,6.30,285.60,181.60
04-Aug-25 4:43:00 PM AEST,nan,47.0,14.6,nan,nan,nan,269.10,0.45,8.30,3.60,276.50,170.80
04-Aug-25 4:43:04 PM AEST,26.9,nan,nan,nan,nan,nan,nan,nan,nan,nan,nan,nan
04-Aug-25 4:44:00 PM AEST,nan,46.7,nan,nan,nan,nan,259.20,0.56,nan,nan,259.90,170.00
04-Aug-25 4:44:08 PM AEST,27.0,nan,nan,nan,nan,nan,nan,nan,nan,nan,nan,nan
04-Aug-25 4:45:00 PM AEST,nan,46.5,nan,nan,nan,nan,306.80,0.50,7.10,4.00,309.40,175.80
04-Aug-25 4:45:12 PM AEST,26.9,nan,nan,nan,nan,nan,nan,nan,nan,nan,nan,nan
04-Aug-25 4:46:00 PM AEST,nan,46.8,14.5,nan,nan,nan,285.20,0.42,nan,3.50,285.60,175.00
04-Aug-25 4:46:16 PM AEST,26.8,nan,nan,nan,nan,nan,nan,nan,nan,nan,nan,nan
04-Aug-25 4:47:00 PM AEST,nan,nan,14.6,nan,nan,nan,294.70,0.70,13.00,6.40,300.70,176.60
04-Aug-25 4:47:20 PM AEST,26.6,nan,nan,nan,nan,nan,nan,nan,nan,nan,nan,nan
04-Aug-25 4:48:00 PM AEST,nan,46.7,14.5,nan,nan,nan,303.60,0.79,10.60,7.70,303.20,180.80
04-Aug-25 4:48:24 PM AEST,26.5,nan,nan,nan,nan,nan,nan,nan,nan,nan,nan,nan
04-Aug-25 4:49:00 PM AEST,nan,46.8,14.3,nan,nan,nan,299.80,0.60,8.30,5.90,300.30,176.60
04-Aug-25 4:49:28 PM AEST,26.7,nan,nan,nan,nan,nan,nan,nan,nan,nan,nan,nan
04-Aug-25 4:50:00 PM AEST,nan,47.5,14.2,nan,nan,nan,246.80,0.32,4.70,3.10,246.40,174.20
04-Aug-25 4:51:00 PM AEST,nan,48.0,14.6,nan,nan,nan,243.90,0.38,5.90,2.60,243.00,171.70
04-Aug-25 4:52:00 PM AEST,26.8,nan,14.8,nan,nan,nan,263.00,0.48,8.30,1.80,238.30,167.50
04-Aug-25 4:53:00 PM AEST,nan,nan,nan,nan,nan,nan,256.60,0.46,10.60,4.10,247.90,165.00
04-Aug-25 4:53:04 PM AEST,26.7,nan,nan,nan,nan,nan,nan,nan,nan,nan,nan,nan
04-Aug-25 4:54:00 PM AEST,nan,48.3,nan,nan,nan,nan,267.10,0.21,3.50,2.10,267.10,162.50
04-Aug-25 4:54:08 PM AEST,26.9,nan,nan,nan,nan,nan,nan,nan,nan,nan,nan,nan
04-Aug-25 4:55:00 PM AEST,nan,48.5,15.1,nan,nan,nan,304.20,0.36,5.90,3.50,304.80,158.30
04-Aug-25 4:55:12 PM AEST,27.0,nan,nan,nan,nan,nan,nan,nan,nan,nan,nan,nan
04-Aug-25 4:56:00 PM AEST,nan,48.3,15.2,nan,nan,nan,334.20,0.35,7.10,3.30,333.80,156.70
04-Aug-25 4:56:16 PM AEST,26.9,nan,nan,nan,nan,nan,nan,nan,nan,nan,nan,nan
04-Aug-25 4:57:00 PM AEST,nan,nan,nan,nan,nan,nan,319.10,0.31,nan,3.10,319.10,152.50
04-Aug-25 4:58:00 PM AEST,nan,48.7,15.1,nan,nan,nan,276.90,0.59,9.50,4.00,272.60,150.00
04-Aug-25 4:59:00 PM AEST,26.8,49.0,15.2,nan,nan,nan,204.40,0.54,10.60,5.30,204.70,146.60
04-Aug-25 5:00:32 PM AEST,nan,nan,nan,nan,nan,0.03,nan,nan,nan,nan,nan,nan
04-Aug-25 5:01:00 PM AEST,26.7,49.5,nan,nan,nan,nan,264.20,0.44,3.50,1.50,275.80,144.20
04-Aug-25 5:01:00 PM AEST,26.8,49.8,nan,nan,nan,nan,275.80,0.15,3.50,1.50,275.80,140.80
04-Aug-25 5:02:00 PM AEST,nan,nan,15.4,nan,nan,nan,247.80,0.25,4.70,2.40,247.10,138.30
04-Aug-25 5:02:04 PM AEST,26.9,nan,nan,nan,nan,nan,nan,nan,nan,nan,nan,nan
04-Aug-25 5:02:04 PM AEST,27.2,nan,nan,nan,nan,nan,nan,nan,nan,nan,nan,nan
04-Aug-25 5:03:00 PM AEST,nan,50.2,15.6,nan,nan,nan,320.60,0.24,3.50,1.70,321.90,134.20
04-Aug-25 5:03:08 PM AEST,27.1,nan,nan,nan,nan,nan,nan,nan,nan,nan,nan,nan
04-Aug-25 5:04:00 PM AEST,nan,nan,15.9,nan,nan,nan,4.90,0.28,5.90,2.00,359.00,131.60
04-Aug-25 5:04:12 PM AEST,26.9,nan,nan,nan,nan,nan,nan,nan,nan,nan,nan,nan
04-Aug-25 5:05:00 PM AEST,nan,49.7,nan,nan,nan,nan,231.40,0.48,7.10,4.60,229.70,129.20
04-Aug-25 5:06:00 PM AEST,nan,50.0,15.5,nan,nan,nan,243.30,0.18,3.50,1.80,243.30,107.50
04-Aug-25 5:07:00 PM AEST,27.0,50.3,15.6,nan,nan,nan,nan,0.01,1.20,0.10,242.60,56.70
04-Aug-25 5:08:00 PM AEST,nan,nan,15.8,nan,nan,nan,nan,nan,nan,nan,nan,16.70
04-Aug-25 5:08:04 PM AEST,27.1,nan,nan,nan,nan,nan,nan,nan,nan,nan,nan,nan
04-Aug-25 5:09:00 PM AEST,nan,50.2,15.9,nan,nan,nan,nan,0.12,3.50,1.20,243.50,12.50
04-Aug-25 5:10:00 PM AEST,26.8,nan,15.8,nan,nan,nan,273.60,0.39,8.30,3.40,289.10,11.70
04-Aug-25 5:11:00 PM AEST,nan,50.0,15.6,nan,nan,nan,304.60,0.22,3.50,2.20,304.60,10.80
04-Aug-25 5:11:04 PM AEST,26.6,nan,nan,nan,nan,nan,nan,nan,nan,nan,nan,nan
04-Aug-25 5:12:00 PM AEST,nan,50.2,15.3,nan,nan,nan,318.60,0.35,5.90,3.20,322.10,nan
04-Aug-25 5:12:08 PM AEST,26.3,nan,nan,nan,nan,nan,nan,nan,nan,nan,nan,nan
04-Aug-25 5:13:00 PM AEST,nan,50.7,15.1,nan,nan,nan,260.50,0.49,7.10,4.20,258.80,nan
04-Aug-25 5:13:12 PM AEST,26.1,nan,nan,nan,nan,nan,nan,nan,nan,nan,nan,nan
04-Aug-25 5:14:00 PM AEST,nan,nan,15.0,nan,nan,nan,261.80,0.55,10.60,5.40,264.40,10.00
04-Aug-25 5:14:16 PM AEST,25.8,nan,nan,nan,nan,nan,nan,nan,nan,nan,nan,nan
04-Aug-25 5:15:00 PM AEST,nan,50.8,14.8,nan,nan,nan,298.20,0.52,9.50,5.10,297.30,10.80
04-Aug-25 5:15:20 PM AEST,25.5,nan,nan,nan,nan,nan,nan,nan,nan,nan,nan,nan
04-Aug-25 5:15:20 PM AEST,25.4,nan,nan,nan,nan,nan,nan,nan,nan,nan,nan,nan
04-Aug-25 5:16:00 PM AEST,nan,51.2,14.6,nan,nan,nan,305.60,0.33,7.10,3.30,305.40,10.00
04-Aug-25 5:16:24 PM AEST,25.3,nan,nan,nan,nan,nan,nan,nan,nan,nan,nan,nan
04-Aug-25 5:17:00 PM AEST,nan,51.5,14.5,nan,nan,nan,nan,0.22,3.50,2.20,305.50,10.80
04-Aug-25 5:18:00 PM AEST,nan,51.8,14.6,nan,nan,nan,nan,0.03,1.20,0.30,305.60,9.10
04-Aug-25 5:19:00 PM AEST,25.2,52.2,14.7,nan,nan,nan,308.40,0.21,4.70,2.10,309.30,10.00
04-Aug-25 5:20:00 PM AEST,nan,52.0,nan,nan,nan,nan,323.20,0.46,9.50,4.00,331.30,nan
04-Aug-25 5:20:04 PM AEST,25.1,nan,nan,nan,nan,nan,nan,nan,nan,nan,nan,nan
04-Aug-25 5:21:00 PM AEST,nan,51.7,14.5,nan,nan,nan,316.00,0.31,4.70,3.00,314.90,9.10
04-Aug-25 5:21:08 PM AEST,24.8,nan,nan,nan,nan,nan,nan,nan,nan,nan,nan,nan
04-Aug-25 5:21:08 PM AEST,24.7,nan,nan,nan,nan,nan,nan,nan,nan,nan,nan,nan
04-Aug-25 5:22:00 PM AEST,nan,52.2,14.2,nan,nan,nan,198.40,0.19,3.50,1.60,196.80,10.00
04-Aug-25 5:23:00 PM AEST,nan,52.5,14.3,nan,nan,nan,205.00,0.22,nan,2.20,207.90,9.20
04-Aug-25 5:24:00 PM AEST,24.6,52.7,nan,nan,nan,nan,216.80,0.18,nan,1.80,216.80,nan
04-Aug-25 5:25:00 PM AEST,nan,53.0,nan,nan,nan,nan,216.70,0.12,2.40,1.20,216.70,8.30
04-Aug-25 5:25:04 PM AEST,24.4,nan,nan,nan,nan,nan,nan,nan,nan,nan,nan,nan
04-Aug-25 5:26:00 PM AEST,nan,53.2,14.2,nan,nan,nan,202.30,0.38,10.60,3.50,183.90,nan
04-Aug-25 5:27:00 PM AEST,24.2,53.7,nan,nan,nan,nan,5.10,0.75,11.80,3.10,17.80,9.20
04-Aug-25 5:28:00 PM AEST,nan,54.2,nan,nan,nan,nan,280.60,0.51,9.50,4.50,290.70,8.30
04-Aug-25 5:28:04 PM AEST,24.0,nan,nan,nan,nan,nan,nan,nan,nan,nan,nan,nan
04-Aug-25 5:29:00 PM AEST,nan,54.7,nan,nan,nan,nan,267.20,0.03,1.20,0.30,267.20,nan
04-Aug-25 5:30:00 PM AEST,nan,54.8,14.3,nan,nan,nan,281.20,0.30,9.50,2.80,301.50,9.10
04-Aug-25 5:31:00 PM AEST,23.9,55.0,nan,nan,nan,nan,311.70,0.21,4.70,2.10,311.70,8.30
04-Aug-25 5:32:00 PM AEST,nan,55.3,nan,nan,nan,nan,311.60,0.02,1.20,0.20,311.90,nan
04-Aug-25 5:32:04 PM AEST,23.8,nan,nan,nan,nan,nan,nan,nan,nan,nan,nan,nan
04-Aug-25 5:33:00 PM AEST,nan,55.8,14.4,nan,nan,nan,311.80,0.13,3.50,1.30,312.20,7.50
04-Aug-25 5:33:08 PM AEST,23.5,nan,nan,nan,nan,nan,nan,nan,nan,nan,nan,nan
04-Aug-25 5:34:00 PM AEST,nan,57.5,nan,nan,nan,nan,70.50,0.33,4.70,3.10,69.00,8.30
04-Aug-25 5:34:12 PM AEST,23.3,nan,nan,nan,nan,nan,nan,nan,nan,nan,nan,nan
04-Aug-25 5:35:00 PM AEST,nan,58.0,14.6,nan,nan,nan,20.70,0.31,5.90,2.30,31.00,7.50
04-Aug-25 5:35:16 PM AEST,23.2,nan,nan,nan,nan,nan,nan,nan,nan,nan,nan,nan
04-Aug-25 5:36:00 PM AEST,nan,57.8,nan,nan,nan,nan,353.90,0.20,3.50,2.00,353.90,nan
04-Aug-25 5:37:00 PM AEST,nan,57.5,14.4,nan,nan,nan,353.60,0.14,2.40,1.40,353.50,nan
04-Aug-25 5:38:00 PM AEST,23.1,57.8,14.3,nan,nan,nan,15.00,0.37,7.10,3.20,22.70,nan
04-Aug-25 5:39:00 PM AEST,nan,58.3,nan,nan,nan,nan,58.30,nan,4.70,3.70,58.30,6.70
04-Aug-25 5:39:04 PM AEST,22.8,nan,nan,nan,nan,nan,nan,nan,nan,nan,nan,nan
04-Aug-25 5:40:00 PM AEST,nan,59.3,14.2,nan,nan,nan,58.20,0.40,nan,4.00,58.20,6.60
04-Aug-25 5:40:08 PM AEST,22.5,nan,nan,nan,nan,nan,nan,nan,nan,nan,nan,nan
04-Aug-25 5:41:00 PM AEST,nan,60.3,nan,nan,nan,nan,58.40,0.34,nan,3.40,58.50,7.50
04-Aug-25 5:41:12 PM AEST,22.4,nan,nan,nan,nan,nan,nan,nan,nan,nan,nan,nan
04-Aug-25 5:42:00 PM AEST,nan,60.5,14.3,nan,nan,nan,58.50,0.04,2.40,0.40,nan,6.60
04-Aug-25 5:42:16 PM AEST,22.3,nan,nan,nan,nan,nan,nan,nan,nan,nan,nan,nan
04-Aug-25 5:43:00 PM AEST,nan,nan,nan,nan,nan,nan,nan,0.21,3.50,2.10,nan,6.70
04-Aug-25 5:43:20 PM AEST,22.0,nan,nan,nan,nan,nan,nan,nan,nan,nan,nan,nan
04-Aug-25 5:44:00 PM AEST,nan,61.2,nan,nan,nan,nan,nan,0.36,4.70,3.50,58.60,6.60
04-Aug-25 5:45:00 PM AEST,21.8,62.0,14.2,nan,nan,nan,58.60,0.25,nan,2.50,nan,5.80
04-Aug-25 5:46:00 PM AEST,nan,62.3,nan,nan,nan,nan,58.50,0.08,2.40,0.80,nan,6.70
04-Aug-25 5:46:04 PM AEST,21.7,nan,nan,nan,nan,nan,nan,nan,nan,nan,nan,nan
04-Aug-25 5:47:00 PM AEST,nan,nan,nan,nan,nan,nan,134.10,0.32,5.90,2.90,136.00,5.80
04-Aug-25 5:47:08 PM AEST,21.6,nan,nan,nan,nan,nan,nan,nan,nan,nan,nan,nan
04-Aug-25 5:48:00 PM AEST,nan,62.5,nan,nan,nan,nan,146.00,0.17,3.50,1.70,145.90,5.00
04-Aug-25 5:49:00 PM AEST,nan,62.7,14.1,nan,nan,nan,145.90,0.00,0.00,0.00,0.00,5.80
04-Aug-25 5:50:00 PM AEST,nan,63.2,14.2,nan,nan,nan,145.80,0.09,3.50,0.90,145.90,5.00
04-Aug-25 5:51:00 PM AEST,21.4,63.3,14.3,nan,nan,nan,145.90,0.28,nan,2.80,146.00,nan
04-Aug-25 5:52:00 PM AEST,nan,63.7,14.1,nan,nan,nan,145.80,nan,4.70,nan,145.90,nan
04-Aug-25 5:52:04 PM AEST,21.2,nan,nan,nan,nan,nan,nan,nan,nan,nan,nan,nan
04-Aug-25 5:53:00 PM AEST,nan,63.8,nan,nan,nan,nan,105.90,0.46,5.90,4.50,106.60,nan
04-Aug-25 5:53:08 PM AEST,21.1,nan,nan,nan,nan,nan,nan,nan,nan,nan,nan,nan
04-Aug-25 5:54:00 PM AEST,nan,64.3,14.0,nan,nan,nan,101.40,0.38,4.70,3.80,101.30,nan
04-Aug-25 5:54:12 PM AEST,20.9,nan,nan,nan,nan,nan,nan,nan,nan,nan,nan,nan
04-Aug-25 5:55:00 PM AEST,nan,64.8,13.9,nan,nan,nan,115.50,0.35,nan,3.50,114.80,4.20
04-Aug-25 5:55:16 PM AEST,20.8,nan,nan,nan,nan,nan,nan,nan,nan,nan,nan,nan
04-Aug-25 5:56:00 PM AEST,nan,65.3,nan,nan,nan,nan,128.30,0.20,3.50,2.00,128.30,5.00
04-Aug-25 5:56:20 PM AEST,20.7,nan,nan,nan,nan,nan,nan,nan,nan,nan,nan,nan
04-Aug-25 5:57:00 PM AEST,nan,65.8,14.0,nan,nan,nan,128.20,0.27,nan,2.70,128.20,4.20
04-Aug-25 5:57:24 PM AEST,20.6,nan,nan,nan,nan,nan,nan,nan,nan,nan,nan,nan
04-Aug-25 5:58:00 PM AEST,nan,66.5,14.1,nan,nan,nan,nan,0.17,2.40,1.70,nan,3.30
04-Aug-25 5:58:28 PM AEST,20.5,nan,nan,nan,nan,nan,nan,nan,nan,nan,nan,nan
04-Aug-25 5:59:00 PM AEST,nan,67.0,nan,nan,nan,nan,nan,0.19,3.50,1.90,128.10,nan
04-Aug-25 6:00:36 PM AEST,nan,nan,nan,nan,nan,65.53,nan,nan,nan,nan,nan,nan
04-Aug-25 6:01:00 PM AEST,20.4,67.3,nan,nan,nan,nan,nan,0.00,0.00,0.00,0.00,nan
04-Aug-25 6:02:00 PM AEST,nan,67.7,14.2,nan,nan,nan,nan,0.07,2.40,0.70,128.50,nan
04-Aug-25 6:02:04 PM AEST,20.3,nan,nan,nan,nan,nan,nan,nan,nan,nan,nan,nan
04-Aug-25 6:03:00 PM AEST,nan,68.2,nan,nan,nan,nan,nan,0.14,nan,1.40,128.20,2.50
04-Aug-25 6:03:08 PM AEST,20.2,nan,nan,nan,nan,nan,nan,nan,nan,nan,nan,nan
04-Aug-25 6:04:00 PM AEST,nan,68.8,nan,nan,nan,nan,nan,0.03,1.20,0.30,128.10,1.70
04-Aug-25 6:04:12 PM AEST,20.1,nan,nan,nan,nan,nan,nan,nan,nan,nan,nan,nan
04-Aug-25 6:05:00 PM AEST,nan,69.0,14.3,nan,nan,nan,nan,0.00,0.00,0.00,0.00,2.50
04-Aug-25 6:06:00 PM AEST,nan,69.2,nan,nan,nan,nan,nan,nan,nan,nan,nan,1.70
04-Aug-25 6:07:00 PM AEST,20.0,69.7,14.2,nan,nan,nan,128.30,nan,nan,nan,nan,1.60
04-Aug-25 6:08:00 PM AEST,nan,70.0,14.3,nan,nan,nan,128.20,0.12,3.50,1.20,128.40,0.80
04-Aug-25 6:08:04 PM AEST,19.9,nan,nan,nan,nan,nan,nan,nan,nan,nan,nan,nan
04-Aug-25 6:09:00 PM AEST,nan,70.5,nan,nan,nan,nan,nan,0.28,nan,2.80,128.20,nan
04-Aug-25 6:10:00 PM AEST,19.8,71.2,nan,nan,nan,nan,128.30,0.31,nan,3.10,128.40,nan
04-Aug-25 6:11:00 PM AEST,nan,71.7,14.4,nan,nan,nan,128.20,0.27,nan,2.70,128.30,nan
04-Aug-25 6:12:00 PM AEST,nan,72.0,14.5,nan,nan,nan,nan,0.22,nan,2.20,nan,0.00
04-Aug-25 6:13:00 PM AEST,nan,71.7,14.6,nan,nan,nan,nan,0.00,0.00,0.00,0.00,nan
04-Aug-25 6:14:00 PM AEST,19.7,72.0,14.5,nan,nan,nan,128.10,0.15,3.50,1.50,128.10,nan
04-Aug-25 6:15:00 PM AEST,nan,72.2,nan,nan,nan,nan,128.20,0.27,nan,2.70,128.20,nan
04-Aug-25 6:15:04 PM AEST,19.6,nan,nan,nan,nan,nan,nan,nan,nan,nan,nan,nan
04-Aug-25 6:15:04 PM AEST,19.3,nan,nan,nan,nan,nan,nan,nan,nan,nan,nan,nan
04-Aug-25 6:16:00 PM AEST,nan,72.0,14.4,nan,nan,nan,nan,0.31,4.70,3.10,nan,nan
04-Aug-25 6:17:00 PM AEST,nan,72.2,14.2,nan,nan,nan,nan,0.36,nan,3.60,nan,nan
04-Aug-25 6:18:00 PM AEST,19.2,72.5,14.1,nan,nan,nan,nan,0.28,3.50,2.80,nan,nan
04-Aug-25 6:19:00 PM AEST,nan,nan,nan,nan,nan,nan,nan,0.22,nan,2.20,nan,nan
04-Aug-25 6:20:00 PM AEST,19.1,72.8,nan,nan,nan,nan,nan,0.04,1.20,0.40,128.30,nan
04-Aug-25 6:21:00 PM AEST,nan,73.2,nan,nan,nan,nan,nan,0.01,2.40,0.10,127.60,nan
04-Aug-25 6:21:04 PM AEST,19.2,nan,nan,nan,nan,nan,nan,nan,nan,nan,nan,nan
04-Aug-25 6:22:00 PM AEST,nan,73.5,14.2,nan,nan,nan,nan,0.17,nan,1.70,128.20,nan
04-Aug-25 6:22:08 PM AEST,19.1,nan,nan,nan,nan,nan,nan,nan,nan,nan,nan,nan
04-Aug-25 6:23:00 PM AEST,nan,74.2,14.3,nan,nan,nan,nan,0.28,3.50,2.80,nan,nan
04-Aug-25 6:23:12 PM AEST,19.0,nan,nan,nan,nan,nan,nan,nan,nan,nan,nan,nan
04-Aug-25 6:23:12 PM AEST,18.9,nan,nan,nan,nan,nan,nan,nan,nan,nan,nan,nan
04-Aug-25 6:24:00 PM AEST,nan,74.5,nan,nan,nan,nan,nan,0.25,nan,2.50,nan,nan
04-Aug-25 6:25:00 PM AEST,nan,75.0,nan,nan,nan,nan,nan,0.21,nan,2.10,128.30,nan
04-Aug-25 6:26:00 PM AEST,18.8,75.5,nan,nan,nan,nan,nan,0.13,2.40,1.30,128.20,nan
04-Aug-25 6:27:00 PM AEST,nan,75.8,nan,nan,nan,nan,nan,0.04,1.20,0.40,128.30,nan
04-Aug-25 6:28:00 PM AEST,18.7,76.3,14.4,nan,nan,nan,nan,0.00,0.00,0.00,0.00,nan
04-Aug-25 6:29:00 PM AEST,nan,76.5,14.5,nan,nan,nan,nan,nan,nan,nan,nan,nan
04-Aug-25 6:30:00 PM AEST,nan,76.7,nan,nan,nan,nan,nan,nan,nan,nan,nan,nan
04-Aug-25 6:31:00 PM AEST,18.6,76.8,nan,nan,nan,nan,nan,0.08,3.50,0.80,128.20,nan
04-Aug-25 6:32:00 PM AEST,nan,77.2,14.4,nan,nan,nan,nan,0.26,nan,2.60,128.10,nan
04-Aug-25 6:32:04 PM AEST,18.4,nan,nan,nan,nan,nan,nan,nan,nan,nan,nan,nan
04-Aug-25 6:33:00 PM AEST,nan,nan,14.3,nan,nan,nan,nan,0.19,nan,2.00,128.20,nan
04-Aug-25 6:34:00 PM AEST,nan,77.3,nan,nan,nan,nan,nan,0.08,2.40,0.80,nan,nan
04-Aug-25 6:35:00 PM AEST,18.3,77.5,nan,nan,nan,nan,nan,0.00,0.00,0.00,0.00,nan
04-Aug-25 6:36:00 PM AEST,nan,77.7,nan,nan,nan,nan,nan,nan,nan,nan,nan,nan
04-Aug-25 6:37:00 PM AEST,nan,78.0,nan,nan,nan,nan,nan,nan,nan,nan,nan,nan
04-Aug-25 6:38:00 PM AEST,nan,78.3,14.4,nan,nan,nan,nan,nan,nan,nan,nan,nan
04-Aug-25 6:39:00 PM AEST,18.2,78.5,14.5,nan,nan,nan,nan,nan,nan,nan,nan,nan
04-Aug-25 6:40:00 PM AEST,nan,78.7,14.4,nan,nan,nan,nan,0.01,1.20,0.10,127.60,nan
04-Aug-25 6:40:04 PM AEST,18.1,nan,nan,nan,nan,nan,nan,nan,nan,nan,nan,nan
04-Aug-25 6:41:00 PM AEST,nan,78.8,nan,nan,nan,nan,nan,0.00,0.00,0.00,0.00,0.80
04-Aug-25 6:42:00 PM AEST,18.0,79.2,nan,nan,nan,nan,nan,nan,nan,nan,nan,0.00
04-Aug-25 6:43:00 PM AEST,nan,79.0,nan,nan,nan,nan,nan,nan,nan,nan,nan,nan
04-Aug-25 6:44:00 PM AEST,nan,nan,14.3,nan,nan,nan,nan,nan,nan,nan,nan,nan
04-Aug-25 6:45:00 PM AEST,17.9,79.2,nan,nan,nan,nan,nan,nan,nan,nan,nan,nan
04-Aug-25 6:46:00 PM AEST,nan,79.5,nan,nan,nan,nan,nan,nan,nan,nan,nan,nan
04-Aug-25 6:47:00 PM AEST,nan,79.7,nan,nan,nan,nan,nan,nan,nan,nan,nan,nan
04-Aug-25 6:48:00 PM AEST,17.8,80.0,nan,nan,nan,nan,128.10,nan,nan,nan,nan,nan
04-Aug-25 6:49:00 PM AEST,nan,nan,nan,nan,nan,nan,128.20,nan,nan,nan,nan,nan
04-Aug-25 6:49:04 PM AEST,17.7,nan,nan,nan,nan,nan,nan,nan,nan,nan,nan,nan
04-Aug-25 6:50:00 PM AEST,nan,80.2,14.2,nan,nan,nan,nan,nan,nan,nan,nan,nan
04-Aug-25 6:51:00 PM AEST,nan,80.0,nan,nan,nan,nan,nan,nan,nan,nan,nan,nan
04-Aug-25 6:53:00 PM AEST,17.6,80.3,nan,nan,nan,nan,nan,nan,nan,nan,nan,nan
04-Aug-25 6:54:00 PM AEST,nan,80.5,nan,nan,nan,nan,nan,nan,nan,nan,nan,nan
04-Aug-25 6:54:04 PM AEST,17.5,nan,nan,nan,nan,nan,nan,nan,nan,nan,nan,nan
04-Aug-25 6:55:00 PM AEST,nan,80.8,14.1,nan,nan,nan,nan,nan,nan,nan,nan,nan
04-Aug-25 6:56:00 PM AEST,nan,81.2,14.2,nan,nan,nan,nan,nan,nan,nan,nan,nan
04-Aug-25 6:57:00 PM AEST,17.4,81.3,nan,nan,nan,nan,nan,nan,nan,nan,nan,nan
04-Aug-25 6:58:00 PM AEST,nan,81.5,nan,nan,nan,nan,nan,nan,nan,nan,nan,nan
04-Aug-25 6:58:04 PM AEST,17.3,nan,nan,nan,nan,nan,nan,nan,nan,nan,nan,nan
04-Aug-25 6:59:00 PM AEST,nan,nan,nan,nan,nan,nan,nan,0.01,1.20,0.10,127.60,nan
04-Aug-25 7:00:40 PM AEST,nan,nan,nan,nan,nan,65.53,nan,nan,nan,nan,nan,nan
04-Aug-25 7:01:00 PM AEST,17.2,81.7,14.1,nan,nan,nan,128.10,0.00,0.00,0.00,0.00,nan
04-Aug-25 7:01:00 PM AEST,17.2,81.7,14.0,nan,nan,nan,128.10,0.00,0.00,0.00,0.00,nan
04-Aug-25 7:02:00 PM AEST,nan,nan,nan,nan,nan,nan,128.20,nan,nan,nan,nan,nan
04-Aug-25 7:04:00 PM AEST,nan,81.8,nan,nan,nan,nan,nan,0.06,2.40,0.60,127.90,nan
04-Aug-25 7:05:00 PM AEST,17.1,82.0,nan,nan,nan,nan,128.30,0.29,3.50,2.90,128.30,nan
04-Aug-25 7:06:00 PM AEST,nan,82.2,nan,nan,nan,nan,128.20,0.12,2.40,1.20,nan,nan
04-Aug-25 7:07:00 PM AEST,nan,82.3,nan,nan,nan,nan,nan,0.05,nan,0.50,128.20,nan
04-Aug-25 7:08:00 PM AEST,nan,82.7,nan,nan,nan,nan,128.30,0.00,0.00,0.00,0.00,nan
04-Aug-25 7:09:00 PM AEST,17.0,82.8,14.1,nan,nan,nan,128.20,nan,nan,nan,nan,nan
04-Aug-25 7:10:00 PM AEST,nan,83.2,nan,nan,nan,nan,nan,nan,nan,nan,nan,nan
04-Aug-25 7:11:00 PM AEST,nan,83.5,nan,nan,nan,nan,nan,nan,nan,nan,nan,nan
04-Aug-25 7:12:00 PM AEST,16.9,83.7,14.2,nan,nan,nan,nan,nan,nan,nan,nan,nan
04-Aug-25 7:13:00 PM AEST,nan,83.5,14.1,nan,nan,nan,128.30,nan,nan,nan,nan,nan
04-Aug-25 7:14:00 PM AEST,nan,83.7,nan,nan,nan,nan,128.20,nan,nan,nan,nan,nan
04-Aug-25 7:16:00 PM AEST,16.8,nan,nan,nan,nan,nan,128.30,nan,nan,nan,nan,nan
04-Aug-25 7:17:00 PM AEST,nan,83.8,14.0,nan,nan,nan,128.20,nan,nan,nan,nan,nan
04-Aug-25 7:18:00 PM AEST,nan,84.2,nan,nan,nan,nan,nan,nan,nan,nan,nan,0.80
04-Aug-25 7:19:00 PM AEST,16.7,84.3,14.1,nan,nan,nan,nan,nan,nan,nan,nan,0.00
04-Aug-25 7:20:00 PM AEST,nan,84.5,nan,nan,nan,nan,nan,nan,nan,nan,nan,nan
04-Aug-25 7:21:00 PM AEST,nan,nan,14.0,nan,nan,nan,nan,nan,nan,nan,nan,nan
04-Aug-25 7:22:00 PM AEST,nan,84.7,nan,nan,nan,nan,nan,nan,nan,nan,nan,nan
04-Aug-25 7:23:00 PM AEST,nan,84.8,14.1,nan,nan,nan,nan,nan,nan,nan,nan,nan
04-Aug-25 7:24:00 PM AEST,16.6,84.7,nan,nan,nan,nan,128.30,nan,nan,nan,nan,nan
04-Aug-25 7:25:00 PM AEST,nan,84.8,14.0,nan,nan,nan,128.20,nan,nan,nan,nan,nan
04-Aug-25 7:25:04 PM AEST,16.7,nan,nan,nan,nan,nan,nan,nan,nan,nan,nan,nan
04-Aug-25 7:26:00 PM AEST,nan,85.0,14.1,nan,nan,nan,nan,nan,nan,nan,nan,nan
04-Aug-25 7:26:08 PM AEST,16.6,nan,nan,nan,nan,nan,nan,nan,nan,nan,nan,nan
04-Aug-25 7:29:00 PM AEST,nan,85.2,nan,nan,nan,nan,nan,nan,nan,nan,nan,nan
04-Aug-25 7:30:00 PM AEST,16.5,nan,nan,nan,nan,nan,nan,nan,nan,nan,nan,nan
04-Aug-25 7:31:00 PM AEST,nan,85.3,14.0,nan,nan,nan,nan,nan,nan,nan,nan,nan
04-Aug-25 7:32:00 PM AEST,nan,85.5,14.1,nan,nan,nan,nan,nan,nan,nan,nan,nan
04-Aug-25 7:33:00 PM AEST,nan,85.7,nan,nan,nan,nan,nan,nan,nan,nan,nan,nan
04-Aug-25 7:34:00 PM AEST,nan,85.8,nan,nan,nan,nan,nan,nan,nan,nan,nan,nan
04-Aug-25 7:35:00 PM AEST,16.4,nan,nan,nan,nan,nan,nan,nan,nan,nan,nan,nan
04-Aug-25 7:36:00 PM AEST,nan,nan,14.0,nan,nan,nan,nan,nan,nan,nan,nan,nan
04-Aug-25 7:37:00 PM AEST,nan,nan,14.1,nan,nan,nan,nan,nan,nan,nan,nan,nan
04-Aug-25 7:38:00 PM AEST,nan,86.0,14.0,nan,nan,nan,nan,nan,nan,nan,nan,nan
04-Aug-25 7:39:00 PM AEST,nan,85.8,nan,nan,nan,nan,128.30,0.04,2.40,0.40,128.30,nan
04-Aug-25 7:40:00 PM AEST,16.3,86.2,nan,nan,nan,nan,128.20,0.01,1.20,0.10,127.60,nan
04-Aug-25 7:42:00 PM AEST,nan,86.5,nan,nan,nan,nan,nan,nan,nan,nan,nan,nan
04-Aug-25 7:43:00 PM AEST,nan,86.3,nan,nan,nan,nan,nan,0.00,0.00,0.00,0.00,nan
04-Aug-25 7:45:00 PM AEST,nan,86.5,nan,nan,nan,nan,nan,nan,nan,nan,nan,nan
04-Aug-25 7:46:00 PM AEST,16.2,nan,nan,nan,nan,nan,nan,nan,nan,nan,nan,nan
04-Aug-25 7:48:00 PM AEST,nan,86.7,nan,nan,nan,nan,nan,nan,nan,nan,nan,nan
04-Aug-25 7:51:00 PM AEST,nan,86.8,13.9,nan,nan,nan,nan,nan,nan,nan,nan,nan
04-Aug-25 7:52:00 PM AEST,16.1,nan,14.0,nan,nan,nan,nan,nan,nan,nan,nan,nan
04-Aug-25 7:53:00 PM AEST,nan,87.0,13.9,nan,nan,nan,nan,nan,nan,nan,nan,nan
04-Aug-25 7:54:00 PM AEST,nan,nan,nan,nan,nan,nan,nan,nan,nan,nan,nan,0.80
04-Aug-25 7:55:00 PM AEST,nan,nan,nan,nan,nan,nan,nan,nan,nan,nan,nan,0.00
04-Aug-25 7:56:00 PM AEST,nan,87.2,nan,nan,nan,nan,nan,nan,nan,nan,nan,nan
04-Aug-25 7:57:00 PM AEST,16.0,87.0,nan,nan,nan,nan,nan,nan,nan,nan,nan,nan
04-Aug-25 7:58:00 PM AEST,nan,87.2,nan,nan,nan,nan,nan,nan,nan,nan,nan,nan
04-Aug-25 8:01:00 PM AEST,15.9,87.5,13.8,nan,nan,nan,nan,nan,nan,nan,nan,nan
04-Aug-25 8:02:00 PM AEST,nan,nan,13.9,nan,nan,nan,nan,nan,nan,nan,nan,nan
04-Aug-25 8:03:00 PM AEST,nan,87.7,13.8,nan,nan,nan,nan,nan,nan,nan,nan,nan
04-Aug-25 8:04:00 PM AEST,nan,87.5,nan,nan,nan,nan,nan,nan,nan,nan,nan,nan
04-Aug-25 8:05:00 PM AEST,15.8,87.8,nan,nan,nan,nan,nan,nan,nan,nan,nan,nan
04-Aug-25 8:06:00 PM AEST,nan,87.7,nan,nan,nan,nan,nan,nan,nan,nan,nan,nan
04-Aug-25 8:08:00 PM AEST,nan,87.8,nan,nan,nan,nan,nan,nan,nan,nan,nan,nan
04-Aug-25 8:09:00 PM AEST,nan,87.7,nan,nan,nan,nan,nan,nan,nan,nan,nan,nan
04-Aug-25 8:10:00 PM AEST,nan,87.8,nan,nan,nan,nan,nan,nan,nan,nan,nan,nan
04-Aug-25 8:11:00 PM AEST,nan,88.0,nan,nan,nan,nan,nan,nan,nan,nan,nan,nan
04-Aug-25 8:12:00 PM AEST,nan,87.8,nan,nan,nan,nan,nan,nan,nan,nan,nan,nan
04-Aug-25 8:13:00 PM AEST,15.7,88.2,nan,nan,nan,nan,nan,nan,nan,nan,nan,nan
04-Aug-25 8:14:00 PM AEST,nan,88.0,nan,nan,nan,nan,nan,0.01,1.20,0.10,127.60,nan
04-Aug-25 8:15:00 PM AEST,nan,nan,13.7,nan,nan,nan,nan,0.00,0.00,0.00,0.00,nan
04-Aug-25 8:16:00 PM AEST,nan,88.2,nan,nan,nan,nan,nan,nan,nan,nan,nan,nan
04-Aug-25 8:19:00 PM AEST,nan,88.3,nan,nan,nan,nan,nan,nan,nan,nan,nan,nan
04-Aug-25 8:20:00 PM AEST,15.6,nan,nan,nan,nan,nan,nan,nan,nan,nan,nan,nan
04-Aug-25 8:22:00 PM AEST,nan,88.5,nan,nan,nan,nan,nan,nan,nan,nan,nan,nan
04-Aug-25 8:25:00 PM AEST,nan,88.7,nan,nan,nan,nan,nan,nan,nan,nan,nan,nan
04-Aug-25 8:26:00 PM AEST,nan,88.5,nan,nan,nan,nan,128.30,nan,nan,nan,nan,nan
04-Aug-25 8:27:00 PM AEST,nan,nan,nan,nan,nan,nan,128.20,nan,nan,nan,nan,nan
04-Aug-25 8:28:00 PM AEST,15.5,88.7,nan,nan,nan,nan,128.30,nan,nan,nan,nan,nan
04-Aug-25 8:29:00 PM AEST,nan,88.5,nan,nan,nan,nan,128.20,nan,nan,nan,nan,nan
04-Aug-25 8:30:00 PM AEST,nan,88.8,13.6,nan,nan,nan,nan,nan,nan,nan,nan,0.80
04-Aug-25 8:31:00 PM AEST,nan,88.7,nan,nan,nan,nan,128.30,nan,nan,nan,nan,0.00
04-Aug-25 8:32:00 PM AEST,nan,88.8,nan,nan,nan,nan,128.20,nan,nan,nan,nan,nan
04-Aug-25 8:33:00 PM AEST,15.4,89.0,nan,nan,nan,nan,128.30,nan,nan,nan,nan,nan
04-Aug-25 8:34:00 PM AEST,nan,88.8,nan,nan,nan,nan,128.20,nan,nan,nan,nan,nan
04-Aug-25 8:35:00 PM AEST,nan,89.0,nan,nan,nan,nan,128.30,nan,nan,nan,nan,nan
04-Aug-25 8:36:00 PM AEST,nan,88.8,nan,nan,nan,nan,128.20,nan,nan,nan,nan,nan
04-Aug-25 8:37:00 PM AEST,15.3,89.0,13.5,nan,nan,nan,128.30,nan,nan,nan,nan,nan
04-Aug-25 8:38:04 PM AEST,15.4,nan,nan,nan,nan,nan,nan,nan,nan,nan,nan,nan
04-Aug-25 8:39:00 PM AEST,nan,nan,nan,nan,nan,nan,128.20,nan,nan,nan,nan,nan
04-Aug-25 8:39:08 PM AEST,15.3,nan,nan,nan,nan,nan,nan,nan,nan,nan,nan,nan
04-Aug-25 8:40:00 PM AEST,nan,89.2,13.6,nan,nan,nan,128.30,nan,nan,nan,nan,nan
04-Aug-25 8:41:00 PM AEST,nan,89.0,13.5,nan,nan,nan,128.20,nan,nan,nan,nan,nan
04-Aug-25 8:42:00 PM AEST,nan,89.3,nan,nan,nan,nan,128.30,nan,nan,nan,nan,nan
04-Aug-25 8:43:00 PM AEST,nan,89.5,13.6,nan,nan,nan,nan,nan,nan,nan,nan,nan
04-Aug-25 8:44:00 PM AEST,15.4,nan,nan,nan,nan,nan,128.20,nan,nan,nan,nan,nan
04-Aug-25 8:45:00 PM AEST,nan,89.7,13.7,nan,nan,nan,128.30,nan,nan,nan,nan,nan
04-Aug-25 8:45:04 PM AEST,15.3,nan,nan,nan,nan,nan,nan,nan,nan,nan,nan,nan
04-Aug-25 8:46:00 PM AEST,nan,89.8,13.6,nan,nan,nan,nan,0.04,1.20,0.40,128.50,nan
04-Aug-25 8:46:08 PM AEST,15.4,nan,nan,nan,nan,nan,nan,nan,nan,nan,nan,nan
04-Aug-25 8:47:00 PM AEST,nan,nan,13.7,nan,nan,nan,nan,0.00,0.00,0.00,0.00,nan
04-Aug-25 8:47:12 PM AEST,15.3,nan,nan,nan,nan,nan,nan,nan,nan,nan,nan,nan
04-Aug-25 8:48:00 PM AEST,nan,90.0,nan,nan,nan,nan,128.20,nan,nan,nan,nan,nan
04-Aug-25 8:49:00 PM AEST,nan,nan,nan,nan,nan,nan,128.30,nan,nan,nan,nan,nan
04-Aug-25 8:50:00 PM AEST,nan,90.2,nan,nan,nan,nan,nan,nan,nan,nan,nan,nan
04-Aug-25 8:53:00 PM AEST,nan,nan,nan,nan,nan,nan,128.20,0.01,1.20,0.10,127.60,nan
04-Aug-25 8:54:00 PM AEST,nan,90.5,nan,nan,nan,nan,128.30,0.11,2.40,1.10,128.20,nan
04-Aug-25 8:55:00 PM AEST,nan,90.3,13.8,nan,nan,nan,nan,0.02,1.20,0.20,127.60,nan
04-Aug-25 8:56:00 PM AEST,nan,90.5,13.7,nan,nan,nan,128.20,0.00,0.00,0.00,0.00,nan
04-Aug-25 8:57:00 PM AEST,nan,nan,nan,nan,nan,nan,128.30,nan,nan,nan,nan,nan
04-Aug-25 8:58:00 PM AEST,15.2,nan,nan,nan,nan,nan,nan,nan,nan,nan,nan,nan
04-Aug-25 8:59:00 PM AEST,nan,90.7,nan,nan,nan,nan,nan,nan,nan,nan,nan,nan
04-Aug-25 9:01:00 PM AEST,nan,90.5,nan,nan,nan,nan,nan,nan,nan,nan,nan,nan
04-Aug-25 9:02:00 PM AEST,nan,90.7,nan,nan,nan,nan,nan,nan,nan,nan,nan,nan
04-Aug-25 9:03:00 PM AEST,nan,90.8,nan,nan,nan,nan,nan,nan,nan,nan,nan,nan
04-Aug-25 9:04:00 PM AEST,nan,90.7,nan,nan,nan,nan,nan,nan,nan,nan,nan,nan
04-Aug-25 9:05:00 PM AEST,nan,90.8,nan,nan,nan,nan,128.20,nan,nan,nan,nan,nan
04-Aug-25 9:06:00 PM AEST,nan,90.7,nan,nan,nan,nan,128.40,0.01,1.20,0.10,127.60,nan
04-Aug-25 9:07:00 PM AEST,nan,90.8,nan,nan,nan,nan,128.20,0.00,0.00,0.00,0.00,0.80
04-Aug-25 9:08:00 PM AEST,15.1,nan,nan,nan,nan,nan,128.30,nan,nan,nan,nan,0.00
04-Aug-25 9:09:00 PM AEST,nan,nan,13.6,nan,nan,nan,nan,nan,nan,nan,nan,nan
04-Aug-25 9:10:00 PM AEST,nan,90.7,nan,nan,nan,nan,nan,nan,nan,nan,nan,nan
04-Aug-25 9:11:00 PM AEST,nan,90.8,nan,nan,nan,nan,nan,nan,nan,nan,nan,nan
04-Aug-25 9:13:00 PM AEST,nan,91.0,nan,nan,nan,nan,nan,nan,nan,nan,nan,nan
04-Aug-25 9:14:00 PM AEST,15.0,nan,nan,nan,nan,nan,nan,nan,nan,nan,nan,nan
04-Aug-25 9:15:00 PM AEST,nan,90.8,nan,nan,nan,nan,128.20,nan,nan,nan,nan,nan
04-Aug-25 9:16:00 PM AEST,nan,nan,13.5,nan,nan,nan,128.30,nan,nan,nan,nan,nan
04-Aug-25 9:17:00 PM AEST,nan,91.0,nan,nan,nan,nan,nan,nan,nan,nan,nan,nan
04-Aug-25 9:18:00 PM AEST,nan,nan,nan,nan,nan,nan,128.20,nan,nan,nan,nan,nan
04-Aug-25 9:19:00 PM AEST,nan,91.2,13.6,nan,nan,nan,128.30,nan,nan,nan,nan,nan
04-Aug-25 9:20:00 PM AEST,nan,91.0,nan,nan,nan,nan,nan,nan,nan,nan,nan,nan
04-Aug-25 9:21:00 PM AEST,nan,91.2,13.5,nan,nan,nan,128.20,nan,nan,nan,nan,nan
04-Aug-25 9:22:00 PM AEST,nan,91.0,13.6,nan,nan,nan,128.40,nan,nan,nan,nan,nan
04-Aug-25 9:23:00 PM AEST,14.9,91.2,13.5,nan,nan,nan,128.20,nan,nan,nan,nan,nan
04-Aug-25 9:24:00 PM AEST,nan,nan,nan,nan,nan,nan,128.30,nan,nan,nan,nan,nan
04-Aug-25 9:26:00 PM AEST,nan,nan,nan,nan,nan,nan,128.20,nan,nan,nan,nan,nan
04-Aug-25 9:27:00 PM AEST,nan,91.3,nan,nan,nan,nan,128.30,nan,nan,nan,nan,nan
04-Aug-25 9:28:00 PM AEST,nan,91.5,nan,nan,nan,nan,128.20,nan,nan,nan,nan,nan
04-Aug-25 9:29:00 PM AEST,nan,91.7,13.6,nan,nan,nan,128.30,nan,nan,nan,nan,nan
04-Aug-25 9:30:00 PM AEST,nan,91.5,nan,nan,nan,nan,nan,nan,nan,nan,nan,nan
04-Aug-25 9:31:00 PM AEST,nan,nan,13.5,nan,nan,nan,nan,nan,nan,nan,nan,nan
04-Aug-25 9:32:00 PM AEST,nan,nan,nan,nan,nan,nan,128.20,0.01,1.20,0.10,127.60,nan
04-Aug-25 9:33:00 PM AEST,nan,91.7,nan,nan,nan,nan,128.30,nan,nan,nan,nan,nan
04-Aug-25 9:34:00 PM AEST,nan,91.5,nan,nan,nan,nan,nan,0.00,0.00,0.00,0.00,nan
04-Aug-25 9:35:00 PM AEST,14.8,nan,nan,nan,nan,nan,nan,nan,nan,nan,nan,nan
04-Aug-25 9:36:00 PM AEST,nan,91.7,nan,nan,nan,nan,nan,nan,nan,nan,nan,nan
04-Aug-25 9:36:04 PM AEST,14.9,nan,nan,nan,nan,nan,nan,nan,nan,nan,nan,nan
04-Aug-25 9:36:04 PM AEST,14.8,nan,nan,nan,nan,nan,nan,nan,nan,nan,nan,nan
04-Aug-25 9:37:00 PM AEST,nan,91.8,nan,nan,nan,nan,128.20,0.01,1.20,0.10,127.60,nan
04-Aug-25 9:38:00 PM AEST,nan,91.7,nan,nan,nan,nan,128.30,0.00,0.00,0.00,0.00,nan
04-Aug-25 9:39:00 PM AEST,nan,91.8,nan,nan,nan,nan,nan,nan,nan,nan,nan,nan
04-Aug-25 9:40:00 PM AEST,nan,92.0,nan,nan,nan,nan,nan,nan,nan,nan,nan,nan
04-Aug-25 9:41:00 PM AEST,nan,91.8,nan,nan,nan,nan,128.20,nan,nan,nan,nan,nan
04-Aug-25 9:42:00 PM AEST,nan,92.0,nan,nan,nan,nan,128.30,nan,nan,nan,nan,nan
04-Aug-25 9:43:00 PM AEST,nan,92.2,nan,nan,nan,nan,nan,0.01,1.20,0.10,127.60,0.80
04-Aug-25 9:44:00 PM AEST,nan,92.0,13.6,nan,nan,nan,nan,0.00,0.00,0.00,0.00,0.00
04-Aug-25 9:45:00 PM AEST,nan,nan,13.5,nan,nan,nan,nan,nan,nan,nan,nan,nan
04-Aug-25 9:46:00 PM AEST,nan,nan,nan,nan,nan,nan,128.20,nan,nan,nan,nan,nan
04-Aug-25 9:47:00 PM AEST,nan,92.2,nan,nan,nan,nan,128.30,nan,nan,nan,nan,nan
04-Aug-25 9:48:00 PM AEST,nan,92.0,nan,nan,nan,nan,nan,nan,nan,nan,nan,nan
04-Aug-25 9:49:00 PM AEST,14.7,92.3,nan,nan,nan,nan,nan,nan,nan,nan,nan,nan
04-Aug-25 9:50:00 PM AEST,nan,92.2,nan,nan,nan,nan,128.20,nan,nan,nan,nan,nan
04-Aug-25 9:50:04 PM AEST,14.8,nan,nan,nan,nan,nan,nan,nan,nan,nan,nan,nan
04-Aug-25 9:51:00 PM AEST,nan,92.3,nan,nan,nan,nan,128.30,nan,nan,nan,nan,nan
04-Aug-25 9:51:08 PM AEST,14.7,nan,nan,nan,nan,nan,nan,nan,nan,nan,nan,nan
04-Aug-25 9:52:00 PM AEST,nan,92.2,nan,nan,nan,nan,nan,nan,nan,nan,nan,nan
04-Aug-25 9:53:00 PM AEST,nan,92.3,nan,nan,nan,nan,128.20,0.01,1.20,0.10,127.60,nan
04-Aug-25 9:54:00 PM AEST,nan,92.2,nan,nan,nan,nan,128.30,0.00,0.00,0.00,0.00,nan
04-Aug-25 9:55:00 PM AEST,nan,92.3,nan,nan,nan,nan,nan,nan,nan,nan,nan,nan
04-Aug-25 9:56:00 PM AEST,nan,nan,nan,nan,nan,nan,128.20,nan,nan,nan,nan,nan
04-Aug-25 9:57:00 PM AEST,nan,92.5,nan,nan,nan,nan,128.30,nan,nan,nan,nan,nan
04-Aug-25 9:58:00 PM AEST,nan,92.3,nan,nan,nan,nan,nan,nan,nan,nan,nan,nan
04-Aug-25 9:59:00 PM AEST,nan,92.5,nan,nan,nan,nan,nan,nan,nan,nan,nan,nan
04-Aug-25 10:00:00 PM AEST,nan,92.3,nan,nan,nan,65.53,nan,nan,nan,nan,nan,nan
04-Aug-25 10:02:00 PM AEST,nan,92.5,nan,nan,nan,nan,nan,nan,nan,nan,nan,nan
04-Aug-25 10:05:00 PM AEST,nan,nan,nan,nan,nan,nan,128.20,nan,nan,nan,nan,nan
04-Aug-25 10:06:00 PM AEST,nan,92.7,nan,nan,nan,nan,128.30,nan,nan,nan,nan,nan
04-Aug-25 10:07:00 PM AEST,nan,92.5,nan,nan,nan,nan,128.40,nan,nan,nan,nan,nan
04-Aug-25 10:08:00 PM AEST,14.6,92.7,nan,nan,nan,nan,128.30,nan,nan,nan,nan,nan
04-Aug-25 10:09:00 PM AEST,nan,92.5,nan,nan,nan,nan,128.20,nan,nan,nan,nan,nan
04-Aug-25 10:09:04 PM AEST,14.7,nan,nan,nan,nan,nan,nan,nan,nan,nan,nan,nan
04-Aug-25 10:10:00 PM AEST,nan,92.7,nan,nan,nan,nan,128.30,nan,nan,nan,nan,nan
04-Aug-25 10:11:00 PM AEST,nan,92.8,nan,nan,nan,nan,nan,nan,nan,nan,nan,nan
04-Aug-25 10:12:00 PM AEST,nan,93.0,nan,nan,nan,nan,nan,nan,nan,nan,nan,nan
04-Aug-25 10:13:00 PM AEST,nan,92.8,13.6,nan,nan,nan,128.20,nan,nan,nan,nan,nan
04-Aug-25 10:14:00 PM AEST,nan,93.0,13.5,nan,nan,nan,128.30,nan,nan,nan,nan,nan
04-Aug-25 10:15:00 PM AEST,nan,92.8,nan,nan,nan,nan,nan,nan,nan,nan,nan,nan
04-Aug-25 10:16:00 PM AEST,14.6,93.0,nan,nan,nan,nan,nan,nan,nan,nan,nan,nan
04-Aug-25 10:17:04 PM AEST,14.7,nan,nan,nan,nan,nan,nan,nan,nan,nan,nan,nan
04-Aug-25 10:18:08 PM AEST,14.6,nan,nan,nan,nan,nan,nan,nan,nan,nan,nan,nan
04-Aug-25 10:19:00 PM AEST,nan,nan,nan,nan,nan,nan,128.20,nan,nan,nan,nan,nan
04-Aug-25 10:20:00 PM AEST,nan,nan,nan,nan,nan,nan,128.30,nan,nan,nan,nan,0.80
04-Aug-25 10:21:00 PM AEST,nan,nan,nan,nan,nan,nan,nan,nan,nan,nan,nan,0.00
04-Aug-25 10:23:00 PM AEST,nan,93.2,nan,nan,nan,nan,128.20,nan,nan,nan,nan,nan
04-Aug-25 10:24:00 PM AEST,nan,nan,nan,nan,nan,nan,128.30,nan,nan,nan,nan,nan
04-Aug-25 10:25:00 PM AEST,nan,nan,nan,nan,nan,nan,128.40,nan,nan,nan,nan,nan
04-Aug-25 10:26:00 PM AEST,nan,93.3,nan,nan,nan,nan,128.20,nan,nan,nan,nan,nan
04-Aug-25 10:27:00 PM AEST,nan,93.2,nan,nan,nan,nan,128.40,nan,nan,nan,nan,nan
04-Aug-25 10:28:00 PM AEST,nan,nan,nan,nan,nan,nan,128.30,nan,nan,nan,nan,nan
04-Aug-25 10:29:00 PM AEST,nan,93.3,nan,nan,nan,nan,128.20,nan,nan,nan,nan,nan
04-Aug-25 10:30:00 PM AEST,nan,93.2,nan,nan,nan,nan,128.30,nan,nan,nan,nan,nan
04-Aug-25 10:32:00 PM AEST,nan,93.3,nan,nan,nan,nan,nan,nan,nan,nan,nan,nan
04-Aug-25 10:33:00 PM AEST,nan,93.2,nan,nan,nan,nan,nan,nan,nan,nan,nan,nan
04-Aug-25 10:34:00 PM AEST,nan,93.5,nan,nan,nan,nan,nan,nan,nan,nan,nan,nan
04-Aug-25 10:35:00 PM AEST,nan,93.3,13.6,nan,nan,nan,nan,nan,nan,nan,nan,nan
04-Aug-25 10:36:00 PM AEST,14.5,nan,13.5,nan,nan,nan,nan,nan,nan,nan,nan,nan
04-Aug-25 10:37:00 PM AEST,nan,93.5,nan,nan,nan,nan,128.20,nan,nan,nan,nan,nan
04-Aug-25 10:38:00 PM AEST,nan,93.3,nan,nan,nan,nan,128.30,nan,nan,nan,nan,nan
04-Aug-25 10:39:00 PM AEST,nan,93.5,13.4,nan,nan,nan,nan,nan,nan,nan,nan,nan
04-Aug-25 10:40:00 PM AEST,nan,93.3,nan,nan,nan,nan,nan,nan,nan,nan,nan,nan
04-Aug-25 10:41:00 PM AEST,nan,93.5,nan,nan,nan,nan,nan,nan,nan,nan,nan,nan
04-Aug-25 10:42:00 PM AEST,nan,nan,13.5,nan,nan,nan,nan,nan,nan,nan,nan,nan
04-Aug-25 10:44:00 PM AEST,nan,93.7,nan,nan,nan,nan,nan,nan,nan,nan,nan,nan
04-Aug-25 10:45:00 PM AEST,nan,93.5,nan,nan,nan,nan,nan,nan,nan,nan,nan,nan
04-Aug-25 10:47:00 PM AEST,nan,nan,nan,nan,nan,nan,128.20,nan,nan,nan,nan,nan
04-Aug-25 10:48:00 PM AEST,nan,nan,nan,nan,nan,nan,128.30,nan,nan,nan,nan,nan
04-Aug-25 10:49:00 PM AEST,nan,93.7,nan,nan,nan,nan,128.40,nan,nan,nan,nan,nan
04-Aug-25 10:50:00 PM AEST,nan,nan,nan,nan,nan,nan,128.20,nan,nan,nan,nan,nan
04-Aug-25 10:51:00 PM AEST,nan,nan,nan,nan,nan,nan,128.30,nan,nan,nan,nan,nan
04-Aug-25 10:54:00 PM AEST,nan,93.8,nan,nan,nan,nan,nan,nan,nan,nan,nan,nan
04-Aug-25 10:57:00 PM AEST,nan,nan,13.6,nan,nan,nan,nan,nan,nan,nan,nan,0.80
04-Aug-25 10:58:00 PM AEST,nan,nan,13.5,nan,nan,nan,128.20,nan,nan,nan,nan,0.00
04-Aug-25 10:59:00 PM AEST,nan,nan,nan,nan,nan,nan,128.30,nan,nan,nan,nan,nan
04-Aug-25 11:01:00 PM AEST,nan,94.0,nan,nan,nan,nan,128.40,0.01,1.20,0.10,127.60,nan
04-Aug-25 11:01:00 PM AEST,nan,93.8,nan,nan,nan,nan,128.20,0.01,1.20,0.10,127.60,nan
04-Aug-25 11:02:00 PM AEST,nan,94.0,nan,nan,nan,nan,128.30,0.00,0.00,0.00,0.00,nan
04-Aug-25 11:06:00 PM AEST,14.6,94.2,nan,nan,nan,nan,nan,nan,nan,nan,nan,nan
04-Aug-25 11:07:00 PM AEST,nan,nan,13.6,nan,nan,nan,128.20,nan,nan,nan,nan,nan
04-Aug-25 11:08:00 PM AEST,nan,94.3,nan,nan,nan,nan,128.30,nan,nan,nan,nan,nan
04-Aug-25 11:09:00 PM AEST,nan,nan,13.7,nan,nan,nan,nan,nan,nan,nan,nan,nan
04-Aug-25 11:13:00 PM AEST,14.5,nan,nan,nan,nan,nan,nan,nan,nan,nan,nan,nan
04-Aug-25 11:14:00 PM AEST,nan,nan,13.6,nan,nan,nan,nan,nan,nan,nan,nan,nan
04-Aug-25 11:15:00 PM AEST,nan,94.2,nan,nan,nan,nan,nan,nan,nan,nan,nan,nan
04-Aug-25 11:16:00 PM AEST,14.4,nan,nan,nan,nan,nan,128.20,nan,nan,nan,nan,nan
04-Aug-25 11:17:00 PM AEST,nan,94.3,13.5,nan,nan,nan,128.30,nan,nan,nan,nan,nan
04-Aug-25 11:17:04 PM AEST,14.5,nan,nan,nan,nan,nan,nan,nan,nan,nan,nan,nan
04-Aug-25 11:18:00 PM AEST,nan,94.2,13.6,nan,nan,nan,nan,nan,nan,nan,nan,nan
04-Aug-25 11:19:00 PM AEST,nan,94.3,13.5,nan,nan,nan,nan,nan,nan,nan,nan,nan
04-Aug-25 11:20:00 PM AEST,nan,nan,13.6,nan,nan,nan,nan,nan,nan,nan,nan,nan
04-Aug-25 11:23:00 PM AEST,14.4,nan,nan,nan,nan,nan,nan,nan,nan,nan,nan,nan
04-Aug-25 11:24:00 PM AEST,nan,94.5,13.5,nan,nan,nan,128.20,nan,nan,nan,nan,nan
04-Aug-25 11:24:04 PM AEST,14.5,nan,nan,nan,nan,nan,nan,nan,nan,nan,nan,nan
04-Aug-25 11:25:00 PM AEST,nan,94.3,13.6,nan,nan,nan,128.30,nan,nan,nan,nan,nan
04-Aug-25 11:26:00 PM AEST,14.4,nan,nan,nan,nan,nan,128.40,nan,nan,nan,nan,nan
04-Aug-25 11:27:00 PM AEST,nan,94.5,13.5,nan,nan,nan,128.20,nan,nan,nan,nan,nan
04-Aug-25 11:28:00 PM AEST,nan,94.3,13.6,nan,nan,nan,128.30,nan,nan,nan,nan,nan
04-Aug-25 11:29:00 PM AEST,nan,nan,13.5,nan,nan,nan,128.40,nan,nan,nan,nan,nan
04-Aug-25 11:30:00 PM AEST,nan,94.5,nan,nan,nan,nan,128.30,nan,nan,nan,nan,nan
04-Aug-25 11:31:00 PM AEST,nan,nan,13.6,nan,nan,nan,128.20,nan,nan,nan,nan,nan
04-Aug-25 11:32:00 PM AEST,nan,nan,13.5,nan,nan,nan,128.30,nan,nan,nan,nan,nan
04-Aug-25 11:33:00 PM AEST,nan,nan,13.6,nan,nan,nan,nan,nan,nan,nan,nan,nan
04-Aug-25 11:34:00 PM AEST,14.5,94.7,nan,nan,nan,nan,nan,nan,nan,nan,nan,0.80
04-Aug-25 11:35:00 PM AEST,nan,94.5,nan,nan,nan,nan,nan,nan,nan,nan,nan,0.00
04-Aug-25 11:35:04 PM AEST,14.4,nan,nan,nan,nan,nan,nan,nan,nan,nan,nan,nan
04-Aug-25 11:36:00 PM AEST,nan,94.7,13.5,nan,nan,nan,nan,nan,nan,nan,nan,nan
04-Aug-25 11:37:00 PM AEST,nan,94.5,13.6,nan,nan,nan,nan,nan,nan,nan,nan,nan
04-Aug-25 11:38:00 PM AEST,nan,94.7,13.5,nan,nan,nan,nan,nan,nan,nan,nan,nan
04-Aug-25 11:39:00 PM AEST,nan,94.5,13.6,nan,nan,nan,nan,nan,nan,nan,nan,nan
04-Aug-25 11:40:00 PM AEST,nan,94.7,13.5,nan,nan,nan,nan,nan,nan,nan,nan,nan
04-Aug-25 11:41:00 PM AEST,nan,nan,13.6,nan,nan,nan,nan,nan,nan,nan,nan,nan
04-Aug-25 11:43:00 PM AEST,14.3,nan,13.5,nan,nan,nan,128.20,nan,nan,nan,nan,nan
04-Aug-25 11:44:00 PM AEST,nan,nan,nan,nan,nan,nan,128.30,nan,nan,nan,nan,nan
04-Aug-25 11:45:00 PM AEST,nan,94.5,nan,nan,nan,nan,nan,nan,nan,nan,nan,nan
04-Aug-25 11:46:00 PM AEST,nan,94.7,nan,nan,nan,nan,nan,nan,nan,nan,nan,nan
04-Aug-25 11:48:00 PM AEST,nan,nan,nan,nan,nan,nan,128.20,nan,nan,nan,nan,nan
04-Aug-25 11:49:00 PM AEST,nan,94.8,nan,nan,nan,nan,128.30,nan,nan,nan,nan,nan
04-Aug-25 11:50:00 PM AEST,nan,94.7,nan,nan,nan,nan,nan,nan,nan,nan,nan,nan
04-Aug-25 11:51:00 PM AEST,nan,94.8,nan,nan,nan,nan,nan,nan,nan,nan,nan,nan
04-Aug-25 11:52:00 PM AEST,nan,94.7,nan,nan,nan,nan,128.20,nan,nan,nan,nan,nan
04-Aug-25 11:53:00 PM AEST,14.4,95.0,nan,nan,nan,nan,128.30,nan,nan,nan,nan,nan
04-Aug-25 11:54:00 PM AEST,nan,94.8,13.6,nan,nan,nan,nan,nan,nan,nan,nan,nan
04-Aug-25 11:54:04 PM AEST,14.3,nan,nan,nan,nan,nan,nan,nan,nan,nan,nan,nan
04-Aug-25 11:55:00 PM AEST,nan,nan,13.5,nan,nan,nan,nan,nan,nan,nan,nan,nan
04-Aug-25 11:56:00 PM AEST,nan,95.0,nan,nan,nan,nan,nan,nan,nan,nan,nan,nan
04-Aug-25 11:57:00 PM AEST,14.4,94.8,nan,nan,nan,nan,128.20,nan,nan,nan,nan,nan
04-Aug-25 11:58:00 PM AEST,nan,95.0,nan,nan,nan,nan,128.30,nan,nan,nan,nan,nan
04-Aug-25 11:59:00 PM AEST,nan,nan,13.6,nan,nan,nan,128.40,nan,nan,nan,nan,6553.30
05-Aug-25 12:01:00 AM AEST,nan,95.2,nan,nan,nan,nan,128.20,nan,nan,nan,nan,0.00
05-Aug-25 12:01:00 AM AEST,nan,95.2,nan,nan,nan,nan,128.30,nan,nan,nan,nan,0.00
05-Aug-25 12:02:00 AM AEST,14.5,nan,nan,nan,nan,nan,nan,0.01,1.20,0.10,127.60,nan
05-Aug-25 12:03:00 AM AEST,nan,nan,13.7,nan,nan,nan,nan,0.00,0.00,0.00,0.00,nan
05-Aug-25 12:03:04 AM AEST,14.4,nan,nan,nan,nan,nan,nan,nan,nan,nan,nan,nan
05-Aug-25 12:04:00 AM AEST,nan,95.3,nan,nan,nan,nan,nan,nan,nan,nan,nan,nan
05-Aug-25 12:05:00 AM AEST,nan,95.2,nan,nan,nan,nan,nan,nan,nan,nan,nan,nan
05-Aug-25 12:06:00 AM AEST,14.5,95.5,nan,nan,nan,nan,nan,nan,nan,nan,nan,nan
05-Aug-25 12:07:00 AM AEST,nan,95.2,13.8,nan,nan,nan,128.20,nan,nan,nan,nan,nan
05-Aug-25 12:08:00 AM AEST,14.4,95.3,13.7,nan,nan,nan,128.30,0.01,1.20,0.10,127.60,nan
05-Aug-25 12:09:00 AM AEST,nan,95.2,nan,nan,nan,nan,nan,0.00,0.00,0.00,0.00,nan
05-Aug-25 12:10:00 AM AEST,nan,95.3,13.6,nan,nan,nan,nan,nan,nan,nan,nan,0.80
05-Aug-25 12:11:00 AM AEST,nan,nan,nan,nan,nan,nan,nan,nan,nan,nan,nan,0.00
05-Aug-25 12:12:00 AM AEST,14.5,nan,13.7,nan,nan,nan,nan,nan,nan,nan,nan,nan
05-Aug-25 12:13:04 AM AEST,14.4,nan,nan,nan,nan,nan,nan,nan,nan,nan,nan,nan
05-Aug-25 12:16:00 AM AEST,14.5,95.5,nan,nan,nan,nan,128.20,nan,nan,nan,nan,nan
05-Aug-25 12:17:00 AM AEST,nan,nan,13.8,nan,nan,nan,128.30,nan,nan,nan,nan,nan
05-Aug-25 12:18:00 AM AEST,nan,95.3,nan,nan,nan,nan,nan,nan,nan,nan,nan,nan
05-Aug-25 12:19:00 AM AEST,nan,95.7,13.7,nan,nan,nan,nan,nan,nan,nan,nan,nan
05-Aug-25 12:20:00 AM AEST,nan,95.5,13.8,nan,nan,nan,nan,nan,nan,nan,nan,nan
05-Aug-25 12:21:00 AM AEST,nan,nan,nan,nan,nan,nan,128.20,nan,nan,nan,nan,nan
05-Aug-25 12:22:00 AM AEST,14.4,nan,nan,nan,nan,nan,128.30,nan,nan,nan,nan,nan
05-Aug-25 12:23:00 AM AEST,nan,nan,13.7,nan,nan,nan,nan,nan,nan,nan,nan,nan
05-Aug-25 12:23:04 AM AEST,14.5,nan,nan,nan,nan,nan,nan,nan,nan,nan,nan,nan
05-Aug-25 12:24:00 AM AEST,nan,95.7,13.8,nan,nan,nan,nan,nan,nan,nan,nan,nan
05-Aug-25 12:24:08 AM AEST,14.4,nan,nan,nan,nan,nan,nan,nan,nan,nan,nan,nan
05-Aug-25 12:25:00 AM AEST,nan,95.5,nan,nan,nan,nan,nan,nan,nan,nan,nan,nan
05-Aug-25 12:25:12 AM AEST,14.5,nan,nan,nan,nan,nan,nan,nan,nan,nan,nan,nan
05-Aug-25 12:25:12 AM AEST,14.6,nan,nan,nan,nan,nan,nan,nan,nan,nan,nan,nan
05-Aug-25 12:26:00 AM AEST,nan,95.8,nan,nan,nan,nan,nan,nan,nan,nan,nan,nan
05-Aug-25 12:27:00 AM AEST,nan,95.7,13.9,nan,nan,nan,nan,nan,nan,nan,nan,nan
05-Aug-25 12:28:00 AM AEST,14.5,nan,nan,nan,nan,nan,nan,nan,nan,nan,nan,nan
05-Aug-25 12:29:00 AM AEST,nan,nan,13.8,nan,nan,nan,128.20,nan,nan,nan,nan,nan
05-Aug-25 12:30:00 AM AEST,14.4,nan,nan,nan,nan,nan,128.30,nan,nan,nan,nan,nan
05-Aug-25 12:31:04 AM AEST,14.5,nan,nan,nan,nan,nan,nan,nan,nan,nan,nan,nan
05-Aug-25 12:31:04 AM AEST,14.4,nan,nan,nan,nan,nan,nan,nan,nan,nan,nan,nan
05-Aug-25 12:32:00 AM AEST,nan,95.5,nan,nan,nan,nan,nan,nan,nan,nan,nan,nan
05-Aug-25 12:33:00 AM AEST,nan,95.7,13.7,nan,nan,nan,nan,nan,nan,nan,nan,nan
05-Aug-25 12:34:00 AM AEST,nan,nan,13.8,nan,nan,nan,nan,nan,nan,nan,nan,nan
05-Aug-25 12:35:00 AM AEST,nan,nan,13.7,nan,nan,nan,nan,nan,nan,nan,nan,nan
05-Aug-25 12:36:00 AM AEST,14.5,nan,nan,nan,nan,nan,nan,nan,nan,nan,nan,nan
05-Aug-25 12:37:00 AM AEST,nan,nan,13.8,nan,nan,nan,nan,nan,nan,nan,nan,nan
05-Aug-25 12:38:00 AM AEST,nan,95.8,nan,nan,nan,nan,nan,nan,nan,nan,nan,nan
05-Aug-25 12:39:00 AM AEST,14.4,95.7,nan,nan,nan,nan,128.20,nan,nan,nan,nan,nan
05-Aug-25 12:40:00 AM AEST,nan,95.8,nan,nan,nan,nan,128.30,nan,nan,nan,nan,nan
05-Aug-25 12:41:00 AM AEST,14.5,nan,nan,nan,nan,nan,nan,nan,nan,nan,nan,nan
05-Aug-25 12:42:00 AM AEST,nan,96.0,13.9,nan,nan,nan,nan,nan,nan,nan,nan,nan
05-Aug-25 12:43:00 AM AEST,nan,95.8,nan,nan,nan,nan,nan,nan,nan,nan,nan,nan
05-Aug-25 12:44:00 AM AEST,nan,nan,13.8,nan,nan,nan,nan,nan,nan,nan,nan,nan
05-Aug-25 12:45:00 AM AEST,14.4,nan,nan,nan,nan,nan,nan,nan,nan,nan,nan,nan
05-Aug-25 12:46:00 AM AEST,nan,95.7,nan,nan,nan,nan,128.20,nan,nan,nan,nan,nan
05-Aug-25 12:47:00 AM AEST,nan,95.8,13.7,nan,nan,nan,128.30,nan,nan,nan,nan,0.80
05-Aug-25 12:48:00 AM AEST,14.5,nan,13.8,nan,nan,nan,nan,nan,nan,nan,nan,0.00
05-Aug-25 12:49:00 AM AEST,nan,nan,nan,nan,nan,nan,128.20,nan,nan,nan,nan,nan
05-Aug-25 12:49:04 AM AEST,14.4,nan,nan,nan,nan,nan,nan,nan,nan,nan,nan,nan
05-Aug-25 12:50:00 AM AEST,nan,nan,13.7,nan,nan,nan,128.30,0.01,1.20,0.10,127.60,nan
05-Aug-25 12:51:00 AM AEST,nan,nan,nan,nan,nan,nan,nan,0.00,0.00,0.00,0.00,nan
05-Aug-25 12:53:00 AM AEST,nan,96.0,nan,nan,nan,nan,nan,nan,nan,nan,nan,nan
05-Aug-25 12:54:00 AM AEST,nan,95.8,13.8,nan,nan,nan,nan,nan,nan,nan,nan,nan
05-Aug-25 12:55:00 AM AEST,nan,96.0,nan,nan,nan,nan,128.20,nan,nan,nan,nan,nan
05-Aug-25 12:56:00 AM AEST,14.5,nan,nan,nan,nan,nan,128.30,nan,nan,nan,nan,nan
05-Aug-25 12:57:04 AM AEST,14.4,nan,nan,nan,nan,nan,nan,nan,nan,nan,nan,nan
05-Aug-25 12:59:00 AM AEST,nan,95.8,nan,nan,nan,nan,nan,nan,nan,nan,nan,nan
05-Aug-25 1:01:00 AM AEST,nan,96.0,13.7,nan,nan,nan,128.20,nan,nan,nan,nan,nan
05-Aug-25 1:01:00 AM AEST,nan,96.0,13.8,nan,nan,nan,128.30,nan,nan,nan,nan,nan
05-Aug-25 1:02:00 AM AEST,14.3,95.8,nan,nan,nan,nan,128.40,nan,nan,nan,nan,nan
05-Aug-25 1:03:00 AM AEST,nan,96.0,13.7,nan,nan,nan,128.20,nan,nan,nan,nan,nan
05-Aug-25 1:03:04 AM AEST,14.4,nan,nan,nan,nan,nan,nan,nan,nan,nan,nan,nan
05-Aug-25 1:04:00 AM AEST,nan,nan,nan,nan,nan,nan,128.30,nan,nan,nan,nan,nan
05-Aug-25 1:04:08 AM AEST,14.3,nan,nan,nan,nan,nan,nan,nan,nan,nan,nan,nan
05-Aug-25 1:04:08 AM AEST,14.4,nan,nan,nan,nan,nan,nan,nan,nan,nan,nan,nan
05-Aug-25 1:05:00 AM AEST,nan,95.8,nan,nan,nan,nan,nan,nan,nan,nan,nan,nan
05-Aug-25 1:06:00 AM AEST,nan,96.0,nan,nan,nan,nan,nan,nan,nan,nan,nan,nan
05-Aug-25 1:07:00 AM AEST,nan,nan,nan,nan,nan,nan,128.20,nan,nan,nan,nan,nan
05-Aug-25 1:08:00 AM AEST,nan,nan,nan,nan,nan,nan,128.30,nan,nan,nan,nan,nan
05-Aug-25 1:09:00 AM AEST,nan,96.2,nan,nan,nan,nan,nan,nan,nan,nan,nan,nan
05-Aug-25 1:10:00 AM AEST,14.3,96.0,13.8,nan,nan,nan,nan,nan,nan,nan,nan,nan
05-Aug-25 1:11:00 AM AEST,nan,nan,13.7,nan,nan,nan,nan,nan,nan,nan,nan,nan
05-Aug-25 1:12:00 AM AEST,14.4,nan,nan,nan,nan,nan,nan,nan,nan,nan,nan,nan
05-Aug-25 1:13:00 AM AEST,nan,96.2,13.8,nan,nan,nan,128.20,nan,nan,nan,nan,nan
05-Aug-25 1:13:04 AM AEST,14.3,nan,nan,nan,nan,nan,nan,nan,nan,nan,nan,nan
05-Aug-25 1:14:00 AM AEST,nan,96.0,nan,nan,nan,nan,128.40,nan,nan,nan,nan,nan
05-Aug-25 1:15:00 AM AEST,nan,nan,13.7,nan,nan,nan,128.20,nan,nan,nan,nan,nan
05-Aug-25 1:16:00 AM AEST,14.2,nan,13.6,nan,nan,nan,128.30,nan,nan,nan,nan,nan
05-Aug-25 1:17:00 AM AEST,nan,96.2,nan,nan,nan,nan,nan,nan,nan,nan,nan,nan
05-Aug-25 1:17:04 AM AEST,14.4,nan,nan,nan,nan,nan,nan,nan,nan,nan,nan,nan
05-Aug-25 1:18:00 AM AEST,nan,nan,13.8,nan,nan,nan,nan,nan,nan,nan,nan,nan
05-Aug-25 1:19:00 AM AEST,14.3,nan,nan,nan,nan,nan,nan,nan,nan,nan,nan,nan
05-Aug-25 1:20:00 AM AEST,nan,96.0,13.7,nan,nan,nan,nan,nan,nan,nan,nan,nan
05-Aug-25 1:21:00 AM AEST,nan,96.2,nan,nan,nan,nan,128.20,nan,nan,nan,nan,nan
05-Aug-25 1:22:00 AM AEST,14.2,nan,nan,nan,nan,nan,128.30,nan,nan,nan,nan,nan
05-Aug-25 1:23:00 AM AEST,nan,96.0,13.6,nan,nan,nan,nan,nan,nan,nan,nan,0.80
05-Aug-25 1:23:04 AM AEST,14.3,nan,nan,nan,nan,nan,nan,nan,nan,nan,nan,nan
05-Aug-25 1:24:00 AM AEST,nan,96.2,13.7,nan,nan,nan,nan,nan,nan,nan,nan,0.00
05-Aug-25 1:26:00 AM AEST,14.2,nan,nan,nan,nan,nan,128.20,nan,nan,nan,nan,nan
05-Aug-25 1:27:00 AM AEST,nan,nan,13.6,nan,nan,nan,128.30,nan,nan,nan,nan,nan
05-Aug-25 1:27:04 AM AEST,14.3,nan,nan,nan,nan,nan,nan,nan,nan,nan,nan,nan
05-Aug-25 1:28:00 AM AEST,nan,96.3,13.7,nan,nan,nan,nan,nan,nan,nan,nan,nan
05-Aug-25 1:28:08 AM AEST,14.4,nan,nan,nan,nan,nan,nan,nan,nan,nan,nan,nan
05-Aug-25 1:29:00 AM AEST,nan,96.2,13.8,nan,nan,nan,nan,nan,nan,nan,nan,nan
05-Aug-25 1:29:12 AM AEST,14.3,nan,nan,nan,nan,nan,nan,nan,nan,nan,nan,nan
05-Aug-25 1:30:00 AM AEST,nan,96.3,nan,nan,nan,nan,nan,nan,nan,nan,nan,nan
05-Aug-25 1:31:00 AM AEST,nan,96.2,13.7,nan,nan,nan,nan,nan,nan,nan,nan,nan
05-Aug-25 1:32:00 AM AEST,nan,96.3,nan,nan,nan,nan,128.20,nan,nan,nan,nan,nan
05-Aug-25 1:33:00 AM AEST,nan,nan,13.8,nan,nan,nan,128.30,nan,nan,nan,nan,nan
05-Aug-25 1:34:00 AM AEST,14.4,nan,nan,nan,nan,nan,nan,nan,nan,nan,nan,nan
05-Aug-25 1:35:04 AM AEST,14.3,nan,nan,nan,nan,nan,nan,nan,nan,nan,nan,nan
05-Aug-25 1:36:08 AM AEST,14.4,nan,nan,nan,nan,nan,nan,nan,nan,nan,nan,nan
05-Aug-25 1:37:00 AM AEST,nan,96.5,nan,nan,nan,nan,nan,nan,nan,nan,nan,nan
05-Aug-25 1:38:00 AM AEST,nan,nan,13.9,nan,nan,nan,128.20,nan,nan,nan,nan,nan
05-Aug-25 1:39:00 AM AEST,14.3,96.3,13.8,nan,nan,nan,128.30,nan,nan,nan,nan,nan
05-Aug-25 1:41:00 AM AEST,nan,96.5,nan,nan,nan,nan,nan,nan,nan,nan,nan,nan
05-Aug-25 1:42:00 AM AEST,nan,96.3,nan,nan,nan,nan,nan,nan,nan,nan,nan,nan
05-Aug-25 1:43:00 AM AEST,nan,96.2,13.7,nan,nan,nan,nan,nan,nan,nan,nan,nan
05-Aug-25 1:44:00 AM AEST,14.2,96.3,nan,nan,nan,nan,128.20,nan,nan,nan,nan,nan
05-Aug-25 1:45:00 AM AEST,nan,nan,nan,nan,nan,nan,128.30,nan,nan,nan,nan,nan
05-Aug-25 1:46:00 AM AEST,nan,96.2,nan,nan,nan,nan,nan,nan,nan,nan,nan,nan
05-Aug-25 1:47:00 AM AEST,nan,96.3,13.6,nan,nan,nan,nan,nan,nan,nan,nan,nan
05-Aug-25 1:48:00 AM AEST,14.1,nan,nan,nan,nan,nan,nan,nan,nan,nan,nan,nan
05-Aug-25 1:49:00 AM AEST,nan,96.2,nan,nan,nan,nan,nan,nan,nan,nan,nan,nan
05-Aug-25 1:50:00 AM AEST,nan,96.3,13.5,nan,nan,nan,nan,nan,nan,nan,nan,nan
05-Aug-25 1:51:00 AM AEST,14.3,96.5,13.6,nan,nan,nan,128.20,nan,nan,nan,nan,nan
05-Aug-25 1:52:00 AM AEST,nan,96.3,13.7,nan,nan,nan,128.30,nan,nan,nan,nan,nan
05-Aug-25 1:53:00 AM AEST,nan,96.5,nan,nan,nan,nan,nan,nan,nan,nan,nan,nan
05-Aug-25 1:54:00 AM AEST,14.2,nan,nan,nan,nan,nan,nan,nan,nan,nan,nan,nan
05-Aug-25 1:55:00 AM AEST,nan,nan,nan,nan,nan,nan,128.20,nan,nan,nan,nan,nan
05-Aug-25 1:56:00 AM AEST,nan,96.3,13.6,nan,nan,nan,128.30,nan,nan,nan,nan,nan
05-Aug-25 1:57:00 AM AEST,nan,96.5,nan,nan,nan,nan,nan,nan,nan,nan,nan,nan
05-Aug-25 1:59:00 AM AEST,nan,nan,13.7,nan,nan,nan,128.20,nan,nan,nan,nan,0.80
05-Aug-25 2:01:00 AM AEST,14.3,96.7,13.6,nan,nan,nan,128.30,nan,nan,nan,nan,0.00
05-Aug-25 2:01:00 AM AEST,14.3,96.7,13.7,nan,nan,nan,128.30,nan,nan,nan,nan,0.00
05-Aug-25 2:02:00 AM AEST,nan,96.5,13.8,nan,nan,nan,nan,nan,nan,nan,nan,nan
05-Aug-25 2:03:00 AM AEST,nan,96.7,nan,nan,nan,nan,nan,nan,nan,nan,nan,nan
05-Aug-25 2:04:00 AM AEST,14.2,96.5,nan,nan,nan,nan,nan,nan,nan,nan,nan,nan
05-Aug-25 2:05:00 AM AEST,nan,96.7,13.7,nan,nan,nan,128.20,nan,nan,nan,nan,nan
05-Aug-25 2:06:00 AM AEST,14.3,96.5,nan,nan,nan,nan,128.30,nan,nan,nan,nan,nan
05-Aug-25 2:07:00 AM AEST,nan,96.7,nan,nan,nan,nan,nan,nan,nan,nan,nan,nan
05-Aug-25 2:08:00 AM AEST,nan,nan,13.8,nan,nan,nan,nan,nan,nan,nan,nan,nan
05-Aug-25 2:09:00 AM AEST,14.2,96.5,13.7,nan,nan,nan,nan,nan,nan,nan,nan,nan
05-Aug-25 2:10:00 AM AEST,nan,96.7,nan,nan,nan,nan,128.20,nan,nan,nan,nan,nan
05-Aug-25 2:11:00 AM AEST,nan,96.5,13.6,nan,nan,nan,128.30,nan,nan,nan,nan,nan
05-Aug-25 2:12:00 AM AEST,14.1,nan,nan,nan,nan,nan,nan,nan,nan,nan,nan,nan
05-Aug-25 2:13:04 AM AEST,14.2,nan,nan,nan,nan,nan,nan,nan,nan,nan,nan,nan
05-Aug-25 2:14:00 AM AEST,nan,96.7,nan,nan,nan,nan,128.20,nan,nan,nan,nan,nan
05-Aug-25 2:15:00 AM AEST,nan,96.5,nan,nan,nan,nan,128.30,nan,nan,nan,nan,nan
05-Aug-25 2:16:00 AM AEST,nan,96.7,nan,nan,nan,nan,nan,nan,nan,nan,nan,nan
05-Aug-25 2:17:00 AM AEST,nan,nan,13.7,nan,nan,nan,nan,nan,nan,nan,nan,nan
05-Aug-25 2:18:00 AM AEST,14.1,nan,nan,nan,nan,nan,128.20,nan,nan,nan,nan,nan
05-Aug-25 2:19:00 AM AEST,nan,96.5,13.6,nan,nan,nan,128.30,nan,nan,nan,nan,nan
05-Aug-25 2:20:00 AM AEST,nan,96.7,nan,nan,nan,nan,nan,nan,nan,nan,nan,nan
05-Aug-25 2:21:00 AM AEST,nan,96.5,nan,nan,nan,nan,nan,nan,nan,nan,nan,nan
05-Aug-25 2:22:00 AM AEST,nan,96.7,nan,nan,nan,nan,nan,nan,nan,nan,nan,nan
05-Aug-25 2:23:00 AM AEST,nan,96.5,nan,nan,nan,nan,128.20,nan,nan,nan,nan,nan
05-Aug-25 2:24:00 AM AEST,nan,96.7,13.5,nan,nan,nan,128.30,nan,nan,nan,nan,nan
05-Aug-25 2:25:00 AM AEST,14.0,96.5,nan,nan,nan,nan,nan,nan,nan,nan,nan,nan
05-Aug-25 2:26:00 AM AEST,nan,96.7,nan,nan,nan,nan,128.20,nan,nan,nan,nan,nan
05-Aug-25 2:26:04 AM AEST,14.1,nan,nan,nan,nan,nan,nan,nan,nan,nan,nan,nan
05-Aug-25 2:27:00 AM AEST,nan,nan,nan,nan,nan,nan,128.30,nan,nan,nan,nan,nan
05-Aug-25 2:27:08 AM AEST,14.2,nan,nan,nan,nan,nan,nan,nan,nan,nan,nan,nan
05-Aug-25 2:28:12 AM AEST,14.1,nan,nan,nan,nan,nan,nan,nan,nan,nan,nan,nan
05-Aug-25 2:29:00 AM AEST,nan,96.8,13.6,nan,nan,nan,nan,nan,nan,nan,nan,nan
05-Aug-25 2:30:00 AM AEST,nan,96.7,nan,nan,nan,nan,nan,nan,nan,nan,nan,nan
05-Aug-25 2:31:00 AM AEST,14.0,nan,13.5,nan,nan,nan,nan,nan,nan,nan,nan,nan
05-Aug-25 2:34:00 AM AEST,14.1,96.8,nan,nan,nan,nan,128.20,nan,nan,nan,nan,nan
05-Aug-25 2:35:00 AM AEST,nan,96.7,13.6,nan,nan,nan,128.30,nan,nan,nan,nan,nan
05-Aug-25 2:35:04 AM AEST,14.0,nan,nan,nan,nan,nan,nan,nan,nan,nan,nan,nan
05-Aug-25 2:36:00 AM AEST,nan,nan,13.5,nan,nan,nan,nan,nan,nan,nan,nan,0.80
05-Aug-25 2:37:00 AM AEST,nan,96.8,nan,nan,nan,nan,nan,0.01,1.20,0.10,127.60,0.00
05-Aug-25 2:38:00 AM AEST,nan,96.7,nan,nan,nan,nan,nan,0.00,0.00,0.00,0.00,nan
05-Aug-25 2:40:00 AM AEST,nan,96.8,nan,nan,nan,nan,128.20,nan,nan,nan,nan,nan
05-Aug-25 2:41:00 AM AEST,13.9,96.7,nan,nan,nan,nan,128.30,nan,nan,nan,nan,nan
05-Aug-25 2:42:00 AM AEST,nan,nan,13.4,nan,nan,nan,nan,nan,nan,nan,nan,nan
05-Aug-25 2:42:04 AM AEST,14.0,nan,nan,nan,nan,nan,nan,nan,nan,nan,nan,nan
05-Aug-25 2:44:00 AM AEST,nan,96.8,nan,nan,nan,nan,nan,nan,nan,nan,nan,nan
05-Aug-25 2:45:00 AM AEST,nan,96.7,13.5,nan,nan,nan,nan,nan,nan,nan,nan,nan
05-Aug-25 2:46:00 AM AEST,13.9,nan,13.4,nan,nan,nan,128.20,nan,nan,nan,nan,nan
05-Aug-25 2:47:00 AM AEST,nan,96.8,nan,nan,nan,nan,128.30,nan,nan,nan,nan,nan
05-Aug-25 2:48:00 AM AEST,nan,96.7,nan,nan,nan,nan,nan,nan,nan,nan,nan,nan
05-Aug-25 2:50:00 AM AEST,nan,96.8,nan,nan,nan,nan,nan,nan,nan,nan,nan,nan
05-Aug-25 2:51:00 AM AEST,nan,96.7,nan,nan,nan,nan,nan,nan,nan,nan,nan,nan
05-Aug-25 2:52:00 AM AEST,nan,96.8,nan,nan,nan,nan,nan,nan,nan,nan,nan,nan
05-Aug-25 2:53:00 AM AEST,nan,96.7,nan,nan,nan,nan,nan,nan,nan,nan,nan,nan
05-Aug-25 2:54:00 AM AEST,nan,96.8,nan,nan,nan,nan,nan,0.01,1.20,0.10,127.60,nan
05-Aug-25 2:55:00 AM AEST,nan,96.7,nan,nan,nan,nan,nan,0.00,0.00,0.00,0.00,nan
05-Aug-25 2:56:00 AM AEST,nan,96.8,nan,nan,nan,nan,nan,nan,nan,nan,nan,nan
05-Aug-25 2:58:00 AM AEST,nan,nan,nan,nan,nan,nan,128.20,nan,nan,nan,nan,nan
05-Aug-25 2:59:00 AM AEST,nan,nan,nan,nan,nan,nan,128.30,nan,nan,nan,nan,nan
05-Aug-25 3:00:00 AM AEST,nan,nan,nan,nan,nan,nan,128.40,nan,nan,nan,nan,nan
05-Aug-25 3:01:00 AM AEST,nan,nan,nan,nan,nan,nan,128.30,nan,nan,nan,nan,nan
05-Aug-25 3:02:00 AM AEST,13.8,nan,nan,nan,nan,nan,nan,nan,nan,nan,nan,nan
05-Aug-25 3:03:00 AM AEST,nan,nan,13.3,nan,nan,nan,nan,nan,nan,nan,nan,nan
05-Aug-25 3:03:04 AM AEST,13.9,nan,nan,nan,nan,nan,nan,nan,nan,nan,nan,nan
05-Aug-25 3:04:00 AM AEST,nan,97.0,13.4,nan,nan,nan,nan,nan,nan,nan,nan,nan
05-Aug-25 3:05:00 AM AEST,nan,96.8,nan,nan,nan,nan,nan,nan,nan,nan,nan,nan
05-Aug-25 3:06:00 AM AEST,nan,97.0,nan,nan,nan,nan,nan,nan,nan,nan,nan,nan
05-Aug-25 3:07:00 AM AEST,nan,96.8,nan,nan,nan,nan,nan,nan,nan,nan,nan,nan
05-Aug-25 3:08:00 AM AEST,nan,97.0,nan,nan,nan,nan,nan,nan,nan,nan,nan,nan
05-Aug-25 3:10:00 AM AEST,nan,nan,nan,nan,nan,nan,128.40,nan,nan,nan,nan,nan
05-Aug-25 3:11:00 AM AEST,13.8,nan,nan,nan,nan,nan,128.30,nan,nan,nan,nan,nan
05-Aug-25 3:12:00 AM AEST,nan,96.8,nan,nan,nan,nan,nan,nan,nan,nan,nan,nan
05-Aug-25 3:13:00 AM AEST,13.9,97.0,13.3,nan,nan,nan,nan,nan,nan,nan,nan,0.80
05-Aug-25 3:14:00 AM AEST,nan,96.8,13.4,nan,nan,nan,nan,nan,nan,nan,nan,0.00
05-Aug-25 3:14:04 AM AEST,13.8,nan,nan,nan,nan,nan,nan,nan,nan,nan,nan,nan
05-Aug-25 3:15:00 AM AEST,nan,97.0,13.3,nan,nan,nan,nan,0.01,1.20,0.10,127.60,nan
05-Aug-25 3:16:00 AM AEST,nan,nan,13.4,nan,nan,nan,128.40,0.00,0.00,0.00,0.00,nan
05-Aug-25 3:17:00 AM AEST,nan,96.8,nan,nan,nan,nan,128.30,nan,nan,nan,nan,nan
05-Aug-25 3:18:00 AM AEST,nan,97.0,13.3,nan,nan,nan,128.40,nan,nan,nan,nan,nan
05-Aug-25 3:19:00 AM AEST,nan,nan,nan,nan,nan,nan,128.30,nan,nan,nan,nan,nan
05-Aug-25 3:25:00 AM AEST,nan,nan,nan,nan,nan,nan,128.40,nan,nan,nan,nan,nan
05-Aug-25 3:26:00 AM AEST,nan,97.2,nan,nan,nan,nan,nan,nan,nan,nan,nan,nan
05-Aug-25 3:27:00 AM AEST,nan,97.0,13.4,nan,nan,nan,128.30,nan,nan,nan,nan,nan
05-Aug-25 3:28:00 AM AEST,nan,nan,13.3,nan,nan,nan,nan,nan,nan,nan,nan,nan
05-Aug-25 3:29:00 AM AEST,13.7,96.8,nan,nan,nan,nan,nan,nan,nan,nan,nan,nan
05-Aug-25 3:30:00 AM AEST,nan,97.0,13.2,nan,nan,nan,nan,nan,nan,nan,nan,nan
05-Aug-25 3:31:00 AM AEST,nan,96.8,nan,nan,nan,nan,nan,nan,nan,nan,nan,nan
05-Aug-25 3:32:00 AM AEST,nan,97.0,nan,nan,nan,nan,nan,nan,nan,nan,nan,nan
05-Aug-25 3:34:00 AM AEST,nan,nan,13.3,nan,nan,nan,nan,nan,nan,nan,nan,nan
05-Aug-25 3:35:00 AM AEST,13.6,96.8,13.2,nan,nan,nan,128.40,nan,nan,nan,nan,nan
05-Aug-25 3:36:00 AM AEST,nan,97.0,13.1,nan,nan,nan,128.30,nan,nan,nan,nan,nan
05-Aug-25 3:37:00 AM AEST,nan,96.8,nan,nan,nan,nan,nan,nan,nan,nan,nan,nan
05-Aug-25 3:38:00 AM AEST,nan,97.0,nan,nan,nan,nan,nan,nan,nan,nan,nan,nan
05-Aug-25 3:39:00 AM AEST,nan,96.8,nan,nan,nan,nan,nan,nan,nan,nan,nan,nan
05-Aug-25 3:40:00 AM AEST,13.7,97.0,nan,nan,nan,nan,nan,nan,nan,nan,nan,nan
05-Aug-25 3:41:00 AM AEST,nan,97.2,13.2,nan,nan,nan,nan,nan,nan,nan,nan,nan
05-Aug-25 3:41:04 AM AEST,13.6,nan,nan,nan,nan,nan,nan,nan,nan,nan,nan,nan
05-Aug-25 3:42:00 AM AEST,nan,97.0,nan,nan,nan,nan,nan,nan,nan,nan,nan,nan
05-Aug-25 3:44:00 AM AEST,nan,96.8,nan,nan,nan,nan,128.40,nan,nan,nan,nan,nan
05-Aug-25 3:45:00 AM AEST,nan,97.0,13.1,nan,nan,nan,128.20,nan,nan,nan,nan,nan
05-Aug-25 3:46:00 AM AEST,nan,nan,nan,nan,nan,nan,128.30,nan,nan,nan,nan,nan
05-Aug-25 3:47:00 AM AEST,13.5,nan,nan,nan,nan,nan,nan,nan,nan,nan,nan,nan
05-Aug-25 3:48:00 AM AEST,nan,nan,nan,nan,nan,nan,128.40,nan,nan,nan,nan,nan
05-Aug-25 3:49:00 AM AEST,nan,nan,nan,nan,nan,nan,128.30,nan,nan,nan,nan,0.80
05-Aug-25 3:50:00 AM AEST,13.6,nan,nan,nan,nan,nan,nan,nan,nan,nan,nan,0.00
05-Aug-25 3:51:04 AM AEST,13.5,nan,nan,nan,nan,nan,nan,nan,nan,nan,nan,nan
05-Aug-25 3:54:00 AM AEST,13.6,nan,nan,nan,nan,nan,nan,nan,nan,nan,nan,nan
05-Aug-25 3:55:00 AM AEST,nan,97.2,nan,nan,nan,nan,nan,nan,nan,nan,nan,nan
05-Aug-25 3:57:00 AM AEST,13.5,nan,13.2,nan,nan,nan,128.20,nan,nan,nan,nan,nan
05-Aug-25 3:58:00 AM AEST,nan,97.0,13.1,nan,nan,nan,128.30,nan,nan,nan,nan,nan
05-Aug-25 3:59:00 AM AEST,nan,97.2,nan,nan,nan,nan,nan,nan,nan,nan,nan,nan
05-Aug-25 4:00:00 AM AEST,nan,97.0,nan,nan,nan,nan,nan,nan,nan,nan,nan,nan
05-Aug-25 4:01:00 AM AEST,nan,97.2,nan,nan,nan,nan,nan,nan,nan,nan,nan,nan
05-Aug-25 4:02:00 AM AEST,13.6,nan,nan,nan,nan,nan,nan,nan,nan,nan,nan,nan
05-Aug-25 4:03:04 AM AEST,13.5,nan,nan,nan,nan,nan,nan,nan,nan,nan,nan,nan
05-Aug-25 4:06:00 AM AEST,nan,97.3,nan,nan,nan,nan,nan,nan,nan,nan,nan,nan
05-Aug-25 4:07:00 AM AEST,nan,97.2,nan,nan,nan,nan,nan,nan,nan,nan,nan,nan
05-Aug-25 4:10:00 AM AEST,nan,97.0,nan,nan,nan,nan,nan,nan,nan,nan,nan,nan
05-Aug-25 4:11:00 AM AEST,nan,97.3,13.0,nan,nan,nan,nan,nan,nan,nan,nan,nan
05-Aug-25 4:12:00 AM AEST,13.4,97.0,nan,nan,nan,nan,128.20,nan,nan,nan,nan,nan
05-Aug-25 4:13:00 AM AEST,nan,97.2,nan,nan,nan,nan,128.30,nan,nan,nan,nan,nan
05-Aug-25 4:15:00 AM AEST,nan,97.0,12.9,nan,nan,nan,nan,nan,nan,nan,nan,nan
05-Aug-25 4:16:00 AM AEST,nan,97.2,nan,nan,nan,nan,nan,nan,nan,nan,nan,nan
05-Aug-25 4:17:00 AM AEST,nan,nan,13.0,nan,nan,nan,nan,nan,nan,nan,nan,nan
05-Aug-25 4:20:00 AM AEST,nan,nan,nan,nan,nan,nan,128.20,nan,nan,nan,nan,nan
05-Aug-25 4:21:00 AM AEST,nan,nan,12.9,nan,nan,nan,128.30,nan,nan,nan,nan,nan
05-Aug-25 4:22:00 AM AEST,13.3,nan,nan,nan,nan,nan,nan,nan,nan,nan,nan,nan
05-Aug-25 4:26:00 AM AEST,nan,nan,nan,nan,nan,nan,nan,nan,nan,nan,nan,0.80
05-Aug-25 4:27:00 AM AEST,nan,nan,nan,nan,nan,nan,128.20,nan,nan,nan,nan,0.00
05-Aug-25 4:28:00 AM AEST,nan,97.3,nan,nan,nan,nan,128.40,nan,nan,nan,nan,nan
05-Aug-25 4:29:00 AM AEST,nan,97.2,nan,nan,nan,nan,128.20,nan,nan,nan,nan,nan
05-Aug-25 4:30:00 AM AEST,13.4,nan,nan,nan,nan,nan,128.30,nan,nan,nan,nan,nan
05-Aug-25 4:31:00 AM AEST,nan,97.3,nan,nan,nan,nan,nan,0.01,1.20,0.10,127.60,nan
05-Aug-25 4:32:00 AM AEST,nan,97.5,13.0,nan,nan,nan,nan,nan,nan,nan,nan,nan
05-Aug-25 4:33:00 AM AEST,13.3,97.2,nan,nan,nan,nan,nan,0.00,0.00,0.00,0.00,nan
05-Aug-25 4:34:00 AM AEST,nan,97.3,12.9,nan,nan,nan,128.20,nan,nan,nan,nan,nan
05-Aug-25 4:35:00 AM AEST,nan,nan,nan,nan,nan,nan,128.30,nan,nan,nan,nan,nan
05-Aug-25 4:36:00 AM AEST,nan,97.2,nan,nan,nan,nan,nan,nan,nan,nan,nan,nan
05-Aug-25 4:37:00 AM AEST,nan,97.3,nan,nan,nan,nan,nan,nan,nan,nan,nan,nan
05-Aug-25 4:38:00 AM AEST,13.2,97.2,nan,nan,nan,nan,nan,nan,nan,nan,nan,nan
05-Aug-25 4:39:00 AM AEST,nan,nan,12.8,nan,nan,nan,nan,nan,nan,nan,nan,nan
05-Aug-25 4:40:00 AM AEST,nan,97.3,12.7,nan,nan,nan,128.20,nan,nan,nan,nan,nan
05-Aug-25 4:41:00 AM AEST,nan,97.2,12.8,nan,nan,nan,128.30,nan,nan,nan,nan,nan
05-Aug-25 4:42:00 AM AEST,13.1,nan,nan,nan,nan,nan,nan,nan,nan,nan,nan,nan
05-Aug-25 4:43:00 AM AEST,nan,97.3,12.7,nan,nan,nan,nan,nan,nan,nan,nan,nan
05-Aug-25 4:43:04 AM AEST,13.2,nan,nan,nan,nan,nan,nan,nan,nan,nan,nan,nan
05-Aug-25 4:44:00 AM AEST,nan,nan,12.8,nan,nan,nan,nan,0.01,1.20,0.10,127.60,nan
05-Aug-25 4:45:00 AM AEST,nan,97.2,nan,nan,nan,nan,128.20,0.00,0.00,0.00,0.00,nan
05-Aug-25 4:46:00 AM AEST,nan,97.3,nan,nan,nan,nan,128.40,nan,nan,nan,nan,nan
05-Aug-25 4:47:00 AM AEST,nan,nan,nan,nan,nan,nan,128.20,nan,nan,nan,nan,nan
05-Aug-25 4:48:00 AM AEST,nan,nan,12.7,nan,nan,nan,128.30,nan,nan,nan,nan,nan
05-Aug-25 4:49:00 AM AEST,nan,nan,12.8,nan,nan,nan,nan,nan,nan,nan,nan,nan
05-Aug-25 4:50:00 AM AEST,nan,nan,12.7,nan,nan,nan,128.40,nan,nan,nan,nan,nan
05-Aug-25 4:51:00 AM AEST,nan,nan,12.8,nan,nan,nan,128.30,nan,nan,nan,nan,nan
05-Aug-25 4:54:00 AM AEST,nan,nan,12.7,nan,nan,nan,nan,nan,nan,nan,nan,nan
05-Aug-25 4:55:00 AM AEST,nan,97.5,12.8,nan,nan,nan,nan,nan,nan,nan,nan,nan
05-Aug-25 4:56:00 AM AEST,nan,97.3,nan,nan,nan,nan,nan,nan,nan,nan,nan,nan
05-Aug-25 4:58:00 AM AEST,nan,nan,12.7,nan,nan,nan,nan,nan,nan,nan,nan,nan
05-Aug-25 4:59:00 AM AEST,13.1,97.5,12.8,nan,nan,nan,nan,nan,nan,nan,nan,nan
05-Aug-25 5:01:00 AM AEST,13.2,97.3,12.7,nan,nan,nan,nan,nan,nan,nan,nan,nan
05-Aug-25 5:01:00 AM AEST,13.1,97.3,12.8,nan,nan,nan,nan,nan,nan,nan,nan,nan
05-Aug-25 5:02:00 AM AEST,nan,97.5,12.7,nan,nan,nan,nan,nan,nan,nan,nan,0.80
05-Aug-25 5:02:04 AM AEST,13.2,nan,nan,nan,nan,nan,nan,nan,nan,nan,nan,nan
05-Aug-25 5:03:00 AM AEST,nan,97.3,12.8,nan,nan,nan,nan,nan,nan,nan,nan,0.00
05-Aug-25 5:03:08 AM AEST,13.1,nan,nan,nan,nan,nan,nan,nan,nan,nan,nan,nan
05-Aug-25 5:04:00 AM AEST,nan,97.5,12.7,nan,nan,nan,nan,nan,nan,nan,nan,nan
05-Aug-25 5:05:00 AM AEST,nan,97.3,nan,nan,nan,nan,128.20,nan,nan,nan,nan,nan
05-Aug-25 5:06:00 AM AEST,nan,97.5,nan,nan,nan,nan,128.30,nan,nan,nan,nan,nan
05-Aug-25 5:07:00 AM AEST,13.2,nan,nan,nan,nan,nan,nan,nan,nan,nan,nan,nan
05-Aug-25 5:08:00 AM AEST,nan,nan,12.8,nan,nan,nan,nan,nan,nan,nan,nan,nan
05-Aug-25 5:08:04 AM AEST,13.1,nan,nan,nan,nan,nan,nan,nan,nan,nan,nan,nan
05-Aug-25 5:09:00 AM AEST,nan,nan,12.7,nan,nan,nan,nan,nan,nan,nan,nan,nan
05-Aug-25 5:09:08 AM AEST,13.2,nan,nan,nan,nan,nan,nan,nan,nan,nan,nan,nan
05-Aug-25 5:09:08 AM AEST,13.1,nan,nan,nan,nan,nan,nan,nan,nan,nan,nan,nan
05-Aug-25 5:10:00 AM AEST,nan,97.3,12.8,nan,nan,nan,nan,nan,nan,nan,nan,nan
05-Aug-25 5:10:12 AM AEST,13.2,nan,nan,nan,nan,nan,nan,nan,nan,nan,nan,nan
05-Aug-25 5:11:00 AM AEST,nan,97.5,12.7,nan,nan,nan,nan,nan,nan,nan,nan,nan
05-Aug-25 5:12:00 AM AEST,nan,97.7,12.8,nan,nan,nan,nan,nan,nan,nan,nan,nan
05-Aug-25 5:13:00 AM AEST,nan,97.5,nan,nan,nan,nan,nan,nan,nan,nan,nan,nan
05-Aug-25 5:14:00 AM AEST,13.1,nan,nan,nan,nan,nan,nan,nan,nan,nan,nan,nan
05-Aug-25 5:15:00 AM AEST,nan,nan,12.7,nan,nan,nan,nan,nan,nan,nan,nan,nan
05-Aug-25 5:20:00 AM AEST,13.0,nan,nan,nan,nan,nan,nan,nan,nan,nan,nan,nan
05-Aug-25 5:21:00 AM AEST,nan,97.3,12.6,nan,nan,nan,nan,nan,nan,nan,nan,nan
05-Aug-25 5:22:00 AM AEST,nan,97.5,nan,nan,nan,nan,nan,nan,nan,nan,nan,nan
05-Aug-25 5:23:00 AM AEST,13.1,nan,nan,nan,nan,nan,nan,nan,nan,nan,nan,nan
05-Aug-25 5:24:00 AM AEST,nan,nan,12.7,nan,nan,nan,nan,nan,nan,nan,nan,nan
05-Aug-25 5:24:04 AM AEST,13.0,nan,nan,nan,nan,nan,nan,nan,nan,nan,nan,nan
05-Aug-25 5:25:00 AM AEST,nan,nan,12.6,nan,nan,nan,nan,nan,nan,nan,nan,nan
05-Aug-25 5:25:08 AM AEST,13.1,nan,nan,nan,nan,nan,nan,nan,nan,nan,nan,nan
05-Aug-25 5:26:00 AM AEST,nan,97.7,12.7,nan,nan,nan,nan,nan,nan,nan,nan,nan
05-Aug-25 5:27:00 AM AEST,nan,97.5,nan,nan,nan,nan,nan,nan,nan,nan,nan,nan
05-Aug-25 5:28:00 AM AEST,13.0,nan,nan,nan,nan,nan,128.40,nan,nan,nan,nan,nan
05-Aug-25 5:29:00 AM AEST,nan,97.7,12.6,nan,nan,nan,128.20,nan,nan,nan,nan,nan
05-Aug-25 5:30:00 AM AEST,nan,97.5,12.7,nan,nan,nan,128.30,nan,nan,nan,nan,nan
05-Aug-25 5:31:00 AM AEST,nan,nan,12.6,nan,nan,nan,nan,nan,nan,nan,nan,nan
05-Aug-25 5:32:00 AM AEST,13.1,97.7,nan,nan,nan,nan,128.40,nan,nan,nan,nan,nan
05-Aug-25 5:33:00 AM AEST,nan,nan,12.7,nan,nan,nan,128.30,nan,nan,nan,nan,nan
05-Aug-25 5:33:04 AM AEST,13.0,nan,nan,nan,nan,nan,nan,nan,nan,nan,nan,nan
05-Aug-25 5:34:00 AM AEST,nan,97.5,nan,nan,nan,nan,nan,nan,nan,nan,nan,nan
05-Aug-25 5:34:08 AM AEST,13.1,nan,nan,nan,nan,nan,nan,nan,nan,nan,nan,nan
05-Aug-25 5:35:00 AM AEST,nan,97.7,12.6,nan,nan,nan,nan,0.01,1.20,0.10,129.80,nan
05-Aug-25 5:36:00 AM AEST,nan,nan,12.7,nan,nan,nan,nan,0.00,0.00,0.00,0.00,nan
05-Aug-25 5:38:00 AM AEST,nan,nan,nan,nan,nan,nan,nan,0.01,1.20,0.10,127.60,nan
05-Aug-25 5:39:00 AM AEST,nan,nan,nan,nan,nan,nan,nan,0.00,0.00,0.00,0.00,0.80
05-Aug-25 5:40:00 AM AEST,nan,nan,nan,nan,nan,nan,nan,nan,nan,nan,nan,0.00
05-Aug-25 5:42:00 AM AEST,13.0,nan,nan,nan,nan,nan,nan,nan,nan,nan,nan,nan
05-Aug-25 5:44:00 AM AEST,13.1,97.8,nan,nan,nan,nan,nan,nan,nan,nan,nan,nan
05-Aug-25 5:45:00 AM AEST,nan,97.7,nan,nan,nan,nan,128.40,nan,nan,nan,nan,nan
05-Aug-25 5:45:04 AM AEST,13.0,nan,nan,nan,nan,nan,nan,nan,nan,nan,nan,nan
05-Aug-25 5:46:00 AM AEST,nan,nan,12.6,nan,nan,nan,128.30,nan,nan,nan,nan,nan
05-Aug-25 5:48:00 AM AEST,nan,nan,12.7,nan,nan,nan,128.20,nan,nan,nan,nan,nan
05-Aug-25 5:49:00 AM AEST,nan,97.8,nan,nan,nan,nan,128.30,0.01,1.20,0.10,129.80,nan
05-Aug-25 5:50:00 AM AEST,nan,97.7,nan,nan,nan,nan,128.40,0.00,0.00,0.00,0.00,nan
05-Aug-25 5:51:00 AM AEST,12.9,nan,12.6,nan,nan,nan,128.30,nan,nan,nan,nan,nan
05-Aug-25 5:52:00 AM AEST,nan,nan,12.5,nan,nan,nan,128.20,nan,nan,nan,nan,nan
05-Aug-25 5:53:00 AM AEST,nan,nan,12.6,nan,nan,nan,128.30,nan,nan,nan,nan,nan
05-Aug-25 5:54:00 AM AEST,nan,97.5,nan,nan,nan,nan,nan,nan,nan,nan,nan,nan
05-Aug-25 5:55:00 AM AEST,13.0,97.7,12.5,nan,nan,nan,nan,nan,nan,nan,nan,nan
05-Aug-25 5:56:00 AM AEST,nan,97.8,12.6,nan,nan,nan,nan,nan,nan,nan,nan,nan
05-Aug-25 5:57:00 AM AEST,nan,97.7,12.7,nan,nan,nan,nan,nan,nan,nan,nan,nan
05-Aug-25 5:58:00 AM AEST,12.9,nan,12.6,nan,nan,nan,128.40,nan,nan,nan,nan,nan
05-Aug-25 5:59:00 AM AEST,nan,97.8,nan,nan,nan,nan,128.30,nan,nan,nan,nan,nan
05-Aug-25 5:59:04 AM AEST,13.0,nan,nan,nan,nan,nan,nan,nan,nan,nan,nan,nan
05-Aug-25 6:00:00 AM AEST,nan,97.7,12.7,nan,nan,0.02,nan,nan,nan,nan,nan,nan
05-Aug-25 6:01:00 AM AEST,nan,97.8,12.6,nan,nan,nan,nan,nan,nan,nan,nan,nan
05-Aug-25 6:02:00 AM AEST,12.9,97.7,nan,nan,nan,nan,nan,0.01,1.20,0.10,127.60,nan
05-Aug-25 6:03:00 AM AEST,nan,nan,12.5,nan,nan,nan,nan,0.00,nan,0.00,0.00,nan
05-Aug-25 6:04:00 AM AEST,nan,97.8,12.6,nan,nan,nan,nan,nan,0.00,nan,nan,nan
05-Aug-25 6:05:00 AM AEST,13.0,97.7,nan,nan,nan,nan,128.20,nan,nan,nan,nan,nan
05-Aug-25 6:06:00 AM AEST,nan,97.8,nan,nan,nan,nan,128.30,nan,nan,nan,nan,nan
05-Aug-25 6:06:04 AM AEST,12.9,nan,nan,nan,nan,nan,nan,nan,nan,nan,nan,nan
05-Aug-25 6:07:08 AM AEST,13.0,nan,nan,nan,nan,nan,nan,nan,nan,nan,nan,nan
05-Aug-25 6:08:00 AM AEST,nan,nan,12.7,nan,nan,nan,nan,nan,nan,nan,nan,nan
05-Aug-25 6:12:00 AM AEST,nan,98.0,nan,nan,nan,nan,nan,nan,nan,nan,nan,nan
05-Aug-25 6:13:00 AM AEST,nan,97.8,nan,nan,nan,nan,nan,nan,nan,nan,nan,nan
05-Aug-25 6:15:00 AM AEST,nan,98.0,nan,nan,nan,nan,nan,nan,nan,nan,nan,nan
05-Aug-25 6:16:00 AM AEST,nan,97.8,nan,nan,nan,nan,nan,nan,nan,nan,nan,0.80
05-Aug-25 6:17:00 AM AEST,12.9,nan,nan,nan,nan,nan,nan,nan,nan,nan,nan,0.00
05-Aug-25 6:18:00 AM AEST,nan,98.0,12.6,nan,nan,nan,nan,nan,nan,nan,nan,nan
05-Aug-25 6:18:04 AM AEST,13.0,nan,nan,nan,nan,nan,nan,nan,nan,nan,nan,nan
05-Aug-25 6:19:00 AM AEST,nan,97.8,12.7,nan,nan,nan,nan,nan,nan,nan,nan,nan
05-Aug-25 6:19:08 AM AEST,12.9,nan,nan,nan,nan,nan,nan,nan,nan,nan,nan,nan
05-Aug-25 6:20:00 AM AEST,nan,nan,12.6,nan,nan,nan,nan,nan,nan,nan,nan,nan
05-Aug-25 6:22:00 AM AEST,nan,98.0,nan,nan,nan,nan,nan,0.01,1.20,0.10,127.60,nan
05-Aug-25 6:23:00 AM AEST,12.8,97.8,nan,nan,nan,nan,nan,0.00,0.00,0.00,0.00,nan
05-Aug-25 6:24:00 AM AEST,nan,nan,12.5,nan,nan,nan,nan,nan,nan,nan,nan,nan
05-Aug-25 6:24:04 AM AEST,12.9,nan,nan,nan,nan,nan,nan,nan,nan,nan,nan,nan
05-Aug-25 6:25:00 AM AEST,nan,nan,12.6,nan,nan,nan,nan,nan,nan,nan,nan,nan
05-Aug-25 6:25:08 AM AEST,13.0,nan,nan,nan,nan,nan,nan,nan,nan,nan,nan,nan
05-Aug-25 6:26:00 AM AEST,nan,98.0,nan,nan,nan,nan,nan,nan,nan,nan,nan,nan
05-Aug-25 6:26:12 AM AEST,12.9,nan,nan,nan,nan,nan,nan,nan,nan,nan,nan,nan
05-Aug-25 6:27:00 AM AEST,nan,97.8,12.7,nan,nan,nan,nan,nan,nan,nan,nan,nan
05-Aug-25 6:28:00 AM AEST,nan,98.0,12.6,nan,nan,nan,nan,nan,nan,nan,nan,nan
05-Aug-25 6:30:00 AM AEST,13.0,97.8,nan,nan,nan,nan,nan,nan,nan,nan,nan,nan
05-Aug-25 6:31:00 AM AEST,nan,98.0,nan,nan,nan,nan,nan,nan,nan,nan,nan,nan
05-Aug-25 6:31:04 AM AEST,12.9,nan,nan,nan,nan,nan,nan,nan,nan,nan,nan,nan
05-Aug-25 6:32:00 AM AEST,nan,nan,12.7,nan,nan,nan,128.20,nan,nan,nan,nan,nan
05-Aug-25 6:33:00 AM AEST,nan,nan,12.6,nan,nan,nan,128.30,nan,nan,nan,nan,nan
05-Aug-25 6:34:00 AM AEST,nan,97.8,nan,nan,nan,nan,nan,nan,nan,nan,nan,nan
05-Aug-25 6:35:00 AM AEST,nan,98.0,nan,nan,nan,nan,nan,nan,nan,nan,nan,nan
05-Aug-25 6:36:00 AM AEST,nan,97.8,nan,nan,nan,nan,nan,nan,nan,nan,nan,nan
05-Aug-25 6:37:00 AM AEST,nan,98.0,nan,nan,nan,nan,nan,nan,nan,nan,nan,0.80
05-Aug-25 6:38:00 AM AEST,nan,97.8,nan,nan,nan,nan,nan,nan,nan,nan,nan,0.00
05-Aug-25 6:39:00 AM AEST,nan,98.0,nan,nan,nan,nan,nan,nan,nan,nan,nan,1.60
05-Aug-25 6:40:00 AM AEST,nan,97.8,nan,nan,nan,nan,nan,nan,nan,nan,nan,0.80
05-Aug-25 6:41:00 AM AEST,13.0,98.0,nan,nan,nan,nan,nan,nan,nan,nan,nan,1.60
05-Aug-25 6:42:00 AM AEST,nan,nan,12.7,nan,nan,nan,nan,nan,nan,nan,nan,1.70
05-Aug-25 6:43:00 AM AEST,nan,98.2,nan,nan,nan,nan,nan,nan,nan,nan,nan,1.60
05-Aug-25 6:44:00 AM AEST,nan,98.0,nan,nan,nan,nan,nan,nan,nan,nan,nan,1.70
05-Aug-25 6:45:00 AM AEST,12.9,nan,nan,nan,nan,nan,nan,nan,nan,nan,nan,2.50
05-Aug-25 6:46:00 AM AEST,nan,nan,12.6,nan,nan,nan,nan,nan,nan,nan,nan,nan
05-Aug-25 6:47:00 AM AEST,nan,nan,nan,nan,nan,nan,128.40,nan,nan,nan,nan,4.10
05-Aug-25 6:48:00 AM AEST,nan,nan,nan,nan,nan,nan,128.30,nan,nan,nan,nan,3.30
05-Aug-25 6:49:00 AM AEST,nan,nan,nan,nan,nan,nan,128.20,nan,nan,nan,nan,4.10
05-Aug-25 6:50:00 AM AEST,nan,97.8,nan,nan,nan,nan,128.30,nan,nan,nan,nan,5.00
05-Aug-25 6:51:00 AM AEST,nan,98.0,12.5,nan,nan,nan,nan,nan,nan,nan,nan,nan
05-Aug-25 6:52:00 AM AEST,13.0,98.2,12.6,nan,nan,nan,nan,nan,nan,nan,nan,nan
05-Aug-25 6:53:00 AM AEST,nan,98.0,12.7,nan,nan,nan,nan,nan,nan,nan,nan,nan
05-Aug-25 6:53:04 AM AEST,12.9,nan,nan,nan,nan,nan,nan,nan,nan,nan,nan,nan
05-Aug-25 6:54:00 AM AEST,nan,nan,12.6,nan,nan,nan,nan,nan,nan,nan,nan,nan
05-Aug-25 6:55:00 AM AEST,13.0,nan,nan,nan,nan,nan,nan,nan,nan,nan,nan,6.70
05-Aug-25 6:56:00 AM AEST,nan,98.2,12.7,nan,nan,nan,nan,nan,nan,nan,nan,5.80
05-Aug-25 6:57:00 AM AEST,nan,nan,nan,nan,nan,nan,nan,nan,nan,nan,nan,6.70
05-Aug-25 6:58:00 AM AEST,nan,98.0,nan,nan,nan,nan,nan,nan,nan,nan,nan,6.60
05-Aug-25 6:59:00 AM AEST,12.9,98.2,nan,nan,nan,nan,nan,nan,nan,nan,nan,7.50
05-Aug-25 7:00:00 AM AEST,nan,98.0,nan,nan,nan,nan,nan,0.01,1.20,0.10,127.60,6.60
05-Aug-25 7:00:04 AM AEST,13.0,nan,nan,nan,nan,0.02,nan,nan,nan,nan,nan,nan
05-Aug-25 7:01:00 AM AEST,nan,98.2,nan,nan,nan,nan,nan,0.00,0.00,0.00,0.00,8.30
05-Aug-25 7:01:08 AM AEST,13.1,nan,nan,nan,nan,nan,nan,nan,nan,nan,nan,nan
05-Aug-25 7:02:00 AM AEST,nan,nan,nan,nan,nan,nan,nan,nan,nan,nan,nan,7.50
05-Aug-25 7:02:12 AM AEST,13.0,nan,nan,nan,nan,nan,nan,nan,nan,nan,nan,nan
05-Aug-25 7:03:00 AM AEST,nan,nan,12.8,nan,nan,nan,nan,nan,nan,nan,nan,nan
05-Aug-25 7:04:00 AM AEST,nan,nan,nan,nan,nan,nan,nan,nan,nan,nan,nan,8.30
05-Aug-25 7:05:00 AM AEST,13.1,nan,12.7,nan,nan,nan,nan,nan,nan,nan,nan,9.20
05-Aug-25 7:06:00 AM AEST,nan,nan,12.8,nan,nan,nan,nan,nan,nan,nan,nan,8.30
05-Aug-25 7:07:00 AM AEST,nan,nan,nan,nan,nan,nan,nan,nan,nan,nan,nan,9.20
05-Aug-25 7:08:00 AM AEST,13.2,nan,nan,nan,nan,nan,nan,nan,nan,nan,nan,8.30
05-Aug-25 7:09:00 AM AEST,nan,nan,12.9,nan,nan,nan,nan,nan,nan,nan,nan,9.20
05-Aug-25 7:10:00 AM AEST,nan,98.3,nan,nan,nan,nan,nan,nan,nan,nan,nan,9.10
05-Aug-25 7:11:00 AM AEST,nan,nan,13.0,nan,nan,nan,nan,nan,nan,nan,nan,10.00
05-Aug-25 7:12:00 AM AEST,nan,98.2,nan,nan,nan,nan,nan,nan,nan,nan,nan,nan
05-Aug-25 7:13:00 AM AEST,nan,98.3,12.9,nan,nan,nan,128.20,nan,nan,nan,nan,nan
05-Aug-25 7:14:00 AM AEST,nan,nan,13.0,nan,nan,nan,128.40,nan,nan,nan,nan,nan
05-Aug-25 7:15:00 AM AEST,nan,nan,12.9,nan,nan,nan,128.30,nan,nan,nan,nan,nan
05-Aug-25 7:16:00 AM AEST,nan,98.2,13.0,nan,nan,nan,128.20,nan,nan,nan,nan,10.80
05-Aug-25 7:17:00 AM AEST,nan,98.3,12.9,nan,nan,nan,128.30,nan,nan,nan,nan,nan
05-Aug-25 7:18:00 AM AEST,nan,98.2,13.0,nan,nan,nan,128.40,nan,nan,nan,nan,nan
05-Aug-25 7:19:00 AM AEST,13.3,98.3,12.9,nan,nan,nan,128.30,nan,nan,nan,nan,11.60
05-Aug-25 7:20:00 AM AEST,nan,nan,13.0,nan,nan,nan,nan,nan,nan,nan,nan,10.80
05-Aug-25 7:20:04 AM AEST,13.2,nan,nan,nan,nan,nan,nan,nan,nan,nan,nan,nan
05-Aug-25 7:21:00 AM AEST,nan,98.2,nan,nan,nan,nan,nan,nan,nan,nan,nan,11.60
05-Aug-25 7:21:08 AM AEST,13.3,nan,nan,nan,nan,nan,nan,nan,nan,nan,nan,nan
05-Aug-25 7:22:00 AM AEST,nan,98.3,nan,nan,nan,nan,nan,nan,nan,nan,nan,11.70
05-Aug-25 7:23:00 AM AEST,nan,nan,13.1,nan,nan,nan,nan,nan,nan,nan,nan,12.50
05-Aug-25 7:24:00 AM AEST,13.4,98.2,13.0,nan,nan,nan,nan,nan,nan,nan,nan,11.70
05-Aug-25 7:25:00 AM AEST,nan,98.5,13.1,nan,nan,nan,nan,nan,nan,nan,nan,12.50
05-Aug-25 7:26:00 AM AEST,13.5,98.3,13.2,nan,nan,nan,nan,nan,nan,nan,nan,11.70
05-Aug-25 7:27:00 AM AEST,nan,nan,nan,nan,nan,nan,nan,nan,nan,nan,nan,12.50
05-Aug-25 7:28:00 AM AEST,nan,98.5,nan,nan,nan,nan,nan,nan,nan,nan,nan,11.70
05-Aug-25 7:29:00 AM AEST,nan,98.3,13.3,nan,nan,nan,nan,nan,nan,nan,nan,12.50
05-Aug-25 7:30:00 AM AEST,13.6,98.5,nan,nan,nan,nan,nan,nan,nan,nan,nan,11.60
05-Aug-25 7:31:00 AM AEST,nan,nan,13.4,nan,nan,nan,nan,nan,nan,nan,nan,13.30
05-Aug-25 7:31:04 AM AEST,13.7,nan,nan,nan,nan,nan,nan,nan,nan,nan,nan,nan
05-Aug-25 7:32:00 AM AEST,nan,nan,nan,nan,nan,nan,nan,nan,nan,nan,nan,12.50
05-Aug-25 7:33:00 AM AEST,nan,nan,nan,nan,nan,nan,nan,nan,nan,nan,nan,13.30
05-Aug-25 7:34:00 AM AEST,nan,98.7,nan,nan,nan,nan,nan,nan,nan,nan,nan,nan
05-Aug-25 7:35:00 AM AEST,nan,98.5,13.5,nan,nan,nan,nan,nan,nan,nan,nan,16.70
05-Aug-25 7:36:00 AM AEST,13.8,98.7,nan,nan,nan,nan,nan,nan,nan,nan,nan,15.80
05-Aug-25 7:37:00 AM AEST,nan,98.5,13.6,nan,nan,nan,nan,nan,nan,nan,nan,17.50
05-Aug-25 7:38:00 AM AEST,13.9,98.7,nan,nan,nan,nan,nan,nan,nan,nan,nan,20.80
05-Aug-25 7:39:00 AM AEST,nan,nan,13.7,nan,nan,nan,nan,nan,nan,nan,nan,16.70
05-Aug-25 7:40:00 AM AEST,14.0,98.8,nan,nan,nan,nan,nan,nan,nan,nan,nan,13.30
05-Aug-25 7:41:00 AM AEST,nan,98.7,13.8,nan,nan,nan,nan,nan,nan,nan,nan,14.20
05-Aug-25 7:42:00 AM AEST,14.1,98.8,nan,nan,nan,nan,nan,nan,nan,nan,nan,14.10
05-Aug-25 7:43:00 AM AEST,nan,nan,13.9,nan,nan,nan,nan,nan,nan,nan,nan,18.30
05-Aug-25 7:44:00 AM AEST,14.2,nan,nan,nan,nan,nan,nan,nan,nan,nan,nan,36.60
05-Aug-25 7:45:00 AM AEST,nan,99.0,14.0,nan,nan,nan,nan,nan,nan,nan,nan,45.00
05-Aug-25 7:45:04 AM AEST,14.3,nan,nan,nan,nan,nan,nan,nan,nan,nan,nan,nan
05-Aug-25 7:45:04 AM AEST,14.4,nan,nan,nan,nan,nan,nan,nan,nan,nan,nan,nan
05-Aug-25 7:46:00 AM AEST,nan,nan,14.1,nan,nan,nan,nan,nan,nan,nan,nan,28.30
05-Aug-25 7:46:08 AM AEST,14.5,nan,nan,nan,nan,nan,nan,nan,nan,nan,nan,nan
05-Aug-25 7:47:00 AM AEST,nan,nan,14.2,nan,nan,nan,nan,nan,nan,nan,nan,16.60
05-Aug-25 7:48:00 AM AEST,nan,99.2,14.3,nan,nan,nan,nan,nan,nan,nan,nan,15.80
05-Aug-25 7:49:00 AM AEST,14.6,99.0,14.4,nan,nan,nan,128.20,nan,nan,nan,nan,nan
05-Aug-25 7:50:00 AM AEST,nan,99.2,nan,nan,nan,nan,128.30,0.01,1.20,0.10,127.60,15.00
05-Aug-25 7:51:00 AM AEST,14.7,nan,14.5,nan,nan,nan,nan,0.00,0.00,0.00,0.00,15.80
05-Aug-25 7:52:00 AM AEST,nan,nan,nan,nan,nan,nan,nan,nan,nan,nan,nan,15.00
05-Aug-25 7:53:00 AM AEST,nan,nan,14.6,nan,nan,nan,nan,nan,nan,nan,nan,17.50
05-Aug-25 7:54:00 AM AEST,14.8,nan,nan,nan,nan,nan,nan,nan,nan,nan,nan,23.30
05-Aug-25 7:55:00 AM AEST,nan,nan,nan,nan,nan,nan,nan,nan,nan,nan,nan,28.30
05-Aug-25 7:56:00 AM AEST,nan,nan,14.7,nan,nan,nan,nan,nan,nan,nan,nan,22.50
05-Aug-25 7:57:00 AM AEST,14.9,nan,nan,nan,nan,nan,nan,nan,nan,nan,nan,19.20
05-Aug-25 7:58:00 AM AEST,nan,nan,nan,nan,nan,nan,nan,nan,nan,nan,nan,17.50
05-Aug-25 7:58:04 AM AEST,15.0,nan,nan,nan,nan,nan,nan,nan,nan,nan,nan,nan
05-Aug-25 7:59:00 AM AEST,nan,nan,14.8,nan,nan,nan,nan,nan,nan,nan,nan,16.60
05-Aug-25 8:00:00 AM AEST,nan,nan,nan,nan,nan,nan,nan,nan,nan,nan,nan,20.80
05-Aug-25 8:00:08 AM AEST,nan,nan,nan,nan,nan,0.15,nan,nan,nan,nan,nan,nan
05-Aug-25 8:01:00 AM AEST,nan,99.3,14.9,nan,nan,nan,nan,nan,nan,nan,nan,51.60
05-Aug-25 8:02:00 AM AEST,15.2,99.2,nan,nan,nan,nan,nan,nan,nan,nan,nan,77.50
05-Aug-25 8:03:00 AM AEST,nan,99.3,15.0,nan,nan,nan,nan,nan,nan,nan,nan,105.00
05-Aug-25 8:04:00 AM AEST,15.4,99.2,15.1,nan,nan,nan,nan,nan,nan,nan,nan,155.00
05-Aug-25 8:05:00 AM AEST,nan,99.3,15.2,nan,nan,nan,nan,nan,nan,nan,nan,186.70
05-Aug-25 8:05:04 AM AEST,15.5,nan,nan,nan,nan,nan,nan,nan,nan,nan,nan,nan
05-Aug-25 8:06:00 AM AEST,nan,99.5,15.4,nan,nan,nan,nan,nan,nan,nan,nan,193.30
05-Aug-25 8:06:08 AM AEST,15.8,nan,nan,nan,nan,nan,nan,nan,nan,nan,nan,nan
05-Aug-25 8:07:00 AM AEST,nan,nan,15.7,nan,nan,nan,128.20,nan,nan,nan,nan,196.70
05-Aug-25 8:07:12 AM AEST,15.9,nan,nan,nan,nan,nan,nan,nan,nan,nan,nan,nan
05-Aug-25 8:07:12 AM AEST,16.1,nan,nan,nan,nan,nan,nan,nan,nan,nan,nan,nan
05-Aug-25 8:08:00 AM AEST,nan,nan,15.8,nan,nan,nan,128.30,nan,nan,nan,nan,200.00
05-Aug-25 8:09:00 AM AEST,16.2,nan,16.0,nan,nan,nan,nan,nan,nan,nan,nan,202.50
05-Aug-25 8:10:00 AM AEST,nan,99.7,16.2,nan,nan,nan,nan,nan,nan,nan,nan,205.00
05-Aug-25 8:10:04 AM AEST,16.3,nan,nan,nan,nan,nan,nan,nan,nan,nan,nan,nan
05-Aug-25 8:11:00 AM AEST,nan,nan,16.3,nan,nan,nan,nan,nan,nan,nan,nan,207.50
05-Aug-25 8:11:08 AM AEST,16.4,nan,nan,nan,nan,nan,nan,nan,nan,nan,nan,nan
05-Aug-25 8:12:00 AM AEST,nan,nan,nan,nan,nan,nan,128.20,nan,nan,nan,nan,210.80
05-Aug-25 8:12:12 AM AEST,16.5,nan,nan,nan,nan,nan,nan,nan,nan,nan,nan,nan
05-Aug-25 8:13:00 AM AEST,nan,nan,16.4,nan,nan,nan,nan,nan,nan,nan,nan,214.20
05-Aug-25 8:13:16 AM AEST,16.6,nan,nan,nan,nan,nan,nan,nan,nan,nan,nan,nan
05-Aug-25 8:13:16 AM AEST,16.8,nan,nan,nan,nan,nan,nan,nan,nan,nan,nan,nan
05-Aug-25 8:14:00 AM AEST,nan,nan,16.6,nan,nan,nan,128.30,nan,nan,nan,nan,215.80
05-Aug-25 8:14:20 AM AEST,17.0,nan,nan,nan,nan,nan,nan,nan,nan,nan,nan,nan
05-Aug-25 8:15:00 AM AEST,nan,nan,16.7,nan,nan,nan,nan,nan,nan,nan,nan,219.20
05-Aug-25 8:15:24 AM AEST,17.1,nan,nan,nan,nan,nan,nan,nan,nan,nan,nan,nan
05-Aug-25 8:16:00 AM AEST,nan,nan,16.9,nan,nan,nan,128.20,nan,nan,nan,nan,222.40
05-Aug-25 8:16:28 AM AEST,17.3,nan,nan,nan,nan,nan,nan,nan,nan,nan,nan,nan
05-Aug-25 8:17:00 AM AEST,nan,nan,17.0,nan,nan,nan,128.30,nan,nan,nan,nan,225.00
05-Aug-25 8:17:32 AM AEST,17.4,nan,nan,nan,nan,nan,nan,nan,nan,nan,nan,nan
05-Aug-25 8:18:00 AM AEST,nan,nan,17.3,nan,nan,nan,128.20,nan,nan,nan,nan,228.30
05-Aug-25 8:19:00 AM AEST,nan,nan,nan,nan,nan,nan,nan,nan,nan,nan,nan,230.80
05-Aug-25 8:20:00 AM AEST,nan,99.5,17.4,nan,nan,nan,nan,nan,nan,nan,nan,234.20
05-Aug-25 8:21:00 AM AEST,17.3,nan,17.3,nan,nan,nan,128.30,nan,nan,nan,nan,236.60
05-Aug-25 8:22:00 AM AEST,nan,nan,17.2,nan,nan,nan,128.20,nan,nan,nan,nan,239.20
05-Aug-25 8:22:04 AM AEST,17.4,nan,nan,nan,nan,nan,nan,nan,nan,nan,nan,nan
05-Aug-25 8:23:00 AM AEST,nan,99.3,17.4,nan,nan,nan,nan,nan,nan,nan,nan,242.40
05-Aug-25 8:24:00 AM AEST,17.3,99.2,17.3,nan,nan,nan,128.30,nan,nan,nan,nan,245.00
05-Aug-25 8:25:00 AM AEST,nan,nan,17.2,nan,nan,nan,128.20,nan,nan,nan,nan,248.30
05-Aug-25 8:26:00 AM AEST,nan,nan,nan,nan,nan,nan,nan,nan,nan,nan,nan,250.80
05-Aug-25 8:27:00 AM AEST,17.5,99.0,nan,nan,nan,nan,nan,nan,nan,nan,nan,253.30
05-Aug-25 8:28:00 AM AEST,nan,98.8,17.3,nan,nan,nan,128.30,nan,nan,nan,nan,256.70
05-Aug-25 8:29:00 AM AEST,nan,nan,nan,nan,nan,nan,128.20,nan,nan,nan,nan,260.00
05-Aug-25 8:30:00 AM AEST,17.6,99.0,nan,nan,nan,nan,nan,nan,nan,nan,nan,262.40
05-Aug-25 8:31:00 AM AEST,nan,98.8,17.5,nan,nan,nan,128.30,nan,nan,nan,nan,265.80
05-Aug-25 8:31:04 AM AEST,17.7,nan,nan,nan,nan,nan,nan,nan,nan,nan,nan,nan
05-Aug-25 8:32:00 AM AEST,nan,nan,nan,nan,nan,nan,128.20,nan,nan,nan,nan,268.30
05-Aug-25 8:32:08 AM AEST,17.8,nan,nan,nan,nan,nan,nan,nan,nan,nan,nan,nan
05-Aug-25 8:32:08 AM AEST,17.9,nan,nan,nan,nan,nan,nan,nan,nan,nan,nan,nan
05-Aug-25 8:33:00 AM AEST,nan,nan,17.6,nan,nan,nan,nan,nan,nan,nan,nan,270.80
05-Aug-25 8:33:12 AM AEST,18.0,nan,nan,nan,nan,nan,nan,nan,nan,nan,nan,nan
05-Aug-25 8:34:00 AM AEST,nan,98.7,17.7,nan,nan,nan,128.30,nan,nan,nan,nan,274.90
05-Aug-25 8:34:16 AM AEST,18.1,nan,nan,nan,nan,nan,nan,nan,nan,nan,nan,nan
05-Aug-25 8:35:00 AM AEST,nan,98.8,17.8,nan,nan,nan,128.20,nan,nan,nan,nan,276.70
05-Aug-25 8:35:20 AM AEST,18.2,nan,nan,nan,nan,nan,nan,nan,nan,nan,nan,nan
05-Aug-25 8:36:00 AM AEST,nan,98.7,17.9,nan,nan,nan,nan,nan,nan,nan,nan,279.90
05-Aug-25 8:36:24 AM AEST,18.3,nan,nan,nan,nan,nan,nan,nan,nan,nan,nan,nan
05-Aug-25 8:37:00 AM AEST,nan,98.5,18.0,nan,nan,nan,nan,nan,nan,nan,nan,283.30
05-Aug-25 8:37:28 AM AEST,18.5,nan,nan,nan,nan,nan,nan,nan,nan,nan,nan,nan
05-Aug-25 8:38:00 AM AEST,nan,98.7,18.1,nan,nan,nan,nan,nan,nan,nan,nan,285.80
05-Aug-25 8:38:32 AM AEST,18.7,nan,nan,nan,nan,nan,nan,nan,nan,nan,nan,nan
05-Aug-25 8:39:00 AM AEST,nan,98.5,18.3,nan,nan,nan,nan,nan,nan,nan,nan,289.20
05-Aug-25 8:39:36 AM AEST,18.9,nan,nan,nan,nan,nan,nan,nan,nan,nan,nan,nan
05-Aug-25 8:40:00 AM AEST,nan,98.3,18.5,nan,nan,nan,128.30,nan,nan,nan,nan,291.70
05-Aug-25 8:40:40 AM AEST,19.0,nan,nan,nan,nan,nan,nan,nan,nan,nan,nan,nan
05-Aug-25 8:41:00 AM AEST,nan,98.5,18.6,nan,nan,nan,128.20,nan,nan,nan,nan,295.80
05-Aug-25 8:41:44 AM AEST,19.2,nan,nan,nan,nan,nan,nan,nan,nan,nan,nan,nan
05-Aug-25 8:42:00 AM AEST,nan,98.2,18.8,nan,nan,nan,128.30,nan,nan,nan,nan,298.30
05-Aug-25 8:43:00 AM AEST,nan,98.0,18.9,nan,nan,nan,128.20,nan,nan,nan,nan,301.60
05-Aug-25 8:44:00 AM AEST,19.4,97.8,nan,nan,nan,nan,128.30,nan,nan,nan,nan,305.00
05-Aug-25 8:45:00 AM AEST,nan,97.7,19.0,nan,nan,nan,nan,nan,nan,nan,nan,307.40
05-Aug-25 8:45:04 AM AEST,19.5,nan,nan,nan,nan,nan,nan,nan,nan,nan,nan,nan
05-Aug-25 8:45:04 AM AEST,19.6,nan,nan,nan,nan,nan,nan,nan,nan,nan,nan,nan
05-Aug-25 8:46:00 AM AEST,nan,97.3,19.1,nan,nan,nan,128.20,0.01,1.20,0.10,129.80,310.80
05-Aug-25 8:46:08 AM AEST,19.7,nan,nan,nan,nan,nan,nan,nan,nan,nan,nan,nan
05-Aug-25 8:47:00 AM AEST,nan,97.2,nan,nan,nan,nan,128.30,0.00,0.00,0.00,0.00,313.30
05-Aug-25 8:47:12 AM AEST,19.8,nan,nan,nan,nan,nan,nan,nan,nan,nan,nan,nan
05-Aug-25 8:48:00 AM AEST,nan,96.8,19.2,nan,nan,nan,128.20,nan,nan,nan,nan,316.70
05-Aug-25 8:48:16 AM AEST,19.9,nan,nan,nan,nan,nan,nan,nan,nan,nan,nan,nan
05-Aug-25 8:49:00 AM AEST,nan,96.3,19.3,nan,nan,nan,128.30,nan,nan,nan,nan,319.90
05-Aug-25 8:49:20 AM AEST,20.0,nan,nan,nan,nan,nan,nan,nan,nan,nan,nan,nan
05-Aug-25 8:50:00 AM AEST,nan,96.0,nan,nan,nan,nan,nan,nan,nan,nan,nan,323.30
05-Aug-25 8:51:00 AM AEST,nan,95.3,nan,nan,nan,nan,128.20,nan,nan,nan,nan,326.70
05-Aug-25 8:52:00 AM AEST,20.1,94.5,19.2,nan,nan,nan,128.30,nan,nan,nan,nan,329.90
05-Aug-25 8:53:00 AM AEST,nan,93.7,nan,nan,nan,nan,nan,nan,nan,nan,nan,332.50
05-Aug-25 8:53:04 AM AEST,20.2,nan,nan,nan,nan,nan,nan,nan,nan,nan,nan,nan
05-Aug-25 8:54:00 AM AEST,nan,92.7,19.1,nan,nan,nan,nan,nan,nan,nan,nan,335.80
05-Aug-25 8:55:00 AM AEST,20.4,91.5,19.0,nan,nan,nan,128.20,nan,nan,nan,nan,338.30
05-Aug-25 8:56:00 AM AEST,nan,90.0,18.9,nan,nan,nan,128.50,nan,nan,nan,nan,342.40
05-Aug-25 8:56:04 AM AEST,20.5,nan,nan,nan,nan,nan,nan,nan,nan,nan,nan,nan
05-Aug-25 8:56:04 AM AEST,20.6,nan,nan,nan,nan,nan,nan,nan,nan,nan,nan,nan
05-Aug-25 8:57:00 AM AEST,nan,88.5,18.8,nan,nan,nan,128.60,nan,nan,nan,nan,344.20
05-Aug-25 8:57:08 AM AEST,20.7,nan,nan,nan,nan,nan,nan,nan,nan,nan,nan,nan
05-Aug-25 8:58:00 AM AEST,nan,87.3,18.6,nan,nan,nan,128.90,nan,nan,nan,nan,348.30
05-Aug-25 8:58:12 AM AEST,20.8,nan,nan,nan,nan,nan,nan,nan,nan,nan,nan,nan
05-Aug-25 8:59:00 AM AEST,nan,86.5,18.5,nan,nan,nan,129.00,nan,nan,nan,nan,350.80
05-Aug-25 9:00:00 AM AEST,21.0,85.5,nan,nan,nan,nan,129.10,nan,nan,nan,nan,354.20
05-Aug-25 9:00:12 AM AEST,nan,nan,nan,nan,nan,0.29,nan,nan,nan,nan,nan,nan
05-Aug-25 9:01:00 AM AEST,nan,84.3,18.4,nan,nan,nan,nan,nan,nan,nan,nan,356.60
05-Aug-25 9:02:00 AM AEST,21.1,83.3,18.3,nan,nan,nan,129.30,nan,nan,nan,nan,360.00
05-Aug-25 9:03:00 AM AEST,nan,82.5,18.2,nan,nan,nan,129.10,nan,nan,nan,nan,362.40
05-Aug-25 9:03:04 AM AEST,21.3,nan,nan,nan,nan,nan,nan,nan,nan,nan,nan,nan
05-Aug-25 9:04:00 AM AEST,nan,81.7,nan,nan,nan,nan,nan,nan,nan,nan,nan,365.80
05-Aug-25 9:04:08 AM AEST,21.4,nan,nan,nan,nan,nan,nan,nan,nan,nan,nan,nan
05-Aug-25 9:05:00 AM AEST,nan,81.5,18.1,nan,nan,nan,129.30,nan,nan,nan,nan,369.10
05-Aug-25 9:05:12 AM AEST,21.5,nan,nan,nan,nan,nan,nan,nan,nan,nan,nan,nan
05-Aug-25 9:05:12 AM AEST,21.6,nan,nan,nan,nan,nan,nan,nan,nan,nan,nan,nan
05-Aug-25 9:06:00 AM AEST,nan,80.5,18.2,nan,nan,nan,nan,nan,nan,nan,nan,372.50
05-Aug-25 9:07:00 AM AEST,21.7,79.5,18.1,nan,nan,nan,nan,nan,nan,nan,nan,374.20
05-Aug-25 9:08:00 AM AEST,nan,78.5,18.0,nan,nan,nan,129.10,nan,nan,nan,nan,377.40
05-Aug-25 9:08:04 AM AEST,21.8,nan,nan,nan,nan,nan,nan,nan,nan,nan,nan,nan
05-Aug-25 9:09:00 AM AEST,nan,77.2,17.9,nan,nan,nan,nan,nan,nan,nan,nan,380.00
05-Aug-25 9:09:08 AM AEST,21.9,nan,nan,nan,nan,nan,nan,nan,nan,nan,nan,nan
05-Aug-25 9:10:00 AM AEST,nan,76.7,17.8,nan,nan,nan,129.30,nan,nan,nan,nan,382.40
05-Aug-25 9:10:12 AM AEST,22.1,nan,nan,nan,nan,nan,nan,nan,nan,nan,nan,nan
05-Aug-25 9:11:00 AM AEST,nan,76.0,nan,nan,nan,nan,129.10,nan,nan,nan,nan,385.00
05-Aug-25 9:11:16 AM AEST,22.2,nan,nan,nan,nan,nan,nan,nan,nan,nan,nan,nan
05-Aug-25 9:11:16 AM AEST,22.4,nan,nan,nan,nan,nan,nan,nan,nan,nan,nan,nan
05-Aug-25 9:12:00 AM AEST,nan,75.7,17.7,nan,nan,nan,129.30,nan,nan,nan,nan,388.30
05-Aug-25 9:12:20 AM AEST,22.5,nan,nan,nan,nan,nan,nan,nan,nan,nan,nan,nan
05-Aug-25 9:13:00 AM AEST,nan,76.2,17.9,nan,nan,nan,129.10,nan,nan,nan,nan,391.70
05-Aug-25 9:13:24 AM AEST,22.6,nan,nan,nan,nan,nan,nan,nan,nan,nan,nan,nan
05-Aug-25 9:14:00 AM AEST,nan,76.3,18.1,nan,nan,nan,167.50,0.01,1.20,0.10,255.10,395.00
05-Aug-25 9:14:28 AM AEST,22.8,nan,nan,nan,nan,nan,nan,nan,nan,nan,nan,nan
05-Aug-25 9:15:00 AM AEST,nan,74.5,18.2,nan,nan,nan,254.60,0.00,0.00,0.00,0.00,396.60
05-Aug-25 9:15:32 AM AEST,22.9,nan,nan,nan,nan,nan,nan,nan,nan,nan,nan,nan
05-Aug-25 9:16:00 AM AEST,nan,73.0,18.0,nan,nan,nan,274.10,0.19,5.90,1.90,292.60,400.00
05-Aug-25 9:16:36 AM AEST,23.0,nan,nan,nan,nan,nan,nan,nan,nan,nan,nan,nan
05-Aug-25 9:17:00 AM AEST,nan,72.8,17.8,nan,nan,nan,317.10,0.28,4.70,2.80,317.20,402.40
05-Aug-25 9:17:40 AM AEST,23.1,nan,nan,nan,nan,nan,nan,nan,nan,nan,nan,nan
05-Aug-25 9:18:00 AM AEST,nan,71.5,17.9,nan,nan,nan,nan,0.04,1.20,0.40,317.10,405.00
05-Aug-25 9:18:44 AM AEST,23.3,nan,nan,nan,nan,nan,nan,nan,nan,nan,nan,nan
05-Aug-25 9:19:00 AM AEST,nan,70.7,17.7,nan,nan,nan,293.00,0.15,3.50,1.20,257.20,408.30
05-Aug-25 9:20:00 AM AEST,nan,68.8,nan,nan,nan,nan,238.60,0.26,5.90,2.60,236.70,410.80
05-Aug-25 9:21:00 AM AEST,23.4,68.7,17.3,nan,nan,nan,246.80,0.12,2.40,1.20,246.80,413.30
05-Aug-25 9:22:00 AM AEST,nan,68.8,nan,nan,nan,nan,247.00,0.17,3.50,1.70,247.10,415.80
05-Aug-25 9:22:04 AM AEST,23.6,nan,nan,nan,nan,nan,nan,nan,nan,nan,nan,nan
05-Aug-25 9:23:00 AM AEST,nan,68.0,17.5,nan,nan,nan,296.60,0.35,4.70,3.50,296.10,419.20
05-Aug-25 9:23:08 AM AEST,23.5,nan,nan,nan,nan,nan,nan,nan,nan,nan,nan,nan
05-Aug-25 9:24:00 AM AEST,nan,67.5,17.3,nan,nan,nan,301.80,0.21,3.50,2.10,301.70,422.40
05-Aug-25 9:24:12 AM AEST,23.7,nan,nan,nan,nan,nan,nan,nan,nan,nan,nan,nan
05-Aug-25 9:25:00 AM AEST,nan,67.2,nan,nan,nan,nan,301.50,0.27,nan,2.70,301.50,424.20
05-Aug-25 9:25:16 AM AEST,23.8,nan,nan,nan,nan,nan,nan,nan,nan,nan,nan,nan
05-Aug-25 9:25:16 AM AEST,23.9,nan,nan,nan,nan,nan,nan,nan,nan,nan,nan,nan
05-Aug-25 9:26:00 AM AEST,nan,nan,nan,nan,nan,nan,345.40,0.41,7.10,3.80,338.00,426.60
05-Aug-25 9:27:00 AM AEST,nan,66.2,17.4,nan,nan,nan,323.70,0.37,5.90,3.60,318.00,430.00
05-Aug-25 9:28:00 AM AEST,24.0,64.8,17.2,nan,nan,nan,305.50,0.56,8.30,5.50,305.30,431.70
05-Aug-25 9:29:00 AM AEST,nan,64.5,16.9,nan,nan,nan,326.40,0.49,9.50,4.80,325.50,434.10
05-Aug-25 9:29:04 AM AEST,23.9,nan,nan,nan,nan,nan,nan,nan,nan,nan,nan,nan
05-Aug-25 9:30:00 AM AEST,nan,64.8,16.8,nan,nan,nan,342.20,0.29,5.90,2.90,341.90,437.50
05-Aug-25 9:30:08 AM AEST,24.0,nan,nan,nan,nan,nan,nan,nan,nan,nan,nan,nan
05-Aug-25 9:30:08 AM AEST,24.1,nan,nan,nan,nan,nan,nan,nan,nan,nan,nan,nan
05-Aug-25 9:31:00 AM AEST,nan,64.2,17.0,nan,nan,nan,299.90,0.30,4.70,nan,298.50,439.10
05-Aug-25 9:32:00 AM AEST,nan,63.0,16.9,nan,nan,nan,304.20,0.62,9.50,6.10,305.60,442.50
05-Aug-25 9:33:00 AM AEST,nan,63.3,16.6,nan,nan,nan,313.10,0.36,4.70,3.50,313.00,444.10
05-Aug-25 9:34:00 AM AEST,24.2,63.8,16.7,nan,nan,nan,12.20,0.47,8.30,4.00,18.10,445.00
05-Aug-25 9:35:00 AM AEST,nan,63.7,16.9,nan,nan,nan,38.70,0.19,3.50,1.90,39.10,446.70
05-Aug-25 9:35:04 AM AEST,24.3,nan,nan,nan,nan,nan,nan,nan,nan,nan,nan,nan
05-Aug-25 9:36:00 AM AEST,nan,63.2,17.0,nan,nan,nan,274.30,0.44,8.30,4.10,272.20,446.60
05-Aug-25 9:36:08 AM AEST,24.4,nan,nan,nan,nan,nan,nan,nan,nan,nan,nan,nan
05-Aug-25 9:37:00 AM AEST,nan,62.2,nan,nan,nan,nan,279.50,0.37,5.90,3.70,279.40,450.00
05-Aug-25 9:38:00 AM AEST,24.5,62.3,16.7,nan,nan,nan,281.90,0.43,nan,4.20,282.60,454.90
05-Aug-25 9:39:00 AM AEST,nan,61.3,16.8,nan,nan,nan,298.10,0.72,9.50,7.10,297.00,414.20
05-Aug-25 9:39:04 AM AEST,24.4,nan,nan,nan,nan,nan,nan,nan,nan,nan,nan,nan
05-Aug-25 9:40:00 AM AEST,nan,60.0,16.5,nan,nan,nan,295.40,0.71,11.80,6.90,297.30,460.80
05-Aug-25 9:40:08 AM AEST,24.3,nan,nan,nan,nan,nan,nan,nan,nan,nan,nan,nan
05-Aug-25 9:41:00 AM AEST,nan,60.2,16.0,nan,nan,nan,273.10,0.28,5.90,2.80,273.10,464.90
05-Aug-25 9:41:12 AM AEST,24.5,nan,nan,nan,nan,nan,nan,nan,nan,nan,nan,nan
05-Aug-25 9:42:00 AM AEST,nan,61.5,16.1,nan,nan,nan,301.40,0.33,nan,3.20,305.10,466.70
05-Aug-25 9:43:00 AM AEST,nan,62.3,16.6,nan,nan,nan,314.70,0.54,9.50,5.10,311.70,469.90
05-Aug-25 9:44:00 AM AEST,24.7,60.7,16.9,nan,nan,nan,273.80,0.15,3.50,1.50,274.10,472.50
05-Aug-25 9:45:00 AM AEST,nan,60.5,16.6,nan,nan,nan,273.00,0.21,4.70,2.10,272.90,474.10
05-Aug-25 9:45:04 AM AEST,24.8,nan,nan,nan,nan,nan,nan,nan,nan,nan,nan,nan
05-Aug-25 9:46:00 AM AEST,nan,nan,nan,nan,nan,nan,nan,0.31,nan,3.10,273.00,477.50
05-Aug-25 9:46:08 AM AEST,24.9,nan,nan,nan,nan,nan,nan,nan,nan,nan,nan,nan
05-Aug-25 9:47:00 AM AEST,nan,59.3,16.7,nan,nan,nan,295.40,0.90,13.00,8.80,298.00,479.20
05-Aug-25 9:47:12 AM AEST,24.8,nan,nan,nan,nan,nan,nan,nan,nan,nan,nan,nan
05-Aug-25 9:47:12 AM AEST,24.6,nan,nan,nan,nan,nan,nan,nan,nan,nan,nan,nan
05-Aug-25 9:48:00 AM AEST,nan,58.3,16.3,nan,nan,nan,305.00,0.78,11.80,6.00,297.80,481.60
05-Aug-25 9:49:00 AM AEST,nan,59.5,15.8,nan,nan,nan,325.00,0.43,7.10,4.10,326.80,483.30
05-Aug-25 9:50:00 AM AEST,24.7,59.2,16.2,nan,nan,nan,276.20,0.67,10.60,6.60,274.80,485.80
05-Aug-25 9:51:00 AM AEST,nan,58.2,nan,nan,nan,nan,276.40,0.50,7.10,4.90,277.50,489.20
05-Aug-25 9:52:00 AM AEST,24.8,59.5,15.9,nan,nan,nan,275.60,0.21,3.50,2.10,275.50,490.00
05-Aug-25 9:53:00 AM AEST,nan,nan,16.4,nan,nan,nan,254.90,0.39,7.10,3.70,248.90,492.40
05-Aug-25 9:53:04 AM AEST,25.0,nan,nan,nan,nan,nan,nan,nan,nan,nan,nan,nan
05-Aug-25 9:54:00 AM AEST,nan,58.3,16.5,nan,nan,nan,286.10,0.56,8.30,5.20,286.40,495.00
05-Aug-25 9:55:00 AM AEST,nan,59.5,16.2,nan,nan,nan,324.50,0.37,nan,3.60,322.80,497.40
05-Aug-25 9:56:00 AM AEST,nan,59.3,16.5,nan,nan,nan,302.90,0.31,7.10,3.10,302.90,499.20
05-Aug-25 9:57:00 AM AEST,25.2,59.8,nan,nan,nan,nan,303.90,0.21,nan,2.10,306.20,501.60
05-Aug-25 9:58:00 AM AEST,nan,59.2,16.8,nan,nan,nan,282.20,0.43,nan,3.50,288.90,503.30
05-Aug-25 9:59:00 AM AEST,nan,57.3,16.7,nan,nan,nan,258.20,0.31,5.90,3.10,258.00,505.00
05-Aug-25 10:00:00 AM AEST,25.3,57.7,16.2,nan,nan,nan,259.00,0.21,3.50,2.10,259.10,507.40
05-Aug-25 10:00:16 AM AEST,nan,nan,nan,nan,nan,0.39,nan,nan,nan,nan,nan,nan
05-Aug-25 10:01:00 AM AEST,nan,58.0,16.3,nan,nan,nan,263.20,0.14,nan,1.30,266.80,510.00
05-Aug-25 10:01:04 AM AEST,25.5,nan,nan,nan,nan,nan,nan,nan,nan,nan,nan,nan
05-Aug-25 10:02:00 AM AEST,nan,58.3,16.6,nan,nan,nan,30.10,0.54,10.60,4.80,38.20,511.60
05-Aug-25 10:03:00 AM AEST,25.4,57.5,16.7,nan,nan,nan,356.80,0.63,13.00,5.70,7.30,513.30
05-Aug-25 10:04:00 AM AEST,nan,57.8,16.4,nan,nan,nan,1.00,0.31,5.90,2.80,16.50,515.80
05-Aug-25 10:04:04 AM AEST,25.5,nan,nan,nan,nan,nan,nan,nan,nan,nan,nan,nan
05-Aug-25 10:05:00 AM AEST,nan,57.2,16.6,nan,nan,nan,30.10,0.35,7.10,3.50,26.70,518.30
05-Aug-25 10:06:00 AM AEST,nan,58.0,16.4,nan,nan,nan,10.10,0.33,5.90,3.30,10.10,519.20
05-Aug-25 10:07:00 AM AEST,25.7,58.5,16.6,nan,nan,nan,15.60,0.34,nan,3.00,17.70,521.60
05-Aug-25 10:08:00 AM AEST,nan,57.8,16.9,nan,nan,nan,359.00,0.66,9.50,6.30,359.10,523.30
05-Aug-25 10:08:04 AM AEST,25.6,nan,nan,nan,nan,nan,nan,nan,nan,nan,nan,nan
05-Aug-25 10:09:00 AM AEST,nan,57.5,16.7,nan,nan,nan,328.80,0.63,nan,5.20,324.90,525.80
05-Aug-25 10:09:08 AM AEST,25.5,nan,nan,nan,nan,nan,nan,nan,nan,nan,nan,nan
05-Aug-25 10:09:08 AM AEST,25.4,nan,nan,nan,nan,nan,nan,nan,nan,nan,nan,nan
05-Aug-25 10:10:00 AM AEST,nan,56.5,16.5,nan,nan,nan,328.40,0.59,nan,5.70,327.30,527.50
05-Aug-25 10:11:00 AM AEST,nan,56.8,16.2,nan,nan,nan,305.50,0.51,7.10,4.90,306.40,529.20
05-Aug-25 10:12:00 AM AEST,nan,56.7,nan,nan,nan,nan,305.90,0.62,8.30,5.50,310.20,531.60
05-Aug-25 10:13:00 AM AEST,25.6,57.2,nan,nan,nan,nan,340.80,0.27,5.90,2.60,338.10,534.20
05-Aug-25 10:14:00 AM AEST,nan,57.5,16.5,nan,nan,nan,305.50,0.31,nan,3.10,306.00,535.80
05-Aug-25 10:14:04 AM AEST,25.7,nan,nan,nan,nan,nan,nan,nan,nan,nan,nan,nan
05-Aug-25 10:15:00 AM AEST,nan,56.8,16.7,nan,nan,nan,271.50,0.43,nan,4.20,271.90,536.70
05-Aug-25 10:15:08 AM AEST,25.8,nan,nan,nan,nan,nan,nan,nan,nan,nan,nan,nan
05-Aug-25 10:16:00 AM AEST,nan,nan,16.6,nan,nan,nan,297.40,0.40,nan,3.70,300.00,540.00
05-Aug-25 10:17:00 AM AEST,nan,56.0,nan,nan,nan,nan,286.20,0.45,7.10,4.20,283.70,541.60
05-Aug-25 10:18:00 AM AEST,25.9,nan,16.4,nan,nan,nan,267.60,0.23,3.50,2.30,267.70,543.30
05-Aug-25 10:19:00 AM AEST,nan,56.2,16.5,nan,nan,nan,328.00,nan,4.70,1.50,17.70,545.80
05-Aug-25 10:19:04 AM AEST,26.1,nan,nan,nan,nan,nan,nan,nan,nan,nan,nan,nan
05-Aug-25 10:20:00 AM AEST,nan,56.0,16.6,nan,nan,nan,15.60,0.41,5.90,2.70,27.00,547.50
05-Aug-25 10:20:08 AM AEST,26.0,nan,nan,nan,nan,nan,nan,nan,nan,nan,nan,nan
05-Aug-25 10:21:00 AM AEST,nan,55.3,16.5,nan,nan,nan,330.30,0.21,3.50,2.10,329.90,549.20
05-Aug-25 10:21:12 AM AEST,26.1,nan,nan,nan,nan,nan,nan,nan,nan,nan,nan,nan
05-Aug-25 10:22:00 AM AEST,nan,56.7,16.4,nan,nan,nan,327.60,0.24,nan,2.40,327.70,551.60
05-Aug-25 10:22:16 AM AEST,26.2,nan,nan,nan,nan,nan,nan,nan,nan,nan,nan,nan
05-Aug-25 10:23:00 AM AEST,nan,57.0,16.9,nan,nan,nan,356.30,0.52,11.80,4.70,21.30,552.50
05-Aug-25 10:23:20 AM AEST,26.3,nan,nan,nan,nan,nan,nan,nan,nan,nan,nan,nan
05-Aug-25 10:23:20 AM AEST,26.1,nan,nan,nan,nan,nan,nan,nan,nan,nan,nan,nan
05-Aug-25 10:24:00 AM AEST,nan,56.2,17.1,nan,nan,nan,14.50,0.56,9.50,5.60,13.90,554.90
05-Aug-25 10:24:24 AM AEST,26.2,nan,nan,nan,nan,nan,nan,nan,nan,nan,nan,nan
05-Aug-25 10:25:00 AM AEST,nan,nan,16.7,nan,nan,nan,5.40,0.44,5.90,4.40,5.30,555.80
05-Aug-25 10:26:00 AM AEST,nan,55.7,nan,nan,nan,nan,1.60,nan,8.30,4.10,356.40,558.30
05-Aug-25 10:27:00 AM AEST,nan,54.8,16.6,nan,nan,nan,54.00,0.52,7.10,5.10,54.90,559.90
05-Aug-25 10:28:00 AM AEST,26.1,55.2,16.4,nan,nan,nan,15.00,0.56,9.50,4.90,12.10,561.70
05-Aug-25 10:29:00 AM AEST,nan,55.7,nan,nan,nan,nan,23.00,0.50,7.10,4.80,23.90,564.10
05-Aug-25 10:29:04 AM AEST,26.2,nan,nan,nan,nan,nan,nan,nan,nan,nan,nan,nan
05-Aug-25 10:30:00 AM AEST,nan,56.0,16.6,nan,nan,nan,24.40,0.37,5.90,3.60,nan,564.20
05-Aug-25 10:30:08 AM AEST,26.3,nan,nan,nan,nan,nan,nan,nan,nan,nan,nan,nan
05-Aug-25 10:31:00 AM AEST,nan,55.3,16.8,nan,nan,nan,320.70,0.79,10.60,6.70,317.00,565.80
05-Aug-25 10:31:12 AM AEST,26.4,nan,nan,nan,nan,nan,nan,nan,nan,nan,nan,nan
05-Aug-25 10:31:12 AM AEST,26.3,nan,nan,nan,nan,nan,nan,nan,nan,nan,nan,nan
05-Aug-25 10:32:00 AM AEST,nan,54.0,16.7,nan,nan,nan,334.00,0.65,13.00,5.90,333.40,569.20
05-Aug-25 10:33:00 AM AEST,nan,54.2,16.2,nan,nan,nan,359.00,0.41,5.90,3.50,356.80,570.00
05-Aug-25 10:34:00 AM AEST,26.4,nan,16.3,nan,nan,nan,21.70,0.35,4.70,nan,21.50,571.60
05-Aug-25 10:35:00 AM AEST,nan,nan,16.4,nan,nan,nan,329.20,0.54,9.50,4.70,328.90,574.20
05-Aug-25 10:36:00 AM AEST,26.5,54.0,nan,nan,nan,nan,346.80,0.68,10.60,6.40,343.20,575.80
05-Aug-25 10:37:00 AM AEST,nan,53.7,nan,nan,nan,nan,32.30,0.55,7.10,5.50,32.00,576.70
05-Aug-25 10:38:00 AM AEST,nan,53.3,16.3,nan,nan,nan,45.30,0.21,3.50,2.10,45.30,578.30
05-Aug-25 10:39:00 AM AEST,26.6,53.8,16.2,nan,nan,nan,337.20,0.48,8.30,4.40,327.70,581.60
05-Aug-25 10:40:00 AM AEST,nan,53.0,16.5,nan,nan,nan,301.90,0.69,9.50,6.50,299.70,582.50
05-Aug-25 10:40:04 AM AEST,26.5,nan,nan,nan,nan,nan,nan,nan,nan,nan,nan,nan
05-Aug-25 10:41:00 AM AEST,nan,52.5,16.2,nan,nan,nan,280.50,0.63,10.60,6.10,280.70,584.10
05-Aug-25 10:41:08 AM AEST,26.3,nan,nan,nan,nan,nan,nan,nan,nan,nan,nan,nan
05-Aug-25 10:41:08 AM AEST,26.4,nan,nan,nan,nan,nan,nan,nan,nan,nan,nan,nan
05-Aug-25 10:42:00 AM AEST,nan,53.8,15.8,nan,nan,nan,313.10,0.31,4.70,3.10,313.00,586.70
05-Aug-25 10:42:12 AM AEST,26.5,nan,nan,nan,nan,nan,nan,nan,nan,nan,nan,nan
05-Aug-25 10:43:00 AM AEST,nan,nan,16.3,nan,nan,nan,309.30,0.43,9.50,4.20,310.20,588.30
05-Aug-25 10:43:16 AM AEST,26.6,nan,nan,nan,nan,nan,nan,nan,nan,nan,nan,nan
05-Aug-25 10:44:00 AM AEST,nan,nan,16.4,nan,nan,nan,68.40,0.34,5.90,3.40,68.40,591.60
05-Aug-25 10:44:20 AM AEST,26.7,nan,nan,nan,nan,nan,nan,nan,nan,nan,nan,nan
05-Aug-25 10:45:00 AM AEST,nan,53.2,16.5,nan,nan,nan,113.90,0.31,4.70,2.90,114.50,596.70
05-Aug-25 10:45:24 AM AEST,26.8,nan,nan,nan,nan,nan,nan,nan,nan,nan,nan,nan
05-Aug-25 10:46:00 AM AEST,nan,53.0,16.4,nan,nan,nan,149.30,0.30,7.10,1.20,194.80,601.60
05-Aug-25 10:46:28 AM AEST,26.9,nan,nan,nan,nan,nan,nan,nan,nan,nan,nan,nan
05-Aug-25 10:47:00 AM AEST,nan,53.3,nan,nan,nan,nan,323.60,0.48,nan,3.20,333.70,607.50
05-Aug-25 10:48:00 AM AEST,nan,nan,16.6,nan,nan,nan,73.70,0.46,8.30,4.60,73.60,625.80
05-Aug-25 10:49:00 AM AEST,nan,53.5,nan,nan,nan,nan,27.90,0.66,10.60,6.30,32.00,630.80
05-Aug-25 10:50:00 AM AEST,26.8,53.0,nan,nan,nan,nan,17.90,0.56,9.50,5.50,19.10,210.80
05-Aug-25 10:51:00 AM AEST,nan,53.2,16.5,nan,nan,nan,340.50,0.34,5.90,3.20,343.40,191.60
05-Aug-25 10:52:00 AM AEST,nan,52.8,nan,nan,nan,nan,280.20,0.57,7.10,5.20,278.30,465.00
05-Aug-25 10:53:00 AM AEST,26.6,52.5,16.4,nan,nan,nan,276.60,0.54,nan,5.40,276.40,530.80
05-Aug-25 10:54:00 AM AEST,nan,53.3,16.1,nan,nan,nan,290.90,0.45,5.90,4.10,292.20,375.80
05-Aug-25 10:54:04 AM AEST,26.7,nan,nan,nan,nan,nan,nan,nan,nan,nan,nan,nan
05-Aug-25 10:55:00 AM AEST,nan,53.8,16.4,nan,nan,nan,326.20,0.57,10.60,5.70,326.10,678.30
05-Aug-25 10:56:00 AM AEST,nan,53.2,16.6,nan,nan,nan,320.50,0.56,9.50,5.60,320.90,615.80
05-Aug-25 10:57:00 AM AEST,nan,53.3,16.3,nan,nan,nan,319.80,0.33,4.70,3.30,nan,290.80
05-Aug-25 10:58:00 AM AEST,26.8,52.8,16.5,nan,nan,nan,353.50,nan,nan,3.20,353.70,274.10
05-Aug-25 10:59:00 AM AEST,nan,53.2,16.4,nan,nan,nan,335.60,0.32,5.90,2.70,327.30,692.50
05-Aug-25 11:00:00 AM AEST,26.9,53.3,16.5,nan,nan,nan,5.00,0.45,8.30,4.00,2.60,678.30
05-Aug-25 11:00:20 AM AEST,nan,nan,nan,nan,nan,0.41,nan,nan,nan,nan,nan,nan
05-Aug-25 11:01:00 AM AEST,nan,nan,16.6,nan,nan,nan,316.70,0.34,5.90,2.80,307.70,667.40
05-Aug-25 11:01:04 AM AEST,27.1,nan,nan,nan,nan,nan,nan,nan,nan,nan,nan,nan
05-Aug-25 11:02:00 AM AEST,nan,53.5,16.8,nan,nan,nan,290.80,0.43,7.10,4.20,294.40,673.30
05-Aug-25 11:03:00 AM AEST,27.2,53.3,16.9,nan,nan,nan,302.30,0.28,5.90,2.80,302.20,322.50
05-Aug-25 11:04:00 AM AEST,nan,52.8,nan,nan,nan,nan,251.80,0.35,8.30,2.40,210.50,423.30
05-Aug-25 11:04:04 AM AEST,27.3,nan,nan,nan,nan,nan,nan,nan,nan,nan,nan,nan
05-Aug-25 11:05:00 AM AEST,nan,52.0,16.8,nan,nan,nan,262.10,0.50,9.50,4.10,275.90,110.00
05-Aug-25 11:05:08 AM AEST,27.2,nan,nan,nan,nan,nan,nan,nan,nan,nan,nan,nan
05-Aug-25 11:06:00 AM AEST,nan,51.3,16.5,nan,nan,nan,293.00,0.15,3.50,1.50,292.90,365.80
05-Aug-25 11:06:12 AM AEST,27.1,nan,nan,nan,nan,nan,nan,nan,nan,nan,nan,nan
05-Aug-25 11:07:00 AM AEST,nan,52.2,16.2,nan,nan,nan,nan,0.12,2.40,1.20,292.80,352.50
05-Aug-25 11:07:16 AM AEST,27.2,nan,nan,nan,nan,nan,nan,nan,nan,nan,nan,nan
05-Aug-25 11:08:00 AM AEST,nan,53.2,16.4,nan,nan,nan,nan,0.18,3.50,1.80,292.90,193.30
05-Aug-25 11:08:20 AM AEST,27.1,nan,nan,nan,nan,nan,nan,nan,nan,nan,nan,nan
05-Aug-25 11:09:00 AM AEST,nan,52.3,16.8,nan,nan,nan,nan,0.24,nan,2.40,nan,317.50
05-Aug-25 11:10:00 AM AEST,nan,52.2,16.5,nan,nan,nan,nan,0.18,4.70,1.80,293.00,115.80
05-Aug-25 11:11:00 AM AEST,27.0,52.7,nan,nan,nan,nan,nan,0.16,3.50,1.60,292.90,120.80
05-Aug-25 11:12:00 AM AEST,nan,nan,nan,nan,nan,nan,nan,0.12,nan,1.20,nan,233.30
05-Aug-25 11:13:00 AM AEST,nan,52.8,nan,nan,nan,nan,292.80,0.17,nan,1.70,292.80,357.40
05-Aug-25 11:14:00 AM AEST,nan,53.8,nan,nan,nan,nan,292.90,0.13,2.40,1.30,293.00,422.50
05-Aug-25 11:15:00 AM AEST,26.9,53.0,16.8,nan,nan,nan,282.40,0.46,7.10,4.50,281.10,140.00
05-Aug-25 11:16:00 AM AEST,nan,52.2,16.5,nan,nan,nan,272.30,0.60,9.50,5.20,274.80,549.10
05-Aug-25 11:16:04 AM AEST,26.7,nan,nan,nan,nan,nan,nan,nan,nan,nan,nan,nan
05-Aug-25 11:17:00 AM AEST,nan,53.3,16.0,nan,nan,nan,295.10,0.35,7.10,3.50,295.00,660.00
05-Aug-25 11:17:08 AM AEST,26.6,nan,nan,nan,nan,nan,nan,nan,nan,nan,nan,nan
05-Aug-25 11:18:00 AM AEST,nan,54.3,16.3,nan,nan,nan,237.00,0.15,2.40,1.30,230.30,649.10
05-Aug-25 11:18:12 AM AEST,26.8,nan,nan,nan,nan,nan,nan,nan,nan,nan,nan,nan
05-Aug-25 11:19:00 AM AEST,nan,53.7,16.8,nan,nan,nan,219.30,0.38,5.90,3.50,216.30,650.00
05-Aug-25 11:19:16 AM AEST,26.9,nan,nan,nan,nan,nan,nan,nan,nan,nan,nan,nan
05-Aug-25 11:20:00 AM AEST,nan,54.3,16.7,nan,nan,nan,295.90,0.54,8.30,5.00,302.90,655.80
05-Aug-25 11:20:20 AM AEST,27.0,nan,nan,nan,nan,nan,nan,nan,nan,nan,nan,nan
05-Aug-25 11:21:00 AM AEST,nan,53.3,17.0,nan,nan,nan,318.30,0.53,nan,4.90,312.80,659.10
05-Aug-25 11:21:24 AM AEST,26.9,nan,nan,nan,nan,nan,nan,nan,nan,nan,nan,nan
05-Aug-25 11:22:00 AM AEST,nan,52.7,16.6,nan,nan,nan,301.40,0.78,10.60,7.10,305.30,659.20
05-Aug-25 11:23:00 AM AEST,nan,53.2,16.4,nan,nan,nan,208.60,0.39,5.90,2.30,216.00,659.10
05-Aug-25 11:24:00 AM AEST,27.1,nan,16.6,nan,nan,nan,188.20,0.17,2.40,1.70,188.10,665.00
05-Aug-25 11:25:00 AM AEST,nan,53.0,16.7,nan,nan,nan,188.60,0.20,3.50,2.00,188.60,672.40
05-Aug-25 11:25:04 AM AEST,27.4,nan,nan,nan,nan,nan,nan,nan,nan,nan,nan,nan
05-Aug-25 11:26:00 AM AEST,nan,53.2,16.9,nan,nan,nan,300.20,0.42,7.10,3.10,318.40,683.30
05-Aug-25 11:26:08 AM AEST,27.5,nan,nan,nan,nan,nan,nan,nan,nan,nan,nan,nan
05-Aug-25 11:27:00 AM AEST,nan,52.2,17.1,nan,nan,nan,284.10,0.37,nan,2.40,254.00,631.70
05-Aug-25 11:27:12 AM AEST,27.6,nan,nan,nan,nan,nan,nan,nan,nan,nan,nan,nan
05-Aug-25 11:28:00 AM AEST,nan,52.8,16.8,nan,nan,nan,277.40,0.53,8.30,4.80,282.50,287.40
05-Aug-25 11:28:16 AM AEST,27.5,nan,nan,nan,nan,nan,nan,nan,nan,nan,nan,nan
05-Aug-25 11:29:00 AM AEST,nan,52.5,17.1,nan,nan,nan,302.40,nan,nan,4.90,305.80,669.20
05-Aug-25 11:29:20 AM AEST,27.4,nan,nan,nan,nan,nan,nan,nan,nan,nan,nan,nan
05-Aug-25 11:30:00 AM AEST,nan,51.3,16.9,nan,nan,nan,331.60,0.74,13.00,7.30,330.70,672.40
05-Aug-25 11:30:24 AM AEST,27.2,nan,nan,nan,nan,nan,nan,nan,nan,nan,nan,nan
05-Aug-25 11:31:00 AM AEST,nan,50.3,16.5,nan,nan,nan,317.30,0.67,nan,6.10,317.20,157.50
05-Aug-25 11:31:28 AM AEST,27.1,nan,nan,nan,nan,nan,nan,nan,nan,nan,nan,nan
05-Aug-25 11:32:00 AM AEST,nan,50.7,16.0,nan,nan,nan,319.90,0.38,5.90,3.80,320.00,330.80
05-Aug-25 11:33:00 AM AEST,nan,50.5,nan,nan,nan,nan,313.20,0.37,nan,3.70,313.20,659.90
05-Aug-25 11:34:00 AM AEST,27.3,50.7,nan,nan,nan,nan,312.80,0.20,3.50,2.00,312.60,653.30
05-Aug-25 11:35:00 AM AEST,nan,nan,16.2,nan,nan,nan,287.90,0.56,11.80,4.60,292.20,nan
05-Aug-25 11:35:04 AM AEST,27.4,nan,nan,nan,nan,nan,nan,nan,nan,nan,nan,nan
05-Aug-25 11:35:04 AM AEST,27.2,nan,nan,nan,nan,nan,nan,nan,nan,nan,nan,nan
05-Aug-25 11:36:00 AM AEST,nan,50.8,nan,nan,nan,nan,349.50,0.96,14.20,7.90,344.00,nan
05-Aug-25 11:36:08 AM AEST,27.1,nan,nan,nan,nan,nan,nan,nan,nan,nan,nan,nan
05-Aug-25 11:37:00 AM AEST,nan,nan,nan,nan,nan,nan,329.30,0.63,10.60,6.00,323.90,652.50
05-Aug-25 11:37:12 AM AEST,27.2,nan,nan,nan,nan,nan,nan,nan,nan,nan,nan,nan
05-Aug-25 11:38:00 AM AEST,nan,51.0,16.0,nan,nan,nan,7.60,0.38,7.10,3.80,7.40,651.60
05-Aug-25 11:38:16 AM AEST,27.5,nan,nan,nan,nan,nan,nan,nan,nan,nan,nan,nan
05-Aug-25 11:39:00 AM AEST,nan,51.5,16.2,nan,nan,nan,324.90,0.30,5.90,1.60,287.20,653.30
05-Aug-25 11:39:20 AM AEST,27.6,nan,nan,nan,nan,nan,nan,nan,nan,nan,nan,nan
05-Aug-25 11:40:00 AM AEST,nan,51.7,16.6,nan,nan,nan,225.60,0.52,7.10,4.30,224.10,nan
05-Aug-25 11:41:00 AM AEST,nan,51.5,16.7,nan,nan,nan,245.90,0.37,5.90,3.50,246.50,654.20
05-Aug-25 11:42:00 AM AEST,27.5,51.0,nan,nan,nan,nan,299.60,0.55,9.50,5.50,299.60,657.50
05-Aug-25 11:43:00 AM AEST,nan,nan,16.5,nan,nan,nan,198.70,0.35,5.90,2.50,181.80,659.10
05-Aug-25 11:43:04 AM AEST,27.6,nan,nan,nan,nan,nan,nan,nan,nan,nan,nan,nan
05-Aug-25 11:44:00 AM AEST,nan,50.7,16.6,nan,nan,nan,198.30,0.59,9.50,5.70,198.00,660.80
05-Aug-25 11:45:00 AM AEST,27.7,51.0,16.5,nan,nan,nan,218.30,0.47,7.10,4.60,218.80,663.30
05-Aug-25 11:46:00 AM AEST,nan,51.5,16.6,nan,nan,nan,224.10,0.25,3.50,2.50,224.90,665.80
05-Aug-25 11:47:00 AM AEST,27.8,nan,16.8,nan,nan,nan,246.70,0.52,8.30,3.80,260.40,666.70
05-Aug-25 11:48:00 AM AEST,nan,51.0,16.9,nan,nan,nan,232.40,0.57,9.50,4.80,221.50,664.90
05-Aug-25 11:48:04 AM AEST,27.7,nan,nan,nan,nan,nan,nan,nan,nan,nan,nan,nan
05-Aug-25 11:49:00 AM AEST,nan,50.7,16.7,nan,nan,nan,258.80,0.60,nan,3.70,246.30,660.00
05-Aug-25 11:49:08 AM AEST,27.6,nan,nan,nan,nan,nan,nan,nan,nan,nan,nan,nan
05-Aug-25 11:50:00 AM AEST,nan,51.3,16.5,nan,nan,nan,218.90,0.31,4.70,2.60,227.70,654.10
05-Aug-25 11:50:12 AM AEST,27.7,nan,nan,nan,nan,nan,nan,nan,nan,nan,nan,nan
05-Aug-25 11:50:12 AM AEST,27.8,nan,nan,nan,nan,nan,nan,nan,nan,nan,nan,nan
05-Aug-25 11:51:00 AM AEST,nan,51.2,16.7,nan,nan,nan,207.40,0.37,5.90,3.70,212.10,655.80
05-Aug-25 11:51:16 AM AEST,27.9,nan,nan,nan,nan,nan,nan,nan,nan,nan,nan,nan
05-Aug-25 11:52:00 AM AEST,nan,51.5,16.8,nan,nan,nan,212.30,0.24,3.50,2.40,212.60,657.50
05-Aug-25 11:52:20 AM AEST,28.0,nan,nan,nan,nan,nan,nan,nan,nan,nan,nan,nan
05-Aug-25 11:53:00 AM AEST,nan,nan,17.0,nan,nan,nan,195.70,0.39,7.10,3.70,184.80,659.10
05-Aug-25 11:53:24 AM AEST,27.9,nan,nan,nan,nan,nan,nan,nan,nan,nan,nan,nan
05-Aug-25 11:54:00 AM AEST,nan,50.5,nan,nan,nan,nan,180.90,0.43,nan,4.30,182.00,659.20
05-Aug-25 11:55:00 AM AEST,nan,51.0,16.7,nan,nan,nan,296.40,0.65,10.60,5.70,303.30,659.90
05-Aug-25 11:56:00 AM AEST,nan,51.7,16.8,nan,nan,nan,296.50,0.26,4.70,2.40,293.20,663.30
05-Aug-25 11:57:00 AM AEST,28.0,50.8,17.1,nan,nan,nan,181.50,0.53,8.30,5.10,179.50,667.50
05-Aug-25 11:58:00 AM AEST,nan,50.0,16.9,nan,nan,nan,209.20,0.86,11.80,8.20,210.50,669.90
05-Aug-25 11:58:04 AM AEST,27.9,nan,nan,nan,nan,nan,nan,nan,nan,nan,nan,nan
05-Aug-25 11:59:00 AM AEST,nan,50.8,16.5,nan,nan,nan,196.40,0.53,7.10,4.60,198.90,667.50
05-Aug-25 11:59:08 AM AEST,27.8,nan,nan,nan,nan,nan,nan,nan,nan,nan,nan,nan
05-Aug-25 12:00:00 PM AEST,nan,51.7,16.7,nan,nan,nan,306.90,0.50,8.30,4.50,302.10,664.10
05-Aug-25 12:00:24 PM AEST,nan,nan,nan,nan,nan,0.49,nan,nan,nan,nan,nan,nan
05-Aug-25 12:01:00 PM AEST,27.9,51.8,17.0,nan,nan,nan,330.90,0.29,4.70,2.60,329.90,663.30
05-Aug-25 12:02:00 PM AEST,nan,51.5,17.1,nan,nan,nan,204.30,0.38,5.90,3.00,201.60,662.40
05-Aug-25 12:02:04 PM AEST,28.0,nan,nan,nan,nan,nan,nan,nan,nan,nan,nan,nan
05-Aug-25 12:03:00 PM AEST,nan,51.2,nan,nan,nan,nan,231.30,0.33,nan,2.50,238.50,663.30
05-Aug-25 12:03:08 PM AEST,28.1,nan,nan,nan,nan,nan,nan,nan,nan,nan,nan,nan
05-Aug-25 12:04:00 PM AEST,nan,51.7,nan,nan,nan,nan,240.90,0.38,7.10,3.10,229.90,nan
05-Aug-25 12:04:12 PM AEST,28.2,nan,nan,nan,nan,nan,nan,nan,nan,nan,nan,nan
05-Aug-25 12:04:12 PM AEST,28.1,nan,nan,nan,nan,nan,nan,nan,nan,nan,nan,nan
05-Aug-25 12:05:00 PM AEST,nan,51.3,17.3,nan,nan,nan,209.90,0.51,8.30,4.00,211.60,664.10
05-Aug-25 12:06:00 PM AEST,nan,50.8,17.1,nan,nan,nan,244.10,0.43,7.10,3.50,240.40,663.30
05-Aug-25 12:07:00 PM AEST,28.2,51.2,17.0,nan,nan,nan,210.30,0.51,8.30,4.80,207.10,664.90
05-Aug-25 12:08:00 PM AEST,nan,51.5,17.1,nan,nan,nan,224.30,0.45,7.10,3.20,232.40,665.00
05-Aug-25 12:08:04 PM AEST,28.1,nan,nan,nan,nan,nan,nan,nan,nan,nan,nan,nan
05-Aug-25 12:09:00 PM AEST,nan,51.7,17.2,nan,nan,nan,285.70,0.54,8.30,5.00,289.20,665.80
05-Aug-25 12:09:08 PM AEST,28.0,nan,nan,nan,nan,nan,nan,nan,nan,nan,nan,nan
05-Aug-25 12:10:00 PM AEST,nan,51.8,nan,nan,nan,nan,291.90,0.43,5.90,4.30,293.10,nan
05-Aug-25 12:10:12 PM AEST,28.1,nan,nan,nan,nan,nan,nan,nan,nan,nan,nan,nan
05-Aug-25 12:11:00 PM AEST,nan,nan,nan,nan,nan,nan,296.20,0.56,13.00,5.20,297.30,nan
05-Aug-25 12:11:16 PM AEST,28.0,nan,nan,nan,nan,nan,nan,nan,nan,nan,nan,nan
05-Aug-25 12:12:00 PM AEST,nan,51.5,nan,nan,nan,nan,249.30,0.58,7.10,4.20,248.10,666.60
05-Aug-25 12:12:20 PM AEST,27.9,nan,nan,nan,nan,nan,nan,nan,nan,nan,nan,nan
05-Aug-25 12:13:00 PM AEST,nan,50.7,17.0,nan,nan,nan,301.30,0.57,9.50,5.40,303.60,670.00
05-Aug-25 12:13:24 PM AEST,28.0,nan,nan,nan,nan,nan,nan,nan,nan,nan,nan,nan
05-Aug-25 12:14:00 PM AEST,nan,51.2,16.7,nan,nan,nan,309.20,0.28,4.70,2.80,309.10,674.20
05-Aug-25 12:14:28 PM AEST,28.2,nan,nan,nan,nan,nan,nan,nan,nan,nan,nan,nan
05-Aug-25 12:15:00 PM AEST,nan,52.2,17.0,nan,nan,nan,281.90,0.37,5.90,3.60,282.40,676.60
05-Aug-25 12:15:32 PM AEST,28.3,nan,nan,nan,nan,nan,nan,nan,nan,nan,nan,nan
05-Aug-25 12:16:00 PM AEST,nan,51.8,17.5,nan,nan,nan,272.40,0.31,nan,3.00,270.80,674.20
05-Aug-25 12:16:36 PM AEST,28.4,nan,nan,nan,nan,nan,nan,nan,nan,nan,nan,nan
05-Aug-25 12:17:00 PM AEST,nan,51.7,nan,nan,nan,nan,244.70,0.41,9.50,3.30,240.70,669.10
05-Aug-25 12:17:40 PM AEST,28.3,nan,nan,nan,nan,nan,nan,nan,nan,nan,nan,nan
05-Aug-25 12:18:00 PM AEST,nan,51.2,nan,nan,nan,nan,243.50,0.56,7.10,3.10,239.70,667.50
05-Aug-25 12:19:00 PM AEST,nan,51.3,17.3,nan,nan,nan,273.80,0.46,nan,2.80,271.70,665.80
05-Aug-25 12:20:00 PM AEST,28.2,51.2,nan,nan,nan,nan,317.70,0.62,10.60,3.70,313.40,664.90
05-Aug-25 12:21:00 PM AEST,nan,51.0,17.2,nan,nan,nan,288.90,0.66,nan,6.00,290.20,664.20
05-Aug-25 12:21:04 PM AEST,28.1,nan,nan,nan,nan,nan,nan,nan,nan,nan,nan,nan
05-Aug-25 12:22:00 PM AEST,nan,50.8,17.0,nan,nan,nan,299.00,0.67,9.50,6.40,300.90,664.90
05-Aug-25 12:22:08 PM AEST,27.9,nan,nan,nan,nan,nan,nan,nan,nan,nan,nan,nan
05-Aug-25 12:22:08 PM AEST,28.0,nan,nan,nan,nan,nan,nan,nan,nan,nan,nan,nan
05-Aug-25 12:23:00 PM AEST,nan,nan,16.8,nan,nan,nan,284.70,0.58,nan,5.40,283.40,665.00
05-Aug-25 12:23:12 PM AEST,27.8,nan,nan,nan,nan,nan,nan,nan,nan,nan,nan,nan
05-Aug-25 12:24:00 PM AEST,nan,50.3,nan,nan,nan,nan,308.10,0.68,10.60,6.60,309.40,nan
05-Aug-25 12:24:16 PM AEST,27.7,nan,nan,nan,nan,nan,nan,nan,nan,nan,nan,nan
05-Aug-25 12:25:00 PM AEST,nan,51.0,16.5,nan,nan,nan,302.40,0.62,9.50,6.10,302.80,664.90
05-Aug-25 12:25:20 PM AEST,27.8,nan,nan,nan,nan,nan,nan,nan,nan,nan,nan,nan
05-Aug-25 12:26:00 PM AEST,nan,52.0,16.6,nan,nan,nan,271.40,0.41,5.90,2.40,272.40,664.20
05-Aug-25 12:26:24 PM AEST,28.0,nan,nan,nan,nan,nan,nan,nan,nan,nan,nan,nan
05-Aug-25 12:27:00 PM AEST,nan,nan,17.1,nan,nan,nan,214.40,0.31,nan,2.80,213.70,664.10
05-Aug-25 12:27:28 PM AEST,28.2,nan,nan,nan,nan,nan,nan,nan,nan,nan,nan,nan
05-Aug-25 12:28:00 PM AEST,nan,nan,17.2,nan,nan,nan,235.90,0.37,nan,3.20,237.90,664.20
05-Aug-25 12:28:32 PM AEST,28.1,nan,nan,nan,nan,nan,nan,nan,nan,nan,nan,nan
05-Aug-25 12:29:00 PM AEST,nan,51.5,17.4,nan,nan,nan,277.80,0.51,7.10,4.70,283.20,662.50
05-Aug-25 12:29:36 PM AEST,28.0,nan,nan,nan,nan,nan,nan,nan,nan,nan,nan,nan
05-Aug-25 12:30:00 PM AEST,nan,50.8,17.2,nan,nan,nan,285.90,0.50,8.30,4.50,285.90,663.30
05-Aug-25 12:31:00 PM AEST,nan,51.8,16.9,nan,nan,nan,244.50,0.53,nan,2.30,239.60,664.20
05-Aug-25 12:32:00 PM AEST,nan,52.2,17.2,nan,nan,nan,308.90,0.62,nan,5.10,309.50,664.10
05-Aug-25 12:33:00 PM AEST,28.1,52.0,17.3,nan,nan,nan,289.20,0.50,9.50,4.50,293.30,663.30
05-Aug-25 12:34:00 PM AEST,nan,51.0,nan,nan,nan,nan,314.10,1.03,14.20,10.00,313.80,664.20
05-Aug-25 12:34:04 PM AEST,27.8,nan,nan,nan,nan,nan,nan,nan,nan,nan,nan,nan
05-Aug-25 12:35:00 PM AEST,nan,51.5,16.8,nan,nan,nan,291.60,0.53,9.50,1.60,244.70,664.90
05-Aug-25 12:35:08 PM AEST,27.9,nan,nan,nan,nan,nan,nan,nan,nan,nan,nan,nan
05-Aug-25 12:36:00 PM AEST,nan,51.3,16.9,nan,nan,nan,188.30,0.43,7.10,4.10,191.20,664.20
05-Aug-25 12:36:12 PM AEST,28.0,nan,nan,nan,nan,nan,nan,nan,nan,nan,nan,nan
05-Aug-25 12:37:00 PM AEST,nan,nan,17.0,nan,nan,nan,292.30,0.62,10.60,5.30,296.30,664.10
05-Aug-25 12:38:00 PM AEST,nan,51.2,nan,nan,nan,nan,229.10,0.67,nan,4.90,218.30,663.30
05-Aug-25 12:39:00 PM AEST,27.9,50.3,16.9,nan,nan,nan,199.30,0.64,9.50,5.30,198.20,662.50
05-Aug-25 12:40:00 PM AEST,nan,51.0,16.7,nan,nan,nan,258.50,0.62,8.30,3.50,268.20,661.60
05-Aug-25 12:41:00 PM AEST,nan,51.2,16.8,nan,nan,nan,310.40,0.63,13.00,4.50,314.30,661.70
05-Aug-25 12:42:00 PM AEST,nan,51.3,16.9,nan,nan,nan,241.20,nan,10.60,3.70,251.00,660.80
05-Aug-25 12:43:00 PM AEST,28.1,nan,nan,nan,nan,nan,226.80,0.25,3.50,2.40,225.30,nan
05-Aug-25 12:44:00 PM AEST,nan,51.7,17.1,nan,nan,nan,217.30,0.41,10.60,4.00,213.30,nan
05-Aug-25 12:44:04 PM AEST,28.3,nan,nan,nan,nan,nan,nan,nan,nan,nan,nan,nan
05-Aug-25 12:45:00 PM AEST,nan,50.8,17.4,nan,nan,nan,181.90,0.68,11.80,4.90,182.40,659.90
05-Aug-25 12:45:08 PM AEST,28.1,nan,nan,nan,nan,nan,nan,nan,nan,nan,nan,nan
05-Aug-25 12:46:00 PM AEST,nan,51.0,17.0,nan,nan,nan,300.60,0.54,10.60,5.40,300.60,659.20
05-Aug-25 12:47:00 PM AEST,27.9,50.5,nan,nan,nan,nan,306.50,0.79,11.80,7.30,306.30,657.40
05-Aug-25 12:48:00 PM AEST,nan,50.8,16.6,nan,nan,nan,278.10,0.63,9.50,4.90,278.20,656.70
05-Aug-25 12:48:04 PM AEST,27.8,nan,nan,nan,nan,nan,nan,nan,nan,nan,nan,nan
05-Aug-25 12:48:04 PM AEST,27.9,nan,nan,nan,nan,nan,nan,nan,nan,nan,nan,nan
05-Aug-25 12:49:00 PM AEST,nan,51.2,16.7,nan,nan,nan,323.40,0.57,8.30,5.50,321.80,657.50
05-Aug-25 12:49:08 PM AEST,28.0,nan,nan,nan,nan,nan,nan,nan,nan,nan,nan,nan
05-Aug-25 12:50:00 PM AEST,nan,51.7,16.9,nan,nan,nan,295.20,0.37,9.50,3.70,297.60,658.30
05-Aug-25 12:50:12 PM AEST,28.1,nan,nan,nan,nan,nan,nan,nan,nan,nan,nan,nan
05-Aug-25 12:51:00 PM AEST,nan,51.2,17.1,nan,nan,nan,321.30,0.59,8.30,5.70,320.00,657.50
05-Aug-25 12:51:16 PM AEST,28.3,nan,nan,nan,nan,nan,nan,nan,nan,nan,nan,nan
05-Aug-25 12:52:00 PM AEST,nan,51.5,nan,nan,nan,nan,326.20,0.21,3.50,2.10,325.10,656.60
05-Aug-25 12:52:20 PM AEST,28.5,nan,nan,nan,nan,nan,nan,nan,nan,nan,nan,nan
05-Aug-25 12:53:00 PM AEST,nan,51.0,17.4,nan,nan,nan,308.20,0.40,5.90,3.80,306.60,656.70
05-Aug-25 12:53:24 PM AEST,28.4,nan,nan,nan,nan,nan,nan,nan,nan,nan,nan,nan
05-Aug-25 12:54:00 PM AEST,nan,nan,nan,nan,nan,nan,273.50,0.53,10.60,4.60,283.30,655.00
05-Aug-25 12:54:28 PM AEST,28.2,nan,nan,nan,nan,nan,nan,nan,nan,nan,nan,nan
05-Aug-25 12:55:00 PM AEST,nan,50.2,17.3,nan,nan,nan,288.80,0.80,nan,7.40,289.70,654.90
05-Aug-25 12:55:32 PM AEST,28.0,nan,nan,nan,nan,nan,nan,nan,nan,nan,nan,nan
05-Aug-25 12:56:00 PM AEST,nan,nan,16.9,nan,nan,nan,320.30,0.76,13.00,nan,318.60,654.20
05-Aug-25 12:57:00 PM AEST,nan,50.7,16.7,nan,nan,nan,222.70,0.47,7.10,4.00,219.30,653.30
05-Aug-25 12:58:00 PM AEST,28.2,51.7,16.8,nan,nan,nan,242.70,0.38,4.70,3.60,241.60,nan
05-Aug-25 12:59:00 PM AEST,nan,51.8,17.3,nan,nan,nan,277.90,0.37,5.90,nan,280.00,652.50
05-Aug-25 12:59:04 PM AEST,28.4,nan,nan,nan,nan,nan,nan,nan,nan,nan,nan,nan
05-Aug-25 1:00:00 PM AEST,nan,50.8,17.5,nan,nan,nan,273.40,0.59,7.10,4.90,274.80,650.80
05-Aug-25 1:00:08 PM AEST,28.3,nan,nan,nan,nan,nan,nan,nan,nan,nan,nan,nan
05-Aug-25 1:00:28 PM AEST,nan,nan,nan,nan,nan,0.46,nan,nan,nan,nan,nan,nan
05-Aug-25 1:01:00 PM AEST,nan,50.5,17.1,nan,nan,nan,271.50,0.70,13.00,5.80,283.60,nan
05-Aug-25 1:01:12 PM AEST,28.1,nan,nan,nan,nan,nan,nan,nan,nan,nan,nan,nan
05-Aug-25 1:02:00 PM AEST,nan,nan,16.9,nan,nan,nan,250.00,0.49,5.90,2.70,258.40,649.90
05-Aug-25 1:02:16 PM AEST,28.3,nan,nan,nan,nan,nan,nan,nan,nan,nan,nan,nan
05-Aug-25 1:03:00 PM AEST,nan,51.5,nan,nan,nan,nan,309.00,0.37,4.70,2.30,306.80,606.70
05-Aug-25 1:04:00 PM AEST,nan,51.2,17.3,nan,nan,nan,59.50,0.34,7.10,1.00,23.40,650.00
05-Aug-25 1:05:00 PM AEST,nan,50.8,17.2,nan,nan,nan,301.90,0.66,9.50,6.40,302.00,649.10
05-Aug-25 1:06:00 PM AEST,28.1,50.5,17.1,nan,nan,nan,294.40,0.49,8.30,4.80,291.90,648.30
05-Aug-25 1:07:00 PM AEST,nan,50.8,16.9,nan,nan,nan,272.40,0.34,7.10,3.40,274.60,647.40
05-Aug-25 1:07:04 PM AEST,28.2,nan,nan,nan,nan,nan,nan,nan,nan,nan,nan,nan
05-Aug-25 1:08:00 PM AEST,nan,nan,17.1,nan,nan,nan,259.70,0.49,8.30,3.70,259.50,647.50
05-Aug-25 1:08:08 PM AEST,28.4,nan,nan,nan,nan,nan,nan,nan,nan,nan,nan,nan
05-Aug-25 1:08:08 PM AEST,28.2,nan,nan,nan,nan,nan,nan,nan,nan,nan,nan,nan
05-Aug-25 1:09:00 PM AEST,nan,50.3,17.2,nan,nan,nan,311.40,0.84,10.60,8.00,310.90,645.80
05-Aug-25 1:09:12 PM AEST,28.1,nan,nan,nan,nan,nan,nan,nan,nan,nan,nan,nan
05-Aug-25 1:10:00 PM AEST,nan,50.2,16.9,nan,nan,nan,312.80,0.57,9.50,4.70,315.30,644.90
05-Aug-25 1:10:16 PM AEST,28.3,nan,nan,nan,nan,nan,nan,nan,nan,nan,nan,nan
05-Aug-25 1:11:00 PM AEST,nan,50.7,16.7,nan,nan,nan,235.20,0.22,4.70,2.10,231.00,644.20
05-Aug-25 1:11:20 PM AEST,28.5,nan,nan,nan,nan,nan,nan,nan,nan,nan,nan,nan
05-Aug-25 1:12:00 PM AEST,nan,51.2,17.1,nan,nan,nan,267.80,0.44,8.30,3.30,274.90,643.30
05-Aug-25 1:12:24 PM AEST,28.6,nan,nan,nan,nan,nan,nan,nan,nan,nan,nan,nan
05-Aug-25 1:13:00 PM AEST,nan,51.0,17.5,nan,nan,nan,306.80,0.41,9.50,4.00,307.00,642.50
05-Aug-25 1:13:28 PM AEST,28.5,nan,nan,nan,nan,nan,nan,nan,nan,nan,nan,nan
05-Aug-25 1:14:00 PM AEST,nan,nan,17.4,nan,nan,nan,303.30,0.43,7.10,4.30,305.80,640.80
05-Aug-25 1:14:32 PM AEST,28.7,nan,nan,nan,nan,nan,nan,nan,nan,nan,nan,nan
05-Aug-25 1:15:00 PM AEST,nan,51.8,nan,nan,nan,nan,273.20,0.39,nan,2.90,261.80,639.90
05-Aug-25 1:15:36 PM AEST,28.6,nan,nan,nan,nan,nan,nan,nan,nan,nan,nan,nan
05-Aug-25 1:16:00 PM AEST,nan,50.7,17.8,nan,nan,nan,307.30,0.65,9.50,6.40,307.30,639.20
05-Aug-25 1:16:40 PM AEST,28.5,nan,nan,nan,nan,nan,nan,nan,nan,nan,nan,nan
05-Aug-25 1:17:00 PM AEST,nan,50.5,17.3,nan,nan,nan,299.60,0.59,10.60,5.80,298.60,639.10
05-Aug-25 1:17:44 PM AEST,28.3,nan,nan,nan,nan,nan,nan,nan,nan,nan,nan,nan
05-Aug-25 1:18:00 PM AEST,nan,50.7,17.2,nan,nan,nan,292.40,0.82,14.20,7.20,302.00,637.50
05-Aug-25 1:18:48 PM AEST,28.4,nan,nan,nan,nan,nan,nan,nan,nan,nan,nan,nan
05-Aug-25 1:19:00 PM AEST,nan,nan,17.1,nan,nan,nan,273.50,0.30,5.90,2.20,284.50,636.70
05-Aug-25 1:19:52 PM AEST,28.6,nan,nan,nan,nan,nan,nan,nan,nan,nan,nan,nan
05-Aug-25 1:20:00 PM AEST,nan,51.2,17.2,nan,nan,nan,304.80,0.35,nan,2.90,297.20,635.80
05-Aug-25 1:21:00 PM AEST,nan,50.8,17.5,nan,nan,nan,224.80,0.44,7.10,2.70,227.60,635.00
05-Aug-25 1:22:00 PM AEST,28.7,51.0,17.4,nan,nan,nan,250.20,0.36,nan,2.40,242.80,634.10
05-Aug-25 1:23:00 PM AEST,nan,50.8,17.6,nan,nan,nan,245.70,0.53,9.50,4.10,243.90,633.30
05-Aug-25 1:24:00 PM AEST,nan,51.2,17.5,nan,nan,nan,192.20,0.55,7.10,3.90,191.20,632.50
05-Aug-25 1:25:00 PM AEST,28.6,50.7,17.6,nan,nan,nan,298.20,0.45,9.50,3.80,301.70,632.40
05-Aug-25 1:26:00 PM AEST,nan,nan,17.3,nan,nan,nan,233.10,0.34,8.30,3.40,231.90,630.00
05-Aug-25 1:27:00 PM AEST,nan,50.2,17.4,nan,nan,nan,263.50,0.50,nan,4.40,262.30,629.90
05-Aug-25 1:28:00 PM AEST,nan,50.7,17.2,nan,nan,nan,235.80,0.47,7.10,4.50,235.20,627.50
05-Aug-25 1:29:00 PM AEST,28.7,50.8,17.4,nan,nan,nan,214.40,0.69,18.90,6.60,199.80,626.70
05-Aug-25 1:30:00 PM AEST,nan,49.8,17.5,nan,nan,nan,190.20,0.82,13.00,8.10,187.20,624.90
05-Aug-25 1:30:04 PM AEST,28.2,nan,nan,nan,nan,nan,nan,nan,nan,nan,nan,nan
05-Aug-25 1:31:00 PM AEST,nan,51.5,16.7,nan,nan,nan,179.60,0.48,8.30,4.00,180.90,625.00
05-Aug-25 1:31:08 PM AEST,28.1,nan,nan,nan,nan,nan,nan,nan,nan,nan,nan,nan
05-Aug-25 1:32:00 PM AEST,nan,50.8,17.3,nan,nan,nan,191.50,0.78,11.80,7.70,192.30,623.30
05-Aug-25 1:32:12 PM AEST,28.2,nan,nan,nan,nan,nan,nan,nan,nan,nan,nan,nan
05-Aug-25 1:33:00 PM AEST,nan,52.0,17.0,nan,nan,nan,215.90,0.47,5.90,4.40,217.10,622.50
05-Aug-25 1:33:16 PM AEST,28.3,nan,nan,nan,nan,nan,nan,nan,nan,nan,nan,nan
05-Aug-25 1:34:00 PM AEST,nan,nan,17.4,nan,nan,nan,197.00,0.60,9.50,5.70,195.40,621.70
05-Aug-25 1:35:00 PM AEST,nan,nan,17.5,nan,nan,nan,198.90,0.55,8.30,5.30,196.00,619.90
05-Aug-25 1:36:00 PM AEST,28.2,51.8,nan,nan,nan,nan,195.20,0.75,13.00,7.20,190.80,619.20
05-Aug-25 1:37:00 PM AEST,nan,52.0,17.4,nan,nan,nan,220.30,0.74,10.60,5.40,221.80,617.40
05-Aug-25 1:37:04 PM AEST,28.0,nan,nan,nan,nan,nan,nan,nan,nan,nan,nan,nan
05-Aug-25 1:38:00 PM AEST,nan,52.7,17.2,nan,nan,nan,244.50,0.41,7.10,3.60,236.30,616.70
05-Aug-25 1:38:08 PM AEST,28.1,nan,nan,nan,nan,nan,nan,nan,nan,nan,nan,nan
05-Aug-25 1:38:08 PM AEST,28.3,nan,nan,nan,nan,nan,nan,nan,nan,nan,nan,nan
05-Aug-25 1:39:00 PM AEST,nan,52.3,17.5,nan,nan,nan,287.20,0.57,9.50,3.10,304.20,615.00
05-Aug-25 1:39:12 PM AEST,28.2,nan,nan,nan,nan,nan,nan,nan,nan,nan,nan,nan
05-Aug-25 1:40:00 PM AEST,nan,51.5,17.6,nan,nan,nan,218.60,0.69,nan,2.80,234.00,614.10
05-Aug-25 1:41:00 PM AEST,nan,51.7,17.2,nan,nan,nan,276.20,nan,nan,6.00,276.50,612.50
05-Aug-25 1:42:00 PM AEST,nan,51.0,17.3,nan,nan,nan,267.60,0.41,nan,4.00,273.20,612.40
05-Aug-25 1:43:00 PM AEST,nan,50.8,17.1,nan,nan,nan,279.90,0.54,nan,5.20,281.30,610.80
05-Aug-25 1:44:00 PM AEST,28.4,51.3,nan,nan,nan,nan,256.10,0.37,5.90,2.90,243.20,608.30
05-Aug-25 1:45:00 PM AEST,nan,50.8,17.4,nan,nan,nan,210.60,0.64,13.00,5.60,203.10,607.50
05-Aug-25 1:46:00 PM AEST,nan,51.0,17.3,nan,nan,nan,289.30,0.60,9.50,4.80,296.90,605.80
05-Aug-25 1:47:00 PM AEST,28.2,51.2,nan,nan,nan,nan,319.10,0.63,10.60,6.00,313.80,604.10
05-Aug-25 1:48:00 PM AEST,nan,51.3,17.1,nan,nan,nan,181.80,0.72,nan,5.80,183.90,603.30
05-Aug-25 1:48:04 PM AEST,28.1,nan,nan,nan,nan,nan,nan,nan,nan,nan,nan,nan
05-Aug-25 1:48:04 PM AEST,28.2,nan,nan,nan,nan,nan,nan,nan,nan,nan,nan,nan
05-Aug-25 1:49:00 PM AEST,nan,52.0,nan,nan,nan,nan,189.70,0.45,7.10,4.40,189.50,601.60
05-Aug-25 1:49:08 PM AEST,28.4,nan,nan,nan,nan,nan,nan,nan,nan,nan,nan,nan
05-Aug-25 1:50:00 PM AEST,nan,52.2,17.4,nan,nan,nan,305.40,0.44,5.90,1.80,297.80,600.80
05-Aug-25 1:51:00 PM AEST,nan,51.8,17.6,nan,nan,nan,244.90,0.42,nan,2.20,244.90,599.20
05-Aug-25 1:52:00 PM AEST,nan,51.7,17.5,nan,nan,nan,216.80,0.51,9.50,4.00,219.40,597.40
05-Aug-25 1:53:00 PM AEST,28.5,51.8,nan,nan,nan,nan,255.70,0.34,5.90,2.20,257.10,595.80
05-Aug-25 1:54:00 PM AEST,nan,51.7,17.6,nan,nan,nan,166.80,0.43,7.10,3.20,171.30,594.10
05-Aug-25 1:54:04 PM AEST,28.4,nan,nan,nan,nan,nan,nan,nan,nan,nan,nan,nan
05-Aug-25 1:55:00 PM AEST,nan,52.2,17.5,nan,nan,nan,292.70,0.55,13.00,4.20,300.60,593.30
05-Aug-25 1:56:00 PM AEST,28.3,52.3,17.7,nan,nan,nan,216.70,0.60,10.60,5.90,215.80,590.80
05-Aug-25 1:57:00 PM AEST,nan,52.7,17.6,nan,nan,nan,235.60,0.33,5.90,3.30,235.50,589.90
05-Aug-25 1:57:04 PM AEST,28.5,nan,nan,nan,nan,nan,nan,nan,nan,nan,nan,nan
05-Aug-25 1:58:00 PM AEST,nan,nan,17.9,nan,nan,nan,279.30,0.45,7.10,3.80,293.90,588.30
05-Aug-25 1:58:08 PM AEST,28.6,nan,nan,nan,nan,nan,nan,nan,nan,nan,nan,nan
05-Aug-25 1:59:00 PM AEST,nan,52.5,18.0,nan,nan,nan,264.90,0.95,17.80,8.10,274.30,585.80
05-Aug-25 1:59:12 PM AEST,28.4,nan,nan,nan,nan,nan,nan,nan,nan,nan,nan,nan
05-Aug-25 2:00:00 PM AEST,nan,51.7,17.8,nan,nan,nan,297.40,0.63,9.50,5.80,297.80,nan
05-Aug-25 2:00:16 PM AEST,28.1,nan,nan,nan,nan,nan,nan,nan,nan,nan,nan,nan
05-Aug-25 2:00:32 PM AEST,nan,nan,nan,nan,nan,0.39,nan,nan,nan,nan,nan,nan
05-Aug-25 2:01:00 PM AEST,nan,51.2,17.2,nan,nan,nan,303.30,0.54,8.30,5.40,302.20,584.20
05-Aug-25 2:01:20 PM AEST,28.2,nan,nan,nan,nan,nan,nan,nan,nan,nan,nan,nan
05-Aug-25 2:02:00 PM AEST,nan,nan,17.0,nan,nan,nan,263.50,0.37,5.90,1.60,249.70,581.60
05-Aug-25 2:03:00 PM AEST,nan,50.5,17.2,nan,nan,nan,313.60,0.72,10.60,6.80,314.40,580.80
05-Aug-25 2:04:00 PM AEST,27.9,50.3,17.0,nan,nan,nan,294.00,0.92,15.40,9.00,295.00,579.10
05-Aug-25 2:05:00 PM AEST,nan,50.8,16.6,nan,nan,nan,287.90,0.65,9.50,6.40,289.30,576.70
05-Aug-25 2:05:04 PM AEST,27.7,nan,nan,nan,nan,nan,nan,nan,nan,nan,nan,nan
05-Aug-25 2:06:00 PM AEST,nan,51.8,nan,nan,nan,nan,305.90,0.67,10.60,6.60,305.90,575.80
05-Aug-25 2:06:08 PM AEST,27.8,nan,nan,nan,nan,nan,nan,nan,nan,nan,nan,nan
05-Aug-25 2:07:00 PM AEST,nan,52.8,17.0,nan,nan,nan,240.60,0.59,9.50,3.80,233.30,574.10
05-Aug-25 2:07:12 PM AEST,27.9,nan,nan,nan,nan,nan,nan,nan,nan,nan,nan,nan
05-Aug-25 2:07:12 PM AEST,27.8,nan,nan,nan,nan,nan,nan,nan,nan,nan,nan,nan
05-Aug-25 2:08:00 PM AEST,nan,52.2,17.4,nan,nan,nan,292.60,0.92,13.00,7.40,301.70,573.30
05-Aug-25 2:08:16 PM AEST,27.7,nan,nan,nan,nan,nan,nan,nan,nan,nan,nan,nan
05-Aug-25 2:09:00 PM AEST,nan,52.0,17.1,nan,nan,nan,309.90,0.69,9.50,6.10,307.90,570.80
05-Aug-25 2:10:00 PM AEST,nan,52.2,16.9,nan,nan,nan,206.20,0.77,13.00,7.50,204.40,569.20
05-Aug-25 2:11:00 PM AEST,27.8,52.0,17.0,nan,nan,nan,255.10,0.43,9.50,4.00,258.70,567.50
05-Aug-25 2:12:00 PM AEST,nan,52.5,17.1,nan,nan,nan,234.70,0.51,8.30,3.50,241.30,565.80
05-Aug-25 2:12:04 PM AEST,27.9,nan,nan,nan,nan,nan,nan,nan,nan,nan,nan,nan
05-Aug-25 2:13:00 PM AEST,nan,52.8,17.3,nan,nan,nan,285.90,0.45,7.10,3.40,279.00,563.30
05-Aug-25 2:14:00 PM AEST,28.0,52.7,17.4,nan,nan,nan,247.40,0.66,8.30,4.00,248.80,561.60
05-Aug-25 2:15:00 PM AEST,nan,52.5,nan,nan,nan,nan,207.10,0.40,nan,nan,205.20,559.20
05-Aug-25 2:15:04 PM AEST,27.9,nan,nan,nan,nan,nan,nan,nan,nan,nan,nan,nan
05-Aug-25 2:15:04 PM AEST,28.1,nan,nan,nan,nan,nan,nan,nan,nan,nan,nan,nan
05-Aug-25 2:16:00 PM AEST,nan,52.7,17.3,nan,nan,nan,228.60,0.72,18.90,4.30,274.10,557.50
05-Aug-25 2:16:08 PM AEST,27.9,nan,nan,nan,nan,nan,nan,nan,nan,nan,nan,nan
05-Aug-25 2:17:00 PM AEST,nan,53.0,17.5,nan,nan,nan,276.30,0.63,10.60,2.60,256.80,555.80
05-Aug-25 2:17:12 PM AEST,28.0,nan,nan,nan,nan,nan,nan,nan,nan,nan,nan,nan
05-Aug-25 2:18:00 PM AEST,nan,53.2,17.4,nan,nan,nan,227.20,0.53,9.50,4.80,220.90,553.30
05-Aug-25 2:18:16 PM AEST,28.1,nan,nan,nan,nan,nan,nan,nan,nan,nan,nan,nan
05-Aug-25 2:19:00 PM AEST,nan,52.8,17.6,nan,nan,nan,190.10,0.61,8.30,6.00,191.40,552.40
05-Aug-25 2:19:20 PM AEST,28.0,nan,nan,nan,nan,nan,nan,nan,nan,nan,nan,nan
05-Aug-25 2:20:00 PM AEST,nan,51.7,17.5,nan,nan,nan,177.70,0.45,nan,3.20,183.50,551.60
05-Aug-25 2:20:24 PM AEST,28.1,nan,nan,nan,nan,nan,nan,nan,nan,nan,nan,nan
05-Aug-25 2:21:00 PM AEST,nan,52.0,17.1,nan,nan,nan,220.10,0.57,nan,5.70,219.60,550.00
05-Aug-25 2:22:00 PM AEST,nan,nan,17.3,nan,nan,nan,211.50,0.56,9.50,3.10,222.90,549.20
05-Aug-25 2:23:00 PM AEST,28.0,52.3,nan,nan,nan,nan,189.30,0.66,nan,6.30,188.10,546.70
05-Aug-25 2:24:00 PM AEST,nan,52.7,nan,nan,nan,nan,205.00,0.53,8.30,5.10,202.30,544.90
05-Aug-25 2:24:04 PM AEST,27.9,nan,nan,nan,nan,nan,nan,nan,nan,nan,nan,nan
05-Aug-25 2:25:00 PM AEST,nan,52.5,17.4,nan,nan,nan,197.00,0.85,13.00,8.20,196.10,543.30
05-Aug-25 2:25:08 PM AEST,28.0,nan,nan,nan,nan,nan,nan,nan,nan,nan,nan,nan
05-Aug-25 2:26:00 PM AEST,nan,52.3,17.3,nan,nan,nan,207.40,0.44,7.10,4.40,207.40,540.80
05-Aug-25 2:26:12 PM AEST,27.9,nan,nan,nan,nan,nan,nan,nan,nan,nan,nan,nan
05-Aug-25 2:27:00 PM AEST,nan,52.5,17.2,nan,nan,nan,222.90,0.40,5.90,3.90,224.50,539.90
05-Aug-25 2:27:16 PM AEST,28.1,nan,nan,nan,nan,nan,nan,nan,nan,nan,nan,nan
05-Aug-25 2:28:00 PM AEST,nan,53.0,17.4,nan,nan,nan,152.50,0.34,nan,2.80,152.70,537.50
05-Aug-25 2:28:20 PM AEST,28.2,nan,nan,nan,nan,nan,nan,nan,nan,nan,nan,nan
05-Aug-25 2:29:00 PM AEST,nan,53.3,17.7,nan,nan,nan,249.70,0.50,9.50,4.30,255.90,534.10
05-Aug-25 2:30:00 PM AEST,nan,52.8,17.8,nan,nan,nan,234.70,0.42,7.10,3.70,241.00,534.20
05-Aug-25 2:31:00 PM AEST,28.3,52.7,17.6,nan,nan,nan,168.30,0.41,5.90,3.40,169.60,531.70
05-Aug-25 2:32:00 PM AEST,nan,53.0,17.7,nan,nan,nan,170.20,0.51,15.40,1.30,192.30,529.90
05-Aug-25 2:32:04 PM AEST,28.4,nan,nan,nan,nan,nan,nan,nan,nan,nan,nan,nan
05-Aug-25 2:33:00 PM AEST,nan,51.7,17.9,nan,nan,nan,276.30,0.94,nan,8.10,285.00,527.50
05-Aug-25 2:33:08 PM AEST,28.0,nan,nan,nan,nan,nan,nan,nan,nan,nan,nan,nan
05-Aug-25 2:33:08 PM AEST,28.1,nan,nan,nan,nan,nan,nan,nan,nan,nan,nan,nan
05-Aug-25 2:34:00 PM AEST,nan,52.5,17.1,nan,nan,nan,203.20,0.41,9.50,3.90,200.80,525.80
05-Aug-25 2:34:12 PM AEST,28.2,nan,nan,nan,nan,nan,nan,nan,nan,nan,nan,nan
05-Aug-25 2:35:00 PM AEST,nan,52.2,17.5,nan,nan,nan,186.40,0.61,nan,5.90,188.80,523.30
05-Aug-25 2:35:16 PM AEST,28.1,nan,nan,nan,nan,nan,nan,nan,nan,nan,nan,nan
05-Aug-25 2:36:00 PM AEST,nan,52.8,17.4,nan,nan,nan,202.80,0.51,10.60,4.90,200.80,520.80
05-Aug-25 2:36:20 PM AEST,28.2,nan,nan,nan,nan,nan,nan,nan,nan,nan,nan,nan
05-Aug-25 2:37:00 PM AEST,nan,53.2,17.6,nan,nan,nan,315.00,0.45,9.50,4.00,310.30,519.90
05-Aug-25 2:37:24 PM AEST,28.3,nan,nan,nan,nan,nan,nan,nan,nan,nan,nan,nan
05-Aug-25 2:38:00 PM AEST,nan,53.7,17.8,nan,nan,nan,229.20,0.56,nan,4.10,229.00,516.70
05-Aug-25 2:38:28 PM AEST,28.0,nan,nan,nan,nan,nan,nan,nan,nan,nan,nan,nan
05-Aug-25 2:39:00 PM AEST,nan,53.0,18.0,nan,nan,nan,269.10,0.75,14.20,6.00,270.90,514.90
05-Aug-25 2:39:32 PM AEST,27.9,nan,nan,nan,nan,nan,nan,nan,nan,nan,nan,nan
05-Aug-25 2:40:00 PM AEST,nan,52.8,17.6,nan,nan,nan,182.50,0.89,13.00,8.60,183.20,512.50
05-Aug-25 2:41:00 PM AEST,nan,53.5,17.4,nan,nan,nan,202.00,0.52,9.50,5.10,199.80,510.80
05-Aug-25 2:42:00 PM AEST,28.1,53.8,17.6,nan,nan,nan,223.60,0.28,7.10,2.20,247.50,509.10
05-Aug-25 2:43:00 PM AEST,nan,53.3,17.9,nan,nan,nan,247.00,0.63,10.60,3.60,225.00,506.70
05-Aug-25 2:43:04 PM AEST,28.0,nan,nan,nan,nan,nan,nan,nan,nan,nan,nan,nan
05-Aug-25 2:44:00 PM AEST,nan,53.7,17.7,nan,nan,nan,299.80,0.59,11.80,5.70,298.30,504.10
05-Aug-25 2:44:08 PM AEST,27.9,nan,nan,nan,nan,nan,nan,nan,nan,nan,nan,nan
05-Aug-25 2:45:00 PM AEST,nan,52.5,nan,nan,nan,nan,261.60,0.73,nan,4.60,256.70,502.50
05-Aug-25 2:45:12 PM AEST,27.8,nan,nan,nan,nan,nan,nan,nan,nan,nan,nan,nan
05-Aug-25 2:46:00 PM AEST,nan,nan,17.3,nan,nan,nan,217.60,0.53,9.50,4.00,220.50,499.90
05-Aug-25 2:46:16 PM AEST,27.9,nan,nan,nan,nan,nan,nan,nan,nan,nan,nan,nan
05-Aug-25 2:47:00 PM AEST,nan,52.8,17.2,nan,nan,nan,242.80,0.50,nan,3.30,267.30,498.30
05-Aug-25 2:48:00 PM AEST,nan,52.2,17.4,nan,nan,nan,148.10,0.39,7.10,nan,149.00,496.70
05-Aug-25 2:49:00 PM AEST,28.0,53.5,17.2,nan,nan,nan,185.10,0.32,5.90,2.10,200.80,493.30
05-Aug-25 2:50:00 PM AEST,nan,53.2,17.7,nan,nan,nan,307.00,0.65,9.50,6.30,304.90,491.70
05-Aug-25 2:51:00 PM AEST,27.8,nan,17.6,nan,nan,nan,299.90,0.75,14.20,7.00,304.80,488.30
05-Aug-25 2:52:00 PM AEST,nan,54.0,17.4,nan,nan,nan,240.40,0.34,5.90,2.90,227.80,487.50
05-Aug-25 2:52:04 PM AEST,28.0,nan,nan,nan,nan,nan,nan,nan,nan,nan,nan,nan
05-Aug-25 2:53:00 PM AEST,nan,54.3,17.8,nan,nan,nan,207.20,0.27,4.70,2.70,207.10,485.00
05-Aug-25 2:53:08 PM AEST,28.2,nan,nan,nan,nan,nan,nan,nan,nan,nan,nan,nan
05-Aug-25 2:54:00 PM AEST,nan,53.8,18.1,nan,nan,nan,210.00,0.24,5.90,2.20,212.70,483.30
05-Aug-25 2:54:12 PM AEST,28.5,nan,nan,nan,nan,nan,nan,nan,nan,nan,nan,nan
05-Aug-25 2:54:12 PM AEST,28.6,nan,nan,nan,nan,nan,nan,nan,nan,nan,nan,nan
05-Aug-25 2:55:00 PM AEST,nan,nan,18.2,nan,nan,nan,235.60,0.26,3.50,2.60,235.50,480.80
05-Aug-25 2:56:00 PM AEST,28.7,53.5,18.3,nan,nan,nan,268.20,0.22,4.70,1.60,293.70,478.30
05-Aug-25 2:57:00 PM AEST,nan,53.7,nan,nan,nan,nan,321.30,0.38,11.80,3.60,315.10,475.80
05-Aug-25 2:57:04 PM AEST,28.8,nan,nan,nan,nan,nan,nan,nan,nan,nan,nan,nan
05-Aug-25 2:58:00 PM AEST,nan,52.7,18.5,nan,nan,nan,311.80,0.44,10.60,4.40,311.40,473.30
05-Aug-25 2:58:08 PM AEST,28.6,nan,nan,nan,nan,nan,nan,nan,nan,nan,nan,nan
05-Aug-25 2:58:08 PM AEST,28.5,nan,nan,nan,nan,nan,nan,nan,nan,nan,nan,nan
05-Aug-25 2:59:00 PM AEST,nan,52.5,18.0,nan,nan,nan,286.90,0.58,9.50,5.70,288.60,471.60
05-Aug-25 3:00:00 PM AEST,nan,53.0,17.9,nan,nan,nan,265.60,0.42,5.90,3.80,263.30,468.30
05-Aug-25 3:00:36 PM AEST,nan,nan,nan,nan,nan,0.29,nan,nan,nan,nan,nan,nan
05-Aug-25 3:01:00 PM AEST,28.6,52.8,18.0,nan,nan,nan,272.80,0.51,9.50,2.70,280.30,466.60
05-Aug-25 3:02:00 PM AEST,nan,nan,nan,nan,nan,nan,315.90,0.66,13.00,6.50,313.50,464.20
05-Aug-25 3:02:04 PM AEST,28.5,nan,nan,nan,nan,nan,nan,nan,nan,nan,nan,nan
05-Aug-25 3:03:00 PM AEST,nan,52.5,17.9,nan,nan,nan,308.70,0.79,nan,7.60,310.20,462.50
05-Aug-25 3:03:08 PM AEST,28.1,nan,nan,nan,nan,nan,nan,nan,nan,nan,nan,nan
05-Aug-25 3:03:08 PM AEST,28.0,nan,nan,nan,nan,nan,nan,nan,nan,nan,nan,nan
05-Aug-25 3:04:00 PM AEST,nan,52.7,17.5,nan,nan,nan,286.10,0.86,11.80,7.70,289.50,459.90
05-Aug-25 3:05:00 PM AEST,nan,nan,17.4,nan,nan,nan,253.10,0.45,7.10,4.30,255.80,456.70
05-Aug-25 3:06:00 PM AEST,28.1,53.0,17.5,nan,nan,nan,305.80,0.46,nan,nan,305.20,454.90
05-Aug-25 3:07:00 PM AEST,nan,53.5,17.6,nan,nan,nan,308.40,0.55,nan,5.30,309.40,452.50
05-Aug-25 3:07:04 PM AEST,28.2,nan,nan,nan,nan,nan,nan,nan,nan,nan,nan,nan
05-Aug-25 3:08:00 PM AEST,nan,53.0,17.8,nan,nan,nan,278.80,0.48,nan,4.40,278.60,449.20
05-Aug-25 3:08:08 PM AEST,28.1,nan,nan,nan,nan,nan,nan,nan,nan,nan,nan,nan
05-Aug-25 3:09:00 PM AEST,nan,52.8,17.6,nan,nan,nan,288.00,0.74,17.80,7.20,292.10,447.40
05-Aug-25 3:10:00 PM AEST,27.9,52.5,nan,nan,nan,nan,281.00,0.88,16.60,5.50,287.70,445.00
05-Aug-25 3:11:00 PM AEST,nan,53.0,17.3,nan,nan,nan,271.60,0.72,11.80,6.40,276.20,441.60
05-Aug-25 3:11:04 PM AEST,27.7,nan,nan,nan,nan,nan,nan,nan,nan,nan,nan,nan
05-Aug-25 3:12:00 PM AEST,nan,53.2,nan,nan,nan,nan,185.50,0.76,15.40,1.70,272.70,440.00
05-Aug-25 3:12:08 PM AEST,27.8,nan,nan,nan,nan,nan,nan,nan,nan,nan,nan,nan
05-Aug-25 3:13:00 PM AEST,nan,53.5,17.4,nan,nan,nan,243.10,0.60,9.50,2.30,247.50,436.70
05-Aug-25 3:13:12 PM AEST,27.6,nan,nan,nan,nan,nan,nan,nan,nan,nan,nan,nan
05-Aug-25 3:14:00 PM AEST,nan,52.8,17.5,nan,nan,nan,258.00,0.83,11.80,7.10,260.20,434.90
05-Aug-25 3:15:00 PM AEST,nan,53.2,17.1,nan,nan,nan,261.40,0.66,nan,6.20,262.70,435.00
05-Aug-25 3:16:00 PM AEST,nan,nan,17.2,nan,nan,nan,237.00,0.54,8.30,4.60,239.40,433.30
05-Aug-25 3:17:00 PM AEST,nan,53.3,nan,nan,nan,nan,249.50,0.94,15.40,5.30,264.10,429.20
05-Aug-25 3:18:00 PM AEST,27.5,53.7,nan,nan,nan,nan,295.30,0.64,9.50,5.80,296.10,425.00
05-Aug-25 3:19:00 PM AEST,nan,nan,17.3,nan,nan,nan,303.00,0.46,7.10,4.50,303.70,422.40
05-Aug-25 3:20:00 PM AEST,27.8,54.0,nan,nan,nan,nan,224.30,0.40,8.30,3.60,216.70,419.20
05-Aug-25 3:21:00 PM AEST,nan,54.3,17.6,nan,nan,nan,212.60,0.32,4.70,3.20,212.30,416.60
05-Aug-25 3:21:04 PM AEST,28.1,nan,nan,nan,nan,nan,nan,nan,nan,nan,nan,nan
05-Aug-25 3:22:00 PM AEST,nan,nan,18.0,nan,nan,nan,216.40,0.53,7.10,4.90,215.20,415.00
05-Aug-25 3:23:00 PM AEST,28.3,54.0,nan,nan,nan,nan,233.10,0.33,5.90,3.00,238.60,412.50
05-Aug-25 3:24:00 PM AEST,nan,53.8,18.1,nan,nan,nan,278.50,0.68,13.00,5.00,278.50,409.10
05-Aug-25 3:24:04 PM AEST,28.1,nan,nan,nan,nan,nan,nan,nan,nan,nan,nan,nan
05-Aug-25 3:25:00 PM AEST,nan,nan,17.8,nan,nan,nan,286.10,0.44,5.90,0.60,272.80,406.70
05-Aug-25 3:25:08 PM AEST,27.9,nan,nan,nan,nan,nan,nan,nan,nan,nan,nan,nan
05-Aug-25 3:26:00 PM AEST,nan,nan,17.7,nan,nan,nan,194.50,0.75,10.60,6.80,197.40,404.10
05-Aug-25 3:27:00 PM AEST,nan,54.0,nan,nan,nan,nan,201.60,0.64,9.50,6.30,200.50,401.70
05-Aug-25 3:28:00 PM AEST,nan,nan,17.8,nan,nan,nan,194.00,0.60,nan,5.90,195.20,399.10
05-Aug-25 3:29:00 PM AEST,28.0,54.5,17.7,nan,nan,nan,201.90,0.28,5.90,2.80,201.80,397.50
05-Aug-25 3:30:00 PM AEST,nan,nan,18.0,nan,nan,nan,251.60,0.24,4.70,2.30,256.00,394.20
05-Aug-25 3:30:04 PM AEST,28.3,nan,nan,nan,nan,nan,nan,nan,nan,nan,nan,nan
05-Aug-25 3:31:00 PM AEST,nan,53.8,18.2,nan,nan,nan,283.90,0.40,7.10,3.00,284.00,391.60
05-Aug-25 3:31:08 PM AEST,28.4,nan,nan,nan,nan,nan,nan,nan,nan,nan,nan,nan
05-Aug-25 3:32:00 PM AEST,nan,53.5,18.1,nan,nan,nan,214.50,nan,nan,2.20,218.30,390.00
05-Aug-25 3:32:12 PM AEST,28.3,nan,nan,nan,nan,nan,nan,nan,nan,nan,nan,nan
05-Aug-25 3:33:00 PM AEST,nan,52.5,18.0,nan,nan,nan,300.80,0.64,10.60,6.20,304.80,386.60
05-Aug-25 3:33:16 PM AEST,28.1,nan,nan,nan,nan,nan,nan,nan,nan,nan,nan,nan
05-Aug-25 3:34:00 PM AEST,nan,nan,17.6,nan,nan,nan,289.40,0.49,8.30,4.80,290.00,383.30
05-Aug-25 3:35:00 PM AEST,nan,52.3,17.5,nan,nan,nan,304.20,0.50,5.90,4.70,304.60,380.80
05-Aug-25 3:36:00 PM AEST,27.9,nan,17.4,nan,nan,nan,288.80,0.62,7.10,6.00,288.70,378.30
05-Aug-25 3:37:00 PM AEST,nan,51.8,17.3,nan,nan,nan,263.40,0.76,13.00,5.00,274.50,227.50
05-Aug-25 3:38:00 PM AEST,27.7,52.2,17.1,nan,nan,nan,222.10,0.66,10.60,4.50,223.70,26.60
05-Aug-25 3:39:00 PM AEST,nan,52.7,17.0,nan,nan,nan,196.90,0.49,7.10,3.00,208.80,360.00
05-Aug-25 3:39:04 PM AEST,27.8,nan,nan,nan,nan,nan,nan,nan,nan,nan,nan,nan
05-Aug-25 3:40:00 PM AEST,nan,53.0,17.2,nan,nan,nan,223.90,0.48,nan,3.50,219.90,367.50
05-Aug-25 3:40:08 PM AEST,27.9,nan,nan,nan,nan,nan,nan,nan,nan,nan,nan,nan
05-Aug-25 3:41:00 PM AEST,nan,nan,17.4,nan,nan,nan,275.90,0.51,nan,1.30,277.70,364.10
05-Aug-25 3:41:12 PM AEST,28.0,nan,nan,nan,nan,nan,nan,nan,nan,nan,nan,nan
05-Aug-25 3:41:12 PM AEST,27.9,nan,nan,nan,nan,nan,nan,nan,nan,nan,nan,nan
05-Aug-25 3:42:00 PM AEST,nan,nan,17.5,nan,nan,nan,206.40,0.73,11.80,6.30,199.60,361.70
05-Aug-25 3:43:00 PM AEST,nan,53.3,17.4,nan,nan,nan,217.50,0.57,9.50,5.70,217.00,359.10
05-Aug-25 3:44:00 PM AEST,28.0,54.0,17.5,nan,nan,nan,218.30,0.22,3.50,2.20,218.30,355.80
05-Aug-25 3:45:00 PM AEST,nan,54.3,17.8,nan,nan,nan,225.40,0.23,4.70,2.30,228.00,354.20
05-Aug-25 3:45:04 PM AEST,28.3,nan,nan,nan,nan,nan,nan,nan,nan,nan,nan,nan
05-Aug-25 3:46:00 PM AEST,nan,54.2,18.2,nan,nan,nan,276.20,0.60,13.00,4.80,285.30,351.60
05-Aug-25 3:46:08 PM AEST,28.4,nan,nan,nan,nan,nan,nan,nan,nan,nan,nan,nan
05-Aug-25 3:46:08 PM AEST,28.0,nan,nan,nan,nan,nan,nan,nan,nan,nan,nan,nan
05-Aug-25 3:47:00 PM AEST,nan,52.5,nan,nan,nan,nan,257.00,0.51,nan,nan,259.40,349.20
05-Aug-25 3:47:12 PM AEST,28.1,nan,nan,nan,nan,nan,nan,nan,nan,nan,nan,nan
05-Aug-25 3:48:00 PM AEST,nan,53.0,17.4,nan,nan,nan,296.80,0.49,8.30,2.20,301.30,346.60
05-Aug-25 3:48:16 PM AEST,28.3,nan,nan,nan,nan,nan,nan,nan,nan,nan,nan,nan
05-Aug-25 3:49:00 PM AEST,nan,53.7,17.6,nan,nan,nan,317.30,0.22,3.50,nan,317.20,344.20
05-Aug-25 3:49:20 PM AEST,28.4,nan,nan,nan,nan,nan,nan,nan,nan,nan,nan,nan
05-Aug-25 3:50:00 PM AEST,nan,53.0,18.0,nan,nan,nan,253.80,0.47,7.10,1.60,240.30,341.70
05-Aug-25 3:50:24 PM AEST,28.1,nan,nan,nan,nan,nan,nan,nan,nan,nan,nan,nan
05-Aug-25 3:51:00 PM AEST,nan,52.7,17.9,nan,nan,nan,273.40,0.85,14.20,5.20,276.80,338.30
05-Aug-25 3:51:28 PM AEST,28.0,nan,nan,nan,nan,nan,nan,nan,nan,nan,nan,nan
05-Aug-25 3:52:00 PM AEST,nan,nan,17.5,nan,nan,nan,309.00,0.43,8.30,1.40,283.30,335.80
05-Aug-25 3:52:32 PM AEST,28.3,nan,nan,nan,nan,nan,nan,nan,nan,nan,nan,nan
05-Aug-25 3:53:00 PM AEST,nan,53.0,17.4,nan,nan,nan,343.70,0.25,5.90,2.40,336.70,332.40
05-Aug-25 3:53:36 PM AEST,28.4,nan,nan,nan,nan,nan,nan,nan,nan,nan,nan,nan
05-Aug-25 3:54:00 PM AEST,nan,52.8,17.8,nan,nan,nan,321.70,0.48,8.30,4.00,319.00,330.80
05-Aug-25 3:54:40 PM AEST,28.2,nan,nan,nan,nan,nan,nan,nan,nan,nan,nan,nan
05-Aug-25 3:55:00 PM AEST,nan,52.2,nan,nan,nan,nan,221.60,0.69,10.60,5.40,214.60,326.70
05-Aug-25 3:55:44 PM AEST,28.1,nan,nan,nan,nan,nan,nan,nan,nan,nan,nan,nan
05-Aug-25 3:56:00 PM AEST,nan,52.5,17.5,nan,nan,nan,287.50,0.55,nan,1.80,259.30,325.00
05-Aug-25 3:56:48 PM AEST,28.0,nan,nan,nan,nan,nan,nan,nan,nan,nan,nan,nan
05-Aug-25 3:57:00 PM AEST,nan,nan,17.4,nan,nan,nan,214.60,0.47,nan,4.10,200.40,321.70
05-Aug-25 3:57:52 PM AEST,28.2,nan,nan,nan,nan,nan,nan,nan,nan,nan,nan,nan
05-Aug-25 3:58:00 PM AEST,nan,53.0,nan,nan,nan,nan,199.80,0.32,4.70,2.90,194.00,319.10
05-Aug-25 3:58:56 PM AEST,28.3,nan,nan,nan,nan,nan,nan,nan,nan,nan,nan,nan
05-Aug-25 3:59:00 PM AEST,nan,nan,17.7,nan,nan,nan,253.80,0.33,7.10,2.10,262.50,315.80
05-Aug-25 4:00:00 PM AEST,28.2,53.2,17.8,nan,nan,nan,213.20,0.55,nan,4.00,208.80,312.40
05-Aug-25 4:00:40 PM AEST,nan,nan,nan,nan,nan,0.17,nan,nan,nan,nan,nan,nan
05-Aug-25 4:01:00 PM AEST,nan,53.5,nan,nan,nan,nan,229.80,0.44,5.90,3.80,226.60,309.20
05-Aug-25 4:01:04 PM AEST,28.1,nan,nan,nan,nan,nan,nan,nan,nan,nan,nan,nan
05-Aug-25 4:02:00 PM AEST,nan,53.0,nan,nan,nan,nan,244.30,0.46,8.30,3.20,236.40,306.70
05-Aug-25 4:02:08 PM AEST,28.2,nan,nan,nan,nan,nan,nan,nan,nan,nan,nan,nan
05-Aug-25 4:03:00 PM AEST,nan,53.3,17.7,nan,nan,nan,220.70,0.35,5.90,2.80,213.60,303.30
05-Aug-25 4:03:12 PM AEST,28.1,nan,nan,nan,nan,nan,nan,nan,nan,nan,nan,nan
05-Aug-25 4:03:12 PM AEST,28.0,nan,nan,nan,nan,nan,nan,nan,nan,nan,nan,nan
05-Aug-25 4:04:00 PM AEST,nan,53.8,nan,nan,nan,nan,303.30,0.78,11.80,7.20,304.10,300.00
05-Aug-25 4:04:16 PM AEST,27.9,nan,nan,nan,nan,nan,nan,nan,nan,nan,nan,nan
05-Aug-25 4:05:00 PM AEST,nan,54.3,17.8,nan,nan,nan,312.00,0.39,5.90,3.90,312.20,296.60
05-Aug-25 4:05:20 PM AEST,28.0,nan,nan,nan,nan,nan,nan,nan,nan,nan,nan,nan
05-Aug-25 4:06:00 PM AEST,nan,nan,nan,nan,nan,nan,319.00,0.69,20.10,6.80,314.60,295.00
05-Aug-25 4:06:24 PM AEST,27.7,nan,nan,nan,nan,nan,nan,nan,nan,nan,nan,nan
05-Aug-25 4:07:00 PM AEST,nan,53.2,17.9,nan,nan,nan,309.80,0.64,9.50,6.30,309.90,291.70
05-Aug-25 4:07:28 PM AEST,27.6,nan,nan,nan,nan,nan,nan,nan,nan,nan,nan,nan
05-Aug-25 4:08:00 PM AEST,nan,53.3,17.3,nan,nan,nan,199.60,0.57,nan,4.00,206.40,289.90
05-Aug-25 4:08:32 PM AEST,27.8,nan,nan,nan,nan,nan,nan,nan,nan,nan,nan,nan
05-Aug-25 4:09:00 PM AEST,nan,53.8,nan,nan,nan,nan,241.90,nan,8.30,4.70,245.50,286.70
05-Aug-25 4:09:36 PM AEST,27.7,nan,nan,nan,nan,nan,nan,nan,nan,nan,nan,nan
05-Aug-25 4:10:00 PM AEST,nan,54.2,17.6,nan,nan,nan,303.50,0.63,11.80,4.60,308.30,284.10
05-Aug-25 4:10:40 PM AEST,27.6,nan,nan,nan,nan,nan,nan,nan,nan,nan,nan,nan
05-Aug-25 4:11:00 PM AEST,nan,54.5,nan,nan,nan,nan,312.60,0.74,14.20,7.30,313.10,280.00
05-Aug-25 4:11:44 PM AEST,27.7,nan,nan,nan,nan,nan,nan,nan,nan,nan,nan,nan
05-Aug-25 4:12:00 PM AEST,nan,54.8,nan,nan,nan,nan,303.30,0.41,7.10,4.10,303.00,277.50
05-Aug-25 4:12:48 PM AEST,27.8,nan,nan,nan,nan,nan,nan,nan,nan,nan,nan,nan
05-Aug-25 4:13:00 PM AEST,nan,55.2,17.8,nan,nan,nan,192.60,0.49,nan,4.30,189.30,274.10
05-Aug-25 4:13:52 PM AEST,27.9,nan,nan,nan,nan,nan,nan,nan,nan,nan,nan,nan
05-Aug-25 4:14:00 PM AEST,nan,55.0,18.0,nan,nan,nan,230.90,0.46,nan,3.80,229.70,270.80
05-Aug-25 4:15:00 PM AEST,nan,55.3,nan,nan,nan,nan,212.20,0.51,nan,4.30,199.10,268.30
05-Aug-25 4:16:00 PM AEST,27.8,55.7,18.1,nan,nan,nan,242.90,0.34,5.90,3.40,242.70,265.80
05-Aug-25 4:17:00 PM AEST,nan,56.0,18.2,nan,nan,nan,243.30,0.22,3.50,2.20,243.40,263.30
05-Aug-25 4:17:04 PM AEST,28.0,nan,nan,nan,nan,nan,nan,nan,nan,nan,nan,nan
05-Aug-25 4:18:00 PM AEST,nan,55.5,18.4,nan,nan,nan,279.70,0.40,7.10,2.50,298.10,259.90
05-Aug-25 4:18:08 PM AEST,28.2,nan,nan,nan,nan,nan,nan,nan,nan,nan,nan,nan
05-Aug-25 4:19:00 PM AEST,nan,55.0,nan,nan,nan,nan,309.40,0.43,nan,3.70,308.60,257.50
05-Aug-25 4:19:12 PM AEST,28.1,nan,nan,nan,nan,nan,nan,nan,nan,nan,nan,nan
05-Aug-25 4:19:12 PM AEST,27.9,nan,nan,nan,nan,nan,nan,nan,nan,nan,nan,nan
05-Aug-25 4:20:00 PM AEST,nan,54.5,18.2,nan,nan,nan,269.10,0.86,16.60,8.10,273.80,254.90
05-Aug-25 4:20:16 PM AEST,27.7,nan,nan,nan,nan,nan,nan,nan,nan,nan,nan,nan
05-Aug-25 4:21:00 PM AEST,nan,54.3,17.9,nan,nan,nan,276.60,0.71,14.20,4.70,288.90,251.70
05-Aug-25 4:21:20 PM AEST,27.6,nan,nan,nan,nan,nan,nan,nan,nan,nan,nan,nan
05-Aug-25 4:22:00 PM AEST,nan,54.8,17.7,nan,nan,nan,305.80,0.44,7.10,4.00,302.60,249.10
05-Aug-25 4:22:24 PM AEST,27.8,nan,nan,nan,nan,nan,nan,nan,nan,nan,nan,nan
05-Aug-25 4:23:00 PM AEST,nan,55.2,nan,nan,nan,nan,310.70,0.41,9.50,3.30,301.60,245.80
05-Aug-25 4:23:28 PM AEST,27.6,nan,nan,nan,nan,nan,nan,nan,nan,nan,nan,nan
05-Aug-25 4:24:00 PM AEST,nan,55.3,17.9,nan,nan,nan,285.90,0.59,nan,5.00,292.00,243.30
05-Aug-25 4:24:32 PM AEST,27.7,nan,nan,nan,nan,nan,nan,nan,nan,nan,nan,nan
05-Aug-25 4:25:00 PM AEST,nan,nan,17.8,nan,nan,nan,308.00,0.65,14.20,4.90,322.30,240.80
05-Aug-25 4:25:36 PM AEST,27.5,nan,nan,nan,nan,nan,nan,nan,nan,nan,nan,nan
05-Aug-25 4:26:00 PM AEST,nan,55.2,17.9,nan,nan,nan,304.80,nan,nan,6.40,306.40,237.50
05-Aug-25 4:26:40 PM AEST,27.6,nan,nan,nan,nan,nan,nan,nan,nan,nan,nan,nan
05-Aug-25 4:27:00 PM AEST,nan,55.3,17.7,nan,nan,nan,248.80,0.51,8.30,3.00,234.00,236.60
05-Aug-25 4:28:00 PM AEST,nan,55.5,17.8,nan,nan,nan,286.10,0.44,7.10,4.30,287.80,234.20
05-Aug-25 4:29:00 PM AEST,27.8,nan,17.9,nan,nan,nan,305.50,0.27,3.50,2.70,306.80,233.30
05-Aug-25 4:30:00 PM AEST,nan,55.3,18.1,nan,nan,nan,308.40,0.60,10.60,5.90,309.70,232.40
05-Aug-25 4:30:04 PM AEST,27.7,nan,nan,nan,nan,nan,nan,nan,nan,nan,nan,nan
05-Aug-25 4:31:00 PM AEST,nan,nan,18.0,nan,nan,nan,285.30,0.34,5.90,3.10,290.40,235.00
05-Aug-25 4:32:00 PM AEST,27.6,55.5,nan,nan,nan,nan,290.00,0.67,10.60,6.30,291.20,234.90
05-Aug-25 4:33:00 PM AEST,nan,55.7,17.9,nan,nan,nan,240.40,0.34,4.70,2.60,237.60,233.30
05-Aug-25 4:33:04 PM AEST,27.7,nan,nan,nan,nan,nan,nan,nan,nan,nan,nan,nan
05-Aug-25 4:34:00 PM AEST,nan,nan,18.0,nan,nan,nan,205.80,0.62,10.60,4.80,196.80,232.50
05-Aug-25 4:34:08 PM AEST,27.6,nan,nan,nan,nan,nan,nan,nan,nan,nan,nan,nan
05-Aug-25 4:35:00 PM AEST,nan,55.8,nan,nan,nan,nan,302.10,0.39,7.10,1.50,293.70,233.30
05-Aug-25 4:35:12 PM AEST,27.7,nan,nan,nan,nan,nan,nan,nan,nan,nan,nan,nan
05-Aug-25 4:36:00 PM AEST,nan,56.3,nan,nan,nan,nan,232.30,0.46,5.90,1.60,225.80,235.00
05-Aug-25 4:37:00 PM AEST,nan,56.5,18.2,nan,nan,nan,229.20,0.38,nan,2.50,229.10,234.90
05-Aug-25 4:38:00 PM AEST,27.6,56.8,nan,nan,nan,nan,327.80,0.61,9.50,5.90,326.40,235.80
05-Aug-25 4:39:00 PM AEST,nan,nan,18.3,nan,nan,nan,318.20,0.51,nan,4.90,311.60,233.30
05-Aug-25 4:39:04 PM AEST,27.7,nan,nan,nan,nan,nan,nan,nan,nan,nan,nan,nan
05-Aug-25 4:39:04 PM AEST,27.5,nan,nan,nan,nan,nan,nan,nan,nan,nan,nan,nan
05-Aug-25 4:40:00 PM AEST,nan,57.0,nan,nan,nan,nan,311.80,0.62,11.80,5.50,313.20,230.80
05-Aug-25 4:40:08 PM AEST,27.6,nan,nan,nan,nan,nan,nan,nan,nan,nan,nan,nan
05-Aug-25 4:41:00 PM AEST,nan,57.2,18.2,nan,nan,nan,223.30,0.37,4.70,3.60,223.20,224.20
05-Aug-25 4:41:12 PM AEST,27.7,nan,nan,nan,nan,nan,nan,nan,nan,nan,nan,nan
05-Aug-25 4:42:00 PM AEST,nan,57.5,18.3,nan,nan,nan,nan,0.32,nan,3.20,223.30,219.10
05-Aug-25 4:43:00 PM AEST,nan,57.7,18.6,nan,nan,nan,205.20,0.49,10.60,4.80,201.90,212.50
05-Aug-25 4:44:00 PM AEST,nan,57.5,nan,nan,nan,nan,236.00,0.48,8.30,4.40,228.10,205.80
05-Aug-25 4:45:00 PM AEST,27.6,57.3,18.5,nan,nan,nan,201.60,0.50,7.10,5.00,201.50,200.80
05-Aug-25 4:46:00 PM AEST,nan,57.8,18.4,nan,nan,nan,284.70,0.53,9.50,4.40,292.20,195.00
05-Aug-25 4:46:04 PM AEST,27.5,nan,nan,nan,nan,nan,nan,nan,nan,nan,nan,nan
05-Aug-25 4:47:00 PM AEST,nan,57.5,18.5,nan,nan,nan,316.10,1.02,14.20,9.60,316.40,187.50
05-Aug-25 4:47:08 PM AEST,27.2,nan,nan,nan,nan,nan,nan,nan,nan,nan,nan,nan
05-Aug-25 4:48:00 PM AEST,nan,58.2,18.1,nan,nan,nan,268.60,0.66,11.80,6.20,275.40,183.30
05-Aug-25 4:48:12 PM AEST,26.9,nan,nan,nan,nan,nan,nan,nan,nan,nan,nan,nan
05-Aug-25 4:49:00 PM AEST,nan,58.5,18.0,nan,nan,nan,270.80,0.47,9.50,4.60,271.20,180.80
05-Aug-25 4:49:16 PM AEST,27.0,nan,nan,nan,nan,nan,nan,nan,nan,nan,nan,nan
05-Aug-25 4:50:00 PM AEST,nan,58.7,18.1,nan,nan,nan,247.90,0.25,4.70,2.50,250.00,180.00
05-Aug-25 4:50:20 PM AEST,27.2,nan,nan,nan,nan,nan,nan,nan,nan,nan,nan,nan
05-Aug-25 4:50:20 PM AEST,27.4,nan,nan,nan,nan,nan,nan,nan,nan,nan,nan,nan
05-Aug-25 4:51:00 PM AEST,nan,nan,18.4,nan,nan,nan,249.30,0.35,5.90,3.50,249.80,178.30
05-Aug-25 4:51:24 PM AEST,27.3,nan,nan,nan,nan,nan,nan,nan,nan,nan,nan,nan
05-Aug-25 4:52:00 PM AEST,nan,58.3,18.6,nan,nan,nan,284.50,0.54,8.30,4.80,286.90,176.60
05-Aug-25 4:53:00 PM AEST,nan,58.0,18.4,nan,nan,nan,147.90,0.50,7.10,3.80,144.50,173.30
05-Aug-25 4:54:00 PM AEST,27.2,57.7,18.3,nan,nan,nan,355.40,0.40,5.90,3.10,357.90,168.30
05-Aug-25 4:55:00 PM AEST,nan,57.8,18.1,nan,nan,nan,34.00,0.37,8.30,2.90,21.40,162.50
05-Aug-25 4:55:04 PM AEST,27.3,nan,nan,nan,nan,nan,nan,nan,nan,nan,nan,nan
05-Aug-25 4:56:00 PM AEST,nan,57.7,18.3,nan,nan,nan,322.60,0.49,9.50,4.60,318.10,159.20
05-Aug-25 4:56:08 PM AEST,27.1,nan,nan,nan,nan,nan,nan,nan,nan,nan,nan,nan
05-Aug-25 4:57:00 PM AEST,nan,57.8,18.2,nan,nan,nan,299.40,0.72,11.80,5.60,308.90,86.60
05-Aug-25 4:57:12 PM AEST,26.8,nan,nan,nan,nan,nan,nan,nan,nan,nan,nan,nan
05-Aug-25 4:58:00 PM AEST,nan,58.0,18.1,nan,nan,nan,271.70,0.62,10.60,5.20,274.10,43.30
05-Aug-25 4:58:16 PM AEST,26.7,nan,nan,nan,nan,nan,nan,nan,nan,nan,nan,nan
05-Aug-25 4:59:00 PM AEST,nan,58.3,17.8,nan,nan,nan,184.60,0.41,7.10,1.60,242.10,119.10
05-Aug-25 4:59:20 PM AEST,26.6,nan,nan,nan,nan,nan,nan,nan,nan,nan,nan,nan
05-Aug-25 5:00:00 PM AEST,nan,58.7,17.9,nan,nan,nan,293.50,0.49,10.60,4.60,298.30,141.70
05-Aug-25 5:00:24 PM AEST,26.7,nan,nan,nan,nan,nan,nan,nan,nan,nan,nan,nan
05-Aug-25 5:00:44 PM AEST,nan,nan,nan,nan,nan,0.03,nan,nan,nan,nan,nan,nan
05-Aug-25 5:01:00 PM AEST,nan,58.8,nan,nan,nan,nan,222.80,0.33,5.90,2.60,230.60,137.50
05-Aug-25 5:01:28 PM AEST,26.6,nan,nan,nan,nan,nan,nan,nan,nan,nan,nan,nan
05-Aug-25 5:02:00 PM AEST,nan,59.2,nan,nan,nan,nan,307.50,0.53,8.30,5.10,307.60,138.30
05-Aug-25 5:02:32 PM AEST,26.7,nan,nan,nan,nan,nan,nan,nan,nan,nan,nan,nan
05-Aug-25 5:03:00 PM AEST,nan,nan,18.0,nan,nan,nan,328.40,0.30,4.70,3.00,328.90,135.80
05-Aug-25 5:04:00 PM AEST,nan,59.3,18.1,nan,nan,nan,295.30,0.67,13.00,5.80,295.00,131.60
05-Aug-25 5:05:00 PM AEST,26.5,59.2,nan,nan,nan,nan,281.50,0.49,8.30,4.50,285.90,129.20
05-Aug-25 5:06:00 PM AEST,nan,59.3,17.9,nan,nan,nan,295.50,0.41,5.90,4.10,295.80,112.50
05-Aug-25 5:06:04 PM AEST,26.6,nan,nan,nan,nan,nan,nan,nan,nan,nan,nan,nan
05-Aug-25 5:07:00 PM AEST,nan,59.7,18.0,nan,nan,nan,289.50,0.44,nan,4.40,289.90,65.80
05-Aug-25 5:07:08 PM AEST,26.5,nan,nan,nan,nan,nan,nan,nan,nan,nan,nan,nan
05-Aug-25 5:08:00 PM AEST,nan,59.8,nan,nan,nan,nan,311.50,0.36,nan,3.50,313.80,30.80
05-Aug-25 5:08:12 PM AEST,26.4,nan,nan,nan,nan,nan,nan,nan,nan,nan,nan,nan
05-Aug-25 5:09:00 PM AEST,nan,nan,18.1,nan,nan,nan,293.50,0.37,7.10,nan,295.10,22.50
05-Aug-25 5:09:16 PM AEST,26.3,nan,nan,nan,nan,nan,nan,nan,nan,nan,nan,nan
05-Aug-25 5:10:00 PM AEST,nan,60.2,18.0,nan,nan,nan,220.70,0.44,nan,2.80,228.80,20.80
05-Aug-25 5:11:00 PM AEST,nan,60.3,17.9,nan,nan,nan,163.50,0.27,5.90,1.70,183.20,20.00
05-Aug-25 5:12:00 PM AEST,26.1,60.5,18.0,nan,nan,nan,273.90,0.31,7.10,3.10,273.30,19.20
05-Aug-25 5:13:00 PM AEST,nan,61.0,17.8,nan,nan,nan,280.00,0.25,8.30,2.30,290.30,19.10
05-Aug-25 5:14:00 PM AEST,25.9,nan,18.0,nan,nan,nan,284.30,0.46,nan,3.50,286.20,18.30
05-Aug-25 5:15:00 PM AEST,nan,61.3,17.8,nan,nan,nan,287.30,0.68,9.50,5.60,296.00,17.50
05-Aug-25 5:15:04 PM AEST,25.7,nan,nan,nan,nan,nan,nan,nan,nan,nan,nan,nan
05-Aug-25 5:16:00 PM AEST,nan,61.7,17.7,nan,nan,nan,209.50,0.44,5.90,3.80,208.60,16.60
05-Aug-25 5:16:08 PM AEST,25.5,nan,nan,nan,nan,nan,nan,nan,nan,nan,nan,nan
05-Aug-25 5:17:00 PM AEST,nan,62.0,17.6,nan,nan,nan,211.60,0.22,3.50,2.20,211.40,17.50
05-Aug-25 5:17:12 PM AEST,25.4,nan,nan,nan,nan,nan,nan,nan,nan,nan,nan,nan
05-Aug-25 5:17:12 PM AEST,25.2,nan,nan,nan,nan,nan,nan,nan,nan,nan,nan,nan
05-Aug-25 5:18:00 PM AEST,nan,62.3,nan,nan,nan,nan,270.20,0.65,9.50,4.00,279.90,16.60
05-Aug-25 5:19:00 PM AEST,25.1,62.7,17.5,nan,nan,nan,302.00,0.51,nan,4.90,305.00,16.70
05-Aug-25 5:20:00 PM AEST,nan,62.8,nan,nan,nan,nan,288.10,0.35,7.10,3.20,282.40,15.80
05-Aug-25 5:21:00 PM AEST,25.0,63.0,nan,nan,nan,nan,255.50,0.40,5.90,nan,242.70,15.00
05-Aug-25 5:22:00 PM AEST,nan,63.2,nan,nan,nan,nan,226.40,0.29,nan,2.90,226.90,15.80
05-Aug-25 5:23:00 PM AEST,24.9,nan,nan,nan,nan,nan,277.20,0.27,3.50,2.70,277.10,15.00
05-Aug-25 5:24:00 PM AEST,nan,nan,nan,nan,nan,nan,284.80,0.57,9.50,5.50,285.00,nan
05-Aug-25 5:24:04 PM AEST,24.8,nan,nan,nan,nan,nan,nan,nan,nan,nan,nan,nan
05-Aug-25 5:24:04 PM AEST,24.5,nan,nan,nan,nan,nan,nan,nan,nan,nan,nan,nan
05-Aug-25 5:25:00 PM AEST,nan,nan,17.4,nan,nan,nan,298.50,0.86,11.80,8.40,297.80,nan
05-Aug-25 5:25:08 PM AEST,24.4,nan,nan,nan,nan,nan,nan,nan,nan,nan,nan,nan
05-Aug-25 5:26:00 PM AEST,nan,nan,17.2,nan,nan,nan,274.90,0.68,10.60,5.80,279.70,nan
05-Aug-25 5:27:00 PM AEST,nan,nan,17.1,nan,nan,nan,198.40,0.24,5.90,2.20,205.20,14.20
05-Aug-25 5:28:00 PM AEST,nan,nan,17.2,nan,nan,nan,272.00,0.23,nan,2.30,271.90,15.00
05-Aug-25 5:29:00 PM AEST,nan,nan,17.3,nan,nan,nan,271.90,0.17,3.50,1.70,nan,14.20
05-Aug-25 5:30:00 PM AEST,nan,nan,nan,nan,nan,nan,275.00,0.56,10.60,3.60,280.60,15.00
05-Aug-25 5:31:00 PM AEST,24.2,nan,nan,nan,nan,nan,257.70,0.54,8.30,5.30,258.10,14.20
05-Aug-25 5:32:00 PM AEST,nan,nan,17.2,nan,nan,nan,268.20,0.14,3.50,1.40,268.30,15.00
05-Aug-25 5:33:00 PM AEST,nan,nan,nan,nan,nan,nan,268.10,0.03,1.20,0.30,268.60,nan
05-Aug-25 5:34:00 PM AEST,nan,nan,17.3,nan,nan,nan,268.20,0.12,2.40,1.20,268.20,nan
05-Aug-25 5:35:00 PM AEST,nan,nan,nan,nan,nan,nan,268.10,0.04,1.20,0.40,268.30,15.80
05-Aug-25 5:36:00 PM AEST,nan,nan,nan,nan,nan,nan,268.20,0.01,nan,0.10,nan,15.00
05-Aug-25 5:37:00 PM AEST,nan,nan,nan,nan,nan,nan,281.20,0.15,5.90,0.90,323.20,15.80
05-Aug-25 5:38:00 PM AEST,24.1,nan,17.4,nan,nan,nan,26.80,0.37,7.10,3.50,29.60,14.20
05-Aug-25 5:39:00 PM AEST,nan,nan,17.2,nan,nan,nan,8.00,0.07,2.40,0.70,7.80,13.30
05-Aug-25 5:39:04 PM AEST,24.0,nan,nan,nan,nan,nan,nan,nan,nan,nan,nan,nan
05-Aug-25 5:40:00 PM AEST,nan,nan,17.3,nan,nan,nan,326.70,0.38,7.10,3.60,324.50,nan
05-Aug-25 5:41:00 PM AEST,nan,nan,17.2,nan,nan,nan,313.30,0.05,2.40,0.50,313.50,nan
05-Aug-25 5:42:00 PM AEST,23.9,nan,nan,nan,nan,nan,311.70,0.29,4.70,2.90,311.40,nan
05-Aug-25 5:43:00 PM AEST,nan,nan,17.1,nan,nan,nan,310.80,0.05,2.40,0.50,311.00,11.70
05-Aug-25 5:44:00 PM AEST,nan,nan,17.2,nan,nan,nan,314.70,0.28,5.90,2.80,316.10,11.60
05-Aug-25 5:45:00 PM AEST,23.8,nan,17.1,nan,nan,nan,323.40,0.22,nan,2.20,323.60,11.70
05-Aug-25 5:46:00 PM AEST,nan,nan,nan,nan,nan,nan,337.20,0.18,3.50,1.80,344.80,10.00
05-Aug-25 5:47:00 PM AEST,23.5,nan,nan,nan,nan,nan,345.10,0.32,4.70,3.20,345.10,10.80
05-Aug-25 5:48:00 PM AEST,nan,nan,16.8,nan,nan,nan,327.80,0.50,10.60,4.80,324.70,10.00
05-Aug-25 5:48:04 PM AEST,23.6,nan,nan,nan,nan,nan,nan,nan,nan,nan,nan,nan
05-Aug-25 5:49:00 PM AEST,nan,nan,17.0,nan,nan,nan,283.90,0.37,5.90,1.40,276.00,9.10
05-Aug-25 5:49:08 PM AEST,23.5,nan,nan,nan,nan,nan,nan,nan,nan,nan,nan,nan
05-Aug-25 5:50:00 PM AEST,nan,nan,16.9,nan,nan,nan,139.70,0.13,4.70,1.30,140.00,9.20
05-Aug-25 5:51:00 PM AEST,23.6,nan,17.0,nan,nan,nan,139.90,0.00,0.00,0.00,0.00,8.30
05-Aug-25 5:52:00 PM AEST,nan,nan,17.1,nan,nan,nan,nan,0.04,2.40,0.40,140.30,7.50
05-Aug-25 5:52:04 PM AEST,23.5,nan,nan,nan,nan,nan,nan,nan,nan,nan,nan,nan
05-Aug-25 5:53:00 PM AEST,nan,nan,nan,nan,nan,nan,139.70,0.07,nan,0.70,139.70,nan
05-Aug-25 5:53:08 PM AEST,23.4,nan,nan,nan,nan,nan,nan,nan,nan,nan,nan,nan
05-Aug-25 5:54:00 PM AEST,nan,nan,17.0,nan,nan,nan,239.40,0.28,4.70,2.60,252.90,6.60
05-Aug-25 5:55:00 PM AEST,nan,nan,nan,nan,nan,nan,267.90,0.29,nan,2.90,266.70,6.70
05-Aug-25 5:56:00 PM AEST,nan,nan,nan,nan,nan,nan,285.30,0.26,7.10,2.20,303.60,5.80
05-Aug-25 5:57:00 PM AEST,23.3,nan,nan,nan,nan,nan,330.00,0.31,4.70,3.10,331.20,nan
05-Aug-25 5:58:00 PM AEST,nan,nan,16.9,nan,nan,nan,326.90,0.01,1.20,0.10,325.30,5.00
05-Aug-25 5:59:00 PM AEST,23.2,nan,nan,nan,nan,nan,nan,0.22,3.50,2.20,327.00,nan
05-Aug-25 6:00:00 PM AEST,nan,nan,17.0,nan,nan,nan,nan,0.27,nan,2.70,326.90,4.20
05-Aug-25 6:00:04 PM AEST,23.1,nan,nan,nan,nan,nan,nan,nan,nan,nan,nan,nan
05-Aug-25 6:00:48 PM AEST,nan,nan,nan,nan,nan,65.53,nan,nan,nan,nan,nan,nan
05-Aug-25 6:01:00 PM AEST,nan,nan,16.9,nan,nan,nan,nan,0.21,2.40,2.10,nan,4.10
05-Aug-25 6:01:08 PM AEST,22.9,nan,nan,nan,nan,nan,nan,nan,nan,nan,nan,nan
05-Aug-25 6:02:00 PM AEST,nan,nan,nan,nan,nan,nan,nan,0.08,nan,0.80,nan,3.30
05-Aug-25 6:03:00 PM AEST,22.8,nan,nan,nan,nan,nan,325.30,0.36,5.90,3.60,324.20,nan
05-Aug-25 6:04:00 PM AEST,nan,nan,16.8,nan,nan,nan,313.20,0.22,nan,2.20,313.10,2.50
05-Aug-25 6:05:00 PM AEST,nan,nan,16.7,nan,nan,nan,278.90,0.30,nan,2.80,271.40,nan
05-Aug-25 6:06:00 PM AEST,nan,nan,nan,nan,nan,nan,295.80,0.25,4.70,2.50,294.90,1.70
05-Aug-25 6:07:00 PM AEST,nan,nan,nan,nan,nan,nan,297.40,0.12,2.40,1.20,297.30,1.60
05-Aug-25 6:08:00 PM AEST,nan,nan,nan,nan,nan,nan,296.90,0.24,3.50,2.40,296.90,1.70
05-Aug-25 6:09:00 PM AEST,nan,nan,nan,nan,nan,nan,297.40,0.21,nan,2.10,297.70,0.80
05-Aug-25 6:10:00 PM AEST,22.7,nan,nan,nan,nan,nan,301.10,0.12,nan,1.20,301.00,nan
05-Aug-25 6:11:00 PM AEST,nan,nan,nan,nan,nan,nan,nan,0.00,0.00,0.00,0.00,0.00
05-Aug-25 6:11:04 PM AEST,22.6,nan,nan,nan,nan,nan,nan,nan,nan,nan,nan,nan
05-Aug-25 6:12:00 PM AEST,nan,nan,nan,nan,nan,nan,301.20,0.01,1.20,0.10,299.70,nan
05-Aug-25 6:13:00 PM AEST,22.4,nan,16.8,nan,nan,nan,301.30,0.28,3.50,2.80,301.30,nan
05-Aug-25 6:14:00 PM AEST,nan,nan,16.7,nan,nan,nan,nan,0.23,nan,2.30,nan,nan
05-Aug-25 6:14:04 PM AEST,22.2,nan,nan,nan,nan,nan,nan,nan,nan,nan,nan,nan
05-Aug-25 6:15:00 PM AEST,nan,nan,16.5,nan,nan,nan,301.20,0.04,1.20,0.40,301.00,nan
05-Aug-25 6:15:08 PM AEST,22.1,nan,nan,nan,nan,nan,nan,nan,nan,nan,nan,nan
05-Aug-25 6:16:00 PM AEST,nan,nan,16.6,nan,nan,nan,nan,0.00,0.00,0.00,0.00,nan
05-Aug-25 6:16:12 PM AEST,22.0,nan,nan,nan,nan,nan,nan,nan,nan,nan,nan,nan
05-Aug-25 6:17:00 PM AEST,nan,nan,16.5,nan,nan,nan,301.10,0.01,1.20,0.10,299.70,nan
05-Aug-25 6:17:16 PM AEST,21.9,nan,nan,nan,nan,nan,nan,nan,nan,nan,nan,nan
05-Aug-25 6:17:16 PM AEST,21.8,nan,nan,nan,nan,nan,nan,nan,nan,nan,nan,nan
05-Aug-25 6:18:00 PM AEST,nan,nan,nan,nan,nan,nan,301.20,0.00,0.00,0.00,0.00,nan
05-Aug-25 6:20:00 PM AEST,21.7,nan,nan,nan,nan,nan,nan,nan,nan,nan,nan,nan
05-Aug-25 6:21:00 PM AEST,nan,nan,nan,nan,nan,nan,nan,0.01,1.20,0.10,299.70,nan
05-Aug-25 6:21:04 PM AEST,21.6,nan,nan,nan,nan,nan,nan,nan,nan,nan,nan,nan
05-Aug-25 6:22:00 PM AEST,nan,nan,nan,nan,nan,nan,nan,0.12,2.40,1.20,301.10,nan
05-Aug-25 6:22:08 PM AEST,21.5,nan,nan,nan,nan,nan,nan,nan,nan,nan,nan,nan
05-Aug-25 6:23:00 PM AEST,nan,nan,nan,nan,nan,nan,nan,nan,nan,nan,301.00,nan
05-Aug-25 6:24:00 PM AEST,nan,nan,nan,nan,nan,nan,301.10,0.01,1.20,0.10,301.30,nan
05-Aug-25 6:25:00 PM AEST,21.4,nan,16.6,nan,nan,nan,nan,0.00,0.00,0.00,0.00,nan
05-Aug-25 6:26:00 PM AEST,nan,nan,16.5,nan,nan,nan,301.20,0.03,1.20,0.30,301.20,0.80
05-Aug-25 6:27:00 PM AEST,21.3,nan,16.6,nan,nan,nan,nan,0.18,2.40,1.80,301.30,0.00
05-Aug-25 6:28:00 PM AEST,nan,nan,16.4,nan,nan,nan,nan,0.25,3.50,2.50,301.20,nan
05-Aug-25 6:28:04 PM AEST,21.1,nan,nan,nan,nan,nan,nan,nan,nan,nan,nan,nan
05-Aug-25 6:29:00 PM AEST,nan,nan,16.3,nan,nan,nan,301.30,nan,nan,nan,301.30,nan
05-Aug-25 6:29:08 PM AEST,21.0,nan,nan,nan,nan,nan,nan,nan,nan,nan,nan,nan
05-Aug-25 6:30:00 PM AEST,nan,nan,16.4,nan,nan,nan,301.10,0.12,2.40,1.20,301.20,nan
05-Aug-25 6:30:12 PM AEST,20.9,nan,nan,nan,nan,nan,nan,nan,nan,nan,nan,nan
05-Aug-25 6:31:00 PM AEST,nan,nan,nan,nan,nan,nan,nan,0.01,1.20,0.10,299.70,nan
05-Aug-25 6:32:00 PM AEST,nan,nan,nan,nan,nan,nan,nan,0.02,2.40,0.20,300.80,nan
05-Aug-25 6:33:00 PM AEST,nan,nan,nan,nan,nan,nan,nan,0.19,nan,1.90,301.10,nan
05-Aug-25 6:34:00 PM AEST,20.8,nan,nan,nan,nan,nan,301.20,0.08,nan,0.80,nan,nan
05-Aug-25 6:35:00 PM AEST,nan,nan,nan,nan,nan,nan,nan,0.00,0.00,0.00,0.00,nan
05-Aug-25 6:36:00 PM AEST,nan,nan,16.5,nan,nan,nan,nan,nan,nan,nan,nan,nan
05-Aug-25 6:37:00 PM AEST,20.7,nan,16.6,nan,nan,nan,nan,0.02,1.20,0.20,301.30,nan
05-Aug-25 6:38:00 PM AEST,nan,nan,nan,nan,nan,nan,nan,0.00,0.00,0.00,0.00,nan
05-Aug-25 6:39:00 PM AEST,20.6,nan,nan,nan,nan,nan,nan,nan,nan,nan,nan,nan
05-Aug-25 6:40:04 PM AEST,20.5,nan,nan,nan,nan,nan,nan,nan,nan,nan,nan,nan
05-Aug-25 6:41:00 PM AEST,nan,nan,16.5,nan,nan,nan,301.10,nan,nan,nan,nan,nan
05-Aug-25 6:41:08 PM AEST,20.4,nan,nan,nan,nan,nan,nan,nan,nan,nan,nan,nan
05-Aug-25 6:42:00 PM AEST,nan,nan,16.4,nan,nan,nan,nan,nan,nan,nan,nan,nan
05-Aug-25 6:42:12 PM AEST,20.3,nan,nan,nan,nan,nan,nan,nan,nan,nan,nan,nan
05-Aug-25 6:43:00 PM AEST,nan,nan,nan,nan,nan,nan,301.20,nan,nan,nan,nan,nan
05-Aug-25 6:43:16 PM AEST,20.2,nan,nan,nan,nan,nan,nan,nan,nan,nan,nan,nan
05-Aug-25 6:44:00 PM AEST,nan,nan,nan,nan,nan,nan,301.10,nan,nan,nan,nan,nan
05-Aug-25 6:45:00 PM AEST,nan,nan,nan,nan,nan,nan,301.20,nan,nan,nan,nan,nan
05-Aug-25 6:46:00 PM AEST,nan,nan,16.3,nan,nan,nan,301.10,nan,nan,nan,nan,nan
05-Aug-25 6:47:00 PM AEST,nan,nan,nan,nan,nan,nan,301.20,nan,nan,nan,nan,nan
05-Aug-25 6:48:00 PM AEST,20.1,nan,nan,nan,nan,nan,nan,nan,nan,nan,nan,nan
05-Aug-25 6:49:04 PM AEST,20.0,nan,nan,nan,nan,nan,nan,nan,nan,nan,nan,nan
05-Aug-25 6:53:00 PM AEST,19.9,nan,nan,nan,nan,nan,nan,0.01,1.20,0.10,299.70,nan
05-Aug-25 6:54:00 PM AEST,nan,nan,nan,nan,nan,nan,nan,0.00,0.00,0.00,0.00,nan
05-Aug-25 6:54:04 PM AEST,19.8,nan,nan,nan,nan,nan,nan,nan,nan,nan,nan,nan
05-Aug-25 6:55:08 PM AEST,19.7,nan,nan,nan,nan,nan,nan,nan,nan,nan,nan,nan
05-Aug-25 6:56:00 PM AEST,nan,nan,16.2,nan,nan,nan,nan,nan,nan,nan,nan,nan
05-Aug-25 6:57:00 PM AEST,nan,nan,16.3,nan,nan,nan,nan,nan,nan,nan,nan,nan
05-Aug-25 6:58:00 PM AEST,nan,nan,16.2,nan,nan,nan,nan,nan,nan,nan,nan,nan
05-Aug-25 6:59:00 PM AEST,19.6,nan,nan,nan,nan,nan,301.10,nan,nan,nan,nan,nan
05-Aug-25 7:00:00 PM AEST,nan,nan,nan,nan,nan,nan,301.20,nan,nan,nan,nan,nan
05-Aug-25 7:00:52 PM AEST,nan,nan,nan,nan,nan,65.53,nan,nan,nan,nan,nan,nan
05-Aug-25 7:01:00 PM AEST,nan,nan,nan,nan,nan,nan,nan,0.01,1.20,0.10,299.70,nan
05-Aug-25 7:02:00 PM AEST,19.5,nan,nan,nan,nan,nan,301.10,0.00,0.00,0.00,0.00,nan
05-Aug-25 7:03:00 PM AEST,nan,nan,16.1,nan,nan,nan,301.20,nan,nan,nan,nan,0.80
05-Aug-25 7:04:00 PM AEST,nan,nan,16.2,nan,nan,nan,nan,nan,nan,nan,nan,0.00
05-Aug-25 7:05:00 PM AEST,nan,nan,nan,nan,nan,nan,301.10,nan,nan,nan,nan,nan
05-Aug-25 7:06:00 PM AEST,19.3,nan,nan,nan,nan,nan,301.20,nan,nan,nan,nan,nan
05-Aug-25 7:07:00 PM AEST,nan,nan,16.1,nan,nan,nan,nan,nan,nan,nan,nan,nan
05-Aug-25 7:08:00 PM AEST,nan,nan,16.2,nan,nan,nan,nan,nan,nan,nan,nan,nan
05-Aug-25 7:09:00 PM AEST,19.2,nan,nan,nan,nan,nan,nan,nan,nan,nan,nan,nan
05-Aug-25 7:10:00 PM AEST,nan,nan,16.0,nan,nan,nan,nan,nan,nan,nan,nan,nan
05-Aug-25 7:13:00 PM AEST,nan,nan,nan,nan,nan,nan,nan,0.03,1.20,0.30,301.20,nan
05-Aug-25 7:14:00 PM AEST,19.1,nan,16.1,nan,nan,nan,nan,0.05,2.40,0.50,nan,nan
05-Aug-25 7:15:00 PM AEST,nan,nan,nan,nan,nan,nan,nan,0.00,0.00,0.00,0.00,nan
05-Aug-25 7:16:00 PM AEST,19.0,nan,nan,nan,nan,nan,nan,nan,nan,nan,nan,nan
05-Aug-25 7:17:00 PM AEST,nan,nan,16.0,nan,nan,nan,nan,nan,nan,nan,nan,nan
05-Aug-25 7:18:00 PM AEST,18.9,nan,nan,nan,nan,nan,nan,nan,nan,nan,nan,nan
05-Aug-25 7:23:00 PM AEST,nan,nan,nan,nan,nan,nan,301.10,nan,nan,nan,nan,nan
05-Aug-25 7:24:00 PM AEST,18.8,nan,nan,nan,nan,nan,301.20,nan,nan,nan,nan,nan
05-Aug-25 7:26:00 PM AEST,nan,nan,16.1,nan,nan,nan,nan,nan,nan,nan,nan,nan
05-Aug-25 7:27:00 PM AEST,nan,nan,16.0,nan,nan,nan,nan,nan,nan,nan,nan,nan
05-Aug-25 7:28:00 PM AEST,18.7,nan,nan,nan,nan,nan,nan,nan,nan,nan,nan,nan
05-Aug-25 7:30:00 PM AEST,18.6,nan,15.9,nan,nan,nan,nan,nan,nan,nan,nan,nan
05-Aug-25 7:32:00 PM AEST,18.5,nan,15.8,nan,nan,nan,nan,nan,nan,nan,nan,nan
05-Aug-25 7:33:00 PM AEST,nan,nan,15.9,nan,nan,nan,nan,nan,nan,nan,nan,nan
05-Aug-25 7:34:00 PM AEST,nan,nan,15.8,nan,nan,nan,nan,nan,nan,nan,nan,nan
05-Aug-25 7:35:00 PM AEST,nan,nan,nan,nan,nan,nan,301.10,nan,nan,nan,nan,nan
05-Aug-25 7:36:00 PM AEST,nan,nan,nan,nan,nan,nan,301.20,nan,nan,nan,nan,nan
05-Aug-25 7:37:00 PM AEST,nan,nan,15.9,nan,nan,nan,nan,0.01,1.20,0.10,299.70,nan
05-Aug-25 7:38:00 PM AEST,nan,nan,nan,nan,nan,nan,nan,0.00,0.00,0.00,0.00,nan
05-Aug-25 7:39:00 PM AEST,18.4,nan,16.0,nan,nan,nan,301.10,nan,nan,nan,nan,nan
05-Aug-25 7:40:00 PM AEST,nan,nan,15.9,nan,nan,nan,301.20,nan,nan,nan,nan,0.80
05-Aug-25 7:41:00 PM AEST,nan,nan,16.0,nan,nan,nan,nan,0.01,1.20,0.10,299.70,0.00
05-Aug-25 7:42:00 PM AEST,nan,nan,nan,nan,nan,nan,301.10,0.00,0.00,0.00,0.00,nan
05-Aug-25 7:43:00 PM AEST,nan,nan,15.9,nan,nan,nan,301.20,nan,nan,nan,nan,nan
05-Aug-25 7:44:00 PM AEST,18.3,nan,16.0,nan,nan,nan,nan,nan,nan,nan,nan,nan
05-Aug-25 7:45:00 PM AEST,nan,nan,15.9,nan,nan,nan,nan,nan,nan,nan,nan,nan
05-Aug-25 7:45:04 PM AEST,18.4,nan,nan,nan,nan,nan,nan,nan,nan,nan,nan,nan
05-Aug-25 7:46:00 PM AEST,nan,nan,16.0,nan,nan,nan,301.10,nan,nan,nan,nan,nan
05-Aug-25 7:46:08 PM AEST,18.3,nan,nan,nan,nan,nan,nan,nan,nan,nan,nan,nan
05-Aug-25 7:48:00 PM AEST,nan,nan,nan,nan,nan,nan,301.20,nan,nan,nan,nan,nan
05-Aug-25 7:49:00 PM AEST,nan,nan,15.9,nan,nan,nan,301.10,nan,nan,nan,nan,nan
05-Aug-25 7:50:00 PM AEST,nan,nan,16.0,nan,nan,nan,nan,nan,nan,nan,nan,nan
05-Aug-25 7:51:00 PM AEST,nan,nan,nan,nan,nan,nan,301.00,nan,nan,nan,nan,nan
05-Aug-25 7:52:00 PM AEST,18.2,nan,nan,nan,nan,nan,301.20,nan,nan,nan,nan,nan
05-Aug-25 7:53:00 PM AEST,nan,nan,15.9,nan,nan,nan,301.10,nan,nan,nan,nan,nan
05-Aug-25 7:54:00 PM AEST,nan,nan,16.0,nan,nan,nan,301.20,nan,nan,nan,nan,nan
05-Aug-25 7:55:00 PM AEST,nan,nan,15.9,nan,nan,nan,nan,nan,nan,nan,nan,nan
05-Aug-25 7:56:00 PM AEST,18.1,nan,nan,nan,nan,nan,301.10,nan,nan,nan,nan,nan
05-Aug-25 7:58:00 PM AEST,18.2,nan,16.0,nan,nan,nan,301.20,nan,nan,nan,nan,nan
05-Aug-25 7:59:04 PM AEST,18.1,nan,nan,nan,nan,nan,nan,nan,nan,nan,nan,nan
05-Aug-25 8:00:00 PM AEST,nan,nan,15.9,nan,nan,nan,nan,nan,nan,nan,nan,nan
05-Aug-25 8:01:00 PM AEST,nan,nan,16.0,nan,nan,nan,301.10,nan,nan,nan,nan,nan
05-Aug-25 8:02:00 PM AEST,nan,nan,15.9,nan,nan,nan,301.20,nan,nan,nan,nan,nan
05-Aug-25 8:03:00 PM AEST,18.0,nan,16.0,nan,nan,nan,301.10,nan,nan,nan,nan,nan
05-Aug-25 8:04:00 PM AEST,nan,nan,15.9,nan,nan,nan,nan,nan,nan,nan,nan,nan
05-Aug-25 8:04:04 PM AEST,18.1,nan,nan,nan,nan,nan,nan,nan,nan,nan,nan,nan
05-Aug-25 8:04:04 PM AEST,18.0,nan,nan,nan,nan,nan,nan,nan,nan,nan,nan,nan
05-Aug-25 8:06:00 PM AEST,nan,nan,nan,nan,nan,nan,301.20,nan,nan,nan,nan,nan
05-Aug-25 8:07:00 PM AEST,nan,nan,nan,nan,nan,nan,301.10,nan,nan,nan,nan,nan
05-Aug-25 8:09:00 PM AEST,17.9,nan,nan,nan,nan,nan,301.20,nan,nan,nan,nan,nan
05-Aug-25 8:12:00 PM AEST,17.8,nan,15.8,nan,nan,nan,nan,nan,nan,nan,nan,nan
05-Aug-25 8:15:00 PM AEST,nan,nan,nan,nan,nan,nan,301.10,nan,nan,nan,nan,nan
05-Aug-25 8:16:00 PM AEST,nan,nan,nan,nan,nan,nan,nan,nan,nan,nan,nan,0.80
05-Aug-25 8:17:00 PM AEST,17.9,nan,nan,nan,nan,nan,nan,nan,nan,nan,nan,0.00
05-Aug-25 8:18:00 PM AEST,nan,nan,15.9,nan,nan,nan,nan,nan,nan,nan,nan,nan
05-Aug-25 8:18:04 PM AEST,17.8,nan,nan,nan,nan,nan,nan,nan,nan,nan,nan,nan
05-Aug-25 8:19:00 PM AEST,nan,nan,15.8,nan,nan,nan,nan,nan,nan,nan,nan,nan
05-Aug-25 8:20:00 PM AEST,nan,nan,nan,nan,nan,nan,301.20,nan,nan,nan,nan,nan
05-Aug-25 8:21:00 PM AEST,nan,nan,nan,nan,nan,nan,301.10,nan,nan,nan,nan,nan
05-Aug-25 8:22:00 PM AEST,17.7,nan,nan,nan,nan,nan,nan,0.01,1.20,0.10,299.70,nan
05-Aug-25 8:23:00 PM AEST,nan,nan,nan,nan,nan,nan,301.20,0.00,0.00,0.00,0.00,nan
05-Aug-25 8:24:00 PM AEST,nan,nan,nan,nan,nan,nan,301.10,nan,nan,nan,nan,nan
05-Aug-25 8:25:00 PM AEST,nan,nan,nan,nan,nan,nan,301.20,nan,nan,nan,nan,nan
05-Aug-25 8:26:00 PM AEST,nan,nan,nan,nan,nan,nan,301.10,nan,nan,nan,nan,nan
05-Aug-25 8:29:00 PM AEST,nan,nan,nan,nan,nan,nan,301.20,nan,nan,nan,nan,nan
05-Aug-25 8:30:00 PM AEST,nan,nan,15.9,nan,nan,nan,301.10,nan,nan,nan,nan,nan
05-Aug-25 8:34:00 PM AEST,17.6,nan,nan,nan,nan,nan,301.20,nan,nan,nan,nan,nan
05-Aug-25 8:35:00 PM AEST,nan,nan,15.8,nan,nan,nan,301.00,nan,nan,nan,nan,nan
05-Aug-25 8:36:00 PM AEST,nan,nan,nan,nan,nan,nan,301.10,nan,nan,nan,nan,nan
05-Aug-25 8:37:00 PM AEST,nan,nan,15.9,nan,nan,nan,nan,nan,nan,nan,nan,nan
05-Aug-25 8:38:00 PM AEST,nan,nan,15.8,nan,nan,nan,nan,nan,nan,nan,nan,nan
05-Aug-25 8:39:00 PM AEST,nan,nan,nan,nan,nan,nan,301.20,nan,nan,nan,nan,nan
05-Aug-25 8:40:00 PM AEST,17.5,nan,nan,nan,nan,nan,301.10,nan,nan,nan,nan,nan
06-Aug-25 12:00:00 AM AEST,nan,nan,nan,0.00,0.00,nan,nan,nan,nan,nan,nan,nan
06-Aug-25 9:00:00 AM AEST,nan,nan,nan,nan,nan,0.12,nan,nan,nan,nan,nan,nan
06-Aug-25 9:00:00 AM AEST,nan,nan,nan,nan,nan,0.30,nan,nan,nan,nan,nan,nan
06-Aug-25 9:21:00 AM AEST,24.1,72.5,18.8,nan,nan,nan,298.70,0.63,9.50,5.90,296.20,450.80
06-Aug-25 9:22:00 AM AEST,nan,72.0,18.9,nan,nan,nan,286.20,0.46,5.90,4.50,287.00,438.30
06-Aug-25 9:22:04 AM AEST,24.2,nan,nan,nan,nan,nan,nan,nan,nan,nan,nan,nan
06-Aug-25 9:23:00 AM AEST,nan,nan,18.8,nan,nan,nan,335.80,0.48,7.10,4.70,336.50,444.90
06-Aug-25 9:23:08 AM AEST,24.4,nan,nan,nan,nan,nan,nan,nan,nan,nan,nan,nan
06-Aug-25 9:24:00 AM AEST,nan,71.5,18.9,nan,nan,nan,296.80,0.67,10.60,5.90,286.30,445.80
06-Aug-25 9:24:12 AM AEST,24.3,nan,nan,nan,nan,nan,nan,nan,nan,nan,nan,nan
06-Aug-25 9:25:00 AM AEST,nan,69.7,nan,nan,nan,nan,283.20,0.66,9.50,6.30,281.80,nan
06-Aug-25 9:25:16 AM AEST,24.4,nan,nan,nan,nan,nan,nan,nan,nan,nan,nan,nan
06-Aug-25 9:26:00 AM AEST,nan,70.2,18.4,nan,nan,nan,297.10,0.22,3.50,2.20,297.20,447.50
06-Aug-25 9:26:20 AM AEST,24.5,nan,nan,nan,nan,nan,nan,nan,nan,nan,nan,nan
06-Aug-25 9:27:00 AM AEST,nan,nan,18.6,nan,nan,nan,327.00,0.65,9.50,6.20,327.10,450.80
06-Aug-25 9:28:00 AM AEST,nan,70.3,18.7,nan,nan,nan,323.00,0.64,nan,6.30,320.50,452.40
06-Aug-25 9:29:00 AM AEST,nan,69.5,18.8,nan,nan,nan,328.30,0.92,14.20,8.00,336.30,434.20
06-Aug-25 9:30:00 AM AEST,nan,nan,18.6,nan,nan,nan,348.20,0.42,7.10,3.50,341.80,322.40
06-Aug-25 9:31:00 AM AEST,24.6,70.0,18.5,nan,nan,nan,357.90,0.31,5.90,1.80,333.90,470.80
06-Aug-25 9:32:00 AM AEST,nan,68.5,18.8,nan,nan,nan,261.60,0.63,10.60,6.20,258.80,nan
06-Aug-25 9:32:04 AM AEST,24.7,nan,nan,nan,nan,nan,nan,nan,nan,nan,nan,nan
06-Aug-25 9:33:00 AM AEST,nan,68.3,18.5,nan,nan,nan,302.40,0.69,9.50,6.40,304.80,472.50
06-Aug-25 9:33:08 AM AEST,24.6,nan,nan,nan,nan,nan,nan,nan,nan,nan,nan,nan
06-Aug-25 9:34:00 AM AEST,nan,67.5,18.4,nan,nan,nan,273.20,0.79,10.60,7.70,272.60,458.30
06-Aug-25 9:35:00 AM AEST,nan,67.3,18.2,nan,nan,nan,308.40,0.78,11.80,7.50,306.80,486.60
06-Aug-25 9:36:00 AM AEST,nan,68.2,18.1,nan,nan,nan,305.50,0.59,nan,5.70,303.00,490.80
06-Aug-25 9:37:00 AM AEST,24.7,69.0,18.3,nan,nan,nan,329.10,0.50,10.60,4.90,328.40,379.90
06-Aug-25 9:38:00 AM AEST,nan,68.8,18.7,nan,nan,nan,325.70,0.54,9.50,5.00,326.70,474.20
06-Aug-25 9:38:04 AM AEST,24.8,nan,nan,nan,nan,nan,nan,nan,nan,nan,nan,nan
06-Aug-25 9:39:00 AM AEST,nan,68.3,nan,nan,nan,nan,298.10,0.64,11.80,6.30,295.50,505.80
06-Aug-25 9:39:08 AM AEST,24.9,nan,nan,nan,nan,nan,nan,nan,nan,nan,nan,nan
06-Aug-25 9:40:00 AM AEST,nan,68.0,nan,nan,nan,nan,302.90,0.88,16.60,8.40,299.50,507.50
06-Aug-25 9:41:00 AM AEST,nan,67.8,18.6,nan,nan,nan,332.10,0.70,9.50,7.00,331.90,390.00
06-Aug-25 9:42:00 AM AEST,25.0,68.0,nan,nan,nan,nan,330.20,0.83,11.80,8.10,330.70,429.90
06-Aug-25 9:43:00 AM AEST,nan,67.5,18.7,nan,nan,nan,331.00,0.59,9.50,5.90,330.30,504.20
06-Aug-25 9:44:00 AM AEST,nan,66.8,18.6,nan,nan,nan,312.60,0.89,10.60,7.90,311.20,515.80
06-Aug-25 9:45:00 AM AEST,nan,66.7,18.4,nan,nan,nan,320.50,0.76,11.80,7.40,322.20,520.00
06-Aug-25 9:46:00 AM AEST,nan,66.5,nan,nan,nan,nan,297.60,0.85,10.60,8.10,298.60,525.80
06-Aug-25 9:47:00 AM AEST,nan,65.3,nan,nan,nan,nan,309.30,0.93,18.90,8.80,303.20,523.30
06-Aug-25 9:48:00 AM AEST,25.1,66.5,18.0,nan,nan,nan,308.70,0.56,9.50,4.20,292.00,519.20
06-Aug-25 9:49:00 AM AEST,nan,65.7,18.4,nan,nan,nan,329.10,0.95,13.00,6.90,323.10,519.10
06-Aug-25 9:49:04 AM AEST,25.3,nan,nan,nan,nan,nan,nan,nan,nan,nan,nan,nan
06-Aug-25 9:50:00 AM AEST,nan,65.8,18.2,nan,nan,nan,15.90,0.85,14.20,7.80,8.30,513.30
06-Aug-25 9:50:08 AM AEST,25.1,nan,nan,nan,nan,nan,nan,nan,nan,nan,nan,nan
06-Aug-25 9:51:00 AM AEST,nan,65.7,18.4,nan,nan,nan,346.80,1.14,16.60,10.60,345.60,509.90
06-Aug-25 9:51:12 AM AEST,25.2,nan,nan,nan,nan,nan,nan,nan,nan,nan,nan,nan
06-Aug-25 9:52:00 AM AEST,nan,65.2,18.2,nan,nan,nan,313.50,0.81,14.20,7.60,311.50,510.00
06-Aug-25 9:52:16 AM AEST,25.1,nan,nan,nan,nan,nan,nan,nan,nan,nan,nan,nan
06-Aug-25 9:53:00 AM AEST,nan,64.8,nan,nan,nan,nan,316.80,0.70,10.60,3.90,310.30,510.80
06-Aug-25 9:53:20 AM AEST,25.2,nan,nan,nan,nan,nan,nan,nan,nan,nan,nan,nan
06-Aug-25 9:54:00 AM AEST,nan,65.2,18.0,nan,nan,nan,352.40,0.92,14.20,8.70,351.70,nan
06-Aug-25 9:55:00 AM AEST,nan,65.0,18.2,nan,nan,nan,340.70,0.88,16.60,7.40,329.70,513.30
06-Aug-25 9:56:00 AM AEST,nan,64.3,nan,nan,nan,nan,331.10,0.86,17.80,7.30,329.50,515.80
06-Aug-25 9:57:00 AM AEST,nan,64.7,17.9,nan,nan,nan,321.80,0.90,14.20,8.50,321.00,517.50
06-Aug-25 9:58:00 AM AEST,25.3,65.2,18.0,nan,nan,nan,21.10,0.41,7.10,4.10,21.10,520.80
06-Aug-25 9:59:00 AM AEST,nan,65.5,18.3,nan,nan,nan,6.10,0.56,13.00,4.80,6.50,522.40
06-Aug-25 9:59:04 AM AEST,25.4,nan,nan,nan,nan,nan,nan,nan,nan,nan,nan,nan
06-Aug-25 10:00:04 AM AEST,nan,nan,nan,nan,nan,0.41,nan,nan,nan,nan,nan,nan
06-Aug-25 10:00:08 AM AEST,25.5,nan,nan,nan,nan,nan,nan,nan,nan,nan,nan,nan
06-Aug-25 10:01:00 AM AEST,nan,65.3,18.5,nan,nan,nan,333.30,0.57,9.50,4.90,327.10,524.20
06-Aug-25 10:01:00 AM AEST,nan,64.7,18.5,nan,nan,nan,298.00,0.70,10.60,6.40,295.30,525.80
06-Aug-25 10:01:12 AM AEST,25.6,nan,nan,nan,nan,nan,nan,nan,nan,nan,nan,nan
06-Aug-25 10:02:00 AM AEST,nan,64.2,18.3,nan,nan,nan,265.50,0.60,9.50,5.70,266.60,528.30
06-Aug-25 10:03:00 AM AEST,nan,nan,nan,nan,nan,nan,329.70,0.70,10.60,6.50,330.20,529.10
06-Aug-25 10:04:00 AM AEST,nan,64.0,nan,nan,nan,nan,320.30,0.95,14.20,9.20,321.10,530.80
06-Aug-25 10:05:00 AM AEST,nan,64.2,nan,nan,nan,nan,309.30,0.57,9.50,5.60,310.50,534.20
06-Aug-25 10:06:00 AM AEST,25.7,63.8,nan,nan,nan,nan,296.20,0.92,16.60,8.40,294.80,537.40
06-Aug-25 10:07:00 AM AEST,nan,63.2,nan,nan,nan,nan,332.70,0.82,11.80,7.60,331.50,540.00
06-Aug-25 10:07:04 AM AEST,25.6,nan,nan,nan,nan,nan,nan,nan,nan,nan,nan,nan
06-Aug-25 10:08:00 AM AEST,nan,63.5,18.0,nan,nan,nan,355.90,0.64,9.50,4.70,353.20,542.40
06-Aug-25 10:08:08 AM AEST,25.7,nan,nan,nan,nan,nan,nan,nan,nan,nan,nan,nan
06-Aug-25 10:09:00 AM AEST,nan,64.2,18.2,nan,nan,nan,266.60,0.40,7.10,3.50,265.90,543.30
06-Aug-25 10:10:00 AM AEST,25.8,64.0,18.5,nan,nan,nan,350.00,0.63,9.50,5.00,351.10,545.00
06-Aug-25 10:11:00 AM AEST,nan,nan,nan,nan,nan,nan,278.60,0.34,4.70,2.60,282.10,545.80
06-Aug-25 10:11:04 AM AEST,25.9,nan,nan,nan,nan,nan,nan,nan,nan,nan,nan,nan
06-Aug-25 10:12:00 AM AEST,nan,63.8,18.6,nan,nan,nan,275.50,0.35,5.90,3.50,275.50,545.00
06-Aug-25 10:12:08 AM AEST,26.0,nan,nan,nan,nan,nan,nan,nan,nan,nan,nan,nan
06-Aug-25 10:13:00 AM AEST,nan,64.0,18.7,nan,nan,nan,335.10,0.55,9.50,4.60,336.80,551.60
06-Aug-25 10:13:12 AM AEST,26.1,nan,nan,nan,nan,nan,nan,nan,nan,nan,nan,nan
06-Aug-25 10:14:00 AM AEST,nan,63.2,18.8,nan,nan,nan,283.60,0.72,13.00,6.60,278.90,554.20
06-Aug-25 10:14:16 AM AEST,26.2,nan,nan,nan,nan,nan,nan,nan,nan,nan,nan,nan
06-Aug-25 10:15:00 AM AEST,nan,63.0,18.6,nan,nan,nan,352.30,0.58,10.60,5.30,349.60,557.40
06-Aug-25 10:16:00 AM AEST,26.3,nan,nan,nan,nan,nan,335.20,0.75,nan,5.80,335.60,559.20
06-Aug-25 10:17:00 AM AEST,nan,63.2,18.7,nan,nan,nan,321.80,0.33,5.90,3.20,321.10,560.80
06-Aug-25 10:17:04 AM AEST,26.5,nan,nan,nan,nan,nan,nan,nan,nan,nan,nan,nan
06-Aug-25 10:18:00 AM AEST,nan,62.7,18.8,nan,nan,nan,289.30,0.79,11.80,7.00,291.50,561.60
06-Aug-25 10:18:08 AM AEST,26.3,nan,nan,nan,nan,nan,nan,nan,nan,nan,nan,nan
06-Aug-25 10:19:00 AM AEST,nan,61.3,nan,nan,nan,nan,299.70,0.89,nan,7.90,299.30,564.20
06-Aug-25 10:20:00 AM AEST,nan,62.2,18.2,nan,nan,nan,282.90,0.49,7.10,4.80,283.90,565.80
06-Aug-25 10:21:00 AM AEST,26.4,61.7,18.5,nan,nan,nan,266.60,0.56,11.80,4.50,268.90,566.70
06-Aug-25 10:22:00 AM AEST,nan,61.2,18.4,nan,nan,nan,319.50,0.91,16.60,7.90,310.10,568.30
06-Aug-25 10:22:04 AM AEST,26.3,nan,nan,nan,nan,nan,nan,nan,nan,nan,nan,nan
06-Aug-25 10:23:00 AM AEST,nan,61.5,18.2,nan,nan,nan,278.50,0.56,9.50,3.50,281.90,570.80
06-Aug-25 10:23:08 AM AEST,26.5,nan,nan,nan,nan,nan,nan,nan,nan,nan,nan,nan
06-Aug-25 10:24:00 AM AEST,nan,62.0,18.3,nan,nan,nan,317.00,0.59,10.60,3.90,318.40,573.30
06-Aug-25 10:25:00 AM AEST,nan,61.7,18.6,nan,nan,nan,324.90,nan,8.30,4.30,324.90,575.80
06-Aug-25 10:26:00 AM AEST,nan,61.0,nan,nan,nan,nan,319.90,0.85,10.60,7.80,322.00,578.30
06-Aug-25 10:27:00 AM AEST,26.4,60.7,18.4,nan,nan,nan,298.00,0.77,11.80,7.30,295.80,nan
06-Aug-25 10:28:00 AM AEST,nan,61.0,18.2,nan,nan,nan,341.30,0.56,8.30,5.00,339.80,580.80
06-Aug-25 10:29:00 AM AEST,26.5,nan,18.3,nan,nan,nan,331.20,0.93,15.40,8.10,328.10,582.50
06-Aug-25 10:30:00 AM AEST,nan,60.5,18.4,nan,nan,nan,305.60,0.83,11.80,7.90,303.50,584.10
06-Aug-25 10:30:04 AM AEST,26.6,nan,nan,nan,nan,nan,nan,nan,nan,nan,nan,nan
06-Aug-25 10:30:04 AM AEST,26.4,nan,nan,nan,nan,nan,nan,nan,nan,nan,nan,nan
06-Aug-25 10:31:00 AM AEST,nan,60.8,18.3,nan,nan,nan,321.80,0.73,nan,6.00,317.10,586.70
06-Aug-25 10:31:08 AM AEST,26.5,nan,nan,nan,nan,nan,nan,nan,nan,nan,nan,nan
06-Aug-25 10:32:00 AM AEST,nan,60.7,nan,nan,nan,nan,344.00,0.59,9.50,5.20,346.70,589.90
06-Aug-25 10:32:12 AM AEST,26.6,nan,nan,nan,nan,nan,nan,nan,nan,nan,nan,nan
06-Aug-25 10:33:00 AM AEST,nan,nan,nan,nan,nan,nan,310.40,0.80,15.40,7.60,309.50,591.70
06-Aug-25 10:33:16 AM AEST,26.4,nan,nan,nan,nan,nan,nan,nan,nan,nan,nan,nan
06-Aug-25 10:34:00 AM AEST,nan,60.0,nan,nan,nan,nan,277.90,1.01,nan,9.40,277.70,nan
06-Aug-25 10:35:00 AM AEST,nan,60.3,18.0,nan,nan,nan,338.20,0.87,11.80,7.30,335.70,592.40
06-Aug-25 10:36:00 AM AEST,nan,nan,18.1,nan,nan,nan,299.70,0.73,10.60,6.50,299.90,595.00
06-Aug-25 10:37:00 AM AEST,nan,60.7,nan,nan,nan,nan,2.90,0.70,nan,6.30,5.90,596.60
06-Aug-25 10:38:00 AM AEST,26.5,60.8,18.2,nan,nan,nan,281.20,0.50,8.30,3.00,283.60,599.20
06-Aug-25 10:39:00 AM AEST,nan,61.3,18.3,nan,nan,nan,318.60,0.69,10.60,5.10,321.00,602.50
06-Aug-25 10:39:04 AM AEST,26.7,nan,nan,nan,nan,nan,nan,nan,nan,nan,nan,nan
06-Aug-25 10:40:00 AM AEST,nan,nan,18.6,nan,nan,nan,300.20,nan,14.20,6.10,307.10,606.60
06-Aug-25 10:41:00 AM AEST,nan,60.5,18.7,nan,nan,nan,355.30,0.76,15.40,7.00,358.90,612.50
06-Aug-25 10:42:00 AM AEST,nan,60.0,18.5,nan,nan,nan,314.60,0.98,16.60,9.20,311.80,614.10
06-Aug-25 10:43:00 AM AEST,nan,59.7,18.3,nan,nan,nan,347.40,0.67,11.80,6.20,345.50,618.30
06-Aug-25 10:44:00 AM AEST,nan,nan,18.2,nan,nan,nan,295.90,0.80,nan,7.60,294.00,622.50
06-Aug-25 10:45:00 AM AEST,nan,59.0,nan,nan,nan,nan,300.50,0.86,13.00,8.30,299.70,628.30
06-Aug-25 10:46:00 AM AEST,26.6,59.2,18.0,nan,nan,nan,302.70,0.72,10.60,6.40,303.60,625.80
06-Aug-25 10:47:00 AM AEST,nan,59.8,17.9,nan,nan,nan,271.50,0.21,4.70,2.10,271.40,463.30
06-Aug-25 10:47:04 AM AEST,26.7,nan,nan,nan,nan,nan,nan,nan,nan,nan,nan,nan
06-Aug-25 10:47:04 AM AEST,26.9,nan,nan,nan,nan,nan,nan,nan,nan,nan,nan,nan
06-Aug-25 10:48:00 AM AEST,nan,60.3,18.3,nan,nan,nan,1.90,0.53,9.50,4.00,16.70,644.20
06-Aug-25 10:48:08 AM AEST,27.0,nan,nan,nan,nan,nan,nan,nan,nan,nan,nan,nan
06-Aug-25 10:49:00 AM AEST,nan,60.7,18.6,nan,nan,nan,327.90,0.80,14.20,6.90,338.20,392.50
06-Aug-25 10:50:00 AM AEST,nan,60.0,18.7,nan,nan,nan,359.80,0.73,10.60,5.60,6.90,610.80
06-Aug-25 10:51:00 AM AEST,nan,59.5,18.5,nan,nan,nan,280.00,0.70,13.00,6.80,284.00,644.20
06-Aug-25 10:52:00 AM AEST,nan,60.0,18.4,nan,nan,nan,345.30,0.64,10.60,5.20,348.10,662.40
06-Aug-25 10:53:00 AM AEST,27.1,nan,18.5,nan,nan,nan,352.80,nan,11.80,5.60,347.50,625.80
06-Aug-25 10:54:00 AM AEST,nan,59.8,18.7,nan,nan,nan,324.40,0.30,4.70,2.70,323.80,419.90
06-Aug-25 10:54:04 AM AEST,27.2,nan,nan,nan,nan,nan,nan,nan,nan,nan,nan,nan
06-Aug-25 10:55:00 AM AEST,nan,59.3,nan,nan,nan,nan,277.00,0.78,11.80,7.10,275.70,679.20
06-Aug-25 10:55:08 AM AEST,27.4,nan,nan,nan,nan,nan,nan,nan,nan,nan,nan,nan
06-Aug-25 10:56:00 AM AEST,nan,58.3,nan,nan,nan,nan,276.40,0.41,7.10,4.10,277.20,677.50
06-Aug-25 10:56:12 AM AEST,27.3,nan,nan,nan,nan,nan,nan,nan,nan,nan,nan,nan
06-Aug-25 10:57:00 AM AEST,nan,58.5,18.4,nan,nan,nan,262.60,0.53,nan,4.80,264.60,690.80
06-Aug-25 10:58:00 AM AEST,nan,58.8,18.5,nan,nan,nan,311.10,0.86,11.80,7.80,317.90,717.50
06-Aug-25 10:59:00 AM AEST,27.1,58.5,nan,nan,nan,nan,309.90,0.89,nan,8.60,312.30,504.10
06-Aug-25 11:00:08 AM AEST,nan,nan,nan,nan,nan,0.47,nan,nan,nan,nan,nan,nan
06-Aug-25 11:01:00 AM AEST,nan,59.0,18.4,nan,nan,nan,321.40,0.75,14.20,6.50,314.10,299.20
06-Aug-25 11:02:00 AM AEST,27.0,57.5,nan,nan,nan,nan,312.80,0.91,13.00,8.90,313.50,707.40
06-Aug-25 11:03:00 AM AEST,nan,57.7,17.9,nan,nan,nan,326.50,0.93,14.20,9.10,325.40,702.50
06-Aug-25 11:03:04 AM AEST,26.9,nan,nan,nan,nan,nan,nan,nan,nan,nan,nan,nan
06-Aug-25 11:04:00 AM AEST,nan,57.5,nan,nan,nan,nan,313.40,0.63,11.80,6.00,316.80,713.20
06-Aug-25 11:04:08 AM AEST,27.0,nan,nan,nan,nan,nan,nan,nan,nan,nan,nan,nan
06-Aug-25 11:04:08 AM AEST,27.1,nan,nan,nan,nan,nan,nan,nan,nan,nan,nan,nan
06-Aug-25 11:05:00 AM AEST,nan,57.8,nan,nan,nan,nan,333.40,0.68,10.60,6.70,333.10,725.00
06-Aug-25 11:06:00 AM AEST,27.4,58.2,18.1,nan,nan,nan,321.80,0.34,nan,2.90,310.80,721.70
06-Aug-25 11:07:00 AM AEST,nan,57.0,18.4,nan,nan,nan,314.30,0.89,13.00,8.10,314.50,715.70
06-Aug-25 11:07:04 AM AEST,27.5,nan,nan,nan,nan,nan,nan,nan,nan,nan,nan,nan
06-Aug-25 11:08:00 AM AEST,nan,55.2,18.2,nan,nan,nan,320.20,0.99,20.10,8.60,320.90,714.10
06-Aug-25 11:08:08 AM AEST,27.4,nan,nan,nan,nan,nan,nan,nan,nan,nan,nan,nan
06-Aug-25 11:09:00 AM AEST,nan,55.0,17.6,nan,nan,nan,318.20,0.96,14.20,9.50,318.50,714.20
06-Aug-25 11:09:12 AM AEST,27.3,nan,nan,nan,nan,nan,nan,nan,nan,nan,nan,nan
06-Aug-25 11:10:00 AM AEST,nan,54.8,17.5,nan,nan,nan,294.40,0.47,9.50,4.50,298.60,650.80
06-Aug-25 11:11:00 AM AEST,27.5,55.7,17.4,nan,nan,nan,270.40,0.43,7.10,4.30,270.20,216.70
06-Aug-25 11:12:00 AM AEST,nan,nan,17.9,nan,nan,nan,180.90,0.38,5.90,2.00,181.10,679.90
06-Aug-25 11:12:04 AM AEST,27.6,nan,nan,nan,nan,nan,nan,nan,nan,nan,nan,nan
06-Aug-25 11:13:00 AM AEST,nan,nan,nan,nan,nan,nan,252.60,0.53,10.60,5.30,253.00,655.00
06-Aug-25 11:14:00 AM AEST,27.7,56.3,nan,nan,nan,nan,287.70,0.50,8.30,2.50,306.20,703.20
06-Aug-25 11:15:00 AM AEST,nan,55.5,18.2,nan,nan,nan,289.10,0.72,11.80,6.20,282.00,705.00
06-Aug-25 11:16:00 AM AEST,nan,54.7,18.0,nan,nan,nan,270.80,0.65,10.60,5.60,278.30,711.60
06-Aug-25 11:17:00 AM AEST,27.8,54.8,17.7,nan,nan,nan,326.80,0.27,7.10,2.70,326.90,735.80
06-Aug-25 11:18:00 AM AEST,nan,nan,17.9,nan,nan,nan,278.80,0.41,nan,2.80,271.70,752.50
06-Aug-25 11:18:04 AM AEST,28.0,nan,nan,nan,nan,nan,nan,nan,nan,nan,nan,nan
06-Aug-25 11:19:00 AM AEST,nan,55.0,18.1,nan,nan,nan,260.40,0.64,9.50,4.80,253.00,704.10
06-Aug-25 11:19:08 AM AEST,28.1,nan,nan,nan,nan,nan,nan,nan,nan,nan,nan,nan
06-Aug-25 11:20:00 AM AEST,nan,55.3,nan,nan,nan,nan,291.20,0.47,7.10,4.00,285.50,733.30
06-Aug-25 11:20:12 AM AEST,28.3,nan,nan,nan,nan,nan,nan,nan,nan,nan,nan,nan
06-Aug-25 11:21:00 AM AEST,nan,56.0,18.3,nan,nan,nan,323.60,0.50,18.90,4.60,313.40,740.70
06-Aug-25 11:21:16 AM AEST,28.1,nan,nan,nan,nan,nan,nan,nan,nan,nan,nan,nan
06-Aug-25 11:22:00 AM AEST,nan,55.0,18.6,nan,nan,nan,320.00,1.13,20.10,9.50,313.80,747.50
06-Aug-25 11:22:20 AM AEST,28.0,nan,nan,nan,nan,nan,nan,nan,nan,nan,nan,nan
06-Aug-25 11:23:00 AM AEST,nan,54.8,18.2,nan,nan,nan,298.10,0.71,10.60,5.40,303.20,760.80
06-Aug-25 11:23:24 AM AEST,28.1,nan,nan,nan,nan,nan,nan,nan,nan,nan,nan,nan
06-Aug-25 11:24:00 AM AEST,nan,55.8,18.0,nan,nan,nan,292.00,0.57,7.10,5.50,291.10,765.70
06-Aug-25 11:24:28 AM AEST,28.2,nan,nan,nan,nan,nan,nan,nan,nan,nan,nan,nan
06-Aug-25 11:25:00 AM AEST,nan,nan,18.4,nan,nan,nan,328.40,0.76,11.80,6.10,335.20,784.20
06-Aug-25 11:25:32 AM AEST,28.1,nan,nan,nan,nan,nan,nan,nan,nan,nan,nan,nan
06-Aug-25 11:26:00 AM AEST,nan,54.8,18.5,nan,nan,nan,345.20,0.67,10.60,5.90,352.50,802.40
06-Aug-25 11:27:00 AM AEST,nan,nan,18.1,nan,nan,nan,318.80,0.76,nan,6.90,321.40,750.00
06-Aug-25 11:28:00 AM AEST,28.2,55.2,18.2,nan,nan,nan,320.40,0.60,9.50,5.80,nan,714.20
06-Aug-25 11:29:00 AM AEST,nan,55.0,18.3,nan,nan,nan,332.80,0.44,7.10,4.40,331.80,804.10
06-Aug-25 11:29:04 AM AEST,28.3,nan,nan,nan,nan,nan,nan,nan,nan,nan,nan,nan
06-Aug-25 11:30:00 AM AEST,nan,nan,18.4,nan,nan,nan,317.80,0.86,13.00,8.10,316.00,773.30
06-Aug-25 11:30:08 AM AEST,28.4,nan,nan,nan,nan,nan,nan,nan,nan,nan,nan,nan
06-Aug-25 11:30:08 AM AEST,28.3,nan,nan,nan,nan,nan,nan,nan,nan,nan,nan,nan
06-Aug-25 11:31:00 AM AEST,nan,54.2,18.5,nan,nan,nan,311.40,0.83,14.20,8.20,309.70,761.60
06-Aug-25 11:31:12 AM AEST,28.2,nan,nan,nan,nan,nan,nan,nan,nan,nan,nan,nan
06-Aug-25 11:32:00 AM AEST,nan,52.8,18.1,nan,nan,nan,340.20,0.77,nan,6.60,334.80,774.20
06-Aug-25 11:33:00 AM AEST,nan,52.7,17.7,nan,nan,nan,284.70,1.05,15.40,10.10,287.00,357.50
06-Aug-25 11:34:00 AM AEST,nan,52.5,17.6,nan,nan,nan,275.30,0.62,8.30,6.00,276.50,283.30
06-Aug-25 11:35:00 AM AEST,28.1,52.3,nan,nan,nan,nan,315.10,0.78,13.00,6.30,319.70,391.70
06-Aug-25 11:36:00 AM AEST,nan,52.0,17.4,nan,nan,nan,68.40,0.31,7.10,1.70,59.90,190.80
06-Aug-25 11:37:00 AM AEST,28.3,52.2,17.3,nan,nan,nan,73.90,0.17,3.50,nan,73.60,148.30
06-Aug-25 11:38:00 AM AEST,nan,52.5,17.6,nan,nan,nan,69.00,0.15,nan,1.50,69.00,723.30
06-Aug-25 11:38:04 AM AEST,28.4,nan,nan,nan,nan,nan,nan,nan,nan,nan,nan,nan
06-Aug-25 11:39:00 AM AEST,nan,53.0,17.8,nan,nan,nan,10.50,0.44,9.50,2.10,333.00,655.80
06-Aug-25 11:39:08 AM AEST,28.5,nan,nan,nan,nan,nan,nan,nan,nan,nan,nan,nan
06-Aug-25 11:40:00 AM AEST,nan,52.5,18.0,nan,nan,nan,296.10,0.45,7.10,4.40,296.70,648.30
06-Aug-25 11:40:12 AM AEST,28.3,nan,nan,nan,nan,nan,nan,nan,nan,nan,nan,nan
06-Aug-25 11:41:00 AM AEST,nan,52.8,17.7,nan,nan,nan,275.80,0.30,4.70,2.90,275.60,427.40
06-Aug-25 11:42:00 AM AEST,28.4,53.3,17.8,nan,nan,nan,314.20,0.62,9.50,5.00,311.50,299.20
06-Aug-25 11:43:00 AM AEST,nan,53.0,18.0,nan,nan,nan,301.00,0.61,nan,4.80,309.10,800.00
06-Aug-25 11:43:04 AM AEST,28.3,nan,nan,nan,nan,nan,nan,nan,nan,nan,nan,nan
06-Aug-25 11:43:04 AM AEST,28.4,nan,nan,nan,nan,nan,nan,nan,nan,nan,nan,nan
06-Aug-25 11:44:00 AM AEST,nan,52.7,17.8,nan,nan,nan,319.90,0.54,nan,5.20,319.80,783.20
06-Aug-25 11:44:08 AM AEST,28.3,nan,nan,nan,nan,nan,nan,nan,nan,nan,nan,nan
06-Aug-25 11:45:00 AM AEST,nan,51.5,nan,nan,nan,nan,330.50,0.63,11.80,6.30,331.00,688.30
06-Aug-25 11:45:12 AM AEST,28.4,nan,nan,nan,nan,nan,nan,nan,nan,nan,nan,nan
06-Aug-25 11:46:00 AM AEST,nan,51.3,17.3,nan,nan,nan,329.20,0.27,4.70,2.70,329.10,167.50
06-Aug-25 11:46:16 AM AEST,28.5,nan,nan,nan,nan,nan,nan,nan,nan,nan,nan,nan
06-Aug-25 11:47:00 AM AEST,nan,51.8,17.4,nan,nan,nan,249.20,0.38,9.50,3.30,255.60,165.00
06-Aug-25 11:47:20 AM AEST,28.4,nan,nan,nan,nan,nan,nan,nan,nan,nan,nan,nan
06-Aug-25 11:48:00 AM AEST,nan,52.5,17.6,nan,nan,nan,0.90,0.48,nan,3.00,355.10,412.50
06-Aug-25 11:48:24 AM AEST,28.2,nan,nan,nan,nan,nan,nan,nan,nan,nan,nan,nan
06-Aug-25 11:49:00 AM AEST,nan,52.7,17.8,nan,nan,nan,278.40,0.94,16.60,8.30,282.90,774.10
06-Aug-25 11:49:28 AM AEST,28.3,nan,nan,nan,nan,nan,nan,nan,nan,nan,nan,nan
06-Aug-25 11:50:00 AM AEST,nan,53.8,17.6,nan,nan,nan,291.50,0.51,8.30,4.30,298.80,761.70
06-Aug-25 11:51:00 AM AEST,nan,53.5,18.0,nan,nan,nan,274.90,0.63,9.50,6.10,276.10,761.60
06-Aug-25 11:52:00 AM AEST,28.4,nan,nan,nan,nan,nan,318.20,0.43,5.90,4.30,317.60,765.80
06-Aug-25 11:53:00 AM AEST,nan,53.0,nan,nan,nan,nan,297.70,0.66,9.50,6.00,300.30,771.70
06-Aug-25 11:54:00 AM AEST,nan,53.5,17.9,nan,nan,nan,303.90,0.72,11.80,7.00,303.70,774.90
06-Aug-25 11:55:00 AM AEST,nan,53.0,18.0,nan,nan,nan,300.40,1.09,20.10,10.50,301.00,638.30
06-Aug-25 11:56:00 AM AEST,28.1,52.8,17.9,nan,nan,nan,291.30,0.79,13.00,6.90,299.00,763.20
06-Aug-25 11:57:00 AM AEST,nan,53.2,17.6,nan,nan,nan,310.90,0.73,11.80,nan,316.90,749.20
06-Aug-25 11:57:04 AM AEST,28.2,nan,nan,nan,nan,nan,nan,nan,nan,nan,nan,nan
06-Aug-25 11:57:04 AM AEST,28.4,nan,nan,nan,nan,nan,nan,nan,nan,nan,nan,nan
06-Aug-25 11:58:00 AM AEST,nan,53.5,17.8,nan,nan,nan,283.70,0.67,9.50,5.20,281.30,746.70
06-Aug-25 11:59:00 AM AEST,nan,52.8,18.0,nan,nan,nan,279.70,0.71,13.00,6.50,283.30,752.40
06-Aug-25 12:00:00 PM AEST,28.3,nan,17.8,nan,nan,nan,326.90,1.11,15.40,9.80,324.30,629.20
06-Aug-25 12:00:12 PM AEST,nan,nan,nan,nan,nan,0.49,nan,nan,nan,nan,nan,nan
06-Aug-25 12:01:00 PM AEST,nan,52.5,nan,nan,nan,nan,331.30,1.05,nan,10.20,332.50,734.90
06-Aug-25 12:01:04 PM AEST,28.2,nan,nan,nan,nan,nan,nan,nan,nan,nan,nan,nan
06-Aug-25 12:02:00 PM AEST,nan,53.2,17.5,nan,nan,nan,327.90,0.57,8.30,5.60,330.50,656.70
06-Aug-25 12:02:08 PM AEST,28.3,nan,nan,nan,nan,nan,nan,nan,nan,nan,nan,nan
06-Aug-25 12:02:08 PM AEST,28.4,nan,nan,nan,nan,nan,nan,nan,nan,nan,nan,nan
06-Aug-25 12:03:00 PM AEST,nan,nan,17.8,nan,nan,nan,290.30,0.70,10.60,6.60,288.60,471.70
06-Aug-25 12:04:00 PM AEST,nan,nan,17.9,nan,nan,nan,298.00,0.51,9.50,5.10,298.40,111.60
06-Aug-25 12:05:00 PM AEST,nan,53.0,nan,nan,nan,nan,327.40,0.59,nan,nan,327.00,131.70
06-Aug-25 12:06:00 PM AEST,28.2,52.7,nan,nan,nan,nan,325.40,0.94,13.00,9.10,325.30,594.90
06-Aug-25 12:07:00 PM AEST,nan,nan,17.6,nan,nan,nan,291.50,0.68,9.50,5.90,296.80,467.50
06-Aug-25 12:07:04 PM AEST,28.0,nan,nan,nan,nan,nan,nan,nan,nan,nan,nan,nan
06-Aug-25 12:08:00 PM AEST,nan,53.2,17.4,nan,nan,nan,275.00,0.50,8.30,4.90,277.70,653.30
06-Aug-25 12:08:08 PM AEST,28.1,nan,nan,nan,nan,nan,nan,nan,nan,nan,nan,nan
06-Aug-25 12:09:00 PM AEST,nan,53.3,17.7,nan,nan,nan,275.80,0.34,5.90,3.40,275.80,746.70
06-Aug-25 12:09:12 PM AEST,28.2,nan,nan,nan,nan,nan,nan,nan,nan,nan,nan,nan
06-Aug-25 12:10:00 PM AEST,nan,53.7,17.8,nan,nan,nan,302.30,0.86,16.60,7.30,316.00,741.70
06-Aug-25 12:10:16 PM AEST,28.3,nan,nan,nan,nan,nan,nan,nan,nan,nan,nan,nan
06-Aug-25 12:11:00 PM AEST,nan,53.0,18.0,nan,nan,nan,279.80,0.53,10.60,4.70,282.50,732.40
06-Aug-25 12:11:20 PM AEST,28.4,nan,nan,nan,nan,nan,nan,nan,nan,nan,nan,nan
06-Aug-25 12:12:00 PM AEST,nan,53.3,17.8,nan,nan,nan,299.10,0.89,14.20,8.30,300.40,729.20
06-Aug-25 12:12:24 PM AEST,28.3,nan,nan,nan,nan,nan,nan,nan,nan,nan,nan,nan
06-Aug-25 12:13:00 PM AEST,nan,52.7,18.0,nan,nan,nan,343.40,0.97,nan,9.30,344.30,729.90
06-Aug-25 12:14:00 PM AEST,nan,52.3,17.7,nan,nan,nan,315.60,0.80,13.00,7.50,319.20,731.70
06-Aug-25 12:15:00 PM AEST,28.4,53.3,17.6,nan,nan,nan,310.40,0.51,7.10,4.90,312.20,735.80
06-Aug-25 12:16:00 PM AEST,nan,53.0,18.0,nan,nan,nan,302.80,0.72,11.80,6.70,295.60,739.90
06-Aug-25 12:16:04 PM AEST,28.6,nan,nan,nan,nan,nan,nan,nan,nan,nan,nan,nan
06-Aug-25 12:17:00 PM AEST,nan,52.3,18.1,nan,nan,nan,293.30,0.61,10.60,5.90,292.00,741.70
06-Aug-25 12:17:08 PM AEST,28.5,nan,nan,nan,nan,nan,nan,nan,nan,nan,nan,nan
06-Aug-25 12:17:08 PM AEST,28.6,nan,nan,nan,nan,nan,nan,nan,nan,nan,nan,nan
06-Aug-25 12:18:00 PM AEST,nan,52.5,17.8,nan,nan,nan,305.30,0.86,nan,7.90,305.30,753.20
06-Aug-25 12:18:12 PM AEST,28.7,nan,nan,nan,nan,nan,nan,nan,nan,nan,nan,nan
06-Aug-25 12:19:00 PM AEST,nan,52.3,18.0,nan,nan,nan,302.50,0.54,nan,5.30,302.10,739.20
06-Aug-25 12:19:16 PM AEST,28.8,nan,nan,nan,nan,nan,nan,nan,nan,nan,nan,nan
06-Aug-25 12:20:00 PM AEST,nan,53.0,nan,nan,nan,nan,270.00,0.44,8.30,2.60,275.60,726.70
06-Aug-25 12:20:20 PM AEST,28.9,nan,nan,nan,nan,nan,nan,nan,nan,nan,nan,nan
06-Aug-25 12:21:00 PM AEST,nan,51.7,18.3,nan,nan,nan,270.10,0.52,7.10,4.90,270.20,718.20
06-Aug-25 12:22:00 PM AEST,nan,50.7,18.0,nan,nan,nan,312.40,0.86,11.80,8.40,312.40,715.80
06-Aug-25 12:23:00 PM AEST,nan,51.0,17.6,nan,nan,nan,299.90,0.72,14.20,6.60,309.20,717.40
06-Aug-25 12:24:00 PM AEST,nan,50.8,17.7,nan,nan,nan,354.80,0.58,9.50,4.90,348.00,717.50
06-Aug-25 12:25:00 PM AEST,29.0,50.3,nan,nan,nan,nan,292.80,0.75,nan,6.70,292.50,715.00
06-Aug-25 12:26:00 PM AEST,nan,49.7,17.6,nan,nan,nan,327.80,0.81,14.20,7.10,333.00,714.10
06-Aug-25 12:26:04 PM AEST,28.9,nan,nan,nan,nan,nan,nan,nan,nan,nan,nan,nan
06-Aug-25 12:27:00 PM AEST,nan,nan,17.4,nan,nan,nan,311.20,1.11,17.80,10.50,308.80,715.80
06-Aug-25 12:28:00 PM AEST,nan,50.0,17.3,nan,nan,nan,255.30,0.40,7.10,3.80,259.30,736.60
06-Aug-25 12:29:00 PM AEST,29.1,50.5,17.4,nan,nan,nan,254.00,0.51,11.80,4.40,270.10,728.30
06-Aug-25 12:30:00 PM AEST,nan,49.5,17.8,nan,nan,nan,306.00,0.79,13.00,7.60,307.30,nan
06-Aug-25 12:30:04 PM AEST,29.0,nan,nan,nan,nan,nan,nan,nan,nan,nan,nan,nan
06-Aug-25 12:31:00 PM AEST,nan,50.0,17.3,nan,nan,nan,257.80,0.30,5.90,2.30,269.20,738.20
06-Aug-25 12:31:08 PM AEST,29.1,nan,nan,nan,nan,nan,nan,nan,nan,nan,nan,nan
06-Aug-25 12:32:00 PM AEST,nan,49.2,17.6,nan,nan,nan,325.40,1.03,15.40,9.70,325.30,766.70
06-Aug-25 12:32:12 PM AEST,28.9,nan,nan,nan,nan,nan,nan,nan,nan,nan,nan,nan
06-Aug-25 12:33:00 PM AEST,nan,48.7,17.4,nan,nan,nan,307.90,0.85,13.00,7.70,311.50,629.10
06-Aug-25 12:34:00 PM AEST,nan,48.5,17.0,nan,nan,nan,296.20,0.57,9.50,5.70,296.10,540.80
06-Aug-25 12:35:00 PM AEST,28.8,49.2,16.9,nan,nan,nan,325.60,0.67,13.00,5.60,319.80,482.50
06-Aug-25 12:36:00 PM AEST,nan,49.0,17.1,nan,nan,nan,332.60,1.15,16.60,9.80,331.90,611.60
06-Aug-25 12:36:04 PM AEST,28.7,nan,nan,nan,nan,nan,nan,nan,nan,nan,nan,nan
06-Aug-25 12:37:00 PM AEST,nan,nan,17.0,nan,nan,nan,324.10,1.20,20.10,9.30,313.00,740.80
06-Aug-25 12:37:08 PM AEST,28.5,nan,nan,nan,nan,nan,nan,nan,nan,nan,nan,nan
06-Aug-25 12:38:00 PM AEST,nan,nan,16.7,nan,nan,nan,297.50,0.76,10.60,6.90,301.40,692.40
06-Aug-25 12:39:00 PM AEST,nan,48.2,16.8,nan,nan,nan,279.80,0.83,11.80,8.00,280.90,695.00
06-Aug-25 12:40:00 PM AEST,nan,49.7,16.5,nan,nan,nan,294.10,0.76,13.00,7.20,293.10,735.00
06-Aug-25 12:41:00 PM AEST,nan,49.5,17.0,nan,nan,nan,311.10,1.11,14.20,10.00,310.60,743.20
06-Aug-25 12:42:00 PM AEST,nan,50.0,16.9,nan,nan,nan,342.50,0.64,10.60,5.90,341.30,747.50
06-Aug-25 12:43:00 PM AEST,28.8,49.8,17.1,nan,nan,nan,320.70,0.43,8.30,4.20,317.60,614.10
06-Aug-25 12:44:00 PM AEST,nan,49.5,17.2,nan,nan,nan,5.50,0.35,7.10,2.80,3.60,162.50
06-Aug-25 12:44:04 PM AEST,28.9,nan,nan,nan,nan,nan,nan,nan,nan,nan,nan,nan
06-Aug-25 12:44:04 PM AEST,29.0,nan,nan,nan,nan,nan,nan,nan,nan,nan,nan,nan
06-Aug-25 12:45:00 PM AEST,nan,50.0,17.3,nan,nan,nan,288.60,0.50,8.30,4.70,287.40,404.20
06-Aug-25 12:45:08 PM AEST,28.8,nan,nan,nan,nan,nan,nan,nan,nan,nan,nan,nan
06-Aug-25 12:46:00 PM AEST,nan,50.7,17.5,nan,nan,nan,295.70,0.88,13.00,8.00,295.70,394.10
06-Aug-25 12:46:12 PM AEST,28.7,nan,nan,nan,nan,nan,nan,nan,nan,nan,nan,nan
06-Aug-25 12:47:00 PM AEST,nan,50.8,nan,nan,nan,nan,301.60,0.58,10.60,5.00,301.80,374.20
06-Aug-25 12:47:16 PM AEST,28.6,nan,nan,nan,nan,nan,nan,nan,nan,nan,nan,nan
06-Aug-25 12:48:00 PM AEST,nan,50.3,nan,nan,nan,nan,279.30,0.75,nan,7.00,280.00,233.30
06-Aug-25 12:48:20 PM AEST,28.5,nan,nan,nan,nan,nan,nan,nan,nan,nan,nan,nan
06-Aug-25 12:49:00 PM AEST,nan,49.8,17.2,nan,nan,nan,324.20,0.73,9.50,5.80,324.10,655.00
06-Aug-25 12:50:00 PM AEST,nan,50.2,17.0,nan,nan,nan,334.80,0.88,14.20,8.60,335.00,786.70
06-Aug-25 12:51:00 PM AEST,28.6,49.8,17.1,nan,nan,nan,313.50,0.41,8.30,3.50,313.20,783.20
06-Aug-25 12:52:00 PM AEST,nan,50.5,nan,nan,nan,nan,281.70,0.72,10.60,6.70,280.50,786.70
06-Aug-25 12:52:04 PM AEST,28.7,nan,nan,nan,nan,nan,nan,nan,nan,nan,nan,nan
06-Aug-25 12:53:00 PM AEST,nan,50.7,17.4,nan,nan,nan,284.70,0.55,7.10,5.30,284.80,779.90
06-Aug-25 12:53:08 PM AEST,28.8,nan,nan,nan,nan,nan,nan,nan,nan,nan,nan,nan
06-Aug-25 12:54:00 PM AEST,nan,50.3,17.5,nan,nan,nan,261.70,0.49,10.60,4.80,262.90,799.20
06-Aug-25 12:55:00 PM AEST,28.9,51.0,17.4,nan,nan,nan,240.90,0.57,8.30,5.40,239.90,721.70
06-Aug-25 12:56:00 PM AEST,nan,52.0,17.8,nan,nan,nan,277.70,0.84,14.20,4.50,270.50,323.30
06-Aug-25 12:56:04 PM AEST,28.8,nan,nan,nan,nan,nan,nan,nan,nan,nan,nan,nan
06-Aug-25 12:57:00 PM AEST,nan,51.7,18.1,nan,nan,nan,229.00,0.47,11.80,4.60,228.30,560.00
06-Aug-25 12:58:00 PM AEST,nan,52.3,17.9,nan,nan,nan,205.50,0.57,8.30,5.60,205.30,173.30
06-Aug-25 12:59:00 PM AEST,28.9,52.8,18.1,nan,nan,nan,235.60,0.45,9.50,3.30,258.60,441.70
06-Aug-25 1:00:00 PM AEST,nan,53.5,18.3,nan,nan,nan,228.30,0.39,5.90,3.50,231.80,815.00
06-Aug-25 1:00:04 PM AEST,28.8,nan,nan,nan,nan,nan,nan,nan,nan,nan,nan,nan
06-Aug-25 1:00:16 PM AEST,nan,nan,nan,nan,nan,0.50,nan,nan,nan,nan,nan,nan
06-Aug-25 1:01:00 PM AEST,nan,54.0,18.4,nan,nan,nan,275.80,0.53,10.60,4.70,279.30,380.80
06-Aug-25 1:01:08 PM AEST,29.0,nan,nan,nan,nan,nan,nan,nan,nan,nan,nan,nan
06-Aug-25 1:02:00 PM AEST,nan,53.3,18.7,nan,nan,nan,308.10,0.62,nan,5.90,308.80,463.30
06-Aug-25 1:02:12 PM AEST,28.9,nan,nan,nan,nan,nan,nan,nan,nan,nan,nan,nan
06-Aug-25 1:03:00 PM AEST,nan,52.8,18.5,nan,nan,nan,271.30,nan,9.50,5.20,272.50,749.10
06-Aug-25 1:04:00 PM AEST,nan,52.3,18.3,nan,nan,nan,312.90,0.54,14.20,5.00,312.50,739.20
06-Aug-25 1:05:00 PM AEST,29.0,nan,18.1,nan,nan,nan,207.90,0.62,10.60,5.40,199.90,745.80
06-Aug-25 1:06:00 PM AEST,nan,52.8,18.2,nan,nan,nan,225.80,0.64,9.50,4.20,221.50,758.20
06-Aug-25 1:06:04 PM AEST,29.1,nan,nan,nan,nan,nan,nan,nan,nan,nan,nan,nan
06-Aug-25 1:07:00 PM AEST,nan,nan,18.5,nan,nan,nan,275.30,0.67,nan,6.20,275.20,767.50
06-Aug-25 1:07:08 PM AEST,29.0,nan,nan,nan,nan,nan,nan,nan,nan,nan,nan,nan
06-Aug-25 1:08:00 PM AEST,nan,52.2,18.4,nan,nan,nan,307.10,0.83,10.60,7.10,306.30,774.10
06-Aug-25 1:09:00 PM AEST,28.9,51.3,18.2,nan,nan,nan,266.40,0.75,nan,7.20,268.00,735.00
06-Aug-25 1:09:00 PM AEST,28.8,51.3,18.2,nan,nan,nan,266.40,0.75,nan,7.20,268.00,735.00
06-Aug-25 1:10:00 PM AEST,nan,51.8,17.8,nan,nan,nan,293.70,0.72,nan,6.40,295.70,564.20
06-Aug-25 1:11:00 PM AEST,nan,52.0,17.9,nan,nan,nan,302.90,0.58,8.30,4.40,300.50,599.90
06-Aug-25 1:12:00 PM AEST,29.0,53.0,18.0,nan,nan,nan,327.30,0.32,5.90,3.20,327.30,745.00
06-Aug-25 1:13:00 PM AEST,nan,nan,18.4,nan,nan,nan,286.80,0.75,11.80,6.60,288.70,748.20
06-Aug-25 1:13:04 PM AEST,29.2,nan,nan,nan,nan,nan,nan,nan,nan,nan,nan,nan
06-Aug-25 1:14:00 PM AEST,nan,51.8,18.6,nan,nan,nan,288.10,0.68,10.60,6.80,290.10,755.80
06-Aug-25 1:14:08 PM AEST,29.0,nan,nan,nan,nan,nan,nan,nan,nan,nan,nan,nan
06-Aug-25 1:14:08 PM AEST,28.9,nan,nan,nan,nan,nan,nan,nan,nan,nan,nan,nan
06-Aug-25 1:15:00 PM AEST,nan,nan,18.1,nan,nan,nan,296.70,0.89,16.60,8.80,297.80,754.20
06-Aug-25 1:16:00 PM AEST,nan,nan,18.0,nan,nan,nan,296.60,0.70,14.20,6.80,293.10,686.60
06-Aug-25 1:17:00 PM AEST,nan,51.3,nan,nan,nan,nan,279.50,0.59,11.80,5.40,280.10,742.50
06-Aug-25 1:18:00 PM AEST,nan,51.7,17.8,nan,nan,nan,288.90,0.68,14.20,6.50,293.20,743.20
06-Aug-25 1:19:00 PM AEST,29.2,52.5,18.0,nan,nan,nan,212.20,0.37,5.90,3.50,209.60,744.20
06-Aug-25 1:20:00 PM AEST,nan,53.2,18.5,nan,nan,nan,273.80,0.53,8.30,4.80,276.20,739.20
06-Aug-25 1:20:04 PM AEST,29.5,nan,nan,nan,nan,nan,nan,nan,nan,nan,nan,nan
06-Aug-25 1:21:00 PM AEST,nan,52.0,18.9,nan,nan,nan,276.40,0.58,9.50,4.30,282.10,734.10
06-Aug-25 1:21:08 PM AEST,29.4,nan,nan,nan,nan,nan,nan,nan,nan,nan,nan,nan
06-Aug-25 1:22:00 PM AEST,nan,52.2,18.5,nan,nan,nan,208.60,0.56,8.30,4.80,211.50,726.70
06-Aug-25 1:22:12 PM AEST,29.5,nan,nan,nan,nan,nan,nan,nan,nan,nan,nan,nan
06-Aug-25 1:23:00 PM AEST,nan,51.7,18.7,nan,nan,nan,302.30,0.80,10.60,7.50,300.80,720.70
06-Aug-25 1:23:16 PM AEST,29.4,nan,nan,nan,nan,nan,nan,nan,nan,nan,nan,nan
06-Aug-25 1:24:00 PM AEST,nan,51.8,18.4,nan,nan,nan,298.70,0.70,nan,7.00,298.30,719.20
06-Aug-25 1:25:00 PM AEST,nan,51.3,18.5,nan,nan,nan,268.80,0.78,11.80,3.90,271.80,718.20
06-Aug-25 1:26:00 PM AEST,29.5,51.2,18.3,nan,nan,nan,266.90,0.65,10.60,3.20,291.40,720.80
06-Aug-25 1:27:00 PM AEST,nan,50.8,nan,nan,nan,nan,282.20,0.72,13.00,6.10,285.50,725.80
06-Aug-25 1:27:04 PM AEST,29.4,nan,nan,nan,nan,nan,nan,nan,nan,nan,nan,nan
06-Aug-25 1:27:04 PM AEST,29.3,nan,nan,nan,nan,nan,nan,nan,nan,nan,nan,nan
06-Aug-25 1:28:00 PM AEST,nan,50.7,18.1,nan,nan,nan,297.20,0.71,10.60,4.60,299.10,732.40
06-Aug-25 1:28:08 PM AEST,29.5,nan,nan,nan,nan,nan,nan,nan,nan,nan,nan,nan
06-Aug-25 1:29:00 PM AEST,nan,51.5,18.0,nan,nan,nan,205.30,0.62,9.50,6.00,204.30,736.70
06-Aug-25 1:29:12 PM AEST,29.6,nan,nan,nan,nan,nan,nan,nan,nan,nan,nan,nan
06-Aug-25 1:30:00 PM AEST,nan,nan,18.4,nan,nan,nan,280.40,0.42,7.10,2.80,271.00,737.40
06-Aug-25 1:30:16 PM AEST,29.9,nan,nan,nan,nan,nan,nan,nan,nan,nan,nan,nan
06-Aug-25 1:31:00 PM AEST,nan,52.0,18.5,nan,nan,nan,301.70,0.21,3.50,1.00,256.80,735.00
06-Aug-25 1:31:20 PM AEST,30.0,nan,nan,nan,nan,nan,nan,nan,nan,nan,nan,nan
06-Aug-25 1:32:00 PM AEST,nan,51.5,19.0,nan,nan,nan,249.50,0.53,9.50,3.90,255.90,735.80
06-Aug-25 1:32:24 PM AEST,29.8,nan,nan,nan,nan,nan,nan,nan,nan,nan,nan,nan
06-Aug-25 1:33:00 PM AEST,nan,50.7,18.9,nan,nan,nan,186.40,0.78,nan,7.50,187.30,739.90
06-Aug-25 1:34:00 PM AEST,nan,51.0,18.5,nan,nan,nan,215.40,0.47,nan,4.70,216.60,745.80
06-Aug-25 1:35:00 PM AEST,30.0,51.3,18.6,nan,nan,nan,222.10,0.57,10.60,5.00,217.20,751.60
06-Aug-25 1:36:00 PM AEST,nan,51.2,18.8,nan,nan,nan,198.00,0.55,7.10,5.20,196.50,760.00
06-Aug-25 1:37:00 PM AEST,29.8,50.8,nan,nan,nan,nan,217.20,1.06,15.40,9.00,210.90,769.20
06-Aug-25 1:38:00 PM AEST,nan,51.8,18.5,nan,nan,nan,268.70,0.32,5.90,3.00,268.20,773.20
06-Aug-25 1:38:04 PM AEST,30.1,nan,nan,nan,nan,nan,nan,nan,nan,nan,nan,nan
06-Aug-25 1:39:00 PM AEST,nan,52.8,18.8,nan,nan,nan,294.20,0.29,4.70,2.90,293.30,771.70
06-Aug-25 1:39:08 PM AEST,30.2,nan,nan,nan,nan,nan,nan,nan,nan,nan,nan,nan
06-Aug-25 1:40:00 PM AEST,nan,51.5,19.4,nan,nan,nan,270.80,0.51,8.30,4.30,276.60,766.60
06-Aug-25 1:40:12 PM AEST,30.1,nan,nan,nan,nan,nan,nan,nan,nan,nan,nan,nan
06-Aug-25 1:41:00 PM AEST,nan,50.3,19.1,nan,nan,nan,240.80,0.79,16.60,5.10,229.80,657.50
06-Aug-25 1:42:00 PM AEST,nan,49.7,18.6,nan,nan,nan,238.40,0.65,14.20,5.70,228.80,640.00
06-Aug-25 1:43:00 PM AEST,30.0,50.0,18.4,nan,nan,nan,226.00,0.73,10.60,5.60,224.80,734.10
06-Aug-25 1:44:00 PM AEST,nan,49.8,nan,nan,nan,nan,215.60,0.46,7.10,3.60,219.90,726.70
06-Aug-25 1:45:00 PM AEST,29.9,nan,nan,nan,nan,nan,197.20,0.95,15.40,9.00,195.50,724.10
06-Aug-25 1:46:00 PM AEST,nan,50.8,18.3,nan,nan,nan,245.80,0.49,7.10,4.10,249.10,647.50
06-Aug-25 1:47:00 PM AEST,30.1,50.7,18.6,nan,nan,nan,274.10,0.30,4.70,3.00,274.00,158.30
06-Aug-25 1:48:00 PM AEST,nan,50.3,18.7,nan,nan,nan,259.80,0.44,10.60,3.50,245.50,550.80
06-Aug-25 1:48:04 PM AEST,30.2,nan,nan,nan,nan,nan,nan,nan,nan,nan,nan,nan
06-Aug-25 1:49:00 PM AEST,nan,49.5,nan,nan,nan,nan,200.70,0.72,9.50,6.10,200.70,591.70
06-Aug-25 1:49:08 PM AEST,30.0,nan,nan,nan,nan,nan,nan,nan,nan,nan,nan,nan
06-Aug-25 1:50:00 PM AEST,nan,49.7,18.3,nan,nan,nan,226.30,0.61,nan,5.30,227.20,477.40
06-Aug-25 1:50:12 PM AEST,29.8,nan,nan,nan,nan,nan,nan,nan,nan,nan,nan,nan
06-Aug-25 1:51:00 PM AEST,nan,50.5,18.1,nan,nan,nan,242.70,0.41,7.10,3.10,232.70,311.70
06-Aug-25 1:52:00 PM AEST,29.9,50.8,18.4,nan,nan,nan,191.40,0.50,10.60,5.00,192.60,684.20
06-Aug-25 1:53:00 PM AEST,nan,50.7,18.6,nan,nan,nan,278.60,0.73,13.00,6.50,273.30,675.80
06-Aug-25 1:53:04 PM AEST,29.7,nan,nan,nan,nan,nan,nan,nan,nan,nan,nan,nan
06-Aug-25 1:53:04 PM AEST,29.6,nan,nan,nan,nan,nan,nan,nan,nan,nan,nan,nan
06-Aug-25 1:54:00 PM AEST,nan,50.8,18.4,nan,nan,nan,197.70,0.47,5.90,1.60,202.30,675.00
06-Aug-25 1:54:08 PM AEST,29.8,nan,nan,nan,nan,nan,nan,nan,nan,nan,nan,nan
06-Aug-25 1:55:00 PM AEST,nan,51.3,nan,nan,nan,nan,290.10,0.22,3.50,2.20,289.80,678.30
06-Aug-25 1:55:12 PM AEST,30.0,nan,nan,nan,nan,nan,nan,nan,nan,nan,nan,nan
06-Aug-25 1:56:00 PM AEST,nan,51.7,18.7,nan,nan,nan,274.70,0.57,9.50,4.90,281.50,687.50
06-Aug-25 1:56:16 PM AEST,29.9,nan,nan,nan,nan,nan,nan,nan,nan,nan,nan,nan
06-Aug-25 1:57:00 PM AEST,nan,50.5,18.9,nan,nan,nan,266.00,0.79,13.00,6.10,273.60,696.70
06-Aug-25 1:57:20 PM AEST,29.8,nan,nan,nan,nan,nan,nan,nan,nan,nan,nan,nan
06-Aug-25 1:58:00 PM AEST,nan,50.2,18.5,nan,nan,nan,278.70,0.54,9.50,5.40,278.70,707.40
06-Aug-25 1:59:00 PM AEST,nan,nan,18.3,nan,nan,nan,221.10,0.46,7.10,3.40,227.10,596.70
06-Aug-25 2:00:00 PM AEST,29.9,50.5,nan,nan,nan,nan,204.00,0.47,9.50,4.60,200.40,515.80
06-Aug-25 2:00:20 PM AEST,nan,nan,nan,nan,nan,0.41,nan,nan,nan,nan,nan,nan
06-Aug-25 2:01:00 PM AEST,nan,51.0,18.5,nan,nan,nan,261.40,0.60,11.80,4.30,295.80,699.20
06-Aug-25 2:01:04 PM AEST,30.0,nan,nan,nan,nan,nan,nan,nan,nan,nan,nan,nan
06-Aug-25 2:02:00 PM AEST,nan,50.2,18.7,nan,nan,nan,303.60,0.78,10.60,7.50,302.80,678.30
06-Aug-25 2:02:08 PM AEST,29.7,nan,nan,nan,nan,nan,nan,nan,nan,nan,nan,nan
06-Aug-25 2:03:00 PM AEST,nan,50.8,18.2,nan,nan,nan,215.30,0.82,15.40,7.40,211.70,572.40
06-Aug-25 2:04:00 PM AEST,29.8,51.3,18.4,nan,nan,nan,250.30,0.41,9.50,3.90,243.00,601.70
06-Aug-25 2:05:00 PM AEST,nan,50.7,18.6,nan,nan,nan,209.10,0.80,14.20,7.80,204.20,678.30
06-Aug-25 2:06:00 PM AEST,29.7,nan,18.5,nan,nan,nan,271.30,0.59,8.30,3.90,275.90,581.70
06-Aug-25 2:07:00 PM AEST,nan,nan,18.4,nan,nan,nan,250.20,0.78,10.60,6.30,246.60,485.00
06-Aug-25 2:07:04 PM AEST,29.6,nan,nan,nan,nan,nan,nan,nan,nan,nan,nan,nan
06-Aug-25 2:07:04 PM AEST,29.4,nan,nan,nan,nan,nan,nan,nan,nan,nan,nan,nan
06-Aug-25 2:08:00 PM AEST,nan,50.5,18.3,nan,nan,nan,263.60,0.67,20.10,5.50,279.80,659.10
06-Aug-25 2:09:00 PM AEST,nan,nan,18.0,nan,nan,nan,256.50,0.76,16.60,6.00,254.20,681.70
06-Aug-25 2:10:00 PM AEST,29.2,50.7,nan,nan,nan,nan,273.80,0.89,17.80,7.70,275.60,248.30
06-Aug-25 2:11:00 PM AEST,nan,50.5,17.9,nan,nan,nan,273.30,0.52,8.30,4.60,274.60,179.20
06-Aug-25 2:11:04 PM AEST,29.1,nan,nan,nan,nan,nan,nan,nan,nan,nan,nan,nan
06-Aug-25 2:12:00 PM AEST,nan,50.7,17.8,nan,nan,nan,269.20,0.53,7.10,4.10,276.60,200.80
06-Aug-25 2:12:08 PM AEST,29.0,nan,nan,nan,nan,nan,nan,nan,nan,nan,nan,nan
06-Aug-25 2:13:00 PM AEST,nan,50.8,nan,nan,nan,nan,332.90,nan,10.60,3.60,331.20,271.60
06-Aug-25 2:13:12 PM AEST,28.9,nan,nan,nan,nan,nan,nan,nan,nan,nan,nan,nan
06-Aug-25 2:14:00 PM AEST,nan,50.7,nan,nan,nan,nan,311.90,0.78,15.40,7.40,307.90,360.80
06-Aug-25 2:14:16 PM AEST,28.6,nan,nan,nan,nan,nan,nan,nan,nan,nan,nan,nan
06-Aug-25 2:15:00 PM AEST,nan,nan,17.7,nan,nan,nan,305.80,0.75,11.80,6.70,302.00,227.40
06-Aug-25 2:15:20 PM AEST,28.5,nan,nan,nan,nan,nan,nan,nan,nan,nan,nan,nan
06-Aug-25 2:16:00 PM AEST,nan,51.5,17.4,nan,nan,nan,305.20,0.67,9.50,6.60,303.90,574.20
06-Aug-25 2:16:24 PM AEST,28.6,nan,nan,nan,nan,nan,nan,nan,nan,nan,nan,nan
06-Aug-25 2:17:00 PM AEST,nan,52.3,17.6,nan,nan,nan,252.20,0.49,nan,3.80,268.90,651.70
06-Aug-25 2:17:28 PM AEST,28.8,nan,nan,nan,nan,nan,nan,nan,nan,nan,nan,nan
06-Aug-25 2:18:00 PM AEST,nan,52.8,17.8,nan,nan,nan,277.70,0.57,10.60,3.60,269.70,649.90
06-Aug-25 2:18:32 PM AEST,28.7,nan,nan,nan,nan,nan,nan,nan,nan,nan,nan,nan
06-Aug-25 2:19:00 PM AEST,nan,51.3,18.2,nan,nan,nan,288.80,0.93,14.20,9.20,289.30,653.30
06-Aug-25 2:20:00 PM AEST,nan,nan,17.7,nan,nan,nan,293.30,0.72,nan,5.80,300.10,nan
06-Aug-25 2:21:00 PM AEST,28.6,51.5,17.6,nan,nan,nan,284.20,0.89,nan,8.10,287.60,nan
06-Aug-25 2:22:00 PM AEST,nan,52.2,nan,nan,nan,nan,248.20,0.38,5.90,3.70,249.90,658.30
06-Aug-25 2:22:04 PM AEST,28.8,nan,nan,nan,nan,nan,nan,nan,nan,nan,nan,nan
06-Aug-25 2:22:04 PM AEST,29.0,nan,nan,nan,nan,nan,nan,nan,nan,nan,nan,nan
06-Aug-25 2:23:00 PM AEST,nan,52.5,18.0,nan,nan,nan,236.50,0.78,14.20,6.50,224.20,580.80
06-Aug-25 2:23:08 PM AEST,29.1,nan,nan,nan,nan,nan,nan,nan,nan,nan,nan,nan
06-Aug-25 2:24:00 PM AEST,nan,52.7,18.3,nan,nan,nan,232.10,0.58,13.00,5.60,229.20,667.50
06-Aug-25 2:24:12 PM AEST,29.3,nan,nan,nan,nan,nan,nan,nan,nan,nan,nan,nan
06-Aug-25 2:25:00 PM AEST,nan,nan,18.4,nan,nan,nan,263.20,0.53,8.30,2.90,276.00,622.40
06-Aug-25 2:25:16 PM AEST,29.4,nan,nan,nan,nan,nan,nan,nan,nan,nan,nan,nan
06-Aug-25 2:26:00 PM AEST,nan,52.3,18.6,nan,nan,nan,251.00,0.70,13.00,6.00,264.50,505.00
06-Aug-25 2:26:20 PM AEST,29.1,nan,nan,nan,nan,nan,nan,nan,nan,nan,nan,nan
06-Aug-25 2:27:00 PM AEST,nan,51.3,nan,nan,nan,nan,270.20,0.98,21.30,5.80,267.30,649.10
06-Aug-25 2:27:24 PM AEST,28.8,nan,nan,nan,nan,nan,nan,nan,nan,nan,nan,nan
06-Aug-25 2:28:00 PM AEST,nan,51.2,18.1,nan,nan,nan,290.90,1.23,22.50,11.00,291.50,604.20
06-Aug-25 2:28:28 PM AEST,28.5,nan,nan,nan,nan,nan,nan,nan,nan,nan,nan,nan
06-Aug-25 2:29:00 PM AEST,nan,51.3,17.7,nan,nan,nan,279.00,0.96,17.80,9.00,281.30,288.30
06-Aug-25 2:29:32 PM AEST,28.3,nan,nan,nan,nan,nan,nan,nan,nan,nan,nan,nan
06-Aug-25 2:30:00 PM AEST,nan,51.8,17.5,nan,nan,nan,296.40,0.90,15.40,8.10,296.00,150.80
06-Aug-25 2:31:00 PM AEST,nan,52.0,nan,nan,nan,nan,225.70,0.63,9.50,5.40,223.20,268.30
06-Aug-25 2:32:00 PM AEST,nan,52.5,nan,nan,nan,nan,270.20,0.67,10.60,4.50,276.80,209.20
06-Aug-25 2:33:00 PM AEST,nan,52.8,17.6,nan,nan,nan,267.50,0.70,14.20,6.30,278.00,480.80
06-Aug-25 2:34:00 PM AEST,nan,53.0,17.7,nan,nan,nan,276.50,0.47,8.30,3.10,281.10,613.30
06-Aug-25 2:35:00 PM AEST,nan,52.3,17.8,nan,nan,nan,271.50,0.91,17.80,7.50,275.50,619.90
06-Aug-25 2:36:00 PM AEST,nan,52.2,17.6,nan,nan,nan,299.10,0.85,11.80,7.90,296.50,610.00
06-Aug-25 2:37:00 PM AEST,nan,51.8,17.5,nan,nan,nan,295.80,0.78,15.40,7.20,306.30,609.20
06-Aug-25 2:38:00 PM AEST,nan,51.7,nan,nan,nan,nan,251.20,0.91,14.20,5.70,238.00,581.60
06-Aug-25 2:39:00 PM AEST,nan,52.0,17.4,nan,nan,nan,284.10,0.77,13.00,6.70,293.40,563.30
06-Aug-25 2:40:00 PM AEST,28.5,51.8,17.5,nan,nan,nan,283.60,0.44,9.50,3.50,278.40,552.40
06-Aug-25 2:41:00 PM AEST,nan,51.5,17.6,nan,nan,nan,236.60,0.67,14.20,2.80,288.00,545.80
06-Aug-25 2:41:04 PM AEST,28.6,nan,nan,nan,nan,nan,nan,nan,nan,nan,nan,nan
06-Aug-25 2:42:00 PM AEST,nan,51.0,nan,nan,nan,nan,305.00,0.92,21.30,5.90,284.70,540.00
06-Aug-25 2:42:08 PM AEST,28.5,nan,nan,nan,nan,nan,nan,nan,nan,nan,nan,nan
06-Aug-25 2:43:00 PM AEST,nan,50.0,17.5,nan,nan,nan,280.60,0.86,13.00,6.30,282.30,537.40
06-Aug-25 2:43:12 PM AEST,28.4,nan,nan,nan,nan,nan,nan,nan,nan,nan,nan,nan
06-Aug-25 2:44:00 PM AEST,nan,50.7,17.0,nan,nan,nan,246.60,0.65,10.60,5.10,248.00,536.70
06-Aug-25 2:45:00 PM AEST,nan,51.0,17.2,nan,nan,nan,287.70,0.95,20.10,8.60,287.20,540.80
06-Aug-25 2:46:00 PM AEST,28.2,nan,nan,nan,nan,nan,286.30,nan,16.60,9.10,291.30,547.50
06-Aug-25 2:47:00 PM AEST,nan,52.0,17.1,nan,nan,nan,231.90,0.73,13.00,5.20,236.50,552.50
06-Aug-25 2:47:04 PM AEST,28.3,nan,nan,nan,nan,nan,nan,nan,nan,nan,nan,nan
06-Aug-25 2:48:00 PM AEST,nan,52.5,17.5,nan,nan,nan,321.60,0.60,14.20,4.40,313.80,551.60
06-Aug-25 2:48:08 PM AEST,28.6,nan,nan,nan,nan,nan,nan,nan,nan,nan,nan,nan
06-Aug-25 2:49:00 PM AEST,nan,52.2,17.9,nan,nan,nan,291.50,0.90,11.80,8.70,291.00,547.50
06-Aug-25 2:49:12 PM AEST,28.4,nan,nan,nan,nan,nan,nan,nan,nan,nan,nan,nan
06-Aug-25 2:50:00 PM AEST,nan,52.5,17.7,nan,nan,nan,271.00,0.66,15.40,6.50,271.80,542.40
06-Aug-25 2:50:16 PM AEST,28.5,nan,nan,nan,nan,nan,nan,nan,nan,nan,nan,nan
06-Aug-25 2:51:00 PM AEST,nan,51.8,17.8,nan,nan,nan,280.80,0.77,10.60,7.40,279.00,544.20
06-Aug-25 2:51:20 PM AEST,28.4,nan,nan,nan,nan,nan,nan,nan,nan,nan,nan,nan
06-Aug-25 2:51:20 PM AEST,28.5,nan,nan,nan,nan,nan,nan,nan,nan,nan,nan,nan
06-Aug-25 2:52:00 PM AEST,nan,52.5,17.5,nan,nan,nan,296.10,0.38,9.50,3.60,301.00,547.50
06-Aug-25 2:52:24 PM AEST,28.7,nan,nan,nan,nan,nan,nan,nan,nan,nan,nan,nan
06-Aug-25 2:53:00 PM AEST,nan,52.7,17.8,nan,nan,nan,217.90,0.50,8.30,3.00,216.50,550.80
06-Aug-25 2:53:28 PM AEST,28.8,nan,nan,nan,nan,nan,nan,nan,nan,nan,nan,nan
06-Aug-25 2:54:00 PM AEST,nan,52.2,18.1,nan,nan,nan,221.10,0.79,14.20,3.80,228.70,552.50
06-Aug-25 2:54:32 PM AEST,28.9,nan,nan,nan,nan,nan,nan,nan,nan,nan,nan,nan
06-Aug-25 2:55:00 PM AEST,nan,nan,18.0,nan,nan,nan,199.90,0.38,5.90,nan,197.00,558.30
06-Aug-25 2:55:36 PM AEST,29.1,nan,nan,nan,nan,nan,nan,nan,nan,nan,nan,nan
06-Aug-25 2:56:00 PM AEST,nan,52.8,18.1,nan,nan,nan,270.80,0.54,9.50,2.90,295.90,nan
06-Aug-25 2:56:40 PM AEST,28.9,nan,nan,nan,nan,nan,nan,nan,nan,nan,nan,nan
06-Aug-25 2:57:00 PM AEST,nan,52.0,18.5,nan,nan,nan,291.80,0.99,22.50,7.80,309.20,nan
06-Aug-25 2:57:44 PM AEST,29.1,nan,nan,nan,nan,nan,nan,nan,nan,nan,nan,nan
06-Aug-25 2:58:00 PM AEST,nan,52.8,18.1,nan,nan,nan,181.60,0.56,9.50,5.30,176.00,554.10
06-Aug-25 2:58:48 PM AEST,29.3,nan,nan,nan,nan,nan,nan,nan,nan,nan,nan,nan
06-Aug-25 2:59:00 PM AEST,nan,nan,18.5,nan,nan,nan,228.30,0.49,8.30,2.50,236.80,545.00
06-Aug-25 3:00:00 PM AEST,nan,51.8,18.6,nan,nan,nan,263.40,0.40,5.90,3.40,264.60,523.30
06-Aug-25 3:00:24 PM AEST,nan,nan,nan,nan,nan,0.32,nan,nan,nan,nan,nan,nan
06-Aug-25 3:01:00 PM AEST,29.2,52.0,18.4,nan,nan,nan,286.00,0.69,10.60,6.20,288.00,510.00
06-Aug-25 3:02:00 PM AEST,nan,51.7,18.3,nan,nan,nan,285.20,1.07,16.60,10.10,289.90,501.70
06-Aug-25 3:02:04 PM AEST,28.9,nan,nan,nan,nan,nan,nan,nan,nan,nan,nan,nan
06-Aug-25 3:03:00 PM AEST,nan,52.3,18.0,nan,nan,nan,246.90,0.54,10.60,4.10,262.40,494.90
06-Aug-25 3:04:00 PM AEST,29.1,52.7,18.1,nan,nan,nan,300.20,0.36,4.70,3.60,299.60,484.20
06-Aug-25 3:05:00 PM AEST,nan,52.8,18.4,nan,nan,nan,161.00,0.30,5.90,1.70,157.10,482.40
06-Aug-25 3:05:04 PM AEST,29.4,nan,nan,nan,nan,nan,nan,nan,nan,nan,nan,nan
06-Aug-25 3:05:04 PM AEST,29.6,nan,nan,nan,nan,nan,nan,nan,nan,nan,nan,nan
06-Aug-25 3:06:00 PM AEST,nan,53.0,18.7,nan,nan,nan,183.80,0.38,nan,3.60,187.50,483.30
06-Aug-25 3:06:08 PM AEST,29.4,nan,nan,nan,nan,nan,nan,nan,nan,nan,nan,nan
06-Aug-25 3:07:00 PM AEST,nan,52.0,19.0,nan,nan,nan,294.60,0.95,15.40,9.10,298.10,484.20
06-Aug-25 3:07:12 PM AEST,29.0,nan,nan,nan,nan,nan,nan,nan,nan,nan,nan,nan
06-Aug-25 3:08:00 PM AEST,nan,nan,18.5,nan,nan,nan,235.60,0.60,9.50,4.10,240.40,488.30
06-Aug-25 3:08:16 PM AEST,28.9,nan,nan,nan,nan,nan,nan,nan,nan,nan,nan,nan
06-Aug-25 3:09:00 PM AEST,nan,51.7,18.2,nan,nan,nan,288.20,1.04,16.60,9.80,291.60,489.20
06-Aug-25 3:09:20 PM AEST,28.8,nan,nan,nan,nan,nan,nan,nan,nan,nan,nan,nan
06-Aug-25 3:10:00 PM AEST,nan,51.8,18.0,nan,nan,nan,306.90,0.60,8.30,5.90,307.20,482.40
06-Aug-25 3:10:24 PM AEST,28.9,nan,nan,nan,nan,nan,nan,nan,nan,nan,nan,nan
06-Aug-25 3:11:00 PM AEST,nan,52.7,17.9,nan,nan,nan,290.80,0.66,nan,6.10,292.80,475.00
06-Aug-25 3:11:28 PM AEST,28.8,nan,nan,nan,nan,nan,nan,nan,nan,nan,nan,nan
06-Aug-25 3:12:00 PM AEST,nan,nan,18.3,nan,nan,nan,276.90,0.76,10.60,5.20,283.00,464.90
06-Aug-25 3:12:32 PM AEST,28.7,nan,nan,nan,nan,nan,nan,nan,nan,nan,nan,nan
06-Aug-25 3:13:00 PM AEST,nan,51.7,18.2,nan,nan,nan,286.30,1.21,23.70,8.50,290.90,459.20
06-Aug-25 3:13:36 PM AEST,28.5,nan,nan,nan,nan,nan,nan,nan,nan,nan,nan,nan
06-Aug-25 3:14:00 PM AEST,nan,51.2,17.7,nan,nan,nan,292.70,0.99,13.00,8.80,293.10,456.70
06-Aug-25 3:14:40 PM AEST,28.3,nan,nan,nan,nan,nan,nan,nan,nan,nan,nan,nan
06-Aug-25 3:15:00 PM AEST,nan,51.5,17.4,nan,nan,nan,289.90,0.85,nan,7.90,290.10,455.80
06-Aug-25 3:15:44 PM AEST,28.5,nan,nan,nan,nan,nan,nan,nan,nan,nan,nan,nan
06-Aug-25 3:16:00 PM AEST,nan,52.2,nan,nan,nan,nan,249.80,0.46,7.10,3.80,259.40,nan
06-Aug-25 3:17:00 PM AEST,nan,52.5,17.7,nan,nan,nan,306.80,0.88,13.00,7.60,311.50,453.30
06-Aug-25 3:18:00 PM AEST,28.6,53.2,17.9,nan,nan,nan,299.10,0.40,7.10,4.00,300.90,451.70
06-Aug-25 3:19:00 PM AEST,nan,53.0,18.1,nan,nan,nan,260.20,0.60,10.60,3.30,238.70,450.80
06-Aug-25 3:19:04 PM AEST,28.8,nan,nan,nan,nan,nan,nan,nan,nan,nan,nan,nan
06-Aug-25 3:20:00 PM AEST,nan,52.3,18.3,nan,nan,nan,184.60,0.40,7.10,2.50,201.50,449.10
06-Aug-25 3:20:08 PM AEST,28.9,nan,nan,nan,nan,nan,nan,nan,nan,nan,nan,nan
06-Aug-25 3:20:08 PM AEST,28.8,nan,nan,nan,nan,nan,nan,nan,nan,nan,nan,nan
06-Aug-25 3:21:00 PM AEST,nan,51.7,18.1,nan,nan,nan,287.30,0.72,10.60,6.60,291.70,446.70
06-Aug-25 3:22:00 PM AEST,nan,52.3,17.9,nan,nan,nan,299.90,0.66,nan,6.20,301.40,443.30
06-Aug-25 3:23:00 PM AEST,nan,52.5,18.0,nan,nan,nan,304.90,0.65,nan,6.40,304.30,441.70
06-Aug-25 3:24:00 PM AEST,28.9,52.7,18.1,nan,nan,nan,281.80,0.46,nan,4.30,288.10,439.20
06-Aug-25 3:25:00 PM AEST,nan,52.8,18.2,nan,nan,nan,291.00,0.60,9.50,5.70,287.70,435.80
06-Aug-25 3:25:04 PM AEST,28.8,nan,nan,nan,nan,nan,nan,nan,nan,nan,nan,nan
06-Aug-25 3:26:00 PM AEST,nan,53.2,nan,nan,nan,nan,269.40,0.61,11.80,5.50,271.10,429.20
06-Aug-25 3:26:08 PM AEST,29.0,nan,nan,nan,nan,nan,nan,nan,nan,nan,nan,nan
06-Aug-25 3:27:00 PM AEST,nan,52.7,18.5,nan,nan,nan,290.70,0.50,10.60,4.80,288.10,424.10
06-Aug-25 3:27:12 PM AEST,28.9,nan,nan,nan,nan,nan,nan,nan,nan,nan,nan,nan
06-Aug-25 3:28:00 PM AEST,nan,52.3,18.3,nan,nan,nan,310.50,0.52,9.50,5.00,311.50,418.30
06-Aug-25 3:28:16 PM AEST,29.0,nan,nan,nan,nan,nan,nan,nan,nan,nan,nan,nan
06-Aug-25 3:29:00 PM AEST,nan,52.7,18.2,nan,nan,nan,270.90,0.49,7.10,3.40,262.20,415.00
06-Aug-25 3:30:00 PM AEST,nan,52.8,18.3,nan,nan,nan,272.90,0.34,5.90,3.00,274.80,414.10
06-Aug-25 3:31:00 PM AEST,nan,52.5,18.4,nan,nan,nan,261.20,0.59,10.60,4.10,260.80,410.80
06-Aug-25 3:32:00 PM AEST,nan,51.8,18.3,nan,nan,nan,296.10,0.69,nan,1.80,265.80,406.60
06-Aug-25 3:33:00 PM AEST,28.8,52.0,18.1,nan,nan,nan,305.70,0.74,9.50,6.80,307.20,401.70
06-Aug-25 3:34:00 PM AEST,nan,51.8,18.0,nan,nan,nan,182.80,0.50,8.30,4.60,184.10,400.00
06-Aug-25 3:34:04 PM AEST,28.9,nan,nan,nan,nan,nan,nan,nan,nan,nan,nan,nan
06-Aug-25 3:35:00 PM AEST,nan,nan,17.9,nan,nan,nan,238.20,0.59,13.00,3.60,287.50,397.40
06-Aug-25 3:35:08 PM AEST,29.0,nan,nan,nan,nan,nan,nan,nan,nan,nan,nan,nan
06-Aug-25 3:36:00 PM AEST,nan,52.2,18.0,nan,nan,nan,246.90,0.35,5.90,2.70,249.10,395.00
06-Aug-25 3:37:00 PM AEST,nan,51.7,18.2,nan,nan,nan,280.10,0.67,10.60,6.20,284.80,390.80
06-Aug-25 3:38:00 PM AEST,28.8,51.5,18.0,nan,nan,nan,292.00,0.54,nan,4.80,293.10,390.00
06-Aug-25 3:39:00 PM AEST,nan,51.8,17.8,nan,nan,nan,286.50,0.67,nan,6.20,284.70,388.30
06-Aug-25 3:40:00 PM AEST,nan,52.3,17.9,nan,nan,nan,254.20,0.51,8.30,3.80,264.10,384.90
06-Aug-25 3:41:00 PM AEST,28.7,52.7,18.0,nan,nan,nan,272.20,0.60,10.60,3.10,262.10,381.70
06-Aug-25 3:42:00 PM AEST,nan,53.0,18.1,nan,nan,nan,252.20,0.57,8.30,4.50,248.50,377.40
06-Aug-25 3:43:00 PM AEST,28.8,53.2,18.2,nan,nan,nan,274.20,0.46,9.50,4.00,272.20,375.00
06-Aug-25 3:44:00 PM AEST,nan,nan,18.3,nan,nan,nan,274.70,0.51,10.60,5.10,276.20,370.80
06-Aug-25 3:45:00 PM AEST,nan,nan,nan,nan,nan,nan,228.60,0.64,nan,5.00,226.30,367.40
06-Aug-25 3:46:00 PM AEST,28.9,53.3,nan,nan,nan,nan,212.60,0.47,8.30,4.40,209.10,365.00
06-Aug-25 3:47:00 PM AEST,nan,nan,18.4,nan,nan,nan,248.40,0.61,9.50,4.10,236.10,364.10
06-Aug-25 3:48:00 PM AEST,29.0,53.8,18.5,nan,nan,nan,226.60,0.34,4.70,1.10,212.40,361.70
06-Aug-25 3:49:00 PM AEST,nan,nan,18.7,nan,nan,nan,169.50,0.31,nan,3.00,169.00,358.30
06-Aug-25 3:49:04 PM AEST,29.1,nan,nan,nan,nan,nan,nan,nan,nan,nan,nan,nan
06-Aug-25 3:49:04 PM AEST,29.2,nan,nan,nan,nan,nan,nan,nan,nan,nan,nan,nan
06-Aug-25 3:50:00 PM AEST,nan,54.0,18.8,nan,nan,nan,222.70,0.38,7.10,2.60,229.60,352.40
06-Aug-25 3:51:00 PM AEST,nan,54.2,19.0,nan,nan,nan,280.70,0.27,4.70,2.70,280.70,340.80
06-Aug-25 3:52:00 PM AEST,29.5,54.3,nan,nan,nan,nan,280.80,0.08,3.50,0.80,280.60,344.90
06-Aug-25 3:53:00 PM AEST,nan,52.7,19.3,nan,nan,nan,294.50,0.77,11.80,7.40,296.10,342.50
06-Aug-25 3:53:04 PM AEST,29.4,nan,nan,nan,nan,nan,nan,nan,nan,nan,nan,nan
06-Aug-25 3:54:00 PM AEST,nan,51.5,18.7,nan,nan,nan,282.60,0.63,10.60,6.30,283.10,339.20
06-Aug-25 3:54:08 PM AEST,29.1,nan,nan,nan,nan,nan,nan,nan,nan,nan,nan,nan
06-Aug-25 3:54:08 PM AEST,29.0,nan,nan,nan,nan,nan,nan,nan,nan,nan,nan,nan
06-Aug-25 3:55:00 PM AEST,nan,51.3,18.1,nan,nan,nan,304.60,0.90,14.20,8.10,309.20,336.60
06-Aug-25 3:55:12 PM AEST,28.8,nan,nan,nan,nan,nan,nan,nan,nan,nan,nan,nan
06-Aug-25 3:56:00 PM AEST,nan,51.5,17.9,nan,nan,nan,277.80,0.60,11.80,5.90,277.40,334.20
06-Aug-25 3:57:00 PM AEST,nan,51.7,17.8,nan,nan,nan,288.30,0.59,9.50,5.50,289.30,330.80
06-Aug-25 3:58:00 PM AEST,28.9,nan,17.9,nan,nan,nan,288.70,0.62,10.60,5.40,289.60,327.50
06-Aug-25 3:59:00 PM AEST,nan,51.5,nan,nan,nan,nan,270.40,0.64,9.50,6.00,274.50,325.80
06-Aug-25 3:59:04 PM AEST,28.7,nan,nan,nan,nan,nan,nan,nan,nan,nan,nan,nan
06-Aug-25 4:00:00 PM AEST,nan,52.0,17.7,nan,nan,nan,302.50,0.61,nan,5.80,304.70,323.30
06-Aug-25 4:00:28 PM AEST,nan,nan,nan,nan,nan,0.17,nan,nan,nan,nan,nan,nan
06-Aug-25 4:01:00 PM AEST,28.8,52.5,17.9,nan,nan,nan,304.50,0.41,5.90,3.90,306.90,318.30
06-Aug-25 4:02:00 PM AEST,nan,52.3,18.1,nan,nan,nan,301.60,0.60,8.30,4.80,302.00,315.80
06-Aug-25 4:03:00 PM AEST,nan,nan,nan,nan,nan,nan,293.20,0.64,9.50,4.90,298.40,313.30
06-Aug-25 4:04:00 PM AEST,nan,52.2,nan,nan,nan,nan,279.30,0.63,13.00,6.00,281.10,310.80
06-Aug-25 4:05:00 PM AEST,29.0,52.7,18.0,nan,nan,nan,279.60,0.44,7.10,4.20,282.30,307.50
06-Aug-25 4:06:00 PM AEST,nan,nan,18.3,nan,nan,nan,302.60,0.56,9.50,5.60,302.30,304.20
06-Aug-25 4:07:00 PM AEST,nan,nan,18.4,nan,nan,nan,304.80,0.44,7.10,4.40,304.60,300.80
06-Aug-25 4:08:00 PM AEST,29.2,53.2,18.3,nan,nan,nan,305.00,0.14,3.50,1.40,304.40,297.50
06-Aug-25 4:09:00 PM AEST,nan,53.0,18.7,nan,nan,nan,280.90,0.41,5.90,3.60,282.70,292.40
06-Aug-25 4:09:04 PM AEST,29.4,nan,nan,nan,nan,nan,nan,nan,nan,nan,nan,nan
06-Aug-25 4:10:00 PM AEST,nan,53.3,18.8,nan,nan,nan,282.60,0.52,10.60,3.50,296.70,289.20
06-Aug-25 4:10:08 PM AEST,29.3,nan,nan,nan,nan,nan,nan,nan,nan,nan,nan,nan
06-Aug-25 4:11:00 PM AEST,nan,53.5,18.9,nan,nan,nan,265.50,0.48,8.30,4.40,272.00,285.00
06-Aug-25 4:11:12 PM AEST,29.2,nan,nan,nan,nan,nan,nan,nan,nan,nan,nan,nan
06-Aug-25 4:12:00 PM AEST,nan,53.8,18.8,nan,nan,nan,288.50,0.42,7.10,4.10,291.80,283.30
06-Aug-25 4:12:16 PM AEST,29.3,nan,nan,nan,nan,nan,nan,nan,nan,nan,nan,nan
06-Aug-25 4:12:16 PM AEST,29.1,nan,nan,nan,nan,nan,nan,nan,nan,nan,nan,nan
06-Aug-25 4:13:00 PM AEST,nan,53.7,18.9,nan,nan,nan,293.60,0.51,9.50,5.10,293.70,280.00
06-Aug-25 4:13:20 PM AEST,28.9,nan,nan,nan,nan,nan,nan,nan,nan,nan,nan,nan
06-Aug-25 4:14:00 PM AEST,nan,54.0,18.7,nan,nan,nan,282.70,nan,8.30,5.00,284.40,278.30
06-Aug-25 4:15:00 PM AEST,nan,54.2,nan,nan,nan,nan,255.00,0.56,9.50,4.50,252.30,nan
06-Aug-25 4:16:00 PM AEST,28.8,53.8,nan,nan,nan,nan,269.60,0.84,15.40,6.90,278.60,nan
06-Aug-25 4:17:00 PM AEST,nan,nan,18.5,nan,nan,nan,293.40,0.66,9.50,5.60,293.30,277.40
06-Aug-25 4:17:04 PM AEST,28.6,nan,nan,nan,nan,nan,nan,nan,nan,nan,nan,nan
06-Aug-25 4:17:04 PM AEST,28.5,nan,nan,nan,nan,nan,nan,nan,nan,nan,nan,nan
06-Aug-25 4:18:00 PM AEST,nan,54.0,18.3,nan,nan,nan,278.80,0.57,8.30,5.10,282.90,273.30
06-Aug-25 4:18:08 PM AEST,28.6,nan,nan,nan,nan,nan,nan,nan,nan,nan,nan,nan
06-Aug-25 4:19:00 PM AEST,nan,54.7,nan,nan,nan,nan,289.10,0.46,7.10,3.00,299.50,270.80
06-Aug-25 4:20:00 PM AEST,nan,54.5,18.5,nan,nan,nan,303.00,0.43,nan,3.90,305.00,198.30
06-Aug-25 4:21:00 PM AEST,28.5,54.2,18.6,nan,nan,nan,292.10,0.64,10.60,6.30,294.40,245.80
06-Aug-25 4:22:00 PM AEST,nan,54.5,18.3,nan,nan,nan,315.00,0.31,4.70,3.10,314.80,259.90
06-Aug-25 4:22:04 PM AEST,28.6,nan,nan,nan,nan,nan,nan,nan,nan,nan,nan,nan
06-Aug-25 4:23:00 PM AEST,nan,nan,18.5,nan,nan,nan,274.90,0.76,13.00,6.80,278.70,259.20
06-Aug-25 4:23:08 PM AEST,28.5,nan,nan,nan,nan,nan,nan,nan,nan,nan,nan,nan
06-Aug-25 4:24:00 PM AEST,nan,54.2,nan,nan,nan,nan,286.50,0.50,10.60,5.00,285.80,257.40
06-Aug-25 4:24:12 PM AEST,28.3,nan,nan,nan,nan,nan,nan,nan,nan,nan,nan,nan
06-Aug-25 4:25:00 PM AEST,nan,54.0,18.3,nan,nan,nan,280.70,0.74,nan,4.70,273.00,252.50
06-Aug-25 4:26:00 PM AEST,nan,54.2,18.1,nan,nan,nan,249.60,0.62,9.50,5.50,246.20,248.30
06-Aug-25 4:27:00 PM AEST,nan,54.3,nan,nan,nan,nan,260.20,0.34,5.90,3.30,261.60,243.30
06-Aug-25 4:28:00 PM AEST,28.4,54.7,18.2,nan,nan,nan,295.00,0.53,9.50,4.20,297.50,238.30
06-Aug-25 4:29:00 PM AEST,nan,55.0,18.4,nan,nan,nan,212.50,0.51,14.20,3.20,244.10,234.10
06-Aug-25 4:30:00 PM AEST,28.3,54.8,18.5,nan,nan,nan,292.20,0.60,11.80,4.30,296.00,228.30
06-Aug-25 4:31:00 PM AEST,nan,55.5,18.3,nan,nan,nan,131.40,0.21,3.50,2.10,131.50,225.80
06-Aug-25 4:31:04 PM AEST,28.5,nan,nan,nan,nan,nan,nan,nan,nan,nan,nan,nan
06-Aug-25 4:32:00 PM AEST,nan,nan,18.7,nan,nan,nan,152.20,0.37,5.90,3.60,152.50,222.40
06-Aug-25 4:32:08 PM AEST,28.6,nan,nan,nan,nan,nan,nan,nan,nan,nan,nan,nan
06-Aug-25 4:33:00 PM AEST,nan,nan,18.8,nan,nan,nan,211.80,0.64,15.40,3.50,259.50,219.20
06-Aug-25 4:33:12 PM AEST,28.3,nan,nan,nan,nan,nan,nan,nan,nan,nan,nan,nan
06-Aug-25 4:34:00 PM AEST,nan,55.2,nan,nan,nan,nan,250.40,0.56,9.50,4.60,254.80,216.60
06-Aug-25 4:35:00 PM AEST,nan,55.5,18.4,nan,nan,nan,231.60,0.51,nan,3.00,256.10,213.30
06-Aug-25 4:36:00 PM AEST,28.1,55.7,18.6,nan,nan,nan,256.50,0.64,10.60,5.00,269.00,210.00
06-Aug-25 4:37:00 PM AEST,nan,56.2,18.4,nan,nan,nan,165.10,0.22,3.50,2.20,164.20,205.80
06-Aug-25 4:37:04 PM AEST,28.3,nan,nan,nan,nan,nan,nan,nan,nan,nan,nan,nan
06-Aug-25 4:38:00 PM AEST,nan,56.3,18.7,nan,nan,nan,324.10,0.41,7.10,nan,315.70,204.20
06-Aug-25 4:38:08 PM AEST,28.4,nan,nan,nan,nan,nan,nan,nan,nan,nan,nan,nan
06-Aug-25 4:39:00 PM AEST,nan,nan,18.9,nan,nan,nan,234.50,0.28,5.90,2.80,234.00,202.50
06-Aug-25 4:39:12 PM AEST,28.5,nan,nan,nan,nan,nan,nan,nan,nan,nan,nan,nan
06-Aug-25 4:40:00 PM AEST,nan,56.7,nan,nan,nan,nan,253.90,0.39,nan,2.90,258.60,191.70
06-Aug-25 4:40:16 PM AEST,28.3,nan,nan,nan,nan,nan,nan,nan,nan,nan,nan,nan
06-Aug-25 4:41:00 PM AEST,nan,56.3,19.0,nan,nan,nan,254.60,0.64,13.00,4.60,266.40,195.00
06-Aug-25 4:41:20 PM AEST,28.1,nan,nan,nan,nan,nan,nan,nan,nan,nan,nan,nan
06-Aug-25 4:42:00 PM AEST,nan,55.8,18.8,nan,nan,nan,263.50,0.58,7.10,4.50,266.70,190.00
06-Aug-25 4:42:24 PM AEST,28.2,nan,nan,nan,nan,nan,nan,nan,nan,nan,nan,nan
06-Aug-25 4:43:00 PM AEST,nan,56.0,18.4,nan,nan,nan,246.00,0.24,3.50,2.40,245.90,186.70
06-Aug-25 4:43:28 PM AEST,28.4,nan,nan,nan,nan,nan,nan,nan,nan,nan,nan,nan
06-Aug-25 4:44:00 PM AEST,nan,56.2,18.6,nan,nan,nan,268.90,0.27,nan,2.50,269.90,185.00
06-Aug-25 4:44:32 PM AEST,28.3,nan,nan,nan,nan,nan,nan,nan,nan,nan,nan,nan
06-Aug-25 4:45:00 PM AEST,nan,56.0,18.8,nan,nan,nan,294.50,0.65,14.20,6.20,298.50,180.80
06-Aug-25 4:45:36 PM AEST,27.8,nan,nan,nan,nan,nan,nan,nan,nan,nan,nan,nan
06-Aug-25 4:46:00 PM AEST,nan,55.2,18.6,nan,nan,nan,290.00,0.96,16.60,9.20,292.80,178.30
06-Aug-25 4:46:40 PM AEST,27.7,nan,nan,nan,nan,nan,nan,nan,nan,nan,nan,nan
06-Aug-25 4:47:00 PM AEST,nan,55.7,18.0,nan,nan,nan,282.40,0.49,9.50,4.80,285.50,175.00
06-Aug-25 4:47:44 PM AEST,27.5,nan,nan,nan,nan,nan,nan,nan,nan,nan,nan,nan
06-Aug-25 4:48:00 PM AEST,nan,55.8,nan,nan,nan,nan,285.60,0.90,13.00,8.10,288.80,171.70
06-Aug-25 4:48:48 PM AEST,27.4,nan,nan,nan,nan,nan,nan,nan,nan,nan,nan,nan
06-Aug-25 4:49:00 PM AEST,nan,56.2,17.9,nan,nan,nan,278.90,0.66,11.80,6.30,281.20,168.30
06-Aug-25 4:49:52 PM AEST,27.5,nan,nan,nan,nan,nan,nan,nan,nan,nan,nan,nan
06-Aug-25 4:50:00 PM AEST,nan,56.8,nan,nan,nan,nan,285.50,0.49,8.30,4.40,294.70,165.00
06-Aug-25 4:51:00 PM AEST,nan,nan,18.2,nan,nan,nan,292.80,0.46,5.90,nan,294.50,162.50
06-Aug-25 4:52:00 PM AEST,27.7,57.0,nan,nan,nan,nan,310.00,0.35,nan,3.50,311.40,160.00
06-Aug-25 4:53:00 PM AEST,nan,56.7,18.4,nan,nan,nan,338.90,0.44,8.30,4.30,340.60,156.70
06-Aug-25 4:53:04 PM AEST,27.8,nan,nan,nan,nan,nan,nan,nan,nan,nan,nan,nan
06-Aug-25 4:54:00 PM AEST,nan,55.8,nan,nan,nan,nan,329.20,0.58,9.50,5.80,329.50,154.10
06-Aug-25 4:55:00 PM AEST,27.7,54.3,18.2,nan,nan,nan,325.50,0.66,10.60,6.50,326.50,150.80
06-Aug-25 4:56:00 PM AEST,nan,53.7,17.7,nan,nan,nan,296.60,0.62,8.30,5.30,299.00,148.30
06-Aug-25 4:57:00 PM AEST,27.6,53.3,17.4,nan,nan,nan,325.70,0.51,7.10,4.60,325.40,145.80
06-Aug-25 4:58:00 PM AEST,nan,53.0,17.3,nan,nan,nan,278.40,0.70,14.20,6.50,277.30,142.50
06-Aug-25 4:59:00 PM AEST,27.5,nan,17.2,nan,nan,nan,296.00,0.53,nan,5.30,300.00,140.00
06-Aug-25 5:00:00 PM AEST,nan,53.3,17.1,nan,nan,nan,312.70,0.65,10.60,5.90,310.80,136.70
06-Aug-25 5:00:32 PM AEST,nan,nan,nan,nan,nan,0.05,nan,nan,nan,nan,nan,nan
06-Aug-25 5:01:00 PM AEST,27.6,53.5,17.2,nan,nan,nan,280.20,0.40,5.90,3.70,281.90,133.30
06-Aug-25 5:01:00 PM AEST,27.7,53.5,17.2,nan,nan,nan,280.20,0.40,5.90,3.70,281.90,133.30
06-Aug-25 5:02:00 PM AEST,nan,53.8,17.3,nan,nan,nan,253.40,0.41,7.10,3.80,251.60,130.00
06-Aug-25 5:02:04 PM AEST,27.6,nan,nan,nan,nan,nan,nan,nan,nan,nan,nan,nan
06-Aug-25 5:03:00 PM AEST,nan,54.0,17.5,nan,nan,nan,312.00,0.45,nan,4.20,309.00,125.00
06-Aug-25 5:03:08 PM AEST,27.7,nan,nan,nan,nan,nan,nan,nan,nan,nan,nan,nan
06-Aug-25 5:04:00 PM AEST,nan,54.3,nan,nan,nan,nan,309.10,0.33,nan,3.00,313.50,124.10
06-Aug-25 5:04:12 PM AEST,27.6,nan,nan,nan,nan,nan,nan,nan,nan,nan,nan,nan
06-Aug-25 5:05:00 PM AEST,nan,nan,17.6,nan,nan,nan,320.90,0.50,9.50,5.00,321.50,115.80
06-Aug-25 5:06:00 PM AEST,nan,53.8,nan,nan,nan,nan,296.90,0.75,11.80,7.20,291.10,74.10
06-Aug-25 5:07:00 PM AEST,27.2,54.2,17.4,nan,nan,nan,287.70,0.59,9.50,5.90,287.20,26.70
06-Aug-25 5:08:00 PM AEST,nan,54.3,17.2,nan,nan,nan,310.10,0.57,nan,5.00,307.80,18.30
06-Aug-25 5:08:04 PM AEST,27.1,nan,nan,nan,nan,nan,nan,nan,nan,nan,nan,nan
06-Aug-25 5:09:00 PM AEST,nan,54.5,17.1,nan,nan,nan,300.70,0.60,8.30,5.30,302.80,16.70
06-Aug-25 5:09:08 PM AEST,27.0,nan,nan,nan,nan,nan,nan,nan,nan,nan,nan,nan
06-Aug-25 5:10:00 PM AEST,nan,54.8,17.0,nan,nan,nan,306.80,0.73,10.60,6.90,306.30,nan
06-Aug-25 5:10:12 PM AEST,26.8,nan,nan,nan,nan,nan,nan,nan,nan,nan,nan,nan
06-Aug-25 5:11:00 PM AEST,nan,55.2,16.9,nan,nan,nan,299.50,0.60,8.30,5.80,301.20,15.80
06-Aug-25 5:11:16 PM AEST,26.6,nan,nan,nan,nan,nan,nan,nan,nan,nan,nan,nan
06-Aug-25 5:12:00 PM AEST,nan,55.5,nan,nan,nan,nan,290.70,0.59,10.60,5.40,293.90,nan
06-Aug-25 5:12:20 PM AEST,26.4,nan,nan,nan,nan,nan,nan,nan,nan,nan,nan,nan
06-Aug-25 5:13:00 PM AEST,nan,55.3,nan,nan,nan,nan,276.90,0.43,7.10,3.90,282.50,15.00
06-Aug-25 5:14:00 PM AEST,nan,55.8,16.7,nan,nan,nan,288.00,0.38,13.00,3.70,289.30,14.20
06-Aug-25 5:15:00 PM AEST,26.1,nan,16.8,nan,nan,nan,291.30,0.90,nan,7.50,284.90,15.00
06-Aug-25 5:15:00 PM AEST,26.0,nan,16.8,nan,nan,nan,291.30,0.90,nan,7.50,284.90,15.00
06-Aug-25 5:16:00 PM AEST,nan,56.0,16.6,nan,nan,nan,326.30,0.61,10.60,5.60,320.90,14.10
06-Aug-25 5:16:04 PM AEST,25.9,nan,nan,nan,nan,nan,nan,nan,nan,nan,nan,nan
06-Aug-25 5:17:00 PM AEST,nan,56.2,nan,nan,nan,nan,315.50,0.70,11.80,6.40,318.10,13.30
06-Aug-25 5:17:08 PM AEST,25.8,nan,nan,nan,nan,nan,nan,nan,nan,nan,nan,nan
06-Aug-25 5:18:00 PM AEST,nan,nan,16.5,nan,nan,nan,308.00,0.51,10.60,5.00,308.40,14.10
06-Aug-25 5:18:12 PM AEST,25.7,nan,nan,nan,nan,nan,nan,nan,nan,nan,nan,nan
06-Aug-25 5:19:00 PM AEST,nan,56.5,16.4,nan,nan,nan,230.60,0.44,9.50,2.90,246.30,13.30
06-Aug-25 5:20:00 PM AEST,nan,56.8,nan,nan,nan,nan,232.50,0.47,11.80,2.20,267.40,nan
06-Aug-25 5:21:00 PM AEST,25.6,57.0,16.5,nan,nan,nan,303.80,0.37,8.30,3.70,304.40,11.70
06-Aug-25 5:22:00 PM AEST,nan,56.8,nan,nan,nan,nan,312.40,0.69,13.00,5.30,312.80,12.50
06-Aug-25 5:22:04 PM AEST,25.5,nan,nan,nan,nan,nan,nan,nan,nan,nan,nan,nan
06-Aug-25 5:23:00 PM AEST,nan,56.5,16.3,nan,nan,nan,331.70,0.42,7.10,4.10,329.50,11.60
06-Aug-25 5:23:08 PM AEST,25.4,nan,nan,nan,nan,nan,nan,nan,nan,nan,nan,nan
06-Aug-25 5:24:00 PM AEST,nan,56.7,16.1,nan,nan,nan,247.60,0.55,13.00,4.50,258.30,12.50
06-Aug-25 5:24:12 PM AEST,25.3,nan,nan,nan,nan,nan,nan,nan,nan,nan,nan,nan
06-Aug-25 5:24:12 PM AEST,25.2,nan,nan,nan,nan,nan,nan,nan,nan,nan,nan,nan
06-Aug-25 5:25:00 PM AEST,nan,56.5,nan,nan,nan,nan,295.10,0.67,9.50,5.90,293.50,11.60
06-Aug-25 5:25:16 PM AEST,25.1,nan,nan,nan,nan,nan,nan,nan,nan,nan,nan,nan
06-Aug-25 5:26:00 PM AEST,nan,56.7,16.0,nan,nan,nan,297.70,0.54,7.10,5.30,298.10,12.50
06-Aug-25 5:27:00 PM AEST,nan,57.0,15.9,nan,nan,nan,303.50,0.44,5.90,4.40,304.60,11.70
06-Aug-25 5:28:00 PM AEST,nan,57.2,16.0,nan,nan,nan,299.70,0.21,4.70,2.10,299.60,10.80
06-Aug-25 5:29:00 PM AEST,nan,57.3,16.1,nan,nan,nan,241.30,0.34,nan,2.30,241.50,11.70
06-Aug-25 5:30:00 PM AEST,25.0,57.7,16.0,nan,nan,nan,302.00,0.73,13.00,5.80,317.50,10.80
06-Aug-25 5:31:00 PM AEST,nan,57.8,nan,nan,nan,nan,325.20,0.23,3.50,2.30,325.20,nan
06-Aug-25 5:31:04 PM AEST,24.9,nan,nan,nan,nan,nan,nan,nan,nan,nan,nan,nan
06-Aug-25 5:32:00 PM AEST,nan,nan,nan,nan,nan,nan,295.70,0.50,9.50,4.60,284.30,10.00
06-Aug-25 5:32:08 PM AEST,24.7,nan,nan,nan,nan,nan,nan,nan,nan,nan,nan,nan
06-Aug-25 5:33:00 PM AEST,nan,58.2,nan,nan,nan,nan,270.20,0.58,nan,5.40,268.50,nan
06-Aug-25 5:34:00 PM AEST,nan,58.3,nan,nan,nan,nan,288.90,0.41,7.10,4.10,288.60,nan
06-Aug-25 5:35:00 PM AEST,nan,58.5,nan,nan,nan,nan,298.80,0.34,5.90,3.30,302.10,nan
06-Aug-25 5:36:00 PM AEST,24.6,58.8,nan,nan,nan,nan,298.10,0.35,4.70,nan,300.70,nan
06-Aug-25 5:37:00 PM AEST,nan,59.2,nan,nan,nan,nan,309.00,0.34,nan,3.40,309.10,9.10
06-Aug-25 5:38:00 PM AEST,nan,59.3,16.1,nan,nan,nan,309.30,0.36,7.10,3.60,309.30,8.30
06-Aug-25 5:39:00 PM AEST,24.5,59.5,nan,nan,nan,nan,321.30,0.31,5.90,3.10,320.90,9.20
06-Aug-25 5:40:00 PM AEST,nan,59.7,nan,nan,nan,nan,321.70,0.13,2.40,1.30,321.70,8.30
06-Aug-25 5:41:00 PM AEST,nan,60.0,16.2,nan,nan,nan,303.20,0.37,4.70,3.60,302.90,nan
06-Aug-25 5:42:00 PM AEST,24.4,60.2,nan,nan,nan,nan,270.20,0.21,3.50,2.10,270.10,nan
06-Aug-25 5:43:00 PM AEST,nan,60.5,nan,nan,nan,nan,nan,0.01,1.20,0.10,270.00,nan
06-Aug-25 5:43:04 PM AEST,24.5,nan,nan,nan,nan,nan,nan,nan,nan,nan,nan,nan
06-Aug-25 5:44:00 PM AEST,nan,60.7,16.3,nan,nan,nan,258.80,0.30,5.90,3.00,255.00,7.50
06-Aug-25 5:44:08 PM AEST,24.4,nan,nan,nan,nan,nan,nan,nan,nan,nan,nan,nan
06-Aug-25 5:44:08 PM AEST,24.3,nan,nan,nan,nan,nan,nan,nan,nan,nan,nan,nan
06-Aug-25 5:45:00 PM AEST,nan,61.0,nan,nan,nan,nan,259.30,0.39,nan,3.90,259.60,nan
06-Aug-25 5:46:00 PM AEST,nan,61.2,nan,nan,nan,nan,278.40,0.32,4.70,3.20,278.40,6.70
06-Aug-25 5:47:00 PM AEST,24.2,61.3,nan,nan,nan,nan,278.60,0.24,3.50,2.40,278.50,7.50
06-Aug-25 5:48:00 PM AEST,nan,61.5,nan,nan,nan,nan,nan,0.18,nan,1.80,278.60,6.70
06-Aug-25 5:49:00 PM AEST,24.1,61.8,nan,nan,nan,nan,283.80,0.38,5.90,3.60,285.80,6.60
06-Aug-25 5:50:00 PM AEST,nan,62.2,nan,nan,nan,nan,277.40,0.25,4.70,2.50,277.70,6.70
06-Aug-25 5:51:00 PM AEST,24.0,62.3,16.4,nan,nan,nan,280.20,0.46,8.30,4.60,280.10,5.80
06-Aug-25 5:52:00 PM AEST,nan,62.7,nan,nan,nan,nan,282.60,0.37,5.90,3.60,284.00,5.00
06-Aug-25 5:53:00 PM AEST,23.9,63.0,nan,nan,nan,nan,305.50,0.57,8.30,5.70,306.00,nan
06-Aug-25 5:54:00 PM AEST,nan,nan,16.5,nan,nan,nan,313.90,0.29,4.70,2.90,313.90,5.80
06-Aug-25 5:55:00 PM AEST,nan,63.3,16.4,nan,nan,nan,313.80,0.08,2.40,0.80,nan,5.00
06-Aug-25 5:56:00 PM AEST,23.8,63.5,16.5,nan,nan,nan,313.90,0.29,5.90,2.90,314.00,4.10
06-Aug-25 5:57:00 PM AEST,nan,63.7,nan,nan,nan,nan,313.80,0.27,4.70,2.70,313.80,4.20
06-Aug-25 5:58:00 PM AEST,23.6,64.2,nan,nan,nan,nan,313.60,0.22,3.50,2.20,313.60,4.10
06-Aug-25 5:59:00 PM AEST,nan,64.7,nan,nan,nan,nan,313.70,0.24,nan,2.40,313.70,3.30
06-Aug-25 5:59:04 PM AEST,23.5,nan,nan,nan,nan,nan,nan,nan,nan,nan,nan,nan
06-Aug-25 6:00:00 PM AEST,nan,65.0,16.4,nan,nan,nan,313.60,0.08,2.40,0.80,313.50,4.20
06-Aug-25 6:00:08 PM AEST,23.3,nan,nan,nan,nan,nan,nan,nan,nan,nan,nan,nan
06-Aug-25 6:00:36 PM AEST,nan,nan,nan,nan,nan,0.00,nan,nan,nan,nan,nan,nan
06-Aug-25 6:01:00 PM AEST,nan,65.3,nan,nan,nan,nan,nan,0.04,1.20,0.40,313.80,3.30
06-Aug-25 6:02:00 PM AEST,nan,65.5,16.5,nan,nan,nan,312.00,0.14,4.70,1.30,308.60,2.50
06-Aug-25 6:03:00 PM AEST,23.2,65.8,nan,nan,nan,nan,317.40,0.31,nan,3.00,320.30,nan
06-Aug-25 6:04:00 PM AEST,nan,66.0,nan,nan,nan,nan,331.40,0.33,5.90,3.20,332.30,1.70
06-Aug-25 6:05:00 PM AEST,23.1,nan,nan,nan,nan,nan,18.40,0.45,nan,4.50,17.90,1.60
06-Aug-25 6:06:00 PM AEST,nan,66.3,16.4,nan,nan,nan,23.80,0.31,3.50,3.10,23.80,1.70
06-Aug-25 6:07:00 PM AEST,23.0,66.7,nan,nan,nan,nan,nan,0.29,nan,2.90,nan,1.60
06-Aug-25 6:08:00 PM AEST,nan,67.2,nan,nan,nan,nan,nan,nan,nan,nan,23.90,0.80
06-Aug-25 6:08:04 PM AEST,22.8,nan,nan,nan,nan,nan,nan,nan,nan,nan,nan,nan
06-Aug-25 6:09:00 PM AEST,nan,67.3,nan,nan,nan,nan,nan,0.27,4.70,2.70,23.80,nan
06-Aug-25 6:10:00 PM AEST,nan,67.5,nan,nan,nan,nan,nan,0.17,3.50,1.70,nan,nan
06-Aug-25 6:11:00 PM AEST,nan,67.8,nan,nan,nan,nan,nan,0.10,2.40,1.00,nan,nan
06-Aug-25 6:12:00 PM AEST,nan,nan,16.5,nan,nan,nan,nan,0.08,nan,0.80,23.70,0.00
06-Aug-25 6:13:00 PM AEST,22.6,68.2,nan,nan,nan,nan,nan,0.22,3.50,2.20,23.90,nan
06-Aug-25 6:14:00 PM AEST,nan,68.7,16.4,nan,nan,nan,nan,0.36,4.70,3.50,23.80,nan
06-Aug-25 6:14:04 PM AEST,22.4,nan,nan,nan,nan,nan,nan,nan,nan,nan,nan,nan
06-Aug-25 6:14:04 PM AEST,22.2,nan,nan,nan,nan,nan,nan,nan,nan,nan,nan,nan
06-Aug-25 6:15:00 PM AEST,nan,69.0,nan,nan,nan,nan,nan,0.24,3.50,2.40,23.70,nan
06-Aug-25 6:15:08 PM AEST,22.1,nan,nan,nan,nan,nan,nan,nan,nan,nan,nan,nan
06-Aug-25 6:16:00 PM AEST,nan,69.5,16.2,nan,nan,nan,nan,0.19,2.40,1.90,23.80,nan
06-Aug-25 6:17:00 PM AEST,nan,nan,16.3,nan,nan,nan,nan,0.04,1.20,0.40,23.70,nan
06-Aug-25 6:18:00 PM AEST,nan,69.7,16.2,nan,nan,nan,nan,0.02,nan,0.20,24.00,nan
06-Aug-25 6:19:00 PM AEST,21.9,70.2,16.3,nan,nan,nan,nan,0.15,2.40,1.50,23.80,nan
06-Aug-25 6:20:00 PM AEST,nan,70.3,16.2,nan,nan,nan,nan,nan,nan,nan,nan,nan
06-Aug-25 6:20:04 PM AEST,21.8,nan,nan,nan,nan,nan,nan,nan,nan,nan,nan,nan
06-Aug-25 6:21:00 PM AEST,nan,70.5,nan,nan,nan,nan,nan,0.11,nan,1.10,23.90,nan
06-Aug-25 6:21:08 PM AEST,21.7,nan,nan,nan,nan,nan,nan,nan,nan,nan,nan,nan
06-Aug-25 6:22:00 PM AEST,nan,70.7,16.1,nan,nan,nan,nan,0.01,1.20,0.10,23.40,nan
06-Aug-25 6:22:12 PM AEST,21.6,nan,nan,nan,nan,nan,nan,nan,nan,nan,nan,nan
06-Aug-25 6:23:00 PM AEST,nan,nan,nan,nan,nan,nan,23.40,0.26,3.50,2.60,23.20,nan
06-Aug-25 6:24:00 PM AEST,nan,70.3,16.0,nan,nan,nan,17.60,0.28,nan,2.80,17.60,nan
06-Aug-25 6:25:00 PM AEST,nan,70.5,nan,nan,nan,nan,nan,0.18,nan,1.80,nan,nan
06-Aug-25 6:26:00 PM AEST,21.5,70.8,nan,nan,nan,nan,17.80,0.19,nan,1.90,17.90,nan
06-Aug-25 6:27:00 PM AEST,nan,70.7,nan,nan,nan,nan,nan,0.02,1.20,0.20,17.60,nan
06-Aug-25 6:27:04 PM AEST,21.6,nan,nan,nan,nan,nan,nan,nan,nan,nan,nan,nan
06-Aug-25 6:28:00 PM AEST,nan,70.3,nan,nan,nan,nan,nan,0.06,2.40,0.60,17.90,nan
06-Aug-25 6:28:08 PM AEST,21.7,nan,nan,nan,nan,nan,nan,nan,nan,nan,nan,nan
06-Aug-25 6:28:08 PM AEST,21.6,nan,nan,nan,nan,nan,nan,nan,nan,nan,nan,nan
06-Aug-25 6:29:00 PM AEST,nan,70.5,nan,nan,nan,nan,nan,0.20,3.50,2.00,17.70,nan
06-Aug-25 6:29:12 PM AEST,21.5,nan,nan,nan,nan,nan,nan,nan,nan,nan,nan,nan
06-Aug-25 6:30:00 PM AEST,nan,70.8,nan,nan,nan,nan,17.30,0.25,nan,2.50,17.40,nan
06-Aug-25 6:30:16 PM AEST,21.6,nan,nan,nan,nan,nan,nan,nan,nan,nan,nan,nan
06-Aug-25 6:31:00 PM AEST,nan,70.7,nan,nan,nan,nan,15.60,0.28,nan,2.80,15.60,nan
06-Aug-25 6:32:00 PM AEST,nan,70.8,nan,nan,nan,nan,15.70,0.14,nan,1.40,15.70,nan
06-Aug-25 6:33:00 PM AEST,21.5,71.0,nan,nan,nan,nan,nan,0.18,nan,1.80,nan,nan
06-Aug-25 6:34:00 PM AEST,nan,71.2,nan,nan,nan,nan,17.70,0.38,5.90,3.80,17.90,nan
06-Aug-25 6:34:04 PM AEST,21.4,nan,nan,nan,nan,nan,nan,nan,nan,nan,nan,nan
06-Aug-25 6:35:00 PM AEST,nan,71.3,nan,nan,nan,nan,39.60,0.49,7.10,4.70,37.70,nan
06-Aug-25 6:36:00 PM AEST,nan,nan,nan,nan,nan,nan,6.50,0.39,5.90,3.90,5.30,nan
06-Aug-25 6:37:00 PM AEST,nan,71.8,nan,nan,nan,nan,10.20,0.11,2.40,1.10,10.20,nan
06-Aug-25 6:38:00 PM AEST,nan,nan,16.1,nan,nan,nan,10.30,0.05,3.50,0.50,10.40,nan
06-Aug-25 6:39:00 PM AEST,21.3,nan,nan,nan,nan,nan,19.10,0.25,4.70,2.40,24.50,nan
06-Aug-25 6:40:00 PM AEST,nan,71.7,16.0,nan,nan,nan,41.30,0.20,3.50,2.00,41.20,nan
06-Aug-25 6:40:04 PM AEST,21.4,nan,nan,nan,nan,nan,nan,nan,nan,nan,nan,nan
06-Aug-25 6:41:00 PM AEST,nan,nan,16.1,nan,nan,nan,nan,0.01,1.20,0.10,41.30,0.80
06-Aug-25 6:42:00 PM AEST,21.3,72.0,16.0,nan,nan,nan,nan,nan,nan,nan,42.50,0.00
06-Aug-25 6:43:00 PM AEST,nan,71.8,nan,nan,nan,nan,nan,0.15,2.40,1.50,41.20,nan
06-Aug-25 6:43:04 PM AEST,21.2,nan,nan,nan,nan,nan,nan,nan,nan,nan,nan,nan
06-Aug-25 6:44:00 PM AEST,nan,72.2,nan,nan,nan,nan,3.00,0.29,3.50,2.60,358.10,nan
06-Aug-25 6:45:00 PM AEST,nan,nan,nan,nan,nan,nan,2.10,0.27,4.70,2.70,2.00,nan
06-Aug-25 6:46:00 PM AEST,nan,nan,nan,nan,nan,nan,2.80,0.24,3.50,2.40,2.70,nan
06-Aug-25 6:47:00 PM AEST,nan,72.3,nan,nan,nan,nan,2.70,0.10,2.40,1.00,2.60,nan
06-Aug-25 6:48:00 PM AEST,nan,72.5,nan,nan,nan,nan,nan,0.01,1.20,0.10,0.00,nan
06-Aug-25 6:49:00 PM AEST,21.1,nan,nan,nan,nan,nan,nan,nan,nan,nan,nan,nan
06-Aug-25 6:50:00 PM AEST,nan,72.7,nan,nan,nan,nan,nan,0.25,3.50,2.50,2.70,nan
06-Aug-25 6:50:04 PM AEST,21.0,nan,nan,nan,nan,nan,nan,nan,nan,nan,nan,nan
06-Aug-25 6:51:00 PM AEST,nan,73.0,15.9,nan,nan,nan,nan,0.16,2.40,1.60,nan,nan
06-Aug-25 6:52:00 PM AEST,nan,nan,16.0,nan,nan,nan,nan,0.05,1.20,0.50,nan,nan
06-Aug-25 6:53:00 PM AEST,nan,nan,15.9,nan,nan,nan,nan,0.04,nan,0.40,2.50,nan
06-Aug-25 6:54:00 PM AEST,nan,72.8,16.0,nan,nan,nan,359.80,0.15,2.40,1.40,358.10,nan
06-Aug-25 6:55:00 PM AEST,20.9,nan,15.9,nan,nan,nan,358.10,0.41,7.10,3.90,359.00,nan
06-Aug-25 6:56:00 PM AEST,nan,nan,nan,nan,nan,nan,24.60,0.37,nan,3.70,21.20,nan
06-Aug-25 6:56:04 PM AEST,21.1,nan,nan,nan,nan,nan,nan,nan,nan,nan,nan,nan
06-Aug-25 6:57:00 PM AEST,nan,72.7,16.0,nan,nan,nan,0.60,0.35,4.70,3.40,0.10,nan
06-Aug-25 6:57:08 PM AEST,21.2,nan,nan,nan,nan,nan,nan,nan,nan,nan,nan,nan
06-Aug-25 6:58:00 PM AEST,nan,nan,nan,nan,nan,nan,355.40,0.41,7.10,4.00,353.50,nan
06-Aug-25 6:58:12 PM AEST,21.3,nan,nan,nan,nan,nan,nan,nan,nan,nan,nan,nan
06-Aug-25 6:59:00 PM AEST,nan,72.5,16.1,nan,nan,nan,323.60,0.56,8.30,5.60,322.00,nan
06-Aug-25 7:00:00 PM AEST,nan,nan,nan,nan,nan,nan,287.50,0.51,11.80,4.70,290.40,nan
06-Aug-25 7:00:40 PM AEST,nan,nan,nan,nan,nan,0.01,nan,nan,nan,nan,nan,nan
06-Aug-25 7:01:00 PM AEST,21.4,72.3,16.2,nan,nan,nan,321.70,0.46,10.60,4.40,317.50,nan
06-Aug-25 7:02:00 PM AEST,nan,72.2,nan,nan,nan,nan,338.60,0.49,7.10,4.80,340.30,nan
06-Aug-25 7:03:00 PM AEST,nan,72.0,nan,nan,nan,nan,341.40,0.38,4.70,3.80,341.60,nan
06-Aug-25 7:04:00 PM AEST,nan,nan,nan,nan,nan,nan,327.70,0.29,3.50,2.90,328.00,nan
06-Aug-25 7:05:00 PM AEST,21.5,71.8,nan,nan,nan,nan,356.40,0.69,13.00,6.50,358.30,nan
06-Aug-25 7:06:00 PM AEST,nan,72.0,nan,nan,nan,nan,337.80,0.53,9.50,5.30,337.70,nan
06-Aug-25 7:07:00 PM AEST,nan,nan,16.3,nan,nan,nan,356.50,0.35,7.10,3.00,7.60,nan
06-Aug-25 7:08:00 PM AEST,21.6,71.8,16.2,nan,nan,nan,6.00,0.54,nan,4.80,9.50,nan
06-Aug-25 7:09:00 PM AEST,nan,nan,16.3,nan,nan,nan,10.70,0.52,13.00,5.10,11.70,nan
06-Aug-25 7:10:00 PM AEST,21.7,nan,nan,nan,nan,nan,346.50,0.90,14.20,7.30,350.10,nan
06-Aug-25 7:11:00 PM AEST,nan,nan,16.4,nan,nan,nan,336.20,0.59,8.30,5.30,334.90,nan
06-Aug-25 7:12:00 PM AEST,nan,nan,nan,nan,nan,nan,357.10,0.33,5.90,2.80,344.70,nan
06-Aug-25 7:13:00 PM AEST,nan,71.7,nan,nan,nan,nan,308.70,0.18,4.70,1.80,308.60,nan
06-Aug-25 7:14:00 PM AEST,nan,71.8,nan,nan,nan,nan,313.00,0.53,9.50,5.20,314.90,nan
06-Aug-25 7:15:00 PM AEST,nan,71.7,nan,nan,nan,nan,315.10,0.24,5.90,2.40,315.10,nan
06-Aug-25 7:16:00 PM AEST,nan,nan,nan,nan,nan,nan,23.70,nan,4.70,2.10,27.60,nan
06-Aug-25 7:17:00 PM AEST,nan,nan,nan,nan,nan,nan,36.40,0.08,3.50,0.80,32.90,nan
06-Aug-25 7:18:00 PM AEST,nan,71.8,nan,nan,nan,nan,318.00,0.34,4.70,2.90,316.10,0.80
06-Aug-25 7:19:00 PM AEST,nan,71.7,nan,nan,nan,nan,299.90,0.12,3.50,1.20,299.70,0.00
06-Aug-25 7:20:00 PM AEST,21.6,nan,16.3,nan,nan,nan,nan,0.00,0.00,0.00,0.00,nan
06-Aug-25 7:21:00 PM AEST,nan,71.8,nan,nan,nan,nan,nan,nan,nan,nan,nan,nan
06-Aug-25 7:22:00 PM AEST,nan,71.7,nan,nan,nan,nan,303.00,0.21,3.50,2.10,303.30,nan
06-Aug-25 7:23:00 PM AEST,21.5,71.8,nan,nan,nan,nan,332.00,0.50,9.50,4.50,334.80,nan
06-Aug-25 7:24:00 PM AEST,nan,nan,16.2,nan,nan,nan,337.40,0.31,4.70,3.10,337.50,nan
06-Aug-25 7:25:00 PM AEST,21.4,72.2,nan,nan,nan,nan,nan,0.22,3.50,2.20,337.30,nan
06-Aug-25 7:26:00 PM AEST,nan,72.0,nan,nan,nan,nan,nan,0.09,2.40,0.90,337.60,nan
06-Aug-25 7:27:00 PM AEST,nan,71.8,nan,nan,nan,nan,2.40,0.28,5.90,2.70,4.50,nan
06-Aug-25 7:28:00 PM AEST,nan,nan,16.1,nan,nan,nan,17.20,0.18,2.40,1.80,17.10,nan
06-Aug-25 7:29:00 PM AEST,nan,nan,nan,nan,nan,nan,nan,0.21,3.50,2.10,17.30,nan
06-Aug-25 7:30:00 PM AEST,21.3,nan,nan,nan,nan,nan,nan,0.09,2.40,0.90,nan,nan
06-Aug-25 7:31:00 PM AEST,nan,72.0,16.0,nan,nan,nan,nan,0.05,1.20,0.50,17.50,nan
06-Aug-25 7:32:00 PM AEST,21.1,72.2,nan,nan,nan,nan,nan,0.09,2.40,0.90,17.30,nan
06-Aug-25 7:33:00 PM AEST,nan,72.3,15.9,nan,nan,nan,nan,0.26,3.50,2.60,17.20,nan
06-Aug-25 7:34:00 PM AEST,21.0,72.5,nan,nan,nan,nan,nan,0.30,nan,3.00,17.30,nan
06-Aug-25 7:35:00 PM AEST,nan,72.8,nan,nan,nan,nan,nan,nan,nan,nan,nan,nan
06-Aug-25 7:35:04 PM AEST,20.9,nan,nan,nan,nan,nan,nan,nan,nan,nan,nan,nan
06-Aug-25 7:36:00 PM AEST,nan,73.3,15.8,nan,nan,nan,nan,0.25,nan,2.50,17.20,nan
06-Aug-25 7:36:08 PM AEST,20.8,nan,nan,nan,nan,nan,nan,nan,nan,nan,nan,nan
06-Aug-25 7:37:00 PM AEST,nan,73.7,nan,nan,nan,nan,nan,nan,nan,nan,nan,nan
06-Aug-25 7:37:12 PM AEST,20.7,nan,nan,nan,nan,nan,nan,nan,nan,nan,nan,nan
06-Aug-25 7:38:00 PM AEST,nan,74.0,nan,nan,nan,nan,17.30,0.17,2.40,1.70,17.30,nan
06-Aug-25 7:39:00 PM AEST,20.6,nan,15.9,nan,nan,nan,17.20,0.09,nan,0.90,nan,nan
06-Aug-25 7:40:00 PM AEST,nan,nan,15.8,nan,nan,nan,nan,0.14,nan,1.40,17.20,nan
06-Aug-25 7:40:04 PM AEST,20.5,nan,nan,nan,nan,nan,nan,nan,nan,nan,nan,nan
06-Aug-25 7:41:00 PM AEST,nan,74.2,nan,nan,nan,nan,nan,0.13,nan,1.30,17.10,nan
06-Aug-25 7:42:00 PM AEST,nan,74.5,nan,nan,nan,nan,nan,0.01,1.20,0.10,14.90,nan
06-Aug-25 7:43:00 PM AEST,20.4,nan,nan,nan,nan,nan,nan,0.15,2.40,1.50,17.20,nan
06-Aug-25 7:44:00 PM AEST,nan,74.7,15.7,nan,nan,nan,nan,0.24,3.50,2.40,nan,nan
06-Aug-25 7:44:04 PM AEST,20.3,nan,nan,nan,nan,nan,nan,nan,nan,nan,nan,nan
06-Aug-25 7:45:00 PM AEST,nan,nan,15.6,nan,nan,nan,17.30,0.21,nan,2.10,17.30,nan
06-Aug-25 7:45:08 PM AEST,20.2,nan,nan,nan,nan,nan,nan,nan,nan,nan,nan,nan
06-Aug-25 7:46:00 PM AEST,nan,74.8,nan,nan,nan,nan,17.20,0.14,2.40,1.40,17.20,nan
06-Aug-25 7:46:12 PM AEST,20.1,nan,nan,nan,nan,nan,nan,nan,nan,nan,nan,nan
06-Aug-25 7:47:00 PM AEST,nan,75.0,nan,nan,nan,nan,17.30,0.08,nan,0.80,17.30,nan
06-Aug-25 7:47:16 PM AEST,20.0,nan,nan,nan,nan,nan,nan,nan,nan,nan,nan,nan
06-Aug-25 7:48:00 PM AEST,nan,75.5,15.5,nan,nan,nan,17.20,0.02,nan,0.20,16.80,nan
06-Aug-25 7:49:00 PM AEST,nan,nan,15.6,nan,nan,nan,nan,0.08,nan,0.80,16.90,nan
06-Aug-25 7:50:00 PM AEST,nan,nan,15.5,nan,nan,nan,nan,0.00,0.00,0.00,0.00,nan
06-Aug-25 7:52:00 PM AEST,19.9,nan,nan,nan,nan,nan,17.30,0.01,1.20,0.10,16.20,nan
06-Aug-25 7:53:00 PM AEST,nan,75.8,15.4,nan,nan,nan,17.20,0.06,nan,0.60,17.10,nan
06-Aug-25 7:53:04 PM AEST,19.8,nan,nan,nan,nan,nan,nan,nan,nan,nan,nan,nan
06-Aug-25 7:54:00 PM AEST,nan,nan,nan,nan,nan,nan,nan,0.00,0.00,0.00,0.00,0.80
06-Aug-25 7:55:00 PM AEST,19.7,76.2,nan,nan,nan,nan,nan,nan,nan,nan,nan,0.00
06-Aug-25 7:56:04 PM AEST,19.6,nan,nan,nan,nan,nan,nan,nan,nan,nan,nan,nan
06-Aug-25 7:57:00 PM AEST,nan,76.5,nan,nan,nan,nan,nan,nan,nan,nan,nan,nan
06-Aug-25 7:58:00 PM AEST,nan,76.3,nan,nan,nan,nan,nan,nan,nan,nan,nan,nan
06-Aug-25 7:59:00 PM AEST,nan,76.7,15.3,nan,nan,nan,nan,nan,nan,nan,nan,nan
06-Aug-25 8:00:00 PM AEST,19.5,nan,15.4,nan,nan,nan,nan,nan,nan,nan,nan,nan
06-Aug-25 8:00:44 PM AEST,nan,nan,nan,nan,nan,65.53,nan,nan,nan,nan,nan,nan
06-Aug-25 8:01:00 PM AEST,nan,77.0,15.3,nan,nan,nan,nan,nan,nan,nan,nan,nan
06-Aug-25 8:02:00 PM AEST,19.4,77.2,15.4,nan,nan,nan,nan,nan,nan,nan,nan,nan
06-Aug-25 8:03:00 PM AEST,nan,77.3,15.3,nan,nan,nan,17.30,nan,nan,nan,nan,nan
06-Aug-25 8:03:04 PM AEST,19.3,nan,nan,nan,nan,nan,nan,nan,nan,nan,nan,nan
06-Aug-25 8:04:00 PM AEST,nan,77.2,15.2,nan,nan,nan,17.20,nan,nan,nan,nan,nan
06-Aug-25 8:06:00 PM AEST,19.2,nan,nan,nan,nan,nan,17.30,nan,nan,nan,nan,nan
06-Aug-25 8:07:00 PM AEST,nan,77.3,15.1,nan,nan,nan,17.20,nan,nan,nan,nan,nan
06-Aug-25 8:08:00 PM AEST,nan,77.5,nan,nan,nan,nan,nan,nan,nan,nan,nan,nan
06-Aug-25 8:09:00 PM AEST,19.1,77.7,nan,nan,nan,nan,nan,nan,nan,nan,nan,nan
06-Aug-25 8:10:00 PM AEST,nan,78.0,nan,nan,nan,nan,nan,nan,nan,nan,nan,nan
06-Aug-25 8:10:04 PM AEST,19.0,nan,nan,nan,nan,nan,nan,nan,nan,nan,nan,nan
06-Aug-25 8:11:00 PM AEST,nan,78.2,nan,nan,nan,nan,nan,nan,nan,nan,nan,nan
06-Aug-25 8:12:00 PM AEST,nan,78.5,nan,nan,nan,nan,nan,nan,nan,nan,nan,nan
06-Aug-25 8:13:00 PM AEST,18.9,78.7,15.2,nan,nan,nan,nan,nan,nan,nan,nan,nan
06-Aug-25 8:14:00 PM AEST,nan,78.5,15.1,nan,nan,nan,nan,nan,nan,nan,nan,nan
06-Aug-25 8:15:00 PM AEST,nan,78.8,nan,nan,nan,nan,nan,nan,nan,nan,nan,nan
06-Aug-25 8:16:00 PM AEST,18.8,79.0,nan,nan,nan,nan,nan,nan,nan,nan,nan,nan
06-Aug-25 8:17:00 PM AEST,nan,79.2,nan,nan,nan,nan,nan,nan,nan,nan,nan,nan
06-Aug-25 8:18:00 PM AEST,nan,79.3,nan,nan,nan,nan,nan,nan,nan,nan,nan,nan
06-Aug-25 8:19:00 PM AEST,18.7,79.8,nan,nan,nan,nan,nan,nan,nan,nan,nan,nan
06-Aug-25 8:20:00 PM AEST,nan,80.0,15.2,nan,nan,nan,17.10,0.01,1.20,0.10,16.20,nan
06-Aug-25 8:21:00 PM AEST,18.6,80.2,15.1,nan,nan,nan,17.20,0.00,0.00,0.00,0.00,nan
06-Aug-25 8:22:00 PM AEST,nan,80.5,nan,nan,nan,nan,nan,nan,nan,nan,nan,nan
06-Aug-25 8:23:00 PM AEST,18.5,80.7,15.2,nan,nan,nan,nan,0.06,2.40,0.60,17.10,nan
06-Aug-25 8:24:00 PM AEST,nan,nan,15.1,nan,nan,nan,nan,0.05,nan,0.50,nan,nan
06-Aug-25 8:25:00 PM AEST,nan,81.0,nan,nan,nan,nan,17.30,0.15,nan,1.50,17.30,nan
06-Aug-25 8:26:00 PM AEST,18.4,80.8,15.2,nan,nan,nan,17.20,0.00,0.00,0.00,0.00,nan
06-Aug-25 8:27:00 PM AEST,nan,81.3,15.1,nan,nan,nan,17.30,nan,nan,nan,nan,nan
06-Aug-25 8:28:00 PM AEST,nan,81.5,15.2,nan,nan,nan,17.20,nan,nan,nan,nan,nan
06-Aug-25 8:29:00 PM AEST,nan,81.7,nan,nan,nan,nan,17.30,nan,nan,nan,nan,nan
06-Aug-25 8:30:00 PM AEST,18.3,nan,nan,nan,nan,nan,17.20,nan,nan,nan,nan,nan
06-Aug-25 8:31:00 PM AEST,nan,nan,15.1,nan,nan,nan,nan,nan,nan,nan,nan,0.80
06-Aug-25 8:32:00 PM AEST,nan,nan,nan,nan,nan,nan,100.60,0.21,4.70,1.60,136.20,0.00
06-Aug-25 8:33:00 PM AEST,nan,81.8,nan,nan,nan,nan,159.90,0.09,3.50,0.90,159.80,nan
06-Aug-25 8:34:00 PM AEST,nan,82.0,15.2,nan,nan,nan,159.80,0.00,0.00,0.00,0.00,nan
06-Aug-25 8:35:00 PM AEST,nan,82.2,15.1,nan,nan,nan,159.90,nan,nan,nan,nan,nan
06-Aug-25 8:36:00 PM AEST,nan,nan,15.2,nan,nan,nan,nan,nan,nan,nan,nan,nan
06-Aug-25 8:37:00 PM AEST,18.2,82.3,nan,nan,nan,nan,nan,nan,nan,nan,nan,nan
06-Aug-25 8:38:00 PM AEST,nan,82.5,nan,nan,nan,nan,nan,0.02,2.40,0.20,160.50,nan
06-Aug-25 8:38:04 PM AEST,18.3,nan,nan,nan,nan,nan,nan,nan,nan,nan,nan,nan
06-Aug-25 8:38:04 PM AEST,18.2,nan,nan,nan,nan,nan,nan,nan,nan,nan,nan,nan
06-Aug-25 8:39:00 PM AEST,nan,nan,nan,nan,nan,nan,159.60,0.24,3.50,2.40,159.60,nan
06-Aug-25 8:40:00 PM AEST,nan,82.8,nan,nan,nan,nan,159.50,0.10,2.40,1.00,159.70,nan
06-Aug-25 8:41:00 PM AEST,18.3,nan,nan,nan,nan,nan,nan,0.02,1.20,0.20,nan,nan
06-Aug-25 8:42:00 PM AEST,nan,83.0,15.3,nan,nan,nan,nan,0.10,2.40,1.00,159.50,nan
06-Aug-25 8:43:00 PM AEST,nan,nan,nan,nan,nan,nan,nan,0.01,1.20,0.10,160.50,nan
06-Aug-25 8:44:00 PM AEST,18.2,83.2,nan,nan,nan,nan,159.40,0.08,2.40,0.80,159.60,nan
06-Aug-25 8:45:00 PM AEST,nan,nan,nan,nan,nan,nan,159.50,0.04,nan,0.40,159.90,nan
06-Aug-25 8:45:04 PM AEST,18.3,nan,nan,nan,nan,nan,nan,nan,nan,nan,nan,nan
06-Aug-25 8:46:00 PM AEST,nan,83.5,15.4,nan,nan,nan,159.40,0.00,0.00,0.00,0.00,nan
06-Aug-25 8:46:08 PM AEST,18.2,nan,nan,nan,nan,nan,nan,nan,nan,nan,nan,nan
06-Aug-25 8:47:00 PM AEST,nan,83.3,nan,nan,nan,nan,159.50,nan,nan,nan,nan,nan
06-Aug-25 8:48:00 PM AEST,nan,83.5,nan,nan,nan,nan,nan,nan,nan,nan,nan,nan
06-Aug-25 8:49:00 PM AEST,18.3,83.7,nan,nan,nan,nan,nan,nan,nan,nan,nan,nan
06-Aug-25 8:50:00 PM AEST,nan,nan,15.5,nan,nan,nan,nan,nan,nan,nan,nan,nan
06-Aug-25 8:50:04 PM AEST,18.2,nan,nan,nan,nan,nan,nan,nan,nan,nan,nan,nan
06-Aug-25 8:51:00 PM AEST,nan,83.8,15.4,nan,nan,nan,nan,0.01,1.20,0.10,161.60,nan
06-Aug-25 8:53:00 PM AEST,nan,84.0,nan,nan,nan,nan,nan,0.00,0.00,0.00,0.00,nan
06-Aug-25 8:54:00 PM AEST,nan,84.2,nan,nan,nan,nan,nan,nan,nan,nan,nan,nan
06-Aug-25 8:55:00 PM AEST,nan,84.3,15.5,nan,nan,nan,nan,nan,nan,nan,nan,nan
06-Aug-25 8:56:00 PM AEST,nan,84.2,nan,nan,nan,nan,nan,0.01,1.20,0.10,161.60,nan
06-Aug-25 8:57:00 PM AEST,nan,84.5,nan,nan,nan,nan,nan,0.00,0.00,0.00,0.00,nan
06-Aug-25 8:58:00 PM AEST,nan,84.3,nan,nan,nan,nan,nan,nan,nan,nan,nan,nan
06-Aug-25 8:59:00 PM AEST,nan,84.7,nan,nan,nan,nan,nan,nan,nan,nan,nan,nan
06-Aug-25 9:00:00 PM AEST,nan,nan,15.6,nan,nan,nan,nan,nan,nan,nan,nan,nan
06-Aug-25 9:00:48 PM AEST,nan,nan,nan,nan,nan,65.53,nan,nan,nan,nan,nan,nan
06-Aug-25 9:01:00 PM AEST,nan,84.8,15.5,nan,nan,nan,nan,nan,nan,nan,nan,nan
06-Aug-25 9:02:00 PM AEST,nan,nan,15.6,nan,nan,nan,159.40,nan,nan,nan,nan,nan
06-Aug-25 9:03:00 PM AEST,nan,nan,nan,nan,nan,nan,159.50,nan,nan,nan,nan,nan
06-Aug-25 9:05:00 PM AEST,18.3,85.2,nan,nan,nan,nan,nan,nan,nan,nan,nan,nan
06-Aug-25 9:06:00 PM AEST,nan,85.3,15.7,nan,nan,nan,nan,nan,nan,nan,nan,0.80
06-Aug-25 9:07:00 PM AEST,nan,85.2,15.8,nan,nan,nan,nan,nan,nan,nan,nan,0.00
06-Aug-25 9:09:00 PM AEST,nan,nan,15.7,nan,nan,nan,nan,nan,nan,nan,nan,nan
06-Aug-25 9:12:00 PM AEST,nan,85.3,15.8,nan,nan,nan,nan,nan,nan,nan,nan,nan
06-Aug-25 9:13:00 PM AEST,nan,85.2,nan,nan,nan,nan,nan,nan,nan,nan,nan,nan
06-Aug-25 9:14:00 PM AEST,nan,85.3,nan,nan,nan,nan,nan,nan,nan,nan,nan,nan
06-Aug-25 9:15:00 PM AEST,18.4,85.5,nan,nan,nan,nan,nan,nan,nan,nan,nan,nan
06-Aug-25 9:16:00 PM AEST,nan,nan,15.9,nan,nan,nan,nan,nan,nan,nan,nan,nan
06-Aug-25 9:17:00 PM AEST,18.5,nan,16.0,nan,nan,nan,nan,nan,nan,nan,nan,nan
06-Aug-25 9:18:04 PM AEST,18.4,nan,nan,nan,nan,nan,nan,nan,nan,nan,nan,nan
06-Aug-25 9:19:00 PM AEST,nan,85.3,15.9,nan,nan,nan,nan,nan,nan,nan,nan,nan
06-Aug-25 9:20:00 PM AEST,18.3,nan,nan,nan,nan,nan,nan,nan,nan,nan,nan,nan
06-Aug-25 9:21:00 PM AEST,nan,nan,15.8,nan,nan,nan,nan,nan,nan,nan,nan,nan
06-Aug-25 9:22:00 PM AEST,nan,85.5,nan,nan,nan,nan,nan,nan,nan,nan,nan,nan
06-Aug-25 9:24:00 PM AEST,18.2,85.7,nan,nan,nan,nan,nan,nan,nan,nan,nan,nan
06-Aug-25 9:25:00 PM AEST,nan,nan,nan,nan,nan,nan,159.40,nan,nan,nan,nan,nan
06-Aug-25 9:26:00 PM AEST,nan,nan,nan,nan,nan,nan,159.50,nan,nan,nan,nan,nan
06-Aug-25 9:27:00 PM AEST,18.1,85.8,15.7,nan,nan,nan,nan,nan,nan,nan,nan,nan
06-Aug-25 9:31:00 PM AEST,nan,86.2,nan,nan,nan,nan,nan,nan,nan,nan,nan,nan
06-Aug-25 9:32:00 PM AEST,18.0,86.3,nan,nan,nan,nan,nan,nan,nan,nan,nan,nan
06-Aug-25 9:33:00 PM AEST,nan,86.2,nan,nan,nan,nan,nan,nan,nan,nan,nan,nan
06-Aug-25 9:34:00 PM AEST,nan,86.3,nan,nan,nan,nan,nan,nan,nan,nan,nan,nan
06-Aug-25 9:35:00 PM AEST,nan,86.2,nan,nan,nan,nan,nan,nan,nan,nan,nan,nan
06-Aug-25 9:36:00 PM AEST,17.9,86.5,15.6,nan,nan,nan,nan,nan,nan,nan,nan,nan
06-Aug-25 9:37:00 PM AEST,nan,86.3,nan,nan,nan,nan,nan,nan,nan,nan,nan,nan
06-Aug-25 9:38:00 PM AEST,nan,86.2,nan,nan,nan,nan,nan,nan,nan,nan,nan,nan
06-Aug-25 9:39:00 PM AEST,17.8,86.5,15.5,nan,nan,nan,nan,nan,nan,nan,nan,nan
06-Aug-25 9:41:00 PM AEST,17.7,86.7,nan,nan,nan,nan,nan,nan,nan,nan,nan,nan
06-Aug-25 9:42:00 PM AEST,nan,nan,nan,nan,nan,nan,nan,0.01,1.20,0.10,161.60,nan
06-Aug-25 9:43:00 PM AEST,nan,86.8,15.4,nan,nan,nan,nan,nan,nan,nan,nan,0.80
06-Aug-25 9:44:00 PM AEST,17.6,nan,15.5,nan,nan,nan,nan,0.00,0.00,0.00,0.00,0.00
06-Aug-25 9:45:00 PM AEST,nan,nan,15.4,nan,nan,nan,nan,0.01,1.20,0.10,161.60,nan
06-Aug-25 9:46:00 PM AEST,17.5,87.0,15.3,nan,nan,nan,nan,0.00,0.00,0.00,0.00,nan
06-Aug-25 9:47:00 PM AEST,nan,87.2,nan,nan,nan,nan,nan,nan,nan,nan,nan,nan
06-Aug-25 9:48:00 PM AEST,nan,87.3,nan,nan,nan,nan,nan,nan,nan,nan,nan,nan
06-Aug-25 9:49:00 PM AEST,nan,nan,15.4,nan,nan,nan,nan,nan,nan,nan,nan,nan
06-Aug-25 9:50:00 PM AEST,nan,87.5,nan,nan,nan,nan,nan,nan,nan,nan,nan,nan
06-Aug-25 9:51:00 PM AEST,17.4,87.7,nan,nan,nan,nan,nan,nan,nan,nan,nan,nan
06-Aug-25 9:52:00 PM AEST,nan,87.8,nan,nan,nan,nan,159.40,nan,nan,nan,nan,nan
06-Aug-25 9:52:04 PM AEST,17.5,nan,nan,nan,nan,nan,nan,nan,nan,nan,nan,nan
06-Aug-25 9:52:04 PM AEST,17.4,nan,nan,nan,nan,nan,nan,nan,nan,nan,nan,nan
06-Aug-25 9:53:00 PM AEST,nan,nan,nan,nan,nan,nan,159.50,nan,nan,nan,nan,nan
06-Aug-25 9:54:00 PM AEST,nan,88.0,nan,nan,nan,nan,nan,nan,nan,nan,nan,nan
06-Aug-25 9:55:00 PM AEST,nan,87.8,nan,nan,nan,nan,nan,nan,nan,nan,nan,nan
06-Aug-25 9:56:00 PM AEST,17.3,88.0,15.3,nan,nan,nan,nan,nan,nan,nan,nan,nan
06-Aug-25 9:58:00 PM AEST,nan,88.2,nan,nan,nan,nan,nan,nan,nan,nan,nan,nan
06-Aug-25 10:00:00 PM AEST,nan,88.5,nan,nan,nan,nan,nan,nan,nan,nan,nan,nan
06-Aug-25 10:00:52 PM AEST,nan,nan,nan,nan,nan,65.53,nan,nan,nan,nan,nan,nan
06-Aug-25 10:01:00 PM AEST,nan,88.3,nan,nan,nan,nan,nan,nan,nan,nan,nan,nan
06-Aug-25 10:02:00 PM AEST,nan,88.5,nan,nan,nan,nan,nan,nan,nan,nan,nan,nan
06-Aug-25 10:03:00 PM AEST,17.2,88.3,nan,nan,nan,nan,nan,nan,nan,nan,nan,nan
06-Aug-25 10:04:00 PM AEST,nan,88.5,15.2,nan,nan,nan,nan,nan,nan,nan,nan,nan
06-Aug-25 10:05:00 PM AEST,nan,nan,15.3,nan,nan,nan,nan,nan,nan,nan,nan,nan
06-Aug-25 10:06:00 PM AEST,nan,88.7,nan,nan,nan,nan,nan,nan,nan,nan,nan,nan
06-Aug-25 10:08:00 PM AEST,nan,nan,nan,nan,nan,nan,159.40,nan,nan,nan,nan,nan
06-Aug-25 10:09:00 PM AEST,17.1,88.8,nan,nan,nan,nan,159.50,nan,nan,nan,nan,nan
06-Aug-25 10:10:00 PM AEST,nan,88.7,nan,nan,nan,nan,nan,nan,nan,nan,nan,nan
06-Aug-25 10:11:00 PM AEST,nan,88.8,15.2,nan,nan,nan,nan,nan,nan,nan,nan,nan
06-Aug-25 10:12:00 PM AEST,nan,89.0,15.3,nan,nan,nan,nan,nan,nan,nan,nan,nan
06-Aug-25 10:13:00 PM AEST,nan,89.2,nan,nan,nan,nan,nan,0.01,1.20,0.10,161.60,nan
06-Aug-25 10:14:00 PM AEST,nan,nan,nan,nan,nan,nan,nan,0.00,0.00,0.00,0.00,nan
06-Aug-25 10:15:00 PM AEST,nan,89.0,nan,nan,nan,nan,nan,nan,nan,nan,nan,nan
06-Aug-25 10:16:00 PM AEST,nan,89.3,nan,nan,nan,nan,nan,nan,nan,nan,nan,nan
06-Aug-25 10:17:00 PM AEST,nan,89.2,nan,nan,nan,nan,nan,nan,nan,nan,nan,nan
06-Aug-25 10:18:00 PM AEST,nan,89.3,nan,nan,nan,nan,nan,nan,nan,nan,nan,nan
06-Aug-25 10:19:00 PM AEST,nan,89.5,nan,nan,nan,nan,nan,nan,nan,nan,nan,nan
06-Aug-25 10:20:00 PM AEST,nan,89.3,nan,nan,nan,nan,nan,nan,nan,nan,nan,0.80
06-Aug-25 10:21:00 PM AEST,nan,89.2,nan,nan,nan,nan,nan,nan,nan,nan,nan,0.00
06-Aug-25 10:22:00 PM AEST,17.0,89.3,nan,nan,nan,nan,nan,nan,nan,nan,nan,nan
06-Aug-25 10:23:04 PM AEST,17.1,nan,nan,nan,nan,nan,nan,nan,nan,nan,nan,nan
06-Aug-25 10:24:08 PM AEST,17.0,nan,nan,nan,nan,nan,nan,nan,nan,nan,nan,nan
06-Aug-25 10:25:00 PM AEST,nan,89.5,nan,nan,nan,nan,nan,nan,nan,nan,nan,nan
06-Aug-25 10:27:00 PM AEST,nan,89.7,nan,nan,nan,nan,159.40,nan,nan,nan,nan,nan
06-Aug-25 10:28:00 PM AEST,nan,89.5,nan,nan,nan,nan,159.50,nan,nan,nan,nan,nan
06-Aug-25 10:30:00 PM AEST,nan,89.7,nan,nan,nan,nan,nan,nan,nan,nan,nan,nan
06-Aug-25 10:32:00 PM AEST,nan,89.8,nan,nan,nan,nan,nan,nan,nan,nan,nan,nan
06-Aug-25 10:33:00 PM AEST,nan,89.7,nan,nan,nan,nan,nan,nan,nan,nan,nan,nan
06-Aug-25 10:34:00 PM AEST,nan,89.8,nan,nan,nan,nan,nan,nan,nan,nan,nan,nan
06-Aug-25 10:35:00 PM AEST,nan,89.7,nan,nan,nan,nan,nan,nan,nan,nan,nan,nan
06-Aug-25 10:36:00 PM AEST,16.9,89.8,nan,nan,nan,nan,nan,nan,nan,nan,nan,nan
06-Aug-25 10:37:00 PM AEST,nan,nan,nan,nan,nan,nan,nan,0.01,1.20,0.10,161.60,nan
06-Aug-25 10:37:04 PM AEST,17.0,nan,nan,nan,nan,nan,nan,nan,nan,nan,nan,nan
06-Aug-25 10:38:00 PM AEST,nan,90.3,nan,nan,nan,nan,nan,0.03,nan,0.30,159.60,nan
06-Aug-25 10:38:08 PM AEST,17.1,nan,nan,nan,nan,nan,nan,nan,nan,nan,nan,nan
06-Aug-25 10:38:08 PM AEST,17.2,nan,nan,nan,nan,nan,nan,nan,nan,nan,nan,nan
06-Aug-25 10:39:00 PM AEST,nan,90.2,15.5,nan,nan,nan,nan,0.13,3.50,1.30,159.40,nan
06-Aug-25 10:40:00 PM AEST,nan,90.3,nan,nan,nan,nan,nan,0.04,2.40,0.40,159.80,nan
06-Aug-25 10:41:00 PM AEST,nan,nan,15.6,nan,nan,nan,nan,0.00,0.00,0.00,0.00,nan
06-Aug-25 10:42:00 PM AEST,nan,90.2,nan,nan,nan,nan,158.20,0.05,4.70,0.50,153.60,nan
06-Aug-25 10:43:00 PM AEST,17.4,90.3,nan,nan,nan,nan,354.30,0.29,nan,2.60,354.90,nan
06-Aug-25 10:44:00 PM AEST,nan,90.5,15.8,nan,nan,nan,1.80,0.11,3.50,1.10,1.50,nan
06-Aug-25 10:44:04 PM AEST,17.5,nan,nan,nan,nan,nan,nan,nan,nan,nan,nan,nan
06-Aug-25 10:45:00 PM AEST,nan,90.3,15.9,nan,nan,nan,nan,0.01,2.40,0.10,0.00,nan
06-Aug-25 10:46:00 PM AEST,nan,nan,nan,nan,nan,nan,nan,0.07,nan,0.60,1.90,nan
06-Aug-25 10:47:00 PM AEST,nan,90.0,nan,nan,nan,nan,nan,0.03,1.20,0.30,1.40,nan
06-Aug-25 10:48:00 PM AEST,nan,nan,15.8,nan,nan,nan,nan,0.00,0.00,0.00,0.00,nan
06-Aug-25 10:49:00 PM AEST,17.4,89.8,nan,nan,nan,nan,nan,0.02,1.20,0.20,1.70,nan
06-Aug-25 10:50:00 PM AEST,nan,89.7,15.7,nan,nan,nan,nan,nan,nan,nan,1.20,nan
06-Aug-25 10:51:00 PM AEST,nan,89.5,nan,nan,nan,nan,1.70,0.00,0.00,0.00,0.00,nan
06-Aug-25 10:52:00 PM AEST,17.3,nan,15.6,nan,nan,nan,1.80,0.06,2.40,0.60,1.70,nan
06-Aug-25 10:53:00 PM AEST,nan,89.3,nan,nan,nan,nan,nan,0.00,0.00,0.00,0.00,nan
06-Aug-25 10:54:00 PM AEST,nan,nan,15.5,nan,nan,nan,nan,nan,nan,nan,nan,nan
06-Aug-25 10:55:00 PM AEST,nan,89.5,nan,nan,nan,nan,nan,0.03,1.20,0.30,1.40,nan
06-Aug-25 10:56:00 PM AEST,17.2,89.3,nan,nan,nan,nan,nan,0.01,nan,0.10,0.00,0.80
06-Aug-25 10:57:00 PM AEST,nan,nan,nan,nan,nan,nan,nan,0.00,0.00,0.00,nan,0.00
06-Aug-25 10:58:00 PM AEST,nan,nan,nan,nan,nan,nan,nan,0.02,1.20,0.20,1.20,nan
06-Aug-25 10:59:00 PM AEST,nan,89.5,15.4,nan,nan,nan,nan,0.07,2.40,0.60,1.60,nan
06-Aug-25 11:00:00 PM AEST,17.1,89.3,15.5,nan,nan,nan,nan,0.00,0.00,0.00,0.00,nan
06-Aug-25 11:01:00 PM AEST,nan,nan,15.4,nan,nan,nan,nan,0.11,2.40,1.10,1.70,nan
06-Aug-25 11:02:00 PM AEST,nan,89.5,15.3,nan,nan,nan,nan,0.01,1.20,0.10,0.00,nan
06-Aug-25 11:03:00 PM AEST,nan,nan,nan,nan,nan,nan,nan,0.00,0.00,0.00,nan,nan
06-Aug-25 11:04:00 PM AEST,17.0,nan,nan,nan,nan,nan,1.70,nan,nan,nan,nan,nan
06-Aug-25 11:05:00 PM AEST,nan,nan,nan,nan,nan,nan,1.80,nan,nan,nan,nan,nan
06-Aug-25 11:06:00 PM AEST,nan,89.7,nan,nan,nan,nan,nan,nan,nan,nan,nan,nan
06-Aug-25 11:07:00 PM AEST,nan,89.5,nan,nan,nan,nan,nan,nan,nan,nan,nan,nan
06-Aug-25 11:08:00 PM AEST,nan,89.7,nan,nan,nan,nan,nan,nan,nan,nan,nan,nan
06-Aug-25 11:09:00 PM AEST,16.9,nan,nan,nan,nan,nan,nan,nan,nan,nan,nan,nan
06-Aug-25 11:10:00 PM AEST,nan,nan,15.2,nan,nan,nan,nan,nan,nan,nan,nan,nan
06-Aug-25 11:11:00 PM AEST,nan,89.8,nan,nan,nan,nan,nan,nan,nan,nan,nan,nan
06-Aug-25 11:12:00 PM AEST,17.0,90.0,15.3,nan,nan,nan,nan,nan,nan,nan,nan,nan
06-Aug-25 11:13:04 PM AEST,16.9,nan,nan,nan,nan,nan,nan,nan,nan,nan,nan,nan
06-Aug-25 11:14:00 PM AEST,nan,nan,15.2,nan,nan,nan,nan,0.01,1.20,0.10,nan,nan
06-Aug-25 11:14:08 PM AEST,16.8,nan,nan,nan,nan,nan,nan,nan,nan,nan,nan,nan
06-Aug-25 11:15:00 PM AEST,nan,nan,nan,nan,nan,nan,nan,0.11,2.40,1.10,1.80,nan
06-Aug-25 11:16:00 PM AEST,nan,nan,nan,nan,nan,nan,nan,0.01,1.20,0.10,1.70,nan
06-Aug-25 11:17:00 PM AEST,16.7,nan,15.1,nan,nan,nan,nan,0.02,nan,0.20,1.20,nan
06-Aug-25 11:18:00 PM AEST,nan,nan,nan,nan,nan,nan,nan,0.03,nan,0.30,2.10,nan
06-Aug-25 11:19:00 PM AEST,nan,90.2,nan,nan,nan,nan,nan,0.02,nan,0.20,0.90,nan
06-Aug-25 11:20:00 PM AEST,nan,90.3,nan,nan,nan,nan,nan,0.00,0.00,0.00,0.00,nan
06-Aug-25 11:21:00 PM AEST,nan,nan,nan,nan,nan,nan,nan,0.05,1.20,0.50,1.30,nan
06-Aug-25 11:22:00 PM AEST,nan,90.7,nan,nan,nan,nan,nan,0.01,nan,0.10,0.00,nan
06-Aug-25 11:23:00 PM AEST,nan,90.5,15.2,nan,nan,nan,nan,nan,nan,nan,nan,nan
06-Aug-25 11:24:00 PM AEST,nan,90.7,nan,nan,nan,nan,nan,0.02,nan,0.20,1.20,nan
06-Aug-25 11:25:00 PM AEST,16.8,nan,nan,nan,nan,nan,nan,0.11,3.50,1.10,1.80,nan
06-Aug-25 11:26:00 PM AEST,nan,90.8,nan,nan,nan,nan,nan,0.18,nan,1.80,2.00,nan
06-Aug-25 11:26:04 PM AEST,16.7,nan,nan,nan,nan,nan,nan,nan,nan,nan,nan,nan
06-Aug-25 11:27:00 PM AEST,nan,90.7,nan,nan,nan,nan,nan,0.00,0.00,0.00,0.00,nan
06-Aug-25 11:28:00 PM AEST,nan,nan,nan,nan,nan,nan,nan,0.03,1.20,0.30,1.40,nan
06-Aug-25 11:29:00 PM AEST,nan,90.8,15.1,nan,nan,nan,nan,0.16,3.50,1.60,1.80,nan
06-Aug-25 11:30:00 PM AEST,nan,91.0,15.2,nan,nan,nan,nan,0.06,2.40,0.60,1.70,nan
06-Aug-25 11:31:00 PM AEST,nan,90.8,15.3,nan,nan,nan,nan,0.14,nan,1.40,1.80,nan
06-Aug-25 11:32:00 PM AEST,nan,91.0,15.2,nan,nan,nan,nan,0.01,1.20,0.10,1.70,0.80
06-Aug-25 11:33:00 PM AEST,nan,90.8,nan,nan,nan,nan,1.90,0.05,nan,0.50,nan,0.00
06-Aug-25 11:34:00 PM AEST,nan,91.0,nan,nan,nan,nan,1.80,0.00,0.00,0.00,0.00,nan
06-Aug-25 11:35:00 PM AEST,nan,nan,nan,nan,nan,nan,nan,0.01,1.20,0.10,nan,nan
06-Aug-25 11:36:00 PM AEST,nan,91.2,nan,nan,nan,nan,nan,0.09,3.50,0.90,1.80,nan
06-Aug-25 11:37:00 PM AEST,nan,91.3,nan,nan,nan,nan,nan,0.05,2.40,0.50,1.70,nan
06-Aug-25 11:38:00 PM AEST,nan,nan,15.3,nan,nan,nan,nan,0.18,3.50,1.80,1.90,nan
06-Aug-25 11:39:00 PM AEST,nan,nan,nan,nan,nan,nan,nan,0.00,0.00,0.00,0.00,nan
06-Aug-25 11:40:00 PM AEST,nan,91.2,nan,nan,nan,nan,nan,0.09,2.40,0.90,1.80,nan
06-Aug-25 11:41:00 PM AEST,nan,91.3,15.2,nan,nan,nan,nan,0.00,0.00,0.00,0.00,nan
06-Aug-25 11:42:00 PM AEST,16.6,91.2,nan,nan,nan,nan,nan,nan,nan,nan,nan,nan
06-Aug-25 11:43:00 PM AEST,nan,nan,nan,nan,nan,nan,nan,0.01,1.20,0.10,nan,nan
06-Aug-25 11:43:04 PM AEST,16.7,nan,nan,nan,nan,nan,nan,nan,nan,nan,nan,nan
06-Aug-25 11:44:00 PM AEST,nan,91.3,nan,nan,nan,nan,nan,0.03,3.50,0.30,1.40,nan
06-Aug-25 11:44:08 PM AEST,16.6,nan,nan,nan,nan,nan,nan,nan,nan,nan,nan,nan
06-Aug-25 11:45:00 PM AEST,nan,nan,nan,nan,nan,nan,nan,0.13,nan,1.30,1.70,nan
06-Aug-25 11:46:00 PM AEST,nan,91.2,nan,nan,nan,nan,nan,0.00,0.00,0.00,0.00,nan
06-Aug-25 11:47:00 PM AEST,nan,91.3,nan,nan,nan,nan,nan,0.04,1.20,0.40,1.70,nan
06-Aug-25 11:48:00 PM AEST,nan,nan,15.1,nan,nan,nan,nan,0.02,nan,0.20,1.20,nan
06-Aug-25 11:49:00 PM AEST,16.5,nan,15.2,nan,nan,nan,nan,0.00,0.00,0.00,0.00,nan
06-Aug-25 11:50:00 PM AEST,nan,nan,15.1,nan,nan,nan,nan,0.07,2.40,0.60,1.60,nan
06-Aug-25 11:50:04 PM AEST,16.6,nan,nan,nan,nan,nan,nan,nan,nan,nan,nan,nan
06-Aug-25 11:51:00 PM AEST,nan,nan,nan,nan,nan,nan,nan,0.00,0.00,0.00,0.00,nan
06-Aug-25 11:51:08 PM AEST,16.5,nan,nan,nan,nan,nan,nan,nan,nan,nan,nan,nan
06-Aug-25 11:52:00 PM AEST,nan,91.5,nan,nan,nan,nan,nan,0.04,1.20,0.40,1.70,nan
06-Aug-25 11:53:00 PM AEST,nan,91.7,nan,nan,nan,nan,nan,0.05,3.50,0.50,1.30,nan
06-Aug-25 11:54:00 PM AEST,nan,91.5,15.2,nan,nan,nan,nan,0.22,nan,2.20,1.90,nan
06-Aug-25 11:55:00 PM AEST,nan,91.7,15.1,nan,nan,nan,nan,0.01,1.20,0.10,0.00,nan
06-Aug-25 11:56:00 PM AEST,nan,nan,15.2,nan,nan,nan,nan,0.05,2.40,0.50,1.30,nan
06-Aug-25 11:57:00 PM AEST,nan,91.5,15.1,nan,nan,nan,nan,0.15,3.50,1.50,1.80,nan
06-Aug-25 11:58:00 PM AEST,nan,91.8,nan,nan,nan,nan,nan,0.01,1.20,0.10,0.00,nan
06-Aug-25 11:59:00 PM AEST,nan,nan,nan,nan,nan,nan,nan,nan,nan,nan,1.70,6553.30
07-Aug-25 12:00:00 AM AEST,nan,nan,nan,nan,nan,nan,nan,0.00,0.00,0.00,0.00,0.00
07-Aug-25 12:01:00 AM AEST,nan,91.7,nan,nan,nan,nan,nan,0.01,1.20,0.10,nan,nan
07-Aug-25 12:02:00 AM AEST,16.4,91.8,nan,nan,nan,nan,nan,0.02,nan,0.20,0.90,nan
07-Aug-25 12:03:00 AM AEST,nan,92.0,nan,nan,nan,nan,nan,0.08,nan,0.80,1.60,nan
07-Aug-25 12:03:04 AM AEST,16.5,nan,nan,nan,nan,nan,nan,nan,nan,nan,nan,nan
07-Aug-25 12:04:00 AM AEST,nan,nan,15.2,nan,nan,nan,nan,0.00,0.00,0.00,0.00,nan
07-Aug-25 12:04:08 AM AEST,16.4,nan,nan,nan,nan,nan,nan,nan,nan,nan,nan,nan
07-Aug-25 12:05:00 AM AEST,nan,92.2,nan,nan,nan,nan,nan,nan,nan,nan,nan,nan
07-Aug-25 12:06:00 AM AEST,nan,92.0,nan,nan,nan,nan,1.70,nan,nan,nan,nan,nan
07-Aug-25 12:07:00 AM AEST,nan,92.2,15.1,nan,nan,nan,1.80,nan,nan,nan,nan,nan
07-Aug-25 12:08:00 AM AEST,nan,92.0,15.2,nan,nan,nan,nan,nan,nan,nan,nan,0.80
07-Aug-25 12:09:00 AM AEST,nan,nan,15.1,nan,nan,nan,nan,nan,nan,nan,nan,0.00
07-Aug-25 12:11:00 AM AEST,nan,92.2,nan,nan,nan,nan,nan,nan,nan,nan,nan,nan
07-Aug-25 12:13:00 AM AEST,nan,nan,nan,nan,nan,nan,nan,0.01,1.20,0.10,nan,nan
07-Aug-25 12:14:00 AM AEST,16.3,nan,nan,nan,nan,nan,nan,0.00,0.00,0.00,nan,nan
07-Aug-25 12:15:00 AM AEST,nan,nan,nan,nan,nan,nan,nan,0.01,1.20,0.10,1.70,nan
07-Aug-25 12:16:00 AM AEST,nan,nan,15.0,nan,nan,nan,nan,0.09,2.40,0.90,nan,nan
07-Aug-25 12:17:00 AM AEST,nan,nan,15.1,nan,nan,nan,nan,nan,1.20,nan,nan,nan
07-Aug-25 12:18:00 AM AEST,nan,92.3,15.0,nan,nan,nan,nan,nan,2.40,nan,1.80,nan
07-Aug-25 12:19:00 AM AEST,nan,nan,15.1,nan,nan,nan,nan,0.00,0.00,0.00,0.00,nan
07-Aug-25 12:21:00 AM AEST,nan,92.5,15.0,nan,nan,nan,nan,nan,nan,nan,nan,nan
07-Aug-25 12:23:00 AM AEST,nan,nan,15.1,nan,nan,nan,nan,nan,nan,nan,nan,nan
07-Aug-25 12:25:00 AM AEST,nan,nan,15.0,nan,nan,nan,nan,0.03,1.20,0.30,1.40,nan
07-Aug-25 12:26:00 AM AEST,nan,92.7,nan,nan,nan,nan,nan,0.07,2.40,0.70,nan,nan
07-Aug-25 12:27:00 AM AEST,nan,nan,15.1,nan,nan,nan,nan,0.00,0.00,0.00,0.00,nan
07-Aug-25 12:28:00 AM AEST,16.2,nan,nan,nan,nan,nan,nan,nan,nan,nan,nan,nan
07-Aug-25 12:29:00 AM AEST,nan,92.8,15.0,nan,nan,nan,nan,0.08,2.40,0.80,1.60,nan
07-Aug-25 12:29:04 AM AEST,16.3,nan,nan,nan,nan,nan,nan,nan,nan,nan,nan,nan
07-Aug-25 12:30:00 AM AEST,nan,92.7,15.1,nan,nan,nan,nan,0.19,3.50,1.90,1.80,nan
07-Aug-25 12:31:00 AM AEST,nan,93.0,nan,nan,nan,nan,1.70,0.00,1.20,0.00,0.00,nan
07-Aug-25 12:32:00 AM AEST,nan,92.8,nan,nan,nan,nan,1.80,nan,0.00,nan,nan,nan
07-Aug-25 12:33:00 AM AEST,16.2,nan,nan,nan,nan,nan,nan,0.05,2.40,0.50,2.20,nan
07-Aug-25 12:34:00 AM AEST,nan,nan,nan,nan,nan,nan,nan,0.21,3.50,2.10,1.80,nan
07-Aug-25 12:34:04 AM AEST,16.3,nan,nan,nan,nan,nan,nan,nan,nan,nan,nan,nan
07-Aug-25 12:35:00 AM AEST,nan,93.0,nan,nan,nan,nan,nan,0.01,1.20,0.10,0.00,nan
07-Aug-25 12:35:08 AM AEST,16.2,nan,nan,nan,nan,nan,nan,nan,nan,nan,nan,nan
07-Aug-25 12:36:00 AM AEST,nan,92.8,nan,nan,nan,nan,nan,0.00,0.00,0.00,nan,nan
07-Aug-25 12:37:00 AM AEST,nan,93.0,nan,nan,nan,nan,nan,0.01,1.20,0.10,nan,nan
07-Aug-25 12:38:00 AM AEST,nan,92.8,15.0,nan,nan,nan,nan,0.04,nan,0.40,1.70,nan
07-Aug-25 12:39:00 AM AEST,nan,nan,nan,nan,nan,nan,nan,0.02,nan,0.20,nan,nan
07-Aug-25 12:40:00 AM AEST,nan,93.0,nan,nan,nan,nan,nan,0.00,0.00,0.00,0.00,nan
07-Aug-25 12:41:00 AM AEST,nan,92.8,15.1,nan,nan,nan,nan,nan,nan,nan,nan,nan
07-Aug-25 12:42:00 AM AEST,nan,93.2,15.0,nan,nan,nan,nan,nan,nan,nan,nan,nan
07-Aug-25 12:43:00 AM AEST,nan,93.0,15.1,nan,nan,nan,nan,nan,nan,nan,nan,nan
07-Aug-25 12:44:00 AM AEST,nan,92.8,15.0,nan,nan,nan,nan,nan,nan,nan,nan,nan
07-Aug-25 12:45:00 AM AEST,16.1,93.0,nan,nan,nan,nan,nan,0.01,1.20,0.10,nan,0.80
07-Aug-25 12:46:00 AM AEST,nan,93.2,nan,nan,nan,nan,nan,0.00,0.00,0.00,nan,0.00
07-Aug-25 12:46:04 AM AEST,16.2,nan,nan,nan,nan,nan,nan,nan,nan,nan,nan,nan
07-Aug-25 12:47:00 AM AEST,nan,93.0,15.1,nan,nan,nan,nan,nan,nan,nan,nan,nan
07-Aug-25 12:47:08 AM AEST,16.1,nan,nan,nan,nan,nan,nan,nan,nan,nan,nan,nan
07-Aug-25 12:48:00 AM AEST,nan,93.2,15.0,nan,nan,nan,nan,nan,nan,nan,nan,nan
07-Aug-25 12:50:00 AM AEST,nan,nan,nan,nan,nan,nan,nan,0.01,1.20,0.10,nan,nan
07-Aug-25 12:51:00 AM AEST,nan,nan,nan,nan,nan,nan,nan,0.00,0.00,0.00,nan,nan
07-Aug-25 12:52:00 AM AEST,nan,93.3,nan,nan,nan,nan,nan,nan,nan,nan,nan,nan
07-Aug-25 12:53:00 AM AEST,nan,93.2,nan,nan,nan,nan,nan,nan,nan,nan,nan,nan
07-Aug-25 12:54:00 AM AEST,nan,93.5,nan,nan,nan,nan,nan,nan,nan,nan,nan,nan
07-Aug-25 12:55:00 AM AEST,nan,93.3,nan,nan,nan,nan,1.90,nan,nan,nan,nan,nan
07-Aug-25 12:56:00 AM AEST,nan,93.2,15.1,nan,nan,nan,1.80,nan,nan,nan,nan,nan
07-Aug-25 12:57:00 AM AEST,15.9,93.3,15.0,nan,nan,nan,nan,nan,nan,nan,nan,nan
07-Aug-25 12:58:00 AM AEST,nan,nan,14.9,nan,nan,nan,nan,0.07,1.20,0.70,1.40,nan
07-Aug-25 12:58:04 AM AEST,16.1,nan,nan,nan,nan,nan,nan,nan,nan,nan,nan,nan
07-Aug-25 12:58:04 AM AEST,16.0,nan,nan,nan,nan,nan,nan,nan,nan,nan,nan,nan
07-Aug-25 12:59:00 AM AEST,nan,93.2,15.0,nan,nan,nan,nan,0.01,nan,0.10,0.00,nan
07-Aug-25 1:00:00 AM AEST,16.1,93.3,14.9,nan,nan,65.53,nan,0.00,0.00,0.00,nan,nan
07-Aug-25 1:01:00 AM AEST,nan,nan,15.0,nan,nan,nan,1.90,nan,nan,nan,nan,nan
07-Aug-25 1:02:00 AM AEST,nan,93.5,nan,nan,nan,nan,1.80,0.02,1.20,0.20,1.20,nan
07-Aug-25 1:03:00 AM AEST,16.0,nan,nan,nan,nan,nan,nan,0.00,0.00,0.00,0.00,nan
07-Aug-25 1:04:00 AM AEST,nan,93.3,nan,nan,nan,nan,nan,0.08,2.40,0.80,1.50,nan
07-Aug-25 1:05:00 AM AEST,nan,93.5,14.9,nan,nan,nan,nan,0.07,nan,0.70,1.70,nan
07-Aug-25 1:06:00 AM AEST,15.9,93.3,nan,nan,nan,nan,nan,0.00,0.00,0.00,0.00,nan
07-Aug-25 1:07:00 AM AEST,nan,93.5,nan,nan,nan,nan,nan,0.02,1.20,0.20,1.20,nan
07-Aug-25 1:07:04 AM AEST,16.0,nan,nan,nan,nan,nan,nan,nan,nan,nan,nan,nan
07-Aug-25 1:08:00 AM AEST,nan,nan,nan,nan,nan,nan,nan,0.14,2.40,1.40,1.80,nan
07-Aug-25 1:08:08 AM AEST,15.9,nan,nan,nan,nan,nan,nan,nan,nan,nan,nan,nan
07-Aug-25 1:09:00 AM AEST,nan,93.3,nan,nan,nan,nan,nan,0.11,nan,1.10,1.90,nan
07-Aug-25 1:09:12 AM AEST,16.0,nan,nan,nan,nan,nan,nan,nan,nan,nan,nan,nan
07-Aug-25 1:10:00 AM AEST,nan,93.5,nan,nan,nan,nan,nan,0.19,3.50,1.90,1.80,nan
07-Aug-25 1:11:00 AM AEST,nan,93.7,nan,nan,nan,nan,16.30,nan,nan,1.80,22.50,nan
07-Aug-25 1:12:00 AM AEST,16.1,93.8,15.0,nan,nan,nan,42.20,0.22,4.70,2.20,42.20,nan
07-Aug-25 1:13:00 AM AEST,nan,nan,15.1,nan,nan,nan,nan,0.03,1.20,0.30,42.60,nan
07-Aug-25 1:14:00 AM AEST,nan,93.7,nan,nan,nan,nan,42.40,0.14,2.40,1.40,42.40,nan
07-Aug-25 1:15:00 AM AEST,nan,nan,15.0,nan,nan,nan,42.20,0.03,1.20,0.30,42.00,nan
07-Aug-25 1:16:00 AM AEST,nan,93.8,nan,nan,nan,nan,42.30,0.09,2.40,0.90,42.30,nan
07-Aug-25 1:17:00 AM AEST,nan,nan,15.1,nan,nan,nan,42.20,0.12,nan,1.20,nan,nan
07-Aug-25 1:18:00 AM AEST,nan,nan,nan,nan,nan,nan,42.30,0.00,0.00,0.00,0.00,nan
07-Aug-25 1:19:00 AM AEST,16.0,93.7,nan,nan,nan,nan,42.20,nan,nan,nan,nan,nan
07-Aug-25 1:20:00 AM AEST,nan,93.8,15.0,nan,nan,nan,42.30,0.01,1.20,0.10,42.50,nan
07-Aug-25 1:21:00 AM AEST,16.1,nan,nan,nan,nan,nan,42.40,0.07,2.40,0.70,42.40,nan
07-Aug-25 1:22:00 AM AEST,nan,94.0,15.1,nan,nan,nan,42.30,0.19,3.50,2.00,42.30,0.80
07-Aug-25 1:23:00 AM AEST,nan,93.8,nan,nan,nan,nan,nan,0.15,2.40,1.50,nan,0.00
07-Aug-25 1:24:00 AM AEST,nan,94.0,nan,nan,nan,nan,42.40,0.11,3.50,1.10,42.40,nan
07-Aug-25 1:25:00 AM AEST,nan,nan,nan,nan,nan,nan,42.30,0.20,nan,2.00,42.30,nan
07-Aug-25 1:26:00 AM AEST,nan,93.8,nan,nan,nan,nan,42.20,0.14,2.40,1.40,42.40,nan
07-Aug-25 1:27:00 AM AEST,16.0,94.0,nan,nan,nan,nan,42.30,0.03,nan,0.30,42.00,nan
07-Aug-25 1:28:00 AM AEST,nan,nan,nan,nan,nan,nan,42.40,0.25,3.50,2.50,42.40,nan
07-Aug-25 1:28:04 AM AEST,16.1,nan,nan,nan,nan,nan,nan,nan,nan,nan,nan,nan
07-Aug-25 1:29:00 AM AEST,nan,93.8,nan,nan,nan,nan,42.30,0.02,2.40,0.20,41.90,nan
07-Aug-25 1:29:08 AM AEST,16.0,nan,nan,nan,nan,nan,nan,nan,nan,nan,nan,nan
07-Aug-25 1:30:00 AM AEST,nan,94.0,nan,nan,nan,nan,42.20,0.00,0.00,0.00,0.00,nan
07-Aug-25 1:30:12 AM AEST,16.1,nan,nan,nan,nan,nan,nan,nan,nan,nan,nan,nan
07-Aug-25 1:31:00 AM AEST,nan,nan,nan,nan,nan,nan,42.30,nan,nan,nan,nan,nan
07-Aug-25 1:33:00 AM AEST,16.0,93.8,nan,nan,nan,nan,42.20,0.05,2.40,0.50,42.20,nan
07-Aug-25 1:34:00 AM AEST,nan,94.0,15.0,nan,nan,nan,42.30,0.15,nan,1.50,42.40,nan
07-Aug-25 1:35:00 AM AEST,nan,nan,15.1,nan,nan,nan,nan,0.12,nan,1.20,42.30,nan
07-Aug-25 1:36:00 AM AEST,nan,nan,nan,nan,nan,nan,nan,0.02,1.20,0.20,41.70,nan
07-Aug-25 1:37:00 AM AEST,nan,nan,nan,nan,nan,nan,nan,0.15,3.50,1.50,42.30,nan
07-Aug-25 1:38:00 AM AEST,16.1,94.2,15.0,nan,nan,nan,nan,0.21,nan,2.10,nan,nan
07-Aug-25 1:39:00 AM AEST,nan,nan,15.1,nan,nan,nan,42.40,0.12,2.40,1.20,nan,nan
07-Aug-25 1:40:00 AM AEST,16.0,nan,nan,nan,nan,nan,42.30,0.19,3.50,1.90,nan,nan
07-Aug-25 1:41:00 AM AEST,nan,94.0,nan,nan,nan,nan,nan,0.17,nan,1.70,42.20,nan
07-Aug-25 1:41:04 AM AEST,16.1,nan,nan,nan,nan,nan,nan,nan,nan,nan,nan,nan
07-Aug-25 1:42:00 AM AEST,nan,94.2,nan,nan,nan,nan,nan,0.02,1.20,0.20,41.90,nan
07-Aug-25 1:43:00 AM AEST,nan,nan,nan,nan,nan,nan,nan,0.00,0.00,0.00,0.00,nan
07-Aug-25 1:44:00 AM AEST,16.0,nan,nan,nan,nan,nan,nan,0.14,2.40,1.40,42.40,nan
07-Aug-25 1:45:00 AM AEST,nan,nan,nan,nan,nan,nan,42.20,0.15,nan,1.50,42.30,nan
07-Aug-25 1:45:04 AM AEST,16.1,nan,nan,nan,nan,nan,nan,nan,nan,nan,nan,nan
07-Aug-25 1:46:00 AM AEST,nan,nan,nan,nan,nan,nan,42.30,0.01,1.20,0.10,42.50,nan
07-Aug-25 1:47:00 AM AEST,nan,nan,nan,nan,nan,nan,42.20,nan,nan,nan,nan,nan
07-Aug-25 1:48:00 AM AEST,nan,nan,nan,nan,nan,nan,42.30,0.17,2.40,1.70,42.40,nan
07-Aug-25 1:49:00 AM AEST,nan,94.3,nan,nan,nan,nan,nan,0.11,nan,1.10,nan,nan
07-Aug-25 1:50:00 AM AEST,nan,nan,15.2,nan,nan,nan,nan,0.02,1.20,0.20,42.50,nan
07-Aug-25 1:51:00 AM AEST,16.0,nan,nan,nan,nan,nan,42.20,0.00,0.00,0.00,0.00,nan
07-Aug-25 1:52:00 AM AEST,nan,94.2,15.1,nan,nan,nan,nan,0.11,2.40,1.10,42.20,nan
07-Aug-25 1:52:04 AM AEST,16.1,nan,nan,nan,nan,nan,nan,nan,nan,nan,nan,nan
07-Aug-25 1:53:00 AM AEST,nan,94.3,nan,nan,nan,nan,42.30,nan,3.50,nan,42.40,nan
07-Aug-25 1:54:00 AM AEST,nan,94.5,15.2,nan,nan,nan,nan,0.25,nan,2.50,42.30,nan
07-Aug-25 1:55:00 AM AEST,nan,94.3,nan,nan,nan,nan,nan,0.21,nan,2.10,42.40,nan
07-Aug-25 1:56:00 AM AEST,16.2,94.5,nan,nan,nan,nan,nan,0.16,2.40,1.60,nan,nan
07-Aug-25 1:57:00 AM AEST,nan,nan,15.3,nan,nan,nan,nan,0.14,nan,1.40,42.50,nan
07-Aug-25 1:57:04 AM AEST,16.1,nan,nan,nan,nan,nan,nan,nan,nan,nan,nan,nan
07-Aug-25 1:57:04 AM AEST,16.2,nan,nan,nan,nan,nan,nan,nan,nan,nan,nan,nan
07-Aug-25 1:58:00 AM AEST,nan,nan,15.2,nan,nan,nan,42.20,0.02,nan,0.20,41.90,0.80
07-Aug-25 1:58:08 AM AEST,16.1,nan,nan,nan,nan,nan,nan,nan,nan,nan,nan,nan
07-Aug-25 1:59:00 AM AEST,nan,nan,15.3,nan,nan,nan,42.30,0.00,0.00,0.00,0.00,0.00
07-Aug-25 2:00:00 AM AEST,nan,94.3,15.2,nan,nan,nan,nan,nan,nan,nan,nan,nan
07-Aug-25 2:00:04 AM AEST,nan,nan,nan,nan,nan,65.53,nan,nan,nan,nan,nan,nan
07-Aug-25 2:01:00 AM AEST,nan,94.5,nan,nan,nan,nan,nan,nan,nan,nan,nan,nan
07-Aug-25 2:03:00 AM AEST,nan,94.3,nan,nan,nan,nan,nan,0.21,3.50,2.10,42.40,nan
07-Aug-25 2:04:00 AM AEST,nan,94.5,nan,nan,nan,nan,42.40,0.22,nan,2.20,nan,nan
07-Aug-25 2:05:00 AM AEST,nan,nan,nan,nan,nan,nan,42.20,0.03,1.20,0.30,42.00,nan
07-Aug-25 2:06:00 AM AEST,nan,94.3,nan,nan,nan,nan,42.30,0.00,0.00,0.00,0.00,nan
07-Aug-25 2:07:00 AM AEST,nan,nan,nan,nan,nan,nan,nan,0.07,1.20,0.70,42.20,nan
07-Aug-25 2:08:00 AM AEST,nan,94.5,nan,nan,nan,nan,nan,0.00,0.00,0.00,0.00,nan
07-Aug-25 2:09:00 AM AEST,nan,94.3,nan,nan,nan,nan,nan,0.01,1.20,0.10,42.50,nan
07-Aug-25 2:10:00 AM AEST,nan,nan,nan,nan,nan,nan,nan,0.15,2.40,1.50,42.30,nan
07-Aug-25 2:11:00 AM AEST,nan,94.5,nan,nan,nan,nan,nan,0.11,nan,1.10,42.40,nan
07-Aug-25 2:12:00 AM AEST,nan,94.3,nan,nan,nan,nan,nan,0.00,0.00,0.00,0.00,nan
07-Aug-25 2:13:00 AM AEST,nan,94.5,nan,nan,nan,nan,42.20,nan,nan,nan,nan,nan
07-Aug-25 2:14:00 AM AEST,16.0,94.3,nan,nan,nan,nan,42.30,nan,nan,nan,nan,nan
07-Aug-25 2:15:00 AM AEST,nan,nan,15.1,nan,nan,nan,nan,nan,nan,nan,nan,nan
07-Aug-25 2:15:04 AM AEST,16.1,nan,nan,nan,nan,nan,nan,nan,nan,nan,nan,nan
07-Aug-25 2:16:00 AM AEST,nan,nan,15.2,nan,nan,nan,42.20,nan,nan,nan,nan,nan
07-Aug-25 2:16:08 AM AEST,16.0,nan,nan,nan,nan,nan,nan,nan,nan,nan,nan,nan
07-Aug-25 2:16:08 AM AEST,16.1,nan,nan,nan,nan,nan,nan,nan,nan,nan,nan,nan
07-Aug-25 2:17:00 AM AEST,nan,94.5,15.1,nan,nan,nan,42.30,nan,nan,nan,nan,nan
07-Aug-25 2:17:12 AM AEST,16.0,nan,nan,nan,nan,nan,nan,nan,nan,nan,nan,nan
07-Aug-25 2:18:00 AM AEST,nan,94.3,15.2,nan,nan,nan,42.20,nan,nan,nan,nan,nan
07-Aug-25 2:19:00 AM AEST,nan,94.5,15.1,nan,nan,nan,42.30,nan,nan,nan,nan,nan
07-Aug-25 2:20:00 AM AEST,nan,nan,15.2,nan,nan,nan,42.20,nan,nan,nan,nan,nan
07-Aug-25 2:21:00 AM AEST,nan,94.3,15.1,nan,nan,nan,42.30,nan,nan,nan,nan,nan
07-Aug-25 2:22:00 AM AEST,nan,94.5,nan,nan,nan,nan,42.40,0.03,2.40,0.30,42.60,nan
07-Aug-25 2:23:00 AM AEST,nan,nan,nan,nan,nan,nan,42.20,0.05,nan,0.50,nan,nan
07-Aug-25 2:24:00 AM AEST,nan,94.3,nan,nan,nan,nan,42.30,0.03,1.20,0.30,nan,nan
07-Aug-25 2:25:00 AM AEST,15.9,94.5,nan,nan,nan,nan,nan,0.00,0.00,0.00,0.00,nan
07-Aug-25 2:26:00 AM AEST,nan,94.3,nan,nan,nan,nan,42.20,0.01,1.20,0.10,42.50,nan
07-Aug-25 2:27:00 AM AEST,nan,94.5,15.0,nan,nan,nan,42.30,nan,nan,nan,nan,nan
07-Aug-25 2:28:00 AM AEST,nan,94.3,15.1,nan,nan,nan,nan,0.00,0.00,0.00,0.00,nan
07-Aug-25 2:29:00 AM AEST,nan,94.5,15.0,nan,nan,nan,42.20,nan,nan,nan,nan,nan
07-Aug-25 2:30:00 AM AEST,nan,94.3,nan,nan,nan,nan,42.30,nan,nan,nan,nan,nan
07-Aug-25 2:31:00 AM AEST,nan,94.5,nan,nan,nan,nan,42.20,nan,nan,nan,nan,nan
07-Aug-25 2:33:00 AM AEST,nan,nan,nan,nan,nan,nan,42.30,nan,nan,nan,nan,nan
07-Aug-25 2:34:00 AM AEST,nan,94.7,15.1,nan,nan,nan,42.20,nan,nan,nan,nan,nan
07-Aug-25 2:35:00 AM AEST,nan,94.5,15.0,nan,nan,nan,42.30,nan,nan,nan,nan,0.80
07-Aug-25 2:36:00 AM AEST,nan,nan,nan,nan,nan,nan,42.40,nan,nan,nan,nan,0.00
07-Aug-25 2:37:00 AM AEST,nan,94.7,15.1,nan,nan,nan,42.20,nan,nan,nan,nan,nan
07-Aug-25 2:38:00 AM AEST,nan,94.5,15.0,nan,nan,nan,42.30,nan,nan,nan,nan,nan
07-Aug-25 2:39:00 AM AEST,nan,nan,nan,nan,nan,nan,42.20,nan,nan,nan,nan,nan
07-Aug-25 2:40:00 AM AEST,nan,nan,nan,nan,nan,nan,42.30,nan,nan,nan,nan,nan
07-Aug-25 2:41:00 AM AEST,nan,94.7,nan,nan,nan,nan,nan,nan,nan,nan,nan,nan
07-Aug-25 2:42:00 AM AEST,nan,94.5,nan,nan,nan,nan,42.20,nan,nan,nan,nan,nan
07-Aug-25 2:43:00 AM AEST,nan,94.7,nan,nan,nan,nan,42.30,nan,nan,nan,nan,nan
07-Aug-25 2:45:00 AM AEST,15.8,nan,nan,nan,nan,nan,42.20,nan,nan,nan,nan,nan
07-Aug-25 2:46:00 AM AEST,nan,94.5,nan,nan,nan,nan,42.30,nan,nan,nan,nan,nan
07-Aug-25 2:47:00 AM AEST,nan,94.7,nan,nan,nan,nan,nan,nan,nan,nan,nan,nan
07-Aug-25 2:48:00 AM AEST,15.9,94.8,nan,nan,nan,nan,nan,nan,nan,nan,nan,nan
07-Aug-25 2:49:00 AM AEST,nan,94.7,15.1,nan,nan,nan,nan,nan,nan,nan,nan,nan
07-Aug-25 2:50:00 AM AEST,nan,94.8,15.0,nan,nan,nan,nan,nan,nan,nan,nan,nan
07-Aug-25 2:52:00 AM AEST,nan,nan,nan,nan,nan,nan,42.40,nan,nan,nan,nan,nan
07-Aug-25 2:53:00 AM AEST,nan,nan,nan,nan,nan,nan,42.30,nan,nan,nan,nan,nan
07-Aug-25 2:54:00 AM AEST,15.8,nan,nan,nan,nan,nan,nan,nan,nan,nan,nan,nan
07-Aug-25 2:55:04 AM AEST,15.9,nan,nan,nan,nan,nan,nan,nan,nan,nan,nan,nan
07-Aug-25 2:55:04 AM AEST,15.7,nan,nan,nan,nan,nan,nan,nan,nan,nan,nan,nan
07-Aug-25 2:56:08 AM AEST,15.8,nan,nan,nan,nan,nan,nan,nan,nan,nan,nan,nan
07-Aug-25 2:57:00 AM AEST,nan,94.7,14.9,nan,nan,nan,nan,nan,nan,nan,nan,nan
07-Aug-25 2:58:00 AM AEST,nan,94.8,nan,nan,nan,nan,42.20,nan,nan,nan,nan,nan
07-Aug-25 2:59:00 AM AEST,nan,nan,15.0,nan,nan,nan,42.40,nan,nan,nan,nan,nan
07-Aug-25 3:00:00 AM AEST,nan,nan,nan,nan,nan,nan,42.30,0.12,3.50,1.20,42.60,nan
07-Aug-25 3:00:08 AM AEST,nan,nan,nan,nan,nan,65.53,nan,nan,nan,nan,nan,nan
07-Aug-25 3:01:00 AM AEST,nan,nan,nan,nan,nan,nan,nan,0.14,nan,1.40,42.40,nan
07-Aug-25 3:02:00 AM AEST,nan,nan,nan,nan,nan,nan,nan,0.02,1.20,0.20,41.90,nan
07-Aug-25 3:03:00 AM AEST,nan,nan,nan,nan,nan,nan,nan,0.04,2.40,0.40,42.20,nan
07-Aug-25 3:04:00 AM AEST,nan,95.0,nan,nan,nan,nan,42.40,0.17,3.50,1.70,42.30,nan
07-Aug-25 3:05:00 AM AEST,nan,nan,nan,nan,nan,nan,42.30,0.00,0.00,0.00,0.00,nan
07-Aug-25 3:06:00 AM AEST,nan,94.8,nan,nan,nan,nan,nan,0.02,1.20,0.20,41.90,nan
07-Aug-25 3:07:00 AM AEST,nan,95.0,nan,nan,nan,nan,42.20,0.04,2.40,0.40,42.20,nan
07-Aug-25 3:08:00 AM AEST,nan,nan,nan,nan,nan,nan,42.40,0.00,0.00,0.00,0.00,nan
07-Aug-25 3:09:00 AM AEST,nan,nan,nan,nan,nan,nan,42.30,0.06,2.40,0.60,42.30,nan
07-Aug-25 3:10:00 AM AEST,nan,nan,nan,nan,nan,nan,42.20,0.00,0.00,0.00,0.00,nan
07-Aug-25 3:11:00 AM AEST,nan,nan,nan,nan,nan,nan,42.40,0.01,1.20,0.10,42.50,0.80
07-Aug-25 3:12:00 AM AEST,nan,nan,nan,nan,nan,nan,42.20,0.14,2.40,1.40,42.20,0.00
07-Aug-25 3:13:00 AM AEST,nan,95.2,nan,nan,nan,nan,nan,0.08,nan,0.80,nan,nan
07-Aug-25 3:14:00 AM AEST,nan,94.8,nan,nan,nan,nan,42.30,0.04,1.20,0.40,nan,nan
07-Aug-25 3:15:00 AM AEST,nan,95.2,nan,nan,nan,nan,nan,0.06,2.40,0.60,42.30,nan
07-Aug-25 3:16:00 AM AEST,15.9,nan,15.1,nan,nan,nan,nan,0.13,nan,1.30,42.20,nan
07-Aug-25 3:17:00 AM AEST,nan,nan,nan,nan,nan,nan,nan,0.15,3.50,1.50,42.30,nan
07-Aug-25 3:18:00 AM AEST,nan,nan,nan,nan,nan,nan,42.20,0.06,2.40,0.60,nan,nan
07-Aug-25 3:19:00 AM AEST,15.8,95.3,nan,nan,nan,nan,nan,0.00,0.00,0.00,0.00,nan
07-Aug-25 3:20:00 AM AEST,nan,95.2,nan,nan,nan,nan,42.40,nan,nan,nan,nan,nan
07-Aug-25 3:21:00 AM AEST,nan,95.0,nan,nan,nan,nan,42.20,0.02,1.20,0.20,41.90,nan
07-Aug-25 3:22:00 AM AEST,nan,95.2,15.0,nan,nan,nan,nan,nan,nan,nan,42.60,nan
07-Aug-25 3:23:00 AM AEST,nan,nan,nan,nan,nan,nan,42.30,0.00,0.00,0.00,0.00,nan
07-Aug-25 3:24:00 AM AEST,nan,95.3,15.1,nan,nan,nan,nan,nan,nan,nan,nan,nan
07-Aug-25 3:25:00 AM AEST,nan,95.0,nan,nan,nan,nan,42.20,0.02,2.40,0.20,41.90,nan
07-Aug-25 3:26:00 AM AEST,nan,95.3,15.0,nan,nan,nan,42.30,0.05,nan,0.50,42.60,nan
07-Aug-25 3:27:00 AM AEST,nan,95.2,15.1,nan,nan,nan,nan,0.00,0.00,0.00,0.00,nan
07-Aug-25 3:28:00 AM AEST,nan,nan,15.0,nan,nan,nan,nan,0.20,2.40,2.00,42.40,nan
07-Aug-25 3:29:00 AM AEST,15.7,nan,nan,nan,nan,nan,42.20,0.07,nan,0.70,42.20,nan
07-Aug-25 3:30:00 AM AEST,nan,nan,nan,nan,nan,nan,42.30,0.05,1.20,0.50,42.60,nan
07-Aug-25 3:30:04 AM AEST,15.8,nan,nan,nan,nan,nan,nan,nan,nan,nan,nan,nan
07-Aug-25 3:31:00 AM AEST,nan,95.3,nan,nan,nan,nan,nan,0.12,2.40,1.20,42.30,nan
07-Aug-25 3:32:00 AM AEST,nan,95.2,nan,nan,nan,nan,nan,0.06,1.20,0.60,42.10,nan
07-Aug-25 3:33:00 AM AEST,nan,95.3,nan,nan,nan,nan,nan,0.00,0.00,0.00,0.00,nan
07-Aug-25 3:34:00 AM AEST,15.7,nan,nan,nan,nan,nan,42.20,nan,nan,nan,nan,nan
07-Aug-25 3:35:00 AM AEST,nan,95.2,nan,nan,nan,nan,42.30,nan,nan,nan,nan,nan
07-Aug-25 3:35:04 AM AEST,15.8,nan,nan,nan,nan,nan,nan,nan,nan,nan,nan,nan
07-Aug-25 3:36:00 AM AEST,nan,95.3,nan,nan,nan,nan,nan,nan,nan,nan,nan,nan
07-Aug-25 3:36:08 AM AEST,15.7,nan,nan,nan,nan,nan,nan,nan,nan,nan,nan,nan
07-Aug-25 3:37:00 AM AEST,nan,95.2,nan,nan,nan,nan,nan,0.04,1.20,0.40,42.50,nan
07-Aug-25 3:38:00 AM AEST,nan,nan,nan,nan,nan,nan,nan,0.02,nan,0.20,41.90,nan
07-Aug-25 3:39:00 AM AEST,nan,nan,14.9,nan,nan,nan,42.20,0.07,2.40,0.60,42.30,nan
07-Aug-25 3:40:00 AM AEST,nan,95.3,nan,nan,nan,nan,42.40,0.18,3.50,1.80,nan,nan
07-Aug-25 3:41:00 AM AEST,nan,nan,15.0,nan,nan,nan,42.30,0.22,nan,2.20,nan,nan
07-Aug-25 3:42:00 AM AEST,15.8,nan,nan,nan,nan,nan,nan,0.17,nan,1.70,42.40,nan
07-Aug-25 3:43:00 AM AEST,nan,95.5,15.1,nan,nan,nan,nan,0.16,nan,1.60,42.30,nan
07-Aug-25 3:44:00 AM AEST,nan,95.3,15.0,nan,nan,nan,nan,0.03,2.40,0.30,42.60,nan
07-Aug-25 3:45:00 AM AEST,15.7,nan,nan,nan,nan,nan,nan,0.06,nan,0.60,42.30,nan
07-Aug-25 3:46:00 AM AEST,nan,95.5,nan,nan,nan,nan,42.40,0.32,4.70,3.20,42.40,nan
07-Aug-25 3:46:04 AM AEST,15.8,nan,nan,nan,nan,nan,nan,nan,nan,nan,nan,nan
07-Aug-25 3:47:00 AM AEST,nan,nan,nan,nan,nan,nan,42.30,0.17,3.50,1.70,nan,nan
07-Aug-25 3:48:00 AM AEST,nan,nan,15.1,nan,nan,nan,nan,0.25,nan,2.50,42.30,0.80
07-Aug-25 3:49:00 AM AEST,nan,95.3,nan,nan,nan,nan,nan,0.08,nan,0.80,42.20,0.00
07-Aug-25 3:50:00 AM AEST,15.7,nan,15.0,nan,nan,nan,42.40,0.12,2.40,1.20,42.30,nan
07-Aug-25 3:51:00 AM AEST,nan,95.5,nan,nan,nan,nan,42.30,0.01,1.20,0.10,42.50,nan
07-Aug-25 3:51:04 AM AEST,15.8,nan,nan,nan,nan,nan,nan,nan,nan,nan,nan,nan
07-Aug-25 3:52:00 AM AEST,nan,95.3,nan,nan,nan,nan,nan,nan,nan,nan,nan,nan
07-Aug-25 3:52:08 AM AEST,15.7,nan,nan,nan,nan,nan,nan,nan,nan,nan,nan,nan
07-Aug-25 3:53:00 AM AEST,nan,95.5,nan,nan,nan,nan,42.40,0.08,3.50,0.80,42.60,nan
07-Aug-25 3:54:00 AM AEST,nan,95.3,nan,nan,nan,nan,nan,0.26,nan,2.60,42.40,nan
07-Aug-25 3:55:00 AM AEST,15.8,95.5,nan,nan,nan,nan,42.30,0.16,2.40,1.60,nan,nan
07-Aug-25 3:56:00 AM AEST,nan,nan,nan,nan,nan,nan,42.40,0.24,3.50,2.40,nan,nan
07-Aug-25 3:57:00 AM AEST,15.7,nan,nan,nan,nan,nan,nan,nan,nan,nan,nan,nan
07-Aug-25 3:58:00 AM AEST,nan,nan,nan,nan,nan,nan,42.30,0.03,1.20,0.30,42.00,nan
07-Aug-25 3:58:04 AM AEST,15.8,nan,nan,nan,nan,nan,nan,nan,nan,nan,nan,nan
07-Aug-25 3:59:00 AM AEST,nan,nan,nan,nan,nan,nan,42.40,0.06,nan,0.60,42.30,nan
07-Aug-25 3:59:08 AM AEST,15.7,nan,nan,nan,nan,nan,nan,nan,nan,nan,nan,nan
07-Aug-25 4:00:00 AM AEST,nan,nan,nan,nan,nan,nan,nan,0.05,2.40,0.50,42.60,nan
07-Aug-25 4:00:12 AM AEST,nan,nan,nan,nan,nan,65.53,nan,nan,nan,nan,nan,nan
07-Aug-25 4:01:00 AM AEST,nan,nan,nan,nan,nan,nan,42.30,0.01,1.20,0.10,42.50,nan
07-Aug-25 4:03:00 AM AEST,nan,nan,nan,nan,nan,nan,42.40,0.00,0.00,0.00,0.00,nan
07-Aug-25 4:04:00 AM AEST,nan,nan,nan,nan,nan,nan,42.30,0.01,1.20,0.10,42.50,nan
07-Aug-25 4:05:00 AM AEST,15.6,nan,nan,nan,nan,nan,nan,0.03,nan,0.30,41.60,nan
07-Aug-25 4:06:00 AM AEST,nan,95.3,14.8,nan,nan,nan,42.40,0.15,2.40,1.50,42.50,nan
07-Aug-25 4:07:00 AM AEST,15.7,95.7,14.9,nan,nan,nan,nan,0.04,nan,0.40,nan,nan
07-Aug-25 4:08:00 AM AEST,nan,95.5,15.0,nan,nan,nan,nan,0.00,0.00,0.00,0.00,nan
07-Aug-25 4:08:04 AM AEST,15.8,nan,nan,nan,nan,nan,nan,nan,nan,nan,nan,nan
07-Aug-25 4:09:00 AM AEST,nan,95.7,nan,nan,nan,nan,nan,0.11,2.40,1.10,42.40,nan
07-Aug-25 4:09:08 AM AEST,15.7,nan,nan,nan,nan,nan,nan,nan,nan,nan,nan,nan
07-Aug-25 4:10:00 AM AEST,nan,95.5,15.1,nan,nan,nan,42.30,0.02,1.20,0.20,41.90,nan
07-Aug-25 4:11:00 AM AEST,nan,95.7,15.0,nan,nan,nan,nan,0.03,nan,0.30,42.60,nan
07-Aug-25 4:12:00 AM AEST,nan,95.5,nan,nan,nan,nan,42.40,0.00,0.00,0.00,0.00,nan
07-Aug-25 4:13:00 AM AEST,nan,95.7,nan,nan,nan,nan,nan,nan,nan,nan,nan,nan
07-Aug-25 4:14:00 AM AEST,nan,nan,nan,nan,nan,nan,42.30,nan,nan,nan,nan,nan
07-Aug-25 4:15:00 AM AEST,nan,95.5,nan,nan,nan,nan,42.40,0.05,1.20,0.50,42.20,nan
07-Aug-25 4:16:00 AM AEST,nan,95.7,nan,nan,nan,nan,nan,0.00,0.00,0.00,0.00,nan
07-Aug-25 4:17:00 AM AEST,nan,nan,nan,nan,nan,nan,42.30,nan,nan,nan,nan,nan
07-Aug-25 4:18:00 AM AEST,nan,95.5,nan,nan,nan,nan,42.40,0.01,1.20,0.10,42.50,nan
07-Aug-25 4:19:00 AM AEST,nan,95.7,nan,nan,nan,nan,42.30,0.00,0.00,0.00,0.00,nan
07-Aug-25 4:21:00 AM AEST,15.6,95.5,nan,nan,nan,nan,42.40,nan,nan,nan,nan,nan
07-Aug-25 4:22:00 AM AEST,nan,95.7,14.9,nan,nan,nan,42.30,nan,nan,nan,nan,nan
07-Aug-25 4:23:00 AM AEST,nan,nan,nan,nan,nan,nan,nan,0.01,1.20,0.10,42.50,nan
07-Aug-25 4:24:00 AM AEST,nan,95.5,nan,nan,nan,nan,42.40,0.07,nan,0.60,42.30,0.80
07-Aug-25 4:25:00 AM AEST,nan,95.7,nan,nan,nan,nan,42.30,0.05,nan,0.50,42.20,0.00
07-Aug-25 4:26:00 AM AEST,nan,95.5,nan,nan,nan,nan,42.40,0.00,0.00,0.00,0.00,nan
07-Aug-25 4:27:00 AM AEST,nan,95.7,nan,nan,nan,nan,42.30,nan,nan,nan,nan,nan
07-Aug-25 4:29:00 AM AEST,nan,95.5,nan,nan,nan,nan,nan,0.02,1.20,0.20,41.90,nan
07-Aug-25 4:30:00 AM AEST,nan,95.7,nan,nan,nan,nan,42.40,0.00,0.00,0.00,0.00,nan
07-Aug-25 4:31:00 AM AEST,nan,95.8,nan,nan,nan,nan,nan,nan,nan,nan,nan,nan
07-Aug-25 4:32:00 AM AEST,nan,95.7,nan,nan,nan,nan,nan,nan,nan,nan,nan,nan
07-Aug-25 4:33:00 AM AEST,nan,95.8,nan,nan,nan,nan,42.30,nan,nan,nan,nan,nan
07-Aug-25 4:34:00 AM AEST,nan,nan,nan,nan,nan,nan,42.40,0.09,2.40,0.90,42.30,nan
07-Aug-25 4:35:00 AM AEST,nan,nan,15.0,nan,nan,nan,nan,nan,nan,nan,42.60,nan
07-Aug-25 4:36:00 AM AEST,nan,nan,nan,nan,nan,nan,42.30,0.00,0.00,0.00,0.00,nan
07-Aug-25 4:37:00 AM AEST,nan,nan,nan,nan,nan,nan,42.40,nan,nan,nan,nan,nan
07-Aug-25 4:38:00 AM AEST,nan,nan,14.9,nan,nan,nan,42.30,nan,nan,nan,nan,nan
07-Aug-25 4:39:00 AM AEST,nan,nan,nan,nan,nan,nan,42.40,nan,nan,nan,nan,nan
07-Aug-25 4:40:00 AM AEST,15.5,nan,nan,nan,nan,nan,nan,0.01,1.20,0.10,42.50,nan
07-Aug-25 4:41:00 AM AEST,nan,nan,nan,nan,nan,nan,42.30,0.14,2.40,1.40,42.40,nan
07-Aug-25 4:41:04 AM AEST,15.6,nan,nan,nan,nan,nan,nan,nan,nan,nan,nan,nan
07-Aug-25 4:42:00 AM AEST,nan,nan,nan,nan,nan,nan,42.40,0.00,0.00,0.00,0.00,nan
07-Aug-25 4:42:08 AM AEST,15.5,nan,nan,nan,nan,nan,nan,nan,nan,nan,nan,nan
07-Aug-25 4:43:00 AM AEST,nan,nan,14.8,nan,nan,nan,nan,nan,nan,nan,nan,nan
07-Aug-25 4:44:00 AM AEST,nan,nan,14.9,nan,nan,nan,42.30,nan,nan,nan,nan,nan
07-Aug-25 4:45:00 AM AEST,nan,nan,nan,nan,nan,nan,42.40,0.02,1.20,0.20,41.70,nan
07-Aug-25 4:46:00 AM AEST,nan,nan,14.8,nan,nan,nan,nan,0.10,2.40,1.00,42.30,nan
07-Aug-25 4:47:00 AM AEST,nan,nan,nan,nan,nan,nan,nan,0.03,1.20,0.30,42.60,nan
07-Aug-25 4:48:00 AM AEST,nan,nan,14.9,nan,nan,nan,42.30,0.00,0.00,0.00,0.00,nan
07-Aug-25 4:49:00 AM AEST,nan,nan,14.8,nan,nan,nan,nan,0.02,1.20,0.20,42.50,nan
07-Aug-25 4:50:00 AM AEST,nan,96.0,14.9,nan,nan,nan,42.40,0.00,0.00,0.00,0.00,nan
07-Aug-25 4:51:00 AM AEST,nan,95.8,nan,nan,nan,nan,nan,nan,nan,nan,nan,nan
07-Aug-25 4:52:00 AM AEST,nan,nan,14.8,nan,nan,nan,42.30,nan,nan,nan,nan,nan
07-Aug-25 4:53:00 AM AEST,nan,nan,nan,nan,nan,nan,42.40,nan,nan,nan,nan,nan
07-Aug-25 4:54:00 AM AEST,nan,96.0,nan,nan,nan,nan,nan,0.04,1.20,0.40,42.20,nan
07-Aug-25 4:55:00 AM AEST,nan,95.8,nan,nan,nan,nan,42.30,0.01,nan,0.10,42.50,nan
07-Aug-25 4:56:00 AM AEST,15.4,nan,nan,nan,nan,nan,42.40,0.07,2.40,0.70,42.40,nan
07-Aug-25 4:57:00 AM AEST,nan,nan,nan,nan,nan,nan,42.30,0.09,nan,0.90,nan,nan
07-Aug-25 4:57:04 AM AEST,15.5,nan,nan,nan,nan,nan,nan,nan,nan,nan,nan,nan
07-Aug-25 4:58:00 AM AEST,nan,96.0,nan,nan,nan,nan,42.40,0.01,1.20,0.10,42.50,nan
07-Aug-25 4:59:00 AM AEST,15.4,nan,nan,nan,nan,nan,42.30,0.02,nan,0.20,41.70,nan
07-Aug-25 5:01:00 AM AEST,15.5,95.8,nan,nan,nan,nan,42.40,0.00,0.00,0.00,0.00,0.80
07-Aug-25 5:01:00 AM AEST,15.5,96.0,nan,nan,nan,nan,42.40,0.21,3.50,2.10,42.40,0.80
07-Aug-25 5:02:00 AM AEST,nan,95.8,nan,nan,nan,nan,nan,0.11,2.40,1.10,nan,0.00
07-Aug-25 5:03:00 AM AEST,nan,96.0,nan,nan,nan,nan,nan,0.14,nan,1.40,nan,nan
07-Aug-25 5:04:00 AM AEST,nan,nan,nan,nan,nan,nan,nan,0.34,4.70,3.40,nan,nan
07-Aug-25 5:05:00 AM AEST,nan,nan,14.9,nan,nan,nan,nan,0.22,3.50,2.20,nan,nan
07-Aug-25 5:06:00 AM AEST,nan,96.2,nan,nan,nan,nan,nan,0.03,2.40,0.30,42.60,nan
07-Aug-25 5:07:00 AM AEST,nan,96.0,nan,nan,nan,nan,42.30,0.00,0.00,0.00,0.00,nan
07-Aug-25 5:08:00 AM AEST,nan,nan,nan,nan,nan,nan,42.40,nan,nan,nan,nan,nan
07-Aug-25 5:09:00 AM AEST,nan,nan,14.8,nan,nan,nan,nan,0.10,2.40,1.00,42.40,nan
07-Aug-25 5:10:00 AM AEST,nan,96.2,nan,nan,nan,nan,nan,0.08,nan,0.80,42.60,nan
07-Aug-25 5:11:00 AM AEST,nan,nan,14.9,nan,nan,nan,nan,0.00,0.00,0.00,0.00,nan
07-Aug-25 5:12:00 AM AEST,nan,96.0,nan,nan,nan,nan,nan,nan,nan,nan,nan,nan
07-Aug-25 5:13:00 AM AEST,15.4,nan,14.8,nan,nan,nan,nan,0.01,1.20,0.10,42.50,nan
07-Aug-25 5:14:00 AM AEST,nan,nan,nan,nan,nan,nan,nan,0.12,2.40,1.20,42.60,nan
07-Aug-25 5:14:04 AM AEST,15.5,nan,nan,nan,nan,nan,nan,nan,nan,nan,nan,nan
07-Aug-25 5:15:00 AM AEST,nan,96.2,nan,nan,nan,nan,nan,0.19,3.50,1.90,42.30,nan
07-Aug-25 5:16:00 AM AEST,15.4,96.0,14.9,nan,nan,nan,nan,0.00,0.00,0.00,0.00,nan
07-Aug-25 5:17:00 AM AEST,nan,nan,14.8,nan,nan,nan,42.30,0.01,1.20,0.10,42.50,nan
07-Aug-25 5:18:00 AM AEST,nan,96.2,nan,nan,nan,nan,42.40,0.10,2.40,1.00,42.30,nan
07-Aug-25 5:19:00 AM AEST,nan,96.0,nan,nan,nan,nan,nan,0.02,1.20,0.20,42.60,nan
07-Aug-25 5:20:00 AM AEST,nan,96.2,nan,nan,nan,nan,nan,0.00,0.00,0.00,0.00,nan
07-Aug-25 5:21:00 AM AEST,nan,96.0,nan,nan,nan,nan,nan,0.07,2.40,0.70,42.60,nan
07-Aug-25 5:22:00 AM AEST,nan,96.2,nan,nan,nan,nan,nan,nan,nan,0.60,42.30,nan
07-Aug-25 5:23:00 AM AEST,nan,96.0,nan,nan,nan,nan,42.30,0.02,1.20,0.20,42.60,nan
07-Aug-25 5:24:00 AM AEST,15.3,96.2,nan,nan,nan,nan,42.40,0.01,nan,0.10,42.50,nan
07-Aug-25 5:25:00 AM AEST,nan,96.0,14.7,nan,nan,nan,nan,0.09,2.40,0.90,42.60,nan
07-Aug-25 5:25:04 AM AEST,15.4,nan,nan,nan,nan,nan,nan,nan,nan,nan,nan,nan
07-Aug-25 5:26:00 AM AEST,nan,96.2,14.8,nan,nan,nan,nan,0.00,0.00,0.00,0.00,nan
07-Aug-25 5:27:00 AM AEST,nan,nan,nan,nan,nan,nan,42.30,nan,nan,nan,nan,nan
07-Aug-25 5:28:00 AM AEST,nan,nan,nan,nan,nan,nan,42.40,nan,nan,nan,nan,nan
07-Aug-25 5:29:00 AM AEST,nan,nan,nan,nan,nan,nan,nan,0.01,1.20,0.10,42.50,nan
07-Aug-25 5:31:00 AM AEST,nan,nan,nan,nan,nan,nan,nan,0.00,0.00,0.00,0.00,nan
07-Aug-25 5:33:00 AM AEST,nan,96.3,nan,nan,nan,nan,42.30,nan,nan,nan,nan,nan
07-Aug-25 5:34:00 AM AEST,nan,96.2,nan,nan,nan,nan,42.40,nan,nan,nan,nan,nan
07-Aug-25 5:36:00 AM AEST,nan,96.3,nan,nan,nan,nan,42.30,nan,nan,nan,nan,nan
07-Aug-25 5:37:00 AM AEST,15.3,96.2,nan,nan,nan,nan,42.40,nan,nan,nan,nan,0.80
07-Aug-25 5:38:00 AM AEST,nan,nan,14.7,nan,nan,nan,nan,0.02,2.40,0.20,41.70,0.00
07-Aug-25 5:39:00 AM AEST,nan,96.3,nan,nan,nan,nan,42.30,0.14,nan,1.40,42.40,nan
07-Aug-25 5:40:00 AM AEST,nan,96.2,nan,nan,nan,nan,42.40,0.17,3.50,1.70,42.30,nan
07-Aug-25 5:41:00 AM AEST,nan,96.3,nan,nan,nan,nan,42.30,0.09,1.20,0.90,nan,nan
07-Aug-25 5:42:00 AM AEST,15.4,nan,nan,nan,nan,nan,42.40,0.14,2.40,1.40,42.40,nan
07-Aug-25 5:43:00 AM AEST,nan,nan,14.8,nan,nan,nan,nan,nan,nan,nan,nan,nan
07-Aug-25 5:43:04 AM AEST,15.5,nan,nan,nan,nan,nan,nan,nan,nan,nan,nan,nan
07-Aug-25 5:44:00 AM AEST,nan,96.5,14.9,nan,nan,nan,nan,0.25,3.50,2.50,42.50,nan
07-Aug-25 5:44:08 AM AEST,15.4,nan,nan,nan,nan,nan,nan,nan,nan,nan,nan,nan
07-Aug-25 5:45:00 AM AEST,nan,nan,nan,nan,nan,nan,42.30,0.15,2.40,1.50,42.40,nan
07-Aug-25 5:45:12 AM AEST,15.5,nan,nan,nan,nan,nan,nan,nan,nan,nan,nan,nan
07-Aug-25 5:46:00 AM AEST,nan,nan,15.0,nan,nan,nan,nan,0.00,0.00,0.00,0.00,nan
07-Aug-25 5:47:00 AM AEST,nan,nan,nan,nan,nan,nan,42.40,0.02,1.20,0.20,41.90,nan
07-Aug-25 5:48:00 AM AEST,15.4,nan,14.9,nan,nan,nan,nan,nan,nan,nan,42.50,nan
07-Aug-25 5:49:00 AM AEST,nan,96.3,nan,nan,nan,nan,42.30,0.00,0.00,0.00,0.00,nan
07-Aug-25 5:49:04 AM AEST,15.5,nan,nan,nan,nan,nan,nan,nan,nan,nan,nan,nan
07-Aug-25 5:50:00 AM AEST,nan,96.5,nan,nan,nan,nan,42.40,nan,nan,nan,nan,nan
07-Aug-25 5:50:08 AM AEST,15.4,nan,nan,nan,nan,nan,nan,nan,nan,nan,nan,nan
07-Aug-25 5:51:00 AM AEST,nan,nan,nan,nan,nan,nan,42.30,nan,nan,nan,nan,nan
07-Aug-25 5:52:00 AM AEST,nan,nan,14.8,nan,nan,nan,42.40,nan,nan,nan,nan,nan
07-Aug-25 5:53:00 AM AEST,15.5,96.3,nan,nan,nan,nan,nan,nan,nan,nan,nan,nan
07-Aug-25 5:54:00 AM AEST,nan,96.7,14.9,nan,nan,nan,nan,nan,nan,nan,nan,nan
07-Aug-25 5:55:00 AM AEST,15.4,96.3,nan,nan,nan,nan,42.30,nan,nan,nan,nan,nan
07-Aug-25 5:56:00 AM AEST,nan,96.5,nan,nan,nan,nan,42.40,nan,nan,nan,nan,nan
07-Aug-25 5:58:00 AM AEST,15.5,nan,14.8,nan,nan,nan,nan,nan,nan,nan,nan,nan
07-Aug-25 5:59:00 AM AEST,nan,nan,14.9,nan,nan,nan,42.30,nan,nan,nan,nan,nan
07-Aug-25 6:00:00 AM AEST,15.4,nan,nan,nan,nan,0.02,42.40,nan,nan,nan,nan,nan
07-Aug-25 6:03:00 AM AEST,nan,nan,nan,nan,nan,nan,42.30,nan,nan,nan,nan,nan
07-Aug-25 6:04:00 AM AEST,nan,96.3,14.8,nan,nan,nan,42.40,nan,nan,nan,nan,nan
07-Aug-25 6:05:00 AM AEST,nan,96.5,nan,nan,nan,nan,nan,nan,nan,nan,nan,nan
07-Aug-25 6:07:00 AM AEST,nan,nan,14.9,nan,nan,nan,42.30,nan,nan,nan,nan,nan
07-Aug-25 6:08:00 AM AEST,nan,nan,14.8,nan,nan,nan,42.40,nan,nan,nan,nan,nan
07-Aug-25 6:10:00 AM AEST,nan,nan,nan,nan,nan,nan,42.30,nan,nan,nan,nan,nan
07-Aug-25 6:11:00 AM AEST,nan,nan,nan,nan,nan,nan,42.40,nan,nan,nan,nan,nan
07-Aug-25 6:12:00 AM AEST,nan,nan,nan,nan,nan,nan,42.30,nan,nan,nan,nan,nan
07-Aug-25 6:13:00 AM AEST,nan,96.7,nan,nan,nan,nan,42.40,nan,nan,nan,nan,0.80
07-Aug-25 6:14:00 AM AEST,nan,96.5,14.9,nan,nan,nan,nan,nan,nan,nan,nan,0.00
07-Aug-25 6:15:00 AM AEST,nan,96.7,nan,nan,nan,nan,42.30,nan,nan,nan,nan,nan
07-Aug-25 6:16:00 AM AEST,nan,nan,nan,nan,nan,nan,42.40,nan,nan,nan,nan,nan
07-Aug-25 6:18:00 AM AEST,nan,nan,14.8,nan,nan,nan,42.30,nan,nan,nan,nan,nan
07-Aug-25 6:19:00 AM AEST,nan,96.5,14.9,nan,nan,nan,42.40,nan,nan,nan,nan,nan
07-Aug-25 6:20:00 AM AEST,nan,96.7,14.8,nan,nan,nan,nan,nan,nan,nan,nan,nan
07-Aug-25 6:21:00 AM AEST,nan,96.8,14.9,nan,nan,nan,nan,nan,nan,nan,nan,nan
07-Aug-25 6:22:00 AM AEST,nan,96.7,nan,nan,nan,nan,42.30,nan,nan,nan,nan,nan
07-Aug-25 6:23:00 AM AEST,nan,nan,nan,nan,nan,nan,42.40,nan,nan,nan,nan,nan
07-Aug-25 6:24:00 AM AEST,nan,nan,14.8,nan,nan,nan,42.30,nan,nan,nan,nan,nan
07-Aug-25 6:25:00 AM AEST,nan,nan,14.9,nan,nan,nan,42.40,nan,nan,nan,nan,nan
07-Aug-25 6:26:00 AM AEST,nan,96.8,nan,nan,nan,nan,nan,nan,nan,nan,nan,nan
07-Aug-25 6:27:00 AM AEST,nan,96.7,nan,nan,nan,nan,42.30,nan,nan,nan,nan,nan
07-Aug-25 6:28:00 AM AEST,nan,nan,14.8,nan,nan,nan,42.40,0.01,1.20,0.10,42.50,nan
07-Aug-25 6:29:00 AM AEST,nan,96.8,nan,nan,nan,nan,42.30,0.00,0.00,0.00,0.00,nan
07-Aug-25 6:30:00 AM AEST,15.3,96.7,14.9,nan,nan,nan,42.40,nan,nan,nan,nan,nan
07-Aug-25 6:31:00 AM AEST,nan,nan,14.8,nan,nan,nan,nan,nan,nan,nan,nan,nan
07-Aug-25 6:31:04 AM AEST,15.4,nan,nan,nan,nan,nan,nan,nan,nan,nan,nan,nan
07-Aug-25 6:32:00 AM AEST,nan,96.8,nan,nan,nan,nan,42.30,nan,nan,nan,nan,nan
07-Aug-25 6:33:00 AM AEST,nan,96.7,14.9,nan,nan,nan,42.40,nan,nan,nan,nan,nan
07-Aug-25 6:34:00 AM AEST,nan,96.8,14.8,nan,nan,nan,nan,nan,nan,nan,nan,nan
07-Aug-25 6:35:00 AM AEST,nan,96.7,14.9,nan,nan,nan,nan,0.17,3.50,1.70,42.40,nan
07-Aug-25 6:36:00 AM AEST,15.5,96.8,nan,nan,nan,nan,42.30,0.11,nan,1.10,42.30,nan
07-Aug-25 6:37:00 AM AEST,nan,97.0,15.0,nan,nan,nan,42.40,0.00,0.00,0.00,0.00,1.60
07-Aug-25 6:37:04 AM AEST,15.4,nan,nan,nan,nan,nan,nan,nan,nan,nan,nan,nan
07-Aug-25 6:38:00 AM AEST,nan,96.8,nan,nan,nan,nan,nan,nan,nan,nan,nan,0.80
07-Aug-25 6:39:00 AM AEST,nan,nan,14.9,nan,nan,nan,nan,nan,nan,nan,nan,nan
07-Aug-25 6:40:00 AM AEST,nan,nan,nan,nan,nan,nan,42.30,nan,nan,nan,nan,1.70
07-Aug-25 6:41:00 AM AEST,nan,nan,nan,nan,nan,nan,42.40,nan,nan,nan,nan,1.60
07-Aug-25 6:42:00 AM AEST,nan,nan,nan,nan,nan,nan,nan,nan,nan,nan,nan,1.70
07-Aug-25 6:43:00 AM AEST,nan,nan,nan,nan,nan,nan,nan,0.01,1.20,0.10,42.50,1.60
07-Aug-25 6:44:00 AM AEST,nan,nan,nan,nan,nan,nan,nan,0.00,0.00,0.00,0.00,2.50
07-Aug-25 6:45:00 AM AEST,nan,97.0,nan,nan,nan,nan,42.30,0.01,1.20,0.10,42.50,nan
07-Aug-25 6:46:00 AM AEST,nan,96.8,15.0,nan,nan,nan,42.40,0.00,0.00,0.00,0.00,nan
07-Aug-25 6:47:00 AM AEST,nan,nan,14.9,nan,nan,nan,nan,nan,nan,nan,nan,3.30
07-Aug-25 6:48:00 AM AEST,nan,nan,nan,nan,nan,nan,nan,nan,nan,nan,nan,4.10
07-Aug-25 6:49:00 AM AEST,nan,nan,nan,nan,nan,nan,42.30,nan,nan,nan,nan,3.30
07-Aug-25 6:50:00 AM AEST,nan,nan,nan,nan,nan,nan,42.40,nan,nan,nan,nan,5.00
07-Aug-25 6:51:00 AM AEST,nan,nan,nan,nan,nan,nan,nan,0.03,2.40,0.30,42.60,4.20
07-Aug-25 6:52:00 AM AEST,15.5,97.0,nan,nan,nan,nan,nan,0.14,3.50,1.40,42.40,5.00
07-Aug-25 6:53:00 AM AEST,nan,nan,15.0,nan,nan,nan,nan,0.00,0.00,0.00,0.00,5.80
07-Aug-25 6:54:00 AM AEST,nan,nan,15.1,nan,nan,nan,42.30,nan,nan,nan,nan,5.00
07-Aug-25 6:55:00 AM AEST,nan,nan,15.0,nan,nan,nan,42.40,nan,nan,nan,nan,nan
07-Aug-25 6:56:00 AM AEST,15.4,96.8,nan,nan,nan,nan,nan,nan,nan,nan,nan,6.60
07-Aug-25 6:57:00 AM AEST,nan,97.0,14.9,nan,nan,nan,42.30,nan,nan,nan,nan,6.70
07-Aug-25 6:57:04 AM AEST,15.5,nan,nan,nan,nan,nan,nan,nan,nan,nan,nan,nan
07-Aug-25 6:58:00 AM AEST,nan,nan,15.0,nan,nan,nan,42.40,nan,nan,nan,nan,6.60
07-Aug-25 6:59:00 AM AEST,nan,nan,nan,nan,nan,nan,nan,nan,nan,nan,nan,7.50
07-Aug-25 7:00:04 AM AEST,nan,nan,nan,nan,nan,0.03,nan,nan,nan,nan,nan,nan
07-Aug-25 7:01:00 AM AEST,nan,nan,nan,nan,nan,nan,42.30,nan,nan,nan,nan,9.20
07-Aug-25 7:02:00 AM AEST,nan,nan,nan,nan,nan,nan,42.40,nan,nan,nan,nan,nan
07-Aug-25 7:03:00 AM AEST,nan,97.2,nan,nan,nan,nan,nan,nan,nan,nan,nan,10.00
07-Aug-25 7:04:00 AM AEST,15.6,nan,nan,nan,nan,nan,nan,nan,nan,nan,nan,nan
07-Aug-25 7:05:00 AM AEST,nan,97.0,15.1,nan,nan,nan,nan,nan,nan,nan,nan,10.80
07-Aug-25 7:05:04 AM AEST,15.5,nan,nan,nan,nan,nan,nan,nan,nan,nan,nan,nan
07-Aug-25 7:06:00 AM AEST,nan,97.2,nan,nan,nan,nan,nan,nan,nan,nan,nan,11.70
07-Aug-25 7:06:08 AM AEST,15.6,nan,nan,nan,nan,nan,nan,nan,nan,nan,nan,nan
07-Aug-25 7:07:00 AM AEST,nan,nan,nan,nan,nan,nan,nan,0.10,3.50,1.00,42.60,11.60
07-Aug-25 7:07:12 AM AEST,15.7,nan,nan,nan,nan,nan,nan,nan,nan,nan,nan,nan
07-Aug-25 7:08:00 AM AEST,nan,nan,15.2,nan,nan,nan,42.30,0.08,2.40,0.80,42.20,11.70
07-Aug-25 7:09:00 AM AEST,nan,nan,15.3,nan,nan,nan,42.40,0.00,0.00,0.00,0.00,12.50
07-Aug-25 7:10:00 AM AEST,15.8,97.3,15.2,nan,nan,nan,nan,nan,nan,nan,nan,11.70
07-Aug-25 7:11:00 AM AEST,nan,nan,15.3,nan,nan,nan,nan,nan,nan,nan,nan,12.50
07-Aug-25 7:12:00 AM AEST,15.7,nan,nan,nan,nan,nan,nan,nan,nan,nan,nan,13.30
07-Aug-25 7:13:00 AM AEST,nan,nan,nan,nan,nan,nan,nan,nan,nan,nan,nan,14.10
07-Aug-25 7:14:00 AM AEST,nan,97.2,nan,nan,nan,nan,42.30,nan,nan,nan,nan,14.20
07-Aug-25 7:15:00 AM AEST,nan,97.3,nan,nan,nan,nan,42.40,nan,nan,nan,nan,15.00
07-Aug-25 7:16:00 AM AEST,nan,97.2,15.2,nan,nan,nan,nan,nan,nan,nan,nan,15.80
07-Aug-25 7:17:00 AM AEST,nan,97.3,15.3,nan,nan,nan,nan,nan,nan,nan,nan,nan
07-Aug-25 7:18:00 AM AEST,15.8,97.2,nan,nan,nan,nan,nan,nan,nan,nan,nan,16.60
07-Aug-25 7:19:00 AM AEST,nan,97.3,nan,nan,nan,nan,nan,nan,nan,nan,nan,16.70
07-Aug-25 7:20:00 AM AEST,15.9,nan,15.4,nan,nan,nan,nan,nan,nan,nan,nan,16.60
07-Aug-25 7:21:00 AM AEST,nan,nan,nan,nan,nan,nan,nan,nan,nan,nan,nan,17.50
07-Aug-25 7:22:00 AM AEST,15.8,nan,nan,nan,nan,nan,nan,nan,nan,nan,nan,nan
07-Aug-25 7:23:00 AM AEST,nan,nan,nan,nan,nan,nan,nan,nan,nan,nan,nan,16.70
07-Aug-25 7:23:04 AM AEST,15.9,nan,nan,nan,nan,nan,nan,nan,nan,nan,nan,nan
07-Aug-25 7:24:00 AM AEST,nan,97.5,nan,nan,nan,nan,nan,nan,nan,nan,nan,17.50
07-Aug-25 7:25:00 AM AEST,nan,97.3,15.5,nan,nan,nan,nan,nan,nan,nan,nan,nan
07-Aug-25 7:26:00 AM AEST,nan,nan,nan,nan,nan,nan,nan,nan,nan,nan,nan,18.30
07-Aug-25 7:27:00 AM AEST,16.0,97.5,nan,nan,nan,nan,nan,nan,nan,nan,nan,nan
07-Aug-25 7:28:00 AM AEST,nan,nan,15.6,nan,nan,nan,nan,nan,nan,nan,nan,nan
07-Aug-25 7:29:00 AM AEST,nan,nan,nan,nan,nan,nan,nan,nan,nan,nan,nan,19.20
07-Aug-25 7:30:00 AM AEST,16.1,nan,nan,nan,nan,nan,nan,0.20,3.50,2.00,42.40,18.30
07-Aug-25 7:31:00 AM AEST,nan,nan,15.7,nan,nan,nan,42.30,0.24,nan,2.40,nan,19.10
07-Aug-25 7:31:04 AM AEST,16.2,nan,nan,nan,nan,nan,nan,nan,nan,nan,nan,nan
07-Aug-25 7:32:00 AM AEST,nan,97.7,15.8,nan,nan,nan,42.40,0.05,1.20,0.50,42.60,19.20
07-Aug-25 7:33:00 AM AEST,nan,nan,nan,nan,nan,nan,nan,0.12,2.40,1.20,42.30,19.10
07-Aug-25 7:34:00 AM AEST,16.3,97.5,nan,nan,nan,nan,nan,0.15,nan,1.50,42.50,22.50
07-Aug-25 7:35:00 AM AEST,nan,97.7,15.9,nan,nan,nan,nan,0.20,nan,2.00,42.40,24.10
07-Aug-25 7:36:00 AM AEST,nan,nan,nan,nan,nan,nan,nan,0.21,3.50,2.10,nan,21.70
07-Aug-25 7:37:00 AM AEST,nan,nan,nan,nan,nan,nan,nan,0.26,nan,2.60,nan,22.50
07-Aug-25 7:38:00 AM AEST,16.4,nan,16.0,nan,nan,nan,nan,0.11,2.40,1.10,nan,23.30
07-Aug-25 7:39:00 AM AEST,nan,97.8,nan,nan,nan,nan,nan,0.18,3.50,1.80,nan,21.60
07-Aug-25 7:40:00 AM AEST,nan,97.7,16.1,nan,nan,nan,nan,0.22,nan,2.20,nan,21.70
07-Aug-25 7:41:00 AM AEST,16.5,nan,16.0,nan,nan,nan,nan,0.21,nan,2.10,nan,21.60
07-Aug-25 7:42:00 AM AEST,nan,97.8,16.1,nan,nan,nan,42.50,0.19,nan,1.90,42.50,22.50
07-Aug-25 7:43:00 AM AEST,16.6,nan,16.2,nan,nan,nan,42.60,0.11,nan,1.10,42.60,24.10
07-Aug-25 7:44:00 AM AEST,nan,97.7,nan,nan,nan,nan,42.50,0.00,0.00,0.00,0.00,28.30
07-Aug-25 7:44:04 AM AEST,16.7,nan,nan,nan,nan,nan,nan,nan,nan,nan,nan,nan
07-Aug-25 7:45:00 AM AEST,nan,97.8,nan,nan,nan,nan,42.60,0.12,2.40,1.20,42.60,30.00
07-Aug-25 7:45:08 AM AEST,16.8,nan,nan,nan,nan,nan,nan,nan,nan,nan,nan,nan
07-Aug-25 7:46:00 AM AEST,nan,98.0,16.3,nan,nan,nan,42.50,0.15,nan,1.50,42.50,31.60
07-Aug-25 7:46:12 AM AEST,16.9,nan,nan,nan,nan,nan,nan,nan,nan,nan,nan,nan
07-Aug-25 7:47:00 AM AEST,nan,nan,16.5,nan,nan,nan,42.60,0.25,3.50,2.50,42.60,28.30
07-Aug-25 7:48:00 AM AEST,nan,98.2,nan,nan,nan,nan,nan,0.28,nan,2.80,nan,nan
07-Aug-25 7:49:00 AM AEST,17.0,98.0,16.6,nan,nan,nan,nan,0.18,nan,1.80,42.70,30.80
07-Aug-25 7:50:00 AM AEST,nan,98.2,16.7,nan,nan,nan,42.50,0.23,nan,2.30,42.60,27.50
07-Aug-25 7:51:00 AM AEST,17.1,nan,nan,nan,nan,nan,42.60,0.22,nan,2.20,nan,25.00
07-Aug-25 7:52:00 AM AEST,nan,98.0,16.8,nan,nan,nan,nan,0.02,2.40,0.20,nan,nan
07-Aug-25 7:53:00 AM AEST,17.2,98.2,nan,nan,nan,nan,nan,0.00,0.00,0.00,0.00,25.80
07-Aug-25 7:54:00 AM AEST,nan,nan,16.9,nan,nan,nan,33.20,0.35,7.10,3.50,31.40,27.50
07-Aug-25 7:54:04 AM AEST,17.3,nan,nan,nan,nan,nan,nan,nan,nan,nan,nan,nan
07-Aug-25 7:55:00 AM AEST,nan,nan,17.0,nan,nan,nan,23.10,0.17,4.70,1.70,23.30,36.70
07-Aug-25 7:55:08 AM AEST,17.4,nan,nan,nan,nan,nan,nan,nan,nan,nan,nan,nan
07-Aug-25 7:56:00 AM AEST,nan,nan,17.1,nan,nan,nan,23.30,0.04,2.40,0.40,23.20,34.10
07-Aug-25 7:56:12 AM AEST,17.5,nan,nan,nan,nan,nan,nan,nan,nan,nan,nan,nan
07-Aug-25 7:57:00 AM AEST,nan,98.3,17.2,nan,nan,nan,23.80,0.16,nan,1.60,23.80,30.00
07-Aug-25 7:57:16 AM AEST,17.6,nan,nan,nan,nan,nan,nan,nan,nan,nan,nan,nan
07-Aug-25 7:58:00 AM AEST,nan,nan,17.3,nan,nan,nan,nan,0.19,3.50,1.90,nan,30.80
07-Aug-25 7:58:20 AM AEST,17.7,nan,nan,nan,nan,nan,nan,nan,nan,nan,nan,nan
07-Aug-25 7:58:20 AM AEST,17.8,nan,nan,nan,nan,nan,nan,nan,nan,nan,nan,nan
07-Aug-25 7:59:00 AM AEST,nan,98.5,17.4,nan,nan,nan,nan,0.14,2.40,1.40,23.70,40.80
07-Aug-25 7:59:24 AM AEST,17.9,nan,nan,nan,nan,nan,nan,nan,nan,nan,nan,nan
07-Aug-25 8:00:00 AM AEST,nan,98.3,17.5,nan,nan,nan,nan,0.01,1.20,0.10,23.40,35.00
07-Aug-25 8:00:08 AM AEST,nan,nan,nan,nan,nan,0.12,nan,nan,nan,nan,nan,nan
07-Aug-25 8:01:00 AM AEST,nan,98.5,17.6,nan,nan,nan,nan,0.00,0.00,0.00,0.00,66.60
07-Aug-25 8:02:00 AM AEST,18.0,nan,17.7,nan,nan,nan,nan,nan,nan,nan,nan,112.50
07-Aug-25 8:03:00 AM AEST,nan,nan,17.8,nan,nan,nan,74.40,0.44,7.10,4.00,87.30,141.70
07-Aug-25 8:03:04 AM AEST,18.3,nan,nan,nan,nan,nan,nan,nan,nan,nan,nan,nan
07-Aug-25 8:04:00 AM AEST,nan,98.7,18.0,nan,nan,nan,275.50,0.34,5.90,3.40,276.20,165.00
07-Aug-25 8:04:08 AM AEST,18.5,nan,nan,nan,nan,nan,nan,nan,nan,nan,nan,nan
07-Aug-25 8:05:00 AM AEST,nan,nan,18.3,nan,nan,nan,265.20,0.11,2.40,1.10,265.30,199.10
07-Aug-25 8:05:12 AM AEST,18.6,nan,nan,nan,nan,nan,nan,nan,nan,nan,nan,nan
07-Aug-25 8:06:00 AM AEST,nan,nan,nan,nan,nan,nan,265.30,0.13,nan,1.30,nan,204.20
07-Aug-25 8:06:16 AM AEST,18.7,nan,nan,nan,nan,nan,nan,nan,nan,nan,nan,nan
07-Aug-25 8:07:00 AM AEST,nan,98.8,18.4,nan,nan,nan,265.20,0.03,1.20,0.30,265.20,209.10
07-Aug-25 8:07:20 AM AEST,18.8,nan,nan,nan,nan,nan,nan,nan,nan,nan,nan,nan
07-Aug-25 8:08:00 AM AEST,nan,98.7,18.5,nan,nan,nan,265.30,0.00,0.00,0.00,0.00,198.30
07-Aug-25 8:08:24 AM AEST,19.0,nan,nan,nan,nan,nan,nan,nan,nan,nan,nan,nan
07-Aug-25 8:09:00 AM AEST,nan,nan,18.6,nan,nan,nan,nan,0.01,1.20,0.10,266.40,157.50
07-Aug-25 8:09:28 AM AEST,19.1,nan,nan,nan,nan,nan,nan,nan,nan,nan,nan,nan
07-Aug-25 8:10:00 AM AEST,nan,98.5,18.8,nan,nan,nan,265.20,nan,nan,nan,nan,108.30
07-Aug-25 8:10:32 AM AEST,19.2,nan,nan,nan,nan,nan,nan,nan,nan,nan,nan,nan
07-Aug-25 8:11:00 AM AEST,nan,98.7,18.9,nan,nan,nan,265.30,0.12,2.40,1.20,265.30,174.20
07-Aug-25 8:11:36 AM AEST,19.3,nan,nan,nan,nan,nan,nan,nan,nan,nan,nan,nan
07-Aug-25 8:12:00 AM AEST,nan,98.5,19.0,nan,nan,nan,264.90,0.08,3.50,0.80,264.60,99.10
07-Aug-25 8:12:40 AM AEST,19.4,nan,nan,nan,nan,nan,nan,nan,nan,nan,nan,nan
07-Aug-25 8:13:00 AM AEST,nan,98.3,19.1,nan,nan,nan,263.90,0.07,2.40,0.70,263.90,127.50
07-Aug-25 8:13:44 AM AEST,19.5,nan,nan,nan,nan,nan,nan,nan,nan,nan,nan,nan
07-Aug-25 8:14:00 AM AEST,nan,98.2,nan,nan,nan,nan,260.90,0.31,9.50,3.00,254.80,152.50
07-Aug-25 8:14:48 AM AEST,19.7,nan,nan,nan,nan,nan,nan,nan,nan,nan,nan,nan
07-Aug-25 8:15:00 AM AEST,nan,97.7,19.2,nan,nan,nan,284.30,0.46,7.10,4.20,281.30,105.80
07-Aug-25 8:15:52 AM AEST,19.9,nan,nan,nan,nan,nan,nan,nan,nan,nan,nan,nan
07-Aug-25 8:16:00 AM AEST,nan,97.3,19.4,nan,nan,nan,nan,0.66,9.50,6.60,282.90,99.10
07-Aug-25 8:16:56 AM AEST,20.0,nan,nan,nan,nan,nan,nan,nan,nan,nan,nan,nan
07-Aug-25 8:17:00 AM AEST,nan,96.8,19.5,nan,nan,nan,288.00,0.22,4.70,2.20,288.00,105.00
07-Aug-25 8:18:00 AM AEST,nan,96.3,19.4,nan,nan,nan,288.10,0.11,3.50,1.10,287.90,102.50
07-Aug-25 8:19:00 AM AEST,nan,95.8,nan,nan,nan,nan,307.40,0.19,nan,1.90,311.90,nan
07-Aug-25 8:20:00 AM AEST,20.1,95.0,19.3,nan,nan,nan,323.20,0.11,2.40,1.10,323.10,105.80
07-Aug-25 8:21:00 AM AEST,nan,94.5,nan,nan,nan,nan,323.00,0.08,nan,0.80,322.90,130.80
07-Aug-25 8:22:00 AM AEST,nan,93.8,19.2,nan,nan,nan,323.10,0.03,nan,0.30,322.80,130.00
07-Aug-25 8:23:00 AM AEST,20.2,93.3,19.1,nan,nan,nan,nan,0.19,4.70,1.90,322.90,157.50
07-Aug-25 8:24:00 AM AEST,nan,92.7,nan,nan,nan,nan,319.80,0.49,8.30,4.90,319.90,165.00
07-Aug-25 8:24:04 AM AEST,20.4,nan,nan,nan,nan,nan,nan,nan,nan,nan,nan,nan
07-Aug-25 8:25:00 AM AEST,nan,91.8,nan,nan,nan,nan,318.60,0.11,3.50,1.10,318.60,153.30
07-Aug-25 8:26:00 AM AEST,20.6,91.2,nan,nan,nan,nan,326.00,0.71,10.60,7.00,328.10,210.80
07-Aug-25 8:27:00 AM AEST,nan,90.3,nan,nan,nan,nan,352.80,0.67,nan,6.50,353.60,200.80
07-Aug-25 8:27:04 AM AEST,20.7,nan,nan,nan,nan,nan,nan,nan,nan,nan,nan,nan
07-Aug-25 8:27:04 AM AEST,20.8,nan,nan,nan,nan,nan,nan,nan,nan,nan,nan,nan
07-Aug-25 8:28:00 AM AEST,nan,89.8,19.0,nan,nan,nan,12.70,0.27,7.10,2.70,12.70,145.00
07-Aug-25 8:29:00 AM AEST,nan,89.3,nan,nan,nan,nan,354.10,0.18,5.90,1.70,325.60,215.00
07-Aug-25 8:30:00 AM AEST,20.9,89.0,nan,nan,nan,nan,330.70,0.54,7.10,5.30,330.90,180.00
07-Aug-25 8:31:00 AM AEST,nan,88.2,nan,nan,nan,nan,319.40,0.41,5.90,4.00,319.80,156.60
07-Aug-25 8:32:00 AM AEST,21.0,87.5,18.9,nan,nan,nan,309.70,0.51,7.10,4.70,308.50,144.20
07-Aug-25 8:33:00 AM AEST,nan,87.0,nan,nan,nan,nan,325.60,0.18,3.50,1.80,325.60,145.80
07-Aug-25 8:33:04 AM AEST,21.1,nan,nan,nan,nan,nan,nan,nan,nan,nan,nan,nan
07-Aug-25 8:34:00 AM AEST,nan,86.8,18.8,nan,nan,nan,333.60,0.31,5.90,3.10,335.50,155.00
07-Aug-25 8:35:00 AM AEST,nan,86.3,nan,nan,nan,nan,339.10,0.18,3.50,1.80,339.10,145.80
07-Aug-25 8:36:00 AM AEST,21.2,86.0,nan,nan,nan,nan,355.20,0.35,5.90,3.50,356.20,143.30
07-Aug-25 8:37:00 AM AEST,nan,85.3,nan,nan,nan,nan,5.80,0.33,nan,3.30,5.90,147.50
07-Aug-25 8:37:04 AM AEST,21.3,nan,nan,nan,nan,nan,nan,nan,nan,nan,nan,nan
07-Aug-25 8:38:00 AM AEST,nan,85.2,18.7,nan,nan,nan,339.70,0.29,3.50,2.70,338.90,151.60
07-Aug-25 8:39:00 AM AEST,21.4,84.8,nan,nan,nan,nan,320.20,0.41,11.80,3.60,290.10,155.80
07-Aug-25 8:40:00 AM AEST,nan,83.8,nan,nan,nan,nan,317.70,0.69,10.60,6.80,316.10,154.10
07-Aug-25 8:41:00 AM AEST,21.5,83.5,18.6,nan,nan,nan,320.50,0.40,8.30,3.80,316.60,159.20
07-Aug-25 8:42:00 AM AEST,nan,83.0,nan,nan,nan,nan,312.40,0.47,nan,4.50,306.80,253.30
07-Aug-25 8:42:04 AM AEST,21.6,nan,nan,nan,nan,nan,nan,nan,nan,nan,nan,nan
07-Aug-25 8:43:00 AM AEST,nan,nan,18.5,nan,nan,nan,303.40,0.42,7.10,4.10,297.60,273.30
07-Aug-25 8:43:08 AM AEST,21.7,nan,nan,nan,nan,nan,nan,nan,nan,nan,nan,nan
07-Aug-25 8:44:00 AM AEST,nan,82.7,18.6,nan,nan,nan,296.50,0.33,4.70,3.30,296.50,221.70
07-Aug-25 8:45:00 AM AEST,nan,82.5,nan,nan,nan,nan,322.20,0.46,10.60,4.40,328.00,155.80
07-Aug-25 8:46:00 AM AEST,21.8,81.8,nan,nan,nan,nan,291.50,0.44,5.90,4.30,291.20,180.80
07-Aug-25 8:47:00 AM AEST,nan,81.3,nan,nan,nan,nan,290.70,0.51,7.10,4.90,289.70,430.80
07-Aug-25 8:47:04 AM AEST,21.9,nan,nan,nan,nan,nan,nan,nan,nan,nan,nan,nan
07-Aug-25 8:48:00 AM AEST,nan,nan,18.5,nan,nan,nan,339.60,0.48,nan,4.40,342.70,381.70
07-Aug-25 8:48:08 AM AEST,22.0,nan,nan,nan,nan,nan,nan,nan,nan,nan,nan,nan
07-Aug-25 8:48:08 AM AEST,22.1,nan,nan,nan,nan,nan,nan,nan,nan,nan,nan,nan
07-Aug-25 8:49:00 AM AEST,nan,81.0,18.6,nan,nan,nan,16.80,0.66,11.80,5.60,22.00,223.30
07-Aug-25 8:49:12 AM AEST,22.2,nan,nan,nan,nan,nan,nan,nan,nan,nan,nan,nan
07-Aug-25 8:50:00 AM AEST,nan,nan,18.7,nan,nan,nan,9.80,0.18,3.50,1.80,9.70,243.30
07-Aug-25 8:50:16 AM AEST,22.3,nan,nan,nan,nan,nan,nan,nan,nan,nan,nan,nan
07-Aug-25 8:51:00 AM AEST,nan,80.8,18.8,nan,nan,nan,338.10,0.37,8.30,3.40,322.60,423.30
07-Aug-25 8:51:20 AM AEST,22.4,nan,nan,nan,nan,nan,nan,nan,nan,nan,nan,nan
07-Aug-25 8:52:00 AM AEST,nan,79.8,nan,nan,nan,nan,305.70,0.60,9.50,6.00,306.70,450.00
07-Aug-25 8:52:24 AM AEST,22.6,nan,nan,nan,nan,nan,nan,nan,nan,nan,nan,nan
07-Aug-25 8:53:00 AM AEST,nan,79.3,18.7,nan,nan,nan,354.30,0.55,8.30,4.60,354.50,440.00
07-Aug-25 8:53:28 AM AEST,22.7,nan,nan,nan,nan,nan,nan,nan,nan,nan,nan,nan
07-Aug-25 8:54:00 AM AEST,nan,79.2,18.8,nan,nan,nan,358.40,0.40,7.10,3.70,351.80,466.60
07-Aug-25 8:54:32 AM AEST,22.8,nan,nan,nan,nan,nan,nan,nan,nan,nan,nan,nan
07-Aug-25 8:55:00 AM AEST,nan,78.8,18.9,nan,nan,nan,332.00,0.59,10.60,5.20,340.50,440.00
07-Aug-25 8:55:36 AM AEST,23.0,nan,nan,nan,nan,nan,nan,nan,nan,nan,nan,nan
07-Aug-25 8:56:00 AM AEST,nan,77.8,19.0,nan,nan,nan,303.40,0.82,14.20,7.90,310.20,484.90
07-Aug-25 8:57:00 AM AEST,nan,77.0,18.9,nan,nan,nan,332.60,0.67,13.00,5.70,329.00,232.50
07-Aug-25 8:58:00 AM AEST,23.1,76.7,18.8,nan,nan,nan,20.10,0.44,8.30,3.40,7.90,242.40
07-Aug-25 8:59:00 AM AEST,nan,nan,nan,nan,nan,nan,347.20,0.57,nan,5.60,348.80,360.80
07-Aug-25 9:00:12 AM AEST,nan,nan,nan,nan,nan,0.28,nan,nan,nan,nan,nan,nan
07-Aug-25 9:01:00 AM AEST,23.2,76.0,nan,nan,nan,nan,346.60,0.64,11.80,3.50,335.70,285.80
07-Aug-25 9:01:00 AM AEST,23.2,76.0,nan,nan,nan,nan,346.60,0.64,11.80,5.80,344.70,285.80
07-Aug-25 9:02:00 AM AEST,nan,75.3,nan,nan,nan,nan,313.20,0.33,5.90,3.00,315.30,266.70
07-Aug-25 9:02:04 AM AEST,23.3,nan,nan,nan,nan,nan,nan,nan,nan,nan,nan,nan
07-Aug-25 9:03:00 AM AEST,nan,74.8,18.7,nan,nan,nan,324.70,0.64,8.30,5.40,323.80,216.60
07-Aug-25 9:04:00 AM AEST,nan,74.7,18.6,nan,nan,nan,343.90,0.34,5.90,3.40,342.80,218.30
07-Aug-25 9:05:00 AM AEST,nan,74.5,18.5,nan,nan,nan,344.70,0.52,7.10,5.20,344.60,276.60
07-Aug-25 9:06:00 AM AEST,nan,74.0,nan,nan,nan,nan,285.60,0.62,9.50,5.70,276.80,463.30
07-Aug-25 9:07:00 AM AEST,23.4,73.3,18.4,nan,nan,nan,297.50,0.63,10.60,5.90,299.10,450.80
07-Aug-25 9:08:00 AM AEST,nan,nan,nan,nan,nan,nan,326.60,0.66,11.80,5.20,335.60,432.50
07-Aug-25 9:08:04 AM AEST,23.5,nan,nan,nan,nan,nan,nan,nan,nan,nan,nan,nan
07-Aug-25 9:09:00 AM AEST,nan,72.5,nan,nan,nan,nan,282.50,0.63,9.50,6.30,282.60,418.30
07-Aug-25 9:10:00 AM AEST,23.6,72.8,18.3,nan,nan,nan,304.60,0.35,8.30,3.50,304.50,412.40
07-Aug-25 9:11:00 AM AEST,nan,73.2,18.4,nan,nan,nan,296.60,0.14,7.10,1.30,279.00,410.00
07-Aug-25 9:11:04 AM AEST,23.7,nan,nan,nan,nan,nan,nan,nan,nan,nan,nan,nan
07-Aug-25 9:11:04 AM AEST,23.9,nan,nan,nan,nan,nan,nan,nan,nan,nan,nan,nan
07-Aug-25 9:12:00 AM AEST,nan,nan,18.6,nan,nan,nan,309.50,0.21,nan,1.70,293.10,410.80
07-Aug-25 9:12:08 AM AEST,24.1,nan,nan,nan,nan,nan,nan,nan,nan,nan,nan,nan
07-Aug-25 9:13:00 AM AEST,nan,73.0,18.8,nan,nan,nan,315.00,0.08,2.40,0.80,314.80,412.50
07-Aug-25 9:14:00 AM AEST,nan,72.2,18.9,nan,nan,nan,319.80,0.22,5.90,2.20,324.00,415.80
07-Aug-25 9:15:00 AM AEST,24.3,72.3,18.8,nan,nan,nan,321.50,0.17,4.70,1.70,320.80,385.80
07-Aug-25 9:16:00 AM AEST,nan,72.2,19.0,nan,nan,nan,320.20,0.29,nan,2.90,319.90,410.80
07-Aug-25 9:17:00 AM AEST,24.5,71.0,nan,nan,nan,nan,313.60,0.85,15.40,6.30,313.80,420.80
07-Aug-25 9:18:00 AM AEST,nan,69.8,18.9,nan,nan,nan,339.50,0.64,10.60,6.00,340.10,425.00
07-Aug-25 9:18:04 AM AEST,24.4,nan,nan,nan,nan,nan,nan,nan,nan,nan,nan,nan
07-Aug-25 9:19:00 AM AEST,nan,69.5,18.6,nan,nan,nan,10.20,0.38,7.10,2.90,22.00,426.60
07-Aug-25 9:19:08 AM AEST,24.5,nan,nan,nan,nan,nan,nan,nan,nan,nan,nan,nan
07-Aug-25 9:20:00 AM AEST,nan,69.3,nan,nan,nan,nan,10.90,0.54,nan,4.70,9.10,429.20
07-Aug-25 9:20:12 AM AEST,24.6,nan,nan,nan,nan,nan,nan,nan,nan,nan,nan,nan
07-Aug-25 9:20:12 AM AEST,24.7,nan,nan,nan,nan,nan,nan,nan,nan,nan,nan,nan
07-Aug-25 9:21:00 AM AEST,nan,69.2,nan,nan,nan,nan,16.00,0.26,4.70,2.00,5.80,433.30
07-Aug-25 9:22:00 AM AEST,24.8,69.3,nan,nan,nan,nan,322.90,0.66,8.30,6.50,322.00,435.00
07-Aug-25 9:23:00 AM AEST,nan,68.2,18.8,nan,nan,nan,6.10,0.80,14.20,5.90,354.20,439.10
07-Aug-25 9:24:00 AM AEST,24.7,67.0,18.5,nan,nan,nan,293.30,0.71,10.60,6.90,293.20,442.50
07-Aug-25 9:25:00 AM AEST,nan,nan,18.2,nan,nan,nan,285.60,0.49,8.30,4.50,282.10,445.00
07-Aug-25 9:26:00 AM AEST,nan,66.3,nan,nan,nan,nan,307.50,1.06,17.80,10.00,308.40,446.60
07-Aug-25 9:27:00 AM AEST,nan,66.5,18.0,nan,nan,nan,321.80,0.60,8.30,5.60,319.70,452.50
07-Aug-25 9:28:00 AM AEST,24.8,67.0,nan,nan,nan,nan,353.10,0.33,5.90,3.00,350.80,454.90
07-Aug-25 9:29:00 AM AEST,nan,nan,18.3,nan,nan,nan,323.40,0.64,11.80,5.50,317.60,459.20
07-Aug-25 9:29:04 AM AEST,24.9,nan,nan,nan,nan,nan,nan,nan,nan,nan,nan,nan
07-Aug-25 9:30:00 AM AEST,nan,66.2,nan,nan,nan,nan,298.30,0.67,nan,5.80,303.40,465.80
07-Aug-25 9:30:08 AM AEST,25.0,nan,nan,nan,nan,nan,nan,nan,nan,nan,nan,nan
07-Aug-25 9:30:08 AM AEST,24.9,nan,nan,nan,nan,nan,nan,nan,nan,nan,nan,nan
07-Aug-25 9:31:00 AM AEST,nan,65.8,18.2,nan,nan,nan,52.30,0.54,nan,3.90,33.50,467.40
07-Aug-25 9:31:12 AM AEST,25.0,nan,nan,nan,nan,nan,nan,nan,nan,nan,nan,nan
07-Aug-25 9:32:00 AM AEST,nan,66.3,18.1,nan,nan,nan,316.30,0.40,8.30,3.10,302.00,469.20
07-Aug-25 9:32:16 AM AEST,25.1,nan,nan,nan,nan,nan,nan,nan,nan,nan,nan,nan
07-Aug-25 9:33:00 AM AEST,nan,66.0,18.3,nan,nan,nan,305.20,0.41,7.10,3.40,308.30,469.10
07-Aug-25 9:33:20 AM AEST,25.4,nan,nan,nan,nan,nan,nan,nan,nan,nan,nan,nan
07-Aug-25 9:34:00 AM AEST,nan,66.3,nan,nan,nan,nan,6.40,0.51,9.50,5.00,5.50,466.70
07-Aug-25 9:34:24 AM AEST,25.3,nan,nan,nan,nan,nan,nan,nan,nan,nan,nan,nan
07-Aug-25 9:35:00 AM AEST,nan,66.2,18.7,nan,nan,nan,356.50,0.50,7.10,4.90,356.90,466.60
07-Aug-25 9:35:28 AM AEST,25.4,nan,nan,nan,nan,nan,nan,nan,nan,nan,nan,nan
07-Aug-25 9:36:00 AM AEST,nan,65.8,18.5,nan,nan,nan,4.00,0.72,11.80,6.90,6.00,470.00
07-Aug-25 9:36:32 AM AEST,25.3,nan,nan,nan,nan,nan,nan,nan,nan,nan,nan,nan
07-Aug-25 9:37:00 AM AEST,nan,64.7,nan,nan,nan,nan,324.70,0.90,13.00,8.40,326.30,475.00
07-Aug-25 9:38:00 AM AEST,nan,64.3,18.2,nan,nan,nan,333.20,0.70,10.60,5.30,339.20,473.30
07-Aug-25 9:39:00 AM AEST,25.4,64.5,18.1,nan,nan,nan,357.10,0.54,8.30,5.00,356.30,483.30
07-Aug-25 9:40:00 AM AEST,nan,64.0,18.2,nan,nan,nan,290.80,0.68,11.80,6.50,294.30,495.80
07-Aug-25 9:40:04 AM AEST,25.5,nan,nan,nan,nan,nan,nan,nan,nan,nan,nan,nan
07-Aug-25 9:40:04 AM AEST,25.4,nan,nan,nan,nan,nan,nan,nan,nan,nan,nan,nan
07-Aug-25 9:41:00 AM AEST,nan,62.8,nan,nan,nan,nan,292.60,0.97,17.80,9.00,287.00,497.50
07-Aug-25 9:41:08 AM AEST,25.5,nan,nan,nan,nan,nan,nan,nan,nan,nan,nan,nan
07-Aug-25 9:42:00 AM AEST,nan,63.8,17.8,nan,nan,nan,337.00,0.40,7.10,3.90,336.10,329.10
07-Aug-25 9:42:12 AM AEST,25.6,nan,nan,nan,nan,nan,nan,nan,nan,nan,nan,nan
07-Aug-25 9:43:00 AM AEST,nan,64.0,18.1,nan,nan,nan,335.50,0.28,4.70,2.80,335.60,193.30
07-Aug-25 9:43:16 AM AEST,25.7,nan,nan,nan,nan,nan,nan,nan,nan,nan,nan,nan
07-Aug-25 9:44:00 AM AEST,nan,63.7,18.3,nan,nan,nan,339.10,0.66,14.20,6.20,339.00,530.00
07-Aug-25 9:45:00 AM AEST,nan,63.3,nan,nan,nan,nan,336.90,0.70,10.60,6.50,335.70,524.10
07-Aug-25 9:46:00 AM AEST,nan,62.8,18.2,nan,nan,nan,352.80,0.60,11.80,5.10,345.70,244.20
07-Aug-25 9:47:00 AM AEST,nan,62.5,18.1,nan,nan,nan,340.60,0.54,8.30,4.80,344.10,264.10
07-Aug-25 9:48:00 AM AEST,nan,62.3,18.0,nan,nan,nan,344.60,0.50,7.10,2.80,345.90,243.30
07-Aug-25 9:49:00 AM AEST,25.6,nan,nan,nan,nan,nan,357.30,0.70,10.60,3.60,355.60,203.30
07-Aug-25 9:50:00 AM AEST,nan,nan,17.9,nan,nan,nan,299.90,0.63,13.00,5.60,299.70,256.60
07-Aug-25 9:51:00 AM AEST,nan,nan,nan,nan,nan,nan,320.70,0.64,9.50,5.20,321.60,605.80
07-Aug-25 9:52:00 AM AEST,25.7,63.0,nan,nan,nan,nan,335.10,0.51,7.10,4.20,336.90,421.60
07-Aug-25 9:53:00 AM AEST,nan,62.2,18.1,nan,nan,nan,302.00,0.72,14.20,5.10,299.00,279.20
07-Aug-25 9:54:00 AM AEST,nan,nan,17.9,nan,nan,nan,332.50,0.57,8.30,5.00,334.70,253.30
07-Aug-25 9:55:00 AM AEST,nan,nan,nan,nan,nan,nan,337.60,0.70,10.60,6.10,333.40,250.80
07-Aug-25 9:56:00 AM AEST,25.6,61.8,nan,nan,nan,nan,330.10,0.52,9.50,4.60,nan,254.20
07-Aug-25 9:57:00 AM AEST,nan,62.0,17.8,nan,nan,nan,350.70,0.70,10.60,6.50,352.40,344.10
07-Aug-25 9:57:04 AM AEST,25.7,nan,nan,nan,nan,nan,nan,nan,nan,nan,nan,nan
07-Aug-25 9:58:00 AM AEST,nan,61.8,nan,nan,nan,nan,346.00,0.50,9.50,4.90,343.00,383.30
07-Aug-25 9:59:00 AM AEST,nan,62.3,nan,nan,nan,nan,343.70,0.60,nan,5.70,342.40,284.10
07-Aug-25 10:00:00 AM AEST,nan,62.2,18.0,nan,nan,nan,312.00,0.50,7.10,4.50,315.40,473.30
07-Aug-25 10:00:16 AM AEST,nan,nan,nan,nan,nan,0.41,nan,nan,nan,nan,nan,nan
07-Aug-25 10:01:00 AM AEST,25.8,62.3,17.9,nan,nan,nan,313.40,0.27,9.50,2.60,307.60,234.20
07-Aug-25 10:02:00 AM AEST,nan,61.7,18.1,nan,nan,nan,297.30,0.64,10.60,6.30,295.70,275.80
07-Aug-25 10:03:00 AM AEST,25.7,nan,17.8,nan,nan,nan,331.40,0.62,9.50,5.90,329.30,217.50
07-Aug-25 10:04:00 AM AEST,nan,62.3,nan,nan,nan,nan,342.30,0.28,3.50,2.80,342.20,242.40
07-Aug-25 10:05:00 AM AEST,nan,61.7,18.0,nan,nan,nan,313.00,0.85,15.40,7.90,309.90,335.80
07-Aug-25 10:06:00 AM AEST,25.6,61.5,17.8,nan,nan,nan,300.90,0.75,10.60,7.10,301.10,288.30
07-Aug-25 10:07:00 AM AEST,nan,61.7,17.6,nan,nan,nan,322.90,0.78,11.80,7.30,321.00,276.70
07-Aug-25 10:08:00 AM AEST,25.5,61.5,17.7,nan,nan,nan,294.40,0.79,10.60,7.80,294.40,536.70
07-Aug-25 10:09:00 AM AEST,nan,61.7,17.6,nan,nan,nan,294.30,0.48,nan,4.80,294.10,365.80
07-Aug-25 10:09:04 AM AEST,25.6,nan,nan,nan,nan,nan,nan,nan,nan,nan,nan,nan
07-Aug-25 10:09:04 AM AEST,25.7,nan,nan,nan,nan,nan,nan,nan,nan,nan,nan,nan
07-Aug-25 10:10:00 AM AEST,nan,62.2,17.7,nan,nan,nan,324.70,0.62,11.80,5.80,330.90,294.20
07-Aug-25 10:11:00 AM AEST,nan,61.7,17.9,nan,nan,nan,330.00,0.75,nan,7.40,329.40,497.40
07-Aug-25 10:12:00 AM AEST,25.8,61.8,17.7,nan,nan,nan,330.40,0.20,4.70,2.00,330.40,385.00
07-Aug-25 10:13:00 AM AEST,nan,62.0,17.9,nan,nan,nan,320.00,0.22,3.50,2.20,320.10,524.10
07-Aug-25 10:13:04 AM AEST,26.0,nan,nan,nan,nan,nan,nan,nan,nan,nan,nan,nan
07-Aug-25 10:14:00 AM AEST,nan,62.3,18.1,nan,nan,nan,345.70,0.38,7.10,3.40,357.10,605.00
07-Aug-25 10:14:08 AM AEST,26.1,nan,nan,nan,nan,nan,nan,nan,nan,nan,nan,nan
07-Aug-25 10:14:08 AM AEST,26.2,nan,nan,nan,nan,nan,nan,nan,nan,nan,nan,nan
07-Aug-25 10:15:00 AM AEST,nan,62.0,18.3,nan,nan,nan,317.70,0.40,8.30,3.90,319.20,622.50
07-Aug-25 10:15:12 AM AEST,26.4,nan,nan,nan,nan,nan,nan,nan,nan,nan,nan,nan
07-Aug-25 10:16:00 AM AEST,nan,62.2,nan,nan,nan,nan,338.10,0.34,5.90,3.40,338.00,615.80
07-Aug-25 10:16:16 AM AEST,26.6,nan,nan,nan,nan,nan,nan,nan,nan,nan,nan,nan
07-Aug-25 10:17:00 AM AEST,nan,nan,18.6,nan,nan,nan,317.50,0.55,8.30,5.40,317.10,625.00
07-Aug-25 10:17:20 AM AEST,26.8,nan,nan,nan,nan,nan,nan,nan,nan,nan,nan,nan
07-Aug-25 10:18:00 AM AEST,nan,62.0,18.8,nan,nan,nan,317.70,0.35,5.90,3.50,316.90,634.90
07-Aug-25 10:18:24 AM AEST,27.0,nan,nan,nan,nan,nan,nan,nan,nan,nan,nan,nan
07-Aug-25 10:19:00 AM AEST,nan,61.5,18.9,nan,nan,nan,326.60,0.37,nan,3.60,325.50,349.20
07-Aug-25 10:19:28 AM AEST,27.1,nan,nan,nan,nan,nan,nan,nan,nan,nan,nan,nan
07-Aug-25 10:20:00 AM AEST,nan,61.0,nan,nan,nan,nan,348.20,0.50,13.00,4.00,14.20,717.50
07-Aug-25 10:20:32 AM AEST,27.0,nan,nan,nan,nan,nan,nan,nan,nan,nan,nan,nan
07-Aug-25 10:21:00 AM AEST,nan,59.3,nan,nan,nan,nan,301.60,1.00,15.40,7.30,305.40,729.90
07-Aug-25 10:22:00 AM AEST,nan,59.2,18.4,nan,nan,nan,283.90,0.64,11.80,5.60,294.50,744.20
07-Aug-25 10:23:00 AM AEST,nan,nan,18.3,nan,nan,nan,315.80,0.82,nan,7.60,318.40,477.40
07-Aug-25 10:24:00 AM AEST,nan,58.7,nan,nan,nan,nan,284.50,0.47,7.10,4.60,284.90,210.80
07-Aug-25 10:25:00 AM AEST,nan,58.8,18.2,nan,nan,nan,280.00,0.50,8.30,4.80,282.30,496.60
07-Aug-25 10:26:00 AM AEST,27.1,59.0,18.3,nan,nan,nan,270.30,0.37,5.90,3.60,272.30,607.50
07-Aug-25 10:27:00 AM AEST,nan,59.7,18.4,nan,nan,nan,286.00,0.52,10.60,5.10,288.60,725.00
07-Aug-25 10:27:04 AM AEST,27.3,nan,nan,nan,nan,nan,nan,nan,nan,nan,nan,nan
07-Aug-25 10:28:00 AM AEST,nan,58.2,18.7,nan,nan,nan,284.50,0.92,16.60,8.70,285.50,305.80
07-Aug-25 10:28:08 AM AEST,27.2,nan,nan,nan,nan,nan,nan,nan,nan,nan,nan,nan
07-Aug-25 10:28:08 AM AEST,26.9,nan,nan,nan,nan,nan,nan,nan,nan,nan,nan,nan
07-Aug-25 10:29:00 AM AEST,nan,57.3,18.2,nan,nan,nan,303.00,1.12,nan,10.80,301.60,192.50
07-Aug-25 10:29:12 AM AEST,26.8,nan,nan,nan,nan,nan,nan,nan,nan,nan,nan,nan
07-Aug-25 10:30:00 AM AEST,nan,57.8,17.8,nan,nan,nan,307.90,0.33,5.90,3.30,307.90,155.80
07-Aug-25 10:31:00 AM AEST,nan,58.2,nan,nan,nan,nan,302.50,0.62,7.10,6.00,303.00,432.50
07-Aug-25 10:32:00 AM AEST,26.9,58.8,17.9,nan,nan,nan,295.40,0.35,5.90,3.00,295.00,552.50
07-Aug-25 10:33:00 AM AEST,nan,nan,18.1,nan,nan,nan,272.80,0.63,8.30,5.70,275.00,736.60
07-Aug-25 10:34:00 AM AEST,27.0,58.7,18.2,nan,nan,nan,273.30,0.49,nan,4.80,274.50,754.20
07-Aug-25 10:35:00 AM AEST,nan,58.5,nan,nan,nan,nan,243.70,0.34,4.70,3.40,244.10,772.40
07-Aug-25 10:35:04 AM AEST,27.2,nan,nan,nan,nan,nan,nan,nan,nan,nan,nan,nan
07-Aug-25 10:36:00 AM AEST,nan,58.7,18.4,nan,nan,nan,257.70,0.29,nan,2.80,260.80,737.50
07-Aug-25 10:36:08 AM AEST,27.4,nan,nan,nan,nan,nan,nan,nan,nan,nan,nan,nan
07-Aug-25 10:37:00 AM AEST,nan,58.5,18.6,nan,nan,nan,276.90,0.62,8.30,4.90,279.20,232.50
07-Aug-25 10:37:12 AM AEST,27.5,nan,nan,nan,nan,nan,nan,nan,nan,nan,nan,nan
07-Aug-25 10:37:12 AM AEST,27.4,nan,nan,nan,nan,nan,nan,nan,nan,nan,nan,nan
07-Aug-25 10:38:00 AM AEST,nan,57.5,nan,nan,nan,nan,275.60,0.50,nan,nan,274.00,220.00
07-Aug-25 10:38:16 AM AEST,27.5,nan,nan,nan,nan,nan,nan,nan,nan,nan,nan,nan
07-Aug-25 10:39:00 AM AEST,nan,58.3,18.3,nan,nan,nan,282.40,0.33,4.70,3.30,283.60,768.30
07-Aug-25 10:39:20 AM AEST,27.6,nan,nan,nan,nan,nan,nan,nan,nan,nan,nan,nan
07-Aug-25 10:40:00 AM AEST,nan,58.8,18.6,nan,nan,nan,290.50,0.31,nan,3.10,290.40,691.60
07-Aug-25 10:40:24 AM AEST,27.7,nan,nan,nan,nan,nan,nan,nan,nan,nan,nan,nan
07-Aug-25 10:41:00 AM AEST,nan,58.5,18.8,nan,nan,nan,358.60,0.41,5.90,3.50,1.00,588.30
07-Aug-25 10:41:28 AM AEST,27.8,nan,nan,nan,nan,nan,nan,nan,nan,nan,nan,nan
07-Aug-25 10:42:00 AM AEST,nan,57.7,18.9,nan,nan,nan,265.10,0.44,8.30,3.80,269.90,828.30
07-Aug-25 10:42:32 AM AEST,27.9,nan,nan,nan,nan,nan,nan,nan,nan,nan,nan,nan
07-Aug-25 10:43:00 AM AEST,nan,56.8,18.7,nan,nan,nan,291.80,0.62,9.50,5.50,293.20,823.20
07-Aug-25 10:43:36 AM AEST,27.8,nan,nan,nan,nan,nan,nan,nan,nan,nan,nan,nan
07-Aug-25 10:44:00 AM AEST,nan,55.3,18.5,nan,nan,nan,268.60,0.94,11.80,8.50,268.70,811.70
07-Aug-25 10:44:40 AM AEST,27.7,nan,nan,nan,nan,nan,nan,nan,nan,nan,nan,nan
07-Aug-25 10:45:00 AM AEST,nan,55.2,18.0,nan,nan,nan,315.10,0.83,13.00,7.30,316.10,818.20
07-Aug-25 10:45:44 AM AEST,27.6,nan,nan,nan,nan,nan,nan,nan,nan,nan,nan,nan
07-Aug-25 10:46:00 AM AEST,nan,55.0,17.8,nan,nan,nan,292.70,1.05,18.90,9.80,290.20,813.30
07-Aug-25 10:47:00 AM AEST,nan,55.2,nan,nan,nan,nan,301.70,0.79,16.60,6.60,297.80,784.90
07-Aug-25 10:48:00 AM AEST,27.7,55.0,nan,nan,nan,nan,262.50,0.73,nan,7.00,262.50,717.50
07-Aug-25 10:49:00 AM AEST,nan,54.7,17.9,nan,nan,nan,301.00,0.75,11.80,7.10,298.00,787.50
07-Aug-25 10:49:04 AM AEST,27.8,nan,nan,nan,nan,nan,nan,nan,nan,nan,nan,nan
07-Aug-25 10:50:00 AM AEST,nan,53.8,17.8,nan,nan,nan,278.10,0.78,10.60,7.20,281.20,791.60
07-Aug-25 10:50:08 AM AEST,27.7,nan,nan,nan,nan,nan,nan,nan,nan,nan,nan,nan
07-Aug-25 10:51:00 AM AEST,nan,54.8,17.5,nan,nan,nan,252.50,0.63,11.80,3.70,267.00,718.30
07-Aug-25 10:51:12 AM AEST,27.9,nan,nan,nan,nan,nan,nan,nan,nan,nan,nan,nan
07-Aug-25 10:52:00 AM AEST,nan,55.7,17.9,nan,nan,nan,212.70,0.61,10.60,5.10,208.90,799.10
07-Aug-25 10:52:16 AM AEST,28.1,nan,nan,nan,nan,nan,nan,nan,nan,nan,nan,nan
07-Aug-25 10:53:00 AM AEST,nan,54.5,18.4,nan,nan,nan,231.00,0.92,11.80,5.00,233.80,748.30
07-Aug-25 10:53:20 AM AEST,28.0,nan,nan,nan,nan,nan,nan,nan,nan,nan,nan,nan
07-Aug-25 10:54:00 AM AEST,nan,nan,18.0,nan,nan,nan,291.90,0.93,14.20,8.80,290.20,657.50
07-Aug-25 10:55:00 AM AEST,nan,54.7,nan,nan,nan,nan,295.20,0.78,11.80,7.30,297.20,829.10
07-Aug-25 10:56:00 AM AEST,nan,54.3,nan,nan,nan,nan,299.90,1.08,20.10,9.80,301.50,806.70
07-Aug-25 10:57:00 AM AEST,27.9,53.3,nan,nan,nan,nan,320.00,1.23,18.90,11.40,318.60,766.60
07-Aug-25 10:58:00 AM AEST,nan,53.8,17.5,nan,nan,nan,318.00,0.98,14.20,9.50,318.50,635.00
07-Aug-25 10:59:00 AM AEST,28.0,54.7,17.7,nan,nan,nan,312.00,0.50,7.10,4.40,314.90,677.50
07-Aug-25 11:00:00 AM AEST,nan,54.3,18.0,nan,nan,nan,315.20,0.36,5.90,2.90,301.20,724.10
07-Aug-25 11:00:04 AM AEST,28.2,nan,nan,nan,nan,nan,nan,nan,nan,nan,nan,nan
07-Aug-25 11:00:20 AM AEST,nan,nan,nan,nan,nan,0.46,nan,nan,nan,nan,nan,nan
07-Aug-25 11:01:00 AM AEST,nan,nan,18.1,nan,nan,nan,319.80,0.51,11.80,4.20,312.70,735.80
07-Aug-25 11:01:08 AM AEST,28.4,nan,nan,nan,nan,nan,nan,nan,nan,nan,nan,nan
07-Aug-25 11:02:00 AM AEST,nan,53.7,18.3,nan,nan,nan,284.50,0.64,nan,4.70,286.50,664.10
07-Aug-25 11:02:12 AM AEST,28.3,nan,nan,nan,nan,nan,nan,nan,nan,nan,nan,nan
07-Aug-25 11:03:00 AM AEST,nan,53.2,18.1,nan,nan,nan,302.40,0.67,13.00,5.60,309.00,312.50
07-Aug-25 11:03:16 AM AEST,28.1,nan,nan,nan,nan,nan,nan,nan,nan,nan,nan,nan
07-Aug-25 11:04:00 AM AEST,nan,52.7,17.9,nan,nan,nan,281.80,0.72,10.60,5.80,285.00,320.80
07-Aug-25 11:05:00 AM AEST,28.0,53.3,17.5,nan,nan,nan,299.40,0.59,9.50,3.30,290.30,436.60
07-Aug-25 11:06:00 AM AEST,nan,nan,17.7,nan,nan,nan,292.00,0.76,11.80,6.70,290.00,766.70
07-Aug-25 11:06:00 AM AEST,nan,nan,17.6,nan,nan,nan,292.00,0.76,11.80,6.70,290.00,766.70
07-Aug-25 11:07:00 AM AEST,nan,53.7,nan,nan,nan,nan,248.40,0.35,9.50,3.50,249.30,668.30
07-Aug-25 11:08:00 AM AEST,28.1,53.8,17.7,nan,nan,nan,303.60,0.85,13.00,7.10,303.10,743.20
07-Aug-25 11:09:00 AM AEST,nan,53.7,17.9,nan,nan,nan,291.60,0.57,10.60,5.50,290.90,752.50
07-Aug-25 11:09:04 AM AEST,28.2,nan,nan,nan,nan,nan,nan,nan,nan,nan,nan,nan
07-Aug-25 11:10:00 AM AEST,nan,53.5,17.8,nan,nan,nan,230.70,0.59,9.50,4.70,218.00,739.20
07-Aug-25 11:10:08 AM AEST,28.3,nan,nan,nan,nan,nan,nan,nan,nan,nan,nan,nan
07-Aug-25 11:11:00 AM AEST,nan,53.2,17.9,nan,nan,nan,252.70,1.02,20.10,9.10,255.40,750.80
07-Aug-25 11:11:12 AM AEST,28.0,nan,nan,nan,nan,nan,nan,nan,nan,nan,nan,nan
07-Aug-25 11:12:00 AM AEST,nan,52.3,17.8,nan,nan,nan,290.70,1.08,17.80,9.60,289.60,763.20
07-Aug-25 11:12:16 AM AEST,27.9,nan,nan,nan,nan,nan,nan,nan,nan,nan,nan,nan
07-Aug-25 11:13:00 AM AEST,nan,52.5,17.4,nan,nan,nan,295.40,1.02,15.40,10.10,297.60,779.20
07-Aug-25 11:13:20 AM AEST,27.8,nan,nan,nan,nan,nan,nan,nan,nan,nan,nan,nan
07-Aug-25 11:14:00 AM AEST,nan,52.3,17.3,nan,nan,nan,300.00,0.98,14.20,9.20,300.90,774.10
07-Aug-25 11:15:00 AM AEST,nan,52.8,17.1,nan,nan,nan,268.30,0.67,13.00,4.80,273.90,764.20
07-Aug-25 11:16:00 AM AEST,27.9,nan,17.3,nan,nan,nan,279.70,1.08,17.80,9.50,281.80,759.20
07-Aug-25 11:17:00 AM AEST,nan,nan,17.4,nan,nan,nan,272.90,0.85,nan,8.00,276.00,757.40
07-Aug-25 11:17:04 AM AEST,27.7,nan,nan,nan,nan,nan,nan,nan,nan,nan,nan,nan
07-Aug-25 11:18:00 AM AEST,nan,53.7,17.2,nan,nan,nan,301.30,0.64,16.60,5.40,295.00,761.70
07-Aug-25 11:18:08 AM AEST,27.8,nan,nan,nan,nan,nan,nan,nan,nan,nan,nan,nan
07-Aug-25 11:19:00 AM AEST,nan,nan,17.6,nan,nan,nan,294.70,0.70,10.60,5.70,286.10,773.20
07-Aug-25 11:19:12 AM AEST,28.0,nan,nan,nan,nan,nan,nan,nan,nan,nan,nan,nan
07-Aug-25 11:20:00 AM AEST,nan,nan,17.7,nan,nan,nan,274.60,0.86,20.10,7.70,278.80,786.70
07-Aug-25 11:21:00 AM AEST,nan,53.3,nan,nan,nan,nan,264.80,0.77,14.20,6.80,266.30,780.00
07-Aug-25 11:22:00 AM AEST,27.9,53.2,nan,nan,nan,nan,288.10,1.05,20.10,9.50,290.60,774.10
07-Aug-25 11:23:00 AM AEST,nan,nan,17.4,nan,nan,nan,270.90,1.08,17.80,9.20,266.70,774.20
07-Aug-25 11:24:00 AM AEST,nan,53.5,17.5,nan,nan,nan,318.10,1.06,nan,10.00,319.30,778.20
07-Aug-25 11:25:00 AM AEST,nan,53.7,nan,nan,nan,nan,298.50,0.92,16.60,8.00,300.70,778.30
07-Aug-25 11:26:00 AM AEST,28.0,53.5,17.7,nan,nan,nan,259.50,0.50,10.60,4.20,262.90,782.50
07-Aug-25 11:27:00 AM AEST,nan,53.0,nan,nan,nan,nan,280.50,0.63,nan,5.50,284.80,797.40
07-Aug-25 11:27:04 AM AEST,28.2,nan,nan,nan,nan,nan,nan,nan,nan,nan,nan,nan
07-Aug-25 11:28:00 AM AEST,nan,52.5,nan,nan,nan,nan,274.70,0.72,9.50,5.10,279.70,808.30
07-Aug-25 11:29:00 AM AEST,28.3,52.8,17.6,nan,nan,nan,222.00,0.92,20.10,7.50,219.20,814.10
07-Aug-25 11:30:00 AM AEST,nan,53.0,17.7,nan,nan,nan,192.50,0.53,9.50,1.90,173.80,810.00
07-Aug-25 11:31:00 AM AEST,28.4,nan,17.8,nan,nan,nan,287.70,0.59,10.60,5.00,292.70,815.00
07-Aug-25 11:32:00 AM AEST,nan,52.8,17.9,nan,nan,nan,310.50,0.76,11.80,7.50,309.90,812.40
07-Aug-25 11:32:04 AM AEST,28.5,nan,nan,nan,nan,nan,nan,nan,nan,nan,nan,nan
07-Aug-25 11:33:00 AM AEST,nan,52.7,nan,nan,nan,nan,277.10,0.78,14.20,7.10,276.60,810.80
07-Aug-25 11:34:00 AM AEST,nan,nan,nan,nan,nan,nan,276.30,0.72,10.60,6.40,276.50,818.20
07-Aug-25 11:35:00 AM AEST,28.6,nan,nan,nan,nan,nan,308.00,0.66,14.20,4.50,314.50,803.30
07-Aug-25 11:36:00 AM AEST,nan,52.2,nan,nan,nan,nan,255.40,1.05,21.30,8.10,288.90,791.70
07-Aug-25 11:36:04 AM AEST,28.3,nan,nan,nan,nan,nan,nan,nan,nan,nan,nan,nan
07-Aug-25 11:37:00 AM AEST,nan,51.7,17.8,nan,nan,nan,276.50,0.82,14.20,4.20,290.40,787.40
07-Aug-25 11:37:08 AM AEST,28.5,nan,nan,nan,nan,nan,nan,nan,nan,nan,nan,nan
07-Aug-25 11:38:00 AM AEST,nan,52.7,17.4,nan,nan,nan,303.10,0.63,10.60,5.20,294.40,599.20
07-Aug-25 11:38:12 AM AEST,28.6,nan,nan,nan,nan,nan,nan,nan,nan,nan,nan,nan
07-Aug-25 11:39:00 AM AEST,nan,nan,17.9,nan,nan,nan,272.70,0.53,8.30,4.00,273.20,794.10
07-Aug-25 11:39:16 AM AEST,28.7,nan,nan,nan,nan,nan,nan,nan,nan,nan,nan,nan
07-Aug-25 11:40:00 AM AEST,nan,52.2,nan,nan,nan,nan,303.90,0.77,11.80,5.50,305.00,637.50
07-Aug-25 11:40:20 AM AEST,28.5,nan,nan,nan,nan,nan,nan,nan,nan,nan,nan,nan
07-Aug-25 11:41:00 AM AEST,nan,51.5,nan,nan,nan,nan,318.50,1.18,26.00,11.10,320.20,505.00
07-Aug-25 11:41:24 AM AEST,28.4,nan,nan,nan,nan,nan,nan,nan,nan,nan,nan,nan
07-Aug-25 11:42:00 AM AEST,nan,nan,17.5,nan,nan,nan,280.50,0.82,13.00,8.00,279.00,779.10
07-Aug-25 11:43:00 AM AEST,nan,51.7,17.4,nan,nan,nan,281.80,1.06,14.20,10.20,283.60,685.00
07-Aug-25 11:44:00 AM AEST,28.1,51.5,17.5,nan,nan,nan,283.20,0.94,13.00,9.10,282.60,788.20
07-Aug-25 11:45:00 AM AEST,nan,52.3,17.2,nan,nan,nan,219.30,0.50,9.50,3.50,232.90,195.00
07-Aug-25 11:45:04 AM AEST,28.2,nan,nan,nan,nan,nan,nan,nan,nan,nan,nan,nan
07-Aug-25 11:46:00 AM AEST,nan,52.8,17.5,nan,nan,nan,296.40,0.49,7.10,4.40,300.20,140.80
07-Aug-25 11:46:08 AM AEST,28.3,nan,nan,nan,nan,nan,nan,nan,nan,nan,nan,nan
07-Aug-25 11:47:00 AM AEST,nan,nan,17.8,nan,nan,nan,229.00,0.26,4.70,1.90,236.60,125.80
07-Aug-25 11:47:12 AM AEST,28.4,nan,nan,nan,nan,nan,nan,nan,nan,nan,nan,nan
07-Aug-25 11:48:00 AM AEST,nan,53.2,nan,nan,nan,nan,268.70,0.60,18.90,4.90,303.70,114.20
07-Aug-25 11:49:00 AM AEST,28.1,52.3,18.0,nan,nan,nan,268.80,0.76,10.60,7.10,267.50,102.50
07-Aug-25 11:50:00 AM AEST,nan,52.2,17.4,nan,nan,nan,336.20,0.75,11.80,6.00,331.20,97.50
07-Aug-25 11:50:04 AM AEST,27.8,nan,nan,nan,nan,nan,nan,nan,nan,nan,nan,nan
07-Aug-25 11:50:04 AM AEST,27.6,nan,nan,nan,nan,nan,nan,nan,nan,nan,nan,nan
07-Aug-25 11:51:00 AM AEST,nan,52.3,17.1,nan,nan,nan,310.00,1.01,14.20,8.40,306.10,105.00
07-Aug-25 11:51:08 AM AEST,27.4,nan,nan,nan,nan,nan,nan,nan,nan,nan,nan,nan
07-Aug-25 11:52:00 AM AEST,nan,52.5,17.0,nan,nan,nan,326.10,1.08,16.60,10.60,327.10,125.80
07-Aug-25 11:52:12 AM AEST,27.2,nan,nan,nan,nan,nan,nan,nan,nan,nan,nan,nan
07-Aug-25 11:53:00 AM AEST,nan,52.8,16.8,nan,nan,nan,289.60,0.79,14.20,7.60,294.70,153.30
07-Aug-25 11:54:00 AM AEST,nan,53.7,16.7,nan,nan,nan,337.50,0.43,8.30,4.30,337.00,185.00
07-Aug-25 11:55:00 AM AEST,27.4,54.2,17.0,nan,nan,nan,319.70,0.09,2.40,0.70,301.30,495.80
07-Aug-25 11:56:00 AM AEST,nan,54.3,17.3,nan,nan,nan,286.30,0.57,11.80,5.10,293.40,267.50
07-Aug-25 11:56:04 AM AEST,27.5,nan,nan,nan,nan,nan,nan,nan,nan,nan,nan,nan
07-Aug-25 11:57:00 AM AEST,nan,53.8,17.5,nan,nan,nan,286.70,0.59,8.30,5.20,288.90,151.60
07-Aug-25 11:57:08 AM AEST,27.4,nan,nan,nan,nan,nan,nan,nan,nan,nan,nan,nan
07-Aug-25 11:58:00 AM AEST,nan,54.2,17.2,nan,nan,nan,281.20,0.41,nan,4.00,282.60,155.00
07-Aug-25 11:58:12 AM AEST,27.3,nan,nan,nan,nan,nan,nan,nan,nan,nan,nan,nan
07-Aug-25 11:58:12 AM AEST,27.2,nan,nan,nan,nan,nan,nan,nan,nan,nan,nan,nan
07-Aug-25 11:59:00 AM AEST,nan,53.8,17.3,nan,nan,nan,324.80,0.93,14.20,9.10,325.20,212.50
07-Aug-25 12:00:00 PM AEST,27.1,54.2,17.0,nan,nan,nan,292.30,0.60,nan,5.80,296.90,450.80
07-Aug-25 12:00:24 PM AEST,nan,nan,nan,nan,nan,0.51,nan,nan,nan,nan,nan,nan
07-Aug-25 12:01:00 PM AEST,nan,55.0,nan,nan,nan,nan,226.70,0.39,7.10,2.80,208.60,705.70
07-Aug-25 12:01:04 PM AEST,27.3,nan,nan,nan,nan,nan,nan,nan,nan,nan,nan,nan
07-Aug-25 12:02:00 PM AEST,nan,55.3,17.4,nan,nan,nan,271.60,0.44,10.60,3.30,260.50,789.20
07-Aug-25 12:02:08 PM AEST,27.5,nan,nan,nan,nan,nan,nan,nan,nan,nan,nan,nan
07-Aug-25 12:03:00 PM AEST,nan,55.0,17.7,nan,nan,nan,275.60,0.57,11.80,4.90,264.40,479.20
07-Aug-25 12:03:12 PM AEST,27.6,nan,nan,nan,nan,nan,nan,nan,nan,nan,nan,nan
07-Aug-25 12:04:00 PM AEST,nan,54.2,nan,nan,nan,nan,301.30,0.51,8.30,3.40,303.90,454.90
07-Aug-25 12:04:16 PM AEST,27.7,nan,nan,nan,nan,nan,nan,nan,nan,nan,nan,nan
07-Aug-25 12:04:16 PM AEST,27.8,nan,nan,nan,nan,nan,nan,nan,nan,nan,nan,nan
07-Aug-25 12:05:00 PM AEST,nan,54.3,17.6,nan,nan,nan,322.40,0.35,10.60,nan,321.10,744.20
07-Aug-25 12:06:00 PM AEST,nan,54.0,17.7,nan,nan,nan,316.90,1.06,14.20,10.20,316.50,749.10
07-Aug-25 12:07:00 PM AEST,27.7,53.3,17.6,nan,nan,nan,289.50,0.88,17.80,8.40,286.80,768.30
07-Aug-25 12:08:00 PM AEST,nan,nan,17.4,nan,nan,nan,293.60,0.85,15.40,6.30,281.30,657.50
07-Aug-25 12:08:04 PM AEST,27.8,nan,nan,nan,nan,nan,nan,nan,nan,nan,nan,nan
07-Aug-25 12:09:00 PM AEST,nan,53.8,nan,nan,nan,nan,228.70,0.58,10.60,3.10,243.00,777.40
07-Aug-25 12:09:08 PM AEST,28.0,nan,nan,nan,nan,nan,nan,nan,nan,nan,nan,nan
07-Aug-25 12:10:00 PM AEST,nan,54.2,17.6,nan,nan,nan,307.40,0.56,8.30,5.40,307.50,215.00
07-Aug-25 12:11:00 PM AEST,nan,53.3,17.9,nan,nan,nan,281.10,0.44,10.60,4.20,284.10,264.90
07-Aug-25 12:12:00 PM AEST,nan,53.2,17.7,nan,nan,nan,314.20,0.88,14.20,8.10,313.10,610.80
07-Aug-25 12:13:00 PM AEST,nan,52.8,17.6,nan,nan,nan,334.50,0.85,10.60,7.90,334.30,160.80
07-Aug-25 12:14:00 PM AEST,27.8,52.7,17.4,nan,nan,nan,298.90,0.99,15.40,9.80,297.60,125.80
07-Aug-25 12:15:00 PM AEST,nan,52.5,17.3,nan,nan,nan,282.90,0.57,10.60,4.60,289.50,742.50
07-Aug-25 12:15:04 PM AEST,27.6,nan,nan,nan,nan,nan,nan,nan,nan,nan,nan,nan
07-Aug-25 12:16:00 PM AEST,nan,53.2,17.0,nan,nan,nan,306.90,0.52,9.50,5.20,307.60,737.40
07-Aug-25 12:16:08 PM AEST,27.8,nan,nan,nan,nan,nan,nan,nan,nan,nan,nan,nan
07-Aug-25 12:17:00 PM AEST,nan,54.2,17.4,nan,nan,nan,238.60,0.30,5.90,1.60,229.80,740.00
07-Aug-25 12:17:12 PM AEST,28.0,nan,nan,nan,nan,nan,nan,nan,nan,nan,nan,nan
07-Aug-25 12:18:00 PM AEST,nan,53.3,17.9,nan,nan,nan,250.60,0.66,10.60,2.20,267.50,756.70
07-Aug-25 12:18:16 PM AEST,28.1,nan,nan,nan,nan,nan,nan,nan,nan,nan,nan,nan
07-Aug-25 12:19:00 PM AEST,nan,53.2,17.7,nan,nan,nan,225.90,0.64,9.50,5.10,231.50,783.20
07-Aug-25 12:19:20 PM AEST,28.3,nan,nan,nan,nan,nan,nan,nan,nan,nan,nan,nan
07-Aug-25 12:20:00 PM AEST,nan,53.5,17.8,nan,nan,nan,323.70,0.60,nan,1.60,301.80,805.00
07-Aug-25 12:20:24 PM AEST,28.5,nan,nan,nan,nan,nan,nan,nan,nan,nan,nan,nan
07-Aug-25 12:21:00 PM AEST,nan,53.0,18.0,nan,nan,nan,267.00,0.61,nan,4.00,276.30,809.10
07-Aug-25 12:22:00 PM AEST,nan,52.2,nan,nan,nan,nan,243.00,0.87,18.90,6.00,215.80,813.30
07-Aug-25 12:23:00 PM AEST,nan,52.3,17.7,nan,nan,nan,277.90,0.70,13.00,5.60,285.80,788.30
07-Aug-25 12:24:00 PM AEST,nan,52.2,17.8,nan,nan,nan,284.60,0.93,nan,7.00,282.20,811.70
07-Aug-25 12:25:00 PM AEST,28.4,51.2,17.7,nan,nan,nan,266.20,0.76,10.60,6.20,269.70,818.30
07-Aug-25 12:26:00 PM AEST,nan,51.3,17.3,nan,nan,nan,280.90,0.99,14.20,8.60,282.40,829.90
07-Aug-25 12:26:04 PM AEST,28.3,nan,nan,nan,nan,nan,nan,nan,nan,nan,nan,nan
07-Aug-25 12:27:00 PM AEST,nan,51.2,nan,nan,nan,nan,260.60,0.89,15.40,6.60,273.60,819.20
07-Aug-25 12:27:08 PM AEST,28.2,nan,nan,nan,nan,nan,nan,nan,nan,nan,nan,nan
07-Aug-25 12:28:00 PM AEST,nan,51.8,17.1,nan,nan,nan,178.30,0.70,11.80,4.50,182.20,699.10
07-Aug-25 12:28:12 PM AEST,28.4,nan,nan,nan,nan,nan,nan,nan,nan,nan,nan,nan
07-Aug-25 12:28:12 PM AEST,28.5,nan,nan,nan,nan,nan,nan,nan,nan,nan,nan,nan
07-Aug-25 12:29:00 PM AEST,nan,51.3,17.5,nan,nan,nan,222.00,0.67,10.60,5.70,220.50,804.20
07-Aug-25 12:30:00 PM AEST,28.6,nan,nan,nan,nan,nan,276.30,0.58,9.50,4.80,285.70,588.30
07-Aug-25 12:31:00 PM AEST,nan,51.2,17.6,nan,nan,nan,301.00,0.39,5.90,2.80,297.40,816.60
07-Aug-25 12:31:04 PM AEST,28.7,nan,nan,nan,nan,nan,nan,nan,nan,nan,nan,nan
07-Aug-25 12:32:00 PM AEST,nan,51.7,nan,nan,nan,nan,242.50,0.38,4.70,3.20,237.50,807.50
07-Aug-25 12:32:08 PM AEST,28.9,nan,nan,nan,nan,nan,nan,nan,nan,nan,nan,nan
07-Aug-25 12:33:00 PM AEST,nan,51.3,18.0,nan,nan,nan,263.50,0.31,nan,3.10,263.30,802.40
07-Aug-25 12:33:12 PM AEST,29.1,nan,nan,nan,nan,nan,nan,nan,nan,nan,nan,nan
07-Aug-25 12:33:12 PM AEST,29.2,nan,nan,nan,nan,nan,nan,nan,nan,nan,nan,nan
07-Aug-25 12:34:00 PM AEST,nan,50.8,18.1,nan,nan,nan,215.40,0.65,11.80,2.10,257.50,799.20
07-Aug-25 12:34:16 PM AEST,28.9,nan,nan,nan,nan,nan,nan,nan,nan,nan,nan,nan
07-Aug-25 12:35:00 PM AEST,nan,50.0,18.0,nan,nan,nan,294.60,0.86,14.20,8.40,296.10,785.80
07-Aug-25 12:36:00 PM AEST,nan,50.2,17.5,nan,nan,nan,261.20,0.85,16.60,6.50,272.10,781.60
07-Aug-25 12:37:00 PM AEST,28.8,50.5,17.4,nan,nan,nan,270.60,0.64,11.80,3.00,255.10,777.50
07-Aug-25 12:38:00 PM AEST,nan,50.2,17.5,nan,nan,nan,281.90,1.31,17.80,12.40,282.50,776.60
07-Aug-25 12:38:04 PM AEST,28.7,nan,nan,nan,nan,nan,nan,nan,nan,nan,nan,nan
07-Aug-25 12:39:00 PM AEST,nan,49.8,17.3,nan,nan,nan,219.50,0.46,10.60,3.00,237.70,778.30
07-Aug-25 12:39:08 PM AEST,28.6,nan,nan,nan,nan,nan,nan,nan,nan,nan,nan,nan
07-Aug-25 12:39:08 PM AEST,28.8,nan,nan,nan,nan,nan,nan,nan,nan,nan,nan,nan
07-Aug-25 12:40:00 PM AEST,nan,51.2,17.1,nan,nan,nan,230.70,0.60,nan,4.40,239.90,780.00
07-Aug-25 12:41:00 PM AEST,28.9,50.5,17.7,nan,nan,nan,268.00,0.75,11.80,6.20,268.00,781.60
07-Aug-25 12:42:00 PM AEST,nan,50.2,17.6,nan,nan,nan,254.30,0.50,8.30,4.20,256.80,779.20
07-Aug-25 12:42:04 PM AEST,29.0,nan,nan,nan,nan,nan,nan,nan,nan,nan,nan,nan
07-Aug-25 12:43:00 PM AEST,nan,50.5,17.5,nan,nan,nan,204.80,0.59,11.80,3.60,231.30,774.10
07-Aug-25 12:43:08 PM AEST,29.2,nan,nan,nan,nan,nan,nan,nan,nan,nan,nan,nan
07-Aug-25 12:44:00 PM AEST,nan,49.2,17.8,nan,nan,nan,288.60,1.02,17.80,9.20,289.00,770.00
07-Aug-25 12:44:12 PM AEST,29.0,nan,nan,nan,nan,nan,nan,nan,nan,nan,nan,nan
07-Aug-25 12:45:00 PM AEST,nan,49.5,17.3,nan,nan,nan,nan,0.86,13.00,7.20,291.20,759.20
07-Aug-25 12:45:16 PM AEST,28.7,nan,nan,nan,nan,nan,nan,nan,nan,nan,nan,nan
07-Aug-25 12:46:00 PM AEST,nan,50.0,17.1,nan,nan,nan,288.10,0.89,11.80,7.50,286.00,751.60
07-Aug-25 12:46:20 PM AEST,28.8,nan,nan,nan,nan,nan,nan,nan,nan,nan,nan,nan
07-Aug-25 12:47:00 PM AEST,nan,50.3,17.2,nan,nan,nan,268.10,0.63,9.50,3.30,265.10,750.00
07-Aug-25 12:47:24 PM AEST,28.9,nan,nan,nan,nan,nan,nan,nan,nan,nan,nan,nan
07-Aug-25 12:48:00 PM AEST,nan,50.7,17.4,nan,nan,nan,281.80,0.87,14.20,7.00,284.90,754.10
07-Aug-25 12:48:28 PM AEST,28.7,nan,nan,nan,nan,nan,nan,nan,nan,nan,nan,nan
07-Aug-25 12:49:00 PM AEST,nan,50.2,17.6,nan,nan,nan,284.90,0.79,11.80,7.60,285.90,760.80
07-Aug-25 12:49:32 PM AEST,28.9,nan,nan,nan,nan,nan,nan,nan,nan,nan,nan,nan
07-Aug-25 12:50:00 PM AEST,nan,51.0,17.3,nan,nan,nan,199.00,0.45,9.50,1.70,244.50,768.30
07-Aug-25 12:50:36 PM AEST,29.0,nan,nan,nan,nan,nan,nan,nan,nan,nan,nan,nan
07-Aug-25 12:51:00 PM AEST,nan,50.5,17.7,nan,nan,nan,251.90,0.62,10.60,4.60,241.60,779.90
07-Aug-25 12:51:40 PM AEST,28.9,nan,nan,nan,nan,nan,nan,nan,nan,nan,nan,nan
07-Aug-25 12:52:00 PM AEST,nan,50.2,nan,nan,nan,nan,277.80,0.70,9.50,6.20,279.90,636.70
07-Aug-25 12:52:44 PM AEST,29.0,nan,nan,nan,nan,nan,nan,nan,nan,nan,nan,nan
07-Aug-25 12:53:00 PM AEST,nan,50.0,17.5,nan,nan,nan,293.60,0.60,8.30,4.60,294.80,765.70
07-Aug-25 12:53:48 PM AEST,29.1,nan,nan,nan,nan,nan,nan,nan,nan,nan,nan,nan
07-Aug-25 12:54:00 PM AEST,nan,50.5,nan,nan,nan,nan,209.10,0.80,14.20,6.80,202.00,758.30
07-Aug-25 12:54:52 PM AEST,29.3,nan,nan,nan,nan,nan,nan,nan,nan,nan,nan,nan
07-Aug-25 12:55:00 PM AEST,nan,52.2,17.7,nan,nan,nan,281.10,0.34,5.90,3.00,276.70,746.70
07-Aug-25 12:55:56 PM AEST,29.5,nan,nan,nan,nan,nan,nan,nan,nan,nan,nan,nan
07-Aug-25 12:56:00 PM AEST,nan,51.7,18.4,nan,nan,nan,247.60,0.62,9.50,4.60,246.30,744.90
07-Aug-25 12:57:00 PM AEST,29.4,51.2,18.5,nan,nan,nan,242.10,0.50,10.60,3.30,228.70,753.30
07-Aug-25 12:58:00 PM AEST,nan,51.5,18.3,nan,nan,nan,239.40,0.73,11.80,5.70,235.90,764.90
07-Aug-25 12:58:04 PM AEST,29.5,nan,nan,nan,nan,nan,nan,nan,nan,nan,nan,nan
07-Aug-25 12:59:00 PM AEST,nan,50.3,18.4,nan,nan,nan,223.20,0.79,10.60,nan,221.70,770.00
07-Aug-25 12:59:08 PM AEST,29.3,nan,nan,nan,nan,nan,nan,nan,nan,nan,nan,nan
07-Aug-25 1:00:28 PM AEST,nan,nan,nan,nan,nan,0.40,nan,nan,nan,nan,nan,nan
07-Aug-25 1:01:00 PM AEST,29.4,49.8,17.9,nan,nan,nan,219.40,0.54,14.20,2.30,233.60,758.30
07-Aug-25 1:01:00 PM AEST,29.4,50.3,17.7,nan,nan,nan,284.30,0.64,14.20,5.30,287.70,697.40
07-Aug-25 1:02:00 PM AEST,nan,49.5,18.0,nan,nan,nan,315.90,0.77,15.40,7.60,315.50,740.80
07-Aug-25 1:02:04 PM AEST,29.3,nan,nan,nan,nan,nan,nan,nan,nan,nan,nan,nan
07-Aug-25 1:03:00 PM AEST,nan,49.3,17.6,nan,nan,nan,277.60,0.66,11.80,4.60,269.90,752.40
07-Aug-25 1:03:08 PM AEST,29.4,nan,nan,nan,nan,nan,nan,nan,nan,nan,nan,nan
07-Aug-25 1:04:00 PM AEST,nan,50.2,17.5,nan,nan,nan,283.00,0.60,9.50,4.50,279.00,774.20
07-Aug-25 1:04:12 PM AEST,29.3,nan,nan,nan,nan,nan,nan,nan,nan,nan,nan,nan
07-Aug-25 1:05:00 PM AEST,nan,49.5,17.9,nan,nan,nan,299.00,0.86,17.80,8.10,297.10,791.70
07-Aug-25 1:05:16 PM AEST,29.2,nan,nan,nan,nan,nan,nan,nan,nan,nan,nan,nan
07-Aug-25 1:06:00 PM AEST,nan,49.7,17.7,nan,nan,nan,270.40,0.75,nan,6.80,276.70,785.70
07-Aug-25 1:06:20 PM AEST,29.3,nan,nan,nan,nan,nan,nan,nan,nan,nan,nan,nan
07-Aug-25 1:07:00 PM AEST,nan,49.8,17.6,nan,nan,nan,244.00,0.66,13.00,5.40,251.20,798.30
07-Aug-25 1:08:00 PM AEST,nan,49.7,17.7,nan,nan,nan,246.40,0.78,14.20,5.50,241.00,784.90
07-Aug-25 1:09:00 PM AEST,29.2,49.8,nan,nan,nan,nan,253.60,0.67,10.60,3.50,280.00,781.70
07-Aug-25 1:10:00 PM AEST,nan,50.5,nan,nan,nan,nan,314.30,0.46,7.10,1.60,307.50,776.70
07-Aug-25 1:10:04 PM AEST,29.4,nan,nan,nan,nan,nan,nan,nan,nan,nan,nan,nan
07-Aug-25 1:11:00 PM AEST,nan,50.0,18.1,nan,nan,nan,269.60,0.78,14.20,5.60,274.20,767.40
07-Aug-25 1:11:08 PM AEST,29.5,nan,nan,nan,nan,nan,nan,nan,nan,nan,nan,nan
07-Aug-25 1:12:00 PM AEST,nan,49.2,18.0,nan,nan,nan,293.10,1.07,15.40,10.30,292.60,761.70
07-Aug-25 1:12:12 PM AEST,29.3,nan,nan,nan,nan,nan,nan,nan,nan,nan,nan,nan
07-Aug-25 1:13:00 PM AEST,nan,49.3,17.5,nan,nan,nan,310.10,1.31,21.30,12.30,310.60,770.70
07-Aug-25 1:13:16 PM AEST,29.0,nan,nan,nan,nan,nan,nan,nan,nan,nan,nan,nan
07-Aug-25 1:14:00 PM AEST,nan,nan,17.3,nan,nan,nan,296.30,1.05,16.60,9.60,295.80,788.30
07-Aug-25 1:14:20 PM AEST,28.9,nan,nan,nan,nan,nan,nan,nan,nan,nan,nan,nan
07-Aug-25 1:15:00 PM AEST,nan,49.5,17.2,nan,nan,nan,288.60,0.84,14.20,7.20,291.40,770.00
07-Aug-25 1:15:24 PM AEST,28.8,nan,nan,nan,nan,nan,nan,nan,nan,nan,nan,nan
07-Aug-25 1:15:24 PM AEST,29.0,nan,nan,nan,nan,nan,nan,nan,nan,nan,nan,nan
07-Aug-25 1:16:00 PM AEST,nan,50.0,nan,nan,nan,nan,288.50,0.63,9.50,5.70,290.90,214.10
07-Aug-25 1:17:00 PM AEST,nan,49.5,17.5,nan,nan,nan,263.90,0.54,nan,4.80,270.00,245.80
07-Aug-25 1:18:00 PM AEST,nan,nan,17.3,nan,nan,nan,267.20,1.00,21.30,6.30,293.80,193.30
07-Aug-25 1:19:00 PM AEST,28.6,49.3,nan,nan,nan,nan,285.20,1.13,nan,9.10,283.80,630.00
07-Aug-25 1:20:00 PM AEST,nan,nan,16.9,nan,nan,nan,283.60,0.84,10.60,8.10,282.80,775.00
07-Aug-25 1:20:04 PM AEST,28.4,nan,nan,nan,nan,nan,nan,nan,nan,nan,nan,nan
07-Aug-25 1:21:00 PM AEST,nan,50.0,16.7,nan,nan,nan,262.40,0.83,13.00,6.40,260.60,793.20
07-Aug-25 1:21:08 PM AEST,28.8,nan,nan,nan,nan,nan,nan,nan,nan,nan,nan,nan
07-Aug-25 1:22:00 PM AEST,nan,51.5,17.0,nan,nan,nan,316.50,0.54,14.20,5.20,316.90,801.70
07-Aug-25 1:22:12 PM AEST,28.9,nan,nan,nan,nan,nan,nan,nan,nan,nan,nan,nan
07-Aug-25 1:23:00 PM AEST,nan,50.8,17.8,nan,nan,nan,216.20,0.67,13.00,3.60,208.20,570.80
07-Aug-25 1:23:16 PM AEST,29.0,nan,nan,nan,nan,nan,nan,nan,nan,nan,nan,nan
07-Aug-25 1:24:00 PM AEST,nan,nan,17.7,nan,nan,nan,266.80,0.85,10.60,6.30,269.60,266.70
07-Aug-25 1:24:20 PM AEST,28.9,nan,nan,nan,nan,nan,nan,nan,nan,nan,nan,nan
07-Aug-25 1:25:00 PM AEST,nan,50.3,17.8,nan,nan,nan,311.40,nan,11.80,nan,312.90,780.00
07-Aug-25 1:26:00 PM AEST,nan,50.2,17.5,nan,nan,nan,264.00,0.75,nan,4.80,263.30,527.40
07-Aug-25 1:27:00 PM AEST,28.8,50.0,17.4,nan,nan,nan,295.70,0.67,10.60,5.80,290.40,486.70
07-Aug-25 1:28:00 PM AEST,nan,50.5,17.3,nan,nan,nan,292.40,0.69,9.50,4.90,301.20,190.80
07-Aug-25 1:29:00 PM AEST,28.7,50.3,17.5,nan,nan,nan,274.70,0.68,nan,4.50,272.10,305.00
07-Aug-25 1:30:00 PM AEST,nan,50.5,17.4,nan,nan,nan,285.30,0.73,10.60,5.30,281.80,491.70
07-Aug-25 1:30:04 PM AEST,28.6,nan,nan,nan,nan,nan,nan,nan,nan,nan,nan,nan
07-Aug-25 1:31:00 PM AEST,nan,51.2,17.3,nan,nan,nan,271.30,0.75,9.50,6.50,272.80,505.80
07-Aug-25 1:31:08 PM AEST,28.7,nan,nan,nan,nan,nan,nan,nan,nan,nan,nan,nan
07-Aug-25 1:32:00 PM AEST,nan,51.3,17.5,nan,nan,nan,269.00,0.31,7.10,3.00,272.10,732.50
07-Aug-25 1:32:12 PM AEST,29.0,nan,nan,nan,nan,nan,nan,nan,nan,nan,nan,nan
07-Aug-25 1:33:00 PM AEST,nan,52.3,17.6,nan,nan,nan,272.60,0.49,13.00,2.30,284.40,743.20
07-Aug-25 1:34:00 PM AEST,nan,51.3,18.2,nan,nan,nan,287.50,0.72,10.60,6.40,290.20,747.50
07-Aug-25 1:35:00 PM AEST,29.2,52.2,18.0,nan,nan,nan,300.50,0.50,7.10,2.40,301.90,446.60
07-Aug-25 1:36:00 PM AEST,nan,50.7,18.4,nan,nan,nan,266.40,0.57,13.00,4.90,268.40,150.80
07-Aug-25 1:37:00 PM AEST,29.0,50.2,17.9,nan,nan,nan,267.30,0.64,9.50,nan,275.10,411.70
07-Aug-25 1:38:00 PM AEST,nan,50.8,17.6,nan,nan,nan,247.30,nan,nan,5.30,246.90,212.50
07-Aug-25 1:38:04 PM AEST,28.9,nan,nan,nan,nan,nan,nan,nan,nan,nan,nan,nan
07-Aug-25 1:39:00 PM AEST,nan,51.0,17.7,nan,nan,nan,294.50,0.51,8.30,3.40,295.00,145.80
07-Aug-25 1:39:08 PM AEST,28.8,nan,nan,nan,nan,nan,nan,nan,nan,nan,nan,nan
07-Aug-25 1:40:00 PM AEST,nan,51.2,nan,nan,nan,nan,325.30,0.45,9.50,4.40,324.00,233.30
07-Aug-25 1:40:12 PM AEST,28.7,nan,nan,nan,nan,nan,nan,nan,nan,nan,nan,nan
07-Aug-25 1:40:12 PM AEST,28.6,nan,nan,nan,nan,nan,nan,nan,nan,nan,nan,nan
07-Aug-25 1:41:00 PM AEST,nan,51.3,17.6,nan,nan,nan,300.30,0.66,11.80,6.30,302.40,663.30
07-Aug-25 1:42:00 PM AEST,nan,51.8,nan,nan,nan,nan,299.80,0.73,10.60,6.90,299.60,652.50
07-Aug-25 1:43:00 PM AEST,nan,nan,17.7,nan,nan,nan,280.30,0.76,nan,7.10,279.90,201.60
07-Aug-25 1:44:00 PM AEST,nan,52.2,nan,nan,nan,nan,196.90,0.43,7.10,2.90,210.20,134.20
07-Aug-25 1:45:00 PM AEST,nan,52.0,17.8,nan,nan,nan,275.50,0.62,11.80,6.00,275.70,130.80
07-Aug-25 1:46:00 PM AEST,28.5,nan,17.7,nan,nan,nan,256.50,0.44,nan,4.30,260.00,133.30
07-Aug-25 1:47:00 PM AEST,nan,52.2,nan,nan,nan,nan,290.40,0.57,10.60,5.40,287.50,190.80
07-Aug-25 1:47:04 PM AEST,28.4,nan,nan,nan,nan,nan,nan,nan,nan,nan,nan,nan
07-Aug-25 1:48:00 PM AEST,nan,52.7,17.6,nan,nan,nan,273.60,0.42,7.10,4.00,278.00,134.10
07-Aug-25 1:48:08 PM AEST,28.3,nan,nan,nan,nan,nan,nan,nan,nan,nan,nan,nan
07-Aug-25 1:49:00 PM AEST,nan,52.3,17.8,nan,nan,nan,281.40,0.69,11.80,6.50,282.50,265.80
07-Aug-25 1:49:12 PM AEST,28.1,nan,nan,nan,nan,nan,nan,nan,nan,nan,nan,nan
07-Aug-25 1:50:00 PM AEST,nan,52.2,17.6,nan,nan,nan,279.80,0.62,nan,6.00,279.20,144.10
07-Aug-25 1:50:16 PM AEST,28.0,nan,nan,nan,nan,nan,nan,nan,nan,nan,nan,nan
07-Aug-25 1:51:00 PM AEST,nan,nan,17.4,nan,nan,nan,333.80,0.86,14.20,8.40,335.80,175.00
07-Aug-25 1:52:00 PM AEST,nan,52.7,17.3,nan,nan,nan,258.90,0.59,20.10,4.90,280.00,434.20
07-Aug-25 1:53:00 PM AEST,27.9,nan,17.4,nan,nan,nan,215.30,0.54,9.50,3.90,223.80,304.10
07-Aug-25 1:54:00 PM AEST,nan,52.3,17.3,nan,nan,nan,298.60,0.74,11.80,6.20,302.30,145.80
07-Aug-25 1:54:04 PM AEST,27.8,nan,nan,nan,nan,nan,nan,nan,nan,nan,nan,nan
07-Aug-25 1:55:00 PM AEST,nan,52.2,17.2,nan,nan,nan,296.40,0.54,8.30,4.40,302.40,474.10
07-Aug-25 1:56:00 PM AEST,nan,52.3,17.1,nan,nan,nan,318.50,0.97,15.40,8.90,318.70,223.30
07-Aug-25 1:57:00 PM AEST,27.7,52.7,nan,nan,nan,nan,291.50,0.62,10.60,5.80,294.90,165.80
07-Aug-25 1:58:00 PM AEST,nan,52.5,17.2,nan,nan,nan,289.80,0.40,5.90,4.00,289.80,113.30
07-Aug-25 1:58:04 PM AEST,27.8,nan,nan,nan,nan,nan,nan,nan,nan,nan,nan,nan
07-Aug-25 1:59:00 PM AEST,nan,52.3,nan,nan,nan,nan,275.70,0.45,8.30,4.40,277.60,124.20
07-Aug-25 2:00:32 PM AEST,nan,nan,nan,nan,nan,0.25,nan,nan,nan,nan,nan,nan
07-Aug-25 2:01:00 PM AEST,27.5,52.2,16.9,nan,nan,nan,307.90,0.61,9.50,5.10,304.90,360.00
07-Aug-25 2:02:00 PM AEST,nan,52.7,16.8,nan,nan,nan,296.40,0.56,8.30,5.50,296.70,589.20
07-Aug-25 2:03:00 PM AEST,27.7,53.0,17.0,nan,nan,nan,294.60,0.22,3.50,2.20,294.50,664.10
07-Aug-25 2:04:00 PM AEST,nan,53.5,17.2,nan,nan,nan,294.90,0.15,nan,1.50,295.00,394.20
07-Aug-25 2:04:04 PM AEST,27.9,nan,nan,nan,nan,nan,nan,nan,nan,nan,nan,nan
07-Aug-25 2:05:00 PM AEST,nan,nan,17.6,nan,nan,nan,302.10,0.62,9.50,5.50,297.40,678.30
07-Aug-25 2:05:08 PM AEST,28.1,nan,nan,nan,nan,nan,nan,nan,nan,nan,nan,nan
07-Aug-25 2:05:08 PM AEST,28.0,nan,nan,nan,nan,nan,nan,nan,nan,nan,nan,nan
07-Aug-25 2:06:00 PM AEST,nan,52.2,17.8,nan,nan,nan,268.50,0.83,14.20,7.20,260.90,577.50
07-Aug-25 2:06:12 PM AEST,28.1,nan,nan,nan,nan,nan,nan,nan,nan,nan,nan,nan
07-Aug-25 2:07:00 PM AEST,nan,52.7,17.3,nan,nan,nan,316.00,0.74,13.00,7.00,320.90,541.60
07-Aug-25 2:07:16 PM AEST,28.3,nan,nan,nan,nan,nan,nan,nan,nan,nan,nan,nan
07-Aug-25 2:08:00 PM AEST,nan,52.8,17.5,nan,nan,nan,277.30,0.60,8.30,5.10,277.30,178.30
07-Aug-25 2:08:20 PM AEST,28.2,nan,nan,nan,nan,nan,nan,nan,nan,nan,nan,nan
07-Aug-25 2:09:00 PM AEST,nan,52.5,17.7,nan,nan,nan,280.50,0.73,14.20,7.10,283.40,nan
07-Aug-25 2:09:24 PM AEST,28.1,nan,nan,nan,nan,nan,nan,nan,nan,nan,nan,nan
07-Aug-25 2:10:00 PM AEST,nan,nan,17.6,nan,nan,nan,285.40,0.71,10.60,6.20,287.90,532.40
07-Aug-25 2:10:28 PM AEST,28.2,nan,nan,nan,nan,nan,nan,nan,nan,nan,nan,nan
07-Aug-25 2:11:00 PM AEST,nan,nan,17.4,nan,nan,nan,303.80,0.59,13.00,4.70,310.70,230.80
07-Aug-25 2:11:32 PM AEST,28.0,nan,nan,nan,nan,nan,nan,nan,nan,nan,nan,nan
07-Aug-25 2:12:00 PM AEST,nan,52.3,17.6,nan,nan,nan,290.20,0.95,16.60,8.40,299.20,614.10
07-Aug-25 2:13:00 PM AEST,nan,52.8,17.4,nan,nan,nan,315.70,1.33,20.10,11.40,307.70,556.70
07-Aug-25 2:14:00 PM AEST,27.8,53.0,17.5,nan,nan,nan,261.20,0.95,17.80,8.20,262.70,568.30
07-Aug-25 2:15:00 PM AEST,nan,53.7,17.3,nan,nan,nan,262.20,0.60,9.50,4.60,264.10,510.80
07-Aug-25 2:15:04 PM AEST,27.9,nan,nan,nan,nan,nan,nan,nan,nan,nan,nan,nan
07-Aug-25 2:15:04 PM AEST,28.0,nan,nan,nan,nan,nan,nan,nan,nan,nan,nan,nan
07-Aug-25 2:16:00 PM AEST,nan,54.3,17.6,nan,nan,nan,229.00,0.64,10.60,2.90,227.80,214.20
07-Aug-25 2:16:08 PM AEST,27.9,nan,nan,nan,nan,nan,nan,nan,nan,nan,nan,nan
07-Aug-25 2:17:00 PM AEST,nan,54.0,17.9,nan,nan,nan,274.90,0.99,15.40,8.90,277.60,269.90
07-Aug-25 2:17:12 PM AEST,27.8,nan,nan,nan,nan,nan,nan,nan,nan,nan,nan,nan
07-Aug-25 2:18:00 PM AEST,nan,54.3,17.8,nan,nan,nan,262.70,0.86,14.20,6.10,270.30,323.30
07-Aug-25 2:18:16 PM AEST,27.6,nan,nan,nan,nan,nan,nan,nan,nan,nan,nan,nan
07-Aug-25 2:19:00 PM AEST,nan,nan,17.7,nan,nan,nan,281.40,0.85,nan,8.10,284.20,188.30
07-Aug-25 2:20:00 PM AEST,nan,54.8,17.6,nan,nan,nan,172.50,0.43,7.10,2.90,167.40,196.60
07-Aug-25 2:21:00 PM AEST,nan,55.0,17.7,nan,nan,nan,274.00,0.60,14.20,4.80,286.90,194.20
07-Aug-25 2:22:00 PM AEST,27.5,nan,17.8,nan,nan,nan,295.80,0.98,15.40,9.40,293.70,192.50
07-Aug-25 2:23:00 PM AEST,nan,nan,17.7,nan,nan,nan,298.30,0.85,11.80,7.30,299.20,195.80
07-Aug-25 2:23:04 PM AEST,27.4,nan,nan,nan,nan,nan,nan,nan,nan,nan,nan,nan
07-Aug-25 2:24:00 PM AEST,nan,nan,17.5,nan,nan,nan,267.10,1.02,14.20,9.00,266.20,156.60
07-Aug-25 2:24:08 PM AEST,27.2,nan,nan,nan,nan,nan,nan,nan,nan,nan,nan,nan
07-Aug-25 2:25:00 PM AEST,nan,55.3,17.4,nan,nan,nan,283.90,0.78,11.80,6.10,276.70,160.80
07-Aug-25 2:25:12 PM AEST,27.1,nan,nan,nan,nan,nan,nan,nan,nan,nan,nan,nan
07-Aug-25 2:26:00 PM AEST,nan,55.5,nan,nan,nan,nan,271.70,1.07,14.20,7.00,272.90,190.80
07-Aug-25 2:27:00 PM AEST,nan,56.0,nan,nan,nan,nan,275.70,0.41,7.10,3.60,270.10,289.20
07-Aug-25 2:28:00 PM AEST,27.2,nan,17.6,nan,nan,nan,272.70,0.46,5.90,4.40,273.00,602.50
07-Aug-25 2:29:00 PM AEST,nan,56.2,17.7,nan,nan,nan,278.50,0.64,9.50,6.00,279.50,597.40
07-Aug-25 2:29:04 PM AEST,27.3,nan,nan,nan,nan,nan,nan,nan,nan,nan,nan,nan
07-Aug-25 2:30:00 PM AEST,nan,55.3,17.8,nan,nan,nan,306.50,0.76,11.80,6.70,305.50,260.00
07-Aug-25 2:30:08 PM AEST,27.4,nan,nan,nan,nan,nan,nan,nan,nan,nan,nan,nan
07-Aug-25 2:31:00 PM AEST,nan,54.7,17.7,nan,nan,nan,273.70,0.64,9.50,6.00,276.70,219.20
07-Aug-25 2:32:00 PM AEST,nan,55.2,17.4,nan,nan,nan,291.10,0.80,14.20,7.50,289.70,204.10
07-Aug-25 2:33:00 PM AEST,27.3,55.3,17.6,nan,nan,nan,308.50,0.57,8.30,5.30,310.00,205.00
07-Aug-25 2:34:00 PM AEST,nan,55.5,nan,nan,nan,nan,157.20,0.40,5.90,1.60,166.00,205.80
07-Aug-25 2:34:04 PM AEST,27.4,nan,nan,nan,nan,nan,nan,nan,nan,nan,nan,nan
07-Aug-25 2:35:00 PM AEST,nan,55.2,17.7,nan,nan,nan,143.50,0.67,15.40,2.80,310.10,206.70
07-Aug-25 2:35:08 PM AEST,27.2,nan,nan,nan,nan,nan,nan,nan,nan,nan,nan,nan
07-Aug-25 2:36:00 PM AEST,nan,55.0,17.6,nan,nan,nan,273.80,0.55,13.00,5.40,277.00,202.50
07-Aug-25 2:36:12 PM AEST,27.4,nan,nan,nan,nan,nan,nan,nan,nan,nan,nan,nan
07-Aug-25 2:37:00 PM AEST,nan,55.3,17.4,nan,nan,nan,259.80,0.22,3.50,2.20,260.40,201.60
07-Aug-25 2:37:16 PM AEST,27.3,nan,nan,nan,nan,nan,nan,nan,nan,nan,nan,nan
07-Aug-25 2:38:00 PM AEST,nan,nan,17.6,nan,nan,nan,286.70,0.89,17.80,6.70,292.10,204.20
07-Aug-25 2:38:20 PM AEST,27.2,nan,nan,nan,nan,nan,nan,nan,nan,nan,nan,nan
07-Aug-25 2:39:00 PM AEST,nan,55.5,nan,nan,nan,nan,257.00,0.56,9.50,5.30,252.40,199.10
07-Aug-25 2:39:24 PM AEST,27.1,nan,nan,nan,nan,nan,nan,nan,nan,nan,nan,nan
07-Aug-25 2:40:00 PM AEST,nan,56.0,17.5,nan,nan,nan,270.60,0.71,16.60,5.70,262.30,185.80
07-Aug-25 2:40:28 PM AEST,27.0,nan,nan,nan,nan,nan,nan,nan,nan,nan,nan,nan
07-Aug-25 2:41:00 PM AEST,nan,56.2,17.6,nan,nan,nan,258.90,0.57,11.80,3.20,243.50,160.80
07-Aug-25 2:41:32 PM AEST,27.1,nan,nan,nan,nan,nan,nan,nan,nan,nan,nan,nan
07-Aug-25 2:42:00 PM AEST,nan,56.8,17.5,nan,nan,nan,295.00,0.31,4.70,2.60,294.10,144.20
07-Aug-25 2:42:36 PM AEST,27.0,nan,nan,nan,nan,nan,nan,nan,nan,nan,nan,nan
07-Aug-25 2:43:00 PM AEST,nan,57.0,17.8,nan,nan,nan,259.60,0.72,17.80,5.50,252.40,133.30
07-Aug-25 2:43:40 PM AEST,26.9,nan,nan,nan,nan,nan,nan,nan,nan,nan,nan,nan
07-Aug-25 2:44:00 PM AEST,nan,57.2,nan,nan,nan,nan,313.70,0.79,15.40,7.50,315.70,125.80
07-Aug-25 2:44:44 PM AEST,26.8,nan,nan,nan,nan,nan,nan,nan,nan,nan,nan,nan
07-Aug-25 2:45:00 PM AEST,nan,57.5,17.7,nan,nan,nan,308.30,0.55,8.30,5.10,308.70,nan
07-Aug-25 2:46:00 PM AEST,nan,57.8,nan,nan,nan,nan,296.90,0.59,nan,5.60,296.20,136.60
07-Aug-25 2:47:00 PM AEST,nan,nan,17.8,nan,nan,nan,285.90,0.43,7.10,2.80,287.70,150.80
07-Aug-25 2:48:00 PM AEST,26.7,57.5,nan,nan,nan,nan,297.90,0.47,nan,4.50,294.20,163.30
07-Aug-25 2:49:00 PM AEST,nan,57.7,17.6,nan,nan,nan,289.10,0.77,16.60,6.70,293.50,176.60
07-Aug-25 2:50:00 PM AEST,nan,58.0,17.7,nan,nan,nan,299.80,0.43,7.10,3.80,293.00,197.50
07-Aug-25 2:51:00 PM AEST,nan,58.3,17.8,nan,nan,nan,186.70,0.62,8.30,2.70,194.70,205.80
07-Aug-25 2:52:00 PM AEST,nan,nan,17.9,nan,nan,nan,260.40,0.43,7.10,4.30,259.50,195.80
07-Aug-25 2:53:00 PM AEST,26.8,58.5,17.8,nan,nan,nan,234.60,0.54,15.40,3.50,242.40,190.00
07-Aug-25 2:54:00 PM AEST,nan,58.7,17.9,nan,nan,nan,288.50,0.78,14.20,7.50,289.80,172.50
07-Aug-25 2:54:04 PM AEST,26.6,nan,nan,nan,nan,nan,nan,nan,nan,nan,nan,nan
07-Aug-25 2:55:00 PM AEST,nan,58.8,nan,nan,nan,nan,300.30,0.67,13.00,6.50,303.20,170.00
07-Aug-25 2:55:08 PM AEST,26.7,nan,nan,nan,nan,nan,nan,nan,nan,nan,nan,nan
07-Aug-25 2:56:00 PM AEST,nan,58.5,nan,nan,nan,nan,280.90,0.85,14.20,7.50,280.80,166.60
07-Aug-25 2:56:12 PM AEST,26.6,nan,nan,nan,nan,nan,nan,nan,nan,nan,nan,nan
07-Aug-25 2:57:00 PM AEST,nan,58.3,17.8,nan,nan,nan,271.50,0.75,11.80,7.10,272.80,160.80
07-Aug-25 2:57:16 PM AEST,26.4,nan,nan,nan,nan,nan,nan,nan,nan,nan,nan,nan
07-Aug-25 2:58:00 PM AEST,nan,58.7,17.6,nan,nan,nan,265.20,0.53,nan,5.00,267.60,158.30
07-Aug-25 2:58:20 PM AEST,26.5,nan,nan,nan,nan,nan,nan,nan,nan,nan,nan,nan
07-Aug-25 2:58:20 PM AEST,26.4,nan,nan,nan,nan,nan,nan,nan,nan,nan,nan,nan
07-Aug-25 2:59:00 PM AEST,nan,58.8,17.7,nan,nan,nan,294.40,0.68,10.60,4.50,290.70,152.50
07-Aug-25 3:00:36 PM AEST,nan,nan,nan,nan,nan,0.13,nan,nan,nan,nan,nan,nan
07-Aug-25 3:01:00 PM AEST,nan,59.2,17.8,nan,nan,nan,308.90,0.44,7.10,4.30,310.30,145.00
07-Aug-25 3:01:00 PM AEST,nan,59.0,17.8,nan,nan,nan,291.90,0.63,11.80,6.00,296.70,136.60
07-Aug-25 3:02:00 PM AEST,26.5,59.3,nan,nan,nan,nan,283.90,0.21,4.70,2.10,287.30,135.00
07-Aug-25 3:03:00 PM AEST,nan,nan,18.0,nan,nan,nan,303.30,0.35,7.10,3.10,296.00,137.50
07-Aug-25 3:03:04 PM AEST,26.6,nan,nan,nan,nan,nan,nan,nan,nan,nan,nan,nan
07-Aug-25 3:04:00 PM AEST,nan,58.7,nan,nan,nan,nan,251.00,0.41,nan,3.80,253.90,141.70
07-Aug-25 3:05:00 PM AEST,nan,58.8,17.8,nan,nan,nan,237.00,nan,8.30,3.20,223.60,147.50
07-Aug-25 3:06:00 PM AEST,26.5,58.5,nan,nan,nan,nan,258.50,0.59,11.80,5.10,267.00,155.80
07-Aug-25 3:07:00 PM AEST,nan,58.2,17.7,nan,nan,nan,204.40,nan,9.50,2.80,221.60,165.80
07-Aug-25 3:08:00 PM AEST,26.4,58.3,17.6,nan,nan,nan,283.30,0.49,7.10,4.80,282.70,158.30
07-Aug-25 3:09:00 PM AEST,nan,58.7,17.5,nan,nan,nan,289.40,0.21,3.50,2.00,286.90,128.30
07-Aug-25 3:09:04 PM AEST,26.5,nan,nan,nan,nan,nan,nan,nan,nan,nan,nan,nan
07-Aug-25 3:10:00 PM AEST,nan,58.3,17.7,nan,nan,nan,246.40,0.51,13.00,4.90,249.90,113.30
07-Aug-25 3:11:00 PM AEST,26.3,57.0,17.6,nan,nan,nan,290.20,1.14,15.40,10.70,291.40,112.50
07-Aug-25 3:12:00 PM AEST,nan,57.3,17.1,nan,nan,nan,316.00,0.77,nan,6.90,329.80,nan
07-Aug-25 3:12:04 PM AEST,26.2,nan,nan,nan,nan,nan,nan,nan,nan,nan,nan,nan
07-Aug-25 3:12:04 PM AEST,26.1,nan,nan,nan,nan,nan,nan,nan,nan,nan,nan,nan
07-Aug-25 3:13:00 PM AEST,nan,57.7,nan,nan,nan,nan,293.20,0.74,11.80,6.50,294.40,111.60
07-Aug-25 3:13:08 PM AEST,26.2,nan,nan,nan,nan,nan,nan,nan,nan,nan,nan,nan
07-Aug-25 3:14:00 PM AEST,nan,57.5,nan,nan,nan,nan,332.10,0.19,4.70,1.90,331.60,116.70
07-Aug-25 3:15:00 PM AEST,26.3,57.7,17.2,nan,nan,nan,21.80,0.28,5.90,2.40,28.60,126.60
07-Aug-25 3:16:00 PM AEST,nan,57.5,17.3,nan,nan,nan,122.30,0.25,3.50,nan,120.80,126.70
07-Aug-25 3:17:00 PM AEST,nan,57.7,17.2,nan,nan,nan,244.40,0.50,9.50,4.40,245.50,120.00
07-Aug-25 3:18:00 PM AEST,26.2,nan,17.3,nan,nan,nan,297.40,0.80,10.60,7.20,293.60,107.50
07-Aug-25 3:19:00 PM AEST,nan,57.5,17.2,nan,nan,nan,276.50,0.55,8.30,5.40,278.70,90.80
07-Aug-25 3:19:04 PM AEST,26.1,nan,nan,nan,nan,nan,nan,nan,nan,nan,nan,nan
07-Aug-25 3:20:00 PM AEST,nan,58.0,17.1,nan,nan,nan,301.20,0.36,5.90,2.70,312.30,76.60
07-Aug-25 3:20:08 PM AEST,26.2,nan,nan,nan,nan,nan,nan,nan,nan,nan,nan,nan
07-Aug-25 3:21:00 PM AEST,nan,58.2,17.2,nan,nan,nan,328.10,0.48,7.10,4.80,328.70,67.50
07-Aug-25 3:22:00 PM AEST,nan,58.3,17.3,nan,nan,nan,322.40,0.14,2.40,1.40,322.30,62.50
07-Aug-25 3:23:00 PM AEST,26.3,58.5,17.4,nan,nan,nan,321.50,0.19,3.50,1.90,320.80,nan
07-Aug-25 3:24:00 PM AEST,nan,58.2,17.5,nan,nan,nan,256.40,0.35,7.10,2.30,244.50,64.20
07-Aug-25 3:24:04 PM AEST,26.2,nan,nan,nan,nan,nan,nan,nan,nan,nan,nan,nan
07-Aug-25 3:25:00 PM AEST,nan,58.0,17.4,nan,nan,nan,216.70,0.29,5.90,1.80,229.50,65.80
07-Aug-25 3:26:00 PM AEST,nan,58.3,17.3,nan,nan,nan,319.90,0.33,4.70,3.20,319.60,nan
07-Aug-25 3:27:00 PM AEST,nan,58.2,17.4,nan,nan,nan,338.00,0.49,7.10,4.70,338.30,64.10
07-Aug-25 3:28:00 PM AEST,26.1,58.0,17.3,nan,nan,nan,288.50,0.63,8.30,5.90,289.60,65.00
07-Aug-25 3:29:00 PM AEST,nan,57.8,17.2,nan,nan,nan,344.40,0.70,13.00,6.10,332.20,65.80
07-Aug-25 3:29:04 PM AEST,26.0,nan,nan,nan,nan,nan,nan,nan,nan,nan,nan,nan
07-Aug-25 3:30:00 PM AEST,nan,57.5,17.0,nan,nan,nan,287.10,0.50,10.60,3.50,287.70,66.70
07-Aug-25 3:30:08 PM AEST,25.9,nan,nan,nan,nan,nan,nan,nan,nan,nan,nan,nan
07-Aug-25 3:31:00 PM AEST,nan,nan,16.9,nan,nan,nan,312.20,0.35,5.90,nan,313.10,67.50
07-Aug-25 3:32:00 PM AEST,nan,nan,nan,nan,nan,nan,288.40,0.68,10.60,6.60,288.80,nan
07-Aug-25 3:33:00 PM AEST,25.8,nan,16.8,nan,nan,nan,295.90,0.86,14.20,8.20,293.20,63.30
07-Aug-25 3:34:00 PM AEST,nan,58.0,16.7,nan,nan,nan,302.80,0.57,10.60,5.10,294.50,62.50
07-Aug-25 3:35:00 PM AEST,25.7,58.2,16.9,nan,nan,nan,297.00,0.64,9.50,5.50,300.20,61.70
07-Aug-25 3:36:00 PM AEST,nan,58.5,nan,nan,nan,nan,293.00,0.74,14.20,6.70,298.30,64.10
07-Aug-25 3:37:00 PM AEST,nan,58.7,nan,nan,nan,nan,321.50,0.85,13.00,8.30,321.50,69.20
07-Aug-25 3:38:00 PM AEST,25.6,59.0,17.0,nan,nan,nan,345.70,0.62,9.50,4.90,357.40,75.00
07-Aug-25 3:39:00 PM AEST,nan,59.2,nan,nan,nan,nan,302.00,0.27,3.50,2.70,303.60,84.10
07-Aug-25 3:39:04 PM AEST,25.7,nan,nan,nan,nan,nan,nan,nan,nan,nan,nan,nan
07-Aug-25 3:40:00 PM AEST,nan,nan,17.1,nan,nan,nan,288.70,0.47,9.50,4.10,283.90,95.00
07-Aug-25 3:41:00 PM AEST,nan,59.5,17.2,nan,nan,nan,284.00,0.50,16.60,4.90,281.40,108.30
07-Aug-25 3:42:00 PM AEST,nan,59.3,nan,nan,nan,nan,302.50,0.72,13.00,6.10,302.00,120.00
07-Aug-25 3:43:00 PM AEST,nan,59.7,17.1,nan,nan,nan,318.40,0.50,7.10,4.80,320.00,128.30
07-Aug-25 3:44:00 PM AEST,25.6,59.8,17.3,nan,nan,nan,312.70,0.90,14.20,8.70,312.50,132.50
07-Aug-25 3:45:00 PM AEST,nan,60.0,17.2,nan,nan,nan,308.10,0.49,9.50,4.90,306.00,nan
07-Aug-25 3:45:04 PM AEST,25.7,nan,nan,nan,nan,nan,nan,nan,nan,nan,nan,nan
07-Aug-25 3:46:00 PM AEST,nan,60.3,17.3,nan,nan,nan,314.60,0.64,13.00,4.00,304.40,125.00
07-Aug-25 3:46:08 PM AEST,25.6,nan,nan,nan,nan,nan,nan,nan,nan,nan,nan,nan
07-Aug-25 3:47:00 PM AEST,nan,60.0,17.4,nan,nan,nan,292.30,0.80,14.20,7.80,295.90,111.70
07-Aug-25 3:48:00 PM AEST,nan,60.5,17.3,nan,nan,nan,275.00,0.49,7.10,4.70,276.00,101.60
07-Aug-25 3:49:00 PM AEST,nan,60.3,17.4,nan,nan,nan,303.80,0.78,10.60,7.70,304.20,113.30
07-Aug-25 3:50:00 PM AEST,nan,60.8,17.3,nan,nan,nan,271.90,0.60,8.30,4.60,276.10,75.80
07-Aug-25 3:51:00 PM AEST,nan,nan,17.5,nan,nan,nan,304.10,0.58,nan,5.30,306.60,70.80
07-Aug-25 3:52:00 PM AEST,nan,60.7,nan,nan,nan,nan,287.70,0.73,11.80,7.10,288.40,71.70
07-Aug-25 3:53:00 PM AEST,25.5,nan,17.4,nan,nan,nan,326.90,0.69,10.60,6.70,326.70,80.00
07-Aug-25 3:54:00 PM AEST,nan,60.8,nan,nan,nan,nan,310.80,0.50,8.30,4.90,310.30,85.80
07-Aug-25 3:54:04 PM AEST,25.6,nan,nan,nan,nan,nan,nan,nan,nan,nan,nan,nan
07-Aug-25 3:55:00 PM AEST,nan,61.0,nan,nan,nan,nan,306.30,0.62,10.60,5.60,306.90,87.50
07-Aug-25 3:55:08 PM AEST,25.5,nan,nan,nan,nan,nan,nan,nan,nan,nan,nan,nan
07-Aug-25 3:56:00 PM AEST,nan,61.2,17.5,nan,nan,nan,302.60,0.48,7.10,4.20,299.70,85.80
07-Aug-25 3:57:00 PM AEST,nan,60.8,nan,nan,nan,nan,289.60,0.39,nan,3.60,282.30,79.20
07-Aug-25 3:58:00 PM AEST,25.6,61.2,17.4,nan,nan,nan,319.90,0.64,11.80,5.70,321.80,74.10
07-Aug-25 3:59:00 PM AEST,nan,60.7,17.5,nan,nan,nan,337.40,0.63,8.30,6.00,339.20,72.50
07-Aug-25 3:59:04 PM AEST,25.5,nan,nan,nan,nan,nan,nan,nan,nan,nan,nan,nan
07-Aug-25 4:00:08 PM AEST,25.4,nan,nan,nan,nan,nan,nan,nan,nan,nan,nan,nan
07-Aug-25 4:00:40 PM AEST,nan,nan,nan,nan,nan,0.11,nan,nan,nan,nan,nan,nan
07-Aug-25 4:01:00 PM AEST,nan,60.8,17.3,nan,nan,nan,287.00,0.59,14.20,5.40,280.10,71.60
07-Aug-25 4:01:00 PM AEST,nan,60.5,17.4,nan,nan,nan,287.50,0.68,15.40,6.60,294.70,67.50
07-Aug-25 4:02:00 PM AEST,nan,60.8,17.2,nan,nan,nan,315.40,0.53,9.50,5.00,319.70,62.50
07-Aug-25 4:03:00 PM AEST,25.5,61.2,17.3,nan,nan,nan,295.00,0.56,14.20,4.60,295.30,60.80
07-Aug-25 4:04:00 PM AEST,nan,61.0,17.4,nan,nan,nan,300.50,0.96,16.60,8.80,297.60,60.00
07-Aug-25 4:04:04 PM AEST,25.4,nan,nan,nan,nan,nan,nan,nan,nan,nan,nan,nan
07-Aug-25 4:05:00 PM AEST,nan,nan,17.3,nan,nan,nan,293.00,0.85,11.80,7.70,290.90,62.50
07-Aug-25 4:05:08 PM AEST,25.3,nan,nan,nan,nan,nan,nan,nan,nan,nan,nan,nan
07-Aug-25 4:06:00 PM AEST,nan,61.2,17.2,nan,nan,nan,308.40,0.89,15.40,8.30,310.40,66.70
07-Aug-25 4:07:00 PM AEST,nan,61.7,nan,nan,nan,nan,294.60,0.75,13.00,7.20,291.70,71.60
07-Aug-25 4:08:00 PM AEST,nan,61.5,17.4,nan,nan,nan,317.70,1.01,16.60,9.20,315.60,73.30
07-Aug-25 4:09:00 PM AEST,25.2,61.7,17.3,nan,nan,nan,330.10,0.51,10.60,5.00,325.40,74.10
07-Aug-25 4:10:00 PM AEST,nan,61.8,nan,nan,nan,nan,303.30,nan,8.30,3.80,303.90,70.80
07-Aug-25 4:10:04 PM AEST,25.3,nan,nan,nan,nan,nan,nan,nan,nan,nan,nan,nan
07-Aug-25 4:11:00 PM AEST,nan,nan,17.5,nan,nan,nan,295.00,0.63,10.60,4.80,299.90,68.30
07-Aug-25 4:12:00 PM AEST,nan,62.0,17.4,nan,nan,nan,293.20,0.44,8.30,3.60,301.10,69.10
07-Aug-25 4:13:00 PM AEST,nan,61.8,17.5,nan,nan,nan,318.80,0.49,nan,4.80,318.80,72.50
07-Aug-25 4:14:00 PM AEST,25.2,nan,nan,nan,nan,nan,284.80,0.70,10.60,6.50,282.80,81.60
07-Aug-25 4:15:00 PM AEST,nan,62.0,17.4,nan,nan,nan,331.20,0.76,17.80,7.20,333.80,86.70
07-Aug-25 4:16:00 PM AEST,nan,61.8,nan,nan,nan,nan,326.20,0.56,9.50,5.60,326.80,87.50
07-Aug-25 4:17:00 PM AEST,nan,62.0,nan,nan,nan,nan,309.40,0.62,11.80,5.70,305.30,90.80
07-Aug-25 4:18:00 PM AEST,nan,62.3,nan,nan,nan,nan,308.40,0.83,14.20,8.10,309.20,130.00
07-Aug-25 4:19:00 PM AEST,nan,62.2,17.5,nan,nan,nan,321.10,0.62,11.80,5.90,321.40,81.60
07-Aug-25 4:20:00 PM AEST,nan,62.3,17.4,nan,nan,nan,310.80,0.75,nan,nan,313.50,71.70
07-Aug-25 4:21:00 PM AEST,25.3,nan,17.5,nan,nan,nan,347.40,0.40,8.30,3.70,352.10,65.80
07-Aug-25 4:22:00 PM AEST,nan,62.0,nan,nan,nan,nan,24.50,0.95,13.00,8.20,21.00,83.30
07-Aug-25 4:23:00 PM AEST,25.2,61.8,nan,nan,nan,nan,0.60,nan,14.20,7.60,359.60,57.50
07-Aug-25 4:24:00 PM AEST,nan,nan,17.4,nan,nan,nan,341.80,0.73,11.80,6.40,341.60,53.30
07-Aug-25 4:25:00 PM AEST,nan,62.0,nan,nan,nan,nan,316.60,0.70,10.60,6.60,318.80,51.70
07-Aug-25 4:26:00 PM AEST,nan,nan,nan,nan,nan,nan,298.70,0.34,5.90,3.40,299.90,50.00
07-Aug-25 4:27:00 PM AEST,nan,nan,nan,nan,nan,nan,302.10,0.64,11.80,5.90,306.80,nan
07-Aug-25 4:28:00 PM AEST,25.1,nan,nan,nan,nan,nan,287.40,0.56,7.10,5.50,287.30,nan
07-Aug-25 4:29:00 PM AEST,nan,62.2,17.3,nan,nan,nan,312.90,0.60,10.60,5.90,314.40,49.20
07-Aug-25 4:30:00 PM AEST,nan,62.3,17.4,nan,nan,nan,276.70,0.49,8.30,4.60,279.60,50.00
07-Aug-25 4:31:00 PM AEST,nan,62.5,nan,nan,nan,nan,282.40,0.25,5.90,1.90,296.00,50.80
07-Aug-25 4:32:00 PM AEST,nan,62.3,17.5,nan,nan,nan,0.10,0.30,nan,3.00,2.40,54.20
07-Aug-25 4:33:00 PM AEST,25.2,62.5,17.4,nan,nan,nan,324.40,0.28,nan,2.00,296.50,58.30
07-Aug-25 4:34:00 PM AEST,nan,62.7,17.5,nan,nan,nan,23.10,0.15,3.50,1.50,23.10,65.80
07-Aug-25 4:34:04 PM AEST,25.1,nan,nan,nan,nan,nan,nan,nan,nan,nan,nan,nan
07-Aug-25 4:35:00 PM AEST,nan,62.5,nan,nan,nan,nan,11.30,0.40,9.50,3.50,1.90,75.80
07-Aug-25 4:35:08 PM AEST,25.2,nan,nan,nan,nan,nan,nan,nan,nan,nan,nan,nan
07-Aug-25 4:36:00 PM AEST,nan,62.3,nan,nan,nan,nan,337.90,0.70,8.30,5.60,340.10,86.70
07-Aug-25 4:36:12 PM AEST,25.1,nan,nan,nan,nan,nan,nan,nan,nan,nan,nan,nan
07-Aug-25 4:37:00 PM AEST,nan,nan,17.4,nan,nan,nan,314.80,0.43,7.10,4.20,316.20,95.00
07-Aug-25 4:38:00 PM AEST,nan,62.7,nan,nan,nan,nan,308.00,0.26,4.70,2.60,305.80,102.50
07-Aug-25 4:39:00 PM AEST,nan,62.8,17.5,nan,nan,nan,330.80,0.45,7.10,4.20,332.60,106.60
07-Aug-25 4:40:00 PM AEST,nan,nan,nan,nan,nan,nan,307.80,0.34,5.90,3.00,307.70,119.20
07-Aug-25 4:41:00 PM AEST,nan,62.7,nan,nan,nan,nan,296.80,0.61,9.50,5.90,294.50,172.50
07-Aug-25 4:42:00 PM AEST,25.2,62.8,nan,nan,nan,nan,287.30,0.44,7.10,4.40,288.20,105.00
07-Aug-25 4:43:00 PM AEST,nan,62.7,17.6,nan,nan,nan,299.00,0.35,5.90,3.40,295.50,99.20
07-Aug-25 4:43:04 PM AEST,25.3,nan,nan,nan,nan,nan,nan,nan,nan,nan,nan,nan
07-Aug-25 4:44:00 PM AEST,nan,nan,nan,nan,nan,nan,278.50,0.31,4.70,3.10,278.00,185.80
07-Aug-25 4:45:00 PM AEST,nan,62.8,nan,nan,nan,nan,305.10,0.46,7.10,4.50,308.90,231.70
07-Aug-25 4:46:00 PM AEST,25.5,62.5,17.7,nan,nan,nan,326.00,0.47,8.30,3.70,326.70,228.30
07-Aug-25 4:47:00 PM AEST,nan,62.3,17.8,nan,nan,nan,311.40,0.62,10.60,5.90,312.20,192.50
07-Aug-25 4:47:04 PM AEST,25.6,nan,nan,nan,nan,nan,nan,nan,nan,nan,nan,nan
07-Aug-25 4:48:00 PM AEST,nan,62.2,nan,nan,nan,nan,274.80,0.67,9.50,6.50,275.70,200.80
07-Aug-25 4:49:00 PM AEST,nan,61.8,nan,nan,nan,nan,287.20,0.56,8.30,5.20,290.00,155.00
07-Aug-25 4:50:00 PM AEST,25.7,61.7,nan,nan,nan,nan,289.50,0.83,10.60,6.70,290.10,96.70
07-Aug-25 4:51:00 PM AEST,nan,61.5,nan,nan,nan,nan,314.00,0.95,16.60,9.00,315.40,95.00
07-Aug-25 4:51:04 PM AEST,25.6,nan,nan,nan,nan,nan,nan,nan,nan,nan,nan,nan
07-Aug-25 4:52:00 PM AEST,nan,nan,17.6,nan,nan,nan,290.30,0.76,10.60,7.10,291.90,135.80
07-Aug-25 4:52:08 PM AEST,25.5,nan,nan,nan,nan,nan,nan,nan,nan,nan,nan,nan
07-Aug-25 4:53:00 PM AEST,nan,nan,17.5,nan,nan,nan,298.40,0.59,nan,5.80,299.20,113.30
07-Aug-25 4:53:12 PM AEST,25.4,nan,nan,nan,nan,nan,nan,nan,nan,nan,nan,nan
07-Aug-25 4:54:00 PM AEST,nan,61.7,nan,nan,nan,nan,301.40,0.40,7.10,3.90,302.70,90.00
07-Aug-25 4:54:16 PM AEST,25.5,nan,nan,nan,nan,nan,nan,nan,nan,nan,nan,nan
07-Aug-25 4:54:16 PM AEST,25.6,nan,nan,nan,nan,nan,nan,nan,nan,nan,nan,nan
07-Aug-25 4:55:00 PM AEST,nan,nan,17.6,nan,nan,nan,12.90,0.36,5.90,2.60,6.00,140.80
07-Aug-25 4:55:20 PM AEST,25.7,nan,nan,nan,nan,nan,nan,nan,nan,nan,nan,nan
07-Aug-25 4:56:00 PM AEST,nan,62.0,17.7,nan,nan,nan,14.20,0.30,7.10,1.00,340.80,194.10
07-Aug-25 4:57:00 PM AEST,nan,61.5,17.8,nan,nan,nan,293.40,0.82,13.00,8.00,296.00,135.00
07-Aug-25 4:58:00 PM AEST,25.6,61.3,17.7,nan,nan,nan,293.60,0.69,11.80,6.50,296.20,85.00
07-Aug-25 4:59:00 PM AEST,nan,nan,17.6,nan,nan,nan,280.30,0.63,9.50,5.90,280.20,89.20
07-Aug-25 4:59:04 PM AEST,25.5,nan,nan,nan,nan,nan,nan,nan,nan,nan,nan,nan
07-Aug-25 5:00:08 PM AEST,25.4,nan,nan,nan,nan,nan,nan,nan,nan,nan,nan,nan
07-Aug-25 5:00:44 PM AEST,nan,nan,nan,nan,nan,0.06,nan,nan,nan,nan,nan,nan
07-Aug-25 5:01:00 PM AEST,nan,61.5,17.5,nan,nan,nan,300.90,0.75,10.60,7.20,302.30,91.60
07-Aug-25 5:01:00 PM AEST,nan,61.5,17.4,nan,nan,nan,325.00,0.62,10.60,5.80,323.20,99.20
07-Aug-25 5:02:00 PM AEST,nan,nan,17.5,nan,nan,nan,332.00,0.74,13.00,6.70,334.50,159.20
07-Aug-25 5:03:00 PM AEST,25.5,nan,17.4,nan,nan,nan,325.60,0.19,2.40,1.90,325.60,172.50
07-Aug-25 5:04:00 PM AEST,nan,61.3,17.6,nan,nan,nan,327.30,0.66,13.00,6.00,322.30,163.30
07-Aug-25 5:04:04 PM AEST,25.6,nan,nan,nan,nan,nan,nan,nan,nan,nan,nan,nan
07-Aug-25 5:05:00 PM AEST,nan,60.8,nan,nan,nan,nan,324.40,0.80,nan,7.50,323.40,136.60
07-Aug-25 5:06:00 PM AEST,25.5,60.7,17.5,nan,nan,nan,315.30,0.76,11.80,7.40,315.30,80.00
07-Aug-25 5:07:00 PM AEST,nan,nan,17.4,nan,nan,nan,314.90,0.86,13.00,7.00,323.70,61.60
07-Aug-25 5:08:00 PM AEST,25.4,60.3,17.3,nan,nan,nan,338.40,0.75,11.80,nan,337.00,57.50
07-Aug-25 5:09:00 PM AEST,nan,nan,17.2,nan,nan,nan,295.40,0.47,8.30,4.00,289.70,52.50
07-Aug-25 5:10:00 PM AEST,nan,nan,nan,nan,nan,nan,290.80,0.52,7.10,4.80,290.80,46.60
07-Aug-25 5:11:00 PM AEST,25.3,60.5,nan,nan,nan,nan,319.30,0.75,11.80,6.90,316.90,40.00
07-Aug-25 5:12:00 PM AEST,nan,60.7,17.1,nan,nan,nan,329.20,0.34,3.50,3.30,329.00,38.30
07-Aug-25 5:13:00 PM AEST,nan,60.5,nan,nan,nan,nan,300.70,0.51,9.50,4.80,293.20,36.70
07-Aug-25 5:14:00 PM AEST,25.2,nan,nan,nan,nan,nan,298.50,0.62,11.80,5.80,296.30,35.00
07-Aug-25 5:15:00 PM AEST,nan,nan,17.0,nan,nan,nan,299.90,0.67,13.00,6.40,294.20,34.20
07-Aug-25 5:15:04 PM AEST,25.1,nan,nan,nan,nan,nan,nan,nan,nan,nan,nan,nan
07-Aug-25 5:16:00 PM AEST,nan,60.8,16.9,nan,nan,nan,322.40,0.43,7.10,4.00,327.70,35.00
07-Aug-25 5:17:00 PM AEST,nan,61.0,17.0,nan,nan,nan,328.60,0.49,nan,4.80,327.60,36.60
07-Aug-25 5:18:00 PM AEST,25.0,61.2,nan,nan,nan,nan,322.60,0.48,8.30,3.80,315.60,37.50
07-Aug-25 5:19:00 PM AEST,nan,61.0,nan,nan,nan,nan,306.80,0.66,10.60,5.90,308.40,35.80
07-Aug-25 5:19:04 PM AEST,24.9,nan,nan,nan,nan,nan,nan,nan,nan,nan,nan,nan
07-Aug-25 5:20:00 PM AEST,nan,nan,16.9,nan,nan,nan,328.40,0.50,11.80,4.70,329.00,30.80
07-Aug-25 5:21:00 PM AEST,24.8,nan,nan,nan,nan,nan,296.30,0.76,14.20,7.00,300.80,26.60
07-Aug-25 5:22:00 PM AEST,nan,nan,16.8,nan,nan,nan,304.00,0.64,9.50,6.00,303.90,22.50
07-Aug-25 5:22:04 PM AEST,24.7,nan,nan,nan,nan,nan,nan,nan,nan,nan,nan,nan
07-Aug-25 5:23:00 PM AEST,nan,nan,16.7,nan,nan,nan,276.10,0.72,10.60,6.40,280.50,20.00
07-Aug-25 5:23:08 PM AEST,24.6,nan,nan,nan,nan,nan,nan,nan,nan,nan,nan,nan
07-Aug-25 5:24:00 PM AEST,nan,61.3,16.6,nan,nan,nan,320.20,0.82,nan,7.70,320.00,19.10
07-Aug-25 5:25:00 PM AEST,nan,61.5,16.7,nan,nan,nan,296.10,0.34,7.10,3.40,295.70,20.00
07-Aug-25 5:26:00 PM AEST,24.5,61.7,nan,nan,nan,nan,298.90,0.49,5.90,4.80,298.30,21.60
07-Aug-25 5:27:00 PM AEST,nan,nan,16.6,nan,nan,nan,301.90,0.51,7.10,4.70,304.70,23.30
07-Aug-25 5:28:00 PM AEST,nan,61.8,16.7,nan,nan,nan,311.80,0.66,11.80,6.60,310.40,25.00
07-Aug-25 5:29:00 PM AEST,nan,62.2,nan,nan,nan,nan,306.90,0.45,9.50,4.50,307.90,28.30
07-Aug-25 5:30:00 PM AEST,24.4,nan,16.8,nan,nan,nan,347.40,0.93,15.40,8.20,350.30,nan
07-Aug-25 5:31:00 PM AEST,nan,nan,16.7,nan,nan,nan,296.10,0.57,8.30,5.20,295.40,26.60
07-Aug-25 5:32:00 PM AEST,24.3,nan,nan,nan,nan,nan,301.60,0.78,10.60,7.10,301.30,22.50
07-Aug-25 5:33:00 PM AEST,nan,62.3,16.6,nan,nan,nan,320.60,0.74,11.80,6.90,317.30,19.10
07-Aug-25 5:34:00 PM AEST,24.2,nan,nan,nan,nan,nan,314.30,0.43,8.30,4.20,312.30,18.30
07-Aug-25 5:35:00 PM AEST,nan,nan,nan,nan,nan,nan,312.30,0.91,13.00,8.30,314.10,17.50
07-Aug-25 5:36:00 PM AEST,24.1,nan,nan,nan,nan,nan,294.10,0.81,nan,7.70,290.50,nan
07-Aug-25 5:37:00 PM AEST,nan,62.5,16.5,nan,nan,nan,300.50,0.40,5.90,3.90,299.90,16.70
07-Aug-25 5:37:04 PM AEST,24.2,nan,nan,nan,nan,nan,nan,nan,nan,nan,nan,nan
07-Aug-25 5:37:04 PM AEST,24.1,nan,nan,nan,nan,nan,nan,nan,nan,nan,nan,nan
07-Aug-25 5:38:00 PM AEST,nan,62.7,16.6,nan,nan,nan,331.60,0.50,8.30,4.80,332.20,16.60
07-Aug-25 5:39:00 PM AEST,nan,nan,nan,nan,nan,nan,332.30,0.42,7.10,3.90,334.80,16.70
07-Aug-25 5:40:00 PM AEST,nan,62.8,nan,nan,nan,nan,351.50,0.47,nan,4.00,352.80,15.80
07-Aug-25 5:41:00 PM AEST,nan,62.7,nan,nan,nan,nan,320.40,0.63,8.30,5.70,317.60,15.00
07-Aug-25 5:42:00 PM AEST,nan,62.5,16.5,nan,nan,nan,313.80,0.59,9.50,5.80,313.80,nan
07-Aug-25 5:43:00 PM AEST,24.0,nan,nan,nan,nan,nan,349.10,0.88,16.60,8.00,343.90,14.20
07-Aug-25 5:44:00 PM AEST,nan,nan,16.4,nan,nan,nan,328.10,0.54,8.30,5.20,328.60,15.00
07-Aug-25 5:45:00 PM AEST,nan,62.7,nan,nan,nan,nan,303.70,0.85,13.00,7.50,305.30,16.60
07-Aug-25 5:46:00 PM AEST,23.9,62.5,nan,nan,nan,nan,332.70,0.77,14.20,7.70,332.90,15.80
07-Aug-25 5:47:00 PM AEST,nan,62.7,16.3,nan,nan,nan,347.00,0.18,3.50,1.50,3.20,13.30
07-Aug-25 5:47:04 PM AEST,24.0,nan,nan,nan,nan,nan,nan,nan,nan,nan,nan,nan
07-Aug-25 5:48:00 PM AEST,nan,62.8,16.4,nan,nan,nan,319.30,0.54,8.30,4.60,318.10,11.70
07-Aug-25 5:48:08 PM AEST,23.9,nan,nan,nan,nan,nan,nan,nan,nan,nan,nan,nan
07-Aug-25 5:49:00 PM AEST,nan,nan,nan,nan,nan,nan,344.00,0.64,nan,6.20,343.90,11.60
07-Aug-25 5:50:00 PM AEST,nan,63.0,nan,nan,nan,nan,337.00,0.52,7.10,5.20,336.80,9.20
07-Aug-25 5:51:00 PM AEST,nan,nan,nan,nan,nan,nan,40.70,0.44,nan,4.20,40.10,8.30
07-Aug-25 5:52:00 PM AEST,23.8,63.2,nan,nan,nan,nan,48.00,0.34,nan,2.40,36.40,9.10
07-Aug-25 5:53:00 PM AEST,nan,63.0,nan,nan,nan,nan,315.40,0.72,11.80,5.70,321.80,8.30
07-Aug-25 5:53:04 PM AEST,23.7,nan,nan,nan,nan,nan,nan,nan,nan,nan,nan,nan
07-Aug-25 5:54:00 PM AEST,nan,63.3,16.3,nan,nan,nan,313.30,0.98,14.20,9.30,311.40,nan
07-Aug-25 5:55:00 PM AEST,nan,63.2,nan,nan,nan,nan,315.50,0.47,9.50,4.70,315.50,7.50
07-Aug-25 5:56:00 PM AEST,nan,63.3,nan,nan,nan,nan,326.60,0.59,13.00,4.80,324.50,6.60
07-Aug-25 5:57:00 PM AEST,nan,nan,nan,nan,nan,nan,299.90,0.57,11.80,5.60,299.40,5.00
07-Aug-25 5:58:00 PM AEST,23.6,nan,nan,nan,nan,nan,300.80,0.18,3.50,1.80,300.80,5.80
07-Aug-25 5:59:00 PM AEST,nan,63.5,nan,nan,nan,nan,306.80,0.85,14.20,8.10,309.00,5.00
07-Aug-25 6:00:00 PM AEST,nan,nan,nan,nan,nan,nan,296.90,0.83,11.80,8.00,295.60,nan
07-Aug-25 6:00:48 PM AEST,nan,nan,nan,nan,nan,0.02,nan,nan,nan,nan,nan,nan
07-Aug-25 6:01:00 PM AEST,nan,nan,16.2,nan,nan,nan,316.60,0.49,8.30,4.50,317.20,4.10
07-Aug-25 6:02:00 PM AEST,23.5,63.7,nan,nan,nan,nan,323.40,0.34,5.90,3.40,323.40,4.20
07-Aug-25 6:03:00 PM AEST,nan,nan,nan,nan,nan,nan,331.40,0.47,8.30,4.30,332.00,3.30
07-Aug-25 6:03:04 PM AEST,23.6,nan,nan,nan,nan,nan,nan,nan,nan,nan,nan,nan
07-Aug-25 6:04:00 PM AEST,nan,63.8,16.3,nan,nan,nan,292.90,0.67,11.80,6.50,292.10,nan
07-Aug-25 6:04:08 PM AEST,23.5,nan,nan,nan,nan,nan,nan,nan,nan,nan,nan,nan
07-Aug-25 6:05:00 PM AEST,nan,64.0,16.2,nan,nan,nan,295.90,0.45,8.30,4.40,297.20,2.50
07-Aug-25 6:06:00 PM AEST,23.4,64.2,16.3,nan,nan,nan,329.20,0.37,7.10,3.60,327.00,1.70
07-Aug-25 6:07:00 PM AEST,nan,nan,nan,nan,nan,nan,252.60,0.25,3.50,2.20,254.30,nan
07-Aug-25 6:08:00 PM AEST,nan,64.3,nan,nan,nan,nan,41.00,0.35,5.90,2.40,45.80,1.60
07-Aug-25 6:09:00 PM AEST,nan,64.5,nan,nan,nan,nan,19.90,0.29,7.10,2.10,358.00,0.80
07-Aug-25 6:10:00 PM AEST,23.3,nan,nan,nan,nan,nan,343.30,0.44,9.50,3.50,333.00,nan
07-Aug-25 6:11:00 PM AEST,nan,nan,nan,nan,nan,nan,8.50,0.75,14.20,5.60,6.10,0.00
07-Aug-25 6:12:00 PM AEST,nan,nan,16.2,nan,nan,nan,294.60,0.88,17.80,8.40,293.10,nan
07-Aug-25 6:13:00 PM AEST,23.2,64.7,nan,nan,nan,nan,278.80,0.35,7.10,3.50,277.50,nan
07-Aug-25 6:14:00 PM AEST,nan,64.8,nan,nan,nan,nan,329.30,0.44,8.30,3.40,339.00,nan
07-Aug-25 6:15:00 PM AEST,nan,nan,nan,nan,nan,nan,333.20,0.35,5.90,2.70,320.70,nan
07-Aug-25 6:16:00 PM AEST,nan,65.0,nan,nan,nan,nan,294.30,0.25,3.50,2.50,294.30,nan
07-Aug-25 6:17:00 PM AEST,nan,nan,nan,nan,nan,nan,294.70,nan,4.70,nan,294.70,nan
07-Aug-25 6:18:00 PM AEST,23.1,65.2,16.3,nan,nan,nan,294.90,0.21,3.50,2.10,294.90,nan
07-Aug-25 6:19:00 PM AEST,nan,nan,16.2,nan,nan,nan,310.00,0.55,9.50,4.80,316.70,nan
07-Aug-25 6:20:00 PM AEST,nan,nan,nan,nan,nan,nan,7.40,0.54,nan,4.90,4.50,nan
07-Aug-25 6:21:00 PM AEST,nan,nan,nan,nan,nan,nan,326.50,nan,8.30,4.30,314.90,nan
07-Aug-25 6:22:00 PM AEST,23.0,65.3,nan,nan,nan,nan,18.20,0.42,5.90,3.30,22.60,nan
07-Aug-25 6:23:00 PM AEST,nan,65.5,nan,nan,nan,nan,311.80,0.45,9.50,3.50,317.70,nan
07-Aug-25 6:24:00 PM AEST,nan,65.3,nan,nan,nan,nan,298.30,0.69,10.60,6.60,295.10,nan
07-Aug-25 6:25:00 PM AEST,22.9,65.7,16.1,nan,nan,nan,324.20,0.20,3.50,2.00,324.20,nan
07-Aug-25 6:26:00 PM AEST,nan,nan,16.2,nan,nan,nan,323.80,0.12,nan,1.20,323.80,0.80
07-Aug-25 6:26:04 PM AEST,23.0,nan,nan,nan,nan,nan,nan,nan,nan,nan,nan,nan
07-Aug-25 6:27:00 PM AEST,nan,nan,nan,nan,nan,nan,323.70,0.00,0.00,0.00,0.00,0.00
07-Aug-25 6:27:08 PM AEST,22.9,nan,nan,nan,nan,nan,nan,nan,nan,nan,nan,nan
07-Aug-25 6:28:00 PM AEST,nan,65.8,nan,nan,nan,nan,323.80,nan,nan,nan,nan,nan
07-Aug-25 6:29:00 PM AEST,nan,nan,nan,nan,nan,nan,307.00,0.17,4.70,1.60,276.50,nan
07-Aug-25 6:30:00 PM AEST,22.8,nan,16.1,nan,nan,nan,298.00,0.40,5.90,3.90,297.90,nan
07-Aug-25 6:31:00 PM AEST,nan,66.0,nan,nan,nan,nan,297.00,0.34,9.50,3.40,293.70,nan
07-Aug-25 6:32:00 PM AEST,nan,66.2,nan,nan,nan,nan,282.90,nan,5.90,nan,282.90,nan
07-Aug-25 6:33:00 PM AEST,22.7,66.3,16.2,nan,nan,nan,291.90,0.27,3.50,2.60,291.30,nan
07-Aug-25 6:34:00 PM AEST,nan,nan,16.1,nan,nan,nan,303.40,nan,7.10,nan,305.10,nan
07-Aug-25 6:35:00 PM AEST,nan,nan,nan,nan,nan,nan,334.00,0.45,5.90,4.50,333.90,nan
07-Aug-25 6:36:00 PM AEST,nan,66.5,nan,nan,nan,nan,288.20,0.31,4.70,3.10,288.10,nan
07-Aug-25 6:37:00 PM AEST,nan,nan,nan,nan,nan,nan,nan,0.05,1.20,0.50,288.00,nan
07-Aug-25 6:38:00 PM AEST,22.6,66.7,nan,nan,nan,nan,288.90,0.23,7.10,2.30,295.80,nan
07-Aug-25 6:39:00 PM AEST,nan,nan,nan,nan,nan,nan,341.30,0.28,4.70,2.50,337.50,nan
07-Aug-25 6:40:00 PM AEST,nan,nan,nan,nan,nan,nan,328.60,0.35,5.90,3.30,318.30,nan
07-Aug-25 6:41:00 PM AEST,nan,67.0,nan,nan,nan,nan,315.40,0.28,3.50,2.80,315.30,nan
07-Aug-25 6:42:00 PM AEST,nan,nan,nan,nan,nan,nan,332.50,0.38,7.10,3.80,333.90,nan
07-Aug-25 6:43:00 PM AEST,nan,nan,nan,nan,nan,nan,321.30,0.46,8.30,4.10,314.60,nan
07-Aug-25 6:44:00 PM AEST,22.5,nan,nan,nan,nan,nan,341.90,0.56,nan,5.10,337.70,nan
07-Aug-25 6:45:00 PM AEST,nan,67.3,nan,nan,nan,nan,358.20,0.13,3.50,1.30,358.30,nan
07-Aug-25 6:46:00 PM AEST,nan,67.2,16.2,nan,nan,nan,358.10,0.21,nan,2.10,358.00,nan
07-Aug-25 6:47:00 PM AEST,nan,67.3,16.1,nan,nan,nan,nan,0.18,nan,1.80,358.20,nan
07-Aug-25 6:48:00 PM AEST,nan,nan,16.2,nan,nan,nan,349.80,0.50,8.30,4.50,347.00,nan
07-Aug-25 6:49:00 PM AEST,22.4,nan,16.1,nan,nan,nan,26.00,0.22,4.70,2.20,26.50,nan
07-Aug-25 6:50:00 PM AEST,nan,67.5,nan,nan,nan,nan,25.00,nan,3.50,nan,25.00,nan
07-Aug-25 6:50:04 PM AEST,22.5,nan,nan,nan,nan,nan,nan,nan,nan,nan,nan,nan
07-Aug-25 6:50:04 PM AEST,22.4,nan,nan,nan,nan,nan,nan,nan,nan,nan,nan,nan
07-Aug-25 6:51:00 PM AEST,nan,nan,16.2,nan,nan,nan,24.90,0.04,1.20,0.40,24.50,nan
07-Aug-25 6:52:00 PM AEST,nan,nan,16.1,nan,nan,nan,344.00,0.31,5.90,2.30,310.30,nan
07-Aug-25 6:53:00 PM AEST,nan,67.7,nan,nan,nan,nan,285.60,0.37,4.70,3.70,285.60,nan
07-Aug-25 6:54:00 PM AEST,22.3,nan,nan,nan,nan,nan,286.30,0.19,3.50,1.90,286.30,nan
07-Aug-25 6:55:00 PM AEST,nan,67.8,nan,nan,nan,nan,nan,0.18,nan,1.80,286.10,nan
07-Aug-25 6:55:04 PM AEST,22.4,nan,nan,nan,nan,nan,nan,nan,nan,nan,nan,nan
07-Aug-25 6:56:00 PM AEST,nan,68.0,nan,nan,nan,nan,286.40,0.21,nan,2.10,286.30,nan
07-Aug-25 6:56:08 PM AEST,22.3,nan,nan,nan,nan,nan,nan,nan,nan,nan,nan,nan
07-Aug-25 6:57:00 PM AEST,nan,68.2,nan,nan,nan,nan,286.20,0.08,2.40,0.80,286.10,nan
07-Aug-25 6:57:12 PM AEST,22.2,nan,nan,nan,nan,nan,nan,nan,nan,nan,nan,nan
07-Aug-25 6:58:00 PM AEST,nan,68.3,nan,nan,nan,nan,286.40,0.01,1.20,0.10,286.20,nan
07-Aug-25 6:59:00 PM AEST,nan,nan,nan,nan,nan,nan,294.60,0.21,3.50,2.00,296.70,nan
07-Aug-25 7:00:52 PM AEST,nan,nan,nan,nan,nan,0.01,nan,nan,nan,nan,nan,nan
07-Aug-25 7:01:00 PM AEST,22.1,68.5,nan,nan,nan,nan,349.30,0.35,7.10,3.30,350.70,nan
07-Aug-25 7:01:00 PM AEST,22.1,68.5,nan,nan,nan,nan,5.20,0.11,3.50,1.10,5.10,nan
07-Aug-25 7:02:00 PM AEST,nan,nan,16.0,nan,nan,nan,nan,0.06,2.40,0.60,5.20,nan
07-Aug-25 7:03:00 PM AEST,22.0,68.7,16.1,nan,nan,nan,nan,0.03,1.20,0.30,4.80,0.80
07-Aug-25 7:04:00 PM AEST,nan,nan,16.0,nan,nan,nan,nan,0.06,nan,0.60,5.20,0.00
07-Aug-25 7:05:00 PM AEST,nan,69.0,nan,nan,nan,nan,nan,0.00,0.00,0.00,0.00,nan
07-Aug-25 7:06:00 PM AEST,nan,68.8,16.1,nan,nan,nan,nan,nan,nan,nan,nan,nan
07-Aug-25 7:07:00 PM AEST,21.9,69.2,16.0,nan,nan,nan,nan,0.09,3.50,0.90,5.20,nan
07-Aug-25 7:08:00 PM AEST,nan,nan,nan,nan,nan,nan,2.50,0.43,7.10,3.70,1.20,nan
07-Aug-25 7:09:00 PM AEST,nan,nan,nan,nan,nan,nan,1.20,0.33,nan,3.20,5.10,nan
07-Aug-25 7:10:00 PM AEST,nan,nan,nan,nan,nan,nan,333.00,0.46,nan,4.40,334.40,nan
07-Aug-25 7:11:00 PM AEST,nan,69.3,nan,nan,nan,nan,317.10,0.22,3.50,2.20,317.00,nan
07-Aug-25 7:12:00 PM AEST,nan,nan,nan,nan,nan,nan,317.20,0.08,nan,0.80,317.30,nan
07-Aug-25 7:13:00 PM AEST,nan,nan,nan,nan,nan,nan,317.50,0.23,nan,2.30,317.40,nan
07-Aug-25 7:14:00 PM AEST,21.8,69.7,nan,nan,nan,nan,317.40,0.21,nan,2.10,nan,nan
07-Aug-25 7:15:00 PM AEST,nan,nan,nan,nan,nan,nan,nan,0.19,nan,1.90,nan,nan
07-Aug-25 7:16:00 PM AEST,21.7,69.8,nan,nan,nan,nan,nan,0.11,2.40,1.10,317.30,nan
07-Aug-25 7:17:00 PM AEST,nan,nan,nan,nan,nan,nan,317.30,0.33,4.70,3.30,nan,nan
07-Aug-25 7:18:00 PM AEST,nan,nan,nan,nan,nan,nan,317.80,0.24,3.50,2.40,317.80,nan
07-Aug-25 7:19:00 PM AEST,nan,70.0,15.9,nan,nan,nan,321.30,0.10,nan,1.00,321.30,nan
07-Aug-25 7:20:00 PM AEST,nan,70.2,16.0,nan,nan,nan,321.40,0.02,1.20,0.20,321.50,nan
07-Aug-25 7:21:00 PM AEST,21.6,70.3,nan,nan,nan,nan,321.90,0.13,4.70,1.30,322.90,nan
07-Aug-25 7:22:00 PM AEST,nan,70.5,nan,nan,nan,nan,9.80,0.34,5.90,3.40,11.10,nan
07-Aug-25 7:22:04 PM AEST,21.5,nan,nan,nan,nan,nan,nan,nan,nan,nan,nan,nan
07-Aug-25 7:23:00 PM AEST,nan,70.8,15.9,nan,nan,nan,8.00,0.12,3.50,1.20,7.90,nan
07-Aug-25 7:23:08 PM AEST,21.4,nan,nan,nan,nan,nan,nan,nan,nan,nan,nan,nan
07-Aug-25 7:24:00 PM AEST,nan,nan,16.0,nan,nan,nan,36.60,0.46,8.30,3.80,37.80,nan
07-Aug-25 7:25:00 PM AEST,nan,nan,15.9,nan,nan,nan,335.50,0.56,nan,5.00,334.50,nan
07-Aug-25 7:26:00 PM AEST,21.5,nan,nan,nan,nan,nan,313.30,0.21,5.90,2.10,313.20,nan
07-Aug-25 7:27:00 PM AEST,nan,71.0,16.0,nan,nan,nan,nan,0.00,0.00,0.00,0.00,nan
07-Aug-25 7:28:00 PM AEST,nan,nan,nan,nan,nan,nan,313.40,0.01,1.20,0.10,312.50,nan
07-Aug-25 7:29:00 PM AEST,nan,nan,nan,nan,nan,nan,313.30,0.00,0.00,0.00,0.00,nan
07-Aug-25 7:30:00 PM AEST,nan,nan,nan,nan,nan,nan,nan,0.09,3.50,0.90,313.20,nan
07-Aug-25 7:31:00 PM AEST,21.4,nan,nan,nan,nan,nan,333.50,0.40,11.80,3.60,342.00,nan
07-Aug-25 7:32:00 PM AEST,nan,71.2,nan,nan,nan,nan,321.50,0.58,10.60,5.60,317.10,nan
07-Aug-25 7:33:00 PM AEST,21.5,71.3,nan,nan,nan,nan,336.30,0.13,3.50,1.30,336.30,nan
07-Aug-25 7:34:00 PM AEST,nan,nan,16.1,nan,nan,nan,310.70,0.17,5.90,1.60,274.40,nan
07-Aug-25 7:34:04 PM AEST,21.4,nan,nan,nan,nan,nan,nan,nan,nan,nan,nan,nan
07-Aug-25 7:35:00 PM AEST,nan,nan,16.0,nan,nan,nan,28.20,0.62,9.50,4.90,36.40,nan
07-Aug-25 7:35:08 PM AEST,21.5,nan,nan,nan,nan,nan,nan,nan,nan,nan,nan,nan
07-Aug-25 7:36:00 PM AEST,nan,71.5,nan,nan,nan,nan,302.00,0.93,14.20,9.00,302.60,nan
07-Aug-25 7:37:00 PM AEST,nan,nan,16.1,nan,nan,nan,53.90,0.47,10.60,3.20,39.90,nan
07-Aug-25 7:38:00 PM AEST,21.6,nan,16.2,nan,nan,nan,39.80,0.39,5.90,3.30,32.50,nan
07-Aug-25 7:39:00 PM AEST,nan,71.3,nan,nan,nan,nan,329.70,0.18,3.50,1.80,329.80,nan
07-Aug-25 7:40:00 PM AEST,nan,nan,nan,nan,nan,nan,330.00,0.28,4.70,2.80,nan,0.80
07-Aug-25 7:41:00 PM AEST,nan,nan,nan,nan,nan,nan,313.60,0.25,5.90,2.50,313.90,0.00
07-Aug-25 7:42:00 PM AEST,nan,71.5,nan,nan,nan,nan,17.50,0.37,nan,3.10,21.70,nan
07-Aug-25 7:43:00 PM AEST,nan,71.3,nan,nan,nan,nan,13.70,0.06,2.40,0.60,13.60,nan
07-Aug-25 7:44:00 PM AEST,nan,nan,nan,nan,nan,nan,0.70,0.18,5.90,1.00,306.40,nan
07-Aug-25 7:45:00 PM AEST,nan,71.5,nan,nan,nan,nan,318.10,0.39,nan,2.90,313.00,nan
07-Aug-25 7:46:00 PM AEST,nan,71.3,nan,nan,nan,nan,348.00,0.33,4.70,3.30,347.90,nan
07-Aug-25 7:47:00 PM AEST,nan,nan,nan,nan,nan,nan,349.80,0.31,nan,3.10,349.30,nan
07-Aug-25 7:48:00 PM AEST,21.5,71.7,nan,nan,nan,nan,350.90,0.29,nan,2.90,350.80,nan
07-Aug-25 7:49:00 PM AEST,nan,71.8,nan,nan,nan,nan,348.50,0.26,5.90,2.60,348.50,nan
07-Aug-25 7:49:04 PM AEST,21.4,nan,nan,nan,nan,nan,nan,nan,nan,nan,nan,nan
07-Aug-25 7:50:00 PM AEST,nan,72.0,nan,nan,nan,nan,348.40,0.12,3.50,1.20,348.40,nan
07-Aug-25 7:50:08 PM AEST,21.3,nan,nan,nan,nan,nan,nan,nan,nan,nan,nan,nan
07-Aug-25 7:51:00 PM AEST,nan,nan,16.1,nan,nan,nan,nan,0.00,0.00,0.00,0.00,nan
07-Aug-25 7:53:00 PM AEST,nan,72.2,16.0,nan,nan,nan,344.40,0.05,2.40,0.50,342.90,nan
07-Aug-25 7:54:00 PM AEST,nan,nan,16.1,nan,nan,nan,9.30,0.39,5.90,3.90,10.40,nan
07-Aug-25 7:55:00 PM AEST,nan,72.3,nan,nan,nan,nan,11.50,0.17,3.50,1.70,11.50,nan
07-Aug-25 7:56:00 PM AEST,nan,72.5,16.2,nan,nan,nan,327.90,0.44,5.90,4.00,322.50,nan
07-Aug-25 7:57:00 PM AEST,21.4,nan,nan,nan,nan,nan,307.60,0.30,4.70,3.00,307.90,nan
07-Aug-25 7:58:00 PM AEST,nan,nan,nan,nan,nan,nan,305.90,0.12,3.50,1.20,305.70,nan
07-Aug-25 7:59:00 PM AEST,21.3,72.7,nan,nan,nan,nan,244.30,0.22,5.90,2.10,203.10,nan
07-Aug-25 8:00:00 PM AEST,nan,nan,nan,nan,nan,nan,194.60,0.34,4.70,3.40,194.50,nan
07-Aug-25 8:00:56 PM AEST,nan,nan,nan,nan,nan,0.01,nan,nan,nan,nan,nan,nan
07-Aug-25 8:01:00 PM AEST,21.2,72.8,nan,nan,nan,nan,186.40,0.30,nan,2.90,184.30,nan
07-Aug-25 8:02:00 PM AEST,nan,nan,16.1,nan,nan,nan,67.30,0.35,5.90,2.40,63.50,nan
07-Aug-25 8:03:00 PM AEST,nan,73.0,nan,nan,nan,nan,42.90,0.30,nan,3.00,42.90,nan
07-Aug-25 8:04:00 PM AEST,21.3,73.2,16.2,nan,nan,nan,nan,0.08,2.40,0.80,nan,nan
07-Aug-25 8:05:00 PM AEST,nan,nan,16.3,nan,nan,nan,37.90,0.60,14.20,5.50,43.30,nan
07-Aug-25 8:06:00 PM AEST,nan,73.3,nan,nan,nan,nan,347.40,0.69,nan,5.40,2.10,nan
07-Aug-25 8:07:00 PM AEST,nan,nan,nan,nan,nan,nan,328.30,0.33,4.70,3.30,327.90,nan
07-Aug-25 8:08:00 PM AEST,nan,nan,nan,nan,nan,nan,315.00,0.25,nan,2.50,315.30,nan
07-Aug-25 8:09:00 PM AEST,nan,nan,nan,nan,nan,nan,313.10,0.03,3.50,0.30,312.50,nan
07-Aug-25 8:10:00 PM AEST,nan,73.5,nan,nan,nan,nan,235.40,0.19,nan,1.90,236.70,nan
07-Aug-25 8:11:00 PM AEST,nan,nan,nan,nan,nan,nan,233.90,0.04,1.20,0.40,234.40,nan
07-Aug-25 8:12:00 PM AEST,21.2,nan,nan,nan,nan,nan,234.10,0.03,nan,0.30,nan,nan
07-Aug-25 8:13:00 PM AEST,nan,nan,nan,nan,nan,nan,29.40,0.34,5.90,3.20,31.50,nan
07-Aug-25 8:13:04 PM AEST,21.3,nan,nan,nan,nan,nan,nan,nan,nan,nan,nan,nan
07-Aug-25 8:14:00 PM AEST,nan,73.7,nan,nan,nan,nan,20.60,0.37,7.10,3.60,20.20,nan
07-Aug-25 8:15:00 PM AEST,21.2,73.5,16.4,nan,nan,nan,13.10,0.28,3.50,2.80,13.10,nan
07-Aug-25 8:16:00 PM AEST,nan,73.7,16.3,nan,nan,nan,351.90,0.30,5.90,2.60,341.80,0.80
07-Aug-25 8:16:04 PM AEST,21.3,nan,nan,nan,nan,nan,nan,nan,nan,nan,nan,nan
07-Aug-25 8:17:00 PM AEST,nan,nan,16.4,nan,nan,nan,333.10,0.27,4.70,nan,328.30,0.00
07-Aug-25 8:19:00 PM AEST,nan,73.8,nan,nan,nan,nan,342.70,0.11,2.40,1.10,342.70,nan
07-Aug-25 8:19:00 PM AEST,nan,73.7,nan,nan,nan,nan,342.60,0.17,4.70,1.70,342.40,nan
07-Aug-25 8:20:00 PM AEST,21.2,nan,nan,nan,nan,nan,352.90,0.28,nan,2.70,358.00,nan
07-Aug-25 8:21:00 PM AEST,nan,73.8,16.3,nan,nan,nan,18.60,0.43,5.90,4.30,19.80,nan
07-Aug-25 8:21:04 PM AEST,21.3,nan,nan,nan,nan,nan,nan,nan,nan,nan,nan,nan
07-Aug-25 8:22:00 PM AEST,nan,73.7,16.4,nan,nan,nan,314.30,0.33,nan,3.20,315.30,nan
07-Aug-25 8:23:00 PM AEST,21.2,74.0,nan,nan,nan,nan,337.20,0.17,3.50,1.50,4.10,nan
07-Aug-25 8:24:00 PM AEST,nan,73.8,nan,nan,nan,nan,16.40,0.43,7.10,4.30,16.50,nan
07-Aug-25 8:25:00 PM AEST,21.3,74.0,nan,nan,nan,nan,13.80,0.21,4.70,2.10,13.80,nan
07-Aug-25 8:26:00 PM AEST,nan,nan,nan,nan,nan,nan,297.00,0.61,11.80,5.80,291.10,nan
07-Aug-25 8:27:00 PM AEST,nan,nan,nan,nan,nan,nan,357.60,0.46,7.10,2.50,9.20,nan
07-Aug-25 8:28:00 PM AEST,nan,74.2,nan,nan,nan,nan,3.40,0.21,3.50,2.10,2.10,nan
07-Aug-25 8:29:00 PM AEST,21.2,74.0,16.5,nan,nan,nan,11.10,nan,7.10,2.00,19.80,nan
07-Aug-25 8:30:00 PM AEST,nan,74.2,16.4,nan,nan,nan,40.00,0.78,10.60,7.50,39.50,nan
07-Aug-25 8:30:04 PM AEST,21.3,nan,nan,nan,nan,nan,nan,nan,nan,nan,nan,nan
07-Aug-25 8:31:00 PM AEST,nan,nan,16.5,nan,nan,nan,356.70,0.56,8.30,5.20,356.40,nan
07-Aug-25 8:32:00 PM AEST,nan,nan,nan,nan,nan,nan,301.70,0.34,5.90,2.80,311.70,nan
07-Aug-25 8:33:00 PM AEST,nan,74.3,nan,nan,nan,nan,275.40,0.24,4.70,2.30,274.40,nan
07-Aug-25 8:35:00 PM AEST,nan,nan,nan,nan,nan,nan,6.40,0.43,7.10,3.60,7.20,nan
07-Aug-25 8:36:00 PM AEST,nan,nan,nan,nan,nan,nan,23.90,0.33,4.70,3.30,24.00,nan
07-Aug-25 8:37:00 PM AEST,nan,nan,nan,nan,nan,nan,23.50,0.04,2.40,0.40,23.50,nan
07-Aug-25 8:38:00 PM AEST,nan,74.5,nan,nan,nan,nan,301.50,0.46,8.30,4.30,295.50,nan
07-Aug-25 8:39:00 PM AEST,nan,nan,nan,nan,nan,nan,284.10,0.17,4.70,1.70,284.00,nan
07-Aug-25 8:40:00 PM AEST,nan,nan,16.6,nan,nan,nan,nan,0.00,0.00,0.00,0.00,nan
07-Aug-25 8:41:00 PM AEST,21.2,74.3,nan,nan,nan,nan,nan,0.01,1.20,0.10,284.00,nan
07-Aug-25 8:42:00 PM AEST,nan,74.5,16.5,nan,nan,nan,316.10,0.35,5.90,3.40,320.50,nan
07-Aug-25 8:43:00 PM AEST,nan,nan,nan,nan,nan,nan,2.60,0.49,8.30,4.80,3.20,nan
07-Aug-25 8:44:00 PM AEST,21.3,74.3,nan,nan,nan,nan,10.40,0.24,3.50,2.40,10.40,nan
07-Aug-25 8:45:00 PM AEST,nan,74.5,nan,nan,nan,nan,21.80,0.27,4.70,2.70,21.80,nan
07-Aug-25 8:45:04 PM AEST,21.2,nan,nan,nan,nan,nan,nan,nan,nan,nan,nan,nan
07-Aug-25 8:46:00 PM AEST,nan,nan,nan,nan,nan,nan,24.50,0.11,2.40,1.10,24.50,nan
07-Aug-25 8:47:00 PM AEST,nan,nan,nan,nan,nan,nan,nan,0.08,3.50,0.80,24.30,nan
07-Aug-25 8:48:00 PM AEST,21.1,nan,nan,nan,nan,nan,nan,0.09,nan,0.90,24.40,nan
07-Aug-25 8:49:00 PM AEST,nan,nan,16.4,nan,nan,nan,nan,0.00,0.00,0.00,0.00,nan
07-Aug-25 8:50:00 PM AEST,nan,74.7,nan,nan,nan,nan,nan,nan,nan,nan,nan,nan
07-Aug-25 8:51:00 PM AEST,nan,nan,nan,nan,nan,nan,nan,0.05,1.20,0.50,24.40,nan
07-Aug-25 8:52:00 PM AEST,21.0,74.8,nan,nan,nan,nan,nan,0.21,4.70,2.10,24.50,0.80
07-Aug-25 8:53:00 PM AEST,nan,74.7,nan,nan,nan,nan,21.70,0.36,7.10,3.40,20.70,0.00
07-Aug-25 8:54:00 PM AEST,21.1,74.8,16.3,nan,nan,nan,324.00,0.49,nan,4.80,324.70,nan
07-Aug-25 8:55:00 PM AEST,nan,nan,16.4,nan,nan,nan,285.10,0.22,4.70,2.20,284.90,nan
07-Aug-25 8:55:04 PM AEST,21.0,nan,nan,nan,nan,nan,nan,nan,nan,nan,nan,nan
07-Aug-25 8:56:00 PM AEST,nan,nan,nan,nan,nan,nan,285.50,0.07,2.40,0.60,285.60,nan
07-Aug-25 8:57:00 PM AEST,nan,nan,nan,nan,nan,nan,320.60,0.34,10.60,3.00,19.70,nan
07-Aug-25 8:58:00 PM AEST,nan,nan,nan,nan,nan,nan,337.90,0.58,8.30,5.10,332.70,nan
07-Aug-25 8:59:00 PM AEST,21.1,nan,nan,nan,nan,nan,292.50,0.46,7.10,4.40,292.30,nan
07-Aug-25 9:01:00 PM AEST,nan,74.7,nan,nan,nan,65.53,332.50,0.44,nan,3.80,326.80,nan
07-Aug-25 9:02:00 PM AEST,nan,nan,nan,nan,nan,nan,311.40,0.46,9.50,4.20,302.70,nan
07-Aug-25 9:03:00 PM AEST,nan,nan,nan,nan,nan,nan,317.70,0.23,4.70,2.10,318.80,nan
07-Aug-25 9:04:00 PM AEST,21.0,nan,nan,nan,nan,nan,47.70,0.34,5.90,3.40,47.30,nan
07-Aug-25 9:05:00 PM AEST,nan,nan,nan,nan,nan,nan,48.60,0.00,0.00,0.00,0.00,nan
07-Aug-25 9:06:00 PM AEST,nan,nan,16.3,nan,nan,nan,nan,0.19,3.50,1.90,48.70,nan
07-Aug-25 9:07:00 PM AEST,20.9,74.8,nan,nan,nan,nan,nan,0.11,2.40,1.10,nan,nan
07-Aug-25 9:08:00 PM AEST,nan,75.0,nan,nan,nan,nan,48.70,0.00,0.00,0.00,0.00,nan
07-Aug-25 9:08:04 PM AEST,20.8,nan,nan,nan,nan,nan,nan,nan,nan,nan,nan,nan
07-Aug-25 9:09:00 PM AEST,nan,nan,16.2,nan,nan,nan,48.60,nan,nan,nan,nan,nan
07-Aug-25 9:10:00 PM AEST,20.7,75.2,nan,nan,nan,nan,nan,nan,nan,nan,nan,nan
07-Aug-25 9:11:00 PM AEST,nan,75.5,16.1,nan,nan,nan,nan,0.01,1.20,0.10,47.50,nan
07-Aug-25 9:12:00 PM AEST,20.6,nan,16.2,nan,nan,nan,nan,0.00,0.00,0.00,0.00,nan
07-Aug-25 9:13:00 PM AEST,nan,75.7,16.1,nan,nan,nan,nan,nan,nan,nan,nan,nan
07-Aug-25 9:14:00 PM AEST,20.5,76.0,nan,nan,nan,nan,nan,nan,nan,nan,nan,nan
07-Aug-25 9:15:04 PM AEST,20.4,nan,nan,nan,nan,nan,nan,nan,nan,nan,nan,nan
07-Aug-25 9:15:04 PM AEST,20.3,nan,nan,nan,nan,nan,nan,nan,nan,nan,nan,nan
07-Aug-25 9:16:00 PM AEST,nan,76.3,nan,nan,nan,nan,nan,0.05,1.20,0.50,48.40,nan
07-Aug-25 9:16:00 PM AEST,nan,76.7,nan,nan,nan,nan,nan,0.05,1.20,0.50,48.40,nan
07-Aug-25 9:16:08 PM AEST,20.2,nan,nan,nan,nan,nan,nan,nan,nan,nan,nan,nan
07-Aug-25 9:17:00 PM AEST,nan,nan,16.0,nan,nan,nan,nan,0.00,0.00,0.00,0.00,nan
07-Aug-25 9:19:00 PM AEST,nan,77.0,15.9,nan,nan,nan,nan,0.05,3.50,0.50,49.00,nan
07-Aug-25 9:20:00 PM AEST,20.0,77.2,16.0,nan,nan,nan,97.30,0.36,5.90,3.40,98.70,nan
07-Aug-25 9:21:00 PM AEST,nan,77.5,15.9,nan,nan,nan,103.70,0.37,4.70,3.70,103.70,nan
07-Aug-25 9:21:04 PM AEST,19.9,nan,nan,nan,nan,nan,nan,nan,nan,nan,nan,nan
07-Aug-25 9:22:00 PM AEST,nan,77.7,nan,nan,nan,nan,nan,0.36,nan,3.60,nan,nan
07-Aug-25 9:23:00 PM AEST,nan,78.0,nan,nan,nan,nan,103.80,0.19,3.50,2.00,103.80,nan
07-Aug-25 9:24:00 PM AEST,19.8,nan,nan,nan,nan,nan,103.70,0.04,2.40,0.40,103.30,nan
07-Aug-25 9:25:00 PM AEST,nan,78.2,nan,nan,nan,nan,103.80,0.19,nan,2.00,103.80,nan
07-Aug-25 9:26:00 PM AEST,19.7,78.3,nan,nan,nan,nan,103.70,0.02,1.20,0.20,102.90,nan
07-Aug-25 9:27:00 PM AEST,nan,78.5,nan,nan,nan,nan,103.80,0.00,0.00,0.00,0.00,nan
07-Aug-25 9:28:00 PM AEST,nan,nan,nan,nan,nan,nan,103.70,0.01,1.20,0.10,104.00,nan
07-Aug-25 9:29:00 PM AEST,19.6,78.8,nan,nan,nan,nan,103.80,nan,nan,nan,100.60,nan
07-Aug-25 9:30:00 PM AEST,nan,79.2,15.8,nan,nan,nan,nan,0.00,0.00,0.00,0.00,0.80
07-Aug-25 9:31:00 PM AEST,nan,nan,15.9,nan,nan,nan,103.70,nan,nan,nan,nan,0.00
07-Aug-25 9:32:00 PM AEST,19.5,79.3,nan,nan,nan,nan,103.80,nan,nan,nan,nan,nan
07-Aug-25 9:33:00 PM AEST,nan,79.5,15.8,nan,nan,nan,nan,nan,nan,nan,nan,nan
07-Aug-25 9:34:00 PM AEST,19.4,79.7,nan,nan,nan,nan,103.70,0.01,1.20,0.10,104.00,nan
07-Aug-25 9:35:00 PM AEST,nan,nan,nan,nan,nan,nan,103.80,0.00,0.00,0.00,0.00,nan
07-Aug-25 9:35:04 PM AEST,19.3,nan,nan,nan,nan,nan,nan,nan,nan,nan,nan,nan
07-Aug-25 9:36:00 PM AEST,nan,79.8,15.7,nan,nan,nan,103.70,nan,nan,nan,nan,nan
07-Aug-25 9:37:00 PM AEST,nan,80.0,nan,nan,nan,nan,103.80,nan,1.20,nan,nan,nan
07-Aug-25 9:38:00 PM AEST,nan,nan,nan,nan,nan,nan,103.70,0.13,2.40,1.30,103.60,nan
07-Aug-25 9:39:00 PM AEST,nan,80.3,15.8,nan,nan,nan,103.80,0.19,3.50,1.90,103.80,nan
07-Aug-25 9:40:00 PM AEST,19.2,80.2,nan,nan,nan,nan,nan,0.02,2.40,0.20,104.00,nan
07-Aug-25 9:41:00 PM AEST,nan,80.5,15.7,nan,nan,nan,nan,0.28,3.50,2.80,103.80,nan
07-Aug-25 9:42:00 PM AEST,19.1,80.7,nan,nan,nan,nan,103.70,0.21,nan,2.10,103.70,nan
07-Aug-25 9:43:00 PM AEST,nan,80.8,nan,nan,nan,nan,103.80,0.01,1.20,0.10,104.00,nan
07-Aug-25 9:43:04 PM AEST,19.2,nan,nan,nan,nan,nan,nan,nan,nan,nan,nan,nan
07-Aug-25 9:44:00 PM AEST,nan,80.7,15.8,nan,nan,nan,103.70,0.00,0.00,0.00,0.00,nan
07-Aug-25 9:45:00 PM AEST,19.1,80.8,nan,nan,nan,nan,103.80,nan,nan,nan,nan,nan
07-Aug-25 9:46:00 PM AEST,nan,81.2,15.7,nan,nan,nan,nan,nan,2.40,nan,nan,nan
07-Aug-25 9:46:04 PM AEST,19.0,nan,nan,nan,nan,nan,nan,nan,nan,nan,nan,nan
07-Aug-25 9:47:00 PM AEST,nan,81.3,nan,nan,nan,nan,103.70,0.34,4.70,3.40,103.70,nan
07-Aug-25 9:47:08 PM AEST,19.1,nan,nan,nan,nan,nan,nan,nan,nan,nan,nan,nan
07-Aug-25 9:48:00 PM AEST,nan,81.5,15.8,nan,nan,nan,103.80,0.05,2.40,0.50,103.60,nan
07-Aug-25 9:48:12 PM AEST,19.0,nan,nan,nan,nan,nan,nan,nan,nan,nan,nan,nan
07-Aug-25 9:49:00 PM AEST,nan,nan,nan,nan,nan,nan,nan,0.14,nan,1.40,nan,nan
07-Aug-25 9:50:00 PM AEST,nan,81.7,nan,nan,nan,nan,nan,0.00,0.00,0.00,0.00,nan
07-Aug-25 9:51:00 PM AEST,nan,81.8,nan,nan,nan,nan,103.70,0.01,1.20,0.10,104.00,nan
07-Aug-25 9:52:00 PM AEST,18.9,82.0,nan,nan,nan,nan,103.80,nan,nan,nan,100.60,nan
07-Aug-25 9:53:00 PM AEST,nan,82.3,nan,nan,nan,nan,nan,0.00,0.00,0.00,0.00,nan
07-Aug-25 9:54:00 PM AEST,nan,82.2,15.9,nan,nan,nan,103.70,nan,nan,nan,nan,nan
07-Aug-25 9:55:00 PM AEST,nan,82.3,15.8,nan,nan,nan,103.80,nan,nan,nan,nan,nan
07-Aug-25 9:56:00 PM AEST,18.8,82.5,nan,nan,nan,nan,nan,nan,nan,nan,nan,nan
07-Aug-25 9:57:00 PM AEST,nan,82.8,nan,nan,nan,nan,103.70,nan,nan,nan,nan,nan
07-Aug-25 9:58:00 PM AEST,nan,82.7,nan,nan,nan,nan,103.80,nan,nan,nan,nan,nan
07-Aug-25 9:59:00 PM AEST,18.7,83.0,nan,nan,nan,nan,nan,nan,nan,nan,nan,nan
07-Aug-25 10:00:00 PM AEST,nan,nan,nan,nan,nan,nan,nan,0.01,1.20,0.10,104.00,nan
07-Aug-25 10:01:00 PM AEST,nan,nan,15.7,nan,nan,nan,103.70,nan,nan,nan,102.30,nan
07-Aug-25 10:01:04 PM AEST,nan,nan,nan,nan,nan,65.53,nan,nan,nan,nan,nan,nan
07-Aug-25 10:02:00 PM AEST,18.6,nan,nan,nan,nan,nan,103.80,0.00,0.00,0.00,0.00,nan
07-Aug-25 10:03:00 PM AEST,nan,83.2,nan,nan,nan,nan,nan,nan,nan,nan,nan,nan
07-Aug-25 10:04:00 PM AEST,18.5,83.3,nan,nan,nan,nan,103.70,nan,nan,nan,nan,nan
07-Aug-25 10:05:00 PM AEST,nan,83.5,15.6,nan,nan,nan,103.80,nan,nan,nan,nan,0.80
07-Aug-25 10:06:00 PM AEST,nan,83.7,nan,nan,nan,nan,nan,nan,nan,nan,nan,0.00
07-Aug-25 10:07:00 PM AEST,18.4,nan,15.7,nan,nan,nan,103.70,nan,nan,nan,nan,nan
07-Aug-25 10:08:00 PM AEST,nan,83.8,15.6,nan,nan,nan,103.80,0.03,3.50,0.30,103.40,nan
07-Aug-25 10:09:00 PM AEST,nan,84.0,nan,nan,nan,nan,nan,0.21,nan,2.10,103.70,nan
07-Aug-25 10:10:00 PM AEST,nan,84.2,nan,nan,nan,nan,nan,0.12,2.40,1.20,103.80,nan
07-Aug-25 10:11:00 PM AEST,18.3,84.3,nan,nan,nan,nan,103.70,0.00,1.20,0.00,0.00,nan
07-Aug-25 10:12:00 PM AEST,nan,84.7,nan,nan,nan,nan,103.80,0.11,3.50,1.10,103.70,nan
07-Aug-25 10:12:04 PM AEST,18.2,nan,nan,nan,nan,nan,nan,nan,nan,nan,nan,nan
07-Aug-25 10:13:00 PM AEST,nan,84.8,15.7,nan,nan,nan,nan,0.28,nan,2.80,103.80,nan
07-Aug-25 10:14:00 PM AEST,nan,nan,15.6,nan,nan,nan,103.70,0.02,1.20,0.20,102.90,nan
07-Aug-25 10:15:00 PM AEST,nan,85.2,nan,nan,nan,nan,103.80,0.00,0.00,0.00,0.00,nan
07-Aug-25 10:16:00 PM AEST,18.3,85.0,15.7,nan,nan,nan,nan,nan,nan,nan,nan,nan
07-Aug-25 10:17:00 PM AEST,nan,85.2,nan,nan,nan,nan,nan,0.01,1.20,0.10,104.00,nan
07-Aug-25 10:17:04 PM AEST,18.2,nan,nan,nan,nan,nan,nan,nan,nan,nan,nan,nan
07-Aug-25 10:18:00 PM AEST,nan,85.3,nan,nan,nan,nan,103.70,nan,nan,nan,nan,nan
07-Aug-25 10:19:00 PM AEST,nan,nan,nan,nan,nan,nan,103.80,0.00,0.00,0.00,0.00,nan
07-Aug-25 10:21:00 PM AEST,18.1,85.5,nan,nan,nan,nan,nan,nan,nan,nan,nan,nan
07-Aug-25 10:22:00 PM AEST,nan,85.7,nan,nan,nan,nan,nan,0.01,1.20,0.10,104.00,nan
07-Aug-25 10:23:00 PM AEST,nan,85.8,nan,nan,nan,nan,103.70,0.02,2.40,0.20,102.90,nan
07-Aug-25 10:24:00 PM AEST,18.0,86.0,nan,nan,nan,nan,103.80,0.09,nan,0.90,103.70,nan
07-Aug-25 10:25:00 PM AEST,nan,nan,nan,nan,nan,nan,nan,0.02,1.20,0.20,102.90,nan
07-Aug-25 10:26:00 PM AEST,nan,nan,nan,nan,nan,nan,103.70,0.00,0.00,0.00,0.00,nan
07-Aug-25 10:27:00 PM AEST,nan,86.2,15.6,nan,nan,nan,103.80,nan,nan,nan,nan,nan
07-Aug-25 10:28:00 PM AEST,nan,nan,15.7,nan,nan,nan,nan,nan,nan,nan,nan,nan
07-Aug-25 10:30:00 PM AEST,17.9,86.3,15.6,nan,nan,nan,103.70,0.09,2.40,0.90,103.70,nan
07-Aug-25 10:31:00 PM AEST,nan,86.5,nan,nan,nan,nan,103.80,0.11,nan,1.10,nan,nan
07-Aug-25 10:32:00 PM AEST,18.0,nan,nan,nan,nan,nan,nan,0.00,0.00,0.00,0.00,nan
07-Aug-25 10:33:00 PM AEST,nan,86.7,15.7,nan,nan,nan,nan,nan,nan,nan,nan,nan
07-Aug-25 10:33:04 PM AEST,17.9,nan,nan,nan,nan,nan,nan,nan,nan,nan,nan,nan
07-Aug-25 10:34:00 PM AEST,nan,nan,15.6,nan,nan,nan,103.70,0.02,1.20,0.20,103.20,nan
07-Aug-25 10:35:00 PM AEST,nan,nan,nan,nan,nan,nan,103.80,nan,nan,nan,104.00,nan
07-Aug-25 10:36:00 PM AEST,nan,86.8,nan,nan,nan,nan,nan,0.00,0.00,0.00,0.00,nan
07-Aug-25 10:37:00 PM AEST,17.8,nan,nan,nan,nan,nan,103.70,nan,nan,nan,nan,nan
07-Aug-25 10:38:00 PM AEST,nan,87.0,nan,nan,nan,nan,103.80,nan,nan,nan,nan,nan
07-Aug-25 10:39:00 PM AEST,nan,87.2,nan,nan,nan,nan,nan,0.01,1.20,0.10,104.00,nan
07-Aug-25 10:40:00 PM AEST,17.7,87.3,nan,nan,nan,nan,103.70,nan,nan,nan,nan,nan
07-Aug-25 10:41:00 PM AEST,nan,nan,nan,nan,nan,nan,103.80,0.00,0.00,0.00,0.00,nan
07-Aug-25 10:42:00 PM AEST,nan,87.5,nan,nan,nan,nan,nan,nan,nan,nan,nan,0.80
07-Aug-25 10:43:00 PM AEST,17.6,87.3,nan,nan,nan,nan,103.70,nan,nan,nan,nan,0.00
07-Aug-25 10:44:00 PM AEST,nan,87.5,15.5,nan,nan,nan,103.80,nan,nan,nan,nan,nan
07-Aug-25 10:44:04 PM AEST,17.7,nan,nan,nan,nan,nan,nan,nan,nan,nan,nan,nan
07-Aug-25 10:45:00 PM AEST,nan,87.7,15.6,nan,nan,nan,nan,nan,nan,nan,nan,nan
07-Aug-25 10:45:08 PM AEST,17.6,nan,nan,nan,nan,nan,nan,nan,nan,nan,nan,nan
07-Aug-25 10:46:00 PM AEST,nan,nan,nan,nan,nan,nan,103.70,0.01,2.40,0.10,104.00,nan
07-Aug-25 10:47:00 PM AEST,nan,nan,15.5,nan,nan,nan,103.80,0.00,0.00,0.00,0.00,nan
07-Aug-25 10:48:00 PM AEST,nan,87.8,nan,nan,nan,nan,nan,0.01,1.20,0.10,104.00,nan
07-Aug-25 10:49:00 PM AEST,nan,87.7,nan,nan,nan,nan,nan,0.00,0.00,0.00,0.00,nan
07-Aug-25 10:50:00 PM AEST,17.5,88.0,nan,nan,nan,nan,103.70,nan,nan,nan,nan,nan
07-Aug-25 10:51:00 PM AEST,nan,nan,nan,nan,nan,nan,103.80,0.01,1.20,0.10,104.00,nan
07-Aug-25 10:52:00 PM AEST,nan,nan,nan,nan,nan,nan,nan,0.08,2.40,0.80,103.90,nan
07-Aug-25 10:53:00 PM AEST,nan,88.2,nan,nan,nan,nan,nan,0.02,1.20,0.20,102.90,nan
07-Aug-25 10:54:00 PM AEST,17.4,88.3,nan,nan,nan,nan,103.70,0.00,0.00,0.00,0.00,nan
07-Aug-25 10:55:00 PM AEST,nan,nan,nan,nan,nan,nan,103.80,nan,nan,nan,nan,nan
07-Aug-25 10:55:04 PM AEST,17.5,nan,nan,nan,nan,nan,nan,nan,nan,nan,nan,nan
07-Aug-25 10:56:00 PM AEST,nan,nan,nan,nan,nan,nan,nan,0.02,1.20,0.20,104.00,nan
07-Aug-25 10:56:08 PM AEST,17.4,nan,nan,nan,nan,nan,nan,nan,nan,nan,nan,nan
07-Aug-25 10:57:00 PM AEST,nan,nan,nan,nan,nan,nan,nan,nan,nan,nan,102.90,nan
07-Aug-25 10:58:00 PM AEST,nan,88.5,nan,nan,nan,nan,103.70,0.00,0.00,0.00,0.00,nan
07-Aug-25 10:59:00 PM AEST,nan,88.7,nan,nan,nan,nan,103.80,nan,nan,nan,nan,nan
07-Aug-25 11:01:00 PM AEST,nan,88.5,nan,nan,nan,nan,nan,0.15,3.50,1.50,103.90,nan
07-Aug-25 11:01:00 PM AEST,nan,88.7,nan,nan,nan,nan,nan,0.15,3.50,1.50,103.90,nan
07-Aug-25 11:02:00 PM AEST,nan,88.8,nan,nan,nan,nan,nan,0.04,2.40,0.40,103.40,nan
07-Aug-25 11:03:00 PM AEST,nan,89.0,nan,nan,nan,nan,103.70,0.00,0.00,0.00,0.00,nan
07-Aug-25 11:04:00 PM AEST,nan,nan,nan,nan,nan,nan,103.80,nan,nan,nan,nan,nan
07-Aug-25 11:05:00 PM AEST,17.3,88.8,nan,nan,nan,nan,nan,nan,nan,nan,nan,nan
07-Aug-25 11:06:00 PM AEST,nan,89.0,15.4,nan,nan,nan,nan,nan,nan,nan,nan,nan
07-Aug-25 11:07:00 PM AEST,nan,89.2,15.5,nan,nan,nan,nan,nan,nan,nan,nan,nan
07-Aug-25 11:10:00 PM AEST,nan,89.3,nan,nan,nan,nan,103.70,nan,nan,nan,nan,nan
07-Aug-25 11:11:00 PM AEST,nan,89.2,nan,nan,nan,nan,103.80,nan,nan,nan,nan,nan
07-Aug-25 11:12:00 PM AEST,nan,89.3,nan,nan,nan,nan,nan,nan,nan,nan,nan,nan
07-Aug-25 11:13:00 PM AEST,17.2,nan,nan,nan,nan,nan,nan,nan,nan,nan,nan,nan
07-Aug-25 11:14:00 PM AEST,nan,89.5,nan,nan,nan,nan,nan,nan,1.20,nan,nan,nan
07-Aug-25 11:14:04 PM AEST,17.3,nan,nan,nan,nan,nan,nan,nan,nan,nan,nan,nan
07-Aug-25 11:15:00 PM AEST,nan,nan,nan,nan,nan,nan,nan,0.14,3.50,1.40,103.80,nan
07-Aug-25 11:15:08 PM AEST,17.2,nan,nan,nan,nan,nan,nan,nan,nan,nan,nan,nan
07-Aug-25 11:16:00 PM AEST,nan,nan,nan,nan,nan,nan,nan,0.18,nan,1.80,nan,nan
07-Aug-25 11:17:00 PM AEST,nan,89.7,nan,nan,nan,nan,nan,0.04,nan,0.40,103.40,nan
07-Aug-25 11:18:00 PM AEST,17.3,nan,nan,nan,nan,nan,nan,0.05,2.40,0.50,103.60,nan
07-Aug-25 11:19:00 PM AEST,nan,nan,15.6,nan,nan,nan,103.70,0.00,0.00,0.00,0.00,0.80
07-Aug-25 11:19:04 PM AEST,17.2,nan,nan,nan,nan,nan,nan,nan,nan,nan,nan,nan
07-Aug-25 11:20:00 PM AEST,nan,nan,15.5,nan,nan,nan,103.80,nan,nan,nan,nan,0.00
07-Aug-25 11:21:00 PM AEST,nan,nan,nan,nan,nan,nan,nan,0.18,3.50,1.80,103.80,nan
07-Aug-25 11:22:00 PM AEST,nan,nan,nan,nan,nan,nan,nan,0.17,nan,1.70,nan,nan
07-Aug-25 11:23:00 PM AEST,nan,89.8,nan,nan,nan,nan,103.90,0.08,nan,0.80,103.90,nan
07-Aug-25 11:24:00 PM AEST,17.3,90.2,nan,nan,nan,nan,104.30,0.24,nan,2.40,104.30,nan
07-Aug-25 11:25:00 PM AEST,nan,nan,15.6,nan,nan,nan,nan,0.01,1.20,0.10,104.00,nan
07-Aug-25 11:26:00 PM AEST,nan,nan,nan,nan,nan,nan,104.20,0.00,0.00,0.00,0.00,nan
07-Aug-25 11:28:00 PM AEST,17.2,nan,nan,nan,nan,nan,nan,0.07,3.50,0.60,104.30,nan
07-Aug-25 11:29:00 PM AEST,nan,90.3,nan,nan,nan,nan,104.30,0.10,nan,1.00,nan,nan
07-Aug-25 11:29:04 PM AEST,17.3,nan,nan,nan,nan,nan,nan,nan,nan,nan,nan,nan
07-Aug-25 11:30:00 PM AEST,nan,nan,15.7,nan,nan,nan,nan,0.00,0.00,0.00,0.00,nan
07-Aug-25 11:31:00 PM AEST,nan,nan,nan,nan,nan,nan,nan,0.02,2.40,0.20,104.00,nan
07-Aug-25 11:32:00 PM AEST,17.2,90.2,nan,nan,nan,nan,nan,0.19,nan,1.90,104.30,nan
07-Aug-25 11:33:00 PM AEST,nan,nan,15.6,nan,nan,nan,104.20,0.05,nan,0.50,nan,nan
07-Aug-25 11:33:04 PM AEST,17.3,nan,nan,nan,nan,nan,nan,nan,nan,nan,nan,nan
07-Aug-25 11:34:00 PM AEST,nan,90.3,nan,nan,nan,nan,nan,0.00,0.00,0.00,0.00,nan
07-Aug-25 11:34:08 PM AEST,17.2,nan,nan,nan,nan,nan,nan,nan,nan,nan,nan,nan
07-Aug-25 11:35:00 PM AEST,nan,nan,nan,nan,nan,nan,104.30,nan,nan,nan,nan,nan
07-Aug-25 11:36:00 PM AEST,nan,nan,nan,nan,nan,nan,104.20,nan,nan,nan,nan,nan
07-Aug-25 11:38:00 PM AEST,nan,90.5,nan,nan,nan,nan,nan,nan,nan,nan,nan,nan
07-Aug-25 11:39:00 PM AEST,nan,90.3,nan,nan,nan,nan,nan,nan,nan,nan,nan,nan
07-Aug-25 11:40:00 PM AEST,17.1,nan,nan,nan,nan,nan,nan,nan,nan,nan,nan,nan
07-Aug-25 11:41:00 PM AEST,nan,90.5,15.5,nan,nan,nan,nan,nan,nan,nan,nan,nan
07-Aug-25 11:41:04 PM AEST,17.2,nan,nan,nan,nan,nan,nan,nan,nan,nan,nan,nan
07-Aug-25 11:42:00 PM AEST,nan,90.3,15.6,nan,nan,nan,nan,nan,nan,nan,nan,nan
07-Aug-25 11:42:08 PM AEST,17.1,nan,nan,nan,nan,nan,nan,nan,nan,nan,nan,nan
07-Aug-25 11:43:00 PM AEST,nan,nan,15.5,nan,nan,nan,nan,nan,nan,nan,nan,nan
07-Aug-25 11:45:00 PM AEST,nan,90.5,nan,nan,nan,nan,nan,nan,nan,nan,nan,nan
07-Aug-25 11:47:00 PM AEST,17.0,90.3,nan,nan,nan,nan,nan,nan,nan,nan,nan,nan
07-Aug-25 11:48:00 PM AEST,nan,90.5,15.4,nan,nan,nan,nan,0.05,1.20,0.50,103.90,nan
07-Aug-25 11:48:04 PM AEST,17.1,nan,nan,nan,nan,nan,nan,nan,nan,nan,nan,nan
07-Aug-25 11:49:00 PM AEST,nan,nan,15.5,nan,nan,nan,104.30,0.00,0.00,0.00,0.00,nan
07-Aug-25 11:49:08 PM AEST,17.0,nan,nan,nan,nan,nan,nan,nan,nan,nan,nan,nan
07-Aug-25 11:50:00 PM AEST,nan,nan,nan,nan,nan,nan,104.20,nan,nan,nan,nan,nan
07-Aug-25 11:50:12 PM AEST,17.1,nan,nan,nan,nan,nan,nan,nan,nan,nan,nan,nan
07-Aug-25 11:51:00 PM AEST,nan,90.7,nan,nan,nan,nan,nan,nan,nan,nan,nan,nan
07-Aug-25 11:51:16 PM AEST,17.0,nan,nan,nan,nan,nan,nan,nan,nan,nan,nan,nan
07-Aug-25 11:55:00 PM AEST,nan,nan,nan,nan,nan,nan,104.30,nan,nan,nan,nan,0.80
07-Aug-25 11:56:00 PM AEST,nan,nan,nan,nan,nan,nan,104.20,nan,nan,nan,nan,0.00
07-Aug-25 11:57:00 PM AEST,16.9,nan,15.4,nan,nan,nan,nan,nan,nan,nan,nan,nan
07-Aug-25 11:58:00 PM AEST,nan,90.8,nan,nan,nan,nan,104.30,nan,nan,nan,nan,nan
07-Aug-25 11:59:00 PM AEST,nan,90.7,nan,nan,nan,nan,104.20,nan,nan,nan,nan,0.70
08-Aug-25 12:01:00 AM AEST,16.8,90.8,15.3,nan,nan,nan,nan,nan,nan,nan,nan,0.00
08-Aug-25 12:01:00 AM AEST,16.8,90.8,15.4,nan,nan,nan,nan,nan,nan,nan,nan,0.00
08-Aug-25 12:02:00 AM AEST,nan,91.0,15.3,nan,nan,nan,nan,nan,nan,nan,nan,nan
08-Aug-25 12:02:04 AM AEST,16.9,nan,nan,nan,nan,nan,nan,nan,nan,nan,nan,nan
08-Aug-25 12:03:00 AM AEST,nan,nan,15.4,nan,nan,nan,nan,nan,nan,nan,nan,nan
08-Aug-25 12:04:00 AM AEST,nan,91.2,15.5,nan,nan,nan,104.30,0.01,1.20,0.10,104.00,nan
08-Aug-25 12:05:00 AM AEST,nan,nan,15.4,nan,nan,nan,104.20,0.00,0.00,0.00,0.00,nan
08-Aug-25 12:07:00 AM AEST,nan,91.3,nan,nan,nan,nan,nan,nan,nan,nan,nan,nan
08-Aug-25 12:08:00 AM AEST,nan,nan,nan,nan,nan,nan,104.30,nan,nan,nan,nan,nan
08-Aug-25 12:09:00 AM AEST,nan,nan,15.5,nan,nan,nan,nan,nan,nan,nan,nan,nan
08-Aug-25 12:10:00 AM AEST,16.8,91.5,15.4,nan,nan,nan,nan,nan,nan,nan,nan,nan
08-Aug-25 12:11:00 AM AEST,nan,91.3,nan,nan,nan,nan,104.20,nan,nan,nan,nan,nan
08-Aug-25 12:11:04 AM AEST,16.9,nan,nan,nan,nan,nan,nan,nan,nan,nan,nan,nan
08-Aug-25 12:12:00 AM AEST,nan,91.5,nan,nan,nan,nan,104.30,nan,nan,nan,nan,nan
08-Aug-25 12:12:08 AM AEST,16.8,nan,nan,nan,nan,nan,nan,nan,nan,nan,nan,nan
08-Aug-25 12:13:00 AM AEST,nan,91.7,15.5,nan,nan,nan,nan,nan,nan,nan,nan,nan
08-Aug-25 12:14:00 AM AEST,nan,91.5,nan,nan,nan,nan,104.20,nan,nan,nan,nan,nan
08-Aug-25 12:15:00 AM AEST,nan,nan,15.4,nan,nan,nan,104.30,nan,nan,nan,nan,nan
08-Aug-25 12:16:00 AM AEST,nan,nan,nan,nan,nan,nan,104.20,nan,nan,nan,nan,nan
08-Aug-25 12:17:00 AM AEST,nan,91.7,nan,nan,nan,nan,104.30,nan,nan,nan,nan,nan
08-Aug-25 12:19:00 AM AEST,nan,nan,nan,nan,nan,nan,104.20,nan,nan,nan,nan,nan
08-Aug-25 12:20:00 AM AEST,nan,nan,nan,nan,nan,nan,104.30,nan,nan,nan,nan,nan
08-Aug-25 12:21:00 AM AEST,nan,91.8,nan,nan,nan,nan,104.20,nan,nan,nan,nan,nan
08-Aug-25 12:23:00 AM AEST,nan,nan,15.5,nan,nan,nan,104.30,nan,nan,nan,nan,nan
08-Aug-25 12:24:00 AM AEST,nan,nan,15.4,nan,nan,nan,nan,nan,nan,nan,nan,nan
08-Aug-25 12:25:00 AM AEST,nan,92.0,nan,nan,nan,nan,nan,nan,nan,nan,nan,nan
08-Aug-25 12:26:00 AM AEST,nan,91.8,15.5,nan,nan,nan,104.20,nan,nan,nan,nan,nan
08-Aug-25 12:27:00 AM AEST,16.7,nan,15.4,nan,nan,nan,104.30,0.01,1.20,0.10,104.00,nan
08-Aug-25 12:28:00 AM AEST,nan,92.0,nan,nan,nan,nan,104.20,0.00,0.00,0.00,0.00,nan
08-Aug-25 12:28:04 AM AEST,16.8,nan,nan,nan,nan,nan,nan,nan,nan,nan,nan,nan
08-Aug-25 12:29:00 AM AEST,nan,91.8,15.5,nan,nan,nan,104.30,nan,nan,nan,nan,nan
08-Aug-25 12:29:08 AM AEST,16.7,nan,nan,nan,nan,nan,nan,nan,nan,nan,nan,nan
08-Aug-25 12:30:00 AM AEST,nan,92.0,15.4,nan,nan,nan,104.20,nan,nan,nan,nan,nan
08-Aug-25 12:31:00 AM AEST,nan,nan,nan,nan,nan,nan,104.30,nan,nan,nan,nan,0.80
08-Aug-25 12:32:00 AM AEST,nan,nan,nan,nan,nan,nan,104.20,nan,nan,nan,nan,0.00
08-Aug-25 12:33:00 AM AEST,nan,92.2,nan,nan,nan,nan,nan,0.13,2.40,1.30,104.20,nan
08-Aug-25 12:34:00 AM AEST,16.6,92.0,nan,nan,nan,nan,104.30,0.02,nan,0.20,104.00,nan
08-Aug-25 12:35:00 AM AEST,nan,92.2,15.3,nan,nan,nan,nan,0.05,3.50,0.50,104.30,nan
08-Aug-25 12:35:04 AM AEST,16.7,nan,nan,nan,nan,nan,nan,nan,nan,nan,nan,nan
08-Aug-25 12:36:00 AM AEST,nan,nan,15.4,nan,nan,nan,104.20,0.11,nan,1.10,nan,nan
08-Aug-25 12:37:00 AM AEST,nan,92.0,nan,nan,nan,nan,104.30,0.00,0.00,0.00,0.00,nan
08-Aug-25 12:38:00 AM AEST,16.6,92.2,nan,nan,nan,nan,nan,nan,nan,nan,nan,nan
08-Aug-25 12:39:00 AM AEST,nan,92.3,nan,nan,nan,nan,104.40,nan,nan,nan,nan,nan
08-Aug-25 12:39:04 AM AEST,16.7,nan,nan,nan,nan,nan,nan,nan,nan,nan,nan,nan
08-Aug-25 12:40:00 AM AEST,nan,92.2,nan,nan,nan,nan,104.30,nan,nan,nan,nan,nan
08-Aug-25 12:40:08 AM AEST,16.6,nan,nan,nan,nan,nan,nan,nan,nan,nan,nan,nan
08-Aug-25 12:41:12 AM AEST,16.7,nan,nan,nan,nan,nan,nan,nan,nan,nan,nan,nan
08-Aug-25 12:42:00 AM AEST,nan,92.3,nan,nan,nan,nan,104.20,nan,nan,nan,nan,nan
08-Aug-25 12:42:16 AM AEST,16.6,nan,nan,nan,nan,nan,nan,nan,nan,nan,nan,nan
08-Aug-25 12:43:00 AM AEST,nan,92.2,nan,nan,nan,nan,104.30,0.01,1.20,0.10,104.00,nan
08-Aug-25 12:43:20 AM AEST,16.7,nan,nan,nan,nan,nan,nan,nan,nan,nan,nan,nan
08-Aug-25 12:44:00 AM AEST,nan,92.5,nan,nan,nan,nan,nan,0.11,3.50,1.10,104.30,nan
08-Aug-25 12:45:00 AM AEST,nan,nan,15.5,nan,nan,nan,nan,0.01,1.20,0.10,104.00,nan
08-Aug-25 12:46:00 AM AEST,16.8,92.7,nan,nan,nan,nan,104.20,0.02,nan,0.20,nan,nan
08-Aug-25 12:47:00 AM AEST,nan,92.5,15.6,nan,nan,nan,104.30,0.00,0.00,0.00,0.00,nan
08-Aug-25 12:47:04 AM AEST,16.7,nan,nan,nan,nan,nan,nan,nan,nan,nan,nan,nan
08-Aug-25 12:48:00 AM AEST,nan,nan,15.5,nan,nan,nan,nan,0.12,2.40,1.20,104.20,nan
08-Aug-25 12:49:00 AM AEST,nan,nan,nan,nan,nan,nan,104.20,0.01,1.20,0.10,104.00,nan
08-Aug-25 12:50:00 AM AEST,nan,nan,nan,nan,nan,nan,104.30,0.00,0.00,0.00,0.00,nan
08-Aug-25 12:51:00 AM AEST,nan,92.7,nan,nan,nan,nan,nan,nan,nan,nan,nan,nan
08-Aug-25 12:52:00 AM AEST,nan,92.5,nan,nan,nan,nan,104.20,0.09,2.40,0.90,104.10,nan
08-Aug-25 12:53:00 AM AEST,nan,92.7,nan,nan,nan,nan,nan,0.01,nan,0.10,104.00,nan
08-Aug-25 12:54:00 AM AEST,nan,nan,nan,nan,nan,nan,104.30,0.00,0.00,0.00,0.00,nan
08-Aug-25 12:56:00 AM AEST,nan,nan,nan,nan,nan,nan,104.20,0.01,1.20,0.10,104.00,nan
08-Aug-25 12:57:00 AM AEST,nan,92.8,nan,nan,nan,nan,104.30,0.00,0.00,0.00,0.00,nan
08-Aug-25 12:58:00 AM AEST,nan,92.7,15.6,nan,nan,nan,nan,0.07,3.50,0.60,104.30,nan
08-Aug-25 12:59:00 AM AEST,nan,92.8,15.5,nan,nan,nan,nan,0.03,2.40,0.30,104.00,nan
08-Aug-25 1:00:00 AM AEST,nan,92.7,nan,nan,nan,65.53,104.20,0.00,0.00,0.00,0.00,nan
08-Aug-25 1:02:00 AM AEST,nan,92.8,nan,nan,nan,nan,104.30,nan,nan,nan,nan,nan
08-Aug-25 1:05:00 AM AEST,nan,nan,nan,nan,nan,nan,nan,0.02,1.20,0.20,104.00,nan
08-Aug-25 1:06:00 AM AEST,nan,nan,nan,nan,nan,nan,104.20,0.01,nan,0.10,nan,nan
08-Aug-25 1:07:00 AM AEST,nan,93.0,nan,nan,nan,nan,104.30,0.00,0.00,0.00,0.00,0.80
08-Aug-25 1:08:00 AM AEST,nan,92.8,nan,nan,nan,nan,104.20,nan,nan,nan,nan,0.00
08-Aug-25 1:09:00 AM AEST,16.6,93.0,nan,nan,nan,nan,nan,nan,nan,nan,nan,nan
08-Aug-25 1:10:00 AM AEST,nan,92.8,nan,nan,nan,nan,nan,nan,nan,nan,nan,nan
08-Aug-25 1:11:00 AM AEST,nan,93.0,nan,nan,nan,nan,104.40,nan,nan,nan,nan,nan
08-Aug-25 1:12:00 AM AEST,nan,nan,nan,nan,nan,nan,104.20,nan,nan,nan,nan,nan
08-Aug-25 1:13:00 AM AEST,nan,nan,nan,nan,nan,nan,104.30,nan,nan,nan,nan,nan
08-Aug-25 1:15:00 AM AEST,nan,93.2,nan,nan,nan,nan,104.20,nan,nan,nan,nan,nan
08-Aug-25 1:16:00 AM AEST,nan,93.0,nan,nan,nan,nan,104.30,nan,nan,nan,nan,nan
08-Aug-25 1:17:00 AM AEST,nan,93.2,nan,nan,nan,nan,104.20,0.01,1.20,0.10,104.00,nan
08-Aug-25 1:18:00 AM AEST,nan,93.0,nan,nan,nan,nan,104.30,0.12,2.40,1.20,104.30,nan
08-Aug-25 1:19:00 AM AEST,nan,93.3,nan,nan,nan,nan,104.20,0.00,1.20,0.00,0.00,nan
08-Aug-25 1:20:00 AM AEST,nan,93.2,15.6,nan,nan,nan,nan,nan,0.00,nan,nan,nan
08-Aug-25 1:21:00 AM AEST,16.7,93.3,15.5,nan,nan,nan,104.50,0.20,3.50,2.00,104.50,nan
08-Aug-25 1:22:00 AM AEST,nan,93.2,15.6,nan,nan,nan,105.10,0.19,2.40,1.90,105.10,nan
08-Aug-25 1:22:04 AM AEST,16.6,nan,nan,nan,nan,nan,nan,nan,nan,nan,nan,nan
08-Aug-25 1:23:00 AM AEST,nan,93.3,15.5,nan,nan,nan,105.20,0.03,nan,0.30,104.70,nan
08-Aug-25 1:23:08 AM AEST,16.7,nan,nan,nan,nan,nan,nan,nan,nan,nan,nan,nan
08-Aug-25 1:24:00 AM AEST,nan,nan,15.6,nan,nan,nan,nan,nan,1.20,nan,105.40,nan
08-Aug-25 1:25:00 AM AEST,nan,93.5,nan,nan,nan,nan,nan,0.10,3.50,1.00,105.20,nan
08-Aug-25 1:26:00 AM AEST,nan,93.3,nan,nan,nan,nan,105.10,0.09,2.40,0.90,104.90,nan
08-Aug-25 1:27:00 AM AEST,nan,93.7,nan,nan,nan,nan,105.20,0.11,nan,1.10,105.10,nan
08-Aug-25 1:28:00 AM AEST,nan,93.5,15.7,nan,nan,nan,nan,0.02,1.20,0.20,104.90,nan
08-Aug-25 1:29:00 AM AEST,16.8,nan,15.6,nan,nan,nan,105.10,0.01,nan,0.10,104.00,nan
08-Aug-25 1:30:00 AM AEST,nan,93.8,15.7,nan,nan,nan,357.10,0.43,7.10,3.90,0.50,nan
08-Aug-25 1:30:04 AM AEST,17.0,nan,nan,nan,nan,nan,nan,nan,nan,nan,nan,nan
08-Aug-25 1:31:00 AM AEST,nan,94.0,16.0,nan,nan,nan,343.40,0.20,8.30,2.00,348.00,nan
08-Aug-25 1:31:08 AM AEST,17.1,nan,nan,nan,nan,nan,nan,nan,nan,nan,nan,nan
08-Aug-25 1:32:00 AM AEST,nan,94.3,16.1,nan,nan,nan,337.30,0.38,nan,3.10,335.50,nan
08-Aug-25 1:32:12 AM AEST,17.3,nan,nan,nan,nan,nan,nan,nan,nan,nan,nan,nan
08-Aug-25 1:33:00 AM AEST,nan,94.7,16.3,nan,nan,nan,286.90,0.26,7.10,2.60,285.30,nan
08-Aug-25 1:33:16 AM AEST,17.5,nan,nan,nan,nan,nan,nan,nan,nan,nan,nan,nan
08-Aug-25 1:34:00 AM AEST,nan,nan,16.6,nan,nan,nan,306.90,0.14,3.50,1.10,327.10,nan
08-Aug-25 1:34:20 AM AEST,17.6,nan,nan,nan,nan,nan,nan,nan,nan,nan,nan,nan
08-Aug-25 1:35:00 AM AEST,nan,nan,16.7,nan,nan,nan,8.50,0.29,4.70,2.90,9.50,nan
08-Aug-25 1:35:24 AM AEST,17.7,nan,nan,nan,nan,nan,nan,nan,nan,nan,nan,nan
08-Aug-25 1:35:24 AM AEST,17.9,nan,nan,nan,nan,nan,nan,nan,nan,nan,nan,nan
08-Aug-25 1:36:00 AM AEST,nan,94.8,16.8,nan,nan,nan,32.80,0.35,5.90,3.50,34.10,nan
08-Aug-25 1:37:00 AM AEST,nan,94.7,17.1,nan,nan,nan,29.20,0.01,1.20,0.10,27.30,nan
08-Aug-25 1:38:00 AM AEST,nan,94.5,nan,nan,nan,nan,29.00,0.00,0.00,0.00,0.00,nan
08-Aug-25 1:39:00 AM AEST,nan,94.3,17.0,nan,nan,nan,29.10,0.01,1.20,0.10,29.70,nan
08-Aug-25 1:40:00 AM AEST,nan,94.2,nan,nan,nan,nan,29.20,0.07,2.40,0.70,29.10,nan
08-Aug-25 1:41:00 AM AEST,17.8,94.0,16.9,nan,nan,nan,29.10,0.03,1.20,0.30,nan,nan
08-Aug-25 1:42:00 AM AEST,nan,93.7,nan,nan,nan,nan,29.00,0.07,2.40,0.60,nan,nan
08-Aug-25 1:43:00 AM AEST,nan,93.5,16.8,nan,nan,nan,24.90,nan,3.50,0.70,13.40,nan
08-Aug-25 1:44:00 AM AEST,17.9,93.3,16.7,nan,nan,nan,23.50,0.30,4.70,2.90,23.30,0.80
08-Aug-25 1:45:00 AM AEST,nan,nan,16.8,nan,nan,nan,29.00,0.02,1.20,0.20,29.20,0.00
08-Aug-25 1:46:00 AM AEST,18.0,nan,nan,nan,nan,nan,nan,0.14,2.40,1.40,29.00,nan
08-Aug-25 1:47:00 AM AEST,nan,93.0,16.9,nan,nan,nan,32.70,0.30,4.70,3.00,32.40,nan
08-Aug-25 1:47:04 AM AEST,18.1,nan,nan,nan,nan,nan,nan,nan,nan,nan,nan,nan
08-Aug-25 1:48:00 AM AEST,nan,93.2,nan,nan,nan,nan,50.00,0.21,nan,2.00,61.80,nan
08-Aug-25 1:48:08 AM AEST,18.2,nan,nan,nan,nan,nan,nan,nan,nan,nan,nan,nan
08-Aug-25 1:49:00 AM AEST,nan,93.0,17.0,nan,nan,nan,71.60,nan,3.50,2.10,71.50,nan
08-Aug-25 1:49:12 AM AEST,18.3,nan,nan,nan,nan,nan,nan,nan,nan,nan,nan,nan
08-Aug-25 1:50:00 AM AEST,nan,92.7,17.1,nan,nan,nan,71.30,0.35,4.70,3.50,71.30,nan
08-Aug-25 1:51:00 AM AEST,nan,nan,nan,nan,nan,nan,60.90,0.28,10.60,1.90,39.50,nan
08-Aug-25 1:52:00 AM AEST,18.5,92.5,nan,nan,nan,nan,327.80,0.79,nan,7.60,326.90,nan
08-Aug-25 1:53:00 AM AEST,nan,92.7,17.3,nan,nan,nan,332.60,0.57,8.30,5.70,332.40,nan
08-Aug-25 1:53:04 AM AEST,18.8,nan,nan,nan,nan,nan,nan,nan,nan,nan,nan,nan
08-Aug-25 1:54:00 AM AEST,nan,92.5,17.6,nan,nan,nan,319.00,0.22,7.10,2.20,319.00,nan
08-Aug-25 1:54:08 AM AEST,18.9,nan,nan,nan,nan,nan,nan,nan,nan,nan,nan,nan
08-Aug-25 1:55:00 AM AEST,nan,92.2,nan,nan,nan,nan,319.10,0.02,1.20,0.20,319.30,nan
08-Aug-25 1:55:12 AM AEST,18.8,nan,nan,nan,nan,nan,nan,nan,nan,nan,nan,nan
08-Aug-25 1:56:00 AM AEST,nan,91.7,nan,nan,nan,nan,319.00,0.03,nan,0.30,318.40,nan
08-Aug-25 1:56:16 AM AEST,18.9,nan,nan,nan,nan,nan,nan,nan,nan,nan,nan,nan
08-Aug-25 1:57:00 AM AEST,nan,91.3,17.4,nan,nan,nan,319.40,0.12,3.50,1.20,319.70,nan
08-Aug-25 1:58:00 AM AEST,nan,91.0,17.5,nan,nan,nan,324.10,0.45,7.10,3.90,321.20,nan
08-Aug-25 1:59:00 AM AEST,19.0,90.8,17.4,nan,nan,nan,293.50,0.25,5.90,2.50,293.50,nan
08-Aug-25 2:01:00 AM AEST,nan,90.3,17.5,nan,nan,nan,293.60,0.07,2.40,0.70,293.60,nan
08-Aug-25 2:01:00 AM AEST,nan,89.8,17.4,nan,nan,nan,293.70,0.04,1.20,0.40,293.20,nan
08-Aug-25 2:02:00 AM AEST,nan,89.5,17.3,nan,nan,nan,293.60,0.01,nan,0.10,291.80,nan
08-Aug-25 2:03:00 AM AEST,nan,89.2,17.2,nan,nan,nan,nan,0.00,0.00,0.00,0.00,nan
08-Aug-25 2:04:00 AM AEST,18.9,89.0,17.1,nan,nan,nan,nan,nan,nan,nan,nan,nan
08-Aug-25 2:05:00 AM AEST,nan,88.7,nan,nan,nan,nan,nan,0.01,1.20,0.10,293.40,nan
08-Aug-25 2:06:00 AM AEST,nan,88.5,17.0,nan,nan,nan,293.70,0.11,2.40,1.10,293.60,nan
08-Aug-25 2:07:00 AM AEST,nan,88.2,16.9,nan,nan,nan,293.60,0.08,nan,0.80,293.50,nan
08-Aug-25 2:08:00 AM AEST,18.8,nan,nan,nan,nan,nan,293.70,0.01,1.20,0.10,291.80,nan
08-Aug-25 2:09:00 AM AEST,nan,88.0,16.8,nan,nan,nan,nan,nan,nan,nan,nan,nan
08-Aug-25 2:10:00 AM AEST,nan,88.2,nan,nan,nan,nan,293.60,nan,nan,nan,293.40,nan
08-Aug-25 2:11:00 AM AEST,nan,88.0,nan,nan,nan,nan,nan,0.00,0.00,0.00,0.00,nan
08-Aug-25 2:12:00 AM AEST,nan,87.8,nan,nan,nan,nan,310.60,0.14,4.70,1.10,353.30,nan
08-Aug-25 2:13:00 AM AEST,18.9,nan,nan,nan,nan,nan,358.30,0.28,nan,2.80,358.30,nan
08-Aug-25 2:14:00 AM AEST,nan,88.0,nan,nan,nan,nan,355.30,0.03,1.20,0.30,355.90,nan
08-Aug-25 2:15:00 AM AEST,nan,87.8,16.9,nan,nan,nan,nan,0.01,nan,0.10,356.50,nan
08-Aug-25 2:16:00 AM AEST,18.8,87.7,16.8,nan,nan,nan,355.20,0.17,2.40,1.70,355.30,nan
08-Aug-25 2:17:00 AM AEST,nan,87.5,16.7,nan,nan,nan,355.30,0.10,nan,1.00,nan,nan
08-Aug-25 2:17:04 AM AEST,18.7,nan,nan,nan,nan,nan,nan,nan,nan,nan,nan,nan
08-Aug-25 2:18:00 AM AEST,nan,87.7,16.6,nan,nan,nan,nan,0.01,1.20,0.10,354.80,nan
08-Aug-25 2:18:08 AM AEST,18.6,nan,nan,nan,nan,nan,nan,nan,nan,nan,nan,nan
08-Aug-25 2:19:00 AM AEST,nan,87.5,16.5,nan,nan,nan,355.20,nan,nan,nan,356.40,nan
08-Aug-25 2:20:00 AM AEST,nan,87.7,nan,nan,nan,nan,355.30,0.08,2.40,0.80,355.50,nan
08-Aug-25 2:21:00 AM AEST,18.7,nan,nan,nan,nan,nan,nan,0.02,1.20,0.20,355.70,0.80
08-Aug-25 2:22:00 AM AEST,nan,nan,16.6,nan,nan,nan,355.20,0.00,0.00,0.00,0.00,0.00
08-Aug-25 2:22:04 AM AEST,18.6,nan,nan,nan,nan,nan,nan,nan,nan,nan,nan,nan
08-Aug-25 2:23:00 AM AEST,nan,87.8,16.5,nan,nan,nan,355.30,nan,nan,nan,nan,nan
08-Aug-25 2:23:08 AM AEST,18.5,nan,nan,nan,nan,nan,nan,nan,nan,nan,nan,nan
08-Aug-25 2:24:00 AM AEST,nan,87.7,nan,nan,nan,nan,nan,nan,nan,nan,nan,nan
08-Aug-25 2:25:00 AM AEST,nan,nan,16.4,nan,nan,nan,355.20,0.08,2.40,0.80,355.30,nan
08-Aug-25 2:26:00 AM AEST,18.4,87.8,nan,nan,nan,nan,355.30,0.01,1.20,0.10,356.40,nan
08-Aug-25 2:27:00 AM AEST,nan,88.0,nan,nan,nan,nan,nan,nan,nan,nan,354.80,nan
08-Aug-25 2:28:00 AM AEST,nan,87.8,nan,nan,nan,nan,355.20,0.07,2.40,0.70,355.10,nan
08-Aug-25 2:29:00 AM AEST,18.5,88.2,nan,nan,nan,nan,355.30,0.14,nan,1.40,355.40,nan
08-Aug-25 2:30:00 AM AEST,nan,88.0,16.5,nan,nan,nan,nan,0.02,1.20,0.20,356.50,nan
08-Aug-25 2:31:00 AM AEST,nan,88.2,nan,nan,nan,nan,355.20,0.19,4.70,2.00,355.30,nan
08-Aug-25 2:32:00 AM AEST,18.4,nan,nan,nan,nan,nan,342.70,0.33,nan,2.30,338.20,nan
08-Aug-25 2:33:00 AM AEST,nan,nan,16.4,nan,nan,nan,227.80,0.23,nan,nan,227.80,nan
08-Aug-25 2:34:00 AM AEST,nan,nan,nan,nan,nan,nan,227.90,0.09,2.40,0.90,227.90,nan
08-Aug-25 2:35:00 AM AEST,nan,88.5,nan,nan,nan,nan,nan,0.08,nan,0.80,228.00,nan
08-Aug-25 2:36:00 AM AEST,nan,88.3,nan,nan,nan,nan,227.80,0.28,3.50,2.80,227.80,nan
08-Aug-25 2:37:00 AM AEST,nan,88.5,nan,nan,nan,nan,228.00,0.25,nan,2.50,nan,nan
08-Aug-25 2:38:00 AM AEST,nan,88.7,16.5,nan,nan,nan,228.50,0.01,1.20,0.10,227.50,nan
08-Aug-25 2:39:00 AM AEST,nan,88.5,nan,nan,nan,nan,228.60,0.00,0.00,0.00,0.00,nan
08-Aug-25 2:40:00 AM AEST,nan,nan,16.4,nan,nan,nan,228.50,nan,nan,nan,nan,nan
08-Aug-25 2:41:00 AM AEST,nan,88.7,16.5,nan,nan,nan,nan,nan,nan,nan,nan,nan
08-Aug-25 2:42:00 AM AEST,18.3,88.5,nan,nan,nan,nan,228.60,0.14,2.40,1.40,228.40,nan
08-Aug-25 2:43:00 AM AEST,nan,88.7,16.4,nan,nan,nan,228.50,0.16,nan,1.60,nan,nan
08-Aug-25 2:44:00 AM AEST,nan,88.5,nan,nan,nan,nan,228.60,nan,3.50,nan,nan,nan
08-Aug-25 2:45:00 AM AEST,nan,88.8,16.3,nan,nan,nan,228.40,0.04,nan,0.40,227.80,nan
08-Aug-25 2:46:00 AM AEST,nan,nan,16.4,nan,nan,nan,228.00,0.25,nan,2.50,nan,nan
08-Aug-25 2:47:00 AM AEST,nan,89.0,16.5,nan,nan,nan,227.40,0.24,nan,2.40,227.40,nan
08-Aug-25 2:48:00 AM AEST,18.4,nan,nan,nan,nan,nan,227.50,0.01,1.20,0.10,227.50,nan
08-Aug-25 2:49:00 AM AEST,nan,nan,nan,nan,nan,nan,nan,0.00,0.00,0.00,0.00,nan
08-Aug-25 2:49:04 AM AEST,18.3,nan,nan,nan,nan,nan,nan,nan,nan,nan,nan,nan
08-Aug-25 2:50:00 AM AEST,nan,nan,nan,nan,nan,nan,nan,0.02,1.20,0.20,228.10,nan
08-Aug-25 2:51:00 AM AEST,nan,nan,16.4,nan,nan,nan,nan,nan,nan,nan,nan,nan
08-Aug-25 2:52:00 AM AEST,18.2,nan,nan,nan,nan,nan,nan,0.03,2.40,0.30,227.40,nan
08-Aug-25 2:53:00 AM AEST,nan,88.8,nan,nan,nan,nan,nan,0.24,3.50,2.40,227.50,nan
08-Aug-25 2:54:00 AM AEST,18.1,89.0,16.3,nan,nan,nan,nan,0.17,2.40,1.70,227.40,nan
08-Aug-25 2:55:00 AM AEST,nan,88.8,nan,nan,nan,nan,227.40,0.11,nan,1.10,227.30,nan
08-Aug-25 2:56:00 AM AEST,nan,89.2,16.2,nan,nan,nan,227.50,0.12,nan,1.20,227.40,nan
08-Aug-25 2:57:00 AM AEST,18.0,89.3,16.3,nan,nan,nan,227.60,0.14,nan,1.40,227.50,0.80
08-Aug-25 2:58:00 AM AEST,nan,89.5,nan,nan,nan,nan,227.40,0.12,nan,1.20,227.40,0.00
08-Aug-25 2:58:04 AM AEST,18.1,nan,nan,nan,nan,nan,nan,nan,nan,nan,nan,nan
08-Aug-25 2:59:00 AM AEST,nan,nan,nan,nan,nan,nan,227.60,0.02,1.20,0.20,nan,nan
08-Aug-25 2:59:08 AM AEST,18.0,nan,nan,nan,nan,nan,nan,nan,nan,nan,nan,nan
08-Aug-25 3:01:00 AM AEST,nan,89.7,16.2,nan,nan,nan,227.50,0.21,3.50,2.10,227.60,nan
08-Aug-25 3:01:00 AM AEST,nan,89.7,16.2,nan,nan,nan,227.50,0.09,3.50,0.90,227.40,nan
08-Aug-25 3:02:00 AM AEST,nan,nan,16.3,nan,nan,nan,nan,0.00,0.00,0.00,0.00,nan
08-Aug-25 3:03:00 AM AEST,17.9,nan,16.2,nan,nan,nan,nan,0.03,2.40,0.30,227.40,nan
08-Aug-25 3:04:00 AM AEST,nan,89.8,nan,nan,nan,nan,nan,0.15,nan,1.50,227.50,nan
08-Aug-25 3:04:04 AM AEST,18.0,nan,nan,nan,nan,nan,nan,nan,nan,nan,nan,nan
08-Aug-25 3:04:04 AM AEST,17.9,nan,nan,nan,nan,nan,nan,nan,nan,nan,nan,nan
08-Aug-25 3:05:00 AM AEST,nan,90.0,16.3,nan,nan,nan,nan,0.00,1.20,0.00,0.00,nan
08-Aug-25 3:06:00 AM AEST,nan,nan,nan,nan,nan,nan,nan,0.05,2.40,0.50,227.40,nan
08-Aug-25 3:07:00 AM AEST,nan,nan,nan,nan,nan,nan,nan,0.12,nan,1.20,nan,nan
08-Aug-25 3:08:00 AM AEST,nan,90.2,16.2,nan,nan,nan,227.40,0.04,1.20,0.40,227.10,nan
08-Aug-25 3:09:00 AM AEST,nan,90.3,16.3,nan,nan,nan,227.50,0.00,0.00,0.00,0.00,nan
08-Aug-25 3:10:00 AM AEST,nan,nan,nan,nan,nan,nan,nan,0.03,1.20,0.30,228.00,nan
08-Aug-25 3:11:00 AM AEST,nan,90.5,nan,nan,nan,nan,nan,0.00,0.00,0.00,0.00,nan
08-Aug-25 3:12:00 AM AEST,nan,90.3,16.4,nan,nan,nan,nan,0.09,2.40,0.90,227.60,nan
08-Aug-25 3:13:00 AM AEST,nan,90.7,16.3,nan,nan,nan,nan,0.16,nan,1.60,227.40,nan
08-Aug-25 3:14:00 AM AEST,18.0,90.5,16.4,nan,nan,nan,nan,0.17,nan,1.70,227.50,nan
08-Aug-25 3:15:00 AM AEST,nan,90.8,nan,nan,nan,nan,nan,0.03,1.20,0.30,227.40,nan
08-Aug-25 3:16:00 AM AEST,18.1,91.0,16.5,nan,nan,nan,nan,0.00,0.00,0.00,0.00,nan
08-Aug-25 3:16:00 AM AEST,18.2,91.0,16.5,nan,nan,nan,nan,0.00,0.00,0.00,0.00,nan
08-Aug-25 3:17:00 AM AEST,nan,90.8,16.6,nan,nan,nan,227.40,0.20,3.50,2.00,227.40,nan
08-Aug-25 3:18:00 AM AEST,nan,91.2,nan,nan,nan,nan,nan,0.04,2.40,0.40,227.50,nan
08-Aug-25 3:19:00 AM AEST,18.3,nan,16.8,nan,nan,nan,nan,nan,3.50,nan,nan,nan
08-Aug-25 3:20:00 AM AEST,nan,nan,nan,nan,nan,nan,227.30,0.18,nan,1.80,227.10,nan
08-Aug-25 3:20:04 AM AEST,18.4,nan,nan,nan,nan,nan,nan,nan,nan,nan,nan,nan
08-Aug-25 3:21:00 AM AEST,nan,nan,16.9,nan,nan,nan,227.40,0.01,1.20,0.10,227.50,nan
08-Aug-25 3:22:00 AM AEST,nan,nan,17.0,nan,nan,nan,235.70,0.22,9.50,1.10,7.70,nan
08-Aug-25 3:23:00 AM AEST,18.5,91.0,nan,nan,nan,nan,301.00,0.41,5.90,3.10,315.00,nan
08-Aug-25 3:24:00 AM AEST,nan,nan,nan,nan,nan,nan,277.90,0.27,4.70,2.50,277.00,nan
08-Aug-25 3:24:04 AM AEST,18.6,nan,nan,nan,nan,nan,nan,nan,nan,nan,nan,nan
08-Aug-25 3:25:00 AM AEST,nan,90.8,17.1,nan,nan,nan,295.90,0.01,1.20,0.10,295.00,nan
08-Aug-25 3:26:00 AM AEST,18.5,90.7,nan,nan,nan,nan,295.80,0.07,2.40,0.60,296.00,nan
08-Aug-25 3:27:00 AM AEST,nan,90.5,17.0,nan,nan,nan,295.90,0.09,nan,0.90,295.90,nan
08-Aug-25 3:27:04 AM AEST,18.6,nan,nan,nan,nan,nan,nan,nan,nan,nan,nan,nan
08-Aug-25 3:28:00 AM AEST,nan,90.2,nan,nan,nan,nan,297.20,0.13,nan,1.30,297.90,nan
08-Aug-25 3:29:00 AM AEST,nan,nan,16.9,nan,nan,nan,298.60,0.11,nan,1.10,298.50,nan
08-Aug-25 3:30:00 AM AEST,18.7,89.8,nan,nan,nan,nan,292.30,0.22,4.70,2.10,285.10,nan
08-Aug-25 3:31:00 AM AEST,nan,nan,17.0,nan,nan,nan,256.00,0.27,nan,2.70,256.00,nan
08-Aug-25 3:31:04 AM AEST,18.6,nan,nan,nan,nan,nan,nan,nan,nan,nan,nan,nan
08-Aug-25 3:32:00 AM AEST,nan,89.5,16.9,nan,nan,nan,256.20,0.05,2.40,0.50,256.40,nan
08-Aug-25 3:32:08 AM AEST,18.5,nan,nan,nan,nan,nan,nan,nan,nan,nan,nan,nan
08-Aug-25 3:33:00 AM AEST,nan,nan,16.8,nan,nan,nan,256.10,0.06,nan,0.60,nan,0.80
08-Aug-25 3:34:00 AM AEST,nan,nan,nan,nan,nan,nan,256.00,0.14,nan,1.40,256.00,0.00
08-Aug-25 3:35:00 AM AEST,nan,89.2,16.7,nan,nan,nan,256.10,0.18,nan,1.80,256.10,nan
08-Aug-25 3:36:00 AM AEST,nan,nan,16.6,nan,nan,nan,256.20,0.08,nan,0.80,nan,nan
08-Aug-25 3:37:00 AM AEST,18.4,89.3,nan,nan,nan,nan,256.10,0.00,0.00,0.00,0.00,nan
08-Aug-25 3:38:00 AM AEST,nan,nan,nan,nan,nan,nan,256.20,0.05,3.50,0.50,256.10,nan
08-Aug-25 3:39:00 AM AEST,nan,89.2,nan,nan,nan,nan,nan,0.16,nan,1.60,256.20,nan
08-Aug-25 3:40:00 AM AEST,nan,89.3,nan,nan,nan,nan,nan,0.01,1.20,0.10,256.00,nan
08-Aug-25 3:41:00 AM AEST,18.3,89.2,nan,nan,nan,nan,256.10,0.00,nan,0.00,0.00,nan
08-Aug-25 3:42:00 AM AEST,nan,nan,16.5,nan,nan,nan,256.20,nan,0.00,nan,nan,nan
08-Aug-25 3:44:00 AM AEST,nan,89.3,nan,nan,nan,nan,nan,0.01,1.20,0.10,256.00,nan
08-Aug-25 3:45:00 AM AEST,18.2,nan,nan,nan,nan,nan,256.00,0.13,3.50,1.30,256.10,nan
08-Aug-25 3:46:00 AM AEST,nan,89.5,16.4,nan,nan,nan,256.20,0.02,1.20,0.20,257.10,nan
08-Aug-25 3:46:04 AM AEST,18.3,nan,nan,nan,nan,nan,nan,nan,nan,nan,nan,nan
08-Aug-25 3:47:00 AM AEST,nan,nan,16.5,nan,nan,nan,258.40,0.11,2.40,1.10,258.50,nan
08-Aug-25 3:47:08 AM AEST,18.2,nan,nan,nan,nan,nan,nan,nan,nan,nan,nan,nan
08-Aug-25 3:48:00 AM AEST,nan,nan,nan,nan,nan,nan,258.80,0.00,0.00,0.00,0.00,nan
08-Aug-25 3:50:00 AM AEST,nan,89.7,nan,nan,nan,nan,258.70,0.07,2.40,0.60,258.60,nan
08-Aug-25 3:51:00 AM AEST,18.3,nan,nan,nan,nan,nan,nan,0.09,nan,0.90,258.70,nan
08-Aug-25 3:52:00 AM AEST,nan,nan,nan,nan,nan,nan,258.80,0.06,1.20,0.60,258.90,nan
08-Aug-25 3:52:04 AM AEST,18.2,nan,nan,nan,nan,nan,nan,nan,nan,nan,nan,nan
08-Aug-25 3:53:00 AM AEST,nan,89.8,nan,nan,nan,nan,258.70,0.01,nan,0.10,259.40,nan
08-Aug-25 3:53:08 AM AEST,18.3,nan,nan,nan,nan,nan,nan,nan,nan,nan,nan,nan
08-Aug-25 3:54:00 AM AEST,nan,nan,16.6,nan,nan,nan,258.80,0.08,2.40,0.80,258.80,nan
08-Aug-25 3:55:00 AM AEST,nan,90.0,nan,nan,nan,nan,266.70,0.11,4.70,1.00,283.10,nan
08-Aug-25 3:56:00 AM AEST,18.4,nan,nan,nan,nan,nan,320.20,0.36,5.90,3.60,320.00,nan
08-Aug-25 3:57:00 AM AEST,nan,90.2,16.7,nan,nan,nan,324.70,0.06,1.20,0.60,324.60,nan
08-Aug-25 3:58:00 AM AEST,nan,nan,16.8,nan,nan,nan,324.60,0.02,nan,0.20,324.10,nan
08-Aug-25 3:59:00 AM AEST,18.5,90.0,nan,nan,nan,nan,324.70,0.00,0.00,0.00,0.00,nan
08-Aug-25 4:00:00 AM AEST,nan,nan,nan,nan,nan,65.53,nan,nan,nan,nan,nan,nan
08-Aug-25 4:00:04 AM AEST,18.6,nan,nan,nan,nan,nan,nan,nan,nan,nan,nan,nan
08-Aug-25 4:01:00 AM AEST,nan,90.3,16.9,nan,nan,nan,324.80,0.09,3.50,0.90,324.80,nan
08-Aug-25 4:01:00 AM AEST,nan,90.2,16.9,nan,nan,nan,324.80,0.12,2.40,1.20,324.90,nan
08-Aug-25 4:01:08 AM AEST,18.7,nan,nan,nan,nan,nan,nan,nan,nan,nan,nan,nan
08-Aug-25 4:02:00 AM AEST,nan,nan,17.0,nan,nan,nan,324.70,0.01,1.20,0.10,326.30,nan
08-Aug-25 4:02:12 AM AEST,18.6,nan,nan,nan,nan,nan,nan,nan,nan,nan,nan,nan
08-Aug-25 4:03:00 AM AEST,nan,nan,nan,nan,nan,nan,nan,0.00,0.00,0.00,0.00,nan
08-Aug-25 4:03:16 AM AEST,18.7,nan,nan,nan,nan,nan,nan,nan,nan,nan,nan,nan
08-Aug-25 4:04:00 AM AEST,nan,90.0,nan,nan,nan,nan,324.80,0.06,2.40,0.60,324.60,nan
08-Aug-25 4:05:00 AM AEST,nan,nan,nan,nan,nan,nan,267.10,0.38,5.90,3.00,251.40,nan
08-Aug-25 4:06:00 AM AEST,18.8,90.2,17.1,nan,nan,nan,219.50,0.19,4.70,1.90,219.50,nan
08-Aug-25 4:07:00 AM AEST,nan,90.0,nan,nan,nan,nan,nan,0.01,1.20,0.10,217.60,nan
08-Aug-25 4:08:00 AM AEST,nan,nan,nan,nan,nan,nan,nan,0.07,2.40,0.70,219.50,nan
08-Aug-25 4:09:00 AM AEST,18.9,nan,17.2,nan,nan,nan,nan,0.05,1.20,0.50,219.60,nan
08-Aug-25 4:10:00 AM AEST,nan,89.8,nan,nan,nan,nan,nan,0.11,2.40,1.10,219.50,0.80
08-Aug-25 4:11:00 AM AEST,19.0,nan,nan,nan,nan,nan,nan,0.04,nan,0.40,219.00,0.00
08-Aug-25 4:12:00 AM AEST,nan,nan,17.3,nan,nan,nan,222.40,0.15,3.50,1.50,225.30,nan
08-Aug-25 4:13:00 AM AEST,19.1,nan,nan,nan,nan,nan,257.80,0.34,5.90,3.30,257.20,nan
08-Aug-25 4:14:00 AM AEST,nan,nan,17.4,nan,nan,nan,266.40,0.15,2.40,1.50,266.50,nan
08-Aug-25 4:14:04 AM AEST,19.2,nan,nan,nan,nan,nan,nan,nan,nan,nan,nan,nan
08-Aug-25 4:15:00 AM AEST,nan,89.7,17.5,nan,nan,nan,nan,0.02,1.20,0.20,267.40,nan
08-Aug-25 4:16:00 AM AEST,nan,nan,nan,nan,nan,nan,nan,0.06,2.40,0.60,266.50,nan
08-Aug-25 4:17:00 AM AEST,nan,89.5,nan,nan,nan,nan,267.10,0.08,nan,0.80,267.00,nan
08-Aug-25 4:18:00 AM AEST,nan,89.3,nan,nan,nan,nan,nan,0.00,0.00,0.00,0.00,nan
08-Aug-25 4:19:00 AM AEST,19.3,89.2,17.4,nan,nan,nan,nan,nan,nan,nan,nan,nan
08-Aug-25 4:20:00 AM AEST,nan,89.0,nan,nan,nan,nan,267.20,0.07,3.50,0.70,267.70,nan
08-Aug-25 4:20:04 AM AEST,19.2,nan,nan,nan,nan,nan,nan,nan,nan,nan,nan,nan
08-Aug-25 4:21:00 AM AEST,nan,88.8,nan,nan,nan,nan,267.60,0.26,4.70,2.60,267.60,nan
08-Aug-25 4:21:08 AM AEST,19.3,nan,nan,nan,nan,nan,nan,nan,nan,nan,nan,nan
08-Aug-25 4:22:00 AM AEST,nan,nan,nan,nan,nan,nan,nan,0.17,3.50,1.70,267.70,nan
08-Aug-25 4:23:00 AM AEST,nan,88.7,nan,nan,nan,nan,nan,0.04,1.20,0.40,nan,nan
08-Aug-25 4:24:00 AM AEST,19.4,nan,nan,nan,nan,nan,267.50,0.00,0.00,0.00,0.00,nan
08-Aug-25 4:25:00 AM AEST,nan,88.5,17.5,nan,nan,nan,267.60,nan,nan,nan,nan,nan
08-Aug-25 4:26:00 AM AEST,nan,nan,17.4,nan,nan,nan,267.50,nan,nan,nan,nan,nan
08-Aug-25 4:27:00 AM AEST,nan,88.3,17.5,nan,nan,nan,nan,0.02,1.20,0.20,268.30,nan
08-Aug-25 4:28:00 AM AEST,nan,nan,17.4,nan,nan,nan,267.60,0.01,nan,0.10,270.00,nan
08-Aug-25 4:29:00 AM AEST,nan,88.2,nan,nan,nan,nan,nan,0.10,3.50,1.00,268.00,nan
08-Aug-25 4:30:00 AM AEST,19.5,88.3,nan,nan,nan,nan,293.10,0.22,nan,2.20,291.20,nan
08-Aug-25 4:31:00 AM AEST,nan,88.2,17.5,nan,nan,nan,305.70,0.34,8.30,3.30,313.90,nan
08-Aug-25 4:32:00 AM AEST,19.6,88.5,nan,nan,nan,nan,325.20,0.64,9.50,6.30,324.70,nan
08-Aug-25 4:33:00 AM AEST,nan,88.3,17.7,nan,nan,nan,323.30,0.30,5.90,3.00,323.30,nan
08-Aug-25 4:33:04 AM AEST,19.7,nan,nan,nan,nan,nan,nan,nan,nan,nan,nan,nan
08-Aug-25 4:34:00 AM AEST,nan,88.5,nan,nan,nan,nan,323.40,0.10,2.40,1.00,nan,nan
08-Aug-25 4:35:00 AM AEST,nan,88.3,17.8,nan,nan,nan,17.40,0.24,3.50,2.20,17.50,nan
08-Aug-25 4:36:00 AM AEST,nan,nan,17.7,nan,nan,nan,nan,0.01,1.20,0.10,17.90,nan
08-Aug-25 4:37:00 AM AEST,19.8,88.2,nan,nan,nan,nan,17.30,0.00,0.00,0.00,0.00,nan
08-Aug-25 4:38:00 AM AEST,nan,nan,17.8,nan,nan,nan,nan,0.14,3.50,1.40,17.30,nan
08-Aug-25 4:39:00 AM AEST,nan,nan,17.7,nan,nan,nan,nan,0.19,2.40,1.90,nan,nan
08-Aug-25 4:40:00 AM AEST,nan,88.0,17.8,nan,nan,nan,15.20,0.18,nan,1.80,15.10,nan
08-Aug-25 4:41:00 AM AEST,19.9,88.2,nan,nan,nan,nan,12.00,0.14,3.50,1.40,12.00,nan
08-Aug-25 4:42:00 AM AEST,nan,nan,17.9,nan,nan,nan,353.10,0.50,8.30,4.40,355.40,nan
08-Aug-25 4:43:00 AM AEST,20.0,88.0,nan,nan,nan,nan,319.60,0.48,7.10,4.20,322.30,nan
08-Aug-25 4:44:00 AM AEST,nan,nan,nan,nan,nan,nan,287.10,0.20,3.50,2.00,287.10,nan
08-Aug-25 4:45:00 AM AEST,nan,nan,18.0,nan,nan,nan,287.20,0.04,1.20,0.40,287.00,nan
08-Aug-25 4:46:00 AM AEST,nan,87.8,nan,nan,nan,nan,289.10,0.09,2.40,0.90,290.30,nan
08-Aug-25 4:47:00 AM AEST,nan,87.7,nan,nan,nan,nan,285.50,0.54,13.00,4.80,278.40,0.80
08-Aug-25 4:48:00 AM AEST,20.1,nan,17.9,nan,nan,nan,308.80,0.37,5.90,3.70,308.80,0.00
08-Aug-25 4:49:00 AM AEST,nan,nan,18.0,nan,nan,nan,308.10,0.31,4.70,3.10,308.10,nan
08-Aug-25 4:50:00 AM AEST,nan,87.5,nan,nan,nan,nan,nan,0.27,nan,2.70,nan,nan
08-Aug-25 4:51:00 AM AEST,20.2,nan,nan,nan,nan,nan,345.40,0.40,5.90,3.00,345.00,nan
08-Aug-25 4:52:00 AM AEST,nan,87.3,nan,nan,nan,nan,353.90,0.36,nan,3.50,355.30,nan
08-Aug-25 4:53:00 AM AEST,nan,nan,nan,nan,nan,nan,314.40,0.70,11.80,4.60,320.70,nan
08-Aug-25 4:54:00 AM AEST,20.3,87.2,18.1,nan,nan,nan,14.00,0.46,8.30,4.40,18.90,nan
08-Aug-25 4:55:00 AM AEST,nan,nan,nan,nan,nan,nan,31.50,0.51,nan,4.90,32.30,nan
08-Aug-25 4:56:00 AM AEST,nan,nan,nan,nan,nan,nan,9.20,0.46,nan,3.10,353.60,nan
08-Aug-25 4:57:00 AM AEST,nan,87.0,nan,nan,nan,nan,25.90,0.40,7.10,4.00,26.00,nan
08-Aug-25 4:58:00 AM AEST,nan,86.8,18.0,nan,nan,nan,nan,0.25,3.50,2.50,25.80,nan
08-Aug-25 4:59:00 AM AEST,nan,nan,nan,nan,nan,nan,17.30,0.27,5.90,2.40,10.70,nan
08-Aug-25 5:00:04 AM AEST,nan,nan,nan,nan,nan,0.00,nan,nan,nan,nan,nan,nan
08-Aug-25 5:01:00 AM AEST,nan,nan,nan,nan,nan,nan,331.20,0.10,3.50,1.00,331.30,nan
08-Aug-25 5:02:00 AM AEST,nan,86.7,nan,nan,nan,nan,nan,0.01,1.20,0.10,330.30,nan
08-Aug-25 5:03:00 AM AEST,nan,nan,nan,nan,nan,nan,345.90,0.34,7.10,3.40,353.50,nan
08-Aug-25 5:04:00 AM AEST,20.4,86.5,nan,nan,nan,nan,346.50,0.35,5.90,3.50,348.10,nan
08-Aug-25 5:05:00 AM AEST,nan,nan,nan,nan,nan,nan,339.10,0.19,3.50,1.90,339.10,nan
08-Aug-25 5:06:00 AM AEST,nan,nan,18.1,nan,nan,nan,nan,0.13,nan,1.30,339.20,nan
08-Aug-25 5:07:00 AM AEST,nan,86.3,nan,nan,nan,nan,339.20,0.01,1.20,0.10,340.50,nan
08-Aug-25 5:08:00 AM AEST,nan,nan,18.0,nan,nan,nan,339.10,0.21,3.50,2.10,339.20,nan
08-Aug-25 5:09:00 AM AEST,nan,86.2,nan,nan,nan,nan,nan,0.15,2.40,1.50,nan,nan
08-Aug-25 5:10:00 AM AEST,nan,nan,nan,nan,nan,nan,339.20,0.07,nan,0.60,339.50,nan
08-Aug-25 5:11:00 AM AEST,nan,nan,nan,nan,nan,nan,339.10,0.04,1.20,0.40,339.40,nan
08-Aug-25 5:12:00 AM AEST,nan,86.0,nan,nan,nan,nan,nan,0.00,0.00,0.00,0.00,nan
08-Aug-25 5:13:00 AM AEST,nan,nan,17.9,nan,nan,nan,339.20,nan,nan,nan,nan,nan
08-Aug-25 5:14:00 AM AEST,nan,nan,nan,nan,nan,nan,339.10,0.01,1.20,0.10,338.20,nan
08-Aug-25 5:15:00 AM AEST,nan,nan,nan,nan,nan,nan,352.60,0.24,4.70,2.30,357.80,nan
08-Aug-25 5:16:00 AM AEST,nan,nan,nan,nan,nan,nan,355.10,0.33,5.90,3.00,351.50,nan
08-Aug-25 5:17:00 AM AEST,nan,nan,18.0,nan,nan,nan,3.00,0.24,4.70,2.20,11.50,nan
08-Aug-25 5:18:00 AM AEST,20.5,85.8,nan,nan,nan,nan,28.50,0.19,3.50,1.90,28.60,nan
08-Aug-25 5:19:00 AM AEST,nan,nan,nan,nan,nan,nan,28.40,0.08,2.40,0.80,28.50,nan
08-Aug-25 5:19:04 AM AEST,20.4,nan,nan,nan,nan,nan,nan,nan,nan,nan,nan,nan
08-Aug-25 5:20:00 AM AEST,nan,nan,nan,nan,nan,nan,nan,0.13,nan,1.30,nan,nan
08-Aug-25 5:20:08 AM AEST,20.5,nan,nan,nan,nan,nan,nan,nan,nan,nan,nan,nan
08-Aug-25 5:21:00 AM AEST,nan,85.7,nan,nan,nan,nan,23.70,0.32,7.10,2.90,21.20,nan
08-Aug-25 5:22:00 AM AEST,nan,85.8,nan,nan,nan,nan,345.00,0.51,nan,5.10,345.00,0.80
08-Aug-25 5:23:00 AM AEST,nan,85.5,nan,nan,nan,nan,344.40,0.24,4.70,2.40,344.40,0.00
08-Aug-25 5:24:00 AM AEST,nan,85.7,nan,nan,nan,nan,nan,0.25,3.50,2.50,nan,nan
08-Aug-25 5:25:00 AM AEST,nan,85.5,nan,nan,nan,nan,344.50,0.02,1.20,0.20,344.30,nan
08-Aug-25 5:26:00 AM AEST,nan,85.3,nan,nan,nan,nan,331.80,0.14,4.70,1.40,314.50,nan
08-Aug-25 5:27:00 AM AEST,nan,85.5,nan,nan,nan,nan,313.30,nan,2.40,nan,313.40,nan
08-Aug-25 5:28:00 AM AEST,nan,85.3,nan,nan,nan,nan,313.40,0.01,1.20,0.10,312.50,nan
08-Aug-25 5:29:00 AM AEST,nan,nan,nan,nan,nan,nan,313.20,nan,nan,nan,nan,nan
08-Aug-25 5:30:00 AM AEST,20.6,nan,nan,nan,nan,nan,313.30,0.00,0.00,0.00,0.00,nan
08-Aug-25 5:31:04 AM AEST,20.5,nan,nan,nan,nan,nan,nan,nan,nan,nan,nan,nan
08-Aug-25 5:32:00 AM AEST,nan,85.2,nan,nan,nan,nan,286.50,0.18,4.70,1.50,250.30,nan
08-Aug-25 5:32:08 AM AEST,20.6,nan,nan,nan,nan,nan,nan,nan,nan,nan,nan,nan
08-Aug-25 5:33:00 AM AEST,nan,nan,nan,nan,nan,nan,293.00,0.44,7.10,4.40,291.90,nan
08-Aug-25 5:34:00 AM AEST,nan,nan,nan,nan,nan,nan,21.30,nan,8.30,2.00,8.40,nan
08-Aug-25 5:35:00 AM AEST,nan,nan,18.1,nan,nan,nan,312.10,0.40,7.10,3.90,311.80,nan
08-Aug-25 5:36:00 AM AEST,nan,85.0,18.0,nan,nan,nan,320.90,0.16,3.50,1.60,326.90,nan
08-Aug-25 5:37:00 AM AEST,20.7,nan,nan,nan,nan,nan,330.00,0.25,4.70,2.50,330.10,nan
08-Aug-25 5:38:00 AM AEST,nan,nan,18.1,nan,nan,nan,329.70,0.08,2.40,0.80,329.80,nan
08-Aug-25 5:38:04 AM AEST,20.6,nan,nan,nan,nan,nan,nan,nan,nan,nan,nan,nan
08-Aug-25 5:39:00 AM AEST,nan,84.8,18.0,nan,nan,nan,335.90,0.49,9.50,4.80,338.30,nan
08-Aug-25 5:39:08 AM AEST,20.7,nan,nan,nan,nan,nan,nan,nan,nan,nan,nan,nan
08-Aug-25 5:40:00 AM AEST,nan,85.0,nan,nan,nan,nan,328.30,0.57,8.30,5.60,326.90,nan
08-Aug-25 5:41:00 AM AEST,nan,84.8,18.1,nan,nan,nan,305.30,0.70,13.00,6.90,303.20,nan
08-Aug-25 5:42:00 AM AEST,20.8,nan,nan,nan,nan,nan,302.90,0.51,8.30,5.10,nan,nan
08-Aug-25 5:43:00 AM AEST,nan,84.7,nan,nan,nan,nan,302.50,0.15,2.40,1.50,302.40,nan
08-Aug-25 5:44:00 AM AEST,nan,nan,nan,nan,nan,nan,302.40,0.05,1.20,0.50,nan,nan
08-Aug-25 5:45:00 AM AEST,nan,84.5,nan,nan,nan,nan,302.50,0.25,3.50,2.50,nan,nan
08-Aug-25 5:46:00 AM AEST,20.7,84.7,nan,nan,nan,nan,296.20,0.38,7.10,3.80,293.50,nan
08-Aug-25 5:47:00 AM AEST,nan,84.5,nan,nan,nan,nan,305.40,0.54,nan,5.30,305.00,nan
08-Aug-25 5:47:04 AM AEST,20.8,nan,nan,nan,nan,nan,nan,nan,nan,nan,nan,nan
08-Aug-25 5:48:00 AM AEST,nan,nan,nan,nan,nan,nan,316.90,0.30,nan,3.00,317.30,nan
08-Aug-25 5:49:00 AM AEST,nan,nan,nan,nan,nan,nan,358.20,0.42,8.30,3.70,353.00,nan
08-Aug-25 5:50:00 AM AEST,nan,84.3,nan,nan,nan,nan,260.80,0.38,5.90,2.60,259.20,nan
08-Aug-25 5:51:00 AM AEST,nan,84.5,nan,nan,nan,nan,268.40,0.28,4.70,2.80,268.40,nan
08-Aug-25 5:52:00 AM AEST,nan,84.3,nan,nan,nan,nan,267.20,0.10,3.50,1.00,265.30,nan
08-Aug-25 5:53:00 AM AEST,nan,84.5,nan,nan,nan,nan,264.70,0.64,10.60,6.20,266.50,nan
08-Aug-25 5:54:00 AM AEST,20.9,84.3,nan,nan,nan,nan,290.30,0.62,9.50,6.00,289.90,nan
08-Aug-25 5:55:00 AM AEST,nan,nan,nan,nan,nan,nan,275.60,0.69,nan,6.20,277.20,nan
08-Aug-25 5:55:04 AM AEST,20.8,nan,nan,nan,nan,nan,nan,nan,nan,nan,nan,nan
08-Aug-25 5:55:04 AM AEST,20.9,nan,nan,nan,nan,nan,nan,nan,nan,nan,nan,nan
08-Aug-25 5:56:00 AM AEST,nan,84.5,nan,nan,nan,nan,303.80,0.58,nan,5.70,301.70,nan
08-Aug-25 5:57:00 AM AEST,nan,84.3,18.2,nan,nan,nan,316.50,0.62,10.60,6.20,317.10,nan
08-Aug-25 5:58:00 AM AEST,nan,nan,18.1,nan,nan,nan,315.00,0.22,3.50,2.20,315.00,nan
08-Aug-25 5:59:00 AM AEST,nan,84.2,nan,nan,nan,nan,270.50,0.46,5.90,4.40,270.10,nan
08-Aug-25 6:00:08 AM AEST,nan,nan,nan,nan,nan,0.03,nan,nan,nan,nan,nan,nan
08-Aug-25 6:01:00 AM AEST,20.8,84.3,nan,nan,nan,nan,275.50,0.24,3.50,2.40,275.40,nan
08-Aug-25 6:02:00 AM AEST,nan,nan,nan,nan,nan,nan,275.10,0.23,nan,2.30,275.10,nan
08-Aug-25 6:02:04 AM AEST,20.9,nan,nan,nan,nan,nan,nan,nan,nan,nan,nan,nan
08-Aug-25 6:03:00 AM AEST,nan,nan,nan,nan,nan,nan,309.40,0.60,13.00,5.60,299.80,nan
08-Aug-25 6:04:00 AM AEST,nan,84.5,nan,nan,nan,nan,336.70,0.46,8.30,4.30,340.50,nan
08-Aug-25 6:05:00 AM AEST,nan,84.3,18.2,nan,nan,nan,311.80,0.35,7.10,3.50,311.70,nan
08-Aug-25 6:06:00 AM AEST,nan,nan,18.1,nan,nan,nan,325.10,0.50,9.50,4.90,328.90,nan
08-Aug-25 6:07:00 AM AEST,nan,84.5,nan,nan,nan,nan,313.00,0.38,8.30,3.40,308.60,nan
08-Aug-25 6:08:00 AM AEST,nan,nan,18.2,nan,nan,nan,310.10,0.59,nan,4.80,308.30,nan
08-Aug-25 6:09:00 AM AEST,nan,nan,nan,nan,nan,nan,327.70,0.66,9.50,5.90,327.60,nan
08-Aug-25 6:10:00 AM AEST,nan,nan,nan,nan,nan,nan,338.10,0.90,15.40,8.80,339.70,nan
08-Aug-25 6:11:00 AM AEST,nan,nan,nan,nan,nan,nan,318.10,0.64,9.50,5.70,316.20,nan
08-Aug-25 6:12:00 AM AEST,nan,nan,nan,nan,nan,nan,312.30,0.76,13.00,nan,303.60,nan
08-Aug-25 6:13:00 AM AEST,nan,nan,nan,nan,nan,nan,8.30,0.41,5.90,3.90,9.80,nan
08-Aug-25 6:14:00 AM AEST,nan,nan,nan,nan,nan,nan,338.20,0.28,4.70,2.80,338.40,nan
08-Aug-25 6:15:00 AM AEST,nan,84.7,nan,nan,nan,nan,10.70,0.37,5.90,3.60,12.20,nan
08-Aug-25 6:16:00 AM AEST,nan,84.5,nan,nan,nan,nan,21.80,0.24,4.70,2.30,21.60,nan
08-Aug-25 6:17:00 AM AEST,nan,nan,nan,nan,nan,nan,11.90,0.14,2.40,1.40,11.70,nan
08-Aug-25 6:18:00 AM AEST,nan,nan,nan,nan,nan,nan,329.90,0.37,7.10,2.80,310.60,nan
08-Aug-25 6:19:00 AM AEST,nan,nan,nan,nan,nan,nan,312.10,0.44,nan,4.40,311.70,nan
08-Aug-25 6:20:00 AM AEST,nan,84.7,nan,nan,nan,nan,319.40,0.54,8.30,5.40,318.90,nan
08-Aug-25 6:21:00 AM AEST,nan,84.5,nan,nan,nan,nan,322.00,0.24,4.70,2.40,322.00,nan
08-Aug-25 6:22:00 AM AEST,nan,nan,nan,nan,nan,nan,nan,0.15,2.40,1.50,nan,nan
08-Aug-25 6:23:00 AM AEST,nan,84.7,nan,nan,nan,nan,nan,0.08,nan,0.80,322.10,nan
08-Aug-25 6:24:00 AM AEST,nan,84.5,nan,nan,nan,nan,310.80,0.33,7.10,3.30,300.00,nan
08-Aug-25 6:25:00 AM AEST,nan,nan,nan,nan,nan,nan,304.40,0.54,nan,5.10,305.60,nan
08-Aug-25 6:26:00 AM AEST,nan,84.7,nan,nan,nan,nan,291.40,0.38,5.90,3.80,291.20,nan
08-Aug-25 6:27:00 AM AEST,nan,84.5,nan,nan,nan,nan,292.10,0.31,4.70,3.10,292.00,nan
08-Aug-25 6:28:00 AM AEST,nan,84.7,nan,nan,nan,nan,305.00,0.37,5.90,3.60,302.90,nan
08-Aug-25 6:29:00 AM AEST,nan,nan,nan,nan,nan,nan,310.80,0.23,3.50,2.30,310.90,nan
08-Aug-25 6:30:00 AM AEST,nan,nan,nan,nan,nan,nan,311.20,0.22,4.70,2.20,311.30,nan
08-Aug-25 6:31:00 AM AEST,nan,84.8,nan,nan,nan,nan,312.40,0.21,3.50,2.10,312.30,nan
08-Aug-25 6:32:00 AM AEST,20.8,nan,nan,nan,nan,nan,312.30,0.18,nan,1.80,nan,nan
08-Aug-25 6:33:00 AM AEST,nan,85.0,nan,nan,nan,nan,nan,0.07,2.40,0.70,nan,nan
08-Aug-25 6:33:04 AM AEST,20.9,nan,nan,nan,nan,nan,nan,nan,nan,nan,nan,nan
08-Aug-25 6:34:00 AM AEST,nan,nan,nan,nan,nan,nan,304.30,0.22,3.50,2.20,302.40,nan
08-Aug-25 6:34:08 AM AEST,20.8,nan,nan,nan,nan,nan,nan,nan,nan,nan,nan,nan
08-Aug-25 6:35:00 AM AEST,nan,85.3,nan,nan,nan,nan,301.00,0.10,2.40,1.00,300.80,0.80
08-Aug-25 6:36:00 AM AEST,nan,85.2,nan,nan,nan,nan,301.20,0.18,3.50,1.80,301.20,0.00
08-Aug-25 6:37:00 AM AEST,nan,85.5,nan,nan,nan,nan,301.40,0.14,2.40,1.40,301.40,nan
08-Aug-25 6:38:00 AM AEST,nan,nan,18.3,nan,nan,nan,301.30,0.17,3.50,1.70,301.20,nan
08-Aug-25 6:39:00 AM AEST,20.7,nan,18.2,nan,nan,nan,296.20,0.20,nan,2.00,295.90,nan
08-Aug-25 6:40:00 AM AEST,nan,85.8,nan,nan,nan,nan,294.70,0.25,nan,2.50,294.70,nan
08-Aug-25 6:40:04 AM AEST,20.8,nan,nan,nan,nan,nan,nan,nan,nan,nan,nan,nan
08-Aug-25 6:40:04 AM AEST,20.7,nan,nan,nan,nan,nan,nan,nan,nan,nan,nan,nan
08-Aug-25 6:41:00 AM AEST,nan,85.7,18.3,nan,nan,nan,294.90,nan,4.70,nan,294.80,nan
08-Aug-25 6:42:00 AM AEST,nan,85.8,18.2,nan,nan,nan,297.10,0.38,5.90,3.80,297.10,nan
08-Aug-25 6:43:00 AM AEST,nan,86.0,nan,nan,nan,nan,299.00,0.18,3.50,1.80,298.90,nan
08-Aug-25 6:44:00 AM AEST,nan,nan,18.3,nan,nan,nan,298.90,0.15,2.40,1.50,298.70,nan
08-Aug-25 6:45:00 AM AEST,nan,nan,nan,nan,nan,nan,299.00,0.25,3.50,2.50,298.90,nan
08-Aug-25 6:46:00 AM AEST,nan,86.2,nan,nan,nan,nan,298.90,0.16,2.40,1.60,298.80,nan
08-Aug-25 6:47:00 AM AEST,nan,nan,nan,nan,nan,nan,11.20,0.25,4.70,2.50,11.20,nan
08-Aug-25 6:48:00 AM AEST,20.6,86.3,nan,nan,nan,nan,14.80,0.10,2.40,1.00,15.00,nan
08-Aug-25 6:49:00 AM AEST,nan,86.5,nan,nan,nan,nan,345.40,0.32,5.90,3.00,334.70,nan
08-Aug-25 6:50:00 AM AEST,20.7,86.3,nan,nan,nan,nan,314.60,0.35,7.10,nan,303.30,nan
08-Aug-25 6:51:00 AM AEST,nan,86.7,nan,nan,nan,nan,283.60,0.26,4.70,2.60,283.50,nan
08-Aug-25 6:51:04 AM AEST,20.6,nan,nan,nan,nan,nan,nan,nan,nan,nan,nan,nan
08-Aug-25 6:52:00 AM AEST,nan,nan,nan,nan,nan,nan,nan,0.17,nan,1.70,283.40,nan
08-Aug-25 6:53:00 AM AEST,nan,nan,nan,nan,nan,nan,nan,0.02,1.20,0.20,283.20,nan
08-Aug-25 6:54:00 AM AEST,nan,87.0,nan,nan,nan,nan,284.90,0.21,3.50,2.10,285.10,nan
08-Aug-25 6:55:00 AM AEST,nan,86.8,nan,nan,nan,nan,285.40,nan,nan,nan,285.40,nan
08-Aug-25 6:56:00 AM AEST,nan,nan,nan,nan,nan,nan,349.20,0.34,4.70,2.80,349.60,0.80
08-Aug-25 6:57:00 AM AEST,nan,87.0,nan,nan,nan,nan,10.10,0.07,2.40,0.60,10.10,1.60
08-Aug-25 6:58:00 AM AEST,nan,nan,nan,nan,nan,nan,nan,0.00,0.00,0.00,0.00,1.70
08-Aug-25 6:59:00 AM AEST,nan,87.2,nan,nan,nan,nan,nan,0.12,3.50,1.20,10.20,3.30
08-Aug-25 7:00:00 AM AEST,20.5,nan,18.4,nan,nan,nan,13.60,0.36,5.90,3.60,15.30,5.00
08-Aug-25 7:00:12 AM AEST,nan,nan,nan,nan,nan,0.03,nan,nan,nan,nan,nan,nan
08-Aug-25 7:01:00 AM AEST,nan,87.3,18.3,nan,nan,nan,20.30,0.27,4.70,2.70,20.30,nan
08-Aug-25 7:01:04 AM AEST,20.4,nan,nan,nan,nan,nan,nan,nan,nan,nan,nan,nan
08-Aug-25 7:02:00 AM AEST,nan,nan,nan,nan,nan,nan,20.40,0.05,1.20,0.50,20.20,3.30
08-Aug-25 7:02:08 AM AEST,20.5,nan,nan,nan,nan,nan,nan,nan,nan,nan,nan,nan
08-Aug-25 7:03:00 AM AEST,nan,87.5,nan,nan,nan,nan,nan,0.02,nan,0.20,20.30,1.70
08-Aug-25 7:04:00 AM AEST,nan,nan,18.4,nan,nan,nan,nan,0.08,2.40,0.80,20.60,2.50
08-Aug-25 7:05:00 AM AEST,nan,nan,18.3,nan,nan,nan,nan,0.04,1.20,0.40,20.10,1.70
08-Aug-25 7:06:00 AM AEST,nan,87.7,nan,nan,nan,nan,nan,0.12,2.40,1.20,20.40,1.60
08-Aug-25 7:07:00 AM AEST,nan,87.5,18.4,nan,nan,nan,20.50,0.24,3.50,2.40,20.50,1.70
08-Aug-25 7:08:00 AM AEST,nan,87.7,18.3,nan,nan,nan,20.40,0.18,2.40,1.80,20.30,1.60
08-Aug-25 7:09:00 AM AEST,nan,87.5,nan,nan,nan,nan,20.30,0.17,nan,1.70,20.20,1.70
08-Aug-25 7:10:00 AM AEST,nan,87.7,18.4,nan,nan,nan,20.40,0.12,nan,1.20,20.40,nan
08-Aug-25 7:11:00 AM AEST,nan,nan,nan,nan,nan,nan,20.30,0.04,1.20,0.40,20.60,3.30
08-Aug-25 7:12:00 AM AEST,nan,nan,nan,nan,nan,nan,20.40,0.00,0.00,0.00,0.00,nan
08-Aug-25 7:13:00 AM AEST,nan,nan,nan,nan,nan,nan,20.30,nan,nan,nan,nan,nan
08-Aug-25 7:14:00 AM AEST,nan,87.8,18.3,nan,nan,nan,20.40,0.15,3.50,1.50,20.40,5.00
08-Aug-25 7:15:00 AM AEST,nan,87.7,18.4,nan,nan,nan,359.00,0.43,5.90,4.20,357.00,nan
08-Aug-25 7:16:00 AM AEST,nan,87.8,nan,nan,nan,nan,351.30,0.17,3.50,1.70,351.50,6.70
08-Aug-25 7:17:00 AM AEST,nan,87.7,nan,nan,nan,nan,351.40,0.01,1.20,0.10,352.90,6.60
08-Aug-25 7:18:00 AM AEST,nan,87.8,nan,nan,nan,nan,355.00,0.25,5.90,2.50,359.00,6.70
08-Aug-25 7:19:00 AM AEST,nan,87.7,nan,nan,nan,nan,351.30,0.48,nan,4.40,351.10,6.60
08-Aug-25 7:20:00 AM AEST,nan,nan,nan,nan,nan,nan,346.40,0.34,4.70,3.40,346.40,6.70
08-Aug-25 7:21:00 AM AEST,nan,87.8,nan,nan,nan,nan,346.50,0.23,3.50,2.30,346.60,5.80
08-Aug-25 7:22:00 AM AEST,nan,87.7,nan,nan,nan,nan,nan,0.17,nan,1.70,nan,5.00
08-Aug-25 7:23:00 AM AEST,nan,87.8,nan,nan,nan,nan,358.90,0.33,4.70,3.30,358.50,5.80
08-Aug-25 7:24:00 AM AEST,nan,87.7,nan,nan,nan,nan,355.60,0.27,nan,2.70,354.20,6.60
08-Aug-25 7:25:00 AM AEST,nan,87.8,nan,nan,nan,nan,343.00,0.24,3.50,2.40,343.00,7.50
08-Aug-25 7:26:00 AM AEST,nan,nan,nan,nan,nan,nan,345.10,0.28,nan,2.80,345.30,8.30
08-Aug-25 7:27:00 AM AEST,20.6,nan,nan,nan,nan,nan,328.90,0.43,7.10,4.30,329.90,10.00
08-Aug-25 7:28:00 AM AEST,nan,nan,18.5,nan,nan,nan,337.10,0.27,5.90,2.70,337.00,9.10
08-Aug-25 7:28:04 AM AEST,20.5,nan,nan,nan,nan,nan,nan,nan,nan,nan,nan,nan
08-Aug-25 7:29:00 AM AEST,nan,nan,18.4,nan,nan,nan,nan,0.25,3.50,2.50,337.20,10.80
08-Aug-25 7:29:08 AM AEST,20.6,nan,nan,nan,nan,nan,nan,nan,nan,nan,nan,nan
08-Aug-25 7:29:08 AM AEST,20.5,nan,nan,nan,nan,nan,nan,nan,nan,nan,nan,nan
08-Aug-25 7:30:00 AM AEST,nan,nan,18.5,nan,nan,nan,nan,0.18,2.40,1.80,nan,11.70
08-Aug-25 7:30:12 AM AEST,20.6,nan,nan,nan,nan,nan,nan,nan,nan,nan,nan,nan
08-Aug-25 7:31:00 AM AEST,nan,nan,18.4,nan,nan,nan,nan,0.21,3.50,2.10,nan,15.80
08-Aug-25 7:32:00 AM AEST,nan,nan,18.5,nan,nan,nan,341.80,0.40,5.90,4.00,343.00,19.20
08-Aug-25 7:33:00 AM AEST,nan,nan,nan,nan,nan,nan,346.20,0.22,4.70,2.20,346.20,21.60
08-Aug-25 7:34:00 AM AEST,nan,88.0,nan,nan,nan,nan,355.10,0.25,5.90,2.40,3.00,21.70
08-Aug-25 7:35:00 AM AEST,nan,87.8,nan,nan,nan,nan,65.90,0.39,7.10,3.70,65.50,18.30
08-Aug-25 7:36:00 AM AEST,nan,88.0,nan,nan,nan,nan,36.10,0.38,5.90,nan,38.30,nan
08-Aug-25 7:37:00 AM AEST,nan,87.8,18.6,nan,nan,nan,14.90,0.30,3.50,3.00,14.90,20.00
08-Aug-25 7:38:00 AM AEST,nan,88.0,18.5,nan,nan,nan,14.60,0.09,2.40,0.90,14.60,nan
08-Aug-25 7:39:00 AM AEST,20.7,87.8,nan,nan,nan,nan,nan,0.08,nan,0.80,14.50,19.10
08-Aug-25 7:40:00 AM AEST,nan,nan,18.6,nan,nan,nan,18.90,0.44,7.10,4.40,19.40,18.30
08-Aug-25 7:41:00 AM AEST,nan,88.0,nan,nan,nan,nan,19.20,0.27,3.50,2.70,19.10,20.00
08-Aug-25 7:42:00 AM AEST,nan,87.8,nan,nan,nan,nan,18.50,0.30,4.70,3.00,18.20,22.50
08-Aug-25 7:43:00 AM AEST,nan,nan,nan,nan,nan,nan,15.30,0.34,5.90,3.30,17.40,25.80
08-Aug-25 7:44:00 AM AEST,nan,nan,nan,nan,nan,nan,341.50,0.47,8.30,4.10,339.40,26.60
08-Aug-25 7:45:00 AM AEST,nan,87.7,nan,nan,nan,nan,330.40,0.30,3.50,3.00,330.40,28.30
08-Aug-25 7:46:00 AM AEST,20.8,87.8,nan,nan,nan,nan,308.20,0.34,5.90,3.20,303.90,34.10
08-Aug-25 7:47:00 AM AEST,nan,87.7,18.7,nan,nan,nan,288.10,0.09,2.40,0.90,288.00,35.00
08-Aug-25 7:47:04 AM AEST,20.7,nan,nan,nan,nan,nan,nan,nan,nan,nan,nan,nan
08-Aug-25 7:48:00 AM AEST,nan,nan,18.6,nan,nan,nan,nan,0.11,nan,1.10,288.10,34.10
08-Aug-25 7:48:08 AM AEST,20.8,nan,nan,nan,nan,nan,nan,nan,nan,nan,nan,nan
08-Aug-25 7:49:00 AM AEST,nan,87.8,18.7,nan,nan,nan,288.30,0.21,3.50,2.10,288.30,33.30
08-Aug-25 7:50:00 AM AEST,nan,87.7,nan,nan,nan,nan,nan,0.17,nan,1.70,288.20,34.10
08-Aug-25 7:51:00 AM AEST,nan,nan,nan,nan,nan,nan,288.40,nan,nan,nan,nan,35.80
08-Aug-25 7:52:00 AM AEST,nan,87.8,nan,nan,nan,nan,289.80,0.06,nan,0.60,293.80,34.20
08-Aug-25 7:53:00 AM AEST,nan,nan,nan,nan,nan,nan,295.10,0.09,2.40,0.90,295.10,31.60
08-Aug-25 7:54:00 AM AEST,20.9,nan,nan,nan,nan,nan,nan,0.00,0.00,0.00,0.00,30.00
08-Aug-25 7:55:00 AM AEST,nan,88.0,18.8,nan,nan,nan,nan,0.04,1.20,0.40,295.00,nan
08-Aug-25 7:56:00 AM AEST,nan,87.8,nan,nan,nan,nan,nan,nan,nan,nan,nan,31.70
08-Aug-25 7:57:00 AM AEST,nan,87.7,nan,nan,nan,nan,nan,0.19,3.50,1.90,295.10,35.00
08-Aug-25 7:58:00 AM AEST,nan,nan,nan,nan,nan,nan,295.30,0.24,nan,2.40,nan,36.70
08-Aug-25 7:59:00 AM AEST,nan,nan,nan,nan,nan,nan,295.40,0.18,2.40,1.80,295.20,37.50
08-Aug-25 8:00:16 AM AEST,nan,nan,nan,nan,nan,0.05,nan,nan,nan,nan,nan,nan
08-Aug-25 8:01:00 AM AEST,21.0,87.5,nan,nan,nan,nan,nan,0.22,3.50,2.20,295.40,35.80
08-Aug-25 8:01:00 AM AEST,21.0,87.7,nan,nan,nan,nan,nan,0.21,3.50,2.10,295.40,38.30
08-Aug-25 8:02:00 AM AEST,nan,87.5,nan,nan,nan,nan,295.30,0.14,2.40,1.40,295.20,45.00
08-Aug-25 8:03:00 AM AEST,nan,nan,nan,nan,nan,nan,295.40,0.02,1.20,0.20,295.00,56.70
08-Aug-25 8:04:00 AM AEST,nan,87.3,nan,nan,nan,nan,340.60,0.31,4.70,3.10,341.00,65.00
08-Aug-25 8:05:00 AM AEST,nan,87.5,nan,nan,nan,nan,343.80,0.07,2.40,0.70,343.70,69.20
08-Aug-25 8:06:00 AM AEST,nan,87.3,18.9,nan,nan,nan,343.90,0.14,nan,1.40,343.90,70.80
08-Aug-25 8:06:00 AM AEST,nan,87.3,18.8,nan,nan,nan,343.90,0.14,nan,1.40,343.90,70.80
08-Aug-25 8:07:00 AM AEST,21.1,nan,nan,nan,nan,nan,nan,0.13,nan,1.30,343.80,65.80
08-Aug-25 8:08:00 AM AEST,nan,87.2,18.9,nan,nan,nan,nan,0.14,nan,1.40,343.90,55.80
08-Aug-25 8:09:00 AM AEST,nan,87.0,nan,nan,nan,nan,344.00,0.08,1.20,0.80,nan,49.20
08-Aug-25 8:10:00 AM AEST,nan,nan,nan,nan,nan,nan,8.00,0.33,9.50,2.80,39.00,50.00
08-Aug-25 8:11:00 AM AEST,nan,86.7,18.8,nan,nan,nan,23.80,0.72,10.60,6.80,24.20,50.80
08-Aug-25 8:12:00 AM AEST,21.2,86.8,nan,nan,nan,nan,5.20,0.29,7.10,2.90,5.10,49.20
08-Aug-25 8:13:00 AM AEST,nan,86.7,18.9,nan,nan,nan,325.80,0.33,5.90,3.30,325.90,45.00
08-Aug-25 8:14:00 AM AEST,nan,86.5,18.8,nan,nan,nan,314.00,0.42,8.30,4.10,308.90,nan
08-Aug-25 8:15:00 AM AEST,nan,86.3,18.9,nan,nan,nan,315.00,0.50,nan,4.90,314.70,nan
08-Aug-25 8:16:00 AM AEST,21.3,nan,nan,nan,nan,nan,5.80,0.66,10.60,6.00,14.00,39.10
08-Aug-25 8:17:00 AM AEST,nan,86.0,nan,nan,nan,nan,352.40,0.57,8.30,5.30,352.70,35.00
08-Aug-25 8:18:00 AM AEST,nan,nan,18.8,nan,nan,nan,337.10,0.27,5.90,2.70,339.20,37.50
08-Aug-25 8:19:00 AM AEST,nan,nan,18.9,nan,nan,nan,336.20,0.25,3.50,2.50,336.60,43.30
08-Aug-25 8:20:00 AM AEST,nan,nan,18.8,nan,nan,nan,351.90,0.44,7.10,1.40,2.30,49.20
08-Aug-25 8:21:00 AM AEST,nan,85.8,18.9,nan,nan,nan,168.70,0.41,nan,2.00,196.60,50.80
08-Aug-25 8:22:00 AM AEST,nan,nan,18.8,nan,nan,nan,272.10,0.30,5.90,3.00,272.00,45.00
08-Aug-25 8:23:00 AM AEST,nan,nan,nan,nan,nan,nan,40.90,0.36,7.10,1.90,55.20,41.70
08-Aug-25 8:24:00 AM AEST,nan,nan,nan,nan,nan,nan,29.20,0.41,nan,3.50,30.20,40.00
08-Aug-25 8:25:00 AM AEST,nan,85.7,nan,nan,nan,nan,300.40,0.59,9.50,4.20,295.40,34.20
08-Aug-25 8:26:00 AM AEST,nan,85.5,nan,nan,nan,nan,292.20,0.43,7.10,4.30,292.60,27.50
08-Aug-25 8:27:00 AM AEST,nan,nan,18.7,nan,nan,nan,339.60,0.46,nan,3.60,352.70,21.70
08-Aug-25 8:28:00 AM AEST,nan,85.7,nan,nan,nan,nan,5.10,0.24,4.70,2.40,5.10,17.50
08-Aug-25 8:29:00 AM AEST,nan,nan,18.8,nan,nan,nan,5.00,0.08,2.40,0.80,4.90,nan
08-Aug-25 8:30:00 AM AEST,nan,85.5,nan,nan,nan,nan,351.90,0.29,7.10,2.50,337.40,nan
08-Aug-25 8:31:00 AM AEST,21.2,85.7,18.7,nan,nan,nan,4.50,0.43,nan,4.10,2.90,16.60
08-Aug-25 8:32:00 AM AEST,nan,85.5,nan,nan,nan,nan,342.10,0.52,nan,5.10,343.30,19.20
08-Aug-25 8:33:00 AM AEST,nan,85.7,18.6,nan,nan,nan,25.40,0.50,8.30,4.80,25.30,19.10
08-Aug-25 8:34:00 AM AEST,nan,85.5,18.7,nan,nan,nan,336.50,0.46,7.10,4.60,336.10,18.30
08-Aug-25 8:35:00 AM AEST,nan,nan,18.6,nan,nan,nan,318.00,0.38,5.90,3.40,310.90,20.80
08-Aug-25 8:36:00 AM AEST,nan,nan,nan,nan,nan,nan,278.80,0.28,nan,2.80,278.80,26.70
08-Aug-25 8:37:00 AM AEST,nan,85.7,nan,nan,nan,nan,279.00,0.21,3.50,2.10,278.90,35.00
08-Aug-25 8:38:00 AM AEST,21.1,nan,18.7,nan,nan,nan,279.40,0.25,nan,2.50,279.20,39.20
08-Aug-25 8:39:00 AM AEST,nan,nan,18.6,nan,nan,nan,300.20,0.31,7.10,2.80,320.20,38.30
08-Aug-25 8:39:04 AM AEST,21.2,nan,nan,nan,nan,nan,nan,nan,nan,nan,nan,nan
08-Aug-25 8:40:00 AM AEST,nan,85.8,18.7,nan,nan,nan,347.20,0.40,nan,3.70,350.30,36.70
08-Aug-25 8:40:08 AM AEST,21.1,nan,nan,nan,nan,nan,nan,nan,nan,nan,nan,nan
08-Aug-25 8:41:00 AM AEST,nan,nan,nan,nan,nan,nan,335.10,0.38,nan,3.80,335.60,35.00
08-Aug-25 8:42:00 AM AEST,nan,nan,nan,nan,nan,nan,334.00,0.33,5.90,3.30,334.00,nan
08-Aug-25 8:43:00 AM AEST,nan,86.0,18.6,nan,nan,nan,333.40,0.18,3.50,1.80,333.40,35.80
08-Aug-25 8:44:00 AM AEST,nan,86.2,18.7,nan,nan,nan,287.20,0.30,5.90,2.90,286.60,37.50
08-Aug-25 8:45:00 AM AEST,nan,86.0,nan,nan,nan,nan,284.10,0.19,3.50,2.00,284.00,42.50
08-Aug-25 8:46:00 AM AEST,nan,86.3,18.6,nan,nan,nan,nan,0.09,2.40,0.90,284.10,50.80
08-Aug-25 8:47:00 AM AEST,nan,86.2,18.7,nan,nan,nan,nan,nan,nan,nan,283.90,56.70
08-Aug-25 8:48:00 AM AEST,nan,86.3,nan,nan,nan,nan,307.60,0.42,8.30,3.80,313.00,60.00
08-Aug-25 8:49:00 AM AEST,nan,86.5,nan,nan,nan,nan,17.40,0.28,4.70,2.40,12.50,58.30
08-Aug-25 8:50:00 AM AEST,21.0,nan,nan,nan,nan,nan,31.70,0.18,3.50,1.80,31.70,57.50
08-Aug-25 8:51:00 AM AEST,nan,86.8,nan,nan,nan,nan,30.00,0.37,5.90,3.70,30.10,56.60
08-Aug-25 8:52:00 AM AEST,nan,nan,nan,nan,nan,nan,18.60,0.18,3.50,1.80,18.70,59.20
08-Aug-25 8:53:00 AM AEST,nan,nan,nan,nan,nan,nan,nan,0.15,2.40,1.50,nan,62.50
08-Aug-25 8:54:00 AM AEST,nan,87.2,nan,nan,nan,nan,nan,0.04,1.20,0.40,18.30,64.20
08-Aug-25 8:55:00 AM AEST,nan,87.0,18.8,nan,nan,nan,44.30,0.38,5.90,3.70,46.00,62.50
08-Aug-25 8:56:00 AM AEST,nan,87.2,18.7,nan,nan,nan,48.40,nan,7.10,3.80,48.40,58.30
08-Aug-25 8:57:00 AM AEST,20.9,nan,18.8,nan,nan,nan,58.20,0.34,5.90,3.30,60.10,51.60
08-Aug-25 8:58:00 AM AEST,nan,87.3,18.7,nan,nan,nan,55.20,0.25,3.50,2.50,55.30,50.00
08-Aug-25 8:59:00 AM AEST,nan,87.2,nan,nan,nan,nan,nan,0.34,5.90,3.40,55.20,50.80
08-Aug-25 9:00:20 AM AEST,nan,nan,nan,nan,nan,0.08,nan,nan,nan,nan,nan,nan
08-Aug-25 9:01:00 AM AEST,nan,87.3,nan,nan,nan,nan,55.30,0.44,4.70,4.40,55.50,53.30
08-Aug-25 9:01:00 AM AEST,nan,87.5,nan,nan,nan,nan,15.40,0.34,4.70,3.30,16.50,55.80
08-Aug-25 9:02:00 AM AEST,nan,87.3,nan,nan,nan,nan,43.20,0.50,7.10,4.80,45.10,nan
08-Aug-25 9:03:00 AM AEST,nan,87.5,nan,nan,nan,nan,56.10,0.27,3.50,2.70,56.20,58.30
08-Aug-25 9:04:00 AM AEST,nan,nan,nan,nan,nan,nan,55.70,0.29,4.70,2.90,55.80,59.10
08-Aug-25 9:05:00 AM AEST,nan,nan,nan,nan,nan,nan,37.70,0.53,9.50,5.20,35.80,56.70
08-Aug-25 9:06:00 AM AEST,nan,nan,nan,nan,nan,nan,31.90,0.26,3.50,2.60,31.90,51.60
08-Aug-25 9:07:00 AM AEST,nan,87.7,nan,nan,nan,nan,38.10,0.38,5.90,3.80,38.40,50.00
08-Aug-25 9:08:00 AM AEST,nan,nan,nan,nan,nan,nan,40.00,0.28,3.50,2.80,40.00,nan
08-Aug-25 9:09:00 AM AEST,nan,nan,18.8,nan,nan,nan,40.10,0.43,5.90,4.30,40.10,52.50
08-Aug-25 9:10:00 AM AEST,nan,87.8,18.7,nan,nan,nan,40.00,0.25,4.70,2.50,nan,55.00
08-Aug-25 9:11:00 AM AEST,nan,87.7,18.8,nan,nan,nan,41.30,0.41,nan,4.10,41.50,58.30
08-Aug-25 9:12:00 AM AEST,20.8,nan,nan,nan,nan,nan,67.80,0.50,5.90,5.00,67.90,61.70
08-Aug-25 9:13:00 AM AEST,nan,nan,18.7,nan,nan,nan,51.80,0.43,nan,4.30,51.80,66.60
08-Aug-25 9:13:04 AM AEST,20.9,nan,nan,nan,nan,nan,nan,nan,nan,nan,nan,nan
08-Aug-25 9:14:00 AM AEST,nan,nan,nan,nan,nan,nan,46.30,0.34,4.70,3.40,46.40,75.00
08-Aug-25 9:15:00 AM AEST,nan,nan,nan,nan,nan,nan,45.00,0.31,nan,3.10,45.00,83.30
08-Aug-25 9:16:00 AM AEST,nan,87.8,18.8,nan,nan,nan,44.90,0.17,3.50,1.70,44.90,88.30
08-Aug-25 9:17:00 AM AEST,21.0,nan,nan,nan,nan,nan,32.80,0.28,4.70,2.60,27.60,nan
08-Aug-25 9:18:00 AM AEST,nan,nan,18.9,nan,nan,nan,1.50,0.35,nan,3.50,1.60,85.80
08-Aug-25 9:19:00 AM AEST,nan,87.7,nan,nan,nan,nan,63.80,0.39,nan,nan,67.20,83.30
08-Aug-25 9:20:00 AM AEST,nan,nan,nan,nan,nan,nan,77.20,0.22,3.50,2.20,77.30,84.10
08-Aug-25 9:21:00 AM AEST,nan,87.5,nan,nan,nan,nan,77.10,0.30,nan,3.00,77.20,89.20
08-Aug-25 9:22:00 AM AEST,21.1,nan,nan,nan,nan,nan,47.00,0.33,4.70,2.80,47.20,96.60
08-Aug-25 9:23:00 AM AEST,nan,nan,nan,nan,nan,nan,9.70,0.36,5.90,3.60,9.70,103.30
08-Aug-25 9:24:00 AM AEST,nan,87.3,19.0,nan,nan,nan,nan,0.21,3.50,2.10,9.80,113.30
08-Aug-25 9:25:00 AM AEST,21.2,87.5,18.9,nan,nan,nan,19.80,0.28,nan,2.80,21.20,123.30
08-Aug-25 9:26:00 AM AEST,nan,87.3,19.0,nan,nan,nan,24.30,0.37,4.70,3.70,24.30,120.00
08-Aug-25 9:27:00 AM AEST,21.3,87.2,nan,nan,nan,nan,nan,0.17,2.40,1.70,24.20,107.50
08-Aug-25 9:28:00 AM AEST,nan,87.3,19.1,nan,nan,nan,nan,0.07,nan,0.70,24.30,88.30
08-Aug-25 9:29:00 AM AEST,21.4,nan,nan,nan,nan,nan,nan,0.09,nan,0.90,24.20,73.30
08-Aug-25 9:30:00 AM AEST,nan,87.2,19.2,nan,nan,nan,24.20,0.19,nan,2.00,24.30,69.20
08-Aug-25 9:31:00 AM AEST,nan,87.0,nan,nan,nan,nan,37.30,0.38,7.10,3.50,44.30,71.60
08-Aug-25 9:32:00 AM AEST,nan,86.5,19.1,nan,nan,nan,61.10,0.41,5.90,3.70,61.30,75.00
08-Aug-25 9:33:00 AM AEST,nan,86.7,nan,nan,nan,nan,10.40,0.24,4.70,2.40,10.40,76.60
08-Aug-25 9:34:00 AM AEST,nan,86.5,nan,nan,nan,nan,nan,0.17,2.40,1.70,10.30,79.20
08-Aug-25 9:35:00 AM AEST,21.5,nan,nan,nan,nan,nan,nan,0.18,3.50,1.80,nan,82.50
08-Aug-25 9:36:00 AM AEST,nan,nan,nan,nan,nan,nan,9.90,0.27,nan,2.70,9.80,90.00
08-Aug-25 9:37:00 AM AEST,nan,86.3,nan,nan,nan,nan,9.70,0.14,2.40,1.40,nan,95.00
08-Aug-25 9:38:00 AM AEST,nan,nan,nan,nan,nan,nan,9.80,0.06,nan,0.60,9.70,103.30
08-Aug-25 9:39:00 AM AEST,21.6,86.2,19.2,nan,nan,nan,nan,0.15,3.50,1.50,9.80,113.30
08-Aug-25 9:40:00 AM AEST,nan,86.3,nan,nan,nan,nan,9.70,0.00,0.00,0.00,0.00,120.00
08-Aug-25 9:41:00 AM AEST,nan,nan,nan,nan,nan,nan,nan,0.22,3.50,2.20,9.70,119.20
08-Aug-25 9:42:00 AM AEST,nan,86.0,nan,nan,nan,nan,9.80,0.30,4.70,3.00,9.80,119.10
08-Aug-25 9:43:00 AM AEST,nan,86.2,nan,nan,nan,nan,309.50,0.38,5.90,3.20,314.00,115.80
08-Aug-25 9:44:00 AM AEST,21.7,nan,nan,nan,nan,nan,293.10,0.22,3.50,2.20,293.00,110.80
08-Aug-25 9:45:00 AM AEST,nan,86.0,19.3,nan,nan,nan,nan,0.23,4.70,2.30,nan,105.80
08-Aug-25 9:46:00 AM AEST,nan,85.8,nan,nan,nan,nan,293.90,0.38,5.90,3.80,293.70,nan
08-Aug-25 9:47:00 AM AEST,nan,85.7,19.2,nan,nan,nan,295.80,0.27,3.50,2.70,295.80,113.30
08-Aug-25 9:48:00 AM AEST,21.8,85.5,nan,nan,nan,nan,nan,nan,nan,nan,nan,123.30
08-Aug-25 9:49:00 AM AEST,nan,nan,nan,nan,nan,nan,nan,0.09,2.40,0.90,295.60,135.00
08-Aug-25 9:49:04 AM AEST,21.9,nan,nan,nan,nan,nan,nan,nan,nan,nan,nan,nan
08-Aug-25 9:50:00 AM AEST,nan,85.8,19.3,nan,nan,nan,nan,0.20,4.70,2.00,295.70,147.50
08-Aug-25 9:51:00 AM AEST,nan,86.0,19.4,nan,nan,nan,nan,0.17,3.50,1.70,nan,161.60
08-Aug-25 9:52:00 AM AEST,22.0,85.8,nan,nan,nan,nan,47.90,0.40,5.90,3.10,48.80,170.80
08-Aug-25 9:53:00 AM AEST,nan,85.5,19.5,nan,nan,nan,63.50,0.27,4.70,2.70,63.60,nan
08-Aug-25 9:54:00 AM AEST,nan,nan,19.4,nan,nan,nan,63.70,0.07,2.40,0.70,63.80,165.80
08-Aug-25 9:55:00 AM AEST,22.1,85.3,19.5,nan,nan,nan,63.60,0.01,1.20,0.10,63.40,157.50
08-Aug-25 9:56:00 AM AEST,nan,nan,nan,nan,nan,nan,nan,0.19,3.50,1.90,63.70,149.20
08-Aug-25 9:56:04 AM AEST,22.2,nan,nan,nan,nan,nan,nan,nan,nan,nan,nan,nan
08-Aug-25 9:57:00 AM AEST,nan,85.0,19.6,nan,nan,nan,63.30,0.26,nan,2.60,63.30,150.80
08-Aug-25 9:58:00 AM AEST,22.3,85.3,nan,nan,nan,nan,nan,0.19,nan,2.00,nan,162.50
08-Aug-25 9:59:00 AM AEST,nan,85.0,19.7,nan,nan,nan,321.70,0.37,8.30,2.40,315.20,176.70
08-Aug-25 10:00:00 AM AEST,22.4,84.7,nan,nan,nan,nan,297.80,0.11,3.50,1.10,297.70,187.50
08-Aug-25 10:00:24 AM AEST,nan,nan,nan,nan,nan,0.23,nan,nan,nan,nan,nan,nan
08-Aug-25 10:01:00 AM AEST,nan,84.3,nan,nan,nan,nan,58.30,0.56,8.30,4.80,63.00,201.70
08-Aug-25 10:02:00 AM AEST,nan,84.2,19.6,nan,nan,nan,58.60,0.28,5.90,2.80,58.70,216.60
08-Aug-25 10:03:00 AM AEST,22.5,nan,nan,nan,nan,nan,58.50,0.03,2.40,0.30,58.80,221.70
08-Aug-25 10:04:00 AM AEST,nan,84.0,19.7,nan,nan,nan,nan,0.19,3.50,1.90,58.50,224.90
08-Aug-25 10:04:04 AM AEST,22.6,nan,nan,nan,nan,nan,nan,nan,nan,nan,nan,nan
08-Aug-25 10:05:00 AM AEST,nan,nan,nan,nan,nan,nan,nan,0.23,nan,2.30,nan,234.20
08-Aug-25 10:05:08 AM AEST,22.7,nan,nan,nan,nan,nan,nan,nan,nan,nan,nan,nan
08-Aug-25 10:06:00 AM AEST,nan,83.8,19.8,nan,nan,nan,58.40,0.22,nan,2.20,nan,247.50
08-Aug-25 10:06:12 AM AEST,22.8,nan,nan,nan,nan,nan,nan,nan,nan,nan,nan,nan
08-Aug-25 10:07:00 AM AEST,nan,nan,nan,nan,nan,nan,nan,0.20,nan,2.00,58.40,242.40
08-Aug-25 10:08:00 AM AEST,nan,83.7,19.9,nan,nan,nan,nan,0.28,nan,2.80,nan,222.50
08-Aug-25 10:09:00 AM AEST,23.0,nan,nan,nan,nan,nan,58.10,0.18,nan,1.80,57.90,207.50
08-Aug-25 10:10:00 AM AEST,nan,83.0,20.0,nan,nan,nan,297.40,0.40,4.70,3.60,297.50,211.70
08-Aug-25 10:11:00 AM AEST,23.1,82.7,19.9,nan,nan,nan,285.10,0.31,7.10,3.00,288.90,219.10
08-Aug-25 10:12:00 AM AEST,nan,82.2,20.0,nan,nan,nan,319.00,0.37,5.90,3.60,318.10,235.00
08-Aug-25 10:13:00 AM AEST,nan,81.7,19.9,nan,nan,nan,323.40,0.42,nan,4.20,323.70,248.30
08-Aug-25 10:14:00 AM AEST,23.2,81.3,19.8,nan,nan,nan,307.50,0.46,8.30,4.40,298.60,260.00
08-Aug-25 10:15:00 AM AEST,nan,80.8,nan,nan,nan,nan,8.70,0.47,5.90,3.10,9.70,236.70
08-Aug-25 10:16:00 AM AEST,23.3,80.7,19.7,nan,nan,nan,356.80,0.32,4.70,3.20,357.20,262.40
08-Aug-25 10:17:00 AM AEST,nan,80.5,nan,nan,nan,nan,323.80,0.63,10.60,5.60,311.00,312.50
08-Aug-25 10:18:00 AM AEST,nan,79.7,19.8,nan,nan,nan,338.60,0.62,nan,4.50,334.30,487.40
08-Aug-25 10:19:00 AM AEST,23.4,79.8,19.6,nan,nan,nan,317.50,0.33,4.70,2.90,316.80,462.50
08-Aug-25 10:20:00 AM AEST,nan,79.7,19.7,nan,nan,nan,271.10,0.51,8.30,4.90,269.80,326.60
08-Aug-25 10:20:04 AM AEST,23.5,nan,nan,nan,nan,nan,nan,nan,nan,nan,nan,nan
08-Aug-25 10:21:00 AM AEST,nan,79.5,19.8,nan,nan,nan,304.00,0.30,3.50,2.80,302.70,274.20
08-Aug-25 10:21:08 AM AEST,23.6,nan,nan,nan,nan,nan,nan,nan,nan,nan,nan,nan
08-Aug-25 10:21:08 AM AEST,23.7,nan,nan,nan,nan,nan,nan,nan,nan,nan,nan,nan
08-Aug-25 10:22:00 AM AEST,nan,79.3,19.9,nan,nan,nan,317.50,0.58,13.00,4.50,326.30,235.00
08-Aug-25 10:22:12 AM AEST,23.8,nan,nan,nan,nan,nan,nan,nan,nan,nan,nan,nan
08-Aug-25 10:23:00 AM AEST,nan,78.8,nan,nan,nan,nan,0.20,0.56,8.30,3.20,14.70,212.50
08-Aug-25 10:23:16 AM AEST,23.9,nan,nan,nan,nan,nan,nan,nan,nan,nan,nan,nan
08-Aug-25 10:24:00 AM AEST,nan,nan,nan,nan,nan,nan,306.70,0.41,7.10,4.00,309.00,199.20
08-Aug-25 10:25:00 AM AEST,nan,78.2,20.0,nan,nan,nan,27.00,0.86,17.80,7.20,30.00,200.00
08-Aug-25 10:26:00 AM AEST,23.8,77.7,19.8,nan,nan,nan,305.60,0.43,7.10,4.10,308.90,212.50
08-Aug-25 10:27:00 AM AEST,nan,78.0,19.7,nan,nan,nan,309.30,0.46,10.60,4.40,312.30,229.10
08-Aug-25 10:27:04 AM AEST,23.9,nan,nan,nan,nan,nan,nan,nan,nan,nan,nan,nan
08-Aug-25 10:28:00 AM AEST,nan,77.3,19.8,nan,nan,nan,328.30,0.68,nan,6.60,329.20,248.30
08-Aug-25 10:29:00 AM AEST,nan,76.8,19.7,nan,nan,nan,294.40,0.66,9.50,6.10,293.30,306.60
08-Aug-25 10:30:00 AM AEST,nan,77.2,19.6,nan,nan,nan,308.20,0.41,nan,3.90,317.50,399.20
08-Aug-25 10:31:00 AM AEST,24.0,76.8,19.7,nan,nan,nan,305.10,0.72,nan,6.60,307.30,295.80
08-Aug-25 10:32:00 AM AEST,nan,75.8,nan,nan,nan,nan,335.60,1.20,17.80,10.90,331.10,268.30
08-Aug-25 10:33:00 AM AEST,nan,75.5,19.4,nan,nan,nan,317.90,0.43,5.90,3.80,317.30,276.70
08-Aug-25 10:34:00 AM AEST,24.1,75.7,nan,nan,nan,nan,287.60,0.41,7.10,3.90,284.70,301.60
08-Aug-25 10:35:00 AM AEST,nan,75.8,19.5,nan,nan,nan,328.50,0.39,5.90,3.10,346.10,446.70
08-Aug-25 10:35:04 AM AEST,24.2,nan,nan,nan,nan,nan,nan,nan,nan,nan,nan,nan
08-Aug-25 10:36:00 AM AEST,nan,75.7,19.7,nan,nan,nan,318.70,0.62,8.30,5.10,318.00,407.40
08-Aug-25 10:36:08 AM AEST,24.3,nan,nan,nan,nan,nan,nan,nan,nan,nan,nan,nan
08-Aug-25 10:37:00 AM AEST,nan,75.3,nan,nan,nan,nan,347.10,0.67,9.50,6.30,346.40,436.70
08-Aug-25 10:37:12 AM AEST,24.4,nan,nan,nan,nan,nan,nan,nan,nan,nan,nan,nan
08-Aug-25 10:38:00 AM AEST,nan,74.8,nan,nan,nan,nan,314.80,0.94,13.00,8.70,315.80,313.30
08-Aug-25 10:39:00 AM AEST,nan,74.3,19.6,nan,nan,nan,327.60,0.86,11.80,7.30,326.50,315.80
08-Aug-25 10:40:00 AM AEST,nan,73.8,19.5,nan,nan,nan,315.10,0.78,10.60,6.80,314.80,328.30
08-Aug-25 10:41:00 AM AEST,nan,nan,19.4,nan,nan,nan,320.80,0.67,nan,6.60,321.40,362.40
08-Aug-25 10:42:00 AM AEST,24.5,74.2,19.5,nan,nan,nan,4.90,0.54,14.20,4.20,11.00,619.20
08-Aug-25 10:43:00 AM AEST,nan,73.5,19.6,nan,nan,nan,316.30,1.02,16.60,10.10,315.40,574.10
08-Aug-25 10:43:04 AM AEST,24.6,nan,nan,nan,nan,nan,nan,nan,nan,nan,nan,nan
08-Aug-25 10:44:00 AM AEST,nan,73.2,19.5,nan,nan,nan,313.50,0.62,10.60,5.90,313.30,482.50
08-Aug-25 10:44:08 AM AEST,24.7,nan,nan,nan,nan,nan,nan,nan,nan,nan,nan,nan
08-Aug-25 10:45:00 AM AEST,nan,73.0,19.6,nan,nan,nan,312.20,0.70,9.50,6.40,313.10,330.80
08-Aug-25 10:45:12 AM AEST,24.8,nan,nan,nan,nan,nan,nan,nan,nan,nan,nan,nan
08-Aug-25 10:45:12 AM AEST,24.9,nan,nan,nan,nan,nan,nan,nan,nan,nan,nan,nan
08-Aug-25 10:46:00 AM AEST,nan,72.7,nan,nan,nan,nan,314.00,0.43,8.30,3.20,325.30,368.30
08-Aug-25 10:46:16 AM AEST,25.0,nan,nan,nan,nan,nan,nan,nan,nan,nan,nan,nan
08-Aug-25 10:47:00 AM AEST,nan,72.8,nan,nan,nan,nan,339.00,0.71,13.00,5.50,345.30,746.70
08-Aug-25 10:47:20 AM AEST,25.1,nan,nan,nan,nan,nan,nan,nan,nan,nan,nan,nan
08-Aug-25 10:48:00 AM AEST,nan,72.2,19.8,nan,nan,nan,334.80,1.04,23.70,8.10,348.70,804.90
08-Aug-25 10:48:24 AM AEST,25.2,nan,nan,nan,nan,nan,nan,nan,nan,nan,nan,nan
08-Aug-25 10:49:00 AM AEST,nan,72.0,19.7,nan,nan,nan,321.40,0.66,9.50,5.80,322.00,633.30
08-Aug-25 10:49:28 AM AEST,25.3,nan,nan,nan,nan,nan,nan,nan,nan,nan,nan,nan
08-Aug-25 10:50:00 AM AEST,nan,71.3,19.8,nan,nan,nan,303.60,1.00,16.60,9.20,307.80,731.60
08-Aug-25 10:51:00 AM AEST,nan,71.2,19.7,nan,nan,nan,325.80,0.72,10.60,6.80,323.30,484.20
08-Aug-25 10:52:00 AM AEST,25.4,71.0,nan,nan,nan,nan,345.20,0.75,9.50,6.50,345.80,361.60
08-Aug-25 10:53:00 AM AEST,nan,70.7,19.8,nan,nan,nan,354.60,0.72,nan,5.70,355.50,330.00
08-Aug-25 10:53:04 AM AEST,25.5,nan,nan,nan,nan,nan,nan,nan,nan,nan,nan,nan
08-Aug-25 10:54:00 AM AEST,nan,70.0,19.7,nan,nan,nan,325.80,0.84,13.00,6.50,328.40,308.30
08-Aug-25 10:55:00 AM AEST,25.3,69.3,19.6,nan,nan,nan,307.10,1.14,21.30,10.80,301.90,334.90
08-Aug-25 10:56:00 AM AEST,nan,69.5,19.3,nan,nan,nan,299.30,0.89,20.10,8.40,296.70,335.00
08-Aug-25 10:57:00 AM AEST,25.2,68.8,nan,nan,nan,nan,277.70,1.04,17.80,9.50,278.70,327.40
08-Aug-25 10:58:00 AM AEST,nan,69.0,19.1,nan,nan,nan,304.80,0.94,14.20,8.50,306.10,338.30
08-Aug-25 10:58:04 AM AEST,25.1,nan,nan,nan,nan,nan,nan,nan,nan,nan,nan,nan
08-Aug-25 10:59:00 AM AEST,nan,69.8,19.0,nan,nan,nan,305.10,0.31,4.70,3.10,305.00,357.50
08-Aug-25 10:59:08 AM AEST,25.3,nan,nan,nan,nan,nan,nan,nan,nan,nan,nan,nan
08-Aug-25 11:00:00 AM AEST,nan,70.2,19.4,nan,nan,nan,292.20,0.75,13.00,7.20,291.60,374.90
08-Aug-25 11:00:12 AM AEST,25.4,nan,nan,nan,nan,nan,nan,nan,nan,nan,nan,nan
08-Aug-25 11:00:12 AM AEST,25.3,nan,nan,nan,nan,nan,nan,nan,nan,nan,nan,nan
08-Aug-25 11:00:28 AM AEST,nan,nan,nan,nan,nan,0.32,nan,nan,nan,nan,nan,nan
08-Aug-25 11:01:00 AM AEST,nan,69.0,19.5,nan,nan,nan,306.80,0.83,11.80,7.70,306.40,355.00
08-Aug-25 11:02:00 AM AEST,nan,69.2,19.2,nan,nan,nan,284.90,0.90,15.40,8.80,282.50,336.60
08-Aug-25 11:03:00 AM AEST,nan,68.8,nan,nan,nan,nan,283.60,0.57,10.60,5.30,284.30,350.00
08-Aug-25 11:04:00 AM AEST,nan,69.3,19.1,nan,nan,nan,317.20,nan,nan,5.20,310.50,363.30
08-Aug-25 11:05:00 AM AEST,nan,nan,19.3,nan,nan,nan,325.00,0.82,11.80,6.70,322.10,380.80
08-Aug-25 11:06:00 AM AEST,25.4,nan,nan,nan,nan,nan,319.50,0.65,10.60,6.10,315.00,450.80
08-Aug-25 11:07:00 AM AEST,nan,nan,nan,nan,nan,nan,292.00,0.62,9.50,5.90,290.20,746.60
08-Aug-25 11:08:00 AM AEST,25.5,nan,19.4,nan,nan,nan,301.10,0.63,nan,5.80,301.30,544.20
08-Aug-25 11:09:00 AM AEST,nan,nan,19.5,nan,nan,nan,333.50,0.73,10.60,6.30,331.00,537.40
08-Aug-25 11:09:04 AM AEST,25.6,nan,nan,nan,nan,nan,nan,nan,nan,nan,nan,nan
08-Aug-25 11:10:00 AM AEST,nan,69.2,19.6,nan,nan,nan,290.70,0.94,14.20,9.20,291.50,461.70
08-Aug-25 11:10:08 AM AEST,25.7,nan,nan,nan,nan,nan,nan,nan,nan,nan,nan,nan
08-Aug-25 11:11:00 AM AEST,nan,68.5,nan,nan,nan,nan,314.40,1.01,15.40,9.30,315.00,386.60
08-Aug-25 11:11:12 AM AEST,25.6,nan,nan,nan,nan,nan,nan,nan,nan,nan,nan,nan
08-Aug-25 11:12:00 AM AEST,nan,68.7,19.4,nan,nan,nan,318.60,0.69,10.60,6.60,319.70,592.50
08-Aug-25 11:12:16 AM AEST,25.7,nan,nan,nan,nan,nan,nan,nan,nan,nan,nan,nan
08-Aug-25 11:13:00 AM AEST,nan,68.8,19.5,nan,nan,nan,288.50,0.41,9.50,3.90,288.10,567.50
08-Aug-25 11:13:20 AM AEST,25.8,nan,nan,nan,nan,nan,nan,nan,nan,nan,nan,nan
08-Aug-25 11:13:20 AM AEST,26.0,nan,nan,nan,nan,nan,nan,nan,nan,nan,nan,nan
08-Aug-25 11:14:00 AM AEST,nan,69.2,19.7,nan,nan,nan,319.30,0.21,3.50,2.10,319.40,627.40
08-Aug-25 11:14:24 AM AEST,26.2,nan,nan,nan,nan,nan,nan,nan,nan,nan,nan,nan
08-Aug-25 11:15:00 AM AEST,nan,nan,19.9,nan,nan,nan,336.20,0.45,8.30,4.40,337.50,660.00
08-Aug-25 11:15:28 AM AEST,26.4,nan,nan,nan,nan,nan,nan,nan,nan,nan,nan,nan
08-Aug-25 11:16:00 AM AEST,nan,68.7,20.1,nan,nan,nan,300.30,0.72,16.60,5.70,309.20,855.70
08-Aug-25 11:17:00 AM AEST,nan,66.7,20.2,nan,nan,nan,336.20,1.02,18.90,9.80,333.00,949.90
08-Aug-25 11:18:00 AM AEST,nan,66.5,19.7,nan,nan,nan,315.80,0.76,9.50,5.80,315.30,653.30
08-Aug-25 11:19:00 AM AEST,26.5,66.3,nan,nan,nan,nan,266.50,0.98,16.60,7.80,263.60,545.80
08-Aug-25 11:20:00 AM AEST,nan,65.8,nan,nan,nan,nan,297.40,0.85,13.00,7.60,294.60,800.80
08-Aug-25 11:21:00 AM AEST,26.6,66.2,19.6,nan,nan,nan,307.30,0.92,11.80,8.20,309.10,759.10
08-Aug-25 11:22:00 AM AEST,nan,66.5,19.7,nan,nan,nan,349.20,0.42,5.90,3.80,347.80,443.30
08-Aug-25 11:22:04 AM AEST,26.7,nan,nan,nan,nan,nan,nan,nan,nan,nan,nan,nan
08-Aug-25 11:23:00 AM AEST,nan,66.8,19.9,nan,nan,nan,358.10,0.31,nan,3.10,0.00,381.60
08-Aug-25 11:23:08 AM AEST,26.9,nan,nan,nan,nan,nan,nan,nan,nan,nan,nan,nan
08-Aug-25 11:24:00 AM AEST,nan,66.3,20.2,nan,nan,nan,336.10,0.44,9.50,3.90,325.40,842.50
08-Aug-25 11:24:12 AM AEST,27.0,nan,nan,nan,nan,nan,nan,nan,nan,nan,nan,nan
08-Aug-25 11:25:00 AM AEST,nan,65.3,nan,nan,nan,nan,305.10,0.55,8.30,4.50,304.40,663.30
08-Aug-25 11:25:16 AM AEST,27.2,nan,nan,nan,nan,nan,nan,nan,nan,nan,nan,nan
08-Aug-25 11:26:00 AM AEST,nan,64.5,20.1,nan,nan,nan,341.00,0.66,10.60,6.40,340.50,459.20
08-Aug-25 11:26:20 AM AEST,27.0,nan,nan,nan,nan,nan,nan,nan,nan,nan,nan,nan
08-Aug-25 11:27:00 AM AEST,nan,64.0,19.9,nan,nan,nan,323.00,0.90,17.80,7.60,322.00,329.20
08-Aug-25 11:27:24 AM AEST,26.9,nan,nan,nan,nan,nan,nan,nan,nan,nan,nan,nan
08-Aug-25 11:28:00 AM AEST,nan,63.8,19.6,nan,nan,nan,305.70,0.66,11.80,6.00,300.90,287.40
08-Aug-25 11:28:28 AM AEST,26.7,nan,nan,nan,nan,nan,nan,nan,nan,nan,nan,nan
08-Aug-25 11:29:00 AM AEST,nan,63.3,19.5,nan,nan,nan,331.90,0.67,14.20,5.10,317.80,302.50
08-Aug-25 11:30:00 AM AEST,nan,63.7,19.2,nan,nan,nan,337.00,0.95,nan,8.80,333.60,289.90
08-Aug-25 11:31:00 AM AEST,26.5,63.8,nan,nan,nan,nan,292.40,0.67,8.30,6.60,291.30,334.20
08-Aug-25 11:32:00 AM AEST,nan,nan,19.1,nan,nan,nan,316.70,0.75,13.00,7.30,317.40,370.00
08-Aug-25 11:33:00 AM AEST,26.4,64.0,nan,nan,nan,nan,325.00,0.70,11.80,4.90,332.50,333.30
08-Aug-25 11:34:00 AM AEST,nan,63.7,19.0,nan,nan,nan,356.50,1.02,14.20,9.10,353.30,292.50
08-Aug-25 11:34:04 AM AEST,26.3,nan,nan,nan,nan,nan,nan,nan,nan,nan,nan,nan
08-Aug-25 11:35:00 AM AEST,nan,63.5,18.9,nan,nan,nan,343.50,0.66,10.60,4.70,344.00,300.80
08-Aug-25 11:35:08 AM AEST,26.2,nan,nan,nan,nan,nan,nan,nan,nan,nan,nan,nan
08-Aug-25 11:36:00 AM AEST,nan,63.7,18.7,nan,nan,nan,304.90,0.41,8.30,1.60,298.20,305.80
08-Aug-25 11:36:12 AM AEST,26.3,nan,nan,nan,nan,nan,nan,nan,nan,nan,nan,nan
08-Aug-25 11:37:00 AM AEST,nan,64.3,18.8,nan,nan,nan,358.10,nan,7.10,3.60,356.50,306.70
08-Aug-25 11:38:00 AM AEST,nan,nan,19.0,nan,nan,nan,307.50,0.73,10.60,6.00,303.10,303.30
08-Aug-25 11:39:00 AM AEST,26.2,63.8,19.1,nan,nan,nan,12.90,0.80,14.20,7.20,15.90,290.00
08-Aug-25 11:40:00 AM AEST,nan,nan,18.8,nan,nan,nan,342.00,0.98,13.00,7.80,342.60,274.10
08-Aug-25 11:40:04 AM AEST,26.1,nan,nan,nan,nan,nan,nan,nan,nan,nan,nan,nan
08-Aug-25 11:41:00 AM AEST,nan,nan,18.7,nan,nan,nan,337.10,0.75,14.20,6.90,335.90,256.70
08-Aug-25 11:41:08 AM AEST,26.0,nan,nan,nan,nan,nan,nan,nan,nan,nan,nan,nan
08-Aug-25 11:42:00 AM AEST,nan,nan,nan,nan,nan,nan,351.30,0.83,10.60,7.30,353.40,242.40
08-Aug-25 11:42:12 AM AEST,25.9,nan,nan,nan,nan,nan,nan,nan,nan,nan,nan,nan
08-Aug-25 11:43:00 AM AEST,nan,63.7,18.6,nan,nan,nan,343.70,0.75,14.20,7.00,345.00,248.30
08-Aug-25 11:44:00 AM AEST,nan,nan,18.5,nan,nan,nan,319.90,0.88,13.00,8.60,319.90,262.50
08-Aug-25 11:45:00 AM AEST,25.8,63.5,nan,nan,nan,nan,283.60,0.79,nan,7.80,285.00,285.80
08-Aug-25 11:46:00 AM AEST,nan,64.3,18.3,nan,nan,nan,340.70,0.43,7.10,3.70,344.30,343.30
08-Aug-25 11:47:00 AM AEST,25.9,nan,18.6,nan,nan,nan,352.60,0.57,9.50,4.10,347.00,453.30
08-Aug-25 11:48:00 AM AEST,nan,64.0,18.7,nan,nan,nan,322.60,0.99,16.60,7.40,313.80,356.70
08-Aug-25 11:49:00 AM AEST,25.8,nan,18.5,nan,nan,nan,327.50,0.89,15.40,8.50,326.40,406.60
08-Aug-25 11:50:00 AM AEST,nan,64.2,nan,nan,nan,nan,17.20,0.90,11.80,8.60,18.50,291.70
08-Aug-25 11:51:00 AM AEST,nan,nan,nan,nan,nan,nan,306.60,0.86,nan,7.60,303.70,270.00
08-Aug-25 11:52:00 AM AEST,nan,nan,nan,nan,nan,nan,334.40,0.79,13.00,7.00,335.20,258.30
08-Aug-25 11:53:00 AM AEST,nan,64.0,nan,nan,nan,nan,300.20,0.75,11.80,7.10,302.30,256.70
08-Aug-25 11:54:00 AM AEST,nan,64.3,nan,nan,nan,nan,307.30,0.51,9.50,5.10,307.10,260.80
08-Aug-25 11:55:00 AM AEST,25.9,nan,nan,nan,nan,nan,323.00,0.64,nan,6.20,323.00,262.50
08-Aug-25 11:56:00 AM AEST,nan,64.5,18.6,nan,nan,nan,307.10,0.60,10.60,5.50,310.10,270.00
08-Aug-25 11:57:00 AM AEST,nan,nan,18.7,nan,nan,nan,315.60,0.79,14.20,7.60,317.40,279.90
08-Aug-25 11:58:00 AM AEST,nan,nan,nan,nan,nan,nan,326.80,0.73,9.50,6.90,326.90,290.80
08-Aug-25 11:59:00 AM AEST,nan,64.3,nan,nan,nan,nan,333.40,0.78,10.60,7.40,333.90,299.90
08-Aug-25 12:00:00 PM AEST,26.0,64.5,18.6,nan,nan,nan,307.10,0.44,7.10,3.40,295.60,315.80
08-Aug-25 12:00:32 PM AEST,nan,nan,nan,nan,nan,0.36,nan,nan,nan,nan,nan,nan
08-Aug-25 12:01:00 PM AEST,nan,64.0,18.8,nan,nan,nan,273.00,0.85,16.60,7.40,276.10,364.10
08-Aug-25 12:02:00 PM AEST,25.9,63.7,18.6,nan,nan,nan,320.30,1.02,15.40,10.10,320.00,360.00
08-Aug-25 12:03:00 PM AEST,nan,63.8,18.5,nan,nan,nan,309.30,0.80,11.80,7.50,309.60,358.30
08-Aug-25 12:04:00 PM AEST,nan,64.2,nan,nan,nan,nan,335.90,0.60,7.10,5.10,334.70,344.10
08-Aug-25 12:05:00 PM AEST,26.0,nan,18.6,nan,nan,nan,332.40,0.67,14.20,6.50,335.40,330.80
08-Aug-25 12:06:00 PM AEST,nan,63.8,18.7,nan,nan,nan,304.90,0.80,nan,6.10,308.20,654.10
08-Aug-25 12:07:00 PM AEST,26.1,nan,18.6,nan,nan,nan,291.60,0.78,11.80,6.80,293.50,764.20
08-Aug-25 12:08:00 PM AEST,nan,64.0,18.7,nan,nan,nan,324.00,0.57,10.60,5.50,320.70,460.00
08-Aug-25 12:08:04 PM AEST,26.2,nan,nan,nan,nan,nan,nan,nan,nan,nan,nan,nan
08-Aug-25 12:09:00 PM AEST,nan,64.7,18.8,nan,nan,nan,347.80,0.38,7.10,3.60,345.60,484.10
08-Aug-25 12:09:08 PM AEST,26.4,nan,nan,nan,nan,nan,nan,nan,nan,nan,nan,nan
08-Aug-25 12:10:00 PM AEST,nan,64.2,19.2,nan,nan,nan,322.90,0.72,10.60,5.90,325.40,375.80
08-Aug-25 12:10:12 PM AEST,26.6,nan,nan,nan,nan,nan,nan,nan,nan,nan,nan,nan
08-Aug-25 12:11:00 PM AEST,nan,63.2,nan,nan,nan,nan,337.00,0.67,9.50,5.70,336.70,371.60
08-Aug-25 12:11:16 PM AEST,26.5,nan,nan,nan,nan,nan,nan,nan,nan,nan,nan,nan
08-Aug-25 12:12:00 PM AEST,nan,62.7,19.0,nan,nan,nan,251.80,0.69,10.60,6.20,252.90,341.70
08-Aug-25 12:13:00 PM AEST,nan,63.0,18.8,nan,nan,nan,255.30,0.83,15.40,5.40,268.90,334.10
08-Aug-25 12:14:00 PM AEST,nan,62.7,18.9,nan,nan,nan,285.70,0.52,8.30,5.10,283.60,395.00
08-Aug-25 12:15:00 PM AEST,26.6,63.0,18.8,nan,nan,nan,261.30,0.56,10.60,5.50,262.60,512.50
08-Aug-25 12:16:00 PM AEST,nan,63.2,19.0,nan,nan,nan,297.40,0.85,11.80,8.00,298.10,771.60
08-Aug-25 12:17:00 PM AEST,26.8,63.5,nan,nan,nan,nan,261.80,0.62,8.30,5.30,261.80,940.00
08-Aug-25 12:18:00 PM AEST,nan,nan,19.3,nan,nan,nan,269.00,0.60,9.50,5.50,273.90,857.40
08-Aug-25 12:18:04 PM AEST,27.0,nan,nan,nan,nan,nan,nan,nan,nan,nan,nan,nan
08-Aug-25 12:19:00 PM AEST,nan,62.3,19.4,nan,nan,nan,258.90,0.77,13.00,7.00,257.90,508.30
08-Aug-25 12:19:08 PM AEST,27.1,nan,nan,nan,nan,nan,nan,nan,nan,nan,nan,nan
08-Aug-25 12:20:00 PM AEST,nan,62.0,19.3,nan,nan,nan,268.70,0.39,5.90,3.90,267.20,524.90
08-Aug-25 12:20:12 PM AEST,27.3,nan,nan,nan,nan,nan,nan,nan,nan,nan,nan,nan
08-Aug-25 12:21:00 PM AEST,nan,nan,19.2,nan,nan,nan,298.20,0.86,17.80,7.00,306.70,465.80
08-Aug-25 12:21:16 PM AEST,27.2,nan,nan,nan,nan,nan,nan,nan,nan,nan,nan,nan
08-Aug-25 12:22:00 PM AEST,nan,61.2,19.3,nan,nan,nan,305.20,0.55,9.50,4.30,311.30,819.20
08-Aug-25 12:22:20 PM AEST,27.4,nan,nan,nan,nan,nan,nan,nan,nan,nan,nan,nan
08-Aug-25 12:23:00 PM AEST,nan,61.5,19.1,nan,nan,nan,298.90,0.82,13.00,7.60,299.80,779.90
08-Aug-25 12:23:24 PM AEST,27.5,nan,nan,nan,nan,nan,nan,nan,nan,nan,nan,nan
08-Aug-25 12:24:00 PM AEST,nan,61.0,19.3,nan,nan,nan,313.30,0.80,11.80,7.40,313.80,851.70
08-Aug-25 12:25:00 PM AEST,nan,60.3,nan,nan,nan,nan,302.10,0.79,nan,nan,302.60,674.10
08-Aug-25 12:26:00 PM AEST,27.6,60.7,19.1,nan,nan,nan,308.70,0.80,14.20,7.00,298.30,547.50
08-Aug-25 12:27:00 PM AEST,nan,59.2,19.3,nan,nan,nan,274.20,0.97,nan,8.90,273.80,526.70
08-Aug-25 12:27:04 PM AEST,27.5,nan,nan,nan,nan,nan,nan,nan,nan,nan,nan,nan
08-Aug-25 12:27:04 PM AEST,27.4,nan,nan,nan,nan,nan,nan,nan,nan,nan,nan,nan
08-Aug-25 12:28:00 PM AEST,nan,59.5,18.8,nan,nan,nan,306.30,0.83,16.60,7.70,306.10,689.10
08-Aug-25 12:29:00 PM AEST,nan,59.7,nan,nan,nan,nan,286.10,0.67,9.50,6.40,286.40,895.00
08-Aug-25 12:30:00 PM AEST,27.6,60.0,18.9,nan,nan,nan,280.40,0.86,14.20,6.60,277.60,882.40
08-Aug-25 12:31:00 PM AEST,nan,60.7,19.1,nan,nan,nan,328.00,0.54,8.30,4.70,330.10,774.20
08-Aug-25 12:31:04 PM AEST,27.8,nan,nan,nan,nan,nan,nan,nan,nan,nan,nan,nan
08-Aug-25 12:32:00 PM AEST,nan,60.5,19.5,nan,nan,nan,339.30,0.80,13.00,6.00,330.30,732.50
08-Aug-25 12:32:08 PM AEST,28.0,nan,nan,nan,nan,nan,nan,nan,nan,nan,nan,nan
08-Aug-25 12:32:08 PM AEST,28.1,nan,nan,nan,nan,nan,nan,nan,nan,nan,nan,nan
08-Aug-25 12:33:00 PM AEST,nan,60.0,19.6,nan,nan,nan,303.40,0.75,nan,6.80,304.90,593.30
08-Aug-25 12:33:12 PM AEST,28.2,nan,nan,nan,nan,nan,nan,nan,nan,nan,nan,nan
08-Aug-25 12:34:00 PM AEST,nan,nan,nan,nan,nan,nan,254.50,0.59,8.30,5.30,254.50,369.20
08-Aug-25 12:34:16 PM AEST,28.1,nan,nan,nan,nan,nan,nan,nan,nan,nan,nan,nan
08-Aug-25 12:35:00 PM AEST,nan,59.0,19.7,nan,nan,nan,281.80,0.83,10.60,7.50,284.50,591.60
08-Aug-25 12:35:20 PM AEST,27.9,nan,nan,nan,nan,nan,nan,nan,nan,nan,nan,nan
08-Aug-25 12:36:00 PM AEST,nan,58.3,19.4,nan,nan,nan,318.10,1.03,21.30,9.40,316.30,430.80
08-Aug-25 12:36:24 PM AEST,27.8,nan,nan,nan,nan,nan,nan,nan,nan,nan,nan,nan
08-Aug-25 12:37:00 PM AEST,nan,nan,19.0,nan,nan,nan,2.00,0.78,11.80,7.30,4.60,644.10
08-Aug-25 12:37:28 PM AEST,27.9,nan,nan,nan,nan,nan,nan,nan,nan,nan,nan,nan
08-Aug-25 12:38:00 PM AEST,nan,58.8,18.9,nan,nan,nan,357.40,0.70,10.60,6.30,358.60,864.20
08-Aug-25 12:39:00 PM AEST,nan,nan,19.1,nan,nan,nan,308.70,1.12,18.90,10.70,313.40,640.80
08-Aug-25 12:40:00 PM AEST,27.7,58.0,nan,nan,nan,nan,329.90,0.89,13.00,7.60,328.20,324.90
08-Aug-25 12:41:00 PM AEST,nan,nan,18.7,nan,nan,nan,306.80,0.75,14.20,6.20,301.70,451.70
08-Aug-25 12:41:04 PM AEST,27.6,nan,nan,nan,nan,nan,nan,nan,nan,nan,nan,nan
08-Aug-25 12:42:00 PM AEST,nan,58.3,18.6,nan,nan,nan,309.50,0.80,11.80,7.30,307.20,268.30
08-Aug-25 12:42:08 PM AEST,27.5,nan,nan,nan,nan,nan,nan,nan,nan,nan,nan,nan
08-Aug-25 12:43:00 PM AEST,nan,58.2,nan,nan,nan,nan,329.70,0.61,nan,6.00,327.70,306.70
08-Aug-25 12:44:00 PM AEST,nan,58.0,nan,nan,nan,nan,335.50,0.65,10.60,4.80,326.70,265.80
08-Aug-25 12:45:00 PM AEST,nan,58.8,18.5,nan,nan,nan,323.60,0.59,8.30,5.20,317.50,242.40
08-Aug-25 12:46:00 PM AEST,nan,59.0,18.7,nan,nan,nan,5.50,0.50,7.10,4.20,9.10,232.50
08-Aug-25 12:47:00 PM AEST,27.4,58.7,nan,nan,nan,nan,338.30,0.80,13.00,6.40,337.40,230.80
08-Aug-25 12:48:00 PM AEST,nan,58.5,18.6,nan,nan,nan,319.20,0.73,11.80,6.50,317.20,212.50
08-Aug-25 12:48:04 PM AEST,27.2,nan,nan,nan,nan,nan,nan,nan,nan,nan,nan,nan
08-Aug-25 12:49:00 PM AEST,nan,58.3,18.4,nan,nan,nan,18.10,0.62,8.30,5.90,18.10,195.00
08-Aug-25 12:50:00 PM AEST,27.1,58.2,18.3,nan,nan,nan,25.50,nan,9.50,6.10,25.00,175.00
08-Aug-25 12:51:00 PM AEST,nan,58.5,18.2,nan,nan,nan,324.80,0.52,8.30,4.80,326.70,154.20
08-Aug-25 12:52:00 PM AEST,27.0,58.2,18.3,nan,nan,nan,8.70,0.98,15.40,8.90,12.20,147.50
08-Aug-25 12:53:00 PM AEST,nan,nan,18.1,nan,nan,nan,354.90,0.64,8.30,5.20,356.50,150.00
08-Aug-25 12:53:04 PM AEST,26.9,nan,nan,nan,nan,nan,nan,nan,nan,nan,nan,nan
08-Aug-25 12:54:00 PM AEST,nan,58.5,18.0,nan,nan,nan,270.80,0.57,9.50,5.50,270.30,156.60
08-Aug-25 12:54:08 PM AEST,26.8,nan,nan,nan,nan,nan,nan,nan,nan,nan,nan,nan
08-Aug-25 12:55:00 PM AEST,nan,58.8,nan,nan,nan,nan,318.10,0.54,nan,4.90,324.40,170.00
08-Aug-25 12:56:00 PM AEST,nan,59.2,18.1,nan,nan,nan,6.50,0.70,10.60,6.10,8.90,185.80
08-Aug-25 12:57:00 PM AEST,nan,nan,nan,nan,nan,nan,21.30,0.41,5.90,3.90,23.30,208.30
08-Aug-25 12:58:00 PM AEST,nan,59.3,nan,nan,nan,nan,18.20,0.35,4.70,3.50,17.40,214.20
08-Aug-25 12:59:00 PM AEST,26.9,59.7,18.2,nan,nan,nan,12.20,0.34,nan,3.40,12.80,197.50
08-Aug-25 1:00:00 PM AEST,nan,59.5,18.4,nan,nan,nan,353.70,0.43,5.90,3.50,348.60,193.30
08-Aug-25 1:00:36 PM AEST,nan,nan,nan,nan,nan,0.27,nan,nan,nan,nan,nan,nan
08-Aug-25 1:01:00 PM AEST,nan,59.3,18.3,nan,nan,nan,342.20,0.62,8.30,6.00,342.30,200.80
08-Aug-25 1:02:00 PM AEST,26.8,59.8,nan,nan,nan,nan,28.80,0.46,10.60,2.40,13.50,225.80
08-Aug-25 1:03:00 PM AEST,nan,59.5,nan,nan,nan,nan,300.10,0.62,9.50,6.00,302.60,196.70
08-Aug-25 1:03:04 PM AEST,26.7,nan,nan,nan,nan,nan,nan,nan,nan,nan,nan,nan
08-Aug-25 1:04:00 PM AEST,nan,59.7,18.2,nan,nan,nan,299.90,0.47,7.10,4.60,297.50,185.00
08-Aug-25 1:05:00 PM AEST,26.8,60.0,nan,nan,nan,nan,317.10,0.24,4.70,2.40,317.00,442.50
08-Aug-25 1:06:00 PM AEST,nan,59.8,18.4,nan,nan,nan,19.50,0.39,5.90,3.40,17.10,799.10
08-Aug-25 1:06:04 PM AEST,27.0,nan,nan,nan,nan,nan,nan,nan,nan,nan,nan,nan
08-Aug-25 1:07:00 PM AEST,nan,59.5,18.5,nan,nan,nan,2.20,0.72,15.40,5.80,344.60,806.70
08-Aug-25 1:07:08 PM AEST,27.1,nan,nan,nan,nan,nan,nan,nan,nan,nan,nan,nan
08-Aug-25 1:08:00 PM AEST,nan,59.0,18.6,nan,nan,nan,283.10,0.66,13.00,6.50,285.70,825.00
08-Aug-25 1:08:12 PM AEST,27.2,nan,nan,nan,nan,nan,nan,nan,nan,nan,nan,nan
08-Aug-25 1:09:00 PM AEST,nan,nan,18.5,nan,nan,nan,291.80,0.80,11.80,7.40,292.20,829.90
08-Aug-25 1:09:16 PM AEST,27.3,nan,nan,nan,nan,nan,nan,nan,nan,nan,nan,nan
08-Aug-25 1:09:16 PM AEST,27.5,nan,nan,nan,nan,nan,nan,nan,nan,nan,nan,nan
08-Aug-25 1:10:00 PM AEST,nan,59.2,nan,nan,nan,nan,274.60,0.73,13.00,5.60,283.10,832.50
08-Aug-25 1:10:20 PM AEST,27.6,nan,nan,nan,nan,nan,nan,nan,nan,nan,nan,nan
08-Aug-25 1:11:00 PM AEST,nan,59.0,18.8,nan,nan,nan,288.70,0.75,11.80,6.60,297.00,746.60
08-Aug-25 1:11:24 PM AEST,27.8,nan,nan,nan,nan,nan,nan,nan,nan,nan,nan,nan
08-Aug-25 1:12:00 PM AEST,nan,58.7,18.9,nan,nan,nan,329.80,0.63,10.60,6.30,328.40,487.50
08-Aug-25 1:12:28 PM AEST,28.0,nan,nan,nan,nan,nan,nan,nan,nan,nan,nan,nan
08-Aug-25 1:13:00 PM AEST,nan,59.2,nan,nan,nan,nan,283.00,0.43,7.10,3.10,275.80,691.70
08-Aug-25 1:13:32 PM AEST,28.1,nan,nan,nan,nan,nan,nan,nan,nan,nan,nan,nan
08-Aug-25 1:14:00 PM AEST,nan,58.2,19.3,nan,nan,nan,300.10,0.70,11.80,6.10,308.40,844.90
08-Aug-25 1:14:36 PM AEST,28.2,nan,nan,nan,nan,nan,nan,nan,nan,nan,nan,nan
08-Aug-25 1:15:00 PM AEST,nan,nan,19.1,nan,nan,nan,326.90,0.40,7.10,4.00,326.80,592.50
08-Aug-25 1:15:40 PM AEST,28.5,nan,nan,nan,nan,nan,nan,nan,nan,nan,nan,nan
08-Aug-25 1:16:00 PM AEST,nan,58.7,19.2,nan,nan,nan,326.80,0.31,4.70,3.10,nan,628.30
08-Aug-25 1:16:44 PM AEST,28.7,nan,nan,nan,nan,nan,nan,nan,nan,nan,nan,nan
08-Aug-25 1:17:00 PM AEST,nan,nan,19.6,nan,nan,nan,322.10,0.44,11.80,4.30,315.50,600.00
08-Aug-25 1:17:48 PM AEST,28.6,nan,nan,nan,nan,nan,nan,nan,nan,nan,nan,nan
08-Aug-25 1:18:00 PM AEST,nan,57.5,19.8,nan,nan,nan,296.50,0.76,10.60,6.80,297.50,343.30
08-Aug-25 1:18:52 PM AEST,28.5,nan,nan,nan,nan,nan,nan,nan,nan,nan,nan,nan
08-Aug-25 1:19:00 PM AEST,nan,57.0,19.4,nan,nan,nan,278.20,0.88,14.20,8.30,278.70,295.80
08-Aug-25 1:19:56 PM AEST,28.3,nan,nan,nan,nan,nan,nan,nan,nan,nan,nan,nan
08-Aug-25 1:20:00 PM AEST,nan,57.2,19.1,nan,nan,nan,311.90,0.83,13.00,7.00,304.20,228.30
08-Aug-25 1:21:00 PM AEST,28.1,nan,19.0,nan,nan,nan,284.30,0.80,nan,7.40,285.30,210.80
08-Aug-25 1:22:00 PM AEST,nan,57.8,18.8,nan,nan,nan,327.50,0.37,5.90,3.60,326.80,200.00
08-Aug-25 1:22:04 PM AEST,28.0,nan,nan,nan,nan,nan,nan,nan,nan,nan,nan,nan
08-Aug-25 1:23:00 PM AEST,nan,57.5,18.9,nan,nan,nan,301.00,0.63,11.80,6.20,302.80,197.50
08-Aug-25 1:23:08 PM AEST,28.1,nan,nan,nan,nan,nan,nan,nan,nan,nan,nan,nan
08-Aug-25 1:24:00 PM AEST,nan,57.7,nan,nan,nan,nan,228.50,0.54,8.30,4.70,228.50,203.30
08-Aug-25 1:24:12 PM AEST,28.0,nan,nan,nan,nan,nan,nan,nan,nan,nan,nan,nan
08-Aug-25 1:25:00 PM AEST,nan,58.0,18.8,nan,nan,nan,292.90,0.52,11.80,4.10,290.40,218.30
08-Aug-25 1:25:16 PM AEST,27.8,nan,nan,nan,nan,nan,nan,nan,nan,nan,nan,nan
08-Aug-25 1:26:00 PM AEST,nan,58.2,18.9,nan,nan,nan,284.90,0.54,8.30,5.20,287.60,227.40
08-Aug-25 1:26:20 PM AEST,27.7,nan,nan,nan,nan,nan,nan,nan,nan,nan,nan,nan
08-Aug-25 1:27:00 PM AEST,nan,58.3,18.8,nan,nan,nan,275.00,0.55,nan,4.90,280.00,216.70
08-Aug-25 1:28:00 PM AEST,nan,58.8,nan,nan,nan,nan,260.40,0.41,13.00,3.70,256.40,207.50
08-Aug-25 1:29:00 PM AEST,27.6,58.5,18.9,nan,nan,nan,252.70,0.63,14.20,6.30,255.40,203.30
08-Aug-25 1:30:00 PM AEST,nan,59.2,18.7,nan,nan,nan,259.30,0.34,5.90,3.20,261.10,194.20
08-Aug-25 1:31:00 PM AEST,27.5,59.5,18.9,nan,nan,nan,251.30,0.55,7.10,2.80,256.20,186.60
08-Aug-25 1:32:00 PM AEST,nan,59.3,nan,nan,nan,nan,254.10,0.32,4.70,nan,252.80,181.70
08-Aug-25 1:33:00 PM AEST,27.4,59.7,18.8,nan,nan,nan,278.10,0.73,15.40,5.60,286.60,181.60
08-Aug-25 1:34:00 PM AEST,nan,59.5,18.9,nan,nan,nan,262.80,0.83,13.00,6.40,268.30,189.20
08-Aug-25 1:34:04 PM AEST,27.2,nan,nan,nan,nan,nan,nan,nan,nan,nan,nan,nan
08-Aug-25 1:35:00 PM AEST,nan,59.8,18.6,nan,nan,nan,284.60,0.67,8.30,5.50,284.70,191.70
08-Aug-25 1:35:08 PM AEST,27.1,nan,nan,nan,nan,nan,nan,nan,nan,nan,nan,nan
08-Aug-25 1:36:00 PM AEST,nan,60.3,nan,nan,nan,nan,303.20,0.93,13.00,7.30,301.90,190.80
08-Aug-25 1:36:12 PM AEST,27.0,nan,nan,nan,nan,nan,nan,nan,nan,nan,nan,nan
08-Aug-25 1:37:00 PM AEST,nan,60.5,18.7,nan,nan,nan,333.40,1.11,17.80,10.70,333.10,187.50
08-Aug-25 1:37:16 PM AEST,26.9,nan,nan,nan,nan,nan,nan,nan,nan,nan,nan,nan
08-Aug-25 1:38:00 PM AEST,nan,60.7,18.6,nan,nan,nan,281.40,0.75,11.80,6.80,283.40,188.30
08-Aug-25 1:38:20 PM AEST,26.8,nan,nan,nan,nan,nan,nan,nan,nan,nan,nan,nan
08-Aug-25 1:38:20 PM AEST,26.7,nan,nan,nan,nan,nan,nan,nan,nan,nan,nan,nan
08-Aug-25 1:39:00 PM AEST,nan,60.5,18.5,nan,nan,nan,243.30,0.83,14.20,5.20,249.40,189.20
08-Aug-25 1:39:24 PM AEST,26.8,nan,nan,nan,nan,nan,nan,nan,nan,nan,nan,nan
08-Aug-25 1:40:00 PM AEST,nan,60.8,nan,nan,nan,nan,303.60,0.52,7.10,4.30,304.50,198.30
08-Aug-25 1:40:28 PM AEST,26.9,nan,nan,nan,nan,nan,nan,nan,nan,nan,nan,nan
08-Aug-25 1:41:00 PM AEST,nan,61.2,18.6,nan,nan,nan,186.00,0.56,11.80,4.50,186.00,212.50
08-Aug-25 1:41:32 PM AEST,26.8,nan,nan,nan,nan,nan,nan,nan,nan,nan,nan,nan
08-Aug-25 1:42:00 PM AEST,nan,nan,18.8,nan,nan,nan,264.00,0.40,5.90,3.50,263.00,211.70
08-Aug-25 1:42:36 PM AEST,26.9,nan,nan,nan,nan,nan,nan,nan,nan,nan,nan,nan
08-Aug-25 1:43:00 PM AEST,nan,61.3,18.7,nan,nan,nan,323.10,0.45,8.30,4.10,323.00,210.00
08-Aug-25 1:44:00 PM AEST,nan,61.5,18.8,nan,nan,nan,338.50,0.75,14.20,6.60,nan,215.80
08-Aug-25 1:45:00 PM AEST,nan,60.8,18.9,nan,nan,nan,305.00,0.55,13.00,5.00,312.00,220.80
08-Aug-25 1:46:00 PM AEST,26.8,60.7,18.7,nan,nan,nan,5.30,0.60,9.50,5.50,5.50,233.30
08-Aug-25 1:47:00 PM AEST,nan,nan,18.6,nan,nan,nan,9.10,0.38,7.10,3.50,5.60,245.00
08-Aug-25 1:47:04 PM AEST,26.9,nan,nan,nan,nan,nan,nan,nan,nan,nan,nan,nan
08-Aug-25 1:48:00 PM AEST,nan,61.2,nan,nan,nan,nan,346.80,0.40,nan,3.80,344.00,257.40
08-Aug-25 1:48:08 PM AEST,27.0,nan,nan,nan,nan,nan,nan,nan,nan,nan,nan,nan
08-Aug-25 1:49:00 PM AEST,nan,61.3,18.8,nan,nan,nan,287.10,0.49,5.90,3.40,284.00,272.50
08-Aug-25 1:49:12 PM AEST,27.1,nan,nan,nan,nan,nan,nan,nan,nan,nan,nan,nan
08-Aug-25 1:50:00 PM AEST,nan,60.8,18.9,nan,nan,nan,321.70,0.67,17.80,4.80,316.90,279.90
08-Aug-25 1:51:00 PM AEST,26.9,60.3,18.8,nan,nan,nan,279.50,0.61,14.20,5.30,282.00,280.00
08-Aug-25 1:52:00 PM AEST,nan,nan,18.6,nan,nan,nan,284.70,0.57,9.50,4.70,286.40,276.70
08-Aug-25 1:52:04 PM AEST,27.0,nan,nan,nan,nan,nan,nan,nan,nan,nan,nan,nan
08-Aug-25 1:53:00 PM AEST,nan,60.2,nan,nan,nan,nan,289.40,0.52,nan,nan,286.80,259.90
08-Aug-25 1:53:08 PM AEST,26.9,nan,nan,nan,nan,nan,nan,nan,nan,nan,nan,nan
08-Aug-25 1:54:00 PM AEST,nan,60.0,18.5,nan,nan,nan,288.90,0.72,10.60,6.80,289.20,253.30
08-Aug-25 1:55:00 PM AEST,nan,60.3,nan,nan,nan,nan,308.10,0.52,7.10,5.20,308.30,266.60
08-Aug-25 1:56:00 PM AEST,nan,nan,18.6,nan,nan,nan,308.90,0.78,11.80,7.30,312.70,242.50
08-Aug-25 1:57:00 PM AEST,26.8,60.0,nan,nan,nan,nan,291.60,0.85,nan,8.00,290.50,238.30
08-Aug-25 1:58:00 PM AEST,nan,nan,18.4,nan,nan,nan,295.00,0.75,10.60,7.40,294.30,271.70
08-Aug-25 1:59:00 PM AEST,nan,nan,nan,nan,nan,nan,287.30,0.47,7.10,4.70,288.80,348.30
08-Aug-25 2:00:00 PM AEST,27.0,60.7,nan,nan,nan,nan,304.90,0.25,3.50,2.40,303.50,527.40
08-Aug-25 2:00:40 PM AEST,nan,nan,nan,nan,nan,0.21,nan,nan,nan,nan,nan,nan
08-Aug-25 2:01:00 PM AEST,nan,61.0,18.7,nan,nan,nan,295.70,0.48,11.80,4.50,287.00,841.70
08-Aug-25 2:01:04 PM AEST,27.2,nan,nan,nan,nan,nan,nan,nan,nan,nan,nan,nan
08-Aug-25 2:02:00 PM AEST,nan,nan,19.0,nan,nan,nan,284.00,0.46,7.10,4.10,281.60,832.40
08-Aug-25 2:02:08 PM AEST,27.4,nan,nan,nan,nan,nan,nan,nan,nan,nan,nan,nan
08-Aug-25 2:03:00 PM AEST,nan,60.7,19.2,nan,nan,nan,30.70,0.36,5.90,2.00,30.40,764.20
08-Aug-25 2:03:12 PM AEST,27.6,nan,nan,nan,nan,nan,nan,nan,nan,nan,nan,nan
08-Aug-25 2:04:00 PM AEST,nan,60.5,19.3,nan,nan,nan,326.40,0.71,9.50,6.50,324.70,576.70
08-Aug-25 2:04:16 PM AEST,27.8,nan,nan,nan,nan,nan,nan,nan,nan,nan,nan,nan
08-Aug-25 2:05:00 PM AEST,nan,60.2,19.4,nan,nan,nan,291.20,0.63,10.60,5.90,290.90,319.10
08-Aug-25 2:06:00 PM AEST,nan,59.5,nan,nan,nan,nan,305.30,0.62,nan,5.10,303.40,231.70
08-Aug-25 2:07:00 PM AEST,27.9,59.8,19.2,nan,nan,nan,256.80,0.53,nan,4.90,257.80,229.10
08-Aug-25 2:07:00 PM AEST,27.8,59.8,19.2,nan,nan,nan,256.80,0.53,nan,4.90,257.80,229.10
08-Aug-25 2:08:00 PM AEST,nan,59.5,19.3,nan,nan,nan,312.30,0.66,8.30,5.80,312.40,230.80
08-Aug-25 2:09:00 PM AEST,nan,59.8,19.2,nan,nan,nan,330.50,0.36,7.10,3.50,331.00,223.30
08-Aug-25 2:10:00 PM AEST,nan,59.5,19.3,nan,nan,nan,313.90,0.98,13.00,8.90,314.00,201.70
08-Aug-25 2:11:00 PM AEST,27.6,59.2,19.2,nan,nan,nan,328.00,0.62,9.50,6.10,327.60,178.30
08-Aug-25 2:12:00 PM AEST,nan,59.3,18.9,nan,nan,nan,337.80,0.41,8.30,4.00,340.30,161.60
08-Aug-25 2:12:04 PM AEST,27.7,nan,nan,nan,nan,nan,nan,nan,nan,nan,nan,nan
08-Aug-25 2:13:00 PM AEST,nan,59.2,19.0,nan,nan,nan,313.30,0.85,15.40,8.10,313.60,155.00
08-Aug-25 2:13:08 PM AEST,27.5,nan,nan,nan,nan,nan,nan,nan,nan,nan,nan,nan
08-Aug-25 2:13:08 PM AEST,27.4,nan,nan,nan,nan,nan,nan,nan,nan,nan,nan,nan
08-Aug-25 2:14:00 PM AEST,nan,nan,18.8,nan,nan,nan,305.30,0.57,11.80,5.40,309.20,152.50
08-Aug-25 2:15:00 PM AEST,nan,nan,18.7,nan,nan,nan,315.00,0.46,7.10,4.10,314.90,nan
08-Aug-25 2:16:00 PM AEST,27.3,59.3,nan,nan,nan,nan,306.10,0.67,10.60,6.30,304.00,146.70
08-Aug-25 2:17:00 PM AEST,nan,59.7,nan,nan,nan,nan,334.90,0.36,5.90,3.30,329.40,139.10
08-Aug-25 2:17:04 PM AEST,27.2,nan,nan,nan,nan,nan,nan,nan,nan,nan,nan,nan
08-Aug-25 2:18:00 PM AEST,nan,nan,nan,nan,nan,nan,302.30,0.79,14.20,6.80,303.90,135.00
08-Aug-25 2:19:00 PM AEST,27.0,60.0,nan,nan,nan,nan,300.40,0.84,13.00,7.40,301.60,139.10
08-Aug-25 2:20:00 PM AEST,nan,60.3,18.5,nan,nan,nan,295.50,0.54,8.30,1.60,267.60,145.80
08-Aug-25 2:20:04 PM AEST,26.9,nan,nan,nan,nan,nan,nan,nan,nan,nan,nan,nan
08-Aug-25 2:21:00 PM AEST,nan,60.5,18.6,nan,nan,nan,292.30,0.60,10.60,5.80,288.40,153.30
08-Aug-25 2:21:08 PM AEST,26.8,nan,nan,nan,nan,nan,nan,nan,nan,nan,nan,nan
08-Aug-25 2:22:00 PM AEST,nan,60.8,18.5,nan,nan,nan,304.90,0.47,9.50,4.70,304.60,nan
08-Aug-25 2:23:00 PM AEST,nan,61.0,18.6,nan,nan,nan,268.00,0.59,nan,4.90,273.50,149.20
08-Aug-25 2:24:00 PM AEST,nan,61.2,nan,nan,nan,nan,269.00,0.29,4.70,2.90,268.90,144.10
08-Aug-25 2:25:00 PM AEST,nan,61.7,18.7,nan,nan,nan,269.10,0.05,1.20,0.50,269.60,135.80
08-Aug-25 2:26:00 PM AEST,27.0,62.0,18.9,nan,nan,nan,269.00,0.15,3.50,1.50,269.00,126.60
08-Aug-25 2:27:00 PM AEST,nan,61.8,19.1,nan,nan,nan,nan,0.17,5.90,1.70,268.80,126.70
08-Aug-25 2:28:00 PM AEST,nan,62.0,nan,nan,nan,nan,337.80,0.35,7.10,3.30,337.40,133.30
08-Aug-25 2:29:00 PM AEST,26.9,61.7,nan,nan,nan,nan,286.30,0.79,13.00,5.20,277.80,141.60
08-Aug-25 2:30:00 PM AEST,nan,62.3,18.9,nan,nan,nan,320.50,1.06,17.80,10.00,320.80,147.50
08-Aug-25 2:30:04 PM AEST,26.6,nan,nan,nan,nan,nan,nan,nan,nan,nan,nan,nan
08-Aug-25 2:31:00 PM AEST,nan,62.8,18.8,nan,nan,nan,284.80,0.93,16.60,8.40,290.30,148.30
08-Aug-25 2:31:08 PM AEST,26.3,nan,nan,nan,nan,nan,nan,nan,nan,nan,nan,nan
08-Aug-25 2:32:00 PM AEST,nan,63.2,18.6,nan,nan,nan,327.70,0.72,10.60,6.70,325.20,150.80
08-Aug-25 2:33:00 PM AEST,26.2,63.7,18.7,nan,nan,nan,285.90,0.60,nan,4.20,290.80,160.00
08-Aug-25 2:34:00 PM AEST,nan,64.0,18.8,nan,nan,nan,317.30,0.39,7.10,3.90,317.10,175.00
08-Aug-25 2:34:04 PM AEST,26.3,nan,nan,nan,nan,nan,nan,nan,nan,nan,nan,nan
08-Aug-25 2:35:00 PM AEST,nan,64.3,18.9,nan,nan,nan,347.20,0.50,9.50,4.90,347.30,183.30
08-Aug-25 2:36:00 PM AEST,26.4,64.7,19.0,nan,nan,nan,262.50,0.31,4.70,2.50,255.30,180.80
08-Aug-25 2:37:00 PM AEST,nan,64.5,19.2,nan,nan,nan,310.30,0.70,10.60,4.80,321.60,182.50
08-Aug-25 2:37:04 PM AEST,26.3,nan,nan,nan,nan,nan,nan,nan,nan,nan,nan,nan
08-Aug-25 2:38:00 PM AEST,nan,64.0,nan,nan,nan,nan,284.80,0.85,14.20,7.70,280.60,210.00
08-Aug-25 2:38:08 PM AEST,26.2,nan,nan,nan,nan,nan,nan,nan,nan,nan,nan,nan
08-Aug-25 2:39:00 PM AEST,nan,nan,18.9,nan,nan,nan,330.10,0.77,10.60,7.40,333.00,247.50
08-Aug-25 2:39:12 PM AEST,26.3,nan,nan,nan,nan,nan,nan,nan,nan,nan,nan,nan
08-Aug-25 2:40:00 PM AEST,nan,64.3,18.8,nan,nan,nan,312.50,0.70,13.00,6.80,315.10,301.70
08-Aug-25 2:40:16 PM AEST,26.2,nan,nan,nan,nan,nan,nan,nan,nan,nan,nan,nan
08-Aug-25 2:41:00 PM AEST,nan,64.5,19.0,nan,nan,nan,270.60,0.72,10.60,6.50,270.40,352.40
08-Aug-25 2:41:20 PM AEST,26.3,nan,nan,nan,nan,nan,nan,nan,nan,nan,nan,nan
08-Aug-25 2:42:00 PM AEST,nan,nan,nan,nan,nan,nan,295.70,0.67,nan,5.90,290.50,260.80
08-Aug-25 2:42:24 PM AEST,26.4,nan,nan,nan,nan,nan,nan,nan,nan,nan,nan,nan
08-Aug-25 2:43:00 PM AEST,nan,64.8,nan,nan,nan,nan,299.80,0.36,5.90,3.20,295.70,242.40
08-Aug-25 2:44:00 PM AEST,nan,nan,19.2,nan,nan,nan,268.20,0.49,10.60,4.90,267.90,251.70
08-Aug-25 2:45:00 PM AEST,nan,nan,nan,nan,nan,nan,327.50,0.80,nan,7.50,330.30,262.40
08-Aug-25 2:46:00 PM AEST,nan,65.0,19.3,nan,nan,nan,308.00,0.53,nan,4.70,316.00,252.50
08-Aug-25 2:47:00 PM AEST,26.6,65.2,nan,nan,nan,nan,294.90,0.47,nan,4.50,306.00,239.20
08-Aug-25 2:48:00 PM AEST,nan,65.3,19.5,nan,nan,nan,252.10,0.60,9.50,2.70,254.00,233.30
08-Aug-25 2:48:04 PM AEST,26.5,nan,nan,nan,nan,nan,nan,nan,nan,nan,nan,nan
08-Aug-25 2:49:00 PM AEST,nan,66.0,nan,nan,nan,nan,255.90,0.33,4.70,3.20,256.70,222.50
08-Aug-25 2:49:08 PM AEST,26.6,nan,nan,nan,nan,nan,nan,nan,nan,nan,nan,nan
08-Aug-25 2:50:00 PM AEST,nan,65.5,19.7,nan,nan,nan,296.90,0.72,9.50,7.00,296.70,210.80
08-Aug-25 2:50:12 PM AEST,26.5,nan,nan,nan,nan,nan,nan,nan,nan,nan,nan,nan
08-Aug-25 2:51:00 PM AEST,nan,65.7,19.5,nan,nan,nan,287.90,0.57,8.30,5.70,287.30,209.20
08-Aug-25 2:52:00 PM AEST,nan,nan,nan,nan,nan,nan,318.20,0.51,7.10,5.10,317.90,216.70
08-Aug-25 2:53:00 PM AEST,nan,nan,nan,nan,nan,nan,309.90,0.67,9.50,6.60,309.20,223.30
08-Aug-25 2:54:00 PM AEST,26.4,65.0,nan,nan,nan,nan,284.10,0.98,14.20,9.30,282.10,235.80
08-Aug-25 2:55:00 PM AEST,nan,nan,19.3,nan,nan,nan,299.40,0.89,16.60,8.70,297.80,229.90
08-Aug-25 2:55:04 PM AEST,26.3,nan,nan,nan,nan,nan,nan,nan,nan,nan,nan,nan
08-Aug-25 2:56:00 PM AEST,nan,64.8,19.2,nan,nan,nan,333.90,1.01,17.80,9.80,334.80,209.20
08-Aug-25 2:56:08 PM AEST,26.2,nan,nan,nan,nan,nan,nan,nan,nan,nan,nan,nan
08-Aug-25 2:57:00 PM AEST,nan,65.2,19.1,nan,nan,nan,314.00,0.70,11.80,6.80,316.70,202.50
08-Aug-25 2:58:00 PM AEST,nan,nan,nan,nan,nan,nan,310.80,0.78,15.40,7.60,308.70,205.00
08-Aug-25 2:59:00 PM AEST,nan,nan,19.2,nan,nan,nan,293.20,0.98,nan,9.40,289.70,217.50
08-Aug-25 3:00:00 PM AEST,26.1,nan,19.1,nan,nan,nan,320.90,0.62,10.60,5.70,315.10,219.10
08-Aug-25 3:00:44 PM AEST,nan,nan,nan,nan,nan,0.22,nan,nan,nan,nan,nan,nan
08-Aug-25 3:01:00 PM AEST,nan,nan,nan,nan,nan,nan,271.40,0.92,11.80,8.70,271.10,220.00
08-Aug-25 3:02:00 PM AEST,26.0,65.3,19.0,nan,nan,nan,286.50,nan,14.20,8.80,285.70,234.90
08-Aug-25 3:03:00 PM AEST,nan,nan,nan,nan,nan,nan,283.60,0.82,nan,8.00,280.20,238.30
08-Aug-25 3:03:04 PM AEST,25.9,nan,nan,nan,nan,nan,nan,nan,nan,nan,nan,nan
08-Aug-25 3:04:00 PM AEST,nan,66.2,18.9,nan,nan,nan,324.40,0.59,9.50,5.10,331.50,244.20
08-Aug-25 3:04:08 PM AEST,26.0,nan,nan,nan,nan,nan,nan,nan,nan,nan,nan,nan
08-Aug-25 3:05:00 PM AEST,nan,nan,19.2,nan,nan,nan,318.70,0.92,17.80,8.50,317.70,259.10
08-Aug-25 3:06:00 PM AEST,nan,65.7,nan,nan,nan,nan,309.00,0.90,18.90,nan,311.20,269.20
08-Aug-25 3:07:00 PM AEST,25.9,65.8,19.0,nan,nan,nan,311.40,0.93,14.20,8.70,311.70,277.40
08-Aug-25 3:08:00 PM AEST,nan,66.3,nan,nan,nan,nan,304.30,0.38,7.10,3.80,304.30,302.50
08-Aug-25 3:08:04 PM AEST,26.0,nan,nan,nan,nan,nan,nan,nan,nan,nan,nan,nan
08-Aug-25 3:08:04 PM AEST,26.2,nan,nan,nan,nan,nan,nan,nan,nan,nan,nan,nan
08-Aug-25 3:09:00 PM AEST,nan,66.5,19.2,nan,nan,nan,266.40,0.53,14.20,4.80,274.30,313.30
08-Aug-25 3:09:08 PM AEST,26.1,nan,nan,nan,nan,nan,nan,nan,nan,nan,nan,nan
08-Aug-25 3:10:00 PM AEST,nan,64.7,19.4,nan,nan,nan,321.00,1.30,21.30,12.10,322.90,298.30
08-Aug-25 3:10:12 PM AEST,25.9,nan,nan,nan,nan,nan,nan,nan,nan,nan,nan,nan
08-Aug-25 3:11:00 PM AEST,nan,64.2,18.9,nan,nan,nan,314.30,1.11,17.80,10.20,310.30,292.50
08-Aug-25 3:12:00 PM AEST,nan,64.0,18.6,nan,nan,nan,286.20,0.92,13.00,8.30,289.50,280.80
08-Aug-25 3:13:00 PM AEST,26.0,64.3,18.5,nan,nan,nan,336.40,0.65,11.80,4.30,331.80,273.30
08-Aug-25 3:14:00 PM AEST,nan,64.5,18.7,nan,nan,nan,328.30,0.94,13.00,9.00,327.00,nan
08-Aug-25 3:15:00 PM AEST,nan,64.8,nan,nan,nan,nan,330.50,0.79,10.60,7.70,330.30,281.70
08-Aug-25 3:16:00 PM AEST,nan,64.5,18.9,nan,nan,nan,325.40,0.69,9.50,6.70,325.10,283.30
08-Aug-25 3:17:00 PM AEST,26.1,64.8,18.8,nan,nan,nan,319.20,0.60,nan,5.80,320.70,nan
08-Aug-25 3:18:00 PM AEST,nan,64.5,19.0,nan,nan,nan,296.80,0.65,11.80,6.20,296.00,261.70
08-Aug-25 3:18:04 PM AEST,26.2,nan,nan,nan,nan,nan,nan,nan,nan,nan,nan,nan
08-Aug-25 3:19:00 PM AEST,nan,64.3,nan,nan,nan,nan,318.90,0.48,8.30,4.60,315.80,237.40
08-Aug-25 3:19:08 PM AEST,26.3,nan,nan,nan,nan,nan,nan,nan,nan,nan,nan,nan
08-Aug-25 3:20:00 PM AEST,nan,64.5,18.9,nan,nan,nan,327.30,0.32,4.70,3.20,326.90,225.80
08-Aug-25 3:21:00 PM AEST,nan,63.8,19.1,nan,nan,nan,290.10,0.67,10.60,6.30,286.30,222.40
08-Aug-25 3:22:00 PM AEST,nan,64.0,18.9,nan,nan,nan,314.80,0.49,nan,4.60,311.40,220.00
08-Aug-25 3:23:00 PM AEST,26.2,63.7,nan,nan,nan,nan,301.80,0.86,11.80,7.60,302.40,217.50
08-Aug-25 3:24:00 PM AEST,nan,nan,18.8,nan,nan,nan,301.10,0.55,9.50,5.50,301.20,208.30
08-Aug-25 3:25:00 PM AEST,nan,nan,nan,nan,nan,nan,315.30,0.86,14.20,7.70,319.40,200.80
08-Aug-25 3:26:00 PM AEST,26.1,63.5,nan,nan,nan,nan,309.20,0.82,13.00,nan,311.30,198.30
08-Aug-25 3:27:00 PM AEST,nan,63.7,18.6,nan,nan,nan,305.50,0.90,14.20,8.80,305.50,201.70
08-Aug-25 3:27:04 PM AEST,26.0,nan,nan,nan,nan,nan,nan,nan,nan,nan,nan,nan
08-Aug-25 3:28:00 PM AEST,nan,63.8,nan,nan,nan,nan,305.20,0.74,11.80,7.10,308.90,205.00
08-Aug-25 3:28:08 PM AEST,26.1,nan,nan,nan,nan,nan,nan,nan,nan,nan,nan,nan
08-Aug-25 3:29:00 PM AEST,nan,64.0,18.7,nan,nan,nan,310.80,0.64,8.30,6.20,311.10,208.30
08-Aug-25 3:29:12 PM AEST,26.0,nan,nan,nan,nan,nan,nan,nan,nan,nan,nan,nan
08-Aug-25 3:30:00 PM AEST,nan,nan,nan,nan,nan,nan,297.50,0.82,14.20,7.80,300.10,212.50
08-Aug-25 3:31:00 PM AEST,nan,63.8,nan,nan,nan,nan,268.30,0.69,13.00,6.00,274.60,213.30
08-Aug-25 3:32:00 PM AEST,25.9,64.2,18.6,nan,nan,nan,286.70,0.96,14.20,8.90,288.80,215.00
08-Aug-25 3:33:00 PM AEST,nan,64.8,nan,nan,nan,nan,304.00,0.84,13.00,7.30,305.60,221.60
08-Aug-25 3:33:04 PM AEST,26.0,nan,nan,nan,nan,nan,nan,nan,nan,nan,nan,nan
08-Aug-25 3:34:00 PM AEST,nan,65.0,18.8,nan,nan,nan,283.90,0.89,16.60,7.40,281.50,232.50
08-Aug-25 3:34:08 PM AEST,25.9,nan,nan,nan,nan,nan,nan,nan,nan,nan,nan,nan
08-Aug-25 3:34:08 PM AEST,26.0,nan,nan,nan,nan,nan,nan,nan,nan,nan,nan,nan
08-Aug-25 3:35:00 PM AEST,nan,65.2,nan,nan,nan,nan,323.60,0.50,10.60,4.90,325.00,276.60
08-Aug-25 3:35:12 PM AEST,26.1,nan,nan,nan,nan,nan,nan,nan,nan,nan,nan,nan
08-Aug-25 3:36:00 PM AEST,nan,65.7,18.9,nan,nan,nan,315.10,nan,8.30,5.00,315.30,292.50
08-Aug-25 3:37:00 PM AEST,nan,65.5,19.2,nan,nan,nan,318.90,0.98,14.20,8.50,317.50,261.70
08-Aug-25 3:38:00 PM AEST,nan,nan,nan,nan,nan,nan,321.60,0.80,nan,7.60,319.00,239.10
08-Aug-25 3:39:00 PM AEST,nan,65.2,19.1,nan,nan,nan,320.90,0.61,9.50,5.10,319.60,231.70
08-Aug-25 3:40:00 PM AEST,nan,nan,19.0,nan,nan,nan,308.10,0.96,16.60,8.70,315.30,225.80
08-Aug-25 3:41:00 PM AEST,26.0,65.5,nan,nan,nan,nan,310.80,0.69,9.50,6.40,309.50,221.70
08-Aug-25 3:42:00 PM AEST,nan,nan,19.1,nan,nan,nan,313.60,0.49,5.90,4.30,316.20,224.20
08-Aug-25 3:42:04 PM AEST,26.1,nan,nan,nan,nan,nan,nan,nan,nan,nan,nan,nan
08-Aug-25 3:43:00 PM AEST,nan,65.8,nan,nan,nan,nan,304.50,0.64,11.80,5.40,301.00,244.90
08-Aug-25 3:43:08 PM AEST,26.2,nan,nan,nan,nan,nan,nan,nan,nan,nan,nan,nan
08-Aug-25 3:44:00 PM AEST,nan,65.5,19.3,nan,nan,nan,316.30,0.66,nan,6.00,312.50,306.70
08-Aug-25 3:45:00 PM AEST,nan,nan,19.2,nan,nan,nan,292.20,0.60,10.60,5.00,297.90,326.60
08-Aug-25 3:46:00 PM AEST,nan,65.3,nan,nan,nan,nan,306.10,1.08,16.60,9.10,300.70,509.20
08-Aug-25 3:47:00 PM AEST,26.3,65.5,nan,nan,nan,nan,314.00,0.70,9.50,6.80,312.30,464.90
08-Aug-25 3:48:00 PM AEST,nan,65.7,19.3,nan,nan,nan,330.70,0.85,14.20,8.10,334.40,399.20
08-Aug-25 3:48:04 PM AEST,26.5,nan,nan,nan,nan,nan,nan,nan,nan,nan,nan,nan
08-Aug-25 3:49:00 PM AEST,nan,65.0,19.5,nan,nan,nan,323.80,0.93,nan,7.80,325.20,309.20
08-Aug-25 3:50:00 PM AEST,nan,64.5,19.4,nan,nan,nan,311.20,1.05,15.40,9.70,313.40,322.40
08-Aug-25 3:51:00 PM AEST,nan,64.3,19.2,nan,nan,nan,302.80,0.45,7.10,4.00,297.60,333.30
08-Aug-25 3:52:00 PM AEST,nan,63.8,nan,nan,nan,nan,320.80,1.11,16.60,10.10,319.50,259.10
08-Aug-25 3:53:00 PM AEST,26.3,63.0,19.1,nan,nan,nan,296.60,1.26,21.30,11.30,294.90,338.30
08-Aug-25 3:54:00 PM AEST,nan,63.2,18.7,nan,nan,nan,326.30,1.03,15.40,9.70,322.30,453.30
08-Aug-25 3:54:04 PM AEST,26.2,nan,nan,nan,nan,nan,nan,nan,nan,nan,nan,nan
08-Aug-25 3:55:00 PM AEST,nan,63.7,18.6,nan,nan,nan,308.90,0.80,11.80,6.80,312.00,410.00
08-Aug-25 3:55:08 PM AEST,26.3,nan,nan,nan,nan,nan,nan,nan,nan,nan,nan,nan
08-Aug-25 3:56:00 PM AEST,nan,63.5,18.8,nan,nan,nan,315.10,0.95,16.60,8.50,313.50,400.00
08-Aug-25 3:57:00 PM AEST,nan,63.7,18.9,nan,nan,nan,289.70,0.83,10.60,8.00,290.20,510.80
08-Aug-25 3:58:00 PM AEST,26.6,63.8,nan,nan,nan,nan,317.80,0.51,7.10,4.80,313.90,472.50
08-Aug-25 3:59:00 PM AEST,nan,64.0,19.2,nan,nan,nan,327.60,0.47,nan,4.60,326.60,392.40
08-Aug-25 3:59:04 PM AEST,26.8,nan,nan,nan,nan,nan,nan,nan,nan,nan,nan,nan
08-Aug-25 4:00:00 PM AEST,nan,63.8,19.4,nan,nan,nan,296.60,0.66,10.60,6.30,295.10,325.80
08-Aug-25 4:00:08 PM AEST,26.9,nan,nan,nan,nan,nan,nan,nan,nan,nan,nan,nan
08-Aug-25 4:00:48 PM AEST,nan,nan,nan,nan,nan,0.15,nan,nan,nan,nan,nan,nan
08-Aug-25 4:01:00 PM AEST,nan,63.5,19.5,nan,nan,nan,313.20,0.78,nan,7.00,314.80,231.70
08-Aug-25 4:02:00 PM AEST,26.8,63.0,19.4,nan,nan,nan,303.70,0.95,13.00,8.20,302.70,229.90
08-Aug-25 4:03:00 PM AEST,nan,63.2,19.1,nan,nan,nan,323.20,0.69,9.50,6.20,323.00,227.50
08-Aug-25 4:03:04 PM AEST,26.6,nan,nan,nan,nan,nan,nan,nan,nan,nan,nan,nan
08-Aug-25 4:03:04 PM AEST,26.7,nan,nan,nan,nan,nan,nan,nan,nan,nan,nan,nan
08-Aug-25 4:04:00 PM AEST,nan,63.5,19.0,nan,nan,nan,318.70,0.71,14.20,4.50,315.40,343.30
08-Aug-25 4:04:08 PM AEST,26.5,nan,nan,nan,nan,nan,nan,nan,nan,nan,nan,nan
08-Aug-25 4:05:00 PM AEST,nan,62.8,19.2,nan,nan,nan,319.90,1.12,16.60,10.90,318.70,279.20
08-Aug-25 4:05:12 PM AEST,26.4,nan,nan,nan,nan,nan,nan,nan,nan,nan,nan,nan
08-Aug-25 4:06:00 PM AEST,nan,63.0,18.8,nan,nan,nan,325.40,0.67,15.40,6.10,331.70,409.10
08-Aug-25 4:06:16 PM AEST,26.6,nan,nan,nan,nan,nan,nan,nan,nan,nan,nan,nan
08-Aug-25 4:07:00 PM AEST,nan,nan,nan,nan,nan,nan,316.30,0.92,13.00,9.00,316.90,437.50
08-Aug-25 4:07:20 PM AEST,26.5,nan,nan,nan,nan,nan,nan,nan,nan,nan,nan,nan
08-Aug-25 4:08:00 PM AEST,nan,nan,18.9,nan,nan,nan,290.70,0.60,11.80,5.80,294.40,386.70
08-Aug-25 4:08:24 PM AEST,26.7,nan,nan,nan,nan,nan,nan,nan,nan,nan,nan,nan
08-Aug-25 4:09:00 PM AEST,nan,63.2,nan,nan,nan,nan,353.70,0.72,10.60,6.00,353.40,360.80
08-Aug-25 4:09:28 PM AEST,26.8,nan,nan,nan,nan,nan,nan,nan,nan,nan,nan,nan
08-Aug-25 4:10:00 PM AEST,nan,63.0,19.1,nan,nan,nan,353.90,0.64,11.80,5.90,353.10,321.70
08-Aug-25 4:10:32 PM AEST,26.9,nan,nan,nan,nan,nan,nan,nan,nan,nan,nan,nan
08-Aug-25 4:11:00 PM AEST,nan,nan,19.2,nan,nan,nan,343.20,1.08,16.60,9.60,340.20,402.40
08-Aug-25 4:11:36 PM AEST,27.0,nan,nan,nan,nan,nan,nan,nan,nan,nan,nan,nan
08-Aug-25 4:12:00 PM AEST,nan,62.3,19.3,nan,nan,nan,341.70,0.62,9.50,6.10,340.70,367.50
08-Aug-25 4:13:00 PM AEST,nan,62.2,19.2,nan,nan,nan,311.90,0.58,8.30,5.20,309.10,258.30
08-Aug-25 4:14:00 PM AEST,26.9,62.0,19.1,nan,nan,nan,323.30,0.86,11.80,7.80,324.20,285.80
08-Aug-25 4:15:00 PM AEST,nan,62.2,19.0,nan,nan,nan,307.30,0.53,9.50,4.80,308.40,354.20
08-Aug-25 4:16:00 PM AEST,27.1,62.7,19.1,nan,nan,nan,268.60,0.39,7.10,3.80,265.40,230.80
08-Aug-25 4:17:00 PM AEST,nan,nan,19.3,nan,nan,nan,314.70,0.67,11.80,6.40,320.20,199.20
08-Aug-25 4:17:04 PM AEST,27.0,nan,nan,nan,nan,nan,nan,nan,nan,nan,nan,nan
08-Aug-25 4:18:00 PM AEST,nan,62.0,19.4,nan,nan,nan,321.80,0.72,10.60,6.70,325.50,160.00
08-Aug-25 4:18:08 PM AEST,26.9,nan,nan,nan,nan,nan,nan,nan,nan,nan,nan,nan
08-Aug-25 4:19:00 PM AEST,nan,nan,19.1,nan,nan,nan,333.10,0.49,7.10,4.90,333.40,136.70
08-Aug-25 4:19:12 PM AEST,27.0,nan,nan,nan,nan,nan,nan,nan,nan,nan,nan,nan
08-Aug-25 4:20:00 PM AEST,nan,62.3,19.0,nan,nan,nan,320.30,0.48,8.30,4.60,315.40,183.30
08-Aug-25 4:20:16 PM AEST,26.9,nan,nan,nan,nan,nan,nan,nan,nan,nan,nan,nan
08-Aug-25 4:21:00 PM AEST,nan,61.8,19.2,nan,nan,nan,306.10,0.64,9.50,6.20,306.60,112.50
08-Aug-25 4:21:20 PM AEST,26.8,nan,nan,nan,nan,nan,nan,nan,nan,nan,nan,nan
08-Aug-25 4:22:00 PM AEST,nan,61.7,19.0,nan,nan,nan,301.10,0.49,7.10,4.80,302.00,130.00
08-Aug-25 4:23:00 PM AEST,nan,61.5,18.8,nan,nan,nan,313.00,0.51,8.30,4.70,317.30,139.10
08-Aug-25 4:24:00 PM AEST,26.7,nan,nan,nan,nan,nan,317.30,0.64,9.50,6.30,319.70,116.70
08-Aug-25 4:25:00 PM AEST,nan,nan,18.7,nan,nan,nan,311.10,0.63,10.60,6.10,313.10,222.50
08-Aug-25 4:25:04 PM AEST,26.6,nan,nan,nan,nan,nan,nan,nan,nan,nan,nan,nan
08-Aug-25 4:26:00 PM AEST,nan,61.7,18.6,nan,nan,nan,305.70,0.65,nan,6.40,305.80,245.80
08-Aug-25 4:26:08 PM AEST,26.5,nan,nan,nan,nan,nan,nan,nan,nan,nan,nan,nan
08-Aug-25 4:27:00 PM AEST,nan,61.8,18.5,nan,nan,nan,301.20,0.95,15.40,9.10,303.20,295.80
08-Aug-25 4:27:12 PM AEST,26.4,nan,nan,nan,nan,nan,nan,nan,nan,nan,nan,nan
08-Aug-25 4:28:00 PM AEST,nan,62.0,18.6,nan,nan,nan,264.80,0.56,11.80,5.10,269.60,302.40
08-Aug-25 4:29:00 PM AEST,26.6,62.7,18.5,nan,nan,nan,263.70,0.42,5.90,3.00,266.50,296.70
08-Aug-25 4:30:00 PM AEST,nan,62.8,18.9,nan,nan,nan,223.70,0.37,nan,2.40,237.00,256.60
08-Aug-25 4:30:04 PM AEST,26.8,nan,nan,nan,nan,nan,nan,nan,nan,nan,nan,nan
08-Aug-25 4:31:00 PM AEST,nan,62.7,19.1,nan,nan,nan,305.60,0.50,7.10,4.90,305.00,113.30
08-Aug-25 4:32:00 PM AEST,nan,nan,nan,nan,nan,nan,311.60,0.41,10.60,4.10,312.40,87.50
08-Aug-25 4:33:00 PM AEST,26.7,62.3,nan,nan,nan,nan,310.40,0.76,nan,7.30,307.30,143.30
08-Aug-25 4:34:00 PM AEST,nan,62.2,18.9,nan,nan,nan,287.70,0.58,8.30,5.60,285.80,85.00
08-Aug-25 4:34:04 PM AEST,26.6,nan,nan,nan,nan,nan,nan,nan,nan,nan,nan,nan
08-Aug-25 4:35:00 PM AEST,nan,62.7,18.7,nan,nan,nan,315.60,0.54,9.50,5.20,316.40,84.10
08-Aug-25 4:35:08 PM AEST,26.4,nan,nan,nan,nan,nan,nan,nan,nan,nan,nan,nan
08-Aug-25 4:36:00 PM AEST,nan,nan,18.9,nan,nan,nan,309.90,0.65,10.60,6.00,313.50,93.30
08-Aug-25 4:37:00 PM AEST,nan,nan,18.7,nan,nan,nan,291.00,0.38,5.90,3.80,291.70,106.70
08-Aug-25 4:38:00 PM AEST,nan,63.3,nan,nan,nan,nan,287.70,0.33,nan,3.30,288.30,140.00
08-Aug-25 4:39:00 PM AEST,nan,63.7,18.9,nan,nan,nan,295.10,0.57,11.80,5.70,295.00,221.70
08-Aug-25 4:40:00 PM AEST,26.3,63.2,nan,nan,nan,nan,312.80,0.61,nan,6.00,312.20,254.10
08-Aug-25 4:41:00 PM AEST,nan,63.5,18.8,nan,nan,nan,313.50,0.50,8.30,4.90,313.80,248.30
08-Aug-25 4:41:04 PM AEST,26.4,nan,nan,nan,nan,nan,nan,nan,nan,nan,nan,nan
08-Aug-25 4:42:00 PM AEST,nan,63.7,18.9,nan,nan,nan,313.90,0.28,5.90,2.80,313.60,215.00
08-Aug-25 4:42:08 PM AEST,26.6,nan,nan,nan,nan,nan,nan,nan,nan,nan,nan,nan
08-Aug-25 4:43:00 PM AEST,nan,63.8,19.1,nan,nan,nan,264.90,0.49,8.30,4.40,272.00,180.00
08-Aug-25 4:43:12 PM AEST,26.8,nan,nan,nan,nan,nan,nan,nan,nan,nan,nan,nan
08-Aug-25 4:44:00 PM AEST,nan,63.0,19.3,nan,nan,nan,312.30,0.95,14.20,8.60,313.00,158.30
08-Aug-25 4:44:16 PM AEST,26.6,nan,nan,nan,nan,nan,nan,nan,nan,nan,nan,nan
08-Aug-25 4:44:16 PM AEST,26.4,nan,nan,nan,nan,nan,nan,nan,nan,nan,nan,nan
08-Aug-25 4:45:00 PM AEST,nan,62.7,19.0,nan,nan,nan,319.10,0.73,10.60,7.00,319.10,143.30
08-Aug-25 4:46:00 PM AEST,nan,62.8,18.7,nan,nan,nan,293.70,0.50,7.10,4.90,292.80,154.20
08-Aug-25 4:47:00 PM AEST,26.3,63.2,nan,nan,nan,nan,306.90,0.82,15.40,7.60,313.90,107.50
08-Aug-25 4:48:00 PM AEST,nan,63.0,18.8,nan,nan,nan,314.60,0.89,nan,8.60,319.20,146.70
08-Aug-25 4:48:04 PM AEST,26.2,nan,nan,nan,nan,nan,nan,nan,nan,nan,nan,nan
08-Aug-25 4:48:04 PM AEST,26.1,nan,nan,nan,nan,nan,nan,nan,nan,nan,nan,nan
08-Aug-25 4:49:00 PM AEST,nan,63.7,18.6,nan,nan,nan,277.40,0.73,10.60,7.20,277.60,189.20
08-Aug-25 4:50:00 PM AEST,nan,64.8,18.7,nan,nan,nan,283.10,0.63,8.30,6.00,283.00,137.50
08-Aug-25 4:51:00 PM AEST,nan,65.8,18.9,nan,nan,nan,244.60,0.47,7.10,4.50,247.30,100.00
08-Aug-25 4:52:00 PM AEST,26.0,66.8,19.2,nan,nan,nan,282.80,0.73,13.00,7.10,283.90,94.10
08-Aug-25 4:53:00 PM AEST,nan,67.3,19.3,nan,nan,nan,297.10,0.41,5.90,4.00,299.10,99.20
08-Aug-25 4:53:04 PM AEST,25.9,nan,nan,nan,nan,nan,nan,nan,nan,nan,nan,nan
08-Aug-25 4:54:00 PM AEST,nan,68.0,nan,nan,nan,nan,307.00,0.17,3.50,1.70,307.00,105.80
08-Aug-25 4:54:08 PM AEST,26.0,nan,nan,nan,nan,nan,nan,nan,nan,nan,nan,nan
08-Aug-25 4:55:00 PM AEST,nan,68.5,19.6,nan,nan,nan,312.30,0.43,8.30,4.00,314.40,108.30
08-Aug-25 4:55:12 PM AEST,25.8,nan,nan,nan,nan,nan,nan,nan,nan,nan,nan,nan
08-Aug-25 4:56:00 PM AEST,nan,68.7,19.8,nan,nan,nan,285.10,0.57,nan,5.40,285.20,106.70
08-Aug-25 4:56:16 PM AEST,25.7,nan,nan,nan,nan,nan,nan,nan,nan,nan,nan,nan
08-Aug-25 4:57:00 PM AEST,nan,69.2,19.6,nan,nan,nan,290.70,0.40,nan,3.90,292.80,95.80
08-Aug-25 4:57:20 PM AEST,25.6,nan,nan,nan,nan,nan,nan,nan,nan,nan,nan,nan
08-Aug-25 4:58:00 PM AEST,nan,69.7,nan,nan,nan,nan,312.70,0.82,10.60,7.60,313.00,88.30
08-Aug-25 4:58:24 PM AEST,25.4,nan,nan,nan,nan,nan,nan,nan,nan,nan,nan,nan
08-Aug-25 4:59:00 PM AEST,nan,69.8,nan,nan,nan,nan,303.80,0.39,8.30,3.30,306.70,76.60
08-Aug-25 5:00:00 PM AEST,nan,70.2,19.5,nan,nan,nan,322.60,0.51,nan,4.20,330.30,65.80
08-Aug-25 5:00:52 PM AEST,nan,nan,nan,nan,nan,0.02,nan,nan,nan,nan,nan,nan
08-Aug-25 5:01:00 PM AEST,25.3,70.5,19.6,nan,nan,nan,221.70,0.38,7.10,2.50,224.00,62.50
08-Aug-25 5:02:00 PM AEST,nan,nan,nan,nan,nan,nan,299.90,0.71,9.50,7.00,301.10,58.30
08-Aug-25 5:02:04 PM AEST,25.2,nan,nan,nan,nan,nan,nan,nan,nan,nan,nan,nan
08-Aug-25 5:02:04 PM AEST,25.1,nan,nan,nan,nan,nan,nan,nan,nan,nan,nan,nan
08-Aug-25 5:03:00 PM AEST,nan,70.7,19.5,nan,nan,nan,299.00,0.41,5.90,4.10,299.00,54.20
08-Aug-25 5:04:00 PM AEST,nan,71.0,19.4,nan,nan,nan,310.40,0.33,nan,3.10,313.20,51.60
08-Aug-25 5:05:00 PM AEST,nan,71.2,19.5,nan,nan,nan,306.60,0.28,nan,2.80,306.60,50.00
08-Aug-25 5:06:00 PM AEST,nan,71.3,nan,nan,nan,nan,306.80,nan,nan,nan,307.00,nan
08-Aug-25 5:07:00 PM AEST,25.0,nan,19.6,nan,nan,nan,318.20,0.70,9.50,6.80,319.70,53.30
08-Aug-25 5:08:00 PM AEST,nan,71.5,19.5,nan,nan,nan,281.60,0.40,7.10,3.40,283.50,55.00
08-Aug-25 5:08:04 PM AEST,24.9,nan,nan,nan,nan,nan,nan,nan,nan,nan,nan,nan
08-Aug-25 5:09:00 PM AEST,nan,71.7,19.4,nan,nan,nan,215.00,0.19,4.70,1.90,215.10,52.50
08-Aug-25 5:09:08 PM AEST,25.0,nan,nan,nan,nan,nan,nan,nan,nan,nan,nan,nan
08-Aug-25 5:10:00 PM AEST,nan,71.8,19.5,nan,nan,nan,251.90,0.41,8.30,3.60,269.20,50.00
08-Aug-25 5:10:12 PM AEST,24.8,nan,nan,nan,nan,nan,nan,nan,nan,nan,nan,nan
08-Aug-25 5:11:00 PM AEST,nan,72.0,nan,nan,nan,nan,314.40,0.67,10.60,6.50,315.30,48.30
08-Aug-25 5:12:00 PM AEST,nan,72.3,19.4,nan,nan,nan,308.90,0.18,3.50,1.80,309.10,47.50
08-Aug-25 5:13:00 PM AEST,24.9,72.5,19.5,nan,nan,nan,294.40,0.14,nan,1.00,280.20,45.80
08-Aug-25 5:14:00 PM AEST,nan,72.7,19.6,nan,nan,nan,251.30,0.49,9.50,4.60,261.60,45.00
08-Aug-25 5:14:04 PM AEST,24.8,nan,nan,nan,nan,nan,nan,nan,nan,nan,nan,nan
08-Aug-25 5:15:00 PM AEST,nan,72.8,nan,nan,nan,nan,291.20,0.57,10.60,5.70,291.00,41.70
08-Aug-25 5:15:08 PM AEST,24.6,nan,nan,nan,nan,nan,nan,nan,nan,nan,nan,nan
08-Aug-25 5:16:00 PM AEST,nan,nan,19.4,nan,nan,nan,280.00,0.36,4.70,3.60,279.50,39.10
08-Aug-25 5:16:12 PM AEST,24.5,nan,nan,nan,nan,nan,nan,nan,nan,nan,nan,nan
08-Aug-25 5:17:00 PM AEST,nan,73.0,nan,nan,nan,nan,262.30,0.35,nan,3.50,262.30,36.70
08-Aug-25 5:18:00 PM AEST,nan,nan,nan,nan,nan,nan,249.90,0.48,7.10,4.80,248.30,35.00
08-Aug-25 5:19:00 PM AEST,nan,73.3,nan,nan,nan,nan,273.80,0.32,4.70,2.90,278.40,34.20
08-Aug-25 5:20:00 PM AEST,nan,nan,nan,nan,nan,nan,289.80,0.43,7.10,4.20,289.70,35.00
08-Aug-25 5:21:00 PM AEST,nan,nan,nan,nan,nan,nan,264.40,0.13,3.50,1.00,242.00,32.50
08-Aug-25 5:22:00 PM AEST,nan,nan,nan,nan,nan,nan,200.20,0.19,nan,2.00,200.10,29.20
08-Aug-25 5:23:00 PM AEST,nan,73.2,nan,nan,nan,nan,200.30,0.22,nan,2.20,200.20,25.00
08-Aug-25 5:24:00 PM AEST,nan,73.3,nan,nan,nan,nan,234.80,0.27,4.70,2.40,241.30,22.50
08-Aug-25 5:25:00 PM AEST,24.4,73.2,nan,nan,nan,nan,255.70,0.15,3.50,1.50,255.70,20.00
08-Aug-25 5:26:00 PM AEST,nan,nan,19.3,nan,nan,nan,255.80,0.00,0.00,0.00,0.00,19.20
08-Aug-25 5:26:04 PM AEST,24.5,nan,nan,nan,nan,nan,nan,nan,nan,nan,nan,nan
08-Aug-25 5:27:00 PM AEST,nan,nan,19.4,nan,nan,nan,255.70,nan,1.20,nan,nan,18.30
08-Aug-25 5:28:00 PM AEST,nan,73.0,nan,nan,nan,nan,288.30,0.37,5.90,3.20,295.10,nan
08-Aug-25 5:29:00 PM AEST,24.4,72.7,19.3,nan,nan,nan,317.80,0.26,3.50,2.60,317.80,nan
08-Aug-25 5:30:00 PM AEST,nan,nan,19.2,nan,nan,nan,317.90,0.08,2.40,0.80,nan,17.50
08-Aug-25 5:31:00 PM AEST,nan,nan,nan,nan,nan,nan,317.80,nan,nan,nan,318.00,16.70
08-Aug-25 5:32:00 PM AEST,nan,72.8,nan,nan,nan,nan,nan,0.04,nan,0.40,318.30,16.60
08-Aug-25 5:33:00 PM AEST,24.3,73.0,nan,nan,nan,nan,nan,0.12,nan,1.20,317.70,15.80
08-Aug-25 5:34:00 PM AEST,nan,72.8,nan,nan,nan,nan,317.90,0.10,nan,1.00,nan,15.00
08-Aug-25 5:35:00 PM AEST,nan,72.5,19.1,nan,nan,nan,336.70,0.46,8.30,4.10,347.00,nan
08-Aug-25 5:36:00 PM AEST,24.1,72.3,19.0,nan,nan,nan,339.70,nan,nan,4.50,341.00,nan
08-Aug-25 5:37:00 PM AEST,nan,71.8,18.8,nan,nan,nan,306.00,0.57,7.10,5.20,307.10,14.10
08-Aug-25 5:38:00 PM AEST,nan,71.7,18.7,nan,nan,nan,345.80,0.31,3.50,3.10,345.80,13.30
08-Aug-25 5:39:00 PM AEST,nan,nan,18.6,nan,nan,nan,345.70,0.19,nan,2.00,nan,nan
08-Aug-25 5:40:00 PM AEST,nan,71.8,18.7,nan,nan,nan,345.80,0.22,nan,2.20,nan,11.60
08-Aug-25 5:41:00 PM AEST,24.0,72.8,nan,nan,nan,nan,345.70,0.18,nan,1.80,345.90,12.50
08-Aug-25 5:42:00 PM AEST,nan,73.2,18.8,nan,nan,nan,345.80,0.24,nan,2.40,345.80,11.70
08-Aug-25 5:42:04 PM AEST,23.9,nan,nan,nan,nan,nan,nan,nan,nan,nan,nan,nan
08-Aug-25 5:43:00 PM AEST,nan,nan,nan,nan,nan,nan,357.50,0.26,nan,2.50,359.90,12.50
08-Aug-25 5:44:00 PM AEST,23.8,nan,nan,nan,nan,nan,1.80,0.36,4.70,3.50,1.80,11.60
08-Aug-25 5:45:00 PM AEST,nan,73.3,18.7,nan,nan,nan,nan,0.28,nan,2.80,1.70,10.80
08-Aug-25 5:45:04 PM AEST,23.7,nan,nan,nan,nan,nan,nan,nan,nan,nan,nan,nan
08-Aug-25 5:46:00 PM AEST,nan,73.8,nan,nan,nan,nan,nan,0.23,3.50,2.30,1.80,nan
08-Aug-25 5:46:08 PM AEST,23.6,nan,nan,nan,nan,nan,nan,nan,nan,nan,nan,nan
08-Aug-25 5:47:00 PM AEST,nan,74.2,nan,nan,nan,nan,1.70,0.25,nan,2.50,1.60,nan
08-Aug-25 5:47:12 PM AEST,23.5,nan,nan,nan,nan,nan,nan,nan,nan,nan,nan,nan
08-Aug-25 5:48:00 PM AEST,nan,74.7,nan,nan,nan,nan,1.80,0.22,4.70,2.20,1.70,10.00
08-Aug-25 5:48:16 PM AEST,23.4,nan,nan,nan,nan,nan,nan,nan,nan,nan,nan,nan
08-Aug-25 5:49:00 PM AEST,nan,nan,18.8,nan,nan,nan,nan,0.24,3.50,2.40,1.80,nan
08-Aug-25 5:50:00 PM AEST,nan,74.8,18.7,nan,nan,nan,2.10,0.28,4.70,2.80,2.20,9.20
08-Aug-25 5:51:00 PM AEST,23.3,75.3,nan,nan,nan,nan,2.30,0.17,3.50,1.70,2.30,9.10
08-Aug-25 5:52:00 PM AEST,nan,75.8,nan,nan,nan,nan,nan,0.22,nan,2.20,2.20,8.30
08-Aug-25 5:52:04 PM AEST,23.2,nan,nan,nan,nan,nan,nan,nan,nan,nan,nan,nan
08-Aug-25 5:53:00 PM AEST,nan,76.3,nan,nan,nan,nan,nan,0.20,2.40,2.00,2.40,nan
08-Aug-25 5:53:08 PM AEST,23.1,nan,nan,nan,nan,nan,nan,nan,nan,nan,nan,nan
08-Aug-25 5:54:00 PM AEST,nan,76.5,nan,nan,nan,nan,nan,0.01,1.20,0.10,0.00,7.50
08-Aug-25 5:54:12 PM AEST,23.0,nan,nan,nan,nan,nan,nan,nan,nan,nan,nan,nan
08-Aug-25 5:55:00 PM AEST,nan,76.8,nan,nan,nan,nan,nan,0.00,0.00,0.00,nan,6.60
08-Aug-25 5:55:16 PM AEST,22.9,nan,nan,nan,nan,nan,nan,nan,nan,nan,nan,nan
08-Aug-25 5:56:00 PM AEST,nan,nan,nan,nan,nan,nan,nan,nan,nan,nan,nan,5.80
08-Aug-25 5:56:20 PM AEST,22.8,nan,nan,nan,nan,nan,nan,nan,nan,nan,nan,nan
08-Aug-25 5:57:00 PM AEST,nan,77.2,18.6,nan,nan,nan,nan,nan,nan,nan,nan,5.00
08-Aug-25 5:57:24 PM AEST,22.9,nan,nan,nan,nan,nan,nan,nan,nan,nan,nan,nan
08-Aug-25 5:58:28 PM AEST,22.8,nan,nan,nan,nan,nan,nan,nan,nan,nan,nan,nan
08-Aug-25 5:59:00 PM AEST,nan,77.3,18.7,nan,nan,nan,nan,nan,nan,nan,nan,nan
08-Aug-25 5:59:32 PM AEST,22.9,nan,nan,nan,nan,nan,nan,nan,nan,nan,nan,nan
08-Aug-25 6:00:00 PM AEST,nan,77.2,nan,nan,nan,nan,nan,nan,nan,nan,nan,4.10
08-Aug-25 6:00:36 PM AEST,22.8,nan,nan,nan,nan,nan,nan,nan,nan,nan,nan,nan
08-Aug-25 6:00:56 PM AEST,nan,nan,nan,nan,nan,65.53,nan,nan,nan,nan,nan,nan
08-Aug-25 6:01:00 PM AEST,nan,77.5,18.6,nan,nan,nan,nan,0.01,1.20,0.10,1.70,5.00
08-Aug-25 6:02:00 PM AEST,nan,77.8,18.7,nan,nan,nan,nan,0.00,0.00,0.00,0.00,3.30
08-Aug-25 6:03:00 PM AEST,22.7,78.0,nan,nan,nan,nan,nan,nan,nan,nan,nan,2.50
08-Aug-25 6:04:00 PM AEST,nan,nan,nan,nan,nan,nan,nan,nan,nan,nan,nan,1.60
08-Aug-25 6:04:04 PM AEST,22.6,nan,nan,nan,nan,nan,nan,nan,nan,nan,nan,nan
08-Aug-25 6:05:00 PM AEST,nan,78.3,18.6,nan,nan,nan,nan,nan,nan,nan,nan,1.70
08-Aug-25 6:05:08 PM AEST,22.5,nan,nan,nan,nan,nan,nan,nan,nan,nan,nan,nan
08-Aug-25 6:06:12 PM AEST,22.4,nan,nan,nan,nan,nan,nan,nan,nan,nan,nan,nan
08-Aug-25 6:07:00 PM AEST,nan,nan,18.5,nan,nan,nan,nan,nan,nan,nan,nan,0.80
08-Aug-25 6:07:16 PM AEST,22.3,nan,nan,nan,nan,nan,nan,nan,nan,nan,nan,nan
08-Aug-25 6:08:00 PM AEST,nan,78.7,nan,nan,nan,nan,nan,nan,nan,nan,nan,nan
08-Aug-25 6:09:00 PM AEST,nan,78.8,18.4,nan,nan,nan,nan,nan,nan,nan,nan,nan
08-Aug-25 6:10:00 PM AEST,nan,79.2,nan,nan,nan,nan,nan,nan,nan,nan,nan,nan
08-Aug-25 6:11:00 PM AEST,22.2,nan,18.5,nan,nan,nan,nan,nan,nan,nan,nan,0.00
08-Aug-25 6:12:00 PM AEST,nan,79.5,18.4,nan,nan,nan,nan,nan,nan,nan,nan,nan
08-Aug-25 6:12:04 PM AEST,22.1,nan,nan,nan,nan,nan,nan,nan,nan,nan,nan,nan
08-Aug-25 6:14:00 PM AEST,nan,79.7,nan,nan,nan,nan,nan,nan,nan,nan,nan,nan
08-Aug-25 6:15:00 PM AEST,22.0,79.8,nan,nan,nan,nan,nan,nan,nan,nan,nan,nan
08-Aug-25 6:16:00 PM AEST,nan,80.0,nan,nan,nan,nan,nan,nan,nan,nan,nan,nan
08-Aug-25 6:16:04 PM AEST,21.9,nan,nan,nan,nan,nan,nan,nan,nan,nan,nan,nan
08-Aug-25 6:17:00 PM AEST,nan,80.3,18.3,nan,nan,nan,nan,nan,nan,nan,nan,nan
08-Aug-25 6:17:08 PM AEST,21.8,nan,nan,nan,nan,nan,nan,nan,nan,nan,nan,nan
08-Aug-25 6:18:00 PM AEST,nan,80.2,nan,nan,nan,nan,nan,nan,nan,nan,nan,nan
08-Aug-25 6:19:00 PM AEST,nan,80.5,nan,nan,nan,nan,nan,nan,nan,nan,nan,nan
08-Aug-25 6:20:00 PM AEST,21.7,nan,nan,nan,nan,nan,2.20,nan,nan,nan,nan,nan
08-Aug-25 6:21:00 PM AEST,nan,nan,18.2,nan,nan,nan,2.30,nan,nan,nan,nan,nan
08-Aug-25 6:22:00 PM AEST,nan,80.8,nan,nan,nan,nan,nan,nan,nan,nan,nan,nan
08-Aug-25 6:23:00 PM AEST,21.6,81.0,nan,nan,nan,nan,nan,nan,1.20,nan,nan,nan
08-Aug-25 6:24:00 PM AEST,nan,nan,nan,nan,nan,nan,nan,0.01,nan,0.10,nan,nan
08-Aug-25 6:25:00 PM AEST,nan,nan,nan,nan,nan,nan,nan,0.00,0.00,0.00,nan,nan
08-Aug-25 6:26:00 PM AEST,nan,81.3,nan,nan,nan,nan,nan,nan,nan,nan,nan,nan
08-Aug-25 6:28:00 PM AEST,nan,81.2,nan,nan,nan,nan,nan,nan,nan,nan,nan,nan
08-Aug-25 6:29:00 PM AEST,nan,81.3,nan,nan,nan,nan,nan,nan,nan,nan,nan,nan
08-Aug-25 6:30:00 PM AEST,21.5,81.5,nan,nan,nan,nan,nan,0.01,1.20,0.10,nan,nan
08-Aug-25 6:31:00 PM AEST,nan,nan,nan,nan,nan,nan,nan,0.00,0.00,0.00,nan,nan
08-Aug-25 6:32:00 PM AEST,nan,nan,nan,nan,nan,nan,nan,nan,nan,nan,nan,0.80
08-Aug-25 6:33:00 PM AEST,nan,nan,nan,nan,nan,nan,nan,nan,nan,nan,nan,0.00
08-Aug-25 6:34:00 PM AEST,nan,81.7,nan,nan,nan,nan,nan,0.01,1.20,0.10,nan,nan
08-Aug-25 6:35:00 PM AEST,21.4,nan,nan,nan,nan,nan,nan,0.00,0.00,0.00,nan,nan
08-Aug-25 6:36:04 PM AEST,21.5,nan,nan,nan,nan,nan,nan,nan,nan,nan,nan,nan
08-Aug-25 6:37:00 PM AEST,nan,81.8,nan,nan,nan,nan,nan,0.01,1.20,0.10,nan,nan
08-Aug-25 6:37:08 PM AEST,21.4,nan,nan,nan,nan,nan,nan,nan,nan,nan,nan,nan
08-Aug-25 6:38:00 PM AEST,nan,82.0,nan,nan,nan,nan,nan,0.00,0.00,0.00,nan,nan
08-Aug-25 6:40:00 PM AEST,21.3,82.3,nan,nan,nan,nan,nan,0.12,3.50,1.20,2.20,nan
08-Aug-25 6:41:00 PM AEST,nan,82.2,nan,nan,nan,nan,17.20,0.27,4.70,2.70,16.90,nan
08-Aug-25 6:42:00 PM AEST,21.4,82.3,nan,nan,nan,nan,18.40,0.00,0.00,0.00,0.00,nan
08-Aug-25 6:43:00 PM AEST,nan,82.2,nan,nan,nan,nan,18.20,nan,nan,nan,nan,nan
08-Aug-25 6:43:04 PM AEST,21.3,nan,nan,nan,nan,nan,nan,nan,nan,nan,nan,nan
08-Aug-25 6:44:00 PM AEST,nan,82.3,nan,nan,nan,nan,nan,nan,nan,nan,nan,nan
08-Aug-25 6:45:00 PM AEST,nan,82.5,nan,nan,nan,nan,18.30,nan,nan,nan,nan,nan
08-Aug-25 6:47:00 PM AEST,21.2,82.7,nan,nan,nan,nan,18.20,nan,nan,nan,nan,nan
08-Aug-25 6:48:00 PM AEST,nan,82.8,nan,nan,nan,nan,18.30,0.05,2.40,0.50,18.00,nan
08-Aug-25 6:49:00 PM AEST,21.1,83.0,18.1,nan,nan,nan,18.20,0.24,3.50,2.40,18.20,nan
08-Aug-25 6:50:00 PM AEST,nan,nan,nan,nan,nan,nan,18.30,0.15,nan,1.50,nan,nan
08-Aug-25 6:50:04 PM AEST,21.0,nan,nan,nan,nan,nan,nan,nan,nan,nan,nan,nan
08-Aug-25 6:51:00 PM AEST,nan,83.3,18.0,nan,nan,nan,18.20,0.09,1.20,0.90,nan,nan
08-Aug-25 6:52:00 PM AEST,nan,83.7,18.1,nan,nan,nan,nan,0.12,2.40,1.20,nan,nan
08-Aug-25 6:53:00 PM AEST,nan,nan,nan,nan,nan,nan,18.30,0.11,nan,1.10,18.30,nan
08-Aug-25 6:54:00 PM AEST,20.9,83.8,nan,nan,nan,nan,18.20,0.01,1.20,0.10,17.90,nan
08-Aug-25 6:55:00 PM AEST,nan,84.0,nan,nan,nan,nan,18.40,nan,nan,nan,18.40,nan
08-Aug-25 6:56:00 PM AEST,nan,nan,nan,nan,nan,nan,18.30,0.00,0.00,0.00,0.00,nan
08-Aug-25 6:57:00 PM AEST,nan,84.2,nan,nan,nan,nan,18.20,0.01,1.20,0.10,14.90,nan
08-Aug-25 6:58:00 PM AEST,20.8,84.3,nan,nan,nan,nan,18.30,nan,nan,nan,18.40,nan
08-Aug-25 7:00:00 PM AEST,20.7,84.5,18.0,nan,nan,nan,18.20,0.00,0.00,0.00,0.00,nan
08-Aug-25 7:01:00 PM AEST,nan,84.7,nan,nan,nan,65.53,18.40,nan,nan,nan,nan,nan
08-Aug-25 7:02:00 PM AEST,20.6,84.8,18.1,nan,nan,nan,18.20,nan,nan,nan,nan,nan
08-Aug-25 7:03:00 PM AEST,nan,85.0,18.0,nan,nan,nan,18.30,0.01,1.20,0.10,18.40,nan
08-Aug-25 7:04:00 PM AEST,nan,nan,nan,nan,nan,nan,nan,0.00,0.00,0.00,0.00,nan
08-Aug-25 7:05:00 PM AEST,nan,85.2,nan,nan,nan,nan,18.20,nan,nan,nan,nan,nan
08-Aug-25 7:06:00 PM AEST,nan,85.0,nan,nan,nan,nan,18.30,nan,nan,nan,nan,nan
08-Aug-25 7:07:00 PM AEST,20.5,85.2,nan,nan,nan,nan,18.40,nan,nan,nan,nan,nan
08-Aug-25 7:08:00 PM AEST,nan,85.3,17.9,nan,nan,nan,18.20,nan,nan,nan,nan,nan
08-Aug-25 7:09:00 PM AEST,nan,85.7,18.0,nan,nan,nan,18.30,nan,nan,nan,nan,nan
08-Aug-25 7:10:00 PM AEST,20.4,85.5,nan,nan,nan,nan,18.20,nan,nan,nan,nan,0.80
08-Aug-25 7:11:00 PM AEST,nan,85.7,17.9,nan,nan,nan,18.30,nan,nan,nan,nan,0.00
08-Aug-25 7:13:00 PM AEST,nan,nan,nan,nan,nan,nan,18.20,nan,nan,nan,nan,nan
08-Aug-25 7:14:00 PM AEST,20.3,nan,nan,nan,nan,nan,nan,nan,nan,nan,nan,nan
08-Aug-25 7:15:00 PM AEST,nan,85.5,17.8,nan,nan,nan,nan,nan,nan,nan,nan,nan
08-Aug-25 7:16:00 PM AEST,nan,85.7,nan,nan,nan,nan,18.30,nan,nan,nan,nan,nan
08-Aug-25 7:17:00 PM AEST,nan,85.8,nan,nan,nan,nan,18.20,nan,nan,nan,nan,nan
08-Aug-25 7:18:00 PM AEST,20.2,nan,nan,nan,nan,nan,18.30,0.01,1.20,0.10,18.40,nan
08-Aug-25 7:19:00 PM AEST,nan,nan,nan,nan,nan,nan,18.20,0.00,0.00,0.00,0.00,nan
08-Aug-25 7:20:00 PM AEST,nan,86.0,nan,nan,nan,nan,nan,0.04,1.20,0.40,18.10,nan
08-Aug-25 7:21:00 PM AEST,nan,nan,17.7,nan,nan,nan,18.40,0.00,0.00,0.00,0.00,nan
08-Aug-25 7:22:00 PM AEST,nan,86.2,nan,nan,nan,nan,18.20,nan,nan,nan,nan,nan
08-Aug-25 7:23:00 PM AEST,20.1,86.3,17.8,nan,nan,nan,18.30,0.01,1.20,0.10,14.90,nan
08-Aug-25 7:24:00 PM AEST,nan,86.5,nan,nan,nan,nan,nan,0.18,3.50,1.80,18.20,nan
08-Aug-25 7:25:00 PM AEST,20.0,nan,nan,nan,nan,nan,18.20,0.08,2.40,0.80,18.40,nan
08-Aug-25 7:26:00 PM AEST,nan,86.7,17.7,nan,nan,nan,18.30,0.17,3.50,1.70,18.20,nan
08-Aug-25 7:27:00 PM AEST,nan,86.5,nan,nan,nan,nan,nan,0.16,2.40,1.60,18.30,nan
08-Aug-25 7:28:00 PM AEST,nan,86.7,nan,nan,nan,nan,nan,0.18,3.50,1.80,nan,nan
08-Aug-25 7:29:00 PM AEST,nan,nan,nan,nan,nan,nan,18.20,0.06,2.40,0.60,17.90,nan
08-Aug-25 7:30:00 PM AEST,nan,nan,nan,nan,nan,nan,18.30,0.00,0.00,0.00,0.00,nan
08-Aug-25 7:31:00 PM AEST,nan,86.8,nan,nan,nan,nan,nan,nan,nan,nan,nan,nan
08-Aug-25 7:32:00 PM AEST,nan,86.7,nan,nan,nan,nan,18.20,nan,nan,nan,nan,nan
08-Aug-25 7:33:00 PM AEST,nan,nan,nan,nan,nan,nan,18.30,0.29,5.90,2.90,18.30,nan
08-Aug-25 7:34:00 PM AEST,20.1,86.8,nan,nan,nan,nan,18.20,0.06,2.40,0.60,18.20,nan
08-Aug-25 7:35:00 PM AEST,nan,nan,17.8,nan,nan,nan,18.40,0.17,nan,1.70,18.40,nan
08-Aug-25 7:36:00 PM AEST,nan,nan,nan,nan,nan,nan,18.30,0.00,0.00,0.00,0.00,nan
08-Aug-25 7:37:00 PM AEST,nan,nan,nan,nan,nan,nan,15.10,0.29,5.90,2.80,17.80,nan
08-Aug-25 7:38:00 PM AEST,nan,nan,nan,nan,nan,nan,5.50,0.12,2.40,1.20,5.40,nan
08-Aug-25 7:39:00 PM AEST,20.2,nan,17.9,nan,nan,nan,5.40,0.01,1.20,0.10,5.20,nan
08-Aug-25 7:40:00 PM AEST,nan,nan,nan,nan,nan,nan,5.50,nan,nan,nan,3.60,nan
08-Aug-25 7:41:00 PM AEST,nan,86.7,nan,nan,nan,nan,nan,0.00,0.00,0.00,0.00,nan
08-Aug-25 7:42:00 PM AEST,nan,86.5,nan,nan,nan,nan,5.40,nan,nan,nan,nan,nan
08-Aug-25 7:43:00 PM AEST,20.1,86.7,17.8,nan,nan,nan,nan,0.08,2.40,0.80,5.30,nan
08-Aug-25 7:44:00 PM AEST,nan,86.5,nan,nan,nan,nan,5.50,0.02,1.20,0.20,5.20,nan
08-Aug-25 7:45:00 PM AEST,nan,86.7,nan,nan,nan,nan,nan,0.01,nan,0.10,3.60,0.80
08-Aug-25 7:46:00 PM AEST,nan,nan,nan,nan,nan,nan,nan,0.00,0.00,0.00,0.00,0.00
08-Aug-25 7:47:00 PM AEST,20.0,86.5,nan,nan,nan,nan,nan,nan,nan,nan,nan,nan
08-Aug-25 7:48:00 PM AEST,nan,86.7,17.7,nan,nan,nan,5.40,nan,nan,nan,nan,nan
08-Aug-25 7:48:04 PM AEST,20.1,nan,nan,nan,nan,nan,nan,nan,nan,nan,nan,nan
08-Aug-25 7:49:00 PM AEST,nan,86.8,17.8,nan,nan,nan,5.50,0.05,2.40,0.50,5.20,nan
08-Aug-25 7:49:08 PM AEST,20.0,nan,nan,nan,nan,nan,nan,nan,nan,nan,nan,nan
08-Aug-25 7:50:00 PM AEST,nan,nan,17.7,nan,nan,nan,nan,0.11,nan,1.10,5.40,nan
08-Aug-25 7:51:00 PM AEST,nan,nan,nan,nan,nan,nan,nan,0.08,nan,0.80,5.60,nan
08-Aug-25 7:52:00 PM AEST,nan,nan,17.8,nan,nan,nan,nan,0.01,1.20,0.10,3.60,nan
08-Aug-25 7:53:00 PM AEST,nan,87.0,nan,nan,nan,nan,nan,0.10,3.50,1.00,5.50,nan
08-Aug-25 7:54:00 PM AEST,nan,86.8,nan,nan,nan,nan,nan,0.18,nan,1.80,nan,nan
08-Aug-25 7:55:00 PM AEST,19.9,87.0,17.7,nan,nan,nan,nan,0.23,nan,2.30,5.60,nan
08-Aug-25 7:56:00 PM AEST,nan,86.8,nan,nan,nan,nan,nan,0.05,2.40,0.50,nan,nan
08-Aug-25 7:56:04 PM AEST,19.8,nan,nan,nan,nan,nan,nan,nan,nan,nan,nan,nan
08-Aug-25 7:56:04 PM AEST,19.9,nan,nan,nan,nan,nan,nan,nan,nan,nan,nan,nan
08-Aug-25 7:57:00 PM AEST,nan,87.0,17.6,nan,nan,nan,nan,0.00,0.00,0.00,0.00,nan
08-Aug-25 7:58:00 PM AEST,nan,87.2,17.7,nan,nan,nan,nan,0.03,2.40,0.30,4.90,nan
08-Aug-25 7:59:00 PM AEST,nan,87.0,nan,nan,nan,nan,nan,0.18,nan,1.80,5.50,nan
08-Aug-25 8:00:00 PM AEST,20.0,87.2,nan,nan,nan,nan,nan,0.12,nan,1.20,5.40,nan
08-Aug-25 8:01:00 PM AEST,nan,nan,17.8,nan,nan,nan,5.60,0.06,nan,0.60,5.50,nan
08-Aug-25 8:01:04 PM AEST,19.9,nan,nan,nan,nan,65.53,nan,nan,nan,nan,nan,nan
08-Aug-25 8:02:00 PM AEST,nan,nan,17.7,nan,nan,nan,5.50,0.00,0.00,0.00,0.00,nan
08-Aug-25 8:03:00 PM AEST,nan,nan,nan,nan,nan,nan,nan,0.03,1.20,0.30,5.60,nan
08-Aug-25 8:04:00 PM AEST,nan,87.0,nan,nan,nan,nan,5.40,0.19,3.50,2.00,5.40,nan
08-Aug-25 8:05:00 PM AEST,20.0,87.2,nan,nan,nan,nan,nan,0.08,2.40,0.80,5.20,nan
08-Aug-25 8:06:00 PM AEST,nan,nan,17.8,nan,nan,nan,nan,0.01,1.20,0.10,3.60,nan
08-Aug-25 8:07:00 PM AEST,20.1,87.0,nan,nan,nan,nan,346.10,0.47,8.30,2.90,0.60,nan
08-Aug-25 8:08:00 PM AEST,nan,86.8,17.9,nan,nan,nan,289.70,0.53,7.10,3.10,278.80,nan
08-Aug-25 8:08:04 PM AEST,20.2,nan,nan,nan,nan,nan,nan,nan,nan,nan,nan,nan
08-Aug-25 8:09:00 PM AEST,nan,86.7,18.0,nan,nan,nan,11.60,0.49,8.30,3.90,5.40,nan
08-Aug-25 8:09:08 PM AEST,20.4,nan,nan,nan,nan,nan,nan,nan,nan,nan,nan,nan
08-Aug-25 8:10:00 PM AEST,nan,86.3,18.1,nan,nan,nan,30.50,0.31,4.70,3.10,29.20,nan
08-Aug-25 8:10:12 PM AEST,20.5,nan,nan,nan,nan,nan,nan,nan,nan,nan,nan,nan
08-Aug-25 8:11:00 PM AEST,nan,86.2,nan,nan,nan,nan,342.60,0.18,nan,1.70,352.10,nan
08-Aug-25 8:12:00 PM AEST,nan,85.8,nan,nan,nan,nan,335.50,0.02,1.20,0.20,335.00,nan
08-Aug-25 8:13:00 PM AEST,nan,85.5,18.0,nan,nan,nan,342.70,0.36,10.60,3.50,351.00,nan
08-Aug-25 8:14:00 PM AEST,20.6,85.3,nan,nan,nan,nan,351.50,0.47,8.30,4.50,356.60,nan
08-Aug-25 8:15:00 PM AEST,nan,85.2,18.1,nan,nan,nan,334.60,0.33,9.50,3.20,333.50,nan
08-Aug-25 8:15:04 PM AEST,20.7,nan,nan,nan,nan,nan,nan,nan,nan,nan,nan,nan
08-Aug-25 8:16:00 PM AEST,nan,84.7,nan,nan,nan,nan,317.70,0.41,7.10,4.10,316.90,nan
08-Aug-25 8:17:00 PM AEST,20.8,84.5,nan,nan,nan,nan,319.30,0.16,4.70,1.50,323.70,nan
08-Aug-25 8:18:00 PM AEST,nan,84.3,nan,nan,nan,nan,62.50,0.35,7.10,3.40,61.50,nan
08-Aug-25 8:19:00 PM AEST,nan,84.0,18.0,nan,nan,nan,43.30,0.48,9.50,3.70,30.60,nan
08-Aug-25 8:20:00 PM AEST,nan,nan,nan,nan,nan,nan,273.40,0.31,5.90,3.10,273.30,nan
08-Aug-25 8:21:00 PM AEST,nan,83.8,nan,nan,nan,nan,317.70,0.27,4.70,2.00,331.30,nan
08-Aug-25 8:22:00 PM AEST,nan,83.7,nan,nan,nan,nan,329.20,0.39,8.30,3.70,325.60,0.80
08-Aug-25 8:23:00 PM AEST,20.9,83.5,17.9,nan,nan,nan,326.50,0.51,nan,5.00,nan,0.00
08-Aug-25 8:24:00 PM AEST,nan,nan,18.0,nan,nan,nan,328.70,0.40,5.90,3.80,325.90,nan
08-Aug-25 8:25:00 PM AEST,nan,83.3,nan,nan,nan,nan,341.30,0.07,2.40,0.60,337.40,nan
08-Aug-25 8:26:00 PM AEST,nan,83.2,nan,nan,nan,nan,325.20,0.34,5.90,3.40,327.70,nan
08-Aug-25 8:27:00 PM AEST,21.0,nan,nan,nan,nan,nan,332.00,0.25,4.70,2.50,332.00,nan
08-Aug-25 8:28:00 PM AEST,nan,83.0,nan,nan,nan,nan,13.80,0.47,7.10,4.10,15.00,nan
08-Aug-25 8:29:00 PM AEST,nan,82.8,nan,nan,nan,nan,314.70,0.51,8.30,4.80,313.70,nan
08-Aug-25 8:30:00 PM AEST,nan,nan,nan,nan,nan,nan,299.90,0.38,4.70,3.80,300.00,nan
08-Aug-25 8:31:00 PM AEST,21.1,nan,nan,nan,nan,nan,325.80,0.22,nan,2.20,325.00,nan
08-Aug-25 8:32:00 PM AEST,nan,82.7,nan,nan,nan,nan,327.90,0.27,3.50,2.70,328.00,nan
08-Aug-25 8:32:04 PM AEST,21.0,nan,nan,nan,nan,nan,nan,nan,nan,nan,nan,nan
08-Aug-25 8:33:00 PM AEST,nan,82.5,nan,nan,nan,nan,328.80,0.28,4.70,2.80,328.70,nan
08-Aug-25 8:34:00 PM AEST,nan,82.7,17.9,nan,nan,nan,328.70,0.15,3.50,1.50,nan,nan
08-Aug-25 8:35:00 PM AEST,nan,82.3,nan,nan,nan,nan,328.80,0.13,2.40,1.30,328.90,nan
08-Aug-25 8:36:00 PM AEST,20.9,82.7,nan,nan,nan,nan,nan,0.04,3.50,0.40,329.00,nan
08-Aug-25 8:37:00 PM AEST,nan,82.5,17.8,nan,nan,nan,nan,0.24,nan,2.40,328.70,nan
08-Aug-25 8:38:00 PM AEST,nan,nan,nan,nan,nan,nan,328.70,0.06,2.40,0.60,328.80,nan
08-Aug-25 8:39:00 PM AEST,nan,nan,nan,nan,nan,nan,328.80,0.00,0.00,0.00,0.00,nan
08-Aug-25 8:40:00 PM AEST,20.8,82.7,nan,nan,nan,nan,nan,nan,nan,nan,nan,nan
08-Aug-25 8:41:00 PM AEST,nan,82.5,nan,nan,nan,nan,328.90,0.01,1.20,0.10,330.30,nan
08-Aug-25 8:42:00 PM AEST,20.7,nan,17.7,nan,nan,nan,328.70,0.15,3.50,1.50,328.60,nan
08-Aug-25 8:43:00 PM AEST,nan,82.7,17.6,nan,nan,nan,328.60,0.07,2.40,0.70,328.50,nan
08-Aug-25 8:44:00 PM AEST,nan,nan,17.7,nan,nan,nan,328.50,0.00,0.00,0.00,0.00,nan
08-Aug-25 8:45:00 PM AEST,20.6,82.5,17.6,nan,nan,nan,nan,nan,nan,nan,nan,nan
08-Aug-25 8:46:00 PM AEST,nan,82.8,17.5,nan,nan,nan,nan,nan,1.20,nan,nan,nan
08-Aug-25 8:47:00 PM AEST,20.5,nan,17.6,nan,nan,nan,328.70,0.17,2.40,1.70,328.70,nan
08-Aug-25 8:48:00 PM AEST,nan,nan,17.4,nan,nan,nan,328.60,0.21,nan,2.10,328.60,nan
08-Aug-25 8:48:04 PM AEST,20.3,nan,nan,nan,nan,nan,nan,nan,nan,nan,nan,nan
08-Aug-25 8:49:00 PM AEST,nan,83.0,17.3,nan,nan,nan,nan,0.11,nan,1.10,328.70,nan
08-Aug-25 8:49:08 PM AEST,20.2,nan,nan,nan,nan,nan,nan,nan,nan,nan,nan,nan
08-Aug-25 8:50:00 PM AEST,nan,83.3,17.2,nan,nan,nan,nan,0.01,1.20,0.10,330.30,nan
08-Aug-25 8:51:00 PM AEST,20.1,nan,17.3,nan,nan,nan,nan,0.02,2.40,0.20,329.20,nan
08-Aug-25 8:52:00 PM AEST,nan,83.5,17.2,nan,nan,nan,nan,0.11,nan,1.10,328.60,nan
08-Aug-25 8:52:04 PM AEST,20.0,nan,nan,nan,nan,nan,nan,nan,nan,nan,nan,nan
08-Aug-25 8:53:00 PM AEST,nan,83.7,nan,nan,nan,nan,nan,0.01,1.20,0.10,330.30,nan
08-Aug-25 8:54:00 PM AEST,nan,84.0,nan,nan,nan,nan,nan,0.00,0.00,0.00,0.00,nan
08-Aug-25 8:55:00 PM AEST,19.9,nan,nan,nan,nan,nan,328.50,nan,nan,nan,nan,nan
08-Aug-25 8:56:00 PM AEST,nan,84.2,17.1,nan,nan,nan,nan,nan,nan,nan,nan,nan
08-Aug-25 8:58:00 PM AEST,nan,84.3,nan,nan,nan,nan,328.60,nan,nan,nan,nan,nan
08-Aug-25 8:59:00 PM AEST,19.8,84.7,nan,nan,nan,nan,328.50,nan,nan,nan,nan,0.80
08-Aug-25 9:00:00 PM AEST,nan,nan,nan,nan,nan,nan,nan,nan,nan,nan,nan,0.00
08-Aug-25 9:01:00 PM AEST,19.7,84.8,nan,nan,nan,nan,328.60,0.07,2.40,0.60,328.70,nan
08-Aug-25 9:01:08 PM AEST,nan,nan,nan,nan,nan,65.53,nan,nan,nan,nan,nan,nan
08-Aug-25 9:02:00 PM AEST,nan,85.0,nan,nan,nan,nan,328.50,0.04,1.20,0.40,328.40,nan
08-Aug-25 9:03:00 PM AEST,19.6,85.2,nan,nan,nan,nan,nan,0.00,0.00,0.00,0.00,nan
08-Aug-25 9:04:00 PM AEST,nan,85.0,nan,nan,nan,nan,nan,nan,nan,nan,nan,nan
08-Aug-25 9:05:00 PM AEST,nan,85.2,17.0,nan,nan,nan,nan,nan,nan,nan,nan,nan
08-Aug-25 9:06:00 PM AEST,nan,nan,nan,nan,nan,nan,328.40,nan,nan,nan,nan,nan
08-Aug-25 9:07:00 PM AEST,19.5,85.5,nan,nan,nan,nan,328.50,0.02,1.20,0.20,328.70,nan
08-Aug-25 9:08:00 PM AEST,nan,nan,nan,nan,nan,nan,328.40,0.08,nan,0.80,328.40,nan
08-Aug-25 9:08:04 PM AEST,19.4,nan,nan,nan,nan,nan,nan,nan,nan,nan,nan,nan
08-Aug-25 9:09:00 PM AEST,nan,85.8,nan,nan,nan,nan,328.50,0.06,nan,0.60,328.80,nan
08-Aug-25 9:09:08 PM AEST,19.3,nan,nan,nan,nan,nan,nan,nan,nan,nan,nan,nan
08-Aug-25 9:10:00 PM AEST,nan,nan,16.9,nan,nan,nan,nan,0.00,nan,0.00,0.00,nan
08-Aug-25 9:11:00 PM AEST,nan,86.0,nan,nan,nan,nan,328.40,0.01,nan,0.10,328.70,nan
08-Aug-25 9:12:00 PM AEST,nan,86.2,nan,nan,nan,nan,328.50,0.00,0.00,0.00,0.00,nan
08-Aug-25 9:13:00 PM AEST,nan,nan,nan,nan,nan,nan,328.40,0.17,2.40,1.70,328.30,nan
08-Aug-25 9:14:00 PM AEST,19.2,86.5,nan,nan,nan,nan,328.50,0.24,3.50,2.40,328.50,nan
08-Aug-25 9:15:00 PM AEST,nan,nan,nan,nan,nan,nan,nan,0.15,2.40,1.50,328.60,nan
08-Aug-25 9:16:00 PM AEST,nan,86.8,nan,nan,nan,nan,nan,0.13,nan,1.30,328.50,nan
08-Aug-25 9:17:00 PM AEST,nan,87.0,nan,nan,nan,nan,nan,0.01,1.20,0.10,330.30,nan
08-Aug-25 9:18:00 PM AEST,nan,87.2,17.0,nan,nan,nan,nan,0.00,0.00,0.00,0.00,nan
08-Aug-25 9:19:00 PM AEST,19.1,87.3,nan,nan,nan,nan,328.60,nan,nan,nan,nan,nan
08-Aug-25 9:20:00 PM AEST,nan,87.5,nan,nan,nan,nan,328.50,nan,nan,nan,nan,nan
08-Aug-25 9:21:00 PM AEST,19.0,nan,16.9,nan,nan,nan,nan,nan,nan,nan,nan,nan
08-Aug-25 9:22:00 PM AEST,nan,nan,nan,nan,nan,nan,nan,0.12,2.40,1.20,328.40,nan
08-Aug-25 9:23:00 PM AEST,nan,nan,nan,nan,nan,nan,nan,0.15,nan,1.50,328.50,nan
08-Aug-25 9:24:00 PM AEST,nan,87.7,nan,nan,nan,nan,nan,0.12,nan,1.20,328.40,nan
08-Aug-25 9:25:00 PM AEST,nan,87.8,nan,nan,nan,nan,328.60,0.01,1.20,0.10,330.30,nan
08-Aug-25 9:26:00 PM AEST,18.9,88.0,nan,nan,nan,nan,328.50,0.00,0.00,0.00,0.00,nan
08-Aug-25 9:27:00 PM AEST,nan,88.2,nan,nan,nan,nan,nan,nan,nan,nan,nan,nan
08-Aug-25 9:28:00 PM AEST,nan,88.3,nan,nan,nan,nan,nan,nan,nan,nan,nan,nan
08-Aug-25 9:29:00 PM AEST,18.8,nan,nan,nan,nan,nan,nan,nan,nan,nan,nan,nan
08-Aug-25 9:30:00 PM AEST,nan,nan,nan,nan,nan,nan,nan,0.15,3.50,1.50,328.60,nan
08-Aug-25 9:31:00 PM AEST,nan,88.7,nan,nan,nan,nan,nan,0.19,nan,1.90,328.50,nan
08-Aug-25 9:32:00 PM AEST,nan,nan,nan,nan,nan,nan,nan,0.00,0.00,0.00,0.00,nan
08-Aug-25 9:35:00 PM AEST,18.7,88.8,nan,nan,nan,nan,nan,nan,nan,nan,nan,0.80
08-Aug-25 9:36:00 PM AEST,nan,nan,16.8,nan,nan,nan,nan,nan,nan,nan,nan,0.00
08-Aug-25 9:37:00 PM AEST,nan,89.0,nan,nan,nan,nan,nan,nan,nan,nan,nan,nan
08-Aug-25 9:38:00 PM AEST,nan,89.2,nan,nan,nan,nan,nan,nan,nan,nan,nan,nan
08-Aug-25 9:39:00 PM AEST,18.6,89.3,nan,nan,nan,nan,nan,nan,nan,nan,nan,nan
08-Aug-25 9:40:00 PM AEST,nan,89.2,nan,nan,nan,nan,328.40,nan,nan,nan,nan,nan
08-Aug-25 9:41:00 PM AEST,nan,89.3,16.7,nan,nan,nan,328.50,nan,nan,nan,nan,nan
08-Aug-25 9:42:00 PM AEST,18.5,nan,16.8,nan,nan,nan,nan,nan,nan,nan,nan,nan
08-Aug-25 9:43:00 PM AEST,nan,nan,16.7,nan,nan,nan,nan,nan,nan,nan,nan,nan
08-Aug-25 9:44:00 PM AEST,nan,89.5,nan,nan,nan,nan,nan,nan,nan,nan,nan,nan
08-Aug-25 9:45:00 PM AEST,nan,89.7,nan,nan,nan,nan,nan,nan,nan,nan,nan,nan
08-Aug-25 9:46:00 PM AEST,nan,nan,16.8,nan,nan,nan,nan,nan,nan,nan,nan,nan
08-Aug-25 9:47:00 PM AEST,nan,89.8,16.7,nan,nan,nan,nan,nan,nan,nan,nan,nan
08-Aug-25 9:48:00 PM AEST,18.4,90.0,16.8,nan,nan,nan,nan,nan,nan,nan,nan,nan
08-Aug-25 9:49:00 PM AEST,nan,89.8,16.7,nan,nan,nan,nan,nan,nan,nan,nan,nan
08-Aug-25 9:52:00 PM AEST,nan,90.0,nan,nan,nan,nan,nan,nan,nan,nan,nan,nan
08-Aug-25 9:53:00 PM AEST,18.3,89.8,nan,nan,nan,nan,nan,nan,nan,nan,nan,nan
08-Aug-25 9:54:00 PM AEST,nan,90.2,16.6,nan,nan,nan,nan,nan,nan,nan,nan,nan
08-Aug-25 9:55:00 PM AEST,nan,90.0,16.7,nan,nan,nan,nan,nan,nan,nan,nan,nan
08-Aug-25 9:56:00 PM AEST,nan,90.2,16.6,nan,nan,nan,nan,nan,nan,nan,nan,nan
08-Aug-25 9:58:00 PM AEST,18.2,nan,16.7,nan,nan,nan,328.40,0.01,1.20,0.10,330.30,nan
08-Aug-25 9:59:00 PM AEST,nan,nan,16.6,nan,nan,nan,328.50,0.00,0.00,0.00,0.00,nan
08-Aug-25 10:00:00 PM AEST,nan,90.3,nan,nan,nan,nan,nan,nan,nan,nan,nan,nan
08-Aug-25 10:02:00 PM AEST,nan,90.5,nan,nan,nan,nan,nan,nan,nan,nan,nan,nan
08-Aug-25 10:04:00 PM AEST,nan,90.7,nan,nan,nan,nan,nan,nan,nan,nan,nan,nan
08-Aug-25 10:05:00 PM AEST,18.1,90.5,nan,nan,nan,nan,nan,nan,nan,nan,nan,nan
08-Aug-25 10:06:00 PM AEST,nan,90.7,nan,nan,nan,nan,nan,nan,nan,nan,nan,nan
08-Aug-25 10:07:00 PM AEST,nan,91.0,nan,nan,nan,nan,nan,nan,nan,nan,nan,nan
08-Aug-25 10:08:00 PM AEST,nan,90.8,nan,nan,nan,nan,328.40,nan,nan,nan,nan,nan
08-Aug-25 10:09:00 PM AEST,nan,91.0,nan,nan,nan,nan,328.50,nan,nan,nan,nan,nan
08-Aug-25 10:11:00 PM AEST,nan,91.2,nan,nan,nan,nan,nan,nan,nan,nan,nan,0.80
08-Aug-25 10:12:00 PM AEST,18.0,nan,nan,nan,nan,nan,nan,0.08,2.40,0.80,328.40,0.00
08-Aug-25 10:13:00 PM AEST,nan,nan,nan,nan,nan,nan,nan,0.09,nan,0.90,328.80,nan
08-Aug-25 10:14:00 PM AEST,18.1,91.5,nan,nan,nan,nan,328.60,0.00,1.20,0.00,0.00,nan
08-Aug-25 10:15:00 PM AEST,nan,91.3,16.7,nan,nan,nan,328.50,0.12,2.40,1.20,328.40,nan
08-Aug-25 10:15:04 PM AEST,18.0,nan,nan,nan,nan,nan,nan,nan,nan,nan,nan,nan
08-Aug-25 10:16:00 PM AEST,nan,91.5,16.6,nan,nan,nan,nan,0.08,nan,0.80,328.70,nan
08-Aug-25 10:17:00 PM AEST,nan,nan,nan,nan,nan,nan,nan,0.00,0.00,0.00,0.00,nan
08-Aug-25 10:19:00 PM AEST,nan,91.7,nan,nan,nan,nan,nan,nan,nan,nan,nan,nan
08-Aug-25 10:20:00 PM AEST,nan,91.5,nan,nan,nan,nan,nan,nan,nan,nan,nan,nan
08-Aug-25 10:22:00 PM AEST,17.9,nan,nan,nan,nan,nan,nan,0.01,1.20,0.10,328.70,nan
08-Aug-25 10:23:00 PM AEST,nan,91.7,16.5,nan,nan,nan,nan,0.00,0.00,0.00,0.00,nan
08-Aug-25 10:24:00 PM AEST,nan,91.5,16.6,nan,nan,nan,nan,0.02,1.20,0.20,328.20,nan
08-Aug-25 10:25:00 PM AEST,nan,91.7,16.5,nan,nan,nan,nan,0.16,2.40,1.60,328.50,nan
08-Aug-25 10:26:00 PM AEST,nan,91.8,16.6,nan,nan,nan,nan,0.07,nan,0.70,nan,nan
08-Aug-25 10:27:00 PM AEST,nan,nan,nan,nan,nan,nan,nan,0.00,0.00,0.00,0.00,nan
08-Aug-25 10:29:00 PM AEST,nan,92.0,16.5,nan,nan,nan,nan,nan,nan,nan,nan,nan
08-Aug-25 10:31:00 PM AEST,nan,92.2,nan,nan,nan,nan,nan,nan,nan,nan,nan,nan
08-Aug-25 10:32:00 PM AEST,17.8,nan,16.6,nan,nan,nan,nan,nan,nan,nan,nan,nan
08-Aug-25 10:33:00 PM AEST,nan,nan,16.5,nan,nan,nan,nan,nan,nan,nan,nan,nan
08-Aug-25 10:33:04 PM AEST,17.9,nan,nan,nan,nan,nan,nan,nan,nan,nan,nan,nan
08-Aug-25 10:34:00 PM AEST,nan,92.0,16.6,nan,nan,nan,nan,nan,nan,nan,nan,nan
08-Aug-25 10:34:08 PM AEST,17.8,nan,nan,nan,nan,nan,nan,nan,nan,nan,nan,nan
08-Aug-25 10:35:00 PM AEST,nan,92.2,16.5,nan,nan,nan,nan,nan,nan,nan,nan,nan
08-Aug-25 10:37:00 PM AEST,nan,92.0,nan,nan,nan,nan,nan,nan,nan,nan,nan,nan
08-Aug-25 10:38:00 PM AEST,nan,92.3,nan,nan,nan,nan,nan,nan,nan,nan,nan,nan
08-Aug-25 10:39:00 PM AEST,nan,92.2,nan,nan,nan,nan,nan,nan,nan,nan,nan,nan
08-Aug-25 10:40:00 PM AEST,nan,92.3,nan,nan,nan,nan,nan,0.01,1.20,0.10,330.30,nan
08-Aug-25 10:41:00 PM AEST,nan,nan,16.6,nan,nan,nan,nan,0.00,0.00,0.00,0.00,nan
08-Aug-25 10:42:00 PM AEST,nan,nan,16.5,nan,nan,nan,nan,0.01,1.20,0.10,330.30,nan
08-Aug-25 10:43:00 PM AEST,17.7,nan,nan,nan,nan,nan,328.60,0.00,0.00,0.00,0.00,nan
08-Aug-25 10:44:00 PM AEST,nan,92.5,nan,nan,nan,nan,328.50,nan,nan,nan,nan,nan
08-Aug-25 10:44:04 PM AEST,17.8,nan,nan,nan,nan,nan,nan,nan,nan,nan,nan,nan
08-Aug-25 10:45:00 PM AEST,nan,nan,16.6,nan,nan,nan,328.40,nan,nan,nan,nan,nan
08-Aug-25 10:45:08 PM AEST,17.7,nan,nan,nan,nan,nan,nan,nan,nan,nan,nan,nan
08-Aug-25 10:46:00 PM AEST,nan,nan,16.5,nan,nan,nan,328.50,nan,nan,nan,nan,nan
08-Aug-25 10:48:00 PM AEST,nan,nan,nan,nan,nan,nan,nan,nan,nan,nan,nan,0.80
08-Aug-25 10:49:00 PM AEST,nan,nan,nan,nan,nan,nan,nan,nan,nan,nan,nan,0.00
08-Aug-25 10:51:00 PM AEST,nan,nan,16.4,nan,nan,nan,328.40,nan,nan,nan,nan,nan
08-Aug-25 10:52:00 PM AEST,17.6,nan,nan,nan,nan,nan,328.50,0.01,1.20,0.10,330.30,nan
08-Aug-25 10:53:00 PM AEST,nan,nan,nan,nan,nan,nan,nan,0.09,nan,0.90,328.50,nan
08-Aug-25 10:54:00 PM AEST,17.7,nan,nan,nan,nan,nan,328.40,0.02,nan,0.20,328.70,nan
08-Aug-25 10:55:00 PM AEST,nan,92.7,nan,nan,nan,nan,328.50,0.00,0.00,0.00,0.00,nan
08-Aug-25 10:55:04 PM AEST,17.6,nan,nan,nan,nan,nan,nan,nan,nan,nan,nan,nan
08-Aug-25 10:56:00 PM AEST,nan,92.8,nan,nan,nan,nan,nan,nan,nan,nan,nan,nan
08-Aug-25 10:57:00 PM AEST,nan,nan,16.5,nan,nan,nan,nan,0.03,1.20,0.30,328.80,nan
08-Aug-25 10:58:00 PM AEST,nan,nan,nan,nan,nan,nan,nan,0.08,nan,0.80,328.40,nan
08-Aug-25 10:59:00 PM AEST,nan,nan,nan,nan,nan,nan,nan,0.01,nan,0.10,330.30,nan
08-Aug-25 11:00:00 PM AEST,nan,92.7,nan,nan,nan,nan,nan,0.08,2.40,0.80,328.40,nan
08-Aug-25 11:01:00 PM AEST,nan,92.8,16.4,nan,nan,nan,328.40,0.15,nan,1.50,nan,nan
08-Aug-25 11:02:00 PM AEST,nan,93.0,nan,nan,nan,nan,328.50,0.09,nan,0.90,328.60,nan
08-Aug-25 11:03:00 PM AEST,nan,nan,16.5,nan,nan,nan,nan,0.15,3.50,1.50,nan,nan
08-Aug-25 11:04:00 PM AEST,17.7,93.2,nan,nan,nan,nan,nan,0.17,nan,1.70,328.50,nan
08-Aug-25 11:05:00 PM AEST,nan,nan,16.6,nan,nan,nan,nan,0.00,0.00,0.00,0.00,nan
08-Aug-25 11:06:00 PM AEST,nan,93.3,nan,nan,nan,nan,328.40,nan,nan,nan,nan,nan
08-Aug-25 11:07:00 PM AEST,17.6,93.2,nan,nan,nan,nan,328.50,nan,nan,nan,nan,nan
08-Aug-25 11:08:00 PM AEST,nan,93.3,16.5,nan,nan,nan,nan,nan,nan,nan,nan,nan
08-Aug-25 11:10:00 PM AEST,nan,nan,nan,nan,nan,nan,nan,0.07,2.40,0.70,328.50,nan
08-Aug-25 11:11:00 PM AEST,nan,nan,nan,nan,nan,nan,nan,0.15,nan,1.50,328.60,nan
08-Aug-25 11:12:00 PM AEST,17.7,93.5,nan,nan,nan,nan,nan,0.00,0.00,0.00,0.00,nan
08-Aug-25 11:13:00 PM AEST,nan,93.3,16.6,nan,nan,nan,nan,nan,nan,nan,nan,nan
08-Aug-25 11:13:04 PM AEST,17.6,nan,nan,nan,nan,nan,nan,nan,nan,nan,nan,nan
08-Aug-25 11:14:00 PM AEST,nan,93.5,16.5,nan,nan,nan,328.40,nan,nan,nan,nan,nan
08-Aug-25 11:15:00 PM AEST,nan,93.3,nan,nan,nan,nan,328.50,nan,nan,nan,nan,nan
08-Aug-25 11:16:00 PM AEST,nan,93.5,nan,nan,nan,nan,328.40,nan,nan,nan,nan,nan
08-Aug-25 11:17:00 PM AEST,nan,nan,16.6,nan,nan,nan,328.50,0.01,1.20,0.10,330.30,nan
08-Aug-25 11:18:00 PM AEST,nan,93.7,nan,nan,nan,nan,nan,0.17,2.40,1.70,328.50,nan
08-Aug-25 11:19:00 PM AEST,17.5,93.5,nan,nan,nan,nan,nan,0.08,nan,0.80,328.70,nan
08-Aug-25 11:20:00 PM AEST,nan,nan,16.5,nan,nan,nan,nan,0.00,0.00,0.00,0.00,nan
08-Aug-25 11:21:00 PM AEST,nan,93.7,16.4,nan,nan,nan,nan,nan,nan,nan,nan,nan
08-Aug-25 11:22:00 PM AEST,nan,93.5,nan,nan,nan,nan,nan,nan,nan,nan,nan,nan
08-Aug-25 11:24:00 PM AEST,nan,93.7,nan,nan,nan,nan,nan,nan,nan,nan,nan,nan
08-Aug-25 11:25:00 PM AEST,nan,93.5,nan,nan,nan,nan,nan,nan,nan,nan,nan,0.80
08-Aug-25 11:26:00 PM AEST,nan,93.7,nan,nan,nan,nan,nan,nan,nan,nan,nan,0.00
08-Aug-25 11:27:00 PM AEST,17.4,93.5,nan,nan,nan,nan,nan,nan,1.20,nan,nan,nan
08-Aug-25 11:28:00 PM AEST,nan,nan,nan,nan,nan,nan,328.40,0.16,3.50,1.60,328.50,nan
08-Aug-25 11:28:04 PM AEST,17.5,nan,nan,nan,nan,nan,nan,nan,nan,nan,nan,nan
08-Aug-25 11:29:00 PM AEST,nan,93.7,nan,nan,nan,nan,328.50,0.08,2.40,0.80,328.70,nan
08-Aug-25 11:30:00 PM AEST,nan,93.8,16.5,nan,nan,nan,nan,0.00,0.00,0.00,0.00,nan
08-Aug-25 11:31:00 PM AEST,nan,93.7,nan,nan,nan,nan,nan,nan,nan,nan,nan,nan
08-Aug-25 11:32:00 PM AEST,nan,93.8,nan,nan,nan,nan,nan,0.01,1.20,0.10,330.30,nan
08-Aug-25 11:33:00 PM AEST,nan,nan,nan,nan,nan,nan,nan,0.02,nan,0.20,328.20,nan
08-Aug-25 11:34:00 PM AEST,nan,nan,nan,nan,nan,nan,nan,0.07,nan,0.70,328.40,nan
08-Aug-25 11:35:00 PM AEST,nan,nan,nan,nan,nan,nan,nan,0.01,nan,0.10,330.30,nan
08-Aug-25 11:36:00 PM AEST,17.4,94.0,nan,nan,nan,nan,nan,0.00,0.00,0.00,0.00,nan
08-Aug-25 11:37:00 PM AEST,nan,93.7,nan,nan,nan,nan,nan,nan,nan,nan,nan,nan
08-Aug-25 11:38:00 PM AEST,nan,93.8,16.4,nan,nan,nan,nan,nan,nan,nan,nan,nan
08-Aug-25 11:44:00 PM AEST,17.3,94.0,nan,nan,nan,nan,nan,0.01,1.20,0.10,330.30,nan
08-Aug-25 11:45:00 PM AEST,nan,93.8,nan,nan,nan,nan,nan,0.00,0.00,0.00,0.00,nan
08-Aug-25 11:46:00 PM AEST,nan,94.0,16.3,nan,nan,nan,nan,nan,nan,nan,nan,nan
08-Aug-25 11:47:00 PM AEST,nan,nan,16.4,nan,nan,nan,nan,nan,nan,nan,nan,nan
08-Aug-25 11:49:00 PM AEST,nan,94.2,16.3,nan,nan,nan,nan,0.01,1.20,0.10,330.30,nan
08-Aug-25 11:50:00 PM AEST,nan,94.0,16.4,nan,nan,nan,nan,0.00,0.00,0.00,0.00,nan
08-Aug-25 11:51:00 PM AEST,nan,94.2,16.3,nan,nan,nan,nan,nan,nan,nan,nan,nan
08-Aug-25 11:52:00 PM AEST,nan,94.0,nan,nan,nan,nan,nan,nan,nan,nan,nan,nan
08-Aug-25 11:53:00 PM AEST,nan,94.2,nan,nan,nan,nan,nan,nan,nan,nan,nan,nan
08-Aug-25 11:55:00 PM AEST,nan,nan,16.4,nan,nan,nan,nan,nan,nan,nan,nan,nan
08-Aug-25 11:56:00 PM AEST,nan,nan,16.3,nan,nan,nan,nan,nan,nan,nan,nan,nan
08-Aug-25 11:57:00 PM AEST,nan,94.3,nan,nan,nan,nan,nan,0.01,1.20,0.10,330.30,nan
08-Aug-25 11:58:00 PM AEST,nan,94.2,16.4,nan,nan,nan,nan,0.00,0.00,0.00,0.00,nan
08-Aug-25 11:59:00 PM AEST,nan,nan,16.3,nan,nan,nan,nan,nan,nan,nan,nan,6553.40
09-Aug-25 12:00:00 AM AEST,17.2,nan,nan,nan,nan,nan,nan,nan,nan,nan,nan,0.80
09-Aug-25 12:01:00 AM AEST,nan,94.0,nan,nan,nan,nan,328.40,nan,nan,nan,nan,0.00
09-Aug-25 12:02:00 AM AEST,nan,nan,16.2,nan,nan,nan,nan,nan,nan,nan,nan,nan
09-Aug-25 12:03:00 AM AEST,nan,nan,nan,nan,nan,nan,328.50,nan,nan,nan,nan,nan
09-Aug-25 12:04:00 AM AEST,nan,nan,nan,nan,nan,nan,nan,0.07,2.40,0.70,328.50,nan
09-Aug-25 12:05:00 AM AEST,nan,94.2,nan,nan,nan,nan,nan,0.08,nan,0.80,328.70,nan
09-Aug-25 12:06:00 AM AEST,nan,nan,16.3,nan,nan,nan,nan,0.11,1.20,1.10,328.60,nan
09-Aug-25 12:07:00 AM AEST,nan,94.3,16.2,nan,nan,nan,nan,0.08,2.40,0.80,nan,nan
09-Aug-25 12:08:00 AM AEST,nan,nan,16.3,nan,nan,nan,nan,0.00,0.00,0.00,0.00,nan
09-Aug-25 12:11:00 AM AEST,17.1,94.2,nan,nan,nan,nan,nan,0.01,1.20,0.10,330.30,nan
09-Aug-25 12:12:00 AM AEST,nan,94.3,16.2,nan,nan,nan,nan,0.11,2.40,1.10,328.30,nan
09-Aug-25 12:13:00 AM AEST,nan,94.2,nan,nan,nan,nan,328.40,0.00,0.00,0.00,0.00,nan
09-Aug-25 12:14:00 AM AEST,nan,94.3,16.1,nan,nan,nan,328.50,nan,nan,nan,nan,nan
09-Aug-25 12:15:00 AM AEST,nan,94.2,16.2,nan,nan,nan,328.40,nan,nan,nan,nan,nan
09-Aug-25 12:16:00 AM AEST,nan,94.3,16.1,nan,nan,nan,328.50,0.01,1.20,0.10,328.70,nan
09-Aug-25 12:17:00 AM AEST,nan,94.2,nan,nan,nan,nan,nan,0.00,0.00,0.00,0.00,nan
09-Aug-25 12:18:00 AM AEST,nan,94.3,nan,nan,nan,nan,nan,0.01,1.20,0.10,330.30,nan
09-Aug-25 12:19:00 AM AEST,nan,94.5,16.2,nan,nan,nan,nan,0.00,nan,0.00,0.00,nan
09-Aug-25 12:20:00 AM AEST,nan,94.3,nan,nan,nan,nan,nan,0.04,nan,0.40,328.50,nan
09-Aug-25 12:21:00 AM AEST,17.0,94.5,nan,nan,nan,nan,nan,0.12,2.40,1.20,nan,nan
09-Aug-25 12:22:00 AM AEST,nan,94.3,16.1,nan,nan,nan,nan,nan,nan,nan,328.60,nan
09-Aug-25 12:22:04 AM AEST,17.1,nan,nan,nan,nan,nan,nan,nan,nan,nan,nan,nan
09-Aug-25 12:23:00 AM AEST,nan,94.5,nan,nan,nan,nan,nan,0.02,1.20,0.20,328.20,nan
09-Aug-25 12:24:00 AM AEST,nan,94.7,16.2,nan,nan,nan,nan,0.08,2.40,0.80,328.70,nan
09-Aug-25 12:25:00 AM AEST,nan,94.5,nan,nan,nan,nan,328.40,0.13,nan,1.30,328.30,nan
09-Aug-25 12:26:00 AM AEST,nan,94.7,nan,nan,nan,nan,328.50,0.01,1.20,0.10,330.30,nan
09-Aug-25 12:27:00 AM AEST,nan,nan,nan,nan,nan,nan,nan,0.04,nan,0.40,329.00,nan
09-Aug-25 12:28:00 AM AEST,nan,nan,nan,nan,nan,nan,nan,0.01,nan,0.10,330.30,nan
09-Aug-25 12:29:00 AM AEST,nan,nan,nan,nan,nan,nan,328.40,0.00,0.00,0.00,0.00,nan
09-Aug-25 12:30:00 AM AEST,17.0,nan,nan,nan,nan,nan,328.50,nan,nan,nan,nan,nan
09-Aug-25 12:31:00 AM AEST,nan,94.5,nan,nan,nan,nan,328.40,nan,nan,nan,nan,nan
09-Aug-25 12:31:04 AM AEST,17.1,nan,nan,nan,nan,nan,nan,nan,nan,nan,nan,nan
09-Aug-25 12:31:04 AM AEST,17.0,nan,nan,nan,nan,nan,nan,nan,nan,nan,nan,nan
09-Aug-25 12:32:00 AM AEST,nan,94.7,nan,nan,nan,nan,328.50,nan,nan,nan,nan,nan
09-Aug-25 12:33:00 AM AEST,nan,94.5,nan,nan,nan,nan,nan,nan,nan,nan,nan,nan
09-Aug-25 12:34:00 AM AEST,nan,94.7,16.1,nan,nan,nan,nan,0.11,2.40,1.10,328.50,nan
09-Aug-25 12:35:00 AM AEST,17.1,nan,16.2,nan,nan,nan,nan,0.03,1.20,0.30,328.80,nan
09-Aug-25 12:36:00 AM AEST,nan,94.8,nan,nan,nan,nan,328.40,0.01,nan,0.10,330.30,nan
09-Aug-25 12:36:04 AM AEST,17.0,nan,nan,nan,nan,nan,nan,nan,nan,nan,nan,nan
09-Aug-25 12:37:00 AM AEST,nan,94.7,nan,nan,nan,nan,328.50,0.17,2.40,1.70,328.40,0.80
09-Aug-25 12:38:00 AM AEST,nan,nan,16.1,nan,nan,nan,nan,0.22,3.50,2.20,nan,0.00
09-Aug-25 12:39:00 AM AEST,nan,nan,nan,nan,nan,nan,328.40,0.10,2.40,1.00,nan,nan
09-Aug-25 12:40:00 AM AEST,nan,nan,nan,nan,nan,nan,328.50,0.08,nan,0.80,328.70,nan
09-Aug-25 12:41:00 AM AEST,nan,nan,nan,nan,nan,nan,nan,nan,1.20,nan,328.60,nan
09-Aug-25 12:42:00 AM AEST,nan,nan,nan,nan,nan,nan,nan,0.09,2.40,0.90,328.50,nan
09-Aug-25 12:43:00 AM AEST,16.9,94.8,nan,nan,nan,nan,nan,0.15,nan,1.50,328.60,nan
09-Aug-25 12:44:00 AM AEST,nan,94.7,nan,nan,nan,nan,328.40,0.01,1.20,0.10,330.30,nan
09-Aug-25 12:44:04 AM AEST,17.0,nan,nan,nan,nan,nan,nan,nan,nan,nan,nan,nan
09-Aug-25 12:45:00 AM AEST,nan,95.0,nan,nan,nan,nan,328.50,0.00,0.00,0.00,0.00,nan
09-Aug-25 12:46:00 AM AEST,nan,94.8,16.2,nan,nan,nan,nan,0.07,2.40,0.60,328.20,nan
09-Aug-25 12:47:00 AM AEST,16.9,nan,nan,nan,nan,nan,328.40,nan,nan,nan,328.70,nan
09-Aug-25 12:48:00 AM AEST,nan,95.0,16.1,nan,nan,nan,328.50,0.00,0.00,0.00,0.00,nan
09-Aug-25 12:48:04 AM AEST,17.0,nan,nan,nan,nan,nan,nan,nan,nan,nan,nan,nan
09-Aug-25 12:49:00 AM AEST,nan,94.8,16.2,nan,nan,nan,nan,0.09,2.40,0.90,328.60,nan
09-Aug-25 12:49:08 AM AEST,16.9,nan,nan,nan,nan,nan,nan,nan,nan,nan,nan,nan
09-Aug-25 12:49:08 AM AEST,17.0,nan,nan,nan,nan,nan,nan,nan,nan,nan,nan,nan
09-Aug-25 12:50:00 AM AEST,nan,nan,16.1,nan,nan,nan,nan,0.14,nan,1.40,328.50,nan
09-Aug-25 12:50:12 AM AEST,16.9,nan,nan,nan,nan,nan,nan,nan,nan,nan,nan,nan
09-Aug-25 12:51:00 AM AEST,nan,95.0,nan,nan,nan,nan,328.40,0.01,1.20,0.10,328.70,nan
09-Aug-25 12:52:00 AM AEST,nan,nan,nan,nan,nan,nan,328.50,0.00,0.00,0.00,0.00,nan
09-Aug-25 12:53:00 AM AEST,nan,nan,nan,nan,nan,nan,nan,0.07,2.40,0.60,328.70,nan
09-Aug-25 12:54:00 AM AEST,nan,94.8,nan,nan,nan,nan,nan,0.15,nan,1.50,328.60,nan
09-Aug-25 12:55:00 AM AEST,16.8,95.0,16.0,nan,nan,nan,nan,0.01,1.20,0.10,328.70,nan
09-Aug-25 12:56:00 AM AEST,nan,nan,nan,nan,nan,nan,nan,0.00,0.00,0.00,0.00,nan
09-Aug-25 12:57:00 AM AEST,nan,94.8,nan,nan,nan,nan,328.40,0.05,2.40,0.50,328.60,nan
09-Aug-25 12:58:00 AM AEST,nan,95.0,nan,nan,nan,nan,328.50,0.04,1.20,0.40,328.80,nan
09-Aug-25 12:59:00 AM AEST,nan,95.2,nan,nan,nan,nan,nan,0.00,0.00,0.00,0.00,nan
09-Aug-25 1:00:00 AM AEST,nan,95.0,16.1,nan,nan,nan,328.40,0.17,3.50,1.70,328.40,nan
09-Aug-25 1:01:00 AM AEST,nan,nan,16.0,nan,nan,nan,328.50,0.14,2.40,1.40,328.60,nan
09-Aug-25 1:02:00 AM AEST,nan,95.2,nan,nan,nan,nan,nan,0.08,nan,0.80,328.40,nan
09-Aug-25 1:03:00 AM AEST,nan,95.0,16.1,nan,nan,nan,328.40,0.21,nan,2.10,nan,nan
09-Aug-25 1:04:00 AM AEST,nan,95.2,16.0,nan,nan,nan,328.50,0.09,nan,0.90,328.70,nan
09-Aug-25 1:05:00 AM AEST,nan,nan,nan,nan,nan,nan,nan,0.00,0.00,0.00,0.00,nan
09-Aug-25 1:06:00 AM AEST,nan,95.0,nan,nan,nan,nan,nan,nan,nan,nan,nan,nan
09-Aug-25 1:07:00 AM AEST,nan,95.2,nan,nan,nan,nan,328.40,nan,nan,nan,nan,nan
09-Aug-25 1:08:00 AM AEST,nan,95.3,16.1,nan,nan,nan,328.50,nan,nan,nan,nan,nan
09-Aug-25 1:09:00 AM AEST,nan,95.2,nan,nan,nan,nan,328.40,nan,nan,nan,nan,nan
09-Aug-25 1:10:00 AM AEST,nan,95.3,nan,nan,nan,nan,328.50,0.01,1.20,0.10,328.70,nan
09-Aug-25 1:11:00 AM AEST,nan,95.2,16.0,nan,nan,nan,nan,0.00,0.00,0.00,0.00,nan
09-Aug-25 1:12:00 AM AEST,16.7,nan,nan,nan,nan,nan,328.40,nan,nan,nan,nan,nan
09-Aug-25 1:13:00 AM AEST,nan,95.0,nan,nan,nan,nan,nan,nan,nan,nan,nan,0.80
09-Aug-25 1:14:00 AM AEST,nan,95.2,15.9,nan,nan,nan,328.50,0.03,2.40,0.30,328.80,0.00
09-Aug-25 1:15:00 AM AEST,16.8,nan,16.0,nan,nan,nan,328.40,0.30,4.70,3.00,328.40,nan
09-Aug-25 1:16:00 AM AEST,nan,95.5,nan,nan,nan,nan,328.50,0.15,2.40,1.50,328.60,nan
09-Aug-25 1:17:00 AM AEST,nan,95.3,16.1,nan,nan,nan,nan,0.01,1.20,0.10,328.70,nan
09-Aug-25 1:18:00 AM AEST,nan,95.2,16.0,nan,nan,nan,328.40,0.00,0.00,0.00,0.00,nan
09-Aug-25 1:19:00 AM AEST,16.7,95.3,nan,nan,nan,nan,nan,nan,nan,nan,nan,nan
09-Aug-25 1:20:00 AM AEST,nan,95.2,15.9,nan,nan,nan,328.50,nan,nan,nan,nan,nan
09-Aug-25 1:21:00 AM AEST,nan,nan,nan,nan,nan,nan,328.40,nan,nan,nan,nan,nan
09-Aug-25 1:22:00 AM AEST,nan,nan,nan,nan,nan,nan,328.50,nan,nan,nan,nan,nan
09-Aug-25 1:23:00 AM AEST,nan,nan,nan,nan,nan,nan,nan,0.05,2.40,0.50,328.60,nan
09-Aug-25 1:24:00 AM AEST,nan,95.3,nan,nan,nan,nan,328.40,0.19,3.50,2.00,328.40,nan
09-Aug-25 1:25:00 AM AEST,nan,95.2,nan,nan,nan,nan,nan,0.08,2.40,0.80,nan,nan
09-Aug-25 1:26:00 AM AEST,nan,95.3,nan,nan,nan,nan,328.50,nan,nan,nan,nan,nan
09-Aug-25 1:27:00 AM AEST,nan,nan,nan,nan,nan,nan,nan,0.11,nan,1.10,328.50,nan
09-Aug-25 1:28:00 AM AEST,nan,nan,nan,nan,nan,nan,nan,0.17,nan,1.70,nan,nan
09-Aug-25 1:29:00 AM AEST,nan,nan,nan,nan,nan,nan,nan,0.19,nan,2.00,nan,nan
09-Aug-25 1:30:00 AM AEST,nan,nan,nan,nan,nan,nan,nan,0.20,nan,nan,328.60,nan
09-Aug-25 1:31:00 AM AEST,nan,95.5,nan,nan,nan,nan,nan,0.11,1.20,1.10,328.50,nan
09-Aug-25 1:32:00 AM AEST,16.6,95.3,nan,nan,nan,nan,nan,0.01,nan,0.10,328.70,nan
09-Aug-25 1:33:00 AM AEST,nan,95.5,nan,nan,nan,nan,328.40,0.00,0.00,0.00,0.00,nan
09-Aug-25 1:34:00 AM AEST,nan,95.3,nan,nan,nan,nan,nan,nan,nan,nan,nan,nan
09-Aug-25 1:35:00 AM AEST,nan,95.5,nan,nan,nan,nan,328.50,nan,nan,nan,nan,nan
09-Aug-25 1:36:00 AM AEST,nan,nan,nan,nan,nan,nan,328.40,nan,nan,nan,nan,nan
09-Aug-25 1:37:00 AM AEST,nan,95.3,nan,nan,nan,nan,nan,nan,nan,nan,nan,nan
09-Aug-25 1:38:00 AM AEST,nan,95.5,15.8,nan,nan,nan,328.50,nan,nan,nan,nan,nan
09-Aug-25 1:39:00 AM AEST,nan,nan,15.9,nan,nan,nan,nan,nan,nan,nan,nan,nan
09-Aug-25 1:40:00 AM AEST,nan,nan,nan,nan,nan,nan,328.40,nan,nan,nan,nan,nan
09-Aug-25 1:41:00 AM AEST,nan,nan,nan,nan,nan,nan,nan,0.02,1.20,0.20,328.20,nan
09-Aug-25 1:42:00 AM AEST,nan,nan,15.8,nan,nan,nan,nan,0.04,nan,0.40,328.80,nan
09-Aug-25 1:43:00 AM AEST,nan,nan,nan,nan,nan,nan,nan,0.00,0.00,0.00,0.00,nan
09-Aug-25 1:44:00 AM AEST,nan,95.3,nan,nan,nan,nan,328.50,nan,nan,nan,nan,nan
09-Aug-25 1:45:00 AM AEST,nan,95.7,nan,nan,nan,nan,328.40,nan,nan,nan,nan,nan
09-Aug-25 1:46:00 AM AEST,nan,95.5,15.9,nan,nan,nan,nan,nan,nan,nan,nan,nan
09-Aug-25 1:47:00 AM AEST,nan,nan,15.8,nan,nan,nan,328.50,nan,nan,nan,nan,nan
09-Aug-25 1:48:00 AM AEST,nan,95.7,nan,nan,nan,nan,328.40,nan,nan,nan,nan,nan
09-Aug-25 1:49:00 AM AEST,16.5,95.5,15.9,nan,nan,nan,328.50,nan,nan,nan,nan,nan
09-Aug-25 1:50:00 AM AEST,nan,nan,15.8,nan,nan,nan,328.40,nan,nan,nan,nan,0.80
09-Aug-25 1:51:00 AM AEST,nan,95.7,nan,nan,nan,nan,328.50,nan,nan,nan,nan,0.00
09-Aug-25 1:52:00 AM AEST,nan,95.5,nan,nan,nan,nan,328.40,nan,nan,nan,nan,nan
09-Aug-25 1:53:00 AM AEST,nan,95.7,nan,nan,nan,nan,328.50,nan,nan,nan,nan,nan
09-Aug-25 1:54:00 AM AEST,nan,nan,nan,nan,nan,nan,328.40,0.04,1.20,0.40,328.40,nan
09-Aug-25 1:55:00 AM AEST,nan,nan,nan,nan,nan,nan,nan,0.02,nan,0.20,328.70,nan
09-Aug-25 1:56:00 AM AEST,nan,95.8,nan,nan,nan,nan,nan,0.05,nan,0.50,328.40,nan
09-Aug-25 1:56:00 AM AEST,nan,95.8,nan,nan,nan,nan,nan,0.00,nan,0.50,328.40,nan
09-Aug-25 1:57:00 AM AEST,nan,95.7,nan,nan,nan,nan,nan,nan,0.00,0.00,0.00,nan
09-Aug-25 1:58:00 AM AEST,nan,nan,nan,nan,nan,nan,328.50,nan,nan,nan,nan,nan
09-Aug-25 1:59:00 AM AEST,nan,nan,nan,nan,nan,nan,nan,0.04,1.20,0.40,328.80,nan
09-Aug-25 2:00:00 AM AEST,nan,95.8,nan,nan,nan,nan,nan,0.14,2.40,1.40,328.40,nan
09-Aug-25 2:01:00 AM AEST,nan,nan,15.9,nan,nan,nan,nan,0.02,1.20,0.20,328.20,nan
09-Aug-25 2:02:00 AM AEST,nan,nan,nan,nan,nan,nan,nan,0.00,0.00,0.00,0.00,nan
09-Aug-25 2:03:00 AM AEST,nan,nan,nan,nan,nan,nan,328.40,0.01,1.20,0.10,330.30,nan
09-Aug-25 2:04:00 AM AEST,nan,nan,nan,nan,nan,nan,nan,0.04,nan,0.40,328.50,nan
09-Aug-25 2:05:00 AM AEST,nan,nan,15.8,nan,nan,nan,328.50,0.00,0.00,0.00,0.00,nan
09-Aug-25 2:06:00 AM AEST,nan,nan,nan,nan,nan,nan,nan,0.01,1.20,0.10,328.70,nan
09-Aug-25 2:07:00 AM AEST,nan,nan,nan,nan,nan,nan,nan,0.14,2.40,1.40,328.50,nan
09-Aug-25 2:08:00 AM AEST,nan,nan,nan,nan,nan,nan,nan,0.01,1.20,0.10,330.30,nan
09-Aug-25 2:09:00 AM AEST,nan,96.0,nan,nan,nan,nan,nan,0.00,0.00,0.00,0.00,nan
09-Aug-25 2:10:00 AM AEST,nan,95.8,nan,nan,nan,nan,328.40,0.09,2.40,0.90,328.40,nan
09-Aug-25 2:11:00 AM AEST,nan,nan,nan,nan,nan,nan,nan,0.17,nan,1.70,nan,nan
09-Aug-25 2:12:00 AM AEST,16.4,nan,nan,nan,nan,nan,328.50,0.02,1.20,0.20,328.20,nan
09-Aug-25 2:13:00 AM AEST,nan,95.7,15.7,nan,nan,nan,328.40,0.00,0.00,0.00,0.00,nan
09-Aug-25 2:14:00 AM AEST,nan,95.8,nan,nan,nan,nan,328.50,0.05,2.40,0.50,328.60,nan
09-Aug-25 2:15:00 AM AEST,nan,nan,nan,nan,nan,nan,nan,0.18,nan,1.80,328.50,nan
09-Aug-25 2:16:00 AM AEST,16.5,nan,15.8,nan,nan,nan,nan,0.07,nan,0.70,nan,nan
09-Aug-25 2:17:00 AM AEST,nan,96.0,nan,nan,nan,nan,nan,0.00,0.00,0.00,0.00,nan
09-Aug-25 2:17:04 AM AEST,16.4,nan,nan,nan,nan,nan,nan,nan,nan,nan,nan,nan
09-Aug-25 2:18:00 AM AEST,nan,95.8,nan,nan,nan,nan,328.40,nan,nan,nan,nan,nan
09-Aug-25 2:19:00 AM AEST,nan,96.0,nan,nan,nan,nan,nan,nan,nan,nan,nan,nan
09-Aug-25 2:20:00 AM AEST,nan,95.8,nan,nan,nan,nan,nan,nan,nan,nan,nan,nan
09-Aug-25 2:21:00 AM AEST,nan,96.0,15.7,nan,nan,nan,nan,0.01,1.20,0.10,330.30,nan
09-Aug-25 2:22:00 AM AEST,nan,95.8,15.8,nan,nan,nan,nan,0.10,2.40,1.00,328.40,nan
09-Aug-25 2:23:00 AM AEST,nan,nan,15.7,nan,nan,nan,nan,0.03,1.20,0.30,nan,nan
09-Aug-25 2:24:00 AM AEST,16.3,96.0,nan,nan,nan,nan,328.50,0.00,0.00,0.00,0.00,nan
09-Aug-25 2:25:00 AM AEST,nan,95.8,nan,nan,nan,nan,nan,nan,nan,nan,nan,nan
09-Aug-25 2:26:00 AM AEST,nan,nan,nan,nan,nan,nan,328.40,nan,nan,nan,nan,nan
09-Aug-25 2:27:00 AM AEST,nan,nan,nan,nan,nan,nan,nan,nan,nan,nan,nan,0.80
09-Aug-25 2:28:00 AM AEST,nan,96.0,nan,nan,nan,nan,nan,nan,nan,nan,nan,0.00
09-Aug-25 2:30:00 AM AEST,nan,95.8,nan,nan,nan,nan,328.50,nan,nan,nan,nan,nan
09-Aug-25 2:31:00 AM AEST,nan,96.2,nan,nan,nan,nan,nan,nan,nan,nan,nan,nan
09-Aug-25 2:32:00 AM AEST,nan,96.0,nan,nan,nan,nan,nan,nan,nan,nan,nan,nan
09-Aug-25 2:33:00 AM AEST,nan,nan,nan,nan,nan,nan,328.40,nan,nan,nan,nan,nan
09-Aug-25 2:34:00 AM AEST,nan,nan,15.6,nan,nan,nan,328.50,nan,nan,nan,nan,nan
09-Aug-25 2:36:00 AM AEST,nan,nan,nan,nan,nan,nan,328.40,nan,nan,nan,nan,nan
09-Aug-25 2:37:00 AM AEST,nan,96.2,nan,nan,nan,nan,nan,nan,nan,nan,nan,nan
09-Aug-25 2:38:00 AM AEST,nan,nan,15.7,nan,nan,nan,328.50,nan,nan,nan,nan,nan
09-Aug-25 2:39:00 AM AEST,nan,96.0,nan,nan,nan,nan,328.40,nan,nan,nan,nan,nan
09-Aug-25 2:40:00 AM AEST,16.2,96.2,15.6,nan,nan,nan,328.50,0.02,nan,nan,nan,nan
09-Aug-25 2:40:00 AM AEST,16.2,96.0,15.6,nan,nan,nan,328.50,0.02,nan,nan,nan,nan
09-Aug-25 2:41:00 AM AEST,nan,nan,nan,nan,nan,nan,nan,nan,1.20,0.20,329.20,nan
09-Aug-25 2:42:00 AM AEST,nan,96.2,nan,nan,nan,nan,328.40,0.07,nan,0.70,328.50,nan
09-Aug-25 2:43:00 AM AEST,nan,nan,nan,nan,nan,nan,328.50,0.00,0.00,0.00,0.00,nan
09-Aug-25 2:44:00 AM AEST,nan,96.0,nan,nan,nan,nan,328.40,nan,nan,nan,nan,nan
09-Aug-25 2:45:00 AM AEST,nan,96.2,nan,nan,nan,nan,328.50,0.01,1.20,0.10,330.30,nan
09-Aug-25 2:46:00 AM AEST,nan,96.0,nan,nan,nan,nan,328.40,nan,nan,nan,nan,nan
09-Aug-25 2:47:00 AM AEST,16.1,nan,15.5,nan,nan,nan,nan,0.00,0.00,0.00,0.00,nan
09-Aug-25 2:49:00 AM AEST,nan,nan,nan,nan,nan,nan,nan,0.05,1.20,0.50,328.60,nan
09-Aug-25 2:50:00 AM AEST,nan,nan,nan,nan,nan,nan,328.50,0.14,2.40,1.40,328.50,nan
09-Aug-25 2:51:00 AM AEST,nan,95.8,nan,nan,nan,nan,328.40,0.11,nan,1.10,328.40,nan
09-Aug-25 2:52:00 AM AEST,nan,96.0,15.4,nan,nan,nan,nan,0.07,1.20,0.60,328.70,nan
09-Aug-25 2:53:00 AM AEST,nan,nan,nan,nan,nan,nan,nan,0.01,nan,0.10,330.30,nan
09-Aug-25 2:54:00 AM AEST,nan,nan,15.5,nan,nan,nan,nan,nan,nan,0.20,328.70,nan
09-Aug-25 2:54:00 AM AEST,nan,nan,15.4,nan,nan,nan,nan,nan,nan,0.20,328.70,nan
09-Aug-25 2:55:00 AM AEST,nan,96.2,nan,nan,nan,nan,nan,0.02,nan,nan,nan,nan
09-Aug-25 2:56:00 AM AEST,nan,96.0,15.5,nan,nan,nan,nan,0.01,nan,0.10,330.30,nan
09-Aug-25 2:57:00 AM AEST,nan,96.2,nan,nan,nan,nan,nan,0.00,0.00,0.00,0.00,nan
09-Aug-25 2:59:00 AM AEST,nan,nan,nan,nan,nan,nan,328.50,0.02,1.20,0.20,329.20,nan
09-Aug-25 3:00:00 AM AEST,16.2,nan,nan,nan,nan,nan,328.40,0.14,2.40,1.40,328.50,nan
09-Aug-25 3:01:00 AM AEST,nan,nan,15.6,nan,nan,nan,nan,0.00,0.00,0.00,0.00,nan
09-Aug-25 3:01:04 AM AEST,16.1,nan,nan,nan,nan,nan,nan,nan,nan,nan,nan,nan
09-Aug-25 3:02:00 AM AEST,nan,nan,15.5,nan,nan,nan,nan,nan,nan,nan,nan,nan
09-Aug-25 3:03:00 AM AEST,nan,96.3,nan,nan,nan,nan,nan,nan,nan,nan,nan,nan
09-Aug-25 3:04:00 AM AEST,nan,96.2,nan,nan,nan,nan,nan,0.06,1.20,0.60,328.30,0.80
09-Aug-25 3:05:00 AM AEST,nan,nan,nan,nan,nan,nan,nan,0.09,nan,0.90,328.40,0.00
09-Aug-25 3:06:00 AM AEST,nan,nan,nan,nan,nan,nan,nan,0.22,3.50,2.20,328.30,nan
09-Aug-25 3:07:00 AM AEST,nan,96.3,nan,nan,nan,nan,328.50,0.20,nan,2.00,328.60,nan
09-Aug-25 3:08:00 AM AEST,nan,nan,nan,nan,nan,nan,nan,0.12,2.40,1.20,328.40,nan
09-Aug-25 3:09:00 AM AEST,nan,nan,nan,nan,nan,nan,nan,0.05,nan,0.50,329.00,nan
09-Aug-25 3:10:00 AM AEST,nan,96.2,nan,nan,nan,nan,328.40,0.09,1.20,0.90,328.60,nan
09-Aug-25 3:11:00 AM AEST,nan,96.3,nan,nan,nan,nan,nan,0.00,0.00,0.00,0.00,nan
09-Aug-25 3:12:00 AM AEST,nan,nan,nan,nan,nan,nan,nan,0.01,1.20,0.10,330.30,nan
09-Aug-25 3:13:00 AM AEST,nan,96.2,nan,nan,nan,nan,328.50,0.00,0.00,0.00,0.00,nan
09-Aug-25 3:14:00 AM AEST,nan,96.3,nan,nan,nan,nan,nan,nan,nan,nan,nan,nan
09-Aug-25 3:15:00 AM AEST,nan,nan,nan,nan,nan,nan,328.40,nan,nan,nan,nan,nan
09-Aug-25 3:17:00 AM AEST,nan,nan,nan,nan,nan,nan,nan,0.01,1.20,0.10,330.30,nan
09-Aug-25 3:18:00 AM AEST,nan,nan,nan,nan,nan,nan,nan,0.00,0.00,0.00,0.00,nan
09-Aug-25 3:19:00 AM AEST,16.0,nan,nan,nan,nan,nan,nan,nan,nan,nan,nan,nan
09-Aug-25 3:20:00 AM AEST,nan,nan,15.4,nan,nan,nan,nan,nan,nan,nan,nan,nan
09-Aug-25 3:20:04 AM AEST,16.1,nan,nan,nan,nan,nan,nan,nan,nan,nan,nan,nan
09-Aug-25 3:21:00 AM AEST,nan,nan,15.5,nan,nan,nan,nan,nan,nan,nan,nan,nan
09-Aug-25 3:21:08 AM AEST,16.0,nan,nan,nan,nan,nan,nan,nan,nan,nan,nan,nan
09-Aug-25 3:22:00 AM AEST,nan,nan,15.4,nan,nan,nan,nan,nan,nan,nan,nan,nan
09-Aug-25 3:25:00 AM AEST,nan,96.2,nan,nan,nan,nan,nan,nan,nan,nan,nan,nan
09-Aug-25 3:26:00 AM AEST,nan,96.5,nan,nan,nan,nan,nan,nan,nan,nan,nan,nan
09-Aug-25 3:27:00 AM AEST,nan,96.3,nan,nan,nan,nan,328.50,nan,nan,nan,nan,nan
09-Aug-25 3:28:00 AM AEST,15.9,nan,nan,nan,nan,nan,328.40,nan,nan,nan,nan,nan
09-Aug-25 3:29:04 AM AEST,16.0,nan,nan,nan,nan,nan,nan,nan,nan,nan,nan,nan
09-Aug-25 3:30:08 AM AEST,15.9,nan,nan,nan,nan,nan,nan,nan,nan,nan,nan,nan
09-Aug-25 3:31:12 AM AEST,16.0,nan,nan,nan,nan,nan,nan,nan,nan,nan,nan,nan
09-Aug-25 3:31:12 AM AEST,15.9,nan,nan,nan,nan,nan,nan,nan,nan,nan,nan,nan
09-Aug-25 3:32:00 AM AEST,nan,nan,nan,nan,nan,nan,nan,0.01,1.20,0.10,330.30,nan
09-Aug-25 3:32:16 AM AEST,16.0,nan,nan,nan,nan,nan,nan,nan,nan,nan,nan,nan
09-Aug-25 3:33:00 AM AEST,nan,nan,15.3,nan,nan,nan,nan,0.00,0.00,0.00,0.00,nan
09-Aug-25 3:33:20 AM AEST,15.9,nan,nan,nan,nan,nan,nan,nan,nan,nan,nan,nan
09-Aug-25 3:34:00 AM AEST,nan,nan,15.4,nan,nan,nan,nan,nan,nan,nan,nan,nan
09-Aug-25 3:35:00 AM AEST,nan,96.5,15.3,nan,nan,nan,nan,nan,nan,nan,nan,nan
09-Aug-25 3:36:00 AM AEST,nan,96.3,15.4,nan,nan,nan,nan,0.02,1.20,0.20,328.20,nan
09-Aug-25 3:37:00 AM AEST,nan,96.5,15.3,nan,nan,nan,nan,0.04,nan,0.40,328.40,nan
09-Aug-25 3:38:00 AM AEST,nan,96.3,nan,nan,nan,nan,nan,0.00,0.00,0.00,0.00,nan
09-Aug-25 3:39:00 AM AEST,nan,96.5,nan,nan,nan,nan,nan,0.01,1.20,0.10,330.30,nan
09-Aug-25 3:40:00 AM AEST,nan,nan,15.4,nan,nan,nan,nan,0.00,0.00,0.00,0.00,0.80
09-Aug-25 3:41:00 AM AEST,nan,96.3,15.3,nan,nan,nan,328.50,nan,nan,nan,nan,0.00
09-Aug-25 3:42:00 AM AEST,nan,96.5,15.4,nan,nan,nan,nan,0.03,1.20,0.30,328.40,nan
09-Aug-25 3:43:00 AM AEST,nan,nan,15.3,nan,nan,nan,nan,0.00,nan,0.00,0.00,nan
09-Aug-25 3:44:00 AM AEST,nan,nan,15.4,nan,nan,nan,nan,0.04,nan,0.40,328.50,nan
09-Aug-25 3:45:00 AM AEST,nan,nan,nan,nan,nan,nan,328.40,0.00,0.00,0.00,0.00,nan
09-Aug-25 3:46:00 AM AEST,nan,nan,15.3,nan,nan,nan,328.50,0.11,2.40,1.10,328.40,nan
09-Aug-25 3:47:00 AM AEST,16.0,96.7,15.4,nan,nan,nan,nan,0.20,nan,2.00,nan,nan
09-Aug-25 3:48:00 AM AEST,nan,nan,15.5,nan,nan,nan,nan,0.11,nan,1.10,328.50,nan
09-Aug-25 3:48:04 AM AEST,15.9,nan,nan,nan,nan,nan,nan,nan,nan,nan,nan,nan
09-Aug-25 3:49:00 AM AEST,nan,96.5,15.4,nan,nan,nan,328.40,0.00,0.00,0.00,0.00,nan
09-Aug-25 3:50:00 AM AEST,nan,96.7,nan,nan,nan,nan,nan,nan,nan,nan,nan,nan
09-Aug-25 3:51:00 AM AEST,nan,96.5,nan,nan,nan,nan,nan,nan,nan,nan,nan,nan
09-Aug-25 3:52:00 AM AEST,nan,nan,15.3,nan,nan,nan,nan,nan,nan,nan,nan,nan
09-Aug-25 3:53:00 AM AEST,nan,nan,nan,nan,nan,nan,328.50,nan,nan,nan,nan,nan
09-Aug-25 3:54:00 AM AEST,nan,96.7,nan,nan,nan,nan,328.40,nan,nan,nan,nan,nan
09-Aug-25 3:55:00 AM AEST,16.0,96.5,nan,nan,nan,nan,229.60,0.36,5.90,2.60,206.30,nan
09-Aug-25 3:56:00 AM AEST,nan,96.8,15.4,nan,nan,nan,197.60,0.18,3.50,1.80,196.90,nan
09-Aug-25 3:56:04 AM AEST,16.1,nan,nan,nan,nan,nan,nan,nan,nan,nan,nan,nan
09-Aug-25 3:57:00 AM AEST,nan,nan,15.6,nan,nan,nan,198.10,0.01,1.20,0.10,198.40,nan
09-Aug-25 3:57:08 AM AEST,16.0,nan,nan,nan,nan,nan,nan,nan,nan,nan,nan,nan
09-Aug-25 3:58:00 AM AEST,nan,96.7,15.5,nan,nan,nan,nan,0.00,0.00,0.00,0.00,nan
09-Aug-25 3:58:12 AM AEST,15.9,nan,nan,nan,nan,nan,nan,nan,nan,nan,nan,nan
09-Aug-25 3:59:00 AM AEST,nan,nan,15.4,nan,nan,nan,nan,0.01,1.20,0.10,197.90,nan
09-Aug-25 4:00:00 AM AEST,nan,nan,nan,nan,nan,nan,nan,0.00,0.00,0.00,0.00,nan
09-Aug-25 4:01:00 AM AEST,nan,nan,nan,nan,nan,nan,nan,0.04,1.20,0.40,198.10,nan
09-Aug-25 4:02:00 AM AEST,nan,96.8,nan,nan,nan,nan,nan,0.15,2.40,1.50,198.00,nan
09-Aug-25 4:03:00 AM AEST,nan,96.7,nan,nan,nan,nan,nan,0.01,1.20,0.10,197.90,nan
09-Aug-25 4:04:00 AM AEST,nan,nan,nan,nan,nan,nan,nan,0.00,0.00,0.00,0.00,nan
09-Aug-25 4:05:00 AM AEST,nan,nan,nan,nan,nan,nan,nan,0.03,1.20,0.30,197.60,nan
09-Aug-25 4:06:00 AM AEST,nan,nan,nan,nan,nan,nan,nan,0.01,nan,0.10,196.20,nan
09-Aug-25 4:07:00 AM AEST,nan,nan,nan,nan,nan,nan,nan,0.00,0.00,0.00,0.00,nan
09-Aug-25 4:08:00 AM AEST,nan,nan,nan,nan,nan,nan,198.30,nan,nan,nan,nan,nan
09-Aug-25 4:09:00 AM AEST,15.8,nan,nan,nan,nan,nan,198.10,nan,nan,nan,nan,nan
09-Aug-25 4:10:00 AM AEST,nan,nan,15.3,nan,nan,nan,198.30,nan,nan,nan,nan,nan
09-Aug-25 4:12:00 AM AEST,nan,96.5,nan,nan,nan,nan,198.10,nan,nan,nan,nan,nan
09-Aug-25 4:13:00 AM AEST,nan,96.7,nan,nan,nan,nan,nan,nan,nan,nan,nan,nan
09-Aug-25 4:14:00 AM AEST,nan,nan,nan,nan,nan,nan,198.30,nan,nan,nan,nan,nan
09-Aug-25 4:15:00 AM AEST,nan,nan,nan,nan,nan,nan,198.10,nan,nan,nan,nan,nan
09-Aug-25 4:16:00 AM AEST,nan,nan,nan,nan,nan,nan,198.30,nan,nan,nan,nan,nan
09-Aug-25 4:17:00 AM AEST,nan,nan,nan,nan,nan,nan,198.10,nan,nan,nan,nan,0.80
09-Aug-25 4:18:00 AM AEST,nan,nan,nan,nan,nan,nan,nan,0.09,3.50,0.90,198.20,0.00
09-Aug-25 4:19:00 AM AEST,nan,96.8,nan,nan,nan,nan,nan,0.08,nan,0.80,198.00,nan
09-Aug-25 4:20:00 AM AEST,nan,nan,nan,nan,nan,nan,198.30,0.11,2.40,1.10,198.10,nan
09-Aug-25 4:21:00 AM AEST,15.7,96.7,nan,nan,nan,nan,198.10,0.05,nan,0.50,197.60,nan
09-Aug-25 4:22:00 AM AEST,nan,nan,15.2,nan,nan,nan,198.30,0.00,0.00,0.00,0.00,nan
09-Aug-25 4:22:04 AM AEST,15.8,nan,nan,nan,nan,nan,nan,nan,nan,nan,nan,nan
09-Aug-25 4:23:00 AM AEST,nan,96.8,nan,nan,nan,nan,nan,nan,nan,nan,nan,nan
09-Aug-25 4:24:00 AM AEST,nan,96.7,15.3,nan,nan,nan,198.10,nan,nan,nan,nan,nan
09-Aug-25 4:25:00 AM AEST,nan,96.8,nan,nan,nan,nan,198.30,nan,nan,nan,nan,nan
09-Aug-25 4:26:00 AM AEST,nan,nan,nan,nan,nan,nan,198.10,nan,nan,nan,nan,nan
09-Aug-25 4:28:00 AM AEST,nan,96.7,nan,nan,nan,nan,nan,nan,nan,nan,nan,nan
09-Aug-25 4:29:00 AM AEST,nan,96.8,15.2,nan,nan,nan,198.30,nan,nan,nan,nan,nan
09-Aug-25 4:30:00 AM AEST,nan,nan,15.3,nan,nan,nan,198.10,nan,nan,nan,nan,nan
09-Aug-25 4:31:00 AM AEST,nan,nan,nan,nan,nan,nan,198.30,nan,nan,nan,nan,nan
09-Aug-25 4:32:00 AM AEST,15.7,96.7,nan,nan,nan,nan,198.10,nan,nan,nan,nan,nan
09-Aug-25 4:33:00 AM AEST,nan,96.8,15.2,nan,nan,nan,nan,nan,nan,nan,nan,nan
09-Aug-25 4:34:00 AM AEST,15.8,nan,nan,nan,nan,nan,198.30,nan,nan,nan,nan,nan
09-Aug-25 4:35:00 AM AEST,nan,nan,15.3,nan,nan,nan,198.10,0.08,2.40,0.80,198.10,nan
09-Aug-25 4:35:04 AM AEST,15.7,nan,nan,nan,nan,nan,nan,nan,nan,nan,nan,nan
09-Aug-25 4:36:00 AM AEST,nan,nan,nan,nan,nan,nan,nan,0.09,nan,0.90,198.00,nan
09-Aug-25 4:37:00 AM AEST,nan,nan,15.2,nan,nan,nan,198.30,0.00,0.00,0.00,0.00,nan
09-Aug-25 4:43:00 AM AEST,nan,nan,nan,nan,nan,nan,nan,0.01,1.20,0.10,198.40,nan
09-Aug-25 4:44:00 AM AEST,nan,nan,nan,nan,nan,nan,nan,0.12,2.40,1.20,198.20,nan
09-Aug-25 4:45:00 AM AEST,nan,nan,nan,nan,nan,nan,nan,0.01,1.20,0.10,197.90,nan
09-Aug-25 4:46:00 AM AEST,nan,97.0,nan,nan,nan,nan,nan,0.00,0.00,0.00,0.00,nan
09-Aug-25 4:47:00 AM AEST,nan,96.8,nan,nan,nan,nan,198.10,0.01,1.20,0.10,198.40,nan
09-Aug-25 4:48:00 AM AEST,nan,97.0,nan,nan,nan,nan,198.30,0.00,nan,0.00,0.00,nan
09-Aug-25 4:49:00 AM AEST,nan,96.8,nan,nan,nan,nan,198.10,nan,0.00,nan,nan,nan
09-Aug-25 4:50:00 AM AEST,nan,97.0,nan,nan,nan,nan,nan,nan,nan,nan,nan,nan
09-Aug-25 4:51:00 AM AEST,nan,nan,15.3,nan,nan,nan,nan,nan,nan,nan,nan,nan
09-Aug-25 4:52:00 AM AEST,nan,nan,nan,nan,nan,nan,nan,0.02,1.20,0.20,197.70,nan
09-Aug-25 4:53:00 AM AEST,nan,nan,nan,nan,nan,nan,nan,0.11,2.40,1.10,198.30,0.80
09-Aug-25 4:54:00 AM AEST,15.8,nan,15.2,nan,nan,nan,nan,0.17,3.50,1.70,198.00,0.00
09-Aug-25 4:55:00 AM AEST,nan,nan,15.3,nan,nan,nan,198.30,0.01,1.20,0.10,198.40,nan
09-Aug-25 4:55:04 AM AEST,15.7,nan,nan,nan,nan,nan,nan,nan,nan,nan,nan,nan
09-Aug-25 4:56:00 AM AEST,nan,nan,nan,nan,nan,nan,nan,0.00,0.00,0.00,0.00,nan
09-Aug-25 4:58:00 AM AEST,nan,nan,nan,nan,nan,nan,198.10,nan,nan,nan,nan,nan
09-Aug-25 4:59:00 AM AEST,nan,nan,15.2,nan,nan,nan,198.30,nan,nan,nan,nan,nan
09-Aug-25 5:01:00 AM AEST,nan,96.8,15.3,nan,nan,nan,198.10,0.14,3.50,1.40,197.90,nan
09-Aug-25 5:02:00 AM AEST,nan,97.0,15.2,nan,nan,nan,nan,0.13,2.40,1.30,198.00,nan
09-Aug-25 5:03:00 AM AEST,15.8,97.2,nan,nan,nan,nan,nan,0.07,1.20,0.60,198.50,nan
09-Aug-25 5:04:00 AM AEST,nan,nan,15.4,nan,nan,nan,198.30,0.09,nan,0.90,198.00,nan
09-Aug-25 5:05:00 AM AEST,nan,97.0,15.3,nan,nan,nan,198.10,0.00,0.00,0.00,0.00,nan
09-Aug-25 5:06:00 AM AEST,nan,97.2,nan,nan,nan,nan,nan,0.01,1.20,0.10,198.40,nan
09-Aug-25 5:07:00 AM AEST,nan,nan,nan,nan,nan,nan,198.30,0.00,0.00,0.00,0.00,nan
09-Aug-25 5:09:00 AM AEST,15.7,nan,nan,nan,nan,nan,198.10,nan,nan,nan,nan,nan
09-Aug-25 5:11:00 AM AEST,nan,97.0,nan,nan,nan,nan,nan,0.08,1.20,0.80,198.30,nan
09-Aug-25 5:12:00 AM AEST,nan,97.2,15.2,nan,nan,nan,nan,0.01,nan,0.10,194.90,nan
09-Aug-25 5:13:00 AM AEST,nan,nan,15.3,nan,nan,nan,nan,0.00,0.00,0.00,0.00,nan
09-Aug-25 5:15:00 AM AEST,nan,97.0,nan,nan,nan,nan,nan,nan,nan,nan,nan,nan
09-Aug-25 5:16:00 AM AEST,nan,nan,15.2,nan,nan,nan,nan,nan,nan,nan,nan,nan
09-Aug-25 5:17:00 AM AEST,nan,97.2,nan,nan,nan,nan,198.30,nan,nan,nan,nan,nan
09-Aug-25 5:18:00 AM AEST,nan,97.0,nan,nan,nan,nan,nan,nan,nan,nan,nan,nan
09-Aug-25 5:19:00 AM AEST,15.6,nan,nan,nan,nan,nan,198.10,nan,nan,nan,nan,nan
09-Aug-25 5:20:00 AM AEST,nan,nan,15.1,nan,nan,nan,198.30,nan,nan,nan,nan,nan
09-Aug-25 5:20:04 AM AEST,15.7,nan,nan,nan,nan,nan,nan,nan,nan,nan,nan,nan
09-Aug-25 5:21:00 AM AEST,nan,97.2,15.2,nan,nan,nan,198.10,0.01,1.20,0.10,194.90,nan
09-Aug-25 5:22:00 AM AEST,nan,nan,nan,nan,nan,nan,nan,0.00,0.00,0.00,0.00,nan
09-Aug-25 5:23:00 AM AEST,nan,nan,15.3,nan,nan,nan,nan,nan,nan,nan,nan,nan
09-Aug-25 5:24:00 AM AEST,nan,nan,15.2,nan,nan,nan,nan,nan,nan,nan,nan,nan
09-Aug-25 5:26:00 AM AEST,15.6,97.3,nan,nan,nan,nan,nan,nan,nan,nan,nan,nan
09-Aug-25 5:27:00 AM AEST,nan,97.2,nan,nan,nan,nan,nan,nan,nan,nan,nan,nan
09-Aug-25 5:27:04 AM AEST,15.7,nan,nan,nan,nan,nan,nan,nan,nan,nan,nan,nan
09-Aug-25 5:29:00 AM AEST,nan,nan,nan,nan,nan,nan,nan,nan,nan,nan,nan,0.80
09-Aug-25 5:30:00 AM AEST,15.6,97.3,nan,nan,nan,nan,nan,nan,nan,nan,nan,0.00
09-Aug-25 5:31:00 AM AEST,nan,97.2,nan,nan,nan,nan,nan,nan,nan,nan,nan,nan
09-Aug-25 5:32:00 AM AEST,nan,nan,nan,nan,nan,nan,nan,0.01,1.20,0.10,194.90,nan
09-Aug-25 5:33:00 AM AEST,nan,nan,15.1,nan,nan,nan,nan,0.00,0.00,0.00,0.00,nan
09-Aug-25 5:34:00 AM AEST,nan,97.3,15.2,nan,nan,nan,nan,nan,nan,nan,nan,nan
09-Aug-25 5:35:00 AM AEST,15.7,97.2,nan,nan,nan,nan,nan,nan,nan,nan,nan,nan
09-Aug-25 5:36:00 AM AEST,nan,97.3,nan,nan,nan,nan,nan,0.07,3.50,0.60,198.10,nan
09-Aug-25 5:36:04 AM AEST,15.6,nan,nan,nan,nan,nan,nan,nan,nan,nan,nan,nan
09-Aug-25 5:37:00 AM AEST,nan,nan,nan,nan,nan,nan,198.30,0.20,nan,2.00,nan,nan
09-Aug-25 5:38:00 AM AEST,nan,nan,nan,nan,nan,nan,nan,0.01,1.20,0.10,197.90,nan
09-Aug-25 5:39:00 AM AEST,nan,97.2,nan,nan,nan,nan,198.10,0.00,0.00,0.00,0.00,nan
09-Aug-25 5:40:00 AM AEST,nan,nan,nan,nan,nan,nan,nan,0.03,2.40,0.30,197.60,nan
09-Aug-25 5:41:00 AM AEST,nan,97.3,15.1,nan,nan,nan,nan,0.19,nan,1.90,198.30,nan
09-Aug-25 5:42:00 AM AEST,nan,97.2,15.2,nan,nan,nan,nan,0.08,nan,0.80,198.10,nan
09-Aug-25 5:43:00 AM AEST,nan,nan,nan,nan,nan,nan,nan,0.01,1.20,0.10,196.20,nan
09-Aug-25 5:44:00 AM AEST,nan,97.3,15.1,nan,nan,nan,nan,nan,nan,nan,194.90,nan
09-Aug-25 5:45:00 AM AEST,nan,97.2,nan,nan,nan,nan,nan,0.00,0.00,0.00,0.00,nan
09-Aug-25 5:46:00 AM AEST,15.5,nan,nan,nan,nan,nan,nan,nan,nan,nan,nan,nan
09-Aug-25 5:47:00 AM AEST,nan,97.3,nan,nan,nan,nan,nan,nan,nan,nan,nan,nan
09-Aug-25 5:48:00 AM AEST,nan,97.2,nan,nan,nan,nan,nan,nan,nan,nan,nan,nan
09-Aug-25 5:49:00 AM AEST,nan,nan,nan,nan,nan,nan,nan,0.06,2.40,0.60,197.90,nan
09-Aug-25 5:50:00 AM AEST,nan,97.3,nan,nan,nan,nan,nan,0.04,1.20,0.40,198.20,nan
09-Aug-25 5:51:00 AM AEST,nan,97.2,nan,nan,nan,nan,nan,0.00,0.00,0.00,0.00,nan
09-Aug-25 5:52:00 AM AEST,nan,97.3,15.0,nan,nan,nan,nan,nan,nan,nan,nan,nan
09-Aug-25 5:53:00 AM AEST,nan,97.2,15.1,nan,nan,nan,nan,nan,nan,nan,nan,nan
09-Aug-25 5:54:00 AM AEST,nan,97.3,nan,nan,nan,nan,nan,0.01,1.20,0.10,198.40,nan
09-Aug-25 5:55:00 AM AEST,nan,97.2,nan,nan,nan,nan,nan,nan,nan,nan,196.20,nan
09-Aug-25 5:56:00 AM AEST,nan,97.3,15.0,nan,nan,nan,nan,0.00,0.00,0.00,0.00,nan
09-Aug-25 5:57:00 AM AEST,nan,nan,15.1,nan,nan,nan,nan,nan,nan,nan,nan,nan
09-Aug-25 5:58:00 AM AEST,nan,97.2,nan,nan,nan,nan,nan,nan,nan,nan,nan,nan
09-Aug-25 5:59:00 AM AEST,nan,97.3,15.0,nan,nan,nan,nan,nan,nan,nan,nan,nan
09-Aug-25 6:00:00 AM AEST,nan,97.2,nan,nan,nan,0.02,nan,nan,nan,nan,nan,nan
09-Aug-25 6:01:00 AM AEST,15.4,97.3,nan,nan,nan,nan,nan,nan,nan,nan,nan,nan
09-Aug-25 6:02:00 AM AEST,nan,97.2,nan,nan,nan,nan,nan,nan,nan,nan,nan,nan
09-Aug-25 6:03:00 AM AEST,nan,97.3,14.9,nan,nan,nan,nan,nan,nan,nan,nan,nan
09-Aug-25 6:04:00 AM AEST,nan,97.2,15.0,nan,nan,nan,nan,nan,nan,nan,nan,nan
09-Aug-25 6:05:00 AM AEST,15.3,nan,14.9,nan,nan,nan,nan,nan,nan,nan,nan,nan
09-Aug-25 6:06:00 AM AEST,nan,97.3,nan,nan,nan,nan,nan,nan,nan,nan,nan,0.80
09-Aug-25 6:07:00 AM AEST,nan,97.2,nan,nan,nan,nan,nan,nan,nan,nan,nan,0.00
09-Aug-25 6:09:00 AM AEST,nan,97.3,14.8,nan,nan,nan,nan,nan,nan,nan,nan,nan
09-Aug-25 6:11:00 AM AEST,nan,nan,14.9,nan,nan,nan,nan,nan,nan,nan,nan,nan
09-Aug-25 6:13:00 AM AEST,15.4,nan,nan,nan,nan,nan,nan,0.01,1.20,0.10,197.90,nan
09-Aug-25 6:14:00 AM AEST,nan,nan,15.0,nan,nan,nan,nan,0.14,2.40,1.40,198.00,nan
09-Aug-25 6:15:00 AM AEST,nan,97.5,nan,nan,nan,nan,nan,0.01,1.20,0.10,197.90,nan
09-Aug-25 6:16:00 AM AEST,15.3,97.3,nan,nan,nan,nan,nan,0.00,0.00,0.00,0.00,nan
09-Aug-25 6:17:00 AM AEST,nan,nan,14.9,nan,nan,nan,nan,nan,nan,nan,nan,nan
09-Aug-25 6:22:00 AM AEST,nan,nan,14.8,nan,nan,nan,nan,nan,nan,nan,nan,nan
09-Aug-25 6:25:00 AM AEST,nan,97.5,nan,nan,nan,nan,nan,0.08,1.20,0.80,197.80,nan
09-Aug-25 6:26:00 AM AEST,nan,97.3,14.9,nan,nan,nan,nan,0.02,nan,0.20,197.70,nan
09-Aug-25 6:27:00 AM AEST,nan,97.5,nan,nan,nan,nan,nan,0.00,0.00,0.00,0.00,nan
09-Aug-25 6:29:00 AM AEST,nan,97.3,nan,nan,nan,nan,nan,nan,nan,nan,nan,nan
09-Aug-25 6:30:00 AM AEST,nan,97.5,nan,nan,nan,nan,nan,nan,nan,nan,nan,nan
09-Aug-25 6:31:00 AM AEST,nan,97.3,nan,nan,nan,nan,nan,nan,nan,nan,nan,nan
09-Aug-25 6:32:00 AM AEST,nan,97.5,14.8,nan,nan,nan,nan,nan,nan,nan,nan,nan
09-Aug-25 6:33:00 AM AEST,nan,nan,14.9,nan,nan,nan,nan,nan,nan,nan,nan,nan
09-Aug-25 6:34:00 AM AEST,nan,nan,nan,nan,nan,nan,nan,0.05,1.20,0.50,198.00,nan
09-Aug-25 6:35:00 AM AEST,nan,nan,nan,nan,nan,nan,nan,0.04,2.40,0.40,198.10,nan
09-Aug-25 6:36:00 AM AEST,nan,nan,nan,nan,nan,nan,nan,0.14,nan,1.40,nan,0.80
09-Aug-25 6:37:00 AM AEST,nan,nan,nan,nan,nan,nan,nan,0.01,1.20,0.10,197.90,nan
09-Aug-25 6:38:00 AM AEST,15.4,nan,nan,nan,nan,nan,nan,0.17,2.40,1.70,198.00,1.60
09-Aug-25 6:39:00 AM AEST,nan,nan,15.0,nan,nan,nan,nan,0.10,nan,1.00,198.10,1.70
09-Aug-25 6:40:00 AM AEST,nan,97.7,nan,nan,nan,nan,nan,0.01,1.20,0.10,194.90,1.60
09-Aug-25 6:41:00 AM AEST,nan,97.5,nan,nan,nan,nan,nan,0.00,0.00,0.00,0.00,1.70
09-Aug-25 6:42:00 AM AEST,nan,97.7,nan,nan,nan,nan,nan,nan,nan,nan,nan,2.50
09-Aug-25 6:43:00 AM AEST,15.3,97.5,nan,nan,nan,nan,nan,nan,nan,nan,nan,nan
09-Aug-25 6:44:00 AM AEST,nan,nan,14.9,nan,nan,nan,nan,nan,nan,nan,nan,3.30
09-Aug-25 6:45:00 AM AEST,nan,97.7,nan,nan,nan,nan,nan,nan,nan,nan,nan,4.10
09-Aug-25 6:46:00 AM AEST,nan,97.5,15.0,nan,nan,nan,nan,nan,nan,nan,nan,4.20
09-Aug-25 6:47:00 AM AEST,nan,nan,14.9,nan,nan,nan,nan,nan,nan,nan,nan,5.00
09-Aug-25 6:48:00 AM AEST,nan,nan,nan,nan,nan,nan,nan,nan,nan,nan,nan,5.80
09-Aug-25 6:49:00 AM AEST,nan,nan,nan,nan,nan,nan,nan,nan,nan,nan,nan,5.00
09-Aug-25 6:50:00 AM AEST,nan,nan,nan,nan,nan,nan,nan,nan,nan,nan,nan,6.70
09-Aug-25 6:51:00 AM AEST,nan,97.7,nan,nan,nan,nan,nan,0.02,1.20,0.20,197.70,7.50
09-Aug-25 6:52:00 AM AEST,15.4,97.5,15.0,nan,nan,nan,nan,0.08,nan,0.80,198.30,6.70
09-Aug-25 6:53:00 AM AEST,nan,97.7,nan,nan,nan,nan,nan,0.03,2.40,0.30,197.60,8.30
09-Aug-25 6:54:00 AM AEST,nan,nan,nan,nan,nan,nan,nan,0.00,0.00,0.00,0.00,nan
09-Aug-25 6:55:00 AM AEST,nan,97.5,nan,nan,nan,nan,nan,nan,nan,nan,nan,9.10
09-Aug-25 6:56:00 AM AEST,nan,97.7,nan,nan,nan,nan,nan,0.12,2.40,1.20,198.10,9.20
09-Aug-25 6:57:00 AM AEST,nan,97.5,nan,nan,nan,nan,198.00,0.05,nan,0.50,198.00,10.00
09-Aug-25 6:58:00 AM AEST,nan,97.7,nan,nan,nan,nan,198.10,0.00,0.00,0.00,0.00,10.80
09-Aug-25 6:59:00 AM AEST,nan,nan,15.1,nan,nan,nan,nan,0.01,1.20,0.10,197.90,nan
09-Aug-25 7:00:00 AM AEST,nan,97.5,15.0,nan,nan,nan,nan,0.00,0.00,0.00,0.00,11.60
09-Aug-25 7:00:04 AM AEST,nan,nan,nan,nan,nan,0.03,nan,nan,nan,nan,nan,nan
09-Aug-25 7:01:00 AM AEST,nan,97.7,nan,nan,nan,nan,nan,0.10,2.40,1.00,197.90,11.70
09-Aug-25 7:02:00 AM AEST,nan,97.5,15.1,nan,nan,nan,nan,0.04,nan,0.40,197.50,12.50
09-Aug-25 7:03:00 AM AEST,nan,97.7,15.0,nan,nan,nan,nan,0.00,0.00,0.00,0.00,11.70
09-Aug-25 7:04:00 AM AEST,nan,nan,15.1,nan,nan,nan,nan,nan,nan,nan,nan,13.30
09-Aug-25 7:05:00 AM AEST,nan,nan,nan,nan,nan,nan,198.00,nan,nan,nan,nan,nan
09-Aug-25 7:06:00 AM AEST,nan,97.5,nan,nan,nan,nan,198.10,nan,nan,nan,nan,nan
09-Aug-25 7:07:00 AM AEST,nan,97.7,15.0,nan,nan,nan,nan,nan,nan,nan,nan,14.20
09-Aug-25 7:08:00 AM AEST,nan,97.5,nan,nan,nan,nan,nan,nan,nan,nan,nan,15.00
09-Aug-25 7:09:00 AM AEST,nan,97.7,nan,nan,nan,nan,nan,nan,nan,nan,nan,nan
09-Aug-25 7:10:00 AM AEST,15.5,97.5,15.1,nan,nan,nan,nan,nan,nan,nan,nan,nan
09-Aug-25 7:11:00 AM AEST,nan,97.7,nan,nan,nan,nan,nan,nan,nan,nan,nan,15.80
09-Aug-25 7:13:00 AM AEST,nan,97.5,nan,nan,nan,nan,nan,nan,nan,nan,nan,16.60
09-Aug-25 7:14:00 AM AEST,nan,97.7,nan,nan,nan,nan,nan,nan,nan,nan,nan,17.50
09-Aug-25 7:15:00 AM AEST,nan,nan,nan,nan,nan,nan,nan,nan,nan,nan,nan,16.60
09-Aug-25 7:16:00 AM AEST,nan,nan,nan,nan,nan,nan,nan,nan,nan,nan,nan,18.30
09-Aug-25 7:17:00 AM AEST,15.6,nan,15.2,nan,nan,nan,nan,nan,nan,nan,nan,nan
09-Aug-25 7:18:04 AM AEST,15.7,nan,nan,nan,nan,nan,nan,nan,nan,nan,nan,nan
09-Aug-25 7:19:00 AM AEST,nan,97.8,15.3,nan,nan,nan,nan,nan,nan,nan,nan,19.10
09-Aug-25 7:20:00 AM AEST,nan,nan,nan,nan,nan,nan,nan,nan,nan,nan,nan,19.20
09-Aug-25 7:21:00 AM AEST,nan,nan,nan,nan,nan,nan,nan,nan,nan,nan,nan,19.10
09-Aug-25 7:22:00 AM AEST,nan,nan,15.4,nan,nan,nan,nan,0.01,1.20,0.10,197.90,20.80
09-Aug-25 7:23:00 AM AEST,15.8,nan,nan,nan,nan,nan,nan,0.00,0.00,0.00,0.00,21.60
09-Aug-25 7:24:00 AM AEST,nan,98.0,15.5,nan,nan,nan,nan,nan,nan,nan,nan,21.70
09-Aug-25 7:24:04 AM AEST,15.9,nan,nan,nan,nan,nan,nan,nan,nan,nan,nan,nan
09-Aug-25 7:25:00 AM AEST,nan,97.8,15.6,nan,nan,nan,nan,nan,nan,nan,nan,20.80
09-Aug-25 7:25:08 AM AEST,15.8,nan,nan,nan,nan,nan,nan,nan,nan,nan,nan,nan
09-Aug-25 7:26:00 AM AEST,nan,98.0,15.5,nan,nan,nan,nan,nan,nan,nan,nan,22.50
09-Aug-25 7:26:12 AM AEST,15.9,nan,nan,nan,nan,nan,nan,nan,nan,nan,nan,nan
09-Aug-25 7:27:00 AM AEST,nan,nan,15.6,nan,nan,nan,nan,nan,nan,nan,nan,21.70
09-Aug-25 7:28:00 AM AEST,nan,97.8,nan,nan,nan,nan,nan,nan,nan,nan,nan,22.50
09-Aug-25 7:29:00 AM AEST,nan,98.0,nan,nan,nan,nan,nan,nan,nan,nan,nan,nan
09-Aug-25 7:30:00 AM AEST,nan,nan,nan,nan,nan,nan,nan,nan,nan,nan,nan,23.30
09-Aug-25 7:31:00 AM AEST,nan,97.8,nan,nan,nan,nan,nan,nan,nan,nan,nan,24.20
09-Aug-25 7:32:00 AM AEST,nan,98.0,nan,nan,nan,nan,nan,nan,nan,nan,nan,24.10
09-Aug-25 7:33:00 AM AEST,nan,nan,nan,nan,nan,nan,nan,nan,nan,nan,nan,24.20
09-Aug-25 7:34:00 AM AEST,16.0,97.8,nan,nan,nan,nan,nan,nan,nan,nan,nan,25.00
09-Aug-25 7:35:00 AM AEST,nan,98.0,15.7,nan,nan,nan,nan,nan,nan,nan,nan,nan
09-Aug-25 7:35:04 AM AEST,16.1,nan,nan,nan,nan,nan,nan,nan,nan,nan,nan,nan
09-Aug-25 7:36:00 AM AEST,nan,nan,15.8,nan,nan,nan,nan,nan,nan,nan,nan,25.80
09-Aug-25 7:37:00 AM AEST,nan,97.8,nan,nan,nan,nan,nan,nan,nan,nan,nan,nan
09-Aug-25 7:38:00 AM AEST,16.2,98.2,nan,nan,nan,nan,nan,nan,nan,nan,nan,nan
09-Aug-25 7:39:00 AM AEST,nan,98.0,15.9,nan,nan,nan,nan,nan,nan,nan,nan,nan
09-Aug-25 7:40:00 AM AEST,16.3,98.2,nan,nan,nan,nan,nan,nan,nan,nan,nan,26.60
09-Aug-25 7:41:00 AM AEST,nan,nan,16.0,nan,nan,nan,nan,nan,nan,nan,nan,29.20
09-Aug-25 7:42:00 AM AEST,16.4,nan,nan,nan,nan,nan,nan,nan,nan,nan,nan,40.00
09-Aug-25 7:43:00 AM AEST,nan,nan,16.1,nan,nan,nan,nan,0.01,1.20,0.10,194.90,42.50
09-Aug-25 7:43:04 AM AEST,16.5,nan,nan,nan,nan,nan,nan,nan,nan,nan,nan,nan
09-Aug-25 7:44:00 AM AEST,nan,98.3,16.2,nan,nan,nan,198.30,0.00,0.00,0.00,0.00,37.50
09-Aug-25 7:44:08 AM AEST,16.6,nan,nan,nan,nan,nan,nan,nan,nan,nan,nan,nan
09-Aug-25 7:45:00 AM AEST,nan,nan,nan,nan,nan,nan,198.10,nan,nan,nan,nan,43.30
09-Aug-25 7:45:12 AM AEST,16.7,nan,nan,nan,nan,nan,nan,nan,nan,nan,nan,nan
09-Aug-25 7:46:00 AM AEST,nan,nan,16.4,nan,nan,nan,nan,nan,nan,nan,nan,40.00
09-Aug-25 7:47:00 AM AEST,nan,98.5,nan,nan,nan,nan,nan,nan,nan,nan,nan,39.10
09-Aug-25 7:48:00 AM AEST,nan,98.3,16.5,nan,nan,nan,nan,nan,nan,nan,nan,45.80
09-Aug-25 7:49:00 AM AEST,16.8,98.5,nan,nan,nan,nan,nan,nan,nan,nan,nan,38.30
09-Aug-25 7:50:00 AM AEST,nan,nan,nan,nan,nan,nan,nan,nan,nan,nan,nan,36.70
09-Aug-25 7:51:00 AM AEST,16.9,98.3,16.6,nan,nan,nan,nan,nan,nan,nan,nan,37.50
09-Aug-25 7:52:00 AM AEST,nan,98.5,nan,nan,nan,nan,nan,nan,nan,nan,nan,35.80
09-Aug-25 7:53:00 AM AEST,17.0,nan,16.7,nan,nan,nan,nan,nan,nan,nan,nan,37.50
09-Aug-25 7:54:00 AM AEST,nan,98.7,16.8,nan,nan,nan,nan,nan,nan,nan,nan,39.20
09-Aug-25 7:55:00 AM AEST,nan,98.5,nan,nan,nan,nan,nan,nan,nan,nan,nan,36.70
09-Aug-25 7:56:00 AM AEST,17.1,nan,nan,nan,nan,nan,nan,nan,nan,nan,nan,40.00
09-Aug-25 7:57:00 AM AEST,nan,98.7,16.9,nan,nan,nan,nan,nan,nan,nan,nan,50.00
09-Aug-25 7:58:00 AM AEST,nan,98.5,nan,nan,nan,nan,nan,nan,nan,nan,nan,70.00
09-Aug-25 7:59:00 AM AEST,17.2,nan,nan,nan,nan,nan,nan,nan,nan,nan,nan,102.50
09-Aug-25 8:00:08 AM AEST,nan,nan,nan,nan,nan,0.16,nan,nan,nan,nan,nan,nan
09-Aug-25 8:01:00 AM AEST,nan,nan,17.0,nan,nan,nan,nan,nan,nan,nan,nan,99.10
09-Aug-25 8:01:00 AM AEST,nan,nan,17.0,nan,nan,nan,nan,nan,nan,nan,nan,94.20
09-Aug-25 8:02:00 AM AEST,17.3,nan,nan,nan,nan,nan,nan,nan,nan,nan,nan,115.80
09-Aug-25 8:03:00 AM AEST,nan,nan,17.1,nan,nan,nan,nan,nan,nan,nan,nan,162.50
09-Aug-25 8:03:04 AM AEST,17.4,nan,nan,nan,nan,nan,nan,nan,nan,nan,nan,nan
09-Aug-25 8:04:00 AM AEST,nan,98.7,17.2,nan,nan,nan,nan,nan,nan,nan,nan,201.60
09-Aug-25 8:04:08 AM AEST,17.5,nan,nan,nan,nan,nan,nan,nan,nan,nan,nan,nan
09-Aug-25 8:04:08 AM AEST,17.6,nan,nan,nan,nan,nan,nan,nan,nan,nan,nan,nan
09-Aug-25 8:05:00 AM AEST,nan,98.8,17.3,nan,nan,nan,nan,nan,nan,nan,nan,210.00
09-Aug-25 8:05:12 AM AEST,17.8,nan,nan,nan,nan,nan,nan,nan,nan,nan,nan,nan
09-Aug-25 8:06:00 AM AEST,nan,98.7,17.4,nan,nan,nan,nan,nan,nan,nan,nan,211.70
09-Aug-25 8:06:16 AM AEST,18.0,nan,nan,nan,nan,nan,nan,nan,nan,nan,nan,nan
09-Aug-25 8:07:00 AM AEST,nan,99.0,17.6,nan,nan,nan,nan,nan,nan,nan,nan,213.30
09-Aug-25 8:07:20 AM AEST,18.2,nan,nan,nan,nan,nan,nan,nan,nan,nan,nan,nan
09-Aug-25 8:08:00 AM AEST,nan,nan,17.8,nan,nan,nan,198.30,nan,nan,nan,nan,214.20
09-Aug-25 8:09:00 AM AEST,nan,nan,18.0,nan,nan,nan,198.10,nan,nan,nan,nan,218.30
09-Aug-25 8:10:00 AM AEST,18.4,nan,18.1,nan,nan,nan,nan,nan,nan,nan,nan,nan
09-Aug-25 8:11:00 AM AEST,nan,nan,18.2,nan,nan,nan,nan,nan,nan,nan,nan,217.50
09-Aug-25 8:12:00 AM AEST,nan,nan,nan,nan,nan,nan,nan,nan,nan,nan,nan,225.00
09-Aug-25 8:13:00 AM AEST,nan,nan,18.3,nan,nan,nan,nan,nan,nan,nan,nan,229.90
09-Aug-25 8:14:00 AM AEST,nan,98.7,18.2,nan,nan,nan,nan,nan,nan,nan,nan,229.20
09-Aug-25 8:15:00 AM AEST,nan,nan,nan,nan,nan,nan,nan,nan,nan,nan,nan,230.80
09-Aug-25 8:16:00 AM AEST,18.5,nan,nan,nan,nan,nan,198.30,nan,nan,nan,nan,231.70
09-Aug-25 8:17:00 AM AEST,nan,98.5,18.3,nan,nan,nan,198.10,nan,nan,nan,nan,237.40
09-Aug-25 8:17:04 AM AEST,18.8,nan,nan,nan,nan,nan,nan,nan,nan,nan,nan,nan
09-Aug-25 8:18:00 AM AEST,nan,nan,18.5,nan,nan,nan,198.30,nan,nan,nan,nan,235.00
09-Aug-25 8:18:08 AM AEST,18.9,nan,nan,nan,nan,nan,nan,nan,nan,nan,nan,nan
09-Aug-25 8:19:00 AM AEST,nan,nan,18.7,nan,nan,nan,198.10,nan,nan,nan,nan,241.70
09-Aug-25 8:19:12 AM AEST,19.0,nan,nan,nan,nan,nan,nan,nan,nan,nan,nan,nan
09-Aug-25 8:20:00 AM AEST,nan,98.3,18.6,nan,nan,nan,nan,nan,nan,nan,nan,239.90
09-Aug-25 8:20:16 AM AEST,19.1,nan,nan,nan,nan,nan,nan,nan,nan,nan,nan,nan
09-Aug-25 8:21:00 AM AEST,nan,nan,18.7,nan,nan,nan,nan,0.01,1.20,0.10,197.90,245.80
09-Aug-25 8:21:20 AM AEST,19.2,nan,nan,nan,nan,nan,nan,nan,nan,nan,nan,nan
09-Aug-25 8:22:00 AM AEST,nan,98.2,18.9,nan,nan,nan,nan,0.05,nan,0.50,nan,248.30
09-Aug-25 8:22:24 AM AEST,19.3,nan,nan,nan,nan,nan,nan,nan,nan,nan,nan,nan
09-Aug-25 8:23:00 AM AEST,nan,nan,nan,nan,nan,nan,198.30,0.00,0.00,0.00,0.00,246.70
09-Aug-25 8:23:28 AM AEST,19.5,nan,nan,nan,nan,nan,nan,nan,nan,nan,nan,nan
09-Aug-25 8:24:00 AM AEST,nan,nan,19.0,nan,nan,nan,198.10,0.01,1.20,0.10,198.40,249.90
09-Aug-25 8:24:32 AM AEST,19.7,nan,nan,nan,nan,nan,nan,nan,nan,nan,nan,nan
09-Aug-25 8:25:00 AM AEST,nan,98.0,19.2,nan,nan,nan,198.30,0.19,3.50,1.90,198.20,255.80
09-Aug-25 8:26:00 AM AEST,nan,nan,19.3,nan,nan,nan,198.10,0.10,2.40,1.00,198.10,250.80
09-Aug-25 8:27:00 AM AEST,19.8,nan,19.4,nan,nan,nan,nan,0.19,3.50,1.90,198.00,253.30
09-Aug-25 8:28:00 AM AEST,nan,97.8,19.5,nan,nan,nan,198.30,0.29,nan,2.90,198.30,265.80
09-Aug-25 8:28:04 AM AEST,19.9,nan,nan,nan,nan,nan,nan,nan,nan,nan,nan,nan
09-Aug-25 8:29:00 AM AEST,nan,97.7,nan,nan,nan,nan,198.10,0.23,nan,2.30,198.10,260.00
09-Aug-25 8:29:08 AM AEST,20.0,nan,nan,nan,nan,nan,nan,nan,nan,nan,nan,nan
09-Aug-25 8:30:00 AM AEST,nan,97.5,nan,nan,nan,nan,198.30,0.24,nan,2.40,nan,254.20
09-Aug-25 8:30:12 AM AEST,20.1,nan,nan,nan,nan,nan,nan,nan,nan,nan,nan,nan
09-Aug-25 8:31:00 AM AEST,nan,nan,19.6,nan,nan,nan,nan,0.13,2.40,1.30,nan,261.60
09-Aug-25 8:31:16 AM AEST,20.2,nan,nan,nan,nan,nan,nan,nan,nan,nan,nan,nan
09-Aug-25 8:32:00 AM AEST,nan,97.2,19.7,nan,nan,nan,198.10,0.15,nan,1.50,198.00,260.80
09-Aug-25 8:33:00 AM AEST,nan,nan,nan,nan,nan,nan,nan,nan,nan,nan,198.10,256.60
09-Aug-25 8:34:00 AM AEST,20.3,96.8,19.8,nan,nan,nan,198.30,0.08,nan,0.80,nan,269.20
09-Aug-25 8:35:00 AM AEST,nan,96.5,nan,nan,nan,nan,nan,0.16,nan,1.60,198.30,276.60
09-Aug-25 8:35:04 AM AEST,20.4,nan,nan,nan,nan,nan,nan,nan,nan,nan,nan,nan
09-Aug-25 8:36:00 AM AEST,nan,nan,19.9,nan,nan,nan,nan,0.08,1.20,0.80,198.00,276.70
09-Aug-25 8:36:08 AM AEST,20.6,nan,nan,nan,nan,nan,nan,nan,nan,nan,nan,nan
09-Aug-25 8:37:00 AM AEST,nan,96.0,20.0,nan,nan,nan,nan,0.14,2.40,1.40,198.30,282.40
09-Aug-25 8:37:12 AM AEST,20.7,nan,nan,nan,nan,nan,nan,nan,nan,nan,nan,nan
09-Aug-25 8:38:00 AM AEST,nan,95.7,nan,nan,nan,nan,198.10,0.17,nan,1.70,198.00,288.30
09-Aug-25 8:38:16 AM AEST,20.8,nan,nan,nan,nan,nan,nan,nan,nan,nan,nan,nan
09-Aug-25 8:39:00 AM AEST,nan,94.8,20.1,nan,nan,nan,198.30,0.18,3.50,1.80,198.20,287.50
09-Aug-25 8:39:20 AM AEST,20.9,nan,nan,nan,nan,nan,nan,nan,nan,nan,nan,nan
09-Aug-25 8:39:20 AM AEST,21.0,nan,nan,nan,nan,nan,nan,nan,nan,nan,nan,nan
09-Aug-25 8:40:00 AM AEST,nan,94.5,20.0,nan,nan,nan,198.10,0.04,1.20,0.40,198.10,284.90
09-Aug-25 8:40:24 AM AEST,21.2,nan,nan,nan,nan,nan,nan,nan,nan,nan,nan,nan
09-Aug-25 8:41:00 AM AEST,nan,93.7,20.1,nan,nan,nan,198.30,0.06,2.40,0.60,198.20,290.00
09-Aug-25 8:41:28 AM AEST,21.3,nan,nan,nan,nan,nan,nan,nan,nan,nan,nan,nan
09-Aug-25 8:42:00 AM AEST,nan,92.8,nan,nan,nan,nan,nan,0.30,3.50,3.00,nan,291.60
09-Aug-25 8:42:32 AM AEST,21.4,nan,nan,nan,nan,nan,nan,nan,nan,nan,nan,nan
09-Aug-25 8:43:00 AM AEST,nan,91.7,nan,nan,nan,nan,nan,0.31,4.70,3.10,198.10,298.30
09-Aug-25 8:43:36 AM AEST,21.5,nan,nan,nan,nan,nan,nan,nan,nan,nan,nan,nan
09-Aug-25 8:44:00 AM AEST,nan,90.7,20.0,nan,nan,nan,nan,0.35,nan,3.50,198.20,303.30
09-Aug-25 8:45:00 AM AEST,nan,89.5,19.9,nan,nan,nan,nan,0.37,nan,3.70,nan,314.20
09-Aug-25 8:46:00 AM AEST,21.6,88.3,19.7,nan,nan,nan,nan,0.26,3.50,2.60,198.10,320.80
09-Aug-25 8:47:00 AM AEST,nan,87.5,19.6,nan,nan,nan,nan,0.24,nan,2.40,nan,327.50
09-Aug-25 8:47:04 AM AEST,21.7,nan,nan,nan,nan,nan,nan,nan,nan,nan,nan,nan
09-Aug-25 8:48:00 AM AEST,nan,86.5,nan,nan,nan,nan,nan,0.07,2.40,0.60,nan,326.70
09-Aug-25 8:48:08 AM AEST,21.9,nan,nan,nan,nan,nan,nan,nan,nan,nan,nan,nan
09-Aug-25 8:48:08 AM AEST,22.0,nan,nan,nan,nan,nan,nan,nan,nan,nan,nan,nan
09-Aug-25 8:49:00 AM AEST,nan,85.8,19.5,nan,nan,nan,198.10,0.09,nan,0.90,198.20,313.30
09-Aug-25 8:49:12 AM AEST,22.1,nan,nan,nan,nan,nan,nan,nan,nan,nan,nan,nan
09-Aug-25 8:50:00 AM AEST,nan,85.7,nan,nan,nan,nan,198.30,0.25,3.50,2.50,nan,324.20
09-Aug-25 8:51:00 AM AEST,nan,84.3,19.6,nan,nan,nan,nan,0.35,4.70,3.50,nan,334.10
09-Aug-25 8:52:00 AM AEST,22.2,83.2,19.4,nan,nan,nan,nan,nan,nan,nan,nan,340.80
09-Aug-25 8:53:00 AM AEST,nan,82.7,19.2,nan,nan,nan,nan,0.20,3.50,2.00,nan,346.60
09-Aug-25 8:53:04 AM AEST,22.3,nan,nan,nan,nan,nan,nan,nan,nan,nan,nan,nan
09-Aug-25 8:54:00 AM AEST,nan,82.5,nan,nan,nan,nan,nan,nan,nan,nan,198.10,340.00
09-Aug-25 8:54:08 AM AEST,22.4,nan,nan,nan,nan,nan,nan,nan,nan,nan,nan,nan
09-Aug-25 8:55:00 AM AEST,nan,82.2,19.3,nan,nan,nan,nan,0.27,4.70,2.70,198.20,347.50
09-Aug-25 8:55:12 AM AEST,22.5,nan,nan,nan,nan,nan,nan,nan,nan,nan,nan,nan
09-Aug-25 8:56:00 AM AEST,nan,81.5,nan,nan,nan,nan,nan,0.34,nan,3.40,nan,349.10
09-Aug-25 8:56:16 AM AEST,22.6,nan,nan,nan,nan,nan,nan,nan,nan,nan,nan,nan
09-Aug-25 8:57:00 AM AEST,nan,80.3,19.2,nan,nan,nan,nan,0.22,3.50,2.20,198.10,351.70
09-Aug-25 8:57:20 AM AEST,22.7,nan,nan,nan,nan,nan,nan,nan,nan,nan,nan,nan
09-Aug-25 8:58:00 AM AEST,nan,79.5,19.0,nan,nan,nan,198.10,0.24,nan,2.40,198.00,351.60
09-Aug-25 8:58:24 AM AEST,22.8,nan,nan,nan,nan,nan,nan,nan,nan,nan,nan,nan
09-Aug-25 8:59:00 AM AEST,nan,79.7,18.9,nan,nan,nan,198.30,0.16,nan,1.60,198.30,355.80
09-Aug-25 9:00:12 AM AEST,nan,nan,nan,nan,nan,0.30,nan,nan,nan,nan,nan,nan
09-Aug-25 9:01:00 AM AEST,22.9,79.0,19.1,nan,nan,nan,191.40,0.43,5.90,4.30,190.80,353.30
09-Aug-25 9:01:00 AM AEST,22.9,78.2,19.0,nan,nan,nan,187.40,0.25,3.50,2.50,187.50,365.00
09-Aug-25 9:02:00 AM AEST,nan,78.5,18.9,nan,nan,nan,nan,0.22,nan,2.20,187.40,361.70
09-Aug-25 9:02:04 AM AEST,23.0,nan,nan,nan,nan,nan,nan,nan,nan,nan,nan,nan
09-Aug-25 9:03:00 AM AEST,nan,78.0,19.1,nan,nan,nan,nan,0.46,7.10,4.60,187.30,359.10
09-Aug-25 9:03:08 AM AEST,23.1,nan,nan,nan,nan,nan,nan,nan,nan,nan,nan,nan
09-Aug-25 9:04:00 AM AEST,nan,77.3,19.0,nan,nan,nan,nan,0.14,3.50,1.40,nan,359.20
09-Aug-25 9:04:12 AM AEST,23.2,nan,nan,nan,nan,nan,nan,nan,nan,nan,nan,nan
09-Aug-25 9:05:00 AM AEST,nan,76.5,nan,nan,nan,nan,203.70,0.52,8.30,5.10,205.40,357.40
09-Aug-25 9:05:16 AM AEST,23.3,nan,nan,nan,nan,nan,nan,nan,nan,nan,nan,nan
09-Aug-25 9:06:00 AM AEST,nan,74.8,18.9,nan,nan,nan,202.90,0.41,5.90,3.60,204.40,375.00
09-Aug-25 9:06:20 AM AEST,23.4,nan,nan,nan,nan,nan,nan,nan,nan,nan,nan,nan
09-Aug-25 9:07:00 AM AEST,nan,74.0,18.6,nan,nan,nan,232.90,0.37,7.10,3.40,241.00,369.90
09-Aug-25 9:07:24 AM AEST,23.5,nan,nan,nan,nan,nan,nan,nan,nan,nan,nan,nan
09-Aug-25 9:08:00 AM AEST,nan,72.7,18.5,nan,nan,nan,243.20,0.38,5.90,3.80,241.60,368.30
09-Aug-25 9:08:28 AM AEST,23.6,nan,nan,nan,nan,nan,nan,nan,nan,nan,nan,nan
09-Aug-25 9:09:00 AM AEST,nan,72.3,18.3,nan,nan,nan,294.70,0.37,nan,3.30,293.60,365.80
09-Aug-25 9:09:32 AM AEST,23.7,nan,nan,nan,nan,nan,nan,nan,nan,nan,nan,nan
09-Aug-25 9:10:00 AM AEST,nan,73.0,nan,nan,nan,nan,316.90,0.22,3.50,2.20,316.80,371.60
09-Aug-25 9:10:36 AM AEST,23.8,nan,nan,nan,nan,nan,nan,nan,nan,nan,nan,nan
09-Aug-25 9:11:00 AM AEST,nan,nan,18.5,nan,nan,nan,316.70,0.24,4.70,2.40,316.60,385.00
09-Aug-25 9:11:40 AM AEST,24.0,nan,nan,nan,nan,nan,nan,nan,nan,nan,nan,nan
09-Aug-25 9:12:00 AM AEST,nan,72.3,18.6,nan,nan,nan,316.00,0.11,2.40,1.10,315.80,383.30
09-Aug-25 9:13:00 AM AEST,nan,72.2,18.7,nan,nan,nan,304.90,0.30,4.70,2.90,303.00,389.20
09-Aug-25 9:14:00 AM AEST,24.1,71.5,nan,nan,nan,nan,284.30,0.17,3.50,1.70,284.10,394.90
09-Aug-25 9:15:00 AM AEST,nan,70.5,nan,nan,nan,nan,289.40,0.56,8.30,4.70,293.10,396.70
09-Aug-25 9:15:04 AM AEST,24.2,nan,nan,nan,nan,nan,nan,nan,nan,nan,nan,nan
09-Aug-25 9:16:00 AM AEST,nan,69.5,18.5,nan,nan,nan,300.90,0.75,11.80,7.00,297.20,395.00
09-Aug-25 9:16:08 AM AEST,24.1,nan,nan,nan,nan,nan,nan,nan,nan,nan,nan,nan
09-Aug-25 9:16:08 AM AEST,24.0,nan,nan,nan,nan,nan,nan,nan,nan,nan,nan,nan
09-Aug-25 9:17:00 AM AEST,nan,69.0,18.2,nan,nan,nan,308.40,0.72,10.60,6.50,304.50,392.40
09-Aug-25 9:17:12 AM AEST,24.2,nan,nan,nan,nan,nan,nan,nan,nan,nan,nan,nan
09-Aug-25 9:18:00 AM AEST,nan,69.7,18.0,nan,nan,nan,326.80,0.34,5.90,3.40,326.70,394.20
09-Aug-25 9:19:00 AM AEST,nan,70.0,18.3,nan,nan,nan,316.70,0.56,8.30,5.50,316.40,404.90
09-Aug-25 9:20:00 AM AEST,24.3,nan,nan,nan,nan,nan,337.90,0.34,4.70,3.40,338.20,405.80
09-Aug-25 9:21:00 AM AEST,nan,69.7,18.4,nan,nan,nan,326.60,0.10,nan,0.80,296.90,404.10
09-Aug-25 9:21:04 AM AEST,24.4,nan,nan,nan,nan,nan,nan,nan,nan,nan,nan,nan
09-Aug-25 9:22:00 AM AEST,nan,69.0,18.5,nan,nan,nan,264.30,0.42,9.50,4.00,268.30,406.70
09-Aug-25 9:22:08 AM AEST,24.5,nan,nan,nan,nan,nan,nan,nan,nan,nan,nan,nan
09-Aug-25 9:23:00 AM AEST,nan,67.7,18.4,nan,nan,nan,302.20,0.65,10.60,6.30,302.20,415.00
09-Aug-25 9:23:12 AM AEST,24.4,nan,nan,nan,nan,nan,nan,nan,nan,nan,nan,nan
09-Aug-25 9:24:00 AM AEST,nan,68.3,18.1,nan,nan,nan,318.20,0.35,7.10,3.50,318.10,414.10
09-Aug-25 9:24:16 AM AEST,24.5,nan,nan,nan,nan,nan,nan,nan,nan,nan,nan,nan
09-Aug-25 9:25:00 AM AEST,nan,69.7,18.2,nan,nan,nan,318.50,nan,nan,nan,318.90,415.80
09-Aug-25 9:25:20 AM AEST,24.6,nan,nan,nan,nan,nan,nan,nan,nan,nan,nan,nan
09-Aug-25 9:25:20 AM AEST,24.7,nan,nan,nan,nan,nan,nan,nan,nan,nan,nan,nan
09-Aug-25 9:26:00 AM AEST,nan,68.5,18.7,nan,nan,nan,301.10,0.33,5.90,3.20,301.00,419.10
09-Aug-25 9:27:00 AM AEST,nan,68.0,18.5,nan,nan,nan,288.70,0.42,7.10,3.90,285.00,411.70
09-Aug-25 9:28:00 AM AEST,24.8,67.2,18.4,nan,nan,nan,295.00,0.47,nan,4.50,293.20,419.10
09-Aug-25 9:29:00 AM AEST,nan,67.7,18.3,nan,nan,nan,317.80,0.21,3.50,2.10,317.80,426.70
09-Aug-25 9:30:00 AM AEST,25.0,67.2,18.4,nan,nan,nan,315.90,0.14,nan,1.30,313.70,434.20
09-Aug-25 9:31:00 AM AEST,nan,66.3,18.5,nan,nan,nan,270.00,0.53,8.30,5.20,266.80,431.60
09-Aug-25 9:32:00 AM AEST,nan,65.2,18.3,nan,nan,nan,265.30,0.23,5.90,2.30,265.30,435.80
09-Aug-25 9:33:00 AM AEST,nan,66.0,18.0,nan,nan,nan,294.70,0.59,9.50,4.30,299.80,439.90
09-Aug-25 9:34:00 AM AEST,nan,65.8,18.2,nan,nan,nan,299.10,0.66,13.00,5.60,304.70,447.50
09-Aug-25 9:35:00 AM AEST,24.9,nan,18.1,nan,nan,nan,323.00,0.76,nan,7.50,321.50,443.30
09-Aug-25 9:36:00 AM AEST,nan,66.5,18.0,nan,nan,nan,318.00,0.25,7.10,2.50,318.00,445.80
09-Aug-25 9:37:00 AM AEST,25.0,66.2,18.2,nan,nan,nan,293.60,0.48,8.30,4.60,295.20,450.00
09-Aug-25 9:38:00 AM AEST,nan,65.5,nan,nan,nan,nan,284.60,0.61,9.50,5.70,284.60,449.10
09-Aug-25 9:39:00 AM AEST,24.9,65.0,18.0,nan,nan,nan,289.40,0.70,nan,6.90,289.40,459.20
09-Aug-25 9:40:00 AM AEST,nan,65.3,17.9,nan,nan,nan,282.80,0.38,5.90,3.80,281.90,461.60
09-Aug-25 9:40:04 AM AEST,25.0,nan,nan,nan,nan,nan,nan,nan,nan,nan,nan,nan
09-Aug-25 9:41:00 AM AEST,nan,66.3,nan,nan,nan,nan,291.80,0.33,nan,3.20,291.90,467.50
09-Aug-25 9:42:00 AM AEST,nan,66.2,18.3,nan,nan,nan,308.70,0.51,8.30,5.10,308.30,475.80
09-Aug-25 9:43:00 AM AEST,25.1,65.8,nan,nan,nan,nan,312.50,0.40,5.90,4.00,312.70,476.60
09-Aug-25 9:44:00 AM AEST,nan,65.5,nan,nan,nan,nan,277.70,nan,7.10,3.90,274.90,484.20
09-Aug-25 9:45:00 AM AEST,25.2,65.7,18.2,nan,nan,nan,276.30,0.42,nan,4.10,273.70,482.40
09-Aug-25 9:46:00 AM AEST,nan,65.2,18.3,nan,nan,nan,308.10,0.75,10.60,7.20,308.60,490.00
09-Aug-25 9:47:00 AM AEST,nan,65.0,18.2,nan,nan,nan,296.50,0.62,9.50,5.70,296.40,493.30
09-Aug-25 9:48:00 AM AEST,25.1,64.3,18.1,nan,nan,nan,285.10,0.75,11.80,6.00,289.40,496.70
09-Aug-25 9:49:00 AM AEST,nan,63.8,17.9,nan,nan,nan,286.00,0.72,13.00,6.60,278.50,494.20
09-Aug-25 9:50:00 AM AEST,25.2,65.5,17.8,nan,nan,nan,349.40,0.30,4.70,2.90,344.90,495.80
09-Aug-25 9:51:00 AM AEST,nan,nan,18.3,nan,nan,nan,319.90,0.59,10.60,5.20,316.40,496.70
09-Aug-25 9:51:04 AM AEST,25.3,nan,nan,nan,nan,nan,nan,nan,nan,nan,nan,nan
09-Aug-25 9:52:00 AM AEST,nan,65.2,18.4,nan,nan,nan,293.70,0.67,nan,6.40,295.50,495.80
09-Aug-25 9:53:00 AM AEST,nan,64.8,18.3,nan,nan,nan,303.70,0.46,8.30,4.50,305.30,506.70
09-Aug-25 9:54:00 AM AEST,25.4,65.0,18.2,nan,nan,nan,306.30,0.48,7.10,4.20,308.40,511.70
09-Aug-25 9:54:00 AM AEST,25.5,65.0,18.2,nan,nan,nan,306.30,0.48,7.10,4.20,308.40,511.70
09-Aug-25 9:55:00 AM AEST,nan,65.3,18.4,nan,nan,nan,300.20,0.46,nan,4.30,301.60,517.40
09-Aug-25 9:55:04 AM AEST,25.6,nan,nan,nan,nan,nan,nan,nan,nan,nan,nan,nan
09-Aug-25 9:56:00 AM AEST,nan,nan,18.5,nan,nan,nan,308.40,0.34,4.70,3.40,307.40,519.20
09-Aug-25 9:56:08 AM AEST,25.8,nan,nan,nan,nan,nan,nan,nan,nan,nan,nan,nan
09-Aug-25 9:57:00 AM AEST,nan,65.0,18.6,nan,nan,nan,319.50,0.28,5.90,2.70,324.80,515.80
09-Aug-25 9:57:12 AM AEST,25.9,nan,nan,nan,nan,nan,nan,nan,nan,nan,nan,nan
09-Aug-25 9:58:00 AM AEST,nan,nan,18.7,nan,nan,nan,317.00,0.30,4.70,2.90,317.30,518.30
09-Aug-25 9:59:00 AM AEST,nan,64.2,18.8,nan,nan,nan,282.20,0.51,8.30,4.90,273.70,523.30
09-Aug-25 10:00:00 AM AEST,25.8,63.0,18.6,nan,nan,nan,316.70,0.66,nan,6.50,317.10,525.80
09-Aug-25 10:00:16 AM AEST,nan,nan,nan,nan,nan,0.42,nan,nan,nan,nan,nan,nan
09-Aug-25 10:01:00 AM AEST,nan,62.5,18.2,nan,nan,nan,301.20,0.78,10.60,7.60,301.70,528.30
09-Aug-25 10:01:04 AM AEST,25.7,nan,nan,nan,nan,nan,nan,nan,nan,nan,nan,nan
09-Aug-25 10:02:00 AM AEST,nan,nan,18.0,nan,nan,nan,321.40,0.53,8.30,5.20,321.20,526.60
09-Aug-25 10:03:00 AM AEST,25.9,63.3,nan,nan,nan,nan,342.30,0.30,4.70,2.60,349.20,528.30
09-Aug-25 10:04:00 AM AEST,nan,63.7,18.4,nan,nan,nan,24.10,0.38,7.10,3.70,27.20,533.30
09-Aug-25 10:04:04 AM AEST,26.0,nan,nan,nan,nan,nan,nan,nan,nan,nan,nan,nan
09-Aug-25 10:05:00 AM AEST,nan,nan,18.5,nan,nan,nan,317.50,0.28,4.70,2.30,314.50,540.00
09-Aug-25 10:05:08 AM AEST,26.1,nan,nan,nan,nan,nan,nan,nan,nan,nan,nan,nan
09-Aug-25 10:06:00 AM AEST,nan,63.0,18.7,nan,nan,nan,298.20,0.37,nan,3.60,296.60,543.30
09-Aug-25 10:06:12 AM AEST,26.2,nan,nan,nan,nan,nan,nan,nan,nan,nan,nan,nan
09-Aug-25 10:07:00 AM AEST,nan,61.8,18.6,nan,nan,nan,310.40,0.67,13.00,6.30,310.40,540.80
09-Aug-25 10:08:00 AM AEST,nan,60.8,18.3,nan,nan,nan,291.10,nan,8.30,6.60,291.50,537.50
09-Aug-25 10:09:00 AM AEST,26.0,60.0,18.0,nan,nan,nan,250.70,0.56,9.50,5.60,253.40,543.30
09-Aug-25 10:10:00 AM AEST,nan,nan,17.7,nan,nan,nan,262.80,0.49,7.10,4.80,263.90,548.30
09-Aug-25 10:10:04 AM AEST,26.1,nan,nan,nan,nan,nan,nan,nan,nan,nan,nan,nan
09-Aug-25 10:10:04 AM AEST,26.2,nan,nan,nan,nan,nan,nan,nan,nan,nan,nan,nan
09-Aug-25 10:11:00 AM AEST,nan,60.8,nan,nan,nan,nan,261.90,0.22,3.50,2.20,261.90,552.50
09-Aug-25 10:11:08 AM AEST,26.4,nan,nan,nan,nan,nan,nan,nan,nan,nan,nan,nan
09-Aug-25 10:12:00 AM AEST,nan,61.7,18.0,nan,nan,nan,275.30,0.32,5.90,3.00,278.60,549.10
09-Aug-25 10:13:00 AM AEST,nan,61.5,18.4,nan,nan,nan,301.30,0.47,7.10,4.70,301.20,550.00
09-Aug-25 10:14:00 AM AEST,26.5,61.3,nan,nan,nan,nan,274.10,0.37,5.90,3.70,273.10,553.30
09-Aug-25 10:15:00 AM AEST,nan,61.0,18.5,nan,nan,nan,281.50,0.28,4.70,2.80,280.60,557.50
09-Aug-25 10:15:04 AM AEST,26.6,nan,nan,nan,nan,nan,nan,nan,nan,nan,nan,nan
09-Aug-25 10:16:00 AM AEST,nan,61.7,18.4,nan,nan,nan,279.40,0.17,nan,1.60,267.00,560.00
09-Aug-25 10:16:08 AM AEST,26.7,nan,nan,nan,nan,nan,nan,nan,nan,nan,nan,nan
09-Aug-25 10:17:00 AM AEST,nan,60.7,18.8,nan,nan,nan,301.80,0.27,5.90,2.70,301.50,562.40
09-Aug-25 10:17:12 AM AEST,26.8,nan,nan,nan,nan,nan,nan,nan,nan,nan,nan,nan
09-Aug-25 10:17:12 AM AEST,27.0,nan,nan,nan,nan,nan,nan,nan,nan,nan,nan,nan
09-Aug-25 10:18:00 AM AEST,nan,60.3,18.6,nan,nan,nan,302.10,0.07,2.40,0.60,301.80,564.20
09-Aug-25 10:19:00 AM AEST,27.1,60.5,nan,nan,nan,nan,319.50,0.63,10.60,6.10,323.10,564.10
09-Aug-25 10:20:00 AM AEST,nan,60.0,18.8,nan,nan,nan,313.20,0.50,7.10,5.00,313.50,570.00
09-Aug-25 10:20:04 AM AEST,27.0,nan,nan,nan,nan,nan,nan,nan,nan,nan,nan,nan
09-Aug-25 10:21:00 AM AEST,nan,59.7,18.6,nan,nan,nan,311.20,0.39,5.90,3.90,311.20,575.00
09-Aug-25 10:22:00 AM AEST,27.1,59.8,18.5,nan,nan,nan,326.30,0.41,8.30,3.50,337.00,574.90
09-Aug-25 10:23:00 AM AEST,nan,59.3,18.6,nan,nan,nan,342.00,0.57,9.50,5.30,341.50,570.80
09-Aug-25 10:24:00 AM AEST,nan,58.2,18.5,nan,nan,nan,315.40,0.88,13.00,8.50,315.70,581.60
09-Aug-25 10:25:00 AM AEST,27.0,58.3,18.1,nan,nan,nan,327.50,0.46,8.30,4.60,327.60,580.80
09-Aug-25 10:26:00 AM AEST,nan,58.5,nan,nan,nan,nan,335.10,0.53,nan,5.30,334.20,579.90
09-Aug-25 10:26:04 AM AEST,27.1,nan,nan,nan,nan,nan,nan,nan,nan,nan,nan,nan
09-Aug-25 10:27:00 AM AEST,nan,58.8,18.3,nan,nan,nan,316.60,0.56,14.20,5.20,294.30,584.20
09-Aug-25 10:27:08 AM AEST,27.2,nan,nan,nan,nan,nan,nan,nan,nan,nan,nan,nan
09-Aug-25 10:27:08 AM AEST,27.1,nan,nan,nan,nan,nan,nan,nan,nan,nan,nan,nan
09-Aug-25 10:28:00 AM AEST,nan,57.8,18.4,nan,nan,nan,317.30,0.73,10.60,6.50,313.90,586.70
09-Aug-25 10:29:00 AM AEST,nan,58.7,18.0,nan,nan,nan,5.00,0.56,nan,5.00,351.90,589.10
09-Aug-25 10:30:00 AM AEST,27.4,58.5,18.3,nan,nan,nan,21.10,0.19,3.50,1.90,21.30,591.70
09-Aug-25 10:31:00 AM AEST,nan,58.8,18.5,nan,nan,nan,338.50,0.24,nan,nan,334.70,592.40
09-Aug-25 10:31:04 AM AEST,27.5,nan,nan,nan,nan,nan,nan,nan,nan,nan,nan,nan
09-Aug-25 10:32:00 AM AEST,nan,58.7,18.7,nan,nan,nan,303.90,0.18,nan,1.80,303.90,590.00
09-Aug-25 10:32:08 AM AEST,27.7,nan,nan,nan,nan,nan,nan,nan,nan,nan,nan,nan
09-Aug-25 10:33:00 AM AEST,nan,nan,18.9,nan,nan,nan,7.70,0.25,nan,2.30,5.70,592.50
09-Aug-25 10:33:12 AM AEST,27.9,nan,nan,nan,nan,nan,nan,nan,nan,nan,nan,nan
09-Aug-25 10:34:00 AM AEST,nan,58.5,19.1,nan,nan,nan,0.70,0.43,8.30,4.10,353.50,594.90
09-Aug-25 10:34:16 AM AEST,28.0,nan,nan,nan,nan,nan,nan,nan,nan,nan,nan,nan
09-Aug-25 10:35:00 AM AEST,nan,57.0,nan,nan,nan,nan,332.90,0.49,nan,4.30,333.60,601.70
09-Aug-25 10:35:20 AM AEST,27.9,nan,nan,nan,nan,nan,nan,nan,nan,nan,nan,nan
09-Aug-25 10:36:00 AM AEST,nan,57.2,18.7,nan,nan,nan,40.10,0.63,9.50,6.20,41.40,603.30
09-Aug-25 10:36:24 AM AEST,27.8,nan,nan,nan,nan,nan,nan,nan,nan,nan,nan,nan
09-Aug-25 10:37:00 AM AEST,nan,56.7,18.4,nan,nan,nan,25.90,0.68,10.60,5.70,28.20,604.20
09-Aug-25 10:37:28 AM AEST,27.7,nan,nan,nan,nan,nan,nan,nan,nan,nan,nan,nan
09-Aug-25 10:38:00 AM AEST,nan,56.2,nan,nan,nan,nan,346.90,0.81,13.00,6.80,352.10,605.00
09-Aug-25 10:39:00 AM AEST,nan,56.3,18.2,nan,nan,nan,331.90,0.93,nan,9.00,330.60,604.90
09-Aug-25 10:40:00 AM AEST,nan,nan,nan,nan,nan,nan,1.70,0.70,10.60,6.00,357.40,608.30
09-Aug-25 10:41:00 AM AEST,nan,55.8,nan,nan,nan,nan,347.20,0.51,7.10,4.90,346.50,609.90
09-Aug-25 10:42:00 AM AEST,27.8,56.2,18.1,nan,nan,nan,19.50,0.62,11.80,5.70,20.40,610.00
09-Aug-25 10:43:00 AM AEST,nan,57.0,18.2,nan,nan,nan,358.40,0.54,7.10,4.60,356.50,nan
09-Aug-25 10:43:04 AM AEST,27.9,nan,nan,nan,nan,nan,nan,nan,nan,nan,nan,nan
09-Aug-25 10:44:00 AM AEST,nan,56.8,18.6,nan,nan,nan,326.20,0.40,nan,4.00,326.30,613.30
09-Aug-25 10:44:08 AM AEST,28.0,nan,nan,nan,nan,nan,nan,nan,nan,nan,nan,nan
09-Aug-25 10:45:00 AM AEST,nan,56.0,18.7,nan,nan,nan,301.30,0.35,4.70,3.50,301.20,612.50
09-Aug-25 10:45:12 AM AEST,28.2,nan,nan,nan,nan,nan,nan,nan,nan,nan,nan,nan
09-Aug-25 10:45:12 AM AEST,28.1,nan,nan,nan,nan,nan,nan,nan,nan,nan,nan,nan
09-Aug-25 10:46:00 AM AEST,nan,55.0,18.6,nan,nan,nan,290.40,0.71,10.60,6.90,288.40,616.60
09-Aug-25 10:46:16 AM AEST,27.9,nan,nan,nan,nan,nan,nan,nan,nan,nan,nan,nan
09-Aug-25 10:47:00 AM AEST,nan,55.2,18.2,nan,nan,nan,317.80,0.48,8.30,4.70,318.30,620.00
09-Aug-25 10:47:20 AM AEST,28.1,nan,nan,nan,nan,nan,nan,nan,nan,nan,nan,nan
09-Aug-25 10:48:00 AM AEST,nan,55.5,18.1,nan,nan,nan,266.80,0.49,nan,4.00,267.80,621.70
09-Aug-25 10:48:24 AM AEST,28.2,nan,nan,nan,nan,nan,nan,nan,nan,nan,nan,nan
09-Aug-25 10:49:00 AM AEST,nan,56.0,18.3,nan,nan,nan,253.00,0.48,nan,2.80,264.30,621.60
09-Aug-25 10:49:28 AM AEST,28.1,nan,nan,nan,nan,nan,nan,nan,nan,nan,nan,nan
09-Aug-25 10:50:00 AM AEST,nan,55.2,18.6,nan,nan,nan,260.20,0.59,9.50,5.80,259.00,621.70
09-Aug-25 10:51:00 AM AEST,nan,nan,18.2,nan,nan,nan,295.80,0.52,7.10,4.60,291.60,624.10
09-Aug-25 10:52:00 AM AEST,nan,55.3,18.3,nan,nan,nan,278.40,0.69,10.60,6.50,276.40,625.80
09-Aug-25 10:53:00 AM AEST,27.9,55.0,nan,nan,nan,nan,285.90,0.97,11.80,9.20,285.50,626.70
09-Aug-25 10:54:00 AM AEST,nan,55.2,18.0,nan,nan,nan,305.00,0.82,nan,8.00,304.30,628.30
09-Aug-25 10:54:04 AM AEST,27.8,nan,nan,nan,nan,nan,nan,nan,nan,nan,nan,nan
09-Aug-25 10:55:00 AM AEST,nan,55.7,nan,nan,nan,nan,294.20,0.63,10.60,6.20,295.70,630.80
09-Aug-25 10:55:08 AM AEST,27.9,nan,nan,nan,nan,nan,nan,nan,nan,nan,nan,nan
09-Aug-25 10:56:00 AM AEST,nan,nan,18.1,nan,nan,nan,334.30,0.43,5.90,2.80,337.60,632.40
09-Aug-25 10:56:12 AM AEST,28.0,nan,nan,nan,nan,nan,nan,nan,nan,nan,nan,nan
09-Aug-25 10:57:00 AM AEST,nan,56.0,18.2,nan,nan,nan,342.00,0.62,8.30,4.30,336.80,631.70
09-Aug-25 10:57:16 AM AEST,28.1,nan,nan,nan,nan,nan,nan,nan,nan,nan,nan,nan
09-Aug-25 10:58:00 AM AEST,nan,55.8,18.4,nan,nan,nan,284.20,0.39,11.80,3.70,288.80,632.50
09-Aug-25 10:58:20 AM AEST,28.2,nan,nan,nan,nan,nan,nan,nan,nan,nan,nan,nan
09-Aug-25 10:59:00 AM AEST,nan,55.5,nan,nan,nan,nan,333.80,0.78,nan,7.10,332.10,634.90
09-Aug-25 11:00:20 AM AEST,nan,nan,nan,nan,nan,0.46,nan,nan,nan,nan,nan,nan
09-Aug-25 11:01:00 AM AEST,28.3,55.2,nan,nan,nan,nan,21.90,0.26,5.90,2.60,22.00,635.00
09-Aug-25 11:01:00 AM AEST,28.3,55.2,nan,nan,nan,nan,30.90,0.56,8.30,5.50,32.70,637.40
09-Aug-25 11:02:00 AM AEST,nan,55.3,nan,nan,nan,nan,356.70,0.64,9.50,6.00,356.60,641.70
09-Aug-25 11:03:00 AM AEST,28.4,56.3,18.5,nan,nan,nan,329.40,0.27,4.70,2.70,329.40,643.30
09-Aug-25 11:04:00 AM AEST,nan,55.5,18.9,nan,nan,nan,308.80,0.60,13.00,5.50,302.40,644.90
09-Aug-25 11:04:04 AM AEST,28.5,nan,nan,nan,nan,nan,nan,nan,nan,nan,nan,nan
09-Aug-25 11:05:00 AM AEST,nan,54.8,18.7,nan,nan,nan,302.90,0.72,11.80,6.80,299.30,645.80
09-Aug-25 11:06:00 AM AEST,nan,nan,18.5,nan,nan,nan,299.00,0.54,8.30,5.20,299.70,647.40
09-Aug-25 11:07:00 AM AEST,nan,55.0,nan,nan,nan,nan,330.00,0.67,9.50,6.60,332.20,647.50
09-Aug-25 11:08:00 AM AEST,28.6,54.8,18.6,nan,nan,nan,338.20,0.54,nan,4.50,339.40,648.30
09-Aug-25 11:09:00 AM AEST,nan,55.2,nan,nan,nan,nan,332.40,0.51,7.10,3.60,341.30,649.90
09-Aug-25 11:10:00 AM AEST,28.7,55.0,18.7,nan,nan,nan,315.50,0.47,nan,4.50,314.50,651.70
09-Aug-25 11:11:00 AM AEST,nan,54.7,nan,nan,nan,nan,337.40,0.66,11.80,5.50,334.10,650.80
09-Aug-25 11:11:04 AM AEST,28.6,nan,nan,nan,nan,nan,nan,nan,nan,nan,nan,nan
09-Aug-25 11:12:00 AM AEST,nan,54.2,18.6,nan,nan,nan,313.60,0.88,13.00,7.20,314.40,652.50
09-Aug-25 11:12:08 AM AEST,28.5,nan,nan,nan,nan,nan,nan,nan,nan,nan,nan,nan
09-Aug-25 11:12:08 AM AEST,28.3,nan,nan,nan,nan,nan,nan,nan,nan,nan,nan,nan
09-Aug-25 11:13:00 AM AEST,nan,53.7,18.4,nan,nan,nan,288.30,0.77,10.60,7.50,287.20,654.90
09-Aug-25 11:13:12 AM AEST,28.4,nan,nan,nan,nan,nan,nan,nan,nan,nan,nan,nan
09-Aug-25 11:14:00 AM AEST,nan,54.8,18.0,nan,nan,nan,300.10,0.44,5.90,4.40,301.10,658.30
09-Aug-25 11:15:00 AM AEST,nan,54.3,18.4,nan,nan,nan,302.60,0.78,10.60,7.50,302.30,659.10
09-Aug-25 11:16:00 AM AEST,nan,54.8,18.3,nan,nan,nan,311.40,0.59,nan,5.50,321.90,661.70
09-Aug-25 11:17:00 AM AEST,28.5,55.0,18.4,nan,nan,nan,346.60,0.53,9.50,4.90,345.00,663.30
09-Aug-25 11:18:00 AM AEST,nan,54.8,18.5,nan,nan,nan,15.70,0.64,8.30,6.00,15.30,665.80
09-Aug-25 11:19:00 AM AEST,nan,nan,nan,nan,nan,nan,346.00,0.86,11.80,6.80,343.80,648.30
09-Aug-25 11:20:00 AM AEST,nan,54.7,nan,nan,nan,nan,272.40,0.44,7.10,3.90,272.00,670.80
09-Aug-25 11:21:00 AM AEST,nan,54.5,nan,nan,nan,nan,308.20,0.64,10.60,5.70,299.30,675.80
09-Aug-25 11:22:00 AM AEST,nan,nan,18.4,nan,nan,nan,354.30,0.67,9.50,5.60,355.70,678.30
09-Aug-25 11:23:00 AM AEST,28.6,nan,18.5,nan,nan,nan,357.40,0.79,13.00,7.30,357.80,676.60
09-Aug-25 11:24:00 AM AEST,nan,nan,nan,nan,nan,nan,308.10,nan,11.80,7.10,308.30,675.80
09-Aug-25 11:24:04 AM AEST,28.5,nan,nan,nan,nan,nan,nan,nan,nan,nan,nan,nan
09-Aug-25 11:25:00 AM AEST,nan,nan,18.4,nan,nan,nan,298.40,0.56,8.30,4.50,287.70,533.30
09-Aug-25 11:25:08 AM AEST,28.6,nan,nan,nan,nan,nan,nan,nan,nan,nan,nan,nan
09-Aug-25 11:26:00 AM AEST,nan,54.2,18.5,nan,nan,nan,278.50,0.34,5.90,3.40,278.40,639.10
09-Aug-25 11:26:12 AM AEST,28.7,nan,nan,nan,nan,nan,nan,nan,nan,nan,nan,nan
09-Aug-25 11:27:00 AM AEST,nan,54.7,18.4,nan,nan,nan,278.00,0.33,nan,3.30,277.90,693.30
09-Aug-25 11:27:16 AM AEST,28.8,nan,nan,nan,nan,nan,nan,nan,nan,nan,nan,nan
09-Aug-25 11:28:00 AM AEST,nan,54.5,18.7,nan,nan,nan,280.70,0.32,nan,3.20,280.50,nan
09-Aug-25 11:28:20 AM AEST,29.0,nan,nan,nan,nan,nan,nan,nan,nan,nan,nan,nan
09-Aug-25 11:29:00 AM AEST,nan,55.2,nan,nan,nan,nan,282.20,0.33,4.70,2.90,279.70,691.70
09-Aug-25 11:30:00 AM AEST,nan,54.8,19.1,nan,nan,nan,314.40,0.64,10.60,5.70,321.40,692.50
09-Aug-25 11:31:00 AM AEST,28.9,54.2,19.0,nan,nan,nan,3.80,0.78,nan,7.50,2.90,694.10
09-Aug-25 11:32:00 AM AEST,nan,53.7,18.7,nan,nan,nan,358.10,0.59,9.50,5.80,357.20,696.70
09-Aug-25 11:33:00 AM AEST,29.1,nan,18.6,nan,nan,nan,3.40,0.12,2.40,1.20,3.30,701.60
09-Aug-25 11:34:00 AM AEST,nan,nan,18.7,nan,nan,nan,308.70,0.52,10.60,5.00,301.40,703.30
09-Aug-25 11:34:04 AM AEST,29.2,nan,nan,nan,nan,nan,nan,nan,nan,nan,nan,nan
09-Aug-25 11:35:00 AM AEST,nan,nan,18.8,nan,nan,nan,292.80,0.45,11.80,4.20,301.80,705.80
09-Aug-25 11:35:08 AM AEST,29.1,nan,nan,nan,nan,nan,nan,nan,nan,nan,nan,nan
09-Aug-25 11:36:00 AM AEST,nan,53.2,nan,nan,nan,nan,3.30,0.95,14.20,8.80,3.30,708.20
09-Aug-25 11:36:12 AM AEST,29.0,nan,nan,nan,nan,nan,nan,nan,nan,nan,nan,nan
09-Aug-25 11:37:00 AM AEST,nan,53.5,18.6,nan,nan,nan,289.30,0.67,13.00,5.90,296.70,706.70
09-Aug-25 11:37:16 AM AEST,29.1,nan,nan,nan,nan,nan,nan,nan,nan,nan,nan,nan
09-Aug-25 11:38:00 AM AEST,nan,nan,nan,nan,nan,nan,288.40,0.52,8.30,5.20,287.30,709.10
09-Aug-25 11:39:00 AM AEST,nan,53.2,18.7,nan,nan,nan,289.10,0.56,7.10,4.80,290.80,715.80
09-Aug-25 11:40:00 AM AEST,nan,53.3,18.6,nan,nan,nan,354.30,0.38,4.70,3.70,354.10,728.30
09-Aug-25 11:41:00 AM AEST,29.3,54.3,18.7,nan,nan,nan,23.80,0.32,5.90,3.20,23.10,742.40
09-Aug-25 11:42:00 AM AEST,nan,54.7,19.1,nan,nan,nan,23.10,0.19,3.50,1.90,23.30,761.70
09-Aug-25 11:42:04 AM AEST,29.6,nan,nan,nan,nan,nan,nan,nan,nan,nan,nan,nan
09-Aug-25 11:43:00 AM AEST,nan,54.3,19.5,nan,nan,nan,328.00,0.34,7.10,2.20,233.30,218.30
09-Aug-25 11:43:08 AM AEST,29.8,nan,nan,nan,nan,nan,nan,nan,nan,nan,nan,nan
09-Aug-25 11:44:00 AM AEST,nan,53.0,nan,nan,nan,nan,300.00,0.93,17.80,7.80,312.80,143.30
09-Aug-25 11:44:12 AM AEST,29.6,nan,nan,nan,nan,nan,nan,nan,nan,nan,nan,nan
09-Aug-25 11:45:00 AM AEST,nan,52.7,19.0,nan,nan,nan,308.80,1.02,13.00,10.00,309.10,129.20
09-Aug-25 11:45:16 AM AEST,29.0,nan,nan,nan,nan,nan,nan,nan,nan,nan,nan,nan
09-Aug-25 11:46:00 AM AEST,nan,53.2,18.3,nan,nan,nan,302.20,0.58,8.30,5.30,305.70,119.10
09-Aug-25 11:46:20 AM AEST,28.7,nan,nan,nan,nan,nan,nan,nan,nan,nan,nan,nan
09-Aug-25 11:46:20 AM AEST,28.6,nan,nan,nan,nan,nan,nan,nan,nan,nan,nan,nan
09-Aug-25 11:47:00 AM AEST,nan,53.5,18.2,nan,nan,nan,305.30,0.65,9.50,6.50,305.80,606.70
09-Aug-25 11:48:00 AM AEST,nan,nan,nan,nan,nan,nan,280.50,0.62,8.30,5.90,280.30,735.70
09-Aug-25 11:49:00 AM AEST,nan,53.7,nan,nan,nan,nan,296.50,0.66,10.60,nan,303.70,744.20
09-Aug-25 11:50:00 AM AEST,nan,53.8,18.3,nan,nan,nan,298.90,nan,9.50,6.20,302.80,755.00
09-Aug-25 11:51:00 AM AEST,28.7,nan,18.4,nan,nan,nan,311.40,0.37,5.90,3.70,311.40,749.10
09-Aug-25 11:52:00 AM AEST,nan,54.2,nan,nan,nan,nan,311.80,0.38,nan,3.80,311.70,462.50
09-Aug-25 11:52:04 AM AEST,28.9,nan,nan,nan,nan,nan,nan,nan,nan,nan,nan,nan
09-Aug-25 11:52:04 AM AEST,29.1,nan,nan,nan,nan,nan,nan,nan,nan,nan,nan,nan
09-Aug-25 11:53:00 AM AEST,nan,54.3,18.7,nan,nan,nan,307.70,0.37,nan,3.70,307.30,342.40
09-Aug-25 11:54:00 AM AEST,nan,nan,18.9,nan,nan,nan,312.40,0.52,7.10,4.80,312.70,543.30
09-Aug-25 11:55:00 AM AEST,29.2,55.2,nan,nan,nan,nan,245.90,0.34,5.90,3.20,245.30,604.20
09-Aug-25 11:56:00 AM AEST,nan,55.3,19.2,nan,nan,nan,170.10,0.69,8.30,6.80,170.00,176.60
09-Aug-25 11:56:04 AM AEST,29.1,nan,nan,nan,nan,nan,nan,nan,nan,nan,nan,nan
09-Aug-25 11:57:00 AM AEST,nan,55.2,nan,nan,nan,nan,248.30,0.48,7.10,3.30,236.80,160.80
09-Aug-25 11:57:08 AM AEST,28.8,nan,nan,nan,nan,nan,nan,nan,nan,nan,nan,nan
09-Aug-25 11:58:00 AM AEST,nan,55.7,18.9,nan,nan,nan,276.60,0.81,10.60,6.30,277.40,514.90
09-Aug-25 11:58:12 AM AEST,28.6,nan,nan,nan,nan,nan,nan,nan,nan,nan,nan,nan
09-Aug-25 11:58:12 AM AEST,28.5,nan,nan,nan,nan,nan,nan,nan,nan,nan,nan,nan
09-Aug-25 11:59:00 AM AEST,nan,56.3,18.8,nan,nan,nan,206.60,0.57,7.10,5.60,206.90,443.30
09-Aug-25 12:00:00 PM AEST,nan,57.2,18.9,nan,nan,nan,195.00,0.33,nan,3.30,195.50,854.20
09-Aug-25 12:00:24 PM AEST,nan,nan,nan,nan,nan,0.45,nan,nan,nan,nan,nan,nan
09-Aug-25 12:01:00 PM AEST,28.6,57.8,19.2,nan,nan,nan,283.10,0.40,9.50,3.60,289.20,799.90
09-Aug-25 12:02:00 PM AEST,nan,57.5,19.5,nan,nan,nan,294.30,0.50,8.30,4.90,292.70,237.50
09-Aug-25 12:03:00 PM AEST,nan,57.3,19.4,nan,nan,nan,281.70,0.53,nan,5.20,282.90,212.50
09-Aug-25 12:04:00 PM AEST,28.5,57.5,19.3,nan,nan,nan,284.00,0.48,5.90,4.70,284.20,216.70
09-Aug-25 12:05:00 PM AEST,nan,57.3,nan,nan,nan,nan,291.80,0.59,9.50,5.70,289.90,725.80
09-Aug-25 12:05:04 PM AEST,28.6,nan,nan,nan,nan,nan,nan,nan,nan,nan,nan,nan
09-Aug-25 12:06:00 PM AEST,nan,57.7,19.2,nan,nan,nan,322.60,0.25,4.70,2.50,322.00,834.90
09-Aug-25 12:06:08 PM AEST,28.7,nan,nan,nan,nan,nan,nan,nan,nan,nan,nan,nan
09-Aug-25 12:07:00 PM AEST,nan,58.0,19.4,nan,nan,nan,300.80,0.78,13.00,7.40,307.50,824.20
09-Aug-25 12:07:12 PM AEST,28.6,nan,nan,nan,nan,nan,nan,nan,nan,nan,nan,nan
09-Aug-25 12:08:00 PM AEST,nan,57.5,19.6,nan,nan,nan,285.10,0.51,7.10,4.30,283.80,823.20
09-Aug-25 12:08:16 PM AEST,28.7,nan,nan,nan,nan,nan,nan,nan,nan,nan,nan,nan
09-Aug-25 12:09:00 PM AEST,nan,57.3,19.4,nan,nan,nan,266.40,0.42,5.90,3.50,266.00,815.80
09-Aug-25 12:09:20 PM AEST,28.9,nan,nan,nan,nan,nan,nan,nan,nan,nan,nan,nan
09-Aug-25 12:10:00 PM AEST,nan,57.7,nan,nan,nan,nan,343.30,0.35,8.30,2.60,320.60,819.20
09-Aug-25 12:11:00 PM AEST,nan,57.0,19.7,nan,nan,nan,205.00,0.53,9.50,3.40,202.00,831.60
09-Aug-25 12:12:00 PM AEST,29.0,nan,19.5,nan,nan,nan,209.70,0.63,11.80,6.10,209.30,825.80
09-Aug-25 12:13:00 PM AEST,nan,56.8,19.6,nan,nan,nan,229.40,0.72,nan,6.20,229.00,814.10
09-Aug-25 12:14:00 PM AEST,28.9,57.3,19.5,nan,nan,nan,219.40,0.69,9.50,5.40,212.50,834.20
09-Aug-25 12:15:00 PM AEST,nan,57.0,19.6,nan,nan,nan,209.70,0.71,nan,6.80,209.00,822.50
09-Aug-25 12:16:00 PM AEST,29.0,57.7,19.5,nan,nan,nan,220.70,0.40,7.10,3.90,220.70,617.40
09-Aug-25 12:17:00 PM AEST,nan,57.5,19.8,nan,nan,nan,212.30,0.60,11.80,6.00,211.00,254.20
09-Aug-25 12:17:04 PM AEST,29.2,nan,nan,nan,nan,nan,nan,nan,nan,nan,nan,nan
09-Aug-25 12:18:00 PM AEST,nan,56.3,19.9,nan,nan,nan,193.60,0.69,9.50,6.50,192.30,268.30
09-Aug-25 12:18:08 PM AEST,28.9,nan,nan,nan,nan,nan,nan,nan,nan,nan,nan,nan
09-Aug-25 12:19:00 PM AEST,nan,56.8,19.3,nan,nan,nan,191.50,0.66,10.60,6.60,190.80,204.20
09-Aug-25 12:19:12 PM AEST,28.7,nan,nan,nan,nan,nan,nan,nan,nan,nan,nan,nan
09-Aug-25 12:19:12 PM AEST,28.5,nan,nan,nan,nan,nan,nan,nan,nan,nan,nan,nan
09-Aug-25 12:20:00 PM AEST,nan,57.5,nan,nan,nan,nan,199.30,0.46,8.30,4.50,198.70,186.70
09-Aug-25 12:20:16 PM AEST,28.7,nan,nan,nan,nan,nan,nan,nan,nan,nan,nan,nan
09-Aug-25 12:21:00 PM AEST,nan,58.0,nan,nan,nan,nan,197.40,0.16,nan,1.60,190.90,190.00
09-Aug-25 12:21:20 PM AEST,28.6,nan,nan,nan,nan,nan,nan,nan,nan,nan,nan,nan
09-Aug-25 12:22:00 PM AEST,nan,nan,19.6,nan,nan,nan,194.90,0.41,nan,3.80,192.60,200.00
09-Aug-25 12:22:24 PM AEST,28.5,nan,nan,nan,nan,nan,nan,nan,nan,nan,nan,nan
09-Aug-25 12:23:00 PM AEST,nan,58.3,19.5,nan,nan,nan,210.10,0.59,10.60,4.80,196.50,216.60
09-Aug-25 12:23:28 PM AEST,28.3,nan,nan,nan,nan,nan,nan,nan,nan,nan,nan,nan
09-Aug-25 12:24:00 PM AEST,nan,58.0,nan,nan,nan,nan,179.60,0.73,9.50,6.30,180.00,225.80
09-Aug-25 12:24:32 PM AEST,27.9,nan,nan,nan,nan,nan,nan,nan,nan,nan,nan,nan
09-Aug-25 12:25:00 PM AEST,nan,58.3,19.2,nan,nan,nan,156.70,0.84,14.20,7.90,159.40,233.30
09-Aug-25 12:25:36 PM AEST,27.7,nan,nan,nan,nan,nan,nan,nan,nan,nan,nan,nan
09-Aug-25 12:26:00 PM AEST,nan,58.7,19.0,nan,nan,nan,140.20,0.81,13.00,nan,140.10,246.60
09-Aug-25 12:26:40 PM AEST,27.4,nan,nan,nan,nan,nan,nan,nan,nan,nan,nan,nan
09-Aug-25 12:27:00 PM AEST,nan,58.8,18.9,nan,nan,nan,141.90,0.82,14.20,7.40,133.50,267.50
09-Aug-25 12:27:44 PM AEST,27.6,nan,nan,nan,nan,nan,nan,nan,nan,nan,nan,nan
09-Aug-25 12:28:00 PM AEST,nan,59.5,18.7,nan,nan,nan,194.00,0.36,7.10,3.60,193.40,289.90
09-Aug-25 12:28:48 PM AEST,27.8,nan,nan,nan,nan,nan,nan,nan,nan,nan,nan,nan
09-Aug-25 12:29:00 PM AEST,nan,59.8,19.0,nan,nan,nan,196.70,0.12,2.40,1.20,196.60,774.20
09-Aug-25 12:29:52 PM AEST,28.0,nan,nan,nan,nan,nan,nan,nan,nan,nan,nan,nan
09-Aug-25 12:30:00 PM AEST,nan,60.8,19.3,nan,nan,nan,196.60,0.24,4.70,2.40,196.50,869.20
09-Aug-25 12:30:56 PM AEST,28.2,nan,nan,nan,nan,nan,nan,nan,nan,nan,nan,nan
09-Aug-25 12:31:00 PM AEST,nan,60.3,19.8,nan,nan,nan,nan,0.23,nan,2.30,196.60,870.70
09-Aug-25 12:32:00 PM AEST,28.3,59.8,nan,nan,nan,nan,171.70,0.61,9.50,5.90,172.70,865.80
09-Aug-25 12:33:00 PM AEST,nan,59.5,19.7,nan,nan,nan,118.70,0.46,nan,4.50,115.90,857.40
09-Aug-25 12:33:04 PM AEST,28.5,nan,nan,nan,nan,nan,nan,nan,nan,nan,nan,nan
09-Aug-25 12:34:00 PM AEST,nan,59.2,19.6,nan,nan,nan,113.30,0.26,7.10,2.00,114.30,851.70
09-Aug-25 12:34:08 PM AEST,28.6,nan,nan,nan,nan,nan,nan,nan,nan,nan,nan,nan
09-Aug-25 12:35:00 PM AEST,nan,nan,19.8,nan,nan,nan,320.30,0.58,8.30,5.20,318.90,812.50
09-Aug-25 12:35:12 PM AEST,28.7,nan,nan,nan,nan,nan,nan,nan,nan,nan,nan,nan
09-Aug-25 12:36:00 PM AEST,nan,58.5,nan,nan,nan,nan,287.00,0.70,11.80,6.70,288.70,855.70
09-Aug-25 12:37:00 PM AEST,nan,58.3,19.7,nan,nan,nan,288.70,0.72,10.60,6.90,287.00,848.30
09-Aug-25 12:38:00 PM AEST,28.8,58.8,nan,nan,nan,nan,294.80,0.46,7.10,4.40,293.90,834.90
09-Aug-25 12:39:00 PM AEST,nan,58.2,19.9,nan,nan,nan,245.20,0.50,9.50,3.10,253.90,812.50
09-Aug-25 12:39:04 PM AEST,28.9,nan,nan,nan,nan,nan,nan,nan,nan,nan,nan,nan
09-Aug-25 12:40:00 PM AEST,nan,nan,nan,nan,nan,nan,266.80,0.29,4.70,2.90,266.80,815.00
09-Aug-25 12:40:08 PM AEST,29.1,nan,nan,nan,nan,nan,nan,nan,nan,nan,nan,nan
09-Aug-25 12:41:00 PM AEST,nan,58.0,20.1,nan,nan,nan,190.50,0.70,10.60,6.50,189.50,558.30
09-Aug-25 12:41:12 PM AEST,29.2,nan,nan,nan,nan,nan,nan,nan,nan,nan,nan,nan
09-Aug-25 12:41:12 PM AEST,29.3,nan,nan,nan,nan,nan,nan,nan,nan,nan,nan,nan
09-Aug-25 12:42:00 PM AEST,nan,57.7,nan,nan,nan,nan,255.70,0.52,7.10,4.10,261.20,515.00
09-Aug-25 12:43:00 PM AEST,nan,58.2,nan,nan,nan,nan,322.80,0.34,4.70,3.40,323.60,499.90
09-Aug-25 12:44:00 PM AEST,nan,57.3,20.2,nan,nan,nan,288.90,0.69,13.00,6.10,289.50,278.30
09-Aug-25 12:45:00 PM AEST,29.2,57.2,20.0,nan,nan,nan,284.80,0.40,5.90,3.20,294.40,760.00
09-Aug-25 12:46:00 PM AEST,nan,58.3,19.8,nan,nan,nan,291.20,0.67,8.30,5.80,290.00,642.40
09-Aug-25 12:46:04 PM AEST,29.3,nan,nan,nan,nan,nan,nan,nan,nan,nan,nan,nan
09-Aug-25 12:47:00 PM AEST,nan,58.5,20.2,nan,nan,nan,246.30,0.47,nan,3.00,257.90,777.50
09-Aug-25 12:47:08 PM AEST,29.4,nan,nan,nan,nan,nan,nan,nan,nan,nan,nan,nan
09-Aug-25 12:47:08 PM AEST,29.5,nan,nan,nan,nan,nan,nan,nan,nan,nan,nan,nan
09-Aug-25 12:48:00 PM AEST,nan,58.0,20.4,nan,nan,nan,260.60,0.72,10.60,5.90,267.60,692.40
09-Aug-25 12:48:12 PM AEST,29.4,nan,nan,nan,nan,nan,nan,nan,nan,nan,nan,nan
09-Aug-25 12:49:00 PM AEST,nan,57.7,nan,nan,nan,nan,287.90,0.43,5.90,4.30,287.80,775.00
09-Aug-25 12:49:16 PM AEST,29.5,nan,nan,nan,nan,nan,nan,nan,nan,nan,nan,nan
09-Aug-25 12:50:00 PM AEST,nan,57.2,20.1,nan,nan,nan,270.40,0.45,9.50,nan,270.60,632.50
09-Aug-25 12:51:00 PM AEST,nan,56.5,nan,nan,nan,nan,235.10,0.40,5.90,3.80,232.50,289.10
09-Aug-25 12:52:00 PM AEST,29.6,57.2,20.0,nan,nan,nan,204.10,0.45,8.30,3.90,202.50,174.20
09-Aug-25 12:53:00 PM AEST,nan,57.5,20.2,nan,nan,nan,241.30,0.41,5.90,3.70,243.60,689.90
09-Aug-25 12:53:04 PM AEST,29.5,nan,nan,nan,nan,nan,nan,nan,nan,nan,nan,nan
09-Aug-25 12:54:00 PM AEST,nan,57.2,nan,nan,nan,nan,183.70,nan,7.10,4.10,184.40,776.70
09-Aug-25 12:55:00 PM AEST,nan,57.7,20.1,nan,nan,nan,258.80,0.56,10.60,4.20,270.40,772.50
09-Aug-25 12:56:00 PM AEST,29.3,57.2,20.3,nan,nan,nan,288.80,0.81,16.60,7.30,293.20,770.70
09-Aug-25 12:57:00 PM AEST,nan,57.8,20.0,nan,nan,nan,258.10,0.40,10.60,3.70,266.40,765.00
09-Aug-25 12:57:04 PM AEST,29.4,nan,nan,nan,nan,nan,nan,nan,nan,nan,nan,nan
09-Aug-25 12:58:00 PM AEST,nan,56.7,20.2,nan,nan,nan,305.50,1.02,14.20,9.30,309.30,664.90
09-Aug-25 12:58:08 PM AEST,29.3,nan,nan,nan,nan,nan,nan,nan,nan,nan,nan,nan
09-Aug-25 12:59:00 PM AEST,nan,57.2,19.8,nan,nan,nan,278.50,0.66,10.60,4.40,280.80,744.20
09-Aug-25 1:00:28 PM AEST,nan,nan,nan,nan,nan,0.51,nan,nan,nan,nan,nan,nan
09-Aug-25 1:01:00 PM AEST,29.4,57.0,19.9,nan,nan,nan,237.30,0.44,8.30,3.70,243.90,738.30
09-Aug-25 1:01:00 PM AEST,29.4,57.2,19.9,nan,nan,nan,294.70,0.63,8.30,5.90,296.40,734.10
09-Aug-25 1:02:00 PM AEST,nan,57.5,20.0,nan,nan,nan,194.40,0.56,7.10,5.50,194.50,725.80
09-Aug-25 1:02:04 PM AEST,29.5,nan,nan,nan,nan,nan,nan,nan,nan,nan,nan,nan
09-Aug-25 1:03:00 PM AEST,nan,58.0,20.2,nan,nan,nan,237.40,0.64,10.60,3.10,231.80,730.70
09-Aug-25 1:03:08 PM AEST,29.4,nan,nan,nan,nan,nan,nan,nan,nan,nan,nan,nan
09-Aug-25 1:04:00 PM AEST,nan,57.5,20.4,nan,nan,nan,181.80,0.95,13.00,7.60,177.80,734.20
09-Aug-25 1:04:12 PM AEST,29.3,nan,nan,nan,nan,nan,nan,nan,nan,nan,nan,nan
09-Aug-25 1:05:00 PM AEST,nan,57.8,20.1,nan,nan,nan,187.30,0.60,10.60,5.80,191.40,nan
09-Aug-25 1:05:16 PM AEST,29.4,nan,nan,nan,nan,nan,nan,nan,nan,nan,nan,nan
09-Aug-25 1:06:00 PM AEST,nan,58.5,nan,nan,nan,nan,196.40,0.66,11.80,6.50,199.30,734.90
09-Aug-25 1:06:20 PM AEST,29.5,nan,nan,nan,nan,nan,nan,nan,nan,nan,nan,nan
09-Aug-25 1:07:00 PM AEST,nan,59.2,20.4,nan,nan,nan,245.20,0.42,7.10,3.10,250.20,742.50
09-Aug-25 1:07:24 PM AEST,29.6,nan,nan,nan,nan,nan,nan,nan,nan,nan,nan,nan
09-Aug-25 1:08:00 PM AEST,nan,59.0,20.7,nan,nan,nan,205.40,0.43,8.30,1.90,229.90,752.40
09-Aug-25 1:09:00 PM AEST,nan,58.5,20.8,nan,nan,nan,283.90,0.58,nan,4.50,289.20,755.80
09-Aug-25 1:10:00 PM AEST,29.7,58.2,20.6,nan,nan,nan,138.00,0.60,nan,1.00,129.10,748.30
09-Aug-25 1:11:00 PM AEST,nan,58.0,nan,nan,nan,nan,159.90,0.41,11.80,3.70,169.40,733.20
09-Aug-25 1:12:00 PM AEST,nan,57.0,nan,nan,nan,nan,195.00,0.69,nan,6.70,194.90,722.50
09-Aug-25 1:13:00 PM AEST,29.6,56.5,20.3,nan,nan,nan,198.40,0.64,10.60,6.00,197.80,709.10
09-Aug-25 1:14:00 PM AEST,nan,57.0,20.1,nan,nan,nan,186.70,0.89,14.20,8.70,187.70,697.50
09-Aug-25 1:14:04 PM AEST,29.5,nan,nan,nan,nan,nan,nan,nan,nan,nan,nan,nan
09-Aug-25 1:15:00 PM AEST,nan,57.8,nan,nan,nan,nan,253.50,0.63,11.80,4.30,231.80,698.30
09-Aug-25 1:16:00 PM AEST,29.6,58.3,20.3,nan,nan,nan,270.20,0.33,5.90,3.00,271.20,704.90
09-Aug-25 1:17:00 PM AEST,nan,57.8,20.6,nan,nan,nan,217.10,0.58,9.50,4.10,204.00,706.70
09-Aug-25 1:17:04 PM AEST,29.7,nan,nan,nan,nan,nan,nan,nan,nan,nan,nan,nan
09-Aug-25 1:17:04 PM AEST,29.6,nan,nan,nan,nan,nan,nan,nan,nan,nan,nan,nan
09-Aug-25 1:18:00 PM AEST,nan,56.8,20.5,nan,nan,nan,171.10,0.40,5.90,4.00,169.70,706.60
09-Aug-25 1:18:08 PM AEST,29.8,nan,nan,nan,nan,nan,nan,nan,nan,nan,nan,nan
09-Aug-25 1:19:00 PM AEST,nan,58.0,20.1,nan,nan,nan,256.60,0.39,8.30,2.90,268.70,707.50
09-Aug-25 1:20:00 PM AEST,nan,57.2,20.6,nan,nan,nan,303.60,0.70,10.60,6.70,302.90,701.70
09-Aug-25 1:21:00 PM AEST,29.7,56.8,20.4,nan,nan,nan,272.70,0.50,7.10,3.50,268.10,704.10
09-Aug-25 1:22:00 PM AEST,nan,56.5,20.2,nan,nan,nan,302.90,0.71,10.60,5.70,309.20,701.70
09-Aug-25 1:23:00 PM AEST,29.6,56.0,nan,nan,nan,nan,305.00,0.72,nan,4.30,307.40,699.10
09-Aug-25 1:24:00 PM AEST,nan,55.7,19.9,nan,nan,nan,288.90,0.69,13.00,6.60,291.70,696.70
09-Aug-25 1:24:04 PM AEST,29.5,nan,nan,nan,nan,nan,nan,nan,nan,nan,nan,nan
09-Aug-25 1:25:00 PM AEST,nan,56.5,19.7,nan,nan,nan,286.00,0.53,9.50,4.90,292.00,695.00
09-Aug-25 1:25:08 PM AEST,29.6,nan,nan,nan,nan,nan,nan,nan,nan,nan,nan,nan
09-Aug-25 1:26:00 PM AEST,nan,56.3,20.0,nan,nan,nan,312.40,0.81,10.60,7.80,312.80,691.60
09-Aug-25 1:26:12 PM AEST,29.5,nan,nan,nan,nan,nan,nan,nan,nan,nan,nan,nan
09-Aug-25 1:26:12 PM AEST,29.4,nan,nan,nan,nan,nan,nan,nan,nan,nan,nan,nan
09-Aug-25 1:27:00 PM AEST,nan,55.5,19.9,nan,nan,nan,291.40,0.75,11.80,7.30,293.90,685.00
09-Aug-25 1:28:00 PM AEST,nan,55.7,19.5,nan,nan,nan,297.00,0.60,9.50,5.70,298.40,678.30
09-Aug-25 1:29:00 PM AEST,nan,55.2,19.6,nan,nan,nan,267.50,0.57,8.30,5.30,266.80,677.50
09-Aug-25 1:30:00 PM AEST,29.5,56.0,19.5,nan,nan,nan,263.10,0.46,7.10,4.50,264.20,676.70
09-Aug-25 1:31:00 PM AEST,nan,56.3,19.8,nan,nan,nan,296.50,0.56,9.50,5.00,300.50,674.90
09-Aug-25 1:32:00 PM AEST,nan,56.2,19.9,nan,nan,nan,296.80,0.93,14.20,9.10,298.50,672.50
09-Aug-25 1:33:00 PM AEST,29.4,nan,19.8,nan,nan,nan,280.20,0.47,7.10,3.80,284.70,674.10
09-Aug-25 1:34:00 PM AEST,nan,56.8,19.7,nan,nan,nan,294.40,0.43,nan,2.20,297.30,673.30
09-Aug-25 1:34:04 PM AEST,29.6,nan,nan,nan,nan,nan,nan,nan,nan,nan,nan,nan
09-Aug-25 1:35:00 PM AEST,nan,56.0,20.1,nan,nan,nan,291.60,0.87,13.00,7.80,294.60,668.30
09-Aug-25 1:35:08 PM AEST,29.5,nan,nan,nan,nan,nan,nan,nan,nan,nan,nan,nan
09-Aug-25 1:36:00 PM AEST,nan,56.3,19.8,nan,nan,nan,296.30,0.68,nan,6.50,296.90,661.60
09-Aug-25 1:36:12 PM AEST,29.6,nan,nan,nan,nan,nan,nan,nan,nan,nan,nan,nan
09-Aug-25 1:37:00 PM AEST,nan,55.8,19.9,nan,nan,nan,316.70,0.58,9.50,5.50,316.10,657.50
09-Aug-25 1:38:00 PM AEST,nan,55.7,19.8,nan,nan,nan,303.70,0.64,nan,5.90,305.10,654.10
09-Aug-25 1:39:00 PM AEST,29.5,55.0,nan,nan,nan,nan,278.40,0.68,nan,6.60,277.80,655.00
09-Aug-25 1:40:00 PM AEST,nan,55.3,19.5,nan,nan,nan,354.40,0.47,7.10,4.20,354.20,nan
09-Aug-25 1:40:04 PM AEST,29.6,nan,nan,nan,nan,nan,nan,nan,nan,nan,nan,nan
09-Aug-25 1:41:00 PM AEST,nan,nan,19.7,nan,nan,nan,332.60,0.81,10.60,8.10,332.20,654.90
09-Aug-25 1:41:08 PM AEST,29.7,nan,nan,nan,nan,nan,nan,nan,nan,nan,nan,nan
09-Aug-25 1:42:00 PM AEST,nan,55.2,19.8,nan,nan,nan,312.70,0.56,9.50,5.20,315.30,655.00
09-Aug-25 1:43:00 PM AEST,29.8,55.0,19.7,nan,nan,nan,247.20,0.34,4.70,2.90,245.00,655.80
09-Aug-25 1:44:00 PM AEST,nan,54.7,19.8,nan,nan,nan,216.80,0.21,3.50,2.10,216.70,654.20
09-Aug-25 1:44:04 PM AEST,30.0,nan,nan,nan,nan,nan,nan,nan,nan,nan,nan,nan
09-Aug-25 1:45:00 PM AEST,nan,55.2,19.9,nan,nan,nan,255.50,0.36,7.10,3.30,262.00,650.80
09-Aug-25 1:45:08 PM AEST,30.1,nan,nan,nan,nan,nan,nan,nan,nan,nan,nan,nan
09-Aug-25 1:45:08 PM AEST,30.2,nan,nan,nan,nan,nan,nan,nan,nan,nan,nan,nan
09-Aug-25 1:46:00 PM AEST,nan,55.8,20.1,nan,nan,nan,256.10,0.37,5.90,3.00,265.90,646.60
09-Aug-25 1:46:12 PM AEST,30.3,nan,nan,nan,nan,nan,nan,nan,nan,nan,nan,nan
09-Aug-25 1:47:00 PM AEST,nan,56.3,20.4,nan,nan,nan,296.70,0.36,7.10,3.60,297.80,643.30
09-Aug-25 1:48:00 PM AEST,nan,56.7,20.6,nan,nan,nan,329.20,0.63,9.50,4.20,333.30,640.80
09-Aug-25 1:49:00 PM AEST,30.4,56.8,20.8,nan,nan,nan,170.20,0.35,10.60,2.40,178.20,641.70
09-Aug-25 1:50:00 PM AEST,nan,56.5,nan,nan,nan,nan,196.00,0.72,nan,6.80,194.50,639.20
09-Aug-25 1:50:04 PM AEST,30.3,nan,nan,nan,nan,nan,nan,nan,nan,nan,nan,nan
09-Aug-25 1:51:00 PM AEST,nan,56.7,20.7,nan,nan,nan,265.00,0.87,15.40,7.90,275.40,639.10
09-Aug-25 1:51:08 PM AEST,30.2,nan,nan,nan,nan,nan,nan,nan,nan,nan,nan,nan
09-Aug-25 1:51:08 PM AEST,29.9,nan,nan,nan,nan,nan,nan,nan,nan,nan,nan,nan
09-Aug-25 1:52:00 PM AEST,nan,56.2,20.6,nan,nan,nan,269.80,0.57,7.10,4.50,270.90,645.00
09-Aug-25 1:52:12 PM AEST,30.1,nan,nan,nan,nan,nan,nan,nan,nan,nan,nan,nan
09-Aug-25 1:53:00 PM AEST,nan,56.5,20.2,nan,nan,nan,245.90,0.30,3.50,1.70,247.00,656.60
09-Aug-25 1:53:16 PM AEST,30.2,nan,nan,nan,nan,nan,nan,nan,nan,nan,nan,nan
09-Aug-25 1:54:00 PM AEST,nan,nan,20.5,nan,nan,nan,277.20,0.62,9.50,5.40,278.20,665.80
09-Aug-25 1:55:00 PM AEST,nan,56.0,20.6,nan,nan,nan,231.70,0.53,8.30,3.50,222.70,671.70
09-Aug-25 1:56:00 PM AEST,nan,nan,20.4,nan,nan,nan,335.30,0.47,7.10,0.40,277.80,674.90
09-Aug-25 1:57:00 PM AEST,30.3,55.7,nan,nan,nan,nan,208.40,0.46,5.90,4.00,206.70,675.00
09-Aug-25 1:58:00 PM AEST,nan,55.3,20.5,nan,nan,nan,267.30,0.63,15.40,5.50,278.70,668.30
09-Aug-25 1:59:00 PM AEST,nan,56.2,20.3,nan,nan,nan,196.50,0.37,7.10,3.20,191.50,655.80
09-Aug-25 2:00:32 PM AEST,nan,nan,nan,nan,nan,0.39,nan,nan,nan,nan,nan,nan
09-Aug-25 2:01:00 PM AEST,30.2,nan,20.8,nan,nan,nan,253.90,0.79,11.80,6.10,251.20,639.90
09-Aug-25 2:02:00 PM AEST,nan,57.0,20.5,nan,nan,nan,244.50,0.44,7.10,4.30,245.60,639.20
09-Aug-25 2:02:04 PM AEST,30.4,nan,nan,nan,nan,nan,nan,nan,nan,nan,nan,nan
09-Aug-25 2:03:00 PM AEST,nan,56.7,20.8,nan,nan,nan,272.30,0.41,nan,4.00,276.80,639.90
09-Aug-25 2:03:08 PM AEST,30.3,nan,nan,nan,nan,nan,nan,nan,nan,nan,nan,nan
09-Aug-25 2:04:00 PM AEST,nan,55.8,nan,nan,nan,nan,290.60,0.67,11.80,6.30,291.90,639.20
09-Aug-25 2:04:12 PM AEST,30.1,nan,nan,nan,nan,nan,nan,nan,nan,nan,nan,nan
09-Aug-25 2:05:00 PM AEST,nan,56.2,20.5,nan,nan,nan,260.40,0.59,10.60,4.00,251.70,640.80
09-Aug-25 2:06:00 PM AEST,nan,56.5,20.4,nan,nan,nan,240.60,0.56,8.30,4.60,245.40,638.30
09-Aug-25 2:07:00 PM AEST,30.2,56.7,20.5,nan,nan,nan,285.30,0.47,7.10,3.40,278.10,632.50
09-Aug-25 2:08:00 PM AEST,nan,57.0,20.6,nan,nan,nan,166.90,0.43,5.90,4.10,166.60,627.40
09-Aug-25 2:08:04 PM AEST,30.3,nan,nan,nan,nan,nan,nan,nan,nan,nan,nan,nan
09-Aug-25 2:09:00 PM AEST,nan,56.3,20.9,nan,nan,nan,290.40,0.64,9.50,5.60,288.10,622.50
09-Aug-25 2:10:00 PM AEST,30.4,56.5,20.6,nan,nan,nan,300.90,0.44,7.10,4.30,299.50,617.50
09-Aug-25 2:11:00 PM AEST,nan,56.3,20.7,nan,nan,nan,238.60,0.57,9.50,3.90,243.50,612.40
09-Aug-25 2:11:04 PM AEST,30.3,nan,nan,nan,nan,nan,nan,nan,nan,nan,nan,nan
09-Aug-25 2:12:00 PM AEST,nan,56.2,nan,nan,nan,nan,255.20,0.64,10.60,6.00,255.90,585.80
09-Aug-25 2:13:00 PM AEST,nan,nan,20.6,nan,nan,nan,253.70,0.25,5.90,2.40,259.20,261.60
09-Aug-25 2:14:00 PM AEST,nan,56.3,nan,nan,nan,nan,217.50,0.66,14.20,5.60,217.90,315.80
09-Aug-25 2:15:00 PM AEST,30.2,56.7,nan,nan,nan,nan,209.50,0.51,7.10,4.80,207.40,600.80
09-Aug-25 2:16:00 PM AEST,nan,56.8,nan,nan,nan,nan,240.40,0.56,10.60,3.80,251.10,579.10
09-Aug-25 2:16:04 PM AEST,30.1,nan,nan,nan,nan,nan,nan,nan,nan,nan,nan,nan
09-Aug-25 2:16:04 PM AEST,30.0,nan,nan,nan,nan,nan,nan,nan,nan,nan,nan,nan
09-Aug-25 2:17:00 PM AEST,nan,56.5,nan,nan,nan,nan,275.70,0.65,14.20,5.80,287.20,612.50
09-Aug-25 2:17:08 PM AEST,29.9,nan,nan,nan,nan,nan,nan,nan,nan,nan,nan,nan
09-Aug-25 2:18:00 PM AEST,nan,56.8,20.4,nan,nan,nan,199.00,0.88,18.90,7.90,196.40,611.60
09-Aug-25 2:18:12 PM AEST,29.8,nan,nan,nan,nan,nan,nan,nan,nan,nan,nan,nan
09-Aug-25 2:19:00 PM AEST,nan,57.3,nan,nan,nan,nan,191.40,0.40,8.30,3.80,194.60,610.00
09-Aug-25 2:19:16 PM AEST,30.1,nan,nan,nan,nan,nan,nan,nan,nan,nan,nan,nan
09-Aug-25 2:20:00 PM AEST,nan,57.8,20.5,nan,nan,nan,238.60,0.38,10.60,3.30,255.30,609.20
09-Aug-25 2:20:20 PM AEST,29.9,nan,nan,nan,nan,nan,nan,nan,nan,nan,nan,nan
09-Aug-25 2:21:00 PM AEST,nan,56.7,20.9,nan,nan,nan,290.50,0.70,nan,6.40,286.50,611.60
09-Aug-25 2:21:24 PM AEST,29.8,nan,nan,nan,nan,nan,nan,nan,nan,nan,nan,nan
09-Aug-25 2:22:00 PM AEST,nan,56.8,20.4,nan,nan,nan,266.30,0.60,13.00,5.10,279.70,620.00
09-Aug-25 2:22:28 PM AEST,29.6,nan,nan,nan,nan,nan,nan,nan,nan,nan,nan,nan
09-Aug-25 2:23:00 PM AEST,nan,56.7,20.3,nan,nan,nan,280.10,0.67,14.20,6.40,286.10,628.30
09-Aug-25 2:24:00 PM AEST,nan,56.8,20.1,nan,nan,nan,276.60,0.56,8.30,5.00,276.10,638.30
09-Aug-25 2:25:00 PM AEST,nan,57.0,20.2,nan,nan,nan,309.70,0.55,nan,5.40,309.60,661.70
09-Aug-25 2:26:00 PM AEST,29.9,57.8,nan,nan,nan,nan,311.10,0.22,3.50,2.20,311.10,668.30
09-Aug-25 2:27:00 PM AEST,nan,57.7,20.7,nan,nan,nan,251.40,0.59,10.60,4.30,246.80,600.00
09-Aug-25 2:27:04 PM AEST,30.1,nan,nan,nan,nan,nan,nan,nan,nan,nan,nan,nan
09-Aug-25 2:28:00 PM AEST,nan,57.0,20.8,nan,nan,nan,263.10,0.62,nan,5.30,262.00,354.90
09-Aug-25 2:28:08 PM AEST,30.0,nan,nan,nan,nan,nan,nan,nan,nan,nan,nan,nan
09-Aug-25 2:29:00 PM AEST,nan,56.3,20.5,nan,nan,nan,269.10,0.47,7.10,4.60,269.80,283.30
09-Aug-25 2:29:00 PM AEST,nan,56.3,20.5,nan,nan,nan,269.10,0.47,7.10,4.60,269.80,253.30
09-Aug-25 2:29:12 PM AEST,29.8,nan,nan,nan,nan,nan,nan,nan,nan,nan,nan,nan
09-Aug-25 2:29:12 PM AEST,29.7,nan,nan,nan,nan,nan,nan,nan,nan,nan,nan,nan
09-Aug-25 2:30:00 PM AEST,nan,56.7,20.2,nan,nan,nan,278.90,0.78,14.20,5.70,291.00,nan
09-Aug-25 2:30:16 PM AEST,29.5,nan,nan,nan,nan,nan,nan,nan,nan,nan,nan,nan
09-Aug-25 2:31:00 PM AEST,nan,57.2,20.1,nan,nan,nan,264.10,0.52,9.50,4.40,261.30,259.10
09-Aug-25 2:31:20 PM AEST,29.3,nan,nan,nan,nan,nan,nan,nan,nan,nan,nan,nan
09-Aug-25 2:32:00 PM AEST,nan,nan,nan,nan,nan,nan,288.20,0.79,13.00,7.50,289.70,282.50
09-Aug-25 2:32:24 PM AEST,29.1,nan,nan,nan,nan,nan,nan,nan,nan,nan,nan,nan
09-Aug-25 2:33:00 PM AEST,nan,57.8,19.9,nan,nan,nan,300.60,0.60,8.30,5.90,300.60,355.80
09-Aug-25 2:33:28 PM AEST,29.2,nan,nan,nan,nan,nan,nan,nan,nan,nan,nan,nan
09-Aug-25 2:34:00 PM AEST,nan,58.5,nan,nan,nan,nan,187.50,0.49,nan,3.90,183.40,470.80
09-Aug-25 2:34:32 PM AEST,29.3,nan,nan,nan,nan,nan,nan,nan,nan,nan,nan,nan
09-Aug-25 2:35:00 PM AEST,nan,58.8,20.2,nan,nan,nan,208.50,0.50,7.10,4.10,209.00,475.80
09-Aug-25 2:35:36 PM AEST,29.4,nan,nan,nan,nan,nan,nan,nan,nan,nan,nan,nan
09-Aug-25 2:36:00 PM AEST,nan,59.2,20.4,nan,nan,nan,231.00,0.28,5.90,2.80,230.40,739.20
09-Aug-25 2:36:40 PM AEST,29.7,nan,nan,nan,nan,nan,nan,nan,nan,nan,nan,nan
09-Aug-25 2:37:00 PM AEST,nan,59.7,20.6,nan,nan,nan,261.60,0.49,10.60,3.10,266.10,811.70
09-Aug-25 2:37:44 PM AEST,29.5,nan,nan,nan,nan,nan,nan,nan,nan,nan,nan,nan
09-Aug-25 2:38:00 PM AEST,nan,58.2,21.0,nan,nan,nan,275.10,0.79,nan,6.70,275.50,808.20
09-Aug-25 2:39:00 PM AEST,nan,58.0,20.4,nan,nan,nan,241.70,0.54,nan,4.00,249.90,804.20
09-Aug-25 2:40:00 PM AEST,29.6,58.3,nan,nan,nan,nan,288.90,0.56,9.50,5.20,286.80,560.00
09-Aug-25 2:41:00 PM AEST,nan,58.0,20.5,nan,nan,nan,294.60,0.64,14.20,6.40,293.30,397.40
09-Aug-25 2:41:04 PM AEST,29.7,nan,nan,nan,nan,nan,nan,nan,nan,nan,nan,nan
09-Aug-25 2:42:00 PM AEST,nan,57.3,nan,nan,nan,nan,280.50,0.57,7.10,5.10,280.50,326.70
09-Aug-25 2:42:08 PM AEST,29.5,nan,nan,nan,nan,nan,nan,nan,nan,nan,nan,nan
09-Aug-25 2:43:00 PM AEST,nan,57.5,20.2,nan,nan,nan,303.30,0.74,11.80,6.60,307.40,647.40
09-Aug-25 2:43:12 PM AEST,29.4,nan,nan,nan,nan,nan,nan,nan,nan,nan,nan,nan
09-Aug-25 2:44:00 PM AEST,nan,58.0,20.1,nan,nan,nan,283.00,0.55,9.50,4.90,286.60,653.30
09-Aug-25 2:45:00 PM AEST,29.5,nan,20.3,nan,nan,nan,287.90,0.39,5.90,3.90,288.50,320.80
09-Aug-25 2:46:00 PM AEST,nan,nan,20.4,nan,nan,nan,260.50,0.73,16.60,5.30,252.50,252.40
09-Aug-25 2:47:00 PM AEST,29.3,58.2,nan,nan,nan,nan,236.10,0.67,11.80,5.50,248.50,289.20
09-Aug-25 2:48:00 PM AEST,nan,58.0,20.3,nan,nan,nan,254.50,0.80,17.80,4.70,270.00,284.10
09-Aug-25 2:48:04 PM AEST,29.0,nan,nan,nan,nan,nan,nan,nan,nan,nan,nan,nan
09-Aug-25 2:49:00 PM AEST,nan,58.3,19.9,nan,nan,nan,193.60,0.53,7.10,3.90,196.20,223.30
09-Aug-25 2:49:08 PM AEST,28.7,nan,nan,nan,nan,nan,nan,nan,nan,nan,nan,nan
09-Aug-25 2:50:00 PM AEST,nan,58.7,19.7,nan,nan,nan,285.50,0.50,nan,3.70,293.30,225.80
09-Aug-25 2:50:12 PM AEST,28.8,nan,nan,nan,nan,nan,nan,nan,nan,nan,nan,nan
09-Aug-25 2:50:12 PM AEST,28.6,nan,nan,nan,nan,nan,nan,nan,nan,nan,nan,nan
09-Aug-25 2:51:00 PM AEST,nan,58.8,19.9,nan,nan,nan,180.10,0.70,10.60,5.90,174.20,262.40
09-Aug-25 2:52:00 PM AEST,nan,59.3,19.7,nan,nan,nan,182.60,0.27,5.90,2.70,182.70,448.30
09-Aug-25 2:53:00 PM AEST,28.8,60.2,19.9,nan,nan,nan,236.40,0.30,4.70,1.60,252.60,653.30
09-Aug-25 2:54:00 PM AEST,nan,60.0,20.3,nan,nan,nan,214.90,0.62,9.50,5.10,207.50,643.30
09-Aug-25 2:54:04 PM AEST,28.9,nan,nan,nan,nan,nan,nan,nan,nan,nan,nan,nan
09-Aug-25 2:55:00 PM AEST,nan,60.3,20.4,nan,nan,nan,200.10,0.43,7.10,4.10,199.50,458.30
09-Aug-25 2:55:08 PM AEST,29.0,nan,nan,nan,nan,nan,nan,nan,nan,nan,nan,nan
09-Aug-25 2:56:00 PM AEST,nan,59.7,20.6,nan,nan,nan,268.70,0.54,9.50,5.40,268.00,264.10
09-Aug-25 2:57:00 PM AEST,28.9,59.0,20.4,nan,nan,nan,268.30,0.37,5.90,3.70,269.10,201.70
09-Aug-25 2:58:00 PM AEST,nan,59.3,20.0,nan,nan,nan,271.90,0.70,11.80,5.90,276.30,470.80
09-Aug-25 2:58:04 PM AEST,28.7,nan,nan,nan,nan,nan,nan,nan,nan,nan,nan,nan
09-Aug-25 2:58:04 PM AEST,28.5,nan,nan,nan,nan,nan,nan,nan,nan,nan,nan,nan
09-Aug-25 2:59:00 PM AEST,nan,59.7,nan,nan,nan,nan,271.50,0.66,10.60,3.60,257.20,470.00
09-Aug-25 3:00:36 PM AEST,nan,nan,nan,nan,nan,0.24,nan,nan,nan,nan,nan,nan
09-Aug-25 3:01:00 PM AEST,28.4,60.0,19.9,nan,nan,nan,293.60,0.65,14.20,6.20,293.80,498.30
09-Aug-25 3:01:00 PM AEST,28.4,59.8,20.0,nan,nan,nan,267.50,0.85,14.20,8.00,272.50,569.10
09-Aug-25 3:02:00 PM AEST,nan,60.3,19.8,nan,nan,nan,292.20,0.91,nan,8.30,293.90,403.30
09-Aug-25 3:02:04 PM AEST,28.3,nan,nan,nan,nan,nan,nan,nan,nan,nan,nan,nan
09-Aug-25 3:03:00 PM AEST,nan,60.8,nan,nan,nan,nan,252.10,0.66,10.60,3.40,254.30,435.80
09-Aug-25 3:03:08 PM AEST,28.4,nan,nan,nan,nan,nan,nan,nan,nan,nan,nan,nan
09-Aug-25 3:04:00 PM AEST,nan,61.3,20.0,nan,nan,nan,217.80,0.57,8.30,2.60,218.70,445.80
09-Aug-25 3:04:12 PM AEST,28.5,nan,nan,nan,nan,nan,nan,nan,nan,nan,nan,nan
09-Aug-25 3:05:00 PM AEST,nan,61.0,20.2,nan,nan,nan,197.00,0.58,nan,4.70,197.80,587.50
09-Aug-25 3:05:16 PM AEST,28.6,nan,nan,nan,nan,nan,nan,nan,nan,nan,nan,nan
09-Aug-25 3:06:00 PM AEST,nan,61.3,nan,nan,nan,nan,257.60,0.39,5.90,3.70,254.80,597.40
09-Aug-25 3:06:20 PM AEST,28.8,nan,nan,nan,nan,nan,nan,nan,nan,nan,nan,nan
09-Aug-25 3:07:00 PM AEST,nan,61.2,20.5,nan,nan,nan,255.20,0.53,14.20,3.90,235.00,335.00
09-Aug-25 3:07:24 PM AEST,28.6,nan,nan,nan,nan,nan,nan,nan,nan,nan,nan,nan
09-Aug-25 3:08:00 PM AEST,nan,60.5,20.6,nan,nan,nan,258.50,0.90,13.00,6.00,252.70,219.10
09-Aug-25 3:08:28 PM AEST,28.3,nan,nan,nan,nan,nan,nan,nan,nan,nan,nan,nan
09-Aug-25 3:09:00 PM AEST,nan,60.7,20.2,nan,nan,nan,235.40,0.76,10.60,4.90,240.50,245.80
09-Aug-25 3:09:32 PM AEST,28.1,nan,nan,nan,nan,nan,nan,nan,nan,nan,nan,nan
09-Aug-25 3:10:00 PM AEST,nan,60.8,20.0,nan,nan,nan,294.90,0.46,7.10,4.30,293.00,222.50
09-Aug-25 3:10:36 PM AEST,28.2,nan,nan,nan,nan,nan,nan,nan,nan,nan,nan,nan
09-Aug-25 3:11:00 PM AEST,nan,61.0,19.9,nan,nan,nan,236.50,0.69,11.80,5.00,231.30,324.90
09-Aug-25 3:12:00 PM AEST,nan,61.2,nan,nan,nan,nan,235.50,0.47,8.30,3.70,242.70,225.00
09-Aug-25 3:12:00 PM AEST,nan,61.2,nan,nan,nan,nan,235.50,0.50,8.30,3.70,242.70,225.00
09-Aug-25 3:13:00 PM AEST,28.1,61.3,20.0,nan,nan,nan,303.40,nan,nan,4.50,301.80,229.90
09-Aug-25 3:14:00 PM AEST,nan,61.2,19.9,nan,nan,nan,268.20,0.62,10.60,4.80,254.40,286.70
09-Aug-25 3:14:04 PM AEST,28.0,nan,nan,nan,nan,nan,nan,nan,nan,nan,nan,nan
09-Aug-25 3:15:00 PM AEST,nan,61.5,19.8,nan,nan,nan,340.50,0.47,5.90,1.70,334.80,529.20
09-Aug-25 3:15:08 PM AEST,28.1,nan,nan,nan,nan,nan,nan,nan,nan,nan,nan,nan
09-Aug-25 3:16:00 PM AEST,nan,61.7,20.0,nan,nan,nan,220.20,0.73,10.60,2.90,217.10,496.70
09-Aug-25 3:16:12 PM AEST,28.0,nan,nan,nan,nan,nan,nan,nan,nan,nan,nan,nan
09-Aug-25 3:17:00 PM AEST,nan,61.3,nan,nan,nan,nan,282.20,0.44,9.50,3.90,290.60,419.20
09-Aug-25 3:17:16 PM AEST,28.1,nan,nan,nan,nan,nan,nan,nan,nan,nan,nan,nan
09-Aug-25 3:18:00 PM AEST,nan,61.2,19.9,nan,nan,nan,278.90,0.72,10.60,6.50,285.10,564.10
09-Aug-25 3:18:20 PM AEST,28.0,nan,nan,nan,nan,nan,nan,nan,nan,nan,nan,nan
09-Aug-25 3:19:00 PM AEST,nan,60.8,nan,nan,nan,nan,287.70,0.88,13.00,7.50,289.00,361.70
09-Aug-25 3:19:24 PM AEST,27.9,nan,nan,nan,nan,nan,nan,nan,nan,nan,nan,nan
09-Aug-25 3:20:00 PM AEST,nan,61.0,19.7,nan,nan,nan,287.90,0.76,14.20,6.50,287.70,282.40
09-Aug-25 3:21:00 PM AEST,nan,nan,nan,nan,nan,nan,298.30,0.70,13.00,6.90,300.40,435.80
09-Aug-25 3:22:00 PM AEST,28.0,61.3,19.6,nan,nan,nan,324.80,0.41,8.30,3.40,321.50,411.70
09-Aug-25 3:23:00 PM AEST,nan,61.5,19.9,nan,nan,nan,207.40,0.46,9.50,2.10,245.20,279.10
09-Aug-25 3:23:04 PM AEST,28.2,nan,nan,nan,nan,nan,nan,nan,nan,nan,nan,nan
09-Aug-25 3:24:00 PM AEST,nan,nan,20.1,nan,nan,nan,214.40,0.33,7.10,1.80,240.30,166.70
09-Aug-25 3:24:08 PM AEST,28.3,nan,nan,nan,nan,nan,nan,nan,nan,nan,nan,nan
09-Aug-25 3:25:00 PM AEST,nan,60.7,20.2,nan,nan,nan,296.70,1.01,16.60,9.00,297.60,160.00
09-Aug-25 3:25:12 PM AEST,28.1,nan,nan,nan,nan,nan,nan,nan,nan,nan,nan,nan
09-Aug-25 3:26:00 PM AEST,nan,60.5,19.8,nan,nan,nan,281.80,0.76,11.80,7.20,280.80,157.50
09-Aug-25 3:26:16 PM AEST,27.8,nan,nan,nan,nan,nan,nan,nan,nan,nan,nan,nan
09-Aug-25 3:27:00 PM AEST,nan,61.3,19.4,nan,nan,nan,288.50,0.41,7.10,4.10,290.60,162.50
09-Aug-25 3:27:20 PM AEST,27.7,nan,nan,nan,nan,nan,nan,nan,nan,nan,nan,nan
09-Aug-25 3:28:00 PM AEST,nan,61.5,19.7,nan,nan,nan,285.90,0.63,11.80,5.90,285.60,189.10
09-Aug-25 3:29:00 PM AEST,nan,61.8,19.6,nan,nan,nan,269.20,0.40,5.90,2.60,265.10,334.20
09-Aug-25 3:30:00 PM AEST,27.9,62.0,19.7,nan,nan,nan,258.60,0.22,3.50,1.60,249.80,340.80
09-Aug-25 3:31:00 PM AEST,nan,62.3,19.9,nan,nan,nan,194.20,0.28,4.70,2.80,194.20,370.00
09-Aug-25 3:31:04 PM AEST,28.0,nan,nan,nan,nan,nan,nan,nan,nan,nan,nan,nan
09-Aug-25 3:32:00 PM AEST,nan,nan,20.2,nan,nan,nan,267.90,0.47,7.10,2.10,247.60,459.20
09-Aug-25 3:32:08 PM AEST,28.1,nan,nan,nan,nan,nan,nan,nan,nan,nan,nan,nan
09-Aug-25 3:32:08 PM AEST,28.2,nan,nan,nan,nan,nan,nan,nan,nan,nan,nan,nan
09-Aug-25 3:33:00 PM AEST,nan,62.7,nan,nan,nan,nan,273.30,0.27,3.50,2.60,275.70,347.40
09-Aug-25 3:33:12 PM AEST,28.3,nan,nan,nan,nan,nan,nan,nan,nan,nan,nan,nan
09-Aug-25 3:34:00 PM AEST,nan,62.2,20.4,nan,nan,nan,233.90,0.33,4.70,3.00,231.30,155.80
09-Aug-25 3:35:00 PM AEST,nan,61.7,nan,nan,nan,nan,219.30,0.54,8.30,5.00,217.10,363.30
09-Aug-25 3:36:00 PM AEST,nan,62.0,20.2,nan,nan,nan,280.50,0.41,5.90,3.90,278.70,462.50
09-Aug-25 3:37:00 PM AEST,28.4,62.2,20.3,nan,nan,nan,257.10,0.27,nan,2.60,258.90,475.80
09-Aug-25 3:38:00 PM AEST,nan,62.0,20.5,nan,nan,nan,295.50,0.82,14.20,8.10,296.00,479.90
09-Aug-25 3:39:00 PM AEST,28.3,nan,20.4,nan,nan,nan,215.00,0.56,7.10,3.50,219.00,327.50
09-Aug-25 3:40:00 PM AEST,nan,nan,nan,nan,nan,nan,272.10,0.67,10.60,5.90,276.70,269.10
09-Aug-25 3:40:04 PM AEST,28.4,nan,nan,nan,nan,nan,nan,nan,nan,nan,nan,nan
09-Aug-25 3:41:00 PM AEST,nan,61.0,nan,nan,nan,nan,286.50,0.70,nan,6.80,288.30,324.20
09-Aug-25 3:41:00 PM AEST,nan,61.0,nan,nan,nan,nan,286.50,0.70,nan,6.80,288.30,277.40
09-Aug-25 3:41:08 PM AEST,28.2,nan,nan,nan,nan,nan,nan,nan,nan,nan,nan,nan
09-Aug-25 3:41:08 PM AEST,28.3,nan,nan,nan,nan,nan,nan,nan,nan,nan,nan,nan
09-Aug-25 3:42:00 PM AEST,nan,61.7,19.9,nan,nan,nan,280.00,0.34,5.90,3.40,279.60,nan
09-Aug-25 3:43:00 PM AEST,nan,61.5,20.2,nan,nan,nan,299.40,0.78,14.20,7.70,301.20,152.50
09-Aug-25 3:44:00 PM AEST,28.0,60.8,nan,nan,nan,nan,308.70,0.84,nan,7.80,310.50,139.20
09-Aug-25 3:45:00 PM AEST,nan,61.2,19.7,nan,nan,nan,307.90,0.70,11.80,6.80,311.10,139.10
09-Aug-25 3:45:04 PM AEST,27.8,nan,nan,nan,nan,nan,nan,nan,nan,nan,nan,nan
09-Aug-25 3:46:00 PM AEST,nan,61.7,nan,nan,nan,nan,305.00,0.41,5.90,4.10,305.00,149.20
09-Aug-25 3:46:08 PM AEST,27.9,nan,nan,nan,nan,nan,nan,nan,nan,nan,nan,nan
09-Aug-25 3:47:00 PM AEST,nan,61.8,19.8,nan,nan,nan,307.90,0.23,3.50,2.30,307.80,161.60
09-Aug-25 3:47:12 PM AEST,28.1,nan,nan,nan,nan,nan,nan,nan,nan,nan,nan,nan
09-Aug-25 3:48:00 PM AEST,nan,62.0,19.9,nan,nan,nan,270.80,0.21,nan,1.80,267.80,183.30
09-Aug-25 3:49:00 PM AEST,nan,nan,20.1,nan,nan,nan,253.70,0.30,5.90,2.50,258.70,273.30
09-Aug-25 3:50:00 PM AEST,nan,61.7,20.2,nan,nan,nan,270.80,0.53,8.30,3.50,270.90,338.30
09-Aug-25 3:51:00 PM AEST,28.0,61.2,20.0,nan,nan,nan,235.40,0.45,5.90,2.20,239.60,192.50
09-Aug-25 3:52:00 PM AEST,nan,60.0,19.8,nan,nan,nan,299.00,0.54,10.60,5.30,299.00,150.80
09-Aug-25 3:52:04 PM AEST,27.9,nan,nan,nan,nan,nan,nan,nan,nan,nan,nan,nan
09-Aug-25 3:53:00 PM AEST,nan,nan,19.4,nan,nan,nan,191.90,0.37,5.90,3.10,182.70,150.00
09-Aug-25 3:53:08 PM AEST,27.8,nan,nan,nan,nan,nan,nan,nan,nan,nan,nan,nan
09-Aug-25 3:54:00 PM AEST,nan,nan,nan,nan,nan,nan,266.30,0.63,11.80,5.40,273.10,142.50
09-Aug-25 3:54:12 PM AEST,27.7,nan,nan,nan,nan,nan,nan,nan,nan,nan,nan,nan
09-Aug-25 3:55:00 PM AEST,nan,60.5,19.2,nan,nan,nan,280.10,0.59,13.00,5.70,285.00,131.60
09-Aug-25 3:55:16 PM AEST,27.5,nan,nan,nan,nan,nan,nan,nan,nan,nan,nan,nan
09-Aug-25 3:56:00 PM AEST,nan,60.7,nan,nan,nan,nan,268.30,0.66,11.80,4.90,266.50,125.80
09-Aug-25 3:56:20 PM AEST,27.4,nan,nan,nan,nan,nan,nan,nan,nan,nan,nan,nan
09-Aug-25 3:56:20 PM AEST,27.2,nan,nan,nan,nan,nan,nan,nan,nan,nan,nan,nan
09-Aug-25 3:57:00 PM AEST,nan,61.0,19.1,nan,nan,nan,267.10,0.48,7.10,3.50,265.40,nan
09-Aug-25 3:58:00 PM AEST,nan,61.5,19.0,nan,nan,nan,287.80,0.67,10.60,5.90,285.00,150.80
09-Aug-25 3:59:00 PM AEST,27.1,61.8,19.2,nan,nan,nan,227.00,0.42,7.10,2.50,270.60,280.80
09-Aug-25 4:00:04 PM AEST,27.2,nan,nan,nan,nan,nan,nan,nan,nan,nan,nan,nan
09-Aug-25 4:00:40 PM AEST,nan,nan,nan,nan,nan,0.14,nan,nan,nan,nan,nan,nan
09-Aug-25 4:01:00 PM AEST,nan,62.3,19.1,nan,nan,nan,304.50,0.43,5.90,3.10,305.60,367.40
09-Aug-25 4:01:00 PM AEST,nan,62.5,19.4,nan,nan,nan,295.00,0.37,5.90,3.40,296.00,303.30
09-Aug-25 4:01:08 PM AEST,27.3,nan,nan,nan,nan,nan,nan,nan,nan,nan,nan,nan
09-Aug-25 4:02:00 PM AEST,nan,63.0,19.5,nan,nan,nan,236.50,0.35,4.70,2.40,238.80,318.30
09-Aug-25 4:02:12 PM AEST,27.5,nan,nan,nan,nan,nan,nan,nan,nan,nan,nan,nan
09-Aug-25 4:02:12 PM AEST,27.6,nan,nan,nan,nan,nan,nan,nan,nan,nan,nan,nan
09-Aug-25 4:03:00 PM AEST,nan,63.3,19.8,nan,nan,nan,248.20,0.31,nan,2.90,250.50,305.80
09-Aug-25 4:04:00 PM AEST,nan,nan,20.0,nan,nan,nan,204.70,0.43,8.30,4.20,206.40,341.60
09-Aug-25 4:05:00 PM AEST,27.7,64.0,nan,nan,nan,nan,259.00,0.40,7.10,0.60,288.20,370.00
09-Aug-25 4:06:00 PM AEST,nan,63.7,20.3,nan,nan,nan,238.20,0.72,13.00,4.40,254.70,381.70
09-Aug-25 4:07:00 PM AEST,nan,63.8,20.2,nan,nan,nan,252.40,0.53,8.30,4.30,261.80,340.80
09-Aug-25 4:08:00 PM AEST,27.6,63.3,nan,nan,nan,nan,301.30,0.77,15.40,7.30,305.20,221.70
09-Aug-25 4:09:00 PM AEST,nan,63.5,20.0,nan,nan,nan,227.10,0.50,8.30,4.60,225.20,165.00
09-Aug-25 4:10:00 PM AEST,27.7,63.8,20.1,nan,nan,nan,237.40,0.27,5.90,2.60,233.70,153.30
09-Aug-25 4:11:00 PM AEST,nan,63.7,20.3,nan,nan,nan,270.70,0.54,11.80,5.00,290.30,145.00
09-Aug-25 4:11:04 PM AEST,27.6,nan,nan,nan,nan,nan,nan,nan,nan,nan,nan,nan
09-Aug-25 4:12:00 PM AEST,nan,62.8,20.2,nan,nan,nan,302.20,0.37,10.60,3.70,302.50,140.80
09-Aug-25 4:13:00 PM AEST,nan,63.0,19.9,nan,nan,nan,275.10,0.49,8.30,4.50,272.60,139.20
09-Aug-25 4:14:00 PM AEST,27.5,62.8,nan,nan,nan,nan,269.90,0.54,9.50,4.70,284.40,141.60
09-Aug-25 4:15:00 PM AEST,nan,63.0,19.8,nan,nan,nan,207.60,0.49,7.10,4.60,207.50,143.30
09-Aug-25 4:15:04 PM AEST,27.4,nan,nan,nan,nan,nan,nan,nan,nan,nan,nan,nan
09-Aug-25 4:16:00 PM AEST,nan,63.5,19.7,nan,nan,nan,216.80,0.40,5.90,3.80,217.00,150.80
09-Aug-25 4:16:08 PM AEST,27.2,nan,nan,nan,nan,nan,nan,nan,nan,nan,nan,nan
09-Aug-25 4:17:00 PM AEST,nan,64.0,19.8,nan,nan,nan,254.90,0.49,9.50,2.90,267.90,138.30
09-Aug-25 4:17:12 PM AEST,27.1,nan,nan,nan,nan,nan,nan,nan,nan,nan,nan,nan
09-Aug-25 4:18:00 PM AEST,nan,nan,nan,nan,nan,nan,280.50,nan,8.30,4.70,282.40,130.80
09-Aug-25 4:19:00 PM AEST,nan,64.3,19.7,nan,nan,nan,232.70,0.37,5.90,3.00,224.10,113.30
09-Aug-25 4:20:00 PM AEST,27.0,64.5,nan,nan,nan,nan,178.40,0.40,7.10,4.00,177.60,104.20
09-Aug-25 4:21:00 PM AEST,nan,64.7,19.8,nan,nan,nan,284.10,0.51,nan,3.80,286.30,95.00
09-Aug-25 4:21:04 PM AEST,26.9,nan,nan,nan,nan,nan,nan,nan,nan,nan,nan,nan
09-Aug-25 4:22:00 PM AEST,nan,65.2,19.7,nan,nan,nan,217.80,0.28,5.90,2.70,223.80,100.80
09-Aug-25 4:22:08 PM AEST,26.8,nan,nan,nan,nan,nan,nan,nan,nan,nan,nan,nan
09-Aug-25 4:23:00 PM AEST,nan,65.3,nan,nan,nan,nan,221.50,0.30,4.70,1.70,216.80,105.00
09-Aug-25 4:23:12 PM AEST,26.9,nan,nan,nan,nan,nan,nan,nan,nan,nan,nan,nan
09-Aug-25 4:24:00 PM AEST,nan,nan,19.8,nan,nan,nan,269.80,0.42,8.30,2.70,271.60,152.50
09-Aug-25 4:24:16 PM AEST,26.7,nan,nan,nan,nan,nan,nan,nan,nan,nan,nan,nan
09-Aug-25 4:25:00 PM AEST,nan,nan,19.7,nan,nan,nan,231.20,0.36,5.90,3.50,232.10,197.50
09-Aug-25 4:25:20 PM AEST,26.8,nan,nan,nan,nan,nan,nan,nan,nan,nan,nan,nan
09-Aug-25 4:25:20 PM AEST,26.7,nan,nan,nan,nan,nan,nan,nan,nan,nan,nan,nan
09-Aug-25 4:26:00 PM AEST,nan,nan,nan,nan,nan,nan,293.00,0.76,10.60,5.80,296.10,229.10
09-Aug-25 4:27:00 PM AEST,nan,65.5,19.6,nan,nan,nan,194.70,0.40,8.30,3.70,194.60,265.80
09-Aug-25 4:28:00 PM AEST,nan,65.7,19.7,nan,nan,nan,207.50,0.57,nan,3.50,210.80,266.70
09-Aug-25 4:29:00 PM AEST,26.8,65.8,19.8,nan,nan,nan,199.60,0.43,7.10,4.20,197.60,260.80
09-Aug-25 4:30:00 PM AEST,nan,66.2,19.9,nan,nan,nan,233.90,0.30,nan,2.40,257.60,nan
09-Aug-25 4:30:04 PM AEST,27.1,nan,nan,nan,nan,nan,nan,nan,nan,nan,nan,nan
09-Aug-25 4:31:00 PM AEST,nan,65.7,20.2,nan,nan,nan,273.90,0.46,nan,4.50,273.40,nan
09-Aug-25 4:31:08 PM AEST,27.2,nan,nan,nan,nan,nan,nan,nan,nan,nan,nan,nan
09-Aug-25 4:32:00 PM AEST,nan,65.8,20.1,nan,nan,nan,240.60,0.39,5.90,3.80,236.20,269.20
09-Aug-25 4:33:00 PM AEST,nan,65.5,20.3,nan,nan,nan,271.50,0.38,nan,3.30,269.90,273.30
09-Aug-25 4:34:00 PM AEST,27.4,nan,20.2,nan,nan,nan,186.20,0.41,nan,4.10,186.20,274.90
09-Aug-25 4:35:00 PM AEST,nan,65.3,20.4,nan,nan,nan,257.10,nan,7.10,3.50,267.60,275.80
09-Aug-25 4:35:04 PM AEST,27.5,nan,nan,nan,nan,nan,nan,nan,nan,nan,nan,nan
09-Aug-25 4:36:00 PM AEST,nan,65.0,nan,nan,nan,nan,253.80,0.49,nan,3.70,244.90,nan
09-Aug-25 4:36:08 PM AEST,27.4,nan,nan,nan,nan,nan,nan,nan,nan,nan,nan,nan
09-Aug-25 4:37:00 PM AEST,nan,64.7,20.2,nan,nan,nan,226.90,0.64,8.30,4.90,217.00,274.20
09-Aug-25 4:37:12 PM AEST,27.5,nan,nan,nan,nan,nan,nan,nan,nan,nan,nan,nan
09-Aug-25 4:38:00 PM AEST,nan,64.8,nan,nan,nan,nan,236.00,0.54,10.60,4.70,247.80,267.40
09-Aug-25 4:39:00 PM AEST,27.4,nan,nan,nan,nan,nan,291.20,0.50,7.10,4.30,291.30,259.20
09-Aug-25 4:40:00 PM AEST,nan,nan,nan,nan,nan,nan,256.10,0.39,9.50,3.50,266.70,252.50
09-Aug-25 4:40:04 PM AEST,27.5,nan,nan,nan,nan,nan,nan,nan,nan,nan,nan,nan
09-Aug-25 4:41:00 PM AEST,nan,64.7,20.3,nan,nan,nan,271.80,0.37,7.10,nan,281.80,240.80
09-Aug-25 4:41:08 PM AEST,27.7,nan,nan,nan,nan,nan,nan,nan,nan,nan,nan,nan
09-Aug-25 4:42:00 PM AEST,nan,65.0,20.2,nan,nan,nan,285.60,0.42,13.00,nan,311.20,234.20
09-Aug-25 4:42:12 PM AEST,27.5,nan,nan,nan,nan,nan,nan,nan,nan,nan,nan,nan
09-Aug-25 4:43:00 PM AEST,nan,64.5,20.5,nan,nan,nan,286.70,0.62,nan,5.20,290.30,225.80
09-Aug-25 4:43:16 PM AEST,27.6,nan,nan,nan,nan,nan,nan,nan,nan,nan,nan,nan
09-Aug-25 4:44:00 PM AEST,nan,64.3,20.2,nan,nan,nan,278.10,0.58,8.30,3.00,272.40,220.80
09-Aug-25 4:45:00 PM AEST,27.5,nan,nan,nan,nan,nan,249.00,nan,11.80,5.10,242.50,215.80
09-Aug-25 4:46:00 PM AEST,nan,64.7,20.1,nan,nan,nan,272.30,0.23,3.50,2.30,272.30,205.80
09-Aug-25 4:46:04 PM AEST,27.6,nan,nan,nan,nan,nan,nan,nan,nan,nan,nan,nan
09-Aug-25 4:47:00 PM AEST,nan,nan,20.4,nan,nan,nan,289.60,0.26,4.70,2.60,288.90,205.00
09-Aug-25 4:47:08 PM AEST,27.8,nan,nan,nan,nan,nan,nan,nan,nan,nan,nan,nan
09-Aug-25 4:48:00 PM AEST,nan,nan,20.5,nan,nan,nan,292.70,0.18,3.50,1.80,292.70,198.30
09-Aug-25 4:48:12 PM AEST,28.0,nan,nan,nan,nan,nan,nan,nan,nan,nan,nan,nan
09-Aug-25 4:48:12 PM AEST,28.2,nan,nan,nan,nan,nan,nan,nan,nan,nan,nan,nan
09-Aug-25 4:49:00 PM AEST,nan,64.3,20.7,nan,nan,nan,291.00,0.11,nan,1.10,287.20,195.00
09-Aug-25 4:49:16 PM AEST,28.1,nan,nan,nan,nan,nan,nan,nan,nan,nan,nan,nan
09-Aug-25 4:50:00 PM AEST,nan,63.8,20.8,nan,nan,nan,243.10,0.38,5.90,3.80,243.90,188.30
09-Aug-25 4:51:00 PM AEST,nan,63.5,20.6,nan,nan,nan,242.40,0.19,4.70,1.90,242.40,180.00
09-Aug-25 4:52:00 PM AEST,nan,63.8,20.5,nan,nan,nan,221.90,0.33,5.90,3.20,215.80,174.20
09-Aug-25 4:53:00 PM AEST,28.2,64.0,20.6,nan,nan,nan,229.40,0.22,3.50,2.20,231.70,170.00
09-Aug-25 4:53:00 PM AEST,28.3,64.0,20.6,nan,nan,nan,229.40,0.22,3.50,2.20,231.70,170.00
09-Aug-25 4:54:00 PM AEST,nan,nan,20.7,nan,nan,nan,240.60,0.15,nan,1.50,240.80,168.30
09-Aug-25 4:55:00 PM AEST,nan,nan,20.8,nan,nan,nan,238.50,0.25,nan,2.50,238.40,165.00
09-Aug-25 4:56:00 PM AEST,nan,63.7,nan,nan,nan,nan,237.20,0.16,nan,1.60,237.30,162.50
09-Aug-25 4:57:00 PM AEST,28.1,63.5,20.7,nan,nan,nan,290.40,0.54,8.30,4.90,299.40,161.70
09-Aug-25 4:58:00 PM AEST,nan,63.3,20.5,nan,nan,nan,192.10,0.44,7.10,3.80,196.80,159.10
09-Aug-25 4:58:04 PM AEST,27.9,nan,nan,nan,nan,nan,nan,nan,nan,nan,nan,nan
09-Aug-25 4:59:00 PM AEST,nan,63.7,20.3,nan,nan,nan,174.60,0.14,2.40,1.40,174.70,154.20
09-Aug-25 4:59:08 PM AEST,28.1,nan,nan,nan,nan,nan,nan,nan,nan,nan,nan,nan
09-Aug-25 5:00:12 PM AEST,28.0,nan,nan,nan,nan,nan,nan,nan,nan,nan,nan,nan
09-Aug-25 5:00:12 PM AEST,27.9,nan,nan,nan,nan,nan,nan,nan,nan,nan,nan,nan
09-Aug-25 5:00:44 PM AEST,nan,nan,nan,nan,nan,0.04,nan,nan,nan,nan,nan,nan
09-Aug-25 5:01:00 PM AEST,nan,63.3,20.5,nan,nan,nan,236.00,0.46,7.10,4.10,241.00,148.30
09-Aug-25 5:01:00 PM AEST,nan,63.0,20.4,nan,nan,nan,251.50,0.34,4.70,3.40,250.70,144.20
09-Aug-25 5:01:16 PM AEST,28.0,nan,nan,nan,nan,nan,nan,nan,nan,nan,nan,nan
09-Aug-25 5:02:00 PM AEST,nan,63.2,20.2,nan,nan,nan,260.20,0.12,2.40,1.20,260.10,137.50
09-Aug-25 5:02:20 PM AEST,28.2,nan,nan,nan,nan,nan,nan,nan,nan,nan,nan,nan
09-Aug-25 5:03:00 PM AEST,nan,63.7,20.3,nan,nan,nan,259.30,0.10,nan,1.00,259.40,131.60
09-Aug-25 5:04:00 PM AEST,nan,63.5,20.6,nan,nan,nan,276.10,0.30,11.80,2.30,301.40,118.30
09-Aug-25 5:05:00 PM AEST,27.9,63.2,nan,nan,nan,nan,287.20,0.51,13.00,4.90,288.80,85.80
09-Aug-25 5:06:00 PM AEST,nan,63.0,20.3,nan,nan,nan,293.20,0.41,9.50,3.40,295.00,62.50
09-Aug-25 5:06:04 PM AEST,27.8,nan,nan,nan,nan,nan,nan,nan,nan,nan,nan,nan
09-Aug-25 5:07:00 PM AEST,nan,62.8,20.1,nan,nan,nan,280.20,0.46,7.10,4.50,281.20,55.00
09-Aug-25 5:07:08 PM AEST,27.6,nan,nan,nan,nan,nan,nan,nan,nan,nan,nan,nan
09-Aug-25 5:08:00 PM AEST,nan,63.0,19.9,nan,nan,nan,273.70,0.32,nan,3.20,274.50,49.20
09-Aug-25 5:08:12 PM AEST,27.4,nan,nan,nan,nan,nan,nan,nan,nan,nan,nan,nan
09-Aug-25 5:09:00 PM AEST,nan,nan,19.7,nan,nan,nan,227.40,0.38,nan,3.60,216.40,45.80
09-Aug-25 5:09:16 PM AEST,27.3,nan,nan,nan,nan,nan,nan,nan,nan,nan,nan,nan
09-Aug-25 5:10:00 PM AEST,nan,63.3,nan,nan,nan,nan,215.60,0.17,3.50,1.70,215.40,41.60
09-Aug-25 5:10:20 PM AEST,27.2,nan,nan,nan,nan,nan,nan,nan,nan,nan,nan,nan
09-Aug-25 5:11:00 PM AEST,nan,63.8,nan,nan,nan,nan,303.20,0.46,7.10,3.20,308.90,39.20
09-Aug-25 5:11:24 PM AEST,26.9,nan,nan,nan,nan,nan,nan,nan,nan,nan,nan,nan
09-Aug-25 5:12:00 PM AEST,nan,63.7,nan,nan,nan,nan,296.50,0.56,9.50,5.40,296.20,39.10
09-Aug-25 5:12:28 PM AEST,26.7,nan,nan,nan,nan,nan,nan,nan,nan,nan,nan,nan
09-Aug-25 5:13:00 PM AEST,nan,64.0,19.4,nan,nan,nan,293.20,0.59,10.60,5.50,295.60,36.70
09-Aug-25 5:13:32 PM AEST,26.6,nan,nan,nan,nan,nan,nan,nan,nan,nan,nan,nan
09-Aug-25 5:14:00 PM AEST,nan,64.3,19.3,nan,nan,nan,287.30,0.42,7.10,4.20,288.10,nan
09-Aug-25 5:15:00 PM AEST,26.4,64.7,nan,nan,nan,nan,289.70,0.60,9.50,6.00,289.00,35.80
09-Aug-25 5:16:00 PM AEST,nan,64.8,19.2,nan,nan,nan,300.40,0.52,8.30,4.90,295.60,35.00
09-Aug-25 5:16:04 PM AEST,26.2,nan,nan,nan,nan,nan,nan,nan,nan,nan,nan,nan
09-Aug-25 5:17:00 PM AEST,nan,65.5,19.1,nan,nan,nan,311.10,0.27,3.50,2.70,311.20,nan
09-Aug-25 5:18:00 PM AEST,nan,65.8,19.2,nan,nan,nan,310.30,0.11,2.40,1.10,310.10,34.20
09-Aug-25 5:19:00 PM AEST,nan,66.0,19.3,nan,nan,nan,308.70,0.15,nan,1.50,308.60,35.00
09-Aug-25 5:20:00 PM AEST,nan,66.3,19.4,nan,nan,nan,308.50,0.12,8.30,1.20,307.40,34.20
09-Aug-25 5:21:00 PM AEST,26.0,66.0,nan,nan,nan,nan,303.20,0.49,nan,4.80,304.20,35.00
09-Aug-25 5:22:00 PM AEST,nan,66.3,19.2,nan,nan,nan,306.50,0.40,7.10,4.00,308.10,38.30
09-Aug-25 5:22:04 PM AEST,25.9,nan,nan,nan,nan,nan,nan,nan,nan,nan,nan,nan
09-Aug-25 5:22:04 PM AEST,25.8,nan,nan,nan,nan,nan,nan,nan,nan,nan,nan,nan
09-Aug-25 5:23:00 PM AEST,nan,66.5,nan,nan,nan,nan,298.70,0.24,4.70,2.30,297.10,40.00
09-Aug-25 5:24:00 PM AEST,nan,66.8,19.1,nan,nan,nan,289.10,0.35,7.10,3.50,292.80,40.80
09-Aug-25 5:25:00 PM AEST,25.7,67.0,nan,nan,nan,nan,295.80,0.18,3.50,1.80,295.60,36.70
09-Aug-25 5:26:00 PM AEST,nan,67.2,nan,nan,nan,nan,nan,0.01,1.20,0.10,296.60,32.50
09-Aug-25 5:27:00 PM AEST,nan,67.3,19.2,nan,nan,nan,295.00,0.25,4.70,2.50,294.70,30.80
09-Aug-25 5:28:00 PM AEST,25.6,nan,nan,nan,nan,nan,323.80,0.42,5.90,4.10,324.40,31.70
09-Aug-25 5:29:00 PM AEST,nan,67.2,19.1,nan,nan,nan,326.80,0.34,nan,3.40,326.20,33.30
09-Aug-25 5:29:04 PM AEST,25.5,nan,nan,nan,nan,nan,nan,nan,nan,nan,nan,nan
09-Aug-25 5:30:00 PM AEST,nan,66.8,19.0,nan,nan,nan,354.80,0.37,nan,3.50,0.40,35.00
09-Aug-25 5:31:00 PM AEST,25.4,66.7,18.8,nan,nan,nan,309.90,0.43,nan,3.90,312.20,34.10
09-Aug-25 5:32:00 PM AEST,nan,66.5,18.7,nan,nan,nan,300.80,0.31,3.50,3.10,300.80,30.00
09-Aug-25 5:33:00 PM AEST,25.3,nan,nan,nan,nan,nan,323.00,0.66,9.50,5.80,322.20,27.50
09-Aug-25 5:34:00 PM AEST,nan,nan,18.6,nan,nan,nan,333.20,0.47,5.90,4.70,333.20,25.00
09-Aug-25 5:34:04 PM AEST,25.2,nan,nan,nan,nan,nan,nan,nan,nan,nan,nan,nan
09-Aug-25 5:35:00 PM AEST,nan,nan,18.5,nan,nan,nan,315.40,0.38,nan,3.60,313.40,23.30
09-Aug-25 5:36:00 PM AEST,25.1,66.7,nan,nan,nan,nan,293.90,0.28,nan,2.80,293.90,22.50
09-Aug-25 5:37:00 PM AEST,nan,66.3,nan,nan,nan,nan,284.40,0.48,7.10,4.80,283.00,21.70
09-Aug-25 5:37:04 PM AEST,25.0,nan,nan,nan,nan,nan,nan,nan,nan,nan,nan,nan
09-Aug-25 5:38:00 PM AEST,nan,66.5,18.3,nan,nan,nan,279.50,0.43,4.70,4.30,279.50,20.00
09-Aug-25 5:38:08 PM AEST,24.9,nan,nan,nan,nan,nan,nan,nan,nan,nan,nan,nan
09-Aug-25 5:39:00 PM AEST,nan,66.8,nan,nan,nan,nan,302.20,0.38,5.90,3.70,298.00,18.30
09-Aug-25 5:39:12 PM AEST,25.0,nan,nan,nan,nan,nan,nan,nan,nan,nan,nan,nan
09-Aug-25 5:40:00 PM AEST,nan,67.0,nan,nan,nan,nan,313.20,0.01,1.20,0.10,312.50,16.70
09-Aug-25 5:40:16 PM AEST,24.9,nan,nan,nan,nan,nan,nan,nan,nan,nan,nan,nan
09-Aug-25 5:41:00 PM AEST,nan,67.3,18.4,nan,nan,nan,nan,0.20,3.50,2.00,313.30,15.00
09-Aug-25 5:42:00 PM AEST,nan,67.7,18.5,nan,nan,nan,313.30,0.25,4.70,2.50,312.80,nan
09-Aug-25 5:43:00 PM AEST,24.8,67.8,nan,nan,nan,nan,297.10,0.40,5.90,4.00,297.00,14.10
09-Aug-25 5:44:00 PM AEST,nan,68.0,18.4,nan,nan,nan,294.00,0.24,3.50,2.40,292.50,13.30
09-Aug-25 5:44:04 PM AEST,24.7,nan,nan,nan,nan,nan,nan,nan,nan,nan,nan,nan
09-Aug-25 5:45:00 PM AEST,nan,68.2,nan,nan,nan,nan,276.50,0.31,7.10,2.80,288.50,11.70
09-Aug-25 5:45:08 PM AEST,24.6,nan,nan,nan,nan,nan,nan,nan,nan,nan,nan,nan
09-Aug-25 5:46:00 PM AEST,nan,nan,nan,nan,nan,nan,317.90,0.24,5.90,2.40,318.00,11.60
09-Aug-25 5:47:00 PM AEST,nan,68.5,18.3,nan,nan,nan,317.80,0.18,3.50,1.80,317.90,10.00
09-Aug-25 5:48:00 PM AEST,nan,68.8,18.4,nan,nan,nan,nan,0.03,2.40,0.30,318.00,nan
09-Aug-25 5:49:00 PM AEST,24.4,68.7,18.5,nan,nan,nan,18.30,0.37,7.10,2.60,50.60,9.10
09-Aug-25 5:50:00 PM AEST,nan,68.8,18.3,nan,nan,nan,38.50,0.17,3.50,1.70,38.50,8.30
09-Aug-25 5:51:00 PM AEST,nan,69.0,nan,nan,nan,nan,nan,0.02,1.20,0.20,37.60,7.50
09-Aug-25 5:52:00 PM AEST,24.3,68.8,nan,nan,nan,nan,49.40,0.35,5.90,3.50,54.20,6.70
09-Aug-25 5:53:00 PM AEST,nan,69.2,18.2,nan,nan,nan,57.90,0.14,3.50,1.40,57.90,6.60
09-Aug-25 5:54:00 PM AEST,24.2,nan,18.3,nan,nan,nan,57.80,0.27,nan,2.70,57.80,5.80
09-Aug-25 5:55:00 PM AEST,nan,69.5,18.2,nan,nan,nan,nan,0.42,7.10,4.20,nan,5.00
09-Aug-25 5:55:04 PM AEST,24.1,nan,nan,nan,nan,nan,nan,nan,nan,nan,nan,nan
09-Aug-25 5:56:00 PM AEST,nan,69.7,nan,nan,nan,nan,47.80,0.24,4.70,2.40,48.10,5.80
09-Aug-25 5:56:08 PM AEST,24.0,nan,nan,nan,nan,nan,nan,nan,nan,nan,nan,nan
09-Aug-25 5:57:00 PM AEST,nan,69.8,nan,nan,nan,nan,33.70,nan,5.90,nan,33.30,5.00
09-Aug-25 5:57:12 PM AEST,23.9,nan,nan,nan,nan,nan,nan,nan,nan,nan,nan,nan
09-Aug-25 5:58:00 PM AEST,nan,70.0,18.1,nan,nan,nan,40.20,0.39,nan,3.90,39.90,4.20
09-Aug-25 5:59:00 PM AEST,nan,70.3,nan,nan,nan,nan,42.30,0.05,2.40,0.50,42.20,nan
09-Aug-25 6:00:48 PM AEST,nan,nan,nan,nan,nan,0.00,nan,nan,nan,nan,nan,nan
09-Aug-25 6:01:00 PM AEST,nan,70.5,18.2,nan,nan,nan,41.80,0.28,4.70,2.80,41.90,4.10
09-Aug-25 6:01:00 PM AEST,nan,70.3,18.2,nan,nan,nan,41.00,0.20,3.50,2.00,41.00,3.30
09-Aug-25 6:02:00 PM AEST,23.8,70.5,18.1,nan,nan,nan,41.30,0.30,nan,3.00,41.30,nan
09-Aug-25 6:03:00 PM AEST,nan,70.8,nan,nan,nan,nan,41.90,0.45,5.90,4.50,42.10,nan
09-Aug-25 6:03:04 PM AEST,23.6,nan,nan,nan,nan,nan,nan,nan,nan,nan,nan,nan
09-Aug-25 6:04:00 PM AEST,nan,nan,18.0,nan,nan,nan,57.70,0.54,7.10,5.30,58.20,2.50
09-Aug-25 6:05:00 PM AEST,23.5,71.2,nan,nan,nan,nan,61.90,0.34,5.90,3.40,62.00,1.70
09-Aug-25 6:06:00 PM AEST,nan,nan,nan,nan,nan,nan,49.20,nan,7.10,nan,49.40,nan
09-Aug-25 6:07:00 PM AEST,nan,71.5,nan,nan,nan,nan,36.40,0.59,8.30,5.60,37.30,1.60
09-Aug-25 6:08:00 PM AEST,23.4,71.7,nan,nan,nan,nan,19.90,0.31,5.90,2.90,21.50,0.80
09-Aug-25 6:09:00 PM AEST,nan,72.2,nan,nan,nan,nan,59.80,0.37,4.70,3.70,59.80,nan
09-Aug-25 6:10:00 PM AEST,nan,nan,18.1,nan,nan,nan,59.70,0.17,2.40,1.70,nan,nan
09-Aug-25 6:11:00 PM AEST,23.3,nan,nan,nan,nan,nan,59.80,0.19,3.50,1.90,nan,nan
09-Aug-25 6:12:00 PM AEST,nan,72.5,18.0,nan,nan,nan,60.20,0.38,5.90,3.80,60.20,0.00
09-Aug-25 6:13:00 PM AEST,nan,nan,18.1,nan,nan,nan,60.30,0.17,3.50,1.70,60.30,nan
09-Aug-25 6:14:00 PM AEST,nan,72.8,18.0,nan,nan,nan,nan,0.22,nan,2.20,60.40,nan
09-Aug-25 6:15:00 PM AEST,23.2,72.7,18.1,nan,nan,nan,26.60,0.46,7.10,4.30,25.40,nan
09-Aug-25 6:16:00 PM AEST,nan,72.8,18.0,nan,nan,nan,2.50,0.18,3.50,1.80,2.40,nan
09-Aug-25 6:17:00 PM AEST,nan,73.0,nan,nan,nan,nan,nan,0.08,2.40,0.80,2.10,nan
09-Aug-25 6:18:00 PM AEST,nan,73.2,18.1,nan,nan,nan,2.30,0.05,nan,0.50,2.20,nan
09-Aug-25 6:19:00 PM AEST,nan,nan,nan,nan,nan,nan,2.20,0.15,nan,1.50,nan,nan
09-Aug-25 6:20:00 PM AEST,23.1,73.3,nan,nan,nan,nan,2.30,0.08,nan,0.80,2.10,nan
09-Aug-25 6:21:00 PM AEST,nan,73.5,nan,nan,nan,nan,351.70,0.13,nan,1.30,348.50,nan
09-Aug-25 6:22:00 PM AEST,nan,nan,nan,nan,nan,nan,347.20,0.01,1.20,0.10,347.70,nan
09-Aug-25 6:23:00 PM AEST,nan,73.7,nan,nan,nan,nan,348.10,0.19,4.70,1.90,348.80,nan
09-Aug-25 6:24:00 PM AEST,23.0,74.0,nan,nan,nan,nan,355.20,0.30,nan,3.00,355.10,nan
09-Aug-25 6:25:00 PM AEST,nan,74.2,nan,nan,nan,nan,354.30,0.27,3.50,2.70,354.30,nan
09-Aug-25 6:26:00 PM AEST,nan,nan,nan,nan,nan,nan,354.10,0.13,nan,1.30,354.00,nan
09-Aug-25 6:27:00 PM AEST,22.9,74.3,18.2,nan,nan,nan,nan,0.07,2.40,0.70,354.20,nan
09-Aug-25 6:28:00 PM AEST,nan,74.5,18.1,nan,nan,nan,nan,0.00,0.00,0.00,0.00,nan
09-Aug-25 6:29:00 PM AEST,22.8,74.3,nan,nan,nan,nan,354.20,nan,nan,nan,nan,nan
09-Aug-25 6:30:00 PM AEST,nan,74.7,18.0,nan,nan,nan,nan,nan,nan,nan,nan,0.80
09-Aug-25 6:31:00 PM AEST,22.6,74.8,18.1,nan,nan,nan,354.10,0.18,3.50,1.80,354.10,0.00
09-Aug-25 6:32:00 PM AEST,nan,75.0,17.9,nan,nan,nan,354.00,nan,2.40,nan,354.00,nan
09-Aug-25 6:33:00 PM AEST,22.5,75.3,nan,nan,nan,nan,354.10,0.14,3.50,1.40,354.10,nan
09-Aug-25 6:34:00 PM AEST,nan,75.5,nan,nan,nan,nan,354.80,0.29,nan,2.90,354.80,nan
09-Aug-25 6:34:04 PM AEST,22.4,nan,nan,nan,nan,nan,nan,nan,nan,nan,nan,nan
09-Aug-25 6:35:00 PM AEST,nan,75.8,nan,nan,nan,nan,nan,0.04,1.20,0.40,354.60,nan
09-Aug-25 6:36:00 PM AEST,nan,76.0,nan,nan,nan,nan,nan,0.00,0.00,0.00,0.00,nan
09-Aug-25 6:37:00 PM AEST,nan,76.2,18.0,nan,nan,nan,nan,0.01,1.20,0.10,356.40,nan
09-Aug-25 6:38:00 PM AEST,nan,nan,nan,nan,nan,nan,354.70,0.05,2.40,0.50,355.00,nan
09-Aug-25 6:39:00 PM AEST,nan,76.3,nan,nan,nan,nan,354.80,0.16,nan,1.60,354.80,nan
09-Aug-25 6:40:00 PM AEST,22.3,nan,nan,nan,nan,nan,11.80,0.35,7.10,3.40,14.10,nan
09-Aug-25 6:41:00 PM AEST,nan,76.5,17.9,nan,nan,nan,19.50,0.22,5.90,2.20,14.70,nan
09-Aug-25 6:42:00 PM AEST,nan,76.3,18.0,nan,nan,nan,1.50,0.12,4.70,1.20,1.40,nan
09-Aug-25 6:43:00 PM AEST,nan,76.7,nan,nan,nan,nan,1.70,0.15,3.50,1.50,1.70,nan
09-Aug-25 6:44:00 PM AEST,22.2,76.8,nan,nan,nan,nan,23.80,0.34,4.70,3.10,26.30,nan
09-Aug-25 6:45:00 PM AEST,nan,77.2,nan,nan,nan,nan,51.60,0.13,3.50,1.30,51.70,nan
09-Aug-25 6:46:00 PM AEST,nan,nan,nan,nan,nan,nan,nan,0.01,1.20,0.10,50.20,nan
09-Aug-25 6:47:00 PM AEST,22.1,77.5,nan,nan,nan,nan,nan,0.00,0.00,0.00,0.00,nan
09-Aug-25 6:49:00 PM AEST,22.0,nan,nan,nan,nan,nan,51.70,0.11,2.40,1.10,51.80,nan
09-Aug-25 6:50:00 PM AEST,nan,77.8,17.9,nan,nan,nan,nan,0.25,3.50,2.50,51.70,nan
09-Aug-25 6:50:04 PM AEST,21.9,nan,nan,nan,nan,nan,nan,nan,nan,nan,nan,nan
09-Aug-25 6:51:00 PM AEST,nan,nan,nan,nan,nan,nan,51.60,0.18,2.40,1.80,nan,nan
09-Aug-25 6:52:00 PM AEST,nan,78.0,nan,nan,nan,nan,nan,0.05,nan,0.50,51.50,nan
09-Aug-25 6:53:00 PM AEST,21.8,78.2,nan,nan,nan,nan,nan,0.12,nan,1.20,51.70,nan
09-Aug-25 6:54:00 PM AEST,nan,78.3,17.8,nan,nan,nan,nan,0.02,nan,0.20,52.40,nan
09-Aug-25 6:54:04 PM AEST,21.7,nan,nan,nan,nan,nan,nan,nan,nan,nan,nan,nan
09-Aug-25 6:55:00 PM AEST,nan,78.5,nan,nan,nan,nan,nan,0.18,4.70,1.80,51.70,nan
09-Aug-25 6:56:00 PM AEST,nan,78.7,nan,nan,nan,nan,51.70,0.00,0.00,0.00,0.00,nan
09-Aug-25 6:57:00 PM AEST,21.6,78.8,nan,nan,nan,nan,51.60,0.03,1.20,0.30,51.90,nan
09-Aug-25 6:58:00 PM AEST,nan,79.0,nan,nan,nan,nan,nan,0.00,0.00,0.00,0.00,nan
09-Aug-25 6:59:00 PM AEST,nan,79.3,nan,nan,nan,nan,51.70,nan,nan,nan,nan,nan
09-Aug-25 7:00:00 PM AEST,nan,nan,nan,nan,nan,nan,51.60,0.01,1.20,0.10,50.00,nan
09-Aug-25 7:00:52 PM AEST,nan,nan,nan,nan,nan,65.53,nan,nan,nan,nan,nan,nan
09-Aug-25 7:01:00 PM AEST,21.5,79.5,nan,nan,nan,nan,nan,0.00,0.00,0.00,0.00,nan
09-Aug-25 7:02:00 PM AEST,nan,79.7,nan,nan,nan,nan,nan,nan,nan,nan,nan,nan
09-Aug-25 7:03:00 PM AEST,nan,79.8,17.9,nan,nan,nan,51.70,nan,nan,nan,nan,nan
09-Aug-25 7:04:00 PM AEST,nan,80.2,nan,nan,nan,nan,51.60,nan,nan,nan,nan,nan
09-Aug-25 7:05:00 PM AEST,nan,80.3,18.0,nan,nan,nan,51.70,nan,nan,nan,nan,nan
09-Aug-25 7:06:00 PM AEST,nan,nan,nan,nan,nan,nan,51.60,nan,nan,nan,nan,0.80
09-Aug-25 7:07:00 PM AEST,nan,80.7,17.9,nan,nan,nan,51.70,nan,nan,nan,nan,0.00
09-Aug-25 7:08:00 PM AEST,21.4,nan,18.0,nan,nan,nan,51.60,0.02,1.20,0.20,52.40,nan
09-Aug-25 7:09:00 PM AEST,nan,nan,17.9,nan,nan,nan,nan,0.00,0.00,0.00,0.00,nan
09-Aug-25 7:10:00 PM AEST,nan,80.8,nan,nan,nan,nan,nan,0.01,1.20,0.10,52.40,nan
09-Aug-25 7:11:00 PM AEST,nan,nan,nan,nan,nan,nan,nan,0.00,0.00,0.00,0.00,nan
09-Aug-25 7:12:00 PM AEST,nan,81.0,18.0,nan,nan,nan,nan,nan,nan,nan,nan,nan
09-Aug-25 7:13:00 PM AEST,21.3,81.2,nan,nan,nan,nan,51.70,nan,nan,nan,nan,nan
09-Aug-25 7:14:00 PM AEST,nan,nan,nan,nan,nan,nan,51.60,nan,nan,nan,nan,nan
09-Aug-25 7:15:00 PM AEST,nan,81.3,nan,nan,nan,nan,51.70,nan,nan,nan,nan,nan
09-Aug-25 7:16:00 PM AEST,nan,81.7,nan,nan,nan,nan,51.60,nan,nan,nan,nan,nan
09-Aug-25 7:17:00 PM AEST,nan,81.8,nan,nan,nan,nan,nan,nan,nan,nan,nan,nan
09-Aug-25 7:18:00 PM AEST,nan,82.2,nan,nan,nan,nan,51.70,nan,nan,nan,nan,nan
09-Aug-25 7:19:00 PM AEST,nan,82.0,18.1,nan,nan,nan,51.60,nan,nan,nan,nan,nan
09-Aug-25 7:20:00 PM AEST,nan,82.2,nan,nan,nan,nan,51.70,0.01,1.20,0.10,52.40,nan
09-Aug-25 7:21:00 PM AEST,21.2,nan,nan,nan,nan,nan,nan,nan,nan,nan,nan,nan
09-Aug-25 7:22:00 PM AEST,nan,82.5,nan,nan,nan,nan,51.60,0.00,0.00,0.00,0.00,nan
09-Aug-25 7:23:00 PM AEST,21.3,nan,nan,nan,nan,nan,nan,0.21,3.50,2.10,51.70,nan
09-Aug-25 7:24:00 PM AEST,nan,nan,18.2,nan,nan,nan,51.70,0.32,4.70,3.20,nan,nan
09-Aug-25 7:25:00 PM AEST,nan,82.7,nan,nan,nan,nan,51.60,0.36,5.90,3.60,51.60,nan
09-Aug-25 7:26:00 PM AEST,21.4,82.5,nan,nan,nan,nan,51.30,0.28,4.70,2.80,51.30,nan
09-Aug-25 7:27:00 PM AEST,nan,nan,18.3,nan,nan,nan,nan,0.05,2.40,0.50,nan,nan
09-Aug-25 7:28:00 PM AEST,21.5,nan,nan,nan,nan,nan,51.40,0.15,nan,1.50,51.40,nan
09-Aug-25 7:29:00 PM AEST,nan,nan,18.4,nan,nan,nan,51.30,0.24,3.50,2.40,51.30,nan
09-Aug-25 7:30:00 PM AEST,nan,82.3,nan,nan,nan,nan,nan,0.09,2.40,0.90,nan,nan
09-Aug-25 7:31:00 PM AEST,nan,82.5,nan,nan,nan,nan,51.60,0.24,4.70,2.40,51.80,nan
09-Aug-25 7:32:00 PM AEST,nan,nan,nan,nan,nan,nan,51.90,0.22,3.50,2.20,51.90,nan
09-Aug-25 7:32:56 PM AEST,nan,nan,nan,nan,0.20,nan,nan,nan,nan,nan,nan,nan
09-Aug-25 7:32:56 PM AEST,nan,nan,nan,nan,0.40,nan,nan,nan,nan,nan,nan,nan
09-Aug-25 7:32:56 PM AEST,nan,nan,nan,nan,0.60,nan,nan,nan,nan,nan,nan,nan
09-Aug-25 7:32:56 PM AEST,nan,nan,nan,nan,0.80,nan,nan,nan,nan,nan,nan,nan
09-Aug-25 7:32:56 PM AEST,nan,nan,nan,nan,1.00,nan,nan,nan,nan,nan,nan,nan
09-Aug-25 7:32:56 PM AEST,nan,nan,nan,nan,1.20,nan,nan,nan,nan,nan,nan,nan
09-Aug-25 7:32:56 PM AEST,nan,nan,nan,nan,1.40,nan,nan,nan,nan,nan,nan,nan
09-Aug-25 7:32:56 PM AEST,nan,nan,nan,nan,1.60,nan,nan,nan,nan,nan,nan,nan
09-Aug-25 7:32:56 PM AEST,nan,nan,nan,nan,1.80,nan,nan,nan,nan,nan,nan,nan
09-Aug-25 7:32:56 PM AEST,nan,nan,nan,nan,2.00,nan,nan,nan,nan,nan,nan,nan
09-Aug-25 7:32:56 PM AEST,nan,nan,nan,nan,2.20,nan,nan,nan,nan,nan,nan,nan
09-Aug-25 7:32:56 PM AEST,nan,nan,nan,nan,0.00,nan,nan,nan,nan,nan,nan,nan
09-Aug-25 7:33:00 PM AEST,nan,82.3,nan,nan,nan,nan,nan,0.00,0.00,0.00,0.00,nan
09-Aug-25 7:34:00 PM AEST,nan,82.5,nan,nan,nan,nan,nan,nan,nan,nan,nan,nan
09-Aug-25 7:35:00 PM AEST,21.6,82.3,nan,nan,nan,nan,nan,nan,nan,nan,nan,nan
09-Aug-25 7:36:04 PM AEST,21.5,nan,nan,nan,nan,nan,nan,nan,nan,nan,nan,nan
09-Aug-25 7:36:04 PM AEST,21.6,nan,nan,nan,nan,nan,nan,nan,nan,nan,nan,nan
09-Aug-25 7:39:00 PM AEST,21.5,nan,nan,nan,nan,nan,nan,0.01,1.20,0.10,52.40,nan
09-Aug-25 7:40:00 PM AEST,nan,82.5,nan,nan,nan,nan,nan,nan,nan,nan,nan,nan
09-Aug-25 7:40:04 PM AEST,21.6,nan,nan,nan,nan,nan,nan,nan,nan,nan,nan,nan
09-Aug-25 7:41:00 PM AEST,nan,82.3,18.5,nan,nan,nan,nan,nan,nan,nan,nan,nan
09-Aug-25 7:42:00 PM AEST,nan,82.5,18.4,nan,nan,nan,52.10,0.27,3.50,2.70,52.20,nan
09-Aug-25 7:43:00 PM AEST,nan,nan,18.5,nan,nan,nan,52.40,0.09,nan,0.90,52.70,0.80
09-Aug-25 7:44:00 PM AEST,nan,82.3,nan,nan,nan,nan,nan,0.01,1.20,0.10,52.40,0.00
09-Aug-25 7:45:00 PM AEST,nan,82.5,nan,nan,nan,nan,nan,0.00,0.00,0.00,0.00,nan
09-Aug-25 7:46:00 PM AEST,nan,82.3,nan,nan,nan,nan,nan,nan,nan,nan,nan,nan
09-Aug-25 7:47:00 PM AEST,nan,nan,nan,nan,nan,nan,nan,0.01,1.20,0.10,52.40,nan
09-Aug-25 7:48:00 PM AEST,21.7,82.2,18.4,nan,nan,nan,52.30,0.00,0.00,0.00,0.00,nan
09-Aug-25 7:49:00 PM AEST,nan,82.3,18.5,nan,nan,nan,52.40,nan,1.20,nan,nan,nan
09-Aug-25 7:50:00 PM AEST,nan,nan,nan,nan,nan,nan,nan,0.01,nan,0.10,55.30,nan
09-Aug-25 7:51:00 PM AEST,nan,nan,nan,nan,nan,nan,nan,0.00,0.00,0.00,0.00,nan
09-Aug-25 7:52:00 PM AEST,nan,82.2,18.6,nan,nan,nan,nan,nan,nan,nan,nan,nan
09-Aug-25 7:53:00 PM AEST,nan,nan,18.5,nan,nan,nan,nan,0.02,1.20,0.20,52.40,nan
09-Aug-25 7:54:00 PM AEST,nan,82.0,nan,nan,nan,nan,nan,0.12,2.40,1.20,52.20,nan
09-Aug-25 7:55:00 PM AEST,nan,nan,nan,nan,nan,nan,52.30,0.01,1.20,0.10,52.40,nan
09-Aug-25 7:56:00 PM AEST,21.8,81.8,nan,nan,nan,nan,52.40,nan,nan,nan,55.30,nan
09-Aug-25 7:57:00 PM AEST,nan,nan,nan,nan,nan,nan,nan,nan,nan,nan,52.40,nan
09-Aug-25 7:58:00 PM AEST,nan,nan,nan,nan,nan,nan,nan,0.06,2.40,0.60,52.60,nan
09-Aug-25 7:59:00 PM AEST,nan,nan,nan,nan,nan,nan,nan,0.04,1.20,0.40,52.80,nan
09-Aug-25 8:00:00 PM AEST,nan,81.7,nan,nan,nan,nan,nan,0.01,nan,0.10,52.40,nan
09-Aug-25 8:00:56 PM AEST,nan,nan,nan,nan,nan,65.53,nan,nan,nan,nan,nan,nan
09-Aug-25 8:01:00 PM AEST,nan,nan,nan,nan,nan,nan,52.30,0.04,nan,0.40,52.30,nan
09-Aug-25 8:02:00 PM AEST,nan,81.8,nan,nan,nan,nan,55.30,0.22,3.50,2.20,55.30,nan
09-Aug-25 8:03:00 PM AEST,nan,81.7,nan,nan,nan,nan,55.70,0.21,4.70,2.10,55.80,nan
09-Aug-25 8:04:00 PM AEST,nan,nan,nan,nan,nan,nan,nan,0.17,3.50,1.70,nan,nan
09-Aug-25 8:05:00 PM AEST,nan,81.5,nan,nan,nan,nan,nan,0.02,1.20,0.20,56.10,nan
09-Aug-25 8:06:00 PM AEST,nan,nan,nan,nan,nan,nan,nan,0.00,0.00,0.00,0.00,nan
09-Aug-25 8:08:00 PM AEST,nan,81.7,nan,nan,nan,nan,nan,0.01,1.20,0.10,55.30,nan
09-Aug-25 8:09:00 PM AEST,nan,81.8,18.6,nan,nan,nan,nan,0.00,0.00,0.00,0.00,nan
09-Aug-25 8:10:00 PM AEST,21.7,82.0,18.5,nan,nan,nan,nan,nan,nan,nan,nan,nan
09-Aug-25 8:11:00 PM AEST,nan,82.3,nan,nan,nan,nan,nan,nan,nan,nan,nan,nan
09-Aug-25 8:12:00 PM AEST,nan,82.5,18.6,nan,nan,nan,nan,nan,nan,nan,nan,nan
09-Aug-25 8:13:00 PM AEST,21.6,82.7,nan,nan,nan,nan,nan,nan,nan,nan,nan,nan
09-Aug-25 8:14:00 PM AEST,nan,82.8,nan,nan,nan,nan,nan,nan,nan,nan,nan,nan
09-Aug-25 8:15:00 PM AEST,nan,83.0,nan,nan,nan,nan,nan,nan,nan,nan,nan,nan
09-Aug-25 8:16:00 PM AEST,21.5,83.3,nan,nan,nan,nan,nan,nan,nan,nan,nan,nan
09-Aug-25 8:17:00 PM AEST,nan,83.5,nan,nan,nan,nan,nan,0.01,1.20,0.10,55.30,nan
09-Aug-25 8:18:00 PM AEST,nan,83.7,nan,nan,nan,nan,nan,0.00,0.00,0.00,0.00,nan
09-Aug-25 8:20:00 PM AEST,21.4,83.8,nan,nan,nan,nan,nan,nan,nan,nan,nan,0.80
09-Aug-25 8:21:00 PM AEST,nan,83.7,nan,nan,nan,nan,nan,nan,nan,nan,nan,0.00
09-Aug-25 8:22:00 PM AEST,nan,83.8,nan,nan,nan,nan,nan,nan,nan,nan,nan,nan
09-Aug-25 8:23:00 PM AEST,nan,nan,18.5,nan,nan,nan,nan,nan,nan,nan,nan,nan
09-Aug-25 8:24:00 PM AEST,21.3,nan,nan,nan,nan,nan,nan,nan,nan,nan,nan,nan
09-Aug-25 8:25:00 PM AEST,nan,84.2,nan,nan,nan,nan,nan,nan,nan,nan,nan,nan
09-Aug-25 8:26:00 PM AEST,nan,84.3,nan,nan,nan,nan,nan,nan,nan,nan,nan,nan
09-Aug-25 8:27:00 PM AEST,nan,84.5,nan,nan,nan,nan,nan,nan,nan,nan,nan,nan
09-Aug-25 8:28:00 PM AEST,21.2,84.7,nan,nan,nan,nan,nan,0.01,1.20,0.10,55.30,nan
09-Aug-25 8:29:00 PM AEST,nan,84.8,nan,nan,nan,nan,nan,0.00,0.00,0.00,0.00,nan
09-Aug-25 8:30:00 PM AEST,nan,84.7,nan,nan,nan,nan,nan,nan,nan,nan,nan,nan
09-Aug-25 8:31:00 PM AEST,nan,84.8,nan,nan,nan,nan,nan,nan,nan,nan,nan,nan
09-Aug-25 8:32:00 PM AEST,21.1,nan,nan,nan,nan,nan,nan,0.02,1.20,0.20,56.10,nan
09-Aug-25 8:33:00 PM AEST,nan,nan,nan,nan,nan,nan,nan,0.05,nan,0.50,55.70,nan
09-Aug-25 8:34:00 PM AEST,nan,85.0,18.4,nan,nan,nan,nan,0.01,nan,0.10,55.30,nan
09-Aug-25 8:35:00 PM AEST,21.0,85.2,18.5,nan,nan,nan,nan,0.00,0.00,0.00,0.00,nan
09-Aug-25 8:36:00 PM AEST,nan,nan,18.4,nan,nan,nan,nan,0.05,1.20,0.50,55.40,nan
09-Aug-25 8:37:00 PM AEST,nan,85.3,nan,nan,nan,nan,nan,0.00,0.00,0.00,0.00,nan
09-Aug-25 8:38:00 PM AEST,nan,85.5,nan,nan,nan,nan,nan,nan,nan,nan,nan,nan
09-Aug-25 8:39:00 PM AEST,20.9,85.7,nan,nan,nan,nan,nan,nan,nan,nan,nan,nan
09-Aug-25 8:40:00 PM AEST,nan,85.5,nan,nan,nan,nan,nan,nan,nan,nan,nan,nan
09-Aug-25 8:42:00 PM AEST,nan,nan,18.3,nan,nan,nan,nan,nan,nan,nan,nan,nan
09-Aug-25 8:43:00 PM AEST,20.8,85.3,nan,nan,nan,nan,nan,nan,nan,nan,nan,nan
09-Aug-25 8:44:00 PM AEST,nan,85.5,18.2,nan,nan,nan,nan,nan,nan,nan,nan,nan
09-Aug-25 8:45:00 PM AEST,20.7,85.7,nan,nan,nan,nan,nan,nan,nan,nan,nan,nan
09-Aug-25 8:48:00 PM AEST,20.6,85.8,nan,nan,nan,nan,nan,nan,nan,nan,nan,nan
09-Aug-25 8:49:00 PM AEST,nan,86.0,18.1,nan,nan,nan,nan,0.01,1.20,0.10,55.30,nan
09-Aug-25 8:50:00 PM AEST,20.5,nan,nan,nan,nan,nan,nan,0.02,nan,0.20,56.10,nan
09-Aug-25 8:51:00 PM AEST,nan,nan,nan,nan,nan,nan,nan,0.01,nan,0.10,55.30,nan
09-Aug-25 8:52:00 PM AEST,20.4,86.2,18.0,nan,nan,nan,nan,0.00,0.00,0.00,0.00,nan
09-Aug-25 8:53:00 PM AEST,nan,86.5,nan,nan,nan,nan,nan,nan,nan,nan,nan,nan
09-Aug-25 8:54:00 PM AEST,20.3,86.7,18.1,nan,nan,nan,nan,nan,nan,nan,nan,nan
09-Aug-25 8:55:00 PM AEST,nan,nan,18.0,nan,nan,nan,nan,nan,nan,nan,nan,nan
09-Aug-25 8:56:00 PM AEST,20.2,87.0,nan,nan,nan,nan,nan,nan,nan,nan,nan,0.80
09-Aug-25 8:57:00 PM AEST,nan,nan,nan,nan,nan,nan,nan,nan,nan,nan,nan,0.00
09-Aug-25 8:58:00 PM AEST,20.1,86.8,nan,nan,nan,nan,nan,0.07,1.20,0.60,55.70,nan
09-Aug-25 8:59:00 PM AEST,nan,87.0,17.9,nan,nan,nan,nan,0.01,nan,0.10,55.30,nan
09-Aug-25 9:01:00 PM AEST,nan,86.8,nan,nan,nan,nan,nan,0.00,0.00,0.00,0.00,nan
09-Aug-25 9:02:00 PM AEST,nan,nan,17.8,nan,nan,nan,nan,nan,nan,nan,nan,nan
09-Aug-25 9:03:00 PM AEST,nan,87.0,nan,nan,nan,nan,nan,nan,nan,nan,nan,nan
09-Aug-25 9:04:00 PM AEST,20.0,nan,nan,nan,nan,nan,nan,nan,nan,nan,nan,nan
09-Aug-25 9:05:00 PM AEST,nan,87.2,nan,nan,nan,nan,nan,nan,nan,nan,nan,nan
09-Aug-25 9:06:00 PM AEST,nan,87.3,nan,nan,nan,nan,nan,nan,nan,nan,nan,nan
09-Aug-25 9:07:00 PM AEST,nan,87.5,nan,nan,nan,nan,nan,nan,nan,nan,nan,nan
09-Aug-25 9:08:00 PM AEST,19.9,87.7,nan,nan,nan,nan,nan,nan,nan,nan,nan,nan
09-Aug-25 9:09:00 PM AEST,nan,87.8,nan,nan,nan,nan,nan,nan,nan,nan,nan,nan
09-Aug-25 9:10:00 PM AEST,nan,88.0,17.9,nan,nan,nan,nan,nan,nan,nan,nan,nan
09-Aug-25 9:11:00 PM AEST,nan,88.3,nan,nan,nan,nan,nan,0.11,2.40,1.10,55.60,nan
09-Aug-25 9:12:00 PM AEST,19.8,nan,nan,nan,nan,nan,nan,0.02,1.20,0.20,56.10,nan
09-Aug-25 9:13:00 PM AEST,nan,nan,17.8,nan,nan,nan,nan,0.00,0.00,0.00,0.00,nan
09-Aug-25 9:13:04 PM AEST,19.9,nan,nan,nan,nan,nan,nan,nan,nan,nan,nan,nan
09-Aug-25 9:14:00 PM AEST,nan,88.7,17.9,nan,nan,nan,nan,nan,nan,nan,nan,nan
09-Aug-25 9:14:08 PM AEST,19.8,nan,nan,nan,nan,nan,nan,nan,nan,nan,nan,nan
09-Aug-25 9:15:00 PM AEST,nan,88.5,nan,nan,nan,nan,nan,nan,nan,nan,nan,nan
09-Aug-25 9:15:12 PM AEST,19.9,nan,nan,nan,nan,nan,nan,nan,nan,nan,nan,nan
09-Aug-25 9:16:00 PM AEST,nan,88.7,nan,nan,nan,nan,nan,nan,nan,nan,nan,nan
09-Aug-25 9:18:00 PM AEST,nan,nan,18.0,nan,nan,nan,nan,nan,nan,nan,nan,nan
09-Aug-25 9:19:00 PM AEST,nan,88.8,17.9,nan,nan,nan,nan,nan,nan,nan,nan,nan
09-Aug-25 9:20:00 PM AEST,19.8,nan,18.0,nan,nan,nan,nan,nan,nan,nan,nan,nan
09-Aug-25 9:21:00 PM AEST,nan,nan,17.9,nan,nan,nan,nan,nan,nan,nan,nan,nan
09-Aug-25 9:21:04 PM AEST,19.9,nan,nan,nan,nan,nan,nan,nan,nan,nan,nan,nan
09-Aug-25 9:22:00 PM AEST,nan,nan,18.0,nan,nan,nan,nan,nan,nan,nan,nan,nan
09-Aug-25 9:23:00 PM AEST,nan,89.0,nan,nan,nan,nan,nan,nan,nan,nan,nan,nan
09-Aug-25 9:24:00 PM AEST,20.0,nan,nan,nan,nan,nan,nan,nan,nan,nan,nan,nan
09-Aug-25 9:25:00 PM AEST,nan,89.3,18.1,nan,nan,nan,nan,nan,nan,nan,nan,nan
09-Aug-25 9:26:00 PM AEST,nan,89.2,18.2,nan,nan,nan,nan,nan,nan,nan,nan,nan
09-Aug-25 9:27:00 PM AEST,nan,89.3,nan,nan,nan,nan,nan,0.01,1.20,0.10,56.30,nan
09-Aug-25 9:28:00 PM AEST,nan,89.5,nan,nan,nan,nan,nan,nan,nan,nan,55.30,nan
09-Aug-25 9:29:00 PM AEST,nan,nan,18.3,nan,nan,nan,nan,nan,nan,nan,56.30,nan
09-Aug-25 9:30:00 PM AEST,nan,nan,18.2,nan,nan,nan,nan,0.07,nan,0.60,55.70,nan
09-Aug-25 9:31:00 PM AEST,nan,nan,18.3,nan,nan,nan,nan,0.00,0.00,0.00,0.00,nan
09-Aug-25 9:32:00 PM AEST,20.1,89.7,18.2,nan,nan,nan,nan,0.01,1.20,0.10,55.30,0.80
09-Aug-25 9:33:00 PM AEST,nan,nan,18.3,nan,nan,nan,55.90,0.02,nan,0.20,56.10,0.00
09-Aug-25 9:33:04 PM AEST,20.0,nan,nan,nan,nan,nan,nan,nan,nan,nan,nan,nan
09-Aug-25 9:34:00 PM AEST,nan,nan,nan,nan,nan,nan,55.70,0.06,nan,0.60,55.50,nan
09-Aug-25 9:34:08 PM AEST,20.1,nan,nan,nan,nan,nan,nan,nan,nan,nan,nan,nan
09-Aug-25 9:34:08 PM AEST,20.0,nan,nan,nan,nan,nan,nan,nan,nan,nan,nan,nan
09-Aug-25 9:35:00 PM AEST,nan,89.8,nan,nan,nan,nan,nan,0.00,0.00,0.00,0.00,nan
09-Aug-25 9:36:00 PM AEST,nan,89.7,nan,nan,nan,nan,nan,nan,nan,nan,nan,nan
09-Aug-25 9:37:00 PM AEST,nan,89.8,nan,nan,nan,nan,nan,nan,nan,nan,nan,nan
09-Aug-25 9:38:00 PM AEST,nan,89.7,nan,nan,nan,nan,55.90,nan,nan,nan,nan,nan
09-Aug-25 9:39:00 PM AEST,nan,89.8,nan,nan,nan,nan,55.70,nan,nan,nan,nan,nan
09-Aug-25 9:41:00 PM AEST,nan,89.7,nan,nan,nan,nan,nan,nan,nan,nan,nan,nan
09-Aug-25 9:42:00 PM AEST,nan,89.8,nan,nan,nan,nan,nan,nan,nan,nan,nan,nan
09-Aug-25 9:43:00 PM AEST,nan,89.7,18.2,nan,nan,nan,nan,nan,nan,nan,nan,nan
09-Aug-25 9:44:00 PM AEST,nan,89.8,18.3,nan,nan,nan,nan,nan,nan,nan,nan,nan
09-Aug-25 9:45:00 PM AEST,nan,89.7,nan,nan,nan,nan,nan,nan,nan,nan,nan,nan
09-Aug-25 9:46:00 PM AEST,nan,89.8,nan,nan,nan,nan,nan,nan,nan,nan,nan,nan
09-Aug-25 9:47:00 PM AEST,nan,89.7,nan,nan,nan,nan,nan,nan,nan,nan,nan,nan
09-Aug-25 9:48:00 PM AEST,nan,89.5,nan,nan,nan,nan,nan,0.02,2.40,0.20,56.10,nan
09-Aug-25 9:49:00 PM AEST,nan,89.7,18.2,nan,nan,nan,nan,0.18,nan,1.80,55.80,nan
09-Aug-25 9:50:00 PM AEST,nan,nan,nan,nan,nan,nan,nan,0.14,nan,1.40,nan,nan
09-Aug-25 9:51:00 PM AEST,nan,89.8,18.3,nan,nan,nan,nan,0.00,0.00,0.00,0.00,nan
09-Aug-25 9:52:00 PM AEST,nan,89.7,nan,nan,nan,nan,nan,nan,nan,nan,nan,nan
09-Aug-25 9:53:00 PM AEST,nan,90.0,nan,nan,nan,nan,nan,nan,nan,nan,nan,nan
09-Aug-25 9:54:00 PM AEST,nan,89.8,nan,nan,nan,nan,nan,nan,nan,nan,nan,nan
09-Aug-25 9:55:00 PM AEST,nan,90.0,nan,nan,nan,nan,nan,nan,nan,nan,nan,nan
09-Aug-25 9:56:00 PM AEST,nan,90.2,nan,nan,nan,nan,nan,nan,nan,nan,nan,nan
09-Aug-25 9:57:00 PM AEST,nan,90.0,nan,nan,nan,nan,nan,0.01,1.20,0.10,55.30,nan
09-Aug-25 9:58:00 PM AEST,nan,90.2,nan,nan,nan,nan,nan,0.00,0.00,0.00,0.00,nan
09-Aug-25 10:02:00 PM AEST,nan,90.3,nan,nan,nan,nan,nan,nan,nan,nan,nan,nan
09-Aug-25 10:03:00 PM AEST,nan,90.2,nan,nan,nan,nan,nan,nan,nan,nan,nan,nan
09-Aug-25 10:04:00 PM AEST,nan,90.3,nan,nan,nan,nan,nan,nan,nan,nan,nan,nan
09-Aug-25 10:05:00 PM AEST,nan,90.2,nan,nan,nan,nan,nan,nan,nan,nan,nan,nan
09-Aug-25 10:06:00 PM AEST,nan,90.3,nan,nan,nan,nan,nan,nan,nan,nan,nan,nan
09-Aug-25 10:07:00 PM AEST,nan,90.2,nan,nan,nan,nan,nan,nan,nan,nan,nan,nan
09-Aug-25 10:08:00 PM AEST,nan,nan,nan,nan,nan,nan,nan,0.02,1.20,0.20,55.70,nan
09-Aug-25 10:09:00 PM AEST,nan,nan,nan,nan,nan,nan,nan,nan,nan,nan,nan,0.80
09-Aug-25 10:10:00 PM AEST,19.9,90.3,nan,nan,nan,nan,nan,0.01,nan,0.10,56.30,0.00
09-Aug-25 10:11:00 PM AEST,nan,nan,nan,nan,nan,nan,nan,0.02,nan,0.20,56.10,nan
09-Aug-25 10:11:04 PM AEST,20.0,nan,nan,nan,nan,nan,nan,nan,nan,nan,nan,nan
09-Aug-25 10:13:00 PM AEST,nan,nan,nan,nan,nan,nan,nan,0.00,0.00,0.00,0.00,nan
09-Aug-25 10:14:00 PM AEST,nan,90.5,nan,nan,nan,nan,nan,nan,nan,nan,nan,nan
09-Aug-25 10:15:00 PM AEST,19.9,90.7,18.4,nan,nan,nan,nan,nan,nan,nan,nan,nan
09-Aug-25 10:16:04 PM AEST,20.0,nan,nan,nan,nan,nan,nan,nan,nan,nan,nan,nan
09-Aug-25 10:18:00 PM AEST,nan,90.8,nan,nan,nan,nan,nan,nan,nan,nan,nan,nan
09-Aug-25 10:19:00 PM AEST,19.9,90.7,nan,nan,nan,nan,nan,nan,nan,nan,nan,nan
09-Aug-25 10:20:04 PM AEST,20.0,nan,nan,nan,nan,nan,nan,nan,nan,nan,nan,nan
09-Aug-25 10:21:00 PM AEST,nan,90.8,nan,nan,nan,nan,nan,nan,nan,nan,nan,nan
09-Aug-25 10:22:00 PM AEST,19.9,90.7,nan,nan,nan,nan,nan,nan,nan,nan,nan,nan
09-Aug-25 10:23:00 PM AEST,nan,90.5,nan,nan,nan,nan,nan,nan,nan,nan,nan,nan
09-Aug-25 10:23:04 PM AEST,20.0,nan,nan,nan,nan,nan,nan,nan,nan,nan,nan,nan
09-Aug-25 10:24:00 PM AEST,nan,90.8,nan,nan,nan,nan,nan,nan,nan,nan,nan,nan
09-Aug-25 10:25:00 PM AEST,nan,90.7,nan,nan,nan,nan,nan,nan,nan,nan,nan,nan
09-Aug-25 10:26:00 PM AEST,19.9,90.8,nan,nan,nan,nan,nan,nan,nan,nan,nan,nan
09-Aug-25 10:33:00 PM AEST,nan,90.7,nan,nan,nan,nan,nan,nan,nan,nan,nan,nan
09-Aug-25 10:34:00 PM AEST,nan,90.8,18.3,nan,nan,nan,nan,0.01,1.20,0.10,56.30,nan
09-Aug-25 10:35:00 PM AEST,nan,90.7,18.4,nan,nan,nan,nan,0.05,nan,0.50,55.70,nan
09-Aug-25 10:36:00 PM AEST,nan,90.8,18.3,nan,nan,nan,nan,0.00,0.00,0.00,0.00,nan
09-Aug-25 10:37:00 PM AEST,nan,90.7,nan,nan,nan,nan,nan,0.01,1.20,0.10,55.30,nan
09-Aug-25 10:38:00 PM AEST,19.8,90.8,nan,nan,nan,nan,nan,0.00,0.00,0.00,0.00,nan
09-Aug-25 10:39:00 PM AEST,nan,90.7,nan,nan,nan,nan,nan,nan,nan,nan,nan,nan
09-Aug-25 10:40:00 PM AEST,nan,90.8,nan,nan,nan,nan,nan,nan,nan,nan,nan,nan
09-Aug-25 10:41:00 PM AEST,nan,91.0,nan,nan,nan,nan,nan,0.01,1.20,0.10,55.30,nan
09-Aug-25 10:42:00 PM AEST,nan,nan,nan,nan,nan,nan,nan,0.00,0.00,0.00,0.00,nan
09-Aug-25 10:43:00 PM AEST,19.7,90.8,18.2,nan,nan,nan,nan,nan,nan,nan,nan,nan
09-Aug-25 10:44:00 PM AEST,nan,91.2,nan,nan,nan,nan,nan,nan,nan,nan,nan,nan
09-Aug-25 10:44:04 PM AEST,19.8,nan,nan,nan,nan,nan,nan,nan,nan,nan,nan,nan
09-Aug-25 10:45:00 PM AEST,nan,91.0,18.3,nan,nan,nan,nan,nan,nan,nan,nan,0.80
09-Aug-25 10:45:08 PM AEST,19.7,nan,nan,nan,nan,nan,nan,nan,nan,nan,nan,nan
09-Aug-25 10:45:08 PM AEST,19.8,nan,nan,nan,nan,nan,nan,nan,nan,nan,nan,nan
09-Aug-25 10:46:00 PM AEST,nan,nan,18.2,nan,nan,nan,nan,nan,nan,nan,nan,0.00
09-Aug-25 10:46:12 PM AEST,19.7,nan,nan,nan,nan,nan,nan,nan,nan,nan,nan,nan
09-Aug-25 10:47:00 PM AEST,nan,91.2,nan,nan,nan,nan,nan,nan,nan,nan,nan,nan
09-Aug-25 10:48:00 PM AEST,nan,91.0,18.3,nan,nan,nan,nan,nan,nan,nan,nan,nan
09-Aug-25 10:49:00 PM AEST,nan,91.2,18.2,nan,nan,nan,nan,nan,nan,nan,nan,nan
09-Aug-25 10:51:00 PM AEST,nan,91.0,18.3,nan,nan,nan,nan,nan,nan,nan,nan,nan
09-Aug-25 10:52:00 PM AEST,nan,91.2,18.2,nan,nan,nan,nan,nan,nan,nan,nan,nan
09-Aug-25 10:53:00 PM AEST,nan,91.0,nan,nan,nan,nan,nan,nan,nan,nan,nan,nan
09-Aug-25 10:55:00 PM AEST,nan,nan,nan,nan,nan,nan,nan,0.01,1.20,0.10,55.30,nan
09-Aug-25 10:56:00 PM AEST,nan,nan,nan,nan,nan,nan,nan,0.00,0.00,0.00,0.00,nan
09-Aug-25 11:01:00 PM AEST,nan,91.2,nan,nan,nan,nan,nan,nan,nan,nan,nan,nan
09-Aug-25 11:02:00 PM AEST,19.6,91.3,nan,nan,nan,nan,nan,nan,nan,nan,nan,nan
09-Aug-25 11:03:00 PM AEST,nan,91.2,nan,nan,nan,nan,nan,nan,nan,nan,nan,nan
09-Aug-25 11:04:00 PM AEST,nan,91.5,nan,nan,nan,nan,nan,nan,nan,nan,nan,nan
09-Aug-25 11:05:00 PM AEST,nan,91.3,nan,nan,nan,nan,nan,nan,nan,nan,nan,nan
09-Aug-25 11:06:00 PM AEST,nan,nan,18.1,nan,nan,nan,nan,nan,nan,nan,nan,nan
09-Aug-25 11:07:00 PM AEST,nan,91.5,nan,nan,nan,nan,nan,nan,nan,nan,nan,nan
09-Aug-25 11:11:00 PM AEST,nan,91.3,nan,nan,nan,nan,nan,nan,nan,nan,nan,nan
09-Aug-25 11:12:00 PM AEST,nan,91.5,nan,nan,nan,nan,nan,nan,nan,nan,nan,nan
09-Aug-25 11:13:00 PM AEST,nan,91.3,nan,nan,nan,nan,nan,nan,nan,nan,nan,nan
09-Aug-25 11:14:00 PM AEST,nan,91.7,nan,nan,nan,nan,nan,nan,nan,nan,nan,nan
09-Aug-25 11:15:00 PM AEST,nan,91.5,18.2,nan,nan,nan,nan,nan,nan,nan,nan,nan
09-Aug-25 11:16:00 PM AEST,19.5,91.7,18.1,nan,nan,nan,nan,0.01,1.20,0.10,55.30,nan
09-Aug-25 11:17:00 PM AEST,nan,nan,nan,nan,nan,nan,nan,0.00,0.00,0.00,0.00,nan
09-Aug-25 11:18:00 PM AEST,nan,91.5,nan,nan,nan,nan,nan,nan,nan,nan,nan,nan
09-Aug-25 11:19:00 PM AEST,19.6,91.7,nan,nan,nan,nan,nan,nan,nan,nan,nan,nan
09-Aug-25 11:20:00 PM AEST,nan,nan,18.2,nan,nan,nan,nan,nan,nan,nan,nan,nan
09-Aug-25 11:20:04 PM AEST,19.5,nan,nan,nan,nan,nan,nan,nan,nan,nan,nan,nan
09-Aug-25 11:21:00 PM AEST,nan,nan,18.1,nan,nan,nan,nan,nan,nan,nan,nan,nan
09-Aug-25 11:22:00 PM AEST,nan,nan,nan,nan,nan,nan,nan,nan,nan,nan,nan,0.80
09-Aug-25 11:23:00 PM AEST,nan,91.8,nan,nan,nan,nan,nan,nan,nan,nan,nan,0.00
09-Aug-25 11:24:00 PM AEST,nan,91.7,nan,nan,nan,nan,nan,nan,nan,nan,nan,nan
09-Aug-25 11:26:00 PM AEST,nan,91.8,nan,nan,nan,nan,nan,nan,nan,nan,nan,nan
09-Aug-25 11:27:00 PM AEST,19.4,nan,nan,nan,nan,nan,nan,nan,nan,nan,nan,nan
09-Aug-25 11:28:00 PM AEST,nan,nan,18.0,nan,nan,nan,nan,nan,nan,nan,nan,nan
09-Aug-25 11:30:00 PM AEST,nan,91.7,nan,nan,nan,nan,nan,nan,nan,nan,nan,nan
09-Aug-25 11:31:00 PM AEST,nan,91.8,nan,nan,nan,nan,nan,nan,nan,nan,nan,nan
09-Aug-25 11:33:00 PM AEST,nan,92.0,nan,nan,nan,nan,nan,nan,nan,nan,nan,nan
09-Aug-25 11:34:00 PM AEST,nan,91.8,18.1,nan,nan,nan,nan,nan,nan,nan,nan,nan
09-Aug-25 11:35:00 PM AEST,nan,nan,18.0,nan,nan,nan,nan,nan,nan,nan,nan,nan
09-Aug-25 11:36:00 PM AEST,nan,92.0,nan,nan,nan,nan,nan,nan,nan,nan,nan,nan
09-Aug-25 11:37:00 PM AEST,nan,91.8,18.1,nan,nan,nan,nan,nan,nan,nan,nan,nan
09-Aug-25 11:39:00 PM AEST,nan,92.0,18.0,nan,nan,nan,nan,nan,nan,nan,nan,nan
09-Aug-25 11:40:00 PM AEST,nan,nan,18.1,nan,nan,nan,nan,nan,nan,nan,nan,nan
09-Aug-25 11:43:00 PM AEST,nan,92.2,nan,nan,nan,nan,nan,nan,nan,nan,nan,nan
09-Aug-25 11:44:00 PM AEST,nan,92.0,nan,nan,nan,nan,nan,nan,nan,nan,nan,nan
09-Aug-25 11:45:00 PM AEST,nan,92.2,nan,nan,nan,nan,nan,nan,nan,nan,nan,nan
09-Aug-25 11:46:00 PM AEST,nan,92.0,nan,nan,nan,nan,nan,nan,nan,nan,nan,nan
09-Aug-25 11:47:00 PM AEST,nan,92.2,nan,nan,nan,nan,nan,nan,nan,nan,nan,nan
09-Aug-25 11:49:00 PM AEST,nan,nan,nan,nan,nan,nan,nan,0.01,1.20,0.10,55.30,nan
09-Aug-25 11:50:00 PM AEST,nan,nan,nan,nan,nan,nan,nan,0.00,0.00,0.00,0.00,nan
09-Aug-25 11:52:00 PM AEST,nan,92.3,nan,nan,nan,nan,nan,nan,nan,nan,nan,nan
09-Aug-25 11:53:00 PM AEST,nan,92.2,18.2,nan,nan,nan,nan,nan,nan,nan,nan,nan
09-Aug-25 11:54:00 PM AEST,nan,92.3,18.1,nan,nan,nan,nan,nan,nan,nan,nan,nan
09-Aug-25 11:55:00 PM AEST,nan,nan,18.2,nan,nan,nan,nan,nan,nan,nan,nan,nan
09-Aug-25 11:57:00 PM AEST,nan,nan,18.1,nan,nan,nan,nan,nan,nan,nan,nan,nan
09-Aug-25 11:58:00 PM AEST,nan,92.2,18.2,nan,nan,nan,nan,0.04,2.40,0.40,55.70,0.80
09-Aug-25 11:59:00 PM AEST,nan,92.5,18.1,nan,nan,nan,nan,0.12,nan,1.20,55.90,0.60
10-Aug-25 12:00:00 AM AEST,nan,nan,nan,0.20,nan,nan,nan,nan,nan,nan,nan,nan
10-Aug-25 12:00:00 AM AEST,nan,nan,nan,0.00,nan,nan,nan,nan,nan,nan,nan,nan
10-Aug-25 12:00:00 AM AEST,nan,nan,nan,0.20,nan,nan,nan,nan,nan,nan,nan,nan
10-Aug-25 12:00:00 AM AEST,nan,nan,nan,0.00,nan,nan,nan,nan,nan,nan,nan,nan
10-Aug-25 12:00:00 AM AEST,nan,nan,nan,0.20,nan,nan,nan,nan,nan,nan,nan,nan
10-Aug-25 12:00:00 AM AEST,nan,nan,nan,0.00,nan,nan,nan,nan,nan,nan,nan,nan
10-Aug-25 12:00:00 AM AEST,nan,nan,nan,0.20,nan,nan,nan,nan,nan,nan,nan,nan
10-Aug-25 12:00:00 AM AEST,nan,nan,nan,0.00,nan,nan,nan,nan,nan,nan,nan,nan
10-Aug-25 12:00:00 AM AEST,nan,nan,nan,0.20,nan,nan,nan,nan,nan,nan,nan,nan
10-Aug-25 12:00:00 AM AEST,nan,nan,nan,0.00,nan,nan,nan,nan,nan,nan,nan,nan
10-Aug-25 12:00:00 AM AEST,nan,nan,nan,0.20,nan,nan,nan,nan,nan,nan,nan,nan
10-Aug-25 12:00:00 AM AEST,nan,nan,nan,0.00,nan,nan,nan,nan,nan,nan,nan,nan
10-Aug-25 12:00:00 AM AEST,nan,nan,nan,0.20,nan,nan,nan,nan,nan,nan,nan,nan
10-Aug-25 12:00:00 AM AEST,nan,nan,nan,0.00,nan,nan,nan,nan,nan,nan,nan,nan
10-Aug-25 12:00:00 AM AEST,nan,nan,nan,0.20,nan,nan,nan,nan,nan,nan,nan,nan
10-Aug-25 12:00:00 AM AEST,nan,nan,nan,0.00,nan,nan,nan,nan,nan,nan,nan,nan
10-Aug-25 12:00:00 AM AEST,nan,nan,nan,0.20,nan,nan,nan,nan,nan,nan,nan,nan
10-Aug-25 12:00:00 AM AEST,nan,nan,nan,0.00,nan,nan,nan,nan,nan,nan,nan,nan
10-Aug-25 12:00:00 AM AEST,nan,nan,nan,0.20,nan,nan,nan,nan,nan,nan,nan,nan
10-Aug-25 12:00:00 AM AEST,nan,nan,nan,0.00,nan,nan,nan,nan,nan,nan,nan,nan
10-Aug-25 12:00:00 AM AEST,nan,nan,nan,0.20,nan,nan,nan,nan,nan,nan,nan,nan
10-Aug-25 12:00:00 AM AEST,nan,nan,nan,0.00,nan,nan,nan,nan,nan,nan,nan,nan
10-Aug-25 12:01:00 AM AEST,nan,92.3,18.2,nan,nan,nan,nan,0.00,0.00,0.00,0.00,0.00
10-Aug-25 12:01:00 AM AEST,nan,92.5,18.1,nan,nan,nan,nan,0.00,0.00,0.00,0.00,0.00
10-Aug-25 12:02:00 AM AEST,nan,nan,18.2,nan,nan,nan,nan,nan,nan,nan,nan,nan
10-Aug-25 12:06:00 AM AEST,nan,nan,18.1,nan,nan,nan,nan,0.02,1.20,0.20,56.60,nan
10-Aug-25 12:07:00 AM AEST,nan,nan,18.2,nan,nan,nan,nan,0.17,2.40,1.70,55.80,nan
10-Aug-25 12:08:00 AM AEST,nan,92.7,18.1,nan,nan,nan,nan,0.04,1.20,0.40,55.70,nan
10-Aug-25 12:09:00 AM AEST,nan,92.5,18.2,nan,nan,nan,nan,0.02,nan,0.20,56.10,nan
10-Aug-25 12:10:00 AM AEST,nan,92.7,nan,nan,nan,nan,nan,nan,nan,nan,55.70,nan
10-Aug-25 12:11:00 AM AEST,nan,nan,18.1,nan,nan,nan,nan,0.00,0.00,0.00,0.00,nan
10-Aug-25 12:12:00 AM AEST,nan,nan,nan,nan,nan,nan,nan,0.01,1.20,0.10,56.30,nan
10-Aug-25 12:13:00 AM AEST,nan,92.8,nan,nan,nan,nan,nan,0.04,nan,0.40,55.70,nan
10-Aug-25 12:14:00 AM AEST,nan,nan,18.2,nan,nan,nan,nan,0.01,nan,0.10,55.30,nan
10-Aug-25 12:15:00 AM AEST,19.3,92.7,nan,nan,nan,nan,nan,0.00,0.00,0.00,0.00,nan
10-Aug-25 12:16:00 AM AEST,nan,92.8,18.1,nan,nan,nan,nan,nan,nan,nan,nan,nan
10-Aug-25 12:21:00 AM AEST,nan,92.7,nan,nan,nan,nan,nan,nan,nan,nan,nan,nan
10-Aug-25 12:22:00 AM AEST,nan,92.8,nan,nan,nan,nan,nan,nan,nan,nan,nan,nan
10-Aug-25 12:23:00 AM AEST,nan,92.7,nan,nan,nan,nan,nan,nan,nan,nan,nan,nan
10-Aug-25 12:24:00 AM AEST,nan,92.8,nan,nan,nan,nan,nan,0.01,1.20,0.10,55.30,nan
10-Aug-25 12:25:00 AM AEST,nan,92.7,nan,nan,nan,nan,nan,0.00,nan,0.00,0.00,nan
10-Aug-25 12:26:00 AM AEST,nan,92.8,18.0,nan,nan,nan,nan,nan,0.00,nan,nan,nan
10-Aug-25 12:27:00 AM AEST,nan,93.0,18.1,nan,nan,nan,nan,nan,nan,nan,nan,nan
10-Aug-25 12:28:00 AM AEST,19.2,92.8,nan,nan,nan,nan,nan,nan,nan,nan,nan,nan
10-Aug-25 12:29:00 AM AEST,nan,nan,18.0,nan,nan,nan,nan,nan,nan,nan,nan,nan
10-Aug-25 12:31:00 AM AEST,nan,92.7,nan,nan,nan,nan,nan,nan,nan,nan,nan,nan
10-Aug-25 12:32:00 AM AEST,nan,92.8,nan,nan,nan,nan,nan,nan,nan,nan,nan,nan
10-Aug-25 12:34:00 AM AEST,nan,93.0,nan,nan,nan,nan,nan,nan,nan,nan,nan,0.80
10-Aug-25 12:35:00 AM AEST,19.1,92.8,nan,nan,nan,nan,nan,nan,nan,nan,nan,0.00
10-Aug-25 12:36:00 AM AEST,nan,93.0,17.9,nan,nan,nan,nan,nan,nan,nan,nan,nan
10-Aug-25 12:38:00 AM AEST,nan,nan,nan,nan,nan,nan,nan,0.05,1.20,0.50,55.90,nan
10-Aug-25 12:39:00 AM AEST,nan,nan,nan,nan,nan,nan,nan,0.00,0.00,0.00,0.00,nan
10-Aug-25 12:41:00 AM AEST,19.0,92.8,nan,nan,nan,nan,nan,0.01,1.20,0.10,55.30,nan
10-Aug-25 12:42:00 AM AEST,nan,nan,17.8,nan,nan,nan,nan,0.02,nan,0.20,55.70,nan
10-Aug-25 12:43:00 AM AEST,nan,nan,nan,nan,nan,nan,nan,0.00,0.00,0.00,0.00,nan
10-Aug-25 12:46:00 AM AEST,nan,93.0,nan,nan,nan,nan,nan,nan,nan,nan,nan,nan
10-Aug-25 12:47:00 AM AEST,18.9,nan,nan,nan,nan,nan,nan,nan,nan,nan,nan,nan
10-Aug-25 12:48:04 AM AEST,19.0,nan,nan,nan,nan,nan,nan,nan,nan,nan,nan,nan
10-Aug-25 12:49:08 AM AEST,18.9,nan,nan,nan,nan,nan,nan,nan,nan,nan,nan,nan
10-Aug-25 12:50:00 AM AEST,nan,93.2,nan,nan,nan,nan,nan,nan,nan,nan,nan,nan
10-Aug-25 12:51:00 AM AEST,nan,93.0,nan,nan,nan,nan,nan,nan,nan,nan,nan,nan
10-Aug-25 12:52:00 AM AEST,nan,93.2,17.7,nan,nan,nan,nan,nan,nan,nan,nan,nan
10-Aug-25 12:53:00 AM AEST,nan,93.0,17.8,nan,nan,nan,nan,0.01,1.20,0.10,55.30,nan
10-Aug-25 12:54:00 AM AEST,nan,nan,17.7,nan,nan,nan,nan,0.00,0.00,0.00,0.00,nan
10-Aug-25 12:58:00 AM AEST,18.8,nan,nan,nan,nan,nan,nan,nan,nan,nan,nan,nan
10-Aug-25 12:59:00 AM AEST,nan,nan,17.6,nan,nan,nan,nan,nan,nan,nan,nan,nan
10-Aug-25 1:01:00 AM AEST,nan,92.8,nan,nan,nan,nan,nan,0.04,1.20,0.40,55.70,nan
10-Aug-25 1:01:00 AM AEST,nan,93.0,nan,nan,nan,nan,nan,0.01,1.20,0.10,55.30,nan
10-Aug-25 1:02:00 AM AEST,nan,nan,nan,nan,nan,nan,55.90,0.02,nan,0.20,56.10,nan
10-Aug-25 1:03:00 AM AEST,nan,nan,nan,nan,nan,nan,55.70,0.05,nan,0.50,55.70,nan
10-Aug-25 1:04:00 AM AEST,nan,93.2,nan,nan,nan,nan,nan,0.00,0.00,0.00,0.00,nan
10-Aug-25 1:05:00 AM AEST,nan,93.3,nan,nan,nan,nan,nan,nan,nan,nan,nan,nan
10-Aug-25 1:06:00 AM AEST,nan,93.2,17.7,nan,nan,nan,nan,nan,nan,nan,nan,nan
10-Aug-25 1:07:00 AM AEST,nan,93.3,17.6,nan,nan,nan,nan,nan,nan,nan,nan,nan
10-Aug-25 1:08:00 AM AEST,nan,93.2,17.7,nan,nan,nan,nan,0.01,1.20,0.10,55.30,nan
10-Aug-25 1:09:00 AM AEST,18.7,93.5,17.6,nan,nan,nan,nan,0.02,nan,0.20,55.70,nan
10-Aug-25 1:10:00 AM AEST,nan,93.3,17.7,nan,nan,nan,nan,0.00,0.00,0.00,0.00,nan
10-Aug-25 1:11:00 AM AEST,nan,93.5,17.6,nan,nan,nan,nan,nan,nan,nan,nan,0.80
10-Aug-25 1:12:00 AM AEST,nan,93.3,nan,nan,nan,nan,nan,nan,nan,nan,nan,0.00
10-Aug-25 1:14:00 AM AEST,nan,93.5,nan,nan,nan,nan,nan,nan,nan,nan,nan,nan
10-Aug-25 1:15:00 AM AEST,nan,93.3,nan,nan,nan,nan,nan,0.03,1.20,0.30,55.90,nan
10-Aug-25 1:16:00 AM AEST,nan,93.7,nan,nan,nan,nan,nan,0.00,0.00,0.00,0.00,nan
10-Aug-25 1:17:00 AM AEST,nan,93.5,nan,nan,nan,nan,nan,nan,nan,nan,nan,nan
10-Aug-25 1:18:00 AM AEST,nan,93.7,nan,nan,nan,nan,nan,nan,nan,nan,nan,nan
10-Aug-25 1:19:00 AM AEST,nan,93.5,nan,nan,nan,nan,nan,0.02,1.20,0.20,55.60,nan
10-Aug-25 1:20:00 AM AEST,18.6,93.7,nan,nan,nan,nan,nan,0.12,2.40,1.20,55.90,nan
10-Aug-25 1:21:00 AM AEST,nan,nan,nan,nan,nan,nan,nan,0.01,1.20,0.10,56.30,nan
10-Aug-25 1:22:00 AM AEST,nan,nan,nan,nan,nan,nan,nan,0.00,0.00,0.00,0.00,nan
10-Aug-25 1:23:00 AM AEST,nan,93.5,nan,nan,nan,nan,nan,nan,nan,nan,nan,nan
10-Aug-25 1:24:00 AM AEST,nan,93.8,17.5,nan,nan,nan,nan,nan,nan,nan,nan,nan
10-Aug-25 1:25:00 AM AEST,nan,93.7,nan,nan,nan,nan,nan,nan,nan,nan,nan,nan
10-Aug-25 1:27:00 AM AEST,nan,93.8,nan,nan,nan,nan,nan,nan,nan,nan,nan,nan
10-Aug-25 1:28:00 AM AEST,18.5,nan,17.6,nan,nan,nan,nan,nan,nan,nan,nan,nan
10-Aug-25 1:29:00 AM AEST,nan,nan,17.5,nan,nan,nan,nan,nan,nan,nan,nan,nan
10-Aug-25 1:29:04 AM AEST,18.6,nan,nan,nan,nan,nan,nan,nan,nan,nan,nan,nan
10-Aug-25 1:30:00 AM AEST,nan,93.7,nan,nan,nan,nan,nan,nan,nan,nan,nan,nan
10-Aug-25 1:31:00 AM AEST,18.5,93.8,nan,nan,nan,nan,nan,nan,nan,nan,nan,nan
10-Aug-25 1:32:04 AM AEST,18.6,nan,nan,nan,nan,nan,nan,nan,nan,nan,nan,nan
10-Aug-25 1:33:00 AM AEST,nan,94.0,17.6,nan,nan,nan,nan,nan,nan,nan,nan,nan
10-Aug-25 1:33:08 AM AEST,18.5,nan,nan,nan,nan,nan,nan,nan,nan,nan,nan,nan
10-Aug-25 1:34:00 AM AEST,nan,93.8,17.5,nan,nan,nan,nan,nan,nan,nan,nan,nan
10-Aug-25 1:35:00 AM AEST,nan,nan,nan,nan,nan,nan,nan,0.01,1.20,0.10,55.30,nan
10-Aug-25 1:36:00 AM AEST,nan,nan,nan,nan,nan,nan,nan,0.00,0.00,0.00,0.00,nan
10-Aug-25 1:37:00 AM AEST,nan,93.7,nan,nan,nan,nan,nan,nan,nan,nan,nan,nan
10-Aug-25 1:38:00 AM AEST,nan,93.8,nan,nan,nan,nan,nan,0.05,1.20,0.50,56.10,nan
10-Aug-25 1:39:00 AM AEST,nan,nan,nan,nan,nan,nan,nan,0.01,nan,0.10,55.30,nan
10-Aug-25 1:40:00 AM AEST,nan,nan,nan,nan,nan,nan,nan,0.00,0.00,0.00,0.00,nan
10-Aug-25 1:41:00 AM AEST,nan,93.7,nan,nan,nan,nan,nan,nan,nan,nan,nan,nan
10-Aug-25 1:42:00 AM AEST,nan,93.8,nan,nan,nan,nan,nan,nan,nan,nan,nan,nan
10-Aug-25 1:43:00 AM AEST,nan,93.7,17.4,nan,nan,nan,nan,0.01,1.20,0.10,55.30,nan
10-Aug-25 1:44:00 AM AEST,18.4,nan,nan,nan,nan,nan,nan,nan,nan,nan,nan,nan
10-Aug-25 1:45:00 AM AEST,nan,93.8,nan,nan,nan,nan,nan,0.00,0.00,0.00,0.00,nan
10-Aug-25 1:45:04 AM AEST,18.5,nan,nan,nan,nan,nan,nan,nan,nan,nan,nan,nan
10-Aug-25 1:46:00 AM AEST,nan,93.7,17.5,nan,nan,nan,nan,nan,nan,nan,nan,nan
10-Aug-25 1:46:08 AM AEST,18.4,nan,nan,nan,nan,nan,nan,nan,nan,nan,nan,nan
10-Aug-25 1:47:00 AM AEST,nan,93.8,17.4,nan,nan,nan,nan,0.01,1.20,0.10,56.30,0.80
10-Aug-25 1:47:12 AM AEST,18.5,nan,nan,nan,nan,nan,nan,nan,nan,nan,nan,nan
10-Aug-25 1:48:00 AM AEST,nan,nan,17.5,nan,nan,nan,nan,0.00,0.00,0.00,0.00,0.00
10-Aug-25 1:48:16 AM AEST,18.4,nan,nan,nan,nan,nan,nan,nan,nan,nan,nan,nan
10-Aug-25 1:49:00 AM AEST,nan,nan,17.4,nan,nan,nan,nan,0.01,1.20,0.10,55.30,nan
10-Aug-25 1:50:00 AM AEST,nan,94.0,nan,nan,nan,nan,nan,nan,nan,nan,nan,nan
10-Aug-25 1:51:00 AM AEST,nan,93.8,nan,nan,nan,nan,nan,0.00,0.00,0.00,0.00,nan
10-Aug-25 1:52:00 AM AEST,nan,94.0,nan,nan,nan,nan,nan,0.01,1.20,0.10,55.30,nan
10-Aug-25 1:53:00 AM AEST,18.3,nan,nan,nan,nan,nan,nan,0.00,0.00,0.00,0.00,nan
10-Aug-25 1:54:00 AM AEST,nan,nan,17.3,nan,nan,nan,nan,0.01,1.20,0.10,55.30,nan
10-Aug-25 1:55:00 AM AEST,nan,nan,17.4,nan,nan,nan,nan,0.00,0.00,0.00,0.00,nan
10-Aug-25 1:56:00 AM AEST,18.4,nan,17.3,nan,nan,nan,nan,nan,nan,nan,nan,nan
10-Aug-25 1:57:00 AM AEST,nan,nan,17.4,nan,nan,nan,nan,nan,nan,nan,nan,nan
10-Aug-25 1:57:04 AM AEST,18.3,nan,nan,nan,nan,nan,nan,nan,nan,nan,nan,nan
10-Aug-25 1:58:00 AM AEST,nan,nan,17.3,nan,nan,nan,nan,0.01,1.20,0.10,55.30,nan
10-Aug-25 1:59:00 AM AEST,nan,94.2,nan,nan,nan,nan,nan,0.00,0.00,0.00,0.00,nan
10-Aug-25 2:01:00 AM AEST,18.2,94.0,nan,nan,nan,nan,nan,0.01,1.20,0.10,55.30,nan
10-Aug-25 2:02:00 AM AEST,nan,94.2,17.2,nan,nan,nan,nan,0.00,0.00,0.00,0.00,nan
10-Aug-25 2:02:04 AM AEST,18.3,nan,nan,nan,nan,nan,nan,nan,nan,nan,nan,nan
10-Aug-25 2:03:00 AM AEST,nan,94.0,17.3,nan,nan,nan,nan,nan,nan,nan,nan,nan
10-Aug-25 2:03:08 AM AEST,18.2,nan,nan,nan,nan,nan,nan,nan,nan,nan,nan,nan
10-Aug-25 2:04:00 AM AEST,nan,nan,nan,nan,nan,nan,nan,0.01,1.20,0.10,54.90,nan
10-Aug-25 2:05:00 AM AEST,nan,94.2,17.2,nan,nan,nan,nan,0.00,0.00,0.00,0.00,nan
10-Aug-25 2:06:00 AM AEST,nan,nan,nan,nan,nan,nan,nan,0.01,1.20,0.10,56.30,nan
10-Aug-25 2:07:00 AM AEST,nan,nan,nan,nan,nan,nan,nan,0.00,0.00,0.00,0.00,nan
10-Aug-25 2:09:00 AM AEST,nan,nan,nan,nan,nan,nan,nan,0.01,1.20,0.10,55.30,nan
10-Aug-25 2:10:00 AM AEST,nan,94.3,nan,nan,nan,nan,nan,0.00,nan,0.00,0.00,nan
10-Aug-25 2:11:00 AM AEST,nan,94.0,nan,nan,nan,nan,nan,0.01,nan,0.10,56.30,nan
10-Aug-25 2:12:00 AM AEST,18.1,94.2,nan,nan,nan,nan,nan,0.00,0.00,0.00,0.00,nan
10-Aug-25 2:14:00 AM AEST,nan,94.0,nan,nan,nan,nan,nan,nan,nan,nan,nan,nan
10-Aug-25 2:15:00 AM AEST,nan,94.2,nan,nan,nan,nan,nan,nan,nan,nan,nan,nan
10-Aug-25 2:16:00 AM AEST,nan,nan,17.1,nan,nan,nan,nan,nan,nan,nan,nan,nan
10-Aug-25 2:17:00 AM AEST,nan,94.0,nan,nan,nan,nan,nan,0.01,1.20,0.10,55.30,nan
10-Aug-25 2:18:00 AM AEST,nan,94.2,nan,nan,nan,nan,nan,0.00,0.00,0.00,0.00,nan
10-Aug-25 2:19:00 AM AEST,nan,94.3,nan,nan,nan,nan,nan,0.01,1.20,0.10,56.30,nan
10-Aug-25 2:20:00 AM AEST,18.0,94.2,nan,nan,nan,nan,nan,nan,nan,nan,55.30,nan
10-Aug-25 2:21:00 AM AEST,nan,nan,nan,nan,nan,nan,nan,0.00,0.00,0.00,0.00,nan
10-Aug-25 2:22:00 AM AEST,nan,94.3,17.0,nan,nan,nan,nan,nan,nan,nan,nan,0.80
10-Aug-25 2:23:00 AM AEST,nan,nan,17.1,nan,nan,nan,nan,0.01,1.20,0.10,55.30,0.00
10-Aug-25 2:24:00 AM AEST,18.1,nan,nan,nan,nan,nan,nan,0.00,0.00,0.00,0.00,nan
10-Aug-25 2:25:00 AM AEST,nan,nan,nan,nan,nan,nan,nan,0.01,1.20,0.10,55.30,nan
10-Aug-25 2:26:00 AM AEST,nan,94.5,17.2,nan,nan,nan,nan,0.00,0.00,0.00,0.00,nan
10-Aug-25 2:27:00 AM AEST,nan,94.2,nan,nan,nan,nan,nan,nan,nan,nan,nan,nan
10-Aug-25 2:28:00 AM AEST,nan,94.3,17.1,nan,nan,nan,nan,0.01,1.20,0.10,55.30,nan
10-Aug-25 2:29:00 AM AEST,nan,nan,17.2,nan,nan,nan,nan,0.00,0.00,0.00,0.00,nan
10-Aug-25 2:30:00 AM AEST,nan,nan,nan,nan,nan,nan,nan,0.01,1.20,0.10,56.30,nan
10-Aug-25 2:31:00 AM AEST,nan,nan,nan,nan,nan,nan,nan,0.00,nan,0.00,0.00,nan
10-Aug-25 2:32:00 AM AEST,nan,94.5,nan,nan,nan,nan,nan,0.01,nan,0.10,55.30,nan
10-Aug-25 2:33:00 AM AEST,nan,94.3,nan,nan,nan,nan,nan,0.00,0.00,0.00,0.00,nan
10-Aug-25 2:34:00 AM AEST,nan,94.5,nan,nan,nan,nan,nan,0.01,1.20,0.10,56.30,nan
10-Aug-25 2:35:00 AM AEST,nan,nan,nan,nan,nan,nan,nan,nan,nan,nan,55.30,nan
10-Aug-25 2:36:00 AM AEST,18.2,nan,nan,nan,nan,nan,nan,nan,nan,nan,nan,nan
10-Aug-25 2:37:00 AM AEST,nan,94.7,17.3,nan,nan,nan,nan,nan,nan,nan,nan,nan
10-Aug-25 2:39:00 AM AEST,nan,nan,nan,nan,nan,nan,nan,0.00,0.00,0.00,0.00,nan
10-Aug-25 2:41:00 AM AEST,nan,nan,nan,nan,nan,nan,nan,0.01,1.20,0.10,56.30,nan
10-Aug-25 2:42:00 AM AEST,nan,nan,nan,nan,nan,nan,nan,0.00,0.00,0.00,0.00,nan
10-Aug-25 2:43:00 AM AEST,nan,94.8,17.4,nan,nan,nan,nan,nan,nan,nan,nan,nan
10-Aug-25 2:44:00 AM AEST,nan,94.7,nan,nan,nan,nan,nan,0.01,1.20,0.10,55.30,nan
10-Aug-25 2:45:00 AM AEST,18.3,94.8,17.3,nan,nan,nan,nan,0.02,nan,0.20,56.60,nan
10-Aug-25 2:46:00 AM AEST,nan,nan,17.4,nan,nan,nan,nan,0.01,nan,0.10,56.30,nan
10-Aug-25 2:47:00 AM AEST,nan,nan,nan,nan,nan,nan,nan,0.00,0.00,0.00,0.00,nan
10-Aug-25 2:48:00 AM AEST,nan,95.0,17.5,nan,nan,nan,nan,nan,nan,nan,nan,nan
10-Aug-25 2:49:00 AM AEST,nan,94.8,nan,nan,nan,nan,nan,nan,nan,nan,nan,nan
10-Aug-25 2:50:00 AM AEST,nan,95.0,nan,nan,nan,nan,nan,nan,nan,nan,nan,nan
10-Aug-25 2:51:00 AM AEST,18.4,nan,nan,nan,nan,nan,nan,nan,nan,nan,nan,nan
10-Aug-25 2:52:00 AM AEST,nan,nan,17.6,nan,nan,nan,nan,nan,nan,nan,nan,nan
10-Aug-25 2:53:00 AM AEST,nan,95.2,nan,nan,nan,nan,nan,nan,nan,nan,nan,nan
10-Aug-25 2:54:00 AM AEST,nan,95.0,nan,nan,nan,nan,nan,0.01,1.20,0.10,55.30,nan
10-Aug-25 2:55:00 AM AEST,nan,95.2,nan,nan,nan,nan,nan,0.00,0.00,0.00,0.00,nan
10-Aug-25 2:57:00 AM AEST,18.5,nan,nan,nan,nan,nan,nan,nan,nan,nan,nan,nan
10-Aug-25 2:58:00 AM AEST,nan,nan,17.7,nan,nan,nan,nan,nan,nan,nan,nan,nan
10-Aug-25 3:00:00 AM AEST,nan,nan,nan,nan,nan,65.53,nan,nan,nan,nan,nan,nan
10-Aug-25 3:03:00 AM AEST,nan,95.3,nan,nan,nan,nan,nan,nan,nan,nan,nan,nan
10-Aug-25 3:04:00 AM AEST,18.6,nan,17.8,nan,nan,nan,nan,0.06,2.40,0.60,55.50,nan
10-Aug-25 3:05:00 AM AEST,nan,95.2,nan,nan,nan,nan,55.90,0.19,nan,1.90,55.90,nan
10-Aug-25 3:06:00 AM AEST,nan,95.3,nan,nan,nan,nan,55.70,0.13,nan,1.30,55.80,nan
10-Aug-25 3:07:00 AM AEST,nan,95.2,nan,nan,nan,nan,nan,0.11,nan,1.10,55.60,nan
10-Aug-25 3:08:00 AM AEST,nan,95.3,nan,nan,nan,nan,nan,0.00,0.00,0.00,0.00,nan
10-Aug-25 3:09:00 AM AEST,nan,95.2,nan,nan,nan,nan,nan,nan,nan,nan,nan,nan
10-Aug-25 3:11:00 AM AEST,18.7,95.3,nan,nan,nan,nan,nan,nan,nan,nan,nan,nan
10-Aug-25 3:12:00 AM AEST,nan,nan,17.9,nan,nan,nan,nan,nan,nan,nan,nan,nan
10-Aug-25 3:13:00 AM AEST,nan,nan,nan,nan,nan,nan,nan,0.01,1.20,0.10,55.30,nan
10-Aug-25 3:14:00 AM AEST,nan,nan,nan,nan,nan,nan,nan,0.00,0.00,0.00,0.00,nan
10-Aug-25 3:15:00 AM AEST,nan,nan,nan,nan,nan,nan,nan,0.04,1.20,0.40,55.70,nan
10-Aug-25 3:16:00 AM AEST,18.8,nan,nan,nan,nan,nan,nan,0.02,nan,0.20,56.10,nan
10-Aug-25 3:17:00 AM AEST,nan,95.5,18.0,nan,nan,nan,nan,0.04,nan,0.40,55.70,nan
10-Aug-25 3:18:00 AM AEST,nan,nan,nan,nan,nan,nan,nan,0.02,nan,0.20,56.10,nan
10-Aug-25 3:19:00 AM AEST,18.9,nan,18.1,nan,nan,nan,nan,0.18,4.70,1.80,55.90,nan
10-Aug-25 3:20:00 AM AEST,nan,nan,nan,nan,nan,nan,nan,0.46,7.10,4.60,55.80,nan
10-Aug-25 3:21:00 AM AEST,19.0,nan,18.2,nan,nan,nan,38.60,0.53,nan,4.70,39.90,nan
10-Aug-25 3:22:00 AM AEST,nan,95.7,nan,nan,nan,nan,341.30,0.46,nan,4.60,341.60,nan
10-Aug-25 3:23:00 AM AEST,19.1,95.5,18.3,nan,nan,nan,338.60,0.12,3.50,1.20,338.70,nan
10-Aug-25 3:24:00 AM AEST,nan,95.7,18.4,nan,nan,nan,nan,0.00,0.00,0.00,0.00,nan
10-Aug-25 3:25:00 AM AEST,nan,95.5,nan,nan,nan,nan,338.50,0.01,1.20,0.10,338.20,nan
10-Aug-25 3:26:00 AM AEST,19.2,95.7,nan,nan,nan,nan,338.60,0.00,0.00,0.00,0.00,nan
10-Aug-25 3:27:00 AM AEST,nan,95.5,18.5,nan,nan,nan,338.50,0.02,1.20,0.20,338.80,nan
10-Aug-25 3:28:00 AM AEST,nan,nan,18.4,nan,nan,nan,nan,0.00,0.00,0.00,0.00,nan
10-Aug-25 3:29:00 AM AEST,nan,nan,18.5,nan,nan,nan,nan,nan,nan,nan,nan,nan
10-Aug-25 3:30:00 AM AEST,nan,nan,18.4,nan,nan,nan,nan,nan,nan,nan,nan,nan
10-Aug-25 3:31:00 AM AEST,nan,95.3,nan,nan,nan,nan,338.60,0.01,1.20,0.10,338.20,nan
10-Aug-25 3:32:00 AM AEST,nan,nan,nan,nan,nan,nan,338.50,0.00,0.00,0.00,0.00,nan
10-Aug-25 3:34:00 AM AEST,nan,95.2,nan,nan,nan,nan,nan,nan,nan,nan,nan,nan
10-Aug-25 3:36:00 AM AEST,nan,nan,nan,nan,nan,nan,338.60,nan,nan,nan,nan,nan
10-Aug-25 3:37:00 AM AEST,nan,95.0,nan,nan,nan,nan,338.50,nan,nan,nan,nan,0.80
10-Aug-25 3:38:00 AM AEST,nan,95.2,nan,nan,nan,nan,nan,nan,nan,nan,nan,0.00
10-Aug-25 3:39:00 AM AEST,nan,95.0,nan,nan,nan,nan,nan,0.01,1.20,0.10,338.20,nan
10-Aug-25 3:40:00 AM AEST,nan,nan,nan,nan,nan,nan,nan,nan,nan,nan,338.80,nan
10-Aug-25 3:41:00 AM AEST,nan,nan,nan,nan,nan,nan,nan,nan,nan,nan,338.20,nan
10-Aug-25 3:42:00 AM AEST,19.3,nan,nan,nan,nan,nan,nan,0.04,nan,0.40,338.70,nan
10-Aug-25 3:43:00 AM AEST,nan,nan,nan,nan,nan,nan,nan,0.09,2.40,0.90,338.40,nan
10-Aug-25 3:44:00 AM AEST,nan,nan,18.5,nan,nan,nan,nan,0.00,0.00,0.00,0.00,nan
10-Aug-25 3:45:00 AM AEST,nan,nan,nan,nan,nan,nan,nan,0.07,1.20,0.70,338.60,nan
10-Aug-25 3:46:00 AM AEST,19.4,94.8,nan,nan,nan,nan,nan,0.09,2.40,0.90,nan,nan
10-Aug-25 3:47:00 AM AEST,nan,95.0,nan,nan,nan,nan,nan,0.26,3.50,2.60,338.40,nan
10-Aug-25 3:48:00 AM AEST,nan,94.8,nan,nan,nan,nan,nan,0.18,2.40,1.80,338.50,nan
10-Aug-25 3:49:00 AM AEST,nan,nan,nan,nan,nan,nan,nan,0.21,3.50,2.10,338.40,nan
10-Aug-25 3:50:00 AM AEST,nan,94.7,nan,nan,nan,nan,nan,0.14,2.40,1.40,338.60,nan
10-Aug-25 3:51:00 AM AEST,nan,nan,nan,nan,nan,nan,nan,0.13,nan,1.30,338.50,nan
10-Aug-25 3:52:00 AM AEST,19.3,94.5,nan,nan,nan,nan,nan,0.01,1.20,0.10,338.20,nan
10-Aug-25 3:53:00 AM AEST,nan,nan,18.4,nan,nan,nan,338.60,0.06,nan,0.60,338.80,nan
10-Aug-25 3:53:04 AM AEST,19.4,nan,nan,nan,nan,nan,nan,nan,nan,nan,nan,nan
10-Aug-25 3:54:00 AM AEST,nan,nan,18.5,nan,nan,nan,338.50,0.05,nan,0.50,nan,nan
10-Aug-25 3:55:00 AM AEST,nan,nan,nan,nan,nan,nan,nan,0.00,0.00,0.00,0.00,nan
10-Aug-25 3:56:00 AM AEST,nan,94.3,nan,nan,nan,nan,nan,nan,nan,nan,nan,nan
10-Aug-25 3:58:00 AM AEST,nan,nan,18.4,nan,nan,nan,338.60,nan,nan,nan,nan,nan
10-Aug-25 3:59:00 AM AEST,nan,nan,nan,nan,nan,nan,338.50,nan,nan,nan,nan,nan
10-Aug-25 4:00:00 AM AEST,nan,94.2,18.5,nan,nan,nan,nan,nan,nan,nan,nan,nan
10-Aug-25 4:01:00 AM AEST,nan,nan,18.4,nan,nan,nan,338.60,nan,nan,nan,nan,nan
10-Aug-25 4:02:00 AM AEST,nan,94.3,nan,nan,nan,nan,338.50,nan,nan,nan,nan,nan
10-Aug-25 4:03:00 AM AEST,nan,94.2,nan,nan,nan,nan,nan,nan,nan,nan,nan,nan
10-Aug-25 4:05:00 AM AEST,nan,nan,nan,nan,nan,nan,338.60,nan,nan,nan,nan,nan
10-Aug-25 4:06:00 AM AEST,nan,94.3,nan,nan,nan,nan,338.50,nan,nan,nan,nan,nan
10-Aug-25 4:07:00 AM AEST,nan,94.2,18.5,nan,nan,nan,nan,nan,nan,nan,nan,nan
10-Aug-25 4:08:00 AM AEST,nan,nan,18.4,nan,nan,nan,nan,nan,nan,nan,nan,nan
10-Aug-25 4:10:00 AM AEST,nan,nan,nan,nan,nan,nan,338.60,nan,nan,nan,nan,nan
10-Aug-25 4:11:00 AM AEST,nan,nan,nan,nan,nan,nan,338.50,nan,nan,nan,nan,nan
10-Aug-25 4:12:00 AM AEST,nan,94.0,nan,nan,nan,nan,338.60,nan,nan,nan,nan,nan
10-Aug-25 4:13:00 AM AEST,nan,94.2,nan,nan,nan,nan,338.50,nan,nan,nan,nan,0.80
10-Aug-25 4:14:00 AM AEST,nan,nan,nan,nan,nan,nan,nan,nan,nan,nan,nan,0.00
10-Aug-25 4:15:00 AM AEST,nan,94.0,nan,nan,nan,nan,338.60,nan,nan,nan,nan,nan
10-Aug-25 4:16:00 AM AEST,nan,94.2,nan,nan,nan,nan,338.50,nan,nan,nan,nan,nan
10-Aug-25 4:17:00 AM AEST,nan,nan,nan,nan,nan,nan,338.60,nan,nan,nan,nan,nan
10-Aug-25 4:18:00 AM AEST,nan,94.0,nan,nan,nan,nan,338.50,nan,nan,nan,nan,nan
10-Aug-25 4:19:00 AM AEST,19.3,94.2,nan,nan,nan,nan,nan,nan,nan,nan,nan,nan
10-Aug-25 4:20:00 AM AEST,nan,94.0,nan,nan,nan,nan,nan,nan,nan,nan,nan,nan
10-Aug-25 4:21:00 AM AEST,19.4,nan,18.3,nan,nan,nan,nan,nan,nan,nan,nan,nan
10-Aug-25 4:22:00 AM AEST,nan,94.2,18.4,nan,nan,nan,338.60,nan,nan,nan,nan,nan
10-Aug-25 4:22:04 AM AEST,19.3,nan,nan,nan,nan,nan,nan,nan,nan,nan,nan,nan
10-Aug-25 4:23:00 AM AEST,nan,94.0,nan,nan,nan,nan,338.50,nan,nan,nan,nan,nan
10-Aug-25 4:24:00 AM AEST,19.4,94.2,18.3,nan,nan,nan,nan,nan,nan,nan,nan,nan
10-Aug-25 4:25:00 AM AEST,nan,nan,18.4,nan,nan,nan,338.60,0.01,1.20,0.10,338.20,nan
10-Aug-25 4:25:04 AM AEST,19.3,nan,nan,nan,nan,nan,nan,nan,nan,nan,nan,nan
10-Aug-25 4:26:00 AM AEST,nan,94.3,nan,nan,nan,nan,338.50,0.17,3.50,1.70,338.50,nan
10-Aug-25 4:26:08 AM AEST,19.4,nan,nan,nan,nan,nan,nan,nan,nan,nan,nan,nan
10-Aug-25 4:27:00 AM AEST,nan,94.2,nan,nan,nan,nan,338.60,0.01,1.20,0.10,338.20,nan
10-Aug-25 4:27:12 AM AEST,19.3,nan,nan,nan,nan,nan,nan,nan,nan,nan,nan,nan
10-Aug-25 4:28:00 AM AEST,nan,nan,nan,nan,nan,nan,338.50,0.00,0.00,0.00,0.00,nan
10-Aug-25 4:28:16 AM AEST,19.4,nan,nan,nan,nan,nan,nan,nan,nan,nan,nan,nan
10-Aug-25 4:28:16 AM AEST,19.3,nan,nan,nan,nan,nan,nan,nan,nan,nan,nan,nan
10-Aug-25 4:29:00 AM AEST,nan,94.3,nan,nan,nan,nan,338.60,nan,nan,nan,nan,nan
10-Aug-25 4:30:00 AM AEST,19.4,94.2,nan,nan,nan,nan,338.50,nan,nan,nan,nan,nan
10-Aug-25 4:31:00 AM AEST,nan,94.3,nan,nan,nan,nan,338.60,nan,nan,nan,nan,nan
10-Aug-25 4:31:04 AM AEST,19.3,nan,nan,nan,nan,nan,nan,nan,nan,nan,nan,nan
10-Aug-25 4:32:08 AM AEST,19.4,nan,nan,nan,nan,nan,nan,nan,nan,nan,nan,nan
10-Aug-25 4:33:00 AM AEST,nan,94.2,nan,nan,nan,nan,338.50,nan,nan,nan,nan,nan
10-Aug-25 4:34:00 AM AEST,nan,94.3,nan,nan,nan,nan,338.60,nan,nan,nan,nan,nan
10-Aug-25 4:38:00 AM AEST,19.3,nan,nan,nan,nan,nan,338.50,0.18,3.50,1.80,338.40,nan
10-Aug-25 4:39:00 AM AEST,nan,94.2,nan,nan,nan,nan,338.60,0.24,nan,2.40,338.60,nan
10-Aug-25 4:40:00 AM AEST,nan,94.3,nan,nan,nan,nan,nan,0.31,nan,3.10,nan,nan
10-Aug-25 4:41:00 AM AEST,nan,94.2,nan,nan,nan,nan,nan,0.36,4.70,3.50,nan,nan
10-Aug-25 4:42:00 AM AEST,nan,nan,18.3,nan,nan,nan,nan,0.33,3.50,3.30,nan,nan
10-Aug-25 4:43:00 AM AEST,nan,94.3,nan,nan,nan,nan,nan,nan,nan,nan,nan,nan
10-Aug-25 4:44:00 AM AEST,nan,nan,18.4,nan,nan,nan,338.70,nan,4.70,nan,338.70,nan
10-Aug-25 4:45:00 AM AEST,nan,94.2,18.3,nan,nan,nan,338.80,0.25,3.50,2.50,338.80,nan
10-Aug-25 4:46:00 AM AEST,nan,94.3,nan,nan,nan,nan,nan,0.22,nan,2.20,nan,nan
10-Aug-25 4:47:00 AM AEST,nan,94.2,nan,nan,nan,nan,nan,0.17,2.40,1.70,338.70,nan
10-Aug-25 4:48:00 AM AEST,nan,94.3,nan,nan,nan,nan,338.70,0.12,nan,1.20,338.80,nan
10-Aug-25 4:49:00 AM AEST,19.2,nan,nan,nan,nan,nan,nan,0.04,1.20,0.40,nan,nan
10-Aug-25 4:50:00 AM AEST,nan,nan,nan,nan,nan,nan,338.80,nan,nan,nan,nan,0.80
10-Aug-25 4:50:04 AM AEST,19.3,nan,nan,nan,nan,nan,nan,nan,nan,nan,nan,nan
10-Aug-25 4:51:00 AM AEST,nan,nan,nan,nan,nan,nan,338.70,0.01,nan,0.10,nan,0.00
10-Aug-25 4:51:08 AM AEST,19.2,nan,nan,nan,nan,nan,nan,nan,nan,nan,nan,nan
10-Aug-25 4:52:00 AM AEST,nan,94.5,nan,nan,nan,nan,nan,nan,nan,nan,338.20,nan
10-Aug-25 4:52:12 AM AEST,19.3,nan,nan,nan,nan,nan,nan,nan,nan,nan,nan,nan
10-Aug-25 4:52:12 AM AEST,19.2,nan,nan,nan,nan,nan,nan,nan,nan,nan,nan,nan
10-Aug-25 4:53:00 AM AEST,nan,nan,18.4,nan,nan,nan,nan,0.02,nan,0.20,338.60,nan
10-Aug-25 4:54:00 AM AEST,19.3,nan,18.3,nan,nan,nan,nan,0.01,nan,0.10,338.20,nan
10-Aug-25 4:55:00 AM AEST,nan,nan,18.4,nan,nan,nan,338.80,nan,nan,nan,nan,nan
10-Aug-25 4:56:00 AM AEST,nan,nan,nan,nan,nan,nan,338.70,0.00,0.00,0.00,0.00,nan
10-Aug-25 4:57:00 AM AEST,19.2,nan,nan,nan,nan,nan,338.80,nan,nan,nan,nan,nan
10-Aug-25 4:58:00 AM AEST,nan,nan,18.3,nan,nan,nan,338.70,nan,nan,nan,nan,nan
10-Aug-25 5:00:00 AM AEST,nan,94.7,nan,nan,nan,65.53,338.80,nan,nan,nan,nan,nan
10-Aug-25 5:01:00 AM AEST,nan,94.5,18.4,nan,nan,nan,338.70,nan,nan,nan,nan,nan
10-Aug-25 5:02:00 AM AEST,nan,94.7,18.3,nan,nan,nan,nan,nan,nan,nan,nan,nan
10-Aug-25 5:03:00 AM AEST,nan,94.5,18.4,nan,nan,nan,338.90,nan,nan,nan,nan,nan
10-Aug-25 5:04:00 AM AEST,nan,94.7,18.3,nan,nan,nan,338.70,nan,nan,nan,nan,nan
10-Aug-25 5:05:00 AM AEST,nan,94.5,nan,nan,nan,nan,338.80,0.07,2.40,0.60,339.20,nan
10-Aug-25 5:06:00 AM AEST,nan,94.7,nan,nan,nan,nan,338.70,0.10,3.50,1.00,338.60,nan
10-Aug-25 5:07:00 AM AEST,nan,nan,18.4,nan,nan,nan,338.80,0.19,nan,1.90,338.90,nan
10-Aug-25 5:08:00 AM AEST,nan,nan,18.3,nan,nan,nan,nan,0.08,1.20,0.80,338.80,nan
10-Aug-25 5:09:00 AM AEST,nan,nan,nan,nan,nan,nan,nan,0.07,nan,0.60,nan,nan
10-Aug-25 5:10:00 AM AEST,nan,nan,nan,nan,nan,nan,338.70,0.00,0.00,0.00,0.00,nan
10-Aug-25 5:11:00 AM AEST,nan,nan,nan,nan,nan,nan,338.80,nan,nan,nan,nan,nan
10-Aug-25 5:12:00 AM AEST,nan,94.8,nan,nan,nan,nan,338.70,nan,nan,nan,nan,nan
10-Aug-25 5:13:00 AM AEST,nan,94.7,18.4,nan,nan,nan,338.80,nan,nan,nan,nan,nan
10-Aug-25 5:14:00 AM AEST,19.3,94.8,18.3,nan,nan,nan,338.70,nan,nan,nan,nan,nan
10-Aug-25 5:15:00 AM AEST,nan,94.7,18.4,nan,nan,nan,338.80,nan,nan,nan,nan,nan
10-Aug-25 5:15:04 AM AEST,19.2,nan,nan,nan,nan,nan,nan,nan,nan,nan,nan,nan
10-Aug-25 5:16:00 AM AEST,nan,94.8,nan,nan,nan,nan,338.70,nan,nan,nan,nan,nan
10-Aug-25 5:17:00 AM AEST,nan,94.7,nan,nan,nan,nan,nan,nan,nan,nan,nan,nan
10-Aug-25 5:18:00 AM AEST,nan,94.8,nan,nan,nan,nan,nan,nan,nan,nan,nan,nan
10-Aug-25 5:19:00 AM AEST,19.3,94.7,nan,nan,nan,nan,338.80,nan,nan,nan,nan,nan
10-Aug-25 5:20:00 AM AEST,nan,94.8,nan,nan,nan,nan,338.70,nan,nan,nan,nan,nan
10-Aug-25 5:20:04 AM AEST,19.2,nan,nan,nan,nan,nan,nan,nan,nan,nan,nan,nan
10-Aug-25 5:22:00 AM AEST,nan,95.0,nan,nan,nan,nan,338.80,0.05,1.20,0.50,338.80,nan
10-Aug-25 5:23:00 AM AEST,nan,94.8,nan,nan,nan,nan,338.70,0.00,0.00,0.00,0.00,nan
10-Aug-25 5:24:00 AM AEST,nan,95.0,nan,nan,nan,nan,338.80,nan,nan,nan,nan,nan
10-Aug-25 5:25:00 AM AEST,nan,nan,nan,nan,nan,nan,338.70,0.01,1.20,0.10,338.20,0.80
10-Aug-25 5:26:00 AM AEST,nan,nan,nan,nan,nan,nan,nan,0.00,0.00,0.00,0.00,0.00
10-Aug-25 5:27:00 AM AEST,nan,nan,nan,nan,nan,nan,338.80,nan,nan,nan,nan,nan
10-Aug-25 5:28:00 AM AEST,19.3,95.2,nan,nan,nan,nan,338.70,nan,nan,nan,nan,nan
10-Aug-25 5:29:00 AM AEST,nan,95.0,18.5,nan,nan,nan,338.80,nan,nan,nan,nan,nan
10-Aug-25 5:29:04 AM AEST,19.2,nan,nan,nan,nan,nan,nan,nan,nan,nan,nan,nan
10-Aug-25 5:30:00 AM AEST,nan,95.2,18.4,nan,nan,nan,338.70,nan,nan,nan,nan,nan
10-Aug-25 5:30:08 AM AEST,19.3,nan,nan,nan,nan,nan,nan,nan,nan,nan,nan,nan
10-Aug-25 5:31:00 AM AEST,nan,nan,18.5,nan,nan,nan,338.80,nan,nan,nan,nan,nan
10-Aug-25 5:33:00 AM AEST,19.2,95.0,nan,nan,nan,nan,nan,nan,nan,nan,nan,nan
10-Aug-25 5:34:00 AM AEST,nan,95.2,18.4,nan,nan,nan,338.70,nan,nan,nan,nan,nan
10-Aug-25 5:34:04 AM AEST,19.3,nan,nan,nan,nan,nan,nan,nan,nan,nan,nan,nan
10-Aug-25 5:35:00 AM AEST,nan,nan,18.5,nan,nan,nan,338.90,nan,nan,nan,nan,nan
10-Aug-25 5:35:08 AM AEST,19.2,nan,nan,nan,nan,nan,nan,nan,nan,nan,nan,nan
10-Aug-25 5:36:00 AM AEST,nan,nan,18.4,nan,nan,nan,338.70,nan,nan,nan,nan,nan
10-Aug-25 5:37:00 AM AEST,19.3,nan,nan,nan,nan,nan,338.80,0.16,2.40,1.60,338.90,nan
10-Aug-25 5:38:00 AM AEST,nan,nan,18.5,nan,nan,nan,nan,0.22,3.50,2.20,338.80,nan
10-Aug-25 5:38:04 AM AEST,19.2,nan,nan,nan,nan,nan,nan,nan,nan,nan,nan,nan
10-Aug-25 5:39:00 AM AEST,nan,nan,18.4,nan,nan,nan,nan,0.24,nan,2.40,338.90,nan
10-Aug-25 5:40:00 AM AEST,nan,nan,nan,nan,nan,nan,338.70,0.18,2.40,1.80,338.80,nan
10-Aug-25 5:41:00 AM AEST,nan,nan,nan,nan,nan,nan,338.80,0.05,1.20,0.50,nan,nan
10-Aug-25 5:42:00 AM AEST,19.3,95.0,nan,nan,nan,nan,338.70,0.01,nan,0.10,338.20,nan
10-Aug-25 5:43:00 AM AEST,nan,95.3,nan,nan,nan,nan,nan,0.00,0.00,0.00,0.00,nan
10-Aug-25 5:44:00 AM AEST,nan,95.2,18.5,nan,nan,nan,338.80,nan,nan,nan,nan,nan
10-Aug-25 5:45:00 AM AEST,19.2,nan,nan,nan,nan,nan,338.70,nan,nan,nan,nan,nan
10-Aug-25 5:46:00 AM AEST,nan,nan,18.4,nan,nan,nan,nan,nan,nan,nan,nan,nan
10-Aug-25 5:47:00 AM AEST,nan,95.3,nan,nan,nan,nan,338.80,nan,nan,nan,nan,nan
10-Aug-25 5:48:00 AM AEST,19.3,95.2,18.5,nan,nan,nan,338.70,nan,nan,nan,nan,nan
10-Aug-25 5:49:04 AM AEST,19.2,nan,nan,nan,nan,nan,nan,nan,nan,nan,nan,nan
10-Aug-25 5:50:00 AM AEST,nan,95.3,18.4,nan,nan,nan,338.80,nan,nan,nan,nan,nan
10-Aug-25 5:50:08 AM AEST,19.3,nan,nan,nan,nan,nan,nan,nan,nan,nan,nan,nan
10-Aug-25 5:51:00 AM AEST,nan,95.2,18.5,nan,nan,nan,338.70,nan,nan,nan,nan,nan
10-Aug-25 5:52:00 AM AEST,19.2,95.3,nan,nan,nan,nan,338.80,nan,nan,nan,nan,nan
10-Aug-25 5:53:00 AM AEST,nan,95.2,nan,nan,nan,nan,nan,nan,nan,nan,nan,nan
10-Aug-25 5:54:00 AM AEST,19.3,95.3,18.4,nan,nan,nan,338.70,nan,nan,nan,nan,nan
10-Aug-25 5:55:00 AM AEST,nan,95.5,18.5,nan,nan,nan,338.80,nan,nan,nan,nan,nan
10-Aug-25 5:55:04 AM AEST,19.2,nan,nan,nan,nan,nan,nan,nan,nan,nan,nan,nan
10-Aug-25 5:56:00 AM AEST,nan,95.3,nan,nan,nan,nan,338.70,nan,nan,nan,nan,nan
10-Aug-25 5:57:00 AM AEST,nan,95.5,nan,nan,nan,nan,338.80,nan,nan,nan,nan,nan
10-Aug-25 5:58:00 AM AEST,19.3,95.3,nan,nan,nan,nan,338.70,nan,nan,nan,nan,nan
10-Aug-25 5:59:00 AM AEST,nan,95.5,nan,nan,nan,nan,338.80,nan,nan,nan,nan,nan
10-Aug-25 5:59:04 AM AEST,19.2,nan,nan,nan,nan,nan,nan,nan,nan,nan,nan,nan
10-Aug-25 6:00:00 AM AEST,nan,nan,nan,nan,nan,nan,338.70,nan,nan,nan,nan,nan
10-Aug-25 6:00:04 AM AEST,nan,nan,nan,nan,nan,0.02,nan,nan,nan,nan,nan,nan
10-Aug-25 6:00:08 AM AEST,19.3,nan,nan,nan,nan,nan,nan,nan,nan,nan,nan,nan
10-Aug-25 6:01:12 AM AEST,19.2,nan,nan,nan,nan,nan,nan,nan,nan,nan,nan,nan
10-Aug-25 6:02:00 AM AEST,nan,nan,nan,nan,nan,nan,338.80,nan,nan,nan,nan,0.80
10-Aug-25 6:03:00 AM AEST,nan,nan,nan,nan,nan,nan,338.70,nan,nan,nan,nan,0.00
10-Aug-25 6:04:00 AM AEST,19.3,95.7,nan,nan,nan,nan,nan,nan,nan,nan,nan,nan
10-Aug-25 6:05:00 AM AEST,nan,95.5,18.6,nan,nan,nan,338.80,nan,nan,nan,nan,nan
10-Aug-25 6:05:04 AM AEST,19.2,nan,nan,nan,nan,nan,nan,nan,nan,nan,nan,nan
10-Aug-25 6:06:00 AM AEST,nan,nan,18.5,nan,nan,nan,nan,nan,nan,nan,nan,nan
10-Aug-25 6:06:08 AM AEST,19.3,nan,nan,nan,nan,nan,nan,nan,nan,nan,nan,nan
10-Aug-25 6:07:00 AM AEST,nan,nan,18.6,nan,nan,nan,nan,nan,nan,nan,nan,nan
10-Aug-25 6:07:12 AM AEST,19.2,nan,nan,nan,nan,nan,nan,nan,nan,nan,nan,nan
10-Aug-25 6:08:00 AM AEST,nan,nan,18.5,nan,nan,nan,nan,nan,nan,nan,nan,nan
10-Aug-25 6:11:00 AM AEST,19.3,nan,nan,nan,nan,nan,338.70,nan,nan,nan,nan,nan
10-Aug-25 6:12:00 AM AEST,nan,nan,nan,nan,nan,nan,338.80,nan,nan,nan,nan,nan
10-Aug-25 6:14:00 AM AEST,nan,nan,nan,nan,nan,nan,338.70,0.03,1.20,0.30,338.70,nan
10-Aug-25 6:15:00 AM AEST,nan,nan,18.6,nan,nan,nan,338.80,0.18,2.40,1.80,338.90,nan
10-Aug-25 6:16:00 AM AEST,nan,95.7,nan,nan,nan,nan,nan,0.38,5.90,3.80,338.80,nan
10-Aug-25 6:17:00 AM AEST,nan,95.5,nan,nan,nan,nan,338.70,0.27,3.50,2.70,338.70,nan
10-Aug-25 6:18:00 AM AEST,nan,95.7,nan,nan,nan,nan,338.80,0.33,4.70,3.30,338.80,nan
10-Aug-25 6:19:00 AM AEST,nan,nan,nan,nan,nan,nan,338.70,0.14,2.40,1.40,338.70,nan
10-Aug-25 6:20:00 AM AEST,nan,95.5,nan,nan,nan,nan,339.20,0.29,5.90,2.90,339.50,nan
10-Aug-25 6:21:00 AM AEST,nan,95.7,nan,nan,nan,nan,339.50,0.08,3.50,0.80,339.40,nan
10-Aug-25 6:22:00 AM AEST,nan,nan,nan,nan,nan,nan,nan,0.05,2.40,0.50,339.60,nan
10-Aug-25 6:23:00 AM AEST,nan,nan,nan,nan,nan,nan,341.00,0.19,3.50,1.90,341.50,nan
10-Aug-25 6:24:00 AM AEST,nan,nan,nan,nan,nan,nan,344.90,0.24,nan,2.40,345.00,nan
10-Aug-25 6:25:00 AM AEST,nan,nan,nan,nan,nan,nan,344.80,0.07,1.20,0.60,344.70,nan
10-Aug-25 6:26:00 AM AEST,19.4,nan,nan,nan,nan,nan,344.90,0.12,2.40,1.20,345.00,nan
10-Aug-25 6:27:00 AM AEST,nan,nan,18.7,nan,nan,nan,345.40,0.23,4.70,2.30,346.00,nan
10-Aug-25 6:27:04 AM AEST,19.3,nan,nan,nan,nan,nan,nan,nan,nan,nan,nan,nan
10-Aug-25 6:28:00 AM AEST,nan,nan,18.6,nan,nan,nan,2.60,0.28,nan,2.80,2.70,nan
10-Aug-25 6:29:00 AM AEST,nan,nan,nan,nan,nan,nan,nan,0.11,2.40,1.10,2.40,nan
10-Aug-25 6:30:00 AM AEST,nan,nan,nan,nan,nan,nan,nan,0.24,3.50,2.40,2.60,nan
10-Aug-25 6:31:00 AM AEST,nan,nan,nan,nan,nan,nan,nan,0.12,2.40,1.20,nan,nan
10-Aug-25 6:32:00 AM AEST,nan,95.8,nan,nan,nan,nan,nan,nan,nan,nan,nan,nan
10-Aug-25 6:33:00 AM AEST,nan,95.7,nan,nan,nan,nan,nan,0.15,nan,1.50,2.70,nan
10-Aug-25 6:34:00 AM AEST,nan,nan,nan,nan,nan,nan,nan,0.04,nan,0.40,2.50,nan
10-Aug-25 6:35:00 AM AEST,nan,95.8,nan,nan,nan,nan,2.50,0.00,0.00,0.00,0.00,nan
10-Aug-25 6:36:00 AM AEST,nan,95.7,nan,nan,nan,nan,2.60,nan,nan,nan,nan,nan
10-Aug-25 6:37:00 AM AEST,nan,95.8,nan,nan,nan,nan,nan,nan,nan,nan,nan,nan
10-Aug-25 6:38:00 AM AEST,nan,95.7,nan,nan,nan,nan,nan,nan,nan,nan,nan,nan
10-Aug-25 6:39:00 AM AEST,nan,nan,nan,nan,nan,nan,nan,0.10,2.40,1.00,2.60,nan
10-Aug-25 6:40:00 AM AEST,nan,95.8,nan,nan,nan,nan,nan,0.00,0.00,0.00,0.00,0.80
10-Aug-25 6:41:00 AM AEST,nan,nan,nan,nan,nan,nan,nan,nan,nan,nan,nan,0.00
10-Aug-25 6:42:00 AM AEST,nan,95.7,nan,nan,nan,nan,nan,nan,nan,nan,nan,nan
10-Aug-25 6:43:00 AM AEST,nan,95.8,nan,nan,nan,nan,nan,nan,nan,nan,nan,nan
10-Aug-25 6:44:00 AM AEST,nan,95.7,nan,nan,nan,nan,2.50,nan,nan,nan,nan,nan
10-Aug-25 6:45:00 AM AEST,nan,95.8,nan,nan,nan,nan,2.60,nan,nan,nan,nan,nan
10-Aug-25 6:46:00 AM AEST,nan,95.7,nan,nan,nan,nan,nan,nan,nan,nan,nan,1.60
10-Aug-25 6:47:00 AM AEST,19.2,95.8,nan,nan,nan,nan,nan,0.01,1.20,0.10,nan,0.80
10-Aug-25 6:48:00 AM AEST,nan,nan,nan,nan,nan,nan,2.50,nan,nan,nan,nan,2.50
10-Aug-25 6:48:04 AM AEST,19.3,nan,nan,nan,nan,nan,nan,nan,nan,nan,nan,nan
10-Aug-25 6:49:00 AM AEST,nan,95.7,nan,nan,nan,nan,2.60,0.00,0.00,0.00,nan,nan
10-Aug-25 6:50:00 AM AEST,nan,95.8,nan,nan,nan,nan,nan,0.14,2.40,1.40,2.50,3.30
10-Aug-25 6:51:00 AM AEST,nan,nan,nan,nan,nan,nan,nan,0.07,nan,0.70,nan,4.20
10-Aug-25 6:52:00 AM AEST,nan,nan,nan,nan,nan,nan,nan,0.01,1.20,0.10,0.00,5.00
10-Aug-25 6:53:00 AM AEST,nan,nan,18.7,nan,nan,nan,nan,0.13,2.40,1.30,2.50,nan
10-Aug-25 6:54:00 AM AEST,nan,nan,18.6,nan,nan,nan,2.70,0.15,nan,1.50,2.70,5.80
10-Aug-25 6:55:00 AM AEST,nan,95.7,nan,nan,nan,nan,2.60,0.12,nan,1.20,2.60,6.60
10-Aug-25 6:56:00 AM AEST,nan,95.8,nan,nan,nan,nan,nan,0.07,nan,0.70,2.50,7.50
10-Aug-25 6:57:00 AM AEST,nan,nan,nan,nan,nan,nan,nan,0.00,0.00,0.00,0.00,nan
10-Aug-25 6:58:00 AM AEST,nan,95.7,nan,nan,nan,nan,2.50,nan,nan,nan,nan,8.30
10-Aug-25 6:59:00 AM AEST,nan,95.8,nan,nan,nan,nan,2.60,0.01,1.20,0.10,nan,nan
10-Aug-25 7:00:00 AM AEST,nan,95.7,nan,nan,nan,nan,nan,0.14,2.40,1.40,2.60,9.20
10-Aug-25 7:00:08 AM AEST,nan,nan,nan,nan,nan,0.03,nan,nan,nan,nan,nan,nan
10-Aug-25 7:01:00 AM AEST,nan,95.8,nan,nan,nan,nan,nan,0.11,nan,1.10,2.50,8.30
10-Aug-25 7:02:00 AM AEST,19.4,nan,nan,nan,nan,nan,nan,0.02,1.20,0.20,1.20,nan
10-Aug-25 7:03:00 AM AEST,nan,nan,18.7,nan,nan,nan,nan,0.00,0.00,0.00,0.00,9.20
10-Aug-25 7:03:04 AM AEST,19.3,nan,nan,nan,nan,nan,nan,nan,nan,nan,nan,nan
10-Aug-25 7:04:00 AM AEST,nan,nan,nan,nan,nan,nan,2.50,nan,nan,nan,nan,8.30
10-Aug-25 7:05:00 AM AEST,19.4,nan,18.6,nan,nan,nan,nan,0.11,3.50,1.10,2.30,9.20
10-Aug-25 7:06:00 AM AEST,nan,95.7,18.7,nan,nan,nan,2.60,0.21,nan,2.10,2.60,8.30
10-Aug-25 7:06:04 AM AEST,19.3,nan,nan,nan,nan,nan,nan,nan,nan,nan,nan,nan
10-Aug-25 7:07:00 AM AEST,nan,95.8,18.6,nan,nan,nan,2.50,0.24,nan,2.40,2.50,9.20
10-Aug-25 7:07:08 AM AEST,19.4,nan,nan,nan,nan,nan,nan,nan,nan,nan,nan,nan
10-Aug-25 7:08:00 AM AEST,nan,nan,18.7,nan,nan,nan,2.60,0.20,nan,2.00,nan,9.10
10-Aug-25 7:08:12 AM AEST,19.3,nan,nan,nan,nan,nan,nan,nan,nan,nan,nan,nan
10-Aug-25 7:09:00 AM AEST,nan,nan,nan,nan,nan,nan,2.50,0.14,nan,1.40,2.40,10.00
10-Aug-25 7:09:16 AM AEST,19.4,nan,nan,nan,nan,nan,nan,nan,nan,nan,nan,nan
10-Aug-25 7:10:00 AM AEST,nan,nan,nan,nan,nan,nan,nan,0.00,0.00,0.00,0.00,nan
10-Aug-25 7:11:00 AM AEST,nan,nan,nan,nan,nan,nan,nan,nan,nan,nan,nan,11.70
10-Aug-25 7:12:00 AM AEST,nan,nan,nan,nan,nan,nan,2.60,nan,nan,nan,nan,11.60
10-Aug-25 7:13:00 AM AEST,nan,96.0,nan,nan,nan,nan,nan,0.14,3.50,1.40,2.70,13.30
10-Aug-25 7:14:00 AM AEST,nan,nan,nan,nan,nan,nan,nan,0.17,nan,1.70,2.50,15.00
10-Aug-25 7:15:00 AM AEST,nan,95.8,nan,nan,nan,nan,nan,nan,2.40,nan,2.60,16.60
10-Aug-25 7:16:00 AM AEST,19.3,96.0,nan,nan,nan,nan,nan,0.16,nan,1.60,nan,19.20
10-Aug-25 7:17:00 AM AEST,nan,95.8,nan,nan,nan,nan,nan,0.04,1.20,0.40,2.30,21.60
10-Aug-25 7:17:04 AM AEST,19.4,nan,nan,nan,nan,nan,nan,nan,nan,nan,nan,nan
10-Aug-25 7:18:00 AM AEST,nan,96.0,nan,nan,nan,nan,2.50,0.00,0.00,0.00,0.00,22.50
10-Aug-25 7:19:00 AM AEST,nan,nan,nan,nan,nan,nan,2.60,nan,nan,nan,nan,25.80
10-Aug-25 7:20:00 AM AEST,nan,95.8,nan,nan,nan,nan,nan,nan,nan,nan,nan,27.50
10-Aug-25 7:21:00 AM AEST,nan,96.2,nan,nan,nan,nan,2.50,nan,nan,nan,nan,29.10
10-Aug-25 7:22:00 AM AEST,nan,96.0,18.8,nan,nan,nan,2.60,nan,nan,nan,nan,29.20
10-Aug-25 7:23:00 AM AEST,nan,nan,18.7,nan,nan,nan,2.50,nan,nan,nan,nan,29.10
10-Aug-25 7:24:00 AM AEST,19.5,96.2,18.8,nan,nan,nan,2.60,nan,nan,nan,nan,28.30
10-Aug-25 7:25:00 AM AEST,nan,96.0,nan,nan,nan,nan,nan,nan,nan,nan,nan,26.70
10-Aug-25 7:26:00 AM AEST,nan,96.2,nan,nan,nan,nan,2.50,nan,nan,nan,nan,25.80
10-Aug-25 7:27:00 AM AEST,nan,nan,18.9,nan,nan,nan,2.60,nan,nan,nan,nan,25.00
10-Aug-25 7:28:00 AM AEST,19.6,96.0,nan,nan,nan,nan,2.50,nan,nan,nan,nan,24.10
10-Aug-25 7:29:00 AM AEST,nan,96.2,nan,nan,nan,nan,2.60,nan,nan,nan,nan,25.00
10-Aug-25 7:30:00 AM AEST,nan,nan,nan,nan,nan,nan,2.50,nan,nan,nan,nan,25.80
10-Aug-25 7:31:00 AM AEST,nan,nan,19.0,nan,nan,nan,2.60,nan,nan,nan,nan,28.30
10-Aug-25 7:32:00 AM AEST,nan,nan,nan,nan,nan,nan,nan,0.01,1.20,0.10,nan,33.30
10-Aug-25 7:33:00 AM AEST,nan,nan,nan,nan,nan,nan,nan,0.09,2.40,0.90,2.60,37.50
10-Aug-25 7:34:00 AM AEST,nan,nan,nan,nan,nan,nan,nan,0.00,0.00,0.00,0.00,44.10
10-Aug-25 7:35:00 AM AEST,19.7,nan,nan,nan,nan,nan,nan,nan,nan,nan,nan,50.80
10-Aug-25 7:36:00 AM AEST,nan,nan,nan,nan,nan,nan,nan,0.01,1.20,0.10,nan,58.30
10-Aug-25 7:36:04 AM AEST,19.6,nan,nan,nan,nan,nan,nan,nan,nan,nan,nan,nan
10-Aug-25 7:36:04 AM AEST,19.7,nan,nan,nan,nan,nan,nan,nan,nan,nan,nan,nan
10-Aug-25 7:37:00 AM AEST,nan,nan,nan,nan,nan,nan,2.50,0.00,0.00,0.00,nan,65.80
10-Aug-25 7:38:00 AM AEST,nan,96.0,nan,nan,nan,nan,2.60,0.01,1.20,0.10,1.70,73.30
10-Aug-25 7:39:00 AM AEST,nan,96.2,nan,nan,nan,nan,nan,0.06,2.40,0.60,2.40,76.60
10-Aug-25 7:40:00 AM AEST,19.8,nan,19.1,nan,nan,nan,nan,0.01,1.20,0.10,3.60,78.30
10-Aug-25 7:41:00 AM AEST,nan,nan,nan,nan,nan,nan,350.30,0.09,3.50,0.80,325.10,77.50
10-Aug-25 7:42:00 AM AEST,nan,nan,nan,nan,nan,nan,6.00,0.22,nan,2.10,4.30,73.30
10-Aug-25 7:43:00 AM AEST,nan,96.0,nan,nan,nan,nan,8.70,0.01,1.20,0.10,7.10,65.80
10-Aug-25 7:44:00 AM AEST,nan,96.2,nan,nan,nan,nan,nan,0.21,3.50,2.10,8.70,62.50
10-Aug-25 7:45:00 AM AEST,nan,96.0,19.2,nan,nan,nan,nan,0.13,nan,1.30,8.80,59.10
10-Aug-25 7:46:00 AM AEST,nan,nan,19.1,nan,nan,nan,342.20,0.18,nan,1.80,336.30,56.70
10-Aug-25 7:47:00 AM AEST,19.9,nan,19.2,nan,nan,nan,329.40,0.05,2.40,0.50,329.50,52.50
10-Aug-25 7:48:00 AM AEST,nan,95.8,nan,nan,nan,nan,nan,0.00,0.00,0.00,0.00,47.50
10-Aug-25 7:49:00 AM AEST,nan,96.0,nan,nan,nan,nan,nan,0.04,1.20,0.40,329.80,43.30
10-Aug-25 7:50:00 AM AEST,nan,nan,19.3,nan,nan,nan,329.30,0.01,nan,0.10,330.30,41.60
10-Aug-25 7:51:00 AM AEST,nan,95.8,nan,nan,nan,nan,329.40,0.02,nan,0.20,329.80,40.80
10-Aug-25 7:52:00 AM AEST,nan,nan,19.2,nan,nan,nan,329.50,0.18,3.50,1.80,329.50,40.00
10-Aug-25 7:53:00 AM AEST,20.0,nan,nan,nan,nan,nan,329.40,0.25,nan,2.50,329.40,37.50
10-Aug-25 7:54:00 AM AEST,nan,95.7,19.3,nan,nan,nan,nan,0.13,2.40,1.30,329.30,36.60
10-Aug-25 7:55:00 AM AEST,nan,nan,19.2,nan,nan,nan,nan,0.08,nan,0.80,329.40,40.80
10-Aug-25 7:56:00 AM AEST,nan,nan,19.3,nan,nan,nan,356.90,0.36,9.50,3.20,19.60,45.80
10-Aug-25 7:57:00 AM AEST,nan,95.5,19.2,nan,nan,nan,25.40,0.49,5.90,4.70,24.00,56.70
10-Aug-25 7:58:00 AM AEST,nan,nan,nan,nan,nan,nan,14.00,0.24,4.70,2.40,13.90,66.70
10-Aug-25 7:59:00 AM AEST,nan,95.3,nan,nan,nan,nan,9.20,0.42,7.10,4.00,7.40,73.30
10-Aug-25 8:00:00 AM AEST,nan,nan,nan,nan,nan,nan,346.00,0.36,nan,3.60,344.00,76.70
10-Aug-25 8:00:12 AM AEST,nan,nan,nan,nan,nan,0.06,nan,nan,nan,nan,nan,nan
10-Aug-25 8:01:00 AM AEST,nan,nan,nan,nan,nan,nan,2.90,0.46,nan,4.50,5.10,75.80
10-Aug-25 8:02:00 AM AEST,nan,95.2,nan,nan,nan,nan,6.20,0.25,3.50,2.50,6.30,70.00
10-Aug-25 8:03:00 AM AEST,nan,95.3,nan,nan,nan,nan,29.80,0.41,5.90,3.80,30.90,65.80
10-Aug-25 8:04:00 AM AEST,nan,95.0,19.3,nan,nan,nan,351.60,0.40,7.10,2.80,340.80,60.80
10-Aug-25 8:05:00 AM AEST,nan,95.2,19.2,nan,nan,nan,310.80,0.28,3.50,nan,310.70,57.50
10-Aug-25 8:05:00 AM AEST,nan,95.2,19.2,nan,nan,nan,310.80,0.28,2.40,nan,310.70,57.50
10-Aug-25 8:06:00 AM AEST,20.1,95.0,nan,nan,nan,nan,nan,0.11,nan,1.10,310.80,55.00
10-Aug-25 8:07:00 AM AEST,nan,nan,nan,nan,nan,nan,nan,0.00,0.00,0.00,0.00,54.10
10-Aug-25 8:08:00 AM AEST,nan,95.2,19.3,nan,nan,nan,nan,0.01,1.20,0.10,309.80,53.30
10-Aug-25 8:09:00 AM AEST,nan,95.0,nan,nan,nan,nan,nan,0.05,2.40,0.50,310.60,52.50
10-Aug-25 8:10:00 AM AEST,20.2,94.8,nan,nan,nan,nan,nan,nan,nan,nan,310.90,50.80
10-Aug-25 8:11:00 AM AEST,nan,95.0,nan,nan,nan,nan,nan,0.00,0.00,0.00,0.00,52.50
10-Aug-25 8:12:00 AM AEST,nan,94.8,nan,nan,nan,nan,nan,0.12,2.40,1.20,310.70,55.00
10-Aug-25 8:13:00 AM AEST,nan,nan,19.4,nan,nan,nan,nan,0.11,nan,1.10,310.80,67.50
10-Aug-25 8:14:00 AM AEST,nan,94.7,19.3,nan,nan,nan,nan,0.18,3.50,1.80,nan,72.50
10-Aug-25 8:15:00 AM AEST,20.3,nan,nan,nan,nan,nan,nan,0.01,1.20,0.10,309.80,71.70
10-Aug-25 8:16:00 AM AEST,nan,nan,19.4,nan,nan,nan,nan,0.00,0.00,0.00,0.00,70.00
10-Aug-25 8:17:00 AM AEST,nan,nan,nan,nan,nan,nan,nan,nan,nan,nan,nan,67.50
10-Aug-25 8:18:00 AM AEST,20.4,94.5,nan,nan,nan,nan,nan,nan,nan,nan,nan,65.00
10-Aug-25 8:19:00 AM AEST,nan,nan,19.5,nan,nan,nan,nan,0.02,1.20,0.20,311.30,60.80
10-Aug-25 8:20:00 AM AEST,nan,94.2,nan,nan,nan,nan,nan,0.16,2.40,1.60,310.70,55.80
10-Aug-25 8:20:00 AM AEST,nan,94.2,nan,nan,nan,nan,nan,0.16,2.40,1.60,310.70,52.50
10-Aug-25 8:21:00 AM AEST,nan,nan,nan,nan,nan,nan,nan,0.08,nan,0.80,310.80,nan
10-Aug-25 8:22:00 AM AEST,nan,94.3,19.4,nan,nan,nan,nan,0.05,nan,0.50,311.00,51.70
10-Aug-25 8:23:00 AM AEST,nan,94.2,19.5,nan,nan,nan,nan,0.24,3.50,2.40,310.80,46.60
10-Aug-25 8:24:00 AM AEST,20.5,nan,nan,nan,nan,nan,nan,0.14,nan,1.40,310.60,45.00
10-Aug-25 8:25:00 AM AEST,nan,94.0,nan,nan,nan,nan,nan,0.05,2.40,0.50,310.40,nan
10-Aug-25 8:25:04 AM AEST,20.4,nan,nan,nan,nan,nan,nan,nan,nan,nan,nan,nan
10-Aug-25 8:26:00 AM AEST,nan,nan,19.4,nan,nan,nan,nan,0.15,nan,1.50,310.70,49.20
10-Aug-25 8:26:08 AM AEST,20.5,nan,nan,nan,nan,nan,nan,nan,nan,nan,nan,nan
10-Aug-25 8:27:00 AM AEST,nan,93.8,19.5,nan,nan,nan,nan,0.01,1.20,0.10,309.80,52.50
10-Aug-25 8:28:00 AM AEST,nan,nan,nan,nan,nan,nan,nan,0.00,0.00,0.00,0.00,58.30
10-Aug-25 8:29:00 AM AEST,nan,93.7,nan,nan,nan,nan,nan,0.10,3.50,1.00,310.70,65.80
10-Aug-25 8:30:00 AM AEST,nan,nan,nan,nan,nan,nan,nan,0.12,nan,1.20,310.90,72.50
10-Aug-25 8:31:00 AM AEST,20.6,nan,nan,nan,nan,nan,nan,0.04,2.40,0.40,nan,76.70
10-Aug-25 8:32:00 AM AEST,nan,93.5,nan,nan,nan,nan,nan,0.08,nan,0.80,310.80,81.60
10-Aug-25 8:33:00 AM AEST,nan,nan,nan,nan,nan,nan,nan,nan,nan,nan,310.70,85.80
10-Aug-25 8:34:00 AM AEST,nan,93.3,nan,nan,nan,nan,nan,nan,nan,nan,nan,92.50
10-Aug-25 8:35:00 AM AEST,nan,nan,19.4,nan,nan,nan,nan,0.01,1.20,0.10,309.80,96.70
10-Aug-25 8:36:00 AM AEST,nan,nan,19.5,nan,nan,nan,nan,0.00,0.00,0.00,0.00,99.10
10-Aug-25 8:37:00 AM AEST,nan,93.5,nan,nan,nan,nan,310.40,0.19,5.90,1.90,309.70,98.30
10-Aug-25 8:38:00 AM AEST,nan,93.2,nan,nan,nan,nan,309.10,0.22,4.70,2.20,309.10,95.80
10-Aug-25 8:39:00 AM AEST,nan,nan,nan,nan,nan,nan,309.00,0.17,3.50,1.70,309.00,90.80
10-Aug-25 8:40:00 AM AEST,20.7,93.0,nan,nan,nan,nan,nan,0.25,nan,2.50,nan,85.80
10-Aug-25 8:41:00 AM AEST,nan,nan,nan,nan,nan,nan,nan,0.23,nan,2.30,309.10,83.30
10-Aug-25 8:41:04 AM AEST,20.6,nan,nan,nan,nan,nan,nan,nan,nan,nan,nan,nan
10-Aug-25 8:42:00 AM AEST,nan,92.8,nan,nan,nan,nan,309.10,0.28,4.70,2.80,nan,82.50
10-Aug-25 8:43:00 AM AEST,20.7,nan,19.4,nan,nan,nan,309.00,0.07,2.40,0.60,308.80,83.30
10-Aug-25 8:44:00 AM AEST,nan,nan,19.5,nan,nan,nan,309.10,0.01,1.20,0.10,310.00,nan
10-Aug-25 8:45:00 AM AEST,nan,92.7,nan,nan,nan,nan,nan,0.08,3.50,0.80,308.90,78.30
10-Aug-25 8:46:00 AM AEST,nan,nan,nan,nan,nan,nan,nan,0.26,nan,2.60,309.10,89.20
10-Aug-25 8:47:00 AM AEST,nan,92.5,nan,nan,nan,nan,309.00,0.21,nan,2.10,309.00,93.30
10-Aug-25 8:48:00 AM AEST,nan,92.7,19.4,nan,nan,nan,309.10,0.18,nan,1.80,309.10,97.50
10-Aug-25 8:49:00 AM AEST,nan,92.5,nan,nan,nan,nan,nan,0.02,1.20,0.20,309.20,104.20
10-Aug-25 8:50:00 AM AEST,nan,92.7,19.5,nan,nan,nan,nan,0.05,nan,0.50,308.90,110.80
10-Aug-25 8:51:00 AM AEST,20.8,nan,nan,nan,nan,nan,nan,0.00,0.00,0.00,0.00,115.80
10-Aug-25 8:52:00 AM AEST,nan,nan,nan,nan,nan,nan,nan,nan,nan,nan,nan,120.80
10-Aug-25 8:53:00 AM AEST,nan,nan,19.6,nan,nan,nan,309.00,0.06,2.40,0.60,309.10,119.20
10-Aug-25 8:54:00 AM AEST,20.9,nan,nan,nan,nan,nan,309.10,0.16,3.50,1.60,nan,112.50
10-Aug-25 8:55:00 AM AEST,nan,nan,nan,nan,nan,nan,nan,0.05,2.40,0.50,308.90,105.80
10-Aug-25 8:56:00 AM AEST,nan,92.5,nan,nan,nan,nan,nan,0.13,3.50,1.30,309.10,100.00
10-Aug-25 8:57:00 AM AEST,nan,nan,nan,nan,nan,nan,309.00,0.16,nan,1.60,309.00,97.50
10-Aug-25 8:58:00 AM AEST,20.8,92.2,nan,nan,nan,nan,305.90,0.48,5.90,4.70,305.50,94.10
10-Aug-25 8:59:00 AM AEST,nan,92.0,19.5,nan,nan,nan,284.80,0.34,4.70,3.40,284.70,90.00
10-Aug-25 9:00:00 AM AEST,nan,91.8,19.4,nan,nan,nan,nan,0.33,nan,3.30,284.80,87.50
10-Aug-25 9:00:16 AM AEST,nan,nan,nan,nan,nan,0.07,nan,nan,nan,nan,nan,nan
10-Aug-25 9:01:00 AM AEST,nan,91.7,nan,nan,nan,nan,nan,0.23,3.50,2.30,nan,85.80
10-Aug-25 9:02:00 AM AEST,nan,nan,nan,nan,nan,nan,nan,0.09,2.40,0.90,284.60,84.20
10-Aug-25 9:03:00 AM AEST,20.9,nan,nan,nan,nan,nan,nan,0.04,1.20,0.40,283.90,84.10
10-Aug-25 9:04:00 AM AEST,nan,91.5,19.5,nan,nan,nan,nan,0.02,nan,0.20,284.90,85.00
10-Aug-25 9:05:00 AM AEST,nan,nan,nan,nan,nan,nan,nan,0.00,0.00,0.00,0.00,88.30
10-Aug-25 9:06:00 AM AEST,nan,nan,nan,nan,nan,nan,nan,nan,nan,nan,nan,92.50
10-Aug-25 9:07:00 AM AEST,21.0,nan,nan,nan,nan,nan,nan,nan,nan,nan,nan,98.30
10-Aug-25 9:08:00 AM AEST,nan,91.7,nan,nan,nan,nan,nan,0.02,1.20,0.20,284.00,101.70
10-Aug-25 9:09:00 AM AEST,nan,91.5,19.6,nan,nan,nan,nan,0.03,nan,0.30,nan,100.80
10-Aug-25 9:10:00 AM AEST,nan,91.7,nan,nan,nan,nan,nan,0.00,0.00,0.00,0.00,98.30
10-Aug-25 9:11:00 AM AEST,21.1,nan,nan,nan,nan,nan,284.70,nan,nan,nan,nan,93.30
10-Aug-25 9:12:00 AM AEST,nan,nan,19.7,nan,nan,nan,284.80,nan,nan,nan,nan,87.50
10-Aug-25 9:13:00 AM AEST,nan,nan,nan,nan,nan,nan,nan,nan,nan,nan,nan,80.80
10-Aug-25 9:14:00 AM AEST,nan,91.5,nan,nan,nan,nan,nan,0.01,1.20,0.10,284.00,76.60
10-Aug-25 9:15:00 AM AEST,nan,nan,19.6,nan,nan,nan,nan,0.00,0.00,0.00,0.00,74.20
10-Aug-25 9:16:00 AM AEST,nan,91.3,19.7,nan,nan,nan,284.70,nan,nan,nan,nan,75.00
10-Aug-25 9:17:00 AM AEST,21.2,91.5,nan,nan,nan,nan,284.80,nan,nan,nan,nan,75.80
10-Aug-25 9:18:00 AM AEST,nan,nan,19.8,nan,nan,nan,284.90,nan,nan,nan,nan,77.50
10-Aug-25 9:18:04 AM AEST,21.3,nan,nan,nan,nan,nan,nan,nan,nan,nan,nan,nan
10-Aug-25 9:19:00 AM AEST,nan,nan,nan,nan,nan,nan,284.80,nan,nan,nan,nan,75.80
10-Aug-25 9:19:08 AM AEST,21.2,nan,nan,nan,nan,nan,nan,nan,nan,nan,nan,nan
10-Aug-25 9:20:00 AM AEST,nan,91.7,nan,nan,nan,nan,nan,nan,nan,nan,nan,73.30
10-Aug-25 9:21:00 AM AEST,nan,nan,nan,nan,nan,nan,nan,nan,nan,nan,nan,70.00
10-Aug-25 9:22:00 AM AEST,nan,91.5,nan,nan,nan,nan,nan,nan,nan,nan,nan,67.50
10-Aug-25 9:23:00 AM AEST,nan,nan,19.7,nan,nan,nan,nan,0.01,1.20,0.10,284.00,65.80
10-Aug-25 9:24:00 AM AEST,21.1,nan,19.8,nan,nan,nan,nan,nan,nan,nan,nan,64.20
10-Aug-25 9:25:00 AM AEST,nan,nan,19.7,nan,nan,nan,nan,0.00,0.00,0.00,0.00,66.60
10-Aug-25 9:25:04 AM AEST,21.2,nan,nan,nan,nan,nan,nan,nan,nan,nan,nan,nan
10-Aug-25 9:26:00 AM AEST,nan,91.3,19.8,nan,nan,nan,nan,0.08,2.40,0.80,284.70,71.70
10-Aug-25 9:26:08 AM AEST,21.1,nan,nan,nan,nan,nan,nan,nan,nan,nan,nan,nan
10-Aug-25 9:27:00 AM AEST,nan,91.2,19.7,nan,nan,nan,nan,0.02,1.20,0.20,284.00,75.00
10-Aug-25 9:28:00 AM AEST,21.2,91.3,19.6,nan,nan,nan,nan,0.00,0.00,0.00,0.00,77.50
10-Aug-25 9:29:00 AM AEST,nan,91.2,19.7,nan,nan,nan,284.70,nan,nan,nan,nan,76.70
10-Aug-25 9:30:00 AM AEST,nan,nan,nan,nan,nan,nan,284.80,nan,nan,nan,nan,75.80
10-Aug-25 9:31:00 AM AEST,nan,nan,nan,nan,nan,nan,nan,0.15,3.50,1.50,284.70,66.70
10-Aug-25 9:32:00 AM AEST,nan,nan,nan,nan,nan,nan,nan,0.09,2.40,0.90,284.60,64.10
10-Aug-25 9:33:00 AM AEST,nan,91.0,nan,nan,nan,nan,285.60,0.12,4.70,1.20,287.50,70.00
10-Aug-25 9:34:00 AM AEST,21.1,90.8,nan,nan,nan,nan,304.60,0.46,5.90,4.50,304.80,nan
10-Aug-25 9:35:00 AM AEST,nan,90.5,19.6,nan,nan,nan,306.90,0.29,3.50,2.90,307.00,72.50
10-Aug-25 9:36:00 AM AEST,nan,90.3,19.5,nan,nan,nan,307.30,0.11,nan,1.10,307.20,75.00
10-Aug-25 9:37:00 AM AEST,nan,nan,nan,nan,nan,nan,nan,0.28,5.90,2.80,307.40,78.30
10-Aug-25 9:38:00 AM AEST,nan,nan,nan,nan,nan,nan,nan,0.13,2.40,1.30,307.30,82.50
10-Aug-25 9:39:00 AM AEST,nan,90.2,nan,nan,nan,nan,nan,0.04,1.20,0.40,307.00,84.10
10-Aug-25 9:40:00 AM AEST,nan,nan,nan,nan,nan,nan,nan,0.02,nan,0.20,307.60,85.00
10-Aug-25 9:41:00 AM AEST,21.2,nan,19.4,nan,nan,nan,nan,0.00,0.00,0.00,0.00,nan
10-Aug-25 9:42:00 AM AEST,nan,90.3,19.5,nan,nan,nan,nan,nan,nan,nan,nan,83.30
10-Aug-25 9:43:00 AM AEST,nan,90.2,19.6,nan,nan,nan,nan,0.01,1.20,0.10,307.60,81.60
10-Aug-25 9:44:00 AM AEST,nan,nan,nan,nan,nan,nan,nan,0.15,2.40,1.50,307.30,80.80
10-Aug-25 9:45:00 AM AEST,21.3,nan,19.5,nan,nan,nan,nan,0.03,nan,0.30,307.10,nan
10-Aug-25 9:46:00 AM AEST,nan,89.8,19.6,nan,nan,nan,nan,0.00,0.00,0.00,0.00,81.70
10-Aug-25 9:47:00 AM AEST,nan,90.0,19.5,nan,nan,nan,nan,nan,nan,nan,nan,nan
10-Aug-25 9:48:00 AM AEST,nan,nan,19.6,nan,nan,nan,nan,nan,nan,nan,nan,83.30
10-Aug-25 9:49:00 AM AEST,nan,89.8,nan,nan,nan,nan,269.90,0.24,3.50,2.40,268.00,86.70
10-Aug-25 9:50:00 AM AEST,nan,89.7,nan,nan,nan,nan,266.00,0.21,nan,2.10,266.10,90.00
10-Aug-25 9:51:00 AM AEST,21.2,89.3,19.5,nan,nan,nan,266.90,0.20,nan,2.00,267.30,94.20
10-Aug-25 9:52:00 AM AEST,nan,89.5,19.4,nan,nan,nan,275.40,0.18,nan,1.80,275.40,96.60
10-Aug-25 9:53:00 AM AEST,21.3,89.3,nan,nan,nan,nan,nan,0.12,nan,1.20,275.10,100.00
10-Aug-25 9:54:00 AM AEST,nan,89.5,nan,nan,nan,nan,275.30,0.16,nan,1.60,275.20,103.30
10-Aug-25 9:55:00 AM AEST,nan,89.2,19.5,nan,nan,nan,nan,0.08,2.40,0.80,nan,105.00
10-Aug-25 9:56:00 AM AEST,nan,89.5,19.4,nan,nan,nan,275.40,nan,3.50,nan,nan,109.10
10-Aug-25 9:57:00 AM AEST,nan,89.3,19.5,nan,nan,nan,nan,0.25,nan,2.50,275.30,112.50
10-Aug-25 9:58:00 AM AEST,21.2,89.5,19.4,nan,nan,nan,338.50,0.37,4.70,3.60,339.30,117.50
10-Aug-25 9:59:00 AM AEST,nan,89.3,nan,nan,nan,nan,341.40,0.33,3.50,3.30,341.40,120.80
10-Aug-25 9:59:04 AM AEST,21.1,nan,nan,nan,nan,nan,nan,nan,nan,nan,nan,nan
10-Aug-25 10:00:00 AM AEST,nan,nan,19.3,nan,nan,nan,341.30,0.26,nan,2.60,341.30,121.70
10-Aug-25 10:00:20 AM AEST,nan,nan,nan,nan,nan,0.14,nan,nan,nan,nan,nan,nan
10-Aug-25 10:01:00 AM AEST,nan,nan,nan,nan,nan,nan,341.40,0.17,2.40,1.70,341.40,124.10
10-Aug-25 10:02:00 AM AEST,21.2,nan,nan,nan,nan,nan,341.30,0.10,nan,1.00,341.20,131.70
10-Aug-25 10:03:00 AM AEST,nan,nan,nan,nan,nan,nan,nan,0.22,3.50,2.20,341.30,140.00
10-Aug-25 10:04:00 AM AEST,nan,nan,nan,nan,nan,nan,nan,0.18,2.40,1.80,341.20,149.20
10-Aug-25 10:05:00 AM AEST,nan,89.5,19.4,nan,nan,nan,341.40,0.27,3.50,2.70,341.30,156.60
10-Aug-25 10:06:00 AM AEST,21.3,nan,nan,nan,nan,nan,341.30,0.17,nan,1.70,nan,162.50
10-Aug-25 10:07:00 AM AEST,nan,nan,19.5,nan,nan,nan,nan,0.15,2.40,1.50,341.20,nan
10-Aug-25 10:08:00 AM AEST,21.4,nan,nan,nan,nan,nan,nan,0.02,1.20,0.20,342.40,160.80
10-Aug-25 10:09:00 AM AEST,nan,89.3,19.6,nan,nan,nan,341.40,0.24,3.50,2.40,341.30,155.80
10-Aug-25 10:09:04 AM AEST,21.3,nan,nan,nan,nan,nan,nan,nan,nan,nan,nan,nan
10-Aug-25 10:10:00 AM AEST,nan,nan,19.5,nan,nan,nan,341.30,0.02,1.20,0.20,341.20,150.80
10-Aug-25 10:10:08 AM AEST,21.4,nan,nan,nan,nan,nan,nan,nan,nan,nan,nan,nan
10-Aug-25 10:11:00 AM AEST,nan,nan,19.6,nan,nan,nan,nan,0.10,3.50,1.00,341.40,145.80
10-Aug-25 10:11:12 AM AEST,21.5,nan,nan,nan,nan,nan,nan,nan,nan,nan,nan,nan
10-Aug-25 10:12:00 AM AEST,nan,89.2,nan,nan,nan,nan,344.30,0.31,4.70,3.10,345.00,143.30
10-Aug-25 10:13:00 AM AEST,21.4,89.0,nan,nan,nan,nan,348.90,0.37,nan,3.70,349.00,142.50
10-Aug-25 10:14:00 AM AEST,nan,nan,19.5,nan,nan,nan,349.10,0.19,3.50,1.90,349.10,143.30
10-Aug-25 10:14:04 AM AEST,21.5,nan,nan,nan,nan,nan,nan,nan,nan,nan,nan,nan
10-Aug-25 10:15:00 AM AEST,nan,89.2,19.6,nan,nan,nan,348.90,0.17,nan,1.70,348.90,144.20
10-Aug-25 10:15:08 AM AEST,21.6,nan,nan,nan,nan,nan,nan,nan,nan,nan,nan,nan
10-Aug-25 10:16:00 AM AEST,nan,nan,19.7,nan,nan,nan,348.80,0.08,2.40,0.80,348.80,146.70
10-Aug-25 10:17:00 AM AEST,nan,88.8,nan,nan,nan,nan,348.90,0.01,1.20,0.10,349.40,150.80
10-Aug-25 10:18:00 AM AEST,21.7,nan,nan,nan,nan,nan,nan,0.09,2.40,0.90,348.90,157.50
10-Aug-25 10:19:00 AM AEST,nan,88.7,19.8,nan,nan,nan,nan,0.07,nan,0.70,349.00,165.80
10-Aug-25 10:19:04 AM AEST,21.8,nan,nan,nan,nan,nan,nan,nan,nan,nan,nan,nan
10-Aug-25 10:20:00 AM AEST,nan,nan,nan,nan,nan,nan,nan,0.05,1.20,0.50,348.80,170.00
10-Aug-25 10:21:00 AM AEST,nan,88.3,nan,nan,nan,nan,nan,0.04,nan,0.40,349.10,175.80
10-Aug-25 10:22:00 AM AEST,nan,88.5,nan,nan,nan,nan,nan,0.00,nan,0.00,0.00,179.20
10-Aug-25 10:23:00 AM AEST,21.9,88.3,nan,nan,nan,nan,nan,0.02,nan,0.20,349.60,178.30
10-Aug-25 10:24:00 AM AEST,nan,nan,19.9,nan,nan,nan,nan,0.15,2.40,1.50,348.90,176.70
10-Aug-25 10:24:04 AM AEST,22.0,nan,nan,nan,nan,nan,nan,nan,nan,nan,nan,nan
10-Aug-25 10:25:00 AM AEST,nan,88.2,nan,nan,nan,nan,nan,0.07,nan,0.60,nan,190.00
10-Aug-25 10:26:00 AM AEST,nan,nan,20.0,nan,nan,nan,nan,0.04,1.20,0.40,349.60,208.30
10-Aug-25 10:27:00 AM AEST,22.2,nan,nan,nan,nan,nan,nan,0.00,0.00,0.00,0.00,231.70
10-Aug-25 10:28:00 AM AEST,nan,88.0,20.1,nan,nan,nan,nan,0.18,3.50,1.80,348.90,251.60
10-Aug-25 10:29:00 AM AEST,nan,nan,nan,nan,nan,nan,350.90,0.28,5.90,2.80,352.70,266.70
10-Aug-25 10:30:00 AM AEST,nan,87.5,nan,nan,nan,nan,19.70,0.40,4.70,4.00,19.80,269.90
10-Aug-25 10:31:00 AM AEST,nan,87.2,nan,nan,nan,nan,42.00,0.63,8.30,6.20,45.40,273.30
10-Aug-25 10:32:00 AM AEST,22.1,86.7,19.9,nan,nan,nan,40.20,0.52,7.10,5.20,40.00,271.60
10-Aug-25 10:33:00 AM AEST,nan,86.3,19.7,nan,nan,nan,43.00,0.28,4.70,2.80,43.10,270.80
10-Aug-25 10:33:04 AM AEST,22.2,nan,nan,nan,nan,nan,nan,nan,nan,nan,nan,nan
10-Aug-25 10:34:00 AM AEST,nan,nan,nan,nan,nan,nan,nan,0.30,3.50,3.00,43.00,268.30
10-Aug-25 10:35:00 AM AEST,nan,nan,19.8,nan,nan,nan,43.40,0.33,4.70,3.20,43.60,264.90
10-Aug-25 10:36:00 AM AEST,nan,86.0,nan,nan,nan,nan,57.00,0.45,5.90,4.50,57.00,260.00
10-Aug-25 10:37:00 AM AEST,nan,85.8,19.7,nan,nan,nan,49.30,0.36,4.70,3.30,49.30,256.60
10-Aug-25 10:38:00 AM AEST,nan,nan,nan,nan,nan,nan,358.60,0.37,nan,3.70,358.60,256.70
10-Aug-25 10:39:00 AM AEST,22.3,86.0,nan,nan,nan,nan,0.50,0.40,5.90,4.00,0.50,258.30
10-Aug-25 10:40:00 AM AEST,nan,nan,19.8,nan,nan,nan,1.80,0.16,3.50,1.60,1.70,257.50
10-Aug-25 10:41:00 AM AEST,22.4,nan,19.9,nan,nan,nan,1.90,0.23,nan,2.30,2.00,252.40
10-Aug-25 10:42:00 AM AEST,nan,nan,nan,nan,nan,nan,40.00,0.50,7.10,4.80,41.60,244.20
10-Aug-25 10:43:00 AM AEST,22.3,85.5,nan,nan,nan,nan,50.60,0.54,8.30,5.40,50.90,235.00
10-Aug-25 10:44:00 AM AEST,nan,84.8,19.7,nan,nan,nan,53.50,0.44,7.10,4.40,53.50,224.10
10-Aug-25 10:44:00 AM AEST,nan,84.8,19.6,nan,nan,nan,53.50,0.44,7.10,4.40,53.50,216.70
10-Aug-25 10:45:00 AM AEST,nan,84.7,nan,nan,nan,nan,nan,0.36,4.70,3.60,nan,nan
10-Aug-25 10:46:00 AM AEST,22.4,84.5,nan,nan,nan,nan,nan,0.16,3.50,1.60,nan,212.50
10-Aug-25 10:47:00 AM AEST,nan,84.8,nan,nan,nan,nan,53.30,0.11,nan,1.10,53.30,205.80
10-Aug-25 10:47:04 AM AEST,22.5,nan,nan,nan,nan,nan,nan,nan,nan,nan,nan,nan
10-Aug-25 10:48:00 AM AEST,nan,85.0,19.8,nan,nan,nan,53.60,0.31,4.70,3.10,53.70,199.10
10-Aug-25 10:49:00 AM AEST,nan,84.7,nan,nan,nan,nan,54.00,0.38,nan,3.80,54.10,193.30
10-Aug-25 10:50:00 AM AEST,22.4,84.3,nan,nan,nan,nan,70.20,0.34,nan,3.40,70.20,194.20
10-Aug-25 10:51:00 AM AEST,nan,84.2,19.7,nan,nan,nan,70.40,0.17,2.40,1.70,70.40,197.50
10-Aug-25 10:51:04 AM AEST,22.5,nan,nan,nan,nan,nan,nan,nan,nan,nan,nan,nan
10-Aug-25 10:52:00 AM AEST,nan,84.3,nan,nan,nan,nan,nan,0.40,5.90,4.00,70.50,199.20
10-Aug-25 10:53:00 AM AEST,nan,84.2,nan,nan,nan,nan,70.50,0.46,nan,4.60,70.60,198.30
10-Aug-25 10:54:00 AM AEST,22.4,83.7,nan,nan,nan,nan,70.20,0.58,7.10,5.80,70.20,197.50
10-Aug-25 10:55:00 AM AEST,nan,83.2,19.5,nan,nan,nan,70.30,0.42,nan,4.20,70.40,200.00
10-Aug-25 10:56:00 AM AEST,nan,83.0,19.4,nan,nan,nan,70.20,0.22,3.50,2.20,70.30,203.30
10-Aug-25 10:57:00 AM AEST,nan,83.2,19.3,nan,nan,nan,91.70,0.47,7.10,4.70,91.20,208.30
10-Aug-25 10:58:00 AM AEST,nan,83.3,19.4,nan,nan,nan,95.20,0.32,4.70,3.20,95.20,216.70
10-Aug-25 10:59:00 AM AEST,22.5,83.5,nan,nan,nan,nan,94.30,nan,3.50,nan,94.30,224.20
10-Aug-25 11:00:00 AM AEST,nan,83.7,19.5,nan,nan,nan,94.10,nan,nan,nan,94.10,225.80
10-Aug-25 11:00:24 AM AEST,nan,nan,nan,nan,nan,0.22,nan,nan,nan,nan,nan,nan
10-Aug-25 11:01:00 AM AEST,nan,nan,19.6,nan,nan,nan,87.30,0.36,5.90,3.60,85.10,222.50
10-Aug-25 11:02:00 AM AEST,nan,83.5,nan,nan,nan,nan,51.90,0.37,nan,3.70,51.90,213.30
10-Aug-25 11:03:00 AM AEST,22.6,83.3,nan,nan,nan,nan,52.00,0.27,nan,2.70,52.00,208.30
10-Aug-25 11:04:00 AM AEST,nan,83.2,nan,nan,nan,nan,53.90,0.49,nan,4.80,53.90,211.60
10-Aug-25 11:04:04 AM AEST,22.5,nan,nan,nan,nan,nan,nan,nan,nan,nan,nan,nan
10-Aug-25 11:05:00 AM AEST,nan,82.8,19.5,nan,nan,nan,55.30,0.33,4.70,3.30,55.40,225.80
10-Aug-25 11:06:00 AM AEST,22.6,83.0,nan,nan,nan,nan,nan,0.18,5.90,1.80,55.30,245.80
10-Aug-25 11:07:00 AM AEST,nan,nan,19.6,nan,nan,nan,nan,0.38,nan,3.80,55.50,273.30
10-Aug-25 11:08:00 AM AEST,22.7,83.2,nan,nan,nan,nan,nan,0.14,2.40,1.40,55.40,304.20
10-Aug-25 11:09:00 AM AEST,nan,nan,19.7,nan,nan,nan,nan,0.15,3.50,1.50,nan,328.30
10-Aug-25 11:09:04 AM AEST,22.8,nan,nan,nan,nan,nan,nan,nan,nan,nan,nan,nan
10-Aug-25 11:10:00 AM AEST,nan,83.3,19.8,nan,nan,nan,53.60,0.25,5.90,2.50,52.30,351.70
10-Aug-25 11:10:08 AM AEST,23.0,nan,nan,nan,nan,nan,nan,nan,nan,nan,nan,nan
10-Aug-25 11:11:00 AM AEST,nan,83.0,20.0,nan,nan,nan,49.50,0.42,nan,4.20,49.50,387.40
10-Aug-25 11:12:00 AM AEST,nan,82.5,nan,nan,nan,nan,1.70,0.47,7.10,4.50,1.80,424.10
10-Aug-25 11:13:00 AM AEST,23.1,82.3,19.9,nan,nan,nan,340.60,0.12,3.50,1.20,340.60,429.20
10-Aug-25 11:14:00 AM AEST,nan,nan,nan,nan,nan,nan,nan,0.07,2.40,0.60,340.50,447.50
10-Aug-25 11:14:04 AM AEST,23.3,nan,nan,nan,nan,nan,nan,nan,nan,nan,nan,nan
10-Aug-25 11:15:00 AM AEST,nan,82.2,20.1,nan,nan,nan,72.90,0.41,5.90,3.80,73.80,448.30
10-Aug-25 11:15:08 AM AEST,23.4,nan,nan,nan,nan,nan,nan,nan,nan,nan,nan,nan
10-Aug-25 11:16:00 AM AEST,nan,82.3,nan,nan,nan,nan,76.70,0.43,nan,4.20,76.50,442.40
10-Aug-25 11:17:00 AM AEST,nan,82.0,20.2,nan,nan,nan,45.50,0.63,8.30,6.20,45.50,417.50
10-Aug-25 11:18:00 AM AEST,nan,81.5,20.1,nan,nan,nan,43.80,0.37,5.90,3.70,43.90,404.10
10-Aug-25 11:19:00 AM AEST,nan,81.3,20.0,nan,nan,nan,44.20,0.45,7.10,4.50,44.20,391.70
10-Aug-25 11:20:00 AM AEST,23.5,81.5,20.1,nan,nan,nan,37.20,0.38,nan,3.70,37.20,384.10
10-Aug-25 11:21:00 AM AEST,nan,nan,20.2,nan,nan,nan,341.00,0.48,9.50,3.60,319.20,380.00
10-Aug-25 11:21:04 AM AEST,23.6,nan,nan,nan,nan,nan,nan,nan,nan,nan,nan,nan
10-Aug-25 11:22:00 AM AEST,nan,80.7,nan,nan,nan,nan,316.90,0.37,5.90,3.70,317.10,368.30
10-Aug-25 11:23:00 AM AEST,23.7,79.8,20.1,nan,nan,nan,308.40,0.42,7.10,4.10,305.30,363.30
10-Aug-25 11:24:00 AM AEST,nan,79.0,20.0,nan,nan,nan,298.20,0.47,5.90,4.00,298.90,350.00
10-Aug-25 11:25:00 AM AEST,nan,78.3,19.9,nan,nan,nan,265.70,0.43,nan,3.80,266.60,334.10
10-Aug-25 11:26:00 AM AEST,nan,77.7,19.7,nan,nan,nan,273.80,0.33,nan,3.30,272.40,320.80
10-Aug-25 11:27:00 AM AEST,23.9,77.8,19.6,nan,nan,nan,276.80,0.31,4.70,3.10,276.80,312.40
10-Aug-25 11:28:00 AM AEST,nan,78.2,19.8,nan,nan,nan,311.10,0.47,5.90,4.50,310.10,305.00
10-Aug-25 11:29:00 AM AEST,nan,nan,nan,nan,nan,nan,300.20,0.62,10.60,6.10,297.40,295.00
10-Aug-25 11:30:00 AM AEST,23.7,77.0,nan,nan,nan,nan,284.00,0.56,8.30,5.60,283.80,279.90
10-Aug-25 11:31:00 AM AEST,nan,nan,19.5,nan,nan,nan,287.40,0.28,4.70,2.80,288.80,265.80
10-Aug-25 11:31:04 AM AEST,23.8,nan,nan,nan,nan,nan,nan,nan,nan,nan,nan,nan
10-Aug-25 11:31:04 AM AEST,23.9,nan,nan,nan,nan,nan,nan,nan,nan,nan,nan,nan
10-Aug-25 11:32:00 AM AEST,nan,77.3,nan,nan,nan,nan,293.50,0.35,5.90,3.50,292.10,261.60
10-Aug-25 11:32:08 AM AEST,23.8,nan,nan,nan,nan,nan,nan,nan,nan,nan,nan,nan
10-Aug-25 11:33:00 AM AEST,nan,77.5,19.7,nan,nan,nan,296.60,0.42,7.10,4.10,298.60,257.50
10-Aug-25 11:34:00 AM AEST,nan,77.2,nan,nan,nan,nan,290.20,0.47,nan,4.60,291.90,248.30
10-Aug-25 11:35:00 AM AEST,23.7,76.3,19.6,nan,nan,nan,259.40,0.51,8.30,5.10,259.60,235.80
10-Aug-25 11:36:00 AM AEST,nan,76.2,19.3,nan,nan,nan,328.80,0.47,7.10,4.30,328.40,229.20
10-Aug-25 11:37:00 AM AEST,nan,76.7,nan,nan,nan,nan,316.90,nan,nan,4.60,317.70,235.80
10-Aug-25 11:38:00 AM AEST,23.6,76.3,19.4,nan,nan,nan,296.50,0.63,8.30,6.10,297.10,251.70
10-Aug-25 11:39:00 AM AEST,nan,76.0,19.2,nan,nan,nan,291.50,0.36,5.90,3.50,294.00,265.80
10-Aug-25 11:40:00 AM AEST,23.7,76.5,19.1,nan,nan,nan,310.20,0.25,3.50,2.50,310.20,270.80
10-Aug-25 11:41:00 AM AEST,nan,77.2,19.3,nan,nan,nan,309.60,0.35,4.70,3.50,309.60,271.60
10-Aug-25 11:42:00 AM AEST,nan,76.8,19.5,nan,nan,nan,319.30,0.54,8.30,5.30,321.50,271.70
10-Aug-25 11:43:00 AM AEST,nan,76.5,19.4,nan,nan,nan,317.60,0.49,5.90,4.80,317.50,280.80
10-Aug-25 11:44:00 AM AEST,23.6,75.8,19.3,nan,nan,nan,297.40,0.46,7.10,4.50,295.70,299.10
10-Aug-25 11:45:00 AM AEST,nan,76.0,19.1,nan,nan,nan,316.50,0.28,5.90,2.80,316.40,323.30
10-Aug-25 11:45:04 AM AEST,23.7,nan,nan,nan,nan,nan,nan,nan,nan,nan,nan,nan
10-Aug-25 11:46:00 AM AEST,nan,76.2,19.2,nan,nan,nan,341.80,0.34,4.70,3.30,347.00,334.90
10-Aug-25 11:46:08 AM AEST,23.8,nan,nan,nan,nan,nan,nan,nan,nan,nan,nan,nan
10-Aug-25 11:47:00 AM AEST,nan,76.7,19.3,nan,nan,nan,357.00,0.26,nan,2.60,357.00,317.50
10-Aug-25 11:47:12 AM AEST,23.9,nan,nan,nan,nan,nan,nan,nan,nan,nan,nan,nan
10-Aug-25 11:48:00 AM AEST,nan,77.0,19.5,nan,nan,nan,356.80,0.37,5.90,3.70,356.80,308.30
10-Aug-25 11:49:00 AM AEST,nan,nan,19.6,nan,nan,nan,353.10,0.40,nan,3.90,353.50,286.70
10-Aug-25 11:50:00 AM AEST,24.0,nan,19.7,nan,nan,nan,0.20,0.47,7.10,4.70,0.20,263.30
10-Aug-25 11:51:00 AM AEST,nan,76.2,nan,nan,nan,nan,293.80,0.54,10.60,5.20,295.50,250.80
10-Aug-25 11:51:04 AM AEST,23.9,nan,nan,nan,nan,nan,nan,nan,nan,nan,nan,nan
10-Aug-25 11:52:00 AM AEST,nan,76.0,19.4,nan,nan,nan,341.50,0.40,4.70,3.70,341.00,251.70
10-Aug-25 11:53:00 AM AEST,nan,nan,nan,nan,nan,nan,327.50,0.53,7.10,3.80,328.50,257.40
10-Aug-25 11:54:00 AM AEST,23.8,75.7,nan,nan,nan,nan,313.30,0.38,nan,nan,313.00,265.80
10-Aug-25 11:55:00 AM AEST,nan,nan,19.3,nan,nan,nan,313.60,0.20,3.50,2.00,313.60,274.90
10-Aug-25 11:55:04 AM AEST,23.9,nan,nan,nan,nan,nan,nan,nan,nan,nan,nan,nan
10-Aug-25 11:56:00 AM AEST,nan,75.8,19.4,nan,nan,nan,281.00,0.38,5.90,3.40,279.00,290.00
10-Aug-25 11:56:08 AM AEST,24.0,nan,nan,nan,nan,nan,nan,nan,nan,nan,nan,nan
10-Aug-25 11:57:00 AM AEST,nan,75.0,nan,nan,nan,nan,271.70,0.66,9.50,6.50,272.80,308.30
10-Aug-25 11:57:12 AM AEST,23.9,nan,nan,nan,nan,nan,nan,nan,nan,nan,nan,nan
10-Aug-25 11:57:12 AM AEST,23.8,nan,nan,nan,nan,nan,nan,nan,nan,nan,nan,nan
10-Aug-25 11:58:00 AM AEST,nan,74.7,19.2,nan,nan,nan,282.10,0.52,nan,5.00,287.40,314.90
10-Aug-25 11:58:16 AM AEST,23.7,nan,nan,nan,nan,nan,nan,nan,nan,nan,nan,nan
10-Aug-25 11:59:00 AM AEST,nan,nan,19.0,nan,nan,nan,297.30,0.56,8.30,5.60,297.70,316.70
10-Aug-25 11:59:20 AM AEST,23.8,nan,nan,nan,nan,nan,nan,nan,nan,nan,nan,nan
10-Aug-25 12:00:00 PM AEST,nan,nan,nan,nan,nan,nan,287.10,0.31,4.70,3.10,287.00,314.10
10-Aug-25 12:00:24 PM AEST,23.9,nan,nan,nan,nan,nan,nan,nan,nan,nan,nan,nan
10-Aug-25 12:00:28 PM AEST,nan,nan,nan,nan,nan,0.20,nan,nan,nan,nan,nan,nan
10-Aug-25 12:01:00 PM AEST,nan,75.5,nan,nan,nan,nan,299.40,0.33,nan,3.20,301.60,309.20
10-Aug-25 12:02:00 PM AEST,nan,75.2,19.3,nan,nan,nan,299.20,0.34,nan,3.30,297.80,303.30
10-Aug-25 12:03:00 PM AEST,nan,74.8,19.2,nan,nan,nan,302.20,0.56,8.30,5.40,304.30,294.20
10-Aug-25 12:04:00 PM AEST,23.8,74.7,nan,nan,nan,nan,288.80,0.57,nan,5.50,287.90,288.30
10-Aug-25 12:05:00 PM AEST,nan,nan,19.1,nan,nan,nan,294.50,0.45,5.90,4.50,294.50,283.30
10-Aug-25 12:06:00 PM AEST,23.9,75.0,nan,nan,nan,nan,294.30,0.21,3.50,2.10,294.30,276.70
10-Aug-25 12:07:00 PM AEST,nan,nan,19.2,nan,nan,nan,nan,0.20,nan,2.00,294.20,279.90
10-Aug-25 12:07:04 PM AEST,24.0,nan,nan,nan,nan,nan,nan,nan,nan,nan,nan,nan
10-Aug-25 12:08:00 PM AEST,nan,75.2,19.3,nan,nan,nan,293.10,0.18,nan,1.80,293.30,295.00
10-Aug-25 12:09:00 PM AEST,24.1,75.5,19.4,nan,nan,nan,293.30,nan,nan,nan,293.20,304.10
10-Aug-25 12:10:00 PM AEST,nan,76.0,19.5,nan,nan,nan,293.20,0.15,4.70,1.50,293.00,300.00
10-Aug-25 12:11:00 PM AEST,24.2,75.7,19.6,nan,nan,nan,292.70,0.29,nan,2.90,292.60,290.80
10-Aug-25 12:12:00 PM AEST,nan,75.0,nan,nan,nan,nan,292.60,0.27,3.50,2.70,292.50,284.90
10-Aug-25 12:13:00 PM AEST,nan,75.5,19.4,nan,nan,nan,292.90,0.20,nan,2.00,292.90,260.80
10-Aug-25 12:14:00 PM AEST,24.4,76.2,19.6,nan,nan,nan,293.00,0.24,4.70,2.40,nan,245.80
10-Aug-25 12:15:00 PM AEST,nan,76.5,19.9,nan,nan,nan,304.10,0.51,13.00,5.00,312.40,229.20
10-Aug-25 12:15:04 PM AEST,24.3,nan,nan,nan,nan,nan,nan,nan,nan,nan,nan,nan
10-Aug-25 12:16:00 PM AEST,nan,75.7,nan,nan,nan,nan,306.20,0.40,5.90,3.90,307.60,214.10
10-Aug-25 12:16:08 PM AEST,24.2,nan,nan,nan,nan,nan,nan,nan,nan,nan,nan,nan
10-Aug-25 12:17:00 PM AEST,nan,75.5,19.6,nan,nan,nan,308.00,0.33,4.70,3.30,308.10,203.30
10-Aug-25 12:18:00 PM AEST,nan,76.0,nan,nan,nan,nan,323.90,0.53,8.30,5.20,324.30,193.30
10-Aug-25 12:19:00 PM AEST,24.0,75.7,19.7,nan,nan,nan,327.10,0.57,9.50,5.40,327.10,190.80
10-Aug-25 12:20:00 PM AEST,nan,76.0,19.4,nan,nan,nan,334.10,0.49,8.30,4.80,335.10,201.70
10-Aug-25 12:20:04 PM AEST,23.9,nan,nan,nan,nan,nan,nan,nan,nan,nan,nan,nan
10-Aug-25 12:21:00 PM AEST,nan,76.5,nan,nan,nan,nan,344.50,0.37,7.10,3.40,353.20,223.30
10-Aug-25 12:22:00 PM AEST,23.7,76.3,19.5,nan,nan,nan,334.70,0.57,8.30,4.50,338.90,253.30
10-Aug-25 12:23:00 PM AEST,nan,76.5,19.3,nan,nan,nan,325.10,0.28,4.70,2.80,325.10,285.80
10-Aug-25 12:23:04 PM AEST,23.6,nan,nan,nan,nan,nan,nan,nan,nan,nan,nan,nan
10-Aug-25 12:24:00 PM AEST,nan,76.8,19.2,nan,nan,nan,7.80,0.52,8.30,4.60,15.40,310.80
10-Aug-25 12:25:00 PM AEST,23.5,nan,19.3,nan,nan,nan,3.90,0.33,4.70,3.30,3.90,329.20
10-Aug-25 12:26:00 PM AEST,nan,76.7,19.2,nan,nan,nan,4.60,0.12,2.40,1.20,4.40,340.80
10-Aug-25 12:26:04 PM AEST,23.6,nan,nan,nan,nan,nan,nan,nan,nan,nan,nan,nan
10-Aug-25 12:26:04 PM AEST,23.7,nan,nan,nan,nan,nan,nan,nan,nan,nan,nan,nan
10-Aug-25 12:27:00 PM AEST,nan,77.2,nan,nan,nan,nan,nan,0.15,3.50,1.50,4.50,350.00
10-Aug-25 12:28:00 PM AEST,nan,77.5,19.5,nan,nan,nan,nan,0.22,nan,2.20,4.40,356.60
10-Aug-25 12:29:00 PM AEST,nan,77.2,nan,nan,nan,nan,nan,0.17,nan,1.70,4.70,364.20
10-Aug-25 12:30:00 PM AEST,nan,77.5,nan,nan,nan,nan,29.30,0.46,7.10,4.10,36.80,358.30
10-Aug-25 12:31:00 PM AEST,23.6,76.7,19.6,nan,nan,nan,64.90,0.64,nan,6.40,64.90,334.20
10-Aug-25 12:32:00 PM AEST,nan,75.7,19.3,nan,nan,nan,75.10,0.70,9.50,6.90,74.10,318.30
10-Aug-25 12:32:04 PM AEST,23.4,nan,nan,nan,nan,nan,nan,nan,nan,nan,nan,nan
10-Aug-25 12:33:00 PM AEST,nan,75.8,18.9,nan,nan,nan,79.10,0.31,4.70,3.10,78.20,294.10
10-Aug-25 12:33:08 PM AEST,23.5,nan,nan,nan,nan,nan,nan,nan,nan,nan,nan,nan
10-Aug-25 12:34:00 PM AEST,nan,nan,nan,nan,nan,nan,304.10,0.49,7.10,4.10,299.90,270.00
10-Aug-25 12:35:00 PM AEST,nan,75.3,19.0,nan,nan,nan,286.80,0.57,8.30,5.50,288.20,243.30
10-Aug-25 12:36:00 PM AEST,23.4,75.5,18.9,nan,nan,nan,307.30,0.54,nan,5.40,307.40,217.50
10-Aug-25 12:37:00 PM AEST,nan,75.8,nan,nan,nan,nan,305.50,0.21,3.50,2.10,305.40,195.80
10-Aug-25 12:37:04 PM AEST,23.5,nan,nan,nan,nan,nan,nan,nan,nan,nan,nan,nan
10-Aug-25 12:38:00 PM AEST,nan,76.7,19.0,nan,nan,nan,nan,nan,nan,nan,305.50,190.00
10-Aug-25 12:38:08 PM AEST,23.6,nan,nan,nan,nan,nan,nan,nan,nan,nan,nan,nan
10-Aug-25 12:39:00 PM AEST,nan,76.5,19.3,nan,nan,nan,299.10,0.51,9.50,5.10,298.40,198.30
10-Aug-25 12:40:00 PM AEST,nan,76.0,19.2,nan,nan,nan,291.90,0.41,5.90,4.10,291.90,208.30
10-Aug-25 12:41:00 PM AEST,nan,76.3,19.1,nan,nan,nan,nan,0.28,3.50,2.80,291.80,216.70
10-Aug-25 12:42:00 PM AEST,nan,76.8,19.2,nan,nan,nan,292.00,0.24,nan,2.40,291.90,223.30
10-Aug-25 12:43:00 PM AEST,23.7,77.0,19.3,nan,nan,nan,nan,0.19,nan,2.00,nan,225.00
10-Aug-25 12:44:00 PM AEST,nan,77.5,19.4,nan,nan,nan,nan,0.01,1.20,0.10,291.80,227.40
10-Aug-25 12:44:04 PM AEST,23.9,nan,nan,nan,nan,nan,nan,nan,nan,nan,nan,nan
10-Aug-25 12:44:04 PM AEST,24.0,nan,nan,nan,nan,nan,nan,nan,nan,nan,nan,nan
10-Aug-25 12:45:00 PM AEST,nan,77.7,19.7,nan,nan,nan,nan,0.16,3.50,1.60,291.90,225.80
10-Aug-25 12:46:00 PM AEST,nan,77.5,19.8,nan,nan,nan,nan,0.19,nan,1.90,nan,221.70
10-Aug-25 12:47:00 PM AEST,nan,nan,nan,nan,nan,nan,291.90,0.15,2.40,1.50,nan,218.30
10-Aug-25 12:48:00 PM AEST,nan,77.3,nan,nan,nan,nan,292.00,0.25,4.70,2.50,nan,223.30
10-Aug-25 12:49:00 PM AEST,nan,77.0,nan,nan,nan,nan,315.40,0.56,7.10,5.40,316.60,234.10
10-Aug-25 12:50:00 PM AEST,23.9,76.5,19.7,nan,nan,nan,304.40,0.28,4.70,2.80,304.30,243.30
10-Aug-25 12:51:00 PM AEST,nan,75.8,19.5,nan,nan,nan,304.20,0.22,3.50,2.20,304.20,249.90
10-Aug-25 12:52:00 PM AEST,nan,76.0,19.3,nan,nan,nan,304.30,0.18,nan,1.80,nan,257.50
10-Aug-25 12:53:00 PM AEST,24.0,76.3,19.4,nan,nan,nan,nan,0.01,1.20,0.10,303.70,255.00
10-Aug-25 12:54:00 PM AEST,nan,76.7,19.6,nan,nan,nan,304.40,0.21,3.50,2.10,304.40,245.80
10-Aug-25 12:54:04 PM AEST,24.1,nan,nan,nan,nan,nan,nan,nan,nan,nan,nan,nan
10-Aug-25 12:55:00 PM AEST,nan,76.8,19.7,nan,nan,nan,nan,0.31,4.70,3.10,nan,240.00
10-Aug-25 12:55:08 PM AEST,24.0,nan,nan,nan,nan,nan,nan,nan,nan,nan,nan,nan
10-Aug-25 12:55:08 PM AEST,24.1,nan,nan,nan,nan,nan,nan,nan,nan,nan,nan,nan
10-Aug-25 12:56:00 PM AEST,nan,76.7,nan,nan,nan,nan,304.50,0.22,3.50,2.20,304.50,238.30
10-Aug-25 12:57:00 PM AEST,nan,77.0,nan,nan,nan,nan,309.30,0.20,7.10,2.00,319.80,243.30
10-Aug-25 12:58:00 PM AEST,nan,nan,19.8,nan,nan,nan,334.20,0.40,5.90,4.00,334.10,254.90
10-Aug-25 12:59:00 PM AEST,nan,76.5,nan,nan,nan,nan,328.90,0.37,nan,3.70,329.00,267.50
10-Aug-25 1:00:00 PM AEST,nan,75.8,19.7,nan,nan,nan,321.60,0.33,nan,3.20,320.50,276.70
10-Aug-25 1:00:32 PM AEST,nan,nan,nan,nan,nan,0.22,nan,nan,nan,nan,nan,nan
10-Aug-25 1:01:00 PM AEST,nan,nan,19.5,nan,nan,nan,298.80,0.41,nan,4.10,298.70,282.40
10-Aug-25 1:02:00 PM AEST,24.0,75.3,nan,nan,nan,nan,279.80,0.50,7.10,5.00,279.80,293.30
10-Aug-25 1:03:00 PM AEST,nan,75.0,19.4,nan,nan,nan,279.50,0.21,4.70,2.10,279.50,305.80
10-Aug-25 1:03:04 PM AEST,24.1,nan,nan,nan,nan,nan,nan,nan,nan,nan,nan,nan
10-Aug-25 1:04:00 PM AEST,nan,75.5,nan,nan,nan,nan,282.40,0.25,8.30,2.50,287.40,314.20
10-Aug-25 1:04:08 PM AEST,24.2,nan,nan,nan,nan,nan,nan,nan,nan,nan,nan,nan
10-Aug-25 1:05:00 PM AEST,nan,75.2,19.6,nan,nan,nan,301.80,0.37,7.10,3.70,301.90,324.10
10-Aug-25 1:05:12 PM AEST,24.1,nan,nan,nan,nan,nan,nan,nan,nan,nan,nan,nan
10-Aug-25 1:06:00 PM AEST,nan,74.5,19.5,nan,nan,nan,287.20,0.45,5.90,4.40,284.90,333.30
10-Aug-25 1:06:16 PM AEST,24.2,nan,nan,nan,nan,nan,nan,nan,nan,nan,nan,nan
10-Aug-25 1:07:00 PM AEST,nan,nan,19.3,nan,nan,nan,281.90,0.26,nan,2.60,281.90,340.00
10-Aug-25 1:08:00 PM AEST,nan,74.7,nan,nan,nan,nan,306.10,0.44,nan,4.20,307.70,343.30
10-Aug-25 1:09:00 PM AEST,nan,74.0,19.4,nan,nan,nan,331.20,0.34,nan,3.40,331.30,346.70
10-Aug-25 1:10:00 PM AEST,24.4,74.3,19.3,nan,nan,nan,330.90,0.19,3.50,1.90,330.90,347.40
10-Aug-25 1:11:00 PM AEST,nan,74.0,19.5,nan,nan,nan,330.80,0.18,nan,1.80,nan,343.30
10-Aug-25 1:11:04 PM AEST,24.5,nan,nan,nan,nan,nan,nan,nan,nan,nan,nan,nan
10-Aug-25 1:12:00 PM AEST,nan,73.5,nan,nan,nan,nan,nan,0.34,4.70,3.40,330.80,339.90
10-Aug-25 1:13:00 PM AEST,nan,73.7,19.4,nan,nan,nan,347.30,0.41,5.90,4.10,347.20,339.20
10-Aug-25 1:14:00 PM AEST,nan,nan,19.5,nan,nan,nan,348.30,0.21,3.50,2.10,348.30,342.50
10-Aug-25 1:15:00 PM AEST,24.6,73.5,nan,nan,nan,nan,303.80,0.31,5.90,3.00,303.00,346.60
10-Aug-25 1:16:00 PM AEST,nan,73.2,nan,nan,nan,nan,295.40,0.08,2.40,0.80,294.90,355.00
10-Aug-25 1:16:04 PM AEST,24.7,nan,nan,nan,nan,nan,nan,nan,nan,nan,nan,nan
10-Aug-25 1:17:00 PM AEST,nan,73.3,19.6,nan,nan,nan,296.30,0.18,4.70,1.80,296.60,363.30
10-Aug-25 1:17:08 PM AEST,24.8,nan,nan,nan,nan,nan,nan,nan,nan,nan,nan,nan
10-Aug-25 1:18:00 PM AEST,nan,73.5,19.7,nan,nan,nan,6.40,0.43,5.90,4.30,6.10,368.30
10-Aug-25 1:19:00 PM AEST,24.9,73.7,19.8,nan,nan,nan,6.20,0.47,nan,4.70,6.30,367.40
10-Aug-25 1:20:00 PM AEST,nan,73.3,nan,nan,nan,nan,324.20,0.43,7.10,3.90,323.90,367.50
10-Aug-25 1:20:04 PM AEST,24.8,nan,nan,nan,nan,nan,nan,nan,nan,nan,nan,nan
10-Aug-25 1:21:00 PM AEST,nan,72.7,19.7,nan,nan,nan,321.50,0.38,5.90,3.80,320.70,369.20
10-Aug-25 1:21:08 PM AEST,24.9,nan,nan,nan,nan,nan,nan,nan,nan,nan,nan,nan
10-Aug-25 1:22:00 PM AEST,nan,72.3,19.6,nan,nan,nan,310.50,0.41,9.50,4.00,305.70,370.80
10-Aug-25 1:23:00 PM AEST,24.8,71.8,nan,nan,nan,nan,321.80,0.56,8.30,5.50,322.60,372.50
10-Aug-25 1:24:00 PM AEST,nan,72.2,19.4,nan,nan,nan,313.20,0.27,4.70,2.60,310.70,374.10
10-Aug-25 1:24:04 PM AEST,25.0,nan,nan,nan,nan,nan,nan,nan,nan,nan,nan,nan
10-Aug-25 1:25:00 PM AEST,nan,72.5,19.6,nan,nan,nan,289.80,0.26,3.50,nan,289.50,375.00
10-Aug-25 1:25:08 PM AEST,25.1,nan,nan,nan,nan,nan,nan,nan,nan,nan,nan,nan
10-Aug-25 1:26:00 PM AEST,nan,72.7,19.7,nan,nan,nan,302.80,0.43,7.10,4.10,307.30,377.40
10-Aug-25 1:26:12 PM AEST,25.0,nan,nan,nan,nan,nan,nan,nan,nan,nan,nan,nan
10-Aug-25 1:27:00 PM AEST,nan,71.8,19.8,nan,nan,nan,302.50,0.63,8.30,6.00,303.10,381.70
10-Aug-25 1:27:16 PM AEST,24.9,nan,nan,nan,nan,nan,nan,nan,nan,nan,nan,nan
10-Aug-25 1:28:00 PM AEST,nan,71.0,19.6,nan,nan,nan,285.90,0.39,5.90,3.80,287.50,386.70
10-Aug-25 1:29:00 PM AEST,nan,71.3,19.3,nan,nan,nan,304.90,0.40,nan,4.00,304.90,387.40
10-Aug-25 1:30:00 PM AEST,25.0,72.0,19.4,nan,nan,nan,291.50,0.44,7.10,4.20,293.10,389.20
10-Aug-25 1:31:00 PM AEST,nan,71.8,19.6,nan,nan,nan,293.90,0.47,nan,4.50,297.10,388.30
10-Aug-25 1:32:00 PM AEST,nan,72.2,nan,nan,nan,nan,325.70,0.53,8.30,5.30,325.70,381.70
10-Aug-25 1:33:00 PM AEST,25.1,72.5,nan,nan,nan,nan,311.30,0.34,7.10,3.10,300.50,362.40
10-Aug-25 1:34:00 PM AEST,nan,72.2,19.8,nan,nan,nan,282.10,0.36,5.90,3.60,282.30,340.00
10-Aug-25 1:35:00 PM AEST,25.2,72.7,19.7,nan,nan,nan,312.20,0.51,8.30,4.50,311.80,313.30
10-Aug-25 1:36:00 PM AEST,nan,72.0,19.9,nan,nan,nan,293.60,0.63,9.50,6.20,293.40,284.90
10-Aug-25 1:36:04 PM AEST,25.1,nan,nan,nan,nan,nan,nan,nan,nan,nan,nan,nan
10-Aug-25 1:37:00 PM AEST,nan,nan,19.7,nan,nan,nan,299.40,0.47,7.10,4.70,299.40,252.50
10-Aug-25 1:37:08 PM AEST,25.0,nan,nan,nan,nan,nan,nan,nan,nan,nan,nan,nan
10-Aug-25 1:38:00 PM AEST,nan,72.2,19.6,nan,nan,nan,315.40,0.51,8.30,4.90,318.40,219.10
10-Aug-25 1:38:12 PM AEST,24.9,nan,nan,nan,nan,nan,nan,nan,nan,nan,nan,nan
10-Aug-25 1:38:12 PM AEST,24.8,nan,nan,nan,nan,nan,nan,nan,nan,nan,nan,nan
10-Aug-25 1:39:00 PM AEST,nan,72.3,19.5,nan,nan,nan,350.30,0.82,11.80,6.70,347.30,191.70
10-Aug-25 1:39:16 PM AEST,24.6,nan,nan,nan,nan,nan,nan,nan,nan,nan,nan,nan
10-Aug-25 1:40:00 PM AEST,nan,72.7,19.4,nan,nan,nan,344.20,0.51,nan,4.90,348.10,175.00
10-Aug-25 1:40:20 PM AEST,24.5,nan,nan,nan,nan,nan,nan,nan,nan,nan,nan,nan
10-Aug-25 1:41:00 PM AEST,nan,73.3,19.3,nan,nan,nan,333.20,0.66,10.60,6.30,335.60,170.80
10-Aug-25 1:41:24 PM AEST,24.2,nan,nan,nan,nan,nan,nan,nan,nan,nan,nan,nan
10-Aug-25 1:42:00 PM AEST,nan,73.7,19.4,nan,nan,nan,301.70,0.88,11.80,8.30,299.70,175.00
10-Aug-25 1:42:28 PM AEST,23.9,nan,nan,nan,nan,nan,nan,nan,nan,nan,nan,nan
10-Aug-25 1:43:00 PM AEST,nan,74.3,19.2,nan,nan,nan,309.80,0.49,7.10,4.80,309.00,185.80
10-Aug-25 1:44:00 PM AEST,nan,75.5,19.1,nan,nan,nan,311.60,0.50,nan,5.00,310.10,195.80
10-Aug-25 1:45:00 PM AEST,23.8,76.0,19.3,nan,nan,nan,351.20,0.62,9.50,4.40,357.50,210.00
10-Aug-25 1:46:00 PM AEST,nan,76.3,nan,nan,nan,nan,322.20,0.57,10.60,5.60,325.20,224.20
10-Aug-25 1:46:04 PM AEST,23.6,nan,nan,nan,nan,nan,nan,nan,nan,nan,nan,nan
10-Aug-25 1:47:00 PM AEST,nan,76.8,19.2,nan,nan,nan,341.70,0.42,5.90,4.10,342.40,235.00
10-Aug-25 1:48:00 PM AEST,nan,77.5,19.3,nan,nan,nan,15.60,0.40,nan,4.00,16.10,238.30
10-Aug-25 1:49:00 PM AEST,nan,77.8,19.4,nan,nan,nan,21.30,0.17,3.50,1.70,21.30,230.80
10-Aug-25 1:50:00 PM AEST,nan,78.3,19.5,nan,nan,nan,21.00,0.37,7.10,3.70,20.80,213.30
10-Aug-25 1:51:00 PM AEST,23.5,78.7,19.6,nan,nan,nan,25.90,0.34,4.70,3.40,25.90,190.80
10-Aug-25 1:52:00 PM AEST,nan,78.8,19.5,nan,nan,nan,6.40,0.35,5.90,3.20,1.80,172.50
10-Aug-25 1:52:04 PM AEST,23.4,nan,nan,nan,nan,nan,nan,nan,nan,nan,nan,nan
10-Aug-25 1:53:00 PM AEST,nan,79.0,nan,nan,nan,nan,338.90,0.12,2.40,1.20,338.90,160.00
10-Aug-25 1:54:00 PM AEST,nan,79.2,19.6,nan,nan,nan,275.50,0.41,7.10,3.80,275.80,154.20
10-Aug-25 1:55:00 PM AEST,23.2,79.3,nan,nan,nan,nan,307.50,0.43,nan,4.10,306.10,152.50
10-Aug-25 1:56:00 PM AEST,nan,79.7,19.4,nan,nan,nan,312.60,0.25,3.50,2.50,312.60,156.70
10-Aug-25 1:56:04 PM AEST,23.1,nan,nan,nan,nan,nan,nan,nan,nan,nan,nan,nan
10-Aug-25 1:57:00 PM AEST,nan,80.2,nan,nan,nan,nan,nan,0.13,nan,1.30,312.70,165.80
10-Aug-25 1:57:08 PM AEST,23.2,nan,nan,nan,nan,nan,nan,nan,nan,nan,nan,nan
10-Aug-25 1:57:08 PM AEST,23.1,nan,nan,nan,nan,nan,nan,nan,nan,nan,nan,nan
10-Aug-25 1:58:00 PM AEST,nan,80.5,19.6,nan,nan,nan,nan,0.19,nan,1.90,312.50,177.50
10-Aug-25 1:59:00 PM AEST,nan,nan,nan,nan,nan,nan,nan,0.21,nan,2.10,312.40,190.00
10-Aug-25 2:00:00 PM AEST,23.0,80.7,19.5,nan,nan,nan,nan,0.10,2.40,1.00,312.60,202.50
10-Aug-25 2:00:36 PM AEST,nan,nan,nan,nan,nan,0.22,nan,nan,nan,nan,nan,nan
10-Aug-25 2:01:00 PM AEST,nan,81.2,nan,nan,nan,nan,nan,0.03,nan,0.30,312.50,211.70
10-Aug-25 2:01:04 PM AEST,23.1,nan,nan,nan,nan,nan,nan,nan,nan,nan,nan,nan
10-Aug-25 2:02:00 PM AEST,nan,81.7,19.7,nan,nan,nan,326.00,0.40,5.90,3.90,328.30,218.30
10-Aug-25 2:02:08 PM AEST,23.0,nan,nan,nan,nan,nan,nan,nan,nan,nan,nan,nan
10-Aug-25 2:03:00 PM AEST,nan,nan,nan,nan,nan,nan,337.40,0.26,4.70,2.60,337.40,222.50
10-Aug-25 2:03:12 PM AEST,22.9,nan,nan,nan,nan,nan,nan,nan,nan,nan,nan,nan
10-Aug-25 2:04:00 PM AEST,nan,82.2,nan,nan,nan,nan,nan,0.37,5.90,3.70,nan,224.10
10-Aug-25 2:04:16 PM AEST,22.8,nan,nan,nan,nan,nan,nan,nan,nan,nan,nan,nan
10-Aug-25 2:05:00 PM AEST,nan,82.5,nan,nan,nan,nan,nan,0.26,4.70,2.60,nan,224.20
10-Aug-25 2:05:20 PM AEST,22.9,nan,nan,nan,nan,nan,nan,nan,nan,nan,nan,nan
10-Aug-25 2:06:00 PM AEST,nan,82.8,nan,nan,nan,nan,2.80,0.41,5.90,3.80,7.70,232.40
10-Aug-25 2:06:24 PM AEST,22.8,nan,nan,nan,nan,nan,nan,nan,nan,nan,nan,nan
10-Aug-25 2:07:00 PM AEST,nan,nan,19.8,nan,nan,nan,25.50,0.43,7.10,4.30,25.50,247.50
10-Aug-25 2:08:00 PM AEST,nan,nan,19.7,nan,nan,nan,38.30,0.35,5.90,3.50,38.20,262.50
10-Aug-25 2:09:00 PM AEST,nan,nan,nan,nan,nan,nan,43.10,0.31,4.70,3.10,43.00,271.60
10-Aug-25 2:10:00 PM AEST,nan,nan,nan,nan,nan,nan,42.90,0.29,nan,2.90,42.90,272.50
10-Aug-25 2:11:00 PM AEST,22.9,83.2,nan,nan,nan,nan,nan,0.08,2.40,0.80,nan,274.10
10-Aug-25 2:12:00 PM AEST,nan,83.5,19.9,nan,nan,nan,42.80,0.21,3.50,2.10,42.80,275.80
10-Aug-25 2:12:04 PM AEST,23.0,nan,nan,nan,nan,nan,nan,nan,nan,nan,nan,nan
10-Aug-25 2:13:00 PM AEST,nan,nan,20.0,nan,nan,nan,42.90,0.14,2.40,1.40,42.90,281.60
10-Aug-25 2:14:00 PM AEST,nan,83.7,nan,nan,nan,nan,47.20,0.46,8.30,4.60,49.10,285.80
10-Aug-25 2:15:00 PM AEST,22.9,83.3,20.1,nan,nan,nan,349.60,0.50,7.10,2.90,340.50,290.80
10-Aug-25 2:16:00 PM AEST,nan,83.2,19.9,nan,nan,nan,317.00,0.43,nan,4.20,314.00,294.90
10-Aug-25 2:17:00 PM AEST,23.0,nan,nan,nan,nan,nan,326.50,0.28,3.50,2.80,326.40,297.50
10-Aug-25 2:18:00 PM AEST,nan,82.7,20.0,nan,nan,nan,4.90,0.51,7.10,3.70,8.70,299.10
10-Aug-25 2:18:04 PM AEST,22.9,nan,nan,nan,nan,nan,nan,nan,nan,nan,nan,nan
10-Aug-25 2:19:00 PM AEST,nan,82.5,19.8,nan,nan,nan,5.90,0.48,nan,4.10,6.00,294.90
10-Aug-25 2:19:08 PM AEST,22.8,nan,nan,nan,nan,nan,nan,nan,nan,nan,nan,nan
10-Aug-25 2:20:00 PM AEST,nan,82.2,19.7,nan,nan,nan,340.80,0.52,10.60,5.10,338.30,290.00
10-Aug-25 2:20:12 PM AEST,22.9,nan,nan,nan,nan,nan,nan,nan,nan,nan,nan,nan
10-Aug-25 2:21:00 PM AEST,nan,82.0,nan,nan,nan,nan,320.50,0.53,8.30,5.30,320.50,283.30
10-Aug-25 2:21:16 PM AEST,22.8,nan,nan,nan,nan,nan,nan,nan,nan,nan,nan,nan
10-Aug-25 2:22:00 PM AEST,nan,81.8,19.6,nan,nan,nan,349.50,0.62,nan,5.60,346.70,279.90
10-Aug-25 2:23:00 PM AEST,nan,nan,19.5,nan,nan,nan,335.30,0.61,9.50,6.00,334.30,280.80
10-Aug-25 2:24:00 PM AEST,nan,82.0,nan,nan,nan,nan,339.10,0.54,7.10,5.20,339.80,282.50
10-Aug-25 2:25:00 PM AEST,nan,nan,nan,nan,nan,nan,22.40,0.52,8.30,4.90,20.50,283.30
10-Aug-25 2:26:00 PM AEST,nan,82.3,nan,nan,nan,nan,13.90,0.66,10.60,6.30,14.10,nan
10-Aug-25 2:27:00 PM AEST,22.7,82.0,19.6,nan,nan,nan,32.30,0.67,9.50,6.60,30.20,279.90
10-Aug-25 2:28:00 PM AEST,nan,nan,19.5,nan,nan,nan,12.60,0.49,7.10,3.20,0.20,283.30
10-Aug-25 2:28:04 PM AEST,22.8,nan,nan,nan,nan,nan,nan,nan,nan,nan,nan,nan
10-Aug-25 2:29:00 PM AEST,nan,82.3,19.6,nan,nan,nan,290.50,0.59,11.80,5.80,290.90,286.60
10-Aug-25 2:29:08 PM AEST,22.7,nan,nan,nan,nan,nan,nan,nan,nan,nan,nan,nan
10-Aug-25 2:30:00 PM AEST,nan,82.0,19.5,nan,nan,nan,311.80,nan,nan,nan,312.70,286.70
10-Aug-25 2:31:00 PM AEST,nan,nan,nan,nan,nan,nan,322.00,0.67,9.50,5.30,325.90,280.00
10-Aug-25 2:32:00 PM AEST,22.6,nan,nan,nan,nan,nan,331.10,0.70,nan,6.20,333.60,276.60
10-Aug-25 2:33:00 PM AEST,nan,81.7,19.4,nan,nan,nan,351.80,0.58,7.10,5.20,353.60,276.70
10-Aug-25 2:34:00 PM AEST,22.7,nan,19.3,nan,nan,nan,357.80,0.56,nan,5.10,359.10,281.60
10-Aug-25 2:35:00 PM AEST,nan,82.0,19.4,nan,nan,nan,350.40,0.50,nan,4.90,353.10,287.50
10-Aug-25 2:36:00 PM AEST,nan,81.8,nan,nan,nan,nan,341.00,0.60,8.30,4.50,338.90,298.30
10-Aug-25 2:37:00 PM AEST,22.6,nan,nan,nan,nan,nan,322.70,0.66,10.60,6.50,321.50,309.20
10-Aug-25 2:38:00 PM AEST,nan,81.7,nan,nan,nan,nan,307.30,0.68,9.50,6.70,307.80,319.90
10-Aug-25 2:38:04 PM AEST,22.7,nan,nan,nan,nan,nan,nan,nan,nan,nan,nan,nan
10-Aug-25 2:39:00 PM AEST,nan,nan,19.3,nan,nan,nan,328.70,0.52,7.10,5.10,330.00,330.00
10-Aug-25 2:40:00 PM AEST,nan,82.0,19.4,nan,nan,nan,337.70,0.55,9.50,4.50,340.10,336.70
10-Aug-25 2:41:00 PM AEST,22.8,81.8,19.5,nan,nan,nan,326.90,0.40,nan,3.50,319.70,343.30
10-Aug-25 2:42:00 PM AEST,nan,82.0,nan,nan,nan,nan,315.20,0.88,11.80,8.40,315.00,355.00
10-Aug-25 2:42:04 PM AEST,22.7,nan,nan,nan,nan,nan,nan,nan,nan,nan,nan,nan
10-Aug-25 2:43:00 PM AEST,nan,81.8,nan,nan,nan,nan,335.10,0.51,10.60,5.00,335.80,369.10
10-Aug-25 2:43:08 PM AEST,22.8,nan,nan,nan,nan,nan,nan,nan,nan,nan,nan,nan
10-Aug-25 2:44:00 PM AEST,nan,82.2,nan,nan,nan,nan,323.90,0.52,8.30,4.50,318.20,382.50
10-Aug-25 2:45:00 PM AEST,nan,82.0,19.6,nan,nan,nan,279.40,0.82,10.60,8.10,279.50,367.40
10-Aug-25 2:46:00 PM AEST,22.7,81.8,nan,nan,nan,nan,281.70,0.60,8.30,6.00,281.60,377.50
10-Aug-25 2:47:00 PM AEST,nan,82.0,19.4,nan,nan,nan,291.50,0.46,nan,4.40,293.30,388.30
10-Aug-25 2:47:04 PM AEST,22.8,nan,nan,nan,nan,nan,nan,nan,nan,nan,nan,nan
10-Aug-25 2:48:00 PM AEST,nan,82.5,19.6,nan,nan,nan,321.10,0.62,9.50,6.10,323.70,409.90
10-Aug-25 2:48:08 PM AEST,22.9,nan,nan,nan,nan,nan,nan,nan,nan,nan,nan,nan
10-Aug-25 2:49:00 PM AEST,nan,nan,19.7,nan,nan,nan,311.20,0.69,11.80,6.50,310.10,473.30
10-Aug-25 2:49:12 PM AEST,23.0,nan,nan,nan,nan,nan,nan,nan,nan,nan,nan,nan
10-Aug-25 2:50:00 PM AEST,nan,nan,19.8,nan,nan,nan,325.20,0.64,9.50,6.20,325.60,738.20
10-Aug-25 2:50:16 PM AEST,23.1,nan,nan,nan,nan,nan,nan,nan,nan,nan,nan,nan
10-Aug-25 2:51:00 PM AEST,nan,82.2,19.9,nan,nan,nan,280.40,0.53,10.60,5.10,284.60,708.30
10-Aug-25 2:51:20 PM AEST,23.3,nan,nan,nan,nan,nan,nan,nan,nan,nan,nan,nan
10-Aug-25 2:52:00 PM AEST,nan,nan,nan,nan,nan,nan,310.30,nan,9.50,4.40,311.90,594.10
10-Aug-25 2:52:24 PM AEST,23.4,nan,nan,nan,nan,nan,nan,nan,nan,nan,nan,nan
10-Aug-25 2:53:00 PM AEST,nan,81.7,20.1,nan,nan,nan,29.30,0.85,13.00,8.20,31.10,684.20
10-Aug-25 2:53:28 PM AEST,23.5,nan,nan,nan,nan,nan,nan,nan,nan,nan,nan,nan
10-Aug-25 2:54:00 PM AEST,nan,nan,nan,nan,nan,nan,349.20,0.58,8.30,5.30,352.30,720.00
10-Aug-25 2:54:32 PM AEST,23.7,nan,nan,nan,nan,nan,nan,nan,nan,nan,nan,nan
10-Aug-25 2:55:00 PM AEST,nan,nan,20.2,nan,nan,nan,348.30,0.46,7.10,4.40,348.80,702.40
10-Aug-25 2:55:36 PM AEST,24.0,nan,nan,nan,nan,nan,nan,nan,nan,nan,nan,nan
10-Aug-25 2:56:00 PM AEST,nan,81.8,20.4,nan,nan,nan,40.30,0.56,10.60,5.40,37.70,691.70
10-Aug-25 2:56:40 PM AEST,24.1,nan,nan,nan,nan,nan,nan,nan,nan,nan,nan,nan
10-Aug-25 2:57:00 PM AEST,nan,81.3,20.7,nan,nan,nan,335.50,0.62,9.50,6.10,333.90,668.30
10-Aug-25 2:58:00 PM AEST,nan,80.8,nan,nan,nan,nan,356.20,0.60,7.10,5.10,356.90,646.70
10-Aug-25 2:59:00 PM AEST,24.3,80.3,20.6,nan,nan,nan,21.50,0.63,11.80,5.30,33.60,624.10
10-Aug-25 3:00:00 PM AEST,nan,80.0,20.7,nan,nan,nan,331.60,0.61,nan,5.40,339.90,575.80
10-Aug-25 3:00:40 PM AEST,nan,nan,nan,nan,nan,0.24,nan,nan,nan,nan,nan,nan
10-Aug-25 3:01:00 PM AEST,24.4,79.7,20.6,nan,nan,nan,302.10,0.41,7.10,4.10,301.90,589.20
10-Aug-25 3:02:00 PM AEST,nan,79.3,nan,nan,nan,nan,302.00,0.46,5.90,4.60,nan,569.90
10-Aug-25 3:03:00 PM AEST,24.5,79.5,nan,nan,nan,nan,324.40,0.67,10.60,6.60,325.50,539.20
10-Aug-25 3:04:00 PM AEST,nan,79.2,20.7,nan,nan,nan,329.90,nan,nan,6.70,328.70,565.80
10-Aug-25 3:04:04 PM AEST,24.4,nan,nan,nan,nan,nan,nan,nan,nan,nan,nan,nan
10-Aug-25 3:05:00 PM AEST,nan,79.0,20.6,nan,nan,nan,344.90,0.82,nan,7.70,346.10,565.00
10-Aug-25 3:05:08 PM AEST,24.5,nan,nan,nan,nan,nan,nan,nan,nan,nan,nan,nan
10-Aug-25 3:06:00 PM AEST,nan,78.8,nan,nan,nan,nan,346.20,0.55,14.20,5.30,349.80,550.80
10-Aug-25 3:07:00 PM AEST,nan,78.7,nan,nan,nan,nan,20.20,0.96,13.00,8.60,20.50,540.00
10-Aug-25 3:08:00 PM AEST,24.6,nan,nan,nan,nan,nan,331.20,0.51,8.30,4.40,336.80,461.70
10-Aug-25 3:09:00 PM AEST,nan,78.8,nan,nan,nan,nan,43.70,0.79,11.80,7.70,45.20,517.40
10-Aug-25 3:10:00 PM AEST,nan,78.7,20.7,nan,nan,nan,33.00,0.72,nan,6.80,37.90,486.70
10-Aug-25 3:11:00 PM AEST,24.7,78.8,20.6,nan,nan,nan,346.40,0.43,5.90,4.10,346.60,499.90
10-Aug-25 3:12:00 PM AEST,nan,79.0,20.7,nan,nan,nan,35.80,0.61,8.30,5.30,41.00,493.30
10-Aug-25 3:12:04 PM AEST,24.8,nan,nan,nan,nan,nan,nan,nan,nan,nan,nan,nan
10-Aug-25 3:13:00 PM AEST,nan,78.5,20.9,nan,nan,nan,36.60,0.57,9.50,5.10,37.40,488.30
10-Aug-25 3:14:00 PM AEST,nan,78.0,20.8,nan,nan,nan,17.60,0.85,14.20,7.90,15.60,483.30
10-Aug-25 3:15:00 PM AEST,nan,77.3,20.7,nan,nan,nan,332.80,0.73,9.50,6.80,333.30,485.00
10-Aug-25 3:16:00 PM AEST,nan,77.2,20.5,nan,nan,nan,321.80,0.54,nan,5.20,320.10,486.60
10-Aug-25 3:17:00 PM AEST,nan,77.0,nan,nan,nan,nan,311.60,0.43,5.90,4.20,310.20,489.20
10-Aug-25 3:18:00 PM AEST,25.0,77.2,nan,nan,nan,nan,0.60,0.54,8.30,4.70,4.80,476.60
10-Aug-25 3:19:00 PM AEST,nan,nan,20.7,nan,nan,nan,315.40,0.53,9.50,3.50,322.50,496.70
10-Aug-25 3:19:04 PM AEST,25.1,nan,nan,nan,nan,nan,nan,nan,nan,nan,nan,nan
10-Aug-25 3:19:04 PM AEST,25.2,nan,nan,nan,nan,nan,nan,nan,nan,nan,nan,nan
10-Aug-25 3:20:00 PM AEST,nan,77.0,20.8,nan,nan,nan,318.50,0.49,8.30,4.60,315.90,506.60
10-Aug-25 3:20:08 PM AEST,25.1,nan,nan,nan,nan,nan,nan,nan,nan,nan,nan,nan
10-Aug-25 3:21:00 PM AEST,nan,76.5,nan,nan,nan,nan,292.20,0.70,11.80,6.60,291.10,501.70
10-Aug-25 3:22:00 PM AEST,nan,76.0,20.7,nan,nan,nan,346.40,0.63,13.00,5.80,339.60,481.70
10-Aug-25 3:23:00 PM AEST,nan,75.7,20.5,nan,nan,nan,318.30,0.70,11.80,6.80,316.80,514.10
10-Aug-25 3:24:00 PM AEST,25.0,nan,nan,nan,nan,nan,298.70,0.92,13.00,8.90,301.80,393.30
10-Aug-25 3:25:00 PM AEST,nan,75.0,20.4,nan,nan,nan,304.80,0.60,8.30,5.60,304.00,145.00
10-Aug-25 3:25:04 PM AEST,24.8,nan,nan,nan,nan,nan,nan,nan,nan,nan,nan,nan
10-Aug-25 3:26:00 PM AEST,nan,75.7,20.1,nan,nan,nan,344.10,0.38,5.90,3.70,346.00,513.30
10-Aug-25 3:26:08 PM AEST,25.0,nan,nan,nan,nan,nan,nan,nan,nan,nan,nan,nan
10-Aug-25 3:26:08 PM AEST,25.2,nan,nan,nan,nan,nan,nan,nan,nan,nan,nan,nan
10-Aug-25 3:27:00 PM AEST,nan,76.5,20.4,nan,nan,nan,22.70,0.51,8.30,4.70,27.90,384.10
10-Aug-25 3:28:00 PM AEST,25.3,nan,20.8,nan,nan,nan,21.00,0.35,4.70,3.50,21.20,405.00
10-Aug-25 3:29:00 PM AEST,nan,nan,20.9,nan,nan,nan,12.90,0.33,5.90,3.00,18.50,169.20
10-Aug-25 3:29:04 PM AEST,25.4,nan,nan,nan,nan,nan,nan,nan,nan,nan,nan,nan
10-Aug-25 3:30:00 PM AEST,nan,75.8,21.0,nan,nan,nan,58.60,0.28,nan,2.80,58.70,114.10
10-Aug-25 3:30:08 PM AEST,25.5,nan,nan,nan,nan,nan,nan,nan,nan,nan,nan,nan
10-Aug-25 3:31:00 PM AEST,nan,nan,20.9,nan,nan,nan,19.60,0.46,7.10,4.40,15.70,100.00
10-Aug-25 3:31:12 PM AEST,25.4,nan,nan,nan,nan,nan,nan,nan,nan,nan,nan,nan
10-Aug-25 3:32:00 PM AEST,nan,nan,20.8,nan,nan,nan,12.50,0.30,4.70,3.00,12.80,117.50
10-Aug-25 3:32:16 PM AEST,25.3,nan,nan,nan,nan,nan,nan,nan,nan,nan,nan,nan
10-Aug-25 3:33:00 PM AEST,nan,75.5,20.7,nan,nan,nan,16.20,0.46,7.10,4.50,16.60,97.50
10-Aug-25 3:33:20 PM AEST,25.2,nan,nan,nan,nan,nan,nan,nan,nan,nan,nan,nan
10-Aug-25 3:33:20 PM AEST,25.0,nan,nan,nan,nan,nan,nan,nan,nan,nan,nan,nan
10-Aug-25 3:34:00 PM AEST,nan,75.0,20.6,nan,nan,nan,13.20,0.75,13.00,7.20,11.10,103.30
10-Aug-25 3:34:24 PM AEST,24.8,nan,nan,nan,nan,nan,nan,nan,nan,nan,nan,nan
10-Aug-25 3:35:00 PM AEST,nan,nan,20.3,nan,nan,nan,20.90,0.71,9.50,7.00,20.70,340.80
10-Aug-25 3:36:00 PM AEST,nan,nan,20.1,nan,nan,nan,36.80,0.50,7.10,5.00,37.00,384.20
10-Aug-25 3:37:00 PM AEST,24.9,75.7,20.0,nan,nan,nan,11.90,0.51,8.30,4.80,15.50,427.40
10-Aug-25 3:38:00 PM AEST,nan,75.5,20.3,nan,nan,nan,318.00,0.46,7.10,2.60,340.20,335.00
10-Aug-25 3:39:00 PM AEST,nan,75.2,nan,nan,nan,nan,345.20,0.63,11.80,4.80,332.10,222.40
10-Aug-25 3:40:00 PM AEST,24.8,74.7,20.2,nan,nan,nan,321.20,0.60,10.60,5.60,324.50,340.80
10-Aug-25 3:41:00 PM AEST,nan,74.3,20.0,nan,nan,nan,356.60,0.70,9.50,nan,355.50,405.00
10-Aug-25 3:41:04 PM AEST,24.7,nan,nan,nan,nan,nan,nan,nan,nan,nan,nan,nan
10-Aug-25 3:42:00 PM AEST,nan,nan,19.9,nan,nan,nan,323.70,0.63,nan,6.10,322.30,355.80
10-Aug-25 3:42:08 PM AEST,24.8,nan,nan,nan,nan,nan,nan,nan,nan,nan,nan,nan
10-Aug-25 3:43:00 PM AEST,nan,74.0,nan,nan,nan,nan,315.20,0.38,4.70,3.80,315.20,394.20
10-Aug-25 3:44:00 PM AEST,nan,74.2,19.8,nan,nan,nan,323.70,0.66,10.60,6.10,325.00,464.90
10-Aug-25 3:45:00 PM AEST,nan,73.8,19.9,nan,nan,nan,336.10,0.74,nan,6.70,334.20,328.30
10-Aug-25 3:46:00 PM AEST,nan,73.7,19.8,nan,nan,nan,307.20,0.47,8.30,4.60,310.00,319.90
10-Aug-25 3:47:00 PM AEST,24.9,nan,nan,nan,nan,nan,344.60,0.64,nan,5.40,344.50,330.00
10-Aug-25 3:48:00 PM AEST,nan,73.8,nan,nan,nan,nan,15.60,0.60,9.50,5.70,18.60,368.30
10-Aug-25 3:49:00 PM AEST,nan,74.2,19.9,nan,nan,nan,344.10,0.49,5.90,4.80,343.80,231.60
10-Aug-25 3:50:00 PM AEST,nan,74.3,20.0,nan,nan,nan,315.00,0.50,9.50,4.50,304.30,169.20
10-Aug-25 3:51:00 PM AEST,nan,74.5,nan,nan,nan,nan,339.10,0.36,4.70,1.90,331.40,130.00
10-Aug-25 3:52:00 PM AEST,nan,74.7,nan,nan,nan,nan,299.90,0.48,7.10,4.80,299.90,112.50
10-Aug-25 3:53:00 PM AEST,24.8,74.3,20.1,nan,nan,nan,nan,0.37,5.90,3.70,nan,nan
10-Aug-25 3:54:00 PM AEST,nan,74.5,19.9,nan,nan,nan,290.70,nan,nan,3.20,289.40,111.60
10-Aug-25 3:55:00 PM AEST,24.7,73.8,20.0,nan,nan,nan,257.00,0.50,8.30,4.00,257.50,123.30
10-Aug-25 3:56:00 PM AEST,nan,74.2,19.7,nan,nan,nan,218.50,0.44,7.10,3.90,225.40,144.10
10-Aug-25 3:56:04 PM AEST,24.6,nan,nan,nan,nan,nan,nan,nan,nan,nan,nan,nan
10-Aug-25 3:57:00 PM AEST,nan,74.8,nan,nan,nan,nan,344.80,0.49,5.90,nan,345.80,132.50
10-Aug-25 3:57:08 PM AEST,24.5,nan,nan,nan,nan,nan,nan,nan,nan,nan,nan,nan
10-Aug-25 3:58:00 PM AEST,nan,75.5,nan,nan,nan,nan,27.50,0.40,nan,4.00,27.40,124.10
10-Aug-25 3:59:00 PM AEST,24.4,75.8,19.9,nan,nan,nan,4.00,0.63,10.60,6.00,3.30,113.30
10-Aug-25 4:00:00 PM AEST,nan,75.7,nan,nan,nan,nan,328.80,0.79,nan,7.30,328.60,98.30
10-Aug-25 4:00:04 PM AEST,24.3,nan,nan,nan,nan,nan,nan,nan,nan,nan,nan,nan
10-Aug-25 4:00:44 PM AEST,nan,nan,nan,nan,nan,0.11,nan,nan,nan,nan,nan,nan
10-Aug-25 4:01:00 PM AEST,nan,75.2,19.7,nan,nan,nan,349.10,0.47,7.10,4.10,343.30,85.80
10-Aug-25 4:01:08 PM AEST,24.1,nan,nan,nan,nan,nan,nan,nan,nan,nan,nan,nan
10-Aug-25 4:02:00 PM AEST,nan,nan,19.4,nan,nan,nan,353.50,0.41,nan,4.00,354.70,80.80
10-Aug-25 4:03:00 PM AEST,nan,nan,nan,nan,nan,nan,9.90,0.37,5.90,3.40,10.10,85.80
10-Aug-25 4:04:00 PM AEST,nan,75.5,nan,nan,nan,nan,341.90,0.28,4.70,2.80,342.00,92.50
10-Aug-25 4:05:00 PM AEST,24.0,nan,19.5,nan,nan,nan,341.50,0.68,13.00,5.50,346.00,94.10
10-Aug-25 4:06:00 PM AEST,nan,75.3,19.4,nan,nan,nan,306.70,0.41,4.70,4.00,306.40,87.50
10-Aug-25 4:06:04 PM AEST,23.9,nan,nan,nan,nan,nan,nan,nan,nan,nan,nan,nan
10-Aug-25 4:07:00 PM AEST,nan,nan,19.3,nan,nan,nan,348.80,0.54,8.30,5.10,346.30,80.80
10-Aug-25 4:07:08 PM AEST,23.8,nan,nan,nan,nan,nan,nan,nan,nan,nan,nan,nan
10-Aug-25 4:07:08 PM AEST,23.7,nan,nan,nan,nan,nan,nan,nan,nan,nan,nan,nan
10-Aug-25 4:08:00 PM AEST,nan,75.5,19.1,nan,nan,nan,328.10,0.62,nan,5.80,329.30,88.30
10-Aug-25 4:09:00 PM AEST,nan,75.3,nan,nan,nan,nan,359.10,0.61,nan,5.60,359.10,101.70
10-Aug-25 4:10:00 PM AEST,23.6,75.7,19.0,nan,nan,nan,15.30,0.52,7.10,5.00,15.80,124.10
10-Aug-25 4:11:00 PM AEST,nan,76.0,nan,nan,nan,nan,340.50,0.34,4.70,3.40,340.70,153.30
10-Aug-25 4:12:00 PM AEST,nan,76.2,19.2,nan,nan,nan,328.00,0.64,8.30,6.30,328.20,201.60
10-Aug-25 4:13:00 PM AEST,nan,nan,19.1,nan,nan,nan,314.20,0.36,4.70,3.60,314.20,180.00
10-Aug-25 4:14:00 PM AEST,23.7,76.5,19.2,nan,nan,nan,313.40,0.50,8.30,5.00,313.30,295.00
10-Aug-25 4:15:00 PM AEST,nan,76.8,19.3,nan,nan,nan,342.10,0.48,7.10,4.70,339.90,248.30
10-Aug-25 4:16:00 PM AEST,23.9,77.0,19.4,nan,nan,nan,348.10,0.39,5.90,3.90,348.10,210.00
10-Aug-25 4:17:00 PM AEST,nan,76.8,19.6,nan,nan,nan,329.10,0.46,9.50,4.20,316.80,311.60
10-Aug-25 4:17:04 PM AEST,24.0,nan,nan,nan,nan,nan,nan,nan,nan,nan,nan,nan
10-Aug-25 4:18:00 PM AEST,nan,76.5,19.7,nan,nan,nan,327.10,0.53,8.30,4.80,324.00,326.70
10-Aug-25 4:18:08 PM AEST,24.1,nan,nan,nan,nan,nan,nan,nan,nan,nan,nan,nan
10-Aug-25 4:19:00 PM AEST,nan,76.3,19.6,nan,nan,nan,343.00,0.51,9.50,3.70,325.20,318.30
10-Aug-25 4:20:00 PM AEST,nan,75.8,19.7,nan,nan,nan,297.60,0.82,15.40,7.90,298.20,288.30
10-Aug-25 4:21:00 PM AEST,24.0,75.3,19.6,nan,nan,nan,308.30,0.90,nan,8.90,307.80,87.50
10-Aug-25 4:22:00 PM AEST,nan,nan,19.4,nan,nan,nan,333.80,0.62,8.30,5.70,334.10,164.10
10-Aug-25 4:23:00 PM AEST,24.1,75.5,nan,nan,nan,nan,312.30,0.56,7.10,5.50,313.80,245.00
10-Aug-25 4:24:00 PM AEST,nan,nan,19.5,nan,nan,nan,308.30,0.49,8.30,4.00,307.80,65.80
10-Aug-25 4:24:04 PM AEST,24.2,nan,nan,nan,nan,nan,nan,nan,nan,nan,nan,nan
10-Aug-25 4:25:00 PM AEST,nan,74.8,19.6,nan,nan,nan,334.60,0.76,11.80,5.50,325.40,151.70
10-Aug-25 4:25:08 PM AEST,24.1,nan,nan,nan,nan,nan,nan,nan,nan,nan,nan,nan
10-Aug-25 4:26:00 PM AEST,nan,nan,19.3,nan,nan,nan,358.20,0.48,5.90,4.20,1.10,52.50
10-Aug-25 4:27:00 PM AEST,nan,74.7,19.4,nan,nan,nan,350.40,0.73,9.50,5.90,348.00,219.20
10-Aug-25 4:28:00 PM AEST,nan,nan,19.3,nan,nan,nan,2.30,0.69,nan,6.60,2.50,230.00
10-Aug-25 4:29:00 PM AEST,24.2,nan,nan,nan,nan,nan,11.60,0.66,11.80,6.40,15.20,158.30
10-Aug-25 4:30:00 PM AEST,nan,74.8,19.4,nan,nan,nan,8.40,0.25,4.70,2.50,8.50,236.70
10-Aug-25 4:30:04 PM AEST,24.3,nan,nan,nan,nan,nan,nan,nan,nan,nan,nan,nan
10-Aug-25 4:31:00 PM AEST,nan,75.3,19.5,nan,nan,nan,11.60,0.37,5.90,3.60,12.80,215.80
10-Aug-25 4:31:08 PM AEST,24.5,nan,nan,nan,nan,nan,nan,nan,nan,nan,nan,nan
10-Aug-25 4:32:00 PM AEST,nan,nan,19.8,nan,nan,nan,25.00,0.47,7.10,3.80,22.90,122.50
10-Aug-25 4:33:00 PM AEST,nan,nan,19.9,nan,nan,nan,28.80,0.54,nan,4.60,27.90,222.40
10-Aug-25 4:34:00 PM AEST,nan,75.2,19.8,nan,nan,nan,43.50,0.48,5.90,4.70,44.20,220.80
10-Aug-25 4:35:00 PM AEST,24.6,75.3,nan,nan,nan,nan,331.40,0.39,nan,3.80,332.10,213.30
10-Aug-25 4:36:00 PM AEST,nan,75.5,19.9,nan,nan,nan,355.20,0.47,8.30,4.10,2.70,216.60
10-Aug-25 4:36:04 PM AEST,24.7,nan,nan,nan,nan,nan,nan,nan,nan,nan,nan,nan
10-Aug-25 4:37:00 PM AEST,nan,74.8,20.1,nan,nan,nan,351.60,0.66,10.60,6.20,351.30,155.00
10-Aug-25 4:37:08 PM AEST,24.6,nan,nan,nan,nan,nan,nan,nan,nan,nan,nan,nan
10-Aug-25 4:37:08 PM AEST,24.5,nan,nan,nan,nan,nan,nan,nan,nan,nan,nan,nan
10-Aug-25 4:38:00 PM AEST,nan,74.5,19.9,nan,nan,nan,19.40,0.60,9.50,5.90,22.30,113.30
10-Aug-25 4:38:12 PM AEST,24.6,nan,nan,nan,nan,nan,nan,nan,nan,nan,nan,nan
10-Aug-25 4:39:00 PM AEST,nan,nan,19.7,nan,nan,nan,7.60,0.31,4.70,3.10,7.70,170.00
10-Aug-25 4:39:16 PM AEST,24.7,nan,nan,nan,nan,nan,nan,nan,nan,nan,nan,nan
10-Aug-25 4:40:00 PM AEST,nan,nan,nan,nan,nan,nan,4.10,0.41,5.90,4.00,4.00,196.60
10-Aug-25 4:41:00 PM AEST,nan,nan,19.8,nan,nan,nan,18.20,0.44,7.10,4.10,15.60,180.00
10-Aug-25 4:42:00 PM AEST,24.8,74.7,19.9,nan,nan,nan,15.90,0.27,4.70,2.70,15.90,200.00
10-Aug-25 4:43:00 PM AEST,nan,nan,20.0,nan,nan,nan,321.30,0.45,7.10,4.30,319.40,194.10
10-Aug-25 4:44:00 PM AEST,nan,74.3,nan,nan,nan,nan,327.40,0.44,8.30,4.40,331.30,190.80
10-Aug-25 4:45:00 PM AEST,24.9,nan,nan,nan,nan,nan,334.10,0.34,5.90,3.40,334.00,189.10
10-Aug-25 4:46:00 PM AEST,nan,74.5,nan,nan,nan,nan,334.30,0.31,4.70,3.10,334.30,185.00
10-Aug-25 4:46:04 PM AEST,25.0,nan,nan,nan,nan,nan,nan,nan,nan,nan,nan,nan
10-Aug-25 4:46:04 PM AEST,25.1,nan,nan,nan,nan,nan,nan,nan,nan,nan,nan,nan
10-Aug-25 4:47:00 PM AEST,nan,74.3,20.1,nan,nan,nan,357.00,0.40,7.10,3.70,4.90,182.50
10-Aug-25 4:48:00 PM AEST,nan,nan,20.2,nan,nan,nan,326.80,0.25,4.70,2.10,326.80,180.80
10-Aug-25 4:49:00 PM AEST,25.3,74.2,nan,nan,nan,nan,332.30,0.22,5.90,2.20,338.40,180.00
10-Aug-25 4:50:00 PM AEST,nan,74.3,20.4,nan,nan,nan,7.90,0.40,4.70,4.00,7.80,151.60
10-Aug-25 4:51:00 PM AEST,25.2,74.0,nan,nan,nan,nan,12.10,0.41,5.90,3.90,11.50,129.20
10-Aug-25 4:52:00 PM AEST,nan,73.7,20.3,nan,nan,nan,34.70,0.48,7.10,4.80,34.70,172.50
10-Aug-25 4:53:00 PM AEST,nan,73.8,20.1,nan,nan,nan,13.60,0.45,nan,4.50,13.40,170.00
10-Aug-25 4:54:00 PM AEST,25.1,73.5,20.2,nan,nan,nan,2.90,0.55,8.30,5.50,2.80,137.50
10-Aug-25 4:55:00 PM AEST,nan,nan,20.0,nan,nan,nan,2.60,0.40,5.90,4.00,2.50,167.50
10-Aug-25 4:56:00 PM AEST,nan,nan,nan,nan,nan,nan,14.20,0.42,7.10,4.20,14.30,164.20
10-Aug-25 4:57:00 PM AEST,nan,73.7,nan,nan,nan,nan,14.00,0.35,5.90,3.50,nan,103.30
10-Aug-25 4:58:00 PM AEST,nan,nan,20.1,nan,nan,nan,27.60,0.39,4.70,3.90,28.20,109.20
10-Aug-25 4:59:00 PM AEST,nan,nan,nan,nan,nan,nan,13.80,0.22,nan,2.20,14.80,134.10
10-Aug-25 5:00:00 PM AEST,25.2,74.0,nan,nan,nan,nan,18.00,0.37,5.90,3.70,20.20,138.30
10-Aug-25 5:00:48 PM AEST,nan,nan,nan,nan,nan,0.02,nan,nan,nan,nan,nan,nan
10-Aug-25 5:01:00 PM AEST,nan,74.3,20.2,nan,nan,nan,26.20,0.30,7.10,2.90,28.90,143.30
10-Aug-25 5:01:04 PM AEST,25.1,nan,nan,nan,nan,nan,nan,nan,nan,nan,nan,nan
10-Aug-25 5:02:00 PM AEST,nan,74.2,nan,nan,nan,nan,48.90,0.49,nan,4.70,48.60,91.60
10-Aug-25 5:02:08 PM AEST,25.0,nan,nan,nan,nan,nan,nan,nan,nan,nan,nan,nan
10-Aug-25 5:03:00 PM AEST,nan,73.7,nan,nan,nan,nan,17.40,0.37,5.90,3.50,15.30,134.20
10-Aug-25 5:04:00 PM AEST,nan,nan,19.9,nan,nan,nan,7.90,0.51,7.10,4.80,8.00,127.50
10-Aug-25 5:05:00 PM AEST,24.9,73.5,nan,nan,nan,nan,342.50,0.34,5.90,3.40,343.30,104.20
10-Aug-25 5:06:00 PM AEST,nan,73.8,19.8,nan,nan,nan,340.80,0.31,3.50,3.10,340.80,61.60
10-Aug-25 5:06:04 PM AEST,25.0,nan,nan,nan,nan,nan,nan,nan,nan,nan,nan,nan
10-Aug-25 5:07:00 PM AEST,nan,73.7,20.0,nan,nan,nan,340.90,0.25,nan,2.50,340.90,40.80
10-Aug-25 5:07:08 PM AEST,24.9,nan,nan,nan,nan,nan,nan,nan,nan,nan,nan,nan
10-Aug-25 5:08:00 PM AEST,nan,73.5,19.9,nan,nan,nan,341.00,0.18,nan,1.80,nan,30.00
10-Aug-25 5:08:12 PM AEST,24.8,nan,nan,nan,nan,nan,nan,nan,nan,nan,nan,nan
10-Aug-25 5:09:00 PM AEST,nan,73.7,19.8,nan,nan,nan,340.90,0.16,nan,1.60,nan,nan
10-Aug-25 5:10:00 PM AEST,nan,73.8,nan,nan,nan,nan,nan,0.19,nan,2.00,340.80,35.80
10-Aug-25 5:11:00 PM AEST,24.4,nan,nan,nan,nan,nan,341.00,0.33,4.70,3.30,341.00,47.50
10-Aug-25 5:12:00 PM AEST,nan,74.0,19.5,nan,nan,nan,340.90,0.22,3.50,2.20,340.90,64.20
10-Aug-25 5:12:04 PM AEST,24.3,nan,nan,nan,nan,nan,nan,nan,nan,nan,nan,nan
10-Aug-25 5:13:00 PM AEST,nan,74.3,19.4,nan,nan,nan,nan,0.26,nan,2.60,nan,70.80
10-Aug-25 5:13:08 PM AEST,24.2,nan,nan,nan,nan,nan,nan,nan,nan,nan,nan,nan
10-Aug-25 5:14:00 PM AEST,nan,74.7,19.3,nan,nan,nan,341.00,0.32,4.70,3.20,nan,73.30
10-Aug-25 5:14:12 PM AEST,23.9,nan,nan,nan,nan,nan,nan,nan,nan,nan,nan,nan
10-Aug-25 5:15:00 PM AEST,nan,74.8,19.2,nan,nan,nan,340.90,0.35,nan,3.50,nan,67.50
10-Aug-25 5:15:16 PM AEST,23.7,nan,nan,nan,nan,nan,nan,nan,nan,nan,nan,nan
10-Aug-25 5:15:16 PM AEST,23.6,nan,nan,nan,nan,nan,nan,nan,nan,nan,nan,nan
10-Aug-25 5:16:00 PM AEST,nan,75.5,19.0,nan,nan,nan,nan,0.25,3.50,2.50,nan,64.10
10-Aug-25 5:16:20 PM AEST,23.5,nan,nan,nan,nan,nan,nan,nan,nan,nan,nan,nan
10-Aug-25 5:17:00 PM AEST,nan,75.7,nan,nan,nan,nan,312.70,0.60,10.60,5.80,301.50,59.20
10-Aug-25 5:17:24 PM AEST,23.3,nan,nan,nan,nan,nan,nan,nan,nan,nan,nan,nan
10-Aug-25 5:18:00 PM AEST,nan,74.8,nan,nan,nan,nan,302.60,0.43,7.10,4.30,299.90,55.80
10-Aug-25 5:18:28 PM AEST,23.4,nan,nan,nan,nan,nan,nan,nan,nan,nan,nan,nan
10-Aug-25 5:19:00 PM AEST,nan,75.5,18.6,nan,nan,nan,309.70,0.23,3.50,2.30,309.70,56.70
10-Aug-25 5:20:00 PM AEST,nan,76.2,18.8,nan,nan,nan,316.20,0.29,7.10,2.40,321.00,50.80
10-Aug-25 5:21:00 PM AEST,23.3,75.8,19.0,nan,nan,nan,40.30,0.51,8.30,5.10,40.50,39.20
10-Aug-25 5:22:00 PM AEST,nan,nan,18.8,nan,nan,nan,10.70,0.43,5.90,4.30,11.60,29.20
10-Aug-25 5:23:00 PM AEST,nan,nan,nan,nan,nan,nan,7.90,0.18,3.50,1.80,7.80,25.00
10-Aug-25 5:24:00 PM AEST,nan,nan,nan,nan,nan,nan,3.10,0.46,5.90,4.60,3.40,22.50
10-Aug-25 5:25:00 PM AEST,23.2,nan,nan,nan,nan,nan,353.70,0.33,4.70,3.30,353.90,20.80
10-Aug-25 5:26:00 PM AEST,nan,75.7,18.7,nan,nan,nan,354.60,0.31,nan,3.10,354.50,nan
10-Aug-25 5:26:04 PM AEST,23.1,nan,nan,nan,nan,nan,nan,nan,nan,nan,nan,nan
10-Aug-25 5:27:00 PM AEST,nan,76.0,18.6,nan,nan,nan,354.50,0.23,nan,2.30,nan,22.50
10-Aug-25 5:27:08 PM AEST,23.0,nan,nan,nan,nan,nan,nan,nan,nan,nan,nan,nan
10-Aug-25 5:28:00 PM AEST,nan,nan,nan,nan,nan,nan,354.40,0.30,nan,3.00,354.40,26.70
10-Aug-25 5:29:00 PM AEST,22.9,76.5,nan,nan,nan,nan,nan,0.24,5.90,2.40,354.50,28.30
10-Aug-25 5:30:00 PM AEST,nan,76.3,nan,nan,nan,nan,357.40,0.32,nan,3.20,357.40,27.50
10-Aug-25 5:30:04 PM AEST,22.8,nan,nan,nan,nan,nan,nan,nan,nan,nan,nan,nan
10-Aug-25 5:31:00 PM AEST,nan,76.7,18.5,nan,nan,nan,nan,0.34,4.70,3.40,357.50,30.00
10-Aug-25 5:31:08 PM AEST,22.7,nan,nan,nan,nan,nan,nan,nan,nan,nan,nan,nan
10-Aug-25 5:32:00 PM AEST,nan,nan,nan,nan,nan,nan,22.90,0.44,5.90,4.10,25.40,32.50
10-Aug-25 5:32:12 PM AEST,22.6,nan,nan,nan,nan,nan,nan,nan,nan,nan,nan,nan
10-Aug-25 5:33:00 PM AEST,nan,nan,18.4,nan,nan,nan,53.00,0.43,7.10,4.30,53.00,31.70
10-Aug-25 5:33:16 PM AEST,22.5,nan,nan,nan,nan,nan,nan,nan,nan,nan,nan,nan
10-Aug-25 5:34:00 PM AEST,nan,77.0,18.3,nan,nan,nan,54.60,0.41,5.90,4.10,55.40,25.80
10-Aug-25 5:34:20 PM AEST,22.4,nan,nan,nan,nan,nan,nan,nan,nan,nan,nan,nan
10-Aug-25 5:35:00 PM AEST,nan,77.3,nan,nan,nan,nan,66.70,0.37,4.70,3.70,66.80,22.50
10-Aug-25 5:36:00 PM AEST,nan,77.5,18.2,nan,nan,nan,64.90,0.16,3.50,1.60,65.00,nan
10-Aug-25 5:37:00 PM AEST,nan,77.8,18.3,nan,nan,nan,65.00,0.17,2.40,1.70,65.10,nan
10-Aug-25 5:38:00 PM AEST,nan,78.0,18.4,nan,nan,nan,nan,0.16,nan,1.60,65.00,20.80
10-Aug-25 5:39:00 PM AEST,nan,78.5,nan,nan,nan,nan,nan,0.22,3.50,2.20,65.10,18.30
10-Aug-25 5:40:00 PM AEST,22.3,nan,nan,nan,nan,nan,65.70,0.35,5.90,3.50,66.00,nan
10-Aug-25 5:41:00 PM AEST,nan,nan,nan,nan,nan,nan,84.50,0.33,nan,3.30,84.50,20.80
10-Aug-25 5:41:04 PM AEST,22.2,nan,nan,nan,nan,nan,nan,nan,nan,nan,nan,nan
10-Aug-25 5:42:00 PM AEST,nan,78.7,18.3,nan,nan,nan,nan,0.15,2.40,1.50,84.60,18.30
10-Aug-25 5:43:00 PM AEST,22.3,78.8,nan,nan,nan,nan,nan,0.12,nan,1.20,nan,15.00
10-Aug-25 5:44:00 PM AEST,nan,79.2,18.4,nan,nan,nan,nan,0.27,3.50,2.70,84.50,12.50
10-Aug-25 5:44:04 PM AEST,22.2,nan,nan,nan,nan,nan,nan,nan,nan,nan,nan,nan
10-Aug-25 5:45:00 PM AEST,nan,nan,nan,nan,nan,nan,nan,0.21,nan,2.10,nan,nan
10-Aug-25 5:46:00 PM AEST,nan,nan,nan,nan,nan,nan,nan,0.15,2.40,1.50,84.60,15.00
10-Aug-25 5:47:00 PM AEST,22.1,79.3,nan,nan,nan,nan,nan,0.21,nan,2.10,84.50,16.70
10-Aug-25 5:48:00 PM AEST,nan,79.5,nan,nan,nan,nan,nan,0.22,3.50,2.20,84.60,13.30
10-Aug-25 5:48:04 PM AEST,22.0,nan,nan,nan,nan,nan,nan,nan,nan,nan,nan,nan
10-Aug-25 5:49:00 PM AEST,nan,79.7,18.3,nan,nan,nan,nan,nan,nan,nan,84.50,10.80
10-Aug-25 5:49:08 PM AEST,21.9,nan,nan,nan,nan,nan,nan,nan,nan,nan,nan,nan
10-Aug-25 5:50:00 PM AEST,nan,79.8,nan,nan,nan,nan,nan,0.19,nan,2.00,nan,nan
10-Aug-25 5:51:00 PM AEST,nan,80.0,nan,nan,nan,nan,nan,0.21,nan,2.10,nan,11.70
10-Aug-25 5:52:00 PM AEST,21.8,80.2,nan,nan,nan,nan,84.30,0.34,4.70,3.40,84.30,11.60
10-Aug-25 5:53:00 PM AEST,nan,nan,nan,nan,nan,nan,nan,0.18,3.50,1.80,84.40,10.00
10-Aug-25 5:53:04 PM AEST,21.9,nan,nan,nan,nan,nan,nan,nan,nan,nan,nan,nan
10-Aug-25 5:54:00 PM AEST,nan,80.3,nan,nan,nan,nan,nan,nan,2.40,nan,nan,7.50
10-Aug-25 5:54:08 PM AEST,21.8,nan,nan,nan,nan,nan,nan,nan,nan,nan,nan,nan
10-Aug-25 5:55:00 PM AEST,nan,80.5,nan,nan,nan,nan,nan,0.15,nan,1.50,84.30,6.60
10-Aug-25 5:56:00 PM AEST,nan,80.7,nan,nan,nan,nan,84.20,0.06,1.20,0.60,84.50,6.70
10-Aug-25 5:57:00 PM AEST,nan,80.8,nan,nan,nan,nan,84.30,0.17,3.50,1.70,84.30,5.00
10-Aug-25 5:58:00 PM AEST,nan,81.0,18.4,nan,nan,nan,nan,0.08,2.40,0.80,84.40,5.80
10-Aug-25 5:59:00 PM AEST,nan,81.3,nan,nan,nan,nan,84.20,0.12,nan,1.20,84.30,4.10
10-Aug-25 6:00:00 PM AEST,nan,81.2,nan,nan,nan,nan,nan,0.13,nan,1.30,84.40,3.30
10-Aug-25 6:00:52 PM AEST,nan,nan,nan,nan,nan,65.54,nan,nan,nan,nan,nan,nan
10-Aug-25 6:01:00 PM AEST,nan,nan,nan,nan,nan,nan,84.30,0.01,1.20,0.10,84.80,2.50
10-Aug-25 6:02:00 PM AEST,nan,81.3,nan,nan,nan,nan,nan,0.06,nan,0.60,nan,nan
10-Aug-25 6:03:00 PM AEST,21.7,nan,nan,nan,nan,nan,54.90,0.45,9.50,2.90,26.70,1.70
10-Aug-25 6:04:00 PM AEST,nan,81.2,nan,nan,nan,nan,352.80,0.43,5.90,4.20,351.30,1.60
10-Aug-25 6:05:00 PM AEST,21.6,81.5,18.3,nan,nan,nan,358.80,0.24,3.50,2.40,358.80,1.70
10-Aug-25 6:06:00 PM AEST,nan,nan,nan,nan,nan,nan,358.90,0.28,nan,2.80,358.90,0.80
10-Aug-25 6:06:04 PM AEST,21.5,nan,nan,nan,nan,nan,nan,nan,nan,nan,nan,nan
10-Aug-25 6:07:00 PM AEST,nan,nan,18.2,nan,nan,nan,nan,0.22,nan,2.20,358.80,nan
10-Aug-25 6:08:00 PM AEST,nan,81.8,nan,nan,nan,nan,358.80,0.29,nan,2.90,358.90,nan
10-Aug-25 6:09:00 PM AEST,21.4,nan,18.3,nan,nan,nan,358.90,0.28,nan,2.80,nan,0.00
10-Aug-25 6:10:00 PM AEST,nan,82.2,18.2,nan,nan,nan,358.80,0.25,nan,2.50,358.80,nan
10-Aug-25 6:11:00 PM AEST,21.3,82.3,nan,nan,nan,nan,358.90,0.24,nan,2.40,358.90,0.80
10-Aug-25 6:12:00 PM AEST,nan,82.5,nan,nan,nan,nan,358.70,0.31,nan,3.10,358.70,0.00
10-Aug-25 6:13:00 PM AEST,21.1,82.8,nan,nan,nan,nan,358.90,0.25,nan,2.50,359.00,nan
10-Aug-25 6:14:00 PM AEST,nan,nan,18.1,nan,nan,nan,358.80,0.21,nan,2.10,358.80,nan
10-Aug-25 6:14:04 PM AEST,21.2,nan,nan,nan,nan,nan,nan,nan,nan,nan,nan,nan
10-Aug-25 6:14:04 PM AEST,21.1,nan,nan,nan,nan,nan,nan,nan,nan,nan,nan,nan
10-Aug-25 6:15:00 PM AEST,nan,82.7,nan,nan,nan,nan,358.90,0.35,4.70,3.50,358.90,nan
10-Aug-25 6:16:00 PM AEST,nan,nan,18.0,nan,nan,nan,358.70,0.22,3.50,2.20,358.80,nan
10-Aug-25 6:17:00 PM AEST,nan,82.8,nan,nan,nan,nan,358.80,0.11,2.40,1.10,358.90,nan
10-Aug-25 6:18:00 PM AEST,nan,nan,18.1,nan,nan,nan,358.90,0.15,nan,1.50,nan,nan
10-Aug-25 6:19:00 PM AEST,nan,82.7,nan,nan,nan,nan,358.70,0.14,nan,1.40,358.80,nan
10-Aug-25 6:20:00 PM AEST,nan,82.8,18.0,nan,nan,nan,358.80,0.11,nan,1.10,nan,nan
10-Aug-25 6:21:00 PM AEST,21.0,nan,18.1,nan,nan,nan,358.90,0.15,nan,1.50,358.90,nan
10-Aug-25 6:22:00 PM AEST,nan,83.0,18.0,nan,nan,nan,358.80,0.13,nan,1.30,nan,nan
10-Aug-25 6:23:00 PM AEST,nan,nan,nan,nan,nan,nan,nan,0.26,4.70,2.60,358.80,nan
10-Aug-25 6:24:00 PM AEST,20.9,nan,nan,nan,nan,nan,10.30,0.28,nan,2.40,16.70,nan
10-Aug-25 6:25:00 PM AEST,nan,82.8,17.9,nan,nan,nan,62.90,0.26,3.50,2.60,62.90,nan
10-Aug-25 6:26:00 PM AEST,20.8,83.0,nan,nan,nan,nan,nan,0.25,nan,2.50,63.00,nan
10-Aug-25 6:27:00 PM AEST,nan,83.2,17.8,nan,nan,nan,nan,0.19,nan,1.90,62.90,nan
10-Aug-25 6:27:04 PM AEST,20.7,nan,nan,nan,nan,nan,nan,nan,nan,nan,nan,nan
10-Aug-25 6:28:00 PM AEST,nan,nan,nan,nan,nan,nan,61.00,0.38,4.70,3.80,60.80,nan
10-Aug-25 6:29:00 PM AEST,nan,nan,nan,nan,nan,nan,22.20,0.33,5.90,3.20,22.60,nan
10-Aug-25 6:30:00 PM AEST,nan,83.3,17.7,nan,nan,nan,18.90,0.13,2.40,1.30,18.80,nan
10-Aug-25 6:31:00 PM AEST,20.6,83.7,nan,nan,nan,nan,nan,0.00,0.00,0.00,0.00,nan
10-Aug-25 6:32:00 PM AEST,nan,nan,17.8,nan,nan,nan,nan,nan,nan,nan,nan,nan
10-Aug-25 6:33:00 PM AEST,nan,nan,17.7,nan,nan,nan,nan,nan,nan,nan,nan,nan
10-Aug-25 6:34:00 PM AEST,20.5,nan,nan,nan,nan,nan,nan,0.05,1.20,0.50,18.80,nan
10-Aug-25 6:35:00 PM AEST,nan,nan,nan,nan,nan,nan,nan,0.15,2.40,1.50,18.90,nan
10-Aug-25 6:35:04 PM AEST,20.6,nan,nan,nan,nan,nan,nan,nan,nan,nan,nan,nan
10-Aug-25 6:36:00 PM AEST,nan,nan,nan,nan,nan,nan,nan,0.10,nan,1.00,18.80,nan
10-Aug-25 6:36:08 PM AEST,20.5,nan,nan,nan,nan,nan,nan,nan,nan,nan,nan,nan
10-Aug-25 6:37:00 PM AEST,nan,nan,nan,nan,nan,nan,18.20,0.14,3.50,1.40,17.80,nan
10-Aug-25 6:37:12 PM AEST,20.6,nan,nan,nan,nan,nan,nan,nan,nan,nan,nan,nan
10-Aug-25 6:38:00 PM AEST,nan,nan,nan,nan,nan,nan,359.70,0.38,5.90,3.50,357.60,nan
10-Aug-25 6:38:16 PM AEST,20.5,nan,nan,nan,nan,nan,nan,nan,nan,nan,nan,nan
10-Aug-25 6:39:00 PM AEST,nan,nan,nan,nan,nan,nan,0.20,0.37,4.70,3.70,0.10,nan
10-Aug-25 6:39:20 PM AEST,20.6,nan,nan,nan,nan,nan,nan,nan,nan,nan,nan,nan
10-Aug-25 6:40:00 PM AEST,nan,83.5,nan,nan,nan,nan,2.60,0.18,2.40,1.80,2.50,nan
10-Aug-25 6:40:24 PM AEST,20.5,nan,nan,nan,nan,nan,nan,nan,nan,nan,nan,nan
10-Aug-25 6:41:00 PM AEST,nan,83.7,nan,nan,nan,nan,nan,0.24,3.50,2.40,2.60,nan
10-Aug-25 6:42:00 PM AEST,nan,nan,nan,nan,nan,nan,nan,0.28,nan,2.80,nan,nan
10-Aug-25 6:43:00 PM AEST,20.4,83.8,17.6,nan,nan,nan,2.50,0.03,2.40,0.30,2.10,nan
10-Aug-25 6:44:00 PM AEST,nan,nan,nan,nan,nan,nan,2.60,0.00,0.00,0.00,0.00,nan
10-Aug-25 6:44:04 PM AEST,20.3,nan,nan,nan,nan,nan,nan,nan,nan,nan,nan,nan
10-Aug-25 6:45:00 PM AEST,nan,84.0,nan,nan,nan,nan,nan,0.01,1.20,0.10,nan,nan
10-Aug-25 6:45:08 PM AEST,20.2,nan,nan,nan,nan,nan,nan,nan,nan,nan,nan,nan
10-Aug-25 6:46:00 PM AEST,nan,nan,17.5,nan,nan,nan,nan,nan,nan,nan,nan,nan
10-Aug-25 6:47:00 PM AEST,nan,84.2,17.4,nan,nan,nan,nan,nan,nan,nan,1.70,nan
10-Aug-25 6:48:00 PM AEST,nan,nan,nan,nan,nan,nan,nan,0.07,2.40,0.70,2.20,0.80
10-Aug-25 6:49:00 PM AEST,nan,nan,nan,nan,nan,nan,2.50,0.12,nan,1.20,2.40,0.00
10-Aug-25 6:50:00 PM AEST,nan,nan,17.5,nan,nan,nan,8.90,0.34,5.90,3.30,12.40,nan
10-Aug-25 6:51:00 PM AEST,nan,nan,17.4,nan,nan,nan,39.00,0.50,nan,5.00,38.90,nan
10-Aug-25 6:52:00 PM AEST,nan,nan,nan,nan,nan,nan,40.60,0.41,nan,4.10,40.70,nan
10-Aug-25 6:53:00 PM AEST,nan,84.3,nan,nan,nan,nan,39.30,0.14,2.40,1.40,39.50,nan
10-Aug-25 6:54:00 PM AEST,nan,84.2,17.5,nan,nan,nan,39.40,0.11,nan,1.10,39.40,nan
10-Aug-25 6:55:00 PM AEST,nan,84.3,nan,nan,nan,nan,nan,0.01,1.20,0.10,40.00,nan
10-Aug-25 6:56:00 PM AEST,nan,84.2,nan,nan,nan,nan,nan,0.00,0.00,0.00,0.00,nan
10-Aug-25 6:57:00 PM AEST,nan,84.3,nan,nan,nan,nan,nan,0.12,2.40,1.20,39.40,nan
10-Aug-25 6:58:00 PM AEST,20.1,nan,nan,nan,nan,nan,nan,0.17,nan,1.70,nan,nan
10-Aug-25 6:59:00 PM AEST,nan,84.5,17.4,nan,nan,nan,nan,0.15,nan,1.50,39.30,nan
10-Aug-25 7:00:00 PM AEST,20.0,nan,nan,nan,nan,nan,nan,0.02,1.20,0.20,39.20,nan
10-Aug-25 7:00:56 PM AEST,nan,nan,nan,nan,nan,65.53,nan,nan,nan,nan,nan,nan
10-Aug-25 7:01:00 PM AEST,nan,84.7,17.3,nan,nan,nan,nan,0.05,2.40,0.50,nan,nan
10-Aug-25 7:01:04 PM AEST,19.9,nan,nan,nan,nan,nan,nan,nan,nan,nan,nan,nan
10-Aug-25 7:02:00 PM AEST,nan,nan,nan,nan,nan,nan,nan,0.15,3.50,1.50,39.30,nan
10-Aug-25 7:03:00 PM AEST,nan,84.8,nan,nan,nan,nan,nan,0.19,nan,1.90,39.50,nan
10-Aug-25 7:04:00 PM AEST,nan,nan,nan,nan,nan,nan,nan,0.06,1.20,0.60,39.40,nan
10-Aug-25 7:05:00 PM AEST,nan,nan,nan,nan,nan,nan,38.50,0.35,5.90,3.50,39.60,nan
10-Aug-25 7:06:00 PM AEST,nan,85.0,17.2,nan,nan,nan,35.40,0.31,3.50,3.10,35.40,nan
10-Aug-25 7:07:00 PM AEST,nan,nan,17.3,nan,nan,nan,nan,0.18,2.40,1.80,nan,nan
10-Aug-25 7:08:00 PM AEST,nan,85.2,nan,nan,nan,nan,39.40,0.36,8.30,3.60,41.80,nan
10-Aug-25 7:09:00 PM AEST,nan,85.0,nan,nan,nan,nan,33.30,0.29,4.70,2.90,32.20,nan
10-Aug-25 7:10:00 PM AEST,nan,85.2,nan,nan,nan,nan,24.80,0.15,3.50,1.50,24.90,nan
10-Aug-25 7:11:00 PM AEST,19.8,nan,nan,nan,nan,nan,nan,0.16,2.40,1.60,24.60,nan
10-Aug-25 7:12:00 PM AEST,nan,85.3,nan,nan,nan,nan,nan,0.14,nan,1.40,24.80,nan
10-Aug-25 7:12:04 PM AEST,19.7,nan,nan,nan,nan,nan,nan,nan,nan,nan,nan,nan
10-Aug-25 7:13:00 PM AEST,nan,nan,17.2,nan,nan,nan,24.90,0.10,nan,1.00,24.90,nan
10-Aug-25 7:13:08 PM AEST,19.6,nan,nan,nan,nan,nan,nan,nan,nan,nan,nan,nan
10-Aug-25 7:14:00 PM AEST,nan,85.5,nan,nan,nan,nan,24.70,0.11,nan,1.10,24.70,nan
10-Aug-25 7:15:00 PM AEST,nan,85.7,17.1,nan,nan,nan,nan,0.04,1.20,0.40,24.60,nan
10-Aug-25 7:16:00 PM AEST,nan,nan,nan,nan,nan,nan,24.80,0.00,0.00,0.00,0.00,nan
10-Aug-25 7:17:00 PM AEST,nan,85.8,nan,nan,nan,nan,nan,nan,nan,nan,nan,nan
10-Aug-25 7:18:00 PM AEST,nan,86.0,17.2,nan,nan,nan,24.70,nan,nan,nan,nan,nan
10-Aug-25 7:19:00 PM AEST,nan,86.2,nan,nan,nan,nan,24.80,nan,nan,nan,nan,nan
10-Aug-25 7:20:00 PM AEST,nan,nan,nan,nan,nan,nan,24.70,nan,nan,nan,nan,nan
10-Aug-25 7:21:00 PM AEST,nan,86.3,nan,nan,nan,nan,24.80,nan,nan,nan,nan,nan
10-Aug-25 7:22:00 PM AEST,19.5,86.5,nan,nan,nan,nan,24.70,nan,nan,nan,nan,nan
10-Aug-25 7:23:00 PM AEST,nan,nan,nan,nan,nan,nan,nan,0.01,1.20,0.10,25.00,nan
10-Aug-25 7:24:00 PM AEST,nan,nan,nan,nan,nan,nan,nan,0.00,0.00,0.00,0.00,0.80
10-Aug-25 7:25:00 PM AEST,nan,86.7,nan,nan,nan,nan,24.80,nan,nan,nan,nan,0.00
10-Aug-25 7:26:00 PM AEST,19.6,nan,17.3,nan,nan,nan,nan,nan,nan,nan,nan,nan
10-Aug-25 7:27:00 PM AEST,nan,86.8,nan,nan,nan,nan,24.70,nan,nan,nan,nan,nan
10-Aug-25 7:27:04 PM AEST,19.5,nan,nan,nan,nan,nan,nan,nan,nan,nan,nan,nan
10-Aug-25 7:28:00 PM AEST,nan,87.0,nan,nan,nan,nan,nan,nan,nan,nan,nan,nan
10-Aug-25 7:30:00 PM AEST,nan,nan,nan,nan,nan,nan,24.80,nan,nan,nan,nan,nan
10-Aug-25 7:31:00 PM AEST,nan,87.3,nan,nan,nan,nan,24.70,nan,nan,nan,nan,nan
10-Aug-25 7:32:00 PM AEST,19.6,87.2,17.4,nan,nan,nan,nan,nan,nan,nan,nan,nan
10-Aug-25 7:33:00 PM AEST,nan,87.3,nan,nan,nan,nan,nan,nan,nan,nan,nan,nan
10-Aug-25 7:33:04 PM AEST,19.5,nan,nan,nan,nan,nan,nan,nan,nan,nan,nan,nan
10-Aug-25 7:34:00 PM AEST,nan,87.5,nan,nan,nan,nan,nan,nan,nan,nan,nan,nan
10-Aug-25 7:34:08 PM AEST,19.6,nan,nan,nan,nan,nan,nan,nan,nan,nan,nan,nan
10-Aug-25 7:35:00 PM AEST,nan,87.3,nan,nan,nan,nan,nan,nan,nan,nan,nan,nan
10-Aug-25 7:35:12 PM AEST,19.5,nan,nan,nan,nan,nan,nan,nan,nan,nan,nan,nan
10-Aug-25 7:36:00 PM AEST,nan,87.5,nan,nan,nan,nan,nan,nan,nan,nan,nan,nan
10-Aug-25 7:37:00 PM AEST,19.6,nan,nan,nan,nan,nan,nan,nan,nan,nan,nan,nan
10-Aug-25 7:38:00 PM AEST,nan,87.3,nan,nan,nan,nan,28.00,0.09,4.70,0.90,38.10,nan
10-Aug-25 7:39:00 PM AEST,nan,87.5,nan,nan,nan,nan,63.60,0.21,nan,2.10,63.50,nan
10-Aug-25 7:40:00 PM AEST,nan,87.3,nan,nan,nan,nan,63.80,0.01,1.20,0.10,64.20,nan
10-Aug-25 7:41:00 PM AEST,19.7,87.2,17.5,nan,nan,nan,62.80,0.37,5.90,3.70,62.70,nan
10-Aug-25 7:42:00 PM AEST,nan,87.0,nan,nan,nan,nan,52.80,0.24,4.70,2.40,53.30,nan
10-Aug-25 7:42:04 PM AEST,19.8,nan,nan,nan,nan,nan,nan,nan,nan,nan,nan,nan
10-Aug-25 7:43:00 PM AEST,nan,nan,nan,nan,nan,nan,57.60,0.19,nan,1.90,57.60,nan
10-Aug-25 7:43:08 PM AEST,19.7,nan,nan,nan,nan,nan,nan,nan,nan,nan,nan,nan
10-Aug-25 7:44:00 PM AEST,nan,86.7,nan,nan,nan,nan,58.50,0.00,0.00,0.00,0.00,nan
10-Aug-25 7:44:12 PM AEST,19.8,nan,nan,nan,nan,nan,nan,nan,nan,nan,nan,nan
10-Aug-25 7:45:00 PM AEST,nan,nan,17.4,nan,nan,nan,54.80,0.03,3.50,0.30,27.50,nan
10-Aug-25 7:46:00 PM AEST,nan,86.5,17.5,nan,nan,nan,18.20,0.10,nan,1.00,18.10,nan
10-Aug-25 7:47:00 PM AEST,nan,nan,nan,nan,nan,nan,18.10,0.01,1.20,0.10,17.90,nan
10-Aug-25 7:48:00 PM AEST,nan,86.3,nan,nan,nan,nan,18.20,0.00,0.00,0.00,0.00,nan
10-Aug-25 7:49:00 PM AEST,19.9,86.2,nan,nan,nan,nan,nan,0.02,1.20,0.20,17.60,nan
10-Aug-25 7:50:00 PM AEST,nan,nan,nan,nan,nan,nan,22.30,0.33,5.90,3.30,22.50,nan
10-Aug-25 7:51:00 PM AEST,nan,85.8,nan,nan,nan,nan,24.10,0.03,1.20,0.30,23.50,nan
10-Aug-25 7:52:00 PM AEST,nan,86.0,nan,nan,nan,nan,nan,0.00,0.00,0.00,0.00,nan
10-Aug-25 7:53:00 PM AEST,nan,85.8,nan,nan,nan,nan,nan,nan,nan,nan,nan,nan
10-Aug-25 7:54:00 PM AEST,nan,nan,nan,nan,nan,nan,nan,0.02,2.40,0.20,24.20,nan
10-Aug-25 7:55:00 PM AEST,nan,nan,nan,nan,nan,nan,nan,0.11,nan,1.10,24.10,nan
10-Aug-25 7:56:00 PM AEST,nan,nan,nan,nan,nan,nan,23.50,0.08,4.70,0.80,20.90,nan
10-Aug-25 7:57:00 PM AEST,nan,nan,nan,nan,nan,nan,13.60,0.21,3.50,2.10,13.50,nan
10-Aug-25 7:58:00 PM AEST,nan,85.7,nan,nan,nan,nan,13.50,0.17,2.40,1.70,13.40,nan
10-Aug-25 7:59:00 PM AEST,20.0,nan,nan,nan,nan,nan,13.60,0.20,3.50,2.00,13.60,nan
10-Aug-25 8:00:00 PM AEST,nan,85.5,nan,nan,nan,nan,13.30,0.33,4.70,3.30,13.30,nan
10-Aug-25 8:01:00 PM AEST,nan,nan,nan,nan,nan,0.00,13.50,0.21,3.50,2.10,13.50,0.80
10-Aug-25 8:02:00 PM AEST,nan,85.3,nan,nan,nan,nan,13.30,0.15,2.40,1.50,13.30,0.00
10-Aug-25 8:03:00 PM AEST,nan,85.5,nan,nan,nan,nan,nan,0.01,1.20,0.10,10.60,nan
10-Aug-25 8:04:00 PM AEST,nan,85.3,nan,nan,nan,nan,nan,0.06,2.40,0.60,13.20,nan
10-Aug-25 8:05:00 PM AEST,nan,nan,nan,nan,nan,nan,nan,0.13,3.50,1.30,13.40,nan
10-Aug-25 8:06:00 PM AEST,nan,nan,nan,nan,nan,nan,15.20,0.25,nan,2.50,15.70,nan
10-Aug-25 8:07:00 PM AEST,nan,85.2,nan,nan,nan,nan,20.40,0.21,nan,2.10,20.30,nan
10-Aug-25 8:08:00 PM AEST,nan,85.3,17.4,nan,nan,nan,20.30,0.09,2.40,0.90,20.20,nan
10-Aug-25 8:09:00 PM AEST,20.1,85.2,17.5,nan,nan,nan,325.70,0.34,5.90,3.20,323.40,nan
10-Aug-25 8:10:00 PM AEST,nan,84.8,nan,nan,nan,nan,320.60,0.47,9.50,4.60,318.50,nan
10-Aug-25 8:10:04 PM AEST,20.2,nan,nan,nan,nan,nan,nan,nan,nan,nan,nan,nan
10-Aug-25 8:11:00 PM AEST,nan,nan,17.4,nan,nan,nan,331.90,0.17,3.50,1.70,332.10,nan
10-Aug-25 8:12:00 PM AEST,nan,84.3,17.5,nan,nan,nan,354.50,0.27,4.70,2.60,353.50,nan
10-Aug-25 8:13:00 PM AEST,nan,84.2,17.4,nan,nan,nan,3.60,0.31,nan,3.10,3.90,nan
10-Aug-25 8:14:00 PM AEST,nan,84.0,17.5,nan,nan,nan,39.70,0.37,5.90,3.50,38.20,nan
10-Aug-25 8:15:00 PM AEST,nan,nan,17.4,nan,nan,nan,50.30,0.12,2.40,1.20,50.40,nan
10-Aug-25 8:16:00 PM AEST,nan,nan,nan,nan,nan,nan,nan,0.01,1.20,0.10,50.00,nan
10-Aug-25 8:17:00 PM AEST,20.3,nan,nan,nan,nan,nan,nan,0.11,3.50,1.10,50.30,nan
10-Aug-25 8:18:00 PM AEST,nan,83.8,17.5,nan,nan,nan,357.40,0.58,9.50,4.70,353.80,nan
10-Aug-25 8:19:00 PM AEST,nan,83.7,17.4,nan,nan,nan,29.00,0.46,5.90,4.40,29.70,nan
10-Aug-25 8:20:00 PM AEST,20.4,83.5,17.5,nan,nan,nan,31.60,0.36,nan,3.60,32.20,nan
10-Aug-25 8:21:00 PM AEST,nan,nan,nan,nan,nan,nan,29.50,0.08,2.40,0.80,29.30,nan
10-Aug-25 8:22:00 PM AEST,nan,nan,nan,nan,nan,nan,24.40,0.17,5.90,1.70,14.60,nan
10-Aug-25 8:23:00 PM AEST,nan,nan,nan,nan,nan,nan,341.70,0.40,4.70,4.00,341.50,nan
10-Aug-25 8:24:00 PM AEST,nan,83.3,nan,nan,nan,nan,12.90,0.48,9.50,4.60,16.50,nan
10-Aug-25 8:25:00 PM AEST,nan,nan,nan,nan,nan,nan,353.20,0.33,5.90,3.20,351.40,nan
10-Aug-25 8:26:00 PM AEST,nan,nan,nan,nan,nan,nan,26.60,0.36,7.10,3.60,26.40,nan
10-Aug-25 8:27:00 PM AEST,20.5,83.0,nan,nan,nan,nan,27.00,0.10,3.50,1.00,26.90,nan
10-Aug-25 8:28:00 PM AEST,nan,83.2,nan,nan,nan,nan,26.90,0.04,2.40,0.40,26.60,nan
10-Aug-25 8:29:00 PM AEST,nan,83.0,nan,nan,nan,nan,nan,0.14,3.50,1.40,26.90,nan
10-Aug-25 8:30:00 PM AEST,nan,nan,nan,nan,nan,nan,20.90,0.61,10.60,5.90,20.30,nan
10-Aug-25 8:31:00 PM AEST,nan,nan,nan,nan,nan,nan,6.20,0.18,4.70,1.80,6.20,nan
10-Aug-25 8:32:00 PM AEST,nan,nan,nan,nan,nan,nan,345.10,0.28,5.90,2.60,328.60,nan
10-Aug-25 8:33:00 PM AEST,nan,82.8,nan,nan,nan,nan,319.50,0.35,nan,3.50,319.40,nan
10-Aug-25 8:34:00 PM AEST,nan,nan,nan,nan,nan,nan,319.20,nan,7.10,nan,319.10,nan
10-Aug-25 8:35:00 PM AEST,20.6,82.7,nan,nan,nan,nan,312.80,0.22,3.50,2.20,312.80,nan
10-Aug-25 8:36:00 PM AEST,nan,nan,nan,nan,nan,nan,336.70,0.37,5.90,2.90,347.40,nan
10-Aug-25 8:36:04 PM AEST,20.5,nan,nan,nan,nan,nan,nan,nan,nan,nan,nan,nan
10-Aug-25 8:37:00 PM AEST,nan,nan,nan,nan,nan,nan,25.80,0.40,nan,4.00,24.40,0.80
10-Aug-25 8:37:08 PM AEST,20.6,nan,nan,nan,nan,nan,nan,nan,nan,nan,nan,nan
10-Aug-25 8:38:00 PM AEST,nan,82.5,nan,nan,nan,nan,6.60,0.21,nan,2.10,6.60,0.00
10-Aug-25 8:38:12 PM AEST,20.5,nan,nan,nan,nan,nan,nan,nan,nan,nan,nan,nan
10-Aug-25 8:39:00 PM AEST,nan,82.7,nan,nan,nan,nan,6.80,0.02,2.40,0.20,5.80,nan
10-Aug-25 8:40:00 PM AEST,nan,82.5,nan,nan,nan,nan,344.50,0.32,5.90,3.10,343.30,nan
10-Aug-25 8:41:00 PM AEST,20.6,82.7,nan,nan,nan,nan,343.70,0.21,nan,2.10,342.20,nan
10-Aug-25 8:42:00 PM AEST,nan,82.5,nan,nan,nan,nan,350.90,0.24,4.70,2.40,351.00,nan
10-Aug-25 8:42:04 PM AEST,20.5,nan,nan,nan,nan,nan,nan,nan,nan,nan,nan,nan
10-Aug-25 8:43:00 PM AEST,nan,nan,17.4,nan,nan,nan,nan,0.27,3.50,2.70,nan,nan
10-Aug-25 8:43:08 PM AEST,20.4,nan,nan,nan,nan,nan,nan,nan,nan,nan,nan,nan
10-Aug-25 8:44:00 PM AEST,nan,82.8,nan,nan,nan,nan,351.80,0.24,nan,2.40,351.80,nan
10-Aug-25 8:45:00 PM AEST,nan,nan,nan,nan,nan,nan,351.70,0.21,nan,2.10,351.70,nan
10-Aug-25 8:46:00 PM AEST,nan,nan,nan,nan,nan,nan,351.90,0.25,nan,2.50,351.90,nan
10-Aug-25 8:47:00 PM AEST,nan,82.7,nan,nan,nan,nan,351.80,0.24,nan,2.40,351.80,nan
10-Aug-25 8:48:00 PM AEST,nan,83.0,nan,nan,nan,nan,nan,0.18,2.40,1.80,351.90,nan
10-Aug-25 8:49:00 PM AEST,nan,82.8,nan,nan,nan,nan,351.90,0.19,3.50,1.90,nan,nan
10-Aug-25 8:50:00 PM AEST,20.3,83.0,nan,nan,nan,nan,5.00,0.27,nan,2.60,7.10,nan
10-Aug-25 8:51:00 PM AEST,nan,83.2,17.3,nan,nan,nan,10.20,0.28,nan,2.80,10.20,nan
10-Aug-25 8:52:00 PM AEST,nan,83.0,nan,nan,nan,nan,15.00,0.45,5.90,4.50,15.20,nan
10-Aug-25 8:53:00 PM AEST,nan,83.2,nan,nan,nan,nan,25.20,0.34,nan,3.30,28.20,nan
10-Aug-25 8:54:00 PM AEST,20.2,83.0,nan,nan,nan,nan,50.60,0.59,7.10,5.70,50.80,nan
10-Aug-25 8:55:00 PM AEST,nan,nan,nan,nan,nan,nan,320.20,0.62,8.30,4.80,322.00,nan
10-Aug-25 8:55:04 PM AEST,20.3,nan,nan,nan,nan,nan,nan,nan,nan,nan,nan,nan
10-Aug-25 8:56:00 PM AEST,nan,nan,nan,nan,nan,nan,313.40,0.28,4.70,2.80,313.30,nan
10-Aug-25 8:57:00 PM AEST,nan,nan,17.4,nan,nan,nan,58.80,0.51,7.10,4.00,61.40,nan
10-Aug-25 8:58:00 PM AEST,nan,nan,17.3,nan,nan,nan,90.60,0.36,5.90,3.50,89.20,nan
10-Aug-25 8:59:00 PM AEST,20.2,nan,nan,nan,nan,nan,29.00,0.35,nan,3.20,29.80,nan
10-Aug-25 9:00:00 PM AEST,nan,nan,17.2,nan,nan,nan,6.40,0.28,4.70,2.80,6.40,nan
10-Aug-25 9:01:00 PM AEST,nan,83.2,17.3,nan,nan,nan,6.90,0.11,2.40,1.10,6.90,nan
10-Aug-25 9:02:00 PM AEST,nan,83.3,nan,nan,nan,nan,nan,0.30,4.70,3.00,6.80,nan
10-Aug-25 9:03:00 PM AEST,20.1,83.5,nan,nan,nan,nan,nan,0.24,nan,2.40,6.90,nan
10-Aug-25 9:04:00 PM AEST,nan,83.3,17.2,nan,nan,nan,7.00,0.25,nan,2.50,7.00,nan
10-Aug-25 9:04:04 PM AEST,20.2,nan,nan,nan,nan,nan,nan,nan,nan,nan,nan,nan
10-Aug-25 9:05:00 PM AEST,nan,83.2,nan,nan,nan,nan,11.70,0.31,nan,3.10,11.90,nan
10-Aug-25 9:06:00 PM AEST,nan,83.3,nan,nan,nan,nan,15.40,0.22,3.50,2.20,15.30,nan
10-Aug-25 9:07:00 PM AEST,20.1,83.2,nan,nan,nan,nan,nan,0.00,0.00,0.00,0.00,nan
10-Aug-25 9:08:00 PM AEST,nan,83.5,nan,nan,nan,nan,21.90,0.15,4.70,1.50,31.60,nan
10-Aug-25 9:09:00 PM AEST,nan,83.3,nan,nan,nan,nan,35.70,0.47,7.10,4.70,35.60,nan
10-Aug-25 9:10:00 PM AEST,nan,nan,nan,nan,nan,nan,6.00,0.38,5.90,3.60,2.60,nan
10-Aug-25 9:11:00 PM AEST,nan,nan,nan,nan,nan,nan,351.20,0.18,3.50,1.80,351.20,nan
10-Aug-25 9:12:00 PM AEST,nan,nan,nan,nan,nan,nan,351.10,0.09,nan,0.90,351.00,nan
10-Aug-25 9:13:00 PM AEST,nan,83.2,nan,nan,nan,nan,9.70,0.53,9.50,5.10,19.20,nan
10-Aug-25 9:14:00 PM AEST,nan,83.3,17.1,nan,nan,nan,27.10,0.35,7.10,3.50,26.60,nan
10-Aug-25 9:15:00 PM AEST,nan,83.0,17.2,nan,nan,nan,27.60,0.22,3.50,2.20,27.60,0.80
10-Aug-25 9:16:00 PM AEST,20.2,nan,17.1,nan,nan,nan,12.80,0.40,8.30,3.80,2.70,0.00
10-Aug-25 9:17:00 PM AEST,nan,nan,17.2,nan,nan,nan,353.30,0.41,5.90,4.00,353.90,nan
10-Aug-25 9:17:04 PM AEST,20.1,nan,nan,nan,nan,nan,nan,nan,nan,nan,nan,nan
10-Aug-25 9:18:00 PM AEST,nan,82.7,17.1,nan,nan,nan,39.70,0.75,10.60,7.30,40.70,nan
10-Aug-25 9:18:08 PM AEST,20.2,nan,nan,nan,nan,nan,nan,nan,nan,nan,nan,nan
10-Aug-25 9:19:00 PM AEST,nan,nan,nan,nan,nan,nan,6.70,0.46,8.30,4.50,9.80,nan
10-Aug-25 9:20:00 PM AEST,nan,82.5,17.2,nan,nan,nan,359.40,0.43,nan,3.70,356.70,nan
10-Aug-25 9:21:00 PM AEST,nan,82.3,17.1,nan,nan,nan,315.40,0.45,9.50,4.50,315.20,nan
10-Aug-25 9:22:00 PM AEST,nan,nan,nan,nan,nan,nan,315.70,0.21,3.50,2.10,315.70,nan
10-Aug-25 9:23:00 PM AEST,nan,82.2,nan,nan,nan,nan,0.00,0.34,5.90,2.60,10.70,nan
10-Aug-25 9:24:00 PM AEST,nan,82.3,nan,nan,nan,nan,35.70,0.04,2.40,0.40,35.90,nan
10-Aug-25 9:25:00 PM AEST,nan,82.0,nan,nan,nan,nan,nan,0.11,3.50,1.10,nan,nan
10-Aug-25 9:26:00 PM AEST,20.1,82.2,17.0,nan,nan,nan,36.80,0.33,4.70,3.30,36.90,nan
10-Aug-25 9:27:00 PM AEST,nan,nan,nan,nan,nan,nan,30.10,0.27,nan,2.60,27.20,nan
10-Aug-25 9:28:00 PM AEST,nan,82.3,nan,nan,nan,nan,325.30,0.37,7.10,3.40,325.80,nan
10-Aug-25 9:29:00 PM AEST,nan,nan,nan,nan,nan,nan,321.00,0.10,3.50,1.00,321.00,nan
10-Aug-25 9:30:00 PM AEST,nan,nan,nan,nan,nan,nan,336.60,0.37,5.90,3.70,337.80,nan
10-Aug-25 9:31:00 PM AEST,nan,nan,nan,nan,nan,nan,342.30,0.34,4.70,3.40,342.30,nan
10-Aug-25 9:32:00 PM AEST,nan,82.2,nan,nan,nan,nan,37.60,0.27,nan,2.50,36.00,nan
10-Aug-25 9:33:00 PM AEST,nan,nan,nan,nan,nan,nan,42.10,0.07,2.40,0.70,42.20,nan
10-Aug-25 9:34:00 PM AEST,nan,nan,nan,nan,nan,nan,nan,0.12,nan,1.20,42.00,nan
10-Aug-25 9:35:00 PM AEST,nan,nan,nan,nan,nan,nan,nan,0.01,1.20,0.10,42.50,nan
10-Aug-25 9:36:00 PM AEST,nan,nan,16.9,nan,nan,nan,42.20,0.04,2.40,0.40,42.20,nan
10-Aug-25 9:37:00 PM AEST,nan,82.0,nan,nan,nan,nan,13.80,0.40,7.10,3.30,8.70,nan
10-Aug-25 9:38:00 PM AEST,nan,82.2,nan,nan,nan,nan,333.30,0.23,3.50,2.30,333.30,nan
10-Aug-25 9:39:00 PM AEST,nan,82.0,nan,nan,nan,nan,333.90,0.40,8.30,3.70,334.20,nan
10-Aug-25 9:40:00 PM AEST,nan,81.8,nan,nan,nan,nan,47.40,0.77,10.60,7.60,46.80,nan
10-Aug-25 9:41:00 PM AEST,nan,nan,nan,nan,nan,nan,43.00,0.37,5.90,3.70,43.20,nan
10-Aug-25 9:42:00 PM AEST,20.2,nan,nan,nan,nan,nan,50.10,0.31,nan,3.10,50.80,nan
10-Aug-25 9:43:00 PM AEST,nan,81.7,17.0,nan,nan,nan,48.70,0.23,3.50,2.30,48.70,nan
10-Aug-25 9:43:04 PM AEST,20.1,nan,nan,nan,nan,nan,nan,nan,nan,nan,nan,nan
10-Aug-25 9:44:00 PM AEST,nan,81.8,16.9,nan,nan,nan,48.80,0.14,nan,1.40,49.00,nan
10-Aug-25 9:45:00 PM AEST,nan,nan,nan,nan,nan,nan,49.90,0.28,nan,2.80,49.90,nan
10-Aug-25 9:46:00 PM AEST,20.0,82.0,nan,nan,nan,nan,49.80,0.17,nan,1.70,49.80,nan
10-Aug-25 9:47:00 PM AEST,nan,81.8,nan,nan,nan,nan,nan,0.16,2.40,1.60,nan,nan
10-Aug-25 9:48:00 PM AEST,nan,82.2,16.8,nan,nan,nan,49.90,0.22,3.50,2.20,49.90,nan
10-Aug-25 9:49:00 PM AEST,19.9,82.0,16.9,nan,nan,nan,nan,0.18,2.40,1.80,50.00,nan
10-Aug-25 9:50:00 PM AEST,nan,82.2,16.8,nan,nan,nan,nan,0.30,3.50,3.00,49.90,0.80
10-Aug-25 9:51:00 PM AEST,nan,nan,nan,nan,nan,nan,nan,0.31,4.70,3.10,50.00,0.00
10-Aug-25 9:52:00 PM AEST,19.8,82.0,16.7,nan,nan,nan,51.60,0.20,3.50,2.00,51.80,nan
10-Aug-25 9:53:00 PM AEST,nan,82.2,16.6,nan,nan,nan,52.20,0.17,2.40,1.70,52.20,nan
10-Aug-25 9:53:04 PM AEST,19.7,nan,nan,nan,nan,nan,nan,nan,nan,nan,nan,nan
10-Aug-25 9:54:00 PM AEST,nan,nan,16.7,nan,nan,nan,52.10,0.24,3.50,2.40,nan,nan
10-Aug-25 9:55:00 PM AEST,nan,82.5,16.6,nan,nan,nan,nan,0.25,nan,2.50,52.10,nan
10-Aug-25 9:56:00 PM AEST,19.6,nan,nan,nan,nan,nan,nan,0.07,2.40,0.60,nan,nan
10-Aug-25 9:57:00 PM AEST,nan,82.8,nan,nan,nan,nan,52.20,0.00,0.00,0.00,0.00,nan
10-Aug-25 9:58:00 PM AEST,nan,82.7,nan,nan,nan,nan,52.10,nan,nan,nan,nan,nan
10-Aug-25 9:59:00 PM AEST,nan,82.8,nan,nan,nan,nan,nan,nan,nan,nan,nan,nan
10-Aug-25 10:00:00 PM AEST,19.5,83.2,nan,nan,nan,65.53,52.20,nan,nan,nan,nan,nan
10-Aug-25 10:02:00 PM AEST,nan,83.5,nan,nan,nan,nan,nan,nan,nan,nan,nan,nan
10-Aug-25 10:03:00 PM AEST,19.4,nan,nan,nan,nan,nan,52.10,nan,nan,nan,nan,nan
10-Aug-25 10:04:00 PM AEST,nan,83.8,16.5,nan,nan,nan,52.20,nan,nan,nan,nan,nan
10-Aug-25 10:04:04 PM AEST,19.3,nan,nan,nan,nan,nan,nan,nan,nan,nan,nan,nan
10-Aug-25 10:05:00 PM AEST,nan,84.0,nan,nan,nan,nan,nan,nan,nan,nan,nan,nan
10-Aug-25 10:05:08 PM AEST,19.2,nan,nan,nan,nan,nan,nan,nan,nan,nan,nan,nan
10-Aug-25 10:06:00 PM AEST,nan,84.2,nan,nan,nan,nan,52.10,nan,nan,nan,nan,nan
10-Aug-25 10:07:00 PM AEST,nan,84.0,nan,nan,nan,nan,52.30,nan,nan,nan,nan,nan
10-Aug-25 10:08:00 PM AEST,nan,84.2,16.4,nan,nan,nan,52.20,0.01,1.20,0.10,52.40,nan
10-Aug-25 10:09:00 PM AEST,19.1,nan,nan,nan,nan,nan,nan,0.09,2.40,0.90,52.20,nan
10-Aug-25 10:10:00 PM AEST,nan,84.5,nan,nan,nan,nan,nan,0.00,0.00,0.00,0.00,nan
10-Aug-25 10:11:00 PM AEST,19.0,84.8,nan,nan,nan,nan,nan,nan,nan,nan,nan,nan
10-Aug-25 10:12:00 PM AEST,nan,85.2,nan,nan,nan,nan,52.10,nan,nan,nan,nan,nan
10-Aug-25 10:13:00 PM AEST,18.9,85.3,nan,nan,nan,nan,52.20,0.04,1.20,0.40,52.00,nan
10-Aug-25 10:14:00 PM AEST,nan,85.7,nan,nan,nan,nan,52.30,0.03,nan,0.30,51.90,nan
10-Aug-25 10:15:00 PM AEST,18.8,85.8,nan,nan,nan,nan,52.20,0.00,0.00,0.00,0.00,nan
10-Aug-25 10:17:00 PM AEST,nan,86.0,nan,nan,nan,nan,52.10,nan,nan,nan,nan,nan
10-Aug-25 10:18:00 PM AEST,18.7,nan,nan,nan,nan,nan,52.20,0.01,1.20,0.10,52.40,nan
10-Aug-25 10:19:00 PM AEST,nan,86.2,16.3,nan,nan,nan,nan,0.00,0.00,0.00,0.00,nan
10-Aug-25 10:19:04 PM AEST,18.6,nan,nan,nan,nan,nan,nan,nan,nan,nan,nan,nan
10-Aug-25 10:20:08 PM AEST,18.7,nan,nan,nan,nan,nan,nan,nan,nan,nan,nan,nan
10-Aug-25 10:21:00 PM AEST,nan,nan,nan,nan,nan,nan,52.10,nan,nan,nan,nan,nan
10-Aug-25 10:21:12 PM AEST,18.6,nan,nan,nan,nan,nan,nan,nan,nan,nan,nan,nan
10-Aug-25 10:22:00 PM AEST,nan,nan,nan,nan,nan,nan,52.20,nan,nan,nan,nan,nan
10-Aug-25 10:23:00 PM AEST,nan,86.5,nan,nan,nan,nan,52.10,nan,nan,nan,nan,nan
10-Aug-25 10:24:00 PM AEST,18.5,86.7,nan,nan,nan,nan,52.20,nan,nan,nan,nan,nan
10-Aug-25 10:25:00 PM AEST,nan,86.8,nan,nan,nan,nan,52.10,nan,nan,nan,nan,nan
10-Aug-25 10:26:00 PM AEST,nan,87.0,nan,nan,nan,nan,nan,nan,nan,nan,nan,nan
10-Aug-25 10:27:00 PM AEST,18.4,nan,nan,nan,nan,nan,52.00,nan,nan,nan,nan,nan
10-Aug-25 10:28:00 PM AEST,nan,87.2,16.2,nan,nan,nan,52.10,nan,nan,nan,nan,0.80
10-Aug-25 10:29:00 PM AEST,nan,nan,nan,nan,nan,nan,nan,nan,nan,nan,nan,0.00
10-Aug-25 10:30:00 PM AEST,nan,nan,nan,nan,nan,nan,52.00,nan,nan,nan,nan,nan
10-Aug-25 10:31:00 PM AEST,nan,nan,nan,nan,nan,nan,52.20,nan,nan,nan,nan,nan
10-Aug-25 10:32:00 PM AEST,nan,87.3,nan,nan,nan,nan,52.00,nan,nan,nan,nan,nan
10-Aug-25 10:33:00 PM AEST,18.3,87.5,nan,nan,nan,nan,52.10,nan,nan,nan,nan,nan
10-Aug-25 10:34:00 PM AEST,nan,87.7,nan,nan,nan,nan,nan,nan,nan,nan,nan,nan
10-Aug-25 10:35:00 PM AEST,nan,nan,nan,nan,nan,nan,52.20,nan,nan,nan,nan,nan
10-Aug-25 10:36:00 PM AEST,nan,87.8,nan,nan,nan,nan,52.10,nan,nan,nan,nan,nan
10-Aug-25 10:37:00 PM AEST,18.2,88.0,nan,nan,nan,nan,52.20,nan,nan,nan,nan,nan
10-Aug-25 10:38:00 PM AEST,nan,88.2,nan,nan,nan,nan,52.10,nan,nan,nan,nan,nan
10-Aug-25 10:39:00 PM AEST,nan,88.3,nan,nan,nan,nan,52.20,nan,nan,nan,nan,nan
10-Aug-25 10:40:00 PM AEST,nan,nan,16.3,nan,nan,nan,nan,nan,nan,nan,nan,nan
10-Aug-25 10:41:00 PM AEST,nan,88.5,16.2,nan,nan,nan,nan,nan,nan,nan,nan,nan
10-Aug-25 10:42:00 PM AEST,nan,88.3,nan,nan,nan,nan,52.10,nan,nan,nan,nan,nan
10-Aug-25 10:43:00 PM AEST,nan,88.7,nan,nan,nan,nan,52.20,nan,nan,nan,nan,nan
10-Aug-25 10:44:00 PM AEST,nan,88.8,16.3,nan,nan,nan,nan,nan,nan,nan,nan,nan
10-Aug-25 10:45:00 PM AEST,nan,89.0,nan,nan,nan,nan,nan,nan,nan,nan,nan,nan
10-Aug-25 10:46:00 PM AEST,18.1,89.2,nan,nan,nan,nan,nan,nan,nan,nan,nan,nan
10-Aug-25 10:47:00 PM AEST,nan,89.3,nan,nan,nan,nan,nan,nan,nan,nan,nan,nan
10-Aug-25 10:48:00 PM AEST,nan,89.5,nan,nan,nan,nan,nan,nan,nan,nan,nan,nan
10-Aug-25 10:50:00 PM AEST,nan,nan,16.4,nan,nan,nan,52.30,nan,nan,nan,nan,nan
10-Aug-25 10:51:00 PM AEST,nan,89.7,16.3,nan,nan,nan,52.20,0.04,2.40,0.40,52.30,nan
10-Aug-25 10:52:00 PM AEST,18.0,nan,nan,nan,nan,nan,nan,0.24,3.50,2.40,52.20,nan
10-Aug-25 10:53:00 PM AEST,nan,89.8,nan,nan,nan,nan,nan,0.09,2.40,0.90,nan,nan
10-Aug-25 10:54:00 PM AEST,nan,nan,nan,nan,nan,nan,nan,0.00,1.20,0.00,0.00,nan
10-Aug-25 10:55:00 PM AEST,nan,90.0,nan,nan,nan,nan,52.10,0.03,nan,0.30,52.40,nan
10-Aug-25 10:56:00 PM AEST,nan,89.8,nan,nan,nan,nan,52.20,0.00,0.00,0.00,0.00,nan
10-Aug-25 10:58:00 PM AEST,nan,nan,nan,nan,nan,nan,52.10,nan,nan,nan,nan,nan
10-Aug-25 10:59:00 PM AEST,nan,nan,nan,nan,nan,nan,52.20,0.02,1.20,0.20,52.40,nan
10-Aug-25 11:00:00 PM AEST,17.9,90.0,nan,nan,nan,nan,nan,0.08,nan,0.80,52.10,nan
10-Aug-25 11:01:00 PM AEST,nan,90.2,nan,nan,nan,nan,nan,0.01,nan,0.10,52.40,nan
10-Aug-25 11:01:04 PM AEST,18.0,nan,nan,nan,nan,nan,nan,nan,nan,nan,nan,nan
10-Aug-25 11:02:00 PM AEST,nan,nan,nan,nan,nan,nan,nan,0.00,0.00,0.00,0.00,nan
10-Aug-25 11:02:08 PM AEST,17.9,nan,nan,nan,nan,nan,nan,nan,nan,nan,nan,nan
10-Aug-25 11:03:00 PM AEST,nan,90.5,nan,nan,nan,nan,52.10,0.01,1.20,0.10,52.40,nan
10-Aug-25 11:04:00 PM AEST,nan,90.3,nan,nan,nan,nan,nan,nan,nan,nan,nan,0.80
10-Aug-25 11:05:00 PM AEST,nan,90.5,nan,nan,nan,nan,52.20,0.00,0.00,0.00,0.00,0.00
10-Aug-25 11:06:00 PM AEST,nan,nan,nan,nan,nan,nan,52.10,nan,nan,nan,nan,nan
10-Aug-25 11:07:00 PM AEST,nan,90.3,nan,nan,nan,nan,nan,nan,nan,nan,nan,nan
10-Aug-25 11:08:00 PM AEST,17.8,90.5,nan,nan,nan,nan,nan,nan,nan,nan,nan,nan
10-Aug-25 11:09:00 PM AEST,nan,90.7,nan,nan,nan,nan,52.20,nan,nan,nan,nan,nan
10-Aug-25 11:10:00 PM AEST,nan,90.5,nan,nan,nan,nan,52.10,nan,nan,nan,nan,nan
10-Aug-25 11:11:00 PM AEST,17.7,90.7,16.2,nan,nan,nan,nan,nan,nan,nan,nan,nan
10-Aug-25 11:12:00 PM AEST,nan,nan,nan,nan,nan,nan,52.20,nan,nan,nan,nan,nan
10-Aug-25 11:13:00 PM AEST,nan,nan,nan,nan,nan,nan,52.10,nan,nan,nan,nan,nan
10-Aug-25 11:14:00 PM AEST,nan,nan,nan,nan,nan,nan,52.20,nan,nan,nan,nan,nan
10-Aug-25 11:15:00 PM AEST,17.6,nan,16.1,nan,nan,nan,52.00,nan,nan,nan,nan,nan
10-Aug-25 11:16:00 PM AEST,nan,nan,nan,nan,nan,nan,52.10,nan,nan,nan,nan,nan
10-Aug-25 11:16:04 PM AEST,17.7,nan,nan,nan,nan,nan,nan,nan,nan,nan,nan,nan
10-Aug-25 11:17:00 PM AEST,nan,nan,nan,nan,nan,nan,52.20,0.01,1.20,0.10,52.40,nan
10-Aug-25 11:17:08 PM AEST,17.6,nan,nan,nan,nan,nan,nan,nan,nan,nan,nan,nan
10-Aug-25 11:18:00 PM AEST,nan,nan,nan,nan,nan,nan,52.10,0.00,0.00,0.00,0.00,nan
10-Aug-25 11:20:00 PM AEST,nan,90.5,nan,nan,nan,nan,52.20,nan,nan,nan,nan,nan
10-Aug-25 11:21:00 PM AEST,nan,nan,16.0,nan,nan,nan,52.10,nan,nan,nan,nan,nan
10-Aug-25 11:22:00 PM AEST,nan,90.7,nan,nan,nan,nan,52.20,nan,nan,nan,nan,nan
10-Aug-25 11:23:00 PM AEST,nan,nan,nan,nan,nan,nan,52.10,nan,nan,nan,nan,nan
10-Aug-25 11:24:00 PM AEST,17.5,nan,nan,nan,nan,nan,52.20,nan,nan,nan,nan,nan
10-Aug-25 11:26:00 PM AEST,nan,nan,nan,nan,nan,nan,52.10,nan,nan,nan,nan,nan
10-Aug-25 11:27:00 PM AEST,nan,nan,nan,nan,nan,nan,52.20,nan,nan,nan,nan,nan
10-Aug-25 11:28:00 PM AEST,nan,nan,15.9,nan,nan,nan,52.10,nan,nan,nan,nan,nan
10-Aug-25 11:29:00 PM AEST,nan,nan,nan,nan,nan,nan,52.20,nan,nan,nan,nan,nan
10-Aug-25 11:30:00 PM AEST,17.4,91.0,nan,nan,nan,nan,nan,nan,nan,nan,nan,nan
10-Aug-25 11:31:00 PM AEST,nan,90.8,nan,nan,nan,nan,nan,nan,nan,nan,nan,nan
10-Aug-25 11:31:04 PM AEST,17.5,nan,nan,nan,nan,nan,nan,nan,nan,nan,nan,nan
10-Aug-25 11:31:04 PM AEST,17.4,nan,nan,nan,nan,nan,nan,nan,nan,nan,nan,nan
10-Aug-25 11:32:00 PM AEST,nan,91.0,nan,nan,nan,nan,nan,nan,nan,nan,nan,nan
10-Aug-25 11:33:00 PM AEST,nan,nan,nan,nan,nan,nan,nan,0.05,1.20,0.50,52.40,nan
10-Aug-25 11:34:00 PM AEST,nan,91.2,nan,nan,nan,nan,52.10,0.02,nan,0.20,nan,nan
10-Aug-25 11:35:00 PM AEST,17.3,91.3,nan,nan,nan,nan,52.30,0.00,0.00,0.00,0.00,nan
10-Aug-25 11:36:00 PM AEST,nan,91.2,nan,nan,nan,nan,52.20,nan,nan,nan,nan,nan
10-Aug-25 11:37:00 PM AEST,nan,91.3,nan,nan,nan,nan,nan,nan,nan,nan,nan,nan
10-Aug-25 11:38:00 PM AEST,nan,nan,nan,nan,nan,nan,52.10,nan,nan,nan,nan,nan
10-Aug-25 11:39:00 PM AEST,nan,nan,nan,nan,nan,nan,52.20,0.01,1.20,0.10,52.40,nan
10-Aug-25 11:40:00 PM AEST,nan,nan,nan,nan,nan,nan,nan,0.00,0.00,0.00,0.00,0.80
10-Aug-25 11:41:00 PM AEST,nan,nan,nan,nan,nan,nan,nan,nan,nan,nan,nan,0.00
10-Aug-25 11:43:00 PM AEST,nan,91.5,15.8,nan,nan,nan,nan,nan,nan,nan,nan,nan
10-Aug-25 11:44:00 PM AEST,nan,91.3,15.9,nan,nan,nan,52.10,nan,nan,nan,nan,nan
10-Aug-25 11:45:00 PM AEST,nan,nan,nan,nan,nan,nan,52.20,nan,nan,nan,nan,nan
10-Aug-25 11:46:00 PM AEST,nan,91.5,nan,nan,nan,nan,nan,nan,nan,nan,nan,nan
10-Aug-25 11:47:00 PM AEST,17.2,nan,nan,nan,nan,nan,nan,nan,nan,nan,nan,nan
10-Aug-25 11:48:00 PM AEST,nan,91.3,15.8,nan,nan,nan,nan,nan,nan,nan,nan,nan
10-Aug-25 11:49:00 PM AEST,nan,91.5,nan,nan,nan,nan,52.10,nan,nan,nan,nan,nan
10-Aug-25 11:50:00 PM AEST,nan,nan,nan,nan,nan,nan,52.20,nan,nan,nan,nan,nan
10-Aug-25 11:51:00 PM AEST,nan,nan,nan,nan,nan,nan,52.10,nan,nan,nan,nan,nan
10-Aug-25 11:52:00 PM AEST,nan,91.7,nan,nan,nan,nan,52.20,nan,nan,nan,nan,nan
10-Aug-25 11:54:00 PM AEST,nan,nan,nan,nan,nan,nan,52.10,nan,nan,nan,nan,nan
10-Aug-25 11:55:00 PM AEST,17.1,nan,nan,nan,nan,nan,nan,nan,nan,nan,nan,nan
10-Aug-25 11:56:00 PM AEST,nan,nan,nan,nan,nan,nan,52.20,0.01,1.20,0.10,52.40,nan
10-Aug-25 11:57:00 PM AEST,nan,91.8,nan,nan,nan,nan,52.10,0.00,0.00,0.00,0.00,nan
10-Aug-25 11:58:00 PM AEST,nan,91.7,nan,nan,nan,nan,52.20,nan,nan,nan,nan,nan
10-Aug-25 11:59:00 PM AEST,nan,91.8,nan,nan,nan,nan,52.10,nan,nan,nan,nan,6553.30
11-Aug-25 12:00:00 AM AEST,nan,91.7,nan,nan,nan,nan,nan,nan,nan,nan,nan,0.00
11-Aug-25 12:02:00 AM AEST,nan,91.8,nan,nan,nan,nan,nan,nan,nan,nan,nan,nan
11-Aug-25 12:03:00 AM AEST,nan,91.7,nan,nan,nan,nan,nan,nan,nan,nan,nan,nan
11-Aug-25 12:04:00 AM AEST,nan,91.8,15.7,nan,nan,nan,nan,nan,nan,nan,nan,nan
11-Aug-25 12:05:00 AM AEST,17.0,92.0,nan,nan,nan,nan,nan,nan,nan,nan,nan,nan
11-Aug-25 12:06:04 AM AEST,17.1,nan,nan,nan,nan,nan,nan,nan,nan,nan,nan,nan
11-Aug-25 12:07:00 AM AEST,nan,nan,15.8,nan,nan,nan,nan,nan,nan,nan,nan,nan
11-Aug-25 12:07:08 AM AEST,17.0,nan,nan,nan,nan,nan,nan,nan,nan,nan,nan,nan
11-Aug-25 12:08:00 AM AEST,nan,nan,15.7,nan,nan,nan,52.20,nan,nan,nan,nan,nan
11-Aug-25 12:09:00 AM AEST,nan,nan,nan,nan,nan,nan,52.10,nan,nan,nan,nan,nan
11-Aug-25 12:10:00 AM AEST,nan,nan,nan,nan,nan,nan,nan,0.01,1.20,0.10,52.40,nan
11-Aug-25 12:11:00 AM AEST,nan,nan,nan,nan,nan,nan,nan,0.00,0.00,0.00,0.00,nan
11-Aug-25 12:12:00 AM AEST,nan,91.8,nan,nan,nan,nan,nan,nan,nan,nan,nan,nan
11-Aug-25 12:13:00 AM AEST,16.9,92.0,15.6,nan,nan,nan,nan,nan,nan,nan,nan,nan
11-Aug-25 12:15:00 AM AEST,nan,92.2,nan,nan,nan,nan,nan,nan,nan,nan,nan,nan
11-Aug-25 12:16:00 AM AEST,nan,92.0,15.7,nan,nan,nan,nan,nan,nan,nan,nan,nan
11-Aug-25 12:17:00 AM AEST,nan,nan,15.6,nan,nan,nan,52.20,nan,nan,nan,nan,0.80
11-Aug-25 12:18:00 AM AEST,nan,nan,nan,nan,nan,nan,52.00,0.02,1.20,0.20,51.70,0.00
11-Aug-25 12:19:00 AM AEST,nan,nan,nan,nan,nan,nan,52.20,0.08,nan,0.80,52.10,nan
11-Aug-25 12:20:00 AM AEST,nan,92.2,nan,nan,nan,nan,52.10,0.00,0.00,0.00,0.00,nan
11-Aug-25 12:21:00 AM AEST,16.8,nan,nan,nan,nan,nan,nan,nan,nan,nan,nan,nan
11-Aug-25 12:22:00 AM AEST,nan,92.3,15.5,nan,nan,nan,nan,nan,nan,nan,nan,nan
11-Aug-25 12:23:00 AM AEST,nan,92.5,nan,nan,nan,nan,nan,nan,nan,nan,nan,nan
11-Aug-25 12:24:00 AM AEST,nan,92.3,15.6,nan,nan,nan,nan,nan,nan,nan,nan,nan
11-Aug-25 12:25:00 AM AEST,nan,92.5,15.5,nan,nan,nan,nan,nan,nan,nan,nan,nan
11-Aug-25 12:26:00 AM AEST,nan,92.3,nan,nan,nan,nan,52.20,nan,nan,nan,nan,nan
11-Aug-25 12:27:00 AM AEST,nan,nan,nan,nan,nan,nan,52.10,nan,nan,nan,nan,nan
11-Aug-25 12:28:00 AM AEST,nan,92.5,nan,nan,nan,nan,nan,nan,nan,nan,nan,nan
11-Aug-25 12:29:00 AM AEST,nan,nan,15.6,nan,nan,nan,nan,nan,nan,nan,nan,nan
11-Aug-25 12:30:00 AM AEST,nan,92.7,15.5,nan,nan,nan,52.20,nan,nan,nan,nan,nan
11-Aug-25 12:31:00 AM AEST,nan,nan,15.6,nan,nan,nan,52.10,nan,nan,nan,nan,nan
11-Aug-25 12:32:00 AM AEST,nan,92.5,nan,nan,nan,nan,52.20,nan,nan,nan,nan,nan
11-Aug-25 12:33:00 AM AEST,nan,92.7,15.5,nan,nan,nan,52.10,nan,nan,nan,nan,nan
11-Aug-25 12:34:00 AM AEST,nan,nan,15.6,nan,nan,nan,nan,nan,nan,nan,nan,nan
11-Aug-25 12:35:00 AM AEST,nan,nan,nan,nan,nan,nan,52.20,nan,nan,nan,nan,nan
11-Aug-25 12:36:00 AM AEST,nan,nan,nan,nan,nan,nan,52.10,nan,nan,nan,nan,nan
11-Aug-25 12:37:00 AM AEST,nan,nan,nan,nan,nan,nan,52.20,nan,nan,nan,nan,nan
11-Aug-25 12:38:00 AM AEST,nan,92.8,nan,nan,nan,nan,52.10,nan,nan,nan,nan,nan
11-Aug-25 12:39:00 AM AEST,nan,92.7,nan,nan,nan,nan,52.20,nan,nan,nan,nan,nan
11-Aug-25 12:40:00 AM AEST,16.7,93.0,nan,nan,nan,nan,52.10,nan,nan,nan,nan,nan
11-Aug-25 12:41:00 AM AEST,nan,92.8,nan,nan,nan,nan,52.20,nan,nan,nan,nan,nan
11-Aug-25 12:41:04 AM AEST,16.8,nan,nan,nan,nan,nan,nan,nan,nan,nan,nan,nan
11-Aug-25 12:42:00 AM AEST,nan,93.0,nan,nan,nan,nan,52.10,nan,nan,nan,nan,nan
11-Aug-25 12:42:08 AM AEST,16.7,nan,nan,nan,nan,nan,nan,nan,nan,nan,nan,nan
11-Aug-25 12:44:00 AM AEST,nan,nan,nan,nan,nan,nan,52.20,nan,nan,nan,nan,nan
11-Aug-25 12:45:00 AM AEST,16.8,nan,nan,nan,nan,nan,52.10,nan,nan,nan,nan,nan
11-Aug-25 12:46:00 AM AEST,nan,92.8,nan,nan,nan,nan,52.20,nan,nan,nan,nan,nan
11-Aug-25 12:46:04 AM AEST,16.7,nan,nan,nan,nan,nan,nan,nan,nan,nan,nan,nan
11-Aug-25 12:47:00 AM AEST,nan,93.0,nan,nan,nan,nan,52.10,nan,nan,nan,nan,nan
11-Aug-25 12:48:00 AM AEST,nan,93.2,nan,nan,nan,nan,52.20,nan,nan,nan,nan,nan
11-Aug-25 12:49:00 AM AEST,nan,93.0,nan,nan,nan,nan,52.10,nan,nan,nan,nan,nan
11-Aug-25 12:50:00 AM AEST,nan,93.2,nan,nan,nan,nan,52.20,0.01,1.20,0.10,52.40,nan
11-Aug-25 12:51:00 AM AEST,nan,nan,nan,nan,nan,nan,nan,0.00,0.00,0.00,0.00,nan
11-Aug-25 12:52:00 AM AEST,nan,nan,nan,nan,nan,nan,52.10,nan,nan,nan,nan,nan
11-Aug-25 12:53:00 AM AEST,nan,nan,nan,nan,nan,nan,52.20,nan,nan,nan,nan,0.80
11-Aug-25 12:54:00 AM AEST,nan,nan,nan,nan,nan,nan,52.10,nan,nan,nan,nan,0.00
11-Aug-25 12:55:00 AM AEST,nan,93.0,nan,nan,nan,nan,52.20,nan,nan,nan,nan,nan
11-Aug-25 12:56:00 AM AEST,nan,93.2,nan,nan,nan,nan,nan,nan,nan,nan,nan,nan
11-Aug-25 12:58:00 AM AEST,nan,93.3,nan,nan,nan,nan,nan,nan,nan,nan,nan,nan
11-Aug-25 12:59:00 AM AEST,nan,93.2,nan,nan,nan,nan,52.10,nan,nan,nan,nan,nan
11-Aug-25 1:00:00 AM AEST,nan,93.3,nan,nan,nan,nan,52.20,nan,nan,nan,nan,nan
11-Aug-25 1:01:00 AM AEST,nan,93.2,nan,nan,nan,nan,nan,nan,nan,nan,nan,nan
11-Aug-25 1:02:00 AM AEST,nan,93.3,nan,nan,nan,nan,nan,0.03,1.20,0.30,51.90,nan
11-Aug-25 1:03:00 AM AEST,nan,93.2,nan,nan,nan,nan,nan,0.01,nan,0.10,52.40,nan
11-Aug-25 1:04:00 AM AEST,nan,nan,nan,nan,nan,nan,nan,0.00,0.00,0.00,0.00,nan
11-Aug-25 1:05:00 AM AEST,nan,93.3,nan,nan,nan,nan,52.10,nan,nan,nan,nan,nan
11-Aug-25 1:06:00 AM AEST,nan,93.2,nan,nan,nan,nan,52.20,nan,nan,nan,nan,nan
11-Aug-25 1:07:00 AM AEST,nan,93.3,nan,nan,nan,nan,nan,nan,nan,nan,nan,nan
11-Aug-25 1:08:00 AM AEST,nan,93.5,15.7,nan,nan,nan,52.10,nan,nan,nan,nan,nan
11-Aug-25 1:09:00 AM AEST,nan,93.3,nan,nan,nan,nan,52.20,0.02,1.20,0.20,51.70,nan
11-Aug-25 1:10:00 AM AEST,nan,93.5,15.6,nan,nan,nan,nan,0.00,nan,0.00,0.00,nan
11-Aug-25 1:11:00 AM AEST,nan,93.7,15.7,nan,nan,nan,nan,nan,0.00,nan,nan,nan
11-Aug-25 1:12:00 AM AEST,nan,93.5,nan,nan,nan,nan,nan,nan,nan,nan,nan,nan
11-Aug-25 1:13:00 AM AEST,16.8,nan,nan,nan,nan,nan,nan,0.09,2.40,0.90,52.20,nan
11-Aug-25 1:14:00 AM AEST,nan,93.7,nan,nan,nan,nan,nan,0.02,1.20,0.20,52.40,nan
11-Aug-25 1:15:00 AM AEST,nan,nan,15.8,nan,nan,nan,52.10,0.00,0.00,0.00,0.00,nan
11-Aug-25 1:16:00 AM AEST,nan,nan,15.7,nan,nan,nan,52.20,nan,nan,nan,nan,nan
11-Aug-25 1:17:00 AM AEST,nan,nan,15.8,nan,nan,nan,nan,nan,nan,nan,nan,nan
11-Aug-25 1:18:00 AM AEST,nan,nan,15.7,nan,nan,nan,nan,nan,nan,nan,nan,nan
11-Aug-25 1:19:00 AM AEST,nan,93.8,15.8,nan,nan,nan,nan,nan,nan,nan,nan,nan
11-Aug-25 1:20:00 AM AEST,nan,93.7,nan,nan,nan,nan,nan,nan,nan,nan,nan,nan
11-Aug-25 1:21:00 AM AEST,nan,93.8,nan,nan,nan,nan,52.10,nan,nan,nan,nan,nan
11-Aug-25 1:22:00 AM AEST,nan,nan,nan,nan,nan,nan,52.20,nan,nan,nan,nan,nan
11-Aug-25 1:24:00 AM AEST,nan,nan,nan,nan,nan,nan,52.10,nan,nan,nan,nan,nan
11-Aug-25 1:25:00 AM AEST,nan,nan,nan,nan,nan,nan,52.20,nan,nan,nan,nan,nan
11-Aug-25 1:30:00 AM AEST,nan,nan,nan,nan,nan,nan,52.10,nan,nan,nan,nan,0.80
11-Aug-25 1:31:00 AM AEST,nan,nan,nan,nan,nan,nan,52.20,nan,nan,nan,nan,0.00
11-Aug-25 1:33:00 AM AEST,nan,nan,nan,nan,nan,nan,52.10,nan,nan,nan,nan,nan
11-Aug-25 1:35:00 AM AEST,nan,nan,nan,nan,nan,nan,52.20,nan,nan,nan,nan,nan
11-Aug-25 1:36:00 AM AEST,nan,93.7,nan,nan,nan,nan,nan,nan,nan,nan,nan,nan
11-Aug-25 1:37:00 AM AEST,16.7,93.8,15.7,nan,nan,nan,nan,nan,nan,nan,nan,nan
11-Aug-25 1:39:00 AM AEST,nan,93.7,nan,nan,nan,nan,nan,nan,nan,nan,nan,nan
11-Aug-25 1:40:00 AM AEST,nan,93.8,nan,nan,nan,nan,52.10,nan,nan,nan,nan,nan
11-Aug-25 1:41:00 AM AEST,nan,nan,nan,nan,nan,nan,52.20,nan,nan,nan,nan,nan
11-Aug-25 1:42:00 AM AEST,nan,94.0,nan,nan,nan,nan,52.10,nan,nan,nan,nan,nan
11-Aug-25 1:43:00 AM AEST,nan,93.8,15.8,nan,nan,nan,52.20,nan,nan,nan,nan,nan
11-Aug-25 1:44:00 AM AEST,nan,nan,15.7,nan,nan,nan,52.10,nan,nan,nan,nan,nan
11-Aug-25 1:45:00 AM AEST,nan,nan,nan,nan,nan,nan,52.20,nan,nan,nan,nan,nan
11-Aug-25 1:49:00 AM AEST,nan,94.0,nan,nan,nan,nan,52.10,nan,nan,nan,nan,nan
11-Aug-25 1:50:00 AM AEST,nan,nan,nan,nan,nan,nan,52.20,nan,nan,nan,nan,nan
11-Aug-25 1:52:00 AM AEST,nan,94.2,nan,nan,nan,nan,nan,nan,nan,nan,nan,nan
11-Aug-25 1:53:00 AM AEST,nan,94.0,nan,nan,nan,nan,52.10,nan,nan,nan,nan,nan
11-Aug-25 1:54:00 AM AEST,nan,nan,nan,nan,nan,nan,52.20,nan,nan,nan,nan,nan
11-Aug-25 1:55:00 AM AEST,nan,nan,nan,nan,nan,nan,52.10,nan,nan,nan,nan,nan
11-Aug-25 1:56:00 AM AEST,nan,94.2,nan,nan,nan,nan,52.20,nan,nan,nan,nan,nan
11-Aug-25 1:57:00 AM AEST,16.6,94.0,nan,nan,nan,nan,nan,nan,nan,nan,nan,nan
11-Aug-25 1:58:00 AM AEST,nan,94.2,nan,nan,nan,nan,nan,nan,nan,nan,nan,nan
11-Aug-25 1:58:04 AM AEST,16.7,nan,nan,nan,nan,nan,nan,nan,nan,nan,nan,nan
11-Aug-25 1:58:04 AM AEST,16.6,nan,nan,nan,nan,nan,nan,nan,nan,nan,nan,nan
11-Aug-25 1:59:00 AM AEST,nan,94.0,nan,nan,nan,nan,nan,nan,nan,nan,nan,nan
11-Aug-25 2:00:00 AM AEST,16.7,94.2,nan,nan,nan,nan,nan,nan,nan,nan,nan,nan
11-Aug-25 2:01:00 AM AEST,nan,nan,nan,nan,nan,nan,52.10,nan,nan,nan,nan,nan
11-Aug-25 2:01:04 AM AEST,16.6,nan,nan,nan,nan,nan,nan,nan,nan,nan,nan,nan
11-Aug-25 2:02:00 AM AEST,nan,94.0,nan,nan,nan,nan,52.20,nan,nan,nan,nan,nan
11-Aug-25 2:02:08 AM AEST,16.7,nan,nan,nan,nan,nan,nan,nan,nan,nan,nan,nan
11-Aug-25 2:03:00 AM AEST,nan,94.3,nan,nan,nan,nan,nan,nan,nan,nan,nan,nan
11-Aug-25 2:04:00 AM AEST,nan,94.2,15.8,nan,nan,nan,nan,nan,nan,nan,nan,nan
11-Aug-25 2:05:00 AM AEST,nan,nan,15.7,nan,nan,nan,nan,nan,nan,nan,nan,nan
11-Aug-25 2:06:00 AM AEST,nan,94.3,nan,nan,nan,nan,nan,nan,nan,nan,nan,nan
11-Aug-25 2:07:00 AM AEST,16.6,94.2,15.8,nan,nan,nan,nan,nan,nan,nan,nan,0.80
11-Aug-25 2:08:00 AM AEST,nan,94.3,15.7,nan,nan,nan,52.10,nan,nan,nan,nan,0.00
11-Aug-25 2:08:04 AM AEST,16.7,nan,nan,nan,nan,nan,nan,nan,nan,nan,nan,nan
11-Aug-25 2:09:00 AM AEST,nan,nan,15.8,nan,nan,nan,nan,nan,nan,nan,nan,nan
11-Aug-25 2:10:00 AM AEST,nan,94.2,15.7,nan,nan,nan,52.20,nan,nan,nan,nan,nan
11-Aug-25 2:11:00 AM AEST,nan,94.3,nan,nan,nan,nan,52.10,nan,nan,nan,nan,nan
11-Aug-25 2:12:00 AM AEST,nan,94.2,nan,nan,nan,nan,52.20,nan,nan,nan,nan,nan
11-Aug-25 2:13:00 AM AEST,nan,94.3,nan,nan,nan,nan,52.10,nan,nan,nan,nan,nan
11-Aug-25 2:14:00 AM AEST,nan,nan,15.8,nan,nan,nan,52.20,nan,nan,nan,nan,nan
11-Aug-25 2:15:00 AM AEST,nan,94.5,nan,nan,nan,nan,nan,nan,nan,nan,nan,nan
11-Aug-25 2:16:00 AM AEST,nan,94.3,nan,nan,nan,nan,nan,nan,nan,nan,nan,nan
11-Aug-25 2:17:00 AM AEST,nan,94.5,nan,nan,nan,nan,nan,nan,nan,nan,nan,nan
11-Aug-25 2:18:00 AM AEST,nan,nan,nan,nan,nan,nan,52.10,nan,nan,nan,nan,nan
11-Aug-25 2:19:00 AM AEST,nan,nan,nan,nan,nan,nan,52.20,nan,nan,nan,nan,nan
11-Aug-25 2:20:00 AM AEST,nan,94.3,nan,nan,nan,nan,nan,0.02,1.20,0.20,52.40,nan
11-Aug-25 2:21:00 AM AEST,nan,94.5,nan,nan,nan,nan,nan,0.00,0.00,0.00,0.00,nan
11-Aug-25 2:22:00 AM AEST,nan,94.3,nan,nan,nan,nan,52.10,nan,nan,nan,nan,nan
11-Aug-25 2:23:00 AM AEST,nan,94.5,nan,nan,nan,nan,52.20,0.01,1.20,0.10,52.40,nan
11-Aug-25 2:24:00 AM AEST,nan,nan,nan,nan,nan,nan,52.10,0.06,2.40,0.60,52.10,nan
11-Aug-25 2:25:00 AM AEST,nan,nan,nan,nan,nan,nan,52.20,0.09,nan,0.90,52.30,nan
11-Aug-25 2:26:00 AM AEST,nan,nan,nan,nan,nan,nan,nan,0.01,1.20,0.10,52.40,nan
11-Aug-25 2:27:00 AM AEST,nan,94.7,nan,nan,nan,nan,nan,0.00,0.00,0.00,0.00,nan
11-Aug-25 2:28:00 AM AEST,nan,94.5,nan,nan,nan,nan,nan,nan,nan,nan,nan,nan
11-Aug-25 2:30:00 AM AEST,nan,nan,nan,nan,nan,nan,nan,0.10,2.40,1.00,52.20,nan
11-Aug-25 2:31:00 AM AEST,nan,94.7,nan,nan,nan,nan,52.10,0.05,nan,0.50,52.40,nan
11-Aug-25 2:32:00 AM AEST,nan,94.5,nan,nan,nan,nan,52.20,0.00,0.00,0.00,0.00,nan
11-Aug-25 2:33:00 AM AEST,nan,nan,nan,nan,nan,nan,nan,0.01,1.20,0.10,52.40,nan
11-Aug-25 2:34:00 AM AEST,nan,94.7,nan,nan,nan,nan,nan,0.09,2.40,0.90,52.20,nan
11-Aug-25 2:35:00 AM AEST,nan,94.5,nan,nan,nan,nan,nan,0.00,0.00,0.00,0.00,nan
11-Aug-25 2:36:00 AM AEST,nan,94.7,nan,nan,nan,nan,nan,nan,nan,nan,nan,nan
11-Aug-25 2:37:00 AM AEST,nan,94.5,nan,nan,nan,nan,nan,nan,nan,nan,nan,nan
11-Aug-25 2:38:00 AM AEST,nan,94.7,nan,nan,nan,nan,nan,nan,nan,nan,nan,nan
11-Aug-25 2:41:00 AM AEST,nan,nan,nan,nan,nan,nan,52.10,0.02,1.20,0.20,52.40,nan
11-Aug-25 2:42:00 AM AEST,nan,nan,15.9,nan,nan,nan,52.20,0.00,0.00,0.00,0.00,nan
11-Aug-25 2:43:00 AM AEST,nan,94.8,15.8,nan,nan,nan,52.10,nan,nan,nan,nan,nan
11-Aug-25 2:44:00 AM AEST,nan,94.7,15.9,nan,nan,nan,52.20,nan,nan,nan,nan,0.80
11-Aug-25 2:45:00 AM AEST,nan,94.8,nan,nan,nan,nan,nan,0.01,1.20,0.10,52.40,0.00
11-Aug-25 2:46:00 AM AEST,nan,94.7,nan,nan,nan,nan,nan,0.02,2.40,0.20,51.70,nan
11-Aug-25 2:47:00 AM AEST,nan,94.8,15.8,nan,nan,nan,nan,0.00,0.00,0.00,0.00,nan
11-Aug-25 2:48:00 AM AEST,nan,nan,15.9,nan,nan,nan,nan,nan,nan,nan,nan,nan
11-Aug-25 2:49:00 AM AEST,nan,nan,nan,nan,nan,nan,52.10,nan,nan,nan,nan,nan
11-Aug-25 2:50:00 AM AEST,nan,94.7,15.8,nan,nan,nan,52.20,nan,nan,nan,nan,nan
11-Aug-25 2:51:00 AM AEST,nan,94.8,nan,nan,nan,nan,nan,0.01,1.20,0.10,52.40,nan
11-Aug-25 2:52:00 AM AEST,nan,nan,15.9,nan,nan,nan,52.30,0.00,0.00,0.00,0.00,nan
11-Aug-25 2:53:00 AM AEST,nan,nan,15.8,nan,nan,nan,52.10,nan,nan,nan,nan,nan
11-Aug-25 2:54:00 AM AEST,nan,nan,nan,nan,nan,nan,52.20,0.01,1.20,0.10,52.40,nan
11-Aug-25 2:55:00 AM AEST,nan,nan,15.9,nan,nan,nan,nan,0.00,0.00,0.00,0.00,nan
11-Aug-25 2:56:00 AM AEST,nan,nan,15.8,nan,nan,nan,nan,0.02,1.20,0.20,52.40,nan
11-Aug-25 2:57:00 AM AEST,nan,nan,nan,nan,nan,nan,nan,0.23,3.50,2.30,52.20,nan
11-Aug-25 2:58:00 AM AEST,nan,95.0,15.9,nan,nan,nan,nan,0.05,1.20,0.50,52.40,nan
11-Aug-25 2:59:00 AM AEST,nan,94.8,nan,nan,nan,nan,52.10,0.00,nan,0.00,0.00,nan
11-Aug-25 3:00:00 AM AEST,nan,nan,nan,nan,nan,nan,52.20,nan,0.00,nan,nan,nan
11-Aug-25 3:01:00 AM AEST,nan,95.0,nan,nan,nan,nan,nan,0.05,2.40,0.50,52.00,nan
11-Aug-25 3:02:00 AM AEST,nan,94.8,nan,nan,nan,nan,52.30,0.14,nan,1.40,52.30,nan
11-Aug-25 3:03:00 AM AEST,16.8,95.0,nan,nan,nan,nan,52.20,0.22,3.50,2.20,52.20,nan
11-Aug-25 3:04:00 AM AEST,nan,95.2,16.0,nan,nan,nan,nan,0.07,2.40,0.60,52.10,nan
11-Aug-25 3:05:00 AM AEST,nan,95.0,nan,nan,nan,nan,nan,0.00,0.00,0.00,0.00,nan
11-Aug-25 3:08:00 AM AEST,nan,nan,nan,nan,nan,nan,nan,0.02,1.20,0.20,51.70,nan
11-Aug-25 3:09:00 AM AEST,nan,95.2,nan,nan,nan,nan,nan,0.01,nan,0.10,55.30,nan
11-Aug-25 3:10:00 AM AEST,nan,95.0,nan,nan,nan,nan,nan,0.00,0.00,0.00,0.00,nan
11-Aug-25 3:11:00 AM AEST,nan,95.2,nan,nan,nan,nan,nan,0.01,1.20,0.10,52.40,nan
11-Aug-25 3:12:00 AM AEST,nan,95.0,nan,nan,nan,nan,nan,0.00,0.00,0.00,0.00,nan
11-Aug-25 3:14:00 AM AEST,nan,95.2,nan,nan,nan,nan,nan,nan,nan,nan,nan,nan
11-Aug-25 3:15:00 AM AEST,nan,95.0,nan,nan,nan,nan,nan,0.12,2.40,1.20,52.30,nan
11-Aug-25 3:16:00 AM AEST,16.9,95.2,nan,nan,nan,nan,nan,0.24,3.50,2.40,52.20,nan
11-Aug-25 3:17:00 AM AEST,nan,nan,16.1,nan,nan,nan,nan,0.05,1.20,0.50,52.40,nan
11-Aug-25 3:18:00 AM AEST,nan,nan,nan,nan,nan,nan,nan,0.00,0.00,0.00,0.00,nan
11-Aug-25 3:19:00 AM AEST,nan,nan,nan,nan,nan,nan,52.30,0.02,1.20,0.20,51.70,nan
11-Aug-25 3:20:00 AM AEST,nan,95.3,16.2,nan,nan,nan,52.20,0.00,0.00,0.00,0.00,nan
11-Aug-25 3:21:00 AM AEST,17.0,95.2,16.1,nan,nan,nan,nan,nan,nan,nan,nan,0.80
11-Aug-25 3:22:00 AM AEST,nan,95.3,16.2,nan,nan,nan,nan,nan,nan,nan,nan,0.00
11-Aug-25 3:23:00 AM AEST,nan,nan,nan,nan,nan,nan,52.10,nan,nan,nan,nan,nan
11-Aug-25 3:24:00 AM AEST,nan,nan,nan,nan,nan,nan,52.20,nan,nan,nan,nan,nan
11-Aug-25 3:25:00 AM AEST,nan,95.2,nan,nan,nan,nan,nan,nan,nan,nan,nan,nan
11-Aug-25 3:26:00 AM AEST,nan,95.3,nan,nan,nan,nan,nan,nan,nan,nan,nan,nan
11-Aug-25 3:27:00 AM AEST,nan,nan,nan,nan,nan,nan,nan,0.01,1.20,0.10,52.40,nan
11-Aug-25 3:28:00 AM AEST,nan,nan,nan,nan,nan,nan,nan,0.21,3.50,2.10,52.20,nan
11-Aug-25 3:29:00 AM AEST,nan,nan,nan,nan,nan,nan,nan,0.17,2.40,1.70,nan,nan
11-Aug-25 3:30:00 AM AEST,nan,nan,16.3,nan,nan,nan,nan,0.11,nan,1.10,52.30,nan
11-Aug-25 3:31:00 AM AEST,nan,nan,16.2,nan,nan,nan,nan,0.07,nan,0.70,nan,nan
11-Aug-25 3:32:00 AM AEST,nan,nan,16.3,nan,nan,nan,nan,0.00,0.00,0.00,0.00,nan
11-Aug-25 3:33:00 AM AEST,nan,nan,16.2,nan,nan,nan,nan,0.01,1.20,0.10,52.40,nan
11-Aug-25 3:34:00 AM AEST,nan,nan,16.3,nan,nan,nan,nan,0.00,0.00,0.00,0.00,nan
11-Aug-25 3:35:00 AM AEST,nan,nan,16.2,nan,nan,nan,nan,nan,nan,nan,nan,nan
11-Aug-25 3:36:00 AM AEST,nan,nan,16.3,nan,nan,nan,nan,nan,nan,nan,nan,nan
11-Aug-25 3:37:00 AM AEST,nan,nan,16.2,nan,nan,nan,52.10,nan,nan,nan,nan,nan
11-Aug-25 3:38:00 AM AEST,nan,nan,16.3,nan,nan,nan,52.20,0.02,1.20,0.20,51.70,nan
11-Aug-25 3:39:00 AM AEST,17.1,nan,16.2,nan,nan,nan,52.30,0.22,3.50,2.20,52.30,nan
11-Aug-25 3:40:00 AM AEST,nan,nan,16.3,nan,nan,nan,52.20,0.07,2.40,0.60,52.10,nan
11-Aug-25 3:40:04 AM AEST,17.0,nan,nan,nan,nan,nan,nan,nan,nan,nan,nan,nan
11-Aug-25 3:41:00 AM AEST,nan,nan,nan,nan,nan,nan,52.10,0.04,1.20,0.40,52.00,nan
11-Aug-25 3:42:00 AM AEST,nan,95.5,nan,nan,nan,nan,52.20,nan,nan,nan,nan,nan
11-Aug-25 3:43:00 AM AEST,17.1,95.3,nan,nan,nan,nan,nan,0.07,nan,0.60,52.10,nan
11-Aug-25 3:44:00 AM AEST,nan,95.5,nan,nan,nan,nan,nan,0.11,2.40,1.10,52.30,nan
11-Aug-25 3:45:00 AM AEST,nan,95.3,nan,nan,nan,nan,nan,0.02,1.20,0.20,52.40,nan
11-Aug-25 3:46:00 AM AEST,17.0,nan,nan,nan,nan,nan,52.10,0.00,0.00,0.00,0.00,nan
11-Aug-25 3:47:00 AM AEST,nan,95.5,nan,nan,nan,nan,nan,nan,nan,nan,nan,nan
11-Aug-25 3:47:04 AM AEST,17.1,nan,nan,nan,nan,nan,nan,nan,nan,nan,nan,nan
11-Aug-25 3:48:00 AM AEST,nan,nan,nan,nan,nan,nan,52.20,nan,nan,nan,nan,nan
11-Aug-25 3:49:00 AM AEST,nan,95.3,16.4,nan,nan,nan,52.30,0.04,1.20,0.40,52.30,nan
11-Aug-25 3:50:00 AM AEST,nan,95.5,16.3,nan,nan,nan,52.20,0.01,nan,0.10,52.40,nan
11-Aug-25 3:51:00 AM AEST,nan,nan,16.4,nan,nan,nan,52.10,0.00,0.00,0.00,0.00,nan
11-Aug-25 3:52:00 AM AEST,nan,nan,nan,nan,nan,nan,52.30,nan,nan,nan,nan,nan
11-Aug-25 3:53:00 AM AEST,nan,95.7,nan,nan,nan,nan,52.20,nan,nan,nan,nan,nan
11-Aug-25 3:54:00 AM AEST,nan,95.5,nan,nan,nan,nan,nan,nan,nan,nan,nan,nan
11-Aug-25 3:55:00 AM AEST,nan,95.7,nan,nan,nan,nan,nan,nan,nan,nan,nan,nan
11-Aug-25 3:56:00 AM AEST,nan,95.5,nan,nan,nan,nan,nan,0.01,1.20,0.10,52.40,nan
11-Aug-25 3:57:00 AM AEST,nan,nan,nan,nan,nan,nan,52.10,0.00,0.00,0.00,0.00,0.80
11-Aug-25 3:58:00 AM AEST,17.2,95.7,nan,nan,nan,nan,52.20,0.08,1.20,0.80,52.30,0.00
11-Aug-25 3:59:00 AM AEST,nan,95.5,16.5,nan,nan,nan,nan,0.00,0.00,0.00,0.00,nan
11-Aug-25 3:59:04 AM AEST,17.1,nan,nan,nan,nan,nan,nan,nan,nan,nan,nan,nan
11-Aug-25 4:00:00 AM AEST,nan,95.7,16.4,nan,nan,nan,nan,nan,nan,nan,nan,nan
11-Aug-25 4:00:08 AM AEST,17.2,nan,nan,nan,nan,nan,nan,nan,nan,nan,nan,nan
11-Aug-25 4:01:00 AM AEST,nan,95.5,16.5,nan,nan,nan,52.10,nan,nan,nan,nan,nan
11-Aug-25 4:01:12 AM AEST,17.1,nan,nan,nan,nan,nan,nan,nan,nan,nan,nan,nan
11-Aug-25 4:01:12 AM AEST,17.2,nan,nan,nan,nan,nan,nan,nan,nan,nan,nan,nan
11-Aug-25 4:02:00 AM AEST,nan,nan,16.4,nan,nan,nan,52.20,nan,nan,nan,nan,nan
11-Aug-25 4:03:00 AM AEST,nan,95.7,nan,nan,nan,nan,nan,nan,nan,nan,nan,nan
11-Aug-25 4:04:00 AM AEST,nan,95.5,16.5,nan,nan,nan,nan,nan,nan,nan,nan,nan
11-Aug-25 4:05:00 AM AEST,nan,95.7,nan,nan,nan,nan,nan,nan,nan,nan,nan,nan
11-Aug-25 4:10:00 AM AEST,nan,nan,nan,nan,nan,nan,52.10,nan,nan,nan,nan,nan
11-Aug-25 4:11:00 AM AEST,nan,nan,nan,nan,nan,nan,52.20,nan,nan,nan,nan,nan
11-Aug-25 4:12:00 AM AEST,17.3,nan,nan,nan,nan,nan,52.10,nan,nan,nan,nan,nan
11-Aug-25 4:13:00 AM AEST,nan,95.8,16.6,nan,nan,nan,52.20,nan,nan,nan,nan,nan
11-Aug-25 4:14:00 AM AEST,nan,95.7,nan,nan,nan,nan,nan,nan,nan,nan,nan,nan
11-Aug-25 4:16:00 AM AEST,nan,95.8,nan,nan,nan,nan,nan,nan,nan,nan,nan,nan
11-Aug-25 4:17:00 AM AEST,nan,95.7,nan,nan,nan,nan,nan,nan,nan,nan,nan,nan
11-Aug-25 4:18:00 AM AEST,nan,95.8,nan,nan,nan,nan,nan,nan,nan,nan,nan,nan
11-Aug-25 4:19:00 AM AEST,nan,95.7,nan,nan,nan,nan,52.10,nan,nan,nan,nan,nan
11-Aug-25 4:20:00 AM AEST,nan,95.8,nan,nan,nan,nan,52.30,nan,nan,nan,nan,nan
11-Aug-25 4:21:00 AM AEST,nan,95.7,nan,nan,nan,nan,52.20,nan,nan,nan,nan,nan
11-Aug-25 4:22:00 AM AEST,nan,95.8,nan,nan,nan,nan,52.10,nan,nan,nan,nan,nan
11-Aug-25 4:23:00 AM AEST,nan,95.7,nan,nan,nan,nan,52.20,nan,nan,nan,nan,nan
11-Aug-25 4:24:00 AM AEST,nan,95.8,nan,nan,nan,nan,nan,nan,nan,nan,nan,nan
11-Aug-25 4:25:00 AM AEST,nan,95.7,nan,nan,nan,nan,nan,nan,nan,nan,nan,nan
11-Aug-25 4:26:00 AM AEST,17.2,nan,nan,nan,nan,nan,nan,nan,nan,nan,nan,nan
11-Aug-25 4:27:00 AM AEST,nan,95.8,16.5,nan,nan,nan,nan,nan,nan,nan,nan,nan
11-Aug-25 4:28:00 AM AEST,nan,95.7,16.6,nan,nan,nan,nan,nan,nan,nan,nan,nan
11-Aug-25 4:29:00 AM AEST,17.3,nan,16.5,nan,nan,nan,52.10,nan,nan,nan,nan,nan
11-Aug-25 4:30:00 AM AEST,nan,95.8,16.6,nan,nan,nan,52.20,nan,nan,nan,nan,nan
11-Aug-25 4:31:00 AM AEST,17.2,95.7,nan,nan,nan,nan,52.10,nan,nan,nan,nan,nan
11-Aug-25 4:32:00 AM AEST,nan,nan,16.5,nan,nan,nan,52.20,nan,nan,nan,nan,nan
11-Aug-25 4:34:00 AM AEST,nan,nan,nan,nan,nan,nan,nan,nan,nan,nan,nan,0.80
11-Aug-25 4:35:00 AM AEST,nan,nan,nan,nan,nan,nan,nan,nan,nan,nan,nan,0.00
11-Aug-25 4:36:00 AM AEST,nan,nan,nan,nan,nan,nan,52.10,nan,nan,nan,nan,nan
11-Aug-25 4:38:00 AM AEST,nan,nan,nan,nan,nan,nan,52.20,nan,nan,nan,nan,nan
11-Aug-25 4:40:00 AM AEST,17.1,nan,nan,nan,nan,nan,52.10,nan,nan,nan,nan,nan
11-Aug-25 4:41:00 AM AEST,nan,95.8,16.4,nan,nan,nan,52.20,nan,nan,nan,nan,nan
11-Aug-25 4:41:04 AM AEST,17.2,nan,nan,nan,nan,nan,nan,nan,nan,nan,nan,nan
11-Aug-25 4:42:00 AM AEST,nan,95.7,16.5,nan,nan,nan,nan,nan,nan,nan,nan,nan
11-Aug-25 4:42:08 AM AEST,17.1,nan,nan,nan,nan,nan,nan,nan,nan,nan,nan,nan
11-Aug-25 4:43:00 AM AEST,nan,nan,16.4,nan,nan,nan,nan,nan,nan,nan,nan,nan
11-Aug-25 4:45:00 AM AEST,nan,nan,nan,nan,nan,nan,52.10,nan,nan,nan,nan,nan
11-Aug-25 4:46:00 AM AEST,nan,95.5,nan,nan,nan,nan,52.20,nan,nan,nan,nan,nan
11-Aug-25 4:47:00 AM AEST,nan,95.7,16.3,nan,nan,nan,nan,nan,nan,nan,nan,nan
11-Aug-25 4:48:00 AM AEST,nan,95.5,16.4,nan,nan,nan,nan,0.01,1.20,0.10,52.40,nan
11-Aug-25 4:49:00 AM AEST,17.0,95.7,nan,nan,nan,nan,52.10,0.00,0.00,0.00,0.00,nan
11-Aug-25 4:50:00 AM AEST,nan,95.5,16.3,nan,nan,nan,52.20,nan,nan,nan,nan,nan
11-Aug-25 4:51:00 AM AEST,nan,nan,nan,nan,nan,nan,nan,0.14,2.40,1.40,52.10,nan
11-Aug-25 4:52:00 AM AEST,nan,nan,nan,nan,nan,nan,52.10,0.11,nan,1.10,52.20,nan
11-Aug-25 4:53:00 AM AEST,nan,nan,nan,nan,nan,nan,52.20,0.00,0.00,0.00,0.00,nan
11-Aug-25 4:54:00 AM AEST,nan,nan,16.2,nan,nan,nan,nan,nan,nan,nan,nan,nan
11-Aug-25 4:55:00 AM AEST,16.9,nan,nan,nan,nan,nan,nan,nan,nan,nan,nan,nan
11-Aug-25 4:56:00 AM AEST,nan,nan,nan,nan,nan,nan,52.10,nan,nan,nan,nan,nan
11-Aug-25 4:57:00 AM AEST,nan,nan,nan,nan,nan,nan,52.20,nan,nan,nan,nan,nan
11-Aug-25 4:58:00 AM AEST,16.8,nan,16.1,nan,nan,nan,52.10,nan,nan,nan,nan,nan
11-Aug-25 4:59:00 AM AEST,nan,nan,nan,nan,nan,nan,52.20,nan,nan,nan,nan,nan
11-Aug-25 5:02:00 AM AEST,nan,95.7,nan,nan,nan,nan,nan,nan,nan,nan,nan,nan
11-Aug-25 5:03:00 AM AEST,nan,95.5,nan,nan,nan,nan,nan,nan,nan,nan,nan,nan
11-Aug-25 5:05:00 AM AEST,nan,nan,16.0,nan,nan,nan,nan,0.04,1.20,0.40,52.80,nan
11-Aug-25 5:06:00 AM AEST,16.7,nan,nan,nan,nan,nan,nan,0.16,2.40,1.60,52.20,nan
11-Aug-25 5:07:00 AM AEST,nan,nan,nan,nan,nan,nan,nan,0.15,nan,1.50,nan,nan
11-Aug-25 5:08:00 AM AEST,nan,95.3,15.9,nan,nan,nan,nan,0.01,1.20,0.10,52.40,nan
11-Aug-25 5:09:00 AM AEST,16.6,95.5,nan,nan,nan,nan,nan,0.00,0.00,0.00,0.00,nan
11-Aug-25 5:10:00 AM AEST,nan,nan,nan,nan,nan,nan,nan,nan,nan,nan,nan,0.80
11-Aug-25 5:11:00 AM AEST,16.7,nan,nan,nan,nan,nan,nan,0.09,2.40,0.90,52.20,0.00
11-Aug-25 5:12:00 AM AEST,nan,nan,nan,nan,nan,nan,nan,0.13,nan,1.30,52.10,nan
11-Aug-25 5:12:04 AM AEST,16.6,nan,nan,nan,nan,nan,nan,nan,nan,nan,nan,nan
11-Aug-25 5:13:00 AM AEST,nan,nan,nan,nan,nan,nan,nan,0.00,1.20,0.00,0.00,nan
11-Aug-25 5:14:00 AM AEST,nan,95.7,nan,nan,nan,nan,52.10,nan,0.00,nan,nan,nan
11-Aug-25 5:15:00 AM AEST,nan,95.5,nan,nan,nan,nan,52.20,nan,nan,nan,nan,nan
11-Aug-25 5:16:00 AM AEST,nan,95.7,nan,nan,nan,nan,nan,nan,nan,nan,nan,nan
11-Aug-25 5:17:00 AM AEST,nan,95.5,nan,nan,nan,nan,52.10,nan,nan,nan,nan,nan
11-Aug-25 5:18:00 AM AEST,nan,95.7,nan,nan,nan,nan,52.20,nan,nan,nan,nan,nan
11-Aug-25 5:21:00 AM AEST,nan,95.5,nan,nan,nan,nan,nan,nan,nan,nan,nan,nan
11-Aug-25 5:22:00 AM AEST,16.5,nan,nan,nan,nan,nan,52.10,nan,nan,nan,nan,nan
11-Aug-25 5:23:00 AM AEST,nan,nan,15.8,nan,nan,nan,52.20,0.03,1.20,0.30,52.40,nan
11-Aug-25 5:23:04 AM AEST,16.6,nan,nan,nan,nan,nan,nan,nan,nan,nan,nan,nan
11-Aug-25 5:24:00 AM AEST,nan,95.7,nan,nan,nan,nan,nan,0.07,2.40,0.70,52.30,nan
11-Aug-25 5:24:08 AM AEST,16.5,nan,nan,nan,nan,nan,nan,nan,nan,nan,nan,nan
11-Aug-25 5:25:00 AM AEST,nan,95.5,nan,nan,nan,nan,nan,0.04,1.20,0.40,nan,nan
11-Aug-25 5:26:00 AM AEST,nan,nan,nan,nan,nan,nan,nan,0.00,0.00,0.00,0.00,nan
11-Aug-25 5:28:00 AM AEST,nan,nan,15.7,nan,nan,nan,52.10,nan,nan,nan,nan,nan
11-Aug-25 5:29:00 AM AEST,nan,nan,15.8,nan,nan,nan,nan,nan,nan,nan,nan,nan
11-Aug-25 5:30:00 AM AEST,nan,nan,15.7,nan,nan,nan,nan,nan,nan,nan,nan,nan
11-Aug-25 5:31:00 AM AEST,nan,nan,nan,nan,nan,nan,52.20,0.01,1.20,0.10,52.40,nan
11-Aug-25 5:32:00 AM AEST,16.4,95.7,nan,nan,nan,nan,nan,0.00,0.00,0.00,0.00,nan
11-Aug-25 5:33:00 AM AEST,nan,95.5,nan,nan,nan,nan,nan,nan,nan,nan,nan,nan
11-Aug-25 5:33:04 AM AEST,16.5,nan,nan,nan,nan,nan,nan,nan,nan,nan,nan,nan
11-Aug-25 5:34:00 AM AEST,nan,95.7,15.8,nan,nan,nan,52.10,nan,nan,nan,nan,nan
11-Aug-25 5:35:00 AM AEST,nan,nan,nan,nan,nan,nan,52.20,nan,nan,nan,nan,nan
11-Aug-25 5:36:00 AM AEST,nan,95.8,nan,nan,nan,nan,52.10,nan,nan,nan,nan,nan
11-Aug-25 5:37:00 AM AEST,nan,95.7,nan,nan,nan,nan,52.20,nan,nan,nan,nan,nan
11-Aug-25 5:38:00 AM AEST,nan,95.8,nan,nan,nan,nan,nan,nan,nan,nan,nan,nan
11-Aug-25 5:39:00 AM AEST,16.6,nan,15.9,nan,nan,nan,52.10,nan,nan,nan,nan,nan
11-Aug-25 5:41:00 AM AEST,nan,nan,nan,nan,nan,nan,52.20,nan,nan,nan,nan,nan
11-Aug-25 5:42:00 AM AEST,nan,nan,nan,nan,nan,nan,52.10,nan,nan,nan,nan,nan
11-Aug-25 5:43:00 AM AEST,nan,96.0,16.0,nan,nan,nan,52.20,nan,nan,nan,nan,nan
11-Aug-25 5:44:00 AM AEST,16.7,95.8,nan,nan,nan,nan,nan,0.01,1.20,0.10,52.40,nan
11-Aug-25 5:45:00 AM AEST,nan,96.0,nan,nan,nan,nan,52.10,nan,nan,nan,nan,nan
11-Aug-25 5:46:00 AM AEST,nan,nan,nan,nan,nan,nan,52.20,0.00,0.00,0.00,0.00,0.80
11-Aug-25 5:47:00 AM AEST,nan,nan,16.1,nan,nan,nan,52.10,nan,nan,nan,nan,0.00
11-Aug-25 5:48:00 AM AEST,nan,96.2,nan,nan,nan,nan,nan,nan,nan,nan,nan,nan
11-Aug-25 5:49:00 AM AEST,16.8,96.0,nan,nan,nan,nan,52.20,nan,nan,nan,nan,nan
11-Aug-25 5:50:00 AM AEST,nan,96.2,16.2,nan,nan,nan,52.10,nan,nan,nan,nan,nan
11-Aug-25 5:51:00 AM AEST,nan,nan,nan,nan,nan,nan,52.20,0.06,2.40,0.60,52.10,nan
11-Aug-25 5:52:00 AM AEST,16.9,nan,nan,nan,nan,nan,nan,0.05,nan,0.50,52.40,nan
11-Aug-25 5:53:00 AM AEST,nan,nan,nan,nan,nan,nan,nan,0.01,1.20,0.10,nan,nan
11-Aug-25 5:54:00 AM AEST,nan,96.3,16.3,nan,nan,nan,52.10,0.00,0.00,0.00,0.00,nan
11-Aug-25 5:55:00 AM AEST,nan,96.2,nan,nan,nan,nan,52.20,nan,nan,nan,nan,nan
11-Aug-25 5:56:00 AM AEST,nan,nan,nan,nan,nan,nan,nan,0.01,1.20,0.10,52.40,nan
11-Aug-25 5:57:00 AM AEST,17.0,96.3,nan,nan,nan,nan,nan,0.00,0.00,0.00,0.00,nan
11-Aug-25 5:58:00 AM AEST,nan,96.2,16.4,nan,nan,nan,52.10,nan,nan,nan,nan,nan
11-Aug-25 5:59:00 AM AEST,nan,96.3,nan,nan,nan,nan,52.20,nan,nan,nan,nan,nan
11-Aug-25 6:00:00 AM AEST,nan,nan,nan,nan,nan,0.02,nan,nan,nan,nan,nan,nan
11-Aug-25 6:01:00 AM AEST,nan,nan,nan,nan,nan,nan,52.10,nan,nan,nan,nan,nan
11-Aug-25 6:03:00 AM AEST,17.1,nan,nan,nan,nan,nan,52.20,nan,nan,nan,nan,nan
11-Aug-25 6:04:00 AM AEST,nan,nan,16.5,nan,nan,nan,nan,nan,nan,nan,nan,nan
11-Aug-25 6:04:04 AM AEST,17.0,nan,nan,nan,nan,nan,nan,nan,nan,nan,nan,nan
11-Aug-25 6:04:04 AM AEST,17.1,nan,nan,nan,nan,nan,nan,nan,nan,nan,nan,nan
11-Aug-25 6:05:00 AM AEST,nan,nan,16.4,nan,nan,nan,nan,0.11,2.40,1.10,52.20,nan
11-Aug-25 6:06:00 AM AEST,nan,96.5,16.5,nan,nan,nan,52.30,0.15,nan,1.50,nan,nan
11-Aug-25 6:07:00 AM AEST,17.2,nan,16.6,nan,nan,nan,52.20,0.01,1.20,0.10,52.40,nan
11-Aug-25 6:08:00 AM AEST,nan,nan,nan,nan,nan,nan,nan,0.00,0.00,0.00,0.00,nan
11-Aug-25 6:08:04 AM AEST,17.1,nan,nan,nan,nan,nan,nan,nan,nan,nan,nan,nan
11-Aug-25 6:09:00 AM AEST,nan,96.3,nan,nan,nan,nan,nan,0.01,1.20,0.10,52.40,nan
11-Aug-25 6:10:00 AM AEST,17.2,96.5,16.5,nan,nan,nan,52.30,nan,nan,nan,55.30,nan
11-Aug-25 6:11:00 AM AEST,nan,nan,16.6,nan,nan,nan,52.20,0.00,nan,0.00,0.00,nan
11-Aug-25 6:12:00 AM AEST,nan,nan,nan,nan,nan,nan,nan,nan,0.00,nan,nan,nan
11-Aug-25 6:15:00 AM AEST,nan,96.7,16.7,nan,nan,nan,nan,nan,nan,nan,nan,nan
11-Aug-25 6:16:00 AM AEST,nan,96.5,nan,nan,nan,nan,nan,nan,nan,nan,nan,nan
11-Aug-25 6:17:00 AM AEST,17.3,96.7,nan,nan,nan,nan,52.30,nan,nan,nan,nan,nan
11-Aug-25 6:18:00 AM AEST,nan,96.5,nan,nan,nan,nan,52.20,nan,nan,nan,nan,nan
11-Aug-25 6:19:00 AM AEST,nan,96.7,nan,nan,nan,nan,nan,nan,nan,nan,nan,nan
11-Aug-25 6:20:00 AM AEST,nan,nan,16.8,nan,nan,nan,nan,nan,nan,nan,nan,nan
11-Aug-25 6:21:00 AM AEST,nan,96.5,nan,nan,nan,nan,nan,nan,nan,nan,nan,nan
11-Aug-25 6:22:00 AM AEST,nan,96.7,16.7,nan,nan,nan,nan,nan,nan,nan,nan,0.80
11-Aug-25 6:23:00 AM AEST,nan,nan,16.8,nan,nan,nan,nan,nan,nan,nan,nan,0.00
11-Aug-25 6:24:00 AM AEST,17.4,nan,nan,nan,nan,nan,nan,nan,nan,nan,nan,nan
11-Aug-25 6:25:00 AM AEST,nan,96.8,nan,nan,nan,nan,nan,nan,nan,nan,nan,nan
11-Aug-25 6:26:00 AM AEST,nan,96.7,16.9,nan,nan,nan,nan,nan,nan,nan,nan,nan
11-Aug-25 6:27:00 AM AEST,nan,nan,nan,nan,nan,nan,52.10,nan,nan,nan,nan,nan
11-Aug-25 6:28:00 AM AEST,nan,96.8,nan,nan,nan,nan,52.20,nan,nan,nan,nan,nan
11-Aug-25 6:29:00 AM AEST,nan,96.7,nan,nan,nan,nan,nan,nan,nan,nan,nan,nan
11-Aug-25 6:30:00 AM AEST,17.5,nan,nan,nan,nan,nan,nan,nan,nan,nan,nan,nan
11-Aug-25 6:31:00 AM AEST,nan,96.8,nan,nan,nan,nan,nan,nan,nan,nan,nan,nan
11-Aug-25 6:31:04 AM AEST,17.4,nan,nan,nan,nan,nan,nan,nan,nan,nan,nan,nan
11-Aug-25 6:31:04 AM AEST,17.5,nan,nan,nan,nan,nan,nan,nan,nan,nan,nan,nan
11-Aug-25 6:32:00 AM AEST,nan,96.7,nan,nan,nan,nan,52.10,nan,nan,nan,nan,nan
11-Aug-25 6:33:00 AM AEST,nan,96.8,nan,nan,nan,nan,nan,nan,nan,nan,nan,nan
11-Aug-25 6:34:00 AM AEST,nan,96.7,17.0,nan,nan,nan,52.20,nan,nan,nan,nan,nan
11-Aug-25 6:35:00 AM AEST,nan,96.8,16.9,nan,nan,nan,52.10,nan,nan,nan,nan,nan
11-Aug-25 6:36:00 AM AEST,nan,nan,17.0,nan,nan,nan,52.30,nan,nan,nan,nan,nan
11-Aug-25 6:37:00 AM AEST,17.6,nan,nan,nan,nan,nan,52.20,nan,nan,nan,nan,nan
11-Aug-25 6:38:00 AM AEST,nan,nan,17.1,nan,nan,nan,nan,nan,nan,nan,nan,nan
11-Aug-25 6:38:04 AM AEST,17.5,nan,nan,nan,nan,nan,nan,nan,nan,nan,nan,nan
11-Aug-25 6:39:00 AM AEST,nan,nan,17.0,nan,nan,nan,nan,nan,nan,nan,nan,nan
11-Aug-25 6:39:08 AM AEST,17.6,nan,nan,nan,nan,nan,nan,nan,nan,nan,nan,nan
11-Aug-25 6:40:00 AM AEST,nan,nan,17.1,nan,nan,nan,nan,nan,nan,nan,nan,nan
11-Aug-25 6:41:00 AM AEST,nan,nan,nan,nan,nan,nan,52.10,nan,nan,nan,nan,nan
11-Aug-25 6:42:00 AM AEST,nan,97.0,nan,nan,nan,nan,52.20,nan,nan,nan,nan,nan
11-Aug-25 6:43:00 AM AEST,nan,96.8,nan,nan,nan,nan,nan,nan,nan,nan,nan,nan
11-Aug-25 6:44:00 AM AEST,17.7,nan,nan,nan,nan,nan,nan,nan,nan,nan,nan,nan
11-Aug-25 6:45:00 AM AEST,nan,nan,17.2,nan,nan,nan,nan,nan,nan,nan,nan,nan
11-Aug-25 6:45:04 AM AEST,17.6,nan,nan,nan,nan,nan,nan,nan,nan,nan,nan,nan
11-Aug-25 6:46:00 AM AEST,nan,97.0,17.1,nan,nan,nan,nan,0.14,2.40,1.40,52.30,0.80
11-Aug-25 6:47:00 AM AEST,nan,96.8,nan,nan,nan,nan,nan,0.02,nan,0.20,53.00,nan
11-Aug-25 6:48:00 AM AEST,17.7,nan,nan,nan,nan,nan,nan,0.00,0.00,0.00,0.00,nan
11-Aug-25 6:49:00 AM AEST,nan,nan,17.2,nan,nan,nan,nan,nan,nan,nan,nan,1.70
11-Aug-25 6:50:00 AM AEST,nan,nan,nan,nan,nan,nan,nan,nan,nan,nan,nan,0.80
11-Aug-25 6:51:00 AM AEST,nan,nan,nan,nan,nan,nan,nan,nan,nan,nan,nan,1.60
11-Aug-25 6:52:00 AM AEST,nan,nan,nan,nan,nan,nan,nan,nan,nan,nan,nan,1.70
11-Aug-25 6:53:00 AM AEST,nan,nan,nan,nan,nan,nan,nan,nan,nan,nan,nan,1.60
11-Aug-25 6:54:00 AM AEST,nan,nan,nan,nan,nan,nan,nan,nan,nan,nan,nan,3.30
11-Aug-25 6:55:00 AM AEST,nan,nan,nan,nan,nan,nan,nan,nan,nan,nan,nan,2.50
11-Aug-25 6:56:00 AM AEST,nan,nan,nan,nan,nan,nan,nan,nan,nan,nan,nan,3.30
11-Aug-25 6:57:00 AM AEST,nan,nan,nan,nan,nan,nan,nan,nan,nan,nan,nan,4.10
11-Aug-25 6:58:00 AM AEST,nan,nan,nan,nan,nan,nan,nan,nan,nan,nan,nan,5.00
11-Aug-25 6:59:00 AM AEST,nan,97.0,nan,nan,nan,nan,nan,nan,nan,nan,nan,nan
11-Aug-25 7:00:00 AM AEST,17.8,96.8,nan,nan,nan,nan,nan,nan,nan,nan,nan,5.80
11-Aug-25 7:00:04 AM AEST,nan,nan,nan,nan,nan,0.04,nan,nan,nan,nan,nan,nan
11-Aug-25 7:01:00 AM AEST,nan,nan,17.3,nan,nan,nan,nan,nan,nan,nan,nan,7.50
11-Aug-25 7:02:00 AM AEST,nan,nan,nan,nan,nan,nan,nan,nan,nan,nan,nan,8.30
11-Aug-25 7:03:00 AM AEST,nan,nan,nan,nan,nan,nan,52.10,nan,nan,nan,nan,9.20
11-Aug-25 7:04:00 AM AEST,nan,nan,nan,nan,nan,nan,nan,nan,nan,nan,nan,11.60
11-Aug-25 7:05:00 AM AEST,nan,nan,nan,nan,nan,nan,52.20,nan,nan,nan,nan,13.30
11-Aug-25 7:06:00 AM AEST,nan,nan,nan,nan,nan,nan,nan,nan,nan,nan,nan,15.00
11-Aug-25 7:07:00 AM AEST,nan,nan,nan,nan,nan,nan,52.10,nan,nan,nan,nan,16.70
11-Aug-25 7:08:00 AM AEST,nan,97.0,nan,nan,nan,nan,52.20,0.01,1.20,0.10,55.30,18.30
11-Aug-25 7:09:00 AM AEST,17.9,96.8,nan,nan,nan,nan,52.10,0.00,0.00,0.00,0.00,20.80
11-Aug-25 7:10:00 AM AEST,nan,nan,17.4,nan,nan,nan,52.20,nan,nan,nan,nan,23.30
11-Aug-25 7:11:00 AM AEST,nan,97.0,nan,nan,nan,nan,nan,nan,nan,nan,nan,29.20
11-Aug-25 7:12:00 AM AEST,nan,96.8,nan,nan,nan,nan,52.10,nan,nan,nan,nan,33.30
11-Aug-25 7:13:00 AM AEST,nan,nan,nan,nan,nan,nan,52.20,nan,nan,nan,nan,37.50
11-Aug-25 7:14:00 AM AEST,nan,97.0,nan,nan,nan,nan,nan,nan,nan,nan,nan,38.30
11-Aug-25 7:15:00 AM AEST,18.0,96.8,nan,nan,nan,nan,nan,nan,nan,nan,nan,37.50
11-Aug-25 7:16:00 AM AEST,nan,97.0,17.5,nan,nan,nan,nan,nan,nan,nan,nan,38.30
11-Aug-25 7:17:00 AM AEST,nan,96.8,nan,nan,nan,nan,nan,nan,nan,nan,nan,36.60
11-Aug-25 7:18:00 AM AEST,nan,97.0,nan,nan,nan,nan,52.10,0.05,2.40,0.50,52.10,35.80
11-Aug-25 7:19:00 AM AEST,nan,96.8,nan,nan,nan,nan,52.20,0.15,nan,1.50,52.20,33.30
11-Aug-25 7:20:00 AM AEST,nan,nan,nan,nan,nan,nan,nan,0.22,3.50,2.20,nan,32.50
11-Aug-25 7:21:00 AM AEST,nan,nan,nan,nan,nan,nan,nan,0.08,nan,0.80,52.30,30.80
11-Aug-25 7:22:00 AM AEST,18.1,nan,nan,nan,nan,nan,nan,0.24,nan,2.40,52.20,29.20
11-Aug-25 7:23:00 AM AEST,nan,nan,17.6,nan,nan,nan,58.20,0.20,nan,1.90,63.30,27.50
11-Aug-25 7:24:00 AM AEST,nan,nan,nan,nan,nan,nan,236.90,0.47,5.90,3.10,237.90,nan
11-Aug-25 7:25:00 AM AEST,18.2,nan,nan,nan,nan,nan,283.30,0.34,nan,3.40,283.30,25.80
11-Aug-25 7:26:00 AM AEST,nan,97.0,17.7,nan,nan,nan,283.20,0.28,4.70,2.80,283.20,nan
11-Aug-25 7:26:04 AM AEST,18.3,nan,nan,nan,nan,nan,nan,nan,nan,nan,nan,nan
11-Aug-25 7:27:00 AM AEST,nan,96.8,17.8,nan,nan,nan,nan,0.15,2.40,1.50,nan,nan
11-Aug-25 7:27:08 AM AEST,18.4,nan,nan,nan,nan,nan,nan,nan,nan,nan,nan,nan
11-Aug-25 7:28:00 AM AEST,nan,97.0,17.9,nan,nan,nan,nan,0.12,nan,1.20,283.00,26.60
11-Aug-25 7:28:12 AM AEST,18.3,nan,nan,nan,nan,nan,nan,nan,nan,nan,nan,nan
11-Aug-25 7:29:00 AM AEST,nan,nan,17.8,nan,nan,nan,283.10,0.21,3.50,2.10,nan,27.50
11-Aug-25 7:29:16 AM AEST,18.4,nan,nan,nan,nan,nan,nan,nan,nan,nan,nan,nan
11-Aug-25 7:30:00 AM AEST,nan,96.8,17.9,nan,nan,nan,264.10,0.35,4.70,3.50,264.70,28.30
11-Aug-25 7:31:00 AM AEST,nan,nan,nan,nan,nan,nan,260.10,0.11,2.40,1.10,260.10,29.20
11-Aug-25 7:32:00 AM AEST,18.5,nan,nan,nan,nan,nan,nan,0.22,3.50,2.20,nan,30.00
11-Aug-25 7:33:00 AM AEST,nan,nan,nan,nan,nan,nan,260.70,0.31,4.70,3.10,260.80,30.80
11-Aug-25 7:34:00 AM AEST,nan,96.7,18.0,nan,nan,nan,259.60,0.24,nan,2.40,259.90,31.60
11-Aug-25 7:35:00 AM AEST,nan,96.8,nan,nan,nan,nan,259.20,0.08,2.40,0.80,259.40,31.70
11-Aug-25 7:36:00 AM AEST,18.6,96.7,nan,nan,nan,nan,259.10,0.19,nan,1.90,259.10,32.50
11-Aug-25 7:37:00 AM AEST,nan,nan,18.1,nan,nan,nan,nan,0.17,nan,1.70,nan,nan
11-Aug-25 7:38:00 AM AEST,18.5,96.5,nan,nan,nan,nan,259.20,0.09,nan,0.90,259.40,30.80
11-Aug-25 7:39:00 AM AEST,nan,nan,18.0,nan,nan,nan,nan,0.08,nan,0.80,259.30,31.70
11-Aug-25 7:39:04 AM AEST,18.6,nan,nan,nan,nan,nan,nan,nan,nan,nan,nan,nan
11-Aug-25 7:40:00 AM AEST,nan,96.3,nan,nan,nan,nan,259.10,0.11,nan,1.10,259.00,32.50
11-Aug-25 7:41:00 AM AEST,nan,nan,nan,nan,nan,nan,nan,0.08,nan,0.80,259.10,39.10
11-Aug-25 7:42:00 AM AEST,nan,96.2,nan,nan,nan,nan,nan,0.07,nan,0.70,259.30,45.00
11-Aug-25 7:43:00 AM AEST,nan,nan,nan,nan,nan,nan,259.20,0.00,0.00,0.00,0.00,50.80
11-Aug-25 7:44:00 AM AEST,18.7,96.0,nan,nan,nan,nan,259.10,0.07,1.20,0.70,259.30,54.20
11-Aug-25 7:45:00 AM AEST,nan,96.2,nan,nan,nan,nan,nan,0.02,nan,0.20,259.50,60.80
11-Aug-25 7:45:04 AM AEST,18.8,nan,nan,nan,nan,nan,nan,nan,nan,nan,nan,nan
11-Aug-25 7:46:00 AM AEST,nan,96.0,18.1,nan,nan,nan,nan,0.00,nan,0.00,0.00,75.00
11-Aug-25 7:46:08 AM AEST,18.9,nan,nan,nan,nan,nan,nan,nan,nan,nan,nan,nan
11-Aug-25 7:47:00 AM AEST,nan,96.2,nan,nan,nan,nan,nan,0.19,3.50,1.90,259.10,89.10
11-Aug-25 7:48:00 AM AEST,nan,nan,18.3,nan,nan,nan,nan,0.10,2.40,1.00,259.20,85.00
11-Aug-25 7:49:00 AM AEST,19.0,nan,nan,nan,nan,nan,nan,0.18,3.50,1.80,259.10,71.60
11-Aug-25 7:50:00 AM AEST,nan,96.0,18.4,nan,nan,nan,272.40,0.39,7.10,3.70,281.20,76.70
11-Aug-25 7:50:04 AM AEST,19.1,nan,nan,nan,nan,nan,nan,nan,nan,nan,nan,nan
11-Aug-25 7:51:00 AM AEST,nan,nan,nan,nan,nan,nan,350.60,0.34,nan,2.70,341.60,87.50
11-Aug-25 7:51:08 AM AEST,19.2,nan,nan,nan,nan,nan,nan,nan,nan,nan,nan,nan
11-Aug-25 7:51:08 AM AEST,19.4,nan,nan,nan,nan,nan,nan,nan,nan,nan,nan,nan
11-Aug-25 7:52:00 AM AEST,nan,nan,18.6,nan,nan,nan,316.70,0.38,nan,1.10,253.30,91.60
11-Aug-25 7:52:12 AM AEST,19.5,nan,nan,nan,nan,nan,nan,nan,nan,nan,nan,nan
11-Aug-25 7:53:00 AM AEST,nan,nan,18.7,nan,nan,nan,43.80,0.54,10.60,4.30,42.30,81.70
11-Aug-25 7:54:00 AM AEST,19.7,95.8,18.9,nan,nan,nan,340.60,0.70,9.50,6.60,340.70,73.30
11-Aug-25 7:55:00 AM AEST,nan,95.7,19.0,nan,nan,nan,343.00,0.73,11.80,5.20,333.70,90.80
11-Aug-25 7:55:04 AM AEST,19.8,nan,nan,nan,nan,nan,nan,nan,nan,nan,nan,nan
11-Aug-25 7:56:00 AM AEST,nan,95.5,19.1,nan,nan,nan,359.90,0.64,13.00,6.00,5.00,nan
11-Aug-25 7:56:08 AM AEST,19.9,nan,nan,nan,nan,nan,nan,nan,nan,nan,nan,nan
11-Aug-25 7:57:00 AM AEST,nan,95.0,19.2,nan,nan,nan,308.60,0.73,16.60,3.40,308.00,140.80
11-Aug-25 7:57:12 AM AEST,20.0,nan,nan,nan,nan,nan,nan,nan,nan,nan,nan,nan
11-Aug-25 7:58:00 AM AEST,nan,94.7,nan,nan,nan,nan,318.00,0.83,15.40,7.50,319.30,130.00
11-Aug-25 7:58:16 AM AEST,20.1,nan,nan,nan,nan,nan,nan,nan,nan,nan,nan,nan
11-Aug-25 7:58:16 AM AEST,20.2,nan,nan,nan,nan,nan,nan,nan,nan,nan,nan,nan
11-Aug-25 7:59:00 AM AEST,nan,94.2,nan,nan,nan,nan,328.10,0.88,11.80,8.30,328.20,142.50
11-Aug-25 8:00:08 AM AEST,nan,nan,nan,nan,nan,0.16,nan,nan,nan,nan,nan,nan
11-Aug-25 8:01:00 AM AEST,20.3,93.7,19.3,nan,nan,nan,329.30,0.35,5.90,2.90,335.60,153.30
11-Aug-25 8:01:00 AM AEST,20.3,93.3,19.2,nan,nan,nan,303.50,0.62,10.60,4.50,311.20,175.00
11-Aug-25 8:02:00 AM AEST,nan,92.8,nan,nan,nan,nan,13.60,nan,9.50,4.20,10.50,221.70
11-Aug-25 8:02:04 AM AEST,20.4,nan,nan,nan,nan,nan,nan,nan,nan,nan,nan,nan
11-Aug-25 8:03:00 AM AEST,nan,92.3,nan,nan,nan,nan,15.30,0.35,5.90,3.40,17.00,216.60
11-Aug-25 8:03:08 AM AEST,20.5,nan,nan,nan,nan,nan,nan,nan,nan,nan,nan,nan
11-Aug-25 8:03:08 AM AEST,20.6,nan,nan,nan,nan,nan,nan,nan,nan,nan,nan,nan
11-Aug-25 8:04:00 AM AEST,nan,91.8,nan,nan,nan,nan,351.90,0.72,10.60,6.20,354.10,250.80
11-Aug-25 8:04:12 AM AEST,20.7,nan,nan,nan,nan,nan,nan,nan,nan,nan,nan,nan
11-Aug-25 8:05:00 AM AEST,nan,91.3,nan,nan,nan,nan,325.00,0.59,8.30,4.80,319.30,297.40
11-Aug-25 8:05:16 AM AEST,20.8,nan,nan,nan,nan,nan,nan,nan,nan,nan,nan,nan
11-Aug-25 8:06:00 AM AEST,nan,91.0,nan,nan,nan,nan,330.00,nan,11.80,5.30,318.10,248.30
11-Aug-25 8:07:00 AM AEST,nan,90.3,nan,nan,nan,nan,nan,0.46,9.50,4.20,338.90,174.10
11-Aug-25 8:08:00 AM AEST,20.9,89.5,nan,nan,nan,nan,321.50,0.55,10.60,5.00,324.60,178.30
11-Aug-25 8:09:00 AM AEST,nan,89.2,19.1,nan,nan,nan,7.10,0.43,nan,3.40,20.80,235.00
11-Aug-25 8:10:00 AM AEST,21.0,88.5,19.0,nan,nan,nan,356.30,0.63,9.50,5.30,358.80,231.70
11-Aug-25 8:11:00 AM AEST,nan,88.0,nan,nan,nan,nan,291.70,0.59,nan,5.50,292.90,264.10
11-Aug-25 8:11:04 AM AEST,21.1,nan,nan,nan,nan,nan,nan,nan,nan,nan,nan,nan
11-Aug-25 8:12:00 AM AEST,nan,87.5,nan,nan,nan,nan,248.60,0.17,3.50,1.70,248.50,306.70
11-Aug-25 8:12:08 AM AEST,21.2,nan,nan,nan,nan,nan,nan,nan,nan,nan,nan,nan
11-Aug-25 8:13:00 AM AEST,nan,87.3,nan,nan,nan,nan,277.10,0.52,10.60,5.00,282.60,315.80
11-Aug-25 8:13:12 AM AEST,21.4,nan,nan,nan,nan,nan,nan,nan,nan,nan,nan,nan
11-Aug-25 8:14:00 AM AEST,nan,86.7,nan,nan,nan,nan,311.80,0.56,nan,5.50,316.80,299.90
11-Aug-25 8:15:00 AM AEST,nan,86.0,nan,nan,nan,nan,348.20,0.69,9.50,6.60,349.00,241.70
11-Aug-25 8:16:00 AM AEST,21.5,85.3,nan,nan,nan,nan,333.50,0.58,8.30,5.00,335.40,257.40
11-Aug-25 8:17:00 AM AEST,nan,84.7,18.9,nan,nan,nan,331.60,0.60,10.60,5.60,327.60,258.30
11-Aug-25 8:18:00 AM AEST,21.6,83.8,18.8,nan,nan,nan,337.40,0.90,17.80,6.10,343.10,155.80
11-Aug-25 8:19:00 AM AEST,nan,83.0,18.7,nan,nan,nan,323.00,0.96,13.00,8.80,323.00,166.70
11-Aug-25 8:20:00 AM AEST,nan,82.5,18.6,nan,nan,nan,344.80,0.64,10.60,4.50,353.40,171.60
11-Aug-25 8:21:00 AM AEST,nan,82.3,18.5,nan,nan,nan,316.70,0.51,9.50,5.00,316.90,128.30
11-Aug-25 8:22:00 AM AEST,nan,82.0,nan,nan,nan,nan,291.90,0.29,5.90,2.80,295.60,247.50
11-Aug-25 8:23:00 AM AEST,21.7,82.2,18.4,nan,nan,nan,301.60,0.64,14.20,6.20,306.70,296.60
11-Aug-25 8:24:00 AM AEST,nan,81.0,18.6,nan,nan,nan,319.40,0.95,13.00,9.00,318.50,229.20
11-Aug-25 8:25:00 AM AEST,nan,80.7,18.3,nan,nan,nan,2.30,0.80,11.80,7.00,1.40,189.10
11-Aug-25 8:26:00 AM AEST,nan,80.3,nan,nan,nan,nan,304.80,0.87,13.00,8.40,303.80,165.80
11-Aug-25 8:27:00 AM AEST,21.8,80.2,18.2,nan,nan,nan,297.60,0.47,7.10,4.70,297.40,172.50
11-Aug-25 8:28:00 AM AEST,nan,80.3,nan,nan,nan,nan,46.40,0.50,nan,4.10,53.30,306.70
11-Aug-25 8:28:04 AM AEST,21.9,nan,nan,nan,nan,nan,nan,nan,nan,nan,nan,nan
11-Aug-25 8:29:00 AM AEST,nan,nan,18.3,nan,nan,nan,138.00,0.44,nan,2.20,139.50,400.80
11-Aug-25 8:30:00 AM AEST,22.1,nan,18.4,nan,nan,nan,290.00,0.64,10.60,6.10,283.50,288.30
11-Aug-25 8:31:00 AM AEST,nan,80.2,18.5,nan,nan,nan,311.00,0.33,9.50,3.30,307.00,335.80
11-Aug-25 8:31:04 AM AEST,22.2,nan,nan,nan,nan,nan,nan,nan,nan,nan,nan,nan
11-Aug-25 8:32:00 AM AEST,nan,79.8,18.6,nan,nan,nan,279.10,0.50,8.30,5.00,279.90,310.80
11-Aug-25 8:32:08 AM AEST,22.3,nan,nan,nan,nan,nan,nan,nan,nan,nan,nan,nan
11-Aug-25 8:33:00 AM AEST,nan,79.5,nan,nan,nan,nan,320.50,0.47,10.60,3.30,309.90,162.50
11-Aug-25 8:34:00 AM AEST,nan,78.3,nan,nan,nan,nan,296.40,0.94,nan,9.00,296.60,158.30
11-Aug-25 8:35:00 AM AEST,nan,78.2,18.3,nan,nan,nan,308.20,0.49,8.30,4.90,308.90,170.00
11-Aug-25 8:36:00 AM AEST,nan,78.3,nan,nan,nan,nan,322.80,0.57,nan,5.50,321.40,176.60
11-Aug-25 8:37:00 AM AEST,nan,78.2,nan,nan,nan,nan,293.90,0.41,7.10,3.60,290.30,190.80
11-Aug-25 8:38:00 AM AEST,22.4,nan,nan,nan,nan,nan,317.50,0.74,11.80,7.30,317.20,242.40
11-Aug-25 8:39:00 AM AEST,nan,nan,18.4,nan,nan,nan,10.40,0.64,9.50,5.60,13.00,361.70
11-Aug-25 8:39:04 AM AEST,22.3,nan,nan,nan,nan,nan,nan,nan,nan,nan,nan,nan
11-Aug-25 8:40:00 AM AEST,nan,78.0,18.3,nan,nan,nan,326.10,0.60,13.00,5.40,329.40,416.70
11-Aug-25 8:40:08 AM AEST,22.5,nan,nan,nan,nan,nan,nan,nan,nan,nan,nan,nan
11-Aug-25 8:41:00 AM AEST,nan,77.0,18.4,nan,nan,nan,295.70,1.12,18.90,10.70,293.10,304.10
11-Aug-25 8:42:00 AM AEST,nan,76.8,18.2,nan,nan,nan,318.40,0.79,13.00,7.80,317.00,255.00
11-Aug-25 8:43:00 AM AEST,nan,77.0,nan,nan,nan,nan,324.10,0.95,14.20,9.00,324.70,273.30
11-Aug-25 8:44:00 AM AEST,nan,76.8,nan,nan,nan,nan,296.20,0.79,10.60,7.60,296.50,320.80
11-Aug-25 8:46:00 AM AEST,22.6,76.7,18.3,nan,nan,nan,309.20,0.56,8.30,4.50,313.50,429.10
11-Aug-25 8:46:00 AM AEST,22.7,76.8,18.3,nan,nan,nan,335.10,0.61,13.00,4.70,318.70,465.00
11-Aug-25 8:47:00 AM AEST,nan,76.7,18.4,nan,nan,nan,330.30,0.62,9.50,5.80,328.20,454.90
11-Aug-25 8:48:00 AM AEST,22.9,77.0,nan,nan,nan,nan,357.00,0.53,7.10,4.70,358.20,320.00
11-Aug-25 8:49:00 AM AEST,nan,nan,18.7,nan,nan,nan,8.70,0.38,nan,3.70,13.00,213.30
11-Aug-25 8:49:04 AM AEST,23.0,nan,nan,nan,nan,nan,nan,nan,nan,nan,nan,nan
11-Aug-25 8:50:00 AM AEST,nan,76.8,18.8,nan,nan,nan,335.40,0.40,nan,3.50,334.20,178.30
11-Aug-25 8:50:08 AM AEST,23.1,nan,nan,nan,nan,nan,nan,nan,nan,nan,nan,nan
11-Aug-25 8:51:00 AM AEST,nan,76.2,nan,nan,nan,nan,299.00,0.50,nan,4.70,294.60,279.20
11-Aug-25 8:52:00 AM AEST,nan,75.8,18.7,nan,nan,nan,1.60,0.69,9.50,5.80,7.10,333.30
11-Aug-25 8:53:00 AM AEST,nan,75.7,18.6,nan,nan,nan,325.60,0.54,10.60,4.70,328.30,330.80
11-Aug-25 8:54:00 AM AEST,23.2,75.3,nan,nan,nan,nan,335.70,0.41,5.90,3.30,336.80,207.50
11-Aug-25 8:55:00 AM AEST,nan,75.5,nan,nan,nan,nan,298.60,0.48,9.50,4.40,292.70,169.20
11-Aug-25 8:56:00 AM AEST,23.1,74.7,18.7,nan,nan,nan,296.90,0.63,11.80,6.10,296.00,192.50
11-Aug-25 8:57:00 AM AEST,nan,74.8,18.4,nan,nan,nan,331.40,0.40,5.90,4.00,331.40,185.80
11-Aug-25 8:57:04 AM AEST,23.2,nan,nan,nan,nan,nan,nan,nan,nan,nan,nan,nan
11-Aug-25 8:58:00 AM AEST,nan,75.0,nan,nan,nan,nan,7.00,0.18,3.50,1.70,7.70,156.70
11-Aug-25 8:59:00 AM AEST,nan,75.2,18.5,nan,nan,nan,4.20,0.23,4.70,2.00,355.50,150.80
