timestamp,Air Temperature (V),Relative Humidity (mA),Dew Point (°C),Rainfall,Rainfall Since 9am,Last Hours Evaporation,Wind Direction,Current Wind Speed,Peak Wind Gust,Vector Wind Speed,Vector Wind Direction,Solar Radiation
24-Mar-25 9:00:00 AM AEST,72.2,0.0,93.3,6552.80,0.60,3.41,0.00,11.23,317.80,84.70,14.20,1.00
24-Mar-25 9:02:25 AM AEST,nan,nan,nan,nan,nan,nan,nan,0.00,nan,nan,nan,nan
24-Mar-25 9:02:26 AM AEST,nan,97.5,nan,nan,nan,nan,125.20,nan,nan,nan,nan,nan
24-Mar-25 9:02:29 AM AEST,nan,nan,nan,0.20,nan,nan,nan,nan,nan,nan,nan,0.00
24-Mar-25 9:02:29 AM AEST,nan,nan,nan,6552.80,nan,nan,nan,nan,nan,nan,nan,1.00
24-Mar-25 9:02:30 AM AEST,24.0,nan,23.6,nan,72.20,65.53,nan,nan,nan,nan,0.00,nan
24-Mar-25 9:02:30 AM AEST,72.2,nan,93.3,nan,0.60,3.41,nan,nan,nan,nan,14.20,nan
24-Mar-25 9:02:31 AM AEST,nan,nan,nan,nan,nan,nan,nan,nan,nan,0.00,nan,nan
24-Mar-25 9:02:31 AM AEST,nan,nan,nan,nan,nan,nan,nan,nan,nan,84.70,nan,nan
24-Mar-25 9:02:35 AM AEST,nan,nan,nan,nan,nan,nan,nan,nan,0.00,nan,nan,nan
24-Mar-25 9:02:35 AM AEST,nan,nan,nan,nan,nan,nan,nan,nan,317.80,nan,nan,nan
24-Mar-25 9:04:50 AM AEST,nan,nan,nan,nan,nan,nan,nan,11.23,nan,nan,nan,nan
24-Mar-25 9:04:52 AM AEST,nan,0.0,nan,nan,nan,nan,0.00,nan,nan,nan,nan,nan
24-Mar-25 9:07:15 AM AEST,nan,nan,nan,nan,nan,nan,nan,9.75,nan,nan,nan,nan
24-Mar-25 9:07:18 AM AEST,nan,24.0,nan,nan,nan,nan,24.00,nan,nan,nan,nan,nan
24-Mar-25 9:08:00 AM AEST,24.0,nan,nan,0.20,nan,nan,nan,nan,nan,nan,nan,0.00
24-Mar-25 9:09:40 AM AEST,nan,nan,nan,nan,nan,nan,nan,5.11,nan,nan,nan,nan
24-Mar-25 9:09:44 AM AEST,nan,14.8,nan,nan,nan,nan,51.10,nan,nan,nan,nan,nan
24-Mar-25 9:10:00 AM AEST,nan,nan,nan,nan,72.20,65.53,nan,nan,0.00,0.00,0.00,nan
24-Mar-25 9:10:29 AM AEST,nan,nan,nan,14.80,nan,nan,nan,nan,nan,nan,nan,112.30
24-Mar-25 9:10:30 AM AEST,14.8,nan,nan,nan,nan,nan,nan,nan,nan,nan,nan,nan
24-Mar-25 9:12:00 AM AEST,nan,nan,23.6,nan,nan,nan,nan,nan,nan,nan,nan,nan
24-Mar-25 9:12:00 AM AEST,nan,nan,14.2,nan,nan,nan,nan,nan,nan,nan,nan,nan
24-Mar-25 9:12:05 AM AEST,nan,nan,nan,nan,nan,nan,nan,0.00,nan,nan,nan,nan
24-Mar-25 9:12:10 AM AEST,nan,97.5,nan,nan,nan,nan,125.20,nan,nan,nan,nan,nan
24-Mar-25 9:12:30 AM AEST,nan,nan,nan,nan,84.70,0.85,nan,nan,nan,nan,317.80,nan
24-Mar-25 9:12:31 AM AEST,nan,nan,nan,nan,nan,nan,nan,nan,nan,317.80,nan,nan
24-Mar-25 9:12:35 AM AEST,nan,nan,nan,nan,nan,nan,nan,nan,317.80,nan,nan,nan
24-Mar-25 9:12:58 AM AEST,nan,nan,nan,0.20,nan,nan,nan,nan,nan,nan,nan,0.00
24-Mar-25 9:12:58 AM AEST,nan,nan,nan,6552.80,nan,nan,nan,nan,nan,nan,nan,1.00
24-Mar-25 9:12:58 AM AEST,nan,nan,nan,0.20,nan,nan,nan,nan,nan,nan,nan,0.00
24-Mar-25 9:13:00 AM AEST,24.0,nan,nan,nan,nan,nan,nan,nan,nan,nan,nan,nan
24-Mar-25 9:13:00 AM AEST,72.2,nan,nan,nan,nan,nan,nan,nan,nan,nan,nan,nan
24-Mar-25 9:13:00 AM AEST,24.0,nan,nan,nan,nan,nan,nan,nan,nan,nan,nan,nan
24-Mar-25 9:14:30 AM AEST,nan,nan,23.6,nan,nan,nan,nan,11.23,nan,nan,nan,nan
24-Mar-25 9:14:30 AM AEST,nan,nan,341.4,nan,nan,nan,nan,0.00,nan,nan,nan,nan
24-Mar-25 9:14:36 AM AEST,nan,0.0,nan,nan,nan,nan,0.00,nan,nan,nan,nan,nan
24-Mar-25 9:14:36 AM AEST,nan,97.5,nan,nan,nan,nan,125.20,nan,nan,nan,nan,nan
24-Mar-25 9:14:36 AM AEST,nan,0.0,nan,nan,nan,nan,0.00,nan,nan,nan,nan,nan
24-Mar-25 9:15:00 AM AEST,nan,nan,nan,nan,72.20,65.53,nan,nan,nan,nan,0.00,nan
24-Mar-25 9:15:00 AM AEST,nan,nan,nan,nan,0.60,0.01,nan,nan,nan,nan,14.20,nan
24-Mar-25 9:15:02 AM AEST,nan,nan,nan,nan,nan,nan,nan,nan,nan,0.00,nan,nan
24-Mar-25 9:15:02 AM AEST,nan,nan,nan,nan,nan,nan,nan,nan,nan,84.70,nan,nan
24-Mar-25 9:15:10 AM AEST,nan,nan,nan,nan,nan,nan,nan,nan,0.00,nan,nan,nan
24-Mar-25 9:15:10 AM AEST,nan,nan,nan,nan,nan,nan,nan,nan,317.80,nan,nan,nan
24-Mar-25 9:15:27 AM AEST,nan,nan,nan,6552.80,nan,nan,nan,nan,nan,nan,nan,1.00
24-Mar-25 9:15:30 AM AEST,72.2,nan,nan,nan,nan,nan,nan,nan,nan,nan,nan,nan
24-Mar-25 9:16:55 AM AEST,nan,nan,nan,nan,nan,nan,nan,11.23,nan,nan,nan,nan
24-Mar-25 9:17:00 AM AEST,nan,nan,93.3,nan,nan,nan,nan,nan,nan,nan,nan,nan
24-Mar-25 9:17:30 AM AEST,nan,nan,nan,nan,nan,3.41,nan,nan,nan,nan,nan,nan
24-Mar-25 9:18:00 AM AEST,nan,nan,nan,nan,nan,nan,125.20,nan,nan,nan,nan,nan
24-Mar-25 9:19:20 AM AEST,nan,nan,nan,nan,nan,nan,nan,0.00,nan,nan,nan,nan
24-Mar-25 9:20:26 AM AEST,nan,nan,nan,nan,nan,nan,0.00,nan,nan,nan,nan,nan
24-Mar-25 9:21:45 AM AEST,nan,nan,nan,nan,nan,nan,nan,11.23,nan,nan,nan,nan
24-Mar-25 9:21:45 AM AEST,nan,nan,nan,nan,nan,nan,nan,0.00,nan,nan,nan,nan
24-Mar-25 9:22:00 AM AEST,24.0,97.5,23.6,0.20,72.20,65.53,nan,nan,0.00,0.00,0.00,0.00
24-Mar-25 9:22:52 AM AEST,nan,nan,nan,nan,nan,nan,125.20,nan,nan,nan,nan,nan
24-Mar-25 9:24:10 AM AEST,nan,nan,nan,nan,nan,nan,nan,11.23,nan,nan,nan,nan
24-Mar-25 9:24:26 AM AEST,nan,0.0,nan,nan,nan,nan,nan,nan,nan,nan,nan,nan
24-Mar-25 9:24:29 AM AEST,nan,nan,nan,6552.80,nan,nan,nan,nan,nan,nan,nan,1.00
24-Mar-25 9:24:30 AM AEST,72.2,nan,93.3,nan,0.60,3.41,nan,nan,nan,nan,14.20,nan
24-Mar-25 9:24:30 AM AEST,72.2,nan,14.2,nan,84.70,0.85,nan,nan,nan,nan,317.80,nan
24-Mar-25 9:24:31 AM AEST,nan,nan,nan,nan,nan,nan,nan,nan,nan,84.70,nan,nan
24-Mar-25 9:24:31 AM AEST,nan,nan,nan,nan,nan,nan,nan,nan,nan,317.80,nan,nan
24-Mar-25 9:24:35 AM AEST,nan,nan,nan,nan,nan,nan,nan,nan,317.80,nan,nan,nan
24-Mar-25 9:25:18 AM AEST,nan,nan,nan,nan,nan,nan,0.00,nan,nan,nan,nan,nan
24-Mar-25 9:27:00 AM AEST,nan,nan,93.3,nan,0.60,3.41,nan,nan,nan,nan,14.20,nan
24-Mar-25 9:27:02 AM AEST,nan,nan,nan,nan,nan,nan,nan,nan,nan,84.70,nan,nan
24-Mar-25 9:28:00 AM AEST,nan,nan,nan,nan,nan,nan,nan,nan,0.00,nan,nan,nan
24-Mar-25 9:29:30 AM AEST,nan,nan,23.6,nan,72.20,65.53,nan,nan,nan,nan,0.00,nan
24-Mar-25 9:29:33 AM AEST,nan,nan,nan,nan,nan,nan,nan,nan,nan,0.00,nan,nan
24-Mar-25 9:30:00 AM AEST,14.8,14.8,nan,14.80,nan,nan,51.10,5.11,nan,nan,nan,112.30
24-Mar-25 9:30:00 AM AEST,24.0,97.5,nan,0.20,nan,nan,125.20,0.00,nan,nan,nan,0.00
24-Mar-25 9:30:35 AM AEST,nan,nan,nan,nan,nan,nan,nan,nan,8.30,nan,nan,nan
24-Mar-25 9:32:00 AM AEST,nan,nan,1.4,nan,0.90,0.01,nan,nan,nan,nan,0.90,nan
24-Mar-25 9:32:00 AM AEST,nan,nan,23.6,nan,1.00,0.01,nan,nan,nan,nan,6552.80,nan
24-Mar-25 9:32:04 AM AEST,nan,nan,nan,nan,nan,nan,nan,nan,nan,8.30,nan,nan
24-Mar-25 9:32:04 AM AEST,nan,nan,nan,nan,nan,nan,nan,nan,nan,6552.80,nan,nan
24-Mar-25 9:32:25 AM AEST,nan,nan,nan,nan,nan,nan,nan,11.23,nan,nan,nan,nan
24-Mar-25 9:32:26 AM AEST,nan,0.0,nan,nan,nan,nan,0.00,nan,nan,nan,nan,nan
24-Mar-25 9:32:29 AM AEST,nan,nan,nan,6552.80,nan,nan,nan,nan,nan,nan,nan,1.00
24-Mar-25 9:32:29 AM AEST,nan,nan,nan,0.00,nan,nan,nan,nan,nan,nan,nan,0.00
24-Mar-25 9:32:30 AM AEST,72.2,nan,nan,nan,nan,nan,nan,nan,nan,nan,nan,nan
24-Mar-25 9:32:30 AM AEST,0.0,nan,nan,nan,nan,nan,nan,nan,nan,nan,nan,nan
24-Mar-25 9:33:10 AM AEST,nan,nan,nan,nan,nan,nan,nan,nan,6552.80,nan,nan,nan
24-Mar-25 9:34:30 AM AEST,nan,nan,nan,nan,72.20,65.53,nan,nan,nan,nan,0.00,nan
24-Mar-25 9:34:35 AM AEST,nan,nan,nan,nan,nan,nan,nan,nan,nan,0.00,nan,nan
24-Mar-25 9:34:50 AM AEST,nan,nan,nan,nan,nan,nan,nan,0.00,nan,nan,nan,nan
24-Mar-25 9:34:52 AM AEST,nan,97.5,nan,nan,nan,nan,125.20,nan,nan,nan,nan,nan
24-Mar-25 9:34:58 AM AEST,nan,nan,nan,0.20,nan,nan,nan,nan,nan,nan,nan,nan
24-Mar-25 9:35:00 AM AEST,24.0,nan,nan,nan,nan,nan,nan,nan,nan,nan,nan,nan
24-Mar-25 9:35:45 AM AEST,nan,nan,nan,nan,nan,nan,nan,nan,0.00,nan,nan,nan
24-Mar-25 9:35:45 AM AEST,nan,nan,nan,nan,nan,nan,nan,nan,317.80,nan,nan,nan
24-Mar-25 9:36:00 AM AEST,nan,nan,93.3,nan,nan,nan,nan,nan,nan,nan,nan,nan
24-Mar-25 9:37:00 AM AEST,nan,nan,nan,nan,0.60,3.41,nan,nan,nan,nan,14.20,nan
24-Mar-25 9:37:06 AM AEST,nan,nan,nan,nan,nan,nan,nan,nan,nan,84.70,nan,nan
24-Mar-25 9:37:15 AM AEST,nan,nan,nan,nan,nan,nan,nan,12.52,nan,nan,nan,nan
24-Mar-25 9:37:18 AM AEST,nan,nan,nan,nan,nan,nan,97.50,nan,nan,nan,nan,nan
24-Mar-25 9:38:00 AM AEST,nan,nan,nan,nan,nan,nan,nan,nan,nan,nan,nan,1.00
24-Mar-25 9:39:40 AM AEST,nan,nan,nan,nan,nan,nan,nan,11.23,nan,nan,nan,nan
24-Mar-25 9:39:44 AM AEST,nan,nan,nan,nan,nan,nan,0.00,nan,nan,nan,nan,nan
24-Mar-25 9:40:00 AM AEST,72.2,0.0,nan,6552.80,nan,nan,nan,nan,nan,nan,nan,nan
24-Mar-25 9:40:00 AM AEST,24.0,97.5,nan,0.20,nan,nan,nan,nan,nan,nan,nan,nan
24-Mar-25 9:40:29 AM AEST,nan,nan,nan,nan,nan,nan,nan,nan,nan,nan,nan,0.00
24-Mar-25 9:42:00 AM AEST,nan,nan,23.6,nan,72.20,65.53,nan,nan,0.00,0.00,0.00,nan
24-Mar-25 9:42:00 AM AEST,nan,nan,93.3,nan,0.60,3.41,nan,nan,317.80,84.70,14.20,nan
24-Mar-25 9:42:05 AM AEST,nan,nan,nan,nan,nan,nan,nan,0.00,nan,nan,nan,nan
24-Mar-25 9:42:10 AM AEST,nan,nan,nan,nan,nan,nan,125.20,nan,nan,nan,nan,nan
24-Mar-25 9:42:26 AM AEST,nan,24.0,nan,nan,nan,nan,nan,nan,nan,nan,nan,nan
24-Mar-25 9:44:30 AM AEST,nan,nan,23.6,nan,72.20,65.53,nan,9.75,nan,nan,0.00,nan
24-Mar-25 9:44:30 AM AEST,nan,nan,23.6,nan,72.20,65.53,nan,0.00,nan,nan,0.00,nan
24-Mar-25 9:44:31 AM AEST,nan,nan,nan,nan,nan,nan,nan,nan,nan,0.00,nan,nan
24-Mar-25 9:44:35 AM AEST,nan,nan,nan,nan,nan,nan,nan,nan,0.00,nan,nan,nan
24-Mar-25 9:44:36 AM AEST,nan,nan,nan,nan,nan,nan,24.00,nan,nan,nan,nan,nan
24-Mar-25 9:44:36 AM AEST,nan,nan,nan,nan,nan,nan,125.20,nan,nan,nan,nan,nan
24-Mar-25 9:44:52 AM AEST,nan,97.5,nan,nan,nan,nan,nan,nan,nan,nan,nan,nan
24-Mar-25 9:44:52 AM AEST,nan,14.8,nan,nan,nan,nan,nan,nan,nan,nan,nan,nan
24-Mar-25 9:46:00 AM AEST,14.8,nan,nan,14.80,nan,nan,nan,nan,nan,nan,nan,112.30
24-Mar-25 9:46:55 AM AEST,nan,nan,nan,nan,nan,nan,nan,5.11,nan,nan,nan,nan
24-Mar-25 9:46:55 AM AEST,nan,nan,nan,nan,nan,nan,nan,12.52,nan,nan,nan,nan
24-Mar-25 9:47:02 AM AEST,nan,nan,nan,nan,nan,nan,51.10,nan,nan,nan,nan,nan
24-Mar-25 9:47:02 AM AEST,nan,nan,nan,nan,nan,nan,97.50,nan,nan,nan,nan,nan
24-Mar-25 9:47:18 AM AEST,nan,97.5,nan,nan,nan,nan,nan,nan,nan,nan,nan,nan
24-Mar-25 9:48:29 AM AEST,nan,nan,nan,0.20,nan,nan,nan,nan,nan,nan,nan,0.00
24-Mar-25 9:48:30 AM AEST,24.0,nan,nan,nan,nan,nan,nan,nan,nan,nan,nan,nan
24-Mar-25 9:49:20 AM AEST,nan,nan,nan,nan,nan,nan,nan,0.00,nan,nan,nan,nan
24-Mar-25 9:49:28 AM AEST,nan,nan,nan,nan,nan,nan,125.20,nan,nan,nan,nan,nan
24-Mar-25 9:49:44 AM AEST,nan,0.0,nan,nan,nan,nan,nan,nan,nan,nan,nan,nan
24-Mar-25 9:50:00 AM AEST,nan,nan,93.3,nan,317.80,3.18,nan,nan,1.40,1.40,317.80,nan
24-Mar-25 9:50:00 AM AEST,nan,nan,84.7,nan,317.80,3.18,nan,nan,1.40,1.40,317.80,nan
24-Mar-25 9:50:58 AM AEST,nan,nan,nan,6552.80,nan,nan,nan,nan,nan,nan,nan,1.00
24-Mar-25 9:51:00 AM AEST,72.2,nan,nan,nan,nan,nan,nan,nan,nan,nan,nan,nan
24-Mar-25 9:51:45 AM AEST,nan,nan,nan,nan,nan,nan,nan,11.23,nan,nan,nan,nan
24-Mar-25 9:51:54 AM AEST,nan,nan,nan,nan,nan,nan,0.00,nan,nan,nan,nan,nan
24-Mar-25 9:52:30 AM AEST,nan,nan,93.3,nan,0.60,3.41,nan,nan,nan,nan,14.20,nan
24-Mar-25 9:52:31 AM AEST,nan,nan,nan,nan,nan,nan,nan,nan,nan,84.70,nan,nan
24-Mar-25 9:52:35 AM AEST,nan,nan,nan,nan,nan,nan,nan,nan,317.80,nan,nan,nan
24-Mar-25 9:55:00 AM AEST,nan,nan,8.3,nan,23.60,0.24,nan,nan,nan,nan,23.60,nan
24-Mar-25 9:55:02 AM AEST,nan,nan,nan,nan,nan,nan,nan,nan,nan,1.00,nan,nan
24-Mar-25 9:55:10 AM AEST,nan,nan,nan,nan,nan,nan,nan,nan,1.00,nan,nan,nan
24-Mar-25 9:56:00 AM AEST,24.0,97.5,nan,0.20,nan,nan,125.20,0.00,nan,nan,nan,0.00
24-Mar-25 9:56:00 AM AEST,72.2,0.0,nan,72.20,nan,nan,0.00,11.23,nan,nan,nan,72.20
24-Mar-25 9:57:30 AM AEST,nan,nan,23.6,nan,72.20,65.53,nan,nan,nan,nan,0.00,nan
24-Mar-25 9:57:33 AM AEST,nan,nan,nan,nan,nan,nan,nan,nan,nan,0.00,nan,nan
24-Mar-25 9:57:45 AM AEST,nan,nan,nan,nan,nan,nan,nan,nan,0.00,nan,nan,nan
24-Mar-25 9:58:25 AM AEST,nan,nan,nan,nan,nan,nan,nan,0.00,nan,nan,nan,nan
24-Mar-25 9:58:26 AM AEST,nan,13.8,nan,nan,nan,nan,13.80,nan,nan,nan,nan,nan
24-Mar-25 9:58:29 AM AEST,nan,nan,nan,51.10,nan,nan,nan,nan,nan,nan,nan,51.10
24-Mar-25 9:58:30 AM AEST,51.1,nan,nan,nan,nan,nan,nan,nan,nan,nan,nan,nan
24-Mar-25 10:00:00 AM AEST,nan,nan,nan,nan,1.00,0.24,nan,nan,nan,nan,1.00,nan
24-Mar-25 10:00:04 AM AEST,nan,nan,nan,nan,nan,nan,nan,nan,nan,1.00,nan,nan
24-Mar-25 10:00:20 AM AEST,nan,nan,nan,nan,nan,nan,nan,nan,6552.80,nan,nan,nan
24-Mar-25 10:00:50 AM AEST,nan,nan,nan,nan,nan,nan,nan,11.23,nan,nan,nan,nan
24-Mar-25 10:00:52 AM AEST,nan,0.0,nan,nan,nan,nan,0.00,nan,nan,nan,nan,nan
24-Mar-25 10:00:58 AM AEST,nan,nan,nan,0.00,nan,nan,nan,nan,nan,nan,nan,72.20
24-Mar-25 10:01:00 AM AEST,0.0,nan,nan,nan,nan,nan,nan,nan,nan,nan,nan,nan
24-Mar-25 10:02:00 AM AEST,nan,nan,0.6,nan,nan,nan,nan,nan,nan,nan,nan,nan
24-Mar-25 10:02:30 AM AEST,nan,nan,nan,nan,14.20,0.14,nan,nan,nan,nan,14.20,nan
24-Mar-25 10:02:35 AM AEST,nan,nan,nan,nan,nan,nan,nan,nan,nan,84.70,nan,nan
24-Mar-25 10:02:55 AM AEST,nan,nan,nan,nan,nan,nan,nan,nan,317.80,nan,nan,nan
24-Mar-25 10:03:27 AM AEST,nan,nan,nan,6552.80,nan,nan,nan,nan,nan,nan,nan,1.00
24-Mar-25 10:03:30 AM AEST,72.2,nan,nan,nan,nan,nan,nan,nan,nan,nan,nan,nan
24-Mar-25 10:04:30 AM AEST,nan,nan,93.3,nan,nan,nan,nan,nan,nan,nan,nan,nan
24-Mar-25 10:05:00 AM AEST,nan,nan,nan,nan,0.60,3.41,nan,nan,nan,nan,nan,nan
24-Mar-25 10:08:00 AM AEST,0.2,0.2,nan,0.20,nan,nan,24.00,2.40,nan,nan,nan,0.00
24-Mar-25 10:10:00 AM AEST,nan,nan,23.6,nan,72.20,65.53,nan,nan,0.00,0.00,0.00,nan
24-Mar-25 10:10:25 AM AEST,nan,nan,nan,nan,nan,nan,nan,1.48,nan,nan,nan,nan
24-Mar-25 10:10:26 AM AEST,nan,112.3,nan,nan,nan,nan,112.30,nan,nan,nan,nan,nan
24-Mar-25 10:10:29 AM AEST,nan,nan,nan,0.00,nan,nan,nan,nan,nan,nan,nan,nan
24-Mar-25 10:10:30 AM AEST,112.3,nan,nan,nan,nan,nan,nan,nan,nan,nan,nan,nan
24-Mar-25 10:12:30 AM AEST,nan,nan,317.8,nan,1.40,0.01,nan,nan,nan,nan,0.90,nan
24-Mar-25 10:12:31 AM AEST,nan,nan,nan,nan,nan,nan,nan,nan,nan,0.90,nan,nan
24-Mar-25 10:12:35 AM AEST,nan,nan,nan,nan,nan,nan,nan,nan,0.90,nan,nan,nan
24-Mar-25 10:12:50 AM AEST,nan,nan,nan,nan,nan,nan,nan,11.23,nan,nan,nan,nan
24-Mar-25 10:12:52 AM AEST,nan,0.0,nan,nan,nan,nan,0.00,nan,nan,nan,nan,nan
24-Mar-25 10:12:58 AM AEST,nan,nan,nan,6552.80,nan,nan,nan,nan,nan,nan,nan,nan
24-Mar-25 10:13:00 AM AEST,72.2,nan,nan,nan,nan,nan,nan,nan,nan,nan,nan,nan
24-Mar-25 10:14:00 AM AEST,nan,nan,nan,nan,nan,nan,nan,nan,nan,nan,nan,1.00
24-Mar-25 10:15:00 AM AEST,nan,nan,93.3,nan,0.60,3.41,nan,nan,nan,nan,14.20,nan
24-Mar-25 10:15:02 AM AEST,nan,nan,nan,nan,nan,nan,nan,nan,nan,84.70,nan,nan
24-Mar-25 10:15:10 AM AEST,nan,nan,nan,nan,nan,nan,nan,nan,317.80,nan,nan,nan
24-Mar-25 10:15:10 AM AEST,nan,nan,nan,nan,nan,nan,nan,nan,0.00,nan,nan,nan
24-Mar-25 10:16:29 AM AEST,nan,nan,nan,nan,nan,nan,nan,nan,nan,nan,nan,112.30
24-Mar-25 10:17:30 AM AEST,nan,nan,23.6,nan,72.20,65.53,nan,nan,nan,nan,0.00,nan
24-Mar-25 10:17:33 AM AEST,nan,nan,nan,nan,nan,nan,nan,nan,nan,0.00,nan,nan
24-Mar-25 10:18:00 AM AEST,112.3,14.8,nan,112.30,nan,nan,14.80,5.11,nan,nan,nan,nan
24-Mar-25 10:18:00 AM AEST,13.8,13.8,nan,13.80,nan,nan,0.00,0.00,nan,nan,nan,nan
24-Mar-25 10:18:58 AM AEST,nan,nan,nan,nan,nan,nan,nan,nan,nan,nan,nan,51.10
24-Mar-25 10:20:00 AM AEST,nan,nan,nan,nan,1.00,0.01,nan,nan,nan,nan,6552.80,nan
24-Mar-25 10:20:04 AM AEST,nan,nan,nan,nan,nan,nan,nan,nan,nan,6552.80,nan,nan
24-Mar-25 10:20:25 AM AEST,nan,nan,nan,nan,nan,nan,nan,11.23,nan,nan,nan,nan
24-Mar-25 10:20:26 AM AEST,nan,0.0,nan,nan,nan,nan,nan,nan,nan,nan,nan,nan
24-Mar-25 10:20:29 AM AEST,nan,nan,nan,0.00,nan,nan,nan,nan,nan,nan,nan,nan
24-Mar-25 10:20:30 AM AEST,0.0,nan,nan,nan,nan,nan,nan,nan,nan,nan,nan,nan
24-Mar-25 10:21:27 AM AEST,nan,nan,nan,nan,nan,nan,nan,nan,nan,nan,nan,0.00
24-Mar-25 10:22:00 AM AEST,nan,nan,nan,nan,nan,nan,nan,nan,6552.80,nan,nan,nan
24-Mar-25 10:22:00 AM AEST,nan,nan,nan,nan,nan,nan,nan,nan,1.40,nan,nan,nan
24-Mar-25 10:22:30 AM AEST,nan,nan,nan,nan,317.80,3.18,nan,nan,nan,nan,317.80,nan
24-Mar-25 10:22:35 AM AEST,nan,nan,nan,nan,nan,nan,nan,nan,nan,1.40,nan,nan
24-Mar-25 10:22:58 AM AEST,nan,nan,nan,6552.80,nan,nan,nan,nan,nan,nan,nan,nan
24-Mar-25 10:23:00 AM AEST,72.2,nan,nan,nan,nan,nan,nan,nan,nan,nan,nan,nan
24-Mar-25 10:23:56 AM AEST,nan,nan,nan,nan,nan,nan,nan,nan,nan,nan,nan,1.00
24-Mar-25 10:24:00 AM AEST,nan,nan,84.7,nan,nan,nan,nan,nan,nan,nan,nan,nan
24-Mar-25 10:24:00 AM AEST,nan,nan,0.9,nan,nan,nan,nan,nan,nan,nan,nan,nan
24-Mar-25 10:24:35 AM AEST,nan,nan,nan,nan,nan,nan,nan,nan,23.60,nan,nan,nan
24-Mar-25 10:25:00 AM AEST,nan,nan,nan,nan,8.30,0.08,nan,nan,nan,nan,23.60,nan
24-Mar-25 10:25:06 AM AEST,nan,nan,nan,nan,nan,nan,nan,nan,nan,23.60,nan,nan
24-Mar-25 10:26:25 AM AEST,nan,nan,nan,nan,nan,nan,nan,nan,nan,nan,nan,6552.80
24-Mar-25 10:26:30 AM AEST,nan,nan,0.6,nan,nan,nan,nan,nan,nan,nan,nan,nan
24-Mar-25 10:27:10 AM AEST,nan,nan,nan,nan,nan,nan,nan,nan,317.80,nan,nan,nan
24-Mar-25 10:27:30 AM AEST,nan,nan,nan,nan,14.20,0.14,nan,nan,nan,nan,14.20,nan
24-Mar-25 10:27:37 AM AEST,nan,nan,nan,nan,nan,nan,nan,nan,nan,84.70,nan,nan
24-Mar-25 10:28:54 AM AEST,nan,nan,nan,nan,nan,nan,nan,nan,nan,nan,nan,1.00
24-Mar-25 10:29:00 AM AEST,nan,nan,93.3,nan,nan,nan,nan,nan,nan,nan,nan,nan
24-Mar-25 10:29:45 AM AEST,nan,nan,nan,nan,nan,nan,nan,nan,0.00,nan,nan,nan
24-Mar-25 10:30:00 AM AEST,nan,nan,nan,nan,0.60,3.41,nan,nan,nan,nan,0.00,nan
24-Mar-25 10:30:00 AM AEST,nan,nan,nan,nan,72.20,65.53,nan,nan,nan,nan,0.00,nan
24-Mar-25 10:30:08 AM AEST,nan,nan,nan,nan,nan,nan,nan,nan,nan,0.00,nan,nan
24-Mar-25 10:31:23 AM AEST,nan,nan,nan,nan,nan,nan,nan,nan,nan,nan,nan,0.00
24-Mar-25 10:31:30 AM AEST,nan,nan,23.6,nan,nan,nan,nan,nan,nan,nan,nan,nan
24-Mar-25 10:31:30 AM AEST,nan,nan,93.3,nan,nan,nan,nan,nan,nan,nan,nan,nan
24-Mar-25 10:32:00 AM AEST,24.0,97.5,nan,0.20,nan,nan,125.20,0.00,nan,nan,nan,nan
24-Mar-25 10:32:00 AM AEST,24.0,24.0,nan,0.20,nan,nan,24.00,0.00,nan,nan,nan,nan
24-Mar-25 10:32:20 AM AEST,nan,nan,nan,nan,nan,nan,nan,nan,317.80,nan,nan,nan
24-Mar-25 10:32:30 AM AEST,nan,nan,nan,nan,0.60,3.41,nan,nan,nan,nan,14.20,nan
24-Mar-25 10:32:39 AM AEST,nan,nan,nan,nan,nan,nan,nan,nan,nan,84.70,nan,nan
24-Mar-25 10:34:25 AM AEST,nan,nan,nan,nan,nan,nan,nan,9.75,nan,nan,nan,nan
24-Mar-25 10:34:25 AM AEST,nan,nan,nan,nan,nan,nan,nan,12.52,nan,nan,nan,nan
24-Mar-25 10:34:26 AM AEST,nan,97.5,nan,nan,nan,nan,125.20,nan,nan,nan,nan,nan
24-Mar-25 10:34:55 AM AEST,nan,nan,nan,nan,nan,nan,nan,nan,0.00,nan,nan,nan
24-Mar-25 10:35:00 AM AEST,nan,nan,nan,nan,72.20,65.53,nan,nan,nan,nan,0.00,nan
24-Mar-25 10:35:10 AM AEST,nan,nan,nan,nan,nan,nan,nan,nan,nan,0.00,nan,nan
24-Mar-25 10:36:50 AM AEST,nan,nan,nan,nan,nan,nan,nan,5.11,nan,nan,nan,nan
24-Mar-25 10:36:52 AM AEST,nan,14.8,nan,nan,nan,nan,51.10,nan,nan,nan,nan,nan
24-Mar-25 10:37:30 AM AEST,nan,nan,nan,nan,nan,3.41,nan,nan,nan,nan,nan,nan
24-Mar-25 10:38:00 AM AEST,14.8,nan,nan,14.80,nan,nan,nan,nan,nan,nan,nan,112.30
24-Mar-25 10:39:15 AM AEST,nan,nan,nan,nan,nan,nan,nan,11.23,nan,nan,nan,nan
24-Mar-25 10:39:18 AM AEST,nan,0.0,nan,nan,nan,nan,0.00,nan,nan,nan,nan,nan
24-Mar-25 10:40:00 AM AEST,nan,nan,1.4,nan,0.90,0.01,nan,nan,8.30,8.30,0.90,nan
24-Mar-25 10:40:29 AM AEST,nan,nan,nan,6552.80,nan,nan,nan,nan,nan,nan,nan,1.00
24-Mar-25 10:40:30 AM AEST,72.2,nan,nan,nan,nan,nan,nan,nan,nan,nan,nan,nan
24-Mar-25 10:42:30 AM AEST,nan,nan,98.2,nan,0.60,3.41,nan,nan,nan,nan,14.20,nan
24-Mar-25 10:42:31 AM AEST,nan,nan,nan,nan,nan,nan,nan,nan,nan,84.70,nan,nan
24-Mar-25 10:42:35 AM AEST,nan,nan,nan,nan,nan,nan,nan,nan,317.80,nan,nan,nan
24-Mar-25 10:45:00 AM AEST,nan,nan,93.3,nan,72.20,65.53,nan,nan,nan,nan,0.00,nan
24-Mar-25 10:45:00 AM AEST,nan,nan,23.6,nan,72.20,3.41,nan,nan,nan,nan,0.00,nan
24-Mar-25 10:45:00 AM AEST,nan,nan,341.4,nan,72.20,3.41,nan,nan,nan,nan,0.00,nan
24-Mar-25 10:45:02 AM AEST,nan,nan,nan,nan,nan,nan,nan,nan,nan,0.00,nan,nan
24-Mar-25 10:45:10 AM AEST,nan,nan,nan,nan,nan,nan,nan,nan,0.00,nan,nan,nan
24-Mar-25 10:45:10 AM AEST,nan,nan,nan,nan,nan,nan,nan,nan,317.80,nan,nan,nan
24-Mar-25 10:46:00 AM AEST,24.0,97.5,nan,0.20,nan,nan,125.20,0.00,nan,nan,nan,0.00
24-Mar-25 10:46:00 AM AEST,72.2,0.0,nan,6552.80,nan,nan,0.00,11.23,nan,nan,nan,1.00
24-Mar-25 10:47:30 AM AEST,nan,nan,23.6,nan,0.60,65.53,nan,nan,nan,nan,14.20,nan
24-Mar-25 10:47:30 AM AEST,nan,nan,341.4,nan,72.20,3.41,nan,nan,nan,nan,0.00,nan
24-Mar-25 10:47:30 AM AEST,nan,nan,341.4,nan,0.60,3.41,nan,nan,nan,nan,14.20,nan
24-Mar-25 10:47:33 AM AEST,nan,nan,nan,nan,nan,nan,nan,nan,nan,84.70,nan,nan
24-Mar-25 10:47:33 AM AEST,nan,nan,nan,nan,nan,nan,nan,nan,nan,0.00,nan,nan
24-Mar-25 10:47:33 AM AEST,nan,nan,nan,nan,nan,nan,nan,nan,nan,84.70,nan,nan
24-Mar-25 10:47:45 AM AEST,nan,nan,nan,nan,nan,nan,nan,nan,0.00,nan,nan,nan
24-Mar-25 10:47:45 AM AEST,nan,nan,nan,nan,nan,nan,nan,nan,317.80,nan,nan,nan
24-Mar-25 10:48:25 AM AEST,nan,nan,nan,nan,nan,nan,nan,0.00,nan,nan,nan,nan
24-Mar-25 10:48:25 AM AEST,nan,nan,nan,nan,nan,nan,nan,11.23,nan,nan,nan,nan
24-Mar-25 10:48:26 AM AEST,nan,97.5,nan,nan,nan,nan,125.20,nan,nan,nan,nan,nan
24-Mar-25 10:48:26 AM AEST,nan,0.0,nan,nan,nan,nan,0.00,nan,nan,nan,nan,nan
24-Mar-25 10:48:29 AM AEST,nan,nan,nan,0.20,nan,nan,nan,nan,nan,nan,nan,0.00
24-Mar-25 10:48:29 AM AEST,nan,nan,nan,6552.80,nan,nan,nan,nan,nan,nan,nan,1.00
24-Mar-25 10:48:30 AM AEST,24.0,nan,nan,nan,nan,nan,nan,nan,nan,nan,nan,nan
24-Mar-25 10:48:30 AM AEST,72.2,nan,nan,nan,nan,nan,nan,nan,nan,nan,nan,nan
24-Mar-25 10:50:00 AM AEST,nan,nan,84.7,nan,317.80,3.18,nan,nan,nan,nan,317.80,nan
24-Mar-25 10:50:04 AM AEST,nan,nan,nan,nan,nan,nan,nan,nan,nan,1.40,nan,nan
24-Mar-25 10:50:20 AM AEST,nan,nan,nan,nan,nan,nan,nan,nan,1.40,nan,nan,nan
24-Mar-25 10:52:30 AM AEST,nan,nan,93.3,nan,0.60,3.41,nan,nan,nan,nan,14.20,nan
24-Mar-25 10:52:35 AM AEST,nan,nan,nan,nan,nan,nan,nan,nan,nan,84.70,nan,nan
24-Mar-25 10:52:55 AM AEST,nan,nan,nan,nan,nan,nan,nan,nan,317.80,nan,nan,nan
24-Mar-25 10:56:00 AM AEST,24.0,97.5,nan,0.20,nan,nan,125.20,0.00,nan,nan,nan,0.00
24-Mar-25 10:56:00 AM AEST,24.0,97.5,nan,0.20,nan,nan,125.20,0.00,nan,nan,nan,1.00
24-Mar-25 10:58:25 AM AEST,nan,nan,nan,nan,nan,nan,nan,11.23,nan,nan,nan,nan
24-Mar-25 10:58:26 AM AEST,nan,0.0,nan,nan,nan,nan,0.00,nan,nan,nan,nan,nan
24-Mar-25 10:58:29 AM AEST,nan,nan,nan,6552.80,nan,nan,nan,nan,nan,nan,nan,nan
24-Mar-25 10:58:30 AM AEST,72.2,nan,nan,nan,nan,nan,nan,nan,nan,nan,nan,nan
24-Mar-25 11:00:00 AM AEST,nan,nan,23.6,nan,1.00,0.01,nan,nan,6552.80,6552.80,6552.80,0.00
24-Mar-25 11:00:50 AM AEST,nan,nan,nan,nan,nan,nan,nan,0.00,nan,nan,nan,nan
24-Mar-25 11:00:50 AM AEST,nan,nan,nan,nan,nan,nan,nan,11.23,nan,nan,nan,nan
24-Mar-25 11:00:52 AM AEST,nan,97.5,nan,nan,nan,nan,125.20,nan,nan,nan,nan,nan
24-Mar-25 11:00:52 AM AEST,nan,0.0,nan,nan,nan,nan,0.00,nan,nan,nan,nan,nan
24-Mar-25 11:00:58 AM AEST,nan,nan,nan,0.20,nan,nan,nan,nan,nan,nan,nan,nan
24-Mar-25 11:00:58 AM AEST,nan,nan,nan,0.00,nan,nan,nan,nan,nan,nan,nan,nan
24-Mar-25 11:01:00 AM AEST,24.0,nan,nan,nan,nan,nan,nan,nan,nan,nan,nan,nan
24-Mar-25 11:01:00 AM AEST,0.0,nan,nan,nan,nan,nan,nan,nan,nan,nan,nan,nan
24-Mar-25 11:02:29 AM AEST,nan,nan,nan,nan,nan,nan,nan,nan,nan,nan,nan,1.00
24-Mar-25 11:02:30 AM AEST,nan,nan,93.3,nan,0.60,3.41,nan,nan,nan,nan,14.20,nan
24-Mar-25 11:02:31 AM AEST,nan,nan,nan,nan,nan,nan,nan,nan,nan,84.70,nan,nan
24-Mar-25 11:02:35 AM AEST,nan,nan,nan,nan,nan,nan,nan,nan,317.80,nan,nan,nan
24-Mar-25 11:03:15 AM AEST,nan,nan,nan,nan,nan,nan,nan,0.00,nan,nan,nan,nan
24-Mar-25 11:03:18 AM AEST,nan,97.5,nan,nan,nan,nan,125.20,nan,nan,nan,nan,nan
24-Mar-25 11:03:27 AM AEST,nan,nan,nan,6552.80,nan,nan,nan,nan,nan,nan,nan,nan
24-Mar-25 11:03:27 AM AEST,nan,nan,nan,0.20,nan,nan,nan,nan,nan,nan,nan,nan
24-Mar-25 11:03:27 AM AEST,nan,nan,nan,14.80,nan,nan,nan,nan,nan,nan,nan,nan
24-Mar-25 11:03:30 AM AEST,72.2,nan,nan,nan,nan,nan,nan,nan,nan,nan,nan,nan
24-Mar-25 11:03:30 AM AEST,24.0,nan,nan,nan,nan,nan,nan,nan,nan,nan,nan,nan
24-Mar-25 11:03:30 AM AEST,51.1,nan,nan,nan,nan,nan,nan,nan,nan,nan,nan,nan
24-Mar-25 11:04:58 AM AEST,nan,nan,nan,nan,nan,nan,nan,nan,nan,nan,nan,0.00
24-Mar-25 11:04:58 AM AEST,nan,nan,nan,nan,nan,nan,nan,nan,nan,nan,nan,14.80
24-Mar-25 11:04:58 AM AEST,nan,nan,nan,nan,nan,nan,nan,nan,nan,nan,nan,0.00
24-Mar-25 11:05:00 AM AEST,nan,nan,23.6,nan,72.20,65.53,nan,nan,nan,nan,0.00,nan
24-Mar-25 11:05:02 AM AEST,nan,nan,nan,nan,nan,nan,nan,nan,nan,0.00,nan,nan
24-Mar-25 11:05:10 AM AEST,nan,nan,nan,nan,nan,nan,nan,nan,0.00,nan,nan,nan
24-Mar-25 11:05:40 AM AEST,nan,nan,nan,nan,nan,nan,nan,1.38,nan,nan,nan,nan
24-Mar-25 11:05:40 AM AEST,nan,nan,nan,nan,nan,nan,nan,0.00,nan,nan,nan,nan
24-Mar-25 11:05:44 AM AEST,nan,51.1,nan,nan,nan,nan,51.10,nan,nan,nan,nan,nan
24-Mar-25 11:05:44 AM AEST,nan,97.5,nan,nan,nan,nan,125.20,nan,nan,nan,nan,nan
24-Mar-25 11:05:56 AM AEST,nan,nan,nan,0.20,nan,nan,nan,nan,nan,nan,nan,nan
24-Mar-25 11:06:00 AM AEST,24.0,nan,nan,nan,nan,nan,nan,nan,nan,nan,nan,nan
24-Mar-25 11:07:27 AM AEST,nan,nan,nan,nan,nan,nan,nan,nan,nan,nan,nan,1.00
24-Mar-25 11:07:30 AM AEST,nan,nan,93.3,nan,0.60,3.41,nan,nan,nan,nan,14.20,nan
24-Mar-25 11:07:33 AM AEST,nan,nan,nan,nan,nan,nan,nan,nan,nan,84.70,nan,nan
24-Mar-25 11:07:45 AM AEST,nan,nan,nan,nan,nan,nan,nan,nan,317.80,nan,nan,nan
24-Mar-25 11:08:10 AM AEST,nan,0.0,nan,nan,nan,nan,nan,nan,nan,nan,nan,nan
24-Mar-25 11:08:25 AM AEST,nan,nan,nan,6552.80,nan,nan,nan,nan,nan,nan,nan,nan
24-Mar-25 11:08:30 AM AEST,72.2,nan,nan,nan,nan,nan,nan,nan,nan,nan,nan,nan
24-Mar-25 11:09:56 AM AEST,nan,nan,nan,nan,nan,nan,nan,nan,nan,nan,nan,14.80
24-Mar-25 11:10:00 AM AEST,nan,nan,98.2,nan,72.20,65.53,0.00,11.23,nan,nan,0.00,nan
24-Mar-25 11:10:00 AM AEST,nan,nan,23.6,nan,72.20,65.53,51.10,1.38,nan,nan,0.00,nan
24-Mar-25 11:10:04 AM AEST,nan,nan,nan,nan,nan,nan,nan,nan,nan,0.00,nan,nan
24-Mar-25 11:10:20 AM AEST,nan,nan,nan,nan,nan,nan,nan,nan,0.00,nan,nan,nan
24-Mar-25 11:10:36 AM AEST,nan,51.1,nan,nan,nan,nan,nan,nan,nan,nan,nan,nan
24-Mar-25 11:10:54 AM AEST,nan,nan,nan,14.80,nan,nan,nan,nan,nan,nan,nan,nan
24-Mar-25 11:11:00 AM AEST,51.1,nan,nan,nan,nan,nan,nan,nan,nan,nan,nan,nan
24-Mar-25 11:12:25 AM AEST,nan,nan,nan,nan,nan,nan,nan,0.00,nan,nan,nan,0.00
24-Mar-25 11:12:26 AM AEST,nan,nan,nan,nan,nan,nan,125.20,nan,nan,nan,nan,nan
24-Mar-25 11:12:30 AM AEST,nan,nan,93.3,nan,0.60,3.41,nan,nan,nan,nan,14.20,nan
24-Mar-25 11:12:35 AM AEST,nan,nan,nan,nan,nan,nan,nan,nan,nan,84.70,nan,nan
24-Mar-25 11:12:55 AM AEST,nan,nan,nan,nan,nan,nan,nan,nan,317.80,nan,nan,nan
24-Mar-25 11:13:02 AM AEST,nan,97.5,nan,nan,nan,nan,nan,nan,nan,nan,nan,nan
24-Mar-25 11:13:02 AM AEST,nan,0.0,nan,nan,nan,nan,nan,nan,nan,nan,nan,nan
24-Mar-25 11:13:23 AM AEST,nan,nan,nan,0.20,nan,nan,nan,nan,nan,nan,nan,nan
24-Mar-25 11:13:23 AM AEST,nan,nan,nan,6552.80,nan,nan,nan,nan,nan,nan,nan,nan
24-Mar-25 11:13:30 AM AEST,24.0,nan,nan,nan,nan,nan,nan,nan,nan,nan,nan,nan
24-Mar-25 11:13:30 AM AEST,72.2,nan,nan,nan,nan,nan,nan,nan,nan,nan,nan,nan
24-Mar-25 11:14:50 AM AEST,nan,nan,nan,nan,nan,nan,nan,11.23,nan,nan,nan,nan
24-Mar-25 11:14:52 AM AEST,nan,nan,nan,nan,nan,nan,0.00,nan,nan,nan,nan,nan
24-Mar-25 11:14:54 AM AEST,nan,nan,nan,nan,nan,nan,nan,nan,nan,nan,nan,1.00
24-Mar-25 11:16:00 AM AEST,24.0,97.5,nan,nan,nan,nan,nan,nan,nan,nan,nan,nan
24-Mar-25 11:17:15 AM AEST,nan,nan,nan,nan,nan,nan,nan,0.00,nan,nan,nan,nan
24-Mar-25 11:17:18 AM AEST,nan,nan,nan,nan,nan,nan,125.20,nan,nan,nan,nan,nan
24-Mar-25 11:18:26 AM AEST,nan,0.0,nan,nan,nan,nan,nan,nan,nan,nan,nan,nan
24-Mar-25 11:18:30 AM AEST,72.2,nan,nan,nan,nan,nan,nan,nan,nan,nan,nan,nan
24-Mar-25 11:19:40 AM AEST,nan,nan,nan,nan,nan,nan,nan,11.23,nan,nan,nan,nan
24-Mar-25 11:19:44 AM AEST,nan,nan,nan,nan,nan,nan,0.00,nan,nan,nan,nan,nan
24-Mar-25 11:20:52 AM AEST,nan,97.5,nan,nan,nan,nan,nan,nan,nan,nan,nan,nan
24-Mar-25 11:21:00 AM AEST,24.0,nan,nan,nan,nan,nan,nan,nan,nan,nan,nan,nan
24-Mar-25 11:22:00 AM AEST,nan,nan,nan,0.20,nan,nan,nan,nan,nan,nan,nan,0.00
24-Mar-25 11:22:05 AM AEST,nan,nan,nan,nan,nan,nan,nan,12.52,nan,nan,nan,nan
24-Mar-25 11:22:10 AM AEST,nan,nan,nan,nan,nan,nan,97.50,nan,nan,nan,nan,nan
24-Mar-25 11:23:18 AM AEST,nan,0.0,nan,nan,nan,nan,nan,nan,nan,nan,nan,nan
24-Mar-25 11:23:30 AM AEST,72.2,nan,nan,nan,nan,nan,nan,nan,nan,nan,nan,nan
24-Mar-25 11:24:29 AM AEST,nan,nan,nan,6552.80,nan,nan,nan,nan,nan,nan,nan,1.00
24-Mar-25 11:24:29 AM AEST,nan,nan,nan,0.20,nan,nan,nan,nan,nan,nan,nan,0.00
24-Mar-25 11:24:30 AM AEST,nan,nan,nan,nan,nan,nan,nan,11.23,nan,nan,nan,nan
24-Mar-25 11:24:30 AM AEST,nan,nan,nan,nan,nan,nan,nan,0.00,nan,nan,nan,nan
24-Mar-25 11:24:36 AM AEST,nan,nan,nan,nan,nan,nan,0.00,nan,nan,nan,nan,nan
24-Mar-25 11:24:36 AM AEST,nan,nan,nan,nan,nan,nan,125.20,nan,nan,nan,nan,nan
24-Mar-25 11:25:44 AM AEST,nan,97.5,nan,nan,nan,nan,nan,nan,nan,nan,nan,nan
24-Mar-25 11:26:00 AM AEST,24.0,nan,23.6,nan,72.20,65.53,nan,nan,0.00,0.00,0.00,nan
24-Mar-25 11:26:00 AM AEST,72.2,nan,93.3,nan,0.60,3.41,nan,nan,317.80,84.70,14.20,nan
24-Mar-25 11:26:58 AM AEST,nan,nan,nan,6552.80,nan,nan,nan,nan,nan,nan,nan,1.00
24-Mar-25 11:28:10 AM AEST,nan,0.0,nan,nan,nan,nan,nan,nan,nan,nan,nan,nan
24-Mar-25 11:30:00 AM AEST,nan,nan,nan,nan,nan,nan,0.00,11.23,nan,nan,nan,nan
24-Mar-25 11:30:36 AM AEST,nan,0.2,nan,nan,nan,nan,nan,nan,nan,nan,nan,nan
24-Mar-25 11:32:00 AM AEST,0.2,nan,nan,0.20,nan,nan,nan,nan,nan,nan,nan,0.00
24-Mar-25 11:32:00 AM AEST,24.0,nan,nan,0.20,nan,nan,nan,nan,nan,nan,nan,0.00
24-Mar-25 11:32:25 AM AEST,nan,nan,nan,nan,nan,nan,nan,2.40,nan,nan,nan,nan
24-Mar-25 11:32:25 AM AEST,nan,nan,nan,nan,nan,nan,nan,0.00,nan,nan,nan,nan
24-Mar-25 11:32:26 AM AEST,nan,nan,nan,nan,nan,nan,24.00,nan,nan,nan,nan,nan
24-Mar-25 11:32:26 AM AEST,nan,nan,nan,nan,nan,nan,125.20,nan,nan,nan,nan,nan
24-Mar-25 11:33:02 AM AEST,nan,97.5,nan,nan,nan,nan,nan,nan,nan,nan,nan,nan
24-Mar-25 11:34:00 AM AEST,nan,nan,23.6,nan,72.20,65.53,nan,nan,0.00,0.00,0.00,nan
24-Mar-25 11:34:00 AM AEST,nan,nan,84.7,nan,317.80,3.18,nan,nan,1.40,1.40,317.80,nan
24-Mar-25 11:34:29 AM AEST,nan,nan,nan,6552.80,nan,nan,nan,nan,nan,nan,nan,1.00
24-Mar-25 11:34:30 AM AEST,72.2,nan,nan,nan,nan,nan,nan,nan,nan,nan,nan,nan
24-Mar-25 11:34:50 AM AEST,nan,nan,nan,nan,nan,nan,nan,11.23,nan,nan,nan,nan
24-Mar-25 11:34:52 AM AEST,nan,nan,nan,nan,nan,nan,0.00,nan,nan,nan,nan,nan
24-Mar-25 11:35:28 AM AEST,nan,0.0,nan,nan,nan,nan,nan,nan,nan,nan,nan,nan
24-Mar-25 11:36:30 AM AEST,nan,nan,23.6,nan,1.00,0.24,nan,nan,nan,nan,1.00,nan
24-Mar-25 11:36:30 AM AEST,nan,nan,23.6,nan,72.20,65.53,nan,nan,nan,nan,0.00,nan
24-Mar-25 11:36:31 AM AEST,nan,nan,nan,nan,nan,nan,nan,nan,nan,1.00,nan,nan
24-Mar-25 11:36:31 AM AEST,nan,nan,nan,nan,nan,nan,nan,nan,nan,0.00,nan,nan
24-Mar-25 11:36:35 AM AEST,nan,nan,nan,nan,nan,nan,nan,nan,6552.80,nan,nan,nan
24-Mar-25 11:36:35 AM AEST,nan,nan,nan,nan,nan,nan,nan,nan,0.00,nan,nan,nan
24-Mar-25 11:36:58 AM AEST,nan,nan,nan,0.00,nan,nan,nan,nan,nan,nan,nan,72.20
24-Mar-25 11:36:58 AM AEST,nan,nan,nan,0.20,nan,nan,nan,nan,nan,nan,nan,0.00
24-Mar-25 11:36:58 AM AEST,nan,nan,nan,14.80,nan,nan,nan,nan,nan,nan,nan,112.30
24-Mar-25 11:37:00 AM AEST,0.0,nan,nan,nan,nan,nan,nan,nan,nan,nan,nan,nan
24-Mar-25 11:37:00 AM AEST,24.0,nan,nan,nan,nan,nan,nan,nan,nan,nan,nan,nan
24-Mar-25 11:37:00 AM AEST,14.8,nan,nan,nan,nan,nan,nan,nan,nan,nan,nan,nan
24-Mar-25 11:37:15 AM AEST,nan,nan,nan,nan,nan,nan,nan,0.00,nan,nan,nan,nan
24-Mar-25 11:37:15 AM AEST,nan,nan,nan,nan,nan,nan,nan,5.11,nan,nan,nan,nan
24-Mar-25 11:37:18 AM AEST,nan,nan,nan,nan,nan,nan,125.20,nan,nan,nan,nan,nan
24-Mar-25 11:37:18 AM AEST,nan,nan,nan,nan,nan,nan,51.10,nan,nan,nan,nan,nan
24-Mar-25 11:37:54 AM AEST,nan,97.5,nan,nan,nan,nan,nan,nan,nan,nan,nan,nan
24-Mar-25 11:37:54 AM AEST,nan,14.8,nan,nan,nan,nan,nan,nan,nan,nan,nan,nan
24-Mar-25 11:39:27 AM AEST,nan,nan,nan,0.20,nan,nan,nan,nan,nan,nan,nan,0.00
24-Mar-25 11:39:30 AM AEST,24.0,nan,nan,nan,nan,nan,nan,nan,nan,nan,nan,nan
24-Mar-25 11:39:40 AM AEST,nan,nan,nan,nan,nan,nan,nan,12.52,nan,nan,nan,nan
24-Mar-25 11:39:44 AM AEST,nan,nan,nan,nan,nan,nan,97.50,nan,nan,nan,nan,nan
24-Mar-25 11:40:20 AM AEST,nan,97.5,nan,nan,nan,nan,nan,nan,nan,nan,nan,nan
24-Mar-25 11:41:56 AM AEST,nan,nan,nan,0.00,nan,nan,nan,nan,nan,nan,nan,nan
24-Mar-25 11:42:00 AM AEST,112.3,nan,93.3,nan,nan,nan,nan,nan,nan,nan,nan,nan
24-Mar-25 11:42:05 AM AEST,nan,nan,nan,nan,nan,nan,nan,1.48,nan,nan,nan,nan
24-Mar-25 11:42:10 AM AEST,nan,nan,nan,nan,nan,nan,112.30,nan,nan,nan,nan,nan
24-Mar-25 11:42:46 AM AEST,nan,112.3,nan,nan,nan,nan,nan,nan,nan,nan,nan,nan
24-Mar-25 11:44:00 AM AEST,nan,nan,nan,nan,1.40,3.18,nan,nan,0.90,1.40,1.40,1.00
24-Mar-25 11:44:25 AM AEST,nan,nan,nan,6552.80,nan,nan,nan,nan,nan,nan,nan,nan
24-Mar-25 11:44:30 AM AEST,72.2,nan,317.8,nan,nan,nan,nan,11.23,nan,nan,nan,nan
24-Mar-25 11:44:36 AM AEST,nan,nan,nan,nan,nan,nan,0.00,nan,nan,nan,nan,nan
24-Mar-25 11:45:12 AM AEST,nan,0.0,nan,nan,nan,nan,nan,nan,nan,nan,nan,nan
24-Mar-25 11:46:30 AM AEST,nan,nan,nan,nan,0.60,3.41,nan,nan,nan,nan,14.20,nan
24-Mar-25 11:46:31 AM AEST,nan,nan,nan,nan,nan,nan,nan,nan,nan,84.70,nan,nan
24-Mar-25 11:46:35 AM AEST,nan,nan,nan,nan,nan,nan,nan,nan,317.80,nan,nan,nan
24-Mar-25 11:46:35 AM AEST,nan,nan,nan,nan,nan,nan,nan,nan,0.00,nan,nan,nan
24-Mar-25 11:46:54 AM AEST,nan,nan,nan,0.20,nan,nan,nan,nan,nan,nan,nan,nan
24-Mar-25 11:46:55 AM AEST,nan,nan,nan,nan,nan,nan,nan,0.00,nan,nan,nan,nan
24-Mar-25 11:47:00 AM AEST,24.0,nan,93.3,nan,nan,nan,nan,nan,nan,nan,nan,nan
24-Mar-25 11:47:00 AM AEST,24.0,nan,23.6,nan,nan,nan,nan,nan,nan,nan,nan,nan
24-Mar-25 11:47:02 AM AEST,nan,nan,nan,nan,nan,nan,125.20,nan,nan,nan,nan,nan
24-Mar-25 11:47:38 AM AEST,nan,97.5,nan,nan,nan,nan,nan,nan,nan,nan,nan,nan
24-Mar-25 11:47:38 AM AEST,nan,14.8,nan,nan,nan,nan,nan,nan,nan,nan,nan,nan
24-Mar-25 11:48:00 AM AEST,nan,nan,nan,nan,nan,nan,nan,nan,nan,nan,nan,0.00
24-Mar-25 11:48:00 AM AEST,nan,nan,nan,nan,nan,nan,nan,nan,nan,nan,nan,112.30
24-Mar-25 11:49:00 AM AEST,nan,nan,nan,nan,72.20,65.53,nan,nan,nan,nan,0.00,nan
24-Mar-25 11:49:02 AM AEST,nan,nan,nan,nan,nan,nan,nan,nan,nan,0.00,nan,nan
24-Mar-25 11:49:20 AM AEST,nan,nan,nan,nan,nan,nan,nan,5.11,nan,nan,nan,nan
24-Mar-25 11:49:20 AM AEST,nan,nan,nan,nan,nan,nan,nan,0.00,nan,nan,nan,nan
24-Mar-25 11:49:23 AM AEST,nan,nan,nan,112.30,nan,nan,nan,nan,nan,nan,nan,nan
24-Mar-25 11:49:23 AM AEST,nan,nan,nan,0.20,nan,nan,nan,nan,nan,nan,nan,nan
24-Mar-25 11:49:28 AM AEST,nan,nan,nan,nan,nan,nan,14.80,nan,nan,nan,nan,nan
24-Mar-25 11:49:28 AM AEST,nan,nan,nan,nan,nan,nan,125.20,nan,nan,nan,nan,nan
24-Mar-25 11:49:30 AM AEST,112.3,nan,nan,nan,nan,nan,nan,nan,nan,nan,nan,nan
24-Mar-25 11:49:30 AM AEST,24.0,nan,nan,nan,nan,nan,nan,nan,nan,nan,nan,nan
24-Mar-25 11:50:04 AM AEST,nan,97.5,nan,nan,nan,nan,nan,nan,nan,nan,nan,nan
24-Mar-25 11:50:29 AM AEST,nan,nan,nan,nan,nan,nan,nan,nan,nan,nan,nan,0.00
24-Mar-25 11:51:30 AM AEST,nan,nan,nan,nan,0.60,3.41,nan,nan,nan,nan,14.20,nan
24-Mar-25 11:51:33 AM AEST,nan,nan,nan,nan,nan,nan,nan,nan,nan,84.70,nan,nan
24-Mar-25 11:51:45 AM AEST,nan,nan,nan,nan,nan,nan,nan,12.52,nan,nan,nan,nan
24-Mar-25 11:51:54 AM AEST,nan,nan,nan,nan,nan,nan,97.50,nan,nan,nan,nan,nan
24-Mar-25 11:52:00 AM AEST,nan,nan,93.3,nan,nan,nan,nan,nan,317.80,nan,nan,nan
24-Mar-25 11:52:58 AM AEST,nan,nan,nan,nan,nan,nan,nan,nan,nan,nan,nan,1.00
24-Mar-25 11:54:00 AM AEST,72.2,nan,nan,6552.80,nan,nan,nan,nan,nan,nan,nan,nan
24-Mar-25 11:54:10 AM AEST,nan,nan,nan,nan,nan,nan,nan,11.23,nan,nan,nan,nan
24-Mar-25 11:54:20 AM AEST,nan,nan,nan,nan,nan,nan,0.00,nan,nan,nan,nan,nan
24-Mar-25 11:55:27 AM AEST,nan,nan,nan,nan,nan,nan,nan,nan,nan,nan,nan,0.00
24-Mar-25 11:56:00 AM AEST,nan,0.0,23.6,nan,72.20,65.53,nan,nan,0.00,0.00,0.00,nan
24-Mar-25 11:56:00 AM AEST,nan,97.5,23.6,nan,72.20,65.53,nan,nan,0.00,0.00,0.00,nan
24-Mar-25 11:56:00 AM AEST,nan,112.3,23.6,nan,72.20,65.53,nan,nan,0.00,0.00,0.00,nan
24-Mar-25 11:56:29 AM AEST,nan,nan,nan,0.20,nan,nan,nan,nan,nan,nan,nan,nan
24-Mar-25 11:56:29 AM AEST,nan,nan,nan,0.00,nan,nan,nan,nan,nan,nan,nan,nan
24-Mar-25 11:56:30 AM AEST,24.0,nan,nan,nan,nan,nan,nan,nan,nan,nan,nan,nan
24-Mar-25 11:56:30 AM AEST,112.3,nan,nan,nan,nan,nan,nan,nan,nan,nan,nan,nan
24-Mar-25 11:56:35 AM AEST,nan,nan,nan,nan,nan,nan,nan,0.00,nan,nan,nan,nan
24-Mar-25 11:56:35 AM AEST,nan,nan,nan,nan,nan,nan,nan,1.48,nan,nan,nan,nan
24-Mar-25 11:56:46 AM AEST,nan,nan,nan,nan,nan,nan,125.20,nan,nan,nan,nan,nan
24-Mar-25 11:56:46 AM AEST,nan,nan,nan,nan,nan,nan,112.30,nan,nan,nan,nan,nan
24-Mar-25 11:58:26 AM AEST,nan,0.0,nan,nan,nan,nan,nan,nan,nan,nan,nan,nan
24-Mar-25 11:58:30 AM AEST,nan,nan,93.3,nan,0.60,3.41,nan,nan,nan,nan,14.20,nan
24-Mar-25 11:58:31 AM AEST,nan,nan,nan,nan,nan,nan,nan,nan,nan,84.70,nan,nan
24-Mar-25 11:58:35 AM AEST,nan,nan,nan,nan,nan,nan,nan,nan,317.80,nan,nan,nan
24-Mar-25 11:58:58 AM AEST,nan,nan,nan,6552.80,nan,nan,nan,nan,nan,nan,nan,nan
24-Mar-25 11:59:00 AM AEST,72.2,nan,nan,nan,nan,nan,nan,11.23,nan,nan,nan,nan
24-Mar-25 11:59:12 AM AEST,nan,nan,nan,nan,nan,nan,0.00,nan,nan,nan,nan,nan
24-Mar-25 12:00:00 PM AEST,nan,nan,nan,nan,nan,nan,nan,nan,nan,nan,nan,1.00
24-Mar-25 12:00:00 PM AEST,nan,nan,nan,nan,nan,nan,nan,nan,nan,nan,nan,0.00
24-Mar-25 12:00:52 PM AEST,nan,97.5,nan,nan,nan,nan,nan,nan,nan,nan,nan,nan
24-Mar-25 12:01:00 PM AEST,nan,nan,23.6,nan,72.20,65.53,nan,nan,nan,nan,0.00,nan
24-Mar-25 12:01:00 PM AEST,nan,nan,93.3,nan,72.20,3.41,nan,nan,nan,nan,0.00,nan
24-Mar-25 12:01:02 PM AEST,nan,nan,nan,nan,nan,nan,nan,nan,nan,0.00,nan,nan
24-Mar-25 12:01:10 PM AEST,nan,nan,nan,nan,nan,nan,nan,nan,0.00,nan,nan,nan
24-Mar-25 12:01:10 PM AEST,nan,nan,nan,nan,nan,nan,nan,nan,317.80,nan,nan,nan
24-Mar-25 12:01:25 PM AEST,nan,nan,nan,nan,nan,nan,nan,0.00,nan,nan,nan,nan
24-Mar-25 12:01:27 PM AEST,nan,nan,nan,0.20,nan,nan,nan,nan,nan,nan,nan,nan
24-Mar-25 12:01:27 PM AEST,nan,nan,nan,0.00,nan,nan,nan,nan,nan,nan,nan,nan
24-Mar-25 12:01:30 PM AEST,24.0,nan,nan,nan,nan,nan,nan,nan,nan,nan,nan,nan
24-Mar-25 12:01:30 PM AEST,0.0,nan,nan,nan,nan,nan,nan,nan,nan,nan,nan,nan
24-Mar-25 12:01:38 PM AEST,nan,nan,nan,nan,nan,nan,125.20,nan,nan,nan,nan,nan
24-Mar-25 12:01:38 PM AEST,nan,nan,nan,nan,nan,nan,0.20,nan,nan,nan,nan,nan
24-Mar-25 12:03:18 PM AEST,nan,0.2,nan,nan,nan,nan,nan,nan,nan,nan,nan,nan
24-Mar-25 12:03:30 PM AEST,nan,nan,23.6,nan,0.60,65.53,nan,nan,nan,nan,14.20,nan
24-Mar-25 12:03:30 PM AEST,nan,nan,23.6,nan,72.20,65.53,nan,nan,nan,nan,0.00,nan
24-Mar-25 12:03:33 PM AEST,nan,nan,nan,nan,nan,nan,nan,nan,nan,84.70,nan,nan
24-Mar-25 12:03:33 PM AEST,nan,nan,nan,nan,nan,nan,nan,nan,nan,0.00,nan,nan
24-Mar-25 12:03:45 PM AEST,nan,nan,nan,nan,nan,nan,nan,nan,0.00,nan,nan,nan
24-Mar-25 12:03:50 PM AEST,nan,nan,nan,nan,nan,nan,nan,2.40,nan,nan,nan,nan
24-Mar-25 12:03:50 PM AEST,nan,nan,nan,nan,nan,nan,nan,0.00,nan,nan,nan,nan
24-Mar-25 12:03:56 PM AEST,nan,nan,nan,0.20,nan,nan,nan,nan,nan,nan,nan,nan
24-Mar-25 12:04:00 PM AEST,24.0,nan,nan,nan,nan,nan,nan,nan,nan,nan,nan,nan
24-Mar-25 12:04:04 PM AEST,nan,nan,nan,nan,nan,nan,125.20,nan,nan,nan,nan,nan
24-Mar-25 12:05:44 PM AEST,nan,97.5,nan,nan,nan,nan,nan,nan,nan,nan,nan,nan
24-Mar-25 12:06:00 PM AEST,nan,nan,93.3,nan,0.60,3.41,nan,nan,nan,nan,14.20,nan
24-Mar-25 12:06:25 PM AEST,nan,nan,nan,13.80,nan,nan,nan,nan,nan,nan,nan,nan
24-Mar-25 12:06:30 PM AEST,13.8,nan,nan,nan,nan,nan,0.00,nan,nan,nan,nan,nan
24-Mar-25 12:08:00 PM AEST,nan,nan,nan,nan,nan,nan,nan,nan,nan,nan,nan,51.10
24-Mar-25 12:08:10 PM AEST,nan,13.8,nan,nan,nan,nan,nan,nan,nan,nan,nan,nan
24-Mar-25 12:08:30 PM AEST,nan,nan,8.3,nan,23.60,0.24,nan,nan,nan,nan,23.60,nan
24-Mar-25 12:08:54 PM AEST,nan,nan,nan,72.20,nan,nan,nan,nan,nan,nan,nan,nan
24-Mar-25 12:09:00 PM AEST,72.2,nan,nan,nan,nan,nan,nan,nan,nan,nan,nan,nan
24-Mar-25 12:10:00 PM AEST,nan,nan,nan,nan,nan,nan,nan,11.23,1.00,1.00,nan,nan
24-Mar-25 12:10:29 PM AEST,nan,nan,nan,nan,nan,nan,nan,nan,nan,nan,nan,72.20
24-Mar-25 12:10:36 PM AEST,nan,0.0,nan,nan,nan,nan,nan,nan,nan,nan,nan,nan
24-Mar-25 12:11:00 PM AEST,nan,nan,93.3,nan,0.60,3.41,nan,nan,nan,nan,14.20,nan
24-Mar-25 12:11:23 PM AEST,nan,nan,nan,6552.80,nan,nan,nan,nan,nan,nan,nan,nan
24-Mar-25 12:12:25 PM AEST,nan,nan,nan,nan,nan,nan,nan,5.11,nan,nan,nan,nan
24-Mar-25 12:12:31 PM AEST,nan,nan,nan,nan,nan,nan,nan,nan,nan,84.70,nan,nan
24-Mar-25 12:12:31 PM AEST,nan,nan,nan,nan,nan,nan,nan,nan,nan,0.00,nan,nan
24-Mar-25 12:12:35 PM AEST,nan,nan,nan,nan,nan,nan,nan,nan,317.80,nan,nan,nan
24-Mar-25 12:12:35 PM AEST,nan,nan,nan,nan,nan,nan,nan,nan,0.00,nan,nan,nan
24-Mar-25 12:12:58 PM AEST,nan,nan,nan,nan,nan,nan,nan,nan,nan,nan,nan,1.00
24-Mar-25 12:12:58 PM AEST,nan,nan,nan,nan,nan,nan,nan,nan,nan,nan,nan,112.30
24-Mar-25 12:13:02 PM AEST,nan,14.8,nan,nan,nan,nan,nan,nan,nan,nan,nan,nan
24-Mar-25 12:13:30 PM AEST,nan,nan,23.6,nan,72.20,65.53,nan,nan,nan,nan,0.00,nan
24-Mar-25 12:13:52 PM AEST,nan,nan,nan,14.80,nan,nan,nan,nan,nan,nan,nan,nan
24-Mar-25 12:13:52 PM AEST,nan,nan,nan,0.20,nan,nan,nan,nan,nan,nan,nan,nan
24-Mar-25 12:14:00 PM AEST,14.8,nan,nan,nan,nan,nan,51.10,nan,nan,nan,nan,nan
24-Mar-25 12:14:00 PM AEST,0.2,nan,nan,nan,nan,nan,24.00,nan,nan,nan,nan,nan
24-Mar-25 12:14:50 PM AEST,nan,nan,nan,nan,nan,nan,nan,2.40,nan,nan,nan,nan
24-Mar-25 12:15:27 PM AEST,nan,nan,nan,nan,nan,nan,nan,nan,nan,nan,nan,0.00
24-Mar-25 12:15:28 PM AEST,nan,0.2,nan,nan,nan,nan,nan,nan,nan,nan,nan,nan
24-Mar-25 12:16:21 PM AEST,nan,nan,nan,14.80,nan,nan,nan,nan,nan,nan,nan,nan
24-Mar-25 12:16:26 PM AEST,nan,nan,nan,nan,nan,nan,51.10,nan,nan,nan,nan,nan
24-Mar-25 12:16:30 PM AEST,14.8,nan,nan,nan,nan,nan,nan,nan,nan,nan,nan,nan
24-Mar-25 12:17:15 PM AEST,nan,nan,nan,nan,nan,nan,nan,5.11,nan,nan,nan,nan
24-Mar-25 12:17:54 PM AEST,nan,14.8,nan,nan,nan,nan,nan,nan,nan,nan,nan,nan
24-Mar-25 12:17:56 PM AEST,nan,nan,nan,nan,nan,nan,nan,nan,nan,nan,nan,112.30
24-Mar-25 12:18:50 PM AEST,nan,nan,nan,6552.80,nan,nan,nan,nan,nan,nan,nan,nan
24-Mar-25 12:19:00 PM AEST,72.2,nan,nan,nan,nan,nan,nan,nan,nan,nan,nan,nan
24-Mar-25 12:19:40 PM AEST,nan,nan,nan,nan,nan,nan,nan,11.23,nan,nan,nan,nan
24-Mar-25 12:20:00 PM AEST,nan,nan,1.4,nan,0.90,0.01,0.00,nan,8.30,8.30,0.90,nan
24-Mar-25 12:20:20 PM AEST,nan,0.0,nan,nan,nan,nan,nan,nan,nan,nan,nan,nan
24-Mar-25 12:20:25 PM AEST,nan,nan,nan,nan,nan,nan,nan,nan,nan,nan,nan,1.00
24-Mar-25 12:22:30 PM AEST,nan,nan,93.3,nan,0.60,3.41,nan,nan,nan,nan,14.20,nan
24-Mar-25 12:22:31 PM AEST,nan,nan,nan,nan,nan,nan,nan,nan,nan,84.70,nan,nan
24-Mar-25 12:22:35 PM AEST,nan,nan,nan,nan,nan,nan,nan,nan,317.80,nan,nan,nan
24-Mar-25 12:26:00 PM AEST,24.0,97.5,nan,0.20,nan,nan,125.20,12.52,nan,nan,nan,0.00
24-Mar-25 12:28:00 PM AEST,nan,nan,nan,nan,72.20,nan,nan,nan,0.00,0.00,0.00,nan
24-Mar-25 12:28:25 PM AEST,nan,nan,nan,nan,nan,nan,nan,5.11,nan,nan,nan,nan
24-Mar-25 12:28:26 PM AEST,nan,14.8,nan,nan,nan,nan,51.10,nan,nan,nan,nan,nan
24-Mar-25 12:28:29 PM AEST,nan,nan,nan,14.80,nan,nan,nan,nan,nan,nan,nan,112.30
24-Mar-25 12:28:30 PM AEST,14.8,nan,nan,nan,nan,nan,nan,nan,nan,nan,nan,nan
24-Mar-25 12:30:00 PM AEST,nan,nan,23.6,nan,nan,0.24,nan,nan,nan,nan,nan,nan
24-Mar-25 12:30:30 PM AEST,nan,nan,nan,nan,1.00,nan,nan,nan,nan,nan,1.00,nan
24-Mar-25 12:30:31 PM AEST,nan,nan,nan,nan,nan,nan,nan,nan,nan,1.00,nan,nan
24-Mar-25 12:30:35 PM AEST,nan,nan,nan,nan,nan,nan,nan,nan,6552.80,nan,nan,nan
24-Mar-25 12:30:50 PM AEST,nan,nan,nan,nan,nan,nan,nan,11.23,nan,nan,nan,nan
24-Mar-25 12:30:52 PM AEST,nan,0.0,nan,nan,nan,nan,0.00,nan,nan,nan,nan,nan
24-Mar-25 12:30:58 PM AEST,nan,nan,nan,0.00,nan,nan,nan,nan,nan,nan,nan,72.20
24-Mar-25 12:31:00 PM AEST,0.0,nan,nan,nan,nan,nan,nan,nan,nan,nan,nan,nan
24-Mar-25 12:32:30 PM AEST,nan,nan,93.3,nan,nan,3.41,nan,nan,nan,nan,nan,nan
24-Mar-25 12:32:30 PM AEST,nan,nan,23.6,nan,nan,65.53,nan,nan,nan,nan,nan,nan
24-Mar-25 12:33:00 PM AEST,nan,nan,nan,nan,0.60,nan,nan,nan,nan,nan,14.20,nan
24-Mar-25 12:33:00 PM AEST,nan,nan,nan,nan,72.20,nan,nan,nan,nan,nan,0.00,nan
24-Mar-25 12:33:02 PM AEST,nan,nan,nan,nan,nan,nan,nan,nan,nan,84.70,nan,nan
24-Mar-25 12:33:02 PM AEST,nan,nan,nan,nan,nan,nan,nan,nan,nan,0.00,nan,nan
24-Mar-25 12:33:10 PM AEST,nan,nan,nan,nan,nan,nan,nan,nan,317.80,nan,nan,nan
24-Mar-25 12:33:10 PM AEST,nan,nan,nan,nan,nan,nan,nan,nan,0.00,nan,nan,nan
24-Mar-25 12:33:15 PM AEST,nan,nan,nan,nan,nan,nan,nan,0.00,nan,nan,nan,nan
24-Mar-25 12:33:18 PM AEST,nan,97.5,nan,nan,nan,nan,125.20,nan,nan,nan,nan,nan
24-Mar-25 12:33:27 PM AEST,nan,nan,nan,6552.80,nan,nan,nan,nan,nan,nan,nan,1.00
24-Mar-25 12:33:27 PM AEST,nan,nan,nan,0.20,nan,nan,nan,nan,nan,nan,nan,0.00
24-Mar-25 12:33:30 PM AEST,72.2,nan,nan,nan,nan,nan,nan,nan,nan,nan,nan,nan
24-Mar-25 12:33:30 PM AEST,24.0,nan,nan,nan,nan,nan,nan,nan,nan,nan,nan,nan
24-Mar-25 12:35:00 PM AEST,nan,nan,93.3,nan,nan,3.41,nan,nan,nan,nan,nan,nan
24-Mar-25 12:35:30 PM AEST,nan,nan,nan,nan,0.60,nan,nan,nan,nan,nan,14.20,nan
24-Mar-25 12:35:33 PM AEST,nan,nan,nan,nan,nan,nan,nan,nan,nan,84.70,nan,nan
24-Mar-25 12:35:40 PM AEST,nan,nan,nan,nan,nan,nan,nan,9.75,nan,nan,nan,nan
24-Mar-25 12:35:44 PM AEST,nan,24.0,nan,nan,nan,nan,24.00,nan,nan,nan,nan,nan
24-Mar-25 12:35:45 PM AEST,nan,nan,nan,nan,nan,nan,nan,nan,317.80,nan,nan,nan
24-Mar-25 12:35:56 PM AEST,nan,nan,nan,nan,nan,nan,nan,nan,nan,nan,nan,1.00
24-Mar-25 12:37:30 PM AEST,nan,nan,nan,nan,nan,65.53,nan,nan,nan,nan,nan,nan
24-Mar-25 12:38:00 PM AEST,nan,nan,nan,nan,72.20,nan,nan,nan,nan,nan,0.00,nan
24-Mar-25 12:38:04 PM AEST,nan,nan,nan,nan,nan,nan,nan,nan,nan,0.00,nan,nan
24-Mar-25 12:38:05 PM AEST,nan,nan,nan,nan,nan,nan,nan,0.00,nan,nan,nan,nan
24-Mar-25 12:38:10 PM AEST,nan,97.5,nan,nan,nan,nan,125.20,nan,nan,nan,nan,nan
24-Mar-25 12:38:20 PM AEST,nan,nan,nan,nan,nan,nan,nan,nan,0.00,nan,nan,nan
24-Mar-25 12:38:20 PM AEST,nan,nan,nan,nan,nan,nan,nan,nan,317.80,nan,nan,nan
24-Mar-25 12:38:25 PM AEST,nan,nan,nan,nan,nan,nan,nan,nan,nan,nan,nan,0.00
24-Mar-25 12:40:00 PM AEST,0.0,nan,nan,0.00,nan,3.41,nan,nan,nan,nan,nan,nan
24-Mar-25 12:40:30 PM AEST,nan,nan,nan,nan,0.60,nan,nan,2.40,nan,nan,14.20,nan
24-Mar-25 12:40:35 PM AEST,nan,nan,nan,nan,nan,nan,nan,nan,nan,84.70,nan,nan
24-Mar-25 12:40:36 PM AEST,nan,0.2,nan,nan,nan,nan,0.20,nan,nan,nan,nan,nan
24-Mar-25 12:40:55 PM AEST,nan,nan,nan,nan,nan,nan,nan,nan,6552.80,nan,nan,nan
24-Mar-25 12:42:00 PM AEST,nan,nan,23.6,nan,nan,nan,nan,nan,nan,nan,nan,nan
24-Mar-25 12:42:30 PM AEST,nan,nan,nan,nan,nan,0.01,nan,nan,nan,nan,nan,nan
24-Mar-25 12:42:55 PM AEST,nan,nan,nan,nan,nan,nan,nan,11.23,nan,nan,nan,nan
24-Mar-25 12:43:00 PM AEST,nan,nan,nan,nan,1.00,nan,nan,nan,nan,nan,6552.80,nan
24-Mar-25 12:43:02 PM AEST,nan,0.0,nan,nan,nan,nan,0.00,nan,nan,nan,nan,nan
24-Mar-25 12:43:06 PM AEST,nan,nan,nan,nan,nan,nan,nan,nan,nan,6552.80,nan,nan
24-Mar-25 12:43:30 PM AEST,nan,nan,nan,nan,nan,nan,nan,nan,317.80,nan,nan,nan
24-Mar-25 12:44:30 PM AEST,nan,nan,93.3,nan,nan,nan,nan,nan,nan,nan,nan,nan
24-Mar-25 12:45:00 PM AEST,nan,nan,nan,nan,nan,3.41,nan,nan,nan,nan,nan,nan
24-Mar-25 12:45:30 PM AEST,nan,nan,nan,nan,0.60,nan,nan,nan,nan,nan,14.20,nan
24-Mar-25 12:45:37 PM AEST,nan,nan,nan,nan,nan,nan,nan,nan,nan,84.70,nan,nan
24-Mar-25 12:46:00 PM AEST,72.2,nan,nan,6552.80,nan,nan,nan,nan,nan,nan,nan,1.00
24-Mar-25 12:47:00 PM AEST,nan,nan,23.6,nan,nan,nan,nan,nan,nan,nan,nan,nan
24-Mar-25 12:47:30 PM AEST,nan,nan,nan,nan,nan,65.53,nan,nan,nan,nan,nan,nan
24-Mar-25 12:48:00 PM AEST,nan,nan,nan,nan,72.20,nan,nan,0.00,0.00,nan,0.00,nan
24-Mar-25 12:48:00 PM AEST,nan,nan,nan,nan,72.20,nan,nan,0.02,0.00,nan,0.00,nan
24-Mar-25 12:48:08 PM AEST,nan,nan,nan,nan,nan,nan,nan,nan,nan,0.00,nan,nan
24-Mar-25 12:48:29 PM AEST,nan,nan,nan,13.80,nan,nan,nan,nan,nan,nan,nan,13.80
24-Mar-25 12:48:30 PM AEST,0.0,nan,nan,nan,nan,nan,nan,nan,nan,nan,nan,nan
24-Mar-25 12:49:30 PM AEST,nan,nan,93.3,nan,nan,nan,nan,nan,nan,nan,nan,nan
24-Mar-25 12:50:00 PM AEST,nan,nan,nan,nan,nan,3.41,nan,nan,nan,nan,nan,nan
24-Mar-25 12:50:25 PM AEST,nan,nan,nan,nan,nan,nan,nan,11.23,nan,nan,nan,nan
24-Mar-25 12:50:30 PM AEST,nan,nan,nan,nan,0.60,nan,nan,nan,nan,nan,14.20,nan
24-Mar-25 12:50:35 PM AEST,nan,nan,nan,nan,nan,nan,nan,nan,317.80,nan,nan,nan
24-Mar-25 12:50:39 PM AEST,nan,nan,nan,nan,nan,nan,nan,nan,nan,84.70,nan,nan
24-Mar-25 12:50:58 PM AEST,nan,nan,nan,6552.80,nan,nan,nan,nan,nan,nan,nan,1.00
24-Mar-25 12:51:00 PM AEST,72.2,nan,nan,nan,nan,nan,nan,nan,nan,nan,nan,nan
24-Mar-25 12:52:00 PM AEST,nan,nan,0.6,nan,nan,nan,nan,nan,nan,nan,nan,nan
24-Mar-25 12:52:30 PM AEST,nan,nan,nan,nan,nan,0.14,nan,nan,nan,nan,nan,nan
24-Mar-25 12:53:00 PM AEST,nan,nan,nan,nan,14.20,nan,nan,nan,nan,nan,nan,nan
24-Mar-25 12:54:30 PM AEST,nan,nan,93.3,nan,nan,nan,nan,nan,nan,nan,nan,nan
24-Mar-25 12:55:00 PM AEST,nan,nan,nan,nan,nan,3.41,nan,nan,nan,nan,nan,nan
24-Mar-25 12:55:30 PM AEST,nan,nan,nan,nan,0.60,nan,nan,nan,nan,nan,nan,nan
24-Mar-25 12:56:00 PM AEST,nan,nan,nan,nan,nan,nan,nan,0.00,nan,nan,nan,nan
24-Mar-25 12:58:25 PM AEST,nan,nan,nan,nan,nan,nan,nan,11.23,nan,nan,nan,nan
24-Mar-25 1:00:00 PM AEST,nan,nan,nan,0.20,nan,nan,nan,nan,nan,nan,nan,0.00
24-Mar-25 1:00:50 PM AEST,nan,nan,nan,nan,nan,nan,nan,2.40,nan,nan,nan,nan
24-Mar-25 1:02:00 PM AEST,0.2,0.2,23.6,nan,72.20,65.53,24.00,nan,0.00,0.00,0.00,nan
24-Mar-25 1:02:00 PM AEST,24.0,97.5,23.6,nan,72.20,65.53,125.20,nan,0.00,0.00,0.00,nan
24-Mar-25 1:03:15 PM AEST,nan,nan,nan,nan,nan,nan,nan,12.52,nan,nan,nan,nan
24-Mar-25 1:04:30 PM AEST,nan,nan,93.3,nan,0.60,3.41,nan,nan,nan,nan,14.20,nan
24-Mar-25 1:04:30 PM AEST,nan,nan,341.4,nan,0.60,0.01,nan,nan,nan,nan,14.20,nan
24-Mar-25 1:04:31 PM AEST,nan,nan,nan,nan,nan,nan,nan,nan,nan,84.70,nan,nan
24-Mar-25 1:04:35 PM AEST,nan,nan,nan,nan,nan,nan,nan,nan,317.80,nan,nan,nan
24-Mar-25 1:05:40 PM AEST,nan,nan,nan,nan,nan,nan,nan,0.00,nan,nan,nan,nan
24-Mar-25 1:05:40 PM AEST,nan,nan,nan,nan,nan,nan,nan,11.23,nan,nan,nan,nan
24-Mar-25 1:06:00 PM AEST,72.2,0.0,nan,6552.80,nan,nan,0.00,nan,nan,nan,nan,1.00
24-Mar-25 1:07:00 PM AEST,nan,nan,8.3,nan,23.60,0.24,nan,nan,nan,nan,23.60,nan
24-Mar-25 1:07:02 PM AEST,nan,nan,nan,nan,nan,nan,nan,nan,nan,1.00,nan,nan
24-Mar-25 1:07:10 PM AEST,nan,nan,nan,nan,nan,nan,nan,nan,1.00,nan,nan,nan
24-Mar-25 1:08:29 PM AEST,nan,nan,nan,72.20,nan,nan,nan,nan,nan,nan,nan,72.20
24-Mar-25 1:09:30 PM AEST,nan,nan,0.6,nan,14.20,0.14,nan,nan,nan,nan,14.20,nan
24-Mar-25 1:09:33 PM AEST,nan,nan,nan,nan,nan,nan,nan,nan,nan,84.70,nan,nan
24-Mar-25 1:09:45 PM AEST,nan,nan,nan,nan,nan,nan,nan,nan,317.80,nan,nan,nan
24-Mar-25 1:10:58 PM AEST,nan,nan,nan,6552.80,nan,nan,nan,nan,nan,nan,nan,1.00
24-Mar-25 1:12:00 PM AEST,nan,nan,93.3,nan,0.60,3.41,nan,nan,nan,nan,nan,nan
24-Mar-25 1:14:30 PM AEST,nan,nan,23.6,nan,72.20,65.53,nan,nan,nan,nan,nan,nan
24-Mar-25 1:16:00 PM AEST,24.0,97.5,nan,0.20,nan,nan,125.20,0.00,0.00,0.00,0.00,0.00
24-Mar-25 1:16:00 PM AEST,24.0,97.5,nan,0.20,nan,nan,125.20,0.00,0.00,84.70,14.20,0.00
24-Mar-25 1:17:00 PM AEST,nan,nan,93.3,nan,0.60,3.41,nan,nan,nan,nan,nan,nan
24-Mar-25 1:18:26 PM AEST,nan,13.8,nan,nan,nan,nan,13.80,nan,nan,nan,nan,nan
24-Mar-25 1:18:29 PM AEST,nan,nan,nan,51.10,nan,nan,nan,nan,nan,nan,nan,51.10
24-Mar-25 1:18:30 PM AEST,51.1,nan,nan,nan,nan,nan,nan,nan,nan,nan,nan,nan
24-Mar-25 1:18:35 PM AEST,nan,nan,nan,nan,nan,nan,nan,nan,317.80,nan,nan,nan
24-Mar-25 1:20:00 PM AEST,nan,nan,nan,nan,nan,nan,nan,11.23,nan,nan,nan,nan
24-Mar-25 1:20:52 PM AEST,nan,0.0,nan,nan,nan,nan,0.00,nan,nan,nan,nan,nan
24-Mar-25 1:20:52 PM AEST,nan,97.5,nan,nan,nan,nan,125.20,nan,nan,nan,nan,nan
24-Mar-25 1:20:58 PM AEST,nan,nan,nan,6552.80,nan,nan,nan,nan,nan,nan,nan,1.00
24-Mar-25 1:20:58 PM AEST,nan,nan,nan,0.20,nan,nan,nan,nan,nan,nan,nan,0.00
24-Mar-25 1:21:00 PM AEST,72.2,nan,nan,nan,nan,nan,nan,nan,nan,nan,nan,nan
24-Mar-25 1:21:00 PM AEST,24.0,nan,nan,nan,nan,nan,nan,nan,nan,nan,nan,nan
24-Mar-25 1:21:10 PM AEST,nan,nan,nan,nan,nan,nan,nan,nan,0.00,nan,nan,nan
24-Mar-25 1:22:00 PM AEST,nan,nan,23.6,nan,72.20,65.53,nan,nan,nan,0.00,0.00,nan
24-Mar-25 1:22:00 PM AEST,nan,nan,93.3,nan,0.60,3.41,nan,nan,nan,84.70,14.20,nan
24-Mar-25 1:22:25 PM AEST,nan,nan,nan,nan,nan,nan,nan,0.00,nan,nan,nan,nan
24-Mar-25 1:23:27 PM AEST,nan,nan,nan,6552.80,nan,nan,nan,nan,nan,nan,nan,1.00
24-Mar-25 1:23:45 PM AEST,nan,nan,nan,nan,nan,nan,nan,nan,317.80,nan,nan,nan
24-Mar-25 1:24:30 PM AEST,nan,nan,98.2,nan,72.20,65.53,nan,nan,nan,nan,0.00,nan
24-Mar-25 1:24:30 PM AEST,nan,nan,23.6,nan,72.20,65.53,nan,nan,nan,nan,0.00,nan
24-Mar-25 1:24:31 PM AEST,nan,nan,nan,nan,nan,nan,nan,nan,nan,0.00,nan,nan
24-Mar-25 1:24:50 PM AEST,nan,nan,nan,nan,nan,nan,nan,11.23,nan,nan,nan,nan
24-Mar-25 1:24:50 PM AEST,nan,nan,nan,nan,nan,nan,nan,2.40,nan,nan,nan,nan
24-Mar-25 1:25:56 PM AEST,nan,nan,nan,0.20,nan,nan,nan,nan,nan,nan,nan,0.00
24-Mar-25 1:26:00 PM AEST,72.2,0.0,nan,nan,nan,nan,0.00,nan,nan,nan,nan,nan
24-Mar-25 1:26:00 PM AEST,0.2,0.2,nan,nan,nan,nan,24.00,nan,nan,nan,nan,nan
24-Mar-25 1:26:20 PM AEST,nan,nan,nan,nan,nan,nan,nan,nan,0.00,nan,nan,nan
24-Mar-25 1:27:00 PM AEST,nan,nan,nan,nan,nan,nan,nan,nan,nan,nan,72.20,nan
24-Mar-25 1:27:02 PM AEST,nan,nan,nan,nan,nan,nan,nan,nan,nan,72.20,nan,nan
24-Mar-25 1:28:00 PM AEST,nan,nan,nan,nan,nan,nan,nan,11.23,nan,nan,nan,nan
24-Mar-25 1:28:25 PM AEST,nan,nan,nan,0.00,nan,nan,nan,nan,nan,nan,nan,nan
24-Mar-25 1:28:26 PM AEST,nan,0.0,nan,nan,nan,nan,112.30,nan,nan,nan,nan,nan
24-Mar-25 1:28:30 PM AEST,0.0,nan,nan,nan,nan,nan,nan,nan,nan,nan,nan,nan
24-Mar-25 1:29:30 PM AEST,nan,nan,nan,nan,nan,nan,nan,nan,nan,nan,14.20,nan
24-Mar-25 1:29:33 PM AEST,nan,nan,nan,nan,nan,nan,nan,nan,nan,84.70,nan,nan
24-Mar-25 1:30:00 PM AEST,nan,nan,93.3,nan,0.60,3.41,nan,nan,317.80,nan,nan,nan
24-Mar-25 1:30:52 PM AEST,nan,nan,nan,nan,nan,nan,0.00,nan,nan,nan,nan,nan
24-Mar-25 1:30:54 PM AEST,nan,nan,nan,6552.80,nan,nan,nan,nan,nan,nan,nan,nan
24-Mar-25 1:31:00 PM AEST,72.2,nan,nan,nan,nan,nan,nan,nan,nan,nan,nan,nan
24-Mar-25 1:32:00 PM AEST,nan,nan,nan,nan,nan,nan,nan,nan,nan,nan,nan,1.00
24-Mar-25 1:36:00 PM AEST,24.0,97.5,nan,0.20,nan,nan,125.20,0.00,nan,nan,nan,0.00
24-Mar-25 1:38:26 PM AEST,nan,0.0,nan,nan,nan,nan,nan,nan,nan,nan,nan,nan
24-Mar-25 1:38:29 PM AEST,nan,nan,nan,6552.80,nan,nan,nan,nan,nan,nan,nan,1.00
24-Mar-25 1:38:30 PM AEST,72.2,nan,nan,nan,nan,nan,nan,nan,nan,nan,nan,nan
24-Mar-25 1:40:00 PM AEST,nan,nan,nan,nan,nan,nan,51.10,1.38,0.00,nan,nan,nan
24-Mar-25 1:40:52 PM AEST,nan,51.1,nan,nan,nan,nan,nan,nan,nan,nan,nan,nan
24-Mar-25 1:40:58 PM AEST,nan,nan,nan,14.80,nan,nan,nan,nan,nan,nan,nan,14.80
24-Mar-25 1:41:00 PM AEST,51.1,nan,nan,nan,nan,nan,nan,nan,nan,nan,nan,nan
24-Mar-25 1:42:00 PM AEST,nan,nan,0.9,nan,8.30,0.01,nan,nan,nan,8.30,8.30,nan
24-Mar-25 1:42:25 PM AEST,nan,nan,nan,nan,nan,nan,nan,11.23,nan,nan,nan,nan
24-Mar-25 1:42:26 PM AEST,nan,nan,nan,nan,nan,nan,0.00,nan,nan,nan,nan,nan
24-Mar-25 1:42:35 PM AEST,nan,nan,nan,nan,nan,nan,nan,nan,23.60,nan,nan,nan
24-Mar-25 1:43:18 PM AEST,nan,0.0,nan,nan,nan,nan,nan,nan,nan,nan,nan,nan
24-Mar-25 1:43:27 PM AEST,nan,nan,nan,6552.80,nan,nan,nan,nan,nan,nan,nan,1.00
24-Mar-25 1:43:30 PM AEST,72.2,nan,nan,nan,nan,nan,nan,nan,nan,nan,nan,nan
24-Mar-25 1:44:30 PM AEST,nan,nan,93.3,nan,0.60,3.41,nan,nan,nan,nan,14.20,nan
24-Mar-25 1:44:31 PM AEST,nan,nan,nan,nan,nan,nan,nan,nan,nan,84.70,nan,nan
24-Mar-25 1:45:10 PM AEST,nan,nan,nan,nan,nan,nan,nan,nan,317.80,nan,nan,nan
24-Mar-25 1:48:00 PM AEST,nan,97.5,nan,nan,nan,nan,125.20,0.00,nan,nan,nan,nan
24-Mar-25 1:50:00 PM AEST,13.8,nan,nan,13.80,nan,nan,nan,nan,0.00,nan,nan,51.10
24-Mar-25 1:50:26 PM AEST,nan,13.8,nan,nan,nan,nan,0.00,nan,nan,nan,nan,nan
24-Mar-25 1:52:29 PM AEST,nan,nan,nan,6552.80,nan,nan,nan,nan,nan,nan,nan,1.00
24-Mar-25 1:52:30 PM AEST,72.2,nan,nan,nan,nan,nan,nan,nan,nan,nan,nan,nan
24-Mar-25 1:52:35 PM AEST,nan,nan,nan,nan,nan,nan,nan,nan,317.80,nan,nan,nan
24-Mar-25 1:52:52 PM AEST,nan,0.0,nan,nan,nan,nan,nan,nan,nan,nan,nan,nan
24-Mar-25 1:54:00 PM AEST,nan,nan,nan,nan,nan,nan,nan,11.23,nan,nan,nan,nan
24-Mar-25 1:56:00 PM AEST,nan,nan,0.6,nan,14.20,0.14,nan,nan,nan,nan,nan,nan
24-Mar-25 1:58:00 PM AEST,nan,nan,nan,nan,nan,nan,nan,0.00,nan,nan,nan,nan
24-Mar-25 1:58:30 PM AEST,nan,nan,93.3,nan,0.60,3.41,nan,nan,nan,nan,nan,nan
24-Mar-25 2:01:00 PM AEST,nan,nan,8.3,nan,23.60,0.24,nan,nan,nan,nan,nan,nan
24-Mar-25 2:02:00 PM AEST,nan,nan,nan,72.20,nan,nan,nan,11.23,1.00,1.00,23.60,72.20
24-Mar-25 2:02:00 PM AEST,nan,nan,nan,112.30,nan,nan,nan,11.23,0.00,0.00,0.00,112.30
24-Mar-25 2:03:30 PM AEST,nan,nan,23.6,nan,72.20,65.53,nan,nan,nan,nan,nan,nan
24-Mar-25 2:04:00 PM AEST,112.3,14.8,nan,nan,nan,nan,14.80,nan,nan,nan,nan,nan
24-Mar-25 2:04:00 PM AEST,24.0,97.5,nan,nan,nan,nan,125.20,nan,nan,nan,nan,nan
24-Mar-25 2:04:00 PM AEST,51.1,97.5,nan,nan,nan,nan,125.20,nan,nan,nan,nan,nan
24-Mar-25 2:04:25 PM AEST,nan,nan,nan,nan,nan,nan,nan,5.11,nan,nan,nan,nan
24-Mar-25 2:04:25 PM AEST,nan,nan,nan,nan,nan,nan,nan,0.00,nan,nan,nan,nan
24-Mar-25 2:04:25 PM AEST,nan,nan,nan,nan,nan,nan,nan,1.38,nan,nan,nan,nan
24-Mar-25 2:04:29 PM AEST,nan,nan,nan,0.20,nan,nan,nan,nan,nan,nan,nan,0.00
24-Mar-25 2:04:29 PM AEST,nan,nan,nan,14.80,nan,nan,nan,nan,nan,nan,nan,14.80
24-Mar-25 2:06:00 PM AEST,nan,nan,93.3,nan,nan,nan,nan,nan,nan,nan,nan,nan
24-Mar-25 2:06:26 PM AEST,nan,51.1,nan,nan,nan,nan,51.10,nan,nan,nan,nan,nan
24-Mar-25 2:06:58 PM AEST,nan,nan,nan,6552.80,nan,nan,nan,nan,nan,nan,nan,1.00
24-Mar-25 2:08:00 PM AEST,72.2,nan,nan,nan,0.60,3.41,nan,11.23,317.80,84.70,14.20,nan
24-Mar-25 2:08:00 PM AEST,24.0,nan,nan,nan,72.20,65.53,nan,11.23,0.00,0.00,0.00,nan
24-Mar-25 2:08:30 PM AEST,nan,nan,23.6,nan,nan,nan,nan,nan,nan,nan,nan,nan
24-Mar-25 2:08:52 PM AEST,nan,0.0,nan,nan,nan,nan,0.00,nan,nan,nan,nan,nan
24-Mar-25 2:08:52 PM AEST,nan,97.5,nan,nan,nan,nan,97.50,nan,nan,nan,nan,nan
24-Mar-25 2:09:27 PM AEST,nan,nan,nan,0.20,nan,nan,nan,nan,nan,nan,nan,0.00
24-Mar-25 2:10:25 PM AEST,nan,nan,nan,nan,nan,nan,nan,12.52,nan,nan,nan,nan
24-Mar-25 2:10:30 PM AEST,112.3,nan,nan,nan,nan,nan,nan,nan,nan,nan,nan,nan
24-Mar-25 2:11:00 PM AEST,nan,nan,93.3,nan,nan,nan,nan,nan,nan,nan,nan,nan
24-Mar-25 2:11:18 PM AEST,nan,112.3,nan,nan,nan,nan,112.30,nan,nan,nan,nan,nan
24-Mar-25 2:11:56 PM AEST,nan,nan,nan,0.00,nan,nan,nan,nan,nan,nan,nan,nan
24-Mar-25 2:12:50 PM AEST,nan,nan,nan,nan,nan,nan,nan,1.48,nan,nan,nan,nan
24-Mar-25 2:13:00 PM AEST,72.2,nan,nan,nan,nan,nan,nan,nan,nan,nan,nan,nan
24-Mar-25 2:13:44 PM AEST,nan,0.0,nan,nan,nan,nan,0.00,nan,nan,nan,nan,nan
24-Mar-25 2:14:00 PM AEST,nan,nan,nan,nan,0.60,3.41,nan,nan,317.80,84.70,14.20,1.00
24-Mar-25 2:14:25 PM AEST,nan,nan,nan,6552.80,nan,nan,nan,nan,nan,nan,nan,nan
24-Mar-25 2:15:15 PM AEST,nan,nan,nan,nan,nan,nan,nan,11.23,nan,nan,nan,nan
24-Mar-25 2:16:29 PM AEST,nan,nan,nan,nan,nan,nan,nan,nan,nan,nan,nan,14.80
24-Mar-25 2:16:30 PM AEST,nan,nan,nan,nan,72.20,65.53,nan,nan,nan,nan,0.00,nan
24-Mar-25 2:16:31 PM AEST,nan,nan,nan,nan,nan,nan,nan,nan,nan,0.00,nan,nan
24-Mar-25 2:16:35 PM AEST,nan,nan,nan,nan,nan,nan,nan,nan,0.00,nan,nan,nan
24-Mar-25 2:16:54 PM AEST,nan,nan,nan,14.80,nan,nan,nan,nan,nan,nan,nan,nan
24-Mar-25 2:17:40 PM AEST,nan,nan,nan,nan,nan,nan,nan,1.38,nan,nan,nan,nan
24-Mar-25 2:18:00 PM AEST,51.1,51.1,23.6,nan,nan,nan,51.10,nan,nan,nan,nan,nan
24-Mar-25 2:18:58 PM AEST,nan,nan,nan,nan,nan,nan,nan,nan,nan,nan,nan,1.00
24-Mar-25 2:19:00 PM AEST,nan,nan,nan,nan,0.60,3.41,nan,nan,nan,nan,14.20,nan
24-Mar-25 2:19:02 PM AEST,nan,nan,nan,nan,nan,nan,nan,nan,nan,84.70,nan,nan
24-Mar-25 2:19:10 PM AEST,nan,nan,nan,nan,nan,nan,nan,nan,317.80,nan,nan,nan
24-Mar-25 2:19:23 PM AEST,nan,nan,nan,6552.80,nan,nan,nan,nan,nan,nan,nan,nan
24-Mar-25 2:20:05 PM AEST,nan,nan,nan,nan,nan,nan,nan,11.23,nan,nan,nan,nan
24-Mar-25 2:20:26 PM AEST,nan,0.0,nan,nan,nan,nan,0.00,nan,nan,nan,nan,nan
24-Mar-25 2:20:26 PM AEST,nan,97.5,nan,nan,nan,nan,125.20,nan,nan,nan,nan,nan
24-Mar-25 2:20:30 PM AEST,72.2,nan,93.3,nan,nan,nan,nan,nan,nan,nan,nan,nan
24-Mar-25 2:20:30 PM AEST,24.0,nan,23.6,nan,nan,nan,nan,nan,nan,nan,nan,nan
24-Mar-25 2:21:27 PM AEST,nan,nan,nan,nan,nan,nan,nan,nan,nan,nan,nan,0.00
24-Mar-25 2:21:27 PM AEST,nan,nan,nan,nan,nan,nan,nan,nan,nan,nan,nan,14.80
24-Mar-25 2:21:30 PM AEST,nan,nan,nan,nan,72.20,65.53,nan,nan,nan,nan,0.00,nan
24-Mar-25 2:21:33 PM AEST,nan,nan,nan,nan,nan,nan,nan,nan,nan,0.00,nan,nan
24-Mar-25 2:21:45 PM AEST,nan,nan,nan,nan,nan,nan,nan,nan,0.00,nan,nan,nan
24-Mar-25 2:21:52 PM AEST,nan,nan,nan,0.20,nan,nan,nan,nan,nan,nan,nan,nan
24-Mar-25 2:21:52 PM AEST,nan,nan,nan,14.80,nan,nan,nan,nan,nan,nan,nan,nan
24-Mar-25 2:22:30 PM AEST,nan,nan,nan,nan,nan,nan,nan,0.00,nan,nan,nan,nan
24-Mar-25 2:22:30 PM AEST,nan,nan,nan,nan,nan,nan,nan,1.38,nan,nan,nan,nan
24-Mar-25 2:22:52 PM AEST,nan,51.1,nan,nan,nan,nan,51.10,nan,nan,nan,nan,nan
24-Mar-25 2:23:00 PM AEST,51.1,nan,93.3,nan,nan,nan,nan,nan,nan,nan,nan,nan
24-Mar-25 2:23:56 PM AEST,nan,nan,nan,nan,nan,nan,nan,nan,nan,nan,nan,1.00
24-Mar-25 2:24:00 PM AEST,nan,nan,nan,nan,0.60,3.41,nan,nan,nan,nan,14.20,nan
24-Mar-25 2:24:04 PM AEST,nan,nan,nan,nan,nan,nan,nan,nan,nan,84.70,nan,nan
24-Mar-25 2:24:20 PM AEST,nan,nan,nan,nan,nan,nan,nan,nan,317.80,nan,nan,nan
24-Mar-25 2:24:20 PM AEST,nan,nan,nan,nan,nan,nan,nan,nan,0.00,nan,nan,nan
24-Mar-25 2:24:21 PM AEST,nan,nan,nan,6552.80,nan,nan,nan,nan,nan,nan,nan,nan
24-Mar-25 2:24:21 PM AEST,nan,nan,nan,0.20,nan,nan,nan,nan,nan,nan,nan,nan
24-Mar-25 2:24:55 PM AEST,nan,nan,nan,nan,nan,nan,nan,11.23,nan,nan,nan,nan
24-Mar-25 2:24:55 PM AEST,nan,nan,nan,nan,nan,nan,nan,0.00,nan,nan,nan,nan
24-Mar-25 2:25:18 PM AEST,nan,0.0,nan,nan,nan,nan,0.00,nan,nan,nan,nan,nan
24-Mar-25 2:25:18 PM AEST,nan,97.5,nan,nan,nan,nan,125.20,nan,nan,nan,nan,nan
24-Mar-25 2:25:30 PM AEST,72.2,nan,23.6,nan,nan,nan,nan,nan,nan,nan,nan,nan
24-Mar-25 2:25:30 PM AEST,24.0,nan,23.6,nan,nan,nan,nan,nan,nan,nan,nan,nan
24-Mar-25 2:26:25 PM AEST,nan,nan,nan,nan,nan,nan,nan,nan,nan,nan,nan,0.00
24-Mar-25 2:26:30 PM AEST,nan,nan,nan,nan,72.20,65.53,nan,nan,nan,nan,0.00,nan
24-Mar-25 2:26:30 PM AEST,nan,nan,nan,nan,0.60,3.41,nan,nan,nan,nan,14.20,nan
24-Mar-25 2:26:35 PM AEST,nan,nan,nan,nan,nan,nan,nan,nan,nan,0.00,nan,nan
24-Mar-25 2:26:35 PM AEST,nan,nan,nan,nan,nan,nan,nan,nan,nan,84.70,nan,nan
24-Mar-25 2:26:55 PM AEST,nan,nan,nan,nan,nan,nan,nan,nan,317.80,nan,nan,nan
24-Mar-25 2:27:20 PM AEST,nan,nan,nan,nan,nan,nan,nan,2.40,nan,nan,nan,nan
24-Mar-25 2:27:44 PM AEST,nan,0.2,nan,nan,nan,nan,24.00,nan,nan,nan,nan,nan
24-Mar-25 2:28:00 PM AEST,0.2,nan,93.3,nan,nan,nan,nan,nan,nan,nan,nan,nan
24-Mar-25 2:29:00 PM AEST,nan,nan,nan,nan,72.20,65.53,nan,nan,nan,nan,0.00,nan
24-Mar-25 2:29:06 PM AEST,nan,nan,nan,nan,nan,nan,nan,nan,nan,0.00,nan,nan
24-Mar-25 2:29:30 PM AEST,nan,nan,nan,nan,nan,nan,nan,nan,0.00,nan,nan,nan
24-Mar-25 2:29:45 PM AEST,nan,nan,nan,nan,nan,nan,nan,0.00,nan,nan,nan,nan
24-Mar-25 2:30:10 PM AEST,nan,97.5,nan,nan,nan,nan,125.20,nan,nan,nan,nan,nan
24-Mar-25 2:30:30 PM AEST,24.0,nan,23.6,nan,nan,nan,nan,nan,nan,nan,nan,nan
24-Mar-25 2:30:30 PM AEST,24.0,nan,93.3,nan,nan,nan,nan,nan,nan,nan,nan,nan
24-Mar-25 2:31:30 PM AEST,nan,nan,nan,nan,0.60,3.41,nan,nan,nan,nan,14.20,nan
24-Mar-25 2:31:37 PM AEST,nan,nan,nan,nan,nan,nan,nan,nan,nan,84.70,nan,nan
24-Mar-25 2:32:05 PM AEST,nan,nan,nan,nan,nan,nan,nan,nan,317.80,nan,nan,nan
24-Mar-25 2:32:10 PM AEST,nan,nan,nan,nan,nan,nan,nan,9.75,nan,nan,nan,nan
24-Mar-25 2:32:36 PM AEST,nan,24.0,nan,nan,nan,nan,24.00,nan,nan,nan,nan,nan
24-Mar-25 2:32:36 PM AEST,nan,97.5,nan,nan,nan,nan,125.20,nan,nan,nan,nan,nan
24-Mar-25 2:34:00 PM AEST,nan,nan,nan,nan,72.20,65.53,nan,nan,nan,nan,0.00,nan
24-Mar-25 2:34:08 PM AEST,nan,nan,nan,nan,nan,nan,nan,nan,nan,0.00,nan,nan
24-Mar-25 2:34:35 PM AEST,nan,nan,nan,nan,nan,nan,nan,0.00,nan,nan,nan,nan
24-Mar-25 2:34:40 PM AEST,nan,nan,nan,nan,nan,nan,nan,nan,0.00,nan,nan,nan
24-Mar-25 2:34:40 PM AEST,nan,nan,nan,nan,nan,nan,nan,nan,317.80,nan,nan,nan
24-Mar-25 2:35:02 PM AEST,nan,0.2,nan,nan,nan,nan,0.20,nan,nan,nan,nan,nan
24-Mar-25 2:36:00 PM AEST,0.0,nan,nan,0.00,nan,nan,nan,nan,nan,nan,nan,nan
24-Mar-25 2:36:30 PM AEST,nan,nan,nan,nan,0.60,3.41,nan,nan,nan,nan,14.20,nan
24-Mar-25 2:36:39 PM AEST,nan,nan,nan,nan,nan,nan,nan,nan,nan,84.70,nan,nan
24-Mar-25 2:37:00 PM AEST,nan,nan,nan,nan,nan,nan,nan,2.40,nan,nan,nan,nan
24-Mar-25 2:37:15 PM AEST,nan,nan,nan,nan,nan,nan,nan,nan,6552.80,nan,nan,nan
24-Mar-25 2:38:00 PM AEST,nan,nan,23.6,nan,nan,nan,nan,nan,nan,nan,nan,72.20
24-Mar-25 2:39:00 PM AEST,nan,nan,nan,nan,1.00,0.24,nan,nan,nan,nan,1.00,nan
24-Mar-25 2:39:00 PM AEST,nan,nan,nan,nan,72.20,65.53,nan,nan,nan,nan,0.00,nan
24-Mar-25 2:39:10 PM AEST,nan,nan,nan,nan,nan,nan,nan,nan,nan,1.00,nan,nan
24-Mar-25 2:39:10 PM AEST,nan,nan,nan,nan,nan,nan,nan,nan,nan,0.00,nan,nan
24-Mar-25 2:39:25 PM AEST,nan,nan,nan,nan,nan,nan,nan,11.23,nan,nan,nan,nan
24-Mar-25 2:39:25 PM AEST,nan,nan,nan,nan,nan,nan,nan,0.00,nan,nan,nan,nan
24-Mar-25 2:39:50 PM AEST,nan,nan,nan,nan,nan,nan,nan,nan,0.00,nan,nan,nan
24-Mar-25 2:40:00 PM AEST,51.1,0.0,nan,51.10,nan,nan,0.00,nan,nan,nan,nan,nan
24-Mar-25 2:40:00 PM AEST,51.1,13.8,nan,51.10,nan,nan,13.80,nan,nan,nan,nan,nan
24-Mar-25 2:40:29 PM AEST,nan,nan,nan,nan,nan,nan,nan,nan,nan,nan,nan,51.10
24-Mar-25 2:42:25 PM AEST,nan,nan,nan,nan,nan,nan,nan,nan,317.80,nan,nan,nan
24-Mar-25 2:42:26 PM AEST,nan,97.5,nan,nan,nan,nan,125.20,nan,nan,nan,nan,nan
24-Mar-25 2:42:29 PM AEST,nan,nan,nan,0.20,nan,nan,nan,nan,nan,nan,nan,nan
24-Mar-25 2:42:29 PM AEST,nan,nan,nan,6552.80,nan,nan,nan,nan,nan,nan,nan,nan
24-Mar-25 2:42:30 PM AEST,24.0,nan,nan,nan,nan,nan,nan,nan,nan,nan,nan,nan
24-Mar-25 2:42:30 PM AEST,72.2,nan,nan,nan,nan,nan,nan,nan,nan,nan,nan,nan
24-Mar-25 2:42:58 PM AEST,nan,nan,nan,nan,nan,nan,nan,nan,nan,nan,nan,0.00
24-Mar-25 2:42:58 PM AEST,nan,nan,nan,nan,nan,nan,nan,nan,nan,nan,nan,1.00
24-Mar-25 2:42:58 PM AEST,nan,nan,nan,nan,nan,nan,nan,nan,nan,nan,nan,0.00
24-Mar-25 2:44:00 PM AEST,nan,nan,93.3,nan,0.60,3.41,nan,11.23,nan,84.70,14.20,nan
24-Mar-25 2:44:00 PM AEST,nan,nan,23.6,nan,72.20,65.53,nan,0.00,nan,0.00,0.00,nan
24-Mar-25 2:44:00 PM AEST,nan,nan,23.6,nan,72.20,65.53,nan,9.75,nan,0.00,0.00,nan
24-Mar-25 2:44:52 PM AEST,nan,0.0,nan,nan,nan,nan,0.00,nan,nan,nan,nan,nan
24-Mar-25 2:44:52 PM AEST,nan,97.5,nan,nan,nan,nan,125.20,nan,nan,nan,nan,nan
24-Mar-25 2:44:52 PM AEST,nan,24.0,nan,nan,nan,nan,24.00,nan,nan,nan,nan,nan
24-Mar-25 2:44:58 PM AEST,nan,nan,nan,0.20,nan,nan,nan,nan,nan,nan,nan,nan
24-Mar-25 2:45:00 PM AEST,24.0,nan,nan,nan,nan,nan,nan,nan,0.00,nan,nan,nan
24-Mar-25 2:46:00 PM AEST,nan,nan,nan,nan,nan,nan,nan,nan,nan,nan,nan,112.30
24-Mar-25 2:46:25 PM AEST,nan,nan,nan,nan,nan,nan,nan,5.11,nan,nan,nan,nan
24-Mar-25 2:46:30 PM AEST,nan,nan,93.3,nan,nan,nan,nan,nan,nan,nan,nan,nan
24-Mar-25 2:47:18 PM AEST,nan,14.8,nan,nan,nan,nan,14.80,nan,nan,nan,nan,nan
24-Mar-25 2:47:27 PM AEST,nan,nan,nan,112.30,nan,nan,nan,nan,nan,nan,nan,nan
24-Mar-25 2:47:30 PM AEST,112.3,nan,nan,nan,nan,nan,nan,nan,nan,nan,nan,nan
24-Mar-25 2:48:29 PM AEST,nan,nan,nan,nan,nan,nan,nan,nan,nan,nan,nan,1.00
24-Mar-25 2:48:50 PM AEST,nan,nan,nan,nan,nan,nan,nan,11.23,nan,nan,nan,nan
24-Mar-25 2:49:44 PM AEST,nan,0.0,nan,nan,nan,nan,0.00,nan,nan,nan,nan,nan
24-Mar-25 2:49:44 PM AEST,nan,0.2,nan,nan,nan,nan,0.20,nan,nan,nan,nan,nan
24-Mar-25 2:49:56 PM AEST,nan,nan,nan,6552.80,nan,nan,nan,nan,nan,nan,nan,nan
24-Mar-25 2:49:56 PM AEST,nan,nan,nan,0.00,nan,nan,nan,nan,nan,nan,nan,nan
24-Mar-25 2:50:00 PM AEST,72.2,nan,23.6,nan,0.60,3.41,nan,nan,317.80,84.70,14.20,nan
24-Mar-25 2:50:00 PM AEST,0.0,nan,23.6,nan,72.20,65.53,nan,nan,0.00,0.00,0.00,nan
24-Mar-25 2:50:58 PM AEST,nan,nan,nan,nan,nan,nan,nan,nan,nan,nan,nan,0.00
24-Mar-25 2:51:15 PM AEST,nan,nan,nan,nan,nan,nan,nan,2.40,nan,nan,nan,nan
24-Mar-25 2:54:00 PM AEST,nan,nan,93.3,nan,nan,3.41,nan,nan,nan,nan,nan,nan
24-Mar-25 2:56:00 PM AEST,72.2,0.0,nan,6552.80,0.60,nan,0.00,11.23,317.80,84.70,14.20,1.00
24-Mar-25 2:56:30 PM AEST,nan,nan,23.6,nan,nan,0.24,nan,nan,nan,nan,nan,nan
24-Mar-25 2:58:29 PM AEST,nan,nan,nan,0.00,nan,nan,nan,nan,nan,nan,nan,72.20
24-Mar-25 2:58:30 PM AEST,0.0,nan,nan,nan,1.00,nan,nan,nan,nan,nan,1.00,nan
24-Mar-25 2:58:31 PM AEST,nan,nan,nan,nan,nan,nan,nan,nan,nan,1.00,nan,nan
24-Mar-25 2:58:35 PM AEST,nan,nan,nan,nan,nan,nan,nan,nan,6552.80,nan,nan,nan
24-Mar-25 2:59:00 PM AEST,nan,nan,14.2,nan,nan,0.85,nan,nan,nan,nan,nan,nan
24-Mar-25 3:00:58 PM AEST,nan,nan,nan,6552.80,nan,nan,nan,nan,nan,nan,nan,1.00
24-Mar-25 3:01:00 PM AEST,72.2,nan,nan,nan,84.70,nan,nan,nan,nan,nan,317.80,nan
24-Mar-25 3:01:02 PM AEST,nan,nan,nan,nan,nan,nan,nan,nan,nan,317.80,nan,nan
24-Mar-25 3:01:10 PM AEST,nan,nan,nan,nan,nan,nan,nan,nan,317.80,nan,nan,nan
24-Mar-25 3:01:30 PM AEST,nan,nan,93.3,nan,nan,3.41,nan,nan,nan,nan,nan,nan
24-Mar-25 3:03:30 PM AEST,nan,nan,nan,nan,0.60,nan,nan,nan,nan,nan,14.20,nan
24-Mar-25 3:03:33 PM AEST,nan,nan,nan,nan,nan,nan,nan,nan,nan,84.70,nan,nan
24-Mar-25 3:06:00 PM AEST,51.1,13.8,nan,51.10,nan,nan,13.80,0.00,nan,nan,nan,51.10
24-Mar-25 3:08:00 PM AEST,nan,nan,0.9,nan,8.30,0.08,nan,nan,23.60,23.60,23.60,nan
24-Mar-25 3:08:25 PM AEST,nan,nan,nan,nan,nan,nan,nan,11.23,nan,nan,nan,nan
24-Mar-25 3:08:26 PM AEST,nan,0.0,nan,nan,nan,nan,0.00,nan,nan,nan,nan,nan
24-Mar-25 3:08:29 PM AEST,nan,nan,nan,6552.80,nan,nan,nan,nan,nan,nan,nan,6552.80
24-Mar-25 3:08:29 PM AEST,nan,nan,nan,13.80,nan,nan,nan,nan,nan,nan,nan,51.10
24-Mar-25 3:08:30 PM AEST,72.2,nan,nan,nan,nan,nan,nan,nan,nan,nan,nan,nan
24-Mar-25 3:08:30 PM AEST,13.8,nan,nan,nan,nan,nan,nan,nan,nan,nan,nan,nan
24-Mar-25 3:10:30 PM AEST,nan,nan,23.6,nan,72.20,65.53,nan,nan,nan,nan,0.00,nan
24-Mar-25 3:10:31 PM AEST,nan,nan,nan,nan,nan,nan,nan,nan,nan,0.00,nan,nan
24-Mar-25 3:10:35 PM AEST,nan,nan,nan,nan,nan,nan,nan,nan,0.00,nan,nan,nan
24-Mar-25 3:10:50 PM AEST,nan,nan,nan,nan,nan,nan,nan,0.00,nan,nan,nan,nan
24-Mar-25 3:10:52 PM AEST,nan,13.8,nan,nan,nan,nan,125.20,nan,nan,nan,nan,nan
24-Mar-25 3:10:52 PM AEST,nan,97.5,nan,nan,nan,nan,125.20,nan,nan,nan,nan,nan
24-Mar-25 3:10:58 PM AEST,nan,nan,nan,0.20,nan,nan,nan,nan,nan,nan,nan,0.00
24-Mar-25 3:11:00 PM AEST,24.0,nan,nan,nan,nan,nan,nan,nan,nan,nan,nan,nan
24-Mar-25 3:13:00 PM AEST,nan,nan,93.3,nan,0.60,3.41,nan,nan,nan,nan,14.20,nan
24-Mar-25 3:13:02 PM AEST,nan,nan,nan,nan,nan,nan,nan,nan,nan,84.70,nan,nan
24-Mar-25 3:13:10 PM AEST,nan,nan,nan,nan,nan,nan,nan,nan,317.80,nan,nan,nan
24-Mar-25 3:13:27 PM AEST,nan,nan,nan,6552.80,nan,nan,nan,nan,nan,nan,nan,1.00
24-Mar-25 3:16:00 PM AEST,72.2,0.0,nan,nan,nan,nan,0.00,11.23,nan,nan,nan,nan
24-Mar-25 3:18:00 PM AEST,nan,nan,nan,0.00,nan,nan,nan,nan,nan,nan,nan,0.00
24-Mar-25 3:18:25 PM AEST,nan,nan,nan,nan,nan,nan,nan,2.40,nan,nan,nan,nan
24-Mar-25 3:18:26 PM AEST,nan,0.2,nan,nan,nan,nan,0.20,nan,nan,nan,nan,nan
24-Mar-25 3:18:30 PM AEST,0.0,nan,nan,nan,nan,nan,nan,nan,nan,nan,nan,nan
24-Mar-25 3:20:00 PM AEST,nan,nan,23.6,nan,72.20,65.53,nan,nan,0.00,0.00,0.00,nan
24-Mar-25 3:20:00 PM AEST,nan,nan,93.3,nan,72.20,65.53,nan,nan,0.00,0.00,0.00,nan
24-Mar-25 3:20:29 PM AEST,nan,nan,nan,0.20,nan,nan,nan,nan,nan,nan,nan,nan
24-Mar-25 3:20:50 PM AEST,nan,nan,nan,nan,nan,nan,nan,0.00,nan,nan,nan,nan
24-Mar-25 3:20:52 PM AEST,nan,97.5,nan,nan,nan,nan,125.20,nan,nan,nan,nan,nan
24-Mar-25 3:21:00 PM AEST,24.0,nan,nan,nan,nan,nan,nan,nan,nan,nan,nan,nan
24-Mar-25 3:22:00 PM AEST,nan,nan,nan,nan,nan,nan,nan,nan,nan,nan,nan,1.00
24-Mar-25 3:22:00 PM AEST,nan,nan,nan,nan,nan,nan,nan,nan,nan,nan,nan,72.20
24-Mar-25 3:22:30 PM AEST,nan,nan,23.6,nan,0.60,3.41,nan,nan,nan,nan,14.20,nan
24-Mar-25 3:22:30 PM AEST,nan,nan,23.6,nan,1.00,0.24,nan,nan,nan,nan,1.00,nan
24-Mar-25 3:22:31 PM AEST,nan,nan,nan,nan,nan,nan,nan,nan,nan,84.70,nan,nan
24-Mar-25 3:22:31 PM AEST,nan,nan,nan,nan,nan,nan,nan,nan,nan,1.00,nan,nan
24-Mar-25 3:22:35 PM AEST,nan,nan,nan,nan,nan,nan,nan,nan,317.80,nan,nan,nan
24-Mar-25 3:22:35 PM AEST,nan,nan,nan,nan,nan,nan,nan,nan,6552.80,nan,nan,nan
24-Mar-25 3:22:58 PM AEST,nan,nan,nan,0.00,nan,nan,nan,nan,nan,nan,nan,nan
24-Mar-25 3:22:58 PM AEST,nan,nan,nan,13.80,nan,nan,nan,nan,nan,nan,nan,nan
24-Mar-25 3:23:15 PM AEST,nan,nan,nan,nan,nan,nan,nan,11.23,nan,nan,nan,nan
24-Mar-25 3:23:18 PM AEST,nan,0.0,nan,nan,nan,nan,0.00,nan,nan,nan,nan,nan
24-Mar-25 3:23:30 PM AEST,0.0,nan,nan,nan,nan,nan,nan,nan,nan,nan,nan,nan
24-Mar-25 3:24:29 PM AEST,nan,nan,nan,nan,nan,nan,nan,nan,nan,nan,nan,13.80
24-Mar-25 3:25:00 PM AEST,nan,nan,nan,nan,72.20,65.53,nan,nan,nan,nan,0.00,nan
24-Mar-25 3:25:02 PM AEST,nan,nan,nan,nan,nan,nan,nan,nan,nan,0.00,nan,nan
24-Mar-25 3:25:10 PM AEST,nan,nan,nan,nan,nan,nan,nan,nan,0.00,nan,nan,nan
24-Mar-25 3:25:27 PM AEST,nan,nan,nan,0.20,nan,nan,nan,nan,nan,nan,nan,nan
24-Mar-25 3:25:40 PM AEST,nan,nan,nan,nan,nan,nan,nan,0.02,nan,nan,nan,nan
24-Mar-25 3:25:40 PM AEST,nan,nan,nan,nan,nan,nan,nan,0.00,nan,nan,nan,nan
24-Mar-25 3:25:44 PM AEST,nan,97.5,nan,nan,nan,nan,125.20,nan,nan,nan,nan,nan
24-Mar-25 3:26:00 PM AEST,24.0,nan,nan,nan,nan,nan,nan,nan,nan,nan,nan,nan
24-Mar-25 3:26:58 PM AEST,nan,nan,nan,nan,nan,nan,nan,nan,nan,nan,nan,0.00
24-Mar-25 3:26:58 PM AEST,nan,nan,nan,nan,nan,nan,nan,nan,nan,nan,nan,1.00
24-Mar-25 3:27:30 PM AEST,nan,nan,nan,nan,0.60,3.41,nan,nan,nan,nan,14.20,nan
24-Mar-25 3:27:33 PM AEST,nan,nan,nan,nan,nan,nan,nan,nan,nan,84.70,nan,nan
24-Mar-25 3:27:45 PM AEST,nan,nan,nan,nan,nan,nan,nan,nan,317.80,nan,nan,nan
24-Mar-25 3:27:56 PM AEST,nan,nan,nan,6552.80,nan,nan,nan,nan,nan,nan,nan,nan
24-Mar-25 3:28:00 PM AEST,nan,nan,98.2,nan,nan,nan,nan,nan,nan,nan,nan,nan
24-Mar-25 3:28:05 PM AEST,nan,nan,nan,nan,nan,nan,nan,11.23,nan,nan,nan,nan
24-Mar-25 3:28:10 PM AEST,nan,0.0,nan,nan,nan,nan,0.00,nan,nan,nan,nan,nan
24-Mar-25 3:28:30 PM AEST,72.2,nan,nan,nan,nan,nan,nan,nan,nan,nan,nan,nan
24-Mar-25 3:30:00 PM AEST,nan,nan,nan,nan,nan,0.01,nan,nan,nan,nan,nan,nan
24-Mar-25 3:30:30 PM AEST,nan,nan,93.3,nan,nan,nan,nan,0.00,nan,nan,nan,nan
24-Mar-25 3:30:30 PM AEST,nan,nan,341.4,nan,nan,nan,nan,0.00,nan,nan,nan,nan
24-Mar-25 3:30:36 PM AEST,nan,97.5,nan,nan,nan,nan,125.20,nan,nan,nan,nan,nan
24-Mar-25 3:30:36 PM AEST,nan,0.0,nan,nan,nan,nan,0.00,nan,nan,nan,nan,nan
24-Mar-25 3:31:00 PM AEST,24.0,nan,nan,nan,nan,nan,nan,nan,nan,nan,nan,nan
24-Mar-25 3:31:00 PM AEST,72.2,nan,nan,nan,nan,nan,nan,nan,nan,nan,nan,nan
24-Mar-25 3:32:30 PM AEST,nan,nan,nan,nan,nan,3.41,nan,nan,nan,nan,nan,nan
24-Mar-25 3:32:55 PM AEST,nan,nan,nan,nan,nan,nan,nan,11.23,nan,nan,nan,nan
24-Mar-25 3:33:00 PM AEST,nan,nan,93.3,nan,nan,nan,nan,nan,nan,nan,nan,nan
24-Mar-25 3:34:00 PM AEST,nan,nan,nan,nan,nan,nan,125.20,nan,nan,nan,nan,nan
24-Mar-25 3:35:20 PM AEST,nan,nan,nan,nan,nan,nan,nan,0.00,nan,nan,nan,nan
24-Mar-25 3:36:26 PM AEST,nan,nan,nan,nan,nan,nan,0.00,nan,nan,nan,nan,nan
24-Mar-25 3:37:45 PM AEST,nan,nan,nan,nan,nan,nan,nan,11.23,nan,nan,nan,nan
24-Mar-25 3:38:00 PM AEST,nan,nan,8.3,nan,23.60,0.24,nan,nan,nan,nan,nan,nan
24-Mar-25 3:40:00 PM AEST,nan,nan,nan,72.20,nan,nan,nan,nan,1.00,1.00,23.60,72.20
24-Mar-25 3:40:30 PM AEST,nan,nan,341.4,nan,0.60,0.01,nan,nan,nan,nan,nan,nan
24-Mar-25 3:42:29 PM AEST,nan,nan,nan,6552.80,nan,nan,nan,nan,nan,nan,nan,1.00
24-Mar-25 3:42:30 PM AEST,nan,nan,nan,nan,nan,nan,nan,nan,nan,nan,14.20,nan
24-Mar-25 3:42:30 PM AEST,nan,nan,nan,nan,nan,nan,nan,nan,nan,nan,8.30,nan
24-Mar-25 3:42:31 PM AEST,nan,nan,nan,nan,nan,nan,nan,nan,nan,84.70,nan,nan
24-Mar-25 3:42:31 PM AEST,nan,nan,nan,nan,nan,nan,nan,nan,nan,8.30,nan,nan
24-Mar-25 3:42:35 PM AEST,nan,nan,nan,nan,nan,nan,nan,nan,317.80,nan,nan,nan
24-Mar-25 3:42:35 PM AEST,nan,nan,nan,nan,nan,nan,nan,nan,23.60,nan,nan,nan
24-Mar-25 3:43:00 PM AEST,nan,nan,0.9,nan,8.30,0.01,nan,nan,nan,nan,nan,nan
24-Mar-25 3:45:00 PM AEST,nan,nan,nan,nan,nan,nan,nan,nan,nan,nan,14.20,nan
24-Mar-25 3:45:02 PM AEST,nan,nan,nan,nan,nan,nan,nan,nan,nan,84.70,nan,nan
24-Mar-25 3:45:10 PM AEST,nan,nan,nan,nan,nan,nan,nan,nan,317.80,nan,nan,nan
24-Mar-25 3:45:30 PM AEST,nan,nan,341.4,nan,0.60,0.01,nan,nan,nan,nan,nan,nan
24-Mar-25 3:47:33 PM AEST,nan,nan,nan,nan,nan,nan,nan,nan,nan,0.00,nan,nan
24-Mar-25 3:47:45 PM AEST,nan,nan,nan,nan,nan,nan,nan,nan,0.00,nan,nan,nan
24-Mar-25 3:48:00 PM AEST,nan,nan,93.3,nan,72.20,3.41,nan,0.00,nan,nan,nan,nan
24-Mar-25 3:48:00 PM AEST,nan,nan,23.6,nan,72.20,65.53,nan,0.00,nan,nan,nan,nan
24-Mar-25 3:50:00 PM AEST,24.0,97.5,nan,0.20,nan,nan,125.20,nan,nan,nan,0.00,0.00
24-Mar-25 3:50:00 PM AEST,72.2,0.0,nan,6552.80,nan,nan,0.00,nan,nan,nan,14.20,1.00
24-Mar-25 3:50:04 PM AEST,nan,nan,nan,nan,nan,nan,nan,nan,nan,84.70,nan,nan
24-Mar-25 3:50:20 PM AEST,nan,nan,nan,nan,nan,nan,nan,nan,317.80,nan,nan,nan
24-Mar-25 3:50:30 PM AEST,nan,nan,93.3,nan,0.60,3.41,nan,nan,nan,nan,nan,nan
24-Mar-25 3:52:29 PM AEST,nan,nan,nan,13.80,nan,nan,nan,nan,nan,nan,nan,13.80
24-Mar-25 3:52:30 PM AEST,0.0,nan,nan,nan,nan,nan,nan,nan,nan,nan,nan,nan
24-Mar-25 3:54:00 PM AEST,nan,nan,nan,nan,nan,nan,nan,0.02,nan,nan,nan,nan
24-Mar-25 3:54:58 PM AEST,nan,nan,nan,6552.80,nan,nan,nan,nan,nan,nan,nan,1.00
24-Mar-25 3:55:00 PM AEST,72.2,nan,nan,nan,nan,nan,nan,nan,nan,nan,nan,nan
24-Mar-25 3:56:25 PM AEST,nan,nan,nan,nan,nan,nan,nan,11.23,nan,nan,nan,nan
24-Mar-25 3:58:00 PM AEST,nan,nan,0.6,nan,14.20,0.14,nan,nan,nan,nan,nan,nan
24-Mar-25 4:00:30 PM AEST,nan,nan,93.3,nan,0.60,3.41,nan,nan,nan,nan,nan,nan
24-Mar-25 4:00:30 PM AEST,nan,nan,23.6,nan,72.20,65.53,nan,nan,nan,nan,nan,nan
24-Mar-25 4:02:00 PM AEST,24.0,97.5,nan,0.20,nan,nan,125.20,0.00,0.00,0.00,0.00,0.00
24-Mar-25 4:02:00 PM AEST,24.0,97.5,nan,6552.80,nan,nan,125.20,0.00,317.80,84.70,14.20,1.00
24-Mar-25 4:03:00 PM AEST,nan,nan,93.3,nan,0.60,3.41,nan,nan,nan,nan,nan,nan
24-Mar-25 4:03:00 PM AEST,nan,nan,8.3,nan,23.60,0.24,nan,nan,nan,nan,nan,nan
24-Mar-25 4:04:25 PM AEST,nan,nan,nan,nan,nan,nan,nan,11.23,nan,nan,nan,nan
24-Mar-25 4:04:26 PM AEST,nan,0.0,nan,nan,nan,nan,0.00,nan,nan,nan,nan,nan
24-Mar-25 4:04:29 PM AEST,nan,nan,nan,72.20,nan,nan,nan,nan,nan,nan,nan,72.20
24-Mar-25 4:04:30 PM AEST,72.2,nan,nan,nan,nan,nan,nan,nan,nan,nan,23.60,nan
24-Mar-25 4:04:31 PM AEST,nan,nan,nan,nan,nan,nan,nan,nan,nan,1.00,nan,nan
24-Mar-25 4:04:35 PM AEST,nan,nan,nan,nan,nan,nan,nan,nan,1.00,nan,nan,nan
24-Mar-25 4:05:30 PM AEST,nan,nan,93.3,nan,0.60,3.41,nan,nan,nan,nan,nan,nan
24-Mar-25 4:06:58 PM AEST,nan,nan,nan,6552.80,nan,nan,nan,nan,nan,nan,nan,1.00
24-Mar-25 4:07:00 PM AEST,nan,nan,nan,nan,nan,nan,nan,nan,nan,nan,14.20,nan
24-Mar-25 4:07:02 PM AEST,nan,nan,nan,nan,nan,nan,nan,nan,nan,84.70,nan,nan
24-Mar-25 4:07:10 PM AEST,nan,nan,nan,nan,nan,nan,nan,nan,317.80,nan,nan,nan
24-Mar-25 4:10:00 PM AEST,nan,nan,nan,nan,nan,nan,nan,0.00,nan,nan,nan,nan
24-Mar-25 4:12:00 PM AEST,51.1,51.1,nan,14.80,nan,nan,51.10,nan,0.00,nan,nan,14.80
24-Mar-25 4:12:25 PM AEST,nan,nan,nan,nan,nan,nan,nan,1.38,nan,nan,nan,nan
24-Mar-25 4:14:26 PM AEST,nan,0.0,nan,nan,nan,nan,0.00,nan,nan,nan,nan,nan
24-Mar-25 4:14:29 PM AEST,nan,nan,nan,6552.80,nan,nan,nan,nan,nan,nan,nan,1.00
24-Mar-25 4:14:30 PM AEST,72.2,nan,nan,nan,nan,nan,nan,nan,nan,nan,nan,nan
24-Mar-25 4:14:35 PM AEST,nan,nan,nan,nan,nan,nan,nan,nan,317.80,nan,nan,nan
24-Mar-25 4:14:50 PM AEST,nan,nan,nan,nan,nan,nan,nan,11.23,nan,nan,nan,nan
24-Mar-25 4:16:00 PM AEST,nan,nan,341.4,nan,nan,nan,nan,nan,nan,nan,nan,nan
24-Mar-25 4:18:30 PM AEST,nan,nan,93.3,nan,nan,nan,nan,nan,nan,nan,nan,nan
24-Mar-25 4:20:00 PM AEST,nan,nan,nan,nan,nan,nan,nan,0.00,nan,nan,nan,nan
24-Mar-25 4:21:00 PM AEST,nan,nan,23.6,nan,nan,nan,nan,nan,nan,nan,nan,nan
24-Mar-25 4:22:00 PM AEST,14.8,14.8,nan,14.80,72.20,65.53,51.10,nan,0.00,0.00,0.00,112.30
24-Mar-25 4:22:25 PM AEST,nan,nan,nan,nan,nan,nan,nan,11.23,nan,nan,nan,nan
24-Mar-25 4:22:25 PM AEST,nan,nan,nan,nan,nan,nan,nan,5.11,nan,nan,nan,nan
24-Mar-25 4:24:26 PM AEST,nan,0.2,nan,nan,nan,nan,24.00,nan,nan,nan,nan,nan
24-Mar-25 4:24:29 PM AEST,nan,nan,nan,0.20,nan,nan,nan,nan,nan,nan,nan,0.00
24-Mar-25 4:24:30 PM AEST,0.2,nan,nan,nan,nan,nan,nan,nan,nan,nan,nan,nan
24-Mar-25 4:24:50 PM AEST,nan,nan,nan,nan,nan,nan,nan,2.40,nan,nan,nan,nan
24-Mar-25 4:26:00 PM AEST,nan,nan,nan,nan,6552.80,nan,nan,nan,72.20,72.20,6552.80,nan
24-Mar-25 4:26:52 PM AEST,nan,0.0,nan,nan,nan,nan,0.00,nan,nan,nan,nan,nan
24-Mar-25 4:26:58 PM AEST,nan,nan,nan,0.00,nan,nan,nan,nan,nan,nan,nan,nan
24-Mar-25 4:27:00 PM AEST,0.0,nan,nan,nan,nan,nan,nan,nan,nan,nan,nan,nan
24-Mar-25 4:27:15 PM AEST,nan,nan,nan,nan,nan,nan,nan,11.23,nan,nan,nan,nan
24-Mar-25 4:28:00 PM AEST,nan,nan,14.2,nan,nan,0.85,nan,nan,nan,nan,nan,nan
24-Mar-25 4:28:30 PM AEST,nan,nan,nan,nan,84.70,nan,nan,nan,nan,nan,317.80,nan
24-Mar-25 4:28:31 PM AEST,nan,nan,nan,nan,nan,nan,nan,nan,nan,317.80,nan,nan
24-Mar-25 4:28:35 PM AEST,nan,nan,nan,nan,nan,nan,nan,nan,317.80,nan,nan,nan
24-Mar-25 4:29:27 PM AEST,nan,nan,nan,6552.80,nan,nan,nan,nan,nan,nan,nan,nan
24-Mar-25 4:29:30 PM AEST,72.2,nan,nan,nan,nan,nan,nan,nan,nan,nan,nan,nan
24-Mar-25 4:30:00 PM AEST,nan,nan,nan,nan,nan,nan,nan,nan,nan,nan,nan,1.00
24-Mar-25 4:30:30 PM AEST,nan,nan,0.9,nan,nan,0.01,nan,nan,nan,nan,nan,nan
24-Mar-25 4:31:00 PM AEST,nan,nan,nan,nan,8.30,nan,nan,nan,nan,nan,8.30,nan
24-Mar-25 4:31:02 PM AEST,nan,nan,nan,nan,nan,nan,nan,nan,nan,8.30,nan,nan
24-Mar-25 4:31:10 PM AEST,nan,nan,nan,nan,nan,nan,nan,nan,23.60,nan,nan,nan
24-Mar-25 4:33:00 PM AEST,nan,nan,341.4,nan,nan,3.41,nan,nan,nan,nan,nan,nan
24-Mar-25 4:33:30 PM AEST,nan,nan,nan,nan,0.60,nan,nan,nan,nan,nan,14.20,nan
24-Mar-25 4:33:33 PM AEST,nan,nan,nan,nan,nan,nan,nan,nan,nan,84.70,nan,nan
24-Mar-25 4:33:45 PM AEST,nan,nan,nan,nan,nan,nan,nan,nan,317.80,nan,nan,nan
24-Mar-25 4:35:30 PM AEST,nan,nan,93.3,nan,nan,nan,nan,nan,nan,nan,nan,nan
24-Mar-25 4:36:00 PM AEST,nan,nan,nan,nan,nan,nan,125.20,0.00,nan,nan,nan,nan
24-Mar-25 4:38:00 PM AEST,24.0,97.5,nan,0.20,nan,nan,nan,nan,0.00,0.00,nan,0.00
24-Mar-25 4:40:00 PM AEST,nan,nan,nan,nan,nan,nan,97.50,12.52,nan,nan,nan,nan
24-Mar-25 4:40:31 PM AEST,nan,nan,nan,nan,nan,nan,nan,nan,nan,84.70,nan,nan
24-Mar-25 4:40:35 PM AEST,nan,nan,nan,nan,nan,nan,nan,nan,317.80,nan,nan,nan
24-Mar-25 4:42:00 PM AEST,nan,nan,nan,nan,72.20,65.53,nan,nan,nan,nan,0.00,nan
24-Mar-25 4:42:25 PM AEST,nan,nan,nan,nan,nan,nan,nan,5.11,nan,nan,nan,nan
24-Mar-25 4:42:26 PM AEST,nan,nan,nan,nan,nan,nan,51.10,nan,nan,nan,nan,nan
24-Mar-25 4:43:02 PM AEST,nan,nan,nan,nan,nan,nan,nan,nan,nan,0.00,nan,nan
24-Mar-25 4:43:10 PM AEST,nan,nan,nan,nan,nan,nan,nan,nan,0.00,nan,nan,nan
24-Mar-25 4:44:00 PM AEST,14.8,14.8,23.6,14.80,nan,nan,nan,nan,nan,nan,nan,112.30
24-Mar-25 4:44:00 PM AEST,0.0,0.2,23.6,0.00,nan,nan,nan,nan,nan,nan,nan,0.00
24-Mar-25 4:44:50 PM AEST,nan,nan,nan,nan,nan,nan,nan,2.40,nan,nan,nan,nan
24-Mar-25 4:44:52 PM AEST,nan,nan,nan,nan,nan,nan,0.20,nan,nan,nan,nan,nan
24-Mar-25 4:45:45 PM AEST,nan,nan,nan,nan,nan,nan,nan,nan,6552.80,nan,nan,nan
24-Mar-25 4:46:00 PM AEST,nan,nan,nan,nan,nan,0.01,nan,nan,nan,nan,nan,nan
24-Mar-25 4:46:26 PM AEST,nan,0.0,nan,nan,nan,nan,nan,nan,nan,nan,nan,nan
24-Mar-25 4:47:15 PM AEST,nan,nan,nan,nan,nan,nan,nan,11.23,nan,nan,nan,nan
24-Mar-25 4:47:18 PM AEST,nan,nan,nan,nan,nan,nan,0.00,nan,nan,nan,nan,nan
24-Mar-25 4:48:00 PM AEST,nan,nan,nan,nan,1.00,nan,nan,nan,nan,6552.80,6552.80,nan
24-Mar-25 4:48:00 PM AEST,nan,nan,nan,nan,72.20,nan,nan,nan,nan,0.00,0.00,nan
24-Mar-25 4:48:20 PM AEST,nan,nan,nan,nan,nan,nan,nan,nan,0.00,nan,nan,nan
24-Mar-25 4:48:30 PM AEST,nan,nan,nan,nan,nan,65.53,nan,nan,nan,nan,nan,nan
24-Mar-25 4:48:52 PM AEST,nan,14.8,nan,nan,nan,nan,nan,nan,nan,nan,nan,nan
24-Mar-25 4:49:40 PM AEST,nan,nan,nan,nan,nan,nan,nan,5.11,nan,nan,nan,nan
24-Mar-25 4:49:40 PM AEST,nan,nan,nan,nan,nan,nan,nan,0.00,nan,nan,nan,nan
24-Mar-25 4:49:44 PM AEST,nan,nan,nan,nan,nan,nan,51.10,nan,nan,nan,nan,nan
24-Mar-25 4:49:44 PM AEST,nan,nan,nan,nan,nan,nan,125.20,nan,nan,nan,nan,nan
24-Mar-25 4:50:00 PM AEST,14.8,nan,nan,14.80,nan,nan,nan,nan,nan,nan,nan,112.30
24-Mar-25 4:50:00 PM AEST,24.0,nan,nan,0.20,nan,nan,nan,nan,nan,nan,nan,0.00
24-Mar-25 4:51:00 PM AEST,nan,nan,nan,nan,nan,3.41,nan,nan,nan,nan,nan,nan
24-Mar-25 4:51:18 PM AEST,nan,97.5,nan,nan,nan,nan,nan,nan,nan,nan,nan,nan
24-Mar-25 4:52:00 PM AEST,nan,nan,93.3,nan,0.60,nan,nan,nan,317.80,84.70,14.20,nan
24-Mar-25 4:52:29 PM AEST,nan,nan,nan,6552.80,nan,nan,nan,nan,nan,nan,nan,1.00
24-Mar-25 4:52:30 PM AEST,72.2,nan,nan,nan,nan,nan,nan,nan,nan,nan,nan,nan
24-Mar-25 4:53:44 PM AEST,nan,0.0,nan,nan,nan,nan,nan,nan,nan,nan,nan,nan
24-Mar-25 4:53:44 PM AEST,nan,97.5,nan,nan,nan,nan,nan,nan,nan,nan,nan,nan
24-Mar-25 4:54:30 PM AEST,nan,nan,23.6,nan,72.20,nan,nan,nan,nan,nan,0.00,nan
24-Mar-25 4:54:31 PM AEST,nan,nan,nan,nan,nan,nan,nan,nan,nan,0.00,nan,nan
24-Mar-25 4:54:35 PM AEST,nan,nan,nan,nan,nan,nan,nan,nan,0.00,nan,nan,nan
24-Mar-25 4:54:58 PM AEST,nan,nan,nan,0.20,nan,nan,nan,nan,nan,nan,nan,0.00
24-Mar-25 4:54:58 PM AEST,nan,nan,nan,0.00,nan,nan,nan,nan,nan,nan,nan,0.00
24-Mar-25 4:55:00 PM AEST,24.0,nan,nan,nan,nan,nan,nan,nan,nan,nan,nan,nan
24-Mar-25 4:55:00 PM AEST,0.0,nan,nan,nan,nan,nan,nan,nan,nan,nan,nan,nan
24-Mar-25 4:56:00 PM AEST,nan,nan,nan,nan,nan,65.53,0.20,2.40,nan,nan,nan,nan
24-Mar-25 4:56:10 PM AEST,nan,0.2,nan,nan,nan,nan,nan,nan,nan,nan,nan,nan
24-Mar-25 4:58:30 PM AEST,nan,nan,nan,nan,nan,3.41,nan,nan,nan,nan,nan,nan
24-Mar-25 5:00:00 PM AEST,72.2,0.0,93.3,6552.80,0.60,nan,0.00,11.23,317.80,84.70,14.20,1.00
24-Mar-25 5:01:00 PM AEST,nan,nan,nan,nan,nan,0.24,nan,nan,nan,nan,nan,nan
24-Mar-25 5:02:29 PM AEST,nan,nan,nan,0.00,nan,nan,nan,nan,nan,nan,nan,72.20
24-Mar-25 5:02:30 PM AEST,0.0,nan,23.6,nan,1.00,nan,nan,nan,nan,nan,1.00,nan
24-Mar-25 5:02:31 PM AEST,nan,nan,nan,nan,nan,nan,nan,nan,nan,1.00,nan,nan
24-Mar-25 5:02:35 PM AEST,nan,nan,nan,nan,nan,nan,nan,nan,6552.80,nan,nan,nan
24-Mar-25 5:03:30 PM AEST,nan,nan,nan,nan,nan,0.01,nan,nan,nan,nan,nan,nan
24-Mar-25 5:04:58 PM AEST,nan,nan,nan,6552.80,nan,nan,nan,nan,nan,nan,nan,1.00
24-Mar-25 5:05:00 PM AEST,72.2,nan,341.4,nan,0.60,nan,nan,nan,nan,nan,14.20,nan
24-Mar-25 5:05:00 PM AEST,72.2,nan,0.9,nan,8.30,nan,nan,nan,nan,nan,23.60,nan
24-Mar-25 5:05:02 PM AEST,nan,nan,nan,nan,nan,nan,nan,nan,nan,84.70,nan,nan
24-Mar-25 5:05:02 PM AEST,nan,nan,nan,nan,nan,nan,nan,nan,nan,23.60,nan,nan
24-Mar-25 5:05:10 PM AEST,nan,nan,nan,nan,nan,nan,nan,nan,317.80,nan,nan,nan
24-Mar-25 5:05:10 PM AEST,nan,nan,nan,nan,nan,nan,nan,nan,23.60,nan,nan,nan
24-Mar-25 5:06:00 PM AEST,nan,nan,nan,nan,nan,0.08,nan,nan,nan,nan,nan,nan
24-Mar-25 5:07:27 PM AEST,nan,nan,nan,nan,nan,nan,nan,nan,nan,nan,nan,6552.80
24-Mar-25 5:07:30 PM AEST,nan,nan,0.6,nan,14.20,nan,nan,nan,nan,nan,14.20,nan
24-Mar-25 5:07:33 PM AEST,nan,nan,nan,nan,nan,nan,nan,nan,nan,84.70,nan,nan
24-Mar-25 5:07:45 PM AEST,nan,nan,nan,nan,nan,nan,nan,nan,317.80,nan,nan,nan
24-Mar-25 5:08:30 PM AEST,nan,nan,nan,nan,nan,0.14,nan,nan,nan,nan,nan,nan
24-Mar-25 5:09:56 PM AEST,nan,nan,nan,nan,nan,nan,nan,nan,nan,nan,nan,1.00
24-Mar-25 5:10:00 PM AEST,nan,nan,93.3,nan,0.60,nan,nan,nan,nan,nan,nan,nan
24-Mar-25 5:11:00 PM AEST,nan,nan,nan,nan,nan,3.41,nan,nan,nan,nan,nan,nan
24-Mar-25 5:12:00 PM AEST,nan,nan,nan,nan,nan,nan,125.20,0.00,nan,nan,nan,nan
24-Mar-25 5:14:25 PM AEST,nan,nan,nan,nan,nan,nan,nan,11.23,nan,nan,nan,nan
24-Mar-25 5:14:26 PM AEST,nan,nan,nan,nan,nan,nan,0.00,nan,nan,nan,nan,nan
24-Mar-25 5:16:00 PM AEST,24.0,97.5,nan,0.20,nan,nan,nan,nan,nan,nan,nan,0.00
24-Mar-25 5:16:50 PM AEST,nan,nan,nan,nan,nan,nan,nan,12.52,nan,nan,nan,nan
24-Mar-25 5:16:52 PM AEST,nan,nan,nan,nan,nan,nan,97.50,nan,nan,nan,nan,nan
24-Mar-25 5:18:00 PM AEST,nan,nan,nan,nan,72.20,65.53,nan,nan,0.00,0.00,0.00,nan
24-Mar-25 5:18:26 PM AEST,nan,112.3,nan,nan,nan,nan,nan,nan,nan,nan,nan,nan
24-Mar-25 5:18:29 PM AEST,nan,nan,nan,0.00,nan,nan,nan,nan,nan,nan,nan,nan
24-Mar-25 5:18:30 PM AEST,112.3,nan,nan,nan,nan,nan,nan,nan,nan,nan,nan,nan
24-Mar-25 5:19:15 PM AEST,nan,nan,nan,nan,nan,nan,nan,1.48,nan,nan,nan,nan
24-Mar-25 5:19:18 PM AEST,nan,nan,nan,nan,nan,nan,112.30,nan,nan,nan,nan,nan
24-Mar-25 5:20:30 PM AEST,nan,nan,nan,nan,0.60,3.41,nan,nan,nan,nan,14.20,nan
24-Mar-25 5:20:31 PM AEST,nan,nan,nan,nan,nan,nan,nan,nan,nan,84.70,nan,nan
24-Mar-25 5:20:35 PM AEST,nan,nan,nan,nan,nan,nan,nan,nan,317.80,nan,nan,nan
24-Mar-25 5:20:52 PM AEST,nan,0.0,nan,nan,nan,nan,nan,nan,nan,nan,nan,nan
24-Mar-25 5:20:58 PM AEST,nan,nan,nan,6552.80,nan,nan,nan,nan,nan,nan,nan,nan
24-Mar-25 5:21:00 PM AEST,72.2,nan,nan,nan,nan,nan,nan,nan,nan,nan,nan,nan
24-Mar-25 5:21:40 PM AEST,nan,nan,nan,nan,nan,nan,nan,11.23,nan,nan,nan,nan
24-Mar-25 5:21:40 PM AEST,nan,nan,nan,nan,nan,nan,nan,2.40,nan,nan,nan,nan
24-Mar-25 5:21:44 PM AEST,nan,nan,nan,nan,nan,nan,0.00,nan,nan,nan,nan,nan
24-Mar-25 5:21:44 PM AEST,nan,nan,nan,nan,nan,nan,0.20,nan,nan,nan,nan,nan
24-Mar-25 5:22:00 PM AEST,nan,nan,23.6,nan,nan,nan,nan,nan,nan,nan,nan,1.00
24-Mar-25 5:22:00 PM AEST,nan,nan,23.6,nan,nan,nan,nan,nan,nan,nan,nan,0.00
24-Mar-25 5:23:00 PM AEST,nan,nan,nan,nan,72.20,65.53,nan,nan,nan,nan,0.00,nan
24-Mar-25 5:23:02 PM AEST,nan,nan,nan,nan,nan,nan,nan,nan,nan,0.00,nan,nan
24-Mar-25 5:23:10 PM AEST,nan,nan,nan,nan,nan,nan,nan,nan,0.00,nan,nan,nan
24-Mar-25 5:23:18 PM AEST,nan,0.2,nan,nan,nan,nan,nan,nan,nan,nan,nan,nan
24-Mar-25 5:23:27 PM AEST,nan,nan,nan,0.00,nan,nan,nan,nan,nan,nan,nan,nan
24-Mar-25 5:23:30 PM AEST,0.0,nan,nan,nan,nan,nan,nan,nan,nan,nan,nan,nan
24-Mar-25 5:24:10 PM AEST,nan,nan,nan,nan,nan,nan,0.00,nan,nan,nan,nan,nan
24-Mar-25 5:24:29 PM AEST,nan,nan,nan,nan,nan,nan,nan,nan,nan,nan,nan,72.20
24-Mar-25 5:25:30 PM AEST,nan,nan,nan,nan,1.00,0.24,nan,nan,nan,nan,1.00,nan
24-Mar-25 5:25:33 PM AEST,nan,nan,nan,nan,nan,nan,nan,nan,nan,1.00,nan,nan
24-Mar-25 5:25:44 PM AEST,nan,0.0,nan,nan,nan,nan,nan,nan,nan,nan,nan,nan
24-Mar-25 5:25:45 PM AEST,nan,nan,nan,nan,nan,nan,nan,nan,6552.80,nan,nan,nan
24-Mar-25 5:26:00 PM AEST,nan,nan,nan,nan,nan,nan,nan,11.23,nan,nan,nan,nan
24-Mar-25 5:26:58 PM AEST,nan,nan,nan,nan,nan,nan,nan,nan,nan,nan,nan,1.00
24-Mar-25 5:28:00 PM AEST,72.2,nan,93.3,6552.80,0.60,3.41,125.20,nan,nan,nan,14.20,nan
24-Mar-25 5:28:00 PM AEST,24.0,nan,23.6,0.20,72.20,65.53,125.20,nan,nan,nan,0.00,nan
24-Mar-25 5:28:04 PM AEST,nan,nan,nan,nan,nan,nan,nan,nan,nan,84.70,nan,nan
24-Mar-25 5:28:04 PM AEST,nan,nan,nan,nan,nan,nan,nan,nan,nan,0.00,nan,nan
24-Mar-25 5:28:10 PM AEST,nan,97.5,nan,nan,nan,nan,nan,nan,nan,nan,nan,nan
24-Mar-25 5:28:20 PM AEST,nan,nan,nan,nan,nan,nan,nan,nan,317.80,nan,nan,nan
24-Mar-25 5:28:20 PM AEST,nan,nan,nan,nan,nan,nan,nan,nan,0.00,nan,nan,nan
24-Mar-25 5:28:25 PM AEST,nan,nan,nan,nan,nan,nan,nan,0.00,nan,nan,nan,nan
24-Mar-25 5:29:27 PM AEST,nan,nan,nan,nan,nan,nan,nan,nan,nan,nan,nan,0.00
24-Mar-25 5:30:29 PM AEST,nan,nan,nan,6552.80,nan,nan,nan,nan,nan,nan,nan,nan
24-Mar-25 5:30:30 PM AEST,nan,nan,93.3,nan,0.60,3.41,nan,nan,nan,nan,14.20,nan
24-Mar-25 5:30:30 PM AEST,nan,nan,14.2,nan,84.70,0.85,nan,nan,nan,nan,317.80,nan
24-Mar-25 5:30:35 PM AEST,nan,nan,nan,nan,nan,nan,nan,nan,nan,84.70,nan,nan
24-Mar-25 5:30:35 PM AEST,nan,nan,nan,nan,nan,nan,nan,nan,nan,317.80,nan,nan
24-Mar-25 5:30:55 PM AEST,nan,nan,nan,nan,nan,nan,nan,nan,317.80,nan,nan,nan
24-Mar-25 5:31:56 PM AEST,nan,nan,nan,nan,nan,nan,nan,nan,nan,nan,nan,1.00
24-Mar-25 5:31:56 PM AEST,nan,nan,nan,nan,nan,nan,nan,nan,nan,nan,nan,14.80
24-Mar-25 5:32:00 PM AEST,72.2,0.0,nan,nan,nan,nan,0.00,11.23,nan,nan,nan,nan
24-Mar-25 5:32:00 PM AEST,51.1,51.1,nan,nan,nan,nan,51.10,11.23,nan,nan,nan,nan
24-Mar-25 5:32:58 PM AEST,nan,nan,nan,14.80,nan,nan,nan,nan,nan,nan,nan,nan
24-Mar-25 5:33:00 PM AEST,nan,nan,23.6,nan,72.20,65.53,nan,nan,nan,nan,0.00,nan
24-Mar-25 5:33:06 PM AEST,nan,nan,nan,nan,nan,nan,nan,nan,nan,0.00,nan,nan
24-Mar-25 5:33:30 PM AEST,nan,nan,nan,nan,nan,nan,nan,nan,0.00,nan,nan,nan
24-Mar-25 5:34:25 PM AEST,nan,nan,nan,nan,nan,nan,nan,1.38,nan,nan,nan,0.00
24-Mar-25 5:34:25 PM AEST,nan,nan,nan,nan,nan,nan,nan,0.00,nan,nan,nan,0.00
24-Mar-25 5:34:26 PM AEST,nan,97.5,nan,nan,nan,nan,125.20,nan,nan,nan,nan,nan
24-Mar-25 5:34:30 PM AEST,24.0,nan,nan,nan,nan,nan,nan,nan,nan,nan,nan,nan
24-Mar-25 5:35:27 PM AEST,nan,nan,nan,0.20,nan,nan,nan,nan,nan,nan,nan,nan
24-Mar-25 5:35:27 PM AEST,nan,nan,nan,6552.80,nan,nan,nan,nan,nan,nan,nan,nan
24-Mar-25 5:35:30 PM AEST,nan,nan,93.3,nan,0.60,3.41,nan,nan,nan,nan,14.20,nan
24-Mar-25 5:35:37 PM AEST,nan,nan,nan,nan,nan,nan,nan,nan,nan,84.70,nan,nan
24-Mar-25 5:36:05 PM AEST,nan,nan,nan,nan,nan,nan,nan,nan,317.80,nan,nan,nan
24-Mar-25 5:36:50 PM AEST,nan,nan,nan,nan,nan,nan,nan,11.23,nan,nan,nan,nan
24-Mar-25 5:36:52 PM AEST,nan,0.0,nan,nan,nan,nan,0.00,nan,nan,nan,nan,nan
24-Mar-25 5:36:54 PM AEST,nan,nan,nan,nan,nan,nan,nan,nan,nan,nan,nan,1.00
24-Mar-25 5:37:00 PM AEST,72.2,nan,nan,nan,nan,nan,nan,nan,nan,nan,nan,nan
24-Mar-25 5:37:56 PM AEST,nan,nan,nan,0.20,nan,nan,nan,nan,nan,nan,nan,nan
24-Mar-25 5:38:00 PM AEST,nan,nan,23.6,nan,72.20,65.53,nan,nan,nan,nan,0.00,nan
24-Mar-25 5:38:08 PM AEST,nan,nan,nan,nan,nan,nan,nan,nan,nan,0.00,nan,nan
24-Mar-25 5:38:40 PM AEST,nan,nan,nan,nan,nan,nan,nan,nan,0.00,nan,nan,nan
24-Mar-25 5:39:15 PM AEST,nan,nan,nan,nan,nan,nan,nan,0.00,nan,nan,nan,nan
24-Mar-25 5:39:15 PM AEST,nan,nan,nan,nan,nan,nan,nan,2.40,nan,nan,nan,nan
24-Mar-25 5:39:18 PM AEST,nan,97.5,nan,nan,nan,nan,125.20,nan,nan,nan,nan,nan
24-Mar-25 5:39:18 PM AEST,nan,0.2,nan,nan,nan,nan,24.00,nan,nan,nan,nan,nan
24-Mar-25 5:39:23 PM AEST,nan,nan,nan,nan,nan,nan,nan,nan,nan,nan,nan,0.00
24-Mar-25 5:39:30 PM AEST,24.0,nan,nan,nan,nan,nan,nan,nan,nan,nan,nan,nan
24-Mar-25 5:39:30 PM AEST,0.2,nan,nan,nan,nan,nan,nan,nan,nan,nan,nan,nan
24-Mar-25 5:41:40 PM AEST,nan,nan,nan,nan,nan,nan,nan,0.00,nan,nan,nan,nan
24-Mar-25 5:41:44 PM AEST,nan,97.5,nan,nan,nan,nan,125.20,nan,nan,nan,nan,nan
24-Mar-25 5:42:00 PM AEST,24.0,nan,nan,nan,nan,nan,nan,nan,nan,nan,nan,nan
24-Mar-25 5:44:00 PM AEST,nan,nan,93.3,6552.80,0.60,3.41,nan,nan,317.80,84.70,14.20,1.00
24-Mar-25 5:44:00 PM AEST,nan,nan,341.4,6552.80,0.60,3.41,nan,nan,317.80,84.70,14.20,1.00
24-Mar-25 5:44:05 PM AEST,nan,nan,nan,nan,nan,nan,nan,11.23,nan,nan,nan,nan
24-Mar-25 5:44:10 PM AEST,nan,0.0,nan,nan,nan,nan,0.00,nan,nan,nan,nan,nan
24-Mar-25 5:44:30 PM AEST,72.2,nan,nan,nan,nan,nan,nan,nan,nan,nan,nan,nan
24-Mar-25 5:46:30 PM AEST,nan,nan,93.3,nan,nan,nan,nan,nan,nan,nan,nan,nan
24-Mar-25 5:50:00 PM AEST,112.3,14.8,nan,112.30,72.20,nan,14.80,5.11,0.00,0.00,0.00,112.30
24-Mar-25 5:52:00 PM AEST,nan,nan,317.8,nan,nan,0.01,nan,nan,nan,nan,nan,nan
24-Mar-25 5:52:25 PM AEST,nan,nan,nan,nan,nan,nan,nan,11.23,nan,nan,nan,nan
24-Mar-25 5:52:26 PM AEST,nan,0.0,nan,nan,nan,nan,0.00,nan,nan,nan,nan,nan
24-Mar-25 5:52:29 PM AEST,nan,nan,nan,6552.80,nan,nan,nan,nan,nan,nan,nan,1.00
24-Mar-25 5:52:30 PM AEST,72.2,nan,nan,nan,1.40,nan,nan,nan,nan,nan,0.90,nan
24-Mar-25 5:52:30 PM AEST,72.2,nan,nan,nan,8.30,nan,nan,nan,nan,nan,0.90,nan
24-Mar-25 5:52:31 PM AEST,nan,nan,nan,nan,nan,nan,nan,nan,nan,0.90,nan,nan
24-Mar-25 5:52:31 PM AEST,nan,nan,nan,nan,nan,nan,nan,nan,nan,23.60,nan,nan
24-Mar-25 5:52:35 PM AEST,nan,nan,nan,nan,nan,nan,nan,nan,0.90,nan,nan,nan
24-Mar-25 5:52:35 PM AEST,nan,nan,nan,nan,nan,nan,nan,nan,23.60,nan,nan,nan
24-Mar-25 5:54:30 PM AEST,nan,nan,0.9,nan,nan,0.08,nan,nan,nan,nan,nan,nan
24-Mar-25 5:54:58 PM AEST,nan,nan,nan,nan,nan,nan,nan,nan,nan,nan,nan,6552.80
24-Mar-25 5:55:00 PM AEST,nan,nan,nan,nan,nan,nan,nan,nan,nan,nan,23.60,nan
24-Mar-25 5:55:10 PM AEST,nan,nan,nan,nan,nan,nan,nan,nan,317.80,nan,nan,nan
24-Mar-25 5:56:00 PM AEST,nan,nan,nan,nan,0.60,nan,nan,nan,nan,84.70,nan,nan
24-Mar-25 5:57:00 PM AEST,nan,nan,341.4,nan,nan,0.01,nan,nan,nan,nan,nan,nan
24-Mar-25 5:57:27 PM AEST,nan,nan,nan,nan,nan,nan,nan,nan,nan,nan,nan,1.00
24-Mar-25 5:57:30 PM AEST,nan,nan,nan,nan,nan,nan,nan,nan,nan,nan,14.20,nan
24-Mar-25 5:59:30 PM AEST,nan,nan,93.3,nan,nan,3.41,nan,nan,nan,nan,nan,nan
24-Mar-25 6:00:00 PM AEST,nan,nan,nan,nan,nan,nan,125.20,0.00,nan,nan,nan,nan
24-Mar-25 6:02:00 PM AEST,24.0,97.5,23.6,0.20,72.20,65.53,nan,nan,0.00,0.00,72.20,0.00
24-Mar-25 6:02:00 PM AEST,0.0,0.0,23.6,0.00,72.20,65.53,nan,nan,0.00,72.20,72.20,0.00
24-Mar-25 6:02:25 PM AEST,nan,nan,nan,nan,nan,nan,nan,11.23,nan,nan,nan,nan
24-Mar-25 6:02:26 PM AEST,nan,nan,nan,nan,nan,nan,112.30,nan,nan,nan,nan,nan
24-Mar-25 6:04:29 PM AEST,nan,nan,nan,13.80,nan,nan,nan,nan,nan,nan,nan,13.80
24-Mar-25 6:04:30 PM AEST,nan,nan,nan,nan,nan,nan,nan,nan,nan,nan,0.00,nan
24-Mar-25 6:04:31 PM AEST,nan,nan,nan,nan,nan,nan,nan,nan,nan,0.00,nan,nan
24-Mar-25 6:04:50 PM AEST,nan,nan,nan,nan,nan,nan,nan,0.02,nan,nan,nan,nan
24-Mar-25 6:04:52 PM AEST,nan,nan,nan,nan,nan,nan,0.00,nan,nan,nan,nan,nan
24-Mar-25 6:06:00 PM AEST,nan,nan,nan,nan,1.00,0.24,nan,nan,6552.80,nan,nan,nan
24-Mar-25 6:06:58 PM AEST,nan,nan,nan,0.00,nan,nan,nan,nan,nan,nan,nan,72.20
24-Mar-25 6:07:00 PM AEST,nan,nan,nan,nan,nan,nan,nan,nan,nan,nan,1.00,nan
24-Mar-25 6:07:02 PM AEST,nan,nan,nan,nan,nan,nan,nan,nan,nan,1.00,nan,nan
24-Mar-25 6:07:15 PM AEST,nan,nan,nan,nan,nan,nan,nan,11.23,nan,nan,nan,nan
24-Mar-25 6:08:00 PM AEST,nan,nan,14.2,nan,nan,nan,nan,nan,nan,nan,nan,nan
24-Mar-25 6:08:30 PM AEST,nan,nan,nan,nan,84.70,0.14,nan,nan,nan,nan,nan,nan
24-Mar-25 6:08:35 PM AEST,nan,nan,nan,nan,nan,nan,nan,nan,317.80,nan,nan,nan
24-Mar-25 6:09:27 PM AEST,nan,nan,nan,6552.80,nan,nan,nan,nan,nan,nan,nan,1.00
24-Mar-25 6:09:27 PM AEST,nan,nan,nan,0.20,nan,nan,nan,nan,nan,nan,nan,0.00
24-Mar-25 6:09:30 PM AEST,nan,nan,nan,nan,nan,nan,nan,nan,nan,nan,84.70,nan
24-Mar-25 6:09:30 PM AEST,nan,nan,nan,nan,nan,nan,nan,nan,nan,nan,0.00,nan
24-Mar-25 6:09:33 PM AEST,nan,nan,nan,nan,nan,nan,nan,nan,nan,84.70,nan,nan
24-Mar-25 6:09:33 PM AEST,nan,nan,nan,nan,nan,nan,nan,nan,nan,0.00,nan,nan
24-Mar-25 6:09:40 PM AEST,nan,nan,nan,nan,nan,nan,nan,0.00,nan,nan,nan,nan
24-Mar-25 6:10:00 PM AEST,72.2,97.5,nan,nan,nan,nan,125.20,nan,nan,nan,nan,nan
24-Mar-25 6:10:00 PM AEST,24.0,97.5,nan,nan,nan,nan,125.20,nan,nan,nan,nan,nan
24-Mar-25 6:10:30 PM AEST,nan,nan,23.6,nan,nan,nan,nan,nan,nan,nan,nan,nan
24-Mar-25 6:10:30 PM AEST,nan,nan,93.3,nan,nan,nan,nan,nan,nan,nan,nan,nan
24-Mar-25 6:11:00 PM AEST,nan,nan,nan,nan,72.20,65.53,nan,nan,nan,nan,nan,nan
24-Mar-25 6:11:00 PM AEST,nan,nan,nan,nan,0.60,3.41,nan,nan,nan,nan,nan,nan
24-Mar-25 6:11:10 PM AEST,nan,nan,nan,nan,nan,nan,nan,nan,0.00,nan,nan,nan
24-Mar-25 6:11:10 PM AEST,nan,nan,nan,nan,nan,nan,nan,nan,317.80,nan,nan,nan
24-Mar-25 6:11:56 PM AEST,nan,nan,nan,13.80,nan,nan,nan,nan,nan,nan,nan,13.80
24-Mar-25 6:12:00 PM AEST,nan,nan,nan,nan,nan,nan,nan,nan,nan,nan,14.20,nan
24-Mar-25 6:12:04 PM AEST,nan,nan,nan,nan,nan,nan,nan,nan,nan,84.70,nan,nan
24-Mar-25 6:12:05 PM AEST,nan,nan,nan,nan,nan,nan,nan,0.02,nan,nan,nan,nan
24-Mar-25 6:12:26 PM AEST,nan,0.0,nan,nan,nan,nan,0.00,nan,nan,nan,nan,nan
24-Mar-25 6:12:30 PM AEST,0.0,nan,nan,nan,nan,nan,nan,nan,nan,nan,nan,nan
24-Mar-25 6:13:00 PM AEST,nan,nan,23.6,nan,nan,nan,nan,nan,nan,nan,nan,nan
24-Mar-25 6:13:30 PM AEST,nan,nan,nan,nan,72.20,65.53,nan,nan,nan,nan,nan,nan
24-Mar-25 6:13:45 PM AEST,nan,nan,nan,nan,nan,nan,nan,nan,0.00,nan,nan,nan
24-Mar-25 6:14:25 PM AEST,nan,nan,nan,0.20,nan,nan,nan,nan,nan,nan,nan,0.00
24-Mar-25 6:14:30 PM AEST,nan,nan,nan,nan,nan,nan,nan,0.00,nan,nan,0.00,nan
24-Mar-25 6:14:30 PM AEST,nan,nan,nan,nan,nan,nan,nan,0.00,nan,nan,14.20,nan
24-Mar-25 6:14:35 PM AEST,nan,nan,nan,nan,nan,nan,nan,nan,nan,0.00,nan,nan
24-Mar-25 6:14:35 PM AEST,nan,nan,nan,nan,nan,nan,nan,nan,nan,84.70,nan,nan
24-Mar-25 6:14:52 PM AEST,nan,97.5,nan,nan,nan,nan,125.20,nan,nan,nan,nan,nan
24-Mar-25 6:14:52 PM AEST,nan,0.0,nan,nan,nan,nan,0.00,nan,nan,nan,nan,nan
24-Mar-25 6:15:00 PM AEST,24.0,nan,nan,nan,nan,nan,nan,nan,nan,nan,nan,nan
24-Mar-25 6:15:00 PM AEST,72.2,nan,nan,nan,nan,nan,nan,nan,nan,nan,nan,nan
24-Mar-25 6:15:30 PM AEST,nan,nan,93.3,nan,nan,nan,nan,nan,nan,nan,nan,nan
24-Mar-25 6:16:00 PM AEST,nan,nan,nan,nan,0.60,3.41,nan,nan,nan,nan,nan,nan
24-Mar-25 6:16:20 PM AEST,nan,nan,nan,nan,nan,nan,nan,nan,317.80,nan,nan,nan
24-Mar-25 6:16:54 PM AEST,nan,nan,nan,6552.80,nan,nan,nan,nan,nan,nan,nan,1.00
24-Mar-25 6:16:55 PM AEST,nan,nan,nan,nan,nan,nan,nan,11.23,nan,nan,nan,nan
24-Mar-25 6:17:18 PM AEST,nan,97.5,nan,nan,nan,nan,125.20,nan,nan,nan,nan,nan
24-Mar-25 6:17:30 PM AEST,24.0,nan,nan,nan,nan,nan,nan,nan,nan,nan,nan,nan
24-Mar-25 6:18:00 PM AEST,nan,nan,341.4,nan,nan,nan,nan,nan,nan,nan,nan,nan
24-Mar-25 6:18:30 PM AEST,nan,nan,nan,nan,nan,0.01,nan,nan,nan,nan,nan,nan
24-Mar-25 6:19:20 PM AEST,nan,nan,nan,nan,nan,nan,nan,0.00,nan,nan,nan,nan
24-Mar-25 6:19:20 PM AEST,nan,nan,nan,nan,nan,nan,nan,11.23,nan,nan,nan,nan
24-Mar-25 6:19:23 PM AEST,nan,nan,nan,0.20,nan,nan,nan,nan,nan,nan,nan,nan
24-Mar-25 6:19:23 PM AEST,nan,nan,nan,6552.80,nan,nan,nan,nan,nan,nan,nan,nan
24-Mar-25 6:19:44 PM AEST,nan,0.0,nan,nan,nan,nan,0.00,nan,nan,nan,nan,nan
24-Mar-25 6:20:00 PM AEST,72.2,nan,nan,nan,nan,nan,nan,nan,nan,nan,nan,nan
24-Mar-25 6:20:30 PM AEST,nan,nan,93.3,nan,nan,nan,nan,nan,nan,nan,nan,nan
24-Mar-25 6:21:00 PM AEST,nan,nan,nan,nan,nan,3.41,nan,nan,nan,nan,nan,nan
24-Mar-25 6:21:45 PM AEST,nan,nan,nan,nan,nan,nan,nan,0.00,nan,nan,nan,nan
24-Mar-25 6:23:00 PM AEST,nan,nan,341.4,nan,nan,nan,nan,nan,nan,nan,nan,nan
24-Mar-25 6:23:30 PM AEST,nan,nan,nan,nan,nan,65.53,nan,nan,nan,nan,nan,nan
24-Mar-25 6:24:00 PM AEST,24.0,97.5,nan,0.20,72.20,nan,125.20,nan,0.00,0.00,0.00,0.00
24-Mar-25 6:24:00 PM AEST,0.0,0.2,nan,0.00,72.20,nan,0.20,nan,0.00,0.00,0.00,0.00
24-Mar-25 6:24:10 PM AEST,nan,nan,nan,nan,nan,nan,nan,11.23,nan,nan,nan,nan
24-Mar-25 6:24:10 PM AEST,nan,nan,nan,nan,nan,nan,nan,0.00,nan,nan,nan,nan
24-Mar-25 6:24:10 PM AEST,nan,nan,nan,nan,nan,nan,nan,2.40,nan,nan,nan,nan
24-Mar-25 6:25:30 PM AEST,nan,nan,23.6,nan,nan,nan,nan,nan,nan,nan,nan,nan
24-Mar-25 6:26:26 PM AEST,nan,0.0,nan,nan,nan,nan,0.00,nan,nan,nan,nan,nan
24-Mar-25 6:26:30 PM AEST,nan,nan,nan,nan,6552.80,nan,nan,nan,nan,nan,6552.80,nan
24-Mar-25 6:26:31 PM AEST,nan,nan,nan,nan,nan,nan,nan,nan,nan,72.20,nan,nan
24-Mar-25 6:26:35 PM AEST,nan,nan,nan,nan,nan,nan,nan,11.23,72.20,nan,nan,nan
24-Mar-25 6:28:00 PM AEST,nan,nan,84.7,nan,nan,nan,nan,nan,nan,nan,nan,nan
24-Mar-25 6:29:00 PM AEST,nan,nan,nan,nan,317.80,nan,nan,nan,nan,nan,317.80,nan
24-Mar-25 6:29:02 PM AEST,nan,nan,nan,nan,nan,nan,nan,nan,nan,1.40,nan,nan
24-Mar-25 6:29:10 PM AEST,nan,nan,nan,nan,nan,nan,nan,nan,1.40,nan,nan,nan
24-Mar-25 6:30:00 PM AEST,72.2,nan,nan,6552.80,nan,3.18,nan,nan,nan,nan,nan,1.00
24-Mar-25 6:30:00 PM AEST,72.2,nan,nan,6552.80,nan,0.24,nan,nan,nan,nan,nan,1.00
24-Mar-25 6:30:30 PM AEST,nan,nan,23.6,nan,nan,nan,nan,nan,nan,nan,nan,nan
24-Mar-25 6:31:30 PM AEST,nan,nan,nan,nan,1.00,nan,nan,nan,nan,nan,1.00,nan
24-Mar-25 6:31:33 PM AEST,nan,nan,nan,nan,nan,nan,nan,nan,nan,1.00,nan,nan
24-Mar-25 6:31:45 PM AEST,nan,nan,nan,nan,nan,nan,nan,nan,6552.80,nan,nan,nan
24-Mar-25 6:32:29 PM AEST,nan,nan,nan,0.00,nan,nan,nan,nan,nan,nan,nan,72.20
24-Mar-25 6:32:30 PM AEST,0.0,nan,nan,nan,nan,0.01,nan,nan,nan,nan,nan,nan
24-Mar-25 6:33:00 PM AEST,nan,nan,341.4,nan,nan,nan,nan,nan,nan,nan,nan,nan
24-Mar-25 6:34:00 PM AEST,nan,nan,nan,nan,0.60,nan,nan,nan,nan,nan,14.20,nan
24-Mar-25 6:34:04 PM AEST,nan,nan,nan,nan,nan,nan,nan,nan,nan,84.70,nan,nan
24-Mar-25 6:34:20 PM AEST,nan,nan,nan,nan,nan,nan,nan,nan,317.80,nan,nan,nan
24-Mar-25 6:34:58 PM AEST,nan,nan,nan,6552.80,nan,nan,nan,nan,nan,nan,nan,1.00
24-Mar-25 6:35:00 PM AEST,72.2,nan,nan,nan,nan,nan,nan,nan,nan,nan,nan,nan
24-Mar-25 6:35:30 PM AEST,nan,nan,93.3,nan,nan,nan,nan,nan,nan,nan,nan,nan
24-Mar-25 6:36:00 PM AEST,nan,nan,nan,nan,nan,3.41,nan,nan,nan,nan,nan,nan
24-Mar-25 6:38:00 PM AEST,nan,nan,nan,nan,nan,nan,125.20,0.00,nan,nan,nan,nan
24-Mar-25 6:40:25 PM AEST,nan,nan,nan,nan,nan,nan,nan,11.23,nan,nan,nan,nan
24-Mar-25 6:40:25 PM AEST,nan,nan,nan,nan,nan,nan,nan,0.00,nan,nan,nan,nan
24-Mar-25 6:40:26 PM AEST,nan,nan,nan,nan,nan,nan,0.00,nan,nan,nan,nan,nan
24-Mar-25 6:40:26 PM AEST,nan,nan,nan,nan,nan,nan,125.20,nan,nan,nan,nan,nan
24-Mar-25 6:42:00 PM AEST,24.0,97.5,23.6,0.20,72.20,65.53,nan,nan,0.00,0.00,0.00,0.00
24-Mar-25 6:42:00 PM AEST,72.2,97.5,93.3,6552.80,0.60,3.41,nan,nan,317.80,84.70,14.20,1.00
24-Mar-25 6:46:00 PM AEST,nan,0.0,nan,nan,nan,nan,0.00,11.23,nan,nan,nan,nan
24-Mar-25 6:48:00 PM AEST,nan,nan,0.9,nan,8.30,0.08,nan,nan,23.60,23.60,23.60,6552.80
24-Mar-25 6:50:29 PM AEST,nan,nan,nan,nan,nan,nan,nan,nan,nan,nan,nan,1.00
24-Mar-25 6:50:30 PM AEST,nan,nan,14.2,nan,84.70,0.14,nan,nan,nan,nan,84.70,nan
24-Mar-25 6:50:31 PM AEST,nan,nan,nan,nan,nan,nan,nan,nan,nan,84.70,nan,nan
24-Mar-25 6:50:35 PM AEST,nan,nan,nan,nan,nan,nan,nan,nan,317.80,nan,nan,nan
24-Mar-25 6:53:00 PM AEST,nan,nan,93.3,nan,0.60,3.41,nan,nan,nan,nan,14.20,nan
24-Mar-25 6:55:30 PM AEST,nan,nan,14.2,nan,84.70,0.14,nan,nan,nan,nan,nan,nan
24-Mar-25 6:56:00 PM AEST,24.0,97.5,nan,0.20,nan,nan,125.20,0.00,nan,nan,nan,0.00
24-Mar-25 6:56:00 PM AEST,24.0,97.5,nan,6552.80,nan,nan,125.20,0.00,nan,nan,nan,1.00
24-Mar-25 6:58:00 PM AEST,nan,nan,23.6,nan,1.00,0.01,nan,nan,6552.80,6552.80,84.70,nan
24-Mar-25 6:58:00 PM AEST,nan,nan,23.6,nan,1.00,0.01,nan,nan,6552.80,6552.80,6552.80,nan
24-Mar-25 6:58:25 PM AEST,nan,nan,nan,nan,nan,nan,nan,11.23,nan,nan,nan,nan
24-Mar-25 6:58:26 PM AEST,nan,0.0,nan,nan,nan,nan,0.00,nan,nan,nan,nan,nan
24-Mar-25 6:58:29 PM AEST,nan,nan,nan,0.00,nan,nan,nan,nan,nan,nan,nan,0.00
24-Mar-25 6:58:30 PM AEST,72.2,nan,nan,nan,nan,nan,nan,nan,nan,nan,nan,nan
24-Mar-25 6:58:30 PM AEST,0.0,nan,nan,nan,nan,nan,nan,nan,nan,nan,nan,nan
24-Mar-25 7:00:30 PM AEST,nan,nan,0.6,nan,14.20,0.14,nan,nan,nan,nan,14.20,nan
24-Mar-25 7:00:31 PM AEST,nan,nan,nan,nan,nan,nan,nan,nan,nan,84.70,nan,nan
24-Mar-25 7:00:35 PM AEST,nan,nan,nan,nan,nan,nan,nan,nan,317.80,nan,nan,nan
24-Mar-25 7:00:58 PM AEST,nan,nan,nan,6552.80,nan,nan,nan,nan,nan,nan,nan,1.00
24-Mar-25 7:00:58 PM AEST,nan,nan,nan,0.20,nan,nan,nan,nan,nan,nan,nan,0.00
24-Mar-25 7:01:00 PM AEST,72.2,nan,nan,nan,nan,nan,nan,nan,nan,nan,nan,nan
24-Mar-25 7:01:00 PM AEST,24.0,nan,nan,nan,nan,nan,nan,nan,nan,nan,nan,nan
24-Mar-25 7:02:00 PM AEST,nan,97.5,nan,nan,nan,nan,97.50,12.52,nan,nan,nan,nan
24-Mar-25 7:03:00 PM AEST,nan,nan,23.6,nan,72.20,65.53,nan,nan,nan,nan,0.00,nan
24-Mar-25 7:03:00 PM AEST,nan,nan,93.3,nan,72.20,65.53,nan,nan,nan,nan,0.00,nan
24-Mar-25 7:03:02 PM AEST,nan,nan,nan,nan,nan,nan,nan,nan,nan,0.00,nan,nan
24-Mar-25 7:03:10 PM AEST,nan,nan,nan,nan,nan,nan,nan,nan,0.00,nan,nan,nan
24-Mar-25 7:03:10 PM AEST,nan,nan,nan,nan,nan,nan,nan,nan,317.80,nan,nan,nan
24-Mar-25 7:04:25 PM AEST,nan,nan,nan,nan,nan,nan,nan,11.23,nan,nan,nan,nan
24-Mar-25 7:04:26 PM AEST,nan,0.0,nan,nan,nan,nan,0.00,nan,nan,nan,nan,nan
24-Mar-25 7:05:30 PM AEST,nan,nan,23.6,nan,0.60,3.41,nan,nan,nan,nan,14.20,nan
24-Mar-25 7:05:30 PM AEST,nan,nan,23.6,nan,72.20,65.53,nan,nan,nan,nan,0.00,nan
24-Mar-25 7:05:33 PM AEST,nan,nan,nan,nan,nan,nan,nan,nan,nan,84.70,nan,nan
24-Mar-25 7:05:33 PM AEST,nan,nan,nan,nan,nan,nan,nan,nan,nan,0.00,nan,nan
24-Mar-25 7:05:45 PM AEST,nan,nan,nan,nan,nan,nan,nan,nan,0.00,nan,nan,nan
24-Mar-25 7:06:00 PM AEST,72.2,nan,nan,6552.80,nan,nan,nan,nan,nan,nan,nan,1.00
24-Mar-25 7:06:00 PM AEST,24.0,nan,nan,0.20,nan,nan,nan,nan,nan,nan,nan,0.00
24-Mar-25 7:06:00 PM AEST,0.0,nan,nan,0.00,nan,nan,nan,nan,nan,nan,nan,0.00
24-Mar-25 7:06:50 PM AEST,nan,nan,nan,nan,nan,nan,nan,0.00,nan,nan,nan,nan
24-Mar-25 7:06:50 PM AEST,nan,nan,nan,nan,nan,nan,nan,2.40,nan,nan,nan,nan
24-Mar-25 7:06:52 PM AEST,nan,97.5,nan,nan,nan,nan,125.20,nan,nan,nan,nan,nan
24-Mar-25 7:06:52 PM AEST,nan,0.2,nan,nan,nan,nan,0.20,nan,nan,nan,nan,nan
24-Mar-25 7:08:29 PM AEST,nan,nan,nan,0.20,nan,nan,nan,nan,nan,nan,nan,nan
24-Mar-25 7:08:30 PM AEST,24.0,nan,nan,nan,nan,nan,nan,nan,nan,nan,nan,nan
24-Mar-25 7:09:15 PM AEST,nan,nan,nan,nan,nan,nan,nan,0.00,nan,nan,nan,nan
24-Mar-25 7:09:18 PM AEST,nan,97.5,nan,nan,nan,nan,125.20,nan,nan,nan,nan,nan
24-Mar-25 7:10:00 PM AEST,nan,nan,93.3,nan,0.60,3.41,nan,nan,317.80,84.70,14.20,1.00
24-Mar-25 7:10:00 PM AEST,nan,nan,23.6,nan,72.20,65.53,nan,nan,0.00,0.00,0.00,0.00
24-Mar-25 7:10:58 PM AEST,nan,nan,nan,6552.80,nan,nan,nan,nan,nan,nan,nan,nan
24-Mar-25 7:10:58 PM AEST,nan,nan,nan,0.00,nan,nan,nan,nan,nan,nan,nan,nan
24-Mar-25 7:11:00 PM AEST,112.3,nan,nan,nan,nan,nan,nan,nan,nan,nan,nan,nan
24-Mar-25 7:11:40 PM AEST,nan,nan,nan,nan,nan,nan,nan,1.48,nan,nan,nan,nan
24-Mar-25 7:11:44 PM AEST,nan,112.3,nan,nan,nan,nan,112.30,nan,nan,nan,nan,nan
24-Mar-25 7:12:29 PM AEST,nan,nan,nan,nan,nan,nan,nan,nan,nan,nan,nan,1.00
24-Mar-25 7:12:30 PM AEST,nan,nan,93.3,nan,0.60,3.41,nan,nan,nan,nan,14.20,nan
24-Mar-25 7:12:31 PM AEST,nan,nan,nan,nan,nan,nan,nan,nan,nan,84.70,nan,nan
24-Mar-25 7:12:35 PM AEST,nan,nan,nan,nan,nan,nan,nan,nan,317.80,nan,nan,nan
24-Mar-25 7:13:27 PM AEST,nan,nan,nan,6552.80,nan,nan,nan,nan,nan,nan,nan,nan
24-Mar-25 7:13:30 PM AEST,72.2,nan,nan,nan,nan,nan,nan,nan,nan,nan,nan,nan
24-Mar-25 7:14:05 PM AEST,nan,nan,nan,nan,nan,nan,nan,11.23,nan,nan,nan,nan
24-Mar-25 7:14:10 PM AEST,nan,0.0,nan,nan,nan,nan,0.00,nan,nan,nan,nan,nan
24-Mar-25 7:20:00 PM AEST,0.2,0.2,nan,0.20,nan,nan,24.00,2.40,nan,nan,nan,0.00
24-Mar-25 7:20:00 PM AEST,24.0,97.5,nan,0.20,nan,nan,125.20,0.00,nan,nan,nan,0.00
24-Mar-25 7:22:00 PM AEST,nan,nan,23.6,nan,72.20,65.53,nan,nan,0.00,0.00,0.00,nan
24-Mar-25 7:22:00 PM AEST,nan,nan,93.3,nan,0.60,3.41,nan,nan,317.80,84.70,14.20,nan
24-Mar-25 7:22:25 PM AEST,nan,nan,nan,nan,nan,nan,nan,9.75,nan,nan,nan,nan
24-Mar-25 7:22:26 PM AEST,nan,24.0,nan,nan,nan,nan,24.00,nan,nan,nan,nan,nan
24-Mar-25 7:24:30 PM AEST,nan,nan,nan,nan,72.20,65.53,nan,nan,nan,nan,0.00,nan
24-Mar-25 7:24:31 PM AEST,nan,nan,nan,nan,nan,nan,nan,nan,nan,0.00,nan,nan
24-Mar-25 7:24:35 PM AEST,nan,nan,nan,nan,nan,nan,nan,nan,0.00,nan,nan,nan
24-Mar-25 7:24:50 PM AEST,nan,nan,nan,nan,nan,nan,nan,5.11,nan,nan,nan,nan
24-Mar-25 7:24:52 PM AEST,nan,14.8,nan,nan,nan,nan,14.80,nan,nan,nan,nan,nan
24-Mar-25 7:26:00 PM AEST,112.3,nan,nan,112.30,nan,nan,nan,nan,nan,nan,nan,112.30
24-Mar-25 7:27:00 PM AEST,nan,nan,nan,nan,0.60,3.41,nan,nan,nan,nan,14.20,nan
24-Mar-25 7:27:02 PM AEST,nan,nan,nan,nan,nan,nan,nan,nan,nan,84.70,nan,nan
24-Mar-25 7:27:10 PM AEST,nan,nan,nan,nan,nan,nan,nan,nan,317.80,nan,nan,nan
24-Mar-25 7:27:15 PM AEST,nan,nan,nan,nan,nan,nan,nan,11.23,nan,nan,nan,nan
24-Mar-25 7:27:18 PM AEST,nan,0.0,nan,nan,nan,nan,0.00,nan,nan,nan,nan,nan
24-Mar-25 7:28:29 PM AEST,nan,nan,nan,6552.80,nan,nan,nan,nan,nan,nan,nan,1.00
24-Mar-25 7:28:30 PM AEST,72.2,nan,nan,nan,nan,nan,nan,nan,nan,nan,nan,nan
24-Mar-25 7:34:00 PM AEST,24.0,97.5,nan,nan,nan,nan,125.20,0.00,nan,nan,nan,nan
24-Mar-25 7:34:00 PM AEST,72.2,0.0,nan,nan,nan,nan,0.00,0.00,nan,nan,nan,nan
24-Mar-25 7:36:26 PM AEST,nan,97.5,nan,nan,nan,nan,125.20,nan,nan,nan,nan,nan
24-Mar-25 7:36:30 PM AEST,24.0,nan,nan,nan,nan,nan,nan,nan,nan,nan,nan,nan
24-Mar-25 7:38:00 PM AEST,nan,nan,23.6,0.20,72.20,65.53,nan,nan,0.00,0.00,0.00,0.00
24-Mar-25 7:38:00 PM AEST,nan,nan,93.3,0.20,0.60,3.41,nan,nan,0.00,0.00,0.00,0.00
24-Mar-25 7:38:52 PM AEST,nan,0.2,nan,nan,nan,nan,0.20,nan,nan,nan,nan,nan
24-Mar-25 7:39:00 PM AEST,0.0,nan,nan,nan,nan,nan,nan,nan,nan,nan,nan,nan
24-Mar-25 7:40:00 PM AEST,nan,nan,nan,nan,nan,nan,nan,2.40,nan,nan,nan,nan
24-Mar-25 7:40:29 PM AEST,nan,nan,nan,0.00,nan,nan,nan,nan,nan,nan,nan,nan
24-Mar-25 7:40:29 PM AEST,nan,nan,nan,0.20,nan,nan,nan,nan,nan,nan,nan,nan
24-Mar-25 7:40:30 PM AEST,nan,nan,23.6,nan,72.20,65.53,nan,nan,nan,nan,14.20,nan
24-Mar-25 7:40:30 PM AEST,nan,nan,23.6,nan,72.20,65.53,nan,nan,nan,nan,0.00,nan
24-Mar-25 7:40:31 PM AEST,nan,nan,nan,nan,nan,nan,nan,nan,nan,84.70,nan,nan
24-Mar-25 7:40:31 PM AEST,nan,nan,nan,nan,nan,nan,nan,nan,nan,0.00,nan,nan
24-Mar-25 7:40:35 PM AEST,nan,nan,nan,nan,nan,nan,nan,nan,317.80,nan,nan,nan
24-Mar-25 7:40:35 PM AEST,nan,nan,nan,nan,nan,nan,nan,nan,0.00,nan,nan,nan
24-Mar-25 7:41:18 PM AEST,nan,97.5,nan,nan,nan,nan,125.20,nan,nan,nan,nan,nan
24-Mar-25 7:41:30 PM AEST,24.0,nan,nan,nan,nan,nan,nan,nan,nan,nan,nan,nan
24-Mar-25 7:42:00 PM AEST,nan,nan,nan,nan,nan,nan,nan,nan,nan,nan,nan,1.00
24-Mar-25 7:42:25 PM AEST,nan,nan,nan,nan,nan,nan,nan,0.00,nan,nan,nan,nan
24-Mar-25 7:42:25 PM AEST,nan,nan,nan,nan,nan,nan,nan,11.23,nan,nan,nan,nan
24-Mar-25 7:42:58 PM AEST,nan,nan,nan,6552.80,nan,nan,nan,nan,nan,nan,nan,nan
24-Mar-25 7:43:00 PM AEST,nan,nan,317.8,nan,1.40,3.18,nan,nan,nan,nan,1.40,nan
24-Mar-25 7:43:02 PM AEST,nan,nan,nan,nan,nan,nan,nan,nan,nan,1.40,nan,nan
24-Mar-25 7:43:10 PM AEST,nan,nan,nan,nan,nan,nan,nan,nan,0.90,nan,nan,nan
24-Mar-25 7:43:44 PM AEST,nan,0.0,nan,nan,nan,nan,0.00,nan,nan,nan,nan,nan
24-Mar-25 7:44:00 PM AEST,72.2,nan,nan,nan,nan,nan,nan,nan,nan,nan,nan,nan
24-Mar-25 7:45:30 PM AEST,nan,nan,93.3,nan,0.60,3.41,nan,nan,nan,nan,14.20,nan
24-Mar-25 7:45:33 PM AEST,nan,nan,nan,nan,nan,nan,nan,nan,nan,84.70,nan,nan
24-Mar-25 7:45:45 PM AEST,nan,nan,nan,nan,nan,nan,nan,nan,317.80,nan,nan,nan
24-Mar-25 7:50:00 PM AEST,13.8,13.8,nan,13.80,nan,nan,nan,nan,nan,nan,nan,51.10
24-Mar-25 7:52:00 PM AEST,nan,nan,nan,nan,nan,nan,nan,0.00,nan,nan,nan,nan
24-Mar-25 7:52:26 PM AEST,nan,0.0,nan,nan,nan,nan,nan,nan,nan,nan,nan,nan
24-Mar-25 7:52:29 PM AEST,nan,nan,nan,6552.80,nan,nan,nan,nan,nan,nan,nan,1.00
24-Mar-25 7:52:30 PM AEST,72.2,nan,nan,nan,nan,nan,nan,nan,nan,nan,nan,nan
24-Mar-25 7:54:25 PM AEST,nan,nan,nan,nan,nan,nan,nan,11.23,nan,nan,nan,nan
24-Mar-25 7:56:00 PM AEST,nan,nan,341.4,nan,1.00,0.01,nan,nan,nan,nan,nan,nan
24-Mar-25 7:56:00 PM AEST,nan,nan,23.6,nan,1.00,0.01,nan,nan,nan,nan,nan,nan
24-Mar-25 7:58:00 PM AEST,0.0,nan,nan,0.00,nan,nan,nan,nan,6552.80,6552.80,6552.80,0.00
24-Mar-25 7:58:30 PM AEST,nan,nan,93.3,nan,0.60,3.41,nan,nan,nan,nan,nan,nan
24-Mar-25 8:00:29 PM AEST,nan,nan,nan,6552.80,nan,nan,nan,nan,nan,nan,nan,1.00
24-Mar-25 8:00:30 PM AEST,72.2,nan,nan,nan,nan,nan,nan,nan,nan,nan,14.20,nan
24-Mar-25 8:00:31 PM AEST,nan,nan,nan,nan,nan,nan,nan,nan,nan,84.70,nan,nan
24-Mar-25 8:00:35 PM AEST,nan,nan,nan,nan,nan,nan,nan,nan,317.80,nan,nan,nan
24-Mar-25 8:02:00 PM AEST,nan,nan,nan,nan,nan,nan,nan,0.00,nan,nan,nan,nan
24-Mar-25 8:06:00 PM AEST,13.8,13.8,nan,13.80,nan,nan,nan,nan,nan,nan,nan,51.10
24-Mar-25 8:08:00 PM AEST,nan,nan,nan,nan,nan,nan,nan,11.23,nan,nan,nan,nan
24-Mar-25 8:08:26 PM AEST,nan,0.0,nan,nan,nan,nan,nan,nan,nan,nan,nan,nan
24-Mar-25 8:08:29 PM AEST,nan,nan,nan,6552.80,nan,nan,nan,nan,nan,nan,nan,1.00
24-Mar-25 8:08:30 PM AEST,72.2,nan,nan,nan,nan,nan,nan,nan,nan,nan,nan,nan
24-Mar-25 8:10:00 PM AEST,nan,nan,14.2,nan,84.70,0.14,nan,nan,nan,nan,84.70,nan
24-Mar-25 8:12:30 PM AEST,nan,nan,93.3,nan,0.60,3.41,nan,nan,nan,nan,14.20,nan
24-Mar-25 8:14:00 PM AEST,0.2,0.2,nan,0.20,nan,nan,24.00,2.40,nan,nan,nan,0.00
24-Mar-25 8:15:00 PM AEST,nan,nan,23.6,nan,72.20,65.53,nan,nan,nan,nan,0.00,nan
24-Mar-25 8:16:00 PM AEST,nan,nan,nan,nan,nan,nan,nan,nan,0.00,0.00,nan,nan
24-Mar-25 8:16:25 PM AEST,nan,nan,nan,nan,nan,nan,nan,0.00,nan,nan,nan,nan
24-Mar-25 8:16:26 PM AEST,nan,97.5,nan,nan,nan,nan,125.20,nan,nan,nan,nan,nan
24-Mar-25 8:16:30 PM AEST,24.0,nan,nan,nan,nan,nan,nan,nan,nan,nan,nan,nan
24-Mar-25 8:17:30 PM AEST,nan,nan,93.3,nan,0.60,3.41,nan,nan,nan,nan,14.20,nan
24-Mar-25 8:18:00 PM AEST,nan,nan,nan,13.80,nan,nan,nan,nan,nan,nan,nan,51.10
24-Mar-25 8:18:31 PM AEST,nan,nan,nan,nan,nan,nan,nan,nan,nan,84.70,nan,nan
24-Mar-25 8:18:35 PM AEST,nan,nan,nan,nan,nan,nan,nan,nan,317.80,nan,nan,nan
24-Mar-25 8:18:52 PM AEST,nan,13.8,nan,nan,nan,nan,0.00,nan,nan,nan,nan,nan
24-Mar-25 8:19:00 PM AEST,13.8,nan,nan,nan,nan,nan,nan,nan,nan,nan,nan,nan
24-Mar-25 8:20:00 PM AEST,nan,nan,23.6,nan,1.00,0.24,nan,11.23,nan,nan,1.00,nan
24-Mar-25 8:20:29 PM AEST,nan,nan,nan,0.00,nan,nan,nan,nan,nan,nan,nan,72.20
24-Mar-25 8:21:02 PM AEST,nan,nan,nan,nan,nan,nan,nan,nan,nan,1.00,nan,nan
24-Mar-25 8:21:10 PM AEST,nan,nan,nan,nan,nan,nan,nan,nan,6552.80,nan,nan,nan
24-Mar-25 8:21:18 PM AEST,nan,0.0,nan,nan,nan,nan,nan,nan,nan,nan,nan,nan
24-Mar-25 8:21:30 PM AEST,0.0,nan,nan,nan,nan,nan,nan,nan,nan,nan,nan,nan
24-Mar-25 8:22:30 PM AEST,nan,nan,93.3,nan,0.60,3.41,nan,nan,nan,nan,14.20,nan
24-Mar-25 8:22:58 PM AEST,nan,nan,nan,6552.80,nan,nan,nan,nan,nan,nan,nan,1.00
24-Mar-25 8:23:33 PM AEST,nan,nan,nan,nan,nan,nan,nan,nan,nan,84.70,nan,nan
24-Mar-25 8:23:45 PM AEST,nan,nan,nan,nan,nan,nan,nan,nan,317.80,nan,nan,nan
24-Mar-25 8:24:00 PM AEST,72.2,nan,nan,nan,nan,nan,nan,nan,nan,nan,nan,nan
24-Mar-25 8:26:00 PM AEST,nan,nan,nan,nan,nan,nan,nan,0.00,nan,nan,nan,nan
24-Mar-25 8:28:00 PM AEST,13.8,13.8,nan,13.80,nan,nan,nan,nan,nan,nan,nan,51.10
24-Mar-25 8:30:26 PM AEST,nan,0.0,nan,nan,nan,nan,nan,nan,nan,nan,nan,nan
24-Mar-25 8:30:29 PM AEST,nan,nan,nan,6552.80,nan,nan,nan,nan,nan,nan,nan,1.00
24-Mar-25 8:30:30 PM AEST,72.2,nan,nan,nan,nan,nan,nan,nan,nan,nan,nan,nan
24-Mar-25 8:32:00 PM AEST,nan,nan,0.6,nan,14.20,0.14,nan,11.23,nan,nan,nan,nan
24-Mar-25 8:34:30 PM AEST,nan,nan,93.3,nan,0.60,3.41,nan,nan,nan,nan,nan,nan
24-Mar-25 8:37:00 PM AEST,nan,nan,14.2,nan,84.70,0.85,nan,nan,nan,nan,nan,nan
24-Mar-25 8:38:00 PM AEST,nan,nan,nan,nan,nan,nan,nan,nan,nan,317.80,317.80,nan
24-Mar-25 8:39:30 PM AEST,nan,nan,93.3,nan,0.60,3.41,nan,nan,nan,nan,nan,nan
24-Mar-25 8:40:30 PM AEST,nan,nan,nan,nan,nan,nan,nan,nan,nan,nan,14.20,nan
24-Mar-25 8:40:31 PM AEST,nan,nan,nan,nan,nan,nan,nan,nan,nan,84.70,nan,nan
24-Mar-25 8:42:00 PM AEST,0.2,0.2,nan,0.20,nan,nan,24.00,2.40,nan,nan,nan,0.00
24-Mar-25 8:43:02 PM AEST,nan,nan,nan,nan,nan,nan,nan,nan,nan,0.00,nan,nan
24-Mar-25 8:44:00 PM AEST,nan,nan,23.6,nan,72.20,65.53,nan,nan,0.00,nan,0.00,nan
24-Mar-25 8:44:00 PM AEST,nan,nan,8.3,nan,23.60,0.24,nan,nan,1.00,nan,23.60,nan
24-Mar-25 8:44:25 PM AEST,nan,nan,nan,nan,nan,nan,nan,0.00,nan,nan,nan,nan
24-Mar-25 8:44:25 PM AEST,nan,nan,nan,nan,nan,nan,nan,11.23,nan,nan,nan,nan
24-Mar-25 8:44:26 PM AEST,nan,97.5,nan,nan,nan,nan,125.20,nan,nan,nan,nan,nan
24-Mar-25 8:44:26 PM AEST,nan,0.0,nan,nan,nan,nan,0.00,nan,nan,nan,nan,nan
24-Mar-25 8:44:29 PM AEST,nan,nan,nan,72.20,nan,nan,nan,nan,nan,nan,nan,72.20
24-Mar-25 8:44:30 PM AEST,24.0,nan,nan,nan,nan,nan,nan,nan,nan,nan,nan,nan
24-Mar-25 8:44:30 PM AEST,72.2,nan,nan,nan,nan,nan,nan,nan,nan,nan,nan,nan
24-Mar-25 8:45:33 PM AEST,nan,nan,nan,nan,nan,nan,nan,nan,nan,1.00,nan,nan
24-Mar-25 8:45:33 PM AEST,nan,nan,nan,nan,nan,nan,nan,nan,nan,0.00,nan,nan
24-Mar-25 8:46:30 PM AEST,nan,nan,23.6,nan,72.20,65.53,nan,nan,nan,nan,0.00,nan
24-Mar-25 8:46:35 PM AEST,nan,nan,nan,nan,nan,nan,nan,nan,0.00,nan,nan,nan
24-Mar-25 8:46:50 PM AEST,nan,nan,nan,nan,nan,nan,nan,5.11,nan,nan,nan,nan
24-Mar-25 8:46:52 PM AEST,nan,14.8,nan,nan,nan,nan,14.80,nan,nan,nan,nan,nan
24-Mar-25 8:46:58 PM AEST,nan,nan,nan,112.30,nan,nan,nan,nan,nan,nan,nan,112.30
24-Mar-25 8:47:00 PM AEST,112.3,nan,nan,nan,nan,nan,nan,nan,nan,nan,nan,nan
24-Mar-25 8:49:00 PM AEST,nan,nan,93.3,nan,0.60,3.41,nan,nan,nan,nan,14.20,nan
24-Mar-25 8:49:10 PM AEST,nan,nan,nan,nan,nan,nan,nan,nan,317.80,nan,nan,nan
24-Mar-25 8:49:15 PM AEST,nan,nan,nan,nan,nan,nan,nan,0.00,nan,nan,nan,nan
24-Mar-25 8:49:18 PM AEST,nan,97.5,nan,nan,nan,nan,125.20,nan,nan,nan,nan,nan
24-Mar-25 8:49:27 PM AEST,nan,nan,nan,0.20,nan,nan,nan,nan,nan,nan,nan,0.00
24-Mar-25 8:49:27 PM AEST,nan,nan,nan,6552.80,nan,nan,nan,nan,nan,nan,nan,1.00
24-Mar-25 8:49:30 PM AEST,24.0,nan,nan,nan,nan,nan,nan,nan,nan,nan,nan,nan
24-Mar-25 8:49:30 PM AEST,72.2,nan,nan,nan,nan,nan,nan,nan,nan,nan,nan,nan
24-Mar-25 8:50:00 PM AEST,nan,nan,nan,nan,nan,nan,nan,nan,nan,84.70,nan,nan
24-Mar-25 8:51:44 PM AEST,nan,0.0,nan,nan,nan,nan,nan,nan,nan,nan,nan,nan
24-Mar-25 8:54:00 PM AEST,nan,nan,nan,nan,nan,nan,0.00,11.23,nan,nan,nan,nan
24-Mar-25 8:56:00 PM AEST,nan,nan,0.9,nan,8.30,0.08,nan,nan,23.60,23.60,23.60,6552.80
24-Mar-25 8:58:29 PM AEST,nan,nan,nan,nan,nan,nan,nan,nan,nan,nan,nan,1.00
24-Mar-25 8:58:29 PM AEST,nan,nan,nan,nan,nan,nan,nan,nan,nan,nan,nan,0.00
24-Mar-25 8:58:29 PM AEST,nan,nan,nan,nan,nan,nan,nan,nan,nan,nan,nan,112.30
24-Mar-25 8:58:30 PM AEST,nan,nan,341.4,nan,0.60,3.41,nan,nan,nan,nan,14.20,nan
24-Mar-25 8:58:30 PM AEST,nan,nan,23.6,nan,72.20,65.53,nan,nan,nan,nan,0.00,nan
24-Mar-25 8:58:31 PM AEST,nan,nan,nan,nan,nan,nan,nan,nan,nan,84.70,nan,nan
24-Mar-25 8:58:31 PM AEST,nan,nan,nan,nan,nan,nan,nan,nan,nan,0.00,nan,nan
24-Mar-25 8:58:35 PM AEST,nan,nan,nan,nan,nan,nan,nan,nan,317.80,nan,nan,nan
24-Mar-25 8:58:35 PM AEST,nan,nan,nan,nan,nan,nan,nan,nan,0.00,nan,nan,nan
24-Mar-25 9:00:00 PM AEST,24.0,97.5,nan,0.20,nan,nan,125.20,0.00,nan,nan,nan,nan
24-Mar-25 9:00:00 PM AEST,14.8,14.8,nan,14.80,nan,nan,51.10,5.11,nan,nan,nan,nan
24-Mar-25 9:00:58 PM AEST,nan,nan,nan,nan,nan,nan,nan,nan,nan,nan,nan,1.00
24-Mar-25 9:01:00 PM AEST,nan,nan,317.8,nan,1.40,0.01,nan,nan,nan,nan,0.90,nan
24-Mar-25 9:01:02 PM AEST,nan,nan,nan,nan,nan,nan,nan,nan,nan,0.90,nan,nan
24-Mar-25 9:01:10 PM AEST,nan,nan,nan,nan,nan,nan,nan,nan,0.90,nan,nan,nan
24-Mar-25 9:02:25 PM AEST,nan,nan,nan,nan,nan,nan,nan,11.23,nan,nan,nan,nan
24-Mar-25 9:02:26 PM AEST,nan,0.0,nan,nan,nan,nan,0.00,nan,nan,nan,nan,nan
24-Mar-25 9:02:29 PM AEST,nan,nan,nan,6552.80,nan,nan,nan,nan,nan,nan,nan,nan
24-Mar-25 9:02:30 PM AEST,72.2,nan,nan,nan,nan,nan,nan,nan,nan,nan,nan,nan
24-Mar-25 9:03:30 PM AEST,nan,nan,93.3,nan,0.60,3.41,nan,nan,nan,nan,14.20,nan
24-Mar-25 9:03:33 PM AEST,nan,nan,nan,nan,nan,nan,nan,nan,nan,84.70,nan,nan
24-Mar-25 9:03:45 PM AEST,nan,nan,nan,nan,nan,nan,nan,nan,317.80,nan,nan,nan
24-Mar-25 9:04:52 PM AEST,nan,nan,nan,nan,nan,nan,112.30,nan,nan,nan,nan,nan
24-Mar-25 9:04:58 PM AEST,nan,nan,nan,0.00,nan,nan,nan,nan,nan,nan,nan,nan
24-Mar-25 9:05:00 PM AEST,0.0,nan,nan,nan,nan,nan,nan,nan,nan,nan,nan,nan
24-Mar-25 9:06:00 PM AEST,nan,nan,23.6,nan,72.20,65.53,nan,nan,nan,nan,72.20,0.00
24-Mar-25 9:06:00 PM AEST,nan,nan,23.6,nan,72.20,65.53,nan,nan,nan,nan,0.00,0.00
24-Mar-25 9:06:04 PM AEST,nan,nan,nan,nan,nan,nan,nan,nan,nan,72.20,nan,nan
24-Mar-25 9:06:04 PM AEST,nan,nan,nan,nan,nan,nan,nan,nan,nan,0.00,nan,nan
24-Mar-25 9:06:20 PM AEST,nan,nan,nan,nan,nan,nan,nan,nan,0.00,nan,nan,nan
24-Mar-25 9:07:18 PM AEST,nan,nan,nan,nan,nan,nan,51.10,nan,nan,nan,nan,nan
24-Mar-25 9:07:27 PM AEST,nan,nan,nan,14.80,nan,nan,nan,nan,nan,nan,nan,nan
24-Mar-25 9:07:30 PM AEST,51.1,nan,nan,nan,nan,nan,nan,nan,nan,nan,nan,nan
24-Mar-25 9:08:00 PM AEST,nan,51.1,nan,nan,nan,nan,nan,1.38,nan,nan,nan,nan
24-Mar-25 9:08:29 PM AEST,nan,nan,nan,nan,nan,nan,nan,nan,nan,nan,nan,14.80
24-Mar-25 9:08:30 PM AEST,nan,nan,0.9,nan,8.30,0.08,nan,nan,nan,nan,23.60,nan
24-Mar-25 9:08:35 PM AEST,nan,nan,nan,nan,nan,nan,nan,nan,nan,23.60,nan,nan
24-Mar-25 9:08:55 PM AEST,nan,nan,nan,nan,nan,nan,nan,nan,23.60,nan,nan,nan
24-Mar-25 9:09:44 PM AEST,nan,nan,nan,nan,nan,nan,0.00,nan,nan,nan,nan,nan
24-Mar-25 9:09:56 PM AEST,nan,nan,nan,6552.80,nan,nan,nan,nan,nan,nan,nan,nan
24-Mar-25 9:10:00 PM AEST,72.2,nan,nan,nan,nan,nan,nan,nan,nan,nan,nan,nan
24-Mar-25 9:10:25 PM AEST,nan,nan,nan,nan,nan,nan,nan,11.23,nan,nan,nan,nan
24-Mar-25 9:10:26 PM AEST,nan,0.0,nan,nan,nan,nan,nan,nan,nan,nan,nan,nan
24-Mar-25 9:10:58 PM AEST,nan,nan,nan,nan,nan,nan,nan,nan,nan,nan,nan,6552.80
24-Mar-25 9:11:00 PM AEST,nan,nan,98.2,nan,nan,3.41,nan,nan,nan,nan,nan,nan
24-Mar-25 9:11:06 PM AEST,nan,nan,nan,nan,nan,nan,nan,nan,nan,84.70,nan,nan
24-Mar-25 9:11:30 PM AEST,nan,nan,nan,nan,nan,nan,nan,nan,317.80,nan,nan,nan
24-Mar-25 9:12:00 PM AEST,nan,nan,nan,nan,0.60,nan,nan,nan,nan,nan,14.20,nan
24-Mar-25 9:13:27 PM AEST,nan,nan,nan,nan,nan,nan,nan,nan,nan,nan,nan,1.00
24-Mar-25 9:16:00 PM AEST,24.0,97.5,93.3,0.20,nan,nan,125.20,0.00,nan,nan,nan,nan
24-Mar-25 9:16:00 PM AEST,72.2,0.0,93.3,6552.80,nan,nan,0.00,0.00,nan,nan,nan,nan
24-Mar-25 9:18:25 PM AEST,nan,nan,nan,nan,nan,nan,nan,11.23,nan,nan,nan,nan
24-Mar-25 9:18:26 PM AEST,nan,97.5,nan,nan,nan,nan,nan,nan,nan,nan,nan,nan
24-Mar-25 9:18:29 PM AEST,nan,nan,nan,0.20,nan,nan,nan,nan,nan,nan,nan,nan
24-Mar-25 9:18:30 PM AEST,24.0,nan,nan,nan,nan,nan,nan,nan,nan,nan,nan,nan
24-Mar-25 9:20:00 PM AEST,nan,nan,nan,nan,nan,nan,97.50,nan,nan,nan,nan,nan
24-Mar-25 9:20:50 PM AEST,nan,nan,nan,nan,nan,nan,nan,12.52,nan,nan,nan,nan
24-Mar-25 9:20:58 PM AEST,nan,nan,nan,6552.80,nan,nan,nan,nan,nan,nan,nan,nan
24-Mar-25 9:21:00 PM AEST,72.2,nan,nan,nan,nan,nan,nan,nan,nan,nan,nan,nan
24-Mar-25 9:22:00 PM AEST,nan,0.0,nan,nan,nan,nan,nan,nan,nan,nan,nan,nan
24-Mar-25 9:22:26 PM AEST,nan,nan,nan,nan,nan,nan,0.00,nan,nan,nan,nan,nan
24-Mar-25 9:23:15 PM AEST,nan,nan,nan,nan,nan,nan,nan,11.23,nan,nan,nan,nan
24-Mar-25 9:23:15 PM AEST,nan,nan,nan,nan,nan,nan,nan,0.00,nan,nan,nan,nan
24-Mar-25 9:23:27 PM AEST,nan,nan,nan,0.20,nan,nan,nan,nan,nan,nan,nan,nan
24-Mar-25 9:23:30 PM AEST,24.0,nan,nan,nan,nan,nan,nan,nan,nan,nan,nan,nan
24-Mar-25 9:24:00 PM AEST,nan,nan,23.6,nan,72.20,65.53,nan,nan,0.00,0.00,0.00,0.00
24-Mar-25 9:24:00 PM AEST,nan,nan,93.3,nan,0.60,3.41,nan,nan,0.00,84.70,0.00,0.00
24-Mar-25 9:24:26 PM AEST,nan,97.5,nan,nan,nan,nan,nan,nan,nan,nan,nan,nan
24-Mar-25 9:24:52 PM AEST,nan,nan,nan,nan,nan,nan,125.20,nan,nan,nan,nan,nan
24-Mar-25 9:24:52 PM AEST,nan,nan,nan,nan,nan,nan,0.00,nan,nan,nan,nan,nan
24-Mar-25 9:25:56 PM AEST,nan,nan,nan,6552.80,nan,nan,nan,nan,nan,nan,nan,nan
24-Mar-25 9:26:00 PM AEST,72.2,nan,nan,nan,nan,nan,nan,nan,nan,nan,nan,nan
24-Mar-25 9:26:29 PM AEST,nan,nan,nan,nan,nan,nan,nan,nan,nan,nan,nan,1.00
24-Mar-25 9:26:30 PM AEST,nan,nan,nan,nan,nan,nan,nan,nan,nan,nan,14.20,nan
24-Mar-25 9:26:35 PM AEST,nan,nan,nan,nan,nan,nan,nan,nan,317.80,nan,nan,nan
24-Mar-25 9:26:52 PM AEST,nan,0.0,nan,nan,nan,nan,nan,nan,nan,nan,nan,nan
24-Mar-25 9:26:52 PM AEST,nan,97.5,nan,nan,nan,nan,nan,nan,nan,nan,nan,nan
24-Mar-25 9:27:18 PM AEST,nan,nan,nan,nan,nan,nan,125.20,nan,nan,nan,nan,nan
24-Mar-25 9:27:18 PM AEST,nan,nan,nan,nan,nan,nan,0.00,nan,nan,nan,nan,nan
24-Mar-25 9:28:00 PM AEST,nan,nan,23.6,nan,72.20,65.53,nan,nan,nan,0.00,nan,nan
24-Mar-25 9:28:25 PM AEST,nan,nan,nan,0.20,nan,nan,nan,nan,nan,nan,nan,nan
24-Mar-25 9:28:25 PM AEST,nan,nan,nan,13.80,nan,nan,nan,nan,nan,nan,nan,nan
24-Mar-25 9:28:30 PM AEST,24.0,nan,nan,nan,nan,nan,nan,nan,nan,nan,nan,nan
24-Mar-25 9:28:30 PM AEST,13.8,nan,nan,nan,nan,nan,nan,nan,nan,nan,nan,nan
24-Mar-25 9:28:58 PM AEST,nan,nan,nan,nan,nan,nan,nan,nan,nan,nan,nan,0.00
24-Mar-25 9:28:58 PM AEST,nan,nan,nan,nan,nan,nan,nan,nan,nan,nan,nan,51.10
24-Mar-25 9:29:00 PM AEST,nan,nan,nan,nan,nan,nan,nan,nan,nan,nan,0.00,nan
24-Mar-25 9:29:10 PM AEST,nan,nan,nan,nan,nan,nan,nan,nan,0.00,nan,nan,nan
24-Mar-25 9:29:10 PM AEST,nan,nan,nan,nan,nan,nan,nan,nan,6552.80,nan,nan,nan
24-Mar-25 9:29:18 PM AEST,nan,13.8,nan,nan,nan,nan,nan,nan,nan,nan,nan,nan
24-Mar-25 9:30:30 PM AEST,nan,nan,nan,nan,1.00,0.24,nan,nan,nan,nan,nan,nan
24-Mar-25 9:30:31 PM AEST,nan,nan,nan,nan,nan,nan,nan,nan,nan,1.00,nan,nan
24-Mar-25 9:30:54 PM AEST,nan,nan,nan,0.00,nan,nan,nan,nan,nan,nan,nan,nan
24-Mar-25 9:31:00 PM AEST,0.0,nan,nan,nan,nan,nan,nan,nan,nan,nan,nan,nan
24-Mar-25 9:31:27 PM AEST,nan,nan,nan,nan,nan,nan,nan,nan,nan,nan,nan,72.20
24-Mar-25 9:31:30 PM AEST,nan,nan,nan,nan,nan,nan,nan,nan,nan,nan,1.00,nan
24-Mar-25 9:31:44 PM AEST,nan,0.0,nan,nan,nan,nan,nan,nan,nan,nan,nan,nan
24-Mar-25 9:32:00 PM AEST,nan,nan,nan,nan,nan,nan,nan,11.23,nan,nan,nan,nan
24-Mar-25 9:33:00 PM AEST,nan,nan,nan,nan,0.60,3.41,nan,nan,nan,nan,nan,nan
24-Mar-25 9:33:02 PM AEST,nan,nan,nan,nan,nan,nan,nan,nan,nan,84.70,nan,nan
24-Mar-25 9:33:23 PM AEST,nan,nan,nan,6552.80,nan,nan,nan,nan,nan,nan,nan,nan
24-Mar-25 9:33:30 PM AEST,72.2,nan,nan,nan,nan,nan,nan,nan,nan,nan,nan,nan
24-Mar-25 9:33:56 PM AEST,nan,nan,nan,nan,nan,nan,nan,nan,nan,nan,nan,1.00
24-Mar-25 9:34:00 PM AEST,nan,nan,93.3,nan,nan,nan,nan,nan,317.80,nan,14.20,nan
24-Mar-25 9:35:30 PM AEST,nan,nan,nan,nan,72.20,65.53,nan,nan,nan,nan,nan,nan
24-Mar-25 9:35:33 PM AEST,nan,nan,nan,nan,nan,nan,nan,nan,nan,0.00,nan,nan
24-Mar-25 9:35:52 PM AEST,nan,nan,nan,0.20,nan,nan,nan,nan,nan,nan,nan,nan
24-Mar-25 9:35:52 PM AEST,nan,nan,nan,14.80,nan,nan,nan,nan,nan,nan,nan,nan
24-Mar-25 9:36:00 PM AEST,24.0,97.5,nan,nan,nan,nan,125.20,0.00,nan,nan,nan,nan
24-Mar-25 9:36:00 PM AEST,51.1,51.1,nan,nan,nan,nan,51.10,1.38,nan,nan,nan,nan
24-Mar-25 9:36:25 PM AEST,nan,nan,nan,nan,nan,nan,nan,nan,nan,nan,nan,0.00
24-Mar-25 9:36:25 PM AEST,nan,nan,nan,nan,nan,nan,nan,nan,nan,nan,nan,14.80
24-Mar-25 9:36:30 PM AEST,nan,nan,23.6,nan,nan,nan,nan,nan,nan,nan,0.00,nan
24-Mar-25 9:36:35 PM AEST,nan,nan,nan,nan,nan,nan,nan,nan,0.00,nan,nan,nan
24-Mar-25 9:38:00 PM AEST,nan,nan,nan,nan,0.60,3.41,nan,nan,nan,nan,nan,nan
24-Mar-25 9:38:04 PM AEST,nan,nan,nan,nan,nan,nan,nan,nan,nan,84.70,nan,nan
24-Mar-25 9:38:21 PM AEST,nan,nan,nan,6552.80,nan,nan,nan,nan,nan,nan,nan,nan
24-Mar-25 9:38:26 PM AEST,nan,0.0,nan,nan,nan,nan,0.00,nan,nan,nan,nan,nan
24-Mar-25 9:38:30 PM AEST,72.2,nan,nan,nan,nan,nan,nan,nan,nan,nan,nan,nan
24-Mar-25 9:38:54 PM AEST,nan,nan,nan,nan,nan,nan,nan,nan,nan,nan,nan,1.00
24-Mar-25 9:39:00 PM AEST,nan,nan,93.3,nan,nan,nan,nan,nan,nan,nan,14.20,nan
24-Mar-25 9:39:10 PM AEST,nan,nan,nan,nan,nan,nan,nan,nan,317.80,nan,nan,nan
24-Mar-25 9:40:00 PM AEST,nan,nan,nan,nan,nan,nan,nan,11.23,nan,nan,nan,nan
24-Mar-25 9:42:25 PM AEST,nan,nan,nan,nan,nan,nan,nan,2.40,nan,nan,nan,nan
24-Mar-25 9:44:00 PM AEST,0.2,0.2,nan,0.20,nan,nan,24.00,nan,nan,nan,nan,0.00
24-Mar-25 9:44:00 PM AEST,24.0,97.5,nan,0.20,nan,nan,125.20,nan,nan,nan,nan,0.00
24-Mar-25 9:44:50 PM AEST,nan,nan,nan,nan,nan,nan,nan,0.00,nan,nan,nan,nan
24-Mar-25 9:46:00 PM AEST,nan,nan,23.6,nan,72.20,65.53,nan,nan,0.00,0.00,0.00,nan
24-Mar-25 9:46:00 PM AEST,nan,nan,93.3,nan,0.60,3.41,nan,nan,317.80,84.70,14.20,nan
24-Mar-25 9:46:26 PM AEST,nan,0.2,nan,nan,nan,nan,0.20,nan,nan,nan,nan,nan
24-Mar-25 9:46:29 PM AEST,nan,nan,nan,0.00,nan,nan,nan,nan,nan,nan,nan,nan
24-Mar-25 9:46:30 PM AEST,0.0,nan,nan,nan,nan,nan,nan,nan,nan,nan,nan,nan
24-Mar-25 9:47:15 PM AEST,nan,nan,nan,nan,nan,nan,nan,2.40,nan,nan,nan,nan
24-Mar-25 9:48:30 PM AEST,nan,nan,23.6,nan,1.00,0.24,nan,nan,nan,nan,1.00,nan
24-Mar-25 9:48:31 PM AEST,nan,nan,nan,nan,nan,nan,nan,nan,nan,1.00,nan,nan
24-Mar-25 9:48:35 PM AEST,nan,nan,nan,nan,nan,nan,nan,nan,6552.80,nan,nan,nan
24-Mar-25 9:48:52 PM AEST,nan,0.0,nan,nan,nan,nan,nan,nan,nan,nan,nan,nan
24-Mar-25 9:49:40 PM AEST,nan,nan,nan,nan,nan,nan,nan,11.23,nan,nan,nan,nan
24-Mar-25 9:50:00 PM AEST,nan,nan,nan,nan,nan,nan,0.00,nan,nan,nan,nan,72.20
24-Mar-25 9:51:00 PM AEST,nan,nan,nan,nan,72.20,65.53,nan,nan,nan,nan,0.00,nan
24-Mar-25 9:51:02 PM AEST,nan,nan,nan,nan,nan,nan,nan,nan,nan,0.00,nan,nan
24-Mar-25 9:51:10 PM AEST,nan,nan,nan,nan,nan,nan,nan,nan,0.00,nan,nan,nan
24-Mar-25 9:51:18 PM AEST,nan,97.5,nan,nan,nan,nan,nan,nan,nan,nan,nan,nan
24-Mar-25 9:52:00 PM AEST,24.0,nan,93.3,0.20,nan,nan,nan,nan,nan,nan,nan,nan
24-Mar-25 9:52:00 PM AEST,72.2,nan,93.3,6552.80,nan,nan,nan,nan,nan,nan,nan,nan
24-Mar-25 9:52:05 PM AEST,nan,nan,nan,nan,nan,nan,nan,0.00,nan,nan,nan,nan
24-Mar-25 9:52:26 PM AEST,nan,nan,nan,nan,nan,nan,125.20,nan,nan,nan,nan,nan
24-Mar-25 9:52:26 PM AEST,nan,nan,nan,nan,nan,nan,0.00,nan,nan,nan,nan,nan
24-Mar-25 9:52:29 PM AEST,nan,nan,nan,nan,nan,nan,nan,nan,nan,nan,nan,0.00
24-Mar-25 9:52:29 PM AEST,nan,nan,nan,nan,nan,nan,nan,nan,nan,nan,nan,1.00
24-Mar-25 9:53:30 PM AEST,nan,nan,nan,nan,0.60,3.41,nan,nan,nan,nan,14.20,nan
24-Mar-25 9:53:30 PM AEST,nan,nan,nan,nan,72.20,65.53,nan,nan,nan,nan,0.00,nan
24-Mar-25 9:53:33 PM AEST,nan,nan,nan,nan,nan,nan,nan,nan,nan,84.70,nan,nan
24-Mar-25 9:53:33 PM AEST,nan,nan,nan,nan,nan,nan,nan,nan,nan,0.00,nan,nan
24-Mar-25 9:53:44 PM AEST,nan,0.0,nan,nan,nan,nan,nan,nan,nan,nan,nan,nan
24-Mar-25 9:53:44 PM AEST,nan,112.3,nan,nan,nan,nan,nan,nan,nan,nan,nan,nan
24-Mar-25 9:53:45 PM AEST,nan,nan,nan,nan,nan,nan,nan,nan,317.80,nan,nan,nan
24-Mar-25 9:53:45 PM AEST,nan,nan,nan,nan,nan,nan,nan,nan,0.00,nan,nan,nan
24-Mar-25 9:54:29 PM AEST,nan,nan,nan,0.00,nan,nan,nan,nan,nan,nan,nan,nan
24-Mar-25 9:54:30 PM AEST,112.3,nan,23.6,nan,nan,nan,nan,11.23,nan,nan,nan,nan
24-Mar-25 9:54:30 PM AEST,112.3,nan,23.6,nan,nan,nan,nan,1.48,nan,nan,nan,nan
24-Mar-25 9:54:52 PM AEST,nan,nan,nan,nan,nan,nan,112.30,nan,nan,nan,nan,nan
24-Mar-25 9:54:58 PM AEST,nan,nan,nan,nan,nan,nan,nan,nan,nan,nan,nan,0.00
24-Mar-25 9:56:00 PM AEST,nan,nan,nan,nan,0.60,3.41,nan,nan,nan,nan,14.20,nan
24-Mar-25 9:56:04 PM AEST,nan,nan,nan,nan,nan,nan,nan,nan,nan,84.70,nan,nan
24-Mar-25 9:56:10 PM AEST,nan,0.0,nan,nan,nan,nan,nan,nan,nan,nan,nan,nan
24-Mar-25 9:56:20 PM AEST,nan,nan,nan,nan,nan,nan,nan,nan,317.80,nan,nan,nan
24-Mar-25 9:56:55 PM AEST,nan,nan,nan,nan,nan,nan,nan,11.23,nan,nan,nan,nan
24-Mar-25 9:56:58 PM AEST,nan,nan,nan,6552.80,nan,nan,nan,nan,nan,nan,nan,nan
24-Mar-25 9:57:00 PM AEST,72.2,nan,93.3,nan,nan,nan,nan,nan,nan,nan,nan,nan
24-Mar-25 9:57:18 PM AEST,nan,nan,nan,nan,nan,nan,0.00,nan,nan,nan,nan,nan
24-Mar-25 9:57:27 PM AEST,nan,nan,nan,nan,nan,nan,nan,nan,nan,nan,nan,1.00
24-Mar-25 10:02:00 PM AEST,24.0,97.5,nan,0.20,nan,nan,97.50,12.52,nan,nan,nan,nan
24-Mar-25 10:04:25 PM AEST,nan,nan,nan,nan,nan,nan,nan,11.23,nan,nan,nan,nan
24-Mar-25 10:04:26 PM AEST,nan,0.0,nan,nan,nan,nan,0.00,nan,nan,nan,nan,nan
24-Mar-25 10:04:29 PM AEST,nan,nan,nan,6552.80,nan,nan,nan,nan,nan,nan,nan,nan
24-Mar-25 10:04:30 PM AEST,72.2,nan,nan,nan,nan,nan,nan,nan,nan,nan,nan,nan
24-Mar-25 10:06:00 PM AEST,nan,nan,23.6,nan,72.20,65.53,nan,nan,0.00,0.00,0.00,0.00
24-Mar-25 10:06:00 PM AEST,nan,nan,23.6,nan,72.20,65.53,nan,nan,0.00,0.00,0.00,112.30
24-Mar-25 10:06:50 PM AEST,nan,nan,nan,nan,nan,nan,nan,0.00,nan,nan,nan,nan
24-Mar-25 10:06:50 PM AEST,nan,nan,nan,nan,nan,nan,nan,5.11,nan,nan,nan,nan
24-Mar-25 10:06:52 PM AEST,nan,97.5,nan,nan,nan,nan,125.20,nan,nan,nan,nan,nan
24-Mar-25 10:06:52 PM AEST,nan,14.8,nan,nan,nan,nan,14.80,nan,nan,nan,nan,nan
24-Mar-25 10:06:58 PM AEST,nan,nan,nan,0.20,nan,nan,nan,nan,nan,nan,nan,nan
24-Mar-25 10:06:58 PM AEST,nan,nan,nan,112.30,nan,nan,nan,nan,nan,nan,nan,nan
24-Mar-25 10:07:00 PM AEST,24.0,nan,nan,nan,nan,nan,nan,nan,nan,nan,nan,nan
24-Mar-25 10:07:00 PM AEST,112.3,nan,nan,nan,nan,nan,nan,nan,nan,nan,nan,nan
24-Mar-25 10:08:29 PM AEST,nan,nan,nan,nan,nan,nan,nan,nan,nan,nan,nan,1.00
24-Mar-25 10:08:30 PM AEST,nan,nan,93.3,nan,0.60,3.41,nan,nan,nan,nan,14.20,nan
24-Mar-25 10:08:31 PM AEST,nan,nan,nan,nan,nan,nan,nan,nan,nan,84.70,nan,nan
24-Mar-25 10:08:35 PM AEST,nan,nan,nan,nan,nan,nan,nan,nan,317.80,nan,nan,nan
24-Mar-25 10:09:15 PM AEST,nan,nan,nan,nan,nan,nan,nan,11.23,nan,nan,nan,nan
24-Mar-25 10:09:18 PM AEST,nan,0.0,nan,nan,nan,nan,0.00,nan,nan,nan,nan,nan
24-Mar-25 10:09:27 PM AEST,nan,nan,nan,6552.80,nan,nan,nan,nan,nan,nan,nan,nan
24-Mar-25 10:09:30 PM AEST,72.2,nan,nan,nan,nan,nan,nan,nan,nan,nan,nan,nan
24-Mar-25 10:11:00 PM AEST,nan,nan,23.6,nan,72.20,65.53,nan,nan,nan,nan,0.00,nan
24-Mar-25 10:11:02 PM AEST,nan,nan,nan,nan,nan,nan,nan,nan,nan,0.00,nan,nan
24-Mar-25 10:11:10 PM AEST,nan,nan,nan,nan,nan,nan,nan,nan,0.00,nan,nan,nan
24-Mar-25 10:11:40 PM AEST,nan,nan,nan,nan,nan,nan,nan,5.11,nan,nan,nan,nan
24-Mar-25 10:11:44 PM AEST,nan,14.8,nan,nan,nan,nan,14.80,nan,nan,nan,nan,nan
24-Mar-25 10:11:56 PM AEST,nan,nan,nan,112.30,nan,nan,nan,nan,nan,nan,nan,nan
24-Mar-25 10:12:00 PM AEST,112.3,nan,nan,nan,nan,nan,nan,nan,nan,nan,nan,112.30
24-Mar-25 10:13:30 PM AEST,nan,nan,93.3,nan,0.60,3.41,nan,nan,nan,nan,14.20,nan
24-Mar-25 10:13:33 PM AEST,nan,nan,nan,nan,nan,nan,nan,nan,nan,84.70,nan,nan
24-Mar-25 10:13:45 PM AEST,nan,nan,nan,nan,nan,nan,nan,nan,317.80,nan,nan,nan
24-Mar-25 10:14:10 PM AEST,nan,0.0,nan,nan,nan,nan,nan,nan,nan,nan,nan,nan
24-Mar-25 10:14:25 PM AEST,nan,nan,nan,6552.80,nan,nan,nan,nan,nan,nan,nan,nan
24-Mar-25 10:14:29 PM AEST,nan,nan,nan,nan,nan,nan,nan,nan,nan,nan,nan,1.00
24-Mar-25 10:14:30 PM AEST,72.2,nan,nan,nan,nan,nan,nan,nan,nan,nan,nan,nan
24-Mar-25 10:16:00 PM AEST,nan,nan,nan,nan,nan,nan,0.00,11.23,nan,nan,nan,nan
24-Mar-25 10:20:00 PM AEST,24.0,97.5,nan,0.20,nan,nan,97.50,12.52,nan,nan,nan,0.00
24-Mar-25 10:22:25 PM AEST,nan,nan,nan,nan,nan,nan,nan,11.23,nan,nan,nan,nan
24-Mar-25 10:22:26 PM AEST,nan,0.0,nan,nan,nan,nan,0.00,nan,nan,nan,nan,nan
24-Mar-25 10:22:29 PM AEST,nan,nan,nan,6552.80,nan,nan,nan,nan,nan,nan,nan,1.00
24-Mar-25 10:22:30 PM AEST,72.2,nan,nan,nan,nan,nan,nan,nan,nan,nan,nan,nan
24-Mar-25 10:24:00 PM AEST,nan,nan,23.6,nan,72.20,65.53,nan,nan,0.00,0.00,0.00,nan
24-Mar-25 10:24:50 PM AEST,nan,nan,nan,nan,nan,nan,nan,0.00,nan,nan,nan,nan
24-Mar-25 10:24:52 PM AEST,nan,97.5,nan,nan,nan,nan,125.20,nan,nan,nan,nan,nan
24-Mar-25 10:24:58 PM AEST,nan,nan,nan,0.20,nan,nan,nan,nan,nan,nan,nan,0.00
24-Mar-25 10:24:58 PM AEST,nan,nan,nan,6552.80,nan,nan,nan,nan,nan,nan,nan,1.00
24-Mar-25 10:25:00 PM AEST,24.0,nan,nan,nan,nan,nan,nan,nan,nan,nan,nan,nan
24-Mar-25 10:25:00 PM AEST,72.2,nan,nan,nan,nan,nan,nan,nan,nan,nan,nan,nan
24-Mar-25 10:26:30 PM AEST,nan,nan,93.3,nan,0.60,3.41,nan,nan,nan,nan,14.20,nan
24-Mar-25 10:26:31 PM AEST,nan,nan,nan,nan,nan,nan,nan,nan,nan,84.70,nan,nan
24-Mar-25 10:26:35 PM AEST,nan,nan,nan,nan,nan,nan,nan,nan,317.80,nan,nan,nan
24-Mar-25 10:27:15 PM AEST,nan,nan,nan,nan,nan,nan,nan,11.23,nan,nan,nan,nan
24-Mar-25 10:27:18 PM AEST,nan,0.0,nan,nan,nan,nan,0.00,nan,nan,nan,nan,nan
24-Mar-25 10:29:40 PM AEST,nan,nan,nan,nan,nan,nan,nan,0.00,nan,nan,nan,nan
24-Mar-25 10:29:44 PM AEST,nan,nan,nan,nan,nan,nan,125.20,nan,nan,nan,nan,nan
24-Mar-25 10:30:00 PM AEST,nan,nan,23.6,nan,72.20,65.53,nan,nan,nan,nan,0.00,nan
24-Mar-25 10:32:00 PM AEST,112.3,112.3,nan,0.00,nan,nan,nan,nan,0.00,0.00,nan,0.00
24-Mar-25 10:32:05 PM AEST,nan,nan,nan,nan,nan,nan,nan,1.48,nan,nan,nan,nan
24-Mar-25 10:32:10 PM AEST,nan,nan,nan,nan,nan,nan,112.30,nan,nan,nan,nan,nan
24-Mar-25 10:32:30 PM AEST,nan,nan,93.3,nan,0.60,3.41,nan,nan,nan,nan,14.20,nan
24-Mar-25 10:34:26 PM AEST,nan,0.0,nan,nan,nan,nan,nan,nan,nan,nan,nan,nan
24-Mar-25 10:34:26 PM AEST,nan,97.5,nan,nan,nan,nan,nan,nan,nan,nan,nan,nan
24-Mar-25 10:34:29 PM AEST,nan,nan,nan,6552.80,nan,nan,nan,nan,nan,nan,nan,1.00
24-Mar-25 10:34:29 PM AEST,nan,nan,nan,0.20,nan,nan,nan,nan,nan,nan,nan,0.00
24-Mar-25 10:34:30 PM AEST,72.2,nan,nan,nan,nan,nan,nan,11.23,nan,nan,nan,nan
24-Mar-25 10:34:30 PM AEST,24.0,nan,nan,nan,nan,nan,nan,0.00,nan,nan,nan,nan
24-Mar-25 10:34:31 PM AEST,nan,nan,nan,nan,nan,nan,nan,nan,nan,84.70,nan,nan
24-Mar-25 10:34:31 PM AEST,nan,nan,nan,nan,nan,nan,nan,nan,nan,0.00,nan,nan
24-Mar-25 10:34:35 PM AEST,nan,nan,nan,nan,nan,nan,nan,nan,317.80,nan,nan,nan
24-Mar-25 10:34:35 PM AEST,nan,nan,nan,nan,nan,nan,nan,nan,0.00,nan,nan,nan
24-Mar-25 10:34:36 PM AEST,nan,nan,nan,nan,nan,nan,0.00,nan,nan,nan,nan,nan
24-Mar-25 10:34:36 PM AEST,nan,nan,nan,nan,nan,nan,125.20,nan,nan,nan,nan,nan
24-Mar-25 10:35:00 PM AEST,nan,nan,23.6,nan,72.20,65.53,nan,nan,nan,nan,0.00,nan
24-Mar-25 10:37:02 PM AEST,nan,nan,nan,nan,nan,nan,nan,nan,nan,84.70,nan,nan
24-Mar-25 10:37:10 PM AEST,nan,nan,nan,nan,nan,nan,nan,nan,317.80,nan,nan,nan
24-Mar-25 10:37:30 PM AEST,nan,nan,93.3,nan,0.60,3.41,nan,nan,nan,nan,14.20,nan
24-Mar-25 10:40:00 PM AEST,0.2,0.2,23.6,nan,72.20,65.53,24.00,2.40,nan,nan,0.00,nan
24-Mar-25 10:42:00 PM AEST,nan,nan,nan,112.30,nan,nan,nan,nan,0.00,0.00,nan,112.30
24-Mar-25 10:42:00 PM AEST,nan,nan,nan,0.20,nan,nan,nan,nan,0.00,0.00,nan,0.00
24-Mar-25 10:42:25 PM AEST,nan,nan,nan,nan,nan,nan,nan,5.11,nan,nan,nan,nan
24-Mar-25 10:42:25 PM AEST,nan,nan,nan,nan,nan,nan,nan,0.00,nan,nan,nan,nan
24-Mar-25 10:42:26 PM AEST,nan,14.8,nan,nan,nan,nan,14.80,nan,nan,nan,nan,nan
24-Mar-25 10:42:26 PM AEST,nan,97.5,nan,nan,nan,nan,125.20,nan,nan,nan,nan,nan
24-Mar-25 10:42:30 PM AEST,112.3,nan,nan,nan,nan,nan,nan,nan,nan,nan,nan,nan
24-Mar-25 10:42:30 PM AEST,24.0,nan,nan,nan,nan,nan,nan,nan,nan,nan,nan,nan
24-Mar-25 10:44:00 PM AEST,nan,nan,93.3,nan,0.60,3.41,nan,nan,nan,nan,14.20,nan
24-Mar-25 10:44:29 PM AEST,nan,nan,nan,6552.80,nan,nan,nan,nan,nan,nan,nan,1.00
24-Mar-25 10:44:31 PM AEST,nan,nan,nan,nan,nan,nan,nan,nan,nan,84.70,nan,nan
24-Mar-25 10:44:35 PM AEST,nan,nan,nan,nan,nan,nan,nan,nan,317.80,nan,nan,nan
24-Mar-25 10:44:50 PM AEST,nan,nan,nan,nan,nan,nan,nan,11.23,nan,nan,nan,nan
24-Mar-25 10:44:52 PM AEST,nan,0.0,nan,nan,nan,nan,0.00,nan,nan,nan,nan,nan
24-Mar-25 10:45:00 PM AEST,72.2,nan,nan,nan,nan,nan,nan,nan,nan,nan,nan,nan
24-Mar-25 10:47:15 PM AEST,nan,nan,nan,nan,nan,nan,nan,0.00,nan,nan,nan,nan
24-Mar-25 10:47:18 PM AEST,nan,97.5,nan,nan,nan,nan,125.20,nan,nan,nan,nan,nan
24-Mar-25 10:47:30 PM AEST,24.0,nan,nan,nan,nan,nan,nan,nan,nan,nan,nan,nan
24-Mar-25 10:49:40 PM AEST,nan,nan,nan,nan,nan,nan,nan,11.23,nan,nan,nan,nan
24-Mar-25 10:49:44 PM AEST,nan,0.0,nan,nan,nan,nan,0.00,nan,nan,nan,nan,nan
24-Mar-25 10:50:00 PM AEST,72.2,nan,nan,nan,nan,nan,nan,nan,nan,nan,nan,nan
24-Mar-25 10:52:00 PM AEST,nan,nan,nan,0.00,nan,nan,nan,nan,nan,nan,nan,0.00
24-Mar-25 10:52:05 PM AEST,nan,nan,nan,nan,nan,nan,nan,2.40,nan,nan,nan,nan
24-Mar-25 10:52:10 PM AEST,nan,0.2,nan,nan,nan,nan,0.20,nan,nan,nan,nan,nan
24-Mar-25 10:52:30 PM AEST,0.0,nan,nan,nan,nan,nan,nan,nan,nan,nan,nan,nan
24-Mar-25 10:54:00 PM AEST,nan,nan,23.6,nan,72.20,65.53,nan,nan,0.00,0.00,0.00,nan
24-Mar-25 10:54:29 PM AEST,nan,nan,nan,0.20,nan,nan,nan,nan,nan,nan,nan,nan
24-Mar-25 10:54:30 PM AEST,nan,nan,nan,nan,nan,nan,nan,12.52,nan,nan,nan,nan
24-Mar-25 10:54:36 PM AEST,nan,97.5,nan,nan,nan,nan,125.20,nan,nan,nan,nan,nan
24-Mar-25 10:55:00 PM AEST,24.0,nan,nan,nan,nan,nan,nan,nan,nan,nan,nan,nan
24-Mar-25 10:55:00 PM AEST,0.0,nan,nan,nan,nan,nan,nan,nan,nan,nan,nan,nan
24-Mar-25 10:56:30 PM AEST,nan,nan,93.3,nan,nan,3.41,nan,nan,nan,nan,nan,nan
24-Mar-25 10:56:30 PM AEST,nan,nan,23.6,nan,nan,65.53,nan,nan,nan,nan,nan,nan
24-Mar-25 10:56:55 PM AEST,nan,nan,nan,nan,nan,nan,nan,0.00,nan,nan,nan,nan
24-Mar-25 10:56:55 PM AEST,nan,nan,nan,nan,nan,nan,nan,2.40,nan,nan,nan,nan
24-Mar-25 10:56:58 PM AEST,nan,nan,nan,0.00,nan,nan,nan,nan,nan,nan,nan,nan
24-Mar-25 10:56:58 PM AEST,nan,nan,nan,0.20,nan,nan,nan,nan,nan,nan,nan,nan
24-Mar-25 10:57:02 PM AEST,nan,0.2,nan,nan,nan,nan,0.20,nan,nan,nan,nan,nan
24-Mar-25 10:57:02 PM AEST,nan,97.5,nan,nan,nan,nan,125.20,nan,nan,nan,nan,nan
24-Mar-25 10:57:30 PM AEST,24.0,nan,nan,nan,nan,nan,nan,nan,nan,nan,nan,nan
24-Mar-25 10:59:00 PM AEST,nan,nan,98.2,nan,nan,3.41,nan,nan,nan,nan,nan,nan
24-Mar-25 10:59:20 PM AEST,nan,nan,nan,nan,nan,nan,nan,0.00,nan,nan,nan,nan
24-Mar-25 10:59:20 PM AEST,nan,nan,nan,nan,nan,nan,nan,11.23,nan,nan,nan,nan
24-Mar-25 10:59:27 PM AEST,nan,nan,nan,6552.80,nan,nan,nan,nan,nan,nan,nan,nan
24-Mar-25 10:59:28 PM AEST,nan,0.0,nan,nan,nan,nan,0.00,nan,nan,nan,nan,nan
24-Mar-25 11:00:00 PM AEST,72.2,nan,nan,nan,0.60,nan,nan,nan,317.80,84.70,14.20,1.00
24-Mar-25 11:01:30 PM AEST,nan,nan,93.3,nan,nan,nan,nan,nan,nan,nan,nan,nan
24-Mar-25 11:01:45 PM AEST,nan,nan,nan,nan,nan,nan,nan,0.00,nan,nan,nan,nan
24-Mar-25 11:01:54 PM AEST,nan,97.5,nan,nan,nan,nan,125.20,nan,nan,nan,nan,nan
24-Mar-25 11:01:56 PM AEST,nan,nan,nan,0.20,nan,nan,nan,nan,nan,nan,nan,nan
24-Mar-25 11:02:30 PM AEST,24.0,nan,nan,nan,nan,nan,nan,nan,nan,nan,nan,nan
24-Mar-25 11:02:30 PM AEST,72.2,nan,nan,nan,nan,nan,nan,nan,nan,nan,nan,nan
24-Mar-25 11:04:00 PM AEST,nan,nan,341.4,nan,nan,0.01,nan,nan,nan,nan,nan,nan
24-Mar-25 11:04:10 PM AEST,nan,nan,nan,nan,nan,nan,nan,11.23,nan,nan,nan,nan
24-Mar-25 11:04:20 PM AEST,nan,0.0,nan,nan,nan,nan,0.00,nan,nan,nan,nan,nan
24-Mar-25 11:04:25 PM AEST,nan,nan,nan,6552.80,nan,nan,nan,nan,nan,nan,nan,nan
24-Mar-25 11:06:30 PM AEST,nan,nan,93.3,nan,nan,3.41,nan,nan,nan,nan,nan,nan
24-Mar-25 11:06:35 PM AEST,nan,nan,nan,nan,nan,nan,nan,0.00,nan,nan,nan,nan
24-Mar-25 11:06:46 PM AEST,nan,nan,nan,nan,nan,nan,125.20,nan,nan,nan,nan,nan
24-Mar-25 11:09:00 PM AEST,nan,nan,nan,nan,nan,nan,nan,11.23,nan,nan,nan,nan
24-Mar-25 11:09:12 PM AEST,nan,nan,nan,nan,nan,nan,0.00,nan,nan,nan,nan,nan
24-Mar-25 11:10:00 PM AEST,24.0,97.5,23.6,0.20,72.20,65.53,nan,nan,0.00,0.00,0.00,0.00
24-Mar-25 11:11:25 PM AEST,nan,nan,nan,nan,nan,nan,nan,0.00,nan,nan,nan,nan
24-Mar-25 11:11:38 PM AEST,nan,nan,nan,nan,nan,nan,125.20,nan,nan,nan,nan,nan
24-Mar-25 11:11:38 PM AEST,nan,nan,nan,nan,nan,nan,0.00,nan,nan,nan,nan,nan
24-Mar-25 11:11:38 PM AEST,nan,nan,nan,nan,nan,nan,125.20,nan,nan,nan,nan,nan
24-Mar-25 11:12:26 PM AEST,nan,0.0,nan,nan,nan,nan,nan,nan,nan,nan,nan,nan
24-Mar-25 11:12:26 PM AEST,nan,97.5,nan,nan,nan,nan,nan,nan,nan,nan,nan,nan
24-Mar-25 11:12:26 PM AEST,nan,0.0,nan,nan,nan,nan,nan,nan,nan,nan,nan,nan
24-Mar-25 11:12:29 PM AEST,nan,nan,nan,6552.80,nan,nan,nan,nan,nan,nan,nan,1.00
24-Mar-25 11:12:29 PM AEST,nan,nan,nan,0.20,nan,nan,nan,nan,nan,nan,nan,0.00
24-Mar-25 11:12:29 PM AEST,nan,nan,nan,0.00,nan,nan,nan,nan,nan,nan,nan,0.00
24-Mar-25 11:12:30 PM AEST,72.2,nan,93.3,nan,0.60,3.41,nan,nan,nan,nan,14.20,nan
24-Mar-25 11:12:30 PM AEST,24.0,nan,23.6,nan,72.20,65.53,nan,nan,nan,nan,0.00,nan
24-Mar-25 11:12:30 PM AEST,0.0,nan,23.6,nan,6552.80,65.53,nan,nan,nan,nan,6552.80,nan
24-Mar-25 11:12:31 PM AEST,nan,nan,nan,nan,nan,nan,nan,nan,nan,84.70,nan,nan
24-Mar-25 11:12:31 PM AEST,nan,nan,nan,nan,nan,nan,nan,nan,nan,0.00,nan,nan
24-Mar-25 11:12:31 PM AEST,nan,nan,nan,nan,nan,nan,nan,nan,nan,72.20,nan,nan
24-Mar-25 11:12:35 PM AEST,nan,nan,nan,nan,nan,nan,nan,nan,317.80,nan,nan,nan
24-Mar-25 11:12:35 PM AEST,nan,nan,nan,nan,nan,nan,nan,nan,0.00,nan,nan,nan
24-Mar-25 11:12:35 PM AEST,nan,nan,nan,nan,nan,nan,nan,nan,72.20,nan,nan,nan
24-Mar-25 11:13:50 PM AEST,nan,nan,nan,nan,nan,nan,nan,11.23,nan,nan,nan,nan
24-Mar-25 11:14:04 PM AEST,nan,nan,nan,nan,nan,nan,0.00,nan,nan,nan,nan,nan
24-Mar-25 11:14:04 PM AEST,nan,nan,nan,nan,nan,nan,13.80,nan,nan,nan,nan,nan
24-Mar-25 11:14:52 PM AEST,nan,13.8,nan,nan,nan,nan,nan,nan,nan,nan,nan,nan
24-Mar-25 11:14:58 PM AEST,nan,nan,nan,51.10,nan,nan,nan,nan,nan,nan,nan,51.10
24-Mar-25 11:15:00 PM AEST,51.1,nan,nan,nan,72.20,nan,nan,nan,nan,nan,0.00,nan
24-Mar-25 11:15:02 PM AEST,nan,nan,nan,nan,nan,nan,nan,nan,nan,0.00,nan,nan
24-Mar-25 11:15:10 PM AEST,nan,nan,nan,nan,nan,nan,nan,nan,0.00,nan,nan,nan
24-Mar-25 11:16:15 PM AEST,nan,nan,nan,nan,nan,nan,nan,0.00,nan,nan,nan,nan
24-Mar-25 11:17:18 PM AEST,nan,0.0,nan,nan,nan,nan,nan,nan,nan,nan,nan,nan
24-Mar-25 11:17:27 PM AEST,nan,nan,nan,6552.80,nan,nan,nan,nan,nan,nan,nan,6552.80
24-Mar-25 11:17:30 PM AEST,72.2,nan,nan,nan,8.30,nan,nan,nan,nan,nan,23.60,nan
24-Mar-25 11:17:33 PM AEST,nan,nan,nan,nan,nan,nan,nan,nan,nan,23.60,nan,nan
24-Mar-25 11:17:45 PM AEST,nan,nan,nan,nan,nan,nan,nan,nan,23.60,nan,nan,nan
24-Mar-25 11:18:00 PM AEST,nan,nan,0.9,nan,nan,0.08,0.00,nan,nan,nan,nan,nan
24-Mar-25 11:18:40 PM AEST,nan,nan,nan,nan,nan,nan,nan,11.23,nan,nan,nan,nan
24-Mar-25 11:19:56 PM AEST,nan,nan,nan,nan,nan,nan,nan,nan,nan,nan,nan,1.00
24-Mar-25 11:20:00 PM AEST,nan,nan,nan,nan,14.20,nan,nan,nan,nan,nan,14.20,nan
24-Mar-25 11:20:04 PM AEST,nan,nan,nan,nan,nan,nan,nan,nan,nan,84.70,nan,nan
24-Mar-25 11:20:20 PM AEST,nan,nan,nan,nan,nan,nan,nan,nan,317.80,nan,nan,nan
24-Mar-25 11:20:30 PM AEST,nan,nan,0.6,nan,nan,0.14,nan,nan,nan,nan,nan,nan
24-Mar-25 11:20:30 PM AEST,nan,nan,84.7,nan,nan,3.18,nan,nan,nan,nan,nan,nan
24-Mar-25 11:22:30 PM AEST,nan,nan,nan,nan,317.80,nan,nan,nan,nan,nan,317.80,nan
24-Mar-25 11:22:35 PM AEST,nan,nan,nan,nan,nan,nan,nan,nan,nan,1.40,nan,nan
24-Mar-25 11:22:55 PM AEST,nan,nan,nan,nan,nan,nan,nan,nan,1.40,nan,nan,nan
24-Mar-25 11:23:00 PM AEST,nan,nan,93.3,nan,nan,3.41,nan,nan,nan,nan,nan,nan
24-Mar-25 11:25:00 PM AEST,nan,nan,nan,nan,0.60,nan,nan,nan,nan,nan,14.20,nan
24-Mar-25 11:25:00 PM AEST,nan,nan,nan,nan,72.20,nan,nan,nan,nan,nan,0.00,nan
24-Mar-25 11:25:06 PM AEST,nan,nan,nan,nan,nan,nan,nan,nan,nan,84.70,nan,nan
24-Mar-25 11:25:06 PM AEST,nan,nan,nan,nan,nan,nan,nan,nan,nan,0.00,nan,nan
24-Mar-25 11:25:30 PM AEST,nan,nan,23.6,nan,nan,65.53,nan,nan,317.80,nan,nan,nan
24-Mar-25 11:25:30 PM AEST,nan,nan,23.6,nan,nan,65.53,nan,nan,0.00,nan,nan,nan
24-Mar-25 11:26:00 PM AEST,112.3,112.3,nan,0.00,nan,nan,112.30,1.48,nan,nan,nan,0.00
24-Mar-25 11:27:30 PM AEST,nan,nan,nan,nan,0.60,nan,nan,nan,nan,nan,14.20,nan
24-Mar-25 11:27:37 PM AEST,nan,nan,nan,nan,nan,nan,nan,nan,nan,84.70,nan,nan
24-Mar-25 11:28:00 PM AEST,nan,nan,93.3,nan,nan,3.41,nan,nan,nan,nan,nan,nan
24-Mar-25 11:28:05 PM AEST,nan,nan,nan,nan,nan,nan,nan,nan,317.80,nan,nan,nan
24-Mar-25 11:28:25 PM AEST,nan,nan,nan,nan,nan,nan,nan,11.23,nan,nan,nan,nan
24-Mar-25 11:28:26 PM AEST,nan,0.0,nan,nan,nan,nan,0.00,nan,nan,nan,nan,nan
24-Mar-25 11:28:29 PM AEST,nan,nan,nan,6552.80,nan,nan,nan,nan,nan,nan,nan,1.00
24-Mar-25 11:28:30 PM AEST,72.2,nan,nan,nan,nan,nan,nan,nan,nan,nan,nan,nan
24-Mar-25 11:34:00 PM AEST,24.0,97.5,nan,nan,nan,nan,125.20,12.52,nan,nan,nan,nan
24-Mar-25 11:36:25 PM AEST,nan,nan,nan,nan,nan,nan,nan,11.23,nan,nan,nan,nan
24-Mar-25 11:36:25 PM AEST,nan,nan,nan,nan,nan,nan,nan,0.00,nan,nan,nan,nan
24-Mar-25 11:36:26 PM AEST,nan,0.0,nan,nan,nan,nan,0.00,nan,nan,nan,nan,nan
24-Mar-25 11:36:26 PM AEST,nan,97.5,nan,nan,nan,nan,125.20,nan,nan,nan,nan,nan
24-Mar-25 11:36:30 PM AEST,72.2,nan,nan,nan,nan,nan,nan,nan,nan,nan,nan,nan
24-Mar-25 11:36:30 PM AEST,24.0,nan,nan,nan,nan,nan,nan,nan,nan,nan,nan,nan
24-Mar-25 11:38:00 PM AEST,nan,nan,23.6,0.20,72.20,65.53,nan,nan,0.00,0.00,0.00,0.00
24-Mar-25 11:38:00 PM AEST,nan,nan,93.3,0.20,0.60,3.41,nan,nan,317.80,84.70,14.20,0.00
24-Mar-25 11:39:00 PM AEST,72.2,nan,nan,nan,nan,nan,nan,nan,nan,nan,nan,nan
24-Mar-25 11:40:29 PM AEST,nan,nan,nan,6552.80,nan,nan,nan,nan,nan,nan,nan,1.00
24-Mar-25 11:42:00 PM AEST,nan,0.0,nan,nan,nan,nan,0.00,11.23,nan,nan,nan,nan
24-Mar-25 11:42:58 PM AEST,nan,nan,nan,0.20,nan,nan,nan,nan,nan,nan,nan,0.00
24-Mar-25 11:44:00 PM AEST,24.0,nan,23.6,nan,72.20,65.53,nan,nan,0.00,0.00,0.00,nan
24-Mar-25 11:44:00 PM AEST,24.0,nan,93.3,nan,0.60,3.41,nan,nan,0.00,0.00,0.00,nan
24-Mar-25 11:44:25 PM AEST,nan,nan,nan,nan,nan,nan,nan,0.00,nan,nan,nan,nan
24-Mar-25 11:44:26 PM AEST,nan,97.5,nan,nan,nan,nan,125.20,nan,nan,nan,nan,nan
24-Mar-25 11:45:27 PM AEST,nan,nan,nan,6552.80,nan,nan,nan,nan,nan,nan,nan,1.00
24-Mar-25 11:46:30 PM AEST,72.2,nan,84.7,nan,317.80,3.18,nan,nan,nan,nan,14.20,nan
24-Mar-25 11:46:30 PM AEST,72.2,nan,84.7,nan,317.80,3.18,nan,nan,nan,nan,317.80,nan
24-Mar-25 11:46:31 PM AEST,nan,nan,nan,nan,nan,nan,nan,nan,nan,84.70,nan,nan
24-Mar-25 11:46:31 PM AEST,nan,nan,nan,nan,nan,nan,nan,nan,nan,1.40,nan,nan
24-Mar-25 11:46:35 PM AEST,nan,nan,nan,nan,nan,nan,nan,nan,317.80,nan,nan,nan
24-Mar-25 11:46:35 PM AEST,nan,nan,nan,nan,nan,nan,nan,nan,1.40,nan,nan,nan
24-Mar-25 11:46:50 PM AEST,nan,nan,nan,nan,nan,nan,nan,11.23,nan,nan,nan,nan
24-Mar-25 11:46:52 PM AEST,nan,0.0,nan,nan,nan,nan,0.00,nan,nan,nan,nan,nan
24-Mar-25 11:47:56 PM AEST,nan,nan,nan,0.20,nan,nan,nan,nan,nan,nan,nan,0.00
24-Mar-25 11:49:00 PM AEST,24.0,nan,23.6,nan,72.20,65.53,nan,nan,nan,nan,0.00,nan
24-Mar-25 11:49:00 PM AEST,24.0,nan,93.3,nan,72.20,65.53,nan,nan,nan,nan,0.00,nan
24-Mar-25 11:49:02 PM AEST,nan,nan,nan,nan,nan,nan,nan,nan,nan,0.00,nan,nan
24-Mar-25 11:49:10 PM AEST,nan,nan,nan,nan,nan,nan,nan,nan,0.00,nan,nan,nan
24-Mar-25 11:49:15 PM AEST,nan,nan,nan,nan,nan,nan,nan,12.52,nan,nan,nan,nan
24-Mar-25 11:49:18 PM AEST,nan,97.5,nan,nan,nan,nan,125.20,nan,nan,nan,nan,nan
24-Mar-25 11:51:30 PM AEST,nan,nan,nan,nan,0.60,3.41,nan,nan,nan,nan,14.20,nan
24-Mar-25 11:51:33 PM AEST,nan,nan,nan,nan,nan,nan,nan,nan,nan,84.70,nan,nan
24-Mar-25 11:51:45 PM AEST,nan,nan,nan,nan,nan,nan,nan,nan,317.80,nan,nan,nan
24-Mar-25 11:54:00 PM AEST,72.2,0.0,nan,6552.80,72.20,65.53,0.00,11.23,nan,nan,0.00,1.00
24-Mar-25 11:54:00 PM AEST,24.0,97.5,nan,0.20,72.20,65.53,125.20,0.00,nan,nan,0.00,0.00
24-Mar-25 11:54:04 PM AEST,nan,nan,nan,nan,nan,nan,nan,nan,nan,0.00,nan,nan
24-Mar-25 11:54:20 PM AEST,nan,nan,nan,nan,nan,nan,nan,nan,0.00,nan,nan,nan
24-Mar-25 11:56:00 PM AEST,nan,nan,23.6,nan,nan,nan,nan,nan,nan,nan,nan,nan
24-Mar-25 11:56:00 PM AEST,nan,nan,98.2,nan,nan,nan,nan,nan,nan,nan,nan,nan
24-Mar-25 11:56:25 PM AEST,nan,nan,nan,nan,nan,nan,nan,11.23,nan,nan,nan,nan
24-Mar-25 11:56:26 PM AEST,nan,0.0,nan,nan,nan,nan,0.00,nan,nan,nan,nan,nan
24-Mar-25 11:56:29 PM AEST,nan,nan,nan,6552.80,nan,nan,nan,nan,nan,nan,nan,1.00
24-Mar-25 11:56:30 PM AEST,72.2,nan,nan,nan,0.60,3.41,nan,nan,nan,nan,14.20,nan
24-Mar-25 11:56:35 PM AEST,nan,nan,nan,nan,nan,nan,nan,nan,nan,84.70,nan,nan
24-Mar-25 11:56:55 PM AEST,nan,nan,nan,nan,nan,nan,nan,nan,317.80,nan,nan,nan
24-Mar-25 11:58:30 PM AEST,nan,nan,93.3,nan,nan,nan,nan,nan,nan,nan,nan,nan
25-Mar-25 12:01:00 AM AEST,nan,nan,23.6,nan,nan,nan,nan,nan,nan,nan,nan,nan
25-Mar-25 12:02:00 AM AEST,24.0,97.5,nan,0.20,1.00,0.24,125.20,0.00,0.00,0.00,0.00,0.00
25-Mar-25 12:02:00 AM AEST,0.0,0.0,nan,0.00,72.20,65.53,0.00,11.23,6552.80,1.00,1.00,72.20
25-Mar-25 12:02:00 AM AEST,0.0,0.0,nan,0.00,72.20,65.53,0.00,11.23,0.00,0.00,0.00,72.20
25-Mar-25 12:03:30 AM AEST,nan,nan,341.4,nan,nan,nan,nan,nan,nan,nan,nan,nan
25-Mar-25 12:04:25 AM AEST,nan,nan,nan,nan,nan,nan,nan,0.00,nan,nan,nan,nan
25-Mar-25 12:04:25 AM AEST,nan,nan,nan,nan,nan,nan,nan,11.23,nan,nan,nan,nan
25-Mar-25 12:04:26 AM AEST,nan,97.5,nan,nan,nan,nan,125.20,nan,nan,nan,nan,nan
25-Mar-25 12:04:26 AM AEST,nan,0.0,nan,nan,nan,nan,0.00,nan,nan,nan,nan,nan
25-Mar-25 12:04:29 AM AEST,nan,nan,nan,0.20,nan,nan,nan,nan,nan,nan,nan,0.00
25-Mar-25 12:04:29 AM AEST,nan,nan,nan,6552.80,nan,nan,nan,nan,nan,nan,nan,1.00
25-Mar-25 12:04:30 AM AEST,24.0,nan,nan,nan,0.60,0.01,nan,nan,nan,nan,14.20,nan
25-Mar-25 12:04:30 AM AEST,72.2,nan,nan,nan,0.60,0.01,nan,nan,nan,nan,14.20,nan
25-Mar-25 12:04:31 AM AEST,nan,nan,nan,nan,nan,nan,nan,nan,nan,84.70,nan,nan
25-Mar-25 12:04:35 AM AEST,nan,nan,nan,nan,nan,nan,nan,nan,317.80,nan,nan,nan
25-Mar-25 12:06:00 AM AEST,nan,nan,93.3,nan,nan,nan,nan,nan,nan,nan,nan,nan
25-Mar-25 12:06:50 AM AEST,nan,nan,nan,nan,nan,nan,nan,0.00,nan,nan,nan,nan
25-Mar-25 12:07:00 AM AEST,nan,nan,nan,nan,nan,3.41,nan,nan,nan,nan,nan,nan
25-Mar-25 12:08:30 AM AEST,nan,nan,341.4,nan,nan,nan,nan,nan,nan,nan,nan,nan
25-Mar-25 12:08:30 AM AEST,nan,nan,23.6,nan,nan,nan,nan,nan,nan,nan,nan,nan
25-Mar-25 12:09:15 AM AEST,nan,nan,nan,nan,nan,nan,nan,11.23,nan,nan,nan,nan
25-Mar-25 12:09:15 AM AEST,nan,nan,nan,nan,nan,nan,nan,0.00,nan,nan,nan,nan
25-Mar-25 12:09:30 AM AEST,nan,nan,nan,nan,nan,65.53,nan,nan,nan,nan,nan,nan
25-Mar-25 12:09:30 AM AEST,nan,nan,nan,nan,nan,3.41,nan,nan,nan,nan,nan,nan
25-Mar-25 12:10:00 AM AEST,24.0,97.5,nan,0.20,72.20,nan,125.20,nan,0.00,0.00,0.00,0.00
25-Mar-25 12:10:00 AM AEST,72.2,0.0,nan,6552.80,0.60,nan,0.00,nan,317.80,84.70,14.20,1.00
25-Mar-25 12:11:00 AM AEST,nan,nan,98.2,nan,nan,nan,nan,nan,nan,nan,nan,nan
25-Mar-25 12:11:40 AM AEST,nan,nan,nan,nan,nan,nan,nan,11.23,nan,nan,nan,nan
25-Mar-25 12:12:26 AM AEST,nan,97.5,nan,nan,nan,nan,125.20,nan,nan,nan,nan,nan
25-Mar-25 12:12:29 AM AEST,nan,nan,nan,0.20,nan,nan,nan,nan,nan,nan,nan,nan
25-Mar-25 12:12:30 AM AEST,24.0,nan,nan,nan,nan,nan,nan,nan,nan,nan,nan,nan
25-Mar-25 12:13:30 AM AEST,nan,nan,93.3,nan,nan,nan,nan,nan,nan,nan,nan,nan
25-Mar-25 12:13:30 AM AEST,nan,nan,8.3,nan,nan,nan,nan,nan,nan,nan,nan,nan
25-Mar-25 12:14:00 AM AEST,nan,nan,nan,nan,23.60,0.24,nan,nan,1.00,1.00,23.60,72.20
25-Mar-25 12:14:05 AM AEST,nan,nan,nan,nan,nan,nan,nan,0.00,nan,nan,nan,nan
25-Mar-25 12:14:05 AM AEST,nan,nan,nan,nan,nan,nan,nan,11.23,nan,nan,nan,nan
25-Mar-25 12:14:52 AM AEST,nan,0.0,nan,nan,nan,nan,0.00,nan,nan,nan,nan,nan
25-Mar-25 12:14:58 AM AEST,nan,nan,nan,72.20,nan,nan,nan,nan,nan,nan,nan,nan
25-Mar-25 12:14:58 AM AEST,nan,nan,nan,112.30,nan,nan,nan,nan,nan,nan,nan,nan
25-Mar-25 12:15:00 AM AEST,72.2,nan,nan,nan,nan,nan,nan,nan,nan,nan,nan,nan
25-Mar-25 12:16:00 AM AEST,nan,nan,23.6,nan,nan,nan,nan,nan,nan,nan,nan,nan
25-Mar-25 12:16:29 AM AEST,nan,nan,nan,nan,nan,nan,nan,nan,nan,nan,nan,112.30
25-Mar-25 12:16:30 AM AEST,nan,nan,nan,nan,72.20,65.53,nan,5.11,nan,nan,0.00,nan
25-Mar-25 12:16:31 AM AEST,nan,nan,nan,nan,nan,nan,nan,nan,nan,0.00,nan,nan
25-Mar-25 12:16:35 AM AEST,nan,nan,nan,nan,nan,nan,nan,nan,0.00,nan,nan,nan
25-Mar-25 12:17:18 AM AEST,nan,14.8,nan,nan,nan,nan,14.80,nan,nan,nan,nan,nan
25-Mar-25 12:17:18 AM AEST,nan,97.5,nan,nan,nan,nan,125.20,nan,nan,nan,nan,nan
25-Mar-25 12:17:27 AM AEST,nan,nan,nan,0.20,nan,nan,nan,nan,nan,nan,nan,nan
25-Mar-25 12:17:30 AM AEST,112.3,nan,nan,nan,nan,nan,nan,nan,nan,nan,nan,nan
25-Mar-25 12:17:30 AM AEST,24.0,nan,nan,nan,nan,nan,nan,nan,nan,nan,nan,nan
25-Mar-25 12:18:30 AM AEST,nan,nan,93.3,nan,nan,nan,nan,nan,nan,nan,nan,nan
25-Mar-25 12:18:55 AM AEST,nan,nan,nan,nan,nan,nan,nan,0.00,nan,nan,nan,nan
25-Mar-25 12:18:55 AM AEST,nan,nan,nan,nan,nan,nan,nan,11.23,nan,nan,nan,nan
25-Mar-25 12:18:58 AM AEST,nan,nan,nan,nan,nan,nan,nan,nan,nan,nan,nan,0.00
25-Mar-25 12:18:58 AM AEST,nan,nan,nan,nan,nan,nan,nan,nan,nan,nan,nan,1.00
25-Mar-25 12:19:00 AM AEST,nan,nan,nan,nan,0.60,3.41,nan,nan,nan,nan,14.20,nan
25-Mar-25 12:19:02 AM AEST,nan,nan,nan,nan,nan,nan,nan,nan,nan,84.70,nan,nan
25-Mar-25 12:19:10 AM AEST,nan,nan,nan,nan,nan,nan,nan,nan,317.80,nan,nan,nan
25-Mar-25 12:19:44 AM AEST,nan,0.0,nan,nan,nan,nan,0.00,nan,nan,nan,nan,nan
25-Mar-25 12:19:56 AM AEST,nan,nan,nan,6552.80,nan,nan,nan,nan,nan,nan,nan,nan
25-Mar-25 12:20:00 AM AEST,72.2,nan,nan,nan,nan,nan,nan,nan,nan,nan,nan,nan
25-Mar-25 12:21:00 AM AEST,nan,nan,317.8,nan,nan,nan,nan,nan,nan,nan,nan,nan
25-Mar-25 12:21:00 AM AEST,nan,nan,23.6,nan,nan,nan,nan,nan,nan,nan,nan,nan
25-Mar-25 12:21:20 AM AEST,nan,nan,nan,nan,nan,nan,nan,0.00,nan,nan,nan,nan
25-Mar-25 12:21:27 AM AEST,nan,nan,nan,nan,nan,nan,nan,nan,nan,nan,nan,0.00
25-Mar-25 12:21:30 AM AEST,nan,nan,nan,nan,1.40,3.18,nan,nan,nan,nan,1.40,nan
25-Mar-25 12:21:30 AM AEST,nan,nan,nan,nan,72.20,65.53,nan,nan,nan,nan,0.00,nan
25-Mar-25 12:21:30 AM AEST,nan,nan,nan,nan,1.40,0.01,nan,nan,nan,nan,0.90,nan
25-Mar-25 12:21:33 AM AEST,nan,nan,nan,nan,nan,nan,nan,nan,nan,1.40,nan,nan
25-Mar-25 12:21:33 AM AEST,nan,nan,nan,nan,nan,nan,nan,nan,nan,0.00,nan,nan
25-Mar-25 12:21:33 AM AEST,nan,nan,nan,nan,nan,nan,nan,nan,nan,0.90,nan,nan
25-Mar-25 12:21:45 AM AEST,nan,nan,nan,nan,nan,nan,nan,nan,0.90,nan,nan,nan
25-Mar-25 12:21:45 AM AEST,nan,nan,nan,nan,nan,nan,nan,nan,0.00,nan,nan,nan
25-Mar-25 12:21:45 AM AEST,nan,nan,nan,nan,nan,nan,nan,nan,0.90,nan,nan,nan
25-Mar-25 12:22:10 AM AEST,nan,97.5,nan,nan,nan,nan,125.20,nan,nan,nan,nan,nan
25-Mar-25 12:22:10 AM AEST,nan,0.0,nan,nan,nan,nan,0.00,nan,nan,nan,nan,nan
25-Mar-25 12:22:25 AM AEST,nan,nan,nan,0.20,nan,nan,nan,nan,nan,nan,nan,nan
25-Mar-25 12:22:25 AM AEST,nan,nan,nan,6552.80,nan,nan,nan,nan,nan,nan,nan,nan
25-Mar-25 12:22:30 AM AEST,24.0,nan,nan,nan,nan,nan,nan,nan,nan,nan,nan,nan
25-Mar-25 12:22:30 AM AEST,72.2,nan,nan,nan,nan,nan,nan,nan,nan,nan,nan,nan
25-Mar-25 12:23:30 AM AEST,nan,nan,317.8,nan,nan,nan,nan,nan,nan,nan,nan,nan
25-Mar-25 12:23:45 AM AEST,nan,nan,nan,nan,nan,nan,nan,11.23,nan,nan,nan,nan
25-Mar-25 12:23:56 AM AEST,nan,nan,nan,nan,nan,nan,nan,nan,nan,nan,nan,1.00
25-Mar-25 12:24:00 AM AEST,nan,nan,nan,nan,nan,3.41,nan,nan,nan,nan,nan,nan
25-Mar-25 12:24:20 AM AEST,nan,nan,nan,nan,nan,nan,nan,nan,317.80,nan,nan,nan
25-Mar-25 12:26:00 AM AEST,nan,nan,93.3,nan,0.60,nan,nan,nan,nan,84.70,14.20,nan
25-Mar-25 12:28:00 AM AEST,24.0,24.0,nan,0.20,nan,nan,24.00,9.75,nan,nan,nan,0.00
25-Mar-25 12:30:00 AM AEST,nan,nan,nan,nan,72.20,65.53,nan,nan,0.00,72.20,72.20,nan
25-Mar-25 12:30:25 AM AEST,nan,nan,nan,nan,nan,nan,nan,11.23,nan,nan,nan,nan
25-Mar-25 12:30:26 AM AEST,nan,0.0,nan,nan,nan,nan,112.30,nan,nan,nan,nan,nan
25-Mar-25 12:30:29 AM AEST,nan,nan,nan,0.00,nan,nan,nan,nan,nan,nan,nan,nan
25-Mar-25 12:30:30 AM AEST,0.0,nan,nan,nan,nan,nan,nan,nan,nan,nan,nan,nan
25-Mar-25 12:32:30 AM AEST,nan,nan,nan,nan,0.60,3.41,nan,nan,nan,nan,14.20,nan
25-Mar-25 12:32:31 AM AEST,nan,nan,nan,nan,nan,nan,nan,nan,nan,84.70,nan,nan
25-Mar-25 12:32:35 AM AEST,nan,nan,nan,nan,nan,nan,nan,nan,317.80,nan,nan,nan
25-Mar-25 12:32:52 AM AEST,nan,nan,nan,nan,nan,nan,0.00,nan,nan,nan,nan,nan
25-Mar-25 12:32:58 AM AEST,nan,nan,nan,6552.80,nan,nan,nan,nan,nan,nan,nan,nan
25-Mar-25 12:33:00 AM AEST,72.2,nan,nan,nan,nan,nan,nan,nan,nan,nan,nan,nan
25-Mar-25 12:34:00 AM AEST,nan,nan,nan,nan,nan,nan,nan,nan,nan,nan,nan,1.00
25-Mar-25 12:36:00 AM AEST,nan,nan,nan,nan,nan,nan,nan,0.00,nan,nan,nan,nan
25-Mar-25 12:38:00 AM AEST,nan,nan,nan,13.80,nan,nan,nan,nan,nan,nan,nan,13.80
25-Mar-25 12:38:25 AM AEST,nan,nan,nan,nan,nan,nan,nan,0.02,nan,nan,nan,nan
25-Mar-25 12:40:00 AM AEST,0.0,nan,nan,nan,nan,nan,nan,nan,nan,nan,nan,nan
25-Mar-25 12:40:29 AM AEST,nan,nan,nan,6552.80,nan,nan,nan,nan,nan,nan,nan,1.00
25-Mar-25 12:40:50 AM AEST,nan,nan,nan,nan,nan,nan,nan,11.23,nan,nan,nan,nan
25-Mar-25 12:42:30 AM AEST,72.2,nan,nan,nan,nan,nan,nan,nan,nan,nan,nan,nan
25-Mar-25 12:44:00 AM AEST,nan,nan,0.6,nan,14.20,0.14,nan,nan,nan,nan,nan,nan
25-Mar-25 12:46:00 AM AEST,nan,nan,nan,nan,nan,nan,nan,0.00,nan,nan,nan,nan
25-Mar-25 12:46:30 AM AEST,nan,nan,93.3,nan,0.60,3.41,nan,nan,nan,nan,nan,nan
25-Mar-25 12:48:25 AM AEST,nan,nan,nan,nan,nan,nan,nan,11.23,nan,nan,nan,nan
25-Mar-25 12:50:50 AM AEST,nan,nan,nan,nan,nan,nan,nan,0.00,nan,nan,nan,nan
25-Mar-25 12:52:00 AM AEST,24.0,97.5,23.6,0.20,72.20,65.53,125.20,nan,0.00,0.00,0.00,0.00
25-Mar-25 12:52:00 AM AEST,72.2,0.0,93.3,6552.80,0.60,3.41,0.00,nan,317.80,84.70,14.20,1.00
25-Mar-25 12:54:00 AM AEST,nan,nan,nan,nan,nan,nan,nan,11.23,nan,nan,nan,nan
25-Mar-25 12:54:26 AM AEST,nan,13.8,nan,nan,nan,nan,nan,nan,nan,nan,nan,nan
25-Mar-25 12:54:29 AM AEST,nan,nan,nan,13.80,nan,nan,nan,nan,nan,nan,nan,51.10
25-Mar-25 12:54:30 AM AEST,13.8,nan,341.4,nan,72.20,0.01,nan,nan,nan,nan,0.00,nan
25-Mar-25 12:54:30 AM AEST,13.8,nan,23.6,nan,72.20,65.53,nan,nan,nan,nan,0.00,nan
25-Mar-25 12:54:31 AM AEST,nan,nan,nan,nan,nan,nan,nan,nan,nan,0.00,nan,nan
25-Mar-25 12:54:35 AM AEST,nan,nan,nan,nan,nan,nan,nan,nan,0.00,nan,nan,nan
25-Mar-25 12:56:25 AM AEST,nan,nan,nan,nan,nan,nan,nan,0.00,nan,nan,nan,nan
25-Mar-25 12:56:52 AM AEST,nan,0.0,nan,nan,nan,nan,nan,nan,nan,nan,nan,nan
25-Mar-25 12:56:58 AM AEST,nan,nan,nan,0.00,nan,nan,nan,nan,nan,nan,nan,72.20
25-Mar-25 12:57:00 AM AEST,0.0,nan,nan,nan,1.00,0.24,nan,nan,nan,nan,1.00,nan
25-Mar-25 12:57:02 AM AEST,nan,nan,nan,nan,nan,nan,nan,nan,nan,1.00,nan,nan
25-Mar-25 12:57:10 AM AEST,nan,nan,nan,nan,nan,nan,nan,nan,6552.80,nan,nan,nan
25-Mar-25 12:58:50 AM AEST,nan,nan,nan,nan,nan,nan,nan,11.23,nan,nan,nan,nan
25-Mar-25 12:59:27 AM AEST,nan,nan,nan,6552.80,nan,nan,nan,nan,nan,nan,nan,1.00
25-Mar-25 12:59:30 AM AEST,72.2,nan,nan,nan,0.60,3.41,nan,nan,nan,nan,14.20,nan
25-Mar-25 12:59:33 AM AEST,nan,nan,nan,nan,nan,nan,nan,nan,nan,84.70,nan,nan
25-Mar-25 12:59:45 AM AEST,nan,nan,nan,nan,nan,nan,nan,nan,317.80,nan,nan,nan
25-Mar-25 1:00:00 AM AEST,nan,nan,93.3,nan,nan,nan,nan,nan,nan,nan,nan,nan
25-Mar-25 1:01:15 AM AEST,nan,nan,nan,nan,nan,nan,nan,5.11,nan,nan,nan,nan
25-Mar-25 1:01:56 AM AEST,nan,nan,nan,14.80,nan,nan,nan,nan,nan,nan,nan,112.30
25-Mar-25 1:02:00 AM AEST,14.8,14.8,nan,nan,72.20,65.53,51.10,nan,nan,nan,0.00,nan
25-Mar-25 1:02:04 AM AEST,nan,nan,nan,nan,nan,nan,nan,nan,nan,0.00,nan,nan
25-Mar-25 1:02:20 AM AEST,nan,nan,nan,nan,nan,nan,nan,nan,0.00,nan,nan,nan
25-Mar-25 1:02:30 AM AEST,nan,nan,23.6,nan,nan,nan,nan,nan,nan,nan,nan,nan
25-Mar-25 1:02:30 AM AEST,nan,nan,0.9,nan,nan,nan,nan,nan,nan,nan,nan,nan
25-Mar-25 1:03:40 AM AEST,nan,nan,nan,nan,nan,nan,nan,11.23,nan,nan,nan,nan
25-Mar-25 1:04:25 AM AEST,nan,nan,nan,6552.80,nan,nan,nan,nan,nan,nan,nan,6552.80
25-Mar-25 1:04:26 AM AEST,nan,0.0,nan,nan,nan,nan,0.00,nan,nan,nan,nan,nan
25-Mar-25 1:04:30 AM AEST,72.2,nan,nan,nan,8.30,0.08,nan,nan,nan,nan,23.60,nan
25-Mar-25 1:04:35 AM AEST,nan,nan,nan,nan,nan,nan,nan,nan,nan,23.60,nan,nan
25-Mar-25 1:04:55 AM AEST,nan,nan,nan,nan,nan,nan,nan,nan,23.60,nan,nan,nan
25-Mar-25 1:05:00 AM AEST,nan,nan,93.3,nan,nan,nan,nan,nan,nan,nan,nan,nan
25-Mar-25 1:06:54 AM AEST,nan,nan,nan,nan,nan,nan,nan,nan,nan,nan,nan,1.00
25-Mar-25 1:07:00 AM AEST,nan,nan,nan,nan,0.60,3.41,nan,nan,nan,nan,14.20,nan
25-Mar-25 1:07:06 AM AEST,nan,nan,nan,nan,nan,nan,nan,nan,nan,84.70,nan,nan
25-Mar-25 1:07:30 AM AEST,nan,nan,nan,nan,nan,nan,nan,nan,317.80,nan,nan,nan
25-Mar-25 1:10:00 AM AEST,nan,97.5,nan,nan,nan,nan,125.20,0.00,nan,nan,nan,nan
25-Mar-25 1:12:00 AM AEST,24.0,nan,nan,0.20,nan,nan,nan,nan,0.00,nan,nan,0.00
25-Mar-25 1:12:00 AM AEST,24.0,nan,nan,0.20,nan,nan,nan,nan,317.80,nan,nan,0.00
25-Mar-25 1:14:00 AM AEST,nan,nan,nan,nan,nan,nan,nan,58.35,nan,nan,nan,nan
25-Mar-25 1:14:29 AM AEST,nan,nan,nan,nan,nan,nan,nan,nan,nan,nan,nan,1.00
25-Mar-25 1:14:35 AM AEST,nan,nan,nan,nan,nan,nan,nan,nan,0.00,nan,nan,nan
25-Mar-25 1:16:00 AM AEST,51.1,13.8,nan,51.10,nan,nan,13.80,nan,nan,0.00,0.00,nan
25-Mar-25 1:16:25 AM AEST,nan,nan,nan,nan,nan,nan,nan,0.00,nan,nan,nan,nan
25-Mar-25 1:16:58 AM AEST,nan,nan,nan,nan,nan,nan,nan,nan,nan,nan,nan,51.10
25-Mar-25 1:17:10 AM AEST,nan,nan,nan,nan,nan,nan,nan,nan,6552.80,nan,nan,nan
25-Mar-25 1:18:00 AM AEST,nan,nan,23.6,nan,1.00,0.24,nan,nan,nan,nan,nan,nan
25-Mar-25 1:18:26 AM AEST,nan,0.0,nan,nan,nan,nan,0.00,nan,nan,nan,nan,nan
25-Mar-25 1:18:29 AM AEST,nan,nan,nan,0.00,nan,nan,nan,nan,nan,nan,nan,nan
25-Mar-25 1:18:30 AM AEST,0.0,nan,nan,nan,nan,nan,nan,nan,nan,nan,1.00,nan
25-Mar-25 1:18:31 AM AEST,nan,nan,nan,nan,nan,nan,nan,nan,nan,1.00,nan,nan
25-Mar-25 1:18:50 AM AEST,nan,nan,nan,nan,nan,nan,nan,11.23,nan,nan,nan,nan
25-Mar-25 1:19:27 AM AEST,nan,nan,nan,nan,nan,nan,nan,nan,nan,nan,nan,72.20
25-Mar-25 1:19:45 AM AEST,nan,nan,nan,nan,nan,nan,nan,nan,317.80,nan,nan,nan
25-Mar-25 1:20:30 AM AEST,nan,nan,93.3,nan,0.60,3.41,nan,nan,nan,nan,nan,nan
25-Mar-25 1:20:58 AM AEST,nan,nan,nan,6552.80,nan,nan,nan,nan,nan,nan,nan,nan
25-Mar-25 1:21:00 AM AEST,72.2,nan,nan,nan,nan,nan,nan,nan,nan,nan,14.20,nan
25-Mar-25 1:21:02 AM AEST,nan,nan,nan,nan,nan,nan,nan,nan,nan,84.70,nan,nan
25-Mar-25 1:21:56 AM AEST,nan,nan,nan,nan,nan,nan,nan,nan,nan,nan,nan,1.00
25-Mar-25 1:23:00 AM AEST,nan,nan,23.6,nan,72.20,65.53,nan,nan,nan,nan,nan,nan
25-Mar-25 1:23:27 AM AEST,nan,nan,nan,0.00,nan,nan,nan,nan,nan,nan,nan,nan
25-Mar-25 1:23:30 AM AEST,112.3,nan,nan,nan,nan,nan,nan,nan,nan,nan,0.00,nan
25-Mar-25 1:23:33 AM AEST,nan,nan,nan,nan,nan,nan,nan,nan,nan,0.00,nan,nan
25-Mar-25 1:24:00 AM AEST,nan,112.3,nan,nan,nan,nan,112.30,0.00,0.00,nan,nan,nan
25-Mar-25 1:24:00 AM AEST,nan,112.3,nan,nan,nan,nan,112.30,1.48,0.00,nan,nan,nan
25-Mar-25 1:24:25 AM AEST,nan,nan,nan,nan,nan,nan,nan,nan,nan,nan,nan,0.00
25-Mar-25 1:25:30 AM AEST,nan,nan,93.3,nan,0.60,3.41,nan,nan,nan,nan,nan,nan
25-Mar-25 1:25:56 AM AEST,nan,nan,nan,6552.80,nan,nan,nan,nan,nan,nan,nan,nan
25-Mar-25 1:26:00 AM AEST,72.2,nan,nan,nan,nan,nan,nan,nan,nan,nan,14.20,nan
25-Mar-25 1:26:04 AM AEST,nan,nan,nan,nan,nan,nan,nan,nan,nan,84.70,nan,nan
25-Mar-25 1:26:25 AM AEST,nan,nan,nan,nan,nan,nan,nan,11.23,nan,nan,nan,nan
25-Mar-25 1:26:26 AM AEST,nan,0.0,nan,nan,nan,nan,0.00,nan,nan,nan,nan,nan
25-Mar-25 1:26:35 AM AEST,nan,nan,nan,nan,nan,nan,nan,nan,317.80,nan,nan,nan
25-Mar-25 1:26:54 AM AEST,nan,nan,nan,nan,nan,nan,nan,nan,nan,nan,nan,1.00
25-Mar-25 1:32:00 AM AEST,24.0,24.0,nan,0.20,nan,nan,24.00,9.75,nan,nan,nan,0.00
25-Mar-25 1:34:00 AM AEST,nan,nan,nan,nan,72.20,65.53,nan,nan,0.00,0.00,0.00,nan
25-Mar-25 1:34:25 AM AEST,nan,nan,nan,nan,nan,nan,nan,0.00,nan,nan,nan,nan
25-Mar-25 1:34:26 AM AEST,nan,97.5,nan,nan,nan,nan,125.20,nan,nan,nan,nan,nan
25-Mar-25 1:36:00 AM AEST,0.0,nan,nan,0.00,nan,nan,nan,nan,nan,nan,nan,nan
25-Mar-25 1:36:30 AM AEST,nan,nan,nan,nan,0.60,3.41,nan,nan,nan,nan,14.20,nan
25-Mar-25 1:36:31 AM AEST,nan,nan,nan,nan,nan,nan,nan,nan,nan,84.70,nan,nan
25-Mar-25 1:36:35 AM AEST,nan,nan,nan,nan,nan,nan,nan,nan,317.80,nan,nan,nan
25-Mar-25 1:36:50 AM AEST,nan,nan,nan,nan,nan,nan,nan,2.40,nan,nan,nan,nan
25-Mar-25 1:36:52 AM AEST,nan,0.2,nan,nan,nan,nan,0.20,nan,nan,nan,nan,nan
25-Mar-25 1:38:00 AM AEST,nan,nan,23.6,nan,nan,nan,nan,nan,nan,nan,nan,nan
25-Mar-25 1:38:29 AM AEST,nan,nan,nan,0.20,nan,nan,nan,nan,nan,nan,nan,nan
25-Mar-25 1:38:30 AM AEST,24.0,nan,nan,nan,nan,nan,nan,nan,nan,nan,nan,nan
25-Mar-25 1:39:00 AM AEST,nan,nan,nan,nan,72.20,65.53,nan,nan,nan,nan,0.00,nan
25-Mar-25 1:39:00 AM AEST,nan,nan,nan,nan,0.60,3.41,nan,nan,nan,nan,14.20,nan
25-Mar-25 1:39:02 AM AEST,nan,nan,nan,nan,nan,nan,nan,nan,nan,0.00,nan,nan
25-Mar-25 1:39:02 AM AEST,nan,nan,nan,nan,nan,nan,nan,nan,nan,84.70,nan,nan
25-Mar-25 1:39:10 AM AEST,nan,nan,nan,nan,nan,nan,nan,nan,0.00,nan,nan,nan
25-Mar-25 1:39:10 AM AEST,nan,nan,nan,nan,nan,nan,nan,nan,317.80,nan,nan,nan
25-Mar-25 1:39:15 AM AEST,nan,nan,nan,nan,nan,nan,nan,0.00,nan,nan,nan,nan
25-Mar-25 1:39:18 AM AEST,nan,97.5,nan,nan,nan,nan,125.20,nan,nan,nan,nan,nan
25-Mar-25 1:40:30 AM AEST,nan,nan,93.3,nan,nan,nan,nan,nan,nan,nan,nan,nan
25-Mar-25 1:40:30 AM AEST,nan,nan,0.6,nan,nan,nan,nan,nan,nan,nan,nan,nan
25-Mar-25 1:40:58 AM AEST,nan,nan,nan,6552.80,nan,nan,nan,nan,nan,nan,nan,nan
25-Mar-25 1:41:00 AM AEST,72.2,nan,nan,nan,nan,nan,nan,nan,nan,nan,nan,nan
25-Mar-25 1:41:30 AM AEST,nan,nan,nan,nan,14.20,0.14,nan,nan,nan,nan,nan,nan
25-Mar-25 1:41:40 AM AEST,nan,nan,nan,nan,nan,nan,nan,11.23,nan,nan,nan,nan
25-Mar-25 1:41:44 AM AEST,nan,0.0,nan,nan,nan,nan,0.00,nan,nan,nan,nan,nan
25-Mar-25 1:42:00 AM AEST,nan,nan,nan,nan,nan,nan,nan,nan,nan,nan,nan,1.00
25-Mar-25 1:43:00 AM AEST,nan,nan,93.3,nan,nan,nan,nan,nan,nan,nan,nan,nan
25-Mar-25 1:44:00 AM AEST,nan,nan,nan,nan,0.60,3.41,nan,nan,nan,nan,nan,nan
25-Mar-25 1:46:00 AM AEST,24.0,97.5,nan,0.20,nan,nan,125.20,0.00,nan,nan,nan,0.00
25-Mar-25 1:46:30 AM AEST,nan,nan,nan,nan,84.70,0.14,nan,nan,nan,nan,nan,nan
25-Mar-25 1:48:00 AM AEST,nan,nan,14.2,nan,nan,nan,nan,nan,nan,nan,84.70,nan
25-Mar-25 1:48:25 AM AEST,nan,nan,nan,nan,nan,nan,nan,11.23,nan,nan,nan,nan
25-Mar-25 1:48:26 AM AEST,nan,0.0,nan,nan,nan,nan,0.00,nan,nan,nan,nan,nan
25-Mar-25 1:48:29 AM AEST,nan,nan,nan,6552.80,nan,nan,nan,nan,nan,nan,nan,1.00
25-Mar-25 1:48:30 AM AEST,72.2,nan,nan,nan,nan,nan,nan,nan,nan,nan,nan,nan
25-Mar-25 1:49:00 AM AEST,nan,nan,nan,nan,0.60,3.41,nan,nan,nan,nan,nan,nan
25-Mar-25 1:50:30 AM AEST,nan,nan,93.3,nan,nan,nan,nan,nan,nan,nan,14.20,nan
25-Mar-25 1:54:00 AM AEST,13.8,13.8,nan,13.80,nan,nan,nan,0.00,0.00,nan,nan,51.10
25-Mar-25 1:54:00 AM AEST,13.8,13.8,nan,13.80,nan,nan,nan,0.00,6552.80,nan,nan,51.10
25-Mar-25 1:56:00 AM AEST,nan,nan,23.6,nan,1.00,0.24,nan,nan,nan,1.00,1.00,nan
25-Mar-25 1:56:00 AM AEST,nan,nan,23.6,nan,72.20,65.53,nan,nan,nan,0.00,0.00,nan
25-Mar-25 1:56:25 AM AEST,nan,nan,nan,nan,nan,nan,nan,11.23,nan,nan,nan,nan
25-Mar-25 1:56:25 AM AEST,nan,nan,nan,nan,nan,nan,nan,1.38,nan,nan,nan,nan
25-Mar-25 1:56:26 AM AEST,nan,0.0,nan,nan,nan,nan,nan,nan,nan,nan,nan,nan
25-Mar-25 1:56:26 AM AEST,nan,51.1,nan,nan,nan,nan,nan,nan,nan,nan,nan,nan
25-Mar-25 1:56:29 AM AEST,nan,nan,nan,0.00,nan,nan,nan,nan,nan,nan,nan,72.20
25-Mar-25 1:56:29 AM AEST,nan,nan,nan,14.80,nan,nan,nan,nan,nan,nan,nan,14.80
25-Mar-25 1:56:30 AM AEST,0.0,nan,nan,nan,nan,nan,nan,nan,nan,nan,nan,nan
25-Mar-25 1:56:30 AM AEST,51.1,nan,nan,nan,nan,nan,nan,nan,nan,nan,nan,nan
25-Mar-25 1:56:35 AM AEST,nan,nan,nan,nan,nan,nan,nan,nan,0.00,nan,nan,nan
25-Mar-25 1:58:00 AM AEST,nan,nan,nan,nan,nan,nan,51.10,nan,nan,nan,nan,nan
25-Mar-25 1:58:30 AM AEST,nan,nan,0.9,nan,8.30,0.08,nan,nan,nan,nan,23.60,nan
25-Mar-25 1:58:31 AM AEST,nan,nan,nan,nan,nan,nan,nan,nan,nan,23.60,nan,nan
25-Mar-25 1:58:52 AM AEST,nan,0.0,nan,nan,nan,nan,nan,nan,nan,nan,nan,nan
25-Mar-25 1:58:58 AM AEST,nan,nan,nan,6552.80,nan,nan,nan,nan,nan,nan,nan,6552.80
25-Mar-25 1:59:00 AM AEST,72.2,nan,nan,nan,nan,nan,nan,nan,nan,nan,nan,nan
25-Mar-25 1:59:10 AM AEST,nan,nan,nan,nan,nan,nan,nan,nan,23.60,nan,nan,nan
25-Mar-25 2:00:00 AM AEST,nan,nan,nan,nan,nan,nan,nan,11.23,nan,nan,nan,nan
25-Mar-25 2:00:26 AM AEST,nan,nan,nan,nan,nan,nan,0.00,nan,nan,nan,nan,nan
25-Mar-25 2:01:00 AM AEST,nan,nan,341.4,nan,0.60,0.01,nan,nan,nan,nan,14.20,nan
25-Mar-25 2:01:02 AM AEST,nan,nan,nan,nan,nan,nan,nan,nan,nan,84.70,nan,nan
25-Mar-25 2:01:27 AM AEST,nan,nan,nan,nan,nan,nan,nan,nan,nan,nan,nan,1.00
25-Mar-25 2:01:45 AM AEST,nan,nan,nan,nan,nan,nan,nan,nan,317.80,nan,nan,nan
25-Mar-25 2:03:30 AM AEST,nan,nan,93.3,nan,nan,3.41,nan,nan,nan,nan,nan,nan
25-Mar-25 2:08:00 AM AEST,24.0,97.5,0.6,0.20,14.20,0.14,125.20,0.00,0.00,0.00,0.00,0.00
25-Mar-25 2:08:00 AM AEST,72.2,0.0,0.6,6552.80,14.20,0.14,0.00,11.23,317.80,84.70,14.20,1.00
25-Mar-25 2:10:26 AM AEST,nan,24.0,nan,nan,nan,nan,24.00,nan,nan,nan,nan,nan
25-Mar-25 2:10:29 AM AEST,nan,nan,nan,0.20,nan,nan,nan,nan,nan,nan,nan,0.00
25-Mar-25 2:10:30 AM AEST,24.0,nan,317.8,nan,1.40,3.18,nan,nan,nan,nan,1.40,nan
25-Mar-25 2:10:30 AM AEST,24.0,nan,23.6,nan,72.20,65.53,nan,nan,nan,nan,0.00,nan
25-Mar-25 2:10:31 AM AEST,nan,nan,nan,nan,nan,nan,nan,nan,nan,1.40,nan,nan
25-Mar-25 2:10:31 AM AEST,nan,nan,nan,nan,nan,nan,nan,nan,nan,0.00,nan,nan
25-Mar-25 2:10:35 AM AEST,nan,nan,nan,nan,nan,nan,nan,nan,0.90,nan,nan,nan
25-Mar-25 2:10:35 AM AEST,nan,nan,nan,nan,nan,nan,nan,nan,0.00,nan,nan,nan
25-Mar-25 2:12:00 AM AEST,nan,nan,nan,nan,nan,nan,nan,9.75,nan,nan,nan,nan
25-Mar-25 2:12:58 AM AEST,nan,nan,nan,0.00,nan,nan,nan,nan,nan,nan,nan,nan
25-Mar-25 2:13:00 AM AEST,112.3,nan,93.3,nan,nan,nan,nan,nan,nan,nan,nan,nan
25-Mar-25 2:14:00 AM AEST,nan,112.3,nan,nan,nan,nan,112.30,nan,nan,nan,nan,nan
25-Mar-25 2:14:25 AM AEST,nan,nan,nan,nan,nan,nan,nan,1.48,nan,nan,nan,nan
25-Mar-25 2:15:27 AM AEST,nan,nan,nan,6552.80,nan,nan,nan,nan,nan,nan,nan,nan
25-Mar-25 2:15:30 AM AEST,72.2,nan,nan,nan,nan,nan,nan,nan,nan,nan,nan,nan
25-Mar-25 2:16:00 AM AEST,nan,nan,nan,nan,0.60,3.41,nan,nan,317.80,84.70,14.20,1.00
25-Mar-25 2:16:26 AM AEST,nan,0.0,nan,nan,nan,nan,0.00,nan,nan,nan,nan,nan
25-Mar-25 2:16:50 AM AEST,nan,nan,nan,nan,nan,nan,nan,11.23,nan,nan,nan,nan
25-Mar-25 2:18:29 AM AEST,nan,nan,nan,nan,nan,nan,nan,nan,nan,nan,nan,0.00
25-Mar-25 2:18:30 AM AEST,nan,nan,nan,nan,72.20,65.53,nan,nan,nan,nan,0.00,nan
25-Mar-25 2:18:31 AM AEST,nan,nan,nan,nan,nan,nan,nan,nan,nan,0.00,nan,nan
25-Mar-25 2:18:35 AM AEST,nan,nan,nan,nan,nan,nan,nan,nan,0.00,nan,nan,nan
25-Mar-25 2:18:52 AM AEST,nan,97.5,nan,nan,nan,nan,125.20,nan,nan,nan,nan,nan
25-Mar-25 2:19:15 AM AEST,nan,nan,nan,nan,nan,nan,nan,12.52,nan,nan,nan,nan
25-Mar-25 2:20:00 AM AEST,24.0,nan,23.6,0.20,nan,nan,nan,nan,nan,nan,nan,nan
25-Mar-25 2:20:58 AM AEST,nan,nan,nan,nan,nan,nan,nan,nan,nan,nan,nan,1.00
25-Mar-25 2:21:00 AM AEST,nan,nan,nan,nan,0.60,3.41,nan,nan,nan,nan,14.20,nan
25-Mar-25 2:21:02 AM AEST,nan,nan,nan,nan,nan,nan,nan,nan,nan,84.70,nan,nan
25-Mar-25 2:21:10 AM AEST,nan,nan,nan,nan,nan,nan,nan,nan,317.80,nan,nan,nan
25-Mar-25 2:21:18 AM AEST,nan,0.0,nan,nan,nan,nan,0.00,nan,nan,nan,nan,nan
25-Mar-25 2:21:40 AM AEST,nan,nan,nan,nan,nan,nan,nan,11.23,nan,nan,nan,nan
25-Mar-25 2:22:29 AM AEST,nan,nan,nan,6552.80,nan,nan,nan,nan,nan,nan,nan,nan
25-Mar-25 2:22:30 AM AEST,72.2,nan,93.3,nan,nan,nan,nan,nan,nan,nan,nan,nan
25-Mar-25 2:23:27 AM AEST,nan,nan,nan,nan,nan,nan,nan,nan,nan,nan,nan,0.00
25-Mar-25 2:23:30 AM AEST,nan,nan,nan,nan,72.20,65.53,nan,nan,nan,nan,0.00,nan
25-Mar-25 2:23:33 AM AEST,nan,nan,nan,nan,nan,nan,nan,nan,nan,0.00,nan,nan
25-Mar-25 2:23:44 AM AEST,nan,97.5,nan,nan,nan,nan,125.20,nan,nan,nan,nan,nan
25-Mar-25 2:23:45 AM AEST,nan,nan,nan,nan,nan,nan,nan,nan,0.00,nan,nan,nan
25-Mar-25 2:24:05 AM AEST,nan,nan,nan,nan,nan,nan,nan,0.00,nan,nan,nan,nan
25-Mar-25 2:24:58 AM AEST,nan,nan,nan,0.20,nan,nan,nan,nan,nan,nan,nan,nan
25-Mar-25 2:24:58 AM AEST,nan,nan,nan,6552.80,nan,nan,nan,nan,nan,nan,nan,nan
25-Mar-25 2:25:00 AM AEST,24.0,nan,23.6,nan,nan,nan,nan,nan,nan,nan,nan,nan
25-Mar-25 2:25:00 AM AEST,24.0,nan,93.3,nan,nan,nan,nan,nan,nan,nan,nan,nan
25-Mar-25 2:25:56 AM AEST,nan,nan,nan,nan,nan,nan,nan,nan,nan,nan,nan,1.00
25-Mar-25 2:26:00 AM AEST,nan,nan,nan,nan,0.60,3.41,nan,nan,nan,nan,14.20,nan
25-Mar-25 2:26:04 AM AEST,nan,nan,nan,nan,nan,nan,nan,nan,nan,84.70,nan,nan
25-Mar-25 2:26:20 AM AEST,nan,nan,nan,nan,nan,nan,nan,nan,317.80,nan,nan,nan
25-Mar-25 2:27:30 AM AEST,72.2,nan,nan,nan,nan,nan,nan,nan,nan,nan,nan,nan
25-Mar-25 2:28:00 AM AEST,nan,0.0,nan,nan,nan,nan,0.00,11.23,nan,nan,nan,nan
25-Mar-25 2:30:00 AM AEST,24.0,nan,nan,0.20,nan,nan,nan,nan,nan,nan,nan,nan
25-Mar-25 2:30:25 AM AEST,nan,nan,nan,nan,nan,nan,nan,12.52,nan,nan,nan,nan
25-Mar-25 2:30:26 AM AEST,nan,97.5,nan,nan,nan,nan,125.20,nan,nan,nan,nan,nan
25-Mar-25 2:32:00 AM AEST,nan,nan,nan,nan,72.20,nan,nan,nan,0.00,0.00,0.00,112.30
25-Mar-25 2:32:29 AM AEST,nan,nan,nan,14.80,nan,nan,nan,nan,nan,nan,nan,nan
25-Mar-25 2:32:30 AM AEST,14.8,nan,nan,nan,nan,nan,nan,nan,nan,nan,nan,nan
25-Mar-25 2:32:50 AM AEST,nan,nan,nan,nan,nan,nan,nan,5.11,nan,nan,nan,nan
25-Mar-25 2:32:52 AM AEST,nan,14.8,nan,nan,nan,nan,51.10,nan,nan,nan,nan,nan
25-Mar-25 2:34:00 AM AEST,nan,nan,23.6,nan,nan,65.53,nan,nan,nan,nan,nan,nan
25-Mar-25 2:36:00 AM AEST,nan,nan,nan,nan,8.30,nan,nan,nan,nan,8.30,8.30,nan
25-Mar-25 2:36:30 AM AEST,nan,nan,0.9,nan,nan,0.01,nan,nan,nan,nan,nan,nan
25-Mar-25 2:38:00 AM AEST,72.2,0.0,nan,6552.80,nan,nan,0.00,11.23,23.60,nan,nan,1.00
25-Mar-25 2:38:00 AM AEST,51.1,13.8,nan,51.10,nan,nan,13.80,0.00,0.00,nan,nan,51.10
25-Mar-25 2:38:30 AM AEST,nan,nan,nan,nan,72.20,nan,nan,nan,nan,nan,0.00,nan
25-Mar-25 2:38:31 AM AEST,nan,nan,nan,nan,nan,nan,nan,nan,nan,0.00,nan,nan
25-Mar-25 2:39:00 AM AEST,nan,nan,23.6,nan,nan,65.53,nan,nan,nan,nan,nan,nan
25-Mar-25 2:40:25 AM AEST,nan,nan,nan,nan,nan,nan,nan,11.23,nan,nan,nan,nan
25-Mar-25 2:40:26 AM AEST,nan,0.0,nan,nan,nan,nan,0.00,nan,nan,nan,nan,nan
25-Mar-25 2:40:29 AM AEST,nan,nan,nan,0.00,nan,nan,nan,nan,nan,nan,nan,72.20
25-Mar-25 2:40:30 AM AEST,0.0,nan,nan,nan,nan,nan,nan,nan,nan,nan,nan,nan
25-Mar-25 2:40:35 AM AEST,nan,nan,nan,nan,nan,nan,nan,nan,6552.80,nan,nan,nan
25-Mar-25 2:41:00 AM AEST,nan,nan,nan,nan,1.00,nan,nan,nan,nan,nan,1.00,nan
25-Mar-25 2:41:02 AM AEST,nan,nan,nan,nan,nan,nan,nan,nan,nan,1.00,nan,nan
25-Mar-25 2:41:30 AM AEST,nan,nan,nan,nan,nan,0.24,nan,nan,nan,nan,nan,nan
25-Mar-25 2:42:58 AM AEST,nan,nan,nan,6552.80,nan,nan,nan,nan,nan,nan,nan,1.00
25-Mar-25 2:43:10 AM AEST,nan,nan,nan,nan,nan,nan,nan,nan,317.80,nan,nan,nan
25-Mar-25 2:43:30 AM AEST,nan,nan,nan,nan,14.20,nan,nan,nan,nan,nan,14.20,nan
25-Mar-25 2:43:33 AM AEST,nan,nan,nan,nan,nan,nan,nan,nan,nan,84.70,nan,nan
25-Mar-25 2:44:00 AM AEST,72.2,nan,0.6,nan,nan,0.14,nan,nan,nan,nan,nan,nan
25-Mar-25 2:46:00 AM AEST,nan,nan,nan,nan,0.60,nan,nan,nan,nan,nan,nan,nan
25-Mar-25 2:46:30 AM AEST,nan,nan,93.3,nan,nan,3.41,nan,nan,nan,nan,nan,nan
25-Mar-25 2:48:00 AM AEST,24.0,97.5,nan,0.20,nan,nan,125.20,0.00,0.00,0.00,nan,0.00
25-Mar-25 2:48:00 AM AEST,24.0,97.5,nan,0.20,nan,nan,125.20,0.00,0.90,0.90,nan,0.00
25-Mar-25 2:48:30 AM AEST,nan,nan,nan,nan,1.40,nan,nan,nan,nan,nan,nan,nan
25-Mar-25 2:49:00 AM AEST,nan,nan,317.8,nan,nan,0.01,nan,nan,nan,nan,nan,nan
25-Mar-25 2:50:00 AM AEST,nan,nan,nan,nan,nan,nan,nan,nan,nan,nan,0.90,nan
25-Mar-25 2:50:25 AM AEST,nan,nan,nan,nan,nan,nan,nan,11.23,nan,nan,nan,nan
25-Mar-25 2:50:26 AM AEST,nan,0.0,nan,nan,nan,nan,0.00,nan,nan,nan,nan,nan
25-Mar-25 2:50:29 AM AEST,nan,nan,nan,6552.80,nan,nan,nan,nan,nan,nan,nan,1.00
25-Mar-25 2:50:30 AM AEST,72.2,nan,nan,nan,nan,nan,nan,nan,nan,nan,nan,nan
25-Mar-25 2:50:31 AM AEST,nan,nan,nan,nan,nan,nan,nan,nan,nan,84.70,nan,nan
25-Mar-25 2:50:35 AM AEST,nan,nan,nan,nan,nan,nan,nan,nan,317.80,nan,nan,nan
25-Mar-25 2:51:00 AM AEST,nan,nan,nan,nan,0.60,nan,nan,nan,nan,nan,nan,nan
25-Mar-25 2:51:30 AM AEST,nan,nan,93.3,nan,nan,3.41,nan,nan,nan,nan,nan,nan
25-Mar-25 2:52:30 AM AEST,nan,nan,nan,nan,nan,nan,nan,nan,nan,nan,14.20,nan
25-Mar-25 2:56:00 AM AEST,24.0,97.5,nan,0.20,nan,nan,97.50,12.52,nan,nan,nan,0.00
25-Mar-25 2:56:00 AM AEST,14.8,97.5,nan,14.80,nan,nan,97.50,12.52,nan,nan,nan,112.30
25-Mar-25 2:58:00 AM AEST,nan,nan,nan,nan,72.20,65.53,nan,nan,0.00,0.00,0.00,nan
25-Mar-25 2:58:00 AM AEST,nan,nan,nan,nan,8.30,0.08,nan,nan,0.00,0.00,0.00,nan
25-Mar-25 2:58:25 AM AEST,nan,nan,nan,nan,nan,nan,nan,5.11,nan,nan,nan,nan
25-Mar-25 2:58:26 AM AEST,nan,14.8,nan,nan,nan,nan,51.10,nan,nan,nan,nan,nan
25-Mar-25 2:58:29 AM AEST,nan,nan,nan,6552.80,nan,nan,nan,nan,nan,nan,nan,6552.80
25-Mar-25 3:00:00 AM AEST,72.2,nan,0.9,nan,nan,nan,nan,nan,nan,nan,nan,nan
25-Mar-25 3:00:30 AM AEST,nan,nan,nan,nan,nan,nan,nan,nan,nan,nan,23.60,nan
25-Mar-25 3:00:31 AM AEST,nan,nan,nan,nan,nan,nan,nan,nan,nan,23.60,nan,nan
25-Mar-25 3:00:35 AM AEST,nan,nan,nan,nan,nan,nan,nan,nan,23.60,nan,nan,nan
25-Mar-25 3:00:50 AM AEST,nan,nan,nan,nan,nan,nan,nan,11.23,nan,nan,nan,nan
25-Mar-25 3:00:52 AM AEST,nan,0.0,nan,nan,nan,nan,0.00,nan,nan,nan,nan,nan
25-Mar-25 3:02:00 AM AEST,nan,nan,nan,nan,0.60,3.41,nan,nan,nan,nan,nan,1.00
25-Mar-25 3:02:30 AM AEST,nan,nan,93.3,nan,nan,nan,nan,nan,nan,nan,nan,nan
25-Mar-25 3:03:00 AM AEST,nan,nan,nan,nan,nan,nan,nan,nan,nan,nan,14.20,nan
25-Mar-25 3:03:02 AM AEST,nan,nan,nan,nan,nan,nan,nan,nan,nan,84.70,nan,nan
25-Mar-25 3:03:10 AM AEST,nan,nan,nan,nan,nan,nan,nan,nan,317.80,nan,nan,nan
25-Mar-25 3:04:29 AM AEST,nan,nan,nan,nan,nan,nan,nan,nan,nan,nan,nan,0.00
25-Mar-25 3:04:30 AM AEST,nan,nan,nan,nan,72.20,65.53,nan,nan,nan,nan,nan,nan
25-Mar-25 3:05:00 AM AEST,nan,nan,23.6,nan,nan,nan,nan,nan,nan,nan,nan,nan
25-Mar-25 3:05:30 AM AEST,nan,nan,nan,nan,nan,nan,nan,nan,nan,nan,0.00,nan
25-Mar-25 3:05:30 AM AEST,nan,nan,nan,nan,nan,nan,nan,nan,nan,nan,14.20,nan
25-Mar-25 3:05:33 AM AEST,nan,nan,nan,nan,nan,nan,nan,nan,nan,0.00,nan,nan
25-Mar-25 3:05:33 AM AEST,nan,nan,nan,nan,nan,nan,nan,nan,nan,84.70,nan,nan
25-Mar-25 3:05:45 AM AEST,nan,nan,nan,nan,nan,nan,nan,nan,0.00,nan,nan,nan
25-Mar-25 3:05:45 AM AEST,nan,nan,nan,nan,nan,nan,nan,nan,317.80,nan,nan,nan
25-Mar-25 3:06:00 AM AEST,24.0,97.5,nan,0.20,nan,nan,125.20,0.00,nan,nan,nan,nan
25-Mar-25 3:06:00 AM AEST,72.2,0.0,nan,6552.80,nan,nan,0.00,0.00,nan,nan,nan,nan
25-Mar-25 3:06:58 AM AEST,nan,nan,nan,nan,nan,nan,nan,nan,nan,nan,nan,1.00
25-Mar-25 3:07:00 AM AEST,nan,nan,nan,nan,0.60,3.41,nan,nan,nan,nan,nan,nan
25-Mar-25 3:07:00 AM AEST,nan,nan,nan,nan,317.80,3.18,nan,nan,nan,nan,nan,nan
25-Mar-25 3:07:30 AM AEST,nan,nan,93.3,nan,nan,nan,nan,nan,nan,nan,nan,nan
25-Mar-25 3:07:30 AM AEST,nan,nan,84.7,nan,nan,nan,nan,nan,nan,nan,nan,nan
25-Mar-25 3:08:00 AM AEST,nan,nan,nan,nan,nan,nan,nan,nan,nan,nan,317.80,nan
25-Mar-25 3:08:04 AM AEST,nan,nan,nan,nan,nan,nan,nan,nan,nan,1.40,nan,nan
25-Mar-25 3:08:20 AM AEST,nan,nan,nan,nan,nan,nan,nan,nan,1.40,nan,nan,nan
25-Mar-25 3:08:25 AM AEST,nan,nan,nan,nan,nan,nan,nan,11.23,nan,nan,nan,nan
25-Mar-25 3:09:30 AM AEST,nan,nan,nan,nan,0.60,3.41,nan,nan,nan,nan,nan,nan
25-Mar-25 3:10:00 AM AEST,nan,nan,93.3,nan,nan,nan,nan,nan,nan,nan,nan,nan
25-Mar-25 3:10:30 AM AEST,nan,nan,nan,nan,nan,nan,nan,nan,nan,nan,14.20,nan
25-Mar-25 3:10:30 AM AEST,nan,nan,nan,nan,nan,nan,nan,nan,nan,nan,0.00,nan
25-Mar-25 3:10:35 AM AEST,nan,nan,nan,nan,nan,nan,nan,nan,nan,84.70,nan,nan
25-Mar-25 3:10:35 AM AEST,nan,nan,nan,nan,nan,nan,nan,nan,nan,0.00,nan,nan
25-Mar-25 3:10:50 AM AEST,nan,nan,nan,nan,nan,nan,nan,58.35,nan,nan,nan,nan
25-Mar-25 3:10:55 AM AEST,nan,nan,nan,nan,nan,nan,nan,nan,317.80,nan,nan,nan
25-Mar-25 3:10:55 AM AEST,nan,nan,nan,nan,nan,nan,nan,nan,0.00,nan,nan,nan
25-Mar-25 3:12:00 AM AEST,24.0,97.5,nan,0.20,72.20,65.53,125.20,nan,nan,nan,nan,0.00
25-Mar-25 3:12:30 AM AEST,nan,nan,23.6,nan,nan,nan,nan,nan,nan,nan,nan,nan
25-Mar-25 3:12:30 AM AEST,nan,nan,93.3,nan,nan,nan,nan,nan,nan,nan,nan,nan
25-Mar-25 3:13:15 AM AEST,nan,nan,nan,nan,nan,nan,nan,0.00,nan,nan,nan,nan
25-Mar-25 3:13:30 AM AEST,nan,nan,nan,nan,nan,nan,nan,nan,317.80,nan,nan,nan
25-Mar-25 3:14:00 AM AEST,nan,nan,nan,nan,nan,nan,nan,nan,nan,84.70,14.20,nan
25-Mar-25 3:14:26 AM AEST,nan,0.0,nan,nan,nan,nan,0.00,nan,nan,nan,nan,nan
25-Mar-25 3:14:29 AM AEST,nan,nan,nan,6552.80,nan,nan,nan,nan,nan,nan,nan,1.00
25-Mar-25 3:14:30 AM AEST,72.2,nan,nan,nan,0.60,3.41,nan,nan,nan,nan,nan,nan
25-Mar-25 3:15:00 AM AEST,nan,nan,98.2,nan,nan,nan,nan,nan,nan,nan,nan,nan
25-Mar-25 3:15:40 AM AEST,nan,nan,nan,nan,nan,nan,nan,11.23,nan,nan,nan,nan
25-Mar-25 3:17:30 AM AEST,nan,nan,93.3,nan,nan,nan,nan,nan,nan,nan,nan,nan
25-Mar-25 3:20:00 AM AEST,51.1,51.1,nan,14.80,nan,nan,51.10,1.38,0.00,nan,nan,14.80
25-Mar-25 3:22:00 AM AEST,nan,nan,0.9,nan,8.30,0.01,nan,nan,nan,8.30,8.30,nan
25-Mar-25 3:22:25 AM AEST,nan,nan,nan,nan,nan,nan,nan,11.23,nan,nan,nan,nan
25-Mar-25 3:22:26 AM AEST,nan,0.0,nan,nan,nan,nan,0.00,nan,nan,nan,nan,nan
25-Mar-25 3:22:29 AM AEST,nan,nan,nan,6552.80,nan,nan,nan,nan,nan,nan,nan,1.00
25-Mar-25 3:22:30 AM AEST,72.2,nan,nan,nan,nan,nan,nan,nan,nan,nan,nan,nan
25-Mar-25 3:22:35 AM AEST,nan,nan,nan,nan,nan,nan,nan,nan,23.60,nan,nan,nan
25-Mar-25 3:22:35 AM AEST,nan,nan,nan,nan,nan,nan,nan,nan,0.00,nan,nan,nan
25-Mar-25 3:24:30 AM AEST,nan,nan,23.6,nan,72.20,65.53,nan,nan,nan,nan,0.00,nan
25-Mar-25 3:24:31 AM AEST,nan,nan,nan,nan,nan,nan,nan,nan,nan,0.00,nan,nan
25-Mar-25 3:24:50 AM AEST,nan,nan,nan,nan,nan,nan,nan,0.00,nan,nan,nan,nan
25-Mar-25 3:24:52 AM AEST,nan,13.8,nan,nan,nan,nan,nan,nan,nan,nan,nan,nan
25-Mar-25 3:24:58 AM AEST,nan,nan,nan,13.80,nan,nan,nan,nan,nan,nan,nan,51.10
25-Mar-25 3:25:00 AM AEST,13.8,nan,nan,nan,nan,nan,nan,nan,nan,nan,nan,nan
25-Mar-25 3:25:10 AM AEST,nan,nan,nan,nan,nan,nan,nan,nan,1.00,nan,nan,nan
25-Mar-25 3:27:00 AM AEST,nan,nan,8.3,nan,23.60,0.24,nan,nan,nan,nan,23.60,nan
25-Mar-25 3:27:02 AM AEST,nan,nan,nan,nan,nan,nan,nan,nan,nan,1.00,nan,nan
25-Mar-25 3:27:15 AM AEST,nan,nan,nan,nan,nan,nan,nan,11.23,nan,nan,nan,nan
25-Mar-25 3:27:18 AM AEST,nan,0.0,nan,nan,nan,nan,nan,nan,nan,nan,nan,nan
25-Mar-25 3:27:27 AM AEST,nan,nan,nan,72.20,nan,nan,nan,nan,nan,nan,nan,72.20
25-Mar-25 3:27:30 AM AEST,72.2,nan,nan,nan,nan,nan,nan,nan,nan,nan,nan,nan
25-Mar-25 3:27:45 AM AEST,nan,nan,nan,nan,nan,nan,nan,nan,317.80,nan,nan,nan
25-Mar-25 3:29:30 AM AEST,nan,nan,14.2,nan,84.70,0.14,nan,nan,nan,nan,84.70,nan
25-Mar-25 3:29:30 AM AEST,nan,nan,0.9,nan,8.30,0.01,nan,nan,nan,nan,8.30,nan
25-Mar-25 3:29:33 AM AEST,nan,nan,nan,nan,nan,nan,nan,nan,nan,84.70,nan,nan
25-Mar-25 3:29:33 AM AEST,nan,nan,nan,nan,nan,nan,nan,nan,nan,8.30,nan,nan
25-Mar-25 3:29:56 AM AEST,nan,nan,nan,6552.80,nan,nan,nan,nan,nan,nan,nan,1.00
25-Mar-25 3:30:20 AM AEST,nan,nan,nan,nan,nan,nan,nan,nan,23.60,nan,nan,nan
25-Mar-25 3:32:00 AM AEST,nan,nan,341.4,nan,0.60,0.01,nan,nan,nan,nan,14.20,nan
25-Mar-25 3:32:04 AM AEST,nan,nan,nan,nan,nan,nan,nan,nan,nan,84.70,nan,nan
25-Mar-25 3:32:55 AM AEST,nan,nan,nan,nan,nan,nan,nan,nan,317.80,nan,nan,nan
25-Mar-25 3:34:30 AM AEST,nan,nan,93.3,nan,nan,3.41,nan,nan,nan,nan,nan,nan
25-Mar-25 3:36:00 AM AEST,nan,nan,nan,nan,nan,nan,nan,0.00,nan,nan,nan,nan
25-Mar-25 3:37:00 AM AEST,nan,nan,341.4,nan,nan,0.01,nan,nan,nan,nan,nan,nan
25-Mar-25 3:38:25 AM AEST,nan,nan,nan,nan,nan,nan,nan,11.23,nan,nan,nan,nan
25-Mar-25 3:39:30 AM AEST,nan,nan,93.3,nan,nan,3.41,nan,nan,nan,nan,nan,nan
25-Mar-25 3:40:50 AM AEST,nan,nan,nan,nan,nan,nan,nan,0.00,nan,nan,nan,nan
25-Mar-25 3:42:00 AM AEST,0.2,0.2,nan,0.20,nan,nan,24.00,nan,nan,nan,nan,0.00
25-Mar-25 3:43:15 AM AEST,nan,nan,nan,nan,nan,nan,nan,2.40,nan,nan,nan,nan
25-Mar-25 3:44:00 AM AEST,nan,nan,23.6,nan,72.20,65.53,nan,nan,0.00,0.00,0.00,nan
25-Mar-25 3:44:00 AM AEST,nan,nan,23.6,nan,1.00,0.01,nan,nan,6552.80,6552.80,6552.80,nan
25-Mar-25 3:44:26 AM AEST,nan,97.5,nan,nan,nan,nan,125.20,nan,nan,nan,nan,nan
25-Mar-25 3:44:26 AM AEST,nan,0.0,nan,nan,nan,nan,0.00,nan,nan,nan,nan,nan
25-Mar-25 3:44:29 AM AEST,nan,nan,nan,0.00,nan,nan,nan,nan,nan,nan,nan,nan
25-Mar-25 3:44:30 AM AEST,24.0,nan,nan,nan,nan,nan,nan,nan,nan,nan,nan,nan
25-Mar-25 3:44:30 AM AEST,0.0,nan,nan,nan,nan,nan,nan,nan,nan,nan,nan,nan
25-Mar-25 3:45:40 AM AEST,nan,nan,nan,nan,nan,nan,nan,0.00,nan,nan,nan,nan
25-Mar-25 3:45:40 AM AEST,nan,nan,nan,nan,nan,nan,nan,11.23,nan,nan,nan,nan
25-Mar-25 3:46:30 AM AEST,nan,nan,nan,nan,72.20,65.53,nan,nan,nan,nan,0.00,nan
25-Mar-25 3:46:31 AM AEST,nan,nan,nan,nan,nan,nan,nan,nan,nan,0.00,nan,nan
25-Mar-25 3:46:35 AM AEST,nan,nan,nan,nan,nan,nan,nan,nan,0.00,nan,nan,nan
25-Mar-25 3:46:52 AM AEST,nan,13.8,nan,nan,nan,nan,13.80,nan,nan,nan,nan,nan
25-Mar-25 3:46:58 AM AEST,nan,nan,nan,51.10,nan,nan,nan,nan,nan,nan,nan,nan
25-Mar-25 3:47:00 AM AEST,51.1,nan,nan,nan,nan,nan,nan,nan,nan,nan,nan,nan
25-Mar-25 3:48:00 AM AEST,nan,nan,nan,nan,nan,nan,nan,nan,nan,nan,nan,51.10
25-Mar-25 3:48:00 AM AEST,nan,nan,nan,nan,nan,nan,nan,nan,nan,nan,nan,0.00
25-Mar-25 3:48:05 AM AEST,nan,nan,nan,nan,nan,nan,nan,0.00,nan,nan,nan,nan
25-Mar-25 3:49:00 AM AEST,nan,nan,nan,nan,0.60,3.41,nan,nan,nan,nan,14.20,nan
25-Mar-25 3:49:02 AM AEST,nan,nan,nan,nan,nan,nan,nan,nan,nan,84.70,nan,nan
25-Mar-25 3:49:10 AM AEST,nan,nan,nan,nan,nan,nan,nan,nan,317.80,nan,nan,nan
25-Mar-25 3:49:18 AM AEST,nan,97.5,nan,nan,nan,nan,125.20,nan,nan,nan,nan,nan
25-Mar-25 3:49:27 AM AEST,nan,nan,nan,0.20,nan,nan,nan,nan,nan,nan,nan,nan
25-Mar-25 3:49:27 AM AEST,nan,nan,nan,6552.80,nan,nan,nan,nan,nan,nan,nan,nan
25-Mar-25 3:49:30 AM AEST,24.0,nan,nan,nan,nan,nan,nan,nan,nan,nan,nan,nan
25-Mar-25 3:49:30 AM AEST,72.2,nan,nan,nan,nan,nan,nan,nan,nan,nan,nan,nan
25-Mar-25 3:49:30 AM AEST,24.0,nan,nan,nan,nan,nan,nan,nan,nan,nan,nan,nan
25-Mar-25 3:50:00 AM AEST,nan,nan,93.3,nan,nan,nan,nan,nan,nan,nan,nan,nan
25-Mar-25 3:50:00 AM AEST,nan,nan,23.6,nan,nan,nan,nan,nan,nan,nan,nan,nan
25-Mar-25 3:50:29 AM AEST,nan,nan,nan,nan,nan,nan,nan,nan,nan,nan,nan,1.00
25-Mar-25 3:50:29 AM AEST,nan,nan,nan,nan,nan,nan,nan,nan,nan,nan,nan,0.00
25-Mar-25 3:50:30 AM AEST,nan,nan,nan,nan,nan,nan,nan,11.23,nan,nan,nan,nan
25-Mar-25 3:50:30 AM AEST,nan,nan,nan,nan,nan,nan,nan,0.00,nan,nan,nan,nan
25-Mar-25 3:51:30 AM AEST,nan,nan,nan,nan,72.20,65.53,nan,nan,nan,nan,0.00,nan
25-Mar-25 3:51:30 AM AEST,nan,nan,nan,nan,0.60,3.41,nan,nan,nan,nan,14.20,nan
25-Mar-25 3:51:33 AM AEST,nan,nan,nan,nan,nan,nan,nan,nan,nan,0.00,nan,nan
25-Mar-25 3:51:33 AM AEST,nan,nan,nan,nan,nan,nan,nan,nan,nan,84.70,nan,nan
25-Mar-25 3:51:44 AM AEST,nan,0.0,nan,nan,nan,nan,0.00,nan,nan,nan,nan,nan
25-Mar-25 3:51:44 AM AEST,nan,97.5,nan,nan,nan,nan,125.20,nan,nan,nan,nan,nan
25-Mar-25 3:51:45 AM AEST,nan,nan,nan,nan,nan,nan,nan,nan,0.00,nan,nan,nan
25-Mar-25 3:51:45 AM AEST,nan,nan,nan,nan,nan,nan,nan,nan,317.80,nan,nan,nan
25-Mar-25 3:51:56 AM AEST,nan,nan,nan,0.20,nan,nan,nan,nan,nan,nan,nan,nan
25-Mar-25 3:52:30 AM AEST,nan,nan,93.3,nan,nan,nan,nan,nan,nan,nan,nan,nan
25-Mar-25 3:54:25 AM AEST,nan,nan,nan,13.80,nan,nan,nan,nan,nan,nan,nan,nan
25-Mar-25 3:56:00 AM AEST,13.8,13.8,nan,nan,nan,nan,0.00,nan,nan,nan,nan,51.10
25-Mar-25 3:58:00 AM AEST,nan,nan,nan,6552.80,nan,nan,nan,11.23,nan,nan,nan,nan
25-Mar-25 3:58:26 AM AEST,nan,0.0,nan,nan,nan,nan,nan,nan,nan,nan,nan,nan
25-Mar-25 3:58:29 AM AEST,nan,nan,nan,nan,nan,nan,nan,nan,nan,nan,nan,1.00
25-Mar-25 3:58:30 AM AEST,72.2,nan,nan,nan,nan,nan,nan,nan,nan,nan,nan,nan
25-Mar-25 4:00:00 AM AEST,nan,nan,341.4,nan,nan,0.01,nan,nan,nan,nan,nan,nan
25-Mar-25 4:02:30 AM AEST,nan,nan,93.3,nan,nan,3.41,nan,nan,nan,nan,nan,nan
25-Mar-25 4:04:00 AM AEST,nan,97.5,nan,nan,nan,nan,125.20,0.00,nan,nan,nan,nan
25-Mar-25 4:06:00 AM AEST,24.0,nan,nan,0.20,nan,nan,nan,nan,0.00,0.00,nan,0.00
25-Mar-25 4:08:00 AM AEST,nan,24.0,nan,nan,nan,nan,24.00,9.75,nan,nan,nan,nan
25-Mar-25 4:08:31 AM AEST,nan,nan,nan,nan,nan,nan,nan,nan,nan,84.70,nan,nan
25-Mar-25 4:08:31 AM AEST,nan,nan,nan,nan,nan,nan,nan,nan,nan,0.00,nan,nan
25-Mar-25 4:08:35 AM AEST,nan,nan,nan,nan,nan,nan,nan,nan,317.80,nan,nan,nan
25-Mar-25 4:08:35 AM AEST,nan,nan,nan,nan,nan,nan,nan,nan,0.00,nan,nan,nan
25-Mar-25 4:10:00 AM AEST,51.1,nan,23.6,51.10,72.20,65.53,nan,nan,nan,nan,0.00,51.10
25-Mar-25 4:10:25 AM AEST,nan,nan,nan,nan,nan,nan,nan,0.00,nan,nan,nan,nan
25-Mar-25 4:10:26 AM AEST,nan,97.5,nan,nan,nan,nan,125.20,nan,nan,nan,nan,nan
25-Mar-25 4:10:26 AM AEST,nan,13.8,nan,nan,nan,nan,13.80,nan,nan,nan,nan,nan
25-Mar-25 4:11:10 AM AEST,nan,nan,nan,nan,nan,nan,nan,nan,23.60,nan,nan,nan
25-Mar-25 4:12:00 AM AEST,nan,nan,nan,nan,nan,nan,nan,nan,nan,8.30,nan,nan
25-Mar-25 4:12:29 AM AEST,nan,nan,nan,6552.80,nan,nan,nan,nan,nan,nan,nan,1.00
25-Mar-25 4:12:30 AM AEST,72.2,nan,0.9,nan,8.30,0.01,nan,nan,nan,nan,8.30,nan
25-Mar-25 4:12:50 AM AEST,nan,nan,nan,nan,nan,nan,nan,11.23,nan,nan,nan,nan
25-Mar-25 4:12:52 AM AEST,nan,0.0,nan,nan,nan,nan,0.00,nan,nan,nan,nan,nan
25-Mar-25 4:13:45 AM AEST,nan,nan,nan,nan,nan,nan,nan,nan,317.80,nan,nan,nan
25-Mar-25 4:14:31 AM AEST,nan,nan,nan,nan,nan,nan,nan,nan,nan,84.70,nan,nan
25-Mar-25 4:14:58 AM AEST,nan,nan,nan,0.20,nan,nan,nan,nan,nan,nan,nan,0.00
25-Mar-25 4:15:00 AM AEST,24.0,nan,341.4,nan,0.60,3.41,nan,nan,nan,nan,14.20,nan
25-Mar-25 4:15:00 AM AEST,24.0,nan,23.6,nan,72.20,65.53,nan,nan,nan,nan,0.00,nan
25-Mar-25 4:15:15 AM AEST,nan,nan,nan,nan,nan,nan,nan,0.00,nan,nan,nan,nan
25-Mar-25 4:15:18 AM AEST,nan,97.5,nan,nan,nan,nan,125.20,nan,nan,nan,nan,nan
25-Mar-25 4:16:20 AM AEST,nan,nan,nan,nan,nan,nan,nan,nan,0.00,nan,nan,nan
25-Mar-25 4:16:20 AM AEST,nan,nan,nan,nan,nan,nan,nan,nan,317.80,nan,nan,nan
25-Mar-25 4:17:02 AM AEST,nan,nan,nan,nan,nan,nan,nan,nan,nan,0.00,nan,nan
25-Mar-25 4:17:02 AM AEST,nan,nan,nan,nan,nan,nan,nan,nan,nan,84.70,nan,nan
25-Mar-25 4:17:27 AM AEST,nan,nan,nan,6552.80,nan,nan,nan,nan,nan,nan,nan,1.00
25-Mar-25 4:17:30 AM AEST,72.2,nan,93.3,nan,0.60,3.41,nan,nan,nan,nan,14.20,nan
25-Mar-25 4:17:44 AM AEST,nan,0.0,nan,nan,nan,nan,0.00,nan,nan,nan,nan,nan
25-Mar-25 4:22:00 AM AEST,24.0,97.5,23.6,0.20,72.20,65.53,125.20,11.23,0.00,0.00,0.00,0.00
25-Mar-25 4:22:00 AM AEST,24.0,97.5,23.6,0.20,72.20,65.53,125.20,0.00,0.00,0.00,0.00,0.00
25-Mar-25 4:24:26 AM AEST,nan,0.0,nan,nan,nan,nan,nan,nan,nan,nan,nan,nan
25-Mar-25 4:24:29 AM AEST,nan,nan,nan,6552.80,nan,nan,nan,nan,nan,nan,nan,1.00
25-Mar-25 4:24:30 AM AEST,72.2,nan,93.3,nan,0.60,3.41,nan,nan,nan,nan,14.20,nan
25-Mar-25 4:24:30 AM AEST,72.2,nan,98.2,nan,0.60,3.41,nan,nan,nan,nan,14.20,nan
25-Mar-25 4:24:31 AM AEST,nan,nan,nan,nan,nan,nan,nan,nan,nan,84.70,nan,nan
25-Mar-25 4:24:35 AM AEST,nan,nan,nan,nan,nan,nan,nan,nan,317.80,nan,nan,nan
25-Mar-25 4:26:00 AM AEST,nan,nan,nan,nan,nan,nan,0.00,11.23,nan,nan,nan,nan
25-Mar-25 4:27:00 AM AEST,nan,nan,93.3,nan,nan,nan,nan,nan,nan,nan,nan,nan
25-Mar-25 4:28:00 AM AEST,24.0,97.5,nan,0.20,72.20,65.53,nan,nan,0.00,0.00,0.00,nan
25-Mar-25 4:28:00 AM AEST,112.3,97.5,nan,112.30,72.20,65.53,nan,nan,0.00,0.00,0.00,nan
25-Mar-25 4:28:25 AM AEST,nan,nan,nan,nan,nan,nan,nan,0.00,nan,nan,nan,nan
25-Mar-25 4:28:25 AM AEST,nan,nan,nan,nan,nan,nan,nan,5.11,nan,nan,nan,nan
25-Mar-25 4:28:26 AM AEST,nan,nan,nan,nan,nan,nan,125.20,nan,nan,nan,nan,nan
25-Mar-25 4:28:26 AM AEST,nan,nan,nan,nan,nan,nan,14.80,nan,nan,nan,nan,nan
25-Mar-25 4:29:30 AM AEST,nan,nan,23.6,nan,nan,nan,nan,nan,nan,nan,nan,nan
25-Mar-25 4:30:00 AM AEST,nan,nan,nan,nan,nan,nan,nan,nan,nan,nan,nan,112.30
25-Mar-25 4:30:26 AM AEST,nan,14.8,nan,nan,nan,nan,nan,nan,nan,nan,nan,nan
25-Mar-25 4:30:29 AM AEST,nan,nan,nan,6552.80,nan,nan,nan,nan,nan,nan,nan,nan
25-Mar-25 4:30:30 AM AEST,72.2,nan,nan,nan,0.60,3.41,nan,nan,nan,nan,14.20,nan
25-Mar-25 4:30:31 AM AEST,nan,nan,nan,nan,nan,nan,nan,nan,nan,84.70,nan,nan
25-Mar-25 4:30:35 AM AEST,nan,nan,nan,nan,nan,nan,nan,nan,317.80,nan,nan,nan
25-Mar-25 4:30:50 AM AEST,nan,nan,nan,nan,nan,nan,nan,11.23,nan,nan,nan,nan
25-Mar-25 4:30:52 AM AEST,nan,nan,nan,nan,nan,nan,0.00,nan,nan,nan,nan,nan
25-Mar-25 4:32:00 AM AEST,nan,nan,93.3,nan,nan,nan,nan,nan,nan,nan,nan,nan
25-Mar-25 4:32:29 AM AEST,nan,nan,nan,nan,nan,nan,nan,nan,nan,nan,nan,1.00
25-Mar-25 4:32:52 AM AEST,nan,0.0,nan,nan,nan,nan,nan,nan,nan,nan,nan,nan
25-Mar-25 4:36:00 AM AEST,24.0,97.5,nan,0.20,nan,nan,125.20,nan,nan,nan,nan,nan
25-Mar-25 4:38:00 AM AEST,nan,nan,nan,nan,nan,nan,nan,0.00,nan,nan,nan,nan
25-Mar-25 4:40:00 AM AEST,nan,nan,nan,nan,nan,nan,nan,nan,0.00,0.00,nan,0.00
25-Mar-25 4:40:00 AM AEST,nan,nan,nan,nan,nan,nan,nan,nan,317.80,84.70,nan,1.00
25-Mar-25 4:40:00 AM AEST,nan,nan,nan,nan,nan,nan,nan,nan,0.00,0.00,nan,1.00
25-Mar-25 4:42:00 AM AEST,112.3,112.3,23.6,6552.80,72.20,65.53,112.30,1.48,nan,nan,0.00,nan
25-Mar-25 4:42:00 AM AEST,112.3,112.3,23.6,0.00,72.20,65.53,112.30,1.48,nan,nan,0.00,nan
25-Mar-25 4:42:29 AM AEST,nan,nan,nan,nan,nan,nan,nan,nan,nan,nan,nan,0.00
25-Mar-25 4:42:31 AM AEST,nan,nan,nan,nan,nan,nan,nan,nan,nan,84.70,nan,nan
25-Mar-25 4:42:35 AM AEST,nan,nan,nan,nan,nan,nan,nan,nan,317.80,nan,nan,nan
25-Mar-25 4:44:25 AM AEST,nan,nan,nan,nan,nan,nan,nan,11.23,nan,nan,nan,nan
25-Mar-25 4:44:25 AM AEST,nan,nan,nan,nan,nan,nan,nan,0.00,nan,nan,nan,nan
25-Mar-25 4:44:26 AM AEST,nan,0.0,nan,nan,nan,nan,0.00,nan,nan,nan,nan,nan
25-Mar-25 4:44:26 AM AEST,nan,97.5,nan,nan,nan,nan,125.20,nan,nan,nan,nan,nan
25-Mar-25 4:44:29 AM AEST,nan,nan,nan,6552.80,nan,nan,nan,nan,nan,nan,nan,nan
25-Mar-25 4:44:29 AM AEST,nan,nan,nan,0.20,nan,nan,nan,nan,nan,nan,nan,nan
25-Mar-25 4:44:30 AM AEST,72.2,nan,93.3,nan,0.60,3.41,nan,nan,nan,nan,14.20,nan
25-Mar-25 4:44:30 AM AEST,24.0,nan,23.6,nan,72.20,65.53,nan,nan,nan,nan,0.00,nan
25-Mar-25 4:44:58 AM AEST,nan,nan,nan,nan,nan,nan,nan,nan,nan,nan,nan,1.00
25-Mar-25 4:44:58 AM AEST,nan,nan,nan,nan,nan,nan,nan,nan,nan,nan,nan,0.00
25-Mar-25 4:45:02 AM AEST,nan,nan,nan,nan,nan,nan,nan,nan,nan,0.00,nan,nan
25-Mar-25 4:45:10 AM AEST,nan,nan,nan,nan,nan,nan,nan,nan,0.00,nan,nan,nan
25-Mar-25 4:46:50 AM AEST,nan,nan,nan,nan,nan,nan,nan,5.11,nan,nan,nan,nan
25-Mar-25 4:46:52 AM AEST,nan,14.8,nan,nan,nan,nan,51.10,nan,nan,nan,nan,nan
25-Mar-25 4:46:58 AM AEST,nan,nan,nan,14.80,nan,nan,nan,nan,nan,nan,nan,nan
25-Mar-25 4:47:00 AM AEST,14.8,nan,93.3,nan,0.60,3.41,nan,nan,nan,nan,14.20,nan
25-Mar-25 4:47:27 AM AEST,nan,nan,nan,nan,nan,nan,nan,nan,nan,nan,nan,112.30
25-Mar-25 4:49:15 AM AEST,nan,nan,nan,nan,nan,nan,nan,0.00,nan,nan,nan,nan
25-Mar-25 4:49:15 AM AEST,nan,nan,nan,nan,nan,nan,nan,5.11,nan,nan,nan,nan
25-Mar-25 4:49:18 AM AEST,nan,97.5,nan,nan,nan,nan,125.20,nan,nan,nan,nan,nan
25-Mar-25 4:49:18 AM AEST,nan,14.8,nan,nan,nan,nan,14.80,nan,nan,nan,nan,nan
25-Mar-25 4:49:27 AM AEST,nan,nan,nan,0.20,nan,nan,nan,nan,nan,nan,nan,nan
25-Mar-25 4:49:27 AM AEST,nan,nan,nan,112.30,nan,nan,nan,nan,nan,nan,nan,nan
25-Mar-25 4:49:30 AM AEST,24.0,nan,23.6,nan,72.20,65.53,nan,nan,nan,nan,0.00,nan
25-Mar-25 4:49:30 AM AEST,112.3,nan,23.6,nan,72.20,65.53,nan,nan,nan,nan,0.00,nan
25-Mar-25 4:49:56 AM AEST,nan,nan,nan,nan,nan,nan,nan,nan,nan,nan,nan,0.00
25-Mar-25 4:49:56 AM AEST,nan,nan,nan,nan,nan,nan,nan,nan,nan,nan,nan,112.30
25-Mar-25 4:51:40 AM AEST,nan,nan,nan,nan,nan,nan,nan,11.23,nan,nan,nan,nan
25-Mar-25 4:51:44 AM AEST,nan,0.0,nan,nan,nan,nan,0.00,nan,nan,nan,nan,nan
25-Mar-25 4:51:56 AM AEST,nan,nan,nan,6552.80,nan,nan,nan,nan,nan,nan,nan,nan
25-Mar-25 4:52:00 AM AEST,72.2,nan,317.8,nan,1.40,3.18,nan,nan,0.90,1.40,1.40,nan
25-Mar-25 4:52:25 AM AEST,nan,nan,nan,nan,nan,nan,nan,nan,nan,nan,nan,1.00
25-Mar-25 4:54:30 AM AEST,nan,nan,93.3,nan,0.60,3.41,nan,nan,nan,nan,14.20,nan
25-Mar-25 4:54:30 AM AEST,nan,nan,23.6,nan,72.20,65.53,nan,nan,nan,nan,72.20,nan
25-Mar-25 4:54:31 AM AEST,nan,nan,nan,nan,nan,nan,nan,nan,nan,84.70,nan,nan
25-Mar-25 4:54:31 AM AEST,nan,nan,nan,nan,nan,nan,nan,nan,nan,72.20,nan,nan
25-Mar-25 4:54:35 AM AEST,nan,nan,nan,nan,nan,nan,nan,nan,317.80,nan,nan,nan
25-Mar-25 4:54:35 AM AEST,nan,nan,nan,nan,nan,nan,nan,nan,0.00,nan,nan,nan
25-Mar-25 4:54:54 AM AEST,nan,nan,nan,nan,nan,nan,nan,nan,nan,nan,nan,0.00
25-Mar-25 4:56:00 AM AEST,0.0,nan,nan,0.00,nan,nan,112.30,nan,nan,nan,nan,nan
25-Mar-25 4:57:00 AM AEST,nan,nan,1.4,nan,0.90,0.01,nan,nan,nan,nan,0.90,nan
25-Mar-25 4:57:02 AM AEST,nan,nan,nan,nan,nan,nan,nan,nan,nan,8.30,nan,nan
25-Mar-25 4:57:10 AM AEST,nan,nan,nan,nan,nan,nan,nan,nan,8.30,nan,nan,nan
25-Mar-25 4:57:23 AM AEST,nan,nan,nan,nan,nan,nan,nan,nan,nan,nan,nan,1.00
25-Mar-25 4:58:26 AM AEST,nan,nan,nan,nan,nan,nan,0.00,nan,nan,nan,nan,nan
25-Mar-25 4:58:29 AM AEST,nan,nan,nan,6552.80,nan,nan,nan,nan,nan,nan,nan,nan
25-Mar-25 4:58:30 AM AEST,72.2,nan,nan,nan,nan,nan,nan,nan,nan,nan,nan,nan
25-Mar-25 4:59:30 AM AEST,nan,nan,93.3,nan,0.60,3.41,nan,nan,nan,nan,14.20,nan
25-Mar-25 4:59:33 AM AEST,nan,nan,nan,nan,nan,nan,nan,nan,nan,84.70,nan,nan
25-Mar-25 4:59:45 AM AEST,nan,nan,nan,nan,nan,nan,nan,nan,317.80,nan,nan,nan
25-Mar-25 5:04:00 AM AEST,24.0,97.5,1.4,0.20,0.90,0.01,125.20,0.00,8.30,8.30,0.90,0.00
25-Mar-25 5:04:00 AM AEST,72.2,0.0,1.4,6552.80,0.90,0.01,0.00,11.23,8.30,8.30,0.90,1.00
25-Mar-25 5:06:30 AM AEST,nan,nan,93.3,nan,0.60,3.41,nan,nan,nan,nan,14.20,nan
25-Mar-25 5:06:31 AM AEST,nan,nan,nan,nan,nan,nan,nan,nan,nan,84.70,nan,nan
25-Mar-25 5:06:35 AM AEST,nan,nan,nan,nan,nan,nan,nan,nan,317.80,nan,nan,nan
25-Mar-25 5:10:00 AM AEST,24.0,24.0,nan,0.20,nan,nan,24.00,9.75,nan,nan,nan,0.00
25-Mar-25 5:12:00 AM AEST,nan,nan,nan,nan,72.20,65.53,nan,nan,0.00,0.00,0.00,nan
25-Mar-25 5:12:25 AM AEST,nan,nan,nan,nan,nan,nan,nan,5.11,nan,nan,nan,nan
25-Mar-25 5:12:26 AM AEST,nan,14.8,nan,nan,nan,nan,14.80,nan,nan,nan,nan,nan
25-Mar-25 5:12:29 AM AEST,nan,nan,nan,112.30,nan,nan,nan,nan,nan,nan,nan,112.30
25-Mar-25 5:12:30 AM AEST,112.3,nan,nan,nan,nan,nan,nan,nan,nan,nan,nan,nan
25-Mar-25 5:14:30 AM AEST,nan,nan,nan,nan,0.60,3.41,nan,nan,nan,nan,14.20,nan
25-Mar-25 5:14:31 AM AEST,nan,nan,nan,nan,nan,nan,nan,nan,nan,84.70,nan,nan
25-Mar-25 5:14:35 AM AEST,nan,nan,nan,nan,nan,nan,nan,nan,317.80,nan,nan,nan
25-Mar-25 5:14:50 AM AEST,nan,nan,nan,nan,nan,nan,nan,11.23,nan,nan,nan,nan
25-Mar-25 5:14:52 AM AEST,nan,0.0,nan,nan,nan,nan,0.00,nan,nan,nan,nan,nan
25-Mar-25 5:14:58 AM AEST,nan,nan,nan,6552.80,nan,nan,nan,nan,nan,nan,nan,1.00
25-Mar-25 5:15:00 AM AEST,72.2,nan,nan,nan,nan,nan,nan,nan,nan,nan,nan,nan
25-Mar-25 5:16:00 AM AEST,nan,nan,341.4,nan,nan,nan,nan,nan,nan,nan,nan,nan
25-Mar-25 5:17:10 AM AEST,nan,nan,nan,nan,nan,nan,nan,nan,6552.80,nan,nan,nan
25-Mar-25 5:18:00 AM AEST,nan,nan,nan,nan,1.00,0.24,nan,nan,nan,1.00,1.00,nan
25-Mar-25 5:18:30 AM AEST,nan,nan,23.6,nan,nan,nan,nan,nan,nan,nan,nan,nan
25-Mar-25 5:20:00 AM AEST,0.0,nan,nan,0.00,nan,nan,nan,nan,nan,nan,nan,72.20
25-Mar-25 5:20:30 AM AEST,nan,nan,nan,nan,0.60,3.41,nan,nan,nan,nan,14.20,nan
25-Mar-25 5:20:31 AM AEST,nan,nan,nan,nan,nan,nan,nan,nan,nan,84.70,nan,nan
25-Mar-25 5:21:00 AM AEST,nan,nan,93.3,nan,nan,nan,nan,nan,nan,nan,nan,nan
25-Mar-25 5:22:00 AM AEST,nan,nan,nan,nan,nan,nan,nan,nan,317.80,nan,nan,nan
25-Mar-25 5:22:29 AM AEST,nan,nan,nan,6552.80,nan,nan,nan,nan,nan,nan,nan,1.00
25-Mar-25 5:22:30 AM AEST,72.2,nan,nan,nan,nan,nan,nan,nan,nan,nan,nan,nan
25-Mar-25 5:23:30 AM AEST,nan,nan,23.6,nan,nan,nan,nan,nan,nan,nan,nan,nan
25-Mar-25 5:24:00 AM AEST,nan,97.5,nan,nan,72.20,65.53,125.20,0.00,nan,72.20,72.20,nan
25-Mar-25 5:24:00 AM AEST,nan,0.0,nan,nan,72.20,65.53,112.30,11.23,nan,72.20,72.20,nan
25-Mar-25 5:24:35 AM AEST,nan,nan,nan,nan,nan,nan,nan,nan,0.00,nan,nan,nan
25-Mar-25 5:24:58 AM AEST,nan,nan,nan,0.00,nan,nan,nan,nan,nan,nan,nan,0.00
25-Mar-25 5:25:00 AM AEST,0.0,nan,nan,nan,nan,nan,nan,nan,nan,nan,nan,nan
25-Mar-25 5:26:00 AM AEST,nan,nan,93.3,nan,nan,nan,nan,nan,nan,nan,nan,nan
25-Mar-25 5:26:30 AM AEST,nan,nan,nan,nan,0.60,3.41,nan,nan,nan,nan,14.20,nan
25-Mar-25 5:26:31 AM AEST,nan,nan,nan,nan,nan,nan,nan,nan,nan,84.70,nan,nan
25-Mar-25 5:27:10 AM AEST,nan,nan,nan,nan,nan,nan,nan,nan,317.80,nan,nan,nan
25-Mar-25 5:27:10 AM AEST,nan,nan,nan,nan,nan,nan,nan,nan,0.00,nan,nan,nan
25-Mar-25 5:27:27 AM AEST,nan,nan,nan,6552.80,nan,nan,nan,nan,nan,nan,nan,1.00
25-Mar-25 5:27:27 AM AEST,nan,nan,nan,0.20,nan,nan,nan,nan,nan,nan,nan,0.00
25-Mar-25 5:27:30 AM AEST,72.2,nan,nan,nan,nan,nan,nan,nan,nan,nan,nan,nan
25-Mar-25 5:27:30 AM AEST,24.0,nan,nan,nan,nan,nan,nan,nan,nan,nan,nan,nan
25-Mar-25 5:28:00 AM AEST,nan,97.5,nan,nan,nan,nan,0.00,0.00,nan,nan,nan,nan
25-Mar-25 5:28:00 AM AEST,nan,97.5,nan,nan,nan,nan,125.20,0.00,nan,nan,nan,nan
25-Mar-25 5:28:30 AM AEST,nan,nan,23.6,nan,nan,nan,nan,nan,nan,nan,nan,nan
25-Mar-25 5:29:00 AM AEST,nan,nan,nan,nan,72.20,65.53,nan,nan,nan,nan,0.00,nan
25-Mar-25 5:29:02 AM AEST,nan,nan,nan,nan,nan,nan,nan,nan,nan,0.00,nan,nan
25-Mar-25 5:29:56 AM AEST,nan,nan,nan,14.80,nan,nan,nan,nan,nan,nan,nan,112.30
25-Mar-25 5:30:00 AM AEST,14.8,nan,nan,nan,nan,nan,nan,nan,nan,nan,nan,nan
25-Mar-25 5:30:25 AM AEST,nan,nan,nan,nan,nan,nan,nan,5.11,nan,nan,nan,nan
25-Mar-25 5:30:26 AM AEST,nan,14.8,nan,nan,nan,nan,51.10,nan,nan,nan,nan,nan
25-Mar-25 5:31:00 AM AEST,nan,nan,93.3,nan,nan,nan,nan,nan,nan,nan,nan,nan
25-Mar-25 5:31:30 AM AEST,nan,nan,nan,nan,0.60,3.41,nan,nan,nan,nan,14.20,nan
25-Mar-25 5:32:25 AM AEST,nan,nan,nan,6552.80,nan,nan,nan,nan,nan,nan,nan,1.00
25-Mar-25 5:32:30 AM AEST,72.2,nan,nan,nan,nan,nan,nan,nan,nan,nan,nan,nan
25-Mar-25 5:32:50 AM AEST,nan,nan,nan,nan,nan,nan,nan,11.23,nan,nan,nan,nan
25-Mar-25 5:32:52 AM AEST,nan,0.0,nan,nan,nan,nan,0.00,nan,nan,nan,nan,nan
25-Mar-25 5:33:30 AM AEST,nan,nan,317.8,nan,nan,nan,nan,nan,nan,nan,nan,nan
25-Mar-25 5:34:00 AM AEST,nan,nan,nan,nan,1.40,0.01,nan,nan,0.90,0.90,0.90,nan
25-Mar-25 5:36:00 AM AEST,nan,nan,98.2,nan,nan,nan,nan,nan,nan,nan,nan,nan
25-Mar-25 5:36:30 AM AEST,nan,nan,nan,nan,0.60,3.41,nan,nan,nan,nan,14.20,nan
25-Mar-25 5:36:31 AM AEST,nan,nan,nan,nan,nan,nan,nan,nan,nan,84.70,nan,nan
25-Mar-25 5:36:35 AM AEST,nan,nan,nan,nan,nan,nan,nan,nan,317.80,nan,nan,nan
25-Mar-25 5:38:30 AM AEST,nan,nan,93.3,nan,nan,nan,nan,nan,nan,nan,nan,nan
25-Mar-25 5:40:00 AM AEST,24.0,97.5,nan,0.20,nan,nan,125.20,58.35,nan,nan,nan,nan
25-Mar-25 5:40:00 AM AEST,51.1,97.5,nan,14.80,nan,nan,125.20,58.35,nan,nan,nan,nan
25-Mar-25 5:42:00 AM AEST,nan,nan,nan,nan,nan,nan,nan,nan,0.00,0.00,0.00,14.80
25-Mar-25 5:42:00 AM AEST,nan,nan,nan,nan,nan,nan,nan,nan,6552.80,1.00,1.00,14.80
25-Mar-25 5:42:25 AM AEST,nan,nan,nan,nan,nan,nan,nan,1.38,nan,nan,nan,nan
25-Mar-25 5:42:26 AM AEST,nan,51.1,nan,nan,nan,nan,51.10,nan,nan,nan,nan,nan
25-Mar-25 5:42:29 AM AEST,nan,nan,nan,0.00,nan,nan,nan,nan,nan,nan,nan,nan
25-Mar-25 5:42:30 AM AEST,0.0,nan,nan,nan,nan,nan,nan,nan,nan,nan,nan,nan
25-Mar-25 5:44:00 AM AEST,nan,nan,23.6,nan,1.00,0.24,nan,nan,nan,nan,nan,nan
25-Mar-25 5:44:29 AM AEST,nan,nan,nan,nan,nan,nan,nan,nan,nan,nan,nan,72.20
25-Mar-25 5:44:50 AM AEST,nan,nan,nan,nan,nan,nan,nan,11.23,nan,nan,nan,nan
25-Mar-25 5:44:52 AM AEST,nan,0.0,nan,nan,nan,nan,0.00,nan,nan,nan,nan,nan
25-Mar-25 5:46:00 AM AEST,72.2,nan,nan,6552.80,nan,nan,nan,nan,317.80,84.70,14.20,nan
25-Mar-25 5:46:30 AM AEST,nan,nan,93.3,nan,0.60,3.41,nan,nan,nan,nan,nan,nan
25-Mar-25 5:46:58 AM AEST,nan,nan,nan,nan,nan,nan,nan,nan,nan,nan,nan,1.00
25-Mar-25 5:50:00 AM AEST,nan,97.5,nan,nan,nan,nan,125.20,0.00,nan,nan,nan,nan
25-Mar-25 5:52:00 AM AEST,51.1,nan,nan,51.10,nan,nan,nan,nan,0.00,0.00,nan,51.10
25-Mar-25 5:52:26 AM AEST,nan,13.8,nan,nan,nan,nan,13.80,nan,nan,nan,nan,nan
25-Mar-25 5:54:00 AM AEST,nan,nan,nan,nan,nan,nan,nan,11.23,nan,nan,nan,nan
25-Mar-25 5:54:29 AM AEST,nan,nan,nan,6552.80,nan,nan,nan,nan,nan,nan,nan,1.00
25-Mar-25 5:54:30 AM AEST,72.2,nan,nan,nan,nan,nan,nan,nan,nan,nan,nan,nan
25-Mar-25 5:54:31 AM AEST,nan,nan,nan,nan,nan,nan,nan,nan,nan,84.70,nan,nan
25-Mar-25 5:54:35 AM AEST,nan,nan,nan,nan,nan,nan,nan,nan,317.80,nan,nan,nan
25-Mar-25 5:54:52 AM AEST,nan,0.0,nan,nan,nan,nan,0.00,nan,nan,nan,nan,nan
25-Mar-25 5:56:00 AM AEST,nan,nan,341.4,nan,nan,0.01,nan,nan,nan,nan,nan,nan
25-Mar-25 5:58:30 AM AEST,nan,nan,93.3,nan,nan,3.41,nan,nan,nan,nan,nan,nan
25-Mar-25 5:58:30 AM AEST,nan,nan,23.6,nan,nan,65.53,nan,nan,nan,nan,nan,nan
25-Mar-25 6:00:00 AM AEST,24.0,97.5,nan,0.20,72.20,nan,125.20,0.00,0.00,0.00,0.00,0.00
25-Mar-25 6:00:00 AM AEST,112.3,112.3,nan,0.00,72.20,nan,112.30,1.48,0.00,0.00,0.00,0.00
25-Mar-25 6:02:25 AM AEST,nan,nan,nan,nan,nan,nan,nan,12.52,nan,nan,nan,nan
25-Mar-25 6:02:26 AM AEST,nan,97.5,nan,nan,nan,nan,97.50,nan,nan,nan,nan,nan
25-Mar-25 6:02:29 AM AEST,nan,nan,nan,0.20,nan,nan,nan,nan,nan,nan,nan,nan
25-Mar-25 6:02:30 AM AEST,24.0,nan,nan,nan,nan,nan,nan,nan,nan,nan,nan,nan
25-Mar-25 6:04:00 AM AEST,nan,nan,93.3,nan,nan,nan,nan,nan,nan,nan,nan,nan
25-Mar-25 6:04:50 AM AEST,nan,nan,nan,nan,nan,nan,nan,1.48,nan,nan,nan,nan
25-Mar-25 6:04:52 AM AEST,nan,112.3,nan,nan,nan,nan,112.30,nan,nan,nan,nan,nan
25-Mar-25 6:04:58 AM AEST,nan,nan,nan,0.00,nan,nan,nan,nan,nan,nan,nan,nan
25-Mar-25 6:05:00 AM AEST,112.3,nan,nan,nan,nan,nan,nan,nan,nan,nan,nan,nan
25-Mar-25 6:06:00 AM AEST,nan,nan,nan,nan,0.90,0.01,nan,nan,8.30,8.30,0.90,1.00
25-Mar-25 6:06:30 AM AEST,nan,nan,1.4,nan,nan,nan,nan,nan,nan,nan,nan,nan
25-Mar-25 6:07:15 AM AEST,nan,nan,nan,nan,nan,nan,nan,11.23,nan,nan,nan,nan
25-Mar-25 6:07:18 AM AEST,nan,0.0,nan,nan,nan,nan,0.00,nan,nan,nan,nan,nan
25-Mar-25 6:07:27 AM AEST,nan,nan,nan,6552.80,nan,nan,nan,nan,nan,nan,nan,nan
25-Mar-25 6:07:30 AM AEST,72.2,nan,nan,nan,nan,nan,nan,nan,nan,nan,nan,nan
25-Mar-25 6:08:30 AM AEST,nan,nan,nan,nan,0.60,3.41,nan,nan,nan,nan,14.20,nan
25-Mar-25 6:08:31 AM AEST,nan,nan,nan,nan,nan,nan,nan,nan,nan,84.70,nan,nan
25-Mar-25 6:08:35 AM AEST,nan,nan,nan,nan,nan,nan,nan,nan,317.80,nan,nan,nan
25-Mar-25 6:09:00 AM AEST,nan,nan,93.3,nan,nan,nan,nan,nan,nan,nan,nan,nan
25-Mar-25 6:12:00 AM AEST,24.0,24.0,nan,0.20,nan,nan,24.00,9.75,nan,nan,nan,0.00
25-Mar-25 6:14:00 AM AEST,nan,nan,nan,nan,72.20,65.53,nan,nan,0.00,0.00,0.00,nan
25-Mar-25 6:14:25 AM AEST,nan,nan,nan,nan,nan,nan,nan,1.48,nan,nan,nan,nan
25-Mar-25 6:14:26 AM AEST,nan,112.3,nan,nan,nan,nan,112.30,nan,nan,nan,nan,nan
25-Mar-25 6:14:29 AM AEST,nan,nan,nan,0.00,nan,nan,nan,nan,nan,nan,nan,nan
25-Mar-25 6:14:30 AM AEST,112.3,nan,nan,nan,nan,nan,nan,nan,nan,nan,nan,nan
25-Mar-25 6:16:00 AM AEST,nan,nan,317.8,nan,nan,nan,nan,nan,nan,nan,nan,nan
25-Mar-25 6:16:30 AM AEST,nan,nan,nan,nan,1.40,3.18,nan,nan,nan,nan,1.40,nan
25-Mar-25 6:16:31 AM AEST,nan,nan,nan,nan,nan,nan,nan,nan,nan,1.40,nan,nan
25-Mar-25 6:16:35 AM AEST,nan,nan,nan,nan,nan,nan,nan,nan,0.90,nan,nan,nan
25-Mar-25 6:16:50 AM AEST,nan,nan,nan,nan,nan,nan,nan,11.23,nan,nan,nan,nan
25-Mar-25 6:16:52 AM AEST,nan,0.0,nan,nan,nan,nan,0.00,nan,nan,nan,nan,nan
25-Mar-25 6:16:58 AM AEST,nan,nan,nan,6552.80,nan,nan,nan,nan,nan,nan,nan,nan
25-Mar-25 6:17:00 AM AEST,72.2,nan,nan,nan,nan,nan,nan,nan,nan,nan,nan,nan
25-Mar-25 6:18:00 AM AEST,nan,nan,nan,nan,nan,nan,nan,nan,nan,nan,nan,1.00
25-Mar-25 6:18:30 AM AEST,nan,nan,93.3,nan,nan,nan,nan,nan,nan,nan,nan,nan
25-Mar-25 6:19:00 AM AEST,nan,nan,nan,nan,0.60,3.41,nan,nan,nan,nan,14.20,nan
25-Mar-25 6:19:02 AM AEST,nan,nan,nan,nan,nan,nan,nan,nan,nan,84.70,nan,nan
25-Mar-25 6:19:10 AM AEST,nan,nan,nan,nan,nan,nan,nan,nan,317.80,nan,nan,nan
25-Mar-25 6:22:00 AM AEST,24.0,97.5,nan,0.20,nan,nan,97.50,12.52,nan,nan,nan,0.00
25-Mar-25 6:24:00 AM AEST,nan,nan,nan,nan,72.20,65.53,nan,nan,0.00,0.00,0.00,nan
25-Mar-25 6:24:25 AM AEST,nan,nan,nan,nan,nan,nan,nan,5.11,nan,nan,nan,nan
25-Mar-25 6:24:26 AM AEST,nan,14.8,nan,nan,nan,nan,51.10,nan,nan,nan,nan,nan
25-Mar-25 6:24:29 AM AEST,nan,nan,nan,14.80,nan,nan,nan,nan,nan,nan,nan,112.30
25-Mar-25 6:24:30 AM AEST,14.8,nan,nan,nan,nan,nan,nan,nan,nan,nan,nan,nan
25-Mar-25 6:26:00 AM AEST,nan,nan,23.6,nan,nan,nan,nan,nan,nan,nan,nan,nan
25-Mar-25 6:26:00 AM AEST,nan,nan,341.4,nan,nan,nan,nan,nan,nan,nan,nan,nan
25-Mar-25 6:26:30 AM AEST,nan,nan,nan,nan,0.60,0.01,nan,nan,nan,nan,14.20,nan
25-Mar-25 6:26:31 AM AEST,nan,nan,nan,nan,nan,nan,nan,nan,nan,84.70,nan,nan
25-Mar-25 6:26:35 AM AEST,nan,nan,nan,nan,nan,nan,nan,nan,317.80,nan,nan,nan
25-Mar-25 6:26:50 AM AEST,nan,nan,nan,nan,nan,nan,nan,0.00,nan,nan,nan,nan
25-Mar-25 6:26:50 AM AEST,nan,nan,nan,nan,nan,nan,nan,11.23,nan,nan,nan,nan
25-Mar-25 6:26:52 AM AEST,nan,97.5,nan,nan,nan,nan,125.20,nan,nan,nan,nan,nan
25-Mar-25 6:26:52 AM AEST,nan,0.0,nan,nan,nan,nan,0.00,nan,nan,nan,nan,nan
25-Mar-25 6:26:58 AM AEST,nan,nan,nan,0.20,nan,nan,nan,nan,nan,nan,nan,0.00
25-Mar-25 6:26:58 AM AEST,nan,nan,nan,6552.80,nan,nan,nan,nan,nan,nan,nan,1.00
25-Mar-25 6:27:00 AM AEST,24.0,nan,nan,nan,nan,nan,nan,nan,nan,nan,nan,nan
25-Mar-25 6:27:00 AM AEST,72.2,nan,nan,nan,nan,nan,nan,nan,nan,nan,nan,nan
25-Mar-25 6:28:30 AM AEST,nan,nan,23.6,nan,nan,nan,nan,nan,nan,nan,nan,nan
25-Mar-25 6:29:00 AM AEST,nan,nan,nan,nan,72.20,65.53,nan,nan,nan,nan,0.00,nan
25-Mar-25 6:29:02 AM AEST,nan,nan,nan,nan,nan,nan,nan,nan,nan,0.00,nan,nan
25-Mar-25 6:29:10 AM AEST,nan,nan,nan,nan,nan,nan,nan,nan,0.00,nan,nan,nan
25-Mar-25 6:29:15 AM AEST,nan,nan,nan,nan,nan,nan,nan,0.00,nan,nan,nan,nan
25-Mar-25 6:29:15 AM AEST,nan,nan,nan,nan,nan,nan,nan,2.40,nan,nan,nan,nan
25-Mar-25 6:29:18 AM AEST,nan,97.5,nan,nan,nan,nan,125.20,nan,nan,nan,nan,nan
25-Mar-25 6:29:18 AM AEST,nan,0.2,nan,nan,nan,nan,0.20,nan,nan,nan,nan,nan
25-Mar-25 6:29:27 AM AEST,nan,nan,nan,0.20,nan,nan,nan,nan,nan,nan,nan,0.00
25-Mar-25 6:29:27 AM AEST,nan,nan,nan,0.00,nan,nan,nan,nan,nan,nan,nan,0.00
25-Mar-25 6:29:30 AM AEST,24.0,nan,nan,nan,nan,nan,nan,nan,nan,nan,nan,nan
25-Mar-25 6:29:30 AM AEST,0.0,nan,nan,nan,nan,nan,nan,nan,nan,nan,nan,nan
25-Mar-25 6:31:30 AM AEST,nan,nan,nan,nan,nan,nan,nan,nan,nan,nan,72.20,nan
25-Mar-25 6:31:33 AM AEST,nan,nan,nan,nan,nan,nan,nan,nan,nan,72.20,nan,nan
25-Mar-25 6:31:40 AM AEST,nan,nan,nan,nan,nan,nan,nan,11.23,nan,nan,nan,nan
25-Mar-25 6:31:44 AM AEST,nan,0.0,nan,nan,nan,nan,112.30,nan,nan,nan,nan,nan
25-Mar-25 6:34:00 AM AEST,72.2,nan,93.3,6552.80,0.60,3.41,nan,nan,317.80,nan,14.20,1.00
25-Mar-25 6:34:04 AM AEST,nan,nan,nan,nan,nan,nan,nan,nan,nan,84.70,nan,nan
25-Mar-25 6:34:10 AM AEST,nan,nan,nan,nan,nan,nan,0.00,nan,nan,nan,nan,nan
25-Mar-25 6:36:00 AM AEST,nan,nan,nan,nan,nan,nan,nan,0.00,nan,nan,nan,nan
25-Mar-25 6:38:00 AM AEST,24.0,97.5,nan,0.20,nan,nan,125.20,nan,0.00,nan,nan,0.00
25-Mar-25 6:40:35 AM AEST,nan,nan,nan,nan,nan,nan,nan,nan,317.80,nan,nan,nan
25-Mar-25 6:42:00 AM AEST,72.2,0.0,14.2,6552.80,84.70,0.14,0.00,11.23,nan,nan,84.70,1.00
25-Mar-25 6:44:30 AM AEST,nan,nan,93.3,nan,0.60,3.41,nan,nan,nan,nan,14.20,nan
25-Mar-25 6:47:00 AM AEST,nan,nan,317.8,nan,1.40,3.18,nan,nan,nan,nan,1.40,nan
25-Mar-25 6:48:00 AM AEST,24.0,97.5,nan,0.20,nan,nan,125.20,0.00,0.00,0.00,nan,0.00
25-Mar-25 6:48:00 AM AEST,72.2,0.0,nan,6552.80,nan,nan,0.00,11.23,0.90,1.40,nan,1.00
25-Mar-25 6:50:31 AM AEST,nan,nan,nan,nan,nan,nan,nan,nan,nan,84.70,nan,nan
25-Mar-25 6:50:35 AM AEST,nan,nan,nan,nan,nan,nan,nan,nan,317.80,nan,nan,nan
25-Mar-25 6:52:00 AM AEST,nan,nan,93.3,nan,0.60,3.41,nan,nan,nan,nan,14.20,nan
25-Mar-25 6:53:02 AM AEST,nan,nan,nan,nan,nan,nan,nan,nan,nan,6552.80,nan,nan
25-Mar-25 6:53:10 AM AEST,nan,nan,nan,nan,nan,nan,nan,nan,6552.80,nan,nan,nan
25-Mar-25 6:54:00 AM AEST,0.0,nan,nan,0.00,nan,nan,nan,nan,nan,nan,nan,0.00
25-Mar-25 6:54:30 AM AEST,nan,nan,23.6,nan,1.00,0.01,nan,nan,nan,nan,6552.80,nan
25-Mar-25 6:55:33 AM AEST,nan,nan,nan,nan,nan,nan,nan,nan,nan,317.80,nan,nan
25-Mar-25 6:55:45 AM AEST,nan,nan,nan,nan,nan,nan,nan,nan,317.80,nan,nan,nan
25-Mar-25 6:56:29 AM AEST,nan,nan,nan,6552.80,nan,nan,nan,nan,nan,nan,nan,1.00
25-Mar-25 6:56:30 AM AEST,72.2,nan,nan,nan,nan,nan,nan,nan,nan,nan,nan,nan
25-Mar-25 6:57:00 AM AEST,nan,nan,14.2,nan,84.70,0.85,nan,nan,nan,nan,317.80,nan
25-Mar-25 6:57:00 AM AEST,nan,nan,23.6,nan,1.00,0.24,nan,nan,nan,nan,1.00,nan
25-Mar-25 6:58:04 AM AEST,nan,nan,nan,nan,nan,nan,nan,nan,nan,1.00,nan,nan
25-Mar-25 6:58:20 AM AEST,nan,nan,nan,nan,nan,nan,nan,nan,6552.80,nan,nan,nan
25-Mar-25 6:58:58 AM AEST,nan,nan,nan,0.00,nan,nan,nan,nan,nan,nan,nan,72.20
25-Mar-25 6:59:00 AM AEST,0.0,nan,nan,nan,nan,nan,nan,nan,nan,nan,nan,nan
25-Mar-25 6:59:30 AM AEST,nan,nan,0.6,nan,14.20,0.14,nan,nan,nan,nan,14.20,nan
25-Mar-25 7:00:35 AM AEST,nan,nan,nan,nan,nan,nan,nan,nan,nan,84.70,nan,nan
25-Mar-25 7:00:55 AM AEST,nan,nan,nan,nan,nan,nan,nan,nan,317.80,nan,nan,nan
25-Mar-25 7:01:27 AM AEST,nan,nan,nan,6552.80,nan,nan,nan,nan,nan,nan,nan,1.00
25-Mar-25 7:01:30 AM AEST,72.2,nan,nan,nan,nan,nan,nan,nan,nan,nan,nan,nan
25-Mar-25 7:02:00 AM AEST,nan,nan,93.3,nan,0.60,3.41,nan,nan,nan,nan,nan,nan
25-Mar-25 7:04:00 AM AEST,nan,nan,nan,nan,nan,nan,nan,0.00,nan,nan,nan,nan
25-Mar-25 7:06:25 AM AEST,nan,nan,nan,nan,nan,nan,nan,11.23,nan,nan,nan,nan
25-Mar-25 7:08:00 AM AEST,24.0,97.5,23.6,0.20,72.20,65.53,125.20,nan,0.00,0.00,0.00,0.00
25-Mar-25 7:08:00 AM AEST,24.0,97.5,14.2,0.20,84.70,0.14,125.20,nan,317.80,84.70,84.70,1.00
25-Mar-25 7:08:50 AM AEST,nan,nan,nan,nan,nan,nan,nan,0.00,nan,nan,nan,nan
25-Mar-25 7:08:50 AM AEST,nan,nan,nan,nan,nan,nan,nan,11.23,nan,nan,nan,nan
25-Mar-25 7:10:26 AM AEST,nan,0.0,nan,nan,nan,nan,0.00,nan,nan,nan,nan,nan
25-Mar-25 7:10:29 AM AEST,nan,nan,nan,6552.80,nan,nan,nan,nan,nan,nan,nan,nan
25-Mar-25 7:10:30 AM AEST,72.2,nan,317.8,nan,1.40,3.18,nan,nan,nan,nan,1.40,nan
25-Mar-25 7:10:31 AM AEST,nan,nan,nan,nan,nan,nan,nan,nan,nan,1.40,nan,nan
25-Mar-25 7:10:35 AM AEST,nan,nan,nan,nan,nan,nan,nan,nan,0.90,nan,nan,nan
25-Mar-25 7:11:15 AM AEST,nan,nan,nan,nan,nan,nan,nan,0.00,nan,nan,nan,nan
25-Mar-25 7:12:00 AM AEST,nan,nan,nan,nan,nan,nan,nan,nan,nan,nan,nan,0.00
25-Mar-25 7:12:52 AM AEST,nan,97.5,nan,nan,nan,nan,125.20,nan,nan,nan,nan,nan
25-Mar-25 7:12:58 AM AEST,nan,nan,nan,0.20,nan,nan,nan,nan,nan,nan,nan,nan
25-Mar-25 7:13:00 AM AEST,24.0,nan,23.6,nan,72.20,65.53,nan,nan,nan,nan,0.00,nan
25-Mar-25 7:13:02 AM AEST,nan,nan,nan,nan,nan,nan,nan,nan,nan,0.00,nan,nan
25-Mar-25 7:13:02 AM AEST,nan,nan,nan,nan,nan,nan,nan,nan,nan,84.70,nan,nan
25-Mar-25 7:13:10 AM AEST,nan,nan,nan,nan,nan,nan,nan,nan,0.00,nan,nan,nan
25-Mar-25 7:15:18 AM AEST,nan,24.0,nan,nan,nan,nan,nan,nan,nan,nan,nan,nan
25-Mar-25 7:15:30 AM AEST,nan,nan,93.3,nan,0.60,3.41,nan,nan,nan,nan,14.20,nan
25-Mar-25 7:15:45 AM AEST,nan,nan,nan,nan,nan,nan,nan,nan,317.80,nan,nan,nan
25-Mar-25 7:16:00 AM AEST,nan,nan,nan,nan,nan,nan,24.00,9.75,nan,nan,nan,nan
25-Mar-25 7:18:00 AM AEST,nan,nan,nan,nan,72.20,65.53,nan,nan,nan,72.20,72.20,nan
25-Mar-25 7:18:20 AM AEST,nan,nan,nan,nan,nan,nan,nan,nan,0.00,nan,nan,nan
25-Mar-25 7:18:25 AM AEST,nan,nan,nan,nan,nan,nan,nan,11.23,nan,nan,nan,nan
25-Mar-25 7:18:26 AM AEST,nan,nan,nan,nan,nan,nan,112.30,nan,nan,nan,nan,nan
25-Mar-25 7:20:00 AM AEST,0.0,0.0,nan,0.00,nan,nan,nan,nan,nan,nan,nan,nan
25-Mar-25 7:20:30 AM AEST,nan,nan,nan,nan,1.40,0.01,nan,nan,nan,nan,0.90,nan
25-Mar-25 7:20:31 AM AEST,nan,nan,nan,nan,nan,nan,nan,nan,nan,0.90,nan,nan
25-Mar-25 7:20:52 AM AEST,nan,nan,nan,nan,nan,nan,0.00,nan,nan,nan,nan,nan
25-Mar-25 7:20:55 AM AEST,nan,nan,nan,nan,nan,nan,nan,nan,0.90,nan,nan,nan
25-Mar-25 7:22:00 AM AEST,nan,nan,317.8,nan,nan,nan,nan,nan,nan,nan,nan,1.00
25-Mar-25 7:22:29 AM AEST,nan,nan,nan,6552.80,nan,nan,nan,nan,nan,nan,nan,nan
25-Mar-25 7:22:30 AM AEST,72.2,nan,nan,nan,nan,nan,nan,nan,nan,nan,nan,nan
25-Mar-25 7:23:00 AM AEST,nan,nan,nan,nan,0.60,3.41,nan,nan,nan,nan,14.20,nan
25-Mar-25 7:23:02 AM AEST,nan,nan,nan,nan,nan,nan,nan,nan,nan,84.70,nan,nan
25-Mar-25 7:23:30 AM AEST,nan,nan,nan,nan,nan,nan,nan,nan,317.80,nan,nan,nan
25-Mar-25 7:24:30 AM AEST,nan,nan,93.3,nan,nan,nan,nan,nan,nan,nan,nan,nan
25-Mar-25 7:26:00 AM AEST,nan,nan,nan,0.20,nan,nan,nan,nan,nan,nan,nan,0.00
25-Mar-25 7:28:00 AM AEST,0.2,0.2,23.6,nan,72.20,65.53,24.00,2.40,0.00,0.00,0.00,nan
25-Mar-25 7:28:00 AM AEST,24.0,97.5,23.6,nan,72.20,65.53,125.20,12.52,0.00,0.00,0.00,nan
25-Mar-25 7:30:25 AM AEST,nan,nan,nan,nan,nan,nan,nan,5.11,nan,nan,nan,nan
25-Mar-25 7:30:26 AM AEST,nan,14.8,nan,nan,nan,nan,51.10,nan,nan,nan,nan,nan
25-Mar-25 7:30:30 AM AEST,14.8,nan,93.3,nan,nan,3.41,nan,nan,nan,nan,nan,nan
25-Mar-25 7:32:00 AM AEST,nan,nan,nan,14.80,nan,nan,nan,nan,nan,nan,nan,112.30
25-Mar-25 7:32:50 AM AEST,nan,nan,nan,nan,nan,nan,nan,11.23,nan,nan,nan,nan
25-Mar-25 7:32:52 AM AEST,nan,0.0,nan,nan,nan,nan,0.00,nan,nan,nan,nan,nan
25-Mar-25 7:33:00 AM AEST,0.0,nan,23.6,nan,nan,0.24,nan,nan,nan,nan,nan,nan
25-Mar-25 7:34:00 AM AEST,nan,nan,nan,nan,1.00,nan,nan,nan,6552.80,1.00,1.00,nan
25-Mar-25 7:34:00 AM AEST,nan,nan,nan,nan,72.20,nan,nan,nan,0.00,0.00,0.00,nan
25-Mar-25 7:34:29 AM AEST,nan,nan,nan,0.00,nan,nan,nan,nan,nan,nan,nan,72.20
25-Mar-25 7:34:29 AM AEST,nan,nan,nan,14.80,nan,nan,nan,nan,nan,nan,nan,14.80
25-Mar-25 7:35:15 AM AEST,nan,nan,nan,nan,nan,nan,nan,1.38,nan,nan,nan,nan
25-Mar-25 7:35:18 AM AEST,nan,51.1,nan,nan,nan,nan,51.10,nan,nan,nan,nan,nan
25-Mar-25 7:35:30 AM AEST,51.1,nan,nan,nan,nan,65.53,nan,nan,nan,nan,nan,nan
25-Mar-25 7:36:58 AM AEST,nan,nan,nan,0.20,nan,nan,nan,nan,nan,nan,nan,0.00
25-Mar-25 7:37:40 AM AEST,nan,nan,nan,nan,nan,nan,nan,0.00,nan,nan,nan,nan
25-Mar-25 7:37:44 AM AEST,nan,97.5,nan,nan,nan,nan,125.20,nan,nan,nan,nan,nan
25-Mar-25 7:37:44 AM AEST,nan,0.0,nan,nan,nan,nan,125.20,nan,nan,nan,nan,nan
25-Mar-25 7:38:00 AM AEST,24.0,nan,93.3,nan,0.60,3.41,nan,nan,317.80,84.70,14.20,nan
25-Mar-25 7:38:00 AM AEST,72.2,nan,93.3,nan,0.60,3.41,nan,nan,317.80,84.70,14.20,nan
25-Mar-25 7:39:27 AM AEST,nan,nan,nan,6552.80,nan,nan,nan,nan,nan,nan,nan,1.00
25-Mar-25 7:40:05 AM AEST,nan,nan,nan,nan,nan,nan,nan,11.23,nan,nan,nan,nan
25-Mar-25 7:40:10 AM AEST,nan,nan,nan,nan,nan,nan,0.00,nan,nan,nan,nan,nan
25-Mar-25 7:40:30 AM AEST,13.8,nan,98.2,nan,72.20,65.53,nan,nan,nan,nan,0.00,nan
25-Mar-25 7:40:30 AM AEST,13.8,nan,23.6,nan,72.20,65.53,nan,nan,nan,nan,0.00,nan
25-Mar-25 7:40:31 AM AEST,nan,nan,nan,nan,nan,nan,nan,nan,nan,0.00,nan,nan
25-Mar-25 7:40:35 AM AEST,nan,nan,nan,nan,nan,nan,nan,nan,0.00,nan,nan,nan
25-Mar-25 7:41:56 AM AEST,nan,nan,nan,13.80,nan,nan,nan,nan,nan,nan,nan,51.10
25-Mar-25 7:42:00 AM AEST,nan,13.8,nan,nan,nan,nan,nan,nan,nan,nan,nan,nan
25-Mar-25 7:42:30 AM AEST,nan,nan,nan,nan,nan,nan,nan,0.00,nan,nan,nan,nan
25-Mar-25 7:43:00 AM AEST,72.2,nan,8.3,nan,23.60,0.24,nan,nan,nan,nan,23.60,nan
25-Mar-25 7:43:02 AM AEST,nan,nan,nan,nan,nan,nan,nan,nan,nan,1.00,nan,nan
25-Mar-25 7:43:10 AM AEST,nan,nan,nan,nan,nan,nan,nan,nan,1.00,nan,nan,nan
25-Mar-25 7:44:25 AM AEST,nan,nan,nan,72.20,nan,nan,nan,nan,nan,nan,nan,72.20
25-Mar-25 7:44:26 AM AEST,nan,0.0,nan,nan,nan,nan,nan,nan,nan,nan,nan,nan
25-Mar-25 7:44:55 AM AEST,nan,nan,nan,nan,nan,nan,nan,11.23,nan,nan,nan,nan
25-Mar-25 7:45:30 AM AEST,nan,nan,93.3,nan,0.60,3.41,nan,nan,nan,nan,14.20,nan
25-Mar-25 7:45:33 AM AEST,nan,nan,nan,nan,nan,nan,nan,nan,nan,84.70,nan,nan
25-Mar-25 7:45:45 AM AEST,nan,nan,nan,nan,nan,nan,nan,nan,317.80,nan,nan,nan
25-Mar-25 7:46:54 AM AEST,nan,nan,nan,6552.80,nan,nan,nan,nan,nan,nan,nan,1.00
25-Mar-25 7:46:54 AM AEST,nan,nan,nan,13.80,nan,nan,nan,nan,nan,nan,nan,13.80
25-Mar-25 7:47:20 AM AEST,nan,nan,nan,nan,nan,nan,nan,0.02,nan,nan,nan,nan
25-Mar-25 7:48:00 AM AEST,0.0,nan,23.6,nan,72.20,65.53,nan,nan,nan,nan,0.00,nan
25-Mar-25 7:48:04 AM AEST,nan,nan,nan,nan,nan,nan,nan,nan,nan,0.00,nan,nan
25-Mar-25 7:48:20 AM AEST,nan,nan,nan,nan,nan,nan,nan,nan,0.00,nan,nan,nan
25-Mar-25 7:49:23 AM AEST,nan,nan,nan,72.20,nan,nan,nan,nan,nan,nan,nan,72.20
25-Mar-25 7:49:45 AM AEST,nan,nan,nan,nan,nan,nan,nan,11.23,nan,nan,nan,nan
25-Mar-25 7:50:30 AM AEST,72.2,nan,8.3,nan,23.60,0.24,nan,nan,nan,nan,23.60,nan
25-Mar-25 7:50:35 AM AEST,nan,nan,nan,nan,nan,nan,nan,nan,nan,1.00,nan,nan
25-Mar-25 7:50:55 AM AEST,nan,nan,nan,nan,nan,nan,nan,nan,1.00,nan,nan,nan
25-Mar-25 7:51:52 AM AEST,nan,nan,nan,6552.80,nan,nan,nan,nan,nan,nan,nan,1.00
25-Mar-25 7:53:00 AM AEST,nan,nan,93.3,nan,0.60,3.41,nan,nan,nan,nan,14.20,nan
25-Mar-25 7:53:06 AM AEST,nan,nan,nan,nan,nan,nan,nan,nan,nan,84.70,nan,nan
25-Mar-25 7:53:30 AM AEST,nan,nan,nan,nan,nan,nan,nan,nan,317.80,nan,nan,nan
25-Mar-25 7:56:00 AM AEST,24.0,97.5,nan,nan,nan,nan,125.20,0.00,nan,nan,nan,nan
25-Mar-25 7:58:00 AM AEST,nan,nan,nan,0.20,nan,nan,nan,nan,0.00,0.00,nan,0.00
25-Mar-25 8:00:00 AM AEST,nan,nan,14.2,nan,84.70,0.85,nan,nan,nan,nan,317.80,nan
25-Mar-25 8:00:29 AM AEST,nan,nan,nan,6552.80,nan,nan,nan,nan,nan,nan,nan,1.00
25-Mar-25 8:00:31 AM AEST,nan,nan,nan,nan,nan,nan,nan,nan,nan,84.70,nan,nan
25-Mar-25 8:00:31 AM AEST,nan,nan,nan,nan,nan,nan,nan,nan,nan,317.80,nan,nan
25-Mar-25 8:00:35 AM AEST,nan,nan,nan,nan,nan,nan,nan,nan,317.80,nan,nan,nan
25-Mar-25 8:02:00 AM AEST,72.2,0.0,nan,nan,nan,nan,0.00,11.23,nan,nan,nan,nan
25-Mar-25 8:02:30 AM AEST,nan,nan,93.3,nan,0.60,3.41,nan,nan,nan,nan,14.20,nan
25-Mar-25 8:03:02 AM AEST,nan,nan,nan,nan,nan,nan,nan,nan,nan,84.70,nan,nan
25-Mar-25 8:05:00 AM AEST,nan,nan,317.8,nan,nan,nan,nan,nan,nan,nan,nan,nan
25-Mar-25 8:05:33 AM AEST,nan,nan,nan,nan,nan,nan,nan,nan,nan,0.90,nan,nan
25-Mar-25 8:06:00 AM AEST,24.0,97.5,nan,0.20,1.40,0.01,125.20,0.00,0.90,nan,0.90,0.00
25-Mar-25 8:06:00 AM AEST,72.2,0.0,nan,6552.80,1.40,0.01,0.00,0.00,0.90,nan,0.90,1.00
25-Mar-25 8:08:04 AM AEST,nan,nan,nan,nan,nan,nan,nan,nan,nan,84.70,nan,nan
25-Mar-25 8:08:25 AM AEST,nan,nan,nan,nan,nan,nan,nan,11.23,nan,nan,nan,nan
25-Mar-25 8:08:30 AM AEST,nan,nan,nan,nan,0.60,3.41,nan,nan,nan,nan,14.20,nan
25-Mar-25 8:08:35 AM AEST,nan,nan,nan,nan,nan,nan,nan,nan,317.80,nan,nan,nan
25-Mar-25 8:10:00 AM AEST,nan,nan,98.2,nan,nan,nan,nan,nan,nan,nan,nan,nan
25-Mar-25 8:12:00 AM AEST,24.0,97.5,nan,0.20,8.30,0.01,125.20,0.00,23.60,8.30,8.30,nan
25-Mar-25 8:12:00 AM AEST,72.2,0.0,nan,6552.80,8.30,0.01,0.00,0.00,23.60,8.30,8.30,nan
25-Mar-25 8:12:30 AM AEST,nan,nan,93.3,nan,nan,nan,nan,nan,nan,nan,nan,nan
25-Mar-25 8:12:30 AM AEST,nan,nan,0.9,nan,nan,nan,nan,nan,nan,nan,nan,nan
25-Mar-25 8:14:00 AM AEST,nan,nan,nan,nan,nan,nan,nan,nan,nan,nan,nan,0.00
25-Mar-25 8:14:25 AM AEST,nan,nan,nan,nan,nan,nan,nan,11.23,nan,nan,nan,nan
25-Mar-25 8:14:25 AM AEST,nan,nan,nan,nan,nan,nan,nan,0.00,nan,nan,nan,nan
25-Mar-25 8:14:26 AM AEST,nan,97.5,nan,nan,nan,nan,125.20,nan,nan,nan,nan,nan
25-Mar-25 8:14:29 AM AEST,nan,nan,nan,0.20,nan,nan,nan,nan,nan,nan,nan,nan
25-Mar-25 8:14:30 AM AEST,24.0,nan,nan,nan,72.20,65.53,nan,nan,nan,nan,0.00,nan
25-Mar-25 8:14:30 AM AEST,24.0,nan,nan,nan,0.60,3.41,nan,nan,nan,nan,0.00,nan
25-Mar-25 8:14:31 AM AEST,nan,nan,nan,nan,nan,nan,nan,nan,nan,0.00,nan,nan
25-Mar-25 8:14:35 AM AEST,nan,nan,nan,nan,nan,nan,nan,nan,0.00,nan,nan,nan
25-Mar-25 8:14:35 AM AEST,nan,nan,nan,nan,nan,nan,nan,nan,317.80,nan,nan,nan
25-Mar-25 8:15:00 AM AEST,nan,nan,23.6,nan,nan,nan,nan,nan,nan,nan,nan,nan
25-Mar-25 8:15:00 AM AEST,nan,nan,93.3,nan,nan,nan,nan,nan,nan,nan,nan,nan
25-Mar-25 8:16:29 AM AEST,nan,nan,nan,nan,nan,nan,nan,nan,nan,nan,nan,1.00
25-Mar-25 8:16:50 AM AEST,nan,nan,nan,nan,nan,nan,nan,11.23,nan,nan,nan,nan
25-Mar-25 8:16:52 AM AEST,nan,0.0,nan,nan,nan,nan,0.00,nan,nan,nan,nan,nan
25-Mar-25 8:16:58 AM AEST,nan,nan,nan,6552.80,nan,nan,nan,nan,nan,nan,nan,nan
25-Mar-25 8:17:00 AM AEST,72.2,nan,nan,nan,0.90,0.01,nan,nan,nan,nan,14.20,nan
25-Mar-25 8:17:00 AM AEST,72.2,nan,nan,nan,0.90,0.01,nan,nan,nan,nan,0.90,nan
25-Mar-25 8:17:02 AM AEST,nan,nan,nan,nan,nan,nan,nan,nan,nan,84.70,nan,nan
25-Mar-25 8:17:02 AM AEST,nan,nan,nan,nan,nan,nan,nan,nan,nan,8.30,nan,nan
25-Mar-25 8:17:10 AM AEST,nan,nan,nan,nan,nan,nan,nan,nan,8.30,nan,nan,nan
25-Mar-25 8:17:30 AM AEST,nan,nan,1.4,nan,nan,nan,nan,nan,nan,nan,nan,nan
25-Mar-25 8:19:30 AM AEST,nan,nan,nan,nan,0.60,3.41,nan,nan,nan,nan,14.20,nan
25-Mar-25 8:19:33 AM AEST,nan,nan,nan,nan,nan,nan,nan,nan,nan,84.70,nan,nan
25-Mar-25 8:19:45 AM AEST,nan,nan,nan,nan,nan,nan,nan,nan,317.80,nan,nan,nan
25-Mar-25 8:20:00 AM AEST,nan,nan,341.4,nan,nan,nan,nan,nan,nan,nan,nan,nan
25-Mar-25 8:22:00 AM AEST,24.0,97.5,nan,0.20,72.20,65.53,125.20,0.00,nan,nan,0.00,0.00
25-Mar-25 8:22:00 AM AEST,24.0,97.5,nan,0.20,72.20,65.53,97.50,12.52,nan,nan,0.00,0.00
25-Mar-25 8:22:04 AM AEST,nan,nan,nan,nan,nan,nan,nan,nan,nan,0.00,nan,nan
25-Mar-25 8:22:20 AM AEST,nan,nan,nan,nan,nan,nan,nan,nan,0.00,nan,nan,nan
25-Mar-25 8:22:30 AM AEST,nan,nan,93.3,nan,nan,nan,nan,nan,nan,nan,nan,nan
25-Mar-25 8:22:30 AM AEST,nan,nan,23.6,nan,nan,nan,nan,nan,nan,nan,nan,nan
25-Mar-25 8:24:25 AM AEST,nan,nan,nan,nan,nan,nan,nan,1.48,nan,nan,nan,nan
25-Mar-25 8:24:26 AM AEST,nan,112.3,nan,nan,nan,nan,112.30,nan,nan,nan,nan,nan
25-Mar-25 8:24:29 AM AEST,nan,nan,nan,0.00,nan,nan,nan,nan,nan,nan,nan,nan
25-Mar-25 8:24:30 AM AEST,112.3,nan,nan,nan,nan,nan,nan,nan,nan,nan,nan,nan
25-Mar-25 8:25:00 AM AEST,nan,nan,93.3,nan,nan,nan,nan,nan,nan,nan,nan,nan
25-Mar-25 8:26:50 AM AEST,nan,nan,nan,nan,nan,nan,nan,0.00,nan,nan,nan,nan
25-Mar-25 8:26:50 AM AEST,nan,nan,nan,nan,nan,nan,nan,11.23,nan,nan,nan,nan
25-Mar-25 8:26:52 AM AEST,nan,97.5,nan,nan,nan,nan,125.20,nan,nan,nan,nan,nan
25-Mar-25 8:26:52 AM AEST,nan,0.0,nan,nan,nan,nan,0.00,nan,nan,nan,nan,nan
25-Mar-25 8:26:58 AM AEST,nan,nan,nan,0.20,nan,nan,nan,nan,nan,nan,nan,nan
25-Mar-25 8:26:58 AM AEST,nan,nan,nan,0.00,nan,nan,nan,nan,nan,nan,nan,nan
25-Mar-25 8:27:00 AM AEST,24.0,nan,nan,nan,nan,nan,nan,nan,nan,nan,nan,nan
25-Mar-25 8:27:00 AM AEST,0.0,nan,nan,nan,nan,nan,nan,nan,nan,nan,nan,nan
25-Mar-25 8:27:30 AM AEST,nan,nan,23.6,nan,nan,nan,nan,nan,nan,nan,nan,nan
25-Mar-25 8:28:00 AM AEST,nan,nan,nan,nan,6552.80,nan,nan,nan,72.20,72.20,6552.80,nan
25-Mar-25 8:29:27 AM AEST,nan,nan,nan,6552.80,nan,nan,nan,nan,nan,nan,nan,nan
25-Mar-25 8:29:30 AM AEST,72.2,nan,nan,nan,nan,nan,nan,nan,nan,nan,nan,nan
25-Mar-25 8:30:00 AM AEST,nan,nan,14.2,nan,nan,0.14,nan,nan,nan,nan,nan,1.00
25-Mar-25 8:30:30 AM AEST,nan,nan,nan,nan,84.70,nan,nan,nan,nan,nan,84.70,nan
25-Mar-25 8:30:31 AM AEST,nan,nan,nan,nan,nan,nan,nan,nan,nan,84.70,nan,nan
25-Mar-25 8:30:35 AM AEST,nan,nan,nan,nan,nan,nan,nan,nan,317.80,nan,nan,nan
25-Mar-25 8:32:30 AM AEST,nan,nan,93.3,nan,nan,3.41,nan,nan,nan,nan,nan,nan
25-Mar-25 8:33:00 AM AEST,nan,nan,nan,nan,0.60,nan,nan,nan,nan,nan,14.20,nan
25-Mar-25 8:35:00 AM AEST,nan,nan,317.8,nan,nan,3.18,nan,nan,nan,nan,nan,nan
25-Mar-25 8:35:30 AM AEST,nan,nan,nan,nan,1.40,nan,nan,nan,nan,nan,1.40,nan
25-Mar-25 8:36:00 AM AEST,24.0,97.5,nan,0.20,nan,nan,125.20,0.00,0.90,1.40,nan,0.00
25-Mar-25 8:36:00 AM AEST,72.2,0.0,nan,6552.80,nan,nan,0.00,11.23,0.90,1.40,nan,1.00
25-Mar-25 8:37:30 AM AEST,nan,nan,1.4,nan,nan,0.01,nan,nan,nan,nan,nan,nan
25-Mar-25 8:38:00 AM AEST,nan,nan,nan,nan,0.90,nan,nan,nan,nan,nan,0.90,nan
25-Mar-25 8:38:31 AM AEST,nan,nan,nan,nan,nan,nan,nan,nan,nan,8.30,nan,nan
25-Mar-25 8:38:35 AM AEST,nan,nan,nan,nan,nan,nan,nan,nan,8.30,nan,nan,nan
25-Mar-25 8:40:00 AM AEST,nan,nan,341.4,nan,nan,3.41,nan,nan,nan,nan,nan,nan
25-Mar-25 8:40:00 AM AEST,nan,nan,23.6,nan,nan,65.53,nan,nan,nan,nan,nan,nan
25-Mar-25 8:40:30 AM AEST,nan,nan,nan,nan,0.60,nan,nan,nan,nan,nan,14.20,nan
25-Mar-25 8:40:30 AM AEST,nan,nan,nan,nan,72.20,nan,nan,nan,nan,nan,0.00,nan
25-Mar-25 8:41:02 AM AEST,nan,nan,nan,nan,nan,nan,nan,nan,nan,84.70,nan,nan
25-Mar-25 8:41:02 AM AEST,nan,nan,nan,nan,nan,nan,nan,nan,nan,0.00,nan,nan
25-Mar-25 8:41:10 AM AEST,nan,nan,nan,nan,nan,nan,nan,nan,317.80,nan,nan,nan
25-Mar-25 8:41:10 AM AEST,nan,nan,nan,nan,nan,nan,nan,nan,0.00,nan,nan,nan
25-Mar-25 8:42:00 AM AEST,0.0,nan,nan,13.80,nan,nan,nan,0.02,nan,nan,nan,13.80
25-Mar-25 8:42:30 AM AEST,nan,nan,93.3,nan,nan,3.41,nan,nan,nan,nan,nan,nan
25-Mar-25 8:43:00 AM AEST,nan,nan,nan,nan,0.60,nan,nan,nan,nan,nan,14.20,nan
25-Mar-25 8:43:33 AM AEST,nan,nan,nan,nan,nan,nan,nan,nan,nan,84.70,nan,nan
25-Mar-25 8:43:45 AM AEST,nan,nan,nan,nan,nan,nan,nan,nan,317.80,nan,nan,nan
25-Mar-25 8:44:25 AM AEST,nan,nan,nan,nan,nan,nan,nan,11.23,nan,nan,nan,nan
25-Mar-25 8:44:29 AM AEST,nan,nan,nan,6552.80,nan,nan,nan,nan,nan,nan,nan,1.00
25-Mar-25 8:44:30 AM AEST,72.2,nan,nan,nan,nan,nan,nan,nan,nan,nan,nan,nan
25-Mar-25 8:45:00 AM AEST,nan,nan,0.6,nan,nan,0.14,nan,nan,nan,nan,nan,nan
25-Mar-25 8:45:30 AM AEST,nan,nan,nan,nan,14.20,nan,nan,nan,nan,nan,nan,nan
25-Mar-25 8:47:30 AM AEST,nan,nan,93.3,nan,nan,3.41,nan,nan,nan,nan,nan,nan
25-Mar-25 8:48:00 AM AEST,nan,nan,nan,nan,0.60,nan,nan,nan,nan,nan,nan,nan
25-Mar-25 8:50:00 AM AEST,nan,nan,14.2,nan,nan,0.85,nan,0.00,nan,317.80,317.80,nan
25-Mar-25 8:50:00 AM AEST,nan,nan,14.2,nan,nan,0.85,nan,11.23,nan,317.80,317.80,nan
25-Mar-25 8:50:30 AM AEST,nan,nan,nan,nan,84.70,nan,nan,nan,nan,nan,nan,nan
25-Mar-25 8:52:30 AM AEST,nan,nan,93.3,nan,nan,3.41,nan,nan,nan,nan,14.20,nan
25-Mar-25 8:52:31 AM AEST,nan,nan,nan,nan,nan,nan,nan,nan,nan,84.70,nan,nan
25-Mar-25 8:53:00 AM AEST,nan,nan,nan,nan,0.60,nan,nan,nan,nan,nan,nan,nan
25-Mar-25 8:56:00 AM AEST,24.0,24.0,nan,0.20,nan,nan,24.00,9.75,nan,nan,nan,0.00
25-Mar-25 8:58:00 AM AEST,nan,nan,nan,nan,72.20,65.53,nan,nan,0.00,0.00,0.00,nan
25-Mar-25 8:58:25 AM AEST,nan,nan,nan,nan,nan,nan,nan,0.00,nan,nan,nan,nan
25-Mar-25 8:58:26 AM AEST,nan,97.5,nan,nan,nan,nan,125.20,nan,nan,nan,nan,nan
25-Mar-25 8:58:29 AM AEST,nan,nan,nan,nan,nan,nan,nan,nan,nan,nan,nan,1.00
25-Mar-25 9:00:00 AM AEST,nan,nan,nan,6552.80,nan,nan,nan,nan,nan,nan,nan,nan
25-Mar-25 9:00:30 AM AEST,nan,nan,nan,nan,0.60,3.41,nan,nan,nan,nan,14.20,nan
25-Mar-25 9:00:31 AM AEST,nan,nan,nan,nan,nan,nan,nan,nan,nan,84.70,nan,nan
25-Mar-25 9:00:35 AM AEST,nan,nan,nan,nan,nan,nan,nan,nan,317.80,nan,nan,nan
25-Mar-25 9:00:50 AM AEST,nan,nan,nan,nan,nan,nan,nan,12.52,nan,nan,nan,nan
25-Mar-25 9:00:50 AM AEST,nan,nan,nan,nan,nan,nan,nan,0.00,nan,nan,nan,nan
25-Mar-25 9:00:52 AM AEST,nan,nan,nan,nan,nan,nan,97.50,nan,nan,nan,nan,nan
25-Mar-25 9:00:52 AM AEST,nan,nan,nan,nan,nan,nan,125.20,nan,nan,nan,nan,nan
25-Mar-25 9:00:58 AM AEST,nan,nan,nan,nan,nan,nan,nan,nan,nan,nan,nan,0.00
25-Mar-25 9:02:00 AM AEST,nan,nan,23.6,nan,nan,nan,nan,nan,nan,nan,nan,nan
25-Mar-25 9:02:00 AM AEST,nan,nan,93.3,nan,nan,nan,nan,nan,nan,nan,nan,nan
25-Mar-25 9:02:29 AM AEST,nan,nan,nan,0.20,nan,nan,nan,nan,nan,nan,nan,nan
25-Mar-25 9:02:29 AM AEST,nan,nan,nan,6552.80,nan,nan,nan,nan,nan,nan,nan,nan
25-Mar-25 9:03:00 AM AEST,nan,nan,nan,nan,72.20,65.53,nan,nan,nan,nan,0.00,nan
25-Mar-25 9:03:00 AM AEST,nan,nan,nan,nan,0.60,3.41,nan,nan,nan,nan,14.20,nan
25-Mar-25 9:03:02 AM AEST,nan,nan,nan,nan,nan,nan,nan,nan,nan,0.00,nan,nan
25-Mar-25 9:03:02 AM AEST,nan,nan,nan,nan,nan,nan,nan,nan,nan,84.70,nan,nan
25-Mar-25 9:03:10 AM AEST,nan,nan,nan,nan,nan,nan,nan,nan,0.00,nan,nan,nan
25-Mar-25 9:03:10 AM AEST,nan,nan,nan,nan,nan,nan,nan,nan,317.80,nan,nan,nan
25-Mar-25 9:03:15 AM AEST,nan,nan,nan,nan,nan,nan,nan,11.23,nan,nan,nan,nan
25-Mar-25 9:03:18 AM AEST,nan,nan,nan,nan,nan,nan,0.00,nan,nan,nan,nan,nan
25-Mar-25 9:03:27 AM AEST,nan,nan,nan,nan,nan,nan,nan,nan,nan,nan,nan,1.00
25-Mar-25 9:04:00 AM AEST,72.2,0.0,nan,nan,nan,nan,nan,nan,nan,nan,nan,nan
25-Mar-25 9:04:30 AM AEST,nan,nan,317.8,nan,nan,nan,nan,nan,nan,nan,nan,nan
25-Mar-25 9:04:58 AM AEST,nan,nan,nan,0.20,nan,nan,nan,nan,nan,nan,nan,nan
25-Mar-25 9:05:30 AM AEST,nan,nan,nan,nan,1.40,3.18,nan,nan,nan,nan,1.40,nan
25-Mar-25 9:05:30 AM AEST,nan,nan,nan,nan,72.20,65.53,nan,nan,nan,nan,0.00,nan
25-Mar-25 9:05:33 AM AEST,nan,nan,nan,nan,nan,nan,nan,nan,nan,1.40,nan,nan
25-Mar-25 9:05:33 AM AEST,nan,nan,nan,nan,nan,nan,nan,nan,nan,0.00,nan,nan
25-Mar-25 9:05:40 AM AEST,nan,nan,nan,nan,nan,nan,nan,0.00,nan,nan,nan,nan
25-Mar-25 9:05:44 AM AEST,nan,nan,nan,nan,nan,nan,125.20,nan,nan,nan,nan,nan
25-Mar-25 9:05:45 AM AEST,nan,nan,nan,nan,nan,nan,nan,nan,0.90,nan,nan,nan
25-Mar-25 9:05:45 AM AEST,nan,nan,nan,nan,nan,nan,nan,nan,0.00,nan,nan,nan
25-Mar-25 9:05:56 AM AEST,nan,nan,nan,nan,nan,nan,nan,nan,nan,nan,nan,0.00
25-Mar-25 9:06:26 AM AEST,nan,97.5,nan,nan,nan,nan,nan,nan,nan,nan,nan,nan
25-Mar-25 9:06:30 AM AEST,24.0,nan,nan,nan,nan,nan,nan,nan,nan,nan,nan,nan
25-Mar-25 9:07:00 AM AEST,nan,nan,23.6,nan,nan,nan,nan,nan,nan,nan,nan,nan
25-Mar-25 9:07:00 AM AEST,nan,nan,93.3,nan,nan,nan,nan,nan,nan,nan,nan,nan
25-Mar-25 9:07:27 AM AEST,nan,nan,nan,13.80,nan,nan,nan,nan,nan,nan,nan,nan
25-Mar-25 9:08:00 AM AEST,nan,nan,nan,nan,0.60,3.41,nan,nan,nan,nan,14.20,nan
25-Mar-25 9:08:04 AM AEST,nan,nan,nan,nan,nan,nan,nan,nan,nan,84.70,nan,nan
25-Mar-25 9:08:10 AM AEST,nan,nan,nan,nan,nan,nan,0.00,nan,nan,nan,nan,nan
25-Mar-25 9:08:25 AM AEST,nan,nan,nan,nan,nan,nan,nan,nan,nan,nan,nan,51.10
25-Mar-25 9:08:52 AM AEST,nan,13.8,nan,nan,nan,nan,nan,nan,nan,nan,nan,nan
25-Mar-25 9:09:00 AM AEST,13.8,nan,nan,nan,nan,nan,nan,nan,nan,nan,nan,nan
25-Mar-25 9:09:56 AM AEST,nan,nan,nan,6552.80,nan,nan,nan,nan,nan,nan,nan,nan
25-Mar-25 9:10:54 AM AEST,nan,nan,nan,nan,nan,nan,nan,nan,nan,nan,nan,1.00
25-Mar-25 9:11:18 AM AEST,nan,0.0,nan,nan,nan,nan,nan,nan,nan,nan,nan,nan
25-Mar-25 9:11:18 AM AEST,nan,97.5,nan,nan,nan,nan,nan,nan,nan,nan,nan,nan
25-Mar-25 9:11:30 AM AEST,72.2,nan,nan,nan,nan,nan,nan,nan,nan,nan,nan,nan
25-Mar-25 9:11:30 AM AEST,24.0,nan,nan,nan,nan,nan,nan,nan,nan,nan,nan,nan
25-Mar-25 9:12:00 AM AEST,nan,nan,23.6,nan,72.20,65.53,125.20,11.23,317.80,0.00,0.00,nan
25-Mar-25 9:12:00 AM AEST,nan,nan,23.6,nan,72.20,65.53,125.20,0.00,0.00,0.00,0.00,nan
25-Mar-25 9:12:25 AM AEST,nan,nan,nan,0.20,nan,nan,nan,nan,nan,nan,nan,nan
25-Mar-25 9:13:23 AM AEST,nan,nan,nan,nan,nan,nan,nan,nan,nan,nan,nan,0.00
25-Mar-25 9:13:44 AM AEST,nan,13.8,nan,nan,nan,nan,nan,nan,nan,nan,nan,nan
25-Mar-25 9:14:00 AM AEST,51.1,nan,nan,nan,nan,nan,nan,nan,nan,nan,nan,nan
25-Mar-25 9:14:26 AM AEST,nan,nan,nan,nan,nan,nan,13.80,nan,nan,nan,nan,nan
25-Mar-25 9:14:30 AM AEST,nan,nan,93.3,nan,0.60,3.41,nan,nan,nan,nan,14.20,nan
25-Mar-25 9:14:31 AM AEST,nan,nan,nan,nan,nan,nan,nan,nan,nan,84.70,nan,nan
25-Mar-25 9:14:35 AM AEST,nan,nan,nan,nan,nan,nan,nan,nan,317.80,nan,nan,nan
25-Mar-25 9:14:54 AM AEST,nan,nan,nan,51.10,nan,nan,nan,nan,nan,nan,nan,nan
25-Mar-25 9:15:52 AM AEST,nan,nan,nan,nan,nan,nan,nan,nan,nan,nan,nan,51.10
25-Mar-25 9:16:30 AM AEST,72.2,nan,nan,nan,nan,nan,nan,nan,nan,nan,nan,nan
25-Mar-25 9:16:52 AM AEST,nan,nan,nan,nan,nan,nan,0.00,nan,nan,nan,nan,nan
25-Mar-25 9:17:23 AM AEST,nan,nan,nan,6552.80,nan,nan,nan,nan,nan,nan,nan,nan
25-Mar-25 9:18:00 AM AEST,nan,0.0,nan,nan,nan,nan,nan,11.23,nan,nan,nan,nan
25-Mar-25 9:18:21 AM AEST,nan,nan,nan,nan,nan,nan,nan,nan,nan,nan,nan,1.00
25-Mar-25 9:20:00 AM AEST,nan,nan,341.4,nan,nan,nan,nan,nan,nan,nan,nan,nan
25-Mar-25 9:22:00 AM AEST,nan,97.5,nan,nan,nan,nan,125.20,0.00,nan,nan,nan,nan
25-Mar-25 9:22:30 AM AEST,nan,nan,93.3,nan,nan,nan,nan,nan,nan,nan,nan,nan
25-Mar-25 9:24:25 AM AEST,nan,nan,nan,nan,nan,nan,nan,11.23,nan,nan,nan,nan
25-Mar-25 9:24:26 AM AEST,nan,0.0,nan,nan,nan,nan,0.00,nan,nan,nan,nan,nan
25-Mar-25 9:26:50 AM AEST,nan,nan,nan,nan,nan,nan,nan,0.00,nan,nan,nan,nan
25-Mar-25 9:26:52 AM AEST,nan,97.5,nan,nan,nan,nan,125.20,nan,nan,nan,nan,nan
25-Mar-25 9:28:00 AM AEST,24.0,nan,23.6,0.20,72.20,65.53,nan,nan,0.00,0.00,0.00,0.00
25-Mar-25 9:28:00 AM AEST,72.2,nan,93.3,6552.80,0.60,3.41,nan,nan,317.80,84.70,14.20,1.00
25-Mar-25 9:28:00 AM AEST,24.0,nan,23.6,0.20,72.20,65.53,nan,nan,0.00,0.00,0.00,0.00
25-Mar-25 9:29:15 AM AEST,nan,nan,nan,nan,nan,nan,nan,11.23,nan,nan,nan,nan
25-Mar-25 9:29:15 AM AEST,nan,nan,nan,nan,nan,nan,nan,0.00,nan,nan,nan,nan
25-Mar-25 9:29:15 AM AEST,nan,nan,nan,nan,nan,nan,nan,1.38,nan,nan,nan,nan
25-Mar-25 9:29:18 AM AEST,nan,0.0,nan,nan,nan,nan,0.00,nan,nan,nan,nan,nan
25-Mar-25 9:29:18 AM AEST,nan,97.5,nan,nan,nan,nan,125.20,nan,nan,nan,nan,nan
25-Mar-25 9:29:18 AM AEST,nan,51.1,nan,nan,nan,nan,51.10,nan,nan,nan,nan,nan
25-Mar-25 9:30:29 AM AEST,nan,nan,nan,14.80,nan,nan,nan,nan,nan,nan,nan,14.80
25-Mar-25 9:30:29 AM AEST,nan,nan,nan,0.00,nan,nan,nan,nan,nan,nan,nan,0.00
25-Mar-25 9:30:30 AM AEST,51.1,nan,nan,nan,1.00,0.01,nan,nan,nan,nan,6552.80,nan
25-Mar-25 9:30:31 AM AEST,nan,nan,nan,nan,nan,nan,nan,nan,nan,6552.80,nan,nan
25-Mar-25 9:30:35 AM AEST,nan,nan,nan,nan,nan,nan,nan,nan,6552.80,nan,nan,nan
25-Mar-25 9:31:40 AM AEST,nan,nan,nan,nan,nan,nan,nan,11.23,nan,nan,nan,nan
25-Mar-25 9:31:44 AM AEST,nan,0.0,nan,nan,nan,nan,0.00,nan,nan,nan,nan,nan
25-Mar-25 9:33:00 AM AEST,0.0,nan,nan,nan,0.60,3.41,nan,nan,nan,nan,14.20,nan
25-Mar-25 9:33:02 AM AEST,nan,nan,nan,nan,nan,nan,nan,nan,nan,84.70,nan,nan
25-Mar-25 9:33:10 AM AEST,nan,nan,nan,nan,nan,nan,nan,nan,317.80,nan,nan,nan
25-Mar-25 9:34:00 AM AEST,nan,nan,93.3,6552.80,nan,nan,nan,nan,nan,nan,nan,1.00
25-Mar-25 9:34:00 AM AEST,nan,nan,23.6,6552.80,nan,nan,nan,nan,nan,nan,nan,0.00
25-Mar-25 9:34:10 AM AEST,nan,0.2,nan,nan,nan,nan,nan,nan,nan,nan,nan,nan
25-Mar-25 9:35:30 AM AEST,72.2,nan,nan,nan,72.20,65.53,nan,nan,nan,nan,0.00,nan
25-Mar-25 9:35:30 AM AEST,0.0,nan,nan,nan,72.20,65.53,nan,nan,nan,nan,0.00,nan
25-Mar-25 9:35:33 AM AEST,nan,nan,nan,nan,nan,nan,nan,nan,nan,0.00,nan,nan
25-Mar-25 9:35:45 AM AEST,nan,nan,nan,nan,nan,nan,nan,nan,0.00,nan,nan,nan
25-Mar-25 9:36:00 AM AEST,nan,nan,nan,nan,nan,nan,0.20,2.40,nan,nan,nan,nan
25-Mar-25 9:36:29 AM AEST,nan,nan,nan,0.00,nan,nan,nan,nan,nan,nan,nan,nan
25-Mar-25 9:38:00 AM AEST,nan,0.0,nan,nan,1.00,0.01,nan,nan,nan,nan,6552.80,nan
25-Mar-25 9:38:04 AM AEST,nan,nan,nan,nan,nan,nan,nan,nan,nan,6552.80,nan,nan
25-Mar-25 9:38:20 AM AEST,nan,nan,nan,nan,nan,nan,nan,nan,6552.80,nan,nan,nan
25-Mar-25 9:38:25 AM AEST,nan,nan,nan,nan,nan,nan,nan,11.23,nan,nan,nan,nan
25-Mar-25 9:38:26 AM AEST,nan,nan,nan,nan,nan,nan,0.00,nan,nan,nan,nan,nan
25-Mar-25 9:40:00 AM AEST,72.2,nan,93.3,6552.80,nan,nan,nan,nan,nan,nan,nan,1.00
25-Mar-25 9:40:26 AM AEST,nan,97.5,nan,nan,nan,nan,nan,nan,nan,nan,nan,nan
25-Mar-25 9:40:30 AM AEST,nan,nan,nan,nan,0.60,3.41,nan,nan,nan,nan,14.20,nan
25-Mar-25 9:40:30 AM AEST,nan,nan,nan,nan,72.20,65.53,nan,nan,nan,nan,0.00,nan
25-Mar-25 9:40:35 AM AEST,nan,nan,nan,nan,nan,nan,nan,nan,nan,84.70,nan,nan
25-Mar-25 9:40:35 AM AEST,nan,nan,nan,nan,nan,nan,nan,nan,nan,0.00,nan,nan
25-Mar-25 9:40:50 AM AEST,nan,nan,nan,nan,nan,nan,nan,12.52,nan,nan,nan,nan
25-Mar-25 9:40:52 AM AEST,nan,nan,nan,nan,nan,nan,97.50,nan,nan,nan,nan,nan
25-Mar-25 9:40:55 AM AEST,nan,nan,nan,nan,nan,nan,nan,nan,317.80,nan,nan,nan
25-Mar-25 9:40:55 AM AEST,nan,nan,nan,nan,nan,nan,nan,nan,0.00,nan,nan,nan
25-Mar-25 9:42:29 AM AEST,nan,nan,nan,0.20,nan,nan,nan,nan,nan,nan,nan,0.00
25-Mar-25 9:42:30 AM AEST,24.0,nan,23.6,nan,nan,nan,nan,nan,nan,nan,nan,nan
25-Mar-25 9:42:30 AM AEST,24.0,nan,93.3,nan,nan,nan,nan,nan,nan,nan,nan,nan
25-Mar-25 9:43:15 AM AEST,nan,nan,nan,nan,nan,nan,nan,5.11,nan,nan,nan,nan
25-Mar-25 9:43:18 AM AEST,nan,nan,nan,nan,nan,nan,51.10,nan,nan,nan,nan,nan
25-Mar-25 9:44:00 AM AEST,nan,14.8,nan,nan,nan,nan,nan,nan,nan,nan,nan,nan
25-Mar-25 9:44:58 AM AEST,nan,nan,nan,14.80,nan,nan,nan,nan,nan,nan,nan,112.30
25-Mar-25 9:44:58 AM AEST,nan,nan,nan,0.20,nan,nan,nan,nan,nan,nan,nan,0.00
25-Mar-25 9:45:00 AM AEST,14.8,nan,23.6,nan,nan,nan,nan,nan,nan,nan,nan,nan
25-Mar-25 9:45:00 AM AEST,24.0,nan,14.2,nan,nan,nan,nan,nan,nan,nan,nan,nan
25-Mar-25 9:45:40 AM AEST,nan,nan,nan,nan,nan,nan,nan,0.00,nan,nan,nan,nan
25-Mar-25 9:45:44 AM AEST,nan,nan,nan,nan,nan,nan,125.20,nan,nan,nan,nan,nan
25-Mar-25 9:45:44 AM AEST,nan,nan,nan,nan,nan,nan,0.00,nan,nan,nan,nan,nan
25-Mar-25 9:46:00 AM AEST,nan,nan,nan,nan,84.70,0.85,nan,nan,317.80,317.80,317.80,nan
25-Mar-25 9:46:26 AM AEST,nan,97.5,nan,nan,nan,nan,nan,nan,nan,nan,nan,nan
25-Mar-25 9:46:26 AM AEST,nan,0.0,nan,nan,nan,nan,nan,nan,nan,nan,nan,nan
25-Mar-25 9:47:27 AM AEST,nan,nan,nan,6552.80,nan,nan,nan,nan,nan,nan,nan,1.00
25-Mar-25 9:47:27 AM AEST,nan,nan,nan,14.80,nan,nan,nan,nan,nan,nan,nan,112.30
25-Mar-25 9:47:30 AM AEST,72.2,nan,23.6,nan,nan,nan,nan,nan,nan,nan,nan,nan
25-Mar-25 9:47:30 AM AEST,14.8,nan,23.6,nan,nan,nan,nan,nan,nan,nan,nan,nan
25-Mar-25 9:48:05 AM AEST,nan,nan,nan,nan,nan,nan,nan,11.23,nan,nan,nan,nan
25-Mar-25 9:48:05 AM AEST,nan,nan,nan,nan,nan,nan,nan,5.11,nan,nan,nan,nan
25-Mar-25 9:48:10 AM AEST,nan,nan,nan,nan,nan,nan,51.10,nan,nan,nan,nan,nan
25-Mar-25 9:48:30 AM AEST,nan,nan,nan,nan,72.20,65.53,nan,nan,nan,nan,0.00,nan
25-Mar-25 9:48:31 AM AEST,nan,nan,nan,nan,nan,nan,nan,nan,nan,0.00,nan,nan
25-Mar-25 9:48:35 AM AEST,nan,nan,nan,nan,nan,nan,nan,nan,0.00,nan,nan,nan
25-Mar-25 9:48:52 AM AEST,nan,14.8,nan,nan,nan,nan,nan,nan,nan,nan,nan,nan
25-Mar-25 9:49:56 AM AEST,nan,nan,nan,6552.80,nan,nan,nan,nan,nan,nan,nan,6552.80
25-Mar-25 9:50:00 AM AEST,72.2,nan,0.9,nan,nan,nan,nan,nan,nan,nan,nan,nan
25-Mar-25 9:50:30 AM AEST,nan,nan,nan,nan,nan,nan,nan,11.23,nan,nan,nan,nan
25-Mar-25 9:50:36 AM AEST,nan,nan,nan,nan,nan,nan,0.00,nan,nan,nan,nan,nan
25-Mar-25 9:51:00 AM AEST,nan,nan,nan,nan,8.30,0.08,nan,nan,nan,nan,23.60,nan
25-Mar-25 9:51:02 AM AEST,nan,nan,nan,nan,nan,nan,nan,nan,nan,23.60,nan,nan
25-Mar-25 9:51:10 AM AEST,nan,nan,nan,nan,nan,nan,nan,nan,23.60,nan,nan,nan
25-Mar-25 9:51:18 AM AEST,nan,0.0,nan,nan,nan,nan,nan,nan,nan,nan,nan,nan
25-Mar-25 9:52:25 AM AEST,nan,nan,nan,nan,nan,nan,nan,nan,nan,nan,nan,1.00
25-Mar-25 9:52:30 AM AEST,nan,nan,341.4,nan,nan,nan,nan,nan,nan,nan,nan,nan
25-Mar-25 9:53:30 AM AEST,nan,nan,nan,nan,0.60,0.01,nan,nan,nan,nan,14.20,nan
25-Mar-25 9:53:30 AM AEST,nan,nan,nan,nan,8.30,0.08,nan,nan,nan,nan,23.60,nan
25-Mar-25 9:53:33 AM AEST,nan,nan,nan,nan,nan,nan,nan,nan,nan,84.70,nan,nan
25-Mar-25 9:53:33 AM AEST,nan,nan,nan,nan,nan,nan,nan,nan,nan,23.60,nan,nan
25-Mar-25 9:53:45 AM AEST,nan,nan,nan,nan,nan,nan,nan,nan,317.80,nan,nan,nan
25-Mar-25 9:53:45 AM AEST,nan,nan,nan,nan,nan,nan,nan,nan,23.60,nan,nan,nan
25-Mar-25 9:54:54 AM AEST,nan,nan,nan,nan,nan,nan,nan,nan,nan,nan,nan,6552.80
25-Mar-25 9:55:00 AM AEST,nan,nan,0.9,nan,nan,nan,nan,nan,nan,nan,nan,nan
25-Mar-25 9:56:00 AM AEST,nan,nan,nan,nan,0.60,0.01,nan,nan,nan,nan,14.20,nan
25-Mar-25 9:56:04 AM AEST,nan,nan,nan,nan,nan,nan,nan,nan,nan,84.70,nan,nan
25-Mar-25 9:56:20 AM AEST,nan,nan,nan,nan,nan,nan,nan,nan,317.80,nan,nan,nan
25-Mar-25 9:57:23 AM AEST,nan,nan,nan,nan,nan,nan,nan,nan,nan,nan,nan,1.00
25-Mar-25 9:57:30 AM AEST,nan,nan,341.4,nan,nan,nan,nan,nan,nan,nan,nan,nan
25-Mar-25 9:58:30 AM AEST,nan,nan,nan,nan,nan,3.41,nan,nan,nan,nan,nan,nan
25-Mar-25 10:00:00 AM AEST,nan,nan,93.3,nan,nan,nan,125.20,0.00,nan,nan,nan,nan
25-Mar-25 10:01:00 AM AEST,nan,nan,nan,nan,nan,65.53,nan,nan,nan,nan,nan,nan
25-Mar-25 10:02:00 AM AEST,24.0,97.5,nan,0.20,72.20,nan,nan,nan,0.00,0.00,0.00,0.00
25-Mar-25 10:02:00 AM AEST,0.0,0.0,nan,0.00,1.00,nan,nan,nan,6552.80,1.00,1.00,72.20
25-Mar-25 10:02:25 AM AEST,nan,nan,nan,nan,nan,nan,nan,11.23,nan,nan,nan,nan
25-Mar-25 10:02:25 AM AEST,nan,nan,nan,nan,nan,nan,nan,0.00,nan,nan,nan,nan
25-Mar-25 10:02:25 AM AEST,nan,nan,nan,nan,nan,nan,nan,11.23,nan,nan,nan,nan
25-Mar-25 10:02:26 AM AEST,nan,nan,nan,nan,nan,nan,0.00,nan,nan,nan,nan,nan
25-Mar-25 10:02:26 AM AEST,nan,nan,nan,nan,nan,nan,125.20,nan,nan,nan,nan,nan
25-Mar-25 10:02:26 AM AEST,nan,nan,nan,nan,nan,nan,0.00,nan,nan,nan,nan,nan
25-Mar-25 10:02:30 AM AEST,nan,nan,23.6,nan,nan,nan,nan,nan,nan,nan,nan,nan
25-Mar-25 10:03:30 AM AEST,nan,nan,nan,nan,nan,0.24,nan,nan,nan,nan,nan,nan
25-Mar-25 10:04:29 AM AEST,nan,nan,nan,6552.80,nan,nan,nan,nan,nan,nan,nan,1.00
25-Mar-25 10:04:30 AM AEST,72.2,nan,nan,nan,0.60,nan,nan,nan,nan,nan,14.20,nan
25-Mar-25 10:04:31 AM AEST,nan,nan,nan,nan,nan,nan,nan,nan,nan,84.70,nan,nan
25-Mar-25 10:04:35 AM AEST,nan,nan,nan,nan,nan,nan,nan,nan,317.80,nan,nan,nan
25-Mar-25 10:05:00 AM AEST,nan,nan,93.3,nan,nan,nan,nan,nan,nan,nan,nan,nan
25-Mar-25 10:05:00 AM AEST,nan,nan,23.6,nan,nan,nan,nan,nan,nan,nan,nan,nan
25-Mar-25 10:06:00 AM AEST,nan,0.2,nan,nan,nan,3.41,24.00,2.40,nan,nan,nan,nan
25-Mar-25 10:06:00 AM AEST,nan,0.2,nan,nan,nan,65.53,24.00,2.40,nan,nan,nan,nan
25-Mar-25 10:06:58 AM AEST,nan,nan,nan,0.20,nan,nan,nan,nan,nan,nan,nan,0.00
25-Mar-25 10:07:00 AM AEST,0.2,nan,nan,nan,72.20,nan,nan,nan,nan,nan,0.00,nan
25-Mar-25 10:07:02 AM AEST,nan,nan,nan,nan,nan,nan,nan,nan,nan,0.00,nan,nan
25-Mar-25 10:07:10 AM AEST,nan,nan,nan,nan,nan,nan,nan,nan,0.00,nan,nan,nan
25-Mar-25 10:08:25 AM AEST,nan,nan,nan,nan,nan,nan,nan,11.23,nan,nan,nan,nan
25-Mar-25 10:08:26 AM AEST,nan,0.0,nan,nan,nan,nan,112.30,nan,nan,nan,nan,nan
25-Mar-25 10:09:27 AM AEST,nan,nan,nan,0.00,nan,nan,nan,nan,nan,nan,nan,nan
25-Mar-25 10:09:30 AM AEST,0.0,nan,nan,nan,nan,nan,nan,nan,nan,nan,72.20,nan
25-Mar-25 10:09:33 AM AEST,nan,nan,nan,nan,nan,nan,nan,nan,nan,72.20,nan,nan
25-Mar-25 10:10:52 AM AEST,nan,nan,nan,nan,nan,nan,0.00,nan,nan,nan,nan,nan
25-Mar-25 10:11:56 AM AEST,nan,nan,nan,6552.80,nan,nan,nan,nan,nan,nan,nan,nan
25-Mar-25 10:11:56 AM AEST,nan,nan,nan,0.20,nan,nan,nan,nan,nan,nan,nan,nan
25-Mar-25 10:12:00 AM AEST,72.2,97.5,93.3,nan,0.60,3.41,nan,12.52,317.80,nan,14.20,1.00
25-Mar-25 10:12:00 AM AEST,24.0,97.5,23.6,nan,72.20,65.53,nan,12.52,0.00,nan,0.00,0.00
25-Mar-25 10:12:04 AM AEST,nan,nan,nan,nan,nan,nan,nan,nan,nan,84.70,nan,nan
25-Mar-25 10:12:04 AM AEST,nan,nan,nan,nan,nan,nan,nan,nan,nan,0.00,nan,nan
25-Mar-25 10:13:18 AM AEST,nan,nan,nan,nan,nan,nan,97.50,nan,nan,nan,nan,nan
25-Mar-25 10:14:25 AM AEST,nan,nan,nan,nan,nan,nan,nan,0.00,nan,nan,nan,nan
25-Mar-25 10:14:30 AM AEST,nan,nan,93.3,nan,nan,nan,nan,nan,nan,nan,nan,nan
25-Mar-25 10:15:44 AM AEST,nan,nan,nan,nan,nan,nan,125.20,nan,nan,nan,nan,nan
25-Mar-25 10:15:44 AM AEST,nan,nan,nan,nan,nan,nan,24.00,nan,nan,nan,nan,nan
25-Mar-25 10:16:00 AM AEST,nan,24.0,nan,nan,0.60,3.41,nan,nan,317.80,84.70,14.20,nan
25-Mar-25 10:16:50 AM AEST,nan,nan,nan,nan,nan,nan,nan,9.75,nan,nan,nan,nan
25-Mar-25 10:18:10 AM AEST,nan,nan,nan,nan,nan,nan,14.80,nan,nan,nan,nan,nan
25-Mar-25 10:18:26 AM AEST,nan,14.8,nan,nan,nan,nan,nan,nan,nan,nan,nan,nan
25-Mar-25 10:18:30 AM AEST,nan,nan,nan,nan,72.20,65.53,nan,nan,nan,nan,0.00,nan
25-Mar-25 10:18:31 AM AEST,nan,nan,nan,nan,nan,nan,nan,nan,nan,0.00,nan,nan
25-Mar-25 10:18:35 AM AEST,nan,nan,nan,nan,nan,nan,nan,nan,0.00,nan,nan,nan
25-Mar-25 10:19:15 AM AEST,nan,nan,nan,nan,nan,nan,nan,5.11,nan,nan,nan,nan
25-Mar-25 10:20:00 AM AEST,112.3,nan,nan,112.30,nan,nan,nan,nan,nan,nan,nan,112.30
25-Mar-25 10:20:52 AM AEST,nan,0.0,nan,nan,nan,nan,nan,nan,nan,nan,nan,nan
25-Mar-25 10:21:00 AM AEST,nan,nan,nan,nan,1.40,0.01,nan,nan,nan,nan,0.90,nan
25-Mar-25 10:21:02 AM AEST,nan,nan,nan,nan,nan,nan,nan,nan,nan,0.90,nan,nan
25-Mar-25 10:21:10 AM AEST,nan,nan,nan,nan,nan,nan,nan,nan,0.90,nan,nan,nan
25-Mar-25 10:21:40 AM AEST,nan,nan,nan,nan,nan,nan,nan,11.23,nan,nan,nan,nan
25-Mar-25 10:22:00 AM AEST,nan,nan,317.8,nan,nan,nan,0.00,nan,nan,nan,nan,nan
25-Mar-25 10:22:29 AM AEST,nan,nan,nan,6552.80,nan,nan,nan,nan,nan,nan,nan,1.00
25-Mar-25 10:22:30 AM AEST,72.2,nan,nan,nan,nan,nan,nan,nan,nan,nan,nan,nan
25-Mar-25 10:23:30 AM AEST,nan,nan,nan,nan,0.60,3.41,nan,nan,nan,nan,14.20,nan
25-Mar-25 10:23:33 AM AEST,nan,nan,nan,nan,nan,nan,nan,nan,nan,84.70,nan,nan
25-Mar-25 10:23:45 AM AEST,nan,nan,nan,nan,nan,nan,nan,nan,317.80,nan,nan,nan
25-Mar-25 10:23:45 AM AEST,nan,nan,nan,nan,nan,nan,nan,nan,0.00,nan,nan,nan
25-Mar-25 10:24:26 AM AEST,nan,nan,nan,nan,nan,nan,13.80,nan,nan,nan,nan,nan
25-Mar-25 10:24:30 AM AEST,nan,nan,93.3,nan,nan,nan,nan,nan,nan,nan,nan,nan
25-Mar-25 10:24:30 AM AEST,nan,nan,23.6,nan,nan,nan,nan,nan,nan,nan,nan,nan
25-Mar-25 10:24:58 AM AEST,nan,nan,nan,51.10,nan,nan,nan,nan,nan,nan,nan,51.10
25-Mar-25 10:25:00 AM AEST,51.1,nan,nan,nan,nan,nan,nan,nan,nan,nan,nan,nan
25-Mar-25 10:26:00 AM AEST,nan,13.8,nan,nan,72.20,65.53,nan,0.00,nan,nan,0.00,nan
25-Mar-25 10:26:04 AM AEST,nan,nan,nan,nan,nan,nan,nan,nan,nan,0.00,nan,nan
25-Mar-25 10:26:20 AM AEST,nan,nan,nan,nan,nan,nan,nan,nan,23.60,nan,nan,nan
25-Mar-25 10:26:52 AM AEST,nan,nan,nan,nan,nan,nan,0.00,nan,nan,nan,nan,nan
25-Mar-25 10:27:00 AM AEST,nan,nan,0.9,nan,nan,nan,nan,nan,nan,nan,nan,nan
25-Mar-25 10:27:27 AM AEST,nan,nan,nan,6552.80,nan,nan,nan,nan,nan,nan,nan,1.00
25-Mar-25 10:27:30 AM AEST,72.2,nan,nan,nan,nan,nan,nan,nan,nan,nan,nan,nan
25-Mar-25 10:28:25 AM AEST,nan,nan,nan,nan,nan,nan,nan,11.23,nan,nan,nan,nan
25-Mar-25 10:28:26 AM AEST,nan,0.0,nan,nan,nan,nan,nan,nan,nan,nan,nan,nan
25-Mar-25 10:28:30 AM AEST,nan,nan,nan,nan,8.30,0.01,nan,nan,nan,nan,8.30,nan
25-Mar-25 10:28:35 AM AEST,nan,nan,nan,nan,nan,nan,nan,nan,nan,8.30,nan,nan
25-Mar-25 10:28:55 AM AEST,nan,nan,nan,nan,nan,nan,nan,nan,317.80,nan,nan,nan
25-Mar-25 10:29:30 AM AEST,nan,nan,93.3,nan,nan,nan,nan,nan,nan,nan,nan,nan
25-Mar-25 10:31:00 AM AEST,nan,nan,nan,nan,0.60,3.41,nan,nan,nan,nan,14.20,nan
25-Mar-25 10:31:06 AM AEST,nan,nan,nan,nan,nan,nan,nan,nan,nan,84.70,nan,nan
25-Mar-25 10:34:00 AM AEST,24.0,24.0,nan,0.20,nan,nan,24.00,9.75,nan,nan,nan,0.00
25-Mar-25 10:36:00 AM AEST,nan,nan,nan,nan,72.20,65.53,nan,nan,0.00,0.00,0.00,nan
25-Mar-25 10:36:25 AM AEST,nan,nan,nan,nan,nan,nan,nan,1.48,nan,nan,nan,nan
25-Mar-25 10:36:26 AM AEST,nan,112.3,nan,nan,nan,nan,112.30,nan,nan,nan,nan,nan
25-Mar-25 10:36:29 AM AEST,nan,nan,nan,0.00,nan,nan,nan,nan,nan,nan,nan,nan
25-Mar-25 10:36:30 AM AEST,112.3,nan,nan,nan,nan,nan,nan,nan,nan,nan,nan,nan
25-Mar-25 10:38:00 AM AEST,nan,nan,nan,nan,nan,nan,nan,nan,nan,nan,nan,1.00
25-Mar-25 10:38:30 AM AEST,nan,nan,nan,nan,0.60,3.41,nan,nan,nan,nan,14.20,nan
25-Mar-25 10:38:31 AM AEST,nan,nan,nan,nan,nan,nan,nan,nan,nan,84.70,nan,nan
25-Mar-25 10:38:35 AM AEST,nan,nan,nan,nan,nan,nan,nan,nan,317.80,nan,nan,nan
25-Mar-25 10:38:50 AM AEST,nan,nan,nan,nan,nan,nan,nan,11.23,nan,nan,nan,nan
25-Mar-25 10:38:52 AM AEST,nan,0.0,nan,nan,nan,nan,0.00,nan,nan,nan,nan,nan
25-Mar-25 10:38:58 AM AEST,nan,nan,nan,6552.80,nan,nan,nan,nan,nan,nan,nan,nan
25-Mar-25 10:39:00 AM AEST,72.2,nan,nan,nan,nan,nan,nan,nan,nan,nan,nan,nan
25-Mar-25 10:44:00 AM AEST,24.0,24.0,nan,0.20,nan,nan,24.00,9.75,nan,nan,nan,0.00
25-Mar-25 10:46:00 AM AEST,nan,nan,nan,nan,72.20,65.53,nan,nan,0.00,0.00,0.00,nan
25-Mar-25 10:46:00 AM AEST,nan,nan,nan,nan,0.60,3.41,nan,nan,317.80,84.70,14.20,nan
25-Mar-25 10:46:25 AM AEST,nan,nan,nan,nan,nan,nan,nan,0.00,nan,nan,nan,nan
25-Mar-25 10:46:26 AM AEST,nan,97.5,nan,nan,nan,nan,125.20,nan,nan,nan,nan,nan
25-Mar-25 10:48:30 AM AEST,nan,nan,nan,nan,72.20,nan,nan,nan,nan,nan,0.00,nan
25-Mar-25 10:48:31 AM AEST,nan,nan,nan,nan,nan,nan,nan,nan,nan,0.00,nan,nan
25-Mar-25 10:48:35 AM AEST,nan,nan,nan,nan,nan,nan,nan,nan,0.00,nan,nan,nan
25-Mar-25 10:48:50 AM AEST,nan,nan,nan,nan,nan,nan,nan,12.52,nan,nan,nan,nan
25-Mar-25 10:50:00 AM AEST,14.8,14.8,nan,14.80,nan,nan,51.10,nan,nan,nan,nan,112.30
25-Mar-25 10:51:15 AM AEST,nan,nan,nan,nan,nan,nan,nan,5.11,nan,nan,nan,nan
25-Mar-25 10:51:15 AM AEST,nan,nan,nan,nan,nan,nan,nan,9.75,nan,nan,nan,nan
25-Mar-25 10:52:00 AM AEST,nan,nan,23.6,nan,nan,65.53,nan,nan,nan,nan,nan,nan
25-Mar-25 10:52:26 AM AEST,nan,24.0,nan,nan,nan,nan,24.00,nan,nan,nan,nan,nan
25-Mar-25 10:52:29 AM AEST,nan,nan,nan,0.20,nan,nan,nan,nan,nan,nan,nan,0.00
25-Mar-25 10:52:30 AM AEST,24.0,nan,nan,nan,nan,nan,nan,nan,nan,nan,nan,nan
25-Mar-25 10:53:40 AM AEST,nan,nan,nan,nan,nan,nan,nan,11.23,nan,nan,nan,nan
25-Mar-25 10:54:00 AM AEST,nan,nan,nan,nan,6552.80,nan,nan,nan,72.20,72.20,6552.80,nan
25-Mar-25 10:54:30 AM AEST,nan,nan,93.3,nan,nan,nan,nan,nan,nan,nan,nan,nan
25-Mar-25 10:54:52 AM AEST,nan,0.0,nan,nan,nan,nan,0.00,nan,nan,nan,nan,nan
25-Mar-25 10:54:58 AM AEST,nan,nan,nan,0.00,nan,nan,nan,nan,nan,nan,nan,14.80
25-Mar-25 10:54:58 AM AEST,nan,nan,nan,14.80,nan,nan,nan,nan,nan,nan,nan,14.80
25-Mar-25 10:55:00 AM AEST,0.0,nan,nan,nan,nan,nan,nan,nan,nan,nan,nan,nan
25-Mar-25 10:55:00 AM AEST,51.1,nan,nan,nan,nan,nan,nan,nan,nan,nan,nan,nan
25-Mar-25 10:56:05 AM AEST,nan,nan,nan,nan,nan,nan,nan,1.38,nan,nan,nan,nan
25-Mar-25 10:56:30 AM AEST,nan,nan,nan,nan,72.20,nan,nan,nan,nan,nan,0.00,nan
25-Mar-25 10:56:31 AM AEST,nan,nan,nan,nan,nan,nan,nan,nan,nan,0.00,nan,nan
25-Mar-25 10:56:35 AM AEST,nan,nan,nan,nan,nan,nan,nan,nan,0.00,nan,nan,nan
25-Mar-25 10:57:00 AM AEST,nan,nan,23.6,nan,nan,nan,nan,nan,nan,nan,nan,nan
25-Mar-25 10:57:00 AM AEST,nan,nan,0.9,nan,nan,nan,nan,nan,nan,nan,nan,nan
25-Mar-25 10:57:18 AM AEST,nan,51.1,nan,nan,nan,nan,51.10,nan,nan,nan,nan,nan
25-Mar-25 10:57:27 AM AEST,nan,nan,nan,6552.80,nan,nan,nan,nan,nan,nan,nan,6552.80
25-Mar-25 10:57:30 AM AEST,72.2,nan,nan,nan,nan,nan,nan,nan,nan,nan,nan,nan
25-Mar-25 10:58:00 AM AEST,nan,nan,nan,nan,nan,0.08,nan,nan,nan,nan,nan,nan
25-Mar-25 10:58:30 AM AEST,nan,nan,nan,nan,nan,nan,nan,11.23,nan,nan,nan,nan
25-Mar-25 10:59:00 AM AEST,nan,nan,nan,nan,8.30,nan,nan,nan,nan,nan,23.60,nan
25-Mar-25 10:59:02 AM AEST,nan,nan,nan,nan,nan,nan,nan,nan,nan,23.60,nan,nan
25-Mar-25 10:59:10 AM AEST,nan,nan,nan,nan,nan,nan,nan,nan,23.60,nan,nan,nan
25-Mar-25 10:59:30 AM AEST,nan,nan,341.4,nan,nan,nan,nan,nan,nan,nan,nan,nan
25-Mar-25 10:59:44 AM AEST,nan,0.0,nan,nan,nan,nan,0.00,nan,nan,nan,nan,nan
25-Mar-25 11:00:30 AM AEST,nan,nan,nan,nan,nan,3.41,nan,nan,nan,nan,nan,nan
25-Mar-25 11:01:30 AM AEST,nan,nan,nan,nan,0.60,nan,nan,nan,nan,nan,14.20,nan
25-Mar-25 11:01:30 AM AEST,nan,nan,nan,nan,8.30,nan,nan,nan,nan,nan,23.60,nan
25-Mar-25 11:01:33 AM AEST,nan,nan,nan,nan,nan,nan,nan,nan,nan,84.70,nan,nan
25-Mar-25 11:01:33 AM AEST,nan,nan,nan,nan,nan,nan,nan,nan,nan,23.60,nan,nan
25-Mar-25 11:01:45 AM AEST,nan,nan,nan,nan,nan,nan,nan,nan,317.80,nan,nan,nan
25-Mar-25 11:01:45 AM AEST,nan,nan,nan,nan,nan,nan,nan,nan,23.60,nan,nan,nan
25-Mar-25 11:02:00 AM AEST,nan,nan,0.9,nan,nan,nan,nan,nan,nan,nan,nan,1.00
25-Mar-25 11:02:00 AM AEST,nan,nan,0.9,nan,nan,nan,nan,nan,nan,nan,nan,6552.80
25-Mar-25 11:03:00 AM AEST,nan,nan,nan,nan,nan,0.08,nan,nan,nan,nan,nan,nan
25-Mar-25 11:04:00 AM AEST,nan,nan,nan,nan,0.60,nan,nan,nan,nan,nan,14.20,nan
25-Mar-25 11:04:04 AM AEST,nan,nan,nan,nan,nan,nan,nan,nan,nan,84.70,nan,nan
25-Mar-25 11:04:20 AM AEST,nan,nan,nan,nan,nan,nan,nan,nan,317.80,nan,nan,nan
25-Mar-25 11:04:29 AM AEST,nan,nan,nan,nan,nan,nan,nan,nan,nan,nan,nan,1.00
25-Mar-25 11:04:30 AM AEST,nan,nan,341.4,nan,nan,nan,nan,nan,nan,nan,nan,nan
25-Mar-25 11:05:30 AM AEST,nan,nan,nan,nan,nan,3.41,nan,nan,nan,nan,nan,nan
25-Mar-25 11:07:00 AM AEST,nan,nan,93.3,nan,nan,nan,nan,nan,nan,nan,nan,nan
25-Mar-25 11:08:00 AM AEST,nan,97.5,nan,nan,nan,nan,125.20,0.00,nan,nan,nan,nan
25-Mar-25 11:10:00 AM AEST,24.0,nan,nan,0.20,nan,nan,nan,nan,0.00,0.00,nan,0.00
25-Mar-25 11:12:00 AM AEST,nan,nan,23.6,nan,72.20,65.53,nan,nan,nan,nan,0.00,nan
25-Mar-25 11:12:29 AM AEST,nan,nan,nan,nan,nan,nan,nan,nan,nan,nan,nan,1.00
25-Mar-25 11:12:29 AM AEST,nan,nan,nan,nan,nan,nan,nan,nan,nan,nan,nan,0.00
25-Mar-25 11:12:31 AM AEST,nan,nan,nan,nan,nan,nan,nan,nan,nan,84.70,nan,nan
25-Mar-25 11:12:31 AM AEST,nan,nan,nan,nan,nan,nan,nan,nan,nan,0.00,nan,nan
25-Mar-25 11:12:35 AM AEST,nan,nan,nan,nan,nan,nan,nan,nan,317.80,nan,nan,nan
25-Mar-25 11:12:35 AM AEST,nan,nan,nan,nan,nan,nan,nan,nan,0.00,nan,nan,nan
25-Mar-25 11:14:30 AM AEST,nan,nan,93.3,nan,0.60,3.41,nan,nan,nan,nan,14.20,nan
25-Mar-25 11:14:30 AM AEST,nan,nan,0.6,nan,14.20,0.14,nan,nan,nan,nan,14.20,nan
25-Mar-25 11:14:58 AM AEST,nan,nan,nan,nan,nan,nan,nan,nan,nan,nan,nan,1.00
25-Mar-25 11:15:02 AM AEST,nan,nan,nan,nan,nan,nan,nan,nan,nan,84.70,nan,nan
25-Mar-25 11:15:10 AM AEST,nan,nan,nan,nan,nan,nan,nan,nan,317.80,nan,nan,nan
25-Mar-25 11:16:00 AM AEST,72.2,0.0,nan,6552.80,nan,nan,0.00,11.23,nan,nan,nan,nan
25-Mar-25 11:16:00 AM AEST,24.0,97.5,nan,0.20,nan,nan,125.20,0.00,nan,nan,nan,nan
25-Mar-25 11:17:00 AM AEST,nan,nan,23.6,nan,72.20,65.53,nan,nan,nan,nan,0.00,nan
25-Mar-25 11:17:00 AM AEST,nan,nan,93.3,nan,0.60,3.41,nan,nan,nan,nan,14.20,nan
25-Mar-25 11:17:27 AM AEST,nan,nan,nan,nan,nan,nan,nan,nan,nan,nan,nan,0.00
25-Mar-25 11:17:27 AM AEST,nan,nan,nan,nan,nan,nan,nan,nan,nan,nan,nan,1.00
25-Mar-25 11:17:33 AM AEST,nan,nan,nan,nan,nan,nan,nan,nan,nan,0.00,nan,nan
25-Mar-25 11:17:33 AM AEST,nan,nan,nan,nan,nan,nan,nan,nan,nan,84.70,nan,nan
25-Mar-25 11:17:45 AM AEST,nan,nan,nan,nan,nan,nan,nan,nan,0.00,nan,nan,nan
25-Mar-25 11:17:45 AM AEST,nan,nan,nan,nan,nan,nan,nan,nan,317.80,nan,nan,nan
25-Mar-25 11:18:26 AM AEST,nan,0.0,nan,nan,nan,nan,0.00,nan,nan,nan,nan,nan
25-Mar-25 11:18:29 AM AEST,nan,nan,nan,6552.80,nan,nan,nan,nan,nan,nan,nan,nan
25-Mar-25 11:18:30 AM AEST,72.2,nan,nan,nan,nan,nan,nan,nan,nan,nan,nan,nan
25-Mar-25 11:19:56 AM AEST,nan,nan,nan,nan,nan,nan,nan,nan,nan,nan,nan,51.10
25-Mar-25 11:20:20 AM AEST,nan,nan,nan,nan,nan,nan,nan,nan,0.00,nan,nan,nan
25-Mar-25 11:20:52 AM AEST,nan,13.8,nan,nan,nan,nan,nan,nan,nan,nan,nan,nan
25-Mar-25 11:20:58 AM AEST,nan,nan,nan,13.80,nan,nan,nan,nan,nan,nan,nan,nan
25-Mar-25 11:21:00 AM AEST,13.8,nan,nan,nan,nan,nan,nan,nan,nan,nan,nan,nan
25-Mar-25 11:22:25 AM AEST,nan,nan,nan,nan,nan,nan,nan,nan,nan,nan,nan,1.00
25-Mar-25 11:22:55 AM AEST,nan,nan,nan,nan,nan,nan,nan,nan,317.80,nan,nan,nan
25-Mar-25 11:23:18 AM AEST,nan,0.0,nan,nan,nan,nan,nan,nan,nan,nan,nan,nan
25-Mar-25 11:23:27 AM AEST,nan,nan,nan,6552.80,nan,nan,nan,nan,nan,nan,nan,nan
25-Mar-25 11:23:30 AM AEST,72.2,nan,nan,nan,nan,nan,nan,nan,nan,nan,nan,nan
25-Mar-25 11:24:00 AM AEST,nan,nan,nan,nan,nan,nan,nan,11.23,nan,nan,nan,nan
25-Mar-25 11:26:00 AM AEST,nan,nan,0.6,nan,14.20,0.14,nan,nan,nan,nan,nan,nan
25-Mar-25 11:28:30 AM AEST,nan,nan,93.3,nan,0.60,3.41,nan,nan,nan,nan,nan,nan
25-Mar-25 11:28:30 AM AEST,nan,nan,23.6,nan,72.20,65.53,nan,nan,nan,nan,nan,nan
25-Mar-25 11:30:00 AM AEST,13.8,97.5,nan,13.80,nan,nan,125.20,0.00,0.00,0.00,0.00,51.10
25-Mar-25 11:30:00 AM AEST,13.8,13.8,nan,13.80,nan,nan,0.00,0.00,0.00,0.00,0.00,51.10
25-Mar-25 11:31:00 AM AEST,nan,nan,nan,nan,1.00,0.24,nan,nan,nan,nan,nan,nan
25-Mar-25 11:32:25 AM AEST,nan,nan,nan,nan,nan,nan,nan,11.23,nan,nan,nan,nan
25-Mar-25 11:32:26 AM AEST,nan,0.0,nan,nan,nan,nan,nan,nan,nan,nan,nan,nan
25-Mar-25 11:32:29 AM AEST,nan,nan,nan,0.00,nan,nan,nan,nan,nan,nan,nan,72.20
25-Mar-25 11:32:30 AM AEST,0.0,nan,nan,nan,nan,nan,nan,nan,nan,nan,1.00,nan
25-Mar-25 11:32:31 AM AEST,nan,nan,nan,nan,nan,nan,nan,nan,nan,1.00,nan,nan
25-Mar-25 11:32:35 AM AEST,nan,nan,nan,nan,nan,nan,nan,nan,6552.80,nan,nan,nan
25-Mar-25 11:33:30 AM AEST,nan,nan,nan,nan,0.60,3.41,nan,nan,nan,nan,nan,nan
25-Mar-25 11:34:00 AM AEST,nan,nan,93.3,nan,nan,nan,nan,nan,nan,nan,nan,nan
25-Mar-25 11:34:58 AM AEST,nan,nan,nan,6552.80,nan,nan,nan,nan,nan,nan,nan,1.00
25-Mar-25 11:35:00 AM AEST,72.2,nan,nan,nan,nan,nan,nan,nan,nan,nan,14.20,nan
25-Mar-25 11:35:02 AM AEST,nan,nan,nan,nan,nan,nan,nan,nan,nan,84.70,nan,nan
25-Mar-25 11:35:10 AM AEST,nan,nan,nan,nan,nan,nan,nan,nan,317.80,nan,nan,nan
25-Mar-25 11:38:00 AM AEST,nan,97.5,nan,nan,nan,nan,125.20,0.00,nan,nan,nan,nan
25-Mar-25 11:40:00 AM AEST,51.1,nan,nan,51.10,nan,nan,nan,nan,0.00,nan,nan,51.10
25-Mar-25 11:40:26 AM AEST,nan,13.8,nan,nan,nan,nan,13.80,nan,nan,nan,nan,nan
25-Mar-25 11:42:00 AM AEST,nan,nan,nan,nan,nan,nan,nan,11.23,nan,nan,nan,nan
25-Mar-25 11:42:29 AM AEST,nan,nan,nan,6552.80,nan,nan,nan,nan,nan,nan,nan,1.00
25-Mar-25 11:42:30 AM AEST,72.2,nan,nan,nan,nan,nan,nan,nan,nan,nan,nan,nan
25-Mar-25 11:42:35 AM AEST,nan,nan,nan,nan,nan,nan,nan,nan,317.80,nan,nan,nan
25-Mar-25 11:42:52 AM AEST,nan,0.0,nan,nan,nan,nan,0.00,nan,nan,nan,nan,nan
25-Mar-25 11:44:00 AM AEST,nan,nan,341.4,nan,nan,nan,nan,nan,nan,nan,nan,nan
25-Mar-25 11:44:58 AM AEST,nan,nan,nan,13.80,nan,nan,nan,nan,nan,nan,nan,51.10
25-Mar-25 11:45:00 AM AEST,13.8,nan,nan,nan,nan,nan,nan,nan,nan,nan,nan,nan
25-Mar-25 11:45:10 AM AEST,nan,nan,nan,nan,nan,nan,nan,nan,0.00,nan,nan,nan
25-Mar-25 11:45:18 AM AEST,nan,13.8,nan,nan,nan,nan,nan,nan,nan,nan,nan,nan
25-Mar-25 11:46:00 AM AEST,nan,nan,nan,nan,72.20,65.53,nan,0.00,nan,0.00,0.00,nan
25-Mar-25 11:46:30 AM AEST,nan,nan,23.6,nan,nan,nan,nan,nan,nan,nan,nan,nan
25-Mar-25 11:46:30 AM AEST,nan,nan,93.3,nan,nan,nan,nan,nan,nan,nan,nan,nan
25-Mar-25 11:47:27 AM AEST,nan,nan,nan,6552.80,nan,nan,nan,nan,nan,nan,nan,1.00
25-Mar-25 11:47:30 AM AEST,72.2,nan,nan,nan,nan,nan,nan,nan,nan,nan,nan,nan
25-Mar-25 11:47:44 AM AEST,nan,0.0,nan,nan,nan,nan,nan,nan,nan,nan,nan,nan
25-Mar-25 11:47:45 AM AEST,nan,nan,nan,nan,nan,nan,nan,nan,317.80,nan,nan,nan
25-Mar-25 11:48:25 AM AEST,nan,nan,nan,nan,nan,nan,nan,11.23,nan,nan,nan,nan
25-Mar-25 11:48:30 AM AEST,nan,nan,nan,nan,0.60,3.41,nan,nan,nan,nan,14.20,nan
25-Mar-25 11:48:31 AM AEST,nan,nan,nan,nan,nan,nan,nan,nan,nan,84.70,nan,nan
25-Mar-25 11:49:00 AM AEST,nan,nan,0.6,nan,nan,nan,nan,nan,nan,nan,nan,nan
25-Mar-25 11:51:00 AM AEST,nan,nan,nan,nan,14.20,0.14,nan,nan,nan,nan,nan,nan
25-Mar-25 11:53:30 AM AEST,nan,nan,nan,nan,0.60,3.41,nan,nan,nan,nan,nan,nan
25-Mar-25 11:54:00 AM AEST,nan,nan,93.3,nan,nan,nan,nan,0.00,nan,nan,nan,nan
25-Mar-25 11:56:25 AM AEST,nan,nan,nan,nan,nan,nan,nan,11.23,nan,nan,nan,nan
25-Mar-25 11:58:00 AM AEST,nan,nan,0.9,nan,8.30,0.08,nan,nan,23.60,23.60,23.60,6552.80
25-Mar-25 12:00:29 PM AEST,nan,nan,nan,nan,nan,nan,nan,nan,nan,nan,nan,1.00
25-Mar-25 12:00:30 PM AEST,nan,nan,341.4,nan,0.60,0.01,nan,nan,nan,nan,14.20,nan
25-Mar-25 12:00:31 PM AEST,nan,nan,nan,nan,nan,nan,nan,nan,nan,84.70,nan,nan
25-Mar-25 12:00:35 PM AEST,nan,nan,nan,nan,nan,nan,nan,nan,317.80,nan,nan,nan
25-Mar-25 12:02:58 PM AEST,nan,nan,nan,nan,nan,nan,nan,nan,nan,nan,nan,0.00
25-Mar-25 12:03:00 PM AEST,nan,nan,1.4,nan,0.90,0.01,nan,nan,nan,nan,0.90,nan
25-Mar-25 12:03:00 PM AEST,nan,nan,23.6,nan,72.20,65.53,nan,nan,nan,nan,0.00,nan
25-Mar-25 12:03:02 PM AEST,nan,nan,nan,nan,nan,nan,nan,nan,nan,8.30,nan,nan
25-Mar-25 12:03:02 PM AEST,nan,nan,nan,nan,nan,nan,nan,nan,nan,0.00,nan,nan
25-Mar-25 12:03:10 PM AEST,nan,nan,nan,nan,nan,nan,nan,nan,8.30,nan,nan,nan
25-Mar-25 12:03:10 PM AEST,nan,nan,nan,nan,nan,nan,nan,nan,0.00,nan,nan,nan
25-Mar-25 12:04:00 PM AEST,24.0,97.5,nan,0.20,nan,nan,125.20,0.00,nan,nan,nan,nan
25-Mar-25 12:05:30 PM AEST,nan,nan,93.3,nan,0.60,3.41,nan,nan,nan,nan,14.20,nan
25-Mar-25 12:05:33 PM AEST,nan,nan,nan,nan,nan,nan,nan,nan,nan,84.70,nan,nan
25-Mar-25 12:08:00 PM AEST,nan,nan,317.8,nan,1.40,3.18,nan,nan,317.80,nan,1.40,1.00
25-Mar-25 12:08:00 PM AEST,nan,nan,317.8,nan,1.40,3.18,nan,nan,0.90,nan,1.40,1.00
25-Mar-25 12:08:04 PM AEST,nan,nan,nan,nan,nan,nan,nan,nan,nan,1.40,nan,nan
25-Mar-25 12:10:00 PM AEST,72.2,0.0,nan,6552.80,nan,nan,0.00,11.23,nan,nan,nan,nan
25-Mar-25 12:10:00 PM AEST,24.0,97.5,nan,0.20,nan,nan,125.20,0.00,nan,nan,nan,nan
25-Mar-25 12:10:29 PM AEST,nan,nan,nan,nan,nan,nan,nan,nan,nan,nan,nan,0.00
25-Mar-25 12:10:30 PM AEST,nan,nan,23.6,nan,72.20,65.53,nan,nan,nan,nan,0.00,nan
25-Mar-25 12:10:30 PM AEST,nan,nan,93.3,nan,0.60,3.41,nan,nan,nan,nan,14.20,nan
25-Mar-25 12:10:35 PM AEST,nan,nan,nan,nan,nan,nan,nan,nan,0.00,0.00,nan,nan
25-Mar-25 12:10:35 PM AEST,nan,nan,nan,nan,nan,nan,nan,nan,317.80,84.70,nan,nan
25-Mar-25 12:12:26 PM AEST,nan,0.0,nan,nan,nan,nan,0.00,nan,nan,nan,nan,nan
25-Mar-25 12:12:29 PM AEST,nan,nan,nan,6552.80,nan,nan,nan,nan,nan,nan,nan,nan
25-Mar-25 12:12:30 PM AEST,72.2,nan,nan,nan,nan,nan,nan,nan,nan,nan,nan,nan
25-Mar-25 12:12:58 PM AEST,nan,nan,nan,nan,nan,nan,nan,nan,nan,nan,nan,1.00
25-Mar-25 12:14:52 PM AEST,nan,0.2,nan,nan,nan,nan,24.00,nan,nan,nan,nan,nan
25-Mar-25 12:14:58 PM AEST,nan,nan,nan,0.20,nan,nan,nan,nan,nan,nan,nan,nan
25-Mar-25 12:15:00 PM AEST,0.2,nan,nan,nan,nan,nan,nan,nan,nan,nan,nan,nan
25-Mar-25 12:15:27 PM AEST,nan,nan,nan,nan,nan,nan,nan,nan,nan,nan,nan,0.00
25-Mar-25 12:16:00 PM AEST,nan,nan,23.6,nan,72.20,65.53,nan,2.40,0.00,0.00,0.00,nan
25-Mar-25 12:16:00 PM AEST,nan,nan,23.6,nan,72.20,65.53,nan,0.00,0.00,0.00,0.00,nan
25-Mar-25 12:17:18 PM AEST,nan,97.5,nan,nan,nan,nan,125.20,nan,nan,nan,nan,nan
25-Mar-25 12:17:27 PM AEST,nan,nan,nan,0.00,nan,nan,nan,nan,nan,nan,nan,nan
25-Mar-25 12:17:30 PM AEST,24.0,nan,nan,nan,nan,nan,nan,nan,nan,nan,nan,nan
25-Mar-25 12:17:30 PM AEST,0.0,nan,nan,nan,nan,nan,nan,nan,nan,nan,nan,nan
25-Mar-25 12:18:25 PM AEST,nan,nan,nan,nan,nan,nan,nan,2.40,nan,nan,nan,nan
25-Mar-25 12:18:30 PM AEST,nan,nan,93.3,nan,0.60,3.41,nan,nan,nan,nan,14.20,nan
25-Mar-25 12:18:31 PM AEST,nan,nan,nan,nan,nan,nan,nan,nan,nan,84.70,nan,nan
25-Mar-25 12:18:35 PM AEST,nan,nan,nan,nan,nan,nan,nan,nan,317.80,nan,nan,nan
25-Mar-25 12:19:44 PM AEST,nan,0.2,nan,nan,nan,nan,0.20,nan,nan,nan,nan,nan
25-Mar-25 12:20:50 PM AEST,nan,nan,nan,nan,nan,nan,nan,11.23,nan,nan,nan,nan
25-Mar-25 12:21:00 PM AEST,nan,nan,23.6,nan,1.00,0.01,nan,nan,nan,nan,6552.80,nan
25-Mar-25 12:21:02 PM AEST,nan,nan,nan,nan,nan,nan,nan,nan,nan,6552.80,nan,nan
25-Mar-25 12:21:10 PM AEST,nan,nan,nan,nan,nan,nan,nan,nan,6552.80,nan,nan,nan
25-Mar-25 12:22:10 PM AEST,nan,0.0,nan,nan,nan,nan,0.00,nan,nan,nan,nan,nan
25-Mar-25 12:23:30 PM AEST,nan,nan,93.3,nan,0.60,3.41,nan,nan,nan,nan,14.20,nan
25-Mar-25 12:23:33 PM AEST,nan,nan,nan,nan,nan,nan,nan,nan,nan,84.70,nan,nan
25-Mar-25 12:23:45 PM AEST,nan,nan,nan,nan,nan,nan,nan,nan,317.80,nan,nan,nan
25-Mar-25 12:24:00 PM AEST,72.2,nan,nan,6552.80,nan,nan,nan,nan,nan,nan,nan,1.00
25-Mar-25 12:28:00 PM AEST,nan,nan,nan,nan,nan,nan,125.20,0.00,nan,nan,nan,nan
25-Mar-25 12:30:00 PM AEST,0.0,nan,nan,13.80,nan,nan,nan,nan,0.00,nan,nan,13.80
25-Mar-25 12:30:25 PM AEST,nan,nan,nan,nan,nan,nan,nan,0.02,nan,nan,nan,nan
25-Mar-25 12:30:26 PM AEST,nan,nan,nan,nan,nan,nan,0.00,nan,nan,nan,nan,nan
25-Mar-25 12:32:29 PM AEST,nan,nan,nan,6552.80,nan,nan,nan,nan,nan,nan,nan,1.00
25-Mar-25 12:32:30 PM AEST,72.2,nan,nan,nan,nan,nan,nan,nan,nan,nan,nan,nan
25-Mar-25 12:32:35 PM AEST,nan,nan,nan,nan,nan,nan,nan,nan,317.80,nan,nan,nan
25-Mar-25 12:32:50 PM AEST,nan,nan,nan,nan,nan,nan,nan,11.23,nan,nan,nan,nan
25-Mar-25 12:34:00 PM AEST,nan,nan,0.6,nan,14.20,0.14,nan,nan,nan,nan,nan,nan
25-Mar-25 12:36:30 PM AEST,nan,nan,93.3,nan,0.60,3.41,nan,nan,nan,nan,nan,nan
25-Mar-25 12:38:00 PM AEST,nan,nan,nan,nan,nan,nan,nan,0.00,nan,nan,nan,nan
25-Mar-25 12:40:25 PM AEST,nan,nan,nan,nan,nan,nan,nan,11.23,nan,nan,nan,nan
25-Mar-25 12:40:25 PM AEST,nan,nan,nan,nan,nan,nan,nan,0.00,nan,nan,nan,nan
25-Mar-25 12:42:00 PM AEST,24.0,97.5,23.6,0.20,72.20,65.53,125.20,nan,0.00,0.00,0.00,0.00
25-Mar-25 12:42:00 PM AEST,72.2,0.0,98.2,6552.80,0.60,3.41,0.00,nan,317.80,84.70,14.20,1.00
25-Mar-25 12:42:50 PM AEST,nan,nan,nan,nan,nan,nan,nan,11.23,nan,nan,nan,nan
25-Mar-25 12:44:26 PM AEST,nan,97.5,nan,nan,nan,nan,125.20,nan,nan,nan,nan,nan
25-Mar-25 12:44:26 PM AEST,nan,0.0,nan,nan,nan,nan,125.20,nan,nan,nan,nan,nan
25-Mar-25 12:44:29 PM AEST,nan,nan,nan,0.20,nan,nan,nan,nan,nan,nan,nan,13.80
25-Mar-25 12:44:29 PM AEST,nan,nan,nan,13.80,nan,nan,nan,nan,nan,nan,nan,13.80
25-Mar-25 12:44:30 PM AEST,24.0,nan,93.3,nan,72.20,65.53,nan,nan,nan,nan,0.00,nan
25-Mar-25 12:44:30 PM AEST,0.0,nan,23.6,nan,72.20,65.53,nan,nan,nan,nan,0.00,nan
25-Mar-25 12:44:31 PM AEST,nan,nan,nan,nan,nan,nan,nan,nan,nan,0.00,nan,nan
25-Mar-25 12:44:35 PM AEST,nan,nan,nan,nan,nan,nan,nan,nan,0.00,nan,nan,nan
25-Mar-25 12:45:15 PM AEST,nan,nan,nan,nan,nan,nan,nan,0.00,nan,nan,nan,nan
25-Mar-25 12:45:15 PM AEST,nan,nan,nan,nan,nan,nan,nan,0.02,nan,nan,nan,nan
25-Mar-25 12:46:52 PM AEST,nan,nan,nan,nan,nan,nan,0.00,nan,nan,nan,nan,nan
25-Mar-25 12:46:58 PM AEST,nan,nan,nan,0.00,nan,nan,nan,nan,nan,nan,nan,72.20
25-Mar-25 12:47:00 PM AEST,nan,nan,nan,nan,1.00,0.24,nan,nan,nan,nan,1.00,nan
25-Mar-25 12:47:02 PM AEST,nan,nan,nan,nan,nan,nan,nan,nan,nan,1.00,nan,nan
25-Mar-25 12:47:10 PM AEST,nan,nan,nan,nan,nan,nan,nan,nan,6552.80,nan,nan,nan
25-Mar-25 12:47:40 PM AEST,nan,nan,nan,nan,nan,nan,nan,11.23,nan,nan,nan,nan
25-Mar-25 12:49:30 PM AEST,nan,nan,nan,nan,0.60,3.41,nan,nan,nan,nan,14.20,nan
25-Mar-25 12:49:33 PM AEST,nan,nan,nan,nan,nan,nan,nan,nan,nan,84.70,nan,nan
25-Mar-25 12:49:45 PM AEST,nan,nan,nan,nan,nan,nan,nan,nan,317.80,nan,nan,nan
25-Mar-25 12:50:00 PM AEST,nan,nan,93.3,nan,nan,nan,nan,nan,nan,nan,nan,nan
25-Mar-25 12:52:00 PM AEST,72.2,nan,nan,6552.80,nan,nan,nan,nan,nan,nan,nan,1.00
25-Mar-25 12:52:20 PM AEST,nan,nan,nan,nan,nan,nan,nan,nan,0.00,nan,nan,nan
25-Mar-25 12:52:30 PM AEST,nan,nan,23.6,nan,nan,nan,nan,nan,nan,nan,nan,nan
25-Mar-25 12:54:00 PM AEST,nan,97.5,nan,nan,72.20,65.53,125.20,0.00,nan,0.00,0.00,nan
25-Mar-25 12:54:00 PM AEST,nan,0.0,nan,nan,1.00,0.24,0.00,11.23,nan,1.00,1.00,nan
25-Mar-25 12:54:29 PM AEST,nan,nan,nan,0.20,nan,nan,nan,nan,nan,nan,nan,0.00
25-Mar-25 12:54:29 PM AEST,nan,nan,nan,0.00,nan,nan,nan,nan,nan,nan,nan,72.20
25-Mar-25 12:54:30 PM AEST,24.0,nan,nan,nan,nan,nan,nan,nan,nan,nan,nan,nan
25-Mar-25 12:54:30 PM AEST,0.0,nan,nan,nan,nan,nan,nan,nan,nan,nan,nan,nan
25-Mar-25 12:54:55 PM AEST,nan,nan,nan,nan,nan,nan,nan,nan,6552.80,nan,nan,nan
25-Mar-25 12:55:00 PM AEST,nan,nan,84.7,nan,nan,nan,nan,nan,nan,nan,nan,nan
25-Mar-25 12:56:30 PM AEST,nan,nan,nan,nan,317.80,3.18,nan,nan,nan,nan,317.80,nan
25-Mar-25 12:56:31 PM AEST,nan,nan,nan,nan,nan,nan,nan,nan,nan,1.40,nan,nan
25-Mar-25 12:56:58 PM AEST,nan,nan,nan,6552.80,nan,nan,nan,nan,nan,nan,nan,1.00
25-Mar-25 12:57:00 PM AEST,72.2,nan,nan,nan,nan,nan,nan,nan,nan,nan,nan,nan
25-Mar-25 12:57:30 PM AEST,nan,nan,0.9,nan,nan,nan,nan,nan,1.40,nan,nan,nan
25-Mar-25 12:57:30 PM AEST,nan,nan,0.9,nan,nan,nan,nan,nan,23.60,nan,nan,nan
25-Mar-25 12:59:00 PM AEST,nan,nan,nan,nan,8.30,0.01,nan,nan,nan,nan,8.30,nan
25-Mar-25 12:59:00 PM AEST,nan,nan,nan,nan,72.20,65.53,nan,nan,nan,nan,0.00,nan
25-Mar-25 12:59:02 PM AEST,nan,nan,nan,nan,nan,nan,nan,nan,nan,8.30,nan,nan
25-Mar-25 12:59:02 PM AEST,nan,nan,nan,nan,nan,nan,nan,nan,nan,0.00,nan,nan
25-Mar-25 12:59:27 PM AEST,nan,nan,nan,0.20,nan,nan,nan,nan,nan,nan,nan,0.00
25-Mar-25 12:59:30 PM AEST,24.0,nan,nan,nan,nan,nan,nan,nan,nan,nan,nan,nan
25-Mar-25 1:00:00 PM AEST,nan,97.5,23.6,nan,nan,nan,125.20,0.00,nan,nan,nan,nan
25-Mar-25 1:00:05 PM AEST,nan,nan,nan,nan,nan,nan,nan,nan,0.00,nan,nan,nan
25-Mar-25 1:01:30 PM AEST,nan,nan,nan,nan,0.60,3.41,nan,nan,nan,nan,14.20,nan
25-Mar-25 1:01:33 PM AEST,nan,nan,nan,nan,nan,nan,nan,nan,nan,84.70,nan,nan
25-Mar-25 1:02:30 PM AEST,nan,nan,93.3,nan,nan,nan,nan,nan,nan,nan,nan,nan
25-Mar-25 1:02:40 PM AEST,nan,nan,nan,nan,nan,nan,nan,nan,317.80,nan,nan,nan
25-Mar-25 1:04:00 PM AEST,72.2,nan,nan,6552.80,nan,nan,nan,58.35,nan,nan,nan,1.00
25-Mar-25 1:05:15 PM AEST,nan,nan,nan,nan,nan,nan,nan,nan,0.00,nan,nan,nan
25-Mar-25 1:06:00 PM AEST,nan,51.1,nan,nan,nan,nan,51.10,nan,nan,0.00,0.00,nan
25-Mar-25 1:06:25 PM AEST,nan,nan,nan,nan,nan,nan,nan,1.38,nan,nan,nan,nan
25-Mar-25 1:06:29 PM AEST,nan,nan,nan,14.80,nan,nan,nan,nan,nan,nan,nan,14.80
25-Mar-25 1:06:30 PM AEST,51.1,nan,nan,nan,nan,nan,nan,nan,nan,nan,nan,nan
25-Mar-25 1:07:50 PM AEST,nan,nan,nan,nan,nan,nan,nan,nan,8.30,nan,nan,nan
25-Mar-25 1:08:00 PM AEST,nan,nan,1.4,nan,0.90,0.01,nan,nan,nan,nan,nan,nan
25-Mar-25 1:08:26 PM AEST,nan,0.0,nan,nan,nan,nan,0.00,nan,nan,nan,nan,nan
25-Mar-25 1:08:30 PM AEST,nan,nan,nan,nan,nan,nan,nan,nan,nan,nan,0.90,nan
25-Mar-25 1:08:31 PM AEST,nan,nan,nan,nan,nan,nan,nan,nan,nan,8.30,nan,nan
25-Mar-25 1:08:50 PM AEST,nan,nan,nan,nan,nan,nan,nan,11.23,nan,nan,nan,nan
25-Mar-25 1:08:58 PM AEST,nan,nan,nan,6552.80,nan,nan,nan,nan,nan,nan,nan,1.00
25-Mar-25 1:09:00 PM AEST,72.2,nan,nan,nan,nan,nan,nan,nan,nan,nan,nan,nan
25-Mar-25 1:10:25 PM AEST,nan,nan,nan,nan,nan,nan,nan,nan,317.80,nan,nan,nan
25-Mar-25 1:10:30 PM AEST,nan,nan,93.3,nan,0.60,3.41,nan,nan,nan,nan,nan,nan
25-Mar-25 1:11:00 PM AEST,nan,nan,nan,nan,nan,nan,nan,nan,nan,nan,14.20,nan
25-Mar-25 1:11:02 PM AEST,nan,nan,nan,nan,nan,nan,nan,nan,nan,84.70,nan,nan
25-Mar-25 1:14:00 PM AEST,24.0,24.0,nan,0.20,nan,nan,24.00,9.75,nan,nan,nan,nan
25-Mar-25 1:16:00 PM AEST,nan,nan,nan,nan,72.20,65.53,nan,nan,0.00,0.00,0.00,nan
25-Mar-25 1:16:25 PM AEST,nan,nan,nan,nan,nan,nan,nan,1.48,nan,nan,nan,nan
25-Mar-25 1:16:26 PM AEST,nan,112.3,nan,nan,nan,nan,112.30,nan,nan,nan,nan,nan
25-Mar-25 1:16:29 PM AEST,nan,nan,nan,0.00,nan,nan,nan,nan,nan,nan,nan,nan
25-Mar-25 1:16:30 PM AEST,112.3,nan,nan,nan,nan,nan,nan,nan,nan,nan,nan,nan
25-Mar-25 1:18:00 PM AEST,nan,nan,nan,nan,nan,nan,nan,nan,nan,nan,nan,0.00
25-Mar-25 1:18:30 PM AEST,nan,nan,nan,nan,0.60,3.41,nan,nan,nan,nan,14.20,nan
25-Mar-25 1:18:31 PM AEST,nan,nan,nan,nan,nan,nan,nan,nan,nan,84.70,nan,nan
25-Mar-25 1:18:35 PM AEST,nan,nan,nan,nan,nan,nan,nan,nan,317.80,nan,nan,nan
25-Mar-25 1:18:50 PM AEST,nan,nan,nan,nan,nan,nan,nan,11.23,nan,nan,nan,nan
25-Mar-25 1:18:52 PM AEST,nan,0.0,nan,nan,nan,nan,0.00,nan,nan,nan,nan,nan
25-Mar-25 1:18:58 PM AEST,nan,nan,nan,6552.80,nan,nan,nan,nan,nan,nan,nan,nan
25-Mar-25 1:19:00 PM AEST,72.2,nan,nan,nan,nan,nan,nan,nan,nan,nan,nan,nan
25-Mar-25 1:20:29 PM AEST,nan,nan,nan,nan,nan,nan,nan,nan,nan,nan,nan,1.00
25-Mar-25 1:24:00 PM AEST,24.0,97.5,nan,0.20,nan,nan,125.20,0.00,nan,nan,nan,0.00
25-Mar-25 1:26:00 PM AEST,nan,nan,23.6,nan,nan,65.53,nan,nan,nan,nan,nan,nan
25-Mar-25 1:26:25 PM AEST,nan,nan,nan,nan,nan,nan,nan,11.23,nan,nan,nan,nan
25-Mar-25 1:26:26 PM AEST,nan,0.0,nan,nan,nan,nan,112.30,nan,nan,nan,nan,nan
25-Mar-25 1:26:29 PM AEST,nan,nan,nan,6552.80,nan,nan,nan,nan,nan,nan,nan,1.00
25-Mar-25 1:26:29 PM AEST,nan,nan,nan,0.00,nan,nan,nan,nan,nan,nan,nan,0.00
25-Mar-25 1:26:30 PM AEST,0.0,nan,nan,nan,nan,nan,nan,nan,nan,nan,nan,nan
25-Mar-25 1:28:00 PM AEST,nan,nan,nan,nan,72.20,nan,nan,nan,0.00,72.20,72.20,nan
25-Mar-25 1:28:00 PM AEST,nan,nan,nan,nan,72.20,nan,nan,nan,0.00,0.00,0.00,nan
25-Mar-25 1:28:50 PM AEST,nan,nan,nan,nan,nan,nan,nan,2.40,nan,nan,nan,nan
25-Mar-25 1:28:52 PM AEST,nan,0.2,nan,nan,nan,nan,24.00,nan,nan,nan,nan,nan
25-Mar-25 1:28:58 PM AEST,nan,nan,nan,0.20,nan,nan,nan,nan,nan,nan,nan,nan
25-Mar-25 1:29:00 PM AEST,0.2,nan,nan,nan,nan,nan,nan,nan,nan,nan,nan,nan
25-Mar-25 1:31:15 PM AEST,nan,nan,nan,nan,nan,nan,nan,0.00,nan,nan,nan,nan
25-Mar-25 1:31:18 PM AEST,nan,97.5,nan,nan,nan,nan,125.20,nan,nan,nan,nan,nan
25-Mar-25 1:31:27 PM AEST,nan,nan,nan,6552.80,nan,nan,nan,nan,nan,nan,nan,nan
25-Mar-25 1:31:30 PM AEST,24.0,nan,nan,nan,nan,nan,nan,nan,nan,nan,nan,nan
25-Mar-25 1:31:30 PM AEST,72.2,nan,nan,nan,nan,nan,nan,nan,nan,nan,nan,nan
25-Mar-25 1:32:00 PM AEST,nan,nan,93.3,nan,0.60,3.41,nan,nan,317.80,84.70,14.20,1.00
25-Mar-25 1:33:40 PM AEST,nan,nan,nan,nan,nan,nan,nan,11.23,nan,nan,nan,nan
25-Mar-25 1:33:44 PM AEST,nan,0.0,nan,nan,nan,nan,0.00,nan,nan,nan,nan,nan
25-Mar-25 1:36:05 PM AEST,nan,nan,nan,nan,nan,nan,nan,0.00,nan,nan,nan,nan
25-Mar-25 1:36:10 PM AEST,nan,97.5,nan,nan,nan,nan,125.20,nan,nan,nan,nan,nan
25-Mar-25 1:38:00 PM AEST,24.0,nan,0.6,0.20,14.20,0.14,nan,nan,0.00,0.00,0.00,0.00
25-Mar-25 1:38:00 PM AEST,72.2,nan,0.6,6552.80,14.20,0.14,nan,nan,317.80,84.70,14.20,1.00
25-Mar-25 1:38:30 PM AEST,nan,nan,nan,nan,nan,nan,nan,11.23,nan,nan,nan,nan
25-Mar-25 1:38:36 PM AEST,nan,0.0,nan,nan,nan,nan,0.00,nan,nan,nan,nan,nan
25-Mar-25 1:40:30 PM AEST,nan,nan,317.8,nan,1.40,3.18,nan,nan,nan,nan,1.40,nan
25-Mar-25 1:40:31 PM AEST,nan,nan,nan,nan,nan,nan,nan,nan,nan,1.40,nan,nan
25-Mar-25 1:40:35 PM AEST,nan,nan,nan,nan,nan,nan,nan,nan,0.90,nan,nan,nan
25-Mar-25 1:43:00 PM AEST,nan,nan,93.3,nan,0.60,3.41,nan,nan,nan,nan,14.20,nan
25-Mar-25 1:43:02 PM AEST,nan,nan,nan,nan,nan,nan,nan,nan,nan,84.70,nan,nan
25-Mar-25 1:43:10 PM AEST,nan,nan,nan,nan,nan,nan,nan,nan,317.80,nan,nan,nan
25-Mar-25 1:46:00 PM AEST,24.0,24.0,nan,0.20,nan,nan,24.00,9.75,nan,nan,nan,0.00
25-Mar-25 1:48:00 PM AEST,nan,nan,nan,nan,72.20,65.53,nan,nan,0.00,0.00,0.00,nan
25-Mar-25 1:48:25 PM AEST,nan,nan,nan,nan,nan,nan,nan,58.35,nan,nan,nan,nan
25-Mar-25 1:48:26 PM AEST,nan,97.5,nan,nan,nan,nan,125.20,nan,nan,nan,nan,nan
25-Mar-25 1:50:00 PM AEST,14.8,nan,nan,14.80,nan,nan,nan,nan,nan,nan,nan,112.30
25-Mar-25 1:50:30 PM AEST,nan,nan,nan,nan,0.60,3.41,nan,nan,nan,nan,nan,nan
25-Mar-25 1:50:30 PM AEST,nan,nan,nan,nan,72.20,65.53,nan,nan,nan,nan,nan,nan
25-Mar-25 1:50:50 PM AEST,nan,nan,nan,nan,nan,nan,nan,5.11,nan,nan,nan,nan
25-Mar-25 1:50:50 PM AEST,nan,nan,nan,nan,nan,nan,nan,58.35,nan,nan,nan,nan
25-Mar-25 1:50:52 PM AEST,nan,14.8,nan,nan,nan,nan,51.10,nan,nan,nan,nan,nan
25-Mar-25 1:50:52 PM AEST,nan,97.5,nan,nan,nan,nan,125.20,nan,nan,nan,nan,nan
25-Mar-25 1:52:00 PM AEST,nan,nan,23.6,nan,nan,nan,nan,nan,nan,nan,nan,nan
25-Mar-25 1:52:29 PM AEST,nan,nan,nan,0.20,nan,nan,nan,nan,nan,nan,nan,0.00
25-Mar-25 1:52:30 PM AEST,24.0,nan,nan,nan,nan,nan,nan,nan,nan,nan,nan,nan
25-Mar-25 1:53:00 PM AEST,nan,nan,nan,nan,0.60,3.41,nan,nan,nan,nan,nan,nan
25-Mar-25 1:53:15 PM AEST,nan,nan,nan,nan,nan,nan,nan,0.00,nan,nan,nan,nan
25-Mar-25 1:53:18 PM AEST,nan,13.8,nan,nan,nan,nan,13.80,nan,nan,nan,nan,nan
25-Mar-25 1:54:30 PM AEST,nan,nan,93.3,nan,nan,nan,nan,nan,nan,nan,nan,nan
25-Mar-25 1:54:58 PM AEST,nan,nan,nan,51.10,nan,nan,nan,nan,nan,nan,nan,51.10
25-Mar-25 1:55:00 PM AEST,51.1,nan,nan,nan,nan,nan,nan,nan,nan,nan,nan,nan
25-Mar-25 1:55:30 PM AEST,nan,nan,nan,nan,23.60,0.24,nan,nan,nan,nan,nan,nan
25-Mar-25 1:55:40 PM AEST,nan,nan,nan,nan,nan,nan,nan,11.23,nan,nan,nan,nan
25-Mar-25 1:55:44 PM AEST,nan,0.0,nan,nan,nan,nan,0.00,nan,nan,nan,nan,nan
25-Mar-25 1:56:00 PM AEST,nan,nan,nan,nan,nan,nan,nan,nan,1.00,1.00,23.60,nan
25-Mar-25 1:57:00 PM AEST,nan,nan,8.3,nan,nan,nan,nan,nan,nan,nan,nan,nan
25-Mar-25 1:57:00 PM AEST,nan,nan,23.6,nan,nan,nan,nan,nan,nan,nan,nan,nan
25-Mar-25 1:57:27 PM AEST,nan,nan,nan,72.20,nan,nan,nan,nan,nan,nan,nan,72.20
25-Mar-25 1:57:27 PM AEST,nan,nan,nan,13.80,nan,nan,nan,nan,nan,nan,nan,51.10
25-Mar-25 1:57:30 PM AEST,72.2,nan,nan,nan,nan,nan,nan,nan,nan,nan,nan,nan
25-Mar-25 1:57:30 PM AEST,13.8,nan,nan,nan,nan,nan,nan,nan,nan,nan,nan,nan
25-Mar-25 1:58:00 PM AEST,nan,nan,nan,nan,72.20,65.53,nan,nan,nan,nan,nan,nan
25-Mar-25 1:58:05 PM AEST,nan,nan,nan,nan,nan,nan,nan,0.00,nan,nan,nan,nan
25-Mar-25 1:58:10 PM AEST,nan,13.8,nan,nan,nan,nan,nan,nan,nan,nan,nan,nan
25-Mar-25 1:58:30 PM AEST,nan,nan,nan,nan,nan,nan,nan,nan,nan,nan,0.00,nan
25-Mar-25 1:58:31 PM AEST,nan,nan,nan,nan,nan,nan,nan,nan,nan,0.00,nan,nan
25-Mar-25 1:58:35 PM AEST,nan,nan,nan,nan,nan,nan,nan,nan,0.00,nan,nan,nan
25-Mar-25 1:59:56 PM AEST,nan,nan,nan,0.20,nan,nan,nan,nan,nan,nan,nan,0.00
25-Mar-25 2:00:00 PM AEST,24.0,nan,nan,nan,nan,nan,125.20,nan,nan,nan,nan,nan
25-Mar-25 2:00:30 PM AEST,nan,nan,nan,nan,0.60,3.41,nan,nan,nan,nan,nan,nan
25-Mar-25 2:00:36 PM AEST,nan,97.5,nan,nan,nan,nan,nan,nan,nan,nan,nan,nan
25-Mar-25 2:00:36 PM AEST,nan,0.0,nan,nan,nan,nan,nan,nan,nan,nan,nan,nan
25-Mar-25 2:01:00 PM AEST,nan,nan,nan,nan,nan,nan,nan,nan,nan,nan,14.20,nan
25-Mar-25 2:01:00 PM AEST,nan,nan,nan,nan,nan,nan,nan,nan,nan,nan,0.00,nan
25-Mar-25 2:01:02 PM AEST,nan,nan,nan,nan,nan,nan,nan,nan,nan,84.70,nan,nan
25-Mar-25 2:01:02 PM AEST,nan,nan,nan,nan,nan,nan,nan,nan,nan,0.00,nan,nan
25-Mar-25 2:01:10 PM AEST,nan,nan,nan,nan,nan,nan,nan,nan,317.80,nan,nan,nan
25-Mar-25 2:01:10 PM AEST,nan,nan,nan,nan,nan,nan,nan,nan,0.00,nan,nan,nan
25-Mar-25 2:02:00 PM AEST,nan,nan,93.3,nan,nan,nan,nan,11.23,nan,nan,nan,nan
25-Mar-25 2:02:00 PM AEST,nan,nan,23.6,nan,nan,nan,nan,0.00,nan,nan,nan,nan
25-Mar-25 2:02:25 PM AEST,nan,nan,nan,6552.80,nan,nan,nan,nan,nan,nan,nan,1.00
25-Mar-25 2:02:25 PM AEST,nan,nan,nan,0.20,nan,nan,nan,nan,nan,nan,nan,0.00
25-Mar-25 2:02:26 PM AEST,nan,nan,nan,nan,nan,nan,0.00,nan,nan,nan,nan,nan
25-Mar-25 2:02:26 PM AEST,nan,nan,nan,nan,nan,nan,125.20,nan,nan,nan,nan,nan
25-Mar-25 2:02:30 PM AEST,72.2,nan,nan,nan,nan,nan,nan,nan,nan,nan,nan,nan
25-Mar-25 2:02:30 PM AEST,24.0,nan,nan,nan,nan,nan,nan,nan,nan,nan,nan,nan
25-Mar-25 2:03:00 PM AEST,nan,nan,nan,nan,72.20,65.53,nan,nan,nan,nan,nan,nan
25-Mar-25 2:03:00 PM AEST,nan,nan,nan,nan,0.60,3.41,nan,nan,nan,nan,nan,nan
25-Mar-25 2:03:02 PM AEST,nan,97.5,nan,nan,nan,nan,nan,nan,nan,nan,nan,nan
25-Mar-25 2:03:30 PM AEST,nan,nan,nan,nan,nan,nan,nan,nan,nan,nan,14.20,nan
25-Mar-25 2:03:33 PM AEST,nan,nan,nan,nan,nan,nan,nan,nan,nan,84.70,nan,nan
25-Mar-25 2:03:45 PM AEST,nan,nan,nan,nan,nan,nan,nan,nan,317.80,nan,nan,nan
25-Mar-25 2:04:30 PM AEST,nan,nan,93.3,nan,nan,nan,nan,nan,nan,nan,nan,nan
25-Mar-25 2:08:00 PM AEST,72.2,0.0,nan,6552.80,nan,nan,0.00,nan,nan,nan,nan,1.00
25-Mar-25 2:10:00 PM AEST,nan,nan,nan,nan,nan,nan,nan,nan,0.00,0.00,nan,nan
25-Mar-25 2:10:26 PM AEST,nan,51.1,nan,nan,nan,nan,51.10,nan,nan,nan,nan,nan
25-Mar-25 2:10:29 PM AEST,nan,nan,nan,14.80,nan,nan,nan,nan,nan,nan,nan,14.80
25-Mar-25 2:10:30 PM AEST,51.1,nan,nan,nan,nan,nan,nan,nan,nan,nan,nan,nan
25-Mar-25 2:12:00 PM AEST,nan,nan,23.6,nan,72.20,65.53,nan,1.38,nan,nan,0.00,nan
25-Mar-25 2:12:00 PM AEST,nan,nan,23.6,nan,72.20,65.53,nan,12.52,nan,nan,0.00,nan
25-Mar-25 2:12:52 PM AEST,nan,97.5,nan,nan,nan,nan,125.20,nan,nan,nan,nan,nan
25-Mar-25 2:12:58 PM AEST,nan,nan,nan,0.20,nan,nan,nan,nan,nan,nan,nan,0.00
25-Mar-25 2:13:00 PM AEST,24.0,nan,nan,nan,nan,nan,nan,nan,nan,nan,nan,nan
25-Mar-25 2:14:25 PM AEST,nan,nan,nan,nan,nan,nan,nan,5.11,nan,nan,nan,nan
25-Mar-25 2:14:30 PM AEST,nan,nan,93.3,nan,nan,3.41,nan,nan,nan,nan,nan,nan
25-Mar-25 2:15:18 PM AEST,nan,14.8,nan,nan,nan,nan,51.10,nan,nan,nan,nan,nan
25-Mar-25 2:15:27 PM AEST,nan,nan,nan,14.80,nan,nan,nan,nan,nan,nan,nan,112.30
25-Mar-25 2:15:30 PM AEST,14.8,nan,nan,nan,nan,nan,nan,nan,nan,nan,nan,nan
25-Mar-25 2:16:50 PM AEST,nan,nan,nan,nan,nan,nan,nan,11.23,nan,nan,nan,nan
25-Mar-25 2:17:00 PM AEST,nan,nan,0.9,nan,nan,0.01,nan,nan,nan,nan,nan,nan
25-Mar-25 2:17:44 PM AEST,nan,0.0,nan,nan,nan,nan,0.00,nan,nan,nan,nan,nan
25-Mar-25 2:17:56 PM AEST,nan,nan,nan,6552.80,nan,nan,nan,nan,nan,nan,nan,1.00
25-Mar-25 2:17:56 PM AEST,nan,nan,nan,0.00,nan,nan,nan,nan,nan,nan,nan,0.00
25-Mar-25 2:18:00 PM AEST,72.2,nan,nan,nan,8.30,nan,nan,nan,23.60,8.30,8.30,nan
25-Mar-25 2:18:00 PM AEST,0.0,nan,nan,nan,72.20,nan,nan,nan,0.00,0.00,0.00,nan
25-Mar-25 2:19:15 PM AEST,nan,nan,nan,nan,nan,nan,nan,2.40,nan,nan,nan,nan
25-Mar-25 2:19:30 PM AEST,nan,nan,23.6,nan,nan,65.53,nan,nan,nan,nan,nan,nan
25-Mar-25 2:20:10 PM AEST,nan,0.2,nan,nan,nan,nan,0.20,nan,nan,nan,nan,nan
25-Mar-25 2:20:30 PM AEST,nan,nan,nan,nan,nan,nan,nan,nan,nan,nan,72.20,nan
25-Mar-25 2:20:31 PM AEST,nan,nan,nan,nan,nan,nan,nan,nan,nan,72.20,nan,nan
25-Mar-25 2:21:40 PM AEST,nan,nan,nan,nan,nan,nan,nan,11.23,nan,nan,nan,nan
25-Mar-25 2:22:36 PM AEST,nan,0.0,nan,nan,nan,nan,112.30,nan,nan,nan,nan,nan
25-Mar-25 2:23:00 PM AEST,nan,nan,nan,nan,nan,nan,nan,nan,nan,nan,1.40,nan
25-Mar-25 2:23:02 PM AEST,nan,nan,nan,nan,nan,nan,nan,nan,nan,1.40,nan,nan
25-Mar-25 2:24:00 PM AEST,72.2,nan,317.8,6552.80,1.40,3.18,nan,nan,0.90,nan,nan,1.00
25-Mar-25 2:24:00 PM AEST,24.0,nan,23.6,0.20,72.20,65.53,nan,nan,0.00,nan,nan,0.00
25-Mar-25 2:24:05 PM AEST,nan,nan,nan,nan,nan,nan,nan,0.00,nan,nan,nan,nan
25-Mar-25 2:25:02 PM AEST,nan,97.5,nan,nan,nan,nan,0.00,nan,nan,nan,nan,nan
25-Mar-25 2:25:02 PM AEST,nan,51.1,nan,nan,nan,nan,125.20,nan,nan,nan,nan,nan
25-Mar-25 2:25:02 PM AEST,nan,51.1,nan,nan,nan,nan,51.10,nan,nan,nan,nan,nan
25-Mar-25 2:25:30 PM AEST,nan,nan,nan,nan,nan,nan,nan,nan,nan,nan,0.00,nan
25-Mar-25 2:25:33 PM AEST,nan,nan,nan,nan,nan,nan,nan,nan,nan,0.00,nan,nan
25-Mar-25 2:26:29 PM AEST,nan,nan,nan,14.80,nan,nan,nan,nan,nan,nan,nan,14.80
25-Mar-25 2:26:30 PM AEST,51.1,nan,93.3,nan,0.60,3.41,nan,1.38,nan,nan,nan,nan
25-Mar-25 2:26:35 PM AEST,nan,nan,nan,nan,nan,nan,nan,nan,317.80,nan,nan,nan
25-Mar-25 2:27:28 PM AEST,nan,0.0,nan,nan,nan,nan,0.00,nan,nan,nan,nan,nan
25-Mar-25 2:28:00 PM AEST,nan,nan,nan,nan,nan,nan,nan,nan,nan,nan,14.20,nan
25-Mar-25 2:28:04 PM AEST,nan,nan,nan,nan,nan,nan,nan,nan,nan,84.70,nan,nan
25-Mar-25 2:28:55 PM AEST,nan,nan,nan,nan,nan,nan,nan,11.23,nan,nan,nan,nan
25-Mar-25 2:28:58 PM AEST,nan,nan,nan,6552.80,nan,nan,nan,nan,nan,nan,nan,1.00
25-Mar-25 2:29:00 PM AEST,72.2,nan,98.2,nan,nan,nan,nan,nan,nan,nan,nan,nan
25-Mar-25 2:31:30 PM AEST,nan,nan,93.3,nan,nan,nan,nan,nan,nan,nan,nan,nan
25-Mar-25 2:34:00 PM AEST,24.0,97.5,nan,nan,nan,nan,125.20,12.52,nan,nan,nan,nan
25-Mar-25 2:36:25 PM AEST,nan,nan,nan,nan,nan,nan,nan,11.23,nan,nan,nan,nan
25-Mar-25 2:36:26 PM AEST,nan,0.0,nan,nan,nan,nan,0.00,nan,nan,nan,nan,nan
25-Mar-25 2:36:26 PM AEST,nan,97.5,nan,nan,nan,nan,125.20,nan,nan,nan,nan,nan
25-Mar-25 2:36:30 PM AEST,72.2,nan,nan,nan,nan,nan,nan,nan,nan,nan,nan,nan
25-Mar-25 2:36:30 PM AEST,24.0,nan,nan,nan,nan,nan,nan,nan,nan,nan,nan,nan
25-Mar-25 2:38:00 PM AEST,nan,nan,23.6,0.20,72.20,65.53,nan,nan,0.00,0.00,0.00,0.00
25-Mar-25 2:38:00 PM AEST,nan,nan,93.3,6552.80,0.60,3.41,nan,nan,317.80,84.70,14.20,1.00
25-Mar-25 2:38:50 PM AEST,nan,nan,nan,nan,nan,nan,nan,0.00,nan,nan,nan,nan
25-Mar-25 2:38:50 PM AEST,nan,nan,nan,nan,nan,nan,nan,11.23,nan,nan,nan,nan
25-Mar-25 2:38:52 PM AEST,nan,0.0,nan,nan,nan,nan,0.00,nan,nan,nan,nan,nan
25-Mar-25 2:39:00 PM AEST,72.2,nan,nan,nan,nan,nan,nan,nan,nan,nan,nan,nan
25-Mar-25 2:41:15 PM AEST,nan,nan,nan,nan,nan,nan,nan,0.00,nan,nan,nan,nan
25-Mar-25 2:41:18 PM AEST,nan,97.5,nan,nan,nan,nan,125.20,nan,nan,nan,nan,nan
25-Mar-25 2:41:30 PM AEST,24.0,nan,nan,nan,nan,nan,nan,nan,nan,nan,nan,nan
25-Mar-25 2:43:40 PM AEST,nan,nan,nan,nan,nan,nan,nan,11.23,nan,nan,nan,nan
25-Mar-25 2:43:40 PM AEST,nan,nan,nan,nan,nan,nan,nan,1.48,nan,nan,nan,nan
25-Mar-25 2:43:44 PM AEST,nan,0.0,nan,nan,nan,nan,0.00,nan,nan,nan,nan,nan
25-Mar-25 2:43:44 PM AEST,nan,112.3,nan,nan,nan,nan,112.30,nan,nan,nan,nan,nan
25-Mar-25 2:44:00 PM AEST,72.2,nan,23.6,0.00,72.20,65.53,nan,nan,0.00,0.00,0.00,0.00
25-Mar-25 2:44:00 PM AEST,112.3,nan,23.6,0.00,72.20,65.53,nan,nan,0.00,0.00,0.00,0.00
25-Mar-25 2:46:05 PM AEST,nan,nan,nan,nan,nan,nan,nan,11.23,nan,nan,nan,nan
25-Mar-25 2:46:10 PM AEST,nan,0.0,nan,nan,nan,nan,0.00,nan,nan,nan,nan,nan
25-Mar-25 2:46:29 PM AEST,nan,nan,nan,6552.80,nan,nan,nan,nan,nan,nan,nan,1.00
25-Mar-25 2:46:30 PM AEST,72.2,nan,93.3,nan,0.60,3.41,nan,nan,nan,nan,14.20,nan
25-Mar-25 2:46:31 PM AEST,nan,nan,nan,nan,nan,nan,nan,nan,nan,84.70,nan,nan
25-Mar-25 2:46:35 PM AEST,nan,nan,nan,nan,nan,nan,nan,nan,317.80,nan,nan,nan
25-Mar-25 2:52:00 PM AEST,nan,97.5,nan,nan,nan,nan,125.20,0.00,nan,nan,nan,nan
25-Mar-25 2:54:00 PM AEST,24.0,nan,nan,0.20,nan,nan,nan,nan,0.00,0.00,nan,0.00
25-Mar-25 2:56:00 PM AEST,nan,0.0,nan,nan,nan,nan,0.00,nan,nan,nan,nan,nan
25-Mar-25 2:56:29 PM AEST,nan,nan,nan,6552.80,nan,nan,nan,nan,nan,nan,nan,1.00
25-Mar-25 2:56:30 PM AEST,72.2,nan,nan,nan,nan,nan,nan,nan,nan,nan,nan,nan
25-Mar-25 2:56:31 PM AEST,nan,nan,nan,nan,nan,nan,nan,nan,nan,84.70,nan,nan
25-Mar-25 2:56:35 PM AEST,nan,nan,nan,nan,nan,nan,nan,nan,317.80,nan,nan,nan
25-Mar-25 2:58:00 PM AEST,nan,nan,nan,nan,nan,nan,nan,2.40,nan,nan,nan,nan
25-Mar-25 2:58:26 PM AEST,nan,0.2,nan,nan,nan,nan,0.20,nan,nan,nan,nan,nan
25-Mar-25 2:58:58 PM AEST,nan,nan,nan,0.00,nan,nan,nan,nan,nan,nan,nan,0.00
25-Mar-25 2:59:00 PM AEST,0.0,nan,nan,nan,nan,nan,nan,nan,nan,nan,nan,nan
25-Mar-25 2:59:02 PM AEST,nan,nan,nan,nan,nan,nan,nan,nan,nan,0.00,nan,nan
25-Mar-25 2:59:10 PM AEST,nan,nan,nan,nan,nan,nan,nan,nan,0.00,nan,nan,nan
25-Mar-25 3:00:00 PM AEST,nan,nan,23.6,nan,72.20,65.53,nan,nan,nan,nan,0.00,nan
25-Mar-25 3:00:00 PM AEST,nan,nan,0.9,nan,8.30,0.08,nan,nan,nan,nan,23.60,nan
25-Mar-25 3:00:25 PM AEST,nan,nan,nan,nan,nan,nan,nan,0.00,nan,nan,nan,nan
25-Mar-25 3:00:25 PM AEST,nan,nan,nan,nan,nan,nan,nan,11.23,nan,nan,nan,nan
25-Mar-25 3:00:52 PM AEST,nan,97.5,nan,nan,nan,nan,125.20,nan,nan,nan,nan,nan
25-Mar-25 3:00:52 PM AEST,nan,0.0,nan,nan,nan,nan,0.00,nan,nan,nan,nan,nan
25-Mar-25 3:01:27 PM AEST,nan,nan,nan,0.20,nan,nan,nan,nan,nan,nan,nan,6552.80
25-Mar-25 3:01:27 PM AEST,nan,nan,nan,6552.80,nan,nan,nan,nan,nan,nan,nan,51.10
25-Mar-25 3:01:27 PM AEST,nan,nan,nan,13.80,nan,nan,nan,nan,nan,nan,nan,51.10
25-Mar-25 3:01:30 PM AEST,24.0,nan,nan,nan,nan,nan,nan,nan,nan,nan,nan,nan
25-Mar-25 3:01:30 PM AEST,72.2,nan,nan,nan,nan,nan,nan,nan,nan,nan,nan,nan
25-Mar-25 3:01:30 PM AEST,13.8,nan,nan,nan,nan,nan,nan,nan,nan,nan,nan,nan
25-Mar-25 3:01:33 PM AEST,nan,nan,nan,nan,nan,nan,nan,nan,nan,23.60,nan,nan
25-Mar-25 3:01:33 PM AEST,nan,nan,nan,nan,nan,nan,nan,nan,nan,0.00,nan,nan
25-Mar-25 3:01:45 PM AEST,nan,nan,nan,nan,nan,nan,nan,nan,23.60,nan,nan,nan
25-Mar-25 3:01:45 PM AEST,nan,nan,nan,nan,nan,nan,nan,nan,0.00,nan,nan,nan
25-Mar-25 3:02:30 PM AEST,nan,nan,23.6,nan,72.20,65.53,nan,nan,nan,nan,0.00,nan
25-Mar-25 3:02:50 PM AEST,nan,nan,nan,nan,nan,nan,nan,0.00,nan,nan,nan,nan
25-Mar-25 3:03:18 PM AEST,nan,13.8,nan,nan,nan,nan,nan,nan,nan,nan,nan,nan
25-Mar-25 3:03:56 PM AEST,nan,nan,nan,nan,nan,nan,nan,nan,nan,nan,nan,72.20
25-Mar-25 3:04:04 PM AEST,nan,nan,nan,nan,nan,nan,nan,nan,nan,1.00,nan,nan
25-Mar-25 3:04:20 PM AEST,nan,nan,nan,nan,nan,nan,nan,nan,1.00,nan,nan,nan
25-Mar-25 3:05:00 PM AEST,nan,nan,8.3,nan,23.60,0.24,nan,nan,nan,nan,23.60,nan
25-Mar-25 3:05:15 PM AEST,nan,nan,nan,nan,nan,nan,nan,11.23,nan,nan,nan,nan
25-Mar-25 3:05:44 PM AEST,nan,0.0,nan,nan,nan,nan,nan,nan,nan,nan,nan,nan
25-Mar-25 3:06:00 PM AEST,72.2,nan,nan,72.20,nan,nan,nan,nan,nan,nan,nan,nan
25-Mar-25 3:06:35 PM AEST,nan,nan,nan,nan,nan,nan,nan,nan,nan,84.70,nan,nan
25-Mar-25 3:06:55 PM AEST,nan,nan,nan,nan,nan,nan,nan,nan,317.80,nan,nan,nan
25-Mar-25 3:07:30 PM AEST,nan,nan,0.6,nan,14.20,0.14,nan,nan,nan,nan,14.20,nan
25-Mar-25 3:07:30 PM AEST,nan,nan,23.6,nan,14.20,0.24,nan,nan,nan,nan,14.20,nan
25-Mar-25 3:08:00 PM AEST,nan,nan,nan,nan,nan,nan,nan,nan,nan,nan,nan,1.00
25-Mar-25 3:08:29 PM AEST,nan,nan,nan,6552.80,nan,nan,nan,nan,nan,nan,nan,nan
25-Mar-25 3:08:29 PM AEST,nan,nan,nan,0.00,nan,nan,nan,nan,nan,nan,nan,nan
25-Mar-25 3:08:30 PM AEST,0.0,nan,nan,nan,nan,nan,nan,nan,nan,nan,nan,nan
25-Mar-25 3:09:06 PM AEST,nan,nan,nan,nan,nan,nan,nan,nan,nan,1.00,nan,nan
25-Mar-25 3:09:30 PM AEST,nan,nan,nan,nan,nan,nan,nan,nan,6552.80,nan,nan,nan
25-Mar-25 3:09:30 PM AEST,nan,nan,nan,nan,nan,nan,nan,nan,0.00,nan,nan,nan
25-Mar-25 3:10:00 PM AEST,nan,97.5,nan,nan,1.00,65.53,125.20,0.00,nan,nan,1.00,nan
25-Mar-25 3:10:00 PM AEST,nan,97.5,nan,nan,72.20,65.53,125.20,0.00,nan,nan,0.00,nan
25-Mar-25 3:10:29 PM AEST,nan,nan,nan,nan,nan,nan,nan,nan,nan,nan,nan,72.20
25-Mar-25 3:10:29 PM AEST,nan,nan,nan,nan,nan,nan,nan,nan,nan,nan,nan,0.00
25-Mar-25 3:10:58 PM AEST,nan,nan,nan,0.20,nan,nan,nan,nan,nan,nan,nan,nan
25-Mar-25 3:11:00 PM AEST,24.0,nan,nan,nan,nan,nan,nan,nan,nan,nan,nan,nan
25-Mar-25 3:11:37 PM AEST,nan,nan,nan,nan,nan,nan,nan,nan,nan,0.00,nan,nan
25-Mar-25 3:11:37 PM AEST,nan,nan,nan,nan,nan,nan,nan,nan,nan,84.70,nan,nan
25-Mar-25 3:12:00 PM AEST,nan,nan,93.3,nan,nan,nan,nan,nan,nan,nan,nan,nan
25-Mar-25 3:12:05 PM AEST,nan,nan,nan,nan,nan,nan,nan,nan,317.80,nan,nan,nan
25-Mar-25 3:12:30 PM AEST,nan,nan,nan,nan,0.60,3.41,nan,nan,nan,nan,14.20,nan
25-Mar-25 3:13:27 PM AEST,nan,nan,nan,6552.80,nan,nan,nan,nan,nan,nan,nan,nan
25-Mar-25 3:13:30 PM AEST,72.2,nan,nan,nan,nan,nan,nan,nan,nan,nan,nan,nan
25-Mar-25 3:14:00 PM AEST,nan,0.0,nan,nan,nan,nan,0.00,11.23,nan,nan,nan,1.00
25-Mar-25 3:15:56 PM AEST,nan,nan,nan,0.20,nan,nan,nan,nan,nan,nan,nan,nan
25-Mar-25 3:16:00 PM AEST,24.0,nan,nan,nan,nan,nan,nan,nan,nan,nan,nan,nan
25-Mar-25 3:16:25 PM AEST,nan,nan,nan,nan,nan,nan,nan,12.52,nan,nan,nan,nan
25-Mar-25 3:16:26 PM AEST,nan,97.5,nan,nan,nan,nan,97.50,nan,nan,nan,nan,nan
25-Mar-25 3:16:29 PM AEST,nan,nan,nan,nan,nan,nan,nan,nan,nan,nan,nan,0.00
25-Mar-25 3:18:25 PM AEST,nan,nan,nan,0.00,nan,nan,nan,nan,nan,nan,nan,nan
25-Mar-25 3:18:30 PM AEST,0.0,nan,nan,nan,nan,nan,nan,nan,nan,nan,nan,nan
25-Mar-25 3:18:50 PM AEST,nan,nan,nan,nan,nan,nan,nan,11.23,nan,nan,nan,nan
25-Mar-25 3:18:52 PM AEST,nan,0.0,nan,nan,nan,nan,112.30,nan,nan,nan,nan,nan
25-Mar-25 3:20:00 PM AEST,nan,nan,nan,nan,72.20,65.53,nan,nan,0.00,72.20,72.20,nan
25-Mar-25 3:21:18 PM AEST,nan,nan,nan,nan,nan,nan,0.00,nan,nan,nan,nan,nan
25-Mar-25 3:22:00 PM AEST,72.2,nan,nan,6552.80,nan,nan,nan,nan,nan,nan,nan,1.00
25-Mar-25 3:22:30 PM AEST,nan,nan,nan,nan,0.60,3.41,nan,nan,nan,nan,14.20,nan
25-Mar-25 3:22:31 PM AEST,nan,nan,nan,nan,nan,nan,nan,nan,nan,84.70,nan,nan
25-Mar-25 3:22:35 PM AEST,nan,nan,nan,nan,nan,nan,nan,nan,317.80,nan,nan,nan
25-Mar-25 3:28:00 PM AEST,0.0,0.2,nan,0.00,nan,nan,0.20,2.40,nan,nan,nan,0.00
25-Mar-25 3:30:00 PM AEST,nan,nan,23.6,nan,72.20,65.53,nan,nan,0.00,0.00,0.00,nan
25-Mar-25 3:30:00 PM AEST,nan,nan,23.6,nan,1.00,0.01,nan,nan,6552.80,6552.80,6552.80,nan
25-Mar-25 3:30:00 PM AEST,nan,nan,23.6,nan,1.00,0.01,nan,nan,0.00,6552.80,6552.80,nan
25-Mar-25 3:30:25 PM AEST,nan,nan,nan,nan,nan,nan,nan,0.00,nan,nan,nan,nan
25-Mar-25 3:30:25 PM AEST,nan,nan,nan,nan,nan,nan,nan,11.23,nan,nan,nan,nan
25-Mar-25 3:30:26 PM AEST,nan,97.5,nan,nan,nan,nan,125.20,nan,nan,nan,nan,nan
25-Mar-25 3:30:26 PM AEST,nan,0.0,nan,nan,nan,nan,0.00,nan,nan,nan,nan,nan
25-Mar-25 3:30:26 PM AEST,nan,24.0,nan,nan,nan,nan,24.00,nan,nan,nan,nan,nan
25-Mar-25 3:30:29 PM AEST,nan,nan,nan,0.20,nan,nan,nan,nan,nan,nan,nan,nan
25-Mar-25 3:30:29 PM AEST,nan,nan,nan,0.00,nan,nan,nan,nan,nan,nan,nan,nan
25-Mar-25 3:30:29 PM AEST,nan,nan,nan,0.20,nan,nan,nan,nan,nan,nan,nan,nan
25-Mar-25 3:30:30 PM AEST,24.0,nan,nan,nan,nan,nan,nan,nan,nan,nan,nan,nan
25-Mar-25 3:30:30 PM AEST,0.0,nan,nan,nan,nan,nan,nan,nan,nan,nan,nan,nan
25-Mar-25 3:30:30 PM AEST,24.0,nan,nan,nan,nan,nan,nan,nan,nan,nan,nan,nan
25-Mar-25 3:32:30 PM AEST,nan,nan,93.3,nan,72.20,65.53,nan,nan,nan,nan,0.00,nan
25-Mar-25 3:32:31 PM AEST,nan,nan,nan,nan,nan,nan,nan,nan,nan,0.00,nan,nan
25-Mar-25 3:32:50 PM AEST,nan,nan,nan,nan,nan,nan,nan,9.75,nan,nan,nan,nan
25-Mar-25 3:32:50 PM AEST,nan,nan,nan,nan,nan,nan,nan,0.00,nan,nan,nan,nan
25-Mar-25 3:32:52 PM AEST,nan,97.5,nan,nan,nan,nan,125.20,nan,nan,nan,nan,nan
25-Mar-25 3:34:00 PM AEST,nan,nan,nan,nan,nan,nan,nan,nan,317.80,nan,nan,nan
25-Mar-25 3:35:00 PM AEST,nan,nan,341.4,nan,0.60,3.41,nan,nan,nan,nan,14.20,nan
25-Mar-25 3:35:02 PM AEST,nan,nan,nan,nan,nan,nan,nan,nan,nan,84.70,nan,nan
25-Mar-25 3:35:15 PM AEST,nan,nan,nan,nan,nan,nan,nan,11.23,nan,nan,nan,nan
25-Mar-25 3:35:18 PM AEST,nan,0.0,nan,nan,nan,nan,0.00,nan,nan,nan,nan,nan
25-Mar-25 3:36:00 PM AEST,72.2,nan,nan,6552.80,nan,nan,nan,nan,nan,nan,nan,1.00
25-Mar-25 3:37:30 PM AEST,nan,nan,93.3,nan,nan,nan,nan,nan,nan,nan,nan,nan
25-Mar-25 3:40:00 PM AEST,112.3,14.8,nan,112.30,72.20,nan,14.80,5.11,0.00,0.00,0.00,112.30
25-Mar-25 3:42:00 PM AEST,nan,nan,317.8,nan,nan,3.18,nan,nan,nan,nan,nan,nan
25-Mar-25 3:42:25 PM AEST,nan,nan,nan,nan,nan,nan,nan,11.23,nan,nan,nan,nan
25-Mar-25 3:42:26 PM AEST,nan,0.0,nan,nan,nan,nan,0.00,nan,nan,nan,nan,nan
25-Mar-25 3:42:29 PM AEST,nan,nan,nan,6552.80,nan,nan,nan,nan,nan,nan,nan,1.00
25-Mar-25 3:42:30 PM AEST,72.2,nan,nan,nan,1.40,nan,nan,nan,nan,nan,1.40,nan
25-Mar-25 3:42:31 PM AEST,nan,nan,nan,nan,nan,nan,nan,nan,nan,1.40,nan,nan
25-Mar-25 3:42:35 PM AEST,nan,nan,nan,nan,nan,nan,nan,nan,0.90,nan,nan,nan
25-Mar-25 3:44:30 PM AEST,nan,nan,98.2,nan,nan,3.41,nan,nan,nan,nan,nan,nan
25-Mar-25 3:45:00 PM AEST,nan,nan,nan,nan,0.60,nan,nan,nan,nan,nan,14.20,nan
25-Mar-25 3:45:02 PM AEST,nan,nan,nan,nan,nan,nan,nan,nan,nan,84.70,nan,nan
25-Mar-25 3:45:10 PM AEST,nan,nan,nan,nan,nan,nan,nan,nan,317.80,nan,nan,nan
25-Mar-25 3:47:00 PM AEST,nan,nan,93.3,nan,nan,0.24,nan,nan,nan,nan,nan,nan
25-Mar-25 3:47:00 PM AEST,nan,nan,8.3,nan,nan,0.24,nan,nan,nan,nan,nan,nan
25-Mar-25 3:47:30 PM AEST,nan,nan,nan,nan,23.60,nan,nan,nan,nan,nan,23.60,nan
25-Mar-25 3:47:33 PM AEST,nan,nan,nan,nan,nan,nan,nan,nan,nan,1.00,nan,nan
25-Mar-25 3:47:45 PM AEST,nan,nan,nan,nan,nan,nan,nan,nan,1.00,nan,nan,nan
25-Mar-25 3:48:00 PM AEST,24.0,97.5,nan,0.20,nan,nan,125.20,0.00,nan,nan,nan,72.20
25-Mar-25 3:48:00 PM AEST,72.2,0.0,nan,72.20,nan,nan,0.00,11.23,nan,nan,nan,72.20
25-Mar-25 3:52:00 PM AEST,nan,nan,93.3,6552.80,0.60,3.41,nan,nan,317.80,84.70,14.20,1.00
25-Mar-25 3:54:00 PM AEST,24.0,97.5,nan,nan,nan,nan,125.20,0.00,nan,nan,nan,nan
25-Mar-25 3:54:29 PM AEST,nan,nan,nan,0.20,nan,nan,nan,nan,nan,nan,nan,0.00
25-Mar-25 3:54:30 PM AEST,nan,nan,23.6,nan,72.20,65.53,nan,nan,nan,nan,0.00,nan
25-Mar-25 3:54:30 PM AEST,nan,nan,93.3,nan,0.60,3.41,nan,nan,nan,nan,14.20,nan
25-Mar-25 3:54:31 PM AEST,nan,nan,nan,nan,nan,nan,nan,nan,nan,0.00,nan,nan
25-Mar-25 3:54:31 PM AEST,nan,nan,nan,nan,nan,nan,nan,nan,nan,84.70,nan,nan
25-Mar-25 3:54:35 PM AEST,nan,nan,nan,nan,nan,nan,nan,nan,0.00,nan,nan,nan
25-Mar-25 3:54:35 PM AEST,nan,nan,nan,nan,nan,nan,nan,nan,317.80,nan,nan,nan
25-Mar-25 3:56:25 PM AEST,nan,nan,nan,nan,nan,nan,nan,11.23,nan,nan,nan,nan
25-Mar-25 3:56:26 PM AEST,nan,0.0,nan,nan,nan,nan,0.00,nan,nan,nan,nan,nan
25-Mar-25 3:56:30 PM AEST,72.2,nan,nan,nan,nan,nan,nan,nan,nan,nan,nan,nan
25-Mar-25 3:56:58 PM AEST,nan,nan,nan,6552.80,nan,nan,nan,nan,nan,nan,nan,1.00
25-Mar-25 3:58:00 PM AEST,nan,nan,23.6,nan,72.20,65.53,nan,nan,0.00,0.00,0.00,nan
25-Mar-25 3:58:50 PM AEST,nan,nan,nan,nan,nan,nan,nan,0.00,nan,nan,nan,nan
25-Mar-25 3:58:50 PM AEST,nan,nan,nan,nan,nan,nan,nan,12.52,nan,nan,nan,nan
25-Mar-25 3:58:52 PM AEST,nan,97.5,nan,nan,nan,nan,125.20,nan,nan,nan,nan,nan
25-Mar-25 3:58:52 PM AEST,nan,97.5,nan,nan,nan,nan,97.50,nan,nan,nan,nan,nan
25-Mar-25 3:59:00 PM AEST,24.0,nan,nan,nan,nan,nan,nan,nan,nan,nan,nan,nan
25-Mar-25 3:59:27 PM AEST,nan,nan,nan,0.20,nan,nan,nan,nan,nan,nan,nan,0.00
25-Mar-25 4:00:30 PM AEST,nan,nan,93.3,nan,nan,nan,nan,nan,nan,nan,nan,nan
25-Mar-25 4:01:15 PM AEST,nan,nan,nan,nan,nan,nan,nan,1.48,nan,nan,nan,nan
25-Mar-25 4:01:18 PM AEST,nan,112.3,nan,nan,nan,nan,112.30,nan,nan,nan,nan,nan
25-Mar-25 4:01:30 PM AEST,112.3,nan,nan,nan,nan,nan,nan,nan,nan,nan,nan,nan
25-Mar-25 4:01:56 PM AEST,nan,nan,nan,0.00,nan,nan,nan,nan,nan,nan,nan,nan
25-Mar-25 4:03:40 PM AEST,nan,nan,nan,nan,nan,nan,nan,11.23,nan,nan,nan,nan
25-Mar-25 4:03:44 PM AEST,nan,0.0,nan,nan,nan,nan,0.00,nan,nan,nan,nan,nan
25-Mar-25 4:04:00 PM AEST,72.2,nan,nan,nan,0.60,3.41,nan,nan,317.80,84.70,14.20,1.00
25-Mar-25 4:04:25 PM AEST,nan,nan,nan,6552.80,nan,nan,nan,nan,nan,nan,nan,nan
25-Mar-25 4:06:29 PM AEST,nan,nan,nan,nan,nan,nan,nan,nan,nan,nan,nan,112.30
25-Mar-25 4:06:30 PM AEST,14.8,nan,nan,nan,72.20,65.53,nan,nan,nan,nan,0.00,nan
25-Mar-25 4:06:31 PM AEST,nan,nan,nan,nan,nan,nan,nan,nan,nan,0.00,nan,nan
25-Mar-25 4:06:35 PM AEST,nan,nan,nan,nan,nan,nan,nan,nan,0.00,nan,nan,nan
25-Mar-25 4:06:54 PM AEST,nan,nan,nan,14.80,nan,nan,nan,nan,nan,nan,nan,nan
25-Mar-25 4:08:00 PM AEST,nan,14.8,23.6,nan,nan,nan,51.10,5.11,nan,nan,nan,nan
25-Mar-25 4:08:00 PM AEST,nan,97.5,23.6,nan,nan,nan,125.20,5.11,nan,nan,nan,nan
25-Mar-25 4:08:58 PM AEST,nan,nan,nan,nan,nan,nan,nan,nan,nan,nan,nan,0.00
25-Mar-25 4:09:00 PM AEST,24.0,nan,nan,nan,nan,nan,nan,nan,nan,nan,nan,nan
25-Mar-25 4:09:23 PM AEST,nan,nan,nan,0.20,nan,nan,nan,nan,nan,nan,nan,nan
25-Mar-25 4:10:25 PM AEST,nan,nan,nan,nan,nan,nan,nan,58.35,nan,nan,nan,nan
25-Mar-25 4:10:26 PM AEST,nan,14.8,nan,nan,nan,nan,nan,nan,nan,nan,nan,nan
25-Mar-25 4:10:30 PM AEST,nan,nan,93.3,nan,nan,nan,nan,nan,nan,nan,nan,nan
25-Mar-25 4:11:27 PM AEST,nan,nan,nan,nan,nan,nan,nan,nan,nan,nan,nan,112.30
25-Mar-25 4:11:30 PM AEST,14.8,nan,nan,nan,nan,nan,nan,nan,nan,nan,nan,nan
25-Mar-25 4:11:52 PM AEST,nan,nan,nan,14.80,nan,nan,nan,nan,nan,nan,nan,nan
25-Mar-25 4:12:00 PM AEST,nan,nan,nan,nan,0.60,3.41,51.10,nan,nan,nan,nan,nan
25-Mar-25 4:12:00 PM AEST,nan,nan,nan,nan,72.20,65.53,125.20,nan,nan,nan,nan,nan
25-Mar-25 4:12:50 PM AEST,nan,nan,nan,nan,nan,nan,nan,5.11,nan,nan,nan,nan
25-Mar-25 4:12:50 PM AEST,nan,nan,nan,nan,nan,nan,nan,0.00,nan,nan,nan,nan
25-Mar-25 4:12:52 PM AEST,nan,97.5,nan,nan,nan,nan,nan,nan,nan,nan,nan,nan
25-Mar-25 4:13:00 PM AEST,nan,nan,23.6,nan,nan,nan,nan,nan,nan,nan,nan,nan
25-Mar-25 4:13:00 PM AEST,nan,nan,8.3,nan,nan,nan,nan,nan,nan,nan,nan,nan
25-Mar-25 4:13:56 PM AEST,nan,nan,nan,nan,nan,nan,nan,nan,nan,nan,nan,0.00
25-Mar-25 4:13:56 PM AEST,nan,nan,nan,nan,nan,nan,nan,nan,nan,nan,nan,72.20
25-Mar-25 4:14:00 PM AEST,24.0,nan,nan,nan,nan,nan,nan,nan,1.00,1.00,23.60,nan
25-Mar-25 4:14:00 PM AEST,72.2,nan,nan,nan,nan,nan,nan,nan,1.00,1.00,23.60,nan
25-Mar-25 4:14:21 PM AEST,nan,nan,nan,0.20,nan,nan,nan,nan,nan,nan,nan,nan
25-Mar-25 4:14:21 PM AEST,nan,nan,nan,72.20,nan,nan,nan,nan,nan,nan,nan,nan
25-Mar-25 4:14:26 PM AEST,nan,nan,nan,nan,nan,nan,0.00,nan,nan,nan,nan,nan
25-Mar-25 4:14:30 PM AEST,nan,nan,nan,nan,23.60,0.24,nan,nan,nan,nan,nan,nan
25-Mar-25 4:15:15 PM AEST,nan,nan,nan,nan,nan,nan,nan,11.23,nan,nan,nan,nan
25-Mar-25 4:15:18 PM AEST,nan,0.0,nan,nan,nan,nan,nan,nan,nan,nan,nan,nan
25-Mar-25 4:15:30 PM AEST,nan,nan,0.6,nan,nan,nan,nan,nan,nan,nan,nan,nan
25-Mar-25 4:16:25 PM AEST,nan,nan,nan,nan,nan,nan,nan,nan,nan,nan,nan,1.00
25-Mar-25 4:16:30 PM AEST,nan,nan,nan,nan,nan,nan,nan,nan,nan,nan,14.20,nan
25-Mar-25 4:16:31 PM AEST,nan,nan,nan,nan,nan,nan,nan,nan,nan,84.70,nan,nan
25-Mar-25 4:16:35 PM AEST,nan,nan,nan,nan,nan,nan,nan,nan,317.80,nan,nan,nan
25-Mar-25 4:16:50 PM AEST,nan,nan,nan,6552.80,nan,nan,nan,nan,nan,nan,nan,nan
25-Mar-25 4:17:00 PM AEST,nan,nan,nan,nan,14.20,0.14,nan,nan,nan,nan,nan,nan
25-Mar-25 4:17:00 PM AEST,nan,nan,nan,nan,8.30,0.01,nan,nan,nan,nan,nan,nan
25-Mar-25 4:18:00 PM AEST,nan,nan,0.9,nan,nan,nan,nan,nan,nan,nan,nan,nan
25-Mar-25 4:19:00 PM AEST,nan,nan,nan,nan,nan,nan,nan,nan,nan,nan,8.30,nan
25-Mar-25 4:19:02 PM AEST,nan,nan,nan,nan,nan,nan,nan,nan,nan,8.30,nan,nan
25-Mar-25 4:19:10 PM AEST,nan,nan,nan,nan,nan,nan,nan,nan,23.60,nan,nan,nan
25-Mar-25 4:19:10 PM AEST,nan,nan,nan,nan,nan,nan,nan,nan,317.80,nan,nan,nan
25-Mar-25 4:19:30 PM AEST,nan,nan,nan,nan,0.60,3.41,nan,nan,nan,nan,nan,nan
25-Mar-25 4:20:30 PM AEST,nan,nan,341.4,nan,nan,nan,nan,nan,nan,nan,nan,nan
25-Mar-25 4:21:30 PM AEST,nan,nan,nan,nan,nan,nan,nan,nan,nan,nan,14.20,nan
25-Mar-25 4:21:33 PM AEST,nan,nan,nan,nan,nan,nan,nan,nan,nan,84.70,nan,nan
25-Mar-25 4:23:00 PM AEST,nan,nan,93.3,nan,nan,nan,nan,nan,nan,nan,nan,nan
25-Mar-25 4:24:00 PM AEST,24.0,97.5,nan,nan,nan,nan,125.20,0.00,nan,nan,nan,nan
25-Mar-25 4:26:25 PM AEST,nan,nan,nan,nan,nan,nan,nan,11.23,nan,nan,nan,nan
25-Mar-25 4:26:26 PM AEST,nan,0.0,nan,nan,nan,nan,0.00,nan,nan,nan,nan,nan
25-Mar-25 4:26:30 PM AEST,72.2,nan,nan,nan,nan,nan,nan,nan,nan,nan,nan,nan
25-Mar-25 4:26:30 PM AEST,24.0,nan,nan,nan,nan,nan,nan,nan,nan,nan,nan,nan
25-Mar-25 4:28:00 PM AEST,nan,nan,23.6,0.20,72.20,65.53,nan,nan,0.00,0.00,0.00,0.00
25-Mar-25 4:28:00 PM AEST,nan,nan,23.6,0.20,72.20,65.53,nan,nan,317.80,0.00,0.00,0.00
25-Mar-25 4:28:50 PM AEST,nan,nan,nan,nan,nan,nan,nan,0.00,nan,nan,nan,nan
25-Mar-25 4:28:52 PM AEST,nan,97.5,nan,nan,nan,nan,125.20,nan,nan,nan,nan,nan
25-Mar-25 4:29:00 PM AEST,72.2,nan,nan,nan,nan,nan,nan,nan,nan,nan,nan,nan
25-Mar-25 4:30:29 PM AEST,nan,nan,nan,6552.80,nan,nan,nan,nan,nan,nan,nan,1.00
25-Mar-25 4:30:30 PM AEST,nan,nan,93.3,nan,0.60,3.41,nan,nan,nan,nan,14.20,nan
25-Mar-25 4:30:31 PM AEST,nan,nan,nan,nan,nan,nan,nan,nan,nan,84.70,nan,nan
25-Mar-25 4:31:15 PM AEST,nan,nan,nan,nan,nan,nan,nan,11.23,nan,nan,nan,nan
25-Mar-25 4:31:18 PM AEST,nan,0.0,nan,nan,nan,nan,0.00,nan,nan,nan,nan,nan
25-Mar-25 4:32:58 PM AEST,nan,nan,nan,0.00,nan,nan,nan,nan,nan,nan,nan,0.00
25-Mar-25 4:33:40 PM AEST,nan,nan,nan,nan,nan,nan,nan,2.40,nan,nan,nan,nan
25-Mar-25 4:33:44 PM AEST,nan,0.2,nan,nan,nan,nan,0.20,nan,nan,nan,nan,nan
25-Mar-25 4:34:00 PM AEST,0.0,nan,nan,nan,nan,nan,nan,nan,nan,nan,nan,nan
25-Mar-25 4:35:27 PM AEST,nan,nan,nan,0.20,nan,nan,nan,nan,nan,nan,nan,nan
25-Mar-25 4:36:00 PM AEST,nan,nan,23.6,nan,72.20,65.53,nan,nan,0.00,0.00,0.00,nan
25-Mar-25 4:36:00 PM AEST,nan,nan,0.9,nan,8.30,0.08,nan,nan,23.60,23.60,23.60,nan
25-Mar-25 4:36:05 PM AEST,nan,nan,nan,nan,nan,nan,nan,0.00,nan,nan,nan,nan
25-Mar-25 4:36:05 PM AEST,nan,nan,nan,nan,nan,nan,nan,11.23,nan,nan,nan,nan
25-Mar-25 4:36:10 PM AEST,nan,97.5,nan,nan,nan,nan,125.20,nan,nan,nan,nan,nan
25-Mar-25 4:36:10 PM AEST,nan,0.0,nan,nan,nan,nan,0.00,nan,nan,nan,nan,nan
25-Mar-25 4:36:30 PM AEST,24.0,nan,nan,nan,nan,nan,nan,nan,nan,nan,nan,nan
25-Mar-25 4:36:30 PM AEST,72.2,nan,nan,nan,nan,nan,nan,nan,nan,nan,nan,nan
25-Mar-25 4:37:56 PM AEST,nan,nan,nan,6552.80,nan,nan,nan,nan,nan,nan,nan,nan
25-Mar-25 4:38:00 PM AEST,nan,nan,nan,nan,nan,nan,nan,nan,nan,nan,nan,6552.80
25-Mar-25 4:38:30 PM AEST,nan,nan,341.4,nan,0.60,0.01,nan,nan,nan,nan,14.20,nan
25-Mar-25 4:38:31 PM AEST,nan,nan,nan,nan,nan,nan,nan,nan,nan,84.70,nan,nan
25-Mar-25 4:38:35 PM AEST,nan,nan,nan,nan,nan,nan,nan,nan,317.80,nan,nan,nan
25-Mar-25 4:40:29 PM AEST,nan,nan,nan,nan,nan,nan,nan,nan,nan,nan,nan,1.00
25-Mar-25 4:40:29 PM AEST,nan,nan,nan,nan,nan,nan,nan,nan,nan,nan,nan,6552.80
25-Mar-25 4:41:00 PM AEST,nan,nan,0.9,nan,8.30,0.08,nan,nan,nan,nan,23.60,nan
25-Mar-25 4:41:02 PM AEST,nan,nan,nan,nan,nan,nan,nan,nan,nan,23.60,nan,nan
25-Mar-25 4:41:10 PM AEST,nan,nan,nan,nan,nan,nan,nan,nan,23.60,nan,nan,nan
25-Mar-25 4:42:58 PM AEST,nan,nan,nan,nan,nan,nan,nan,nan,nan,nan,nan,1.00
25-Mar-25 4:43:30 PM AEST,nan,nan,341.4,nan,0.60,0.01,nan,nan,nan,nan,14.20,nan
25-Mar-25 4:43:33 PM AEST,nan,nan,nan,nan,nan,nan,nan,nan,nan,84.70,nan,nan
25-Mar-25 4:43:45 PM AEST,nan,nan,nan,nan,nan,nan,nan,nan,317.80,nan,nan,nan
25-Mar-25 4:46:00 PM AEST,nan,97.5,93.3,nan,nan,3.41,125.20,0.00,nan,nan,nan,nan
25-Mar-25 4:48:25 PM AEST,nan,nan,nan,nan,nan,nan,nan,11.23,nan,nan,nan,nan
25-Mar-25 4:48:26 PM AEST,nan,0.0,nan,nan,nan,nan,0.00,nan,nan,nan,nan,nan
25-Mar-25 4:50:00 PM AEST,24.0,nan,23.6,0.20,72.20,65.53,nan,nan,0.00,0.00,0.00,0.00
25-Mar-25 4:50:00 PM AEST,24.0,nan,98.2,0.20,72.20,65.53,nan,nan,0.00,0.00,0.00,0.00
25-Mar-25 4:50:50 PM AEST,nan,nan,nan,nan,nan,nan,nan,0.00,nan,nan,nan,nan
25-Mar-25 4:50:52 PM AEST,nan,97.5,nan,nan,nan,nan,125.20,nan,nan,nan,nan,nan
25-Mar-25 4:50:52 PM AEST,nan,0.0,nan,nan,nan,nan,0.00,nan,nan,nan,nan,nan
25-Mar-25 4:52:29 PM AEST,nan,nan,nan,6552.80,nan,nan,nan,nan,nan,nan,nan,1.00
25-Mar-25 4:52:30 PM AEST,72.2,nan,93.3,nan,0.60,3.41,nan,nan,nan,nan,14.20,nan
25-Mar-25 4:52:31 PM AEST,nan,nan,nan,nan,nan,nan,nan,nan,nan,84.70,nan,nan
25-Mar-25 4:52:35 PM AEST,nan,nan,nan,nan,nan,nan,nan,nan,317.80,nan,nan,nan
25-Mar-25 4:53:15 PM AEST,nan,nan,nan,nan,nan,nan,nan,11.23,nan,nan,nan,nan
25-Mar-25 5:00:00 PM AEST,13.8,13.8,nan,13.80,nan,nan,nan,0.00,nan,nan,nan,51.10
25-Mar-25 5:02:00 PM AEST,nan,nan,23.6,nan,1.00,0.24,nan,nan,6552.80,1.00,1.00,nan
25-Mar-25 5:02:25 PM AEST,nan,nan,nan,nan,nan,nan,nan,11.23,nan,nan,nan,nan
25-Mar-25 5:02:26 PM AEST,nan,0.0,nan,nan,nan,nan,nan,nan,nan,nan,nan,nan
25-Mar-25 5:02:29 PM AEST,nan,nan,nan,0.00,nan,nan,nan,nan,nan,nan,nan,72.20
25-Mar-25 5:02:30 PM AEST,0.0,nan,nan,nan,nan,nan,nan,nan,nan,nan,nan,nan
25-Mar-25 5:04:30 PM AEST,nan,nan,93.3,nan,0.60,3.41,nan,nan,nan,nan,14.20,nan
25-Mar-25 5:04:30 PM AEST,nan,nan,23.6,nan,72.20,65.53,nan,nan,nan,nan,0.00,nan
25-Mar-25 5:04:31 PM AEST,nan,nan,nan,nan,nan,nan,nan,nan,nan,84.70,nan,nan
25-Mar-25 5:04:31 PM AEST,nan,nan,nan,nan,nan,nan,nan,nan,nan,0.00,nan,nan
25-Mar-25 5:04:35 PM AEST,nan,nan,nan,nan,nan,nan,nan,nan,317.80,nan,nan,nan
25-Mar-25 5:04:35 PM AEST,nan,nan,nan,nan,nan,nan,nan,nan,0.00,nan,nan,nan
25-Mar-25 5:04:50 PM AEST,nan,nan,nan,nan,nan,nan,nan,12.52,nan,nan,nan,nan
25-Mar-25 5:04:52 PM AEST,nan,97.5,nan,nan,nan,nan,nan,nan,nan,nan,nan,nan
25-Mar-25 5:04:58 PM AEST,nan,nan,nan,6552.80,nan,nan,nan,nan,nan,nan,nan,1.00
25-Mar-25 5:04:58 PM AEST,nan,nan,nan,0.20,nan,nan,nan,nan,nan,nan,nan,0.00
25-Mar-25 5:05:00 PM AEST,72.2,nan,nan,nan,nan,nan,nan,nan,nan,nan,nan,nan
25-Mar-25 5:05:00 PM AEST,24.0,nan,nan,nan,nan,nan,nan,nan,nan,nan,nan,nan
25-Mar-25 5:06:00 PM AEST,nan,nan,nan,nan,nan,nan,97.50,nan,nan,nan,nan,nan
25-Mar-25 5:07:00 PM AEST,nan,nan,93.3,nan,nan,nan,nan,nan,nan,nan,nan,nan
25-Mar-25 5:07:15 PM AEST,nan,nan,nan,nan,nan,nan,nan,5.11,nan,nan,nan,nan
25-Mar-25 5:07:18 PM AEST,nan,14.8,nan,nan,nan,nan,nan,nan,nan,nan,nan,nan
25-Mar-25 5:07:27 PM AEST,nan,nan,nan,14.80,nan,nan,nan,nan,nan,nan,nan,112.30
25-Mar-25 5:07:30 PM AEST,14.8,nan,nan,nan,nan,nan,nan,nan,nan,nan,nan,nan
25-Mar-25 5:08:26 PM AEST,nan,nan,nan,nan,nan,nan,51.10,nan,nan,nan,nan,nan
25-Mar-25 5:08:26 PM AEST,nan,nan,nan,nan,nan,nan,125.20,nan,nan,nan,nan,nan
25-Mar-25 5:09:30 PM AEST,nan,nan,23.6,nan,nan,nan,nan,nan,nan,nan,nan,nan
25-Mar-25 5:09:30 PM AEST,nan,nan,317.8,nan,nan,nan,nan,nan,nan,nan,nan,nan
25-Mar-25 5:09:40 PM AEST,nan,nan,nan,nan,nan,nan,nan,0.00,nan,nan,nan,nan
25-Mar-25 5:09:40 PM AEST,nan,nan,nan,nan,nan,nan,nan,11.23,nan,nan,nan,nan
25-Mar-25 5:09:44 PM AEST,nan,97.5,nan,nan,nan,nan,nan,nan,nan,nan,nan,nan
25-Mar-25 5:09:44 PM AEST,nan,0.0,nan,nan,nan,nan,nan,nan,nan,nan,nan,nan
25-Mar-25 5:09:56 PM AEST,nan,nan,nan,0.20,nan,nan,nan,nan,nan,nan,nan,0.00
25-Mar-25 5:09:56 PM AEST,nan,nan,nan,6552.80,nan,nan,nan,nan,nan,nan,nan,1.00
25-Mar-25 5:10:00 PM AEST,24.0,nan,nan,nan,1.40,3.18,nan,nan,0.90,1.40,1.40,nan
25-Mar-25 5:10:00 PM AEST,72.2,nan,nan,nan,1.40,3.18,nan,nan,0.90,1.40,1.40,nan
25-Mar-25 5:10:52 PM AEST,nan,nan,nan,nan,nan,nan,0.00,nan,nan,nan,nan,nan
25-Mar-25 5:12:00 PM AEST,nan,nan,23.6,nan,nan,nan,nan,nan,nan,nan,nan,nan
25-Mar-25 5:12:25 PM AEST,nan,nan,nan,0.00,nan,nan,nan,nan,nan,nan,nan,72.20
25-Mar-25 5:12:30 PM AEST,0.0,nan,nan,nan,1.00,0.24,nan,nan,nan,nan,1.00,nan
25-Mar-25 5:12:31 PM AEST,nan,nan,nan,nan,nan,nan,nan,nan,nan,1.00,nan,nan
25-Mar-25 5:12:35 PM AEST,nan,nan,nan,nan,nan,nan,nan,nan,6552.80,nan,nan,nan
25-Mar-25 5:14:30 PM AEST,nan,nan,0.6,nan,nan,nan,nan,nan,nan,nan,nan,nan
25-Mar-25 5:14:54 PM AEST,nan,nan,nan,6552.80,nan,nan,nan,nan,nan,nan,nan,1.00
25-Mar-25 5:15:00 PM AEST,72.2,nan,nan,nan,14.20,0.14,nan,nan,nan,nan,14.20,nan
25-Mar-25 5:15:02 PM AEST,nan,nan,nan,nan,nan,nan,nan,nan,nan,84.70,nan,nan
25-Mar-25 5:15:10 PM AEST,nan,nan,nan,nan,nan,nan,nan,nan,317.80,nan,nan,nan
25-Mar-25 5:17:00 PM AEST,nan,nan,93.3,nan,nan,nan,nan,nan,nan,nan,nan,nan
25-Mar-25 5:17:30 PM AEST,nan,nan,nan,nan,0.60,3.41,nan,nan,nan,nan,nan,nan
25-Mar-25 5:18:00 PM AEST,nan,nan,nan,nan,nan,nan,125.20,0.00,nan,nan,nan,nan
25-Mar-25 5:20:25 PM AEST,nan,nan,nan,nan,nan,nan,nan,11.23,nan,nan,nan,nan
25-Mar-25 5:20:26 PM AEST,nan,nan,nan,nan,nan,nan,0.00,nan,nan,nan,nan,nan
25-Mar-25 5:22:00 PM AEST,24.0,97.5,23.6,0.20,72.20,65.53,nan,nan,0.00,0.00,0.00,0.00
25-Mar-25 5:22:00 PM AEST,24.0,97.5,93.3,0.20,0.60,3.41,nan,nan,317.80,84.70,14.20,0.00
25-Mar-25 5:22:50 PM AEST,nan,nan,nan,nan,nan,nan,nan,0.00,nan,nan,nan,nan
25-Mar-25 5:22:52 PM AEST,nan,nan,nan,nan,nan,nan,125.20,nan,nan,nan,nan,nan
25-Mar-25 5:22:52 PM AEST,nan,nan,nan,nan,nan,nan,0.00,nan,nan,nan,nan,nan
25-Mar-25 5:22:52 PM AEST,nan,nan,nan,nan,nan,nan,125.20,nan,nan,nan,nan,nan
25-Mar-25 5:24:26 PM AEST,nan,0.0,nan,nan,nan,nan,nan,nan,nan,nan,nan,nan
25-Mar-25 5:24:26 PM AEST,nan,97.5,nan,nan,nan,nan,nan,nan,nan,nan,nan,nan
25-Mar-25 5:24:29 PM AEST,nan,nan,nan,6552.80,nan,nan,nan,nan,nan,nan,nan,1.00
25-Mar-25 5:24:29 PM AEST,nan,nan,nan,0.20,nan,nan,nan,nan,nan,nan,nan,0.00
25-Mar-25 5:24:30 PM AEST,72.2,nan,23.6,nan,72.20,65.53,nan,nan,nan,nan,0.00,nan
25-Mar-25 5:24:30 PM AEST,24.0,nan,93.3,nan,0.60,3.41,nan,nan,nan,nan,14.20,nan
25-Mar-25 5:24:31 PM AEST,nan,nan,nan,nan,nan,nan,nan,nan,nan,0.00,nan,nan
25-Mar-25 5:24:31 PM AEST,nan,nan,nan,nan,nan,nan,nan,nan,nan,84.70,nan,nan
25-Mar-25 5:24:35 PM AEST,nan,nan,nan,nan,nan,nan,nan,nan,0.00,nan,nan,nan
25-Mar-25 5:24:35 PM AEST,nan,nan,nan,nan,nan,nan,nan,nan,317.80,nan,nan,nan
25-Mar-25 5:25:15 PM AEST,nan,nan,nan,nan,nan,nan,nan,2.40,nan,nan,nan,nan
25-Mar-25 5:25:18 PM AEST,nan,nan,nan,nan,nan,nan,24.00,nan,nan,nan,nan,nan
25-Mar-25 5:26:52 PM AEST,nan,0.2,nan,nan,nan,nan,nan,nan,nan,nan,nan,nan
25-Mar-25 5:27:00 PM AEST,0.2,nan,23.6,nan,72.20,65.53,nan,nan,nan,nan,0.00,nan
25-Mar-25 5:27:00 PM AEST,24.0,nan,23.6,nan,72.20,65.53,nan,nan,nan,nan,0.00,nan
25-Mar-25 5:27:02 PM AEST,nan,nan,nan,nan,nan,nan,nan,nan,nan,0.00,nan,nan
25-Mar-25 5:27:10 PM AEST,nan,nan,nan,nan,nan,nan,nan,nan,0.00,nan,nan,nan
25-Mar-25 5:27:40 PM AEST,nan,nan,nan,nan,nan,nan,nan,0.00,nan,nan,nan,nan
25-Mar-25 5:27:44 PM AEST,nan,nan,nan,nan,nan,nan,125.20,nan,nan,nan,nan,nan
25-Mar-25 5:29:18 PM AEST,nan,97.5,nan,nan,nan,nan,nan,nan,nan,nan,nan,nan
25-Mar-25 5:29:18 PM AEST,nan,0.2,nan,nan,nan,nan,nan,nan,nan,nan,nan,nan
25-Mar-25 5:29:30 PM AEST,0.0,nan,93.3,nan,0.60,3.41,nan,nan,nan,nan,14.20,nan
25-Mar-25 5:29:33 PM AEST,nan,nan,nan,nan,nan,nan,nan,nan,nan,84.70,nan,nan
25-Mar-25 5:29:45 PM AEST,nan,nan,nan,nan,nan,nan,nan,nan,317.80,nan,nan,nan
25-Mar-25 5:30:00 PM AEST,nan,nan,nan,0.00,nan,nan,nan,nan,nan,nan,nan,nan
25-Mar-25 5:30:05 PM AEST,nan,nan,nan,nan,nan,nan,nan,2.40,nan,nan,nan,nan
25-Mar-25 5:30:10 PM AEST,nan,nan,nan,nan,nan,nan,0.20,nan,nan,nan,nan,nan
25-Mar-25 5:32:00 PM AEST,nan,nan,23.6,nan,6552.80,65.53,nan,nan,nan,nan,6552.80,nan
25-Mar-25 5:32:04 PM AEST,nan,nan,nan,nan,nan,nan,nan,nan,nan,72.20,nan,nan
25-Mar-25 5:32:20 PM AEST,nan,nan,nan,nan,nan,nan,nan,nan,72.20,nan,nan,nan
25-Mar-25 5:32:30 PM AEST,nan,nan,nan,nan,nan,nan,nan,11.23,nan,nan,nan,nan
25-Mar-25 5:32:36 PM AEST,nan,nan,nan,nan,nan,nan,0.00,nan,nan,nan,nan,nan
25-Mar-25 5:34:00 PM AEST,nan,0.0,nan,13.80,nan,nan,nan,nan,nan,nan,nan,13.80
25-Mar-25 5:34:30 PM AEST,nan,nan,nan,nan,72.20,nan,nan,nan,nan,nan,0.00,nan
25-Mar-25 5:34:35 PM AEST,nan,nan,nan,nan,nan,nan,nan,nan,nan,0.00,nan,nan
25-Mar-25 5:34:55 PM AEST,nan,nan,nan,nan,nan,nan,nan,0.02,0.00,nan,nan,nan
25-Mar-25 5:36:00 PM AEST,24.0,nan,nan,nan,nan,nan,125.20,nan,nan,nan,nan,nan
25-Mar-25 5:36:26 PM AEST,nan,97.5,nan,nan,nan,nan,nan,nan,nan,nan,nan,nan
25-Mar-25 5:36:29 PM AEST,nan,nan,nan,0.20,nan,nan,nan,nan,nan,nan,nan,0.00
25-Mar-25 5:37:00 PM AEST,nan,nan,nan,nan,0.60,nan,nan,nan,nan,nan,14.20,nan
25-Mar-25 5:37:06 PM AEST,nan,nan,nan,nan,nan,nan,nan,nan,nan,84.70,nan,nan
25-Mar-25 5:37:20 PM AEST,nan,nan,nan,nan,nan,nan,nan,0.00,nan,nan,nan,nan
25-Mar-25 5:37:20 PM AEST,nan,nan,nan,nan,nan,nan,nan,11.23,nan,nan,nan,nan
25-Mar-25 5:37:30 PM AEST,nan,nan,nan,nan,nan,nan,nan,nan,317.80,nan,nan,nan
25-Mar-25 5:38:00 PM AEST,nan,nan,93.3,nan,nan,3.41,nan,nan,nan,nan,nan,nan
25-Mar-25 5:38:00 PM AEST,nan,nan,341.4,nan,nan,3.41,nan,nan,nan,nan,nan,nan
25-Mar-25 5:38:26 PM AEST,nan,nan,nan,nan,nan,nan,0.00,nan,nan,nan,nan,nan
25-Mar-25 5:38:30 PM AEST,72.2,nan,nan,nan,nan,nan,nan,nan,nan,nan,nan,nan
25-Mar-25 5:38:52 PM AEST,nan,0.0,nan,nan,nan,nan,nan,nan,nan,nan,nan,nan
25-Mar-25 5:38:58 PM AEST,nan,nan,nan,6552.80,nan,nan,nan,nan,nan,nan,nan,1.00
25-Mar-25 5:40:30 PM AEST,nan,nan,93.3,nan,nan,0.01,nan,nan,nan,nan,nan,nan
25-Mar-25 5:40:30 PM AEST,nan,nan,93.3,nan,nan,3.41,nan,nan,nan,nan,nan,nan
25-Mar-25 5:42:00 PM AEST,nan,nan,nan,nan,nan,nan,nan,0.00,nan,nan,nan,nan
25-Mar-25 5:44:00 PM AEST,24.0,97.5,nan,0.20,nan,nan,125.20,nan,nan,nan,nan,0.00
25-Mar-25 5:46:00 PM AEST,nan,nan,23.6,nan,72.20,65.53,nan,nan,nan,nan,nan,nan
25-Mar-25 5:46:26 PM AEST,nan,0.0,nan,nan,nan,nan,0.00,nan,nan,nan,nan,nan
25-Mar-25 5:46:26 PM AEST,nan,112.3,nan,nan,nan,nan,112.30,nan,nan,nan,nan,nan
25-Mar-25 5:46:29 PM AEST,nan,nan,nan,6552.80,nan,nan,nan,nan,nan,nan,nan,1.00
25-Mar-25 5:46:29 PM AEST,nan,nan,nan,0.00,nan,nan,nan,nan,nan,nan,nan,0.00
25-Mar-25 5:46:30 PM AEST,72.2,nan,nan,nan,nan,nan,nan,nan,nan,nan,nan,nan
25-Mar-25 5:46:30 PM AEST,112.3,nan,nan,nan,nan,nan,nan,nan,nan,nan,nan,nan
25-Mar-25 5:48:00 PM AEST,nan,nan,nan,nan,nan,nan,nan,1.48,0.00,0.00,0.00,nan
25-Mar-25 5:48:52 PM AEST,nan,0.2,nan,nan,nan,nan,0.20,nan,nan,nan,nan,nan
25-Mar-25 5:49:00 PM AEST,0.0,nan,nan,nan,nan,nan,nan,nan,nan,nan,nan,nan
25-Mar-25 5:50:25 PM AEST,nan,nan,nan,nan,nan,nan,nan,2.40,nan,nan,nan,nan
25-Mar-25 5:50:25 PM AEST,nan,nan,nan,nan,nan,nan,nan,0.00,nan,nan,nan,nan
25-Mar-25 5:50:30 PM AEST,nan,nan,nan,nan,nan,nan,nan,nan,nan,nan,317.80,nan
25-Mar-25 5:50:31 PM AEST,nan,nan,nan,nan,nan,nan,nan,nan,nan,317.80,nan,nan
25-Mar-25 5:50:35 PM AEST,nan,nan,nan,nan,nan,nan,nan,nan,317.80,nan,nan,nan
25-Mar-25 5:51:18 PM AEST,nan,97.5,nan,nan,nan,nan,125.20,nan,nan,nan,nan,nan
25-Mar-25 5:51:18 PM AEST,nan,0.0,nan,nan,nan,nan,0.00,nan,nan,nan,nan,nan
25-Mar-25 5:51:30 PM AEST,24.0,nan,nan,nan,nan,nan,nan,nan,nan,nan,nan,nan
25-Mar-25 5:51:30 PM AEST,72.2,nan,nan,nan,nan,nan,nan,nan,nan,nan,nan,nan
25-Mar-25 5:52:00 PM AEST,nan,nan,14.2,0.20,84.70,0.85,nan,nan,nan,nan,nan,1.00
25-Mar-25 5:52:00 PM AEST,nan,nan,14.2,6552.80,84.70,0.85,nan,nan,nan,nan,nan,1.00
25-Mar-25 5:52:50 PM AEST,nan,nan,nan,nan,nan,nan,nan,11.23,nan,nan,nan,nan
25-Mar-25 5:54:00 PM AEST,nan,nan,nan,nan,nan,nan,nan,nan,nan,84.70,14.20,nan
25-Mar-25 5:54:30 PM AEST,nan,nan,93.3,nan,0.60,3.41,nan,nan,nan,nan,nan,nan
25-Mar-25 5:57:00 PM AEST,nan,nan,84.7,nan,317.80,3.18,nan,nan,nan,nan,nan,nan
25-Mar-25 5:58:00 PM AEST,24.0,97.5,nan,0.20,nan,nan,125.20,0.00,0.00,1.40,317.80,0.00
25-Mar-25 5:58:00 PM AEST,72.2,0.0,nan,6552.80,nan,nan,0.00,11.23,1.40,1.40,317.80,1.00
25-Mar-25 5:59:30 PM AEST,nan,nan,23.6,nan,72.20,65.53,nan,nan,nan,nan,nan,nan
25-Mar-25 6:00:25 PM AEST,nan,nan,nan,nan,nan,nan,nan,0.00,nan,nan,nan,nan
25-Mar-25 6:00:25 PM AEST,nan,nan,nan,nan,nan,nan,nan,12.52,nan,nan,nan,nan
25-Mar-25 6:00:26 PM AEST,nan,97.5,nan,nan,nan,nan,97.50,nan,nan,nan,nan,nan
25-Mar-25 6:00:29 PM AEST,nan,nan,nan,0.20,nan,nan,nan,nan,nan,nan,nan,0.00
25-Mar-25 6:00:30 PM AEST,24.0,nan,nan,nan,nan,nan,nan,nan,nan,nan,0.00,nan
25-Mar-25 6:00:31 PM AEST,nan,nan,nan,nan,nan,nan,nan,nan,nan,0.00,nan,nan
25-Mar-25 6:00:35 PM AEST,nan,nan,nan,nan,nan,nan,nan,nan,0.00,nan,nan,nan
25-Mar-25 6:02:00 PM AEST,nan,nan,93.3,nan,nan,nan,nan,nan,nan,nan,nan,nan
25-Mar-25 6:02:50 PM AEST,nan,nan,nan,nan,nan,nan,nan,5.11,nan,nan,nan,nan
25-Mar-25 6:02:52 PM AEST,nan,14.8,nan,nan,nan,nan,14.80,nan,nan,nan,nan,nan
25-Mar-25 6:02:58 PM AEST,nan,nan,nan,112.30,nan,nan,nan,nan,nan,nan,nan,112.30
25-Mar-25 6:03:00 PM AEST,112.3,nan,nan,nan,nan,nan,nan,nan,nan,nan,14.20,nan
25-Mar-25 6:03:02 PM AEST,nan,nan,nan,nan,nan,nan,nan,nan,nan,84.70,nan,nan
25-Mar-25 6:03:10 PM AEST,nan,nan,nan,nan,nan,nan,nan,nan,317.80,nan,nan,nan
25-Mar-25 6:04:00 PM AEST,nan,nan,nan,nan,0.60,3.41,nan,nan,nan,nan,nan,nan
25-Mar-25 6:04:30 PM AEST,nan,nan,23.6,nan,nan,nan,nan,nan,nan,nan,nan,nan
25-Mar-25 6:05:15 PM AEST,nan,nan,nan,nan,nan,nan,nan,11.23,nan,nan,nan,nan
25-Mar-25 6:05:15 PM AEST,nan,nan,nan,nan,nan,nan,nan,0.00,nan,nan,nan,nan
25-Mar-25 6:05:15 PM AEST,nan,nan,nan,nan,nan,nan,nan,11.23,nan,nan,nan,nan
25-Mar-25 6:05:18 PM AEST,nan,0.0,nan,nan,nan,nan,0.00,nan,nan,nan,nan,nan
25-Mar-25 6:05:18 PM AEST,nan,97.5,nan,nan,nan,nan,125.20,nan,nan,nan,nan,nan
25-Mar-25 6:05:18 PM AEST,nan,0.0,nan,nan,nan,nan,112.30,nan,nan,nan,nan,nan
25-Mar-25 6:05:27 PM AEST,nan,nan,nan,6552.80,nan,nan,nan,nan,nan,nan,nan,1.00
25-Mar-25 6:05:27 PM AEST,nan,nan,nan,0.20,nan,nan,nan,nan,nan,nan,nan,0.00
25-Mar-25 6:05:27 PM AEST,nan,nan,nan,0.00,nan,nan,nan,nan,nan,nan,nan,0.00
25-Mar-25 6:05:30 PM AEST,72.2,nan,nan,nan,nan,nan,nan,nan,nan,nan,0.00,nan
25-Mar-25 6:05:30 PM AEST,24.0,nan,nan,nan,nan,nan,nan,nan,nan,nan,72.20,nan
25-Mar-25 6:05:30 PM AEST,0.0,nan,nan,nan,nan,nan,nan,nan,nan,nan,72.20,nan
25-Mar-25 6:05:33 PM AEST,nan,nan,nan,nan,nan,nan,nan,nan,nan,0.00,nan,nan
25-Mar-25 6:05:33 PM AEST,nan,nan,nan,nan,nan,nan,nan,nan,nan,72.20,nan,nan
25-Mar-25 6:05:45 PM AEST,nan,nan,nan,nan,nan,nan,nan,nan,0.00,nan,nan,nan
25-Mar-25 6:06:30 PM AEST,nan,nan,nan,nan,72.20,65.53,nan,nan,nan,nan,nan,nan
25-Mar-25 6:07:00 PM AEST,nan,nan,93.3,nan,nan,nan,nan,nan,nan,nan,nan,nan
25-Mar-25 6:07:56 PM AEST,nan,nan,nan,6552.80,nan,nan,nan,nan,nan,nan,nan,1.00
25-Mar-25 6:08:00 PM AEST,72.2,nan,nan,nan,nan,nan,nan,nan,nan,nan,14.20,nan
25-Mar-25 6:08:04 PM AEST,nan,nan,nan,nan,nan,nan,nan,nan,nan,84.70,nan,nan
25-Mar-25 6:08:20 PM AEST,nan,nan,nan,nan,nan,nan,nan,nan,317.80,nan,nan,nan
25-Mar-25 6:09:00 PM AEST,nan,nan,nan,nan,0.60,3.41,nan,nan,nan,nan,nan,nan
25-Mar-25 6:10:00 PM AEST,nan,nan,nan,nan,nan,nan,0.00,nan,nan,nan,nan,nan
25-Mar-25 6:12:00 PM AEST,nan,nan,nan,nan,nan,nan,nan,0.00,nan,nan,nan,nan
25-Mar-25 6:14:00 PM AEST,24.0,97.5,nan,0.20,nan,nan,97.50,nan,nan,nan,nan,0.00
25-Mar-25 6:14:25 PM AEST,nan,nan,nan,nan,nan,nan,nan,12.52,nan,nan,nan,nan
25-Mar-25 6:16:26 PM AEST,nan,0.0,nan,nan,nan,nan,0.00,nan,nan,nan,nan,nan
25-Mar-25 6:16:29 PM AEST,nan,nan,nan,6552.80,nan,nan,nan,nan,nan,nan,nan,1.00
25-Mar-25 6:16:30 PM AEST,72.2,nan,nan,nan,nan,nan,nan,nan,nan,nan,nan,nan
25-Mar-25 6:16:50 PM AEST,nan,nan,nan,nan,nan,nan,nan,11.23,nan,nan,nan,nan
25-Mar-25 6:16:50 PM AEST,nan,nan,nan,nan,nan,nan,nan,0.00,nan,nan,nan,nan
25-Mar-25 6:18:00 PM AEST,nan,nan,23.6,nan,72.20,65.53,nan,nan,0.00,0.00,0.00,nan
25-Mar-25 6:18:52 PM AEST,nan,97.5,nan,nan,nan,nan,125.20,nan,nan,nan,nan,nan
25-Mar-25 6:18:58 PM AEST,nan,nan,nan,0.20,nan,nan,nan,nan,nan,nan,nan,0.00
25-Mar-25 6:19:00 PM AEST,24.0,nan,nan,nan,nan,nan,nan,nan,nan,nan,nan,nan
25-Mar-25 6:20:30 PM AEST,nan,nan,93.3,nan,0.60,3.41,nan,nan,nan,nan,14.20,nan
25-Mar-25 6:20:31 PM AEST,nan,nan,nan,nan,nan,nan,nan,nan,nan,84.70,nan,nan
25-Mar-25 6:20:35 PM AEST,nan,nan,nan,nan,nan,nan,nan,nan,317.80,nan,nan,nan
25-Mar-25 6:21:18 PM AEST,nan,0.0,nan,nan,nan,nan,nan,nan,nan,nan,nan,nan
25-Mar-25 6:21:27 PM AEST,nan,nan,nan,6552.80,nan,nan,nan,nan,nan,nan,nan,1.00
25-Mar-25 6:21:30 PM AEST,72.2,nan,nan,nan,nan,nan,nan,nan,nan,nan,nan,nan
25-Mar-25 6:23:02 PM AEST,nan,nan,nan,nan,nan,nan,nan,nan,nan,0.00,nan,nan
25-Mar-25 6:23:10 PM AEST,nan,nan,nan,nan,nan,nan,nan,nan,0.00,nan,nan,nan
25-Mar-25 6:23:44 PM AEST,nan,51.1,nan,nan,nan,nan,nan,nan,nan,nan,nan,nan
25-Mar-25 6:23:56 PM AEST,nan,nan,nan,14.80,nan,nan,nan,nan,nan,nan,nan,14.80
25-Mar-25 6:24:00 PM AEST,51.1,nan,nan,nan,nan,nan,51.10,1.38,nan,nan,nan,nan
25-Mar-25 6:26:00 PM AEST,nan,nan,23.6,nan,72.20,65.53,nan,nan,nan,nan,0.00,nan
25-Mar-25 6:26:10 PM AEST,nan,97.5,nan,nan,nan,nan,nan,nan,nan,nan,nan,nan
25-Mar-25 6:26:25 PM AEST,nan,nan,nan,0.20,nan,nan,nan,12.52,nan,nan,nan,0.00
25-Mar-25 6:26:26 PM AEST,nan,nan,nan,nan,nan,nan,97.50,nan,nan,nan,nan,nan
25-Mar-25 6:26:30 PM AEST,24.0,nan,nan,nan,nan,nan,nan,nan,nan,nan,nan,nan
25-Mar-25 6:28:30 PM AEST,nan,nan,93.3,nan,nan,nan,nan,nan,nan,nan,nan,nan
25-Mar-25 6:28:36 PM AEST,nan,14.8,nan,nan,nan,nan,nan,nan,nan,nan,nan,nan
25-Mar-25 6:28:50 PM AEST,nan,nan,nan,nan,nan,nan,nan,5.11,nan,nan,nan,nan
25-Mar-25 6:28:52 PM AEST,nan,nan,nan,nan,nan,nan,51.10,nan,nan,nan,nan,nan
25-Mar-25 6:28:54 PM AEST,nan,nan,nan,14.80,nan,nan,nan,nan,nan,nan,nan,112.30
25-Mar-25 6:29:00 PM AEST,14.8,nan,nan,nan,nan,nan,nan,nan,nan,nan,nan,nan
25-Mar-25 6:30:00 PM AEST,nan,nan,nan,nan,0.90,0.01,nan,nan,nan,nan,0.90,nan
25-Mar-25 6:31:00 PM AEST,nan,nan,1.4,nan,nan,nan,nan,nan,nan,nan,nan,nan
25-Mar-25 6:31:02 PM AEST,nan,0.0,nan,nan,nan,nan,nan,nan,nan,nan,nan,nan
25-Mar-25 6:31:15 PM AEST,nan,nan,nan,nan,nan,nan,nan,11.23,nan,nan,nan,nan
25-Mar-25 6:31:18 PM AEST,nan,nan,nan,nan,nan,nan,0.00,nan,nan,nan,nan,nan
25-Mar-25 6:31:23 PM AEST,nan,nan,nan,6552.80,nan,nan,nan,nan,nan,nan,nan,1.00
25-Mar-25 6:31:30 PM AEST,72.2,nan,nan,nan,nan,nan,nan,nan,nan,nan,nan,nan
25-Mar-25 6:32:00 PM AEST,nan,nan,nan,nan,nan,nan,nan,nan,8.30,8.30,nan,nan
25-Mar-25 6:32:30 PM AEST,nan,nan,nan,nan,0.60,3.41,nan,nan,nan,nan,14.20,nan
25-Mar-25 6:33:30 PM AEST,nan,nan,98.2,nan,nan,nan,nan,nan,nan,nan,nan,nan
25-Mar-25 6:34:31 PM AEST,nan,nan,nan,nan,nan,nan,nan,nan,nan,84.70,nan,nan
25-Mar-25 6:34:35 PM AEST,nan,nan,nan,nan,nan,nan,nan,nan,317.80,nan,nan,nan
25-Mar-25 6:36:00 PM AEST,24.0,97.5,93.3,0.20,nan,nan,125.20,58.35,nan,nan,nan,nan
25-Mar-25 6:38:00 PM AEST,nan,nan,nan,nan,nan,nan,nan,nan,0.00,0.00,0.00,nan
25-Mar-25 6:38:25 PM AEST,nan,nan,nan,nan,nan,nan,nan,5.11,nan,nan,nan,nan
25-Mar-25 6:38:26 PM AEST,nan,14.8,nan,nan,nan,nan,51.10,nan,nan,nan,nan,nan
25-Mar-25 6:38:29 PM AEST,nan,nan,nan,14.80,nan,nan,nan,nan,nan,nan,nan,nan
25-Mar-25 6:38:30 PM AEST,14.8,nan,nan,nan,nan,nan,nan,nan,nan,nan,nan,nan
25-Mar-25 6:40:00 PM AEST,nan,nan,nan,nan,nan,nan,nan,nan,nan,nan,nan,112.30
25-Mar-25 6:40:30 PM AEST,nan,nan,nan,nan,nan,nan,nan,nan,nan,nan,0.90,nan
25-Mar-25 6:40:31 PM AEST,nan,nan,nan,nan,nan,nan,nan,nan,nan,0.90,nan,nan
25-Mar-25 6:40:35 PM AEST,nan,nan,nan,nan,nan,nan,nan,nan,0.90,nan,nan,nan
25-Mar-25 6:40:50 PM AEST,nan,nan,nan,nan,nan,nan,nan,11.23,nan,nan,nan,nan
25-Mar-25 6:40:52 PM AEST,nan,0.0,nan,nan,nan,nan,0.00,nan,nan,nan,nan,nan
25-Mar-25 6:40:58 PM AEST,nan,nan,nan,6552.80,nan,nan,nan,nan,nan,nan,nan,nan
25-Mar-25 6:41:00 PM AEST,72.2,nan,nan,nan,nan,nan,nan,nan,nan,nan,nan,nan
25-Mar-25 6:42:00 PM AEST,nan,nan,317.8,nan,1.40,0.01,nan,nan,nan,nan,nan,nan
25-Mar-25 6:42:29 PM AEST,nan,nan,nan,nan,nan,nan,nan,nan,nan,nan,nan,1.00
25-Mar-25 6:43:02 PM AEST,nan,nan,nan,nan,nan,nan,nan,nan,nan,84.70,nan,nan
25-Mar-25 6:43:10 PM AEST,nan,nan,nan,nan,nan,nan,nan,nan,317.80,nan,nan,nan
25-Mar-25 6:44:00 PM AEST,nan,nan,nan,nan,nan,nan,nan,nan,nan,nan,14.20,nan
25-Mar-25 6:44:30 PM AEST,nan,nan,93.3,nan,0.60,3.41,nan,nan,nan,nan,nan,nan
25-Mar-25 6:46:00 PM AEST,24.0,97.5,nan,0.20,nan,nan,nan,nan,nan,nan,nan,nan
25-Mar-25 6:48:00 PM AEST,nan,nan,nan,nan,nan,nan,97.50,12.52,0.00,nan,nan,nan
25-Mar-25 6:48:26 PM AEST,nan,51.1,nan,nan,nan,nan,nan,nan,nan,nan,nan,nan
25-Mar-25 6:48:29 PM AEST,nan,nan,nan,14.80,nan,nan,nan,nan,nan,nan,nan,nan
25-Mar-25 6:48:30 PM AEST,51.1,nan,nan,nan,nan,nan,nan,nan,nan,nan,nan,nan
25-Mar-25 6:50:00 PM AEST,nan,nan,nan,nan,72.20,65.53,nan,nan,nan,0.00,0.00,14.80
25-Mar-25 6:50:25 PM AEST,nan,nan,nan,nan,nan,nan,nan,1.38,nan,nan,nan,nan
25-Mar-25 6:50:26 PM AEST,nan,nan,nan,nan,nan,nan,51.10,nan,nan,nan,nan,nan
25-Mar-25 6:50:35 PM AEST,nan,nan,nan,nan,nan,nan,nan,nan,317.80,nan,nan,nan
25-Mar-25 6:50:52 PM AEST,nan,0.0,nan,nan,nan,nan,nan,nan,nan,nan,nan,nan
25-Mar-25 6:50:58 PM AEST,nan,nan,nan,6552.80,nan,nan,nan,nan,nan,nan,nan,nan
25-Mar-25 6:51:00 PM AEST,72.2,nan,nan,nan,nan,nan,nan,nan,nan,nan,nan,nan
25-Mar-25 6:52:29 PM AEST,nan,nan,nan,nan,nan,nan,nan,nan,nan,nan,nan,1.00
25-Mar-25 6:52:30 PM AEST,nan,nan,nan,nan,0.60,3.41,nan,nan,nan,nan,14.20,nan
25-Mar-25 6:52:30 PM AEST,nan,nan,nan,nan,0.60,0.01,nan,nan,nan,nan,14.20,nan
25-Mar-25 6:52:31 PM AEST,nan,nan,nan,nan,nan,nan,nan,nan,nan,84.70,nan,nan
25-Mar-25 6:52:50 PM AEST,nan,nan,nan,nan,nan,nan,nan,11.23,nan,nan,nan,nan
25-Mar-25 6:52:52 PM AEST,nan,nan,nan,nan,nan,nan,0.00,nan,nan,nan,nan,nan
25-Mar-25 6:54:00 PM AEST,nan,nan,341.4,nan,nan,nan,nan,nan,nan,nan,nan,nan
25-Mar-25 6:55:00 PM AEST,nan,nan,nan,nan,nan,3.41,nan,nan,nan,nan,nan,nan
25-Mar-25 6:56:30 PM AEST,nan,nan,93.3,nan,nan,nan,nan,nan,nan,nan,nan,nan
25-Mar-25 6:59:00 PM AEST,nan,nan,23.6,nan,nan,nan,nan,nan,nan,nan,nan,nan
25-Mar-25 7:00:00 PM AEST,112.3,14.8,nan,112.30,72.20,65.53,14.80,5.11,0.00,0.00,0.00,112.30
25-Mar-25 7:01:30 PM AEST,nan,nan,0.9,nan,nan,nan,nan,nan,nan,nan,nan,nan
25-Mar-25 7:02:25 PM AEST,nan,nan,nan,nan,nan,nan,nan,11.23,nan,nan,nan,nan
25-Mar-25 7:02:26 PM AEST,nan,0.0,nan,nan,nan,nan,0.00,nan,nan,nan,nan,nan
25-Mar-25 7:02:29 PM AEST,nan,nan,nan,6552.80,nan,nan,nan,nan,nan,nan,nan,1.00
25-Mar-25 7:02:30 PM AEST,72.2,nan,nan,nan,8.30,0.01,nan,nan,nan,nan,8.30,nan
25-Mar-25 7:02:31 PM AEST,nan,nan,nan,nan,nan,nan,nan,nan,nan,8.30,nan,nan
25-Mar-25 7:02:35 PM AEST,nan,nan,nan,nan,nan,nan,nan,nan,23.60,nan,nan,nan
25-Mar-25 7:04:00 PM AEST,nan,nan,93.3,nan,nan,nan,nan,nan,nan,nan,nan,nan
25-Mar-25 7:05:00 PM AEST,nan,nan,nan,nan,0.60,3.41,nan,nan,nan,nan,14.20,nan
25-Mar-25 7:05:02 PM AEST,nan,nan,nan,nan,nan,nan,nan,nan,nan,84.70,nan,nan
25-Mar-25 7:05:10 PM AEST,nan,nan,nan,nan,nan,nan,nan,nan,317.80,nan,nan,nan
25-Mar-25 7:08:00 PM AEST,nan,97.5,nan,nan,nan,nan,125.20,0.00,nan,nan,nan,nan
25-Mar-25 7:10:00 PM AEST,13.8,nan,nan,13.80,nan,nan,nan,nan,0.00,nan,nan,51.10
25-Mar-25 7:10:26 PM AEST,nan,13.8,nan,nan,nan,nan,0.00,nan,nan,nan,nan,nan
25-Mar-25 7:12:00 PM AEST,nan,nan,nan,nan,nan,nan,nan,11.23,nan,nan,nan,nan
25-Mar-25 7:12:29 PM AEST,nan,nan,nan,6552.80,nan,nan,nan,nan,nan,nan,nan,1.00
25-Mar-25 7:12:30 PM AEST,72.2,nan,nan,nan,nan,nan,nan,nan,nan,nan,nan,nan
25-Mar-25 7:12:35 PM AEST,nan,nan,nan,nan,nan,nan,nan,nan,317.80,nan,nan,nan
25-Mar-25 7:12:52 PM AEST,nan,0.0,nan,nan,nan,nan,nan,nan,nan,nan,nan,nan
25-Mar-25 7:14:00 PM AEST,nan,nan,0.6,nan,14.20,0.14,nan,nan,nan,nan,nan,nan
25-Mar-25 7:16:30 PM AEST,nan,nan,93.3,nan,0.60,3.41,nan,nan,nan,nan,nan,nan
25-Mar-25 7:16:30 PM AEST,nan,nan,23.6,nan,72.20,65.53,nan,nan,nan,nan,nan,nan
25-Mar-25 7:18:00 PM AEST,24.0,97.5,nan,0.20,nan,nan,125.20,0.00,0.00,0.00,0.00,0.00
25-Mar-25 7:18:00 PM AEST,0.0,0.0,nan,0.00,nan,nan,0.00,11.23,6552.80,6552.80,6552.80,0.00
25-Mar-25 7:19:00 PM AEST,nan,nan,nan,nan,1.00,0.01,nan,nan,nan,nan,nan,nan
25-Mar-25 7:19:00 PM AEST,nan,nan,nan,nan,72.20,65.53,nan,nan,nan,nan,nan,nan
25-Mar-25 7:20:25 PM AEST,nan,nan,nan,nan,nan,nan,nan,0.00,nan,nan,nan,nan
25-Mar-25 7:20:26 PM AEST,nan,13.8,nan,nan,nan,nan,13.80,nan,nan,nan,nan,nan
25-Mar-25 7:20:29 PM AEST,nan,nan,nan,51.10,nan,nan,nan,nan,nan,nan,nan,51.10
25-Mar-25 7:20:30 PM AEST,51.1,nan,nan,nan,nan,nan,nan,nan,nan,nan,0.00,nan
25-Mar-25 7:20:31 PM AEST,nan,nan,nan,nan,nan,nan,nan,nan,nan,0.00,nan,nan
25-Mar-25 7:20:35 PM AEST,nan,nan,nan,nan,nan,nan,nan,nan,0.00,nan,nan,nan
25-Mar-25 7:22:50 PM AEST,nan,nan,nan,nan,nan,nan,nan,11.23,nan,nan,nan,nan
25-Mar-25 7:22:52 PM AEST,nan,97.5,nan,nan,nan,nan,125.20,nan,nan,nan,nan,nan
25-Mar-25 7:22:52 PM AEST,nan,0.0,nan,nan,nan,nan,0.00,nan,nan,nan,nan,nan
25-Mar-25 7:22:58 PM AEST,nan,nan,nan,0.20,nan,nan,nan,nan,nan,nan,nan,0.00
25-Mar-25 7:22:58 PM AEST,nan,nan,nan,6552.80,nan,nan,nan,nan,nan,nan,nan,1.00
25-Mar-25 7:23:00 PM AEST,24.0,nan,nan,nan,nan,nan,nan,nan,nan,nan,14.20,nan
25-Mar-25 7:23:00 PM AEST,72.2,nan,nan,nan,nan,nan,nan,nan,nan,nan,14.20,nan
25-Mar-25 7:23:02 PM AEST,nan,nan,nan,nan,nan,nan,nan,nan,nan,84.70,nan,nan
25-Mar-25 7:23:10 PM AEST,nan,nan,nan,nan,nan,nan,nan,nan,317.80,nan,nan,nan
25-Mar-25 7:24:00 PM AEST,nan,nan,93.3,nan,0.60,3.41,nan,nan,nan,nan,nan,nan
25-Mar-25 7:24:00 PM AEST,nan,nan,14.2,nan,84.70,0.85,nan,nan,nan,nan,nan,nan
25-Mar-25 7:25:15 PM AEST,nan,nan,nan,nan,nan,nan,nan,0.00,nan,nan,nan,nan
25-Mar-25 7:25:18 PM AEST,nan,97.5,nan,nan,nan,nan,125.20,nan,nan,nan,nan,nan
25-Mar-25 7:25:27 PM AEST,nan,nan,nan,0.20,nan,nan,nan,nan,nan,nan,nan,0.00
25-Mar-25 7:25:30 PM AEST,24.0,nan,nan,nan,nan,nan,nan,nan,nan,nan,317.80,nan
25-Mar-25 7:25:30 PM AEST,24.0,nan,nan,nan,nan,nan,nan,nan,nan,nan,0.00,nan
25-Mar-25 7:25:33 PM AEST,nan,nan,nan,nan,nan,nan,nan,nan,nan,317.80,nan,nan
25-Mar-25 7:25:33 PM AEST,nan,nan,nan,nan,nan,nan,nan,nan,nan,0.00,nan,nan
25-Mar-25 7:25:45 PM AEST,nan,nan,nan,nan,nan,nan,nan,nan,0.00,nan,nan,nan
25-Mar-25 7:26:30 PM AEST,nan,nan,23.6,nan,72.20,65.53,nan,nan,nan,nan,nan,nan
25-Mar-25 7:28:00 PM AEST,nan,nan,nan,nan,nan,nan,nan,nan,nan,nan,14.20,nan
25-Mar-25 7:28:04 PM AEST,nan,nan,nan,nan,nan,nan,nan,nan,nan,84.70,nan,nan
25-Mar-25 7:28:20 PM AEST,nan,nan,nan,nan,nan,nan,nan,nan,317.80,nan,nan,nan
25-Mar-25 7:29:00 PM AEST,nan,nan,93.3,nan,0.60,3.41,nan,nan,nan,nan,nan,nan
25-Mar-25 7:30:00 PM AEST,72.2,0.0,nan,6552.80,nan,nan,nan,nan,nan,nan,nan,1.00
25-Mar-25 7:32:00 PM AEST,nan,nan,nan,nan,nan,nan,0.00,nan,0.00,nan,nan,nan
25-Mar-25 7:32:26 PM AEST,nan,13.8,nan,nan,nan,nan,nan,nan,nan,nan,nan,nan
25-Mar-25 7:32:29 PM AEST,nan,nan,nan,13.80,nan,nan,nan,nan,nan,nan,nan,51.10
25-Mar-25 7:32:30 PM AEST,13.8,nan,nan,nan,nan,nan,nan,nan,nan,nan,nan,nan
25-Mar-25 7:34:00 PM AEST,nan,nan,23.6,nan,72.20,65.53,nan,nan,nan,0.00,0.00,nan
25-Mar-25 7:34:26 PM AEST,nan,nan,nan,nan,nan,nan,125.20,nan,nan,nan,nan,nan
25-Mar-25 7:34:52 PM AEST,nan,97.5,nan,nan,nan,nan,nan,nan,nan,nan,nan,nan
25-Mar-25 7:34:58 PM AEST,nan,nan,nan,0.20,nan,nan,nan,nan,nan,nan,nan,0.00
25-Mar-25 7:35:00 PM AEST,24.0,nan,nan,nan,nan,nan,nan,nan,nan,nan,nan,nan
25-Mar-25 7:36:30 PM AEST,nan,nan,93.3,nan,0.60,3.41,nan,nan,nan,nan,14.20,nan
25-Mar-25 7:36:30 PM AEST,nan,nan,0.6,nan,14.20,0.14,nan,nan,nan,nan,14.20,nan
25-Mar-25 7:36:31 PM AEST,nan,nan,nan,nan,nan,nan,nan,nan,nan,84.70,nan,nan
25-Mar-25 7:36:52 PM AEST,nan,nan,nan,nan,nan,nan,0.00,nan,nan,nan,nan,nan
25-Mar-25 7:37:18 PM AEST,nan,0.0,nan,nan,nan,nan,nan,nan,nan,nan,nan,nan
25-Mar-25 7:37:27 PM AEST,nan,nan,nan,6552.80,nan,nan,nan,nan,nan,nan,nan,1.00
25-Mar-25 7:37:30 PM AEST,72.2,nan,nan,nan,nan,nan,nan,nan,nan,nan,nan,nan
25-Mar-25 7:38:00 PM AEST,nan,nan,nan,nan,nan,nan,nan,11.23,317.80,nan,nan,nan
25-Mar-25 7:38:00 PM AEST,nan,nan,nan,nan,nan,nan,nan,11.23,0.90,nan,nan,nan
25-Mar-25 7:39:00 PM AEST,nan,nan,317.8,nan,1.40,0.01,nan,nan,nan,nan,0.90,nan
25-Mar-25 7:39:02 PM AEST,nan,nan,nan,nan,nan,nan,nan,nan,nan,0.90,nan,nan
25-Mar-25 7:39:44 PM AEST,nan,97.5,nan,nan,nan,nan,nan,nan,nan,nan,nan,nan
25-Mar-25 7:39:56 PM AEST,nan,nan,nan,0.20,nan,nan,nan,nan,nan,nan,nan,0.00
25-Mar-25 7:40:00 PM AEST,24.0,nan,nan,nan,nan,nan,125.20,nan,nan,nan,nan,nan
25-Mar-25 7:40:25 PM AEST,nan,nan,nan,nan,nan,nan,nan,0.00,nan,nan,nan,nan
25-Mar-25 7:40:35 PM AEST,nan,nan,nan,nan,nan,nan,nan,nan,0.00,nan,nan,nan
25-Mar-25 7:41:30 PM AEST,nan,nan,23.6,nan,72.20,65.53,nan,nan,nan,nan,0.00,nan
25-Mar-25 7:41:30 PM AEST,nan,nan,93.3,nan,0.60,3.41,nan,nan,nan,nan,14.20,nan
25-Mar-25 7:41:30 PM AEST,nan,nan,23.6,nan,72.20,65.53,nan,nan,nan,nan,0.00,nan
25-Mar-25 7:41:33 PM AEST,nan,nan,nan,nan,nan,nan,nan,nan,nan,0.00,nan,nan
25-Mar-25 7:41:33 PM AEST,nan,nan,nan,nan,nan,nan,nan,nan,nan,84.70,nan,nan
25-Mar-25 7:41:33 PM AEST,nan,nan,nan,nan,nan,nan,nan,nan,nan,0.00,nan,nan
25-Mar-25 7:42:50 PM AEST,nan,nan,nan,nan,nan,nan,nan,12.52,nan,nan,nan,nan
25-Mar-25 7:44:00 PM AEST,nan,nan,93.3,nan,nan,3.41,nan,nan,nan,nan,nan,nan
25-Mar-25 7:45:15 PM AEST,nan,nan,nan,nan,nan,nan,nan,5.11,nan,nan,nan,nan
25-Mar-25 7:46:00 PM AEST,112.3,14.8,nan,112.30,nan,nan,14.80,nan,nan,nan,nan,112.30
25-Mar-25 7:46:00 PM AEST,0.0,0.0,nan,13.80,nan,nan,0.00,nan,nan,nan,nan,13.80
25-Mar-25 7:46:30 PM AEST,nan,nan,23.6,nan,nan,65.53,nan,nan,nan,nan,nan,nan
25-Mar-25 7:47:40 PM AEST,nan,nan,nan,nan,nan,nan,nan,0.02,nan,nan,nan,nan
25-Mar-25 7:48:29 PM AEST,nan,nan,nan,0.00,nan,nan,nan,nan,nan,nan,nan,0.00
25-Mar-25 7:49:00 PM AEST,nan,nan,nan,nan,nan,0.01,nan,nan,nan,nan,nan,nan
25-Mar-25 7:50:00 PM AEST,nan,nan,nan,nan,1.00,nan,nan,nan,6552.80,6552.80,6552.80,nan
25-Mar-25 7:50:05 PM AEST,nan,nan,nan,nan,nan,nan,nan,11.23,nan,nan,nan,nan
25-Mar-25 7:50:58 PM AEST,nan,nan,nan,nan,nan,nan,nan,nan,nan,nan,nan,1.00
25-Mar-25 7:51:30 PM AEST,nan,nan,nan,nan,nan,0.14,nan,nan,nan,nan,nan,nan
25-Mar-25 7:52:00 PM AEST,72.2,nan,0.6,6552.80,nan,nan,nan,nan,nan,nan,nan,nan
25-Mar-25 7:52:30 PM AEST,nan,nan,nan,nan,14.20,nan,nan,nan,nan,nan,14.20,nan
25-Mar-25 7:52:30 PM AEST,nan,nan,nan,nan,8.30,nan,nan,nan,nan,nan,23.60,nan
25-Mar-25 7:52:31 PM AEST,nan,nan,nan,nan,nan,nan,nan,nan,nan,84.70,nan,nan
25-Mar-25 7:52:31 PM AEST,nan,nan,nan,nan,nan,nan,nan,nan,nan,23.60,nan,nan
25-Mar-25 7:52:35 PM AEST,nan,nan,nan,nan,nan,nan,nan,nan,317.80,nan,nan,nan
25-Mar-25 7:52:35 PM AEST,nan,nan,nan,nan,nan,nan,nan,nan,23.60,nan,nan,nan
25-Mar-25 7:53:27 PM AEST,nan,nan,nan,nan,nan,nan,nan,nan,nan,nan,nan,6552.80
25-Mar-25 7:54:00 PM AEST,nan,nan,nan,nan,nan,0.08,nan,nan,nan,nan,nan,nan
25-Mar-25 7:54:30 PM AEST,nan,nan,0.9,nan,nan,nan,nan,nan,nan,nan,nan,nan
25-Mar-25 7:54:30 PM AEST,nan,nan,0.6,nan,nan,nan,nan,nan,nan,nan,nan,nan
25-Mar-25 7:55:00 PM AEST,nan,nan,nan,nan,14.20,nan,nan,nan,nan,nan,14.20,nan
25-Mar-25 7:55:02 PM AEST,nan,nan,nan,nan,nan,nan,nan,nan,nan,84.70,nan,nan
25-Mar-25 7:55:10 PM AEST,nan,nan,nan,nan,nan,nan,nan,nan,317.80,nan,nan,nan
25-Mar-25 7:55:56 PM AEST,nan,nan,nan,nan,nan,nan,nan,nan,nan,nan,nan,1.00
25-Mar-25 7:56:30 PM AEST,nan,nan,nan,nan,nan,0.14,nan,nan,nan,nan,nan,nan
25-Mar-25 7:57:00 PM AEST,nan,nan,93.3,nan,nan,nan,nan,nan,nan,nan,nan,nan
25-Mar-25 7:57:30 PM AEST,nan,nan,nan,nan,0.60,nan,nan,nan,nan,nan,nan,nan
25-Mar-25 7:58:25 PM AEST,nan,nan,nan,nan,nan,nan,nan,nan,nan,nan,nan,13.80
25-Mar-25 7:59:00 PM AEST,nan,nan,nan,nan,nan,3.41,nan,nan,nan,nan,nan,nan
25-Mar-25 7:59:00 PM AEST,nan,nan,nan,nan,nan,65.53,nan,nan,nan,nan,nan,nan
25-Mar-25 7:59:30 PM AEST,nan,nan,23.6,nan,nan,nan,nan,nan,nan,nan,nan,nan
25-Mar-25 8:00:00 PM AEST,24.0,97.5,nan,0.20,72.20,nan,125.20,0.00,0.00,0.00,0.00,nan
25-Mar-25 8:00:00 PM AEST,0.0,0.0,nan,13.80,72.20,nan,0.00,0.02,0.00,0.00,0.00,nan
25-Mar-25 8:00:54 PM AEST,nan,nan,nan,nan,nan,nan,nan,nan,nan,nan,nan,0.00
25-Mar-25 8:02:25 PM AEST,nan,nan,nan,nan,nan,nan,nan,0.00,nan,nan,nan,nan
25-Mar-25 8:02:25 PM AEST,nan,nan,nan,nan,nan,nan,nan,2.40,nan,nan,nan,nan
25-Mar-25 8:02:26 PM AEST,nan,97.5,nan,nan,nan,nan,125.20,nan,nan,nan,nan,nan
25-Mar-25 8:02:26 PM AEST,nan,0.2,nan,nan,nan,nan,0.20,nan,nan,nan,nan,nan
25-Mar-25 8:02:26 PM AEST,nan,97.5,nan,nan,nan,nan,125.20,nan,nan,nan,nan,nan
25-Mar-25 8:02:29 PM AEST,nan,nan,nan,0.20,nan,nan,nan,nan,nan,nan,nan,nan
25-Mar-25 8:02:29 PM AEST,nan,nan,nan,0.00,nan,nan,nan,nan,nan,nan,nan,nan
25-Mar-25 8:02:29 PM AEST,nan,nan,nan,0.20,nan,nan,nan,nan,nan,nan,nan,nan
25-Mar-25 8:02:30 PM AEST,24.0,nan,nan,nan,nan,nan,nan,nan,nan,nan,nan,nan
25-Mar-25 8:02:30 PM AEST,0.0,nan,nan,nan,nan,nan,nan,nan,nan,nan,nan,nan
25-Mar-25 8:02:30 PM AEST,24.0,nan,nan,nan,nan,nan,nan,nan,nan,nan,nan,nan
25-Mar-25 8:04:00 PM AEST,nan,nan,nan,nan,1.00,0.01,nan,nan,6552.80,6552.80,6552.80,nan
25-Mar-25 8:04:50 PM AEST,nan,nan,nan,nan,nan,nan,nan,0.00,nan,nan,nan,nan
25-Mar-25 8:04:50 PM AEST,nan,nan,nan,nan,nan,nan,nan,11.23,nan,nan,nan,nan
25-Mar-25 8:04:50 PM AEST,nan,nan,nan,nan,nan,nan,nan,0.00,nan,nan,nan,nan
25-Mar-25 8:04:52 PM AEST,nan,0.0,nan,nan,nan,nan,0.00,nan,nan,nan,nan,nan
25-Mar-25 8:04:52 PM AEST,nan,97.5,nan,nan,nan,nan,125.20,nan,nan,nan,nan,nan
25-Mar-25 8:04:58 PM AEST,nan,nan,nan,0.00,nan,nan,nan,nan,nan,nan,nan,nan
25-Mar-25 8:04:58 PM AEST,nan,nan,nan,0.20,nan,nan,nan,nan,nan,nan,nan,nan
25-Mar-25 8:05:00 PM AEST,0.0,nan,nan,nan,nan,nan,nan,nan,nan,nan,nan,nan
25-Mar-25 8:05:00 PM AEST,24.0,nan,nan,nan,nan,nan,nan,nan,nan,nan,nan,nan
25-Mar-25 8:06:30 PM AEST,nan,nan,nan,nan,72.20,65.53,nan,nan,nan,nan,0.00,nan
25-Mar-25 8:06:30 PM AEST,nan,nan,nan,nan,0.60,3.41,nan,nan,nan,nan,14.20,nan
25-Mar-25 8:06:31 PM AEST,nan,nan,nan,nan,nan,nan,nan,nan,nan,0.00,nan,nan
25-Mar-25 8:06:31 PM AEST,nan,nan,nan,nan,nan,nan,nan,nan,nan,84.70,nan,nan
25-Mar-25 8:06:35 PM AEST,nan,nan,nan,nan,nan,nan,nan,nan,0.00,nan,nan,nan
25-Mar-25 8:07:15 PM AEST,nan,nan,nan,nan,nan,nan,nan,2.40,nan,nan,nan,nan
25-Mar-25 8:07:18 PM AEST,nan,0.2,nan,nan,nan,nan,0.20,nan,nan,nan,nan,nan
25-Mar-25 8:07:27 PM AEST,nan,nan,nan,0.00,nan,nan,nan,nan,nan,nan,nan,nan
25-Mar-25 8:07:30 PM AEST,0.0,nan,nan,nan,nan,nan,nan,nan,nan,nan,nan,nan
25-Mar-25 8:08:00 PM AEST,nan,nan,93.3,nan,nan,nan,nan,nan,nan,nan,nan,nan
25-Mar-25 8:09:00 PM AEST,nan,nan,nan,nan,72.20,65.53,nan,nan,nan,nan,0.00,nan
25-Mar-25 8:09:02 PM AEST,nan,nan,nan,nan,nan,nan,nan,nan,nan,0.00,nan,nan
25-Mar-25 8:09:40 PM AEST,nan,nan,nan,nan,nan,nan,nan,0.00,nan,nan,nan,nan
25-Mar-25 8:09:44 PM AEST,nan,97.5,nan,nan,nan,nan,125.20,nan,nan,nan,nan,nan
25-Mar-25 8:09:56 PM AEST,nan,nan,nan,0.20,nan,nan,nan,nan,nan,nan,nan,nan
25-Mar-25 8:10:00 PM AEST,24.0,nan,nan,nan,nan,nan,nan,nan,nan,nan,nan,nan
25-Mar-25 8:10:30 PM AEST,nan,nan,23.6,nan,nan,nan,nan,nan,nan,nan,nan,nan
25-Mar-25 8:10:30 PM AEST,nan,nan,93.3,nan,nan,nan,nan,nan,nan,nan,nan,nan
25-Mar-25 8:11:30 PM AEST,nan,nan,nan,nan,0.60,3.41,nan,nan,nan,nan,14.20,nan
25-Mar-25 8:11:33 PM AEST,nan,nan,nan,nan,nan,nan,nan,nan,nan,84.70,nan,nan
25-Mar-25 8:12:00 PM AEST,nan,nan,nan,nan,nan,nan,nan,nan,317.80,nan,nan,13.80
25-Mar-25 8:12:05 PM AEST,nan,nan,nan,nan,nan,nan,nan,0.02,nan,nan,nan,nan
25-Mar-25 8:12:10 PM AEST,nan,0.0,nan,nan,nan,nan,0.00,nan,nan,nan,nan,nan
25-Mar-25 8:12:25 PM AEST,nan,nan,nan,13.80,nan,nan,nan,nan,nan,nan,nan,nan
25-Mar-25 8:12:30 PM AEST,0.0,nan,nan,nan,nan,nan,nan,nan,nan,nan,nan,nan
25-Mar-25 8:14:00 PM AEST,nan,nan,23.6,nan,72.20,65.53,nan,nan,nan,nan,0.00,nan
25-Mar-25 8:14:00 PM AEST,nan,nan,93.3,nan,0.60,3.41,nan,nan,nan,nan,14.20,nan
25-Mar-25 8:14:04 PM AEST,nan,nan,nan,nan,nan,nan,nan,nan,nan,0.00,nan,nan
25-Mar-25 8:14:29 PM AEST,nan,nan,nan,nan,nan,nan,nan,nan,nan,nan,nan,0.00
25-Mar-25 8:14:29 PM AEST,nan,nan,nan,nan,nan,nan,nan,nan,nan,nan,nan,1.00
25-Mar-25 8:14:30 PM AEST,nan,nan,nan,nan,nan,nan,nan,0.00,nan,nan,nan,nan
25-Mar-25 8:14:35 PM AEST,nan,nan,nan,nan,nan,nan,nan,nan,0.00,nan,nan,nan
25-Mar-25 8:14:35 PM AEST,nan,nan,nan,nan,nan,nan,nan,nan,317.80,nan,nan,nan
25-Mar-25 8:14:36 PM AEST,nan,97.5,nan,nan,nan,nan,125.20,nan,nan,nan,nan,nan
25-Mar-25 8:14:54 PM AEST,nan,nan,nan,0.20,nan,nan,nan,nan,nan,nan,nan,nan
25-Mar-25 8:14:54 PM AEST,nan,nan,nan,6552.80,nan,nan,nan,nan,nan,nan,nan,nan
25-Mar-25 8:15:00 PM AEST,24.0,nan,nan,nan,nan,nan,nan,nan,nan,nan,nan,nan
25-Mar-25 8:15:00 PM AEST,72.2,nan,nan,nan,nan,nan,nan,nan,nan,nan,nan,nan
25-Mar-25 8:16:35 PM AEST,nan,nan,nan,nan,nan,nan,nan,nan,nan,84.70,nan,nan
25-Mar-25 8:16:55 PM AEST,nan,nan,nan,nan,nan,nan,nan,11.23,nan,nan,nan,nan
25-Mar-25 8:17:02 PM AEST,nan,0.0,nan,nan,nan,nan,0.00,nan,nan,nan,nan,nan
25-Mar-25 8:17:30 PM AEST,24.0,nan,nan,nan,nan,nan,nan,nan,nan,nan,nan,nan
25-Mar-25 8:19:06 PM AEST,nan,nan,nan,nan,nan,nan,nan,nan,nan,0.00,nan,nan
25-Mar-25 8:19:20 PM AEST,nan,nan,nan,nan,nan,nan,nan,0.00,nan,nan,nan,nan
25-Mar-25 8:19:20 PM AEST,nan,nan,nan,nan,nan,nan,nan,11.23,nan,nan,nan,nan
25-Mar-25 8:19:20 PM AEST,nan,nan,nan,nan,nan,nan,nan,0.00,nan,nan,nan,nan
25-Mar-25 8:19:28 PM AEST,nan,97.5,nan,nan,nan,nan,125.20,nan,nan,nan,nan,nan
25-Mar-25 8:19:28 PM AEST,nan,0.0,nan,nan,nan,nan,0.00,nan,nan,nan,nan,nan
25-Mar-25 8:19:28 PM AEST,nan,97.5,nan,nan,nan,nan,125.20,nan,nan,nan,nan,nan
25-Mar-25 8:20:00 PM AEST,72.2,nan,23.6,0.20,72.20,65.53,nan,nan,0.00,nan,0.00,0.00
25-Mar-25 8:20:00 PM AEST,24.0,nan,23.6,0.20,72.20,65.53,nan,nan,0.00,nan,0.00,0.00
25-Mar-25 8:21:37 PM AEST,nan,nan,nan,nan,nan,nan,nan,nan,nan,84.70,nan,nan
25-Mar-25 8:21:45 PM AEST,nan,nan,nan,nan,nan,nan,nan,58.35,nan,nan,nan,nan
25-Mar-25 8:21:54 PM AEST,nan,0.0,nan,nan,nan,nan,nan,nan,nan,nan,nan,nan
25-Mar-25 8:22:29 PM AEST,nan,nan,nan,6552.80,nan,nan,nan,nan,nan,nan,nan,1.00
25-Mar-25 8:22:30 PM AEST,72.2,nan,93.3,nan,0.60,3.41,nan,nan,nan,nan,14.20,nan
25-Mar-25 8:22:35 PM AEST,nan,nan,nan,nan,nan,nan,nan,nan,317.80,nan,nan,nan
25-Mar-25 8:24:08 PM AEST,nan,nan,nan,nan,nan,nan,nan,nan,nan,0.00,nan,nan
25-Mar-25 8:24:10 PM AEST,nan,nan,nan,nan,nan,nan,nan,0.00,nan,nan,nan,nan
25-Mar-25 8:24:10 PM AEST,nan,nan,nan,nan,nan,nan,nan,5.11,nan,nan,nan,nan
25-Mar-25 8:24:20 PM AEST,nan,97.5,nan,nan,nan,nan,nan,nan,nan,nan,nan,nan
25-Mar-25 8:24:20 PM AEST,nan,14.8,nan,nan,nan,nan,nan,nan,nan,nan,nan,nan
25-Mar-25 8:24:58 PM AEST,nan,nan,nan,0.20,nan,nan,nan,nan,nan,nan,nan,0.00
25-Mar-25 8:24:58 PM AEST,nan,nan,nan,14.80,nan,nan,nan,nan,nan,nan,nan,112.30
25-Mar-25 8:25:00 PM AEST,24.0,nan,23.6,nan,72.20,65.53,nan,nan,nan,nan,0.00,nan
25-Mar-25 8:25:00 PM AEST,14.8,nan,23.6,nan,72.20,65.53,nan,nan,nan,nan,0.00,nan
25-Mar-25 8:25:10 PM AEST,nan,nan,nan,nan,nan,nan,nan,nan,0.00,nan,nan,nan
25-Mar-25 8:26:00 PM AEST,nan,nan,nan,nan,nan,nan,51.10,nan,nan,nan,nan,nan
25-Mar-25 8:26:00 PM AEST,nan,nan,nan,nan,nan,nan,125.20,nan,nan,nan,nan,nan
25-Mar-25 8:26:35 PM AEST,nan,nan,nan,nan,nan,nan,nan,0.00,nan,nan,nan,nan
25-Mar-25 8:26:46 PM AEST,nan,97.5,nan,nan,nan,nan,nan,nan,nan,nan,nan,nan
25-Mar-25 8:27:27 PM AEST,nan,nan,nan,0.20,nan,nan,nan,nan,nan,nan,nan,0.00
25-Mar-25 8:27:27 PM AEST,nan,nan,nan,6552.80,nan,nan,nan,nan,nan,nan,nan,1.00
25-Mar-25 8:27:30 PM AEST,24.0,nan,93.3,nan,0.60,3.41,nan,nan,nan,nan,14.20,nan
25-Mar-25 8:27:30 PM AEST,72.2,nan,93.3,nan,0.60,3.41,nan,nan,nan,nan,14.20,nan
25-Mar-25 8:27:45 PM AEST,nan,nan,nan,nan,nan,nan,nan,nan,317.80,nan,nan,nan
25-Mar-25 8:28:00 PM AEST,nan,nan,nan,nan,nan,nan,nan,nan,nan,84.70,nan,nan
25-Mar-25 8:28:26 PM AEST,nan,nan,nan,nan,nan,nan,0.00,nan,nan,nan,nan,nan
25-Mar-25 8:29:12 PM AEST,nan,0.0,nan,nan,nan,nan,nan,nan,nan,nan,nan,nan
25-Mar-25 8:30:00 PM AEST,nan,nan,341.4,nan,nan,nan,nan,11.23,nan,nan,nan,nan
25-Mar-25 8:32:25 PM AEST,nan,nan,nan,nan,nan,nan,nan,0.00,nan,nan,nan,nan
25-Mar-25 8:32:30 PM AEST,nan,nan,93.3,nan,nan,nan,nan,nan,nan,nan,nan,nan
25-Mar-25 8:34:00 PM AEST,nan,97.5,nan,nan,nan,nan,125.20,nan,nan,nan,nan,nan
25-Mar-25 8:36:00 PM AEST,24.0,nan,nan,0.20,nan,nan,nan,nan,0.00,0.00,nan,0.00
25-Mar-25 8:36:00 PM AEST,72.2,nan,nan,6552.80,nan,nan,nan,nan,317.80,84.70,nan,1.00
25-Mar-25 8:38:00 PM AEST,nan,nan,nan,nan,nan,nan,nan,58.35,nan,nan,nan,nan
25-Mar-25 8:38:00 PM AEST,nan,nan,nan,nan,nan,nan,nan,0.00,nan,nan,nan,nan
25-Mar-25 8:38:29 PM AEST,nan,nan,nan,0.20,nan,nan,nan,nan,nan,nan,nan,0.00
25-Mar-25 8:38:29 PM AEST,nan,nan,nan,13.80,nan,nan,nan,nan,nan,nan,nan,51.10
25-Mar-25 8:38:30 PM AEST,24.0,nan,nan,nan,nan,nan,nan,nan,nan,nan,nan,nan
25-Mar-25 8:38:30 PM AEST,13.8,nan,nan,nan,nan,nan,nan,nan,nan,nan,nan,nan
25-Mar-25 8:38:31 PM AEST,nan,nan,nan,nan,nan,nan,nan,nan,nan,0.00,nan,nan
25-Mar-25 8:38:35 PM AEST,nan,nan,nan,nan,nan,nan,nan,nan,0.00,nan,nan,nan
25-Mar-25 8:40:00 PM AEST,nan,13.8,23.6,nan,72.20,65.53,0.00,nan,nan,nan,0.00,nan
25-Mar-25 8:40:00 PM AEST,nan,97.5,23.6,nan,72.20,65.53,125.20,nan,nan,nan,0.00,nan
25-Mar-25 8:40:58 PM AEST,nan,nan,nan,0.20,nan,nan,nan,nan,nan,nan,nan,0.00
25-Mar-25 8:41:00 PM AEST,24.0,nan,nan,nan,nan,nan,nan,nan,nan,nan,nan,nan
25-Mar-25 8:42:00 PM AEST,nan,nan,nan,nan,nan,nan,nan,nan,317.80,84.70,nan,nan
25-Mar-25 8:42:26 PM AEST,nan,0.0,nan,nan,nan,nan,0.00,nan,nan,nan,nan,nan
25-Mar-25 8:42:30 PM AEST,nan,nan,93.3,nan,0.60,3.41,nan,nan,nan,nan,14.20,nan
25-Mar-25 8:43:27 PM AEST,nan,nan,nan,6552.80,nan,nan,nan,nan,nan,nan,nan,1.00
25-Mar-25 8:43:30 PM AEST,72.2,nan,nan,nan,nan,nan,nan,nan,nan,nan,nan,nan
25-Mar-25 8:44:00 PM AEST,nan,nan,nan,nan,nan,nan,nan,11.23,nan,nan,nan,nan
25-Mar-25 8:48:00 PM AEST,24.0,97.5,23.6,0.20,72.20,65.53,125.20,0.00,0.00,0.00,0.00,0.00
25-Mar-25 8:48:00 PM AEST,24.0,97.5,93.3,0.20,0.60,3.41,125.20,0.00,317.80,84.70,14.20,0.00
25-Mar-25 8:50:25 PM AEST,nan,nan,nan,nan,nan,nan,nan,11.23,nan,nan,nan,nan
25-Mar-25 8:50:26 PM AEST,nan,0.0,nan,nan,nan,nan,0.00,nan,nan,nan,nan,nan
25-Mar-25 8:50:29 PM AEST,nan,nan,nan,6552.80,nan,nan,nan,nan,nan,nan,nan,1.00
25-Mar-25 8:50:30 PM AEST,72.2,nan,nan,nan,nan,nan,nan,nan,nan,nan,nan,nan
25-Mar-25 8:52:50 PM AEST,nan,nan,nan,nan,nan,nan,nan,0.00,nan,nan,nan,nan
25-Mar-25 8:52:52 PM AEST,nan,97.5,nan,nan,nan,nan,125.20,nan,nan,nan,nan,nan
25-Mar-25 8:52:52 PM AEST,nan,0.0,nan,nan,nan,nan,0.00,nan,nan,nan,nan,nan
25-Mar-25 8:52:58 PM AEST,nan,nan,nan,0.20,nan,nan,nan,nan,nan,nan,nan,nan
25-Mar-25 8:52:58 PM AEST,nan,nan,nan,6552.80,nan,nan,nan,nan,nan,nan,nan,nan
25-Mar-25 8:53:00 PM AEST,24.0,nan,nan,nan,nan,nan,nan,nan,nan,nan,nan,nan
25-Mar-25 8:53:00 PM AEST,72.2,nan,nan,nan,nan,nan,nan,nan,nan,nan,nan,nan
25-Mar-25 8:55:15 PM AEST,nan,nan,nan,nan,nan,nan,nan,11.23,nan,nan,nan,nan
25-Mar-25 8:55:18 PM AEST,nan,24.0,nan,nan,nan,nan,24.00,nan,nan,nan,nan,nan
25-Mar-25 8:55:27 PM AEST,nan,nan,nan,0.20,nan,nan,nan,nan,nan,nan,nan,nan
25-Mar-25 8:55:30 PM AEST,24.0,nan,nan,nan,nan,nan,nan,nan,nan,nan,nan,nan
25-Mar-25 8:56:00 PM AEST,nan,nan,nan,nan,nan,nan,nan,nan,nan,nan,nan,0.00
25-Mar-25 8:57:40 PM AEST,nan,nan,nan,nan,nan,nan,nan,9.75,nan,nan,nan,nan
25-Mar-25 8:57:40 PM AEST,nan,nan,nan,nan,nan,nan,nan,0.00,nan,nan,nan,nan
25-Mar-25 8:57:44 PM AEST,nan,97.5,nan,nan,nan,nan,125.20,nan,nan,nan,nan,nan
25-Mar-25 8:58:00 PM AEST,nan,nan,nan,nan,72.20,65.53,nan,nan,0.00,0.00,0.00,nan
25-Mar-25 9:00:00 PM AEST,nan,nan,nan,nan,nan,nan,nan,nan,nan,nan,nan,1.00
25-Mar-25 9:00:05 PM AEST,nan,nan,nan,nan,nan,nan,nan,9.75,nan,nan,nan,nan
25-Mar-25 9:00:10 PM AEST,nan,24.0,nan,nan,nan,nan,24.00,nan,nan,nan,nan,nan
25-Mar-25 9:00:30 PM AEST,nan,nan,nan,nan,0.60,3.41,nan,nan,nan,nan,14.20,nan
25-Mar-25 9:00:31 PM AEST,nan,nan,nan,nan,nan,nan,nan,nan,nan,84.70,nan,nan
25-Mar-25 9:00:35 PM AEST,nan,nan,nan,nan,nan,nan,nan,nan,317.80,nan,nan,nan
25-Mar-25 9:02:29 PM AEST,nan,nan,nan,nan,nan,nan,nan,nan,nan,nan,nan,0.00
25-Mar-25 9:02:30 PM AEST,nan,nan,nan,nan,nan,nan,nan,11.23,nan,nan,nan,nan
25-Mar-25 9:02:36 PM AEST,nan,0.0,nan,nan,nan,nan,112.30,nan,nan,nan,nan,nan
25-Mar-25 9:03:00 PM AEST,nan,nan,nan,nan,72.20,65.53,nan,nan,nan,nan,72.20,nan
25-Mar-25 9:03:02 PM AEST,nan,nan,nan,nan,nan,nan,nan,nan,nan,72.20,nan,nan
25-Mar-25 9:03:10 PM AEST,nan,nan,nan,nan,nan,nan,nan,nan,0.00,nan,nan,nan
25-Mar-25 9:04:00 PM AEST,0.0,nan,nan,0.00,nan,nan,nan,nan,nan,nan,nan,nan
25-Mar-25 9:04:58 PM AEST,nan,nan,nan,nan,nan,nan,nan,nan,nan,nan,nan,1.00
25-Mar-25 9:05:02 PM AEST,nan,nan,nan,nan,nan,nan,0.00,nan,nan,nan,nan,nan
25-Mar-25 9:05:30 PM AEST,nan,nan,nan,nan,0.60,3.41,nan,nan,nan,nan,14.20,nan
25-Mar-25 9:05:30 PM AEST,nan,nan,nan,nan,72.20,65.53,nan,nan,nan,nan,0.00,nan
25-Mar-25 9:05:33 PM AEST,nan,nan,nan,nan,nan,nan,nan,nan,nan,84.70,nan,nan
25-Mar-25 9:05:33 PM AEST,nan,nan,nan,nan,nan,nan,nan,nan,nan,0.00,nan,nan
25-Mar-25 9:05:45 PM AEST,nan,nan,nan,nan,nan,nan,nan,nan,317.80,nan,nan,nan
25-Mar-25 9:05:45 PM AEST,nan,nan,nan,nan,nan,nan,nan,nan,0.00,nan,nan,nan
25-Mar-25 9:06:00 PM AEST,nan,0.2,23.6,nan,nan,nan,nan,nan,nan,nan,nan,nan
25-Mar-25 9:06:29 PM AEST,nan,nan,nan,6552.80,nan,nan,nan,nan,nan,nan,nan,nan
25-Mar-25 9:06:29 PM AEST,nan,nan,nan,0.00,nan,nan,nan,nan,nan,nan,nan,nan
25-Mar-25 9:06:30 PM AEST,72.2,nan,nan,nan,nan,nan,nan,nan,nan,nan,nan,nan
25-Mar-25 9:06:30 PM AEST,0.0,nan,nan,nan,nan,nan,nan,nan,nan,nan,nan,nan
25-Mar-25 9:07:27 PM AEST,nan,nan,nan,nan,nan,nan,nan,nan,nan,nan,nan,0.00
25-Mar-25 9:07:28 PM AEST,nan,nan,nan,nan,nan,nan,0.20,nan,nan,nan,nan,nan
25-Mar-25 9:07:28 PM AEST,nan,nan,nan,nan,nan,nan,125.20,nan,nan,nan,nan,nan
25-Mar-25 9:08:00 PM AEST,nan,nan,nan,nan,nan,nan,nan,2.40,nan,nan,nan,nan
25-Mar-25 9:08:00 PM AEST,nan,nan,nan,nan,nan,nan,nan,0.00,nan,nan,nan,nan
25-Mar-25 9:08:26 PM AEST,nan,97.5,nan,nan,nan,nan,nan,nan,nan,nan,nan,nan
25-Mar-25 9:08:58 PM AEST,nan,nan,nan,0.20,nan,nan,nan,nan,nan,nan,nan,nan
25-Mar-25 9:09:00 PM AEST,24.0,nan,nan,nan,nan,nan,nan,nan,nan,nan,nan,nan
25-Mar-25 9:10:00 PM AEST,nan,nan,93.3,nan,0.60,3.41,nan,nan,317.80,84.70,14.20,nan
25-Mar-25 9:10:00 PM AEST,nan,nan,0.6,nan,0.60,3.41,nan,nan,317.80,84.70,14.20,nan
25-Mar-25 9:10:52 PM AEST,nan,0.0,nan,nan,nan,nan,nan,nan,nan,nan,nan,nan
25-Mar-25 9:11:27 PM AEST,nan,nan,nan,6552.80,nan,nan,nan,nan,nan,nan,nan,nan
25-Mar-25 9:11:30 PM AEST,72.2,nan,nan,nan,nan,nan,nan,nan,nan,nan,nan,nan
25-Mar-25 9:12:00 PM AEST,nan,nan,nan,nan,nan,nan,0.00,11.23,nan,nan,nan,1.00
25-Mar-25 9:12:30 PM AEST,nan,nan,nan,nan,14.20,0.14,nan,nan,nan,nan,nan,nan
25-Mar-25 9:14:00 PM AEST,nan,nan,93.3,nan,nan,nan,nan,nan,nan,nan,nan,nan
25-Mar-25 9:15:00 PM AEST,nan,nan,nan,nan,0.60,3.41,nan,nan,nan,nan,nan,nan
25-Mar-25 9:16:00 PM AEST,24.0,97.5,nan,0.20,nan,nan,nan,nan,0.00,nan,nan,0.00
25-Mar-25 9:16:30 PM AEST,nan,nan,317.8,nan,nan,nan,nan,nan,nan,nan,nan,nan
25-Mar-25 9:17:30 PM AEST,nan,nan,nan,nan,1.40,0.01,nan,nan,nan,nan,nan,nan
25-Mar-25 9:18:00 PM AEST,nan,nan,nan,nan,nan,nan,125.20,0.00,nan,0.90,0.90,nan
25-Mar-25 9:18:00 PM AEST,nan,nan,nan,nan,nan,nan,0.00,11.23,nan,0.00,0.00,nan
25-Mar-25 9:18:00 PM AEST,nan,nan,nan,nan,nan,nan,125.20,0.00,nan,0.00,0.00,nan
25-Mar-25 9:18:26 PM AEST,nan,0.0,nan,nan,nan,nan,nan,nan,nan,nan,nan,nan
25-Mar-25 9:18:26 PM AEST,nan,97.5,nan,nan,nan,nan,nan,nan,nan,nan,nan,nan
25-Mar-25 9:18:29 PM AEST,nan,nan,nan,6552.80,nan,nan,nan,nan,nan,nan,nan,1.00
25-Mar-25 9:18:29 PM AEST,nan,nan,nan,0.20,nan,nan,nan,nan,nan,nan,nan,0.00
25-Mar-25 9:18:30 PM AEST,72.2,nan,nan,nan,nan,nan,nan,nan,nan,nan,nan,nan
25-Mar-25 9:18:30 PM AEST,24.0,nan,nan,nan,nan,nan,nan,nan,nan,nan,nan,nan
25-Mar-25 9:18:35 PM AEST,nan,nan,nan,nan,nan,nan,nan,nan,0.90,nan,nan,nan
25-Mar-25 9:18:35 PM AEST,nan,nan,nan,nan,nan,nan,nan,nan,0.00,nan,nan,nan
25-Mar-25 9:19:00 PM AEST,nan,nan,23.6,nan,nan,nan,nan,nan,nan,nan,nan,nan
25-Mar-25 9:20:00 PM AEST,nan,nan,nan,nan,72.20,65.53,nan,nan,nan,nan,nan,nan
25-Mar-25 9:20:00 PM AEST,nan,nan,nan,nan,0.60,3.41,nan,nan,nan,nan,nan,nan
25-Mar-25 9:20:26 PM AEST,nan,nan,nan,nan,nan,nan,51.10,nan,nan,nan,nan,nan
25-Mar-25 9:20:30 PM AEST,nan,nan,nan,nan,nan,nan,nan,nan,nan,nan,14.20,nan
25-Mar-25 9:20:31 PM AEST,nan,nan,nan,nan,nan,nan,nan,nan,nan,84.70,nan,nan
25-Mar-25 9:20:52 PM AEST,nan,51.1,nan,nan,nan,nan,nan,nan,nan,nan,nan,nan
25-Mar-25 9:20:58 PM AEST,nan,nan,nan,14.80,nan,nan,nan,nan,nan,nan,nan,14.80
25-Mar-25 9:21:00 PM AEST,51.1,nan,nan,nan,nan,nan,nan,nan,nan,nan,nan,nan
25-Mar-25 9:21:30 PM AEST,nan,nan,93.3,nan,nan,nan,nan,nan,nan,nan,nan,nan
25-Mar-25 9:22:00 PM AEST,nan,nan,nan,nan,nan,nan,nan,1.38,nan,nan,nan,nan
25-Mar-25 9:22:30 PM AEST,nan,nan,nan,nan,0.90,0.01,nan,nan,nan,nan,nan,nan
25-Mar-25 9:23:00 PM AEST,nan,nan,nan,nan,nan,nan,nan,nan,nan,nan,0.90,nan
25-Mar-25 9:23:02 PM AEST,nan,nan,nan,nan,nan,nan,nan,nan,nan,8.30,nan,nan
25-Mar-25 9:23:18 PM AEST,nan,0.0,nan,nan,nan,nan,nan,nan,nan,nan,nan,nan
25-Mar-25 9:23:27 PM AEST,nan,nan,nan,6552.80,nan,nan,nan,nan,nan,nan,nan,1.00
25-Mar-25 9:23:30 PM AEST,72.2,nan,nan,nan,nan,nan,nan,nan,nan,nan,nan,nan
25-Mar-25 9:24:00 PM AEST,nan,nan,1.4,nan,nan,nan,0.00,nan,8.30,nan,nan,nan
25-Mar-25 9:24:25 PM AEST,nan,nan,nan,nan,nan,nan,nan,11.23,nan,nan,nan,nan
25-Mar-25 9:25:00 PM AEST,nan,nan,nan,nan,0.60,3.41,nan,nan,nan,nan,nan,nan
25-Mar-25 9:25:30 PM AEST,nan,nan,nan,nan,nan,nan,nan,nan,nan,nan,14.20,nan
25-Mar-25 9:25:33 PM AEST,nan,nan,nan,nan,nan,nan,nan,nan,nan,84.70,nan,nan
25-Mar-25 9:26:26 PM AEST,nan,nan,nan,nan,nan,nan,125.20,nan,nan,nan,nan,nan
25-Mar-25 9:26:30 PM AEST,nan,nan,341.4,nan,nan,nan,nan,nan,nan,nan,nan,nan
25-Mar-25 9:26:30 PM AEST,nan,nan,23.6,nan,nan,nan,nan,nan,nan,nan,nan,nan
25-Mar-25 9:26:35 PM AEST,nan,nan,nan,nan,nan,nan,nan,nan,317.80,nan,nan,nan
25-Mar-25 9:26:35 PM AEST,nan,nan,nan,nan,nan,nan,nan,nan,0.00,nan,nan,nan
25-Mar-25 9:26:50 PM AEST,nan,nan,nan,nan,nan,nan,nan,0.00,nan,nan,nan,nan
25-Mar-25 9:27:30 PM AEST,nan,nan,nan,nan,72.20,65.53,nan,nan,nan,nan,nan,nan
25-Mar-25 9:27:30 PM AEST,nan,nan,nan,nan,72.20,3.41,nan,nan,nan,nan,nan,nan
25-Mar-25 9:28:00 PM AEST,24.0,97.5,nan,0.20,nan,nan,nan,nan,nan,nan,0.00,0.00
25-Mar-25 9:28:00 PM AEST,24.0,97.5,nan,0.20,nan,nan,nan,nan,nan,nan,14.20,0.00
25-Mar-25 9:28:04 PM AEST,nan,nan,nan,nan,nan,nan,nan,nan,nan,0.00,nan,nan
25-Mar-25 9:28:04 PM AEST,nan,nan,nan,nan,nan,nan,nan,nan,nan,84.70,nan,nan
25-Mar-25 9:29:00 PM AEST,nan,nan,93.3,nan,nan,nan,nan,nan,nan,nan,nan,nan
25-Mar-25 9:29:10 PM AEST,nan,nan,nan,nan,nan,nan,nan,nan,317.80,nan,nan,nan
25-Mar-25 9:30:00 PM AEST,nan,nan,nan,nan,0.60,nan,nan,nan,nan,nan,nan,nan
25-Mar-25 9:30:26 PM AEST,nan,0.0,nan,nan,nan,nan,nan,nan,nan,nan,nan,nan
25-Mar-25 9:30:29 PM AEST,nan,nan,nan,6552.80,nan,nan,nan,nan,nan,nan,nan,1.00
25-Mar-25 9:30:30 PM AEST,72.2,nan,nan,nan,nan,nan,nan,nan,nan,nan,nan,nan
25-Mar-25 9:32:00 PM AEST,nan,nan,nan,nan,nan,nan,0.00,11.23,nan,nan,nan,nan
25-Mar-25 9:32:30 PM AEST,nan,nan,nan,nan,72.20,nan,nan,nan,nan,nan,nan,nan
25-Mar-25 9:32:52 PM AEST,nan,97.5,nan,nan,nan,nan,nan,nan,nan,nan,nan,nan
25-Mar-25 9:32:58 PM AEST,nan,nan,nan,0.20,nan,nan,nan,nan,nan,nan,nan,0.00
25-Mar-25 9:33:00 PM AEST,24.0,nan,nan,nan,nan,nan,nan,nan,nan,nan,nan,nan
25-Mar-25 9:34:00 PM AEST,nan,nan,23.6,nan,nan,65.53,nan,nan,0.00,0.00,0.00,nan
25-Mar-25 9:34:00 PM AEST,nan,nan,317.8,nan,nan,3.18,nan,nan,0.90,1.40,1.40,nan
25-Mar-25 9:34:25 PM AEST,nan,nan,nan,nan,nan,nan,nan,0.00,nan,nan,nan,nan
25-Mar-25 9:34:25 PM AEST,nan,nan,nan,nan,nan,nan,nan,11.23,nan,nan,nan,nan
25-Mar-25 9:34:26 PM AEST,nan,nan,nan,nan,nan,nan,125.20,nan,nan,nan,nan,nan
25-Mar-25 9:34:26 PM AEST,nan,nan,nan,nan,nan,nan,0.00,nan,nan,nan,nan,nan
25-Mar-25 9:35:00 PM AEST,nan,nan,nan,nan,1.40,nan,nan,nan,nan,nan,nan,nan
25-Mar-25 9:35:00 PM AEST,nan,nan,nan,nan,72.20,nan,nan,nan,nan,nan,nan,nan
25-Mar-25 9:35:00 PM AEST,nan,nan,nan,nan,23.60,nan,nan,nan,nan,nan,nan,nan
25-Mar-25 9:35:18 PM AEST,nan,0.0,nan,nan,nan,nan,nan,nan,nan,nan,nan,nan
25-Mar-25 9:35:18 PM AEST,nan,97.5,nan,nan,nan,nan,nan,nan,nan,nan,nan,nan
25-Mar-25 9:35:27 PM AEST,nan,nan,nan,6552.80,nan,nan,nan,nan,nan,nan,nan,1.00
25-Mar-25 9:35:27 PM AEST,nan,nan,nan,0.20,nan,nan,nan,nan,nan,nan,nan,0.00
25-Mar-25 9:35:27 PM AEST,nan,nan,nan,72.20,nan,nan,nan,nan,nan,nan,nan,72.20
25-Mar-25 9:35:30 PM AEST,72.2,nan,nan,nan,nan,nan,nan,nan,nan,nan,nan,nan
25-Mar-25 9:35:30 PM AEST,24.0,nan,nan,nan,nan,nan,nan,nan,nan,nan,nan,nan
25-Mar-25 9:35:30 PM AEST,72.2,nan,nan,nan,nan,nan,nan,nan,nan,nan,nan,nan
25-Mar-25 9:36:30 PM AEST,nan,nan,23.6,nan,nan,65.53,nan,nan,nan,nan,0.00,nan
25-Mar-25 9:36:30 PM AEST,nan,nan,8.3,nan,nan,0.24,nan,nan,nan,nan,23.60,nan
25-Mar-25 9:36:31 PM AEST,nan,nan,nan,nan,nan,nan,nan,nan,nan,0.00,nan,nan
25-Mar-25 9:36:31 PM AEST,nan,nan,nan,nan,nan,nan,nan,nan,nan,1.00,nan,nan
25-Mar-25 9:36:35 PM AEST,nan,nan,nan,nan,nan,nan,nan,nan,0.00,nan,nan,nan
25-Mar-25 9:36:35 PM AEST,nan,nan,nan,nan,nan,nan,nan,nan,1.00,nan,nan,nan
25-Mar-25 9:36:50 PM AEST,nan,nan,nan,nan,nan,nan,nan,0.00,nan,nan,nan,nan
25-Mar-25 9:36:50 PM AEST,nan,nan,nan,nan,nan,nan,nan,11.23,nan,nan,nan,nan
25-Mar-25 9:36:52 PM AEST,nan,nan,nan,nan,nan,nan,125.20,nan,nan,nan,nan,nan
25-Mar-25 9:36:52 PM AEST,nan,nan,nan,nan,nan,nan,0.00,nan,nan,nan,nan,nan
25-Mar-25 9:37:30 PM AEST,nan,nan,nan,nan,0.60,nan,nan,nan,nan,nan,nan,nan
25-Mar-25 9:37:44 PM AEST,nan,0.0,nan,nan,nan,nan,nan,nan,nan,nan,nan,nan
25-Mar-25 9:37:56 PM AEST,nan,nan,nan,6552.80,nan,nan,nan,nan,nan,nan,nan,1.00
25-Mar-25 9:39:00 PM AEST,nan,nan,93.3,nan,nan,3.41,nan,nan,nan,nan,14.20,nan
25-Mar-25 9:39:00 PM AEST,nan,nan,23.6,nan,nan,65.53,nan,nan,nan,nan,0.00,nan
25-Mar-25 9:39:02 PM AEST,nan,nan,nan,nan,nan,nan,nan,nan,nan,84.70,nan,nan
25-Mar-25 9:39:02 PM AEST,nan,nan,nan,nan,nan,nan,nan,nan,nan,0.00,nan,nan
25-Mar-25 9:39:10 PM AEST,nan,nan,nan,nan,nan,nan,nan,nan,317.80,nan,nan,nan
25-Mar-25 9:39:10 PM AEST,nan,nan,nan,nan,nan,nan,nan,nan,0.00,nan,nan,nan
25-Mar-25 9:39:15 PM AEST,nan,nan,nan,nan,nan,nan,nan,2.40,nan,nan,nan,nan
25-Mar-25 9:39:18 PM AEST,nan,nan,nan,nan,nan,nan,0.20,nan,nan,nan,nan,nan
25-Mar-25 9:40:00 PM AEST,0.0,nan,nan,nan,72.20,nan,nan,nan,nan,nan,nan,nan
25-Mar-25 9:40:10 PM AEST,nan,0.2,nan,nan,nan,nan,nan,nan,nan,nan,nan,nan
25-Mar-25 9:40:25 PM AEST,nan,nan,nan,0.00,nan,nan,nan,nan,nan,nan,nan,0.00
25-Mar-25 9:41:40 PM AEST,nan,nan,nan,nan,nan,nan,nan,0.00,nan,nan,nan,nan
25-Mar-25 9:41:40 PM AEST,nan,nan,nan,nan,nan,nan,nan,5.11,nan,nan,nan,nan
25-Mar-25 9:41:44 PM AEST,nan,nan,nan,nan,nan,nan,125.20,nan,nan,nan,nan,nan
25-Mar-25 9:41:44 PM AEST,nan,nan,nan,nan,nan,nan,14.80,nan,nan,nan,nan,nan
25-Mar-25 9:42:30 PM AEST,24.0,nan,nan,nan,nan,nan,nan,nan,nan,nan,nan,nan
25-Mar-25 9:42:30 PM AEST,112.3,nan,nan,nan,nan,nan,nan,nan,nan,nan,nan,nan
25-Mar-25 9:42:36 PM AEST,nan,97.5,nan,nan,nan,nan,nan,nan,nan,nan,nan,nan
25-Mar-25 9:42:36 PM AEST,nan,14.8,nan,nan,nan,nan,nan,nan,nan,nan,nan,nan
25-Mar-25 9:42:54 PM AEST,nan,nan,nan,0.20,nan,nan,nan,nan,nan,nan,nan,112.30
25-Mar-25 9:42:54 PM AEST,nan,nan,nan,112.30,nan,nan,nan,nan,nan,nan,nan,112.30
25-Mar-25 9:44:00 PM AEST,nan,nan,1.4,nan,0.90,0.01,nan,nan,8.30,8.30,0.90,nan
25-Mar-25 9:44:05 PM AEST,nan,nan,nan,nan,nan,nan,nan,11.23,nan,nan,nan,nan
25-Mar-25 9:44:10 PM AEST,nan,nan,nan,nan,nan,nan,0.00,nan,nan,nan,nan,nan
25-Mar-25 9:45:00 PM AEST,72.2,nan,nan,nan,nan,nan,nan,nan,nan,nan,nan,nan
25-Mar-25 9:45:00 PM AEST,24.0,nan,nan,nan,nan,nan,nan,nan,nan,nan,nan,nan
25-Mar-25 9:45:02 PM AEST,nan,0.0,nan,nan,nan,nan,nan,nan,nan,nan,nan,nan
25-Mar-25 9:45:02 PM AEST,nan,97.5,nan,nan,nan,nan,nan,nan,nan,nan,nan,nan
25-Mar-25 9:45:23 PM AEST,nan,nan,nan,6552.80,nan,nan,nan,nan,nan,nan,nan,1.00
25-Mar-25 9:45:23 PM AEST,nan,nan,nan,0.20,nan,nan,nan,nan,nan,nan,nan,0.00
25-Mar-25 9:46:30 PM AEST,nan,nan,23.6,nan,72.20,65.53,nan,0.00,nan,nan,0.00,nan
25-Mar-25 9:46:30 PM AEST,nan,nan,23.6,nan,1.00,0.24,nan,11.23,nan,nan,1.00,nan
25-Mar-25 9:46:31 PM AEST,nan,nan,nan,nan,nan,nan,nan,nan,nan,0.00,nan,nan
25-Mar-25 9:46:31 PM AEST,nan,nan,nan,nan,nan,nan,nan,nan,nan,1.00,nan,nan
25-Mar-25 9:46:35 PM AEST,nan,nan,nan,nan,nan,nan,nan,nan,0.00,nan,nan,nan
25-Mar-25 9:46:35 PM AEST,nan,nan,nan,nan,nan,nan,nan,nan,6552.80,nan,nan,nan
25-Mar-25 9:46:36 PM AEST,nan,nan,nan,nan,nan,nan,125.20,nan,nan,nan,nan,nan
25-Mar-25 9:46:36 PM AEST,nan,nan,nan,nan,nan,nan,0.00,nan,nan,nan,nan,nan
25-Mar-25 9:47:28 PM AEST,nan,0.0,nan,nan,nan,nan,nan,nan,nan,nan,nan,nan
25-Mar-25 9:47:30 PM AEST,0.0,nan,nan,nan,nan,nan,nan,nan,nan,nan,nan,nan
25-Mar-25 9:47:52 PM AEST,nan,nan,nan,0.00,nan,nan,nan,nan,nan,nan,nan,72.20
25-Mar-25 9:49:00 PM AEST,nan,nan,93.3,nan,0.60,3.41,nan,nan,nan,nan,14.20,nan
25-Mar-25 9:49:02 PM AEST,nan,nan,nan,nan,nan,nan,nan,nan,nan,84.70,nan,nan
25-Mar-25 9:49:10 PM AEST,nan,nan,nan,nan,nan,nan,nan,nan,317.80,nan,nan,nan
25-Mar-25 9:50:00 PM AEST,72.2,nan,nan,nan,nan,nan,nan,nan,nan,nan,nan,nan
25-Mar-25 9:50:21 PM AEST,nan,nan,nan,6552.80,nan,nan,nan,nan,nan,nan,nan,1.00
25-Mar-25 9:51:30 PM AEST,nan,nan,23.6,nan,72.20,65.53,nan,nan,nan,nan,0.00,nan
25-Mar-25 9:51:33 PM AEST,nan,nan,nan,nan,nan,nan,nan,nan,nan,0.00,nan,nan
25-Mar-25 9:51:45 PM AEST,nan,nan,nan,nan,nan,nan,nan,nan,0.00,nan,nan,nan
25-Mar-25 9:52:00 PM AEST,nan,0.2,nan,nan,nan,nan,125.20,0.00,nan,nan,nan,nan
25-Mar-25 9:52:00 PM AEST,nan,0.2,nan,nan,nan,nan,0.20,2.40,nan,nan,nan,nan
25-Mar-25 9:52:30 PM AEST,0.0,nan,nan,nan,nan,nan,nan,nan,nan,nan,nan,nan
25-Mar-25 9:52:50 PM AEST,nan,nan,nan,0.00,nan,nan,nan,nan,nan,nan,nan,0.00
25-Mar-25 9:54:00 PM AEST,nan,nan,nan,nan,nan,nan,nan,nan,nan,nan,72.20,nan
25-Mar-25 9:54:04 PM AEST,nan,nan,nan,nan,nan,nan,nan,nan,nan,72.20,nan,nan
25-Mar-25 9:54:25 PM AEST,nan,nan,nan,nan,nan,nan,nan,11.23,nan,nan,nan,nan
25-Mar-25 9:54:26 PM AEST,nan,0.0,nan,nan,nan,nan,112.30,nan,nan,nan,nan,nan
25-Mar-25 9:56:30 PM AEST,nan,nan,nan,nan,nan,nan,nan,nan,nan,nan,317.80,nan
25-Mar-25 9:56:35 PM AEST,nan,nan,nan,nan,nan,nan,nan,nan,nan,1.40,nan,nan
25-Mar-25 9:56:52 PM AEST,nan,nan,nan,nan,nan,nan,0.00,nan,nan,nan,nan,nan
25-Mar-25 9:58:00 PM AEST,72.2,nan,84.7,6552.80,317.80,3.18,nan,nan,1.40,nan,nan,1.00
25-Mar-25 9:59:00 PM AEST,nan,nan,nan,nan,nan,nan,nan,nan,nan,nan,14.20,nan
25-Mar-25 9:59:06 PM AEST,nan,nan,nan,nan,nan,nan,nan,nan,nan,84.70,nan,nan
25-Mar-25 10:00:30 PM AEST,nan,nan,93.3,nan,0.60,3.41,nan,nan,nan,nan,nan,nan
25-Mar-25 10:00:35 PM AEST,nan,nan,nan,nan,nan,nan,nan,nan,317.80,nan,nan,nan
25-Mar-25 10:02:00 PM AEST,24.0,97.5,nan,0.20,nan,nan,125.20,0.00,nan,nan,nan,0.00
25-Mar-25 10:03:00 PM AEST,nan,nan,1.4,nan,0.90,0.01,nan,nan,nan,nan,nan,nan
25-Mar-25 10:03:10 PM AEST,nan,nan,nan,nan,nan,nan,nan,nan,8.30,nan,nan,nan
25-Mar-25 10:04:00 PM AEST,nan,nan,nan,nan,nan,nan,nan,nan,nan,8.30,0.90,nan
25-Mar-25 10:04:25 PM AEST,nan,nan,nan,nan,nan,nan,nan,11.23,nan,nan,nan,nan
25-Mar-25 10:04:26 PM AEST,nan,0.0,nan,nan,nan,nan,0.00,nan,nan,nan,nan,nan
25-Mar-25 10:04:29 PM AEST,nan,nan,nan,6552.80,nan,nan,nan,nan,nan,nan,nan,1.00
25-Mar-25 10:04:30 PM AEST,72.2,nan,nan,nan,nan,nan,nan,nan,nan,nan,nan,nan
25-Mar-25 10:05:30 PM AEST,nan,nan,98.2,nan,0.60,3.41,nan,nan,nan,nan,nan,nan
25-Mar-25 10:05:45 PM AEST,nan,nan,nan,nan,nan,nan,nan,nan,317.80,nan,nan,nan
25-Mar-25 10:06:30 PM AEST,nan,nan,nan,nan,nan,nan,nan,nan,nan,nan,14.20,nan
25-Mar-25 10:06:31 PM AEST,nan,nan,nan,nan,nan,nan,nan,nan,nan,84.70,nan,nan
25-Mar-25 10:08:00 PM AEST,nan,nan,93.3,nan,nan,nan,nan,nan,nan,nan,nan,nan
25-Mar-25 10:10:00 PM AEST,24.0,97.5,nan,0.20,nan,nan,125.20,0.00,nan,nan,nan,nan
25-Mar-25 10:10:00 PM AEST,0.0,97.5,nan,13.80,nan,nan,125.20,0.00,nan,nan,nan,nan
25-Mar-25 10:12:00 PM AEST,nan,nan,nan,nan,nan,nan,nan,nan,0.00,nan,nan,13.80
25-Mar-25 10:12:25 PM AEST,nan,nan,nan,nan,nan,nan,nan,0.02,nan,nan,nan,nan
25-Mar-25 10:12:26 PM AEST,nan,0.0,nan,nan,nan,nan,0.00,nan,nan,nan,nan,nan
25-Mar-25 10:14:00 PM AEST,nan,nan,23.6,0.00,1.00,0.01,nan,nan,nan,6552.80,6552.80,nan
25-Mar-25 10:14:29 PM AEST,nan,nan,nan,nan,nan,nan,nan,nan,nan,nan,nan,0.00
25-Mar-25 10:14:35 PM AEST,nan,nan,nan,nan,nan,nan,nan,nan,6552.80,nan,nan,nan
25-Mar-25 10:14:50 PM AEST,nan,nan,nan,nan,nan,nan,nan,11.23,nan,nan,nan,nan
25-Mar-25 10:16:00 PM AEST,72.2,nan,nan,nan,nan,nan,nan,nan,nan,nan,nan,nan
25-Mar-25 10:16:29 PM AEST,nan,nan,nan,6552.80,nan,nan,nan,nan,nan,nan,nan,nan
25-Mar-25 10:16:30 PM AEST,nan,nan,93.3,nan,0.60,3.41,nan,nan,nan,nan,14.20,nan
25-Mar-25 10:16:31 PM AEST,nan,nan,nan,nan,nan,nan,nan,nan,nan,84.70,nan,nan
25-Mar-25 10:16:58 PM AEST,nan,nan,nan,nan,nan,nan,nan,nan,nan,nan,nan,1.00
25-Mar-25 10:17:10 PM AEST,nan,nan,nan,nan,nan,nan,nan,nan,317.80,nan,nan,nan
25-Mar-25 10:18:58 PM AEST,nan,nan,nan,0.00,nan,nan,nan,nan,nan,nan,nan,nan
25-Mar-25 10:19:00 PM AEST,nan,nan,23.6,nan,72.20,65.53,nan,nan,nan,nan,0.00,nan
25-Mar-25 10:19:02 PM AEST,nan,nan,nan,nan,nan,nan,nan,nan,nan,0.00,nan,nan
25-Mar-25 10:19:27 PM AEST,nan,nan,nan,nan,nan,nan,nan,nan,nan,nan,nan,0.00
25-Mar-25 10:19:45 PM AEST,nan,nan,nan,nan,nan,nan,nan,nan,0.00,nan,nan,nan
25-Mar-25 10:20:00 PM AEST,112.3,112.3,nan,nan,nan,nan,112.30,0.00,nan,nan,nan,nan
25-Mar-25 10:20:00 PM AEST,112.3,112.3,nan,nan,nan,nan,112.30,1.48,nan,nan,nan,nan
25-Mar-25 10:21:27 PM AEST,nan,nan,nan,6552.80,nan,nan,nan,nan,nan,nan,nan,nan
25-Mar-25 10:21:30 PM AEST,nan,nan,93.3,nan,0.60,3.41,nan,nan,nan,nan,14.20,nan
25-Mar-25 10:21:33 PM AEST,nan,nan,nan,nan,nan,nan,nan,nan,nan,84.70,nan,nan
25-Mar-25 10:21:56 PM AEST,nan,nan,nan,nan,nan,nan,nan,nan,nan,nan,nan,1.00
25-Mar-25 10:22:20 PM AEST,nan,nan,nan,nan,nan,nan,nan,nan,317.80,nan,nan,nan
25-Mar-25 10:22:25 PM AEST,nan,nan,nan,nan,nan,nan,nan,11.23,nan,nan,nan,nan
25-Mar-25 10:22:26 PM AEST,nan,0.0,nan,nan,nan,nan,0.00,nan,nan,nan,nan,nan
25-Mar-25 10:22:30 PM AEST,72.2,nan,nan,nan,nan,nan,nan,nan,nan,nan,nan,nan
25-Mar-25 10:28:00 PM AEST,24.0,24.0,nan,0.20,nan,nan,24.00,9.75,nan,nan,nan,0.00
25-Mar-25 10:30:00 PM AEST,nan,nan,23.6,nan,72.20,65.53,nan,nan,0.00,0.00,0.00,nan
25-Mar-25 10:30:00 PM AEST,nan,nan,23.6,nan,1.00,0.24,nan,nan,6552.80,1.00,1.00,nan
25-Mar-25 10:30:25 PM AEST,nan,nan,nan,nan,nan,nan,nan,0.00,nan,nan,nan,nan
25-Mar-25 10:30:25 PM AEST,nan,nan,nan,nan,nan,nan,nan,11.23,nan,nan,nan,nan
25-Mar-25 10:30:26 PM AEST,nan,97.5,nan,nan,nan,nan,125.20,nan,nan,nan,nan,nan
25-Mar-25 10:30:26 PM AEST,nan,0.0,nan,nan,nan,nan,0.00,nan,nan,nan,nan,nan
25-Mar-25 10:30:29 PM AEST,nan,nan,nan,0.00,nan,nan,nan,nan,nan,nan,nan,72.20
25-Mar-25 10:30:30 PM AEST,0.0,nan,nan,nan,nan,nan,nan,nan,nan,nan,nan,nan
25-Mar-25 10:32:30 PM AEST,nan,nan,nan,nan,72.20,65.53,nan,nan,nan,nan,0.00,nan
25-Mar-25 10:32:31 PM AEST,nan,nan,nan,nan,nan,nan,nan,nan,nan,0.00,nan,nan
25-Mar-25 10:32:35 PM AEST,nan,nan,nan,nan,nan,nan,nan,nan,0.00,nan,nan,nan
25-Mar-25 10:32:50 PM AEST,nan,nan,nan,nan,nan,nan,nan,0.02,nan,nan,nan,nan
25-Mar-25 10:32:50 PM AEST,nan,nan,nan,nan,nan,nan,nan,0.00,nan,nan,nan,nan
25-Mar-25 10:32:52 PM AEST,nan,97.5,nan,nan,nan,nan,125.20,nan,nan,nan,nan,nan
25-Mar-25 10:32:58 PM AEST,nan,nan,nan,13.80,nan,nan,nan,nan,nan,nan,nan,13.80
25-Mar-25 10:32:58 PM AEST,nan,nan,nan,0.20,nan,nan,nan,nan,nan,nan,nan,0.00
25-Mar-25 10:33:00 PM AEST,24.0,nan,nan,nan,nan,nan,nan,nan,nan,nan,nan,nan
25-Mar-25 10:34:00 PM AEST,nan,nan,0.6,nan,nan,nan,nan,nan,nan,nan,nan,nan
25-Mar-25 10:35:00 PM AEST,nan,nan,nan,nan,14.20,0.14,nan,nan,nan,nan,14.20,nan
25-Mar-25 10:35:00 PM AEST,nan,nan,nan,nan,72.20,65.53,nan,nan,nan,nan,0.00,nan
25-Mar-25 10:35:02 PM AEST,nan,nan,nan,nan,nan,nan,nan,nan,nan,84.70,nan,nan
25-Mar-25 10:35:02 PM AEST,nan,nan,nan,nan,nan,nan,nan,nan,nan,0.00,nan,nan
25-Mar-25 10:35:10 PM AEST,nan,nan,nan,nan,nan,nan,nan,nan,317.80,nan,nan,nan
25-Mar-25 10:35:10 PM AEST,nan,nan,nan,nan,nan,nan,nan,nan,0.00,nan,nan,nan
25-Mar-25 10:35:15 PM AEST,nan,nan,nan,nan,nan,nan,nan,11.23,nan,nan,nan,nan
25-Mar-25 10:35:15 PM AEST,nan,nan,nan,nan,nan,nan,nan,0.00,nan,nan,nan,nan
25-Mar-25 10:35:18 PM AEST,nan,0.0,nan,nan,nan,nan,0.00,nan,nan,nan,nan,nan
25-Mar-25 10:35:18 PM AEST,nan,97.5,nan,nan,nan,nan,125.20,nan,nan,nan,nan,nan
25-Mar-25 10:35:27 PM AEST,nan,nan,nan,6552.80,nan,nan,nan,nan,nan,nan,nan,1.00
25-Mar-25 10:35:27 PM AEST,nan,nan,nan,0.20,nan,nan,nan,nan,nan,nan,nan,0.00
25-Mar-25 10:35:30 PM AEST,72.2,nan,nan,nan,nan,nan,nan,nan,nan,nan,nan,nan
25-Mar-25 10:35:30 PM AEST,24.0,nan,nan,nan,nan,nan,nan,nan,nan,nan,nan,nan
25-Mar-25 10:36:30 PM AEST,nan,nan,23.6,nan,nan,nan,nan,nan,nan,nan,nan,nan
25-Mar-25 10:36:30 PM AEST,nan,nan,93.3,nan,nan,nan,nan,nan,nan,nan,nan,nan
25-Mar-25 10:37:30 PM AEST,nan,nan,nan,nan,0.60,3.41,nan,nan,nan,nan,14.20,nan
25-Mar-25 10:37:33 PM AEST,nan,nan,nan,nan,nan,nan,nan,nan,nan,84.70,nan,nan
25-Mar-25 10:37:40 PM AEST,nan,nan,nan,nan,nan,nan,nan,11.23,nan,nan,nan,nan
25-Mar-25 10:37:44 PM AEST,nan,0.0,nan,nan,nan,nan,0.00,nan,nan,nan,nan,nan
25-Mar-25 10:37:45 PM AEST,nan,nan,nan,nan,nan,nan,nan,nan,317.80,nan,nan,nan
25-Mar-25 10:37:56 PM AEST,nan,nan,nan,6552.80,nan,nan,nan,nan,nan,nan,nan,1.00
25-Mar-25 10:38:00 PM AEST,72.2,nan,nan,nan,nan,nan,nan,nan,nan,nan,nan,nan
25-Mar-25 10:40:05 PM AEST,nan,nan,nan,nan,nan,nan,nan,0.00,nan,nan,nan,nan
25-Mar-25 10:40:10 PM AEST,nan,97.5,nan,nan,nan,nan,125.20,nan,nan,nan,nan,nan
25-Mar-25 10:40:25 PM AEST,nan,nan,nan,0.20,nan,nan,nan,nan,nan,nan,nan,0.00
25-Mar-25 10:40:30 PM AEST,24.0,nan,nan,nan,nan,nan,nan,nan,nan,nan,nan,nan
25-Mar-25 10:42:00 PM AEST,nan,nan,23.6,nan,1.00,0.01,nan,nan,6552.80,6552.80,6552.80,nan
25-Mar-25 10:42:30 PM AEST,nan,nan,nan,nan,nan,nan,nan,11.23,nan,nan,nan,nan
25-Mar-25 10:42:36 PM AEST,nan,0.0,nan,nan,nan,nan,0.00,nan,nan,nan,nan,nan
25-Mar-25 10:42:54 PM AEST,nan,nan,nan,6552.80,nan,nan,nan,nan,nan,nan,nan,1.00
25-Mar-25 10:42:54 PM AEST,nan,nan,nan,0.00,nan,nan,nan,nan,nan,nan,nan,0.00
25-Mar-25 10:43:00 PM AEST,0.0,nan,nan,nan,nan,nan,nan,nan,nan,nan,nan,nan
25-Mar-25 10:44:30 PM AEST,nan,nan,nan,nan,72.20,65.53,nan,nan,nan,nan,0.00,nan
25-Mar-25 10:44:31 PM AEST,nan,nan,nan,nan,nan,nan,nan,nan,nan,0.00,nan,nan
25-Mar-25 10:44:35 PM AEST,nan,nan,nan,nan,nan,nan,nan,nan,0.00,nan,nan,nan
25-Mar-25 10:44:55 PM AEST,nan,nan,nan,nan,nan,nan,nan,5.11,nan,nan,nan,nan
25-Mar-25 10:45:02 PM AEST,nan,14.8,nan,nan,nan,nan,14.80,nan,nan,nan,nan,nan
25-Mar-25 10:45:23 PM AEST,nan,nan,nan,112.30,nan,nan,nan,nan,nan,nan,nan,112.30
25-Mar-25 10:45:23 PM AEST,nan,nan,nan,0.20,nan,nan,nan,nan,nan,nan,nan,0.00
25-Mar-25 10:45:30 PM AEST,112.3,nan,nan,nan,nan,nan,nan,nan,nan,nan,nan,nan
25-Mar-25 10:45:30 PM AEST,24.0,nan,nan,nan,nan,nan,nan,nan,nan,nan,nan,nan
25-Mar-25 10:47:00 PM AEST,nan,nan,nan,nan,0.60,3.41,nan,nan,nan,nan,14.20,nan
25-Mar-25 10:47:02 PM AEST,nan,nan,nan,nan,nan,nan,nan,nan,nan,84.70,nan,nan
25-Mar-25 10:47:10 PM AEST,nan,nan,nan,nan,nan,nan,nan,nan,317.80,nan,nan,nan
25-Mar-25 10:47:20 PM AEST,nan,nan,nan,nan,nan,nan,nan,0.00,nan,nan,nan,nan
25-Mar-25 10:47:28 PM AEST,nan,97.5,nan,nan,nan,nan,125.20,nan,nan,nan,nan,nan
25-Mar-25 10:47:28 PM AEST,nan,0.0,nan,nan,nan,nan,125.20,nan,nan,nan,nan,nan
25-Mar-25 10:47:52 PM AEST,nan,nan,nan,6552.80,nan,nan,nan,nan,nan,nan,nan,1.00
25-Mar-25 10:48:00 PM AEST,72.2,nan,93.3,nan,nan,nan,nan,nan,nan,nan,nan,nan
25-Mar-25 10:49:33 PM AEST,nan,nan,nan,nan,nan,nan,nan,nan,nan,0.00,nan,nan
25-Mar-25 10:49:45 PM AEST,nan,nan,nan,nan,nan,nan,nan,nan,0.00,nan,nan,nan
25-Mar-25 10:49:54 PM AEST,nan,97.5,nan,nan,nan,nan,nan,nan,nan,nan,nan,nan
25-Mar-25 10:50:21 PM AEST,nan,nan,nan,0.20,nan,nan,nan,nan,nan,nan,nan,0.00
25-Mar-25 10:50:30 PM AEST,24.0,nan,nan,nan,nan,nan,nan,nan,nan,nan,nan,nan
25-Mar-25 10:52:04 PM AEST,nan,nan,nan,nan,nan,nan,nan,nan,nan,84.70,nan,nan
25-Mar-25 10:52:20 PM AEST,nan,nan,nan,nan,nan,nan,nan,nan,317.80,nan,nan,nan
25-Mar-25 10:52:50 PM AEST,nan,nan,nan,6552.80,nan,nan,nan,nan,nan,nan,nan,1.00
25-Mar-25 10:53:00 PM AEST,72.2,nan,nan,nan,nan,nan,nan,nan,nan,nan,nan,nan
25-Mar-25 10:54:35 PM AEST,nan,nan,nan,nan,nan,nan,nan,nan,nan,0.00,nan,nan
25-Mar-25 10:54:55 PM AEST,nan,nan,nan,nan,nan,nan,nan,nan,0.00,nan,nan,nan
25-Mar-25 10:55:19 PM AEST,nan,nan,nan,14.80,nan,nan,nan,nan,nan,nan,nan,112.30
25-Mar-25 10:55:30 PM AEST,14.8,nan,nan,nan,nan,nan,nan,nan,nan,nan,nan,nan
25-Mar-25 10:55:30 PM AEST,24.0,nan,nan,nan,nan,nan,nan,nan,nan,nan,nan,nan
25-Mar-25 10:56:00 PM AEST,nan,14.8,23.6,nan,72.20,65.53,51.10,5.11,nan,nan,0.00,nan
25-Mar-25 10:56:00 PM AEST,nan,97.5,317.8,nan,72.20,3.18,125.20,0.00,nan,nan,0.00,nan
25-Mar-25 10:57:06 PM AEST,nan,nan,nan,nan,nan,nan,nan,nan,nan,1.40,nan,nan
25-Mar-25 10:57:30 PM AEST,nan,nan,nan,nan,nan,nan,nan,nan,0.90,nan,nan,nan
25-Mar-25 10:57:48 PM AEST,nan,nan,nan,0.20,nan,nan,nan,nan,nan,nan,nan,0.00
25-Mar-25 10:57:48 PM AEST,nan,nan,nan,6552.80,nan,nan,nan,nan,nan,nan,nan,1.00
25-Mar-25 10:58:00 PM AEST,72.2,nan,nan,nan,nan,nan,nan,nan,nan,nan,nan,nan
25-Mar-25 10:58:25 PM AEST,nan,nan,nan,nan,nan,nan,nan,11.23,nan,nan,nan,nan
25-Mar-25 10:58:26 PM AEST,nan,0.0,nan,nan,nan,nan,0.00,nan,nan,nan,nan,nan
25-Mar-25 10:58:30 PM AEST,nan,nan,23.6,nan,1.40,0.24,nan,nan,nan,nan,1.40,nan
25-Mar-25 10:58:30 PM AEST,nan,nan,23.6,nan,1.00,0.24,nan,nan,nan,nan,1.00,nan
25-Mar-25 10:59:37 PM AEST,nan,nan,nan,nan,nan,nan,nan,nan,nan,1.00,nan,nan
25-Mar-25 11:00:05 PM AEST,nan,nan,nan,nan,nan,nan,nan,nan,6552.80,nan,nan,nan
25-Mar-25 11:00:17 PM AEST,nan,nan,nan,0.00,nan,nan,nan,nan,nan,nan,nan,72.20
25-Mar-25 11:00:30 PM AEST,0.0,nan,nan,nan,nan,nan,nan,nan,nan,nan,nan,nan
25-Mar-25 11:01:00 PM AEST,nan,nan,0.6,nan,14.20,0.14,nan,nan,nan,nan,14.20,nan
25-Mar-25 11:02:08 PM AEST,nan,nan,nan,nan,nan,nan,nan,nan,nan,84.70,nan,nan
25-Mar-25 11:02:40 PM AEST,nan,nan,nan,nan,nan,nan,nan,nan,317.80,nan,nan,nan
25-Mar-25 11:02:46 PM AEST,nan,nan,nan,6552.80,nan,nan,nan,nan,nan,nan,nan,1.00
25-Mar-25 11:03:00 PM AEST,72.2,nan,nan,nan,nan,nan,nan,nan,nan,nan,nan,nan
25-Mar-25 11:03:30 PM AEST,nan,nan,93.3,nan,0.60,3.41,nan,nan,nan,nan,nan,nan
25-Mar-25 11:06:00 PM AEST,nan,nan,nan,nan,nan,nan,125.20,0.00,nan,nan,nan,nan
25-Mar-25 11:08:00 PM AEST,24.0,97.5,nan,0.20,nan,nan,nan,nan,0.00,0.00,nan,0.00
25-Mar-25 11:08:00 PM AEST,24.0,97.5,nan,0.20,nan,nan,nan,nan,317.80,84.70,nan,1.00
25-Mar-25 11:08:00 PM AEST,24.0,97.5,nan,0.20,nan,nan,nan,nan,0.00,0.00,nan,0.00
25-Mar-25 11:10:00 PM AEST,nan,nan,23.6,nan,72.20,65.53,0.00,11.23,nan,nan,0.00,nan
25-Mar-25 11:10:00 PM AEST,nan,nan,14.2,nan,84.70,0.14,0.00,11.23,nan,nan,84.70,nan
25-Mar-25 11:10:26 PM AEST,nan,0.0,nan,nan,nan,nan,nan,nan,nan,nan,nan,nan
25-Mar-25 11:10:29 PM AEST,nan,nan,nan,6552.80,nan,nan,nan,nan,nan,nan,nan,1.00
25-Mar-25 11:10:30 PM AEST,72.2,nan,nan,nan,nan,nan,nan,nan,nan,nan,nan,nan
25-Mar-25 11:10:31 PM AEST,nan,nan,nan,nan,nan,nan,nan,nan,nan,84.70,nan,nan
25-Mar-25 11:10:35 PM AEST,nan,nan,nan,nan,nan,nan,nan,nan,317.80,nan,nan,nan
25-Mar-25 11:12:30 PM AEST,nan,nan,93.3,nan,0.60,3.41,nan,nan,nan,nan,14.20,nan
25-Mar-25 11:15:00 PM AEST,nan,nan,317.8,nan,1.40,0.01,nan,nan,nan,nan,0.90,nan
25-Mar-25 11:16:00 PM AEST,24.0,97.5,nan,0.20,nan,nan,125.20,0.00,0.90,0.90,nan,0.00
25-Mar-25 11:16:00 PM AEST,72.2,0.0,nan,6552.80,nan,nan,0.00,11.23,0.90,0.90,nan,1.00
25-Mar-25 11:17:30 PM AEST,nan,nan,23.6,nan,1.00,0.01,nan,nan,nan,nan,6552.80,nan
25-Mar-25 11:18:29 PM AEST,nan,nan,nan,0.00,nan,nan,nan,nan,nan,nan,nan,0.00
25-Mar-25 11:18:30 PM AEST,0.0,nan,nan,nan,nan,nan,nan,nan,nan,nan,nan,nan
25-Mar-25 11:18:31 PM AEST,nan,nan,nan,nan,nan,nan,nan,nan,nan,6552.80,nan,nan
25-Mar-25 11:18:35 PM AEST,nan,nan,nan,nan,nan,nan,nan,nan,6552.80,nan,nan,nan
25-Mar-25 11:20:00 PM AEST,nan,nan,0.6,nan,14.20,0.14,nan,nan,nan,nan,14.20,nan
25-Mar-25 11:20:58 PM AEST,nan,nan,nan,6552.80,nan,nan,nan,nan,nan,nan,nan,1.00
25-Mar-25 11:21:00 PM AEST,72.2,nan,nan,nan,nan,nan,nan,nan,nan,nan,nan,nan
25-Mar-25 11:21:02 PM AEST,nan,nan,nan,nan,nan,nan,nan,nan,nan,84.70,nan,nan
25-Mar-25 11:21:10 PM AEST,nan,nan,nan,nan,nan,nan,nan,nan,317.80,nan,nan,nan
25-Mar-25 11:22:30 PM AEST,nan,nan,93.3,nan,0.60,3.41,nan,nan,nan,nan,nan,nan
25-Mar-25 11:24:00 PM AEST,nan,nan,nan,nan,nan,nan,125.20,0.00,nan,nan,nan,nan
25-Mar-25 11:26:25 PM AEST,nan,nan,nan,nan,nan,nan,nan,11.23,nan,nan,nan,nan
25-Mar-25 11:26:26 PM AEST,nan,nan,nan,nan,nan,nan,0.00,nan,nan,nan,nan,nan
25-Mar-25 11:28:00 PM AEST,24.0,97.5,nan,0.20,nan,nan,nan,nan,nan,nan,nan,0.00
25-Mar-25 11:28:50 PM AEST,nan,nan,nan,nan,nan,nan,nan,12.52,nan,nan,nan,nan
25-Mar-25 11:28:52 PM AEST,nan,nan,nan,nan,nan,nan,97.50,nan,nan,nan,nan,nan
25-Mar-25 11:30:00 PM AEST,nan,nan,nan,nan,72.20,65.53,nan,nan,0.00,0.00,0.00,nan
25-Mar-25 11:30:26 PM AEST,nan,14.8,nan,nan,nan,nan,nan,nan,nan,nan,nan,nan
25-Mar-25 11:30:29 PM AEST,nan,nan,nan,112.30,nan,nan,nan,nan,nan,nan,nan,112.30
25-Mar-25 11:30:30 PM AEST,112.3,nan,nan,nan,nan,nan,nan,nan,nan,nan,nan,nan
25-Mar-25 11:31:15 PM AEST,nan,nan,nan,nan,nan,nan,nan,5.11,nan,nan,nan,nan
25-Mar-25 11:31:18 PM AEST,nan,nan,nan,nan,nan,nan,14.80,nan,nan,nan,nan,nan
25-Mar-25 11:32:30 PM AEST,nan,nan,nan,nan,0.60,3.41,nan,nan,nan,nan,14.20,nan
25-Mar-25 11:32:31 PM AEST,nan,nan,nan,nan,nan,nan,nan,nan,nan,84.70,nan,nan
25-Mar-25 11:32:35 PM AEST,nan,nan,nan,nan,nan,nan,nan,nan,317.80,nan,nan,nan
25-Mar-25 11:32:52 PM AEST,nan,0.0,nan,nan,nan,nan,nan,nan,nan,nan,nan,nan
25-Mar-25 11:32:58 PM AEST,nan,nan,nan,6552.80,nan,nan,nan,nan,nan,nan,nan,1.00
25-Mar-25 11:33:00 PM AEST,72.2,nan,nan,nan,nan,nan,nan,nan,nan,nan,nan,nan
25-Mar-25 11:33:40 PM AEST,nan,nan,nan,nan,nan,nan,nan,11.23,nan,nan,nan,nan
25-Mar-25 11:33:44 PM AEST,nan,nan,nan,nan,nan,nan,0.00,nan,nan,nan,nan,nan
25-Mar-25 11:38:00 PM AEST,24.0,24.0,nan,0.20,nan,nan,24.00,9.75,nan,nan,nan,0.00
25-Mar-25 11:40:00 PM AEST,nan,nan,nan,nan,72.20,65.53,nan,nan,0.00,0.00,0.00,nan
25-Mar-25 11:40:25 PM AEST,nan,nan,nan,nan,nan,nan,nan,0.00,nan,nan,nan,nan
25-Mar-25 11:40:26 PM AEST,nan,97.5,nan,nan,nan,nan,125.20,nan,nan,nan,nan,nan
25-Mar-25 11:42:00 PM AEST,13.8,nan,nan,13.80,nan,nan,nan,nan,nan,nan,nan,51.10
25-Mar-25 11:42:30 PM AEST,nan,nan,nan,nan,0.60,3.41,nan,nan,nan,nan,14.20,nan
25-Mar-25 11:42:31 PM AEST,nan,nan,nan,nan,nan,nan,nan,nan,nan,84.70,nan,nan
25-Mar-25 11:42:52 PM AEST,nan,13.8,nan,nan,nan,nan,0.00,nan,nan,nan,nan,nan
25-Mar-25 11:44:00 PM AEST,nan,nan,23.6,nan,nan,nan,nan,nan,nan,nan,nan,nan
25-Mar-25 11:44:29 PM AEST,nan,nan,nan,0.20,nan,nan,nan,nan,nan,nan,nan,0.00
25-Mar-25 11:44:30 PM AEST,24.0,nan,nan,nan,nan,nan,nan,nan,nan,nan,nan,nan
25-Mar-25 11:45:00 PM AEST,nan,nan,nan,nan,72.20,65.53,nan,nan,nan,nan,0.00,nan
25-Mar-25 11:45:00 PM AEST,nan,nan,nan,nan,72.20,3.41,nan,nan,nan,nan,0.00,nan
25-Mar-25 11:45:02 PM AEST,nan,nan,nan,nan,nan,nan,nan,nan,nan,0.00,nan,nan
25-Mar-25 11:45:18 PM AEST,nan,97.5,nan,nan,nan,nan,125.20,nan,nan,nan,nan,nan
25-Mar-25 11:46:30 PM AEST,nan,nan,93.3,nan,nan,nan,nan,nan,nan,nan,nan,nan
25-Mar-25 11:46:58 PM AEST,nan,nan,nan,14.80,nan,nan,nan,nan,nan,nan,nan,112.30
25-Mar-25 11:47:00 PM AEST,14.8,nan,nan,nan,nan,nan,nan,nan,nan,nan,nan,nan
25-Mar-25 11:47:30 PM AEST,nan,nan,nan,nan,0.60,0.01,nan,nan,nan,nan,14.20,nan
25-Mar-25 11:47:30 PM AEST,nan,nan,nan,nan,8.30,0.01,nan,nan,nan,nan,14.20,nan
25-Mar-25 11:47:44 PM AEST,nan,14.8,nan,nan,nan,nan,51.10,nan,nan,nan,nan,nan
25-Mar-25 11:48:00 PM AEST,nan,nan,nan,nan,nan,nan,nan,5.11,nan,nan,nan,nan
25-Mar-25 11:49:00 PM AEST,nan,nan,0.9,nan,nan,nan,nan,nan,nan,nan,nan,nan
25-Mar-25 11:49:27 PM AEST,nan,nan,nan,6552.80,nan,nan,nan,nan,nan,nan,nan,1.00
25-Mar-25 11:49:30 PM AEST,72.2,nan,nan,nan,nan,nan,nan,nan,nan,nan,nan,nan
25-Mar-25 11:50:00 PM AEST,nan,nan,nan,nan,nan,nan,nan,nan,23.60,8.30,8.30,nan
25-Mar-25 11:50:10 PM AEST,nan,0.0,nan,nan,nan,nan,0.00,nan,nan,nan,nan,nan
25-Mar-25 11:50:25 PM AEST,nan,nan,nan,nan,nan,nan,nan,11.23,nan,nan,nan,nan
25-Mar-25 11:51:30 PM AEST,nan,nan,93.3,nan,nan,nan,nan,nan,nan,nan,nan,nan
25-Mar-25 11:52:00 PM AEST,nan,nan,nan,nan,0.60,3.41,nan,nan,nan,nan,nan,nan
25-Mar-25 11:52:30 PM AEST,nan,nan,nan,nan,nan,nan,nan,nan,nan,nan,14.20,nan
25-Mar-25 11:52:31 PM AEST,nan,nan,nan,nan,nan,nan,nan,nan,nan,84.70,nan,nan
25-Mar-25 11:52:35 PM AEST,nan,nan,nan,nan,nan,nan,nan,nan,317.80,nan,nan,nan
25-Mar-25 11:54:00 PM AEST,24.0,97.5,nan,0.20,nan,nan,125.20,58.35,nan,nan,nan,0.00
25-Mar-25 11:56:00 PM AEST,nan,nan,nan,nan,nan,nan,nan,nan,nan,0.00,0.00,nan
25-Mar-25 11:56:25 PM AEST,nan,nan,nan,nan,nan,nan,nan,5.11,nan,nan,nan,nan
25-Mar-25 11:56:26 PM AEST,nan,14.8,nan,nan,nan,nan,14.80,nan,nan,nan,nan,nan
25-Mar-25 11:56:29 PM AEST,nan,nan,nan,112.30,nan,nan,nan,nan,nan,nan,nan,112.30
25-Mar-25 11:56:30 PM AEST,112.3,nan,nan,nan,nan,nan,nan,nan,nan,nan,nan,nan
25-Mar-25 11:58:00 PM AEST,nan,nan,23.6,nan,72.20,65.53,nan,nan,0.00,nan,nan,nan
25-Mar-25 11:58:50 PM AEST,nan,nan,nan,nan,nan,nan,nan,2.40,nan,nan,nan,nan
25-Mar-25 11:58:52 PM AEST,nan,0.2,nan,nan,nan,nan,24.00,nan,nan,nan,nan,nan
25-Mar-25 11:58:58 PM AEST,nan,nan,nan,0.20,nan,nan,nan,nan,nan,nan,nan,0.00
25-Mar-25 11:59:00 PM AEST,0.2,nan,nan,nan,nan,nan,nan,nan,nan,nan,nan,nan
26-Mar-25 12:01:15 AM AEST,nan,nan,nan,nan,nan,nan,nan,1.48,nan,nan,nan,nan
26-Mar-25 12:01:18 AM AEST,nan,112.3,nan,nan,nan,nan,112.30,nan,nan,nan,nan,nan
26-Mar-25 12:01:27 AM AEST,nan,nan,nan,0.00,nan,nan,nan,nan,nan,nan,nan,nan
26-Mar-25 12:01:30 AM AEST,112.3,nan,nan,nan,nan,nan,nan,nan,nan,nan,nan,nan
26-Mar-25 12:03:40 AM AEST,nan,nan,nan,nan,nan,nan,nan,11.23,nan,nan,nan,nan
26-Mar-25 12:03:44 AM AEST,nan,0.0,nan,nan,nan,nan,0.00,nan,nan,nan,nan,nan
26-Mar-25 12:03:56 AM AEST,nan,nan,nan,6552.80,nan,nan,nan,nan,nan,nan,nan,nan
26-Mar-25 12:04:00 AM AEST,72.2,nan,317.8,nan,1.40,0.01,nan,nan,0.90,0.90,0.90,1.00
26-Mar-25 12:04:00 AM AEST,72.2,nan,23.6,nan,1.00,0.24,nan,nan,6552.80,1.00,1.00,1.00
26-Mar-25 12:06:05 AM AEST,nan,nan,nan,nan,nan,nan,nan,0.00,nan,nan,nan,nan
26-Mar-25 12:06:10 AM AEST,nan,97.5,nan,nan,nan,nan,125.20,nan,nan,nan,nan,nan
26-Mar-25 12:06:25 AM AEST,nan,nan,nan,0.00,nan,nan,nan,nan,nan,nan,nan,nan
26-Mar-25 12:06:25 AM AEST,nan,nan,nan,0.20,nan,nan,nan,nan,nan,nan,nan,nan
26-Mar-25 12:06:29 AM AEST,nan,nan,nan,nan,nan,nan,nan,nan,nan,nan,nan,72.20
26-Mar-25 12:06:29 AM AEST,nan,nan,nan,nan,nan,nan,nan,nan,nan,nan,nan,0.00
26-Mar-25 12:06:30 AM AEST,0.0,nan,nan,nan,72.20,65.53,nan,nan,nan,nan,0.00,nan
26-Mar-25 12:06:30 AM AEST,24.0,nan,nan,nan,72.20,65.53,nan,nan,nan,nan,0.00,nan
26-Mar-25 12:06:31 AM AEST,nan,nan,nan,nan,nan,nan,nan,nan,nan,0.00,nan,nan
26-Mar-25 12:06:35 AM AEST,nan,nan,nan,nan,nan,nan,nan,nan,0.00,nan,nan,nan
26-Mar-25 12:08:00 AM AEST,nan,nan,93.3,nan,nan,nan,nan,nan,nan,nan,nan,nan
26-Mar-25 12:08:36 AM AEST,nan,0.0,nan,nan,nan,nan,0.00,nan,nan,nan,nan,nan
26-Mar-25 12:08:54 AM AEST,nan,nan,nan,6552.80,nan,nan,nan,nan,nan,nan,nan,nan
26-Mar-25 12:08:58 AM AEST,nan,nan,nan,nan,nan,nan,nan,nan,nan,nan,nan,1.00
26-Mar-25 12:09:00 AM AEST,72.2,nan,nan,nan,0.60,3.41,nan,nan,nan,nan,14.20,nan
26-Mar-25 12:09:00 AM AEST,72.2,nan,nan,nan,317.80,3.18,nan,nan,nan,nan,317.80,nan
26-Mar-25 12:09:02 AM AEST,nan,nan,nan,nan,nan,nan,nan,nan,nan,84.70,nan,nan
26-Mar-25 12:09:02 AM AEST,nan,nan,nan,nan,nan,nan,nan,nan,nan,1.40,nan,nan
26-Mar-25 12:09:10 AM AEST,nan,nan,nan,nan,nan,nan,nan,nan,317.80,nan,nan,nan
26-Mar-25 12:09:10 AM AEST,nan,nan,nan,nan,nan,nan,nan,nan,1.40,nan,nan,nan
26-Mar-25 12:10:00 AM AEST,nan,nan,nan,nan,nan,nan,nan,11.23,nan,nan,nan,nan
26-Mar-25 12:10:30 AM AEST,nan,nan,84.7,nan,nan,nan,nan,nan,nan,nan,nan,nan
26-Mar-25 12:11:30 AM AEST,nan,nan,nan,nan,0.60,3.41,nan,nan,nan,nan,14.20,nan
26-Mar-25 12:11:33 AM AEST,nan,nan,nan,nan,nan,nan,nan,nan,nan,84.70,nan,nan
26-Mar-25 12:11:45 AM AEST,nan,nan,nan,nan,nan,nan,nan,nan,317.80,nan,nan,nan
26-Mar-25 12:13:00 AM AEST,nan,nan,93.3,nan,nan,nan,nan,nan,nan,nan,nan,nan
26-Mar-25 12:16:00 AM AEST,0.2,0.2,nan,0.20,nan,nan,24.00,2.40,nan,nan,nan,0.00
26-Mar-25 12:18:00 AM AEST,nan,nan,23.6,nan,72.20,65.53,nan,nan,0.00,0.00,0.00,nan
26-Mar-25 12:18:00 AM AEST,nan,nan,93.3,nan,0.60,3.41,nan,nan,317.80,84.70,14.20,nan
26-Mar-25 12:18:25 AM AEST,nan,nan,nan,nan,nan,nan,nan,0.00,nan,nan,nan,nan
26-Mar-25 12:18:26 AM AEST,nan,97.5,nan,nan,nan,nan,125.20,nan,nan,nan,nan,nan
26-Mar-25 12:18:26 AM AEST,nan,0.2,nan,nan,nan,nan,125.20,nan,nan,nan,nan,nan
26-Mar-25 12:18:29 AM AEST,nan,nan,nan,0.00,nan,nan,nan,nan,nan,nan,nan,nan
26-Mar-25 12:18:30 AM AEST,24.0,nan,nan,nan,nan,nan,nan,nan,nan,nan,nan,nan
26-Mar-25 12:18:30 AM AEST,0.0,nan,nan,nan,nan,nan,nan,nan,nan,nan,nan,nan
26-Mar-25 12:20:50 AM AEST,nan,nan,nan,nan,nan,nan,nan,2.40,nan,nan,nan,nan
26-Mar-25 12:20:52 AM AEST,nan,nan,nan,nan,nan,nan,0.20,nan,nan,nan,nan,nan
26-Mar-25 12:23:15 AM AEST,nan,nan,nan,nan,nan,nan,nan,11.23,nan,nan,nan,nan
26-Mar-25 12:23:18 AM AEST,nan,nan,nan,nan,nan,nan,0.00,nan,nan,nan,nan,nan
26-Mar-25 12:24:00 AM AEST,72.2,0.0,nan,6552.80,nan,nan,nan,nan,nan,nan,nan,1.00
26-Mar-25 12:25:40 AM AEST,nan,nan,nan,nan,nan,nan,nan,0.00,nan,nan,nan,nan
26-Mar-25 12:25:44 AM AEST,nan,nan,nan,nan,nan,nan,125.20,nan,nan,nan,nan,nan
26-Mar-25 12:26:00 AM AEST,nan,nan,23.6,nan,72.20,65.53,nan,nan,0.00,0.00,0.00,nan
26-Mar-25 12:26:00 AM AEST,nan,nan,93.3,nan,72.20,65.53,nan,nan,0.00,0.00,0.00,nan
26-Mar-25 12:26:26 AM AEST,nan,97.5,nan,nan,nan,nan,nan,nan,nan,nan,nan,nan
26-Mar-25 12:26:29 AM AEST,nan,nan,nan,0.20,nan,nan,nan,nan,nan,nan,nan,0.00
26-Mar-25 12:26:30 AM AEST,24.0,nan,nan,nan,nan,nan,nan,nan,nan,nan,nan,nan
26-Mar-25 12:28:30 AM AEST,nan,nan,341.4,nan,0.60,3.41,nan,nan,nan,nan,14.20,nan
26-Mar-25 12:28:31 AM AEST,nan,nan,nan,nan,nan,nan,nan,nan,nan,84.70,nan,nan
26-Mar-25 12:28:35 AM AEST,nan,nan,nan,nan,nan,nan,nan,nan,317.80,nan,nan,nan
26-Mar-25 12:28:52 AM AEST,nan,0.0,nan,nan,nan,nan,nan,nan,nan,nan,nan,nan
26-Mar-25 12:28:58 AM AEST,nan,nan,nan,6552.80,nan,nan,nan,nan,nan,nan,nan,1.00
26-Mar-25 12:29:00 AM AEST,72.2,nan,nan,nan,nan,nan,nan,nan,nan,nan,nan,nan
26-Mar-25 12:30:00 AM AEST,nan,nan,nan,nan,nan,nan,0.00,11.23,nan,nan,nan,nan
26-Mar-25 12:31:00 AM AEST,nan,nan,93.3,nan,nan,nan,nan,nan,nan,nan,nan,nan
26-Mar-25 12:32:00 AM AEST,nan,nan,nan,nan,8.30,0.08,nan,nan,23.60,23.60,23.60,nan
26-Mar-25 12:32:25 AM AEST,nan,nan,nan,nan,nan,nan,nan,0.00,nan,nan,nan,nan
26-Mar-25 12:32:25 AM AEST,nan,nan,nan,nan,nan,nan,nan,11.23,nan,nan,nan,nan
26-Mar-25 12:32:26 AM AEST,nan,nan,nan,nan,nan,nan,125.20,nan,nan,nan,nan,nan
26-Mar-25 12:32:26 AM AEST,nan,nan,nan,nan,nan,nan,0.00,nan,nan,nan,nan,nan
26-Mar-25 12:33:30 AM AEST,nan,nan,0.9,nan,nan,nan,nan,nan,nan,nan,nan,nan
26-Mar-25 12:34:00 AM AEST,nan,nan,nan,nan,nan,nan,nan,nan,nan,nan,nan,6552.80
26-Mar-25 12:34:30 AM AEST,nan,nan,nan,nan,0.60,3.41,nan,nan,nan,nan,14.20,nan
26-Mar-25 12:34:31 AM AEST,nan,nan,nan,nan,nan,nan,nan,nan,nan,84.70,nan,nan
26-Mar-25 12:34:35 AM AEST,nan,nan,nan,nan,nan,nan,nan,nan,317.80,nan,nan,nan
26-Mar-25 12:36:00 AM AEST,nan,nan,93.3,nan,nan,nan,nan,nan,nan,nan,nan,nan
26-Mar-25 12:36:29 AM AEST,nan,nan,nan,nan,nan,nan,nan,nan,nan,nan,nan,1.00
26-Mar-25 12:38:00 AM AEST,24.0,97.5,nan,0.20,nan,nan,125.20,0.00,nan,nan,nan,nan
26-Mar-25 12:40:00 AM AEST,nan,nan,nan,nan,nan,nan,nan,nan,0.00,nan,nan,14.80
26-Mar-25 12:40:25 AM AEST,nan,nan,nan,nan,nan,nan,nan,1.38,nan,nan,nan,nan
26-Mar-25 12:40:26 AM AEST,nan,51.1,nan,nan,nan,nan,51.10,nan,nan,nan,nan,nan
26-Mar-25 12:40:29 AM AEST,nan,nan,nan,14.80,nan,nan,nan,nan,nan,nan,nan,nan
26-Mar-25 12:40:30 AM AEST,51.1,nan,nan,nan,nan,nan,nan,nan,nan,nan,nan,nan
26-Mar-25 12:42:29 AM AEST,nan,nan,nan,nan,nan,nan,nan,nan,nan,nan,nan,1.00
26-Mar-25 12:42:35 AM AEST,nan,nan,nan,nan,nan,nan,nan,nan,317.80,nan,nan,nan
26-Mar-25 12:42:50 AM AEST,nan,nan,nan,nan,nan,nan,nan,11.23,nan,nan,nan,nan
26-Mar-25 12:42:52 AM AEST,nan,0.0,nan,nan,nan,nan,0.00,nan,nan,nan,nan,nan
26-Mar-25 12:42:58 AM AEST,nan,nan,nan,6552.80,nan,nan,nan,nan,nan,nan,nan,nan
26-Mar-25 12:43:00 AM AEST,72.2,nan,nan,nan,nan,nan,nan,nan,nan,nan,nan,nan
26-Mar-25 12:44:00 AM AEST,nan,nan,23.6,nan,72.20,65.53,nan,nan,nan,0.00,0.00,nan
26-Mar-25 12:44:58 AM AEST,nan,nan,nan,nan,nan,nan,nan,nan,nan,nan,nan,0.00
26-Mar-25 12:45:10 AM AEST,nan,nan,nan,nan,nan,nan,nan,nan,0.00,nan,nan,nan
26-Mar-25 12:45:15 AM AEST,nan,nan,nan,nan,nan,nan,nan,0.00,nan,nan,nan,nan
26-Mar-25 12:45:18 AM AEST,nan,97.5,nan,nan,nan,nan,125.20,nan,nan,nan,nan,nan
26-Mar-25 12:45:27 AM AEST,nan,nan,nan,0.20,nan,nan,nan,nan,nan,nan,nan,nan
26-Mar-25 12:45:30 AM AEST,24.0,nan,nan,nan,nan,nan,nan,nan,nan,nan,nan,nan
26-Mar-25 12:46:30 AM AEST,nan,nan,93.3,nan,0.60,3.41,nan,nan,nan,nan,14.20,nan
26-Mar-25 12:46:31 AM AEST,nan,nan,nan,nan,nan,nan,nan,nan,nan,84.70,nan,nan
26-Mar-25 12:47:40 AM AEST,nan,nan,nan,nan,nan,nan,nan,2.40,nan,nan,nan,nan
26-Mar-25 12:47:40 AM AEST,nan,nan,nan,nan,nan,nan,nan,0.00,nan,nan,nan,nan
26-Mar-25 12:47:44 AM AEST,nan,0.2,nan,nan,nan,nan,0.20,nan,nan,nan,nan,nan
26-Mar-25 12:47:44 AM AEST,nan,97.5,nan,nan,nan,nan,125.20,nan,nan,nan,nan,nan
26-Mar-25 12:47:45 AM AEST,nan,nan,nan,nan,nan,nan,nan,nan,317.80,nan,nan,nan
26-Mar-25 12:47:45 AM AEST,nan,nan,nan,nan,nan,nan,nan,nan,0.00,nan,nan,nan
26-Mar-25 12:47:56 AM AEST,nan,nan,nan,0.00,nan,nan,nan,nan,nan,nan,nan,nan
26-Mar-25 12:47:56 AM AEST,nan,nan,nan,0.20,nan,nan,nan,nan,nan,nan,nan,nan
26-Mar-25 12:48:00 AM AEST,0.0,nan,nan,nan,nan,nan,nan,nan,nan,nan,nan,nan
26-Mar-25 12:48:00 AM AEST,24.0,nan,nan,nan,nan,nan,nan,nan,nan,nan,nan,nan
26-Mar-25 12:49:00 AM AEST,nan,nan,23.6,nan,72.20,65.53,nan,nan,nan,nan,0.00,nan
26-Mar-25 12:49:02 AM AEST,nan,nan,nan,nan,nan,nan,nan,nan,nan,0.00,nan,nan
26-Mar-25 12:50:10 AM AEST,nan,13.8,nan,nan,nan,nan,13.80,nan,nan,nan,nan,nan
26-Mar-25 12:50:25 AM AEST,nan,nan,nan,51.10,nan,nan,nan,nan,nan,nan,nan,nan
26-Mar-25 12:50:30 AM AEST,51.1,nan,nan,nan,nan,nan,nan,nan,nan,nan,nan,nan
26-Mar-25 12:51:30 AM AEST,nan,nan,93.3,nan,0.60,3.41,nan,nan,nan,nan,14.20,nan
26-Mar-25 12:51:30 AM AEST,nan,nan,23.6,nan,72.20,65.53,nan,nan,nan,nan,0.00,nan
26-Mar-25 12:51:33 AM AEST,nan,nan,nan,nan,nan,nan,nan,nan,nan,84.70,nan,nan
26-Mar-25 12:51:33 AM AEST,nan,nan,nan,nan,nan,nan,nan,nan,nan,0.00,nan,nan
26-Mar-25 12:52:00 AM AEST,nan,nan,nan,nan,nan,nan,nan,nan,nan,nan,nan,51.10
26-Mar-25 12:52:00 AM AEST,nan,nan,nan,nan,nan,nan,nan,nan,nan,nan,nan,0.00
26-Mar-25 12:52:36 AM AEST,nan,97.5,nan,nan,nan,nan,125.20,nan,nan,nan,nan,nan
26-Mar-25 12:52:54 AM AEST,nan,nan,nan,0.20,nan,nan,nan,nan,nan,nan,nan,nan
26-Mar-25 12:53:00 AM AEST,24.0,nan,nan,nan,nan,nan,nan,nan,nan,nan,nan,nan
26-Mar-25 12:54:00 AM AEST,nan,nan,93.3,nan,0.60,3.41,nan,nan,317.80,nan,14.20,nan
26-Mar-25 12:54:00 AM AEST,nan,nan,23.6,nan,72.20,65.53,nan,nan,0.00,nan,0.00,nan
26-Mar-25 12:54:04 AM AEST,nan,nan,nan,nan,nan,nan,nan,nan,nan,84.70,nan,nan
26-Mar-25 12:54:04 AM AEST,nan,nan,nan,nan,nan,nan,nan,nan,nan,0.00,nan,nan
26-Mar-25 12:54:29 AM AEST,nan,nan,nan,nan,nan,nan,nan,nan,nan,nan,nan,1.00
26-Mar-25 12:54:29 AM AEST,nan,nan,nan,nan,nan,nan,nan,nan,nan,nan,nan,0.00
26-Mar-25 12:55:02 AM AEST,nan,0.0,nan,nan,nan,nan,0.00,nan,nan,nan,nan,nan
26-Mar-25 12:55:02 AM AEST,nan,97.5,nan,nan,nan,nan,125.20,nan,nan,nan,nan,nan
26-Mar-25 12:55:23 AM AEST,nan,nan,nan,6552.80,nan,nan,nan,nan,nan,nan,nan,nan
26-Mar-25 12:55:23 AM AEST,nan,nan,nan,0.20,nan,nan,nan,nan,nan,nan,nan,nan
26-Mar-25 12:55:30 AM AEST,72.2,nan,nan,nan,nan,nan,nan,nan,nan,nan,nan,nan
26-Mar-25 12:55:30 AM AEST,24.0,nan,nan,nan,nan,nan,nan,nan,nan,nan,nan,nan
26-Mar-25 12:56:30 AM AEST,nan,nan,93.3,nan,0.60,3.41,nan,nan,nan,nan,14.20,nan
26-Mar-25 12:56:35 AM AEST,nan,nan,nan,nan,nan,nan,nan,nan,317.80,84.70,nan,nan
26-Mar-25 12:57:28 AM AEST,nan,24.0,nan,nan,nan,nan,24.00,nan,nan,nan,nan,nan
26-Mar-25 12:58:00 AM AEST,nan,nan,nan,nan,nan,nan,nan,9.75,nan,nan,nan,nan
26-Mar-25 12:59:00 AM AEST,nan,nan,nan,nan,72.20,65.53,nan,nan,nan,nan,72.20,nan
26-Mar-25 12:59:06 AM AEST,nan,nan,nan,nan,nan,nan,nan,nan,nan,72.20,nan,nan
26-Mar-25 12:59:10 AM AEST,nan,nan,nan,nan,nan,nan,nan,nan,0.00,nan,nan,nan
26-Mar-25 12:59:54 AM AEST,nan,0.0,nan,nan,nan,nan,112.30,nan,nan,nan,nan,nan
26-Mar-25 1:00:00 AM AEST,0.0,nan,nan,0.00,nan,nan,nan,nan,nan,nan,nan,nan
26-Mar-25 1:00:25 AM AEST,nan,nan,nan,nan,nan,nan,nan,11.23,nan,nan,nan,nan
26-Mar-25 1:01:30 AM AEST,nan,nan,nan,nan,0.60,3.41,nan,nan,nan,nan,14.20,nan
26-Mar-25 1:01:37 AM AEST,nan,nan,nan,nan,nan,nan,nan,nan,nan,84.70,nan,nan
26-Mar-25 1:01:45 AM AEST,nan,nan,nan,nan,nan,nan,nan,nan,317.80,nan,nan,nan
26-Mar-25 1:02:00 AM AEST,nan,nan,nan,nan,nan,nan,nan,nan,nan,nan,nan,1.00
26-Mar-25 1:02:20 AM AEST,nan,nan,nan,nan,nan,nan,0.00,nan,nan,nan,nan,nan
26-Mar-25 1:02:29 AM AEST,nan,nan,nan,6552.80,nan,nan,nan,nan,nan,nan,nan,nan
26-Mar-25 1:02:30 AM AEST,72.2,nan,nan,nan,nan,nan,nan,nan,nan,nan,nan,nan
26-Mar-25 1:06:00 AM AEST,nan,nan,nan,nan,nan,nan,nan,0.00,nan,nan,nan,nan
26-Mar-25 1:08:00 AM AEST,24.0,97.5,nan,0.20,nan,nan,125.20,nan,nan,nan,nan,0.00
26-Mar-25 1:10:00 AM AEST,nan,nan,nan,nan,nan,nan,nan,12.52,nan,nan,nan,nan
26-Mar-25 1:10:26 AM AEST,nan,nan,nan,nan,nan,nan,97.50,nan,nan,nan,nan,nan
26-Mar-25 1:12:00 AM AEST,14.8,14.8,nan,14.80,72.20,65.53,nan,nan,0.00,0.00,0.00,112.30
26-Mar-25 1:12:25 AM AEST,nan,nan,nan,nan,nan,nan,nan,5.11,nan,nan,nan,nan
26-Mar-25 1:12:52 AM AEST,nan,nan,nan,nan,nan,nan,51.10,nan,nan,nan,nan,nan
26-Mar-25 1:14:00 AM AEST,nan,nan,0.9,nan,nan,nan,nan,nan,nan,nan,nan,nan
26-Mar-25 1:14:26 AM AEST,nan,0.0,nan,nan,nan,nan,nan,nan,nan,nan,nan,nan
26-Mar-25 1:14:29 AM AEST,nan,nan,nan,6552.80,nan,nan,nan,nan,nan,nan,nan,1.00
26-Mar-25 1:14:30 AM AEST,72.2,nan,nan,nan,8.30,0.01,nan,nan,nan,nan,8.30,nan
26-Mar-25 1:14:31 AM AEST,nan,nan,nan,nan,nan,nan,nan,nan,nan,8.30,nan,nan
26-Mar-25 1:14:35 AM AEST,nan,nan,nan,nan,nan,nan,nan,nan,23.60,nan,nan,nan
26-Mar-25 1:14:50 AM AEST,nan,nan,nan,nan,nan,nan,nan,11.23,nan,nan,nan,nan
26-Mar-25 1:15:18 AM AEST,nan,nan,nan,nan,nan,nan,0.00,nan,nan,nan,nan,nan
26-Mar-25 1:16:30 AM AEST,nan,nan,93.3,nan,nan,nan,nan,nan,nan,nan,nan,nan
26-Mar-25 1:17:00 AM AEST,nan,nan,nan,nan,0.60,3.41,nan,nan,nan,nan,14.20,nan
26-Mar-25 1:17:02 AM AEST,nan,nan,nan,nan,nan,nan,nan,nan,nan,84.70,nan,nan
26-Mar-25 1:17:10 AM AEST,nan,nan,nan,nan,nan,nan,nan,nan,317.80,nan,nan,nan
26-Mar-25 1:20:00 AM AEST,24.0,97.5,nan,0.20,nan,nan,125.20,12.52,nan,nan,nan,0.00
26-Mar-25 1:22:00 AM AEST,nan,nan,nan,nan,72.20,nan,nan,nan,0.00,0.00,0.00,nan
26-Mar-25 1:22:25 AM AEST,nan,nan,nan,nan,nan,nan,nan,5.11,nan,nan,nan,nan
26-Mar-25 1:22:26 AM AEST,nan,14.8,nan,nan,nan,nan,51.10,nan,nan,nan,nan,nan
26-Mar-25 1:22:29 AM AEST,nan,nan,nan,14.80,nan,nan,nan,nan,nan,nan,nan,112.30
26-Mar-25 1:22:30 AM AEST,14.8,nan,nan,nan,nan,nan,nan,nan,nan,nan,nan,nan
26-Mar-25 1:24:00 AM AEST,nan,nan,23.6,nan,nan,65.53,nan,nan,nan,nan,nan,nan
26-Mar-25 1:24:00 AM AEST,nan,nan,84.7,nan,nan,3.18,nan,nan,nan,nan,nan,nan
26-Mar-25 1:24:30 AM AEST,nan,nan,nan,nan,317.80,nan,nan,nan,nan,nan,317.80,nan
26-Mar-25 1:24:31 AM AEST,nan,nan,nan,nan,nan,nan,nan,nan,nan,1.40,nan,nan
26-Mar-25 1:24:35 AM AEST,nan,nan,nan,nan,nan,nan,nan,nan,1.40,nan,nan,nan
26-Mar-25 1:24:50 AM AEST,nan,nan,nan,nan,nan,nan,nan,0.00,nan,nan,nan,nan
26-Mar-25 1:24:50 AM AEST,nan,nan,nan,nan,nan,nan,nan,11.23,nan,nan,nan,nan
26-Mar-25 1:24:52 AM AEST,nan,97.5,nan,nan,nan,nan,125.20,nan,nan,nan,nan,nan
26-Mar-25 1:24:52 AM AEST,nan,0.0,nan,nan,nan,nan,0.00,nan,nan,nan,nan,nan
26-Mar-25 1:24:58 AM AEST,nan,nan,nan,0.20,nan,nan,nan,nan,nan,nan,nan,0.00
26-Mar-25 1:24:58 AM AEST,nan,nan,nan,6552.80,nan,nan,nan,nan,nan,nan,nan,1.00
26-Mar-25 1:25:00 AM AEST,24.0,nan,nan,nan,nan,nan,nan,nan,nan,nan,nan,nan
26-Mar-25 1:25:00 AM AEST,72.2,nan,nan,nan,nan,nan,nan,nan,nan,nan,nan,nan
26-Mar-25 1:26:30 AM AEST,nan,nan,98.2,nan,nan,3.41,nan,nan,nan,nan,nan,nan
26-Mar-25 1:27:00 AM AEST,nan,nan,nan,nan,0.60,nan,nan,nan,nan,nan,14.20,nan
26-Mar-25 1:27:02 AM AEST,nan,nan,nan,nan,nan,nan,nan,nan,nan,84.70,nan,nan
26-Mar-25 1:27:10 AM AEST,nan,nan,nan,nan,nan,nan,nan,nan,317.80,nan,nan,nan
26-Mar-25 1:29:00 AM AEST,nan,nan,93.3,nan,nan,65.53,nan,nan,nan,nan,nan,nan
26-Mar-25 1:29:00 AM AEST,nan,nan,23.6,nan,nan,65.53,nan,nan,nan,nan,nan,nan
26-Mar-25 1:29:30 AM AEST,nan,nan,nan,nan,6552.80,nan,nan,nan,nan,nan,6552.80,nan
26-Mar-25 1:29:33 AM AEST,nan,nan,nan,nan,nan,nan,nan,nan,nan,72.20,nan,nan
26-Mar-25 1:29:45 AM AEST,nan,nan,nan,nan,nan,nan,nan,nan,72.20,nan,nan,nan
26-Mar-25 1:30:00 AM AEST,24.0,97.5,nan,0.20,nan,nan,125.20,0.00,nan,nan,nan,0.00
26-Mar-25 1:30:00 AM AEST,0.0,0.0,nan,0.00,nan,nan,0.00,11.23,nan,nan,nan,0.00
26-Mar-25 1:32:00 AM AEST,nan,nan,nan,nan,72.20,nan,nan,nan,nan,nan,0.00,nan
26-Mar-25 1:32:04 AM AEST,nan,nan,nan,nan,nan,nan,nan,nan,nan,0.00,nan,nan
26-Mar-25 1:32:20 AM AEST,nan,nan,nan,nan,nan,nan,nan,nan,0.00,nan,nan,nan
26-Mar-25 1:32:25 AM AEST,nan,nan,nan,nan,nan,nan,nan,0.00,nan,nan,nan,nan
26-Mar-25 1:32:26 AM AEST,nan,13.8,nan,nan,nan,nan,13.80,nan,nan,nan,nan,nan
26-Mar-25 1:32:29 AM AEST,nan,nan,nan,51.10,nan,nan,nan,nan,nan,nan,nan,51.10
26-Mar-25 1:32:30 AM AEST,51.1,nan,nan,nan,nan,nan,nan,nan,nan,nan,nan,nan
26-Mar-25 1:34:30 AM AEST,nan,nan,nan,nan,0.60,nan,nan,nan,nan,nan,14.20,nan
26-Mar-25 1:34:35 AM AEST,nan,nan,nan,nan,nan,nan,nan,nan,nan,84.70,nan,nan
26-Mar-25 1:34:50 AM AEST,nan,nan,nan,nan,nan,nan,nan,11.23,nan,nan,nan,nan
26-Mar-25 1:34:52 AM AEST,nan,97.5,nan,nan,nan,nan,125.20,nan,nan,nan,nan,nan
26-Mar-25 1:34:52 AM AEST,nan,0.0,nan,nan,nan,nan,0.00,nan,nan,nan,nan,nan
26-Mar-25 1:34:55 AM AEST,nan,nan,nan,nan,nan,nan,nan,nan,317.80,nan,nan,nan
26-Mar-25 1:34:58 AM AEST,nan,nan,nan,0.20,nan,nan,nan,nan,nan,nan,nan,0.00
26-Mar-25 1:34:58 AM AEST,nan,nan,nan,6552.80,nan,nan,nan,nan,nan,nan,nan,1.00
26-Mar-25 1:35:00 AM AEST,24.0,nan,nan,nan,nan,nan,nan,nan,nan,nan,nan,nan
26-Mar-25 1:35:00 AM AEST,72.2,nan,nan,nan,nan,nan,nan,nan,nan,nan,nan,nan
26-Mar-25 1:36:00 AM AEST,nan,nan,341.4,nan,nan,3.41,nan,nan,nan,nan,nan,nan
26-Mar-25 1:36:00 AM AEST,nan,nan,317.8,nan,nan,0.01,nan,nan,nan,nan,nan,nan
26-Mar-25 1:37:00 AM AEST,nan,nan,nan,nan,1.40,nan,nan,nan,nan,nan,0.90,nan
26-Mar-25 1:37:06 AM AEST,nan,nan,nan,nan,nan,nan,nan,nan,nan,0.90,nan,nan
26-Mar-25 1:37:30 AM AEST,nan,nan,nan,nan,nan,nan,nan,nan,0.90,nan,nan,nan
26-Mar-25 1:38:30 AM AEST,nan,nan,93.3,nan,nan,3.41,nan,nan,nan,nan,nan,nan
26-Mar-25 1:39:30 AM AEST,nan,nan,nan,nan,0.60,nan,nan,nan,nan,nan,14.20,nan
26-Mar-25 1:39:30 AM AEST,nan,nan,nan,nan,72.20,nan,nan,nan,nan,nan,0.00,nan
26-Mar-25 1:39:37 AM AEST,nan,nan,nan,nan,nan,nan,nan,nan,nan,84.70,nan,nan
26-Mar-25 1:39:37 AM AEST,nan,nan,nan,nan,nan,nan,nan,nan,nan,0.00,nan,nan
26-Mar-25 1:40:00 AM AEST,24.0,97.5,nan,0.20,nan,nan,125.20,0.00,nan,nan,nan,0.00
26-Mar-25 1:40:05 AM AEST,nan,nan,nan,nan,nan,nan,nan,nan,317.80,nan,nan,nan
26-Mar-25 1:40:05 AM AEST,nan,nan,nan,nan,nan,nan,nan,nan,0.00,nan,nan,nan
26-Mar-25 1:41:00 AM AEST,nan,nan,23.6,nan,nan,65.53,nan,nan,nan,nan,nan,nan
26-Mar-25 1:41:00 AM AEST,nan,nan,93.3,nan,nan,3.41,nan,nan,nan,nan,nan,nan
26-Mar-25 1:42:00 AM AEST,nan,nan,nan,nan,0.60,nan,nan,nan,nan,nan,14.20,nan
26-Mar-25 1:42:08 AM AEST,nan,nan,nan,nan,nan,nan,nan,nan,nan,84.70,nan,nan
26-Mar-25 1:42:25 AM AEST,nan,nan,nan,nan,nan,nan,nan,12.52,nan,nan,nan,nan
26-Mar-25 1:42:26 AM AEST,nan,nan,nan,nan,nan,nan,97.50,nan,nan,nan,nan,nan
26-Mar-25 1:42:29 AM AEST,nan,nan,nan,nan,nan,nan,nan,nan,nan,nan,nan,1.00
26-Mar-25 1:42:40 AM AEST,nan,nan,nan,nan,nan,nan,nan,nan,317.80,nan,nan,nan
26-Mar-25 1:43:30 AM AEST,nan,nan,nan,nan,nan,65.53,nan,nan,nan,nan,nan,nan
26-Mar-25 1:44:30 AM AEST,nan,nan,nan,nan,72.20,nan,nan,nan,nan,nan,72.20,nan
26-Mar-25 1:44:39 AM AEST,nan,nan,nan,nan,nan,nan,nan,nan,nan,72.20,nan,nan
26-Mar-25 1:44:50 AM AEST,nan,nan,nan,nan,nan,nan,nan,11.23,nan,nan,nan,nan
26-Mar-25 1:44:52 AM AEST,nan,nan,nan,nan,nan,nan,112.30,nan,nan,nan,nan,nan
26-Mar-25 1:44:58 AM AEST,nan,nan,nan,nan,nan,nan,nan,nan,nan,nan,nan,0.00
26-Mar-25 1:45:15 AM AEST,nan,nan,nan,nan,nan,nan,nan,nan,0.00,nan,nan,nan
26-Mar-25 1:46:00 AM AEST,0.0,0.0,23.6,0.00,nan,nan,nan,nan,nan,nan,nan,nan
26-Mar-25 1:46:00 AM AEST,112.3,0.0,23.6,112.30,nan,nan,nan,nan,nan,nan,nan,nan
26-Mar-25 1:47:00 AM AEST,nan,nan,nan,nan,nan,nan,nan,nan,nan,nan,0.00,nan
26-Mar-25 1:47:10 AM AEST,nan,nan,nan,nan,nan,nan,nan,nan,nan,0.00,nan,nan
26-Mar-25 1:47:15 AM AEST,nan,nan,nan,nan,nan,nan,nan,5.11,nan,nan,nan,nan
26-Mar-25 1:47:18 AM AEST,nan,nan,nan,nan,nan,nan,14.80,nan,nan,nan,nan,nan
26-Mar-25 1:47:27 AM AEST,nan,nan,nan,nan,nan,nan,nan,nan,nan,nan,nan,112.30
26-Mar-25 1:48:26 AM AEST,nan,14.8,nan,nan,nan,nan,nan,nan,nan,nan,nan,nan
26-Mar-25 1:48:26 AM AEST,nan,97.5,nan,nan,nan,nan,nan,nan,nan,nan,nan,nan
26-Mar-25 1:48:29 AM AEST,nan,nan,nan,0.20,nan,nan,nan,nan,nan,nan,nan,nan
26-Mar-25 1:48:30 AM AEST,24.0,nan,nan,nan,nan,nan,nan,nan,nan,nan,nan,nan
26-Mar-25 1:49:30 AM AEST,nan,nan,nan,nan,nan,nan,nan,nan,nan,nan,14.20,nan
26-Mar-25 1:49:40 AM AEST,nan,nan,nan,nan,nan,nan,nan,0.00,nan,nan,nan,nan
26-Mar-25 1:49:41 AM AEST,nan,nan,nan,nan,nan,nan,nan,nan,nan,84.70,nan,nan
26-Mar-25 1:49:44 AM AEST,nan,nan,nan,nan,nan,nan,125.20,nan,nan,nan,nan,nan
26-Mar-25 1:49:44 AM AEST,nan,nan,nan,nan,nan,nan,0.00,nan,nan,nan,nan,nan
26-Mar-25 1:49:56 AM AEST,nan,nan,nan,nan,nan,nan,nan,nan,nan,nan,nan,0.00
26-Mar-25 1:49:56 AM AEST,nan,nan,nan,nan,nan,nan,nan,nan,nan,nan,nan,1.00
26-Mar-25 1:50:00 AM AEST,nan,nan,93.3,nan,0.60,3.41,nan,nan,317.80,nan,nan,nan
26-Mar-25 1:50:52 AM AEST,nan,0.0,nan,nan,nan,nan,nan,nan,nan,nan,nan,nan
26-Mar-25 1:50:58 AM AEST,nan,nan,nan,6552.80,nan,nan,nan,nan,nan,nan,nan,nan
26-Mar-25 1:51:00 AM AEST,72.2,nan,nan,nan,nan,nan,nan,nan,nan,nan,nan,nan
26-Mar-25 1:52:00 AM AEST,nan,nan,nan,nan,nan,nan,nan,nan,nan,nan,0.00,nan
26-Mar-25 1:52:10 AM AEST,nan,nan,nan,nan,nan,nan,125.20,nan,nan,nan,nan,nan
26-Mar-25 1:52:12 AM AEST,nan,nan,nan,nan,nan,nan,nan,nan,nan,0.00,nan,nan
26-Mar-25 1:52:25 AM AEST,nan,nan,nan,nan,nan,nan,nan,nan,nan,nan,nan,0.00
26-Mar-25 1:52:25 AM AEST,nan,nan,nan,nan,nan,nan,nan,nan,nan,nan,nan,14.80
26-Mar-25 1:52:30 AM AEST,nan,nan,23.6,nan,72.20,65.53,nan,nan,nan,nan,nan,nan
26-Mar-25 1:52:35 AM AEST,nan,nan,nan,nan,nan,nan,nan,nan,0.00,nan,nan,nan
26-Mar-25 1:53:18 AM AEST,nan,97.5,nan,nan,nan,nan,nan,nan,nan,nan,nan,nan
26-Mar-25 1:53:18 AM AEST,nan,51.1,nan,nan,nan,nan,nan,nan,nan,nan,nan,nan
26-Mar-25 1:53:27 AM AEST,nan,nan,nan,0.20,nan,nan,nan,nan,nan,nan,nan,nan
26-Mar-25 1:53:27 AM AEST,nan,nan,nan,14.80,nan,nan,nan,nan,nan,nan,nan,nan
26-Mar-25 1:53:30 AM AEST,24.0,nan,nan,nan,nan,nan,nan,nan,nan,nan,nan,nan
26-Mar-25 1:53:30 AM AEST,51.1,nan,nan,nan,nan,nan,nan,nan,nan,nan,nan,nan
26-Mar-25 1:54:00 AM AEST,nan,nan,nan,nan,nan,nan,nan,1.38,nan,nan,nan,nan
26-Mar-25 1:54:36 AM AEST,nan,nan,nan,nan,nan,nan,51.10,nan,nan,nan,nan,nan
26-Mar-25 1:54:36 AM AEST,nan,nan,nan,nan,nan,nan,0.00,nan,nan,nan,nan,nan
26-Mar-25 1:54:54 AM AEST,nan,nan,nan,nan,nan,nan,nan,nan,nan,nan,nan,13.80
26-Mar-25 1:55:44 AM AEST,nan,0.0,nan,nan,nan,nan,nan,nan,nan,nan,nan,nan
26-Mar-25 1:55:56 AM AEST,nan,nan,nan,13.80,nan,nan,nan,nan,nan,nan,nan,nan
26-Mar-25 1:56:00 AM AEST,0.0,nan,nan,nan,nan,nan,nan,nan,nan,nan,nan,nan
26-Mar-25 1:56:25 AM AEST,nan,nan,nan,nan,nan,nan,nan,0.02,nan,nan,nan,nan
26-Mar-25 1:58:50 AM AEST,nan,nan,nan,nan,nan,nan,nan,2.40,nan,nan,nan,nan
26-Mar-25 2:00:00 AM AEST,0.2,0.2,93.3,0.20,0.60,3.41,24.00,nan,317.80,84.70,14.20,0.00
26-Mar-25 2:02:00 AM AEST,nan,nan,nan,nan,nan,nan,nan,11.23,nan,nan,nan,nan
26-Mar-25 2:02:26 AM AEST,nan,0.0,nan,nan,nan,nan,112.30,nan,nan,nan,nan,nan
26-Mar-25 2:02:29 AM AEST,nan,nan,nan,0.00,nan,nan,nan,nan,nan,nan,nan,nan
26-Mar-25 2:02:30 AM AEST,0.0,nan,23.6,nan,72.20,65.53,nan,nan,nan,nan,72.20,nan
26-Mar-25 2:02:31 AM AEST,nan,nan,nan,nan,nan,nan,nan,nan,nan,72.20,nan,nan
26-Mar-25 2:02:35 AM AEST,nan,nan,nan,nan,nan,nan,nan,nan,0.00,nan,nan,nan
26-Mar-25 2:04:52 AM AEST,nan,nan,nan,nan,nan,nan,0.00,nan,nan,nan,nan,nan
26-Mar-25 2:04:58 AM AEST,nan,nan,nan,6552.80,nan,nan,nan,nan,nan,nan,nan,nan
26-Mar-25 2:05:00 AM AEST,72.2,nan,93.3,nan,0.60,3.41,nan,nan,nan,nan,14.20,nan
26-Mar-25 2:05:02 AM AEST,nan,nan,nan,nan,nan,nan,nan,nan,nan,84.70,nan,nan
26-Mar-25 2:05:10 AM AEST,nan,nan,nan,nan,nan,nan,nan,nan,317.80,nan,nan,nan
26-Mar-25 2:06:00 AM AEST,nan,nan,nan,nan,nan,nan,nan,nan,nan,nan,nan,1.00
26-Mar-25 2:10:00 AM AEST,0.2,0.2,nan,0.20,nan,nan,24.00,2.40,nan,nan,nan,0.00
26-Mar-25 2:12:00 AM AEST,nan,nan,23.6,nan,72.20,65.53,nan,nan,0.00,0.00,0.00,nan
26-Mar-25 2:12:25 AM AEST,nan,nan,nan,nan,nan,nan,nan,0.00,nan,nan,nan,nan
26-Mar-25 2:12:25 AM AEST,nan,nan,nan,nan,nan,nan,nan,5.11,nan,nan,nan,nan
26-Mar-25 2:12:26 AM AEST,nan,97.5,nan,nan,nan,nan,125.20,nan,nan,nan,nan,nan
26-Mar-25 2:12:26 AM AEST,nan,14.8,nan,nan,nan,nan,14.80,nan,nan,nan,nan,nan
26-Mar-25 2:12:29 AM AEST,nan,nan,nan,112.30,nan,nan,nan,nan,nan,nan,nan,112.30
26-Mar-25 2:12:30 AM AEST,24.0,nan,nan,nan,nan,nan,nan,nan,nan,nan,nan,nan
26-Mar-25 2:12:30 AM AEST,112.3,nan,nan,nan,nan,nan,nan,nan,nan,nan,nan,nan
26-Mar-25 2:14:30 AM AEST,nan,nan,0.9,nan,8.30,0.01,nan,nan,nan,nan,8.30,nan
26-Mar-25 2:14:31 AM AEST,nan,nan,nan,nan,nan,nan,nan,nan,nan,8.30,nan,nan
26-Mar-25 2:14:35 AM AEST,nan,nan,nan,nan,nan,nan,nan,nan,23.60,nan,nan,nan
26-Mar-25 2:14:50 AM AEST,nan,nan,nan,nan,nan,nan,nan,11.23,nan,nan,nan,nan
26-Mar-25 2:14:52 AM AEST,nan,0.0,nan,nan,nan,nan,0.00,nan,nan,nan,nan,nan
26-Mar-25 2:14:58 AM AEST,nan,nan,nan,6552.80,nan,nan,nan,nan,nan,nan,nan,1.00
26-Mar-25 2:15:00 AM AEST,72.2,nan,nan,nan,nan,nan,nan,nan,nan,nan,nan,nan
26-Mar-25 2:17:00 AM AEST,nan,nan,93.3,nan,0.60,3.41,nan,nan,nan,nan,14.20,nan
26-Mar-25 2:17:02 AM AEST,nan,nan,nan,nan,nan,nan,nan,nan,nan,84.70,nan,nan
26-Mar-25 2:17:10 AM AEST,nan,nan,nan,nan,nan,nan,nan,nan,317.80,nan,nan,nan
26-Mar-25 2:22:00 AM AEST,0.0,nan,nan,13.80,nan,nan,nan,0.02,nan,nan,nan,13.80
26-Mar-25 2:24:00 AM AEST,nan,nan,23.6,nan,1.00,0.24,nan,nan,6552.80,1.00,1.00,nan
26-Mar-25 2:24:25 AM AEST,nan,nan,nan,nan,nan,nan,nan,11.23,nan,nan,nan,nan
26-Mar-25 2:24:29 AM AEST,nan,nan,nan,0.00,nan,nan,nan,nan,nan,nan,nan,72.20
26-Mar-25 2:26:00 AM AEST,72.2,nan,nan,nan,nan,nan,nan,nan,nan,nan,nan,nan
26-Mar-25 2:26:30 AM AEST,nan,nan,93.3,nan,0.60,3.41,nan,nan,nan,nan,14.20,nan
26-Mar-25 2:26:31 AM AEST,nan,nan,nan,nan,nan,nan,nan,nan,nan,84.70,nan,nan
26-Mar-25 2:26:35 AM AEST,nan,nan,nan,nan,nan,nan,nan,nan,317.80,nan,nan,nan
26-Mar-25 2:26:58 AM AEST,nan,nan,nan,6552.80,nan,nan,nan,nan,nan,nan,nan,1.00
26-Mar-25 2:30:00 AM AEST,nan,nan,nan,nan,nan,nan,nan,0.00,nan,nan,nan,nan
26-Mar-25 2:32:00 AM AEST,0.0,0.2,nan,0.00,nan,nan,0.20,nan,nan,nan,nan,0.00
26-Mar-25 2:32:00 AM AEST,24.0,97.5,nan,0.20,nan,nan,125.20,nan,nan,nan,nan,0.00
26-Mar-25 2:32:25 AM AEST,nan,nan,nan,nan,nan,nan,nan,2.40,nan,nan,nan,nan
26-Mar-25 2:32:25 AM AEST,nan,nan,nan,nan,nan,nan,nan,0.00,nan,nan,nan,nan
26-Mar-25 2:34:00 AM AEST,nan,nan,23.6,nan,72.20,65.53,nan,nan,0.00,0.00,0.00,nan
26-Mar-25 2:34:00 AM AEST,nan,nan,93.3,nan,0.60,3.41,nan,nan,0.00,0.00,14.20,nan
26-Mar-25 2:34:00 AM AEST,nan,nan,23.6,nan,72.20,65.53,nan,nan,0.00,0.00,0.00,nan
26-Mar-25 2:34:29 AM AEST,nan,nan,nan,112.30,nan,nan,nan,nan,nan,nan,nan,112.30
26-Mar-25 2:34:30 AM AEST,112.3,nan,nan,nan,nan,nan,nan,nan,nan,nan,nan,nan
26-Mar-25 2:34:50 AM AEST,nan,nan,nan,nan,nan,nan,nan,5.11,nan,nan,nan,nan
26-Mar-25 2:36:00 AM AEST,nan,14.8,nan,nan,nan,nan,14.80,nan,nan,nan,nan,nan
26-Mar-25 2:36:58 AM AEST,nan,nan,nan,0.20,nan,nan,nan,nan,nan,nan,nan,0.00
26-Mar-25 2:37:00 AM AEST,24.0,nan,nan,nan,nan,nan,nan,nan,nan,nan,nan,nan
26-Mar-25 2:37:15 AM AEST,nan,nan,nan,nan,nan,nan,nan,0.00,nan,nan,nan,nan
26-Mar-25 2:38:00 AM AEST,nan,nan,93.3,nan,nan,3.41,nan,nan,nan,nan,nan,nan
26-Mar-25 2:38:26 AM AEST,nan,97.5,nan,nan,nan,nan,125.20,nan,nan,nan,nan,nan
26-Mar-25 2:39:27 AM AEST,nan,nan,nan,6552.80,nan,nan,nan,nan,nan,nan,nan,1.00
26-Mar-25 2:39:30 AM AEST,72.2,nan,nan,nan,nan,nan,nan,nan,nan,nan,nan,nan
26-Mar-25 2:40:00 AM AEST,nan,nan,nan,nan,0.60,nan,nan,nan,317.80,84.70,14.20,nan
26-Mar-25 2:41:56 AM AEST,nan,nan,nan,0.20,nan,nan,nan,nan,nan,nan,nan,0.00
26-Mar-25 2:42:00 AM AEST,24.0,nan,nan,nan,nan,nan,nan,nan,nan,nan,nan,nan
26-Mar-25 2:42:31 AM AEST,nan,nan,nan,nan,nan,nan,nan,nan,nan,0.00,nan,nan
26-Mar-25 2:42:31 AM AEST,nan,nan,nan,nan,nan,nan,nan,nan,nan,84.70,nan,nan
26-Mar-25 2:42:35 AM AEST,nan,nan,nan,nan,nan,nan,nan,nan,0.00,nan,nan,nan
26-Mar-25 2:42:35 AM AEST,nan,nan,nan,nan,nan,nan,nan,nan,317.80,nan,nan,nan
26-Mar-25 2:44:00 AM AEST,nan,0.0,0.9,nan,8.30,0.01,0.00,11.23,nan,nan,8.30,nan
26-Mar-25 2:44:25 AM AEST,nan,nan,nan,6552.80,nan,nan,nan,nan,nan,nan,nan,1.00
26-Mar-25 2:44:30 AM AEST,72.2,nan,nan,nan,nan,nan,nan,nan,nan,nan,nan,nan
26-Mar-25 2:45:02 AM AEST,nan,nan,nan,nan,nan,nan,nan,nan,nan,8.30,nan,nan
26-Mar-25 2:45:10 AM AEST,nan,nan,nan,nan,nan,nan,nan,nan,23.60,nan,nan,nan
26-Mar-25 2:46:30 AM AEST,nan,nan,93.3,nan,0.60,3.41,nan,nan,nan,nan,14.20,nan
26-Mar-25 2:47:33 AM AEST,nan,nan,nan,nan,nan,nan,nan,nan,nan,84.70,nan,nan
26-Mar-25 2:47:45 AM AEST,nan,nan,nan,nan,nan,nan,nan,nan,317.80,nan,nan,nan
26-Mar-25 2:49:00 AM AEST,nan,nan,23.6,nan,1.00,0.24,nan,nan,nan,nan,1.00,nan
26-Mar-25 2:50:00 AM AEST,24.0,97.5,nan,0.20,nan,nan,125.20,0.00,nan,nan,nan,0.00
26-Mar-25 2:50:00 AM AEST,0.0,0.0,nan,0.00,nan,nan,0.00,11.23,nan,nan,nan,72.20
26-Mar-25 2:50:04 AM AEST,nan,nan,nan,nan,nan,nan,nan,nan,nan,1.00,nan,nan
26-Mar-25 2:50:20 AM AEST,nan,nan,nan,nan,nan,nan,nan,nan,6552.80,nan,nan,nan
26-Mar-25 2:51:30 AM AEST,nan,nan,93.3,nan,0.60,3.41,nan,nan,nan,nan,14.20,nan
26-Mar-25 2:52:29 AM AEST,nan,nan,nan,6552.80,nan,nan,nan,nan,nan,nan,nan,1.00
26-Mar-25 2:52:30 AM AEST,72.2,nan,nan,nan,nan,nan,nan,nan,nan,nan,nan,nan
26-Mar-25 2:52:35 AM AEST,nan,nan,nan,nan,nan,nan,nan,nan,nan,84.70,nan,nan
26-Mar-25 2:52:55 AM AEST,nan,nan,nan,nan,nan,nan,nan,nan,317.80,nan,nan,nan
26-Mar-25 2:56:00 AM AEST,nan,nan,nan,nan,nan,nan,nan,0.00,nan,nan,nan,nan
26-Mar-25 2:58:00 AM AEST,0.2,0.2,nan,0.20,nan,nan,24.00,nan,nan,nan,nan,0.00
26-Mar-25 2:58:25 AM AEST,nan,nan,nan,nan,nan,nan,nan,2.40,nan,nan,nan,nan
26-Mar-25 3:00:00 AM AEST,nan,nan,23.6,nan,72.20,65.53,nan,nan,0.00,0.00,0.00,nan
26-Mar-25 3:00:26 AM AEST,nan,97.5,nan,nan,nan,nan,125.20,nan,nan,nan,nan,nan
26-Mar-25 3:00:30 AM AEST,24.0,nan,nan,nan,nan,nan,nan,nan,nan,nan,nan,nan
26-Mar-25 3:00:50 AM AEST,nan,nan,nan,nan,nan,nan,nan,0.00,nan,nan,nan,nan
26-Mar-25 3:02:00 AM AEST,nan,nan,nan,13.80,nan,nan,nan,nan,nan,nan,nan,13.80
26-Mar-25 3:02:30 AM AEST,nan,nan,93.3,nan,0.60,3.41,nan,nan,nan,nan,14.20,nan
26-Mar-25 3:02:31 AM AEST,nan,nan,nan,nan,nan,nan,nan,nan,nan,84.70,nan,nan
26-Mar-25 3:02:35 AM AEST,nan,nan,nan,nan,nan,nan,nan,nan,317.80,nan,nan,nan
26-Mar-25 3:02:52 AM AEST,nan,0.0,nan,nan,nan,nan,0.00,nan,nan,nan,nan,nan
26-Mar-25 3:03:00 AM AEST,0.0,nan,nan,nan,nan,nan,nan,nan,nan,nan,nan,nan
26-Mar-25 3:03:15 AM AEST,nan,nan,nan,nan,nan,nan,nan,0.02,nan,nan,nan,nan
26-Mar-25 3:04:29 AM AEST,nan,nan,nan,0.20,nan,nan,nan,nan,nan,nan,nan,0.00
26-Mar-25 3:05:00 AM AEST,nan,nan,23.6,nan,72.20,65.53,nan,nan,nan,nan,0.00,nan
26-Mar-25 3:05:02 AM AEST,nan,nan,nan,nan,nan,nan,nan,nan,nan,0.00,nan,nan
26-Mar-25 3:05:10 AM AEST,nan,nan,nan,nan,nan,nan,nan,nan,0.00,nan,nan,nan
26-Mar-25 3:05:18 AM AEST,nan,0.2,nan,nan,nan,nan,24.00,nan,nan,nan,nan,nan
26-Mar-25 3:05:18 AM AEST,nan,97.5,nan,nan,nan,nan,125.20,nan,nan,nan,nan,nan
26-Mar-25 3:05:30 AM AEST,0.2,nan,nan,nan,nan,nan,nan,nan,nan,nan,nan,nan
26-Mar-25 3:05:30 AM AEST,24.0,nan,nan,nan,nan,nan,nan,nan,nan,nan,nan,nan
26-Mar-25 3:05:40 AM AEST,nan,nan,nan,nan,nan,nan,nan,2.40,nan,nan,nan,nan
26-Mar-25 3:05:40 AM AEST,nan,nan,nan,nan,nan,nan,nan,0.00,nan,nan,nan,nan
26-Mar-25 3:06:58 AM AEST,nan,nan,nan,6552.80,nan,nan,nan,nan,nan,nan,nan,1.00
26-Mar-25 3:07:30 AM AEST,nan,nan,93.3,nan,0.60,3.41,nan,nan,nan,nan,14.20,nan
26-Mar-25 3:07:30 AM AEST,nan,nan,317.8,nan,0.60,3.41,nan,nan,nan,nan,14.20,nan
26-Mar-25 3:07:33 AM AEST,nan,nan,nan,nan,nan,nan,nan,nan,nan,84.70,nan,nan
26-Mar-25 3:07:44 AM AEST,nan,0.0,nan,nan,nan,nan,0.00,nan,nan,nan,nan,nan
26-Mar-25 3:07:45 AM AEST,nan,nan,nan,nan,nan,nan,nan,nan,317.80,nan,nan,nan
26-Mar-25 3:07:45 AM AEST,nan,nan,nan,nan,nan,nan,nan,nan,0.90,nan,nan,nan
26-Mar-25 3:08:00 AM AEST,72.2,nan,nan,nan,nan,nan,nan,nan,nan,nan,nan,nan
26-Mar-25 3:08:05 AM AEST,nan,nan,nan,nan,nan,nan,nan,11.23,nan,nan,nan,nan
26-Mar-25 3:09:27 AM AEST,nan,nan,nan,0.20,nan,nan,nan,nan,nan,nan,nan,0.00
26-Mar-25 3:10:00 AM AEST,nan,nan,23.6,nan,1.40,3.18,nan,nan,nan,nan,1.40,nan
26-Mar-25 3:10:00 AM AEST,nan,nan,23.6,nan,72.20,65.53,nan,nan,nan,nan,0.00,nan
26-Mar-25 3:10:04 AM AEST,nan,nan,nan,nan,nan,nan,nan,nan,nan,1.40,nan,nan
26-Mar-25 3:10:04 AM AEST,nan,nan,nan,nan,nan,nan,nan,nan,nan,0.00,nan,nan
26-Mar-25 3:10:10 AM AEST,nan,97.5,nan,nan,nan,nan,97.50,nan,nan,nan,nan,nan
26-Mar-25 3:10:20 AM AEST,nan,nan,nan,nan,nan,nan,nan,nan,0.00,nan,nan,nan
26-Mar-25 3:10:30 AM AEST,24.0,nan,nan,nan,nan,nan,nan,12.52,nan,nan,nan,nan
26-Mar-25 3:11:56 AM AEST,nan,nan,nan,0.00,nan,nan,nan,nan,nan,nan,nan,nan
26-Mar-25 3:12:30 AM AEST,nan,nan,93.3,nan,nan,nan,nan,nan,nan,nan,nan,nan
26-Mar-25 3:12:36 AM AEST,nan,112.3,nan,nan,nan,nan,112.30,nan,nan,nan,nan,nan
26-Mar-25 3:12:55 AM AEST,nan,nan,nan,nan,nan,nan,nan,1.48,nan,nan,nan,nan
26-Mar-25 3:13:00 AM AEST,112.3,nan,nan,nan,nan,nan,nan,nan,nan,nan,nan,nan
26-Mar-25 3:15:02 AM AEST,nan,0.0,nan,nan,nan,nan,0.00,nan,nan,nan,nan,nan
26-Mar-25 3:15:20 AM AEST,nan,nan,nan,nan,nan,nan,nan,11.23,nan,nan,nan,nan
26-Mar-25 3:15:30 AM AEST,72.2,nan,nan,nan,nan,nan,nan,nan,nan,nan,nan,nan
26-Mar-25 3:16:00 AM AEST,nan,nan,nan,6552.80,0.60,3.41,nan,nan,317.80,84.70,14.20,1.00
26-Mar-25 3:17:45 AM AEST,nan,nan,nan,nan,nan,nan,nan,0.00,nan,nan,nan,nan
26-Mar-25 3:18:00 AM AEST,24.0,97.5,23.6,nan,nan,nan,125.20,nan,nan,nan,nan,nan
26-Mar-25 3:18:29 AM AEST,nan,nan,nan,0.20,nan,nan,nan,nan,nan,nan,nan,0.00
26-Mar-25 3:18:30 AM AEST,nan,nan,nan,nan,72.20,65.53,nan,nan,nan,nan,0.00,nan
26-Mar-25 3:18:31 AM AEST,nan,nan,nan,nan,nan,nan,nan,nan,nan,0.00,nan,nan
26-Mar-25 3:18:35 AM AEST,nan,nan,nan,nan,nan,nan,nan,nan,0.00,nan,nan,nan
26-Mar-25 3:20:26 AM AEST,nan,0.0,nan,nan,nan,nan,112.30,nan,nan,nan,nan,nan
26-Mar-25 3:20:30 AM AEST,0.0,nan,93.3,nan,nan,nan,nan,nan,nan,nan,nan,nan
26-Mar-25 3:20:30 AM AEST,0.0,nan,23.6,nan,nan,nan,nan,nan,nan,nan,nan,nan
26-Mar-25 3:20:58 AM AEST,nan,nan,nan,0.00,nan,nan,nan,nan,nan,nan,nan,nan
26-Mar-25 3:21:00 AM AEST,nan,nan,nan,nan,0.60,3.41,nan,nan,nan,nan,14.20,nan
26-Mar-25 3:21:00 AM AEST,nan,nan,nan,nan,72.20,65.53,nan,nan,nan,nan,72.20,nan
26-Mar-25 3:21:02 AM AEST,nan,nan,nan,nan,nan,nan,nan,nan,nan,84.70,nan,nan
26-Mar-25 3:21:02 AM AEST,nan,nan,nan,nan,nan,nan,nan,nan,nan,72.20,nan,nan
26-Mar-25 3:21:10 AM AEST,nan,nan,nan,nan,nan,nan,nan,nan,317.80,nan,nan,nan
26-Mar-25 3:21:10 AM AEST,nan,nan,nan,nan,nan,nan,nan,nan,0.00,nan,nan,nan
26-Mar-25 3:22:00 AM AEST,nan,nan,nan,nan,nan,nan,nan,11.23,nan,nan,nan,nan
26-Mar-25 3:22:52 AM AEST,nan,0.2,nan,nan,nan,nan,24.00,nan,nan,nan,nan,nan
26-Mar-25 3:23:00 AM AEST,0.2,nan,nan,nan,nan,nan,nan,nan,nan,nan,nan,nan
26-Mar-25 3:23:27 AM AEST,nan,nan,nan,0.20,nan,nan,nan,nan,nan,nan,nan,nan
26-Mar-25 3:23:30 AM AEST,nan,nan,nan,nan,nan,nan,nan,nan,nan,nan,0.00,nan
26-Mar-25 3:23:33 AM AEST,nan,nan,nan,nan,nan,nan,nan,nan,nan,0.00,nan,nan
26-Mar-25 3:24:25 AM AEST,nan,nan,nan,nan,nan,nan,nan,2.40,nan,nan,nan,nan
26-Mar-25 3:24:25 AM AEST,nan,nan,nan,nan,nan,nan,nan,0.00,nan,nan,nan,nan
26-Mar-25 3:25:18 AM AEST,nan,97.5,nan,nan,nan,nan,125.20,nan,nan,nan,nan,nan
26-Mar-25 3:25:30 AM AEST,24.0,nan,nan,nan,nan,nan,nan,nan,nan,nan,nan,nan
26-Mar-25 3:25:30 AM AEST,72.2,nan,nan,nan,nan,nan,nan,nan,nan,nan,nan,nan
26-Mar-25 3:25:56 AM AEST,nan,nan,nan,6552.80,nan,nan,nan,nan,nan,nan,nan,nan
26-Mar-25 3:26:00 AM AEST,nan,nan,93.3,nan,0.60,3.41,nan,nan,317.80,nan,14.20,1.00
26-Mar-25 3:26:04 AM AEST,nan,nan,nan,nan,nan,nan,nan,nan,nan,84.70,nan,nan
26-Mar-25 3:26:50 AM AEST,nan,nan,nan,nan,nan,nan,nan,11.23,nan,nan,nan,nan
26-Mar-25 3:27:44 AM AEST,nan,0.0,nan,nan,nan,nan,0.00,nan,nan,nan,nan,nan
26-Mar-25 3:28:00 AM AEST,24.0,nan,nan,nan,nan,nan,nan,nan,nan,nan,nan,nan
26-Mar-25 3:28:25 AM AEST,nan,nan,nan,0.20,nan,nan,nan,nan,nan,nan,nan,nan
26-Mar-25 3:29:15 AM AEST,nan,nan,nan,nan,nan,nan,nan,0.00,nan,nan,nan,nan
26-Mar-25 3:30:10 AM AEST,nan,97.5,nan,nan,nan,nan,125.20,nan,nan,nan,nan,nan
26-Mar-25 3:30:10 AM AEST,nan,0.0,nan,nan,nan,nan,0.00,nan,nan,nan,nan,nan
26-Mar-25 3:30:30 AM AEST,72.2,nan,nan,nan,nan,nan,nan,nan,nan,nan,nan,nan
26-Mar-25 3:30:54 AM AEST,nan,nan,nan,6552.80,nan,nan,nan,nan,nan,nan,nan,nan
26-Mar-25 3:31:40 AM AEST,nan,nan,nan,nan,nan,nan,nan,11.23,nan,nan,nan,nan
26-Mar-25 3:32:36 AM AEST,nan,0.2,nan,nan,nan,nan,0.20,nan,nan,nan,nan,nan
26-Mar-25 3:33:00 AM AEST,0.0,nan,nan,nan,nan,nan,nan,nan,nan,nan,nan,nan
26-Mar-25 3:33:23 AM AEST,nan,nan,nan,0.00,nan,nan,nan,nan,nan,nan,nan,nan
26-Mar-25 3:34:00 AM AEST,nan,nan,nan,nan,nan,nan,nan,nan,nan,nan,nan,0.00
26-Mar-25 3:34:05 AM AEST,nan,nan,nan,nan,nan,nan,nan,2.40,nan,nan,nan,nan
26-Mar-25 3:34:05 AM AEST,nan,nan,nan,nan,nan,nan,nan,0.00,nan,nan,nan,nan
26-Mar-25 3:35:02 AM AEST,nan,97.5,nan,nan,nan,nan,125.20,nan,nan,nan,nan,nan
26-Mar-25 3:35:30 AM AEST,24.0,nan,nan,nan,nan,nan,nan,nan,nan,nan,nan,nan
26-Mar-25 3:35:52 AM AEST,nan,nan,nan,0.20,nan,nan,nan,nan,nan,nan,nan,nan
26-Mar-25 3:36:00 AM AEST,nan,nan,23.6,nan,72.20,65.53,nan,nan,0.00,0.00,0.00,nan
26-Mar-25 3:36:00 AM AEST,nan,nan,93.3,nan,0.60,3.41,nan,nan,317.80,84.70,14.20,nan
26-Mar-25 3:36:29 AM AEST,nan,nan,nan,nan,nan,nan,nan,nan,nan,nan,nan,13.80
26-Mar-25 3:37:28 AM AEST,nan,0.0,nan,nan,nan,nan,0.00,nan,nan,nan,nan,nan
26-Mar-25 3:38:00 AM AEST,0.0,nan,nan,nan,nan,nan,nan,0.02,nan,nan,nan,nan
26-Mar-25 3:38:21 AM AEST,nan,nan,nan,13.80,nan,nan,nan,nan,nan,nan,nan,nan
26-Mar-25 3:38:30 AM AEST,nan,nan,23.6,nan,1.00,0.24,nan,nan,nan,nan,1.00,nan
26-Mar-25 3:38:31 AM AEST,nan,nan,nan,nan,nan,nan,nan,nan,nan,1.00,nan,nan
26-Mar-25 3:38:35 AM AEST,nan,nan,nan,nan,nan,nan,nan,nan,6552.80,nan,nan,nan
26-Mar-25 3:38:58 AM AEST,nan,nan,nan,nan,nan,nan,nan,nan,nan,nan,nan,72.20
26-Mar-25 3:40:25 AM AEST,nan,nan,nan,nan,nan,nan,nan,11.23,nan,nan,nan,nan
26-Mar-25 3:40:50 AM AEST,nan,nan,nan,0.00,nan,nan,nan,nan,nan,nan,nan,nan
26-Mar-25 3:41:00 AM AEST,nan,nan,93.3,nan,nan,nan,nan,nan,nan,nan,nan,nan
26-Mar-25 3:41:10 AM AEST,nan,nan,nan,nan,nan,nan,nan,nan,317.80,nan,nan,nan
26-Mar-25 3:42:00 AM AEST,nan,nan,nan,nan,0.60,3.41,nan,nan,nan,84.70,14.20,1.00
26-Mar-25 3:43:19 AM AEST,nan,nan,nan,6552.80,nan,nan,nan,nan,nan,nan,nan,nan
26-Mar-25 3:44:00 AM AEST,72.2,nan,nan,nan,nan,nan,nan,nan,nan,nan,nan,nan
26-Mar-25 3:44:30 AM AEST,nan,nan,nan,nan,nan,0.24,nan,nan,nan,nan,nan,nan
26-Mar-25 3:45:48 AM AEST,nan,nan,nan,0.00,nan,nan,nan,nan,nan,nan,nan,nan
26-Mar-25 3:46:00 AM AEST,nan,nan,23.6,nan,1.00,nan,nan,0.00,6552.80,1.00,1.00,72.20
26-Mar-25 3:46:00 AM AEST,nan,nan,23.6,nan,1.00,nan,nan,11.23,6552.80,1.00,1.00,72.20
26-Mar-25 3:46:30 AM AEST,0.0,nan,nan,nan,nan,nan,nan,nan,nan,nan,nan,nan
26-Mar-25 3:48:00 AM AEST,nan,nan,nan,nan,nan,3.41,nan,nan,nan,nan,nan,nan
26-Mar-25 3:48:17 AM AEST,nan,nan,nan,6552.80,nan,nan,nan,nan,nan,nan,nan,nan
26-Mar-25 3:48:29 AM AEST,nan,nan,nan,nan,nan,nan,nan,nan,nan,nan,nan,1.00
26-Mar-25 3:48:30 AM AEST,nan,nan,93.3,nan,0.60,nan,nan,nan,nan,nan,14.20,nan
26-Mar-25 3:48:31 AM AEST,nan,nan,nan,nan,nan,nan,nan,nan,nan,84.70,nan,nan
26-Mar-25 3:48:35 AM AEST,nan,nan,nan,nan,nan,nan,nan,nan,317.80,nan,nan,nan
26-Mar-25 3:49:00 AM AEST,72.2,nan,nan,nan,nan,nan,nan,nan,nan,nan,nan,nan
26-Mar-25 3:50:58 AM AEST,nan,nan,nan,nan,nan,nan,nan,nan,nan,nan,nan,112.30
26-Mar-25 3:51:00 AM AEST,nan,nan,23.6,nan,72.20,nan,nan,nan,nan,nan,0.00,nan
26-Mar-25 3:51:02 AM AEST,nan,nan,nan,nan,nan,nan,nan,nan,nan,0.00,nan,nan
26-Mar-25 3:51:10 AM AEST,nan,nan,nan,nan,nan,nan,nan,nan,0.00,nan,nan,nan
26-Mar-25 3:51:30 AM AEST,112.3,nan,nan,nan,nan,nan,nan,nan,nan,nan,nan,nan
26-Mar-25 3:52:00 AM AEST,nan,14.8,nan,112.30,nan,65.53,14.80,0.00,nan,nan,nan,nan
26-Mar-25 3:52:00 AM AEST,nan,14.8,nan,112.30,nan,65.53,14.80,5.11,nan,nan,nan,nan
26-Mar-25 3:53:30 AM AEST,nan,nan,93.3,nan,0.60,nan,nan,nan,nan,nan,14.20,nan
26-Mar-25 3:53:33 AM AEST,nan,nan,nan,nan,nan,nan,nan,nan,nan,84.70,nan,nan
26-Mar-25 3:53:45 AM AEST,nan,nan,nan,nan,nan,nan,nan,nan,317.80,nan,nan,nan
26-Mar-25 3:54:00 AM AEST,72.2,nan,nan,nan,nan,nan,nan,nan,nan,nan,nan,nan
26-Mar-25 3:54:25 AM AEST,nan,nan,nan,nan,nan,nan,nan,11.23,nan,nan,nan,nan
26-Mar-25 3:54:26 AM AEST,nan,0.0,nan,nan,nan,nan,0.00,nan,nan,nan,nan,nan
26-Mar-25 3:54:29 AM AEST,nan,nan,nan,6552.80,nan,nan,nan,nan,nan,nan,nan,nan
26-Mar-25 3:54:30 AM AEST,nan,nan,nan,nan,nan,3.41,nan,nan,nan,nan,nan,nan
26-Mar-25 3:56:00 AM AEST,nan,nan,23.6,nan,72.20,nan,nan,nan,nan,nan,0.00,1.00
26-Mar-25 3:56:00 AM AEST,nan,nan,23.6,nan,72.20,nan,nan,nan,nan,nan,0.00,0.00
26-Mar-25 3:56:04 AM AEST,nan,nan,nan,nan,nan,nan,nan,nan,nan,0.00,nan,nan
26-Mar-25 3:56:20 AM AEST,nan,nan,nan,nan,nan,nan,nan,nan,0.00,nan,nan,nan
26-Mar-25 3:56:30 AM AEST,24.0,nan,nan,nan,nan,nan,nan,nan,nan,nan,nan,nan
26-Mar-25 3:56:50 AM AEST,nan,nan,nan,nan,nan,nan,nan,0.00,nan,nan,nan,nan
26-Mar-25 3:56:52 AM AEST,nan,97.5,nan,nan,nan,nan,125.20,nan,nan,nan,nan,nan
26-Mar-25 3:56:58 AM AEST,nan,nan,nan,0.20,nan,nan,nan,nan,nan,nan,nan,nan
26-Mar-25 3:57:00 AM AEST,nan,nan,nan,nan,nan,65.53,nan,nan,nan,nan,nan,nan
26-Mar-25 3:57:00 AM AEST,nan,nan,nan,nan,nan,3.41,nan,nan,nan,nan,nan,nan
26-Mar-25 3:58:30 AM AEST,nan,nan,93.3,nan,0.60,nan,nan,nan,nan,nan,14.20,nan
26-Mar-25 3:58:35 AM AEST,nan,nan,nan,nan,nan,nan,nan,nan,nan,84.70,nan,nan
26-Mar-25 3:58:55 AM AEST,nan,nan,nan,nan,nan,nan,nan,nan,317.80,nan,nan,nan
26-Mar-25 3:58:55 AM AEST,nan,nan,nan,nan,nan,nan,nan,nan,0.00,nan,nan,nan
26-Mar-25 3:59:15 AM AEST,nan,nan,nan,nan,nan,nan,nan,9.75,nan,nan,nan,nan
26-Mar-25 3:59:15 AM AEST,nan,nan,nan,nan,nan,nan,nan,0.00,nan,nan,nan,nan
26-Mar-25 3:59:18 AM AEST,nan,24.0,nan,nan,nan,nan,24.00,nan,nan,nan,nan,nan
26-Mar-25 3:59:18 AM AEST,nan,97.5,nan,nan,nan,nan,125.20,nan,nan,nan,nan,nan
26-Mar-25 3:59:27 AM AEST,nan,nan,nan,13.80,nan,nan,nan,nan,nan,nan,nan,nan
26-Mar-25 3:59:30 AM AEST,nan,nan,nan,nan,nan,65.53,nan,nan,nan,nan,nan,nan
26-Mar-25 4:00:00 AM AEST,13.8,nan,nan,nan,nan,nan,nan,nan,nan,nan,nan,51.10
26-Mar-25 4:01:00 AM AEST,nan,nan,23.6,nan,72.20,nan,nan,nan,nan,nan,0.00,nan
26-Mar-25 4:01:06 AM AEST,nan,nan,nan,nan,nan,nan,nan,nan,nan,0.00,nan,nan
26-Mar-25 4:01:40 AM AEST,nan,nan,nan,nan,nan,nan,nan,2.40,nan,nan,nan,nan
26-Mar-25 4:01:44 AM AEST,nan,13.8,nan,nan,nan,nan,0.00,nan,nan,nan,nan,nan
26-Mar-25 4:01:44 AM AEST,nan,0.2,nan,nan,nan,nan,24.00,nan,nan,nan,nan,nan
26-Mar-25 4:01:56 AM AEST,nan,nan,nan,0.20,nan,nan,nan,nan,nan,nan,nan,nan
26-Mar-25 4:02:29 AM AEST,nan,nan,nan,nan,nan,nan,nan,nan,nan,nan,nan,0.00
26-Mar-25 4:02:30 AM AEST,0.2,nan,nan,nan,nan,nan,nan,nan,nan,nan,nan,nan
26-Mar-25 4:04:05 AM AEST,nan,nan,nan,nan,nan,nan,nan,0.00,nan,nan,nan,nan
26-Mar-25 4:04:10 AM AEST,nan,97.5,nan,nan,nan,nan,125.20,nan,nan,nan,nan,nan
26-Mar-25 4:04:58 AM AEST,nan,nan,nan,nan,nan,nan,nan,nan,nan,nan,nan,1.00
26-Mar-25 4:05:00 AM AEST,24.0,nan,nan,nan,nan,nan,nan,nan,nan,nan,nan,nan
26-Mar-25 4:05:00 AM AEST,72.2,nan,nan,nan,nan,nan,nan,nan,nan,nan,nan,nan
26-Mar-25 4:06:00 AM AEST,nan,nan,93.3,6552.80,0.60,3.41,nan,nan,317.80,84.70,14.20,nan
26-Mar-25 4:06:00 AM AEST,nan,nan,98.2,6552.80,0.60,3.41,nan,nan,317.80,84.70,14.20,nan
26-Mar-25 4:06:30 AM AEST,nan,nan,nan,nan,nan,nan,nan,11.23,nan,nan,nan,nan
26-Mar-25 4:06:36 AM AEST,nan,0.0,nan,nan,nan,nan,0.00,nan,nan,nan,nan,nan
26-Mar-25 4:08:00 AM AEST,nan,nan,nan,nan,nan,nan,nan,nan,nan,nan,nan,14.80
26-Mar-25 4:08:29 AM AEST,nan,nan,nan,14.80,nan,nan,nan,nan,nan,nan,nan,nan
26-Mar-25 4:08:30 AM AEST,nan,nan,23.6,nan,72.20,65.53,nan,nan,nan,nan,0.00,nan
26-Mar-25 4:08:31 AM AEST,nan,nan,nan,nan,nan,nan,nan,nan,nan,0.00,nan,nan
26-Mar-25 4:08:35 AM AEST,nan,nan,nan,nan,nan,nan,nan,nan,0.00,nan,nan,nan
26-Mar-25 4:08:55 AM AEST,nan,nan,nan,nan,nan,nan,nan,1.38,nan,nan,nan,nan
26-Mar-25 4:09:02 AM AEST,nan,51.1,nan,nan,nan,nan,51.10,nan,nan,nan,nan,nan
26-Mar-25 4:10:00 AM AEST,51.1,nan,nan,nan,nan,nan,nan,nan,nan,nan,nan,nan
26-Mar-25 4:10:00 AM AEST,24.0,nan,nan,nan,nan,nan,nan,nan,nan,nan,nan,nan
26-Mar-25 4:10:29 AM AEST,nan,nan,nan,nan,nan,nan,nan,nan,nan,nan,nan,0.00
26-Mar-25 4:10:58 AM AEST,nan,nan,nan,0.20,nan,nan,nan,nan,nan,nan,nan,nan
26-Mar-25 4:10:58 AM AEST,nan,nan,nan,6552.80,nan,nan,nan,nan,nan,nan,nan,nan
26-Mar-25 4:11:00 AM AEST,nan,nan,93.3,nan,0.60,3.41,nan,nan,nan,nan,14.20,nan
26-Mar-25 4:11:02 AM AEST,nan,nan,nan,nan,nan,nan,nan,nan,nan,84.70,nan,nan
26-Mar-25 4:11:10 AM AEST,nan,nan,nan,nan,nan,nan,nan,nan,317.80,nan,nan,nan
26-Mar-25 4:11:20 AM AEST,nan,nan,nan,nan,nan,nan,nan,0.00,nan,nan,nan,nan
26-Mar-25 4:11:20 AM AEST,nan,nan,nan,nan,nan,nan,nan,11.23,nan,nan,nan,nan
26-Mar-25 4:11:28 AM AEST,nan,97.5,nan,nan,nan,nan,125.20,nan,nan,nan,nan,nan
26-Mar-25 4:11:28 AM AEST,nan,0.0,nan,nan,nan,nan,0.00,nan,nan,nan,nan,nan
26-Mar-25 4:12:30 AM AEST,72.2,nan,nan,nan,nan,nan,nan,nan,nan,nan,nan,nan
26-Mar-25 4:12:58 AM AEST,nan,nan,nan,nan,nan,nan,nan,nan,nan,nan,nan,1.00
26-Mar-25 4:13:30 AM AEST,nan,nan,14.2,nan,84.70,0.85,nan,nan,nan,nan,317.80,nan
26-Mar-25 4:13:33 AM AEST,nan,nan,nan,nan,nan,nan,nan,nan,nan,317.80,nan,nan
26-Mar-25 4:13:45 AM AEST,nan,nan,nan,nan,nan,nan,nan,nan,0.00,nan,nan,nan
26-Mar-25 4:13:54 AM AEST,nan,24.0,nan,nan,nan,nan,24.00,nan,nan,nan,nan,nan
26-Mar-25 4:15:00 AM AEST,24.0,nan,nan,nan,nan,nan,nan,nan,nan,nan,nan,nan
26-Mar-25 4:15:27 AM AEST,nan,nan,nan,nan,nan,nan,nan,nan,nan,nan,nan,0.00
26-Mar-25 4:16:00 AM AEST,nan,nan,23.6,0.20,72.20,65.53,nan,9.75,nan,nan,0.00,nan
26-Mar-25 4:16:00 AM AEST,nan,nan,93.3,0.20,72.20,65.53,nan,0.00,nan,nan,0.00,nan
26-Mar-25 4:16:00 AM AEST,nan,nan,23.6,0.20,72.20,65.53,nan,0.00,nan,nan,0.00,nan
26-Mar-25 4:16:04 AM AEST,nan,nan,nan,nan,nan,nan,nan,nan,nan,0.00,nan,nan
26-Mar-25 4:16:20 AM AEST,nan,97.5,nan,nan,nan,nan,125.20,nan,nan,nan,nan,nan
26-Mar-25 4:17:30 AM AEST,72.2,nan,nan,nan,nan,nan,nan,nan,nan,nan,nan,nan
26-Mar-25 4:17:56 AM AEST,nan,nan,nan,nan,nan,nan,nan,nan,nan,nan,nan,1.00
26-Mar-25 4:17:56 AM AEST,nan,nan,nan,nan,nan,nan,nan,nan,nan,nan,nan,0.00
26-Mar-25 4:18:00 AM AEST,nan,nan,nan,nan,nan,nan,nan,nan,317.80,nan,nan,nan
26-Mar-25 4:18:00 AM AEST,nan,nan,nan,nan,nan,nan,nan,nan,0.00,nan,nan,nan
26-Mar-25 4:18:25 AM AEST,nan,nan,nan,nan,nan,nan,nan,11.23,nan,nan,nan,nan
26-Mar-25 4:18:25 AM AEST,nan,nan,nan,nan,nan,nan,nan,0.00,nan,nan,nan,nan
26-Mar-25 4:18:29 AM AEST,nan,nan,nan,6552.80,nan,nan,nan,nan,nan,nan,nan,nan
26-Mar-25 4:18:29 AM AEST,nan,nan,nan,0.20,nan,nan,nan,nan,nan,nan,nan,nan
26-Mar-25 4:18:30 AM AEST,nan,nan,98.2,nan,0.60,3.41,nan,nan,nan,nan,14.20,nan
26-Mar-25 4:18:30 AM AEST,nan,nan,23.6,nan,72.20,65.53,nan,nan,nan,nan,0.00,nan
26-Mar-25 4:18:35 AM AEST,nan,nan,nan,nan,nan,nan,nan,nan,nan,84.70,nan,nan
26-Mar-25 4:18:35 AM AEST,nan,nan,nan,nan,nan,nan,nan,nan,nan,0.00,nan,nan
26-Mar-25 4:18:46 AM AEST,nan,0.0,nan,nan,nan,nan,0.00,nan,nan,nan,nan,nan
26-Mar-25 4:18:46 AM AEST,nan,97.5,nan,nan,nan,nan,125.20,nan,nan,nan,nan,nan
26-Mar-25 4:20:00 AM AEST,24.0,nan,nan,nan,nan,nan,nan,nan,nan,nan,nan,nan
26-Mar-25 4:20:25 AM AEST,nan,nan,nan,nan,nan,nan,nan,nan,nan,nan,nan,1.00
26-Mar-25 4:20:35 AM AEST,nan,nan,nan,nan,nan,nan,nan,nan,317.80,nan,nan,nan
26-Mar-25 4:20:35 AM AEST,nan,nan,nan,nan,nan,nan,nan,nan,1.00,nan,nan,nan
26-Mar-25 4:20:58 AM AEST,nan,nan,nan,6552.80,nan,nan,nan,nan,nan,nan,nan,nan
26-Mar-25 4:20:58 AM AEST,nan,nan,nan,72.20,nan,nan,nan,nan,nan,nan,nan,nan
26-Mar-25 4:21:00 AM AEST,nan,nan,93.3,nan,0.60,3.41,nan,nan,nan,nan,14.20,nan
26-Mar-25 4:21:00 AM AEST,nan,nan,8.3,nan,23.60,0.24,nan,nan,nan,nan,23.60,nan
26-Mar-25 4:21:06 AM AEST,nan,nan,nan,nan,nan,nan,nan,nan,nan,84.70,nan,nan
26-Mar-25 4:21:06 AM AEST,nan,nan,nan,nan,nan,nan,nan,nan,nan,1.00,nan,nan
26-Mar-25 4:21:12 AM AEST,nan,0.0,nan,nan,nan,nan,0.00,nan,nan,nan,nan,nan
26-Mar-25 4:22:00 AM AEST,nan,nan,nan,nan,nan,nan,nan,11.23,nan,nan,nan,nan
26-Mar-25 4:22:30 AM AEST,72.2,nan,nan,nan,nan,nan,nan,nan,nan,nan,nan,nan
26-Mar-25 4:22:54 AM AEST,nan,nan,nan,nan,nan,nan,nan,nan,nan,nan,nan,72.20
26-Mar-25 4:23:10 AM AEST,nan,nan,nan,nan,nan,nan,nan,nan,317.80,nan,nan,nan
26-Mar-25 4:23:27 AM AEST,nan,nan,nan,6552.80,nan,nan,nan,nan,nan,nan,nan,nan
26-Mar-25 4:23:30 AM AEST,nan,nan,93.3,nan,0.60,3.41,nan,nan,nan,nan,14.20,nan
26-Mar-25 4:23:37 AM AEST,nan,nan,nan,nan,nan,nan,nan,nan,nan,84.70,nan,nan
26-Mar-25 4:25:23 AM AEST,nan,nan,nan,nan,nan,nan,nan,nan,nan,nan,nan,1.00
26-Mar-25 4:28:00 AM AEST,nan,97.5,nan,nan,nan,nan,125.20,0.00,nan,nan,nan,nan
26-Mar-25 4:30:00 AM AEST,24.0,nan,nan,0.20,nan,nan,nan,nan,0.00,nan,nan,0.00
26-Mar-25 4:32:00 AM AEST,nan,nan,0.6,nan,14.20,0.14,nan,nan,nan,nan,nan,nan
26-Mar-25 4:32:29 AM AEST,nan,nan,nan,6552.80,nan,nan,nan,nan,nan,nan,nan,1.00
26-Mar-25 4:32:30 AM AEST,72.2,nan,nan,nan,nan,nan,nan,nan,nan,nan,nan,nan
26-Mar-25 4:32:35 AM AEST,nan,nan,nan,nan,nan,nan,nan,nan,317.80,nan,nan,nan
26-Mar-25 4:34:00 AM AEST,nan,0.0,nan,nan,nan,nan,0.00,11.23,nan,nan,nan,nan
26-Mar-25 4:34:30 AM AEST,nan,nan,93.3,nan,0.60,3.41,nan,nan,nan,nan,nan,nan
26-Mar-25 4:38:00 AM AEST,112.3,14.8,nan,112.30,nan,nan,14.80,5.11,0.00,0.00,0.00,112.30
26-Mar-25 4:40:00 AM AEST,nan,nan,317.8,nan,1.40,3.18,nan,nan,nan,nan,nan,nan
26-Mar-25 4:40:25 AM AEST,nan,nan,nan,nan,nan,nan,nan,11.23,nan,nan,nan,nan
26-Mar-25 4:40:26 AM AEST,nan,0.0,nan,nan,nan,nan,0.00,nan,nan,nan,nan,nan
26-Mar-25 4:40:29 AM AEST,nan,nan,nan,6552.80,nan,nan,nan,nan,nan,nan,nan,1.00
26-Mar-25 4:40:30 AM AEST,72.2,nan,nan,nan,nan,nan,nan,nan,nan,nan,1.40,nan
26-Mar-25 4:40:31 AM AEST,nan,nan,nan,nan,nan,nan,nan,nan,nan,1.40,nan,nan
26-Mar-25 4:40:35 AM AEST,nan,nan,nan,nan,nan,nan,nan,nan,0.90,nan,nan,nan
26-Mar-25 4:42:30 AM AEST,nan,nan,341.4,nan,0.60,3.41,nan,nan,nan,nan,nan,nan
26-Mar-25 4:43:00 AM AEST,nan,nan,nan,nan,nan,nan,nan,nan,nan,nan,14.20,nan
26-Mar-25 4:43:02 AM AEST,nan,nan,nan,nan,nan,nan,nan,nan,nan,84.70,nan,nan
26-Mar-25 4:43:10 AM AEST,nan,nan,nan,nan,nan,nan,nan,nan,317.80,nan,nan,nan
26-Mar-25 4:45:00 AM AEST,nan,nan,nan,nan,nan,0.01,nan,nan,nan,nan,nan,nan
26-Mar-25 4:47:30 AM AEST,nan,nan,nan,nan,nan,3.41,nan,nan,nan,nan,nan,nan
26-Mar-25 4:48:00 AM AEST,nan,nan,93.3,nan,nan,nan,nan,0.00,nan,nan,nan,nan
26-Mar-25 4:50:25 AM AEST,nan,nan,nan,nan,nan,nan,nan,11.23,nan,nan,nan,nan
26-Mar-25 4:52:00 AM AEST,nan,nan,0.9,nan,8.30,0.08,nan,nan,23.60,23.60,23.60,nan
26-Mar-25 4:54:00 AM AEST,nan,nan,nan,nan,nan,nan,nan,nan,nan,nan,nan,6552.80
26-Mar-25 4:54:30 AM AEST,nan,nan,341.4,nan,0.60,3.41,nan,nan,nan,nan,14.20,nan
26-Mar-25 4:54:31 AM AEST,nan,nan,nan,nan,nan,nan,nan,nan,nan,84.70,nan,nan
26-Mar-25 4:54:35 AM AEST,nan,nan,nan,nan,nan,nan,nan,nan,317.80,nan,nan,nan
26-Mar-25 4:56:29 AM AEST,nan,nan,nan,nan,nan,nan,nan,nan,nan,nan,nan,1.00
26-Mar-25 4:57:00 AM AEST,nan,nan,93.3,nan,nan,nan,nan,nan,nan,nan,nan,nan
26-Mar-25 5:00:00 AM AEST,13.8,13.8,nan,13.80,nan,nan,nan,nan,0.00,0.00,nan,51.10
26-Mar-25 5:02:00 AM AEST,nan,nan,23.6,nan,72.20,65.53,nan,0.00,nan,nan,72.20,nan
26-Mar-25 5:02:26 AM AEST,nan,0.0,nan,nan,nan,nan,nan,nan,nan,nan,nan,nan
26-Mar-25 5:02:29 AM AEST,nan,nan,nan,0.00,nan,nan,nan,nan,nan,nan,nan,0.00
26-Mar-25 5:02:30 AM AEST,0.0,nan,nan,nan,nan,nan,nan,nan,nan,nan,nan,nan
26-Mar-25 5:02:31 AM AEST,nan,nan,nan,nan,nan,nan,nan,nan,nan,72.20,nan,nan
26-Mar-25 5:04:00 AM AEST,nan,nan,nan,nan,nan,nan,112.30,nan,nan,nan,nan,nan
26-Mar-25 5:04:25 AM AEST,nan,nan,nan,nan,nan,nan,nan,11.23,nan,nan,nan,nan
26-Mar-25 5:04:30 AM AEST,nan,nan,317.8,nan,1.40,0.01,nan,nan,nan,nan,0.90,nan
26-Mar-25 5:04:58 AM AEST,nan,nan,nan,6552.80,nan,nan,nan,nan,nan,nan,nan,1.00
26-Mar-25 5:05:00 AM AEST,72.2,nan,nan,nan,nan,nan,nan,nan,nan,nan,nan,nan
26-Mar-25 5:05:02 AM AEST,nan,nan,nan,nan,nan,nan,nan,nan,nan,0.90,nan,nan
26-Mar-25 5:06:00 AM AEST,nan,nan,nan,nan,nan,nan,nan,nan,0.90,nan,nan,nan
26-Mar-25 5:06:26 AM AEST,nan,nan,nan,nan,nan,nan,0.00,nan,nan,nan,nan,nan
26-Mar-25 5:07:00 AM AEST,nan,nan,93.3,nan,0.60,3.41,nan,nan,nan,nan,14.20,nan
26-Mar-25 5:07:33 AM AEST,nan,nan,nan,nan,nan,nan,nan,nan,nan,84.70,nan,nan
26-Mar-25 5:08:35 AM AEST,nan,nan,nan,nan,nan,nan,nan,nan,317.80,nan,nan,nan
26-Mar-25 5:08:35 AM AEST,nan,nan,nan,nan,nan,nan,nan,nan,6552.80,nan,nan,nan
26-Mar-25 5:09:30 AM AEST,nan,nan,23.6,nan,1.00,0.01,nan,nan,nan,nan,6552.80,nan
26-Mar-25 5:09:30 AM AEST,nan,nan,23.6,nan,72.20,65.53,nan,nan,nan,nan,0.00,nan
26-Mar-25 5:10:00 AM AEST,0.0,97.5,nan,0.00,nan,nan,125.20,0.00,nan,nan,nan,0.00
26-Mar-25 5:10:00 AM AEST,24.0,97.5,nan,0.20,nan,nan,125.20,0.00,nan,nan,nan,0.00
26-Mar-25 5:10:04 AM AEST,nan,nan,nan,nan,nan,nan,nan,nan,nan,6552.80,nan,nan
26-Mar-25 5:10:04 AM AEST,nan,nan,nan,nan,nan,nan,nan,nan,nan,0.00,nan,nan
26-Mar-25 5:11:10 AM AEST,nan,nan,nan,nan,nan,nan,nan,nan,0.00,nan,nan,nan
26-Mar-25 5:12:00 AM AEST,nan,nan,93.3,nan,0.60,3.41,nan,nan,nan,nan,14.20,nan
26-Mar-25 5:12:25 AM AEST,nan,nan,nan,nan,nan,nan,nan,5.11,nan,nan,nan,nan
26-Mar-25 5:12:26 AM AEST,nan,14.8,nan,nan,nan,nan,51.10,nan,nan,nan,nan,nan
26-Mar-25 5:12:29 AM AEST,nan,nan,nan,14.80,nan,nan,nan,nan,nan,nan,nan,112.30
26-Mar-25 5:12:30 AM AEST,14.8,nan,nan,nan,nan,nan,nan,nan,nan,nan,nan,nan
26-Mar-25 5:14:30 AM AEST,nan,nan,23.6,nan,72.20,65.53,nan,nan,nan,nan,0.00,nan
26-Mar-25 5:14:50 AM AEST,nan,nan,nan,nan,nan,nan,nan,2.40,nan,nan,nan,nan
26-Mar-25 5:14:52 AM AEST,nan,0.2,nan,nan,nan,nan,0.20,nan,nan,nan,nan,nan
26-Mar-25 5:14:58 AM AEST,nan,nan,nan,0.00,nan,nan,nan,nan,nan,nan,nan,0.00
26-Mar-25 5:15:00 AM AEST,0.0,nan,nan,nan,nan,nan,nan,nan,nan,nan,nan,nan
26-Mar-25 5:17:15 AM AEST,nan,nan,nan,nan,nan,nan,nan,1.48,nan,nan,nan,nan
26-Mar-25 5:17:18 AM AEST,nan,112.3,nan,nan,nan,nan,112.30,nan,nan,nan,nan,nan
26-Mar-25 5:17:30 AM AEST,112.3,nan,nan,nan,nan,nan,nan,nan,nan,nan,nan,nan
26-Mar-25 5:19:40 AM AEST,nan,nan,nan,nan,nan,nan,nan,2.40,nan,nan,nan,nan
26-Mar-25 5:19:44 AM AEST,nan,0.2,nan,nan,nan,nan,0.20,nan,nan,nan,nan,nan
26-Mar-25 5:20:00 AM AEST,0.0,nan,nan,nan,nan,nan,nan,nan,nan,nan,nan,nan
26-Mar-25 5:20:00 AM AEST,24.0,nan,nan,nan,nan,nan,nan,nan,nan,nan,nan,nan
26-Mar-25 5:22:00 AM AEST,nan,nan,nan,0.20,nan,nan,nan,nan,nan,nan,nan,nan
26-Mar-25 5:22:05 AM AEST,nan,nan,nan,nan,nan,nan,nan,0.00,nan,nan,nan,nan
26-Mar-25 5:22:05 AM AEST,nan,nan,nan,nan,nan,nan,nan,12.52,nan,nan,nan,nan
26-Mar-25 5:22:10 AM AEST,nan,97.5,nan,nan,nan,nan,125.20,nan,nan,nan,nan,nan
26-Mar-25 5:24:00 AM AEST,72.2,nan,93.3,nan,0.60,3.41,nan,nan,317.80,84.70,14.20,1.00
26-Mar-25 5:24:00 AM AEST,72.2,nan,93.3,nan,0.60,3.41,nan,nan,0.00,0.00,14.20,1.00
26-Mar-25 5:24:29 AM AEST,nan,nan,nan,6552.80,nan,nan,nan,nan,nan,nan,nan,nan
26-Mar-25 5:24:29 AM AEST,nan,nan,nan,0.20,nan,nan,nan,nan,nan,nan,nan,nan
26-Mar-25 5:24:30 AM AEST,nan,nan,nan,nan,nan,nan,nan,11.23,nan,nan,nan,nan
26-Mar-25 5:24:30 AM AEST,nan,nan,nan,nan,nan,nan,nan,0.00,nan,nan,nan,nan
26-Mar-25 5:24:36 AM AEST,nan,0.0,nan,nan,nan,nan,0.00,nan,nan,nan,nan,nan
26-Mar-25 5:24:36 AM AEST,nan,97.5,nan,nan,nan,nan,125.20,nan,nan,nan,nan,nan
26-Mar-25 5:26:29 AM AEST,nan,nan,nan,nan,nan,nan,nan,nan,nan,nan,nan,0.00
26-Mar-25 5:26:30 AM AEST,24.0,nan,23.6,nan,72.20,65.53,nan,nan,nan,nan,0.00,nan
26-Mar-25 5:26:30 AM AEST,112.3,nan,23.6,nan,72.20,65.53,nan,nan,nan,nan,0.00,nan
26-Mar-25 5:26:55 AM AEST,nan,nan,nan,nan,nan,nan,nan,1.48,nan,nan,nan,nan
26-Mar-25 5:26:58 AM AEST,nan,nan,nan,0.00,nan,nan,nan,nan,nan,nan,nan,nan
26-Mar-25 5:27:02 AM AEST,nan,112.3,nan,nan,nan,nan,112.30,nan,nan,nan,nan,nan
26-Mar-25 5:28:00 AM AEST,nan,nan,nan,nan,nan,nan,nan,nan,317.80,84.70,nan,nan
26-Mar-25 5:28:58 AM AEST,nan,nan,nan,nan,nan,nan,nan,nan,nan,nan,nan,1.00
26-Mar-25 5:29:00 AM AEST,72.2,nan,93.3,nan,0.60,3.41,nan,nan,nan,nan,14.20,nan
26-Mar-25 5:29:20 AM AEST,nan,nan,nan,nan,nan,nan,nan,11.23,nan,nan,nan,nan
26-Mar-25 5:29:27 AM AEST,nan,nan,nan,6552.80,nan,nan,nan,nan,nan,nan,nan,nan
26-Mar-25 5:29:28 AM AEST,nan,0.0,nan,nan,nan,nan,0.00,nan,nan,nan,nan,nan
26-Mar-25 5:34:00 AM AEST,0.2,0.2,nan,0.20,nan,nan,24.00,2.40,nan,nan,nan,0.00
26-Mar-25 5:36:00 AM AEST,nan,nan,23.6,nan,72.20,65.53,nan,nan,0.00,0.00,0.00,nan
26-Mar-25 5:36:00 AM AEST,nan,nan,23.6,nan,1.00,0.24,nan,nan,6552.80,1.00,1.00,nan
26-Mar-25 5:36:25 AM AEST,nan,nan,nan,nan,nan,nan,nan,0.00,nan,nan,nan,nan
26-Mar-25 5:36:25 AM AEST,nan,nan,nan,nan,nan,nan,nan,11.23,nan,nan,nan,nan
26-Mar-25 5:36:26 AM AEST,nan,97.5,nan,nan,nan,nan,125.20,nan,nan,nan,nan,nan
26-Mar-25 5:36:26 AM AEST,nan,0.0,nan,nan,nan,nan,0.00,nan,nan,nan,nan,nan
26-Mar-25 5:36:29 AM AEST,nan,nan,nan,0.00,nan,nan,nan,nan,nan,nan,nan,72.20
26-Mar-25 5:36:30 AM AEST,24.0,nan,nan,nan,nan,nan,nan,nan,nan,nan,nan,nan
26-Mar-25 5:36:30 AM AEST,0.0,nan,nan,nan,nan,nan,nan,nan,nan,nan,nan,nan
26-Mar-25 5:38:30 AM AEST,nan,nan,nan,nan,72.20,65.53,nan,nan,nan,nan,0.00,nan
26-Mar-25 5:38:31 AM AEST,nan,nan,nan,nan,nan,nan,nan,nan,nan,0.00,nan,nan
26-Mar-25 5:38:35 AM AEST,nan,nan,nan,nan,nan,nan,nan,nan,0.00,nan,nan,nan
26-Mar-25 5:38:50 AM AEST,nan,nan,nan,nan,nan,nan,nan,12.52,nan,nan,nan,nan
26-Mar-25 5:38:52 AM AEST,nan,97.5,nan,nan,nan,nan,97.50,nan,nan,nan,nan,nan
26-Mar-25 5:38:58 AM AEST,nan,nan,nan,0.20,nan,nan,nan,nan,nan,nan,nan,0.00
26-Mar-25 5:39:00 AM AEST,24.0,nan,nan,nan,nan,nan,nan,nan,nan,nan,nan,nan
26-Mar-25 5:40:00 AM AEST,nan,nan,93.3,nan,nan,nan,nan,nan,nan,nan,nan,nan
26-Mar-25 5:41:15 AM AEST,nan,nan,nan,nan,nan,nan,nan,1.38,nan,nan,nan,nan
26-Mar-25 5:41:18 AM AEST,nan,51.1,nan,nan,nan,nan,51.10,nan,nan,nan,nan,nan
26-Mar-25 5:41:27 AM AEST,nan,nan,nan,14.80,nan,nan,nan,nan,nan,nan,nan,14.80
26-Mar-25 5:41:30 AM AEST,51.1,nan,nan,nan,nan,nan,nan,nan,nan,nan,nan,nan
26-Mar-25 5:42:00 AM AEST,nan,nan,nan,nan,8.30,0.01,nan,nan,nan,nan,nan,nan
26-Mar-25 5:42:30 AM AEST,nan,nan,0.9,nan,nan,nan,nan,nan,nan,nan,nan,nan
26-Mar-25 5:43:40 AM AEST,nan,nan,nan,nan,nan,nan,nan,11.23,nan,nan,nan,nan
26-Mar-25 5:43:44 AM AEST,nan,0.0,nan,nan,nan,nan,0.00,nan,nan,nan,nan,nan
26-Mar-25 5:43:56 AM AEST,nan,nan,nan,6552.80,nan,nan,nan,nan,nan,nan,nan,1.00
26-Mar-25 5:44:00 AM AEST,72.2,nan,nan,nan,nan,nan,nan,nan,23.60,8.30,8.30,nan
26-Mar-25 5:44:30 AM AEST,nan,nan,nan,nan,0.60,3.41,nan,nan,nan,nan,nan,nan
26-Mar-25 5:45:00 AM AEST,nan,nan,98.2,nan,nan,nan,nan,nan,nan,nan,nan,nan
26-Mar-25 5:46:30 AM AEST,nan,nan,nan,nan,nan,nan,nan,nan,nan,nan,14.20,nan
26-Mar-25 5:46:31 AM AEST,nan,nan,nan,nan,nan,nan,nan,nan,nan,84.70,nan,nan
26-Mar-25 5:46:35 AM AEST,nan,nan,nan,nan,nan,nan,nan,nan,317.80,nan,nan,nan
26-Mar-25 5:47:30 AM AEST,nan,nan,93.3,nan,nan,nan,nan,nan,nan,nan,nan,nan
26-Mar-25 5:48:00 AM AEST,24.0,97.5,nan,0.20,nan,nan,125.20,0.00,nan,nan,nan,nan
26-Mar-25 5:50:00 AM AEST,nan,nan,341.4,nan,72.20,0.01,nan,nan,0.00,0.00,0.00,0.00
26-Mar-25 5:50:00 AM AEST,nan,nan,23.6,nan,72.20,65.53,nan,nan,0.00,0.00,0.00,0.00
26-Mar-25 5:50:25 AM AEST,nan,nan,nan,nan,nan,nan,nan,11.23,nan,nan,nan,nan
26-Mar-25 5:50:25 AM AEST,nan,nan,nan,nan,nan,nan,nan,0.00,nan,nan,nan,nan
26-Mar-25 5:50:26 AM AEST,nan,0.0,nan,nan,nan,nan,0.00,nan,nan,nan,nan,nan
26-Mar-25 5:50:26 AM AEST,nan,97.5,nan,nan,nan,nan,125.20,nan,nan,nan,nan,nan
26-Mar-25 5:50:29 AM AEST,nan,nan,nan,6552.80,nan,nan,nan,nan,nan,nan,nan,nan
26-Mar-25 5:50:29 AM AEST,nan,nan,nan,0.20,nan,nan,nan,nan,nan,nan,nan,nan
26-Mar-25 5:50:30 AM AEST,72.2,nan,nan,nan,nan,nan,nan,nan,nan,nan,nan,nan
26-Mar-25 5:50:30 AM AEST,24.0,nan,nan,nan,nan,nan,nan,nan,nan,nan,nan,nan
26-Mar-25 5:52:29 AM AEST,nan,nan,nan,nan,nan,nan,nan,nan,nan,nan,nan,1.00
26-Mar-25 5:52:30 AM AEST,nan,nan,93.3,nan,0.60,3.41,nan,nan,nan,nan,14.20,nan
26-Mar-25 5:52:31 AM AEST,nan,nan,nan,nan,nan,nan,nan,nan,nan,84.70,nan,nan
26-Mar-25 5:52:35 AM AEST,nan,nan,nan,nan,nan,nan,nan,nan,317.80,nan,nan,nan
26-Mar-25 5:52:58 AM AEST,nan,nan,nan,6552.80,nan,nan,nan,nan,nan,nan,nan,nan
26-Mar-25 5:53:00 AM AEST,72.2,nan,nan,nan,nan,nan,nan,nan,nan,nan,nan,nan
26-Mar-25 5:54:58 AM AEST,nan,nan,nan,nan,nan,nan,nan,nan,nan,nan,nan,0.00
26-Mar-25 5:55:00 AM AEST,nan,nan,23.6,nan,72.20,65.53,nan,nan,nan,nan,72.20,nan
26-Mar-25 5:55:02 AM AEST,nan,nan,nan,nan,nan,nan,nan,nan,nan,0.00,nan,nan
26-Mar-25 5:55:02 AM AEST,nan,nan,nan,nan,nan,nan,nan,nan,nan,72.20,nan,nan
26-Mar-25 5:55:10 AM AEST,nan,nan,nan,nan,nan,nan,nan,nan,0.00,nan,nan,nan
26-Mar-25 5:55:27 AM AEST,nan,nan,nan,0.20,nan,nan,nan,nan,nan,nan,nan,nan
26-Mar-25 5:55:27 AM AEST,nan,nan,nan,0.00,nan,nan,nan,nan,nan,nan,nan,nan
26-Mar-25 5:55:30 AM AEST,24.0,nan,nan,nan,nan,nan,nan,nan,nan,nan,nan,nan
26-Mar-25 5:55:30 AM AEST,0.0,nan,nan,nan,nan,nan,nan,nan,nan,nan,nan,nan
26-Mar-25 5:56:00 AM AEST,nan,0.0,nan,nan,nan,nan,112.30,11.23,nan,nan,nan,nan
26-Mar-25 5:57:27 AM AEST,nan,nan,nan,nan,nan,nan,nan,nan,nan,nan,nan,13.80
26-Mar-25 5:57:30 AM AEST,nan,nan,nan,nan,nan,nan,nan,nan,nan,nan,0.00,nan
26-Mar-25 5:57:33 AM AEST,nan,nan,nan,nan,nan,nan,nan,nan,nan,0.00,nan,nan
26-Mar-25 5:57:56 AM AEST,nan,nan,nan,13.80,nan,nan,nan,nan,nan,nan,nan,nan
26-Mar-25 5:58:00 AM AEST,24.0,nan,nan,nan,nan,nan,nan,nan,nan,nan,nan,nan
26-Mar-25 5:58:25 AM AEST,nan,nan,nan,nan,nan,nan,nan,0.02,nan,nan,nan,nan
26-Mar-25 5:58:25 AM AEST,nan,nan,nan,nan,nan,nan,nan,0.00,nan,nan,nan,nan
26-Mar-25 5:58:26 AM AEST,nan,97.5,nan,nan,nan,nan,0.00,nan,nan,nan,nan,nan
26-Mar-25 5:58:26 AM AEST,nan,97.5,nan,nan,nan,nan,125.20,nan,nan,nan,nan,nan
26-Mar-25 5:59:56 AM AEST,nan,nan,nan,nan,nan,nan,nan,nan,nan,nan,nan,0.00
26-Mar-25 5:59:56 AM AEST,nan,nan,nan,nan,nan,nan,nan,nan,nan,nan,nan,1.00
26-Mar-25 6:00:00 AM AEST,nan,nan,93.3,nan,0.60,3.41,nan,nan,317.80,nan,14.20,nan
26-Mar-25 6:00:04 AM AEST,nan,nan,nan,nan,nan,nan,nan,nan,nan,84.70,nan,nan
26-Mar-25 6:00:25 AM AEST,nan,nan,nan,0.20,nan,nan,nan,nan,nan,nan,nan,nan
26-Mar-25 6:00:25 AM AEST,nan,nan,nan,6552.80,nan,nan,nan,nan,nan,nan,nan,nan
26-Mar-25 6:00:30 AM AEST,72.2,nan,nan,nan,nan,nan,nan,nan,nan,nan,nan,nan
26-Mar-25 6:00:50 AM AEST,nan,nan,nan,nan,nan,nan,nan,11.23,nan,nan,nan,nan
26-Mar-25 6:00:52 AM AEST,nan,0.0,nan,nan,nan,nan,0.00,nan,nan,nan,nan,nan
26-Mar-25 6:02:54 AM AEST,nan,nan,nan,0.20,nan,nan,nan,nan,nan,nan,nan,nan
26-Mar-25 6:03:00 AM AEST,24.0,nan,nan,nan,nan,nan,nan,nan,nan,nan,nan,nan
26-Mar-25 6:03:15 AM AEST,nan,nan,nan,nan,nan,nan,nan,9.75,nan,nan,nan,nan
26-Mar-25 6:03:18 AM AEST,nan,24.0,nan,nan,nan,nan,24.00,nan,nan,nan,nan,nan
26-Mar-25 6:05:40 AM AEST,nan,nan,nan,nan,nan,nan,nan,0.00,nan,nan,nan,nan
26-Mar-25 6:05:44 AM AEST,nan,97.5,nan,nan,nan,nan,125.20,nan,nan,nan,nan,nan
26-Mar-25 6:06:00 AM AEST,nan,nan,23.6,nan,72.20,65.53,nan,nan,0.00,0.00,0.00,0.00
26-Mar-25 6:06:00 AM AEST,nan,nan,93.3,nan,0.60,3.41,nan,nan,317.80,84.70,14.20,1.00
26-Mar-25 6:08:00 AM AEST,72.2,nan,nan,6552.80,nan,nan,nan,nan,nan,nan,nan,nan
26-Mar-25 6:08:00 AM AEST,24.0,nan,nan,0.20,nan,nan,nan,nan,nan,nan,nan,nan
26-Mar-25 6:08:05 AM AEST,nan,nan,nan,nan,nan,nan,nan,11.23,nan,nan,nan,nan
26-Mar-25 6:08:05 AM AEST,nan,nan,nan,nan,nan,nan,nan,0.00,nan,nan,nan,nan
26-Mar-25 6:08:10 AM AEST,nan,0.0,nan,nan,nan,nan,0.00,nan,nan,nan,nan,nan
26-Mar-25 6:08:10 AM AEST,nan,97.5,nan,nan,nan,nan,125.20,nan,nan,nan,nan,nan
26-Mar-25 6:08:29 AM AEST,nan,nan,nan,nan,nan,nan,nan,nan,nan,nan,nan,0.00
26-Mar-25 6:08:30 AM AEST,nan,nan,23.6,nan,72.20,65.53,nan,nan,nan,nan,0.00,nan
26-Mar-25 6:08:30 AM AEST,nan,nan,93.3,nan,0.60,3.41,nan,nan,nan,nan,14.20,nan
26-Mar-25 6:08:31 AM AEST,nan,nan,nan,nan,nan,nan,nan,nan,nan,0.00,nan,nan
26-Mar-25 6:08:31 AM AEST,nan,nan,nan,nan,nan,nan,nan,nan,nan,84.70,nan,nan
26-Mar-25 6:08:35 AM AEST,nan,nan,nan,nan,nan,nan,nan,nan,0.00,nan,nan,nan
26-Mar-25 6:10:29 AM AEST,nan,nan,nan,13.80,nan,nan,nan,nan,nan,nan,nan,nan
26-Mar-25 6:10:30 AM AEST,0.0,nan,nan,nan,nan,nan,nan,0.02,nan,nan,nan,nan
26-Mar-25 6:10:36 AM AEST,nan,0.0,nan,nan,nan,nan,0.00,nan,nan,nan,nan,nan
26-Mar-25 6:10:36 AM AEST,nan,97.5,nan,nan,nan,nan,125.20,nan,nan,nan,nan,nan
26-Mar-25 6:10:58 AM AEST,nan,nan,nan,nan,nan,nan,nan,nan,nan,nan,nan,13.80
26-Mar-25 6:10:58 AM AEST,nan,nan,nan,nan,nan,nan,nan,nan,nan,nan,nan,0.00
26-Mar-25 6:11:00 AM AEST,nan,nan,23.6,nan,72.20,65.53,nan,nan,nan,nan,0.00,nan
26-Mar-25 6:11:02 AM AEST,nan,nan,nan,nan,nan,nan,nan,nan,nan,0.00,nan,nan
26-Mar-25 6:12:55 AM AEST,nan,nan,nan,nan,nan,nan,nan,0.00,nan,nan,nan,nan
26-Mar-25 6:12:58 AM AEST,nan,nan,nan,0.20,nan,nan,nan,nan,nan,nan,nan,nan
26-Mar-25 6:13:00 AM AEST,24.0,nan,nan,nan,nan,nan,nan,nan,nan,nan,nan,nan
26-Mar-25 6:13:30 AM AEST,nan,nan,93.3,nan,0.60,3.41,nan,nan,nan,nan,14.20,nan
26-Mar-25 6:13:30 AM AEST,nan,nan,14.2,nan,84.70,0.85,nan,nan,nan,nan,317.80,nan
26-Mar-25 6:13:33 AM AEST,nan,nan,nan,nan,nan,nan,nan,nan,nan,84.70,nan,nan
26-Mar-25 6:13:33 AM AEST,nan,nan,nan,nan,nan,nan,nan,nan,nan,317.80,nan,nan
26-Mar-25 6:14:00 AM AEST,nan,nan,nan,nan,nan,nan,nan,nan,317.80,nan,nan,nan
26-Mar-25 6:15:20 AM AEST,nan,nan,nan,nan,nan,nan,nan,11.23,nan,nan,nan,nan
26-Mar-25 6:15:27 AM AEST,nan,nan,nan,6552.80,nan,nan,nan,nan,nan,nan,nan,nan
26-Mar-25 6:15:30 AM AEST,72.2,nan,nan,nan,nan,nan,nan,nan,nan,nan,nan,nan
26-Mar-25 6:16:00 AM AEST,nan,0.0,93.3,nan,0.60,3.41,0.00,nan,nan,nan,14.20,1.00
26-Mar-25 6:16:04 AM AEST,nan,nan,nan,nan,nan,nan,nan,nan,nan,84.70,nan,nan
26-Mar-25 6:20:00 AM AEST,24.0,97.5,317.8,0.20,1.40,0.01,125.20,0.00,nan,0.90,0.90,0.00
26-Mar-25 6:20:00 AM AEST,72.2,0.0,317.8,6552.80,1.40,0.01,125.20,0.00,nan,0.90,0.90,1.00
26-Mar-25 6:22:00 AM AEST,nan,nan,nan,nan,nan,nan,nan,nan,0.90,nan,nan,nan
26-Mar-25 6:22:00 AM AEST,nan,nan,nan,nan,nan,nan,nan,nan,72.20,nan,nan,nan
26-Mar-25 6:22:25 AM AEST,nan,nan,nan,nan,nan,nan,nan,11.23,nan,nan,nan,nan
26-Mar-25 6:22:26 AM AEST,nan,nan,nan,nan,nan,nan,0.00,nan,nan,nan,nan,nan
26-Mar-25 6:22:29 AM AEST,nan,nan,nan,0.00,nan,nan,nan,nan,nan,nan,nan,0.00
26-Mar-25 6:22:30 AM AEST,0.0,nan,23.6,nan,6552.80,65.53,nan,nan,nan,nan,6552.80,nan
26-Mar-25 6:22:31 AM AEST,nan,nan,nan,nan,nan,nan,nan,nan,nan,72.20,nan,nan
26-Mar-25 6:24:00 AM AEST,nan,97.5,nan,nan,nan,nan,nan,nan,nan,nan,nan,nan
26-Mar-25 6:24:00 AM AEST,nan,112.3,nan,nan,nan,nan,nan,nan,nan,nan,nan,nan
26-Mar-25 6:24:35 AM AEST,nan,nan,nan,nan,nan,nan,nan,nan,0.00,nan,nan,nan
26-Mar-25 6:24:50 AM AEST,nan,nan,nan,nan,nan,nan,nan,0.00,nan,nan,nan,nan
26-Mar-25 6:24:50 AM AEST,nan,nan,nan,nan,nan,nan,nan,1.48,nan,nan,nan,nan
26-Mar-25 6:24:52 AM AEST,nan,nan,nan,nan,nan,nan,125.20,nan,nan,nan,nan,nan
26-Mar-25 6:24:52 AM AEST,nan,nan,nan,nan,nan,nan,112.30,nan,nan,nan,nan,nan
26-Mar-25 6:24:58 AM AEST,nan,nan,nan,0.20,nan,nan,nan,nan,nan,nan,nan,nan
26-Mar-25 6:24:58 AM AEST,nan,nan,nan,0.00,nan,nan,nan,nan,nan,nan,nan,nan
26-Mar-25 6:25:00 AM AEST,24.0,nan,nan,nan,72.20,nan,nan,nan,nan,nan,0.00,nan
26-Mar-25 6:25:00 AM AEST,112.3,nan,nan,nan,72.20,nan,nan,nan,nan,nan,0.00,nan
26-Mar-25 6:25:02 AM AEST,nan,nan,nan,nan,nan,nan,nan,nan,nan,0.00,nan,nan
26-Mar-25 6:26:26 AM AEST,nan,0.0,nan,nan,nan,nan,nan,nan,nan,nan,nan,nan
26-Mar-25 6:27:10 AM AEST,nan,nan,nan,nan,nan,nan,nan,nan,317.80,nan,nan,nan
26-Mar-25 6:27:15 AM AEST,nan,nan,nan,nan,nan,nan,nan,11.23,nan,nan,nan,nan
26-Mar-25 6:27:18 AM AEST,nan,nan,nan,nan,nan,nan,0.00,nan,nan,nan,nan,nan
26-Mar-25 6:27:27 AM AEST,nan,nan,nan,6552.80,nan,nan,nan,nan,nan,nan,nan,nan
26-Mar-25 6:27:30 AM AEST,72.2,nan,nan,nan,0.60,nan,nan,nan,nan,nan,14.20,nan
26-Mar-25 6:27:33 AM AEST,nan,nan,nan,nan,nan,nan,nan,nan,nan,84.70,nan,nan
26-Mar-25 6:28:00 AM AEST,nan,nan,93.3,nan,nan,3.41,nan,nan,nan,nan,nan,1.00
26-Mar-25 6:29:45 AM AEST,nan,nan,nan,nan,nan,nan,nan,nan,6552.80,nan,nan,nan
26-Mar-25 6:30:00 AM AEST,nan,nan,nan,nan,1.00,nan,nan,nan,nan,nan,1.00,nan
26-Mar-25 6:30:04 AM AEST,nan,nan,nan,nan,nan,nan,nan,nan,nan,1.00,nan,nan
26-Mar-25 6:30:29 AM AEST,nan,nan,nan,nan,nan,nan,nan,nan,nan,nan,nan,72.20
26-Mar-25 6:30:30 AM AEST,nan,nan,23.6,nan,nan,0.24,nan,nan,nan,nan,nan,nan
26-Mar-25 6:32:00 AM AEST,0.0,nan,nan,0.00,nan,nan,nan,nan,nan,nan,nan,nan
26-Mar-25 6:32:20 AM AEST,nan,nan,nan,nan,nan,nan,nan,nan,317.80,nan,nan,nan
26-Mar-25 6:32:30 AM AEST,nan,nan,nan,nan,0.60,nan,nan,nan,nan,nan,14.20,nan
26-Mar-25 6:32:35 AM AEST,nan,nan,nan,nan,nan,nan,nan,nan,nan,84.70,nan,nan
26-Mar-25 6:32:58 AM AEST,nan,nan,nan,nan,nan,nan,nan,nan,nan,nan,nan,1.00
26-Mar-25 6:33:00 AM AEST,nan,nan,93.3,nan,nan,3.41,nan,nan,nan,nan,nan,nan
26-Mar-25 6:34:29 AM AEST,nan,nan,nan,6552.80,nan,nan,nan,nan,nan,nan,nan,nan
26-Mar-25 6:34:29 AM AEST,nan,nan,nan,14.80,nan,nan,nan,nan,nan,nan,nan,nan
26-Mar-25 6:34:30 AM AEST,72.2,nan,nan,nan,nan,nan,nan,nan,nan,nan,nan,nan
26-Mar-25 6:34:30 AM AEST,51.1,nan,nan,nan,nan,nan,nan,nan,nan,nan,nan,nan
26-Mar-25 6:34:55 AM AEST,nan,nan,nan,nan,nan,nan,nan,nan,0.00,nan,nan,nan
26-Mar-25 6:35:00 AM AEST,nan,nan,nan,nan,72.20,nan,nan,nan,nan,nan,0.00,nan
26-Mar-25 6:35:06 AM AEST,nan,nan,nan,nan,nan,nan,nan,nan,nan,0.00,nan,nan
26-Mar-25 6:35:27 AM AEST,nan,nan,nan,nan,nan,nan,nan,nan,nan,nan,nan,14.80
26-Mar-25 6:35:27 AM AEST,nan,nan,nan,nan,nan,nan,nan,nan,nan,nan,nan,0.00
26-Mar-25 6:35:30 AM AEST,nan,nan,23.6,nan,nan,65.53,nan,nan,nan,nan,nan,nan
26-Mar-25 6:36:00 AM AEST,nan,51.1,nan,nan,nan,nan,51.10,1.38,nan,nan,nan,nan
26-Mar-25 6:36:00 AM AEST,nan,24.0,nan,nan,nan,nan,24.00,9.75,nan,nan,nan,nan
26-Mar-25 6:36:58 AM AEST,nan,nan,nan,0.20,nan,nan,nan,nan,nan,nan,nan,nan
26-Mar-25 6:37:00 AM AEST,24.0,nan,nan,nan,nan,nan,nan,nan,nan,nan,nan,nan
26-Mar-25 6:38:00 AM AEST,nan,nan,93.3,nan,nan,nan,nan,nan,nan,nan,nan,nan
26-Mar-25 6:38:25 AM AEST,nan,nan,nan,nan,nan,nan,nan,0.00,nan,nan,nan,nan
26-Mar-25 6:38:26 AM AEST,nan,97.5,nan,nan,nan,nan,125.20,nan,nan,nan,nan,nan
26-Mar-25 6:39:27 AM AEST,nan,nan,nan,6552.80,nan,nan,nan,nan,nan,nan,nan,nan
26-Mar-25 6:39:30 AM AEST,72.2,nan,nan,nan,nan,nan,nan,nan,nan,nan,nan,nan
26-Mar-25 6:40:00 AM AEST,nan,nan,nan,nan,0.60,3.41,nan,nan,317.80,84.70,14.20,1.00
26-Mar-25 6:40:30 AM AEST,nan,nan,341.4,nan,nan,nan,nan,nan,nan,nan,nan,nan
26-Mar-25 6:40:52 AM AEST,nan,0.0,nan,nan,nan,nan,0.00,nan,nan,nan,nan,nan
26-Mar-25 6:41:56 AM AEST,nan,nan,nan,0.20,nan,nan,nan,nan,nan,nan,nan,nan
26-Mar-25 6:42:00 AM AEST,0.2,nan,nan,nan,nan,nan,nan,11.23,nan,nan,nan,nan
26-Mar-25 6:42:29 AM AEST,nan,nan,nan,nan,nan,nan,nan,nan,nan,nan,nan,0.00
26-Mar-25 6:42:30 AM AEST,nan,nan,nan,nan,72.20,65.53,nan,nan,nan,nan,0.00,nan
26-Mar-25 6:42:31 AM AEST,nan,nan,nan,nan,nan,nan,nan,nan,nan,0.00,nan,nan
26-Mar-25 6:42:35 AM AEST,nan,nan,nan,nan,nan,nan,nan,nan,0.00,nan,nan,nan
26-Mar-25 6:43:00 AM AEST,nan,nan,23.6,nan,nan,nan,nan,nan,nan,nan,nan,nan
26-Mar-25 6:43:18 AM AEST,nan,0.2,nan,nan,nan,nan,24.00,nan,nan,nan,nan,nan
26-Mar-25 6:44:25 AM AEST,nan,nan,nan,0.00,nan,nan,nan,2.40,nan,nan,nan,nan
26-Mar-25 6:44:30 AM AEST,0.0,nan,nan,nan,nan,nan,nan,nan,nan,nan,nan,nan
26-Mar-25 6:45:00 AM AEST,nan,nan,nan,nan,nan,nan,nan,nan,nan,nan,72.20,nan
26-Mar-25 6:45:02 AM AEST,nan,nan,nan,nan,nan,nan,nan,nan,nan,72.20,nan,nan
26-Mar-25 6:45:44 AM AEST,nan,0.0,nan,nan,nan,nan,112.30,nan,nan,nan,nan,nan
26-Mar-25 6:46:50 AM AEST,nan,nan,nan,nan,nan,nan,nan,11.23,nan,nan,nan,nan
26-Mar-25 6:47:30 AM AEST,nan,nan,nan,nan,nan,nan,nan,nan,nan,nan,14.20,nan
26-Mar-25 6:47:33 AM AEST,nan,nan,nan,nan,nan,nan,nan,nan,nan,84.70,nan,nan
26-Mar-25 6:48:00 AM AEST,72.2,nan,93.3,6552.80,0.60,3.41,nan,nan,317.80,nan,nan,1.00
26-Mar-25 6:48:10 AM AEST,nan,nan,nan,nan,nan,nan,0.00,nan,nan,nan,nan,nan
26-Mar-25 6:54:00 AM AEST,0.2,0.2,nan,0.20,nan,nan,24.00,2.40,nan,nan,nan,0.00
26-Mar-25 6:56:00 AM AEST,nan,nan,23.6,nan,72.20,65.53,nan,nan,0.00,0.00,0.00,nan
26-Mar-25 6:56:00 AM AEST,nan,nan,93.3,nan,0.60,3.41,nan,nan,317.80,84.70,14.20,nan
26-Mar-25 6:56:25 AM AEST,nan,nan,nan,nan,nan,nan,nan,0.00,nan,nan,nan,nan
26-Mar-25 6:56:26 AM AEST,nan,97.5,nan,nan,nan,nan,125.20,nan,nan,nan,nan,nan
26-Mar-25 6:56:29 AM AEST,nan,nan,nan,13.80,nan,nan,nan,nan,nan,nan,nan,51.10
26-Mar-25 6:56:30 AM AEST,24.0,nan,nan,nan,nan,nan,nan,nan,nan,nan,nan,nan
26-Mar-25 6:56:30 AM AEST,13.8,nan,nan,nan,nan,nan,nan,nan,nan,nan,nan,nan
26-Mar-25 6:58:30 AM AEST,nan,nan,23.6,nan,1.00,0.24,nan,nan,nan,nan,1.00,nan
26-Mar-25 6:58:31 AM AEST,nan,nan,nan,nan,nan,nan,nan,nan,nan,1.00,nan,nan
26-Mar-25 6:58:35 AM AEST,nan,nan,nan,nan,nan,nan,nan,nan,6552.80,nan,nan,nan
26-Mar-25 6:58:52 AM AEST,nan,13.8,nan,nan,nan,nan,0.00,nan,nan,nan,nan,nan
26-Mar-25 6:58:58 AM AEST,nan,nan,nan,0.00,nan,nan,nan,nan,nan,nan,nan,72.20
26-Mar-25 6:59:00 AM AEST,0.0,nan,nan,nan,nan,nan,nan,nan,nan,nan,nan,nan
26-Mar-25 7:00:00 AM AEST,nan,nan,nan,nan,nan,nan,nan,11.23,nan,nan,nan,nan
26-Mar-25 7:01:00 AM AEST,nan,nan,93.3,nan,nan,3.41,nan,nan,nan,nan,nan,nan
26-Mar-25 7:01:18 AM AEST,nan,0.0,nan,nan,nan,nan,nan,nan,nan,nan,nan,nan
26-Mar-25 7:02:00 AM AEST,nan,nan,nan,nan,0.60,nan,nan,nan,317.80,84.70,14.20,nan
26-Mar-25 7:04:00 AM AEST,72.2,nan,nan,6552.80,nan,nan,nan,nan,nan,nan,nan,1.00
26-Mar-25 7:06:00 AM AEST,nan,nan,nan,nan,nan,nan,nan,0.00,nan,nan,nan,nan
26-Mar-25 7:06:29 AM AEST,nan,nan,nan,0.20,nan,nan,nan,nan,nan,nan,nan,0.00
26-Mar-25 7:06:30 AM AEST,24.0,nan,nan,nan,nan,nan,nan,nan,nan,nan,nan,nan
26-Mar-25 7:08:00 AM AEST,nan,97.5,nan,nan,nan,nan,125.20,nan,0.00,nan,nan,nan
26-Mar-25 7:08:58 AM AEST,nan,nan,nan,13.80,nan,nan,nan,nan,nan,nan,nan,51.10
26-Mar-25 7:09:00 AM AEST,13.8,nan,nan,nan,nan,nan,nan,nan,nan,nan,nan,nan
26-Mar-25 7:10:26 AM AEST,nan,13.8,nan,nan,nan,nan,0.00,nan,nan,nan,nan,nan
26-Mar-25 7:10:35 AM AEST,nan,nan,nan,nan,nan,nan,nan,nan,317.80,nan,nan,nan
26-Mar-25 7:11:27 AM AEST,nan,nan,nan,0.00,nan,nan,nan,nan,nan,nan,nan,72.20
26-Mar-25 7:11:30 AM AEST,0.0,nan,nan,nan,nan,nan,nan,nan,nan,nan,nan,nan
26-Mar-25 7:12:00 AM AEST,nan,nan,23.6,nan,1.00,0.24,nan,11.23,nan,1.00,1.00,nan
26-Mar-25 7:12:52 AM AEST,nan,0.0,nan,nan,nan,nan,nan,nan,nan,nan,nan,nan
26-Mar-25 7:13:10 AM AEST,nan,nan,nan,nan,nan,nan,nan,nan,6552.80,nan,nan,nan
26-Mar-25 7:13:10 AM AEST,nan,nan,nan,nan,nan,nan,nan,nan,0.00,nan,nan,nan
26-Mar-25 7:13:56 AM AEST,nan,nan,nan,51.10,nan,nan,nan,nan,nan,nan,nan,51.10
26-Mar-25 7:14:00 AM AEST,51.1,nan,nan,nan,nan,nan,13.80,nan,nan,nan,nan,nan
26-Mar-25 7:14:25 AM AEST,nan,nan,nan,nan,nan,nan,nan,0.00,nan,nan,nan,nan
26-Mar-25 7:14:30 AM AEST,nan,nan,nan,nan,72.20,65.53,nan,nan,nan,nan,0.00,nan
26-Mar-25 7:14:31 AM AEST,nan,nan,nan,nan,nan,nan,nan,nan,nan,0.00,nan,nan
26-Mar-25 7:15:18 AM AEST,nan,13.8,nan,nan,nan,nan,nan,nan,nan,nan,nan,nan
26-Mar-25 7:15:18 AM AEST,nan,97.5,nan,nan,nan,nan,nan,nan,nan,nan,nan,nan
26-Mar-25 7:16:25 AM AEST,nan,nan,nan,0.20,nan,nan,nan,nan,nan,nan,nan,0.00
26-Mar-25 7:16:25 AM AEST,nan,nan,nan,6552.80,nan,nan,nan,nan,nan,nan,nan,1.00
26-Mar-25 7:16:26 AM AEST,nan,nan,nan,nan,nan,nan,125.20,nan,nan,nan,nan,nan
26-Mar-25 7:16:30 AM AEST,24.0,nan,nan,nan,nan,nan,nan,nan,nan,nan,nan,nan
26-Mar-25 7:16:30 AM AEST,72.2,nan,nan,nan,nan,nan,nan,nan,nan,nan,nan,nan
26-Mar-25 7:16:50 AM AEST,nan,nan,nan,nan,nan,nan,nan,11.23,nan,nan,nan,nan
26-Mar-25 7:17:00 AM AEST,nan,nan,nan,nan,0.60,3.41,nan,nan,nan,nan,14.20,nan
26-Mar-25 7:17:00 AM AEST,nan,nan,nan,nan,72.20,65.53,nan,nan,nan,nan,0.00,nan
26-Mar-25 7:17:02 AM AEST,nan,nan,nan,nan,nan,nan,nan,nan,nan,84.70,nan,nan
26-Mar-25 7:17:02 AM AEST,nan,nan,nan,nan,nan,nan,nan,nan,nan,0.00,nan,nan
26-Mar-25 7:17:44 AM AEST,nan,0.0,nan,nan,nan,nan,nan,nan,nan,nan,nan,nan
26-Mar-25 7:17:44 AM AEST,nan,97.5,nan,nan,nan,nan,nan,nan,nan,nan,nan,nan
26-Mar-25 7:18:00 AM AEST,nan,nan,93.3,nan,nan,nan,nan,nan,317.80,nan,nan,nan
26-Mar-25 7:18:00 AM AEST,nan,nan,23.6,nan,nan,nan,nan,nan,0.00,nan,nan,nan
26-Mar-25 7:18:52 AM AEST,nan,nan,nan,nan,nan,nan,0.00,nan,nan,nan,nan,nan
26-Mar-25 7:18:52 AM AEST,nan,nan,nan,nan,nan,nan,125.20,nan,nan,nan,nan,nan
26-Mar-25 7:18:54 AM AEST,nan,nan,nan,0.20,nan,nan,nan,nan,nan,nan,nan,0.00
26-Mar-25 7:19:00 AM AEST,24.0,nan,nan,nan,nan,nan,nan,nan,nan,nan,nan,nan
26-Mar-25 7:19:15 AM AEST,nan,nan,nan,nan,nan,nan,nan,0.00,nan,nan,nan,nan
26-Mar-25 7:19:30 AM AEST,nan,nan,nan,nan,0.60,3.41,nan,nan,nan,nan,14.20,nan
26-Mar-25 7:19:33 AM AEST,nan,nan,nan,nan,nan,nan,nan,nan,nan,84.70,nan,nan
26-Mar-25 7:20:10 AM AEST,nan,13.8,nan,nan,nan,nan,nan,nan,nan,nan,nan,nan
26-Mar-25 7:20:30 AM AEST,nan,nan,93.3,nan,nan,nan,nan,nan,nan,nan,nan,nan
26-Mar-25 7:21:18 AM AEST,nan,nan,nan,nan,nan,nan,0.00,nan,nan,nan,nan,nan
26-Mar-25 7:21:23 AM AEST,nan,nan,nan,13.80,nan,nan,nan,nan,nan,nan,nan,51.10
26-Mar-25 7:21:30 AM AEST,13.8,nan,nan,nan,nan,nan,nan,nan,nan,nan,nan,nan
26-Mar-25 7:22:36 AM AEST,nan,0.0,nan,nan,nan,nan,nan,nan,nan,nan,nan,nan
26-Mar-25 7:23:52 AM AEST,nan,nan,nan,6552.80,nan,nan,nan,nan,nan,nan,nan,1.00
26-Mar-25 7:24:00 AM AEST,72.2,nan,nan,nan,nan,nan,nan,11.23,317.80,nan,nan,nan
26-Mar-25 7:26:00 AM AEST,nan,nan,341.4,nan,nan,nan,nan,nan,nan,nan,nan,nan
26-Mar-25 7:28:00 AM AEST,nan,nan,nan,nan,nan,nan,125.20,0.00,nan,nan,nan,nan
26-Mar-25 7:28:30 AM AEST,nan,nan,93.3,nan,nan,nan,nan,nan,nan,nan,nan,nan
26-Mar-25 7:28:30 AM AEST,nan,nan,341.4,nan,nan,nan,nan,nan,nan,nan,nan,nan
26-Mar-25 7:30:00 AM AEST,0.0,nan,nan,0.00,72.20,65.53,nan,nan,0.00,0.00,0.00,0.00
26-Mar-25 7:30:25 AM AEST,nan,nan,nan,nan,nan,nan,nan,11.23,nan,nan,nan,nan
26-Mar-25 7:30:25 AM AEST,nan,nan,nan,nan,nan,nan,nan,2.40,nan,nan,nan,nan
26-Mar-25 7:30:26 AM AEST,nan,nan,nan,nan,nan,nan,0.00,nan,nan,nan,nan,nan
26-Mar-25 7:30:26 AM AEST,nan,nan,nan,nan,nan,nan,0.20,nan,nan,nan,nan,nan
26-Mar-25 7:31:00 AM AEST,nan,nan,23.6,nan,nan,nan,nan,nan,nan,nan,nan,nan
26-Mar-25 7:32:00 AM AEST,nan,0.2,nan,nan,nan,nan,nan,nan,nan,nan,nan,nan
26-Mar-25 7:32:29 AM AEST,nan,nan,nan,nan,nan,nan,nan,nan,nan,nan,nan,72.20
26-Mar-25 7:32:30 AM AEST,nan,nan,nan,nan,1.00,0.24,nan,nan,nan,nan,1.00,nan
26-Mar-25 7:32:31 AM AEST,nan,nan,nan,nan,nan,nan,nan,nan,nan,1.00,nan,nan
26-Mar-25 7:32:35 AM AEST,nan,nan,nan,nan,nan,nan,nan,nan,6552.80,nan,nan,nan
26-Mar-25 7:32:50 AM AEST,nan,nan,nan,nan,nan,nan,nan,11.23,nan,nan,nan,nan
26-Mar-25 7:32:52 AM AEST,nan,nan,nan,nan,nan,nan,0.00,nan,nan,nan,nan,nan
26-Mar-25 7:34:26 AM AEST,nan,0.0,nan,nan,nan,nan,nan,nan,nan,nan,nan,nan
26-Mar-25 7:34:58 AM AEST,nan,nan,nan,nan,nan,nan,nan,nan,nan,nan,nan,1.00
26-Mar-25 7:35:00 AM AEST,nan,nan,nan,nan,0.60,3.41,nan,nan,nan,nan,14.20,nan
26-Mar-25 7:35:02 AM AEST,nan,nan,nan,nan,nan,nan,nan,nan,nan,84.70,nan,nan
26-Mar-25 7:35:10 AM AEST,nan,nan,nan,nan,nan,nan,nan,nan,317.80,nan,nan,nan
26-Mar-25 7:36:00 AM AEST,72.2,nan,93.3,6552.80,nan,nan,nan,nan,nan,nan,nan,nan
26-Mar-25 7:37:33 AM AEST,nan,nan,nan,nan,nan,nan,nan,nan,nan,0.00,nan,nan
26-Mar-25 7:37:45 AM AEST,nan,nan,nan,nan,nan,nan,nan,nan,0.00,nan,nan,nan
26-Mar-25 7:38:00 AM AEST,nan,nan,nan,nan,nan,nan,nan,nan,nan,nan,nan,0.00
26-Mar-25 7:38:29 AM AEST,nan,nan,nan,0.20,nan,nan,nan,nan,nan,nan,nan,nan
26-Mar-25 7:38:30 AM AEST,24.0,nan,23.6,nan,nan,nan,nan,nan,nan,nan,nan,nan
26-Mar-25 7:40:00 AM AEST,nan,97.5,nan,nan,72.20,65.53,125.20,0.00,nan,nan,0.00,nan
26-Mar-25 7:40:00 AM AEST,nan,97.5,nan,nan,0.60,3.41,125.20,0.00,nan,nan,14.20,nan
26-Mar-25 7:40:04 AM AEST,nan,nan,nan,nan,nan,nan,nan,nan,nan,84.70,nan,nan
26-Mar-25 7:40:20 AM AEST,nan,nan,nan,nan,nan,nan,nan,nan,317.80,nan,nan,nan
26-Mar-25 7:40:20 AM AEST,nan,nan,nan,nan,nan,nan,nan,nan,0.90,nan,nan,nan
26-Mar-25 7:40:58 AM AEST,nan,nan,nan,6552.80,nan,nan,nan,nan,nan,nan,nan,nan
26-Mar-25 7:41:00 AM AEST,72.2,nan,93.3,nan,nan,nan,nan,nan,nan,nan,nan,nan
26-Mar-25 7:41:00 AM AEST,72.2,nan,317.8,nan,nan,nan,nan,nan,nan,nan,nan,nan
26-Mar-25 7:42:00 AM AEST,nan,nan,nan,nan,nan,nan,nan,nan,nan,nan,nan,1.00
26-Mar-25 7:42:25 AM AEST,nan,nan,nan,nan,nan,nan,nan,11.23,nan,nan,nan,nan
26-Mar-25 7:42:26 AM AEST,nan,0.0,nan,nan,nan,nan,0.00,nan,nan,nan,nan,nan
26-Mar-25 7:42:30 AM AEST,nan,nan,nan,nan,1.40,3.18,nan,nan,nan,nan,1.40,nan
26-Mar-25 7:42:30 AM AEST,nan,nan,nan,nan,23.60,0.24,nan,nan,nan,nan,23.60,nan
26-Mar-25 7:42:35 AM AEST,nan,nan,nan,nan,nan,nan,nan,nan,nan,1.40,nan,nan
26-Mar-25 7:42:35 AM AEST,nan,nan,nan,nan,nan,nan,nan,nan,nan,1.00,nan,nan
26-Mar-25 7:43:27 AM AEST,nan,nan,nan,72.20,nan,nan,nan,nan,nan,nan,nan,nan
26-Mar-25 7:43:30 AM AEST,nan,nan,8.3,nan,nan,nan,nan,nan,nan,nan,nan,nan
26-Mar-25 7:44:29 AM AEST,nan,nan,nan,nan,nan,nan,nan,nan,nan,nan,nan,72.20
26-Mar-25 7:46:00 AM AEST,nan,nan,93.3,nan,nan,nan,nan,nan,nan,nan,nan,nan
26-Mar-25 7:46:58 AM AEST,nan,nan,nan,nan,nan,nan,nan,nan,nan,nan,nan,0.00
26-Mar-25 7:48:00 AM AEST,0.0,0.2,nan,0.00,0.60,3.41,0.20,2.40,317.80,84.70,14.20,nan
26-Mar-25 7:48:30 AM AEST,nan,nan,23.6,nan,nan,nan,nan,nan,nan,nan,nan,nan
26-Mar-25 7:50:25 AM AEST,nan,nan,nan,nan,nan,nan,nan,11.23,nan,nan,nan,nan
26-Mar-25 7:50:26 AM AEST,nan,0.0,nan,nan,nan,nan,112.30,nan,nan,nan,nan,nan
26-Mar-25 7:50:30 AM AEST,nan,nan,nan,nan,72.20,65.53,nan,nan,nan,nan,72.20,nan
26-Mar-25 7:50:31 AM AEST,nan,nan,nan,nan,nan,nan,nan,nan,nan,72.20,nan,nan
26-Mar-25 7:50:35 AM AEST,nan,nan,nan,nan,nan,nan,nan,nan,0.00,nan,nan,nan
26-Mar-25 7:51:00 AM AEST,nan,nan,93.3,nan,nan,nan,nan,nan,nan,nan,nan,nan
26-Mar-25 7:52:52 AM AEST,nan,nan,nan,nan,nan,nan,0.00,nan,nan,nan,nan,nan
26-Mar-25 7:53:00 AM AEST,nan,nan,nan,nan,0.60,3.41,nan,nan,nan,nan,14.20,nan
26-Mar-25 7:53:02 AM AEST,nan,nan,nan,nan,nan,nan,nan,nan,nan,84.70,nan,nan
26-Mar-25 7:53:10 AM AEST,nan,nan,nan,nan,nan,nan,nan,nan,317.80,nan,nan,nan
26-Mar-25 7:54:00 AM AEST,72.2,nan,nan,6552.80,nan,nan,nan,nan,nan,nan,nan,1.00
26-Mar-25 7:55:18 AM AEST,nan,nan,nan,nan,nan,nan,0.20,nan,nan,nan,nan,nan
26-Mar-25 7:56:00 AM AEST,nan,0.2,nan,nan,nan,nan,nan,2.40,nan,nan,nan,nan
26-Mar-25 7:56:29 AM AEST,nan,nan,nan,0.00,nan,nan,nan,nan,nan,nan,nan,0.00
26-Mar-25 7:56:30 AM AEST,0.0,nan,nan,nan,nan,nan,nan,nan,nan,nan,nan,nan
26-Mar-25 7:57:44 AM AEST,nan,nan,nan,nan,nan,nan,125.20,nan,nan,nan,nan,nan
26-Mar-25 7:58:00 AM AEST,nan,nan,23.6,nan,72.20,65.53,nan,nan,0.00,0.00,0.00,nan
26-Mar-25 7:58:25 AM AEST,nan,nan,nan,nan,nan,nan,nan,0.00,nan,nan,nan,nan
26-Mar-25 7:58:26 AM AEST,nan,97.5,nan,nan,nan,nan,nan,nan,nan,nan,nan,nan
26-Mar-25 7:58:58 AM AEST,nan,nan,nan,0.20,nan,nan,nan,nan,nan,nan,nan,nan
26-Mar-25 7:59:00 AM AEST,24.0,nan,nan,nan,nan,nan,nan,nan,nan,nan,nan,nan
26-Mar-25 8:00:30 AM AEST,nan,nan,93.3,nan,0.60,3.41,nan,nan,nan,nan,14.20,nan
26-Mar-25 8:00:30 AM AEST,nan,nan,14.2,nan,84.70,0.14,nan,nan,nan,nan,84.70,nan
26-Mar-25 8:00:31 AM AEST,nan,nan,nan,nan,nan,nan,nan,nan,nan,84.70,nan,nan
26-Mar-25 8:00:35 AM AEST,nan,nan,nan,nan,nan,nan,nan,nan,317.80,nan,nan,nan
26-Mar-25 8:00:50 AM AEST,nan,nan,nan,nan,nan,nan,nan,11.23,nan,nan,nan,nan
26-Mar-25 8:00:52 AM AEST,nan,0.0,nan,nan,nan,nan,nan,nan,nan,nan,nan,nan
26-Mar-25 8:01:27 AM AEST,nan,nan,nan,6552.80,nan,nan,nan,nan,nan,nan,nan,nan
26-Mar-25 8:01:30 AM AEST,72.2,nan,nan,nan,nan,nan,nan,nan,nan,nan,nan,nan
26-Mar-25 8:02:00 AM AEST,nan,nan,nan,nan,nan,nan,0.00,nan,nan,nan,nan,1.00
26-Mar-25 8:03:00 AM AEST,nan,nan,317.8,nan,1.40,0.01,nan,nan,nan,nan,0.90,nan
26-Mar-25 8:03:02 AM AEST,nan,nan,nan,nan,nan,nan,nan,nan,nan,0.90,nan,nan
26-Mar-25 8:03:10 AM AEST,nan,nan,nan,nan,nan,nan,nan,nan,0.90,nan,nan,nan
26-Mar-25 8:05:30 AM AEST,nan,nan,93.3,nan,0.60,3.41,nan,nan,nan,nan,14.20,nan
26-Mar-25 8:05:30 AM AEST,nan,nan,23.6,nan,72.20,65.53,nan,nan,nan,nan,0.00,nan
26-Mar-25 8:05:33 AM AEST,nan,nan,nan,nan,nan,nan,nan,nan,nan,84.70,nan,nan
26-Mar-25 8:05:33 AM AEST,nan,nan,nan,nan,nan,nan,nan,nan,nan,0.00,nan,nan
26-Mar-25 8:05:45 AM AEST,nan,nan,nan,nan,nan,nan,nan,nan,317.80,nan,nan,nan
26-Mar-25 8:05:45 AM AEST,nan,nan,nan,nan,nan,nan,nan,nan,0.00,nan,nan,nan
26-Mar-25 8:06:00 AM AEST,24.0,97.5,nan,0.20,nan,nan,125.20,0.00,nan,nan,nan,0.00
26-Mar-25 8:08:00 AM AEST,nan,nan,93.3,nan,0.60,3.41,nan,nan,nan,nan,14.20,nan
26-Mar-25 8:08:00 AM AEST,nan,nan,23.6,nan,1.00,0.01,nan,nan,nan,nan,6552.80,nan
26-Mar-25 8:08:04 AM AEST,nan,nan,nan,nan,nan,nan,nan,nan,nan,84.70,nan,nan
26-Mar-25 8:08:04 AM AEST,nan,nan,nan,nan,nan,nan,nan,nan,nan,6552.80,nan,nan
26-Mar-25 8:08:20 AM AEST,nan,nan,nan,nan,nan,nan,nan,nan,317.80,nan,nan,nan
26-Mar-25 8:08:20 AM AEST,nan,nan,nan,nan,nan,nan,nan,nan,6552.80,nan,nan,nan
26-Mar-25 8:08:26 AM AEST,nan,0.0,nan,nan,nan,nan,0.00,nan,nan,nan,nan,nan
26-Mar-25 8:08:29 AM AEST,nan,nan,nan,6552.80,nan,nan,nan,nan,nan,nan,nan,1.00
26-Mar-25 8:08:29 AM AEST,nan,nan,nan,0.00,nan,nan,nan,nan,nan,nan,nan,0.00
26-Mar-25 8:08:30 AM AEST,72.2,nan,nan,nan,nan,nan,nan,nan,nan,nan,nan,nan
26-Mar-25 8:08:30 AM AEST,0.0,nan,nan,nan,nan,nan,nan,nan,nan,nan,nan,nan
26-Mar-25 8:10:00 AM AEST,nan,nan,nan,nan,nan,nan,nan,11.23,nan,nan,nan,nan
26-Mar-25 8:10:30 AM AEST,nan,nan,nan,nan,72.20,65.53,nan,nan,nan,nan,0.00,nan
26-Mar-25 8:10:35 AM AEST,nan,nan,nan,nan,nan,nan,nan,nan,nan,0.00,nan,nan
26-Mar-25 8:10:52 AM AEST,nan,14.8,nan,nan,nan,nan,14.80,nan,nan,nan,nan,nan
26-Mar-25 8:10:55 AM AEST,nan,nan,nan,nan,nan,nan,nan,nan,0.00,nan,nan,nan
26-Mar-25 8:10:58 AM AEST,nan,nan,nan,112.30,nan,nan,nan,nan,nan,nan,nan,112.30
26-Mar-25 8:11:00 AM AEST,112.3,nan,nan,nan,nan,nan,nan,nan,nan,nan,nan,nan
26-Mar-25 8:12:25 AM AEST,nan,nan,nan,nan,nan,nan,nan,5.11,nan,nan,nan,nan
26-Mar-25 8:12:25 AM AEST,nan,nan,nan,nan,nan,nan,nan,0.00,nan,nan,nan,nan
26-Mar-25 8:13:18 AM AEST,nan,97.5,nan,nan,nan,nan,125.20,nan,nan,nan,nan,nan
26-Mar-25 8:13:27 AM AEST,nan,nan,nan,0.20,nan,nan,nan,nan,nan,nan,nan,0.00
26-Mar-25 8:13:30 AM AEST,24.0,nan,nan,nan,nan,nan,nan,nan,nan,nan,nan,nan
26-Mar-25 8:14:00 AM AEST,nan,nan,93.3,nan,0.60,3.41,nan,nan,nan,nan,nan,nan
26-Mar-25 8:15:44 AM AEST,nan,13.8,nan,nan,nan,nan,0.00,nan,nan,nan,nan,nan
26-Mar-25 8:15:56 AM AEST,nan,nan,nan,13.80,nan,nan,nan,nan,nan,nan,nan,51.10
26-Mar-25 8:16:00 AM AEST,13.8,nan,nan,nan,nan,nan,nan,nan,nan,84.70,14.20,nan
26-Mar-25 8:18:00 AM AEST,nan,nan,nan,nan,nan,nan,nan,11.23,317.80,nan,nan,nan
26-Mar-25 8:18:00 AM AEST,nan,nan,nan,nan,nan,nan,nan,0.00,0.00,nan,nan,nan
26-Mar-25 8:18:10 AM AEST,nan,0.0,nan,nan,nan,nan,125.20,nan,nan,nan,nan,nan
26-Mar-25 8:18:10 AM AEST,nan,97.5,nan,nan,nan,nan,125.20,nan,nan,nan,nan,nan
26-Mar-25 8:18:25 AM AEST,nan,nan,nan,6552.80,nan,nan,nan,nan,nan,nan,nan,1.00
26-Mar-25 8:18:25 AM AEST,nan,nan,nan,0.20,nan,nan,nan,nan,nan,nan,nan,0.00
26-Mar-25 8:18:30 AM AEST,72.2,nan,nan,nan,nan,nan,nan,nan,nan,nan,0.00,nan
26-Mar-25 8:18:30 AM AEST,24.0,nan,nan,nan,nan,nan,nan,nan,nan,nan,0.00,nan
26-Mar-25 8:18:31 AM AEST,nan,nan,nan,nan,nan,nan,nan,nan,nan,0.00,nan,nan
26-Mar-25 8:20:00 AM AEST,nan,nan,23.6,nan,72.20,65.53,nan,nan,nan,nan,nan,nan
26-Mar-25 8:20:00 AM AEST,nan,nan,93.3,nan,0.60,3.41,nan,nan,nan,nan,nan,nan
26-Mar-25 8:20:35 AM AEST,nan,nan,nan,nan,nan,nan,nan,nan,317.80,nan,nan,nan
26-Mar-25 8:21:00 AM AEST,nan,nan,nan,nan,nan,nan,nan,nan,nan,nan,14.20,nan
26-Mar-25 8:21:02 AM AEST,nan,nan,nan,nan,nan,nan,nan,nan,nan,84.70,nan,nan
26-Mar-25 8:24:00 AM AEST,72.2,0.0,nan,6552.80,nan,nan,0.00,nan,nan,nan,nan,1.00
26-Mar-25 8:26:00 AM AEST,nan,nan,nan,nan,nan,nan,nan,1.38,0.00,0.00,nan,nan
26-Mar-25 8:26:26 AM AEST,nan,51.1,nan,nan,nan,nan,51.10,nan,nan,nan,nan,nan
26-Mar-25 8:26:26 AM AEST,nan,24.0,nan,nan,nan,nan,24.00,nan,nan,nan,nan,nan
26-Mar-25 8:26:29 AM AEST,nan,nan,nan,14.80,nan,nan,nan,nan,nan,nan,nan,14.80
26-Mar-25 8:26:29 AM AEST,nan,nan,nan,0.20,nan,nan,nan,nan,nan,nan,nan,0.00
26-Mar-25 8:26:30 AM AEST,51.1,nan,nan,nan,nan,nan,nan,nan,nan,nan,nan,nan
26-Mar-25 8:26:30 AM AEST,24.0,nan,nan,nan,nan,nan,nan,nan,nan,nan,nan,nan
26-Mar-25 8:28:00 AM AEST,nan,nan,23.6,nan,72.20,65.53,nan,nan,nan,nan,0.00,nan
26-Mar-25 8:28:25 AM AEST,nan,nan,nan,nan,nan,nan,nan,9.75,nan,nan,nan,nan
26-Mar-25 8:28:31 AM AEST,nan,nan,nan,nan,nan,nan,nan,nan,nan,72.20,nan,nan
26-Mar-25 8:28:35 AM AEST,nan,nan,nan,nan,nan,nan,nan,nan,72.20,nan,nan,nan
26-Mar-25 8:28:58 AM AEST,nan,nan,nan,0.00,nan,nan,nan,nan,nan,nan,nan,nan
26-Mar-25 8:29:00 AM AEST,0.0,nan,nan,nan,nan,nan,nan,nan,nan,nan,nan,nan
26-Mar-25 8:30:00 AM AEST,nan,0.0,nan,nan,nan,nan,0.00,nan,nan,nan,nan,nan
26-Mar-25 8:30:30 AM AEST,nan,nan,93.3,nan,6552.80,nan,nan,nan,nan,nan,6552.80,nan
26-Mar-25 8:30:50 AM AEST,nan,nan,nan,nan,nan,nan,nan,11.23,nan,nan,nan,nan
26-Mar-25 8:31:02 AM AEST,nan,nan,nan,nan,nan,nan,nan,nan,nan,1.40,nan,nan
26-Mar-25 8:31:10 AM AEST,nan,nan,nan,nan,nan,nan,nan,nan,1.40,nan,nan,nan
26-Mar-25 8:31:27 AM AEST,nan,nan,nan,6552.80,nan,nan,nan,nan,nan,nan,nan,nan
26-Mar-25 8:31:30 AM AEST,72.2,nan,nan,nan,nan,nan,nan,nan,nan,nan,nan,nan
26-Mar-25 8:32:00 AM AEST,nan,nan,nan,nan,nan,3.18,nan,nan,nan,nan,nan,1.00
26-Mar-25 8:33:00 AM AEST,nan,nan,84.7,nan,317.80,nan,nan,nan,nan,nan,317.80,nan
26-Mar-25 8:33:33 AM AEST,nan,nan,nan,nan,nan,nan,nan,nan,nan,84.70,nan,nan
26-Mar-25 8:33:45 AM AEST,nan,nan,nan,nan,nan,nan,nan,nan,317.80,nan,nan,nan
26-Mar-25 8:34:30 AM AEST,nan,nan,nan,nan,nan,3.41,nan,nan,nan,nan,nan,nan
26-Mar-25 8:35:30 AM AEST,nan,nan,98.2,nan,0.60,nan,nan,nan,nan,nan,14.20,nan
26-Mar-25 8:38:00 AM AEST,24.0,24.0,93.3,0.20,nan,nan,24.00,9.75,nan,nan,nan,nan
26-Mar-25 8:40:00 AM AEST,nan,nan,nan,nan,72.20,65.53,nan,nan,0.00,72.20,72.20,0.00
26-Mar-25 8:40:25 AM AEST,nan,nan,nan,nan,nan,nan,nan,11.23,nan,nan,nan,nan
26-Mar-25 8:40:26 AM AEST,nan,0.0,nan,nan,nan,nan,112.30,nan,nan,nan,nan,nan
26-Mar-25 8:40:29 AM AEST,nan,nan,nan,0.00,nan,nan,nan,nan,nan,nan,nan,nan
26-Mar-25 8:40:30 AM AEST,0.0,nan,nan,nan,nan,nan,nan,nan,nan,nan,nan,nan
26-Mar-25 8:42:00 AM AEST,nan,nan,23.6,nan,nan,nan,nan,nan,nan,nan,nan,nan
26-Mar-25 8:42:30 AM AEST,nan,nan,nan,nan,nan,nan,nan,nan,nan,nan,0.00,nan
26-Mar-25 8:42:31 AM AEST,nan,nan,nan,nan,nan,nan,nan,nan,nan,0.00,nan,nan
26-Mar-25 8:42:50 AM AEST,nan,nan,nan,nan,nan,nan,nan,2.40,nan,nan,nan,nan
26-Mar-25 8:42:50 AM AEST,nan,nan,nan,nan,nan,nan,nan,0.00,nan,nan,nan,nan
26-Mar-25 8:42:52 AM AEST,nan,0.2,nan,nan,nan,nan,0.20,nan,nan,nan,nan,nan
26-Mar-25 8:42:52 AM AEST,nan,97.5,nan,nan,nan,nan,125.20,nan,nan,nan,nan,nan
26-Mar-25 8:42:58 AM AEST,nan,nan,nan,0.20,nan,nan,nan,nan,nan,nan,nan,nan
26-Mar-25 8:43:00 AM AEST,24.0,nan,nan,nan,nan,nan,nan,nan,nan,nan,nan,nan
26-Mar-25 8:44:30 AM AEST,nan,nan,93.3,nan,nan,nan,nan,nan,nan,nan,nan,nan
26-Mar-25 8:45:00 AM AEST,nan,nan,nan,nan,nan,nan,nan,nan,nan,nan,14.20,nan
26-Mar-25 8:45:02 AM AEST,nan,nan,nan,nan,nan,nan,nan,nan,nan,84.70,nan,nan
26-Mar-25 8:45:15 AM AEST,nan,nan,nan,nan,nan,nan,nan,11.23,nan,nan,nan,nan
26-Mar-25 8:45:18 AM AEST,nan,0.0,nan,nan,nan,nan,0.00,nan,nan,nan,nan,nan
26-Mar-25 8:45:27 AM AEST,nan,nan,nan,6552.80,nan,nan,nan,nan,nan,nan,nan,nan
26-Mar-25 8:45:30 AM AEST,72.2,nan,nan,nan,nan,nan,nan,nan,nan,nan,nan,nan
26-Mar-25 8:46:00 AM AEST,nan,nan,nan,nan,0.60,3.41,nan,nan,317.80,nan,nan,1.00
26-Mar-25 8:47:00 AM AEST,nan,nan,23.6,nan,nan,nan,nan,nan,nan,nan,nan,nan
26-Mar-25 8:47:30 AM AEST,nan,nan,nan,nan,nan,nan,nan,nan,nan,nan,0.00,nan
26-Mar-25 8:47:33 AM AEST,nan,nan,nan,nan,nan,nan,nan,nan,nan,0.00,nan,nan
26-Mar-25 8:47:40 AM AEST,nan,nan,nan,nan,nan,nan,nan,0.00,nan,nan,nan,nan
26-Mar-25 8:47:40 AM AEST,nan,nan,nan,nan,nan,nan,nan,12.52,nan,nan,nan,nan
26-Mar-25 8:47:44 AM AEST,nan,97.5,nan,nan,nan,nan,125.20,nan,nan,nan,nan,nan
26-Mar-25 8:47:44 AM AEST,nan,97.5,nan,nan,nan,nan,97.50,nan,nan,nan,nan,nan
26-Mar-25 8:47:56 AM AEST,nan,nan,nan,0.20,nan,nan,nan,nan,nan,nan,nan,nan
26-Mar-25 8:48:00 AM AEST,24.0,nan,nan,nan,nan,nan,nan,nan,nan,nan,nan,nan
26-Mar-25 8:48:29 AM AEST,nan,nan,nan,nan,nan,nan,nan,nan,nan,nan,nan,0.00
26-Mar-25 8:48:30 AM AEST,nan,nan,nan,nan,72.20,65.53,nan,nan,nan,nan,nan,nan
26-Mar-25 8:48:35 AM AEST,nan,nan,nan,nan,nan,nan,nan,nan,0.00,nan,nan,nan
26-Mar-25 8:49:30 AM AEST,nan,nan,93.3,nan,nan,nan,nan,nan,nan,nan,nan,nan
26-Mar-25 8:50:05 AM AEST,nan,nan,nan,nan,nan,nan,nan,5.11,nan,nan,nan,nan
26-Mar-25 8:50:10 AM AEST,nan,14.8,nan,nan,nan,nan,14.80,nan,nan,nan,nan,nan
26-Mar-25 8:50:25 AM AEST,nan,nan,nan,112.30,nan,nan,nan,nan,nan,nan,nan,nan
26-Mar-25 8:50:30 AM AEST,112.3,nan,nan,nan,nan,nan,nan,nan,nan,nan,nan,nan
26-Mar-25 8:50:58 AM AEST,nan,nan,nan,nan,nan,nan,nan,nan,nan,nan,nan,112.30
26-Mar-25 8:52:00 AM AEST,nan,nan,nan,nan,0.60,3.41,nan,nan,nan,nan,14.20,nan
26-Mar-25 8:52:30 AM AEST,nan,nan,nan,nan,nan,nan,nan,11.23,nan,nan,nan,nan
26-Mar-25 8:52:36 AM AEST,nan,0.0,nan,nan,nan,nan,0.00,nan,nan,nan,nan,nan
26-Mar-25 8:52:54 AM AEST,nan,nan,nan,6552.80,nan,nan,nan,nan,nan,nan,nan,nan
26-Mar-25 8:53:00 AM AEST,72.2,nan,nan,nan,nan,nan,nan,nan,nan,nan,nan,nan
26-Mar-25 8:53:27 AM AEST,nan,nan,nan,nan,nan,nan,nan,nan,nan,nan,nan,1.00
26-Mar-25 8:54:00 AM AEST,nan,nan,nan,nan,nan,nan,nan,nan,317.80,84.70,nan,nan
26-Mar-25 8:58:00 AM AEST,24.0,97.5,nan,nan,nan,nan,125.20,0.00,nan,nan,nan,nan
26-Mar-25 9:00:00 AM AEST,nan,nan,23.6,nan,72.20,65.53,nan,nan,0.00,0.00,0.00,nan
26-Mar-25 9:00:25 AM AEST,nan,nan,nan,nan,nan,nan,nan,5.11,nan,nan,nan,nan
26-Mar-25 9:00:26 AM AEST,nan,0.0,nan,nan,nan,nan,0.00,nan,nan,nan,nan,nan
26-Mar-25 9:00:26 AM AEST,nan,14.8,nan,nan,nan,nan,14.80,nan,nan,nan,nan,nan
26-Mar-25 9:00:30 AM AEST,72.2,nan,nan,nan,nan,nan,nan,nan,nan,nan,nan,nan
26-Mar-25 9:00:30 AM AEST,112.3,nan,nan,nan,nan,nan,nan,nan,nan,nan,nan,nan
26-Mar-25 9:02:00 AM AEST,nan,nan,nan,112.30,nan,nan,nan,nan,nan,nan,nan,112.30
26-Mar-25 9:02:30 AM AEST,nan,nan,0.9,nan,8.30,0.01,nan,nan,nan,nan,8.30,nan
26-Mar-25 9:02:31 AM AEST,nan,nan,nan,nan,nan,nan,nan,nan,nan,8.30,nan,nan
26-Mar-25 9:02:35 AM AEST,nan,nan,nan,nan,nan,nan,nan,nan,23.60,nan,nan,nan
26-Mar-25 9:02:50 AM AEST,nan,nan,nan,nan,nan,nan,nan,11.23,nan,nan,nan,nan
26-Mar-25 9:02:52 AM AEST,nan,0.0,nan,nan,nan,nan,0.00,nan,nan,nan,nan,nan
26-Mar-25 9:03:00 AM AEST,72.2,nan,nan,nan,nan,nan,nan,nan,nan,nan,nan,nan
26-Mar-25 9:04:29 AM AEST,nan,nan,nan,6552.80,nan,nan,nan,nan,nan,nan,nan,1.00
26-Mar-25 9:05:00 AM AEST,nan,nan,93.3,nan,0.60,3.41,nan,nan,nan,nan,14.20,nan
26-Mar-25 9:05:02 AM AEST,nan,nan,nan,nan,nan,nan,nan,nan,nan,84.70,nan,nan
26-Mar-25 9:05:10 AM AEST,nan,nan,nan,nan,nan,nan,nan,nan,317.80,nan,nan,nan
26-Mar-25 9:08:00 AM AEST,24.0,97.5,nan,0.20,nan,nan,nan,nan,nan,nan,nan,0.00
26-Mar-25 9:10:00 AM AEST,nan,nan,nan,nan,72.20,65.53,97.50,12.52,0.00,0.00,0.00,nan
26-Mar-25 9:10:00 AM AEST,nan,nan,nan,nan,72.20,65.53,125.20,0.00,0.00,0.00,0.00,nan
26-Mar-25 9:12:25 AM AEST,nan,nan,nan,nan,nan,nan,nan,2.40,nan,nan,nan,nan
26-Mar-25 9:12:26 AM AEST,nan,nan,nan,nan,nan,nan,0.20,nan,nan,nan,nan,nan
26-Mar-25 9:12:30 AM AEST,nan,nan,nan,nan,0.60,3.41,nan,nan,nan,nan,14.20,nan
26-Mar-25 9:12:31 AM AEST,nan,nan,nan,nan,nan,nan,nan,nan,nan,84.70,nan,nan
26-Mar-25 9:12:35 AM AEST,nan,nan,nan,nan,nan,nan,nan,nan,317.80,nan,nan,nan
26-Mar-25 9:14:00 AM AEST,0.0,0.2,nan,0.00,nan,nan,nan,nan,nan,nan,nan,nan
26-Mar-25 9:14:50 AM AEST,nan,nan,nan,nan,nan,nan,nan,11.23,nan,nan,nan,nan
26-Mar-25 9:14:52 AM AEST,nan,nan,nan,nan,nan,nan,0.00,nan,nan,nan,nan,nan
26-Mar-25 9:15:00 AM AEST,nan,nan,nan,nan,1.00,0.01,nan,nan,nan,nan,6552.80,nan
26-Mar-25 9:15:02 AM AEST,nan,nan,nan,nan,nan,nan,nan,nan,nan,6552.80,nan,nan
26-Mar-25 9:15:10 AM AEST,nan,nan,nan,nan,nan,nan,nan,nan,6552.80,nan,nan,nan
26-Mar-25 9:16:00 AM AEST,nan,nan,23.6,nan,nan,nan,nan,nan,nan,nan,nan,nan
26-Mar-25 9:16:26 AM AEST,nan,0.0,nan,nan,nan,nan,nan,nan,nan,nan,nan,nan
26-Mar-25 9:16:26 AM AEST,nan,13.8,nan,nan,nan,nan,nan,nan,nan,nan,nan,nan
26-Mar-25 9:16:29 AM AEST,nan,nan,nan,13.80,nan,nan,nan,nan,nan,nan,nan,nan
26-Mar-25 9:16:30 AM AEST,13.8,nan,nan,nan,nan,nan,nan,nan,nan,nan,nan,nan
26-Mar-25 9:17:15 AM AEST,nan,nan,nan,nan,nan,nan,nan,0.00,nan,nan,nan,nan
26-Mar-25 9:17:30 AM AEST,nan,nan,nan,nan,72.20,65.53,nan,nan,nan,nan,0.00,nan
26-Mar-25 9:17:33 AM AEST,nan,nan,nan,nan,nan,nan,nan,nan,nan,0.00,nan,nan
26-Mar-25 9:17:45 AM AEST,nan,nan,nan,nan,nan,nan,nan,nan,0.00,nan,nan,nan
26-Mar-25 9:18:00 AM AEST,nan,nan,nan,nan,nan,nan,nan,nan,nan,nan,nan,51.10
26-Mar-25 9:18:00 AM AEST,nan,nan,nan,nan,nan,nan,nan,nan,nan,nan,nan,0.00
26-Mar-25 9:18:52 AM AEST,nan,97.5,nan,nan,nan,nan,nan,nan,nan,nan,nan,nan
26-Mar-25 9:18:58 AM AEST,nan,nan,nan,0.20,nan,nan,nan,nan,nan,nan,nan,nan
26-Mar-25 9:19:00 AM AEST,24.0,nan,nan,nan,nan,nan,nan,nan,nan,nan,nan,nan
26-Mar-25 9:19:40 AM AEST,nan,nan,nan,nan,nan,nan,nan,11.23,nan,nan,nan,nan
26-Mar-25 9:20:00 AM AEST,nan,nan,98.2,nan,0.60,3.41,125.20,nan,nan,nan,14.20,nan
26-Mar-25 9:20:00 AM AEST,nan,nan,98.2,nan,0.60,3.41,0.00,nan,nan,nan,14.20,nan
26-Mar-25 9:20:04 AM AEST,nan,nan,nan,nan,nan,nan,nan,nan,nan,84.70,nan,nan
26-Mar-25 9:20:20 AM AEST,nan,nan,nan,nan,nan,nan,nan,nan,317.80,nan,nan,nan
26-Mar-25 9:20:29 AM AEST,nan,nan,nan,nan,nan,nan,nan,nan,nan,nan,nan,1.00
26-Mar-25 9:21:18 AM AEST,nan,0.0,nan,nan,nan,nan,nan,nan,nan,nan,nan,nan
26-Mar-25 9:21:27 AM AEST,nan,nan,nan,6552.80,nan,nan,nan,nan,nan,nan,nan,nan
26-Mar-25 9:21:30 AM AEST,72.2,nan,nan,nan,nan,nan,nan,nan,nan,nan,nan,nan
26-Mar-25 9:22:26 AM AEST,nan,nan,nan,nan,nan,nan,0.20,nan,nan,nan,nan,nan
26-Mar-25 9:22:30 AM AEST,nan,nan,341.4,nan,72.20,65.53,nan,nan,nan,nan,0.00,nan
26-Mar-25 9:22:30 AM AEST,nan,nan,23.6,nan,72.20,65.53,nan,nan,nan,nan,0.00,nan
26-Mar-25 9:22:35 AM AEST,nan,nan,nan,nan,nan,nan,nan,nan,nan,0.00,nan,nan
26-Mar-25 9:22:55 AM AEST,nan,nan,nan,nan,nan,nan,nan,nan,0.00,nan,nan,nan
26-Mar-25 9:22:58 AM AEST,nan,nan,nan,nan,nan,nan,nan,nan,nan,nan,nan,0.00
26-Mar-25 9:23:44 AM AEST,nan,0.2,nan,nan,nan,nan,nan,nan,nan,nan,nan,nan
26-Mar-25 9:23:56 AM AEST,nan,nan,nan,0.00,nan,nan,nan,nan,nan,nan,nan,nan
26-Mar-25 9:24:00 AM AEST,0.0,nan,nan,nan,nan,nan,nan,2.40,nan,nan,nan,nan
26-Mar-25 9:25:00 AM AEST,nan,nan,nan,nan,1.00,0.01,nan,nan,nan,nan,6552.80,nan
26-Mar-25 9:25:06 AM AEST,nan,nan,nan,nan,nan,nan,nan,nan,nan,6552.80,nan,nan
26-Mar-25 9:25:30 AM AEST,nan,nan,nan,nan,nan,nan,nan,nan,6552.80,nan,nan,nan
26-Mar-25 9:26:00 AM AEST,nan,nan,nan,nan,nan,nan,0.00,nan,nan,nan,nan,nan
26-Mar-25 9:26:10 AM AEST,nan,0.0,nan,nan,nan,nan,nan,nan,nan,nan,nan,nan
26-Mar-25 9:26:25 AM AEST,nan,nan,nan,nan,nan,nan,nan,11.23,nan,nan,nan,nan
26-Mar-25 9:27:30 AM AEST,nan,nan,nan,nan,0.60,3.41,nan,nan,nan,nan,14.20,nan
26-Mar-25 9:27:37 AM AEST,nan,nan,nan,nan,nan,nan,nan,nan,nan,84.70,nan,nan
26-Mar-25 9:28:00 AM AEST,72.2,nan,93.3,6552.80,nan,nan,nan,nan,nan,nan,nan,1.00
26-Mar-25 9:28:05 AM AEST,nan,nan,nan,nan,nan,nan,nan,nan,317.80,nan,nan,nan
26-Mar-25 9:28:26 AM AEST,nan,nan,nan,nan,nan,nan,24.00,nan,nan,nan,nan,nan
26-Mar-25 9:28:36 AM AEST,nan,24.0,nan,nan,nan,nan,nan,nan,nan,nan,nan,nan
26-Mar-25 9:28:50 AM AEST,nan,nan,nan,nan,nan,nan,nan,9.75,nan,nan,nan,nan
26-Mar-25 9:30:00 AM AEST,nan,nan,nan,nan,72.20,65.53,nan,nan,nan,nan,0.00,nan
26-Mar-25 9:30:08 AM AEST,nan,nan,nan,nan,nan,nan,nan,nan,nan,0.00,nan,nan
26-Mar-25 9:30:29 AM AEST,nan,nan,nan,0.20,nan,nan,nan,nan,nan,nan,nan,0.00
26-Mar-25 9:30:30 AM AEST,24.0,nan,23.6,nan,nan,nan,nan,nan,nan,nan,nan,nan
26-Mar-25 9:30:30 AM AEST,24.0,nan,93.3,nan,nan,nan,nan,nan,nan,nan,nan,nan
26-Mar-25 9:30:40 AM AEST,nan,nan,nan,nan,nan,nan,nan,nan,0.00,nan,nan,nan
26-Mar-25 9:31:02 AM AEST,nan,0.0,nan,nan,nan,nan,nan,nan,nan,nan,nan,nan
26-Mar-25 9:31:15 AM AEST,nan,nan,nan,nan,nan,nan,nan,11.23,nan,nan,nan,nan
26-Mar-25 9:32:00 AM AEST,nan,nan,nan,nan,nan,nan,112.30,nan,nan,nan,nan,nan
26-Mar-25 9:32:30 AM AEST,nan,nan,nan,nan,nan,nan,nan,nan,nan,nan,72.20,nan
26-Mar-25 9:32:39 AM AEST,nan,nan,nan,nan,nan,nan,nan,nan,nan,72.20,nan,nan
26-Mar-25 9:32:58 AM AEST,nan,nan,nan,0.00,nan,nan,nan,nan,nan,nan,nan,nan
26-Mar-25 9:33:00 AM AEST,0.0,nan,nan,nan,nan,nan,nan,nan,nan,nan,nan,nan
26-Mar-25 9:33:15 AM AEST,nan,nan,nan,nan,nan,nan,nan,nan,317.80,nan,nan,nan
26-Mar-25 9:34:00 AM AEST,nan,nan,nan,nan,0.60,3.41,nan,nan,nan,nan,nan,1.00
26-Mar-25 9:34:26 AM AEST,nan,nan,nan,nan,nan,nan,0.00,nan,nan,nan,nan,nan
26-Mar-25 9:35:00 AM AEST,nan,nan,nan,nan,nan,nan,nan,nan,nan,nan,14.20,nan
26-Mar-25 9:35:10 AM AEST,nan,nan,nan,nan,nan,nan,nan,nan,nan,84.70,nan,nan
26-Mar-25 9:35:27 AM AEST,nan,nan,nan,6552.80,nan,nan,nan,nan,nan,nan,nan,nan
26-Mar-25 9:35:30 AM AEST,72.2,nan,nan,nan,nan,nan,nan,nan,nan,nan,nan,nan
26-Mar-25 9:36:30 AM AEST,nan,nan,nan,nan,72.20,65.53,nan,nan,nan,nan,nan,nan
26-Mar-25 9:37:30 AM AEST,nan,nan,nan,nan,nan,nan,nan,nan,nan,nan,0.00,nan
26-Mar-25 9:37:41 AM AEST,nan,nan,nan,nan,nan,nan,nan,nan,nan,0.00,nan,nan
26-Mar-25 9:37:56 AM AEST,nan,nan,nan,0.00,nan,nan,nan,nan,nan,nan,nan,nan
26-Mar-25 9:38:00 AM AEST,112.3,112.3,23.6,nan,nan,nan,112.30,1.48,0.00,nan,nan,0.00
26-Mar-25 9:40:00 AM AEST,nan,nan,nan,nan,0.60,3.41,nan,nan,nan,nan,14.20,nan
26-Mar-25 9:40:12 AM AEST,nan,nan,nan,nan,nan,nan,nan,nan,nan,84.70,nan,nan
26-Mar-25 9:40:25 AM AEST,nan,nan,nan,6552.80,nan,nan,nan,11.23,nan,nan,nan,nan
26-Mar-25 9:40:26 AM AEST,nan,0.0,nan,nan,nan,nan,0.00,nan,nan,nan,nan,nan
26-Mar-25 9:40:29 AM AEST,nan,nan,nan,nan,nan,nan,nan,nan,nan,nan,nan,1.00
26-Mar-25 9:40:30 AM AEST,72.2,nan,93.3,nan,nan,nan,nan,nan,nan,nan,nan,nan
26-Mar-25 9:40:35 AM AEST,nan,nan,nan,nan,nan,nan,nan,nan,317.80,nan,nan,nan
26-Mar-25 9:46:00 AM AEST,24.0,24.0,nan,0.20,nan,nan,24.00,9.75,nan,nan,nan,0.00
26-Mar-25 9:48:00 AM AEST,nan,nan,nan,nan,72.20,65.53,nan,nan,0.00,0.00,0.00,nan
26-Mar-25 9:48:25 AM AEST,nan,nan,nan,nan,nan,nan,nan,0.00,nan,nan,nan,nan
26-Mar-25 9:48:26 AM AEST,nan,97.5,nan,nan,nan,nan,125.20,nan,nan,nan,nan,nan
26-Mar-25 9:50:00 AM AEST,nan,nan,nan,nan,nan,nan,nan,nan,nan,nan,nan,1.00
26-Mar-25 9:50:30 AM AEST,nan,nan,nan,nan,0.60,3.41,nan,nan,nan,nan,14.20,nan
26-Mar-25 9:50:31 AM AEST,nan,nan,nan,nan,nan,nan,nan,nan,nan,84.70,nan,nan
26-Mar-25 9:50:35 AM AEST,nan,nan,nan,nan,nan,nan,nan,nan,317.80,nan,nan,nan
26-Mar-25 9:50:50 AM AEST,nan,nan,nan,nan,nan,nan,nan,9.75,nan,nan,nan,nan
26-Mar-25 9:50:52 AM AEST,nan,24.0,nan,nan,nan,nan,24.00,nan,nan,nan,nan,nan
26-Mar-25 9:52:29 AM AEST,nan,nan,nan,nan,nan,nan,nan,nan,nan,nan,nan,0.00
26-Mar-25 9:53:00 AM AEST,nan,nan,nan,nan,72.20,65.53,nan,nan,nan,nan,0.00,nan
26-Mar-25 9:53:00 AM AEST,nan,nan,nan,nan,0.60,3.41,nan,nan,nan,nan,14.20,nan
26-Mar-25 9:53:02 AM AEST,nan,nan,nan,nan,nan,nan,nan,nan,nan,0.00,nan,nan
26-Mar-25 9:53:02 AM AEST,nan,nan,nan,nan,nan,nan,nan,nan,nan,84.70,nan,nan
26-Mar-25 9:53:10 AM AEST,nan,nan,nan,nan,nan,nan,nan,nan,0.00,nan,nan,nan
26-Mar-25 9:53:10 AM AEST,nan,nan,nan,nan,nan,nan,nan,nan,317.80,nan,nan,nan
26-Mar-25 9:53:15 AM AEST,nan,nan,nan,nan,nan,nan,nan,0.00,nan,nan,nan,nan
26-Mar-25 9:53:18 AM AEST,nan,97.5,nan,nan,nan,nan,125.20,nan,nan,nan,nan,nan
26-Mar-25 9:53:18 AM AEST,nan,24.0,nan,nan,nan,nan,24.00,nan,nan,nan,nan,nan
26-Mar-25 9:55:30 AM AEST,nan,nan,nan,nan,72.20,65.53,nan,nan,nan,nan,0.00,nan
26-Mar-25 9:55:33 AM AEST,nan,nan,nan,nan,nan,nan,nan,nan,nan,0.00,nan,nan
26-Mar-25 9:55:40 AM AEST,nan,nan,nan,nan,nan,nan,nan,9.75,nan,nan,nan,nan
26-Mar-25 9:55:44 AM AEST,nan,14.8,nan,nan,nan,nan,14.80,nan,nan,nan,nan,nan
26-Mar-25 9:55:45 AM AEST,nan,nan,nan,nan,nan,nan,nan,nan,0.00,nan,nan,nan
26-Mar-25 9:56:00 AM AEST,112.3,nan,nan,112.30,nan,nan,nan,nan,nan,nan,nan,112.30
26-Mar-25 9:58:00 AM AEST,nan,nan,317.8,nan,1.40,3.18,nan,nan,nan,nan,1.40,nan
26-Mar-25 9:58:04 AM AEST,nan,nan,nan,nan,nan,nan,nan,nan,nan,1.40,nan,nan
26-Mar-25 9:58:05 AM AEST,nan,nan,nan,nan,nan,nan,nan,5.11,nan,nan,nan,nan
26-Mar-25 9:58:20 AM AEST,nan,nan,nan,nan,nan,nan,nan,nan,0.90,nan,nan,nan
26-Mar-25 9:58:29 AM AEST,nan,nan,nan,6552.80,nan,nan,nan,nan,nan,nan,nan,1.00
26-Mar-25 9:58:30 AM AEST,72.2,nan,nan,nan,nan,nan,nan,nan,nan,nan,nan,nan
26-Mar-25 10:00:00 AM AEST,nan,0.0,nan,nan,nan,nan,0.00,nan,nan,nan,nan,nan
26-Mar-25 10:00:30 AM AEST,nan,nan,93.3,nan,0.60,3.41,nan,11.23,nan,nan,14.20,nan
26-Mar-25 10:00:35 AM AEST,nan,nan,nan,nan,nan,nan,nan,nan,nan,84.70,nan,nan
26-Mar-25 10:00:55 AM AEST,nan,nan,nan,nan,nan,nan,nan,nan,317.80,nan,nan,nan
26-Mar-25 10:04:00 AM AEST,0.2,0.2,nan,0.20,nan,nan,24.00,nan,nan,nan,nan,0.00
26-Mar-25 10:06:00 AM AEST,nan,nan,23.6,nan,72.20,65.53,nan,2.40,0.00,0.00,0.00,nan
26-Mar-25 10:06:26 AM AEST,nan,112.3,nan,nan,nan,nan,112.30,nan,nan,nan,nan,nan
26-Mar-25 10:06:29 AM AEST,nan,nan,nan,0.00,nan,nan,nan,nan,nan,nan,nan,nan
26-Mar-25 10:06:30 AM AEST,112.3,nan,nan,nan,nan,nan,nan,nan,nan,nan,nan,nan
26-Mar-25 10:08:25 AM AEST,nan,nan,nan,nan,nan,nan,nan,1.48,nan,nan,nan,nan
26-Mar-25 10:08:30 AM AEST,nan,nan,93.3,nan,0.60,3.41,nan,nan,nan,nan,14.20,nan
26-Mar-25 10:08:31 AM AEST,nan,nan,nan,nan,nan,nan,nan,nan,nan,84.70,nan,nan
26-Mar-25 10:08:35 AM AEST,nan,nan,nan,nan,nan,nan,nan,nan,317.80,nan,nan,nan
26-Mar-25 10:08:52 AM AEST,nan,0.0,nan,nan,nan,nan,0.00,nan,nan,nan,nan,nan
26-Mar-25 10:08:58 AM AEST,nan,nan,nan,6552.80,nan,nan,nan,nan,nan,nan,nan,nan
26-Mar-25 10:09:00 AM AEST,72.2,nan,nan,nan,nan,nan,nan,nan,nan,nan,nan,nan
26-Mar-25 10:10:00 AM AEST,nan,nan,nan,nan,nan,nan,nan,nan,nan,nan,nan,1.00
26-Mar-25 10:10:00 AM AEST,nan,nan,nan,nan,nan,nan,nan,nan,nan,nan,nan,0.00
26-Mar-25 10:10:50 AM AEST,nan,nan,nan,nan,nan,nan,nan,11.23,nan,nan,nan,nan
26-Mar-25 10:10:50 AM AEST,nan,nan,nan,nan,nan,nan,nan,0.00,nan,nan,nan,nan
26-Mar-25 10:10:50 AM AEST,nan,nan,nan,nan,nan,nan,nan,11.23,nan,nan,nan,nan
26-Mar-25 10:11:00 AM AEST,nan,nan,23.6,nan,72.20,65.53,nan,nan,nan,nan,0.00,nan
26-Mar-25 10:11:00 AM AEST,nan,nan,23.6,nan,1.00,0.24,nan,nan,nan,nan,1.00,nan
26-Mar-25 10:11:02 AM AEST,nan,nan,nan,nan,nan,nan,nan,nan,nan,0.00,nan,nan
26-Mar-25 10:11:02 AM AEST,nan,nan,nan,nan,nan,nan,nan,nan,nan,1.00,nan,nan
26-Mar-25 10:11:10 AM AEST,nan,nan,nan,nan,nan,nan,nan,nan,0.00,nan,nan,nan
26-Mar-25 10:11:10 AM AEST,nan,nan,nan,nan,nan,nan,nan,nan,6552.80,nan,nan,nan
26-Mar-25 10:11:18 AM AEST,nan,97.5,nan,nan,nan,nan,125.20,nan,nan,nan,nan,nan
26-Mar-25 10:11:18 AM AEST,nan,0.0,nan,nan,nan,nan,0.00,nan,nan,nan,nan,nan
26-Mar-25 10:11:27 AM AEST,nan,nan,nan,0.20,nan,nan,nan,nan,nan,nan,nan,nan
26-Mar-25 10:11:27 AM AEST,nan,nan,nan,0.00,nan,nan,nan,nan,nan,nan,nan,nan
26-Mar-25 10:11:30 AM AEST,24.0,nan,nan,nan,nan,nan,nan,nan,nan,nan,nan,nan
26-Mar-25 10:11:30 AM AEST,0.0,nan,nan,nan,nan,nan,nan,nan,nan,nan,nan,nan
26-Mar-25 10:12:29 AM AEST,nan,nan,nan,nan,nan,nan,nan,nan,nan,nan,nan,72.20
26-Mar-25 10:13:30 AM AEST,nan,nan,93.3,nan,0.60,3.41,nan,nan,nan,nan,14.20,nan
26-Mar-25 10:13:33 AM AEST,nan,nan,nan,nan,nan,nan,nan,nan,nan,84.70,nan,nan
26-Mar-25 10:13:45 AM AEST,nan,nan,nan,nan,nan,nan,nan,nan,317.80,nan,nan,nan
26-Mar-25 10:13:45 AM AEST,nan,nan,nan,nan,nan,nan,nan,nan,0.00,nan,nan,nan
26-Mar-25 10:13:56 AM AEST,nan,nan,nan,6552.80,nan,nan,nan,nan,nan,nan,nan,nan
26-Mar-25 10:13:56 AM AEST,nan,nan,nan,13.80,nan,nan,nan,nan,nan,nan,nan,nan
26-Mar-25 10:14:00 AM AEST,72.2,nan,nan,nan,nan,nan,nan,nan,nan,nan,nan,nan
26-Mar-25 10:14:00 AM AEST,13.8,nan,nan,nan,nan,nan,nan,nan,nan,nan,nan,nan
26-Mar-25 10:14:58 AM AEST,nan,nan,nan,nan,nan,nan,nan,nan,nan,nan,nan,1.00
26-Mar-25 10:14:58 AM AEST,nan,nan,nan,nan,nan,nan,nan,nan,nan,nan,nan,51.10
26-Mar-25 10:16:00 AM AEST,nan,13.8,23.6,nan,72.20,65.53,nan,0.00,nan,nan,0.00,nan
26-Mar-25 10:16:00 AM AEST,nan,13.8,23.6,nan,1.00,0.24,nan,0.00,nan,nan,1.00,nan
26-Mar-25 10:16:04 AM AEST,nan,nan,nan,nan,nan,nan,nan,nan,nan,0.00,nan,nan
26-Mar-25 10:16:04 AM AEST,nan,nan,nan,nan,nan,nan,nan,nan,nan,1.00,nan,nan
26-Mar-25 10:16:20 AM AEST,nan,nan,nan,nan,nan,nan,nan,nan,6552.80,nan,nan,nan
26-Mar-25 10:16:25 AM AEST,nan,nan,nan,0.00,nan,nan,nan,nan,nan,nan,nan,nan
26-Mar-25 10:16:30 AM AEST,0.0,nan,nan,nan,nan,nan,nan,nan,nan,nan,nan,nan
26-Mar-25 10:17:27 AM AEST,nan,nan,nan,nan,nan,nan,nan,nan,nan,nan,nan,72.20
26-Mar-25 10:18:25 AM AEST,nan,nan,nan,nan,nan,nan,nan,11.23,nan,nan,nan,nan
26-Mar-25 10:18:26 AM AEST,nan,0.0,nan,nan,nan,nan,nan,nan,nan,nan,nan,nan
26-Mar-25 10:18:30 AM AEST,nan,nan,93.3,nan,nan,3.41,nan,nan,nan,nan,nan,nan
26-Mar-25 10:18:35 AM AEST,nan,nan,nan,nan,nan,nan,nan,nan,nan,84.70,nan,nan
26-Mar-25 10:18:55 AM AEST,nan,nan,nan,nan,nan,nan,nan,nan,317.80,nan,nan,nan
26-Mar-25 10:19:56 AM AEST,nan,nan,nan,nan,nan,nan,nan,nan,nan,nan,nan,1.00
26-Mar-25 10:19:56 AM AEST,nan,nan,nan,nan,nan,nan,nan,nan,nan,nan,nan,0.00
26-Mar-25 10:20:00 AM AEST,72.2,nan,nan,6552.80,0.60,nan,nan,nan,nan,nan,14.20,nan
26-Mar-25 10:20:00 AM AEST,0.2,nan,nan,0.20,72.20,nan,nan,nan,nan,nan,0.00,nan
26-Mar-25 10:20:50 AM AEST,nan,nan,nan,nan,nan,nan,nan,2.40,nan,nan,nan,nan
26-Mar-25 10:20:52 AM AEST,nan,0.2,nan,nan,nan,nan,nan,nan,nan,nan,nan,nan
26-Mar-25 10:21:00 AM AEST,nan,nan,23.6,nan,nan,65.53,nan,nan,nan,nan,nan,nan
26-Mar-25 10:21:06 AM AEST,nan,nan,nan,nan,nan,nan,nan,nan,nan,0.00,nan,nan
26-Mar-25 10:21:30 AM AEST,nan,nan,nan,nan,nan,nan,nan,nan,0.00,nan,nan,nan
26-Mar-25 10:22:00 AM AEST,nan,nan,nan,nan,nan,nan,24.00,nan,nan,nan,nan,nan
26-Mar-25 10:22:00 AM AEST,nan,nan,nan,nan,nan,nan,125.20,nan,nan,nan,nan,nan
26-Mar-25 10:22:30 AM AEST,24.0,nan,nan,nan,nan,nan,nan,nan,nan,nan,nan,nan
26-Mar-25 10:23:15 AM AEST,nan,nan,nan,nan,nan,nan,nan,58.35,nan,nan,nan,nan
26-Mar-25 10:23:18 AM AEST,nan,97.5,nan,nan,nan,nan,nan,nan,nan,nan,nan,nan
26-Mar-25 10:24:26 AM AEST,nan,nan,nan,nan,nan,nan,0.00,nan,nan,nan,nan,nan
26-Mar-25 10:25:00 AM AEST,13.8,nan,nan,nan,nan,nan,nan,nan,nan,nan,nan,nan
26-Mar-25 10:25:40 AM AEST,nan,nan,nan,nan,nan,nan,nan,0.00,nan,nan,nan,nan
26-Mar-25 10:25:44 AM AEST,nan,13.8,nan,nan,nan,nan,nan,nan,nan,nan,nan,nan
26-Mar-25 10:26:00 AM AEST,nan,nan,93.3,13.80,0.60,3.41,nan,nan,nan,nan,nan,51.10
26-Mar-25 10:27:30 AM AEST,0.0,nan,nan,nan,nan,nan,nan,nan,nan,nan,nan,nan
26-Mar-25 10:28:00 AM AEST,nan,nan,nan,nan,nan,nan,nan,nan,6552.80,1.00,1.00,nan
26-Mar-25 10:28:00 AM AEST,nan,nan,nan,nan,nan,nan,nan,nan,0.00,0.00,1.00,nan
26-Mar-25 10:28:05 AM AEST,nan,nan,nan,nan,nan,nan,nan,11.23,nan,nan,nan,nan
26-Mar-25 10:28:10 AM AEST,nan,0.0,nan,nan,nan,nan,nan,nan,nan,nan,nan,nan
26-Mar-25 10:28:29 AM AEST,nan,nan,nan,0.00,nan,nan,nan,nan,nan,nan,nan,72.20
26-Mar-25 10:28:29 AM AEST,nan,nan,nan,0.20,nan,nan,nan,nan,nan,nan,nan,0.00
26-Mar-25 10:28:30 AM AEST,nan,nan,23.6,nan,1.00,0.24,nan,nan,nan,nan,nan,nan
26-Mar-25 10:28:30 AM AEST,nan,nan,23.6,nan,72.20,65.53,nan,nan,nan,nan,nan,nan
26-Mar-25 10:30:00 AM AEST,0.2,nan,nan,nan,nan,nan,24.00,nan,nan,nan,nan,nan
26-Mar-25 10:30:30 AM AEST,nan,nan,nan,nan,nan,nan,nan,2.40,nan,nan,0.00,nan
26-Mar-25 10:30:30 AM AEST,nan,nan,nan,nan,nan,nan,nan,2.40,nan,nan,72.20,nan
26-Mar-25 10:30:31 AM AEST,nan,nan,nan,nan,nan,nan,nan,nan,nan,72.20,nan,nan
26-Mar-25 10:30:36 AM AEST,nan,0.2,nan,nan,nan,nan,nan,nan,nan,nan,nan,nan
26-Mar-25 10:30:58 AM AEST,nan,nan,nan,0.00,nan,nan,nan,nan,nan,nan,nan,nan
26-Mar-25 10:32:26 AM AEST,nan,nan,nan,nan,nan,nan,112.30,nan,nan,nan,nan,nan
26-Mar-25 10:32:30 AM AEST,0.0,nan,nan,nan,nan,nan,nan,nan,nan,nan,nan,nan
26-Mar-25 10:32:55 AM AEST,nan,nan,nan,nan,nan,nan,nan,11.23,nan,nan,nan,nan
26-Mar-25 10:33:02 AM AEST,nan,0.0,nan,nan,nan,nan,nan,nan,nan,nan,nan,nan
26-Mar-25 10:34:52 AM AEST,nan,nan,nan,nan,nan,nan,125.20,nan,nan,nan,nan,nan
26-Mar-25 10:35:00 AM AEST,24.0,nan,nan,nan,nan,nan,nan,nan,nan,nan,nan,nan
26-Mar-25 10:35:20 AM AEST,nan,nan,nan,nan,nan,nan,nan,0.00,nan,nan,nan,nan
26-Mar-25 10:35:28 AM AEST,nan,97.5,nan,nan,nan,nan,nan,nan,nan,nan,nan,nan
26-Mar-25 10:36:00 AM AEST,nan,nan,93.3,0.20,0.60,3.41,nan,nan,317.80,84.70,14.20,nan
26-Mar-25 10:37:54 AM AEST,nan,0.0,nan,nan,nan,nan,nan,nan,nan,nan,nan,nan
26-Mar-25 10:38:00 AM AEST,nan,nan,nan,nan,nan,nan,nan,nan,nan,nan,nan,1.00
26-Mar-25 10:38:00 AM AEST,nan,nan,nan,nan,nan,nan,nan,nan,nan,nan,nan,6552.80
26-Mar-25 10:38:29 AM AEST,nan,nan,nan,6552.80,nan,nan,nan,nan,nan,nan,nan,nan
26-Mar-25 10:38:30 AM AEST,nan,nan,0.9,nan,8.30,0.08,nan,nan,nan,nan,23.60,nan
26-Mar-25 10:38:31 AM AEST,nan,nan,nan,nan,nan,nan,nan,nan,nan,23.60,nan,nan
26-Mar-25 10:38:35 AM AEST,nan,nan,nan,nan,nan,nan,nan,nan,23.60,nan,nan,nan
26-Mar-25 10:40:00 AM AEST,72.2,nan,nan,nan,nan,nan,0.00,11.23,nan,nan,nan,nan
26-Mar-25 10:40:00 AM AEST,24.0,nan,nan,nan,nan,nan,125.20,0.00,nan,nan,nan,nan
26-Mar-25 10:40:00 AM AEST,14.8,nan,nan,nan,nan,nan,51.10,5.11,nan,nan,nan,nan
26-Mar-25 10:40:20 AM AEST,nan,97.5,nan,nan,nan,nan,nan,nan,nan,nan,nan,nan
26-Mar-25 10:40:20 AM AEST,nan,14.8,nan,nan,nan,nan,nan,nan,nan,nan,nan,nan
26-Mar-25 10:40:29 AM AEST,nan,nan,nan,nan,nan,nan,nan,nan,nan,nan,nan,0.00
26-Mar-25 10:40:29 AM AEST,nan,nan,nan,nan,nan,nan,nan,nan,nan,nan,nan,112.30
26-Mar-25 10:40:58 AM AEST,nan,nan,nan,0.20,nan,nan,nan,nan,nan,nan,nan,nan
26-Mar-25 10:40:58 AM AEST,nan,nan,nan,14.80,nan,nan,nan,nan,nan,nan,nan,nan
26-Mar-25 10:41:00 AM AEST,nan,nan,23.6,nan,72.20,65.53,nan,nan,nan,nan,0.00,nan
26-Mar-25 10:41:02 AM AEST,nan,nan,nan,nan,nan,nan,nan,nan,nan,0.00,nan,nan
26-Mar-25 10:41:10 AM AEST,nan,nan,nan,nan,nan,nan,nan,nan,0.00,nan,nan,nan
26-Mar-25 10:42:25 AM AEST,nan,nan,nan,nan,nan,nan,nan,0.00,nan,nan,nan,nan
26-Mar-25 10:42:25 AM AEST,nan,nan,nan,nan,nan,nan,nan,11.23,nan,nan,nan,nan
26-Mar-25 10:42:26 AM AEST,nan,nan,nan,nan,nan,nan,125.20,nan,nan,nan,nan,nan
26-Mar-25 10:42:26 AM AEST,nan,nan,nan,nan,nan,nan,0.00,nan,nan,nan,nan,nan
26-Mar-25 10:42:30 AM AEST,24.0,nan,nan,nan,nan,nan,nan,nan,nan,nan,nan,nan
26-Mar-25 10:42:30 AM AEST,72.2,nan,nan,nan,nan,nan,nan,nan,nan,nan,nan,nan
26-Mar-25 10:42:46 AM AEST,nan,97.5,nan,nan,nan,nan,nan,nan,nan,nan,nan,nan
26-Mar-25 10:42:46 AM AEST,nan,0.0,nan,nan,nan,nan,nan,nan,nan,nan,nan,nan
26-Mar-25 10:42:58 AM AEST,nan,nan,nan,nan,nan,nan,nan,nan,nan,nan,nan,0.00
26-Mar-25 10:42:58 AM AEST,nan,nan,nan,nan,nan,nan,nan,nan,nan,nan,nan,1.00
26-Mar-25 10:43:27 AM AEST,nan,nan,nan,0.20,nan,nan,nan,nan,nan,nan,nan,nan
26-Mar-25 10:43:27 AM AEST,nan,nan,nan,6552.80,nan,nan,nan,nan,nan,nan,nan,nan
26-Mar-25 10:43:30 AM AEST,nan,nan,0.9,nan,8.30,0.01,nan,nan,nan,nan,8.30,nan
26-Mar-25 10:43:30 AM AEST,nan,nan,0.9,nan,8.30,0.08,nan,nan,nan,nan,23.60,nan
26-Mar-25 10:43:33 AM AEST,nan,nan,nan,nan,nan,nan,nan,nan,nan,8.30,nan,nan
26-Mar-25 10:43:45 AM AEST,nan,nan,nan,nan,nan,nan,nan,nan,23.60,nan,nan,nan
26-Mar-25 10:45:27 AM AEST,nan,nan,nan,nan,nan,nan,nan,nan,nan,nan,nan,6552.80
26-Mar-25 10:46:00 AM AEST,nan,nan,0.6,nan,nan,0.14,nan,nan,nan,nan,nan,nan
26-Mar-25 10:46:04 AM AEST,nan,nan,nan,nan,nan,nan,nan,nan,nan,23.60,nan,nan
26-Mar-25 10:46:20 AM AEST,nan,nan,nan,nan,nan,nan,nan,nan,317.80,nan,nan,nan
26-Mar-25 10:47:56 AM AEST,nan,nan,nan,nan,nan,nan,nan,nan,nan,nan,nan,1.00
26-Mar-25 10:48:00 AM AEST,nan,nan,nan,nan,14.20,nan,nan,nan,nan,nan,14.20,nan
26-Mar-25 10:48:30 AM AEST,nan,nan,93.3,nan,nan,3.41,nan,nan,nan,nan,nan,nan
26-Mar-25 10:48:35 AM AEST,nan,nan,nan,nan,nan,nan,nan,nan,nan,84.70,nan,nan
26-Mar-25 10:50:00 AM AEST,24.0,97.5,nan,0.20,nan,nan,125.20,0.00,0.00,nan,nan,nan
26-Mar-25 10:50:25 AM AEST,nan,nan,nan,nan,nan,nan,nan,nan,nan,nan,nan,0.00
26-Mar-25 10:50:30 AM AEST,nan,nan,nan,nan,0.60,nan,nan,nan,nan,nan,0.00,nan
26-Mar-25 10:50:30 AM AEST,nan,nan,nan,nan,72.20,nan,nan,nan,nan,nan,0.00,nan
26-Mar-25 10:51:00 AM AEST,nan,nan,23.6,nan,nan,65.53,nan,nan,nan,nan,nan,nan
26-Mar-25 10:51:00 AM AEST,nan,nan,93.3,nan,nan,3.41,nan,nan,nan,nan,nan,nan
26-Mar-25 10:51:06 AM AEST,nan,nan,nan,nan,nan,nan,nan,nan,nan,0.00,nan,nan
26-Mar-25 10:51:06 AM AEST,nan,nan,nan,nan,nan,nan,nan,nan,nan,84.70,nan,nan
26-Mar-25 10:52:25 AM AEST,nan,nan,nan,nan,nan,nan,nan,12.52,nan,nan,nan,nan
26-Mar-25 10:52:26 AM AEST,nan,nan,nan,nan,nan,nan,97.50,nan,nan,nan,nan,nan
26-Mar-25 10:52:29 AM AEST,nan,nan,nan,6552.80,nan,nan,nan,nan,nan,nan,nan,nan
26-Mar-25 10:52:35 AM AEST,nan,nan,nan,nan,nan,nan,nan,nan,317.80,nan,nan,nan
26-Mar-25 10:52:54 AM AEST,nan,nan,nan,nan,nan,nan,nan,nan,nan,nan,nan,1.00
26-Mar-25 10:53:00 AM AEST,nan,nan,nan,nan,0.60,nan,nan,nan,nan,nan,14.20,nan
26-Mar-25 10:53:37 AM AEST,nan,nan,nan,nan,nan,nan,nan,nan,nan,0.00,nan,nan
26-Mar-25 10:54:50 AM AEST,nan,nan,nan,nan,nan,nan,nan,5.11,nan,nan,nan,nan
26-Mar-25 10:54:52 AM AEST,nan,nan,nan,nan,nan,nan,51.10,nan,nan,nan,nan,nan
26-Mar-25 10:54:58 AM AEST,nan,nan,nan,14.80,nan,nan,nan,nan,nan,nan,nan,nan
26-Mar-25 10:55:10 AM AEST,nan,nan,nan,nan,nan,nan,nan,nan,0.00,nan,nan,nan
26-Mar-25 10:55:23 AM AEST,nan,nan,nan,nan,nan,nan,nan,nan,nan,nan,nan,112.30
26-Mar-25 10:55:30 AM AEST,nan,nan,nan,nan,72.20,nan,nan,nan,nan,nan,0.00,nan
26-Mar-25 10:56:00 AM AEST,14.8,14.8,nan,nan,nan,65.53,nan,nan,nan,nan,nan,nan
26-Mar-25 10:56:00 AM AEST,24.0,97.5,nan,nan,nan,0.01,nan,nan,nan,nan,nan,nan
26-Mar-25 10:56:08 AM AEST,nan,nan,nan,nan,nan,nan,nan,nan,nan,8.30,nan,nan
26-Mar-25 10:57:15 AM AEST,nan,nan,nan,nan,nan,nan,nan,0.00,nan,nan,nan,nan
26-Mar-25 10:57:15 AM AEST,nan,nan,nan,nan,nan,nan,nan,11.23,nan,nan,nan,nan
26-Mar-25 10:57:18 AM AEST,nan,nan,nan,nan,nan,nan,125.20,nan,nan,nan,nan,nan
26-Mar-25 10:57:18 AM AEST,nan,nan,nan,nan,nan,nan,0.00,nan,nan,nan,nan,nan
26-Mar-25 10:57:27 AM AEST,nan,nan,nan,0.20,nan,nan,nan,nan,nan,nan,nan,nan
26-Mar-25 10:57:27 AM AEST,nan,nan,nan,6552.80,nan,nan,nan,nan,nan,nan,nan,nan
26-Mar-25 10:57:45 AM AEST,nan,nan,nan,nan,nan,nan,nan,nan,23.60,nan,nan,nan
26-Mar-25 10:57:52 AM AEST,nan,nan,nan,nan,nan,nan,nan,nan,nan,nan,nan,0.00
26-Mar-25 10:57:52 AM AEST,nan,nan,nan,nan,nan,nan,nan,nan,nan,nan,nan,1.00
26-Mar-25 10:58:00 AM AEST,nan,nan,23.6,nan,8.30,nan,nan,nan,nan,nan,8.30,nan
26-Mar-25 10:58:00 AM AEST,nan,nan,0.9,nan,8.30,nan,nan,nan,nan,nan,8.30,nan
26-Mar-25 10:58:26 AM AEST,nan,0.0,nan,nan,nan,nan,nan,nan,nan,nan,nan,nan
26-Mar-25 10:58:30 AM AEST,72.2,nan,nan,nan,nan,3.41,nan,nan,nan,nan,nan,nan
26-Mar-25 11:00:00 AM AEST,nan,nan,nan,nan,nan,nan,nan,nan,nan,84.70,nan,nan
26-Mar-25 11:00:20 AM AEST,nan,nan,nan,nan,nan,nan,nan,nan,317.80,nan,nan,nan
26-Mar-25 11:00:30 AM AEST,nan,nan,341.4,nan,0.60,nan,nan,nan,nan,nan,14.20,nan
26-Mar-25 11:00:30 AM AEST,nan,nan,14.2,nan,0.60,nan,nan,nan,nan,nan,14.20,nan
26-Mar-25 11:01:00 AM AEST,nan,nan,nan,nan,nan,0.14,nan,nan,nan,nan,nan,nan
26-Mar-25 11:03:00 AM AEST,nan,nan,93.3,nan,84.70,nan,nan,nan,nan,nan,84.70,nan
26-Mar-25 11:03:30 AM AEST,nan,nan,nan,nan,nan,3.41,nan,nan,nan,nan,nan,nan
26-Mar-25 11:05:30 AM AEST,nan,nan,23.6,nan,0.60,nan,nan,nan,nan,nan,14.20,nan
26-Mar-25 11:05:30 AM AEST,nan,nan,23.6,nan,72.20,nan,nan,nan,nan,nan,0.00,nan
26-Mar-25 11:06:00 AM AEST,24.0,97.5,nan,0.20,nan,65.53,125.20,0.00,0.00,0.00,nan,0.00
26-Mar-25 11:06:00 AM AEST,24.0,97.5,nan,0.20,nan,3.41,125.20,0.00,317.80,84.70,nan,0.00
26-Mar-25 11:08:00 AM AEST,nan,nan,93.3,nan,0.60,nan,nan,nan,nan,nan,14.20,nan
26-Mar-25 11:08:25 AM AEST,nan,nan,nan,nan,nan,nan,nan,2.40,nan,nan,nan,nan
26-Mar-25 11:08:25 AM AEST,nan,nan,nan,nan,nan,nan,nan,0.00,nan,nan,nan,nan
26-Mar-25 11:08:26 AM AEST,nan,0.2,nan,nan,nan,nan,24.00,nan,nan,nan,nan,nan
26-Mar-25 11:08:26 AM AEST,nan,97.5,nan,nan,nan,nan,125.20,nan,nan,nan,nan,nan
26-Mar-25 11:08:30 AM AEST,0.2,nan,nan,nan,nan,65.53,nan,nan,nan,nan,nan,nan
26-Mar-25 11:08:30 AM AEST,24.0,nan,nan,nan,nan,65.53,nan,nan,nan,nan,nan,nan
26-Mar-25 11:08:31 AM AEST,nan,nan,nan,nan,nan,nan,nan,nan,nan,0.00,nan,nan
26-Mar-25 11:08:31 AM AEST,nan,nan,nan,nan,nan,nan,nan,nan,nan,72.20,nan,nan
26-Mar-25 11:08:35 AM AEST,nan,nan,nan,nan,nan,nan,nan,nan,0.00,nan,nan,nan
26-Mar-25 11:10:00 AM AEST,nan,nan,nan,0.00,nan,nan,nan,nan,nan,nan,nan,nan
26-Mar-25 11:10:30 AM AEST,nan,nan,23.6,nan,72.20,nan,nan,nan,nan,nan,0.00,nan
26-Mar-25 11:10:30 AM AEST,nan,nan,23.6,nan,72.20,nan,nan,nan,nan,nan,72.20,nan
26-Mar-25 11:10:50 AM AEST,nan,nan,nan,nan,nan,nan,nan,11.23,nan,nan,nan,nan
26-Mar-25 11:10:52 AM AEST,nan,0.0,nan,nan,nan,nan,112.30,nan,nan,nan,nan,nan
26-Mar-25 11:11:00 AM AEST,0.0,nan,nan,nan,nan,3.18,nan,nan,nan,nan,nan,nan
26-Mar-25 11:11:02 AM AEST,nan,nan,nan,nan,nan,nan,nan,nan,nan,1.40,nan,nan
26-Mar-25 11:11:10 AM AEST,nan,nan,nan,nan,nan,nan,nan,nan,1.40,nan,nan,nan
26-Mar-25 11:12:00 AM AEST,nan,nan,nan,nan,nan,nan,nan,nan,nan,nan,nan,1.00
26-Mar-25 11:12:29 AM AEST,nan,nan,nan,6552.80,nan,nan,nan,nan,nan,nan,nan,nan
26-Mar-25 11:12:29 AM AEST,nan,nan,nan,0.20,nan,nan,nan,nan,nan,nan,nan,nan
26-Mar-25 11:13:00 AM AEST,nan,nan,84.7,nan,317.80,nan,nan,nan,nan,nan,317.80,nan
26-Mar-25 11:13:00 AM AEST,nan,nan,23.6,nan,72.20,nan,nan,nan,nan,nan,0.00,nan
26-Mar-25 11:13:15 AM AEST,nan,nan,nan,nan,nan,nan,nan,0.00,nan,nan,nan,nan
26-Mar-25 11:13:15 AM AEST,nan,nan,nan,nan,nan,nan,nan,5.11,nan,nan,nan,nan
26-Mar-25 11:13:18 AM AEST,nan,97.5,nan,nan,nan,nan,0.00,nan,nan,nan,nan,nan
26-Mar-25 11:13:18 AM AEST,nan,14.8,nan,nan,nan,nan,125.20,nan,nan,nan,nan,nan
26-Mar-25 11:13:18 AM AEST,nan,14.8,nan,nan,nan,nan,14.80,nan,nan,nan,nan,nan
26-Mar-25 11:13:30 AM AEST,72.2,nan,nan,nan,nan,65.53,nan,nan,nan,nan,nan,nan
26-Mar-25 11:13:30 AM AEST,24.0,nan,nan,nan,nan,65.53,nan,nan,nan,nan,nan,nan
26-Mar-25 11:13:30 AM AEST,112.3,nan,nan,nan,nan,65.53,nan,nan,nan,nan,nan,nan
26-Mar-25 11:13:33 AM AEST,nan,nan,nan,nan,nan,nan,nan,nan,nan,0.00,nan,nan
26-Mar-25 11:13:45 AM AEST,nan,nan,nan,nan,nan,nan,nan,nan,0.00,nan,nan,nan
26-Mar-25 11:14:29 AM AEST,nan,nan,nan,nan,nan,nan,nan,nan,nan,nan,nan,0.00
26-Mar-25 11:14:29 AM AEST,nan,nan,nan,nan,nan,nan,nan,nan,nan,nan,nan,112.30
26-Mar-25 11:14:58 AM AEST,nan,nan,nan,112.30,nan,nan,nan,nan,nan,nan,nan,nan
26-Mar-25 11:15:30 AM AEST,nan,nan,93.3,nan,0.60,nan,nan,nan,nan,nan,14.20,nan
26-Mar-25 11:15:44 AM AEST,nan,0.0,nan,nan,nan,nan,0.00,nan,nan,nan,nan,nan
26-Mar-25 11:16:00 AM AEST,72.2,nan,nan,nan,nan,3.41,nan,nan,nan,nan,nan,nan
26-Mar-25 11:16:04 AM AEST,nan,nan,nan,nan,nan,nan,nan,nan,nan,84.70,nan,nan
26-Mar-25 11:16:20 AM AEST,nan,nan,nan,nan,nan,nan,nan,nan,317.80,nan,nan,nan
26-Mar-25 11:16:58 AM AEST,nan,nan,nan,nan,nan,nan,nan,nan,nan,nan,nan,1.00
26-Mar-25 11:17:27 AM AEST,nan,nan,nan,6552.80,nan,nan,nan,nan,nan,nan,nan,nan
26-Mar-25 11:18:00 AM AEST,nan,nan,nan,nan,nan,nan,nan,11.23,nan,nan,nan,nan
26-Mar-25 11:18:35 AM AEST,nan,nan,nan,nan,nan,nan,nan,nan,nan,0.00,nan,nan
26-Mar-25 11:18:55 AM AEST,nan,nan,nan,nan,nan,nan,nan,nan,0.00,nan,nan,nan
26-Mar-25 11:19:27 AM AEST,nan,nan,nan,nan,nan,nan,nan,nan,nan,nan,nan,0.00
26-Mar-25 11:19:56 AM AEST,nan,nan,nan,0.20,nan,nan,nan,nan,nan,nan,nan,nan
26-Mar-25 11:20:00 AM AEST,0.2,0.2,23.6,nan,72.20,65.53,24.00,nan,nan,nan,0.00,nan
26-Mar-25 11:20:25 AM AEST,nan,nan,nan,nan,nan,nan,nan,2.40,nan,nan,nan,nan
26-Mar-25 11:21:06 AM AEST,nan,nan,nan,nan,nan,nan,nan,nan,nan,1.00,nan,nan
26-Mar-25 11:21:30 AM AEST,nan,nan,nan,nan,nan,nan,nan,nan,6552.80,nan,nan,nan
26-Mar-25 11:21:56 AM AEST,nan,nan,nan,nan,nan,nan,nan,nan,nan,nan,nan,72.20
26-Mar-25 11:22:25 AM AEST,nan,nan,nan,0.00,nan,nan,nan,nan,nan,nan,nan,nan
26-Mar-25 11:22:26 AM AEST,nan,97.5,nan,nan,nan,nan,125.20,nan,nan,nan,nan,nan
26-Mar-25 11:22:26 AM AEST,nan,0.0,nan,nan,nan,nan,0.00,nan,nan,nan,nan,nan
26-Mar-25 11:22:30 AM AEST,24.0,nan,nan,nan,1.00,0.24,nan,nan,nan,nan,1.00,nan
26-Mar-25 11:22:30 AM AEST,0.0,nan,nan,nan,1.00,0.24,nan,nan,nan,nan,1.00,nan
26-Mar-25 11:22:50 AM AEST,nan,nan,nan,nan,nan,nan,nan,0.00,nan,nan,nan,nan
26-Mar-25 11:22:50 AM AEST,nan,nan,nan,nan,nan,nan,nan,11.23,nan,nan,nan,nan
26-Mar-25 11:23:37 AM AEST,nan,nan,nan,nan,nan,nan,nan,nan,nan,0.00,nan,nan
26-Mar-25 11:24:05 AM AEST,nan,nan,nan,nan,nan,nan,nan,nan,0.00,nan,nan,nan
26-Mar-25 11:24:25 AM AEST,nan,nan,nan,nan,nan,nan,nan,nan,nan,nan,nan,14.80
26-Mar-25 11:24:52 AM AEST,nan,51.1,nan,nan,nan,nan,51.10,nan,nan,nan,nan,nan
26-Mar-25 11:24:54 AM AEST,nan,nan,nan,14.80,nan,nan,nan,nan,nan,nan,nan,nan
26-Mar-25 11:24:54 AM AEST,nan,nan,nan,0.20,nan,nan,nan,nan,nan,nan,nan,nan
26-Mar-25 11:25:00 AM AEST,51.1,nan,nan,nan,72.20,65.53,nan,nan,nan,nan,0.00,nan
26-Mar-25 11:25:00 AM AEST,24.0,nan,nan,nan,72.20,65.53,nan,nan,nan,nan,0.00,nan
26-Mar-25 11:25:15 AM AEST,nan,nan,nan,nan,nan,nan,nan,1.38,nan,nan,nan,nan
26-Mar-25 11:25:15 AM AEST,nan,nan,nan,nan,nan,nan,nan,0.00,nan,nan,nan,nan
26-Mar-25 11:26:08 AM AEST,nan,nan,nan,nan,nan,nan,nan,nan,nan,84.70,nan,nan
26-Mar-25 11:26:40 AM AEST,nan,nan,nan,nan,nan,nan,nan,nan,317.80,nan,nan,nan
26-Mar-25 11:26:54 AM AEST,nan,nan,nan,nan,nan,nan,nan,nan,nan,nan,nan,0.00
26-Mar-25 11:26:54 AM AEST,nan,nan,nan,nan,nan,nan,nan,nan,nan,nan,nan,1.00
26-Mar-25 11:27:18 AM AEST,nan,97.5,nan,nan,nan,nan,125.20,nan,nan,nan,nan,nan
26-Mar-25 11:27:18 AM AEST,nan,0.0,nan,nan,nan,nan,0.00,nan,nan,nan,nan,nan
26-Mar-25 11:27:23 AM AEST,nan,nan,nan,6552.80,nan,nan,nan,nan,nan,nan,nan,nan
26-Mar-25 11:27:30 AM AEST,72.2,nan,nan,nan,0.60,3.41,nan,nan,nan,nan,14.20,nan
26-Mar-25 11:27:40 AM AEST,nan,nan,nan,nan,nan,nan,nan,11.23,nan,nan,nan,nan
26-Mar-25 11:28:00 AM AEST,nan,nan,93.3,nan,nan,nan,nan,nan,nan,nan,nan,nan
26-Mar-25 11:29:15 AM AEST,nan,nan,nan,nan,nan,nan,nan,nan,0.00,nan,nan,nan
26-Mar-25 11:29:23 AM AEST,nan,nan,nan,nan,nan,nan,nan,nan,nan,nan,nan,0.00
26-Mar-25 11:29:44 AM AEST,nan,97.5,nan,nan,nan,nan,125.20,nan,nan,nan,nan,nan
26-Mar-25 11:29:44 AM AEST,nan,24.0,nan,nan,nan,nan,24.00,nan,nan,nan,nan,nan
26-Mar-25 11:29:52 AM AEST,nan,nan,nan,0.20,nan,nan,nan,nan,nan,nan,nan,nan
26-Mar-25 11:30:00 AM AEST,24.0,nan,nan,nan,72.20,65.53,nan,nan,nan,0.00,0.00,nan
26-Mar-25 11:30:05 AM AEST,nan,nan,nan,nan,nan,nan,nan,0.00,nan,nan,nan,nan
26-Mar-25 11:30:05 AM AEST,nan,nan,nan,nan,nan,nan,nan,9.75,nan,nan,nan,nan
26-Mar-25 11:30:30 AM AEST,nan,nan,23.6,nan,nan,nan,nan,nan,nan,nan,nan,nan
26-Mar-25 11:32:10 AM AEST,nan,112.3,nan,nan,nan,nan,112.30,nan,nan,nan,nan,nan
26-Mar-25 11:32:21 AM AEST,nan,nan,nan,0.00,nan,nan,nan,nan,nan,nan,nan,nan
26-Mar-25 11:32:30 AM AEST,112.3,nan,nan,nan,nan,nan,nan,1.48,nan,nan,nan,nan
26-Mar-25 11:33:00 AM AEST,nan,nan,93.3,nan,nan,nan,nan,nan,nan,nan,nan,nan
26-Mar-25 11:34:36 AM AEST,nan,0.0,nan,nan,nan,nan,0.00,nan,nan,nan,nan,nan
26-Mar-25 11:34:50 AM AEST,nan,nan,nan,6552.80,nan,nan,nan,nan,nan,nan,nan,nan
26-Mar-25 11:34:55 AM AEST,nan,nan,nan,nan,nan,nan,nan,11.23,nan,nan,nan,nan
26-Mar-25 11:35:00 AM AEST,72.2,nan,nan,nan,nan,nan,nan,nan,nan,nan,nan,nan
26-Mar-25 11:36:00 AM AEST,nan,nan,nan,nan,0.60,3.41,nan,nan,317.80,84.70,14.20,1.00
26-Mar-25 11:40:00 AM AEST,24.0,97.5,nan,0.20,nan,nan,125.20,0.00,nan,nan,nan,0.00
26-Mar-25 11:42:00 AM AEST,nan,nan,23.6,nan,72.20,65.53,nan,nan,nan,nan,nan,nan
26-Mar-25 11:42:25 AM AEST,nan,nan,nan,nan,nan,nan,nan,1.48,nan,nan,nan,nan
26-Mar-25 11:42:26 AM AEST,nan,0.0,nan,nan,nan,nan,0.00,nan,nan,nan,nan,nan
26-Mar-25 11:42:26 AM AEST,nan,112.3,nan,nan,nan,nan,112.30,nan,nan,nan,nan,nan
26-Mar-25 11:42:29 AM AEST,nan,nan,nan,6552.80,nan,nan,nan,nan,nan,nan,nan,1.00
26-Mar-25 11:42:29 AM AEST,nan,nan,nan,0.00,nan,nan,nan,nan,nan,nan,nan,0.00
26-Mar-25 11:42:30 AM AEST,72.2,nan,nan,nan,nan,nan,nan,nan,nan,nan,nan,nan
26-Mar-25 11:42:30 AM AEST,112.3,nan,nan,nan,nan,nan,nan,nan,nan,nan,nan,nan
26-Mar-25 11:44:00 AM AEST,nan,nan,nan,nan,nan,nan,nan,nan,0.00,0.00,0.00,nan
26-Mar-25 11:44:00 AM AEST,nan,nan,nan,nan,nan,nan,nan,nan,0.00,8.30,0.00,nan
26-Mar-25 11:44:30 AM AEST,nan,nan,1.4,nan,0.90,0.01,nan,nan,nan,nan,nan,nan
26-Mar-25 11:44:50 AM AEST,nan,nan,nan,nan,nan,nan,nan,11.23,nan,nan,nan,nan
26-Mar-25 11:44:52 AM AEST,nan,0.0,nan,nan,nan,nan,0.00,nan,nan,nan,nan,nan
26-Mar-25 11:44:58 AM AEST,nan,nan,nan,6552.80,nan,nan,nan,nan,nan,nan,nan,1.00
26-Mar-25 11:45:00 AM AEST,72.2,nan,nan,nan,nan,nan,nan,nan,nan,nan,nan,nan
26-Mar-25 11:46:30 AM AEST,nan,nan,nan,nan,nan,nan,nan,nan,nan,nan,0.90,nan
26-Mar-25 11:46:35 AM AEST,nan,nan,nan,nan,nan,nan,nan,nan,8.30,nan,nan,nan
26-Mar-25 11:47:00 AM AEST,nan,nan,93.3,nan,0.60,3.41,nan,nan,nan,nan,nan,nan
26-Mar-25 11:48:00 AM AEST,nan,nan,nan,nan,nan,nan,nan,nan,nan,84.70,nan,nan
26-Mar-25 11:49:00 AM AEST,nan,nan,nan,nan,nan,nan,nan,nan,nan,nan,14.20,nan
26-Mar-25 11:49:10 AM AEST,nan,nan,nan,nan,nan,nan,nan,nan,317.80,nan,nan,nan
26-Mar-25 11:51:45 AM AEST,nan,nan,nan,nan,nan,nan,nan,nan,0.00,nan,nan,nan
26-Mar-25 11:52:00 AM AEST,24.0,24.0,nan,0.20,nan,nan,24.00,9.75,nan,nan,nan,0.00
26-Mar-25 11:52:00 AM AEST,24.0,97.5,nan,0.20,nan,nan,125.20,0.00,nan,nan,nan,0.00
26-Mar-25 11:54:00 AM AEST,nan,nan,23.6,nan,72.20,65.53,nan,nan,nan,0.00,0.00,nan
26-Mar-25 11:54:00 AM AEST,nan,nan,93.3,nan,0.60,3.41,nan,nan,nan,84.70,14.20,nan
26-Mar-25 11:54:20 AM AEST,nan,nan,nan,nan,nan,nan,nan,nan,317.80,nan,nan,nan
26-Mar-25 11:54:25 AM AEST,nan,nan,nan,nan,nan,nan,nan,11.23,nan,nan,nan,nan
26-Mar-25 11:54:26 AM AEST,nan,0.0,nan,nan,nan,nan,0.00,nan,nan,nan,nan,nan
26-Mar-25 11:54:29 AM AEST,nan,nan,nan,6552.80,nan,nan,nan,nan,nan,nan,nan,1.00
26-Mar-25 11:54:30 AM AEST,72.2,nan,nan,nan,nan,nan,nan,nan,nan,nan,nan,nan
26-Mar-25 11:56:30 AM AEST,nan,nan,23.6,nan,72.20,65.53,nan,nan,nan,nan,0.00,nan
26-Mar-25 11:56:31 AM AEST,nan,nan,nan,nan,nan,nan,nan,nan,nan,0.00,nan,nan
26-Mar-25 11:56:50 AM AEST,nan,nan,nan,nan,nan,nan,nan,0.00,nan,nan,nan,nan
26-Mar-25 11:56:50 AM AEST,nan,nan,nan,nan,nan,nan,nan,12.52,nan,nan,nan,nan
26-Mar-25 11:56:52 AM AEST,nan,97.5,nan,nan,nan,nan,125.20,nan,nan,nan,nan,nan
26-Mar-25 11:56:52 AM AEST,nan,97.5,nan,nan,nan,nan,97.50,nan,nan,nan,nan,nan
26-Mar-25 11:56:55 AM AEST,nan,nan,nan,nan,nan,nan,nan,nan,0.00,nan,nan,nan
26-Mar-25 11:56:58 AM AEST,nan,nan,nan,0.20,nan,nan,nan,nan,nan,nan,nan,0.00
26-Mar-25 11:57:00 AM AEST,24.0,nan,nan,nan,nan,nan,nan,nan,nan,nan,nan,nan
26-Mar-25 11:59:00 AM AEST,nan,nan,93.3,nan,nan,nan,nan,nan,nan,nan,nan,nan
26-Mar-25 11:59:15 AM AEST,nan,nan,nan,nan,nan,nan,nan,1.48,nan,nan,nan,nan
26-Mar-25 11:59:18 AM AEST,nan,112.3,nan,nan,nan,nan,112.30,nan,nan,nan,nan,nan
26-Mar-25 11:59:27 AM AEST,nan,nan,nan,0.00,nan,nan,nan,nan,nan,nan,nan,nan
26-Mar-25 11:59:30 AM AEST,112.3,nan,nan,nan,nan,nan,nan,nan,nan,nan,nan,nan
26-Mar-25 12:01:40 PM AEST,nan,nan,nan,nan,nan,nan,nan,11.23,nan,nan,nan,nan
26-Mar-25 12:01:44 PM AEST,nan,0.0,nan,nan,nan,nan,0.00,nan,nan,nan,nan,nan
26-Mar-25 12:01:56 PM AEST,nan,nan,nan,6552.80,nan,nan,nan,nan,nan,nan,nan,nan
26-Mar-25 12:02:00 PM AEST,72.2,nan,nan,nan,0.60,3.41,nan,nan,317.80,84.70,14.20,1.00
26-Mar-25 12:04:00 PM AEST,nan,nan,23.6,nan,nan,nan,nan,nan,nan,nan,nan,nan
26-Mar-25 12:04:00 PM AEST,nan,nan,93.3,nan,nan,nan,nan,nan,nan,nan,nan,nan
26-Mar-25 12:04:05 PM AEST,nan,nan,nan,nan,nan,nan,nan,0.00,nan,nan,nan,nan
26-Mar-25 12:04:10 PM AEST,nan,97.5,nan,nan,nan,nan,125.20,nan,nan,nan,nan,nan
26-Mar-25 12:04:25 PM AEST,nan,nan,nan,0.20,nan,nan,nan,nan,nan,nan,nan,nan
26-Mar-25 12:04:29 PM AEST,nan,nan,nan,nan,nan,nan,nan,nan,nan,nan,nan,0.00
26-Mar-25 12:04:30 PM AEST,24.0,nan,nan,nan,72.20,65.53,nan,nan,nan,nan,0.00,nan
26-Mar-25 12:04:30 PM AEST,24.0,nan,nan,nan,0.60,3.41,nan,nan,nan,nan,14.20,nan
26-Mar-25 12:04:31 PM AEST,nan,nan,nan,nan,nan,nan,nan,nan,nan,0.00,nan,nan
26-Mar-25 12:04:31 PM AEST,nan,nan,nan,nan,nan,nan,nan,nan,nan,84.70,nan,nan
26-Mar-25 12:04:35 PM AEST,nan,nan,nan,nan,nan,nan,nan,nan,0.00,nan,nan,nan
26-Mar-25 12:04:35 PM AEST,nan,nan,nan,nan,nan,nan,nan,nan,317.80,nan,nan,nan
26-Mar-25 12:06:30 PM AEST,nan,nan,0.9,nan,nan,nan,nan,nan,nan,nan,nan,nan
26-Mar-25 12:06:54 PM AEST,nan,nan,nan,6552.80,nan,nan,nan,nan,nan,nan,nan,nan
26-Mar-25 12:06:58 PM AEST,nan,nan,nan,nan,nan,nan,nan,nan,nan,nan,nan,1.00
26-Mar-25 12:07:00 PM AEST,72.2,nan,nan,nan,8.30,0.08,nan,nan,nan,nan,23.60,nan
26-Mar-25 12:07:02 PM AEST,nan,nan,nan,nan,nan,nan,nan,nan,nan,23.60,nan,nan
26-Mar-25 12:07:10 PM AEST,nan,nan,nan,nan,nan,nan,nan,nan,23.60,nan,nan,nan
26-Mar-25 12:08:00 PM AEST,nan,0.0,nan,nan,nan,nan,0.00,nan,nan,nan,nan,nan
26-Mar-25 12:09:00 PM AEST,nan,nan,23.6,nan,nan,nan,nan,nan,nan,nan,nan,nan
26-Mar-25 12:09:23 PM AEST,nan,nan,nan,13.80,nan,nan,nan,nan,nan,nan,nan,nan
26-Mar-25 12:09:27 PM AEST,nan,nan,nan,nan,nan,nan,nan,nan,nan,nan,nan,6552.80
26-Mar-25 12:09:27 PM AEST,nan,nan,nan,nan,nan,nan,nan,nan,nan,nan,nan,51.10
26-Mar-25 12:09:30 PM AEST,13.8,nan,nan,nan,72.20,65.53,nan,nan,nan,nan,0.00,nan
26-Mar-25 12:09:33 PM AEST,nan,nan,nan,nan,nan,nan,nan,nan,nan,0.00,nan,nan
26-Mar-25 12:09:45 PM AEST,nan,nan,nan,nan,nan,nan,nan,nan,0.00,nan,nan,nan
26-Mar-25 12:10:00 PM AEST,nan,nan,nan,nan,nan,nan,nan,11.23,nan,nan,nan,nan
26-Mar-25 12:10:00 PM AEST,nan,nan,nan,nan,nan,nan,nan,0.00,nan,nan,nan,nan
26-Mar-25 12:10:26 PM AEST,nan,13.8,nan,nan,nan,nan,nan,nan,nan,nan,nan,nan
26-Mar-25 12:11:52 PM AEST,nan,nan,nan,0.20,nan,nan,nan,nan,nan,nan,nan,nan
26-Mar-25 12:11:52 PM AEST,nan,nan,nan,0.00,nan,nan,nan,nan,nan,nan,nan,nan
26-Mar-25 12:11:56 PM AEST,nan,nan,nan,nan,nan,nan,nan,nan,nan,nan,nan,0.00
26-Mar-25 12:11:56 PM AEST,nan,nan,nan,nan,nan,nan,nan,nan,nan,nan,nan,72.20
26-Mar-25 12:12:00 PM AEST,24.0,nan,nan,nan,1.00,0.24,125.20,nan,nan,nan,1.00,nan
26-Mar-25 12:12:00 PM AEST,0.0,nan,nan,nan,1.00,0.24,0.00,nan,nan,nan,1.00,nan
26-Mar-25 12:12:04 PM AEST,nan,nan,nan,nan,nan,nan,nan,nan,nan,1.00,nan,nan
26-Mar-25 12:12:20 PM AEST,nan,nan,nan,nan,nan,nan,nan,nan,6552.80,nan,nan,nan
26-Mar-25 12:12:25 PM AEST,nan,nan,nan,nan,nan,nan,nan,11.23,nan,nan,nan,nan
26-Mar-25 12:12:52 PM AEST,nan,97.5,nan,nan,nan,nan,nan,nan,nan,nan,nan,nan
26-Mar-25 12:12:52 PM AEST,nan,0.0,nan,nan,nan,nan,nan,nan,nan,nan,nan,nan
26-Mar-25 12:14:00 PM AEST,nan,nan,341.4,nan,nan,nan,nan,nan,nan,nan,nan,nan
26-Mar-25 12:14:21 PM AEST,nan,nan,nan,6552.80,nan,nan,nan,nan,nan,nan,nan,nan
26-Mar-25 12:14:25 PM AEST,nan,nan,nan,nan,nan,nan,nan,nan,nan,nan,nan,1.00
26-Mar-25 12:14:30 PM AEST,72.2,nan,nan,nan,0.60,0.01,nan,nan,nan,nan,14.20,nan
26-Mar-25 12:14:35 PM AEST,nan,nan,nan,nan,nan,nan,nan,nan,nan,84.70,nan,nan
26-Mar-25 12:14:55 PM AEST,nan,nan,nan,nan,nan,nan,nan,nan,317.80,nan,nan,nan
26-Mar-25 12:16:30 PM AEST,nan,nan,93.3,nan,nan,nan,nan,nan,nan,nan,nan,nan
26-Mar-25 12:17:00 PM AEST,nan,nan,nan,nan,nan,3.41,nan,nan,nan,nan,nan,nan
26-Mar-25 12:20:00 PM AEST,24.0,97.5,nan,0.20,nan,nan,125.20,0.00,0.00,0.00,0.00,0.00
26-Mar-25 12:20:00 PM AEST,24.0,97.5,nan,0.20,nan,nan,125.20,0.00,317.80,84.70,14.20,0.00
26-Mar-25 12:22:00 PM AEST,nan,nan,0.6,nan,14.20,0.14,nan,nan,nan,nan,nan,nan
26-Mar-25 12:22:00 PM AEST,nan,nan,23.6,nan,72.20,65.53,nan,nan,nan,nan,nan,nan
26-Mar-25 12:22:25 PM AEST,nan,nan,nan,nan,nan,nan,nan,11.23,nan,nan,nan,nan
26-Mar-25 12:22:25 PM AEST,nan,nan,nan,nan,nan,nan,nan,0.00,nan,nan,nan,nan
26-Mar-25 12:22:25 PM AEST,nan,nan,nan,nan,nan,nan,nan,9.75,nan,nan,nan,nan
26-Mar-25 12:22:26 PM AEST,nan,0.0,nan,nan,nan,nan,0.00,nan,nan,nan,nan,nan
26-Mar-25 12:22:26 PM AEST,nan,97.5,nan,nan,nan,nan,125.20,nan,nan,nan,nan,nan
26-Mar-25 12:22:26 PM AEST,nan,24.0,nan,nan,nan,nan,24.00,nan,nan,nan,nan,nan
26-Mar-25 12:22:29 PM AEST,nan,nan,nan,6552.80,nan,nan,nan,nan,nan,nan,nan,1.00
26-Mar-25 12:22:29 PM AEST,nan,nan,nan,0.20,nan,nan,nan,nan,nan,nan,nan,0.00
26-Mar-25 12:22:30 PM AEST,72.2,nan,nan,nan,nan,nan,nan,nan,nan,nan,0.00,nan
26-Mar-25 12:22:30 PM AEST,24.0,nan,nan,nan,nan,nan,nan,nan,nan,nan,0.00,nan
26-Mar-25 12:22:31 PM AEST,nan,nan,nan,nan,nan,nan,nan,nan,nan,0.00,nan,nan
26-Mar-25 12:22:35 PM AEST,nan,nan,nan,nan,nan,nan,nan,nan,0.00,nan,nan,nan
26-Mar-25 12:24:30 PM AEST,nan,nan,93.3,nan,0.60,3.41,nan,nan,nan,nan,nan,nan
26-Mar-25 12:24:30 PM AEST,nan,nan,23.6,nan,0.60,3.41,nan,nan,nan,nan,nan,nan
26-Mar-25 12:24:30 PM AEST,nan,nan,93.3,nan,0.60,3.41,nan,nan,nan,nan,nan,nan
26-Mar-25 12:24:50 PM AEST,nan,nan,nan,nan,nan,nan,nan,0.00,nan,nan,nan,nan
26-Mar-25 12:24:52 PM AEST,nan,97.5,nan,nan,nan,nan,125.20,nan,nan,nan,nan,nan
26-Mar-25 12:24:58 PM AEST,nan,nan,nan,6552.80,nan,nan,nan,nan,nan,nan,nan,1.00
26-Mar-25 12:25:00 PM AEST,72.2,nan,nan,nan,nan,nan,nan,nan,nan,nan,14.20,nan
26-Mar-25 12:25:02 PM AEST,nan,nan,nan,nan,nan,nan,nan,nan,nan,84.70,nan,nan
26-Mar-25 12:25:10 PM AEST,nan,nan,nan,nan,nan,nan,nan,nan,317.80,nan,nan,nan
26-Mar-25 12:27:00 PM AEST,nan,nan,23.6,nan,72.20,65.53,nan,nan,nan,nan,nan,nan
26-Mar-25 12:27:00 PM AEST,nan,nan,93.3,nan,0.60,3.41,nan,nan,nan,nan,nan,nan
26-Mar-25 12:27:15 PM AEST,nan,nan,nan,nan,nan,nan,nan,11.23,nan,nan,nan,nan
26-Mar-25 12:27:15 PM AEST,nan,nan,nan,nan,nan,nan,nan,0.00,nan,nan,nan,nan
26-Mar-25 12:27:18 PM AEST,nan,0.0,nan,nan,nan,nan,0.00,nan,nan,nan,nan,nan
26-Mar-25 12:27:18 PM AEST,nan,97.5,nan,nan,nan,nan,125.20,nan,nan,nan,nan,nan
26-Mar-25 12:27:27 PM AEST,nan,nan,nan,0.20,nan,nan,nan,nan,nan,nan,nan,0.00
26-Mar-25 12:27:27 PM AEST,nan,nan,nan,6552.80,nan,nan,nan,nan,nan,nan,nan,1.00
26-Mar-25 12:27:30 PM AEST,24.0,nan,nan,nan,nan,nan,nan,nan,nan,nan,0.00,nan
26-Mar-25 12:27:30 PM AEST,72.2,nan,nan,nan,nan,nan,nan,nan,nan,nan,14.20,nan
26-Mar-25 12:27:33 PM AEST,nan,nan,nan,nan,nan,nan,nan,nan,nan,0.00,nan,nan
26-Mar-25 12:27:33 PM AEST,nan,nan,nan,nan,nan,nan,nan,nan,nan,84.70,nan,nan
26-Mar-25 12:27:45 PM AEST,nan,nan,nan,nan,nan,nan,nan,nan,0.00,nan,nan,nan
26-Mar-25 12:27:45 PM AEST,nan,nan,nan,nan,nan,nan,nan,nan,317.80,nan,nan,nan
26-Mar-25 12:29:44 PM AEST,nan,0.0,nan,nan,nan,nan,0.00,nan,nan,nan,nan,nan
26-Mar-25 12:29:44 PM AEST,nan,97.5,nan,nan,nan,nan,125.20,nan,nan,nan,nan,nan
26-Mar-25 12:29:56 PM AEST,nan,nan,nan,0.20,nan,nan,nan,nan,nan,nan,nan,0.00
26-Mar-25 12:30:00 PM AEST,24.0,nan,nan,nan,nan,nan,nan,nan,nan,nan,nan,nan
26-Mar-25 12:32:10 PM AEST,nan,nan,nan,nan,nan,nan,97.50,nan,nan,nan,nan,nan
26-Mar-25 12:34:00 PM AEST,nan,nan,nan,nan,nan,nan,nan,12.52,nan,nan,nan,nan
26-Mar-25 12:34:36 PM AEST,nan,nan,nan,nan,nan,nan,112.30,nan,nan,nan,nan,nan
26-Mar-25 12:36:00 PM AEST,112.3,112.3,nan,0.00,72.20,65.53,nan,nan,0.00,0.00,0.00,nan
26-Mar-25 12:36:00 PM AEST,112.3,112.3,nan,51.10,72.20,65.53,nan,nan,0.00,0.00,0.00,nan
26-Mar-25 12:36:25 PM AEST,nan,nan,nan,nan,nan,nan,nan,1.48,nan,nan,nan,nan
26-Mar-25 12:36:25 PM AEST,nan,nan,nan,nan,nan,nan,nan,0.00,nan,nan,nan,nan
26-Mar-25 12:37:02 PM AEST,nan,nan,nan,nan,nan,nan,13.80,nan,nan,nan,nan,nan
26-Mar-25 12:38:00 PM AEST,nan,nan,23.6,nan,nan,nan,nan,nan,nan,nan,nan,51.10
26-Mar-25 12:38:00 PM AEST,nan,nan,0.9,nan,nan,nan,nan,nan,nan,nan,nan,51.10
26-Mar-25 12:38:26 PM AEST,nan,13.8,nan,nan,nan,nan,nan,nan,nan,nan,nan,nan
26-Mar-25 12:38:30 PM AEST,51.1,nan,nan,nan,8.30,0.08,nan,nan,nan,nan,23.60,nan
26-Mar-25 12:38:31 PM AEST,nan,nan,nan,nan,nan,nan,nan,nan,nan,23.60,nan,nan
26-Mar-25 12:38:35 PM AEST,nan,nan,nan,nan,nan,nan,nan,nan,23.60,nan,nan,nan
26-Mar-25 12:39:28 PM AEST,nan,nan,nan,nan,nan,nan,0.00,nan,nan,nan,nan,nan
26-Mar-25 12:40:00 PM AEST,nan,nan,nan,6552.80,nan,nan,nan,11.23,nan,nan,nan,nan
26-Mar-25 12:40:29 PM AEST,nan,nan,nan,nan,nan,nan,nan,nan,nan,nan,nan,6552.80
26-Mar-25 12:40:30 PM AEST,nan,nan,14.2,nan,nan,nan,nan,nan,nan,nan,nan,nan
26-Mar-25 12:40:52 PM AEST,nan,0.0,nan,nan,nan,nan,nan,nan,nan,nan,nan,nan
26-Mar-25 12:41:00 PM AEST,72.2,nan,nan,nan,84.70,0.14,nan,nan,nan,nan,84.70,nan
26-Mar-25 12:41:02 PM AEST,nan,nan,nan,nan,nan,nan,nan,nan,nan,84.70,nan,nan
26-Mar-25 12:41:10 PM AEST,nan,nan,nan,nan,nan,nan,nan,nan,317.80,nan,nan,nan
26-Mar-25 12:42:58 PM AEST,nan,nan,nan,nan,nan,nan,nan,nan,nan,nan,nan,1.00
26-Mar-25 12:43:00 PM AEST,nan,nan,93.3,nan,nan,nan,nan,nan,nan,nan,nan,nan
26-Mar-25 12:43:30 PM AEST,nan,nan,nan,nan,0.60,3.41,nan,nan,nan,nan,14.20,nan
26-Mar-25 12:48:00 PM AEST,24.0,97.5,8.3,0.20,23.60,0.24,125.20,0.00,1.00,1.00,23.60,0.00
26-Mar-25 12:48:00 PM AEST,72.2,0.0,8.3,72.20,23.60,0.24,0.00,11.23,1.00,1.00,23.60,72.20
26-Mar-25 12:50:25 PM AEST,nan,nan,nan,nan,nan,nan,nan,5.11,nan,nan,nan,nan
26-Mar-25 12:50:25 PM AEST,nan,nan,nan,nan,nan,nan,nan,0.00,nan,nan,nan,nan
26-Mar-25 12:50:26 PM AEST,nan,14.8,nan,nan,nan,nan,14.80,nan,nan,nan,nan,nan
26-Mar-25 12:50:26 PM AEST,nan,97.5,nan,nan,nan,nan,125.20,nan,nan,nan,nan,nan
26-Mar-25 12:50:29 PM AEST,nan,nan,nan,112.30,nan,nan,nan,nan,nan,nan,nan,112.30
26-Mar-25 12:50:29 PM AEST,nan,nan,nan,0.20,nan,nan,nan,nan,nan,nan,nan,0.00
26-Mar-25 12:50:30 PM AEST,112.3,nan,23.6,nan,72.20,65.53,nan,nan,nan,nan,0.00,nan
26-Mar-25 12:50:30 PM AEST,24.0,nan,23.6,nan,72.20,65.53,nan,nan,nan,nan,0.00,nan
26-Mar-25 12:50:31 PM AEST,nan,nan,nan,nan,nan,nan,nan,nan,nan,0.00,nan,nan
26-Mar-25 12:50:35 PM AEST,nan,nan,nan,nan,nan,nan,nan,nan,0.00,nan,nan,nan
26-Mar-25 12:52:50 PM AEST,nan,nan,nan,nan,nan,nan,nan,12.52,nan,nan,nan,nan
26-Mar-25 12:52:52 PM AEST,nan,nan,nan,nan,nan,nan,97.50,nan,nan,nan,nan,nan
26-Mar-25 12:52:58 PM AEST,nan,nan,nan,nan,nan,nan,nan,nan,nan,nan,nan,1.00
26-Mar-25 12:53:00 PM AEST,nan,nan,93.3,nan,0.60,3.41,nan,nan,nan,nan,14.20,nan
26-Mar-25 12:53:02 PM AEST,nan,nan,nan,nan,nan,nan,nan,nan,nan,84.70,nan,nan
26-Mar-25 12:53:10 PM AEST,nan,nan,nan,nan,nan,nan,nan,nan,317.80,nan,nan,nan
26-Mar-25 12:55:15 PM AEST,nan,nan,nan,nan,nan,nan,nan,11.23,nan,nan,nan,nan
26-Mar-25 12:55:18 PM AEST,nan,nan,nan,nan,nan,nan,0.00,nan,nan,nan,nan,nan
26-Mar-25 12:56:00 PM AEST,72.2,0.0,nan,6552.80,nan,nan,nan,nan,nan,nan,nan,nan
26-Mar-25 12:57:40 PM AEST,nan,nan,nan,nan,nan,nan,nan,0.00,nan,nan,nan,nan
26-Mar-25 12:57:44 PM AEST,nan,nan,nan,nan,nan,nan,125.20,nan,nan,nan,nan,nan
26-Mar-25 12:58:00 PM AEST,nan,nan,23.6,nan,72.20,65.53,nan,nan,0.00,0.00,0.00,0.00
26-Mar-25 12:58:00 PM AEST,nan,nan,93.3,nan,0.60,3.41,nan,nan,317.80,84.70,14.20,0.00
26-Mar-25 12:58:26 PM AEST,nan,97.5,nan,nan,nan,nan,nan,nan,nan,nan,nan,nan
26-Mar-25 12:58:26 PM AEST,nan,0.0,nan,nan,nan,nan,nan,nan,nan,nan,nan,nan
26-Mar-25 12:58:29 PM AEST,nan,nan,nan,0.20,nan,nan,nan,nan,nan,nan,nan,nan
26-Mar-25 12:58:29 PM AEST,nan,nan,nan,6552.80,nan,nan,nan,nan,nan,nan,nan,nan
26-Mar-25 12:58:30 PM AEST,24.0,nan,nan,nan,nan,nan,nan,nan,nan,nan,nan,nan
26-Mar-25 12:58:30 PM AEST,72.2,nan,nan,nan,nan,nan,nan,nan,nan,nan,nan,nan
26-Mar-25 1:00:10 PM AEST,nan,nan,nan,nan,nan,nan,0.00,nan,nan,nan,nan,nan
26-Mar-25 1:00:29 PM AEST,nan,nan,nan,nan,nan,nan,nan,nan,nan,nan,nan,1.00
26-Mar-25 1:00:30 PM AEST,nan,nan,98.2,nan,nan,nan,nan,nan,nan,nan,nan,nan
26-Mar-25 1:02:00 PM AEST,nan,nan,nan,nan,nan,nan,nan,11.23,nan,nan,nan,nan
26-Mar-25 1:03:00 PM AEST,nan,nan,93.3,nan,nan,nan,nan,nan,nan,nan,nan,nan
26-Mar-25 1:04:00 PM AEST,24.0,97.5,nan,0.20,nan,nan,97.50,nan,nan,nan,nan,nan
26-Mar-25 1:04:25 PM AEST,nan,nan,nan,nan,nan,nan,nan,12.52,nan,nan,nan,nan
26-Mar-25 1:06:00 PM AEST,nan,nan,nan,nan,72.20,65.53,nan,nan,0.00,0.00,0.00,0.00
26-Mar-25 1:06:26 PM AEST,nan,112.3,nan,nan,nan,nan,112.30,nan,nan,nan,nan,nan
26-Mar-25 1:06:29 PM AEST,nan,nan,nan,0.00,nan,nan,nan,nan,nan,nan,nan,nan
26-Mar-25 1:06:30 PM AEST,112.3,nan,nan,nan,nan,nan,nan,nan,nan,nan,nan,nan
26-Mar-25 1:06:50 PM AEST,nan,nan,nan,nan,nan,nan,nan,1.48,nan,nan,nan,nan
26-Mar-25 1:08:29 PM AEST,nan,nan,nan,nan,nan,nan,nan,nan,nan,nan,nan,1.00
26-Mar-25 1:08:30 PM AEST,nan,nan,nan,nan,0.60,3.41,nan,nan,nan,nan,14.20,nan
26-Mar-25 1:08:31 PM AEST,nan,nan,nan,nan,nan,nan,nan,nan,nan,84.70,nan,nan
26-Mar-25 1:08:35 PM AEST,nan,nan,nan,nan,nan,nan,nan,nan,317.80,nan,nan,nan
26-Mar-25 1:08:52 PM AEST,nan,0.0,nan,nan,nan,nan,0.00,nan,nan,nan,nan,nan
26-Mar-25 1:08:58 PM AEST,nan,nan,nan,6552.80,nan,nan,nan,nan,nan,nan,nan,nan
26-Mar-25 1:09:00 PM AEST,72.2,nan,nan,nan,nan,nan,nan,nan,nan,nan,nan,nan
26-Mar-25 1:09:15 PM AEST,nan,nan,nan,nan,nan,nan,nan,11.23,nan,nan,nan,nan
26-Mar-25 1:14:00 PM AEST,24.0,97.5,23.6,0.20,72.20,65.53,125.20,0.00,0.00,0.00,0.00,0.00
26-Mar-25 1:14:00 PM AEST,0.0,0.2,23.6,0.00,72.20,65.53,0.20,2.40,0.00,0.00,0.00,0.00
26-Mar-25 1:16:25 PM AEST,nan,nan,nan,nan,nan,nan,nan,11.23,nan,nan,nan,nan
26-Mar-25 1:16:26 PM AEST,nan,0.0,nan,nan,nan,nan,0.00,nan,nan,nan,nan,nan
26-Mar-25 1:16:30 PM AEST,nan,nan,nan,nan,6552.80,nan,nan,nan,nan,nan,6552.80,nan
26-Mar-25 1:16:31 PM AEST,nan,nan,nan,nan,nan,nan,nan,nan,nan,72.20,nan,nan
26-Mar-25 1:16:35 PM AEST,nan,nan,nan,nan,nan,nan,nan,nan,72.20,nan,nan,nan
26-Mar-25 1:18:50 PM AEST,nan,nan,nan,nan,nan,nan,nan,1.48,nan,nan,nan,nan
26-Mar-25 1:18:52 PM AEST,nan,112.3,nan,nan,nan,nan,112.30,nan,nan,nan,nan,nan
26-Mar-25 1:19:00 PM AEST,nan,nan,nan,nan,72.20,nan,nan,nan,nan,nan,0.00,nan
26-Mar-25 1:19:02 PM AEST,nan,nan,nan,nan,nan,nan,nan,nan,nan,0.00,nan,nan
26-Mar-25 1:19:10 PM AEST,nan,nan,nan,nan,nan,nan,nan,nan,0.00,nan,nan,nan
26-Mar-25 1:20:00 PM AEST,112.3,nan,nan,0.20,nan,nan,nan,nan,nan,nan,nan,nan
26-Mar-25 1:20:00 PM AEST,24.0,nan,nan,0.20,nan,nan,nan,nan,nan,nan,nan,nan
26-Mar-25 1:21:15 PM AEST,nan,nan,nan,nan,nan,nan,nan,0.00,nan,nan,nan,nan
26-Mar-25 1:21:18 PM AEST,nan,97.5,nan,nan,nan,nan,125.20,nan,nan,nan,nan,nan
26-Mar-25 1:21:30 PM AEST,nan,nan,nan,nan,0.60,nan,nan,nan,nan,nan,14.20,nan
26-Mar-25 1:21:33 PM AEST,nan,nan,nan,nan,nan,nan,nan,nan,nan,84.70,nan,nan
26-Mar-25 1:21:45 PM AEST,nan,nan,nan,nan,nan,nan,nan,nan,317.80,nan,nan,nan
26-Mar-25 1:22:00 PM AEST,nan,nan,93.3,nan,nan,3.41,nan,nan,nan,nan,nan,1.00
26-Mar-25 1:22:29 PM AEST,nan,nan,nan,6552.80,nan,nan,nan,nan,nan,nan,nan,nan
26-Mar-25 1:23:40 PM AEST,nan,nan,nan,nan,nan,nan,nan,11.23,nan,nan,nan,nan
26-Mar-25 1:23:44 PM AEST,nan,0.0,nan,nan,nan,nan,0.00,nan,nan,nan,nan,nan
26-Mar-25 1:24:00 PM AEST,72.2,nan,nan,nan,72.20,nan,nan,nan,nan,nan,0.00,nan
26-Mar-25 1:24:00 PM AEST,112.3,nan,nan,nan,72.20,nan,nan,nan,nan,nan,0.00,nan
26-Mar-25 1:24:04 PM AEST,nan,nan,nan,nan,nan,nan,nan,nan,nan,0.00,nan,nan
26-Mar-25 1:24:20 PM AEST,nan,nan,nan,nan,nan,nan,nan,nan,0.00,nan,nan,nan
26-Mar-25 1:24:29 PM AEST,nan,nan,nan,nan,nan,nan,nan,nan,nan,nan,nan,0.00
26-Mar-25 1:24:30 PM AEST,nan,nan,23.6,nan,nan,65.53,nan,nan,nan,nan,nan,nan
26-Mar-25 1:24:58 PM AEST,nan,nan,nan,0.00,nan,nan,nan,nan,nan,nan,nan,nan
26-Mar-25 1:26:05 PM AEST,nan,nan,nan,nan,nan,nan,nan,1.48,nan,nan,nan,nan
26-Mar-25 1:26:10 PM AEST,nan,112.3,nan,nan,nan,nan,112.30,nan,nan,nan,nan,nan
26-Mar-25 1:26:10 PM AEST,nan,51.1,nan,nan,nan,nan,51.10,nan,nan,nan,nan,nan
26-Mar-25 1:26:30 PM AEST,51.1,nan,nan,nan,nan,nan,nan,nan,nan,nan,nan,nan
26-Mar-25 1:26:58 PM AEST,nan,nan,nan,nan,nan,nan,nan,nan,nan,nan,nan,14.80
26-Mar-25 1:27:27 PM AEST,nan,nan,nan,14.80,nan,nan,nan,nan,nan,nan,nan,nan
26-Mar-25 1:27:27 PM AEST,nan,nan,nan,0.20,nan,nan,nan,nan,nan,nan,nan,nan
26-Mar-25 1:28:30 PM AEST,nan,nan,nan,nan,nan,nan,nan,1.38,nan,nan,nan,nan
26-Mar-25 1:28:30 PM AEST,nan,nan,nan,nan,nan,nan,nan,0.00,nan,nan,nan,nan
26-Mar-25 1:28:36 PM AEST,nan,97.5,nan,nan,nan,nan,125.20,nan,nan,nan,nan,nan
26-Mar-25 1:29:00 PM AEST,24.0,nan,nan,nan,nan,nan,nan,nan,nan,nan,nan,nan
26-Mar-25 1:29:27 PM AEST,nan,nan,nan,nan,nan,nan,nan,nan,nan,nan,nan,0.00
26-Mar-25 1:29:27 PM AEST,nan,nan,nan,nan,nan,nan,nan,nan,nan,nan,nan,1.00
26-Mar-25 1:29:56 PM AEST,nan,nan,nan,6552.80,nan,nan,nan,nan,nan,nan,nan,nan
26-Mar-25 1:30:00 PM AEST,nan,nan,93.3,nan,0.60,3.41,nan,nan,317.80,84.70,14.20,nan
26-Mar-25 1:30:55 PM AEST,nan,nan,nan,nan,nan,nan,nan,11.23,nan,nan,nan,nan
26-Mar-25 1:31:02 PM AEST,nan,0.0,nan,nan,nan,nan,0.00,nan,nan,nan,nan,nan
26-Mar-25 1:31:30 PM AEST,72.2,nan,nan,nan,nan,nan,nan,nan,nan,nan,nan,nan
26-Mar-25 1:32:25 PM AEST,nan,nan,nan,0.20,nan,nan,nan,nan,nan,nan,nan,nan
26-Mar-25 1:33:20 PM AEST,nan,nan,nan,nan,nan,nan,nan,12.52,nan,nan,nan,nan
26-Mar-25 1:33:28 PM AEST,nan,97.5,nan,nan,nan,nan,97.50,nan,nan,nan,nan,nan
26-Mar-25 1:34:00 PM AEST,24.0,nan,nan,nan,nan,nan,nan,nan,nan,nan,nan,nan
26-Mar-25 1:35:45 PM AEST,nan,nan,nan,nan,nan,nan,nan,0.00,nan,nan,nan,nan
26-Mar-25 1:35:54 PM AEST,nan,nan,nan,nan,nan,nan,125.20,nan,nan,nan,nan,nan
26-Mar-25 1:36:00 PM AEST,nan,nan,nan,nan,72.20,65.53,nan,nan,0.00,0.00,0.00,0.00
26-Mar-25 1:36:00 PM AEST,nan,nan,nan,nan,0.60,3.41,nan,nan,317.80,84.70,14.20,0.00
26-Mar-25 1:38:00 PM AEST,72.2,0.0,14.2,6552.80,nan,nan,nan,nan,nan,nan,nan,nan
26-Mar-25 1:38:10 PM AEST,nan,nan,nan,nan,nan,nan,nan,11.23,nan,nan,nan,nan
26-Mar-25 1:38:20 PM AEST,nan,nan,nan,nan,nan,nan,0.00,nan,nan,nan,nan,nan
26-Mar-25 1:38:29 PM AEST,nan,nan,nan,nan,nan,nan,nan,nan,nan,nan,nan,1.00
26-Mar-25 1:38:30 PM AEST,nan,nan,nan,nan,84.70,0.85,nan,nan,nan,nan,317.80,nan
26-Mar-25 1:38:30 PM AEST,nan,nan,nan,nan,8.30,0.08,nan,nan,nan,nan,23.60,nan
26-Mar-25 1:38:31 PM AEST,nan,nan,nan,nan,nan,nan,nan,nan,nan,317.80,nan,nan
26-Mar-25 1:38:31 PM AEST,nan,nan,nan,nan,nan,nan,nan,nan,nan,23.60,nan,nan
26-Mar-25 1:38:35 PM AEST,nan,nan,nan,nan,nan,nan,nan,nan,23.60,nan,nan,nan
26-Mar-25 1:40:30 PM AEST,nan,nan,0.9,nan,nan,nan,nan,nan,nan,nan,nan,nan
26-Mar-25 1:40:58 PM AEST,nan,nan,nan,nan,nan,nan,nan,nan,nan,nan,nan,6552.80
26-Mar-25 1:41:00 PM AEST,nan,nan,nan,nan,0.60,3.41,nan,nan,nan,nan,14.20,nan
26-Mar-25 1:41:02 PM AEST,nan,nan,nan,nan,nan,nan,nan,nan,nan,84.70,nan,nan
26-Mar-25 1:41:10 PM AEST,nan,nan,nan,nan,nan,nan,nan,nan,317.80,nan,nan,nan
26-Mar-25 1:43:00 PM AEST,nan,nan,341.4,nan,nan,nan,nan,nan,nan,nan,nan,nan
26-Mar-25 1:43:27 PM AEST,nan,nan,nan,nan,nan,nan,nan,nan,nan,nan,nan,1.00
26-Mar-25 1:45:30 PM AEST,nan,nan,93.3,nan,nan,nan,nan,nan,nan,nan,nan,nan
26-Mar-25 1:46:00 PM AEST,nan,nan,nan,nan,nan,nan,125.20,0.00,nan,nan,nan,nan
26-Mar-25 1:48:25 PM AEST,nan,nan,nan,nan,nan,nan,nan,11.23,nan,nan,nan,nan
26-Mar-25 1:48:25 PM AEST,nan,nan,nan,nan,nan,nan,nan,0.00,nan,nan,nan,nan
26-Mar-25 1:48:26 PM AEST,nan,nan,nan,nan,nan,nan,0.00,nan,nan,nan,nan,nan
26-Mar-25 1:48:26 PM AEST,nan,nan,nan,nan,nan,nan,125.20,nan,nan,nan,nan,nan
26-Mar-25 1:50:00 PM AEST,24.0,97.5,23.6,0.20,72.20,65.53,nan,nan,0.00,0.00,0.00,0.00
26-Mar-25 1:50:00 PM AEST,24.0,97.5,93.3,6552.80,0.60,3.41,nan,nan,317.80,84.70,14.20,1.00
26-Mar-25 1:50:50 PM AEST,nan,nan,nan,nan,nan,nan,nan,11.23,nan,nan,nan,nan
26-Mar-25 1:50:52 PM AEST,nan,nan,nan,nan,nan,nan,0.00,nan,nan,nan,nan,nan
26-Mar-25 1:52:26 PM AEST,nan,0.0,nan,nan,nan,nan,nan,nan,nan,nan,nan,nan
26-Mar-25 1:52:30 PM AEST,72.2,nan,84.7,nan,317.80,3.18,nan,nan,nan,nan,317.80,nan
26-Mar-25 1:52:31 PM AEST,nan,nan,nan,nan,nan,nan,nan,nan,nan,1.40,nan,nan
26-Mar-25 1:52:35 PM AEST,nan,nan,nan,nan,nan,nan,nan,nan,1.40,nan,nan,nan
26-Mar-25 1:55:00 PM AEST,51.1,nan,93.3,nan,0.60,3.41,nan,nan,nan,nan,14.20,nan
26-Mar-25 1:55:00 PM AEST,51.1,nan,23.6,nan,72.20,65.53,nan,nan,nan,nan,0.00,nan
26-Mar-25 1:55:02 PM AEST,nan,nan,nan,nan,nan,nan,nan,nan,nan,84.70,nan,nan
26-Mar-25 1:55:02 PM AEST,nan,nan,nan,nan,nan,nan,nan,nan,nan,0.00,nan,nan
26-Mar-25 1:55:10 PM AEST,nan,nan,nan,nan,nan,nan,nan,nan,317.80,nan,nan,nan
26-Mar-25 1:55:10 PM AEST,nan,nan,nan,nan,nan,nan,nan,nan,0.00,nan,nan,nan
26-Mar-25 1:56:00 PM AEST,nan,51.1,nan,14.80,nan,nan,51.10,1.38,nan,nan,nan,14.80
26-Mar-25 1:57:30 PM AEST,nan,nan,93.3,nan,0.60,3.41,nan,nan,nan,nan,14.20,nan
26-Mar-25 1:57:33 PM AEST,nan,nan,nan,nan,nan,nan,nan,nan,nan,84.70,nan,nan
26-Mar-25 1:57:45 PM AEST,nan,nan,nan,nan,nan,nan,nan,nan,317.80,nan,nan,nan
26-Mar-25 1:58:25 PM AEST,nan,nan,nan,nan,nan,nan,nan,11.23,nan,nan,nan,nan
26-Mar-25 1:58:26 PM AEST,nan,0.0,nan,nan,nan,nan,0.00,nan,nan,nan,nan,nan
26-Mar-25 1:58:29 PM AEST,nan,nan,nan,6552.80,nan,nan,nan,nan,nan,nan,nan,1.00
26-Mar-25 2:00:00 PM AEST,72.2,nan,23.6,nan,72.20,65.53,nan,nan,nan,nan,0.00,nan
26-Mar-25 2:00:00 PM AEST,24.0,nan,23.6,nan,72.20,65.53,nan,nan,nan,nan,0.00,nan
26-Mar-25 2:00:00 PM AEST,51.1,nan,23.6,nan,72.20,65.53,nan,nan,nan,nan,0.00,nan
26-Mar-25 2:00:04 PM AEST,nan,nan,nan,nan,nan,nan,nan,nan,nan,0.00,nan,nan
26-Mar-25 2:00:20 PM AEST,nan,nan,nan,nan,nan,nan,nan,nan,0.00,nan,nan,nan
26-Mar-25 2:00:50 PM AEST,nan,nan,nan,nan,nan,nan,nan,0.00,nan,nan,nan,nan
26-Mar-25 2:00:50 PM AEST,nan,nan,nan,nan,nan,nan,nan,1.38,nan,nan,nan,nan
26-Mar-25 2:00:52 PM AEST,nan,97.5,nan,nan,nan,nan,125.20,nan,nan,nan,nan,nan
26-Mar-25 2:00:52 PM AEST,nan,51.1,nan,nan,nan,nan,51.10,nan,nan,nan,nan,nan
26-Mar-25 2:00:58 PM AEST,nan,nan,nan,0.20,nan,nan,nan,nan,nan,nan,nan,0.00
26-Mar-25 2:00:58 PM AEST,nan,nan,nan,14.80,nan,nan,nan,nan,nan,nan,nan,14.80
26-Mar-25 2:02:30 PM AEST,72.2,nan,93.3,nan,0.60,3.41,nan,nan,nan,nan,14.20,nan
26-Mar-25 2:02:35 PM AEST,nan,nan,nan,nan,nan,nan,nan,nan,nan,84.70,nan,nan
26-Mar-25 2:02:55 PM AEST,nan,nan,nan,nan,nan,nan,nan,nan,317.80,nan,nan,nan
26-Mar-25 2:03:15 PM AEST,nan,nan,nan,nan,nan,nan,nan,11.23,nan,nan,nan,nan
26-Mar-25 2:03:18 PM AEST,nan,0.0,nan,nan,nan,nan,0.00,nan,nan,nan,nan,nan
26-Mar-25 2:03:27 PM AEST,nan,nan,nan,6552.80,nan,nan,nan,nan,nan,nan,nan,1.00
26-Mar-25 2:05:00 PM AEST,nan,nan,341.4,nan,nan,nan,nan,nan,nan,nan,nan,nan
26-Mar-25 2:07:30 PM AEST,nan,nan,93.3,nan,nan,nan,nan,nan,nan,nan,nan,nan
26-Mar-25 2:08:00 PM AEST,nan,97.5,nan,nan,nan,nan,125.20,0.00,nan,nan,nan,nan
26-Mar-25 2:10:00 PM AEST,nan,nan,98.2,nan,nan,nan,nan,nan,nan,nan,nan,nan
26-Mar-25 2:10:25 PM AEST,nan,nan,nan,nan,nan,nan,nan,11.23,nan,nan,nan,nan
26-Mar-25 2:10:26 PM AEST,nan,0.0,nan,nan,nan,nan,0.00,nan,nan,nan,nan,nan
26-Mar-25 2:12:30 PM AEST,nan,nan,93.3,nan,nan,nan,nan,nan,nan,nan,nan,nan
26-Mar-25 2:12:50 PM AEST,nan,nan,nan,nan,nan,nan,nan,0.00,nan,nan,nan,nan
26-Mar-25 2:12:52 PM AEST,nan,97.5,nan,nan,nan,nan,125.20,nan,nan,nan,nan,nan
26-Mar-25 2:14:00 PM AEST,51.1,nan,nan,14.80,nan,nan,nan,nan,0.00,0.00,nan,14.80
26-Mar-25 2:15:15 PM AEST,nan,nan,nan,nan,nan,nan,nan,1.38,nan,nan,nan,nan
26-Mar-25 2:15:18 PM AEST,nan,51.1,nan,nan,nan,nan,51.10,nan,nan,nan,nan,nan
26-Mar-25 2:16:29 PM AEST,nan,nan,nan,6552.80,nan,nan,nan,nan,nan,nan,nan,1.00
26-Mar-25 2:16:30 PM AEST,72.2,nan,nan,nan,nan,nan,nan,nan,nan,nan,nan,nan
26-Mar-25 2:16:31 PM AEST,nan,nan,nan,nan,nan,nan,nan,nan,nan,84.70,nan,nan
26-Mar-25 2:16:35 PM AEST,nan,nan,nan,nan,nan,nan,nan,nan,317.80,nan,nan,nan
26-Mar-25 2:17:40 PM AEST,nan,nan,nan,nan,nan,nan,nan,11.23,nan,nan,nan,nan
26-Mar-25 2:17:44 PM AEST,nan,0.0,nan,nan,nan,nan,0.00,nan,nan,nan,nan,nan
26-Mar-25 2:20:00 PM AEST,nan,nan,341.4,nan,nan,0.01,nan,nan,nan,nan,nan,nan
26-Mar-25 2:22:00 PM AEST,nan,nan,nan,nan,nan,nan,nan,0.00,nan,nan,nan,nan
26-Mar-25 2:22:30 PM AEST,nan,nan,93.3,nan,nan,3.41,nan,nan,nan,nan,nan,nan
26-Mar-25 2:22:30 PM AEST,nan,nan,98.2,nan,nan,3.41,nan,nan,nan,nan,nan,nan
26-Mar-25 2:24:25 PM AEST,nan,nan,nan,nan,nan,nan,nan,11.23,nan,nan,nan,nan
26-Mar-25 2:25:00 PM AEST,nan,nan,93.3,nan,nan,nan,nan,nan,nan,nan,nan,nan
26-Mar-25 2:26:00 PM AEST,24.0,97.5,nan,0.20,nan,nan,125.20,nan,nan,nan,nan,nan
26-Mar-25 2:26:50 PM AEST,nan,nan,nan,nan,nan,nan,nan,0.00,nan,nan,nan,nan
26-Mar-25 2:26:50 PM AEST,nan,nan,nan,nan,nan,nan,nan,11.23,nan,nan,nan,nan
26-Mar-25 2:27:30 PM AEST,nan,nan,23.6,nan,nan,nan,nan,nan,nan,nan,nan,nan
26-Mar-25 2:28:00 PM AEST,nan,nan,nan,nan,1.00,0.01,nan,nan,6552.80,6552.80,6552.80,0.00
26-Mar-25 2:28:26 PM AEST,nan,0.0,nan,nan,nan,nan,0.00,nan,nan,nan,nan,nan
26-Mar-25 2:28:29 PM AEST,nan,nan,nan,0.00,nan,nan,nan,nan,nan,nan,nan,nan
26-Mar-25 2:28:30 PM AEST,0.0,nan,nan,nan,nan,nan,nan,nan,nan,nan,nan,nan
26-Mar-25 2:30:00 PM AEST,nan,nan,93.3,nan,nan,nan,nan,nan,nan,nan,nan,nan
26-Mar-25 2:30:00 PM AEST,nan,nan,23.6,nan,nan,nan,nan,nan,nan,nan,nan,nan
26-Mar-25 2:30:29 PM AEST,nan,nan,nan,nan,nan,nan,nan,nan,nan,nan,nan,1.00
26-Mar-25 2:30:29 PM AEST,nan,nan,nan,nan,nan,nan,nan,nan,nan,nan,nan,0.00
26-Mar-25 2:30:30 PM AEST,nan,nan,nan,nan,0.60,3.41,nan,nan,nan,nan,14.20,nan
26-Mar-25 2:30:30 PM AEST,nan,nan,nan,nan,72.20,65.53,nan,nan,nan,nan,0.00,nan
26-Mar-25 2:30:31 PM AEST,nan,nan,nan,nan,nan,nan,nan,nan,nan,84.70,nan,nan
26-Mar-25 2:30:31 PM AEST,nan,nan,nan,nan,nan,nan,nan,nan,nan,0.00,nan,nan
26-Mar-25 2:30:35 PM AEST,nan,nan,nan,nan,nan,nan,nan,nan,317.80,nan,nan,nan
26-Mar-25 2:30:35 PM AEST,nan,nan,nan,nan,nan,nan,nan,nan,0.00,nan,nan,nan
26-Mar-25 2:30:52 PM AEST,nan,0.2,nan,nan,nan,nan,0.20,nan,nan,nan,nan,nan
26-Mar-25 2:30:58 PM AEST,nan,nan,nan,6552.80,nan,nan,nan,nan,nan,nan,nan,nan
26-Mar-25 2:30:58 PM AEST,nan,nan,nan,0.00,nan,nan,nan,nan,nan,nan,nan,nan
26-Mar-25 2:31:00 PM AEST,72.2,nan,nan,nan,nan,nan,nan,nan,nan,nan,nan,nan
26-Mar-25 2:31:00 PM AEST,0.0,nan,nan,nan,nan,nan,nan,nan,nan,nan,nan,nan
26-Mar-25 2:32:00 PM AEST,nan,nan,nan,nan,nan,nan,nan,2.40,nan,nan,nan,nan
26-Mar-25 2:33:00 PM AEST,nan,nan,nan,nan,nan,nan,nan,nan,nan,nan,72.20,nan
26-Mar-25 2:33:02 PM AEST,nan,nan,nan,nan,nan,nan,nan,nan,nan,72.20,nan,nan
26-Mar-25 2:33:18 PM AEST,nan,0.0,nan,nan,nan,nan,112.30,nan,nan,nan,nan,nan
26-Mar-25 2:34:25 PM AEST,nan,nan,nan,nan,nan,nan,nan,11.23,nan,nan,nan,nan
26-Mar-25 2:35:30 PM AEST,nan,nan,nan,nan,nan,nan,nan,nan,nan,nan,14.20,nan
26-Mar-25 2:35:33 PM AEST,nan,nan,nan,nan,nan,nan,nan,nan,nan,84.70,nan,nan
26-Mar-25 2:35:44 PM AEST,nan,nan,nan,nan,nan,nan,0.00,nan,nan,nan,nan,nan
26-Mar-25 2:36:00 PM AEST,72.2,nan,93.3,6552.80,0.60,3.41,nan,nan,317.80,nan,nan,1.00
26-Mar-25 2:40:00 PM AEST,nan,nan,nan,nan,nan,nan,nan,0.00,nan,nan,nan,nan
26-Mar-25 2:42:00 PM AEST,13.8,13.8,nan,13.80,nan,nan,nan,nan,0.00,nan,nan,51.10
26-Mar-25 2:44:00 PM AEST,nan,nan,nan,nan,nan,nan,nan,11.23,nan,nan,nan,nan
26-Mar-25 2:44:26 PM AEST,nan,0.0,nan,nan,nan,nan,nan,nan,nan,nan,nan,nan
26-Mar-25 2:44:29 PM AEST,nan,nan,nan,6552.80,nan,nan,nan,nan,nan,nan,nan,1.00
26-Mar-25 2:44:30 PM AEST,72.2,nan,nan,nan,nan,nan,nan,nan,nan,nan,nan,nan
26-Mar-25 2:44:35 PM AEST,nan,nan,nan,nan,nan,nan,nan,nan,317.80,nan,nan,nan
26-Mar-25 2:46:00 PM AEST,nan,nan,98.2,nan,nan,nan,nan,nan,nan,nan,nan,nan
26-Mar-25 2:48:30 PM AEST,nan,nan,93.3,nan,nan,nan,nan,nan,nan,nan,nan,nan
26-Mar-25 2:50:00 PM AEST,nan,nan,nan,nan,nan,nan,nan,0.00,nan,nan,nan,nan
26-Mar-25 2:50:00 PM AEST,nan,nan,nan,nan,nan,nan,nan,11.23,nan,nan,nan,nan
26-Mar-25 2:51:00 PM AEST,nan,nan,98.2,nan,nan,nan,nan,nan,nan,nan,nan,nan
26-Mar-25 2:52:25 PM AEST,nan,nan,nan,nan,nan,nan,nan,0.00,nan,nan,nan,nan
26-Mar-25 2:53:30 PM AEST,nan,nan,93.3,nan,nan,nan,nan,nan,nan,nan,nan,nan
26-Mar-25 2:53:30 PM AEST,nan,nan,23.6,nan,nan,nan,nan,nan,nan,nan,nan,nan
26-Mar-25 2:54:00 PM AEST,24.0,97.5,nan,0.00,1.00,0.24,125.20,nan,6552.80,1.00,1.00,72.20
26-Mar-25 2:54:00 PM AEST,0.0,0.0,nan,0.00,1.00,0.24,0.00,nan,6552.80,1.00,1.00,72.20
26-Mar-25 2:54:50 PM AEST,nan,nan,nan,nan,nan,nan,nan,11.23,nan,nan,nan,nan
26-Mar-25 2:56:00 PM AEST,nan,nan,93.3,nan,nan,nan,nan,nan,nan,nan,nan,nan
26-Mar-25 2:56:29 PM AEST,nan,nan,nan,6552.80,nan,nan,nan,nan,nan,nan,nan,1.00
26-Mar-25 2:56:29 PM AEST,nan,nan,nan,6552.80,nan,nan,nan,nan,nan,nan,nan,0.00
26-Mar-25 2:56:30 PM AEST,72.2,nan,nan,nan,0.60,3.41,nan,nan,nan,nan,14.20,nan
26-Mar-25 2:56:30 PM AEST,72.2,nan,nan,nan,72.20,65.53,nan,nan,nan,nan,0.00,nan
26-Mar-25 2:56:31 PM AEST,nan,nan,nan,nan,nan,nan,nan,nan,nan,84.70,nan,nan
26-Mar-25 2:56:31 PM AEST,nan,nan,nan,nan,nan,nan,nan,nan,nan,0.00,nan,nan
26-Mar-25 2:56:35 PM AEST,nan,nan,nan,nan,nan,nan,nan,nan,317.80,nan,nan,nan
26-Mar-25 2:56:35 PM AEST,nan,nan,nan,nan,nan,nan,nan,nan,0.00,nan,nan,nan
26-Mar-25 2:57:15 PM AEST,nan,nan,nan,nan,nan,nan,nan,2.40,nan,nan,nan,nan
26-Mar-25 2:58:00 PM AEST,nan,0.2,nan,nan,nan,nan,0.20,nan,nan,nan,nan,nan
26-Mar-25 2:58:30 PM AEST,nan,nan,23.6,nan,nan,nan,nan,nan,nan,nan,nan,nan
26-Mar-25 2:58:58 PM AEST,nan,nan,nan,0.00,nan,nan,nan,nan,nan,nan,nan,nan
26-Mar-25 2:59:00 PM AEST,0.0,nan,nan,nan,nan,nan,nan,nan,nan,nan,72.20,nan
26-Mar-25 2:59:02 PM AEST,nan,nan,nan,nan,nan,nan,nan,nan,nan,72.20,nan,nan
26-Mar-25 2:59:40 PM AEST,nan,nan,nan,nan,nan,nan,nan,11.23,nan,nan,nan,nan
26-Mar-25 3:00:26 PM AEST,nan,0.0,nan,nan,nan,nan,112.30,nan,nan,nan,nan,nan
26-Mar-25 3:01:30 PM AEST,nan,nan,nan,nan,nan,nan,nan,nan,nan,nan,14.20,nan
26-Mar-25 3:01:33 PM AEST,nan,nan,nan,nan,nan,nan,nan,nan,nan,84.70,nan,nan
26-Mar-25 3:02:00 PM AEST,nan,nan,93.3,nan,0.60,3.41,nan,nan,317.80,nan,nan,nan
26-Mar-25 3:02:52 PM AEST,nan,97.5,nan,nan,nan,nan,0.00,nan,nan,nan,nan,nan
26-Mar-25 3:02:52 PM AEST,nan,97.5,nan,nan,nan,nan,97.50,nan,nan,nan,nan,nan
26-Mar-25 3:04:00 PM AEST,72.2,nan,nan,6552.80,nan,nan,nan,12.52,nan,nan,0.00,1.00
26-Mar-25 3:04:00 PM AEST,24.0,nan,nan,0.20,nan,nan,nan,12.52,nan,nan,0.00,0.00
26-Mar-25 3:04:04 PM AEST,nan,nan,nan,nan,nan,nan,nan,nan,nan,0.00,nan,nan
26-Mar-25 3:04:30 PM AEST,nan,nan,23.6,nan,72.20,65.53,nan,nan,nan,nan,nan,nan
26-Mar-25 3:04:35 PM AEST,nan,nan,nan,nan,nan,nan,nan,nan,0.00,nan,nan,nan
26-Mar-25 3:05:18 PM AEST,nan,14.8,nan,nan,nan,nan,nan,nan,nan,nan,nan,nan
26-Mar-25 3:06:00 PM AEST,nan,nan,nan,nan,nan,nan,14.80,nan,nan,nan,nan,nan
26-Mar-25 3:06:25 PM AEST,nan,nan,nan,nan,nan,nan,nan,5.11,nan,nan,nan,nan
26-Mar-25 3:06:29 PM AEST,nan,nan,nan,112.30,nan,nan,nan,nan,nan,nan,nan,112.30
26-Mar-25 3:06:30 PM AEST,112.3,nan,nan,nan,nan,nan,nan,nan,nan,nan,nan,nan
26-Mar-25 3:07:00 PM AEST,nan,nan,93.3,nan,nan,nan,nan,nan,nan,nan,nan,nan
26-Mar-25 3:08:00 PM AEST,nan,nan,nan,nan,0.60,3.41,nan,nan,317.80,84.70,14.20,nan
26-Mar-25 3:08:26 PM AEST,nan,nan,nan,nan,nan,nan,0.00,nan,nan,nan,nan,nan
26-Mar-25 3:08:50 PM AEST,nan,nan,nan,nan,nan,nan,nan,11.23,nan,nan,nan,nan
26-Mar-25 3:08:58 PM AEST,nan,nan,nan,6552.80,nan,nan,nan,nan,nan,nan,nan,1.00
26-Mar-25 3:09:00 PM AEST,72.2,nan,nan,nan,nan,nan,nan,nan,nan,nan,nan,nan
26-Mar-25 3:10:00 PM AEST,nan,0.0,nan,nan,nan,nan,nan,nan,nan,nan,nan,nan
26-Mar-25 3:11:27 PM AEST,nan,nan,nan,13.80,nan,nan,nan,nan,nan,nan,nan,51.10
26-Mar-25 3:11:30 PM AEST,13.8,nan,nan,nan,nan,nan,nan,nan,nan,nan,nan,nan
26-Mar-25 3:12:00 PM AEST,nan,nan,23.6,nan,72.20,65.53,nan,0.00,0.00,0.00,0.00,nan
26-Mar-25 3:12:26 PM AEST,nan,13.8,nan,nan,nan,nan,nan,nan,nan,nan,nan,nan
26-Mar-25 3:13:56 PM AEST,nan,nan,nan,6552.80,nan,nan,nan,nan,nan,nan,nan,1.00
26-Mar-25 3:14:00 PM AEST,72.2,nan,nan,nan,nan,nan,nan,nan,nan,nan,nan,nan
26-Mar-25 3:14:25 PM AEST,nan,nan,nan,nan,nan,nan,nan,11.23,nan,nan,nan,nan
26-Mar-25 3:14:30 PM AEST,nan,nan,93.3,nan,0.60,3.41,nan,nan,nan,nan,14.20,nan
26-Mar-25 3:14:31 PM AEST,nan,nan,nan,nan,nan,nan,nan,nan,nan,84.70,nan,nan
26-Mar-25 3:14:35 PM AEST,nan,nan,nan,nan,nan,nan,nan,nan,317.80,nan,nan,nan
26-Mar-25 3:14:52 PM AEST,nan,0.0,nan,nan,nan,nan,nan,nan,nan,nan,nan,nan
26-Mar-25 3:17:00 PM AEST,nan,nan,341.4,nan,nan,0.01,nan,nan,nan,nan,nan,nan
26-Mar-25 3:19:30 PM AEST,nan,nan,93.3,nan,nan,3.41,nan,nan,nan,nan,nan,nan
26-Mar-25 3:20:00 PM AEST,nan,nan,nan,nan,nan,nan,125.20,0.00,nan,nan,nan,nan
26-Mar-25 3:22:25 PM AEST,nan,nan,nan,nan,nan,nan,nan,11.23,nan,nan,nan,nan
26-Mar-25 3:22:26 PM AEST,nan,nan,nan,nan,nan,nan,0.00,nan,nan,nan,nan,nan
26-Mar-25 3:24:00 PM AEST,nan,nan,23.6,nan,1.00,0.01,nan,nan,6552.80,6552.80,6552.80,nan
26-Mar-25 3:26:00 PM AEST,0.0,nan,nan,0.00,nan,nan,nan,nan,nan,nan,nan,0.00
26-Mar-25 3:26:30 PM AEST,nan,nan,14.2,nan,84.70,0.14,nan,nan,nan,nan,84.70,nan
26-Mar-25 3:26:31 PM AEST,nan,nan,nan,nan,nan,nan,nan,nan,nan,84.70,nan,nan
26-Mar-25 3:26:35 PM AEST,nan,nan,nan,nan,nan,nan,nan,nan,317.80,nan,nan,nan
26-Mar-25 3:28:29 PM AEST,nan,nan,nan,6552.80,nan,nan,nan,nan,nan,nan,nan,1.00
26-Mar-25 3:28:30 PM AEST,72.2,nan,nan,nan,nan,nan,nan,nan,nan,nan,nan,nan
26-Mar-25 3:29:00 PM AEST,nan,nan,317.8,nan,1.40,0.01,nan,nan,nan,nan,0.90,nan
26-Mar-25 3:29:02 PM AEST,nan,nan,nan,nan,nan,nan,nan,nan,nan,0.90,nan,nan
26-Mar-25 3:29:10 PM AEST,nan,nan,nan,nan,nan,nan,nan,nan,0.90,nan,nan,nan
26-Mar-25 3:31:30 PM AEST,nan,nan,93.3,nan,nan,nan,nan,nan,nan,nan,nan,nan
26-Mar-25 3:31:45 PM AEST,nan,nan,nan,nan,nan,nan,nan,nan,317.80,nan,nan,nan
26-Mar-25 3:34:00 PM AEST,0.0,0.2,23.6,0.00,0.60,3.41,0.20,2.40,nan,84.70,14.20,0.00
26-Mar-25 3:34:00 PM AEST,24.0,97.5,23.6,0.20,72.20,65.53,0.20,2.40,nan,0.00,0.00,0.00
26-Mar-25 3:34:20 PM AEST,nan,nan,nan,nan,nan,nan,nan,nan,0.00,nan,nan,nan
26-Mar-25 3:36:25 PM AEST,nan,nan,nan,nan,nan,nan,nan,12.52,nan,nan,nan,nan
26-Mar-25 3:36:26 PM AEST,nan,nan,nan,nan,nan,nan,125.20,nan,nan,nan,nan,nan
26-Mar-25 3:36:29 PM AEST,nan,nan,nan,14.80,nan,nan,nan,nan,nan,nan,nan,112.30
26-Mar-25 3:36:30 PM AEST,14.8,nan,93.3,nan,nan,3.41,nan,nan,nan,nan,nan,nan
26-Mar-25 3:38:00 PM AEST,nan,14.8,nan,nan,nan,nan,nan,nan,nan,nan,nan,nan
26-Mar-25 3:38:50 PM AEST,nan,nan,nan,nan,nan,nan,nan,5.11,nan,nan,nan,nan
26-Mar-25 3:38:52 PM AEST,nan,nan,nan,nan,nan,nan,51.10,nan,nan,nan,nan,nan
26-Mar-25 3:38:58 PM AEST,nan,nan,nan,6552.80,nan,nan,nan,nan,nan,nan,nan,6552.80
26-Mar-25 3:39:00 PM AEST,72.2,nan,0.9,nan,nan,0.08,nan,nan,nan,nan,nan,nan
26-Mar-25 3:40:00 PM AEST,nan,nan,nan,nan,8.30,nan,nan,nan,23.60,23.60,23.60,nan
26-Mar-25 3:40:26 PM AEST,nan,0.0,nan,nan,nan,nan,nan,nan,nan,nan,nan,nan
26-Mar-25 3:41:15 PM AEST,nan,nan,nan,nan,nan,nan,nan,11.23,nan,nan,nan,nan
26-Mar-25 3:41:15 PM AEST,nan,nan,nan,nan,nan,nan,nan,5.11,nan,nan,nan,nan
26-Mar-25 3:41:18 PM AEST,nan,nan,nan,nan,nan,nan,0.00,nan,nan,nan,nan,nan
26-Mar-25 3:41:18 PM AEST,nan,nan,nan,nan,nan,nan,14.80,nan,nan,nan,nan,nan
26-Mar-25 3:41:27 PM AEST,nan,nan,nan,112.30,nan,nan,nan,nan,nan,nan,nan,112.30
26-Mar-25 3:41:30 PM AEST,112.3,nan,23.6,nan,nan,65.53,nan,nan,nan,nan,nan,nan
26-Mar-25 3:42:30 PM AEST,nan,nan,nan,nan,72.20,nan,nan,nan,nan,nan,0.00,nan
26-Mar-25 3:42:31 PM AEST,nan,nan,nan,nan,nan,nan,nan,nan,nan,0.00,nan,nan
26-Mar-25 3:42:35 PM AEST,nan,nan,nan,nan,nan,nan,nan,nan,0.00,nan,nan,nan
26-Mar-25 3:42:52 PM AEST,nan,14.8,nan,nan,nan,nan,nan,nan,nan,nan,nan,nan
26-Mar-25 3:42:52 PM AEST,nan,97.5,nan,nan,nan,nan,nan,nan,nan,nan,nan,nan
26-Mar-25 3:43:40 PM AEST,nan,nan,nan,nan,nan,nan,nan,0.00,nan,nan,nan,nan
26-Mar-25 3:43:44 PM AEST,nan,nan,nan,nan,nan,nan,125.20,nan,nan,nan,nan,nan
26-Mar-25 3:43:56 PM AEST,nan,nan,nan,0.20,nan,nan,nan,nan,nan,nan,nan,0.00
26-Mar-25 3:44:00 PM AEST,24.0,nan,93.3,nan,nan,nan,nan,nan,nan,nan,nan,nan
26-Mar-25 3:45:00 PM AEST,nan,nan,nan,nan,0.60,nan,nan,nan,nan,nan,14.20,nan
26-Mar-25 3:45:02 PM AEST,nan,nan,nan,nan,nan,nan,nan,nan,nan,84.70,nan,nan
26-Mar-25 3:45:10 PM AEST,nan,nan,nan,nan,nan,nan,nan,nan,317.80,nan,nan,nan
26-Mar-25 3:45:18 PM AEST,nan,0.0,nan,nan,nan,nan,nan,nan,nan,nan,nan,nan
26-Mar-25 3:46:00 PM AEST,nan,nan,nan,nan,nan,3.41,nan,nan,nan,nan,nan,nan
26-Mar-25 3:46:05 PM AEST,nan,nan,nan,nan,nan,nan,nan,11.23,nan,nan,nan,nan
26-Mar-25 3:46:10 PM AEST,nan,nan,nan,nan,nan,nan,0.00,nan,nan,nan,nan,nan
26-Mar-25 3:46:25 PM AEST,nan,nan,nan,6552.80,nan,nan,nan,nan,nan,nan,nan,1.00
26-Mar-25 3:46:30 PM AEST,72.2,nan,0.9,nan,nan,nan,nan,nan,nan,nan,nan,nan
26-Mar-25 3:47:30 PM AEST,nan,nan,nan,nan,8.30,nan,nan,nan,nan,nan,23.60,nan
26-Mar-25 3:47:33 PM AEST,nan,nan,nan,nan,nan,nan,nan,nan,nan,23.60,nan,nan
26-Mar-25 3:47:45 PM AEST,nan,nan,nan,nan,nan,nan,nan,nan,23.60,nan,nan,nan
26-Mar-25 3:48:30 PM AEST,nan,nan,nan,nan,nan,0.08,nan,nan,nan,nan,nan,nan
26-Mar-25 3:48:54 PM AEST,nan,nan,nan,nan,nan,nan,nan,nan,nan,nan,nan,6552.80
26-Mar-25 3:50:00 PM AEST,nan,nan,341.4,nan,0.60,nan,nan,nan,nan,nan,14.20,nan
26-Mar-25 3:50:04 PM AEST,nan,nan,nan,nan,nan,nan,nan,nan,nan,84.70,nan,nan
26-Mar-25 3:50:20 PM AEST,nan,nan,nan,nan,nan,nan,nan,nan,317.80,nan,nan,nan
26-Mar-25 3:51:00 PM AEST,nan,nan,nan,nan,nan,3.41,nan,nan,nan,nan,nan,nan
26-Mar-25 3:51:23 PM AEST,nan,nan,nan,nan,nan,nan,nan,nan,nan,nan,nan,1.00
26-Mar-25 3:52:30 PM AEST,nan,nan,93.3,nan,nan,nan,nan,nan,nan,nan,nan,nan
26-Mar-25 3:56:00 PM AEST,51.1,51.1,nan,14.80,nan,nan,51.10,1.38,0.00,0.00,nan,14.80
26-Mar-25 3:58:00 PM AEST,nan,nan,0.9,nan,8.30,0.01,nan,nan,nan,nan,8.30,nan
26-Mar-25 3:58:25 PM AEST,nan,nan,nan,nan,nan,nan,nan,11.23,nan,nan,nan,nan
26-Mar-25 3:58:26 PM AEST,nan,0.0,nan,nan,nan,nan,0.00,nan,nan,nan,nan,nan
26-Mar-25 3:58:29 PM AEST,nan,nan,nan,6552.80,nan,nan,nan,nan,nan,nan,nan,1.00
26-Mar-25 3:58:30 PM AEST,72.2,nan,nan,nan,nan,nan,nan,nan,nan,nan,nan,nan
26-Mar-25 3:58:31 PM AEST,nan,nan,nan,nan,nan,nan,nan,nan,nan,8.30,nan,nan
26-Mar-25 3:58:35 PM AEST,nan,nan,nan,nan,nan,nan,nan,nan,23.60,nan,nan,nan
26-Mar-25 4:00:30 PM AEST,nan,nan,341.4,nan,0.60,3.41,nan,nan,nan,nan,14.20,nan
26-Mar-25 4:00:58 PM AEST,nan,nan,nan,0.20,nan,nan,nan,nan,nan,nan,nan,0.00
26-Mar-25 4:01:00 PM AEST,24.0,nan,nan,nan,nan,nan,nan,nan,nan,nan,nan,nan
26-Mar-25 4:01:02 PM AEST,nan,nan,nan,nan,nan,nan,nan,nan,nan,84.70,nan,nan
26-Mar-25 4:01:02 PM AEST,nan,nan,nan,nan,nan,nan,nan,nan,nan,0.00,nan,nan
26-Mar-25 4:01:10 PM AEST,nan,nan,nan,nan,nan,nan,nan,nan,317.80,nan,nan,nan
26-Mar-25 4:01:10 PM AEST,nan,nan,nan,nan,nan,nan,nan,nan,0.00,nan,nan,nan
26-Mar-25 4:02:00 PM AEST,nan,97.5,nan,nan,nan,nan,125.20,0.00,nan,nan,nan,nan
26-Mar-25 4:03:00 PM AEST,nan,nan,23.6,nan,72.20,65.53,nan,nan,nan,nan,0.00,nan
26-Mar-25 4:03:00 PM AEST,nan,nan,93.3,nan,0.60,3.41,nan,nan,nan,nan,14.20,nan
26-Mar-25 4:03:27 PM AEST,nan,nan,nan,6552.80,nan,nan,nan,nan,nan,nan,nan,1.00
26-Mar-25 4:03:30 PM AEST,72.2,nan,nan,nan,nan,nan,nan,nan,nan,nan,nan,nan
26-Mar-25 4:03:33 PM AEST,nan,nan,nan,nan,nan,nan,nan,nan,nan,84.70,nan,nan
26-Mar-25 4:03:45 PM AEST,nan,nan,nan,nan,nan,nan,nan,nan,317.80,nan,nan,nan
26-Mar-25 4:04:26 PM AEST,nan,0.0,nan,nan,nan,nan,0.00,nan,nan,nan,nan,nan
26-Mar-25 4:05:30 PM AEST,nan,nan,23.6,nan,72.20,65.53,nan,nan,nan,nan,0.00,nan
26-Mar-25 4:05:56 PM AEST,nan,nan,nan,0.20,nan,nan,nan,nan,nan,nan,nan,0.00
26-Mar-25 4:05:56 PM AEST,nan,nan,nan,13.80,nan,nan,nan,nan,nan,nan,nan,51.10
26-Mar-25 4:06:00 PM AEST,24.0,nan,nan,nan,nan,nan,nan,nan,nan,nan,nan,nan
26-Mar-25 4:06:00 PM AEST,13.8,nan,nan,nan,nan,nan,nan,nan,nan,nan,nan,nan
26-Mar-25 4:06:04 PM AEST,nan,nan,nan,nan,nan,nan,nan,nan,nan,0.00,nan,nan
26-Mar-25 4:06:20 PM AEST,nan,nan,nan,nan,nan,nan,nan,nan,0.00,nan,nan,nan
26-Mar-25 4:06:52 PM AEST,nan,97.5,nan,nan,nan,nan,125.20,nan,nan,nan,nan,nan
26-Mar-25 4:06:52 PM AEST,nan,13.8,nan,nan,nan,nan,0.00,nan,nan,nan,nan,nan
26-Mar-25 4:08:00 PM AEST,nan,nan,nan,nan,1.00,0.01,nan,nan,nan,nan,6552.80,nan
26-Mar-25 4:08:25 PM AEST,nan,nan,nan,0.00,nan,nan,nan,nan,nan,nan,nan,0.00
26-Mar-25 4:08:30 PM AEST,0.0,nan,nan,nan,nan,nan,nan,nan,nan,nan,nan,nan
26-Mar-25 4:08:35 PM AEST,nan,nan,nan,nan,nan,nan,nan,nan,nan,6552.80,nan,nan
26-Mar-25 4:08:55 PM AEST,nan,nan,nan,nan,nan,nan,nan,nan,6552.80,nan,nan,nan
26-Mar-25 4:09:18 PM AEST,nan,0.0,nan,nan,nan,nan,nan,nan,nan,nan,nan,nan
26-Mar-25 4:10:00 PM AEST,nan,nan,nan,nan,nan,nan,nan,11.23,nan,nan,nan,nan
26-Mar-25 4:10:30 PM AEST,nan,nan,nan,nan,0.60,3.41,nan,nan,nan,nan,14.20,nan
26-Mar-25 4:10:54 PM AEST,nan,nan,nan,6552.80,nan,nan,nan,nan,nan,nan,nan,1.00
26-Mar-25 4:11:00 PM AEST,72.2,nan,nan,nan,nan,nan,nan,nan,nan,nan,nan,nan
26-Mar-25 4:11:06 PM AEST,nan,nan,nan,nan,nan,nan,nan,nan,nan,84.70,nan,nan
26-Mar-25 4:11:30 PM AEST,nan,nan,nan,nan,nan,nan,nan,nan,317.80,nan,nan,nan
26-Mar-25 4:12:00 PM AEST,nan,nan,93.3,nan,nan,nan,nan,nan,nan,nan,nan,nan
26-Mar-25 4:14:00 PM AEST,nan,nan,nan,nan,nan,nan,nan,0.00,nan,nan,nan,nan
26-Mar-25 4:14:05 PM AEST,nan,nan,nan,nan,nan,nan,nan,nan,1.00,nan,nan,nan
26-Mar-25 4:14:30 PM AEST,nan,nan,8.3,nan,nan,nan,nan,nan,nan,nan,nan,nan
26-Mar-25 4:16:00 PM AEST,nan,nan,nan,72.20,23.60,0.24,nan,nan,nan,1.00,23.60,72.20
26-Mar-25 4:16:25 PM AEST,nan,nan,nan,nan,nan,nan,nan,11.23,nan,nan,nan,nan
26-Mar-25 4:16:40 PM AEST,nan,nan,nan,nan,nan,nan,nan,nan,317.80,nan,nan,nan
26-Mar-25 4:17:00 PM AEST,nan,nan,93.3,nan,nan,nan,nan,nan,nan,nan,nan,nan
26-Mar-25 4:18:00 PM AEST,24.0,nan,nan,nan,nan,nan,nan,nan,nan,nan,nan,nan
26-Mar-25 4:18:29 PM AEST,nan,nan,nan,6552.80,nan,nan,nan,nan,nan,nan,nan,1.00
26-Mar-25 4:18:29 PM AEST,nan,nan,nan,0.20,nan,nan,nan,nan,nan,nan,nan,0.00
26-Mar-25 4:18:30 PM AEST,nan,nan,nan,nan,0.60,3.41,nan,nan,nan,nan,14.20,nan
26-Mar-25 4:18:30 PM AEST,nan,nan,nan,nan,72.20,65.53,nan,nan,nan,nan,0.00,nan
26-Mar-25 4:18:31 PM AEST,nan,nan,nan,nan,nan,nan,nan,nan,nan,84.70,nan,nan
26-Mar-25 4:18:31 PM AEST,nan,nan,nan,nan,nan,nan,nan,nan,nan,0.00,nan,nan
26-Mar-25 4:18:50 PM AEST,nan,nan,nan,nan,nan,nan,nan,9.75,nan,nan,nan,nan
26-Mar-25 4:19:15 PM AEST,nan,nan,nan,nan,nan,nan,nan,nan,0.00,nan,nan,nan
26-Mar-25 4:19:30 PM AEST,nan,nan,23.6,nan,nan,nan,nan,nan,nan,nan,nan,nan
26-Mar-25 4:19:30 PM AEST,nan,nan,93.3,nan,nan,nan,nan,nan,nan,nan,nan,nan
26-Mar-25 4:20:00 PM AEST,nan,24.0,nan,nan,nan,nan,24.00,nan,nan,nan,nan,nan
26-Mar-25 4:20:30 PM AEST,112.3,nan,nan,nan,nan,nan,nan,nan,nan,nan,nan,nan
26-Mar-25 4:20:58 PM AEST,nan,nan,nan,112.30,nan,nan,nan,nan,nan,nan,nan,112.30
26-Mar-25 4:21:15 PM AEST,nan,nan,nan,nan,nan,nan,nan,5.11,nan,nan,nan,nan
26-Mar-25 4:22:26 PM AEST,nan,14.8,nan,nan,nan,nan,14.80,nan,nan,nan,nan,nan
26-Mar-25 4:23:00 PM AEST,72.2,nan,nan,nan,nan,nan,nan,nan,nan,nan,nan,nan
26-Mar-25 4:23:27 PM AEST,nan,nan,nan,6552.80,nan,nan,nan,nan,nan,nan,nan,1.00
26-Mar-25 4:23:40 PM AEST,nan,nan,nan,nan,nan,nan,nan,11.23,nan,nan,nan,nan
26-Mar-25 4:24:00 PM AEST,nan,nan,nan,nan,0.60,3.41,nan,nan,317.80,84.70,14.20,nan
26-Mar-25 4:24:52 PM AEST,nan,0.0,nan,nan,nan,nan,0.00,nan,nan,nan,nan,nan
26-Mar-25 4:30:00 PM AEST,24.0,97.5,nan,0.20,nan,nan,125.20,12.52,nan,nan,nan,0.00
26-Mar-25 4:32:25 PM AEST,nan,nan,nan,nan,nan,nan,nan,11.23,nan,nan,nan,nan
26-Mar-25 4:32:25 PM AEST,nan,nan,nan,nan,nan,nan,nan,0.00,nan,nan,nan,nan
26-Mar-25 4:32:26 PM AEST,nan,0.0,nan,nan,nan,nan,0.00,nan,nan,nan,nan,nan
26-Mar-25 4:32:26 PM AEST,nan,97.5,nan,nan,nan,nan,125.20,nan,nan,nan,nan,nan
26-Mar-25 4:32:29 PM AEST,nan,nan,nan,6552.80,nan,nan,nan,nan,nan,nan,nan,1.00
26-Mar-25 4:32:29 PM AEST,nan,nan,nan,0.20,nan,nan,nan,nan,nan,nan,nan,0.00
26-Mar-25 4:32:30 PM AEST,72.2,nan,nan,nan,nan,nan,nan,nan,nan,nan,nan,nan
26-Mar-25 4:32:30 PM AEST,24.0,nan,nan,nan,nan,nan,nan,nan,nan,nan,nan,nan
26-Mar-25 4:34:00 PM AEST,nan,nan,23.6,nan,72.20,65.53,nan,nan,0.00,0.00,0.00,nan
26-Mar-25 4:34:00 PM AEST,nan,nan,93.3,nan,0.60,3.41,nan,nan,317.80,84.70,14.20,nan
26-Mar-25 4:34:50 PM AEST,nan,nan,nan,nan,nan,nan,nan,0.02,nan,nan,nan,nan
26-Mar-25 4:34:52 PM AEST,nan,0.0,nan,nan,nan,nan,0.00,nan,nan,nan,nan,nan
26-Mar-25 4:34:58 PM AEST,nan,nan,nan,13.80,nan,nan,nan,nan,nan,nan,nan,13.80
26-Mar-25 4:35:00 PM AEST,0.0,nan,nan,nan,nan,nan,nan,nan,nan,nan,nan,nan
26-Mar-25 4:37:15 PM AEST,nan,nan,nan,nan,nan,nan,nan,11.23,nan,nan,nan,nan
26-Mar-25 4:37:27 PM AEST,nan,nan,nan,6552.80,nan,nan,nan,nan,nan,nan,nan,1.00
26-Mar-25 4:37:30 PM AEST,72.2,nan,nan,nan,nan,nan,nan,nan,nan,nan,nan,nan
26-Mar-25 4:40:00 PM AEST,nan,nan,341.4,nan,nan,0.01,nan,nan,nan,nan,nan,nan
26-Mar-25 4:42:30 PM AEST,nan,nan,93.3,nan,nan,3.41,nan,nan,nan,nan,nan,nan
26-Mar-25 4:44:00 PM AEST,nan,nan,nan,nan,nan,nan,nan,0.00,nan,nan,nan,nan
26-Mar-25 4:46:25 PM AEST,nan,nan,nan,nan,nan,nan,nan,11.23,nan,nan,nan,nan
26-Mar-25 4:46:25 PM AEST,nan,nan,nan,nan,nan,nan,nan,0.00,nan,nan,nan,nan
26-Mar-25 4:48:00 PM AEST,24.0,97.5,23.6,0.20,72.20,65.53,125.20,nan,0.00,0.00,0.00,0.00
26-Mar-25 4:48:00 PM AEST,0.0,0.2,23.6,0.00,72.20,65.53,0.20,nan,0.00,0.00,0.00,0.00
26-Mar-25 4:48:50 PM AEST,nan,nan,nan,nan,nan,nan,nan,2.40,nan,nan,nan,nan
26-Mar-25 4:48:50 PM AEST,nan,nan,nan,nan,nan,nan,nan,9.75,nan,nan,nan,nan
26-Mar-25 4:50:26 PM AEST,nan,24.0,nan,nan,nan,nan,24.00,nan,nan,nan,nan,nan
26-Mar-25 4:50:29 PM AEST,nan,nan,nan,0.20,nan,nan,nan,nan,nan,nan,nan,nan
26-Mar-25 4:50:30 PM AEST,24.0,nan,93.3,nan,nan,nan,nan,nan,nan,nan,nan,nan
26-Mar-25 4:52:00 PM AEST,nan,nan,nan,nan,nan,nan,nan,11.23,nan,72.20,72.20,nan
26-Mar-25 4:52:52 PM AEST,nan,0.0,nan,nan,nan,nan,112.30,nan,nan,nan,nan,nan
26-Mar-25 4:52:58 PM AEST,nan,nan,nan,0.00,nan,nan,nan,nan,nan,nan,nan,nan
26-Mar-25 4:53:00 PM AEST,0.0,nan,317.8,nan,nan,nan,nan,nan,nan,nan,nan,nan
26-Mar-25 4:54:00 PM AEST,nan,nan,nan,nan,1.40,3.18,nan,nan,0.90,nan,nan,nan
26-Mar-25 4:54:30 PM AEST,nan,nan,nan,nan,nan,nan,nan,nan,nan,nan,1.40,nan
26-Mar-25 4:54:31 PM AEST,nan,nan,nan,nan,nan,nan,nan,nan,nan,1.40,nan,nan
26-Mar-25 4:55:18 PM AEST,nan,nan,nan,nan,nan,nan,0.00,nan,nan,nan,nan,nan
26-Mar-25 4:55:27 PM AEST,nan,nan,nan,6552.80,nan,nan,nan,nan,nan,nan,nan,nan
26-Mar-25 4:55:30 PM AEST,72.2,nan,nan,nan,nan,nan,nan,nan,nan,nan,nan,nan
26-Mar-25 4:56:00 PM AEST,nan,nan,nan,nan,nan,nan,nan,nan,nan,nan,nan,1.00
26-Mar-25 4:56:30 PM AEST,nan,nan,nan,nan,0.60,3.41,nan,nan,nan,nan,nan,nan
26-Mar-25 4:56:35 PM AEST,nan,nan,nan,nan,nan,nan,nan,nan,317.80,nan,nan,nan
26-Mar-25 4:57:00 PM AEST,nan,nan,nan,nan,nan,nan,nan,nan,nan,nan,14.20,nan
26-Mar-25 4:57:00 PM AEST,nan,nan,nan,nan,nan,nan,nan,nan,nan,nan,0.00,nan
26-Mar-25 4:57:02 PM AEST,nan,nan,nan,nan,nan,nan,nan,nan,nan,84.70,nan,nan
26-Mar-25 4:57:02 PM AEST,nan,nan,nan,nan,nan,nan,nan,nan,nan,0.00,nan,nan
26-Mar-25 4:57:44 PM AEST,nan,nan,nan,nan,nan,nan,14.80,nan,nan,nan,nan,nan
26-Mar-25 4:57:56 PM AEST,nan,nan,nan,112.30,nan,nan,nan,nan,nan,nan,nan,nan
26-Mar-25 4:58:00 PM AEST,112.3,14.8,93.3,nan,nan,nan,nan,5.11,nan,nan,nan,nan
26-Mar-25 4:58:00 PM AEST,112.3,14.8,23.6,nan,nan,nan,nan,5.11,nan,nan,nan,nan
26-Mar-25 4:58:29 PM AEST,nan,nan,nan,nan,nan,nan,nan,nan,nan,nan,nan,112.30
26-Mar-25 4:59:00 PM AEST,nan,nan,nan,nan,72.20,65.53,nan,nan,nan,nan,nan,nan
26-Mar-25 4:59:10 PM AEST,nan,nan,nan,nan,nan,nan,nan,nan,0.00,nan,nan,nan
26-Mar-25 5:00:10 PM AEST,nan,nan,nan,nan,nan,nan,125.20,nan,nan,nan,nan,nan
26-Mar-25 5:00:25 PM AEST,nan,nan,nan,0.20,nan,nan,nan,12.52,nan,nan,nan,nan
26-Mar-25 5:00:26 PM AEST,nan,97.5,nan,nan,nan,nan,nan,nan,nan,nan,nan,nan
26-Mar-25 5:00:30 PM AEST,24.0,nan,nan,nan,nan,nan,nan,nan,nan,nan,nan,nan
26-Mar-25 5:00:58 PM AEST,nan,nan,nan,nan,nan,nan,nan,nan,nan,nan,nan,0.00
26-Mar-25 5:01:30 PM AEST,nan,nan,nan,nan,nan,3.41,nan,nan,nan,nan,nan,nan
26-Mar-25 5:02:00 PM AEST,nan,nan,93.3,nan,nan,nan,nan,nan,nan,nan,nan,nan
26-Mar-25 5:02:36 PM AEST,nan,nan,nan,nan,nan,nan,51.10,nan,nan,nan,nan,nan
26-Mar-25 5:02:50 PM AEST,nan,nan,nan,nan,nan,nan,nan,5.11,nan,nan,nan,nan
26-Mar-25 5:02:52 PM AEST,nan,14.8,nan,nan,nan,nan,nan,nan,nan,nan,nan,nan
26-Mar-25 5:02:54 PM AEST,nan,nan,nan,14.80,nan,nan,nan,nan,nan,nan,nan,nan
26-Mar-25 5:03:00 PM AEST,14.8,nan,nan,nan,nan,nan,nan,nan,nan,nan,nan,nan
26-Mar-25 5:03:27 PM AEST,nan,nan,nan,nan,nan,nan,nan,nan,nan,nan,nan,112.30
26-Mar-25 5:04:00 PM AEST,nan,nan,nan,nan,8.30,0.01,nan,nan,23.60,8.30,8.30,nan
26-Mar-25 5:04:30 PM AEST,nan,nan,0.9,nan,nan,nan,nan,nan,nan,nan,nan,nan
26-Mar-25 5:05:02 PM AEST,nan,nan,nan,nan,nan,nan,0.00,nan,nan,nan,nan,nan
26-Mar-25 5:05:15 PM AEST,nan,nan,nan,nan,nan,nan,nan,11.23,nan,nan,nan,nan
26-Mar-25 5:05:18 PM AEST,nan,0.0,nan,nan,nan,nan,nan,nan,nan,nan,nan,nan
26-Mar-25 5:05:23 PM AEST,nan,nan,nan,6552.80,nan,nan,nan,nan,nan,nan,nan,nan
26-Mar-25 5:05:30 PM AEST,72.2,nan,nan,nan,nan,nan,nan,nan,nan,nan,nan,nan
26-Mar-25 5:05:56 PM AEST,nan,nan,nan,nan,nan,nan,nan,nan,nan,nan,nan,1.00
26-Mar-25 5:06:30 PM AEST,nan,nan,nan,nan,0.60,3.41,nan,nan,nan,nan,14.20,nan
26-Mar-25 5:06:31 PM AEST,nan,nan,nan,nan,nan,nan,nan,nan,nan,84.70,nan,nan
26-Mar-25 5:06:35 PM AEST,nan,nan,nan,nan,nan,nan,nan,nan,317.80,nan,nan,nan
26-Mar-25 5:07:00 PM AEST,nan,nan,98.2,nan,nan,nan,nan,nan,nan,nan,nan,nan
26-Mar-25 5:09:30 PM AEST,nan,nan,93.3,nan,nan,nan,nan,nan,nan,nan,nan,nan
26-Mar-25 5:09:30 PM AEST,nan,nan,0.9,nan,nan,nan,nan,nan,nan,nan,nan,nan
26-Mar-25 5:10:00 PM AEST,24.0,97.5,nan,0.20,8.30,0.01,125.20,0.00,nan,nan,8.30,nan
26-Mar-25 5:10:00 PM AEST,72.2,97.5,nan,6552.80,8.30,0.01,125.20,0.00,nan,nan,8.30,nan
26-Mar-25 5:12:00 PM AEST,nan,nan,98.2,nan,nan,nan,nan,nan,23.60,8.30,nan,nan
26-Mar-25 5:12:25 PM AEST,nan,nan,nan,nan,nan,nan,nan,11.23,nan,nan,nan,nan
26-Mar-25 5:12:26 PM AEST,nan,0.0,nan,nan,nan,nan,0.00,nan,nan,nan,nan,nan
26-Mar-25 5:12:30 PM AEST,nan,nan,nan,nan,0.60,3.41,nan,nan,nan,nan,14.20,nan
26-Mar-25 5:14:31 PM AEST,nan,nan,nan,nan,nan,nan,nan,nan,nan,84.70,nan,nan
26-Mar-25 5:14:35 PM AEST,nan,nan,nan,nan,nan,nan,nan,nan,317.80,nan,nan,nan
26-Mar-25 5:16:00 PM AEST,24.0,97.5,93.3,0.20,nan,nan,97.50,12.52,nan,nan,nan,nan
26-Mar-25 5:18:00 PM AEST,nan,nan,nan,nan,72.20,65.53,nan,nan,0.00,0.00,0.00,nan
26-Mar-25 5:18:25 PM AEST,nan,nan,nan,nan,nan,nan,nan,1.48,nan,nan,nan,nan
26-Mar-25 5:18:26 PM AEST,nan,112.3,nan,nan,nan,nan,112.30,nan,nan,nan,nan,nan
26-Mar-25 5:18:29 PM AEST,nan,nan,nan,0.00,nan,nan,nan,nan,nan,nan,nan,nan
26-Mar-25 5:18:30 PM AEST,112.3,nan,nan,nan,nan,nan,nan,nan,nan,nan,nan,nan
26-Mar-25 5:20:00 PM AEST,nan,nan,23.6,nan,nan,nan,nan,nan,nan,nan,nan,0.00
26-Mar-25 5:20:30 PM AEST,nan,nan,nan,nan,0.60,3.41,nan,nan,nan,nan,14.20,nan
26-Mar-25 5:20:31 PM AEST,nan,nan,nan,nan,nan,nan,nan,nan,nan,84.70,nan,nan
26-Mar-25 5:20:35 PM AEST,nan,nan,nan,nan,nan,nan,nan,nan,317.80,nan,nan,nan
26-Mar-25 5:20:50 PM AEST,nan,nan,nan,nan,nan,nan,nan,0.00,nan,nan,nan,nan
26-Mar-25 5:20:52 PM AEST,nan,97.5,nan,nan,nan,nan,125.20,nan,nan,nan,nan,nan
26-Mar-25 5:20:58 PM AEST,nan,nan,nan,0.20,nan,nan,nan,nan,nan,nan,nan,nan
26-Mar-25 5:20:58 PM AEST,nan,nan,nan,6552.80,nan,nan,nan,nan,nan,nan,nan,nan
26-Mar-25 5:21:00 PM AEST,24.0,nan,nan,nan,nan,nan,nan,nan,nan,nan,nan,nan
26-Mar-25 5:21:00 PM AEST,72.2,nan,nan,nan,nan,nan,nan,nan,nan,nan,nan,nan
26-Mar-25 5:22:29 PM AEST,nan,nan,nan,nan,nan,nan,nan,nan,nan,nan,nan,1.00
26-Mar-25 5:22:30 PM AEST,nan,nan,98.2,nan,nan,nan,nan,nan,nan,nan,nan,nan
26-Mar-25 5:23:15 PM AEST,nan,nan,nan,nan,nan,nan,nan,11.23,nan,nan,nan,nan
26-Mar-25 5:23:18 PM AEST,nan,0.0,nan,nan,nan,nan,0.00,nan,nan,nan,nan,nan
26-Mar-25 5:25:00 PM AEST,nan,nan,93.3,nan,nan,nan,nan,nan,nan,nan,nan,nan
26-Mar-25 5:28:00 PM AEST,112.3,14.8,nan,112.30,72.20,nan,14.80,5.11,0.00,0.00,0.00,112.30
26-Mar-25 5:30:00 PM AEST,nan,nan,1.4,nan,nan,0.01,nan,nan,nan,nan,nan,nan
26-Mar-25 5:30:00 PM AEST,nan,nan,23.6,nan,nan,65.53,nan,nan,nan,nan,nan,nan
26-Mar-25 5:30:25 PM AEST,nan,nan,nan,nan,nan,nan,nan,11.23,nan,nan,nan,nan
26-Mar-25 5:30:26 PM AEST,nan,0.0,nan,nan,nan,nan,0.00,nan,nan,nan,nan,nan
26-Mar-25 5:30:26 PM AEST,nan,112.3,nan,nan,nan,nan,112.30,nan,nan,nan,nan,nan
26-Mar-25 5:30:29 PM AEST,nan,nan,nan,6552.80,nan,nan,nan,nan,nan,nan,nan,1.00
26-Mar-25 5:30:29 PM AEST,nan,nan,nan,0.00,nan,nan,nan,nan,nan,nan,nan,0.00
26-Mar-25 5:30:30 PM AEST,72.2,nan,nan,nan,0.90,nan,nan,nan,nan,nan,0.90,nan
26-Mar-25 5:30:30 PM AEST,112.3,nan,nan,nan,72.20,nan,nan,nan,nan,nan,0.00,nan
26-Mar-25 5:30:31 PM AEST,nan,nan,nan,nan,nan,nan,nan,nan,nan,8.30,nan,nan
26-Mar-25 5:30:31 PM AEST,nan,nan,nan,nan,nan,nan,nan,nan,nan,0.00,nan,nan
26-Mar-25 5:30:35 PM AEST,nan,nan,nan,nan,nan,nan,nan,nan,8.30,nan,nan,nan
26-Mar-25 5:30:35 PM AEST,nan,nan,nan,nan,nan,nan,nan,nan,0.00,nan,nan,nan
26-Mar-25 5:32:50 PM AEST,nan,nan,nan,nan,nan,nan,nan,1.48,nan,nan,nan,nan
26-Mar-25 5:32:50 PM AEST,nan,nan,nan,nan,nan,nan,nan,0.00,nan,nan,nan,nan
26-Mar-25 5:32:52 PM AEST,nan,97.5,nan,nan,nan,nan,125.20,nan,nan,nan,nan,nan
26-Mar-25 5:32:58 PM AEST,nan,nan,nan,0.20,nan,nan,nan,nan,nan,nan,nan,nan
26-Mar-25 5:33:00 PM AEST,24.0,nan,nan,nan,nan,nan,nan,nan,nan,nan,nan,nan
26-Mar-25 5:33:10 PM AEST,nan,nan,nan,nan,nan,nan,nan,nan,317.80,nan,nan,nan
26-Mar-25 5:34:00 PM AEST,nan,nan,93.3,nan,0.60,3.41,nan,nan,nan,84.70,14.20,1.00
26-Mar-25 5:34:00 PM AEST,nan,nan,23.6,nan,72.20,65.53,nan,nan,nan,0.00,0.00,0.00
26-Mar-25 5:35:15 PM AEST,nan,nan,nan,nan,nan,nan,nan,11.23,nan,nan,nan,nan
26-Mar-25 5:35:15 PM AEST,nan,nan,nan,nan,nan,nan,nan,0.00,nan,nan,nan,nan
26-Mar-25 5:35:18 PM AEST,nan,0.0,nan,nan,nan,nan,0.00,nan,nan,nan,nan,nan
26-Mar-25 5:35:18 PM AEST,nan,97.5,nan,nan,nan,nan,125.20,nan,nan,nan,nan,nan
26-Mar-25 5:35:27 PM AEST,nan,nan,nan,6552.80,nan,nan,nan,nan,nan,nan,nan,nan
26-Mar-25 5:35:27 PM AEST,nan,nan,nan,0.20,nan,nan,nan,nan,nan,nan,nan,nan
26-Mar-25 5:35:30 PM AEST,72.2,nan,nan,nan,nan,nan,nan,nan,nan,nan,nan,nan
26-Mar-25 5:35:30 PM AEST,24.0,nan,nan,nan,nan,nan,nan,nan,nan,nan,nan,nan
26-Mar-25 5:35:45 PM AEST,nan,nan,nan,nan,nan,nan,nan,nan,0.00,nan,nan,nan
26-Mar-25 5:35:45 PM AEST,nan,nan,nan,nan,nan,nan,nan,nan,317.80,nan,nan,nan
26-Mar-25 5:36:30 PM AEST,nan,nan,93.3,nan,0.60,3.41,nan,nan,nan,nan,14.20,nan
26-Mar-25 5:36:31 PM AEST,nan,nan,nan,nan,nan,nan,nan,nan,nan,84.70,nan,nan
26-Mar-25 5:37:40 PM AEST,nan,nan,nan,nan,nan,nan,nan,2.40,nan,nan,nan,nan
26-Mar-25 5:37:44 PM AEST,nan,0.2,nan,nan,nan,nan,0.20,nan,nan,nan,nan,nan
26-Mar-25 5:37:56 PM AEST,nan,nan,nan,0.00,nan,nan,nan,nan,nan,nan,nan,nan
26-Mar-25 5:38:00 PM AEST,0.0,nan,nan,nan,nan,nan,nan,nan,nan,nan,nan,nan
26-Mar-25 5:38:20 PM AEST,nan,nan,nan,nan,nan,nan,nan,nan,0.00,nan,nan,nan
26-Mar-25 5:39:00 PM AEST,nan,nan,23.6,nan,72.20,65.53,nan,nan,nan,nan,0.00,nan
26-Mar-25 5:39:00 PM AEST,nan,nan,0.9,nan,8.30,0.08,nan,nan,nan,nan,23.60,nan
26-Mar-25 5:39:02 PM AEST,nan,nan,nan,nan,nan,nan,nan,nan,nan,0.00,nan,nan
26-Mar-25 5:39:02 PM AEST,nan,nan,nan,nan,nan,nan,nan,nan,nan,23.60,nan,nan
26-Mar-25 5:40:00 PM AEST,nan,nan,nan,nan,nan,nan,nan,nan,nan,nan,nan,6552.80
26-Mar-25 5:40:05 PM AEST,nan,nan,nan,nan,nan,nan,nan,0.00,nan,nan,nan,nan
26-Mar-25 5:40:05 PM AEST,nan,nan,nan,nan,nan,nan,nan,11.23,nan,nan,nan,nan
26-Mar-25 5:40:10 PM AEST,nan,97.5,nan,nan,nan,nan,125.20,nan,nan,nan,nan,nan
26-Mar-25 5:40:10 PM AEST,nan,0.0,nan,nan,nan,nan,0.00,nan,nan,nan,nan,nan
26-Mar-25 5:40:25 PM AEST,nan,nan,nan,0.20,nan,nan,nan,nan,nan,nan,nan,nan
26-Mar-25 5:40:25 PM AEST,nan,nan,nan,6552.80,nan,nan,nan,nan,nan,nan,nan,nan
26-Mar-25 5:40:30 PM AEST,24.0,nan,nan,nan,nan,nan,nan,nan,nan,nan,nan,nan
26-Mar-25 5:40:30 PM AEST,72.2,nan,nan,nan,nan,nan,nan,nan,nan,nan,nan,nan
26-Mar-25 5:40:55 PM AEST,nan,nan,nan,nan,nan,nan,nan,nan,23.60,nan,nan,nan
26-Mar-25 5:41:30 PM AEST,nan,nan,0.6,nan,14.20,0.14,nan,nan,nan,nan,14.20,nan
26-Mar-25 5:41:33 PM AEST,nan,nan,nan,nan,nan,nan,nan,nan,nan,84.70,nan,nan
26-Mar-25 5:42:29 PM AEST,nan,nan,nan,nan,nan,nan,nan,nan,nan,nan,nan,1.00
26-Mar-25 5:43:30 PM AEST,nan,nan,nan,nan,nan,nan,nan,nan,317.80,nan,nan,nan
26-Mar-25 5:43:30 PM AEST,nan,nan,nan,nan,nan,nan,nan,nan,6552.80,nan,nan,nan
26-Mar-25 5:44:00 PM AEST,0.0,nan,23.6,0.00,1.00,0.24,nan,nan,nan,nan,1.00,nan
26-Mar-25 5:44:04 PM AEST,nan,nan,nan,nan,nan,nan,nan,nan,nan,1.00,nan,nan
26-Mar-25 5:44:58 PM AEST,nan,nan,nan,nan,nan,nan,nan,nan,nan,nan,nan,72.20
26-Mar-25 5:46:05 PM AEST,nan,nan,nan,nan,nan,nan,nan,nan,317.80,nan,nan,nan
26-Mar-25 5:46:29 PM AEST,nan,nan,nan,6552.80,nan,nan,nan,nan,nan,nan,nan,nan
26-Mar-25 5:46:30 PM AEST,72.2,nan,341.4,nan,0.60,0.01,nan,nan,nan,nan,14.20,nan
26-Mar-25 5:46:35 PM AEST,nan,nan,nan,nan,nan,nan,nan,nan,nan,84.70,nan,nan
26-Mar-25 5:47:27 PM AEST,nan,nan,nan,nan,nan,nan,nan,nan,nan,nan,nan,1.00
26-Mar-25 5:49:00 PM AEST,nan,nan,93.3,nan,nan,3.41,nan,nan,nan,nan,nan,nan
26-Mar-25 5:50:00 PM AEST,nan,nan,nan,nan,nan,nan,nan,0.00,nan,nan,nan,nan
26-Mar-25 5:52:25 PM AEST,nan,nan,nan,nan,nan,nan,nan,11.23,nan,nan,nan,nan
26-Mar-25 5:54:00 PM AEST,0.0,nan,23.6,0.00,1.00,0.24,nan,nan,6552.80,1.00,1.00,72.20
26-Mar-25 5:56:29 PM AEST,nan,nan,nan,6552.80,nan,nan,nan,nan,nan,nan,nan,1.00
26-Mar-25 5:56:30 PM AEST,72.2,nan,14.2,nan,84.70,0.14,nan,nan,nan,nan,84.70,nan
26-Mar-25 5:56:31 PM AEST,nan,nan,nan,nan,nan,nan,nan,nan,nan,84.70,nan,nan
26-Mar-25 5:56:35 PM AEST,nan,nan,nan,nan,nan,nan,nan,nan,317.80,nan,nan,nan
26-Mar-25 5:58:58 PM AEST,nan,nan,nan,nan,nan,nan,nan,nan,nan,nan,nan,6552.80
26-Mar-25 5:59:00 PM AEST,nan,nan,0.9,nan,8.30,0.08,nan,nan,nan,nan,23.60,nan
26-Mar-25 5:59:02 PM AEST,nan,nan,nan,nan,nan,nan,nan,nan,nan,23.60,nan,nan
26-Mar-25 5:59:10 PM AEST,nan,nan,nan,nan,nan,nan,nan,nan,23.60,nan,nan,nan
26-Mar-25 6:01:27 PM AEST,nan,nan,nan,nan,nan,nan,nan,nan,nan,nan,nan,1.00
26-Mar-25 6:01:30 PM AEST,nan,nan,341.4,nan,0.60,3.41,nan,nan,nan,nan,14.20,nan
26-Mar-25 6:01:33 PM AEST,nan,nan,nan,nan,nan,nan,nan,nan,nan,84.70,nan,nan
26-Mar-25 6:01:45 PM AEST,nan,nan,nan,nan,nan,nan,nan,nan,317.80,nan,nan,nan
26-Mar-25 6:04:00 PM AEST,24.0,97.5,93.3,nan,nan,nan,125.20,0.00,nan,nan,nan,nan
26-Mar-25 6:06:00 PM AEST,nan,nan,nan,0.20,nan,nan,nan,nan,0.00,0.00,nan,0.00
26-Mar-25 6:08:00 PM AEST,72.2,0.0,nan,nan,nan,nan,nan,nan,nan,nan,nan,nan
26-Mar-25 6:08:29 PM AEST,nan,nan,nan,6552.80,nan,nan,nan,nan,nan,nan,nan,1.00
26-Mar-25 6:08:31 PM AEST,nan,nan,nan,nan,nan,nan,nan,nan,nan,84.70,nan,nan
26-Mar-25 6:08:35 PM AEST,nan,nan,nan,nan,nan,nan,nan,nan,317.80,nan,nan,nan
26-Mar-25 6:10:26 PM AEST,nan,97.5,nan,nan,nan,nan,nan,nan,nan,nan,nan,nan
26-Mar-25 6:10:30 PM AEST,24.0,nan,nan,nan,nan,nan,nan,nan,nan,nan,nan,nan
26-Mar-25 6:10:58 PM AEST,nan,nan,nan,0.20,nan,nan,nan,nan,nan,nan,nan,0.00
26-Mar-25 6:11:02 PM AEST,nan,nan,nan,nan,nan,nan,nan,nan,nan,0.00,nan,nan
26-Mar-25 6:11:02 PM AEST,nan,nan,nan,nan,nan,nan,nan,nan,nan,84.70,nan,nan
26-Mar-25 6:11:10 PM AEST,nan,nan,nan,nan,nan,nan,nan,nan,0.00,nan,nan,nan
26-Mar-25 6:11:10 PM AEST,nan,nan,nan,nan,nan,nan,nan,nan,317.80,nan,nan,nan
26-Mar-25 6:12:00 PM AEST,nan,nan,23.6,nan,6552.80,65.53,nan,nan,nan,nan,6552.80,nan
26-Mar-25 6:12:52 PM AEST,nan,0.0,nan,nan,nan,nan,nan,nan,nan,nan,nan,nan
26-Mar-25 6:13:00 PM AEST,0.0,nan,nan,nan,nan,nan,nan,nan,nan,nan,nan,nan
26-Mar-25 6:13:27 PM AEST,nan,nan,nan,0.00,nan,nan,nan,nan,nan,nan,nan,1.00
26-Mar-25 6:13:27 PM AEST,nan,nan,nan,0.20,nan,nan,nan,nan,nan,nan,nan,0.00
26-Mar-25 6:13:33 PM AEST,nan,nan,nan,nan,nan,nan,nan,nan,nan,72.20,nan,nan
26-Mar-25 6:13:33 PM AEST,nan,nan,nan,nan,nan,nan,nan,nan,nan,0.00,nan,nan
26-Mar-25 6:13:45 PM AEST,nan,nan,nan,nan,nan,nan,nan,nan,72.20,nan,nan,nan
26-Mar-25 6:13:45 PM AEST,nan,nan,nan,nan,nan,nan,nan,nan,0.00,nan,nan,nan
26-Mar-25 6:14:00 PM AEST,nan,nan,nan,nan,nan,nan,0.00,11.23,nan,nan,nan,nan
26-Mar-25 6:14:00 PM AEST,nan,nan,nan,nan,nan,nan,24.00,2.40,nan,nan,nan,nan
26-Mar-25 6:14:30 PM AEST,nan,nan,nan,nan,72.20,nan,nan,nan,nan,nan,0.00,nan
26-Mar-25 6:15:18 PM AEST,nan,0.2,nan,nan,nan,nan,nan,nan,nan,nan,nan,nan
26-Mar-25 6:15:30 PM AEST,0.2,nan,nan,nan,nan,nan,nan,nan,nan,nan,nan,nan
26-Mar-25 6:15:30 PM AEST,24.0,nan,nan,nan,nan,nan,nan,nan,nan,nan,nan,nan
26-Mar-25 6:16:20 PM AEST,nan,nan,nan,nan,nan,nan,nan,nan,317.80,nan,nan,nan
26-Mar-25 6:16:25 PM AEST,nan,nan,nan,nan,nan,nan,nan,0.00,nan,nan,nan,nan
26-Mar-25 6:16:26 PM AEST,nan,nan,nan,nan,nan,nan,125.20,nan,nan,nan,nan,nan
26-Mar-25 6:17:00 PM AEST,nan,nan,nan,nan,84.70,nan,nan,nan,nan,nan,84.70,nan
26-Mar-25 6:17:44 PM AEST,nan,97.5,nan,nan,nan,nan,nan,nan,nan,nan,nan,nan
26-Mar-25 6:17:44 PM AEST,nan,0.0,nan,nan,nan,nan,nan,nan,nan,nan,nan,nan
26-Mar-25 6:18:00 PM AEST,72.2,nan,14.2,6552.80,nan,0.14,nan,nan,nan,84.70,nan,1.00
26-Mar-25 6:18:50 PM AEST,nan,nan,nan,nan,nan,nan,nan,11.23,nan,nan,nan,nan
26-Mar-25 6:18:52 PM AEST,nan,nan,nan,nan,nan,nan,0.00,nan,nan,nan,nan,nan
26-Mar-25 6:19:30 PM AEST,nan,nan,nan,nan,0.60,nan,nan,nan,nan,nan,14.20,nan
26-Mar-25 6:20:30 PM AEST,nan,nan,93.3,nan,nan,3.41,nan,nan,nan,nan,nan,nan
26-Mar-25 6:22:00 PM AEST,nan,nan,nan,nan,nan,nan,nan,nan,nan,nan,nan,0.00
26-Mar-25 6:24:00 PM AEST,0.2,0.2,nan,0.20,nan,nan,24.00,2.40,nan,nan,nan,nan
26-Mar-25 6:26:00 PM AEST,nan,nan,23.6,nan,1.00,0.01,nan,nan,6552.80,6552.80,6552.80,nan
26-Mar-25 6:26:00 PM AEST,nan,nan,23.6,nan,72.20,65.53,nan,nan,0.00,0.00,0.00,nan
26-Mar-25 6:26:25 PM AEST,nan,nan,nan,nan,nan,nan,nan,11.23,nan,nan,nan,nan
26-Mar-25 6:26:25 PM AEST,nan,nan,nan,nan,nan,nan,nan,5.11,nan,nan,nan,nan
26-Mar-25 6:26:26 PM AEST,nan,0.0,nan,nan,nan,nan,0.00,nan,nan,nan,nan,nan
26-Mar-25 6:26:26 PM AEST,nan,14.8,nan,nan,nan,nan,14.80,nan,nan,nan,nan,nan
26-Mar-25 6:26:29 PM AEST,nan,nan,nan,0.00,nan,nan,nan,nan,nan,nan,nan,nan
26-Mar-25 6:26:29 PM AEST,nan,nan,nan,112.30,nan,nan,nan,nan,nan,nan,nan,nan
26-Mar-25 6:26:30 PM AEST,0.0,nan,nan,nan,nan,nan,nan,nan,nan,nan,nan,nan
26-Mar-25 6:26:30 PM AEST,112.3,nan,nan,nan,nan,nan,nan,nan,nan,nan,nan,nan
26-Mar-25 6:28:00 PM AEST,nan,nan,nan,nan,nan,nan,nan,nan,nan,nan,nan,112.30
26-Mar-25 6:28:00 PM AEST,nan,nan,nan,nan,nan,nan,nan,nan,nan,nan,nan,0.00
26-Mar-25 6:28:50 PM AEST,nan,nan,nan,nan,nan,nan,nan,0.00,nan,nan,nan,nan
26-Mar-25 6:28:52 PM AEST,nan,97.5,nan,nan,nan,nan,125.20,nan,nan,nan,nan,nan
26-Mar-25 6:28:58 PM AEST,nan,nan,nan,0.20,nan,nan,nan,nan,nan,nan,nan,nan
26-Mar-25 6:29:00 PM AEST,24.0,nan,nan,nan,nan,nan,nan,nan,nan,nan,nan,nan
26-Mar-25 6:30:00 PM AEST,nan,nan,93.3,nan,0.60,3.41,nan,nan,317.80,84.70,14.20,nan
26-Mar-25 6:30:29 PM AEST,nan,nan,nan,nan,nan,nan,nan,nan,nan,nan,nan,1.00
26-Mar-25 6:31:27 PM AEST,nan,nan,nan,6552.80,nan,nan,nan,nan,nan,nan,nan,nan
26-Mar-25 6:31:30 PM AEST,72.2,nan,nan,nan,nan,nan,nan,nan,nan,nan,nan,nan
26-Mar-25 6:32:00 PM AEST,nan,0.0,nan,nan,nan,nan,0.00,11.23,nan,nan,nan,nan
26-Mar-25 6:32:30 PM AEST,nan,nan,98.2,nan,72.20,65.53,nan,nan,nan,nan,0.00,nan
26-Mar-25 6:32:30 PM AEST,nan,nan,23.6,nan,72.20,65.53,nan,nan,nan,nan,0.00,nan
26-Mar-25 6:32:31 PM AEST,nan,nan,nan,nan,nan,nan,nan,nan,nan,0.00,nan,nan
26-Mar-25 6:32:35 PM AEST,nan,nan,nan,nan,nan,nan,nan,nan,0.00,nan,nan,nan
26-Mar-25 6:32:58 PM AEST,nan,nan,nan,nan,nan,nan,nan,nan,nan,nan,nan,0.00
26-Mar-25 6:33:56 PM AEST,nan,nan,nan,0.00,nan,nan,nan,nan,nan,nan,nan,nan
26-Mar-25 6:34:00 PM AEST,0.0,nan,nan,nan,nan,nan,nan,nan,nan,nan,nan,nan
26-Mar-25 6:34:25 PM AEST,nan,nan,nan,nan,nan,nan,nan,2.40,nan,nan,nan,nan
26-Mar-25 6:34:26 PM AEST,nan,0.2,nan,nan,nan,nan,0.20,nan,nan,nan,nan,nan
26-Mar-25 6:35:00 PM AEST,nan,nan,nan,nan,1.00,0.01,nan,nan,nan,nan,6552.80,nan
26-Mar-25 6:35:02 PM AEST,nan,nan,nan,nan,nan,nan,nan,nan,nan,6552.80,nan,nan
26-Mar-25 6:35:10 PM AEST,nan,nan,nan,nan,nan,nan,nan,nan,6552.80,nan,nan,nan
26-Mar-25 6:36:50 PM AEST,nan,nan,nan,nan,nan,nan,nan,11.23,nan,nan,nan,nan
26-Mar-25 6:36:52 PM AEST,nan,0.0,nan,nan,nan,nan,0.00,nan,nan,nan,nan,nan
26-Mar-25 6:37:30 PM AEST,nan,nan,nan,nan,0.60,3.41,nan,nan,nan,nan,14.20,nan
26-Mar-25 6:37:33 PM AEST,nan,nan,nan,nan,nan,nan,nan,nan,nan,84.70,nan,nan
26-Mar-25 6:37:45 PM AEST,nan,nan,nan,nan,nan,nan,nan,nan,317.80,nan,nan,nan
26-Mar-25 6:38:00 PM AEST,72.2,nan,93.3,6552.80,nan,nan,nan,nan,nan,nan,nan,1.00
26-Mar-25 6:40:20 PM AEST,nan,nan,nan,nan,nan,nan,nan,nan,0.00,nan,nan,nan
26-Mar-25 6:40:30 PM AEST,nan,nan,23.6,nan,nan,nan,nan,nan,nan,nan,nan,nan
26-Mar-25 6:42:00 PM AEST,112.3,112.3,nan,0.00,72.20,65.53,112.30,0.00,nan,0.00,0.00,0.00
26-Mar-25 6:42:00 PM AEST,112.3,112.3,nan,0.00,72.20,65.53,112.30,1.48,nan,0.00,0.00,0.00
26-Mar-25 6:42:55 PM AEST,nan,nan,nan,nan,nan,nan,nan,nan,317.80,nan,nan,nan
26-Mar-25 6:43:00 PM AEST,nan,nan,93.3,nan,nan,nan,nan,nan,nan,nan,nan,nan
26-Mar-25 6:44:25 PM AEST,nan,nan,nan,nan,nan,nan,nan,11.23,nan,nan,nan,nan
26-Mar-25 6:44:26 PM AEST,nan,0.0,nan,nan,nan,nan,0.00,nan,nan,nan,nan,nan
26-Mar-25 6:44:29 PM AEST,nan,nan,nan,6552.80,nan,nan,nan,nan,nan,nan,nan,1.00
26-Mar-25 6:44:30 PM AEST,72.2,nan,nan,nan,0.60,3.41,nan,nan,nan,nan,14.20,nan
26-Mar-25 6:44:31 PM AEST,nan,nan,nan,nan,nan,nan,nan,nan,nan,84.70,nan,nan
26-Mar-25 6:46:58 PM AEST,nan,nan,nan,112.30,nan,nan,nan,nan,nan,nan,nan,112.30
26-Mar-25 6:47:00 PM AEST,112.3,nan,nan,nan,72.20,65.53,nan,nan,nan,nan,0.00,nan
26-Mar-25 6:47:02 PM AEST,nan,nan,nan,nan,nan,nan,nan,nan,nan,0.00,nan,nan
26-Mar-25 6:48:00 PM AEST,nan,14.8,23.6,nan,nan,nan,14.80,5.11,0.00,nan,nan,nan
26-Mar-25 6:49:27 PM AEST,nan,nan,nan,6552.80,nan,nan,nan,nan,nan,nan,nan,1.00
26-Mar-25 6:49:30 PM AEST,72.2,nan,nan,nan,0.60,3.41,nan,nan,nan,nan,14.20,nan
26-Mar-25 6:49:33 PM AEST,nan,nan,nan,nan,nan,nan,nan,nan,nan,84.70,nan,nan
26-Mar-25 6:50:25 PM AEST,nan,nan,nan,nan,nan,nan,nan,11.23,nan,nan,nan,nan
26-Mar-25 6:50:26 PM AEST,nan,0.0,nan,nan,nan,nan,0.00,nan,nan,nan,nan,nan
26-Mar-25 6:50:30 PM AEST,nan,nan,93.3,nan,nan,nan,nan,nan,nan,nan,nan,nan
26-Mar-25 6:50:30 PM AEST,nan,nan,23.6,nan,nan,nan,nan,nan,nan,nan,nan,nan
26-Mar-25 6:50:35 PM AEST,nan,nan,nan,nan,nan,nan,nan,nan,317.80,nan,nan,nan
26-Mar-25 6:50:35 PM AEST,nan,nan,nan,nan,nan,nan,nan,nan,0.00,nan,nan,nan
26-Mar-25 6:51:56 PM AEST,nan,nan,nan,0.20,nan,nan,nan,nan,nan,nan,nan,0.00
26-Mar-25 6:52:00 PM AEST,24.0,nan,nan,nan,72.20,65.53,nan,nan,nan,nan,0.00,nan
26-Mar-25 6:52:04 PM AEST,nan,nan,nan,nan,nan,nan,nan,nan,nan,0.00,nan,nan
26-Mar-25 6:52:50 PM AEST,nan,nan,nan,nan,nan,nan,nan,12.52,nan,nan,nan,nan
26-Mar-25 6:52:52 PM AEST,nan,97.5,nan,nan,nan,nan,97.50,nan,nan,nan,nan,nan
26-Mar-25 6:53:00 PM AEST,nan,nan,93.3,nan,nan,nan,nan,nan,nan,nan,nan,nan
26-Mar-25 6:54:25 PM AEST,nan,nan,nan,0.00,nan,nan,nan,nan,nan,nan,nan,nan
26-Mar-25 6:54:30 PM AEST,0.0,nan,nan,nan,nan,nan,nan,nan,nan,nan,72.20,nan
26-Mar-25 6:54:35 PM AEST,nan,nan,nan,nan,nan,nan,nan,nan,nan,72.20,nan,nan
26-Mar-25 6:55:15 PM AEST,nan,nan,nan,nan,nan,nan,nan,11.23,nan,nan,nan,nan
26-Mar-25 6:55:18 PM AEST,nan,0.0,nan,nan,nan,nan,112.30,nan,nan,nan,nan,nan
26-Mar-25 6:56:00 PM AEST,nan,nan,nan,nan,0.60,3.41,nan,nan,317.80,nan,nan,nan
26-Mar-25 6:56:54 PM AEST,nan,nan,nan,6552.80,nan,nan,nan,nan,nan,nan,nan,nan
26-Mar-25 6:57:00 PM AEST,72.2,nan,nan,nan,nan,nan,nan,nan,nan,nan,14.20,nan
26-Mar-25 6:57:00 PM AEST,72.2,nan,nan,nan,nan,nan,nan,nan,nan,nan,0.00,nan
26-Mar-25 6:57:06 PM AEST,nan,nan,nan,nan,nan,nan,nan,nan,nan,84.70,nan,nan
26-Mar-25 6:57:06 PM AEST,nan,nan,nan,nan,nan,nan,nan,nan,nan,0.00,nan,nan
26-Mar-25 6:57:40 PM AEST,nan,nan,nan,nan,nan,nan,nan,0.00,nan,nan,nan,nan
26-Mar-25 6:57:44 PM AEST,nan,13.8,nan,nan,nan,nan,0.00,nan,nan,nan,nan,nan
26-Mar-25 6:57:44 PM AEST,nan,13.8,nan,nan,nan,nan,13.80,nan,nan,nan,nan,nan
26-Mar-25 6:58:00 PM AEST,nan,nan,23.6,nan,nan,nan,nan,nan,nan,nan,nan,1.00
26-Mar-25 6:58:00 PM AEST,nan,nan,23.6,nan,nan,nan,nan,nan,nan,nan,nan,51.10
26-Mar-25 6:58:30 PM AEST,nan,nan,nan,nan,72.20,65.53,nan,nan,nan,nan,nan,nan
26-Mar-25 6:58:35 PM AEST,nan,nan,nan,nan,nan,nan,nan,nan,0.00,nan,nan,nan
26-Mar-25 6:59:23 PM AEST,nan,nan,nan,51.10,nan,nan,nan,nan,nan,nan,nan,nan
26-Mar-25 6:59:30 PM AEST,51.1,nan,nan,nan,nan,nan,nan,nan,nan,nan,1.00,nan
26-Mar-25 6:59:37 PM AEST,nan,nan,nan,nan,nan,nan,nan,nan,nan,1.00,nan,nan
26-Mar-25 7:00:05 PM AEST,nan,nan,nan,nan,nan,nan,nan,11.23,nan,nan,nan,nan
26-Mar-25 7:00:10 PM AEST,nan,0.0,nan,nan,nan,nan,0.00,nan,nan,nan,nan,nan
26-Mar-25 7:00:29 PM AEST,nan,nan,nan,nan,nan,nan,nan,nan,nan,nan,nan,72.20
26-Mar-25 7:01:00 PM AEST,nan,nan,nan,nan,1.00,0.24,nan,nan,nan,nan,nan,nan
26-Mar-25 7:01:10 PM AEST,nan,nan,nan,nan,nan,nan,nan,nan,6552.80,nan,nan,nan
26-Mar-25 7:01:52 PM AEST,nan,nan,nan,0.00,nan,nan,nan,nan,nan,nan,nan,nan
26-Mar-25 7:02:00 PM AEST,0.0,nan,93.3,nan,nan,nan,nan,nan,nan,nan,14.20,nan
26-Mar-25 7:02:08 PM AEST,nan,nan,nan,nan,nan,nan,nan,nan,nan,84.70,nan,nan
26-Mar-25 7:02:58 PM AEST,nan,nan,nan,nan,nan,nan,nan,nan,nan,nan,nan,1.00
26-Mar-25 7:03:30 PM AEST,nan,nan,nan,nan,0.60,3.41,nan,nan,nan,nan,nan,nan
26-Mar-25 7:03:30 PM AEST,nan,nan,nan,nan,72.20,65.53,nan,nan,nan,nan,nan,nan
26-Mar-25 7:03:45 PM AEST,nan,nan,nan,nan,nan,nan,nan,nan,317.80,nan,nan,nan
26-Mar-25 7:03:45 PM AEST,nan,nan,nan,nan,nan,nan,nan,nan,0.00,nan,nan,nan
26-Mar-25 7:04:00 PM AEST,nan,14.8,nan,nan,nan,nan,51.10,nan,nan,nan,nan,nan
26-Mar-25 7:04:21 PM AEST,nan,nan,nan,6552.80,nan,nan,nan,nan,nan,nan,nan,nan
26-Mar-25 7:04:21 PM AEST,nan,nan,nan,14.80,nan,nan,nan,nan,nan,nan,nan,nan
26-Mar-25 7:04:30 PM AEST,72.2,nan,23.6,nan,nan,nan,nan,nan,nan,nan,0.00,nan
26-Mar-25 7:04:30 PM AEST,14.8,nan,23.6,nan,nan,nan,nan,nan,nan,nan,0.00,nan
26-Mar-25 7:04:39 PM AEST,nan,nan,nan,nan,nan,nan,nan,nan,nan,0.00,nan,nan
26-Mar-25 7:05:27 PM AEST,nan,nan,nan,nan,nan,nan,nan,nan,nan,nan,nan,112.30
26-Mar-25 7:05:27 PM AEST,nan,nan,nan,nan,nan,nan,nan,nan,nan,nan,nan,0.00
26-Mar-25 7:06:00 PM AEST,nan,nan,nan,nan,nan,nan,nan,5.11,nan,nan,nan,nan
26-Mar-25 7:06:00 PM AEST,nan,nan,nan,nan,nan,nan,nan,58.35,nan,nan,nan,nan
26-Mar-25 7:06:26 PM AEST,nan,97.5,nan,nan,nan,nan,125.20,nan,nan,nan,nan,nan
26-Mar-25 7:06:50 PM AEST,nan,nan,nan,0.20,nan,nan,nan,nan,nan,nan,nan,nan
26-Mar-25 7:07:00 PM AEST,24.0,nan,93.3,nan,nan,nan,nan,nan,nan,nan,nan,nan
26-Mar-25 7:07:56 PM AEST,nan,nan,nan,nan,nan,nan,nan,nan,nan,nan,nan,112.30
26-Mar-25 7:08:00 PM AEST,nan,nan,nan,nan,0.60,3.41,nan,nan,nan,nan,nan,nan
26-Mar-25 7:08:25 PM AEST,nan,nan,nan,nan,nan,nan,nan,5.11,nan,nan,nan,nan
26-Mar-25 7:08:52 PM AEST,nan,14.8,nan,nan,nan,nan,51.10,nan,nan,nan,nan,nan
26-Mar-25 7:09:19 PM AEST,nan,nan,nan,14.80,nan,nan,nan,nan,nan,nan,nan,nan
26-Mar-25 7:09:30 PM AEST,14.8,nan,nan,nan,nan,nan,nan,nan,nan,nan,nan,nan
26-Mar-25 7:11:48 PM AEST,nan,nan,nan,0.20,nan,nan,nan,nan,nan,nan,nan,nan
26-Mar-25 7:12:00 PM AEST,24.0,nan,nan,nan,nan,nan,nan,nan,317.80,84.70,14.20,nan
26-Mar-25 7:14:00 PM AEST,nan,97.5,nan,nan,nan,nan,125.20,0.00,nan,nan,nan,0.00
26-Mar-25 7:14:00 PM AEST,nan,0.0,nan,nan,nan,nan,0.00,0.00,nan,nan,nan,1.00
26-Mar-25 7:14:17 PM AEST,nan,nan,nan,6552.80,nan,nan,nan,nan,nan,nan,nan,nan
26-Mar-25 7:14:30 PM AEST,72.2,nan,nan,nan,nan,nan,nan,nan,nan,nan,nan,nan
26-Mar-25 7:16:25 PM AEST,nan,nan,nan,nan,nan,nan,nan,2.40,nan,nan,nan,nan
26-Mar-25 7:16:26 PM AEST,nan,0.2,nan,nan,nan,nan,24.00,nan,nan,nan,nan,nan
26-Mar-25 7:16:29 PM AEST,nan,nan,nan,nan,nan,nan,nan,nan,nan,nan,nan,0.00
26-Mar-25 7:16:46 PM AEST,nan,nan,nan,0.20,nan,nan,nan,nan,nan,nan,nan,nan
26-Mar-25 7:17:00 PM AEST,0.2,nan,nan,nan,nan,nan,nan,nan,nan,nan,nan,nan
26-Mar-25 7:18:50 PM AEST,nan,nan,nan,nan,nan,nan,nan,5.11,nan,nan,nan,nan
26-Mar-25 7:18:52 PM AEST,nan,14.8,nan,nan,nan,nan,14.80,nan,nan,nan,nan,nan
26-Mar-25 7:18:58 PM AEST,nan,nan,nan,nan,nan,nan,nan,nan,nan,nan,nan,112.30
26-Mar-25 7:19:15 PM AEST,nan,nan,nan,112.30,nan,nan,nan,nan,nan,nan,nan,nan
26-Mar-25 7:19:30 PM AEST,112.3,nan,nan,nan,nan,nan,nan,nan,nan,nan,nan,nan
26-Mar-25 7:20:00 PM AEST,nan,nan,23.6,nan,72.20,65.53,nan,nan,0.00,0.00,0.00,nan
26-Mar-25 7:21:15 PM AEST,nan,nan,nan,nan,nan,nan,nan,11.23,nan,nan,nan,nan
26-Mar-25 7:21:18 PM AEST,nan,0.0,nan,nan,nan,nan,0.00,nan,nan,nan,nan,nan
26-Mar-25 7:21:27 PM AEST,nan,nan,nan,nan,nan,nan,nan,nan,nan,nan,nan,1.00
26-Mar-25 7:21:44 PM AEST,nan,nan,nan,6552.80,nan,nan,nan,nan,nan,nan,nan,nan
26-Mar-25 7:22:00 PM AEST,72.2,nan,nan,nan,nan,nan,nan,nan,nan,nan,nan,nan
26-Mar-25 7:22:30 PM AEST,nan,nan,93.3,nan,0.60,3.41,nan,nan,nan,nan,14.20,nan
26-Mar-25 7:22:31 PM AEST,nan,nan,nan,nan,nan,nan,nan,nan,nan,84.70,nan,nan
26-Mar-25 7:22:35 PM AEST,nan,nan,nan,nan,nan,nan,nan,nan,317.80,nan,nan,nan
26-Mar-25 7:28:00 PM AEST,nan,97.5,nan,nan,nan,nan,125.20,0.00,nan,nan,nan,nan
26-Mar-25 7:28:00 PM AEST,nan,0.0,nan,nan,nan,nan,0.00,0.00,nan,nan,nan,nan
26-Mar-25 7:30:25 PM AEST,nan,nan,nan,nan,nan,nan,nan,11.23,nan,nan,nan,nan
26-Mar-25 7:30:26 PM AEST,nan,24.0,nan,nan,nan,nan,24.00,nan,nan,nan,nan,nan
26-Mar-25 7:32:00 PM AEST,24.0,nan,nan,0.20,nan,nan,nan,nan,nan,nan,nan,0.00
26-Mar-25 7:32:50 PM AEST,nan,nan,nan,nan,nan,nan,nan,9.75,nan,nan,nan,nan
26-Mar-25 7:32:50 PM AEST,nan,nan,nan,nan,nan,nan,nan,0.00,nan,nan,nan,nan
26-Mar-25 7:32:50 PM AEST,nan,nan,nan,nan,nan,nan,nan,9.75,nan,nan,nan,nan
26-Mar-25 7:32:52 PM AEST,nan,97.5,nan,nan,nan,nan,125.20,nan,nan,nan,nan,nan
26-Mar-25 7:32:52 PM AEST,nan,24.0,nan,nan,nan,nan,24.00,nan,nan,nan,nan,nan
26-Mar-25 7:34:00 PM AEST,nan,nan,23.6,nan,72.20,65.53,nan,nan,0.00,0.00,0.00,nan
26-Mar-25 7:35:15 PM AEST,nan,nan,nan,nan,nan,nan,nan,0.00,nan,nan,nan,nan
26-Mar-25 7:35:18 PM AEST,nan,97.5,nan,nan,nan,nan,125.20,nan,nan,nan,nan,nan
26-Mar-25 7:35:18 PM AEST,nan,112.3,nan,nan,nan,nan,112.30,nan,nan,nan,nan,nan
26-Mar-25 7:36:00 PM AEST,112.3,nan,nan,0.00,nan,nan,nan,nan,nan,nan,nan,nan
26-Mar-25 7:36:30 PM AEST,nan,nan,93.3,nan,nan,nan,nan,nan,nan,nan,nan,nan
26-Mar-25 7:36:30 PM AEST,nan,nan,23.6,nan,nan,nan,nan,nan,nan,nan,nan,nan
26-Mar-25 7:37:40 PM AEST,nan,nan,nan,nan,nan,nan,nan,1.48,nan,nan,nan,nan
26-Mar-25 7:40:00 PM AEST,24.0,97.5,nan,0.20,nan,nan,125.20,nan,nan,nan,nan,nan
26-Mar-25 7:40:05 PM AEST,nan,nan,nan,nan,nan,nan,nan,0.00,nan,nan,nan,nan
26-Mar-25 7:42:00 PM AEST,nan,nan,93.3,nan,0.60,3.41,nan,nan,317.80,84.70,14.20,1.00
26-Mar-25 7:42:26 PM AEST,nan,0.0,nan,nan,nan,nan,0.00,nan,nan,nan,nan,nan
26-Mar-25 7:42:29 PM AEST,nan,nan,nan,6552.80,nan,nan,nan,nan,nan,nan,nan,nan
26-Mar-25 7:42:30 PM AEST,72.2,nan,nan,nan,nan,nan,nan,nan,nan,nan,nan,nan
26-Mar-25 7:44:00 PM AEST,nan,nan,nan,nan,nan,nan,nan,11.23,nan,nan,nan,nan
26-Mar-25 7:44:52 PM AEST,nan,97.5,nan,nan,nan,nan,125.20,nan,nan,nan,nan,nan
26-Mar-25 7:44:58 PM AEST,nan,nan,nan,0.20,nan,nan,nan,nan,nan,nan,nan,nan
26-Mar-25 7:44:58 PM AEST,nan,nan,nan,0.00,nan,nan,nan,nan,nan,nan,nan,nan
26-Mar-25 7:45:00 PM AEST,24.0,nan,nan,nan,nan,nan,nan,nan,nan,nan,nan,nan
26-Mar-25 7:46:00 PM AEST,nan,nan,23.6,nan,72.20,65.53,nan,nan,0.00,0.00,0.00,0.00
26-Mar-25 7:46:25 PM AEST,nan,nan,nan,nan,nan,nan,nan,0.00,nan,nan,nan,nan
26-Mar-25 7:46:25 PM AEST,nan,nan,nan,nan,nan,nan,nan,2.40,nan,nan,nan,nan
26-Mar-25 7:47:18 PM AEST,nan,0.2,nan,nan,nan,nan,0.20,nan,nan,nan,nan,nan
26-Mar-25 7:47:18 PM AEST,nan,97.5,nan,nan,nan,nan,125.20,nan,nan,nan,nan,nan
26-Mar-25 7:47:27 PM AEST,nan,nan,nan,0.20,nan,nan,nan,nan,nan,nan,nan,nan
26-Mar-25 7:47:27 PM AEST,nan,nan,nan,14.80,nan,nan,nan,nan,nan,nan,nan,nan
26-Mar-25 7:47:30 PM AEST,0.0,nan,nan,nan,nan,nan,nan,nan,nan,nan,nan,nan
26-Mar-25 7:47:30 PM AEST,24.0,nan,nan,nan,nan,nan,nan,nan,nan,nan,nan,nan
26-Mar-25 7:47:30 PM AEST,51.1,nan,nan,nan,nan,nan,nan,nan,nan,nan,nan,nan
26-Mar-25 7:48:29 PM AEST,nan,nan,nan,nan,nan,nan,nan,nan,nan,nan,nan,14.80
26-Mar-25 7:48:50 PM AEST,nan,nan,nan,nan,nan,nan,nan,0.00,nan,nan,nan,nan
26-Mar-25 7:48:50 PM AEST,nan,nan,nan,nan,nan,nan,nan,1.38,nan,nan,nan,nan
26-Mar-25 7:49:44 PM AEST,nan,51.1,nan,nan,nan,nan,51.10,nan,nan,nan,nan,nan
26-Mar-25 7:52:00 PM AEST,nan,nan,93.3,nan,0.60,3.41,nan,nan,317.80,84.70,14.20,nan
26-Mar-25 7:52:10 PM AEST,nan,0.0,nan,nan,nan,nan,0.00,nan,nan,nan,nan,nan
26-Mar-25 7:54:00 PM AEST,72.2,nan,nan,6552.80,nan,nan,nan,11.23,nan,nan,nan,1.00
26-Mar-25 7:54:30 PM AEST,nan,nan,23.6,nan,72.20,65.53,nan,nan,nan,nan,72.20,nan
26-Mar-25 7:54:31 PM AEST,nan,nan,nan,nan,nan,nan,nan,nan,nan,72.20,nan,nan
26-Mar-25 7:54:35 PM AEST,nan,nan,nan,nan,nan,nan,nan,nan,0.00,nan,nan,nan
26-Mar-25 7:54:36 PM AEST,nan,nan,nan,nan,nan,nan,112.30,nan,nan,nan,nan,nan
26-Mar-25 7:56:29 PM AEST,nan,nan,nan,0.00,nan,nan,nan,nan,nan,nan,nan,0.00
26-Mar-25 7:56:30 PM AEST,0.0,nan,nan,nan,nan,nan,nan,nan,nan,nan,nan,nan
26-Mar-25 7:57:00 PM AEST,nan,nan,1.4,nan,0.90,0.01,nan,nan,nan,nan,0.90,nan
26-Mar-25 7:57:02 PM AEST,nan,nan,nan,nan,nan,nan,0.00,nan,nan,8.30,nan,nan
26-Mar-25 7:57:10 PM AEST,nan,nan,nan,nan,nan,nan,nan,nan,8.30,nan,nan,nan
26-Mar-25 7:58:58 PM AEST,nan,nan,nan,6552.80,nan,nan,nan,nan,nan,nan,nan,1.00
26-Mar-25 7:58:58 PM AEST,nan,nan,nan,0.00,nan,nan,nan,nan,nan,nan,nan,72.20
26-Mar-25 7:59:00 PM AEST,72.2,nan,nan,nan,nan,nan,nan,nan,nan,nan,nan,nan
26-Mar-25 7:59:00 PM AEST,0.0,nan,nan,nan,nan,nan,nan,nan,nan,nan,nan,nan
26-Mar-25 7:59:30 PM AEST,nan,nan,23.6,nan,1.00,0.24,nan,nan,nan,nan,1.00,nan
26-Mar-25 7:59:33 PM AEST,nan,nan,nan,nan,nan,nan,nan,nan,nan,1.00,nan,nan
26-Mar-25 7:59:45 PM AEST,nan,nan,nan,nan,nan,nan,nan,nan,6552.80,nan,nan,nan
26-Mar-25 8:01:27 PM AEST,nan,nan,nan,6552.80,nan,nan,nan,nan,nan,nan,nan,1.00
26-Mar-25 8:01:30 PM AEST,72.2,nan,nan,nan,nan,nan,nan,nan,nan,nan,nan,nan
26-Mar-25 8:02:00 PM AEST,nan,nan,14.2,nan,84.70,0.14,nan,nan,nan,nan,84.70,nan
26-Mar-25 8:02:04 PM AEST,nan,nan,nan,nan,nan,nan,nan,nan,nan,84.70,nan,nan
26-Mar-25 8:02:20 PM AEST,nan,nan,nan,nan,nan,nan,nan,nan,317.80,nan,nan,nan
26-Mar-25 8:04:30 PM AEST,nan,nan,93.3,nan,0.60,3.41,nan,nan,nan,nan,14.20,nan
26-Mar-25 8:10:00 PM AEST,nan,nan,8.3,72.20,23.60,0.24,nan,nan,1.00,1.00,23.60,72.20
26-Mar-25 8:12:29 PM AEST,nan,nan,nan,6552.80,nan,nan,nan,nan,nan,nan,nan,1.00
26-Mar-25 8:12:30 PM AEST,nan,nan,14.2,nan,84.70,0.85,nan,nan,nan,nan,317.80,nan
26-Mar-25 8:12:30 PM AEST,nan,nan,8.3,nan,23.60,0.24,nan,nan,nan,nan,23.60,nan
26-Mar-25 8:12:31 PM AEST,nan,nan,nan,nan,nan,nan,nan,nan,nan,317.80,nan,nan
26-Mar-25 8:12:31 PM AEST,nan,nan,nan,nan,nan,nan,nan,nan,nan,1.00,nan,nan
26-Mar-25 8:12:35 PM AEST,nan,nan,nan,nan,nan,nan,nan,nan,317.80,nan,nan,nan
26-Mar-25 8:12:35 PM AEST,nan,nan,nan,nan,nan,nan,nan,nan,1.00,nan,nan,nan
26-Mar-25 8:14:58 PM AEST,nan,nan,nan,72.20,nan,nan,nan,nan,nan,nan,nan,72.20
26-Mar-25 8:15:00 PM AEST,nan,nan,341.4,nan,nan,nan,nan,nan,nan,nan,nan,nan
26-Mar-25 8:15:10 PM AEST,nan,nan,nan,nan,nan,nan,nan,nan,317.80,nan,nan,nan
26-Mar-25 8:16:00 PM AEST,nan,nan,nan,nan,0.60,3.41,nan,nan,nan,84.70,14.20,nan
26-Mar-25 8:17:27 PM AEST,nan,nan,nan,6552.80,nan,nan,nan,nan,nan,nan,nan,1.00
26-Mar-25 8:17:27 PM AEST,nan,nan,nan,51.10,nan,nan,nan,nan,nan,nan,nan,51.10
26-Mar-25 8:17:30 PM AEST,nan,nan,23.6,nan,nan,nan,nan,nan,nan,nan,nan,nan
26-Mar-25 8:17:45 PM AEST,nan,nan,nan,nan,nan,nan,nan,nan,0.00,nan,nan,nan
26-Mar-25 8:18:00 PM AEST,51.1,13.8,nan,nan,nan,nan,13.80,0.00,nan,nan,nan,nan
26-Mar-25 8:18:30 PM AEST,nan,nan,nan,nan,72.20,65.53,nan,nan,nan,nan,0.00,nan
26-Mar-25 8:18:31 PM AEST,nan,nan,nan,nan,nan,nan,nan,nan,nan,0.00,nan,nan
26-Mar-25 8:19:56 PM AEST,nan,nan,nan,6552.80,nan,nan,nan,nan,nan,nan,nan,1.00
26-Mar-25 8:20:00 PM AEST,nan,nan,93.3,nan,nan,nan,nan,nan,nan,nan,nan,nan
26-Mar-25 8:20:20 PM AEST,nan,nan,nan,nan,nan,nan,nan,nan,317.80,nan,nan,nan
26-Mar-25 8:20:25 PM AEST,nan,nan,nan,nan,nan,nan,nan,11.23,nan,nan,nan,nan
26-Mar-25 8:20:26 PM AEST,nan,0.0,nan,nan,nan,nan,0.00,nan,nan,nan,nan,nan
26-Mar-25 8:20:30 PM AEST,72.2,nan,nan,nan,nan,nan,nan,nan,nan,nan,nan,nan
26-Mar-25 8:21:00 PM AEST,nan,nan,nan,nan,0.60,3.41,nan,nan,nan,nan,14.20,nan
26-Mar-25 8:21:02 PM AEST,nan,nan,nan,nan,nan,nan,nan,nan,nan,84.70,nan,nan
26-Mar-25 8:22:30 PM AEST,nan,nan,98.2,nan,nan,nan,nan,nan,nan,nan,nan,nan
26-Mar-25 8:22:30 PM AEST,nan,nan,23.6,nan,nan,nan,nan,nan,nan,nan,nan,nan
26-Mar-25 8:22:55 PM AEST,nan,nan,nan,nan,nan,nan,nan,nan,0.00,nan,nan,nan
26-Mar-25 8:23:30 PM AEST,nan,nan,nan,nan,72.20,65.53,nan,nan,nan,nan,0.00,nan
26-Mar-25 8:23:33 PM AEST,nan,nan,nan,nan,nan,nan,nan,nan,nan,0.00,nan,nan
26-Mar-25 8:24:00 PM AEST,112.3,112.3,nan,0.00,nan,nan,112.30,1.48,nan,nan,nan,0.00
26-Mar-25 8:25:00 PM AEST,nan,nan,93.3,nan,nan,nan,nan,nan,nan,nan,nan,nan
26-Mar-25 8:25:30 PM AEST,nan,nan,nan,nan,nan,nan,nan,nan,317.80,nan,nan,nan
26-Mar-25 8:26:00 PM AEST,nan,nan,nan,nan,0.60,3.41,nan,nan,nan,nan,14.20,nan
26-Mar-25 8:26:04 PM AEST,nan,nan,nan,nan,nan,nan,nan,nan,nan,84.70,nan,nan
26-Mar-25 8:26:25 PM AEST,nan,nan,nan,nan,nan,nan,nan,11.23,nan,nan,nan,nan
26-Mar-25 8:26:26 PM AEST,nan,0.0,nan,nan,nan,nan,0.00,nan,nan,nan,nan,nan
26-Mar-25 8:26:29 PM AEST,nan,nan,nan,6552.80,nan,nan,nan,nan,nan,nan,nan,1.00
26-Mar-25 8:26:30 PM AEST,72.2,nan,nan,nan,nan,nan,nan,nan,nan,nan,nan,nan
26-Mar-25 8:27:30 PM AEST,nan,nan,23.6,nan,nan,nan,nan,nan,nan,nan,nan,nan
26-Mar-25 8:28:05 PM AEST,nan,nan,nan,nan,nan,nan,nan,nan,0.00,nan,nan,nan
26-Mar-25 8:28:30 PM AEST,nan,nan,nan,nan,72.20,65.53,nan,nan,nan,nan,0.00,nan
26-Mar-25 8:28:30 PM AEST,nan,nan,nan,nan,0.60,3.41,nan,nan,nan,nan,14.20,nan
26-Mar-25 8:28:35 PM AEST,nan,nan,nan,nan,nan,nan,nan,nan,nan,0.00,nan,nan
26-Mar-25 8:28:35 PM AEST,nan,nan,nan,nan,nan,nan,nan,nan,nan,84.70,nan,nan
26-Mar-25 8:28:50 PM AEST,nan,nan,nan,nan,nan,nan,nan,0.00,nan,nan,nan,nan
26-Mar-25 8:28:52 PM AEST,nan,97.5,nan,nan,nan,nan,125.20,nan,nan,nan,nan,nan
26-Mar-25 8:28:58 PM AEST,nan,nan,nan,0.20,nan,nan,nan,nan,nan,nan,nan,0.00
26-Mar-25 8:29:00 PM AEST,24.0,nan,nan,nan,nan,nan,nan,nan,nan,nan,nan,nan
26-Mar-25 8:30:00 PM AEST,nan,nan,93.3,nan,nan,nan,nan,nan,nan,nan,nan,nan
26-Mar-25 8:30:40 PM AEST,nan,nan,nan,nan,nan,nan,nan,nan,317.80,nan,nan,nan
26-Mar-25 8:31:15 PM AEST,nan,nan,nan,nan,nan,nan,nan,11.23,nan,nan,nan,nan
26-Mar-25 8:31:18 PM AEST,nan,0.0,nan,nan,nan,nan,0.00,nan,nan,nan,nan,nan
26-Mar-25 8:31:27 PM AEST,nan,nan,nan,6552.80,nan,nan,nan,nan,nan,nan,nan,1.00
26-Mar-25 8:31:30 PM AEST,72.2,nan,nan,nan,nan,nan,nan,nan,nan,nan,nan,nan
26-Mar-25 8:33:15 PM AEST,nan,nan,nan,nan,nan,nan,nan,nan,0.00,nan,nan,nan
26-Mar-25 8:33:40 PM AEST,nan,nan,nan,nan,nan,nan,nan,0.00,nan,nan,nan,nan
26-Mar-25 8:33:40 PM AEST,nan,nan,nan,nan,nan,nan,nan,0.02,nan,nan,nan,nan
26-Mar-25 8:33:44 PM AEST,nan,97.5,nan,nan,nan,nan,125.20,nan,nan,nan,nan,nan
26-Mar-25 8:33:44 PM AEST,nan,0.0,nan,nan,nan,nan,0.00,nan,nan,nan,nan,nan
26-Mar-25 8:33:56 PM AEST,nan,nan,nan,0.20,nan,nan,nan,nan,nan,nan,nan,0.00
26-Mar-25 8:33:56 PM AEST,nan,nan,nan,13.80,nan,nan,nan,nan,nan,nan,nan,13.80
26-Mar-25 8:34:00 PM AEST,24.0,nan,23.6,nan,72.20,65.53,nan,nan,nan,0.00,0.00,nan
26-Mar-25 8:34:00 PM AEST,0.0,nan,23.6,nan,72.20,65.53,nan,nan,nan,0.00,0.00,nan
26-Mar-25 8:36:05 PM AEST,nan,nan,nan,nan,nan,nan,nan,11.23,nan,nan,nan,nan
26-Mar-25 8:36:10 PM AEST,nan,nan,nan,nan,nan,nan,112.30,nan,nan,nan,nan,nan
26-Mar-25 8:36:25 PM AEST,nan,nan,nan,0.00,nan,nan,nan,nan,nan,nan,nan,0.00
26-Mar-25 8:36:30 PM AEST,nan,nan,nan,nan,nan,nan,nan,nan,nan,nan,72.20,nan
26-Mar-25 8:36:31 PM AEST,nan,nan,nan,nan,nan,nan,nan,nan,nan,72.20,nan,nan
26-Mar-25 8:40:00 PM AEST,nan,nan,93.3,nan,0.60,3.41,nan,nan,317.80,84.70,14.20,nan
26-Mar-25 8:42:00 PM AEST,24.0,97.5,nan,0.20,nan,nan,125.20,0.00,nan,nan,nan,1.00
26-Mar-25 8:42:00 PM AEST,24.0,97.5,nan,6552.80,nan,nan,125.20,0.00,nan,nan,nan,1.00
26-Mar-25 8:42:30 PM AEST,nan,nan,0.9,nan,8.30,0.01,nan,nan,nan,nan,8.30,nan
26-Mar-25 8:42:31 PM AEST,nan,nan,nan,nan,nan,nan,nan,nan,nan,8.30,nan,nan
26-Mar-25 8:42:35 PM AEST,nan,nan,nan,nan,nan,nan,nan,nan,23.60,nan,nan,nan
26-Mar-25 8:44:25 PM AEST,nan,nan,nan,nan,nan,nan,nan,11.23,nan,nan,nan,nan
26-Mar-25 8:44:25 PM AEST,nan,nan,nan,nan,nan,nan,nan,0.00,nan,nan,nan,nan
26-Mar-25 8:44:26 PM AEST,nan,0.0,nan,nan,nan,nan,0.00,nan,nan,nan,nan,nan
26-Mar-25 8:44:26 PM AEST,nan,97.5,nan,nan,nan,nan,125.20,nan,nan,nan,nan,nan
26-Mar-25 8:44:29 PM AEST,nan,nan,nan,0.20,nan,nan,nan,nan,nan,nan,nan,0.00
26-Mar-25 8:44:30 PM AEST,72.2,nan,nan,nan,nan,nan,nan,nan,nan,nan,nan,nan
26-Mar-25 8:44:30 PM AEST,24.0,nan,nan,nan,nan,nan,nan,nan,nan,nan,nan,nan
26-Mar-25 8:45:00 PM AEST,nan,nan,23.6,nan,72.20,65.53,nan,nan,nan,nan,0.00,nan
26-Mar-25 8:45:00 PM AEST,nan,nan,341.4,nan,0.60,0.01,nan,nan,nan,nan,14.20,nan
26-Mar-25 8:45:02 PM AEST,nan,nan,nan,nan,nan,nan,nan,nan,nan,0.00,nan,nan
26-Mar-25 8:45:02 PM AEST,nan,nan,nan,nan,nan,nan,nan,nan,nan,84.70,nan,nan
26-Mar-25 8:45:10 PM AEST,nan,nan,nan,nan,nan,nan,nan,nan,0.00,nan,nan,nan
26-Mar-25 8:45:10 PM AEST,nan,nan,nan,nan,nan,nan,nan,nan,317.80,nan,nan,nan
26-Mar-25 8:46:50 PM AEST,nan,nan,nan,nan,nan,nan,nan,11.23,nan,nan,nan,nan
26-Mar-25 8:46:52 PM AEST,nan,0.0,nan,nan,nan,nan,0.00,nan,nan,nan,nan,nan
26-Mar-25 8:46:58 PM AEST,nan,nan,nan,6552.80,nan,nan,nan,nan,nan,nan,nan,1.00
26-Mar-25 8:47:00 PM AEST,72.2,nan,nan,nan,nan,nan,nan,nan,nan,nan,nan,nan
26-Mar-25 8:47:30 PM AEST,nan,nan,93.3,nan,nan,3.41,nan,nan,nan,nan,nan,nan
26-Mar-25 8:49:15 PM AEST,nan,nan,nan,nan,nan,nan,nan,0.00,nan,nan,nan,nan
26-Mar-25 8:49:18 PM AEST,nan,97.5,nan,nan,nan,nan,125.20,nan,nan,nan,nan,nan
26-Mar-25 8:51:40 PM AEST,nan,nan,nan,nan,nan,nan,nan,11.23,nan,nan,nan,nan
26-Mar-25 8:51:44 PM AEST,nan,0.0,nan,nan,nan,nan,0.00,nan,nan,nan,nan,nan
26-Mar-25 8:54:00 PM AEST,24.0,nan,nan,0.20,nan,nan,nan,nan,nan,nan,nan,nan
26-Mar-25 8:54:05 PM AEST,nan,nan,nan,nan,nan,nan,nan,12.52,nan,nan,nan,nan
26-Mar-25 8:54:10 PM AEST,nan,97.5,nan,nan,nan,nan,97.50,nan,nan,nan,nan,nan
26-Mar-25 8:56:00 PM AEST,nan,nan,nan,nan,72.20,65.53,nan,nan,0.00,0.00,0.00,112.30
26-Mar-25 8:56:29 PM AEST,nan,nan,nan,14.80,nan,nan,nan,nan,nan,nan,nan,nan
26-Mar-25 8:56:29 PM AEST,nan,nan,nan,0.20,nan,nan,nan,nan,nan,nan,nan,nan
26-Mar-25 8:56:30 PM AEST,14.8,nan,nan,nan,nan,nan,nan,5.11,nan,nan,nan,nan
26-Mar-25 8:56:30 PM AEST,24.0,nan,nan,nan,nan,nan,nan,0.00,nan,nan,nan,nan
26-Mar-25 8:56:36 PM AEST,nan,14.8,nan,nan,nan,nan,51.10,nan,nan,nan,nan,nan
26-Mar-25 8:56:36 PM AEST,nan,97.5,nan,nan,nan,nan,125.20,nan,nan,nan,nan,nan
26-Mar-25 8:58:00 PM AEST,nan,nan,23.6,nan,nan,nan,nan,nan,nan,nan,nan,nan
26-Mar-25 8:58:00 PM AEST,nan,nan,341.4,nan,nan,nan,nan,nan,nan,nan,nan,nan
26-Mar-25 8:58:29 PM AEST,nan,nan,nan,nan,nan,nan,nan,nan,nan,nan,nan,0.00
26-Mar-25 8:58:29 PM AEST,nan,nan,nan,nan,nan,nan,nan,nan,nan,nan,nan,1.00
26-Mar-25 8:58:30 PM AEST,nan,nan,nan,nan,0.60,3.41,nan,nan,nan,nan,14.20,nan
26-Mar-25 8:58:31 PM AEST,nan,nan,nan,nan,nan,nan,nan,nan,nan,84.70,nan,nan
26-Mar-25 8:58:35 PM AEST,nan,nan,nan,nan,nan,nan,nan,nan,317.80,nan,nan,nan
26-Mar-25 8:58:55 PM AEST,nan,nan,nan,nan,nan,nan,nan,11.23,nan,nan,nan,nan
26-Mar-25 8:58:58 PM AEST,nan,nan,nan,6552.80,nan,nan,nan,nan,nan,nan,nan,nan
26-Mar-25 8:59:00 PM AEST,72.2,nan,nan,nan,nan,nan,nan,nan,nan,nan,nan,nan
26-Mar-25 8:59:02 PM AEST,nan,0.0,nan,nan,nan,nan,0.00,nan,nan,nan,nan,nan
26-Mar-25 9:00:30 PM AEST,nan,nan,317.8,nan,nan,nan,nan,nan,nan,nan,nan,nan
26-Mar-25 9:01:00 PM AEST,nan,nan,nan,nan,1.40,0.01,nan,nan,nan,nan,0.90,nan
26-Mar-25 9:01:02 PM AEST,nan,nan,nan,nan,nan,nan,nan,nan,nan,0.90,nan,nan
26-Mar-25 9:01:10 PM AEST,nan,nan,nan,nan,nan,nan,nan,nan,0.90,nan,nan,nan
26-Mar-25 9:03:00 PM AEST,nan,nan,98.2,nan,nan,nan,nan,nan,nan,nan,nan,nan
26-Mar-25 9:03:30 PM AEST,nan,nan,nan,nan,0.60,3.41,nan,nan,nan,nan,14.20,nan
26-Mar-25 9:03:33 PM AEST,nan,nan,nan,nan,nan,nan,nan,nan,nan,84.70,nan,nan
26-Mar-25 9:03:45 PM AEST,nan,nan,nan,nan,nan,nan,nan,nan,317.80,nan,nan,nan
26-Mar-25 9:05:30 PM AEST,nan,nan,93.3,nan,nan,nan,nan,nan,nan,nan,nan,nan
26-Mar-25 9:05:30 PM AEST,nan,nan,341.4,nan,nan,nan,nan,nan,nan,nan,nan,nan
26-Mar-25 9:06:00 PM AEST,nan,97.5,nan,nan,nan,0.01,125.20,0.00,nan,nan,nan,nan
26-Mar-25 9:06:00 PM AEST,nan,0.0,nan,nan,nan,0.01,0.00,0.00,nan,nan,nan,nan
26-Mar-25 9:08:00 PM AEST,51.1,nan,23.6,14.80,72.20,nan,nan,nan,0.00,0.00,0.00,14.80
26-Mar-25 9:08:25 PM AEST,nan,nan,nan,nan,nan,nan,nan,11.23,nan,nan,nan,nan
26-Mar-25 9:08:25 PM AEST,nan,nan,nan,nan,nan,nan,nan,1.38,nan,nan,nan,nan
26-Mar-25 9:08:26 PM AEST,nan,51.1,nan,nan,nan,nan,51.10,nan,nan,nan,nan,nan
26-Mar-25 9:08:30 PM AEST,nan,nan,nan,nan,nan,65.53,nan,nan,nan,nan,nan,nan
26-Mar-25 9:10:29 PM AEST,nan,nan,nan,0.20,nan,nan,nan,nan,nan,nan,nan,0.00
26-Mar-25 9:10:29 PM AEST,nan,nan,nan,0.00,nan,nan,nan,nan,nan,nan,nan,72.20
26-Mar-25 9:10:30 PM AEST,24.0,nan,nan,nan,1.00,nan,nan,nan,nan,nan,1.00,nan
26-Mar-25 9:10:30 PM AEST,0.0,nan,nan,nan,1.00,nan,nan,nan,nan,nan,1.00,nan
26-Mar-25 9:10:31 PM AEST,nan,nan,nan,nan,nan,nan,nan,nan,nan,1.00,nan,nan
26-Mar-25 9:10:35 PM AEST,nan,nan,nan,nan,nan,nan,nan,nan,6552.80,nan,nan,nan
26-Mar-25 9:10:50 PM AEST,nan,nan,nan,nan,nan,nan,nan,0.00,nan,nan,nan,nan
26-Mar-25 9:10:50 PM AEST,nan,nan,nan,nan,nan,nan,nan,11.23,nan,nan,nan,nan
26-Mar-25 9:10:52 PM AEST,nan,97.5,nan,nan,nan,nan,125.20,nan,nan,nan,nan,nan
26-Mar-25 9:10:52 PM AEST,nan,0.0,nan,nan,nan,nan,0.00,nan,nan,nan,nan,nan
26-Mar-25 9:11:00 PM AEST,nan,nan,nan,nan,nan,0.24,nan,nan,nan,nan,nan,nan
26-Mar-25 9:12:00 PM AEST,nan,nan,341.4,nan,nan,nan,nan,nan,nan,nan,nan,nan
26-Mar-25 9:12:58 PM AEST,nan,nan,nan,6552.80,nan,nan,nan,nan,nan,nan,nan,1.00
26-Mar-25 9:13:00 PM AEST,72.2,nan,nan,nan,0.60,nan,nan,nan,nan,nan,14.20,nan
26-Mar-25 9:13:02 PM AEST,nan,nan,nan,nan,nan,nan,nan,nan,nan,84.70,nan,nan
26-Mar-25 9:13:10 PM AEST,nan,nan,nan,nan,nan,nan,nan,nan,317.80,nan,nan,nan
26-Mar-25 9:13:30 PM AEST,nan,nan,nan,nan,nan,0.01,nan,nan,nan,nan,nan,nan
26-Mar-25 9:13:30 PM AEST,nan,nan,nan,nan,nan,0.01,nan,nan,nan,nan,nan,nan
26-Mar-25 9:14:30 PM AEST,nan,nan,1.4,nan,nan,nan,nan,nan,nan,nan,nan,nan
26-Mar-25 9:15:30 PM AEST,nan,nan,nan,nan,0.90,nan,nan,nan,nan,nan,0.90,nan
26-Mar-25 9:15:33 PM AEST,nan,nan,nan,nan,nan,nan,nan,nan,nan,8.30,nan,nan
26-Mar-25 9:15:45 PM AEST,nan,nan,nan,nan,nan,nan,nan,nan,8.30,nan,nan,nan
26-Mar-25 9:15:45 PM AEST,nan,nan,nan,nan,nan,nan,nan,nan,317.80,nan,nan,nan
26-Mar-25 9:16:00 PM AEST,nan,nan,nan,nan,nan,3.41,nan,nan,nan,nan,nan,nan
26-Mar-25 9:17:00 PM AEST,nan,nan,341.4,nan,nan,nan,nan,nan,nan,nan,nan,nan
26-Mar-25 9:18:00 PM AEST,nan,nan,nan,nan,0.60,nan,nan,nan,nan,nan,14.20,nan
26-Mar-25 9:18:04 PM AEST,nan,nan,nan,nan,nan,nan,nan,nan,nan,84.70,nan,nan
26-Mar-25 9:19:30 PM AEST,nan,nan,93.3,nan,nan,nan,nan,nan,nan,nan,nan,nan
26-Mar-25 9:20:00 PM AEST,nan,97.5,nan,nan,nan,nan,125.20,0.00,nan,nan,nan,nan
26-Mar-25 9:22:25 PM AEST,nan,nan,nan,nan,nan,nan,nan,11.23,nan,nan,nan,nan
26-Mar-25 9:22:26 PM AEST,nan,0.0,nan,nan,nan,nan,0.00,nan,nan,nan,nan,nan
26-Mar-25 9:24:00 PM AEST,24.0,nan,23.6,0.20,72.20,65.53,nan,nan,0.00,0.00,0.00,0.00
26-Mar-25 9:24:50 PM AEST,nan,nan,nan,nan,nan,nan,nan,0.00,nan,nan,nan,nan
26-Mar-25 9:24:52 PM AEST,nan,97.5,nan,nan,nan,nan,125.20,nan,nan,nan,nan,nan
26-Mar-25 9:26:29 PM AEST,nan,nan,nan,6552.80,nan,nan,nan,nan,nan,nan,nan,1.00
26-Mar-25 9:26:30 PM AEST,72.2,nan,93.3,nan,0.60,3.41,nan,nan,nan,nan,14.20,nan
26-Mar-25 9:26:31 PM AEST,nan,nan,nan,nan,nan,nan,nan,nan,nan,84.70,nan,nan
26-Mar-25 9:26:35 PM AEST,nan,nan,nan,nan,nan,nan,nan,nan,317.80,nan,nan,nan
26-Mar-25 9:27:15 PM AEST,nan,nan,nan,nan,nan,nan,nan,11.23,nan,nan,nan,nan
26-Mar-25 9:27:18 PM AEST,nan,0.0,nan,nan,nan,nan,0.00,nan,nan,nan,nan,nan
26-Mar-25 9:28:58 PM AEST,nan,nan,nan,0.20,nan,nan,nan,nan,nan,nan,nan,0.00
26-Mar-25 9:29:00 PM AEST,24.0,nan,23.6,nan,72.20,65.53,nan,nan,nan,nan,0.00,nan
26-Mar-25 9:29:00 PM AEST,0.2,nan,23.6,nan,72.20,65.53,nan,nan,nan,nan,0.00,nan
26-Mar-25 9:29:02 PM AEST,nan,nan,nan,nan,nan,nan,nan,nan,nan,0.00,nan,nan
26-Mar-25 9:29:10 PM AEST,nan,nan,nan,nan,nan,nan,nan,nan,0.00,nan,nan,nan
26-Mar-25 9:29:40 PM AEST,nan,nan,nan,nan,nan,nan,nan,0.00,nan,nan,nan,nan
26-Mar-25 9:29:40 PM AEST,nan,nan,nan,nan,nan,nan,nan,2.40,nan,nan,nan,nan
26-Mar-25 9:29:40 PM AEST,nan,nan,nan,nan,nan,nan,nan,0.00,nan,nan,nan,nan
26-Mar-25 9:29:44 PM AEST,nan,97.5,nan,nan,nan,nan,125.20,nan,nan,nan,nan,nan
26-Mar-25 9:29:44 PM AEST,nan,0.2,nan,nan,nan,nan,24.00,nan,nan,nan,nan,nan
26-Mar-25 9:29:44 PM AEST,nan,97.5,nan,nan,nan,nan,125.20,nan,nan,nan,nan,nan
26-Mar-25 9:31:27 PM AEST,nan,nan,nan,0.00,nan,nan,nan,nan,nan,nan,nan,nan
26-Mar-25 9:31:30 PM AEST,24.0,nan,nan,nan,nan,nan,nan,nan,nan,nan,nan,nan
26-Mar-25 9:31:30 PM AEST,112.3,nan,nan,nan,nan,nan,nan,nan,nan,nan,nan,nan
26-Mar-25 9:32:05 PM AEST,nan,nan,nan,nan,nan,nan,nan,1.48,nan,nan,nan,nan
26-Mar-25 9:32:10 PM AEST,nan,112.3,nan,nan,nan,nan,112.30,nan,nan,nan,nan,nan
26-Mar-25 9:33:56 PM AEST,nan,nan,nan,6552.80,nan,nan,nan,nan,nan,nan,nan,nan
26-Mar-25 9:34:00 PM AEST,72.2,nan,317.8,nan,1.40,3.18,nan,nan,0.90,1.40,1.40,1.00
26-Mar-25 9:34:30 PM AEST,nan,nan,nan,nan,nan,nan,nan,11.23,nan,nan,nan,nan
26-Mar-25 9:34:36 PM AEST,nan,0.0,nan,nan,nan,nan,0.00,nan,nan,nan,nan,nan
26-Mar-25 9:36:29 PM AEST,nan,nan,nan,nan,nan,nan,nan,nan,nan,nan,nan,6552.80
26-Mar-25 9:36:30 PM AEST,nan,nan,93.3,nan,0.60,3.41,nan,nan,nan,nan,14.20,nan
26-Mar-25 9:36:30 PM AEST,nan,nan,0.9,nan,8.30,0.08,nan,nan,nan,nan,23.60,nan
26-Mar-25 9:36:31 PM AEST,nan,nan,nan,nan,nan,nan,nan,nan,nan,84.70,nan,nan
26-Mar-25 9:36:31 PM AEST,nan,nan,nan,nan,nan,nan,nan,nan,nan,23.60,nan,nan
26-Mar-25 9:36:35 PM AEST,nan,nan,nan,nan,nan,nan,nan,nan,317.80,nan,nan,nan
26-Mar-25 9:36:35 PM AEST,nan,nan,nan,nan,nan,nan,nan,nan,23.60,nan,nan,nan
26-Mar-25 9:38:58 PM AEST,nan,nan,nan,nan,nan,nan,nan,nan,nan,nan,nan,112.30
26-Mar-25 9:39:00 PM AEST,nan,nan,23.6,nan,72.20,65.53,nan,nan,nan,nan,0.00,nan
26-Mar-25 9:39:02 PM AEST,nan,nan,nan,nan,nan,nan,nan,nan,nan,0.00,nan,nan
26-Mar-25 9:39:10 PM AEST,nan,nan,nan,nan,nan,nan,nan,nan,0.00,nan,nan,nan
26-Mar-25 9:40:00 PM AEST,112.3,14.8,nan,112.30,nan,nan,14.80,5.11,nan,nan,nan,nan
26-Mar-25 9:40:00 PM AEST,24.0,97.5,nan,0.20,nan,nan,125.20,0.00,nan,nan,nan,nan
26-Mar-25 9:41:27 PM AEST,nan,nan,nan,nan,nan,nan,nan,nan,nan,nan,nan,0.00
26-Mar-25 9:41:30 PM AEST,nan,nan,93.3,nan,0.60,3.41,nan,nan,nan,nan,14.20,nan
26-Mar-25 9:41:33 PM AEST,nan,nan,nan,nan,nan,nan,nan,nan,nan,84.70,nan,nan
26-Mar-25 9:41:45 PM AEST,nan,nan,nan,nan,nan,nan,nan,nan,317.80,nan,nan,nan
26-Mar-25 9:43:56 PM AEST,nan,nan,nan,nan,nan,nan,nan,nan,nan,nan,nan,1.00
26-Mar-25 9:44:00 PM AEST,72.2,0.0,341.4,6552.80,nan,nan,0.00,11.23,nan,nan,nan,nan
26-Mar-25 9:46:25 PM AEST,nan,nan,nan,nan,nan,nan,nan,0.00,nan,nan,nan,nan
26-Mar-25 9:46:26 PM AEST,nan,nan,nan,nan,nan,nan,125.20,nan,nan,nan,nan,nan
26-Mar-25 9:46:30 PM AEST,nan,nan,93.3,nan,nan,nan,nan,nan,nan,nan,nan,nan
26-Mar-25 9:46:30 PM AEST,nan,nan,8.3,nan,nan,nan,nan,nan,nan,nan,nan,nan
26-Mar-25 9:48:00 PM AEST,nan,nan,nan,72.20,23.60,0.24,nan,nan,1.00,1.00,23.60,72.20
26-Mar-25 9:48:50 PM AEST,nan,nan,nan,nan,nan,nan,nan,11.23,nan,nan,nan,nan
26-Mar-25 9:48:52 PM AEST,nan,nan,nan,nan,nan,nan,0.00,nan,nan,nan,nan,nan
26-Mar-25 9:49:00 PM AEST,nan,nan,93.3,nan,nan,nan,nan,nan,nan,nan,nan,nan
26-Mar-25 9:50:29 PM AEST,nan,nan,nan,6552.80,nan,nan,nan,nan,nan,nan,nan,1.00
26-Mar-25 9:50:30 PM AEST,nan,nan,nan,nan,0.60,3.41,nan,nan,nan,nan,14.20,nan
26-Mar-25 9:50:30 PM AEST,nan,nan,nan,nan,72.20,65.53,nan,nan,nan,nan,0.00,nan
26-Mar-25 9:50:31 PM AEST,nan,nan,nan,nan,nan,nan,nan,nan,nan,84.70,nan,nan
26-Mar-25 9:50:31 PM AEST,nan,nan,nan,nan,nan,nan,nan,nan,nan,0.00,nan,nan
26-Mar-25 9:50:35 PM AEST,nan,nan,nan,nan,nan,nan,nan,nan,317.80,nan,nan,nan
26-Mar-25 9:50:35 PM AEST,nan,nan,nan,nan,nan,nan,nan,nan,0.00,nan,nan,nan
26-Mar-25 9:51:15 PM AEST,nan,nan,nan,nan,nan,nan,nan,5.11,nan,nan,nan,nan
26-Mar-25 9:51:18 PM AEST,nan,nan,nan,nan,nan,nan,51.10,nan,nan,nan,nan,nan
26-Mar-25 9:51:30 PM AEST,nan,nan,23.6,nan,nan,nan,nan,nan,nan,nan,nan,nan
26-Mar-25 9:52:00 PM AEST,14.8,14.8,nan,nan,nan,nan,nan,nan,nan,nan,nan,nan
26-Mar-25 9:52:58 PM AEST,nan,nan,nan,14.80,nan,nan,nan,nan,nan,nan,nan,112.30
26-Mar-25 9:53:00 PM AEST,nan,nan,nan,nan,1.40,0.01,nan,nan,nan,nan,0.90,nan
26-Mar-25 9:53:02 PM AEST,nan,nan,nan,nan,nan,nan,nan,nan,nan,0.90,nan,nan
26-Mar-25 9:53:10 PM AEST,nan,nan,nan,nan,nan,nan,nan,nan,0.90,nan,nan,nan
26-Mar-25 9:53:40 PM AEST,nan,nan,nan,nan,nan,nan,nan,11.23,nan,nan,nan,nan
26-Mar-25 9:53:44 PM AEST,nan,nan,nan,nan,nan,nan,0.00,nan,nan,nan,nan,nan
26-Mar-25 9:54:00 PM AEST,nan,nan,317.8,nan,nan,nan,nan,nan,nan,nan,nan,nan
26-Mar-25 9:54:26 PM AEST,nan,0.0,nan,nan,nan,nan,nan,nan,nan,nan,nan,nan
26-Mar-25 9:54:30 PM AEST,72.2,nan,nan,nan,nan,nan,nan,nan,nan,nan,nan,nan
26-Mar-25 9:55:27 PM AEST,nan,nan,nan,6552.80,nan,nan,nan,nan,nan,nan,nan,1.00
26-Mar-25 9:55:30 PM AEST,nan,nan,nan,nan,0.60,3.41,nan,nan,nan,nan,14.20,nan
26-Mar-25 9:55:33 PM AEST,nan,nan,nan,nan,nan,nan,nan,nan,nan,84.70,nan,nan
26-Mar-25 9:55:45 PM AEST,nan,nan,nan,nan,nan,nan,nan,nan,317.80,nan,nan,nan
26-Mar-25 9:56:30 PM AEST,nan,nan,93.3,nan,nan,nan,nan,nan,nan,nan,nan,nan
26-Mar-25 10:00:00 PM AEST,0.0,0.2,nan,0.00,nan,nan,0.20,2.40,nan,nan,nan,0.00
26-Mar-25 10:02:00 PM AEST,nan,nan,23.6,nan,72.20,65.53,nan,nan,0.00,0.00,0.00,nan
26-Mar-25 10:02:00 PM AEST,nan,nan,93.3,nan,72.20,65.53,nan,nan,0.00,0.00,0.00,nan
26-Mar-25 10:02:25 PM AEST,nan,nan,nan,nan,nan,nan,nan,0.00,nan,nan,nan,nan
26-Mar-25 10:02:26 PM AEST,nan,97.5,nan,nan,nan,nan,125.20,nan,nan,nan,nan,nan
26-Mar-25 10:02:29 PM AEST,nan,nan,nan,0.20,nan,nan,nan,nan,nan,nan,nan,nan
26-Mar-25 10:02:30 PM AEST,24.0,nan,nan,nan,nan,nan,nan,nan,nan,nan,nan,nan
26-Mar-25 10:04:30 PM AEST,nan,nan,nan,nan,0.60,3.41,nan,nan,nan,nan,14.20,nan
26-Mar-25 10:04:31 PM AEST,nan,nan,nan,nan,nan,nan,nan,nan,nan,84.70,nan,nan
26-Mar-25 10:04:35 PM AEST,nan,nan,nan,nan,nan,nan,nan,nan,317.80,nan,nan,nan
26-Mar-25 10:04:50 PM AEST,nan,nan,nan,nan,nan,nan,nan,2.40,nan,nan,nan,nan
26-Mar-25 10:04:52 PM AEST,nan,0.2,nan,nan,nan,nan,0.20,nan,nan,nan,nan,nan
26-Mar-25 10:04:58 PM AEST,nan,nan,nan,0.00,nan,nan,nan,nan,nan,nan,nan,nan
26-Mar-25 10:05:00 PM AEST,0.0,nan,nan,nan,nan,nan,nan,nan,nan,nan,nan,nan
26-Mar-25 10:06:00 PM AEST,nan,nan,23.6,nan,nan,nan,nan,nan,nan,nan,nan,72.20
26-Mar-25 10:07:00 PM AEST,nan,nan,nan,nan,1.00,0.24,nan,nan,nan,nan,1.00,nan
26-Mar-25 10:07:00 PM AEST,nan,nan,nan,nan,72.20,65.53,nan,nan,nan,nan,0.00,nan
26-Mar-25 10:07:02 PM AEST,nan,nan,nan,nan,nan,nan,nan,nan,nan,1.00,nan,nan
26-Mar-25 10:07:02 PM AEST,nan,nan,nan,nan,nan,nan,nan,nan,nan,0.00,nan,nan
26-Mar-25 10:07:10 PM AEST,nan,nan,nan,nan,nan,nan,nan,nan,6552.80,nan,nan,nan
26-Mar-25 10:07:10 PM AEST,nan,nan,nan,nan,nan,nan,nan,nan,0.00,nan,nan,nan
26-Mar-25 10:07:15 PM AEST,nan,nan,nan,nan,nan,nan,nan,11.23,nan,nan,nan,nan
26-Mar-25 10:07:15 PM AEST,nan,nan,nan,nan,nan,nan,nan,0.00,nan,nan,nan,nan
26-Mar-25 10:07:18 PM AEST,nan,0.0,nan,nan,nan,nan,0.00,nan,nan,nan,nan,nan
26-Mar-25 10:07:18 PM AEST,nan,97.5,nan,nan,nan,nan,125.20,nan,nan,nan,nan,nan
26-Mar-25 10:07:27 PM AEST,nan,nan,nan,0.20,nan,nan,nan,nan,nan,nan,nan,nan
26-Mar-25 10:07:30 PM AEST,24.0,nan,nan,nan,nan,nan,nan,nan,nan,nan,nan,nan
26-Mar-25 10:08:29 PM AEST,nan,nan,nan,nan,nan,nan,nan,nan,nan,nan,nan,0.00
26-Mar-25 10:08:29 PM AEST,nan,nan,nan,nan,nan,nan,nan,nan,nan,nan,nan,1.00
26-Mar-25 10:08:30 PM AEST,nan,nan,341.4,nan,nan,nan,nan,nan,nan,nan,nan,nan
26-Mar-25 10:09:30 PM AEST,nan,nan,nan,nan,0.60,0.01,nan,nan,nan,nan,14.20,nan
26-Mar-25 10:09:33 PM AEST,nan,nan,nan,nan,nan,nan,nan,nan,nan,84.70,nan,nan
26-Mar-25 10:09:40 PM AEST,nan,nan,nan,nan,nan,nan,nan,11.23,nan,nan,nan,nan
26-Mar-25 10:09:44 PM AEST,nan,0.0,nan,nan,nan,nan,0.00,nan,nan,nan,nan,nan
26-Mar-25 10:09:45 PM AEST,nan,nan,nan,nan,nan,nan,nan,nan,317.80,nan,nan,nan
26-Mar-25 10:09:56 PM AEST,nan,nan,nan,6552.80,nan,nan,nan,nan,nan,nan,nan,nan
26-Mar-25 10:10:00 PM AEST,72.2,nan,nan,nan,nan,nan,nan,nan,nan,nan,nan,nan
26-Mar-25 10:11:00 PM AEST,nan,nan,93.3,nan,nan,nan,nan,nan,nan,nan,nan,nan
26-Mar-25 10:12:00 PM AEST,nan,nan,nan,nan,nan,3.41,nan,nan,nan,nan,nan,nan
26-Mar-25 10:12:05 PM AEST,nan,nan,nan,nan,nan,nan,nan,0.00,nan,nan,nan,nan
26-Mar-25 10:12:10 PM AEST,nan,nan,nan,nan,nan,nan,125.20,nan,nan,nan,nan,nan
26-Mar-25 10:14:36 PM AEST,nan,nan,nan,nan,nan,nan,0.00,nan,nan,nan,nan,nan
26-Mar-25 10:16:00 PM AEST,0.0,nan,nan,13.80,nan,nan,nan,0.02,nan,nan,nan,13.80
26-Mar-25 10:18:00 PM AEST,nan,nan,23.6,nan,1.00,0.24,nan,nan,6552.80,1.00,1.00,nan
26-Mar-25 10:18:25 PM AEST,nan,nan,nan,nan,nan,nan,nan,11.23,nan,nan,nan,nan
26-Mar-25 10:18:29 PM AEST,nan,nan,nan,0.00,nan,nan,nan,nan,nan,nan,nan,72.20
26-Mar-25 10:20:30 PM AEST,nan,nan,93.3,nan,0.60,3.41,nan,nan,nan,nan,14.20,nan
26-Mar-25 10:20:31 PM AEST,nan,nan,nan,nan,nan,nan,nan,nan,nan,84.70,nan,nan
26-Mar-25 10:20:35 PM AEST,nan,nan,nan,nan,nan,nan,nan,nan,317.80,nan,nan,nan
26-Mar-25 10:20:58 PM AEST,nan,nan,nan,6552.80,nan,nan,nan,nan,nan,nan,nan,1.00
26-Mar-25 10:22:00 PM AEST,72.2,nan,nan,nan,nan,nan,nan,nan,nan,nan,nan,nan
26-Mar-25 10:24:00 PM AEST,nan,97.5,23.6,nan,72.20,65.53,125.20,0.00,0.00,72.20,72.20,nan
26-Mar-25 10:24:00 PM AEST,nan,0.0,23.6,nan,72.20,65.53,112.30,0.00,0.00,72.20,72.20,nan
26-Mar-25 10:24:30 PM AEST,0.0,nan,nan,nan,nan,nan,nan,nan,nan,nan,nan,nan
26-Mar-25 10:26:00 PM AEST,nan,nan,nan,0.00,nan,nan,nan,nan,nan,nan,nan,0.00
26-Mar-25 10:26:25 PM AEST,nan,nan,nan,nan,nan,nan,nan,11.23,nan,nan,nan,nan
26-Mar-25 10:26:30 PM AEST,nan,nan,93.3,nan,0.60,3.41,nan,nan,nan,nan,14.20,nan
26-Mar-25 10:26:31 PM AEST,nan,nan,nan,nan,nan,nan,nan,nan,nan,84.70,nan,nan
26-Mar-25 10:26:35 PM AEST,nan,nan,nan,nan,nan,nan,nan,nan,317.80,nan,nan,nan
26-Mar-25 10:27:00 PM AEST,72.2,nan,nan,nan,nan,nan,nan,nan,nan,nan,nan,nan
26-Mar-25 10:28:00 PM AEST,nan,nan,nan,nan,nan,nan,0.00,nan,nan,nan,nan,nan
26-Mar-25 10:28:29 PM AEST,nan,nan,nan,6552.80,nan,nan,nan,nan,nan,nan,nan,1.00
26-Mar-25 10:30:00 PM AEST,nan,nan,nan,nan,nan,nan,nan,0.00,nan,nan,nan,nan
26-Mar-25 10:30:58 PM AEST,nan,nan,nan,72.20,nan,nan,nan,nan,nan,nan,nan,72.20
26-Mar-25 10:32:00 PM AEST,nan,nan,8.3,nan,23.60,0.24,nan,nan,1.00,1.00,23.60,nan
26-Mar-25 10:32:25 PM AEST,nan,nan,nan,nan,nan,nan,nan,11.23,nan,nan,nan,nan
26-Mar-25 10:33:27 PM AEST,nan,nan,nan,6552.80,nan,nan,nan,nan,nan,nan,nan,1.00
26-Mar-25 10:34:30 PM AEST,nan,nan,93.3,nan,0.60,3.41,nan,nan,nan,nan,14.20,nan
26-Mar-25 10:34:31 PM AEST,nan,nan,nan,nan,nan,nan,nan,nan,nan,84.70,nan,nan
26-Mar-25 10:34:35 PM AEST,nan,nan,nan,nan,nan,nan,nan,nan,317.80,nan,nan,nan
26-Mar-25 10:37:00 PM AEST,nan,nan,8.3,nan,23.60,0.24,nan,nan,nan,nan,23.60,nan
26-Mar-25 10:37:02 PM AEST,nan,nan,nan,nan,nan,nan,nan,nan,nan,1.00,nan,nan
26-Mar-25 10:37:10 PM AEST,nan,nan,nan,nan,nan,nan,nan,nan,1.00,nan,nan,nan
26-Mar-25 10:38:00 PM AEST,nan,97.5,nan,72.20,nan,nan,125.20,0.00,nan,nan,nan,72.20
26-Mar-25 10:38:00 PM AEST,nan,0.0,nan,72.20,nan,nan,0.00,11.23,nan,nan,nan,72.20
26-Mar-25 10:39:30 PM AEST,nan,nan,93.3,nan,0.60,3.41,nan,nan,nan,nan,14.20,nan
26-Mar-25 10:39:33 PM AEST,nan,nan,nan,nan,nan,nan,nan,nan,nan,84.70,nan,nan
26-Mar-25 10:39:45 PM AEST,nan,nan,nan,nan,nan,nan,nan,nan,317.80,nan,nan,nan
26-Mar-25 10:40:29 PM AEST,nan,nan,nan,6552.80,nan,nan,nan,nan,nan,nan,nan,1.00
26-Mar-25 10:42:00 PM AEST,nan,nan,23.6,nan,nan,nan,nan,nan,nan,nan,nan,nan
26-Mar-25 10:42:20 PM AEST,nan,nan,nan,nan,nan,nan,nan,nan,6552.80,nan,nan,nan
26-Mar-25 10:42:58 PM AEST,nan,nan,nan,0.00,nan,nan,nan,nan,nan,nan,nan,72.20
26-Mar-25 10:44:00 PM AEST,0.0,nan,nan,nan,1.00,0.24,nan,0.00,nan,1.00,1.00,nan
26-Mar-25 10:44:00 PM AEST,0.0,nan,nan,nan,1.00,0.24,nan,11.23,nan,1.00,1.00,nan
26-Mar-25 10:44:55 PM AEST,nan,nan,nan,nan,nan,nan,nan,nan,317.80,nan,nan,nan
26-Mar-25 10:45:27 PM AEST,nan,nan,nan,6552.80,nan,nan,nan,nan,nan,nan,nan,1.00
26-Mar-25 10:46:00 PM AEST,nan,nan,93.3,nan,nan,nan,nan,nan,nan,nan,nan,nan
26-Mar-25 10:46:30 PM AEST,72.2,nan,nan,nan,0.60,3.41,nan,nan,nan,nan,14.20,nan
26-Mar-25 10:46:31 PM AEST,nan,nan,nan,nan,nan,nan,nan,nan,nan,84.70,nan,nan
26-Mar-25 10:50:00 PM AEST,nan,nan,nan,nan,nan,nan,nan,0.00,nan,nan,nan,nan
26-Mar-25 10:52:00 PM AEST,51.1,51.1,nan,14.80,nan,nan,51.10,nan,0.00,0.00,nan,14.80
26-Mar-25 10:52:25 PM AEST,nan,nan,nan,nan,nan,nan,nan,1.38,nan,nan,nan,nan
26-Mar-25 10:54:26 PM AEST,nan,0.0,nan,nan,nan,nan,0.00,nan,nan,nan,nan,nan
26-Mar-25 10:54:26 PM AEST,nan,97.5,nan,nan,nan,nan,125.20,nan,nan,nan,nan,nan
26-Mar-25 10:54:29 PM AEST,nan,nan,nan,6552.80,nan,nan,nan,nan,nan,nan,nan,1.00
26-Mar-25 10:54:29 PM AEST,nan,nan,nan,0.20,nan,nan,nan,nan,nan,nan,nan,0.00
26-Mar-25 10:54:30 PM AEST,72.2,nan,nan,nan,nan,nan,nan,nan,nan,nan,nan,nan
26-Mar-25 10:54:30 PM AEST,24.0,nan,nan,nan,nan,nan,nan,nan,nan,nan,nan,nan
26-Mar-25 10:54:31 PM AEST,nan,nan,nan,nan,nan,nan,nan,nan,nan,84.70,nan,nan
26-Mar-25 10:54:31 PM AEST,nan,nan,nan,nan,nan,nan,nan,nan,nan,0.00,nan,nan
26-Mar-25 10:54:35 PM AEST,nan,nan,nan,nan,nan,nan,nan,nan,317.80,nan,nan,nan
26-Mar-25 10:54:35 PM AEST,nan,nan,nan,nan,nan,nan,nan,nan,0.00,nan,nan,nan
26-Mar-25 10:54:50 PM AEST,nan,nan,nan,nan,nan,nan,nan,11.23,nan,nan,nan,nan
26-Mar-25 10:54:50 PM AEST,nan,nan,nan,nan,nan,nan,nan,0.00,nan,nan,nan,nan
26-Mar-25 10:56:00 PM AEST,nan,nan,23.6,nan,72.20,65.53,nan,nan,nan,nan,0.00,nan
26-Mar-25 10:56:52 PM AEST,nan,14.8,nan,nan,nan,nan,51.10,nan,nan,nan,nan,nan
26-Mar-25 10:56:52 PM AEST,nan,97.5,nan,nan,nan,nan,125.20,nan,nan,nan,nan,nan
26-Mar-25 10:56:58 PM AEST,nan,nan,nan,14.80,nan,nan,nan,nan,nan,nan,nan,112.30
26-Mar-25 10:56:58 PM AEST,nan,nan,nan,0.20,nan,nan,nan,nan,nan,nan,nan,0.00
26-Mar-25 10:57:00 PM AEST,14.8,nan,nan,nan,nan,nan,nan,nan,nan,nan,nan,nan
26-Mar-25 10:57:00 PM AEST,24.0,nan,nan,nan,nan,nan,nan,nan,nan,nan,nan,nan
26-Mar-25 10:57:02 PM AEST,nan,nan,nan,nan,nan,nan,nan,nan,nan,8.30,nan,nan
26-Mar-25 10:57:10 PM AEST,nan,nan,nan,nan,nan,nan,nan,nan,23.60,nan,nan,nan
26-Mar-25 10:57:15 PM AEST,nan,nan,nan,nan,nan,nan,nan,5.11,nan,nan,nan,nan
26-Mar-25 10:57:15 PM AEST,nan,nan,nan,nan,nan,nan,nan,0.00,nan,nan,nan,nan
26-Mar-25 10:58:30 PM AEST,nan,nan,0.9,nan,8.30,0.01,nan,nan,nan,nan,8.30,nan
26-Mar-25 10:58:30 PM AEST,nan,nan,23.6,nan,72.20,65.53,nan,nan,nan,nan,0.00,nan
26-Mar-25 10:59:18 PM AEST,nan,0.0,nan,nan,nan,nan,0.00,nan,nan,nan,nan,nan
26-Mar-25 10:59:18 PM AEST,nan,51.1,nan,nan,nan,nan,51.10,nan,nan,nan,nan,nan
26-Mar-25 10:59:27 PM AEST,nan,nan,nan,6552.80,nan,nan,nan,nan,nan,nan,nan,1.00
26-Mar-25 10:59:27 PM AEST,nan,nan,nan,14.80,nan,nan,nan,nan,nan,nan,nan,14.80
26-Mar-25 10:59:30 PM AEST,72.2,nan,nan,nan,nan,nan,nan,nan,nan,nan,nan,nan
26-Mar-25 10:59:30 PM AEST,51.1,nan,nan,nan,nan,nan,nan,nan,nan,nan,nan,nan
26-Mar-25 10:59:33 PM AEST,nan,nan,nan,nan,nan,nan,nan,nan,nan,0.00,nan,nan
26-Mar-25 10:59:40 PM AEST,nan,nan,nan,nan,nan,nan,nan,11.23,nan,nan,nan,nan
26-Mar-25 10:59:40 PM AEST,nan,nan,nan,nan,nan,nan,nan,1.38,nan,nan,nan,nan
26-Mar-25 10:59:45 PM AEST,nan,nan,nan,nan,nan,nan,nan,nan,0.00,nan,nan,nan
26-Mar-25 11:01:00 PM AEST,nan,nan,8.3,nan,23.60,0.24,nan,nan,nan,nan,23.60,nan
26-Mar-25 11:01:44 PM AEST,nan,0.0,nan,nan,nan,nan,0.00,nan,nan,nan,nan,nan
26-Mar-25 11:01:56 PM AEST,nan,nan,nan,72.20,nan,nan,nan,nan,nan,nan,nan,72.20
26-Mar-25 11:02:00 PM AEST,72.2,nan,nan,nan,nan,nan,nan,nan,nan,nan,nan,nan
26-Mar-25 11:02:04 PM AEST,nan,nan,nan,nan,nan,nan,nan,nan,nan,1.00,nan,nan
26-Mar-25 11:02:05 PM AEST,nan,nan,nan,nan,nan,nan,nan,11.23,nan,nan,nan,nan
26-Mar-25 11:02:20 PM AEST,nan,nan,nan,nan,nan,nan,nan,nan,1.00,nan,nan,nan
26-Mar-25 11:03:30 PM AEST,nan,nan,341.4,nan,0.60,0.01,nan,nan,nan,nan,14.20,nan
26-Mar-25 11:04:25 PM AEST,nan,nan,nan,6552.80,nan,nan,nan,nan,nan,nan,nan,1.00
26-Mar-25 11:04:35 PM AEST,nan,nan,nan,nan,nan,nan,nan,nan,nan,84.70,nan,nan
26-Mar-25 11:04:55 PM AEST,nan,nan,nan,nan,nan,nan,nan,nan,317.80,nan,nan,nan
26-Mar-25 11:06:00 PM AEST,nan,nan,93.3,nan,nan,3.41,nan,nan,nan,nan,nan,nan
26-Mar-25 11:10:00 PM AEST,13.8,13.8,nan,13.80,nan,nan,nan,0.00,0.00,nan,nan,51.10
26-Mar-25 11:12:00 PM AEST,nan,nan,23.6,nan,1.00,0.24,nan,nan,nan,1.00,1.00,nan
26-Mar-25 11:12:25 PM AEST,nan,nan,nan,nan,nan,nan,nan,11.23,nan,nan,nan,nan
26-Mar-25 11:12:26 PM AEST,nan,0.0,nan,nan,nan,nan,nan,nan,nan,nan,nan,nan
26-Mar-25 11:12:29 PM AEST,nan,nan,nan,0.00,nan,nan,nan,nan,nan,nan,nan,72.20
26-Mar-25 11:12:30 PM AEST,0.0,nan,nan,nan,nan,nan,nan,nan,nan,nan,nan,nan
26-Mar-25 11:12:35 PM AEST,nan,nan,nan,nan,nan,nan,nan,nan,6552.80,nan,nan,nan
26-Mar-25 11:14:30 PM AEST,nan,nan,nan,nan,72.20,65.53,nan,nan,nan,nan,0.00,nan
26-Mar-25 11:14:31 PM AEST,nan,nan,nan,nan,nan,nan,nan,nan,nan,0.00,nan,nan
26-Mar-25 11:14:50 PM AEST,nan,nan,nan,nan,nan,nan,nan,0.00,nan,nan,nan,nan
26-Mar-25 11:14:52 PM AEST,nan,13.8,nan,nan,nan,nan,nan,nan,nan,nan,nan,nan
26-Mar-25 11:14:58 PM AEST,nan,nan,nan,13.80,nan,nan,nan,nan,nan,nan,nan,51.10
26-Mar-25 11:14:58 PM AEST,nan,nan,nan,0.20,nan,nan,nan,nan,nan,nan,nan,0.00
26-Mar-25 11:15:00 PM AEST,13.8,nan,nan,nan,nan,nan,nan,nan,nan,nan,nan,nan
26-Mar-25 11:15:00 PM AEST,24.0,nan,nan,nan,nan,nan,nan,nan,nan,nan,nan,nan
26-Mar-25 11:15:10 PM AEST,nan,nan,nan,nan,nan,nan,nan,nan,0.00,nan,nan,nan
26-Mar-25 11:16:00 PM AEST,nan,nan,nan,nan,nan,nan,125.20,nan,nan,nan,nan,nan
26-Mar-25 11:17:00 PM AEST,nan,nan,nan,nan,0.60,0.01,nan,nan,nan,nan,14.20,nan
26-Mar-25 11:17:00 PM AEST,nan,nan,nan,nan,72.20,65.53,nan,nan,nan,nan,0.00,nan
26-Mar-25 11:17:02 PM AEST,nan,nan,nan,nan,nan,nan,nan,nan,nan,84.70,nan,nan
26-Mar-25 11:17:02 PM AEST,nan,nan,nan,nan,nan,nan,nan,nan,nan,0.00,nan,nan
26-Mar-25 11:17:15 PM AEST,nan,nan,nan,nan,nan,nan,nan,11.23,nan,nan,nan,nan
26-Mar-25 11:17:15 PM AEST,nan,nan,nan,nan,nan,nan,nan,0.00,nan,nan,nan,nan
26-Mar-25 11:17:18 PM AEST,nan,97.5,nan,nan,nan,nan,nan,nan,nan,nan,nan,nan
26-Mar-25 11:17:18 PM AEST,nan,0.0,nan,nan,nan,nan,nan,nan,nan,nan,nan,nan
26-Mar-25 11:17:18 PM AEST,nan,97.5,nan,nan,nan,nan,nan,nan,nan,nan,nan,nan
26-Mar-25 11:17:27 PM AEST,nan,nan,nan,6552.80,nan,nan,nan,nan,nan,nan,nan,1.00
26-Mar-25 11:17:27 PM AEST,nan,nan,nan,0.20,nan,nan,nan,nan,nan,nan,nan,0.00
26-Mar-25 11:17:30 PM AEST,72.2,nan,nan,nan,nan,nan,nan,nan,nan,nan,nan,nan
26-Mar-25 11:17:30 PM AEST,24.0,nan,nan,nan,nan,nan,nan,nan,nan,nan,nan,nan
26-Mar-25 11:17:45 PM AEST,nan,nan,nan,nan,nan,nan,nan,nan,317.80,nan,nan,nan
26-Mar-25 11:17:45 PM AEST,nan,nan,nan,nan,nan,nan,nan,nan,0.00,nan,nan,nan
26-Mar-25 11:18:00 PM AEST,nan,nan,341.4,nan,nan,nan,nan,nan,nan,nan,nan,nan
26-Mar-25 11:18:00 PM AEST,nan,nan,23.6,nan,nan,nan,nan,nan,nan,nan,nan,nan
26-Mar-25 11:18:00 PM AEST,nan,nan,93.3,nan,nan,nan,nan,nan,nan,nan,nan,nan
26-Mar-25 11:18:26 PM AEST,nan,nan,nan,nan,nan,nan,0.00,nan,nan,nan,nan,nan
26-Mar-25 11:18:26 PM AEST,nan,nan,nan,nan,nan,nan,125.20,nan,nan,nan,nan,nan
26-Mar-25 11:19:30 PM AEST,nan,nan,nan,nan,0.60,3.41,nan,nan,nan,nan,14.20,nan
26-Mar-25 11:19:30 PM AEST,nan,nan,nan,nan,72.20,65.53,nan,nan,nan,nan,0.00,nan
26-Mar-25 11:19:33 PM AEST,nan,nan,nan,nan,nan,nan,nan,nan,nan,84.70,nan,nan
26-Mar-25 11:19:33 PM AEST,nan,nan,nan,nan,nan,nan,nan,nan,nan,0.00,nan,nan
26-Mar-25 11:19:40 PM AEST,nan,nan,nan,nan,nan,nan,nan,11.23,nan,nan,nan,nan
26-Mar-25 11:19:44 PM AEST,nan,0.0,nan,nan,nan,nan,nan,nan,nan,nan,nan,nan
26-Mar-25 11:19:44 PM AEST,nan,13.8,nan,nan,nan,nan,nan,nan,nan,nan,nan,nan
26-Mar-25 11:19:56 PM AEST,nan,nan,nan,6552.80,nan,nan,nan,nan,nan,nan,nan,1.00
26-Mar-25 11:19:56 PM AEST,nan,nan,nan,13.80,nan,nan,nan,nan,nan,nan,nan,51.10
26-Mar-25 11:20:00 PM AEST,72.2,nan,nan,nan,nan,nan,nan,nan,nan,nan,nan,nan
26-Mar-25 11:20:00 PM AEST,13.8,nan,nan,nan,nan,nan,nan,nan,nan,nan,nan,nan
26-Mar-25 11:20:20 PM AEST,nan,nan,nan,nan,nan,nan,nan,nan,317.80,nan,nan,nan
26-Mar-25 11:20:20 PM AEST,nan,nan,nan,nan,nan,nan,nan,nan,0.00,nan,nan,nan
26-Mar-25 11:20:30 PM AEST,nan,nan,23.6,nan,nan,nan,nan,nan,nan,nan,nan,nan
26-Mar-25 11:20:52 PM AEST,nan,nan,nan,nan,nan,nan,0.00,nan,nan,nan,nan,nan
26-Mar-25 11:22:00 PM AEST,nan,nan,nan,nan,0.60,3.41,nan,nan,nan,nan,14.20,nan
26-Mar-25 11:22:04 PM AEST,nan,nan,nan,nan,nan,nan,nan,nan,nan,84.70,nan,nan
26-Mar-25 11:22:05 PM AEST,nan,nan,nan,nan,nan,nan,nan,0.00,nan,nan,nan,nan
26-Mar-25 11:22:10 PM AEST,nan,0.0,nan,nan,nan,nan,nan,nan,nan,nan,nan,nan
26-Mar-25 11:22:25 PM AEST,nan,nan,nan,6552.80,nan,nan,nan,nan,nan,nan,nan,1.00
26-Mar-25 11:22:30 PM AEST,72.2,nan,nan,nan,nan,nan,nan,nan,nan,nan,nan,nan
26-Mar-25 11:22:55 PM AEST,nan,nan,nan,nan,nan,nan,nan,nan,317.80,nan,nan,nan
26-Mar-25 11:23:00 PM AEST,nan,nan,93.3,nan,nan,nan,nan,nan,nan,nan,nan,nan
26-Mar-25 11:24:30 PM AEST,nan,nan,nan,nan,14.20,0.14,nan,11.23,nan,nan,nan,nan
26-Mar-25 11:25:30 PM AEST,nan,nan,0.6,nan,nan,nan,nan,nan,nan,nan,nan,nan
26-Mar-25 11:27:00 PM AEST,nan,nan,nan,nan,0.60,3.41,nan,nan,nan,nan,nan,nan
26-Mar-25 11:28:00 PM AEST,nan,nan,93.3,nan,nan,nan,nan,0.00,nan,nan,nan,nan
26-Mar-25 11:30:25 PM AEST,nan,nan,nan,nan,nan,nan,nan,11.23,nan,nan,nan,nan
26-Mar-25 11:30:30 PM AEST,nan,nan,341.4,nan,nan,nan,nan,nan,nan,nan,nan,nan
26-Mar-25 11:32:50 PM AEST,nan,nan,nan,nan,nan,nan,nan,0.00,nan,nan,nan,nan
26-Mar-25 11:33:00 PM AEST,nan,nan,93.3,nan,nan,nan,nan,nan,nan,nan,nan,nan
26-Mar-25 11:33:00 PM AEST,nan,nan,23.6,nan,nan,nan,nan,nan,nan,nan,nan,nan
26-Mar-25 11:33:00 PM AEST,nan,nan,93.3,nan,nan,nan,nan,nan,nan,nan,nan,nan
26-Mar-25 11:34:00 PM AEST,24.0,97.5,nan,0.20,72.20,65.53,125.20,nan,0.00,0.00,0.00,0.00
26-Mar-25 11:34:00 PM AEST,72.2,0.0,nan,6552.80,0.60,3.41,0.00,nan,317.80,84.70,14.20,1.00
26-Mar-25 11:34:00 PM AEST,72.2,0.0,nan,6552.80,1.00,0.01,0.00,nan,6552.80,6552.80,6552.80,1.00
26-Mar-25 11:35:15 PM AEST,nan,nan,nan,nan,nan,nan,nan,11.23,nan,nan,nan,nan
26-Mar-25 11:35:30 PM AEST,nan,nan,23.6,nan,nan,nan,nan,nan,nan,nan,nan,nan
26-Mar-25 11:36:26 PM AEST,nan,51.1,nan,nan,nan,nan,51.10,nan,nan,nan,nan,nan
26-Mar-25 11:36:29 PM AEST,nan,nan,nan,0.00,nan,nan,nan,nan,nan,nan,nan,0.00
26-Mar-25 11:36:29 PM AEST,nan,nan,nan,14.80,nan,nan,nan,nan,nan,nan,nan,14.80
26-Mar-25 11:36:30 PM AEST,0.0,nan,nan,nan,72.20,65.53,nan,nan,nan,nan,0.00,nan
26-Mar-25 11:36:30 PM AEST,51.1,nan,nan,nan,72.20,65.53,nan,nan,nan,nan,0.00,nan
26-Mar-25 11:36:31 PM AEST,nan,nan,nan,nan,nan,nan,nan,nan,nan,0.00,nan,nan
26-Mar-25 11:36:35 PM AEST,nan,nan,nan,nan,nan,nan,nan,nan,0.00,nan,nan,nan
26-Mar-25 11:37:40 PM AEST,nan,nan,nan,nan,nan,nan,nan,1.38,nan,nan,nan,nan
26-Mar-25 11:38:00 PM AEST,nan,nan,8.3,nan,nan,nan,nan,nan,nan,nan,nan,nan
26-Mar-25 11:38:52 PM AEST,nan,0.0,nan,nan,nan,nan,0.00,nan,nan,nan,nan,nan
26-Mar-25 11:38:58 PM AEST,nan,nan,nan,72.20,nan,nan,nan,nan,nan,nan,nan,72.20
26-Mar-25 11:39:00 PM AEST,72.2,nan,nan,nan,23.60,0.24,nan,nan,nan,nan,23.60,nan
26-Mar-25 11:39:02 PM AEST,nan,nan,nan,nan,nan,nan,nan,nan,nan,1.00,nan,nan
26-Mar-25 11:39:10 PM AEST,nan,nan,nan,nan,nan,nan,nan,nan,1.00,nan,nan,nan
26-Mar-25 11:40:05 PM AEST,nan,nan,nan,nan,nan,nan,nan,11.23,nan,nan,nan,nan
26-Mar-25 11:40:30 PM AEST,nan,nan,0.6,nan,nan,nan,nan,nan,nan,nan,nan,nan
26-Mar-25 11:41:27 PM AEST,nan,nan,nan,6552.80,nan,nan,nan,nan,nan,nan,nan,1.00
26-Mar-25 11:41:30 PM AEST,nan,nan,nan,nan,14.20,0.14,nan,nan,nan,nan,14.20,nan
26-Mar-25 11:41:33 PM AEST,nan,nan,nan,nan,nan,nan,nan,nan,nan,84.70,nan,nan
26-Mar-25 11:41:45 PM AEST,nan,nan,nan,nan,nan,nan,nan,nan,317.80,nan,nan,nan
26-Mar-25 11:44:00 PM AEST,nan,nan,93.3,nan,0.60,3.41,nan,nan,nan,nan,nan,nan
26-Mar-25 11:46:30 PM AEST,nan,nan,0.9,nan,8.30,0.01,nan,nan,nan,nan,nan,nan
26-Mar-25 11:48:00 PM AEST,24.0,97.5,nan,0.20,nan,nan,125.20,0.00,0.00,0.00,8.30,0.00
26-Mar-25 11:48:00 PM AEST,72.2,0.0,nan,6552.80,nan,nan,0.00,11.23,23.60,8.30,8.30,1.00
26-Mar-25 11:49:00 PM AEST,nan,nan,23.6,nan,1.00,0.01,nan,nan,nan,nan,nan,nan
26-Mar-25 11:50:25 PM AEST,nan,nan,nan,nan,nan,nan,nan,0.00,nan,nan,nan,nan
26-Mar-25 11:50:26 PM AEST,nan,97.5,nan,nan,nan,nan,125.20,nan,nan,nan,nan,nan
26-Mar-25 11:50:29 PM AEST,nan,nan,nan,0.00,nan,nan,nan,nan,nan,nan,nan,0.00
26-Mar-25 11:50:29 PM AEST,nan,nan,nan,0.20,nan,nan,nan,nan,nan,nan,nan,0.00
26-Mar-25 11:50:30 PM AEST,0.0,nan,nan,nan,nan,nan,nan,nan,nan,nan,6552.80,nan
26-Mar-25 11:50:30 PM AEST,24.0,nan,nan,nan,nan,nan,nan,nan,nan,nan,0.00,nan
26-Mar-25 11:50:31 PM AEST,nan,nan,nan,nan,nan,nan,nan,nan,nan,6552.80,nan,nan
26-Mar-25 11:50:31 PM AEST,nan,nan,nan,nan,nan,nan,nan,nan,nan,0.00,nan,nan
26-Mar-25 11:50:35 PM AEST,nan,nan,nan,nan,nan,nan,nan,nan,6552.80,nan,nan,nan
26-Mar-25 11:50:35 PM AEST,nan,nan,nan,nan,nan,nan,nan,nan,0.00,nan,nan,nan
26-Mar-25 11:51:30 PM AEST,nan,nan,93.3,nan,72.20,65.53,nan,nan,nan,nan,nan,nan
26-Mar-25 11:51:30 PM AEST,nan,nan,93.3,nan,72.20,3.41,nan,nan,nan,nan,nan,nan
26-Mar-25 11:52:52 PM AEST,nan,0.0,nan,nan,nan,nan,0.00,nan,nan,nan,nan,nan
26-Mar-25 11:52:58 PM AEST,nan,nan,nan,6552.80,nan,nan,nan,nan,nan,nan,nan,1.00
26-Mar-25 11:53:00 PM AEST,72.2,nan,nan,nan,nan,nan,nan,nan,nan,nan,14.20,nan
26-Mar-25 11:53:02 PM AEST,nan,nan,nan,nan,nan,nan,nan,nan,nan,84.70,nan,nan
26-Mar-25 11:53:10 PM AEST,nan,nan,nan,nan,nan,nan,nan,nan,317.80,nan,nan,nan
26-Mar-25 11:54:00 PM AEST,nan,nan,nan,nan,0.60,nan,nan,nan,nan,nan,nan,nan
26-Mar-25 11:56:00 PM AEST,nan,nan,nan,nan,nan,nan,nan,11.23,nan,nan,nan,nan
26-Mar-25 11:56:30 PM AEST,nan,nan,nan,nan,72.20,nan,nan,nan,nan,nan,nan,nan
26-Mar-25 11:58:00 PM AEST,24.0,97.5,23.6,0.20,nan,65.53,125.20,nan,0.00,0.00,0.00,0.00
26-Mar-25 11:58:00 PM AEST,24.0,97.5,93.3,0.20,nan,3.41,125.20,nan,317.80,84.70,14.20,0.00
26-Mar-25 11:58:25 PM AEST,nan,nan,nan,nan,nan,nan,nan,0.00,nan,nan,nan,nan
26-Mar-25 11:59:00 PM AEST,nan,nan,nan,nan,0.60,nan,nan,nan,nan,nan,nan,nan
27-Mar-25 12:00:26 AM AEST,nan,0.0,nan,nan,nan,nan,0.00,nan,nan,nan,nan,nan
27-Mar-25 12:00:29 AM AEST,nan,nan,nan,6552.80,nan,nan,nan,nan,nan,nan,nan,1.00
27-Mar-25 12:00:30 AM AEST,72.2,nan,nan,nan,nan,nan,nan,nan,nan,nan,nan,nan
27-Mar-25 12:02:00 AM AEST,nan,nan,nan,nan,nan,nan,nan,11.23,nan,nan,nan,nan
27-Mar-25 12:04:00 AM AEST,0.0,nan,23.6,0.00,1.00,0.01,nan,nan,6552.80,6552.80,6552.80,0.00
27-Mar-25 12:06:29 AM AEST,nan,nan,nan,6552.80,nan,nan,nan,nan,nan,nan,nan,1.00
27-Mar-25 12:06:30 AM AEST,72.2,nan,14.2,nan,84.70,0.85,nan,nan,nan,nan,317.80,nan
27-Mar-25 12:06:31 AM AEST,nan,nan,nan,nan,nan,nan,nan,nan,nan,317.80,nan,nan
27-Mar-25 12:06:35 AM AEST,nan,nan,nan,nan,nan,nan,nan,nan,317.80,nan,nan,nan
27-Mar-25 12:08:58 AM AEST,nan,nan,nan,nan,nan,nan,nan,nan,nan,nan,nan,6552.80
27-Mar-25 12:09:00 AM AEST,nan,nan,0.9,nan,8.30,0.08,nan,nan,nan,nan,23.60,nan
27-Mar-25 12:09:02 AM AEST,nan,nan,nan,nan,nan,nan,nan,nan,nan,23.60,nan,nan
27-Mar-25 12:09:10 AM AEST,nan,nan,nan,nan,nan,nan,nan,nan,23.60,nan,nan,nan
27-Mar-25 12:11:27 AM AEST,nan,nan,nan,nan,nan,nan,nan,nan,nan,nan,nan,1.00
27-Mar-25 12:11:30 AM AEST,nan,nan,341.4,nan,0.60,3.41,nan,nan,nan,nan,14.20,nan
27-Mar-25 12:11:33 AM AEST,nan,nan,nan,nan,nan,nan,nan,nan,nan,84.70,nan,nan
27-Mar-25 12:11:45 AM AEST,nan,nan,nan,nan,nan,nan,nan,nan,317.80,nan,nan,nan
27-Mar-25 12:14:00 AM AEST,nan,nan,93.3,nan,nan,nan,125.20,0.00,nan,nan,nan,nan
27-Mar-25 12:14:00 AM AEST,nan,nan,341.4,nan,nan,nan,125.20,0.00,nan,nan,nan,nan
27-Mar-25 12:16:00 AM AEST,13.8,13.8,nan,13.80,72.20,65.53,nan,nan,0.00,0.00,0.00,51.10
27-Mar-25 12:16:25 AM AEST,nan,nan,nan,nan,nan,nan,nan,11.23,nan,nan,nan,nan
27-Mar-25 12:16:25 AM AEST,nan,nan,nan,nan,nan,nan,nan,0.00,nan,nan,nan,nan
27-Mar-25 12:16:26 AM AEST,nan,nan,nan,nan,nan,nan,0.00,nan,nan,nan,nan,nan
27-Mar-25 12:16:30 AM AEST,nan,nan,23.6,nan,nan,nan,nan,nan,nan,nan,nan,nan
27-Mar-25 12:18:26 AM AEST,nan,0.0,nan,nan,nan,nan,nan,nan,nan,nan,nan,nan
27-Mar-25 12:18:29 AM AEST,nan,nan,nan,72.20,nan,nan,nan,nan,nan,nan,nan,72.20
27-Mar-25 12:18:30 AM AEST,72.2,nan,nan,nan,23.60,0.24,nan,nan,nan,nan,23.60,nan
27-Mar-25 12:18:31 AM AEST,nan,nan,nan,nan,nan,nan,nan,nan,nan,1.00,nan,nan
27-Mar-25 12:18:35 AM AEST,nan,nan,nan,nan,nan,nan,nan,nan,1.00,nan,nan,nan
27-Mar-25 12:18:50 AM AEST,nan,nan,nan,nan,nan,nan,nan,11.23,nan,nan,nan,nan
27-Mar-25 12:19:00 AM AEST,nan,nan,8.3,nan,nan,nan,nan,nan,nan,nan,nan,nan
27-Mar-25 12:20:58 AM AEST,nan,nan,nan,6552.80,nan,nan,nan,nan,nan,nan,nan,1.00
27-Mar-25 12:21:00 AM AEST,nan,nan,nan,nan,0.60,3.41,nan,nan,nan,nan,14.20,nan
27-Mar-25 12:21:02 AM AEST,nan,nan,nan,nan,nan,nan,nan,nan,nan,84.70,nan,nan
27-Mar-25 12:21:10 AM AEST,nan,nan,nan,nan,nan,nan,nan,nan,317.80,nan,nan,nan
27-Mar-25 12:21:10 AM AEST,nan,nan,nan,nan,nan,nan,nan,nan,0.00,nan,nan,nan
27-Mar-25 12:21:30 AM AEST,nan,nan,93.3,nan,nan,nan,nan,nan,nan,nan,nan,nan
27-Mar-25 12:21:30 AM AEST,nan,nan,23.6,nan,nan,nan,nan,nan,nan,nan,nan,nan
27-Mar-25 12:22:00 AM AEST,0.0,0.2,nan,nan,nan,nan,nan,nan,nan,nan,nan,nan
27-Mar-25 12:23:27 AM AEST,nan,nan,nan,0.00,nan,nan,nan,nan,nan,nan,nan,0.00
27-Mar-25 12:23:30 AM AEST,nan,nan,nan,nan,72.20,65.53,nan,nan,nan,nan,0.00,nan
27-Mar-25 12:23:30 AM AEST,nan,nan,nan,nan,72.20,65.53,nan,nan,nan,nan,72.20,nan
27-Mar-25 12:23:33 AM AEST,nan,nan,nan,nan,nan,nan,nan,nan,nan,0.00,nan,nan
27-Mar-25 12:23:33 AM AEST,nan,nan,nan,nan,nan,nan,nan,nan,nan,72.20,nan,nan
27-Mar-25 12:24:00 AM AEST,nan,nan,nan,nan,nan,nan,0.20,2.40,nan,nan,nan,nan
27-Mar-25 12:24:26 AM AEST,nan,0.0,nan,nan,nan,nan,nan,nan,nan,nan,nan,nan
27-Mar-25 12:26:00 AM AEST,nan,nan,nan,nan,nan,3.41,nan,nan,nan,nan,nan,nan
27-Mar-25 12:26:25 AM AEST,nan,nan,nan,nan,nan,nan,nan,11.23,nan,nan,nan,nan
27-Mar-25 12:26:26 AM AEST,nan,nan,nan,nan,nan,nan,112.30,nan,nan,nan,nan,nan
27-Mar-25 12:28:00 AM AEST,72.2,97.5,93.3,6552.80,0.60,nan,nan,nan,317.80,84.70,14.20,1.00
27-Mar-25 12:28:00 AM AEST,24.0,97.5,23.6,0.20,72.20,nan,nan,nan,0.00,0.00,0.00,0.00
27-Mar-25 12:28:30 AM AEST,nan,nan,nan,nan,nan,65.53,nan,nan,nan,nan,nan,nan
27-Mar-25 12:28:50 AM AEST,nan,nan,nan,nan,nan,nan,nan,0.00,nan,nan,nan,nan
27-Mar-25 12:28:52 AM AEST,nan,nan,nan,nan,nan,nan,0.00,nan,nan,nan,nan,nan
27-Mar-25 12:28:52 AM AEST,nan,nan,nan,nan,nan,nan,125.20,nan,nan,nan,nan,nan
27-Mar-25 12:30:26 AM AEST,nan,0.0,nan,nan,nan,nan,nan,nan,nan,nan,nan,nan
27-Mar-25 12:30:29 AM AEST,nan,nan,nan,13.80,nan,nan,nan,nan,nan,nan,nan,13.80
27-Mar-25 12:30:30 AM AEST,0.0,nan,93.3,nan,0.60,nan,nan,nan,nan,nan,14.20,nan
27-Mar-25 12:30:31 AM AEST,nan,nan,nan,nan,nan,nan,nan,nan,nan,84.70,nan,nan
27-Mar-25 12:31:00 AM AEST,nan,nan,nan,nan,nan,3.41,nan,nan,nan,nan,nan,nan
27-Mar-25 12:31:15 AM AEST,nan,nan,nan,nan,nan,nan,nan,0.02,nan,nan,nan,nan
27-Mar-25 12:31:18 AM AEST,nan,nan,nan,nan,nan,nan,0.00,nan,nan,nan,nan,nan
27-Mar-25 12:32:58 AM AEST,nan,nan,nan,6552.80,nan,nan,nan,nan,nan,nan,nan,1.00
27-Mar-25 12:33:00 AM AEST,72.2,nan,nan,nan,nan,nan,nan,nan,nan,nan,nan,nan
27-Mar-25 12:33:40 AM AEST,nan,nan,nan,nan,nan,nan,nan,11.23,nan,nan,nan,nan
27-Mar-25 12:34:00 AM AEST,nan,nan,nan,nan,nan,nan,nan,nan,317.80,nan,nan,nan
27-Mar-25 12:36:00 AM AEST,nan,nan,341.4,nan,nan,nan,nan,nan,nan,nan,nan,nan
27-Mar-25 12:38:30 AM AEST,nan,nan,93.3,nan,nan,nan,nan,nan,nan,nan,nan,nan
27-Mar-25 12:40:00 AM AEST,nan,nan,nan,nan,nan,nan,nan,0.00,nan,nan,nan,nan
27-Mar-25 12:42:25 AM AEST,nan,nan,nan,nan,nan,nan,nan,11.23,nan,nan,nan,nan
27-Mar-25 12:42:25 AM AEST,nan,nan,nan,nan,nan,nan,nan,0.00,nan,nan,nan,nan
27-Mar-25 12:44:00 AM AEST,24.0,97.5,23.6,0.20,72.20,65.53,125.20,nan,0.00,0.00,0.00,0.00
27-Mar-25 12:44:00 AM AEST,13.8,13.8,23.6,13.80,72.20,65.53,0.00,nan,0.00,0.00,0.00,51.10
27-Mar-25 12:46:00 AM AEST,nan,nan,nan,nan,nan,nan,nan,11.23,nan,nan,nan,nan
27-Mar-25 12:46:26 AM AEST,nan,0.0,nan,nan,nan,nan,nan,nan,nan,nan,nan,nan
27-Mar-25 12:46:29 AM AEST,nan,nan,nan,6552.80,nan,nan,nan,nan,nan,nan,nan,1.00
27-Mar-25 12:46:30 AM AEST,72.2,nan,93.3,nan,0.60,3.41,nan,nan,nan,nan,14.20,nan
27-Mar-25 12:46:31 AM AEST,nan,nan,nan,nan,nan,nan,nan,nan,nan,84.70,nan,nan
27-Mar-25 12:46:35 AM AEST,nan,nan,nan,nan,nan,nan,nan,nan,317.80,nan,nan,nan
27-Mar-25 12:49:00 AM AEST,nan,nan,341.4,nan,nan,0.01,nan,nan,nan,nan,nan,nan
27-Mar-25 12:51:30 AM AEST,nan,nan,93.3,nan,nan,3.41,nan,nan,nan,nan,nan,nan
27-Mar-25 12:52:00 AM AEST,nan,97.5,nan,nan,nan,nan,125.20,0.00,nan,nan,nan,nan
27-Mar-25 12:52:00 AM AEST,nan,0.0,nan,nan,nan,nan,0.00,0.00,nan,nan,nan,nan
27-Mar-25 12:54:25 AM AEST,nan,nan,nan,nan,nan,nan,nan,11.23,nan,nan,nan,nan
27-Mar-25 12:56:00 AM AEST,0.2,0.2,nan,0.20,nan,nan,24.00,nan,nan,nan,nan,0.00
27-Mar-25 12:56:50 AM AEST,nan,nan,nan,nan,nan,nan,nan,2.40,nan,nan,nan,nan
27-Mar-25 12:56:50 AM AEST,nan,nan,nan,nan,nan,nan,nan,0.00,nan,nan,nan,nan
27-Mar-25 12:58:00 AM AEST,nan,nan,23.6,nan,72.20,65.53,nan,nan,0.00,0.00,0.00,nan
27-Mar-25 12:58:00 AM AEST,nan,nan,341.4,nan,0.60,3.41,nan,nan,317.80,84.70,14.20,nan
27-Mar-25 12:58:26 AM AEST,nan,97.5,nan,nan,nan,nan,125.20,nan,nan,nan,nan,nan
27-Mar-25 12:58:26 AM AEST,nan,0.0,nan,nan,nan,nan,0.00,nan,nan,nan,nan,nan
27-Mar-25 12:58:29 AM AEST,nan,nan,nan,6552.80,nan,nan,nan,nan,nan,nan,nan,1.00
27-Mar-25 12:58:30 AM AEST,24.0,nan,nan,nan,nan,nan,nan,nan,nan,nan,nan,nan
27-Mar-25 12:58:30 AM AEST,72.2,nan,nan,nan,nan,nan,nan,nan,nan,nan,nan,nan
27-Mar-25 12:59:15 AM AEST,nan,nan,nan,nan,nan,nan,nan,11.23,nan,nan,nan,nan
27-Mar-25 1:00:30 AM AEST,nan,nan,0.9,nan,8.30,0.01,nan,nan,nan,nan,8.30,nan
27-Mar-25 1:00:31 AM AEST,nan,nan,nan,nan,nan,nan,nan,nan,nan,8.30,nan,nan
27-Mar-25 1:00:35 AM AEST,nan,nan,nan,nan,nan,nan,nan,nan,23.60,nan,nan,nan
27-Mar-25 1:03:00 AM AEST,nan,nan,98.2,nan,0.60,3.41,nan,nan,nan,nan,14.20,nan
27-Mar-25 1:03:02 AM AEST,nan,nan,nan,nan,nan,nan,nan,nan,nan,84.70,nan,nan
27-Mar-25 1:03:10 AM AEST,nan,nan,nan,nan,nan,nan,nan,nan,317.80,nan,nan,nan
27-Mar-25 1:05:30 AM AEST,nan,nan,93.3,nan,nan,nan,nan,nan,nan,nan,nan,nan
27-Mar-25 1:06:00 AM AEST,nan,nan,nan,nan,nan,nan,nan,0.00,nan,nan,nan,nan
27-Mar-25 1:08:00 AM AEST,24.0,97.5,23.6,0.20,72.20,65.53,97.50,nan,0.00,0.00,0.00,0.00
27-Mar-25 1:08:25 AM AEST,nan,nan,nan,nan,nan,nan,nan,11.23,nan,nan,nan,nan
27-Mar-25 1:08:25 AM AEST,nan,nan,nan,nan,nan,nan,nan,12.52,nan,nan,nan,nan
27-Mar-25 1:10:26 AM AEST,nan,14.8,nan,nan,nan,nan,14.80,nan,nan,nan,nan,nan
27-Mar-25 1:10:29 AM AEST,nan,nan,nan,112.30,nan,nan,nan,nan,nan,nan,nan,112.30
27-Mar-25 1:10:30 AM AEST,112.3,nan,93.3,nan,nan,nan,nan,nan,nan,nan,nan,nan
27-Mar-25 1:10:50 AM AEST,nan,nan,nan,nan,nan,nan,nan,5.11,nan,nan,nan,nan
27-Mar-25 1:12:00 AM AEST,nan,nan,nan,nan,0.60,3.41,nan,nan,nan,nan,14.20,nan
27-Mar-25 1:12:52 AM AEST,nan,0.0,nan,nan,nan,nan,0.00,nan,nan,nan,nan,nan
27-Mar-25 1:12:58 AM AEST,nan,nan,nan,6552.80,nan,nan,nan,nan,nan,nan,nan,1.00
27-Mar-25 1:12:58 AM AEST,nan,nan,nan,0.20,nan,nan,nan,nan,nan,nan,nan,0.00
27-Mar-25 1:13:00 AM AEST,72.2,nan,23.6,nan,nan,nan,nan,nan,nan,nan,nan,nan
27-Mar-25 1:13:00 AM AEST,24.0,nan,23.6,nan,nan,nan,nan,nan,nan,nan,nan,nan
27-Mar-25 1:13:15 AM AEST,nan,nan,nan,nan,nan,nan,nan,11.23,nan,nan,nan,nan
27-Mar-25 1:13:15 AM AEST,nan,nan,nan,nan,nan,nan,nan,0.00,nan,nan,nan,nan
27-Mar-25 1:14:00 AM AEST,nan,nan,nan,nan,nan,nan,nan,nan,317.80,84.70,nan,nan
27-Mar-25 1:14:00 AM AEST,nan,nan,nan,nan,nan,nan,nan,nan,0.00,0.00,nan,nan
27-Mar-25 1:14:30 AM AEST,nan,nan,nan,nan,72.20,65.53,nan,nan,nan,nan,0.00,nan
27-Mar-25 1:15:18 AM AEST,nan,97.5,nan,nan,nan,nan,125.20,nan,nan,nan,nan,nan
27-Mar-25 1:15:27 AM AEST,nan,nan,nan,13.80,nan,nan,nan,nan,nan,nan,nan,51.10
27-Mar-25 1:15:30 AM AEST,13.8,nan,93.3,nan,nan,nan,nan,nan,nan,nan,nan,nan
27-Mar-25 1:16:31 AM AEST,nan,nan,nan,nan,nan,nan,nan,nan,nan,84.70,nan,nan
27-Mar-25 1:17:00 AM AEST,nan,nan,nan,nan,0.60,3.41,nan,nan,nan,nan,14.20,nan
27-Mar-25 1:17:44 AM AEST,nan,13.8,nan,nan,nan,nan,0.00,nan,nan,nan,nan,nan
27-Mar-25 1:17:56 AM AEST,nan,nan,nan,6552.80,nan,nan,nan,nan,nan,nan,nan,1.00
27-Mar-25 1:18:00 AM AEST,72.2,nan,nan,nan,nan,nan,nan,nan,nan,nan,nan,nan
27-Mar-25 1:20:00 AM AEST,nan,nan,nan,nan,nan,nan,nan,11.23,317.80,nan,nan,nan
27-Mar-25 1:20:10 AM AEST,nan,0.0,nan,nan,nan,nan,nan,nan,nan,nan,nan,nan
27-Mar-25 1:22:00 AM AEST,nan,nan,98.2,nan,nan,nan,nan,nan,nan,nan,nan,nan
27-Mar-25 1:24:00 AM AEST,nan,97.5,nan,nan,nan,nan,125.20,0.00,nan,nan,nan,nan
27-Mar-25 1:24:30 AM AEST,nan,nan,93.3,nan,nan,nan,nan,nan,nan,nan,nan,nan
27-Mar-25 1:26:00 AM AEST,nan,nan,nan,nan,72.20,65.53,nan,nan,0.00,0.00,0.00,nan
27-Mar-25 1:26:25 AM AEST,nan,nan,nan,nan,nan,nan,nan,11.23,nan,nan,nan,nan
27-Mar-25 1:26:25 AM AEST,nan,nan,nan,nan,nan,nan,nan,5.11,nan,nan,nan,nan
27-Mar-25 1:26:26 AM AEST,nan,0.0,nan,nan,nan,nan,0.00,nan,nan,nan,nan,nan
27-Mar-25 1:26:26 AM AEST,nan,14.8,nan,nan,nan,nan,51.10,nan,nan,nan,nan,nan
27-Mar-25 1:27:00 AM AEST,nan,nan,23.6,nan,nan,nan,nan,nan,nan,nan,nan,nan
27-Mar-25 1:28:00 AM AEST,14.8,nan,nan,14.80,nan,nan,nan,nan,nan,nan,nan,112.30
27-Mar-25 1:28:00 AM AEST,24.0,nan,nan,0.20,nan,nan,nan,nan,nan,nan,nan,0.00
27-Mar-25 1:28:50 AM AEST,nan,nan,nan,nan,nan,nan,nan,0.00,nan,nan,nan,nan
27-Mar-25 1:28:52 AM AEST,nan,97.5,nan,nan,nan,nan,125.20,nan,nan,nan,nan,nan
27-Mar-25 1:29:30 AM AEST,nan,nan,93.3,nan,nan,nan,nan,nan,nan,nan,nan,nan
27-Mar-25 1:30:00 AM AEST,nan,nan,nan,nan,0.60,3.41,nan,nan,317.80,84.70,14.20,nan
27-Mar-25 1:30:29 AM AEST,nan,nan,nan,6552.80,nan,nan,nan,nan,nan,nan,nan,1.00
27-Mar-25 1:30:30 AM AEST,72.2,nan,nan,nan,nan,nan,nan,nan,nan,nan,nan,nan
27-Mar-25 1:31:18 AM AEST,nan,0.0,nan,nan,nan,nan,nan,nan,nan,nan,nan,nan
27-Mar-25 1:32:00 AM AEST,nan,nan,nan,nan,nan,nan,0.00,11.23,nan,nan,nan,nan
27-Mar-25 1:34:25 AM AEST,nan,nan,nan,nan,nan,nan,nan,9.75,nan,nan,nan,nan
27-Mar-25 1:34:26 AM AEST,nan,nan,nan,nan,nan,nan,24.00,nan,nan,nan,nan,nan
27-Mar-25 1:36:00 AM AEST,24.0,24.0,nan,0.20,nan,nan,nan,nan,nan,nan,nan,0.00
27-Mar-25 1:36:50 AM AEST,nan,nan,nan,nan,nan,nan,nan,1.48,nan,nan,nan,nan
27-Mar-25 1:36:52 AM AEST,nan,nan,nan,nan,nan,nan,112.30,nan,nan,nan,nan,nan
27-Mar-25 1:38:00 AM AEST,nan,nan,nan,nan,72.20,65.53,nan,nan,0.00,0.00,0.00,nan
27-Mar-25 1:38:26 AM AEST,nan,112.3,nan,nan,nan,nan,nan,nan,nan,nan,nan,nan
27-Mar-25 1:38:29 AM AEST,nan,nan,nan,0.00,nan,nan,nan,nan,nan,nan,nan,nan
27-Mar-25 1:38:30 AM AEST,112.3,nan,nan,nan,nan,nan,nan,nan,nan,nan,nan,nan
27-Mar-25 1:39:18 AM AEST,nan,nan,nan,nan,nan,nan,0.00,nan,nan,nan,nan,nan
27-Mar-25 1:40:00 AM AEST,nan,nan,nan,nan,nan,nan,nan,11.23,nan,nan,nan,1.00
27-Mar-25 1:40:30 AM AEST,nan,nan,nan,nan,0.60,3.41,nan,nan,nan,nan,14.20,nan
27-Mar-25 1:40:31 AM AEST,nan,nan,nan,nan,nan,nan,nan,nan,nan,84.70,nan,nan
27-Mar-25 1:40:35 AM AEST,nan,nan,nan,nan,nan,nan,nan,nan,317.80,nan,nan,nan
27-Mar-25 1:40:52 AM AEST,nan,0.0,nan,nan,nan,nan,nan,nan,nan,nan,nan,nan
27-Mar-25 1:40:58 AM AEST,nan,nan,nan,6552.80,nan,nan,nan,nan,nan,nan,nan,nan
27-Mar-25 1:41:00 AM AEST,72.2,nan,nan,nan,nan,nan,nan,nan,nan,nan,nan,nan
27-Mar-25 1:46:00 AM AEST,24.0,97.5,nan,0.20,nan,nan,125.20,12.52,nan,nan,nan,nan
27-Mar-25 1:48:25 AM AEST,nan,nan,nan,nan,nan,nan,nan,11.23,nan,nan,nan,nan
27-Mar-25 1:48:25 AM AEST,nan,nan,nan,nan,nan,nan,nan,0.00,nan,nan,nan,nan
27-Mar-25 1:48:26 AM AEST,nan,0.0,nan,nan,nan,nan,0.00,nan,nan,nan,nan,nan
27-Mar-25 1:48:26 AM AEST,nan,97.5,nan,nan,nan,nan,125.20,nan,nan,nan,nan,nan
27-Mar-25 1:48:29 AM AEST,nan,nan,nan,6552.80,nan,nan,nan,nan,nan,nan,nan,nan
27-Mar-25 1:48:29 AM AEST,nan,nan,nan,0.20,nan,nan,nan,nan,nan,nan,nan,nan
27-Mar-25 1:48:30 AM AEST,72.2,nan,nan,nan,nan,nan,nan,nan,nan,nan,nan,nan
27-Mar-25 1:48:30 AM AEST,24.0,nan,nan,nan,nan,nan,nan,nan,nan,nan,nan,nan
27-Mar-25 1:50:00 AM AEST,nan,nan,23.6,nan,72.20,65.53,nan,nan,0.00,0.00,0.00,0.00
27-Mar-25 1:50:00 AM AEST,nan,nan,93.3,nan,0.60,3.41,nan,nan,0.00,84.70,0.00,0.00
27-Mar-25 1:52:30 AM AEST,nan,nan,nan,nan,nan,nan,nan,nan,nan,nan,14.20,nan
27-Mar-25 1:52:35 AM AEST,nan,nan,nan,nan,nan,nan,nan,nan,317.80,nan,nan,nan
27-Mar-25 1:54:00 AM AEST,nan,24.0,nan,nan,nan,nan,24.00,9.75,nan,nan,nan,nan
27-Mar-25 1:55:00 AM AEST,nan,nan,nan,nan,nan,nan,nan,nan,nan,nan,72.20,nan
27-Mar-25 1:55:10 AM AEST,nan,nan,nan,nan,nan,nan,nan,nan,0.00,nan,nan,nan
27-Mar-25 1:56:00 AM AEST,0.0,nan,nan,0.00,72.20,65.53,nan,nan,nan,72.20,nan,nan
27-Mar-25 1:56:25 AM AEST,nan,nan,nan,nan,nan,nan,nan,11.23,nan,nan,nan,nan
27-Mar-25 1:56:26 AM AEST,nan,0.0,nan,nan,nan,nan,112.30,nan,nan,nan,nan,nan
27-Mar-25 1:57:30 AM AEST,nan,nan,nan,nan,nan,nan,nan,nan,nan,nan,0.00,nan
27-Mar-25 1:58:00 AM AEST,nan,nan,23.6,nan,nan,nan,nan,nan,nan,nan,nan,14.80
27-Mar-25 1:58:29 AM AEST,nan,nan,nan,14.80,nan,nan,nan,nan,nan,nan,nan,nan
27-Mar-25 1:58:29 AM AEST,nan,nan,nan,0.20,nan,nan,nan,nan,nan,nan,nan,nan
27-Mar-25 1:58:30 AM AEST,51.1,nan,nan,nan,nan,nan,nan,nan,nan,nan,nan,nan
27-Mar-25 1:58:30 AM AEST,24.0,nan,nan,nan,nan,nan,nan,nan,nan,nan,nan,nan
27-Mar-25 1:58:31 AM AEST,nan,nan,nan,nan,nan,nan,nan,nan,nan,0.00,nan,nan
27-Mar-25 1:58:50 AM AEST,nan,nan,nan,nan,nan,nan,nan,1.38,nan,nan,nan,nan
27-Mar-25 1:58:50 AM AEST,nan,nan,nan,nan,nan,nan,nan,0.00,nan,nan,nan,nan
27-Mar-25 1:58:52 AM AEST,nan,51.1,nan,nan,nan,nan,51.10,nan,nan,nan,nan,nan
27-Mar-25 1:58:52 AM AEST,nan,97.5,nan,nan,nan,nan,125.20,nan,nan,nan,nan,nan
27-Mar-25 2:00:29 AM AEST,nan,nan,nan,nan,nan,nan,nan,nan,nan,nan,nan,0.00
27-Mar-25 2:00:30 AM AEST,nan,nan,93.3,nan,nan,nan,nan,nan,nan,nan,nan,nan
27-Mar-25 2:01:02 AM AEST,nan,nan,nan,nan,nan,nan,nan,nan,nan,84.70,nan,nan
27-Mar-25 2:02:00 AM AEST,nan,nan,nan,nan,0.60,3.41,nan,nan,317.80,nan,14.20,nan
27-Mar-25 2:02:58 AM AEST,nan,nan,nan,nan,nan,nan,nan,nan,nan,nan,nan,1.00
27-Mar-25 2:03:00 AM AEST,nan,nan,23.6,nan,nan,nan,nan,nan,nan,nan,nan,nan
27-Mar-25 2:03:33 AM AEST,nan,nan,nan,nan,nan,nan,nan,nan,nan,0.00,nan,nan
27-Mar-25 2:04:00 AM AEST,72.2,14.8,nan,6552.80,nan,nan,14.80,5.11,nan,nan,nan,nan
27-Mar-25 2:04:00 AM AEST,112.3,14.8,nan,112.30,nan,nan,14.80,5.11,nan,nan,nan,nan
27-Mar-25 2:04:30 AM AEST,nan,nan,nan,nan,72.20,65.53,nan,nan,nan,nan,0.00,nan
27-Mar-25 2:04:35 AM AEST,nan,nan,nan,nan,nan,nan,nan,nan,0.00,nan,nan,nan
27-Mar-25 2:05:27 AM AEST,nan,nan,nan,nan,nan,nan,nan,nan,nan,nan,nan,112.30
27-Mar-25 2:05:30 AM AEST,nan,nan,317.8,nan,nan,nan,nan,nan,nan,nan,nan,nan
27-Mar-25 2:06:04 AM AEST,nan,nan,nan,nan,nan,nan,nan,nan,nan,1.40,nan,nan
27-Mar-25 2:06:25 AM AEST,nan,nan,nan,nan,nan,nan,nan,11.23,nan,nan,nan,nan
27-Mar-25 2:06:26 AM AEST,nan,0.0,nan,nan,nan,nan,0.00,nan,nan,nan,nan,nan
27-Mar-25 2:06:29 AM AEST,nan,nan,nan,6552.80,nan,nan,nan,nan,nan,nan,nan,nan
27-Mar-25 2:06:30 AM AEST,72.2,nan,nan,nan,nan,nan,nan,nan,nan,nan,nan,nan
27-Mar-25 2:07:00 AM AEST,nan,nan,nan,nan,1.40,3.18,nan,nan,nan,nan,1.40,nan
27-Mar-25 2:07:10 AM AEST,nan,nan,nan,nan,nan,nan,nan,nan,0.90,nan,nan,nan
27-Mar-25 2:07:56 AM AEST,nan,nan,nan,nan,nan,nan,nan,nan,nan,nan,nan,1.00
27-Mar-25 2:08:00 AM AEST,nan,nan,93.3,nan,nan,nan,nan,nan,nan,nan,nan,nan
27-Mar-25 2:08:35 AM AEST,nan,nan,nan,nan,nan,nan,nan,nan,nan,84.70,nan,nan
27-Mar-25 2:09:30 AM AEST,nan,nan,nan,nan,0.60,3.41,nan,nan,nan,nan,14.20,nan
27-Mar-25 2:09:45 AM AEST,nan,nan,nan,nan,nan,nan,nan,nan,317.80,nan,nan,nan
27-Mar-25 2:12:00 AM AEST,24.0,97.5,nan,0.20,nan,nan,97.50,12.52,nan,nan,nan,0.00
27-Mar-25 2:14:00 AM AEST,nan,nan,nan,nan,72.20,65.53,nan,nan,0.00,0.00,0.00,nan
27-Mar-25 2:14:25 AM AEST,nan,nan,nan,nan,nan,nan,nan,5.11,nan,nan,nan,nan
27-Mar-25 2:14:26 AM AEST,nan,14.8,nan,nan,nan,nan,51.10,nan,nan,nan,nan,nan
27-Mar-25 2:14:29 AM AEST,nan,nan,nan,14.80,nan,nan,nan,nan,nan,nan,nan,112.30
27-Mar-25 2:14:30 AM AEST,14.8,nan,nan,nan,nan,nan,nan,nan,nan,nan,nan,nan
27-Mar-25 2:16:00 AM AEST,nan,nan,23.6,nan,nan,nan,nan,nan,nan,nan,nan,nan
27-Mar-25 2:16:50 AM AEST,nan,nan,nan,nan,nan,nan,nan,2.40,nan,nan,nan,nan
27-Mar-25 2:16:52 AM AEST,nan,0.2,nan,nan,nan,nan,0.20,nan,nan,nan,nan,nan
27-Mar-25 2:16:58 AM AEST,nan,nan,nan,0.00,nan,nan,nan,nan,nan,nan,nan,0.00
27-Mar-25 2:17:00 AM AEST,0.0,nan,nan,nan,nan,nan,nan,nan,nan,nan,nan,nan
27-Mar-25 2:18:00 AM AEST,nan,nan,nan,nan,1.00,0.01,nan,nan,6552.80,6552.80,6552.80,nan
27-Mar-25 2:19:15 AM AEST,nan,nan,nan,nan,nan,nan,nan,11.23,nan,nan,nan,nan
27-Mar-25 2:19:18 AM AEST,nan,0.0,nan,nan,nan,nan,0.00,nan,nan,nan,nan,nan
27-Mar-25 2:20:30 AM AEST,nan,nan,nan,nan,6552.80,65.53,nan,nan,nan,nan,nan,nan
27-Mar-25 2:20:31 AM AEST,nan,nan,nan,nan,nan,nan,nan,nan,nan,72.20,nan,nan
27-Mar-25 2:20:35 AM AEST,nan,nan,nan,nan,nan,nan,nan,nan,72.20,nan,nan,nan
27-Mar-25 2:21:40 AM AEST,nan,nan,nan,nan,nan,nan,nan,0.00,nan,nan,nan,nan
27-Mar-25 2:21:44 AM AEST,nan,97.5,nan,nan,nan,nan,125.20,nan,nan,nan,nan,nan
27-Mar-25 2:22:00 AM AEST,24.0,nan,nan,0.20,nan,nan,nan,nan,nan,nan,0.00,nan
27-Mar-25 2:23:00 AM AEST,nan,nan,nan,nan,72.20,3.41,nan,nan,nan,nan,nan,nan
27-Mar-25 2:23:00 AM AEST,nan,nan,nan,nan,0.60,3.41,nan,nan,nan,nan,nan,nan
27-Mar-25 2:23:02 AM AEST,nan,nan,nan,nan,nan,nan,nan,nan,nan,0.00,nan,nan
27-Mar-25 2:23:02 AM AEST,nan,nan,nan,nan,nan,nan,nan,nan,nan,84.70,nan,nan
27-Mar-25 2:23:10 AM AEST,nan,nan,nan,nan,nan,nan,nan,nan,0.00,nan,nan,nan
27-Mar-25 2:23:10 AM AEST,nan,nan,nan,nan,nan,nan,nan,nan,317.80,nan,nan,nan
27-Mar-25 2:24:00 AM AEST,nan,nan,93.3,nan,nan,nan,nan,nan,nan,nan,nan,nan
27-Mar-25 2:24:05 AM AEST,nan,nan,nan,nan,nan,nan,nan,2.40,nan,nan,nan,nan
27-Mar-25 2:24:10 AM AEST,nan,0.2,nan,nan,nan,nan,24.00,nan,nan,nan,nan,nan
27-Mar-25 2:24:30 AM AEST,0.2,nan,nan,nan,nan,nan,nan,nan,nan,nan,14.20,nan
27-Mar-25 2:25:30 AM AEST,nan,nan,nan,nan,72.20,65.53,nan,nan,nan,nan,nan,nan
27-Mar-25 2:25:33 AM AEST,nan,nan,nan,nan,nan,nan,nan,nan,nan,0.00,nan,nan
27-Mar-25 2:25:45 AM AEST,nan,nan,nan,nan,nan,nan,nan,nan,0.00,nan,nan,nan
27-Mar-25 2:26:30 AM AEST,nan,nan,23.6,nan,nan,nan,nan,0.00,nan,nan,nan,nan
27-Mar-25 2:26:36 AM AEST,nan,97.5,nan,nan,nan,nan,125.20,nan,nan,nan,nan,nan
27-Mar-25 2:27:00 AM AEST,24.0,nan,nan,nan,nan,nan,nan,nan,nan,nan,0.00,nan
27-Mar-25 2:27:00 AM AEST,24.0,nan,nan,nan,nan,nan,nan,nan,nan,nan,14.20,nan
27-Mar-25 2:28:00 AM AEST,nan,nan,nan,6552.80,0.60,3.41,nan,nan,nan,nan,nan,1.00
27-Mar-25 2:28:04 AM AEST,nan,nan,nan,nan,nan,nan,nan,nan,nan,84.70,nan,nan
27-Mar-25 2:28:20 AM AEST,nan,nan,nan,nan,nan,nan,nan,nan,317.80,nan,nan,nan
27-Mar-25 2:29:00 AM AEST,nan,nan,93.3,nan,nan,nan,nan,nan,nan,nan,nan,nan
27-Mar-25 2:30:29 AM AEST,nan,nan,nan,0.20,nan,nan,nan,nan,nan,nan,nan,0.00
27-Mar-25 2:30:35 AM AEST,nan,nan,nan,nan,nan,nan,nan,nan,nan,0.00,nan,nan
27-Mar-25 2:30:55 AM AEST,nan,nan,nan,nan,nan,nan,nan,nan,0.00,nan,nan,nan
27-Mar-25 2:32:58 AM AEST,nan,nan,nan,6552.80,nan,nan,nan,nan,nan,nan,nan,1.00
27-Mar-25 2:33:06 AM AEST,nan,nan,nan,nan,nan,nan,nan,nan,nan,84.70,nan,nan
27-Mar-25 2:33:30 AM AEST,nan,nan,nan,nan,nan,nan,nan,nan,317.80,nan,nan,nan
27-Mar-25 2:34:00 AM AEST,nan,nan,nan,nan,nan,nan,nan,58.35,nan,nan,nan,nan
27-Mar-25 2:34:00 AM AEST,nan,nan,nan,nan,nan,nan,nan,0.00,nan,nan,nan,nan
27-Mar-25 2:35:27 AM AEST,nan,nan,nan,0.20,nan,nan,nan,nan,nan,nan,nan,0.00
27-Mar-25 2:35:27 AM AEST,nan,nan,nan,6552.80,nan,nan,nan,nan,nan,nan,nan,1.00
27-Mar-25 2:35:37 AM AEST,nan,nan,nan,nan,nan,nan,nan,nan,nan,0.00,nan,nan
27-Mar-25 2:35:37 AM AEST,nan,nan,nan,nan,nan,nan,nan,nan,nan,0.90,nan,nan
27-Mar-25 2:36:00 AM AEST,72.2,0.0,317.8,nan,1.40,0.01,0.00,nan,nan,nan,0.00,nan
27-Mar-25 2:36:00 AM AEST,72.2,0.0,317.8,nan,1.40,0.01,0.00,nan,nan,nan,0.90,nan
27-Mar-25 2:36:05 AM AEST,nan,nan,nan,nan,nan,nan,nan,nan,0.00,nan,nan,nan
27-Mar-25 2:36:05 AM AEST,nan,nan,nan,nan,nan,nan,nan,nan,0.90,nan,nan,nan
27-Mar-25 2:36:25 AM AEST,nan,nan,nan,nan,nan,nan,nan,11.23,nan,nan,nan,nan
27-Mar-25 2:38:08 AM AEST,nan,nan,nan,nan,nan,nan,nan,nan,nan,84.70,nan,nan
27-Mar-25 2:38:30 AM AEST,nan,nan,93.3,nan,0.60,3.41,nan,nan,nan,nan,14.20,nan
27-Mar-25 2:38:40 AM AEST,nan,nan,nan,nan,nan,nan,nan,nan,317.80,nan,nan,nan
27-Mar-25 2:42:00 AM AEST,0.2,0.2,nan,0.20,nan,nan,24.00,2.40,nan,nan,nan,0.00
27-Mar-25 2:42:00 AM AEST,24.0,97.5,nan,0.20,nan,nan,125.20,2.40,nan,nan,nan,0.00
27-Mar-25 2:44:00 AM AEST,nan,nan,23.6,nan,72.20,65.53,nan,nan,0.00,0.00,0.00,nan
27-Mar-25 2:44:00 AM AEST,nan,nan,93.3,nan,0.60,3.41,nan,nan,0.00,84.70,14.20,nan
27-Mar-25 2:44:25 AM AEST,nan,nan,nan,nan,nan,nan,nan,0.00,nan,nan,nan,nan
27-Mar-25 2:46:35 AM AEST,nan,nan,nan,nan,nan,nan,nan,nan,317.80,nan,nan,nan
27-Mar-25 2:48:00 AM AEST,0.0,0.2,nan,0.00,nan,nan,0.20,2.40,nan,nan,nan,nan
27-Mar-25 2:49:10 AM AEST,nan,nan,nan,nan,nan,nan,nan,nan,0.00,nan,nan,nan
27-Mar-25 2:50:00 AM AEST,nan,nan,23.6,nan,72.20,65.53,nan,nan,nan,0.00,0.00,nan
27-Mar-25 2:50:25 AM AEST,nan,nan,nan,nan,nan,nan,nan,0.00,nan,nan,nan,nan
27-Mar-25 2:50:26 AM AEST,nan,97.5,nan,nan,nan,nan,125.20,nan,nan,nan,nan,nan
27-Mar-25 2:50:29 AM AEST,nan,nan,nan,0.20,nan,nan,nan,nan,nan,nan,nan,nan
27-Mar-25 2:50:30 AM AEST,24.0,nan,nan,nan,nan,nan,nan,nan,nan,nan,nan,nan
27-Mar-25 2:51:45 AM AEST,nan,nan,nan,nan,nan,nan,nan,nan,317.80,nan,nan,nan
27-Mar-25 2:52:30 AM AEST,nan,nan,93.3,nan,0.60,3.41,nan,nan,nan,nan,14.20,nan
27-Mar-25 2:52:30 AM AEST,nan,nan,341.4,nan,0.60,3.41,nan,nan,nan,nan,14.20,nan
27-Mar-25 2:52:31 AM AEST,nan,nan,nan,nan,nan,nan,nan,nan,nan,84.70,nan,nan
27-Mar-25 2:52:50 AM AEST,nan,nan,nan,nan,nan,nan,nan,11.23,nan,nan,nan,nan
27-Mar-25 2:52:52 AM AEST,nan,0.0,nan,nan,nan,nan,0.00,nan,nan,nan,nan,nan
27-Mar-25 2:52:52 AM AEST,nan,97.5,nan,nan,nan,nan,125.20,nan,nan,nan,nan,nan
27-Mar-25 2:52:58 AM AEST,nan,nan,nan,6552.80,nan,nan,nan,nan,nan,nan,nan,nan
27-Mar-25 2:52:58 AM AEST,nan,nan,nan,0.20,nan,nan,nan,nan,nan,nan,nan,nan
27-Mar-25 2:53:00 AM AEST,72.2,nan,nan,nan,nan,nan,nan,nan,nan,nan,nan,nan
27-Mar-25 2:53:00 AM AEST,24.0,nan,nan,nan,nan,nan,nan,nan,nan,nan,nan,nan
27-Mar-25 2:54:00 AM AEST,nan,nan,nan,nan,nan,nan,nan,nan,nan,nan,nan,1.00
27-Mar-25 2:54:00 AM AEST,nan,nan,nan,nan,nan,nan,nan,nan,nan,nan,nan,0.00
27-Mar-25 2:54:20 AM AEST,nan,nan,nan,nan,nan,nan,nan,nan,0.00,nan,nan,nan
27-Mar-25 2:55:00 AM AEST,nan,nan,23.6,nan,72.20,65.53,nan,nan,nan,nan,0.00,nan
27-Mar-25 2:55:00 AM AEST,nan,nan,93.3,nan,0.60,3.41,nan,nan,nan,nan,14.20,nan
27-Mar-25 2:55:00 AM AEST,nan,nan,23.6,nan,72.20,65.53,nan,nan,nan,nan,0.00,nan
27-Mar-25 2:55:02 AM AEST,nan,nan,nan,nan,nan,nan,nan,nan,nan,0.00,nan,nan
27-Mar-25 2:55:02 AM AEST,nan,nan,nan,nan,nan,nan,nan,nan,nan,84.70,nan,nan
27-Mar-25 2:55:02 AM AEST,nan,nan,nan,nan,nan,nan,nan,nan,nan,0.00,nan,nan
27-Mar-25 2:55:15 AM AEST,nan,nan,nan,nan,nan,nan,nan,0.00,nan,nan,nan,nan
27-Mar-25 2:55:27 AM AEST,nan,nan,nan,112.30,nan,nan,nan,nan,nan,nan,nan,nan
27-Mar-25 2:55:30 AM AEST,112.3,nan,nan,nan,nan,nan,nan,nan,nan,nan,nan,nan
27-Mar-25 2:56:00 AM AEST,nan,14.8,nan,nan,nan,nan,14.80,nan,nan,nan,nan,nan
27-Mar-25 2:56:29 AM AEST,nan,nan,nan,nan,nan,nan,nan,nan,nan,nan,nan,112.30
27-Mar-25 2:56:55 AM AEST,nan,nan,nan,nan,nan,nan,nan,nan,317.80,nan,nan,nan
27-Mar-25 2:56:55 AM AEST,nan,nan,nan,nan,nan,nan,nan,nan,0.00,nan,nan,nan
27-Mar-25 2:57:30 AM AEST,nan,nan,93.3,nan,0.60,3.41,nan,nan,nan,nan,nan,nan
27-Mar-25 2:57:40 AM AEST,nan,nan,nan,nan,nan,nan,nan,5.11,nan,nan,nan,nan
27-Mar-25 2:58:26 AM AEST,nan,0.0,nan,nan,nan,nan,0.00,nan,nan,nan,nan,nan
27-Mar-25 2:58:58 AM AEST,nan,nan,nan,nan,nan,nan,nan,nan,nan,nan,nan,1.00
27-Mar-25 2:59:30 AM AEST,nan,nan,nan,nan,nan,nan,nan,nan,317.80,nan,nan,nan
27-Mar-25 3:00:00 AM AEST,72.2,nan,nan,6552.80,nan,nan,nan,nan,nan,84.70,14.20,nan
27-Mar-25 3:00:05 AM AEST,nan,nan,nan,nan,nan,nan,nan,11.23,nan,nan,nan,nan
27-Mar-25 3:04:00 AM AEST,nan,97.5,nan,nan,nan,nan,125.20,0.00,nan,nan,nan,nan
27-Mar-25 3:06:00 AM AEST,nan,nan,23.6,51.10,72.20,65.53,nan,nan,0.00,0.00,0.00,51.10
27-Mar-25 3:06:25 AM AEST,nan,nan,nan,nan,nan,nan,nan,11.23,nan,nan,nan,nan
27-Mar-25 3:06:25 AM AEST,nan,nan,nan,nan,nan,nan,nan,0.00,nan,nan,nan,nan
27-Mar-25 3:06:26 AM AEST,nan,0.0,nan,nan,nan,nan,0.00,nan,nan,nan,nan,nan
27-Mar-25 3:06:26 AM AEST,nan,13.8,nan,nan,nan,nan,13.80,nan,nan,nan,nan,nan
27-Mar-25 3:08:00 AM AEST,51.1,nan,nan,nan,nan,nan,nan,nan,nan,nan,nan,nan
27-Mar-25 3:08:00 AM AEST,24.0,nan,nan,nan,nan,nan,nan,nan,nan,nan,nan,nan
27-Mar-25 3:08:29 AM AEST,nan,nan,nan,0.20,nan,nan,nan,nan,nan,nan,nan,0.00
27-Mar-25 3:08:52 AM AEST,nan,97.5,nan,nan,nan,nan,125.20,nan,nan,nan,nan,nan
27-Mar-25 3:10:00 AM AEST,nan,nan,93.3,nan,0.60,3.41,nan,nan,317.80,84.70,14.20,nan
27-Mar-25 3:10:00 AM AEST,nan,nan,23.6,nan,72.20,65.53,nan,nan,0.00,0.00,0.00,nan
27-Mar-25 3:10:30 AM AEST,72.2,nan,nan,nan,nan,nan,nan,nan,nan,nan,nan,nan
27-Mar-25 3:10:30 AM AEST,24.0,nan,nan,nan,nan,nan,nan,nan,nan,nan,nan,nan
27-Mar-25 3:10:58 AM AEST,nan,nan,nan,6552.80,nan,nan,nan,nan,nan,nan,nan,1.00
27-Mar-25 3:10:58 AM AEST,nan,nan,nan,0.20,nan,nan,nan,nan,nan,nan,nan,0.00
27-Mar-25 3:11:18 AM AEST,nan,0.0,nan,nan,nan,nan,0.00,nan,nan,nan,nan,nan
27-Mar-25 3:11:18 AM AEST,nan,97.5,nan,nan,nan,nan,125.20,nan,nan,nan,nan,nan
27-Mar-25 3:12:30 AM AEST,nan,nan,93.3,nan,0.60,3.41,nan,nan,nan,nan,14.20,nan
27-Mar-25 3:12:31 AM AEST,nan,nan,nan,nan,nan,nan,nan,nan,nan,84.70,nan,nan
27-Mar-25 3:12:35 AM AEST,nan,nan,nan,nan,nan,nan,nan,nan,317.80,nan,nan,nan
27-Mar-25 3:13:00 AM AEST,13.8,nan,nan,nan,nan,nan,nan,nan,nan,nan,nan,nan
27-Mar-25 3:13:27 AM AEST,nan,nan,nan,13.80,nan,nan,nan,nan,nan,nan,nan,51.10
27-Mar-25 3:13:44 AM AEST,nan,13.8,nan,nan,nan,nan,0.00,nan,nan,nan,nan,nan
27-Mar-25 3:15:00 AM AEST,nan,nan,23.6,nan,1.00,0.01,nan,nan,nan,nan,6552.80,nan
27-Mar-25 3:15:02 AM AEST,nan,nan,nan,nan,nan,nan,nan,nan,nan,6552.80,nan,nan
27-Mar-25 3:15:10 AM AEST,nan,nan,nan,nan,nan,nan,nan,nan,6552.80,nan,nan,nan
27-Mar-25 3:15:30 AM AEST,0.0,nan,nan,nan,nan,nan,nan,nan,nan,nan,nan,nan
27-Mar-25 3:15:56 AM AEST,nan,nan,nan,0.00,nan,nan,nan,nan,nan,nan,nan,0.00
27-Mar-25 3:16:00 AM AEST,nan,nan,nan,nan,nan,nan,nan,11.23,nan,nan,nan,nan
27-Mar-25 3:16:10 AM AEST,nan,0.0,nan,nan,nan,nan,nan,nan,nan,nan,nan,nan
27-Mar-25 3:17:30 AM AEST,nan,nan,93.3,nan,0.60,3.41,nan,nan,nan,nan,14.20,nan
27-Mar-25 3:17:33 AM AEST,nan,nan,nan,nan,nan,nan,nan,nan,nan,84.70,nan,nan
27-Mar-25 3:17:45 AM AEST,nan,nan,nan,nan,nan,nan,nan,nan,317.80,nan,nan,nan
27-Mar-25 3:18:00 AM AEST,72.2,nan,nan,nan,nan,nan,nan,nan,nan,nan,nan,nan
27-Mar-25 3:18:25 AM AEST,nan,nan,nan,6552.80,nan,nan,nan,nan,nan,nan,nan,1.00
27-Mar-25 3:20:00 AM AEST,nan,nan,23.6,nan,72.20,65.53,nan,nan,nan,nan,0.00,nan
27-Mar-25 3:20:04 AM AEST,nan,nan,nan,nan,nan,nan,nan,nan,nan,0.00,nan,nan
27-Mar-25 3:20:20 AM AEST,nan,nan,nan,nan,nan,nan,nan,nan,0.00,nan,nan,nan
27-Mar-25 3:20:30 AM AEST,112.3,nan,nan,nan,nan,nan,nan,nan,nan,nan,nan,nan
27-Mar-25 3:20:54 AM AEST,nan,nan,nan,0.00,nan,nan,nan,nan,nan,nan,nan,0.00
27-Mar-25 3:22:00 AM AEST,nan,112.3,nan,nan,nan,nan,112.30,1.48,nan,nan,nan,nan
27-Mar-25 3:22:30 AM AEST,nan,nan,93.3,nan,0.60,3.41,nan,nan,nan,nan,nan,nan
27-Mar-25 3:22:35 AM AEST,nan,nan,nan,nan,nan,nan,nan,nan,nan,84.70,nan,nan
27-Mar-25 3:22:55 AM AEST,nan,nan,nan,nan,nan,nan,nan,nan,317.80,nan,nan,nan
27-Mar-25 3:23:23 AM AEST,nan,nan,nan,6552.80,nan,nan,nan,nan,nan,nan,nan,1.00
27-Mar-25 3:24:00 AM AEST,72.2,nan,nan,nan,nan,nan,nan,nan,nan,nan,14.20,nan
27-Mar-25 3:24:25 AM AEST,nan,nan,nan,nan,nan,nan,nan,11.23,nan,nan,nan,nan
27-Mar-25 3:24:26 AM AEST,nan,0.0,nan,nan,nan,nan,0.00,nan,nan,nan,nan,nan
27-Mar-25 3:26:30 AM AEST,nan,nan,nan,nan,nan,nan,nan,nan,nan,nan,72.20,nan
27-Mar-25 3:26:52 AM AEST,nan,nan,nan,nan,nan,nan,112.30,nan,nan,nan,nan,nan
27-Mar-25 3:28:00 AM AEST,0.0,nan,23.6,0.00,72.20,65.53,nan,nan,0.00,72.20,nan,0.00
27-Mar-25 3:29:00 AM AEST,nan,nan,nan,nan,nan,nan,nan,nan,nan,nan,14.20,nan
27-Mar-25 3:30:00 AM AEST,nan,nan,nan,nan,nan,nan,0.00,nan,nan,nan,nan,nan
27-Mar-25 3:30:29 AM AEST,nan,nan,nan,6552.80,nan,nan,nan,nan,nan,nan,nan,1.00
27-Mar-25 3:30:30 AM AEST,72.2,nan,93.3,nan,0.60,3.41,nan,nan,nan,nan,nan,nan
27-Mar-25 3:30:31 AM AEST,nan,nan,nan,nan,nan,nan,nan,nan,nan,84.70,nan,nan
27-Mar-25 3:30:35 AM AEST,nan,nan,nan,nan,nan,nan,nan,nan,317.80,nan,nan,nan
27-Mar-25 3:36:00 AM AEST,24.0,97.5,nan,0.20,nan,nan,97.50,12.52,nan,nan,nan,0.00
27-Mar-25 3:38:25 AM AEST,nan,nan,nan,nan,nan,nan,nan,11.23,nan,nan,nan,nan
27-Mar-25 3:38:26 AM AEST,nan,0.0,nan,nan,nan,nan,0.00,nan,nan,nan,nan,nan
27-Mar-25 3:38:26 AM AEST,nan,97.5,nan,nan,nan,nan,125.20,nan,nan,nan,nan,nan
27-Mar-25 3:38:29 AM AEST,nan,nan,nan,6552.80,nan,nan,nan,nan,nan,nan,nan,1.00
27-Mar-25 3:38:29 AM AEST,nan,nan,nan,0.20,nan,nan,nan,nan,nan,nan,nan,0.00
27-Mar-25 3:38:30 AM AEST,72.2,nan,nan,nan,nan,nan,nan,nan,nan,nan,nan,nan
27-Mar-25 3:38:30 AM AEST,24.0,nan,nan,nan,nan,nan,nan,nan,nan,nan,nan,nan
27-Mar-25 3:40:00 AM AEST,nan,nan,23.6,nan,72.20,65.53,nan,nan,0.00,0.00,0.00,nan
27-Mar-25 3:40:00 AM AEST,nan,nan,93.3,nan,0.60,3.41,nan,nan,317.80,84.70,14.20,nan
27-Mar-25 3:40:50 AM AEST,nan,nan,nan,nan,nan,nan,nan,0.00,nan,nan,nan,nan
27-Mar-25 3:40:52 AM AEST,nan,0.0,nan,nan,nan,nan,0.00,nan,nan,nan,nan,nan
27-Mar-25 3:40:58 AM AEST,nan,nan,nan,6552.80,nan,nan,nan,nan,nan,nan,nan,1.00
27-Mar-25 3:41:00 AM AEST,72.2,nan,nan,nan,nan,nan,nan,nan,nan,nan,nan,nan
27-Mar-25 3:42:31 AM AEST,nan,nan,nan,nan,nan,nan,nan,nan,nan,0.00,nan,nan
27-Mar-25 3:42:35 AM AEST,nan,nan,nan,nan,nan,nan,nan,nan,0.00,nan,nan,nan
27-Mar-25 3:43:18 AM AEST,nan,97.5,nan,nan,nan,nan,125.20,nan,nan,nan,nan,nan
27-Mar-25 3:43:27 AM AEST,nan,nan,nan,0.20,nan,nan,nan,nan,nan,nan,nan,0.00
27-Mar-25 3:43:30 AM AEST,24.0,nan,nan,nan,nan,nan,nan,nan,nan,nan,nan,nan
27-Mar-25 3:45:02 AM AEST,nan,nan,nan,nan,nan,nan,nan,nan,nan,84.70,nan,nan
27-Mar-25 3:45:10 AM AEST,nan,nan,nan,nan,nan,nan,nan,nan,317.80,nan,nan,nan
27-Mar-25 3:45:44 AM AEST,nan,0.0,nan,nan,nan,nan,0.00,nan,nan,nan,nan,nan
27-Mar-25 3:45:56 AM AEST,nan,nan,nan,6552.80,nan,nan,nan,nan,nan,nan,nan,1.00
27-Mar-25 3:46:00 AM AEST,72.2,nan,nan,nan,nan,nan,nan,11.23,nan,nan,nan,nan
27-Mar-25 3:48:10 AM AEST,nan,24.0,nan,nan,nan,nan,24.00,nan,nan,nan,nan,nan
27-Mar-25 3:48:25 AM AEST,nan,nan,nan,0.20,nan,nan,nan,9.75,nan,nan,nan,0.00
27-Mar-25 3:48:30 AM AEST,24.0,nan,nan,nan,nan,nan,nan,nan,nan,nan,nan,nan
27-Mar-25 3:50:00 AM AEST,nan,nan,nan,nan,72.20,65.53,nan,nan,0.00,0.00,0.00,nan
27-Mar-25 3:50:36 AM AEST,nan,97.5,nan,nan,nan,nan,125.20,nan,nan,nan,nan,nan
27-Mar-25 3:50:50 AM AEST,nan,nan,nan,nan,nan,nan,nan,0.00,nan,nan,nan,nan
27-Mar-25 3:52:00 AM AEST,13.8,nan,nan,13.80,nan,nan,nan,nan,nan,nan,nan,51.10
27-Mar-25 3:52:30 AM AEST,nan,nan,nan,nan,0.60,3.41,nan,nan,nan,nan,14.20,nan
27-Mar-25 3:52:31 AM AEST,nan,nan,nan,nan,nan,nan,nan,nan,nan,84.70,nan,nan
27-Mar-25 3:52:35 AM AEST,nan,nan,nan,nan,nan,nan,nan,nan,317.80,nan,nan,nan
27-Mar-25 3:53:02 AM AEST,nan,13.8,nan,nan,nan,nan,0.00,nan,nan,nan,nan,nan
27-Mar-25 3:54:00 AM AEST,nan,nan,23.6,nan,nan,nan,nan,nan,nan,nan,nan,nan
27-Mar-25 3:54:29 AM AEST,nan,nan,nan,0.00,nan,nan,nan,nan,nan,nan,nan,72.20
27-Mar-25 3:54:30 AM AEST,0.0,nan,nan,nan,nan,nan,nan,nan,nan,nan,nan,nan
27-Mar-25 3:55:00 AM AEST,nan,nan,nan,nan,1.00,0.24,nan,nan,nan,nan,1.00,nan
27-Mar-25 3:55:02 AM AEST,nan,nan,nan,nan,nan,nan,nan,nan,nan,1.00,nan,nan
27-Mar-25 3:55:10 AM AEST,nan,nan,nan,nan,nan,nan,nan,nan,6552.80,nan,nan,nan
27-Mar-25 3:55:28 AM AEST,nan,0.0,nan,nan,nan,nan,nan,nan,nan,nan,nan,nan
27-Mar-25 3:56:00 AM AEST,nan,nan,nan,nan,nan,nan,nan,11.23,nan,nan,nan,nan
27-Mar-25 3:56:30 AM AEST,nan,nan,93.3,nan,nan,nan,nan,nan,nan,nan,nan,nan
27-Mar-25 3:56:58 AM AEST,nan,nan,nan,6552.80,nan,nan,nan,nan,nan,nan,nan,1.00
27-Mar-25 3:57:00 AM AEST,72.2,nan,nan,nan,nan,nan,nan,nan,nan,nan,nan,nan
27-Mar-25 3:57:30 AM AEST,nan,nan,nan,nan,0.60,3.41,nan,nan,nan,nan,14.20,nan
27-Mar-25 3:57:33 AM AEST,nan,nan,nan,nan,nan,nan,nan,nan,nan,84.70,nan,nan
27-Mar-25 3:57:45 AM AEST,nan,nan,nan,nan,nan,nan,nan,nan,317.80,nan,nan,nan
27-Mar-25 4:00:00 AM AEST,nan,nan,1.4,nan,0.90,0.01,nan,0.00,nan,nan,0.90,nan
27-Mar-25 4:00:04 AM AEST,nan,nan,nan,nan,nan,nan,nan,nan,nan,8.30,nan,nan
27-Mar-25 4:00:20 AM AEST,nan,nan,nan,nan,nan,nan,nan,nan,8.30,nan,nan,nan
27-Mar-25 4:02:25 AM AEST,nan,nan,nan,nan,nan,nan,nan,11.23,nan,nan,nan,nan
27-Mar-25 4:02:30 AM AEST,nan,nan,93.3,nan,0.60,3.41,nan,nan,nan,nan,14.20,nan
27-Mar-25 4:02:35 AM AEST,nan,nan,nan,nan,nan,nan,nan,nan,nan,84.70,nan,nan
27-Mar-25 4:02:55 AM AEST,nan,nan,nan,nan,nan,nan,nan,nan,317.80,nan,nan,nan
27-Mar-25 4:10:00 AM AEST,0.2,0.2,nan,0.20,nan,nan,24.00,2.40,nan,nan,nan,0.00
27-Mar-25 4:10:00 AM AEST,24.0,97.5,nan,0.20,nan,nan,125.20,2.40,nan,nan,nan,0.00
27-Mar-25 4:12:00 AM AEST,nan,nan,23.6,nan,72.20,65.53,nan,nan,0.00,0.00,0.00,nan
27-Mar-25 4:12:00 AM AEST,nan,nan,93.3,nan,72.20,3.41,nan,nan,0.00,0.00,0.00,nan
27-Mar-25 4:12:25 AM AEST,nan,nan,nan,nan,nan,nan,nan,12.52,nan,nan,nan,nan
27-Mar-25 4:12:26 AM AEST,nan,14.8,nan,nan,nan,nan,14.80,nan,nan,nan,nan,nan
27-Mar-25 4:12:29 AM AEST,nan,nan,nan,112.30,nan,nan,nan,nan,nan,nan,nan,112.30
27-Mar-25 4:12:30 AM AEST,112.3,nan,nan,nan,nan,nan,nan,nan,nan,nan,nan,nan
27-Mar-25 4:14:30 AM AEST,nan,nan,23.6,nan,nan,65.53,nan,nan,nan,nan,nan,nan
27-Mar-25 4:14:50 AM AEST,nan,nan,nan,nan,nan,nan,nan,5.11,nan,nan,nan,nan
27-Mar-25 4:14:50 AM AEST,nan,nan,nan,nan,nan,nan,nan,12.52,nan,nan,nan,nan
27-Mar-25 4:14:52 AM AEST,nan,97.5,nan,nan,nan,nan,97.50,nan,nan,nan,nan,nan
27-Mar-25 4:14:58 AM AEST,nan,nan,nan,0.20,nan,nan,nan,nan,nan,nan,nan,0.00
27-Mar-25 4:15:00 AM AEST,24.0,nan,nan,nan,nan,nan,nan,nan,nan,nan,nan,nan
27-Mar-25 4:17:00 AM AEST,nan,nan,93.3,nan,nan,3.41,nan,nan,nan,nan,nan,nan
27-Mar-25 4:17:15 AM AEST,nan,nan,nan,nan,nan,nan,nan,0.00,nan,nan,nan,nan
27-Mar-25 4:17:18 AM AEST,nan,nan,nan,nan,nan,nan,125.20,nan,nan,nan,nan,nan
27-Mar-25 4:17:27 AM AEST,nan,nan,nan,nan,nan,nan,nan,nan,nan,nan,nan,1.00
27-Mar-25 4:18:00 AM AEST,nan,nan,nan,nan,0.60,nan,nan,nan,317.80,84.70,14.20,nan
27-Mar-25 4:19:40 AM AEST,nan,nan,nan,nan,nan,nan,nan,11.23,nan,nan,nan,nan
27-Mar-25 4:19:44 AM AEST,nan,nan,nan,nan,nan,nan,0.00,nan,nan,nan,nan,nan
27-Mar-25 4:20:00 AM AEST,72.2,0.0,nan,6552.80,nan,nan,nan,nan,nan,nan,nan,nan
27-Mar-25 4:22:26 AM AEST,nan,97.5,nan,nan,nan,nan,nan,nan,nan,nan,nan,nan
27-Mar-25 4:22:29 AM AEST,nan,nan,nan,0.20,nan,nan,nan,nan,nan,nan,nan,nan
27-Mar-25 4:22:30 AM AEST,24.0,nan,nan,nan,nan,nan,nan,nan,nan,nan,nan,nan
27-Mar-25 4:24:00 AM AEST,nan,nan,341.4,nan,72.20,0.01,125.20,0.00,0.00,0.00,0.00,0.00
27-Mar-25 4:24:00 AM AEST,nan,nan,341.4,nan,0.60,0.01,0.00,11.23,317.80,84.70,14.20,1.00
27-Mar-25 4:24:52 AM AEST,nan,0.0,nan,nan,nan,nan,nan,nan,nan,nan,nan,nan
27-Mar-25 4:24:52 AM AEST,nan,97.5,nan,nan,nan,nan,nan,nan,nan,nan,nan,nan
27-Mar-25 4:24:58 AM AEST,nan,nan,nan,6552.80,nan,nan,nan,nan,nan,nan,nan,nan
27-Mar-25 4:24:58 AM AEST,nan,nan,nan,0.20,nan,nan,nan,nan,nan,nan,nan,nan
27-Mar-25 4:25:00 AM AEST,72.2,nan,nan,nan,nan,nan,nan,nan,nan,nan,nan,nan
27-Mar-25 4:25:00 AM AEST,24.0,nan,nan,nan,nan,nan,nan,nan,nan,nan,nan,nan
27-Mar-25 4:26:25 AM AEST,nan,nan,nan,nan,nan,nan,nan,0.00,nan,nan,nan,nan
27-Mar-25 4:26:25 AM AEST,nan,nan,nan,nan,nan,nan,nan,11.23,nan,nan,nan,nan
27-Mar-25 4:26:26 AM AEST,nan,nan,nan,nan,nan,nan,125.20,nan,nan,nan,nan,nan
27-Mar-25 4:26:26 AM AEST,nan,nan,nan,nan,nan,nan,0.00,nan,nan,nan,nan,nan
27-Mar-25 4:26:29 AM AEST,nan,nan,nan,nan,nan,nan,nan,nan,nan,nan,nan,0.00
27-Mar-25 4:26:29 AM AEST,nan,nan,nan,nan,nan,nan,nan,nan,nan,nan,nan,1.00
27-Mar-25 4:26:30 AM AEST,nan,nan,23.6,nan,72.20,65.53,nan,nan,nan,nan,0.00,nan
27-Mar-25 4:26:30 AM AEST,nan,nan,93.3,nan,0.60,3.41,nan,nan,nan,nan,14.20,nan
27-Mar-25 4:26:30 AM AEST,nan,nan,23.6,nan,72.20,65.53,nan,nan,nan,nan,0.00,nan
27-Mar-25 4:26:31 AM AEST,nan,nan,nan,nan,nan,nan,nan,nan,nan,0.00,nan,nan
27-Mar-25 4:26:31 AM AEST,nan,nan,nan,nan,nan,nan,nan,nan,nan,84.70,nan,nan
27-Mar-25 4:26:31 AM AEST,nan,nan,nan,nan,nan,nan,nan,nan,nan,0.00,nan,nan
27-Mar-25 4:26:35 AM AEST,nan,nan,nan,nan,nan,nan,nan,nan,0.00,nan,nan,nan
27-Mar-25 4:26:35 AM AEST,nan,nan,nan,nan,nan,nan,nan,nan,317.80,nan,nan,nan
27-Mar-25 4:26:35 AM AEST,nan,nan,nan,nan,nan,nan,nan,nan,0.00,nan,nan,nan
27-Mar-25 4:27:18 AM AEST,nan,0.0,nan,nan,nan,nan,nan,nan,nan,nan,nan,nan
27-Mar-25 4:27:18 AM AEST,nan,14.8,nan,nan,nan,nan,nan,nan,nan,nan,nan,nan
27-Mar-25 4:27:27 AM AEST,nan,nan,nan,6552.80,nan,nan,nan,nan,nan,nan,nan,nan
27-Mar-25 4:27:27 AM AEST,nan,nan,nan,14.80,nan,nan,nan,nan,nan,nan,nan,nan
27-Mar-25 4:27:30 AM AEST,72.2,nan,nan,nan,nan,nan,nan,nan,nan,nan,nan,nan
27-Mar-25 4:27:30 AM AEST,14.8,nan,nan,nan,nan,nan,nan,nan,nan,nan,nan,nan
27-Mar-25 4:28:50 AM AEST,nan,nan,nan,nan,nan,nan,nan,5.11,nan,nan,nan,nan
27-Mar-25 4:28:50 AM AEST,nan,nan,nan,nan,nan,nan,nan,0.00,nan,nan,nan,nan
27-Mar-25 4:28:52 AM AEST,nan,nan,nan,nan,nan,nan,51.10,nan,nan,nan,nan,nan
27-Mar-25 4:28:52 AM AEST,nan,nan,nan,nan,nan,nan,125.20,nan,nan,nan,nan,nan
27-Mar-25 4:28:58 AM AEST,nan,nan,nan,nan,nan,nan,nan,nan,nan,nan,nan,112.30
27-Mar-25 4:28:58 AM AEST,nan,nan,nan,nan,nan,nan,nan,nan,nan,nan,nan,0.00
27-Mar-25 4:29:00 AM AEST,nan,nan,8.3,nan,23.60,0.24,nan,nan,nan,nan,23.60,nan
27-Mar-25 4:29:02 AM AEST,nan,nan,nan,nan,nan,nan,nan,nan,nan,1.00,nan,nan
27-Mar-25 4:29:10 AM AEST,nan,nan,nan,nan,nan,nan,nan,nan,1.00,nan,nan,nan
27-Mar-25 4:29:44 AM AEST,nan,97.5,nan,nan,nan,nan,nan,nan,nan,nan,nan,nan
27-Mar-25 4:29:44 AM AEST,nan,0.0,nan,nan,nan,nan,nan,nan,nan,nan,nan,nan
27-Mar-25 4:29:56 AM AEST,nan,nan,nan,0.20,nan,nan,nan,nan,nan,nan,nan,nan
27-Mar-25 4:29:56 AM AEST,nan,nan,nan,72.20,nan,nan,nan,nan,nan,nan,nan,nan
27-Mar-25 4:30:00 AM AEST,24.0,nan,nan,nan,nan,nan,nan,nan,nan,nan,nan,nan
27-Mar-25 4:30:00 AM AEST,72.2,nan,nan,nan,nan,nan,nan,nan,nan,nan,nan,nan
27-Mar-25 4:31:15 AM AEST,nan,nan,nan,nan,nan,nan,nan,11.23,nan,nan,nan,nan
27-Mar-25 4:31:15 AM AEST,nan,nan,nan,nan,nan,nan,nan,0.00,nan,nan,nan,nan
27-Mar-25 4:31:18 AM AEST,nan,nan,nan,nan,nan,nan,0.00,nan,nan,nan,nan,nan
27-Mar-25 4:31:27 AM AEST,nan,nan,nan,nan,nan,nan,nan,nan,nan,nan,nan,72.20
27-Mar-25 4:31:27 AM AEST,nan,nan,nan,nan,nan,nan,nan,nan,nan,nan,nan,51.10
27-Mar-25 4:31:30 AM AEST,nan,nan,23.6,nan,72.20,65.53,nan,nan,nan,nan,0.00,nan
27-Mar-25 4:31:33 AM AEST,nan,nan,nan,nan,nan,nan,nan,nan,nan,0.00,nan,nan
27-Mar-25 4:31:45 AM AEST,nan,nan,nan,nan,nan,nan,nan,nan,0.00,nan,nan,nan
27-Mar-25 4:32:10 AM AEST,nan,13.8,nan,nan,nan,nan,nan,nan,nan,nan,nan,nan
27-Mar-25 4:32:25 AM AEST,nan,nan,nan,13.80,nan,nan,nan,nan,nan,nan,nan,nan
27-Mar-25 4:32:30 AM AEST,13.8,nan,nan,nan,nan,nan,nan,nan,nan,nan,nan,nan
27-Mar-25 4:33:44 AM AEST,nan,nan,nan,nan,nan,nan,125.20,nan,nan,nan,nan,nan
27-Mar-25 4:33:56 AM AEST,nan,nan,nan,nan,nan,nan,nan,nan,nan,nan,nan,0.00
27-Mar-25 4:34:00 AM AEST,nan,nan,93.3,nan,0.60,3.41,nan,nan,nan,nan,14.20,nan
27-Mar-25 4:34:04 AM AEST,nan,nan,nan,nan,nan,nan,nan,nan,nan,84.70,nan,nan
27-Mar-25 4:34:20 AM AEST,nan,nan,nan,nan,nan,nan,nan,nan,317.80,nan,nan,nan
27-Mar-25 4:34:36 AM AEST,nan,97.5,nan,nan,nan,nan,nan,nan,nan,nan,nan,nan
27-Mar-25 4:34:36 AM AEST,nan,0.0,nan,nan,nan,nan,nan,nan,nan,nan,nan,nan
27-Mar-25 4:34:54 AM AEST,nan,nan,nan,0.20,nan,nan,nan,nan,nan,nan,nan,nan
27-Mar-25 4:34:54 AM AEST,nan,nan,nan,6552.80,nan,nan,nan,nan,nan,nan,nan,nan
27-Mar-25 4:35:00 AM AEST,24.0,nan,nan,nan,nan,nan,nan,nan,nan,nan,nan,nan
27-Mar-25 4:35:00 AM AEST,72.2,nan,nan,nan,nan,nan,nan,nan,nan,nan,nan,nan
27-Mar-25 4:36:00 AM AEST,nan,nan,nan,nan,nan,nan,nan,11.23,nan,nan,nan,nan
27-Mar-25 4:36:10 AM AEST,nan,nan,nan,nan,nan,nan,0.00,nan,nan,nan,nan,nan
27-Mar-25 4:36:25 AM AEST,nan,nan,nan,nan,nan,nan,nan,nan,nan,nan,nan,1.00
27-Mar-25 4:36:30 AM AEST,nan,nan,84.7,nan,317.80,3.18,nan,nan,nan,nan,317.80,nan
27-Mar-25 4:36:35 AM AEST,nan,nan,nan,nan,nan,nan,nan,nan,nan,1.40,nan,nan
27-Mar-25 4:36:55 AM AEST,nan,nan,nan,nan,nan,nan,nan,nan,1.40,nan,nan,nan
27-Mar-25 4:39:00 AM AEST,nan,nan,93.3,nan,0.60,3.41,nan,nan,nan,nan,14.20,nan
27-Mar-25 4:39:06 AM AEST,nan,nan,nan,nan,nan,nan,nan,nan,nan,84.70,nan,nan
27-Mar-25 4:39:30 AM AEST,nan,nan,nan,nan,nan,nan,nan,nan,317.80,nan,nan,nan
27-Mar-25 4:42:00 AM AEST,24.0,24.0,nan,0.20,nan,nan,24.00,9.75,nan,nan,nan,0.00
27-Mar-25 4:44:00 AM AEST,nan,nan,nan,nan,72.20,65.53,nan,nan,0.00,0.00,0.00,nan
27-Mar-25 4:44:25 AM AEST,nan,nan,nan,nan,nan,nan,nan,0.00,nan,nan,nan,nan
27-Mar-25 4:44:26 AM AEST,nan,97.5,nan,nan,nan,nan,125.20,nan,nan,nan,nan,nan
27-Mar-25 4:46:30 AM AEST,nan,nan,nan,nan,0.60,3.41,nan,nan,nan,nan,14.20,nan
27-Mar-25 4:46:31 AM AEST,nan,nan,nan,nan,nan,nan,nan,nan,nan,84.70,nan,nan
27-Mar-25 4:46:35 AM AEST,nan,nan,nan,nan,nan,nan,nan,nan,317.80,nan,nan,nan
27-Mar-25 4:46:50 AM AEST,nan,nan,nan,nan,nan,nan,nan,12.52,nan,nan,nan,nan
27-Mar-25 4:46:52 AM AEST,nan,nan,nan,nan,nan,nan,97.50,nan,nan,nan,nan,nan
27-Mar-25 4:49:00 AM AEST,nan,nan,nan,nan,72.20,65.53,nan,nan,nan,nan,0.00,nan
27-Mar-25 4:49:02 AM AEST,nan,nan,nan,nan,nan,nan,nan,nan,nan,0.00,nan,nan
27-Mar-25 4:49:10 AM AEST,nan,nan,nan,nan,nan,nan,nan,nan,0.00,nan,nan,nan
27-Mar-25 4:49:15 AM AEST,nan,nan,nan,nan,nan,nan,nan,1.48,nan,nan,nan,nan
27-Mar-25 4:49:18 AM AEST,nan,nan,nan,nan,nan,nan,112.30,nan,nan,nan,nan,nan
27-Mar-25 4:50:00 AM AEST,112.3,112.3,nan,0.00,nan,nan,nan,nan,nan,nan,nan,nan
27-Mar-25 4:51:30 AM AEST,nan,nan,nan,nan,0.60,3.41,nan,nan,nan,nan,14.20,nan
27-Mar-25 4:51:33 AM AEST,nan,nan,nan,nan,nan,nan,nan,nan,nan,84.70,nan,nan
27-Mar-25 4:51:40 AM AEST,nan,nan,nan,nan,nan,nan,nan,11.23,nan,nan,nan,nan
27-Mar-25 4:51:44 AM AEST,nan,nan,nan,nan,nan,nan,0.00,nan,nan,nan,nan,nan
27-Mar-25 4:51:45 AM AEST,nan,nan,nan,nan,nan,nan,nan,nan,317.80,nan,nan,nan
27-Mar-25 4:52:00 AM AEST,nan,nan,nan,nan,nan,nan,nan,nan,nan,nan,nan,1.00
27-Mar-25 4:52:26 AM AEST,nan,0.0,nan,nan,nan,nan,nan,nan,nan,nan,nan,nan
27-Mar-25 4:52:29 AM AEST,nan,nan,nan,6552.80,nan,nan,nan,nan,nan,nan,nan,nan
27-Mar-25 4:52:30 AM AEST,72.2,nan,nan,nan,nan,nan,nan,nan,nan,nan,nan,nan
27-Mar-25 4:56:00 AM AEST,24.0,97.5,nan,0.20,nan,nan,125.20,nan,nan,nan,nan,nan
27-Mar-25 4:58:00 AM AEST,nan,nan,nan,nan,nan,nan,nan,12.52,nan,nan,nan,nan
27-Mar-25 4:58:26 AM AEST,nan,0.0,nan,nan,nan,nan,0.00,nan,nan,nan,nan,nan
27-Mar-25 4:58:29 AM AEST,nan,nan,nan,6552.80,nan,nan,nan,nan,nan,nan,nan,nan
27-Mar-25 4:58:30 AM AEST,72.2,nan,nan,nan,nan,nan,nan,nan,nan,nan,nan,nan
27-Mar-25 5:00:00 AM AEST,nan,nan,23.6,nan,72.20,65.53,nan,nan,0.00,0.00,0.00,0.00
27-Mar-25 5:00:25 AM AEST,nan,nan,nan,nan,nan,nan,nan,11.23,nan,nan,nan,nan
27-Mar-25 5:00:25 AM AEST,nan,nan,nan,nan,nan,nan,nan,0.00,nan,nan,nan,nan
27-Mar-25 5:00:52 AM AEST,nan,97.5,nan,nan,nan,nan,125.20,nan,nan,nan,nan,nan
27-Mar-25 5:00:58 AM AEST,nan,nan,nan,0.20,nan,nan,nan,nan,nan,nan,nan,nan
27-Mar-25 5:01:00 AM AEST,24.0,nan,nan,nan,nan,nan,nan,nan,nan,nan,nan,nan
27-Mar-25 5:02:29 AM AEST,nan,nan,nan,nan,nan,nan,nan,nan,nan,nan,nan,51.10
27-Mar-25 5:02:30 AM AEST,nan,nan,93.3,nan,0.60,3.41,nan,nan,nan,nan,14.20,nan
27-Mar-25 5:02:31 AM AEST,nan,nan,nan,nan,nan,nan,nan,nan,nan,84.70,nan,nan
27-Mar-25 5:02:35 AM AEST,nan,nan,nan,nan,nan,nan,nan,nan,317.80,nan,nan,nan
27-Mar-25 5:03:18 AM AEST,nan,13.8,nan,nan,nan,nan,0.00,nan,nan,nan,nan,nan
27-Mar-25 5:03:27 AM AEST,nan,nan,nan,13.80,nan,nan,nan,nan,nan,nan,nan,nan
27-Mar-25 5:03:30 AM AEST,13.8,nan,nan,nan,nan,nan,nan,nan,nan,nan,nan,nan
27-Mar-25 5:04:58 AM AEST,nan,nan,nan,nan,nan,nan,nan,nan,nan,nan,nan,1.00
27-Mar-25 5:05:44 AM AEST,nan,0.0,nan,nan,nan,nan,nan,nan,nan,nan,nan,nan
27-Mar-25 5:05:56 AM AEST,nan,nan,nan,6552.80,nan,nan,nan,nan,nan,nan,nan,nan
27-Mar-25 5:06:00 AM AEST,72.2,nan,nan,nan,nan,nan,nan,11.23,nan,nan,nan,nan
27-Mar-25 5:08:00 AM AEST,nan,nan,341.4,nan,nan,0.01,nan,nan,nan,nan,nan,nan
27-Mar-25 5:10:30 AM AEST,nan,nan,93.3,nan,nan,3.41,nan,nan,nan,nan,nan,nan
27-Mar-25 5:12:00 AM AEST,nan,97.5,nan,nan,nan,nan,125.20,0.00,nan,nan,nan,nan
27-Mar-25 5:12:00 AM AEST,nan,0.0,nan,nan,nan,nan,0.00,0.00,nan,nan,nan,nan
27-Mar-25 5:14:26 AM AEST,nan,13.8,nan,nan,nan,nan,nan,nan,nan,nan,nan,nan
27-Mar-25 5:16:00 AM AEST,13.8,nan,nan,13.80,nan,nan,nan,nan,0.00,0.00,nan,51.10
27-Mar-25 5:16:52 AM AEST,nan,0.0,nan,nan,nan,nan,nan,nan,nan,nan,nan,nan
27-Mar-25 5:18:00 AM AEST,nan,nan,23.6,nan,1.00,0.24,nan,11.23,nan,nan,1.00,nan
27-Mar-25 5:18:29 AM AEST,nan,nan,nan,0.00,nan,nan,nan,nan,nan,nan,nan,72.20
27-Mar-25 5:18:30 AM AEST,0.0,nan,nan,nan,nan,nan,nan,nan,nan,nan,nan,nan
27-Mar-25 5:18:31 AM AEST,nan,nan,nan,nan,nan,nan,nan,nan,nan,1.00,nan,nan
27-Mar-25 5:18:35 AM AEST,nan,nan,nan,nan,nan,nan,nan,nan,6552.80,nan,nan,nan
27-Mar-25 5:20:30 AM AEST,nan,nan,93.3,nan,0.60,3.41,nan,nan,nan,nan,14.20,nan
27-Mar-25 5:20:58 AM AEST,nan,nan,nan,6552.80,nan,nan,nan,nan,nan,nan,nan,1.00
27-Mar-25 5:21:00 AM AEST,72.2,nan,nan,nan,nan,nan,nan,nan,nan,nan,nan,nan
27-Mar-25 5:21:02 AM AEST,nan,nan,nan,nan,nan,nan,nan,nan,nan,84.70,nan,nan
27-Mar-25 5:21:10 AM AEST,nan,nan,nan,nan,nan,nan,nan,nan,317.80,nan,nan,nan
27-Mar-25 5:24:00 AM AEST,nan,nan,nan,nan,nan,nan,nan,0.00,nan,nan,nan,nan
27-Mar-25 5:26:00 AM AEST,51.1,51.1,nan,14.80,nan,nan,51.10,nan,0.00,nan,nan,14.80
27-Mar-25 5:26:25 AM AEST,nan,nan,nan,nan,nan,nan,nan,1.38,nan,nan,nan,nan
27-Mar-25 5:28:26 AM AEST,nan,0.0,nan,nan,nan,nan,0.00,nan,nan,nan,nan,nan
27-Mar-25 5:28:26 AM AEST,nan,97.5,nan,nan,nan,nan,125.20,nan,nan,nan,nan,nan
27-Mar-25 5:28:29 AM AEST,nan,nan,nan,6552.80,nan,nan,nan,nan,nan,nan,nan,1.00
27-Mar-25 5:28:29 AM AEST,nan,nan,nan,0.20,nan,nan,nan,nan,nan,nan,nan,0.00
27-Mar-25 5:28:30 AM AEST,72.2,nan,nan,nan,nan,nan,nan,nan,nan,nan,nan,nan
27-Mar-25 5:28:30 AM AEST,24.0,nan,nan,nan,nan,nan,nan,nan,nan,nan,nan,nan
27-Mar-25 5:28:35 AM AEST,nan,nan,nan,nan,nan,nan,nan,nan,317.80,nan,nan,nan
27-Mar-25 5:28:35 AM AEST,nan,nan,nan,nan,nan,nan,nan,nan,0.00,nan,nan,nan
27-Mar-25 5:28:50 AM AEST,nan,nan,nan,nan,nan,nan,nan,11.23,nan,nan,nan,nan
27-Mar-25 5:28:50 AM AEST,nan,nan,nan,nan,nan,nan,nan,0.00,nan,nan,nan,nan
27-Mar-25 5:30:00 AM AEST,nan,nan,23.6,nan,72.20,65.53,nan,nan,nan,0.00,0.00,nan
27-Mar-25 5:30:52 AM AEST,nan,14.8,nan,nan,nan,nan,14.80,nan,nan,nan,nan,nan
27-Mar-25 5:30:58 AM AEST,nan,nan,nan,112.30,nan,nan,nan,nan,nan,nan,nan,112.30
27-Mar-25 5:31:00 AM AEST,112.3,nan,nan,nan,nan,nan,nan,nan,nan,nan,nan,nan
27-Mar-25 5:31:10 AM AEST,nan,nan,nan,nan,nan,nan,nan,nan,317.80,nan,nan,nan
27-Mar-25 5:31:15 AM AEST,nan,nan,nan,nan,nan,nan,nan,5.11,nan,nan,nan,nan
27-Mar-25 5:32:30 AM AEST,nan,nan,93.3,nan,0.60,3.41,nan,nan,nan,nan,14.20,nan
27-Mar-25 5:32:31 AM AEST,nan,nan,nan,nan,nan,nan,nan,nan,nan,84.70,nan,nan
27-Mar-25 5:32:31 AM AEST,nan,nan,nan,nan,nan,nan,nan,nan,nan,0.00,nan,nan
27-Mar-25 5:33:18 AM AEST,nan,0.0,nan,nan,nan,nan,0.00,nan,nan,nan,nan,nan
27-Mar-25 5:33:18 AM AEST,nan,97.5,nan,nan,nan,nan,97.50,nan,nan,nan,nan,nan
27-Mar-25 5:33:27 AM AEST,nan,nan,nan,6552.80,nan,nan,nan,nan,nan,nan,nan,1.00
27-Mar-25 5:33:27 AM AEST,nan,nan,nan,0.20,nan,nan,nan,nan,nan,nan,nan,0.00
27-Mar-25 5:33:30 AM AEST,72.2,nan,nan,nan,nan,nan,nan,nan,nan,nan,nan,nan
27-Mar-25 5:33:30 AM AEST,24.0,nan,nan,nan,nan,nan,nan,nan,nan,nan,nan,nan
27-Mar-25 5:33:40 AM AEST,nan,nan,nan,nan,nan,nan,nan,11.23,nan,nan,nan,nan
27-Mar-25 5:33:40 AM AEST,nan,nan,nan,nan,nan,nan,nan,12.52,nan,nan,nan,nan
27-Mar-25 5:33:45 AM AEST,nan,nan,nan,nan,nan,nan,nan,nan,0.00,nan,nan,nan
27-Mar-25 5:35:00 AM AEST,nan,nan,23.6,nan,72.20,65.53,nan,nan,nan,nan,0.00,nan
27-Mar-25 5:35:00 AM AEST,nan,nan,93.3,nan,72.20,65.53,nan,nan,nan,nan,0.00,nan
27-Mar-25 5:35:44 AM AEST,nan,112.3,nan,nan,nan,nan,112.30,nan,nan,nan,nan,nan
27-Mar-25 5:35:56 AM AEST,nan,nan,nan,0.00,nan,nan,nan,nan,nan,nan,nan,nan
27-Mar-25 5:36:00 AM AEST,112.3,nan,nan,nan,nan,nan,nan,nan,nan,nan,nan,nan
27-Mar-25 5:36:05 AM AEST,nan,nan,nan,nan,nan,nan,nan,1.48,nan,nan,nan,nan
27-Mar-25 5:37:30 AM AEST,nan,nan,nan,nan,0.60,3.41,nan,nan,nan,nan,14.20,nan
27-Mar-25 5:38:00 AM AEST,nan,nan,nan,nan,nan,nan,nan,nan,317.80,84.70,nan,nan
27-Mar-25 5:38:10 AM AEST,nan,0.0,nan,nan,nan,nan,0.00,nan,nan,nan,nan,nan
27-Mar-25 5:38:25 AM AEST,nan,nan,nan,6552.80,nan,nan,nan,nan,nan,nan,nan,nan
27-Mar-25 5:38:30 AM AEST,72.2,nan,nan,nan,nan,nan,nan,11.23,nan,nan,nan,nan
27-Mar-25 5:40:00 AM AEST,nan,nan,23.6,nan,72.20,65.53,nan,nan,nan,nan,0.00,1.00
27-Mar-25 5:40:00 AM AEST,nan,nan,23.6,nan,72.20,65.53,nan,nan,nan,nan,0.00,0.00
27-Mar-25 5:40:31 AM AEST,nan,nan,nan,nan,nan,nan,nan,nan,nan,0.00,nan,nan
27-Mar-25 5:40:35 AM AEST,nan,nan,nan,nan,nan,nan,nan,nan,0.00,nan,nan,nan
27-Mar-25 5:40:36 AM AEST,nan,97.5,nan,nan,nan,nan,125.20,nan,nan,nan,nan,nan
27-Mar-25 5:40:54 AM AEST,nan,nan,nan,0.20,nan,nan,nan,nan,nan,nan,nan,nan
27-Mar-25 5:40:55 AM AEST,nan,nan,nan,nan,nan,nan,nan,12.52,nan,nan,nan,nan
27-Mar-25 5:41:00 AM AEST,24.0,nan,nan,nan,nan,nan,nan,nan,nan,nan,nan,nan
27-Mar-25 5:42:29 AM AEST,nan,nan,nan,nan,nan,nan,nan,nan,nan,nan,nan,112.30
27-Mar-25 5:42:30 AM AEST,nan,nan,93.3,nan,nan,3.41,nan,nan,nan,nan,nan,nan
27-Mar-25 5:43:02 AM AEST,nan,14.8,nan,nan,nan,nan,14.80,nan,nan,nan,nan,nan
27-Mar-25 5:43:20 AM AEST,nan,nan,nan,nan,nan,nan,nan,5.11,nan,nan,nan,nan
27-Mar-25 5:43:23 AM AEST,nan,nan,nan,112.30,nan,nan,nan,nan,nan,nan,nan,nan
27-Mar-25 5:43:30 AM AEST,112.3,nan,nan,nan,nan,nan,nan,nan,nan,nan,nan,nan
27-Mar-25 5:44:00 AM AEST,nan,nan,nan,nan,0.60,nan,nan,nan,317.80,84.70,14.20,nan
27-Mar-25 5:44:58 AM AEST,nan,nan,nan,nan,nan,nan,nan,nan,nan,nan,nan,1.00
27-Mar-25 5:44:58 AM AEST,nan,nan,nan,nan,nan,nan,nan,nan,nan,nan,nan,0.00
27-Mar-25 5:45:00 AM AEST,nan,nan,23.6,nan,nan,65.53,nan,nan,nan,nan,nan,nan
27-Mar-25 5:45:28 AM AEST,nan,0.0,nan,nan,nan,nan,0.00,nan,nan,nan,nan,nan
27-Mar-25 5:45:28 AM AEST,nan,97.5,nan,nan,nan,nan,125.20,nan,nan,nan,nan,nan
27-Mar-25 5:45:45 AM AEST,nan,nan,nan,nan,nan,nan,nan,11.23,nan,nan,nan,nan
27-Mar-25 5:45:45 AM AEST,nan,nan,nan,nan,nan,nan,nan,0.00,nan,nan,nan,nan
27-Mar-25 5:45:52 AM AEST,nan,nan,nan,6552.80,nan,nan,nan,nan,nan,nan,nan,nan
27-Mar-25 5:45:52 AM AEST,nan,nan,nan,0.20,nan,nan,nan,nan,nan,nan,nan,nan
27-Mar-25 5:46:00 AM AEST,72.2,nan,nan,nan,nan,nan,nan,nan,nan,nan,nan,nan
27-Mar-25 5:46:00 AM AEST,24.0,nan,nan,nan,nan,nan,nan,nan,nan,nan,nan,nan
27-Mar-25 5:46:30 AM AEST,nan,nan,nan,nan,72.20,nan,nan,nan,nan,nan,0.00,nan
27-Mar-25 5:46:31 AM AEST,nan,nan,nan,nan,nan,nan,nan,nan,nan,0.00,nan,nan
27-Mar-25 5:46:35 AM AEST,nan,nan,nan,nan,nan,nan,nan,nan,0.00,nan,nan,nan
27-Mar-25 5:47:27 AM AEST,nan,nan,nan,nan,nan,nan,nan,nan,nan,nan,nan,112.30
27-Mar-25 5:47:30 AM AEST,nan,nan,93.3,nan,nan,3.41,nan,nan,nan,nan,nan,nan
27-Mar-25 5:47:54 AM AEST,nan,14.8,nan,nan,nan,nan,51.10,nan,nan,nan,nan,nan
27-Mar-25 5:48:10 AM AEST,nan,nan,nan,nan,nan,nan,nan,5.11,nan,nan,nan,nan
27-Mar-25 5:48:21 AM AEST,nan,nan,nan,14.80,nan,nan,nan,nan,nan,nan,nan,nan
27-Mar-25 5:48:30 AM AEST,14.8,nan,nan,nan,nan,nan,nan,nan,nan,nan,nan,nan
27-Mar-25 5:49:00 AM AEST,nan,nan,nan,nan,0.60,nan,nan,nan,nan,nan,14.20,nan
27-Mar-25 5:49:56 AM AEST,nan,nan,nan,nan,nan,nan,nan,nan,nan,nan,nan,0.00
27-Mar-25 5:50:00 AM AEST,nan,nan,23.6,nan,nan,65.53,nan,nan,nan,nan,nan,nan
27-Mar-25 5:50:00 AM AEST,nan,nan,98.2,nan,nan,3.41,nan,nan,nan,nan,nan,nan
27-Mar-25 5:50:20 AM AEST,nan,97.5,nan,nan,nan,nan,125.20,nan,nan,nan,nan,nan
27-Mar-25 5:50:35 AM AEST,nan,nan,nan,nan,nan,nan,nan,0.00,nan,nan,nan,nan
27-Mar-25 5:50:50 AM AEST,nan,nan,nan,0.20,nan,nan,nan,nan,nan,nan,nan,nan
27-Mar-25 5:50:50 AM AEST,nan,nan,nan,6552.80,nan,nan,nan,nan,nan,nan,nan,nan
27-Mar-25 5:51:00 AM AEST,24.0,nan,nan,nan,nan,nan,nan,nan,nan,nan,nan,nan
27-Mar-25 5:51:00 AM AEST,72.2,nan,nan,nan,nan,nan,nan,nan,nan,nan,nan,nan
27-Mar-25 5:51:30 AM AEST,nan,nan,nan,nan,72.20,nan,nan,nan,nan,nan,0.00,nan
27-Mar-25 5:51:30 AM AEST,nan,nan,nan,nan,0.60,nan,nan,nan,nan,nan,14.20,nan
27-Mar-25 5:52:00 AM AEST,nan,nan,nan,nan,nan,nan,nan,nan,317.80,84.70,nan,nan
27-Mar-25 5:52:25 AM AEST,nan,nan,nan,nan,nan,nan,nan,nan,nan,nan,nan,1.00
27-Mar-25 5:52:30 AM AEST,nan,nan,93.3,nan,nan,nan,nan,nan,nan,nan,nan,nan
27-Mar-25 5:52:46 AM AEST,nan,0.0,nan,nan,nan,nan,0.00,nan,nan,nan,nan,nan
27-Mar-25 5:53:00 AM AEST,nan,nan,nan,nan,nan,nan,nan,11.23,nan,nan,nan,nan
27-Mar-25 5:56:00 AM AEST,nan,nan,nan,nan,72.20,nan,nan,nan,0.00,0.00,0.00,nan
27-Mar-25 5:58:00 AM AEST,14.8,14.8,nan,14.80,nan,nan,51.10,5.11,nan,nan,nan,112.30
27-Mar-25 5:58:30 AM AEST,nan,nan,nan,nan,0.90,nan,nan,nan,nan,nan,0.90,nan
27-Mar-25 5:58:31 AM AEST,nan,nan,nan,nan,nan,nan,nan,nan,nan,8.30,nan,nan
27-Mar-25 5:58:35 AM AEST,nan,nan,nan,nan,nan,nan,nan,nan,8.30,nan,nan,nan
27-Mar-25 6:00:00 AM AEST,nan,nan,1.4,nan,nan,0.01,nan,nan,nan,nan,nan,nan
27-Mar-25 6:00:25 AM AEST,nan,nan,nan,nan,nan,nan,nan,11.23,nan,nan,nan,nan
27-Mar-25 6:00:26 AM AEST,nan,0.0,nan,nan,nan,nan,0.00,nan,nan,nan,nan,nan
27-Mar-25 6:00:29 AM AEST,nan,nan,nan,6552.80,nan,nan,nan,nan,nan,nan,nan,1.00
27-Mar-25 6:00:30 AM AEST,72.2,nan,nan,nan,nan,nan,nan,nan,nan,nan,nan,nan
27-Mar-25 6:01:00 AM AEST,nan,nan,nan,nan,0.60,nan,nan,nan,nan,nan,14.20,nan
27-Mar-25 6:01:02 AM AEST,nan,nan,nan,nan,nan,nan,nan,nan,nan,84.70,nan,nan
27-Mar-25 6:01:10 AM AEST,nan,nan,nan,nan,nan,nan,nan,nan,317.80,nan,nan,nan
27-Mar-25 6:02:30 AM AEST,nan,nan,98.2,nan,nan,3.41,nan,nan,nan,nan,nan,nan
27-Mar-25 6:04:00 AM AEST,24.0,97.5,nan,0.20,nan,nan,125.20,0.00,nan,nan,nan,nan
27-Mar-25 6:05:00 AM AEST,nan,nan,93.3,nan,nan,0.24,nan,nan,nan,nan,nan,nan
27-Mar-25 6:05:00 AM AEST,nan,nan,8.3,nan,nan,0.24,nan,nan,nan,nan,nan,nan
27-Mar-25 6:06:00 AM AEST,nan,nan,nan,nan,23.60,nan,nan,nan,1.00,1.00,23.60,72.20
27-Mar-25 6:06:00 AM AEST,nan,nan,nan,nan,72.20,nan,nan,nan,0.00,0.00,0.00,112.30
27-Mar-25 6:06:25 AM AEST,nan,nan,nan,nan,nan,nan,nan,11.23,nan,nan,nan,nan
27-Mar-25 6:06:25 AM AEST,nan,nan,nan,nan,nan,nan,nan,5.11,nan,nan,nan,nan
27-Mar-25 6:06:26 AM AEST,nan,0.0,nan,nan,nan,nan,0.00,nan,nan,nan,nan,nan
27-Mar-25 6:06:26 AM AEST,nan,14.8,nan,nan,nan,nan,51.10,nan,nan,nan,nan,nan
27-Mar-25 6:06:29 AM AEST,nan,nan,nan,72.20,nan,nan,nan,nan,nan,nan,nan,nan
27-Mar-25 6:06:29 AM AEST,nan,nan,nan,14.80,nan,nan,nan,nan,nan,nan,nan,nan
27-Mar-25 6:06:30 AM AEST,72.2,nan,nan,nan,nan,nan,nan,nan,nan,nan,nan,nan
27-Mar-25 6:06:30 AM AEST,14.8,nan,nan,nan,nan,nan,nan,nan,nan,nan,nan,nan
27-Mar-25 6:07:30 AM AEST,nan,nan,23.6,nan,nan,65.53,nan,nan,nan,nan,nan,nan
27-Mar-25 6:08:29 AM AEST,nan,nan,nan,nan,nan,nan,nan,nan,nan,nan,nan,0.00
27-Mar-25 6:08:50 AM AEST,nan,nan,nan,nan,nan,nan,nan,0.00,nan,nan,nan,nan
27-Mar-25 6:08:52 AM AEST,nan,97.5,nan,nan,nan,nan,125.20,nan,nan,nan,nan,nan
27-Mar-25 6:08:58 AM AEST,nan,nan,nan,0.20,nan,nan,nan,nan,nan,nan,nan,nan
27-Mar-25 6:09:00 AM AEST,24.0,nan,nan,nan,nan,nan,nan,nan,nan,nan,nan,nan
27-Mar-25 6:10:00 AM AEST,nan,nan,93.3,nan,0.60,3.41,nan,nan,317.80,84.70,14.20,nan
27-Mar-25 6:10:00 AM AEST,nan,nan,23.6,nan,72.20,65.53,nan,nan,0.00,0.00,0.00,nan
27-Mar-25 6:10:58 AM AEST,nan,nan,nan,nan,nan,nan,nan,nan,nan,nan,nan,1.00
27-Mar-25 6:10:58 AM AEST,nan,nan,nan,nan,nan,nan,nan,nan,nan,nan,nan,0.00
27-Mar-25 6:11:18 AM AEST,nan,0.0,nan,nan,nan,nan,0.00,nan,nan,nan,nan,nan
27-Mar-25 6:11:18 AM AEST,nan,97.5,nan,nan,nan,nan,125.20,nan,nan,nan,nan,nan
27-Mar-25 6:11:27 AM AEST,nan,nan,nan,6552.80,nan,nan,nan,nan,nan,nan,nan,nan
27-Mar-25 6:11:27 AM AEST,nan,nan,nan,0.20,nan,nan,nan,nan,nan,nan,nan,nan
27-Mar-25 6:11:30 AM AEST,72.2,nan,nan,nan,nan,nan,nan,nan,nan,nan,nan,nan
27-Mar-25 6:11:30 AM AEST,24.0,nan,nan,nan,nan,nan,nan,nan,nan,nan,nan,nan
27-Mar-25 6:12:30 AM AEST,nan,nan,93.3,nan,0.60,3.41,nan,nan,nan,nan,14.20,nan
27-Mar-25 6:12:31 AM AEST,nan,nan,nan,nan,nan,nan,nan,nan,nan,84.70,nan,nan
27-Mar-25 6:12:35 AM AEST,nan,nan,nan,nan,nan,nan,nan,nan,317.80,nan,nan,nan
27-Mar-25 6:13:44 AM AEST,nan,nan,nan,nan,nan,nan,97.50,nan,nan,nan,nan,nan
27-Mar-25 6:14:00 AM AEST,nan,nan,nan,nan,nan,nan,nan,12.52,nan,nan,nan,nan
27-Mar-25 6:15:00 AM AEST,nan,nan,nan,nan,72.20,65.53,nan,nan,nan,nan,0.00,nan
27-Mar-25 6:15:02 AM AEST,nan,nan,nan,nan,nan,nan,nan,nan,nan,0.00,nan,nan
27-Mar-25 6:15:10 AM AEST,nan,nan,nan,nan,nan,nan,nan,nan,0.00,nan,nan,nan
27-Mar-25 6:16:00 AM AEST,51.1,51.1,nan,14.80,nan,nan,nan,nan,nan,nan,nan,14.80
27-Mar-25 6:16:10 AM AEST,nan,nan,nan,nan,nan,nan,51.10,nan,nan,nan,nan,nan
27-Mar-25 6:16:25 AM AEST,nan,nan,nan,nan,nan,nan,nan,1.38,nan,nan,nan,nan
27-Mar-25 6:17:30 AM AEST,nan,nan,nan,nan,0.60,3.41,nan,nan,nan,nan,14.20,nan
27-Mar-25 6:17:33 AM AEST,nan,nan,nan,nan,nan,nan,nan,nan,nan,84.70,nan,nan
27-Mar-25 6:17:45 AM AEST,nan,nan,nan,nan,nan,nan,nan,nan,317.80,nan,nan,nan
27-Mar-25 6:18:26 AM AEST,nan,0.0,nan,nan,nan,nan,nan,nan,nan,nan,nan,nan
27-Mar-25 6:18:29 AM AEST,nan,nan,nan,6552.80,nan,nan,nan,nan,nan,nan,nan,1.00
27-Mar-25 6:18:30 AM AEST,72.2,nan,nan,nan,nan,nan,nan,nan,nan,nan,nan,nan
27-Mar-25 6:18:36 AM AEST,nan,nan,nan,nan,nan,nan,0.00,nan,nan,nan,nan,nan
27-Mar-25 6:18:50 AM AEST,nan,nan,nan,nan,nan,nan,nan,11.23,nan,nan,nan,nan
27-Mar-25 6:20:00 AM AEST,nan,nan,98.2,nan,nan,nan,nan,nan,nan,nan,nan,nan
27-Mar-25 6:22:30 AM AEST,nan,nan,93.3,nan,nan,nan,nan,nan,nan,nan,nan,nan
27-Mar-25 6:24:00 AM AEST,nan,97.5,nan,nan,nan,nan,125.20,0.00,nan,nan,nan,nan
27-Mar-25 6:26:26 AM AEST,nan,0.0,nan,nan,nan,nan,0.00,nan,nan,nan,nan,nan
27-Mar-25 6:28:00 AM AEST,0.2,nan,nan,0.20,nan,nan,nan,2.40,nan,nan,nan,0.00
27-Mar-25 6:28:52 AM AEST,nan,0.2,nan,nan,nan,nan,24.00,nan,nan,nan,nan,nan
27-Mar-25 6:30:00 AM AEST,nan,nan,23.6,nan,72.20,65.53,nan,nan,0.00,0.00,0.00,nan
27-Mar-25 6:30:25 AM AEST,nan,nan,nan,nan,nan,nan,nan,1.48,nan,nan,nan,nan
27-Mar-25 6:30:29 AM AEST,nan,nan,nan,0.00,nan,nan,nan,nan,nan,nan,nan,nan
27-Mar-25 6:30:30 AM AEST,112.3,nan,nan,nan,nan,nan,nan,nan,nan,nan,nan,nan
27-Mar-25 6:31:18 AM AEST,nan,112.3,nan,nan,nan,nan,112.30,nan,nan,nan,nan,nan
27-Mar-25 6:32:00 AM AEST,nan,nan,nan,nan,nan,nan,nan,nan,nan,nan,nan,1.00
27-Mar-25 6:32:30 AM AEST,nan,nan,93.3,nan,0.60,3.41,nan,nan,nan,nan,14.20,nan
27-Mar-25 6:32:31 AM AEST,nan,nan,nan,nan,nan,nan,nan,nan,nan,84.70,nan,nan
27-Mar-25 6:32:35 AM AEST,nan,nan,nan,nan,nan,nan,nan,nan,317.80,nan,nan,nan
27-Mar-25 6:32:50 AM AEST,nan,nan,nan,nan,nan,nan,nan,11.23,nan,nan,nan,nan
27-Mar-25 6:32:58 AM AEST,nan,nan,nan,6552.80,nan,nan,nan,nan,nan,nan,nan,nan
27-Mar-25 6:33:00 AM AEST,72.2,nan,nan,nan,nan,nan,nan,nan,nan,nan,nan,nan
27-Mar-25 6:33:44 AM AEST,nan,0.0,nan,nan,nan,nan,0.00,nan,nan,nan,nan,nan
27-Mar-25 6:38:00 AM AEST,24.0,97.5,23.6,0.20,72.20,65.53,125.20,0.00,0.00,0.00,0.00,0.00
27-Mar-25 6:40:25 AM AEST,nan,nan,nan,nan,nan,nan,nan,9.75,nan,nan,nan,nan
27-Mar-25 6:40:26 AM AEST,nan,24.0,nan,nan,nan,nan,24.00,nan,nan,nan,nan,nan
27-Mar-25 6:40:30 AM AEST,nan,nan,93.3,nan,0.60,3.41,nan,nan,nan,nan,14.20,nan
27-Mar-25 6:40:31 AM AEST,nan,nan,nan,nan,nan,nan,nan,nan,nan,84.70,nan,nan
27-Mar-25 6:40:35 AM AEST,nan,nan,nan,nan,nan,nan,nan,nan,317.80,nan,nan,nan
27-Mar-25 6:42:00 AM AEST,0.0,nan,nan,0.00,nan,nan,nan,nan,nan,nan,nan,nan
27-Mar-25 6:42:50 AM AEST,nan,nan,nan,nan,nan,nan,nan,11.23,nan,nan,nan,nan
27-Mar-25 6:42:52 AM AEST,nan,0.0,nan,nan,nan,nan,112.30,nan,nan,nan,nan,nan
27-Mar-25 6:43:00 AM AEST,nan,nan,nan,nan,72.20,65.53,nan,nan,nan,nan,72.20,nan
27-Mar-25 6:43:02 AM AEST,nan,nan,nan,nan,nan,nan,nan,nan,nan,72.20,nan,nan
27-Mar-25 6:43:10 AM AEST,nan,nan,nan,nan,nan,nan,nan,nan,0.00,nan,nan,nan
27-Mar-25 6:44:29 AM AEST,nan,nan,nan,6552.80,nan,nan,nan,nan,nan,nan,nan,nan
27-Mar-25 6:44:30 AM AEST,72.2,nan,nan,nan,nan,nan,nan,nan,nan,nan,nan,nan
27-Mar-25 6:45:18 AM AEST,nan,nan,nan,nan,nan,nan,0.00,nan,nan,nan,nan,nan
27-Mar-25 6:45:30 AM AEST,nan,nan,nan,nan,0.60,3.41,nan,nan,nan,nan,14.20,nan
27-Mar-25 6:45:33 AM AEST,nan,nan,nan,nan,nan,nan,nan,nan,nan,84.70,nan,nan
27-Mar-25 6:45:45 AM AEST,nan,nan,nan,nan,nan,nan,nan,nan,317.80,nan,nan,nan
27-Mar-25 6:46:00 AM AEST,nan,nan,nan,nan,nan,nan,nan,nan,nan,nan,nan,1.00
27-Mar-25 6:48:00 AM AEST,nan,nan,23.6,nan,1.00,0.01,nan,nan,nan,nan,6552.80,nan
27-Mar-25 6:48:04 AM AEST,nan,nan,nan,nan,nan,nan,nan,nan,nan,6552.80,nan,nan
27-Mar-25 6:48:20 AM AEST,nan,nan,nan,nan,nan,nan,nan,nan,6552.80,nan,nan,nan
27-Mar-25 6:48:29 AM AEST,nan,nan,nan,nan,nan,nan,nan,nan,nan,nan,nan,0.00
27-Mar-25 6:50:00 AM AEST,0.0,nan,nan,0.00,nan,nan,nan,nan,nan,nan,nan,nan
27-Mar-25 6:50:30 AM AEST,nan,nan,93.3,nan,0.60,3.41,nan,nan,nan,nan,14.20,nan
27-Mar-25 6:50:35 AM AEST,nan,nan,nan,nan,nan,nan,nan,nan,nan,84.70,nan,nan
27-Mar-25 6:50:55 AM AEST,nan,nan,nan,nan,nan,nan,nan,nan,317.80,nan,nan,nan
27-Mar-25 6:50:58 AM AEST,nan,nan,nan,nan,nan,nan,nan,nan,nan,nan,nan,1.00
27-Mar-25 6:52:29 AM AEST,nan,nan,nan,6552.80,nan,nan,nan,nan,nan,nan,nan,nan
27-Mar-25 6:52:29 AM AEST,nan,nan,nan,0.00,nan,nan,nan,nan,nan,nan,nan,nan
27-Mar-25 6:52:30 AM AEST,72.2,nan,nan,nan,nan,nan,nan,nan,nan,nan,nan,nan
27-Mar-25 6:52:30 AM AEST,112.3,nan,nan,nan,nan,nan,nan,nan,nan,nan,nan,nan
27-Mar-25 6:53:00 AM AEST,nan,nan,23.6,nan,72.20,65.53,nan,nan,nan,nan,0.00,nan
27-Mar-25 6:53:06 AM AEST,nan,nan,nan,nan,nan,nan,nan,nan,nan,0.00,nan,nan
27-Mar-25 6:53:27 AM AEST,nan,nan,nan,nan,nan,nan,nan,nan,nan,nan,nan,0.00
27-Mar-25 6:53:30 AM AEST,nan,nan,nan,nan,nan,nan,nan,nan,0.00,nan,nan,nan
27-Mar-25 6:54:00 AM AEST,nan,112.3,nan,nan,nan,nan,112.30,1.48,nan,nan,nan,nan
27-Mar-25 6:54:58 AM AEST,nan,nan,nan,6552.80,nan,nan,nan,nan,nan,nan,nan,nan
27-Mar-25 6:55:00 AM AEST,72.2,nan,nan,nan,nan,nan,nan,nan,nan,nan,nan,nan
27-Mar-25 6:55:30 AM AEST,nan,nan,317.8,nan,1.40,3.18,nan,nan,nan,nan,1.40,nan
27-Mar-25 6:55:37 AM AEST,nan,nan,nan,nan,nan,nan,nan,nan,nan,1.40,nan,nan
27-Mar-25 6:55:56 AM AEST,nan,nan,nan,nan,nan,nan,nan,nan,nan,nan,nan,1.00
27-Mar-25 6:56:05 AM AEST,nan,nan,nan,nan,nan,nan,nan,nan,0.90,nan,nan,nan
27-Mar-25 6:56:25 AM AEST,nan,nan,nan,nan,nan,nan,nan,11.23,nan,nan,nan,nan
27-Mar-25 6:56:26 AM AEST,nan,0.0,nan,nan,nan,nan,0.00,nan,nan,nan,nan,nan
27-Mar-25 6:58:00 AM AEST,nan,nan,93.3,nan,0.60,3.41,nan,nan,nan,nan,14.20,nan
27-Mar-25 6:58:08 AM AEST,nan,nan,nan,nan,nan,nan,nan,nan,nan,84.70,nan,nan
27-Mar-25 6:58:40 AM AEST,nan,nan,nan,nan,nan,nan,nan,nan,317.80,nan,nan,nan
27-Mar-25 7:00:00 AM AEST,0.2,0.2,nan,0.20,nan,nan,24.00,nan,nan,nan,nan,0.00
27-Mar-25 7:02:00 AM AEST,nan,nan,23.6,nan,72.20,65.53,nan,2.40,nan,0.00,0.00,nan
27-Mar-25 7:02:26 AM AEST,nan,112.3,nan,nan,nan,nan,112.30,nan,nan,nan,nan,nan
27-Mar-25 7:02:29 AM AEST,nan,nan,nan,0.00,nan,nan,nan,nan,nan,nan,nan,nan
27-Mar-25 7:02:30 AM AEST,112.3,nan,nan,nan,nan,nan,nan,nan,nan,nan,nan,nan
27-Mar-25 7:04:00 AM AEST,nan,nan,nan,nan,nan,nan,nan,nan,0.00,nan,nan,nan
27-Mar-25 7:04:25 AM AEST,nan,nan,nan,nan,nan,nan,nan,1.48,nan,nan,nan,nan
27-Mar-25 7:04:30 AM AEST,nan,nan,93.3,nan,0.60,3.41,nan,nan,nan,nan,14.20,nan
27-Mar-25 7:04:31 AM AEST,nan,nan,nan,nan,nan,nan,nan,nan,nan,84.70,nan,nan
27-Mar-25 7:04:52 AM AEST,nan,0.0,nan,nan,nan,nan,0.00,nan,nan,nan,nan,nan
27-Mar-25 7:04:58 AM AEST,nan,nan,nan,6552.80,nan,nan,nan,nan,nan,nan,nan,nan
27-Mar-25 7:05:00 AM AEST,72.2,nan,nan,nan,nan,nan,nan,nan,nan,nan,nan,nan
27-Mar-25 7:06:00 AM AEST,nan,nan,nan,nan,nan,nan,nan,nan,nan,nan,nan,1.00
27-Mar-25 7:06:35 AM AEST,nan,nan,nan,nan,nan,nan,nan,nan,317.80,nan,nan,nan
27-Mar-25 7:06:50 AM AEST,nan,nan,nan,nan,nan,nan,nan,11.23,nan,nan,nan,nan
27-Mar-25 7:08:29 AM AEST,nan,nan,nan,nan,nan,nan,nan,nan,nan,nan,nan,13.80
27-Mar-25 7:09:15 AM AEST,nan,nan,nan,nan,nan,nan,nan,0.02,nan,nan,nan,nan
27-Mar-25 7:10:00 AM AEST,0.0,nan,nan,13.80,nan,nan,nan,nan,nan,nan,nan,nan
27-Mar-25 7:10:58 AM AEST,nan,nan,nan,nan,nan,nan,nan,nan,nan,nan,nan,0.00
27-Mar-25 7:11:40 AM AEST,nan,nan,nan,nan,nan,nan,nan,0.00,nan,nan,nan,nan
27-Mar-25 7:12:00 AM AEST,nan,97.5,23.6,nan,72.20,65.53,125.20,nan,0.00,0.00,0.00,nan
27-Mar-25 7:12:00 AM AEST,nan,97.5,93.3,nan,0.60,3.41,125.20,nan,317.80,84.70,14.20,nan
27-Mar-25 7:12:29 AM AEST,nan,nan,nan,0.20,nan,nan,nan,nan,nan,nan,nan,nan
27-Mar-25 7:12:30 AM AEST,24.0,nan,nan,nan,nan,nan,nan,nan,nan,nan,nan,nan
27-Mar-25 7:13:27 AM AEST,nan,nan,nan,nan,nan,nan,nan,nan,nan,nan,nan,1.00
27-Mar-25 7:14:05 AM AEST,nan,nan,nan,nan,nan,nan,nan,58.35,nan,nan,nan,nan
27-Mar-25 7:18:00 AM AEST,0.0,0.2,nan,0.00,nan,nan,0.20,2.40,nan,nan,nan,0.00
27-Mar-25 7:20:00 AM AEST,nan,nan,23.6,nan,72.20,65.53,nan,nan,0.00,0.00,0.00,nan
27-Mar-25 7:20:25 AM AEST,nan,nan,nan,nan,nan,nan,nan,0.00,nan,nan,nan,nan
27-Mar-25 7:20:26 AM AEST,nan,97.5,nan,nan,nan,nan,125.20,nan,nan,nan,nan,nan
27-Mar-25 7:20:29 AM AEST,nan,nan,nan,0.20,nan,nan,nan,nan,nan,nan,nan,nan
27-Mar-25 7:20:30 AM AEST,24.0,nan,nan,nan,nan,nan,nan,nan,nan,nan,nan,nan
27-Mar-25 7:22:00 AM AEST,nan,nan,nan,nan,nan,nan,nan,nan,nan,nan,nan,13.80
27-Mar-25 7:22:30 AM AEST,nan,nan,93.3,nan,0.60,3.41,nan,nan,nan,nan,14.20,nan
27-Mar-25 7:22:31 AM AEST,nan,nan,nan,nan,nan,nan,nan,nan,nan,84.70,nan,nan
27-Mar-25 7:22:35 AM AEST,nan,nan,nan,nan,nan,nan,nan,nan,317.80,nan,nan,nan
27-Mar-25 7:22:50 AM AEST,nan,nan,nan,nan,nan,nan,nan,0.02,nan,nan,nan,nan
27-Mar-25 7:22:52 AM AEST,nan,0.0,nan,nan,nan,nan,0.00,nan,nan,nan,nan,nan
27-Mar-25 7:22:58 AM AEST,nan,nan,nan,13.80,nan,nan,nan,nan,nan,nan,nan,nan
27-Mar-25 7:23:00 AM AEST,0.0,nan,nan,nan,nan,nan,nan,nan,nan,nan,nan,nan
27-Mar-25 7:24:29 AM AEST,nan,nan,nan,nan,nan,nan,nan,nan,nan,nan,nan,72.20
27-Mar-25 7:25:00 AM AEST,nan,nan,23.6,nan,1.00,0.24,nan,nan,nan,nan,1.00,nan
27-Mar-25 7:25:02 AM AEST,nan,nan,nan,nan,nan,nan,nan,nan,nan,1.00,nan,nan
27-Mar-25 7:25:10 AM AEST,nan,nan,nan,nan,nan,nan,nan,nan,6552.80,nan,nan,nan
27-Mar-25 7:25:15 AM AEST,nan,nan,nan,nan,nan,nan,nan,11.23,nan,nan,nan,nan
27-Mar-25 7:25:27 AM AEST,nan,nan,nan,0.00,nan,nan,nan,nan,nan,nan,nan,nan
27-Mar-25 7:26:58 AM AEST,nan,nan,nan,nan,nan,nan,nan,nan,nan,nan,nan,1.00
27-Mar-25 7:26:58 AM AEST,nan,nan,nan,nan,nan,nan,nan,nan,nan,nan,nan,0.00
27-Mar-25 7:27:30 AM AEST,nan,nan,93.3,nan,0.60,3.41,nan,nan,nan,nan,14.20,nan
27-Mar-25 7:27:30 AM AEST,nan,nan,23.6,nan,72.20,65.53,nan,nan,nan,nan,0.00,nan
27-Mar-25 7:27:33 AM AEST,nan,nan,nan,nan,nan,nan,nan,nan,nan,84.70,nan,nan
27-Mar-25 7:27:33 AM AEST,nan,nan,nan,nan,nan,nan,nan,nan,nan,0.00,nan,nan
27-Mar-25 7:27:40 AM AEST,nan,nan,nan,nan,nan,nan,nan,12.52,nan,nan,nan,nan
27-Mar-25 7:27:45 AM AEST,nan,nan,nan,nan,nan,nan,nan,nan,317.80,nan,nan,nan
27-Mar-25 7:27:45 AM AEST,nan,nan,nan,nan,nan,nan,nan,nan,0.00,nan,nan,nan
27-Mar-25 7:27:56 AM AEST,nan,nan,nan,6552.80,nan,nan,nan,nan,nan,nan,nan,nan
27-Mar-25 7:27:56 AM AEST,nan,nan,nan,0.20,nan,nan,nan,nan,nan,nan,nan,nan
27-Mar-25 7:28:00 AM AEST,72.2,97.5,nan,nan,nan,nan,97.50,nan,nan,nan,nan,nan
27-Mar-25 7:28:00 AM AEST,24.0,97.5,nan,nan,nan,nan,97.50,nan,nan,nan,nan,nan
27-Mar-25 7:29:27 AM AEST,nan,nan,nan,nan,nan,nan,nan,nan,nan,nan,nan,112.30
27-Mar-25 7:30:00 AM AEST,nan,nan,93.3,nan,nan,nan,nan,nan,nan,nan,nan,nan
27-Mar-25 7:30:05 AM AEST,nan,nan,nan,nan,nan,nan,nan,5.11,nan,nan,nan,nan
27-Mar-25 7:30:25 AM AEST,nan,nan,nan,14.80,nan,nan,nan,nan,nan,nan,nan,nan
27-Mar-25 7:30:26 AM AEST,nan,14.8,nan,nan,nan,nan,51.10,nan,nan,nan,nan,nan
27-Mar-25 7:30:30 AM AEST,14.8,nan,nan,nan,nan,nan,nan,nan,nan,nan,nan,nan
27-Mar-25 7:31:56 AM AEST,nan,nan,nan,nan,nan,nan,nan,nan,nan,nan,nan,0.00
27-Mar-25 7:32:30 AM AEST,nan,nan,23.6,nan,nan,nan,nan,0.00,nan,nan,nan,nan
27-Mar-25 7:32:52 AM AEST,nan,97.5,nan,nan,nan,nan,125.20,nan,nan,nan,nan,nan
27-Mar-25 7:32:54 AM AEST,nan,nan,nan,0.20,nan,nan,nan,nan,nan,nan,nan,nan
27-Mar-25 7:33:00 AM AEST,24.0,nan,nan,nan,nan,nan,nan,nan,nan,nan,nan,nan
27-Mar-25 7:34:00 AM AEST,nan,nan,nan,nan,0.60,3.41,nan,nan,nan,nan,14.20,nan
27-Mar-25 7:34:00 AM AEST,nan,nan,nan,nan,72.20,65.53,nan,nan,nan,nan,0.00,nan
27-Mar-25 7:34:55 AM AEST,nan,nan,nan,nan,nan,nan,nan,1.48,nan,nan,nan,nan
27-Mar-25 7:35:00 AM AEST,nan,nan,93.3,nan,nan,nan,nan,nan,nan,nan,nan,nan
27-Mar-25 7:35:00 AM AEST,nan,nan,23.6,nan,nan,nan,nan,nan,nan,nan,nan,nan
27-Mar-25 7:35:18 AM AEST,nan,112.3,nan,nan,nan,nan,112.30,nan,nan,nan,nan,nan
27-Mar-25 7:35:23 AM AEST,nan,nan,nan,0.00,nan,nan,nan,nan,nan,nan,nan,nan
27-Mar-25 7:35:23 AM AEST,nan,nan,nan,0.20,nan,nan,nan,nan,nan,nan,nan,nan
27-Mar-25 7:35:30 AM AEST,112.3,nan,nan,nan,nan,nan,nan,nan,nan,nan,nan,nan
27-Mar-25 7:35:30 AM AEST,24.0,nan,nan,nan,nan,nan,nan,nan,nan,nan,nan,nan
27-Mar-25 7:37:20 AM AEST,nan,nan,nan,nan,nan,nan,nan,0.00,nan,nan,nan,nan
27-Mar-25 7:37:20 AM AEST,nan,nan,nan,nan,nan,nan,nan,5.11,nan,nan,nan,nan
27-Mar-25 7:37:44 AM AEST,nan,97.5,nan,nan,nan,nan,125.20,nan,nan,nan,nan,nan
27-Mar-25 7:37:44 AM AEST,nan,14.8,nan,nan,nan,nan,14.80,nan,nan,nan,nan,nan
27-Mar-25 7:37:52 AM AEST,nan,nan,nan,112.30,nan,nan,nan,nan,nan,nan,nan,nan
27-Mar-25 7:38:00 AM AEST,112.3,nan,nan,nan,nan,nan,nan,nan,nan,nan,nan,112.30
27-Mar-25 7:39:45 AM AEST,nan,nan,nan,nan,nan,nan,nan,11.23,nan,nan,nan,nan
27-Mar-25 7:40:00 AM AEST,nan,nan,93.3,nan,0.60,3.41,nan,nan,317.80,84.70,14.20,nan
27-Mar-25 7:40:00 AM AEST,nan,nan,23.6,nan,72.20,65.53,nan,nan,0.00,0.00,0.00,nan
27-Mar-25 7:40:10 AM AEST,nan,0.0,nan,nan,nan,nan,0.00,nan,nan,nan,nan,nan
27-Mar-25 7:40:10 AM AEST,nan,24.0,nan,nan,nan,nan,24.00,nan,nan,nan,nan,nan
27-Mar-25 7:40:21 AM AEST,nan,nan,nan,6552.80,nan,nan,nan,nan,nan,nan,nan,nan
27-Mar-25 7:40:21 AM AEST,nan,nan,nan,0.20,nan,nan,nan,nan,nan,nan,nan,nan
27-Mar-25 7:40:29 AM AEST,nan,nan,nan,nan,nan,nan,nan,nan,nan,nan,nan,1.00
27-Mar-25 7:40:29 AM AEST,nan,nan,nan,nan,nan,nan,nan,nan,nan,nan,nan,0.00
27-Mar-25 7:40:30 AM AEST,72.2,nan,nan,nan,nan,nan,nan,nan,nan,nan,nan,nan
27-Mar-25 7:40:30 AM AEST,24.0,nan,nan,nan,nan,nan,nan,nan,nan,nan,nan,nan
27-Mar-25 7:42:10 AM AEST,nan,nan,nan,nan,nan,nan,nan,9.75,nan,nan,nan,nan
27-Mar-25 7:42:30 AM AEST,nan,nan,93.3,nan,nan,nan,nan,nan,nan,nan,nan,nan
27-Mar-25 7:42:36 AM AEST,nan,112.3,nan,nan,nan,nan,112.30,nan,nan,nan,nan,nan
27-Mar-25 7:42:50 AM AEST,nan,nan,nan,0.00,nan,nan,nan,nan,nan,nan,nan,nan
27-Mar-25 7:43:00 AM AEST,112.3,nan,nan,nan,nan,nan,nan,nan,nan,nan,nan,nan
27-Mar-25 7:44:35 AM AEST,nan,nan,nan,nan,nan,nan,nan,1.48,nan,nan,nan,nan
27-Mar-25 7:45:02 AM AEST,nan,0.0,nan,nan,nan,nan,0.00,nan,nan,nan,nan,nan
27-Mar-25 7:45:19 AM AEST,nan,nan,nan,6552.80,nan,nan,nan,nan,nan,nan,nan,nan
27-Mar-25 7:45:30 AM AEST,72.2,nan,nan,nan,nan,nan,nan,nan,nan,nan,nan,nan
27-Mar-25 7:46:00 AM AEST,nan,nan,nan,nan,0.60,3.41,nan,nan,317.80,84.70,14.20,1.00
27-Mar-25 7:46:00 AM AEST,nan,nan,nan,nan,72.20,65.53,nan,nan,0.00,0.00,0.00,0.00
27-Mar-25 7:46:00 AM AEST,nan,nan,nan,nan,72.20,65.53,nan,nan,0.00,72.20,72.20,0.00
27-Mar-25 7:47:00 AM AEST,nan,nan,nan,nan,nan,nan,nan,11.23,nan,nan,nan,nan
27-Mar-25 7:47:00 AM AEST,nan,nan,nan,nan,nan,nan,nan,0.00,nan,nan,nan,nan
27-Mar-25 7:47:00 AM AEST,nan,nan,nan,nan,nan,nan,nan,11.23,nan,nan,nan,nan
27-Mar-25 7:47:28 AM AEST,nan,97.5,nan,nan,nan,nan,125.20,nan,nan,nan,nan,nan
27-Mar-25 7:47:28 AM AEST,nan,0.0,nan,nan,nan,nan,112.30,nan,nan,nan,nan,nan
27-Mar-25 7:47:48 AM AEST,nan,nan,nan,0.20,nan,nan,nan,nan,nan,nan,nan,nan
27-Mar-25 7:47:48 AM AEST,nan,nan,nan,0.00,nan,nan,nan,nan,nan,nan,nan,nan
27-Mar-25 7:48:00 AM AEST,24.0,nan,23.6,nan,nan,nan,nan,nan,nan,nan,nan,nan
27-Mar-25 7:48:00 AM AEST,0.0,nan,23.6,nan,nan,nan,nan,nan,nan,nan,nan,nan
27-Mar-25 7:48:30 AM AEST,nan,nan,nan,nan,0.60,3.41,nan,nan,nan,nan,nan,nan
27-Mar-25 7:48:35 AM AEST,nan,nan,nan,nan,nan,nan,nan,nan,317.80,nan,nan,nan
27-Mar-25 7:49:54 AM AEST,nan,97.5,nan,nan,nan,nan,0.00,nan,nan,nan,nan,nan
27-Mar-25 7:50:00 AM AEST,nan,nan,nan,nan,nan,nan,nan,nan,nan,84.70,14.20,1.00
27-Mar-25 7:50:00 AM AEST,nan,nan,nan,nan,nan,nan,nan,nan,nan,0.00,0.00,0.00
27-Mar-25 7:50:17 AM AEST,nan,nan,nan,6552.80,nan,nan,nan,nan,nan,nan,nan,nan
27-Mar-25 7:50:17 AM AEST,nan,nan,nan,0.20,nan,nan,nan,nan,nan,nan,nan,nan
27-Mar-25 7:50:30 AM AEST,72.2,nan,93.3,nan,nan,nan,nan,nan,nan,nan,nan,nan
27-Mar-25 7:50:30 AM AEST,24.0,nan,23.6,nan,nan,nan,nan,nan,nan,nan,nan,nan
27-Mar-25 7:51:00 AM AEST,nan,nan,nan,nan,72.20,65.53,nan,nan,nan,nan,nan,nan
27-Mar-25 7:51:10 AM AEST,nan,nan,nan,nan,nan,nan,nan,nan,0.00,nan,nan,nan
27-Mar-25 7:52:00 AM AEST,nan,nan,nan,nan,nan,nan,nan,0.00,nan,nan,nan,nan
27-Mar-25 7:52:20 AM AEST,nan,0.2,nan,nan,nan,nan,125.20,nan,nan,nan,nan,nan
27-Mar-25 7:52:20 AM AEST,nan,0.2,nan,nan,nan,nan,0.20,nan,nan,nan,nan,nan
27-Mar-25 7:52:30 AM AEST,nan,nan,nan,nan,nan,nan,nan,nan,nan,nan,14.20,nan
27-Mar-25 7:52:31 AM AEST,nan,nan,nan,nan,nan,nan,nan,nan,nan,84.70,nan,nan
27-Mar-25 7:52:46 AM AEST,nan,nan,nan,0.00,nan,nan,nan,nan,nan,nan,nan,nan
27-Mar-25 7:53:00 AM AEST,0.0,nan,93.3,nan,nan,nan,nan,nan,nan,nan,nan,nan
27-Mar-25 7:53:30 AM AEST,nan,nan,nan,nan,0.60,3.41,nan,nan,nan,nan,nan,nan
27-Mar-25 7:53:45 AM AEST,nan,nan,nan,nan,nan,nan,nan,nan,317.80,nan,nan,nan
27-Mar-25 7:54:25 AM AEST,nan,nan,nan,nan,nan,nan,nan,2.40,nan,nan,nan,nan
27-Mar-25 7:54:25 AM AEST,nan,nan,nan,nan,nan,nan,nan,58.35,nan,nan,nan,nan
27-Mar-25 7:54:46 AM AEST,nan,97.5,nan,nan,nan,nan,125.20,nan,nan,nan,nan,nan
27-Mar-25 7:55:00 AM AEST,nan,nan,nan,nan,nan,nan,nan,nan,nan,nan,0.00,nan
27-Mar-25 7:55:02 AM AEST,nan,nan,nan,nan,nan,nan,nan,nan,nan,0.00,nan,nan
27-Mar-25 7:55:15 AM AEST,nan,nan,nan,0.20,nan,nan,nan,nan,nan,nan,nan,nan
27-Mar-25 7:55:30 AM AEST,24.0,nan,23.6,nan,nan,nan,nan,nan,nan,nan,nan,nan
27-Mar-25 7:56:00 AM AEST,nan,nan,nan,nan,72.20,65.53,nan,nan,nan,nan,nan,nan
27-Mar-25 7:56:00 AM AEST,nan,nan,nan,nan,72.20,3.41,nan,nan,nan,nan,nan,nan
27-Mar-25 7:56:20 AM AEST,nan,nan,nan,nan,nan,nan,nan,nan,0.00,nan,nan,nan
27-Mar-25 7:56:50 AM AEST,nan,nan,nan,nan,nan,nan,nan,1.38,nan,nan,nan,nan
27-Mar-25 7:57:12 AM AEST,nan,51.1,nan,nan,nan,nan,51.10,nan,nan,nan,nan,nan
27-Mar-25 7:57:44 AM AEST,nan,nan,nan,14.80,nan,nan,nan,nan,nan,nan,nan,nan
27-Mar-25 7:58:00 AM AEST,51.1,nan,93.3,nan,nan,nan,nan,nan,nan,nan,nan,14.80
27-Mar-25 7:58:30 AM AEST,nan,nan,nan,nan,0.60,0.08,nan,nan,nan,nan,nan,nan
27-Mar-25 7:58:30 AM AEST,nan,nan,nan,nan,8.30,0.08,nan,nan,nan,nan,nan,nan
27-Mar-25 7:58:55 AM AEST,nan,nan,nan,nan,nan,nan,nan,nan,23.60,nan,nan,nan
27-Mar-25 7:59:38 AM AEST,nan,0.0,nan,nan,nan,nan,0.00,nan,nan,nan,nan,nan
27-Mar-25 8:00:00 AM AEST,nan,nan,nan,nan,nan,nan,nan,11.23,nan,23.60,23.60,nan
27-Mar-25 8:00:13 AM AEST,nan,nan,nan,6552.80,nan,nan,nan,nan,nan,nan,nan,nan
27-Mar-25 8:00:29 AM AEST,nan,nan,nan,nan,nan,nan,nan,nan,nan,nan,nan,6552.80
27-Mar-25 8:00:30 AM AEST,72.2,nan,0.9,nan,nan,nan,nan,nan,nan,nan,nan,nan
27-Mar-25 8:01:30 AM AEST,nan,nan,nan,nan,nan,nan,nan,nan,317.80,nan,nan,nan
27-Mar-25 8:02:00 AM AEST,nan,nan,nan,nan,0.60,3.41,nan,nan,nan,nan,nan,nan
27-Mar-25 8:02:30 AM AEST,nan,nan,nan,nan,nan,nan,nan,nan,nan,nan,14.20,nan
27-Mar-25 8:02:31 AM AEST,nan,nan,nan,nan,nan,nan,nan,nan,nan,84.70,nan,nan
27-Mar-25 8:02:58 AM AEST,nan,nan,nan,nan,nan,nan,nan,nan,nan,nan,nan,1.00
27-Mar-25 8:03:00 AM AEST,nan,nan,93.3,nan,nan,nan,nan,nan,nan,nan,nan,nan
27-Mar-25 8:05:00 AM AEST,nan,nan,nan,nan,nan,nan,nan,nan,nan,nan,23.60,nan
27-Mar-25 8:05:02 AM AEST,nan,nan,nan,nan,nan,nan,nan,nan,nan,23.60,nan,nan
27-Mar-25 8:05:27 AM AEST,nan,nan,nan,nan,nan,nan,nan,nan,nan,nan,nan,6552.80
27-Mar-25 8:05:30 AM AEST,nan,nan,0.9,nan,nan,nan,nan,nan,nan,nan,nan,nan
27-Mar-25 8:06:00 AM AEST,24.0,97.5,nan,0.20,8.30,0.08,125.20,0.00,23.60,nan,nan,nan
27-Mar-25 8:06:00 AM AEST,72.2,0.0,nan,6552.80,8.30,0.08,0.00,11.23,23.60,nan,nan,nan
27-Mar-25 8:07:30 AM AEST,nan,nan,nan,nan,nan,nan,nan,nan,nan,nan,14.20,nan
27-Mar-25 8:07:33 AM AEST,nan,nan,nan,nan,nan,nan,nan,nan,nan,84.70,nan,nan
27-Mar-25 8:07:56 AM AEST,nan,nan,nan,nan,nan,nan,nan,nan,nan,nan,nan,1.00
27-Mar-25 8:08:00 AM AEST,nan,nan,93.3,nan,nan,nan,nan,nan,nan,nan,nan,nan
27-Mar-25 8:08:30 AM AEST,nan,nan,nan,nan,0.60,3.41,nan,nan,nan,nan,nan,nan
27-Mar-25 8:08:35 AM AEST,nan,nan,nan,nan,nan,nan,nan,nan,317.80,nan,nan,nan
27-Mar-25 8:12:00 AM AEST,nan,nan,nan,nan,nan,nan,125.20,0.00,nan,nan,nan,nan
27-Mar-25 8:14:00 AM AEST,24.0,97.5,nan,0.20,nan,nan,nan,nan,0.00,nan,nan,0.00
27-Mar-25 8:16:26 AM AEST,nan,0.0,nan,nan,nan,nan,nan,nan,nan,nan,nan,nan
27-Mar-25 8:16:29 AM AEST,nan,nan,nan,6552.80,nan,nan,nan,nan,nan,nan,nan,1.00
27-Mar-25 8:16:30 AM AEST,72.2,nan,nan,nan,nan,nan,nan,nan,nan,nan,nan,nan
27-Mar-25 8:16:35 AM AEST,nan,nan,nan,nan,nan,nan,nan,nan,317.80,nan,nan,nan
27-Mar-25 8:18:00 AM AEST,nan,nan,nan,nan,nan,nan,0.00,0.02,nan,nan,nan,nan
27-Mar-25 8:18:58 AM AEST,nan,nan,nan,13.80,nan,nan,nan,nan,nan,nan,nan,13.80
27-Mar-25 8:19:00 AM AEST,0.0,nan,nan,nan,nan,nan,nan,nan,nan,nan,nan,nan
27-Mar-25 8:19:10 AM AEST,nan,nan,nan,nan,nan,nan,nan,nan,0.00,nan,nan,nan
27-Mar-25 8:19:10 AM AEST,nan,nan,nan,nan,nan,nan,nan,nan,6552.80,nan,nan,nan
27-Mar-25 8:20:00 AM AEST,nan,nan,23.6,nan,1.00,0.24,nan,nan,nan,1.00,1.00,nan
27-Mar-25 8:20:25 AM AEST,nan,nan,nan,nan,nan,nan,nan,11.23,nan,nan,nan,nan
27-Mar-25 8:21:27 AM AEST,nan,nan,nan,0.00,nan,nan,nan,nan,nan,nan,nan,72.20
27-Mar-25 8:21:45 AM AEST,nan,nan,nan,nan,nan,nan,nan,nan,317.80,nan,nan,nan
27-Mar-25 8:22:30 AM AEST,nan,nan,93.3,nan,0.60,3.41,nan,nan,nan,nan,14.20,nan
27-Mar-25 8:22:31 AM AEST,nan,nan,nan,nan,nan,nan,nan,nan,nan,84.70,nan,nan
27-Mar-25 8:23:56 AM AEST,nan,nan,nan,6552.80,nan,nan,nan,nan,nan,nan,nan,1.00
27-Mar-25 8:23:56 AM AEST,nan,nan,nan,13.80,nan,nan,nan,nan,nan,nan,nan,13.80
27-Mar-25 8:24:00 AM AEST,72.2,nan,nan,nan,nan,nan,nan,0.02,nan,nan,nan,nan
27-Mar-25 8:24:00 AM AEST,0.0,nan,nan,nan,nan,nan,nan,0.02,nan,nan,nan,nan
27-Mar-25 8:24:20 AM AEST,nan,nan,nan,nan,nan,nan,nan,nan,0.00,nan,nan,nan
27-Mar-25 8:25:00 AM AEST,nan,nan,23.6,nan,72.20,65.53,nan,nan,nan,nan,0.00,nan
27-Mar-25 8:25:02 AM AEST,nan,nan,nan,nan,nan,nan,nan,nan,nan,0.00,nan,nan
27-Mar-25 8:26:00 AM AEST,nan,0.2,nan,nan,nan,nan,0.20,nan,nan,nan,nan,nan
27-Mar-25 8:26:25 AM AEST,nan,nan,nan,0.00,nan,nan,nan,2.40,nan,nan,nan,0.00
27-Mar-25 8:28:00 AM AEST,24.0,nan,nan,nan,nan,nan,nan,nan,nan,nan,nan,nan
27-Mar-25 8:28:26 AM AEST,nan,97.5,nan,nan,nan,nan,125.20,nan,nan,nan,nan,nan
27-Mar-25 8:28:50 AM AEST,nan,nan,nan,nan,nan,nan,nan,0.00,nan,nan,nan,nan
27-Mar-25 8:28:54 AM AEST,nan,nan,nan,0.20,nan,nan,nan,nan,nan,nan,nan,1.00
27-Mar-25 8:28:54 AM AEST,nan,nan,nan,6552.80,nan,nan,nan,nan,nan,nan,nan,1.00
27-Mar-25 8:30:00 AM AEST,nan,nan,93.3,nan,0.60,3.41,nan,nan,317.80,84.70,14.20,nan
27-Mar-25 8:30:00 AM AEST,nan,nan,23.6,nan,72.20,65.53,nan,nan,0.00,0.00,0.00,nan
27-Mar-25 8:30:30 AM AEST,72.2,nan,nan,nan,nan,nan,nan,nan,nan,nan,nan,nan
27-Mar-25 8:30:30 AM AEST,24.0,nan,nan,nan,nan,nan,nan,nan,nan,nan,nan,nan
27-Mar-25 8:30:52 AM AEST,nan,0.0,nan,nan,nan,nan,0.00,nan,nan,nan,nan,nan
27-Mar-25 8:30:52 AM AEST,nan,97.5,nan,nan,nan,nan,125.20,nan,nan,nan,nan,nan
27-Mar-25 8:31:15 AM AEST,nan,nan,nan,nan,nan,nan,nan,11.23,nan,nan,nan,nan
27-Mar-25 8:31:15 AM AEST,nan,nan,nan,nan,nan,nan,nan,0.00,nan,nan,nan,nan
27-Mar-25 8:31:23 AM AEST,nan,nan,nan,0.20,nan,nan,nan,nan,nan,nan,nan,0.00
27-Mar-25 8:32:30 AM AEST,nan,nan,93.3,nan,0.60,3.41,nan,nan,nan,nan,14.20,nan
27-Mar-25 8:32:31 AM AEST,nan,nan,nan,nan,nan,nan,nan,nan,nan,84.70,nan,nan
27-Mar-25 8:32:35 AM AEST,nan,nan,nan,nan,nan,nan,nan,nan,317.80,nan,nan,nan
27-Mar-25 8:33:18 AM AEST,nan,24.0,nan,nan,nan,nan,24.00,nan,nan,nan,nan,nan
27-Mar-25 8:33:40 AM AEST,nan,nan,nan,nan,nan,nan,nan,9.75,nan,nan,nan,nan
27-Mar-25 8:33:40 AM AEST,nan,nan,nan,nan,nan,nan,nan,0.00,nan,nan,nan,nan
27-Mar-25 8:35:00 AM AEST,nan,nan,23.6,nan,72.20,65.53,nan,nan,nan,nan,0.00,nan
27-Mar-25 8:35:00 AM AEST,nan,nan,93.3,nan,0.60,3.41,nan,nan,nan,nan,14.20,nan
27-Mar-25 8:35:02 AM AEST,nan,nan,nan,nan,nan,nan,nan,nan,nan,0.00,nan,nan
27-Mar-25 8:35:02 AM AEST,nan,nan,nan,nan,nan,nan,nan,nan,nan,84.70,nan,nan
27-Mar-25 8:35:10 AM AEST,nan,nan,nan,nan,nan,nan,nan,nan,0.00,nan,nan,nan
27-Mar-25 8:35:10 AM AEST,nan,nan,nan,nan,nan,nan,nan,nan,317.80,nan,nan,nan
27-Mar-25 8:35:44 AM AEST,nan,97.5,nan,nan,nan,nan,125.20,nan,nan,nan,nan,nan
27-Mar-25 8:35:44 AM AEST,nan,0.0,nan,nan,nan,nan,0.00,nan,nan,nan,nan,nan
27-Mar-25 8:36:00 AM AEST,72.2,nan,nan,6552.80,nan,nan,nan,nan,nan,nan,nan,1.00
27-Mar-25 8:37:45 AM AEST,nan,nan,nan,nan,nan,nan,nan,nan,0.00,nan,nan,nan
27-Mar-25 8:38:00 AM AEST,nan,nan,nan,nan,nan,nan,nan,11.23,nan,nan,nan,nan
27-Mar-25 8:38:29 AM AEST,nan,nan,nan,0.00,nan,nan,nan,nan,nan,nan,nan,0.00
27-Mar-25 8:38:30 AM AEST,0.0,nan,nan,nan,nan,nan,nan,nan,nan,nan,nan,nan
27-Mar-25 8:40:00 AM AEST,nan,nan,23.6,nan,72.20,65.53,112.30,nan,nan,72.20,72.20,nan
27-Mar-25 8:40:00 AM AEST,nan,nan,23.6,nan,72.20,65.53,0.20,nan,nan,0.00,0.00,nan
27-Mar-25 8:40:25 AM AEST,nan,nan,nan,nan,nan,nan,nan,2.40,nan,nan,nan,nan
27-Mar-25 8:42:00 AM AEST,nan,0.2,nan,nan,nan,nan,nan,nan,nan,nan,nan,nan
27-Mar-25 8:42:30 AM AEST,nan,nan,nan,nan,6552.80,nan,nan,nan,nan,nan,6552.80,nan
27-Mar-25 8:42:31 AM AEST,nan,nan,nan,nan,nan,nan,nan,nan,nan,72.20,nan,nan
27-Mar-25 8:44:00 AM AEST,nan,nan,nan,nan,nan,nan,0.00,11.23,72.20,nan,nan,nan
27-Mar-25 8:44:26 AM AEST,nan,0.0,nan,nan,nan,nan,nan,nan,nan,nan,nan,nan
27-Mar-25 8:45:00 AM AEST,nan,nan,nan,nan,317.80,nan,nan,nan,nan,nan,317.80,nan
27-Mar-25 8:45:02 AM AEST,nan,nan,nan,nan,nan,nan,nan,nan,nan,1.40,nan,nan
27-Mar-25 8:46:00 AM AEST,72.2,nan,84.7,6552.80,nan,3.18,nan,nan,nan,nan,nan,1.00
27-Mar-25 8:46:35 AM AEST,nan,nan,nan,nan,nan,nan,nan,nan,1.40,nan,nan,nan
27-Mar-25 8:46:35 AM AEST,nan,nan,nan,nan,nan,nan,nan,nan,23.60,nan,nan,nan
27-Mar-25 8:47:30 AM AEST,nan,nan,nan,nan,8.30,nan,nan,nan,nan,nan,23.60,nan
27-Mar-25 8:47:33 AM AEST,nan,nan,nan,nan,nan,nan,nan,nan,nan,23.60,nan,nan
27-Mar-25 8:48:29 AM AEST,nan,nan,nan,nan,nan,nan,nan,nan,nan,nan,nan,6552.80
27-Mar-25 8:48:30 AM AEST,nan,nan,0.9,nan,nan,0.08,nan,nan,nan,nan,nan,nan
27-Mar-25 8:49:10 AM AEST,nan,nan,nan,nan,nan,nan,nan,nan,317.80,nan,nan,nan
27-Mar-25 8:50:00 AM AEST,nan,nan,nan,nan,14.20,nan,nan,nan,nan,nan,14.20,nan
27-Mar-25 8:50:04 AM AEST,nan,nan,nan,nan,nan,nan,nan,nan,nan,84.70,nan,nan
27-Mar-25 8:50:58 AM AEST,nan,nan,nan,nan,nan,nan,nan,nan,nan,nan,nan,1.00
27-Mar-25 8:51:00 AM AEST,nan,nan,0.6,nan,nan,0.14,nan,nan,nan,nan,nan,nan
27-Mar-25 8:52:30 AM AEST,nan,nan,nan,nan,0.60,nan,nan,nan,nan,nan,nan,nan
27-Mar-25 8:53:30 AM AEST,nan,nan,93.3,nan,nan,3.41,nan,nan,nan,nan,nan,nan
27-Mar-25 8:54:00 AM AEST,nan,nan,nan,nan,nan,nan,125.20,0.00,nan,nan,nan,nan
27-Mar-25 8:54:00 AM AEST,nan,nan,nan,nan,nan,nan,0.00,0.00,nan,nan,nan,nan
27-Mar-25 8:56:25 AM AEST,nan,nan,nan,nan,nan,nan,nan,11.23,nan,nan,nan,nan
27-Mar-25 8:58:00 AM AEST,0.0,nan,nan,13.80,nan,nan,nan,nan,nan,nan,nan,13.80
27-Mar-25 8:58:50 AM AEST,nan,nan,nan,nan,nan,nan,nan,0.02,nan,nan,nan,nan
27-Mar-25 8:58:50 AM AEST,nan,nan,nan,nan,nan,nan,nan,0.00,nan,nan,nan,nan
27-Mar-25 9:00:00 AM AEST,nan,97.5,23.6,nan,72.20,65.53,125.20,nan,0.00,0.00,0.00,nan
27-Mar-25 9:00:00 AM AEST,nan,0.0,23.6,nan,1.00,0.01,0.00,nan,6552.80,6552.80,6552.80,nan
27-Mar-25 9:00:29 AM AEST,nan,nan,nan,0.20,nan,nan,nan,nan,nan,nan,nan,0.00
27-Mar-25 9:00:29 AM AEST,nan,nan,nan,0.00,nan,nan,nan,nan,nan,nan,nan,0.00
27-Mar-25 9:00:30 AM AEST,24.0,nan,nan,nan,nan,nan,nan,nan,nan,nan,nan,nan
27-Mar-25 9:00:30 AM AEST,0.0,nan,nan,nan,nan,nan,nan,nan,nan,nan,nan,nan
27-Mar-25 9:01:15 AM AEST,nan,nan,nan,nan,nan,nan,nan,11.23,nan,nan,nan,nan
27-Mar-25 9:01:15 AM AEST,nan,nan,nan,nan,nan,nan,nan,0.00,nan,nan,nan,nan
27-Mar-25 9:02:26 AM AEST,nan,97.5,nan,nan,nan,nan,125.20,nan,nan,nan,nan,nan
27-Mar-25 9:02:26 AM AEST,nan,0.0,nan,nan,nan,nan,0.00,nan,nan,nan,nan,nan
27-Mar-25 9:02:30 AM AEST,nan,nan,341.4,nan,72.20,65.53,nan,nan,nan,nan,0.00,nan
27-Mar-25 9:02:30 AM AEST,nan,nan,341.4,nan,0.60,3.41,nan,nan,nan,nan,14.20,nan
27-Mar-25 9:02:31 AM AEST,nan,nan,nan,nan,nan,nan,nan,nan,nan,0.00,nan,nan
27-Mar-25 9:02:31 AM AEST,nan,nan,nan,nan,nan,nan,nan,nan,nan,84.70,nan,nan
27-Mar-25 9:02:35 AM AEST,nan,nan,nan,nan,nan,nan,nan,nan,0.00,nan,nan,nan
27-Mar-25 9:02:35 AM AEST,nan,nan,nan,nan,nan,nan,nan,nan,317.80,nan,nan,nan
27-Mar-25 9:02:58 AM AEST,nan,nan,nan,0.20,nan,nan,nan,nan,nan,nan,nan,1.00
27-Mar-25 9:02:58 AM AEST,nan,nan,nan,6552.80,nan,nan,nan,nan,nan,nan,nan,1.00
27-Mar-25 9:03:00 AM AEST,24.0,nan,nan,nan,nan,nan,nan,nan,nan,nan,nan,nan
27-Mar-25 9:03:00 AM AEST,72.2,nan,nan,nan,nan,nan,nan,nan,nan,nan,nan,nan
27-Mar-25 9:03:40 AM AEST,nan,nan,nan,nan,nan,nan,nan,11.23,nan,nan,nan,nan
27-Mar-25 9:05:00 AM AEST,nan,nan,93.3,nan,nan,nan,nan,nan,nan,nan,nan,nan
27-Mar-25 9:08:00 AM AEST,14.8,14.8,nan,14.80,nan,nan,51.10,5.11,0.00,0.00,0.00,112.30
27-Mar-25 9:10:00 AM AEST,nan,nan,0.9,nan,8.30,0.08,nan,nan,nan,nan,nan,nan
27-Mar-25 9:10:25 AM AEST,nan,nan,nan,nan,nan,nan,nan,11.23,nan,nan,nan,nan
27-Mar-25 9:10:26 AM AEST,nan,0.0,nan,nan,nan,nan,0.00,nan,nan,nan,nan,nan
27-Mar-25 9:10:29 AM AEST,nan,nan,nan,6552.80,nan,nan,nan,nan,nan,nan,nan,6552.80
27-Mar-25 9:10:30 AM AEST,72.2,nan,nan,nan,nan,nan,nan,nan,nan,nan,23.60,nan
27-Mar-25 9:10:31 AM AEST,nan,nan,nan,nan,nan,nan,nan,nan,nan,23.60,nan,nan
27-Mar-25 9:10:35 AM AEST,nan,nan,nan,nan,nan,nan,nan,nan,23.60,nan,nan,nan
27-Mar-25 9:12:30 AM AEST,nan,nan,23.6,nan,72.20,65.53,nan,nan,nan,nan,nan,nan
27-Mar-25 9:12:50 AM AEST,nan,nan,nan,nan,nan,nan,nan,0.00,nan,nan,nan,nan
27-Mar-25 9:12:52 AM AEST,nan,97.5,nan,nan,nan,nan,125.20,nan,nan,nan,nan,nan
27-Mar-25 9:12:58 AM AEST,nan,nan,nan,0.20,nan,nan,nan,nan,nan,nan,nan,0.00
27-Mar-25 9:13:00 AM AEST,24.0,nan,nan,nan,nan,nan,nan,nan,nan,nan,0.00,nan
27-Mar-25 9:13:00 AM AEST,24.0,nan,nan,nan,nan,nan,nan,nan,nan,nan,14.20,nan
27-Mar-25 9:13:02 AM AEST,nan,nan,nan,nan,nan,nan,nan,nan,nan,0.00,nan,nan
27-Mar-25 9:13:02 AM AEST,nan,nan,nan,nan,nan,nan,nan,nan,nan,84.70,nan,nan
27-Mar-25 9:13:10 AM AEST,nan,nan,nan,nan,nan,nan,nan,nan,0.00,nan,nan,nan
27-Mar-25 9:15:00 AM AEST,nan,nan,93.3,nan,0.60,3.41,nan,nan,nan,nan,nan,nan
27-Mar-25 9:15:15 AM AEST,nan,nan,nan,nan,nan,nan,nan,0.02,nan,nan,nan,nan
27-Mar-25 9:15:18 AM AEST,nan,0.0,nan,nan,nan,nan,0.00,nan,nan,nan,nan,nan
27-Mar-25 9:15:27 AM AEST,nan,nan,nan,13.80,nan,nan,nan,nan,nan,nan,nan,13.80
27-Mar-25 9:15:30 AM AEST,0.0,nan,nan,nan,nan,nan,nan,nan,nan,nan,nan,nan
27-Mar-25 9:15:45 AM AEST,nan,nan,nan,nan,nan,nan,nan,nan,317.80,nan,nan,nan
27-Mar-25 9:17:40 AM AEST,nan,nan,nan,nan,nan,nan,nan,11.23,nan,nan,nan,nan
27-Mar-25 9:17:56 AM AEST,nan,nan,nan,6552.80,nan,nan,nan,nan,nan,nan,nan,1.00
27-Mar-25 9:18:00 AM AEST,72.2,nan,nan,nan,nan,nan,nan,nan,nan,nan,nan,nan
27-Mar-25 9:20:00 AM AEST,nan,nan,341.4,nan,nan,0.01,nan,nan,nan,nan,nan,nan
27-Mar-25 9:22:00 AM AEST,24.0,97.5,nan,0.20,72.20,nan,125.20,0.00,0.00,0.00,0.00,0.00
27-Mar-25 9:22:30 AM AEST,nan,nan,93.3,nan,nan,3.41,nan,nan,nan,nan,nan,nan
27-Mar-25 9:22:30 AM AEST,nan,nan,23.6,nan,nan,65.53,nan,nan,nan,nan,nan,nan
27-Mar-25 9:22:30 AM AEST,nan,nan,84.7,nan,nan,3.18,nan,nan,nan,nan,nan,nan
27-Mar-25 9:24:25 AM AEST,nan,nan,nan,nan,nan,nan,nan,11.23,nan,nan,nan,nan
27-Mar-25 9:24:25 AM AEST,nan,nan,nan,nan,nan,nan,nan,0.00,nan,nan,nan,nan
27-Mar-25 9:24:26 AM AEST,nan,0.0,nan,nan,nan,nan,0.00,nan,nan,nan,nan,nan
27-Mar-25 9:24:26 AM AEST,nan,97.5,nan,nan,nan,nan,125.20,nan,nan,nan,nan,nan
27-Mar-25 9:24:29 AM AEST,nan,nan,nan,6552.80,nan,nan,nan,nan,nan,nan,nan,1.00
27-Mar-25 9:24:29 AM AEST,nan,nan,nan,0.20,nan,nan,nan,nan,nan,nan,nan,0.00
27-Mar-25 9:24:30 AM AEST,72.2,nan,nan,nan,317.80,nan,nan,nan,nan,nan,317.80,nan
27-Mar-25 9:24:30 AM AEST,24.0,nan,nan,nan,72.20,nan,nan,nan,nan,nan,0.00,nan
27-Mar-25 9:24:31 AM AEST,nan,nan,nan,nan,nan,nan,nan,nan,nan,1.40,nan,nan
27-Mar-25 9:24:31 AM AEST,nan,nan,nan,nan,nan,nan,nan,nan,nan,0.00,nan,nan
27-Mar-25 9:24:35 AM AEST,nan,nan,nan,nan,nan,nan,nan,nan,1.40,nan,nan,nan
27-Mar-25 9:24:35 AM AEST,nan,nan,nan,nan,nan,nan,nan,nan,0.00,nan,nan,nan
27-Mar-25 9:25:00 AM AEST,nan,nan,23.6,nan,nan,65.53,nan,nan,nan,nan,nan,nan
27-Mar-25 9:26:52 AM AEST,nan,13.8,nan,nan,nan,nan,13.80,nan,nan,nan,nan,nan
27-Mar-25 9:26:58 AM AEST,nan,nan,nan,51.10,nan,nan,nan,nan,nan,nan,nan,51.10
27-Mar-25 9:27:00 AM AEST,51.1,nan,nan,nan,0.60,nan,nan,nan,nan,nan,14.20,nan
27-Mar-25 9:27:30 AM AEST,nan,nan,93.3,nan,nan,3.41,nan,nan,nan,nan,nan,nan
27-Mar-25 9:29:18 AM AEST,nan,0.0,nan,nan,nan,nan,0.00,nan,nan,nan,nan,nan
27-Mar-25 9:29:27 AM AEST,nan,nan,nan,6552.80,nan,nan,nan,nan,nan,nan,nan,1.00
27-Mar-25 9:29:30 AM AEST,72.2,nan,nan,nan,nan,nan,nan,nan,nan,nan,nan,nan
27-Mar-25 9:30:00 AM AEST,nan,nan,nan,nan,nan,nan,nan,11.23,317.80,84.70,nan,nan
27-Mar-25 9:32:00 AM AEST,nan,nan,341.4,nan,nan,nan,nan,nan,nan,nan,nan,nan
27-Mar-25 9:34:30 AM AEST,nan,nan,93.3,nan,nan,nan,nan,nan,nan,nan,nan,nan
27-Mar-25 9:36:00 AM AEST,nan,97.5,nan,nan,nan,nan,125.20,0.00,nan,nan,nan,nan
27-Mar-25 9:38:25 AM AEST,nan,nan,nan,nan,nan,nan,nan,11.23,nan,nan,nan,nan
27-Mar-25 9:38:25 AM AEST,nan,nan,nan,nan,nan,nan,nan,0.00,nan,nan,nan,nan
27-Mar-25 9:38:25 AM AEST,nan,nan,nan,nan,nan,nan,nan,12.52,nan,nan,nan,nan
27-Mar-25 9:38:26 AM AEST,nan,0.0,nan,nan,nan,nan,0.00,nan,nan,nan,nan,nan
27-Mar-25 9:38:26 AM AEST,nan,97.5,nan,nan,nan,nan,125.20,nan,nan,nan,nan,nan
27-Mar-25 9:40:00 AM AEST,24.0,nan,23.6,0.20,72.20,65.53,nan,nan,0.00,0.00,0.00,0.00
27-Mar-25 9:40:00 AM AEST,24.0,nan,93.3,0.20,72.20,65.53,nan,nan,0.00,0.00,0.00,0.00
27-Mar-25 9:40:52 AM AEST,nan,14.8,nan,nan,nan,nan,51.10,nan,nan,nan,nan,nan
27-Mar-25 9:42:00 AM AEST,nan,nan,nan,nan,nan,nan,nan,5.11,nan,nan,nan,nan
27-Mar-25 9:42:29 AM AEST,nan,nan,nan,14.80,nan,nan,nan,nan,nan,nan,nan,112.30
27-Mar-25 9:42:30 AM AEST,14.8,nan,0.9,nan,nan,3.41,nan,nan,nan,nan,nan,nan
27-Mar-25 9:43:18 AM AEST,nan,0.0,nan,nan,nan,nan,0.00,nan,nan,nan,nan,nan
27-Mar-25 9:44:00 AM AEST,nan,nan,nan,nan,8.30,nan,nan,nan,23.60,8.30,8.30,nan
27-Mar-25 9:44:25 AM AEST,nan,nan,nan,nan,nan,nan,nan,11.23,nan,nan,nan,nan
27-Mar-25 9:44:58 AM AEST,nan,nan,nan,6552.80,nan,nan,nan,nan,nan,nan,nan,1.00
27-Mar-25 9:45:00 AM AEST,72.2,nan,nan,nan,nan,0.01,nan,nan,nan,nan,nan,nan
27-Mar-25 9:46:00 AM AEST,nan,nan,93.3,nan,nan,nan,nan,nan,nan,nan,nan,nan
27-Mar-25 9:46:30 AM AEST,nan,nan,nan,nan,0.60,nan,nan,nan,nan,nan,14.20,nan
27-Mar-25 9:46:30 AM AEST,nan,nan,nan,nan,72.20,nan,nan,nan,nan,nan,0.00,nan
27-Mar-25 9:46:31 AM AEST,nan,nan,nan,nan,nan,nan,nan,nan,nan,84.70,nan,nan
27-Mar-25 9:46:31 AM AEST,nan,nan,nan,nan,nan,nan,nan,nan,nan,0.00,nan,nan
27-Mar-25 9:46:35 AM AEST,nan,nan,nan,nan,nan,nan,nan,nan,317.80,nan,nan,nan
27-Mar-25 9:46:35 AM AEST,nan,nan,nan,nan,nan,nan,nan,nan,0.00,nan,nan,nan
27-Mar-25 9:46:50 AM AEST,nan,nan,nan,nan,nan,nan,nan,0.00,nan,nan,nan,nan
27-Mar-25 9:47:27 AM AEST,nan,nan,nan,0.20,nan,nan,nan,nan,nan,nan,nan,0.00
27-Mar-25 9:47:27 AM AEST,nan,nan,nan,6552.80,nan,nan,nan,nan,nan,nan,nan,6552.80
27-Mar-25 9:47:30 AM AEST,24.0,nan,nan,nan,nan,3.41,nan,nan,nan,nan,nan,nan
27-Mar-25 9:47:30 AM AEST,72.2,nan,nan,nan,nan,65.53,nan,nan,nan,nan,nan,nan
27-Mar-25 9:47:30 AM AEST,72.2,nan,nan,nan,nan,0.08,nan,nan,nan,nan,nan,nan
27-Mar-25 9:48:00 AM AEST,nan,97.5,nan,nan,nan,nan,125.20,nan,nan,nan,nan,nan
27-Mar-25 9:48:00 AM AEST,nan,0.0,nan,nan,nan,nan,0.00,nan,nan,nan,nan,nan
27-Mar-25 9:48:30 AM AEST,nan,nan,23.6,nan,nan,nan,nan,nan,nan,nan,nan,nan
27-Mar-25 9:48:30 AM AEST,nan,nan,0.9,nan,nan,nan,nan,nan,nan,nan,nan,nan
27-Mar-25 9:49:00 AM AEST,nan,nan,nan,nan,8.30,nan,nan,nan,nan,nan,23.60,nan
27-Mar-25 9:49:02 AM AEST,nan,nan,nan,nan,nan,nan,nan,nan,nan,23.60,nan,nan
27-Mar-25 9:49:10 AM AEST,nan,nan,nan,nan,nan,nan,nan,nan,23.60,nan,nan,nan
27-Mar-25 9:49:15 AM AEST,nan,nan,nan,nan,nan,nan,nan,11.23,nan,nan,nan,nan
27-Mar-25 9:49:56 AM AEST,nan,nan,nan,nan,nan,nan,nan,nan,nan,nan,nan,1.00
27-Mar-25 9:50:00 AM AEST,nan,nan,nan,nan,nan,0.01,nan,nan,nan,nan,nan,nan
27-Mar-25 9:51:00 AM AEST,nan,nan,341.4,nan,nan,nan,nan,nan,nan,nan,nan,nan
27-Mar-25 9:51:00 AM AEST,nan,nan,23.6,nan,nan,nan,nan,nan,nan,nan,nan,nan
27-Mar-25 9:51:30 AM AEST,nan,nan,nan,nan,0.60,nan,nan,nan,nan,nan,14.20,nan
27-Mar-25 9:51:30 AM AEST,nan,nan,nan,nan,1.00,nan,nan,nan,nan,nan,6552.80,nan
27-Mar-25 9:51:33 AM AEST,nan,nan,nan,nan,nan,nan,nan,nan,nan,84.70,nan,nan
27-Mar-25 9:51:33 AM AEST,nan,nan,nan,nan,nan,nan,nan,nan,nan,6552.80,nan,nan
27-Mar-25 9:51:45 AM AEST,nan,nan,nan,nan,nan,nan,nan,nan,317.80,nan,nan,nan
27-Mar-25 9:51:45 AM AEST,nan,nan,nan,nan,nan,nan,nan,nan,6552.80,nan,nan,nan
27-Mar-25 9:52:00 AM AEST,0.0,nan,nan,0.00,nan,nan,nan,nan,nan,nan,nan,nan
27-Mar-25 9:52:25 AM AEST,nan,nan,nan,nan,nan,nan,nan,nan,nan,nan,nan,0.00
27-Mar-25 9:52:30 AM AEST,nan,nan,nan,nan,nan,0.01,nan,nan,nan,nan,nan,nan
27-Mar-25 9:55:00 AM AEST,nan,nan,nan,nan,nan,3.41,nan,nan,nan,nan,nan,nan
27-Mar-25 9:56:00 AM AEST,nan,nan,93.3,13.80,0.60,nan,nan,nan,317.80,84.70,14.20,13.80
27-Mar-25 9:57:30 AM AEST,nan,nan,nan,nan,nan,65.53,nan,nan,nan,nan,nan,nan
27-Mar-25 9:58:00 AM AEST,24.0,97.5,nan,nan,nan,nan,125.20,0.02,nan,nan,nan,nan
27-Mar-25 9:58:00 AM AEST,24.0,97.5,nan,nan,nan,nan,125.20,0.00,nan,nan,nan,nan
27-Mar-25 9:58:29 AM AEST,nan,nan,nan,0.20,nan,nan,nan,nan,nan,nan,nan,0.00
27-Mar-25 9:58:30 AM AEST,nan,nan,23.6,nan,72.20,nan,nan,nan,nan,nan,0.00,nan
27-Mar-25 9:58:30 AM AEST,nan,nan,93.3,nan,0.60,nan,nan,nan,nan,nan,14.20,nan
27-Mar-25 9:58:31 AM AEST,nan,nan,nan,nan,nan,nan,nan,nan,nan,0.00,nan,nan
27-Mar-25 9:58:31 AM AEST,nan,nan,nan,nan,nan,nan,nan,nan,nan,84.70,nan,nan
27-Mar-25 9:58:35 AM AEST,nan,nan,nan,nan,nan,nan,nan,nan,0.00,nan,nan,nan
27-Mar-25 9:58:35 AM AEST,nan,nan,nan,nan,nan,nan,nan,nan,317.80,nan,nan,nan
27-Mar-25 10:00:00 AM AEST,nan,nan,nan,nan,nan,3.41,nan,nan,nan,nan,nan,nan
27-Mar-25 10:00:25 AM AEST,nan,nan,nan,nan,nan,nan,nan,11.23,nan,nan,nan,nan
27-Mar-25 10:00:26 AM AEST,nan,0.0,nan,nan,nan,nan,0.00,nan,nan,nan,nan,nan
27-Mar-25 10:00:30 AM AEST,72.2,nan,nan,nan,nan,nan,nan,nan,nan,nan,nan,nan
27-Mar-25 10:00:58 AM AEST,nan,nan,nan,6552.80,nan,nan,nan,nan,nan,nan,nan,1.00
27-Mar-25 10:02:50 AM AEST,nan,nan,nan,nan,nan,nan,nan,0.00,nan,nan,nan,nan
27-Mar-25 10:02:52 AM AEST,nan,97.5,nan,nan,nan,nan,125.20,nan,nan,nan,nan,nan
27-Mar-25 10:03:00 AM AEST,24.0,nan,nan,nan,nan,nan,nan,nan,nan,nan,nan,nan
27-Mar-25 10:05:15 AM AEST,nan,nan,nan,nan,nan,nan,nan,11.23,nan,nan,nan,nan
27-Mar-25 10:05:15 AM AEST,nan,nan,nan,nan,nan,nan,nan,0.00,nan,nan,nan,nan
27-Mar-25 10:05:18 AM AEST,nan,0.0,nan,nan,nan,nan,0.00,nan,nan,nan,nan,nan
27-Mar-25 10:05:18 AM AEST,nan,13.8,nan,nan,nan,nan,0.00,nan,nan,nan,nan,nan
27-Mar-25 10:05:30 AM AEST,72.2,nan,nan,nan,nan,nan,nan,nan,nan,nan,nan,nan
27-Mar-25 10:05:30 AM AEST,13.8,nan,nan,nan,nan,nan,nan,nan,nan,nan,nan,nan
27-Mar-25 10:06:00 AM AEST,nan,nan,23.6,13.80,72.20,65.53,nan,nan,0.00,0.00,0.00,51.10
27-Mar-25 10:06:00 AM AEST,nan,nan,93.3,13.80,0.60,3.41,nan,nan,317.80,84.70,14.20,51.10
27-Mar-25 10:07:40 AM AEST,nan,nan,nan,nan,nan,nan,nan,11.23,nan,nan,nan,nan
27-Mar-25 10:07:44 AM AEST,nan,0.0,nan,nan,nan,nan,nan,nan,nan,nan,nan,nan
27-Mar-25 10:08:00 AM AEST,72.2,nan,nan,nan,nan,nan,nan,nan,nan,nan,nan,nan
27-Mar-25 10:08:29 AM AEST,nan,nan,nan,6552.80,nan,nan,nan,nan,nan,nan,nan,1.00
27-Mar-25 10:08:30 AM AEST,nan,nan,341.4,nan,nan,0.01,nan,nan,nan,nan,nan,nan
27-Mar-25 10:11:00 AM AEST,nan,nan,93.3,nan,nan,3.41,nan,nan,nan,nan,nan,nan
27-Mar-25 10:14:00 AM AEST,nan,nan,nan,nan,nan,nan,nan,0.00,nan,nan,nan,nan
27-Mar-25 10:14:00 AM AEST,nan,nan,nan,nan,nan,nan,nan,11.23,nan,nan,nan,nan
27-Mar-25 10:16:25 AM AEST,nan,nan,nan,nan,nan,nan,nan,12.52,nan,nan,nan,nan
27-Mar-25 10:18:00 AM AEST,24.0,97.5,nan,0.20,nan,nan,97.50,nan,nan,nan,nan,nan
27-Mar-25 10:18:50 AM AEST,nan,nan,nan,nan,nan,nan,nan,1.38,nan,nan,nan,nan
27-Mar-25 10:20:00 AM AEST,nan,nan,nan,nan,72.20,65.53,nan,nan,0.00,0.00,0.00,14.80
27-Mar-25 10:20:26 AM AEST,nan,51.1,nan,nan,nan,nan,51.10,nan,nan,nan,nan,nan
27-Mar-25 10:20:29 AM AEST,nan,nan,nan,14.80,nan,nan,nan,nan,nan,nan,nan,nan
27-Mar-25 10:20:30 AM AEST,51.1,nan,nan,nan,nan,nan,nan,nan,nan,nan,nan,nan
27-Mar-25 10:22:00 AM AEST,nan,nan,nan,nan,nan,nan,nan,11.23,nan,nan,nan,nan
27-Mar-25 10:22:29 AM AEST,nan,nan,nan,nan,nan,nan,nan,nan,nan,nan,nan,1.00
27-Mar-25 10:22:29 AM AEST,nan,nan,nan,nan,nan,nan,nan,nan,nan,nan,nan,0.00
27-Mar-25 10:22:30 AM AEST,nan,nan,nan,nan,0.60,3.41,nan,nan,nan,nan,14.20,nan
27-Mar-25 10:22:30 AM AEST,nan,nan,nan,nan,72.20,65.53,nan,nan,nan,nan,0.00,nan
27-Mar-25 10:22:30 AM AEST,nan,nan,nan,nan,23.60,0.24,nan,nan,nan,nan,23.60,nan
27-Mar-25 10:22:31 AM AEST,nan,nan,nan,nan,nan,nan,nan,nan,nan,84.70,nan,nan
27-Mar-25 10:22:31 AM AEST,nan,nan,nan,nan,nan,nan,nan,nan,nan,0.00,nan,nan
27-Mar-25 10:22:31 AM AEST,nan,nan,nan,nan,nan,nan,nan,nan,nan,1.00,nan,nan
27-Mar-25 10:22:35 AM AEST,nan,nan,nan,nan,nan,nan,nan,nan,317.80,nan,nan,nan
27-Mar-25 10:22:35 AM AEST,nan,nan,nan,nan,nan,nan,nan,nan,0.00,nan,nan,nan
27-Mar-25 10:22:35 AM AEST,nan,nan,nan,nan,nan,nan,nan,nan,1.00,nan,nan,nan
27-Mar-25 10:22:52 AM AEST,nan,0.0,nan,nan,nan,nan,0.00,nan,nan,nan,nan,nan
27-Mar-25 10:22:52 AM AEST,nan,97.5,nan,nan,nan,nan,125.20,nan,nan,nan,nan,nan
27-Mar-25 10:22:58 AM AEST,nan,nan,nan,6552.80,nan,nan,nan,nan,nan,nan,nan,nan
27-Mar-25 10:22:58 AM AEST,nan,nan,nan,0.20,nan,nan,nan,nan,nan,nan,nan,nan
27-Mar-25 10:22:58 AM AEST,nan,nan,nan,72.20,nan,nan,nan,nan,nan,nan,nan,nan
27-Mar-25 10:23:00 AM AEST,72.2,nan,nan,nan,nan,nan,nan,nan,nan,nan,nan,nan
27-Mar-25 10:23:00 AM AEST,24.0,nan,nan,nan,nan,nan,nan,nan,nan,nan,nan,nan
27-Mar-25 10:23:00 AM AEST,72.2,nan,nan,nan,nan,nan,nan,nan,nan,nan,nan,nan
27-Mar-25 10:24:00 AM AEST,nan,nan,23.6,nan,nan,nan,nan,nan,nan,nan,nan,nan
27-Mar-25 10:24:00 AM AEST,nan,nan,8.3,nan,nan,nan,nan,nan,nan,nan,nan,nan
27-Mar-25 10:24:25 AM AEST,nan,nan,nan,nan,nan,nan,nan,0.00,nan,nan,nan,nan
27-Mar-25 10:24:25 AM AEST,nan,nan,nan,nan,nan,nan,nan,11.23,nan,nan,nan,nan
27-Mar-25 10:24:58 AM AEST,nan,nan,nan,nan,nan,nan,nan,nan,nan,nan,nan,72.20
27-Mar-25 10:25:10 AM AEST,nan,nan,nan,nan,nan,nan,nan,nan,317.80,nan,nan,nan
27-Mar-25 10:25:18 AM AEST,nan,0.0,nan,nan,nan,nan,0.00,nan,nan,nan,nan,nan
27-Mar-25 10:26:00 AM AEST,nan,nan,nan,6552.80,0.60,3.41,nan,nan,nan,84.70,14.20,nan
27-Mar-25 10:26:30 AM AEST,nan,nan,93.3,nan,nan,nan,nan,nan,nan,nan,nan,nan
27-Mar-25 10:27:27 AM AEST,nan,nan,nan,nan,nan,nan,nan,nan,nan,nan,nan,1.00
27-Mar-25 10:30:00 AM AEST,nan,nan,nan,nan,nan,nan,125.20,0.00,nan,nan,nan,nan
27-Mar-25 10:32:00 AM AEST,51.1,13.8,nan,51.10,nan,nan,nan,nan,0.00,nan,nan,51.10
27-Mar-25 10:32:26 AM AEST,nan,nan,nan,nan,nan,nan,13.80,nan,nan,nan,nan,nan
27-Mar-25 10:34:00 AM AEST,nan,nan,nan,nan,nan,nan,nan,11.23,nan,nan,nan,nan
27-Mar-25 10:34:26 AM AEST,nan,0.0,nan,nan,nan,nan,nan,nan,nan,nan,nan,nan
27-Mar-25 10:34:29 AM AEST,nan,nan,nan,6552.80,nan,nan,nan,nan,nan,nan,nan,1.00
27-Mar-25 10:34:30 AM AEST,72.2,nan,nan,nan,nan,nan,nan,nan,nan,nan,nan,nan
27-Mar-25 10:34:35 AM AEST,nan,nan,nan,nan,nan,nan,nan,nan,317.80,nan,nan,nan
27-Mar-25 10:34:52 AM AEST,nan,nan,nan,nan,nan,nan,0.00,nan,nan,nan,nan,nan
27-Mar-25 10:36:00 AM AEST,nan,nan,341.4,nan,nan,nan,nan,nan,nan,nan,nan,nan
27-Mar-25 10:38:30 AM AEST,nan,nan,93.3,nan,nan,nan,nan,nan,nan,nan,nan,nan
27-Mar-25 10:40:00 AM AEST,nan,97.5,nan,nan,nan,nan,125.20,12.52,nan,nan,nan,nan
27-Mar-25 10:42:25 AM AEST,nan,nan,nan,nan,nan,nan,nan,11.23,nan,nan,nan,nan
27-Mar-25 10:42:26 AM AEST,nan,0.0,nan,nan,nan,nan,0.00,nan,nan,nan,nan,nan
27-Mar-25 10:44:00 AM AEST,24.0,nan,23.6,0.20,72.20,65.53,nan,nan,0.00,0.00,0.00,0.00
27-Mar-25 10:44:00 AM AEST,24.0,nan,93.3,0.20,72.20,65.53,nan,nan,0.00,0.00,0.00,0.00
27-Mar-25 10:44:50 AM AEST,nan,nan,nan,nan,nan,nan,nan,0.00,nan,nan,nan,nan
27-Mar-25 10:44:52 AM AEST,nan,97.5,nan,nan,nan,nan,125.20,nan,nan,nan,nan,nan
27-Mar-25 10:44:52 AM AEST,nan,0.0,nan,nan,nan,nan,125.20,nan,nan,nan,nan,nan
27-Mar-25 10:46:29 AM AEST,nan,nan,nan,6552.80,nan,nan,nan,nan,nan,nan,nan,1.00
27-Mar-25 10:46:30 AM AEST,72.2,nan,nan,nan,0.60,3.41,nan,nan,nan,nan,14.20,nan
27-Mar-25 10:46:31 AM AEST,nan,nan,nan,nan,nan,nan,nan,nan,nan,84.70,nan,nan
27-Mar-25 10:46:35 AM AEST,nan,nan,nan,nan,nan,nan,nan,nan,317.80,nan,nan,nan
27-Mar-25 10:47:15 AM AEST,nan,nan,nan,nan,nan,nan,nan,11.23,nan,nan,nan,nan
27-Mar-25 10:47:15 AM AEST,nan,nan,nan,nan,nan,nan,nan,0.00,nan,nan,nan,nan
27-Mar-25 10:47:18 AM AEST,nan,97.5,nan,nan,nan,nan,0.00,nan,nan,nan,nan,nan
27-Mar-25 10:47:18 AM AEST,nan,0.0,nan,nan,nan,nan,125.20,nan,nan,nan,nan,nan
27-Mar-25 10:48:00 AM AEST,nan,nan,23.6,nan,nan,nan,nan,nan,nan,nan,nan,nan
27-Mar-25 10:48:58 AM AEST,nan,nan,nan,0.20,nan,nan,nan,nan,nan,nan,nan,0.00
27-Mar-25 10:48:58 AM AEST,nan,nan,nan,13.80,nan,nan,nan,nan,nan,nan,nan,13.80
27-Mar-25 10:49:00 AM AEST,24.0,nan,nan,nan,72.20,65.53,nan,nan,nan,nan,0.00,nan
27-Mar-25 10:49:00 AM AEST,0.0,nan,nan,nan,72.20,65.53,nan,nan,nan,nan,0.00,nan
27-Mar-25 10:49:02 AM AEST,nan,nan,nan,nan,nan,nan,nan,nan,nan,0.00,nan,nan
27-Mar-25 10:49:10 AM AEST,nan,nan,nan,nan,nan,nan,nan,nan,0.00,nan,nan,nan
27-Mar-25 10:49:40 AM AEST,nan,nan,nan,nan,nan,nan,nan,0.02,nan,nan,nan,nan
27-Mar-25 10:49:44 AM AEST,nan,nan,nan,nan,nan,nan,0.00,nan,nan,nan,nan,nan
27-Mar-25 10:51:27 AM AEST,nan,nan,nan,0.00,nan,nan,nan,nan,nan,nan,nan,0.00
27-Mar-25 10:51:30 AM AEST,nan,nan,nan,nan,1.00,0.01,nan,nan,nan,nan,6552.80,nan
27-Mar-25 10:51:33 AM AEST,nan,nan,nan,nan,nan,nan,nan,nan,nan,6552.80,nan,nan
27-Mar-25 10:51:45 AM AEST,nan,nan,nan,nan,nan,nan,nan,nan,6552.80,nan,nan,nan
27-Mar-25 10:52:05 AM AEST,nan,nan,nan,nan,nan,nan,nan,11.23,nan,nan,nan,nan
27-Mar-25 10:53:56 AM AEST,nan,nan,nan,6552.80,nan,nan,nan,nan,nan,nan,nan,1.00
27-Mar-25 10:53:56 AM AEST,nan,nan,nan,0.20,nan,nan,nan,nan,nan,nan,nan,0.00
27-Mar-25 10:54:00 AM AEST,72.2,97.5,84.7,nan,317.80,3.18,125.20,nan,nan,nan,317.80,nan
27-Mar-25 10:54:00 AM AEST,24.0,97.5,23.6,nan,72.20,65.53,125.20,nan,nan,nan,0.00,nan
27-Mar-25 10:54:00 AM AEST,24.0,97.5,341.4,nan,0.60,3.41,125.20,nan,nan,nan,0.00,nan
27-Mar-25 10:54:04 AM AEST,nan,nan,nan,nan,nan,nan,nan,nan,nan,1.40,nan,nan
27-Mar-25 10:54:04 AM AEST,nan,nan,nan,nan,nan,nan,nan,nan,nan,0.00,nan,nan
27-Mar-25 10:54:20 AM AEST,nan,nan,nan,nan,nan,nan,nan,nan,1.40,nan,nan,nan
27-Mar-25 10:54:20 AM AEST,nan,nan,nan,nan,nan,nan,nan,nan,0.00,nan,nan,nan
27-Mar-25 10:54:20 AM AEST,nan,nan,nan,nan,nan,nan,nan,nan,317.80,nan,nan,nan
27-Mar-25 10:54:30 AM AEST,nan,nan,nan,nan,nan,nan,nan,0.00,nan,nan,nan,nan
27-Mar-25 10:56:25 AM AEST,nan,nan,nan,6552.80,nan,nan,nan,nan,nan,nan,nan,1.00
27-Mar-25 10:56:26 AM AEST,nan,0.0,nan,nan,nan,nan,0.00,nan,nan,nan,nan,nan
27-Mar-25 10:56:30 AM AEST,72.2,nan,93.3,nan,nan,nan,nan,nan,nan,nan,14.20,nan
27-Mar-25 10:56:35 AM AEST,nan,nan,nan,nan,nan,nan,nan,nan,nan,84.70,nan,nan
27-Mar-25 10:56:55 AM AEST,nan,nan,nan,nan,nan,nan,nan,11.23,nan,nan,nan,nan
27-Mar-25 10:58:52 AM AEST,nan,97.5,nan,nan,nan,nan,125.20,nan,nan,nan,nan,nan
27-Mar-25 10:59:00 AM AEST,nan,nan,98.2,nan,nan,nan,nan,nan,nan,nan,nan,nan
27-Mar-25 10:59:20 AM AEST,nan,nan,nan,nan,nan,nan,nan,0.00,nan,nan,nan,nan
27-Mar-25 10:59:20 AM AEST,nan,nan,nan,nan,nan,nan,nan,11.23,nan,nan,nan,nan
27-Mar-25 11:00:00 AM AEST,24.0,nan,nan,0.20,72.20,65.53,nan,nan,0.00,0.00,0.00,0.00
27-Mar-25 11:01:18 AM AEST,nan,0.0,nan,nan,nan,nan,0.00,nan,nan,nan,nan,nan
27-Mar-25 11:01:18 AM AEST,nan,97.5,nan,nan,nan,nan,125.20,nan,nan,nan,nan,nan
27-Mar-25 11:01:30 AM AEST,nan,nan,23.6,nan,nan,nan,nan,nan,nan,nan,nan,nan
27-Mar-25 11:01:30 AM AEST,nan,nan,93.3,nan,nan,nan,nan,nan,nan,nan,nan,nan
27-Mar-25 11:01:45 AM AEST,nan,nan,nan,nan,nan,nan,nan,0.00,nan,nan,nan,nan
27-Mar-25 11:02:29 AM AEST,nan,nan,nan,14.80,nan,nan,nan,nan,nan,nan,nan,14.80
27-Mar-25 11:02:30 AM AEST,51.1,nan,nan,nan,0.60,3.41,nan,nan,nan,nan,14.20,nan
27-Mar-25 11:03:44 AM AEST,nan,51.1,nan,nan,nan,nan,51.10,nan,nan,nan,nan,nan
27-Mar-25 11:04:10 AM AEST,nan,nan,nan,nan,nan,nan,nan,1.38,nan,nan,nan,nan
27-Mar-25 11:04:58 AM AEST,nan,nan,nan,6552.80,nan,nan,nan,nan,nan,nan,nan,1.00
27-Mar-25 11:05:00 AM AEST,72.2,nan,nan,nan,nan,nan,nan,nan,nan,nan,nan,nan
27-Mar-25 11:06:00 AM AEST,nan,nan,nan,nan,nan,nan,nan,nan,317.80,84.70,nan,nan
27-Mar-25 11:06:00 AM AEST,nan,nan,nan,nan,nan,nan,nan,nan,0.00,0.00,nan,nan
27-Mar-25 11:06:10 AM AEST,nan,0.0,nan,nan,nan,nan,0.00,nan,nan,nan,nan,nan
27-Mar-25 11:06:10 AM AEST,nan,97.5,nan,nan,nan,nan,125.20,nan,nan,nan,nan,nan
27-Mar-25 11:06:35 AM AEST,nan,nan,nan,nan,nan,nan,nan,11.23,nan,nan,nan,nan
27-Mar-25 11:06:35 AM AEST,nan,nan,nan,nan,nan,nan,nan,0.00,nan,nan,nan,nan
27-Mar-25 11:07:27 AM AEST,nan,nan,nan,0.20,nan,nan,nan,nan,nan,nan,nan,0.00
27-Mar-25 11:07:30 AM AEST,24.0,nan,nan,nan,nan,nan,nan,nan,nan,nan,nan,nan
27-Mar-25 11:08:00 AM AEST,nan,nan,23.6,nan,72.20,65.53,nan,nan,nan,nan,0.00,nan
27-Mar-25 11:08:00 AM AEST,nan,nan,93.3,nan,0.60,3.41,nan,nan,nan,nan,14.20,nan
27-Mar-25 11:08:31 AM AEST,nan,nan,nan,nan,nan,nan,nan,nan,nan,84.70,nan,nan
27-Mar-25 11:08:36 AM AEST,nan,13.8,nan,nan,nan,nan,13.80,nan,nan,nan,nan,nan
27-Mar-25 11:09:56 AM AEST,nan,nan,nan,51.10,nan,nan,nan,nan,nan,nan,nan,51.10
27-Mar-25 11:10:00 AM AEST,51.1,nan,nan,nan,nan,nan,nan,nan,nan,nan,nan,nan
27-Mar-25 11:11:02 AM AEST,nan,0.0,nan,nan,nan,nan,0.00,nan,nan,nan,nan,nan
27-Mar-25 11:12:00 AM AEST,nan,nan,nan,nan,nan,nan,nan,11.23,317.80,nan,nan,nan
27-Mar-25 11:12:25 AM AEST,nan,nan,nan,6552.80,nan,nan,nan,nan,nan,nan,nan,1.00
27-Mar-25 11:12:30 AM AEST,72.2,nan,nan,nan,nan,nan,nan,nan,nan,nan,nan,nan
27-Mar-25 11:14:00 AM AEST,nan,nan,341.4,nan,nan,0.01,nan,nan,nan,nan,nan,nan
27-Mar-25 11:16:30 AM AEST,nan,nan,93.3,nan,nan,3.41,nan,nan,nan,nan,nan,nan
27-Mar-25 11:18:00 AM AEST,nan,nan,nan,nan,nan,nan,nan,0.00,nan,nan,nan,nan
27-Mar-25 11:18:00 AM AEST,nan,nan,nan,nan,nan,nan,nan,11.23,nan,nan,nan,nan
27-Mar-25 11:19:00 AM AEST,nan,nan,98.2,nan,nan,nan,nan,nan,nan,nan,nan,nan
27-Mar-25 11:20:25 AM AEST,nan,nan,nan,nan,nan,nan,nan,0.00,nan,nan,nan,nan
27-Mar-25 11:21:30 AM AEST,nan,nan,93.3,nan,nan,nan,nan,nan,nan,nan,nan,nan
27-Mar-25 11:22:00 AM AEST,nan,nan,nan,nan,nan,nan,125.20,nan,nan,nan,nan,nan
27-Mar-25 11:24:00 AM AEST,24.0,97.5,nan,0.20,nan,nan,nan,nan,0.00,nan,nan,0.00
27-Mar-25 11:24:00 AM AEST,24.0,97.5,nan,0.20,nan,nan,nan,nan,317.80,nan,nan,0.00
27-Mar-25 11:26:00 AM AEST,nan,nan,84.7,nan,317.80,3.18,0.00,nan,nan,1.40,317.80,nan
27-Mar-25 11:26:26 AM AEST,nan,0.0,nan,nan,nan,nan,nan,nan,nan,nan,nan,nan
27-Mar-25 11:26:29 AM AEST,nan,nan,nan,6552.80,nan,nan,nan,nan,nan,nan,nan,1.00
27-Mar-25 11:26:30 AM AEST,72.2,nan,nan,nan,nan,nan,nan,nan,nan,nan,nan,nan
27-Mar-25 11:26:35 AM AEST,nan,nan,nan,nan,nan,nan,nan,nan,1.40,nan,nan,nan
27-Mar-25 11:28:00 AM AEST,nan,nan,nan,nan,nan,nan,nan,11.23,nan,nan,nan,nan
27-Mar-25 11:28:30 AM AEST,nan,nan,93.3,nan,0.60,3.41,nan,nan,nan,nan,14.20,nan
27-Mar-25 11:28:31 AM AEST,nan,nan,nan,nan,nan,nan,nan,nan,nan,84.70,nan,nan
27-Mar-25 11:29:10 AM AEST,nan,nan,nan,nan,nan,nan,nan,nan,317.80,nan,nan,nan
27-Mar-25 11:30:25 AM AEST,nan,nan,nan,nan,nan,nan,nan,0.00,nan,nan,nan,nan
27-Mar-25 11:32:00 AM AEST,24.0,97.5,341.4,0.20,nan,0.01,125.20,nan,nan,nan,nan,0.00
27-Mar-25 11:32:00 AM AEST,72.2,0.0,341.4,6552.80,nan,0.01,0.00,nan,nan,nan,nan,1.00
27-Mar-25 11:32:50 AM AEST,nan,nan,nan,nan,nan,nan,nan,11.23,nan,nan,nan,nan
27-Mar-25 11:34:00 AM AEST,nan,nan,nan,nan,8.30,nan,nan,nan,23.60,23.60,23.60,nan
27-Mar-25 11:34:29 AM AEST,nan,nan,nan,nan,nan,nan,nan,nan,nan,nan,nan,6552.80
27-Mar-25 11:34:30 AM AEST,nan,nan,0.9,nan,nan,0.08,nan,nan,nan,nan,nan,nan
27-Mar-25 11:35:15 AM AEST,nan,nan,nan,nan,nan,nan,nan,0.00,nan,nan,nan,nan
27-Mar-25 11:36:00 AM AEST,24.0,97.5,nan,0.20,nan,nan,125.20,nan,nan,nan,nan,nan
27-Mar-25 11:36:30 AM AEST,nan,nan,nan,nan,72.20,nan,nan,nan,nan,nan,0.00,nan
27-Mar-25 11:36:30 AM AEST,nan,nan,nan,nan,0.60,nan,nan,nan,nan,nan,14.20,nan
27-Mar-25 11:36:31 AM AEST,nan,nan,nan,nan,nan,nan,nan,nan,nan,0.00,nan,nan
27-Mar-25 11:36:31 AM AEST,nan,nan,nan,nan,nan,nan,nan,nan,nan,84.70,nan,nan
27-Mar-25 11:36:35 AM AEST,nan,nan,nan,nan,nan,nan,nan,nan,0.00,nan,nan,nan
27-Mar-25 11:36:35 AM AEST,nan,nan,nan,nan,nan,nan,nan,nan,317.80,nan,nan,nan
27-Mar-25 11:36:58 AM AEST,nan,nan,nan,nan,nan,nan,nan,nan,nan,nan,nan,0.00
27-Mar-25 11:37:00 AM AEST,nan,nan,23.6,nan,nan,65.53,nan,nan,nan,nan,nan,nan
27-Mar-25 11:37:00 AM AEST,nan,nan,93.3,nan,nan,3.41,nan,nan,nan,nan,nan,nan
27-Mar-25 11:38:29 AM AEST,nan,nan,nan,6552.80,nan,nan,nan,nan,nan,nan,nan,nan
27-Mar-25 11:38:30 AM AEST,72.2,nan,nan,nan,nan,nan,nan,nan,nan,nan,nan,nan
27-Mar-25 11:39:27 AM AEST,nan,nan,nan,nan,nan,nan,nan,nan,nan,nan,nan,1.00
27-Mar-25 11:40:00 AM AEST,nan,0.0,nan,nan,nan,nan,0.00,nan,nan,nan,nan,nan
27-Mar-25 11:41:56 AM AEST,nan,nan,nan,nan,nan,nan,nan,nan,nan,nan,nan,0.00
27-Mar-25 11:42:00 AM AEST,0.0,nan,nan,0.00,nan,nan,nan,nan,nan,nan,nan,nan
27-Mar-25 11:42:26 AM AEST,nan,0.2,nan,nan,nan,nan,0.20,nan,nan,nan,nan,nan
27-Mar-25 11:44:00 AM AEST,nan,nan,23.6,nan,1.00,0.24,nan,2.40,nan,nan,nan,nan
27-Mar-25 11:44:25 AM AEST,nan,nan,nan,nan,nan,nan,nan,nan,nan,nan,nan,72.20
27-Mar-25 11:44:52 AM AEST,nan,0.0,nan,nan,nan,nan,0.00,nan,nan,nan,nan,nan
27-Mar-25 11:46:00 AM AEST,nan,nan,nan,nan,nan,nan,nan,nan,6552.80,1.00,1.00,nan
27-Mar-25 11:46:25 AM AEST,nan,nan,nan,nan,nan,nan,nan,11.23,nan,nan,nan,nan
27-Mar-25 11:46:30 AM AEST,nan,nan,93.3,nan,0.60,3.41,nan,nan,nan,nan,nan,nan
27-Mar-25 11:46:54 AM AEST,nan,nan,nan,nan,nan,nan,nan,nan,nan,nan,nan,1.00
27-Mar-25 11:48:00 AM AEST,72.2,nan,nan,6552.80,nan,nan,nan,nan,nan,nan,nan,nan
27-Mar-25 11:48:30 AM AEST,nan,nan,nan,nan,nan,nan,nan,nan,nan,nan,14.20,nan
27-Mar-25 11:48:31 AM AEST,nan,nan,nan,nan,nan,nan,nan,nan,nan,84.70,nan,nan
27-Mar-25 11:48:35 AM AEST,nan,nan,nan,nan,nan,nan,nan,nan,317.80,nan,nan,nan
27-Mar-25 11:50:00 AM AEST,nan,97.5,23.6,nan,72.20,65.53,125.20,0.00,nan,nan,nan,0.00
27-Mar-25 11:50:29 AM AEST,nan,nan,nan,0.20,nan,nan,nan,nan,nan,nan,nan,nan
27-Mar-25 11:50:30 AM AEST,24.0,nan,nan,nan,nan,nan,nan,nan,nan,nan,nan,nan
27-Mar-25 11:51:00 AM AEST,nan,nan,nan,nan,nan,nan,nan,nan,nan,nan,0.00,nan
27-Mar-25 11:51:02 AM AEST,nan,nan,nan,nan,nan,nan,nan,nan,nan,0.00,nan,nan
27-Mar-25 11:51:10 AM AEST,nan,nan,nan,nan,nan,nan,nan,nan,0.00,nan,nan,nan
27-Mar-25 11:52:30 AM AEST,nan,nan,93.3,nan,0.60,3.41,nan,nan,nan,nan,nan,nan
27-Mar-25 11:52:30 AM AEST,nan,nan,317.8,nan,1.40,3.18,nan,nan,nan,nan,nan,nan
27-Mar-25 11:52:58 AM AEST,nan,nan,nan,6552.80,nan,nan,nan,nan,nan,nan,nan,nan
27-Mar-25 11:53:00 AM AEST,72.2,nan,nan,nan,nan,nan,nan,nan,nan,nan,nan,nan
27-Mar-25 11:53:30 AM AEST,nan,nan,nan,nan,nan,nan,nan,nan,nan,nan,14.20,nan
27-Mar-25 11:53:30 AM AEST,nan,nan,nan,nan,nan,nan,nan,nan,nan,nan,1.40,nan
27-Mar-25 11:53:33 AM AEST,nan,nan,nan,nan,nan,nan,nan,nan,nan,84.70,nan,nan
27-Mar-25 11:53:33 AM AEST,nan,nan,nan,nan,nan,nan,nan,nan,nan,1.40,nan,nan
27-Mar-25 11:53:45 AM AEST,nan,nan,nan,nan,nan,nan,nan,nan,317.80,nan,nan,nan
27-Mar-25 11:53:45 AM AEST,nan,nan,nan,nan,nan,nan,nan,nan,0.90,nan,nan,nan
27-Mar-25 11:53:45 AM AEST,nan,nan,nan,nan,nan,nan,nan,nan,0.00,nan,nan,nan
27-Mar-25 11:54:00 AM AEST,nan,0.0,nan,nan,nan,nan,0.00,11.23,nan,nan,nan,1.00
27-Mar-25 11:54:00 AM AEST,nan,97.5,nan,nan,nan,nan,125.20,0.00,nan,nan,nan,0.00
27-Mar-25 11:55:00 AM AEST,nan,nan,23.6,nan,72.20,65.53,nan,nan,nan,nan,nan,nan
27-Mar-25 11:55:00 AM AEST,nan,nan,341.4,nan,0.60,3.41,nan,nan,nan,nan,nan,nan
27-Mar-25 11:55:27 AM AEST,nan,nan,nan,0.20,nan,nan,nan,nan,nan,nan,nan,nan
27-Mar-25 11:55:27 AM AEST,nan,nan,nan,6552.80,nan,nan,nan,nan,nan,nan,nan,nan
27-Mar-25 11:55:30 AM AEST,24.0,nan,nan,nan,nan,nan,nan,nan,nan,nan,nan,nan
27-Mar-25 11:55:30 AM AEST,72.2,nan,nan,nan,nan,nan,nan,nan,nan,nan,nan,nan
27-Mar-25 11:56:00 AM AEST,nan,nan,nan,nan,nan,nan,nan,nan,nan,nan,0.00,nan
27-Mar-25 11:56:00 AM AEST,nan,nan,nan,nan,nan,nan,nan,nan,nan,nan,14.20,nan
27-Mar-25 11:56:04 AM AEST,nan,nan,nan,nan,nan,nan,nan,nan,nan,0.00,nan,nan
27-Mar-25 11:56:04 AM AEST,nan,nan,nan,nan,nan,nan,nan,nan,nan,84.70,nan,nan
27-Mar-25 11:56:20 AM AEST,nan,nan,nan,nan,nan,nan,nan,nan,317.80,nan,nan,nan
27-Mar-25 11:56:25 AM AEST,nan,nan,nan,nan,nan,nan,nan,11.23,nan,nan,nan,nan
27-Mar-25 11:56:26 AM AEST,nan,0.0,nan,nan,nan,nan,0.00,nan,nan,nan,nan,nan
27-Mar-25 11:56:29 AM AEST,nan,nan,nan,nan,nan,nan,nan,nan,nan,nan,nan,1.00
27-Mar-25 11:57:30 AM AEST,nan,nan,93.3,nan,nan,nan,nan,nan,nan,nan,nan,nan
27-Mar-25 11:58:50 AM AEST,nan,nan,nan,nan,nan,nan,nan,0.00,nan,nan,nan,nan
27-Mar-25 12:01:15 PM AEST,nan,nan,nan,nan,nan,nan,nan,11.23,nan,nan,nan,nan
27-Mar-25 12:03:40 PM AEST,nan,nan,nan,nan,nan,nan,nan,0.00,nan,nan,nan,nan
27-Mar-25 12:04:00 PM AEST,24.0,97.5,nan,nan,nan,nan,125.20,nan,nan,nan,nan,nan
27-Mar-25 12:06:00 PM AEST,nan,nan,nan,14.80,nan,nan,nan,nan,0.00,nan,nan,14.80
27-Mar-25 12:06:05 PM AEST,nan,nan,nan,nan,nan,nan,nan,1.38,nan,nan,nan,nan
27-Mar-25 12:06:26 PM AEST,nan,51.1,nan,nan,nan,nan,51.10,nan,nan,nan,nan,nan
27-Mar-25 12:06:30 PM AEST,51.1,nan,nan,nan,nan,nan,nan,nan,nan,nan,nan,nan
27-Mar-25 12:08:29 PM AEST,nan,nan,nan,6552.80,nan,nan,nan,nan,nan,nan,nan,1.00
27-Mar-25 12:08:30 PM AEST,nan,nan,nan,nan,nan,nan,nan,11.23,nan,nan,nan,nan
27-Mar-25 12:08:35 PM AEST,nan,nan,nan,nan,nan,nan,nan,nan,317.80,nan,nan,nan
27-Mar-25 12:08:52 PM AEST,nan,0.0,nan,nan,nan,nan,0.00,nan,nan,nan,nan,nan
27-Mar-25 12:09:00 PM AEST,72.2,nan,nan,nan,nan,nan,nan,nan,nan,nan,nan,nan
27-Mar-25 12:10:00 PM AEST,nan,nan,341.4,nan,nan,0.01,nan,nan,nan,nan,nan,nan
27-Mar-25 12:12:30 PM AEST,nan,nan,93.3,nan,nan,3.41,nan,nan,nan,nan,nan,nan
27-Mar-25 12:14:00 PM AEST,nan,nan,nan,nan,nan,nan,125.20,0.00,nan,nan,nan,nan
27-Mar-25 12:16:25 PM AEST,nan,nan,nan,nan,nan,nan,nan,11.23,nan,nan,nan,nan
27-Mar-25 12:16:26 PM AEST,nan,nan,nan,nan,nan,nan,0.00,nan,nan,nan,nan,nan
27-Mar-25 12:16:26 PM AEST,nan,nan,nan,nan,nan,nan,125.20,nan,nan,nan,nan,nan
27-Mar-25 12:18:00 PM AEST,24.0,97.5,23.6,0.20,72.20,65.53,nan,nan,0.00,0.00,0.00,0.00
27-Mar-25 12:18:00 PM AEST,72.2,0.0,341.4,6552.80,0.60,3.41,nan,nan,317.80,84.70,14.20,1.00
27-Mar-25 12:18:50 PM AEST,nan,nan,nan,nan,nan,nan,nan,0.00,nan,nan,nan,nan
27-Mar-25 12:18:50 PM AEST,nan,nan,nan,nan,nan,nan,nan,11.23,nan,nan,nan,nan
27-Mar-25 12:18:52 PM AEST,nan,nan,nan,nan,nan,nan,0.00,nan,nan,nan,nan,nan
27-Mar-25 12:20:30 PM AEST,nan,nan,1.4,nan,0.90,0.01,nan,nan,nan,nan,0.90,nan
27-Mar-25 12:20:31 PM AEST,nan,nan,nan,nan,nan,nan,nan,nan,nan,8.30,nan,nan
27-Mar-25 12:20:35 PM AEST,nan,nan,nan,nan,nan,nan,nan,nan,8.30,nan,nan,nan
27-Mar-25 12:23:00 PM AEST,nan,nan,93.3,nan,0.60,3.41,nan,nan,nan,nan,14.20,nan
27-Mar-25 12:23:02 PM AEST,nan,nan,nan,nan,nan,nan,nan,nan,nan,84.70,nan,nan
27-Mar-25 12:23:10 PM AEST,nan,nan,nan,nan,nan,nan,nan,nan,317.80,nan,nan,nan
27-Mar-25 12:24:00 PM AEST,0.2,0.2,nan,0.20,nan,nan,24.00,2.40,nan,nan,nan,0.00
27-Mar-25 12:25:30 PM AEST,nan,nan,23.6,nan,72.20,65.53,nan,nan,nan,nan,0.00,nan
27-Mar-25 12:25:33 PM AEST,nan,nan,nan,nan,nan,nan,nan,nan,nan,0.00,nan,nan
27-Mar-25 12:25:45 PM AEST,nan,nan,nan,nan,nan,nan,nan,nan,0.00,nan,nan,nan
27-Mar-25 12:26:25 PM AEST,nan,nan,nan,nan,nan,nan,nan,0.00,nan,nan,nan,nan
27-Mar-25 12:26:26 PM AEST,nan,97.5,nan,nan,nan,nan,125.20,nan,nan,nan,nan,nan
27-Mar-25 12:26:30 PM AEST,24.0,nan,nan,nan,nan,nan,nan,nan,nan,nan,nan,nan
27-Mar-25 12:28:00 PM AEST,nan,nan,93.3,nan,0.60,3.41,nan,nan,nan,nan,14.20,nan
27-Mar-25 12:28:00 PM AEST,nan,nan,0.9,nan,8.30,0.08,nan,nan,nan,nan,23.60,nan
27-Mar-25 12:28:04 PM AEST,nan,nan,nan,nan,nan,nan,nan,nan,nan,23.60,nan,nan
27-Mar-25 12:28:20 PM AEST,nan,nan,nan,nan,nan,nan,nan,nan,23.60,nan,nan,nan
27-Mar-25 12:28:50 PM AEST,nan,nan,nan,nan,nan,nan,nan,11.23,nan,nan,nan,nan
27-Mar-25 12:28:52 PM AEST,nan,0.0,nan,nan,nan,nan,0.00,nan,nan,nan,nan,nan
27-Mar-25 12:29:00 PM AEST,72.2,nan,nan,nan,nan,nan,nan,nan,nan,nan,nan,nan
27-Mar-25 12:30:00 PM AEST,nan,nan,nan,6552.80,nan,nan,nan,nan,nan,nan,nan,6552.80
27-Mar-25 12:30:00 PM AEST,nan,nan,nan,0.20,nan,nan,nan,nan,nan,nan,nan,0.00
27-Mar-25 12:30:30 PM AEST,nan,nan,23.6,nan,72.20,65.53,nan,nan,nan,nan,0.00,nan
27-Mar-25 12:30:30 PM AEST,nan,nan,341.4,nan,0.60,3.41,nan,nan,nan,nan,14.20,nan
27-Mar-25 12:30:35 PM AEST,nan,nan,nan,nan,nan,nan,nan,nan,nan,0.00,nan,nan
27-Mar-25 12:30:35 PM AEST,nan,nan,nan,nan,nan,nan,nan,nan,nan,84.70,nan,nan
27-Mar-25 12:30:55 PM AEST,nan,nan,nan,nan,nan,nan,nan,nan,0.00,nan,nan,nan
27-Mar-25 12:30:55 PM AEST,nan,nan,nan,nan,nan,nan,nan,nan,317.80,nan,nan,nan
27-Mar-25 12:31:15 PM AEST,nan,nan,nan,nan,nan,nan,nan,0.00,nan,nan,nan,nan
27-Mar-25 12:31:15 PM AEST,nan,nan,nan,nan,nan,nan,nan,11.23,nan,nan,nan,nan
27-Mar-25 12:31:18 PM AEST,nan,97.5,nan,nan,nan,nan,125.20,nan,nan,nan,nan,nan
27-Mar-25 12:31:18 PM AEST,nan,0.0,nan,nan,nan,nan,0.00,nan,nan,nan,nan,nan
27-Mar-25 12:31:30 PM AEST,24.0,nan,nan,nan,nan,nan,nan,nan,nan,nan,nan,nan
27-Mar-25 12:31:30 PM AEST,72.2,nan,nan,nan,nan,nan,nan,nan,nan,nan,nan,nan
27-Mar-25 12:32:29 PM AEST,nan,nan,nan,6552.80,nan,nan,nan,nan,nan,nan,nan,1.00
27-Mar-25 12:33:00 PM AEST,nan,nan,93.3,nan,nan,nan,nan,nan,nan,nan,nan,nan
27-Mar-25 12:33:40 PM AEST,nan,nan,nan,nan,nan,nan,nan,0.00,nan,nan,nan,nan
27-Mar-25 12:33:44 PM AEST,nan,97.5,nan,nan,nan,nan,125.20,nan,nan,nan,nan,nan
27-Mar-25 12:34:00 PM AEST,24.0,nan,nan,nan,nan,nan,nan,nan,nan,nan,nan,nan
27-Mar-25 12:36:05 PM AEST,nan,nan,nan,nan,nan,nan,nan,11.23,nan,nan,nan,nan
27-Mar-25 12:36:10 PM AEST,nan,0.0,nan,nan,nan,nan,0.00,nan,nan,nan,nan,nan
27-Mar-25 12:36:30 PM AEST,72.2,nan,nan,nan,nan,nan,nan,nan,nan,nan,nan,nan
27-Mar-25 12:42:00 PM AEST,0.2,0.2,nan,0.20,nan,nan,24.00,2.40,nan,nan,nan,0.00
27-Mar-25 12:44:00 PM AEST,nan,nan,23.6,nan,72.20,65.53,nan,nan,0.00,0.00,0.00,nan
27-Mar-25 12:44:00 PM AEST,nan,nan,93.3,nan,0.60,3.41,nan,nan,317.80,84.70,14.20,nan
27-Mar-25 12:44:25 PM AEST,nan,nan,nan,nan,nan,nan,nan,0.00,nan,nan,nan,nan
27-Mar-25 12:44:26 PM AEST,nan,97.5,nan,nan,nan,nan,125.20,nan,nan,nan,nan,nan
27-Mar-25 12:44:26 PM AEST,nan,0.2,nan,nan,nan,nan,24.00,nan,nan,nan,nan,nan
27-Mar-25 12:44:30 PM AEST,24.0,nan,nan,nan,nan,nan,nan,nan,nan,nan,nan,nan
27-Mar-25 12:44:30 PM AEST,0.2,nan,nan,nan,nan,nan,nan,nan,nan,nan,nan,nan
27-Mar-25 12:46:30 PM AEST,nan,nan,23.6,nan,72.20,65.53,nan,nan,nan,nan,0.00,nan
27-Mar-25 12:46:31 PM AEST,nan,nan,nan,nan,nan,nan,nan,nan,nan,0.00,nan,nan
27-Mar-25 12:46:35 PM AEST,nan,nan,nan,nan,nan,nan,nan,nan,0.00,nan,nan,nan
27-Mar-25 12:46:50 PM AEST,nan,nan,nan,nan,nan,nan,nan,2.40,nan,nan,nan,nan
27-Mar-25 12:46:50 PM AEST,nan,nan,nan,nan,nan,nan,nan,0.00,nan,nan,nan,nan
27-Mar-25 12:46:52 PM AEST,nan,97.5,nan,nan,nan,nan,125.20,nan,nan,nan,nan,nan
27-Mar-25 12:47:00 PM AEST,24.0,nan,nan,nan,nan,nan,nan,nan,nan,nan,nan,nan
27-Mar-25 12:47:00 PM AEST,112.3,nan,nan,nan,nan,nan,nan,nan,nan,nan,nan,nan
27-Mar-25 12:48:00 PM AEST,nan,nan,nan,112.30,nan,nan,nan,nan,nan,nan,nan,112.30
27-Mar-25 12:49:00 PM AEST,nan,nan,1.4,nan,0.90,0.01,nan,nan,nan,nan,0.90,nan
27-Mar-25 12:49:02 PM AEST,nan,nan,nan,nan,nan,nan,nan,nan,nan,8.30,nan,nan
27-Mar-25 12:49:10 PM AEST,nan,nan,nan,nan,nan,nan,nan,nan,8.30,nan,nan,nan
27-Mar-25 12:49:15 PM AEST,nan,nan,nan,nan,nan,nan,nan,5.11,nan,nan,nan,nan
27-Mar-25 12:49:18 PM AEST,nan,14.8,nan,nan,nan,nan,14.80,nan,nan,nan,nan,nan
27-Mar-25 12:49:30 PM AEST,72.2,nan,nan,nan,nan,nan,nan,nan,nan,nan,nan,nan
27-Mar-25 12:50:29 PM AEST,nan,nan,nan,6552.80,nan,nan,nan,nan,nan,nan,nan,1.00
27-Mar-25 12:51:30 PM AEST,nan,nan,341.4,nan,0.60,3.41,nan,nan,nan,nan,14.20,nan
27-Mar-25 12:51:33 PM AEST,nan,nan,nan,nan,nan,nan,nan,nan,nan,84.70,nan,nan
27-Mar-25 12:51:40 PM AEST,nan,nan,nan,nan,nan,nan,nan,11.23,nan,nan,nan,nan
27-Mar-25 12:51:44 PM AEST,nan,0.0,nan,nan,nan,nan,0.00,nan,nan,nan,nan,nan
27-Mar-25 12:51:45 PM AEST,nan,nan,nan,nan,nan,nan,nan,nan,317.80,nan,nan,nan
27-Mar-25 12:52:58 PM AEST,nan,nan,nan,0.20,nan,nan,nan,nan,nan,nan,nan,0.00
27-Mar-25 12:54:00 PM AEST,24.0,nan,23.6,nan,72.20,65.53,nan,nan,nan,nan,0.00,nan
27-Mar-25 12:54:00 PM AEST,24.0,nan,98.2,nan,0.60,3.41,nan,nan,nan,nan,14.20,nan
27-Mar-25 12:54:04 PM AEST,nan,nan,nan,nan,nan,nan,nan,nan,nan,0.00,nan,nan
27-Mar-25 12:54:04 PM AEST,nan,nan,nan,nan,nan,nan,nan,nan,nan,84.70,nan,nan
27-Mar-25 12:54:05 PM AEST,nan,nan,nan,nan,nan,nan,nan,0.00,nan,nan,nan,nan
27-Mar-25 12:54:10 PM AEST,nan,97.5,nan,nan,nan,nan,125.20,nan,nan,nan,nan,nan
27-Mar-25 12:54:10 PM AEST,nan,0.0,nan,nan,nan,nan,0.00,nan,nan,nan,nan,nan
27-Mar-25 12:54:20 PM AEST,nan,nan,nan,nan,nan,nan,nan,nan,0.00,nan,nan,nan
27-Mar-25 12:54:20 PM AEST,nan,nan,nan,nan,nan,nan,nan,nan,317.80,nan,nan,nan
27-Mar-25 12:55:27 PM AEST,nan,nan,nan,6552.80,nan,nan,nan,nan,nan,nan,nan,1.00
27-Mar-25 12:56:30 PM AEST,72.2,nan,93.3,nan,nan,nan,nan,11.23,nan,nan,nan,nan
27-Mar-25 12:58:00 PM AEST,nan,97.5,nan,nan,nan,nan,125.20,nan,nan,nan,nan,nan
27-Mar-25 12:58:55 PM AEST,nan,nan,nan,nan,nan,nan,nan,0.00,nan,nan,nan,nan
27-Mar-25 12:58:55 PM AEST,nan,nan,nan,nan,nan,nan,nan,11.23,nan,nan,nan,nan
27-Mar-25 12:59:00 PM AEST,24.0,nan,341.4,nan,nan,nan,nan,nan,nan,nan,nan,nan
27-Mar-25 12:59:00 PM AEST,72.2,nan,341.4,nan,nan,nan,nan,nan,nan,nan,nan,nan
27-Mar-25 1:00:26 PM AEST,nan,0.0,nan,nan,nan,nan,0.00,nan,nan,nan,nan,nan
27-Mar-25 1:01:20 PM AEST,nan,nan,nan,nan,nan,nan,nan,0.00,nan,nan,nan,nan
27-Mar-25 1:01:30 PM AEST,24.0,nan,93.3,nan,nan,nan,nan,nan,nan,nan,nan,nan
27-Mar-25 1:01:30 PM AEST,112.3,nan,23.6,nan,nan,nan,nan,nan,nan,nan,nan,nan
27-Mar-25 1:02:00 PM AEST,nan,nan,nan,0.20,72.20,65.53,nan,nan,0.00,0.00,0.00,0.00
27-Mar-25 1:02:00 PM AEST,nan,nan,nan,0.00,72.20,65.53,nan,nan,0.00,0.00,0.00,0.00
27-Mar-25 1:02:52 PM AEST,nan,97.5,nan,nan,nan,nan,125.20,nan,nan,nan,nan,nan
27-Mar-25 1:02:52 PM AEST,nan,112.3,nan,nan,nan,nan,112.30,nan,nan,nan,nan,nan
27-Mar-25 1:03:45 PM AEST,nan,nan,nan,nan,nan,nan,nan,1.48,nan,nan,nan,nan
27-Mar-25 1:04:00 PM AEST,nan,nan,93.3,nan,nan,nan,nan,nan,nan,nan,nan,nan
27-Mar-25 1:04:29 PM AEST,nan,nan,nan,6552.80,nan,nan,nan,nan,nan,nan,nan,1.00
27-Mar-25 1:04:30 PM AEST,nan,nan,nan,nan,0.60,3.41,nan,nan,nan,nan,14.20,nan
27-Mar-25 1:04:31 PM AEST,nan,nan,nan,nan,nan,nan,nan,nan,nan,84.70,nan,nan
27-Mar-25 1:04:35 PM AEST,nan,nan,nan,nan,nan,nan,nan,nan,317.80,nan,nan,nan
27-Mar-25 1:05:18 PM AEST,nan,0.0,nan,nan,nan,nan,0.00,nan,nan,nan,nan,nan
27-Mar-25 1:06:00 PM AEST,72.2,nan,nan,nan,nan,nan,nan,nan,nan,nan,nan,nan
27-Mar-25 1:06:10 PM AEST,nan,nan,nan,nan,nan,nan,nan,11.23,nan,nan,nan,nan
27-Mar-25 1:10:00 PM AEST,24.0,97.5,nan,nan,nan,nan,125.20,12.52,nan,nan,nan,nan
27-Mar-25 1:12:25 PM AEST,nan,nan,nan,nan,nan,nan,nan,11.23,nan,nan,nan,nan
27-Mar-25 1:12:26 PM AEST,nan,0.0,nan,nan,nan,nan,0.00,nan,nan,nan,nan,nan
27-Mar-25 1:12:30 PM AEST,72.2,nan,nan,nan,nan,nan,nan,nan,nan,nan,nan,nan
27-Mar-25 1:14:00 PM AEST,nan,nan,23.6,0.20,72.20,65.53,nan,nan,0.00,0.00,0.00,0.00
27-Mar-25 1:14:50 PM AEST,nan,nan,nan,nan,nan,nan,nan,0.00,nan,nan,nan,nan
27-Mar-25 1:14:52 PM AEST,nan,97.5,nan,nan,nan,nan,125.20,nan,nan,nan,nan,nan
27-Mar-25 1:15:00 PM AEST,24.0,nan,nan,nan,nan,nan,nan,nan,nan,nan,nan,nan
27-Mar-25 1:15:00 PM AEST,72.2,nan,nan,nan,nan,nan,nan,nan,nan,nan,nan,nan
27-Mar-25 1:16:29 PM AEST,nan,nan,nan,6552.80,nan,nan,nan,nan,nan,nan,nan,1.00
27-Mar-25 1:16:29 PM AEST,nan,nan,nan,0.20,nan,nan,nan,nan,nan,nan,nan,0.00
27-Mar-25 1:16:30 PM AEST,nan,nan,93.3,nan,0.60,3.41,nan,nan,nan,nan,14.20,nan
27-Mar-25 1:16:30 PM AEST,nan,nan,23.6,nan,72.20,65.53,nan,nan,nan,nan,0.00,nan
27-Mar-25 1:16:31 PM AEST,nan,nan,nan,nan,nan,nan,nan,nan,nan,84.70,nan,nan
27-Mar-25 1:16:31 PM AEST,nan,nan,nan,nan,nan,nan,nan,nan,nan,0.00,nan,nan
27-Mar-25 1:16:35 PM AEST,nan,nan,nan,nan,nan,nan,nan,nan,317.80,nan,nan,nan
27-Mar-25 1:16:35 PM AEST,nan,nan,nan,nan,nan,nan,nan,nan,0.00,nan,nan,nan
27-Mar-25 1:17:15 PM AEST,nan,nan,nan,nan,nan,nan,nan,11.23,nan,nan,nan,nan
27-Mar-25 1:17:15 PM AEST,nan,nan,nan,nan,nan,nan,nan,0.00,nan,nan,nan,nan
27-Mar-25 1:17:18 PM AEST,nan,0.0,nan,nan,nan,nan,0.00,nan,nan,nan,nan,nan
27-Mar-25 1:17:18 PM AEST,nan,97.5,nan,nan,nan,nan,125.20,nan,nan,nan,nan,nan
27-Mar-25 1:17:30 PM AEST,24.0,nan,nan,nan,nan,nan,nan,nan,nan,nan,nan,nan
27-Mar-25 1:19:00 PM AEST,nan,nan,93.3,nan,0.60,3.41,nan,nan,nan,nan,14.20,nan
27-Mar-25 1:19:02 PM AEST,nan,nan,nan,nan,nan,nan,nan,nan,nan,84.70,nan,nan
27-Mar-25 1:19:10 PM AEST,nan,nan,nan,nan,nan,nan,nan,nan,317.80,nan,nan,nan
27-Mar-25 1:19:40 PM AEST,nan,nan,nan,nan,nan,nan,nan,12.52,nan,nan,nan,nan
27-Mar-25 1:19:44 PM AEST,nan,nan,nan,nan,nan,nan,97.50,nan,nan,nan,nan,nan
27-Mar-25 1:20:00 PM AEST,14.8,nan,nan,nan,nan,nan,nan,nan,nan,nan,nan,nan
27-Mar-25 1:21:30 PM AEST,nan,nan,nan,nan,72.20,65.53,nan,nan,nan,nan,0.00,nan
27-Mar-25 1:21:33 PM AEST,nan,nan,nan,nan,nan,nan,nan,nan,nan,0.00,nan,nan
27-Mar-25 1:21:45 PM AEST,nan,nan,nan,nan,nan,nan,nan,nan,0.00,nan,nan,nan
27-Mar-25 1:22:00 PM AEST,nan,14.8,nan,14.80,nan,nan,nan,nan,nan,nan,nan,112.30
27-Mar-25 1:22:00 PM AEST,nan,0.2,nan,0.00,nan,nan,nan,nan,nan,nan,nan,0.00
27-Mar-25 1:22:05 PM AEST,nan,nan,nan,nan,nan,nan,nan,5.11,nan,nan,nan,nan
27-Mar-25 1:22:05 PM AEST,nan,nan,nan,nan,nan,nan,nan,2.40,nan,nan,nan,nan
27-Mar-25 1:22:10 PM AEST,nan,nan,nan,nan,nan,nan,51.10,nan,nan,nan,nan,nan
27-Mar-25 1:22:10 PM AEST,nan,nan,nan,nan,nan,nan,0.20,nan,nan,nan,nan,nan
27-Mar-25 1:22:30 PM AEST,0.0,nan,nan,nan,nan,nan,nan,nan,nan,nan,nan,nan
27-Mar-25 1:24:00 PM AEST,nan,nan,23.6,nan,nan,nan,nan,nan,nan,nan,nan,nan
27-Mar-25 1:24:26 PM AEST,nan,14.8,nan,nan,nan,nan,nan,nan,nan,nan,nan,nan
27-Mar-25 1:24:29 PM AEST,nan,nan,nan,112.30,nan,nan,nan,nan,nan,nan,nan,112.30
27-Mar-25 1:24:30 PM AEST,nan,nan,nan,nan,nan,nan,nan,5.11,nan,nan,nan,nan
27-Mar-25 1:24:36 PM AEST,nan,nan,nan,nan,nan,nan,14.80,nan,nan,nan,nan,nan
27-Mar-25 1:25:00 PM AEST,112.3,nan,nan,nan,nan,nan,nan,nan,nan,nan,nan,nan
27-Mar-25 1:26:30 PM AEST,nan,nan,317.8,nan,nan,nan,nan,nan,nan,nan,nan,nan
27-Mar-25 1:26:58 PM AEST,nan,nan,nan,6552.80,nan,nan,nan,nan,nan,nan,nan,1.00
27-Mar-25 1:27:02 PM AEST,nan,nan,nan,nan,nan,nan,0.00,nan,nan,nan,nan,nan
27-Mar-25 1:27:30 PM AEST,72.2,nan,nan,nan,nan,nan,nan,nan,nan,nan,nan,nan
27-Mar-25 1:28:00 PM AEST,nan,0.0,nan,nan,1.40,3.18,nan,11.23,0.90,1.40,1.40,nan
27-Mar-25 1:29:00 PM AEST,nan,nan,93.3,nan,nan,nan,nan,nan,nan,nan,nan,nan
27-Mar-25 1:30:30 PM AEST,nan,nan,nan,nan,0.60,3.41,nan,nan,nan,nan,14.20,nan
27-Mar-25 1:30:31 PM AEST,nan,nan,nan,nan,nan,nan,nan,nan,nan,84.70,nan,nan
27-Mar-25 1:30:35 PM AEST,nan,nan,nan,nan,nan,nan,nan,nan,317.80,nan,nan,nan
27-Mar-25 1:34:00 PM AEST,24.0,24.0,nan,0.20,nan,nan,24.00,9.75,nan,nan,nan,0.00
27-Mar-25 1:36:00 PM AEST,nan,nan,nan,nan,72.20,65.53,nan,nan,0.00,72.20,72.20,nan
27-Mar-25 1:36:25 PM AEST,nan,nan,nan,nan,nan,nan,nan,11.23,nan,nan,nan,nan
27-Mar-25 1:36:26 PM AEST,nan,0.0,nan,nan,nan,nan,112.30,nan,nan,nan,nan,nan
27-Mar-25 1:36:29 PM AEST,nan,nan,nan,0.00,nan,nan,nan,nan,nan,nan,nan,nan
27-Mar-25 1:36:30 PM AEST,0.0,nan,nan,nan,nan,nan,nan,nan,nan,nan,nan,nan
27-Mar-25 1:38:00 PM AEST,nan,nan,nan,nan,nan,nan,nan,nan,nan,nan,nan,1.00
27-Mar-25 1:38:30 PM AEST,nan,nan,nan,nan,0.60,3.41,nan,nan,nan,nan,14.20,nan
27-Mar-25 1:38:30 PM AEST,nan,nan,nan,nan,72.20,65.53,nan,nan,nan,nan,0.00,nan
27-Mar-25 1:38:31 PM AEST,nan,nan,nan,nan,nan,nan,nan,nan,nan,84.70,nan,nan
27-Mar-25 1:38:31 PM AEST,nan,nan,nan,nan,nan,nan,nan,nan,nan,0.00,nan,nan
27-Mar-25 1:38:35 PM AEST,nan,nan,nan,nan,nan,nan,nan,nan,317.80,nan,nan,nan
27-Mar-25 1:38:35 PM AEST,nan,nan,nan,nan,nan,nan,nan,nan,0.00,nan,nan,nan
27-Mar-25 1:38:50 PM AEST,nan,nan,nan,nan,nan,nan,nan,0.00,nan,nan,nan,nan
27-Mar-25 1:38:52 PM AEST,nan,97.5,nan,nan,nan,nan,0.00,nan,nan,nan,nan,nan
27-Mar-25 1:38:52 PM AEST,nan,97.5,nan,nan,nan,nan,125.20,nan,nan,nan,nan,nan
27-Mar-25 1:38:58 PM AEST,nan,nan,nan,6552.80,nan,nan,nan,nan,nan,nan,nan,nan
27-Mar-25 1:38:58 PM AEST,nan,nan,nan,0.20,nan,nan,nan,nan,nan,nan,nan,nan
27-Mar-25 1:39:00 PM AEST,72.2,nan,nan,nan,nan,nan,nan,nan,nan,nan,nan,nan
27-Mar-25 1:39:00 PM AEST,24.0,nan,nan,nan,nan,nan,nan,nan,nan,nan,nan,nan
27-Mar-25 1:40:00 PM AEST,nan,nan,23.6,nan,nan,nan,nan,nan,nan,nan,nan,nan
27-Mar-25 1:40:00 PM AEST,nan,nan,93.3,nan,nan,nan,nan,nan,nan,nan,nan,nan
27-Mar-25 1:40:29 PM AEST,nan,nan,nan,nan,nan,nan,nan,nan,nan,nan,nan,0.00
27-Mar-25 1:41:00 PM AEST,nan,nan,nan,nan,0.60,3.41,nan,nan,nan,nan,14.20,nan
27-Mar-25 1:41:00 PM AEST,nan,nan,nan,nan,1.40,3.18,nan,nan,nan,nan,1.40,nan
27-Mar-25 1:41:02 PM AEST,nan,nan,nan,nan,nan,nan,nan,nan,nan,84.70,nan,nan
27-Mar-25 1:41:02 PM AEST,nan,nan,nan,nan,nan,nan,nan,nan,nan,1.40,nan,nan
27-Mar-25 1:41:10 PM AEST,nan,nan,nan,nan,nan,nan,nan,nan,317.80,nan,nan,nan
27-Mar-25 1:41:10 PM AEST,nan,nan,nan,nan,nan,nan,nan,nan,0.90,nan,nan,nan
27-Mar-25 1:41:27 PM AEST,nan,nan,nan,6552.80,nan,nan,nan,nan,nan,nan,nan,nan
27-Mar-25 1:41:30 PM AEST,72.2,nan,nan,nan,nan,nan,nan,nan,nan,nan,nan,nan
27-Mar-25 1:42:00 PM AEST,nan,0.0,nan,nan,nan,nan,0.00,11.23,nan,nan,nan,nan
27-Mar-25 1:42:30 PM AEST,nan,nan,317.8,nan,nan,nan,nan,nan,nan,nan,nan,nan
27-Mar-25 1:42:30 PM AEST,nan,nan,23.6,nan,nan,nan,nan,nan,nan,nan,nan,nan
27-Mar-25 1:42:58 PM AEST,nan,nan,nan,nan,nan,nan,nan,nan,nan,nan,nan,1.00
27-Mar-25 1:43:30 PM AEST,nan,nan,nan,nan,1.00,0.01,nan,nan,nan,nan,6552.80,nan
27-Mar-25 1:43:33 PM AEST,nan,nan,nan,nan,nan,nan,nan,nan,nan,6552.80,nan,nan
27-Mar-25 1:43:45 PM AEST,nan,nan,nan,nan,nan,nan,nan,nan,6552.80,nan,nan,nan
27-Mar-25 1:43:56 PM AEST,nan,nan,nan,0.00,nan,nan,nan,nan,nan,nan,nan,nan
27-Mar-25 1:44:00 PM AEST,0.0,nan,nan,nan,nan,nan,nan,nan,nan,nan,nan,nan
27-Mar-25 1:44:26 PM AEST,nan,97.5,nan,nan,nan,nan,125.20,nan,nan,nan,nan,nan
27-Mar-25 1:45:27 PM AEST,nan,nan,nan,nan,nan,nan,nan,nan,nan,nan,nan,0.00
27-Mar-25 1:45:27 PM AEST,nan,nan,nan,nan,nan,nan,nan,nan,nan,nan,nan,112.30
27-Mar-25 1:46:00 PM AEST,nan,nan,nan,nan,72.20,65.53,nan,0.00,nan,nan,0.00,nan
27-Mar-25 1:46:00 PM AEST,nan,nan,nan,nan,72.20,65.53,nan,5.11,nan,nan,0.00,nan
27-Mar-25 1:46:04 PM AEST,nan,nan,nan,nan,nan,nan,nan,nan,nan,0.00,nan,nan
27-Mar-25 1:46:20 PM AEST,nan,nan,nan,nan,nan,nan,nan,nan,0.00,nan,nan,nan
27-Mar-25 1:46:25 PM AEST,nan,nan,nan,0.20,nan,nan,nan,nan,nan,nan,nan,nan
27-Mar-25 1:46:25 PM AEST,nan,nan,nan,112.30,nan,nan,nan,nan,nan,nan,nan,nan
27-Mar-25 1:46:30 PM AEST,24.0,nan,nan,nan,nan,nan,nan,nan,nan,nan,nan,nan
27-Mar-25 1:46:30 PM AEST,112.3,nan,nan,nan,nan,nan,nan,nan,nan,nan,nan,nan
27-Mar-25 1:46:52 PM AEST,nan,14.8,nan,nan,nan,nan,14.80,nan,nan,nan,nan,nan
27-Mar-25 1:47:56 PM AEST,nan,nan,nan,nan,nan,nan,nan,nan,nan,nan,nan,1.00
27-Mar-25 1:48:00 PM AEST,nan,nan,93.3,nan,nan,nan,nan,nan,nan,nan,nan,nan
27-Mar-25 1:48:25 PM AEST,nan,nan,nan,nan,nan,nan,nan,11.23,nan,nan,nan,nan
27-Mar-25 1:48:30 PM AEST,nan,nan,nan,nan,0.60,3.41,nan,nan,nan,nan,14.20,nan
27-Mar-25 1:48:35 PM AEST,nan,nan,nan,nan,nan,nan,nan,nan,nan,84.70,nan,nan
27-Mar-25 1:48:35 PM AEST,nan,nan,nan,nan,nan,nan,nan,nan,nan,0.00,nan,nan
27-Mar-25 1:48:54 PM AEST,nan,nan,nan,6552.80,nan,nan,nan,nan,nan,nan,nan,nan
27-Mar-25 1:48:54 PM AEST,nan,nan,nan,0.20,nan,nan,nan,nan,nan,nan,nan,nan
27-Mar-25 1:48:55 PM AEST,nan,nan,nan,nan,nan,nan,nan,nan,317.80,nan,nan,nan
27-Mar-25 1:48:55 PM AEST,nan,nan,nan,nan,nan,nan,nan,nan,0.00,nan,nan,nan
27-Mar-25 1:49:00 PM AEST,72.2,nan,nan,nan,nan,nan,nan,nan,nan,nan,nan,nan
27-Mar-25 1:49:00 PM AEST,0.2,nan,nan,nan,nan,nan,nan,nan,nan,nan,nan,nan
27-Mar-25 1:49:18 PM AEST,nan,0.0,nan,nan,nan,nan,0.00,nan,nan,nan,nan,nan
27-Mar-25 1:49:18 PM AEST,nan,0.2,nan,nan,nan,nan,24.00,nan,nan,nan,nan,nan
27-Mar-25 1:50:25 PM AEST,nan,nan,nan,nan,nan,nan,nan,nan,nan,nan,nan,0.00
27-Mar-25 1:50:30 PM AEST,nan,nan,23.6,nan,nan,nan,nan,nan,nan,nan,nan,nan
27-Mar-25 1:50:50 PM AEST,nan,nan,nan,nan,nan,nan,nan,2.40,nan,nan,nan,nan
27-Mar-25 1:51:00 PM AEST,nan,nan,nan,nan,72.20,65.53,nan,nan,nan,nan,0.00,nan
27-Mar-25 1:51:23 PM AEST,nan,nan,nan,0.00,nan,nan,nan,nan,nan,nan,nan,nan
27-Mar-25 1:51:30 PM AEST,112.3,nan,nan,nan,nan,nan,nan,nan,nan,nan,nan,nan
27-Mar-25 1:51:44 PM AEST,nan,112.3,nan,nan,nan,nan,112.30,nan,nan,nan,nan,nan
27-Mar-25 1:53:15 PM AEST,nan,nan,nan,nan,nan,nan,nan,1.48,nan,nan,nan,nan
27-Mar-25 1:53:30 PM AEST,nan,nan,nan,nan,0.60,3.41,nan,nan,nan,nan,14.20,nan
27-Mar-25 1:53:52 PM AEST,nan,nan,nan,6552.80,nan,nan,nan,nan,nan,nan,nan,nan
27-Mar-25 1:54:00 PM AEST,72.2,nan,93.3,nan,nan,nan,nan,nan,317.80,84.70,nan,nan
27-Mar-25 1:54:10 PM AEST,nan,0.0,nan,nan,nan,nan,0.00,nan,nan,nan,nan,nan
27-Mar-25 1:55:40 PM AEST,nan,nan,nan,nan,nan,nan,nan,11.23,nan,nan,nan,nan
27-Mar-25 1:56:00 PM AEST,nan,nan,nan,nan,nan,nan,nan,nan,nan,nan,nan,1.00
27-Mar-25 1:58:00 PM AEST,24.0,97.5,23.6,0.20,72.20,65.53,125.20,nan,0.00,0.00,0.00,nan
27-Mar-25 1:58:05 PM AEST,nan,nan,nan,nan,nan,nan,nan,0.00,nan,nan,nan,nan
27-Mar-25 1:58:29 PM AEST,nan,nan,nan,nan,nan,nan,nan,nan,nan,nan,nan,0.00
27-Mar-25 2:00:26 PM AEST,nan,0.0,nan,nan,nan,nan,0.00,nan,nan,nan,nan,nan
27-Mar-25 2:00:29 PM AEST,nan,nan,nan,6552.80,nan,nan,nan,nan,nan,nan,nan,nan
27-Mar-25 2:00:29 PM AEST,nan,nan,nan,72.20,nan,nan,nan,nan,nan,nan,nan,nan
27-Mar-25 2:00:30 PM AEST,72.2,nan,93.3,nan,0.60,3.41,nan,11.23,nan,nan,14.20,nan
27-Mar-25 2:00:30 PM AEST,72.2,nan,8.3,nan,23.60,0.24,nan,11.23,nan,nan,23.60,nan
27-Mar-25 2:00:31 PM AEST,nan,nan,nan,nan,nan,nan,nan,nan,nan,84.70,nan,nan
27-Mar-25 2:00:31 PM AEST,nan,nan,nan,nan,nan,nan,nan,nan,nan,1.00,nan,nan
27-Mar-25 2:00:35 PM AEST,nan,nan,nan,nan,nan,nan,nan,nan,317.80,nan,nan,nan
27-Mar-25 2:00:35 PM AEST,nan,nan,nan,nan,nan,nan,nan,nan,1.00,nan,nan,nan
27-Mar-25 2:00:58 PM AEST,nan,nan,nan,nan,nan,nan,nan,nan,nan,nan,nan,1.00
27-Mar-25 2:00:58 PM AEST,nan,nan,nan,nan,nan,nan,nan,nan,nan,nan,nan,72.20
27-Mar-25 2:04:00 PM AEST,nan,nan,93.3,nan,0.60,3.41,nan,nan,317.80,84.70,14.20,nan
27-Mar-25 2:06:00 PM AEST,nan,nan,nan,6552.80,nan,nan,nan,nan,nan,nan,nan,1.00
27-Mar-25 2:06:30 PM AEST,nan,nan,0.9,nan,8.30,0.08,nan,nan,nan,nan,23.60,nan
27-Mar-25 2:06:31 PM AEST,nan,nan,nan,nan,nan,nan,nan,nan,nan,23.60,nan,nan
27-Mar-25 2:06:35 PM AEST,nan,nan,nan,nan,nan,nan,nan,nan,23.60,nan,nan,nan
27-Mar-25 2:08:29 PM AEST,nan,nan,nan,nan,nan,nan,nan,nan,nan,nan,nan,6552.80
27-Mar-25 2:09:00 PM AEST,nan,nan,341.4,nan,0.60,0.01,nan,nan,nan,nan,14.20,nan
27-Mar-25 2:09:02 PM AEST,nan,nan,nan,nan,nan,nan,nan,nan,nan,84.70,nan,nan
27-Mar-25 2:09:10 PM AEST,nan,nan,nan,nan,nan,nan,nan,nan,317.80,nan,nan,nan
27-Mar-25 2:10:58 PM AEST,nan,nan,nan,nan,nan,nan,nan,nan,nan,nan,nan,1.00
27-Mar-25 2:11:30 PM AEST,nan,nan,93.3,nan,nan,3.41,nan,nan,nan,nan,nan,nan
27-Mar-25 2:16:00 PM AEST,112.3,14.8,nan,112.30,72.20,nan,14.80,5.11,0.00,0.00,0.00,112.30
27-Mar-25 2:18:00 PM AEST,nan,nan,1.4,nan,nan,0.01,nan,nan,nan,nan,nan,nan
27-Mar-25 2:18:25 PM AEST,nan,nan,nan,nan,nan,nan,nan,11.23,nan,nan,nan,nan
27-Mar-25 2:18:26 PM AEST,nan,0.0,nan,nan,nan,nan,0.00,nan,nan,nan,nan,nan
27-Mar-25 2:18:29 PM AEST,nan,nan,nan,6552.80,nan,nan,nan,nan,nan,nan,nan,1.00
27-Mar-25 2:18:30 PM AEST,72.2,nan,nan,nan,0.90,nan,nan,nan,nan,nan,0.90,nan
27-Mar-25 2:18:31 PM AEST,nan,nan,nan,nan,nan,nan,nan,nan,nan,8.30,nan,nan
27-Mar-25 2:18:35 PM AEST,nan,nan,nan,nan,nan,nan,nan,nan,8.30,nan,nan,nan
27-Mar-25 2:20:30 PM AEST,nan,nan,93.3,nan,nan,3.41,nan,nan,nan,nan,nan,nan
27-Mar-25 2:21:00 PM AEST,nan,nan,nan,nan,0.60,nan,nan,nan,nan,nan,14.20,nan
27-Mar-25 2:21:02 PM AEST,nan,nan,nan,nan,nan,nan,nan,nan,nan,84.70,nan,nan
27-Mar-25 2:21:10 PM AEST,nan,nan,nan,nan,nan,nan,nan,nan,317.80,nan,nan,nan
27-Mar-25 2:23:00 PM AEST,nan,nan,317.8,nan,nan,3.18,nan,nan,nan,nan,nan,nan
27-Mar-25 2:23:30 PM AEST,nan,nan,nan,nan,1.40,nan,nan,nan,nan,nan,1.40,nan
27-Mar-25 2:23:33 PM AEST,nan,nan,nan,nan,nan,nan,nan,nan,nan,1.40,nan,nan
27-Mar-25 2:23:45 PM AEST,nan,nan,nan,nan,nan,nan,nan,nan,0.90,nan,nan,nan
27-Mar-25 2:24:00 PM AEST,24.0,97.5,nan,0.20,nan,nan,125.20,0.00,nan,nan,nan,0.00
27-Mar-25 2:24:00 PM AEST,72.2,0.0,nan,6552.80,nan,nan,0.00,11.23,nan,nan,nan,1.00
27-Mar-25 2:25:30 PM AEST,nan,nan,93.3,nan,nan,3.41,nan,nan,nan,nan,nan,nan
27-Mar-25 2:26:00 PM AEST,nan,nan,nan,nan,0.60,nan,nan,nan,nan,nan,14.20,nan
27-Mar-25 2:26:04 PM AEST,nan,nan,nan,nan,nan,nan,nan,nan,nan,84.70,nan,nan
27-Mar-25 2:26:20 PM AEST,nan,nan,nan,nan,nan,nan,nan,nan,317.80,nan,nan,nan
27-Mar-25 2:30:00 PM AEST,24.0,97.5,nan,0.20,nan,nan,97.50,12.52,nan,nan,nan,0.00
27-Mar-25 2:32:00 PM AEST,nan,nan,nan,nan,72.20,65.53,nan,nan,0.00,0.00,0.00,nan
27-Mar-25 2:32:25 PM AEST,nan,nan,nan,nan,nan,nan,nan,5.11,nan,nan,nan,nan
27-Mar-25 2:32:26 PM AEST,nan,14.8,nan,nan,nan,nan,14.80,nan,nan,nan,nan,nan
27-Mar-25 2:32:26 PM AEST,nan,97.5,nan,nan,nan,nan,125.20,nan,nan,nan,nan,nan
27-Mar-25 2:32:29 PM AEST,nan,nan,nan,112.30,nan,nan,nan,nan,nan,nan,nan,112.30
27-Mar-25 2:32:29 PM AEST,nan,nan,nan,0.20,nan,nan,nan,nan,nan,nan,nan,0.00
27-Mar-25 2:32:30 PM AEST,112.3,nan,nan,nan,nan,nan,nan,nan,nan,nan,nan,nan
27-Mar-25 2:32:30 PM AEST,24.0,nan,nan,nan,nan,nan,nan,nan,nan,nan,nan,nan
27-Mar-25 2:34:00 PM AEST,nan,nan,23.6,nan,nan,nan,nan,nan,nan,nan,nan,nan
27-Mar-25 2:34:30 PM AEST,nan,nan,nan,nan,nan,nan,nan,nan,nan,nan,72.20,nan
27-Mar-25 2:34:31 PM AEST,nan,nan,nan,nan,nan,nan,nan,nan,nan,72.20,nan,nan
27-Mar-25 2:34:50 PM AEST,nan,nan,nan,nan,nan,nan,nan,0.00,nan,nan,nan,nan
27-Mar-25 2:34:50 PM AEST,nan,nan,nan,nan,nan,nan,nan,11.23,nan,nan,nan,nan
27-Mar-25 2:34:52 PM AEST,nan,0.0,nan,nan,nan,nan,112.30,nan,nan,nan,nan,nan
27-Mar-25 2:34:58 PM AEST,nan,nan,nan,0.00,nan,nan,nan,nan,nan,nan,nan,nan
27-Mar-25 2:35:00 PM AEST,0.0,nan,nan,nan,nan,nan,nan,nan,nan,nan,nan,nan
27-Mar-25 2:36:00 PM AEST,nan,nan,nan,nan,1.40,0.01,nan,nan,0.90,nan,nan,1.00
27-Mar-25 2:36:30 PM AEST,nan,nan,317.8,nan,nan,nan,nan,nan,nan,nan,nan,nan
27-Mar-25 2:37:00 PM AEST,nan,nan,nan,nan,nan,nan,nan,nan,nan,nan,0.90,nan
27-Mar-25 2:37:02 PM AEST,nan,nan,nan,nan,nan,nan,nan,nan,nan,0.90,nan,nan
27-Mar-25 2:37:18 PM AEST,nan,nan,nan,nan,nan,nan,0.00,nan,nan,nan,nan,nan
27-Mar-25 2:37:27 PM AEST,nan,nan,nan,6552.80,nan,nan,nan,nan,nan,nan,nan,nan
27-Mar-25 2:37:30 PM AEST,72.2,nan,nan,nan,nan,nan,nan,nan,nan,nan,nan,nan
27-Mar-25 2:38:30 PM AEST,nan,nan,nan,nan,0.60,3.41,nan,nan,nan,nan,nan,nan
27-Mar-25 2:38:35 PM AEST,nan,nan,nan,nan,nan,nan,nan,nan,317.80,nan,nan,nan
27-Mar-25 2:39:00 PM AEST,nan,nan,98.2,nan,nan,nan,nan,nan,nan,nan,nan,nan
27-Mar-25 2:39:30 PM AEST,nan,nan,nan,nan,nan,nan,nan,nan,nan,nan,14.20,nan
27-Mar-25 2:39:33 PM AEST,nan,nan,nan,nan,nan,nan,nan,nan,nan,84.70,nan,nan
27-Mar-25 2:41:00 PM AEST,nan,nan,nan,nan,6552.80,65.53,nan,nan,nan,nan,nan,nan
27-Mar-25 2:41:10 PM AEST,nan,nan,nan,nan,nan,nan,nan,nan,72.20,nan,nan,nan
27-Mar-25 2:41:30 PM AEST,nan,nan,93.3,nan,nan,nan,nan,nan,nan,nan,nan,nan
27-Mar-25 2:41:30 PM AEST,nan,nan,23.6,nan,nan,nan,nan,nan,nan,nan,nan,nan
27-Mar-25 2:42:00 PM AEST,24.0,97.5,nan,0.20,nan,nan,125.20,0.00,nan,nan,6552.80,nan
27-Mar-25 2:42:00 PM AEST,0.0,0.0,nan,0.00,nan,nan,0.00,0.00,nan,nan,0.00,nan
27-Mar-25 2:42:04 PM AEST,nan,nan,nan,nan,nan,nan,nan,nan,nan,72.20,nan,nan
27-Mar-25 2:42:04 PM AEST,nan,nan,nan,nan,nan,nan,nan,nan,nan,0.00,nan,nan
27-Mar-25 2:43:30 PM AEST,nan,nan,nan,nan,0.00,0.00,nan,nan,nan,nan,nan,nan
27-Mar-25 2:43:45 PM AEST,nan,nan,nan,nan,nan,nan,nan,nan,0.00,nan,nan,nan
27-Mar-25 2:44:00 PM AEST,nan,nan,0.0,nan,nan,nan,nan,nan,nan,nan,nan,0.00
29-Mar-25 4:26:00 PM AEST,nan,nan,nan,nan,nan,nan,nan,nan,nan,nan,nan,nan
29-Mar-25 4:32:00 PM AEST,0.0,0.0,0.0,0.00,0.00,0.00,0.00,0.00,0.00,0.00,0.00,0.00
