timestamp,Air Temperature (V),Relative Humidity (mA),Dew Point (°C),Rainfall,Rainfall Since 9am,Last Hours Evaporation,Wind Direction,Current Wind Speed,Peak Wind Gust,Vector Wind Speed,Vector Wind Direction,Solar Radiation
24-Feb-25 9:00:00 AM AEST,30.2,63.5,22.2,nan,nan,0.46,326.40,0.41,8.30,3.60,315.00,507.50
24-Feb-25 9:01:00 AM AEST,nan,62.8,22.5,nan,nan,nan,294.80,0.66,10.60,6.40,293.30,511.60
24-Feb-25 9:02:00 AM AEST,nan,62.0,22.3,nan,nan,nan,316.40,0.63,nan,6.00,315.40,517.50
24-Feb-25 9:03:00 AM AEST,nan,62.2,22.1,nan,nan,nan,326.20,0.41,7.10,4.00,323.70,520.80
24-Feb-25 9:04:00 AM AEST,30.3,62.5,nan,nan,nan,nan,10.80,0.36,4.70,3.60,11.30,522.40
24-Feb-25 9:05:00 AM AEST,nan,nan,22.4,nan,nan,nan,348.10,0.46,8.30,2.90,340.50,525.00
24-Feb-25 9:05:05 AM AEST,30.4,nan,nan,nan,nan,nan,nan,nan,nan,nan,nan,nan
24-Feb-25 9:06:00 AM AEST,nan,62.3,nan,nan,nan,nan,342.30,0.38,nan,3.00,324.90,527.40
24-Feb-25 9:07:00 AM AEST,30.6,63.0,nan,nan,nan,nan,1.30,0.22,4.70,2.10,1.60,535.00
24-Feb-25 9:08:00 AM AEST,nan,nan,22.7,nan,nan,nan,322.50,0.44,9.50,4.00,320.60,536.70
24-Feb-25 9:09:00 AM AEST,nan,61.5,22.8,nan,nan,nan,282.40,0.75,13.00,7.30,279.70,537.40
24-Feb-25 9:10:00 AM AEST,30.5,60.8,22.4,nan,nan,nan,302.80,0.73,nan,6.50,305.00,539.20
24-Feb-25 9:11:00 AM AEST,nan,60.5,22.0,nan,nan,nan,307.50,1.09,16.60,9.70,308.10,542.40
24-Feb-25 9:11:05 AM AEST,30.3,nan,nan,nan,nan,nan,nan,nan,nan,nan,nan,nan
24-Feb-25 9:12:00 AM AEST,nan,60.2,21.8,nan,nan,nan,302.70,nan,nan,9.80,303.30,547.50
24-Feb-25 9:12:10 AM AEST,30.1,nan,nan,nan,nan,nan,nan,nan,nan,nan,nan,nan
24-Feb-25 9:13:00 AM AEST,nan,61.0,21.5,nan,nan,nan,301.80,0.82,11.80,6.90,300.60,548.30
24-Feb-25 9:14:00 AM AEST,30.2,61.7,21.7,nan,nan,nan,294.60,0.80,16.60,7.40,296.00,549.90
24-Feb-25 9:15:00 AM AEST,nan,61.2,22.0,nan,nan,nan,300.20,0.98,13.00,6.00,302.80,554.20
24-Feb-25 9:15:05 AM AEST,30.1,nan,nan,nan,nan,nan,nan,nan,nan,nan,nan,nan
24-Feb-25 9:16:00 AM AEST,nan,60.8,21.8,nan,nan,nan,337.00,0.60,11.80,5.30,336.80,554.90
24-Feb-25 9:17:00 AM AEST,30.2,61.5,21.7,nan,nan,nan,348.80,0.69,15.40,6.70,345.70,506.70
24-Feb-25 9:18:00 AM AEST,nan,61.0,21.9,nan,nan,nan,352.40,0.77,13.00,6.90,350.20,523.30
24-Feb-25 9:18:05 AM AEST,30.3,nan,nan,nan,nan,nan,nan,nan,nan,nan,nan,nan
24-Feb-25 9:19:00 AM AEST,nan,nan,nan,nan,nan,nan,9.20,0.55,7.10,5.00,8.60,570.80
24-Feb-25 9:19:10 AM AEST,30.4,nan,nan,nan,nan,nan,nan,nan,nan,nan,nan,nan
24-Feb-25 9:20:00 AM AEST,nan,61.7,22.0,nan,nan,nan,323.70,0.49,nan,4.00,328.50,564.20
24-Feb-25 9:21:00 AM AEST,nan,60.5,22.2,nan,nan,nan,308.30,0.81,11.80,7.70,308.10,565.80
24-Feb-25 9:22:00 AM AEST,nan,60.8,21.9,nan,nan,nan,311.30,0.59,10.60,5.70,nan,572.50
24-Feb-25 9:23:00 AM AEST,30.5,60.2,22.0,nan,nan,nan,297.80,0.40,7.10,4.00,298.20,573.30
24-Feb-25 9:24:00 AM AEST,nan,60.5,21.9,nan,nan,nan,283.30,0.67,17.80,6.40,272.90,nan
24-Feb-25 9:24:05 AM AEST,30.6,nan,nan,nan,nan,nan,nan,nan,nan,nan,nan,nan
24-Feb-25 9:25:00 AM AEST,nan,60.0,22.1,nan,nan,nan,282.10,0.73,13.00,6.50,282.60,583.30
24-Feb-25 9:25:10 AM AEST,30.5,nan,nan,nan,nan,nan,nan,nan,nan,nan,nan,nan
24-Feb-25 9:26:00 AM AEST,nan,nan,21.8,nan,nan,nan,285.60,0.93,20.10,9.10,284.50,586.60
24-Feb-25 9:26:15 AM AEST,30.4,nan,nan,nan,nan,nan,nan,nan,nan,nan,nan,nan
24-Feb-25 9:27:00 AM AEST,nan,59.8,nan,nan,nan,nan,296.60,0.85,nan,7.80,299.20,591.70
24-Feb-25 9:28:00 AM AEST,nan,60.2,21.7,nan,nan,nan,319.20,0.69,9.50,6.60,322.10,594.10
24-Feb-25 9:29:00 AM AEST,nan,59.8,21.8,nan,nan,nan,310.00,0.77,10.60,7.20,308.20,377.50
24-Feb-25 9:30:00 AM AEST,nan,nan,21.7,nan,nan,nan,329.90,0.78,11.80,7.70,330.20,584.20
24-Feb-25 9:31:00 AM AEST,nan,60.0,nan,nan,nan,nan,34.80,0.88,14.20,8.40,36.00,599.10
24-Feb-25 9:32:00 AM AEST,nan,60.7,nan,nan,nan,nan,4.50,0.56,10.60,2.80,356.10,597.50
24-Feb-25 9:33:00 AM AEST,30.5,61.0,21.9,nan,nan,nan,17.40,0.81,14.20,6.10,15.40,600.80
24-Feb-25 9:34:00 AM AEST,nan,60.2,22.1,nan,nan,nan,333.20,0.82,13.00,7.70,334.70,587.50
24-Feb-25 9:34:05 AM AEST,30.4,nan,nan,nan,nan,nan,nan,nan,nan,nan,nan,nan
24-Feb-25 9:35:00 AM AEST,nan,60.0,21.8,nan,nan,nan,0.90,0.40,10.60,3.90,356.70,540.80
24-Feb-25 9:35:10 AM AEST,30.6,nan,nan,nan,nan,nan,nan,nan,nan,nan,nan,nan
24-Feb-25 9:36:00 AM AEST,nan,59.2,21.9,nan,nan,nan,324.80,0.62,13.00,5.90,320.40,604.10
24-Feb-25 9:37:00 AM AEST,nan,59.3,21.7,nan,nan,nan,327.30,0.78,10.60,6.70,327.40,612.50
24-Feb-25 9:38:00 AM AEST,nan,59.2,21.8,nan,nan,nan,357.80,0.51,9.50,4.50,348.60,616.60
24-Feb-25 9:39:00 AM AEST,30.8,59.7,21.7,nan,nan,nan,327.50,0.43,nan,3.90,323.00,618.30
24-Feb-25 9:40:00 AM AEST,nan,59.5,22.0,nan,nan,nan,331.20,0.38,8.30,3.80,329.40,nan
24-Feb-25 9:41:00 AM AEST,31.0,nan,nan,nan,nan,nan,340.80,0.18,3.50,1.60,343.50,622.40
24-Feb-25 9:42:00 AM AEST,nan,59.0,22.2,nan,nan,nan,355.10,0.37,8.30,2.90,8.30,627.50
24-Feb-25 9:42:05 AM AEST,31.1,nan,nan,nan,nan,nan,nan,nan,nan,nan,nan,nan
24-Feb-25 9:43:00 AM AEST,nan,58.8,22.1,nan,nan,nan,323.30,0.82,14.20,7.40,323.50,629.90
24-Feb-25 9:43:10 AM AEST,31.0,nan,nan,nan,nan,nan,nan,nan,nan,nan,nan,nan
24-Feb-25 9:44:00 AM AEST,nan,57.8,22.0,nan,nan,nan,349.90,0.65,11.80,6.30,354.20,629.20
24-Feb-25 9:44:15 AM AEST,30.9,nan,nan,nan,nan,nan,nan,nan,nan,nan,nan,nan
24-Feb-25 9:45:00 AM AEST,nan,58.0,21.7,nan,nan,nan,298.40,0.42,8.30,3.80,303.00,634.20
24-Feb-25 9:45:20 AM AEST,31.0,nan,nan,nan,nan,nan,nan,nan,nan,nan,nan,nan
24-Feb-25 9:45:20 AM AEST,30.9,nan,nan,nan,nan,nan,nan,nan,nan,nan,nan,nan
24-Feb-25 9:46:00 AM AEST,nan,57.3,21.8,nan,nan,nan,296.20,0.98,17.80,9.10,291.50,644.10
24-Feb-25 9:46:25 AM AEST,30.8,nan,nan,nan,nan,nan,nan,nan,nan,nan,nan,nan
24-Feb-25 9:47:00 AM AEST,nan,58.2,21.4,nan,nan,nan,315.20,0.64,10.60,3.90,318.40,648.30
24-Feb-25 9:47:30 AM AEST,30.9,nan,nan,nan,nan,nan,nan,nan,nan,nan,nan,nan
24-Feb-25 9:48:00 AM AEST,nan,57.8,21.7,nan,nan,nan,330.00,0.82,14.20,8.10,330.30,601.60
24-Feb-25 9:49:00 AM AEST,nan,57.7,21.6,nan,nan,nan,314.70,0.67,11.80,6.30,312.10,626.70
24-Feb-25 9:50:00 AM AEST,nan,57.8,21.5,nan,nan,nan,318.60,0.53,7.10,3.80,324.90,650.80
24-Feb-25 9:51:00 AM AEST,31.0,58.7,21.6,nan,nan,nan,311.50,0.64,11.80,5.30,311.30,660.80
24-Feb-25 9:52:00 AM AEST,nan,58.5,21.9,nan,nan,nan,270.20,0.63,8.30,6.00,272.30,663.30
24-Feb-25 9:53:00 AM AEST,31.1,58.7,nan,nan,nan,nan,308.50,0.50,7.10,3.70,310.90,666.60
24-Feb-25 9:54:00 AM AEST,nan,58.3,22.0,nan,nan,nan,298.10,0.44,9.50,4.20,293.60,671.70
24-Feb-25 9:54:05 AM AEST,31.2,nan,nan,nan,nan,nan,nan,nan,nan,nan,nan,nan
24-Feb-25 9:55:00 AM AEST,nan,57.3,nan,nan,nan,nan,285.00,0.57,11.80,5.50,289.30,673.30
24-Feb-25 9:56:00 AM AEST,31.1,56.7,21.8,nan,nan,nan,314.40,1.16,18.90,11.40,314.70,677.40
24-Feb-25 9:57:00 AM AEST,nan,57.0,21.4,nan,nan,nan,307.50,0.89,14.20,8.60,308.30,683.30
24-Feb-25 9:57:05 AM AEST,31.0,nan,nan,nan,nan,nan,nan,nan,nan,nan,nan,nan
24-Feb-25 9:58:00 AM AEST,nan,56.7,nan,nan,nan,nan,309.30,0.93,nan,8.30,308.60,686.60
24-Feb-25 9:59:00 AM AEST,nan,57.8,21.3,nan,nan,nan,342.30,0.39,7.10,2.80,332.30,693.30
24-Feb-25 10:00:00 AM AEST,31.2,58.2,21.7,nan,nan,nan,336.50,0.63,15.40,5.70,328.70,704.20
24-Feb-25 10:00:01 AM AEST,nan,nan,nan,nan,nan,0.57,nan,nan,nan,nan,nan,nan
24-Feb-25 10:01:00 AM AEST,nan,57.3,22.0,nan,nan,nan,302.80,0.71,14.20,6.00,309.30,708.20
24-Feb-25 10:02:00 AM AEST,nan,57.2,21.8,nan,nan,nan,313.00,0.89,15.40,8.30,316.10,708.30
24-Feb-25 10:03:00 AM AEST,31.3,57.7,21.7,nan,nan,nan,288.00,0.66,9.50,6.00,283.70,709.90
24-Feb-25 10:04:00 AM AEST,nan,58.0,21.9,nan,nan,nan,293.10,0.73,15.40,nan,295.70,711.70
24-Feb-25 10:05:00 AM AEST,nan,57.3,22.0,nan,nan,nan,309.60,0.64,16.60,6.10,301.40,709.20
24-Feb-25 10:06:00 AM AEST,31.4,57.7,21.9,nan,nan,nan,312.40,0.76,14.20,5.80,311.00,709.90
24-Feb-25 10:07:00 AM AEST,nan,56.5,22.0,nan,nan,nan,313.20,0.80,11.80,7.70,315.30,705.00
24-Feb-25 10:07:05 AM AEST,31.2,nan,nan,nan,nan,nan,nan,nan,nan,nan,nan,nan
24-Feb-25 10:08:00 AM AEST,nan,57.3,21.5,nan,nan,nan,313.60,0.34,5.90,2.90,309.10,696.60
24-Feb-25 10:08:10 AM AEST,31.3,nan,nan,nan,nan,nan,nan,nan,nan,nan,nan,nan
24-Feb-25 10:09:00 AM AEST,nan,57.8,21.8,nan,nan,nan,346.80,0.51,10.60,4.10,355.20,704.20
24-Feb-25 10:09:15 AM AEST,31.4,nan,nan,nan,nan,nan,nan,nan,nan,nan,nan,nan
24-Feb-25 10:10:00 AM AEST,nan,57.3,22.1,nan,nan,nan,3.50,0.73,nan,6.80,1.60,712.50
24-Feb-25 10:10:20 AM AEST,31.5,nan,nan,nan,nan,nan,nan,nan,nan,nan,nan,nan
24-Feb-25 10:11:00 AM AEST,nan,nan,21.9,nan,nan,nan,12.80,0.46,7.10,4.20,11.10,708.20
24-Feb-25 10:11:25 AM AEST,31.6,nan,nan,nan,nan,nan,nan,nan,nan,nan,nan,nan
24-Feb-25 10:12:00 AM AEST,nan,58.2,22.0,nan,nan,nan,350.80,0.27,4.70,2.20,344.00,721.70
24-Feb-25 10:12:30 AM AEST,31.8,nan,nan,nan,nan,nan,nan,nan,nan,nan,nan,nan
24-Feb-25 10:13:00 AM AEST,nan,59.0,22.4,nan,nan,nan,321.90,0.51,7.10,2.50,313.70,564.10
24-Feb-25 10:13:35 AM AEST,31.7,nan,nan,nan,nan,nan,nan,nan,nan,nan,nan,nan
24-Feb-25 10:14:00 AM AEST,nan,57.2,22.8,nan,nan,nan,305.60,0.64,8.30,5.70,305.60,715.80
24-Feb-25 10:14:40 AM AEST,31.6,nan,nan,nan,nan,nan,nan,nan,nan,nan,nan,nan
24-Feb-25 10:15:00 AM AEST,nan,56.5,22.1,nan,nan,nan,308.40,0.61,11.80,5.90,307.30,729.20
24-Feb-25 10:16:00 AM AEST,nan,57.2,21.9,nan,nan,nan,316.30,0.54,nan,5.20,310.90,728.20
24-Feb-25 10:17:00 AM AEST,31.7,57.8,22.0,nan,nan,nan,311.30,0.38,7.10,3.60,304.20,733.30
24-Feb-25 10:18:00 AM AEST,nan,58.0,22.4,nan,nan,nan,316.60,0.47,nan,4.20,320.80,739.10
24-Feb-25 10:18:05 AM AEST,31.8,nan,nan,nan,nan,nan,nan,nan,nan,nan,nan,nan
24-Feb-25 10:19:00 AM AEST,nan,58.2,22.5,nan,nan,nan,302.70,0.57,nan,5.10,298.70,747.50
24-Feb-25 10:20:00 AM AEST,nan,57.8,22.6,nan,nan,nan,289.90,0.43,5.90,4.20,289.50,751.70
24-Feb-25 10:21:00 AM AEST,31.9,58.2,22.5,nan,nan,nan,353.60,0.39,nan,3.50,349.40,764.10
24-Feb-25 10:22:00 AM AEST,nan,57.8,22.6,nan,nan,nan,306.40,0.86,16.60,7.10,308.70,763.30
24-Feb-25 10:23:00 AM AEST,nan,56.7,nan,nan,nan,nan,299.80,0.59,13.00,4.50,305.60,502.40
24-Feb-25 10:24:00 AM AEST,31.7,55.8,22.2,nan,nan,nan,306.10,0.76,11.80,6.30,306.20,143.30
24-Feb-25 10:25:00 AM AEST,nan,55.3,21.8,nan,nan,nan,321.80,0.71,nan,5.50,313.60,770.80
24-Feb-25 10:25:05 AM AEST,31.5,nan,nan,nan,nan,nan,nan,nan,nan,nan,nan,nan
24-Feb-25 10:26:00 AM AEST,nan,56.8,21.5,nan,nan,nan,340.80,0.72,nan,6.30,338.00,764.90
24-Feb-25 10:27:00 AM AEST,nan,56.3,21.9,nan,nan,nan,359.30,0.54,9.50,5.10,0.00,755.00
24-Feb-25 10:28:00 AM AEST,31.6,56.7,21.8,nan,nan,nan,287.00,0.59,10.60,nan,285.40,753.20
24-Feb-25 10:29:00 AM AEST,nan,57.0,22.0,nan,nan,nan,296.50,0.61,11.80,5.70,299.10,750.80
24-Feb-25 10:29:05 AM AEST,31.7,nan,nan,nan,nan,nan,nan,nan,nan,nan,nan,nan
24-Feb-25 10:30:00 AM AEST,nan,56.7,22.2,nan,nan,nan,317.80,0.70,10.60,6.00,320.40,751.70
24-Feb-25 10:30:10 AM AEST,31.6,nan,nan,nan,nan,nan,nan,nan,nan,nan,nan,nan
24-Feb-25 10:31:00 AM AEST,nan,57.2,21.9,nan,nan,nan,334.50,0.66,nan,6.30,335.20,766.60
24-Feb-25 10:32:00 AM AEST,31.7,57.3,22.1,nan,nan,nan,316.20,0.76,nan,7.10,316.70,501.70
24-Feb-25 10:33:00 AM AEST,nan,57.2,22.2,nan,nan,nan,313.90,0.64,9.50,6.40,312.20,374.20
24-Feb-25 10:33:05 AM AEST,31.6,nan,nan,nan,nan,nan,nan,nan,nan,nan,nan,nan
24-Feb-25 10:34:00 AM AEST,nan,58.0,22.1,nan,nan,nan,338.50,0.59,nan,4.50,350.70,790.70
24-Feb-25 10:35:00 AM AEST,31.7,58.8,22.3,nan,nan,nan,305.60,0.38,7.10,3.60,303.60,776.70
24-Feb-25 10:36:00 AM AEST,nan,57.8,22.7,nan,nan,nan,330.50,0.60,11.80,5.70,330.10,763.20
24-Feb-25 10:37:00 AM AEST,31.8,58.2,22.4,nan,nan,nan,327.10,0.22,3.50,2.20,327.10,657.50
24-Feb-25 10:38:00 AM AEST,nan,59.0,22.6,nan,nan,nan,337.30,0.35,5.90,3.40,343.40,779.20
24-Feb-25 10:38:05 AM AEST,31.9,nan,nan,nan,nan,nan,nan,nan,nan,nan,nan,nan
24-Feb-25 10:39:00 AM AEST,nan,58.3,22.9,nan,nan,nan,10.40,nan,7.10,3.50,10.30,779.90
24-Feb-25 10:39:10 AM AEST,32.0,nan,nan,nan,nan,nan,nan,nan,nan,nan,nan,nan
24-Feb-25 10:40:00 AM AEST,nan,59.2,22.8,nan,nan,nan,10.90,0.36,nan,3.60,11.10,779.20
24-Feb-25 10:40:15 AM AEST,32.1,nan,nan,nan,nan,nan,nan,nan,nan,nan,nan,nan
24-Feb-25 10:41:00 AM AEST,nan,58.7,23.1,nan,nan,nan,352.70,0.50,nan,4.50,350.20,779.10
24-Feb-25 10:42:00 AM AEST,nan,57.0,23.0,nan,nan,nan,332.30,0.63,10.60,6.00,335.90,782.50
24-Feb-25 10:43:00 AM AEST,nan,56.3,22.5,nan,nan,nan,317.90,0.83,13.00,7.80,313.90,781.70
24-Feb-25 10:44:00 AM AEST,32.0,55.2,22.3,nan,nan,nan,331.20,0.71,11.80,5.00,338.10,779.10
24-Feb-25 10:45:00 AM AEST,nan,54.7,21.9,nan,nan,nan,332.60,0.99,14.20,7.30,333.70,785.80
24-Feb-25 10:45:05 AM AEST,31.8,nan,nan,nan,nan,nan,nan,nan,nan,nan,nan,nan
24-Feb-25 10:46:00 AM AEST,nan,55.8,21.6,nan,nan,nan,341.20,0.49,7.10,4.80,342.40,790.70
24-Feb-25 10:47:00 AM AEST,32.0,56.2,21.9,nan,nan,nan,42.70,0.28,5.90,2.80,40.60,790.80
24-Feb-25 10:48:00 AM AEST,nan,56.0,22.1,nan,nan,nan,296.00,0.54,11.80,4.60,290.00,791.70
24-Feb-25 10:48:05 AM AEST,32.2,nan,nan,nan,nan,nan,nan,nan,nan,nan,nan,nan
24-Feb-25 10:49:00 AM AEST,nan,54.3,22.3,nan,nan,nan,315.50,0.70,10.60,6.60,314.00,799.10
24-Feb-25 10:49:10 AM AEST,32.1,nan,nan,nan,nan,nan,nan,nan,nan,nan,nan,nan
24-Feb-25 10:50:00 AM AEST,nan,54.5,21.7,nan,nan,nan,283.20,0.60,nan,5.50,286.30,804.20
24-Feb-25 10:51:00 AM AEST,nan,54.2,21.8,nan,nan,nan,306.50,1.00,16.60,9.60,311.80,807.40
24-Feb-25 10:52:00 AM AEST,31.9,53.3,21.6,nan,nan,nan,304.20,0.84,13.00,8.20,303.50,807.50
24-Feb-25 10:53:00 AM AEST,nan,53.5,21.3,nan,nan,nan,326.60,0.66,nan,4.10,305.90,802.50
24-Feb-25 10:53:05 AM AEST,31.8,nan,nan,nan,nan,nan,nan,nan,nan,nan,nan,nan
24-Feb-25 10:54:00 AM AEST,nan,54.2,21.2,nan,nan,nan,307.60,0.70,11.80,6.70,305.70,796.60
24-Feb-25 10:54:10 AM AEST,31.9,nan,nan,nan,nan,nan,nan,nan,nan,nan,nan,nan
24-Feb-25 10:55:00 AM AEST,nan,53.5,21.5,nan,nan,nan,311.40,0.96,14.20,9.50,310.90,793.30
24-Feb-25 10:55:15 AM AEST,31.8,nan,nan,nan,nan,nan,nan,nan,nan,nan,nan,nan
24-Feb-25 10:56:00 AM AEST,nan,53.7,21.2,nan,nan,nan,298.90,0.57,7.10,5.40,300.40,794.90
24-Feb-25 10:56:20 AM AEST,31.9,nan,nan,nan,nan,nan,nan,nan,nan,nan,nan,nan
24-Feb-25 10:57:00 AM AEST,nan,55.3,nan,nan,nan,nan,290.30,0.34,8.30,3.30,288.90,796.70
24-Feb-25 10:57:25 AM AEST,32.1,nan,nan,nan,nan,nan,nan,nan,nan,nan,nan,nan
24-Feb-25 10:58:00 AM AEST,nan,55.2,21.9,nan,nan,nan,313.00,0.44,7.10,3.90,309.70,802.50
24-Feb-25 10:58:30 AM AEST,32.2,nan,nan,nan,nan,nan,nan,nan,nan,nan,nan,nan
24-Feb-25 10:59:00 AM AEST,nan,56.0,nan,nan,nan,nan,5.60,0.50,nan,4.40,5.20,804.90
24-Feb-25 11:00:00 AM AEST,nan,54.2,22.3,nan,nan,nan,327.90,nan,nan,4.70,330.30,805.80
24-Feb-25 11:00:02 AM AEST,nan,nan,nan,nan,nan,0.65,nan,nan,nan,nan,nan,nan
24-Feb-25 11:01:00 AM AEST,32.3,54.0,21.8,nan,nan,nan,326.80,0.54,10.60,3.90,313.70,805.70
24-Feb-25 11:02:00 AM AEST,nan,52.7,nan,nan,nan,nan,294.40,0.67,11.80,6.70,292.10,808.30
24-Feb-25 11:02:05 AM AEST,32.2,nan,nan,nan,nan,nan,nan,nan,nan,nan,nan,nan
24-Feb-25 11:03:00 AM AEST,nan,53.5,21.3,nan,nan,nan,319.40,0.78,14.20,7.70,321.70,805.80
24-Feb-25 11:04:00 AM AEST,32.3,54.3,21.6,nan,nan,nan,283.70,0.41,7.10,4.10,286.10,804.10
24-Feb-25 11:05:00 AM AEST,nan,nan,21.9,nan,nan,nan,293.00,0.59,8.30,5.60,294.70,804.20
24-Feb-25 11:05:05 AM AEST,32.4,nan,nan,nan,nan,nan,nan,nan,nan,nan,nan,nan
24-Feb-25 11:06:00 AM AEST,nan,53.8,22.0,nan,nan,nan,282.00,0.54,7.10,4.80,282.30,809.10
24-Feb-25 11:07:00 AM AEST,nan,54.7,21.8,nan,nan,nan,325.30,0.73,11.80,6.80,325.60,808.30
24-Feb-25 11:08:00 AM AEST,32.3,54.2,22.1,nan,nan,nan,280.90,0.67,17.80,6.10,289.00,809.20
24-Feb-25 11:09:00 AM AEST,nan,53.7,21.9,nan,nan,nan,303.90,0.66,10.60,6.00,300.20,812.40
24-Feb-25 11:10:00 AM AEST,nan,54.0,21.7,nan,nan,nan,281.60,0.44,7.10,3.80,280.20,815.80
24-Feb-25 11:11:00 AM AEST,nan,nan,21.8,nan,nan,nan,280.20,0.60,10.60,5.40,283.60,818.20
24-Feb-25 11:12:00 AM AEST,nan,54.2,nan,nan,nan,nan,298.10,0.65,nan,6.10,295.60,820.00
24-Feb-25 11:13:00 AM AEST,32.4,54.5,nan,nan,nan,nan,317.50,0.38,5.90,3.70,319.00,820.80
24-Feb-25 11:14:00 AM AEST,nan,54.2,22.0,nan,nan,nan,304.50,0.46,nan,4.30,302.60,822.40
24-Feb-25 11:14:05 AM AEST,32.5,nan,nan,nan,nan,nan,nan,nan,nan,nan,nan,nan
24-Feb-25 11:15:00 AM AEST,nan,54.5,nan,nan,nan,nan,328.80,0.76,13.00,5.00,319.90,822.50
24-Feb-25 11:15:10 AM AEST,32.4,nan,nan,nan,nan,nan,nan,nan,nan,nan,nan,nan
24-Feb-25 11:16:00 AM AEST,nan,53.8,22.1,nan,nan,nan,337.00,0.86,11.80,8.20,335.80,825.80
24-Feb-25 11:17:00 AM AEST,32.3,53.0,21.8,nan,nan,nan,317.70,0.67,10.60,6.20,319.60,830.00
24-Feb-25 11:18:00 AM AEST,nan,53.5,21.5,nan,nan,nan,296.50,0.53,nan,4.50,304.30,838.30
24-Feb-25 11:18:05 AM AEST,32.4,nan,nan,nan,nan,nan,nan,nan,nan,nan,nan,nan
24-Feb-25 11:19:00 AM AEST,nan,52.7,21.7,nan,nan,nan,310.70,0.89,15.40,8.40,305.10,834.90
24-Feb-25 11:19:10 AM AEST,32.2,nan,nan,nan,nan,nan,nan,nan,nan,nan,nan,nan
24-Feb-25 11:20:00 AM AEST,nan,53.5,21.3,nan,nan,nan,1.00,0.54,8.30,3.90,3.00,835.00
24-Feb-25 11:20:15 AM AEST,32.3,nan,nan,nan,nan,nan,nan,nan,nan,nan,nan,nan
24-Feb-25 11:21:00 AM AEST,nan,54.0,21.6,nan,nan,nan,311.70,0.44,7.10,nan,317.00,840.80
24-Feb-25 11:21:20 AM AEST,32.4,nan,nan,nan,nan,nan,nan,nan,nan,nan,nan,nan
24-Feb-25 11:22:00 AM AEST,nan,53.5,21.8,nan,nan,nan,332.40,0.55,9.50,3.10,326.30,848.20
24-Feb-25 11:22:25 AM AEST,32.5,nan,nan,nan,nan,nan,nan,nan,nan,nan,nan,nan
24-Feb-25 11:23:00 AM AEST,nan,53.0,21.7,nan,nan,nan,302.90,0.47,7.10,4.20,305.10,854.20
24-Feb-25 11:23:30 AM AEST,32.6,nan,nan,nan,nan,nan,nan,nan,nan,nan,nan,nan
24-Feb-25 11:24:00 AM AEST,nan,53.2,nan,nan,nan,nan,301.60,0.50,8.30,3.80,314.10,859.10
24-Feb-25 11:25:00 AM AEST,nan,53.0,21.8,nan,nan,nan,282.10,0.59,11.80,5.20,283.30,802.50
24-Feb-25 11:26:00 AM AEST,32.7,54.8,21.7,nan,nan,nan,260.10,0.20,2.40,2.00,260.10,566.70
24-Feb-25 11:27:00 AM AEST,nan,55.3,22.4,nan,nan,nan,288.60,0.46,14.20,3.30,321.40,870.70
24-Feb-25 11:27:05 AM AEST,32.8,nan,nan,nan,nan,nan,nan,nan,nan,nan,nan,nan
24-Feb-25 11:28:00 AM AEST,nan,53.3,22.7,nan,nan,nan,0.20,0.75,nan,6.40,6.70,585.00
24-Feb-25 11:28:10 AM AEST,32.7,nan,nan,nan,nan,nan,nan,nan,nan,nan,nan,nan
24-Feb-25 11:29:00 AM AEST,nan,52.0,22.0,nan,nan,nan,45.70,1.06,13.00,10.50,44.70,703.20
24-Feb-25 11:29:15 AM AEST,32.5,nan,nan,nan,nan,nan,nan,nan,nan,nan,nan,nan
24-Feb-25 11:30:00 AM AEST,nan,52.7,21.4,nan,nan,nan,4.80,0.67,10.60,5.10,356.90,871.70
24-Feb-25 11:30:20 AM AEST,32.4,nan,nan,nan,nan,nan,nan,nan,nan,nan,nan,nan
24-Feb-25 11:31:00 AM AEST,nan,53.0,nan,nan,nan,nan,312.10,0.79,11.80,6.80,310.60,867.50
24-Feb-25 11:32:00 AM AEST,32.6,54.3,21.6,nan,nan,nan,307.70,0.26,7.10,2.60,307.70,871.60
24-Feb-25 11:33:00 AM AEST,nan,55.0,22.1,nan,nan,nan,299.10,0.51,10.60,5.00,294.10,835.00
24-Feb-25 11:33:05 AM AEST,32.7,nan,nan,nan,nan,nan,nan,nan,nan,nan,nan,nan
24-Feb-25 11:34:00 AM AEST,nan,53.2,22.5,nan,nan,nan,330.80,0.35,8.30,3.50,329.30,856.60
24-Feb-25 11:34:10 AM AEST,32.8,nan,nan,nan,nan,nan,nan,nan,nan,nan,nan,nan
24-Feb-25 11:35:00 AM AEST,nan,52.5,22.0,nan,nan,nan,331.80,0.81,11.80,7.90,331.30,698.30
24-Feb-25 11:35:15 AM AEST,32.7,nan,nan,nan,nan,nan,nan,nan,nan,nan,nan,nan
24-Feb-25 11:36:00 AM AEST,nan,nan,21.8,nan,nan,nan,344.10,0.68,10.60,6.00,347.70,855.80
24-Feb-25 11:36:20 AM AEST,32.6,nan,nan,nan,nan,nan,nan,nan,nan,nan,nan,nan
24-Feb-25 11:37:00 AM AEST,nan,nan,21.7,nan,nan,nan,336.80,0.90,14.20,6.90,325.30,879.90
24-Feb-25 11:37:25 AM AEST,32.5,nan,nan,nan,nan,nan,nan,nan,nan,nan,nan,nan
24-Feb-25 11:38:00 AM AEST,nan,52.3,21.6,nan,nan,nan,300.20,0.97,15.40,9.00,298.30,874.20
24-Feb-25 11:38:30 AM AEST,32.4,nan,nan,nan,nan,nan,nan,nan,nan,nan,nan,nan
24-Feb-25 11:39:00 AM AEST,nan,nan,21.4,nan,nan,nan,303.90,0.82,17.80,7.90,300.10,863.20
24-Feb-25 11:40:00 AM AEST,nan,52.5,nan,nan,nan,nan,291.70,0.64,10.60,6.10,290.60,861.70
24-Feb-25 11:41:00 AM AEST,nan,52.0,21.5,nan,nan,nan,296.60,0.86,11.80,8.30,296.40,858.30
24-Feb-25 11:42:00 AM AEST,nan,53.5,21.3,nan,nan,nan,354.70,0.79,17.80,6.20,357.50,859.10
24-Feb-25 11:43:00 AM AEST,32.5,53.3,21.8,nan,nan,nan,353.20,0.56,11.80,4.30,348.70,860.80
24-Feb-25 11:44:00 AM AEST,nan,52.5,21.7,nan,nan,nan,308.30,0.70,9.50,6.40,308.30,864.10
24-Feb-25 11:45:00 AM AEST,32.6,52.3,21.5,nan,nan,nan,316.30,0.72,10.60,6.60,314.90,868.30
24-Feb-25 11:46:00 AM AEST,nan,51.8,nan,nan,nan,nan,281.70,0.75,13.00,6.10,285.80,nan
24-Feb-25 11:46:05 AM AEST,32.5,nan,nan,nan,nan,nan,nan,nan,nan,nan,nan,nan
24-Feb-25 11:47:00 AM AEST,nan,52.7,21.3,nan,nan,nan,322.70,0.60,9.50,5.50,319.80,866.60
24-Feb-25 11:47:10 AM AEST,32.6,nan,nan,nan,nan,nan,nan,nan,nan,nan,nan,nan
24-Feb-25 11:48:00 AM AEST,nan,52.8,21.6,nan,nan,nan,324.00,0.54,7.10,4.90,325.40,870.80
24-Feb-25 11:48:15 AM AEST,32.5,nan,nan,nan,nan,nan,nan,nan,nan,nan,nan,nan
24-Feb-25 11:49:00 AM AEST,nan,52.7,21.7,nan,nan,nan,329.30,0.66,11.80,5.60,331.50,872.40
24-Feb-25 11:49:20 AM AEST,32.6,nan,nan,nan,nan,nan,nan,nan,nan,nan,nan,nan
24-Feb-25 11:50:00 AM AEST,nan,51.5,nan,nan,nan,nan,288.50,0.72,10.60,5.80,288.80,871.70
24-Feb-25 11:50:25 AM AEST,32.5,nan,nan,nan,nan,nan,nan,nan,nan,nan,nan,nan
24-Feb-25 11:51:00 AM AEST,nan,51.8,21.3,nan,nan,nan,295.70,0.73,nan,6.10,298.60,870.80
24-Feb-25 11:51:30 AM AEST,32.6,nan,nan,nan,nan,nan,nan,nan,nan,nan,nan,nan
24-Feb-25 11:52:00 AM AEST,nan,51.2,nan,nan,nan,nan,311.90,0.62,13.00,nan,315.30,866.60
24-Feb-25 11:53:00 AM AEST,nan,51.7,21.2,nan,nan,nan,298.40,0.84,18.90,7.70,301.40,861.70
24-Feb-25 11:54:00 AM AEST,32.5,50.8,21.4,nan,nan,nan,322.40,0.86,13.00,8.00,321.70,865.00
24-Feb-25 11:55:00 AM AEST,nan,51.7,21.0,nan,nan,nan,343.80,0.44,7.10,4.40,342.90,872.40
24-Feb-25 11:55:05 AM AEST,32.6,nan,nan,nan,nan,nan,nan,nan,nan,nan,nan,nan
24-Feb-25 11:56:00 AM AEST,nan,51.8,21.3,nan,nan,nan,289.50,0.89,13.00,8.30,287.10,874.20
24-Feb-25 11:57:00 AM AEST,32.5,51.3,21.4,nan,nan,nan,287.10,0.66,9.50,6.10,283.70,874.90
24-Feb-25 11:58:00 AM AEST,nan,52.5,21.1,nan,nan,nan,300.80,0.28,4.70,2.70,300.50,nan
24-Feb-25 11:58:05 AM AEST,32.6,nan,nan,nan,nan,nan,nan,nan,nan,nan,nan,nan
24-Feb-25 11:59:00 AM AEST,nan,52.8,21.6,nan,nan,nan,330.50,0.63,7.10,5.30,330.90,877.50
24-Feb-25 11:59:10 AM AEST,32.7,nan,nan,nan,nan,nan,nan,nan,nan,nan,nan,nan
24-Feb-25 12:00:00 PM AEST,nan,51.8,21.8,nan,nan,nan,298.90,0.34,nan,2.70,307.20,852.50
24-Feb-25 12:00:03 PM AEST,nan,nan,nan,nan,nan,0.70,nan,nan,nan,nan,nan,nan
24-Feb-25 12:01:00 PM AEST,32.9,52.8,21.5,nan,nan,nan,284.40,0.28,nan,2.00,305.50,813.30
24-Feb-25 12:02:00 PM AEST,nan,51.8,22.0,nan,nan,nan,289.50,0.72,11.80,5.40,299.20,880.70
24-Feb-25 12:03:00 PM AEST,32.8,50.3,21.7,nan,nan,nan,288.90,0.66,10.60,6.40,289.40,878.30
24-Feb-25 12:04:00 PM AEST,nan,nan,21.1,nan,nan,nan,325.20,0.34,4.70,3.10,327.70,875.80
24-Feb-25 12:04:05 PM AEST,32.9,nan,nan,nan,nan,nan,nan,nan,nan,nan,nan,nan
24-Feb-25 12:05:00 PM AEST,nan,51.8,21.2,nan,nan,nan,348.50,0.21,3.50,2.10,348.50,874.90
24-Feb-25 12:05:10 PM AEST,33.1,nan,nan,nan,nan,nan,nan,nan,nan,nan,nan,nan
24-Feb-25 12:06:00 PM AEST,nan,52.5,21.8,nan,nan,nan,332.10,0.28,7.10,2.70,326.00,871.70
24-Feb-25 12:06:15 PM AEST,33.2,nan,nan,nan,nan,nan,nan,nan,nan,nan,nan,nan
24-Feb-25 12:07:00 PM AEST,nan,51.7,22.2,nan,nan,nan,328.00,0.69,11.80,6.70,328.30,869.10
24-Feb-25 12:07:20 PM AEST,33.1,nan,nan,nan,nan,nan,nan,nan,nan,nan,nan,nan
24-Feb-25 12:08:00 PM AEST,nan,50.8,21.9,nan,nan,nan,10.10,0.82,16.60,5.40,9.90,871.70
24-Feb-25 12:09:00 PM AEST,nan,50.0,21.5,nan,nan,nan,327.20,0.43,7.10,4.30,327.10,874.20
24-Feb-25 12:10:00 PM AEST,nan,51.2,21.2,nan,nan,nan,326.20,0.57,10.60,4.20,342.30,873.20
24-Feb-25 12:11:00 PM AEST,nan,50.5,21.7,nan,nan,nan,324.50,0.79,nan,7.70,324.90,876.70
24-Feb-25 12:12:00 PM AEST,nan,50.8,21.4,nan,nan,nan,271.20,0.54,8.30,5.30,272.80,874.10
24-Feb-25 12:13:00 PM AEST,nan,50.3,21.5,nan,nan,nan,299.90,0.46,nan,3.70,300.70,880.00
24-Feb-25 12:14:00 PM AEST,nan,50.8,21.4,nan,nan,nan,295.30,0.69,10.60,6.10,295.30,881.70
24-Feb-25 12:15:00 PM AEST,nan,51.7,21.5,nan,nan,nan,303.80,0.78,13.00,5.80,295.90,879.10
24-Feb-25 12:16:00 PM AEST,nan,nan,21.8,nan,nan,nan,294.00,0.51,7.10,4.80,292.60,878.30
24-Feb-25 12:17:00 PM AEST,33.2,50.8,nan,nan,nan,nan,291.40,0.27,3.50,2.60,291.50,875.70
24-Feb-25 12:18:00 PM AEST,nan,51.2,21.7,nan,nan,nan,262.80,0.25,4.70,2.50,263.40,877.50
24-Feb-25 12:18:05 PM AEST,33.3,nan,nan,nan,nan,nan,nan,nan,nan,nan,nan,nan
24-Feb-25 12:19:00 PM AEST,nan,50.0,21.9,nan,nan,nan,295.20,0.77,14.20,7.60,297.30,882.50
24-Feb-25 12:20:00 PM AEST,33.1,49.3,21.4,nan,nan,nan,302.10,0.91,nan,8.70,302.10,884.90
24-Feb-25 12:21:00 PM AEST,nan,49.8,21.0,nan,nan,nan,308.00,0.62,8.30,5.00,311.10,886.70
24-Feb-25 12:21:05 PM AEST,33.0,nan,nan,nan,nan,nan,nan,nan,nan,nan,nan,nan
24-Feb-25 12:22:00 PM AEST,nan,nan,21.1,nan,nan,nan,293.20,0.44,7.10,4.30,294.90,884.90
24-Feb-25 12:22:10 PM AEST,33.1,nan,nan,nan,nan,nan,nan,nan,nan,nan,nan,nan
24-Feb-25 12:23:00 PM AEST,nan,50.0,21.2,nan,nan,nan,301.40,0.57,10.60,4.20,319.10,884.20
24-Feb-25 12:23:15 PM AEST,33.2,nan,nan,nan,nan,nan,nan,nan,nan,nan,nan,nan
24-Feb-25 12:24:00 PM AEST,nan,49.0,21.3,nan,nan,nan,306.30,0.43,7.10,4.00,304.50,888.30
24-Feb-25 12:24:20 PM AEST,33.4,nan,nan,nan,nan,nan,nan,nan,nan,nan,nan,nan
24-Feb-25 12:25:00 PM AEST,nan,49.8,21.0,nan,nan,nan,328.40,0.24,3.50,2.40,328.40,891.60
24-Feb-25 12:26:00 PM AEST,33.5,50.0,21.5,nan,nan,nan,4.50,0.66,13.00,6.10,18.90,890.00
24-Feb-25 12:27:00 PM AEST,nan,nan,21.6,nan,nan,nan,316.30,0.50,8.30,4.40,314.00,876.70
24-Feb-25 12:27:05 PM AEST,33.4,nan,nan,nan,nan,nan,nan,nan,nan,nan,nan,nan
24-Feb-25 12:28:00 PM AEST,nan,49.0,nan,nan,nan,nan,303.90,0.60,13.00,4.60,298.70,877.50
24-Feb-25 12:29:00 PM AEST,33.2,48.3,21.2,nan,nan,nan,313.20,0.95,15.40,9.00,312.60,881.70
24-Feb-25 12:30:00 PM AEST,nan,49.0,20.8,nan,nan,nan,344.10,0.60,13.00,5.10,352.50,884.10
24-Feb-25 12:30:05 PM AEST,33.3,nan,nan,nan,nan,nan,nan,nan,nan,nan,nan,nan
24-Feb-25 12:31:00 PM AEST,nan,49.2,21.1,nan,nan,nan,6.80,0.88,11.80,5.90,6.20,885.00
24-Feb-25 12:31:10 PM AEST,33.2,nan,nan,nan,nan,nan,nan,nan,nan,nan,nan,nan
24-Feb-25 12:32:00 PM AEST,nan,49.3,nan,nan,nan,nan,321.10,0.60,10.60,5.00,318.80,883.30
24-Feb-25 12:32:15 PM AEST,33.3,nan,nan,nan,nan,nan,nan,nan,nan,nan,nan,nan
24-Feb-25 12:33:00 PM AEST,nan,nan,nan,nan,nan,nan,303.80,0.26,4.70,2.60,304.10,882.40
24-Feb-25 12:33:20 PM AEST,33.4,nan,nan,nan,nan,nan,nan,nan,nan,nan,nan,nan
24-Feb-25 12:34:00 PM AEST,nan,49.2,21.3,nan,nan,nan,331.00,0.73,11.80,6.80,330.70,875.80
24-Feb-25 12:34:25 PM AEST,33.2,nan,nan,nan,nan,nan,nan,nan,nan,nan,nan,nan
24-Feb-25 12:35:00 PM AEST,nan,47.8,nan,nan,nan,nan,322.00,0.99,13.00,9.80,322.50,882.40
24-Feb-25 12:36:00 PM AEST,nan,nan,20.7,nan,nan,nan,339.30,0.57,8.30,5.50,339.20,888.30
24-Feb-25 12:37:00 PM AEST,33.3,49.3,20.6,nan,nan,nan,269.20,0.53,9.50,4.90,268.90,891.70
24-Feb-25 12:38:00 PM AEST,nan,49.0,21.2,nan,nan,nan,315.50,0.79,16.60,5.90,293.50,896.60
24-Feb-25 12:38:05 PM AEST,33.2,nan,nan,nan,nan,nan,nan,nan,nan,nan,nan,nan
24-Feb-25 12:39:00 PM AEST,nan,49.7,21.1,nan,nan,nan,324.50,0.82,11.80,7.40,320.60,894.20
24-Feb-25 12:39:10 PM AEST,33.3,nan,nan,nan,nan,nan,nan,nan,nan,nan,nan,nan
24-Feb-25 12:40:00 PM AEST,nan,48.5,21.3,nan,nan,nan,354.00,0.96,13.00,8.40,353.00,888.20
24-Feb-25 12:40:15 PM AEST,33.2,nan,nan,nan,nan,nan,nan,nan,nan,nan,nan,nan
24-Feb-25 12:41:00 PM AEST,nan,nan,20.9,nan,nan,nan,334.10,0.45,8.30,4.50,334.10,884.20
24-Feb-25 12:42:00 PM AEST,33.4,50.0,nan,nan,nan,nan,339.50,0.57,10.60,3.40,341.90,881.70
24-Feb-25 12:43:00 PM AEST,nan,49.0,21.5,nan,nan,nan,331.70,0.71,nan,5.60,330.40,882.40
24-Feb-25 12:44:00 PM AEST,nan,50.8,21.2,nan,nan,nan,334.00,0.27,4.70,2.70,334.00,879.20
24-Feb-25 12:45:00 PM AEST,33.5,51.3,21.8,nan,nan,nan,291.50,0.56,9.50,5.30,294.20,877.40
24-Feb-25 12:46:00 PM AEST,nan,50.8,22.1,nan,nan,nan,19.80,0.77,nan,4.50,18.70,881.70
24-Feb-25 12:47:00 PM AEST,nan,49.8,21.9,nan,nan,nan,10.50,0.66,nan,6.00,11.10,883.30
24-Feb-25 12:48:00 PM AEST,33.6,50.3,21.6,nan,nan,nan,320.50,0.37,5.90,3.30,324.40,883.20
24-Feb-25 12:49:00 PM AEST,nan,50.0,21.8,nan,nan,nan,313.60,0.30,4.70,2.70,320.30,883.30
24-Feb-25 12:49:05 PM AEST,33.7,nan,nan,nan,nan,nan,nan,nan,nan,nan,nan,nan
24-Feb-25 12:50:00 PM AEST,nan,49.7,nan,nan,nan,nan,13.90,0.40,5.90,3.90,14.30,879.90
24-Feb-25 12:51:00 PM AEST,33.8,49.0,21.7,nan,nan,nan,43.70,0.44,7.10,3.60,45.70,878.30
24-Feb-25 12:52:00 PM AEST,nan,48.2,21.6,nan,nan,nan,343.70,nan,5.90,nan,346.40,876.70
24-Feb-25 12:53:00 PM AEST,33.9,48.0,21.3,nan,nan,nan,312.00,0.21,3.50,2.10,312.10,874.10
24-Feb-25 12:54:00 PM AEST,nan,47.7,21.4,nan,nan,nan,358.80,0.66,9.50,4.80,7.60,881.70
24-Feb-25 12:54:05 PM AEST,34.0,nan,nan,nan,nan,nan,nan,nan,nan,nan,nan,nan
24-Feb-25 12:55:00 PM AEST,nan,48.7,21.3,nan,nan,nan,293.90,0.36,7.10,3.50,297.00,880.70
24-Feb-25 12:56:00 PM AEST,nan,47.3,21.6,nan,nan,nan,316.40,0.63,9.50,5.90,316.70,875.00
24-Feb-25 12:57:00 PM AEST,33.9,47.2,21.2,nan,nan,nan,307.70,0.68,10.60,6.60,308.40,878.30
24-Feb-25 12:58:00 PM AEST,nan,46.3,21.0,nan,nan,nan,318.60,0.72,13.00,6.80,319.60,875.70
24-Feb-25 12:59:00 PM AEST,33.8,47.2,20.7,nan,nan,nan,12.30,0.74,10.60,7.00,12.20,874.20
24-Feb-25 1:00:00 PM AEST,nan,45.8,21.0,nan,nan,nan,325.80,0.61,nan,5.60,325.50,874.10
24-Feb-25 1:00:04 PM AEST,nan,nan,nan,nan,nan,0.68,nan,nan,nan,nan,nan,nan
24-Feb-25 1:01:00 PM AEST,nan,47.0,20.5,nan,nan,nan,310.70,0.73,nan,7.20,310.80,874.20
24-Feb-25 1:02:00 PM AEST,nan,49.2,20.9,nan,nan,nan,296.70,0.53,13.00,5.20,301.70,875.80
24-Feb-25 1:03:00 PM AEST,nan,46.2,21.7,nan,nan,nan,326.40,0.88,nan,8.70,326.60,872.40
24-Feb-25 1:04:00 PM AEST,33.7,45.7,20.6,nan,nan,nan,308.60,0.56,7.10,5.50,307.00,875.00
24-Feb-25 1:05:00 PM AEST,nan,47.2,20.4,nan,nan,nan,309.60,0.31,nan,3.10,309.30,871.70
24-Feb-25 1:05:05 PM AEST,33.8,nan,nan,nan,nan,nan,nan,nan,nan,nan,nan,nan
24-Feb-25 1:06:00 PM AEST,nan,48.5,21.0,nan,nan,nan,307.10,0.16,9.50,1.60,297.70,869.90
24-Feb-25 1:06:10 PM AEST,34.1,nan,nan,nan,nan,nan,nan,nan,nan,nan,nan,nan
24-Feb-25 1:07:00 PM AEST,nan,47.7,21.7,nan,nan,nan,310.00,0.57,8.30,5.70,311.20,868.30
24-Feb-25 1:08:00 PM AEST,34.2,47.3,21.4,nan,nan,nan,320.30,0.43,nan,4.20,321.60,866.60
24-Feb-25 1:09:00 PM AEST,nan,46.8,21.3,nan,nan,nan,354.00,0.64,9.50,4.50,357.20,864.20
24-Feb-25 1:10:00 PM AEST,34.1,46.0,21.2,nan,nan,nan,346.80,0.83,14.20,7.70,350.90,860.80
24-Feb-25 1:11:00 PM AEST,nan,45.2,20.8,nan,nan,nan,328.10,0.95,nan,9.20,328.80,859.10
24-Feb-25 1:11:05 PM AEST,34.0,nan,nan,nan,nan,nan,nan,nan,nan,nan,nan,nan
24-Feb-25 1:12:00 PM AEST,nan,44.7,20.4,nan,nan,nan,317.70,0.72,13.00,6.90,314.30,856.70
24-Feb-25 1:12:10 PM AEST,33.9,nan,nan,nan,nan,nan,nan,nan,nan,nan,nan,nan
24-Feb-25 1:13:00 PM AEST,nan,45.3,20.1,nan,nan,nan,316.00,0.59,9.50,4.50,309.50,850.70
24-Feb-25 1:14:00 PM AEST,nan,45.7,20.4,nan,nan,nan,325.80,0.63,8.30,6.00,324.70,852.50
24-Feb-25 1:15:00 PM AEST,34.0,46.2,20.5,nan,nan,nan,324.90,0.38,7.10,3.50,326.90,848.30
24-Feb-25 1:16:00 PM AEST,nan,46.5,20.8,nan,nan,nan,19.10,0.56,10.60,4.30,6.20,843.20
24-Feb-25 1:16:05 PM AEST,34.1,nan,nan,nan,nan,nan,nan,nan,nan,nan,nan,nan
24-Feb-25 1:17:00 PM AEST,nan,45.5,21.0,nan,nan,nan,16.80,0.79,11.80,7.40,18.30,843.30
24-Feb-25 1:17:10 PM AEST,34.0,nan,nan,nan,nan,nan,nan,nan,nan,nan,nan,nan
24-Feb-25 1:18:00 PM AEST,nan,46.2,20.6,nan,nan,nan,4.60,0.59,10.60,5.00,6.70,837.40
24-Feb-25 1:18:15 PM AEST,34.1,nan,nan,nan,nan,nan,nan,nan,nan,nan,nan,nan
24-Feb-25 1:19:00 PM AEST,nan,46.3,20.8,nan,nan,nan,320.40,0.66,9.50,6.10,318.10,847.50
24-Feb-25 1:19:20 PM AEST,33.9,nan,nan,nan,nan,nan,nan,nan,nan,nan,nan,nan
24-Feb-25 1:20:00 PM AEST,nan,43.8,20.9,nan,nan,nan,308.50,1.17,17.80,11.60,307.70,nan
24-Feb-25 1:21:00 PM AEST,nan,45.8,19.8,nan,nan,nan,7.90,0.51,9.50,4.50,4.00,847.40
24-Feb-25 1:22:00 PM AEST,34.1,48.3,20.5,nan,nan,nan,6.30,0.24,3.50,2.40,7.20,844.20
24-Feb-25 1:23:00 PM AEST,nan,48.5,21.6,nan,nan,nan,132.50,0.36,5.90,3.20,134.50,845.70
24-Feb-25 1:23:05 PM AEST,34.2,nan,nan,nan,nan,nan,nan,nan,nan,nan,nan,nan
24-Feb-25 1:24:00 PM AEST,nan,49.2,21.7,nan,nan,nan,137.70,0.21,3.50,2.10,137.90,847.50
24-Feb-25 1:24:10 PM AEST,34.3,nan,nan,nan,nan,nan,nan,nan,nan,nan,nan,nan
24-Feb-25 1:25:00 PM AEST,nan,49.7,22.1,nan,nan,nan,137.60,0.29,7.10,2.90,137.80,844.20
24-Feb-25 1:25:15 PM AEST,34.5,nan,nan,nan,nan,nan,nan,nan,nan,nan,nan,nan
24-Feb-25 1:26:00 PM AEST,nan,49.2,22.4,nan,nan,nan,301.80,0.82,10.60,7.80,301.80,836.60
24-Feb-25 1:26:20 PM AEST,34.4,nan,nan,nan,nan,nan,nan,nan,nan,nan,nan,nan
24-Feb-25 1:27:00 PM AEST,nan,49.0,22.2,nan,nan,nan,308.10,0.54,7.10,5.40,307.90,839.20
24-Feb-25 1:27:25 PM AEST,34.3,nan,nan,nan,nan,nan,nan,nan,nan,nan,nan,nan
24-Feb-25 1:28:00 PM AEST,nan,48.2,22.0,nan,nan,nan,313.70,0.67,10.60,6.60,314.00,839.10
24-Feb-25 1:29:00 PM AEST,34.1,46.5,21.8,nan,nan,nan,297.10,0.89,13.00,8.50,296.40,839.20
24-Feb-25 1:30:00 PM AEST,nan,46.8,21.0,nan,nan,nan,325.60,0.54,8.30,5.40,327.00,840.00
24-Feb-25 1:30:05 PM AEST,34.2,nan,nan,nan,nan,nan,nan,nan,nan,nan,nan,nan
24-Feb-25 1:31:00 PM AEST,nan,47.0,21.2,nan,nan,nan,3.90,0.59,9.50,3.70,359.90,839.10
24-Feb-25 1:31:10 PM AEST,34.3,nan,nan,nan,nan,nan,nan,nan,nan,nan,nan,nan
24-Feb-25 1:32:00 PM AEST,nan,nan,21.3,nan,nan,nan,316.30,0.41,5.90,4.10,316.50,835.80
24-Feb-25 1:33:00 PM AEST,34.4,47.7,nan,nan,nan,nan,306.20,0.44,8.30,2.80,311.40,829.20
24-Feb-25 1:34:00 PM AEST,nan,47.0,21.7,nan,nan,nan,315.50,0.40,7.10,2.60,330.80,828.20
24-Feb-25 1:35:00 PM AEST,34.5,48.5,21.4,nan,nan,nan,13.80,0.43,nan,3.70,15.30,824.20
24-Feb-25 1:36:00 PM AEST,nan,50.5,22.0,nan,nan,nan,22.70,0.28,9.50,2.20,9.80,823.20
24-Feb-25 1:36:05 PM AEST,34.6,nan,nan,nan,nan,nan,nan,nan,nan,nan,nan,nan
24-Feb-25 1:37:00 PM AEST,nan,48.3,22.8,nan,nan,nan,323.90,0.86,14.20,7.10,320.70,825.00
24-Feb-25 1:37:10 PM AEST,34.5,nan,nan,nan,nan,nan,nan,nan,nan,nan,nan,nan
24-Feb-25 1:38:00 PM AEST,nan,48.5,22.0,nan,nan,nan,331.50,0.90,16.60,8.80,328.70,823.30
24-Feb-25 1:38:15 PM AEST,34.4,nan,nan,nan,nan,nan,nan,nan,nan,nan,nan,nan
24-Feb-25 1:39:00 PM AEST,nan,48.2,nan,nan,nan,nan,328.10,0.75,10.60,7.10,329.70,823.20
24-Feb-25 1:39:20 PM AEST,34.3,nan,nan,nan,nan,nan,nan,nan,nan,nan,nan,nan
24-Feb-25 1:40:00 PM AEST,nan,48.8,21.8,nan,nan,nan,305.00,0.55,9.50,5.20,307.80,827.50
24-Feb-25 1:41:00 PM AEST,34.4,49.2,22.0,nan,nan,nan,297.90,0.70,10.60,6.20,292.50,824.90
24-Feb-25 1:42:00 PM AEST,nan,49.0,22.2,nan,nan,nan,261.20,nan,11.80,5.30,258.10,822.50
24-Feb-25 1:42:05 PM AEST,34.3,nan,nan,nan,nan,nan,nan,nan,nan,nan,nan,nan
24-Feb-25 1:43:00 PM AEST,nan,48.8,22.1,nan,nan,nan,297.80,0.88,16.60,8.60,297.60,820.00
24-Feb-25 1:44:00 PM AEST,34.2,nan,22.0,nan,nan,nan,302.50,0.64,11.80,6.00,308.40,821.60
24-Feb-25 1:45:00 PM AEST,nan,50.8,21.9,nan,nan,nan,281.80,0.47,8.30,4.50,277.80,815.80
24-Feb-25 1:45:05 PM AEST,34.4,nan,nan,nan,nan,nan,nan,nan,nan,nan,nan,nan
24-Feb-25 1:46:00 PM AEST,nan,49.8,22.7,nan,nan,nan,320.60,0.50,7.10,4.10,322.20,813.20
24-Feb-25 1:46:10 PM AEST,34.5,nan,nan,nan,nan,nan,nan,nan,nan,nan,nan,nan
24-Feb-25 1:47:00 PM AEST,nan,50.2,22.5,nan,nan,nan,303.90,0.44,nan,nan,301.60,812.50
24-Feb-25 1:48:00 PM AEST,nan,49.7,22.6,nan,nan,nan,323.20,0.51,8.30,4.70,320.20,808.30
24-Feb-25 1:49:00 PM AEST,34.7,50.3,22.4,nan,nan,nan,329.80,0.25,7.10,2.50,329.70,803.20
24-Feb-25 1:50:00 PM AEST,nan,49.7,22.8,nan,nan,nan,340.50,0.55,nan,5.40,338.00,802.50
24-Feb-25 1:51:00 PM AEST,34.6,50.0,22.6,nan,nan,nan,339.40,nan,10.60,nan,337.50,790.70
24-Feb-25 1:52:00 PM AEST,nan,48.8,22.7,nan,nan,nan,313.40,0.98,15.40,8.40,318.40,806.70
24-Feb-25 1:52:05 PM AEST,34.5,nan,nan,nan,nan,nan,nan,nan,nan,nan,nan,nan
24-Feb-25 1:53:00 PM AEST,nan,48.5,22.2,nan,nan,nan,277.70,0.79,10.60,7.10,280.70,814.20
24-Feb-25 1:53:10 PM AEST,34.4,nan,nan,nan,nan,nan,nan,nan,nan,nan,nan,nan
24-Feb-25 1:54:00 PM AEST,nan,47.8,22.0,nan,nan,nan,302.90,1.33,22.50,12.00,306.50,816.60
24-Feb-25 1:54:15 PM AEST,34.2,nan,nan,nan,nan,nan,nan,nan,nan,nan,nan,nan
24-Feb-25 1:55:00 PM AEST,nan,48.2,21.5,nan,nan,nan,284.60,0.92,13.00,8.70,286.50,816.70
24-Feb-25 1:56:00 PM AEST,nan,47.0,21.6,nan,nan,nan,278.90,0.75,10.60,7.00,279.90,815.00
24-Feb-25 1:57:00 PM AEST,nan,46.7,21.2,nan,nan,nan,262.20,0.83,nan,8.10,263.80,810.70
24-Feb-25 1:58:00 PM AEST,34.1,47.2,21.1,nan,nan,nan,288.30,0.50,9.50,4.90,287.60,805.80
24-Feb-25 1:59:00 PM AEST,nan,47.8,21.2,nan,nan,nan,300.10,0.30,4.70,2.60,300.30,801.60
24-Feb-25 1:59:05 PM AEST,34.4,nan,nan,nan,nan,nan,nan,nan,nan,nan,nan,nan
24-Feb-25 2:00:00 PM AEST,nan,nan,21.7,nan,nan,nan,283.70,0.37,7.10,3.40,284.60,799.20
24-Feb-25 2:00:05 PM AEST,nan,nan,nan,nan,nan,0.61,nan,nan,nan,nan,nan,nan
24-Feb-25 2:00:10 PM AEST,34.5,nan,nan,nan,nan,nan,nan,nan,nan,nan,nan,nan
24-Feb-25 2:01:00 PM AEST,nan,48.5,21.8,nan,nan,nan,277.50,0.60,13.00,5.30,274.40,794.20
24-Feb-25 2:02:00 PM AEST,34.4,48.2,22.0,nan,nan,nan,326.60,0.97,22.50,9.50,324.50,797.40
24-Feb-25 2:03:00 PM AEST,nan,48.5,21.8,nan,nan,nan,300.90,0.54,8.30,5.30,303.50,790.80
24-Feb-25 2:03:05 PM AEST,34.3,nan,nan,nan,nan,nan,nan,nan,nan,nan,nan,nan
24-Feb-25 2:04:00 PM AEST,nan,50.5,21.9,nan,nan,nan,288.20,0.50,9.50,4.20,294.30,779.90
24-Feb-25 2:04:10 PM AEST,34.5,nan,nan,nan,nan,nan,nan,nan,nan,nan,nan,nan
24-Feb-25 2:05:00 PM AEST,nan,49.7,22.7,nan,nan,nan,265.30,0.81,14.20,7.50,277.70,775.80
24-Feb-25 2:06:00 PM AEST,34.4,49.2,22.4,nan,nan,nan,273.00,0.47,9.50,4.30,273.70,780.00
24-Feb-25 2:07:00 PM AEST,nan,49.7,22.2,nan,nan,nan,280.80,0.69,14.20,5.10,296.20,781.60
24-Feb-25 2:08:00 PM AEST,nan,50.5,22.3,nan,nan,nan,238.90,0.58,10.60,4.80,246.10,779.20
24-Feb-25 2:09:00 PM AEST,34.3,51.2,22.6,nan,nan,nan,299.80,0.68,13.00,6.70,304.10,779.10
24-Feb-25 2:10:00 PM AEST,nan,51.7,22.8,nan,nan,nan,277.80,0.45,7.10,3.00,292.00,778.30
24-Feb-25 2:10:05 PM AEST,34.5,nan,nan,nan,nan,nan,nan,nan,nan,nan,nan,nan
24-Feb-25 2:11:00 PM AEST,nan,50.0,23.1,nan,nan,nan,272.20,0.88,17.80,8.10,274.20,777.50
24-Feb-25 2:11:10 PM AEST,34.4,nan,nan,nan,nan,nan,nan,nan,nan,nan,nan,nan
24-Feb-25 2:12:00 PM AEST,nan,48.8,22.5,nan,nan,nan,294.50,0.58,10.60,5.70,292.70,771.60
24-Feb-25 2:12:15 PM AEST,34.3,nan,nan,nan,nan,nan,nan,nan,nan,nan,nan,nan
24-Feb-25 2:13:00 PM AEST,nan,nan,22.0,nan,nan,nan,313.00,0.83,14.20,7.50,313.10,768.30
24-Feb-25 2:14:00 PM AEST,34.1,48.0,nan,nan,nan,nan,306.10,0.79,10.60,7.70,307.20,764.90
24-Feb-25 2:15:00 PM AEST,nan,48.8,21.5,nan,nan,nan,339.40,0.68,nan,5.10,342.00,763.30
24-Feb-25 2:15:05 PM AEST,34.2,nan,nan,nan,nan,nan,nan,nan,nan,nan,nan,nan
24-Feb-25 2:16:00 PM AEST,nan,49.7,21.9,nan,nan,nan,318.70,0.98,16.60,8.20,315.00,767.50
24-Feb-25 2:16:10 PM AEST,34.1,nan,nan,nan,nan,nan,nan,nan,nan,nan,nan,nan
24-Feb-25 2:17:00 PM AEST,nan,49.5,22.1,nan,nan,nan,313.50,0.73,10.60,7.10,314.60,765.70
24-Feb-25 2:18:00 PM AEST,34.2,49.3,22.0,nan,nan,nan,299.50,0.59,8.30,5.70,299.10,765.80
24-Feb-25 2:19:00 PM AEST,nan,nan,22.1,nan,nan,nan,304.80,0.58,nan,5.60,305.20,761.60
24-Feb-25 2:19:05 PM AEST,34.3,nan,nan,nan,nan,nan,nan,nan,nan,nan,nan,nan
24-Feb-25 2:20:00 PM AEST,nan,48.7,nan,nan,nan,nan,293.50,0.72,15.40,6.90,298.30,756.70
24-Feb-25 2:21:00 PM AEST,34.2,48.8,21.9,nan,nan,nan,289.30,0.82,16.60,6.10,312.00,755.00
24-Feb-25 2:22:00 PM AEST,nan,49.0,nan,nan,nan,nan,262.80,0.70,13.00,6.50,271.20,751.60
24-Feb-25 2:22:05 PM AEST,34.3,nan,nan,nan,nan,nan,nan,nan,nan,nan,nan,nan
24-Feb-25 2:23:00 PM AEST,nan,nan,22.1,nan,nan,nan,343.60,0.53,9.50,3.30,335.40,748.30
24-Feb-25 2:24:00 PM AEST,34.4,48.2,22.0,nan,nan,nan,278.10,0.59,nan,5.70,279.20,750.00
24-Feb-25 2:25:00 PM AEST,nan,49.3,21.8,nan,nan,nan,312.50,0.60,13.00,5.60,309.30,747.40
24-Feb-25 2:25:05 PM AEST,34.5,nan,nan,nan,nan,nan,nan,nan,nan,nan,nan,nan
24-Feb-25 2:26:00 PM AEST,nan,48.5,22.3,nan,nan,nan,314.80,0.53,7.10,4.80,311.30,745.80
24-Feb-25 2:27:00 PM AEST,34.6,nan,22.1,nan,nan,nan,277.70,0.40,8.30,3.50,281.60,746.60
24-Feb-25 2:28:00 PM AEST,nan,48.0,nan,nan,nan,nan,269.60,0.63,10.60,5.80,272.30,744.20
24-Feb-25 2:29:00 PM AEST,nan,48.3,22.0,nan,nan,nan,295.80,0.41,7.10,4.00,298.40,740.80
24-Feb-25 2:30:00 PM AEST,34.7,48.2,22.1,nan,nan,nan,317.00,0.50,9.50,3.60,312.90,735.70
24-Feb-25 2:31:00 PM AEST,nan,nan,nan,nan,nan,nan,277.00,nan,8.30,4.70,275.30,731.70
24-Feb-25 2:31:05 PM AEST,34.6,nan,nan,nan,nan,nan,nan,nan,nan,nan,nan,nan
24-Feb-25 2:32:00 PM AEST,nan,47.8,nan,nan,nan,nan,325.60,0.76,13.00,7.50,329.90,735.70
24-Feb-25 2:33:00 PM AEST,34.8,49.0,21.9,nan,nan,nan,306.40,0.22,4.70,2.20,304.20,730.80
24-Feb-25 2:34:00 PM AEST,nan,48.7,22.5,nan,nan,nan,279.40,0.45,7.10,3.30,278.90,731.70
24-Feb-25 2:34:05 PM AEST,34.9,nan,nan,nan,nan,nan,nan,nan,nan,nan,nan,nan
24-Feb-25 2:35:00 PM AEST,nan,nan,nan,nan,nan,nan,269.00,0.38,9.50,1.20,6.30,725.70
24-Feb-25 2:35:10 PM AEST,35.0,nan,nan,nan,nan,nan,nan,nan,nan,nan,nan,nan
24-Feb-25 2:36:00 PM AEST,nan,47.8,22.6,nan,nan,nan,29.30,0.42,8.30,1.90,8.00,726.70
24-Feb-25 2:36:15 PM AEST,35.1,nan,nan,nan,nan,nan,nan,nan,nan,nan,nan,nan
24-Feb-25 2:37:00 PM AEST,nan,47.3,22.3,nan,nan,nan,313.80,0.82,13.00,7.50,312.10,722.40
24-Feb-25 2:37:20 PM AEST,34.9,nan,nan,nan,nan,nan,nan,nan,nan,nan,nan,nan
24-Feb-25 2:38:00 PM AEST,nan,nan,22.0,nan,nan,nan,292.60,0.74,11.80,6.90,291.10,723.30
24-Feb-25 2:38:25 PM AEST,34.7,nan,nan,nan,nan,nan,nan,nan,nan,nan,nan,nan
24-Feb-25 2:38:25 PM AEST,34.6,nan,nan,nan,nan,nan,nan,nan,nan,nan,nan,nan
24-Feb-25 2:39:00 PM AEST,nan,47.7,21.9,nan,nan,nan,313.90,0.79,nan,7.50,312.30,719.20
24-Feb-25 2:39:30 PM AEST,34.7,nan,nan,nan,nan,nan,nan,nan,nan,nan,nan,nan
24-Feb-25 2:40:00 PM AEST,nan,48.0,nan,nan,nan,nan,318.30,0.63,16.60,6.20,316.50,714.90
24-Feb-25 2:41:00 PM AEST,nan,47.2,22.1,nan,nan,nan,319.00,0.72,13.00,7.00,319.40,715.80
24-Feb-25 2:42:00 PM AEST,34.8,47.8,21.8,nan,nan,nan,263.50,0.43,5.90,3.80,265.40,714.90
24-Feb-25 2:43:00 PM AEST,nan,48.3,22.1,nan,nan,nan,345.10,0.60,9.50,4.30,5.60,715.00
24-Feb-25 2:44:00 PM AEST,nan,48.2,22.3,nan,nan,nan,302.40,0.83,13.00,6.90,302.30,718.30
24-Feb-25 2:45:00 PM AEST,34.6,48.3,22.2,nan,nan,nan,350.20,0.76,14.20,nan,342.80,392.40
24-Feb-25 2:46:00 PM AEST,nan,48.2,22.1,nan,nan,nan,320.10,0.78,13.00,7.50,324.60,725.80
24-Feb-25 2:46:05 PM AEST,34.7,nan,nan,nan,nan,nan,nan,nan,nan,nan,nan,nan
24-Feb-25 2:47:00 PM AEST,nan,48.8,nan,nan,nan,nan,309.10,0.49,7.10,4.20,310.40,717.50
24-Feb-25 2:48:00 PM AEST,nan,49.3,22.3,nan,nan,nan,311.50,0.62,9.50,5.60,313.90,709.10
24-Feb-25 2:49:00 PM AEST,34.6,47.3,22.5,nan,nan,nan,332.20,1.00,15.40,9.60,331.90,702.50
24-Feb-25 2:50:00 PM AEST,nan,47.8,21.8,nan,nan,nan,322.10,0.78,10.60,7.10,320.50,699.90
24-Feb-25 2:51:00 PM AEST,34.5,49.2,21.9,nan,nan,nan,270.60,0.67,9.50,5.80,278.00,698.30
24-Feb-25 2:52:00 PM AEST,nan,49.3,22.3,nan,nan,nan,297.20,0.62,10.60,5.60,307.00,695.00
24-Feb-25 2:52:05 PM AEST,34.7,nan,nan,nan,nan,nan,nan,nan,nan,nan,nan,nan
24-Feb-25 2:53:00 PM AEST,nan,49.2,22.5,nan,nan,nan,326.80,0.80,13.00,7.50,327.60,691.60
24-Feb-25 2:53:10 PM AEST,34.6,nan,nan,nan,nan,nan,nan,nan,nan,nan,nan,nan
24-Feb-25 2:54:00 PM AEST,nan,49.7,22.4,nan,nan,nan,304.10,0.54,9.50,4.90,305.60,690.00
24-Feb-25 2:55:00 PM AEST,34.7,50.8,22.6,nan,nan,nan,273.70,0.49,7.10,2.80,266.30,689.90
24-Feb-25 2:56:00 PM AEST,nan,nan,23.0,nan,nan,nan,285.20,0.59,9.50,5.20,276.50,689.20
24-Feb-25 2:57:00 PM AEST,34.8,nan,nan,nan,nan,nan,296.40,0.34,8.30,1.80,305.30,684.20
24-Feb-25 2:58:00 PM AEST,nan,50.0,23.1,nan,nan,nan,271.30,0.77,15.40,6.70,274.10,685.80
24-Feb-25 2:58:05 PM AEST,34.7,nan,nan,nan,nan,nan,nan,nan,nan,nan,nan,nan
24-Feb-25 2:59:00 PM AEST,nan,50.7,22.7,nan,nan,nan,288.40,0.67,13.00,5.90,291.10,684.20
24-Feb-25 3:00:00 PM AEST,nan,50.8,22.9,nan,nan,nan,286.00,0.73,nan,6.60,294.00,683.30
24-Feb-25 3:00:06 PM AEST,nan,nan,nan,nan,nan,0.42,nan,nan,nan,nan,nan,nan
24-Feb-25 3:01:00 PM AEST,nan,50.0,23.0,nan,nan,nan,275.40,0.60,8.30,5.70,276.50,684.20
24-Feb-25 3:02:00 PM AEST,34.6,50.7,22.7,nan,nan,nan,303.80,0.72,13.00,5.90,303.80,685.00
24-Feb-25 3:03:00 PM AEST,nan,50.2,22.9,nan,nan,nan,302.40,0.89,15.40,8.00,297.10,684.10
24-Feb-25 3:04:00 PM AEST,34.5,50.5,22.7,nan,nan,nan,307.40,0.81,10.60,7.10,313.20,680.80
24-Feb-25 3:05:00 PM AEST,nan,50.8,nan,nan,nan,nan,325.30,0.56,13.00,5.60,326.10,682.40
24-Feb-25 3:06:00 PM AEST,34.6,51.2,22.8,nan,nan,nan,326.60,0.51,8.30,4.60,329.00,579.20
24-Feb-25 3:07:00 PM AEST,nan,50.7,23.1,nan,nan,nan,351.20,0.34,7.10,3.40,350.10,669.20
24-Feb-25 3:07:05 PM AEST,34.7,nan,nan,nan,nan,nan,nan,nan,nan,nan,nan,nan
24-Feb-25 3:08:00 PM AEST,nan,51.3,23.0,nan,nan,nan,288.00,0.57,9.50,3.80,291.90,664.90
24-Feb-25 3:09:00 PM AEST,34.8,52.0,23.2,nan,nan,nan,295.00,0.59,11.80,4.60,302.80,660.80
24-Feb-25 3:10:00 PM AEST,nan,50.8,23.4,nan,nan,nan,289.90,0.80,14.20,7.00,292.50,655.80
24-Feb-25 3:10:05 PM AEST,34.7,nan,nan,nan,nan,nan,nan,nan,nan,nan,nan,nan
24-Feb-25 3:11:00 PM AEST,nan,50.3,23.0,nan,nan,nan,320.80,0.70,nan,nan,321.90,652.40
24-Feb-25 3:11:10 PM AEST,34.6,nan,nan,nan,nan,nan,nan,nan,nan,nan,nan,nan
24-Feb-25 3:12:00 PM AEST,nan,51.3,22.7,nan,nan,nan,305.50,0.35,5.90,3.30,307.00,645.80
24-Feb-25 3:12:15 PM AEST,34.7,nan,nan,nan,nan,nan,nan,nan,nan,nan,nan,nan
24-Feb-25 3:12:15 PM AEST,34.9,nan,nan,nan,nan,nan,nan,nan,nan,nan,nan,nan
24-Feb-25 3:13:00 PM AEST,nan,52.2,23.2,nan,nan,nan,315.00,0.50,10.60,4.50,323.60,640.80
24-Feb-25 3:14:00 PM AEST,nan,51.2,23.6,nan,nan,nan,296.10,nan,8.30,4.20,292.00,nan
24-Feb-25 3:15:00 PM AEST,34.8,50.7,23.3,nan,nan,nan,321.80,0.64,9.50,5.70,325.30,636.70
24-Feb-25 3:16:00 PM AEST,nan,51.2,23.1,nan,nan,nan,357.50,0.47,8.30,4.50,1.30,633.30
24-Feb-25 3:17:00 PM AEST,34.9,50.8,23.2,nan,nan,nan,323.80,0.62,11.80,5.40,318.80,625.00
24-Feb-25 3:18:00 PM AEST,nan,50.0,nan,nan,nan,nan,270.70,0.81,10.60,7.70,271.80,631.60
24-Feb-25 3:18:05 PM AEST,34.7,nan,nan,nan,nan,nan,nan,nan,nan,nan,nan,nan
24-Feb-25 3:19:00 PM AEST,nan,49.7,22.8,nan,nan,nan,287.20,0.67,13.00,6.40,284.80,410.00
24-Feb-25 3:19:10 PM AEST,34.6,nan,nan,nan,nan,nan,nan,nan,nan,nan,nan,nan
24-Feb-25 3:20:00 PM AEST,nan,50.7,22.5,nan,nan,nan,264.20,0.44,9.50,4.10,253.60,632.50
24-Feb-25 3:20:15 PM AEST,34.7,nan,nan,nan,nan,nan,nan,nan,nan,nan,nan,nan
24-Feb-25 3:21:00 PM AEST,nan,51.7,23.0,nan,nan,nan,302.20,0.51,nan,4.90,300.50,620.80
24-Feb-25 3:22:00 PM AEST,34.6,51.5,23.2,nan,nan,nan,285.40,0.82,13.00,8.00,284.30,624.10
24-Feb-25 3:23:00 PM AEST,nan,52.5,23.1,nan,nan,nan,317.90,0.60,9.50,5.50,318.10,626.70
24-Feb-25 3:24:00 PM AEST,34.8,53.0,23.4,nan,nan,nan,333.80,0.33,5.90,2.60,327.50,385.80
24-Feb-25 3:25:00 PM AEST,nan,52.0,23.8,nan,nan,nan,259.10,0.54,9.50,5.10,261.70,650.80
24-Feb-25 3:25:05 PM AEST,34.7,nan,nan,nan,nan,nan,nan,nan,nan,nan,nan,nan
24-Feb-25 3:26:00 PM AEST,nan,53.2,23.4,nan,nan,nan,292.20,0.62,11.80,5.60,302.00,655.80
24-Feb-25 3:27:00 PM AEST,34.8,53.5,23.7,nan,nan,nan,320.10,0.59,14.20,5.20,318.50,675.00
24-Feb-25 3:28:00 PM AEST,nan,52.2,24.0,nan,nan,nan,325.80,0.97,15.40,9.40,326.60,669.10
24-Feb-25 3:28:05 PM AEST,34.6,nan,nan,nan,nan,nan,nan,nan,nan,nan,nan,nan
24-Feb-25 3:29:00 PM AEST,nan,52.7,23.4,nan,nan,nan,284.80,0.54,7.10,5.10,284.80,504.20
24-Feb-25 3:29:10 PM AEST,34.7,nan,nan,nan,nan,nan,nan,nan,nan,nan,nan,nan
24-Feb-25 3:30:00 PM AEST,nan,52.8,23.6,nan,nan,nan,277.90,0.62,9.50,5.20,281.20,210.80
24-Feb-25 3:30:15 PM AEST,34.6,nan,nan,nan,nan,nan,nan,nan,nan,nan,nan,nan
24-Feb-25 3:31:00 PM AEST,nan,53.0,nan,nan,nan,nan,329.10,0.77,10.60,7.20,329.70,242.40
24-Feb-25 3:31:20 PM AEST,34.5,nan,nan,nan,nan,nan,nan,nan,nan,nan,nan,nan
24-Feb-25 3:32:00 PM AEST,nan,53.5,23.5,nan,nan,nan,324.50,0.49,9.50,4.70,323.50,370.00
24-Feb-25 3:32:25 PM AEST,34.4,nan,nan,nan,nan,nan,nan,nan,nan,nan,nan,nan
24-Feb-25 3:32:25 PM AEST,34.3,nan,nan,nan,nan,nan,nan,nan,nan,nan,nan,nan
24-Feb-25 3:33:00 PM AEST,nan,53.2,23.6,nan,nan,nan,268.80,1.11,15.40,11.00,268.80,416.70
24-Feb-25 3:33:30 PM AEST,34.1,nan,nan,nan,nan,nan,nan,nan,nan,nan,nan,nan
24-Feb-25 3:34:00 PM AEST,nan,53.8,23.4,nan,nan,nan,337.50,0.60,9.50,4.70,332.60,197.50
24-Feb-25 3:35:00 PM AEST,nan,nan,nan,nan,nan,nan,312.20,0.76,11.80,6.90,315.20,184.20
24-Feb-25 3:36:00 PM AEST,33.9,53.7,nan,nan,nan,nan,298.10,0.57,9.50,5.60,297.90,233.30
24-Feb-25 3:37:00 PM AEST,nan,54.2,23.1,nan,nan,nan,311.20,0.46,7.10,4.40,309.00,209.20
24-Feb-25 3:37:05 PM AEST,34.0,nan,nan,nan,nan,nan,nan,nan,nan,nan,nan,nan
24-Feb-25 3:38:00 PM AEST,nan,nan,23.4,nan,nan,nan,301.40,0.57,9.50,5.30,298.00,192.50
24-Feb-25 3:38:10 PM AEST,33.9,nan,nan,nan,nan,nan,nan,nan,nan,nan,nan,nan
24-Feb-25 3:39:00 PM AEST,nan,nan,23.3,nan,nan,nan,304.10,0.58,nan,5.70,302.30,202.50
24-Feb-25 3:39:15 PM AEST,33.8,nan,nan,nan,nan,nan,nan,nan,nan,nan,nan,nan
24-Feb-25 3:40:00 PM AEST,nan,54.7,23.2,nan,nan,nan,308.30,0.47,8.30,4.60,312.30,216.70
24-Feb-25 3:40:20 PM AEST,33.6,nan,nan,nan,nan,nan,nan,nan,nan,nan,nan,nan
24-Feb-25 3:40:20 PM AEST,33.5,nan,nan,nan,nan,nan,nan,nan,nan,nan,nan,nan
24-Feb-25 3:41:00 PM AEST,nan,55.0,nan,nan,nan,nan,nan,0.93,15.40,8.50,313.90,328.30
24-Feb-25 3:42:00 PM AEST,nan,56.0,nan,nan,nan,nan,187.30,0.44,7.10,2.80,190.30,345.80
24-Feb-25 3:43:00 PM AEST,33.3,55.7,23.5,nan,nan,nan,301.50,0.88,14.20,7.00,302.60,243.30
24-Feb-25 3:44:00 PM AEST,nan,nan,23.3,nan,nan,nan,244.10,0.45,7.10,4.20,247.20,241.60
24-Feb-25 3:44:05 PM AEST,33.2,nan,nan,nan,nan,nan,nan,nan,nan,nan,nan,nan
24-Feb-25 3:45:00 PM AEST,nan,55.8,23.2,nan,nan,nan,270.50,0.58,10.60,5.40,274.10,265.00
24-Feb-25 3:46:00 PM AEST,nan,56.2,nan,nan,nan,nan,297.40,0.47,8.30,4.50,294.70,296.60
24-Feb-25 3:47:00 PM AEST,nan,56.5,nan,nan,nan,nan,307.10,0.43,7.10,3.80,313.50,335.00
24-Feb-25 3:48:00 PM AEST,nan,56.7,23.4,nan,nan,nan,295.30,0.40,5.90,2.40,292.90,472.50
24-Feb-25 3:49:00 PM AEST,nan,nan,nan,nan,nan,nan,274.80,0.56,9.50,4.50,279.00,313.30
24-Feb-25 3:50:00 PM AEST,33.1,56.5,nan,nan,nan,nan,315.80,0.85,13.00,6.90,312.10,616.70
24-Feb-25 3:51:00 PM AEST,nan,56.8,23.3,nan,nan,nan,284.40,0.57,8.30,5.20,284.40,398.30
24-Feb-25 3:52:00 PM AEST,33.2,57.2,nan,nan,nan,nan,300.40,0.18,3.50,1.80,300.20,242.50
24-Feb-25 3:53:00 PM AEST,nan,57.7,23.6,nan,nan,nan,300.60,0.09,2.40,0.90,300.70,409.20
24-Feb-25 3:53:05 PM AEST,33.4,nan,nan,nan,nan,nan,nan,nan,nan,nan,nan,nan
24-Feb-25 3:54:00 PM AEST,nan,58.2,23.9,nan,nan,nan,358.10,0.38,9.50,3.40,356.60,570.80
24-Feb-25 3:54:10 PM AEST,33.5,nan,nan,nan,nan,nan,nan,nan,nan,nan,nan,nan
24-Feb-25 3:55:00 PM AEST,nan,57.3,24.2,nan,nan,nan,321.30,0.75,16.60,7.30,323.60,480.80
24-Feb-25 3:55:15 PM AEST,33.6,nan,nan,nan,nan,nan,nan,nan,nan,nan,nan,nan
24-Feb-25 3:55:15 PM AEST,33.4,nan,nan,nan,nan,nan,nan,nan,nan,nan,nan,nan
24-Feb-25 3:56:00 PM AEST,nan,56.5,24.0,nan,nan,nan,352.10,0.60,10.60,5.50,350.30,431.60
24-Feb-25 3:57:00 PM AEST,nan,57.0,23.6,nan,nan,nan,286.60,0.69,11.80,6.40,284.50,353.30
24-Feb-25 3:58:00 PM AEST,33.5,57.2,23.7,nan,nan,nan,231.70,0.40,8.30,3.30,222.40,250.80
24-Feb-25 3:59:00 PM AEST,nan,57.0,23.8,nan,nan,nan,236.80,0.41,5.90,2.60,242.30,289.10
24-Feb-25 4:00:00 PM AEST,33.6,57.8,nan,nan,nan,nan,275.30,0.34,nan,2.50,270.60,324.20
24-Feb-25 4:00:07 PM AEST,nan,nan,nan,nan,nan,0.27,nan,nan,nan,nan,nan,nan
24-Feb-25 4:01:00 PM AEST,nan,57.3,24.1,nan,nan,nan,256.10,0.63,9.50,3.30,259.20,426.70
24-Feb-25 4:01:05 PM AEST,33.5,nan,nan,nan,nan,nan,nan,nan,nan,nan,nan,nan
24-Feb-25 4:02:00 PM AEST,nan,57.2,23.9,nan,nan,nan,334.20,0.70,11.80,6.50,337.90,243.30
24-Feb-25 4:03:00 PM AEST,33.4,nan,23.8,nan,nan,nan,302.80,0.63,nan,5.70,304.20,299.20
24-Feb-25 4:04:00 PM AEST,nan,56.8,nan,nan,nan,nan,290.60,0.49,7.10,4.80,291.30,616.60
24-Feb-25 4:04:05 PM AEST,33.3,nan,nan,nan,nan,nan,nan,nan,nan,nan,nan,nan
24-Feb-25 4:05:00 PM AEST,nan,58.0,23.6,nan,nan,nan,273.00,0.59,13.00,5.50,275.90,399.20
24-Feb-25 4:05:10 PM AEST,33.5,nan,nan,nan,nan,nan,nan,nan,nan,nan,nan,nan
24-Feb-25 4:06:00 PM AEST,nan,57.2,24.1,nan,nan,nan,264.90,0.49,7.10,4.80,267.10,245.80
24-Feb-25 4:06:15 PM AEST,33.4,nan,nan,nan,nan,nan,nan,nan,nan,nan,nan,nan
24-Feb-25 4:07:00 PM AEST,nan,57.5,23.8,nan,nan,nan,314.60,0.64,10.60,5.90,317.40,229.90
24-Feb-25 4:08:00 PM AEST,33.3,57.7,nan,nan,nan,nan,291.10,0.41,5.90,4.00,291.40,194.20
24-Feb-25 4:09:00 PM AEST,nan,57.3,nan,nan,nan,nan,272.10,0.63,10.60,5.20,280.90,171.60
24-Feb-25 4:10:00 PM AEST,33.1,57.2,23.7,nan,nan,nan,304.00,0.53,nan,4.00,303.50,170.00
24-Feb-25 4:11:00 PM AEST,nan,58.0,23.5,nan,nan,nan,301.10,0.34,7.10,3.10,314.60,150.80
24-Feb-25 4:12:00 PM AEST,nan,57.8,23.7,nan,nan,nan,311.20,0.40,5.90,3.90,310.80,165.00
24-Feb-25 4:13:00 PM AEST,nan,57.5,nan,nan,nan,nan,319.90,0.59,10.60,5.80,321.20,181.70
24-Feb-25 4:14:00 PM AEST,33.2,57.7,23.5,nan,nan,nan,317.40,0.06,2.40,0.60,317.40,152.50
24-Feb-25 4:15:00 PM AEST,nan,58.0,23.7,nan,nan,nan,318.10,0.27,5.90,2.70,318.20,95.80
24-Feb-25 4:15:05 PM AEST,33.3,nan,nan,nan,nan,nan,nan,nan,nan,nan,nan,nan
24-Feb-25 4:16:00 PM AEST,nan,58.2,23.9,nan,nan,nan,324.60,0.22,nan,0.50,37.10,285.80
24-Feb-25 4:16:10 PM AEST,33.2,nan,nan,nan,nan,nan,nan,nan,nan,nan,nan,nan
24-Feb-25 4:17:00 PM AEST,nan,nan,nan,nan,nan,nan,232.30,0.37,nan,3.50,231.30,386.60
24-Feb-25 4:18:00 PM AEST,33.1,58.0,nan,nan,nan,nan,301.60,0.61,9.50,3.70,324.50,515.00
24-Feb-25 4:19:00 PM AEST,nan,58.7,23.7,nan,nan,nan,212.60,0.36,8.30,3.60,212.00,474.90
24-Feb-25 4:19:05 PM AEST,33.2,nan,nan,nan,nan,nan,nan,nan,nan,nan,nan,nan
24-Feb-25 4:20:00 PM AEST,nan,58.8,24.0,nan,nan,nan,298.30,0.59,10.60,4.40,312.50,415.80
24-Feb-25 4:20:10 PM AEST,33.3,nan,nan,nan,nan,nan,nan,nan,nan,nan,nan,nan
24-Feb-25 4:21:00 PM AEST,nan,57.7,24.1,nan,nan,nan,324.90,0.99,15.40,9.30,325.50,129.20
24-Feb-25 4:21:15 PM AEST,33.2,nan,nan,nan,nan,nan,nan,nan,nan,nan,nan,nan
24-Feb-25 4:22:00 PM AEST,nan,57.2,23.7,nan,nan,nan,340.70,0.43,4.70,4.10,341.00,125.80
24-Feb-25 4:23:00 PM AEST,nan,56.8,23.5,nan,nan,nan,292.80,0.38,7.10,3.70,291.30,163.30
24-Feb-25 4:24:00 PM AEST,nan,nan,23.4,nan,nan,nan,272.40,0.37,5.90,3.40,276.60,454.10
24-Feb-25 4:25:00 PM AEST,nan,57.2,23.5,nan,nan,nan,301.80,0.51,8.30,4.90,301.20,443.30
24-Feb-25 4:26:00 PM AEST,nan,56.8,23.6,nan,nan,nan,314.80,0.68,11.80,6.40,312.40,439.20
24-Feb-25 4:27:00 PM AEST,33.4,57.5,23.5,nan,nan,nan,333.50,0.32,7.10,2.90,332.90,435.80
24-Feb-25 4:28:00 PM AEST,nan,57.3,23.8,nan,nan,nan,302.50,0.43,8.30,4.20,303.60,430.80
24-Feb-25 4:28:05 PM AEST,33.5,nan,nan,nan,nan,nan,nan,nan,nan,nan,nan,nan
24-Feb-25 4:29:00 PM AEST,nan,57.5,23.9,nan,nan,nan,303.30,0.38,7.10,3.70,304.60,429.90
24-Feb-25 4:29:10 PM AEST,33.7,nan,nan,nan,nan,nan,nan,nan,nan,nan,nan,nan
24-Feb-25 4:30:00 PM AEST,nan,57.2,24.1,nan,nan,nan,306.40,0.67,10.60,6.40,302.70,324.20
24-Feb-25 4:30:15 PM AEST,33.6,nan,nan,nan,nan,nan,nan,nan,nan,nan,nan,nan
24-Feb-25 4:31:00 PM AEST,nan,56.7,24.0,nan,nan,nan,287.40,0.44,8.30,4.20,283.60,235.80
24-Feb-25 4:32:00 PM AEST,nan,57.3,23.8,nan,nan,nan,301.20,0.37,5.90,3.60,301.10,390.80
24-Feb-25 4:33:00 PM AEST,33.7,57.5,24.0,nan,nan,nan,319.10,0.51,10.60,4.90,319.70,332.50
24-Feb-25 4:34:00 PM AEST,nan,56.8,24.1,nan,nan,nan,316.60,0.49,9.50,nan,315.20,396.70
24-Feb-25 4:35:00 PM AEST,33.8,57.2,23.9,nan,nan,nan,328.90,0.52,8.30,4.50,321.20,390.80
24-Feb-25 4:36:00 PM AEST,nan,57.3,24.1,nan,nan,nan,7.60,0.38,5.90,3.50,4.40,360.80
24-Feb-25 4:37:00 PM AEST,34.0,nan,24.2,nan,nan,nan,359.40,0.41,9.50,3.20,340.60,374.10
24-Feb-25 4:38:00 PM AEST,nan,57.2,24.3,nan,nan,nan,298.00,0.72,10.60,6.40,298.60,379.20
24-Feb-25 4:38:05 PM AEST,33.9,nan,nan,nan,nan,nan,nan,nan,nan,nan,nan,nan
24-Feb-25 4:39:00 PM AEST,nan,56.7,24.2,nan,nan,nan,301.20,0.56,8.30,5.20,300.40,378.30
24-Feb-25 4:39:10 PM AEST,33.8,nan,nan,nan,nan,nan,nan,nan,nan,nan,nan,nan
24-Feb-25 4:40:00 PM AEST,nan,57.0,24.0,nan,nan,nan,315.80,0.62,nan,5.90,317.50,374.10
24-Feb-25 4:41:00 PM AEST,nan,56.8,24.1,nan,nan,nan,263.70,0.53,7.10,5.00,262.70,368.30
24-Feb-25 4:42:00 PM AEST,34.0,57.7,nan,nan,nan,nan,270.30,0.22,4.70,2.20,271.90,363.30
24-Feb-25 4:43:00 PM AEST,nan,57.0,24.5,nan,nan,nan,305.20,0.75,11.80,6.80,303.70,356.70
24-Feb-25 4:44:00 PM AEST,33.8,56.3,24.3,nan,nan,nan,301.70,0.80,nan,7.90,301.20,340.00
24-Feb-25 4:45:00 PM AEST,nan,nan,23.9,nan,nan,nan,288.60,0.79,14.20,7.60,286.50,349.90
24-Feb-25 4:45:05 PM AEST,33.7,nan,nan,nan,nan,nan,nan,nan,nan,nan,nan,nan
24-Feb-25 4:46:00 PM AEST,nan,nan,23.8,nan,nan,nan,270.30,0.57,8.30,5.50,272.20,348.30
24-Feb-25 4:47:00 PM AEST,33.8,57.3,nan,nan,nan,nan,295.30,0.41,5.90,3.30,300.40,344.90
24-Feb-25 4:48:00 PM AEST,nan,57.0,24.2,nan,nan,nan,310.50,0.53,8.30,4.70,310.90,345.80
24-Feb-25 4:49:00 PM AEST,nan,56.7,24.1,nan,nan,nan,312.00,0.64,10.60,3.00,322.50,311.70
24-Feb-25 4:50:00 PM AEST,33.9,57.0,24.0,nan,nan,nan,225.90,0.50,13.00,3.60,236.60,169.10
24-Feb-25 4:51:00 PM AEST,nan,56.0,24.1,nan,nan,nan,267.20,0.58,8.30,5.20,270.00,319.20
24-Feb-25 4:51:05 PM AEST,33.8,nan,nan,nan,nan,nan,nan,nan,nan,nan,nan,nan
24-Feb-25 4:52:00 PM AEST,nan,56.8,23.8,nan,nan,nan,271.20,0.44,nan,4.10,278.20,340.80
24-Feb-25 4:53:00 PM AEST,nan,56.7,24.0,nan,nan,nan,265.60,0.40,7.10,3.90,266.10,319.20
24-Feb-25 4:54:00 PM AEST,nan,57.2,nan,nan,nan,nan,236.00,0.31,nan,3.10,235.90,297.50
24-Feb-25 4:55:00 PM AEST,33.9,nan,24.2,nan,nan,nan,239.60,0.43,15.40,2.00,259.40,243.30
24-Feb-25 4:56:00 PM AEST,nan,56.5,nan,nan,nan,nan,318.70,1.01,14.20,9.10,320.50,295.00
24-Feb-25 4:56:05 PM AEST,33.7,nan,nan,nan,nan,nan,nan,nan,nan,nan,nan,nan
24-Feb-25 4:57:00 PM AEST,nan,56.8,23.8,nan,nan,nan,308.40,0.57,8.30,5.30,313.30,292.40
24-Feb-25 4:57:10 PM AEST,33.6,nan,nan,nan,nan,nan,nan,nan,nan,nan,nan,nan
24-Feb-25 4:58:00 PM AEST,nan,57.0,nan,nan,nan,nan,284.80,0.56,10.60,4.60,292.40,300.00
24-Feb-25 4:59:00 PM AEST,33.5,56.7,23.9,nan,nan,nan,279.70,0.77,11.80,6.80,278.70,302.50
24-Feb-25 5:00:00 PM AEST,nan,57.0,23.7,nan,nan,nan,260.10,0.54,7.10,4.70,263.20,310.80
24-Feb-25 5:00:08 PM AEST,nan,nan,nan,nan,nan,0.12,nan,nan,nan,nan,nan,nan
24-Feb-25 5:01:00 PM AEST,nan,57.3,23.8,nan,nan,nan,287.10,0.46,8.30,3.90,300.90,nan
24-Feb-25 5:02:00 PM AEST,33.6,nan,23.9,nan,nan,nan,297.50,0.49,7.10,4.40,295.40,294.90
24-Feb-25 5:03:00 PM AEST,nan,57.0,24.0,nan,nan,nan,330.10,0.70,10.60,6.60,329.80,299.20
24-Feb-25 5:04:00 PM AEST,33.5,nan,23.9,nan,nan,nan,275.80,0.67,nan,5.60,281.00,274.20
24-Feb-25 5:05:00 PM AEST,nan,56.8,23.8,nan,nan,nan,300.30,0.62,11.80,4.60,305.70,132.50
24-Feb-25 5:06:00 PM AEST,33.2,56.0,nan,nan,nan,nan,316.20,1.01,15.40,9.60,318.50,299.20
24-Feb-25 5:07:00 PM AEST,nan,nan,23.3,nan,nan,nan,258.20,0.67,13.00,5.80,261.30,269.20
24-Feb-25 5:08:00 PM AEST,33.3,56.7,23.2,nan,nan,nan,322.30,0.41,5.90,3.10,324.10,236.60
24-Feb-25 5:09:00 PM AEST,nan,56.3,23.5,nan,nan,nan,288.90,0.79,15.40,6.30,278.10,261.70
24-Feb-25 5:10:00 PM AEST,33.1,56.0,23.4,nan,nan,nan,308.90,0.75,9.50,7.20,307.30,156.60
24-Feb-25 5:11:00 PM AEST,nan,nan,23.1,nan,nan,nan,296.20,0.70,11.80,6.10,293.50,90.80
24-Feb-25 5:11:05 PM AEST,32.9,nan,nan,nan,nan,nan,nan,nan,nan,nan,nan,nan
24-Feb-25 5:12:00 PM AEST,nan,56.2,23.0,nan,nan,nan,315.40,0.61,nan,5.40,320.00,145.00
24-Feb-25 5:13:00 PM AEST,nan,56.5,nan,nan,nan,nan,350.20,0.39,9.50,3.90,350.20,244.90
24-Feb-25 5:14:00 PM AEST,nan,56.7,23.1,nan,nan,nan,336.60,0.72,10.60,6.40,333.60,141.70
24-Feb-25 5:15:00 PM AEST,nan,56.8,nan,nan,nan,nan,334.70,0.28,5.90,2.60,328.40,98.30
24-Feb-25 5:16:00 PM AEST,32.8,57.0,23.2,nan,nan,nan,317.50,0.75,10.60,4.90,320.20,111.70
24-Feb-25 5:17:00 PM AEST,nan,57.2,23.1,nan,nan,nan,314.40,0.81,18.90,7.20,320.70,184.20
24-Feb-25 5:17:05 PM AEST,32.5,nan,nan,nan,nan,nan,nan,nan,nan,nan,nan,nan
24-Feb-25 5:18:00 PM AEST,nan,57.7,23.0,nan,nan,nan,267.20,0.63,13.00,4.90,278.40,145.00
24-Feb-25 5:19:00 PM AEST,32.4,57.5,23.1,nan,nan,nan,318.00,0.74,11.80,7.10,320.60,84.20
24-Feb-25 5:20:00 PM AEST,nan,57.7,22.9,nan,nan,nan,302.20,0.71,13.00,6.80,297.00,95.80
24-Feb-25 5:20:05 PM AEST,32.2,nan,nan,nan,nan,nan,nan,nan,nan,nan,nan,nan
24-Feb-25 5:21:00 PM AEST,nan,58.2,22.8,nan,nan,nan,330.70,0.36,4.70,3.50,333.00,76.70
24-Feb-25 5:22:00 PM AEST,nan,58.0,23.0,nan,nan,nan,1.90,0.63,8.30,5.70,3.00,69.20
24-Feb-25 5:23:00 PM AEST,nan,58.3,22.9,nan,nan,nan,351.60,0.30,4.70,3.00,351.40,60.00
24-Feb-25 5:24:00 PM AEST,32.3,58.5,23.0,nan,nan,nan,352.00,0.13,3.50,1.30,352.00,54.20
24-Feb-25 5:25:00 PM AEST,nan,58.7,23.1,nan,nan,nan,330.80,0.44,5.90,4.20,331.30,53.30
24-Feb-25 5:25:05 PM AEST,32.2,nan,nan,nan,nan,nan,nan,nan,nan,nan,nan,nan
24-Feb-25 5:26:00 PM AEST,nan,58.3,nan,nan,nan,nan,311.00,0.84,14.20,6.50,314.40,48.30
24-Feb-25 5:26:10 PM AEST,32.0,nan,nan,nan,nan,nan,nan,nan,nan,nan,nan,nan
24-Feb-25 5:27:00 PM AEST,nan,58.5,22.8,nan,nan,nan,329.60,0.52,9.50,4.60,330.30,45.00
24-Feb-25 5:27:15 PM AEST,31.8,nan,nan,nan,nan,nan,nan,nan,nan,nan,nan,nan
24-Feb-25 5:28:00 PM AEST,nan,59.0,22.7,nan,nan,nan,310.50,0.51,7.10,4.70,312.20,40.00
24-Feb-25 5:29:00 PM AEST,31.7,nan,22.8,nan,nan,nan,266.30,0.50,8.30,4.10,273.90,39.20
24-Feb-25 5:30:00 PM AEST,nan,59.2,22.7,nan,nan,nan,315.50,0.80,15.40,6.90,324.50,37.50
24-Feb-25 5:30:05 PM AEST,31.5,nan,nan,nan,nan,nan,nan,nan,nan,nan,nan,nan
24-Feb-25 5:31:00 PM AEST,nan,59.3,22.5,nan,nan,nan,356.20,0.76,14.20,4.00,356.50,35.00
24-Feb-25 5:31:10 PM AEST,31.3,nan,nan,nan,nan,nan,nan,nan,nan,nan,nan,nan
24-Feb-25 5:32:00 PM AEST,nan,59.5,22.4,nan,nan,nan,317.90,nan,11.80,7.20,314.90,33.30
24-Feb-25 5:32:15 PM AEST,31.2,nan,nan,nan,nan,nan,nan,nan,nan,nan,nan,nan
24-Feb-25 5:33:00 PM AEST,nan,60.0,nan,nan,nan,nan,314.60,0.63,10.60,5.90,309.80,30.80
24-Feb-25 5:34:00 PM AEST,31.1,60.3,22.5,nan,nan,nan,295.00,0.44,5.90,4.10,295.60,29.20
24-Feb-25 5:35:00 PM AEST,nan,60.5,nan,nan,nan,nan,317.70,0.46,7.10,3.00,304.70,30.00
24-Feb-25 5:36:00 PM AEST,nan,60.7,nan,nan,nan,nan,319.20,0.27,nan,2.10,291.50,33.30
24-Feb-25 5:37:00 PM AEST,31.0,60.8,22.6,nan,nan,nan,291.80,0.43,nan,4.20,294.00,35.80
24-Feb-25 5:38:00 PM AEST,nan,61.2,nan,nan,nan,nan,319.00,0.35,nan,3.40,322.90,36.60
24-Feb-25 5:39:00 PM AEST,30.9,nan,nan,nan,nan,nan,339.10,0.48,nan,4.80,339.00,38.30
24-Feb-25 5:40:00 PM AEST,nan,61.3,22.5,nan,nan,nan,285.10,0.43,8.30,3.30,283.90,42.50
24-Feb-25 5:41:00 PM AEST,30.8,nan,nan,nan,nan,nan,318.30,0.73,11.80,7.00,316.70,47.50
24-Feb-25 5:42:00 PM AEST,nan,nan,nan,nan,nan,nan,318.70,0.31,7.10,3.10,318.70,nan
24-Feb-25 5:42:05 PM AEST,30.7,nan,nan,nan,nan,nan,nan,nan,nan,nan,nan,nan
24-Feb-25 5:43:00 PM AEST,nan,61.2,22.4,nan,nan,nan,323.70,0.30,5.90,2.80,327.60,nan
24-Feb-25 5:43:10 PM AEST,30.8,nan,nan,nan,nan,nan,nan,nan,nan,nan,nan,nan
24-Feb-25 5:44:00 PM AEST,nan,nan,nan,nan,nan,nan,24.80,0.67,11.80,5.90,23.10,50.80
24-Feb-25 5:44:15 PM AEST,30.7,nan,nan,nan,nan,nan,nan,nan,nan,nan,nan,nan
24-Feb-25 5:45:00 PM AEST,nan,60.8,22.3,nan,nan,nan,321.90,0.60,9.50,5.30,316.90,54.10
24-Feb-25 5:45:20 PM AEST,30.6,nan,nan,nan,nan,nan,nan,nan,nan,nan,nan,nan
24-Feb-25 5:46:00 PM AEST,nan,60.5,22.2,nan,nan,nan,298.80,0.53,nan,5.10,294.60,55.00
24-Feb-25 5:47:00 PM AEST,nan,59.7,22.0,nan,nan,nan,310.10,0.80,11.80,7.20,309.20,58.30
24-Feb-25 5:48:00 PM AEST,30.5,59.8,21.8,nan,nan,nan,326.10,0.50,8.30,4.00,321.00,63.30
24-Feb-25 5:49:00 PM AEST,nan,59.7,nan,nan,nan,nan,305.40,0.76,14.20,7.20,305.60,65.00
24-Feb-25 5:50:00 PM AEST,nan,60.2,nan,nan,nan,nan,332.80,0.48,7.10,4.10,331.40,61.60
24-Feb-25 5:51:00 PM AEST,nan,60.3,21.9,nan,nan,nan,293.90,nan,nan,nan,289.30,60.00
24-Feb-25 5:52:00 PM AEST,nan,60.5,22.0,nan,nan,nan,330.50,0.61,10.60,5.80,331.40,58.30
24-Feb-25 5:53:00 PM AEST,nan,60.7,nan,nan,nan,nan,259.90,0.34,9.50,3.20,266.10,nan
24-Feb-25 5:54:00 PM AEST,nan,nan,nan,nan,nan,nan,298.70,0.58,11.80,5.60,301.60,56.70
24-Feb-25 5:55:00 PM AEST,nan,61.3,nan,nan,nan,nan,337.40,0.30,4.70,2.90,337.20,60.00
24-Feb-25 5:56:00 PM AEST,nan,61.5,22.2,nan,nan,nan,297.50,0.59,8.30,5.70,300.10,62.50
24-Feb-25 5:57:00 PM AEST,30.4,61.7,22.3,nan,nan,nan,304.90,0.71,10.60,6.30,304.20,60.80
24-Feb-25 5:58:00 PM AEST,nan,62.0,22.2,nan,nan,nan,267.60,0.34,7.10,3.10,271.60,60.00
24-Feb-25 5:59:00 PM AEST,30.5,62.3,22.3,nan,nan,nan,239.00,0.17,3.50,1.70,239.00,nan
24-Feb-25 6:00:00 PM AEST,nan,62.5,22.4,nan,nan,nan,315.90,0.37,7.10,1.90,343.00,59.10
24-Feb-25 6:00:09 PM AEST,nan,nan,nan,nan,nan,0.05,nan,nan,nan,nan,nan,nan
24-Feb-25 6:01:00 PM AEST,30.4,62.7,22.5,nan,nan,nan,347.00,0.31,5.90,2.40,340.40,58.30
24-Feb-25 6:02:00 PM AEST,nan,62.8,nan,nan,nan,nan,301.00,0.33,nan,3.30,301.00,55.00
24-Feb-25 6:02:05 PM AEST,30.5,nan,nan,nan,nan,nan,nan,nan,nan,nan,nan,nan
24-Feb-25 6:03:00 PM AEST,nan,63.0,22.6,nan,nan,nan,304.00,0.50,8.30,5.00,304.70,51.70
24-Feb-25 6:03:10 PM AEST,30.4,nan,nan,nan,nan,nan,nan,nan,nan,nan,nan,nan
24-Feb-25 6:04:00 PM AEST,nan,62.8,nan,nan,nan,nan,311.80,0.54,7.10,5.30,311.80,49.20
24-Feb-25 6:05:00 PM AEST,nan,nan,22.5,nan,nan,nan,313.00,0.18,3.50,1.80,312.90,48.30
24-Feb-25 6:06:00 PM AEST,nan,63.2,nan,nan,nan,nan,nan,0.19,2.40,2.00,nan,49.20
24-Feb-25 6:07:00 PM AEST,nan,nan,22.6,nan,nan,nan,291.50,0.47,7.10,4.50,289.40,47.50
24-Feb-25 6:08:00 PM AEST,nan,63.3,nan,nan,nan,nan,294.90,0.43,9.50,4.00,293.70,45.80
24-Feb-25 6:09:00 PM AEST,30.3,63.0,nan,nan,nan,nan,10.80,0.73,10.60,6.70,10.90,45.00
24-Feb-25 6:10:00 PM AEST,nan,nan,22.5,nan,nan,nan,353.10,0.56,7.10,4.20,353.40,45.80
24-Feb-25 6:10:05 PM AEST,30.2,nan,nan,nan,nan,nan,nan,nan,nan,nan,nan,nan
24-Feb-25 6:11:00 PM AEST,nan,63.3,22.4,nan,nan,nan,342.50,0.50,9.50,4.30,341.60,48.30
24-Feb-25 6:12:00 PM AEST,nan,63.0,nan,nan,nan,nan,7.80,0.57,nan,5.60,8.40,51.60
24-Feb-25 6:13:00 PM AEST,30.1,62.7,22.3,nan,nan,nan,24.50,nan,nan,5.50,20.60,52.50
24-Feb-25 6:14:00 PM AEST,nan,62.8,22.2,nan,nan,nan,14.40,0.27,4.70,2.30,7.00,51.70
24-Feb-25 6:14:05 PM AEST,30.2,nan,nan,nan,nan,nan,nan,nan,nan,nan,nan,nan
24-Feb-25 6:15:00 PM AEST,nan,nan,22.3,nan,nan,nan,317.30,0.48,8.30,4.60,314.60,50.80
24-Feb-25 6:16:00 PM AEST,30.1,62.7,nan,nan,nan,nan,351.50,0.64,11.80,5.00,4.40,51.70
24-Feb-25 6:17:00 PM AEST,nan,62.8,22.2,nan,nan,nan,340.80,0.70,nan,4.80,343.90,50.80
24-Feb-25 6:18:00 PM AEST,30.0,63.0,nan,nan,nan,nan,346.20,nan,10.60,6.20,345.50,49.20
24-Feb-25 6:19:00 PM AEST,nan,62.8,nan,nan,nan,nan,6.40,0.67,11.80,6.50,5.20,49.10
24-Feb-25 6:20:00 PM AEST,nan,63.0,22.1,nan,nan,nan,358.60,0.63,nan,4.70,354.90,51.70
24-Feb-25 6:21:00 PM AEST,29.9,62.7,nan,nan,nan,nan,335.00,0.99,14.20,9.30,333.20,nan
24-Feb-25 6:22:00 PM AEST,nan,62.8,22.0,nan,nan,nan,317.80,0.85,nan,7.50,316.60,48.30
24-Feb-25 6:23:00 PM AEST,nan,nan,nan,nan,nan,nan,336.30,0.47,8.30,4.60,337.40,44.20
24-Feb-25 6:24:00 PM AEST,nan,63.3,nan,nan,nan,nan,336.40,0.43,5.90,2.10,336.50,39.10
24-Feb-25 6:25:00 PM AEST,29.8,nan,22.1,nan,nan,nan,347.60,0.90,14.20,8.30,350.10,35.00
24-Feb-25 6:26:00 PM AEST,nan,63.2,nan,nan,nan,nan,233.70,0.37,5.90,3.50,235.70,31.70
24-Feb-25 6:27:00 PM AEST,nan,63.5,22.0,nan,nan,nan,288.20,0.64,14.20,6.10,295.00,29.10
24-Feb-25 6:28:00 PM AEST,29.7,63.3,22.1,nan,nan,nan,318.50,1.00,16.60,9.50,321.10,29.20
24-Feb-25 6:29:00 PM AEST,nan,nan,22.0,nan,nan,nan,313.00,0.62,13.00,6.20,312.40,27.50
24-Feb-25 6:30:00 PM AEST,nan,63.7,nan,nan,nan,nan,334.00,0.80,11.80,6.90,333.00,25.80
24-Feb-25 6:31:00 PM AEST,nan,nan,22.1,nan,nan,nan,323.50,0.76,nan,6.10,323.00,26.70
24-Feb-25 6:32:00 PM AEST,29.6,63.8,22.0,nan,nan,nan,318.40,1.05,17.80,9.60,317.10,27.50
24-Feb-25 6:33:00 PM AEST,nan,63.7,nan,nan,nan,nan,353.60,0.86,14.20,6.80,353.80,29.20
24-Feb-25 6:34:00 PM AEST,nan,64.2,nan,nan,nan,nan,26.20,0.43,5.90,4.30,26.20,30.00
24-Feb-25 6:35:00 PM AEST,nan,64.3,22.1,nan,nan,nan,26.40,0.21,3.50,2.10,26.40,28.30
24-Feb-25 6:36:00 PM AEST,nan,64.2,22.2,nan,nan,nan,26.10,0.25,nan,2.50,26.10,25.80
24-Feb-25 6:37:00 PM AEST,nan,64.5,22.1,nan,nan,nan,nan,0.33,4.70,3.30,nan,25.00
24-Feb-25 6:38:00 PM AEST,nan,nan,22.2,nan,nan,nan,356.80,0.39,9.50,2.80,332.60,22.50
24-Feb-25 6:39:00 PM AEST,29.5,64.7,nan,nan,nan,nan,310.00,0.41,7.10,4.10,309.30,20.80
24-Feb-25 6:40:00 PM AEST,nan,64.8,22.1,nan,nan,nan,313.10,0.19,2.40,1.90,313.10,20.00
24-Feb-25 6:41:00 PM AEST,29.4,65.2,22.2,nan,nan,nan,315.40,0.30,5.90,2.90,316.70,17.50
24-Feb-25 6:42:00 PM AEST,nan,65.0,nan,nan,nan,nan,21.80,0.57,7.10,4.40,22.90,16.70
24-Feb-25 6:42:05 PM AEST,29.5,nan,nan,nan,nan,nan,nan,nan,nan,nan,nan,nan
24-Feb-25 6:43:00 PM AEST,nan,65.3,nan,nan,nan,nan,10.40,0.46,8.30,4.00,19.00,15.80
24-Feb-25 6:43:10 PM AEST,29.4,nan,nan,nan,nan,nan,nan,nan,nan,nan,nan,nan
24-Feb-25 6:44:00 PM AEST,nan,nan,nan,nan,nan,nan,308.00,0.30,5.90,2.20,322.80,15.00
24-Feb-25 6:45:00 PM AEST,nan,65.7,nan,nan,nan,nan,35.40,0.49,9.50,4.60,43.30,nan
24-Feb-25 6:46:00 PM AEST,29.3,65.8,22.3,nan,nan,nan,38.40,0.34,4.70,3.30,39.50,14.10
24-Feb-25 6:47:00 PM AEST,nan,66.0,22.2,nan,nan,nan,34.30,0.27,nan,2.70,34.30,13.30
24-Feb-25 6:48:00 PM AEST,nan,nan,22.3,nan,nan,nan,15.60,0.36,5.90,3.40,12.50,11.70
24-Feb-25 6:49:00 PM AEST,29.2,65.8,nan,nan,nan,nan,6.90,0.54,9.50,5.30,8.80,10.00
24-Feb-25 6:50:00 PM AEST,nan,66.2,22.2,nan,nan,nan,9.30,0.41,7.10,3.80,11.40,7.50
24-Feb-25 6:51:00 PM AEST,nan,66.3,22.3,nan,nan,nan,354.90,0.57,9.50,4.80,347.90,5.00
24-Feb-25 6:52:00 PM AEST,29.1,nan,22.2,nan,nan,nan,3.60,0.63,nan,6.00,4.90,4.20
24-Feb-25 6:53:00 PM AEST,nan,nan,nan,nan,nan,nan,334.20,0.71,nan,6.50,333.60,3.30
24-Feb-25 6:54:00 PM AEST,nan,66.5,nan,nan,nan,nan,337.10,0.22,4.70,2.20,337.10,nan
24-Feb-25 6:55:00 PM AEST,nan,66.7,nan,nan,nan,nan,335.40,0.34,5.90,3.40,334.90,1.70
24-Feb-25 6:56:00 PM AEST,nan,nan,22.3,nan,nan,nan,339.70,0.35,4.70,3.50,340.90,0.00
24-Feb-25 6:57:00 PM AEST,nan,nan,nan,nan,nan,nan,336.30,0.32,8.30,2.90,337.30,nan
24-Feb-25 6:58:00 PM AEST,29.0,67.0,nan,nan,nan,nan,331.30,0.57,nan,5.60,328.80,nan
24-Feb-25 6:59:00 PM AEST,nan,67.2,22.2,nan,nan,nan,19.00,0.47,5.90,4.50,20.50,nan
24-Feb-25 7:00:00 PM AEST,nan,67.3,22.3,nan,nan,nan,352.40,0.28,4.70,2.80,352.00,nan
24-Feb-25 7:00:10 PM AEST,nan,nan,nan,nan,nan,0.02,nan,nan,nan,nan,nan,nan
24-Feb-25 7:01:00 PM AEST,28.9,67.7,nan,nan,nan,nan,1.30,0.18,3.50,1.80,1.30,nan
24-Feb-25 7:02:00 PM AEST,nan,67.5,nan,nan,nan,nan,3.90,0.35,4.70,3.50,4.10,nan
24-Feb-25 7:03:00 PM AEST,nan,67.7,nan,nan,nan,nan,5.50,0.27,nan,2.70,5.50,nan
24-Feb-25 7:04:00 PM AEST,28.8,67.8,nan,nan,nan,nan,26.70,0.43,5.90,4.30,27.20,nan
24-Feb-25 7:05:00 PM AEST,nan,nan,nan,nan,nan,nan,5.70,0.50,7.10,4.80,6.20,nan
24-Feb-25 7:06:00 PM AEST,nan,68.0,nan,nan,nan,nan,355.20,0.33,4.70,3.30,355.20,nan
24-Feb-25 7:07:00 PM AEST,nan,nan,nan,nan,nan,nan,nan,0.17,3.50,1.70,nan,nan
24-Feb-25 7:08:00 PM AEST,nan,68.2,nan,nan,nan,nan,350.30,0.31,5.90,3.10,348.00,0.80
24-Feb-25 7:09:00 PM AEST,28.7,68.3,nan,nan,nan,nan,350.60,0.37,4.70,3.40,350.10,0.00
24-Feb-25 7:10:00 PM AEST,nan,68.5,nan,nan,nan,nan,21.60,0.60,8.30,5.60,25.40,nan
24-Feb-25 7:11:00 PM AEST,nan,68.3,nan,nan,nan,nan,21.80,0.43,7.10,4.30,21.50,nan
24-Feb-25 7:12:00 PM AEST,nan,68.5,nan,nan,nan,nan,22.70,0.18,3.50,1.80,22.90,nan
24-Feb-25 7:13:00 PM AEST,28.6,68.8,nan,nan,nan,nan,23.50,0.21,nan,2.10,23.40,nan
24-Feb-25 7:14:00 PM AEST,nan,69.0,nan,nan,nan,nan,28.30,0.44,8.30,4.30,31.40,nan
24-Feb-25 7:15:00 PM AEST,nan,nan,nan,nan,nan,nan,20.70,0.34,4.70,3.40,20.70,nan
24-Feb-25 7:16:00 PM AEST,nan,69.2,nan,nan,nan,nan,21.30,0.24,nan,2.40,21.30,nan
24-Feb-25 7:17:00 PM AEST,28.5,69.3,22.4,nan,nan,nan,nan,0.18,nan,1.80,nan,nan
24-Feb-25 7:18:00 PM AEST,nan,nan,nan,nan,nan,nan,1.30,0.47,7.10,4.30,0.40,nan
24-Feb-25 7:19:00 PM AEST,nan,nan,nan,nan,nan,nan,349.30,0.36,4.70,3.60,349.30,nan
24-Feb-25 7:20:00 PM AEST,nan,69.5,nan,nan,nan,nan,357.90,0.43,8.30,4.20,357.00,nan
24-Feb-25 7:21:00 PM AEST,nan,69.3,nan,nan,nan,nan,352.90,0.59,11.80,5.00,349.70,nan
24-Feb-25 7:22:00 PM AEST,28.4,69.7,22.3,nan,nan,nan,43.00,0.56,7.10,5.50,43.80,nan
24-Feb-25 7:23:00 PM AEST,nan,69.8,nan,nan,nan,nan,46.80,0.57,nan,5.60,47.20,nan
24-Feb-25 7:24:00 PM AEST,nan,nan,22.4,nan,nan,nan,39.00,0.31,4.70,3.10,39.00,nan
24-Feb-25 7:25:00 PM AEST,nan,70.0,nan,nan,nan,nan,36.60,0.24,3.50,2.40,36.40,nan
24-Feb-25 7:26:00 PM AEST,nan,70.2,nan,nan,nan,nan,0.50,nan,4.70,2.30,1.20,nan
24-Feb-25 7:27:00 PM AEST,nan,70.3,nan,nan,nan,nan,38.50,0.31,5.90,2.90,59.40,nan
24-Feb-25 7:28:00 PM AEST,nan,nan,nan,nan,nan,nan,49.80,0.45,7.10,4.40,49.00,nan
24-Feb-25 7:29:00 PM AEST,28.3,70.5,nan,nan,nan,nan,42.50,0.51,8.30,5.00,42.00,nan
24-Feb-25 7:30:00 PM AEST,nan,70.3,nan,nan,nan,nan,348.70,0.41,7.10,4.10,349.80,nan
24-Feb-25 7:31:00 PM AEST,nan,70.7,nan,nan,nan,nan,355.90,0.47,nan,3.70,358.90,nan
24-Feb-25 7:32:00 PM AEST,nan,nan,22.5,nan,nan,nan,304.00,0.54,nan,5.40,304.50,nan
24-Feb-25 7:33:00 PM AEST,nan,70.8,22.4,nan,nan,nan,324.80,0.33,4.70,2.20,331.90,nan
24-Feb-25 7:34:00 PM AEST,nan,71.0,22.5,nan,nan,nan,39.80,0.26,3.50,2.60,40.20,nan
24-Feb-25 7:35:00 PM AEST,nan,nan,nan,nan,nan,nan,5.80,0.42,5.90,4.10,2.40,nan
24-Feb-25 7:36:00 PM AEST,28.2,nan,nan,nan,nan,nan,20.30,0.44,nan,4.30,18.70,nan
24-Feb-25 7:37:00 PM AEST,nan,nan,nan,nan,nan,nan,14.60,0.50,8.30,4.90,14.70,nan
24-Feb-25 7:38:00 PM AEST,nan,nan,nan,nan,nan,nan,352.20,0.39,5.90,3.80,353.00,nan
24-Feb-25 7:39:00 PM AEST,nan,nan,22.4,nan,nan,nan,61.00,0.47,7.10,4.60,60.20,nan
24-Feb-25 7:40:00 PM AEST,nan,71.2,nan,nan,nan,nan,54.50,0.31,4.70,3.00,54.40,nan
24-Feb-25 7:41:00 PM AEST,nan,71.0,22.5,nan,nan,nan,10.80,0.27,3.50,2.70,10.80,nan
24-Feb-25 7:42:00 PM AEST,nan,71.2,22.4,nan,nan,nan,357.50,0.34,5.90,3.30,355.80,nan
24-Feb-25 7:43:00 PM AEST,nan,nan,22.5,nan,nan,nan,355.10,0.21,nan,2.00,3.20,nan
24-Feb-25 7:44:00 PM AEST,28.1,nan,22.4,nan,nan,nan,12.70,0.44,nan,4.30,12.90,0.80
24-Feb-25 7:45:00 PM AEST,nan,71.3,nan,nan,nan,nan,310.80,0.37,7.10,3.70,311.20,0.00
24-Feb-25 7:46:00 PM AEST,nan,nan,22.5,nan,nan,nan,309.40,0.28,4.70,2.80,309.40,nan
24-Feb-25 7:47:00 PM AEST,nan,71.5,22.4,nan,nan,nan,310.10,nan,nan,nan,310.10,nan
24-Feb-25 7:48:00 PM AEST,nan,nan,nan,nan,nan,nan,337.90,0.31,nan,1.70,348.20,nan
24-Feb-25 7:49:00 PM AEST,28.0,71.8,nan,nan,nan,nan,54.30,0.26,3.50,2.60,54.30,nan
24-Feb-25 7:50:00 PM AEST,nan,71.7,22.5,nan,nan,nan,nan,0.20,nan,2.00,nan,nan
24-Feb-25 7:51:00 PM AEST,nan,71.8,22.4,nan,nan,nan,342.40,0.47,7.10,4.10,330.20,nan
24-Feb-25 7:52:00 PM AEST,nan,71.7,22.5,nan,nan,nan,337.20,0.35,5.90,2.40,346.40,nan
24-Feb-25 7:53:00 PM AEST,27.9,71.8,22.4,nan,nan,nan,101.90,0.40,7.10,3.90,100.10,nan
24-Feb-25 7:54:00 PM AEST,nan,72.2,nan,nan,nan,nan,99.20,0.24,5.90,1.90,83.80,nan
24-Feb-25 7:55:00 PM AEST,nan,72.0,nan,nan,nan,nan,344.50,0.48,nan,4.50,345.30,nan
24-Feb-25 7:56:00 PM AEST,nan,71.8,nan,nan,nan,nan,11.40,0.59,13.00,4.00,54.80,nan
24-Feb-25 7:57:00 PM AEST,nan,72.0,22.3,nan,nan,nan,70.30,0.44,9.50,4.30,69.80,nan
24-Feb-25 7:58:00 PM AEST,nan,72.2,22.4,nan,nan,nan,nan,0.23,4.70,2.30,70.30,nan
24-Feb-25 7:59:00 PM AEST,nan,72.3,nan,nan,nan,nan,69.60,0.30,nan,3.00,69.60,nan
24-Feb-25 8:00:00 PM AEST,nan,nan,22.5,nan,nan,nan,nan,0.02,1.20,0.20,69.70,nan
24-Feb-25 8:00:11 PM AEST,nan,nan,nan,nan,nan,0.00,nan,nan,nan,nan,nan,nan
24-Feb-25 8:01:00 PM AEST,nan,72.5,22.4,nan,nan,nan,55.10,0.24,5.90,2.30,39.80,nan
24-Feb-25 8:02:00 PM AEST,nan,72.2,22.5,nan,nan,nan,7.70,0.35,4.70,3.30,6.50,nan
24-Feb-25 8:03:00 PM AEST,27.8,72.3,22.4,nan,nan,nan,348.10,0.31,nan,3.10,348.10,nan
24-Feb-25 8:04:00 PM AEST,nan,72.7,nan,nan,nan,nan,348.20,0.30,nan,3.00,348.20,nan
24-Feb-25 8:05:00 PM AEST,nan,72.5,nan,nan,nan,nan,nan,0.24,3.50,2.40,348.30,nan
24-Feb-25 8:06:00 PM AEST,nan,nan,nan,nan,nan,nan,nan,0.19,nan,2.00,348.20,nan
24-Feb-25 8:07:00 PM AEST,nan,72.7,nan,nan,nan,nan,nan,0.13,2.40,1.30,348.30,nan
24-Feb-25 8:08:00 PM AEST,nan,nan,nan,nan,nan,nan,nan,0.02,1.20,0.20,348.20,nan
24-Feb-25 8:09:00 PM AEST,27.7,73.0,nan,nan,nan,nan,nan,0.15,2.40,1.50,348.30,nan
24-Feb-25 8:10:00 PM AEST,nan,73.2,nan,nan,nan,nan,348.30,0.24,3.50,2.40,nan,nan
24-Feb-25 8:11:00 PM AEST,27.6,73.5,nan,nan,nan,nan,nan,0.12,2.40,1.20,nan,nan
24-Feb-25 8:12:00 PM AEST,nan,73.3,22.5,nan,nan,nan,312.30,0.21,3.50,1.50,284.90,nan
24-Feb-25 8:13:00 PM AEST,nan,73.2,22.4,nan,nan,nan,287.90,0.32,4.70,3.00,285.30,nan
24-Feb-25 8:14:00 PM AEST,nan,nan,nan,nan,nan,nan,317.90,0.15,2.40,1.50,317.90,nan
24-Feb-25 8:15:00 PM AEST,nan,73.5,nan,nan,nan,nan,317.80,0.23,3.50,2.30,317.80,nan
24-Feb-25 8:16:00 PM AEST,27.5,73.8,nan,nan,nan,nan,nan,0.13,2.40,1.30,nan,nan
24-Feb-25 8:17:00 PM AEST,nan,nan,nan,nan,nan,nan,321.10,0.27,3.50,2.70,321.80,nan
24-Feb-25 8:18:00 PM AEST,nan,nan,nan,nan,nan,nan,327.30,0.22,nan,2.20,327.30,nan
24-Feb-25 8:19:00 PM AEST,nan,nan,nan,nan,nan,nan,nan,0.03,1.20,0.30,nan,nan
24-Feb-25 8:20:00 PM AEST,27.6,73.7,nan,nan,nan,nan,nan,0.00,0.00,0.00,0.00,nan
24-Feb-25 8:21:00 PM AEST,nan,73.8,nan,nan,nan,nan,nan,0.05,2.40,0.50,327.60,nan
24-Feb-25 8:22:00 PM AEST,27.5,74.0,22.5,nan,nan,nan,259.00,0.30,3.50,2.50,260.00,0.80
24-Feb-25 8:23:00 PM AEST,nan,74.5,nan,nan,nan,nan,3.70,0.33,4.70,3.30,3.70,0.00
24-Feb-25 8:24:00 PM AEST,27.3,75.2,nan,nan,nan,nan,339.50,0.18,3.50,1.30,329.70,nan
24-Feb-25 8:25:00 PM AEST,nan,74.7,nan,nan,nan,nan,334.60,0.43,5.90,3.40,350.00,nan
24-Feb-25 8:26:00 PM AEST,27.4,74.3,22.4,nan,nan,nan,357.00,0.31,4.70,3.10,357.30,nan
24-Feb-25 8:27:00 PM AEST,nan,74.2,nan,nan,nan,nan,354.60,0.18,3.50,1.80,354.60,nan
24-Feb-25 8:28:00 PM AEST,nan,74.5,nan,nan,nan,nan,nan,0.21,2.40,2.10,354.50,nan
24-Feb-25 8:29:00 PM AEST,27.3,75.2,22.5,nan,nan,nan,nan,nan,nan,nan,nan,nan
24-Feb-25 8:30:00 PM AEST,nan,75.7,nan,nan,nan,nan,nan,0.22,3.50,2.20,354.60,nan
24-Feb-25 8:30:05 PM AEST,27.2,nan,nan,nan,nan,nan,nan,nan,nan,nan,nan,nan
24-Feb-25 8:31:00 PM AEST,nan,75.8,nan,nan,nan,nan,nan,0.36,4.70,3.50,nan,nan
24-Feb-25 8:31:10 PM AEST,27.1,nan,nan,nan,nan,nan,nan,nan,nan,nan,nan,nan
24-Feb-25 8:32:00 PM AEST,nan,76.3,22.4,nan,nan,nan,nan,0.21,3.50,2.10,nan,nan
24-Feb-25 8:32:15 PM AEST,27.0,nan,nan,nan,nan,nan,nan,nan,nan,nan,nan,nan
24-Feb-25 8:33:00 PM AEST,nan,76.8,22.5,nan,nan,nan,nan,0.28,nan,2.80,nan,nan
24-Feb-25 8:33:20 PM AEST,26.9,nan,nan,nan,nan,nan,nan,nan,nan,nan,nan,nan
24-Feb-25 8:34:00 PM AEST,nan,77.0,nan,nan,nan,nan,nan,0.29,4.70,2.90,nan,nan
24-Feb-25 8:34:25 PM AEST,26.8,nan,nan,nan,nan,nan,nan,nan,nan,nan,nan,nan
24-Feb-25 8:35:00 PM AEST,nan,77.3,22.4,nan,nan,nan,nan,0.10,2.40,1.00,354.70,nan
24-Feb-25 8:36:00 PM AEST,nan,77.7,22.5,nan,nan,nan,nan,0.00,0.00,0.00,0.00,nan
24-Feb-25 8:37:00 PM AEST,nan,77.8,22.6,nan,nan,nan,nan,nan,nan,nan,nan,nan
24-Feb-25 8:38:00 PM AEST,nan,78.0,nan,nan,nan,nan,nan,nan,nan,nan,nan,nan
24-Feb-25 8:39:00 PM AEST,26.7,78.2,nan,nan,nan,nan,nan,nan,nan,nan,nan,nan
24-Feb-25 8:40:00 PM AEST,nan,78.3,nan,nan,nan,nan,nan,0.07,2.40,0.60,354.70,nan
24-Feb-25 8:41:00 PM AEST,26.6,nan,nan,nan,nan,nan,nan,0.21,3.50,2.10,354.50,nan
24-Feb-25 8:42:00 PM AEST,nan,78.5,22.5,nan,nan,nan,nan,0.18,2.40,1.80,354.70,nan
24-Feb-25 8:42:05 PM AEST,26.5,nan,nan,nan,nan,nan,nan,nan,nan,nan,nan,nan
24-Feb-25 8:43:00 PM AEST,nan,78.7,nan,nan,nan,nan,nan,0.16,nan,1.60,354.60,nan
24-Feb-25 8:44:00 PM AEST,26.3,79.2,22.4,nan,nan,nan,nan,nan,nan,nan,nan,nan
24-Feb-25 8:45:00 PM AEST,nan,nan,nan,nan,nan,nan,nan,0.19,nan,1.90,354.50,nan
24-Feb-25 8:46:00 PM AEST,26.2,79.3,nan,nan,nan,nan,nan,0.15,nan,1.50,354.70,nan
24-Feb-25 8:47:00 PM AEST,nan,79.7,nan,nan,nan,nan,nan,0.08,1.20,0.80,nan,nan
24-Feb-25 8:48:00 PM AEST,nan,nan,nan,nan,nan,nan,nan,0.03,2.40,0.30,355.10,nan
24-Feb-25 8:49:00 PM AEST,26.3,80.0,nan,nan,nan,nan,nan,0.17,nan,1.70,354.50,nan
24-Feb-25 8:50:00 PM AEST,nan,80.2,22.5,nan,nan,nan,nan,0.15,nan,1.50,354.60,nan
24-Feb-25 8:50:05 PM AEST,26.1,nan,nan,nan,nan,nan,nan,nan,nan,nan,nan,nan
24-Feb-25 8:51:00 PM AEST,nan,80.5,22.4,nan,nan,nan,nan,0.10,nan,1.00,354.50,nan
24-Feb-25 8:52:00 PM AEST,26.0,80.7,nan,nan,nan,nan,nan,0.14,nan,1.40,354.60,nan
24-Feb-25 8:54:00 PM AEST,nan,80.8,nan,nan,nan,nan,nan,0.04,1.20,0.40,355.10,nan
24-Feb-25 8:55:00 PM AEST,nan,nan,nan,nan,nan,nan,nan,0.05,nan,0.50,354.60,nan
24-Feb-25 8:56:00 PM AEST,26.1,nan,nan,nan,nan,nan,nan,0.04,nan,0.40,355.10,nan
24-Feb-25 8:57:00 PM AEST,nan,81.2,22.5,nan,nan,nan,nan,0.17,2.40,1.70,354.50,0.80
24-Feb-25 8:57:05 PM AEST,26.0,nan,nan,nan,nan,nan,nan,nan,nan,nan,nan,nan
24-Feb-25 8:58:00 PM AEST,nan,81.7,nan,nan,nan,nan,nan,nan,nan,nan,354.60,0.00
24-Feb-25 8:58:10 PM AEST,25.9,nan,nan,nan,nan,nan,nan,nan,nan,nan,nan,nan
24-Feb-25 8:59:00 PM AEST,nan,81.8,22.6,nan,nan,nan,nan,0.19,nan,2.00,nan,nan
24-Feb-25 9:00:00 PM AEST,nan,82.2,nan,nan,nan,nan,nan,0.05,1.20,0.50,nan,nan
24-Feb-25 9:00:12 PM AEST,nan,nan,nan,nan,nan,65.53,nan,nan,nan,nan,nan,nan
24-Feb-25 9:01:00 PM AEST,nan,nan,nan,nan,nan,nan,nan,0.10,2.40,1.00,354.70,nan
24-Feb-25 9:02:00 PM AEST,25.8,82.3,nan,nan,nan,nan,nan,0.09,nan,0.90,354.50,nan
24-Feb-25 9:03:00 PM AEST,nan,nan,22.5,nan,nan,nan,nan,0.01,1.20,0.10,356.40,nan
24-Feb-25 9:04:00 PM AEST,nan,82.7,22.6,nan,nan,nan,nan,0.00,0.00,0.00,0.00,nan
24-Feb-25 9:05:00 PM AEST,nan,82.8,nan,nan,nan,nan,nan,nan,nan,nan,nan,nan
24-Feb-25 9:06:00 PM AEST,25.7,83.0,nan,nan,nan,nan,nan,0.09,1.20,0.90,354.60,nan
24-Feb-25 9:07:00 PM AEST,nan,83.3,nan,nan,nan,nan,nan,nan,2.40,nan,354.70,nan
24-Feb-25 9:08:00 PM AEST,nan,nan,22.7,nan,nan,nan,nan,0.02,1.20,0.20,355.30,nan
24-Feb-25 9:09:00 PM AEST,nan,nan,22.6,nan,nan,nan,nan,0.00,0.00,0.00,0.00,nan
24-Feb-25 9:10:00 PM AEST,nan,83.5,nan,nan,nan,nan,nan,nan,nan,nan,nan,nan
24-Feb-25 9:11:00 PM AEST,nan,nan,22.7,nan,nan,nan,nan,nan,nan,nan,nan,nan
24-Feb-25 9:12:00 PM AEST,nan,83.7,nan,nan,nan,nan,nan,nan,nan,nan,nan,nan
24-Feb-25 9:13:00 PM AEST,25.6,83.5,nan,nan,nan,nan,nan,nan,nan,nan,nan,nan
24-Feb-25 9:14:00 PM AEST,nan,nan,22.6,nan,nan,nan,nan,nan,nan,nan,nan,nan
24-Feb-25 9:14:05 PM AEST,25.7,nan,nan,nan,nan,nan,nan,nan,nan,nan,nan,nan
24-Feb-25 9:15:00 PM AEST,nan,83.3,22.7,nan,nan,nan,nan,nan,nan,nan,nan,nan
24-Feb-25 9:15:10 PM AEST,25.6,nan,nan,nan,nan,nan,nan,nan,nan,nan,nan,nan
24-Feb-25 9:16:00 PM AEST,nan,83.5,22.6,nan,nan,nan,nan,nan,nan,nan,nan,nan
24-Feb-25 9:17:00 PM AEST,25.5,83.7,nan,nan,nan,nan,nan,0.14,2.40,1.40,354.60,nan
24-Feb-25 9:18:00 PM AEST,nan,83.8,22.5,nan,nan,nan,nan,0.12,nan,1.20,nan,nan
24-Feb-25 9:18:05 PM AEST,25.4,nan,nan,nan,nan,nan,nan,nan,nan,nan,nan,nan
24-Feb-25 9:19:00 PM AEST,nan,84.0,nan,nan,nan,nan,nan,0.00,0.00,0.00,0.00,nan
24-Feb-25 9:20:00 PM AEST,nan,84.2,nan,nan,nan,nan,nan,0.02,1.20,0.20,354.80,nan
24-Feb-25 9:21:00 PM AEST,nan,nan,nan,nan,nan,nan,nan,0.12,2.40,1.20,354.60,nan
24-Feb-25 9:22:00 PM AEST,25.3,84.3,nan,nan,nan,nan,nan,nan,nan,nan,nan,nan
24-Feb-25 9:23:00 PM AEST,nan,84.5,nan,nan,nan,nan,nan,0.07,1.20,0.70,354.80,nan
24-Feb-25 9:24:00 PM AEST,nan,nan,nan,nan,nan,nan,nan,0.01,nan,0.10,356.40,nan
24-Feb-25 9:25:00 PM AEST,25.2,84.7,nan,nan,nan,nan,nan,0.07,2.40,0.60,354.70,nan
24-Feb-25 9:26:00 PM AEST,nan,84.8,nan,nan,nan,nan,nan,0.11,nan,1.10,354.60,nan
24-Feb-25 9:27:00 PM AEST,nan,nan,nan,nan,nan,nan,nan,0.00,1.20,0.00,0.00,nan
24-Feb-25 9:28:00 PM AEST,nan,nan,nan,nan,nan,nan,nan,0.07,2.40,0.70,354.80,nan
24-Feb-25 9:29:00 PM AEST,nan,nan,nan,nan,nan,nan,nan,0.12,nan,1.20,354.60,nan
24-Feb-25 9:30:00 PM AEST,nan,85.2,nan,nan,nan,nan,nan,0.08,1.20,0.80,354.70,nan
24-Feb-25 9:31:00 PM AEST,nan,85.0,nan,nan,nan,nan,nan,0.15,2.40,1.50,354.60,nan
24-Feb-25 9:32:00 PM AEST,nan,85.2,nan,nan,nan,nan,nan,0.08,nan,0.80,nan,nan
24-Feb-25 9:33:00 PM AEST,nan,85.3,nan,nan,nan,nan,nan,0.00,0.00,0.00,0.00,nan
24-Feb-25 9:34:00 PM AEST,nan,nan,22.6,nan,nan,nan,nan,nan,nan,nan,nan,nan
24-Feb-25 9:35:00 PM AEST,nan,nan,nan,nan,nan,nan,nan,nan,nan,nan,nan,0.80
24-Feb-25 9:36:00 PM AEST,nan,85.5,nan,nan,nan,nan,354.80,0.25,4.70,2.50,354.90,0.00
24-Feb-25 9:37:00 PM AEST,nan,85.2,nan,nan,nan,nan,355.00,0.18,3.50,1.80,355.10,nan
24-Feb-25 9:38:00 PM AEST,25.3,85.3,22.5,nan,nan,nan,nan,0.05,2.40,0.50,355.40,nan
24-Feb-25 9:39:00 PM AEST,nan,85.0,22.6,nan,nan,nan,nan,0.07,3.50,0.60,355.30,nan
24-Feb-25 9:40:00 PM AEST,nan,85.2,nan,nan,nan,nan,nan,0.24,nan,2.40,354.90,nan
24-Feb-25 9:41:00 PM AEST,nan,nan,nan,nan,nan,nan,nan,0.04,1.20,0.40,355.40,nan
24-Feb-25 9:42:00 PM AEST,nan,85.3,nan,nan,nan,nan,nan,0.02,nan,0.20,355.30,nan
24-Feb-25 9:43:00 PM AEST,25.2,85.5,22.7,nan,nan,nan,nan,0.05,nan,0.50,355.20,nan
24-Feb-25 9:44:00 PM AEST,nan,85.3,22.6,nan,nan,nan,nan,0.00,0.00,0.00,0.00,nan
24-Feb-25 9:45:00 PM AEST,nan,85.5,nan,nan,nan,nan,nan,nan,nan,nan,nan,nan
24-Feb-25 9:46:00 PM AEST,nan,85.3,nan,nan,nan,nan,nan,nan,nan,nan,nan,nan
24-Feb-25 9:47:00 PM AEST,nan,85.5,nan,nan,nan,nan,354.90,0.13,3.50,1.30,354.80,nan
24-Feb-25 9:48:00 PM AEST,nan,85.3,nan,nan,nan,nan,355.00,0.28,nan,2.80,355.00,nan
24-Feb-25 9:49:00 PM AEST,nan,nan,22.5,nan,nan,nan,nan,0.19,2.40,1.90,nan,nan
24-Feb-25 9:50:00 PM AEST,nan,nan,22.6,nan,nan,nan,nan,0.08,1.20,0.80,355.20,nan
24-Feb-25 9:51:00 PM AEST,nan,85.5,nan,nan,nan,nan,nan,0.07,nan,0.70,355.10,nan
24-Feb-25 9:52:00 PM AEST,nan,nan,nan,nan,nan,nan,nan,0.00,0.00,0.00,0.00,nan
24-Feb-25 9:53:00 PM AEST,25.1,85.7,nan,nan,nan,nan,nan,0.01,1.20,0.10,354.80,nan
24-Feb-25 9:54:00 PM AEST,nan,nan,nan,nan,nan,nan,nan,0.00,0.00,0.00,0.00,nan
24-Feb-25 9:54:05 PM AEST,25.2,nan,nan,nan,nan,nan,nan,nan,nan,nan,nan,nan
24-Feb-25 9:55:00 PM AEST,nan,85.8,nan,nan,nan,nan,nan,nan,nan,nan,nan,nan
24-Feb-25 9:56:00 PM AEST,nan,86.0,nan,nan,nan,nan,nan,nan,nan,nan,nan,nan
24-Feb-25 9:57:00 PM AEST,25.1,nan,22.7,nan,nan,nan,nan,nan,nan,nan,nan,nan
24-Feb-25 9:58:00 PM AEST,nan,nan,22.6,nan,nan,nan,nan,nan,nan,nan,nan,nan
24-Feb-25 9:59:00 PM AEST,25.0,86.2,nan,nan,nan,nan,nan,nan,nan,nan,nan,nan
24-Feb-25 10:00:00 PM AEST,nan,nan,22.5,nan,nan,nan,354.90,0.11,2.40,1.10,355.00,nan
24-Feb-25 10:00:13 PM AEST,nan,nan,nan,nan,nan,65.53,nan,nan,nan,nan,nan,nan
24-Feb-25 10:01:00 PM AEST,nan,86.3,nan,nan,nan,nan,355.00,0.01,1.20,0.10,354.80,nan
24-Feb-25 10:02:00 PM AEST,nan,nan,nan,nan,nan,nan,nan,nan,nan,nan,356.50,nan
24-Feb-25 10:03:00 PM AEST,24.9,86.5,nan,nan,nan,nan,nan,nan,nan,nan,356.40,nan
24-Feb-25 10:04:05 PM AEST,25.0,nan,nan,nan,nan,nan,nan,nan,nan,nan,nan,nan
24-Feb-25 10:05:00 PM AEST,nan,86.7,22.6,nan,nan,nan,nan,0.00,0.00,0.00,0.00,nan
24-Feb-25 10:05:10 PM AEST,24.9,nan,nan,nan,nan,nan,nan,nan,nan,nan,nan,nan
24-Feb-25 10:06:00 PM AEST,nan,86.8,22.5,nan,nan,nan,nan,0.01,1.20,0.10,356.40,nan
24-Feb-25 10:07:00 PM AEST,nan,87.2,22.6,nan,nan,nan,nan,nan,nan,nan,nan,nan
24-Feb-25 10:08:00 PM AEST,nan,nan,nan,nan,nan,nan,nan,0.03,nan,0.30,355.20,nan
24-Feb-25 10:09:00 PM AEST,24.8,nan,nan,nan,nan,nan,nan,0.00,0.00,0.00,0.00,nan
24-Feb-25 10:10:00 PM AEST,nan,nan,22.5,nan,nan,nan,nan,nan,nan,nan,nan,nan
24-Feb-25 10:10:05 PM AEST,24.9,nan,nan,nan,nan,nan,nan,nan,nan,nan,nan,nan
24-Feb-25 10:11:00 PM AEST,nan,nan,22.6,nan,nan,nan,nan,nan,nan,nan,nan,nan
24-Feb-25 10:11:10 PM AEST,24.8,nan,nan,nan,nan,nan,nan,nan,nan,nan,nan,nan
24-Feb-25 10:12:00 PM AEST,nan,nan,22.5,nan,nan,nan,nan,nan,nan,nan,nan,0.80
24-Feb-25 10:12:15 PM AEST,24.9,nan,nan,nan,nan,nan,nan,nan,nan,nan,nan,nan
24-Feb-25 10:12:15 PM AEST,24.8,nan,nan,nan,nan,nan,nan,nan,nan,nan,nan,nan
24-Feb-25 10:13:00 PM AEST,nan,nan,22.6,nan,nan,nan,nan,nan,nan,nan,nan,0.00
24-Feb-25 10:14:00 PM AEST,nan,87.3,nan,nan,nan,nan,nan,nan,nan,nan,nan,nan
24-Feb-25 10:15:00 PM AEST,nan,nan,22.5,nan,nan,nan,nan,nan,nan,nan,nan,nan
24-Feb-25 10:18:00 PM AEST,24.7,87.7,nan,nan,nan,nan,nan,nan,nan,nan,nan,nan
24-Feb-25 10:19:00 PM AEST,nan,nan,nan,nan,nan,nan,354.90,0.01,1.20,0.10,356.50,nan
24-Feb-25 10:20:00 PM AEST,nan,87.8,nan,nan,nan,nan,355.00,nan,nan,nan,354.80,nan
24-Feb-25 10:21:00 PM AEST,nan,88.0,22.6,nan,nan,nan,nan,0.04,nan,0.40,355.40,nan
24-Feb-25 10:22:00 PM AEST,nan,88.2,nan,nan,nan,nan,nan,0.12,2.40,1.20,355.00,nan
24-Feb-25 10:23:00 PM AEST,nan,88.0,nan,nan,nan,nan,nan,0.17,nan,1.70,355.10,nan
24-Feb-25 10:24:00 PM AEST,nan,88.3,nan,nan,nan,nan,nan,0.03,1.20,0.30,355.20,nan
24-Feb-25 10:25:00 PM AEST,nan,nan,nan,nan,nan,nan,nan,0.00,0.00,0.00,0.00,nan
24-Feb-25 10:26:00 PM AEST,nan,88.5,nan,nan,nan,nan,nan,nan,nan,nan,nan,nan
24-Feb-25 10:27:00 PM AEST,nan,nan,22.7,nan,nan,nan,nan,nan,nan,nan,nan,nan
24-Feb-25 10:28:00 PM AEST,nan,88.7,nan,nan,nan,nan,nan,nan,nan,nan,nan,nan
24-Feb-25 10:31:00 PM AEST,nan,88.8,nan,nan,nan,nan,nan,nan,nan,nan,nan,nan
24-Feb-25 10:32:00 PM AEST,nan,nan,nan,nan,nan,nan,354.90,nan,nan,nan,nan,nan
24-Feb-25 10:33:00 PM AEST,24.6,nan,nan,nan,nan,nan,355.00,nan,nan,nan,nan,nan
24-Feb-25 10:36:00 PM AEST,nan,89.0,nan,nan,nan,nan,nan,nan,nan,nan,nan,nan
24-Feb-25 10:38:00 PM AEST,nan,88.8,nan,nan,nan,nan,nan,nan,nan,nan,nan,nan
24-Feb-25 10:39:00 PM AEST,nan,89.0,nan,nan,nan,nan,nan,0.03,2.40,0.30,355.10,nan
24-Feb-25 10:40:00 PM AEST,nan,nan,22.6,nan,nan,nan,nan,0.07,nan,0.60,355.30,nan
24-Feb-25 10:41:00 PM AEST,nan,nan,nan,nan,nan,nan,nan,0.02,nan,0.20,355.70,nan
24-Feb-25 10:42:00 PM AEST,nan,89.2,nan,nan,nan,nan,nan,0.19,nan,1.90,354.90,nan
24-Feb-25 10:43:00 PM AEST,nan,nan,22.7,nan,nan,nan,nan,0.13,nan,1.30,354.80,nan
24-Feb-25 10:44:00 PM AEST,nan,nan,nan,nan,nan,nan,nan,0.07,1.20,0.70,355.10,nan
24-Feb-25 10:45:00 PM AEST,nan,89.3,nan,nan,nan,nan,354.90,0.08,nan,0.80,355.20,nan
24-Feb-25 10:46:00 PM AEST,24.5,89.5,nan,nan,nan,nan,355.00,0.05,nan,0.50,nan,nan
24-Feb-25 10:47:00 PM AEST,nan,nan,nan,nan,nan,nan,nan,0.07,3.50,0.70,355.10,nan
24-Feb-25 10:48:00 PM AEST,nan,nan,nan,nan,nan,nan,354.90,0.29,nan,2.90,354.90,0.80
24-Feb-25 10:49:00 PM AEST,nan,nan,nan,nan,nan,nan,355.00,0.21,2.40,2.10,355.00,0.00
24-Feb-25 10:50:00 PM AEST,nan,nan,22.6,nan,nan,nan,nan,0.15,nan,1.50,nan,nan
24-Feb-25 10:51:00 PM AEST,24.4,nan,nan,nan,nan,nan,nan,0.04,1.20,0.40,355.40,nan
24-Feb-25 10:52:00 PM AEST,nan,89.7,nan,nan,nan,nan,nan,0.00,0.00,0.00,0.00,nan
24-Feb-25 10:52:05 PM AEST,24.5,nan,nan,nan,nan,nan,nan,nan,nan,nan,nan,nan
24-Feb-25 10:53:00 PM AEST,nan,89.5,22.7,nan,nan,nan,nan,nan,nan,nan,nan,nan
24-Feb-25 10:54:00 PM AEST,nan,89.7,22.6,nan,nan,nan,nan,0.04,1.20,0.40,355.10,nan
24-Feb-25 10:55:00 PM AEST,nan,nan,22.7,nan,nan,nan,nan,0.08,2.40,0.80,nan,nan
24-Feb-25 10:56:00 PM AEST,nan,89.8,nan,nan,nan,nan,nan,0.13,nan,1.30,355.00,nan
24-Feb-25 10:57:00 PM AEST,nan,nan,nan,nan,nan,nan,nan,0.08,1.20,0.80,355.20,nan
24-Feb-25 10:58:00 PM AEST,nan,90.0,nan,nan,nan,nan,nan,0.11,2.40,1.10,355.00,nan
24-Feb-25 10:59:00 PM AEST,24.4,nan,nan,nan,nan,nan,nan,0.20,3.50,2.00,nan,nan
24-Feb-25 11:00:00 PM AEST,nan,89.8,nan,nan,nan,nan,nan,0.19,2.40,1.90,nan,nan
24-Feb-25 11:00:05 PM AEST,24.5,nan,nan,nan,nan,nan,nan,nan,nan,nan,nan,nan
24-Feb-25 11:00:14 PM AEST,nan,nan,nan,nan,nan,0.00,nan,nan,nan,nan,nan,nan
24-Feb-25 11:01:00 PM AEST,nan,nan,nan,nan,nan,nan,nan,0.15,nan,1.50,354.80,nan
24-Feb-25 11:02:00 PM AEST,nan,nan,nan,nan,nan,nan,nan,0.22,3.50,2.20,355.00,nan
24-Feb-25 11:03:00 PM AEST,24.4,nan,nan,nan,nan,nan,354.90,0.19,2.40,1.90,354.90,nan
24-Feb-25 11:04:00 PM AEST,nan,90.0,nan,nan,nan,nan,5.20,0.12,nan,1.20,6.60,nan
24-Feb-25 11:04:05 PM AEST,24.5,nan,nan,nan,nan,nan,nan,nan,nan,nan,nan,nan
24-Feb-25 11:05:00 PM AEST,nan,nan,nan,nan,nan,nan,7.90,0.09,nan,0.90,8.00,nan
24-Feb-25 11:06:00 PM AEST,nan,90.2,nan,nan,nan,nan,8.00,0.11,nan,1.10,nan,nan
24-Feb-25 11:07:00 PM AEST,nan,90.0,nan,nan,nan,nan,32.00,0.17,3.50,1.60,32.20,nan
24-Feb-25 11:08:00 PM AEST,24.6,nan,22.8,nan,nan,nan,44.90,0.09,2.40,0.90,44.80,nan
24-Feb-25 11:09:00 PM AEST,nan,nan,nan,nan,nan,nan,45.00,0.14,3.50,1.40,45.10,nan
24-Feb-25 11:10:00 PM AEST,24.8,nan,22.9,nan,nan,nan,54.50,0.62,10.60,5.50,58.70,nan
24-Feb-25 11:11:00 PM AEST,nan,nan,23.1,nan,nan,nan,41.70,0.44,7.10,4.30,41.20,nan
24-Feb-25 11:11:05 PM AEST,25.1,nan,nan,nan,nan,nan,nan,nan,nan,nan,nan,nan
24-Feb-25 11:12:00 PM AEST,nan,89.7,23.3,nan,nan,nan,73.20,0.28,3.50,2.80,73.20,nan
24-Feb-25 11:12:10 PM AEST,25.2,nan,nan,nan,nan,nan,nan,nan,nan,nan,nan,nan
24-Feb-25 11:13:00 PM AEST,nan,89.5,nan,nan,nan,nan,73.00,0.25,4.70,2.50,73.00,nan
24-Feb-25 11:13:15 PM AEST,25.3,nan,nan,nan,nan,nan,nan,nan,nan,nan,nan,nan
24-Feb-25 11:14:00 PM AEST,nan,89.0,23.4,nan,nan,nan,56.30,0.13,3.50,0.80,12.80,nan
24-Feb-25 11:15:00 PM AEST,25.4,88.7,nan,nan,nan,nan,315.50,0.12,nan,1.20,315.50,nan
24-Feb-25 11:16:00 PM AEST,nan,88.5,nan,nan,nan,nan,307.60,0.26,7.10,2.40,295.80,nan
24-Feb-25 11:17:00 PM AEST,25.5,88.0,nan,nan,nan,nan,278.50,0.37,nan,3.70,273.90,nan
24-Feb-25 11:18:00 PM AEST,nan,87.7,nan,nan,nan,nan,288.00,0.19,nan,1.90,290.80,nan
24-Feb-25 11:18:05 PM AEST,25.6,nan,nan,nan,nan,nan,nan,nan,nan,nan,nan,nan
24-Feb-25 11:19:00 PM AEST,nan,87.2,nan,nan,nan,nan,305.60,0.62,8.30,5.60,308.40,nan
24-Feb-25 11:19:10 PM AEST,25.7,nan,nan,nan,nan,nan,nan,nan,nan,nan,nan,nan
24-Feb-25 11:20:00 PM AEST,nan,86.7,nan,nan,nan,nan,333.90,0.50,9.50,4.80,331.50,nan
24-Feb-25 11:20:15 PM AEST,25.8,nan,nan,nan,nan,nan,nan,nan,nan,nan,nan,nan
24-Feb-25 11:21:00 PM AEST,nan,86.3,nan,nan,nan,nan,342.30,0.19,4.70,1.90,342.30,nan
24-Feb-25 11:22:00 PM AEST,nan,86.0,nan,nan,nan,nan,nan,0.05,1.20,0.50,342.40,nan
24-Feb-25 11:23:00 PM AEST,25.9,85.7,23.3,nan,nan,nan,338.20,0.14,5.90,1.30,327.60,nan
24-Feb-25 11:24:00 PM AEST,nan,85.3,nan,nan,nan,nan,315.50,0.51,7.10,5.00,315.50,0.80
24-Feb-25 11:25:00 PM AEST,26.0,85.0,23.2,nan,nan,nan,319.40,0.56,10.60,5.60,319.20,0.00
24-Feb-25 11:26:00 PM AEST,nan,84.8,23.3,nan,nan,nan,19.20,0.27,4.70,2.70,19.20,nan
24-Feb-25 11:26:05 PM AEST,26.1,nan,nan,nan,nan,nan,nan,nan,nan,nan,nan,nan
24-Feb-25 11:27:00 PM AEST,nan,84.5,nan,nan,nan,nan,20.20,0.20,3.50,2.00,20.30,nan
24-Feb-25 11:28:00 PM AEST,nan,84.3,nan,nan,nan,nan,319.50,0.30,5.90,2.70,298.20,nan
24-Feb-25 11:29:00 PM AEST,nan,84.0,23.2,nan,nan,nan,293.00,0.19,4.70,1.90,292.90,nan
24-Feb-25 11:30:00 PM AEST,26.2,83.8,nan,nan,nan,nan,299.10,0.13,3.50,1.30,303.20,nan
24-Feb-25 11:31:00 PM AEST,nan,nan,nan,nan,nan,nan,312.40,0.24,nan,2.40,312.30,nan
24-Feb-25 11:31:05 PM AEST,26.1,nan,nan,nan,nan,nan,nan,nan,nan,nan,nan,nan
24-Feb-25 11:32:00 PM AEST,nan,83.5,nan,nan,nan,nan,nan,0.19,nan,1.90,312.50,nan
24-Feb-25 11:32:10 PM AEST,26.2,nan,nan,nan,nan,nan,nan,nan,nan,nan,nan,nan
24-Feb-25 11:33:00 PM AEST,nan,nan,23.1,nan,nan,nan,321.60,0.29,5.90,2.90,321.70,nan
24-Feb-25 11:34:00 PM AEST,nan,83.2,23.2,nan,nan,nan,324.40,0.10,2.40,1.00,324.30,nan
24-Feb-25 11:35:00 PM AEST,nan,nan,23.1,nan,nan,nan,nan,0.07,nan,0.60,324.10,nan
24-Feb-25 11:36:00 PM AEST,nan,nan,nan,nan,nan,nan,329.60,0.26,4.70,2.60,329.60,nan
24-Feb-25 11:37:00 PM AEST,nan,nan,nan,nan,nan,nan,357.90,0.34,5.90,2.00,341.40,nan
24-Feb-25 11:38:00 PM AEST,nan,83.0,nan,nan,nan,nan,11.90,0.28,nan,2.80,13.20,nan
24-Feb-25 11:39:00 PM AEST,26.3,82.7,nan,nan,nan,nan,9.10,0.15,3.50,1.50,9.00,nan
24-Feb-25 11:40:00 PM AEST,nan,nan,nan,nan,nan,nan,8.00,0.24,nan,2.40,8.00,nan
24-Feb-25 11:41:00 PM AEST,nan,82.5,nan,nan,nan,nan,7.30,0.07,2.40,0.60,7.60,nan
24-Feb-25 11:42:00 PM AEST,nan,nan,nan,nan,nan,nan,nan,0.03,1.20,0.30,7.00,nan
24-Feb-25 11:43:00 PM AEST,nan,82.3,nan,nan,nan,nan,350.50,0.19,3.50,1.80,339.40,nan
24-Feb-25 11:44:00 PM AEST,nan,nan,23.0,nan,nan,nan,324.10,0.16,5.90,1.60,321.20,nan
24-Feb-25 11:45:00 PM AEST,nan,82.0,23.1,nan,nan,nan,342.60,0.42,7.10,4.00,337.90,nan
24-Feb-25 11:46:00 PM AEST,26.4,82.2,23.0,nan,nan,nan,348.80,0.17,4.70,1.70,347.40,nan
24-Feb-25 11:47:00 PM AEST,nan,81.8,23.1,nan,nan,nan,331.20,0.27,nan,2.70,331.20,nan
24-Feb-25 11:47:05 PM AEST,26.3,nan,nan,nan,nan,nan,nan,nan,nan,nan,nan,nan
24-Feb-25 11:48:00 PM AEST,nan,81.7,23.0,nan,nan,nan,351.20,0.37,5.90,3.50,353.90,nan
24-Feb-25 11:48:10 PM AEST,26.4,nan,nan,nan,nan,nan,nan,nan,nan,nan,nan,nan
24-Feb-25 11:49:00 PM AEST,nan,81.5,nan,nan,nan,nan,316.50,0.43,nan,4.30,316.60,nan
24-Feb-25 11:49:15 PM AEST,26.5,nan,nan,nan,nan,nan,nan,nan,nan,nan,nan,nan
24-Feb-25 11:50:00 PM AEST,nan,nan,nan,nan,nan,nan,330.90,0.19,4.70,1.90,330.90,nan
24-Feb-25 11:51:00 PM AEST,nan,81.3,nan,nan,nan,nan,nan,0.08,2.40,0.80,nan,nan
24-Feb-25 11:52:00 PM AEST,nan,nan,nan,nan,nan,nan,330.80,0.11,3.50,1.10,330.80,nan
24-Feb-25 11:53:00 PM AEST,nan,nan,nan,nan,nan,nan,359.40,0.38,5.90,3.70,359.40,nan
24-Feb-25 11:54:00 PM AEST,nan,81.2,23.1,nan,nan,nan,334.30,0.31,3.50,3.00,334.80,nan
24-Feb-25 11:55:00 PM AEST,26.6,81.0,23.0,nan,nan,nan,313.60,0.52,8.30,4.90,311.90,nan
24-Feb-25 11:56:00 PM AEST,nan,nan,nan,nan,nan,nan,281.90,0.56,9.50,5.60,279.80,nan
24-Feb-25 11:57:00 PM AEST,nan,80.8,nan,nan,nan,nan,288.40,0.33,4.70,3.30,288.30,nan
24-Feb-25 11:58:00 PM AEST,nan,nan,nan,nan,nan,nan,328.40,0.47,7.10,3.90,330.70,nan
24-Feb-25 11:59:00 PM AEST,nan,80.9,nan,nan,nan,nan,28.40,0.28,5.90,2.80,28.50,6553.50
25-Feb-25 12:00:00 AM AEST,nan,80.8,nan,nan,nan,nan,23.40,0.09,2.40,0.90,23.30,0.80
25-Feb-25 12:00:15 AM AEST,nan,nan,nan,nan,nan,0.00,nan,nan,nan,nan,nan,nan
25-Feb-25 12:01:00 AM AEST,nan,nan,nan,nan,nan,nan,nan,0.07,nan,0.70,nan,0.00
25-Feb-25 12:02:00 AM AEST,nan,nan,nan,nan,nan,nan,nan,0.09,nan,0.90,23.40,nan
25-Feb-25 12:03:00 AM AEST,nan,81.2,23.1,nan,nan,nan,nan,0.20,3.50,2.00,nan,nan
25-Feb-25 12:04:00 AM AEST,nan,nan,nan,nan,nan,nan,nan,0.07,2.40,0.70,23.30,nan
25-Feb-25 12:05:00 AM AEST,nan,81.3,nan,nan,nan,nan,nan,0.02,1.20,0.20,24.00,nan
25-Feb-25 12:06:00 AM AEST,nan,nan,nan,nan,nan,nan,nan,0.01,nan,0.10,21.80,nan
25-Feb-25 12:07:00 AM AEST,26.5,81.5,nan,nan,nan,nan,nan,nan,nan,nan,nan,nan
25-Feb-25 12:08:00 AM AEST,nan,81.3,nan,nan,nan,nan,nan,0.05,2.40,0.50,23.30,nan
25-Feb-25 12:09:00 AM AEST,nan,nan,nan,nan,nan,nan,nan,0.09,nan,0.90,23.40,nan
25-Feb-25 12:10:00 AM AEST,nan,nan,23.0,nan,nan,nan,nan,0.01,1.20,0.10,nan,nan
25-Feb-25 12:11:00 AM AEST,nan,nan,nan,nan,nan,nan,354.00,0.18,4.70,1.40,307.20,nan
25-Feb-25 12:12:00 AM AEST,nan,81.5,nan,nan,nan,nan,283.60,0.30,nan,3.00,283.40,nan
25-Feb-25 12:13:00 AM AEST,26.4,81.7,nan,nan,nan,nan,290.00,0.28,7.10,2.80,294.20,nan
25-Feb-25 12:14:00 AM AEST,nan,81.8,nan,nan,nan,nan,299.10,0.24,4.70,2.40,299.00,nan
25-Feb-25 12:15:00 AM AEST,26.3,82.0,23.1,nan,nan,nan,13.20,0.28,3.50,2.80,13.90,nan
25-Feb-25 12:16:00 AM AEST,nan,82.3,23.0,nan,nan,nan,37.90,0.31,4.70,3.10,37.70,nan
25-Feb-25 12:17:00 AM AEST,nan,82.5,nan,nan,nan,nan,36.20,0.39,5.90,3.90,36.10,nan
25-Feb-25 12:18:00 AM AEST,26.2,nan,nan,nan,nan,nan,36.60,0.28,4.70,2.80,36.70,nan
25-Feb-25 12:19:00 AM AEST,nan,82.8,nan,nan,nan,nan,36.40,0.13,2.40,1.30,36.60,nan
25-Feb-25 12:20:00 AM AEST,nan,82.7,nan,nan,nan,nan,348.00,0.28,4.70,2.60,349.10,nan
25-Feb-25 12:21:00 AM AEST,nan,nan,nan,nan,nan,nan,19.30,0.21,nan,2.10,19.20,nan
25-Feb-25 12:22:00 AM AEST,nan,82.8,nan,nan,nan,nan,nan,0.05,1.20,0.50,19.50,nan
25-Feb-25 12:23:00 AM AEST,nan,82.7,nan,nan,nan,nan,19.20,0.10,2.40,1.00,19.20,nan
25-Feb-25 12:24:00 AM AEST,nan,nan,nan,nan,nan,nan,19.30,0.01,1.20,0.10,19.50,nan
25-Feb-25 12:25:00 AM AEST,nan,nan,nan,nan,nan,nan,nan,0.00,0.00,0.00,0.00,nan
25-Feb-25 12:26:00 AM AEST,nan,82.8,nan,nan,nan,nan,19.40,0.14,3.50,1.40,19.40,nan
25-Feb-25 12:27:00 AM AEST,26.1,83.0,nan,nan,nan,nan,19.30,0.15,nan,1.50,19.20,nan
25-Feb-25 12:28:00 AM AEST,nan,83.2,nan,nan,nan,nan,nan,0.03,1.20,0.30,19.10,nan
25-Feb-25 12:29:00 AM AEST,nan,nan,nan,nan,nan,nan,nan,0.04,nan,0.40,18.80,nan
25-Feb-25 12:30:00 AM AEST,nan,83.3,nan,nan,nan,nan,19.40,0.17,3.50,1.70,19.40,nan
25-Feb-25 12:31:00 AM AEST,nan,nan,nan,nan,nan,nan,19.50,0.13,nan,1.30,19.50,nan
25-Feb-25 12:32:00 AM AEST,nan,nan,nan,nan,nan,nan,19.60,0.08,2.40,0.80,19.40,nan
25-Feb-25 12:33:00 AM AEST,26.0,83.7,nan,nan,nan,nan,nan,0.00,0.00,0.00,0.00,nan
25-Feb-25 12:34:00 AM AEST,nan,84.0,nan,nan,nan,nan,nan,nan,nan,nan,nan,nan
25-Feb-25 12:35:00 AM AEST,nan,83.7,23.1,nan,nan,nan,nan,nan,nan,nan,nan,nan
25-Feb-25 12:36:00 AM AEST,nan,nan,23.0,nan,nan,nan,nan,0.07,2.40,0.70,19.60,nan
25-Feb-25 12:37:00 AM AEST,nan,83.8,23.1,nan,nan,nan,19.50,0.02,1.20,0.20,19.50,0.80
25-Feb-25 12:38:00 AM AEST,nan,nan,23.0,nan,nan,nan,333.00,0.24,4.70,2.00,318.10,0.00
25-Feb-25 12:39:00 AM AEST,nan,83.7,23.1,nan,nan,nan,307.70,0.02,2.40,0.20,307.00,nan
25-Feb-25 12:40:00 AM AEST,nan,nan,23.0,nan,nan,nan,307.60,0.11,nan,1.10,307.70,nan
25-Feb-25 12:41:00 AM AEST,nan,84.0,nan,nan,nan,nan,307.70,0.09,nan,0.90,307.50,nan
25-Feb-25 12:42:00 AM AEST,nan,nan,23.1,nan,nan,nan,308.40,0.17,3.50,1.70,308.50,nan
25-Feb-25 12:43:00 AM AEST,26.1,84.2,nan,nan,nan,nan,308.80,0.07,1.20,0.70,308.90,nan
25-Feb-25 12:44:00 AM AEST,nan,83.8,23.2,nan,nan,nan,308.70,nan,2.40,0.60,308.60,nan
25-Feb-25 12:44:05 AM AEST,26.0,nan,nan,nan,nan,nan,nan,nan,nan,nan,nan,nan
25-Feb-25 12:45:00 AM AEST,nan,84.0,23.0,nan,nan,nan,308.80,0.21,3.50,2.10,308.70,nan
25-Feb-25 12:46:00 AM AEST,nan,83.8,23.1,nan,nan,nan,325.20,0.49,8.30,4.80,326.10,nan
25-Feb-25 12:47:00 AM AEST,26.1,83.5,nan,nan,nan,nan,338.80,0.46,7.10,4.60,338.70,nan
25-Feb-25 12:48:00 AM AEST,nan,nan,23.0,nan,nan,nan,350.30,0.31,4.70,3.00,352.50,nan
25-Feb-25 12:49:00 AM AEST,nan,83.3,23.1,nan,nan,nan,0.10,0.54,13.00,4.70,346.90,nan
25-Feb-25 12:50:00 AM AEST,26.2,nan,nan,nan,nan,nan,0.80,0.53,9.50,5.20,5.80,nan
25-Feb-25 12:51:00 AM AEST,nan,83.0,nan,nan,nan,nan,342.90,0.31,7.10,3.10,339.00,nan
25-Feb-25 12:52:00 AM AEST,nan,82.8,nan,nan,nan,nan,322.50,0.44,5.90,4.30,323.10,nan
25-Feb-25 12:53:00 AM AEST,nan,82.7,nan,nan,nan,nan,298.60,0.35,4.70,3.50,298.10,nan
25-Feb-25 12:54:00 AM AEST,26.3,nan,23.0,nan,nan,nan,356.80,nan,8.30,2.50,21.30,nan
25-Feb-25 12:55:00 AM AEST,nan,nan,23.1,nan,nan,nan,16.60,0.58,10.60,4.90,13.60,nan
25-Feb-25 12:56:00 AM AEST,nan,nan,nan,nan,nan,nan,351.30,0.56,7.10,4.80,351.20,nan
25-Feb-25 12:57:00 AM AEST,nan,nan,nan,nan,nan,nan,326.20,0.53,nan,5.30,326.50,nan
25-Feb-25 12:58:00 AM AEST,26.4,82.5,nan,nan,nan,nan,316.50,0.61,8.30,6.00,316.70,nan
25-Feb-25 12:59:00 AM AEST,nan,82.3,nan,nan,nan,nan,355.20,0.35,7.10,3.50,354.70,nan
25-Feb-25 12:59:05 AM AEST,26.3,nan,nan,nan,nan,nan,nan,nan,nan,nan,nan,nan
25-Feb-25 1:00:00 AM AEST,nan,82.5,nan,nan,nan,nan,355.80,0.17,2.40,1.70,355.80,nan
25-Feb-25 1:00:10 AM AEST,26.4,nan,nan,nan,nan,nan,nan,nan,nan,nan,nan,nan
25-Feb-25 1:00:16 AM AEST,nan,nan,nan,nan,nan,0.01,nan,nan,nan,nan,nan,nan
25-Feb-25 1:01:00 AM AEST,nan,82.2,nan,nan,nan,nan,339.30,0.57,9.50,5.20,332.70,nan
25-Feb-25 1:01:15 AM AEST,26.3,nan,nan,nan,nan,nan,nan,nan,nan,nan,nan,nan
25-Feb-25 1:02:00 AM AEST,nan,82.5,23.0,nan,nan,nan,346.40,0.73,10.60,6.20,342.90,nan
25-Feb-25 1:02:20 AM AEST,26.4,nan,nan,nan,nan,nan,nan,nan,nan,nan,nan,nan
25-Feb-25 1:03:00 AM AEST,nan,82.3,23.2,nan,nan,nan,34.80,0.49,8.30,4.80,35.40,nan
25-Feb-25 1:04:00 AM AEST,nan,82.5,nan,nan,nan,nan,36.70,0.24,4.70,2.40,36.60,nan
25-Feb-25 1:05:00 AM AEST,nan,nan,nan,nan,nan,nan,35.50,0.28,nan,2.80,35.40,nan
25-Feb-25 1:06:00 AM AEST,nan,82.2,nan,nan,nan,nan,359.10,0.44,7.10,3.70,349.70,nan
25-Feb-25 1:07:00 AM AEST,nan,nan,23.1,nan,nan,nan,335.60,0.59,9.50,5.80,336.30,nan
25-Feb-25 1:08:00 AM AEST,26.5,nan,nan,nan,nan,nan,336.80,0.30,4.70,3.00,336.50,nan
25-Feb-25 1:09:00 AM AEST,nan,82.0,23.2,nan,nan,nan,339.30,0.12,2.40,1.20,339.40,nan
25-Feb-25 1:09:05 AM AEST,26.4,nan,nan,nan,nan,nan,nan,nan,nan,nan,nan,nan
25-Feb-25 1:10:00 AM AEST,nan,82.2,23.1,nan,nan,nan,nan,0.02,1.20,0.20,339.70,nan
25-Feb-25 1:11:00 AM AEST,nan,82.0,nan,nan,nan,nan,339.20,0.01,nan,0.10,340.50,nan
25-Feb-25 1:12:00 AM AEST,nan,nan,nan,nan,nan,nan,nan,0.03,nan,0.30,339.40,nan
25-Feb-25 1:13:00 AM AEST,26.3,nan,23.0,nan,nan,nan,nan,0.17,3.50,1.70,339.30,nan
25-Feb-25 1:14:00 AM AEST,nan,nan,nan,nan,nan,nan,339.10,0.01,1.20,0.10,338.80,0.80
25-Feb-25 1:15:00 AM AEST,nan,82.2,nan,nan,nan,nan,339.20,0.00,0.00,0.00,0.00,0.00
25-Feb-25 1:16:00 AM AEST,nan,nan,nan,nan,nan,nan,339.80,0.27,5.90,2.70,339.80,nan
25-Feb-25 1:17:00 AM AEST,nan,nan,nan,nan,nan,nan,339.90,0.13,3.50,1.30,339.90,nan
25-Feb-25 1:18:00 AM AEST,nan,82.3,nan,nan,nan,nan,339.80,0.11,2.40,1.10,nan,nan
25-Feb-25 1:19:00 AM AEST,nan,82.2,23.1,nan,nan,nan,339.90,0.13,3.50,1.30,nan,nan
25-Feb-25 1:20:00 AM AEST,nan,82.3,23.0,nan,nan,nan,338.70,0.25,4.70,2.50,338.20,nan
25-Feb-25 1:21:00 AM AEST,nan,nan,nan,nan,nan,nan,275.50,0.31,7.10,3.10,275.50,nan
25-Feb-25 1:22:00 AM AEST,nan,82.5,23.1,nan,nan,nan,nan,0.15,2.40,1.50,275.60,nan
25-Feb-25 1:23:00 AM AEST,nan,82.3,nan,nan,nan,nan,278.40,0.33,5.90,3.30,278.90,nan
25-Feb-25 1:24:00 AM AEST,nan,nan,nan,nan,nan,nan,303.20,0.26,4.70,2.60,302.30,nan
25-Feb-25 1:25:00 AM AEST,nan,82.5,nan,nan,nan,nan,293.70,0.27,3.50,nan,293.60,nan
25-Feb-25 1:26:00 AM AEST,nan,nan,nan,nan,nan,nan,292.80,0.80,10.60,7.80,292.60,nan
25-Feb-25 1:27:00 AM AEST,26.4,nan,nan,nan,nan,nan,286.10,0.48,7.10,4.70,286.70,nan
25-Feb-25 1:28:00 AM AEST,nan,nan,nan,nan,nan,nan,335.40,0.57,8.30,5.50,334.40,nan
25-Feb-25 1:29:00 AM AEST,nan,nan,nan,nan,nan,nan,355.50,0.37,5.90,3.50,1.10,nan
25-Feb-25 1:30:00 AM AEST,nan,nan,23.2,nan,nan,nan,299.10,0.43,7.10,3.70,294.70,nan
25-Feb-25 1:31:00 AM AEST,nan,82.7,nan,nan,nan,nan,341.00,0.70,10.60,6.70,339.30,nan
25-Feb-25 1:32:00 AM AEST,nan,83.0,nan,nan,nan,nan,318.30,0.39,5.90,3.70,317.70,nan
25-Feb-25 1:33:00 AM AEST,nan,nan,nan,nan,nan,nan,326.80,0.40,nan,4.00,328.70,nan
25-Feb-25 1:34:00 AM AEST,nan,83.3,nan,nan,nan,nan,330.80,0.28,3.50,2.80,330.80,nan
25-Feb-25 1:35:00 AM AEST,nan,83.2,23.3,nan,nan,nan,311.90,0.47,9.50,4.50,306.30,nan
25-Feb-25 1:36:00 AM AEST,nan,83.5,nan,nan,nan,nan,316.70,0.28,4.70,2.80,316.20,nan
25-Feb-25 1:37:00 AM AEST,26.3,nan,nan,nan,nan,nan,312.90,0.50,8.30,5.00,313.30,nan
25-Feb-25 1:38:00 AM AEST,nan,83.7,nan,nan,nan,nan,290.70,0.46,9.50,4.50,292.70,nan
25-Feb-25 1:38:05 AM AEST,26.2,nan,nan,nan,nan,nan,nan,nan,nan,nan,nan,nan
25-Feb-25 1:39:00 AM AEST,nan,84.2,23.2,nan,nan,nan,316.60,0.37,5.90,2.60,323.60,nan
25-Feb-25 1:40:00 AM AEST,26.1,84.3,23.3,0.80,0.80,nan,356.20,0.49,8.30,4.30,354.30,nan
25-Feb-25 1:41:00 AM AEST,nan,84.8,23.2,nan,nan,nan,320.30,0.55,9.50,5.10,320.30,nan
25-Feb-25 1:41:02 AM AEST,nan,nan,nan,0.40,nan,nan,nan,nan,nan,nan,nan,nan
25-Feb-25 1:41:05 AM AEST,26.0,nan,nan,nan,1.20,nan,nan,nan,nan,nan,nan,nan
25-Feb-25 1:42:00 AM AEST,nan,85.2,nan,nan,nan,nan,322.50,0.44,8.30,4.40,323.60,nan
25-Feb-25 1:42:04 AM AEST,nan,nan,nan,0.20,nan,nan,nan,nan,nan,nan,nan,nan
25-Feb-25 1:42:10 AM AEST,25.9,nan,nan,nan,1.40,nan,nan,nan,nan,nan,nan,nan
25-Feb-25 1:43:00 AM AEST,nan,85.5,nan,nan,nan,nan,322.60,0.18,4.70,1.80,322.50,nan
25-Feb-25 1:43:15 AM AEST,nan,nan,nan,nan,1.60,nan,nan,nan,nan,nan,nan,nan
25-Feb-25 1:44:00 AM AEST,25.8,86.2,nan,nan,nan,nan,322.80,0.28,nan,2.80,322.80,nan
25-Feb-25 1:44:20 AM AEST,nan,nan,nan,nan,1.80,nan,nan,nan,nan,nan,nan,nan
25-Feb-25 1:45:00 AM AEST,nan,86.3,23.3,0.40,nan,nan,329.50,0.38,5.90,3.30,332.10,nan
25-Feb-25 1:45:05 AM AEST,25.7,nan,nan,nan,nan,nan,nan,nan,nan,nan,nan,nan
25-Feb-25 1:45:25 AM AEST,nan,nan,nan,nan,2.20,nan,nan,nan,nan,nan,nan,nan
25-Feb-25 1:46:00 AM AEST,nan,86.5,nan,nan,nan,nan,15.90,nan,7.10,3.40,14.30,nan
25-Feb-25 1:46:02 AM AEST,nan,nan,nan,0.80,nan,nan,nan,nan,nan,nan,nan,nan
25-Feb-25 1:46:10 AM AEST,25.6,nan,nan,nan,nan,nan,nan,nan,nan,nan,nan,nan
25-Feb-25 1:46:30 AM AEST,nan,nan,nan,nan,3.00,nan,nan,nan,nan,nan,nan,nan
25-Feb-25 1:46:30 AM AEST,nan,nan,nan,nan,3.80,nan,nan,nan,nan,nan,nan,nan
25-Feb-25 1:47:00 AM AEST,nan,87.0,23.2,nan,nan,nan,346.30,0.27,4.70,2.70,346.30,nan
25-Feb-25 1:48:00 AM AEST,25.5,87.2,23.3,0.40,4.20,nan,346.50,0.11,2.40,1.10,346.70,nan
25-Feb-25 1:49:00 AM AEST,nan,87.5,23.2,nan,nan,nan,32.30,0.28,5.90,2.30,60.50,nan
25-Feb-25 1:49:05 AM AEST,25.4,nan,nan,nan,4.60,nan,nan,nan,nan,nan,nan,nan
25-Feb-25 1:50:00 AM AEST,nan,87.8,nan,0.20,nan,nan,72.60,0.42,nan,4.20,72.60,nan
25-Feb-25 1:50:10 AM AEST,25.3,nan,nan,nan,4.80,nan,nan,nan,nan,nan,nan,nan
25-Feb-25 1:51:00 AM AEST,nan,88.0,nan,nan,nan,nan,73.10,0.43,nan,4.30,73.10,0.80
25-Feb-25 1:51:15 AM AEST,25.2,nan,nan,nan,5.00,nan,nan,nan,nan,nan,nan,nan
25-Feb-25 1:52:00 AM AEST,nan,88.2,23.1,0.00,nan,nan,73.40,0.33,3.50,3.30,73.40,0.00
25-Feb-25 1:52:20 AM AEST,25.1,nan,nan,nan,nan,nan,nan,nan,nan,nan,nan,nan
25-Feb-25 1:53:00 AM AEST,nan,88.5,23.0,nan,nan,nan,nan,0.30,nan,3.00,nan,nan
25-Feb-25 1:54:00 AM AEST,nan,88.7,23.1,0.20,5.20,nan,nan,0.29,nan,2.90,nan,nan
25-Feb-25 1:55:00 AM AEST,25.0,89.0,nan,nan,nan,nan,73.30,0.22,nan,2.20,nan,nan
25-Feb-25 1:55:02 AM AEST,nan,nan,nan,0.00,nan,nan,nan,nan,nan,nan,nan,nan
25-Feb-25 1:56:00 AM AEST,nan,89.2,nan,nan,nan,nan,73.20,0.25,nan,2.50,73.30,nan
25-Feb-25 1:57:00 AM AEST,nan,89.3,nan,nan,nan,nan,72.40,0.22,nan,2.20,72.40,nan
25-Feb-25 1:58:00 AM AEST,nan,89.5,nan,nan,nan,nan,nan,0.03,1.20,0.30,nan,nan
25-Feb-25 1:59:00 AM AEST,nan,nan,nan,nan,nan,nan,nan,0.05,2.40,0.50,72.50,nan
25-Feb-25 2:00:00 AM AEST,nan,89.8,nan,nan,nan,nan,nan,0.07,1.20,0.70,nan,nan
25-Feb-25 2:00:17 AM AEST,nan,nan,nan,nan,nan,65.53,nan,nan,nan,nan,nan,nan
25-Feb-25 2:01:00 AM AEST,nan,90.0,23.2,nan,nan,nan,72.30,0.01,nan,0.10,71.60,nan
25-Feb-25 2:02:00 AM AEST,nan,90.2,nan,0.20,5.40,nan,72.40,0.00,0.00,0.00,0.00,nan
25-Feb-25 2:03:00 AM AEST,nan,90.3,nan,nan,nan,nan,nan,nan,nan,nan,nan,nan
25-Feb-25 2:03:05 AM AEST,nan,nan,nan,nan,5.60,nan,nan,nan,nan,nan,nan,nan
25-Feb-25 2:04:00 AM AEST,nan,90.5,23.3,0.40,nan,nan,nan,nan,nan,nan,nan,nan
25-Feb-25 2:04:10 AM AEST,nan,nan,nan,nan,6.00,nan,nan,nan,nan,nan,nan,nan
25-Feb-25 2:05:00 AM AEST,24.9,90.8,nan,nan,nan,nan,nan,nan,nan,nan,nan,nan
25-Feb-25 2:05:02 AM AEST,nan,nan,nan,0.20,nan,nan,nan,nan,nan,nan,nan,nan
25-Feb-25 2:05:15 AM AEST,nan,nan,nan,nan,6.20,nan,nan,nan,nan,nan,nan,nan
25-Feb-25 2:06:04 AM AEST,nan,nan,nan,0.00,nan,nan,nan,nan,nan,nan,nan,nan
25-Feb-25 2:06:05 AM AEST,25.0,nan,nan,nan,nan,nan,nan,nan,nan,nan,nan,nan
25-Feb-25 2:07:00 AM AEST,nan,91.0,23.4,nan,nan,nan,nan,nan,nan,nan,nan,nan
25-Feb-25 2:07:10 AM AEST,24.9,nan,nan,nan,nan,nan,nan,nan,nan,nan,nan,nan
25-Feb-25 2:09:00 AM AEST,nan,91.2,23.3,0.20,6.40,nan,72.30,0.11,2.40,1.10,72.50,nan
25-Feb-25 2:10:00 AM AEST,nan,nan,23.4,nan,nan,nan,nan,0.04,1.20,0.40,nan,nan
25-Feb-25 2:10:02 AM AEST,nan,nan,nan,0.00,nan,nan,nan,nan,nan,nan,nan,nan
25-Feb-25 2:11:00 AM AEST,nan,nan,nan,nan,6.60,nan,nan,0.12,2.40,1.20,nan,nan
25-Feb-25 2:11:04 AM AEST,nan,nan,nan,0.20,nan,nan,nan,nan,nan,nan,nan,nan
25-Feb-25 2:12:00 AM AEST,nan,91.5,nan,nan,nan,nan,72.40,0.31,7.10,3.10,72.70,nan
25-Feb-25 2:12:05 AM AEST,nan,nan,nan,nan,6.80,nan,nan,nan,nan,nan,nan,nan
25-Feb-25 2:13:00 AM AEST,24.8,91.3,nan,0.00,nan,nan,73.50,0.58,nan,5.80,73.50,nan
25-Feb-25 2:14:00 AM AEST,nan,91.5,23.3,nan,7.00,nan,66.50,0.53,8.30,5.30,65.20,nan
25-Feb-25 2:14:02 AM AEST,nan,nan,nan,0.20,nan,nan,nan,nan,nan,nan,nan,nan
25-Feb-25 2:15:00 AM AEST,24.7,91.7,nan,nan,nan,nan,65.50,0.90,13.00,8.90,65.30,nan
25-Feb-25 2:15:04 AM AEST,nan,nan,nan,0.00,nan,nan,nan,nan,nan,nan,nan,nan
25-Feb-25 2:16:00 AM AEST,nan,91.5,nan,nan,7.20,nan,44.90,0.64,11.80,5.80,41.80,nan
25-Feb-25 2:16:05 AM AEST,24.8,nan,nan,nan,nan,nan,nan,nan,nan,nan,nan,nan
25-Feb-25 2:16:06 AM AEST,nan,nan,nan,0.20,nan,nan,nan,nan,nan,nan,nan,nan
25-Feb-25 2:17:00 AM AEST,nan,91.7,nan,nan,nan,nan,33.40,0.45,7.10,4.40,35.40,nan
25-Feb-25 2:17:08 AM AEST,nan,nan,nan,0.00,nan,nan,nan,nan,nan,nan,nan,nan
25-Feb-25 2:18:00 AM AEST,nan,nan,nan,nan,nan,nan,67.10,0.62,8.30,5.90,65.70,nan
25-Feb-25 2:19:00 AM AEST,nan,91.8,nan,nan,nan,nan,80.60,0.41,7.10,4.10,79.90,nan
25-Feb-25 2:20:00 AM AEST,nan,nan,nan,nan,nan,nan,36.30,0.56,9.50,5.20,42.20,nan
25-Feb-25 2:21:00 AM AEST,nan,nan,nan,nan,nan,nan,23.10,0.13,3.50,1.30,23.00,nan
25-Feb-25 2:22:00 AM AEST,nan,92.0,23.4,nan,nan,nan,43.10,0.35,4.70,3.40,46.10,nan
25-Feb-25 2:23:00 AM AEST,nan,nan,nan,0.20,7.40,nan,53.90,0.13,3.50,1.30,54.00,nan
25-Feb-25 2:24:00 AM AEST,24.7,nan,nan,nan,nan,nan,53.30,nan,4.70,nan,52.20,nan
25-Feb-25 2:24:02 AM AEST,nan,nan,nan,0.00,nan,nan,nan,nan,nan,nan,nan,nan
25-Feb-25 2:25:00 AM AEST,nan,nan,23.3,nan,nan,nan,36.20,0.38,7.10,3.80,37.20,nan
25-Feb-25 2:26:00 AM AEST,24.8,92.2,nan,nan,nan,nan,40.60,0.17,3.50,1.70,40.70,nan
25-Feb-25 2:27:00 AM AEST,nan,92.0,23.4,nan,nan,nan,nan,0.00,0.00,0.00,0.00,0.80
25-Feb-25 2:27:05 AM AEST,24.7,nan,nan,nan,nan,nan,nan,nan,nan,nan,nan,nan
25-Feb-25 2:28:00 AM AEST,nan,nan,23.3,nan,nan,nan,nan,0.06,1.20,0.60,40.60,0.00
25-Feb-25 2:29:00 AM AEST,nan,92.2,nan,nan,nan,nan,32.90,0.28,4.70,2.80,32.20,nan
25-Feb-25 2:30:00 AM AEST,nan,92.0,nan,nan,nan,nan,27.30,0.18,3.50,1.80,27.20,nan
25-Feb-25 2:31:00 AM AEST,nan,92.2,nan,nan,nan,nan,28.30,0.33,5.90,3.20,28.90,nan
25-Feb-25 2:32:00 AM AEST,nan,nan,23.4,nan,nan,nan,42.10,0.49,8.30,4.50,46.00,nan
25-Feb-25 2:33:00 AM AEST,nan,nan,nan,nan,nan,nan,36.60,0.40,7.10,2.60,25.70,nan
25-Feb-25 2:34:00 AM AEST,nan,nan,nan,nan,nan,nan,339.30,0.31,5.90,2.10,328.20,nan
25-Feb-25 2:35:00 AM AEST,nan,nan,nan,nan,nan,nan,314.50,0.50,7.10,5.00,314.50,nan
25-Feb-25 2:36:00 AM AEST,nan,92.3,nan,nan,nan,nan,303.50,0.38,5.90,3.80,303.60,nan
25-Feb-25 2:37:00 AM AEST,nan,92.2,nan,0.40,7.80,nan,299.50,0.21,4.70,2.10,299.50,nan
25-Feb-25 2:38:00 AM AEST,nan,nan,nan,nan,nan,nan,299.40,0.07,2.40,0.60,nan,nan
25-Feb-25 2:38:02 AM AEST,nan,nan,nan,0.60,nan,nan,nan,nan,nan,nan,nan,nan
25-Feb-25 2:38:05 AM AEST,nan,nan,nan,nan,8.40,nan,nan,nan,nan,nan,nan,nan
25-Feb-25 2:39:00 AM AEST,nan,92.3,nan,nan,nan,nan,nan,0.04,nan,0.40,299.40,nan
25-Feb-25 2:39:04 AM AEST,nan,nan,nan,0.40,nan,nan,nan,nan,nan,nan,nan,nan
25-Feb-25 2:39:10 AM AEST,nan,nan,nan,nan,8.80,nan,nan,nan,nan,nan,nan,nan
25-Feb-25 2:40:00 AM AEST,nan,92.2,23.3,nan,nan,nan,275.80,0.40,5.90,3.80,273.20,nan
25-Feb-25 2:40:06 AM AEST,nan,nan,nan,0.20,nan,nan,nan,nan,nan,nan,nan,nan
25-Feb-25 2:40:15 AM AEST,nan,nan,nan,nan,9.00,nan,nan,nan,nan,nan,nan,nan
25-Feb-25 2:41:00 AM AEST,24.6,92.3,nan,nan,nan,nan,289.90,0.07,3.50,0.70,289.90,nan
25-Feb-25 2:41:20 AM AEST,nan,nan,nan,nan,9.20,nan,nan,nan,nan,nan,nan,nan
25-Feb-25 2:42:00 AM AEST,nan,nan,nan,nan,nan,nan,289.80,0.18,nan,1.80,289.80,nan
25-Feb-25 2:42:25 AM AEST,nan,nan,nan,nan,9.40,nan,nan,nan,nan,nan,nan,nan
25-Feb-25 2:43:00 AM AEST,nan,nan,nan,nan,nan,nan,nan,0.06,2.40,0.60,289.30,nan
25-Feb-25 2:43:30 AM AEST,nan,nan,nan,nan,9.60,nan,nan,nan,nan,nan,nan,nan
25-Feb-25 2:44:00 AM AEST,nan,nan,nan,0.40,nan,nan,nan,0.01,1.20,0.10,288.40,nan
25-Feb-25 2:44:35 AM AEST,nan,nan,nan,nan,10.00,nan,nan,nan,nan,nan,nan,nan
25-Feb-25 2:44:35 AM AEST,nan,nan,nan,nan,10.20,nan,nan,nan,nan,nan,nan,nan
25-Feb-25 2:45:00 AM AEST,nan,92.5,nan,nan,nan,nan,295.60,0.11,4.70,1.00,309.10,nan
25-Feb-25 2:45:02 AM AEST,nan,nan,nan,0.20,nan,nan,nan,nan,nan,nan,nan,nan
25-Feb-25 2:45:40 AM AEST,nan,nan,nan,nan,10.40,nan,nan,nan,nan,nan,nan,nan
25-Feb-25 2:46:00 AM AEST,nan,nan,nan,nan,nan,nan,319.50,0.21,3.50,2.10,319.50,nan
25-Feb-25 2:47:00 AM AEST,nan,nan,nan,0.00,nan,nan,nan,0.03,1.20,0.30,319.90,nan
25-Feb-25 2:48:00 AM AEST,nan,92.7,nan,nan,nan,nan,319.00,0.15,3.50,1.50,318.50,nan
25-Feb-25 2:49:00 AM AEST,nan,92.5,nan,nan,nan,nan,318.20,0.20,nan,2.00,318.20,nan
25-Feb-25 2:50:00 AM AEST,nan,92.7,nan,nan,nan,nan,nan,0.19,4.70,1.90,nan,nan
25-Feb-25 2:51:00 AM AEST,nan,92.8,nan,nan,nan,nan,318.60,0.30,nan,3.00,318.60,nan
25-Feb-25 2:52:00 AM AEST,24.5,92.7,nan,nan,nan,nan,319.20,0.08,2.40,0.80,319.10,nan
25-Feb-25 2:53:00 AM AEST,nan,92.8,nan,nan,nan,nan,nan,0.12,nan,1.20,319.20,nan
25-Feb-25 2:53:05 AM AEST,24.6,nan,nan,nan,nan,nan,nan,nan,nan,nan,nan,nan
25-Feb-25 2:54:00 AM AEST,nan,nan,nan,0.20,10.60,nan,319.10,0.21,4.70,2.10,nan,nan
25-Feb-25 2:55:00 AM AEST,nan,93.0,nan,nan,nan,nan,344.00,0.69,10.60,5.40,346.40,nan
25-Feb-25 2:55:02 AM AEST,nan,nan,nan,0.00,nan,nan,nan,nan,nan,nan,nan,nan
25-Feb-25 2:56:00 AM AEST,nan,93.2,23.4,nan,nan,nan,3.70,0.44,8.30,4.10,359.10,nan
25-Feb-25 2:57:00 AM AEST,nan,93.0,nan,nan,nan,nan,350.70,0.35,5.90,2.90,341.00,nan
25-Feb-25 2:58:00 AM AEST,nan,93.2,nan,nan,nan,nan,1.70,0.33,4.70,2.00,2.60,nan
25-Feb-25 2:59:00 AM AEST,nan,nan,nan,nan,nan,nan,63.80,0.30,5.90,3.00,63.80,nan
25-Feb-25 3:00:00 AM AEST,nan,nan,nan,nan,nan,nan,nan,0.23,nan,2.30,63.90,nan
25-Feb-25 3:01:00 AM AEST,nan,nan,nan,nan,nan,nan,nan,0.04,1.20,0.40,63.70,nan
25-Feb-25 3:02:00 AM AEST,nan,93.3,nan,nan,nan,nan,63.90,0.01,nan,0.10,64.20,nan
25-Feb-25 3:03:00 AM AEST,nan,93.2,nan,nan,nan,nan,23.00,0.26,5.90,2.30,353.80,nan
25-Feb-25 3:04:00 AM AEST,nan,93.3,nan,nan,nan,nan,18.90,0.21,3.50,2.10,18.90,0.80
25-Feb-25 3:05:00 AM AEST,nan,nan,23.5,nan,nan,nan,30.00,0.40,7.10,4.00,32.80,0.00
25-Feb-25 3:06:00 AM AEST,nan,93.5,nan,nan,nan,nan,44.50,0.37,5.90,3.70,46.10,nan
25-Feb-25 3:07:00 AM AEST,nan,93.3,nan,nan,nan,nan,61.60,0.65,7.10,6.50,61.70,nan
25-Feb-25 3:08:00 AM AEST,nan,93.5,23.4,nan,nan,nan,61.50,0.39,5.90,3.90,61.60,nan
25-Feb-25 3:09:00 AM AEST,nan,93.3,23.5,nan,nan,nan,nan,0.10,3.50,1.00,61.70,nan
25-Feb-25 3:10:00 AM AEST,nan,93.5,nan,nan,nan,nan,nan,0.01,1.20,0.10,62.60,nan
25-Feb-25 3:11:00 AM AEST,nan,nan,nan,nan,nan,nan,61.60,0.31,5.90,3.10,61.70,nan
25-Feb-25 3:12:00 AM AEST,nan,nan,nan,nan,nan,nan,73.40,0.51,7.10,5.00,75.60,nan
25-Feb-25 3:13:00 AM AEST,24.7,nan,nan,nan,nan,nan,69.90,0.28,4.70,2.80,70.00,nan
25-Feb-25 3:14:00 AM AEST,nan,nan,nan,nan,nan,nan,26.60,0.25,5.90,1.80,0.20,nan
25-Feb-25 3:15:00 AM AEST,nan,nan,23.6,nan,nan,nan,333.20,0.19,3.50,1.90,333.20,nan
25-Feb-25 3:16:00 AM AEST,nan,93.7,23.5,nan,nan,nan,79.90,0.34,4.70,3.20,79.70,nan
25-Feb-25 3:17:00 AM AEST,nan,93.5,23.6,nan,nan,nan,346.70,0.24,nan,0.80,28.80,nan
25-Feb-25 3:18:00 AM AEST,nan,93.7,23.5,nan,nan,nan,307.90,0.09,3.50,0.90,308.90,nan
25-Feb-25 3:19:00 AM AEST,nan,93.5,23.6,nan,nan,nan,50.20,0.26,4.70,2.40,48.30,nan
25-Feb-25 3:20:00 AM AEST,nan,nan,23.5,nan,nan,nan,56.00,0.02,1.20,0.20,56.10,nan
25-Feb-25 3:21:00 AM AEST,nan,93.7,23.6,nan,nan,nan,nan,0.03,2.40,0.30,56.30,nan
25-Feb-25 3:22:00 AM AEST,nan,93.5,nan,nan,nan,nan,312.00,0.41,5.90,3.50,304.40,nan
25-Feb-25 3:23:00 AM AEST,nan,nan,23.5,nan,nan,nan,302.80,0.21,4.70,2.10,302.80,nan
25-Feb-25 3:24:00 AM AEST,nan,nan,23.6,nan,nan,nan,nan,0.02,1.20,0.20,303.40,nan
25-Feb-25 3:25:00 AM AEST,nan,nan,nan,nan,nan,nan,358.50,0.73,13.00,6.90,0.40,nan
25-Feb-25 3:26:00 AM AEST,24.8,nan,23.5,nan,nan,nan,347.60,0.43,7.10,4.20,347.40,nan
25-Feb-25 3:27:00 AM AEST,nan,nan,23.7,nan,nan,nan,347.90,0.09,2.40,0.90,348.10,nan
25-Feb-25 3:28:00 AM AEST,nan,nan,23.6,nan,nan,nan,348.00,0.07,nan,0.70,nan,nan
25-Feb-25 3:29:00 AM AEST,nan,93.3,nan,nan,nan,nan,347.90,0.00,0.00,0.00,0.00,nan
25-Feb-25 3:30:00 AM AEST,nan,93.5,nan,nan,nan,nan,nan,0.19,3.50,1.90,347.90,nan
25-Feb-25 3:31:00 AM AEST,24.7,93.3,nan,nan,nan,nan,348.00,0.04,1.20,0.40,348.10,nan
25-Feb-25 3:32:00 AM AEST,nan,93.5,nan,nan,nan,nan,347.90,0.01,nan,0.10,349.40,nan
25-Feb-25 3:32:05 AM AEST,24.8,nan,nan,nan,nan,nan,nan,nan,nan,nan,nan,nan
25-Feb-25 3:33:00 AM AEST,nan,93.3,nan,nan,nan,nan,348.00,0.18,3.50,1.80,348.00,nan
25-Feb-25 3:33:10 AM AEST,24.7,nan,nan,nan,nan,nan,nan,nan,nan,nan,nan,nan
25-Feb-25 3:34:00 AM AEST,nan,nan,nan,nan,nan,nan,14.00,0.27,4.70,2.60,18.70,nan
25-Feb-25 3:35:00 AM AEST,nan,nan,nan,nan,nan,nan,27.10,0.11,2.40,1.10,27.00,nan
25-Feb-25 3:36:00 AM AEST,nan,nan,nan,nan,nan,nan,26.10,0.17,3.50,1.70,26.10,nan
25-Feb-25 3:37:00 AM AEST,24.8,nan,nan,nan,nan,nan,26.20,0.00,0.00,0.00,0.00,nan
25-Feb-25 3:38:00 AM AEST,nan,nan,nan,nan,nan,nan,nan,0.01,1.20,0.10,25.80,nan
25-Feb-25 3:39:00 AM AEST,24.7,nan,nan,nan,nan,nan,nan,nan,nan,nan,nan,nan
25-Feb-25 3:40:00 AM AEST,nan,93.2,nan,nan,nan,nan,42.50,0.22,4.70,0.50,111.30,0.80
25-Feb-25 3:40:05 AM AEST,24.8,nan,nan,nan,nan,nan,nan,nan,nan,nan,nan,nan
25-Feb-25 3:41:00 AM AEST,nan,93.3,nan,nan,nan,nan,337.70,0.55,9.50,4.30,343.40,0.00
25-Feb-25 3:41:10 AM AEST,24.6,nan,nan,nan,nan,nan,nan,nan,nan,nan,nan,nan
25-Feb-25 3:42:00 AM AEST,nan,nan,23.5,nan,nan,nan,336.40,0.18,3.50,1.80,336.40,nan
25-Feb-25 3:42:15 AM AEST,24.8,nan,nan,nan,nan,nan,nan,nan,nan,nan,nan,nan
25-Feb-25 3:43:00 AM AEST,nan,nan,23.6,nan,nan,nan,336.50,0.14,2.40,1.40,nan,nan
25-Feb-25 3:44:00 AM AEST,nan,93.2,nan,nan,nan,nan,336.40,0.08,nan,0.80,336.50,nan
25-Feb-25 3:45:00 AM AEST,24.9,93.3,23.7,nan,nan,nan,336.50,0.14,nan,1.40,nan,nan
25-Feb-25 3:46:00 AM AEST,nan,nan,nan,nan,nan,nan,336.30,0.19,3.50,1.90,336.40,nan
25-Feb-25 3:47:00 AM AEST,24.8,93.2,nan,nan,nan,nan,310.00,0.23,5.90,2.30,311.50,nan
25-Feb-25 3:48:00 AM AEST,nan,nan,nan,nan,nan,nan,308.80,0.01,1.20,0.10,307.60,nan
25-Feb-25 3:48:05 AM AEST,24.9,nan,nan,nan,nan,nan,nan,nan,nan,nan,nan,nan
25-Feb-25 3:49:00 AM AEST,nan,nan,nan,0.20,10.80,nan,321.80,0.27,11.80,2.50,339.80,nan
25-Feb-25 3:50:00 AM AEST,nan,nan,nan,nan,nan,nan,17.50,0.62,nan,5.20,17.80,nan
25-Feb-25 3:50:02 AM AEST,nan,nan,nan,0.00,nan,nan,nan,nan,nan,nan,nan,nan
25-Feb-25 3:51:00 AM AEST,25.0,nan,nan,nan,nan,nan,0.80,0.34,5.90,3.10,356.70,nan
25-Feb-25 3:52:00 AM AEST,nan,93.0,23.8,nan,nan,nan,331.60,0.89,16.60,8.40,338.10,nan
25-Feb-25 3:53:00 AM AEST,nan,93.2,nan,nan,nan,nan,2.20,0.57,9.50,5.50,0.20,nan
25-Feb-25 3:54:00 AM AEST,25.1,93.0,23.9,nan,nan,nan,327.70,0.63,nan,4.80,318.20,nan
25-Feb-25 3:55:00 AM AEST,nan,nan,nan,nan,nan,nan,57.10,0.29,5.90,2.90,56.80,nan
25-Feb-25 3:56:00 AM AEST,nan,92.8,nan,nan,nan,nan,13.80,0.31,nan,nan,359.20,nan
25-Feb-25 3:57:00 AM AEST,25.0,93.0,23.8,nan,nan,nan,357.70,0.54,7.10,3.30,353.90,nan
25-Feb-25 3:58:00 AM AEST,nan,92.7,nan,nan,nan,nan,329.00,0.53,8.30,2.80,319.10,nan
25-Feb-25 3:59:00 AM AEST,nan,92.8,23.7,nan,nan,nan,21.00,0.70,10.60,4.70,18.90,nan
25-Feb-25 4:00:00 AM AEST,nan,92.7,23.8,nan,nan,65.53,356.20,0.71,13.00,5.50,348.80,nan
25-Feb-25 4:01:00 AM AEST,nan,nan,nan,nan,nan,nan,337.70,0.83,15.40,7.70,339.90,nan
25-Feb-25 4:02:00 AM AEST,24.9,nan,23.7,nan,nan,nan,335.70,0.68,13.00,6.20,335.90,nan
25-Feb-25 4:03:00 AM AEST,nan,92.5,nan,nan,nan,nan,327.10,0.40,5.90,3.90,325.10,nan
25-Feb-25 4:03:05 AM AEST,25.0,nan,nan,nan,nan,nan,nan,nan,nan,nan,nan,nan
25-Feb-25 4:04:00 AM AEST,nan,92.7,nan,nan,nan,nan,353.70,0.33,7.10,3.30,353.80,nan
25-Feb-25 4:04:10 AM AEST,24.9,nan,nan,nan,nan,nan,nan,nan,nan,nan,nan,nan
25-Feb-25 4:05:00 AM AEST,nan,nan,23.6,nan,nan,nan,353.50,0.17,3.50,1.70,353.60,nan
25-Feb-25 4:06:00 AM AEST,nan,92.5,nan,nan,nan,nan,314.60,0.42,7.10,3.50,294.20,nan
25-Feb-25 4:07:00 AM AEST,nan,92.7,nan,nan,nan,nan,296.10,0.50,8.30,5.00,297.90,nan
25-Feb-25 4:08:00 AM AEST,nan,nan,nan,nan,nan,nan,314.70,0.40,5.90,4.00,314.60,nan
25-Feb-25 4:09:00 AM AEST,24.8,nan,nan,nan,nan,nan,314.80,0.13,3.50,1.30,314.80,nan
25-Feb-25 4:10:00 AM AEST,nan,nan,nan,0.20,11.00,nan,314.90,0.16,nan,1.60,314.90,nan
25-Feb-25 4:11:00 AM AEST,nan,nan,nan,nan,nan,nan,315.40,0.27,nan,2.70,315.40,nan
25-Feb-25 4:11:02 AM AEST,nan,nan,nan,0.00,nan,nan,nan,nan,nan,nan,nan,nan
25-Feb-25 4:12:00 AM AEST,nan,92.8,23.5,nan,nan,nan,314.00,0.33,10.60,3.30,311.10,nan
25-Feb-25 4:13:00 AM AEST,nan,92.7,23.6,nan,nan,nan,358.00,0.48,nan,4.30,347.00,nan
25-Feb-25 4:14:00 AM AEST,nan,92.8,23.5,nan,nan,nan,322.50,0.56,9.50,5.30,327.20,nan
25-Feb-25 4:15:00 AM AEST,nan,nan,23.6,nan,nan,nan,325.20,0.49,8.30,4.80,326.10,nan
25-Feb-25 4:16:00 AM AEST,nan,92.7,23.5,nan,nan,nan,326.50,0.38,7.10,3.80,326.40,nan
25-Feb-25 4:17:00 AM AEST,nan,92.8,nan,nan,nan,nan,315.80,0.22,5.90,2.20,315.60,0.80
25-Feb-25 4:18:00 AM AEST,nan,nan,nan,nan,nan,nan,293.10,0.29,7.10,2.80,298.00,0.00
25-Feb-25 4:19:00 AM AEST,24.7,nan,nan,nan,nan,nan,281.00,0.56,8.30,5.40,282.30,nan
25-Feb-25 4:20:00 AM AEST,nan,nan,nan,nan,nan,nan,293.00,0.37,5.90,3.60,291.80,nan
25-Feb-25 4:20:05 AM AEST,24.8,nan,nan,nan,nan,nan,nan,nan,nan,nan,nan,nan
25-Feb-25 4:21:00 AM AEST,nan,nan,nan,nan,nan,nan,295.70,0.19,3.50,1.90,295.60,nan
25-Feb-25 4:21:10 AM AEST,24.7,nan,nan,nan,nan,nan,nan,nan,nan,nan,nan,nan
25-Feb-25 4:22:00 AM AEST,nan,nan,nan,nan,nan,nan,296.00,0.22,nan,2.20,296.00,nan
25-Feb-25 4:23:00 AM AEST,nan,nan,nan,nan,nan,nan,296.10,0.33,nan,3.30,nan,nan
25-Feb-25 4:24:00 AM AEST,24.6,nan,23.4,nan,nan,nan,296.20,0.31,4.70,3.10,296.10,nan
25-Feb-25 4:25:00 AM AEST,nan,nan,nan,nan,nan,nan,355.40,0.37,nan,3.20,0.30,nan
25-Feb-25 4:26:00 AM AEST,nan,nan,nan,nan,nan,nan,29.00,0.34,5.90,3.40,29.00,nan
25-Feb-25 4:27:00 AM AEST,nan,nan,nan,nan,nan,nan,59.80,0.23,4.70,2.30,58.70,nan
25-Feb-25 4:28:00 AM AEST,24.7,92.7,nan,nan,nan,nan,60.90,0.01,1.20,0.10,63.40,nan
25-Feb-25 4:29:00 AM AEST,nan,92.8,nan,nan,nan,nan,61.00,0.02,nan,0.20,61.10,nan
25-Feb-25 4:29:05 AM AEST,24.6,nan,nan,nan,nan,nan,nan,nan,nan,nan,nan,nan
25-Feb-25 4:30:00 AM AEST,nan,nan,nan,nan,nan,nan,60.90,0.04,nan,0.40,nan,nan
25-Feb-25 4:31:00 AM AEST,nan,nan,nan,nan,nan,nan,nan,0.01,nan,0.10,63.40,nan
25-Feb-25 4:32:00 AM AEST,nan,92.7,23.3,nan,nan,nan,61.00,0.09,nan,0.90,61.00,nan
25-Feb-25 4:33:00 AM AEST,nan,92.8,nan,nan,nan,nan,nan,0.14,2.40,1.40,61.10,nan
25-Feb-25 4:34:00 AM AEST,nan,nan,23.4,nan,nan,nan,nan,0.06,nan,0.60,nan,nan
25-Feb-25 4:35:00 AM AEST,nan,nan,23.3,nan,nan,nan,60.90,0.00,1.20,0.00,0.00,nan
25-Feb-25 4:36:00 AM AEST,nan,nan,nan,nan,nan,nan,336.10,0.55,8.30,5.20,331.80,nan
25-Feb-25 4:37:00 AM AEST,nan,92.7,nan,nan,nan,nan,345.50,0.19,4.70,1.90,345.50,nan
25-Feb-25 4:38:00 AM AEST,nan,92.8,23.4,nan,nan,nan,54.00,0.51,7.10,5.10,53.30,nan
25-Feb-25 4:39:00 AM AEST,24.7,nan,nan,nan,nan,nan,72.00,0.47,nan,4.70,72.30,nan
25-Feb-25 4:40:00 AM AEST,nan,92.7,nan,nan,nan,nan,92.80,0.41,5.90,4.10,92.80,nan
25-Feb-25 4:40:05 AM AEST,24.6,nan,nan,nan,nan,nan,nan,nan,nan,nan,nan,nan
25-Feb-25 4:41:00 AM AEST,nan,nan,23.3,nan,nan,nan,92.70,0.11,3.50,1.10,92.50,nan
25-Feb-25 4:42:00 AM AEST,nan,nan,23.4,nan,nan,nan,92.80,0.07,1.20,0.70,nan,nan
25-Feb-25 4:43:00 AM AEST,nan,nan,23.3,nan,nan,nan,nan,nan,3.50,nan,92.60,nan
25-Feb-25 4:44:00 AM AEST,nan,nan,nan,nan,nan,nan,nan,0.05,1.20,0.50,nan,nan
25-Feb-25 4:45:00 AM AEST,nan,92.5,23.4,nan,nan,nan,71.00,0.18,3.50,1.70,66.00,nan
25-Feb-25 4:46:00 AM AEST,nan,nan,23.3,nan,nan,nan,44.30,0.20,4.70,0.80,18.10,nan
25-Feb-25 4:47:00 AM AEST,nan,92.7,nan,nan,nan,nan,313.50,0.41,7.10,4.00,313.10,nan
25-Feb-25 4:48:00 AM AEST,nan,92.5,23.4,nan,nan,nan,329.70,0.06,2.40,0.60,330.00,nan
25-Feb-25 4:49:00 AM AEST,24.7,nan,23.3,nan,nan,nan,25.70,0.24,3.50,2.30,27.70,nan
25-Feb-25 4:50:00 AM AEST,nan,nan,23.4,nan,nan,nan,86.00,0.61,10.60,5.70,89.80,nan
25-Feb-25 4:50:05 AM AEST,24.6,nan,nan,nan,nan,nan,nan,nan,nan,nan,nan,nan
25-Feb-25 4:51:00 AM AEST,nan,nan,23.3,nan,nan,nan,100.60,0.13,3.50,1.30,100.50,nan
25-Feb-25 4:51:10 AM AEST,24.7,nan,nan,nan,nan,nan,nan,nan,nan,nan,nan,nan
25-Feb-25 4:52:00 AM AEST,nan,92.3,23.4,nan,nan,nan,nan,0.04,1.20,0.40,100.40,nan
25-Feb-25 4:53:00 AM AEST,nan,92.5,nan,nan,nan,nan,nan,0.10,2.40,1.00,nan,0.80
25-Feb-25 4:54:00 AM AEST,nan,92.3,nan,nan,nan,nan,13.90,0.41,5.90,2.10,340.30,0.00
25-Feb-25 4:55:00 AM AEST,24.6,nan,nan,nan,nan,nan,315.80,0.31,7.10,3.10,315.70,nan
25-Feb-25 4:56:00 AM AEST,nan,nan,23.3,nan,nan,nan,nan,0.11,2.40,1.10,315.60,nan
25-Feb-25 4:56:05 AM AEST,24.7,nan,nan,nan,nan,nan,nan,nan,nan,nan,nan,nan
25-Feb-25 4:57:00 AM AEST,nan,92.5,23.4,nan,nan,nan,nan,0.06,nan,0.60,315.70,nan
25-Feb-25 4:58:00 AM AEST,nan,92.3,nan,nan,nan,nan,315.70,0.12,nan,1.20,nan,nan
25-Feb-25 4:59:00 AM AEST,nan,nan,23.3,nan,nan,nan,326.70,0.38,11.80,1.80,17.00,nan
25-Feb-25 5:00:00 AM AEST,nan,nan,23.4,nan,nan,nan,322.40,0.67,9.50,6.50,321.70,nan
25-Feb-25 5:00:01 AM AEST,nan,nan,nan,nan,nan,65.53,nan,nan,nan,nan,nan,nan
25-Feb-25 5:01:00 AM AEST,24.8,nan,nan,nan,nan,nan,0.50,0.26,4.70,2.00,12.10,nan
25-Feb-25 5:02:00 AM AEST,nan,nan,23.5,nan,nan,nan,53.70,0.13,3.50,1.30,53.80,nan
25-Feb-25 5:03:00 AM AEST,24.7,nan,23.4,nan,nan,nan,nan,0.07,2.40,0.60,53.70,nan
25-Feb-25 5:04:00 AM AEST,nan,92.2,nan,nan,nan,nan,nan,0.06,nan,nan,53.30,nan
25-Feb-25 5:05:00 AM AEST,nan,92.3,nan,nan,nan,nan,323.60,0.22,3.50,1.80,306.60,nan
25-Feb-25 5:06:00 AM AEST,nan,92.2,nan,nan,nan,nan,318.90,0.18,nan,nan,318.80,nan
25-Feb-25 5:07:00 AM AEST,24.8,nan,nan,nan,nan,nan,319.00,0.11,2.40,1.10,319.10,nan
25-Feb-25 5:08:00 AM AEST,nan,92.3,nan,nan,nan,nan,319.20,0.14,nan,1.40,nan,nan
25-Feb-25 5:09:00 AM AEST,nan,92.2,nan,nan,nan,nan,325.70,0.42,8.30,4.10,327.50,nan
25-Feb-25 5:10:00 AM AEST,nan,nan,nan,nan,nan,nan,344.80,0.23,4.70,2.30,344.70,nan
25-Feb-25 5:11:00 AM AEST,24.7,92.3,nan,nan,nan,nan,nan,0.04,1.20,0.40,344.80,nan
25-Feb-25 5:12:00 AM AEST,nan,92.2,nan,nan,nan,nan,nan,0.11,2.40,1.10,344.70,nan
25-Feb-25 5:12:05 AM AEST,24.8,nan,nan,nan,nan,nan,nan,nan,nan,nan,nan,nan
25-Feb-25 5:13:00 AM AEST,nan,nan,nan,nan,nan,nan,344.90,0.03,1.20,0.30,345.30,nan
25-Feb-25 5:13:10 AM AEST,24.7,nan,nan,nan,nan,nan,nan,nan,nan,nan,nan,nan
25-Feb-25 5:14:00 AM AEST,nan,nan,nan,nan,nan,nan,344.80,0.01,nan,0.10,344.30,nan
25-Feb-25 5:15:00 AM AEST,nan,nan,23.3,nan,nan,nan,20.80,0.46,8.30,4.30,44.00,nan
25-Feb-25 5:16:00 AM AEST,24.8,92.3,nan,nan,nan,nan,359.00,0.67,10.60,5.40,353.20,nan
25-Feb-25 5:17:00 AM AEST,nan,92.5,23.5,nan,nan,nan,340.20,0.34,7.10,3.40,340.10,nan
25-Feb-25 5:18:00 AM AEST,24.9,92.3,nan,nan,nan,nan,340.10,0.12,2.40,1.20,340.00,nan
25-Feb-25 5:19:00 AM AEST,nan,nan,nan,nan,nan,nan,340.20,0.04,1.20,0.40,340.30,nan
25-Feb-25 5:19:05 AM AEST,24.8,nan,nan,nan,nan,nan,nan,nan,nan,nan,nan,nan
25-Feb-25 5:20:00 AM AEST,nan,nan,nan,nan,nan,nan,nan,0.19,3.50,1.90,340.20,nan
25-Feb-25 5:21:00 AM AEST,nan,92.5,nan,nan,nan,nan,340.10,0.06,2.40,0.60,nan,nan
25-Feb-25 5:22:00 AM AEST,nan,92.2,nan,nan,nan,nan,313.30,0.46,7.10,4.40,309.90,nan
25-Feb-25 5:23:00 AM AEST,nan,92.3,nan,nan,nan,nan,26.20,0.47,nan,2.80,15.60,nan
25-Feb-25 5:24:00 AM AEST,nan,nan,nan,nan,nan,nan,72.10,0.14,3.50,1.40,72.20,nan
25-Feb-25 5:25:00 AM AEST,nan,nan,nan,nan,nan,nan,72.20,0.00,0.00,0.00,0.00,nan
25-Feb-25 5:26:00 AM AEST,nan,nan,nan,0.20,11.20,nan,nan,0.08,3.50,0.80,72.50,nan
25-Feb-25 5:27:00 AM AEST,nan,92.2,23.4,nan,nan,nan,72.30,0.20,4.70,2.00,72.30,nan
25-Feb-25 5:27:02 AM AEST,nan,nan,nan,0.00,nan,nan,nan,nan,nan,nan,nan,nan
25-Feb-25 5:28:00 AM AEST,nan,nan,nan,nan,nan,nan,nan,0.00,0.00,0.00,0.00,nan
25-Feb-25 5:29:00 AM AEST,24.7,nan,nan,nan,nan,nan,nan,nan,nan,nan,nan,nan
25-Feb-25 5:30:00 AM AEST,nan,nan,23.3,nan,nan,nan,nan,nan,nan,nan,nan,0.80
25-Feb-25 5:31:00 AM AEST,nan,nan,nan,nan,nan,nan,nan,0.04,2.40,0.40,72.50,0.00
25-Feb-25 5:32:00 AM AEST,24.6,nan,nan,nan,nan,nan,nan,0.13,nan,1.30,72.40,nan
25-Feb-25 5:33:00 AM AEST,nan,92.3,nan,nan,nan,nan,72.20,0.05,nan,0.50,nan,nan
25-Feb-25 5:34:00 AM AEST,24.7,92.2,nan,nan,nan,nan,nan,0.02,nan,0.20,72.30,nan
25-Feb-25 5:35:00 AM AEST,nan,nan,nan,nan,nan,nan,nan,0.09,nan,0.90,72.20,nan
25-Feb-25 5:35:05 AM AEST,24.6,nan,nan,nan,nan,nan,nan,nan,nan,nan,nan,nan
25-Feb-25 5:36:00 AM AEST,nan,92.3,23.2,nan,nan,nan,nan,0.13,3.50,1.30,72.40,nan
25-Feb-25 5:37:00 AM AEST,nan,92.2,23.3,nan,nan,nan,nan,0.27,nan,2.70,72.20,nan
25-Feb-25 5:38:00 AM AEST,nan,92.3,23.2,nan,nan,nan,nan,0.06,2.40,0.60,72.40,nan
25-Feb-25 5:39:00 AM AEST,nan,nan,23.3,nan,nan,nan,nan,0.00,0.00,0.00,0.00,nan
25-Feb-25 5:40:00 AM AEST,nan,92.2,nan,nan,nan,nan,nan,0.02,2.40,0.20,72.30,nan
25-Feb-25 5:41:00 AM AEST,nan,92.3,23.2,nan,nan,nan,nan,0.29,3.50,2.90,72.20,nan
25-Feb-25 5:42:00 AM AEST,nan,nan,nan,nan,nan,nan,nan,0.22,nan,2.20,nan,nan
25-Feb-25 5:43:00 AM AEST,24.5,92.5,nan,nan,nan,nan,nan,0.04,1.20,0.40,72.50,nan
25-Feb-25 5:44:00 AM AEST,nan,92.3,nan,nan,nan,nan,nan,0.05,nan,0.50,nan,nan
25-Feb-25 5:45:00 AM AEST,nan,92.5,nan,nan,nan,nan,nan,0.06,2.40,0.60,72.10,nan
25-Feb-25 5:46:00 AM AEST,nan,92.3,nan,nan,nan,nan,nan,0.04,nan,0.40,72.50,nan
25-Feb-25 5:47:00 AM AEST,nan,92.5,nan,nan,nan,nan,nan,0.24,3.50,2.40,72.20,nan
25-Feb-25 5:48:00 AM AEST,nan,92.3,nan,nan,nan,nan,72.40,0.48,7.10,4.80,72.50,nan
25-Feb-25 5:49:00 AM AEST,nan,nan,nan,nan,nan,nan,39.90,0.43,8.30,2.10,24.50,nan
25-Feb-25 5:50:00 AM AEST,24.7,92.5,nan,nan,nan,nan,348.90,0.84,14.20,7.90,343.80,nan
25-Feb-25 5:51:00 AM AEST,nan,92.3,23.4,nan,nan,nan,32.30,0.44,7.10,4.20,33.80,nan
25-Feb-25 5:51:05 AM AEST,24.8,nan,nan,nan,nan,nan,nan,nan,nan,nan,nan,nan
25-Feb-25 5:52:00 AM AEST,nan,92.5,nan,nan,nan,nan,45.40,0.27,4.70,2.70,45.70,nan
25-Feb-25 5:53:00 AM AEST,nan,92.3,23.5,nan,nan,nan,26.40,0.25,3.50,2.30,28.70,nan
25-Feb-25 5:54:00 AM AEST,nan,nan,23.4,nan,nan,nan,1.40,0.07,2.40,0.60,1.30,nan
25-Feb-25 5:55:00 AM AEST,nan,92.2,23.5,nan,nan,nan,1.30,0.22,3.50,2.20,nan,nan
25-Feb-25 5:56:00 AM AEST,24.7,92.0,23.4,nan,nan,nan,nan,0.24,nan,2.40,nan,nan
25-Feb-25 5:57:00 AM AEST,nan,nan,23.3,nan,nan,nan,28.10,0.34,5.90,3.20,29.10,nan
25-Feb-25 5:58:00 AM AEST,24.8,91.8,nan,nan,nan,nan,46.60,0.26,4.70,2.60,46.70,nan
25-Feb-25 5:59:00 AM AEST,nan,91.7,nan,nan,nan,nan,46.50,0.17,2.40,1.70,46.50,nan
25-Feb-25 6:00:00 AM AEST,nan,nan,nan,nan,nan,nan,nan,0.12,nan,1.20,nan,nan
25-Feb-25 6:00:02 AM AEST,nan,nan,nan,nan,nan,0.03,nan,nan,nan,nan,nan,nan
25-Feb-25 6:01:00 AM AEST,nan,91.5,nan,nan,nan,nan,51.10,0.08,4.70,0.80,71.00,nan
25-Feb-25 6:02:00 AM AEST,nan,nan,nan,nan,nan,nan,79.50,0.37,nan,3.70,79.60,nan
25-Feb-25 6:03:00 AM AEST,nan,nan,nan,nan,nan,nan,79.60,0.03,2.40,0.30,80.20,nan
25-Feb-25 6:04:00 AM AEST,24.7,91.3,nan,nan,nan,nan,nan,0.02,1.20,0.20,80.40,nan
25-Feb-25 6:05:00 AM AEST,nan,nan,23.2,nan,nan,nan,nan,0.14,2.40,1.40,79.60,nan
25-Feb-25 6:06:00 AM AEST,nan,nan,nan,nan,nan,nan,nan,0.03,1.20,0.30,80.20,0.80
25-Feb-25 6:07:00 AM AEST,nan,91.2,nan,nan,nan,nan,nan,0.00,0.00,0.00,0.00,0.00
25-Feb-25 6:08:00 AM AEST,nan,91.3,23.1,nan,nan,nan,79.50,0.09,3.50,0.90,79.60,nan
25-Feb-25 6:09:00 AM AEST,nan,91.2,23.2,nan,nan,nan,7.00,0.45,5.90,2.10,12.10,nan
25-Feb-25 6:10:00 AM AEST,24.8,nan,nan,nan,nan,nan,338.50,0.60,10.60,4.10,348.50,nan
25-Feb-25 6:11:00 AM AEST,nan,nan,nan,nan,nan,nan,60.40,0.76,nan,7.50,61.20,nan
25-Feb-25 6:11:05 AM AEST,24.9,nan,nan,nan,nan,nan,nan,nan,nan,nan,nan,nan
25-Feb-25 6:12:00 AM AEST,nan,nan,23.4,nan,nan,nan,25.20,0.57,9.50,4.00,21.50,nan
25-Feb-25 6:12:10 AM AEST,25.0,nan,nan,nan,nan,nan,nan,nan,nan,nan,nan,nan
25-Feb-25 6:13:00 AM AEST,nan,91.0,23.5,nan,nan,nan,335.40,0.98,14.20,9.70,335.80,nan
25-Feb-25 6:14:00 AM AEST,25.1,nan,nan,nan,nan,nan,2.00,0.56,8.30,5.60,1.10,nan
25-Feb-25 6:15:00 AM AEST,nan,90.8,nan,nan,nan,nan,358.00,0.21,4.70,2.10,358.10,1.70
25-Feb-25 6:16:00 AM AEST,nan,90.7,nan,nan,nan,nan,358.10,0.13,3.50,1.30,nan,nan
25-Feb-25 6:17:00 AM AEST,25.0,90.5,23.4,nan,nan,nan,340.70,0.51,8.30,4.80,336.20,1.60
25-Feb-25 6:18:00 AM AEST,nan,nan,nan,nan,nan,nan,332.70,0.28,4.70,2.80,333.40,2.50
25-Feb-25 6:19:00 AM AEST,25.1,90.3,nan,nan,nan,nan,330.50,0.42,8.30,3.80,336.70,3.30
25-Feb-25 6:20:00 AM AEST,nan,90.2,nan,nan,nan,nan,334.20,0.62,9.50,5.40,326.70,4.20
25-Feb-25 6:21:00 AM AEST,nan,nan,23.3,nan,nan,nan,311.90,0.24,5.90,2.40,312.60,4.10
25-Feb-25 6:22:00 AM AEST,nan,90.0,23.4,nan,nan,nan,18.30,0.34,4.70,3.30,17.60,5.00
25-Feb-25 6:23:00 AM AEST,nan,nan,23.3,nan,nan,nan,23.40,0.13,2.40,1.30,23.30,nan
25-Feb-25 6:24:00 AM AEST,25.0,89.8,nan,nan,nan,nan,nan,0.05,nan,0.50,23.10,6.70
25-Feb-25 6:25:00 AM AEST,nan,nan,23.2,nan,nan,nan,nan,0.24,3.50,2.40,23.40,7.50
25-Feb-25 6:26:00 AM AEST,nan,nan,nan,nan,nan,nan,nan,0.08,nan,0.80,23.70,nan
25-Feb-25 6:27:00 AM AEST,nan,89.7,nan,nan,nan,nan,nan,0.01,1.20,0.10,23.40,9.20
25-Feb-25 6:28:00 AM AEST,nan,89.8,nan,nan,nan,nan,nan,0.08,2.40,0.80,23.20,11.60
25-Feb-25 6:29:00 AM AEST,24.9,89.7,nan,nan,nan,nan,nan,0.21,3.50,2.10,23.40,13.30
25-Feb-25 6:30:00 AM AEST,nan,nan,23.1,nan,nan,nan,nan,0.04,2.40,0.40,23.30,15.00
25-Feb-25 6:31:00 AM AEST,24.8,nan,23.0,nan,nan,nan,nan,0.07,nan,0.70,nan,15.80
25-Feb-25 6:32:00 AM AEST,nan,89.8,nan,nan,nan,nan,22.60,0.12,4.70,1.20,20.60,17.50
25-Feb-25 6:33:00 AM AEST,24.9,nan,nan,nan,nan,nan,10.10,0.41,5.90,4.10,10.60,nan
25-Feb-25 6:34:00 AM AEST,nan,nan,23.1,nan,nan,nan,8.40,0.08,2.40,0.80,8.50,18.30
25-Feb-25 6:35:00 AM AEST,nan,90.0,nan,nan,nan,nan,8.30,0.05,3.50,0.50,8.30,19.10
25-Feb-25 6:36:00 AM AEST,nan,89.8,nan,nan,nan,nan,92.60,0.43,5.90,4.10,92.30,19.20
25-Feb-25 6:37:00 AM AEST,24.8,90.0,nan,nan,nan,nan,105.50,0.22,3.50,2.20,105.50,21.60
25-Feb-25 6:38:00 AM AEST,nan,nan,nan,nan,nan,nan,nan,0.04,1.20,0.40,nan,22.50
25-Feb-25 6:38:05 AM AEST,24.9,nan,nan,nan,nan,nan,nan,nan,nan,nan,nan,nan
25-Feb-25 6:39:00 AM AEST,nan,nan,nan,nan,nan,nan,105.60,0.01,nan,0.10,104.00,23.30
25-Feb-25 6:39:10 AM AEST,24.8,nan,nan,nan,nan,nan,nan,nan,nan,nan,nan,nan
25-Feb-25 6:40:00 AM AEST,nan,90.2,nan,nan,nan,nan,105.50,0.05,2.40,0.50,105.70,24.20
25-Feb-25 6:40:15 AM AEST,24.9,nan,nan,nan,nan,nan,nan,nan,nan,nan,nan,nan
25-Feb-25 6:41:00 AM AEST,nan,90.0,nan,nan,nan,nan,105.40,0.15,nan,1.50,105.50,23.30
25-Feb-25 6:41:20 AM AEST,24.8,nan,nan,nan,nan,nan,nan,nan,nan,nan,nan,nan
25-Feb-25 6:41:20 AM AEST,24.9,nan,nan,nan,nan,nan,nan,nan,nan,nan,nan,nan
25-Feb-25 6:42:00 AM AEST,nan,90.2,nan,nan,nan,nan,105.50,0.35,4.70,3.50,nan,26.60
25-Feb-25 6:43:00 AM AEST,nan,90.0,23.2,nan,nan,nan,nan,0.09,2.40,0.90,nan,33.30
25-Feb-25 6:44:00 AM AEST,nan,90.2,23.1,nan,nan,nan,nan,0.00,0.00,0.00,0.00,42.50
25-Feb-25 6:45:00 AM AEST,nan,90.3,23.2,nan,nan,nan,nan,0.01,1.20,0.10,104.00,45.80
25-Feb-25 6:46:00 AM AEST,nan,90.0,nan,nan,nan,nan,nan,0.18,2.40,1.80,105.60,43.30
25-Feb-25 6:47:00 AM AEST,25.0,90.2,nan,nan,nan,nan,nan,0.10,nan,1.00,105.40,45.00
25-Feb-25 6:48:00 AM AEST,nan,90.3,23.3,nan,nan,nan,nan,0.00,0.00,0.00,0.00,49.20
25-Feb-25 6:49:00 AM AEST,25.1,90.2,nan,nan,nan,nan,nan,nan,nan,nan,nan,55.00
25-Feb-25 6:50:00 AM AEST,nan,nan,nan,nan,nan,nan,105.40,0.05,1.20,0.50,105.50,63.30
25-Feb-25 6:51:00 AM AEST,nan,90.3,nan,nan,nan,nan,nan,0.04,nan,0.40,nan,57.50
25-Feb-25 6:52:00 AM AEST,25.2,90.0,23.4,nan,nan,nan,105.50,0.02,nan,0.20,105.20,48.30
25-Feb-25 6:53:00 AM AEST,nan,90.2,nan,nan,nan,nan,105.40,0.00,0.00,0.00,0.00,46.60
25-Feb-25 6:54:00 AM AEST,nan,nan,23.5,nan,nan,nan,nan,0.04,1.20,0.40,105.20,41.70
25-Feb-25 6:55:00 AM AEST,25.3,90.0,nan,nan,nan,nan,nan,0.11,2.40,1.10,105.50,38.30
25-Feb-25 6:56:00 AM AEST,nan,nan,nan,nan,nan,nan,105.50,0.12,nan,1.20,nan,39.20
25-Feb-25 6:57:00 AM AEST,nan,nan,nan,nan,nan,nan,nan,0.02,1.20,0.20,105.20,45.00
25-Feb-25 6:58:00 AM AEST,nan,90.2,nan,nan,nan,nan,105.40,0.01,nan,0.10,104.00,50.80
25-Feb-25 6:59:00 AM AEST,nan,nan,23.6,nan,nan,nan,91.30,0.22,5.90,1.50,69.10,59.20
25-Feb-25 7:00:00 AM AEST,nan,90.0,nan,nan,nan,nan,357.00,0.30,8.30,2.90,354.10,64.10
25-Feb-25 7:00:03 AM AEST,nan,nan,nan,nan,nan,0.09,nan,nan,nan,nan,nan,nan
25-Feb-25 7:01:00 AM AEST,25.4,89.7,23.5,nan,nan,nan,341.80,0.55,9.50,4.80,336.20,76.70
25-Feb-25 7:02:00 AM AEST,nan,nan,23.6,nan,nan,nan,327.20,0.34,5.90,3.40,327.30,82.50
25-Feb-25 7:02:05 AM AEST,25.5,nan,nan,nan,nan,nan,nan,nan,nan,nan,nan,nan
25-Feb-25 7:03:00 AM AEST,nan,89.3,23.7,nan,nan,nan,331.00,0.40,7.10,4.00,331.80,79.20
25-Feb-25 7:03:10 AM AEST,25.6,nan,nan,nan,nan,nan,nan,nan,nan,nan,nan,nan
25-Feb-25 7:04:00 AM AEST,nan,89.2,nan,nan,nan,nan,331.50,0.24,3.50,2.40,331.40,87.50
25-Feb-25 7:04:15 AM AEST,25.7,nan,nan,nan,nan,nan,nan,nan,nan,nan,nan,nan
25-Feb-25 7:05:00 AM AEST,nan,88.8,nan,nan,nan,nan,331.40,0.02,1.20,0.20,331.90,95.80
25-Feb-25 7:06:00 AM AEST,25.8,88.7,nan,nan,nan,nan,331.50,0.06,nan,0.60,331.60,102.50
25-Feb-25 7:07:00 AM AEST,nan,88.5,23.8,nan,nan,nan,nan,0.14,3.50,1.40,331.40,91.60
25-Feb-25 7:08:00 AM AEST,nan,88.3,23.7,nan,nan,nan,nan,0.04,2.40,0.40,331.70,75.80
25-Feb-25 7:09:00 AM AEST,25.9,88.2,23.8,nan,nan,nan,nan,0.17,3.50,1.70,331.50,75.00
25-Feb-25 7:10:00 AM AEST,nan,87.8,nan,nan,nan,nan,351.30,0.39,5.90,3.30,357.40,87.50
25-Feb-25 7:11:00 AM AEST,26.0,87.7,nan,nan,nan,nan,30.20,0.31,4.70,2.30,25.70,101.70
25-Feb-25 7:12:00 AM AEST,nan,nan,nan,nan,nan,nan,354.60,0.21,3.50,2.10,354.70,118.30
25-Feb-25 7:12:05 AM AEST,26.1,nan,nan,nan,nan,nan,nan,nan,nan,nan,nan,nan
25-Feb-25 7:13:00 AM AEST,nan,nan,23.9,nan,nan,nan,359.70,0.25,5.90,2.50,2.80,126.70
25-Feb-25 7:14:00 AM AEST,26.2,nan,nan,nan,nan,nan,9.30,0.54,8.30,5.10,10.80,140.80
25-Feb-25 7:15:00 AM AEST,nan,87.5,24.0,nan,nan,nan,5.80,0.27,3.50,2.70,5.80,150.00
25-Feb-25 7:16:00 AM AEST,26.3,nan,nan,nan,nan,nan,nan,0.16,2.40,1.60,5.90,138.30
25-Feb-25 7:17:00 AM AEST,nan,87.7,nan,nan,nan,nan,5.90,0.00,0.00,0.00,0.00,127.50
25-Feb-25 7:18:00 AM AEST,26.5,87.5,24.1,nan,nan,nan,5.80,0.01,1.20,0.10,3.60,115.80
25-Feb-25 7:19:00 AM AEST,nan,87.2,24.2,nan,nan,nan,nan,0.11,2.40,1.10,5.80,116.60
25-Feb-25 7:20:00 AM AEST,26.6,86.5,nan,nan,nan,nan,351.80,0.25,7.10,2.20,334.40,120.80
25-Feb-25 7:21:00 AM AEST,nan,85.8,24.1,nan,nan,nan,284.10,0.76,10.60,7.10,282.20,125.80
25-Feb-25 7:22:00 AM AEST,nan,85.2,nan,nan,nan,nan,316.30,0.59,9.50,5.60,315.20,96.70
25-Feb-25 7:23:00 AM AEST,26.7,85.0,23.9,nan,nan,nan,308.40,0.53,7.10,4.40,303.30,112.50
25-Feb-25 7:24:00 AM AEST,nan,84.8,24.0,nan,nan,nan,53.30,0.34,5.90,3.20,50.20,111.70
25-Feb-25 7:25:00 AM AEST,nan,85.0,23.9,nan,nan,nan,346.00,0.38,nan,3.80,346.00,127.50
25-Feb-25 7:26:00 AM AEST,26.8,84.7,24.0,nan,nan,nan,350.40,0.28,nan,2.80,355.20,130.00
25-Feb-25 7:27:00 AM AEST,nan,84.8,nan,nan,nan,nan,352.50,0.47,9.50,4.50,350.50,127.50
25-Feb-25 7:28:00 AM AEST,nan,84.7,nan,nan,nan,nan,342.90,0.68,10.60,5.80,338.70,125.80
25-Feb-25 7:29:00 AM AEST,26.9,nan,nan,nan,nan,nan,0.20,0.35,5.90,3.50,359.90,116.70
25-Feb-25 7:30:00 AM AEST,nan,85.0,24.1,nan,nan,nan,1.40,0.14,2.40,1.40,1.30,120.00
25-Feb-25 7:31:00 AM AEST,nan,nan,24.2,nan,nan,nan,355.20,0.27,5.90,2.60,350.90,124.20
25-Feb-25 7:32:00 AM AEST,27.0,84.8,nan,nan,nan,nan,332.30,0.43,7.10,4.20,331.00,121.60
25-Feb-25 7:33:00 AM AEST,nan,nan,nan,nan,nan,nan,324.70,0.21,3.50,2.10,324.60,105.80
25-Feb-25 7:34:00 AM AEST,nan,84.3,24.3,nan,nan,nan,323.10,0.07,2.40,0.60,323.30,103.30
25-Feb-25 7:35:00 AM AEST,27.1,84.2,24.2,nan,nan,nan,323.00,0.19,3.50,1.90,323.00,97.50
25-Feb-25 7:36:00 AM AEST,nan,nan,nan,nan,nan,nan,315.60,0.14,nan,1.30,303.80,110.80
25-Feb-25 7:37:00 AM AEST,nan,83.5,nan,nan,nan,nan,277.20,0.34,4.70,3.40,276.60,122.50
25-Feb-25 7:38:00 AM AEST,nan,83.2,24.1,nan,nan,nan,277.50,0.22,nan,2.20,277.50,125.80
25-Feb-25 7:39:00 AM AEST,27.2,nan,24.0,nan,nan,nan,nan,0.12,2.40,1.20,277.40,120.80
25-Feb-25 7:40:00 AM AEST,nan,83.3,24.1,nan,nan,nan,nan,0.06,1.20,0.60,277.20,93.30
25-Feb-25 7:41:00 AM AEST,nan,nan,nan,nan,nan,nan,286.00,0.20,3.50,2.00,290.30,115.00
25-Feb-25 7:42:00 AM AEST,nan,nan,24.2,nan,nan,nan,342.00,0.28,5.90,2.70,340.70,111.60
25-Feb-25 7:43:00 AM AEST,27.3,nan,nan,nan,nan,nan,342.70,0.20,3.50,2.00,342.60,95.00
25-Feb-25 7:44:00 AM AEST,nan,82.8,nan,nan,nan,nan,335.40,0.62,8.30,5.10,334.50,100.00
25-Feb-25 7:45:00 AM AEST,nan,nan,24.1,nan,nan,nan,322.60,0.42,7.10,4.20,322.60,90.00
25-Feb-25 7:46:00 AM AEST,nan,nan,nan,nan,nan,nan,322.50,0.27,3.50,2.70,322.50,85.00
25-Feb-25 7:47:00 AM AEST,nan,82.7,24.2,nan,nan,nan,nan,0.14,2.40,1.40,nan,94.10
25-Feb-25 7:48:00 AM AEST,nan,82.8,24.1,nan,nan,nan,338.10,0.31,5.90,2.90,345.60,92.50
25-Feb-25 7:49:00 AM AEST,nan,83.0,24.2,nan,nan,nan,2.30,0.32,4.70,3.20,2.60,85.80
25-Feb-25 7:50:00 AM AEST,27.4,nan,nan,nan,nan,nan,0.70,0.08,2.40,0.80,0.30,71.70
25-Feb-25 7:51:00 AM AEST,nan,nan,nan,nan,nan,nan,315.10,0.65,11.80,4.40,295.00,52.50
25-Feb-25 7:51:05 AM AEST,27.3,nan,nan,nan,nan,nan,nan,nan,nan,nan,nan,nan
25-Feb-25 7:52:00 AM AEST,nan,82.0,nan,nan,nan,nan,308.70,0.60,13.00,5.90,305.90,44.20
25-Feb-25 7:52:10 AM AEST,27.2,nan,nan,nan,nan,nan,nan,nan,nan,nan,nan,nan
25-Feb-25 7:53:00 AM AEST,nan,82.2,23.9,nan,nan,nan,312.30,0.29,5.90,2.90,312.20,49.20
25-Feb-25 7:54:00 AM AEST,nan,82.5,nan,nan,nan,nan,308.20,0.19,3.50,1.80,302.60,62.50
25-Feb-25 7:55:00 AM AEST,nan,82.2,24.0,nan,nan,nan,307.40,0.50,8.30,4.10,303.70,107.50
25-Feb-25 7:56:00 AM AEST,nan,82.3,23.9,nan,nan,nan,314.20,0.42,7.10,4.00,315.50,228.30
25-Feb-25 7:57:00 AM AEST,nan,82.7,nan,nan,nan,nan,295.40,0.33,4.70,3.10,297.80,254.20
25-Feb-25 7:58:00 AM AEST,27.3,nan,24.0,nan,nan,nan,284.50,0.25,nan,2.50,284.40,236.60
25-Feb-25 7:59:00 AM AEST,nan,82.3,24.1,nan,nan,nan,296.00,0.71,10.60,6.80,291.60,219.20
25-Feb-25 8:00:00 AM AEST,27.4,82.7,nan,nan,nan,nan,326.70,0.21,4.70,2.00,327.50,451.70
25-Feb-25 8:00:04 AM AEST,nan,nan,nan,nan,nan,0.28,nan,nan,nan,nan,nan,nan
25-Feb-25 8:01:00 AM AEST,nan,83.2,24.2,nan,nan,nan,318.60,0.72,13.00,6.10,303.00,408.30
25-Feb-25 8:01:05 AM AEST,27.5,nan,nan,nan,nan,nan,nan,nan,nan,nan,nan,nan
25-Feb-25 8:02:00 AM AEST,nan,82.7,24.4,nan,nan,nan,308.00,0.40,9.50,2.60,321.80,460.00
25-Feb-25 8:02:10 AM AEST,27.6,nan,nan,nan,nan,nan,nan,nan,nan,nan,nan,nan
25-Feb-25 8:03:00 AM AEST,nan,83.2,nan,nan,nan,nan,322.10,0.54,8.30,5.10,324.40,407.40
25-Feb-25 8:03:15 AM AEST,27.7,nan,nan,nan,nan,nan,nan,nan,nan,nan,nan,nan
25-Feb-25 8:04:00 AM AEST,nan,82.8,24.6,nan,nan,nan,328.90,0.80,14.20,6.70,321.30,375.00
25-Feb-25 8:04:20 AM AEST,27.8,nan,nan,nan,nan,nan,nan,nan,nan,nan,nan,nan
25-Feb-25 8:04:20 AM AEST,27.9,nan,nan,nan,nan,nan,nan,nan,nan,nan,nan,nan
25-Feb-25 8:05:00 AM AEST,nan,82.3,nan,nan,nan,nan,325.20,1.07,16.60,9.60,326.30,353.30
25-Feb-25 8:06:00 AM AEST,nan,81.8,nan,nan,nan,nan,297.00,0.65,8.30,6.10,295.90,336.60
25-Feb-25 8:07:00 AM AEST,nan,81.2,24.5,nan,nan,nan,5.70,0.66,11.80,4.10,338.70,314.20
25-Feb-25 8:08:00 AM AEST,28.0,81.0,24.4,nan,nan,nan,335.50,0.64,nan,5.50,329.70,300.80
25-Feb-25 8:09:00 AM AEST,nan,nan,nan,nan,nan,nan,27.30,0.74,10.60,7.20,27.90,86.70
25-Feb-25 8:10:00 AM AEST,nan,80.8,nan,nan,nan,nan,358.80,0.82,14.20,6.20,1.50,106.60
25-Feb-25 8:11:00 AM AEST,27.9,nan,nan,nan,nan,nan,330.40,0.74,nan,nan,335.80,168.30
25-Feb-25 8:12:00 AM AEST,nan,80.2,24.3,nan,nan,nan,321.70,1.14,15.40,10.20,322.60,300.00
25-Feb-25 8:12:05 AM AEST,27.8,nan,nan,nan,nan,nan,nan,nan,nan,nan,nan,nan
25-Feb-25 8:13:00 AM AEST,nan,80.0,24.1,nan,nan,nan,306.00,0.92,nan,6.10,323.10,368.30
25-Feb-25 8:14:00 AM AEST,nan,80.2,24.0,nan,nan,nan,304.30,0.70,17.80,6.20,303.00,464.20
25-Feb-25 8:15:00 AM AEST,27.9,80.3,24.1,nan,nan,nan,310.20,0.74,10.60,nan,305.20,308.30
25-Feb-25 8:16:00 AM AEST,nan,80.0,24.2,nan,nan,nan,296.90,0.73,nan,7.20,296.50,341.70
25-Feb-25 8:17:00 AM AEST,28.0,80.5,24.1,nan,nan,nan,10.30,0.53,8.30,2.00,40.40,384.10
25-Feb-25 8:18:00 AM AEST,nan,80.8,24.3,nan,nan,nan,293.40,0.43,7.10,4.00,292.80,446.70
25-Feb-25 8:18:05 AM AEST,28.1,nan,nan,nan,nan,nan,nan,nan,nan,nan,nan,nan
25-Feb-25 8:19:00 AM AEST,nan,80.5,24.5,nan,nan,nan,298.70,0.62,14.20,5.50,311.40,440.80
25-Feb-25 8:19:10 AM AEST,28.2,nan,nan,nan,nan,nan,nan,nan,nan,nan,nan,nan
25-Feb-25 8:20:00 AM AEST,nan,80.2,24.6,nan,nan,nan,336.30,0.69,11.80,nan,334.40,330.80
25-Feb-25 8:20:15 AM AEST,28.3,nan,nan,nan,nan,nan,nan,nan,nan,nan,nan,nan
25-Feb-25 8:21:00 AM AEST,nan,nan,24.5,nan,nan,nan,348.80,0.64,13.00,4.30,331.60,282.50
25-Feb-25 8:22:00 AM AEST,nan,79.3,nan,nan,nan,nan,290.30,0.94,22.50,6.20,297.70,460.80
25-Feb-25 8:23:00 AM AEST,nan,79.5,24.4,nan,nan,nan,328.50,0.97,17.80,7.10,338.90,364.20
25-Feb-25 8:24:00 AM AEST,nan,nan,nan,nan,nan,nan,317.00,0.64,16.60,5.90,322.80,472.50
25-Feb-25 8:25:00 AM AEST,nan,79.3,nan,nan,nan,nan,312.80,0.93,14.20,8.50,312.00,424.10
25-Feb-25 8:26:00 AM AEST,28.4,79.2,nan,nan,nan,nan,296.30,0.70,9.50,6.70,298.20,461.70
25-Feb-25 8:27:00 AM AEST,nan,nan,nan,nan,nan,nan,344.00,0.67,14.20,6.30,338.40,502.40
25-Feb-25 8:28:00 AM AEST,28.6,79.7,nan,nan,nan,nan,4.80,0.18,3.50,1.80,4.70,328.30
25-Feb-25 8:29:00 AM AEST,nan,nan,24.7,nan,nan,nan,334.30,0.61,10.60,5.10,332.70,376.60
25-Feb-25 8:30:00 AM AEST,nan,79.0,nan,nan,nan,nan,300.60,0.64,nan,6.20,301.10,235.80
25-Feb-25 8:31:00 AM AEST,nan,78.8,24.6,nan,nan,nan,321.20,0.54,9.50,5.00,322.90,202.50
25-Feb-25 8:32:00 AM AEST,nan,78.5,nan,nan,nan,nan,327.60,0.78,14.20,6.80,324.10,198.30
25-Feb-25 8:33:00 AM AEST,nan,78.7,24.5,nan,nan,nan,5.10,0.56,10.60,4.90,18.70,260.80
25-Feb-25 8:34:00 AM AEST,nan,78.3,nan,nan,nan,nan,326.90,0.59,9.50,4.30,324.40,437.40
25-Feb-25 8:35:00 AM AEST,28.5,77.8,nan,nan,nan,nan,301.70,1.51,21.30,14.10,301.30,461.70
25-Feb-25 8:36:00 AM AEST,nan,77.7,24.3,nan,nan,nan,355.50,0.96,14.20,7.50,349.70,366.70
25-Feb-25 8:37:00 AM AEST,nan,77.8,24.2,nan,nan,nan,341.00,1.01,18.90,8.40,341.00,389.90
25-Feb-25 8:38:00 AM AEST,nan,77.7,nan,nan,nan,nan,315.40,0.98,14.20,9.20,316.50,366.70
25-Feb-25 8:39:00 AM AEST,nan,77.8,nan,nan,nan,nan,355.40,0.79,11.80,7.40,355.10,256.60
25-Feb-25 8:40:00 AM AEST,28.6,78.3,24.3,nan,nan,nan,328.40,0.72,14.20,6.50,333.20,514.20
25-Feb-25 8:41:00 AM AEST,nan,78.0,24.4,nan,nan,nan,329.50,0.59,10.60,3.40,321.80,376.70
25-Feb-25 8:42:00 AM AEST,nan,77.7,nan,nan,nan,nan,299.90,0.98,14.20,8.10,307.50,463.30
25-Feb-25 8:43:00 AM AEST,28.7,77.3,24.3,nan,nan,nan,8.40,0.60,11.80,4.60,8.60,265.80
25-Feb-25 8:44:00 AM AEST,nan,nan,nan,nan,nan,nan,327.50,0.27,3.50,2.40,325.30,244.90
25-Feb-25 8:45:00 AM AEST,28.8,nan,nan,nan,nan,nan,334.20,0.87,17.80,7.00,338.70,411.70
25-Feb-25 8:46:00 AM AEST,nan,77.0,24.4,nan,nan,nan,353.80,0.89,14.20,nan,351.10,474.90
25-Feb-25 8:46:05 AM AEST,28.7,nan,nan,nan,nan,nan,nan,nan,nan,nan,nan,nan
25-Feb-25 8:47:00 AM AEST,nan,77.2,24.3,nan,nan,nan,298.60,0.82,13.00,6.90,296.60,633.30
25-Feb-25 8:47:10 AM AEST,28.8,nan,nan,nan,nan,nan,nan,nan,nan,nan,nan,nan
25-Feb-25 8:48:00 AM AEST,nan,77.5,24.4,nan,nan,nan,3.80,0.49,8.30,3.70,8.90,573.30
25-Feb-25 8:48:15 AM AEST,28.9,nan,nan,nan,nan,nan,nan,nan,nan,nan,nan,nan
25-Feb-25 8:49:00 AM AEST,nan,77.8,24.5,nan,nan,nan,6.40,0.72,9.50,5.60,10.10,531.60
25-Feb-25 8:49:20 AM AEST,29.0,nan,nan,nan,nan,nan,nan,nan,nan,nan,nan,nan
25-Feb-25 8:50:00 AM AEST,nan,77.3,24.7,nan,nan,nan,313.10,0.88,14.20,7.80,307.60,422.40
25-Feb-25 8:50:25 AM AEST,29.1,nan,nan,nan,nan,nan,nan,nan,nan,nan,nan,nan
25-Feb-25 8:51:00 AM AEST,nan,77.2,24.6,nan,nan,nan,1.30,0.68,11.80,6.70,1.10,456.70
25-Feb-25 8:51:30 AM AEST,29.2,nan,nan,nan,nan,nan,nan,nan,nan,nan,nan,nan
25-Feb-25 8:52:00 AM AEST,nan,77.3,24.7,nan,nan,nan,2.10,0.57,9.50,5.50,2.00,549.20
25-Feb-25 8:52:35 AM AEST,29.3,nan,nan,nan,nan,nan,nan,nan,nan,nan,nan,nan
25-Feb-25 8:53:00 AM AEST,nan,77.2,24.8,nan,nan,nan,284.30,0.59,nan,5.20,283.10,519.20
25-Feb-25 8:53:40 AM AEST,29.4,nan,nan,nan,nan,nan,nan,nan,nan,nan,nan,nan
25-Feb-25 8:54:00 AM AEST,nan,76.3,24.9,nan,nan,nan,344.30,0.92,14.20,8.00,349.90,563.30
25-Feb-25 8:54:45 AM AEST,29.3,nan,nan,nan,nan,nan,nan,nan,nan,nan,nan,nan
25-Feb-25 8:55:00 AM AEST,nan,76.2,24.8,nan,nan,nan,325.30,1.14,18.90,8.60,322.50,558.30
25-Feb-25 8:56:00 AM AEST,nan,74.8,24.7,nan,nan,nan,292.90,1.10,22.50,10.50,289.60,500.80
25-Feb-25 8:57:00 AM AEST,nan,75.3,24.3,nan,nan,nan,297.20,0.78,11.80,7.50,297.40,305.00
25-Feb-25 8:58:00 AM AEST,29.4,75.2,24.5,nan,0.00,nan,322.80,0.62,nan,5.90,320.60,419.20
25-Feb-25 8:59:00 AM AEST,nan,75.5,nan,nan,nan,nan,321.80,0.52,10.60,4.80,319.80,572.50
25-Feb-25 8:59:05 AM AEST,29.5,nan,nan,nan,nan,nan,nan,nan,nan,nan,nan,nan
25-Feb-25 9:00:00 AM AEST,nan,nan,24.7,nan,nan,nan,312.80,0.65,9.50,5.80,308.40,559.20
25-Feb-25 9:00:05 AM AEST,nan,nan,nan,nan,nan,0.30,nan,nan,nan,nan,nan,nan
25-Feb-25 9:00:10 AM AEST,29.6,nan,nan,nan,nan,nan,nan,nan,nan,nan,nan,nan
25-Feb-25 9:01:00 AM AEST,nan,75.8,24.8,nan,nan,nan,318.20,0.51,10.60,5.00,315.90,597.40
25-Feb-25 9:01:15 AM AEST,29.7,nan,nan,nan,nan,nan,nan,nan,nan,nan,nan,nan
25-Feb-25 9:02:00 AM AEST,nan,75.0,25.0,nan,nan,nan,311.60,0.64,11.80,6.20,307.00,643.30
25-Feb-25 9:02:20 AM AEST,29.8,nan,nan,nan,nan,nan,nan,nan,nan,nan,nan,nan
25-Feb-25 9:02:20 AM AEST,29.9,nan,nan,nan,nan,nan,nan,nan,nan,nan,nan,nan
25-Feb-25 9:03:00 AM AEST,nan,nan,24.9,nan,nan,nan,311.50,0.66,14.20,6.00,306.00,569.10
25-Feb-25 9:04:00 AM AEST,nan,74.3,25.0,nan,nan,nan,323.20,1.00,13.00,9.20,323.90,479.20
25-Feb-25 9:05:00 AM AEST,nan,73.8,24.8,nan,nan,nan,335.90,0.87,11.80,6.90,337.40,560.00
25-Feb-25 9:06:00 AM AEST,nan,74.0,24.7,nan,nan,nan,354.20,0.58,8.30,5.70,354.10,588.30
25-Feb-25 9:07:00 AM AEST,30.0,73.8,24.8,nan,nan,nan,342.30,0.37,4.70,3.30,344.80,275.80
25-Feb-25 9:08:00 AM AEST,nan,73.7,nan,nan,nan,nan,348.00,0.51,10.60,4.00,345.50,214.10
25-Feb-25 9:08:05 AM AEST,30.1,nan,nan,nan,nan,nan,nan,nan,nan,nan,nan,nan
25-Feb-25 9:09:00 AM AEST,nan,73.2,24.9,nan,nan,nan,350.70,0.94,16.60,7.90,349.80,229.20
25-Feb-25 9:10:00 AM AEST,29.9,72.8,24.7,nan,nan,nan,8.50,0.86,14.20,7.80,6.20,394.20
25-Feb-25 9:11:00 AM AEST,nan,72.7,24.5,nan,nan,nan,358.80,0.83,10.60,7.20,358.60,199.10
25-Feb-25 9:11:05 AM AEST,29.8,nan,nan,nan,nan,nan,nan,nan,nan,nan,nan,nan
25-Feb-25 9:12:00 AM AEST,nan,72.3,24.3,nan,nan,nan,353.80,0.86,15.40,7.00,354.80,357.50
25-Feb-25 9:13:00 AM AEST,nan,72.5,nan,nan,nan,nan,2.50,0.70,10.60,6.40,2.80,707.40
25-Feb-25 9:14:00 AM AEST,29.9,73.3,nan,nan,nan,nan,327.50,0.43,nan,3.60,309.40,340.80
25-Feb-25 9:15:00 AM AEST,nan,72.8,24.6,nan,nan,nan,11.00,0.52,8.30,3.90,17.40,650.00
25-Feb-25 9:15:05 AM AEST,30.0,nan,nan,nan,nan,nan,nan,nan,nan,nan,nan,nan
25-Feb-25 9:16:00 AM AEST,nan,nan,nan,nan,nan,nan,303.80,0.63,10.60,6.10,306.00,484.10
25-Feb-25 9:17:00 AM AEST,nan,72.3,nan,nan,nan,nan,335.90,1.03,16.60,7.60,334.40,272.50
25-Feb-25 9:18:00 AM AEST,nan,71.7,24.5,nan,nan,nan,356.00,0.79,14.20,6.20,352.40,304.90
25-Feb-25 9:19:00 AM AEST,29.9,nan,24.3,nan,nan,nan,339.30,0.71,10.60,5.60,336.70,672.50
25-Feb-25 9:20:00 AM AEST,nan,72.0,nan,nan,nan,nan,336.70,0.66,14.20,5.80,339.50,620.00
25-Feb-25 9:20:05 AM AEST,30.0,nan,nan,nan,nan,nan,nan,nan,nan,nan,nan,nan
25-Feb-25 9:21:00 AM AEST,nan,71.8,24.4,nan,nan,nan,299.50,0.86,13.00,6.80,300.10,245.80
25-Feb-25 9:21:10 AM AEST,30.1,nan,nan,nan,nan,nan,nan,nan,nan,nan,nan,nan
25-Feb-25 9:22:00 AM AEST,nan,71.0,nan,nan,nan,nan,327.10,0.90,16.60,7.00,334.50,122.50
25-Feb-25 9:22:15 AM AEST,30.0,nan,nan,nan,nan,nan,nan,nan,nan,nan,nan,nan
25-Feb-25 9:23:00 AM AEST,nan,nan,24.1,nan,nan,nan,288.90,0.66,10.60,5.00,288.30,148.30
25-Feb-25 9:23:20 AM AEST,29.9,nan,nan,nan,nan,nan,nan,nan,nan,nan,nan,nan
25-Feb-25 9:24:00 AM AEST,nan,70.8,nan,nan,nan,nan,309.60,0.71,14.20,5.60,312.40,178.30
25-Feb-25 9:24:25 AM AEST,29.8,nan,nan,nan,nan,nan,nan,nan,nan,nan,nan,nan
25-Feb-25 9:25:00 AM AEST,nan,71.0,24.0,nan,nan,nan,308.10,0.75,13.00,4.80,309.90,190.80
25-Feb-25 9:25:30 AM AEST,29.7,nan,nan,nan,nan,nan,nan,nan,nan,nan,nan,nan
25-Feb-25 9:25:30 AM AEST,29.6,nan,nan,nan,nan,nan,nan,nan,nan,nan,nan,nan
25-Feb-25 9:26:00 AM AEST,nan,71.2,23.9,nan,nan,nan,326.80,1.00,17.80,8.50,321.00,195.80
25-Feb-25 9:27:00 AM AEST,nan,71.7,23.8,nan,nan,nan,326.00,0.54,7.10,4.20,329.80,221.70
25-Feb-25 9:28:00 AM AEST,29.5,71.8,23.9,nan,nan,nan,294.60,0.90,14.20,8.50,296.20,217.50
25-Feb-25 9:29:00 AM AEST,nan,72.0,nan,nan,nan,nan,323.20,0.72,11.80,6.10,316.60,167.50
25-Feb-25 9:29:05 AM AEST,29.4,nan,nan,nan,nan,nan,nan,nan,nan,nan,nan,nan
25-Feb-25 9:30:00 AM AEST,nan,72.5,23.8,nan,nan,nan,307.20,0.54,8.30,5.00,314.00,136.60
25-Feb-25 9:30:10 AM AEST,29.5,nan,nan,nan,nan,nan,nan,nan,nan,nan,nan,nan
25-Feb-25 9:31:00 AM AEST,nan,72.8,24.0,nan,nan,nan,323.80,0.53,9.50,nan,323.80,136.70
25-Feb-25 9:32:00 AM AEST,nan,73.3,24.1,nan,nan,nan,308.50,0.31,4.70,3.10,308.50,144.20
25-Feb-25 9:33:00 AM AEST,nan,73.8,24.2,nan,nan,nan,319.90,0.48,8.30,3.70,329.80,151.60
25-Feb-25 9:34:00 AM AEST,nan,74.0,24.3,nan,nan,nan,321.50,0.63,9.50,5.80,323.80,173.30
25-Feb-25 9:35:00 AM AEST,29.3,73.8,nan,nan,nan,nan,336.00,0.99,17.80,7.60,334.40,181.60
25-Feb-25 9:36:00 AM AEST,nan,74.2,24.1,nan,nan,nan,349.70,0.73,13.00,6.50,344.80,178.30
25-Feb-25 9:36:05 AM AEST,29.2,nan,nan,nan,nan,nan,nan,nan,nan,nan,nan,nan
25-Feb-25 9:37:00 AM AEST,nan,nan,nan,nan,nan,nan,335.20,0.80,11.80,7.30,335.70,185.00
25-Feb-25 9:38:00 AM AEST,29.1,74.5,nan,nan,nan,nan,352.10,0.59,10.60,5.50,356.00,185.80
25-Feb-25 9:39:00 AM AEST,nan,nan,nan,nan,nan,nan,9.20,0.70,nan,6.20,8.80,195.80
25-Feb-25 9:40:00 AM AEST,nan,75.0,nan,nan,nan,nan,348.00,0.71,nan,6.40,344.90,224.10
25-Feb-25 9:41:00 AM AEST,nan,nan,24.2,nan,nan,nan,299.10,0.48,7.10,4.60,299.90,285.00
25-Feb-25 9:42:00 AM AEST,nan,nan,nan,nan,nan,nan,317.60,0.67,10.60,6.50,317.80,397.50
25-Feb-25 9:43:00 AM AEST,nan,75.3,nan,nan,nan,nan,358.70,0.43,7.10,3.90,359.80,432.40
25-Feb-25 9:44:00 AM AEST,29.3,75.8,24.3,nan,nan,nan,318.60,0.38,8.30,3.80,317.80,480.80
25-Feb-25 9:45:00 AM AEST,nan,75.5,24.6,nan,nan,nan,314.70,0.90,11.80,8.70,314.20,714.90
25-Feb-25 9:46:00 AM AEST,29.4,75.7,24.5,nan,nan,nan,292.80,0.49,8.30,4.30,298.00,445.80
25-Feb-25 9:47:00 AM AEST,nan,75.8,24.6,nan,nan,nan,288.30,0.50,7.10,4.60,293.60,524.90
25-Feb-25 9:47:05 AM AEST,29.5,nan,nan,nan,nan,nan,nan,nan,nan,nan,nan,nan
25-Feb-25 9:48:00 AM AEST,nan,nan,24.8,nan,nan,nan,350.80,0.70,10.60,6.20,343.90,474.20
25-Feb-25 9:48:10 AM AEST,29.6,nan,nan,nan,nan,nan,nan,nan,nan,nan,nan,nan
25-Feb-25 9:49:00 AM AEST,nan,75.2,nan,nan,nan,nan,333.40,0.65,9.50,5.90,332.30,447.50
25-Feb-25 9:49:15 AM AEST,29.7,nan,nan,nan,nan,nan,nan,nan,nan,nan,nan,nan
25-Feb-25 9:50:00 AM AEST,nan,74.8,nan,nan,nan,nan,333.50,0.87,14.20,6.60,331.00,554.10
25-Feb-25 9:50:20 AM AEST,29.6,nan,nan,nan,nan,nan,nan,nan,nan,nan,nan,nan
25-Feb-25 9:50:20 AM AEST,29.7,nan,nan,nan,nan,nan,nan,nan,nan,nan,nan,nan
25-Feb-25 9:51:00 AM AEST,nan,74.5,24.7,nan,nan,nan,335.50,0.70,11.80,6.30,333.20,556.70
25-Feb-25 9:51:25 AM AEST,29.8,nan,nan,nan,nan,nan,nan,nan,nan,nan,nan,nan
25-Feb-25 9:52:00 AM AEST,nan,nan,nan,nan,nan,nan,339.10,0.68,14.20,5.90,328.70,429.10
25-Feb-25 9:53:00 AM AEST,nan,73.3,24.8,nan,nan,nan,312.60,0.92,nan,8.00,313.00,498.30
25-Feb-25 9:54:00 AM AEST,nan,73.5,24.5,nan,nan,nan,308.30,0.63,13.00,6.00,312.10,345.00
25-Feb-25 9:55:00 AM AEST,nan,73.3,nan,nan,nan,nan,318.60,0.86,nan,8.40,319.30,615.80
25-Feb-25 9:56:00 AM AEST,29.9,72.8,nan,nan,nan,nan,321.30,1.03,14.20,10.10,320.10,355.80
25-Feb-25 9:57:00 AM AEST,nan,nan,nan,nan,nan,nan,316.30,0.70,10.60,6.20,315.20,378.30
25-Feb-25 9:58:00 AM AEST,30.0,73.0,nan,nan,nan,nan,347.20,0.47,8.30,3.70,337.50,415.80
25-Feb-25 9:59:00 AM AEST,nan,73.2,24.6,nan,nan,nan,342.40,0.66,10.60,5.10,339.70,864.20
25-Feb-25 9:59:05 AM AEST,30.1,nan,nan,nan,nan,nan,nan,nan,nan,nan,nan,nan
25-Feb-25 10:00:00 AM AEST,nan,72.8,24.7,nan,nan,nan,332.50,1.04,16.60,9.60,325.80,818.20
25-Feb-25 10:00:06 AM AEST,nan,nan,nan,nan,nan,0.55,nan,nan,nan,nan,nan,nan
25-Feb-25 10:00:10 AM AEST,30.2,nan,nan,nan,nan,nan,nan,nan,nan,nan,nan,nan
25-Feb-25 10:01:00 AM AEST,nan,72.2,nan,nan,nan,nan,328.90,0.98,11.80,8.80,327.50,709.20
25-Feb-25 10:02:00 AM AEST,nan,72.0,24.6,nan,nan,nan,337.80,0.97,15.40,9.10,335.00,413.30
25-Feb-25 10:03:00 AM AEST,nan,71.5,nan,nan,nan,nan,331.40,0.99,nan,8.40,327.10,401.70
25-Feb-25 10:04:00 AM AEST,nan,nan,24.5,nan,nan,nan,313.10,0.79,11.80,7.70,313.50,645.00
25-Feb-25 10:05:00 AM AEST,30.3,71.7,nan,nan,nan,nan,299.10,0.78,nan,7.40,294.60,449.10
25-Feb-25 10:06:00 AM AEST,nan,nan,24.6,nan,nan,nan,327.90,1.03,17.80,7.20,316.10,867.50
25-Feb-25 10:07:00 AM AEST,nan,71.0,nan,nan,nan,nan,327.50,1.07,nan,8.70,320.20,891.60
25-Feb-25 10:08:00 AM AEST,30.4,71.7,24.5,nan,nan,nan,353.10,0.79,10.60,6.70,353.60,769.20
25-Feb-25 10:09:00 AM AEST,nan,71.2,24.7,nan,nan,nan,352.50,1.13,16.60,9.10,350.00,817.50
25-Feb-25 10:10:00 AM AEST,30.5,71.0,24.6,nan,nan,nan,313.00,1.10,15.40,10.30,311.70,737.40
25-Feb-25 10:11:00 AM AEST,nan,70.8,nan,nan,nan,nan,304.50,0.57,10.60,5.20,310.60,708.30
25-Feb-25 10:12:00 AM AEST,30.7,71.0,nan,nan,nan,nan,11.40,0.56,9.50,5.10,13.50,744.90
25-Feb-25 10:13:00 AM AEST,nan,71.8,24.9,nan,nan,nan,10.90,0.39,5.90,3.90,10.40,715.00
25-Feb-25 10:13:05 AM AEST,30.9,nan,nan,nan,nan,nan,nan,nan,nan,nan,nan,nan
25-Feb-25 10:14:00 AM AEST,nan,71.7,25.2,nan,nan,nan,4.80,0.44,nan,nan,3.30,763.20
25-Feb-25 10:14:10 AM AEST,31.1,nan,nan,nan,nan,nan,nan,nan,nan,nan,nan,nan
25-Feb-25 10:15:00 AM AEST,nan,70.3,25.4,nan,nan,nan,293.60,0.76,20.10,7.20,287.60,741.70
25-Feb-25 10:15:15 AM AEST,31.2,nan,nan,nan,nan,nan,nan,nan,nan,nan,nan,nan
25-Feb-25 10:16:00 AM AEST,nan,69.7,25.1,nan,nan,nan,333.60,0.86,14.20,7.70,332.80,458.30
25-Feb-25 10:16:20 AM AEST,31.1,nan,nan,nan,nan,nan,nan,nan,nan,nan,nan,nan
25-Feb-25 10:17:00 AM AEST,nan,67.5,25.0,nan,nan,nan,305.30,1.12,21.30,9.70,299.90,632.40
25-Feb-25 10:18:00 AM AEST,nan,67.3,24.4,nan,nan,nan,2.30,0.48,7.10,2.50,8.00,781.70
25-Feb-25 10:19:00 AM AEST,31.2,67.5,24.3,nan,nan,nan,300.40,0.51,9.50,4.80,295.80,728.20
25-Feb-25 10:20:00 AM AEST,nan,nan,24.5,nan,nan,nan,307.20,0.66,10.60,4.40,305.20,850.80
25-Feb-25 10:20:05 AM AEST,31.3,nan,nan,nan,nan,nan,nan,nan,nan,nan,nan,nan
25-Feb-25 10:21:00 AM AEST,nan,67.8,nan,nan,nan,nan,294.60,0.39,nan,3.80,298.10,849.20
25-Feb-25 10:21:10 AM AEST,31.4,nan,nan,nan,nan,nan,nan,nan,nan,nan,nan,nan
25-Feb-25 10:22:00 AM AEST,nan,68.3,24.7,nan,nan,nan,335.60,0.44,nan,4.40,334.80,857.40
25-Feb-25 10:22:15 AM AEST,31.6,nan,nan,nan,nan,nan,nan,nan,nan,nan,nan,nan
25-Feb-25 10:23:00 AM AEST,nan,68.0,25.0,nan,nan,nan,301.30,0.69,11.80,6.30,300.40,900.80
25-Feb-25 10:23:20 AM AEST,31.7,nan,nan,nan,nan,nan,nan,nan,nan,nan,nan,nan
25-Feb-25 10:24:00 AM AEST,nan,67.5,25.1,nan,nan,nan,285.20,0.63,9.50,6.10,282.60,928.20
25-Feb-25 10:24:25 AM AEST,31.8,nan,nan,nan,nan,nan,nan,nan,nan,nan,nan,nan
25-Feb-25 10:25:00 AM AEST,nan,67.3,25.0,nan,nan,nan,286.70,0.56,nan,5.50,286.60,895.00
25-Feb-25 10:25:30 AM AEST,31.9,nan,nan,nan,nan,nan,nan,nan,nan,nan,nan,nan
25-Feb-25 10:26:00 AM AEST,nan,67.7,nan,nan,nan,nan,302.80,0.49,8.30,4.80,303.10,859.20
25-Feb-25 10:26:35 AM AEST,32.0,nan,nan,nan,nan,nan,nan,nan,nan,nan,nan,nan
25-Feb-25 10:27:00 AM AEST,nan,67.5,25.1,nan,nan,nan,273.50,0.34,7.10,3.20,271.20,845.70
25-Feb-25 10:28:00 AM AEST,nan,66.3,25.2,nan,nan,nan,265.50,0.86,18.90,7.80,277.10,608.30
25-Feb-25 10:29:00 AM AEST,32.1,66.0,25.0,nan,nan,nan,325.80,0.70,10.60,5.10,319.80,712.40
25-Feb-25 10:30:00 AM AEST,nan,67.2,24.9,nan,nan,nan,309.60,0.33,7.10,2.70,302.30,709.20
25-Feb-25 10:31:00 AM AEST,32.2,nan,25.3,nan,nan,nan,318.10,0.78,11.80,7.10,319.70,648.30
25-Feb-25 10:32:00 AM AEST,nan,65.3,nan,nan,nan,nan,298.10,1.05,17.80,9.80,296.60,839.10
25-Feb-25 10:32:05 AM AEST,32.0,nan,nan,nan,nan,nan,nan,nan,nan,nan,nan,nan
25-Feb-25 10:33:00 AM AEST,nan,65.2,24.7,nan,nan,nan,314.00,1.12,20.10,9.50,318.00,809.20
25-Feb-25 10:33:10 AM AEST,31.8,nan,nan,nan,nan,nan,nan,nan,nan,nan,nan,nan
25-Feb-25 10:34:00 AM AEST,nan,65.8,24.5,nan,nan,nan,343.60,0.79,11.80,6.50,347.60,826.60
25-Feb-25 10:34:15 AM AEST,31.9,nan,nan,nan,nan,nan,nan,nan,nan,nan,nan,nan
25-Feb-25 10:35:00 AM AEST,nan,65.3,24.7,nan,nan,nan,333.90,0.88,16.60,6.90,325.90,809.20
25-Feb-25 10:36:00 AM AEST,nan,65.2,24.6,nan,nan,nan,315.60,0.78,13.00,nan,301.10,619.20
25-Feb-25 10:37:00 AM AEST,31.8,64.8,24.5,nan,nan,nan,321.40,0.80,nan,7.10,325.90,860.70
25-Feb-25 10:38:00 AM AEST,nan,64.7,24.4,nan,nan,nan,297.90,1.04,16.60,9.70,293.90,830.80
25-Feb-25 10:38:05 AM AEST,31.7,nan,nan,nan,nan,nan,nan,nan,nan,nan,nan,nan
25-Feb-25 10:39:00 AM AEST,nan,65.5,24.2,nan,nan,nan,326.20,0.85,13.00,6.50,319.30,805.70
25-Feb-25 10:39:10 AM AEST,31.8,nan,nan,nan,nan,nan,nan,nan,nan,nan,nan,nan
25-Feb-25 10:40:00 AM AEST,nan,nan,24.5,nan,nan,nan,319.70,0.62,9.50,4.90,318.60,832.50
25-Feb-25 10:41:00 AM AEST,31.9,64.7,nan,nan,nan,nan,303.50,0.57,7.10,5.50,302.20,875.00
25-Feb-25 10:42:00 AM AEST,nan,nan,24.4,nan,nan,nan,309.10,0.46,nan,4.50,309.40,746.60
25-Feb-25 10:42:05 AM AEST,32.0,nan,nan,nan,nan,nan,nan,nan,nan,nan,nan,nan
25-Feb-25 10:43:00 AM AEST,nan,65.2,24.5,nan,nan,nan,302.50,0.76,14.20,7.40,303.30,938.30
25-Feb-25 10:43:10 AM AEST,32.1,nan,nan,nan,nan,nan,nan,nan,nan,nan,nan,nan
25-Feb-25 10:44:00 AM AEST,nan,64.2,24.8,nan,nan,nan,316.20,0.84,17.80,6.30,315.10,712.40
25-Feb-25 10:45:00 AM AEST,nan,63.7,24.5,nan,nan,nan,293.90,0.88,14.20,7.70,295.20,925.00
25-Feb-25 10:46:00 AM AEST,nan,nan,24.4,nan,nan,nan,282.10,0.74,15.40,6.20,289.20,838.30
25-Feb-25 10:47:00 AM AEST,32.2,64.3,nan,nan,nan,nan,306.10,0.57,9.50,3.90,315.10,961.60
25-Feb-25 10:48:00 AM AEST,nan,64.8,24.6,nan,nan,nan,269.80,0.59,14.20,3.10,258.50,930.80
25-Feb-25 10:48:05 AM AEST,32.4,nan,nan,nan,nan,nan,nan,nan,nan,nan,nan,nan
25-Feb-25 10:49:00 AM AEST,nan,64.0,24.9,nan,nan,nan,294.80,0.96,15.40,8.60,290.00,651.60
25-Feb-25 10:49:10 AM AEST,32.3,nan,nan,nan,nan,nan,nan,nan,nan,nan,nan,nan
25-Feb-25 10:50:00 AM AEST,nan,62.7,24.6,nan,nan,nan,289.60,1.04,20.10,9.70,287.20,190.00
25-Feb-25 10:50:15 AM AEST,32.1,nan,nan,nan,nan,nan,nan,nan,nan,nan,nan,nan
25-Feb-25 10:51:00 AM AEST,nan,63.7,24.1,nan,nan,nan,320.80,1.14,18.90,10.70,316.50,217.50
25-Feb-25 10:51:20 AM AEST,31.9,nan,nan,nan,nan,nan,nan,nan,nan,nan,nan,nan
25-Feb-25 10:51:20 AM AEST,31.8,nan,nan,nan,nan,nan,nan,nan,nan,nan,nan,nan
25-Feb-25 10:52:00 AM AEST,nan,64.5,24.2,nan,nan,nan,283.60,0.86,11.80,7.50,286.40,263.30
25-Feb-25 10:53:00 AM AEST,nan,64.7,24.3,nan,nan,nan,307.90,0.83,18.90,nan,303.70,272.50
25-Feb-25 10:54:00 AM AEST,31.5,64.0,nan,nan,nan,nan,332.40,1.20,23.70,9.70,337.70,716.60
25-Feb-25 10:55:00 AM AEST,nan,nan,23.8,nan,nan,nan,7.20,1.31,16.60,11.60,7.10,496.70
25-Feb-25 10:55:05 AM AEST,31.4,nan,nan,nan,nan,nan,nan,nan,nan,nan,nan,nan
25-Feb-25 10:56:00 AM AEST,nan,63.8,23.7,nan,nan,nan,359.80,0.76,14.20,6.40,5.20,723.30
25-Feb-25 10:57:00 AM AEST,31.5,65.2,nan,nan,nan,nan,2.60,0.53,8.30,4.20,16.10,879.90
25-Feb-25 10:58:00 AM AEST,nan,65.8,24.1,nan,nan,nan,354.40,0.44,nan,3.60,350.90,850.00
25-Feb-25 10:58:05 AM AEST,31.8,nan,nan,nan,nan,nan,nan,nan,nan,nan,nan,nan
25-Feb-25 10:59:00 AM AEST,nan,65.0,24.6,nan,nan,nan,279.60,0.47,nan,4.50,282.50,836.60
25-Feb-25 11:00:00 AM AEST,31.9,65.2,24.4,nan,nan,nan,3.40,0.57,10.60,5.60,3.00,833.30
25-Feb-25 11:00:07 AM AEST,nan,nan,nan,nan,nan,0.62,nan,nan,nan,nan,nan,nan
25-Feb-25 11:01:00 AM AEST,nan,65.3,24.5,nan,nan,nan,317.50,0.53,11.80,4.40,288.20,825.00
25-Feb-25 11:01:05 AM AEST,32.1,nan,nan,nan,nan,nan,nan,nan,nan,nan,nan,nan
25-Feb-25 11:02:00 AM AEST,nan,64.0,24.7,nan,nan,nan,299.90,1.31,21.30,12.40,298.70,819.90
25-Feb-25 11:02:10 AM AEST,32.0,nan,nan,nan,nan,nan,nan,nan,nan,nan,nan,nan
25-Feb-25 11:03:00 AM AEST,nan,63.2,24.3,nan,nan,nan,318.90,0.94,16.60,7.90,314.40,820.80
25-Feb-25 11:03:15 AM AEST,31.9,nan,nan,nan,nan,nan,nan,nan,nan,nan,nan,nan
25-Feb-25 11:04:00 AM AEST,nan,63.8,24.0,nan,nan,nan,277.90,0.70,11.80,6.00,280.60,834.10
25-Feb-25 11:04:20 AM AEST,32.0,nan,nan,nan,nan,nan,nan,nan,nan,nan,nan,nan
25-Feb-25 11:05:00 AM AEST,nan,64.0,24.2,nan,nan,nan,321.70,0.96,15.40,7.20,317.10,855.80
25-Feb-25 11:05:25 AM AEST,32.1,nan,nan,nan,nan,nan,nan,nan,nan,nan,nan,nan
25-Feb-25 11:06:00 AM AEST,nan,63.7,24.3,nan,nan,nan,257.00,0.61,13.00,3.10,272.50,868.30
25-Feb-25 11:06:30 AM AEST,32.0,nan,nan,nan,nan,nan,nan,nan,nan,nan,nan,nan
25-Feb-25 11:07:00 AM AEST,nan,nan,nan,nan,nan,nan,321.30,1.12,16.60,7.40,321.00,904.10
25-Feb-25 11:07:35 AM AEST,31.9,nan,nan,nan,nan,nan,nan,nan,nan,nan,nan,nan
25-Feb-25 11:08:00 AM AEST,nan,63.0,24.2,nan,nan,nan,304.30,1.33,23.70,11.80,306.00,830.00
25-Feb-25 11:09:00 AM AEST,nan,62.5,24.0,nan,nan,nan,327.50,1.41,30.80,13.00,331.80,937.40
25-Feb-25 11:10:00 AM AEST,nan,63.2,23.8,nan,nan,nan,299.30,0.97,17.80,8.60,301.90,928.30
25-Feb-25 11:11:00 AM AEST,nan,63.0,24.0,nan,nan,nan,286.20,1.01,18.90,9.20,284.60,903.30
25-Feb-25 11:12:00 AM AEST,nan,63.2,nan,nan,nan,nan,309.60,1.14,26.00,8.50,315.20,561.60
25-Feb-25 11:13:00 AM AEST,nan,62.8,nan,nan,nan,nan,272.90,0.93,14.20,6.50,276.90,820.00
25-Feb-25 11:14:00 AM AEST,nan,63.5,23.9,nan,nan,nan,331.10,1.27,22.50,12.00,332.20,875.70
25-Feb-25 11:15:00 AM AEST,nan,63.3,24.1,nan,nan,nan,304.30,0.93,17.80,8.10,316.60,831.70
25-Feb-25 11:16:00 AM AEST,32.1,64.0,nan,nan,nan,nan,243.70,0.33,7.10,3.10,237.90,660.00
25-Feb-25 11:17:00 AM AEST,nan,64.3,24.4,nan,nan,nan,282.00,0.46,8.30,4.00,288.90,870.70
25-Feb-25 11:17:05 AM AEST,32.2,nan,nan,nan,nan,nan,nan,nan,nan,nan,nan,nan
25-Feb-25 11:18:00 AM AEST,nan,64.5,24.6,nan,nan,nan,323.90,0.85,15.40,6.20,317.10,599.20
25-Feb-25 11:18:10 AM AEST,32.3,nan,nan,nan,nan,nan,nan,nan,nan,nan,nan,nan
25-Feb-25 11:19:00 AM AEST,nan,64.3,24.7,nan,nan,nan,307.50,0.82,14.20,6.30,310.00,820.70
25-Feb-25 11:20:00 AM AEST,nan,64.2,nan,nan,nan,nan,268.60,0.60,10.60,1.80,269.50,919.20
25-Feb-25 11:21:00 AM AEST,32.4,nan,nan,nan,nan,nan,201.10,0.70,nan,4.30,211.50,905.80
25-Feb-25 11:22:00 AM AEST,nan,64.0,nan,nan,nan,nan,278.70,0.85,11.80,7.50,279.40,909.10
25-Feb-25 11:23:00 AM AEST,nan,64.2,nan,nan,nan,nan,346.10,0.88,16.60,8.10,346.50,928.30
25-Feb-25 11:24:00 AM AEST,32.5,63.7,nan,nan,nan,nan,311.10,0.78,14.20,5.60,303.30,853.30
25-Feb-25 11:25:00 AM AEST,nan,62.0,nan,nan,nan,nan,270.00,0.96,11.80,7.50,269.80,978.20
25-Feb-25 11:25:05 AM AEST,32.4,nan,nan,nan,nan,nan,nan,nan,nan,nan,nan,nan
25-Feb-25 11:26:00 AM AEST,nan,nan,24.2,nan,nan,nan,277.50,0.93,17.80,8.30,270.10,981.70
25-Feb-25 11:26:10 AM AEST,32.3,nan,nan,nan,nan,nan,nan,nan,nan,nan,nan,nan
25-Feb-25 11:27:00 AM AEST,nan,63.3,24.1,nan,nan,nan,322.60,0.49,7.10,4.60,325.20,474.90
25-Feb-25 11:27:15 AM AEST,32.5,nan,nan,nan,nan,nan,nan,nan,nan,nan,nan,nan
25-Feb-25 11:28:00 AM AEST,nan,63.0,24.6,nan,nan,nan,354.70,0.76,10.60,7.10,358.80,858.30
25-Feb-25 11:28:20 AM AEST,32.6,nan,nan,nan,nan,nan,nan,nan,nan,nan,nan,nan
25-Feb-25 11:29:00 AM AEST,nan,63.8,nan,nan,nan,nan,341.80,0.72,11.80,6.30,346.80,497.50
25-Feb-25 11:30:00 AM AEST,nan,63.5,24.8,nan,nan,nan,306.70,0.54,9.50,4.60,306.30,192.50
25-Feb-25 11:31:00 AM AEST,nan,62.5,nan,nan,nan,nan,304.60,0.70,14.20,6.20,299.60,875.80
25-Feb-25 11:32:00 AM AEST,32.4,60.7,24.5,nan,nan,nan,286.70,1.27,18.90,11.90,287.80,914.90
25-Feb-25 11:33:00 AM AEST,nan,60.8,23.8,nan,nan,nan,306.10,1.20,22.50,9.40,307.10,875.00
25-Feb-25 11:33:05 AM AEST,32.3,nan,nan,nan,nan,nan,nan,nan,nan,nan,nan,nan
25-Feb-25 11:34:00 AM AEST,nan,61.0,23.7,nan,nan,nan,301.80,1.34,27.20,12.40,304.60,777.50
25-Feb-25 11:34:10 AM AEST,32.2,nan,nan,nan,nan,nan,nan,nan,nan,nan,nan,nan
25-Feb-25 11:35:00 AM AEST,nan,60.5,nan,nan,nan,nan,311.00,1.11,16.60,10.30,313.60,828.20
25-Feb-25 11:35:15 AM AEST,32.1,nan,nan,nan,nan,nan,nan,nan,nan,nan,nan,nan
25-Feb-25 11:36:00 AM AEST,nan,60.7,23.5,nan,nan,nan,315.30,1.09,21.30,10.20,316.20,804.20
25-Feb-25 11:37:00 AM AEST,nan,59.7,nan,nan,nan,nan,311.70,1.58,22.50,14.30,311.60,844.90
25-Feb-25 11:38:00 AM AEST,nan,59.8,23.2,nan,nan,nan,300.50,1.24,16.60,11.00,301.50,919.20
25-Feb-25 11:39:00 AM AEST,32.2,60.5,23.3,nan,nan,nan,316.20,0.62,11.80,5.80,312.00,916.70
25-Feb-25 11:40:00 AM AEST,nan,60.3,23.5,nan,nan,nan,325.60,1.24,18.90,10.60,326.30,910.70
25-Feb-25 11:41:00 AM AEST,32.3,60.8,23.6,nan,nan,nan,281.60,1.06,17.80,8.90,288.40,895.00
25-Feb-25 11:42:00 AM AEST,nan,nan,23.7,nan,nan,nan,339.70,0.67,9.50,6.20,336.00,891.60
25-Feb-25 11:43:00 AM AEST,32.4,61.3,nan,nan,nan,nan,316.40,0.66,11.80,3.80,312.60,588.30
25-Feb-25 11:44:00 AM AEST,nan,62.0,24.0,nan,nan,nan,315.80,0.90,18.90,7.80,320.90,920.80
25-Feb-25 11:44:05 AM AEST,32.5,nan,nan,nan,nan,nan,nan,nan,nan,nan,nan,nan
25-Feb-25 11:45:00 AM AEST,nan,61.3,24.2,nan,nan,nan,332.10,0.96,14.20,8.10,328.70,914.10
25-Feb-25 11:45:10 AM AEST,32.4,nan,nan,nan,nan,nan,nan,nan,nan,nan,nan,nan
25-Feb-25 11:46:00 AM AEST,nan,61.8,24.0,nan,nan,nan,331.50,0.93,15.40,8.50,333.60,909.20
25-Feb-25 11:47:00 AM AEST,32.3,61.5,24.1,nan,nan,nan,306.00,0.92,13.00,8.90,305.90,897.40
25-Feb-25 11:48:00 AM AEST,nan,nan,23.9,nan,nan,nan,258.50,1.07,21.30,8.30,254.30,955.80
25-Feb-25 11:49:00 AM AEST,nan,61.8,24.0,nan,nan,nan,290.00,0.94,13.00,6.70,296.30,734.20
25-Feb-25 11:50:00 AM AEST,nan,62.2,nan,nan,nan,nan,337.40,0.83,11.80,5.80,333.50,342.40
25-Feb-25 11:51:00 AM AEST,32.2,61.5,24.1,nan,nan,nan,282.40,0.97,15.40,8.60,278.50,318.30
25-Feb-25 11:52:00 AM AEST,nan,62.3,23.9,nan,nan,nan,307.50,0.96,16.60,8.50,312.00,947.40
25-Feb-25 11:52:05 AM AEST,32.1,nan,nan,nan,nan,nan,nan,nan,nan,nan,nan,nan
25-Feb-25 11:53:00 AM AEST,nan,62.8,24.0,nan,nan,nan,313.10,0.92,15.40,8.40,313.70,449.20
25-Feb-25 11:54:00 AM AEST,nan,62.5,24.1,nan,nan,nan,324.30,nan,16.60,6.80,317.50,480.00
25-Feb-25 11:55:00 AM AEST,32.0,62.7,nan,nan,nan,nan,317.50,0.76,13.00,4.10,324.10,799.90
25-Feb-25 11:56:00 AM AEST,nan,63.2,24.0,nan,nan,nan,320.50,0.66,15.40,6.00,316.00,1018.30
25-Feb-25 11:56:05 AM AEST,32.1,nan,nan,nan,nan,nan,nan,nan,nan,nan,nan,nan
25-Feb-25 11:57:00 AM AEST,nan,63.8,24.2,nan,nan,nan,294.50,0.70,11.80,5.40,298.00,579.10
25-Feb-25 11:57:10 AM AEST,32.2,nan,nan,nan,nan,nan,nan,nan,nan,nan,nan,nan
25-Feb-25 11:58:00 AM AEST,nan,63.7,24.5,nan,nan,nan,273.30,0.96,16.60,8.30,275.30,426.70
25-Feb-25 11:58:15 AM AEST,32.1,nan,nan,nan,nan,nan,nan,nan,nan,nan,nan,nan
25-Feb-25 11:59:00 AM AEST,nan,62.7,24.4,nan,nan,nan,261.00,1.12,20.10,9.60,264.50,696.70
25-Feb-25 12:00:00 PM AEST,32.0,63.0,24.1,nan,nan,nan,304.00,0.92,16.60,8.50,301.20,919.90
25-Feb-25 12:00:08 PM AEST,nan,nan,nan,nan,nan,0.64,nan,nan,nan,nan,nan,nan
25-Feb-25 12:01:00 PM AEST,nan,64.2,nan,nan,nan,nan,317.30,0.54,9.50,4.00,330.00,489.20
25-Feb-25 12:01:05 PM AEST,32.1,nan,nan,nan,nan,nan,nan,nan,nan,nan,nan,nan
25-Feb-25 12:02:00 PM AEST,nan,63.5,24.5,nan,nan,nan,331.50,0.82,15.40,6.10,325.00,453.30
25-Feb-25 12:02:10 PM AEST,32.2,nan,nan,nan,nan,nan,nan,nan,nan,nan,nan,nan
25-Feb-25 12:03:00 PM AEST,nan,62.5,24.4,nan,nan,nan,0.90,1.05,21.30,8.80,352.20,790.00
25-Feb-25 12:03:15 PM AEST,32.1,nan,nan,nan,nan,nan,nan,nan,nan,nan,nan,nan
25-Feb-25 12:04:00 PM AEST,nan,nan,24.1,nan,nan,nan,297.70,1.03,18.90,8.00,297.80,771.70
25-Feb-25 12:05:00 PM AEST,nan,nan,nan,nan,nan,nan,344.00,0.85,16.60,7.90,342.20,529.10
25-Feb-25 12:06:00 PM AEST,nan,63.2,24.0,nan,nan,nan,324.20,0.56,8.30,4.80,321.90,557.50
25-Feb-25 12:07:00 PM AEST,32.2,63.0,24.2,nan,nan,nan,319.70,1.03,18.90,8.20,322.00,1035.70
25-Feb-25 12:08:00 PM AEST,nan,63.8,nan,nan,nan,nan,317.40,0.97,21.30,6.40,316.70,446.70
25-Feb-25 12:09:00 PM AEST,32.1,62.8,24.4,nan,nan,nan,331.30,0.93,17.80,7.20,313.80,444.90
25-Feb-25 12:10:00 PM AEST,nan,63.2,24.1,nan,nan,nan,347.80,0.54,9.50,4.80,338.30,765.80
25-Feb-25 12:10:05 PM AEST,32.2,nan,nan,nan,nan,nan,nan,nan,nan,nan,nan,nan
25-Feb-25 12:11:00 PM AEST,nan,64.2,24.3,nan,nan,nan,266.90,0.69,10.60,6.60,264.00,1010.80
25-Feb-25 12:12:00 PM AEST,32.3,64.0,24.6,nan,nan,nan,302.80,0.51,7.10,4.30,302.30,980.70
25-Feb-25 12:13:00 PM AEST,nan,nan,nan,nan,nan,nan,297.60,1.24,24.90,9.60,285.60,665.00
25-Feb-25 12:14:00 PM AEST,32.2,63.8,nan,nan,nan,nan,305.20,0.86,14.20,7.90,306.50,965.00
25-Feb-25 12:15:00 PM AEST,nan,64.2,24.5,nan,nan,nan,306.40,0.85,15.40,7.60,305.00,956.60
25-Feb-25 12:16:00 PM AEST,32.3,nan,24.6,nan,nan,nan,321.00,0.57,13.00,5.30,317.70,912.50
25-Feb-25 12:17:00 PM AEST,nan,64.5,24.7,nan,nan,nan,292.80,0.53,10.60,4.80,297.80,916.60
25-Feb-25 12:17:05 PM AEST,32.4,nan,nan,nan,nan,nan,nan,nan,nan,nan,nan,nan
25-Feb-25 12:18:00 PM AEST,nan,64.0,24.8,nan,nan,nan,284.50,0.75,16.60,6.90,289.70,900.00
25-Feb-25 12:18:10 PM AEST,32.5,nan,nan,nan,nan,nan,nan,nan,nan,nan,nan,nan
25-Feb-25 12:19:00 PM AEST,nan,63.3,nan,nan,nan,nan,284.10,0.70,11.80,6.60,285.10,905.00
25-Feb-25 12:19:15 PM AEST,32.4,nan,nan,nan,nan,nan,nan,nan,nan,nan,nan,nan
25-Feb-25 12:20:00 PM AEST,nan,64.2,24.6,nan,nan,nan,267.60,0.45,9.50,3.50,284.40,908.20
25-Feb-25 12:20:20 PM AEST,32.5,nan,nan,nan,nan,nan,nan,nan,nan,nan,nan,nan
25-Feb-25 12:21:00 PM AEST,nan,63.5,24.9,nan,nan,nan,255.00,0.64,11.80,2.30,263.80,905.80
25-Feb-25 12:21:25 PM AEST,32.6,nan,nan,nan,nan,nan,nan,nan,nan,nan,nan,nan
25-Feb-25 12:22:00 PM AEST,nan,63.3,24.8,nan,nan,nan,289.30,1.03,17.80,8.50,293.50,908.20
25-Feb-25 12:23:00 PM AEST,32.5,63.0,24.7,nan,nan,nan,293.20,1.02,15.40,8.90,289.00,755.00
25-Feb-25 12:24:00 PM AEST,nan,62.7,24.5,nan,nan,nan,310.80,0.88,nan,7.60,313.40,896.70
25-Feb-25 12:24:05 PM AEST,32.4,nan,nan,nan,nan,nan,nan,nan,nan,nan,nan,nan
25-Feb-25 12:25:00 PM AEST,nan,nan,24.4,nan,nan,nan,294.50,0.75,16.60,7.20,291.40,887.40
25-Feb-25 12:25:10 PM AEST,32.5,nan,nan,nan,nan,nan,nan,nan,nan,nan,nan,nan
25-Feb-25 12:26:00 PM AEST,nan,63.3,nan,nan,nan,nan,286.80,0.55,11.80,4.10,282.80,887.50
25-Feb-25 12:26:15 PM AEST,32.6,nan,nan,nan,nan,nan,nan,nan,nan,nan,nan,nan
25-Feb-25 12:27:00 PM AEST,nan,nan,24.7,nan,nan,nan,320.20,1.26,21.30,10.70,320.50,889.10
25-Feb-25 12:27:20 PM AEST,32.5,nan,nan,nan,nan,nan,nan,nan,nan,nan,nan,nan
25-Feb-25 12:28:00 PM AEST,nan,62.0,nan,nan,nan,nan,295.90,0.94,14.20,7.90,297.80,884.20
25-Feb-25 12:29:00 PM AEST,nan,61.2,24.3,nan,nan,nan,309.60,0.89,15.40,7.20,309.10,885.80
25-Feb-25 12:30:00 PM AEST,nan,60.7,24.1,nan,nan,nan,288.30,0.98,17.80,8.50,290.80,560.80
25-Feb-25 12:31:00 PM AEST,32.4,60.0,23.9,nan,nan,nan,328.70,1.02,13.00,7.70,329.40,893.30
25-Feb-25 12:32:00 PM AEST,nan,60.7,23.7,nan,nan,nan,345.20,0.65,10.60,5.30,340.50,886.60
25-Feb-25 12:32:05 PM AEST,32.5,nan,nan,nan,nan,nan,nan,nan,nan,nan,nan,nan
25-Feb-25 12:33:00 PM AEST,nan,61.7,23.9,nan,nan,nan,287.10,0.62,9.50,3.50,285.30,885.80
25-Feb-25 12:33:10 PM AEST,32.7,nan,nan,nan,nan,nan,nan,nan,nan,nan,nan,nan
25-Feb-25 12:34:00 PM AEST,nan,61.2,24.3,nan,nan,nan,302.40,0.75,11.80,4.50,309.20,897.50
25-Feb-25 12:35:00 PM AEST,nan,60.0,24.2,nan,nan,nan,310.00,0.65,10.60,5.20,320.60,909.90
25-Feb-25 12:36:00 PM AEST,32.8,60.8,23.9,nan,nan,nan,312.40,0.46,9.50,4.40,310.30,890.80
25-Feb-25 12:37:00 PM AEST,nan,61.2,24.2,nan,nan,nan,300.50,0.57,8.30,5.40,301.40,877.50
25-Feb-25 12:37:05 PM AEST,32.9,nan,nan,nan,nan,nan,nan,nan,nan,nan,nan,nan
25-Feb-25 12:38:00 PM AEST,nan,61.0,24.4,nan,nan,nan,314.00,0.80,14.20,7.80,315.20,867.40
25-Feb-25 12:38:10 PM AEST,33.0,nan,nan,nan,nan,nan,nan,nan,nan,nan,nan,nan
25-Feb-25 12:39:00 PM AEST,nan,nan,nan,nan,nan,nan,301.40,0.49,7.10,4.60,299.50,870.00
25-Feb-25 12:40:00 PM AEST,nan,61.2,24.5,nan,nan,nan,296.00,0.84,11.80,7.80,296.10,874.90
25-Feb-25 12:41:00 PM AEST,nan,61.0,nan,nan,nan,nan,293.20,0.63,9.50,4.90,288.80,880.00
25-Feb-25 12:42:00 PM AEST,nan,60.7,nan,nan,nan,nan,272.10,1.09,18.90,9.50,275.30,884.20
25-Feb-25 12:43:00 PM AEST,32.8,60.5,24.3,nan,nan,nan,290.00,0.79,15.40,5.00,277.20,890.70
25-Feb-25 12:44:00 PM AEST,nan,60.2,24.2,nan,nan,nan,316.50,0.95,nan,7.90,310.50,880.00
25-Feb-25 12:45:00 PM AEST,32.9,61.5,24.0,nan,nan,nan,41.40,0.60,10.60,3.30,43.60,876.60
25-Feb-25 12:46:00 PM AEST,nan,60.7,24.5,nan,nan,nan,289.10,0.96,13.00,7.60,289.80,876.70
25-Feb-25 12:47:00 PM AEST,32.8,nan,24.3,nan,nan,nan,282.80,0.75,14.20,7.10,283.10,875.80
25-Feb-25 12:48:00 PM AEST,nan,61.5,24.2,nan,nan,nan,286.90,0.26,4.70,2.60,287.00,873.20
25-Feb-25 12:48:05 PM AEST,33.0,nan,nan,nan,nan,nan,nan,nan,nan,nan,nan,nan
25-Feb-25 12:49:00 PM AEST,nan,61.3,24.6,nan,nan,nan,278.20,1.01,15.40,9.00,278.30,879.20
25-Feb-25 12:50:00 PM AEST,32.9,60.5,nan,nan,nan,nan,324.20,1.25,16.60,11.90,326.60,879.10
25-Feb-25 12:51:00 PM AEST,nan,60.8,24.2,nan,nan,nan,304.10,0.88,14.20,8.10,306.90,876.70
25-Feb-25 12:51:05 PM AEST,32.8,nan,nan,nan,nan,nan,nan,nan,nan,nan,nan,nan
25-Feb-25 12:52:00 PM AEST,nan,61.5,nan,nan,nan,nan,300.80,0.69,18.90,6.80,302.70,877.50
25-Feb-25 12:52:10 PM AEST,32.9,nan,nan,nan,nan,nan,nan,nan,nan,nan,nan,nan
25-Feb-25 12:53:00 PM AEST,nan,60.8,24.5,nan,nan,nan,310.30,1.22,20.10,11.40,309.50,880.70
25-Feb-25 12:53:15 PM AEST,32.8,nan,nan,nan,nan,nan,nan,nan,nan,nan,nan,nan
25-Feb-25 12:54:00 PM AEST,nan,60.3,24.3,nan,nan,nan,315.90,1.18,21.30,10.20,314.90,885.80
25-Feb-25 12:54:20 PM AEST,32.7,nan,nan,nan,nan,nan,nan,nan,nan,nan,nan,nan
25-Feb-25 12:55:00 PM AEST,nan,60.8,24.0,nan,nan,nan,306.30,0.91,13.00,8.20,305.60,888.20
25-Feb-25 12:55:25 PM AEST,32.8,nan,nan,nan,nan,nan,nan,nan,nan,nan,nan,nan
25-Feb-25 12:56:00 PM AEST,nan,61.7,24.1,nan,nan,nan,328.00,0.85,14.20,8.30,330.10,890.80
25-Feb-25 12:56:30 PM AEST,32.9,nan,nan,nan,nan,nan,nan,nan,nan,nan,nan,nan
25-Feb-25 12:57:00 PM AEST,nan,62.7,24.5,nan,nan,nan,290.00,0.82,10.60,7.70,292.00,882.50
25-Feb-25 12:57:35 PM AEST,32.8,nan,nan,nan,nan,nan,nan,nan,nan,nan,nan,nan
25-Feb-25 12:58:00 PM AEST,nan,61.5,24.8,nan,nan,nan,316.30,1.00,13.00,7.80,315.40,889.90
25-Feb-25 12:58:40 PM AEST,32.9,nan,nan,nan,nan,nan,nan,nan,nan,nan,nan,nan
25-Feb-25 12:59:00 PM AEST,nan,62.5,24.4,nan,nan,nan,314.30,0.63,10.60,5.80,315.70,916.70
25-Feb-25 12:59:45 PM AEST,33.0,nan,nan,nan,nan,nan,nan,nan,nan,nan,nan,nan
25-Feb-25 1:00:00 PM AEST,nan,62.7,24.7,nan,nan,nan,301.60,0.57,9.50,4.80,308.30,942.40
25-Feb-25 1:00:09 PM AEST,nan,nan,nan,nan,nan,0.65,nan,nan,nan,nan,nan,nan
25-Feb-25 1:00:50 PM AEST,33.1,nan,nan,nan,nan,nan,nan,nan,nan,nan,nan,nan
25-Feb-25 1:01:00 PM AEST,nan,nan,24.9,nan,nan,nan,299.00,0.86,17.80,8.30,299.20,927.50
25-Feb-25 1:02:00 PM AEST,nan,61.0,25.0,nan,nan,nan,305.80,0.92,15.40,6.20,305.00,920.00
25-Feb-25 1:03:00 PM AEST,nan,61.2,24.5,nan,nan,nan,321.00,1.00,nan,7.80,320.60,911.60
25-Feb-25 1:04:00 PM AEST,nan,60.2,24.6,nan,nan,nan,325.20,1.02,14.20,8.60,327.40,900.00
25-Feb-25 1:05:00 PM AEST,33.0,60.5,24.3,nan,nan,nan,288.70,0.80,nan,7.70,289.60,863.20
25-Feb-25 1:06:00 PM AEST,nan,60.3,nan,nan,nan,nan,298.60,1.12,21.30,10.10,291.00,786.70
25-Feb-25 1:07:00 PM AEST,32.9,59.8,nan,nan,nan,nan,276.00,0.90,14.20,7.50,280.80,889.20
25-Feb-25 1:08:00 PM AEST,nan,60.2,24.0,nan,nan,nan,277.30,1.18,21.30,10.70,276.50,879.10
25-Feb-25 1:08:05 PM AEST,32.8,nan,nan,nan,nan,nan,nan,nan,nan,nan,nan,nan
25-Feb-25 1:09:00 PM AEST,nan,59.8,24.1,nan,nan,nan,259.80,0.90,17.80,8.60,260.30,877.50
25-Feb-25 1:10:00 PM AEST,32.9,61.5,24.0,nan,nan,nan,313.50,0.78,13.00,6.90,313.30,873.20
25-Feb-25 1:11:00 PM AEST,nan,61.2,24.5,nan,nan,nan,317.30,1.20,17.80,11.70,317.40,879.20
25-Feb-25 1:12:00 PM AEST,33.0,62.2,24.4,nan,nan,nan,277.00,0.69,9.50,4.20,286.80,884.20
25-Feb-25 1:13:00 PM AEST,nan,61.8,24.8,nan,nan,nan,326.00,1.14,23.70,9.50,320.60,879.90
25-Feb-25 1:14:00 PM AEST,nan,nan,24.7,nan,nan,nan,298.60,0.57,7.10,5.10,297.20,877.50
25-Feb-25 1:15:00 PM AEST,33.2,62.8,nan,nan,nan,nan,293.80,0.69,14.20,6.40,290.90,875.70
25-Feb-25 1:16:00 PM AEST,nan,61.7,25.1,nan,nan,nan,288.00,1.00,nan,8.80,289.00,875.00
25-Feb-25 1:16:05 PM AEST,33.1,nan,nan,nan,nan,nan,nan,nan,nan,nan,nan,nan
25-Feb-25 1:17:00 PM AEST,nan,61.0,24.7,nan,nan,nan,287.50,1.09,16.60,10.20,287.10,902.50
25-Feb-25 1:17:10 PM AEST,32.9,nan,nan,nan,nan,nan,nan,nan,nan,nan,nan,nan
25-Feb-25 1:18:00 PM AEST,nan,61.5,24.4,nan,nan,nan,310.60,1.03,17.80,9.70,309.50,911.60
25-Feb-25 1:19:00 PM AEST,32.8,61.3,24.5,nan,nan,nan,312.80,0.88,14.20,8.10,312.20,593.30
25-Feb-25 1:20:00 PM AEST,nan,61.2,24.4,nan,nan,nan,324.00,0.82,17.80,5.40,311.40,907.50
25-Feb-25 1:20:05 PM AEST,32.9,nan,nan,nan,nan,nan,nan,nan,nan,nan,nan,nan
25-Feb-25 1:21:00 PM AEST,nan,nan,nan,nan,nan,nan,314.80,1.24,21.30,10.20,312.80,901.60
25-Feb-25 1:22:00 PM AEST,nan,61.7,nan,nan,nan,nan,323.80,0.73,13.00,6.80,324.60,882.50
25-Feb-25 1:23:00 PM AEST,33.0,62.2,24.5,nan,nan,nan,304.60,0.76,nan,7.10,298.60,865.70
25-Feb-25 1:24:00 PM AEST,nan,61.2,24.8,nan,nan,nan,284.50,1.41,23.70,12.40,285.80,850.80
25-Feb-25 1:24:05 PM AEST,32.9,nan,nan,nan,nan,nan,nan,nan,nan,nan,nan,nan
25-Feb-25 1:25:00 PM AEST,nan,61.8,24.4,nan,nan,nan,298.30,0.96,15.40,6.90,303.20,863.30
25-Feb-25 1:25:10 PM AEST,32.8,nan,nan,nan,nan,nan,nan,nan,nan,nan,nan,nan
25-Feb-25 1:26:00 PM AEST,nan,63.2,24.5,nan,nan,nan,291.90,0.68,10.60,5.90,295.40,868.20
25-Feb-25 1:26:15 PM AEST,32.9,nan,nan,nan,nan,nan,nan,nan,nan,nan,nan,nan
25-Feb-25 1:27:00 PM AEST,nan,61.7,25.0,nan,nan,nan,312.80,0.97,16.60,9.50,315.00,864.20
25-Feb-25 1:28:00 PM AEST,33.0,61.8,24.6,nan,nan,nan,290.60,0.59,13.00,5.60,296.40,868.20
25-Feb-25 1:29:00 PM AEST,nan,62.8,24.7,nan,nan,nan,296.60,0.48,11.80,4.60,292.40,876.70
25-Feb-25 1:30:00 PM AEST,33.3,63.7,25.0,nan,nan,nan,318.10,0.70,14.20,5.00,332.40,384.20
25-Feb-25 1:31:00 PM AEST,nan,62.5,25.4,nan,nan,nan,251.70,0.86,11.80,6.60,251.50,588.30
25-Feb-25 1:31:05 PM AEST,33.1,nan,nan,nan,nan,nan,nan,nan,nan,nan,nan,nan
25-Feb-25 1:32:00 PM AEST,nan,62.7,25.0,nan,nan,nan,293.40,0.58,10.60,5.10,290.70,917.50
25-Feb-25 1:33:00 PM AEST,nan,62.5,nan,nan,nan,nan,299.40,0.88,13.00,7.70,300.50,913.20
25-Feb-25 1:34:00 PM AEST,nan,62.7,nan,nan,nan,nan,254.20,0.79,11.80,5.40,263.20,903.30
25-Feb-25 1:35:00 PM AEST,nan,62.8,nan,nan,nan,nan,257.70,0.81,14.20,5.90,254.30,916.70
25-Feb-25 1:36:00 PM AEST,nan,62.3,25.1,nan,nan,nan,310.40,0.69,9.50,6.30,310.30,509.10
25-Feb-25 1:37:00 PM AEST,33.2,63.0,24.9,nan,nan,nan,302.50,0.72,13.00,5.40,296.60,650.00
25-Feb-25 1:38:00 PM AEST,nan,62.2,25.2,nan,nan,nan,308.90,1.08,14.20,10.00,308.60,319.90
25-Feb-25 1:38:05 PM AEST,33.0,nan,nan,nan,nan,nan,nan,nan,nan,nan,nan,nan
25-Feb-25 1:39:00 PM AEST,nan,61.8,24.8,nan,nan,nan,331.30,0.91,15.40,7.60,326.10,158.30
25-Feb-25 1:39:10 PM AEST,32.9,nan,nan,nan,nan,nan,nan,nan,nan,nan,nan,nan
25-Feb-25 1:40:00 PM AEST,nan,nan,24.6,nan,nan,nan,352.70,0.74,13.00,6.30,350.80,540.80
25-Feb-25 1:40:15 PM AEST,32.8,nan,nan,nan,nan,nan,nan,nan,nan,nan,nan,nan
25-Feb-25 1:41:00 PM AEST,nan,nan,24.5,nan,nan,nan,337.00,0.95,15.40,9.10,337.10,733.20
25-Feb-25 1:42:00 PM AEST,32.7,61.7,nan,nan,nan,nan,349.80,0.62,10.60,5.70,349.90,906.70
25-Feb-25 1:43:00 PM AEST,nan,62.2,24.3,nan,nan,nan,11.30,0.74,nan,4.20,8.80,933.20
25-Feb-25 1:44:00 PM AEST,nan,61.7,24.5,nan,nan,nan,351.30,0.69,11.80,6.30,351.70,953.30
25-Feb-25 1:45:00 PM AEST,32.8,62.2,24.3,nan,nan,nan,7.50,0.75,13.00,6.50,12.30,921.70
25-Feb-25 1:46:00 PM AEST,nan,62.8,24.6,nan,nan,nan,359.80,0.51,9.50,4.90,0.50,902.40
25-Feb-25 1:46:05 PM AEST,32.9,nan,nan,nan,nan,nan,nan,nan,nan,nan,nan,nan
25-Feb-25 1:47:00 PM AEST,nan,62.3,24.8,nan,nan,nan,353.60,0.82,11.80,6.90,350.50,904.20
25-Feb-25 1:47:10 PM AEST,33.0,nan,nan,nan,nan,nan,nan,nan,nan,nan,nan,nan
25-Feb-25 1:48:00 PM AEST,nan,61.8,nan,nan,nan,nan,351.30,0.85,17.80,3.90,8.10,929.10
25-Feb-25 1:49:00 PM AEST,nan,60.7,24.7,nan,nan,nan,313.80,0.89,nan,7.80,315.10,953.30
25-Feb-25 1:50:00 PM AEST,33.1,59.5,24.4,nan,nan,nan,316.70,nan,nan,8.40,317.80,963.30
25-Feb-25 1:51:00 PM AEST,nan,59.0,24.1,nan,nan,nan,285.90,0.83,13.00,7.30,283.90,857.40
25-Feb-25 1:52:00 PM AEST,33.2,59.2,24.0,nan,nan,nan,311.90,0.74,17.80,6.90,308.60,915.00
25-Feb-25 1:53:00 PM AEST,nan,59.0,24.1,nan,nan,nan,337.00,0.57,14.20,4.00,318.40,898.20
25-Feb-25 1:53:05 PM AEST,33.3,nan,nan,nan,nan,nan,nan,nan,nan,nan,nan,nan
25-Feb-25 1:54:00 PM AEST,nan,59.3,24.2,nan,nan,nan,309.70,0.67,11.80,6.20,300.00,836.70
25-Feb-25 1:54:10 PM AEST,33.5,nan,nan,nan,nan,nan,nan,nan,nan,nan,nan,nan
25-Feb-25 1:55:00 PM AEST,nan,57.8,24.4,nan,nan,nan,330.20,1.23,17.80,10.10,329.30,795.00
25-Feb-25 1:55:15 PM AEST,33.4,nan,nan,nan,nan,nan,nan,nan,nan,nan,nan,nan
25-Feb-25 1:56:00 PM AEST,nan,58.3,23.9,nan,nan,nan,311.60,1.24,30.80,11.40,316.20,892.40
25-Feb-25 1:56:20 PM AEST,33.3,nan,nan,nan,nan,nan,nan,nan,nan,nan,nan,nan
25-Feb-25 1:56:20 PM AEST,33.2,nan,nan,nan,nan,nan,nan,nan,nan,nan,nan,nan
25-Feb-25 1:57:00 PM AEST,nan,58.0,24.0,nan,nan,nan,306.90,0.89,14.20,5.50,308.30,907.50
25-Feb-25 1:57:25 PM AEST,33.3,nan,nan,nan,nan,nan,nan,nan,nan,nan,nan,nan
25-Feb-25 1:58:00 PM AEST,nan,58.2,23.8,nan,nan,nan,335.10,0.85,15.40,6.80,329.40,746.60
25-Feb-25 1:58:30 PM AEST,33.2,nan,nan,nan,nan,nan,nan,nan,nan,nan,nan,nan
25-Feb-25 1:59:00 PM AEST,nan,nan,23.9,nan,nan,nan,290.40,0.66,13.00,6.10,291.10,861.70
25-Feb-25 2:00:00 PM AEST,33.4,58.7,nan,nan,nan,nan,297.70,0.62,10.60,nan,298.60,801.70
25-Feb-25 2:00:10 PM AEST,nan,nan,nan,nan,nan,0.50,nan,nan,nan,nan,nan,nan
25-Feb-25 2:01:00 PM AEST,nan,60.0,24.2,nan,nan,nan,352.70,0.54,9.50,4.10,358.90,866.60
25-Feb-25 2:01:05 PM AEST,33.6,nan,nan,nan,nan,nan,nan,nan,nan,nan,nan,nan
25-Feb-25 2:02:00 PM AEST,nan,58.8,24.7,nan,nan,nan,333.10,0.89,17.80,8.60,334.70,850.00
25-Feb-25 2:03:00 PM AEST,33.7,59.7,24.4,nan,nan,nan,288.70,0.57,10.60,1.70,257.50,847.40
25-Feb-25 2:04:00 PM AEST,nan,60.0,24.7,nan,nan,nan,330.20,0.62,nan,5.80,329.40,805.00
25-Feb-25 2:04:05 PM AEST,33.8,nan,nan,nan,nan,nan,nan,nan,nan,nan,nan,nan
25-Feb-25 2:05:00 PM AEST,nan,60.5,24.9,nan,nan,nan,298.30,nan,nan,4.90,307.00,706.70
25-Feb-25 2:05:10 PM AEST,34.0,nan,nan,nan,nan,nan,nan,nan,nan,nan,nan,nan
25-Feb-25 2:06:00 PM AEST,nan,59.5,25.2,nan,nan,nan,310.30,0.64,13.00,5.80,301.10,844.90
25-Feb-25 2:06:15 PM AEST,33.9,nan,nan,nan,nan,nan,nan,nan,nan,nan,nan,nan
25-Feb-25 2:07:00 PM AEST,nan,58.5,24.9,nan,nan,nan,275.70,0.61,10.60,5.60,277.30,849.20
25-Feb-25 2:07:20 PM AEST,34.0,nan,nan,nan,nan,nan,nan,nan,nan,nan,nan,nan
25-Feb-25 2:08:00 PM AEST,nan,59.2,24.6,nan,nan,nan,289.20,0.38,7.10,3.80,288.50,852.40
25-Feb-25 2:09:00 PM AEST,nan,nan,24.9,nan,nan,nan,316.70,0.66,10.60,6.20,318.10,868.30
25-Feb-25 2:10:00 PM AEST,nan,60.0,nan,nan,nan,nan,345.20,0.44,8.30,4.10,351.10,861.70
25-Feb-25 2:11:00 PM AEST,nan,59.7,25.1,nan,nan,nan,305.20,0.96,16.60,8.40,311.90,717.40
25-Feb-25 2:12:00 PM AEST,33.9,58.5,25.0,nan,nan,nan,284.40,0.83,14.20,6.30,281.20,749.20
25-Feb-25 2:13:00 PM AEST,nan,59.2,24.6,nan,nan,nan,258.40,0.79,nan,4.30,271.30,798.20
25-Feb-25 2:13:05 PM AEST,33.8,nan,nan,nan,nan,nan,nan,nan,nan,nan,nan,nan
25-Feb-25 2:14:00 PM AEST,nan,58.8,24.7,nan,nan,nan,281.40,0.85,nan,6.90,287.80,607.50
25-Feb-25 2:14:10 PM AEST,33.7,nan,nan,nan,nan,nan,nan,nan,nan,nan,nan,nan
25-Feb-25 2:15:00 PM AEST,nan,59.3,24.5,nan,nan,nan,314.60,nan,17.80,7.00,308.00,105.80
25-Feb-25 2:15:15 PM AEST,33.6,nan,nan,nan,nan,nan,nan,nan,nan,nan,nan,nan
25-Feb-25 2:16:00 PM AEST,nan,58.8,24.6,nan,nan,nan,304.30,1.04,nan,9.20,309.40,73.30
25-Feb-25 2:16:20 PM AEST,33.4,nan,nan,nan,nan,nan,nan,nan,nan,nan,nan,nan
25-Feb-25 2:17:00 PM AEST,nan,59.7,24.2,nan,nan,nan,330.30,1.17,20.10,10.40,322.70,64.20
25-Feb-25 2:17:25 PM AEST,33.1,nan,nan,nan,nan,nan,nan,nan,nan,nan,nan,nan
25-Feb-25 2:18:00 PM AEST,nan,60.8,nan,nan,nan,nan,324.40,1.27,nan,10.00,321.70,67.50
25-Feb-25 2:18:30 PM AEST,32.5,nan,nan,nan,nan,nan,nan,nan,nan,nan,nan,nan
25-Feb-25 2:18:30 PM AEST,32.1,nan,nan,nan,nan,nan,nan,nan,nan,nan,nan,nan
25-Feb-25 2:19:00 PM AEST,nan,62.3,23.9,nan,nan,nan,11.30,0.91,15.40,7.20,8.40,73.30
25-Feb-25 2:20:00 PM AEST,31.9,63.0,24.0,nan,nan,nan,322.10,0.63,9.50,5.50,320.40,101.70
25-Feb-25 2:21:00 PM AEST,nan,63.2,nan,nan,nan,nan,22.50,0.85,10.60,8.30,21.90,422.40
25-Feb-25 2:21:05 PM AEST,31.7,nan,nan,nan,nan,nan,nan,nan,nan,nan,nan,nan
25-Feb-25 2:22:00 PM AEST,nan,64.2,23.9,nan,nan,nan,346.20,0.57,9.50,4.10,344.90,177.50
25-Feb-25 2:23:00 PM AEST,31.6,64.5,24.1,nan,nan,nan,25.30,0.63,nan,5.70,25.30,681.70
25-Feb-25 2:24:00 PM AEST,nan,65.5,nan,nan,nan,nan,68.00,0.49,7.10,4.90,69.10,776.60
25-Feb-25 2:24:05 PM AEST,31.5,nan,nan,nan,nan,nan,nan,nan,nan,nan,nan,nan
25-Feb-25 2:25:00 PM AEST,nan,66.8,24.2,nan,nan,nan,53.50,nan,nan,4.80,53.10,768.30
25-Feb-25 2:25:10 PM AEST,31.6,nan,nan,nan,nan,nan,nan,nan,nan,nan,nan,nan
25-Feb-25 2:26:00 PM AEST,nan,nan,24.7,nan,nan,nan,19.90,0.43,5.90,3.40,22.70,763.20
25-Feb-25 2:26:15 PM AEST,31.7,nan,nan,nan,nan,nan,nan,nan,nan,nan,nan,nan
25-Feb-25 2:27:00 PM AEST,nan,nan,24.8,nan,nan,nan,44.50,0.56,8.30,5.20,45.40,761.70
25-Feb-25 2:28:00 PM AEST,31.8,66.7,nan,nan,nan,nan,49.20,0.44,7.10,4.40,50.20,757.50
25-Feb-25 2:29:00 PM AEST,nan,66.8,nan,nan,nan,nan,55.70,0.45,5.90,4.50,56.10,754.90
25-Feb-25 2:29:05 PM AEST,31.9,nan,nan,nan,nan,nan,nan,nan,nan,nan,nan,nan
25-Feb-25 2:30:00 PM AEST,nan,67.3,25.0,nan,nan,nan,59.30,0.47,7.10,4.70,59.00,752.50
25-Feb-25 2:30:10 PM AEST,32.0,nan,nan,nan,nan,nan,nan,nan,nan,nan,nan,nan
25-Feb-25 2:31:00 PM AEST,nan,67.5,25.2,nan,nan,nan,58.60,0.41,5.90,4.10,58.60,746.60
25-Feb-25 2:31:15 PM AEST,32.1,nan,nan,nan,nan,nan,nan,nan,nan,nan,nan,nan
25-Feb-25 2:32:00 PM AEST,nan,66.3,25.3,nan,nan,nan,59.90,0.37,7.10,3.70,60.10,740.80
25-Feb-25 2:32:20 PM AEST,32.2,nan,nan,nan,nan,nan,nan,nan,nan,nan,nan,nan
25-Feb-25 2:33:00 PM AEST,nan,65.8,25.1,nan,nan,nan,82.40,0.27,4.70,2.40,96.90,737.50
25-Feb-25 2:33:25 PM AEST,32.4,nan,nan,nan,nan,nan,nan,nan,nan,nan,nan,nan
25-Feb-25 2:34:00 PM AEST,nan,66.5,25.2,nan,nan,nan,285.50,0.76,13.00,4.70,285.80,740.70
25-Feb-25 2:34:30 PM AEST,32.5,nan,nan,nan,nan,nan,nan,nan,nan,nan,nan,nan
25-Feb-25 2:35:00 PM AEST,nan,66.3,25.5,nan,nan,nan,334.30,0.46,8.30,4.30,333.20,741.70
25-Feb-25 2:35:35 PM AEST,32.7,nan,nan,nan,nan,nan,nan,nan,nan,nan,nan,nan
25-Feb-25 2:35:35 PM AEST,32.9,nan,nan,nan,nan,nan,nan,nan,nan,nan,nan,nan
25-Feb-25 2:36:00 PM AEST,nan,64.7,25.6,nan,nan,nan,317.00,0.76,13.00,6.20,318.90,740.70
25-Feb-25 2:37:00 PM AEST,nan,63.7,25.3,nan,nan,nan,302.00,0.72,10.60,4.10,309.90,749.20
25-Feb-25 2:38:00 PM AEST,33.0,64.3,25.1,nan,nan,nan,305.20,0.50,9.50,4.80,308.70,591.70
25-Feb-25 2:39:00 PM AEST,nan,64.0,25.4,nan,nan,nan,320.50,0.41,7.10,3.10,320.20,412.40
25-Feb-25 2:39:05 PM AEST,33.2,nan,nan,nan,nan,nan,nan,nan,nan,nan,nan,nan
25-Feb-25 2:40:00 PM AEST,nan,62.8,nan,nan,nan,nan,354.40,0.63,9.50,5.00,346.00,745.00
25-Feb-25 2:41:00 PM AEST,33.3,62.0,25.2,nan,nan,nan,343.90,0.57,8.30,5.20,344.20,740.70
25-Feb-25 2:42:00 PM AEST,nan,61.2,25.0,nan,nan,nan,319.20,0.66,nan,6.00,319.00,730.00
25-Feb-25 2:43:00 PM AEST,nan,61.3,24.8,nan,nan,nan,333.60,0.57,10.60,3.90,335.60,582.50
25-Feb-25 2:44:00 PM AEST,33.5,62.2,nan,nan,nan,nan,308.50,0.28,4.70,2.50,307.10,302.40
25-Feb-25 2:45:00 PM AEST,nan,62.3,25.2,nan,nan,nan,347.10,0.39,7.10,3.40,352.00,290.00
25-Feb-25 2:45:05 PM AEST,33.6,nan,nan,nan,nan,nan,nan,nan,nan,nan,nan,nan
25-Feb-25 2:46:00 PM AEST,nan,nan,25.4,nan,nan,nan,339.70,0.42,8.30,4.20,336.80,664.10
25-Feb-25 2:47:00 PM AEST,nan,61.5,nan,nan,nan,nan,340.00,0.89,15.40,8.70,338.90,804.20
25-Feb-25 2:48:00 PM AEST,33.4,60.0,25.1,nan,nan,nan,324.40,0.79,14.20,7.40,320.80,209.20
25-Feb-25 2:49:00 PM AEST,nan,59.8,24.6,nan,nan,nan,345.40,0.75,11.80,7.10,343.80,599.90
25-Feb-25 2:49:05 PM AEST,33.3,nan,nan,nan,nan,nan,nan,nan,nan,nan,nan,nan
25-Feb-25 2:50:00 PM AEST,nan,60.2,24.4,nan,nan,nan,338.60,0.47,14.20,4.70,339.40,758.30
25-Feb-25 2:50:10 PM AEST,33.4,nan,nan,nan,nan,nan,nan,nan,nan,nan,nan,nan
25-Feb-25 2:51:00 PM AEST,nan,nan,24.6,nan,nan,nan,336.30,0.87,17.80,8.40,334.40,596.60
25-Feb-25 2:52:00 PM AEST,33.5,60.3,nan,nan,nan,nan,309.90,0.82,11.80,6.30,308.60,672.50
25-Feb-25 2:53:00 PM AEST,nan,60.0,24.7,nan,nan,nan,276.40,0.76,13.00,7.10,275.00,759.20
25-Feb-25 2:53:05 PM AEST,33.4,nan,nan,nan,nan,nan,nan,nan,nan,nan,nan,nan
25-Feb-25 2:54:00 PM AEST,nan,nan,24.6,nan,nan,nan,284.90,0.83,18.90,7.60,288.50,665.80
25-Feb-25 2:55:00 PM AEST,33.3,59.8,nan,nan,nan,nan,286.30,1.21,20.10,10.60,283.80,677.50
25-Feb-25 2:56:00 PM AEST,nan,61.0,24.4,nan,nan,nan,292.40,0.56,8.30,5.10,291.00,519.10
25-Feb-25 2:57:00 PM AEST,nan,60.8,24.7,nan,nan,nan,287.80,0.87,17.80,8.00,288.70,207.50
25-Feb-25 2:58:00 PM AEST,33.1,61.0,nan,nan,nan,nan,287.30,0.83,15.40,7.70,289.90,135.80
25-Feb-25 2:59:00 PM AEST,nan,61.8,24.6,nan,nan,nan,314.30,0.40,7.10,3.90,314.40,107.50
25-Feb-25 3:00:00 PM AEST,33.0,61.7,24.8,nan,nan,nan,281.60,0.78,16.60,5.30,288.20,87.50
25-Feb-25 3:00:11 PM AEST,nan,nan,nan,nan,nan,0.31,nan,nan,nan,nan,nan,nan
25-Feb-25 3:01:00 PM AEST,nan,nan,24.7,nan,nan,nan,300.90,0.90,15.40,8.30,300.70,90.00
25-Feb-25 3:01:05 PM AEST,32.8,nan,nan,nan,nan,nan,nan,nan,nan,nan,nan,nan
25-Feb-25 3:02:00 PM AEST,nan,nan,24.5,nan,nan,nan,287.00,0.76,14.20,6.80,288.30,105.00
25-Feb-25 3:02:10 PM AEST,32.7,nan,nan,nan,nan,nan,nan,nan,nan,nan,nan,nan
25-Feb-25 3:03:00 PM AEST,nan,61.3,24.3,nan,nan,nan,320.10,1.13,15.40,10.90,320.50,102.50
25-Feb-25 3:03:15 PM AEST,32.4,nan,nan,nan,nan,nan,nan,nan,nan,nan,nan,nan
25-Feb-25 3:04:00 PM AEST,nan,61.0,24.0,nan,nan,nan,284.30,1.01,20.10,7.50,291.30,94.10
25-Feb-25 3:04:20 PM AEST,32.2,nan,nan,nan,nan,nan,nan,nan,nan,nan,nan,nan
25-Feb-25 3:05:00 PM AEST,nan,61.8,23.7,nan,nan,nan,76.30,0.40,9.50,0.60,61.20,79.20
25-Feb-25 3:05:25 PM AEST,32.1,nan,nan,nan,nan,nan,nan,nan,nan,nan,nan,nan
25-Feb-25 3:06:00 PM AEST,nan,62.3,23.9,nan,nan,nan,329.70,0.73,13.00,6.60,330.00,71.60
25-Feb-25 3:06:30 PM AEST,31.9,nan,nan,nan,nan,nan,nan,nan,nan,nan,nan,nan
25-Feb-25 3:07:00 PM AEST,nan,62.7,24.0,nan,nan,nan,322.40,0.77,11.80,nan,323.00,70.00
25-Feb-25 3:07:35 PM AEST,31.6,nan,nan,nan,nan,nan,nan,nan,nan,nan,nan,nan
25-Feb-25 3:08:00 PM AEST,nan,nan,23.9,nan,nan,nan,311.90,0.79,nan,7.20,310.20,71.70
25-Feb-25 3:08:40 PM AEST,31.5,nan,nan,nan,nan,nan,nan,nan,nan,nan,nan,nan
25-Feb-25 3:09:00 PM AEST,nan,63.2,23.6,nan,nan,nan,352.70,0.49,5.90,4.70,352.30,72.50
25-Feb-25 3:10:00 PM AEST,nan,63.3,23.7,nan,nan,nan,3.20,0.70,14.20,5.30,6.30,83.30
25-Feb-25 3:11:00 PM AEST,31.3,nan,nan,nan,nan,nan,350.00,0.45,7.10,3.50,344.10,116.60
25-Feb-25 3:12:00 PM AEST,nan,63.8,23.5,nan,nan,nan,31.10,0.42,8.30,3.70,36.10,416.70
25-Feb-25 3:13:00 PM AEST,31.2,64.0,23.6,nan,nan,nan,316.90,0.53,9.50,5.30,316.90,725.00
25-Feb-25 3:14:00 PM AEST,nan,64.7,nan,nan,nan,nan,327.90,0.20,4.70,1.70,338.90,668.30
25-Feb-25 3:14:05 PM AEST,31.4,nan,nan,nan,nan,nan,nan,nan,nan,nan,nan,nan
25-Feb-25 3:15:00 PM AEST,nan,65.0,23.9,nan,nan,nan,67.30,0.38,nan,3.80,67.30,565.00
25-Feb-25 3:15:10 PM AEST,31.5,nan,nan,nan,nan,nan,nan,nan,nan,nan,nan,nan
25-Feb-25 3:16:00 PM AEST,nan,64.8,24.1,nan,nan,nan,56.60,0.27,nan,2.70,56.80,670.80
25-Feb-25 3:16:15 PM AEST,31.6,nan,nan,nan,nan,nan,nan,nan,nan,nan,nan,nan
25-Feb-25 3:17:00 PM AEST,nan,65.5,24.2,nan,nan,nan,52.40,0.36,5.90,1.00,43.70,650.80
25-Feb-25 3:17:20 PM AEST,31.8,nan,nan,nan,nan,nan,nan,nan,nan,nan,nan,nan
25-Feb-25 3:18:00 PM AEST,nan,64.3,24.5,nan,nan,nan,295.70,0.56,7.10,5.50,295.20,624.20
25-Feb-25 3:18:25 PM AEST,31.9,nan,nan,nan,nan,nan,nan,nan,nan,nan,nan,nan
25-Feb-25 3:18:25 PM AEST,32.0,nan,nan,nan,nan,nan,nan,nan,nan,nan,nan,nan
25-Feb-25 3:19:00 PM AEST,nan,63.7,24.3,nan,nan,nan,319.80,0.99,16.60,9.60,320.60,584.90
25-Feb-25 3:20:00 PM AEST,nan,62.2,nan,nan,nan,nan,296.10,1.27,18.90,11.60,296.20,438.30
25-Feb-25 3:21:00 PM AEST,nan,61.8,23.8,nan,nan,nan,308.20,0.86,15.40,8.00,314.70,649.90
25-Feb-25 3:22:00 PM AEST,32.1,62.2,23.7,nan,nan,nan,297.30,0.62,8.30,6.10,297.40,628.30
25-Feb-25 3:23:00 PM AEST,nan,63.0,23.9,nan,nan,nan,333.80,0.61,9.50,5.40,329.90,362.50
25-Feb-25 3:23:05 PM AEST,32.2,nan,nan,nan,nan,nan,nan,nan,nan,nan,nan,nan
25-Feb-25 3:24:00 PM AEST,nan,63.3,24.3,nan,nan,nan,301.70,0.81,14.20,5.00,295.60,635.80
25-Feb-25 3:24:10 PM AEST,32.4,nan,nan,nan,nan,nan,nan,nan,nan,nan,nan,nan
25-Feb-25 3:25:00 PM AEST,nan,nan,24.5,nan,nan,nan,276.30,1.12,22.50,9.60,284.10,620.00
25-Feb-25 3:25:15 PM AEST,32.3,nan,nan,nan,nan,nan,nan,nan,nan,nan,nan,nan
25-Feb-25 3:26:00 PM AEST,nan,62.8,24.4,nan,nan,nan,310.50,1.32,18.90,12.70,310.60,612.40
25-Feb-25 3:26:20 PM AEST,32.2,nan,nan,nan,nan,nan,nan,nan,nan,nan,nan,nan
25-Feb-25 3:27:00 PM AEST,nan,63.0,24.2,nan,nan,nan,273.60,0.73,11.80,6.60,273.60,607.50
25-Feb-25 3:28:00 PM AEST,nan,63.3,24.3,nan,nan,nan,316.50,1.08,16.60,10.20,319.70,600.00
25-Feb-25 3:29:00 PM AEST,32.3,62.8,24.4,nan,nan,nan,323.00,0.97,14.20,9.40,324.20,617.40
25-Feb-25 3:30:00 PM AEST,nan,63.3,24.3,nan,nan,nan,280.20,0.64,nan,5.10,290.50,634.10
25-Feb-25 3:30:05 PM AEST,32.4,nan,nan,nan,nan,nan,nan,nan,nan,nan,nan,nan
25-Feb-25 3:31:00 PM AEST,nan,63.2,24.6,nan,nan,nan,321.60,1.08,16.60,10.40,321.90,658.30
25-Feb-25 3:31:10 PM AEST,32.5,nan,nan,nan,nan,nan,nan,nan,nan,nan,nan,nan
25-Feb-25 3:32:00 PM AEST,nan,62.5,nan,nan,nan,nan,312.40,0.95,18.90,9.20,316.60,682.50
25-Feb-25 3:33:00 PM AEST,32.8,63.7,24.4,nan,nan,nan,203.60,0.36,5.90,3.40,204.60,260.80
25-Feb-25 3:34:00 PM AEST,nan,62.8,25.0,nan,nan,nan,293.10,0.69,9.50,6.70,294.20,154.10
25-Feb-25 3:35:00 PM AEST,32.7,nan,24.8,nan,nan,nan,327.30,0.82,16.60,7.30,313.30,219.20
25-Feb-25 3:36:00 PM AEST,nan,nan,24.6,nan,nan,nan,317.70,0.75,11.80,7.10,318.10,176.60
25-Feb-25 3:37:00 PM AEST,32.6,nan,nan,nan,nan,nan,340.60,0.80,14.20,4.60,339.00,616.70
25-Feb-25 3:38:00 PM AEST,nan,nan,nan,nan,nan,nan,318.20,0.98,20.10,7.20,320.00,311.70
25-Feb-25 3:38:05 PM AEST,32.5,nan,nan,nan,nan,nan,nan,nan,nan,nan,nan,nan
25-Feb-25 3:39:00 PM AEST,nan,61.8,24.5,nan,nan,nan,262.00,1.00,16.60,8.10,267.60,191.60
25-Feb-25 3:39:10 PM AEST,32.4,nan,nan,nan,nan,nan,nan,nan,nan,nan,nan,nan
25-Feb-25 3:40:00 PM AEST,nan,61.5,24.1,nan,nan,nan,281.20,1.12,nan,9.70,280.40,154.20
25-Feb-25 3:40:15 PM AEST,32.2,nan,nan,nan,nan,nan,nan,nan,nan,nan,nan,nan
25-Feb-25 3:41:00 PM AEST,nan,61.8,23.8,nan,nan,nan,298.00,1.31,20.10,12.40,297.00,148.30
25-Feb-25 3:41:20 PM AEST,31.9,nan,nan,nan,nan,nan,nan,nan,nan,nan,nan,nan
25-Feb-25 3:42:00 PM AEST,nan,62.5,23.7,nan,nan,nan,294.90,0.71,15.40,6.60,295.80,165.80
25-Feb-25 3:42:25 PM AEST,31.8,nan,nan,nan,nan,nan,nan,nan,nan,nan,nan,nan
25-Feb-25 3:43:00 PM AEST,nan,62.7,23.8,nan,nan,nan,314.30,1.09,17.80,10.30,317.70,216.70
25-Feb-25 3:44:00 PM AEST,nan,63.2,nan,nan,nan,nan,340.40,1.06,18.90,8.90,339.90,230.80
25-Feb-25 3:45:00 PM AEST,31.7,63.3,23.9,nan,nan,nan,315.20,0.73,14.20,6.40,321.90,181.70
25-Feb-25 3:46:00 PM AEST,nan,63.0,23.8,nan,nan,nan,318.60,1.20,nan,8.80,321.10,467.40
25-Feb-25 3:46:05 PM AEST,31.6,nan,nan,nan,nan,nan,nan,nan,nan,nan,nan,nan
25-Feb-25 3:47:00 PM AEST,nan,63.3,23.7,nan,nan,nan,303.20,0.82,16.60,6.90,304.20,322.50
25-Feb-25 3:48:00 PM AEST,nan,nan,nan,nan,nan,nan,315.90,1.07,17.80,10.10,316.50,182.50
25-Feb-25 3:49:00 PM AEST,nan,nan,23.8,nan,nan,nan,226.10,0.57,14.20,2.10,280.60,369.90
25-Feb-25 3:50:00 PM AEST,31.7,nan,nan,nan,nan,nan,320.80,0.75,13.00,7.20,321.50,332.50
25-Feb-25 3:51:00 PM AEST,nan,63.0,23.9,nan,nan,nan,309.10,0.96,15.40,9.00,306.90,212.50
25-Feb-25 3:52:00 PM AEST,31.6,62.8,23.7,nan,nan,nan,321.10,0.85,nan,8.00,324.80,140.00
25-Feb-25 3:53:00 PM AEST,nan,62.5,23.6,nan,nan,nan,318.30,0.89,16.60,7.50,304.30,122.50
25-Feb-25 3:54:00 PM AEST,31.5,62.8,nan,nan,nan,nan,324.80,0.84,13.00,6.50,322.10,369.90
25-Feb-25 3:55:00 PM AEST,nan,63.3,23.5,nan,nan,nan,334.80,0.82,nan,6.10,336.90,200.80
25-Feb-25 3:56:00 PM AEST,nan,63.0,23.6,nan,nan,nan,289.00,0.77,11.80,7.10,292.70,359.90
25-Feb-25 3:57:00 PM AEST,31.6,63.5,nan,nan,nan,nan,344.20,0.46,9.50,4.10,344.80,234.20
25-Feb-25 3:58:00 PM AEST,nan,62.8,23.8,nan,nan,nan,298.40,0.77,13.00,5.70,292.70,310.00
25-Feb-25 3:59:00 PM AEST,31.7,63.2,23.7,nan,nan,nan,327.90,0.49,8.30,2.80,326.00,509.10
25-Feb-25 4:00:00 PM AEST,nan,63.5,23.8,nan,nan,nan,315.20,0.52,9.50,5.00,320.20,407.50
25-Feb-25 4:00:05 PM AEST,31.8,nan,nan,nan,nan,nan,nan,nan,nan,nan,nan,nan
25-Feb-25 4:00:12 PM AEST,nan,nan,nan,nan,nan,0.21,nan,nan,nan,nan,nan,nan
25-Feb-25 4:01:00 PM AEST,nan,63.8,24.0,nan,nan,nan,305.00,0.73,11.80,6.90,304.40,110.80
25-Feb-25 4:01:10 PM AEST,31.9,nan,nan,nan,nan,nan,nan,nan,nan,nan,nan,nan
25-Feb-25 4:02:00 PM AEST,nan,62.7,24.2,nan,nan,nan,328.30,1.09,17.80,8.80,321.40,504.20
25-Feb-25 4:02:15 PM AEST,31.8,nan,nan,nan,nan,nan,nan,nan,nan,nan,nan,nan
25-Feb-25 4:03:00 PM AEST,nan,63.0,23.8,nan,nan,nan,305.20,0.82,14.20,7.40,303.40,367.50
25-Feb-25 4:04:00 PM AEST,nan,63.2,23.9,nan,nan,nan,311.00,0.72,10.60,6.20,308.60,169.10
25-Feb-25 4:05:00 PM AEST,nan,63.3,nan,nan,nan,nan,333.10,0.60,9.50,5.50,337.80,170.80
25-Feb-25 4:06:00 PM AEST,nan,63.0,24.0,nan,nan,nan,340.50,0.91,14.20,6.00,334.70,88.30
25-Feb-25 4:07:00 PM AEST,31.7,62.5,23.9,nan,nan,nan,299.00,0.63,11.80,5.30,307.00,75.80
25-Feb-25 4:08:00 PM AEST,nan,62.8,23.7,nan,nan,nan,281.30,1.20,20.10,10.10,297.70,77.50
25-Feb-25 4:08:05 PM AEST,31.6,nan,nan,nan,nan,nan,nan,nan,nan,nan,nan,nan
25-Feb-25 4:09:00 PM AEST,nan,62.5,23.6,nan,nan,nan,305.30,1.15,16.60,11.10,303.60,150.80
25-Feb-25 4:09:10 PM AEST,31.4,nan,nan,nan,nan,nan,nan,nan,nan,nan,nan,nan
25-Feb-25 4:10:00 PM AEST,nan,63.0,23.3,nan,nan,nan,286.20,0.40,9.50,3.90,284.40,370.00
25-Feb-25 4:11:00 PM AEST,31.5,63.3,23.5,nan,nan,nan,285.20,0.51,10.60,4.50,280.10,102.50
25-Feb-25 4:12:00 PM AEST,nan,nan,23.7,nan,nan,nan,306.20,0.72,14.20,5.60,301.20,355.80
25-Feb-25 4:13:00 PM AEST,nan,63.2,nan,nan,nan,nan,339.10,0.78,10.60,7.20,337.40,128.30
25-Feb-25 4:14:00 PM AEST,31.6,63.3,23.6,nan,nan,nan,327.00,0.69,16.60,4.50,326.30,75.80
25-Feb-25 4:15:00 PM AEST,nan,62.7,23.7,nan,nan,nan,304.80,0.79,15.40,7.10,309.60,59.20
25-Feb-25 4:15:05 PM AEST,31.4,nan,nan,nan,nan,nan,nan,nan,nan,nan,nan,nan
25-Feb-25 4:16:00 PM AEST,nan,62.8,23.4,nan,nan,nan,266.50,0.84,14.20,7.00,262.00,56.60
25-Feb-25 4:17:00 PM AEST,31.3,63.0,nan,nan,nan,nan,281.10,0.73,15.40,7.10,278.20,60.00
25-Feb-25 4:18:00 PM AEST,nan,63.5,nan,nan,nan,nan,322.30,0.44,8.30,4.10,328.20,55.00
25-Feb-25 4:19:00 PM AEST,31.2,63.0,23.5,nan,nan,nan,307.70,0.84,11.80,7.60,308.80,56.60
25-Feb-25 4:20:00 PM AEST,nan,62.8,23.3,nan,nan,nan,287.70,0.65,9.50,6.30,289.30,59.20
25-Feb-25 4:20:05 PM AEST,31.1,nan,nan,nan,nan,nan,nan,nan,nan,nan,nan,nan
25-Feb-25 4:21:00 PM AEST,nan,63.0,23.2,nan,nan,nan,293.40,0.80,16.60,7.40,296.90,72.50
25-Feb-25 4:22:00 PM AEST,31.0,62.8,nan,nan,nan,nan,297.00,0.62,14.20,5.80,294.10,262.50
25-Feb-25 4:23:00 PM AEST,nan,63.2,23.1,nan,nan,nan,331.10,0.56,9.50,5.10,336.20,407.50
25-Feb-25 4:23:05 PM AEST,31.1,nan,nan,nan,nan,nan,nan,nan,nan,nan,nan,nan
25-Feb-25 4:24:00 PM AEST,nan,63.0,23.3,nan,nan,nan,310.40,0.57,nan,5.50,310.10,131.60
25-Feb-25 4:24:10 PM AEST,31.2,nan,nan,nan,nan,nan,nan,nan,nan,nan,nan,nan
25-Feb-25 4:25:00 PM AEST,nan,62.5,nan,nan,nan,nan,318.70,1.24,18.90,12.10,319.00,99.20
25-Feb-25 4:26:00 PM AEST,31.1,61.7,23.1,nan,nan,nan,317.60,0.80,13.00,7.70,317.80,59.10
25-Feb-25 4:27:00 PM AEST,nan,61.8,22.9,nan,nan,nan,305.80,0.72,10.60,6.80,309.40,58.30
25-Feb-25 4:28:00 PM AEST,nan,61.7,nan,nan,nan,nan,325.00,0.86,15.40,7.70,327.50,69.20
25-Feb-25 4:29:00 PM AEST,nan,62.0,22.8,nan,nan,nan,277.60,0.47,7.10,4.60,279.00,72.50
25-Feb-25 4:30:00 PM AEST,nan,nan,22.9,nan,nan,nan,332.60,0.57,9.50,5.60,332.60,80.80
25-Feb-25 4:31:00 PM AEST,31.0,62.3,nan,nan,nan,nan,348.00,0.51,7.10,3.60,350.20,155.80
25-Feb-25 4:32:00 PM AEST,nan,62.7,23.0,nan,nan,nan,280.20,0.46,10.60,4.40,276.90,340.00
25-Feb-25 4:32:05 PM AEST,31.1,nan,nan,nan,nan,nan,nan,nan,nan,nan,nan,nan
25-Feb-25 4:33:00 PM AEST,nan,nan,23.1,nan,nan,nan,328.40,0.67,nan,5.30,332.60,380.80
25-Feb-25 4:34:00 PM AEST,31.2,63.2,23.2,nan,nan,nan,263.90,0.46,8.30,3.60,252.10,239.10
25-Feb-25 4:35:00 PM AEST,nan,63.5,23.3,nan,nan,nan,247.70,0.48,9.50,3.90,254.20,426.70
25-Feb-25 4:35:05 PM AEST,31.3,nan,nan,nan,nan,nan,nan,nan,nan,nan,nan,nan
25-Feb-25 4:36:00 PM AEST,nan,63.8,23.5,nan,nan,nan,305.40,0.51,10.60,5.00,304.70,346.60
25-Feb-25 4:36:10 PM AEST,31.4,nan,nan,nan,nan,nan,nan,nan,nan,nan,nan,nan
25-Feb-25 4:37:00 PM AEST,nan,63.3,23.7,nan,nan,nan,295.70,0.80,14.20,7.60,293.80,405.80
25-Feb-25 4:37:15 PM AEST,31.5,nan,nan,nan,nan,nan,nan,nan,nan,nan,nan,nan
25-Feb-25 4:38:00 PM AEST,nan,63.0,23.6,nan,nan,nan,287.40,0.90,nan,7.50,293.90,145.00
25-Feb-25 4:38:20 PM AEST,31.4,nan,nan,nan,nan,nan,nan,nan,nan,nan,nan,nan
25-Feb-25 4:38:20 PM AEST,31.5,nan,nan,nan,nan,nan,nan,nan,nan,nan,nan,nan
25-Feb-25 4:39:00 PM AEST,nan,nan,23.5,nan,nan,nan,322.50,0.62,9.50,4.90,320.40,357.50
25-Feb-25 4:40:00 PM AEST,nan,nan,23.6,nan,nan,nan,304.10,0.82,14.20,7.60,306.00,281.70
25-Feb-25 4:41:00 PM AEST,31.7,63.3,nan,nan,nan,nan,312.60,0.34,5.90,3.30,311.40,175.80
25-Feb-25 4:42:00 PM AEST,nan,63.5,23.8,nan,nan,nan,260.60,0.39,nan,3.70,259.30,158.30
25-Feb-25 4:42:05 PM AEST,31.8,nan,nan,nan,nan,nan,nan,nan,nan,nan,nan,nan
25-Feb-25 4:43:00 PM AEST,nan,nan,24.0,nan,nan,nan,319.70,0.65,9.50,6.20,324.80,222.40
25-Feb-25 4:44:00 PM AEST,31.7,nan,nan,nan,nan,nan,287.70,0.67,13.00,6.00,282.80,269.20
25-Feb-25 4:45:00 PM AEST,nan,nan,23.9,nan,nan,nan,311.80,0.82,14.20,7.80,308.40,273.30
25-Feb-25 4:45:05 PM AEST,31.6,nan,nan,nan,nan,nan,nan,nan,nan,nan,nan,nan
25-Feb-25 4:46:00 PM AEST,nan,nan,nan,nan,nan,nan,303.00,0.62,13.00,6.00,298.60,331.60
25-Feb-25 4:47:00 PM AEST,31.7,64.0,23.8,nan,nan,nan,302.70,0.31,5.90,3.00,304.80,390.00
25-Feb-25 4:48:00 PM AEST,nan,nan,24.1,nan,nan,nan,285.10,0.82,18.90,7.70,279.00,329.10
25-Feb-25 4:48:05 PM AEST,31.8,nan,nan,nan,nan,nan,nan,nan,nan,nan,nan,nan
25-Feb-25 4:49:00 PM AEST,nan,63.3,24.2,nan,nan,nan,289.10,0.52,8.30,4.60,290.30,201.70
25-Feb-25 4:49:10 PM AEST,31.9,nan,nan,nan,nan,nan,nan,nan,nan,nan,nan,nan
25-Feb-25 4:50:00 PM AEST,nan,nan,24.0,nan,nan,nan,282.20,0.80,13.00,7.60,282.70,115.00
25-Feb-25 4:50:15 PM AEST,31.8,nan,nan,nan,nan,nan,nan,nan,nan,nan,nan,nan
25-Feb-25 4:51:00 PM AEST,nan,63.2,nan,nan,nan,nan,285.40,0.49,9.50,4.80,288.50,337.40
25-Feb-25 4:51:20 PM AEST,31.9,nan,nan,nan,nan,nan,nan,nan,nan,nan,nan,nan
25-Feb-25 4:52:00 PM AEST,nan,nan,23.9,nan,nan,nan,281.50,0.38,nan,3.50,290.60,314.20
25-Feb-25 4:53:00 PM AEST,nan,63.5,24.0,nan,nan,nan,314.60,0.67,13.00,5.90,309.50,100.00
25-Feb-25 4:54:00 PM AEST,31.8,63.2,24.1,nan,nan,nan,279.50,0.47,7.10,4.10,283.40,104.20
25-Feb-25 4:55:00 PM AEST,nan,63.0,24.0,nan,nan,nan,278.90,0.61,10.60,5.50,282.70,320.00
25-Feb-25 4:56:00 PM AEST,nan,63.5,23.9,nan,nan,nan,280.60,0.51,9.50,4.60,281.90,325.80
25-Feb-25 4:57:00 PM AEST,31.9,63.7,24.0,nan,nan,nan,301.00,0.28,4.70,2.60,298.00,305.00
25-Feb-25 4:58:00 PM AEST,nan,nan,24.2,nan,nan,nan,301.30,0.35,7.10,3.50,300.00,106.60
25-Feb-25 4:58:05 PM AEST,32.0,nan,nan,nan,nan,nan,nan,nan,nan,nan,nan,nan
25-Feb-25 4:59:00 PM AEST,nan,63.5,24.3,nan,nan,nan,308.10,0.61,9.50,6.10,307.80,71.70
25-Feb-25 5:00:00 PM AEST,nan,63.7,24.2,nan,nan,nan,311.30,0.32,5.90,3.20,312.00,85.00
25-Feb-25 5:00:13 PM AEST,nan,nan,nan,nan,nan,0.11,nan,nan,nan,nan,nan,nan
25-Feb-25 5:01:00 PM AEST,31.9,63.3,nan,nan,nan,nan,306.80,0.67,13.00,6.70,308.30,100.80
25-Feb-25 5:02:00 PM AEST,nan,62.7,24.1,nan,nan,nan,281.40,0.56,9.50,5.50,281.80,265.80
25-Feb-25 5:02:05 PM AEST,31.7,nan,nan,nan,nan,nan,nan,nan,nan,nan,nan,nan
25-Feb-25 5:03:00 PM AEST,nan,63.0,23.7,nan,nan,nan,292.80,0.69,10.60,6.70,294.60,245.80
25-Feb-25 5:04:00 PM AEST,nan,nan,23.8,nan,nan,nan,291.60,0.32,5.90,3.20,291.60,60.00
25-Feb-25 5:05:00 PM AEST,31.8,nan,nan,nan,nan,nan,292.00,0.24,3.50,2.40,291.90,43.30
25-Feb-25 5:06:00 PM AEST,nan,63.2,23.9,nan,nan,nan,284.60,0.41,5.90,4.00,285.20,209.10
25-Feb-25 5:06:05 PM AEST,31.9,nan,nan,nan,nan,nan,nan,nan,nan,nan,nan,nan
25-Feb-25 5:07:00 PM AEST,nan,63.3,24.0,nan,nan,nan,287.10,0.44,8.30,3.60,288.60,88.30
25-Feb-25 5:07:10 PM AEST,31.8,nan,nan,nan,nan,nan,nan,nan,nan,nan,nan,nan
25-Feb-25 5:08:00 PM AEST,nan,63.2,23.9,nan,nan,nan,284.50,0.34,7.10,2.80,294.10,48.30
25-Feb-25 5:09:00 PM AEST,31.7,62.7,nan,nan,nan,nan,308.90,0.65,9.50,5.40,311.60,47.50
25-Feb-25 5:10:00 PM AEST,nan,62.5,23.7,nan,nan,nan,310.50,0.66,nan,6.40,310.20,164.20
25-Feb-25 5:10:05 PM AEST,31.5,nan,nan,nan,nan,nan,nan,nan,nan,nan,nan,nan
25-Feb-25 5:11:00 PM AEST,nan,62.3,23.5,nan,nan,nan,311.80,0.54,7.10,5.20,310.30,262.40
25-Feb-25 5:12:00 PM AEST,31.6,62.8,23.4,nan,nan,nan,282.80,0.31,nan,3.10,282.60,205.00
25-Feb-25 5:13:00 PM AEST,nan,nan,23.6,nan,nan,nan,nan,0.17,3.50,1.70,282.80,58.30
25-Feb-25 5:13:05 PM AEST,31.7,nan,nan,nan,nan,nan,nan,nan,nan,nan,nan,nan
25-Feb-25 5:14:00 PM AEST,nan,63.2,23.8,nan,nan,nan,nan,0.07,nan,0.60,282.70,64.20
25-Feb-25 5:14:10 PM AEST,31.8,nan,nan,nan,nan,nan,nan,nan,nan,nan,nan,nan
25-Feb-25 5:15:00 PM AEST,nan,62.8,24.0,nan,nan,nan,277.80,0.38,5.90,3.80,277.90,70.00
25-Feb-25 5:15:15 PM AEST,31.7,nan,nan,nan,nan,nan,nan,nan,nan,nan,nan,nan
25-Feb-25 5:15:15 PM AEST,31.8,nan,nan,nan,nan,nan,nan,nan,nan,nan,nan,nan
25-Feb-25 5:16:00 PM AEST,nan,63.0,23.8,nan,nan,nan,286.00,0.28,nan,2.60,290.50,84.20
25-Feb-25 5:16:20 PM AEST,31.7,nan,nan,nan,nan,nan,nan,nan,nan,nan,nan,nan
25-Feb-25 5:17:00 PM AEST,nan,nan,nan,nan,nan,nan,331.90,0.54,9.50,5.30,332.20,245.80
25-Feb-25 5:18:00 PM AEST,nan,nan,nan,nan,nan,nan,338.30,0.41,5.90,4.10,338.50,249.10
25-Feb-25 5:19:00 PM AEST,nan,63.2,nan,nan,nan,nan,329.20,0.53,9.50,5.20,328.60,140.80
25-Feb-25 5:20:00 PM AEST,nan,63.0,nan,nan,nan,nan,300.30,0.46,8.30,4.60,299.40,242.40
25-Feb-25 5:21:00 PM AEST,nan,62.7,23.7,nan,nan,nan,322.60,0.47,7.10,3.90,323.50,226.70
25-Feb-25 5:22:00 PM AEST,31.8,62.8,nan,nan,nan,nan,280.30,0.36,4.70,3.60,280.30,219.20
25-Feb-25 5:23:00 PM AEST,nan,63.0,23.8,nan,nan,nan,330.50,0.54,7.10,4.90,332.70,70.80
25-Feb-25 5:23:05 PM AEST,31.9,nan,nan,nan,nan,nan,nan,nan,nan,nan,nan,nan
25-Feb-25 5:24:00 PM AEST,nan,62.7,23.9,nan,nan,nan,355.90,0.66,9.50,6.10,356.70,200.00
25-Feb-25 5:24:10 PM AEST,31.8,nan,nan,nan,nan,nan,nan,nan,nan,nan,nan,nan
25-Feb-25 5:25:00 PM AEST,nan,nan,23.8,nan,nan,nan,317.80,0.69,10.60,6.00,313.20,200.80
25-Feb-25 5:26:00 PM AEST,nan,62.8,nan,nan,nan,nan,11.50,0.66,11.80,nan,6.20,197.50
25-Feb-25 5:27:00 PM AEST,nan,63.0,nan,nan,nan,nan,357.10,0.36,7.10,3.60,356.40,191.70
25-Feb-25 5:28:00 PM AEST,32.1,63.3,23.9,nan,nan,nan,357.90,0.24,3.50,2.40,357.90,178.30
25-Feb-25 5:29:00 PM AEST,nan,63.2,24.2,nan,nan,nan,355.70,0.26,7.10,2.60,352.20,187.50
25-Feb-25 5:29:05 PM AEST,32.2,nan,nan,nan,nan,nan,nan,nan,nan,nan,nan,nan
25-Feb-25 5:30:00 PM AEST,nan,62.5,24.3,nan,nan,nan,315.60,0.55,nan,5.30,315.90,175.80
25-Feb-25 5:31:00 PM AEST,nan,63.5,24.1,nan,nan,nan,329.70,0.33,nan,2.50,352.50,167.50
25-Feb-25 5:32:00 PM AEST,nan,nan,24.4,nan,nan,nan,32.70,0.54,nan,5.40,32.70,208.30
25-Feb-25 5:33:00 PM AEST,nan,62.7,nan,nan,nan,nan,27.10,0.33,nan,3.30,27.20,nan
25-Feb-25 5:34:00 PM AEST,nan,62.8,24.1,nan,nan,nan,16.30,0.25,3.50,2.30,13.20,193.30
25-Feb-25 5:35:00 PM AEST,32.3,62.7,24.2,nan,nan,nan,359.50,0.29,4.70,2.80,1.80,180.00
25-Feb-25 5:36:00 PM AEST,nan,nan,24.3,nan,nan,nan,4.70,nan,nan,2.90,4.70,141.70
25-Feb-25 5:36:05 PM AEST,32.4,nan,nan,nan,nan,nan,nan,nan,nan,nan,nan,nan
25-Feb-25 5:37:00 PM AEST,nan,nan,nan,nan,nan,nan,4.40,0.15,2.40,1.50,4.40,75.00
25-Feb-25 5:38:00 PM AEST,nan,62.8,24.4,nan,nan,nan,2.90,0.14,3.50,1.40,2.50,50.80
25-Feb-25 5:39:00 PM AEST,32.3,62.5,nan,nan,nan,nan,354.20,0.31,4.70,3.10,352.90,50.00
25-Feb-25 5:40:00 PM AEST,nan,nan,24.2,nan,nan,nan,1.90,0.34,5.90,3.00,11.30,54.10
25-Feb-25 5:41:00 PM AEST,32.1,62.7,nan,nan,nan,nan,27.30,0.57,9.50,5.10,24.50,62.50
25-Feb-25 5:42:00 PM AEST,nan,62.8,24.0,nan,nan,nan,339.40,0.31,5.90,3.10,340.20,70.80
25-Feb-25 5:42:05 PM AEST,32.0,nan,nan,nan,nan,nan,nan,nan,nan,nan,nan,nan
25-Feb-25 5:43:00 PM AEST,nan,63.5,nan,nan,nan,nan,343.20,0.22,3.50,2.10,345.90,71.60
25-Feb-25 5:43:10 PM AEST,31.9,nan,nan,nan,nan,nan,nan,nan,nan,nan,nan,nan
25-Feb-25 5:44:00 PM AEST,nan,63.8,24.1,nan,nan,nan,31.60,0.37,4.70,3.70,31.60,60.80
25-Feb-25 5:44:15 PM AEST,31.7,nan,nan,nan,nan,nan,nan,nan,nan,nan,nan,nan
25-Feb-25 5:44:15 PM AEST,31.6,nan,nan,nan,nan,nan,nan,nan,nan,nan,nan,nan
25-Feb-25 5:45:00 PM AEST,nan,nan,24.0,nan,nan,nan,7.60,0.56,9.50,4.90,11.30,60.00
25-Feb-25 5:45:20 PM AEST,31.5,nan,nan,nan,nan,nan,nan,nan,nan,nan,nan,nan
25-Feb-25 5:46:00 PM AEST,nan,63.5,23.9,nan,nan,nan,338.20,0.60,11.80,5.60,345.70,66.70
25-Feb-25 5:46:25 PM AEST,31.3,nan,nan,nan,nan,nan,nan,nan,nan,nan,nan,nan
25-Feb-25 5:47:00 PM AEST,nan,63.2,23.7,nan,nan,nan,300.20,0.50,7.10,4.90,299.80,67.50
25-Feb-25 5:47:30 PM AEST,31.2,nan,nan,nan,nan,nan,nan,nan,nan,nan,nan,nan
25-Feb-25 5:48:00 PM AEST,nan,nan,23.5,nan,nan,nan,341.80,0.62,10.60,5.30,348.90,69.10
25-Feb-25 5:49:00 PM AEST,nan,63.3,23.4,nan,nan,nan,304.60,0.40,5.90,4.00,304.50,73.30
25-Feb-25 5:50:00 PM AEST,nan,63.5,nan,nan,nan,nan,285.20,0.46,7.10,4.30,288.50,68.30
25-Feb-25 5:51:00 PM AEST,31.1,63.7,nan,nan,nan,nan,347.70,0.62,9.50,5.70,346.60,59.20
25-Feb-25 5:52:00 PM AEST,nan,nan,nan,nan,nan,nan,332.70,0.50,5.90,4.30,332.40,56.70
25-Feb-25 5:52:05 PM AEST,31.0,nan,nan,nan,nan,nan,nan,nan,nan,nan,nan,nan
25-Feb-25 5:53:00 PM AEST,nan,nan,23.3,nan,nan,nan,359.30,0.30,nan,3.00,359.70,60.00
25-Feb-25 5:54:00 PM AEST,nan,64.0,nan,nan,nan,nan,359.50,0.12,2.40,1.20,359.50,64.20
25-Feb-25 5:55:00 PM AEST,nan,64.2,23.4,nan,nan,nan,323.10,0.58,7.10,5.70,322.20,62.50
25-Feb-25 5:56:00 PM AEST,30.8,nan,nan,nan,nan,nan,311.60,0.92,17.80,8.90,313.70,55.00
25-Feb-25 5:57:00 PM AEST,nan,nan,23.3,nan,nan,nan,327.90,0.76,11.80,6.80,326.10,45.80
25-Feb-25 5:57:05 PM AEST,30.7,nan,nan,nan,nan,nan,nan,nan,nan,nan,nan,nan
25-Feb-25 5:58:00 PM AEST,nan,64.7,23.1,nan,nan,nan,321.60,0.44,9.50,4.40,321.60,40.00
25-Feb-25 5:58:10 PM AEST,30.6,nan,nan,nan,nan,nan,nan,nan,nan,nan,nan,nan
25-Feb-25 5:59:00 PM AEST,nan,nan,23.2,nan,nan,nan,319.00,0.34,4.70,3.40,319.00,35.80
25-Feb-25 6:00:00 PM AEST,nan,64.8,nan,nan,nan,nan,306.50,0.69,9.50,6.40,305.60,36.60
25-Feb-25 6:00:14 PM AEST,nan,nan,nan,nan,nan,0.04,nan,nan,nan,nan,nan,nan
25-Feb-25 6:01:00 PM AEST,30.5,64.5,nan,nan,nan,nan,359.70,0.60,11.80,5.40,351.00,40.00
25-Feb-25 6:02:00 PM AEST,nan,64.8,23.0,nan,nan,nan,15.80,0.20,3.50,2.00,15.80,46.60
25-Feb-25 6:03:00 PM AEST,nan,65.0,23.1,nan,nan,nan,345.00,0.44,7.10,4.20,343.20,49.20
25-Feb-25 6:04:00 PM AEST,30.4,65.2,nan,nan,nan,nan,311.40,0.54,8.30,5.30,308.80,nan
25-Feb-25 6:05:00 PM AEST,nan,65.3,nan,nan,nan,nan,303.70,0.24,5.90,2.20,293.50,45.00
25-Feb-25 6:06:00 PM AEST,nan,66.0,23.2,nan,nan,nan,295.90,0.38,7.10,3.80,294.10,39.20
25-Feb-25 6:07:00 PM AEST,30.3,66.5,23.3,nan,nan,nan,300.80,0.60,8.30,5.90,299.20,34.10
25-Feb-25 6:08:00 PM AEST,nan,66.8,23.4,nan,nan,nan,292.00,0.52,nan,5.00,292.70,33.30
25-Feb-25 6:08:05 PM AEST,30.2,nan,nan,nan,nan,nan,nan,nan,nan,nan,nan,nan
25-Feb-25 6:09:00 PM AEST,nan,67.2,nan,nan,nan,nan,317.20,0.51,7.10,4.60,316.60,37.50
25-Feb-25 6:10:00 PM AEST,30.1,67.7,nan,nan,nan,nan,300.50,0.53,8.30,nan,303.10,40.00
25-Feb-25 6:11:00 PM AEST,nan,nan,nan,nan,nan,nan,344.00,0.39,5.90,2.80,352.30,33.30
25-Feb-25 6:12:00 PM AEST,nan,67.8,23.5,nan,nan,nan,10.30,0.37,7.10,3.00,358.50,29.10
25-Feb-25 6:13:00 PM AEST,30.0,nan,nan,nan,nan,nan,341.70,0.46,8.30,3.70,340.70,26.70
25-Feb-25 6:14:00 PM AEST,nan,68.2,23.4,nan,nan,nan,26.00,0.39,7.10,3.90,26.80,23.30
25-Feb-25 6:14:05 PM AEST,29.9,nan,nan,nan,nan,nan,nan,nan,nan,nan,nan,nan
25-Feb-25 6:15:00 PM AEST,nan,68.5,nan,nan,nan,nan,23.90,0.21,3.50,2.10,23.90,20.00
25-Feb-25 6:16:00 PM AEST,29.8,68.3,23.5,nan,nan,nan,24.40,0.25,4.70,2.50,24.40,18.30
25-Feb-25 6:17:00 PM AEST,nan,nan,23.4,nan,nan,nan,9.70,0.44,9.50,3.80,356.20,19.10
25-Feb-25 6:18:00 PM AEST,nan,68.2,23.3,nan,nan,nan,328.90,0.40,7.10,4.00,328.90,18.30
25-Feb-25 6:19:00 PM AEST,29.7,68.3,nan,nan,nan,nan,20.90,0.30,4.70,3.00,20.70,16.70
25-Feb-25 6:20:00 PM AEST,nan,68.5,23.2,nan,nan,nan,24.40,0.48,8.30,4.80,25.00,18.30
25-Feb-25 6:21:00 PM AEST,29.6,68.3,nan,nan,nan,nan,344.70,0.44,9.50,4.40,347.50,22.50
25-Feb-25 6:22:00 PM AEST,nan,68.7,23.1,nan,nan,nan,341.50,0.07,2.40,0.70,341.60,25.80
25-Feb-25 6:23:00 PM AEST,nan,nan,23.2,nan,nan,nan,2.40,0.22,4.70,2.20,14.50,26.70
25-Feb-25 6:24:00 PM AEST,29.5,68.2,nan,nan,nan,nan,327.70,0.69,10.60,5.30,320.90,24.20
25-Feb-25 6:25:00 PM AEST,nan,68.0,23.0,nan,nan,nan,350.80,0.61,9.50,5.50,345.90,20.80
25-Feb-25 6:26:00 PM AEST,nan,68.2,nan,nan,nan,nan,6.20,0.11,2.40,1.10,6.20,18.30
25-Feb-25 6:27:00 PM AEST,nan,nan,nan,nan,nan,nan,nan,nan,nan,nan,nan,15.80
25-Feb-25 6:28:00 PM AEST,nan,68.5,nan,nan,nan,nan,8.00,0.34,4.70,3.40,8.10,14.20
25-Feb-25 6:29:00 PM AEST,nan,68.0,23.1,nan,nan,nan,333.00,0.54,9.50,4.90,339.10,14.10
25-Feb-25 6:30:00 PM AEST,29.4,68.2,22.9,nan,nan,nan,345.60,0.37,5.90,3.40,342.50,11.70
25-Feb-25 6:31:00 PM AEST,nan,68.3,nan,nan,nan,nan,7.60,0.18,3.50,1.80,7.50,9.20
25-Feb-25 6:32:00 PM AEST,nan,68.2,23.0,nan,nan,nan,321.30,0.45,8.30,3.70,298.80,7.50
25-Feb-25 6:33:00 PM AEST,nan,nan,22.9,nan,nan,nan,282.00,0.53,9.50,5.00,283.50,6.70
25-Feb-25 6:34:00 PM AEST,29.3,68.0,nan,nan,nan,nan,333.10,0.63,8.30,6.30,333.10,6.60
25-Feb-25 6:35:00 PM AEST,nan,nan,22.8,nan,nan,nan,318.30,0.35,4.70,3.50,318.50,6.70
25-Feb-25 6:36:00 PM AEST,nan,67.8,nan,nan,nan,nan,313.30,nan,7.10,nan,312.40,5.80
25-Feb-25 6:37:00 PM AEST,nan,68.0,nan,nan,nan,nan,353.50,0.51,9.50,4.80,356.60,5.00
25-Feb-25 6:38:00 PM AEST,nan,68.2,nan,nan,nan,nan,341.90,0.34,5.90,3.20,350.30,4.20
25-Feb-25 6:39:00 PM AEST,29.2,67.8,nan,nan,nan,nan,355.30,0.63,11.80,5.90,357.40,3.30
25-Feb-25 6:40:00 PM AEST,nan,68.2,22.7,nan,nan,nan,354.90,0.30,4.70,3.00,354.70,2.50
25-Feb-25 6:41:00 PM AEST,nan,68.7,nan,nan,nan,nan,355.30,0.27,3.50,2.70,355.30,1.70
25-Feb-25 6:42:00 PM AEST,29.1,68.8,22.8,nan,nan,nan,31.60,0.55,8.30,5.10,35.80,2.50
25-Feb-25 6:43:00 PM AEST,nan,68.5,nan,nan,nan,nan,36.10,0.38,5.90,3.80,36.30,1.70
25-Feb-25 6:43:05 PM AEST,29.0,nan,nan,nan,nan,nan,nan,nan,nan,nan,nan,nan
25-Feb-25 6:44:00 PM AEST,nan,68.7,22.6,nan,nan,nan,8.50,0.40,nan,3.90,9.60,1.60
25-Feb-25 6:45:00 PM AEST,28.9,68.8,nan,nan,nan,nan,3.10,0.31,4.70,3.10,3.10,0.80
25-Feb-25 6:46:00 PM AEST,nan,69.0,nan,nan,nan,nan,2.60,0.30,nan,2.90,2.30,nan
25-Feb-25 6:47:00 PM AEST,nan,69.2,nan,nan,nan,nan,7.50,0.44,7.10,4.30,10.00,nan
25-Feb-25 6:48:00 PM AEST,28.8,69.0,nan,nan,nan,nan,329.50,0.66,8.30,6.40,328.10,0.00
25-Feb-25 6:49:00 PM AEST,nan,nan,22.5,nan,nan,nan,324.00,0.44,7.10,4.30,322.90,0.80
25-Feb-25 6:50:00 PM AEST,nan,69.3,nan,nan,nan,nan,326.90,0.33,4.70,3.30,326.90,0.00
25-Feb-25 6:51:00 PM AEST,28.7,69.7,22.6,nan,nan,nan,330.10,0.32,9.50,3.10,331.80,nan
25-Feb-25 6:52:00 PM AEST,nan,69.8,nan,nan,nan,nan,344.80,0.55,nan,5.20,349.20,nan
25-Feb-25 6:52:05 PM AEST,28.6,nan,nan,nan,nan,nan,nan,nan,nan,nan,nan,nan
25-Feb-25 6:53:00 PM AEST,nan,69.5,22.5,nan,nan,nan,320.90,0.65,8.30,6.40,320.90,nan
25-Feb-25 6:54:00 PM AEST,nan,nan,nan,nan,nan,nan,27.50,0.54,nan,3.30,26.00,nan
25-Feb-25 6:55:00 PM AEST,nan,nan,nan,nan,nan,nan,9.90,0.61,9.50,5.50,12.30,nan
25-Feb-25 6:56:00 PM AEST,nan,69.7,22.4,nan,nan,nan,6.10,0.44,5.90,4.30,4.60,nan
25-Feb-25 6:57:00 PM AEST,nan,nan,22.5,nan,nan,nan,326.10,0.34,4.70,3.00,327.80,nan
25-Feb-25 6:58:00 PM AEST,nan,nan,nan,nan,nan,nan,265.70,0.27,nan,2.50,261.40,nan
25-Feb-25 6:59:00 PM AEST,nan,nan,nan,nan,nan,nan,333.50,0.36,5.90,2.10,342.20,nan
25-Feb-25 7:00:00 PM AEST,28.5,69.8,nan,nan,nan,nan,329.20,0.53,8.30,4.80,323.90,nan
25-Feb-25 7:00:15 PM AEST,nan,nan,nan,nan,nan,0.02,nan,nan,nan,nan,nan,nan
25-Feb-25 7:01:00 PM AEST,nan,69.5,nan,nan,nan,nan,321.40,0.65,10.60,5.70,316.70,nan
25-Feb-25 7:02:00 PM AEST,nan,69.8,22.4,nan,nan,nan,350.20,0.64,13.00,6.20,352.70,nan
25-Feb-25 7:03:00 PM AEST,nan,69.7,22.5,nan,nan,nan,325.80,0.75,14.20,6.80,322.40,nan
25-Feb-25 7:04:00 PM AEST,nan,69.8,22.4,nan,nan,nan,310.30,0.34,7.10,3.40,310.30,nan
25-Feb-25 7:05:00 PM AEST,nan,nan,22.5,nan,nan,nan,299.40,0.57,9.50,5.60,300.30,nan
25-Feb-25 7:06:00 PM AEST,nan,70.0,nan,nan,nan,nan,297.90,0.24,4.70,2.40,297.80,nan
25-Feb-25 7:07:00 PM AEST,nan,70.2,nan,nan,nan,nan,304.30,0.31,5.90,3.10,304.90,nan
25-Feb-25 7:08:00 PM AEST,28.4,nan,nan,nan,nan,nan,304.90,0.70,11.80,6.20,303.90,nan
25-Feb-25 7:09:00 PM AEST,nan,70.3,nan,nan,nan,nan,330.80,0.67,nan,6.60,329.50,nan
25-Feb-25 7:10:00 PM AEST,nan,70.7,nan,nan,nan,nan,9.10,0.30,7.10,2.60,36.50,nan
25-Feb-25 7:11:00 PM AEST,nan,nan,nan,nan,nan,nan,267.10,nan,4.70,2.90,267.50,nan
25-Feb-25 7:12:00 PM AEST,nan,70.8,nan,nan,nan,nan,331.00,0.63,11.80,6.00,332.00,nan
25-Feb-25 7:13:00 PM AEST,28.3,nan,22.6,nan,nan,nan,332.70,0.51,8.30,3.70,320.30,nan
25-Feb-25 7:14:00 PM AEST,nan,71.0,22.5,nan,nan,nan,322.20,0.77,13.00,7.00,323.00,nan
25-Feb-25 7:15:00 PM AEST,nan,71.2,22.6,nan,nan,nan,307.50,0.46,7.10,4.00,308.20,nan
25-Feb-25 7:16:00 PM AEST,28.4,nan,nan,nan,nan,nan,278.90,0.10,2.40,1.00,278.70,nan
25-Feb-25 7:17:00 PM AEST,nan,71.3,nan,nan,nan,nan,351.50,0.64,10.60,5.30,347.30,nan
25-Feb-25 7:17:05 PM AEST,28.3,nan,nan,nan,nan,nan,nan,nan,nan,nan,nan,nan
25-Feb-25 7:18:00 PM AEST,nan,71.5,nan,nan,nan,nan,2.20,0.33,5.90,3.30,3.60,nan
25-Feb-25 7:19:00 PM AEST,28.4,nan,nan,nan,nan,nan,337.20,0.63,13.00,5.80,328.40,nan
25-Feb-25 7:20:00 PM AEST,nan,nan,22.7,nan,nan,nan,334.80,0.64,10.60,nan,337.60,nan
25-Feb-25 7:20:05 PM AEST,28.2,nan,nan,nan,nan,nan,nan,nan,nan,nan,nan,nan
25-Feb-25 7:21:00 PM AEST,nan,nan,22.6,nan,nan,nan,343.40,0.49,9.50,4.90,341.80,nan
25-Feb-25 7:21:10 PM AEST,28.3,nan,nan,nan,nan,nan,nan,nan,nan,nan,nan,nan
25-Feb-25 7:22:00 PM AEST,nan,nan,nan,nan,nan,nan,346.50,0.11,2.40,1.10,346.70,nan
25-Feb-25 7:23:00 PM AEST,nan,71.7,nan,nan,nan,nan,325.40,0.62,9.50,6.00,320.80,nan
25-Feb-25 7:24:00 PM AEST,nan,nan,22.7,nan,nan,nan,318.10,0.67,10.60,6.60,317.50,nan
25-Feb-25 7:25:00 PM AEST,nan,71.8,nan,nan,nan,nan,306.00,0.43,5.90,4.20,306.10,nan
25-Feb-25 7:26:00 PM AEST,nan,nan,nan,nan,nan,nan,299.30,0.31,4.70,3.10,299.30,0.80
25-Feb-25 7:27:00 PM AEST,nan,72.0,nan,nan,nan,nan,299.60,0.14,3.50,1.40,299.60,0.00
25-Feb-25 7:28:00 PM AEST,nan,72.3,22.8,nan,nan,nan,nan,0.04,2.40,0.40,299.70,nan
25-Feb-25 7:29:00 PM AEST,nan,nan,nan,nan,nan,nan,nan,0.11,nan,1.10,299.50,nan
25-Feb-25 7:30:00 PM AEST,nan,72.5,nan,nan,nan,nan,299.50,0.02,3.50,0.20,299.20,nan
25-Feb-25 7:31:00 PM AEST,nan,72.3,22.9,nan,nan,nan,299.60,0.28,4.70,2.80,299.60,nan
25-Feb-25 7:32:00 PM AEST,28.2,72.5,22.8,nan,nan,nan,304.50,0.31,7.10,3.00,310.90,nan
25-Feb-25 7:33:00 PM AEST,nan,nan,nan,nan,nan,nan,335.10,0.50,nan,4.20,334.50,nan
25-Feb-25 7:34:00 PM AEST,nan,nan,nan,nan,nan,nan,323.60,0.56,9.50,4.90,319.00,nan
25-Feb-25 7:35:00 PM AEST,28.1,nan,22.7,nan,nan,nan,9.60,0.53,8.30,4.10,20.50,nan
25-Feb-25 7:36:00 PM AEST,nan,72.7,nan,nan,nan,nan,354.20,0.76,10.60,6.10,352.20,nan
25-Feb-25 7:37:00 PM AEST,nan,nan,nan,nan,nan,nan,1.90,0.57,nan,5.40,0.10,nan
25-Feb-25 7:38:00 PM AEST,nan,nan,nan,nan,nan,nan,319.40,0.30,5.90,2.70,324.90,nan
25-Feb-25 7:39:00 PM AEST,nan,72.8,nan,nan,nan,nan,357.40,0.33,nan,3.00,357.80,nan
25-Feb-25 7:40:00 PM AEST,nan,nan,22.8,nan,nan,nan,354.60,0.20,3.50,2.00,354.60,nan
25-Feb-25 7:41:00 PM AEST,nan,nan,nan,nan,nan,nan,354.50,0.15,2.40,1.50,nan,nan
25-Feb-25 7:42:00 PM AEST,nan,73.0,nan,nan,nan,nan,358.80,0.35,8.30,3.40,359.30,nan
25-Feb-25 7:43:00 PM AEST,28.0,73.2,nan,nan,nan,nan,309.00,0.43,9.50,4.20,310.40,nan
25-Feb-25 7:44:00 PM AEST,nan,73.3,nan,nan,nan,nan,307.60,0.19,3.50,1.90,307.60,nan
25-Feb-25 7:45:00 PM AEST,nan,73.5,nan,nan,nan,nan,356.10,0.37,7.10,3.20,12.70,nan
25-Feb-25 7:46:00 PM AEST,27.9,nan,nan,nan,nan,nan,28.40,0.21,3.50,2.10,28.40,nan
25-Feb-25 7:47:00 PM AEST,nan,nan,22.7,nan,nan,nan,10.50,0.35,5.90,3.50,10.30,nan
25-Feb-25 7:47:05 PM AEST,28.0,nan,nan,nan,nan,nan,nan,nan,nan,nan,nan,nan
25-Feb-25 7:48:00 PM AEST,nan,nan,22.8,nan,nan,nan,7.30,0.22,3.50,2.20,7.30,nan
25-Feb-25 7:48:10 PM AEST,27.9,nan,nan,nan,nan,nan,nan,nan,nan,nan,nan,nan
25-Feb-25 7:49:00 PM AEST,nan,nan,nan,nan,nan,nan,357.20,0.41,7.10,3.60,348.80,nan
25-Feb-25 7:50:00 PM AEST,nan,73.7,22.7,nan,nan,nan,338.70,0.72,10.60,6.60,338.50,nan
25-Feb-25 7:51:00 PM AEST,nan,nan,nan,nan,nan,nan,17.50,0.53,8.30,4.60,13.00,nan
25-Feb-25 7:52:00 PM AEST,27.8,73.8,nan,nan,nan,nan,339.10,0.43,7.10,4.20,340.10,nan
25-Feb-25 7:53:00 PM AEST,nan,nan,nan,nan,nan,nan,333.30,0.11,3.50,1.10,333.30,nan
25-Feb-25 7:54:00 PM AEST,nan,74.0,nan,nan,nan,nan,333.80,0.17,nan,1.70,333.90,nan
25-Feb-25 7:55:00 PM AEST,nan,nan,22.8,nan,nan,nan,335.80,0.30,8.30,2.30,340.00,nan
25-Feb-25 7:56:00 PM AEST,nan,nan,22.7,nan,nan,nan,9.60,0.51,nan,4.90,12.50,nan
25-Feb-25 7:57:00 PM AEST,27.7,nan,nan,nan,nan,nan,0.60,0.54,9.50,4.70,358.50,nan
25-Feb-25 7:58:00 PM AEST,nan,74.2,nan,nan,nan,nan,40.20,0.31,4.70,3.10,40.20,nan
25-Feb-25 7:59:00 PM AEST,nan,74.3,nan,nan,nan,nan,351.30,0.60,8.30,5.20,349.70,nan
25-Feb-25 8:00:00 PM AEST,nan,74.2,nan,nan,nan,nan,1.10,0.67,10.60,6.30,4.20,nan
25-Feb-25 8:00:16 PM AEST,nan,nan,nan,nan,nan,0.02,nan,nan,nan,nan,nan,nan
25-Feb-25 8:01:00 PM AEST,nan,nan,nan,nan,nan,nan,316.30,0.57,9.50,4.50,309.30,nan
25-Feb-25 8:02:00 PM AEST,nan,74.3,nan,nan,nan,nan,319.10,0.44,8.30,3.60,330.60,nan
25-Feb-25 8:03:00 PM AEST,nan,74.2,nan,nan,nan,nan,301.40,0.42,13.00,1.90,32.50,0.80
25-Feb-25 8:04:00 PM AEST,nan,74.5,nan,nan,nan,nan,8.80,0.66,10.60,5.70,10.30,0.00
25-Feb-25 8:05:00 PM AEST,nan,74.3,nan,nan,nan,nan,336.00,0.60,8.30,4.60,336.00,nan
25-Feb-25 8:06:00 PM AEST,nan,74.5,nan,nan,nan,nan,33.30,0.26,4.70,2.60,33.40,nan
25-Feb-25 8:07:00 PM AEST,nan,74.7,nan,nan,nan,nan,32.70,0.23,nan,2.30,32.70,nan
25-Feb-25 8:08:00 PM AEST,nan,74.5,22.8,nan,nan,nan,333.20,0.57,10.60,4.10,313.20,nan
25-Feb-25 8:09:00 PM AEST,nan,nan,22.7,nan,nan,nan,314.60,0.46,7.10,4.60,314.60,nan
25-Feb-25 8:10:00 PM AEST,27.6,74.7,nan,nan,nan,nan,315.30,0.21,5.90,2.10,315.30,nan
25-Feb-25 8:11:00 PM AEST,nan,nan,nan,nan,nan,nan,nan,0.00,0.00,0.00,0.00,nan
25-Feb-25 8:11:05 PM AEST,27.7,nan,nan,nan,nan,nan,nan,nan,nan,nan,nan,nan
25-Feb-25 8:12:00 PM AEST,nan,nan,22.8,nan,nan,nan,315.10,0.06,4.70,0.60,314.50,nan
25-Feb-25 8:12:10 PM AEST,27.6,nan,nan,nan,nan,nan,nan,nan,nan,nan,nan,nan
25-Feb-25 8:13:00 PM AEST,nan,74.8,22.7,nan,nan,nan,310.50,0.45,5.90,3.90,308.40,nan
25-Feb-25 8:14:00 PM AEST,nan,74.7,nan,nan,nan,nan,328.50,0.59,8.30,4.40,326.90,nan
25-Feb-25 8:15:00 PM AEST,nan,74.8,nan,nan,nan,nan,303.60,0.57,nan,4.50,299.10,nan
25-Feb-25 8:16:00 PM AEST,nan,nan,nan,nan,nan,nan,349.80,0.46,7.10,4.20,352.40,nan
25-Feb-25 8:17:00 PM AEST,nan,nan,nan,nan,nan,nan,356.70,0.40,5.90,3.60,355.90,nan
25-Feb-25 8:18:00 PM AEST,nan,nan,nan,nan,nan,nan,342.50,0.46,8.30,4.20,340.10,nan
25-Feb-25 8:19:00 PM AEST,27.5,nan,nan,nan,nan,nan,341.40,0.57,nan,5.20,341.20,nan
25-Feb-25 8:20:00 PM AEST,nan,nan,nan,nan,nan,nan,320.60,0.24,5.90,2.40,320.60,nan
25-Feb-25 8:20:05 PM AEST,27.6,nan,nan,nan,nan,nan,nan,nan,nan,nan,nan,nan
25-Feb-25 8:21:00 PM AEST,nan,nan,nan,nan,nan,nan,nan,0.07,2.40,0.70,320.50,nan
25-Feb-25 8:21:10 PM AEST,27.5,nan,nan,nan,nan,nan,nan,nan,nan,nan,nan,nan
25-Feb-25 8:22:00 PM AEST,nan,nan,nan,nan,nan,nan,334.00,0.46,7.10,3.20,336.30,nan
25-Feb-25 8:22:15 PM AEST,27.6,nan,nan,nan,nan,nan,nan,nan,nan,nan,nan,nan
25-Feb-25 8:23:00 PM AEST,nan,75.0,nan,nan,nan,nan,349.30,0.51,9.50,4.80,346.20,nan
25-Feb-25 8:23:20 PM AEST,27.5,nan,nan,nan,nan,nan,nan,nan,nan,nan,nan,nan
25-Feb-25 8:24:00 PM AEST,nan,nan,nan,nan,nan,nan,346.50,0.50,7.10,4.30,349.50,nan
25-Feb-25 8:25:00 PM AEST,nan,75.2,nan,nan,nan,nan,7.10,0.67,14.20,5.40,343.90,nan
25-Feb-25 8:26:00 PM AEST,nan,nan,nan,nan,nan,nan,13.10,0.63,nan,4.60,347.10,nan
25-Feb-25 8:27:00 PM AEST,nan,nan,nan,nan,nan,nan,347.20,0.31,5.90,2.80,337.00,nan
25-Feb-25 8:28:00 PM AEST,nan,75.3,nan,nan,nan,nan,343.20,0.46,7.10,4.10,339.30,nan
25-Feb-25 8:29:00 PM AEST,nan,75.5,nan,nan,nan,nan,10.30,0.39,5.90,3.90,10.10,nan
25-Feb-25 8:30:00 PM AEST,27.4,nan,nan,nan,nan,nan,17.30,0.52,11.80,4.70,26.10,nan
25-Feb-25 8:31:00 PM AEST,nan,nan,nan,nan,nan,nan,14.10,0.48,8.30,3.70,21.60,nan
25-Feb-25 8:32:00 PM AEST,nan,75.8,nan,nan,nan,nan,330.30,0.53,10.60,5.10,330.80,nan
25-Feb-25 8:33:00 PM AEST,nan,75.7,22.8,nan,nan,nan,333.10,0.26,3.50,2.60,331.00,nan
25-Feb-25 8:34:00 PM AEST,27.3,76.0,22.7,nan,nan,nan,22.10,0.46,9.50,3.90,31.30,nan
25-Feb-25 8:35:00 PM AEST,nan,75.8,nan,nan,nan,nan,5.80,0.39,10.60,nan,9.80,nan
25-Feb-25 8:35:05 PM AEST,27.4,nan,nan,nan,nan,nan,nan,nan,nan,nan,nan,nan
25-Feb-25 8:36:00 PM AEST,nan,76.2,22.8,nan,nan,nan,3.00,0.15,3.50,1.50,2.80,nan
25-Feb-25 8:37:00 PM AEST,27.3,nan,nan,nan,nan,nan,9.10,0.37,5.90,3.70,9.50,nan
25-Feb-25 8:38:00 PM AEST,nan,nan,nan,nan,nan,nan,325.00,0.43,9.50,3.90,320.40,nan
25-Feb-25 8:39:00 PM AEST,nan,76.3,nan,nan,nan,nan,343.40,0.67,10.60,5.10,351.70,0.80
25-Feb-25 8:40:00 PM AEST,nan,nan,nan,nan,nan,nan,344.50,0.45,8.30,4.30,346.60,0.00
25-Feb-25 8:41:00 PM AEST,nan,76.5,22.7,nan,nan,nan,358.60,0.43,nan,4.00,5.20,nan
25-Feb-25 8:42:00 PM AEST,27.2,nan,22.8,nan,nan,nan,11.20,0.28,4.70,2.70,12.50,nan
25-Feb-25 8:43:00 PM AEST,nan,76.7,22.7,nan,nan,nan,7.60,0.43,8.30,3.30,5.10,nan
25-Feb-25 8:44:00 PM AEST,nan,nan,22.8,nan,nan,nan,11.20,0.07,2.40,0.70,11.00,nan
25-Feb-25 8:45:00 PM AEST,nan,76.8,nan,nan,nan,nan,8.20,0.25,5.90,2.50,6.40,nan
25-Feb-25 8:46:00 PM AEST,nan,nan,nan,nan,nan,nan,340.20,0.67,11.80,6.60,340.70,nan
25-Feb-25 8:47:00 PM AEST,nan,nan,nan,nan,nan,nan,349.70,0.61,10.60,5.60,355.60,nan
25-Feb-25 8:48:00 PM AEST,nan,nan,nan,nan,nan,nan,327.20,0.59,9.50,5.30,317.80,nan
25-Feb-25 8:49:00 PM AEST,nan,77.0,nan,nan,nan,nan,339.60,0.51,8.30,3.70,329.50,nan
25-Feb-25 8:50:00 PM AEST,nan,77.2,nan,nan,nan,nan,329.50,0.47,7.10,4.00,325.90,nan
25-Feb-25 8:51:00 PM AEST,nan,77.0,22.9,nan,nan,nan,341.70,0.50,11.80,4.50,336.20,nan
25-Feb-25 8:52:00 PM AEST,nan,77.2,22.8,nan,nan,nan,331.70,0.48,8.30,4.60,331.70,nan
25-Feb-25 8:53:00 PM AEST,nan,nan,nan,nan,nan,nan,346.00,0.34,5.90,3.40,346.70,nan
25-Feb-25 8:54:00 PM AEST,nan,nan,nan,nan,nan,nan,332.60,0.59,9.50,5.80,331.60,nan
25-Feb-25 8:55:00 PM AEST,nan,nan,22.9,nan,nan,nan,336.30,0.22,3.50,2.20,336.10,nan
25-Feb-25 8:56:00 PM AEST,nan,77.3,22.8,nan,nan,nan,336.00,0.25,nan,2.50,336.00,nan
25-Feb-25 8:57:00 PM AEST,nan,nan,22.9,nan,nan,nan,285.10,0.35,7.10,3.50,283.70,nan
25-Feb-25 8:58:00 PM AEST,nan,77.5,nan,nan,nan,nan,282.90,0.39,8.30,3.90,282.50,nan
25-Feb-25 8:59:00 PM AEST,nan,nan,nan,nan,nan,nan,283.60,0.16,2.40,1.60,283.60,nan
25-Feb-25 9:00:00 PM AEST,27.1,nan,nan,nan,nan,nan,291.80,0.36,7.10,3.50,293.80,nan
25-Feb-25 9:00:17 PM AEST,nan,nan,nan,nan,nan,0.01,nan,nan,nan,nan,nan,nan
25-Feb-25 9:01:00 PM AEST,nan,nan,22.8,nan,nan,nan,38.20,0.50,nan,3.70,41.40,nan
25-Feb-25 9:02:00 PM AEST,nan,77.7,22.9,nan,nan,nan,3.80,0.76,10.60,6.90,1.80,nan
25-Feb-25 9:03:00 PM AEST,nan,nan,nan,nan,nan,nan,357.00,0.52,8.30,4.80,1.50,nan
25-Feb-25 9:04:00 PM AEST,nan,77.8,nan,nan,nan,nan,5.60,0.31,7.10,2.90,13.50,nan
25-Feb-25 9:05:00 PM AEST,nan,nan,nan,nan,nan,nan,325.10,0.30,5.90,2.80,316.60,nan
25-Feb-25 9:06:00 PM AEST,nan,78.0,nan,nan,nan,nan,328.40,0.46,7.10,4.10,329.10,nan
25-Feb-25 9:07:00 PM AEST,nan,nan,nan,nan,nan,nan,308.70,0.44,5.90,3.40,312.50,nan
25-Feb-25 9:08:00 PM AEST,27.0,nan,nan,nan,nan,nan,298.50,0.27,4.70,2.70,298.50,nan
25-Feb-25 9:09:00 PM AEST,nan,78.2,nan,nan,nan,nan,6.50,0.47,7.10,4.20,16.30,nan
25-Feb-25 9:10:00 PM AEST,nan,nan,nan,nan,nan,nan,335.00,0.43,nan,2.90,327.50,nan
25-Feb-25 9:11:00 PM AEST,nan,78.3,nan,nan,nan,nan,305.60,0.49,nan,4.90,304.80,nan
25-Feb-25 9:12:00 PM AEST,27.1,nan,nan,nan,nan,nan,319.50,0.22,5.90,1.80,328.30,nan
25-Feb-25 9:13:00 PM AEST,nan,nan,23.0,nan,nan,nan,54.80,0.37,8.30,3.70,54.90,nan
25-Feb-25 9:13:05 PM AEST,27.0,nan,nan,nan,nan,nan,nan,nan,nan,nan,nan,nan
25-Feb-25 9:14:00 PM AEST,nan,78.5,22.9,nan,nan,nan,9.30,0.50,nan,4.80,7.90,nan
25-Feb-25 9:15:00 PM AEST,nan,nan,nan,nan,nan,nan,345.40,0.37,5.90,3.70,345.40,nan
25-Feb-25 9:16:00 PM AEST,nan,78.7,nan,nan,nan,nan,nan,0.17,3.50,1.70,345.50,0.80
25-Feb-25 9:17:00 PM AEST,nan,78.8,nan,nan,nan,nan,358.00,0.28,5.90,2.60,4.20,0.00
25-Feb-25 9:18:00 PM AEST,26.9,78.7,23.0,nan,nan,nan,48.20,0.40,7.10,3.90,50.80,nan
25-Feb-25 9:19:00 PM AEST,nan,78.8,22.9,nan,nan,nan,344.30,0.39,5.90,3.80,345.10,nan
25-Feb-25 9:20:00 PM AEST,nan,nan,nan,nan,nan,nan,10.30,0.51,7.10,4.80,10.60,nan
25-Feb-25 9:21:00 PM AEST,nan,79.0,nan,nan,nan,nan,334.30,0.29,nan,2.80,330.90,nan
25-Feb-25 9:22:00 PM AEST,nan,78.8,nan,nan,nan,nan,337.40,0.24,3.50,2.40,337.30,nan
25-Feb-25 9:23:00 PM AEST,nan,79.0,nan,nan,nan,nan,nan,0.22,nan,2.20,337.40,nan
25-Feb-25 9:24:00 PM AEST,nan,nan,nan,nan,nan,nan,336.50,0.37,5.90,3.70,336.10,nan
25-Feb-25 9:25:00 PM AEST,nan,nan,nan,nan,nan,nan,334.60,0.31,4.70,3.10,334.60,nan
25-Feb-25 9:26:00 PM AEST,26.8,79.3,nan,nan,nan,nan,40.60,0.36,5.90,3.00,38.80,nan
25-Feb-25 9:27:00 PM AEST,nan,79.2,23.0,nan,nan,nan,58.40,0.21,3.50,2.10,58.50,nan
25-Feb-25 9:28:00 PM AEST,nan,79.3,22.9,nan,nan,nan,14.30,0.45,7.10,4.10,7.50,nan
25-Feb-25 9:29:00 PM AEST,nan,79.2,nan,nan,nan,nan,18.30,0.49,nan,4.80,20.50,nan
25-Feb-25 9:30:00 PM AEST,nan,79.3,nan,nan,nan,nan,331.30,0.27,4.70,2.70,331.80,nan
25-Feb-25 9:31:00 PM AEST,nan,nan,nan,nan,nan,nan,329.70,0.19,3.50,2.00,329.80,nan
25-Feb-25 9:32:00 PM AEST,nan,79.5,23.0,nan,nan,nan,346.30,0.35,4.70,3.50,346.30,nan
25-Feb-25 9:33:00 PM AEST,nan,nan,nan,nan,nan,nan,346.50,0.28,nan,2.80,346.50,nan
25-Feb-25 9:34:00 PM AEST,nan,79.3,nan,nan,nan,nan,36.00,0.59,8.30,5.70,38.60,nan
25-Feb-25 9:35:00 PM AEST,nan,79.7,22.9,nan,nan,nan,52.10,0.44,5.90,3.80,49.80,nan
25-Feb-25 9:36:00 PM AEST,nan,79.5,nan,nan,nan,nan,349.60,0.33,nan,3.30,349.60,nan
25-Feb-25 9:37:00 PM AEST,nan,nan,23.0,nan,nan,nan,349.70,0.11,2.40,1.10,349.80,nan
25-Feb-25 9:38:00 PM AEST,nan,nan,nan,nan,nan,nan,306.20,0.33,4.70,3.10,305.10,nan
25-Feb-25 9:39:00 PM AEST,nan,nan,nan,nan,nan,nan,299.40,0.13,2.40,1.30,299.30,nan
25-Feb-25 9:40:00 PM AEST,nan,nan,nan,nan,nan,nan,296.70,0.09,4.70,0.80,287.90,nan
25-Feb-25 9:41:00 PM AEST,nan,79.7,nan,nan,nan,nan,197.60,0.31,nan,3.10,198.20,nan
25-Feb-25 9:42:00 PM AEST,26.9,nan,nan,nan,nan,nan,73.10,0.41,7.10,3.80,71.70,nan
25-Feb-25 9:43:00 PM AEST,nan,79.5,nan,nan,nan,nan,333.30,0.50,9.50,4.00,325.60,nan
25-Feb-25 9:44:00 PM AEST,nan,79.3,nan,nan,nan,nan,308.60,0.21,3.50,2.10,308.50,nan
25-Feb-25 9:45:00 PM AEST,nan,79.5,nan,nan,nan,nan,322.20,0.36,7.10,3.40,331.10,nan
25-Feb-25 9:46:00 PM AEST,nan,79.3,nan,nan,nan,nan,271.90,0.44,nan,4.30,271.60,nan
25-Feb-25 9:47:00 PM AEST,nan,79.5,nan,nan,nan,nan,279.20,0.27,4.70,2.20,285.20,nan
25-Feb-25 9:48:00 PM AEST,26.8,nan,23.1,nan,nan,nan,40.30,0.58,7.10,5.30,44.50,nan
25-Feb-25 9:49:00 PM AEST,nan,nan,23.0,nan,nan,nan,34.30,0.30,4.70,3.00,34.20,nan
25-Feb-25 9:49:05 PM AEST,26.9,nan,nan,nan,nan,nan,nan,nan,nan,nan,nan,nan
25-Feb-25 9:50:00 PM AEST,nan,79.7,nan,nan,nan,nan,29.00,0.21,8.30,1.80,14.00,nan
25-Feb-25 9:51:00 PM AEST,nan,79.5,23.1,nan,nan,nan,341.10,0.56,7.10,5.30,342.20,nan
25-Feb-25 9:52:00 PM AEST,nan,nan,23.0,nan,nan,nan,47.00,0.55,8.30,5.20,47.10,nan
25-Feb-25 9:53:00 PM AEST,nan,79.7,nan,nan,nan,nan,22.90,0.25,4.70,2.50,24.30,0.80
25-Feb-25 9:54:00 PM AEST,nan,79.5,23.1,nan,nan,nan,18.20,0.16,3.50,1.60,18.20,0.00
25-Feb-25 9:55:00 PM AEST,nan,79.7,nan,nan,nan,nan,18.10,0.17,nan,1.70,18.10,nan
25-Feb-25 9:56:00 PM AEST,nan,nan,nan,nan,nan,nan,18.80,0.07,2.40,0.70,19.10,nan
25-Feb-25 9:57:00 PM AEST,nan,79.5,23.0,nan,nan,nan,9.00,0.22,4.70,1.90,1.30,nan
25-Feb-25 9:58:00 PM AEST,nan,79.7,nan,nan,nan,nan,306.40,0.51,11.80,4.90,307.20,nan
25-Feb-25 9:59:00 PM AEST,nan,79.5,23.1,nan,nan,nan,298.90,0.81,nan,6.60,299.90,nan
25-Feb-25 10:00:00 PM AEST,nan,nan,23.0,nan,nan,nan,323.40,0.33,7.10,3.30,323.30,nan
25-Feb-25 10:00:18 PM AEST,nan,nan,nan,nan,nan,0.01,nan,nan,nan,nan,nan,nan
25-Feb-25 10:01:00 PM AEST,nan,79.3,23.1,nan,nan,nan,335.60,0.41,5.90,4.00,339.10,nan
25-Feb-25 10:02:00 PM AEST,nan,79.5,23.0,nan,nan,nan,2.00,0.39,nan,3.90,1.70,nan
25-Feb-25 10:03:00 PM AEST,nan,79.3,nan,nan,nan,nan,326.10,0.56,8.30,5.50,325.20,nan
25-Feb-25 10:04:00 PM AEST,nan,nan,nan,nan,nan,nan,322.70,0.18,3.50,1.80,322.60,nan
25-Feb-25 10:05:00 PM AEST,nan,nan,nan,nan,nan,nan,nan,0.09,2.40,0.90,322.80,nan
25-Feb-25 10:06:00 PM AEST,nan,nan,nan,nan,nan,nan,322.80,0.01,1.20,0.10,322.40,nan
25-Feb-25 10:07:00 PM AEST,nan,79.5,nan,nan,nan,nan,nan,0.21,3.50,2.10,322.70,nan
25-Feb-25 10:08:00 PM AEST,nan,79.3,nan,nan,nan,nan,nan,0.08,2.40,0.80,nan,nan
25-Feb-25 10:09:00 PM AEST,nan,nan,nan,nan,nan,nan,322.90,0.09,3.50,0.90,322.80,nan
25-Feb-25 10:10:00 PM AEST,nan,79.5,nan,nan,nan,nan,347.70,0.36,4.70,3.60,347.70,nan
25-Feb-25 10:11:00 PM AEST,nan,79.3,nan,nan,nan,nan,339.30,0.25,nan,2.40,331.90,nan
25-Feb-25 10:12:00 PM AEST,nan,nan,nan,nan,nan,nan,347.40,0.30,nan,nan,336.80,nan
25-Feb-25 10:13:00 PM AEST,nan,79.2,nan,nan,nan,nan,15.60,0.35,8.30,3.50,20.00,nan
25-Feb-25 10:14:00 PM AEST,nan,nan,nan,nan,nan,nan,15.40,0.39,7.10,3.80,14.40,nan
25-Feb-25 10:15:00 PM AEST,nan,nan,nan,nan,nan,nan,351.10,0.11,3.50,1.10,351.20,nan
25-Feb-25 10:16:00 PM AEST,nan,79.0,nan,nan,nan,nan,309.90,0.35,5.90,3.50,307.20,nan
25-Feb-25 10:17:00 PM AEST,nan,78.8,nan,nan,nan,nan,308.70,0.34,7.10,3.30,311.10,nan
25-Feb-25 10:18:00 PM AEST,nan,79.0,22.9,nan,nan,nan,302.50,0.53,8.30,5.20,305.30,nan
25-Feb-25 10:19:00 PM AEST,27.0,78.8,23.0,nan,nan,nan,311.10,0.36,7.10,3.60,310.40,nan
25-Feb-25 10:20:00 PM AEST,nan,79.0,nan,nan,nan,nan,312.20,0.17,3.50,1.70,312.10,nan
25-Feb-25 10:20:05 PM AEST,26.9,nan,nan,nan,nan,nan,nan,nan,nan,nan,nan,nan
25-Feb-25 10:21:00 PM AEST,nan,nan,nan,nan,nan,nan,300.80,0.25,10.60,2.40,280.80,nan
25-Feb-25 10:22:00 PM AEST,nan,nan,22.9,nan,nan,nan,30.70,0.57,7.10,3.20,23.60,nan
25-Feb-25 10:23:00 PM AEST,nan,79.3,nan,nan,nan,nan,65.40,0.21,4.70,2.10,65.50,nan
25-Feb-25 10:24:00 PM AEST,26.8,79.5,23.0,nan,nan,nan,65.50,0.01,1.20,0.10,68.20,nan
25-Feb-25 10:25:00 PM AEST,nan,79.3,nan,nan,nan,nan,25.40,0.37,5.90,1.30,342.90,nan
25-Feb-25 10:26:00 PM AEST,nan,79.5,nan,nan,nan,nan,45.70,0.40,7.10,3.50,37.10,nan
25-Feb-25 10:27:00 PM AEST,nan,nan,nan,nan,nan,nan,2.70,0.20,4.70,2.00,2.60,nan
25-Feb-25 10:28:00 PM AEST,nan,nan,nan,nan,nan,nan,343.50,0.36,5.90,3.60,342.20,nan
25-Feb-25 10:29:00 PM AEST,26.9,79.3,nan,nan,nan,nan,339.50,0.18,3.50,1.80,339.50,0.80
25-Feb-25 10:30:00 PM AEST,nan,nan,nan,nan,nan,nan,3.80,0.35,5.90,2.90,10.80,0.00
25-Feb-25 10:30:05 PM AEST,26.8,nan,nan,nan,nan,nan,nan,nan,nan,nan,nan,nan
25-Feb-25 10:31:00 PM AEST,nan,79.5,nan,nan,nan,nan,348.50,0.46,7.10,3.90,342.50,nan
25-Feb-25 10:31:10 PM AEST,26.9,nan,nan,nan,nan,nan,nan,nan,nan,nan,nan,nan
25-Feb-25 10:32:00 PM AEST,nan,79.3,nan,nan,nan,nan,335.30,0.40,nan,4.00,335.30,nan
25-Feb-25 10:33:00 PM AEST,nan,79.5,nan,nan,nan,nan,nan,0.20,3.50,2.00,nan,nan
25-Feb-25 10:34:00 PM AEST,nan,nan,nan,nan,nan,nan,343.00,0.29,5.90,2.80,347.60,nan
25-Feb-25 10:35:00 PM AEST,nan,79.3,nan,nan,nan,nan,14.80,0.57,8.30,5.20,14.20,nan
25-Feb-25 10:36:00 PM AEST,nan,nan,nan,nan,nan,nan,23.40,0.41,7.10,4.10,23.40,nan
25-Feb-25 10:37:00 PM AEST,nan,nan,nan,nan,nan,nan,73.10,0.72,9.50,6.40,72.20,nan
25-Feb-25 10:38:00 PM AEST,nan,79.2,nan,nan,nan,nan,30.10,0.60,8.30,3.10,38.20,nan
25-Feb-25 10:39:00 PM AEST,nan,nan,nan,nan,nan,nan,357.00,0.45,5.90,4.40,356.30,nan
25-Feb-25 10:40:00 PM AEST,nan,79.3,nan,nan,nan,nan,nan,0.23,3.50,2.30,357.00,nan
25-Feb-25 10:41:00 PM AEST,nan,79.2,nan,nan,nan,nan,18.40,0.54,9.50,4.70,21.70,nan
25-Feb-25 10:42:00 PM AEST,nan,79.0,nan,nan,nan,nan,341.00,0.45,7.10,4.40,340.60,nan
25-Feb-25 10:43:00 PM AEST,nan,nan,22.9,nan,nan,nan,333.30,0.17,3.50,1.70,333.30,nan
25-Feb-25 10:44:00 PM AEST,nan,79.2,nan,nan,nan,nan,333.40,0.11,2.40,1.10,nan,nan
25-Feb-25 10:45:00 PM AEST,nan,nan,23.0,nan,nan,nan,333.30,0.18,4.70,1.80,nan,nan
25-Feb-25 10:46:00 PM AEST,26.8,nan,nan,nan,nan,nan,44.10,0.43,5.90,4.20,44.20,nan
25-Feb-25 10:47:00 PM AEST,nan,79.3,22.9,nan,nan,nan,37.80,0.38,nan,3.80,36.40,nan
25-Feb-25 10:48:00 PM AEST,nan,79.5,nan,nan,nan,nan,30.70,0.32,4.70,3.20,30.70,nan
25-Feb-25 10:49:00 PM AEST,nan,nan,23.0,nan,nan,nan,31.70,0.08,2.40,0.80,31.60,nan
25-Feb-25 10:50:00 PM AEST,nan,79.7,nan,nan,nan,nan,3.30,0.36,7.10,3.40,358.50,nan
25-Feb-25 10:51:00 PM AEST,nan,79.3,nan,nan,nan,nan,331.20,0.71,9.50,6.20,328.20,nan
25-Feb-25 10:52:00 PM AEST,26.9,79.2,22.9,nan,nan,nan,303.50,0.43,nan,4.30,303.40,nan
25-Feb-25 10:53:00 PM AEST,nan,79.3,nan,nan,nan,nan,304.40,0.09,2.40,0.90,304.20,nan
25-Feb-25 10:53:05 PM AEST,26.8,nan,nan,nan,nan,nan,nan,nan,nan,nan,nan,nan
25-Feb-25 10:54:00 PM AEST,nan,nan,23.0,nan,nan,nan,304.60,0.03,1.20,0.30,304.60,nan
25-Feb-25 10:54:10 PM AEST,26.9,nan,nan,nan,nan,nan,nan,nan,nan,nan,nan,nan
25-Feb-25 10:55:00 PM AEST,nan,nan,nan,nan,nan,nan,321.70,0.13,4.70,1.10,12.20,nan
25-Feb-25 10:55:15 PM AEST,26.8,nan,nan,nan,nan,nan,nan,nan,nan,nan,nan,nan
25-Feb-25 10:56:00 PM AEST,nan,nan,nan,nan,nan,nan,19.90,0.20,3.50,2.00,19.90,nan
25-Feb-25 10:57:00 PM AEST,nan,nan,22.9,nan,nan,nan,25.40,0.31,4.70,2.90,28.60,nan
25-Feb-25 10:58:00 PM AEST,nan,nan,23.0,nan,nan,nan,92.90,0.34,5.90,3.40,92.80,nan
25-Feb-25 10:59:00 PM AEST,nan,79.7,22.9,nan,nan,nan,93.20,0.07,1.20,0.70,93.10,nan
25-Feb-25 11:00:00 PM AEST,nan,79.5,nan,nan,nan,nan,nan,0.00,0.00,0.00,0.00,nan
25-Feb-25 11:00:19 PM AEST,nan,nan,nan,nan,nan,0.01,nan,nan,nan,nan,nan,nan
25-Feb-25 11:01:00 PM AEST,26.7,79.7,nan,nan,nan,nan,nan,0.04,1.20,0.40,92.90,nan
25-Feb-25 11:02:00 PM AEST,nan,79.5,nan,nan,nan,nan,32.10,0.18,3.50,1.40,347.80,nan
25-Feb-25 11:03:00 PM AEST,nan,79.7,nan,nan,nan,nan,337.40,0.06,2.40,0.60,337.30,nan
25-Feb-25 11:04:00 PM AEST,nan,79.5,nan,nan,nan,nan,0.00,0.33,5.90,3.00,5.10,nan
25-Feb-25 11:05:00 PM AEST,nan,nan,nan,nan,nan,nan,9.30,0.44,nan,4.30,9.70,nan
25-Feb-25 11:06:00 PM AEST,26.8,79.7,nan,nan,nan,nan,16.50,0.18,3.50,1.80,16.40,0.80
25-Feb-25 11:07:00 PM AEST,nan,79.5,nan,nan,nan,nan,nan,0.06,nan,0.60,16.50,0.00
25-Feb-25 11:08:00 PM AEST,nan,nan,nan,nan,nan,nan,336.70,0.38,7.10,3.50,328.50,nan
25-Feb-25 11:09:00 PM AEST,nan,nan,nan,nan,nan,nan,346.80,0.58,13.00,5.00,338.50,nan
25-Feb-25 11:10:00 PM AEST,nan,79.7,23.0,nan,nan,nan,359.50,0.34,5.90,3.40,358.90,nan
25-Feb-25 11:11:00 PM AEST,nan,79.5,nan,nan,nan,nan,349.20,0.30,nan,2.90,344.30,nan
25-Feb-25 11:12:00 PM AEST,nan,nan,nan,nan,nan,nan,8.00,nan,4.70,2.80,4.60,nan
25-Feb-25 11:13:00 PM AEST,26.9,nan,nan,nan,nan,nan,17.60,0.15,2.40,1.50,17.60,nan
25-Feb-25 11:14:00 PM AEST,nan,nan,nan,nan,nan,nan,324.00,0.34,5.90,3.20,315.50,nan
25-Feb-25 11:14:05 PM AEST,26.8,nan,nan,nan,nan,nan,nan,nan,nan,nan,nan,nan
25-Feb-25 11:15:00 PM AEST,nan,79.3,nan,nan,nan,nan,335.10,0.35,4.70,2.90,338.10,nan
25-Feb-25 11:15:10 PM AEST,26.9,nan,nan,nan,nan,nan,nan,nan,nan,nan,nan,nan
25-Feb-25 11:16:00 PM AEST,nan,nan,nan,nan,nan,nan,303.50,0.53,7.10,4.90,300.10,nan
25-Feb-25 11:17:00 PM AEST,nan,79.2,nan,nan,nan,nan,306.40,0.46,8.30,4.50,305.90,nan
25-Feb-25 11:18:00 PM AEST,nan,nan,nan,nan,nan,nan,345.00,0.57,9.50,5.10,343.60,nan
25-Feb-25 11:19:00 PM AEST,nan,nan,nan,nan,nan,nan,23.40,0.27,4.70,2.70,25.40,nan
25-Feb-25 11:20:00 PM AEST,nan,79.0,nan,nan,nan,nan,27.20,nan,9.50,2.60,36.40,nan
25-Feb-25 11:21:00 PM AEST,27.0,nan,nan,nan,nan,nan,329.20,0.47,8.30,3.00,337.80,nan
25-Feb-25 11:22:00 PM AEST,nan,78.8,nan,nan,nan,nan,332.80,0.67,11.80,6.30,338.70,nan
25-Feb-25 11:22:05 PM AEST,26.9,nan,nan,nan,nan,nan,nan,nan,nan,nan,nan,nan
25-Feb-25 11:23:00 PM AEST,nan,nan,22.9,nan,nan,nan,330.10,0.40,5.90,3.70,332.70,nan
25-Feb-25 11:23:10 PM AEST,27.0,nan,nan,nan,nan,nan,nan,nan,nan,nan,nan,nan
25-Feb-25 11:24:00 PM AEST,nan,nan,23.0,nan,nan,nan,323.70,1.03,16.60,10.00,324.20,nan
25-Feb-25 11:25:00 PM AEST,nan,78.5,nan,nan,nan,nan,317.00,0.58,9.50,5.70,318.90,nan
25-Feb-25 11:26:00 PM AEST,nan,nan,22.9,nan,nan,nan,313.90,0.13,2.40,1.30,313.90,nan
25-Feb-25 11:27:00 PM AEST,nan,nan,nan,nan,nan,nan,311.40,0.56,10.60,5.00,307.60,nan
25-Feb-25 11:28:00 PM AEST,nan,nan,nan,nan,nan,nan,316.70,0.44,8.30,3.80,309.70,nan
25-Feb-25 11:29:00 PM AEST,nan,nan,23.0,nan,nan,nan,344.00,0.55,10.60,5.40,342.20,nan
25-Feb-25 11:30:00 PM AEST,nan,nan,22.9,nan,nan,nan,353.60,0.72,nan,5.90,351.70,nan
25-Feb-25 11:31:00 PM AEST,nan,78.3,nan,nan,nan,nan,340.40,0.74,9.50,7.20,339.20,nan
25-Feb-25 11:32:00 PM AEST,nan,nan,nan,nan,nan,nan,320.20,0.80,10.60,7.90,320.10,nan
25-Feb-25 11:33:00 PM AEST,nan,78.2,nan,nan,nan,nan,314.00,0.54,8.30,5.40,313.90,nan
25-Feb-25 11:34:00 PM AEST,nan,78.3,nan,nan,nan,nan,314.70,0.09,3.50,0.90,314.70,nan
25-Feb-25 11:35:00 PM AEST,nan,78.0,nan,nan,nan,nan,316.90,0.21,4.70,2.10,319.50,nan
25-Feb-25 11:36:00 PM AEST,nan,78.2,22.8,nan,nan,nan,85.90,0.44,7.10,3.90,92.50,nan
25-Feb-25 11:37:00 PM AEST,nan,78.3,22.9,nan,nan,nan,279.70,0.33,4.70,1.50,270.00,nan
25-Feb-25 11:38:00 PM AEST,nan,78.2,nan,nan,nan,nan,263.60,0.19,3.50,1.90,263.50,nan
25-Feb-25 11:39:00 PM AEST,nan,nan,22.8,nan,nan,nan,nan,0.15,2.40,1.50,263.70,nan
25-Feb-25 11:40:00 PM AEST,26.9,78.0,nan,nan,nan,nan,300.30,0.67,9.50,6.50,306.90,nan
25-Feb-25 11:41:00 PM AEST,nan,77.8,22.7,nan,nan,nan,320.20,0.40,5.90,3.90,319.60,nan
25-Feb-25 11:42:00 PM AEST,nan,78.2,nan,nan,nan,nan,352.30,0.34,4.70,3.10,354.50,nan
25-Feb-25 11:43:00 PM AEST,26.8,nan,nan,nan,nan,nan,11.10,0.28,3.50,2.80,11.00,0.80
25-Feb-25 11:44:00 PM AEST,nan,77.8,nan,nan,nan,nan,nan,0.14,2.40,1.40,10.80,0.00
25-Feb-25 11:44:05 PM AEST,26.9,nan,nan,nan,nan,nan,nan,nan,nan,nan,nan,nan
25-Feb-25 11:45:00 PM AEST,nan,nan,nan,nan,nan,nan,nan,0.15,3.50,1.50,11.20,nan
25-Feb-25 11:45:10 PM AEST,26.8,nan,nan,nan,nan,nan,nan,nan,nan,nan,nan,nan
25-Feb-25 11:46:00 PM AEST,nan,78.0,22.6,nan,nan,nan,nan,0.16,nan,1.60,nan,nan
25-Feb-25 11:47:00 PM AEST,nan,78.2,nan,nan,nan,nan,11.20,0.03,1.20,0.30,10.50,nan
25-Feb-25 11:48:00 PM AEST,26.7,78.0,nan,nan,nan,nan,11.10,0.01,2.40,0.10,10.60,nan
25-Feb-25 11:49:00 PM AEST,nan,77.7,nan,nan,nan,nan,8.60,0.22,4.70,2.20,8.20,nan
25-Feb-25 11:50:00 PM AEST,26.8,77.5,22.5,nan,nan,nan,335.50,0.37,nan,3.20,331.60,nan
25-Feb-25 11:51:00 PM AEST,nan,77.3,nan,nan,nan,nan,323.40,0.43,7.10,4.30,323.30,nan
25-Feb-25 11:52:00 PM AEST,nan,nan,nan,nan,nan,nan,323.80,0.14,2.40,1.40,323.80,nan
25-Feb-25 11:53:00 PM AEST,nan,nan,nan,nan,nan,nan,nan,0.09,nan,0.90,323.60,nan
25-Feb-25 11:54:00 PM AEST,nan,77.2,nan,nan,nan,nan,345.00,0.40,7.10,3.70,349.70,nan
25-Feb-25 11:55:00 PM AEST,nan,77.0,nan,nan,nan,nan,345.10,0.77,11.80,7.60,345.00,nan
25-Feb-25 11:56:00 PM AEST,nan,76.7,nan,nan,nan,nan,343.00,0.67,10.60,6.30,341.70,nan
25-Feb-25 11:57:00 PM AEST,26.9,76.8,22.4,nan,nan,nan,347.10,0.38,7.10,3.70,349.10,nan
25-Feb-25 11:58:00 PM AEST,nan,76.7,nan,nan,nan,nan,335.50,0.47,nan,3.80,337.30,nan
25-Feb-25 11:58:05 PM AEST,26.8,nan,nan,nan,nan,nan,nan,nan,nan,nan,nan,nan
25-Feb-25 11:59:00 PM AEST,nan,76.5,nan,nan,nan,nan,338.50,0.37,5.90,3.70,338.00,0.30
25-Feb-25 11:59:10 PM AEST,26.9,nan,nan,nan,nan,nan,nan,nan,nan,nan,nan,nan
26-Feb-25 12:00:00 AM AEST,nan,76.7,nan,nan,nan,nan,321.30,0.59,8.30,5.60,319.60,0.00
26-Feb-25 12:00:20 AM AEST,nan,nan,nan,nan,nan,0.01,nan,nan,nan,nan,nan,nan
26-Feb-25 12:01:00 AM AEST,nan,76.5,nan,nan,nan,nan,291.20,0.26,5.90,2.60,291.20,nan
26-Feb-25 12:02:00 AM AEST,nan,nan,nan,nan,nan,nan,333.20,0.71,9.50,6.30,329.20,nan
26-Feb-25 12:03:00 AM AEST,nan,nan,nan,nan,nan,nan,324.10,0.40,5.90,4.00,323.40,nan
26-Feb-25 12:04:00 AM AEST,nan,76.8,nan,nan,nan,nan,329.10,0.24,4.70,2.40,328.20,nan
26-Feb-25 12:05:00 AM AEST,nan,77.0,22.5,nan,nan,nan,330.20,0.12,2.40,1.20,329.70,nan
26-Feb-25 12:06:00 AM AEST,nan,nan,nan,nan,nan,nan,271.20,0.37,5.90,3.60,270.10,nan
26-Feb-25 12:07:00 AM AEST,26.8,77.3,nan,nan,nan,nan,310.20,0.22,3.50,2.20,310.10,nan
26-Feb-25 12:08:00 AM AEST,nan,77.2,nan,nan,nan,nan,310.40,nan,nan,nan,310.30,nan
26-Feb-25 12:09:00 AM AEST,nan,nan,nan,nan,nan,nan,327.00,0.33,7.10,2.90,339.10,nan
26-Feb-25 12:10:00 AM AEST,nan,nan,nan,nan,nan,nan,342.90,0.65,9.50,5.90,343.70,nan
26-Feb-25 12:11:00 AM AEST,nan,77.3,nan,nan,nan,nan,319.90,nan,nan,6.00,318.20,nan
26-Feb-25 12:12:00 AM AEST,nan,nan,nan,nan,nan,nan,324.50,0.36,5.90,3.60,323.50,nan
26-Feb-25 12:13:00 AM AEST,nan,nan,nan,nan,nan,nan,328.30,0.21,3.50,2.10,328.30,nan
26-Feb-25 12:14:00 AM AEST,nan,77.5,nan,nan,nan,nan,nan,0.41,7.10,4.10,nan,nan
26-Feb-25 12:15:00 AM AEST,nan,nan,nan,nan,nan,nan,328.90,0.37,5.90,3.70,328.90,nan
26-Feb-25 12:16:00 AM AEST,26.7,77.7,nan,nan,nan,nan,323.80,0.38,7.10,nan,321.40,nan
26-Feb-25 12:17:00 AM AEST,nan,77.8,nan,nan,nan,nan,345.00,0.54,10.60,5.00,333.40,nan
26-Feb-25 12:18:00 AM AEST,nan,78.2,nan,nan,nan,nan,29.40,0.16,2.40,1.60,29.30,nan
26-Feb-25 12:19:00 AM AEST,nan,nan,22.6,nan,nan,nan,29.30,0.08,nan,0.80,nan,0.80
26-Feb-25 12:20:00 AM AEST,nan,78.3,nan,nan,nan,nan,29.40,0.01,1.20,0.10,28.90,0.00
26-Feb-25 12:21:00 AM AEST,nan,nan,nan,nan,nan,nan,nan,0.20,2.40,2.00,29.30,nan
26-Feb-25 12:22:00 AM AEST,26.6,78.5,nan,nan,nan,nan,30.00,0.24,4.70,2.40,30.00,nan
26-Feb-25 12:23:00 AM AEST,nan,78.3,22.5,nan,nan,nan,nan,0.11,2.40,1.10,29.90,nan
26-Feb-25 12:24:00 AM AEST,nan,78.5,nan,nan,nan,nan,337.70,0.40,7.10,3.50,329.20,nan
26-Feb-25 12:25:00 AM AEST,nan,78.7,nan,nan,nan,nan,320.30,0.19,3.50,1.90,320.30,nan
26-Feb-25 12:26:00 AM AEST,nan,78.5,22.6,nan,nan,nan,nan,0.15,2.40,1.50,nan,nan
26-Feb-25 12:27:00 AM AEST,nan,78.7,22.5,nan,nan,nan,70.00,0.40,5.90,3.00,86.00,nan
26-Feb-25 12:28:00 AM AEST,nan,78.8,nan,nan,nan,nan,62.00,nan,7.10,nan,53.60,nan
26-Feb-25 12:29:00 AM AEST,nan,nan,22.6,nan,nan,nan,351.70,0.50,nan,5.00,351.60,nan
26-Feb-25 12:30:00 AM AEST,26.5,nan,nan,nan,nan,nan,nan,0.14,3.50,1.40,351.70,nan
26-Feb-25 12:31:00 AM AEST,nan,nan,22.5,nan,nan,nan,nan,0.12,2.40,1.20,351.90,nan
26-Feb-25 12:31:05 AM AEST,26.6,nan,nan,nan,nan,nan,nan,nan,nan,nan,nan,nan
26-Feb-25 12:32:00 AM AEST,nan,79.0,22.6,nan,nan,nan,323.20,0.30,4.70,2.40,309.50,nan
26-Feb-25 12:32:10 AM AEST,26.5,nan,nan,nan,nan,nan,nan,nan,nan,nan,nan,nan
26-Feb-25 12:33:00 AM AEST,nan,nan,nan,nan,nan,nan,277.60,0.25,nan,2.50,277.50,nan
26-Feb-25 12:34:00 AM AEST,nan,nan,nan,nan,nan,nan,277.50,0.15,3.50,1.50,277.60,nan
26-Feb-25 12:35:00 AM AEST,nan,79.2,nan,nan,nan,nan,nan,0.11,2.40,1.10,277.50,nan
26-Feb-25 12:36:00 AM AEST,nan,nan,nan,nan,nan,nan,nan,0.22,3.50,2.20,277.40,nan
26-Feb-25 12:37:00 AM AEST,nan,78.8,nan,nan,nan,nan,277.60,nan,2.40,nan,277.50,nan
26-Feb-25 12:38:00 AM AEST,nan,79.2,22.5,nan,nan,nan,nan,0.19,3.50,1.90,nan,nan
26-Feb-25 12:39:00 AM AEST,nan,79.0,22.6,nan,nan,nan,283.40,0.13,4.70,1.20,294.20,nan
26-Feb-25 12:40:00 AM AEST,26.4,79.5,22.5,nan,nan,nan,11.80,0.34,5.90,2.70,13.70,nan
26-Feb-25 12:41:00 AM AEST,nan,79.7,22.6,nan,nan,nan,38.00,0.25,7.10,2.50,33.40,nan
26-Feb-25 12:42:00 AM AEST,nan,79.5,nan,nan,nan,nan,39.40,0.47,nan,4.70,38.90,nan
26-Feb-25 12:43:00 AM AEST,nan,nan,nan,nan,nan,nan,10.40,0.32,nan,2.40,344.60,nan
26-Feb-25 12:44:00 AM AEST,nan,79.7,nan,nan,nan,nan,319.20,0.14,3.50,1.40,319.20,nan
26-Feb-25 12:45:00 AM AEST,nan,79.5,nan,nan,nan,nan,319.10,0.04,nan,0.40,318.90,nan
26-Feb-25 12:46:00 AM AEST,nan,79.3,nan,nan,nan,nan,277.70,0.52,7.10,5.00,274.90,nan
26-Feb-25 12:47:00 AM AEST,26.5,79.5,22.5,nan,nan,nan,35.70,0.40,5.90,2.90,30.00,nan
26-Feb-25 12:48:00 AM AEST,nan,79.8,22.6,nan,nan,nan,51.20,0.42,8.30,4.20,51.30,nan
26-Feb-25 12:48:05 AM AEST,26.4,nan,nan,nan,nan,nan,nan,nan,nan,nan,nan,nan
26-Feb-25 12:49:00 AM AEST,nan,79.7,nan,nan,nan,nan,353.50,0.40,nan,3.40,2.00,nan
26-Feb-25 12:50:00 AM AEST,nan,nan,nan,nan,nan,nan,5.40,0.31,4.70,3.10,4.70,nan
26-Feb-25 12:51:00 AM AEST,nan,nan,nan,nan,nan,nan,14.00,0.08,2.40,0.80,13.90,nan
26-Feb-25 12:52:00 AM AEST,nan,nan,nan,nan,nan,nan,20.50,0.26,5.90,2.50,25.40,nan
26-Feb-25 12:53:00 AM AEST,26.3,nan,nan,nan,nan,nan,59.50,0.36,nan,3.60,59.50,nan
26-Feb-25 12:54:00 AM AEST,nan,79.8,22.5,nan,nan,nan,3.30,0.50,7.10,4.60,1.60,nan
26-Feb-25 12:55:00 AM AEST,nan,79.7,nan,nan,nan,nan,338.30,0.46,nan,4.50,339.30,0.80
26-Feb-25 12:56:00 AM AEST,nan,79.5,nan,nan,nan,nan,336.30,0.15,3.50,1.50,336.30,0.00
26-Feb-25 12:57:00 AM AEST,nan,79.7,nan,nan,nan,nan,336.40,0.14,2.40,1.40,336.40,nan
26-Feb-25 12:58:00 AM AEST,nan,80.0,nan,nan,nan,nan,nan,0.27,3.50,2.70,nan,nan
26-Feb-25 12:59:00 AM AEST,26.2,nan,22.6,nan,nan,nan,nan,0.13,2.40,1.30,336.30,nan
26-Feb-25 1:00:00 AM AEST,nan,80.2,22.5,nan,nan,nan,336.30,0.00,0.00,0.00,0.00,nan
26-Feb-25 1:00:21 AM AEST,nan,nan,nan,nan,nan,0.00,nan,nan,nan,nan,nan,nan
26-Feb-25 1:01:00 AM AEST,nan,nan,nan,nan,nan,nan,336.40,0.01,1.20,0.10,338.20,nan
26-Feb-25 1:02:00 AM AEST,nan,79.8,nan,nan,nan,nan,320.90,0.37,5.90,3.70,316.70,nan
26-Feb-25 1:03:00 AM AEST,nan,79.7,22.4,nan,nan,nan,310.40,0.24,3.50,2.40,310.30,nan
26-Feb-25 1:04:00 AM AEST,nan,79.5,nan,nan,nan,nan,311.00,0.30,4.70,3.00,311.00,nan
26-Feb-25 1:05:00 AM AEST,nan,79.7,nan,nan,nan,nan,319.20,0.19,3.50,2.00,319.20,nan
26-Feb-25 1:06:00 AM AEST,nan,nan,nan,nan,nan,nan,319.10,0.22,nan,2.20,nan,nan
26-Feb-25 1:07:00 AM AEST,26.1,79.8,nan,nan,nan,nan,319.20,0.27,nan,2.70,nan,nan
26-Feb-25 1:08:00 AM AEST,nan,nan,nan,nan,nan,nan,nan,0.22,nan,2.20,nan,nan
26-Feb-25 1:09:00 AM AEST,nan,nan,nan,nan,nan,nan,nan,0.14,2.40,1.40,319.10,nan
26-Feb-25 1:10:00 AM AEST,nan,nan,22.3,nan,nan,nan,nan,0.01,1.20,0.10,317.50,nan
26-Feb-25 1:11:00 AM AEST,nan,80.2,nan,nan,nan,nan,319.10,0.02,2.40,0.20,319.10,nan
26-Feb-25 1:12:00 AM AEST,26.0,80.3,22.4,nan,nan,nan,319.20,0.14,nan,1.40,319.20,nan
26-Feb-25 1:13:00 AM AEST,nan,80.7,22.3,nan,nan,nan,nan,0.21,3.50,2.10,nan,nan
26-Feb-25 1:13:05 AM AEST,25.9,nan,nan,nan,nan,nan,nan,nan,nan,nan,nan,nan
26-Feb-25 1:14:00 AM AEST,nan,80.8,22.4,nan,nan,nan,nan,0.26,nan,2.60,319.10,nan
26-Feb-25 1:15:00 AM AEST,nan,nan,22.3,nan,nan,nan,319.10,0.09,2.40,0.90,nan,nan
26-Feb-25 1:16:00 AM AEST,nan,81.0,nan,nan,nan,nan,319.20,0.00,0.00,0.00,0.00,nan
26-Feb-25 1:17:00 AM AEST,nan,81.2,nan,nan,nan,nan,nan,0.08,2.40,0.80,319.20,nan
26-Feb-25 1:18:00 AM AEST,25.8,81.3,22.4,nan,nan,nan,nan,nan,nan,nan,nan,nan
26-Feb-25 1:19:00 AM AEST,nan,81.5,nan,nan,nan,nan,nan,0.14,nan,1.40,nan,nan
26-Feb-25 1:20:00 AM AEST,nan,81.3,nan,nan,nan,nan,319.10,0.17,nan,1.70,319.10,nan
26-Feb-25 1:21:00 AM AEST,25.9,81.2,nan,nan,nan,nan,319.20,0.10,3.50,1.00,319.20,nan
26-Feb-25 1:22:00 AM AEST,nan,81.3,nan,nan,nan,nan,nan,0.00,0.00,0.00,0.00,nan
26-Feb-25 1:22:05 AM AEST,25.8,nan,nan,nan,nan,nan,nan,nan,nan,nan,nan,nan
26-Feb-25 1:23:00 AM AEST,nan,81.5,nan,nan,nan,nan,32.50,0.38,4.70,3.40,33.40,nan
26-Feb-25 1:24:00 AM AEST,25.9,nan,nan,nan,nan,nan,82.70,0.30,nan,3.00,82.80,nan
26-Feb-25 1:25:00 AM AEST,nan,nan,22.5,nan,nan,nan,347.50,0.45,8.30,3.30,333.90,nan
26-Feb-25 1:26:00 AM AEST,nan,nan,nan,nan,nan,nan,329.70,0.34,3.50,3.40,329.70,nan
26-Feb-25 1:27:00 AM AEST,26.0,81.3,nan,nan,nan,nan,280.60,0.30,4.70,2.80,282.30,nan
26-Feb-25 1:28:00 AM AEST,nan,81.0,nan,nan,nan,nan,296.90,0.37,7.10,3.70,296.80,nan
26-Feb-25 1:29:00 AM AEST,nan,80.8,nan,nan,nan,nan,nan,0.14,2.40,1.40,nan,nan
26-Feb-25 1:30:00 AM AEST,nan,nan,22.4,nan,nan,nan,322.10,0.18,4.70,1.60,344.10,nan
26-Feb-25 1:31:00 AM AEST,26.1,81.0,22.5,nan,nan,nan,1.70,0.12,2.40,1.20,1.50,nan
26-Feb-25 1:32:00 AM AEST,nan,nan,nan,nan,nan,nan,2.90,0.28,4.70,2.80,2.80,0.80
26-Feb-25 1:33:00 AM AEST,nan,80.8,nan,nan,nan,nan,3.60,nan,nan,nan,3.50,0.00
26-Feb-25 1:34:00 AM AEST,nan,81.0,nan,nan,nan,nan,324.40,0.30,3.50,3.00,323.80,nan
26-Feb-25 1:35:00 AM AEST,nan,80.8,22.6,nan,nan,nan,323.00,0.23,nan,2.30,322.90,nan
26-Feb-25 1:36:00 AM AEST,nan,81.0,22.5,nan,nan,nan,323.10,0.02,2.40,0.20,323.00,nan
26-Feb-25 1:37:00 AM AEST,nan,81.3,22.6,nan,nan,nan,nan,0.23,3.50,2.30,323.10,nan
26-Feb-25 1:38:00 AM AEST,nan,81.5,nan,nan,nan,nan,nan,0.09,2.40,0.90,323.00,nan
26-Feb-25 1:39:00 AM AEST,26.0,81.8,22.7,nan,nan,nan,323.00,0.05,3.50,0.50,322.90,nan
26-Feb-25 1:40:00 AM AEST,nan,82.0,nan,nan,nan,nan,283.00,0.33,4.70,2.50,284.10,nan
26-Feb-25 1:41:00 AM AEST,nan,nan,nan,nan,nan,nan,205.10,0.25,3.50,nan,205.10,nan
26-Feb-25 1:42:00 AM AEST,nan,81.8,nan,nan,nan,nan,200.40,0.11,2.40,1.10,200.40,nan
26-Feb-25 1:43:00 AM AEST,25.9,82.0,22.6,nan,nan,nan,nan,0.04,nan,0.40,200.10,nan
26-Feb-25 1:44:00 AM AEST,nan,82.3,nan,nan,nan,nan,244.30,0.32,4.70,3.00,247.90,nan
26-Feb-25 1:45:00 AM AEST,25.8,82.7,22.7,nan,nan,nan,255.50,0.34,nan,3.40,255.50,nan
26-Feb-25 1:46:00 AM AEST,nan,nan,22.6,nan,nan,nan,47.20,0.54,8.30,4.70,47.90,nan
26-Feb-25 1:47:00 AM AEST,25.7,83.0,nan,nan,nan,nan,33.50,0.33,5.90,2.80,26.10,nan
26-Feb-25 1:48:00 AM AEST,nan,83.2,nan,nan,nan,nan,295.40,0.36,nan,3.20,302.50,nan
26-Feb-25 1:49:00 AM AEST,nan,83.0,nan,nan,nan,nan,322.10,0.81,13.00,7.90,320.90,nan
26-Feb-25 1:50:00 AM AEST,nan,82.8,nan,nan,nan,nan,331.90,0.67,9.50,6.30,333.10,nan
26-Feb-25 1:51:00 AM AEST,25.8,82.7,nan,nan,nan,nan,12.80,0.61,nan,5.50,12.90,nan
26-Feb-25 1:52:00 AM AEST,nan,82.5,nan,nan,nan,nan,9.00,0.54,nan,5.20,12.70,nan
26-Feb-25 1:53:00 AM AEST,nan,82.3,nan,nan,nan,nan,1.30,0.31,4.70,3.10,1.30,nan
26-Feb-25 1:54:00 AM AEST,nan,82.5,nan,nan,nan,nan,nan,0.17,3.50,1.70,nan,nan
26-Feb-25 1:55:00 AM AEST,25.7,83.0,nan,nan,nan,nan,nan,0.07,2.40,0.60,nan,nan
26-Feb-25 1:56:00 AM AEST,nan,nan,nan,nan,nan,nan,1.40,0.00,0.00,0.00,0.00,nan
26-Feb-25 1:56:05 AM AEST,25.6,nan,nan,nan,nan,nan,nan,nan,nan,nan,nan,nan
26-Feb-25 1:57:00 AM AEST,nan,nan,22.5,nan,nan,nan,1.30,0.07,1.20,0.60,1.30,nan
26-Feb-25 1:58:00 AM AEST,25.5,83.3,nan,nan,nan,nan,nan,0.06,nan,nan,1.00,nan
26-Feb-25 1:59:00 AM AEST,nan,83.5,nan,nan,nan,nan,nan,0.04,nan,0.40,1.20,nan
26-Feb-25 2:00:00 AM AEST,25.4,83.8,nan,nan,nan,nan,nan,0.11,2.40,1.10,1.10,nan
26-Feb-25 2:00:22 AM AEST,nan,nan,nan,nan,nan,0.00,nan,nan,nan,nan,nan,nan
26-Feb-25 2:01:00 AM AEST,nan,84.2,nan,nan,nan,nan,nan,0.12,nan,1.20,1.20,nan
26-Feb-25 2:02:00 AM AEST,25.3,84.5,nan,nan,nan,nan,nan,0.00,0.00,0.00,0.00,nan
26-Feb-25 2:03:00 AM AEST,nan,84.7,nan,nan,nan,nan,nan,nan,nan,nan,nan,nan
26-Feb-25 2:04:00 AM AEST,nan,85.0,22.6,nan,nan,nan,nan,0.05,2.40,0.50,1.20,nan
26-Feb-25 2:05:00 AM AEST,25.2,85.2,nan,nan,nan,nan,1.40,0.27,3.50,2.70,1.40,nan
26-Feb-25 2:06:00 AM AEST,nan,85.3,22.5,nan,nan,nan,1.30,0.16,nan,1.60,1.30,nan
26-Feb-25 2:06:05 AM AEST,25.1,nan,nan,nan,nan,nan,nan,nan,nan,nan,nan,nan
26-Feb-25 2:07:00 AM AEST,nan,nan,22.4,nan,nan,nan,nan,0.06,nan,0.60,1.00,nan
26-Feb-25 2:08:00 AM AEST,nan,nan,22.5,nan,nan,nan,331.50,0.31,4.70,2.00,340.00,nan
26-Feb-25 2:09:00 AM AEST,25.0,85.8,22.4,nan,nan,nan,73.60,0.32,nan,2.90,70.30,0.80
26-Feb-25 2:10:00 AM AEST,nan,85.7,22.5,nan,nan,nan,95.70,0.05,2.40,0.50,95.60,0.00
26-Feb-25 2:10:05 AM AEST,25.1,nan,nan,nan,nan,nan,nan,nan,nan,nan,nan,nan
26-Feb-25 2:11:00 AM AEST,nan,nan,nan,nan,nan,nan,nan,0.00,0.00,0.00,0.00,nan
26-Feb-25 2:11:10 AM AEST,25.0,nan,nan,nan,nan,nan,nan,nan,nan,nan,nan,nan
26-Feb-25 2:12:00 AM AEST,nan,85.8,nan,nan,nan,nan,95.80,0.02,1.20,0.20,95.20,nan
26-Feb-25 2:12:15 AM AEST,25.1,nan,nan,nan,nan,nan,nan,nan,nan,nan,nan,nan
26-Feb-25 2:13:00 AM AEST,nan,86.0,nan,nan,nan,nan,95.70,0.06,2.40,0.60,95.90,nan
26-Feb-25 2:13:20 AM AEST,25.0,nan,nan,nan,nan,nan,nan,nan,nan,nan,nan,nan
26-Feb-25 2:14:00 AM AEST,nan,86.3,nan,nan,nan,nan,96.00,0.27,3.50,2.70,96.00,nan
26-Feb-25 2:15:00 AM AEST,nan,86.5,22.6,nan,nan,nan,96.20,0.17,nan,1.70,96.20,nan
26-Feb-25 2:16:00 AM AEST,24.9,86.7,nan,nan,nan,nan,nan,0.06,2.40,0.60,nan,nan
26-Feb-25 2:17:00 AM AEST,nan,nan,22.5,nan,nan,nan,96.00,0.03,1.20,0.30,94.90,nan
26-Feb-25 2:18:00 AM AEST,nan,86.8,22.6,nan,nan,nan,58.40,0.12,3.50,0.90,350.50,nan
26-Feb-25 2:19:00 AM AEST,25.0,nan,nan,nan,nan,nan,285.90,0.35,4.70,2.80,289.30,nan
26-Feb-25 2:20:00 AM AEST,nan,nan,nan,nan,nan,nan,328.90,0.57,13.00,3.90,8.20,nan
26-Feb-25 2:21:00 AM AEST,25.1,86.3,22.7,nan,nan,nan,321.00,0.73,10.60,7.10,321.40,nan
26-Feb-25 2:22:00 AM AEST,nan,85.8,nan,nan,nan,nan,317.70,0.54,8.30,5.10,318.20,nan
26-Feb-25 2:22:05 AM AEST,25.2,nan,nan,nan,nan,nan,nan,nan,nan,nan,nan,nan
26-Feb-25 2:23:00 AM AEST,nan,85.7,nan,nan,nan,nan,328.10,0.65,9.50,5.90,324.60,nan
26-Feb-25 2:24:00 AM AEST,25.3,85.0,nan,nan,nan,nan,327.20,0.59,10.60,nan,327.20,nan
26-Feb-25 2:25:00 AM AEST,nan,84.5,22.6,nan,nan,nan,8.90,0.70,13.00,5.30,16.00,nan
26-Feb-25 2:26:00 AM AEST,nan,nan,22.5,nan,nan,nan,320.30,0.65,11.80,5.10,323.10,nan
26-Feb-25 2:27:00 AM AEST,nan,84.0,nan,nan,nan,nan,4.20,0.62,nan,4.70,353.80,nan
26-Feb-25 2:28:00 AM AEST,nan,nan,22.4,nan,nan,nan,37.80,0.28,3.50,2.80,37.80,nan
26-Feb-25 2:29:00 AM AEST,nan,nan,nan,nan,nan,nan,nan,0.15,nan,1.50,nan,nan
26-Feb-25 2:30:00 AM AEST,nan,nan,nan,nan,nan,nan,44.50,0.35,7.10,3.40,48.40,nan
26-Feb-25 2:31:00 AM AEST,25.2,83.8,nan,nan,nan,nan,18.70,0.43,nan,3.70,12.30,nan
26-Feb-25 2:32:00 AM AEST,nan,84.0,22.3,nan,nan,nan,338.10,0.40,nan,4.00,337.90,nan
26-Feb-25 2:32:05 AM AEST,25.3,nan,nan,nan,nan,nan,nan,nan,nan,nan,nan,nan
26-Feb-25 2:33:00 AM AEST,nan,83.8,22.4,nan,nan,nan,338.20,0.20,3.50,2.00,338.10,nan
26-Feb-25 2:33:10 AM AEST,25.2,nan,nan,nan,nan,nan,nan,nan,nan,nan,nan,nan
26-Feb-25 2:34:00 AM AEST,nan,nan,22.3,nan,nan,nan,nan,0.14,2.40,1.40,338.20,nan
26-Feb-25 2:35:00 AM AEST,nan,84.0,nan,nan,nan,nan,30.60,0.28,4.70,2.30,61.20,nan
26-Feb-25 2:36:00 AM AEST,25.1,84.2,nan,nan,nan,nan,75.70,nan,3.50,2.80,75.80,nan
26-Feb-25 2:37:00 AM AEST,nan,84.5,22.2,nan,nan,nan,86.60,0.34,4.70,3.40,85.40,nan
26-Feb-25 2:37:05 AM AEST,25.0,nan,nan,nan,nan,nan,nan,nan,nan,nan,nan,nan
26-Feb-25 2:38:00 AM AEST,nan,nan,nan,nan,nan,nan,96.80,0.25,3.50,2.50,96.90,nan
26-Feb-25 2:39:00 AM AEST,nan,nan,nan,nan,nan,nan,nan,0.14,nan,1.40,96.80,nan
26-Feb-25 2:40:00 AM AEST,24.9,84.7,nan,nan,nan,nan,96.50,0.24,nan,2.40,96.40,nan
26-Feb-25 2:41:00 AM AEST,nan,nan,nan,nan,nan,nan,96.20,0.41,5.90,4.10,96.20,nan
26-Feb-25 2:42:00 AM AEST,nan,84.8,nan,nan,nan,nan,96.10,0.26,4.70,2.60,96.10,nan
26-Feb-25 2:43:00 AM AEST,24.8,85.0,22.1,nan,nan,nan,96.20,0.01,1.20,0.10,93.60,nan
26-Feb-25 2:44:00 AM AEST,nan,85.2,nan,nan,nan,nan,nan,nan,nan,nan,nan,nan
26-Feb-25 2:45:00 AM AEST,nan,nan,nan,nan,nan,nan,nan,0.00,0.00,0.00,0.00,nan
26-Feb-25 2:46:00 AM AEST,24.6,85.5,nan,nan,nan,nan,nan,0.01,1.20,0.10,93.60,0.80
26-Feb-25 2:47:00 AM AEST,nan,nan,22.0,nan,nan,nan,96.30,0.00,0.00,0.00,0.00,0.00
26-Feb-25 2:48:00 AM AEST,nan,85.7,nan,nan,nan,nan,96.20,0.01,2.40,0.10,95.20,nan
26-Feb-25 2:49:00 AM AEST,24.5,nan,nan,nan,nan,nan,nan,0.32,4.70,3.20,96.20,nan
26-Feb-25 2:50:00 AM AEST,nan,86.0,21.9,nan,nan,nan,nan,0.30,3.50,3.00,96.10,nan
26-Feb-25 2:50:05 AM AEST,24.4,nan,nan,nan,nan,nan,nan,nan,nan,nan,nan,nan
26-Feb-25 2:51:00 AM AEST,nan,86.2,nan,nan,nan,nan,nan,0.17,nan,1.70,96.20,nan
26-Feb-25 2:51:10 AM AEST,24.3,nan,nan,nan,nan,nan,nan,nan,nan,nan,nan,nan
26-Feb-25 2:52:00 AM AEST,nan,86.3,nan,nan,nan,nan,nan,0.06,2.40,0.60,95.90,nan
26-Feb-25 2:53:00 AM AEST,nan,86.5,nan,nan,nan,nan,nan,0.01,1.20,0.10,93.60,nan
26-Feb-25 2:54:00 AM AEST,nan,86.7,nan,nan,nan,nan,nan,0.09,2.40,0.90,96.20,nan
26-Feb-25 2:55:00 AM AEST,24.2,86.8,nan,nan,nan,nan,nan,0.19,3.50,1.90,96.10,nan
26-Feb-25 2:56:00 AM AEST,nan,nan,nan,nan,nan,nan,96.30,0.17,2.40,1.70,96.20,nan
26-Feb-25 2:57:00 AM AEST,nan,87.0,nan,nan,nan,nan,96.20,0.12,nan,1.20,96.10,nan
26-Feb-25 2:58:00 AM AEST,24.1,87.2,nan,nan,nan,nan,96.30,0.18,3.50,1.80,96.20,nan
26-Feb-25 2:59:00 AM AEST,nan,87.3,nan,nan,nan,nan,96.20,0.13,nan,1.30,96.10,nan
26-Feb-25 3:00:00 AM AEST,nan,87.7,nan,nan,nan,nan,nan,0.02,1.20,0.20,95.20,nan
26-Feb-25 3:00:23 AM AEST,nan,nan,nan,nan,nan,65.53,nan,nan,nan,nan,nan,nan
26-Feb-25 3:01:00 AM AEST,nan,88.0,nan,nan,nan,nan,nan,0.10,2.40,1.00,96.10,nan
26-Feb-25 3:02:00 AM AEST,24.0,88.2,22.0,nan,nan,nan,nan,0.00,0.00,0.00,0.00,nan
26-Feb-25 3:03:00 AM AEST,nan,88.3,21.9,nan,nan,nan,96.30,nan,nan,nan,nan,nan
26-Feb-25 3:04:00 AM AEST,nan,88.5,22.0,nan,nan,nan,96.20,nan,nan,nan,nan,nan
26-Feb-25 3:05:00 AM AEST,nan,nan,nan,nan,nan,nan,nan,0.10,2.40,1.00,96.10,nan
26-Feb-25 3:06:00 AM AEST,23.9,88.7,21.9,nan,nan,nan,96.10,0.05,nan,0.50,nan,nan
26-Feb-25 3:07:00 AM AEST,nan,88.5,nan,nan,nan,nan,96.20,0.01,1.20,0.10,93.60,nan
26-Feb-25 3:08:00 AM AEST,nan,88.7,nan,nan,nan,nan,96.30,0.07,2.40,0.60,96.00,nan
26-Feb-25 3:09:00 AM AEST,23.8,nan,nan,nan,nan,nan,96.20,0.24,3.50,2.40,96.20,nan
26-Feb-25 3:10:00 AM AEST,nan,nan,21.8,nan,nan,nan,96.30,nan,4.70,nan,nan,nan
26-Feb-25 3:11:00 AM AEST,23.7,89.0,nan,nan,nan,nan,96.20,0.10,2.40,1.00,96.10,nan
26-Feb-25 3:12:00 AM AEST,nan,nan,nan,nan,nan,nan,96.30,0.06,1.20,0.60,95.90,nan
26-Feb-25 3:13:00 AM AEST,nan,89.2,nan,nan,nan,nan,nan,0.01,nan,0.10,95.20,nan
26-Feb-25 3:14:00 AM AEST,nan,89.5,nan,nan,nan,nan,96.20,0.04,2.40,0.40,96.00,nan
26-Feb-25 3:15:00 AM AEST,23.6,nan,nan,nan,nan,nan,nan,0.07,1.20,0.60,96.30,nan
26-Feb-25 3:16:00 AM AEST,nan,89.7,nan,nan,nan,nan,147.10,0.29,4.70,1.50,166.70,nan
26-Feb-25 3:16:05 AM AEST,23.7,nan,nan,nan,nan,nan,nan,nan,nan,nan,nan,nan
26-Feb-25 3:17:00 AM AEST,nan,nan,21.9,nan,nan,nan,220.10,0.15,3.50,nan,220.10,nan
26-Feb-25 3:18:00 AM AEST,nan,89.8,nan,nan,nan,nan,nan,nan,2.40,nan,nan,nan
26-Feb-25 3:19:00 AM AEST,23.6,nan,nan,nan,nan,nan,nan,0.08,1.20,0.80,nan,nan
26-Feb-25 3:20:00 AM AEST,nan,nan,nan,nan,nan,nan,nan,0.01,nan,0.10,219.80,nan
26-Feb-25 3:21:00 AM AEST,nan,90.0,nan,nan,nan,nan,nan,0.00,0.00,0.00,0.00,nan
26-Feb-25 3:22:00 AM AEST,nan,90.2,nan,nan,nan,nan,nan,0.04,1.20,0.40,220.10,0.80
26-Feb-25 3:23:00 AM AEST,23.5,90.3,nan,nan,nan,nan,nan,0.02,nan,0.20,219.50,0.00
26-Feb-25 3:24:00 AM AEST,nan,90.2,nan,nan,nan,nan,nan,0.10,2.40,1.00,220.10,nan
26-Feb-25 3:25:00 AM AEST,nan,90.3,21.8,nan,nan,nan,nan,0.07,nan,0.70,220.30,nan
26-Feb-25 3:26:00 AM AEST,nan,nan,nan,nan,nan,nan,nan,0.00,0.00,0.00,0.00,nan
26-Feb-25 3:27:00 AM AEST,nan,nan,nan,nan,nan,nan,220.30,nan,nan,nan,nan,nan
26-Feb-25 3:28:00 AM AEST,nan,nan,nan,nan,nan,nan,220.10,nan,nan,nan,nan,nan
26-Feb-25 3:29:00 AM AEST,nan,nan,nan,nan,nan,nan,nan,0.03,2.40,0.30,220.10,nan
26-Feb-25 3:30:00 AM AEST,23.4,nan,nan,nan,nan,nan,nan,0.30,3.50,3.00,nan,nan
26-Feb-25 3:31:00 AM AEST,nan,90.5,21.7,nan,nan,nan,nan,0.07,2.40,0.70,220.30,nan
26-Feb-25 3:32:00 AM AEST,nan,90.7,21.8,nan,nan,nan,nan,0.00,0.00,0.00,0.00,nan
26-Feb-25 3:34:00 AM AEST,nan,90.8,nan,nan,nan,nan,nan,nan,nan,nan,nan,nan
26-Feb-25 3:36:00 AM AEST,23.3,nan,nan,nan,nan,nan,nan,nan,nan,nan,nan,nan
26-Feb-25 3:37:00 AM AEST,nan,91.2,21.7,nan,nan,nan,nan,nan,nan,nan,nan,nan
26-Feb-25 3:38:00 AM AEST,nan,nan,21.8,nan,nan,nan,nan,nan,nan,nan,nan,nan
26-Feb-25 3:40:00 AM AEST,nan,nan,21.7,nan,nan,nan,nan,nan,nan,nan,nan,nan
26-Feb-25 3:41:00 AM AEST,23.2,91.3,nan,nan,nan,nan,nan,nan,nan,nan,nan,nan
26-Feb-25 3:42:00 AM AEST,nan,nan,nan,nan,nan,nan,nan,0.01,1.20,0.10,220.00,nan
26-Feb-25 3:43:00 AM AEST,nan,91.2,nan,nan,nan,nan,nan,0.00,0.00,0.00,0.00,nan
26-Feb-25 3:44:00 AM AEST,nan,91.3,nan,nan,nan,nan,nan,nan,nan,nan,nan,nan
26-Feb-25 3:45:00 AM AEST,nan,91.2,nan,nan,nan,nan,nan,0.01,1.20,0.10,220.00,nan
26-Feb-25 3:46:00 AM AEST,nan,91.3,nan,nan,nan,nan,nan,0.09,nan,0.90,nan,nan
26-Feb-25 3:47:00 AM AEST,nan,nan,nan,nan,nan,nan,nan,0.01,nan,0.10,nan,nan
26-Feb-25 3:48:00 AM AEST,nan,nan,nan,nan,nan,nan,nan,0.00,0.00,0.00,0.00,nan
26-Feb-25 3:49:00 AM AEST,23.1,91.5,nan,nan,nan,nan,nan,0.02,2.40,0.20,220.70,nan
26-Feb-25 3:50:00 AM AEST,nan,91.7,nan,nan,nan,nan,nan,0.11,3.50,1.10,220.10,nan
26-Feb-25 3:50:05 AM AEST,23.2,nan,nan,nan,nan,nan,nan,nan,nan,nan,nan,nan
26-Feb-25 3:51:00 AM AEST,nan,91.5,nan,nan,nan,nan,nan,0.02,1.20,0.20,220.70,nan
26-Feb-25 3:51:10 AM AEST,23.1,nan,nan,nan,nan,nan,nan,nan,nan,nan,nan,nan
26-Feb-25 3:52:00 AM AEST,nan,91.8,nan,nan,nan,nan,nan,0.08,2.40,0.80,220.10,nan
26-Feb-25 3:52:15 AM AEST,23.2,nan,nan,nan,nan,nan,nan,nan,nan,nan,nan,nan
26-Feb-25 3:53:00 AM AEST,nan,91.7,nan,nan,nan,nan,nan,0.15,nan,1.50,nan,nan
26-Feb-25 3:53:20 AM AEST,23.1,nan,nan,nan,nan,nan,nan,nan,nan,nan,nan,nan
26-Feb-25 3:54:00 AM AEST,nan,91.8,nan,nan,nan,nan,nan,0.10,nan,1.00,nan,nan
26-Feb-25 3:55:00 AM AEST,nan,92.0,nan,nan,nan,nan,nan,0.23,3.50,2.30,nan,nan
26-Feb-25 3:56:00 AM AEST,nan,nan,21.8,nan,nan,nan,nan,0.16,2.40,1.60,220.20,nan
26-Feb-25 3:57:00 AM AEST,nan,92.2,21.7,nan,nan,nan,nan,0.02,1.20,0.20,220.10,nan
26-Feb-25 3:58:00 AM AEST,nan,nan,21.8,nan,nan,nan,nan,0.00,0.00,0.00,0.00,nan
26-Feb-25 3:59:00 AM AEST,nan,92.3,nan,nan,nan,nan,nan,0.04,1.20,0.40,220.10,0.80
26-Feb-25 4:00:00 AM AEST,nan,92.2,21.7,nan,nan,nan,nan,0.00,0.00,0.00,0.00,0.00
26-Feb-25 4:00:24 AM AEST,nan,nan,nan,nan,nan,65.53,nan,nan,nan,nan,nan,nan
26-Feb-25 4:01:00 AM AEST,nan,92.3,21.8,nan,nan,nan,nan,nan,nan,nan,nan,nan
26-Feb-25 4:02:00 AM AEST,nan,92.2,nan,nan,nan,nan,nan,nan,nan,nan,nan,nan
26-Feb-25 4:03:00 AM AEST,nan,92.3,nan,nan,nan,nan,nan,0.04,1.20,0.40,220.10,nan
26-Feb-25 4:04:00 AM AEST,nan,92.5,nan,nan,nan,nan,nan,0.08,2.40,0.80,nan,nan
26-Feb-25 4:05:00 AM AEST,nan,92.3,nan,nan,nan,nan,nan,0.13,nan,1.30,nan,nan
26-Feb-25 4:06:00 AM AEST,nan,92.5,nan,nan,nan,nan,nan,0.22,3.50,2.20,nan,nan
26-Feb-25 4:07:00 AM AEST,nan,nan,nan,nan,nan,nan,nan,0.19,2.40,1.90,nan,nan
26-Feb-25 4:08:00 AM AEST,nan,nan,nan,nan,nan,nan,nan,0.04,nan,0.40,219.70,nan
26-Feb-25 4:09:00 AM AEST,nan,nan,nan,nan,nan,nan,220.30,0.00,0.00,0.00,0.00,nan
26-Feb-25 4:10:00 AM AEST,nan,92.7,nan,nan,nan,nan,220.10,0.08,1.20,0.80,220.10,nan
26-Feb-25 4:11:00 AM AEST,23.2,nan,21.9,nan,nan,nan,nan,0.05,nan,0.50,nan,nan
26-Feb-25 4:12:00 AM AEST,nan,92.8,nan,nan,nan,nan,nan,0.04,nan,0.40,219.70,nan
26-Feb-25 4:13:00 AM AEST,nan,93.0,nan,nan,nan,nan,nan,0.00,0.00,0.00,0.00,nan
26-Feb-25 4:14:00 AM AEST,nan,nan,22.0,nan,nan,nan,nan,0.02,1.20,0.20,220.10,nan
26-Feb-25 4:15:00 AM AEST,nan,nan,nan,nan,nan,nan,nan,0.01,nan,0.10,222.50,nan
26-Feb-25 4:16:00 AM AEST,nan,93.2,nan,nan,nan,nan,nan,0.17,2.40,1.70,220.10,nan
26-Feb-25 4:17:00 AM AEST,23.3,nan,22.1,nan,nan,nan,122.50,0.38,5.90,3.20,118.20,nan
26-Feb-25 4:18:00 AM AEST,nan,nan,nan,nan,nan,nan,90.30,0.29,nan,2.80,91.40,nan
26-Feb-25 4:19:00 AM AEST,23.4,93.3,nan,nan,nan,nan,82.40,0.04,2.40,0.40,82.50,nan
26-Feb-25 4:20:00 AM AEST,nan,93.2,22.2,nan,nan,nan,118.80,0.25,4.70,2.00,123.90,nan
26-Feb-25 4:21:00 AM AEST,23.5,nan,nan,nan,nan,nan,165.80,0.04,2.40,0.40,166.10,nan
26-Feb-25 4:22:00 AM AEST,nan,nan,22.3,nan,nan,nan,nan,0.01,1.20,0.10,169.40,nan
26-Feb-25 4:22:05 AM AEST,23.4,nan,nan,nan,nan,nan,nan,nan,nan,nan,nan,nan
26-Feb-25 4:23:00 AM AEST,nan,nan,nan,nan,nan,nan,nan,0.28,3.50,2.80,165.80,nan
26-Feb-25 4:24:00 AM AEST,nan,93.0,nan,nan,nan,nan,nan,nan,nan,nan,165.90,nan
26-Feb-25 4:25:00 AM AEST,nan,92.8,22.2,nan,nan,nan,159.60,nan,nan,nan,160.20,nan
26-Feb-25 4:26:00 AM AEST,nan,93.0,nan,nan,nan,nan,148.60,0.13,2.40,1.30,148.70,nan
26-Feb-25 4:27:00 AM AEST,nan,nan,nan,nan,nan,nan,nan,0.08,nan,0.80,nan,nan
26-Feb-25 4:28:00 AM AEST,nan,92.8,nan,nan,nan,nan,nan,0.01,1.20,0.10,150.30,nan
26-Feb-25 4:29:00 AM AEST,nan,nan,nan,nan,nan,nan,nan,0.00,0.00,0.00,0.00,nan
26-Feb-25 4:30:00 AM AEST,nan,92.7,nan,nan,nan,nan,nan,0.05,2.40,0.50,149.00,nan
26-Feb-25 4:31:00 AM AEST,nan,92.8,22.1,nan,nan,nan,nan,0.07,nan,0.60,148.70,nan
26-Feb-25 4:32:00 AM AEST,nan,92.7,22.2,nan,nan,nan,nan,0.00,0.00,0.00,0.00,nan
26-Feb-25 4:33:00 AM AEST,nan,92.8,22.1,nan,nan,nan,nan,0.01,1.20,0.10,148.70,nan
26-Feb-25 4:34:00 AM AEST,nan,92.7,nan,nan,nan,nan,nan,0.26,4.70,2.60,148.60,nan
26-Feb-25 4:35:00 AM AEST,23.3,nan,nan,nan,nan,nan,nan,0.15,2.40,1.50,148.70,0.80
26-Feb-25 4:36:00 AM AEST,nan,92.5,nan,nan,nan,nan,nan,0.12,nan,1.20,nan,0.00
26-Feb-25 4:36:05 AM AEST,23.4,nan,nan,nan,nan,nan,nan,nan,nan,nan,nan,nan
26-Feb-25 4:37:00 AM AEST,nan,92.7,nan,nan,nan,nan,nan,0.22,3.50,2.20,148.60,nan
26-Feb-25 4:37:10 AM AEST,23.3,nan,nan,nan,nan,nan,nan,nan,nan,nan,nan,nan
26-Feb-25 4:38:00 AM AEST,nan,nan,nan,nan,nan,nan,nan,0.11,2.40,1.10,148.80,nan
26-Feb-25 4:38:15 AM AEST,23.4,nan,nan,nan,nan,nan,nan,nan,nan,nan,nan,nan
26-Feb-25 4:39:00 AM AEST,nan,nan,nan,nan,nan,nan,nan,0.09,nan,0.90,148.70,nan
26-Feb-25 4:39:20 AM AEST,23.3,nan,nan,nan,nan,nan,nan,nan,nan,nan,nan,nan
26-Feb-25 4:40:00 AM AEST,nan,92.5,nan,nan,nan,nan,nan,0.19,nan,2.00,148.80,nan
26-Feb-25 4:41:00 AM AEST,nan,92.7,22.0,nan,nan,nan,nan,0.16,3.50,1.60,148.60,nan
26-Feb-25 4:42:00 AM AEST,23.4,nan,22.1,nan,nan,nan,nan,0.07,2.40,0.70,148.40,nan
26-Feb-25 4:43:00 AM AEST,nan,nan,nan,nan,nan,nan,nan,0.17,3.50,1.70,148.60,nan
26-Feb-25 4:44:00 AM AEST,nan,nan,nan,nan,nan,nan,149.90,0.33,5.90,3.20,150.00,nan
26-Feb-25 4:45:00 AM AEST,nan,92.8,nan,nan,nan,nan,151.00,0.04,2.40,0.40,151.20,nan
26-Feb-25 4:46:00 AM AEST,nan,92.7,nan,nan,nan,nan,255.30,0.34,7.10,2.40,294.30,nan
26-Feb-25 4:47:00 AM AEST,23.5,92.8,nan,nan,nan,nan,302.10,0.37,5.90,3.70,303.20,nan
26-Feb-25 4:48:00 AM AEST,nan,nan,22.3,nan,nan,nan,294.30,0.14,3.50,1.40,294.20,nan
26-Feb-25 4:48:05 AM AEST,23.6,nan,nan,nan,nan,nan,nan,nan,nan,nan,nan,nan
26-Feb-25 4:49:00 AM AEST,nan,92.7,nan,nan,nan,nan,nan,0.05,1.20,0.50,294.00,nan
26-Feb-25 4:50:00 AM AEST,23.7,92.5,nan,nan,nan,nan,nan,0.15,3.50,1.50,294.40,nan
26-Feb-25 4:51:00 AM AEST,nan,nan,22.4,nan,nan,nan,nan,0.09,2.40,0.90,294.20,nan
26-Feb-25 4:51:05 AM AEST,23.8,nan,nan,nan,nan,nan,nan,nan,nan,nan,nan,nan
26-Feb-25 4:52:00 AM AEST,nan,92.3,22.5,nan,nan,nan,nan,nan,nan,nan,nan,nan
26-Feb-25 4:53:00 AM AEST,nan,92.2,nan,nan,nan,nan,nan,0.02,1.20,0.20,294.00,nan
26-Feb-25 4:54:00 AM AEST,23.9,92.0,nan,nan,nan,nan,281.60,0.19,3.50,1.90,281.80,nan
26-Feb-25 4:55:00 AM AEST,nan,91.7,nan,nan,nan,nan,278.20,0.01,1.20,0.10,277.10,nan
26-Feb-25 4:56:00 AM AEST,nan,91.5,nan,nan,nan,nan,nan,nan,nan,nan,276.90,nan
26-Feb-25 4:57:00 AM AEST,nan,91.3,22.4,nan,nan,nan,nan,0.22,3.50,2.20,278.10,nan
26-Feb-25 4:58:00 AM AEST,nan,nan,nan,nan,nan,nan,nan,0.14,2.40,1.40,278.20,nan
26-Feb-25 4:59:00 AM AEST,nan,91.0,nan,nan,nan,nan,278.10,0.17,nan,1.70,278.00,nan
26-Feb-25 5:00:00 AM AEST,nan,91.2,nan,nan,nan,nan,278.20,0.07,1.20,0.70,278.10,nan
26-Feb-25 5:00:25 AM AEST,nan,nan,nan,nan,nan,65.53,nan,nan,nan,nan,nan,nan
26-Feb-25 5:01:00 AM AEST,nan,91.0,nan,nan,nan,nan,nan,0.00,0.00,0.00,0.00,nan
26-Feb-25 5:02:00 AM AEST,nan,nan,22.3,nan,nan,nan,nan,0.02,1.20,0.20,278.10,nan
26-Feb-25 5:03:00 AM AEST,nan,90.8,nan,nan,nan,nan,nan,0.01,nan,0.10,277.10,nan
26-Feb-25 5:04:00 AM AEST,23.8,91.0,nan,nan,nan,nan,277.30,0.07,2.40,0.70,274.90,nan
26-Feb-25 5:05:00 AM AEST,nan,nan,22.2,nan,nan,nan,273.40,0.04,nan,0.40,273.00,nan
26-Feb-25 5:06:00 AM AEST,nan,nan,22.3,nan,nan,nan,273.30,0.00,0.00,0.00,0.00,nan
26-Feb-25 5:07:00 AM AEST,23.7,nan,22.2,nan,nan,nan,273.40,0.01,1.20,0.10,270.00,nan
26-Feb-25 5:08:00 AM AEST,nan,nan,nan,nan,nan,nan,273.30,0.06,2.40,0.60,273.10,nan
26-Feb-25 5:09:00 AM AEST,nan,90.8,22.1,nan,nan,nan,340.10,0.39,7.10,1.00,45.10,nan
26-Feb-25 5:10:00 AM AEST,23.9,91.0,nan,nan,nan,nan,70.60,0.12,3.50,1.20,69.50,nan
26-Feb-25 5:11:00 AM AEST,nan,90.8,22.3,nan,nan,nan,71.40,0.01,1.20,0.10,72.10,0.80
26-Feb-25 5:11:05 AM AEST,23.8,nan,nan,nan,nan,nan,nan,nan,nan,nan,nan,nan
26-Feb-25 5:12:00 AM AEST,nan,91.0,22.2,nan,nan,nan,71.50,nan,nan,nan,nan,0.00
26-Feb-25 5:13:00 AM AEST,23.7,90.8,nan,nan,nan,nan,nan,0.00,0.00,0.00,0.00,nan
26-Feb-25 5:14:00 AM AEST,nan,90.7,22.1,nan,nan,nan,71.40,0.01,1.20,0.10,71.60,nan
26-Feb-25 5:15:00 AM AEST,nan,90.8,nan,nan,nan,nan,71.50,0.05,nan,0.50,nan,nan
26-Feb-25 5:16:00 AM AEST,nan,90.7,nan,nan,nan,nan,nan,0.08,2.40,0.80,71.70,nan
26-Feb-25 5:17:00 AM AEST,nan,90.8,nan,nan,nan,nan,nan,0.00,0.00,0.00,0.00,nan
26-Feb-25 5:19:00 AM AEST,nan,90.7,nan,nan,nan,nan,nan,0.07,2.40,0.60,71.50,nan
26-Feb-25 5:20:00 AM AEST,nan,90.8,nan,nan,nan,nan,71.40,0.00,0.00,0.00,0.00,nan
26-Feb-25 5:21:00 AM AEST,nan,nan,nan,nan,nan,nan,71.50,0.06,1.20,0.60,71.80,nan
26-Feb-25 5:22:00 AM AEST,nan,91.0,nan,nan,nan,nan,nan,0.00,0.00,0.00,0.00,nan
26-Feb-25 5:23:00 AM AEST,23.6,90.8,nan,nan,nan,nan,71.40,nan,nan,nan,nan,nan
26-Feb-25 5:24:00 AM AEST,nan,91.0,22.0,nan,nan,nan,71.50,nan,nan,nan,nan,nan
26-Feb-25 5:25:00 AM AEST,nan,91.2,22.1,nan,nan,nan,130.10,0.09,3.50,0.80,131.40,nan
26-Feb-25 5:26:00 AM AEST,23.7,91.0,nan,nan,nan,nan,145.30,0.00,0.00,0.00,0.00,nan
26-Feb-25 5:27:00 AM AEST,nan,nan,nan,nan,nan,nan,145.20,0.09,2.40,0.90,145.40,nan
26-Feb-25 5:28:00 AM AEST,nan,91.2,nan,nan,nan,nan,nan,0.11,3.50,1.10,145.30,nan
26-Feb-25 5:29:00 AM AEST,nan,nan,22.2,nan,nan,nan,145.00,0.24,nan,2.40,145.10,nan
26-Feb-25 5:30:00 AM AEST,nan,91.0,nan,nan,nan,nan,145.10,0.04,2.40,0.40,145.20,nan
26-Feb-25 5:31:00 AM AEST,nan,91.2,22.1,nan,nan,nan,nan,0.03,1.20,0.30,144.80,nan
26-Feb-25 5:32:00 AM AEST,23.6,91.0,nan,nan,nan,nan,140.80,0.04,2.40,nan,122.00,nan
26-Feb-25 5:33:00 AM AEST,nan,nan,nan,nan,nan,nan,307.00,0.16,3.50,1.40,306.50,nan
26-Feb-25 5:33:05 AM AEST,23.7,nan,nan,nan,nan,nan,nan,nan,nan,nan,nan,nan
26-Feb-25 5:34:00 AM AEST,nan,91.2,nan,nan,nan,nan,308.00,0.07,2.40,0.60,307.90,nan
26-Feb-25 5:35:00 AM AEST,nan,91.0,22.2,nan,nan,nan,307.90,0.10,nan,1.00,307.80,nan
26-Feb-25 5:36:00 AM AEST,nan,91.2,22.1,nan,nan,nan,nan,0.02,1.20,0.20,308.30,nan
26-Feb-25 5:37:00 AM AEST,nan,91.0,22.2,nan,nan,nan,nan,0.00,0.00,0.00,0.00,nan
26-Feb-25 5:38:00 AM AEST,23.6,nan,22.1,nan,nan,nan,nan,0.08,2.40,0.80,307.80,nan
26-Feb-25 5:39:00 AM AEST,nan,nan,nan,nan,nan,nan,308.00,0.31,4.70,3.10,307.90,nan
26-Feb-25 5:40:00 AM AEST,nan,nan,22.0,nan,nan,nan,313.10,0.13,3.50,1.30,315.60,nan
26-Feb-25 5:41:00 AM AEST,nan,nan,nan,nan,nan,nan,326.10,0.02,1.20,0.20,326.10,nan
26-Feb-25 5:42:00 AM AEST,nan,90.8,nan,nan,nan,nan,nan,0.13,2.40,1.30,nan,nan
26-Feb-25 5:43:00 AM AEST,nan,91.0,nan,nan,nan,nan,nan,0.08,nan,0.80,326.00,nan
26-Feb-25 5:44:00 AM AEST,23.5,nan,nan,nan,nan,nan,nan,0.01,1.20,0.10,325.30,nan
26-Feb-25 5:45:00 AM AEST,nan,nan,nan,nan,nan,nan,326.00,nan,nan,nan,326.30,nan
26-Feb-25 5:46:00 AM AEST,nan,nan,21.9,nan,nan,nan,325.80,0.12,2.40,1.20,325.90,nan
26-Feb-25 5:47:00 AM AEST,nan,91.2,nan,nan,nan,nan,326.70,0.23,3.50,2.30,326.80,nan
26-Feb-25 5:48:00 AM AEST,23.4,nan,22.0,nan,nan,nan,328.90,0.22,nan,2.20,329.00,0.80
26-Feb-25 5:49:00 AM AEST,nan,91.0,21.9,nan,nan,nan,nan,0.18,2.40,1.80,nan,0.00
26-Feb-25 5:50:00 AM AEST,nan,91.2,nan,nan,nan,nan,nan,0.02,1.20,0.20,329.20,nan
26-Feb-25 5:51:00 AM AEST,nan,91.3,nan,nan,nan,nan,nan,0.06,nan,0.60,328.80,nan
26-Feb-25 5:52:00 AM AEST,nan,91.2,nan,nan,nan,nan,nan,0.02,nan,0.20,328.20,nan
26-Feb-25 5:53:00 AM AEST,nan,91.3,nan,nan,nan,nan,329.00,0.01,nan,0.10,330.30,nan
26-Feb-25 5:54:00 AM AEST,23.3,91.5,nan,nan,nan,nan,328.90,0.18,3.50,1.80,328.80,nan
26-Feb-25 5:55:00 AM AEST,nan,91.3,nan,nan,nan,nan,nan,0.07,2.40,0.60,329.40,nan
26-Feb-25 5:56:00 AM AEST,nan,91.5,21.8,nan,nan,nan,nan,0.00,0.00,0.00,0.00,nan
26-Feb-25 5:57:00 AM AEST,nan,91.7,21.9,nan,nan,nan,nan,nan,nan,nan,nan,nan
26-Feb-25 5:58:00 AM AEST,nan,91.5,21.8,nan,nan,nan,330.40,0.07,3.50,0.70,334.60,nan
26-Feb-25 5:59:00 AM AEST,23.2,91.7,nan,nan,nan,nan,349.20,0.20,nan,1.70,352.20,nan
26-Feb-25 6:00:00 AM AEST,nan,91.8,nan,nan,nan,nan,115.00,0.16,nan,1.60,114.90,nan
26-Feb-25 6:00:26 AM AEST,nan,nan,nan,nan,nan,0.02,nan,nan,nan,nan,nan,nan
26-Feb-25 6:01:00 AM AEST,nan,91.7,nan,nan,nan,nan,114.90,0.05,2.40,0.50,115.00,nan
26-Feb-25 6:02:00 AM AEST,23.3,91.8,nan,nan,nan,nan,115.00,0.01,1.20,0.10,113.40,nan
26-Feb-25 6:03:00 AM AEST,nan,91.7,21.9,nan,nan,nan,nan,0.02,nan,0.20,115.00,nan
26-Feb-25 6:03:05 AM AEST,23.2,nan,nan,nan,nan,nan,nan,nan,nan,nan,nan,nan
26-Feb-25 6:04:00 AM AEST,nan,91.8,21.8,nan,nan,nan,nan,0.04,nan,0.40,nan,nan
26-Feb-25 6:05:00 AM AEST,nan,nan,nan,nan,nan,nan,nan,0.00,0.00,0.00,0.00,nan
26-Feb-25 6:06:00 AM AEST,23.1,nan,nan,nan,nan,nan,nan,0.06,2.40,0.60,114.90,nan
26-Feb-25 6:07:00 AM AEST,nan,92.0,21.7,nan,nan,nan,nan,0.16,nan,1.60,115.00,nan
26-Feb-25 6:08:00 AM AEST,nan,91.8,21.8,nan,nan,nan,nan,0.09,nan,0.90,114.90,nan
26-Feb-25 6:09:00 AM AEST,nan,92.2,21.7,nan,nan,nan,nan,0.00,0.00,0.00,0.00,nan
26-Feb-25 6:10:00 AM AEST,nan,nan,21.8,nan,nan,nan,nan,nan,nan,nan,nan,nan
26-Feb-25 6:12:00 AM AEST,nan,nan,21.7,nan,nan,nan,nan,nan,nan,nan,nan,nan
26-Feb-25 6:13:00 AM AEST,23.0,92.3,nan,nan,nan,nan,114.90,0.09,2.40,0.90,114.90,nan
26-Feb-25 6:14:00 AM AEST,nan,92.2,nan,nan,nan,nan,115.60,0.30,4.70,3.00,115.60,nan
26-Feb-25 6:15:00 AM AEST,23.1,92.3,nan,nan,nan,nan,116.40,0.05,2.40,0.50,116.40,nan
26-Feb-25 6:16:00 AM AEST,nan,nan,nan,nan,nan,nan,nan,0.01,1.20,0.10,116.60,nan
26-Feb-25 6:16:05 AM AEST,23.0,nan,nan,nan,nan,nan,nan,nan,nan,nan,nan,nan
26-Feb-25 6:17:00 AM AEST,nan,nan,nan,nan,nan,nan,nan,0.00,0.00,0.00,0.00,0.80
26-Feb-25 6:17:10 AM AEST,23.1,nan,nan,nan,nan,nan,nan,nan,nan,nan,nan,nan
26-Feb-25 6:18:15 AM AEST,23.0,nan,nan,nan,nan,nan,nan,nan,nan,nan,nan,nan
26-Feb-25 6:20:00 AM AEST,nan,92.5,nan,nan,nan,nan,nan,nan,nan,nan,nan,1.70
26-Feb-25 6:21:00 AM AEST,nan,92.3,21.8,nan,nan,nan,nan,nan,nan,nan,nan,nan
26-Feb-25 6:22:00 AM AEST,nan,92.5,21.7,nan,nan,nan,nan,nan,1.20,nan,nan,1.60
26-Feb-25 6:23:00 AM AEST,22.9,nan,nan,nan,nan,nan,nan,0.08,2.40,0.80,116.20,1.70
26-Feb-25 6:24:00 AM AEST,nan,nan,nan,nan,nan,nan,116.30,0.12,nan,1.20,116.30,1.60
26-Feb-25 6:24:05 AM AEST,23.0,nan,nan,nan,nan,nan,nan,nan,nan,nan,nan,nan
26-Feb-25 6:25:00 AM AEST,nan,nan,nan,nan,nan,nan,116.40,0.08,nan,0.80,116.20,2.50
26-Feb-25 6:26:00 AM AEST,nan,nan,nan,nan,nan,nan,nan,0.07,1.20,0.60,116.30,3.30
26-Feb-25 6:27:00 AM AEST,23.1,nan,nan,nan,nan,nan,nan,0.00,0.00,0.00,0.00,2.50
26-Feb-25 6:28:00 AM AEST,nan,nan,21.8,nan,nan,nan,nan,nan,nan,nan,nan,4.10
26-Feb-25 6:29:00 AM AEST,23.0,nan,nan,nan,nan,nan,115.60,0.16,9.50,1.40,103.10,3.30
26-Feb-25 6:30:00 AM AEST,nan,nan,nan,nan,nan,nan,22.20,0.62,10.60,5.80,30.60,5.00
26-Feb-25 6:30:05 AM AEST,23.1,nan,nan,nan,nan,nan,nan,nan,nan,nan,nan,nan
26-Feb-25 6:31:00 AM AEST,nan,92.7,nan,nan,nan,nan,7.00,0.04,2.40,0.40,6.40,4.10
26-Feb-25 6:31:10 AM AEST,23.2,nan,nan,nan,nan,nan,nan,nan,nan,nan,nan,nan
26-Feb-25 6:32:00 AM AEST,nan,92.5,21.9,nan,nan,nan,6.90,0.01,1.20,0.10,7.10,5.80
26-Feb-25 6:32:15 AM AEST,23.1,nan,nan,nan,nan,nan,nan,nan,nan,nan,nan,nan
26-Feb-25 6:33:00 AM AEST,nan,nan,21.8,nan,nan,nan,7.00,0.00,0.00,0.00,0.00,5.00
26-Feb-25 6:33:20 AM AEST,23.2,nan,nan,nan,nan,nan,nan,nan,nan,nan,nan,nan
26-Feb-25 6:33:20 AM AEST,23.1,nan,nan,nan,nan,nan,nan,nan,nan,nan,nan,nan
26-Feb-25 6:34:00 AM AEST,nan,nan,21.9,nan,nan,nan,nan,0.18,3.50,1.80,6.90,nan
26-Feb-25 6:35:00 AM AEST,nan,nan,21.8,nan,nan,nan,6.90,0.04,2.40,0.40,6.30,5.80
26-Feb-25 6:36:00 AM AEST,nan,nan,nan,nan,nan,nan,7.00,0.00,0.00,0.00,0.00,nan
26-Feb-25 6:37:00 AM AEST,nan,nan,nan,nan,nan,nan,15.20,0.14,3.50,1.40,23.70,6.60
26-Feb-25 6:38:00 AM AEST,23.2,nan,nan,nan,nan,nan,27.50,0.33,4.70,3.30,27.50,6.70
26-Feb-25 6:39:00 AM AEST,nan,nan,21.9,nan,nan,nan,nan,0.14,3.50,1.40,27.60,nan
26-Feb-25 6:40:00 AM AEST,nan,nan,nan,nan,nan,nan,25.10,0.28,7.10,2.70,23.50,7.50
26-Feb-25 6:41:00 AM AEST,23.3,nan,nan,nan,nan,nan,353.50,0.39,5.90,3.60,352.60,8.30
26-Feb-25 6:42:00 AM AEST,nan,nan,22.0,nan,nan,nan,350.10,0.07,3.50,0.60,350.20,nan
26-Feb-25 6:43:00 AM AEST,nan,92.7,nan,nan,nan,nan,nan,0.04,2.40,0.40,350.50,nan
26-Feb-25 6:44:00 AM AEST,nan,92.5,nan,nan,nan,nan,350.20,0.02,1.20,0.20,350.70,9.10
26-Feb-25 6:45:00 AM AEST,nan,92.3,nan,nan,nan,nan,nan,0.14,2.40,1.40,350.40,10.00
26-Feb-25 6:46:00 AM AEST,nan,92.5,nan,nan,nan,nan,nan,0.01,1.20,0.10,351.10,10.80
26-Feb-25 6:47:00 AM AEST,23.2,92.3,nan,nan,nan,nan,nan,0.00,0.00,0.00,0.00,12.50
26-Feb-25 6:48:00 AM AEST,nan,92.2,21.9,nan,nan,nan,350.10,0.08,2.40,0.80,350.10,15.80
26-Feb-25 6:49:00 AM AEST,nan,92.3,nan,nan,nan,nan,nan,0.11,3.50,1.10,nan,17.50
26-Feb-25 6:50:00 AM AEST,nan,92.2,nan,nan,nan,nan,350.30,0.22,nan,2.20,350.30,21.70
26-Feb-25 6:51:00 AM AEST,nan,92.3,nan,nan,nan,nan,350.20,0.09,2.40,0.90,350.20,24.10
26-Feb-25 6:52:00 AM AEST,nan,nan,nan,nan,nan,nan,350.10,0.08,3.50,0.80,350.10,29.20
26-Feb-25 6:53:00 AM AEST,nan,92.5,nan,nan,nan,nan,39.70,0.33,4.70,2.60,49.70,32.50
26-Feb-25 6:54:00 AM AEST,nan,nan,nan,nan,nan,nan,80.10,0.25,nan,2.50,80.20,34.20
26-Feb-25 6:55:00 AM AEST,23.3,nan,nan,nan,nan,nan,80.00,0.01,1.20,0.10,82.90,34.10
26-Feb-25 6:56:00 AM AEST,nan,92.7,22.0,nan,nan,nan,80.10,0.11,2.40,1.10,80.20,30.00
26-Feb-25 6:57:00 AM AEST,23.2,nan,nan,nan,nan,nan,nan,0.22,3.50,2.20,nan,28.30
26-Feb-25 6:58:00 AM AEST,nan,92.5,nan,nan,nan,nan,nan,0.14,2.40,1.40,nan,29.10
26-Feb-25 6:58:05 AM AEST,23.3,nan,nan,nan,nan,nan,nan,nan,nan,nan,nan,nan
26-Feb-25 6:59:00 AM AEST,nan,92.8,nan,nan,nan,nan,80.00,0.03,1.20,0.30,80.30,25.00
26-Feb-25 7:00:00 AM AEST,nan,nan,22.1,nan,nan,nan,80.10,0.16,2.40,1.60,nan,20.80
26-Feb-25 7:00:27 AM AEST,nan,nan,nan,nan,nan,0.07,nan,nan,nan,nan,nan,nan
26-Feb-25 7:01:00 AM AEST,nan,nan,nan,nan,nan,nan,nan,0.11,nan,1.10,80.40,20.00
26-Feb-25 7:02:00 AM AEST,nan,nan,nan,nan,nan,nan,80.00,0.07,nan,0.70,80.20,21.60
26-Feb-25 7:03:00 AM AEST,nan,93.0,nan,nan,nan,nan,nan,0.00,0.00,0.00,0.00,25.80
26-Feb-25 7:04:00 AM AEST,nan,nan,nan,nan,nan,nan,80.10,nan,nan,nan,nan,33.30
26-Feb-25 7:05:00 AM AEST,nan,nan,nan,nan,nan,nan,nan,nan,nan,nan,nan,45.00
26-Feb-25 7:06:00 AM AEST,23.4,93.2,nan,nan,nan,nan,80.00,0.01,1.20,0.10,82.90,59.20
26-Feb-25 7:07:00 AM AEST,nan,nan,22.2,nan,nan,nan,nan,0.24,3.50,2.40,80.10,73.30
26-Feb-25 7:08:00 AM AEST,nan,93.3,nan,nan,nan,nan,80.10,0.28,nan,2.80,80.20,85.80
26-Feb-25 7:09:00 AM AEST,23.5,nan,22.3,nan,nan,nan,80.00,0.11,2.40,1.10,80.00,95.00
26-Feb-25 7:10:00 AM AEST,nan,nan,nan,nan,nan,nan,80.10,0.07,nan,0.70,80.20,89.20
26-Feb-25 7:11:00 AM AEST,23.6,nan,22.4,nan,nan,nan,nan,0.09,nan,0.90,80.30,100.80
26-Feb-25 7:12:00 AM AEST,nan,93.5,22.5,nan,nan,nan,80.00,nan,1.20,nan,nan,119.20
26-Feb-25 7:12:05 AM AEST,23.7,nan,nan,nan,nan,nan,nan,nan,nan,nan,nan,nan
26-Feb-25 7:13:00 AM AEST,nan,nan,22.6,nan,nan,nan,80.10,0.07,nan,0.60,80.20,124.20
26-Feb-25 7:13:10 AM AEST,23.8,nan,nan,nan,nan,nan,nan,nan,nan,nan,nan,nan
26-Feb-25 7:14:00 AM AEST,nan,93.7,22.7,nan,nan,nan,nan,0.21,2.40,2.10,80.10,115.80
26-Feb-25 7:14:15 AM AEST,23.9,nan,nan,nan,nan,nan,nan,nan,nan,nan,nan,nan
26-Feb-25 7:15:00 AM AEST,nan,93.5,22.8,nan,nan,nan,nan,0.13,nan,1.30,nan,86.70
26-Feb-25 7:15:20 AM AEST,24.0,nan,nan,nan,nan,nan,nan,nan,nan,nan,nan,nan
26-Feb-25 7:16:00 AM AEST,nan,93.7,nan,nan,nan,nan,80.00,0.03,1.20,0.30,80.20,50.80
26-Feb-25 7:17:00 AM AEST,nan,nan,22.9,nan,nan,nan,80.10,0.07,2.40,0.60,nan,44.20
26-Feb-25 7:18:00 AM AEST,24.1,93.3,nan,nan,nan,nan,80.20,0.22,3.50,2.20,80.40,35.80
26-Feb-25 7:19:00 AM AEST,nan,93.5,nan,nan,nan,nan,nan,0.17,2.40,1.70,nan,30.00
26-Feb-25 7:20:00 AM AEST,24.2,93.3,23.0,nan,nan,nan,nan,0.08,nan,0.80,nan,27.50
26-Feb-25 7:21:00 AM AEST,nan,nan,nan,nan,nan,nan,80.30,0.04,1.20,0.40,80.50,25.80
26-Feb-25 7:22:00 AM AEST,24.3,nan,23.1,nan,nan,nan,80.20,0.03,2.40,0.30,81.00,27.50
26-Feb-25 7:23:00 AM AEST,nan,93.2,nan,nan,nan,nan,nan,0.07,nan,0.60,80.20,32.50
26-Feb-25 7:24:00 AM AEST,nan,nan,nan,nan,nan,nan,80.30,0.00,0.00,0.00,0.00,37.50
26-Feb-25 7:25:00 AM AEST,nan,nan,nan,nan,nan,nan,80.20,nan,nan,nan,nan,44.10
26-Feb-25 7:26:00 AM AEST,nan,93.0,nan,nan,nan,nan,nan,0.01,1.20,0.10,82.90,56.70
26-Feb-25 7:27:00 AM AEST,nan,92.8,nan,nan,nan,nan,nan,0.09,2.40,0.90,80.30,84.10
26-Feb-25 7:28:00 AM AEST,nan,nan,nan,nan,nan,nan,80.30,0.10,nan,1.00,80.40,100.00
26-Feb-25 7:29:00 AM AEST,nan,92.5,nan,nan,nan,nan,80.20,0.09,nan,0.90,80.50,141.60
26-Feb-25 7:30:00 AM AEST,24.4,92.7,23.0,nan,nan,nan,nan,0.16,nan,1.60,80.30,201.70
26-Feb-25 7:31:00 AM AEST,nan,92.8,23.2,nan,nan,nan,nan,0.01,1.20,0.10,82.90,197.50
26-Feb-25 7:31:05 AM AEST,24.5,nan,nan,nan,nan,nan,nan,nan,nan,nan,nan,nan
26-Feb-25 7:32:00 AM AEST,nan,nan,23.3,nan,nan,nan,80.30,nan,nan,nan,nan,194.10
26-Feb-25 7:32:10 AM AEST,24.7,nan,nan,nan,nan,nan,nan,nan,nan,nan,nan,nan
26-Feb-25 7:33:00 AM AEST,nan,92.7,23.5,nan,nan,nan,80.20,nan,2.40,nan,81.10,172.50
26-Feb-25 7:33:15 AM AEST,24.8,nan,nan,nan,nan,nan,nan,nan,nan,nan,nan,nan
26-Feb-25 7:34:00 AM AEST,nan,nan,23.6,nan,nan,nan,15.20,0.11,3.50,1.00,17.60,145.00
26-Feb-25 7:34:20 AM AEST,25.0,nan,nan,nan,nan,nan,nan,nan,nan,nan,nan,nan
26-Feb-25 7:35:00 AM AEST,nan,92.5,23.7,nan,nan,nan,10.90,0.02,2.40,0.20,10.50,101.70
26-Feb-25 7:35:25 AM AEST,25.1,nan,nan,nan,nan,nan,nan,nan,nan,nan,nan,nan
26-Feb-25 7:35:25 AM AEST,25.2,nan,nan,nan,nan,nan,nan,nan,nan,nan,nan,nan
26-Feb-25 7:36:00 AM AEST,nan,91.8,23.8,nan,nan,nan,13.80,0.31,5.90,3.10,15.70,79.10
26-Feb-25 7:37:00 AM AEST,nan,91.3,23.7,nan,nan,nan,53.20,0.34,7.10,3.40,53.50,71.70
26-Feb-25 7:38:00 AM AEST,25.3,90.8,nan,nan,nan,nan,68.20,0.18,3.50,1.80,68.00,63.30
26-Feb-25 7:39:00 AM AEST,nan,90.3,nan,nan,nan,nan,70.70,0.21,nan,2.10,70.70,56.60
26-Feb-25 7:40:00 AM AEST,25.4,89.5,23.6,nan,nan,nan,70.40,0.28,4.70,2.80,70.50,53.30
26-Feb-25 7:41:00 AM AEST,nan,88.8,23.5,nan,nan,nan,69.40,0.45,7.10,4.50,69.60,52.50
26-Feb-25 7:42:00 AM AEST,nan,88.3,23.4,nan,nan,nan,68.80,0.28,4.70,2.80,68.90,56.70
26-Feb-25 7:43:00 AM AEST,nan,87.8,23.3,nan,nan,nan,68.70,0.11,2.40,1.10,68.80,70.00
26-Feb-25 7:44:00 AM AEST,25.5,87.5,23.2,nan,nan,nan,68.80,0.00,0.00,0.00,0.00,105.80
26-Feb-25 7:45:00 AM AEST,nan,87.3,nan,nan,nan,nan,68.70,0.04,1.20,0.40,68.80,139.20
26-Feb-25 7:46:00 AM AEST,nan,86.8,nan,nan,nan,nan,68.90,0.31,4.70,3.10,68.90,137.50
26-Feb-25 7:47:00 AM AEST,25.6,86.0,nan,nan,nan,nan,69.00,0.28,3.50,2.80,69.00,125.00
26-Feb-25 7:48:00 AM AEST,nan,85.7,23.1,nan,nan,nan,68.90,0.09,2.40,0.90,nan,131.60
26-Feb-25 7:48:05 AM AEST,25.7,nan,nan,nan,nan,nan,nan,nan,nan,nan,nan,nan
26-Feb-25 7:49:00 AM AEST,nan,85.5,nan,nan,nan,nan,68.80,0.23,3.50,2.30,68.80,140.80
26-Feb-25 7:50:00 AM AEST,25.8,85.2,nan,nan,nan,nan,nan,0.11,nan,1.10,68.70,145.00
26-Feb-25 7:51:00 AM AEST,nan,85.0,nan,nan,nan,nan,68.90,0.01,1.20,0.10,71.60,121.70
26-Feb-25 7:52:00 AM AEST,25.9,nan,nan,nan,nan,nan,68.80,nan,nan,nan,70.50,159.20
26-Feb-25 7:53:00 AM AEST,nan,84.7,nan,nan,nan,nan,nan,nan,nan,nan,71.60,183.30
26-Feb-25 7:54:00 AM AEST,26.0,84.8,nan,nan,nan,nan,nan,nan,nan,nan,68.20,198.30
26-Feb-25 7:55:00 AM AEST,nan,nan,23.2,nan,nan,nan,nan,nan,nan,nan,70.50,130.80
26-Feb-25 7:55:05 AM AEST,26.1,nan,nan,nan,nan,nan,nan,nan,nan,nan,nan,nan
26-Feb-25 7:56:00 AM AEST,nan,85.0,23.3,nan,nan,nan,nan,0.00,0.00,0.00,0.00,101.70
26-Feb-25 7:56:10 AM AEST,26.2,nan,nan,nan,nan,nan,nan,nan,nan,nan,nan,nan
26-Feb-25 7:57:00 AM AEST,nan,84.5,23.4,nan,nan,nan,68.90,nan,nan,nan,nan,111.60
26-Feb-25 7:58:00 AM AEST,nan,84.3,nan,nan,nan,nan,nan,0.02,1.20,0.20,69.60,228.30
26-Feb-25 7:59:00 AM AEST,26.3,nan,23.3,nan,nan,nan,69.10,0.18,2.40,1.80,69.20,223.30
26-Feb-25 8:00:00 AM AEST,nan,84.5,23.4,nan,nan,nan,69.20,0.14,nan,1.40,nan,291.60
26-Feb-25 8:00:28 AM AEST,nan,nan,nan,nan,nan,0.21,nan,nan,nan,nan,nan,nan
26-Feb-25 8:01:00 AM AEST,26.4,84.7,23.5,nan,nan,nan,nan,0.04,nan,0.40,69.40,220.00
26-Feb-25 8:02:00 AM AEST,nan,84.5,23.6,nan,nan,nan,nan,0.01,1.20,0.10,71.60,232.40
26-Feb-25 8:02:05 AM AEST,26.5,nan,nan,nan,nan,nan,nan,nan,nan,nan,nan,nan
26-Feb-25 8:03:00 AM AEST,nan,nan,nan,nan,nan,nan,69.10,0.00,0.00,0.00,0.00,125.80
26-Feb-25 8:03:10 AM AEST,26.6,nan,nan,nan,nan,nan,nan,nan,nan,nan,nan,nan
26-Feb-25 8:04:00 AM AEST,nan,84.0,23.8,nan,nan,nan,69.20,0.12,3.50,1.20,69.40,77.50
26-Feb-25 8:05:00 AM AEST,nan,83.2,23.7,nan,nan,nan,nan,0.21,nan,2.10,69.30,115.80
26-Feb-25 8:06:00 AM AEST,26.7,83.0,23.5,nan,nan,nan,nan,0.18,2.40,1.80,69.20,65.80
26-Feb-25 8:07:00 AM AEST,nan,nan,nan,nan,nan,nan,nan,0.03,1.20,0.30,69.40,80.00
26-Feb-25 8:08:00 AM AEST,26.8,83.3,23.6,nan,nan,nan,nan,0.00,0.00,0.00,0.00,90.80
26-Feb-25 8:09:00 AM AEST,nan,nan,23.7,nan,nan,nan,nan,0.01,1.20,0.10,70.50,81.60
26-Feb-25 8:10:00 AM AEST,26.7,83.2,nan,nan,nan,nan,nan,0.09,nan,0.90,69.30,84.20
26-Feb-25 8:11:00 AM AEST,nan,83.0,23.6,nan,nan,nan,69.30,0.18,3.50,1.80,69.40,98.30
26-Feb-25 8:11:05 AM AEST,26.8,nan,nan,nan,nan,nan,nan,nan,nan,nan,nan,nan
26-Feb-25 8:12:00 AM AEST,nan,82.2,nan,nan,nan,nan,146.20,0.30,4.70,2.40,146.30,110.80
26-Feb-25 8:12:10 AM AEST,26.7,nan,nan,nan,nan,nan,nan,nan,nan,nan,nan,nan
26-Feb-25 8:13:00 AM AEST,nan,81.8,23.4,nan,nan,nan,167.60,0.02,1.20,0.20,168.20,129.20
26-Feb-25 8:13:15 AM AEST,26.8,nan,nan,nan,nan,nan,nan,nan,nan,nan,nan,nan
26-Feb-25 8:14:00 AM AEST,nan,82.3,nan,nan,nan,nan,167.50,0.03,nan,0.30,167.50,140.80
26-Feb-25 8:14:20 AM AEST,26.9,nan,nan,nan,nan,nan,nan,nan,nan,nan,nan,nan
26-Feb-25 8:15:00 AM AEST,nan,82.5,23.6,nan,nan,nan,167.60,nan,nan,nan,nan,205.00
26-Feb-25 8:16:00 AM AEST,nan,82.0,23.7,nan,nan,nan,167.50,0.00,0.00,0.00,0.00,307.40
26-Feb-25 8:17:00 AM AEST,27.0,82.8,23.6,nan,nan,nan,167.60,nan,nan,nan,nan,371.70
26-Feb-25 8:18:00 AM AEST,nan,83.3,23.8,nan,nan,nan,nan,nan,nan,nan,nan,369.10
26-Feb-25 8:18:05 AM AEST,27.2,nan,nan,nan,nan,nan,nan,nan,nan,nan,nan,nan
26-Feb-25 8:19:00 AM AEST,nan,nan,24.1,nan,nan,nan,nan,0.04,1.20,0.40,168.10,363.30
26-Feb-25 8:19:10 AM AEST,27.4,nan,nan,nan,nan,nan,nan,nan,nan,nan,nan,nan
26-Feb-25 8:20:00 AM AEST,nan,82.3,24.3,nan,nan,nan,193.20,0.12,4.70,1.10,241.40,359.20
26-Feb-25 8:20:15 AM AEST,27.5,nan,nan,nan,nan,nan,nan,nan,nan,nan,nan,nan
26-Feb-25 8:21:00 AM AEST,nan,80.3,24.2,nan,nan,nan,291.10,0.33,5.90,3.30,291.10,355.80
26-Feb-25 8:21:20 AM AEST,27.6,nan,nan,nan,nan,nan,nan,nan,nan,nan,nan,nan
26-Feb-25 8:22:00 AM AEST,nan,78.8,23.9,nan,nan,nan,271.30,0.30,nan,2.90,271.40,351.70
26-Feb-25 8:22:25 AM AEST,27.7,nan,nan,nan,nan,nan,nan,nan,nan,nan,nan,nan
26-Feb-25 8:23:00 AM AEST,nan,78.5,23.7,nan,nan,nan,289.40,0.40,8.30,3.30,298.40,315.80
26-Feb-25 8:23:30 AM AEST,27.8,nan,nan,nan,nan,nan,nan,nan,nan,nan,nan,nan
26-Feb-25 8:23:30 AM AEST,27.9,nan,nan,nan,nan,nan,nan,nan,nan,nan,nan,nan
26-Feb-25 8:24:00 AM AEST,nan,77.7,nan,nan,nan,nan,317.90,0.45,7.10,4.30,318.00,276.70
26-Feb-25 8:25:00 AM AEST,nan,77.3,23.6,nan,nan,nan,8.90,0.37,5.90,3.50,7.90,326.60
26-Feb-25 8:26:00 AM AEST,28.0,76.7,nan,nan,nan,nan,1.10,0.29,4.70,2.50,355.80,326.70
26-Feb-25 8:27:00 AM AEST,nan,75.7,23.5,nan,nan,nan,331.20,0.30,nan,3.00,332.80,304.20
26-Feb-25 8:28:00 AM AEST,28.2,75.2,23.3,nan,nan,nan,318.60,0.14,3.50,1.40,315.80,403.30
26-Feb-25 8:29:00 AM AEST,nan,74.8,23.4,nan,nan,nan,275.90,0.29,4.70,2.80,271.90,396.70
26-Feb-25 8:29:05 AM AEST,28.3,nan,nan,nan,nan,nan,nan,nan,nan,nan,nan,nan
26-Feb-25 8:30:00 AM AEST,nan,74.0,nan,nan,nan,nan,266.30,0.19,3.50,1.90,266.30,399.90
26-Feb-25 8:30:10 AM AEST,28.4,nan,nan,nan,nan,nan,nan,nan,nan,nan,nan,nan
26-Feb-25 8:31:00 AM AEST,nan,73.2,23.3,nan,nan,nan,265.60,0.23,nan,2.30,265.60,406.70
26-Feb-25 8:31:15 AM AEST,28.6,nan,nan,nan,nan,nan,nan,nan,nan,nan,nan,nan
26-Feb-25 8:32:00 AM AEST,nan,73.5,nan,nan,nan,nan,265.00,0.02,1.20,0.20,265.30,417.50
26-Feb-25 8:32:20 AM AEST,28.8,nan,nan,nan,nan,nan,nan,nan,nan,nan,nan,nan
26-Feb-25 8:33:00 AM AEST,nan,nan,23.4,nan,nan,nan,265.20,0.25,3.50,2.50,265.20,440.80
26-Feb-25 8:34:00 AM AEST,28.9,73.7,23.5,nan,nan,nan,265.70,0.07,2.40,0.60,266.20,461.70
26-Feb-25 8:35:00 AM AEST,nan,73.2,23.7,nan,nan,nan,344.80,0.29,4.70,2.60,347.80,455.80
26-Feb-25 8:35:05 AM AEST,29.1,nan,nan,nan,nan,nan,nan,nan,nan,nan,nan,nan
26-Feb-25 8:36:00 AM AEST,nan,72.8,23.8,nan,nan,nan,359.30,0.19,nan,1.90,359.30,467.50
26-Feb-25 8:36:10 AM AEST,29.2,nan,nan,nan,nan,nan,nan,nan,nan,nan,nan,nan
26-Feb-25 8:37:00 AM AEST,nan,nan,nan,nan,nan,nan,359.00,0.06,2.40,0.60,358.60,449.90
26-Feb-25 8:37:15 AM AEST,29.3,nan,nan,nan,nan,nan,nan,nan,nan,nan,nan,nan
26-Feb-25 8:38:00 AM AEST,nan,71.7,23.9,nan,nan,nan,302.00,0.69,10.60,6.40,291.60,494.20
26-Feb-25 8:38:20 AM AEST,29.4,nan,nan,nan,nan,nan,nan,nan,nan,nan,nan,nan
26-Feb-25 8:39:00 AM AEST,nan,69.5,23.7,nan,nan,nan,323.20,0.65,11.80,nan,319.80,376.70
26-Feb-25 8:39:25 AM AEST,29.3,nan,nan,nan,nan,nan,nan,nan,nan,nan,nan,nan
26-Feb-25 8:40:00 AM AEST,nan,69.0,23.1,nan,nan,nan,282.40,0.74,14.20,7.00,280.90,333.30
26-Feb-25 8:40:30 AM AEST,29.2,nan,nan,nan,nan,nan,nan,nan,nan,nan,nan,nan
26-Feb-25 8:41:00 AM AEST,nan,68.0,23.0,nan,nan,nan,283.90,0.55,13.00,5.30,278.00,448.30
26-Feb-25 8:42:00 AM AEST,nan,68.8,22.7,nan,nan,nan,297.20,0.43,9.50,4.20,293.90,316.60
26-Feb-25 8:43:00 AM AEST,nan,69.0,22.9,nan,nan,nan,303.20,0.41,5.90,4.10,302.40,279.20
26-Feb-25 8:44:00 AM AEST,nan,nan,23.0,nan,nan,nan,298.70,0.40,7.10,3.80,298.90,235.00
26-Feb-25 8:45:00 AM AEST,nan,69.3,nan,nan,nan,nan,301.20,0.36,5.90,3.10,297.30,207.50
26-Feb-25 8:46:00 AM AEST,nan,69.0,nan,nan,nan,nan,279.80,0.30,7.10,2.50,291.40,187.50
26-Feb-25 8:47:00 AM AEST,29.1,69.3,22.9,nan,nan,nan,350.40,0.57,8.30,5.50,350.00,172.50
26-Feb-25 8:48:00 AM AEST,nan,68.8,nan,nan,nan,nan,256.10,0.62,9.50,5.10,264.00,169.20
26-Feb-25 8:49:00 AM AEST,28.9,69.0,22.8,nan,nan,nan,343.70,0.56,nan,3.50,327.60,174.20
26-Feb-25 8:50:00 AM AEST,nan,69.3,22.6,nan,nan,nan,285.30,0.90,16.60,7.00,283.50,189.10
26-Feb-25 8:50:05 AM AEST,28.8,nan,nan,nan,nan,nan,nan,nan,nan,nan,nan,nan
26-Feb-25 8:51:00 AM AEST,nan,69.0,nan,nan,nan,nan,5.00,0.93,18.90,7.60,6.40,200.80
26-Feb-25 8:51:10 AM AEST,28.6,nan,nan,nan,nan,nan,nan,nan,nan,nan,nan,nan
26-Feb-25 8:52:00 AM AEST,nan,69.5,22.3,nan,nan,nan,327.60,0.72,10.60,5.30,321.50,210.80
26-Feb-25 8:52:15 AM AEST,28.5,nan,nan,nan,nan,nan,nan,nan,nan,nan,nan,nan
26-Feb-25 8:53:00 AM AEST,nan,69.7,22.4,nan,nan,nan,301.30,0.85,14.20,8.20,300.10,208.30
26-Feb-25 8:53:20 AM AEST,28.4,nan,nan,nan,nan,nan,nan,nan,nan,nan,nan,nan
26-Feb-25 8:54:00 AM AEST,nan,70.0,22.3,nan,nan,nan,297.50,0.80,13.00,7.40,298.20,205.00
26-Feb-25 8:54:25 AM AEST,28.3,nan,nan,nan,nan,nan,nan,nan,nan,nan,nan,nan
26-Feb-25 8:55:00 AM AEST,nan,70.7,nan,nan,nan,nan,nan,0.83,15.40,7.90,295.30,nan
26-Feb-25 8:55:30 AM AEST,28.2,nan,nan,nan,nan,nan,nan,nan,nan,nan,nan,nan
26-Feb-25 8:56:00 AM AEST,nan,70.8,22.4,nan,nan,nan,307.60,0.50,7.10,4.70,312.50,210.80
26-Feb-25 8:56:35 AM AEST,28.3,nan,nan,nan,nan,nan,nan,nan,nan,nan,nan,nan
26-Feb-25 8:57:00 AM AEST,nan,71.2,nan,nan,nan,nan,291.80,0.60,13.00,5.90,290.80,221.60
26-Feb-25 8:57:40 AM AEST,28.2,nan,nan,nan,nan,nan,nan,nan,nan,nan,nan,nan
26-Feb-25 8:58:00 AM AEST,nan,71.3,22.5,nan,nan,nan,323.70,0.67,11.80,6.30,314.50,225.00
26-Feb-25 8:58:45 AM AEST,28.3,nan,nan,nan,nan,nan,nan,nan,nan,nan,nan,nan
26-Feb-25 8:59:00 AM AEST,nan,72.0,nan,nan,nan,nan,300.30,0.30,5.90,2.70,300.10,224.90
26-Feb-25 9:00:00 AM AEST,nan,72.2,22.7,nan,nan,nan,312.20,0.53,7.10,4.60,307.80,225.00
26-Feb-25 9:00:29 AM AEST,nan,nan,nan,nan,nan,0.29,nan,nan,nan,nan,nan,nan
26-Feb-25 9:01:00 AM AEST,nan,71.8,22.8,nan,nan,nan,320.50,0.51,nan,3.70,324.50,213.30
26-Feb-25 9:02:00 AM AEST,nan,72.2,22.7,nan,nan,nan,317.40,0.47,9.50,3.80,316.40,194.10
26-Feb-25 9:03:00 AM AEST,28.2,nan,22.8,nan,nan,nan,344.60,0.78,13.00,5.90,337.70,195.80
26-Feb-25 9:04:00 AM AEST,nan,72.0,22.7,nan,nan,nan,324.40,0.73,11.80,5.30,329.80,199.10
26-Feb-25 9:04:05 AM AEST,28.1,nan,nan,nan,nan,nan,nan,nan,nan,nan,nan,nan
26-Feb-25 9:05:00 AM AEST,nan,nan,22.6,nan,nan,nan,312.30,0.89,14.20,8.20,303.80,215.00
26-Feb-25 9:05:10 AM AEST,28.0,nan,nan,nan,nan,nan,nan,nan,nan,nan,nan,nan
26-Feb-25 9:06:00 AM AEST,nan,nan,22.5,nan,nan,nan,295.70,0.42,9.50,2.70,320.00,233.30
26-Feb-25 9:07:00 AM AEST,27.9,72.2,22.4,nan,nan,nan,329.70,0.95,17.80,8.30,332.90,242.40
26-Feb-25 9:08:00 AM AEST,nan,71.8,nan,nan,nan,nan,351.60,1.01,18.90,8.50,343.50,250.00
26-Feb-25 9:08:05 AM AEST,27.7,nan,nan,nan,nan,nan,nan,nan,nan,nan,nan,nan
26-Feb-25 9:09:00 AM AEST,nan,72.2,22.1,nan,nan,nan,11.70,0.76,14.20,6.50,9.80,261.60
26-Feb-25 9:09:10 AM AEST,27.6,nan,nan,nan,nan,nan,nan,nan,nan,nan,nan,nan
26-Feb-25 9:10:00 AM AEST,nan,72.5,nan,nan,nan,nan,341.00,0.72,13.00,5.00,326.20,281.60
26-Feb-25 9:10:15 AM AEST,27.4,nan,nan,nan,nan,nan,nan,nan,nan,nan,nan,nan
26-Feb-25 9:11:00 AM AEST,nan,nan,22.2,nan,nan,nan,291.20,0.83,nan,7.10,292.00,305.00
26-Feb-25 9:11:20 AM AEST,27.3,nan,nan,nan,nan,nan,nan,nan,nan,nan,nan,nan
26-Feb-25 9:12:00 AM AEST,nan,73.2,22.0,nan,nan,nan,298.50,0.63,10.60,5.80,299.20,328.30
26-Feb-25 9:12:25 AM AEST,27.2,nan,nan,nan,nan,nan,nan,nan,nan,nan,nan,nan
26-Feb-25 9:13:00 AM AEST,nan,73.7,22.1,nan,nan,nan,283.00,0.75,nan,7.20,282.50,362.50
26-Feb-25 9:14:00 AM AEST,nan,74.3,nan,nan,nan,nan,345.00,0.68,nan,5.70,348.10,389.10
26-Feb-25 9:15:00 AM AEST,27.3,74.5,22.2,nan,nan,nan,15.40,0.31,4.70,3.10,16.30,356.70
26-Feb-25 9:16:00 AM AEST,nan,75.0,22.4,nan,nan,nan,19.80,0.17,3.50,1.70,18.20,338.30
26-Feb-25 9:16:05 AM AEST,27.5,nan,nan,nan,nan,nan,nan,nan,nan,nan,nan,nan
26-Feb-25 9:17:00 AM AEST,nan,74.7,22.6,nan,nan,nan,319.40,0.39,5.90,3.70,315.70,310.00
26-Feb-25 9:18:00 AM AEST,27.6,74.5,nan,nan,nan,nan,341.00,0.33,nan,2.40,343.60,294.20
26-Feb-25 9:19:00 AM AEST,nan,74.0,22.7,nan,nan,nan,355.10,0.66,10.60,5.80,353.20,289.10
26-Feb-25 9:20:00 AM AEST,nan,73.7,22.6,nan,nan,nan,5.40,0.41,nan,3.00,350.40,291.70
26-Feb-25 9:21:00 AM AEST,27.5,73.3,22.5,nan,nan,nan,294.40,0.60,13.00,5.90,292.70,305.80
26-Feb-25 9:22:00 AM AEST,nan,73.5,22.3,nan,nan,nan,299.50,0.53,7.10,5.30,299.60,333.30
26-Feb-25 9:23:00 AM AEST,27.6,73.8,22.4,nan,nan,nan,310.80,0.38,13.00,3.60,321.70,334.20
26-Feb-25 9:24:00 AM AEST,nan,nan,22.5,nan,nan,nan,311.40,1.00,14.20,9.90,311.90,329.90
26-Feb-25 9:25:00 AM AEST,27.5,nan,nan,nan,nan,nan,348.50,0.44,8.30,4.30,343.90,343.30
26-Feb-25 9:26:00 AM AEST,nan,74.2,22.4,nan,nan,nan,333.90,0.53,nan,5.00,330.10,352.40
26-Feb-25 9:26:05 AM AEST,27.6,nan,nan,nan,nan,nan,nan,nan,nan,nan,nan,nan
26-Feb-25 9:27:00 AM AEST,nan,73.8,22.6,nan,nan,nan,325.00,0.96,13.00,9.50,326.70,373.30
26-Feb-25 9:28:00 AM AEST,nan,73.5,22.5,nan,nan,nan,9.90,0.46,7.10,4.40,8.90,382.50
26-Feb-25 9:29:00 AM AEST,27.7,73.8,22.4,nan,nan,nan,325.60,0.51,9.50,4.60,318.40,372.40
26-Feb-25 9:30:00 AM AEST,nan,nan,22.6,nan,nan,nan,340.10,0.60,nan,4.80,343.60,415.00
26-Feb-25 9:31:00 AM AEST,27.8,nan,nan,nan,nan,nan,31.50,0.47,nan,4.50,31.80,384.10
26-Feb-25 9:32:00 AM AEST,nan,74.3,22.7,nan,nan,nan,355.10,0.27,4.70,2.70,354.90,390.00
26-Feb-25 9:32:05 AM AEST,27.9,nan,nan,nan,nan,nan,nan,nan,nan,nan,nan,nan
26-Feb-25 9:33:00 AM AEST,nan,74.0,22.9,nan,nan,nan,321.60,0.50,10.60,4.60,313.90,367.40
26-Feb-25 9:33:10 AM AEST,28.0,nan,nan,nan,nan,nan,nan,nan,nan,nan,nan,nan
26-Feb-25 9:34:00 AM AEST,nan,73.3,23.0,nan,nan,nan,330.40,0.55,nan,4.10,310.60,366.70
26-Feb-25 9:35:00 AM AEST,nan,nan,22.7,nan,nan,nan,330.10,0.64,nan,5.30,336.20,359.20
26-Feb-25 9:36:00 AM AEST,nan,72.7,nan,nan,nan,nan,6.80,0.31,5.90,3.10,6.60,329.90
26-Feb-25 9:37:00 AM AEST,28.2,73.3,nan,nan,nan,nan,6.90,0.12,2.40,1.20,6.90,359.20
26-Feb-25 9:38:00 AM AEST,nan,73.5,23.0,nan,nan,nan,7.00,0.03,1.20,0.30,7.00,342.40
26-Feb-25 9:38:05 AM AEST,28.4,nan,nan,nan,nan,nan,nan,nan,nan,nan,nan,nan
26-Feb-25 9:39:00 AM AEST,nan,73.8,23.2,nan,nan,nan,6.90,0.06,2.40,0.60,6.90,338.30
26-Feb-25 9:39:10 AM AEST,28.6,nan,nan,nan,nan,nan,nan,nan,nan,nan,nan,nan
26-Feb-25 9:40:00 AM AEST,nan,73.5,23.4,nan,nan,nan,12.50,0.18,3.50,1.50,17.00,333.30
26-Feb-25 9:41:00 AM AEST,28.5,72.0,nan,nan,nan,nan,126.20,0.34,4.70,3.40,126.20,309.10
26-Feb-25 9:42:00 AM AEST,nan,71.3,23.0,nan,nan,nan,133.60,0.35,5.90,3.50,133.70,343.30
26-Feb-25 9:42:05 AM AEST,28.6,nan,nan,nan,nan,nan,nan,nan,nan,nan,nan,nan
26-Feb-25 9:43:00 AM AEST,nan,nan,22.9,nan,nan,nan,314.60,0.43,7.10,2.40,325.50,404.90
26-Feb-25 9:44:00 AM AEST,nan,71.5,nan,nan,nan,nan,16.40,nan,10.60,3.80,27.30,464.20
26-Feb-25 9:45:00 AM AEST,nan,71.0,23.0,nan,nan,nan,37.80,0.59,9.50,5.40,45.90,487.40
26-Feb-25 9:46:00 AM AEST,28.7,70.8,22.8,nan,nan,nan,343.50,0.35,5.90,3.30,337.80,449.20
26-Feb-25 9:47:00 AM AEST,nan,70.7,nan,nan,nan,nan,328.50,0.36,8.30,nan,334.60,396.70
26-Feb-25 9:48:00 AM AEST,28.8,nan,22.9,nan,nan,nan,357.50,0.60,10.60,5.00,354.90,688.30
26-Feb-25 9:49:00 AM AEST,nan,70.5,23.0,nan,nan,nan,321.70,0.52,nan,4.30,328.10,745.00
26-Feb-25 9:49:05 AM AEST,28.9,nan,nan,nan,nan,nan,nan,nan,nan,nan,nan,nan
26-Feb-25 9:50:00 AM AEST,nan,70.3,nan,nan,nan,nan,339.70,nan,8.30,4.60,339.90,618.30
26-Feb-25 9:50:10 AM AEST,29.0,nan,nan,nan,nan,nan,nan,nan,nan,nan,nan,nan
26-Feb-25 9:51:00 AM AEST,nan,69.2,23.1,nan,nan,nan,317.60,0.50,nan,5.00,317.70,597.50
26-Feb-25 9:51:15 AM AEST,29.1,nan,nan,nan,nan,nan,nan,nan,nan,nan,nan,nan
26-Feb-25 9:52:00 AM AEST,nan,68.8,22.9,nan,nan,nan,301.70,0.74,14.20,7.30,303.60,704.20
26-Feb-25 9:52:20 AM AEST,29.2,nan,nan,nan,nan,nan,nan,nan,nan,nan,nan,nan
26-Feb-25 9:53:00 AM AEST,nan,68.7,22.8,nan,nan,nan,337.20,0.54,9.50,4.90,341.50,689.90
26-Feb-25 9:53:25 AM AEST,29.3,nan,nan,nan,nan,nan,nan,nan,nan,nan,nan,nan
26-Feb-25 9:54:00 AM AEST,nan,68.8,22.9,nan,nan,nan,10.40,0.52,7.10,4.60,11.70,677.50
26-Feb-25 9:54:30 AM AEST,29.5,nan,nan,nan,nan,nan,nan,nan,nan,nan,nan,nan
26-Feb-25 9:55:00 AM AEST,nan,69.5,23.0,nan,nan,nan,28.90,0.33,5.90,2.80,26.90,665.80
26-Feb-25 9:55:35 AM AEST,29.6,nan,nan,nan,nan,nan,nan,nan,nan,nan,nan,nan
26-Feb-25 9:56:00 AM AEST,nan,68.3,23.3,nan,nan,nan,317.00,0.57,11.80,5.20,309.10,663.30
26-Feb-25 9:56:40 AM AEST,29.5,nan,nan,nan,nan,nan,nan,nan,nan,nan,nan,nan
26-Feb-25 9:57:00 AM AEST,nan,67.2,23.1,nan,nan,nan,301.00,0.76,13.00,7.50,302.50,654.20
26-Feb-25 9:58:00 AM AEST,nan,68.0,22.8,nan,nan,nan,289.40,0.52,9.50,5.20,291.60,677.40
26-Feb-25 9:59:00 AM AEST,29.6,nan,23.0,nan,nan,nan,304.80,0.49,7.10,4.50,304.90,701.70
26-Feb-25 10:00:00 AM AEST,nan,67.7,23.1,nan,nan,nan,331.20,0.61,11.80,5.60,331.30,721.60
26-Feb-25 10:00:05 AM AEST,29.7,nan,nan,nan,nan,nan,nan,nan,nan,nan,nan,nan
26-Feb-25 10:00:30 AM AEST,nan,nan,nan,nan,nan,0.45,nan,nan,nan,nan,nan,nan
26-Feb-25 10:01:00 AM AEST,nan,67.2,nan,nan,nan,nan,295.60,0.65,13.00,6.10,305.00,745.80
26-Feb-25 10:01:10 AM AEST,29.8,nan,nan,nan,nan,nan,nan,nan,nan,nan,nan,nan
26-Feb-25 10:02:00 AM AEST,nan,67.3,23.0,nan,nan,nan,309.20,0.56,10.60,4.80,304.60,770.00
26-Feb-25 10:03:00 AM AEST,30.0,67.7,23.1,nan,nan,nan,328.00,0.39,7.10,3.40,320.50,729.10
26-Feb-25 10:04:00 AM AEST,nan,66.7,23.4,nan,nan,nan,276.60,nan,5.90,3.90,276.50,557.50
26-Feb-25 10:04:05 AM AEST,30.1,nan,nan,nan,nan,nan,nan,nan,nan,nan,nan,nan
26-Feb-25 10:05:00 AM AEST,nan,66.0,23.2,nan,nan,nan,280.40,0.59,11.80,5.70,282.00,586.60
26-Feb-25 10:05:10 AM AEST,30.2,nan,nan,nan,nan,nan,nan,nan,nan,nan,nan,nan
26-Feb-25 10:06:00 AM AEST,nan,65.3,23.1,nan,nan,nan,310.10,0.75,10.60,7.40,310.40,395.00
26-Feb-25 10:06:15 AM AEST,30.1,nan,nan,nan,nan,nan,nan,nan,nan,nan,nan,nan
26-Feb-25 10:07:00 AM AEST,nan,65.5,22.9,nan,nan,nan,312.00,0.76,13.00,nan,312.30,348.30
26-Feb-25 10:07:20 AM AEST,30.0,nan,nan,nan,nan,nan,nan,nan,nan,nan,nan,nan
26-Feb-25 10:08:00 AM AEST,nan,nan,22.8,nan,nan,nan,4.60,0.54,8.30,5.20,3.90,369.10
26-Feb-25 10:08:25 AM AEST,29.9,nan,nan,nan,nan,nan,nan,nan,nan,nan,nan,nan
26-Feb-25 10:09:00 AM AEST,nan,65.2,nan,nan,nan,nan,344.90,0.98,14.20,8.90,344.90,377.50
26-Feb-25 10:10:00 AM AEST,nan,65.0,22.6,nan,nan,nan,2.30,0.39,8.30,3.60,356.90,359.90
26-Feb-25 10:11:00 AM AEST,30.1,65.7,nan,nan,nan,nan,350.80,0.36,7.10,3.30,347.00,356.70
26-Feb-25 10:12:00 AM AEST,nan,65.3,22.9,nan,nan,nan,351.50,0.69,11.80,6.00,358.60,354.10
26-Feb-25 10:12:05 AM AEST,30.0,nan,nan,nan,nan,nan,nan,nan,nan,nan,nan,nan
26-Feb-25 10:13:00 AM AEST,nan,66.0,22.8,nan,nan,nan,326.40,0.66,9.50,6.30,323.10,335.80
26-Feb-25 10:14:00 AM AEST,nan,65.8,22.9,nan,nan,nan,287.20,0.55,nan,4.40,277.20,317.50
26-Feb-25 10:15:00 AM AEST,29.8,64.3,nan,nan,nan,nan,293.90,0.92,14.20,9.00,295.80,303.30
26-Feb-25 10:16:00 AM AEST,nan,65.8,22.3,nan,nan,nan,346.90,0.56,11.80,4.60,337.90,289.20
26-Feb-25 10:16:05 AM AEST,29.7,nan,nan,nan,nan,nan,nan,nan,nan,nan,nan,nan
26-Feb-25 10:17:00 AM AEST,nan,nan,22.7,nan,nan,nan,353.60,0.60,nan,5.40,343.30,274.90
26-Feb-25 10:18:00 AM AEST,29.6,nan,22.6,nan,nan,nan,302.10,0.71,10.60,5.50,301.10,274.20
26-Feb-25 10:19:00 AM AEST,nan,66.5,nan,nan,nan,nan,320.70,0.45,8.30,3.30,308.80,275.80
26-Feb-25 10:20:00 AM AEST,29.5,66.3,22.7,nan,nan,nan,339.30,1.10,20.10,8.60,340.50,293.30
26-Feb-25 10:21:00 AM AEST,nan,66.2,22.6,nan,nan,nan,313.40,0.89,14.20,8.30,314.30,336.70
26-Feb-25 10:21:05 AM AEST,29.4,nan,nan,nan,nan,nan,nan,nan,nan,nan,nan,nan
26-Feb-25 10:22:00 AM AEST,nan,66.5,22.4,nan,nan,nan,329.70,0.75,nan,6.90,330.10,399.90
26-Feb-25 10:23:00 AM AEST,nan,66.8,22.5,nan,nan,nan,308.90,0.90,15.40,8.50,308.00,479.20
26-Feb-25 10:24:00 AM AEST,nan,nan,22.6,nan,nan,nan,337.40,0.70,10.60,5.60,336.00,573.30
26-Feb-25 10:25:00 AM AEST,nan,67.2,nan,nan,nan,nan,307.40,0.56,8.30,5.40,307.60,750.70
26-Feb-25 10:26:00 AM AEST,29.6,67.8,22.7,nan,nan,nan,287.60,0.59,9.50,5.50,284.30,735.00
26-Feb-25 10:27:00 AM AEST,nan,65.8,23.0,nan,nan,nan,315.70,1.02,18.90,7.80,304.80,739.10
26-Feb-25 10:28:00 AM AEST,nan,64.8,22.5,nan,nan,nan,324.80,0.80,13.00,7.70,323.10,582.50
26-Feb-25 10:29:00 AM AEST,nan,64.2,22.2,nan,nan,nan,299.30,0.77,14.20,7.30,290.10,495.00
26-Feb-25 10:30:00 AM AEST,29.4,61.8,22.1,nan,nan,nan,293.50,1.51,28.40,14.80,289.10,539.10
26-Feb-25 10:31:00 AM AEST,nan,62.8,21.3,nan,nan,nan,328.90,0.78,10.60,7.40,329.80,546.70
26-Feb-25 10:32:00 AM AEST,29.5,nan,21.6,nan,nan,nan,294.20,0.60,9.50,5.80,295.00,532.40
26-Feb-25 10:33:00 AM AEST,nan,63.0,nan,nan,nan,nan,325.90,0.55,10.60,3.30,357.90,616.70
26-Feb-25 10:33:05 AM AEST,29.6,nan,nan,nan,nan,nan,nan,nan,nan,nan,nan,nan
26-Feb-25 10:34:00 AM AEST,nan,63.2,21.8,nan,nan,nan,24.50,0.99,14.20,7.90,27.50,705.00
26-Feb-25 10:35:00 AM AEST,nan,62.8,nan,nan,nan,nan,337.90,0.96,13.00,8.40,339.10,603.30
26-Feb-25 10:36:00 AM AEST,nan,62.3,nan,nan,nan,nan,347.80,1.01,17.80,7.20,334.90,567.50
26-Feb-25 10:37:00 AM AEST,nan,nan,21.6,nan,nan,nan,335.00,0.59,10.60,4.30,319.60,565.80
26-Feb-25 10:38:00 AM AEST,nan,62.2,nan,nan,nan,nan,302.90,0.92,13.00,8.20,308.00,549.20
26-Feb-25 10:39:00 AM AEST,nan,62.7,nan,nan,nan,nan,327.70,0.78,nan,6.50,334.50,nan
26-Feb-25 10:40:00 AM AEST,nan,63.0,21.7,nan,nan,nan,303.20,0.88,nan,8.20,301.60,612.40
26-Feb-25 10:41:00 AM AEST,nan,63.3,21.8,nan,nan,nan,314.50,0.57,9.50,5.50,312.70,618.30
26-Feb-25 10:42:00 AM AEST,29.7,64.0,21.9,nan,nan,nan,336.80,0.53,14.20,4.20,332.20,598.30
26-Feb-25 10:43:00 AM AEST,nan,63.8,22.2,nan,nan,nan,327.30,0.70,13.00,5.50,319.20,539.20
26-Feb-25 10:43:05 AM AEST,29.8,nan,nan,nan,nan,nan,nan,nan,nan,nan,nan,nan
26-Feb-25 10:44:00 AM AEST,nan,62.8,nan,nan,nan,nan,303.10,0.91,15.40,6.60,299.30,637.40
26-Feb-25 10:45:00 AM AEST,29.7,63.5,21.9,nan,nan,nan,325.80,0.50,9.50,3.70,316.70,652.50
26-Feb-25 10:46:00 AM AEST,nan,64.2,22.1,nan,nan,nan,302.60,0.69,10.60,6.50,298.10,746.70
26-Feb-25 10:46:05 AM AEST,29.9,nan,nan,nan,nan,nan,nan,nan,nan,nan,nan,nan
26-Feb-25 10:47:00 AM AEST,nan,nan,22.4,nan,nan,nan,46.80,0.48,8.30,4.00,39.30,701.60
26-Feb-25 10:48:00 AM AEST,30.1,64.8,nan,nan,nan,nan,49.90,0.27,nan,1.50,355.30,783.30
26-Feb-25 10:49:00 AM AEST,nan,64.7,22.8,nan,nan,nan,350.90,0.76,11.80,5.40,347.50,787.40
26-Feb-25 10:49:05 AM AEST,30.2,nan,nan,nan,nan,nan,nan,nan,nan,nan,nan,nan
26-Feb-25 10:50:00 AM AEST,nan,64.8,nan,nan,nan,nan,320.60,0.50,8.30,4.70,320.60,688.30
26-Feb-25 10:51:00 AM AEST,30.3,64.5,nan,nan,nan,nan,340.60,0.64,9.50,4.60,337.20,775.80
26-Feb-25 10:52:00 AM AEST,nan,63.5,nan,nan,nan,nan,352.80,0.80,14.20,6.90,359.30,778.20
26-Feb-25 10:53:00 AM AEST,nan,63.8,22.6,nan,nan,nan,351.30,0.67,11.80,5.20,354.20,872.50
26-Feb-25 10:54:00 AM AEST,nan,63.5,nan,nan,nan,nan,342.30,0.77,13.00,nan,332.80,875.70
26-Feb-25 10:55:00 AM AEST,30.4,nan,nan,nan,nan,nan,323.30,0.63,10.60,5.00,324.40,855.00
26-Feb-25 10:56:00 AM AEST,nan,63.2,22.7,nan,nan,nan,4.60,0.69,nan,6.70,3.50,842.50
26-Feb-25 10:57:00 AM AEST,30.5,63.3,22.6,nan,nan,nan,327.90,0.70,9.50,6.90,327.20,838.20
26-Feb-25 10:58:00 AM AEST,nan,63.5,22.7,nan,nan,nan,305.10,0.64,10.60,5.50,298.70,829.20
26-Feb-25 10:58:05 AM AEST,30.6,nan,nan,nan,nan,nan,nan,nan,nan,nan,nan,nan
26-Feb-25 10:59:00 AM AEST,nan,62.5,22.8,nan,nan,nan,333.20,0.59,nan,5.60,331.90,818.20
26-Feb-25 10:59:10 AM AEST,30.5,nan,nan,nan,nan,nan,nan,nan,nan,nan,nan,nan
26-Feb-25 11:00:00 AM AEST,nan,63.2,22.5,nan,nan,nan,0.90,0.55,8.30,4.50,357.70,711.70
26-Feb-25 11:00:15 AM AEST,30.7,nan,nan,nan,nan,nan,nan,nan,nan,nan,nan,nan
26-Feb-25 11:00:31 AM AEST,nan,nan,nan,nan,nan,0.55,nan,nan,nan,nan,nan,nan
26-Feb-25 11:01:00 AM AEST,nan,nan,22.9,nan,nan,nan,329.00,0.64,10.60,6.20,329.40,nan
26-Feb-25 11:02:00 AM AEST,nan,62.7,nan,nan,nan,nan,311.80,0.63,nan,5.80,303.60,771.60
26-Feb-25 11:03:00 AM AEST,30.5,62.3,22.7,nan,nan,nan,283.90,1.17,17.80,10.80,282.70,790.80
26-Feb-25 11:04:00 AM AEST,nan,63.7,22.5,nan,nan,nan,314.80,0.37,5.90,3.70,314.00,813.20
26-Feb-25 11:04:05 AM AEST,30.6,nan,nan,nan,nan,nan,nan,nan,nan,nan,nan,nan
26-Feb-25 11:05:00 AM AEST,nan,64.3,22.9,nan,nan,nan,343.20,0.62,10.60,5.90,346.10,818.30
26-Feb-25 11:05:10 AM AEST,30.7,nan,nan,nan,nan,nan,nan,nan,nan,nan,nan,nan
26-Feb-25 11:06:00 AM AEST,nan,63.7,23.2,nan,nan,nan,320.90,0.93,15.40,8.50,325.00,822.50
26-Feb-25 11:06:15 AM AEST,30.8,nan,nan,nan,nan,nan,nan,nan,nan,nan,nan,nan
26-Feb-25 11:06:15 AM AEST,30.6,nan,nan,nan,nan,nan,nan,nan,nan,nan,nan,nan
26-Feb-25 11:07:00 AM AEST,nan,62.0,23.1,nan,nan,nan,306.40,0.96,13.00,9.40,306.60,826.60
26-Feb-25 11:08:00 AM AEST,nan,62.2,22.5,nan,nan,nan,282.10,0.79,11.80,7.20,278.00,820.00
26-Feb-25 11:09:00 AM AEST,30.7,63.2,nan,nan,nan,nan,303.00,0.47,9.50,4.60,305.30,798.20
26-Feb-25 11:10:00 AM AEST,nan,62.8,22.8,nan,nan,nan,291.60,0.82,13.00,8.10,290.20,796.70
26-Feb-25 11:11:00 AM AEST,nan,nan,nan,nan,nan,nan,2.20,0.89,nan,7.70,359.40,807.50
26-Feb-25 11:12:00 AM AEST,30.8,63.8,nan,nan,nan,nan,2.50,0.60,10.60,4.20,0.00,799.10
26-Feb-25 11:13:00 AM AEST,nan,62.5,23.2,nan,nan,nan,308.90,1.30,17.80,12.20,309.20,756.70
26-Feb-25 11:14:00 AM AEST,30.6,62.2,22.8,nan,nan,nan,300.30,1.14,20.10,8.80,292.30,738.20
26-Feb-25 11:15:00 AM AEST,nan,62.5,22.6,nan,nan,nan,346.80,0.72,13.00,5.30,343.10,800.80
26-Feb-25 11:15:05 AM AEST,30.7,nan,nan,nan,nan,nan,nan,nan,nan,nan,nan,nan
26-Feb-25 11:16:00 AM AEST,nan,nan,22.7,nan,nan,nan,324.10,0.53,nan,nan,323.70,748.30
26-Feb-25 11:16:10 AM AEST,30.8,nan,nan,nan,nan,nan,nan,nan,nan,nan,nan,nan
26-Feb-25 11:17:00 AM AEST,nan,nan,22.8,nan,nan,nan,329.10,0.50,8.30,4.10,321.50,799.10
26-Feb-25 11:17:15 AM AEST,30.9,nan,nan,nan,nan,nan,nan,nan,nan,nan,nan,nan
26-Feb-25 11:18:00 AM AEST,nan,62.8,22.9,nan,nan,nan,358.20,0.79,13.00,6.50,2.60,770.80
26-Feb-25 11:18:20 AM AEST,31.0,nan,nan,nan,nan,nan,nan,nan,nan,nan,nan,nan
26-Feb-25 11:19:00 AM AEST,nan,61.8,23.1,nan,nan,nan,298.70,0.92,15.40,8.60,298.30,801.60
26-Feb-25 11:19:25 AM AEST,30.9,nan,nan,nan,nan,nan,nan,nan,nan,nan,nan,nan
26-Feb-25 11:19:25 AM AEST,30.7,nan,nan,nan,nan,nan,nan,nan,nan,nan,nan,nan
26-Feb-25 11:20:00 AM AEST,nan,61.7,22.7,nan,nan,nan,316.50,1.40,20.10,13.40,317.40,806.70
26-Feb-25 11:21:00 AM AEST,nan,61.8,22.5,nan,nan,nan,323.20,0.82,11.80,5.70,327.30,809.20
26-Feb-25 11:22:00 AM AEST,30.8,62.2,nan,nan,nan,nan,304.60,0.92,17.80,8.80,298.90,749.90
26-Feb-25 11:23:00 AM AEST,nan,62.3,22.7,nan,nan,nan,306.40,0.72,10.60,6.50,302.80,761.70
26-Feb-25 11:23:05 AM AEST,30.7,nan,nan,nan,nan,nan,nan,nan,nan,nan,nan,nan
26-Feb-25 11:24:00 AM AEST,nan,62.0,nan,nan,nan,nan,355.10,1.14,16.60,9.50,0.10,857.40
26-Feb-25 11:25:00 AM AEST,nan,nan,22.6,nan,nan,nan,348.90,0.90,15.40,8.80,350.40,868.30
26-Feb-25 11:26:00 AM AEST,30.8,61.8,nan,nan,nan,nan,296.30,0.89,13.00,8.20,295.00,870.00
26-Feb-25 11:27:00 AM AEST,nan,62.2,nan,nan,nan,nan,355.60,0.86,15.40,6.40,348.40,817.40
26-Feb-25 11:28:00 AM AEST,30.9,62.0,22.7,nan,nan,nan,308.70,0.91,16.60,5.50,303.80,813.30
26-Feb-25 11:29:00 AM AEST,nan,62.3,22.8,nan,nan,nan,296.50,0.93,13.00,8.40,297.20,518.30
26-Feb-25 11:30:00 AM AEST,nan,61.7,nan,nan,nan,nan,297.00,0.94,nan,8.70,296.10,870.80
26-Feb-25 11:31:00 AM AEST,nan,nan,22.6,nan,nan,nan,262.50,0.49,9.50,4.60,270.70,785.00
26-Feb-25 11:32:00 AM AEST,nan,61.8,nan,nan,nan,nan,343.30,0.89,18.90,6.00,358.00,743.20
26-Feb-25 11:33:00 AM AEST,31.0,nan,22.7,nan,nan,nan,338.10,nan,17.80,8.70,338.90,835.80
26-Feb-25 11:34:00 AM AEST,nan,62.8,22.8,nan,nan,nan,293.90,0.55,9.50,5.10,290.90,871.60
26-Feb-25 11:34:05 AM AEST,31.1,nan,nan,nan,nan,nan,nan,nan,nan,nan,nan,nan
26-Feb-25 11:35:00 AM AEST,nan,nan,23.1,nan,nan,nan,291.50,0.38,5.90,3.70,290.20,898.30
26-Feb-25 11:35:10 AM AEST,31.2,nan,nan,nan,nan,nan,nan,nan,nan,nan,nan,nan
26-Feb-25 11:36:00 AM AEST,nan,nan,23.3,nan,nan,nan,304.60,0.50,8.30,4.80,307.40,906.70
26-Feb-25 11:36:15 AM AEST,31.4,nan,nan,nan,nan,nan,nan,nan,nan,nan,nan,nan
26-Feb-25 11:37:00 AM AEST,nan,62.3,23.4,nan,nan,nan,277.60,0.67,11.80,5.70,269.10,519.10
26-Feb-25 11:37:20 AM AEST,31.3,nan,nan,nan,nan,nan,nan,nan,nan,nan,nan,nan
26-Feb-25 11:38:00 AM AEST,nan,61.2,23.3,nan,nan,nan,321.70,1.02,18.90,8.60,319.10,443.30
26-Feb-25 11:38:25 AM AEST,31.1,nan,nan,nan,nan,nan,nan,nan,nan,nan,nan,nan
26-Feb-25 11:39:00 AM AEST,nan,60.5,22.9,nan,nan,nan,336.20,0.86,14.20,7.70,338.20,518.30
26-Feb-25 11:40:00 AM AEST,nan,nan,22.6,nan,nan,nan,299.00,0.73,11.80,6.50,300.30,734.20
26-Feb-25 11:41:00 AM AEST,nan,60.8,22.5,nan,nan,nan,4.30,0.38,7.10,3.70,2.20,709.20
26-Feb-25 11:42:00 AM AEST,31.2,61.0,22.7,nan,nan,nan,22.00,0.57,9.50,5.00,29.50,264.90
26-Feb-25 11:43:00 AM AEST,nan,nan,22.8,nan,nan,nan,9.50,0.65,nan,6.40,9.40,219.20
26-Feb-25 11:44:00 AM AEST,nan,61.2,22.7,nan,nan,nan,305.70,0.54,nan,4.90,299.30,559.10
26-Feb-25 11:45:00 AM AEST,nan,61.3,22.8,nan,nan,nan,354.40,0.66,11.80,5.60,351.60,843.30
26-Feb-25 11:46:00 AM AEST,31.1,61.0,nan,nan,nan,nan,326.80,0.75,15.40,6.30,305.80,400.80
26-Feb-25 11:47:00 AM AEST,nan,61.3,22.7,nan,nan,nan,310.40,0.51,8.30,4.30,304.60,941.60
26-Feb-25 11:47:05 AM AEST,31.2,nan,nan,nan,nan,nan,nan,nan,nan,nan,nan,nan
26-Feb-25 11:48:00 AM AEST,nan,62.0,22.8,nan,nan,nan,300.10,nan,13.00,3.60,334.70,940.00
26-Feb-25 11:48:10 AM AEST,31.3,nan,nan,nan,nan,nan,nan,nan,nan,nan,nan,nan
26-Feb-25 11:48:10 AM AEST,31.2,nan,nan,nan,nan,nan,nan,nan,nan,nan,nan,nan
26-Feb-25 11:49:00 AM AEST,nan,61.8,23.1,nan,nan,nan,342.00,0.60,nan,5.80,339.00,951.60
26-Feb-25 11:49:15 AM AEST,31.4,nan,nan,nan,nan,nan,nan,nan,nan,nan,nan,nan
26-Feb-25 11:50:00 AM AEST,nan,nan,23.0,nan,nan,nan,2.20,0.52,8.30,4.00,3.90,904.20
26-Feb-25 11:50:20 AM AEST,31.5,nan,nan,nan,nan,nan,nan,nan,nan,nan,nan,nan
26-Feb-25 11:51:00 AM AEST,nan,62.7,23.2,nan,nan,nan,26.20,0.37,9.50,1.50,4.20,300.00
26-Feb-25 11:52:00 AM AEST,nan,61.7,23.5,nan,nan,nan,310.70,0.97,14.20,8.70,309.70,273.30
26-Feb-25 11:53:00 AM AEST,31.4,60.2,23.2,nan,nan,nan,4.00,0.62,10.60,5.60,3.80,296.70
26-Feb-25 11:54:00 AM AEST,nan,59.8,22.7,nan,nan,nan,343.00,0.89,15.40,7.30,339.10,362.40
26-Feb-25 11:54:05 AM AEST,31.3,nan,nan,nan,nan,nan,nan,nan,nan,nan,nan,nan
26-Feb-25 11:55:00 AM AEST,nan,60.0,22.5,nan,nan,nan,337.50,0.57,8.30,3.60,323.70,699.20
26-Feb-25 11:56:00 AM AEST,31.4,60.7,22.6,nan,nan,nan,322.80,0.40,5.90,2.10,300.50,445.80
26-Feb-25 11:57:00 AM AEST,nan,61.2,22.8,nan,nan,nan,290.90,0.82,15.40,7.30,301.60,327.40
26-Feb-25 11:58:00 AM AEST,31.2,60.5,23.0,nan,nan,nan,316.90,nan,13.00,7.60,317.10,347.50
26-Feb-25 11:59:00 AM AEST,nan,nan,22.6,nan,nan,nan,350.10,0.64,10.60,4.50,347.60,397.40
26-Feb-25 12:00:00 PM AEST,nan,59.7,nan,nan,nan,nan,307.10,0.81,13.00,7.80,304.30,380.80
26-Feb-25 12:00:32 PM AEST,nan,nan,nan,nan,nan,0.51,nan,nan,nan,nan,nan,nan
26-Feb-25 12:01:00 PM AEST,31.0,59.8,22.4,nan,nan,nan,291.90,0.83,14.20,7.10,290.00,346.70
26-Feb-25 12:02:00 PM AEST,nan,60.5,22.3,nan,nan,nan,326.90,0.44,7.10,4.30,324.90,344.90
26-Feb-25 12:03:00 PM AEST,31.1,nan,22.5,nan,nan,nan,354.40,0.49,nan,4.90,355.60,360.00
26-Feb-25 12:04:00 PM AEST,nan,nan,22.6,nan,nan,nan,6.40,0.56,8.30,5.30,9.30,363.30
26-Feb-25 12:04:05 PM AEST,31.2,nan,nan,nan,nan,nan,nan,nan,nan,nan,nan,nan
26-Feb-25 12:05:00 PM AEST,nan,61.0,nan,nan,nan,nan,310.40,0.61,9.50,5.80,315.00,320.80
26-Feb-25 12:06:00 PM AEST,nan,61.5,22.7,nan,nan,nan,314.30,0.43,7.10,3.90,317.80,265.00
26-Feb-25 12:07:00 PM AEST,nan,60.3,22.9,nan,nan,nan,311.50,0.63,8.30,4.30,314.70,222.40
26-Feb-25 12:08:00 PM AEST,31.1,nan,22.6,nan,nan,nan,316.60,0.89,13.00,8.80,316.90,200.80
26-Feb-25 12:09:00 PM AEST,nan,60.5,22.5,nan,nan,nan,320.30,0.44,7.10,4.30,321.70,195.80
26-Feb-25 12:09:05 PM AEST,31.0,nan,nan,nan,nan,nan,nan,nan,nan,nan,nan,nan
26-Feb-25 12:10:00 PM AEST,nan,nan,nan,nan,nan,nan,352.30,0.70,13.00,6.70,354.90,203.30
26-Feb-25 12:10:10 PM AEST,31.1,nan,nan,nan,nan,nan,nan,nan,nan,nan,nan,nan
26-Feb-25 12:11:00 PM AEST,nan,60.2,nan,nan,nan,nan,350.50,nan,10.60,6.20,351.60,218.30
26-Feb-25 12:11:15 PM AEST,31.0,nan,nan,nan,nan,nan,nan,nan,nan,nan,nan,nan
26-Feb-25 12:12:00 PM AEST,nan,60.7,22.3,nan,nan,nan,318.00,0.85,13.00,7.90,317.90,230.80
26-Feb-25 12:13:00 PM AEST,30.8,60.5,22.5,nan,nan,nan,290.40,0.77,nan,5.80,290.80,235.00
26-Feb-25 12:14:00 PM AEST,nan,61.0,22.3,nan,nan,nan,297.30,0.67,16.60,6.00,283.10,236.60
26-Feb-25 12:15:00 PM AEST,30.7,60.7,22.4,nan,nan,nan,285.10,0.62,nan,6.10,284.80,261.70
26-Feb-25 12:16:00 PM AEST,nan,60.8,22.2,nan,nan,nan,312.50,0.35,4.70,2.00,300.70,306.70
26-Feb-25 12:16:05 PM AEST,30.8,nan,nan,nan,nan,nan,nan,nan,nan,nan,nan,nan
26-Feb-25 12:17:00 PM AEST,nan,61.5,22.4,nan,nan,nan,18.30,0.26,nan,2.50,13.70,354.90
26-Feb-25 12:17:10 PM AEST,30.9,nan,nan,nan,nan,nan,nan,nan,nan,nan,nan,nan
26-Feb-25 12:18:00 PM AEST,nan,61.8,22.6,nan,nan,nan,331.90,0.46,11.80,3.80,318.10,401.70
26-Feb-25 12:19:00 PM AEST,nan,61.7,22.8,nan,nan,nan,322.80,0.52,8.30,5.00,322.90,459.10
26-Feb-25 12:20:00 PM AEST,31.0,62.0,22.6,nan,nan,nan,315.90,0.89,15.40,7.50,302.40,725.00
26-Feb-25 12:21:00 PM AEST,nan,62.5,22.8,nan,nan,nan,324.40,1.04,nan,8.40,322.30,891.70
26-Feb-25 12:21:05 PM AEST,30.9,nan,nan,nan,nan,nan,nan,nan,nan,nan,nan,nan
26-Feb-25 12:22:00 PM AEST,nan,62.7,22.9,nan,nan,nan,303.00,1.09,20.10,10.10,307.60,451.60
26-Feb-25 12:22:10 PM AEST,30.8,nan,nan,nan,nan,nan,nan,nan,nan,nan,nan,nan
26-Feb-25 12:23:00 PM AEST,nan,62.8,22.8,nan,nan,nan,308.40,0.75,16.60,4.50,312.50,410.80
26-Feb-25 12:23:15 PM AEST,30.9,nan,nan,nan,nan,nan,nan,nan,nan,nan,nan,nan
26-Feb-25 12:24:00 PM AEST,nan,62.2,23.0,nan,nan,nan,276.40,nan,10.60,6.70,277.00,499.10
26-Feb-25 12:25:00 PM AEST,30.8,62.3,22.8,nan,nan,nan,294.10,0.80,13.00,7.20,293.70,393.30
26-Feb-25 12:26:00 PM AEST,nan,nan,nan,nan,nan,nan,327.20,0.70,10.60,7.00,327.00,395.80
26-Feb-25 12:27:00 PM AEST,nan,61.7,nan,nan,nan,nan,278.90,0.74,13.00,6.40,277.40,657.40
26-Feb-25 12:28:00 PM AEST,nan,60.8,22.6,nan,nan,nan,301.80,0.80,11.80,6.90,300.40,771.60
26-Feb-25 12:29:00 PM AEST,nan,60.7,22.3,nan,nan,nan,303.90,0.53,10.60,4.90,300.10,1020.00
26-Feb-25 12:30:00 PM AEST,31.0,61.0,nan,nan,nan,nan,345.00,0.64,9.50,5.40,337.00,995.00
26-Feb-25 12:31:00 PM AEST,nan,61.3,22.6,nan,nan,nan,313.60,0.62,11.80,4.90,312.80,966.60
26-Feb-25 12:31:05 PM AEST,31.1,nan,nan,nan,nan,nan,nan,nan,nan,nan,nan,nan
26-Feb-25 12:32:00 PM AEST,nan,61.5,22.8,nan,nan,nan,301.60,0.68,10.60,6.20,303.90,938.30
26-Feb-25 12:32:10 PM AEST,31.2,nan,nan,nan,nan,nan,nan,nan,nan,nan,nan,nan
26-Feb-25 12:33:00 PM AEST,nan,60.0,22.9,nan,nan,nan,292.80,1.26,17.80,11.50,295.30,904.20
26-Feb-25 12:33:15 PM AEST,31.1,nan,nan,nan,nan,nan,nan,nan,nan,nan,nan,nan
26-Feb-25 12:34:00 PM AEST,nan,60.2,22.4,nan,nan,nan,316.60,0.67,10.60,6.40,316.40,888.20
26-Feb-25 12:34:20 PM AEST,31.2,nan,nan,nan,nan,nan,nan,nan,nan,nan,nan,nan
26-Feb-25 12:35:00 PM AEST,nan,60.0,22.5,nan,nan,nan,319.40,0.97,14.20,9.60,320.50,886.70
26-Feb-25 12:36:00 PM AEST,nan,59.3,nan,nan,nan,nan,323.70,0.90,15.40,8.30,nan,889.20
26-Feb-25 12:37:00 PM AEST,31.3,60.8,22.3,nan,nan,nan,337.10,0.44,9.50,4.10,343.00,886.70
26-Feb-25 12:38:00 PM AEST,nan,61.7,22.8,nan,nan,nan,330.80,0.24,4.70,2.40,330.70,890.80
26-Feb-25 12:38:05 PM AEST,31.5,nan,nan,nan,nan,nan,nan,nan,nan,nan,nan,nan
26-Feb-25 12:39:00 PM AEST,nan,62.0,23.3,nan,nan,nan,291.50,0.37,7.10,2.60,278.70,890.70
26-Feb-25 12:39:10 PM AEST,31.8,nan,nan,nan,nan,nan,nan,nan,nan,nan,nan,nan
26-Feb-25 12:40:00 PM AEST,nan,nan,23.6,nan,nan,nan,344.60,0.47,nan,nan,331.60,859.20
26-Feb-25 12:40:15 PM AEST,31.9,nan,nan,nan,nan,nan,nan,nan,nan,nan,nan,nan
26-Feb-25 12:41:00 PM AEST,nan,61.5,23.7,nan,nan,nan,305.30,0.68,11.80,5.50,307.70,888.20
26-Feb-25 12:42:00 PM AEST,31.8,60.8,23.6,nan,nan,nan,306.30,0.80,nan,7.20,303.50,895.00
26-Feb-25 12:43:00 PM AEST,nan,61.7,23.3,nan,nan,nan,310.30,0.66,9.50,5.90,316.00,899.20
26-Feb-25 12:43:05 PM AEST,31.9,nan,nan,nan,nan,nan,nan,nan,nan,nan,nan,nan
26-Feb-25 12:44:00 PM AEST,nan,61.8,23.6,nan,nan,nan,2.60,0.34,5.90,2.60,3.20,911.60
26-Feb-25 12:44:10 PM AEST,32.0,nan,nan,nan,nan,nan,nan,nan,nan,nan,nan,nan
26-Feb-25 12:45:00 PM AEST,nan,60.3,23.7,nan,nan,nan,291.80,0.77,13.00,6.80,289.40,915.80
26-Feb-25 12:46:00 PM AEST,31.9,59.3,23.4,nan,nan,nan,290.70,0.85,14.20,7.70,284.00,924.10
26-Feb-25 12:47:00 PM AEST,nan,59.5,23.0,nan,nan,nan,312.30,0.72,10.60,4.80,312.10,890.80
26-Feb-25 12:48:00 PM AEST,32.0,nan,23.1,nan,nan,nan,328.30,0.49,7.10,4.30,326.90,742.50
26-Feb-25 12:49:00 PM AEST,nan,60.5,nan,nan,nan,nan,300.10,0.63,11.80,6.00,294.00,784.10
26-Feb-25 12:49:05 PM AEST,32.1,nan,nan,nan,nan,nan,nan,nan,nan,nan,nan,nan
26-Feb-25 12:50:00 PM AEST,nan,59.7,23.5,nan,nan,nan,289.50,0.48,7.10,4.60,292.60,970.80
26-Feb-25 12:51:00 PM AEST,32.2,60.0,23.3,nan,nan,nan,356.20,0.41,4.70,4.00,355.50,1001.60
26-Feb-25 12:52:00 PM AEST,nan,60.3,23.4,nan,nan,nan,18.00,0.66,10.60,6.40,18.10,1036.70
26-Feb-25 12:52:05 PM AEST,32.3,nan,nan,nan,nan,nan,nan,nan,nan,nan,nan,nan
26-Feb-25 12:53:00 PM AEST,nan,61.3,23.7,nan,nan,nan,285.30,0.42,5.90,3.50,284.60,1030.80
26-Feb-25 12:53:10 PM AEST,32.5,nan,nan,nan,nan,nan,nan,nan,nan,nan,nan,nan
26-Feb-25 12:54:00 PM AEST,nan,61.2,24.1,nan,nan,nan,282.80,0.38,nan,3.70,283.50,1049.10
26-Feb-25 12:54:15 PM AEST,32.6,nan,nan,nan,nan,nan,nan,nan,nan,nan,nan,nan
26-Feb-25 12:55:00 PM AEST,nan,61.5,24.2,nan,nan,nan,290.40,0.50,9.50,4.90,290.40,468.30
26-Feb-25 12:55:20 PM AEST,32.7,nan,nan,nan,nan,nan,nan,nan,nan,nan,nan,nan
26-Feb-25 12:56:00 PM AEST,nan,59.2,24.4,nan,nan,nan,297.50,1.05,17.80,10.00,294.20,925.70
26-Feb-25 12:56:25 PM AEST,32.5,nan,nan,nan,nan,nan,nan,nan,nan,nan,nan,nan
26-Feb-25 12:57:00 PM AEST,nan,59.7,23.5,nan,nan,nan,325.60,0.64,9.50,4.90,315.30,1046.70
26-Feb-25 12:57:30 PM AEST,32.4,nan,nan,nan,nan,nan,nan,nan,nan,nan,nan,nan
26-Feb-25 12:57:30 PM AEST,32.7,nan,nan,nan,nan,nan,nan,nan,nan,nan,nan,nan
26-Feb-25 12:58:00 PM AEST,nan,60.8,23.6,nan,nan,nan,347.20,0.22,4.70,2.00,338.70,1030.00
26-Feb-25 12:58:35 PM AEST,32.9,nan,nan,nan,nan,nan,nan,nan,nan,nan,nan,nan
26-Feb-25 12:59:00 PM AEST,nan,60.7,24.1,nan,nan,nan,268.30,0.40,5.90,2.60,266.20,1084.90
26-Feb-25 12:59:40 PM AEST,33.0,nan,nan,nan,nan,nan,nan,nan,nan,nan,nan,nan
26-Feb-25 1:00:00 PM AEST,nan,61.2,24.3,nan,nan,nan,326.10,0.76,11.80,6.60,333.40,1053.30
26-Feb-25 1:00:33 PM AEST,nan,nan,nan,nan,nan,0.54,nan,nan,nan,nan,nan,nan
26-Feb-25 1:01:00 PM AEST,nan,60.7,24.5,nan,nan,nan,280.50,0.86,21.30,8.20,282.30,769.10
26-Feb-25 1:02:00 PM AEST,32.7,58.2,24.4,nan,nan,nan,289.60,1.14,16.60,10.70,292.60,251.70
26-Feb-25 1:03:00 PM AEST,nan,57.5,23.4,nan,nan,nan,278.00,0.97,15.40,8.80,279.00,380.00
26-Feb-25 1:03:05 PM AEST,32.5,nan,nan,nan,nan,nan,nan,nan,nan,nan,nan,nan
26-Feb-25 1:04:00 PM AEST,nan,57.2,23.0,nan,nan,nan,275.70,0.87,17.80,7.90,270.40,327.40
26-Feb-25 1:04:10 PM AEST,32.3,nan,nan,nan,nan,nan,nan,nan,nan,nan,nan,nan
26-Feb-25 1:05:00 PM AEST,nan,57.3,22.7,nan,nan,nan,292.40,0.96,16.60,9.10,292.40,268.30
26-Feb-25 1:05:15 PM AEST,32.1,nan,nan,nan,nan,nan,nan,nan,nan,nan,nan,nan
26-Feb-25 1:06:00 PM AEST,nan,57.5,22.6,nan,nan,nan,280.20,0.61,9.50,3.50,289.00,332.40
26-Feb-25 1:06:20 PM AEST,32.0,nan,nan,nan,nan,nan,nan,nan,nan,nan,nan,nan
26-Feb-25 1:07:00 PM AEST,nan,57.8,nan,nan,nan,nan,325.20,0.72,nan,7.00,324.20,855.00
26-Feb-25 1:07:25 PM AEST,32.1,nan,nan,nan,nan,nan,nan,nan,nan,nan,nan,nan
26-Feb-25 1:08:00 PM AEST,nan,59.2,22.7,nan,nan,nan,319.90,0.69,11.80,6.70,321.90,720.80
26-Feb-25 1:08:30 PM AEST,32.2,nan,nan,nan,nan,nan,nan,nan,nan,nan,nan,nan
26-Feb-25 1:09:00 PM AEST,nan,59.3,23.1,nan,nan,nan,308.40,1.02,20.10,9.40,312.10,593.30
26-Feb-25 1:09:35 PM AEST,32.0,nan,nan,nan,nan,nan,nan,nan,nan,nan,nan,nan
26-Feb-25 1:10:00 PM AEST,nan,58.0,23.2,nan,nan,nan,296.30,0.74,11.80,6.90,300.40,972.50
26-Feb-25 1:11:00 PM AEST,nan,58.2,22.7,nan,nan,nan,328.10,1.37,20.10,12.50,328.10,831.60
26-Feb-25 1:12:00 PM AEST,31.9,58.0,nan,nan,nan,nan,317.40,0.90,13.00,8.50,318.80,551.70
26-Feb-25 1:13:00 PM AEST,nan,59.0,22.6,nan,nan,nan,338.10,0.69,10.60,6.10,334.10,903.30
26-Feb-25 1:14:00 PM AEST,32.1,59.8,22.9,nan,nan,nan,320.80,0.64,13.00,6.20,318.00,864.90
26-Feb-25 1:15:00 PM AEST,nan,58.5,23.3,nan,nan,nan,335.70,0.98,nan,7.60,335.70,867.50
26-Feb-25 1:16:00 PM AEST,32.2,nan,23.0,nan,nan,nan,8.40,0.80,nan,5.70,357.70,580.80
26-Feb-25 1:17:00 PM AEST,nan,59.0,nan,nan,nan,nan,299.00,0.59,nan,4.60,309.10,244.20
26-Feb-25 1:18:00 PM AEST,32.1,58.8,23.2,nan,nan,nan,327.20,0.88,nan,7.30,325.00,250.00
26-Feb-25 1:19:00 PM AEST,nan,nan,23.1,nan,nan,nan,318.10,0.75,10.60,6.80,316.40,626.60
26-Feb-25 1:19:05 PM AEST,32.0,nan,nan,nan,nan,nan,nan,nan,nan,nan,nan,nan
26-Feb-25 1:20:00 PM AEST,nan,59.0,23.0,nan,nan,nan,326.60,0.85,13.00,8.00,324.60,818.30
26-Feb-25 1:21:00 PM AEST,nan,59.5,nan,nan,nan,nan,342.70,1.08,16.60,9.10,341.20,826.60
26-Feb-25 1:22:00 PM AEST,nan,59.3,23.1,nan,nan,nan,327.90,0.79,10.60,7.00,329.00,886.70
26-Feb-25 1:23:00 PM AEST,nan,59.5,nan,nan,nan,nan,298.40,nan,15.40,7.40,302.20,815.00
26-Feb-25 1:24:00 PM AEST,nan,59.0,nan,nan,nan,nan,303.70,1.02,16.60,8.90,303.40,351.60
26-Feb-25 1:25:00 PM AEST,nan,58.3,23.0,nan,nan,nan,315.50,0.78,14.20,6.20,306.60,511.70
26-Feb-25 1:26:00 PM AEST,nan,58.7,22.8,nan,nan,nan,294.40,0.60,11.80,5.30,291.50,259.90
26-Feb-25 1:27:00 PM AEST,nan,58.3,22.9,nan,nan,nan,277.50,0.80,15.40,5.80,271.00,399.20
26-Feb-25 1:28:00 PM AEST,nan,nan,22.8,nan,nan,nan,334.10,0.93,16.60,8.40,335.00,907.50
26-Feb-25 1:29:00 PM AEST,31.9,58.0,nan,nan,nan,nan,282.80,1.08,18.90,9.90,286.40,930.70
26-Feb-25 1:30:00 PM AEST,nan,nan,22.6,nan,nan,nan,278.50,0.96,21.30,7.90,282.20,926.70
26-Feb-25 1:31:00 PM AEST,32.1,59.5,nan,nan,nan,nan,277.20,0.31,4.70,2.80,280.90,954.90
26-Feb-25 1:32:00 PM AEST,nan,60.2,23.2,nan,nan,nan,322.40,0.88,20.10,5.90,322.70,931.70
26-Feb-25 1:32:05 PM AEST,32.3,nan,nan,nan,nan,nan,nan,nan,nan,nan,nan,nan
26-Feb-25 1:33:00 PM AEST,nan,59.3,23.5,nan,nan,nan,323.40,0.90,14.20,7.50,322.00,930.00
26-Feb-25 1:34:00 PM AEST,nan,60.0,23.3,nan,nan,nan,299.90,0.61,13.00,5.20,301.30,286.60
26-Feb-25 1:35:00 PM AEST,32.2,59.8,23.5,nan,nan,nan,303.70,0.83,14.20,6.60,307.10,617.50
26-Feb-25 1:36:00 PM AEST,nan,60.3,23.4,nan,nan,nan,317.40,0.71,11.80,6.90,317.10,873.20
26-Feb-25 1:36:05 PM AEST,32.3,nan,nan,nan,nan,nan,nan,nan,nan,nan,nan,nan
26-Feb-25 1:37:00 PM AEST,nan,60.5,23.6,nan,nan,nan,313.40,0.53,9.50,4.80,317.80,306.70
26-Feb-25 1:37:10 PM AEST,32.4,nan,nan,nan,nan,nan,nan,nan,nan,nan,nan,nan
26-Feb-25 1:38:00 PM AEST,nan,59.5,23.7,nan,nan,nan,304.50,0.88,11.80,8.00,305.20,270.00
26-Feb-25 1:39:00 PM AEST,32.1,57.5,23.5,nan,nan,nan,301.20,1.21,20.10,9.50,298.70,286.60
26-Feb-25 1:40:00 PM AEST,nan,58.0,22.7,nan,nan,nan,326.50,0.81,14.20,5.40,330.10,623.30
26-Feb-25 1:40:05 PM AEST,32.0,nan,nan,nan,nan,nan,nan,nan,nan,nan,nan,nan
26-Feb-25 1:41:00 PM AEST,nan,58.7,nan,nan,nan,nan,329.30,0.90,15.40,8.50,330.70,951.60
26-Feb-25 1:41:10 PM AEST,32.1,nan,nan,nan,nan,nan,nan,nan,nan,nan,nan,nan
26-Feb-25 1:42:00 PM AEST,nan,58.8,22.9,nan,nan,nan,299.90,0.79,11.80,6.60,298.90,826.70
26-Feb-25 1:43:00 PM AEST,32.2,59.0,23.1,nan,nan,nan,350.10,0.72,10.60,5.40,344.80,931.70
26-Feb-25 1:44:00 PM AEST,nan,58.8,23.2,nan,nan,nan,316.90,0.90,13.00,6.80,309.50,677.40
26-Feb-25 1:44:05 PM AEST,32.3,nan,nan,nan,nan,nan,nan,nan,nan,nan,nan,nan
26-Feb-25 1:45:00 PM AEST,nan,57.0,nan,nan,nan,nan,292.10,1.03,15.40,9.30,290.70,395.80
26-Feb-25 1:46:00 PM AEST,32.0,55.3,22.7,nan,nan,nan,308.70,1.22,17.80,11.70,307.00,628.30
26-Feb-25 1:47:00 PM AEST,nan,55.8,21.9,nan,nan,nan,292.70,0.88,14.20,7.00,296.90,815.00
26-Feb-25 1:47:05 PM AEST,32.1,nan,nan,nan,nan,nan,nan,nan,nan,nan,nan,nan
26-Feb-25 1:48:00 PM AEST,nan,56.5,22.2,nan,nan,nan,284.30,0.76,11.80,6.90,295.40,213.30
26-Feb-25 1:48:10 PM AEST,32.2,nan,nan,nan,nan,nan,nan,nan,nan,nan,nan,nan
26-Feb-25 1:49:00 PM AEST,nan,55.7,22.4,nan,nan,nan,330.90,0.90,17.80,8.30,330.30,182.50
26-Feb-25 1:50:00 PM AEST,31.9,56.0,22.2,nan,nan,nan,304.60,nan,13.00,7.80,302.60,633.30
26-Feb-25 1:51:00 PM AEST,nan,57.0,22.1,nan,nan,nan,314.50,1.02,15.40,9.80,308.70,684.90
26-Feb-25 1:52:00 PM AEST,32.0,57.7,22.3,nan,nan,nan,312.70,0.36,9.50,3.60,311.30,853.30
26-Feb-25 1:53:00 PM AEST,nan,58.7,22.6,nan,nan,nan,330.70,0.43,8.30,4.10,333.10,846.70
26-Feb-25 1:53:05 PM AEST,32.2,nan,nan,nan,nan,nan,nan,nan,nan,nan,nan,nan
26-Feb-25 1:54:00 PM AEST,nan,57.2,23.1,nan,nan,nan,314.40,0.82,11.80,7.90,311.40,849.10
26-Feb-25 1:54:10 PM AEST,32.3,nan,nan,nan,nan,nan,nan,nan,nan,nan,nan,nan
26-Feb-25 1:55:00 PM AEST,nan,57.7,22.7,nan,nan,nan,322.30,0.43,8.30,3.80,322.00,863.30
26-Feb-25 1:55:15 PM AEST,32.4,nan,nan,nan,nan,nan,nan,nan,nan,nan,nan,nan
26-Feb-25 1:56:00 PM AEST,nan,58.2,22.9,nan,nan,nan,332.10,0.83,15.40,7.90,328.30,759.10
26-Feb-25 1:56:20 PM AEST,32.6,nan,nan,nan,nan,nan,nan,nan,nan,nan,nan,nan
26-Feb-25 1:57:00 PM AEST,nan,57.8,23.3,nan,nan,nan,305.70,0.54,8.30,4.40,307.40,905.80
26-Feb-25 1:58:00 PM AEST,32.7,57.2,23.2,nan,nan,nan,307.70,0.75,10.60,7.00,307.10,915.00
26-Feb-25 1:59:00 PM AEST,nan,55.7,23.1,nan,nan,nan,315.60,0.82,11.80,7.80,315.00,776.60
26-Feb-25 2:00:00 PM AEST,32.6,56.2,22.7,nan,nan,nan,298.90,1.02,14.20,9.80,300.50,557.50
26-Feb-25 2:00:34 PM AEST,nan,nan,nan,nan,nan,0.46,nan,nan,nan,nan,nan,nan
26-Feb-25 2:01:00 PM AEST,nan,56.8,nan,nan,nan,nan,326.00,0.83,16.60,7.40,324.80,873.20
26-Feb-25 2:02:00 PM AEST,nan,57.0,22.9,nan,nan,nan,347.70,1.03,21.30,9.70,344.50,863.30
26-Feb-25 2:03:00 PM AEST,nan,56.8,23.0,nan,nan,nan,315.50,0.95,15.40,8.20,317.00,898.30
26-Feb-25 2:04:00 PM AEST,32.7,57.3,22.9,nan,nan,nan,315.90,0.88,14.20,8.10,319.10,937.40
26-Feb-25 2:05:00 PM AEST,nan,58.2,23.1,nan,nan,nan,339.80,0.74,10.60,6.70,335.90,408.30
26-Feb-25 2:05:05 PM AEST,32.8,nan,nan,nan,nan,nan,nan,nan,nan,nan,nan,nan
26-Feb-25 2:06:00 PM AEST,nan,57.7,23.5,nan,nan,nan,296.20,0.96,15.40,8.30,292.80,259.90
26-Feb-25 2:06:10 PM AEST,32.7,nan,nan,nan,nan,nan,nan,nan,nan,nan,nan,nan
26-Feb-25 2:07:00 PM AEST,nan,57.2,23.3,nan,nan,nan,319.30,0.78,10.60,6.50,321.70,462.50
26-Feb-25 2:08:00 PM AEST,nan,56.2,23.1,nan,nan,nan,299.30,0.70,nan,6.40,300.70,708.30
26-Feb-25 2:09:00 PM AEST,32.6,55.8,22.8,nan,nan,nan,305.90,0.93,14.20,7.70,304.40,874.10
26-Feb-25 2:10:00 PM AEST,nan,55.5,22.6,nan,nan,nan,274.70,0.80,13.00,6.80,275.70,315.00
26-Feb-25 2:10:05 PM AEST,32.5,nan,nan,nan,nan,nan,nan,nan,nan,nan,nan,nan
26-Feb-25 2:11:00 PM AEST,nan,56.7,22.4,nan,nan,nan,325.70,0.61,10.60,5.60,325.10,879.90
26-Feb-25 2:12:00 PM AEST,32.6,58.2,22.8,nan,nan,nan,277.80,0.67,9.50,6.20,276.90,874.20
26-Feb-25 2:13:00 PM AEST,nan,57.8,23.3,nan,nan,nan,290.70,0.79,16.60,7.10,289.40,891.70
26-Feb-25 2:13:05 PM AEST,32.7,nan,nan,nan,nan,nan,nan,nan,nan,nan,nan,nan
26-Feb-25 2:14:00 PM AEST,nan,57.7,nan,nan,nan,nan,279.40,0.88,17.80,8.50,278.10,922.40
26-Feb-25 2:15:00 PM AEST,32.8,57.0,nan,nan,nan,nan,287.50,0.60,11.80,5.70,285.90,730.00
26-Feb-25 2:16:00 PM AEST,nan,56.2,23.1,nan,nan,nan,285.70,0.92,13.00,8.70,284.30,198.30
26-Feb-25 2:16:05 PM AEST,32.7,nan,nan,nan,nan,nan,nan,nan,nan,nan,nan,nan
26-Feb-25 2:17:00 PM AEST,nan,55.8,22.8,nan,nan,nan,332.10,1.14,26.00,11.00,333.60,156.70
26-Feb-25 2:18:00 PM AEST,32.4,55.5,22.7,nan,nan,nan,263.00,1.31,23.70,7.30,275.60,138.30
26-Feb-25 2:19:00 PM AEST,nan,55.3,22.3,nan,nan,nan,297.00,0.70,13.00,5.70,289.70,791.60
26-Feb-25 2:19:05 PM AEST,32.2,nan,nan,nan,nan,nan,nan,nan,nan,nan,nan,nan
26-Feb-25 2:20:00 PM AEST,nan,56.3,22.1,nan,nan,nan,318.30,0.57,9.50,5.30,313.70,802.50
26-Feb-25 2:20:10 PM AEST,32.3,nan,nan,nan,nan,nan,nan,nan,nan,nan,nan,nan
26-Feb-25 2:21:00 PM AEST,nan,56.5,22.5,nan,nan,nan,296.70,0.66,11.80,5.10,295.40,469.20
26-Feb-25 2:21:15 PM AEST,32.4,nan,nan,nan,nan,nan,nan,nan,nan,nan,nan,nan
26-Feb-25 2:22:00 PM AEST,nan,nan,22.6,nan,nan,nan,275.50,0.50,7.10,4.70,274.10,204.10
26-Feb-25 2:23:00 PM AEST,nan,57.3,nan,nan,nan,nan,327.20,0.64,9.50,6.20,327.00,746.70
26-Feb-25 2:24:00 PM AEST,nan,57.2,22.9,nan,nan,nan,301.30,0.57,nan,5.30,304.90,419.10
26-Feb-25 2:25:00 PM AEST,32.5,57.5,nan,nan,nan,nan,258.20,0.62,14.20,4.40,268.90,604.20
26-Feb-25 2:26:00 PM AEST,nan,57.0,23.0,nan,nan,nan,260.40,1.04,17.80,9.30,265.00,302.50
26-Feb-25 2:26:05 PM AEST,32.3,nan,nan,nan,nan,nan,nan,nan,nan,nan,nan,nan
26-Feb-25 2:27:00 PM AEST,nan,57.7,22.7,nan,nan,nan,275.10,0.87,13.00,6.70,274.30,196.60
26-Feb-25 2:27:10 PM AEST,32.1,nan,nan,nan,nan,nan,nan,nan,nan,nan,nan,nan
26-Feb-25 2:28:00 PM AEST,nan,58.7,nan,nan,nan,nan,274.70,0.73,11.80,5.90,275.90,189.20
26-Feb-25 2:28:15 PM AEST,32.0,nan,nan,nan,nan,nan,nan,nan,nan,nan,nan,nan
26-Feb-25 2:29:00 PM AEST,nan,58.8,22.9,nan,nan,nan,254.50,0.51,nan,4.40,269.90,481.60
26-Feb-25 2:29:20 PM AEST,32.1,nan,nan,nan,nan,nan,nan,nan,nan,nan,nan,nan
26-Feb-25 2:30:00 PM AEST,nan,59.2,nan,nan,nan,nan,293.40,0.82,15.40,6.60,316.20,187.50
26-Feb-25 2:30:25 PM AEST,32.0,nan,nan,nan,nan,nan,nan,nan,nan,nan,nan,nan
26-Feb-25 2:31:00 PM AEST,nan,58.8,23.1,nan,nan,nan,340.30,0.69,16.60,nan,334.90,144.20
26-Feb-25 2:31:30 PM AEST,31.9,nan,nan,nan,nan,nan,nan,nan,nan,nan,nan,nan
26-Feb-25 2:32:00 PM AEST,nan,58.0,23.0,nan,nan,nan,322.40,1.06,14.20,10.30,323.90,156.60
26-Feb-25 2:32:35 PM AEST,31.8,nan,nan,nan,nan,nan,nan,nan,nan,nan,nan,nan
26-Feb-25 2:33:00 PM AEST,nan,57.7,22.6,nan,nan,nan,291.10,0.83,nan,7.70,291.50,202.50
26-Feb-25 2:33:40 PM AEST,31.7,nan,nan,nan,nan,nan,nan,nan,nan,nan,nan,nan
26-Feb-25 2:34:00 PM AEST,nan,57.3,22.4,nan,nan,nan,286.50,0.77,nan,5.70,286.70,170.00
26-Feb-25 2:34:45 PM AEST,31.6,nan,nan,nan,nan,nan,nan,nan,nan,nan,nan,nan
26-Feb-25 2:35:00 PM AEST,nan,57.8,22.2,nan,nan,nan,298.20,0.80,16.60,5.90,309.80,719.20
26-Feb-25 2:36:00 PM AEST,nan,57.7,22.3,nan,nan,nan,317.00,0.84,17.80,7.20,310.00,795.80
26-Feb-25 2:37:00 PM AEST,31.8,58.8,nan,nan,nan,nan,294.90,0.34,5.90,1.90,282.70,790.70
26-Feb-25 2:38:00 PM AEST,nan,58.7,22.7,nan,nan,nan,304.90,0.57,9.50,5.60,305.50,774.20
26-Feb-25 2:38:05 PM AEST,32.0,nan,nan,nan,nan,nan,nan,nan,nan,nan,nan,nan
26-Feb-25 2:39:00 PM AEST,nan,58.2,22.9,nan,nan,nan,301.60,0.66,13.00,5.40,299.60,830.70
26-Feb-25 2:39:10 PM AEST,32.1,nan,nan,nan,nan,nan,nan,nan,nan,nan,nan,nan
26-Feb-25 2:40:00 PM AEST,nan,58.0,22.8,nan,nan,nan,296.90,0.61,9.50,4.10,303.70,486.70
26-Feb-25 2:41:00 PM AEST,32.0,57.8,nan,nan,nan,nan,286.90,0.76,13.00,4.40,295.50,835.00
26-Feb-25 2:42:00 PM AEST,nan,nan,22.7,nan,nan,nan,340.50,nan,18.90,3.70,326.00,296.60
26-Feb-25 2:42:05 PM AEST,32.1,nan,nan,nan,nan,nan,nan,nan,nan,nan,nan,nan
26-Feb-25 2:43:00 PM AEST,nan,57.0,22.8,nan,nan,nan,325.20,0.85,16.60,8.30,328.40,260.80
26-Feb-25 2:44:00 PM AEST,nan,56.7,22.5,nan,nan,nan,315.30,0.60,9.50,5.60,320.50,779.10
26-Feb-25 2:45:00 PM AEST,32.2,57.3,22.4,nan,nan,nan,351.20,0.35,5.90,3.20,352.10,401.70
26-Feb-25 2:46:00 PM AEST,nan,58.0,22.7,nan,nan,nan,295.10,0.37,nan,3.60,294.00,373.30
26-Feb-25 2:46:05 PM AEST,32.3,nan,nan,nan,nan,nan,nan,nan,nan,nan,nan,nan
26-Feb-25 2:47:00 PM AEST,nan,57.5,23.0,nan,nan,nan,303.50,0.63,10.60,5.20,309.60,573.30
26-Feb-25 2:47:10 PM AEST,32.4,nan,nan,nan,nan,nan,nan,nan,nan,nan,nan,nan
26-Feb-25 2:48:00 PM AEST,nan,56.0,22.9,nan,nan,nan,310.70,0.74,15.40,6.80,319.50,221.70
26-Feb-25 2:48:15 PM AEST,32.3,nan,nan,nan,nan,nan,nan,nan,nan,nan,nan,nan
26-Feb-25 2:49:00 PM AEST,nan,55.8,22.4,nan,nan,nan,315.40,0.62,10.60,5.80,314.20,184.10
26-Feb-25 2:50:00 PM AEST,32.1,55.7,22.3,nan,nan,nan,344.30,0.89,15.40,8.10,343.70,275.00
26-Feb-25 2:51:00 PM AEST,nan,56.0,22.1,nan,nan,nan,288.50,0.78,11.80,5.90,295.80,745.80
26-Feb-25 2:51:05 PM AEST,32.0,nan,nan,nan,nan,nan,nan,nan,nan,nan,nan,nan
26-Feb-25 2:52:00 PM AEST,nan,56.8,nan,nan,nan,nan,281.10,0.76,nan,6.70,281.90,787.40
26-Feb-25 2:53:00 PM AEST,32.1,57.0,22.4,nan,nan,nan,313.00,1.03,16.60,9.10,313.60,772.50
26-Feb-25 2:54:00 PM AEST,nan,56.3,22.5,nan,nan,nan,331.50,0.83,14.20,7.80,331.60,767.40
26-Feb-25 2:55:00 PM AEST,32.2,57.2,22.3,nan,nan,nan,282.20,0.54,8.30,4.70,282.70,715.80
26-Feb-25 2:56:00 PM AEST,nan,56.8,22.6,nan,nan,nan,321.40,0.75,17.80,7.40,320.00,723.30
26-Feb-25 2:56:05 PM AEST,32.3,nan,nan,nan,nan,nan,nan,nan,nan,nan,nan,nan
26-Feb-25 2:57:00 PM AEST,nan,56.2,nan,nan,nan,nan,307.10,0.69,10.60,6.40,305.70,743.20
26-Feb-25 2:58:00 PM AEST,32.4,56.8,22.4,nan,nan,nan,267.10,0.49,8.30,3.50,258.90,738.30
26-Feb-25 2:59:00 PM AEST,nan,57.0,22.7,nan,nan,nan,301.40,0.86,17.80,7.90,306.30,349.90
26-Feb-25 2:59:05 PM AEST,32.5,nan,nan,nan,nan,nan,nan,nan,nan,nan,nan,nan
26-Feb-25 3:00:00 PM AEST,nan,55.8,22.8,nan,nan,nan,281.80,0.96,14.20,8.10,285.20,126.70
26-Feb-25 3:00:10 PM AEST,32.3,nan,nan,nan,nan,nan,nan,nan,nan,nan,nan,nan
26-Feb-25 3:00:35 PM AEST,nan,nan,nan,nan,nan,0.32,nan,nan,nan,nan,nan,nan
26-Feb-25 3:01:00 PM AEST,nan,56.3,22.3,nan,nan,nan,271.60,0.54,10.60,3.60,277.90,457.50
26-Feb-25 3:01:15 PM AEST,32.2,nan,nan,nan,nan,nan,nan,nan,nan,nan,nan,nan
26-Feb-25 3:02:00 PM AEST,nan,57.0,22.4,nan,nan,nan,309.10,0.59,11.80,4.30,305.40,477.40
26-Feb-25 3:03:00 PM AEST,32.3,58.0,22.6,nan,nan,nan,304.00,0.62,nan,5.00,319.80,485.00
26-Feb-25 3:04:00 PM AEST,nan,56.3,23.0,nan,nan,nan,310.90,1.00,13.00,9.80,310.50,127.50
26-Feb-25 3:04:05 PM AEST,32.2,nan,nan,nan,nan,nan,nan,nan,nan,nan,nan,nan
26-Feb-25 3:05:00 PM AEST,nan,56.5,22.4,nan,nan,nan,298.50,0.83,11.80,8.10,299.10,304.20
26-Feb-25 3:05:10 PM AEST,32.0,nan,nan,nan,nan,nan,nan,nan,nan,nan,nan,nan
26-Feb-25 3:06:00 PM AEST,nan,57.3,22.3,nan,nan,nan,309.50,0.78,13.00,6.30,316.50,720.80
26-Feb-25 3:07:00 PM AEST,32.1,57.2,22.5,nan,nan,nan,260.00,0.76,11.80,5.80,265.50,650.80
26-Feb-25 3:08:00 PM AEST,nan,nan,22.6,nan,nan,nan,256.20,0.70,10.60,nan,253.70,293.30
26-Feb-25 3:09:00 PM AEST,nan,57.8,nan,nan,nan,nan,354.70,0.51,8.30,4.10,348.70,269.10
26-Feb-25 3:10:00 PM AEST,32.2,58.2,22.8,nan,nan,nan,324.20,0.27,4.70,2.60,324.90,189.20
26-Feb-25 3:11:00 PM AEST,nan,58.8,23.0,nan,nan,nan,285.90,0.54,14.20,4.30,276.20,118.30
26-Feb-25 3:11:05 PM AEST,32.3,nan,nan,nan,nan,nan,nan,nan,nan,nan,nan,nan
26-Feb-25 3:12:00 PM AEST,nan,57.0,23.2,nan,nan,nan,327.40,0.73,13.00,6.80,326.00,160.80
26-Feb-25 3:12:10 PM AEST,32.1,nan,nan,nan,nan,nan,nan,nan,nan,nan,nan,nan
26-Feb-25 3:13:00 PM AEST,nan,57.2,22.5,nan,nan,nan,313.00,0.58,10.60,5.70,314.10,400.80
26-Feb-25 3:13:15 PM AEST,32.0,nan,nan,nan,nan,nan,nan,nan,nan,nan,nan,nan
26-Feb-25 3:14:00 PM AEST,nan,56.7,nan,nan,nan,nan,306.30,0.86,15.40,8.10,304.80,328.30
26-Feb-25 3:14:20 PM AEST,31.9,nan,nan,nan,nan,nan,nan,nan,nan,nan,nan,nan
26-Feb-25 3:15:00 PM AEST,nan,56.5,22.3,nan,nan,nan,273.80,0.57,7.10,5.00,273.30,331.70
26-Feb-25 3:16:00 PM AEST,nan,57.0,22.2,nan,nan,nan,301.40,0.63,11.80,5.80,304.60,704.20
26-Feb-25 3:17:00 PM AEST,nan,nan,22.3,nan,nan,nan,312.30,0.65,9.50,5.60,311.60,552.40
26-Feb-25 3:18:00 PM AEST,32.0,57.5,nan,nan,nan,nan,285.20,0.62,13.00,5.20,286.20,168.30
26-Feb-25 3:19:00 PM AEST,nan,57.0,22.5,nan,nan,nan,274.20,0.57,11.80,5.50,271.50,658.30
26-Feb-25 3:19:05 PM AEST,31.9,nan,nan,nan,nan,nan,nan,nan,nan,nan,nan,nan
26-Feb-25 3:20:00 PM AEST,nan,58.3,22.3,nan,nan,nan,277.10,0.51,16.60,2.10,301.90,372.50
26-Feb-25 3:21:00 PM AEST,32.0,57.8,22.7,nan,nan,nan,332.80,1.07,nan,10.50,333.80,223.30
26-Feb-25 3:22:00 PM AEST,nan,58.2,22.6,nan,nan,nan,281.80,0.52,9.50,5.10,280.60,367.40
26-Feb-25 3:23:00 PM AEST,31.9,nan,22.7,nan,nan,nan,311.20,0.69,10.60,6.00,311.30,155.80
26-Feb-25 3:24:00 PM AEST,nan,57.8,nan,nan,nan,nan,297.50,nan,8.30,6.70,297.80,525.80
26-Feb-25 3:24:05 PM AEST,31.8,nan,nan,nan,nan,nan,nan,nan,nan,nan,nan,nan
26-Feb-25 3:25:00 PM AEST,nan,58.5,22.5,nan,nan,nan,308.00,0.57,nan,5.40,308.70,350.00
26-Feb-25 3:25:10 PM AEST,31.9,nan,nan,nan,nan,nan,nan,nan,nan,nan,nan,nan
26-Feb-25 3:26:00 PM AEST,nan,nan,22.7,nan,nan,nan,294.20,0.76,10.60,7.30,292.00,136.60
26-Feb-25 3:26:15 PM AEST,31.8,nan,nan,nan,nan,nan,nan,nan,nan,nan,nan,nan
26-Feb-25 3:27:00 PM AEST,nan,58.7,nan,nan,nan,nan,298.70,0.54,9.50,5.20,295.00,132.50
26-Feb-25 3:28:00 PM AEST,nan,58.5,nan,nan,nan,nan,294.20,0.72,10.60,5.70,294.40,186.70
26-Feb-25 3:29:00 PM AEST,31.7,58.3,22.6,nan,nan,nan,268.90,0.90,18.90,5.50,280.30,321.60
26-Feb-25 3:30:00 PM AEST,nan,59.0,22.5,nan,nan,nan,315.20,0.53,7.10,4.60,317.90,435.80
26-Feb-25 3:30:05 PM AEST,31.5,nan,nan,nan,nan,nan,nan,nan,nan,nan,nan,nan
26-Feb-25 3:31:00 PM AEST,nan,59.8,nan,nan,nan,nan,308.10,1.13,23.70,10.60,317.70,335.00
26-Feb-25 3:32:00 PM AEST,31.4,59.2,22.7,nan,nan,nan,318.00,0.85,14.20,7.60,319.80,259.20
26-Feb-25 3:33:00 PM AEST,nan,59.5,22.5,nan,nan,nan,291.20,0.74,13.00,6.50,288.80,455.80
26-Feb-25 3:34:00 PM AEST,31.5,60.5,nan,nan,nan,nan,293.80,0.53,nan,4.10,281.50,579.10
26-Feb-25 3:35:00 PM AEST,nan,nan,22.9,nan,nan,nan,255.60,0.35,5.90,1.80,250.40,384.20
26-Feb-25 3:35:05 PM AEST,31.7,nan,nan,nan,nan,nan,nan,nan,nan,nan,nan,nan
26-Feb-25 3:36:00 PM AEST,nan,60.7,23.1,nan,nan,nan,340.90,0.49,10.60,3.90,343.20,300.80
26-Feb-25 3:36:10 PM AEST,31.8,nan,nan,nan,nan,nan,nan,nan,nan,nan,nan,nan
26-Feb-25 3:37:00 PM AEST,nan,60.3,23.2,nan,nan,nan,299.00,0.69,nan,5.70,305.20,414.20
26-Feb-25 3:38:00 PM AEST,31.7,60.2,23.1,nan,nan,nan,285.50,0.67,nan,6.00,286.90,606.70
26-Feb-25 3:39:00 PM AEST,nan,60.7,nan,nan,nan,nan,288.60,0.54,9.50,5.00,nan,601.60
26-Feb-25 3:39:05 PM AEST,31.8,nan,nan,nan,nan,nan,nan,nan,nan,nan,nan,nan
26-Feb-25 3:40:00 PM AEST,nan,60.8,23.2,nan,nan,nan,318.90,0.60,nan,4.80,323.00,384.20
26-Feb-25 3:40:10 PM AEST,31.9,nan,nan,nan,nan,nan,nan,nan,nan,nan,nan,nan
26-Feb-25 3:41:00 PM AEST,nan,60.2,23.4,nan,nan,nan,306.00,0.90,14.20,8.30,309.00,400.80
26-Feb-25 3:42:00 PM AEST,nan,59.8,23.2,nan,nan,nan,339.90,0.64,10.60,5.90,337.30,573.30
26-Feb-25 3:43:00 PM AEST,32.0,60.2,23.1,nan,nan,nan,312.80,0.62,9.50,6.10,312.40,579.20
26-Feb-25 3:44:00 PM AEST,nan,nan,23.3,nan,nan,nan,325.50,0.49,7.10,4.40,322.00,570.80
26-Feb-25 3:44:05 PM AEST,32.1,nan,nan,nan,nan,nan,nan,nan,nan,nan,nan,nan
26-Feb-25 3:45:00 PM AEST,nan,nan,23.4,nan,nan,nan,328.70,0.82,14.20,7.80,333.10,559.20
26-Feb-25 3:45:10 PM AEST,32.2,nan,nan,nan,nan,nan,nan,nan,nan,nan,nan,nan
26-Feb-25 3:46:00 PM AEST,nan,59.5,23.5,nan,nan,nan,297.00,0.71,11.80,5.30,295.20,122.50
26-Feb-25 3:47:00 PM AEST,nan,nan,23.3,nan,nan,nan,282.10,0.61,9.50,5.80,283.50,156.70
26-Feb-25 3:48:00 PM AEST,nan,nan,nan,nan,nan,nan,302.90,0.37,8.30,3.50,300.90,135.00
26-Feb-25 3:49:00 PM AEST,nan,59.7,nan,nan,nan,nan,272.60,0.60,10.60,5.60,273.30,403.30
26-Feb-25 3:50:00 PM AEST,32.1,59.5,nan,nan,nan,nan,319.20,0.77,11.80,6.70,320.70,380.00
26-Feb-25 3:51:00 PM AEST,nan,59.7,23.2,nan,nan,nan,298.10,0.48,9.50,4.00,301.50,161.60
26-Feb-25 3:52:00 PM AEST,32.0,59.0,nan,nan,nan,nan,299.00,0.80,13.00,7.40,300.80,137.50
26-Feb-25 3:53:00 PM AEST,nan,58.8,22.9,nan,nan,nan,300.50,0.89,14.20,8.20,303.70,200.00
26-Feb-25 3:53:05 PM AEST,31.8,nan,nan,nan,nan,nan,nan,nan,nan,nan,nan,nan
26-Feb-25 3:54:00 PM AEST,nan,59.2,22.8,nan,nan,nan,298.50,0.83,13.00,7.70,301.90,130.00
26-Feb-25 3:54:10 PM AEST,31.6,nan,nan,nan,nan,nan,nan,nan,nan,nan,nan,nan
26-Feb-25 3:55:00 PM AEST,nan,59.7,22.6,nan,nan,nan,269.80,0.44,5.90,3.40,270.40,142.50
26-Feb-25 3:56:00 PM AEST,nan,60.0,22.8,nan,nan,nan,256.10,0.50,11.80,3.80,262.40,267.40
26-Feb-25 3:57:00 PM AEST,31.5,60.5,22.9,nan,nan,nan,277.70,0.54,nan,4.40,270.70,316.70
26-Feb-25 3:58:00 PM AEST,nan,60.7,23.0,nan,nan,nan,313.70,0.43,7.10,2.90,306.50,205.80
26-Feb-25 3:58:05 PM AEST,31.6,nan,nan,nan,nan,nan,nan,nan,nan,nan,nan,nan
26-Feb-25 3:59:00 PM AEST,nan,60.5,nan,nan,nan,nan,289.30,0.78,13.00,4.60,298.70,96.60
26-Feb-25 3:59:10 PM AEST,31.5,nan,nan,nan,nan,nan,nan,nan,nan,nan,nan,nan
26-Feb-25 4:00:00 PM AEST,nan,nan,22.9,nan,nan,nan,320.50,0.86,nan,8.20,324.70,95.00
26-Feb-25 4:00:15 PM AEST,31.3,nan,nan,nan,nan,nan,nan,nan,nan,nan,nan,nan
26-Feb-25 4:00:36 PM AEST,nan,nan,nan,nan,nan,0.21,nan,nan,nan,nan,nan,nan
26-Feb-25 4:01:00 PM AEST,nan,60.3,22.8,nan,nan,nan,344.60,0.66,16.60,2.70,282.40,90.80
26-Feb-25 4:02:00 PM AEST,31.1,nan,22.7,nan,nan,nan,314.00,0.70,13.00,6.70,315.10,95.00
26-Feb-25 4:03:00 PM AEST,nan,60.8,22.5,nan,nan,nan,321.40,0.57,15.40,5.50,324.10,189.20
26-Feb-25 4:04:00 PM AEST,31.0,61.0,22.6,nan,nan,nan,306.50,0.71,10.60,6.50,301.50,364.10
26-Feb-25 4:05:00 PM AEST,nan,61.2,nan,nan,nan,nan,266.60,0.67,nan,4.10,281.10,485.80
26-Feb-25 4:06:00 PM AEST,nan,nan,22.7,nan,nan,nan,271.30,1.02,15.40,9.60,276.50,282.40
26-Feb-25 4:07:00 PM AEST,nan,61.0,nan,nan,nan,nan,239.30,0.57,9.50,5.10,241.30,290.00
26-Feb-25 4:08:00 PM AEST,31.1,61.7,22.6,nan,nan,nan,340.90,0.38,5.90,3.80,340.50,138.30
26-Feb-25 4:09:00 PM AEST,nan,62.0,22.8,nan,nan,nan,344.80,0.28,nan,2.80,344.50,124.10
26-Feb-25 4:09:05 PM AEST,31.2,nan,nan,nan,nan,nan,nan,nan,nan,nan,nan,nan
26-Feb-25 4:10:00 PM AEST,nan,61.5,23.0,nan,nan,nan,306.30,0.53,11.80,4.60,307.70,166.70
26-Feb-25 4:10:10 PM AEST,31.1,nan,nan,nan,nan,nan,nan,nan,nan,nan,nan,nan
26-Feb-25 4:11:00 PM AEST,nan,61.3,22.8,nan,nan,nan,286.70,0.61,10.60,6.10,285.40,129.10
26-Feb-25 4:11:15 PM AEST,31.0,nan,nan,nan,nan,nan,nan,nan,nan,nan,nan,nan
26-Feb-25 4:12:00 PM AEST,nan,61.5,22.7,nan,nan,nan,277.40,0.53,nan,5.20,273.70,169.20
26-Feb-25 4:13:00 PM AEST,nan,62.3,nan,nan,nan,nan,277.70,0.40,8.30,3.50,277.80,124.20
26-Feb-25 4:14:00 PM AEST,30.9,62.0,22.9,nan,nan,nan,302.20,0.85,11.80,6.60,303.10,125.00
26-Feb-25 4:15:00 PM AEST,nan,62.2,22.7,nan,nan,nan,297.20,0.90,14.20,8.30,301.60,101.70
26-Feb-25 4:15:05 PM AEST,30.7,nan,nan,nan,nan,nan,nan,nan,nan,nan,nan,nan
26-Feb-25 4:16:00 PM AEST,nan,62.0,22.6,nan,nan,nan,284.90,0.80,nan,7.60,290.20,110.80
26-Feb-25 4:16:10 PM AEST,30.6,nan,nan,nan,nan,nan,nan,nan,nan,nan,nan,nan
26-Feb-25 4:17:00 PM AEST,nan,62.2,22.5,nan,nan,nan,302.50,0.79,nan,7.50,298.80,138.30
26-Feb-25 4:17:15 PM AEST,30.5,nan,nan,nan,nan,nan,nan,nan,nan,nan,nan,nan
26-Feb-25 4:18:00 PM AEST,nan,62.0,nan,nan,nan,nan,308.90,1.04,nan,9.70,309.10,94.20
26-Feb-25 4:18:20 PM AEST,30.4,nan,nan,nan,nan,nan,nan,nan,nan,nan,nan,nan
26-Feb-25 4:19:00 PM AEST,nan,nan,22.3,nan,nan,nan,296.30,1.06,16.60,nan,295.70,126.60
26-Feb-25 4:19:25 PM AEST,30.3,nan,nan,nan,nan,nan,nan,nan,nan,nan,nan,nan
26-Feb-25 4:20:00 PM AEST,nan,62.3,22.2,nan,nan,nan,311.10,0.92,15.40,7.70,313.70,183.30
26-Feb-25 4:20:30 PM AEST,30.2,nan,nan,nan,nan,nan,nan,nan,nan,nan,nan,nan
26-Feb-25 4:21:00 PM AEST,nan,62.2,nan,nan,nan,nan,309.20,0.79,14.20,7.80,310.10,190.00
26-Feb-25 4:21:35 PM AEST,30.3,nan,nan,nan,nan,nan,nan,nan,nan,nan,nan,nan
26-Feb-25 4:22:00 PM AEST,nan,nan,nan,nan,nan,nan,316.50,0.61,10.60,3.40,316.80,68.30
26-Feb-25 4:22:40 PM AEST,30.2,nan,nan,nan,nan,nan,nan,nan,nan,nan,nan,nan
26-Feb-25 4:23:00 PM AEST,nan,62.3,nan,nan,nan,nan,272.40,0.70,nan,6.50,277.50,62.50
26-Feb-25 4:24:00 PM AEST,nan,nan,nan,nan,nan,nan,275.10,0.57,9.50,5.30,281.70,72.50
26-Feb-25 4:25:00 PM AEST,30.1,62.7,nan,nan,nan,nan,265.40,0.73,13.00,3.30,289.00,209.20
26-Feb-25 4:26:00 PM AEST,nan,63.0,nan,nan,nan,nan,327.20,0.66,10.60,5.80,332.20,98.30
26-Feb-25 4:27:00 PM AEST,nan,63.2,nan,nan,nan,nan,329.20,0.47,11.80,4.00,321.00,233.30
26-Feb-25 4:28:00 PM AEST,nan,62.8,22.3,nan,nan,nan,301.40,0.72,13.00,6.30,312.20,408.30
26-Feb-25 4:29:00 PM AEST,30.2,63.0,22.2,nan,nan,nan,276.90,0.50,9.50,3.80,270.70,294.90
26-Feb-25 4:30:00 PM AEST,nan,63.2,22.4,nan,nan,nan,327.40,0.59,10.60,4.70,329.40,322.50
26-Feb-25 4:30:05 PM AEST,30.3,nan,nan,nan,nan,nan,nan,nan,nan,nan,nan,nan
26-Feb-25 4:31:00 PM AEST,nan,63.0,22.5,nan,nan,nan,299.50,1.24,20.10,10.90,301.10,397.40
26-Feb-25 4:32:00 PM AEST,nan,62.7,nan,nan,nan,nan,318.10,1.03,14.20,8.80,318.00,420.00
26-Feb-25 4:33:00 PM AEST,30.4,63.0,22.3,nan,nan,nan,325.30,0.93,15.40,7.80,320.20,423.30
26-Feb-25 4:34:00 PM AEST,nan,62.5,22.5,nan,nan,nan,335.00,0.80,13.00,6.20,342.80,365.80
26-Feb-25 4:34:05 PM AEST,30.5,nan,nan,nan,nan,nan,nan,nan,nan,nan,nan,nan
26-Feb-25 4:35:00 PM AEST,nan,62.8,nan,nan,nan,nan,300.40,0.53,7.10,4.70,304.70,106.70
26-Feb-25 4:35:10 PM AEST,30.6,nan,nan,nan,nan,nan,nan,nan,nan,nan,nan,nan
26-Feb-25 4:36:00 PM AEST,nan,62.3,22.7,nan,nan,nan,276.30,0.73,11.80,6.70,275.10,157.50
26-Feb-25 4:37:00 PM AEST,nan,62.0,22.6,nan,nan,nan,241.10,0.37,5.90,3.40,247.30,100.80
26-Feb-25 4:38:00 PM AEST,30.7,nan,22.5,nan,nan,nan,227.80,0.27,7.10,2.60,230.80,340.80
26-Feb-25 4:39:00 PM AEST,nan,61.8,nan,nan,nan,nan,271.50,0.82,15.40,7.90,272.60,425.80
26-Feb-25 4:40:00 PM AEST,30.6,61.5,nan,nan,nan,nan,332.90,1.15,18.90,10.80,332.50,433.30
26-Feb-25 4:41:00 PM AEST,nan,61.8,22.3,nan,nan,nan,302.80,0.60,10.60,4.70,299.80,303.30
26-Feb-25 4:41:05 PM AEST,30.7,nan,nan,nan,nan,nan,nan,nan,nan,nan,nan,nan
26-Feb-25 4:42:00 PM AEST,nan,61.5,22.5,nan,nan,nan,323.20,0.77,11.80,6.00,322.90,192.50
26-Feb-25 4:43:00 PM AEST,30.6,61.3,22.4,nan,nan,nan,323.80,0.98,14.20,9.40,326.00,75.80
26-Feb-25 4:44:00 PM AEST,nan,nan,22.3,nan,nan,nan,279.20,0.85,17.80,5.80,282.30,125.80
26-Feb-25 4:44:05 PM AEST,30.5,nan,nan,nan,nan,nan,nan,nan,nan,nan,nan,nan
26-Feb-25 4:45:00 PM AEST,nan,nan,22.2,nan,nan,nan,294.40,0.82,14.20,7.20,296.20,66.70
26-Feb-25 4:45:10 PM AEST,30.4,nan,nan,nan,nan,nan,nan,nan,nan,nan,nan,nan
26-Feb-25 4:46:00 PM AEST,nan,61.5,22.1,nan,nan,nan,286.90,0.75,nan,7.00,285.70,115.00
26-Feb-25 4:47:00 PM AEST,30.3,62.0,nan,nan,nan,nan,289.10,0.44,10.60,4.30,290.10,290.00
26-Feb-25 4:48:00 PM AEST,nan,nan,22.2,nan,nan,nan,317.90,0.78,14.20,7.70,317.60,344.90
26-Feb-25 4:48:05 PM AEST,30.4,nan,nan,nan,nan,nan,nan,nan,nan,nan,nan,nan
26-Feb-25 4:49:00 PM AEST,nan,62.2,22.3,nan,nan,nan,275.30,0.58,10.60,5.60,273.20,340.80
26-Feb-25 4:49:10 PM AEST,30.5,nan,nan,nan,nan,nan,nan,nan,nan,nan,nan,nan
26-Feb-25 4:50:00 PM AEST,nan,62.3,22.4,nan,nan,nan,303.40,0.91,21.30,7.70,294.50,335.00
26-Feb-25 4:51:00 PM AEST,30.4,61.7,nan,nan,nan,nan,335.00,0.82,14.20,6.50,322.90,334.10
26-Feb-25 4:52:00 PM AEST,nan,nan,22.2,nan,nan,nan,313.60,0.76,13.00,7.40,310.00,333.30
26-Feb-25 4:52:05 PM AEST,30.5,nan,nan,nan,nan,nan,nan,nan,nan,nan,nan,nan
26-Feb-25 4:53:00 PM AEST,nan,nan,22.3,nan,nan,nan,295.30,0.90,nan,8.40,294.70,329.10
26-Feb-25 4:53:10 PM AEST,30.6,nan,nan,nan,nan,nan,nan,nan,nan,nan,nan,nan
26-Feb-25 4:54:00 PM AEST,nan,61.8,22.4,nan,nan,nan,294.00,0.47,11.80,1.40,334.50,325.00
26-Feb-25 4:54:15 PM AEST,30.7,nan,nan,nan,nan,nan,nan,nan,nan,nan,nan,nan
26-Feb-25 4:55:00 PM AEST,nan,61.5,22.5,nan,nan,nan,319.30,0.63,13.00,4.50,330.80,328.30
26-Feb-25 4:55:20 PM AEST,30.9,nan,nan,nan,nan,nan,nan,nan,nan,nan,nan,nan
26-Feb-25 4:56:00 PM AEST,nan,61.3,22.6,nan,nan,nan,266.40,0.14,3.50,1.40,266.40,120.80
26-Feb-25 4:56:25 PM AEST,31.1,nan,nan,nan,nan,nan,nan,nan,nan,nan,nan,nan
26-Feb-25 4:57:00 PM AEST,nan,61.5,22.7,nan,nan,nan,292.70,0.51,8.30,4.90,297.10,175.00
26-Feb-25 4:58:00 PM AEST,nan,61.0,22.8,nan,nan,nan,312.30,nan,9.50,5.00,315.90,305.80
26-Feb-25 4:59:00 PM AEST,31.2,nan,22.7,nan,nan,nan,317.80,0.55,nan,5.30,315.20,243.30
26-Feb-25 5:00:00 PM AEST,nan,60.8,nan,nan,nan,nan,314.70,0.27,4.70,2.70,314.80,199.20
26-Feb-25 5:00:37 PM AEST,nan,nan,nan,nan,nan,0.13,nan,nan,nan,nan,nan,nan
26-Feb-25 5:01:00 PM AEST,31.4,nan,22.8,nan,nan,nan,312.80,0.40,8.30,3.70,308.60,173.30
26-Feb-25 5:02:00 PM AEST,nan,59.5,22.9,nan,nan,nan,269.20,0.47,7.10,4.60,269.70,290.00
26-Feb-25 5:02:05 PM AEST,31.3,nan,nan,nan,nan,nan,nan,nan,nan,nan,nan,nan
26-Feb-25 5:03:00 PM AEST,nan,59.8,22.5,nan,nan,nan,282.20,0.52,9.50,4.90,287.80,290.80
26-Feb-25 5:04:00 PM AEST,31.4,nan,nan,nan,nan,nan,328.00,0.44,8.30,2.70,351.30,286.70
26-Feb-25 5:05:00 PM AEST,nan,59.7,22.6,nan,nan,nan,336.20,0.60,9.50,4.50,350.10,226.60
26-Feb-25 5:06:00 PM AEST,31.5,59.8,nan,nan,nan,nan,279.30,0.50,7.10,3.80,275.30,274.20
26-Feb-25 5:07:00 PM AEST,nan,58.8,22.7,nan,nan,nan,316.00,0.86,11.80,7.90,316.60,270.00
26-Feb-25 5:07:05 PM AEST,31.4,nan,nan,nan,nan,nan,nan,nan,nan,nan,nan,nan
26-Feb-25 5:08:00 PM AEST,nan,58.0,22.3,nan,nan,nan,290.20,0.64,10.60,6.30,292.10,269.10
26-Feb-25 5:08:10 PM AEST,31.3,nan,nan,nan,nan,nan,nan,nan,nan,nan,nan,nan
26-Feb-25 5:09:00 PM AEST,nan,58.2,22.0,nan,nan,nan,332.40,0.40,5.90,2.20,322.50,267.50
26-Feb-25 5:10:00 PM AEST,31.5,58.3,22.1,nan,nan,nan,243.50,0.35,4.70,nan,236.30,260.80
26-Feb-25 5:11:00 PM AEST,nan,nan,22.3,nan,nan,nan,288.30,0.88,14.20,8.10,291.80,256.70
26-Feb-25 5:11:05 PM AEST,31.4,nan,nan,nan,nan,nan,nan,nan,nan,nan,nan,nan
26-Feb-25 5:12:00 PM AEST,nan,58.0,22.2,nan,nan,nan,330.70,0.73,13.00,7.10,330.30,247.50
26-Feb-25 5:12:10 PM AEST,31.3,nan,nan,nan,nan,nan,nan,nan,nan,nan,nan,nan
26-Feb-25 5:13:00 PM AEST,nan,58.2,22.0,nan,nan,nan,334.90,0.44,5.90,4.20,334.10,241.60
26-Feb-25 5:13:15 PM AEST,31.4,nan,nan,nan,nan,nan,nan,nan,nan,nan,nan,nan
26-Feb-25 5:14:00 PM AEST,nan,58.7,22.1,nan,nan,nan,0.20,0.49,13.00,4.30,346.10,235.80
26-Feb-25 5:14:20 PM AEST,31.5,nan,nan,nan,nan,nan,nan,nan,nan,nan,nan,nan
26-Feb-25 5:15:00 PM AEST,nan,57.7,22.4,nan,nan,nan,331.50,0.72,15.40,6.80,334.40,229.90
26-Feb-25 5:15:25 PM AEST,31.4,nan,nan,nan,nan,nan,nan,nan,nan,nan,nan,nan
26-Feb-25 5:16:00 PM AEST,nan,58.0,22.1,nan,nan,nan,323.30,0.47,7.10,3.50,317.40,230.00
26-Feb-25 5:16:30 PM AEST,31.5,nan,nan,nan,nan,nan,nan,nan,nan,nan,nan,nan
26-Feb-25 5:17:00 PM AEST,nan,58.3,22.2,nan,nan,nan,44.70,0.40,5.90,3.00,44.90,nan
26-Feb-25 5:17:35 PM AEST,31.7,nan,nan,nan,nan,nan,nan,nan,nan,nan,nan,nan
26-Feb-25 5:18:00 PM AEST,nan,58.7,22.3,nan,nan,nan,36.90,0.27,nan,2.60,32.90,210.00
26-Feb-25 5:18:40 PM AEST,31.6,nan,nan,nan,nan,nan,nan,nan,nan,nan,nan,nan
26-Feb-25 5:19:00 PM AEST,nan,57.2,22.6,nan,nan,nan,336.60,0.83,15.40,6.50,332.00,165.00
26-Feb-25 5:19:45 PM AEST,31.5,nan,nan,nan,nan,nan,nan,nan,nan,nan,nan,nan
26-Feb-25 5:20:00 PM AEST,nan,56.5,22.1,nan,nan,nan,346.90,0.87,14.20,7.40,350.70,180.80
26-Feb-25 5:20:50 PM AEST,31.4,nan,nan,nan,nan,nan,nan,nan,nan,nan,nan,nan
26-Feb-25 5:21:00 PM AEST,nan,56.3,21.8,nan,nan,nan,330.10,0.97,nan,5.80,340.80,219.20
26-Feb-25 5:21:55 PM AEST,31.3,nan,nan,nan,nan,nan,nan,nan,nan,nan,nan,nan
26-Feb-25 5:22:00 PM AEST,nan,56.0,21.6,nan,nan,nan,308.40,0.64,10.60,3.80,311.80,211.70
26-Feb-25 5:23:00 PM AEST,31.4,56.3,21.5,nan,nan,nan,327.00,0.54,8.30,3.70,325.10,205.80
26-Feb-25 5:24:00 PM AEST,nan,nan,21.6,nan,nan,nan,331.30,0.63,13.00,4.90,339.30,200.80
26-Feb-25 5:25:00 PM AEST,nan,nan,21.7,nan,nan,nan,318.80,0.53,7.10,5.10,317.10,195.80
26-Feb-25 5:26:00 PM AEST,nan,55.8,21.6,nan,nan,nan,296.90,0.54,10.60,2.90,311.80,190.80
26-Feb-25 5:27:00 PM AEST,31.3,55.7,21.5,nan,nan,nan,341.40,0.68,nan,5.80,342.90,187.50
26-Feb-25 5:28:00 PM AEST,nan,nan,21.4,nan,nan,nan,349.50,0.69,11.80,6.20,346.40,185.80
26-Feb-25 5:29:00 PM AEST,nan,nan,nan,nan,nan,nan,353.50,0.78,nan,6.90,356.20,180.80
26-Feb-25 5:30:00 PM AEST,31.2,56.0,21.3,nan,nan,nan,356.40,0.73,nan,6.00,nan,178.30
26-Feb-25 5:31:00 PM AEST,nan,55.8,21.4,nan,nan,nan,331.60,0.58,9.50,5.70,330.70,175.00
26-Feb-25 5:32:00 PM AEST,nan,56.0,21.3,nan,nan,nan,352.60,0.75,nan,6.80,352.10,170.80
26-Feb-25 5:33:00 PM AEST,nan,56.3,21.4,nan,nan,nan,22.50,0.53,8.30,5.00,22.40,168.30
26-Feb-25 5:34:00 PM AEST,31.3,56.5,21.5,nan,nan,nan,344.70,0.47,9.50,3.70,335.40,165.00
26-Feb-25 5:35:00 PM AEST,nan,nan,21.6,nan,nan,nan,310.40,0.73,14.20,6.60,307.50,156.60
26-Feb-25 5:36:00 PM AEST,31.0,56.2,nan,nan,nan,nan,315.70,0.83,13.00,7.40,310.20,104.20
26-Feb-25 5:37:00 PM AEST,nan,56.5,21.3,nan,nan,nan,326.00,0.80,14.20,7.10,320.70,42.50
26-Feb-25 5:38:00 PM AEST,30.8,56.2,nan,nan,nan,nan,311.80,0.86,nan,7.30,310.80,33.30
26-Feb-25 5:39:00 PM AEST,nan,56.5,21.0,nan,nan,nan,330.80,0.49,7.10,4.80,332.60,32.50
26-Feb-25 5:39:05 PM AEST,30.7,nan,nan,nan,nan,nan,nan,nan,nan,nan,nan,nan
26-Feb-25 5:40:00 PM AEST,nan,56.8,21.1,nan,nan,nan,337.40,0.43,5.90,4.10,337.80,31.60
26-Feb-25 5:41:00 PM AEST,nan,57.2,21.2,nan,nan,nan,339.50,0.28,4.70,2.80,339.50,32.50
26-Feb-25 5:42:00 PM AEST,nan,57.5,nan,nan,nan,nan,nan,0.16,2.40,1.60,339.70,30.80
26-Feb-25 5:43:00 PM AEST,30.6,57.3,21.4,nan,nan,nan,349.50,0.30,4.70,2.80,353.50,30.00
26-Feb-25 5:44:00 PM AEST,nan,57.8,21.2,nan,nan,nan,25.70,0.24,3.50,2.40,25.70,nan
26-Feb-25 5:45:00 PM AEST,30.4,57.7,21.3,nan,nan,nan,351.10,0.40,8.30,3.10,344.40,nan
26-Feb-25 5:46:00 PM AEST,nan,57.8,21.1,nan,nan,nan,340.60,0.49,9.50,4.60,338.30,29.20
26-Feb-25 5:46:05 PM AEST,30.3,nan,nan,nan,nan,nan,nan,nan,nan,nan,nan,nan
26-Feb-25 5:47:00 PM AEST,nan,nan,nan,nan,nan,nan,331.20,0.38,7.10,3.60,326.40,nan
26-Feb-25 5:47:10 PM AEST,30.2,nan,nan,nan,nan,nan,nan,nan,nan,nan,nan,nan
26-Feb-25 5:48:00 PM AEST,nan,nan,21.0,nan,nan,nan,5.10,0.34,4.70,2.60,2.30,28.30
26-Feb-25 5:49:00 PM AEST,30.1,58.2,20.9,nan,nan,nan,289.50,0.43,5.90,4.30,289.50,29.20
26-Feb-25 5:50:00 PM AEST,nan,nan,nan,nan,nan,nan,289.40,0.22,3.50,2.20,289.30,28.30
26-Feb-25 5:50:05 PM AEST,30.0,nan,nan,nan,nan,nan,nan,nan,nan,nan,nan,nan
26-Feb-25 5:51:00 PM AEST,nan,nan,nan,nan,nan,nan,312.80,0.45,9.50,3.90,327.70,27.50
26-Feb-25 5:52:00 PM AEST,29.8,nan,20.8,nan,nan,nan,353.20,0.25,5.90,2.50,353.20,nan
26-Feb-25 5:53:00 PM AEST,nan,58.3,20.7,nan,nan,nan,335.60,0.30,3.50,3.00,334.10,nan
26-Feb-25 5:53:05 PM AEST,29.9,nan,nan,nan,nan,nan,nan,nan,nan,nan,nan,nan
26-Feb-25 5:54:00 PM AEST,nan,58.7,20.8,nan,nan,nan,347.00,0.29,7.10,2.70,357.70,nan
26-Feb-25 5:54:10 PM AEST,29.7,nan,nan,nan,nan,nan,nan,nan,nan,nan,nan,nan
26-Feb-25 5:55:00 PM AEST,nan,nan,nan,nan,nan,nan,22.70,0.30,5.90,3.00,22.80,26.60
26-Feb-25 5:56:00 PM AEST,nan,nan,20.7,nan,nan,nan,nan,0.04,1.20,0.40,22.40,25.80
26-Feb-25 5:57:00 PM AEST,29.6,nan,nan,nan,nan,nan,nan,0.22,4.70,2.20,22.80,nan
26-Feb-25 5:58:00 PM AEST,nan,nan,nan,nan,nan,nan,24.20,0.48,8.30,4.70,26.00,nan
26-Feb-25 5:58:05 PM AEST,29.5,nan,nan,nan,nan,nan,nan,nan,nan,nan,nan,nan
26-Feb-25 5:59:00 PM AEST,nan,58.2,20.6,nan,nan,nan,1.50,0.56,14.20,4.40,334.40,25.00
26-Feb-25 5:59:10 PM AEST,29.4,nan,nan,nan,nan,nan,nan,nan,nan,nan,nan,nan
26-Feb-25 6:00:00 PM AEST,nan,57.7,20.3,nan,nan,nan,19.20,0.63,13.00,6.20,19.30,24.10
26-Feb-25 6:00:15 PM AEST,29.3,nan,nan,nan,nan,nan,nan,nan,nan,nan,nan,nan
26-Feb-25 6:00:38 PM AEST,nan,nan,nan,nan,nan,0.04,nan,nan,nan,nan,nan,nan
26-Feb-25 6:01:00 PM AEST,nan,nan,20.1,nan,nan,nan,0.50,0.62,11.80,5.30,2.60,24.20
26-Feb-25 6:02:00 PM AEST,29.2,57.5,nan,nan,nan,nan,341.30,0.46,8.30,3.70,349.70,23.30
26-Feb-25 6:03:00 PM AEST,nan,57.7,19.9,nan,nan,nan,333.60,0.62,10.60,5.50,331.30,22.50
26-Feb-25 6:03:05 PM AEST,29.1,nan,nan,nan,nan,nan,nan,nan,nan,nan,nan,nan
26-Feb-25 6:04:00 PM AEST,nan,nan,nan,nan,nan,nan,325.90,0.24,3.50,2.40,325.90,21.70
26-Feb-25 6:04:10 PM AEST,29.2,nan,nan,nan,nan,nan,nan,nan,nan,nan,nan,nan
26-Feb-25 6:05:00 PM AEST,nan,58.3,20.0,nan,nan,nan,325.80,0.27,nan,2.70,325.80,20.80
26-Feb-25 6:05:15 PM AEST,29.1,nan,nan,nan,nan,nan,nan,nan,nan,nan,nan,nan
26-Feb-25 6:06:00 PM AEST,nan,58.7,20.1,nan,nan,nan,37.90,0.62,9.50,5.70,40.50,20.00
26-Feb-25 6:06:20 PM AEST,29.0,nan,nan,nan,nan,nan,nan,nan,nan,nan,nan,nan
26-Feb-25 6:06:20 PM AEST,28.9,nan,nan,nan,nan,nan,nan,nan,nan,nan,nan,nan
26-Feb-25 6:07:00 PM AEST,nan,nan,20.0,nan,nan,nan,342.90,0.48,7.10,2.10,341.20,19.10
26-Feb-25 6:08:00 PM AEST,nan,nan,nan,nan,nan,nan,6.80,0.27,5.90,1.80,8.90,19.20
26-Feb-25 6:09:00 PM AEST,28.8,58.5,nan,nan,nan,nan,36.10,0.68,11.80,4.70,43.60,17.50
26-Feb-25 6:10:00 PM AEST,nan,nan,19.8,nan,nan,nan,298.90,1.08,16.60,9.20,302.00,nan
26-Feb-25 6:10:05 PM AEST,28.7,nan,nan,nan,nan,nan,nan,nan,nan,nan,nan,nan
26-Feb-25 6:11:00 PM AEST,nan,58.2,nan,nan,nan,nan,318.80,0.64,11.80,5.30,324.90,15.80
26-Feb-25 6:12:00 PM AEST,nan,58.5,19.6,nan,nan,nan,295.10,0.19,3.50,1.90,295.10,nan
26-Feb-25 6:13:00 PM AEST,nan,58.7,19.8,nan,nan,nan,290.50,0.18,4.70,1.80,286.40,15.00
26-Feb-25 6:14:00 PM AEST,nan,nan,nan,nan,nan,nan,305.10,0.82,13.00,7.70,304.00,nan
26-Feb-25 6:15:00 PM AEST,28.6,nan,nan,nan,nan,nan,327.00,0.48,9.50,4.60,328.10,13.30
26-Feb-25 6:16:00 PM AEST,nan,59.0,19.7,nan,nan,nan,297.90,0.39,7.10,3.90,297.10,nan
26-Feb-25 6:17:00 PM AEST,nan,59.3,19.8,nan,nan,nan,313.10,0.41,nan,4.10,313.90,12.50
26-Feb-25 6:18:00 PM AEST,nan,59.5,19.9,nan,nan,nan,351.80,0.37,4.70,3.60,351.30,nan
26-Feb-25 6:19:00 PM AEST,28.5,60.0,nan,nan,nan,nan,12.30,0.59,11.80,5.30,17.20,11.60
26-Feb-25 6:20:00 PM AEST,nan,nan,20.0,nan,nan,nan,12.80,0.70,10.60,4.40,3.90,11.70
26-Feb-25 6:20:05 PM AEST,28.4,nan,nan,nan,nan,nan,nan,nan,nan,nan,nan,nan
26-Feb-25 6:21:00 PM AEST,nan,60.5,19.9,nan,nan,nan,25.90,0.12,3.50,1.20,25.80,10.80
26-Feb-25 6:22:00 PM AEST,nan,nan,20.0,nan,nan,nan,25.80,0.11,2.40,1.10,26.00,10.00
26-Feb-25 6:23:00 PM AEST,nan,60.8,nan,nan,nan,nan,30.70,0.19,3.50,1.90,33.40,nan
26-Feb-25 6:24:00 PM AEST,28.3,nan,20.1,nan,nan,nan,29.40,0.29,nan,2.90,28.80,10.80
26-Feb-25 6:25:00 PM AEST,nan,61.2,20.0,nan,nan,nan,358.50,0.57,9.50,5.20,352.30,10.00
26-Feb-25 6:26:00 PM AEST,28.2,61.0,20.1,nan,nan,nan,20.70,0.54,nan,nan,17.70,9.20
26-Feb-25 6:27:00 PM AEST,nan,61.2,20.0,nan,nan,nan,342.80,0.38,4.70,3.00,335.70,9.10
26-Feb-25 6:28:00 PM AEST,nan,nan,nan,nan,nan,nan,340.20,0.52,7.10,5.20,340.00,9.20
26-Feb-25 6:29:00 PM AEST,28.1,61.5,nan,nan,nan,nan,341.70,0.51,8.30,5.00,341.20,8.30
26-Feb-25 6:30:00 PM AEST,nan,61.8,nan,nan,nan,nan,327.20,0.38,5.90,3.30,320.90,nan
26-Feb-25 6:31:00 PM AEST,28.0,62.0,20.1,nan,nan,nan,301.60,0.21,3.50,2.10,301.50,nan
26-Feb-25 6:32:00 PM AEST,nan,62.2,nan,nan,nan,nan,nan,0.07,1.20,0.60,301.30,7.50
26-Feb-25 6:32:05 PM AEST,28.1,nan,nan,nan,nan,nan,nan,nan,nan,nan,nan,nan
26-Feb-25 6:33:00 PM AEST,nan,62.3,nan,nan,nan,nan,nan,nan,2.40,nan,nan,nan
26-Feb-25 6:34:00 PM AEST,28.0,nan,20.2,nan,nan,nan,301.70,0.08,nan,0.80,301.60,6.60
26-Feb-25 6:35:00 PM AEST,nan,62.7,20.1,nan,nan,nan,322.40,0.28,3.50,2.50,325.40,6.70
26-Feb-25 6:36:00 PM AEST,27.9,nan,20.2,nan,nan,nan,355.90,0.44,11.80,4.20,346.40,5.80
26-Feb-25 6:37:00 PM AEST,nan,62.8,20.1,nan,nan,nan,359.20,0.54,nan,5.10,354.60,5.00
26-Feb-25 6:38:00 PM AEST,27.8,63.2,nan,nan,nan,nan,4.00,0.24,5.90,2.30,7.30,nan
26-Feb-25 6:39:00 PM AEST,nan,63.5,20.2,nan,nan,nan,22.20,0.52,9.50,5.00,27.90,nan
26-Feb-25 6:39:05 PM AEST,27.7,nan,nan,nan,nan,nan,nan,nan,nan,nan,nan,nan
26-Feb-25 6:40:00 PM AEST,nan,nan,nan,nan,nan,nan,15.10,0.26,4.70,2.60,14.90,3.30
26-Feb-25 6:41:00 PM AEST,nan,64.0,nan,nan,nan,nan,16.70,0.28,3.50,2.80,16.70,nan
26-Feb-25 6:42:00 PM AEST,27.6,64.2,20.3,nan,nan,nan,16.80,0.19,2.40,1.90,16.80,6552.60
26-Feb-25 6:43:00 PM AEST,nan,64.3,20.2,nan,nan,nan,42.90,0.36,7.10,2.40,66.40,nan
26-Feb-25 6:44:00 PM AEST,27.5,nan,nan,nan,nan,nan,109.80,0.38,5.90,3.70,110.30,nan
26-Feb-25 6:45:00 PM AEST,nan,nan,nan,nan,nan,nan,60.80,0.27,4.70,2.70,60.80,nan
26-Feb-25 6:46:00 PM AEST,nan,64.7,nan,nan,nan,nan,60.60,0.21,3.50,2.10,60.70,nan
26-Feb-25 6:47:00 PM AEST,27.4,65.2,nan,nan,nan,nan,nan,0.30,4.70,3.00,60.60,nan
26-Feb-25 6:48:00 PM AEST,nan,nan,nan,nan,nan,nan,51.90,0.42,8.30,4.20,51.40,0.80
26-Feb-25 6:49:00 PM AEST,27.3,65.0,nan,nan,nan,nan,46.20,0.30,4.70,3.00,46.20,0.00
26-Feb-25 6:50:00 PM AEST,nan,65.8,nan,nan,nan,nan,nan,0.27,3.50,2.70,nan,0.80
26-Feb-25 6:50:05 PM AEST,27.2,nan,nan,nan,nan,nan,nan,nan,nan,nan,nan,nan
26-Feb-25 6:51:00 PM AEST,nan,65.7,20.3,nan,nan,nan,343.00,0.44,7.10,2.50,355.40,0.00
26-Feb-25 6:52:00 PM AEST,nan,65.5,20.2,nan,nan,nan,28.20,0.41,5.90,3.90,29.80,nan
26-Feb-25 6:53:00 PM AEST,nan,65.8,nan,nan,nan,nan,47.00,0.29,3.50,2.90,47.00,6552.60
26-Feb-25 6:54:00 PM AEST,27.1,66.5,nan,nan,nan,nan,46.90,0.25,nan,2.50,46.90,nan
26-Feb-25 6:55:00 PM AEST,nan,66.7,20.3,nan,nan,nan,47.00,0.11,2.40,1.10,47.00,0.00
26-Feb-25 6:56:00 PM AEST,27.0,67.0,nan,nan,nan,nan,46.90,0.14,3.50,1.40,46.90,nan
26-Feb-25 6:57:00 PM AEST,nan,67.5,20.4,nan,nan,nan,47.00,0.18,2.40,1.80,47.00,nan
26-Feb-25 6:57:05 PM AEST,26.9,nan,nan,nan,nan,nan,nan,nan,nan,nan,nan,nan
26-Feb-25 6:58:00 PM AEST,nan,67.0,nan,nan,nan,nan,46.90,0.26,4.70,2.60,nan,nan
26-Feb-25 6:59:00 PM AEST,nan,66.8,20.3,nan,nan,nan,47.00,0.32,nan,3.20,nan,nan
26-Feb-25 7:00:00 PM AEST,nan,67.2,20.2,nan,nan,nan,46.90,0.33,nan,3.30,46.90,nan
26-Feb-25 7:00:39 PM AEST,nan,nan,nan,nan,nan,0.00,nan,nan,nan,nan,nan,nan
26-Feb-25 7:01:00 PM AEST,26.8,67.7,20.3,nan,nan,nan,49.00,0.35,5.90,3.50,50.20,nan
26-Feb-25 7:02:00 PM AEST,nan,67.8,nan,nan,nan,nan,59.90,0.41,7.10,3.80,65.60,nan
26-Feb-25 7:02:05 PM AEST,26.7,nan,nan,nan,nan,nan,nan,nan,nan,nan,nan,nan
26-Feb-25 7:03:00 PM AEST,nan,68.5,20.2,nan,nan,nan,25.50,0.21,3.50,2.10,25.50,nan
26-Feb-25 7:04:00 PM AEST,26.6,68.8,20.4,nan,nan,nan,nan,0.24,nan,2.40,nan,6552.60
26-Feb-25 7:05:00 PM AEST,nan,69.2,nan,nan,nan,nan,25.60,0.22,nan,2.20,25.60,0.00
26-Feb-25 7:05:05 PM AEST,26.5,nan,nan,nan,nan,nan,nan,nan,nan,nan,nan,nan
26-Feb-25 7:06:00 PM AEST,nan,69.5,nan,nan,nan,nan,25.50,0.16,2.40,1.60,nan,nan
26-Feb-25 7:06:10 PM AEST,26.4,nan,nan,nan,nan,nan,nan,nan,nan,nan,nan,nan
26-Feb-25 7:07:00 PM AEST,nan,69.7,nan,nan,nan,nan,nan,0.18,nan,1.80,25.50,nan
26-Feb-25 7:07:15 PM AEST,26.3,nan,nan,nan,nan,nan,nan,nan,nan,nan,nan,nan
26-Feb-25 7:08:00 PM AEST,nan,70.5,20.3,nan,nan,nan,nan,0.28,3.50,2.80,nan,nan
26-Feb-25 7:08:20 PM AEST,26.2,nan,nan,nan,nan,nan,nan,nan,nan,nan,nan,nan
26-Feb-25 7:09:00 PM AEST,nan,70.7,20.4,nan,nan,nan,25.60,0.24,nan,2.40,25.60,nan
26-Feb-25 7:09:25 PM AEST,26.0,nan,nan,nan,nan,nan,nan,nan,nan,nan,nan,nan
26-Feb-25 7:10:00 PM AEST,nan,71.0,20.3,nan,nan,nan,25.50,0.04,1.20,0.40,25.00,nan
26-Feb-25 7:11:00 PM AEST,nan,nan,20.4,nan,nan,nan,nan,0.00,0.00,0.00,0.00,0.80
26-Feb-25 7:12:00 PM AEST,nan,70.8,nan,nan,nan,nan,nan,0.03,2.40,0.30,25.00,0.00
26-Feb-25 7:13:00 PM AEST,nan,71.5,20.3,nan,nan,nan,nan,0.08,nan,0.80,25.50,nan
26-Feb-25 7:14:00 PM AEST,25.9,71.3,20.4,nan,nan,nan,25.60,0.22,3.50,2.20,25.60,nan
26-Feb-25 7:15:00 PM AEST,nan,72.5,20.3,nan,nan,nan,25.50,0.29,nan,2.90,nan,nan
26-Feb-25 7:15:05 PM AEST,25.8,nan,nan,nan,nan,nan,nan,nan,nan,nan,nan,nan
26-Feb-25 7:16:00 PM AEST,nan,73.0,20.5,nan,nan,nan,25.60,0.16,2.40,1.60,nan,nan
26-Feb-25 7:16:10 PM AEST,25.7,nan,nan,nan,nan,nan,nan,nan,nan,nan,nan,nan
26-Feb-25 7:17:00 PM AEST,nan,73.3,nan,nan,nan,nan,25.50,0.04,1.20,0.40,25.00,nan
26-Feb-25 7:18:00 PM AEST,25.6,73.2,nan,nan,nan,nan,nan,0.00,0.00,0.00,0.00,nan
26-Feb-25 7:19:00 PM AEST,nan,73.3,nan,nan,nan,nan,25.60,0.01,1.20,0.10,25.00,nan
26-Feb-25 7:20:00 PM AEST,nan,nan,nan,nan,nan,nan,25.50,0.08,2.40,0.80,25.50,nan
26-Feb-25 7:21:00 PM AEST,nan,73.7,20.4,nan,nan,nan,25.60,0.04,nan,0.40,nan,nan
26-Feb-25 7:22:00 PM AEST,25.5,74.3,20.5,nan,nan,nan,25.50,0.00,0.00,0.00,0.00,nan
26-Feb-25 7:23:00 PM AEST,nan,74.7,20.6,nan,nan,nan,nan,0.01,1.20,0.10,26.60,nan
26-Feb-25 7:23:05 PM AEST,25.4,nan,nan,nan,nan,nan,nan,nan,nan,nan,nan,nan
26-Feb-25 7:24:00 PM AEST,nan,74.8,nan,nan,nan,nan,25.60,0.02,nan,0.20,25.00,nan
26-Feb-25 7:25:00 PM AEST,25.3,74.7,nan,nan,nan,nan,25.50,0.13,2.40,1.30,25.40,nan
26-Feb-25 7:26:00 PM AEST,nan,74.8,20.5,nan,nan,nan,25.60,0.12,nan,1.20,25.60,nan
26-Feb-25 7:27:00 PM AEST,25.2,75.3,nan,nan,nan,nan,28.00,0.22,3.50,2.20,29.20,nan
26-Feb-25 7:28:00 PM AEST,nan,74.7,nan,nan,nan,nan,38.80,0.28,4.70,2.80,38.80,nan
26-Feb-25 7:29:00 PM AEST,nan,74.2,20.4,nan,nan,nan,nan,0.17,2.40,1.70,nan,6552.60
26-Feb-25 7:30:00 PM AEST,25.3,73.8,20.3,nan,nan,nan,38.90,0.08,1.20,0.80,nan,0.00
26-Feb-25 7:31:00 PM AEST,nan,73.3,nan,nan,nan,nan,38.80,0.13,2.40,1.30,38.90,nan
26-Feb-25 7:32:00 PM AEST,nan,73.2,20.2,nan,nan,nan,nan,0.05,nan,0.50,nan,nan
26-Feb-25 7:33:00 PM AEST,nan,73.5,nan,nan,nan,nan,38.90,0.20,3.50,2.00,nan,nan
26-Feb-25 7:34:00 PM AEST,nan,73.7,nan,nan,nan,nan,nan,0.29,4.70,2.90,nan,nan
26-Feb-25 7:35:00 PM AEST,25.4,73.2,20.3,nan,nan,nan,38.80,0.25,3.50,2.50,nan,nan
26-Feb-25 7:36:00 PM AEST,nan,72.8,20.2,nan,nan,nan,38.50,nan,4.70,nan,38.50,6552.60
26-Feb-25 7:37:00 PM AEST,nan,72.7,nan,nan,nan,nan,24.80,0.37,7.10,3.50,17.50,0.00
26-Feb-25 7:38:00 PM AEST,25.5,72.5,nan,nan,nan,nan,2.80,0.34,5.90,3.40,2.80,nan
26-Feb-25 7:39:00 PM AEST,nan,73.0,nan,nan,nan,nan,31.40,0.36,nan,3.30,32.80,nan
26-Feb-25 7:40:00 PM AEST,nan,72.8,20.3,nan,nan,nan,54.30,0.29,4.70,2.90,54.30,nan
26-Feb-25 7:41:00 PM AEST,nan,72.7,nan,nan,nan,nan,60.80,0.26,nan,2.60,63.80,nan
26-Feb-25 7:42:00 PM AEST,nan,72.8,20.2,nan,nan,nan,74.30,0.25,3.50,2.50,74.40,6552.60
26-Feb-25 7:43:00 PM AEST,nan,nan,20.3,nan,nan,nan,74.40,0.09,2.40,0.90,74.30,0.00
26-Feb-25 7:44:00 PM AEST,25.6,73.0,nan,nan,nan,nan,74.30,0.17,3.50,1.70,74.40,nan
26-Feb-25 7:45:00 PM AEST,nan,73.3,20.4,nan,nan,nan,nan,0.07,2.40,0.70,74.30,nan
26-Feb-25 7:45:05 PM AEST,25.5,nan,nan,nan,nan,nan,nan,nan,nan,nan,nan,nan
26-Feb-25 7:46:00 PM AEST,nan,nan,20.3,nan,nan,nan,nan,0.15,3.50,1.50,74.40,nan
26-Feb-25 7:46:10 PM AEST,25.4,nan,nan,nan,nan,nan,nan,nan,nan,nan,nan,nan
26-Feb-25 7:47:00 PM AEST,nan,73.8,nan,nan,nan,nan,nan,0.25,nan,2.50,nan,nan
26-Feb-25 7:48:00 PM AEST,25.3,74.5,20.4,nan,nan,nan,74.40,0.14,2.40,1.40,74.50,nan
26-Feb-25 7:49:00 PM AEST,nan,74.8,nan,nan,nan,nan,nan,0.01,1.20,0.10,76.00,nan
26-Feb-25 7:49:05 PM AEST,25.2,nan,nan,nan,nan,nan,nan,nan,nan,nan,nan,nan
26-Feb-25 7:50:00 PM AEST,nan,75.7,nan,nan,nan,nan,nan,0.14,2.40,1.40,74.50,nan
26-Feb-25 7:51:00 PM AEST,25.1,76.5,20.6,nan,nan,nan,nan,0.05,1.20,0.50,74.70,nan
26-Feb-25 7:52:00 PM AEST,nan,77.0,nan,nan,nan,nan,nan,0.01,nan,0.10,76.00,0.80
26-Feb-25 7:52:05 PM AEST,25.0,nan,nan,nan,nan,nan,nan,nan,nan,nan,nan,nan
26-Feb-25 7:53:00 PM AEST,nan,77.5,20.7,nan,nan,nan,nan,0.04,nan,0.40,74.80,0.00
26-Feb-25 7:54:00 PM AEST,24.9,78.0,20.8,nan,nan,nan,nan,0.01,nan,0.10,76.00,nan
26-Feb-25 7:55:00 PM AEST,nan,78.7,nan,nan,nan,nan,nan,0.15,2.40,1.50,74.40,nan
26-Feb-25 7:55:05 PM AEST,24.8,nan,nan,nan,nan,nan,nan,nan,nan,nan,nan,nan
26-Feb-25 7:56:00 PM AEST,nan,nan,nan,nan,nan,nan,nan,0.14,nan,1.40,74.50,nan
26-Feb-25 7:56:10 PM AEST,24.7,nan,nan,nan,nan,nan,nan,nan,nan,nan,nan,nan
26-Feb-25 7:57:00 PM AEST,nan,78.8,20.7,nan,nan,nan,nan,0.22,3.50,2.20,74.40,nan
26-Feb-25 7:57:15 PM AEST,24.6,nan,nan,nan,nan,nan,nan,nan,nan,nan,nan,nan
26-Feb-25 7:58:00 PM AEST,nan,79.0,nan,nan,nan,nan,nan,0.12,2.40,1.20,nan,nan
26-Feb-25 7:58:20 PM AEST,24.5,nan,nan,nan,nan,nan,nan,nan,nan,nan,nan,nan
26-Feb-25 7:59:00 PM AEST,nan,nan,20.6,nan,nan,nan,nan,0.02,nan,0.20,74.30,nan
26-Feb-25 8:00:00 PM AEST,24.4,79.2,nan,nan,nan,nan,nan,0.19,3.50,1.90,74.50,nan
26-Feb-25 8:00:40 PM AEST,nan,nan,nan,nan,nan,65.53,nan,nan,nan,nan,nan,nan
26-Feb-25 8:01:00 PM AEST,nan,78.8,nan,nan,nan,nan,nan,0.11,2.40,1.10,74.40,nan
26-Feb-25 8:02:00 PM AEST,24.3,79.0,20.5,nan,nan,nan,nan,0.17,nan,1.70,nan,nan
26-Feb-25 8:03:00 PM AEST,nan,79.3,nan,nan,nan,nan,nan,0.15,nan,1.50,nan,nan
26-Feb-25 8:04:00 PM AEST,nan,80.0,nan,nan,nan,nan,nan,0.09,1.20,0.90,nan,nan
26-Feb-25 8:05:00 PM AEST,24.2,nan,20.6,nan,nan,nan,nan,0.08,nan,0.80,74.50,nan
26-Feb-25 8:06:00 PM AEST,nan,80.5,nan,nan,nan,nan,74.30,0.06,nan,0.60,74.60,nan
26-Feb-25 8:07:00 PM AEST,24.1,80.7,nan,nan,nan,nan,74.40,0.02,nan,0.20,74.80,nan
26-Feb-25 8:08:00 PM AEST,nan,80.8,nan,nan,nan,nan,nan,0.09,2.40,0.90,74.30,nan
26-Feb-25 8:09:00 PM AEST,24.0,80.7,nan,nan,nan,nan,nan,0.02,1.20,0.20,75.10,nan
26-Feb-25 8:10:00 PM AEST,nan,nan,20.5,nan,nan,nan,nan,0.12,2.40,1.20,74.40,nan
26-Feb-25 8:11:00 PM AEST,23.9,80.8,nan,nan,nan,nan,74.30,0.04,1.20,0.40,74.50,nan
26-Feb-25 8:12:00 PM AEST,nan,80.7,20.4,nan,nan,nan,74.40,0.00,0.00,0.00,0.00,nan
26-Feb-25 8:13:00 PM AEST,nan,81.0,nan,nan,nan,nan,74.30,nan,nan,nan,nan,nan
26-Feb-25 8:14:00 PM AEST,23.8,nan,nan,nan,nan,nan,74.40,0.12,2.40,1.20,74.30,nan
26-Feb-25 8:15:00 PM AEST,nan,81.2,20.3,nan,nan,nan,nan,0.19,nan,2.00,74.40,nan
26-Feb-25 8:15:05 PM AEST,23.7,nan,nan,nan,nan,nan,nan,nan,nan,nan,nan,nan
26-Feb-25 8:16:00 PM AEST,nan,nan,nan,nan,nan,nan,nan,0.06,nan,0.60,74.60,nan
26-Feb-25 8:17:00 PM AEST,nan,81.3,nan,nan,nan,nan,nan,0.00,0.00,0.00,0.00,nan
26-Feb-25 8:18:00 PM AEST,nan,81.5,nan,nan,nan,nan,nan,0.01,1.20,0.10,76.00,nan
26-Feb-25 8:19:00 PM AEST,23.6,81.8,nan,nan,nan,nan,nan,0.02,nan,0.20,74.80,nan
26-Feb-25 8:20:00 PM AEST,nan,82.0,nan,nan,nan,nan,nan,0.07,nan,0.60,74.40,nan
26-Feb-25 8:21:00 PM AEST,23.5,82.3,nan,nan,nan,nan,nan,0.12,2.40,1.20,74.60,nan
26-Feb-25 8:22:00 PM AEST,nan,nan,nan,nan,nan,nan,nan,0.02,1.20,0.20,75.10,nan
26-Feb-25 8:23:00 PM AEST,nan,nan,nan,nan,nan,nan,nan,0.01,nan,0.10,76.00,nan
26-Feb-25 8:24:00 PM AEST,nan,82.5,nan,nan,nan,nan,nan,0.00,0.00,0.00,0.00,nan
26-Feb-25 8:25:00 PM AEST,nan,82.8,nan,nan,nan,nan,nan,0.09,2.40,0.90,74.40,nan
26-Feb-25 8:26:00 PM AEST,23.4,nan,20.4,nan,nan,nan,nan,0.20,3.50,2.00,nan,nan
26-Feb-25 8:27:00 PM AEST,nan,83.0,20.3,nan,nan,nan,nan,0.01,1.20,0.10,76.00,nan
26-Feb-25 8:28:00 PM AEST,nan,nan,nan,nan,nan,nan,nan,0.00,0.00,0.00,0.00,nan
26-Feb-25 8:29:00 PM AEST,nan,83.2,nan,nan,nan,nan,nan,nan,nan,nan,nan,0.80
26-Feb-25 8:30:00 PM AEST,nan,83.3,20.4,nan,nan,nan,nan,nan,nan,nan,nan,0.00
26-Feb-25 8:31:00 PM AEST,23.3,83.5,nan,nan,nan,nan,74.30,0.05,1.20,0.50,74.30,nan
26-Feb-25 8:32:00 PM AEST,nan,83.7,nan,nan,nan,nan,74.40,0.00,0.00,0.00,0.00,nan
26-Feb-25 8:34:00 PM AEST,nan,83.8,nan,nan,nan,nan,nan,0.09,2.40,0.90,74.50,nan
26-Feb-25 8:35:00 PM AEST,23.2,84.0,nan,nan,nan,nan,nan,0.25,3.50,2.50,nan,nan
26-Feb-25 8:36:00 PM AEST,nan,nan,20.3,nan,nan,nan,nan,0.20,2.40,2.00,nan,nan
26-Feb-25 8:37:00 PM AEST,23.1,84.5,nan,nan,nan,nan,nan,0.09,nan,0.90,74.30,nan
26-Feb-25 8:38:00 PM AEST,nan,84.7,20.4,nan,nan,nan,74.30,0.01,1.20,0.10,76.00,nan
26-Feb-25 8:38:05 PM AEST,23.2,nan,nan,nan,nan,nan,nan,nan,nan,nan,nan,nan
26-Feb-25 8:39:00 PM AEST,nan,nan,nan,nan,nan,nan,74.40,nan,nan,nan,nan,nan
26-Feb-25 8:39:10 PM AEST,23.1,nan,nan,nan,nan,nan,nan,nan,nan,nan,nan,nan
26-Feb-25 8:40:00 PM AEST,nan,nan,nan,nan,nan,nan,nan,0.17,2.40,1.70,74.40,nan
26-Feb-25 8:41:00 PM AEST,nan,85.0,nan,nan,nan,nan,nan,0.03,1.20,0.30,74.60,nan
26-Feb-25 8:42:00 PM AEST,nan,85.3,20.5,nan,nan,nan,nan,0.00,0.00,0.00,0.00,nan
26-Feb-25 8:43:00 PM AEST,nan,85.5,nan,nan,nan,nan,nan,0.22,3.50,2.20,74.40,nan
26-Feb-25 8:44:00 PM AEST,23.0,nan,nan,nan,nan,nan,nan,0.05,2.40,0.50,74.50,nan
26-Feb-25 8:45:00 PM AEST,nan,nan,20.4,nan,nan,nan,74.30,0.00,0.00,0.00,0.00,nan
26-Feb-25 8:46:00 PM AEST,nan,nan,nan,nan,nan,nan,74.40,nan,nan,nan,nan,nan
26-Feb-25 8:47:00 PM AEST,nan,85.7,20.5,nan,nan,nan,nan,0.01,1.20,0.10,76.00,nan
26-Feb-25 8:48:00 PM AEST,nan,nan,nan,nan,nan,nan,nan,0.07,2.40,0.70,74.60,nan
26-Feb-25 8:49:00 PM AEST,22.9,85.8,20.4,nan,nan,nan,nan,0.14,nan,1.40,74.50,nan
26-Feb-25 8:50:00 PM AEST,nan,nan,nan,nan,nan,nan,nan,0.01,1.20,0.10,75.10,nan
26-Feb-25 8:51:00 PM AEST,nan,nan,nan,nan,nan,nan,nan,0.00,0.00,0.00,0.00,nan
26-Feb-25 8:55:00 PM AEST,22.8,86.0,nan,nan,nan,nan,74.30,nan,nan,nan,nan,nan
26-Feb-25 8:56:00 PM AEST,nan,85.8,nan,nan,nan,nan,74.40,nan,nan,nan,nan,nan
26-Feb-25 8:57:00 PM AEST,nan,86.0,20.3,nan,nan,nan,nan,nan,nan,nan,nan,nan
26-Feb-25 8:58:00 PM AEST,nan,86.3,nan,nan,nan,nan,nan,nan,nan,nan,nan,nan
26-Feb-25 8:59:00 PM AEST,nan,nan,20.4,nan,nan,nan,nan,nan,nan,nan,nan,nan
26-Feb-25 9:00:00 PM AEST,22.7,86.7,nan,nan,nan,nan,nan,nan,nan,nan,nan,nan
26-Feb-25 9:00:41 PM AEST,nan,nan,nan,nan,nan,65.53,nan,nan,nan,nan,nan,nan
26-Feb-25 9:02:00 PM AEST,nan,86.8,nan,nan,nan,nan,nan,nan,nan,nan,nan,nan
26-Feb-25 9:04:00 PM AEST,22.6,87.0,nan,nan,nan,nan,74.30,nan,nan,nan,nan,nan
26-Feb-25 9:05:00 PM AEST,nan,87.2,nan,nan,nan,nan,74.40,nan,nan,nan,nan,0.80
26-Feb-25 9:05:05 PM AEST,22.7,nan,nan,nan,nan,nan,nan,nan,nan,nan,nan,nan
26-Feb-25 9:06:00 PM AEST,nan,nan,nan,nan,nan,nan,nan,nan,nan,nan,nan,0.00
26-Feb-25 9:06:10 PM AEST,22.6,nan,nan,nan,nan,nan,nan,nan,nan,nan,nan,nan
26-Feb-25 9:07:00 PM AEST,nan,87.3,nan,nan,nan,nan,nan,nan,nan,nan,nan,nan
26-Feb-25 9:08:00 PM AEST,22.5,nan,nan,nan,nan,nan,74.30,nan,nan,nan,nan,nan
26-Feb-25 9:09:00 PM AEST,nan,nan,20.3,nan,nan,nan,nan,nan,nan,nan,nan,nan
26-Feb-25 9:10:00 PM AEST,nan,nan,nan,nan,nan,nan,74.40,nan,nan,nan,nan,nan
26-Feb-25 9:11:00 PM AEST,nan,nan,nan,nan,nan,nan,74.30,nan,nan,nan,nan,nan
26-Feb-25 9:12:00 PM AEST,nan,87.5,nan,nan,nan,nan,74.40,nan,nan,nan,nan,nan
26-Feb-25 9:14:00 PM AEST,nan,nan,20.4,nan,nan,nan,nan,nan,nan,nan,nan,nan
26-Feb-25 9:15:00 PM AEST,nan,87.7,20.3,nan,nan,nan,nan,nan,nan,nan,nan,nan
26-Feb-25 9:16:00 PM AEST,nan,nan,20.4,nan,nan,nan,nan,nan,nan,nan,nan,nan
26-Feb-25 9:17:00 PM AEST,nan,88.0,20.3,nan,nan,nan,nan,nan,nan,nan,nan,nan
26-Feb-25 9:18:00 PM AEST,22.4,87.8,20.4,nan,nan,nan,nan,nan,nan,nan,nan,nan
26-Feb-25 9:19:00 PM AEST,nan,88.2,20.3,nan,nan,nan,74.30,nan,nan,nan,nan,nan
26-Feb-25 9:20:00 PM AEST,nan,88.0,20.4,nan,nan,nan,74.40,nan,nan,nan,nan,nan
26-Feb-25 9:21:00 PM AEST,nan,nan,20.3,nan,nan,nan,74.30,nan,nan,nan,nan,nan
26-Feb-25 9:22:00 PM AEST,nan,88.2,nan,nan,nan,nan,74.40,nan,nan,nan,nan,nan
26-Feb-25 9:24:00 PM AEST,22.3,88.3,nan,nan,nan,nan,nan,nan,nan,nan,nan,nan
26-Feb-25 9:25:00 PM AEST,nan,nan,nan,nan,nan,nan,74.30,nan,nan,nan,nan,nan
26-Feb-25 9:26:00 PM AEST,22.4,nan,nan,nan,nan,nan,74.40,nan,nan,nan,nan,nan
26-Feb-25 9:27:05 PM AEST,22.3,nan,nan,nan,nan,nan,nan,nan,nan,nan,nan,nan
26-Feb-25 9:28:00 PM AEST,nan,88.5,nan,nan,nan,nan,74.30,nan,nan,nan,nan,nan
26-Feb-25 9:28:10 PM AEST,22.4,nan,nan,nan,nan,nan,nan,nan,nan,nan,nan,nan
26-Feb-25 9:29:00 PM AEST,nan,nan,20.4,nan,nan,nan,nan,nan,nan,nan,nan,nan
26-Feb-25 9:29:15 PM AEST,22.3,nan,nan,nan,nan,nan,nan,nan,nan,nan,nan,nan
26-Feb-25 9:30:00 PM AEST,nan,88.7,20.3,nan,nan,nan,74.40,nan,nan,nan,nan,nan
26-Feb-25 9:30:20 PM AEST,22.4,nan,nan,nan,nan,nan,nan,nan,nan,nan,nan,nan
26-Feb-25 9:31:00 PM AEST,nan,nan,20.4,nan,nan,nan,nan,nan,nan,nan,nan,nan
26-Feb-25 9:31:25 PM AEST,22.3,nan,nan,nan,nan,nan,nan,nan,nan,nan,nan,nan
26-Feb-25 9:33:00 PM AEST,nan,88.8,nan,nan,nan,nan,74.30,nan,nan,nan,nan,nan
26-Feb-25 9:34:00 PM AEST,nan,nan,nan,nan,nan,nan,74.40,0.11,2.40,1.10,74.50,nan
26-Feb-25 9:35:00 PM AEST,nan,89.0,nan,nan,nan,nan,nan,0.19,3.50,1.90,74.40,nan
26-Feb-25 9:36:00 PM AEST,nan,88.8,nan,nan,nan,nan,nan,0.12,2.40,1.20,74.50,nan
26-Feb-25 9:37:00 PM AEST,nan,89.0,nan,nan,nan,nan,nan,0.08,nan,0.80,74.40,nan
26-Feb-25 9:38:00 PM AEST,nan,89.3,nan,nan,nan,nan,74.30,0.24,3.50,2.40,nan,nan
26-Feb-25 9:39:00 PM AEST,nan,nan,20.5,nan,nan,nan,74.40,0.21,2.40,2.10,nan,nan
26-Feb-25 9:40:00 PM AEST,nan,nan,nan,nan,nan,nan,nan,0.04,1.20,0.40,74.50,nan
26-Feb-25 9:41:00 PM AEST,nan,89.5,20.4,nan,nan,nan,74.30,0.00,0.00,0.00,0.00,nan
26-Feb-25 9:42:00 PM AEST,nan,nan,20.5,nan,nan,nan,74.40,nan,nan,nan,nan,0.80
26-Feb-25 9:43:00 PM AEST,nan,89.7,nan,nan,nan,nan,nan,0.11,2.40,1.10,74.30,0.00
26-Feb-25 9:44:00 PM AEST,nan,nan,nan,nan,nan,nan,nan,0.02,1.20,0.20,75.10,nan
26-Feb-25 9:45:00 PM AEST,nan,nan,nan,nan,nan,nan,74.30,0.00,0.00,0.00,0.00,nan
26-Feb-25 9:46:00 PM AEST,nan,nan,20.6,nan,nan,nan,nan,nan,nan,nan,nan,nan
26-Feb-25 9:47:00 PM AEST,nan,89.8,20.5,nan,nan,nan,74.40,nan,nan,nan,nan,nan
26-Feb-25 9:48:00 PM AEST,nan,nan,20.6,nan,nan,nan,74.30,nan,nan,nan,nan,nan
26-Feb-25 9:49:00 PM AEST,nan,nan,nan,nan,nan,nan,74.40,nan,nan,nan,nan,nan
26-Feb-25 9:50:00 PM AEST,nan,nan,20.5,nan,nan,nan,74.30,nan,nan,nan,nan,nan
26-Feb-25 9:51:00 PM AEST,nan,90.0,20.6,nan,nan,nan,74.40,nan,nan,nan,nan,nan
26-Feb-25 9:52:00 PM AEST,nan,nan,nan,nan,nan,nan,74.30,nan,nan,nan,nan,nan
26-Feb-25 9:53:00 PM AEST,nan,nan,nan,nan,nan,nan,74.40,nan,nan,nan,nan,nan
26-Feb-25 9:56:00 PM AEST,nan,nan,nan,nan,nan,nan,74.30,nan,nan,nan,nan,nan
26-Feb-25 9:57:00 PM AEST,nan,nan,nan,nan,nan,nan,74.40,0.02,2.40,0.20,74.30,nan
26-Feb-25 9:58:00 PM AEST,nan,89.8,nan,nan,nan,nan,74.30,0.18,nan,1.80,74.40,nan
26-Feb-25 9:59:00 PM AEST,nan,90.0,20.5,nan,nan,nan,74.40,0.03,1.20,0.30,74.60,nan
26-Feb-25 10:00:00 PM AEST,nan,90.2,20.6,nan,nan,nan,nan,0.00,0.00,0.00,0.00,nan
26-Feb-25 10:01:00 PM AEST,22.2,nan,nan,nan,nan,nan,74.30,nan,nan,nan,nan,nan
26-Feb-25 10:02:00 PM AEST,nan,90.3,20.5,nan,nan,nan,74.40,nan,nan,nan,nan,nan
26-Feb-25 10:02:05 PM AEST,22.3,nan,nan,nan,nan,nan,nan,nan,nan,nan,nan,nan
26-Feb-25 10:03:00 PM AEST,nan,90.2,20.6,nan,nan,nan,nan,nan,nan,nan,nan,nan
26-Feb-25 10:03:10 PM AEST,22.2,nan,nan,nan,nan,nan,nan,nan,nan,nan,nan,nan
26-Feb-25 10:04:00 PM AEST,nan,90.3,20.5,nan,nan,nan,74.30,0.01,1.20,0.10,76.00,nan
26-Feb-25 10:05:00 PM AEST,nan,90.2,20.6,nan,nan,nan,74.40,0.00,0.00,0.00,0.00,nan
26-Feb-25 10:06:00 PM AEST,nan,90.3,20.5,nan,nan,nan,nan,0.05,2.40,0.50,74.70,nan
26-Feb-25 10:07:00 PM AEST,nan,nan,nan,nan,nan,nan,nan,0.09,nan,0.90,74.40,nan
26-Feb-25 10:08:00 PM AEST,nan,nan,nan,nan,nan,nan,nan,0.00,0.00,0.00,0.00,nan
26-Feb-25 10:09:00 PM AEST,nan,nan,nan,nan,nan,nan,74.30,nan,nan,nan,nan,nan
26-Feb-25 10:10:00 PM AEST,nan,nan,nan,nan,nan,nan,74.40,nan,nan,nan,nan,nan
26-Feb-25 10:11:00 PM AEST,nan,90.5,nan,nan,nan,nan,74.30,nan,nan,nan,nan,nan
26-Feb-25 10:12:00 PM AEST,nan,90.3,20.6,nan,nan,nan,74.40,nan,nan,nan,nan,nan
26-Feb-25 10:13:00 PM AEST,nan,nan,20.5,nan,nan,nan,nan,0.08,3.50,0.80,74.70,nan
26-Feb-25 10:14:00 PM AEST,22.1,90.2,nan,nan,nan,nan,nan,0.22,nan,2.20,74.40,nan
26-Feb-25 10:15:00 PM AEST,nan,90.3,20.4,nan,nan,nan,74.30,0.04,1.20,0.40,74.50,nan
26-Feb-25 10:16:00 PM AEST,22.2,nan,20.5,nan,nan,nan,74.40,0.00,0.00,0.00,0.00,nan
26-Feb-25 10:17:05 PM AEST,22.1,nan,nan,nan,nan,nan,nan,nan,nan,nan,nan,nan
26-Feb-25 10:18:00 PM AEST,nan,nan,nan,nan,nan,nan,nan,0.05,1.20,0.50,74.30,nan
26-Feb-25 10:19:00 PM AEST,22.2,90.5,nan,nan,nan,nan,74.30,0.01,nan,0.10,75.10,0.80
26-Feb-25 10:20:00 PM AEST,nan,90.7,nan,nan,nan,nan,74.40,0.00,0.00,0.00,0.00,0.00
26-Feb-25 10:20:05 PM AEST,22.1,nan,nan,nan,nan,nan,nan,nan,nan,nan,nan,nan
26-Feb-25 10:22:00 PM AEST,22.2,nan,nan,nan,nan,nan,nan,0.04,1.20,0.40,74.50,nan
26-Feb-25 10:23:00 PM AEST,nan,nan,20.6,nan,nan,nan,nan,0.01,nan,0.10,76.00,nan
26-Feb-25 10:24:00 PM AEST,nan,90.8,nan,nan,nan,nan,nan,0.00,0.00,0.00,0.00,nan
26-Feb-25 10:26:00 PM AEST,22.1,90.7,nan,nan,nan,nan,nan,nan,nan,nan,nan,nan
26-Feb-25 10:27:00 PM AEST,nan,90.8,20.5,nan,nan,nan,nan,0.10,2.40,1.00,74.40,nan
26-Feb-25 10:28:00 PM AEST,22.2,90.7,20.6,nan,nan,nan,nan,0.01,1.20,0.10,76.00,nan
26-Feb-25 10:29:00 PM AEST,nan,90.8,nan,nan,nan,nan,102.70,0.24,4.70,2.10,128.00,nan
26-Feb-25 10:29:05 PM AEST,22.1,nan,nan,nan,nan,nan,nan,nan,nan,nan,nan,nan
26-Feb-25 10:30:00 PM AEST,nan,90.7,nan,nan,nan,nan,143.70,nan,3.50,2.40,143.70,nan
26-Feb-25 10:31:00 PM AEST,22.2,91.0,20.5,nan,nan,nan,143.60,0.11,2.40,1.10,nan,nan
26-Feb-25 10:32:00 PM AEST,nan,90.8,20.6,nan,nan,nan,143.70,0.05,nan,0.50,144.00,nan
26-Feb-25 10:32:05 PM AEST,22.1,nan,nan,nan,nan,nan,nan,nan,nan,nan,nan,nan
26-Feb-25 10:33:00 PM AEST,nan,91.0,nan,nan,nan,nan,nan,0.08,nan,0.80,143.70,nan
26-Feb-25 10:34:00 PM AEST,nan,nan,nan,nan,nan,nan,143.60,0.09,3.50,0.90,143.60,nan
26-Feb-25 10:35:00 PM AEST,nan,nan,nan,nan,nan,nan,143.70,0.19,4.70,2.00,143.70,nan
26-Feb-25 10:36:00 PM AEST,22.2,nan,nan,nan,nan,nan,nan,0.00,0.00,0.00,0.00,nan
26-Feb-25 10:38:00 PM AEST,nan,91.2,nan,nan,nan,nan,143.60,0.01,1.20,0.10,145.30,nan
26-Feb-25 10:39:00 PM AEST,nan,91.0,20.7,nan,nan,nan,143.70,0.09,2.40,0.90,143.80,nan
26-Feb-25 10:40:00 PM AEST,nan,91.2,nan,nan,nan,nan,nan,0.08,1.20,0.80,143.70,nan
26-Feb-25 10:41:00 PM AEST,nan,91.3,nan,nan,nan,nan,143.60,0.00,0.00,0.00,0.00,nan
26-Feb-25 10:42:00 PM AEST,22.3,nan,20.8,nan,nan,nan,143.70,0.02,1.20,0.20,142.40,nan
26-Feb-25 10:43:00 PM AEST,nan,nan,nan,nan,nan,nan,143.60,0.01,nan,0.10,145.30,nan
26-Feb-25 10:43:05 PM AEST,22.2,nan,nan,nan,nan,nan,nan,nan,nan,nan,nan,nan
26-Feb-25 10:44:00 PM AEST,nan,91.2,nan,nan,nan,nan,143.70,0.00,0.00,0.00,0.00,nan
26-Feb-25 10:44:10 PM AEST,22.3,nan,nan,nan,nan,nan,nan,nan,nan,nan,nan,nan
26-Feb-25 10:45:00 PM AEST,nan,91.3,20.7,nan,nan,nan,nan,0.04,1.20,0.40,143.60,nan
26-Feb-25 10:46:00 PM AEST,nan,nan,20.8,nan,nan,nan,143.60,0.00,0.00,0.00,0.00,nan
26-Feb-25 10:48:00 PM AEST,nan,91.5,20.9,nan,nan,nan,143.70,nan,nan,nan,nan,nan
26-Feb-25 10:49:00 PM AEST,22.4,nan,nan,nan,nan,nan,143.60,nan,nan,nan,nan,nan
26-Feb-25 10:50:00 PM AEST,nan,91.3,nan,nan,nan,nan,nan,nan,nan,nan,nan,nan
26-Feb-25 10:50:05 PM AEST,22.3,nan,nan,nan,nan,nan,nan,nan,nan,nan,nan,nan
26-Feb-25 10:51:00 PM AEST,nan,91.5,nan,nan,nan,nan,143.70,0.08,2.40,0.80,143.90,nan
26-Feb-25 10:51:10 PM AEST,22.4,nan,nan,nan,nan,nan,nan,nan,nan,nan,nan,nan
26-Feb-25 10:52:00 PM AEST,nan,nan,nan,nan,nan,nan,143.60,0.25,4.70,2.50,143.70,nan
26-Feb-25 10:53:00 PM AEST,nan,nan,nan,nan,nan,nan,143.70,0.01,1.20,0.10,143.80,nan
26-Feb-25 10:54:00 PM AEST,nan,91.7,nan,nan,nan,nan,143.60,0.00,0.00,0.00,0.00,nan
26-Feb-25 10:55:00 PM AEST,nan,nan,21.0,nan,nan,nan,143.70,0.07,2.40,0.70,143.80,0.80
26-Feb-25 10:56:00 PM AEST,nan,nan,nan,nan,nan,nan,143.60,0.05,nan,0.50,143.90,0.00
26-Feb-25 10:57:00 PM AEST,nan,nan,nan,nan,nan,nan,143.70,0.00,0.00,0.00,0.00,nan
26-Feb-25 10:58:00 PM AEST,nan,nan,nan,nan,nan,nan,143.60,0.04,2.40,0.40,143.60,nan
26-Feb-25 10:59:00 PM AEST,22.5,nan,nan,nan,nan,nan,143.70,0.15,nan,1.50,143.70,nan
26-Feb-25 11:00:00 PM AEST,nan,91.8,nan,nan,nan,nan,nan,0.00,0.00,0.00,0.00,nan
26-Feb-25 11:01:00 PM AEST,nan,nan,21.1,nan,nan,nan,143.60,0.02,1.20,0.20,144.10,nan
26-Feb-25 11:02:00 PM AEST,nan,nan,nan,nan,nan,nan,143.70,0.09,2.40,0.90,143.80,nan
26-Feb-25 11:03:00 PM AEST,nan,92.0,nan,nan,nan,nan,143.60,0.07,nan,0.70,143.60,nan
26-Feb-25 11:04:00 PM AEST,nan,nan,21.2,nan,nan,nan,143.70,0.04,nan,0.40,144.10,nan
26-Feb-25 11:05:00 PM AEST,nan,91.8,21.1,nan,nan,nan,nan,0.01,1.20,0.10,143.80,nan
26-Feb-25 11:06:00 PM AEST,nan,92.0,nan,nan,nan,nan,143.60,0.11,2.40,1.10,143.70,nan
26-Feb-25 11:07:00 PM AEST,22.6,91.8,21.2,nan,nan,nan,143.70,0.14,nan,1.40,143.80,nan
26-Feb-25 11:08:00 PM AEST,nan,92.0,nan,nan,nan,nan,143.60,0.06,1.20,0.60,nan,nan
26-Feb-25 11:08:05 PM AEST,22.5,nan,nan,nan,nan,nan,nan,nan,nan,nan,nan,nan
26-Feb-25 11:09:00 PM AEST,nan,92.2,nan,nan,nan,nan,143.70,0.01,nan,0.10,145.30,nan
26-Feb-25 11:09:10 PM AEST,22.6,nan,nan,nan,nan,nan,nan,nan,nan,nan,nan,nan
26-Feb-25 11:10:00 PM AEST,nan,91.8,nan,nan,nan,nan,143.60,0.04,nan,0.40,144.10,nan
26-Feb-25 11:10:15 PM AEST,22.5,nan,nan,nan,nan,nan,nan,nan,nan,nan,nan,nan
26-Feb-25 11:11:00 PM AEST,nan,nan,21.1,nan,nan,nan,143.70,0.00,0.00,0.00,0.00,nan
26-Feb-25 11:12:00 PM AEST,nan,nan,nan,nan,nan,nan,143.60,nan,nan,nan,nan,nan
26-Feb-25 11:14:00 PM AEST,nan,91.7,nan,nan,nan,nan,143.70,0.01,1.20,0.10,143.80,nan
26-Feb-25 11:15:00 PM AEST,nan,nan,21.0,nan,nan,nan,nan,0.06,nan,0.60,nan,nan
26-Feb-25 11:16:00 PM AEST,nan,91.8,21.1,nan,nan,nan,143.60,0.00,0.00,0.00,0.00,nan
26-Feb-25 11:17:00 PM AEST,nan,91.7,nan,nan,nan,nan,143.70,nan,nan,nan,nan,nan
26-Feb-25 11:18:00 PM AEST,nan,nan,21.0,nan,nan,nan,143.60,nan,nan,nan,nan,nan
26-Feb-25 11:19:00 PM AEST,22.4,91.8,21.1,nan,nan,nan,143.70,0.01,1.20,0.10,145.30,nan
26-Feb-25 11:20:00 PM AEST,nan,91.5,21.0,nan,nan,nan,nan,0.00,0.00,0.00,0.00,nan
26-Feb-25 11:20:05 PM AEST,22.5,nan,nan,nan,nan,nan,nan,nan,nan,nan,nan,nan
26-Feb-25 11:21:00 PM AEST,nan,91.7,nan,nan,nan,nan,143.60,0.01,1.20,0.10,142.40,nan
26-Feb-25 11:21:10 PM AEST,22.4,nan,nan,nan,nan,nan,nan,nan,nan,nan,nan,nan
26-Feb-25 11:22:00 PM AEST,nan,91.8,nan,nan,nan,nan,143.70,0.00,0.00,0.00,0.00,nan
26-Feb-25 11:23:00 PM AEST,nan,91.7,nan,nan,nan,nan,nan,nan,nan,nan,nan,nan
26-Feb-25 11:24:00 PM AEST,nan,91.8,nan,nan,nan,nan,143.60,nan,nan,nan,nan,nan
26-Feb-25 11:25:00 PM AEST,22.5,92.0,nan,nan,nan,nan,143.70,nan,nan,nan,nan,nan
26-Feb-25 11:26:00 PM AEST,nan,91.8,21.1,nan,nan,nan,nan,0.02,1.20,0.20,143.70,nan
26-Feb-25 11:26:05 PM AEST,22.4,nan,nan,nan,nan,nan,nan,nan,nan,nan,nan,nan
26-Feb-25 11:27:00 PM AEST,nan,nan,21.0,nan,nan,nan,143.60,0.00,0.00,0.00,0.00,nan
26-Feb-25 11:28:00 PM AEST,nan,nan,nan,nan,nan,nan,143.70,0.01,1.20,0.10,143.80,nan
26-Feb-25 11:29:00 PM AEST,nan,nan,nan,nan,nan,nan,143.60,0.00,0.00,0.00,0.00,nan
26-Feb-25 11:30:00 PM AEST,nan,nan,nan,nan,nan,nan,143.70,nan,nan,nan,nan,nan
26-Feb-25 11:31:00 PM AEST,nan,92.0,nan,nan,nan,nan,nan,nan,nan,nan,nan,0.80
26-Feb-25 11:32:00 PM AEST,22.5,nan,21.1,nan,nan,nan,nan,nan,nan,nan,nan,0.00
26-Feb-25 11:33:00 PM AEST,nan,92.2,nan,nan,nan,nan,143.60,nan,nan,nan,nan,nan
26-Feb-25 11:34:00 PM AEST,nan,92.3,21.2,nan,nan,nan,143.70,nan,nan,nan,nan,nan
26-Feb-25 11:35:00 PM AEST,22.4,92.0,nan,nan,nan,nan,143.60,nan,nan,nan,nan,nan
26-Feb-25 11:36:00 PM AEST,nan,92.2,21.0,nan,nan,nan,nan,0.04,1.20,0.40,143.60,nan
26-Feb-25 11:37:00 PM AEST,nan,92.0,21.1,nan,nan,nan,143.70,0.08,nan,0.80,143.90,nan
26-Feb-25 11:38:00 PM AEST,nan,92.2,21.0,nan,nan,nan,143.60,0.01,nan,0.10,145.30,nan
26-Feb-25 11:39:00 PM AEST,nan,nan,21.1,nan,nan,nan,143.70,nan,nan,nan,nan,nan
26-Feb-25 11:40:00 PM AEST,nan,92.3,nan,nan,nan,nan,nan,0.00,0.00,0.00,0.00,nan
26-Feb-25 11:42:00 PM AEST,nan,nan,nan,nan,nan,nan,143.60,nan,nan,nan,nan,nan
26-Feb-25 11:43:00 PM AEST,nan,92.5,nan,nan,nan,nan,143.70,nan,nan,nan,nan,nan
26-Feb-25 11:44:00 PM AEST,nan,92.3,21.2,nan,nan,nan,143.60,nan,nan,nan,nan,nan
26-Feb-25 11:45:00 PM AEST,nan,nan,21.1,nan,nan,nan,143.70,nan,nan,nan,nan,nan
26-Feb-25 11:46:00 PM AEST,nan,nan,nan,nan,nan,nan,143.60,nan,nan,nan,nan,nan
26-Feb-25 11:47:00 PM AEST,nan,nan,nan,nan,nan,nan,143.70,0.05,2.40,0.50,143.90,nan
26-Feb-25 11:48:00 PM AEST,22.3,nan,nan,nan,nan,nan,nan,0.06,nan,0.60,143.80,nan
26-Feb-25 11:49:00 PM AEST,nan,92.5,21.0,nan,nan,nan,143.60,0.00,0.00,0.00,0.00,nan
26-Feb-25 11:50:00 PM AEST,22.4,92.3,21.1,nan,nan,nan,nan,nan,nan,nan,nan,nan
26-Feb-25 11:51:00 PM AEST,nan,92.5,nan,nan,nan,nan,143.70,0.05,2.40,0.50,143.40,nan
26-Feb-25 11:51:05 PM AEST,22.3,nan,nan,nan,nan,nan,nan,nan,nan,nan,nan,nan
26-Feb-25 11:52:00 PM AEST,nan,92.7,nan,nan,nan,nan,143.60,nan,nan,nan,143.70,nan
26-Feb-25 11:52:10 PM AEST,22.4,nan,nan,nan,nan,nan,nan,nan,nan,nan,nan,nan
26-Feb-25 11:53:00 PM AEST,nan,nan,nan,nan,nan,nan,143.70,0.00,0.00,0.00,0.00,nan
26-Feb-25 11:53:15 PM AEST,22.3,nan,nan,nan,nan,nan,nan,nan,nan,nan,nan,nan
26-Feb-25 11:54:20 PM AEST,22.4,nan,nan,nan,nan,nan,nan,nan,nan,nan,nan,nan
26-Feb-25 11:54:20 PM AEST,22.3,nan,nan,nan,nan,nan,nan,nan,nan,nan,nan,nan
26-Feb-25 11:55:00 PM AEST,nan,92.5,nan,nan,nan,nan,nan,0.09,2.40,0.90,144.00,nan
26-Feb-25 11:56:00 PM AEST,nan,nan,21.0,nan,nan,nan,nan,0.08,nan,0.80,143.70,nan
26-Feb-25 11:57:00 PM AEST,nan,92.7,nan,nan,nan,nan,143.60,0.03,1.20,0.30,143.40,nan
26-Feb-25 11:58:00 PM AEST,nan,92.5,21.1,nan,nan,nan,nan,0.01,nan,0.10,145.30,nan
26-Feb-25 11:59:00 PM AEST,22.2,92.6,21.0,nan,nan,nan,143.70,0.00,0.00,0.00,0.00,6553.40
27-Feb-25 12:00:00 AM AEST,nan,92.7,20.9,nan,nan,65.53,nan,nan,nan,nan,nan,0.00
27-Feb-25 12:00:05 AM AEST,22.3,nan,nan,nan,nan,nan,nan,nan,nan,nan,nan,nan
27-Feb-25 12:01:00 AM AEST,nan,92.8,21.0,nan,nan,nan,nan,nan,nan,nan,nan,nan
27-Feb-25 12:02:00 AM AEST,nan,nan,nan,nan,nan,nan,143.60,nan,nan,nan,nan,nan
27-Feb-25 12:03:00 AM AEST,nan,nan,nan,nan,nan,nan,143.70,0.01,1.20,0.10,145.30,nan
27-Feb-25 12:04:00 AM AEST,nan,nan,21.1,nan,nan,nan,nan,0.00,0.00,0.00,0.00,nan
27-Feb-25 12:05:00 AM AEST,nan,nan,21.0,nan,nan,nan,nan,nan,nan,nan,nan,nan
27-Feb-25 12:06:00 AM AEST,nan,93.0,21.1,nan,nan,nan,nan,0.04,1.20,0.40,144.10,nan
27-Feb-25 12:07:00 AM AEST,nan,nan,nan,nan,nan,nan,143.60,0.13,2.40,1.30,143.70,0.80
27-Feb-25 12:08:00 AM AEST,nan,nan,nan,nan,nan,nan,143.70,0.09,nan,0.90,nan,0.00
27-Feb-25 12:09:00 AM AEST,nan,nan,nan,nan,nan,nan,143.60,0.00,0.00,0.00,0.00,nan
27-Feb-25 12:10:00 AM AEST,nan,93.2,nan,nan,nan,nan,143.70,0.04,1.20,0.40,143.60,nan
27-Feb-25 12:11:00 AM AEST,22.4,nan,21.2,nan,nan,nan,nan,0.09,2.40,0.90,143.80,nan
27-Feb-25 12:12:00 AM AEST,nan,nan,nan,nan,nan,nan,143.60,0.00,0.00,0.00,0.00,nan
27-Feb-25 12:13:00 AM AEST,nan,nan,nan,nan,nan,nan,143.70,0.05,1.20,0.50,143.90,nan
27-Feb-25 12:14:00 AM AEST,22.5,93.3,nan,nan,nan,nan,143.60,0.01,nan,0.10,143.80,nan
27-Feb-25 12:15:00 AM AEST,nan,nan,21.3,nan,nan,nan,143.70,0.03,nan,0.30,143.40,nan
27-Feb-25 12:15:05 AM AEST,22.4,nan,nan,nan,nan,nan,nan,nan,nan,nan,nan,nan
27-Feb-25 12:16:00 AM AEST,nan,93.5,nan,nan,nan,nan,143.60,0.00,0.00,0.00,0.00,nan
27-Feb-25 12:16:10 AM AEST,22.5,nan,nan,nan,nan,nan,nan,nan,nan,nan,nan,nan
27-Feb-25 12:17:00 AM AEST,nan,93.3,21.4,nan,nan,nan,143.70,0.05,1.20,0.50,143.90,nan
27-Feb-25 12:18:00 AM AEST,nan,nan,21.3,nan,nan,nan,143.60,0.00,0.00,0.00,0.00,nan
27-Feb-25 12:19:00 AM AEST,nan,93.5,21.4,nan,nan,nan,143.70,nan,nan,nan,nan,nan
27-Feb-25 12:20:00 AM AEST,nan,nan,nan,nan,nan,nan,143.60,0.01,1.20,0.10,145.30,nan
27-Feb-25 12:21:00 AM AEST,22.6,nan,nan,nan,nan,nan,143.70,0.21,2.40,2.10,143.70,nan
27-Feb-25 12:22:00 AM AEST,nan,nan,21.5,nan,nan,nan,143.60,0.12,nan,1.20,nan,nan
27-Feb-25 12:23:00 AM AEST,22.7,nan,nan,nan,nan,nan,nan,0.04,1.20,0.40,144.10,nan
27-Feb-25 12:24:00 AM AEST,nan,93.7,21.6,nan,nan,nan,143.70,0.00,0.00,0.00,0.00,nan
27-Feb-25 12:25:00 AM AEST,nan,nan,nan,nan,nan,nan,143.60,nan,nan,nan,nan,nan
27-Feb-25 12:26:00 AM AEST,nan,93.5,nan,nan,nan,nan,nan,0.01,1.20,0.10,143.80,nan
27-Feb-25 12:27:00 AM AEST,nan,93.7,nan,nan,nan,nan,143.70,0.11,2.40,1.10,143.70,nan
27-Feb-25 12:28:00 AM AEST,nan,93.5,nan,nan,nan,nan,nan,0.24,3.50,2.40,nan,nan
27-Feb-25 12:29:00 AM AEST,22.8,93.7,nan,nan,nan,nan,143.60,0.11,4.70,1.10,nan,nan
27-Feb-25 12:30:00 AM AEST,nan,nan,21.8,nan,nan,nan,nan,0.05,2.40,0.50,144.00,nan
27-Feb-25 12:30:05 AM AEST,22.9,nan,nan,nan,nan,nan,nan,nan,nan,nan,nan,nan
27-Feb-25 12:31:00 AM AEST,nan,nan,nan,nan,nan,nan,143.70,nan,1.20,nan,143.90,nan
27-Feb-25 12:32:00 AM AEST,nan,nan,nan,nan,nan,nan,143.60,0.02,nan,0.20,144.10,nan
27-Feb-25 12:33:00 AM AEST,nan,nan,nan,nan,nan,nan,nan,0.08,2.40,0.80,143.60,nan
27-Feb-25 12:34:00 AM AEST,nan,nan,nan,nan,nan,nan,143.70,0.17,3.50,1.70,143.80,nan
27-Feb-25 12:35:00 AM AEST,23.0,93.5,21.9,nan,nan,nan,143.60,0.25,nan,2.50,143.70,nan
27-Feb-25 12:36:00 AM AEST,nan,93.8,nan,nan,nan,nan,143.70,0.01,1.20,0.10,143.80,nan
27-Feb-25 12:37:00 AM AEST,nan,93.7,nan,nan,nan,nan,143.60,0.00,0.00,0.00,0.00,nan
27-Feb-25 12:38:00 AM AEST,nan,93.5,22.0,nan,nan,nan,143.70,0.04,1.20,0.40,143.40,nan
27-Feb-25 12:39:00 AM AEST,23.1,93.8,21.9,nan,nan,nan,143.60,0.18,3.50,1.80,143.80,nan
27-Feb-25 12:40:00 AM AEST,nan,93.7,22.1,nan,nan,nan,28.60,0.48,8.30,3.10,4.50,nan
27-Feb-25 12:40:05 AM AEST,23.3,nan,nan,nan,nan,nan,nan,nan,nan,nan,nan,nan
27-Feb-25 12:41:00 AM AEST,nan,93.8,22.3,nan,nan,nan,299.00,0.27,nan,2.70,305.10,nan
27-Feb-25 12:41:10 AM AEST,23.5,nan,nan,nan,nan,nan,nan,nan,nan,nan,nan,nan
27-Feb-25 12:42:00 AM AEST,nan,93.7,22.4,nan,nan,nan,333.40,0.25,3.50,2.10,338.60,nan
27-Feb-25 12:42:15 AM AEST,23.6,nan,nan,nan,nan,nan,nan,nan,nan,nan,nan,nan
27-Feb-25 12:43:00 AM AEST,nan,nan,22.5,nan,nan,nan,348.60,0.61,11.80,6.00,340.80,nan
27-Feb-25 12:43:20 AM AEST,23.7,nan,nan,nan,nan,nan,nan,nan,nan,nan,nan,nan
27-Feb-25 12:44:00 AM AEST,nan,93.3,22.6,nan,nan,nan,336.30,0.59,10.60,5.70,337.30,0.80
27-Feb-25 12:44:25 AM AEST,24.0,nan,nan,nan,nan,nan,nan,nan,nan,nan,nan,nan
27-Feb-25 12:44:25 AM AEST,24.2,nan,nan,nan,nan,nan,nan,nan,nan,nan,nan,nan
27-Feb-25 12:45:00 AM AEST,nan,nan,22.8,nan,nan,nan,24.90,0.50,8.30,4.50,26.70,0.00
27-Feb-25 12:45:30 AM AEST,24.3,nan,nan,nan,nan,nan,nan,nan,nan,nan,nan,nan
27-Feb-25 12:46:00 AM AEST,nan,92.8,23.0,nan,nan,nan,37.20,0.33,4.70,3.20,37.80,nan
27-Feb-25 12:46:35 AM AEST,24.4,nan,nan,nan,nan,nan,nan,nan,nan,nan,nan,nan
27-Feb-25 12:47:00 AM AEST,nan,92.2,23.1,nan,nan,nan,332.00,0.68,10.60,6.30,328.90,nan
27-Feb-25 12:47:40 AM AEST,24.5,nan,nan,nan,nan,nan,nan,nan,nan,nan,nan,nan
27-Feb-25 12:48:00 AM AEST,nan,91.5,23.0,nan,nan,nan,322.50,0.63,nan,6.20,318.70,nan
27-Feb-25 12:49:00 AM AEST,nan,90.7,23.1,nan,nan,nan,328.40,0.05,2.40,0.50,328.40,nan
27-Feb-25 12:50:00 AM AEST,24.6,90.0,22.9,nan,nan,nan,347.00,0.38,5.90,3.60,351.70,nan
27-Feb-25 12:51:00 AM AEST,nan,89.2,22.8,nan,nan,nan,342.90,0.34,nan,2.80,333.90,nan
27-Feb-25 12:52:00 AM AEST,24.7,88.7,22.7,nan,nan,nan,358.80,0.35,nan,3.00,350.50,nan
27-Feb-25 12:53:00 AM AEST,nan,88.2,nan,nan,nan,nan,13.90,0.21,3.50,2.10,13.90,nan
27-Feb-25 12:54:00 AM AEST,24.8,87.7,22.6,nan,nan,nan,14.00,0.15,nan,1.50,nan,nan
27-Feb-25 12:55:00 AM AEST,nan,87.2,nan,nan,nan,nan,nan,0.20,4.70,2.00,14.00,nan
27-Feb-25 12:56:00 AM AEST,24.9,86.8,22.5,nan,nan,nan,14.40,0.14,2.40,1.40,14.40,nan
27-Feb-25 12:57:00 AM AEST,nan,86.7,nan,nan,nan,nan,14.30,0.01,1.20,0.10,14.00,nan
27-Feb-25 12:58:00 AM AEST,24.8,nan,nan,nan,nan,nan,358.80,0.24,7.10,2.20,339.60,nan
27-Feb-25 12:59:00 AM AEST,nan,86.3,nan,nan,nan,nan,326.90,0.57,9.50,5.70,327.20,nan
27-Feb-25 1:00:00 AM AEST,25.0,86.0,22.4,nan,nan,nan,38.50,0.34,5.90,3.20,40.70,nan
27-Feb-25 1:00:01 AM AEST,nan,nan,nan,nan,nan,0.01,nan,nan,nan,nan,nan,nan
27-Feb-25 1:01:00 AM AEST,nan,85.8,22.5,nan,nan,nan,47.60,0.06,2.40,0.60,47.40,nan
27-Feb-25 1:02:00 AM AEST,nan,85.5,nan,nan,nan,nan,nan,0.21,4.70,2.10,47.60,nan
27-Feb-25 1:03:00 AM AEST,25.1,85.3,22.4,nan,nan,nan,336.30,0.31,8.30,3.00,336.10,nan
27-Feb-25 1:04:00 AM AEST,nan,85.0,nan,nan,nan,nan,329.90,nan,7.10,3.10,329.50,nan
27-Feb-25 1:05:00 AM AEST,25.2,84.7,nan,nan,nan,nan,28.00,0.51,nan,4.10,23.30,nan
27-Feb-25 1:06:00 AM AEST,nan,84.3,nan,nan,nan,nan,338.60,0.26,nan,2.60,338.70,nan
27-Feb-25 1:06:05 AM AEST,25.3,nan,nan,nan,nan,nan,nan,nan,nan,nan,nan,nan
27-Feb-25 1:07:00 AM AEST,nan,84.2,nan,nan,nan,nan,2.90,0.35,4.70,3.50,4.00,nan
27-Feb-25 1:08:00 AM AEST,nan,83.8,nan,nan,nan,nan,7.80,0.15,2.40,1.50,7.70,nan
27-Feb-25 1:09:00 AM AEST,nan,83.7,nan,nan,nan,nan,7.90,nan,nan,nan,7.90,nan
27-Feb-25 1:10:00 AM AEST,nan,83.3,22.3,nan,nan,nan,10.30,0.09,nan,0.90,11.10,nan
27-Feb-25 1:11:00 AM AEST,nan,nan,nan,nan,nan,nan,9.60,0.18,4.70,1.80,7.40,nan
27-Feb-25 1:12:00 AM AEST,25.4,83.2,nan,nan,nan,nan,348.50,0.20,5.90,1.70,325.50,nan
27-Feb-25 1:13:00 AM AEST,nan,83.0,nan,nan,nan,nan,337.40,0.31,4.70,2.80,337.00,nan
27-Feb-25 1:14:00 AM AEST,nan,nan,nan,nan,nan,nan,359.40,0.11,3.50,1.10,359.60,nan
27-Feb-25 1:15:00 AM AEST,nan,82.8,nan,nan,nan,nan,359.30,0.01,1.20,0.10,0.00,nan
27-Feb-25 1:16:00 AM AEST,nan,82.7,nan,nan,nan,nan,334.10,0.54,10.60,5.30,328.50,nan
27-Feb-25 1:17:00 AM AEST,25.6,82.5,nan,nan,nan,nan,304.80,0.67,nan,6.60,307.70,nan
27-Feb-25 1:18:00 AM AEST,nan,82.3,22.4,nan,nan,nan,335.40,0.42,8.30,4.00,334.00,nan
27-Feb-25 1:19:00 AM AEST,nan,82.0,nan,nan,nan,nan,12.40,0.27,5.90,2.60,11.00,nan
27-Feb-25 1:20:00 AM AEST,nan,81.8,22.3,nan,nan,nan,45.80,0.33,4.70,3.20,48.20,nan
27-Feb-25 1:21:00 AM AEST,nan,82.0,nan,nan,nan,nan,338.40,0.62,10.60,5.40,318.00,0.80
27-Feb-25 1:22:00 AM AEST,25.7,81.7,nan,nan,nan,nan,304.90,0.64,9.50,6.40,304.50,0.00
27-Feb-25 1:23:00 AM AEST,nan,81.5,22.4,nan,nan,nan,348.10,0.28,4.70,2.30,359.70,nan
27-Feb-25 1:24:00 AM AEST,25.8,nan,22.3,nan,nan,nan,13.90,0.69,9.50,6.40,11.10,nan
27-Feb-25 1:25:00 AM AEST,nan,81.2,22.4,nan,nan,nan,342.70,0.70,10.60,7.00,342.30,nan
27-Feb-25 1:26:00 AM AEST,nan,81.0,22.3,nan,nan,nan,336.40,0.50,8.30,5.00,335.80,nan
27-Feb-25 1:27:00 AM AEST,nan,80.8,nan,nan,nan,nan,353.40,0.29,5.90,2.80,356.40,nan
27-Feb-25 1:28:00 AM AEST,25.9,80.7,nan,nan,nan,nan,350.30,0.18,3.50,1.80,350.30,nan
27-Feb-25 1:29:00 AM AEST,nan,nan,nan,nan,nan,nan,350.70,0.32,5.90,3.20,350.60,nan
27-Feb-25 1:29:05 AM AEST,25.8,nan,nan,nan,nan,nan,nan,nan,nan,nan,nan,nan
27-Feb-25 1:30:00 AM AEST,nan,80.5,nan,nan,nan,nan,310.30,0.37,nan,3.00,309.60,nan
27-Feb-25 1:30:10 AM AEST,25.9,nan,nan,nan,nan,nan,nan,nan,nan,nan,nan,nan
27-Feb-25 1:31:00 AM AEST,nan,nan,nan,nan,nan,nan,17.00,0.58,9.50,4.40,20.60,nan
27-Feb-25 1:32:00 AM AEST,26.0,80.2,nan,nan,nan,nan,298.20,0.49,8.30,4.60,292.90,nan
27-Feb-25 1:33:00 AM AEST,nan,80.3,nan,nan,nan,nan,28.70,0.41,5.90,3.50,35.80,nan
27-Feb-25 1:34:00 AM AEST,nan,80.0,nan,nan,nan,nan,49.80,0.35,7.10,nan,48.80,nan
27-Feb-25 1:35:00 AM AEST,nan,nan,22.2,nan,nan,nan,50.40,0.24,3.50,2.40,50.40,nan
27-Feb-25 1:36:00 AM AEST,25.9,80.2,nan,nan,nan,nan,nan,0.15,nan,1.50,50.50,nan
27-Feb-25 1:37:00 AM AEST,nan,80.0,nan,nan,nan,nan,50.30,nan,nan,nan,50.40,nan
27-Feb-25 1:38:00 AM AEST,nan,80.2,nan,nan,nan,nan,50.10,0.27,nan,2.70,50.10,nan
27-Feb-25 1:39:00 AM AEST,nan,79.8,nan,nan,nan,nan,324.50,0.52,7.10,4.90,319.50,nan
27-Feb-25 1:40:00 AM AEST,nan,80.0,nan,nan,nan,nan,71.10,0.37,5.90,2.10,73.80,nan
27-Feb-25 1:41:00 AM AEST,26.0,nan,nan,nan,nan,nan,36.40,0.38,7.10,3.40,41.80,nan
27-Feb-25 1:42:00 AM AEST,nan,79.8,nan,nan,nan,nan,26.20,0.02,1.20,0.20,26.60,nan
27-Feb-25 1:42:05 AM AEST,25.9,nan,nan,nan,nan,nan,nan,nan,nan,nan,nan,nan
27-Feb-25 1:43:00 AM AEST,nan,nan,nan,nan,nan,nan,nan,0.00,0.00,0.00,0.00,nan
27-Feb-25 1:44:00 AM AEST,nan,nan,22.1,nan,nan,nan,nan,0.03,1.20,0.30,25.90,nan
27-Feb-25 1:45:00 AM AEST,nan,79.5,22.2,nan,nan,nan,nan,0.00,0.00,0.00,0.00,nan
27-Feb-25 1:46:00 AM AEST,nan,79.7,22.1,nan,nan,nan,350.10,0.12,3.50,1.10,314.70,nan
27-Feb-25 1:47:00 AM AEST,nan,nan,nan,nan,nan,nan,320.90,0.30,5.90,2.50,328.10,nan
27-Feb-25 1:48:00 AM AEST,nan,nan,nan,nan,nan,nan,14.90,0.24,3.50,2.40,14.90,nan
27-Feb-25 1:49:00 AM AEST,26.0,79.5,nan,nan,nan,nan,306.00,0.49,7.10,4.20,299.10,nan
27-Feb-25 1:50:00 AM AEST,nan,79.3,22.2,nan,nan,nan,297.70,0.33,5.90,3.10,300.50,nan
27-Feb-25 1:51:00 AM AEST,nan,79.2,22.1,nan,nan,nan,327.20,0.21,3.50,2.10,327.30,nan
27-Feb-25 1:52:00 AM AEST,nan,79.3,nan,nan,nan,nan,nan,0.24,nan,2.40,327.10,nan
27-Feb-25 1:53:00 AM AEST,nan,79.5,nan,nan,nan,nan,nan,0.12,2.40,1.20,327.30,nan
27-Feb-25 1:54:00 AM AEST,25.9,79.7,22.2,nan,nan,nan,nan,0.00,0.00,0.00,0.00,nan
27-Feb-25 1:55:00 AM AEST,nan,nan,22.1,nan,nan,nan,nan,nan,nan,nan,nan,nan
27-Feb-25 1:57:00 AM AEST,nan,79.8,nan,nan,nan,nan,nan,0.08,1.20,0.80,327.10,nan
27-Feb-25 1:58:00 AM AEST,nan,80.3,nan,nan,nan,nan,nan,0.13,2.40,1.30,327.30,0.80
27-Feb-25 1:59:00 AM AEST,25.8,80.2,22.2,nan,nan,nan,nan,0.11,3.50,1.10,327.00,0.00
27-Feb-25 2:00:00 AM AEST,nan,80.3,nan,nan,nan,nan,327.10,0.06,2.40,0.60,327.10,nan
27-Feb-25 2:00:02 AM AEST,nan,nan,nan,nan,nan,65.53,nan,nan,nan,nan,nan,nan
27-Feb-25 2:01:00 AM AEST,nan,81.0,nan,nan,nan,nan,nan,0.01,1.20,0.10,325.30,nan
27-Feb-25 2:02:00 AM AEST,25.7,nan,22.3,nan,nan,nan,327.20,0.14,2.40,1.40,327.30,nan
27-Feb-25 2:03:00 AM AEST,nan,81.3,22.2,nan,nan,nan,nan,0.17,nan,1.70,327.10,nan
27-Feb-25 2:04:00 AM AEST,25.5,81.5,nan,nan,nan,nan,nan,0.25,3.50,2.50,327.20,6552.60
27-Feb-25 2:05:00 AM AEST,nan,81.3,22.1,nan,nan,nan,nan,0.26,nan,2.60,nan,nan
27-Feb-25 2:06:00 AM AEST,25.6,81.2,nan,nan,nan,nan,327.10,0.05,2.40,0.50,327.00,nan
27-Feb-25 2:07:00 AM AEST,nan,81.5,nan,nan,nan,nan,327.20,0.00,0.00,0.00,0.00,nan
27-Feb-25 2:08:00 AM AEST,25.5,81.8,22.2,nan,nan,nan,nan,0.01,1.20,0.10,330.30,0.00
27-Feb-25 2:09:00 AM AEST,nan,82.0,nan,nan,nan,nan,327.10,0.02,nan,0.20,326.60,nan
27-Feb-25 2:10:00 AM AEST,25.4,82.2,nan,nan,nan,nan,327.20,0.00,0.00,0.00,0.00,nan
27-Feb-25 2:12:00 AM AEST,nan,82.5,22.1,nan,nan,nan,327.10,0.01,1.20,0.10,330.30,nan
27-Feb-25 2:13:00 AM AEST,nan,82.7,22.2,nan,nan,nan,327.20,0.00,0.00,0.00,0.00,nan
27-Feb-25 2:14:00 AM AEST,25.3,nan,nan,nan,nan,nan,327.10,0.10,2.40,1.00,327.00,nan
27-Feb-25 2:15:00 AM AEST,nan,82.8,nan,nan,nan,nan,nan,0.07,nan,0.60,326.80,nan
27-Feb-25 2:16:00 AM AEST,nan,83.0,nan,nan,nan,nan,327.20,0.00,0.00,0.00,0.00,nan
27-Feb-25 2:17:00 AM AEST,nan,83.2,nan,nan,nan,nan,nan,0.01,1.20,0.10,325.30,nan
27-Feb-25 2:18:00 AM AEST,25.2,83.7,nan,nan,nan,nan,nan,0.04,nan,0.40,327.00,nan
27-Feb-25 2:19:00 AM AEST,nan,84.0,22.3,nan,nan,nan,nan,0.07,nan,0.70,327.10,nan
27-Feb-25 2:20:00 AM AEST,nan,84.2,nan,nan,nan,nan,326.80,0.13,3.50,1.30,326.10,nan
27-Feb-25 2:21:00 AM AEST,nan,84.3,nan,nan,nan,nan,325.80,0.24,nan,2.40,325.90,nan
27-Feb-25 2:22:00 AM AEST,nan,nan,nan,nan,nan,nan,nan,0.04,2.40,0.40,325.50,nan
27-Feb-25 2:23:00 AM AEST,25.1,nan,nan,nan,nan,nan,nan,0.02,1.20,0.20,326.10,nan
27-Feb-25 2:24:00 AM AEST,nan,84.5,nan,nan,nan,nan,nan,0.14,2.40,1.40,325.80,nan
27-Feb-25 2:25:00 AM AEST,nan,84.0,nan,nan,nan,nan,nan,0.07,nan,0.70,nan,nan
27-Feb-25 2:26:00 AM AEST,nan,nan,22.2,nan,nan,nan,nan,0.03,1.20,0.30,325.90,nan
27-Feb-25 2:27:00 AM AEST,25.2,84.2,nan,nan,nan,nan,326.80,0.12,2.40,1.20,326.90,nan
27-Feb-25 2:28:00 AM AEST,nan,83.8,22.3,nan,nan,nan,327.30,0.18,nan,1.80,327.40,nan
27-Feb-25 2:29:00 AM AEST,25.3,83.5,nan,nan,nan,nan,25.20,0.34,5.90,3.30,26.10,nan
27-Feb-25 2:30:00 AM AEST,nan,83.0,nan,nan,nan,nan,31.90,0.11,2.40,1.10,31.90,nan
27-Feb-25 2:30:05 AM AEST,25.4,nan,nan,nan,nan,nan,nan,nan,nan,nan,nan,nan
27-Feb-25 2:31:00 AM AEST,nan,82.7,nan,nan,nan,nan,nan,0.19,3.50,1.90,nan,nan
27-Feb-25 2:32:00 AM AEST,nan,82.8,nan,nan,nan,nan,nan,0.14,2.40,1.40,nan,nan
27-Feb-25 2:33:00 AM AEST,25.5,82.5,nan,nan,nan,nan,340.50,0.30,3.50,2.70,338.90,nan
27-Feb-25 2:34:00 AM AEST,nan,nan,nan,nan,nan,nan,338.90,0.12,2.40,1.20,338.80,nan
27-Feb-25 2:34:05 AM AEST,25.4,nan,nan,nan,nan,nan,nan,nan,nan,nan,nan,nan
27-Feb-25 2:35:00 AM AEST,nan,82.7,22.2,nan,nan,nan,338.80,0.07,1.20,0.70,nan,nan
27-Feb-25 2:36:00 AM AEST,nan,nan,22.3,nan,nan,nan,nan,0.00,0.00,0.00,0.00,nan
27-Feb-25 2:37:00 AM AEST,nan,82.8,nan,nan,nan,nan,nan,nan,nan,nan,nan,nan
27-Feb-25 2:38:00 AM AEST,nan,83.0,nan,nan,nan,nan,nan,nan,nan,nan,nan,6552.60
27-Feb-25 2:39:00 AM AEST,25.3,83.3,nan,nan,nan,nan,338.90,0.08,3.50,0.80,338.80,0.00
27-Feb-25 2:40:00 AM AEST,nan,83.5,nan,nan,nan,nan,338.80,0.19,nan,1.90,nan,nan
27-Feb-25 2:41:00 AM AEST,nan,83.8,nan,nan,nan,nan,nan,0.00,1.20,0.00,0.00,nan
27-Feb-25 2:42:00 AM AEST,25.2,nan,nan,nan,nan,nan,nan,nan,0.00,nan,nan,nan
27-Feb-25 2:43:00 AM AEST,nan,nan,nan,nan,nan,nan,nan,0.01,1.20,0.10,340.50,6552.60
27-Feb-25 2:44:00 AM AEST,nan,84.2,nan,nan,nan,nan,nan,0.00,0.00,0.00,0.00,0.00
27-Feb-25 2:45:00 AM AEST,nan,84.5,nan,nan,nan,nan,nan,nan,nan,nan,nan,nan
27-Feb-25 2:46:00 AM AEST,25.1,84.7,22.4,nan,nan,nan,338.70,nan,nan,nan,nan,nan
27-Feb-25 2:47:00 AM AEST,nan,nan,nan,nan,nan,nan,338.80,nan,nan,nan,nan,nan
27-Feb-25 2:48:00 AM AEST,nan,nan,22.3,nan,nan,nan,338.10,0.02,2.40,0.20,334.50,nan
27-Feb-25 2:49:00 AM AEST,25.2,84.3,22.4,nan,nan,nan,85.90,0.28,5.90,2.70,83.90,nan
27-Feb-25 2:50:00 AM AEST,nan,83.8,22.3,nan,nan,nan,90.20,0.08,2.40,0.80,90.30,nan
27-Feb-25 2:51:00 AM AEST,25.3,83.7,nan,nan,nan,nan,97.10,0.22,4.70,2.10,102.50,nan
27-Feb-25 2:52:00 AM AEST,nan,83.8,nan,nan,nan,nan,156.60,0.29,5.90,2.90,156.30,nan
27-Feb-25 2:53:00 AM AEST,nan,84.0,22.4,nan,nan,nan,157.00,0.08,2.40,0.80,157.30,nan
27-Feb-25 2:54:00 AM AEST,nan,nan,nan,nan,nan,nan,nan,0.00,0.00,0.00,0.00,6552.60
27-Feb-25 2:55:00 AM AEST,nan,83.8,nan,nan,nan,nan,nan,nan,nan,nan,nan,0.00
27-Feb-25 2:56:00 AM AEST,nan,83.7,22.3,nan,nan,nan,nan,0.01,1.20,0.10,158.20,nan
27-Feb-25 2:57:00 AM AEST,nan,83.5,nan,nan,nan,nan,156.80,0.12,2.40,1.20,156.80,6552.60
27-Feb-25 2:58:00 AM AEST,nan,nan,nan,nan,nan,nan,156.60,0.21,3.50,2.10,156.70,0.00
27-Feb-25 2:59:00 AM AEST,nan,83.8,nan,nan,nan,nan,nan,0.07,2.40,0.70,156.90,nan
27-Feb-25 3:00:00 AM AEST,nan,84.3,nan,nan,nan,nan,nan,0.00,0.00,0.00,0.00,nan
27-Feb-25 3:00:03 AM AEST,nan,nan,nan,nan,nan,0.00,nan,nan,nan,nan,nan,nan
27-Feb-25 3:01:00 AM AEST,nan,84.2,22.4,nan,nan,nan,nan,nan,nan,nan,nan,6552.60
27-Feb-25 3:02:00 AM AEST,25.2,84.3,nan,nan,nan,nan,151.20,0.28,5.90,2.80,147.10,nan
27-Feb-25 3:03:00 AM AEST,nan,84.0,nan,nan,nan,nan,132.10,0.20,3.50,2.00,132.20,nan
27-Feb-25 3:03:05 AM AEST,25.3,nan,nan,nan,nan,nan,nan,nan,nan,nan,nan,nan
27-Feb-25 3:04:00 AM AEST,nan,83.8,nan,nan,nan,nan,132.50,0.14,nan,1.40,132.60,0.00
27-Feb-25 3:05:00 AM AEST,nan,nan,22.3,nan,nan,nan,nan,0.01,1.20,0.10,132.50,nan
27-Feb-25 3:06:00 AM AEST,nan,83.7,nan,nan,nan,nan,nan,0.00,0.00,0.00,0.00,6552.60
27-Feb-25 3:07:00 AM AEST,nan,nan,nan,nan,nan,nan,nan,0.01,1.20,0.10,132.50,0.00
27-Feb-25 3:08:00 AM AEST,nan,83.5,nan,nan,nan,nan,8.40,0.47,10.60,3.40,334.20,nan
27-Feb-25 3:09:00 AM AEST,25.5,83.2,nan,nan,nan,nan,22.20,0.57,8.30,4.90,24.80,nan
27-Feb-25 3:10:00 AM AEST,nan,82.8,22.4,nan,nan,nan,345.20,0.46,10.60,2.70,319.80,nan
27-Feb-25 3:10:05 AM AEST,25.6,nan,nan,nan,nan,nan,nan,nan,nan,nan,nan,nan
27-Feb-25 3:11:00 AM AEST,nan,82.5,nan,nan,nan,nan,351.10,0.57,13.00,4.00,322.60,nan
27-Feb-25 3:11:10 AM AEST,25.7,nan,nan,nan,nan,nan,nan,nan,nan,nan,nan,nan
27-Feb-25 3:12:00 AM AEST,nan,82.0,22.5,nan,nan,nan,29.40,0.03,2.40,0.30,29.10,nan
27-Feb-25 3:13:00 AM AEST,nan,81.8,22.4,nan,nan,nan,25.10,0.02,nan,0.20,338.60,6552.60
27-Feb-25 3:14:00 AM AEST,nan,81.5,nan,nan,nan,nan,315.20,0.31,5.90,3.10,315.10,0.00
27-Feb-25 3:15:00 AM AEST,nan,nan,22.3,nan,nan,nan,317.60,0.22,3.50,2.20,317.60,nan
27-Feb-25 3:16:00 AM AEST,25.8,81.3,nan,nan,nan,nan,317.50,0.04,2.40,0.40,317.80,nan
27-Feb-25 3:17:00 AM AEST,nan,nan,nan,nan,nan,nan,308.90,0.13,3.50,1.30,309.20,nan
27-Feb-25 3:17:05 AM AEST,25.7,nan,nan,nan,nan,nan,nan,nan,nan,nan,nan,nan
27-Feb-25 3:18:00 AM AEST,nan,81.2,nan,nan,nan,nan,306.80,0.08,2.40,0.80,306.70,nan
27-Feb-25 3:18:10 AM AEST,25.8,nan,nan,nan,nan,nan,nan,nan,nan,nan,nan,nan
27-Feb-25 3:19:00 AM AEST,nan,nan,nan,nan,nan,nan,338.20,0.25,3.50,2.50,338.20,nan
27-Feb-25 3:20:00 AM AEST,nan,81.0,nan,nan,nan,nan,338.50,0.17,nan,1.70,338.40,nan
27-Feb-25 3:21:00 AM AEST,nan,81.2,nan,nan,nan,nan,332.60,0.22,5.90,2.10,325.30,nan
27-Feb-25 3:22:00 AM AEST,nan,80.8,nan,nan,nan,nan,309.30,0.27,4.70,2.60,310.20,nan
27-Feb-25 3:23:00 AM AEST,nan,81.3,nan,nan,nan,nan,35.80,0.40,5.90,4.00,36.30,nan
27-Feb-25 3:24:00 AM AEST,nan,81.0,22.4,nan,nan,nan,37.00,0.32,4.70,3.20,36.90,nan
27-Feb-25 3:25:00 AM AEST,25.9,nan,22.3,nan,nan,nan,341.50,0.19,nan,1.90,341.50,nan
27-Feb-25 3:26:00 AM AEST,nan,80.8,nan,nan,nan,nan,341.80,0.07,3.50,0.70,343.10,nan
27-Feb-25 3:26:05 AM AEST,25.8,nan,nan,nan,nan,nan,nan,nan,nan,nan,nan,nan
27-Feb-25 3:27:00 AM AEST,nan,nan,nan,nan,nan,nan,3.40,0.32,4.70,3.20,3.30,nan
27-Feb-25 3:27:10 AM AEST,25.9,nan,nan,nan,nan,nan,nan,nan,nan,nan,nan,nan
27-Feb-25 3:28:00 AM AEST,nan,80.7,nan,nan,nan,nan,nan,0.21,3.50,2.10,nan,nan
27-Feb-25 3:29:00 AM AEST,nan,nan,nan,nan,nan,nan,3.50,0.02,1.20,0.20,3.50,nan
27-Feb-25 3:30:00 AM AEST,nan,nan,nan,nan,nan,nan,3.40,0.01,nan,0.10,1.70,nan
27-Feb-25 3:31:00 AM AEST,nan,nan,nan,nan,nan,nan,nan,0.00,0.00,0.00,0.00,nan
27-Feb-25 3:32:00 AM AEST,nan,nan,nan,nan,nan,nan,nan,nan,nan,nan,nan,0.80
27-Feb-25 3:33:00 AM AEST,nan,80.8,nan,nan,nan,nan,nan,0.02,1.20,0.20,2.30,0.00
27-Feb-25 3:34:00 AM AEST,nan,nan,22.4,nan,nan,nan,nan,0.11,2.40,1.10,3.30,nan
27-Feb-25 3:35:00 AM AEST,nan,nan,22.3,nan,nan,nan,3.50,0.02,1.20,0.20,3.50,nan
27-Feb-25 3:36:00 AM AEST,nan,nan,nan,nan,nan,nan,3.40,0.15,2.40,1.50,3.30,nan
27-Feb-25 3:37:00 AM AEST,nan,81.0,nan,nan,nan,nan,3.00,0.17,7.10,1.60,1.60,nan
27-Feb-25 3:38:00 AM AEST,nan,nan,nan,nan,nan,nan,313.40,0.39,nan,2.80,330.20,nan
27-Feb-25 3:39:00 AM AEST,nan,nan,22.4,nan,nan,nan,337.70,0.68,10.60,6.20,332.10,nan
27-Feb-25 3:40:00 AM AEST,nan,81.2,22.3,nan,nan,nan,336.80,0.64,nan,5.40,334.10,nan
27-Feb-25 3:41:00 AM AEST,nan,nan,22.4,nan,nan,nan,331.70,0.28,4.70,2.60,334.00,nan
27-Feb-25 3:42:00 AM AEST,nan,81.5,nan,nan,nan,nan,296.30,0.30,5.90,2.90,297.00,nan
27-Feb-25 3:43:00 AM AEST,nan,81.3,22.5,nan,nan,nan,321.60,0.60,10.60,5.30,318.40,nan
27-Feb-25 3:44:00 AM AEST,25.8,nan,22.4,nan,nan,nan,312.40,0.49,8.30,4.10,305.80,nan
27-Feb-25 3:45:00 AM AEST,nan,nan,nan,nan,nan,nan,38.50,0.45,5.90,4.30,37.60,nan
27-Feb-25 3:46:00 AM AEST,nan,nan,nan,nan,nan,nan,12.20,0.59,10.60,4.70,15.60,nan
27-Feb-25 3:47:00 AM AEST,nan,81.5,nan,nan,nan,nan,5.50,0.17,3.50,1.70,5.40,nan
27-Feb-25 3:48:00 AM AEST,nan,nan,nan,nan,nan,nan,324.40,0.23,4.70,1.90,313.90,nan
27-Feb-25 3:49:00 AM AEST,nan,81.3,nan,nan,nan,nan,288.70,0.11,2.40,1.10,288.70,nan
27-Feb-25 3:50:00 AM AEST,25.7,81.7,22.3,nan,nan,nan,nan,0.16,nan,1.60,288.60,nan
27-Feb-25 3:51:00 AM AEST,nan,nan,22.4,nan,nan,nan,288.60,0.24,4.70,2.40,nan,nan
27-Feb-25 3:52:00 AM AEST,nan,nan,22.3,nan,nan,nan,288.70,0.01,1.20,0.10,289.50,nan
27-Feb-25 3:53:00 AM AEST,nan,81.8,nan,nan,nan,nan,336.70,0.29,5.90,1.90,14.60,nan
27-Feb-25 3:54:00 AM AEST,25.6,82.0,nan,nan,nan,nan,39.60,0.11,4.70,1.10,39.70,nan
27-Feb-25 3:55:00 AM AEST,nan,81.8,nan,nan,nan,nan,29.90,0.17,7.10,1.50,2.50,nan
27-Feb-25 3:56:00 AM AEST,nan,82.0,22.2,nan,nan,nan,358.70,0.46,5.90,4.50,359.10,nan
27-Feb-25 3:57:00 AM AEST,25.5,81.8,22.3,nan,nan,nan,325.60,0.38,7.10,3.80,326.60,nan
27-Feb-25 3:58:00 AM AEST,nan,nan,22.2,nan,nan,nan,323.00,0.31,4.70,3.10,323.10,nan
27-Feb-25 3:59:00 AM AEST,nan,nan,nan,nan,nan,nan,358.40,0.39,7.10,3.80,358.20,nan
27-Feb-25 4:00:00 AM AEST,nan,nan,nan,nan,nan,nan,5.80,0.17,3.50,1.70,5.80,nan
27-Feb-25 4:00:04 AM AEST,nan,nan,nan,nan,nan,65.53,nan,nan,nan,nan,nan,nan
27-Feb-25 4:01:00 AM AEST,nan,82.0,nan,nan,nan,nan,5.90,0.19,4.70,2.00,nan,nan
27-Feb-25 4:02:00 AM AEST,nan,81.8,nan,nan,nan,nan,6.00,0.18,3.50,1.80,5.90,nan
27-Feb-25 4:03:00 AM AEST,25.6,82.0,nan,nan,nan,nan,5.90,0.11,4.70,1.10,5.80,nan
27-Feb-25 4:04:00 AM AEST,nan,81.8,22.3,nan,nan,nan,44.60,0.48,7.10,4.70,44.00,nan
27-Feb-25 4:04:05 AM AEST,25.5,nan,nan,nan,nan,nan,nan,nan,nan,nan,nan,nan
27-Feb-25 4:05:00 AM AEST,nan,82.0,22.1,nan,nan,nan,51.40,0.31,5.90,3.10,51.30,nan
27-Feb-25 4:06:00 AM AEST,nan,nan,22.2,nan,nan,nan,51.20,0.04,1.20,0.40,51.00,nan
27-Feb-25 4:07:00 AM AEST,nan,nan,nan,nan,nan,nan,nan,0.00,0.00,0.00,0.00,nan
27-Feb-25 4:08:00 AM AEST,nan,nan,nan,nan,nan,nan,51.30,nan,nan,nan,nan,nan
27-Feb-25 4:09:00 AM AEST,25.4,82.2,nan,nan,nan,nan,nan,0.01,1.20,0.10,52.40,0.80
27-Feb-25 4:10:00 AM AEST,nan,nan,nan,nan,nan,nan,nan,0.14,2.40,1.40,51.30,0.00
27-Feb-25 4:11:00 AM AEST,nan,82.3,22.1,nan,nan,nan,51.20,0.00,1.20,0.00,0.00,nan
27-Feb-25 4:12:00 AM AEST,nan,82.2,nan,nan,nan,nan,348.70,0.31,5.90,3.10,325.90,nan
27-Feb-25 4:13:00 AM AEST,nan,nan,nan,nan,nan,nan,323.30,0.21,4.70,2.10,323.20,nan
27-Feb-25 4:14:00 AM AEST,25.3,82.3,nan,nan,nan,nan,nan,0.01,1.20,0.10,322.40,nan
27-Feb-25 4:15:00 AM AEST,nan,82.2,nan,nan,nan,nan,323.40,0.00,0.00,0.00,0.00,nan
27-Feb-25 4:16:00 AM AEST,nan,82.5,nan,nan,nan,nan,nan,0.09,2.40,0.90,323.30,nan
27-Feb-25 4:17:00 AM AEST,25.2,82.7,nan,nan,nan,nan,nan,0.01,1.20,0.10,322.40,nan
27-Feb-25 4:18:00 AM AEST,nan,nan,22.0,nan,nan,nan,323.30,0.07,2.40,0.70,323.40,nan
27-Feb-25 4:19:00 AM AEST,nan,82.8,nan,nan,nan,nan,323.40,0.04,1.20,0.40,322.80,nan
27-Feb-25 4:20:00 AM AEST,nan,82.7,22.1,nan,nan,nan,nan,0.01,2.40,0.10,325.30,nan
27-Feb-25 4:21:00 AM AEST,25.1,83.0,22.0,nan,nan,nan,nan,0.11,nan,1.10,323.20,nan
27-Feb-25 4:22:00 AM AEST,nan,nan,nan,nan,nan,nan,nan,0.00,0.00,0.00,0.00,nan
27-Feb-25 4:22:05 AM AEST,25.0,nan,nan,nan,nan,nan,nan,nan,nan,nan,nan,nan
27-Feb-25 4:23:00 AM AEST,nan,83.3,21.9,nan,nan,nan,323.20,0.19,3.50,1.90,323.10,nan
27-Feb-25 4:24:00 AM AEST,24.9,83.7,22.0,nan,nan,nan,323.30,0.11,nan,1.10,323.30,nan
27-Feb-25 4:25:00 AM AEST,nan,83.8,nan,nan,nan,nan,323.40,0.01,1.20,0.10,322.40,nan
27-Feb-25 4:25:05 AM AEST,25.0,nan,nan,nan,nan,nan,nan,nan,nan,nan,nan,nan
27-Feb-25 4:26:00 AM AEST,nan,84.2,nan,nan,nan,nan,nan,0.00,0.00,0.00,0.00,nan
27-Feb-25 4:26:10 AM AEST,24.9,nan,nan,nan,nan,nan,nan,nan,nan,nan,nan,nan
27-Feb-25 4:28:00 AM AEST,24.8,nan,nan,nan,nan,nan,nan,nan,nan,nan,nan,nan
27-Feb-25 4:29:00 AM AEST,nan,84.3,21.9,nan,nan,nan,nan,0.02,1.20,0.20,323.00,nan
27-Feb-25 4:29:05 AM AEST,24.7,nan,nan,nan,nan,nan,nan,nan,nan,nan,nan,nan
27-Feb-25 4:30:00 AM AEST,nan,84.5,nan,nan,nan,nan,nan,0.00,0.00,0.00,0.00,nan
27-Feb-25 4:30:10 AM AEST,24.6,nan,nan,nan,nan,nan,nan,nan,nan,nan,nan,nan
27-Feb-25 4:31:00 AM AEST,nan,84.7,21.8,nan,nan,nan,nan,nan,nan,nan,nan,nan
27-Feb-25 4:32:00 AM AEST,nan,84.8,nan,nan,nan,nan,nan,nan,nan,nan,nan,nan
27-Feb-25 4:33:00 AM AEST,24.5,85.0,21.9,nan,nan,nan,nan,0.07,2.40,0.60,323.40,nan
27-Feb-25 4:34:00 AM AEST,nan,85.2,21.8,nan,nan,nan,nan,0.27,4.70,2.70,323.30,nan
27-Feb-25 4:34:05 AM AEST,24.4,nan,nan,nan,nan,nan,nan,nan,nan,nan,nan,nan
27-Feb-25 4:35:00 AM AEST,nan,nan,21.7,nan,nan,nan,nan,0.07,2.40,0.60,nan,nan
27-Feb-25 4:35:10 AM AEST,24.3,nan,nan,nan,nan,nan,nan,nan,nan,nan,nan,nan
27-Feb-25 4:36:00 AM AEST,nan,85.3,nan,nan,nan,nan,323.20,0.02,nan,0.20,322.40,nan
27-Feb-25 4:37:00 AM AEST,nan,nan,nan,nan,nan,nan,322.20,0.30,3.50,3.00,322.20,nan
27-Feb-25 4:38:00 AM AEST,24.2,85.5,21.6,nan,nan,nan,292.80,0.18,nan,1.70,298.10,nan
27-Feb-25 4:39:00 AM AEST,nan,85.7,nan,nan,nan,nan,285.60,0.02,1.20,0.20,284.90,nan
27-Feb-25 4:39:05 AM AEST,24.3,nan,nan,nan,nan,nan,nan,nan,nan,nan,nan,nan
27-Feb-25 4:40:00 AM AEST,nan,85.8,21.7,nan,nan,nan,nan,0.03,nan,0.30,285.40,nan
27-Feb-25 4:41:00 AM AEST,nan,86.0,21.8,nan,nan,nan,nan,0.01,nan,0.10,284.00,nan
27-Feb-25 4:42:00 AM AEST,nan,nan,nan,nan,nan,nan,nan,0.00,0.00,0.00,0.00,nan
27-Feb-25 4:43:00 AM AEST,nan,86.2,nan,nan,nan,nan,nan,nan,nan,nan,nan,nan
27-Feb-25 4:44:00 AM AEST,24.2,86.3,nan,nan,nan,nan,nan,0.14,3.50,1.40,285.40,nan
27-Feb-25 4:45:00 AM AEST,nan,nan,nan,nan,nan,nan,233.10,0.26,4.70,2.30,235.60,nan
27-Feb-25 4:45:05 AM AEST,24.3,nan,nan,nan,nan,nan,nan,nan,nan,nan,nan,nan
27-Feb-25 4:46:00 AM AEST,nan,86.5,21.9,nan,nan,nan,216.80,0.13,2.40,1.30,216.80,0.80
27-Feb-25 4:47:00 AM AEST,24.2,86.3,nan,nan,nan,nan,nan,0.08,1.20,0.80,216.90,0.00
27-Feb-25 4:48:00 AM AEST,nan,86.7,21.8,nan,nan,nan,nan,0.00,0.00,0.00,0.00,nan
27-Feb-25 4:49:00 AM AEST,nan,nan,21.9,nan,nan,nan,nan,0.01,1.20,0.10,217.60,nan
27-Feb-25 4:50:00 AM AEST,24.1,87.0,21.8,nan,nan,nan,nan,0.11,2.40,1.10,216.70,nan
27-Feb-25 4:51:00 AM AEST,nan,nan,nan,nan,nan,nan,nan,0.02,1.20,0.20,216.30,nan
27-Feb-25 4:52:00 AM AEST,24.0,86.8,nan,nan,nan,nan,nan,nan,nan,nan,217.60,nan
27-Feb-25 4:53:00 AM AEST,nan,87.0,21.7,nan,nan,nan,nan,0.09,2.40,0.90,216.70,nan
27-Feb-25 4:54:00 AM AEST,nan,87.2,nan,nan,nan,nan,nan,0.02,1.20,0.20,217.60,nan
27-Feb-25 4:55:00 AM AEST,nan,87.3,nan,nan,nan,nan,nan,0.00,0.00,0.00,0.00,nan
27-Feb-25 4:56:00 AM AEST,23.9,nan,nan,nan,nan,nan,nan,0.01,1.20,0.10,217.60,nan
27-Feb-25 4:57:00 AM AEST,nan,87.5,nan,nan,nan,nan,nan,0.00,0.00,0.00,0.00,nan
27-Feb-25 4:58:00 AM AEST,23.8,87.7,nan,nan,nan,nan,nan,nan,nan,nan,nan,nan
27-Feb-25 5:00:00 AM AEST,nan,nan,21.6,nan,nan,nan,nan,nan,nan,nan,nan,nan
27-Feb-25 5:00:05 AM AEST,nan,nan,nan,nan,nan,65.53,nan,nan,nan,nan,nan,nan
27-Feb-25 5:01:00 AM AEST,23.7,nan,nan,nan,nan,nan,nan,0.08,1.20,0.80,216.70,nan
27-Feb-25 5:02:00 AM AEST,nan,nan,nan,nan,nan,nan,nan,0.07,nan,0.60,nan,nan
27-Feb-25 5:03:00 AM AEST,23.6,88.0,21.5,nan,nan,nan,nan,0.01,nan,0.10,217.60,nan
27-Feb-25 5:04:00 AM AEST,nan,88.2,nan,nan,nan,nan,nan,0.00,0.00,0.00,0.00,nan
27-Feb-25 5:05:00 AM AEST,nan,nan,21.6,nan,nan,nan,nan,0.06,1.20,0.60,217.10,nan
27-Feb-25 5:06:00 AM AEST,nan,88.3,21.5,nan,nan,nan,216.70,0.18,3.50,1.80,216.60,nan
27-Feb-25 5:07:00 AM AEST,nan,nan,nan,nan,nan,nan,216.80,0.05,1.20,0.50,217.10,nan
27-Feb-25 5:08:00 AM AEST,nan,nan,21.6,nan,nan,nan,nan,0.00,0.00,0.00,0.00,nan
27-Feb-25 5:09:00 AM AEST,23.5,88.7,21.5,nan,nan,nan,nan,0.07,2.40,0.70,217.00,nan
27-Feb-25 5:10:00 AM AEST,nan,88.8,nan,nan,nan,nan,nan,0.15,nan,1.50,216.60,nan
27-Feb-25 5:11:00 AM AEST,23.4,88.7,nan,nan,nan,nan,nan,0.00,1.20,0.00,0.00,nan
27-Feb-25 5:12:00 AM AEST,nan,88.8,21.4,nan,nan,nan,nan,nan,0.00,nan,nan,nan
27-Feb-25 5:13:00 AM AEST,nan,89.0,21.5,nan,nan,nan,nan,nan,nan,nan,nan,nan
27-Feb-25 5:16:00 AM AEST,nan,89.2,21.4,nan,nan,nan,nan,nan,nan,nan,nan,nan
27-Feb-25 5:17:00 AM AEST,nan,89.0,21.5,nan,nan,nan,nan,nan,nan,nan,nan,nan
27-Feb-25 5:18:00 AM AEST,23.3,89.3,21.4,nan,nan,nan,nan,nan,nan,nan,nan,nan
27-Feb-25 5:19:00 AM AEST,nan,nan,21.5,nan,nan,nan,nan,nan,nan,nan,nan,nan
27-Feb-25 5:21:00 AM AEST,nan,nan,21.4,nan,nan,nan,nan,nan,nan,nan,nan,nan
27-Feb-25 5:23:00 AM AEST,nan,nan,nan,nan,nan,nan,nan,nan,nan,nan,nan,0.80
27-Feb-25 5:24:00 AM AEST,nan,89.5,nan,nan,nan,nan,nan,0.09,2.40,0.90,216.70,0.00
27-Feb-25 5:25:00 AM AEST,23.2,nan,nan,nan,nan,nan,nan,0.27,4.70,2.70,216.80,nan
27-Feb-25 5:26:00 AM AEST,nan,89.7,21.3,nan,nan,nan,162.60,0.47,5.90,4.10,157.50,nan
27-Feb-25 5:26:05 AM AEST,23.1,nan,nan,nan,nan,nan,nan,nan,nan,nan,nan,nan
27-Feb-25 5:27:00 AM AEST,nan,nan,nan,nan,nan,nan,138.40,0.28,nan,2.80,138.40,nan
27-Feb-25 5:28:00 AM AEST,nan,89.8,nan,nan,nan,nan,nan,0.24,3.50,2.40,nan,nan
27-Feb-25 5:29:00 AM AEST,23.2,90.0,nan,nan,nan,nan,nan,0.11,2.40,1.10,138.50,nan
27-Feb-25 5:30:00 AM AEST,nan,nan,21.4,nan,nan,nan,nan,0.00,0.00,0.00,0.00,nan
27-Feb-25 5:30:05 AM AEST,23.1,nan,nan,nan,nan,nan,nan,nan,nan,nan,nan,nan
27-Feb-25 5:31:00 AM AEST,nan,90.3,nan,nan,nan,nan,nan,0.01,1.20,0.10,137.50,nan
27-Feb-25 5:31:10 AM AEST,23.2,nan,nan,nan,nan,nan,nan,nan,nan,nan,nan,nan
27-Feb-25 5:32:00 AM AEST,nan,90.2,21.5,nan,nan,nan,nan,0.00,0.00,0.00,0.00,nan
27-Feb-25 5:33:00 AM AEST,nan,90.5,nan,nan,nan,nan,138.50,0.06,1.20,0.60,138.40,nan
27-Feb-25 5:34:00 AM AEST,nan,90.3,nan,nan,nan,nan,138.40,0.02,nan,0.20,138.10,nan
27-Feb-25 5:35:00 AM AEST,nan,90.7,nan,nan,nan,nan,nan,0.00,0.00,0.00,0.00,nan
27-Feb-25 5:36:00 AM AEST,nan,90.5,21.6,nan,nan,nan,nan,nan,nan,nan,nan,nan
27-Feb-25 5:37:00 AM AEST,nan,90.8,nan,nan,nan,nan,nan,nan,nan,nan,nan,nan
27-Feb-25 5:39:00 AM AEST,nan,nan,nan,nan,nan,nan,138.50,nan,nan,nan,nan,nan
27-Feb-25 5:40:00 AM AEST,nan,91.0,21.7,nan,nan,nan,138.40,nan,nan,nan,nan,nan
27-Feb-25 5:41:00 AM AEST,23.3,nan,nan,nan,nan,nan,nan,nan,nan,nan,nan,nan
27-Feb-25 5:42:00 AM AEST,nan,91.2,nan,nan,nan,nan,nan,nan,nan,nan,nan,nan
27-Feb-25 5:42:05 AM AEST,23.2,nan,nan,nan,nan,nan,nan,nan,nan,nan,nan,nan
27-Feb-25 5:43:00 AM AEST,nan,91.3,nan,nan,nan,nan,nan,nan,nan,nan,nan,nan
27-Feb-25 5:43:10 AM AEST,23.3,nan,nan,nan,nan,nan,nan,nan,nan,nan,nan,nan
27-Feb-25 5:44:00 AM AEST,nan,91.2,21.8,nan,nan,nan,nan,nan,nan,nan,nan,nan
27-Feb-25 5:44:15 AM AEST,23.2,nan,nan,nan,nan,nan,nan,nan,nan,nan,nan,nan
27-Feb-25 5:45:00 AM AEST,nan,91.3,21.7,nan,nan,nan,nan,nan,nan,nan,nan,nan
27-Feb-25 5:45:20 AM AEST,23.3,nan,nan,nan,nan,nan,nan,nan,nan,nan,nan,nan
27-Feb-25 5:46:00 AM AEST,nan,nan,21.8,nan,nan,nan,138.50,nan,nan,nan,nan,nan
27-Feb-25 5:47:00 AM AEST,nan,91.5,nan,nan,nan,nan,138.40,nan,nan,nan,nan,nan
27-Feb-25 5:48:00 AM AEST,nan,nan,21.9,nan,nan,nan,nan,nan,nan,nan,nan,nan
27-Feb-25 5:49:00 AM AEST,nan,91.3,21.8,nan,nan,nan,nan,nan,nan,nan,nan,nan
27-Feb-25 5:50:00 AM AEST,nan,91.7,nan,nan,nan,nan,nan,nan,nan,nan,nan,nan
27-Feb-25 5:51:00 AM AEST,nan,91.5,21.9,nan,nan,nan,nan,nan,nan,nan,nan,nan
27-Feb-25 5:52:00 AM AEST,23.4,nan,nan,nan,nan,nan,nan,nan,nan,nan,nan,nan
27-Feb-25 5:54:00 AM AEST,nan,nan,nan,nan,nan,nan,138.50,nan,nan,nan,nan,nan
27-Feb-25 5:55:00 AM AEST,nan,nan,nan,nan,nan,nan,138.40,nan,nan,nan,nan,nan
27-Feb-25 5:57:00 AM AEST,nan,nan,22.0,nan,nan,nan,nan,nan,nan,nan,nan,nan
27-Feb-25 5:58:00 AM AEST,nan,nan,21.9,nan,nan,nan,nan,nan,nan,nan,nan,nan
27-Feb-25 5:59:00 AM AEST,23.5,nan,22.0,nan,nan,nan,nan,nan,nan,nan,nan,0.80
27-Feb-25 6:00:00 AM AEST,nan,nan,nan,nan,nan,nan,nan,nan,nan,nan,nan,0.00
27-Feb-25 6:00:05 AM AEST,23.4,nan,nan,nan,nan,nan,nan,nan,nan,nan,nan,nan
27-Feb-25 6:00:06 AM AEST,nan,nan,nan,nan,nan,0.02,nan,nan,nan,nan,nan,nan
27-Feb-25 6:01:00 AM AEST,nan,nan,nan,nan,nan,nan,138.50,nan,nan,nan,nan,nan
27-Feb-25 6:02:00 AM AEST,nan,nan,nan,nan,nan,nan,138.40,nan,nan,nan,nan,nan
27-Feb-25 6:03:00 AM AEST,23.5,nan,nan,nan,nan,nan,nan,nan,nan,nan,nan,nan
27-Feb-25 6:06:00 AM AEST,nan,nan,22.1,nan,nan,nan,nan,nan,nan,nan,nan,nan
27-Feb-25 6:09:00 AM AEST,nan,nan,nan,nan,nan,nan,138.50,nan,nan,nan,nan,nan
27-Feb-25 6:10:00 AM AEST,nan,nan,nan,nan,nan,nan,138.40,nan,nan,nan,nan,nan
27-Feb-25 6:14:00 AM AEST,23.6,nan,nan,nan,nan,nan,nan,nan,nan,nan,nan,nan
27-Feb-25 6:15:00 AM AEST,nan,nan,22.2,nan,nan,nan,138.50,nan,nan,nan,nan,nan
27-Feb-25 6:16:00 AM AEST,23.5,nan,nan,nan,nan,nan,138.40,nan,nan,nan,nan,nan
27-Feb-25 6:17:00 AM AEST,nan,nan,nan,nan,nan,nan,nan,0.01,nan,0.10,138.70,nan
27-Feb-25 6:17:05 AM AEST,23.6,nan,nan,nan,nan,nan,nan,nan,nan,nan,nan,nan
27-Feb-25 6:18:00 AM AEST,nan,nan,nan,nan,nan,nan,nan,0.04,nan,0.40,138.50,nan
27-Feb-25 6:18:10 AM AEST,23.5,nan,nan,nan,nan,nan,nan,nan,nan,nan,nan,nan
27-Feb-25 6:19:00 AM AEST,nan,nan,nan,nan,nan,nan,138.50,0.15,nan,1.50,138.60,nan
27-Feb-25 6:19:15 AM AEST,23.6,nan,nan,nan,nan,nan,nan,nan,nan,nan,nan,nan
27-Feb-25 6:20:00 AM AEST,nan,nan,nan,nan,nan,nan,138.40,0.07,nan,0.70,138.50,nan
27-Feb-25 6:21:00 AM AEST,nan,nan,22.3,nan,nan,nan,nan,0.18,nan,1.80,nan,0.80
27-Feb-25 6:22:00 AM AEST,nan,nan,22.2,nan,nan,nan,nan,0.00,nan,0.00,0.00,nan
27-Feb-25 6:23:00 AM AEST,nan,nan,nan,nan,nan,nan,nan,nan,nan,nan,nan,1.70
27-Feb-25 6:24:00 AM AEST,nan,nan,nan,nan,nan,nan,nan,nan,nan,nan,nan,0.80
27-Feb-25 6:25:00 AM AEST,nan,nan,22.3,nan,nan,nan,nan,nan,nan,nan,nan,0.00
27-Feb-25 6:27:00 AM AEST,nan,nan,22.2,nan,nan,nan,nan,nan,nan,nan,nan,nan
27-Feb-25 6:28:00 AM AEST,23.7,nan,22.3,nan,nan,nan,138.50,nan,nan,nan,nan,nan
27-Feb-25 6:29:00 AM AEST,nan,nan,nan,nan,nan,nan,138.40,nan,nan,nan,nan,nan
27-Feb-25 6:29:05 AM AEST,23.6,nan,nan,nan,nan,nan,nan,nan,nan,nan,nan,nan
27-Feb-25 6:31:00 AM AEST,nan,nan,22.2,nan,nan,nan,nan,nan,nan,nan,nan,nan
27-Feb-25 6:32:00 AM AEST,23.7,nan,nan,nan,nan,nan,138.70,nan,nan,nan,nan,nan
27-Feb-25 6:33:00 AM AEST,nan,nan,22.3,nan,nan,nan,138.80,nan,nan,nan,nan,nan
27-Feb-25 6:38:00 AM AEST,23.8,nan,nan,nan,nan,nan,nan,nan,nan,nan,nan,nan
27-Feb-25 6:39:00 AM AEST,nan,nan,22.4,nan,nan,nan,138.70,nan,nan,nan,nan,nan
27-Feb-25 6:40:00 AM AEST,23.9,nan,nan,nan,nan,nan,nan,nan,nan,nan,nan,nan
27-Feb-25 6:41:00 AM AEST,nan,nan,22.5,nan,nan,nan,122.80,nan,nan,nan,nan,nan
27-Feb-25 6:42:00 AM AEST,nan,nan,nan,nan,nan,nan,118.10,nan,nan,nan,nan,nan
27-Feb-25 6:43:00 AM AEST,nan,nan,nan,nan,nan,nan,25.80,nan,nan,nan,nan,nan
27-Feb-25 6:44:00 AM AEST,nan,nan,nan,nan,nan,nan,322.50,nan,nan,nan,nan,nan
27-Feb-25 6:45:00 AM AEST,24.0,nan,nan,nan,nan,nan,14.30,nan,nan,nan,nan,nan
27-Feb-25 6:46:00 AM AEST,nan,nan,22.4,nan,nan,nan,346.00,nan,nan,nan,nan,nan
27-Feb-25 6:47:00 AM AEST,nan,nan,22.5,nan,nan,nan,321.40,nan,nan,nan,nan,nan
27-Feb-25 6:48:00 AM AEST,nan,nan,22.4,nan,nan,nan,296.20,nan,nan,nan,nan,nan
27-Feb-25 6:49:00 AM AEST,24.1,nan,nan,nan,nan,nan,309.10,nan,nan,nan,nan,nan
27-Feb-25 6:50:00 AM AEST,nan,nan,nan,nan,nan,nan,312.00,nan,nan,nan,nan,nan
27-Feb-25 6:51:00 AM AEST,nan,nan,nan,nan,nan,nan,315.40,nan,nan,nan,nan,nan
27-Feb-25 6:52:00 AM AEST,24.0,nan,22.3,nan,nan,nan,326.60,nan,nan,nan,nan,nan
27-Feb-25 6:53:00 AM AEST,nan,nan,22.2,nan,nan,nan,nan,nan,nan,nan,nan,nan
27-Feb-25 6:53:05 AM AEST,24.1,nan,nan,nan,nan,nan,nan,nan,nan,nan,nan,nan
27-Feb-25 6:54:00 AM AEST,nan,nan,22.3,nan,nan,nan,335.10,nan,nan,nan,nan,nan
27-Feb-25 6:55:00 AM AEST,nan,nan,22.2,nan,nan,nan,12.30,nan,nan,nan,nan,nan
27-Feb-25 6:56:00 AM AEST,nan,nan,nan,nan,nan,nan,21.50,nan,nan,nan,nan,nan
27-Feb-25 6:57:00 AM AEST,nan,nan,nan,nan,nan,nan,21.70,nan,nan,nan,nan,nan
27-Feb-25 7:00:07 AM AEST,nan,nan,nan,nan,nan,0.09,nan,nan,nan,nan,nan,nan
27-Feb-25 7:02:00 AM AEST,24.2,nan,nan,nan,nan,nan,nan,nan,nan,nan,nan,nan
27-Feb-25 7:03:00 AM AEST,nan,nan,22.3,nan,nan,nan,nan,nan,nan,nan,nan,nan
27-Feb-25 7:05:00 AM AEST,nan,nan,22.2,nan,nan,nan,nan,nan,nan,nan,nan,nan
27-Feb-25 7:06:00 AM AEST,nan,nan,22.3,nan,nan,nan,nan,nan,nan,nan,nan,nan
27-Feb-25 7:07:00 AM AEST,24.3,nan,nan,nan,nan,nan,nan,nan,nan,nan,nan,nan
27-Feb-25 7:11:00 AM AEST,24.4,nan,nan,nan,nan,nan,nan,nan,nan,nan,nan,nan
27-Feb-25 7:15:00 AM AEST,24.5,nan,nan,nan,nan,nan,nan,nan,nan,nan,nan,nan
27-Feb-25 7:17:00 AM AEST,24.6,nan,nan,nan,nan,nan,nan,nan,nan,nan,nan,nan
27-Feb-25 7:19:00 AM AEST,24.7,nan,nan,nan,nan,nan,nan,nan,nan,nan,nan,nan
27-Feb-25 7:21:00 AM AEST,24.8,nan,nan,nan,nan,nan,nan,nan,nan,nan,nan,nan
27-Feb-25 7:23:00 AM AEST,24.9,nan,nan,nan,nan,nan,nan,nan,nan,nan,nan,nan
27-Feb-25 7:26:00 AM AEST,25.0,nan,nan,nan,nan,nan,nan,nan,nan,nan,nan,nan
27-Feb-25 7:30:00 AM AEST,25.1,nan,nan,nan,nan,nan,nan,nan,nan,nan,nan,nan
27-Feb-25 8:00:08 AM AEST,nan,nan,nan,nan,nan,0.21,nan,nan,nan,nan,nan,nan
27-Feb-25 9:00:09 AM AEST,nan,nan,nan,nan,nan,0.25,nan,nan,nan,nan,nan,nan
27-Feb-25 10:00:10 AM AEST,nan,nan,nan,nan,nan,0.25,nan,nan,nan,nan,nan,nan
27-Feb-25 10:00:10 AM AEST,nan,nan,nan,nan,nan,0.43,nan,nan,nan,nan,nan,nan
27-Feb-25 10:20:00 AM AEST,29.9,65.5,22.7,0.00,0.00,nan,328.00,0.67,9.50,6.30,329.60,568.30
27-Feb-25 10:21:00 AM AEST,nan,65.0,22.8,nan,nan,nan,341.90,0.63,10.60,5.80,343.60,674.90
27-Feb-25 10:21:05 AM AEST,30.0,nan,nan,nan,nan,nan,nan,nan,nan,nan,nan,nan
27-Feb-25 10:22:00 AM AEST,nan,65.2,22.7,nan,nan,nan,306.30,0.69,11.80,5.00,292.90,604.20
27-Feb-25 10:22:10 AM AEST,30.1,nan,nan,nan,nan,nan,nan,nan,nan,nan,nan,nan
27-Feb-25 10:23:00 AM AEST,nan,65.3,22.9,nan,nan,nan,322.10,0.76,9.50,6.20,320.90,664.90
27-Feb-25 10:24:00 AM AEST,nan,65.2,22.8,nan,nan,nan,354.40,0.93,16.60,7.90,358.90,628.30
27-Feb-25 10:25:00 AM AEST,nan,64.7,22.9,nan,nan,nan,338.30,0.75,10.60,7.10,337.80,843.30
27-Feb-25 10:26:00 AM AEST,30.3,64.5,22.7,nan,nan,nan,331.30,0.66,nan,6.30,336.10,758.20
27-Feb-25 10:27:00 AM AEST,nan,64.8,22.8,nan,nan,nan,304.10,0.36,7.10,3.60,303.60,616.70
27-Feb-25 10:27:05 AM AEST,30.4,nan,nan,nan,nan,nan,nan,nan,nan,nan,nan,nan
27-Feb-25 10:28:00 AM AEST,nan,64.7,23.1,nan,nan,nan,332.00,0.40,9.50,3.80,345.20,591.60
27-Feb-25 10:28:10 AM AEST,30.6,nan,nan,nan,nan,nan,nan,nan,nan,nan,nan,nan
27-Feb-25 10:29:00 AM AEST,nan,63.7,23.2,nan,nan,nan,324.60,0.70,11.80,5.40,318.40,794.20
27-Feb-25 10:30:00 AM AEST,nan,63.5,23.0,nan,nan,nan,292.20,0.76,15.40,7.50,290.40,781.70
27-Feb-25 10:31:00 AM AEST,30.5,62.8,22.8,nan,nan,nan,318.30,0.78,nan,7.60,315.90,838.20
27-Feb-25 10:32:00 AM AEST,nan,63.5,22.6,nan,nan,nan,325.80,0.43,5.90,4.20,325.10,831.70
27-Feb-25 10:32:05 AM AEST,30.6,nan,nan,nan,nan,nan,nan,nan,nan,nan,nan,nan
27-Feb-25 10:33:00 AM AEST,nan,63.3,22.9,nan,nan,nan,307.50,0.67,11.80,6.00,306.60,711.60
27-Feb-25 10:33:10 AM AEST,30.7,nan,nan,nan,nan,nan,nan,nan,nan,nan,nan,nan
27-Feb-25 10:34:00 AM AEST,nan,63.0,23.0,nan,nan,nan,323.30,0.59,nan,5.80,327.30,678.30
27-Feb-25 10:34:15 AM AEST,30.8,nan,nan,nan,nan,nan,nan,nan,nan,nan,nan,nan
27-Feb-25 10:35:00 AM AEST,nan,63.7,22.9,nan,nan,nan,345.00,0.51,8.30,3.40,349.50,768.20
27-Feb-25 10:35:20 AM AEST,30.9,nan,nan,nan,nan,nan,nan,nan,nan,nan,nan,nan
27-Feb-25 10:36:00 AM AEST,nan,64.7,23.2,nan,nan,nan,323.90,0.16,3.50,1.60,323.90,623.30
27-Feb-25 10:36:25 AM AEST,31.1,nan,nan,nan,nan,nan,nan,nan,nan,nan,nan,nan
27-Feb-25 10:36:25 AM AEST,31.3,nan,nan,nan,nan,nan,nan,nan,nan,nan,nan,nan
27-Feb-25 10:37:00 AM AEST,nan,64.5,23.7,nan,nan,nan,318.60,0.41,9.50,4.00,315.60,497.50
27-Feb-25 10:37:30 AM AEST,31.2,nan,nan,nan,nan,nan,nan,nan,nan,nan,nan,nan
27-Feb-25 10:38:00 AM AEST,nan,62.7,23.8,nan,nan,nan,339.50,0.66,10.60,5.80,338.60,652.40
27-Feb-25 10:39:00 AM AEST,nan,61.5,23.2,nan,nan,nan,339.00,0.63,9.50,5.50,337.90,394.20
27-Feb-25 10:40:00 AM AEST,nan,nan,22.9,nan,nan,nan,291.80,0.41,7.10,2.90,287.30,585.80
27-Feb-25 10:41:00 AM AEST,nan,61.3,nan,nan,nan,nan,262.10,0.70,11.80,6.70,263.00,791.70
27-Feb-25 10:42:00 AM AEST,31.1,61.5,nan,nan,nan,nan,292.30,0.71,14.20,6.30,280.20,440.80
27-Feb-25 10:43:00 AM AEST,nan,61.8,22.8,nan,nan,nan,302.40,0.75,nan,7.30,302.10,341.60
27-Feb-25 10:43:05 AM AEST,31.0,nan,nan,nan,nan,nan,nan,nan,nan,nan,nan,nan
27-Feb-25 10:44:00 AM AEST,nan,61.3,nan,nan,nan,nan,287.00,1.09,22.50,10.00,279.80,336.70
27-Feb-25 10:44:10 AM AEST,30.9,nan,nan,nan,nan,nan,nan,nan,nan,nan,nan,nan
27-Feb-25 10:45:00 AM AEST,nan,61.7,22.6,nan,nan,nan,309.10,0.66,13.00,6.30,311.00,289.10
27-Feb-25 10:45:15 AM AEST,30.8,nan,nan,nan,nan,nan,nan,nan,nan,nan,nan,nan
27-Feb-25 10:46:00 AM AEST,nan,62.3,nan,nan,nan,nan,302.00,0.37,5.90,3.00,301.30,271.70
27-Feb-25 10:46:20 AM AEST,30.9,nan,nan,nan,nan,nan,nan,nan,nan,nan,nan,nan
27-Feb-25 10:47:00 AM AEST,nan,62.8,22.9,nan,nan,nan,326.20,0.38,nan,3.50,321.90,281.70
27-Feb-25 10:48:00 AM AEST,nan,63.0,23.0,nan,nan,nan,355.40,0.70,15.40,3.90,1.40,330.80
27-Feb-25 10:49:00 AM AEST,nan,62.5,nan,nan,nan,nan,302.50,0.57,9.50,4.00,298.80,438.30
27-Feb-25 10:50:00 AM AEST,30.7,62.0,22.9,nan,nan,nan,292.80,1.11,20.10,10.30,293.10,568.30
27-Feb-25 10:51:00 AM AEST,nan,62.2,22.5,nan,nan,nan,339.50,0.86,10.60,7.60,342.10,652.50
27-Feb-25 10:51:05 AM AEST,30.6,nan,nan,nan,nan,nan,nan,nan,nan,nan,nan,nan
27-Feb-25 10:52:00 AM AEST,nan,62.5,nan,nan,nan,nan,17.20,0.78,11.80,7.10,13.80,763.30
27-Feb-25 10:53:00 AM AEST,30.8,63.7,22.6,nan,nan,nan,355.20,0.52,10.60,4.50,348.30,787.40
27-Feb-25 10:54:00 AM AEST,nan,62.7,23.1,nan,nan,nan,316.20,0.99,15.40,7.20,311.80,1028.30
27-Feb-25 10:54:05 AM AEST,30.9,nan,nan,nan,nan,nan,nan,nan,nan,nan,nan,nan
27-Feb-25 10:55:00 AM AEST,nan,62.3,22.9,nan,nan,nan,340.50,0.85,13.00,6.80,335.50,981.60
27-Feb-25 10:56:00 AM AEST,31.0,nan,22.8,nan,nan,nan,22.10,0.54,9.50,4.20,11.00,987.50
27-Feb-25 10:57:00 AM AEST,nan,64.8,23.0,nan,nan,nan,5.30,0.49,7.10,1.30,33.40,940.80
27-Feb-25 10:57:05 AM AEST,31.2,nan,nan,nan,nan,nan,nan,nan,nan,nan,nan,nan
27-Feb-25 10:58:00 AM AEST,nan,63.0,23.8,nan,nan,nan,289.60,0.89,16.60,8.70,289.00,876.60
27-Feb-25 10:58:10 AM AEST,31.3,nan,nan,nan,nan,nan,nan,nan,nan,nan,nan,nan
27-Feb-25 10:59:00 AM AEST,nan,61.3,23.4,nan,nan,nan,326.30,1.31,20.10,12.90,325.90,877.50
27-Feb-25 10:59:15 AM AEST,31.2,nan,nan,nan,nan,nan,nan,nan,nan,nan,nan,nan
27-Feb-25 11:00:00 AM AEST,nan,61.5,22.8,nan,nan,nan,300.10,0.60,10.60,5.60,306.60,861.60
27-Feb-25 11:00:11 AM AEST,nan,nan,nan,nan,nan,0.53,nan,nan,nan,nan,nan,nan
27-Feb-25 11:00:20 AM AEST,31.3,nan,nan,nan,nan,nan,nan,nan,nan,nan,nan,nan
27-Feb-25 11:01:00 AM AEST,nan,62.5,22.9,nan,nan,nan,299.70,0.62,8.30,6.00,299.90,848.30
27-Feb-25 11:01:25 AM AEST,31.4,nan,nan,nan,nan,nan,nan,nan,nan,nan,nan,nan
27-Feb-25 11:02:00 AM AEST,nan,61.7,23.3,nan,nan,nan,300.90,0.66,9.50,5.50,299.20,850.80
27-Feb-25 11:02:30 AM AEST,31.5,nan,nan,nan,nan,nan,nan,nan,nan,nan,nan,nan
27-Feb-25 11:03:00 AM AEST,nan,61.5,23.1,nan,nan,nan,314.80,0.56,nan,3.80,300.90,844.90
27-Feb-25 11:03:35 AM AEST,31.4,nan,nan,nan,nan,nan,nan,nan,nan,nan,nan,nan
27-Feb-25 11:04:00 AM AEST,nan,61.2,23.2,nan,nan,nan,267.80,1.00,14.20,9.40,267.60,852.50
27-Feb-25 11:05:00 AM AEST,nan,61.7,23.0,nan,nan,nan,317.00,0.81,13.00,7.50,316.60,856.60
27-Feb-25 11:06:00 AM AEST,nan,nan,23.1,nan,nan,nan,348.10,0.86,14.20,6.30,348.00,857.50
27-Feb-25 11:07:00 AM AEST,31.5,62.7,nan,nan,nan,nan,331.80,0.67,10.60,6.20,332.60,854.20
27-Feb-25 11:08:00 AM AEST,nan,61.7,23.5,nan,nan,nan,333.30,1.13,16.60,9.80,334.20,885.70
27-Feb-25 11:09:00 AM AEST,nan,nan,23.2,nan,nan,nan,321.30,0.54,11.80,4.20,324.30,842.50
27-Feb-25 11:10:00 AM AEST,31.6,61.8,23.3,nan,nan,nan,298.40,0.75,nan,5.80,302.10,821.60
27-Feb-25 11:11:00 AM AEST,nan,61.5,23.4,nan,nan,nan,242.50,0.34,5.90,3.30,243.40,892.50
27-Feb-25 11:11:05 AM AEST,31.7,nan,nan,nan,nan,nan,nan,nan,nan,nan,nan,nan
27-Feb-25 11:12:00 AM AEST,nan,61.3,nan,nan,nan,nan,298.50,0.80,15.40,7.10,295.20,931.70
27-Feb-25 11:12:10 AM AEST,31.8,nan,nan,nan,nan,nan,nan,nan,nan,nan,nan,nan
27-Feb-25 11:13:00 AM AEST,nan,61.0,nan,nan,nan,nan,299.50,0.71,13.00,6.40,305.40,974.10
27-Feb-25 11:13:15 AM AEST,31.7,nan,nan,nan,nan,nan,nan,nan,nan,nan,nan,nan
27-Feb-25 11:14:00 AM AEST,nan,60.7,23.3,nan,nan,nan,298.40,0.79,nan,7.60,299.10,860.00
27-Feb-25 11:14:20 AM AEST,31.8,nan,nan,nan,nan,nan,nan,nan,nan,nan,nan,nan
27-Feb-25 11:14:20 AM AEST,31.7,nan,nan,nan,nan,nan,nan,nan,nan,nan,nan,nan
27-Feb-25 11:15:00 AM AEST,nan,60.2,23.2,nan,nan,nan,304.50,0.56,9.50,5.50,301.50,916.60
27-Feb-25 11:15:25 AM AEST,31.8,nan,nan,nan,nan,nan,nan,nan,nan,nan,nan,nan
27-Feb-25 11:16:00 AM AEST,nan,60.7,23.0,nan,nan,nan,326.80,0.80,13.00,6.30,325.20,924.20
27-Feb-25 11:17:00 AM AEST,nan,60.5,23.2,nan,nan,nan,341.40,0.73,11.80,5.70,336.50,945.00
27-Feb-25 11:18:00 AM AEST,31.9,59.8,nan,nan,nan,nan,339.10,0.63,10.60,6.10,340.80,551.60
27-Feb-25 11:19:00 AM AEST,nan,nan,23.1,nan,nan,nan,332.10,0.43,5.90,3.40,335.60,318.30
27-Feb-25 11:20:00 AM AEST,nan,59.5,nan,nan,nan,nan,327.10,0.54,10.60,5.00,327.90,924.10
27-Feb-25 11:21:00 AM AEST,nan,nan,23.0,nan,nan,nan,2.60,1.10,20.10,8.90,359.70,775.80
27-Feb-25 11:22:00 AM AEST,31.8,59.3,23.1,nan,nan,nan,286.50,0.68,9.50,5.40,288.10,607.50
27-Feb-25 11:23:00 AM AEST,nan,59.2,22.9,nan,nan,nan,331.00,1.04,14.20,7.30,337.80,541.60
27-Feb-25 11:23:05 AM AEST,31.7,nan,nan,nan,nan,nan,nan,nan,nan,nan,nan,nan
27-Feb-25 11:24:00 AM AEST,nan,58.8,22.8,nan,nan,nan,301.40,1.08,nan,9.10,301.90,441.70
27-Feb-25 11:24:10 AM AEST,31.5,nan,nan,nan,nan,nan,nan,nan,nan,nan,nan,nan
27-Feb-25 11:25:00 AM AEST,nan,58.3,22.5,nan,nan,nan,298.30,1.05,17.80,10.40,299.80,404.90
27-Feb-25 11:25:15 AM AEST,31.3,nan,nan,nan,nan,nan,nan,nan,nan,nan,nan,nan
27-Feb-25 11:26:00 AM AEST,nan,58.8,22.2,nan,nan,nan,31.30,0.66,11.80,4.10,28.30,304.20
27-Feb-25 11:26:20 AM AEST,31.2,nan,nan,nan,nan,nan,nan,nan,nan,nan,nan,nan
27-Feb-25 11:27:00 AM AEST,nan,59.3,nan,nan,nan,nan,321.30,0.87,15.40,8.50,319.80,248.30
27-Feb-25 11:27:25 AM AEST,31.3,nan,nan,nan,nan,nan,nan,nan,nan,nan,nan,nan
27-Feb-25 11:28:00 AM AEST,nan,60.0,22.4,nan,nan,nan,348.10,0.70,10.60,6.40,344.60,231.60
27-Feb-25 11:29:00 AM AEST,nan,nan,22.6,nan,nan,nan,21.20,0.69,nan,5.70,17.10,245.80
27-Feb-25 11:30:00 AM AEST,31.2,nan,nan,nan,nan,nan,336.90,0.48,9.50,4.20,339.50,290.80
27-Feb-25 11:31:00 AM AEST,nan,60.3,22.5,nan,nan,nan,334.70,0.53,nan,3.90,341.10,355.00
27-Feb-25 11:32:00 AM AEST,nan,60.2,22.6,nan,nan,nan,345.40,0.70,10.60,5.30,344.50,309.20
27-Feb-25 11:33:00 AM AEST,31.1,nan,22.5,nan,nan,nan,355.30,0.77,14.20,5.40,342.40,348.30
27-Feb-25 11:34:00 AM AEST,nan,60.0,nan,nan,nan,nan,340.00,0.72,nan,6.30,330.20,399.20
27-Feb-25 11:34:05 AM AEST,31.0,nan,nan,nan,nan,nan,nan,nan,nan,nan,nan,nan
27-Feb-25 11:35:00 AM AEST,nan,60.7,22.3,nan,nan,nan,17.10,0.64,11.80,6.00,21.90,407.40
27-Feb-25 11:35:10 AM AEST,31.1,nan,nan,nan,nan,nan,nan,nan,nan,nan,nan,nan
27-Feb-25 11:36:00 AM AEST,nan,61.0,22.6,nan,nan,nan,24.00,0.67,9.50,6.40,25.40,391.70
27-Feb-25 11:36:15 AM AEST,31.0,nan,nan,nan,nan,nan,nan,nan,nan,nan,nan,nan
27-Feb-25 11:37:00 AM AEST,nan,61.2,nan,nan,nan,nan,340.10,0.53,nan,4.70,337.70,375.00
27-Feb-25 11:37:20 AM AEST,31.1,nan,nan,nan,nan,nan,nan,nan,nan,nan,nan,nan
27-Feb-25 11:38:00 AM AEST,nan,61.3,22.7,nan,nan,nan,355.10,0.49,nan,4.00,6.40,622.40
27-Feb-25 11:38:25 AM AEST,31.2,nan,nan,nan,nan,nan,nan,nan,nan,nan,nan,nan
27-Feb-25 11:39:00 AM AEST,nan,61.0,22.8,nan,nan,nan,296.30,0.65,13.00,5.90,301.20,1133.30
27-Feb-25 11:40:00 AM AEST,31.3,61.3,nan,nan,nan,nan,295.80,0.64,10.60,5.10,306.60,1172.40
27-Feb-25 11:41:00 AM AEST,nan,61.8,23.0,nan,nan,nan,310.40,0.82,14.20,7.30,308.70,757.50
27-Feb-25 11:41:05 AM AEST,31.4,nan,nan,nan,nan,nan,nan,nan,nan,nan,nan,nan
27-Feb-25 11:42:00 AM AEST,nan,61.7,23.2,nan,nan,nan,299.40,0.89,nan,8.00,301.70,871.70
27-Feb-25 11:42:10 AM AEST,31.5,nan,nan,nan,nan,nan,nan,nan,nan,nan,nan,nan
27-Feb-25 11:43:00 AM AEST,nan,61.3,23.3,nan,nan,nan,337.20,0.51,7.10,3.60,337.10,674.10
27-Feb-25 11:43:15 AM AEST,31.6,nan,nan,nan,nan,nan,nan,nan,nan,nan,nan,nan
27-Feb-25 11:44:00 AM AEST,nan,62.0,23.2,nan,nan,nan,267.50,0.41,10.60,4.10,272.10,570.80
27-Feb-25 11:44:20 AM AEST,31.9,nan,nan,nan,nan,nan,nan,nan,nan,nan,nan,nan
27-Feb-25 11:44:20 AM AEST,31.8,nan,nan,nan,nan,nan,nan,nan,nan,nan,nan,nan
27-Feb-25 11:45:00 AM AEST,nan,60.2,23.7,nan,nan,nan,291.20,1.15,16.60,11.10,292.20,482.40
27-Feb-25 11:45:25 AM AEST,31.6,nan,nan,nan,nan,nan,nan,nan,nan,nan,nan,nan
27-Feb-25 11:46:00 AM AEST,nan,59.3,23.1,nan,nan,nan,336.70,1.07,23.70,9.60,334.20,614.20
27-Feb-25 11:47:00 AM AEST,nan,59.7,22.7,nan,nan,nan,319.00,0.69,9.50,4.40,317.80,640.80
27-Feb-25 11:48:00 AM AEST,31.7,59.8,22.8,nan,nan,nan,355.50,0.91,14.20,8.70,356.90,1089.90
27-Feb-25 11:49:00 AM AEST,nan,59.5,22.9,nan,nan,nan,4.50,0.60,9.50,5.30,5.00,740.80
27-Feb-25 11:49:05 AM AEST,31.8,nan,nan,nan,nan,nan,nan,nan,nan,nan,nan,nan
27-Feb-25 11:50:00 AM AEST,nan,59.8,nan,nan,nan,nan,351.20,0.54,nan,3.40,349.00,852.40
27-Feb-25 11:50:10 AM AEST,31.9,nan,nan,nan,nan,nan,nan,nan,nan,nan,nan,nan
27-Feb-25 11:51:00 AM AEST,nan,60.3,23.1,nan,nan,nan,50.50,0.49,8.30,4.10,49.10,555.80
27-Feb-25 11:51:15 AM AEST,32.0,nan,nan,nan,nan,nan,nan,nan,nan,nan,nan,nan
27-Feb-25 11:52:00 AM AEST,nan,59.8,23.3,nan,nan,nan,4.50,0.58,9.50,2.80,333.60,602.50
27-Feb-25 11:53:00 AM AEST,32.2,60.2,23.2,nan,nan,nan,341.80,0.42,7.10,2.60,311.20,433.30
27-Feb-25 11:54:00 AM AEST,nan,59.5,23.4,nan,nan,nan,323.00,0.55,10.60,4.60,333.50,748.20
27-Feb-25 11:54:05 AM AEST,32.1,nan,nan,nan,nan,nan,nan,nan,nan,nan,nan,nan
27-Feb-25 11:55:00 AM AEST,nan,59.2,23.2,nan,nan,nan,2.90,0.63,8.30,5.80,0.00,505.80
27-Feb-25 11:56:00 AM AEST,nan,58.8,23.1,nan,nan,nan,309.10,0.82,14.20,7.20,304.20,683.30
27-Feb-25 11:57:00 AM AEST,nan,59.7,23.0,nan,nan,nan,333.20,0.50,8.30,3.10,348.20,641.70
27-Feb-25 11:58:00 AM AEST,32.2,59.8,23.3,nan,nan,nan,343.70,0.64,nan,5.50,344.10,943.20
27-Feb-25 11:59:00 AM AEST,nan,59.5,23.4,nan,nan,nan,12.30,1.02,16.60,8.30,8.90,1048.30
27-Feb-25 12:00:00 PM AEST,32.0,58.0,23.3,nan,nan,nan,303.20,1.15,18.90,10.80,303.40,896.60
27-Feb-25 12:00:12 PM AEST,nan,nan,nan,nan,nan,0.66,nan,nan,nan,nan,nan,nan
27-Feb-25 12:01:00 PM AEST,nan,58.2,22.7,nan,nan,nan,315.20,0.73,10.60,6.60,314.60,605.00
27-Feb-25 12:02:00 PM AEST,32.1,58.3,22.8,nan,nan,nan,216.30,0.47,7.10,2.20,233.20,672.50
27-Feb-25 12:03:00 PM AEST,nan,58.8,22.9,nan,nan,nan,281.20,1.17,21.30,10.20,291.40,874.10
27-Feb-25 12:04:00 PM AEST,32.0,58.0,23.0,nan,nan,nan,288.30,0.67,10.60,6.20,290.30,680.00
27-Feb-25 12:05:00 PM AEST,nan,58.3,22.7,nan,nan,nan,266.00,0.64,11.80,5.70,274.40,795.70
27-Feb-25 12:05:05 PM AEST,32.1,nan,nan,nan,nan,nan,nan,nan,nan,nan,nan,nan
27-Feb-25 12:06:00 PM AEST,nan,58.0,22.9,nan,nan,nan,310.10,0.93,13.00,8.60,309.30,978.30
27-Feb-25 12:06:10 PM AEST,32.0,nan,nan,nan,nan,nan,nan,nan,nan,nan,nan,nan
27-Feb-25 12:07:00 PM AEST,nan,59.0,22.7,nan,nan,nan,9.40,0.37,8.30,3.70,6.80,913.30
27-Feb-25 12:07:15 PM AEST,32.1,nan,nan,nan,nan,nan,nan,nan,nan,nan,nan,nan
27-Feb-25 12:08:00 PM AEST,nan,58.8,23.1,nan,nan,nan,357.50,0.64,10.60,4.50,353.30,614.10
27-Feb-25 12:08:20 PM AEST,32.2,nan,nan,nan,nan,nan,nan,nan,nan,nan,nan,nan
27-Feb-25 12:09:00 PM AEST,nan,59.2,nan,nan,nan,nan,326.00,0.49,9.50,4.60,330.90,892.50
27-Feb-25 12:09:25 PM AEST,32.3,nan,nan,nan,nan,nan,nan,nan,nan,nan,nan,nan
27-Feb-25 12:10:00 PM AEST,nan,59.7,23.3,nan,nan,nan,303.40,0.54,10.60,5.00,309.30,889.10
27-Feb-25 12:10:30 PM AEST,32.5,nan,nan,nan,nan,nan,nan,nan,nan,nan,nan,nan
27-Feb-25 12:10:30 PM AEST,32.4,nan,nan,nan,nan,nan,nan,nan,nan,nan,nan,nan
27-Feb-25 12:11:00 PM AEST,nan,57.3,23.6,nan,nan,nan,358.90,1.08,16.60,9.80,0.80,886.70
27-Feb-25 12:11:35 PM AEST,32.3,nan,nan,nan,nan,nan,nan,nan,nan,nan,nan,nan
27-Feb-25 12:12:00 PM AEST,nan,56.2,22.9,nan,nan,nan,333.40,0.86,13.00,7.30,334.50,879.20
27-Feb-25 12:12:40 PM AEST,32.2,nan,nan,nan,nan,nan,nan,nan,nan,nan,nan,nan
27-Feb-25 12:13:00 PM AEST,nan,55.0,22.4,nan,nan,nan,318.50,1.36,20.10,12.90,317.80,874.10
27-Feb-25 12:13:45 PM AEST,32.1,nan,nan,nan,nan,nan,nan,nan,nan,nan,nan,nan
27-Feb-25 12:14:00 PM AEST,nan,54.8,22.0,nan,nan,nan,1.80,0.97,15.40,6.30,3.60,873.30
27-Feb-25 12:15:00 PM AEST,nan,54.5,21.9,nan,nan,nan,329.90,0.96,nan,8.60,331.20,870.80
27-Feb-25 12:16:00 PM AEST,32.2,55.5,21.7,nan,nan,nan,328.10,0.58,10.60,4.80,326.90,868.20
27-Feb-25 12:17:00 PM AEST,nan,54.7,22.1,nan,nan,nan,307.00,1.11,17.80,10.90,306.70,869.20
27-Feb-25 12:18:00 PM AEST,32.1,54.5,21.9,nan,nan,nan,12.50,0.91,nan,7.50,1.70,869.10
27-Feb-25 12:19:00 PM AEST,nan,54.7,21.7,nan,nan,nan,348.40,0.88,15.40,7.00,350.70,871.70
27-Feb-25 12:19:05 PM AEST,32.2,nan,nan,nan,nan,nan,nan,nan,nan,nan,nan,nan
27-Feb-25 12:20:00 PM AEST,nan,54.8,21.9,nan,nan,nan,17.60,0.70,11.80,5.60,26.30,nan
27-Feb-25 12:20:10 PM AEST,32.1,nan,nan,nan,nan,nan,nan,nan,nan,nan,nan,nan
27-Feb-25 12:21:00 PM AEST,nan,55.0,nan,nan,nan,nan,347.20,1.12,20.10,9.00,357.20,839.10
27-Feb-25 12:21:15 PM AEST,32.2,nan,nan,nan,nan,nan,nan,nan,nan,nan,nan,nan
27-Feb-25 12:22:00 PM AEST,nan,54.3,22.0,nan,nan,nan,25.20,0.83,11.80,7.70,26.70,872.50
27-Feb-25 12:22:20 PM AEST,32.1,nan,nan,nan,nan,nan,nan,nan,nan,nan,nan,nan
27-Feb-25 12:23:00 PM AEST,nan,54.7,21.7,nan,nan,nan,5.10,0.72,nan,6.00,4.40,874.10
27-Feb-25 12:24:00 PM AEST,nan,54.5,21.8,nan,nan,nan,28.30,0.82,13.00,7.40,24.30,875.80
27-Feb-25 12:25:00 PM AEST,nan,54.3,nan,nan,nan,nan,337.40,0.66,11.80,5.00,327.40,876.70
27-Feb-25 12:26:00 PM AEST,32.2,54.8,21.7,nan,nan,nan,352.70,0.82,16.60,7.50,356.30,884.10
27-Feb-25 12:27:00 PM AEST,nan,55.2,21.9,nan,nan,nan,339.40,0.41,9.50,4.00,331.40,880.80
27-Feb-25 12:27:05 PM AEST,32.3,nan,nan,nan,nan,nan,nan,nan,nan,nan,nan,nan
27-Feb-25 12:28:00 PM AEST,nan,54.3,22.1,nan,nan,nan,277.30,0.75,13.00,6.70,289.70,879.90
27-Feb-25 12:29:00 PM AEST,32.4,55.0,21.9,nan,nan,nan,283.70,0.33,4.70,3.30,283.70,875.00
27-Feb-25 12:30:00 PM AEST,nan,55.3,22.2,nan,nan,nan,305.70,0.46,7.10,4.40,307.50,839.20
27-Feb-25 12:30:05 PM AEST,32.5,nan,nan,nan,nan,nan,nan,nan,nan,nan,nan,nan
27-Feb-25 12:31:00 PM AEST,nan,55.2,22.4,nan,nan,nan,347.80,0.67,13.00,5.80,342.50,849.90
27-Feb-25 12:31:10 PM AEST,32.6,nan,nan,nan,nan,nan,nan,nan,nan,nan,nan,nan
27-Feb-25 12:32:00 PM AEST,nan,54.8,nan,nan,nan,nan,279.80,0.47,8.30,3.10,285.60,900.00
27-Feb-25 12:33:00 PM AEST,nan,54.3,22.3,nan,nan,nan,283.30,0.97,16.60,9.10,283.10,900.70
27-Feb-25 12:34:00 PM AEST,32.5,54.0,22.1,nan,nan,nan,335.50,0.67,13.00,6.10,332.40,899.20
27-Feb-25 12:35:00 PM AEST,nan,53.8,22.0,nan,nan,nan,320.90,0.79,nan,7.40,322.30,900.80
27-Feb-25 12:35:05 PM AEST,32.6,nan,nan,nan,nan,nan,nan,nan,nan,nan,nan,nan
27-Feb-25 12:36:00 PM AEST,nan,54.2,nan,nan,nan,nan,26.20,0.38,7.10,1.50,28.70,931.60
27-Feb-25 12:36:10 PM AEST,32.7,nan,nan,nan,nan,nan,nan,nan,nan,nan,nan,nan
27-Feb-25 12:37:00 PM AEST,nan,55.7,22.2,nan,nan,nan,281.70,0.43,10.60,3.90,286.10,380.00
27-Feb-25 12:37:15 PM AEST,32.8,nan,nan,nan,nan,nan,nan,nan,nan,nan,nan,nan
27-Feb-25 12:38:00 PM AEST,nan,53.3,22.8,nan,nan,nan,352.70,0.85,14.20,8.10,352.50,805.70
27-Feb-25 12:39:00 PM AEST,32.7,52.3,22.0,nan,nan,nan,316.90,1.05,nan,10.10,313.70,674.20
27-Feb-25 12:40:00 PM AEST,nan,52.8,21.6,nan,nan,nan,7.70,0.68,10.60,5.20,4.00,604.20
27-Feb-25 12:40:05 PM AEST,32.6,nan,nan,nan,nan,nan,nan,nan,nan,nan,nan,nan
27-Feb-25 12:41:00 PM AEST,nan,53.3,21.7,nan,nan,nan,331.70,0.51,11.80,4.90,332.60,905.70
27-Feb-25 12:41:10 PM AEST,32.7,nan,nan,nan,nan,nan,nan,nan,nan,nan,nan,nan
27-Feb-25 12:42:00 PM AEST,nan,53.2,21.9,nan,nan,nan,333.40,0.83,15.40,5.50,329.40,890.00
27-Feb-25 12:43:00 PM AEST,32.6,51.8,nan,nan,nan,nan,321.70,1.48,21.30,11.80,323.30,909.10
27-Feb-25 12:44:00 PM AEST,nan,51.5,21.4,nan,nan,nan,349.30,0.93,14.20,8.50,354.50,913.30
27-Feb-25 12:44:05 PM AEST,32.5,nan,nan,nan,nan,nan,nan,nan,nan,nan,nan,nan
27-Feb-25 12:45:00 PM AEST,nan,52.2,21.2,nan,nan,nan,311.60,0.75,10.60,6.30,310.60,442.50
27-Feb-25 12:46:00 PM AEST,nan,53.3,21.4,nan,nan,nan,299.50,0.41,7.10,4.00,297.90,200.80
27-Feb-25 12:47:00 PM AEST,32.6,53.2,21.8,nan,nan,nan,298.30,0.64,13.00,6.00,297.60,940.80
27-Feb-25 12:48:00 PM AEST,nan,53.0,nan,nan,nan,nan,10.70,0.58,11.80,4.20,0.90,959.90
27-Feb-25 12:49:00 PM AEST,32.7,53.5,21.7,nan,nan,nan,344.00,0.66,10.60,5.10,332.00,950.00
27-Feb-25 12:50:00 PM AEST,nan,53.2,22.0,nan,nan,nan,334.70,0.63,9.50,6.10,334.60,900.00
27-Feb-25 12:51:00 PM AEST,32.8,53.3,21.9,nan,nan,nan,305.30,0.77,10.60,7.00,306.70,921.60
27-Feb-25 12:52:00 PM AEST,nan,52.5,22.0,nan,nan,nan,292.70,0.58,9.50,5.10,300.00,931.70
27-Feb-25 12:53:00 PM AEST,32.9,52.2,21.8,nan,nan,nan,315.80,0.85,20.10,8.10,323.10,907.40
27-Feb-25 12:54:00 PM AEST,nan,52.0,nan,nan,nan,nan,324.90,0.88,13.00,nan,326.60,890.00
27-Feb-25 12:55:00 PM AEST,nan,52.2,21.7,nan,nan,nan,304.20,0.69,14.20,6.80,302.40,894.20
27-Feb-25 12:56:00 PM AEST,32.8,50.8,21.8,nan,nan,nan,300.10,1.28,22.50,11.80,304.40,890.70
27-Feb-25 12:57:00 PM AEST,nan,51.3,21.2,nan,nan,nan,287.60,0.73,11.80,6.10,287.60,892.50
27-Feb-25 12:57:05 PM AEST,32.7,nan,nan,nan,nan,nan,nan,nan,nan,nan,nan,nan
27-Feb-25 12:58:00 PM AEST,nan,51.8,21.3,nan,nan,nan,306.90,1.20,16.60,11.50,305.50,912.40
27-Feb-25 12:59:00 PM AEST,32.6,53.0,21.5,nan,nan,nan,58.40,0.56,10.60,4.30,51.40,475.00
27-Feb-25 1:00:00 PM AEST,nan,52.8,21.8,nan,nan,nan,27.60,0.34,5.90,3.00,27.80,270.00
27-Feb-25 1:00:05 PM AEST,32.8,nan,nan,nan,nan,nan,nan,nan,nan,nan,nan,nan
27-Feb-25 1:00:13 PM AEST,nan,nan,nan,nan,nan,0.65,nan,nan,nan,nan,nan,nan
27-Feb-25 1:01:00 PM AEST,nan,53.0,21.9,nan,nan,nan,328.40,0.56,9.50,5.20,323.20,919.90
27-Feb-25 1:01:10 PM AEST,32.9,nan,nan,nan,nan,nan,nan,nan,nan,nan,nan,nan
27-Feb-25 1:02:00 PM AEST,nan,51.8,22.1,nan,nan,nan,271.50,0.59,8.30,5.60,273.30,915.80
27-Feb-25 1:02:15 PM AEST,33.0,nan,nan,nan,nan,nan,nan,nan,nan,nan,nan,nan
27-Feb-25 1:03:00 PM AEST,nan,51.7,21.7,nan,nan,nan,46.90,0.48,9.50,2.40,37.30,921.60
27-Feb-25 1:04:00 PM AEST,33.1,51.0,nan,nan,nan,nan,317.40,0.51,nan,4.40,317.70,918.30
27-Feb-25 1:05:00 PM AEST,nan,50.0,21.6,nan,nan,nan,346.30,0.93,13.00,7.60,347.90,914.20
27-Feb-25 1:06:00 PM AEST,nan,50.7,21.2,nan,nan,nan,352.10,0.90,14.20,6.30,357.70,894.90
27-Feb-25 1:07:00 PM AEST,nan,50.2,21.5,nan,nan,nan,326.90,0.88,17.80,6.90,336.20,884.20
27-Feb-25 1:08:00 PM AEST,nan,50.5,21.4,nan,nan,nan,322.90,0.83,18.90,8.00,326.50,886.60
27-Feb-25 1:09:00 PM AEST,33.3,51.3,21.5,nan,nan,nan,302.00,0.30,10.60,2.80,311.70,905.00
27-Feb-25 1:10:00 PM AEST,nan,51.0,21.9,nan,nan,nan,263.00,0.28,9.50,nan,264.70,378.30
27-Feb-25 1:10:05 PM AEST,33.5,nan,nan,nan,nan,nan,nan,nan,nan,nan,nan,nan
27-Feb-25 1:11:00 PM AEST,nan,50.7,22.0,nan,nan,nan,293.80,0.57,10.60,5.20,299.40,930.70
27-Feb-25 1:11:10 PM AEST,33.4,nan,nan,nan,nan,nan,nan,nan,nan,nan,nan,nan
27-Feb-25 1:12:00 PM AEST,nan,nan,21.8,nan,nan,nan,355.60,0.75,11.80,6.80,348.40,948.30
27-Feb-25 1:13:00 PM AEST,33.3,49.3,nan,nan,nan,nan,317.10,1.24,20.10,11.20,311.70,949.10
27-Feb-25 1:14:00 PM AEST,nan,48.8,21.2,nan,nan,nan,319.60,1.03,17.80,9.20,321.50,933.30
27-Feb-25 1:14:05 PM AEST,33.1,nan,nan,nan,nan,nan,nan,nan,nan,nan,nan,nan
27-Feb-25 1:15:00 PM AEST,nan,48.7,20.9,nan,nan,nan,310.30,0.66,16.60,6.20,312.30,915.80
27-Feb-25 1:15:10 PM AEST,33.2,nan,nan,nan,nan,nan,nan,nan,nan,nan,nan,nan
27-Feb-25 1:16:00 PM AEST,nan,49.0,nan,nan,nan,nan,341.80,0.79,13.00,5.50,337.50,904.10
27-Feb-25 1:16:15 PM AEST,33.3,nan,nan,nan,nan,nan,nan,nan,nan,nan,nan,nan
27-Feb-25 1:17:00 PM AEST,nan,49.8,21.1,nan,nan,nan,353.20,0.68,10.60,5.10,351.40,643.30
27-Feb-25 1:18:00 PM AEST,33.4,nan,21.4,nan,nan,nan,328.70,0.70,14.20,5.30,334.70,874.10
27-Feb-25 1:19:00 PM AEST,nan,48.8,21.5,nan,nan,nan,322.60,1.13,18.90,11.00,326.00,861.70
27-Feb-25 1:19:05 PM AEST,33.3,nan,nan,nan,nan,nan,nan,nan,nan,nan,nan,nan
27-Feb-25 1:20:00 PM AEST,nan,48.7,21.1,nan,nan,nan,339.50,0.82,17.80,6.10,344.10,897.50
27-Feb-25 1:21:00 PM AEST,33.4,50.0,21.0,nan,nan,nan,347.10,0.49,9.50,3.10,328.60,932.40
27-Feb-25 1:22:00 PM AEST,nan,50.7,21.5,nan,nan,nan,341.50,0.30,5.90,2.70,341.00,928.30
27-Feb-25 1:22:05 PM AEST,33.5,nan,nan,nan,nan,nan,nan,nan,nan,nan,nan,nan
27-Feb-25 1:23:00 PM AEST,nan,51.7,21.9,nan,nan,nan,51.70,0.26,7.10,2.20,32.60,916.70
27-Feb-25 1:23:10 PM AEST,33.7,nan,nan,nan,nan,nan,nan,nan,nan,nan,nan,nan
27-Feb-25 1:24:00 PM AEST,nan,51.2,22.4,nan,nan,nan,337.40,0.25,5.90,2.00,312.70,901.60
27-Feb-25 1:24:15 PM AEST,33.9,nan,nan,nan,nan,nan,nan,nan,nan,nan,nan,nan
27-Feb-25 1:25:00 PM AEST,nan,50.2,22.3,nan,nan,nan,316.00,0.82,15.40,7.50,315.40,883.30
27-Feb-25 1:25:20 PM AEST,33.8,nan,nan,nan,nan,nan,nan,nan,nan,nan,nan,nan
27-Feb-25 1:25:20 PM AEST,33.7,nan,nan,nan,nan,nan,nan,nan,nan,nan,nan,nan
27-Feb-25 1:26:00 PM AEST,nan,48.5,22.0,nan,nan,nan,292.40,0.90,13.00,8.70,291.90,872.40
27-Feb-25 1:26:25 PM AEST,33.5,nan,nan,nan,nan,nan,nan,nan,nan,nan,nan,nan
27-Feb-25 1:27:00 PM AEST,nan,48.7,21.3,nan,nan,nan,318.10,1.12,18.90,10.70,320.70,876.70
27-Feb-25 1:27:30 PM AEST,33.4,nan,nan,nan,nan,nan,nan,nan,nan,nan,nan,nan
27-Feb-25 1:28:00 PM AEST,nan,48.8,21.2,nan,nan,nan,305.60,0.79,14.20,7.10,302.50,875.80
27-Feb-25 1:29:00 PM AEST,nan,50.2,nan,nan,nan,nan,317.30,0.86,13.00,8.40,318.40,876.60
27-Feb-25 1:30:00 PM AEST,33.5,50.8,21.6,nan,nan,nan,323.70,0.77,10.60,7.10,322.70,872.50
27-Feb-25 1:31:00 PM AEST,nan,nan,21.9,nan,nan,nan,283.60,0.57,8.30,5.40,283.50,872.40
27-Feb-25 1:31:05 PM AEST,33.6,nan,nan,nan,nan,nan,nan,nan,nan,nan,nan,nan
27-Feb-25 1:32:00 PM AEST,nan,49.5,22.0,nan,nan,nan,280.20,0.47,9.50,4.50,277.90,889.20
27-Feb-25 1:32:10 PM AEST,33.7,nan,nan,nan,nan,nan,nan,nan,nan,nan,nan,nan
27-Feb-25 1:33:00 PM AEST,nan,47.8,21.7,nan,nan,nan,287.90,0.90,16.60,8.80,291.20,902.50
27-Feb-25 1:34:00 PM AEST,33.6,49.7,21.1,nan,nan,nan,295.40,0.57,9.50,3.40,303.40,899.10
27-Feb-25 1:35:00 PM AEST,nan,50.0,21.6,nan,nan,nan,327.30,0.52,11.80,5.00,324.00,879.20
27-Feb-25 1:35:05 PM AEST,33.7,nan,nan,nan,nan,nan,nan,nan,nan,nan,nan,nan
27-Feb-25 1:36:00 PM AEST,nan,49.2,21.9,nan,nan,nan,342.20,0.79,13.00,6.40,342.20,866.60
27-Feb-25 1:36:10 PM AEST,33.8,nan,nan,nan,nan,nan,nan,nan,nan,nan,nan,nan
27-Feb-25 1:37:00 PM AEST,nan,48.8,21.6,nan,nan,nan,319.30,0.62,9.50,5.40,317.60,870.00
27-Feb-25 1:38:00 PM AEST,nan,nan,21.5,nan,nan,nan,312.00,0.80,14.20,7.70,306.90,880.80
27-Feb-25 1:39:00 PM AEST,33.7,49.7,nan,nan,nan,nan,7.50,0.67,10.60,4.90,8.80,879.10
27-Feb-25 1:40:00 PM AEST,nan,50.7,21.7,nan,nan,nan,348.20,0.64,9.50,4.70,345.60,859.20
27-Feb-25 1:41:00 PM AEST,33.9,52.5,22.1,nan,nan,nan,10.70,0.46,8.30,4.00,2.80,701.60
27-Feb-25 1:42:00 PM AEST,nan,51.3,22.8,nan,nan,nan,286.20,0.72,10.60,6.90,287.00,919.20
27-Feb-25 1:43:00 PM AEST,33.8,52.2,22.4,nan,nan,nan,307.50,0.74,nan,6.10,314.40,846.70
27-Feb-25 1:44:00 PM AEST,nan,53.2,22.6,nan,nan,nan,306.80,0.83,nan,8.10,307.10,631.60
27-Feb-25 1:45:00 PM AEST,33.7,nan,22.9,nan,nan,nan,295.90,0.92,14.20,8.30,292.30,790.80
27-Feb-25 1:46:00 PM AEST,nan,52.8,22.8,nan,nan,nan,294.90,0.94,16.60,8.90,296.90,877.40
27-Feb-25 1:46:05 PM AEST,33.6,nan,nan,nan,nan,nan,nan,nan,nan,nan,nan,nan
27-Feb-25 1:47:00 PM AEST,nan,54.2,22.6,nan,nan,nan,303.30,0.52,9.50,5.10,304.20,886.70
27-Feb-25 1:48:00 PM AEST,33.5,53.2,23.0,nan,nan,nan,319.50,0.94,14.20,8.70,319.20,897.50
27-Feb-25 1:49:00 PM AEST,nan,53.0,22.6,nan,nan,nan,324.50,0.75,11.80,6.90,324.40,381.60
27-Feb-25 1:50:00 PM AEST,nan,53.3,nan,nan,nan,nan,353.10,0.72,nan,6.50,355.00,483.30
27-Feb-25 1:51:00 PM AEST,33.6,53.7,22.7,nan,nan,nan,13.80,0.70,10.60,nan,14.20,837.40
27-Feb-25 1:52:00 PM AEST,nan,54.3,22.9,nan,nan,nan,348.20,0.20,9.50,2.00,349.20,353.30
27-Feb-25 1:52:05 PM AEST,33.7,nan,nan,nan,nan,nan,nan,nan,nan,nan,nan,nan
27-Feb-25 1:53:00 PM AEST,nan,54.2,23.2,nan,nan,nan,332.00,0.21,nan,2.10,305.80,215.80
27-Feb-25 1:53:10 PM AEST,33.8,nan,nan,nan,nan,nan,nan,nan,nan,nan,nan,nan
27-Feb-25 1:54:00 PM AEST,nan,52.8,23.3,nan,nan,nan,324.30,1.01,22.50,9.00,320.60,252.40
27-Feb-25 1:54:15 PM AEST,33.7,nan,nan,nan,nan,nan,nan,nan,nan,nan,nan,nan
27-Feb-25 1:55:00 PM AEST,nan,52.5,22.7,nan,nan,nan,327.00,0.82,11.80,7.60,323.70,895.80
27-Feb-25 1:55:20 PM AEST,33.3,nan,nan,nan,nan,nan,nan,nan,nan,nan,nan,nan
27-Feb-25 1:56:00 PM AEST,nan,52.7,22.3,nan,nan,nan,338.20,1.09,14.20,10.00,338.40,886.70
27-Feb-25 1:56:25 PM AEST,33.2,nan,nan,nan,nan,nan,nan,nan,nan,nan,nan,nan
27-Feb-25 1:56:25 PM AEST,33.3,nan,nan,nan,nan,nan,nan,nan,nan,nan,nan,nan
27-Feb-25 1:57:00 PM AEST,nan,53.3,22.2,nan,nan,nan,322.40,0.73,9.50,7.10,323.30,875.00
27-Feb-25 1:57:30 PM AEST,33.4,nan,nan,nan,nan,nan,nan,nan,nan,nan,nan,nan
27-Feb-25 1:58:00 PM AEST,nan,53.2,22.5,nan,nan,nan,313.90,0.53,nan,3.90,314.90,872.50
27-Feb-25 1:58:35 PM AEST,33.6,nan,nan,nan,nan,nan,nan,nan,nan,nan,nan,nan
27-Feb-25 1:59:00 PM AEST,nan,53.8,22.6,nan,nan,nan,285.40,0.39,nan,3.60,290.00,887.40
27-Feb-25 2:00:00 PM AEST,nan,54.0,22.9,nan,nan,nan,279.70,0.63,nan,6.20,280.90,904.20
27-Feb-25 2:00:14 PM AEST,nan,nan,nan,nan,nan,0.48,nan,nan,nan,nan,nan,nan
27-Feb-25 2:01:00 PM AEST,33.8,54.2,23.0,nan,nan,nan,293.20,0.43,11.80,3.90,308.00,875.00
27-Feb-25 2:02:00 PM AEST,nan,52.8,23.3,nan,nan,nan,308.70,0.75,13.00,7.10,308.30,642.40
27-Feb-25 2:03:00 PM AEST,33.7,53.2,22.8,nan,nan,nan,278.50,0.53,10.60,5.30,279.00,203.30
27-Feb-25 2:04:00 PM AEST,nan,nan,22.9,nan,nan,nan,308.10,0.79,14.20,6.90,308.50,217.50
27-Feb-25 2:05:00 PM AEST,33.5,52.8,22.8,nan,nan,nan,291.50,0.75,10.60,nan,286.40,211.70
27-Feb-25 2:06:00 PM AEST,nan,53.3,22.5,nan,nan,nan,289.40,0.45,7.10,4.30,285.60,164.20
27-Feb-25 2:06:05 PM AEST,33.4,nan,nan,nan,nan,nan,nan,nan,nan,nan,nan,nan
27-Feb-25 2:07:00 PM AEST,nan,53.5,22.6,nan,nan,nan,288.00,0.41,nan,4.10,287.20,155.80
27-Feb-25 2:07:10 PM AEST,33.3,nan,nan,nan,nan,nan,nan,nan,nan,nan,nan,nan
27-Feb-25 2:08:00 PM AEST,nan,54.2,nan,nan,nan,nan,265.00,0.55,16.60,5.00,275.90,663.30
27-Feb-25 2:09:00 PM AEST,33.1,54.3,22.8,nan,nan,nan,323.70,0.73,10.60,7.00,323.50,858.20
27-Feb-25 2:10:00 PM AEST,nan,55.5,22.7,nan,nan,nan,319.00,0.68,13.00,4.90,322.60,728.30
27-Feb-25 2:10:05 PM AEST,33.2,nan,nan,nan,nan,nan,nan,nan,nan,nan,nan,nan
27-Feb-25 2:11:00 PM AEST,nan,55.2,23.1,nan,nan,nan,313.00,0.86,nan,8.20,314.90,841.70
27-Feb-25 2:12:00 PM AEST,33.3,54.8,23.0,nan,nan,nan,317.80,0.79,14.20,7.10,318.40,831.60
27-Feb-25 2:13:00 PM AEST,nan,53.8,nan,nan,nan,nan,305.20,0.68,nan,6.40,308.00,821.70
27-Feb-25 2:14:00 PM AEST,33.4,nan,22.7,nan,nan,nan,323.60,0.67,11.80,5.90,329.40,823.20
27-Feb-25 2:15:00 PM AEST,nan,54.0,22.8,nan,nan,nan,301.20,0.79,nan,7.70,301.50,848.30
27-Feb-25 2:16:00 PM AEST,nan,54.3,nan,nan,nan,nan,323.40,0.86,15.40,7.00,326.70,875.00
27-Feb-25 2:17:00 PM AEST,33.5,54.5,22.9,nan,nan,nan,309.50,0.73,11.80,7.10,309.50,679.90
27-Feb-25 2:18:00 PM AEST,nan,54.2,23.0,nan,nan,nan,306.10,0.75,10.60,5.40,307.60,271.70
27-Feb-25 2:19:00 PM AEST,33.6,55.3,22.9,nan,nan,nan,312.60,0.11,3.50,1.10,312.40,656.60
27-Feb-25 2:20:00 PM AEST,nan,55.8,23.4,nan,nan,nan,303.70,0.31,10.60,3.00,296.00,155.00
27-Feb-25 2:20:05 PM AEST,33.8,nan,nan,nan,nan,nan,nan,nan,nan,nan,nan,nan
27-Feb-25 2:21:00 PM AEST,nan,54.5,23.7,nan,nan,nan,271.40,0.79,11.80,6.70,274.70,671.70
27-Feb-25 2:21:10 PM AEST,33.6,nan,nan,nan,nan,nan,nan,nan,nan,nan,nan,nan
27-Feb-25 2:22:00 PM AEST,nan,53.8,23.2,nan,nan,nan,330.40,0.75,9.50,7.10,330.60,836.60
27-Feb-25 2:22:15 PM AEST,33.5,nan,nan,nan,nan,nan,nan,nan,nan,nan,nan,nan
27-Feb-25 2:23:00 PM AEST,nan,54.2,22.9,nan,nan,nan,324.10,0.62,nan,6.00,325.20,835.80
27-Feb-25 2:23:20 PM AEST,33.6,nan,nan,nan,nan,nan,nan,nan,nan,nan,nan,nan
27-Feb-25 2:24:00 PM AEST,nan,54.7,23.0,nan,nan,nan,344.50,0.22,3.50,2.20,344.00,615.80
27-Feb-25 2:24:25 PM AEST,33.8,nan,nan,nan,nan,nan,nan,nan,nan,nan,nan,nan
27-Feb-25 2:24:25 PM AEST,34.0,nan,nan,nan,nan,nan,nan,nan,nan,nan,nan,nan
27-Feb-25 2:25:00 PM AEST,nan,55.2,23.4,nan,nan,nan,337.90,0.33,5.90,2.70,330.30,365.80
27-Feb-25 2:26:00 PM AEST,nan,52.3,23.7,nan,nan,nan,270.30,0.45,7.10,3.60,274.80,565.00
27-Feb-25 2:27:00 PM AEST,33.9,51.5,22.8,nan,nan,nan,246.30,0.55,9.50,4.70,243.40,354.10
27-Feb-25 2:28:00 PM AEST,nan,52.0,22.5,nan,nan,nan,302.30,0.64,10.60,5.40,301.20,210.00
27-Feb-25 2:28:05 PM AEST,33.7,nan,nan,nan,nan,nan,nan,nan,nan,nan,nan,nan
27-Feb-25 2:29:00 PM AEST,nan,51.5,nan,nan,nan,nan,323.70,0.76,13.00,6.00,320.70,205.80
27-Feb-25 2:29:10 PM AEST,33.6,nan,nan,nan,nan,nan,nan,nan,nan,nan,nan,nan
27-Feb-25 2:30:00 PM AEST,nan,51.3,22.2,nan,nan,nan,325.20,0.72,10.60,5.40,331.50,440.80
27-Feb-25 2:30:15 PM AEST,33.4,nan,nan,nan,nan,nan,nan,nan,nan,nan,nan,nan
27-Feb-25 2:31:00 PM AEST,nan,51.5,22.0,nan,nan,nan,300.10,0.66,9.50,6.40,300.70,734.20
27-Feb-25 2:31:20 PM AEST,33.3,nan,nan,nan,nan,nan,nan,nan,nan,nan,nan,nan
27-Feb-25 2:32:00 PM AEST,nan,52.8,21.9,nan,nan,nan,296.40,0.33,nan,3.30,297.60,830.70
27-Feb-25 2:32:25 PM AEST,33.4,nan,nan,nan,nan,nan,nan,nan,nan,nan,nan,nan
27-Feb-25 2:33:00 PM AEST,nan,53.3,22.5,nan,nan,nan,312.00,0.82,10.60,7.40,313.20,769.20
27-Feb-25 2:34:00 PM AEST,nan,52.8,22.6,nan,nan,nan,309.30,0.66,nan,5.30,311.00,424.20
27-Feb-25 2:35:00 PM AEST,nan,53.2,22.4,nan,nan,nan,292.90,0.62,9.50,5.80,295.80,726.60
27-Feb-25 2:36:00 PM AEST,33.5,53.7,22.5,nan,nan,nan,257.20,0.44,5.90,4.30,258.10,707.50
27-Feb-25 2:37:00 PM AEST,nan,54.3,22.8,nan,nan,nan,203.40,0.24,nan,2.30,207.00,804.10
27-Feb-25 2:37:05 PM AEST,33.6,nan,nan,nan,nan,nan,nan,nan,nan,nan,nan,nan
27-Feb-25 2:38:00 PM AEST,nan,nan,23.1,nan,nan,nan,295.50,0.27,7.10,2.50,299.30,755.80
27-Feb-25 2:38:10 PM AEST,33.7,nan,nan,nan,nan,nan,nan,nan,nan,nan,nan,nan
27-Feb-25 2:39:00 PM AEST,nan,55.2,23.2,nan,nan,nan,300.80,0.25,3.50,nan,300.10,802.50
27-Feb-25 2:39:15 PM AEST,33.9,nan,nan,nan,nan,nan,nan,nan,nan,nan,nan,nan
27-Feb-25 2:40:00 PM AEST,nan,nan,23.6,nan,nan,nan,299.30,0.33,7.10,0.40,322.10,727.40
27-Feb-25 2:40:20 PM AEST,34.0,nan,nan,nan,nan,nan,nan,nan,nan,nan,nan,nan
27-Feb-25 2:41:00 PM AEST,nan,55.5,23.7,nan,nan,nan,323.50,0.86,14.20,7.70,321.20,734.20
27-Feb-25 2:41:25 PM AEST,33.8,nan,nan,nan,nan,nan,nan,nan,nan,nan,nan,nan
27-Feb-25 2:42:00 PM AEST,nan,54.3,23.8,nan,nan,nan,318.60,0.92,13.00,8.10,322.00,486.60
27-Feb-25 2:43:00 PM AEST,nan,55.0,23.3,nan,nan,nan,320.50,0.74,10.60,6.90,317.70,441.70
27-Feb-25 2:44:00 PM AEST,nan,54.5,23.5,nan,nan,nan,298.10,0.25,8.30,2.50,298.20,179.20
27-Feb-25 2:45:00 PM AEST,33.9,nan,23.3,nan,nan,nan,337.30,0.43,7.10,3.80,342.00,675.80
27-Feb-25 2:46:00 PM AEST,nan,54.2,23.4,nan,nan,nan,325.00,0.76,16.60,6.90,318.40,287.50
27-Feb-25 2:46:05 PM AEST,33.8,nan,nan,nan,nan,nan,nan,nan,nan,nan,nan,nan
27-Feb-25 2:47:00 PM AEST,nan,54.5,23.2,nan,nan,nan,275.50,0.46,9.50,4.10,280.60,429.90
27-Feb-25 2:47:10 PM AEST,33.7,nan,nan,nan,nan,nan,nan,nan,nan,nan,nan,nan
27-Feb-25 2:48:00 PM AEST,nan,nan,nan,nan,nan,nan,294.90,0.82,11.80,7.00,297.40,790.00
27-Feb-25 2:48:15 PM AEST,33.6,nan,nan,nan,nan,nan,nan,nan,nan,nan,nan,nan
27-Feb-25 2:49:00 PM AEST,nan,nan,nan,nan,nan,nan,327.80,0.31,5.90,3.00,330.20,610.00
27-Feb-25 2:49:20 PM AEST,33.7,nan,nan,nan,nan,nan,nan,nan,nan,nan,nan,nan
27-Feb-25 2:49:20 PM AEST,33.8,nan,nan,nan,nan,nan,nan,nan,nan,nan,nan,nan
27-Feb-25 2:50:00 PM AEST,nan,55.0,nan,nan,nan,nan,316.60,0.77,15.40,6.20,300.50,732.40
27-Feb-25 2:50:25 PM AEST,33.6,nan,nan,nan,nan,nan,nan,nan,nan,nan,nan,nan
27-Feb-25 2:51:00 PM AEST,nan,54.2,23.5,nan,nan,nan,316.70,1.12,nan,10.90,317.40,821.70
27-Feb-25 2:51:30 PM AEST,33.5,nan,nan,nan,nan,nan,nan,nan,nan,nan,nan,nan
27-Feb-25 2:52:00 PM AEST,nan,54.5,23.0,nan,nan,nan,298.90,0.70,9.50,6.60,301.70,199.10
27-Feb-25 2:52:35 PM AEST,33.6,nan,nan,nan,nan,nan,nan,nan,nan,nan,nan,nan
27-Feb-25 2:53:00 PM AEST,nan,54.7,23.1,nan,nan,nan,295.60,0.62,nan,5.50,291.60,317.50
27-Feb-25 2:53:40 PM AEST,33.5,nan,nan,nan,nan,nan,nan,nan,nan,nan,nan,nan
27-Feb-25 2:54:00 PM AEST,nan,54.5,23.2,nan,nan,nan,321.30,0.72,11.80,7.00,322.60,248.30
27-Feb-25 2:55:00 PM AEST,nan,54.2,23.1,nan,nan,nan,298.40,0.67,10.60,6.10,297.40,590.80
27-Feb-25 2:56:00 PM AEST,nan,54.7,22.9,nan,nan,nan,329.80,0.37,5.90,3.60,329.30,175.00
27-Feb-25 2:57:00 PM AEST,33.6,54.8,23.1,nan,nan,nan,280.60,0.62,10.60,5.20,277.90,482.50
27-Feb-25 2:58:00 PM AEST,nan,54.5,23.2,nan,nan,nan,282.10,nan,9.50,5.50,286.00,541.60
27-Feb-25 2:58:05 PM AEST,33.5,nan,nan,nan,nan,nan,nan,nan,nan,nan,nan,nan
27-Feb-25 2:59:00 PM AEST,nan,55.5,23.0,nan,nan,nan,335.80,0.47,8.30,4.20,327.40,521.70
27-Feb-25 3:00:15 PM AEST,nan,nan,nan,nan,nan,0.25,nan,nan,nan,nan,nan,nan
27-Feb-25 3:01:00 PM AEST,33.6,55.0,23.4,nan,nan,nan,325.80,0.35,7.10,3.30,321.50,569.10
27-Feb-25 3:01:00 PM AEST,33.8,56.0,23.3,nan,nan,nan,338.10,0.07,3.50,0.60,338.20,518.30
27-Feb-25 3:02:00 PM AEST,nan,56.2,23.8,nan,nan,nan,4.40,0.20,nan,2.00,2.80,550.00
27-Feb-25 3:02:05 PM AEST,34.0,nan,nan,nan,nan,nan,nan,nan,nan,nan,nan,nan
27-Feb-25 3:03:00 PM AEST,nan,55.5,24.0,nan,nan,nan,11.10,0.34,9.50,1.80,357.70,193.30
27-Feb-25 3:03:10 PM AEST,34.1,nan,nan,nan,nan,nan,nan,nan,nan,nan,nan,nan
27-Feb-25 3:04:00 PM AEST,nan,54.3,23.9,nan,nan,nan,278.00,0.78,11.80,6.90,283.50,744.20
27-Feb-25 3:04:15 PM AEST,33.8,nan,nan,nan,nan,nan,nan,nan,nan,nan,nan,nan
27-Feb-25 3:05:00 PM AEST,nan,55.5,23.3,nan,nan,nan,287.30,0.59,8.30,3.50,300.60,218.30
27-Feb-25 3:06:00 PM AEST,nan,55.0,23.6,nan,nan,nan,282.80,0.22,4.70,2.20,282.70,255.80
27-Feb-25 3:07:00 PM AEST,nan,54.7,23.5,nan,nan,nan,299.90,0.62,11.80,5.00,312.30,597.50
27-Feb-25 3:08:00 PM AEST,33.5,54.2,23.4,nan,nan,nan,304.00,0.93,16.60,8.90,304.60,303.30
27-Feb-25 3:09:00 PM AEST,nan,53.7,22.9,nan,nan,nan,341.70,0.76,nan,6.60,341.80,338.30
27-Feb-25 3:09:05 PM AEST,33.3,nan,nan,nan,nan,nan,nan,nan,nan,nan,nan,nan
27-Feb-25 3:10:00 PM AEST,nan,53.8,22.6,nan,nan,nan,293.20,0.78,13.00,6.50,303.70,364.10
27-Feb-25 3:10:10 PM AEST,33.2,nan,nan,nan,nan,nan,nan,nan,nan,nan,nan,nan
27-Feb-25 3:11:00 PM AEST,nan,54.2,nan,nan,nan,nan,308.80,0.63,9.50,5.80,313.30,359.20
27-Feb-25 3:11:15 PM AEST,33.1,nan,nan,nan,nan,nan,nan,nan,nan,nan,nan,nan
27-Feb-25 3:12:00 PM AEST,nan,53.2,nan,nan,nan,nan,331.90,0.47,8.30,4.60,328.50,221.70
27-Feb-25 3:13:00 PM AEST,33.2,53.8,22.2,nan,nan,nan,289.40,0.34,4.70,3.00,287.40,199.10
27-Feb-25 3:14:00 PM AEST,nan,54.3,22.5,nan,nan,nan,293.60,0.46,5.90,3.90,290.20,166.70
27-Feb-25 3:14:05 PM AEST,33.1,nan,nan,nan,nan,nan,nan,nan,nan,nan,nan,nan
27-Feb-25 3:15:00 PM AEST,nan,54.2,22.7,nan,nan,nan,301.50,0.57,8.30,5.10,299.90,151.60
27-Feb-25 3:15:10 PM AEST,33.0,nan,nan,nan,nan,nan,nan,nan,nan,nan,nan,nan
27-Feb-25 3:16:00 PM AEST,nan,53.5,22.5,nan,nan,nan,303.40,0.47,nan,4.70,303.00,159.10
27-Feb-25 3:16:15 PM AEST,32.9,nan,nan,nan,nan,nan,nan,nan,nan,nan,nan,nan
27-Feb-25 3:17:00 PM AEST,nan,53.8,22.2,nan,nan,nan,298.10,0.48,7.10,3.80,296.40,666.70
27-Feb-25 3:18:00 PM AEST,33.0,54.5,22.3,nan,nan,nan,294.40,0.59,13.00,5.00,272.80,320.80
27-Feb-25 3:19:00 PM AEST,nan,55.3,22.6,nan,nan,nan,274.10,0.41,7.10,4.10,274.30,223.30
27-Feb-25 3:19:05 PM AEST,32.9,nan,nan,nan,nan,nan,nan,nan,nan,nan,nan,nan
27-Feb-25 3:20:00 PM AEST,nan,54.7,22.7,nan,nan,nan,316.40,0.71,10.60,7.00,316.10,200.80
27-Feb-25 3:21:00 PM AEST,nan,nan,22.5,nan,nan,nan,308.60,0.24,7.10,2.40,305.00,240.80
27-Feb-25 3:22:00 PM AEST,nan,54.5,nan,nan,nan,nan,297.00,0.44,10.60,3.20,299.70,192.50
27-Feb-25 3:23:00 PM AEST,32.8,54.7,nan,nan,nan,nan,309.40,0.75,nan,7.10,312.60,180.00
27-Feb-25 3:24:00 PM AEST,nan,54.5,22.4,nan,nan,nan,272.30,0.57,9.50,4.60,271.40,159.20
27-Feb-25 3:24:05 PM AEST,32.7,nan,nan,nan,nan,nan,nan,nan,nan,nan,nan,nan
27-Feb-25 3:25:00 PM AEST,nan,54.0,22.3,nan,nan,nan,316.40,0.66,nan,6.20,317.00,165.80
27-Feb-25 3:25:10 PM AEST,32.6,nan,nan,nan,nan,nan,nan,nan,nan,nan,nan,nan
27-Feb-25 3:26:00 PM AEST,nan,54.8,22.1,nan,nan,nan,322.10,0.42,nan,4.20,321.60,141.70
27-Feb-25 3:27:00 PM AEST,32.5,nan,22.3,nan,nan,nan,313.80,0.49,8.30,4.80,313.30,136.70
27-Feb-25 3:28:00 PM AEST,nan,55.2,22.2,nan,nan,nan,324.30,0.15,4.70,1.50,324.40,129.10
27-Feb-25 3:28:05 PM AEST,32.6,nan,nan,nan,nan,nan,nan,nan,nan,nan,nan,nan
27-Feb-25 3:29:00 PM AEST,nan,nan,22.4,nan,nan,nan,311.60,0.16,3.50,1.60,310.90,179.20
27-Feb-25 3:30:00 PM AEST,nan,54.8,nan,nan,nan,nan,320.50,0.42,5.90,4.10,322.00,472.40
27-Feb-25 3:31:00 PM AEST,nan,55.0,nan,nan,nan,nan,315.10,0.49,7.10,4.50,306.30,132.50
27-Feb-25 3:32:00 PM AEST,32.5,nan,22.3,nan,nan,nan,293.40,0.48,9.50,4.30,298.50,150.00
27-Feb-25 3:33:00 PM AEST,nan,54.8,nan,nan,nan,nan,291.20,0.85,15.40,7.10,287.40,160.80
27-Feb-25 3:33:05 PM AEST,32.4,nan,nan,nan,nan,nan,nan,nan,nan,nan,nan,nan
27-Feb-25 3:34:00 PM AEST,nan,nan,22.1,nan,nan,nan,287.60,0.58,10.60,5.60,286.60,168.30
27-Feb-25 3:34:10 PM AEST,32.2,nan,nan,nan,nan,nan,nan,nan,nan,nan,nan,nan
27-Feb-25 3:35:00 PM AEST,nan,55.5,22.0,nan,nan,nan,293.10,0.36,5.90,3.60,294.00,231.60
27-Feb-25 3:36:00 PM AEST,32.3,55.7,22.1,nan,nan,nan,290.30,0.59,15.40,5.20,285.60,183.30
27-Feb-25 3:37:00 PM AEST,nan,nan,22.3,nan,nan,nan,304.60,0.78,11.80,7.60,303.90,166.70
27-Feb-25 3:37:05 PM AEST,32.1,nan,nan,nan,nan,nan,nan,nan,nan,nan,nan,nan
27-Feb-25 3:38:00 PM AEST,nan,56.0,22.1,nan,nan,nan,268.20,0.53,8.30,3.60,264.10,183.30
27-Feb-25 3:39:00 PM AEST,nan,56.5,22.2,nan,nan,nan,309.10,0.73,13.00,7.00,307.20,243.30
27-Feb-25 3:40:00 PM AEST,nan,56.8,22.4,nan,nan,nan,323.60,0.48,8.30,4.70,323.40,236.60
27-Feb-25 3:41:00 PM AEST,nan,56.7,nan,nan,nan,nan,268.40,0.56,7.10,4.30,268.10,175.00
27-Feb-25 3:42:00 PM AEST,nan,nan,nan,nan,nan,nan,273.10,0.42,8.30,4.00,278.10,158.30
27-Feb-25 3:43:00 PM AEST,32.0,56.8,nan,nan,nan,nan,280.00,0.60,10.60,3.10,281.70,151.60
27-Feb-25 3:44:00 PM AEST,nan,57.5,nan,nan,nan,nan,302.40,0.40,7.10,3.20,304.10,152.50
27-Feb-25 3:45:00 PM AEST,31.9,58.0,22.5,nan,nan,nan,312.00,0.57,8.30,4.80,314.50,158.30
27-Feb-25 3:46:00 PM AEST,nan,57.7,22.6,nan,nan,nan,303.80,0.58,9.50,nan,309.90,147.50
27-Feb-25 3:47:00 PM AEST,31.8,nan,22.5,nan,nan,nan,297.50,0.78,13.00,7.10,299.40,nan
27-Feb-25 3:48:00 PM AEST,nan,57.8,22.4,nan,nan,nan,305.60,0.72,11.80,6.60,303.90,210.00
27-Feb-25 3:48:05 PM AEST,31.7,nan,nan,nan,nan,nan,nan,nan,nan,nan,nan,nan
27-Feb-25 3:49:00 PM AEST,nan,58.0,nan,nan,nan,nan,306.90,0.68,14.20,6.00,303.80,140.80
27-Feb-25 3:50:00 PM AEST,nan,nan,nan,nan,nan,nan,287.90,0.54,9.50,4.80,298.20,128.30
27-Feb-25 3:51:00 PM AEST,nan,58.3,nan,nan,nan,nan,265.60,0.36,5.90,3.50,267.50,118.30
27-Feb-25 3:52:00 PM AEST,31.6,58.5,22.5,nan,nan,nan,279.20,0.50,11.80,4.80,281.40,104.20
27-Feb-25 3:53:00 PM AEST,nan,58.3,nan,nan,nan,nan,318.30,0.43,7.10,4.20,318.20,99.10
27-Feb-25 3:54:00 PM AEST,nan,58.5,22.4,nan,nan,nan,319.90,0.53,8.30,4.50,317.10,102.50
27-Feb-25 3:55:00 PM AEST,31.5,58.3,nan,nan,nan,nan,293.30,0.60,11.80,4.70,285.10,124.10
27-Feb-25 3:56:00 PM AEST,nan,58.5,22.3,nan,nan,nan,275.90,0.23,3.50,2.30,276.00,471.70
27-Feb-25 3:57:00 PM AEST,31.7,59.8,22.4,nan,nan,nan,280.50,0.30,5.90,2.70,272.50,404.20
27-Feb-25 3:58:00 PM AEST,nan,59.3,22.9,nan,nan,nan,260.50,0.29,nan,2.90,259.70,175.80
27-Feb-25 3:59:00 PM AEST,nan,58.7,22.8,nan,nan,nan,286.70,0.54,11.80,5.30,286.80,146.70
27-Feb-25 4:00:00 PM AEST,31.8,59.0,22.6,nan,nan,nan,280.60,0.28,4.70,2.80,280.50,130.80
27-Feb-25 4:00:16 PM AEST,nan,nan,nan,nan,nan,0.19,nan,nan,nan,nan,nan,nan
27-Feb-25 4:01:00 PM AEST,nan,58.8,22.8,nan,nan,nan,280.80,0.21,3.50,2.10,280.70,135.80
27-Feb-25 4:02:00 PM AEST,31.9,58.5,22.7,nan,nan,nan,289.10,0.33,7.10,2.80,293.60,118.30
27-Feb-25 4:03:00 PM AEST,nan,nan,nan,nan,nan,nan,327.30,0.39,5.90,3.30,333.10,124.10
27-Feb-25 4:03:05 PM AEST,31.8,nan,nan,nan,nan,nan,nan,nan,nan,nan,nan,nan
27-Feb-25 4:04:00 PM AEST,nan,58.8,nan,nan,nan,nan,315.10,0.19,3.50,1.80,320.10,340.80
27-Feb-25 4:05:00 PM AEST,31.9,nan,22.8,nan,nan,nan,318.30,0.49,8.30,4.20,303.80,500.80
27-Feb-25 4:06:00 PM AEST,nan,58.2,nan,nan,nan,nan,287.50,0.47,nan,4.70,286.40,350.00
27-Feb-25 4:07:00 PM AEST,32.0,59.2,22.6,nan,nan,nan,267.00,0.27,7.10,2.40,275.30,258.30
27-Feb-25 4:08:00 PM AEST,nan,58.5,23.1,nan,nan,nan,297.20,0.86,14.20,7.90,298.60,183.30
27-Feb-25 4:09:00 PM AEST,nan,nan,22.8,nan,nan,nan,349.10,0.34,7.10,3.40,348.20,152.50
27-Feb-25 4:10:00 PM AEST,nan,58.8,nan,nan,nan,nan,291.10,0.38,5.90,2.40,280.70,145.80
27-Feb-25 4:11:00 PM AEST,31.9,58.5,22.9,nan,nan,nan,292.40,0.67,10.60,6.20,287.60,307.50
27-Feb-25 4:12:00 PM AEST,nan,58.2,22.8,nan,nan,nan,287.60,0.70,nan,6.70,288.40,163.30
27-Feb-25 4:13:00 PM AEST,nan,58.7,22.6,nan,nan,nan,307.70,0.38,8.30,3.70,309.70,109.10
27-Feb-25 4:14:00 PM AEST,31.8,58.3,22.8,nan,nan,nan,318.30,1.04,17.80,8.70,322.00,237.50
27-Feb-25 4:15:00 PM AEST,nan,58.8,22.6,nan,nan,nan,339.30,0.69,9.50,6.20,338.80,113.30
27-Feb-25 4:15:05 PM AEST,31.7,nan,nan,nan,nan,nan,nan,nan,nan,nan,nan,nan
27-Feb-25 4:16:00 PM AEST,nan,59.2,22.7,nan,nan,nan,263.20,0.35,nan,3.50,264.50,nan
27-Feb-25 4:17:00 PM AEST,31.6,58.7,22.8,nan,nan,nan,276.30,0.89,14.20,7.80,277.70,119.20
27-Feb-25 4:18:00 PM AEST,nan,59.0,22.5,nan,nan,nan,260.90,0.67,15.40,4.80,271.60,155.00
27-Feb-25 4:18:05 PM AEST,31.5,nan,nan,nan,nan,nan,nan,nan,nan,nan,nan,nan
27-Feb-25 4:19:00 PM AEST,nan,58.7,nan,nan,nan,nan,286.90,0.85,14.20,7.80,291.00,104.20
27-Feb-25 4:19:10 PM AEST,31.4,nan,nan,nan,nan,nan,nan,nan,nan,nan,nan,nan
27-Feb-25 4:20:00 PM AEST,nan,59.2,22.3,nan,nan,nan,300.90,0.47,8.30,4.40,309.70,113.30
27-Feb-25 4:21:00 PM AEST,31.3,nan,22.4,nan,nan,nan,304.10,0.73,10.60,7.10,303.40,121.70
27-Feb-25 4:22:00 PM AEST,nan,59.3,nan,nan,nan,nan,315.10,0.37,7.10,3.70,315.70,105.00
27-Feb-25 4:23:00 PM AEST,nan,59.5,nan,nan,nan,nan,308.70,0.59,9.50,5.40,307.50,84.10
27-Feb-25 4:24:00 PM AEST,31.2,58.7,22.5,nan,nan,nan,286.60,0.95,15.40,8.30,292.80,85.80
27-Feb-25 4:25:00 PM AEST,nan,nan,22.1,nan,nan,nan,303.70,0.65,11.80,5.10,297.80,214.10
27-Feb-25 4:25:05 PM AEST,31.1,nan,nan,nan,nan,nan,nan,nan,nan,nan,nan,nan
27-Feb-25 4:26:00 PM AEST,nan,59.2,nan,nan,nan,nan,284.70,0.40,13.00,3.70,291.60,106.70
27-Feb-25 4:26:10 PM AEST,31.2,nan,nan,nan,nan,nan,nan,nan,nan,nan,nan,nan
27-Feb-25 4:27:00 PM AEST,nan,58.5,22.2,nan,nan,nan,321.90,0.88,15.40,8.30,321.70,95.00
27-Feb-25 4:27:15 PM AEST,31.1,nan,nan,nan,nan,nan,nan,nan,nan,nan,nan,nan
27-Feb-25 4:28:00 PM AEST,nan,58.3,22.0,nan,nan,nan,303.80,0.62,17.80,5.80,312.20,93.30
27-Feb-25 4:29:00 PM AEST,31.0,57.3,21.9,nan,nan,nan,311.50,0.66,11.80,5.30,311.70,97.50
27-Feb-25 4:30:00 PM AEST,nan,56.3,21.6,nan,nan,nan,277.40,0.95,16.60,8.30,277.70,100.00
27-Feb-25 4:30:05 PM AEST,30.9,nan,nan,nan,nan,nan,nan,nan,nan,nan,nan,nan
27-Feb-25 4:31:00 PM AEST,nan,nan,21.2,nan,nan,nan,275.70,0.88,18.90,7.10,295.70,130.00
27-Feb-25 4:32:00 PM AEST,30.8,nan,nan,nan,nan,nan,302.50,0.74,14.20,6.50,303.70,106.70
27-Feb-25 4:33:00 PM AEST,nan,nan,21.1,nan,nan,nan,291.20,0.63,13.00,6.00,292.10,303.30
27-Feb-25 4:33:05 PM AEST,30.9,nan,nan,nan,nan,nan,nan,nan,nan,nan,nan,nan
27-Feb-25 4:34:00 PM AEST,nan,56.7,21.2,nan,nan,nan,299.90,0.24,4.70,2.40,300.00,102.50
27-Feb-25 4:35:00 PM AEST,31.0,nan,21.3,nan,nan,nan,317.20,0.56,9.50,3.90,325.00,206.60
27-Feb-25 4:36:00 PM AEST,nan,55.2,21.4,nan,nan,nan,298.10,0.84,14.20,7.90,298.00,245.00
27-Feb-25 4:37:00 PM AEST,30.9,54.7,20.9,nan,nan,nan,281.80,nan,13.00,7.60,282.50,79.20
27-Feb-25 4:38:00 PM AEST,nan,54.5,20.7,nan,nan,nan,293.70,0.42,8.30,4.20,294.40,75.80
27-Feb-25 4:39:00 PM AEST,30.8,nan,20.6,nan,nan,nan,317.50,0.72,10.60,6.90,318.80,85.00
27-Feb-25 4:40:00 PM AEST,nan,54.7,nan,nan,nan,nan,309.50,0.37,5.90,3.60,308.50,177.50
27-Feb-25 4:40:05 PM AEST,30.9,nan,nan,nan,nan,nan,nan,nan,nan,nan,nan,nan
27-Feb-25 4:41:00 PM AEST,nan,54.3,20.7,nan,nan,nan,330.40,0.42,7.10,4.20,330.00,94.20
27-Feb-25 4:42:00 PM AEST,30.8,54.7,20.6,nan,nan,nan,317.40,0.24,4.70,2.40,317.20,90.80
27-Feb-25 4:43:00 PM AEST,nan,54.3,nan,nan,nan,nan,311.90,0.63,13.00,5.90,310.90,218.30
27-Feb-25 4:43:05 PM AEST,30.9,nan,nan,nan,nan,nan,nan,nan,nan,nan,nan,nan
27-Feb-25 4:44:00 PM AEST,nan,54.5,nan,nan,nan,nan,337.90,0.64,10.60,5.70,330.40,155.00
27-Feb-25 4:44:10 PM AEST,30.8,nan,nan,nan,nan,nan,nan,nan,nan,nan,nan,nan
27-Feb-25 4:45:00 PM AEST,nan,nan,nan,nan,nan,nan,323.10,1.04,15.40,9.40,322.70,190.80
27-Feb-25 4:45:15 PM AEST,30.7,nan,nan,nan,nan,nan,nan,nan,nan,nan,nan,nan
27-Feb-25 4:45:15 PM AEST,30.8,nan,nan,nan,nan,nan,nan,nan,nan,nan,nan,nan
27-Feb-25 4:46:00 PM AEST,nan,54.8,20.5,nan,nan,nan,336.10,0.48,7.10,4.50,338.70,355.00
27-Feb-25 4:46:20 PM AEST,30.9,nan,nan,nan,nan,nan,nan,nan,nan,nan,nan,nan
27-Feb-25 4:47:00 PM AEST,nan,55.3,20.7,nan,nan,nan,307.50,0.40,5.90,4.00,307.50,342.40
27-Feb-25 4:47:25 PM AEST,31.0,nan,nan,nan,nan,nan,nan,nan,nan,nan,nan,nan
27-Feb-25 4:48:00 PM AEST,nan,55.5,20.9,nan,nan,nan,326.20,0.53,7.10,4.60,324.60,334.20
27-Feb-25 4:48:30 PM AEST,31.1,nan,nan,nan,nan,nan,nan,nan,nan,nan,nan,nan
27-Feb-25 4:49:00 PM AEST,nan,55.3,21.1,nan,nan,nan,309.80,0.82,15.40,7.00,313.80,326.70
27-Feb-25 4:49:35 PM AEST,31.2,nan,nan,nan,nan,nan,nan,nan,nan,nan,nan,nan
27-Feb-25 4:50:00 PM AEST,nan,nan,nan,nan,nan,nan,315.40,0.54,9.50,5.00,nan,319.90
27-Feb-25 4:51:00 PM AEST,nan,55.5,nan,nan,nan,nan,321.80,0.72,13.00,5.80,316.70,319.20
27-Feb-25 4:52:00 PM AEST,31.3,56.0,21.2,nan,nan,nan,315.60,0.54,8.30,5.00,315.60,315.80
27-Feb-25 4:53:00 PM AEST,nan,56.5,21.5,nan,nan,nan,215.20,0.34,5.90,1.20,219.50,311.70
27-Feb-25 4:53:05 PM AEST,31.4,nan,nan,nan,nan,nan,nan,nan,nan,nan,nan,nan
27-Feb-25 4:54:00 PM AEST,nan,56.3,21.7,nan,nan,nan,343.90,0.24,4.70,2.30,341.30,306.70
27-Feb-25 4:54:10 PM AEST,31.6,nan,nan,nan,nan,nan,nan,nan,nan,nan,nan,nan
27-Feb-25 4:55:00 PM AEST,nan,56.5,21.9,nan,nan,nan,343.60,0.33,5.90,3.10,341.90,302.40
27-Feb-25 4:55:15 PM AEST,31.8,nan,nan,nan,nan,nan,nan,nan,nan,nan,nan,nan
27-Feb-25 4:56:00 PM AEST,nan,56.8,22.0,nan,nan,nan,294.70,0.21,4.70,2.10,294.70,299.20
27-Feb-25 4:56:20 PM AEST,31.9,nan,nan,nan,nan,nan,nan,nan,nan,nan,nan,nan
27-Feb-25 4:57:00 PM AEST,nan,57.0,22.3,nan,nan,nan,295.40,0.09,2.40,0.90,295.60,296.60
27-Feb-25 4:57:25 PM AEST,32.1,nan,nan,nan,nan,nan,nan,nan,nan,nan,nan,nan
27-Feb-25 4:58:00 PM AEST,nan,56.3,22.5,nan,nan,nan,291.30,0.25,9.50,2.20,281.40,294.20
27-Feb-25 4:58:30 PM AEST,32.2,nan,nan,nan,nan,nan,nan,nan,nan,nan,nan,nan
27-Feb-25 4:59:00 PM AEST,nan,55.5,22.4,nan,nan,nan,350.00,0.63,10.60,5.50,348.40,290.80
27-Feb-25 4:59:35 PM AEST,32.1,nan,nan,nan,nan,nan,nan,nan,nan,nan,nan,nan
27-Feb-25 5:00:00 PM AEST,nan,nan,22.2,nan,nan,nan,320.40,nan,9.50,6.20,320.00,285.80
27-Feb-25 5:00:17 PM AEST,nan,nan,nan,nan,nan,0.11,nan,nan,nan,nan,nan,nan
27-Feb-25 5:00:40 PM AEST,32.2,nan,nan,nan,nan,nan,nan,nan,nan,nan,nan,nan
27-Feb-25 5:01:00 PM AEST,nan,54.8,22.1,nan,nan,nan,297.10,0.32,5.90,3.00,305.40,281.70
27-Feb-25 5:01:45 PM AEST,32.3,nan,nan,nan,nan,nan,nan,nan,nan,nan,nan,nan
27-Feb-25 5:02:00 PM AEST,nan,55.7,22.0,nan,nan,nan,295.40,0.33,nan,3.30,295.60,278.30
27-Feb-25 5:02:50 PM AEST,32.5,nan,nan,nan,nan,nan,nan,nan,nan,nan,nan,nan
27-Feb-25 5:03:00 PM AEST,nan,56.7,22.3,nan,nan,nan,297.00,0.03,2.40,0.30,296.60,275.00
27-Feb-25 5:03:55 PM AEST,32.7,nan,nan,nan,nan,nan,nan,nan,nan,nan,nan,nan
27-Feb-25 5:04:00 PM AEST,nan,56.3,22.8,nan,nan,nan,308.80,0.15,4.70,1.50,330.70,270.80
27-Feb-25 5:05:00 PM AEST,nan,55.7,nan,nan,nan,nan,323.80,0.47,7.10,4.60,321.60,267.40
27-Feb-25 5:06:00 PM AEST,nan,55.5,22.6,nan,nan,nan,315.20,0.34,4.70,3.40,315.10,264.20
27-Feb-25 5:07:00 PM AEST,32.8,55.0,nan,nan,nan,nan,298.10,0.30,5.90,2.90,296.80,259.90
27-Feb-25 5:08:00 PM AEST,nan,55.7,nan,nan,nan,nan,293.80,0.25,3.50,2.50,293.80,255.80
27-Feb-25 5:09:00 PM AEST,32.9,nan,22.8,nan,nan,nan,293.90,0.11,nan,1.10,293.60,253.30
27-Feb-25 5:10:00 PM AEST,nan,nan,22.9,nan,nan,nan,294.00,0.02,1.20,0.20,293.10,249.10
27-Feb-25 5:10:05 PM AEST,33.1,nan,nan,nan,nan,nan,nan,nan,nan,nan,nan,nan
27-Feb-25 5:11:00 PM AEST,nan,55.8,23.0,nan,nan,nan,nan,0.08,2.40,0.80,294.10,245.00
27-Feb-25 5:11:10 PM AEST,33.3,nan,nan,nan,nan,nan,nan,nan,nan,nan,nan,nan
27-Feb-25 5:12:00 PM AEST,nan,nan,23.2,nan,nan,nan,nan,0.21,3.50,2.10,294.00,241.60
27-Feb-25 5:13:00 PM AEST,nan,55.5,nan,nan,nan,nan,331.50,0.33,5.90,2.80,346.70,237.50
27-Feb-25 5:14:00 PM AEST,33.2,55.2,nan,nan,nan,nan,356.60,0.31,4.70,2.60,1.60,234.10
27-Feb-25 5:15:00 PM AEST,nan,nan,23.0,nan,nan,nan,45.40,0.34,5.90,nan,27.70,230.00
27-Feb-25 5:15:05 PM AEST,33.0,nan,nan,nan,nan,nan,nan,nan,nan,nan,nan,nan
27-Feb-25 5:16:00 PM AEST,nan,54.3,22.8,nan,nan,nan,350.10,0.22,nan,2.20,350.20,226.70
27-Feb-25 5:16:10 PM AEST,33.1,nan,nan,nan,nan,nan,nan,nan,nan,nan,nan,nan
27-Feb-25 5:17:00 PM AEST,nan,nan,22.7,nan,nan,nan,33.50,0.32,nan,3.10,36.40,223.30
27-Feb-25 5:17:15 PM AEST,33.2,nan,nan,nan,nan,nan,nan,nan,nan,nan,nan,nan
27-Feb-25 5:18:00 PM AEST,nan,nan,nan,nan,nan,nan,327.20,0.35,4.70,3.00,328.70,220.80
27-Feb-25 5:18:20 PM AEST,33.0,nan,nan,nan,nan,nan,nan,nan,nan,nan,nan,nan
27-Feb-25 5:19:00 PM AEST,nan,54.0,nan,nan,nan,nan,264.10,0.50,7.10,4.80,263.20,217.50
27-Feb-25 5:19:25 PM AEST,33.1,nan,nan,nan,nan,nan,nan,nan,nan,nan,nan,nan
27-Feb-25 5:20:00 PM AEST,nan,54.3,22.5,nan,nan,nan,294.90,0.12,3.50,1.20,294.70,213.30
27-Feb-25 5:20:30 PM AEST,33.2,nan,nan,nan,nan,nan,nan,nan,nan,nan,nan,nan
27-Feb-25 5:21:00 PM AEST,nan,55.7,22.6,nan,nan,nan,305.60,0.17,nan,1.60,314.10,210.00
27-Feb-25 5:21:35 PM AEST,33.1,nan,nan,nan,nan,nan,nan,nan,nan,nan,nan,nan
27-Feb-25 5:22:00 PM AEST,nan,56.5,23.1,nan,nan,nan,331.30,0.24,nan,2.40,331.40,205.00
27-Feb-25 5:22:40 PM AEST,33.0,nan,nan,nan,nan,nan,nan,nan,nan,nan,nan,nan
27-Feb-25 5:23:00 PM AEST,nan,55.8,23.2,nan,nan,nan,20.60,0.35,4.70,3.30,21.40,201.70
27-Feb-25 5:23:45 PM AEST,33.1,nan,nan,nan,nan,nan,nan,nan,nan,nan,nan,nan
27-Feb-25 5:24:00 PM AEST,nan,56.3,23.0,nan,nan,nan,29.40,0.11,2.40,1.10,29.40,196.60
27-Feb-25 5:25:00 PM AEST,nan,54.5,23.2,nan,nan,nan,304.40,0.35,5.90,3.40,299.90,194.20
27-Feb-25 5:26:00 PM AEST,33.0,nan,22.7,nan,nan,nan,350.10,0.49,7.10,4.60,348.70,190.80
27-Feb-25 5:27:00 PM AEST,nan,54.8,22.6,nan,nan,nan,353.20,0.35,5.90,3.50,353.20,187.50
27-Feb-25 5:28:00 PM AEST,33.1,56.5,22.7,nan,nan,nan,353.90,0.29,4.70,2.90,353.90,183.30
27-Feb-25 5:29:00 PM AEST,nan,57.2,23.3,nan,nan,nan,48.00,0.60,7.10,5.80,49.60,179.10
27-Feb-25 5:29:05 PM AEST,32.8,nan,nan,nan,nan,nan,nan,nan,nan,nan,nan,nan
27-Feb-25 5:30:00 PM AEST,nan,nan,23.2,nan,nan,nan,76.70,0.50,nan,5.00,76.00,176.70
27-Feb-25 5:30:10 PM AEST,32.3,nan,nan,nan,nan,nan,nan,nan,nan,nan,nan,nan
27-Feb-25 5:31:00 PM AEST,nan,nan,22.7,nan,nan,nan,86.10,0.25,4.70,2.50,86.10,172.50
27-Feb-25 5:31:15 PM AEST,32.1,nan,nan,nan,nan,nan,nan,nan,nan,nan,nan,nan
27-Feb-25 5:32:00 PM AEST,nan,58.2,22.5,nan,nan,nan,86.20,0.05,2.40,0.50,86.60,169.10
27-Feb-25 5:32:20 PM AEST,32.2,nan,nan,nan,nan,nan,nan,nan,nan,nan,nan,nan
27-Feb-25 5:33:00 PM AEST,nan,57.8,23.0,nan,nan,nan,106.70,0.34,5.90,3.30,113.90,165.00
27-Feb-25 5:33:25 PM AEST,32.1,nan,nan,nan,nan,nan,nan,nan,nan,nan,nan,nan
27-Feb-25 5:33:25 PM AEST,31.7,nan,nan,nan,nan,nan,nan,nan,nan,nan,nan,nan
27-Feb-25 5:34:00 PM AEST,nan,57.7,22.7,nan,nan,nan,90.60,0.54,nan,5.40,90.20,161.60
27-Feb-25 5:34:30 PM AEST,31.4,nan,nan,nan,nan,nan,nan,nan,nan,nan,nan,nan
27-Feb-25 5:35:00 PM AEST,nan,58.7,22.3,nan,nan,nan,91.90,0.38,4.70,3.80,91.90,152.50
27-Feb-25 5:36:00 PM AEST,nan,59.5,nan,nan,nan,nan,92.20,0.20,3.50,2.00,92.20,93.30
27-Feb-25 5:37:00 PM AEST,31.1,59.8,22.5,nan,nan,nan,96.30,0.33,4.70,3.30,96.30,34.10
27-Feb-25 5:38:00 PM AEST,nan,60.3,22.4,nan,nan,nan,nan,0.40,nan,4.00,nan,25.00
27-Feb-25 5:38:05 PM AEST,31.0,nan,nan,nan,nan,nan,nan,nan,nan,nan,nan,nan
27-Feb-25 5:39:00 PM AEST,nan,60.8,nan,nan,nan,nan,96.00,0.21,3.50,2.10,96.00,nan
27-Feb-25 5:39:10 PM AEST,30.9,nan,nan,nan,nan,nan,nan,nan,nan,nan,nan,nan
27-Feb-25 5:40:00 PM AEST,nan,61.0,nan,nan,nan,nan,nan,0.51,5.90,5.10,nan,24.20
27-Feb-25 5:40:15 PM AEST,30.6,nan,nan,nan,nan,nan,nan,nan,nan,nan,nan,nan
27-Feb-25 5:41:00 PM AEST,nan,60.8,22.2,nan,nan,nan,nan,0.43,nan,4.30,nan,23.30
27-Feb-25 5:41:20 PM AEST,30.3,nan,nan,nan,nan,nan,nan,nan,nan,nan,nan,nan
27-Feb-25 5:42:00 PM AEST,nan,61.5,21.9,nan,nan,nan,95.90,0.32,4.70,3.20,95.90,22.50
27-Feb-25 5:42:25 PM AEST,30.2,nan,nan,nan,nan,nan,nan,nan,nan,nan,nan,nan
27-Feb-25 5:43:00 PM AEST,nan,61.7,22.0,nan,nan,nan,96.00,0.38,nan,3.80,96.00,nan
27-Feb-25 5:43:30 PM AEST,30.0,nan,nan,nan,nan,nan,nan,nan,nan,nan,nan,nan
27-Feb-25 5:43:30 PM AEST,29.8,nan,nan,nan,nan,nan,nan,nan,nan,nan,nan,nan
27-Feb-25 5:44:00 PM AEST,nan,62.5,21.8,nan,nan,nan,nan,0.31,nan,3.10,nan,nan
27-Feb-25 5:44:35 PM AEST,29.7,nan,nan,nan,nan,nan,nan,nan,nan,nan,nan,nan
27-Feb-25 5:45:00 PM AEST,nan,63.0,21.9,nan,nan,nan,nan,0.25,3.50,2.50,95.90,21.70
27-Feb-25 5:46:00 PM AEST,nan,63.5,nan,nan,nan,nan,nan,0.04,2.40,0.40,95.80,nan
27-Feb-25 5:47:00 PM AEST,29.8,63.8,22.1,nan,nan,nan,nan,nan,3.50,nan,95.90,21.60
27-Feb-25 5:48:00 PM AEST,nan,63.3,22.2,nan,nan,nan,92.40,0.43,5.90,4.20,91.40,20.00
27-Feb-25 5:48:05 PM AEST,29.6,nan,nan,nan,nan,nan,nan,nan,nan,nan,nan,nan
27-Feb-25 5:49:00 PM AEST,nan,62.5,21.9,nan,nan,nan,56.80,0.29,nan,2.90,57.30,20.80
27-Feb-25 5:49:10 PM AEST,29.5,nan,nan,nan,nan,nan,nan,nan,nan,nan,nan,nan
27-Feb-25 5:50:00 PM AEST,nan,63.5,21.6,nan,nan,nan,56.60,0.33,4.70,3.30,56.70,nan
27-Feb-25 5:50:15 PM AEST,29.4,nan,nan,nan,nan,nan,nan,nan,nan,nan,nan,nan
27-Feb-25 5:51:00 PM AEST,nan,64.2,21.7,nan,nan,nan,57.30,0.38,5.90,3.80,57.40,20.00
27-Feb-25 5:51:20 PM AEST,29.1,nan,nan,nan,nan,nan,nan,nan,nan,nan,nan,nan
27-Feb-25 5:52:00 PM AEST,nan,nan,nan,nan,nan,nan,85.80,0.57,7.10,5.70,85.80,nan
27-Feb-25 5:52:25 PM AEST,28.9,nan,nan,nan,nan,nan,nan,nan,nan,nan,nan,nan
27-Feb-25 5:53:00 PM AEST,nan,64.8,21.4,nan,nan,nan,91.80,0.34,4.70,3.40,91.80,18.30
27-Feb-25 5:53:30 PM AEST,28.7,nan,nan,nan,nan,nan,nan,nan,nan,nan,nan,nan
27-Feb-25 5:53:30 PM AEST,28.8,nan,nan,nan,nan,nan,nan,nan,nan,nan,nan,nan
27-Feb-25 5:54:00 PM AEST,nan,65.5,21.5,nan,nan,nan,nan,0.05,2.40,0.50,91.90,19.10
27-Feb-25 5:54:35 PM AEST,28.7,nan,nan,nan,nan,nan,nan,nan,nan,nan,nan,nan
27-Feb-25 5:55:00 PM AEST,nan,65.7,21.7,nan,nan,nan,91.60,0.45,5.90,4.50,91.60,19.20
27-Feb-25 5:55:40 PM AEST,28.6,nan,nan,nan,nan,nan,nan,nan,nan,nan,nan,nan
27-Feb-25 5:56:00 PM AEST,nan,66.0,nan,nan,nan,nan,47.50,0.54,8.30,4.10,42.80,18.30
27-Feb-25 5:56:45 PM AEST,28.5,nan,nan,nan,nan,nan,nan,nan,nan,nan,nan,nan
27-Feb-25 5:57:00 PM AEST,nan,65.7,21.6,nan,nan,nan,56.00,0.48,7.10,4.80,54.80,19.10
27-Feb-25 5:58:00 PM AEST,nan,66.7,21.5,nan,nan,nan,60.30,0.24,3.50,2.40,60.40,19.20
27-Feb-25 5:59:00 PM AEST,28.4,67.0,21.7,nan,nan,nan,60.20,0.18,5.90,1.80,60.30,18.30
27-Feb-25 6:00:00 PM AEST,nan,nan,nan,nan,nan,nan,61.20,0.59,7.10,5.90,61.20,19.20
27-Feb-25 6:00:05 PM AEST,28.3,nan,nan,nan,nan,nan,nan,nan,nan,nan,nan,nan
27-Feb-25 6:00:18 PM AEST,nan,nan,nan,nan,nan,0.01,nan,nan,nan,nan,nan,nan
27-Feb-25 6:01:00 PM AEST,nan,67.3,21.6,nan,nan,nan,62.40,0.49,nan,4.90,62.40,nan
27-Feb-25 6:01:10 PM AEST,28.2,nan,nan,nan,nan,nan,nan,nan,nan,nan,nan,nan
27-Feb-25 6:02:00 PM AEST,nan,67.8,21.5,nan,nan,nan,70.20,0.44,5.90,4.40,70.00,22.50
27-Feb-25 6:02:15 PM AEST,28.0,nan,nan,nan,nan,nan,nan,nan,nan,nan,nan,nan
27-Feb-25 6:03:00 PM AEST,nan,68.3,nan,nan,nan,nan,72.90,0.12,3.50,1.20,73.00,25.00
27-Feb-25 6:04:00 PM AEST,nan,68.8,21.6,nan,nan,nan,nan,0.05,2.40,0.50,72.90,30.00
27-Feb-25 6:05:00 PM AEST,28.1,68.5,21.8,nan,nan,nan,nan,0.03,1.20,0.30,72.40,32.50
27-Feb-25 6:06:00 PM AEST,nan,68.8,21.7,nan,nan,nan,nan,0.21,3.50,2.10,72.90,30.80
27-Feb-25 6:06:05 PM AEST,28.0,nan,nan,nan,nan,nan,nan,nan,nan,nan,nan,nan
27-Feb-25 6:07:00 PM AEST,nan,69.2,21.8,nan,nan,nan,72.80,0.10,2.40,1.00,nan,28.30
27-Feb-25 6:08:00 PM AEST,27.9,69.7,nan,nan,nan,nan,73.00,0.18,3.50,1.80,73.10,25.00
27-Feb-25 6:09:00 PM AEST,nan,69.8,nan,nan,nan,nan,72.90,0.05,1.20,0.50,73.30,22.50
27-Feb-25 6:10:00 PM AEST,nan,70.0,21.9,nan,nan,nan,nan,0.02,nan,0.20,73.40,20.80
27-Feb-25 6:11:00 PM AEST,27.8,70.5,nan,nan,nan,nan,nan,0.08,2.40,0.80,73.00,20.00
27-Feb-25 6:12:00 PM AEST,nan,70.7,22.0,nan,nan,nan,70.10,0.27,7.10,2.70,66.50,nan
27-Feb-25 6:13:00 PM AEST,27.6,70.5,nan,nan,nan,nan,75.30,0.54,nan,5.40,75.20,18.30
27-Feb-25 6:14:00 PM AEST,nan,nan,21.8,nan,nan,nan,79.20,0.42,nan,4.20,79.30,17.50
27-Feb-25 6:14:05 PM AEST,27.5,nan,nan,nan,nan,nan,nan,nan,nan,nan,nan,nan
27-Feb-25 6:15:00 PM AEST,nan,71.2,21.7,nan,nan,nan,79.30,0.37,4.70,3.70,nan,15.80
27-Feb-25 6:16:00 PM AEST,nan,71.7,21.8,nan,nan,nan,79.20,0.25,3.50,2.50,nan,nan
27-Feb-25 6:17:00 PM AEST,27.4,nan,21.9,nan,nan,nan,nan,0.37,4.70,3.70,79.20,15.00
27-Feb-25 6:18:00 PM AEST,nan,nan,nan,nan,nan,nan,nan,0.24,3.50,2.40,79.30,nan
27-Feb-25 6:19:00 PM AEST,nan,72.5,nan,nan,nan,nan,79.30,0.22,nan,2.20,nan,nan
27-Feb-25 6:20:00 PM AEST,27.3,nan,22.0,nan,nan,nan,nan,0.16,2.40,1.60,79.50,13.30
27-Feb-25 6:21:00 PM AEST,nan,73.0,21.9,nan,nan,nan,nan,0.09,nan,0.90,79.60,15.00
27-Feb-25 6:21:05 PM AEST,27.2,nan,nan,nan,nan,nan,nan,nan,nan,nan,nan,nan
27-Feb-25 6:22:00 PM AEST,nan,73.5,22.0,nan,nan,nan,nan,0.07,1.20,0.60,79.90,15.80
27-Feb-25 6:23:00 PM AEST,nan,73.7,22.1,nan,nan,nan,nan,0.17,3.50,1.70,79.50,16.70
27-Feb-25 6:24:00 PM AEST,27.1,73.8,nan,nan,nan,nan,nan,0.14,nan,1.40,nan,15.00
27-Feb-25 6:25:00 PM AEST,nan,73.7,nan,nan,nan,nan,nan,0.18,nan,1.80,nan,14.20
27-Feb-25 6:26:00 PM AEST,nan,73.8,22.0,nan,nan,nan,79.20,0.01,1.20,0.10,79.40,11.60
27-Feb-25 6:27:00 PM AEST,nan,nan,22.1,nan,nan,nan,79.30,0.00,0.00,0.00,0.00,12.50
27-Feb-25 6:28:00 PM AEST,27.2,nan,nan,nan,nan,nan,79.20,nan,nan,nan,nan,10.80
27-Feb-25 6:29:00 PM AEST,nan,nan,nan,nan,nan,nan,nan,nan,nan,nan,nan,10.00
27-Feb-25 6:30:00 PM AEST,nan,74.3,22.2,nan,nan,nan,nan,0.04,2.40,0.40,79.60,8.30
27-Feb-25 6:31:00 PM AEST,27.1,74.5,nan,nan,nan,nan,79.30,0.14,nan,1.40,79.30,7.50
27-Feb-25 6:32:00 PM AEST,nan,74.3,nan,nan,nan,nan,nan,0.22,3.50,2.20,nan,6.70
27-Feb-25 6:32:05 PM AEST,27.0,nan,nan,nan,nan,nan,nan,nan,nan,nan,nan,nan
27-Feb-25 6:33:00 PM AEST,nan,74.5,22.1,nan,nan,nan,nan,0.25,nan,2.50,79.50,7.50
27-Feb-25 6:33:10 PM AEST,26.9,nan,nan,nan,nan,nan,nan,nan,nan,nan,nan,nan
27-Feb-25 6:34:00 PM AEST,nan,75.0,22.0,nan,nan,nan,nan,0.29,nan,2.90,79.40,5.80
27-Feb-25 6:34:15 PM AEST,26.8,nan,nan,nan,nan,nan,nan,nan,nan,nan,nan,nan
27-Feb-25 6:35:00 PM AEST,nan,75.2,nan,nan,nan,nan,nan,0.17,nan,1.70,nan,5.00
27-Feb-25 6:35:20 PM AEST,26.7,nan,nan,nan,nan,nan,nan,nan,nan,nan,nan,nan
27-Feb-25 6:36:00 PM AEST,nan,75.5,21.9,nan,nan,nan,nan,0.01,1.20,0.10,nan,nan
27-Feb-25 6:37:00 PM AEST,nan,75.8,22.0,nan,nan,nan,nan,nan,nan,nan,82.90,nan
27-Feb-25 6:38:00 PM AEST,26.6,76.2,22.1,nan,nan,nan,nan,nan,nan,nan,79.40,4.10
27-Feb-25 6:39:00 PM AEST,nan,nan,nan,nan,nan,nan,79.20,0.00,0.00,0.00,0.00,3.30
27-Feb-25 6:40:00 PM AEST,nan,76.3,nan,nan,nan,nan,79.30,0.07,1.20,0.70,79.30,nan
27-Feb-25 6:41:00 PM AEST,26.5,76.7,nan,nan,nan,nan,nan,0.03,nan,0.30,79.50,2.50
27-Feb-25 6:42:00 PM AEST,nan,76.8,22.0,nan,nan,nan,79.40,0.00,0.00,0.00,0.00,nan
27-Feb-25 6:42:05 PM AEST,26.4,nan,nan,nan,nan,nan,nan,nan,nan,nan,nan,nan
27-Feb-25 6:43:00 PM AEST,nan,77.2,nan,nan,nan,nan,79.30,0.01,1.20,0.10,82.90,1.60
27-Feb-25 6:44:00 PM AEST,nan,77.7,22.1,nan,nan,nan,79.20,nan,nan,nan,nan,1.70
27-Feb-25 6:45:00 PM AEST,26.3,77.8,nan,nan,nan,nan,79.30,0.09,2.40,0.90,79.10,1.60
27-Feb-25 6:46:00 PM AEST,nan,78.2,nan,nan,nan,nan,nan,0.13,nan,1.30,79.50,1.70
27-Feb-25 6:46:05 PM AEST,26.2,nan,nan,nan,nan,nan,nan,nan,nan,nan,nan,nan
27-Feb-25 6:47:00 PM AEST,nan,78.3,nan,nan,nan,nan,nan,0.19,3.50,2.00,79.40,0.80
27-Feb-25 6:47:10 PM AEST,26.1,nan,nan,nan,nan,nan,nan,nan,nan,nan,nan,nan
27-Feb-25 6:48:00 PM AEST,nan,78.2,nan,nan,nan,nan,79.20,0.00,0.00,0.00,0.00,nan
27-Feb-25 6:48:15 PM AEST,26.2,nan,nan,nan,nan,nan,nan,nan,nan,nan,nan,nan
27-Feb-25 6:49:00 PM AEST,nan,78.3,nan,nan,nan,nan,nan,nan,nan,nan,nan,nan
27-Feb-25 6:50:00 PM AEST,26.1,78.8,nan,nan,nan,nan,79.30,nan,nan,nan,nan,0.00
27-Feb-25 6:51:00 PM AEST,nan,nan,nan,nan,nan,nan,79.20,0.24,3.50,2.40,79.30,nan
27-Feb-25 6:51:05 PM AEST,26.0,nan,nan,nan,nan,nan,nan,nan,nan,nan,nan,nan
27-Feb-25 6:52:00 PM AEST,nan,nan,22.0,nan,nan,nan,nan,0.05,2.40,0.50,79.60,nan
27-Feb-25 6:53:00 PM AEST,25.9,79.2,nan,nan,nan,nan,nan,0.00,0.00,0.00,0.00,nan
27-Feb-25 6:54:00 PM AEST,nan,79.3,nan,nan,nan,nan,79.30,0.01,1.20,0.10,79.40,nan
27-Feb-25 6:55:00 PM AEST,nan,79.2,nan,nan,nan,nan,120.30,0.19,3.50,1.60,114.50,nan
27-Feb-25 6:56:00 PM AEST,nan,79.0,nan,nan,nan,nan,146.90,0.00,0.00,0.00,0.00,nan
27-Feb-25 6:57:00 PM AEST,nan,79.7,nan,nan,nan,nan,146.80,0.01,1.20,0.10,145.30,nan
27-Feb-25 6:58:00 PM AEST,25.8,80.0,22.1,nan,nan,nan,146.90,0.00,0.00,0.00,0.00,nan
27-Feb-25 6:59:00 PM AEST,nan,80.3,nan,nan,nan,nan,146.80,nan,nan,nan,nan,nan
27-Feb-25 6:59:05 PM AEST,25.7,nan,nan,nan,nan,nan,nan,nan,nan,nan,nan,nan
27-Feb-25 7:00:00 PM AEST,nan,nan,nan,nan,nan,nan,146.90,nan,nan,nan,nan,nan
27-Feb-25 7:00:10 PM AEST,25.6,nan,nan,nan,nan,nan,nan,nan,nan,nan,nan,nan
27-Feb-25 7:00:19 PM AEST,nan,nan,nan,nan,nan,65.53,nan,nan,nan,nan,nan,nan
27-Feb-25 7:01:00 PM AEST,nan,nan,22.0,nan,nan,nan,146.80,nan,nan,nan,nan,nan
27-Feb-25 7:02:00 PM AEST,nan,80.2,nan,nan,nan,nan,146.90,nan,nan,nan,nan,nan
27-Feb-25 7:03:00 PM AEST,25.5,80.0,21.9,nan,nan,nan,146.80,nan,nan,nan,nan,nan
27-Feb-25 7:04:00 PM AEST,nan,80.3,21.8,nan,nan,nan,146.90,nan,nan,nan,nan,nan
27-Feb-25 7:05:00 PM AEST,nan,80.7,21.9,nan,nan,nan,146.80,nan,nan,nan,nan,nan
27-Feb-25 7:06:00 PM AEST,25.4,80.8,nan,nan,nan,nan,146.90,0.01,1.20,0.10,145.30,nan
27-Feb-25 7:07:00 PM AEST,nan,81.0,nan,nan,nan,nan,146.80,0.00,0.00,0.00,0.00,nan
27-Feb-25 7:08:00 PM AEST,nan,81.2,nan,nan,nan,nan,nan,nan,nan,nan,nan,nan
27-Feb-25 7:09:00 PM AEST,nan,81.0,nan,nan,nan,nan,146.90,nan,nan,nan,nan,0.80
27-Feb-25 7:10:00 PM AEST,25.3,81.3,nan,nan,nan,nan,146.80,nan,nan,nan,nan,0.00
27-Feb-25 7:11:00 PM AEST,nan,nan,nan,nan,nan,nan,146.90,nan,nan,nan,nan,nan
27-Feb-25 7:12:00 PM AEST,nan,81.8,21.8,nan,nan,nan,146.80,nan,nan,nan,nan,nan
27-Feb-25 7:13:00 PM AEST,25.2,nan,21.9,nan,nan,nan,146.90,nan,nan,nan,nan,nan
27-Feb-25 7:14:00 PM AEST,nan,82.0,21.8,nan,nan,nan,146.80,nan,nan,nan,nan,nan
27-Feb-25 7:15:00 PM AEST,25.1,82.2,21.9,nan,nan,nan,146.90,0.06,2.40,0.60,147.10,nan
27-Feb-25 7:16:00 PM AEST,nan,82.3,nan,nan,nan,nan,146.80,0.07,nan,nan,146.80,nan
27-Feb-25 7:16:05 PM AEST,25.0,nan,nan,nan,nan,nan,nan,nan,nan,nan,nan,nan
27-Feb-25 7:17:00 PM AEST,nan,82.7,21.8,nan,nan,nan,146.90,0.01,1.20,0.10,145.30,nan
27-Feb-25 7:18:00 PM AEST,nan,nan,nan,nan,nan,nan,146.80,0.00,0.00,0.00,0.00,nan
27-Feb-25 7:19:00 PM AEST,24.9,nan,nan,nan,nan,nan,146.90,nan,nan,nan,nan,nan
27-Feb-25 7:20:00 PM AEST,nan,82.8,21.7,nan,nan,nan,146.80,nan,nan,nan,nan,nan
27-Feb-25 7:21:00 PM AEST,nan,82.7,21.8,nan,nan,nan,146.90,nan,nan,nan,nan,nan
27-Feb-25 7:22:00 PM AEST,24.8,nan,21.7,nan,nan,nan,146.80,0.17,3.50,1.70,146.80,nan
27-Feb-25 7:23:00 PM AEST,nan,83.0,nan,nan,nan,nan,nan,0.15,2.40,1.50,146.90,nan
27-Feb-25 7:24:00 PM AEST,nan,nan,nan,nan,nan,nan,146.90,0.03,1.20,0.30,nan,nan
27-Feb-25 7:25:00 PM AEST,nan,83.2,nan,nan,nan,nan,146.80,0.00,0.00,0.00,0.00,nan
27-Feb-25 7:26:00 PM AEST,24.7,83.3,nan,nan,nan,nan,146.90,0.08,3.50,0.80,146.90,nan
27-Feb-25 7:27:00 PM AEST,nan,83.5,21.6,nan,nan,nan,146.80,0.15,nan,1.50,147.00,nan
27-Feb-25 7:27:05 PM AEST,24.6,nan,nan,nan,nan,nan,nan,nan,nan,nan,nan,nan
27-Feb-25 7:28:00 PM AEST,nan,83.3,nan,nan,nan,nan,146.90,0.00,0.00,0.00,0.00,nan
27-Feb-25 7:29:00 PM AEST,nan,83.5,21.5,nan,nan,nan,146.80,nan,nan,nan,nan,nan
27-Feb-25 7:30:00 PM AEST,24.5,nan,21.6,nan,nan,nan,146.90,nan,nan,nan,nan,nan
27-Feb-25 7:31:00 PM AEST,nan,83.8,21.5,nan,nan,nan,146.80,0.02,1.20,0.20,146.60,nan
27-Feb-25 7:32:00 PM AEST,nan,nan,21.6,nan,nan,nan,nan,0.13,2.40,1.30,146.80,nan
27-Feb-25 7:33:00 PM AEST,nan,84.2,21.5,nan,nan,nan,146.90,0.14,nan,1.40,146.90,nan
27-Feb-25 7:34:00 PM AEST,24.4,nan,21.6,nan,nan,nan,146.80,0.18,3.50,1.80,146.80,nan
27-Feb-25 7:35:00 PM AEST,nan,nan,21.5,nan,nan,nan,146.90,0.17,nan,1.70,147.00,nan
27-Feb-25 7:36:00 PM AEST,24.3,84.7,nan,nan,nan,nan,146.80,0.01,1.20,0.10,145.30,nan
27-Feb-25 7:37:00 PM AEST,nan,nan,nan,nan,nan,nan,146.90,nan,nan,nan,nan,nan
27-Feb-25 7:37:05 PM AEST,24.2,nan,nan,nan,nan,nan,nan,nan,nan,nan,nan,nan
27-Feb-25 7:38:00 PM AEST,nan,84.8,nan,nan,nan,nan,146.80,0.03,nan,0.30,146.90,nan
27-Feb-25 7:39:00 PM AEST,nan,nan,nan,nan,nan,nan,146.90,0.01,nan,0.10,145.30,nan
27-Feb-25 7:40:00 PM AEST,nan,85.0,21.4,nan,nan,nan,146.80,nan,nan,nan,nan,nan
27-Feb-25 7:41:00 PM AEST,24.1,nan,21.5,nan,nan,nan,nan,nan,nan,nan,nan,nan
27-Feb-25 7:42:00 PM AEST,nan,nan,nan,nan,nan,nan,146.90,0.16,3.50,1.60,147.00,nan
27-Feb-25 7:43:00 PM AEST,nan,nan,21.4,nan,nan,nan,146.80,0.04,2.40,0.40,146.90,nan
27-Feb-25 7:44:00 PM AEST,nan,nan,nan,nan,nan,nan,146.90,0.00,0.00,0.00,0.00,0.80
27-Feb-25 7:45:00 PM AEST,nan,85.2,nan,nan,nan,nan,146.80,0.03,2.40,0.30,146.90,0.00
27-Feb-25 7:46:00 PM AEST,24.0,85.0,nan,nan,nan,nan,146.90,0.20,nan,2.00,nan,nan
27-Feb-25 7:47:00 PM AEST,nan,nan,21.3,nan,nan,nan,146.80,0.28,3.50,2.80,146.80,nan
27-Feb-25 7:47:05 PM AEST,23.9,nan,nan,nan,nan,nan,nan,nan,nan,nan,nan,nan
27-Feb-25 7:48:00 PM AEST,nan,84.8,nan,nan,nan,nan,nan,0.25,nan,2.50,146.90,nan
27-Feb-25 7:49:00 PM AEST,23.8,85.0,21.2,nan,nan,nan,nan,0.07,2.40,0.70,nan,nan
27-Feb-25 7:50:00 PM AEST,nan,nan,nan,nan,nan,nan,146.90,0.00,0.00,0.00,0.00,nan
27-Feb-25 7:50:05 PM AEST,23.9,nan,nan,nan,nan,nan,nan,nan,nan,nan,nan,nan
27-Feb-25 7:51:00 PM AEST,nan,nan,nan,nan,nan,nan,146.80,nan,nan,nan,nan,nan
27-Feb-25 7:52:00 PM AEST,23.8,85.2,nan,nan,nan,nan,146.90,0.01,1.20,0.10,145.30,nan
27-Feb-25 7:53:00 PM AEST,nan,nan,nan,nan,nan,nan,146.80,0.02,nan,0.20,146.80,nan
27-Feb-25 7:54:00 PM AEST,nan,85.3,nan,nan,nan,nan,146.90,0.00,0.00,0.00,0.00,nan
27-Feb-25 7:55:00 PM AEST,23.7,85.5,nan,nan,nan,nan,146.80,0.01,1.20,0.10,148.70,nan
27-Feb-25 7:56:00 PM AEST,nan,85.7,nan,nan,nan,nan,nan,0.22,3.50,2.20,146.90,nan
27-Feb-25 7:57:00 PM AEST,23.6,85.8,21.1,nan,nan,nan,146.90,0.18,2.40,1.80,nan,nan
27-Feb-25 7:58:00 PM AEST,nan,85.7,nan,nan,nan,nan,146.80,0.09,1.20,0.90,146.80,nan
27-Feb-25 7:58:05 PM AEST,23.5,nan,nan,nan,nan,nan,nan,nan,nan,nan,nan,nan
27-Feb-25 7:59:00 PM AEST,nan,85.8,21.0,nan,nan,nan,nan,0.08,2.40,0.80,146.90,nan
27-Feb-25 8:00:00 PM AEST,nan,nan,nan,nan,nan,nan,146.90,0.04,nan,0.40,147.00,nan
27-Feb-25 8:00:20 PM AEST,nan,nan,nan,nan,nan,65.53,nan,nan,nan,nan,nan,nan
27-Feb-25 8:01:00 PM AEST,nan,nan,nan,nan,nan,nan,146.80,0.17,3.50,1.70,146.90,nan
27-Feb-25 8:02:00 PM AEST,nan,86.0,nan,nan,nan,nan,146.90,nan,nan,nan,nan,nan
27-Feb-25 8:03:00 PM AEST,nan,nan,nan,nan,nan,nan,146.80,0.00,0.00,0.00,0.00,nan
27-Feb-25 8:04:00 PM AEST,nan,86.2,nan,nan,nan,nan,146.90,nan,nan,nan,nan,nan
27-Feb-25 8:05:00 PM AEST,nan,nan,21.1,nan,nan,nan,146.80,nan,nan,nan,nan,nan
27-Feb-25 8:06:00 PM AEST,23.4,86.5,21.0,nan,nan,nan,146.90,nan,nan,nan,nan,nan
27-Feb-25 8:07:00 PM AEST,nan,86.3,nan,nan,nan,nan,146.80,0.16,3.50,1.60,146.80,nan
27-Feb-25 8:08:00 PM AEST,nan,86.5,nan,nan,nan,nan,146.90,0.04,2.40,0.40,147.00,nan
27-Feb-25 8:09:00 PM AEST,nan,nan,nan,nan,nan,nan,146.80,0.00,0.00,0.00,0.00,nan
27-Feb-25 8:10:00 PM AEST,nan,86.3,nan,nan,nan,nan,nan,nan,nan,nan,nan,nan
27-Feb-25 8:11:00 PM AEST,nan,nan,nan,nan,nan,nan,146.90,nan,nan,nan,nan,nan
27-Feb-25 8:12:00 PM AEST,nan,86.5,nan,nan,nan,nan,146.80,nan,nan,nan,nan,nan
27-Feb-25 8:13:00 PM AEST,23.3,86.7,nan,nan,nan,nan,nan,nan,nan,nan,nan,nan
27-Feb-25 8:14:00 PM AEST,nan,86.5,nan,nan,nan,nan,146.90,nan,nan,nan,nan,nan
27-Feb-25 8:15:00 PM AEST,23.2,nan,20.9,nan,nan,nan,146.80,0.21,3.50,2.10,146.90,nan
27-Feb-25 8:16:00 PM AEST,nan,86.7,nan,nan,nan,nan,146.90,0.04,2.40,0.40,147.70,nan
27-Feb-25 8:17:00 PM AEST,nan,86.5,20.8,nan,nan,nan,146.80,0.00,0.00,0.00,0.00,nan
27-Feb-25 8:18:00 PM AEST,nan,86.7,20.9,nan,nan,nan,146.90,nan,nan,nan,nan,nan
27-Feb-25 8:19:00 PM AEST,nan,nan,20.8,nan,nan,nan,146.80,nan,nan,nan,nan,nan
27-Feb-25 8:20:00 PM AEST,nan,86.8,20.9,nan,nan,nan,nan,nan,nan,nan,nan,nan
27-Feb-25 8:21:00 PM AEST,nan,86.7,nan,nan,nan,nan,146.90,nan,nan,nan,nan,0.80
27-Feb-25 8:22:00 PM AEST,23.1,87.2,20.8,nan,nan,nan,146.80,0.11,2.40,1.10,146.90,0.00
27-Feb-25 8:23:00 PM AEST,nan,87.0,20.9,nan,nan,nan,146.90,0.05,nan,0.50,147.00,6552.60
27-Feb-25 8:24:00 PM AEST,nan,87.2,20.8,nan,nan,nan,146.80,0.18,3.50,1.80,146.90,nan
27-Feb-25 8:25:00 PM AEST,23.2,87.0,20.9,nan,nan,nan,nan,0.13,nan,1.30,nan,0.00
27-Feb-25 8:26:00 PM AEST,nan,87.2,nan,nan,nan,nan,146.90,0.01,1.20,0.10,145.30,nan
27-Feb-25 8:27:00 PM AEST,nan,87.0,nan,nan,nan,nan,146.80,0.00,0.00,0.00,0.00,nan
27-Feb-25 8:28:00 PM AEST,23.1,87.3,nan,nan,nan,nan,146.90,nan,nan,nan,nan,nan
27-Feb-25 8:29:00 PM AEST,nan,87.2,nan,nan,nan,nan,146.80,nan,nan,nan,nan,6552.60
27-Feb-25 8:29:05 PM AEST,23.2,nan,nan,nan,nan,nan,nan,nan,nan,nan,nan,nan
27-Feb-25 8:30:00 PM AEST,nan,87.3,nan,nan,nan,nan,146.90,0.06,3.50,0.60,147.10,0.00
27-Feb-25 8:30:10 PM AEST,23.1,nan,nan,nan,nan,nan,nan,nan,nan,nan,nan,nan
27-Feb-25 8:31:00 PM AEST,nan,87.2,nan,nan,nan,nan,146.80,0.21,nan,2.10,146.80,nan
27-Feb-25 8:32:00 PM AEST,nan,87.5,20.8,nan,nan,nan,nan,0.19,nan,1.90,146.90,6552.60
27-Feb-25 8:33:00 PM AEST,23.2,87.3,20.9,nan,nan,nan,146.90,0.15,2.40,1.50,147.00,0.00
27-Feb-25 8:34:00 PM AEST,nan,87.5,nan,nan,nan,nan,146.80,0.09,3.50,0.90,nan,nan
27-Feb-25 8:34:05 PM AEST,23.1,nan,nan,nan,nan,nan,nan,nan,nan,nan,nan,nan
27-Feb-25 8:35:00 PM AEST,nan,87.3,nan,nan,nan,nan,177.40,0.29,4.70,2.40,183.10,nan
27-Feb-25 8:36:00 PM AEST,nan,87.5,nan,nan,nan,nan,233.70,0.30,nan,2.90,233.70,nan
27-Feb-25 8:37:00 PM AEST,23.2,87.3,nan,nan,nan,nan,238.10,0.33,3.50,3.30,238.10,nan
27-Feb-25 8:38:00 PM AEST,nan,87.2,21.0,nan,nan,nan,34.60,0.27,4.70,1.90,33.00,6552.60
27-Feb-25 8:38:05 PM AEST,23.4,nan,nan,nan,nan,nan,nan,nan,nan,nan,nan,nan
27-Feb-25 8:39:00 PM AEST,nan,87.0,21.1,nan,nan,nan,47.80,0.07,2.40,0.70,47.60,0.00
27-Feb-25 8:40:00 PM AEST,23.5,86.8,nan,nan,nan,nan,50.00,0.24,5.90,2.40,52.00,nan
27-Feb-25 8:41:00 PM AEST,nan,86.5,21.2,nan,nan,nan,70.10,0.41,nan,4.00,72.00,nan
27-Feb-25 8:41:05 PM AEST,23.7,nan,nan,nan,nan,nan,nan,nan,nan,nan,nan,nan
27-Feb-25 8:42:00 PM AEST,nan,86.0,21.3,nan,nan,nan,78.60,0.12,3.50,1.20,78.70,nan
27-Feb-25 8:42:10 PM AEST,23.8,nan,nan,nan,nan,nan,nan,nan,nan,nan,nan,nan
27-Feb-25 8:43:00 PM AEST,nan,85.7,nan,nan,nan,nan,nan,0.07,1.20,0.60,78.60,0.80
27-Feb-25 8:44:00 PM AEST,23.7,nan,21.2,nan,nan,nan,nan,0.00,nan,0.00,0.00,0.00
27-Feb-25 8:45:00 PM AEST,nan,85.5,nan,nan,nan,nan,nan,0.01,nan,0.10,79.40,nan
27-Feb-25 8:46:00 PM AEST,23.8,85.2,21.1,nan,nan,nan,13.80,0.52,9.50,3.40,343.30,nan
27-Feb-25 8:47:00 PM AEST,nan,84.8,nan,nan,nan,nan,355.40,0.19,3.50,1.90,355.30,nan
27-Feb-25 8:47:05 PM AEST,23.9,nan,nan,nan,nan,nan,nan,nan,nan,nan,nan,nan
27-Feb-25 8:48:00 PM AEST,nan,84.3,21.2,nan,nan,nan,52.10,0.25,nan,1.80,50.10,nan
27-Feb-25 8:49:00 PM AEST,nan,nan,21.1,nan,nan,nan,86.10,0.28,nan,2.80,86.10,nan
27-Feb-25 8:50:00 PM AEST,nan,84.2,nan,nan,nan,nan,nan,0.19,nan,1.90,nan,nan
27-Feb-25 8:51:00 PM AEST,nan,nan,nan,nan,nan,nan,nan,0.00,0.00,0.00,0.00,nan
27-Feb-25 8:52:00 PM AEST,nan,84.0,nan,nan,nan,nan,85.80,0.12,3.50,1.20,85.50,6552.60
27-Feb-25 8:53:00 PM AEST,24.0,83.7,nan,nan,nan,nan,74.00,0.35,5.90,3.50,74.80,nan
27-Feb-25 8:54:00 PM AEST,nan,83.3,nan,nan,nan,nan,15.90,0.09,2.40,0.90,19.60,nan
27-Feb-25 8:54:05 PM AEST,24.1,nan,nan,nan,nan,nan,nan,nan,nan,nan,nan,nan
27-Feb-25 8:55:00 PM AEST,nan,82.8,nan,nan,nan,nan,13.60,0.04,nan,0.40,13.30,nan
27-Feb-25 8:55:10 PM AEST,24.2,nan,nan,nan,nan,nan,nan,nan,nan,nan,nan,nan
27-Feb-25 8:56:00 PM AEST,nan,82.5,nan,nan,nan,nan,nan,0.12,3.50,1.20,13.60,nan
27-Feb-25 8:57:00 PM AEST,24.3,82.3,21.0,nan,nan,nan,nan,0.05,2.40,0.50,nan,nan
27-Feb-25 8:58:00 PM AEST,nan,82.2,21.1,nan,nan,nan,nan,0.04,1.20,0.40,13.30,0.00
27-Feb-25 8:59:00 PM AEST,nan,81.8,21.0,nan,nan,nan,nan,0.05,2.40,0.50,13.50,nan
27-Feb-25 9:00:00 PM AEST,nan,nan,nan,nan,nan,nan,13.80,0.17,3.50,1.70,13.90,nan
27-Feb-25 9:00:21 PM AEST,nan,nan,nan,nan,nan,65.53,nan,nan,nan,nan,nan,nan
27-Feb-25 9:01:00 PM AEST,24.4,81.5,nan,nan,nan,nan,14.10,nan,nan,nan,14.00,nan
27-Feb-25 9:02:00 PM AEST,nan,nan,nan,nan,nan,nan,nan,0.20,nan,2.00,14.10,nan
27-Feb-25 9:03:00 PM AEST,nan,81.3,nan,nan,nan,nan,14.20,0.21,nan,2.10,nan,nan
27-Feb-25 9:04:00 PM AEST,24.5,nan,nan,nan,nan,nan,83.50,0.45,5.90,4.40,83.90,nan
27-Feb-25 9:05:00 PM AEST,nan,81.7,21.1,nan,nan,nan,84.20,0.24,4.70,2.40,84.30,nan
27-Feb-25 9:05:05 PM AEST,24.4,nan,nan,nan,nan,nan,nan,nan,nan,nan,nan,nan
27-Feb-25 9:06:00 PM AEST,nan,82.0,nan,nan,nan,nan,84.30,0.27,3.50,2.70,84.40,nan
27-Feb-25 9:06:10 PM AEST,24.3,nan,nan,nan,nan,nan,nan,nan,nan,nan,nan,nan
27-Feb-25 9:07:00 PM AEST,nan,81.8,nan,nan,nan,nan,84.20,0.12,nan,1.20,84.30,0.80
27-Feb-25 9:08:00 PM AEST,nan,82.0,21.0,nan,nan,nan,nan,0.08,2.40,0.80,84.40,0.00
27-Feb-25 9:09:00 PM AEST,nan,81.8,nan,nan,nan,nan,84.30,0.07,nan,0.60,nan,nan
27-Feb-25 9:10:00 PM AEST,nan,nan,nan,nan,nan,nan,84.20,0.09,3.50,0.90,84.50,nan
27-Feb-25 9:11:00 PM AEST,nan,nan,nan,nan,nan,nan,nan,0.16,2.40,1.60,84.30,nan
27-Feb-25 9:12:00 PM AEST,nan,82.0,nan,nan,nan,nan,84.30,0.21,nan,2.10,84.40,nan
27-Feb-25 9:13:00 PM AEST,24.2,nan,nan,nan,nan,nan,84.20,0.13,nan,1.30,nan,nan
27-Feb-25 9:14:00 PM AEST,nan,82.5,nan,nan,nan,nan,84.30,0.15,nan,1.50,84.50,nan
27-Feb-25 9:14:05 PM AEST,24.1,nan,nan,nan,nan,nan,nan,nan,nan,nan,nan,nan
27-Feb-25 9:15:00 PM AEST,nan,82.7,nan,nan,nan,nan,84.20,0.06,1.20,0.60,nan,nan
27-Feb-25 9:16:00 PM AEST,nan,82.8,20.9,nan,nan,nan,84.30,0.00,0.00,0.00,0.00,nan
27-Feb-25 9:17:00 PM AEST,24.0,83.0,21.0,nan,nan,nan,84.20,nan,nan,nan,nan,nan
27-Feb-25 9:19:00 PM AEST,23.9,nan,nan,nan,nan,nan,nan,nan,nan,nan,nan,nan
27-Feb-25 9:20:00 PM AEST,nan,83.3,20.9,nan,nan,nan,nan,nan,nan,nan,nan,nan
27-Feb-25 9:21:00 PM AEST,23.8,nan,nan,nan,nan,nan,nan,nan,nan,nan,nan,nan
27-Feb-25 9:22:00 PM AEST,nan,nan,20.8,nan,nan,nan,nan,nan,nan,nan,nan,nan
27-Feb-25 9:23:00 PM AEST,23.7,83.7,nan,nan,nan,nan,nan,nan,nan,nan,nan,nan
27-Feb-25 9:24:00 PM AEST,nan,83.8,nan,nan,nan,nan,84.30,0.12,2.40,1.20,84.40,nan
27-Feb-25 9:25:00 PM AEST,23.6,nan,nan,nan,nan,nan,84.20,0.02,1.20,0.20,84.20,nan
27-Feb-25 9:26:00 PM AEST,nan,84.0,20.7,nan,nan,nan,nan,0.00,0.00,0.00,0.00,nan
27-Feb-25 9:27:00 PM AEST,23.5,nan,nan,nan,nan,nan,nan,nan,nan,nan,nan,nan
27-Feb-25 9:28:05 PM AEST,23.6,nan,nan,nan,nan,nan,nan,nan,nan,nan,nan,nan
27-Feb-25 9:29:00 PM AEST,nan,84.2,nan,nan,nan,nan,nan,nan,nan,nan,nan,nan
27-Feb-25 9:29:10 PM AEST,23.5,nan,nan,nan,nan,nan,nan,nan,nan,nan,nan,nan
27-Feb-25 9:30:00 PM AEST,nan,nan,20.6,nan,nan,nan,nan,0.15,2.40,1.50,84.20,nan
27-Feb-25 9:30:15 PM AEST,23.4,nan,nan,nan,nan,nan,nan,nan,nan,nan,nan,nan
27-Feb-25 9:31:00 PM AEST,nan,84.3,nan,nan,nan,nan,nan,0.01,1.20,0.10,84.80,nan
27-Feb-25 9:32:00 PM AEST,nan,nan,nan,nan,nan,nan,nan,0.00,0.00,0.00,0.00,nan
27-Feb-25 9:33:00 PM AEST,nan,84.7,nan,nan,nan,nan,nan,0.01,1.20,0.10,86.40,nan
27-Feb-25 9:34:00 PM AEST,23.3,nan,20.7,nan,nan,nan,nan,0.00,0.00,0.00,0.00,nan
27-Feb-25 9:35:00 PM AEST,nan,84.8,20.6,nan,nan,nan,nan,nan,nan,nan,nan,nan
27-Feb-25 9:37:00 PM AEST,nan,85.0,nan,nan,nan,nan,nan,0.02,1.20,0.20,84.80,nan
27-Feb-25 9:38:00 PM AEST,23.2,85.2,nan,nan,nan,nan,nan,0.07,2.40,0.70,84.20,nan
27-Feb-25 9:39:00 PM AEST,nan,85.0,nan,nan,nan,nan,nan,0.02,1.20,0.20,84.80,nan
27-Feb-25 9:39:05 PM AEST,23.3,nan,nan,nan,nan,nan,nan,nan,nan,nan,nan,nan
27-Feb-25 9:40:00 PM AEST,nan,nan,nan,nan,nan,nan,nan,0.00,0.00,0.00,0.00,nan
27-Feb-25 9:40:10 PM AEST,23.2,nan,nan,nan,nan,nan,nan,nan,nan,nan,nan,nan
27-Feb-25 9:41:00 PM AEST,nan,85.2,nan,nan,nan,nan,nan,0.17,2.40,1.70,84.30,nan
27-Feb-25 9:42:00 PM AEST,nan,85.3,nan,nan,nan,nan,nan,0.07,nan,0.70,84.50,nan
27-Feb-25 9:43:00 PM AEST,23.1,85.5,nan,nan,nan,nan,84.30,0.00,0.00,0.00,0.00,0.80
27-Feb-25 9:44:00 PM AEST,nan,nan,20.5,nan,nan,nan,84.20,nan,nan,nan,nan,0.00
27-Feb-25 9:45:00 PM AEST,nan,nan,nan,nan,nan,nan,84.30,nan,nan,nan,nan,nan
27-Feb-25 9:47:00 PM AEST,nan,85.8,nan,nan,nan,nan,84.20,nan,nan,nan,nan,nan
27-Feb-25 9:48:00 PM AEST,23.0,nan,20.6,nan,nan,nan,84.30,nan,nan,nan,nan,nan
27-Feb-25 9:49:00 PM AEST,nan,86.2,20.5,nan,nan,nan,84.20,0.06,3.50,0.60,84.50,nan
27-Feb-25 9:50:00 PM AEST,22.9,86.3,20.6,nan,nan,nan,nan,0.15,nan,1.50,84.30,nan
27-Feb-25 9:51:00 PM AEST,nan,nan,20.5,nan,nan,nan,nan,0.07,1.20,0.70,84.20,nan
27-Feb-25 9:51:05 PM AEST,23.0,nan,nan,nan,nan,nan,nan,nan,nan,nan,nan,nan
27-Feb-25 9:52:00 PM AEST,nan,86.5,20.6,nan,nan,nan,84.30,0.00,0.00,0.00,0.00,nan
27-Feb-25 9:52:10 PM AEST,22.9,nan,nan,nan,nan,nan,nan,nan,nan,nan,nan,nan
27-Feb-25 9:53:00 PM AEST,nan,86.7,nan,nan,nan,nan,84.20,nan,nan,nan,nan,nan
27-Feb-25 9:53:15 PM AEST,22.8,nan,nan,nan,nan,nan,nan,nan,nan,nan,nan,nan
27-Feb-25 9:54:00 PM AEST,nan,86.8,20.5,nan,nan,nan,nan,0.10,2.40,1.00,84.50,nan
27-Feb-25 9:55:00 PM AEST,nan,nan,nan,nan,nan,nan,nan,0.09,nan,0.90,nan,nan
27-Feb-25 9:56:00 PM AEST,nan,87.0,nan,nan,nan,nan,nan,nan,nan,nan,84.40,nan
27-Feb-25 9:57:00 PM AEST,22.7,87.2,nan,nan,nan,nan,84.30,0.03,1.20,0.30,nan,nan
27-Feb-25 9:58:00 PM AEST,nan,87.3,nan,nan,nan,nan,84.20,0.02,nan,0.20,84.20,nan
27-Feb-25 9:59:00 PM AEST,nan,87.5,nan,nan,nan,nan,nan,0.00,0.00,0.00,0.00,nan
27-Feb-25 10:00:22 PM AEST,nan,nan,nan,nan,nan,65.53,nan,nan,nan,nan,nan,nan
27-Feb-25 10:03:00 PM AEST,nan,nan,nan,nan,nan,nan,84.30,nan,nan,nan,nan,nan
27-Feb-25 10:04:00 PM AEST,22.6,nan,nan,nan,nan,nan,nan,nan,nan,nan,nan,nan
27-Feb-25 10:05:00 PM AEST,nan,87.8,nan,nan,nan,nan,84.20,0.01,1.20,0.10,86.40,nan
27-Feb-25 10:06:00 PM AEST,nan,nan,nan,nan,nan,nan,nan,0.00,0.00,0.00,0.00,nan
27-Feb-25 10:07:00 PM AEST,nan,88.0,20.4,nan,nan,nan,84.30,nan,nan,nan,nan,nan
27-Feb-25 10:08:00 PM AEST,22.5,nan,20.5,nan,nan,nan,84.20,nan,nan,nan,nan,nan
27-Feb-25 10:09:00 PM AEST,nan,88.2,20.4,nan,nan,nan,nan,nan,nan,nan,nan,nan
27-Feb-25 10:11:00 PM AEST,nan,nan,nan,nan,nan,nan,84.30,nan,nan,nan,nan,nan
27-Feb-25 10:12:00 PM AEST,22.4,88.3,nan,nan,nan,nan,84.20,nan,nan,nan,nan,nan
27-Feb-25 10:13:00 PM AEST,nan,nan,nan,nan,nan,nan,84.30,nan,nan,nan,nan,nan
27-Feb-25 10:14:00 PM AEST,nan,88.7,20.3,nan,nan,nan,84.20,nan,nan,nan,nan,nan
27-Feb-25 10:15:00 PM AEST,22.3,nan,20.4,nan,nan,nan,84.30,0.07,2.40,0.60,84.40,nan
27-Feb-25 10:16:00 PM AEST,nan,88.8,20.3,nan,nan,nan,84.20,0.00,0.00,0.00,0.00,nan
27-Feb-25 10:17:00 PM AEST,nan,nan,20.4,nan,nan,nan,84.30,nan,nan,nan,nan,nan
27-Feb-25 10:18:00 PM AEST,nan,nan,nan,nan,nan,nan,84.20,nan,nan,nan,nan,nan
27-Feb-25 10:19:00 PM AEST,nan,89.0,nan,nan,nan,nan,84.30,nan,nan,nan,nan,nan
27-Feb-25 10:20:00 PM AEST,22.2,nan,nan,nan,nan,nan,84.20,nan,nan,nan,nan,0.80
27-Feb-25 10:21:00 PM AEST,nan,88.8,20.3,nan,nan,nan,nan,0.04,1.20,0.40,84.60,0.00
27-Feb-25 10:22:00 PM AEST,nan,nan,nan,nan,nan,nan,84.30,0.00,0.00,0.00,0.00,nan
27-Feb-25 10:23:00 PM AEST,nan,89.2,20.2,nan,nan,nan,84.20,nan,nan,nan,nan,nan
27-Feb-25 10:24:00 PM AEST,22.1,89.3,20.3,nan,nan,nan,84.30,nan,nan,nan,nan,nan
27-Feb-25 10:25:00 PM AEST,nan,nan,nan,nan,nan,nan,84.20,0.01,1.20,0.10,86.40,nan
27-Feb-25 10:26:00 PM AEST,nan,89.5,nan,nan,nan,nan,nan,nan,nan,nan,84.80,nan
27-Feb-25 10:27:00 PM AEST,nan,89.3,nan,nan,nan,nan,nan,0.00,0.00,0.00,0.00,nan
27-Feb-25 10:28:00 PM AEST,22.0,89.7,20.2,nan,nan,nan,nan,nan,nan,nan,nan,nan
27-Feb-25 10:29:00 PM AEST,nan,89.5,20.3,nan,nan,nan,84.30,nan,nan,nan,nan,nan
27-Feb-25 10:30:00 PM AEST,nan,89.7,20.2,nan,nan,nan,nan,nan,nan,nan,nan,nan
27-Feb-25 10:31:00 PM AEST,21.9,nan,20.3,nan,nan,nan,84.20,0.08,2.40,0.80,84.30,nan
27-Feb-25 10:32:00 PM AEST,nan,89.8,20.2,nan,nan,nan,84.30,0.05,1.20,0.50,84.80,nan
27-Feb-25 10:32:05 PM AEST,22.0,nan,nan,nan,nan,nan,nan,nan,nan,nan,nan,nan
27-Feb-25 10:33:00 PM AEST,nan,90.0,nan,nan,nan,nan,84.20,0.00,0.00,0.00,0.00,nan
27-Feb-25 10:34:00 PM AEST,21.9,89.8,nan,nan,nan,nan,nan,nan,nan,nan,nan,nan
27-Feb-25 10:35:00 PM AEST,nan,90.0,nan,nan,nan,nan,nan,nan,nan,nan,nan,nan
27-Feb-25 10:36:00 PM AEST,nan,nan,nan,nan,nan,nan,84.30,nan,nan,nan,nan,nan
27-Feb-25 10:37:00 PM AEST,nan,90.2,nan,nan,nan,nan,84.20,nan,nan,nan,nan,nan
27-Feb-25 10:39:00 PM AEST,nan,nan,nan,nan,nan,nan,nan,0.04,1.20,0.40,84.80,nan
27-Feb-25 10:40:00 PM AEST,nan,nan,nan,nan,nan,nan,84.30,0.00,0.00,0.00,0.00,nan
27-Feb-25 10:41:00 PM AEST,21.8,nan,nan,nan,nan,nan,84.20,0.03,1.20,0.30,85.10,nan
27-Feb-25 10:42:00 PM AEST,nan,90.5,20.1,nan,nan,nan,nan,0.00,0.00,0.00,0.00,nan
27-Feb-25 10:43:00 PM AEST,nan,nan,20.2,nan,nan,nan,84.30,0.01,1.20,0.10,84.80,nan
27-Feb-25 10:44:00 PM AEST,nan,90.7,nan,nan,nan,nan,nan,0.00,0.00,0.00,0.00,nan
27-Feb-25 10:45:00 PM AEST,nan,nan,nan,nan,nan,nan,84.20,nan,nan,nan,nan,nan
27-Feb-25 10:46:00 PM AEST,nan,90.8,nan,nan,nan,nan,84.30,nan,nan,nan,nan,nan
27-Feb-25 10:47:00 PM AEST,nan,nan,nan,nan,nan,nan,84.20,nan,nan,nan,nan,nan
27-Feb-25 10:48:00 PM AEST,nan,nan,nan,nan,nan,nan,84.30,nan,nan,nan,nan,nan
27-Feb-25 10:49:00 PM AEST,nan,nan,nan,nan,nan,nan,84.20,nan,nan,nan,nan,nan
27-Feb-25 10:51:00 PM AEST,nan,91.0,nan,nan,nan,nan,84.30,nan,nan,nan,nan,nan
27-Feb-25 10:53:00 PM AEST,21.7,90.8,nan,nan,nan,nan,nan,nan,nan,nan,nan,nan
27-Feb-25 10:54:00 PM AEST,nan,91.0,nan,nan,nan,nan,nan,nan,nan,nan,nan,nan
27-Feb-25 10:55:00 PM AEST,nan,nan,nan,nan,nan,nan,nan,0.06,2.40,0.60,84.50,nan
27-Feb-25 10:56:00 PM AEST,nan,nan,nan,nan,nan,nan,nan,0.01,1.20,0.10,86.40,nan
27-Feb-25 10:57:00 PM AEST,nan,90.8,20.1,nan,nan,nan,nan,0.04,nan,0.40,84.20,0.80
27-Feb-25 10:58:00 PM AEST,nan,91.0,nan,nan,nan,nan,nan,0.01,nan,0.10,84.80,0.00
27-Feb-25 10:59:00 PM AEST,nan,91.2,nan,nan,nan,nan,84.20,0.07,2.40,0.60,84.40,nan
27-Feb-25 11:00:00 PM AEST,nan,nan,20.2,nan,nan,nan,84.30,0.06,nan,nan,84.50,nan
27-Feb-25 11:00:23 PM AEST,nan,nan,nan,nan,nan,65.53,nan,nan,nan,nan,nan,nan
27-Feb-25 11:01:00 PM AEST,21.6,nan,nan,nan,nan,nan,84.20,0.03,1.20,0.30,84.40,nan
27-Feb-25 11:02:00 PM AEST,nan,nan,20.1,nan,nan,nan,nan,0.00,0.00,0.00,0.00,nan
27-Feb-25 11:03:00 PM AEST,21.7,91.3,nan,nan,nan,nan,84.30,0.01,1.20,0.10,84.80,nan
27-Feb-25 11:04:00 PM AEST,nan,nan,20.2,nan,nan,nan,84.20,0.00,0.00,0.00,0.00,nan
27-Feb-25 11:05:00 PM AEST,nan,91.5,nan,nan,nan,nan,84.30,nan,nan,nan,nan,nan
27-Feb-25 11:06:00 PM AEST,nan,91.3,nan,nan,nan,nan,84.20,nan,nan,nan,nan,nan
27-Feb-25 11:07:00 PM AEST,nan,91.5,nan,nan,nan,nan,84.30,nan,nan,nan,nan,nan
27-Feb-25 11:08:00 PM AEST,nan,91.7,nan,nan,nan,nan,84.40,nan,nan,nan,nan,nan
27-Feb-25 11:09:00 PM AEST,21.6,91.5,20.3,nan,nan,nan,84.20,0.10,2.40,1.00,84.30,nan
27-Feb-25 11:10:00 PM AEST,nan,nan,20.2,nan,nan,nan,84.30,0.02,1.20,0.20,85.30,nan
27-Feb-25 11:11:00 PM AEST,nan,nan,20.1,nan,nan,nan,84.20,0.01,nan,0.10,86.40,nan
27-Feb-25 11:12:00 PM AEST,nan,91.7,20.2,nan,nan,nan,84.30,0.05,2.40,0.50,84.60,nan
27-Feb-25 11:13:00 PM AEST,21.7,91.8,nan,nan,nan,nan,nan,0.07,nan,0.70,84.50,nan
27-Feb-25 11:14:00 PM AEST,nan,nan,20.3,nan,nan,nan,84.20,0.00,0.00,0.00,0.00,nan
27-Feb-25 11:14:05 PM AEST,21.6,nan,nan,nan,nan,nan,nan,nan,nan,nan,nan,nan
27-Feb-25 11:15:00 PM AEST,nan,91.7,20.2,nan,nan,nan,84.30,nan,nan,nan,nan,nan
27-Feb-25 11:17:00 PM AEST,21.7,91.8,nan,nan,nan,nan,84.40,nan,nan,nan,nan,nan
27-Feb-25 11:18:00 PM AEST,nan,nan,20.3,nan,nan,nan,84.30,nan,nan,nan,nan,nan
27-Feb-25 11:20:00 PM AEST,nan,nan,nan,nan,nan,nan,84.20,nan,nan,nan,nan,nan
27-Feb-25 11:21:00 PM AEST,nan,nan,nan,nan,nan,nan,84.40,nan,nan,nan,nan,nan
27-Feb-25 11:22:00 PM AEST,nan,nan,nan,nan,nan,nan,84.30,nan,nan,nan,nan,nan
27-Feb-25 11:23:00 PM AEST,21.6,nan,nan,nan,nan,nan,nan,nan,nan,nan,nan,nan
27-Feb-25 11:24:00 PM AEST,nan,nan,20.2,nan,nan,nan,nan,nan,nan,nan,nan,nan
27-Feb-25 11:26:00 PM AEST,nan,91.7,nan,nan,nan,nan,84.40,nan,nan,nan,nan,nan
27-Feb-25 11:27:00 PM AEST,nan,91.8,nan,nan,nan,nan,84.20,nan,nan,nan,nan,nan
27-Feb-25 11:28:00 PM AEST,nan,nan,nan,nan,nan,nan,84.30,nan,nan,nan,nan,nan
27-Feb-25 11:29:00 PM AEST,nan,91.7,nan,nan,nan,nan,nan,nan,nan,nan,nan,nan
27-Feb-25 11:30:00 PM AEST,nan,91.8,nan,nan,nan,nan,nan,nan,nan,nan,nan,nan
27-Feb-25 11:31:00 PM AEST,nan,92.0,nan,nan,nan,nan,84.20,nan,nan,nan,nan,nan
27-Feb-25 11:32:00 PM AEST,nan,nan,nan,nan,nan,nan,84.30,nan,nan,nan,nan,nan
27-Feb-25 11:33:00 PM AEST,nan,nan,nan,nan,nan,nan,nan,nan,nan,nan,nan,0.80
27-Feb-25 11:34:00 PM AEST,nan,91.8,nan,nan,nan,nan,nan,nan,nan,nan,nan,0.00
27-Feb-25 11:35:00 PM AEST,nan,92.0,nan,nan,nan,nan,nan,nan,nan,nan,nan,nan
27-Feb-25 11:36:00 PM AEST,nan,nan,nan,nan,nan,nan,84.20,nan,nan,nan,nan,nan
27-Feb-25 11:38:00 PM AEST,nan,92.2,nan,nan,nan,nan,nan,0.01,1.20,0.10,86.40,nan
27-Feb-25 11:39:00 PM AEST,21.5,92.0,nan,nan,nan,nan,84.40,0.00,0.00,0.00,0.00,nan
27-Feb-25 11:40:00 PM AEST,nan,nan,nan,nan,nan,nan,84.20,nan,nan,nan,nan,nan
27-Feb-25 11:41:00 PM AEST,nan,nan,nan,nan,nan,nan,84.30,nan,nan,nan,nan,nan
27-Feb-25 11:42:00 PM AEST,nan,91.8,nan,nan,nan,nan,nan,nan,nan,nan,nan,nan
27-Feb-25 11:43:00 PM AEST,nan,92.2,20.1,nan,nan,nan,nan,nan,nan,nan,nan,nan
27-Feb-25 11:44:00 PM AEST,21.6,92.0,20.2,nan,nan,nan,nan,nan,nan,nan,nan,nan
27-Feb-25 11:45:00 PM AEST,nan,92.2,nan,nan,nan,nan,84.20,nan,nan,nan,nan,nan
27-Feb-25 11:46:00 PM AEST,nan,nan,20.3,nan,nan,nan,84.40,0.03,1.20,0.30,84.40,nan
27-Feb-25 11:47:00 PM AEST,nan,nan,nan,nan,nan,nan,84.30,0.08,3.50,0.80,84.60,nan
27-Feb-25 11:48:00 PM AEST,nan,nan,nan,nan,nan,nan,94.10,0.25,nan,2.50,93.90,nan
27-Feb-25 11:49:00 PM AEST,nan,nan,nan,nan,nan,nan,94.40,0.18,2.40,1.80,94.40,nan
27-Feb-25 11:50:00 PM AEST,nan,nan,nan,nan,nan,nan,nan,0.15,nan,1.50,nan,nan
27-Feb-25 11:51:00 PM AEST,nan,nan,nan,nan,nan,nan,94.30,0.04,1.20,0.40,93.90,nan
27-Feb-25 11:52:00 PM AEST,21.5,nan,nan,nan,nan,nan,94.40,nan,nan,nan,94.60,nan
27-Feb-25 11:53:00 PM AEST,nan,92.0,20.2,nan,nan,nan,nan,0.02,nan,0.20,94.30,nan
27-Feb-25 11:54:00 PM AEST,21.6,92.2,nan,nan,nan,nan,nan,0.04,nan,0.40,94.40,nan
27-Feb-25 11:55:00 PM AEST,nan,92.3,nan,nan,nan,nan,nan,0.00,0.00,0.00,0.00,nan
27-Feb-25 11:55:05 PM AEST,21.5,nan,nan,nan,nan,nan,nan,nan,nan,nan,nan,nan
27-Feb-25 11:56:00 PM AEST,nan,92.2,nan,nan,nan,nan,nan,nan,nan,nan,nan,nan
27-Feb-25 11:56:10 PM AEST,21.6,nan,nan,nan,nan,nan,nan,nan,nan,nan,nan,nan
27-Feb-25 11:57:00 PM AEST,nan,92.3,nan,nan,nan,nan,nan,0.03,2.40,0.30,94.10,nan
27-Feb-25 11:57:15 PM AEST,21.5,nan,nan,nan,nan,nan,nan,nan,nan,nan,nan,nan
27-Feb-25 11:58:00 PM AEST,nan,nan,nan,nan,nan,nan,nan,0.02,1.20,0.20,94.30,nan
27-Feb-25 11:59:00 PM AEST,nan,nan,nan,nan,nan,nan,nan,0.18,2.40,1.80,94.40,6553.40
28-Feb-25 12:00:00 AM AEST,21.6,nan,nan,nan,nan,nan,94.50,0.24,3.50,2.40,94.50,0.00
28-Feb-25 12:01:00 AM AEST,nan,nan,20.3,nan,nan,nan,94.40,0.21,nan,2.10,94.40,nan
28-Feb-25 12:02:00 AM AEST,nan,nan,nan,nan,nan,nan,94.50,0.15,2.40,1.50,nan,nan
28-Feb-25 12:03:00 AM AEST,nan,nan,nan,nan,nan,nan,94.40,0.06,nan,0.60,94.10,nan
28-Feb-25 12:04:00 AM AEST,nan,92.2,nan,nan,nan,nan,nan,0.02,1.20,0.20,94.30,nan
28-Feb-25 12:05:00 AM AEST,nan,nan,nan,nan,nan,nan,nan,0.00,0.00,0.00,0.00,nan
28-Feb-25 12:06:00 AM AEST,nan,nan,nan,nan,nan,nan,nan,0.06,2.40,0.60,94.50,nan
28-Feb-25 12:07:00 AM AEST,nan,nan,20.2,nan,nan,nan,nan,0.01,1.20,0.10,90.00,nan
28-Feb-25 12:08:00 AM AEST,nan,nan,nan,nan,nan,nan,nan,nan,nan,nan,93.50,0.80
28-Feb-25 12:09:00 AM AEST,nan,nan,20.3,nan,nan,nan,nan,0.00,0.00,0.00,0.00,0.00
28-Feb-25 12:10:00 AM AEST,21.5,nan,20.2,nan,nan,nan,nan,nan,nan,nan,nan,nan
28-Feb-25 12:11:05 AM AEST,21.6,nan,nan,nan,nan,nan,nan,nan,nan,nan,nan,nan
28-Feb-25 12:12:00 AM AEST,nan,nan,nan,nan,nan,nan,nan,0.01,1.20,0.10,93.50,nan
28-Feb-25 12:13:00 AM AEST,nan,nan,nan,nan,nan,nan,nan,0.12,2.40,1.20,94.30,nan
28-Feb-25 12:14:00 AM AEST,21.5,nan,nan,nan,nan,nan,nan,0.18,nan,1.80,94.40,nan
28-Feb-25 12:15:00 AM AEST,nan,nan,nan,nan,nan,nan,nan,0.07,nan,0.70,94.30,nan
28-Feb-25 12:16:00 AM AEST,21.6,nan,nan,nan,nan,nan,nan,0.04,nan,0.40,94.40,nan
28-Feb-25 12:17:00 AM AEST,nan,nan,nan,nan,nan,nan,nan,0.00,0.00,0.00,0.00,nan
28-Feb-25 12:17:05 AM AEST,21.5,nan,nan,nan,nan,nan,nan,nan,nan,nan,nan,nan
28-Feb-25 12:18:00 AM AEST,nan,92.3,nan,nan,nan,nan,nan,nan,nan,nan,nan,nan
28-Feb-25 12:18:10 AM AEST,21.6,nan,nan,nan,nan,nan,nan,nan,nan,nan,nan,nan
28-Feb-25 12:19:00 AM AEST,nan,92.2,20.3,nan,nan,nan,nan,0.01,1.20,0.10,93.50,nan
28-Feb-25 12:20:00 AM AEST,21.5,92.3,20.2,nan,nan,nan,nan,0.04,nan,0.40,94.00,nan
28-Feb-25 12:21:00 AM AEST,nan,nan,nan,nan,nan,nan,nan,0.02,nan,0.20,94.30,nan
28-Feb-25 12:21:05 AM AEST,21.6,nan,nan,nan,nan,nan,nan,nan,nan,nan,nan,nan
28-Feb-25 12:22:00 AM AEST,nan,92.5,20.3,nan,nan,nan,nan,0.00,0.00,0.00,0.00,nan
28-Feb-25 12:23:00 AM AEST,nan,92.3,nan,nan,nan,nan,nan,0.03,1.20,0.30,94.10,nan
28-Feb-25 12:24:00 AM AEST,nan,92.5,nan,nan,nan,nan,nan,0.18,2.40,1.80,94.40,nan
28-Feb-25 12:25:00 AM AEST,nan,92.3,nan,nan,nan,nan,nan,0.02,1.20,0.20,94.70,nan
28-Feb-25 12:26:00 AM AEST,nan,nan,nan,nan,nan,nan,nan,0.05,2.40,0.50,94.20,nan
28-Feb-25 12:27:00 AM AEST,21.5,nan,nan,nan,nan,nan,nan,0.21,nan,2.10,94.50,nan
28-Feb-25 12:28:00 AM AEST,nan,nan,20.2,nan,nan,nan,nan,0.05,nan,0.50,94.20,nan
28-Feb-25 12:28:05 AM AEST,21.6,nan,nan,nan,nan,nan,nan,nan,nan,nan,nan,nan
28-Feb-25 12:29:00 AM AEST,nan,92.5,20.3,nan,nan,nan,nan,0.00,0.00,0.00,0.00,nan
28-Feb-25 12:29:10 AM AEST,21.5,nan,nan,nan,nan,nan,nan,nan,nan,nan,nan,nan
28-Feb-25 12:30:15 AM AEST,21.6,nan,nan,nan,nan,nan,nan,nan,nan,nan,nan,nan
28-Feb-25 12:31:00 AM AEST,nan,92.7,nan,nan,nan,nan,94.50,nan,nan,nan,nan,nan
28-Feb-25 12:32:00 AM AEST,nan,92.5,nan,nan,nan,nan,94.40,nan,nan,nan,nan,nan
28-Feb-25 12:34:00 AM AEST,nan,92.7,nan,nan,nan,nan,nan,0.07,2.40,0.70,94.30,nan
28-Feb-25 12:35:00 AM AEST,nan,nan,20.4,nan,nan,nan,nan,0.00,0.00,0.00,0.00,nan
28-Feb-25 12:37:00 AM AEST,nan,nan,20.3,nan,nan,nan,nan,nan,nan,nan,nan,nan
28-Feb-25 12:38:00 AM AEST,21.5,92.5,20.4,nan,nan,nan,nan,nan,nan,nan,nan,nan
28-Feb-25 12:39:00 AM AEST,nan,92.7,20.3,nan,nan,nan,nan,nan,nan,nan,nan,nan
28-Feb-25 12:39:05 AM AEST,21.6,nan,nan,nan,nan,nan,nan,nan,nan,nan,nan,nan
28-Feb-25 12:41:00 AM AEST,21.5,nan,nan,nan,nan,nan,nan,nan,nan,nan,nan,nan
28-Feb-25 12:43:00 AM AEST,nan,nan,nan,nan,nan,nan,nan,0.01,1.20,0.10,93.50,nan
28-Feb-25 12:44:00 AM AEST,nan,92.5,nan,nan,nan,nan,nan,nan,nan,nan,93.60,nan
28-Feb-25 12:45:00 AM AEST,nan,92.7,20.2,nan,nan,nan,nan,0.00,0.00,0.00,0.00,nan
28-Feb-25 12:46:00 AM AEST,nan,nan,nan,nan,nan,nan,nan,nan,nan,nan,nan,0.80
28-Feb-25 12:47:00 AM AEST,nan,nan,20.3,nan,nan,nan,nan,0.01,1.20,0.10,93.60,0.00
28-Feb-25 12:48:00 AM AEST,nan,nan,20.2,nan,nan,nan,nan,0.00,0.00,0.00,0.00,nan
28-Feb-25 12:49:00 AM AEST,nan,nan,nan,nan,nan,nan,nan,0.02,1.20,0.20,93.50,nan
28-Feb-25 12:50:00 AM AEST,nan,92.8,nan,nan,nan,nan,nan,0.05,2.40,0.50,94.20,nan
28-Feb-25 12:51:00 AM AEST,nan,92.7,20.3,nan,nan,nan,nan,0.00,0.00,0.00,0.00,nan
28-Feb-25 12:52:00 AM AEST,nan,92.8,20.2,nan,nan,nan,nan,0.02,1.20,0.20,93.50,nan
28-Feb-25 12:53:00 AM AEST,nan,nan,20.3,nan,nan,nan,nan,0.04,2.40,0.40,94.40,nan
28-Feb-25 12:54:00 AM AEST,nan,nan,nan,nan,nan,nan,nan,0.09,nan,0.90,nan,nan
28-Feb-25 12:55:00 AM AEST,nan,92.7,nan,nan,nan,nan,nan,0.01,1.20,0.10,93.50,nan
28-Feb-25 12:56:00 AM AEST,nan,92.8,20.2,nan,nan,nan,nan,0.00,0.00,0.00,0.00,nan
28-Feb-25 12:57:00 AM AEST,21.4,92.7,20.3,nan,nan,nan,94.50,0.02,1.20,0.20,94.30,nan
28-Feb-25 12:58:00 AM AEST,nan,nan,20.2,nan,nan,nan,94.40,0.09,nan,0.90,94.40,nan
28-Feb-25 12:59:00 AM AEST,nan,92.8,nan,nan,nan,nan,nan,0.03,nan,0.30,94.10,nan
28-Feb-25 1:00:00 AM AEST,nan,92.7,nan,nan,nan,nan,nan,0.04,nan,0.40,93.90,nan
28-Feb-25 1:01:00 AM AEST,nan,nan,nan,nan,nan,nan,nan,0.13,2.40,1.30,94.20,nan
28-Feb-25 1:02:00 AM AEST,nan,92.8,nan,nan,nan,nan,nan,0.19,3.50,1.90,94.50,nan
28-Feb-25 1:03:00 AM AEST,nan,nan,nan,nan,nan,nan,nan,0.00,0.00,0.00,0.00,nan
28-Feb-25 1:04:00 AM AEST,21.5,nan,nan,nan,nan,nan,nan,0.15,3.50,1.50,94.50,nan
28-Feb-25 1:05:00 AM AEST,nan,93.0,20.3,nan,nan,nan,nan,0.04,2.40,0.40,93.50,nan
28-Feb-25 1:06:00 AM AEST,21.6,nan,20.4,nan,nan,nan,nan,0.01,1.20,0.10,93.60,nan
28-Feb-25 1:07:00 AM AEST,nan,93.2,nan,nan,nan,nan,nan,0.00,0.00,0.00,0.00,nan
28-Feb-25 1:07:05 AM AEST,21.5,nan,nan,nan,nan,nan,nan,nan,nan,nan,nan,nan
28-Feb-25 1:08:00 AM AEST,nan,93.0,nan,nan,nan,nan,nan,nan,nan,nan,nan,nan
28-Feb-25 1:09:00 AM AEST,nan,nan,20.3,nan,nan,nan,nan,0.14,3.50,1.40,94.30,nan
28-Feb-25 1:10:00 AM AEST,nan,nan,20.4,nan,nan,nan,nan,0.09,2.40,0.90,nan,nan
28-Feb-25 1:11:00 AM AEST,nan,nan,nan,nan,nan,nan,nan,0.18,nan,1.80,94.50,nan
28-Feb-25 1:12:00 AM AEST,nan,92.8,20.3,nan,nan,nan,nan,0.22,3.50,2.20,94.40,nan
28-Feb-25 1:13:00 AM AEST,nan,nan,nan,nan,nan,nan,108.50,0.35,5.90,3.10,114.40,nan
28-Feb-25 1:14:00 AM AEST,nan,92.7,nan,nan,nan,nan,162.90,0.17,nan,1.70,163.00,nan
28-Feb-25 1:15:00 AM AEST,21.4,92.8,20.2,nan,nan,nan,nan,0.04,1.20,0.40,nan,nan
28-Feb-25 1:16:00 AM AEST,nan,92.7,nan,nan,nan,nan,163.10,0.05,nan,0.50,163.30,nan
28-Feb-25 1:16:05 AM AEST,21.5,nan,nan,nan,nan,nan,nan,nan,nan,nan,nan,nan
28-Feb-25 1:17:00 AM AEST,nan,92.8,nan,nan,nan,nan,162.90,0.01,nan,0.10,163.80,nan
28-Feb-25 1:17:10 AM AEST,21.4,nan,nan,nan,nan,nan,nan,nan,nan,nan,nan,nan
28-Feb-25 1:18:00 AM AEST,nan,92.7,nan,nan,nan,nan,nan,0.00,0.00,0.00,0.00,nan
28-Feb-25 1:19:00 AM AEST,21.5,nan,nan,nan,nan,nan,nan,nan,nan,nan,nan,nan
28-Feb-25 1:20:00 AM AEST,nan,92.8,nan,nan,nan,nan,nan,0.22,3.50,2.20,163.00,nan
28-Feb-25 1:21:00 AM AEST,21.4,nan,20.3,nan,nan,nan,nan,0.09,2.40,0.90,163.20,nan
28-Feb-25 1:22:00 AM AEST,nan,92.7,20.2,nan,nan,nan,nan,0.00,0.00,0.00,0.00,0.80
28-Feb-25 1:22:05 AM AEST,21.5,nan,nan,nan,nan,nan,nan,nan,nan,nan,nan,nan
28-Feb-25 1:23:00 AM AEST,nan,92.8,nan,nan,nan,nan,nan,nan,nan,nan,nan,0.00
28-Feb-25 1:24:00 AM AEST,21.6,nan,20.3,nan,nan,nan,163.10,nan,nan,nan,nan,nan
28-Feb-25 1:25:00 AM AEST,nan,93.0,20.4,nan,nan,nan,162.90,nan,nan,nan,nan,nan
28-Feb-25 1:25:05 AM AEST,21.5,nan,nan,nan,nan,nan,nan,nan,nan,nan,nan,nan
28-Feb-25 1:26:00 AM AEST,nan,nan,20.3,nan,nan,nan,nan,nan,nan,nan,nan,nan
28-Feb-25 1:28:00 AM AEST,nan,nan,20.4,nan,nan,nan,163.10,nan,nan,nan,nan,nan
28-Feb-25 1:29:00 AM AEST,nan,92.8,20.3,nan,nan,nan,162.90,nan,nan,nan,nan,nan
28-Feb-25 1:30:00 AM AEST,nan,93.0,nan,nan,nan,nan,nan,nan,nan,nan,nan,nan
28-Feb-25 1:31:00 AM AEST,nan,93.2,nan,nan,nan,nan,nan,nan,nan,nan,nan,nan
28-Feb-25 1:32:00 AM AEST,nan,93.0,nan,nan,nan,nan,nan,nan,nan,nan,nan,nan
28-Feb-25 1:33:00 AM AEST,nan,93.2,nan,nan,nan,nan,nan,nan,nan,nan,nan,nan
28-Feb-25 1:34:00 AM AEST,21.4,nan,20.4,nan,nan,nan,nan,nan,nan,nan,nan,nan
28-Feb-25 1:35:00 AM AEST,nan,nan,20.3,nan,nan,nan,163.10,nan,nan,nan,nan,nan
28-Feb-25 1:35:05 AM AEST,21.5,nan,nan,nan,nan,nan,nan,nan,nan,nan,nan,nan
28-Feb-25 1:36:00 AM AEST,nan,nan,20.4,nan,nan,nan,162.90,nan,nan,nan,nan,nan
28-Feb-25 1:37:00 AM AEST,nan,nan,20.3,nan,nan,nan,nan,nan,nan,nan,nan,nan
28-Feb-25 1:38:00 AM AEST,21.4,nan,nan,nan,nan,nan,nan,nan,nan,nan,nan,nan
28-Feb-25 1:39:00 AM AEST,nan,93.0,nan,nan,nan,nan,nan,0.08,2.40,0.80,163.00,nan
28-Feb-25 1:39:05 AM AEST,21.5,nan,nan,nan,nan,nan,nan,nan,nan,nan,nan,nan
28-Feb-25 1:40:00 AM AEST,nan,93.2,nan,nan,nan,nan,163.10,0.04,1.20,0.40,nan,nan
28-Feb-25 1:40:10 AM AEST,21.4,nan,nan,nan,nan,nan,nan,nan,nan,nan,nan,nan
28-Feb-25 1:41:00 AM AEST,nan,nan,nan,nan,nan,nan,162.90,0.00,0.00,0.00,0.00,nan
28-Feb-25 1:41:15 AM AEST,21.5,nan,nan,nan,nan,nan,nan,nan,nan,nan,nan,nan
28-Feb-25 1:42:00 AM AEST,nan,93.3,nan,nan,nan,nan,nan,0.01,1.20,0.10,165.10,nan
28-Feb-25 1:43:00 AM AEST,nan,nan,nan,nan,nan,nan,nan,nan,nan,nan,163.80,nan
28-Feb-25 1:44:00 AM AEST,nan,nan,nan,nan,nan,nan,nan,0.13,2.40,1.30,163.00,nan
28-Feb-25 1:45:00 AM AEST,21.4,nan,nan,nan,nan,nan,163.10,0.12,nan,1.20,163.20,nan
28-Feb-25 1:46:00 AM AEST,nan,nan,nan,nan,nan,nan,162.90,0.14,nan,1.40,163.10,nan
28-Feb-25 1:46:05 AM AEST,21.5,nan,nan,nan,nan,nan,nan,nan,nan,nan,nan,nan
28-Feb-25 1:47:00 AM AEST,nan,93.2,nan,nan,nan,nan,nan,0.01,1.20,0.10,165.10,nan
28-Feb-25 1:47:10 AM AEST,21.4,nan,nan,nan,nan,nan,nan,nan,nan,nan,nan,nan
28-Feb-25 1:48:00 AM AEST,nan,93.3,nan,nan,nan,nan,nan,0.00,0.00,0.00,0.00,nan
28-Feb-25 1:50:00 AM AEST,nan,93.5,nan,nan,nan,nan,nan,nan,nan,nan,nan,nan
28-Feb-25 1:51:00 AM AEST,21.5,nan,nan,nan,nan,nan,163.10,nan,nan,nan,nan,nan
28-Feb-25 1:52:00 AM AEST,nan,nan,20.4,nan,nan,nan,162.90,0.01,1.20,0.10,165.10,nan
28-Feb-25 1:52:05 AM AEST,21.4,nan,nan,nan,nan,nan,nan,nan,nan,nan,nan,nan
28-Feb-25 1:53:00 AM AEST,nan,nan,20.3,nan,nan,nan,nan,0.07,nan,0.60,163.10,nan
28-Feb-25 1:53:10 AM AEST,21.5,nan,nan,nan,nan,nan,nan,nan,nan,nan,nan,nan
28-Feb-25 1:54:00 AM AEST,nan,nan,20.4,nan,nan,nan,nan,0.04,nan,0.40,163.00,nan
28-Feb-25 1:54:15 AM AEST,21.4,nan,nan,nan,nan,nan,nan,nan,nan,nan,nan,nan
28-Feb-25 1:55:00 AM AEST,nan,nan,20.3,nan,nan,nan,nan,0.00,0.00,0.00,0.00,nan
28-Feb-25 1:56:00 AM AEST,nan,nan,nan,nan,nan,nan,163.10,0.01,1.20,0.10,165.10,nan
28-Feb-25 1:57:00 AM AEST,nan,93.3,nan,nan,nan,nan,162.90,0.00,0.00,0.00,0.00,nan
28-Feb-25 1:58:00 AM AEST,nan,93.5,nan,nan,nan,nan,nan,nan,nan,nan,nan,0.80
28-Feb-25 1:59:00 AM AEST,nan,nan,nan,nan,nan,nan,nan,nan,nan,nan,nan,0.00
28-Feb-25 2:00:00 AM AEST,nan,nan,nan,nan,nan,nan,nan,0.06,1.20,0.60,163.20,nan
28-Feb-25 2:01:00 AM AEST,nan,nan,nan,nan,nan,nan,163.10,0.01,nan,0.10,163.80,nan
28-Feb-25 2:02:00 AM AEST,nan,93.7,nan,nan,nan,nan,162.90,0.00,0.00,0.00,0.00,nan
28-Feb-25 2:03:00 AM AEST,nan,93.5,nan,nan,nan,nan,nan,nan,nan,nan,nan,nan
28-Feb-25 2:04:00 AM AEST,nan,93.7,nan,nan,nan,nan,nan,nan,nan,nan,nan,nan
28-Feb-25 2:05:00 AM AEST,nan,93.8,20.4,nan,nan,nan,nan,nan,nan,nan,nan,nan
28-Feb-25 2:06:00 AM AEST,nan,93.7,nan,nan,nan,nan,163.10,nan,nan,nan,nan,nan
28-Feb-25 2:07:00 AM AEST,nan,93.8,nan,nan,nan,nan,162.90,nan,nan,nan,nan,nan
28-Feb-25 2:10:00 AM AEST,nan,94.0,nan,nan,nan,nan,nan,nan,nan,nan,nan,nan
28-Feb-25 2:11:00 AM AEST,nan,93.8,nan,nan,nan,nan,nan,nan,nan,nan,nan,nan
28-Feb-25 2:12:00 AM AEST,nan,nan,nan,nan,nan,nan,163.10,nan,nan,nan,nan,nan
28-Feb-25 2:13:00 AM AEST,nan,nan,nan,nan,nan,nan,162.90,nan,nan,nan,nan,nan
28-Feb-25 2:15:00 AM AEST,nan,nan,20.3,nan,nan,nan,nan,nan,nan,nan,nan,nan
28-Feb-25 2:16:00 AM AEST,nan,nan,20.4,nan,nan,nan,nan,0.01,1.20,0.10,163.80,nan
28-Feb-25 2:17:00 AM AEST,nan,nan,nan,nan,nan,nan,nan,nan,nan,nan,165.10,nan
28-Feb-25 2:18:00 AM AEST,21.3,nan,20.3,nan,nan,nan,163.10,0.00,0.00,0.00,0.00,nan
28-Feb-25 2:19:00 AM AEST,nan,nan,nan,nan,nan,nan,162.90,nan,nan,nan,nan,nan
28-Feb-25 2:19:05 AM AEST,21.4,nan,nan,nan,nan,nan,nan,nan,nan,nan,nan,nan
28-Feb-25 2:21:00 AM AEST,nan,94.0,nan,nan,nan,nan,nan,0.01,1.20,0.10,165.10,nan
28-Feb-25 2:22:00 AM AEST,nan,nan,20.4,nan,nan,nan,nan,0.00,0.00,0.00,0.00,nan
28-Feb-25 2:23:00 AM AEST,21.3,nan,nan,nan,nan,nan,nan,nan,nan,nan,nan,nan
28-Feb-25 2:24:00 AM AEST,nan,nan,20.3,nan,nan,nan,nan,0.04,1.20,0.40,163.00,nan
28-Feb-25 2:24:05 AM AEST,21.4,nan,nan,nan,nan,nan,nan,nan,nan,nan,nan,nan
28-Feb-25 2:25:00 AM AEST,nan,nan,20.4,nan,nan,nan,nan,0.01,nan,0.10,163.80,nan
28-Feb-25 2:26:00 AM AEST,nan,94.2,nan,nan,nan,nan,163.10,0.00,0.00,0.00,0.00,nan
28-Feb-25 2:27:00 AM AEST,nan,94.0,nan,nan,nan,nan,162.90,0.06,2.40,0.60,163.20,nan
28-Feb-25 2:28:00 AM AEST,nan,94.2,nan,nan,nan,nan,nan,0.21,3.50,2.10,163.00,nan
28-Feb-25 2:29:00 AM AEST,nan,94.3,nan,nan,nan,nan,nan,0.11,2.40,1.10,162.90,nan
28-Feb-25 2:30:00 AM AEST,nan,94.2,20.5,nan,nan,nan,nan,0.12,nan,1.20,163.00,nan
28-Feb-25 2:31:00 AM AEST,nan,nan,20.4,nan,nan,nan,nan,0.01,1.20,0.10,163.80,nan
28-Feb-25 2:32:00 AM AEST,nan,nan,nan,nan,nan,nan,163.10,0.00,0.00,0.00,0.00,nan
28-Feb-25 2:33:00 AM AEST,nan,nan,nan,nan,nan,nan,162.90,0.02,1.20,0.20,163.40,nan
28-Feb-25 2:34:00 AM AEST,nan,94.3,nan,nan,nan,nan,nan,0.00,0.00,0.00,0.00,nan
28-Feb-25 2:35:00 AM AEST,nan,94.2,20.5,nan,nan,nan,nan,nan,nan,nan,nan,0.80
28-Feb-25 2:36:00 AM AEST,nan,94.3,20.4,nan,nan,nan,nan,nan,nan,nan,nan,0.00
28-Feb-25 2:37:00 AM AEST,nan,nan,20.5,nan,nan,nan,nan,nan,nan,nan,nan,nan
28-Feb-25 2:38:00 AM AEST,21.3,94.2,20.4,nan,nan,nan,163.10,nan,nan,nan,nan,nan
28-Feb-25 2:39:00 AM AEST,nan,nan,nan,nan,nan,nan,162.90,nan,nan,nan,nan,nan
28-Feb-25 2:39:05 AM AEST,21.4,nan,nan,nan,nan,nan,nan,nan,nan,nan,nan,nan
28-Feb-25 2:40:00 AM AEST,nan,94.3,nan,nan,nan,nan,nan,nan,nan,nan,nan,nan
28-Feb-25 2:41:00 AM AEST,nan,94.2,nan,nan,nan,nan,nan,nan,nan,nan,nan,nan
28-Feb-25 2:42:00 AM AEST,nan,94.3,nan,nan,nan,nan,nan,nan,nan,nan,nan,nan
28-Feb-25 2:44:00 AM AEST,nan,94.5,nan,nan,nan,nan,nan,nan,nan,nan,nan,nan
28-Feb-25 2:45:00 AM AEST,nan,94.3,nan,nan,nan,nan,163.10,nan,nan,nan,nan,nan
28-Feb-25 2:46:00 AM AEST,nan,94.5,nan,nan,nan,nan,162.90,nan,nan,nan,nan,nan
28-Feb-25 2:47:00 AM AEST,21.3,94.3,nan,nan,nan,nan,nan,nan,nan,nan,nan,nan
28-Feb-25 2:48:00 AM AEST,nan,94.5,nan,nan,nan,nan,nan,0.11,2.40,1.10,162.90,nan
28-Feb-25 2:49:00 AM AEST,nan,94.3,nan,nan,nan,nan,nan,0.01,1.20,0.10,165.10,nan
28-Feb-25 2:50:00 AM AEST,nan,nan,nan,nan,nan,nan,163.10,0.07,2.40,0.60,163.10,nan
28-Feb-25 2:51:00 AM AEST,21.4,94.5,nan,nan,nan,nan,162.90,0.29,4.70,2.90,163.00,nan
28-Feb-25 2:52:00 AM AEST,nan,nan,nan,nan,nan,nan,nan,0.09,2.40,0.90,162.90,nan
28-Feb-25 2:53:00 AM AEST,nan,nan,nan,nan,nan,nan,nan,0.05,1.20,0.50,nan,nan
28-Feb-25 2:54:00 AM AEST,nan,94.7,nan,nan,nan,nan,nan,nan,nan,nan,nan,nan
28-Feb-25 2:55:00 AM AEST,nan,94.5,20.5,nan,nan,nan,nan,0.00,0.00,0.00,0.00,nan
28-Feb-25 2:56:00 AM AEST,nan,nan,20.4,nan,nan,nan,nan,0.01,1.20,0.10,165.10,nan
28-Feb-25 2:57:00 AM AEST,nan,nan,20.5,nan,nan,nan,nan,0.00,0.00,0.00,0.00,nan
28-Feb-25 2:58:00 AM AEST,nan,94.7,nan,nan,nan,nan,163.10,nan,nan,nan,nan,nan
28-Feb-25 2:59:00 AM AEST,nan,94.5,nan,nan,nan,nan,162.90,nan,nan,nan,nan,nan
28-Feb-25 3:00:00 AM AEST,nan,94.7,nan,nan,nan,nan,nan,nan,nan,nan,nan,nan
28-Feb-25 3:01:00 AM AEST,nan,94.5,nan,nan,nan,nan,nan,nan,nan,nan,nan,nan
28-Feb-25 3:02:00 AM AEST,nan,94.7,nan,nan,nan,nan,nan,nan,nan,nan,nan,nan
28-Feb-25 3:03:00 AM AEST,nan,94.5,nan,nan,nan,nan,nan,nan,nan,nan,nan,nan
28-Feb-25 3:04:00 AM AEST,nan,94.8,nan,nan,nan,nan,nan,nan,nan,nan,nan,nan
28-Feb-25 3:05:00 AM AEST,21.5,94.7,20.6,nan,nan,nan,163.10,nan,nan,nan,nan,nan
28-Feb-25 3:06:00 AM AEST,nan,nan,nan,nan,nan,nan,162.90,nan,nan,nan,nan,nan
28-Feb-25 3:06:05 AM AEST,21.4,nan,nan,nan,nan,nan,nan,nan,nan,nan,nan,nan
28-Feb-25 3:07:00 AM AEST,nan,nan,20.5,nan,nan,nan,nan,nan,nan,nan,nan,nan
28-Feb-25 3:07:10 AM AEST,21.5,nan,nan,nan,nan,nan,nan,nan,nan,nan,nan,nan
28-Feb-25 3:08:00 AM AEST,nan,94.8,20.6,nan,nan,nan,nan,nan,nan,nan,nan,nan
28-Feb-25 3:09:00 AM AEST,nan,94.7,nan,nan,nan,nan,nan,nan,nan,nan,nan,nan
28-Feb-25 3:10:00 AM AEST,nan,94.8,nan,nan,nan,nan,nan,nan,nan,nan,nan,nan
28-Feb-25 3:11:00 AM AEST,nan,94.7,nan,nan,nan,nan,163.10,nan,nan,nan,nan,0.80
28-Feb-25 3:12:00 AM AEST,21.4,94.8,nan,nan,nan,nan,162.90,nan,nan,nan,nan,0.00
28-Feb-25 3:13:00 AM AEST,nan,94.7,nan,nan,nan,nan,nan,nan,nan,nan,nan,nan
28-Feb-25 3:13:05 AM AEST,21.5,nan,nan,nan,nan,nan,nan,nan,nan,nan,nan,nan
28-Feb-25 3:14:00 AM AEST,nan,94.8,nan,nan,nan,nan,nan,nan,nan,nan,nan,nan
28-Feb-25 3:15:00 AM AEST,21.4,94.7,nan,nan,nan,nan,nan,nan,nan,nan,nan,nan
28-Feb-25 3:16:00 AM AEST,nan,nan,20.5,nan,nan,nan,nan,nan,nan,nan,nan,nan
28-Feb-25 3:16:05 AM AEST,21.5,nan,nan,nan,nan,nan,nan,nan,nan,nan,nan,nan
28-Feb-25 3:17:00 AM AEST,nan,nan,20.6,nan,nan,nan,163.10,nan,nan,nan,nan,nan
28-Feb-25 3:17:10 AM AEST,21.4,nan,nan,nan,nan,nan,nan,nan,nan,nan,nan,nan
28-Feb-25 3:18:00 AM AEST,nan,nan,20.5,nan,nan,nan,162.90,nan,nan,nan,nan,nan
28-Feb-25 3:18:15 AM AEST,21.5,nan,nan,nan,nan,nan,nan,nan,nan,nan,nan,nan
28-Feb-25 3:19:00 AM AEST,nan,94.8,20.6,nan,nan,nan,nan,nan,nan,nan,nan,nan
28-Feb-25 3:20:00 AM AEST,nan,94.7,nan,nan,nan,nan,nan,nan,nan,nan,nan,nan
28-Feb-25 3:21:00 AM AEST,nan,94.8,nan,nan,nan,nan,nan,nan,nan,nan,nan,nan
28-Feb-25 3:22:00 AM AEST,21.4,94.7,nan,nan,nan,nan,163.10,nan,nan,nan,nan,nan
28-Feb-25 3:23:00 AM AEST,nan,94.8,20.5,nan,nan,nan,162.90,nan,nan,nan,nan,nan
28-Feb-25 3:23:05 AM AEST,21.5,nan,nan,nan,nan,nan,nan,nan,nan,nan,nan,nan
28-Feb-25 3:24:00 AM AEST,nan,nan,20.6,nan,nan,nan,nan,nan,nan,nan,nan,nan
28-Feb-25 3:25:00 AM AEST,nan,95.0,20.7,nan,nan,nan,nan,nan,nan,nan,nan,nan
28-Feb-25 3:26:00 AM AEST,nan,94.8,nan,nan,nan,nan,nan,nan,nan,nan,nan,nan
28-Feb-25 3:27:00 AM AEST,21.6,95.0,nan,nan,nan,nan,163.10,0.01,2.40,0.10,163.80,nan
28-Feb-25 3:28:00 AM AEST,nan,nan,20.8,nan,nan,nan,nan,0.25,3.50,2.50,163.10,nan
28-Feb-25 3:29:00 AM AEST,nan,94.8,nan,nan,nan,nan,162.90,0.01,1.20,0.10,163.80,nan
28-Feb-25 3:30:00 AM AEST,nan,95.0,20.7,nan,nan,nan,163.10,0.00,0.00,0.00,0.00,nan
28-Feb-25 3:31:00 AM AEST,21.7,nan,20.8,nan,nan,nan,162.90,0.02,1.20,0.20,163.20,nan
28-Feb-25 3:32:00 AM AEST,nan,nan,20.9,nan,nan,nan,nan,0.00,0.00,0.00,0.00,nan
28-Feb-25 3:33:00 AM AEST,21.8,nan,nan,nan,nan,nan,163.10,nan,nan,nan,nan,nan
28-Feb-25 3:34:00 AM AEST,nan,nan,nan,nan,nan,nan,162.90,nan,nan,nan,nan,nan
28-Feb-25 3:34:05 AM AEST,21.7,nan,nan,nan,nan,nan,nan,nan,nan,nan,nan,nan
28-Feb-25 3:35:00 AM AEST,nan,nan,nan,nan,nan,nan,162.10,0.04,3.50,0.40,155.90,nan
28-Feb-25 3:35:10 AM AEST,21.8,nan,nan,nan,nan,nan,nan,nan,nan,nan,nan,nan
28-Feb-25 3:36:00 AM AEST,nan,nan,21.0,nan,nan,nan,148.10,0.16,4.70,1.60,148.20,nan
28-Feb-25 3:36:15 AM AEST,21.9,nan,nan,nan,nan,nan,nan,nan,nan,nan,nan,nan
28-Feb-25 3:36:15 AM AEST,22.0,nan,nan,nan,nan,nan,nan,nan,nan,nan,nan,nan
28-Feb-25 3:37:00 AM AEST,nan,95.2,21.1,nan,nan,nan,nan,0.00,0.00,0.00,0.00,nan
28-Feb-25 3:38:00 AM AEST,nan,nan,21.2,nan,nan,nan,nan,0.01,1.20,0.10,150.30,nan
28-Feb-25 3:39:00 AM AEST,nan,nan,nan,nan,nan,nan,nan,0.00,0.00,0.00,0.00,nan
28-Feb-25 3:40:00 AM AEST,nan,95.0,nan,nan,nan,nan,nan,0.08,3.50,0.80,147.90,nan
28-Feb-25 3:41:00 AM AEST,nan,95.2,nan,nan,nan,nan,148.00,0.23,nan,2.30,148.00,nan
28-Feb-25 3:42:00 AM AEST,nan,95.0,nan,nan,nan,nan,148.10,0.12,2.40,1.20,nan,nan
28-Feb-25 3:43:00 AM AEST,nan,95.2,nan,nan,nan,nan,nan,0.01,1.20,0.10,148.70,nan
28-Feb-25 3:44:00 AM AEST,22.1,95.0,nan,nan,nan,nan,nan,0.00,0.00,0.00,0.00,nan
28-Feb-25 3:45:00 AM AEST,nan,nan,nan,nan,nan,nan,148.20,0.05,1.20,0.50,148.60,nan
28-Feb-25 3:45:05 AM AEST,22.0,nan,nan,nan,nan,nan,nan,nan,nan,nan,nan,nan
28-Feb-25 3:46:00 AM AEST,nan,nan,nan,nan,nan,nan,148.10,0.02,nan,0.20,148.20,nan
28-Feb-25 3:47:00 AM AEST,nan,94.8,nan,nan,nan,nan,148.20,0.00,0.00,0.00,0.00,0.80
28-Feb-25 3:48:00 AM AEST,nan,nan,21.1,nan,nan,nan,148.10,nan,nan,nan,nan,0.00
28-Feb-25 3:49:00 AM AEST,nan,nan,nan,nan,nan,nan,148.20,nan,nan,nan,nan,nan
28-Feb-25 3:50:00 AM AEST,nan,nan,nan,nan,nan,nan,148.10,nan,nan,nan,nan,nan
28-Feb-25 3:51:00 AM AEST,nan,nan,nan,nan,nan,nan,nan,0.01,1.20,0.10,148.70,nan
28-Feb-25 3:52:00 AM AEST,nan,nan,nan,nan,nan,nan,nan,0.02,nan,0.20,148.20,nan
28-Feb-25 3:53:00 AM AEST,nan,nan,nan,nan,nan,nan,nan,0.00,0.00,0.00,0.00,nan
28-Feb-25 3:54:00 AM AEST,nan,94.7,nan,nan,nan,nan,nan,nan,nan,nan,nan,nan
28-Feb-25 3:55:00 AM AEST,nan,94.8,nan,nan,nan,nan,nan,0.01,1.20,0.10,150.30,nan
28-Feb-25 3:56:00 AM AEST,nan,94.7,nan,nan,nan,nan,nan,0.00,0.00,0.00,0.00,nan
28-Feb-25 3:57:00 AM AEST,nan,94.8,nan,nan,nan,nan,nan,nan,nan,nan,nan,nan
28-Feb-25 3:58:00 AM AEST,nan,94.7,nan,nan,nan,nan,nan,nan,nan,nan,nan,nan
28-Feb-25 3:59:00 AM AEST,nan,94.8,nan,nan,nan,nan,nan,nan,nan,nan,nan,nan
28-Feb-25 4:00:00 AM AEST,nan,94.7,nan,nan,nan,nan,nan,0.05,1.20,0.50,148.20,nan
28-Feb-25 4:01:00 AM AEST,nan,94.8,nan,nan,nan,nan,nan,0.01,nan,0.10,150.30,nan
28-Feb-25 4:02:00 AM AEST,nan,nan,nan,nan,nan,nan,nan,0.00,0.00,0.00,0.00,nan
28-Feb-25 4:04:00 AM AEST,nan,nan,nan,nan,nan,nan,nan,0.02,1.20,0.20,148.20,nan
28-Feb-25 4:05:00 AM AEST,nan,nan,nan,nan,nan,nan,nan,0.01,nan,0.10,150.30,nan
28-Feb-25 4:06:00 AM AEST,nan,nan,21.2,nan,nan,nan,nan,0.00,0.00,0.00,0.00,nan
28-Feb-25 4:07:00 AM AEST,nan,95.0,nan,nan,nan,nan,148.20,0.18,3.50,1.80,148.20,nan
28-Feb-25 4:08:00 AM AEST,22.1,94.8,nan,nan,nan,nan,nan,0.07,2.40,0.70,148.10,nan
28-Feb-25 4:09:00 AM AEST,nan,95.0,21.3,nan,nan,nan,nan,0.01,1.20,0.10,148.70,nan
28-Feb-25 4:10:00 AM AEST,nan,nan,nan,nan,nan,nan,nan,0.02,nan,0.20,148.00,nan
28-Feb-25 4:11:00 AM AEST,22.2,nan,nan,nan,nan,nan,nan,0.00,0.00,0.00,0.00,nan
28-Feb-25 4:13:00 AM AEST,nan,94.8,nan,nan,nan,nan,nan,nan,nan,nan,nan,nan
28-Feb-25 4:14:00 AM AEST,nan,95.0,nan,nan,nan,nan,nan,nan,nan,nan,nan,nan
28-Feb-25 4:15:00 AM AEST,nan,nan,nan,nan,nan,nan,148.10,nan,nan,nan,nan,nan
28-Feb-25 4:16:00 AM AEST,nan,94.8,21.4,nan,nan,nan,148.20,0.06,2.40,0.60,148.30,nan
28-Feb-25 4:17:00 AM AEST,22.1,nan,21.3,nan,nan,nan,nan,0.22,3.50,2.20,148.10,nan
28-Feb-25 4:18:00 AM AEST,nan,95.0,nan,nan,nan,nan,148.10,0.02,2.40,0.20,148.20,nan
28-Feb-25 4:18:05 AM AEST,22.2,nan,nan,nan,nan,nan,nan,nan,nan,nan,nan,nan
28-Feb-25 4:19:00 AM AEST,nan,94.8,21.4,nan,nan,nan,148.20,0.00,0.00,0.00,0.00,nan
28-Feb-25 4:20:00 AM AEST,nan,nan,nan,nan,nan,nan,148.10,nan,nan,nan,nan,nan
28-Feb-25 4:21:00 AM AEST,nan,95.0,nan,nan,nan,nan,148.20,nan,nan,nan,nan,nan
28-Feb-25 4:22:00 AM AEST,nan,94.8,nan,nan,nan,nan,nan,nan,nan,nan,nan,nan
28-Feb-25 4:23:00 AM AEST,22.3,nan,nan,nan,nan,nan,148.10,nan,nan,nan,nan,nan
28-Feb-25 4:24:00 AM AEST,nan,95.0,nan,nan,nan,nan,148.20,0.12,2.40,1.20,148.30,nan
28-Feb-25 4:25:00 AM AEST,nan,nan,21.5,nan,nan,nan,nan,0.14,nan,1.40,148.10,0.80
28-Feb-25 4:26:00 AM AEST,nan,nan,nan,nan,nan,nan,nan,0.16,nan,1.60,148.20,0.00
28-Feb-25 4:27:00 AM AEST,nan,nan,nan,nan,nan,nan,nan,0.20,3.50,2.00,nan,nan
28-Feb-25 4:28:00 AM AEST,nan,nan,nan,nan,nan,nan,148.10,0.07,2.40,0.60,nan,nan
28-Feb-25 4:29:00 AM AEST,nan,nan,nan,nan,nan,nan,148.20,0.02,1.20,0.20,nan,nan
28-Feb-25 4:30:00 AM AEST,nan,94.8,nan,nan,nan,nan,nan,0.01,nan,0.10,150.30,nan
28-Feb-25 4:31:00 AM AEST,nan,nan,21.4,nan,nan,nan,148.10,0.22,3.50,2.20,148.10,nan
28-Feb-25 4:32:00 AM AEST,22.4,nan,21.5,nan,nan,nan,nan,0.14,2.40,1.40,148.20,nan
28-Feb-25 4:33:00 AM AEST,nan,95.0,nan,nan,nan,nan,nan,0.16,nan,1.60,nan,nan
28-Feb-25 4:33:05 AM AEST,22.5,nan,nan,nan,nan,nan,nan,nan,nan,nan,nan,nan
28-Feb-25 4:34:00 AM AEST,nan,nan,21.6,nan,nan,nan,nan,0.02,1.20,0.20,148.00,nan
28-Feb-25 4:35:00 AM AEST,22.4,95.2,nan,nan,nan,nan,148.20,0.00,0.00,0.00,0.00,nan
28-Feb-25 4:36:00 AM AEST,nan,95.0,nan,nan,nan,nan,nan,nan,nan,nan,nan,nan
28-Feb-25 4:36:05 AM AEST,22.5,nan,nan,nan,nan,nan,nan,nan,nan,nan,nan,nan
28-Feb-25 4:37:00 AM AEST,nan,nan,nan,nan,nan,nan,148.10,nan,nan,nan,nan,nan
28-Feb-25 4:38:00 AM AEST,nan,nan,21.7,nan,nan,nan,nan,nan,nan,nan,nan,nan
28-Feb-25 4:39:00 AM AEST,22.6,nan,nan,nan,nan,nan,148.20,nan,nan,nan,nan,nan
28-Feb-25 4:40:00 AM AEST,nan,95.2,nan,nan,nan,nan,148.10,0.01,1.20,0.10,148.70,nan
28-Feb-25 4:41:00 AM AEST,nan,95.0,nan,nan,nan,nan,nan,0.11,2.40,1.10,148.10,nan
28-Feb-25 4:42:00 AM AEST,nan,95.2,nan,nan,nan,nan,148.20,0.15,nan,1.50,148.20,nan
28-Feb-25 4:43:00 AM AEST,nan,95.0,21.8,nan,nan,nan,148.10,0.13,nan,1.30,nan,nan
28-Feb-25 4:44:00 AM AEST,nan,nan,nan,nan,nan,nan,148.20,0.10,nan,1.00,nan,nan
28-Feb-25 4:45:00 AM AEST,nan,nan,21.7,nan,nan,nan,148.10,0.00,0.00,0.00,0.00,nan
28-Feb-25 4:46:00 AM AEST,nan,94.8,21.8,nan,nan,nan,148.20,nan,nan,nan,nan,nan
28-Feb-25 4:47:00 AM AEST,nan,95.0,21.7,nan,nan,nan,148.10,nan,nan,nan,nan,nan
28-Feb-25 4:48:00 AM AEST,nan,nan,21.8,nan,nan,nan,148.20,nan,nan,nan,nan,nan
28-Feb-25 4:49:00 AM AEST,nan,94.8,nan,nan,nan,nan,148.10,nan,nan,nan,nan,nan
28-Feb-25 4:50:00 AM AEST,nan,95.0,21.7,nan,nan,nan,148.20,nan,nan,nan,nan,nan
28-Feb-25 4:51:00 AM AEST,nan,94.8,21.8,nan,nan,nan,148.10,nan,nan,nan,nan,nan
28-Feb-25 4:52:00 AM AEST,nan,nan,21.7,nan,nan,nan,148.20,nan,nan,nan,nan,nan
28-Feb-25 4:53:00 AM AEST,nan,95.0,nan,nan,nan,nan,nan,nan,nan,nan,nan,nan
28-Feb-25 4:54:00 AM AEST,nan,94.8,nan,nan,nan,nan,nan,0.01,1.20,0.10,148.70,nan
28-Feb-25 4:55:00 AM AEST,nan,nan,nan,nan,nan,nan,nan,0.00,0.00,0.00,0.00,nan
28-Feb-25 4:56:00 AM AEST,nan,nan,nan,nan,nan,nan,148.10,nan,nan,nan,nan,nan
28-Feb-25 4:57:00 AM AEST,nan,94.7,nan,nan,nan,nan,148.20,nan,nan,nan,nan,nan
28-Feb-25 4:58:00 AM AEST,22.5,94.8,nan,nan,nan,nan,nan,nan,nan,nan,nan,nan
28-Feb-25 4:59:00 AM AEST,nan,nan,nan,nan,nan,nan,148.10,nan,nan,nan,nan,nan
28-Feb-25 5:00:00 AM AEST,22.4,94.7,nan,nan,nan,nan,nan,nan,nan,nan,nan,nan
28-Feb-25 5:01:00 AM AEST,nan,94.8,21.5,nan,nan,nan,148.20,nan,nan,nan,nan,0.80
28-Feb-25 5:01:05 AM AEST,22.5,nan,nan,nan,nan,nan,nan,nan,nan,nan,nan,nan
28-Feb-25 5:02:00 AM AEST,nan,94.7,21.7,nan,nan,nan,148.10,0.03,2.40,0.30,147.80,0.00
28-Feb-25 5:03:00 AM AEST,nan,94.8,21.6,nan,nan,nan,nan,0.13,nan,1.30,148.20,nan
28-Feb-25 5:04:00 AM AEST,nan,nan,21.7,nan,nan,nan,148.20,0.00,0.00,0.00,0.00,nan
28-Feb-25 5:05:00 AM AEST,nan,94.7,nan,nan,nan,nan,nan,0.07,2.40,0.70,148.50,nan
28-Feb-25 5:06:00 AM AEST,nan,94.8,21.6,nan,nan,nan,nan,0.08,nan,0.80,148.40,nan
28-Feb-25 5:07:00 AM AEST,nan,94.7,nan,nan,nan,nan,nan,0.00,0.00,0.00,0.00,nan
28-Feb-25 5:08:00 AM AEST,22.4,nan,nan,nan,nan,nan,148.10,0.09,2.40,0.90,148.30,nan
28-Feb-25 5:09:00 AM AEST,nan,94.8,21.5,nan,nan,nan,nan,0.07,nan,0.70,148.10,nan
28-Feb-25 5:09:05 AM AEST,22.5,nan,nan,nan,nan,nan,nan,nan,nan,nan,nan,nan
28-Feb-25 5:10:00 AM AEST,nan,94.7,21.6,nan,nan,nan,148.20,0.00,0.00,0.00,0.00,nan
28-Feb-25 5:10:10 AM AEST,22.4,nan,nan,nan,nan,nan,nan,nan,nan,nan,nan,nan
28-Feb-25 5:11:00 AM AEST,nan,94.8,21.5,nan,nan,nan,148.10,nan,nan,nan,nan,nan
28-Feb-25 5:12:00 AM AEST,nan,94.7,nan,nan,nan,nan,148.20,nan,nan,nan,nan,nan
28-Feb-25 5:13:00 AM AEST,nan,94.8,nan,nan,nan,nan,nan,0.01,1.20,0.10,150.30,nan
28-Feb-25 5:14:00 AM AEST,nan,nan,21.6,nan,nan,nan,nan,0.00,0.00,0.00,0.00,nan
28-Feb-25 5:15:00 AM AEST,nan,94.7,21.5,nan,nan,nan,nan,0.11,2.40,1.10,148.30,nan
28-Feb-25 5:16:00 AM AEST,nan,nan,nan,nan,nan,nan,nan,0.17,nan,1.70,148.10,nan
28-Feb-25 5:17:00 AM AEST,nan,94.8,nan,nan,nan,nan,nan,0.07,nan,0.60,148.20,nan
28-Feb-25 5:18:00 AM AEST,nan,94.7,nan,nan,nan,nan,nan,0.20,3.50,2.00,nan,nan
28-Feb-25 5:19:00 AM AEST,nan,94.8,nan,nan,nan,nan,148.10,0.17,2.40,1.70,148.10,nan
28-Feb-25 5:20:00 AM AEST,nan,nan,21.6,nan,nan,nan,148.20,0.02,1.20,0.20,148.20,nan
28-Feb-25 5:21:00 AM AEST,22.5,95.0,nan,nan,nan,nan,nan,0.01,nan,0.10,148.70,nan
28-Feb-25 5:22:00 AM AEST,nan,nan,nan,nan,nan,nan,nan,0.00,0.00,0.00,0.00,nan
28-Feb-25 5:22:05 AM AEST,22.4,nan,nan,nan,nan,nan,nan,nan,nan,nan,nan,nan
28-Feb-25 5:23:00 AM AEST,nan,94.8,nan,nan,nan,nan,148.10,nan,nan,nan,nan,nan
28-Feb-25 5:24:00 AM AEST,nan,95.0,nan,nan,nan,nan,148.20,0.07,2.40,0.60,148.20,nan
28-Feb-25 5:25:00 AM AEST,nan,nan,nan,nan,nan,nan,148.10,0.21,3.50,2.10,nan,nan
28-Feb-25 5:26:00 AM AEST,22.5,nan,nan,nan,nan,nan,nan,0.18,nan,1.80,nan,nan
28-Feb-25 5:27:00 AM AEST,nan,nan,nan,nan,nan,nan,148.20,0.04,1.20,0.40,148.50,nan
28-Feb-25 5:27:05 AM AEST,22.4,nan,nan,nan,nan,nan,nan,nan,nan,nan,nan,nan
28-Feb-25 5:28:00 AM AEST,nan,94.8,nan,nan,nan,nan,nan,0.02,nan,0.20,148.20,nan
28-Feb-25 5:28:10 AM AEST,22.5,nan,nan,nan,nan,nan,nan,nan,nan,nan,nan,nan
28-Feb-25 5:29:00 AM AEST,nan,95.0,nan,nan,nan,nan,nan,0.00,0.00,0.00,0.00,nan
28-Feb-25 5:29:15 AM AEST,22.4,nan,nan,nan,nan,nan,nan,nan,nan,nan,nan,nan
28-Feb-25 5:30:00 AM AEST,nan,nan,nan,nan,nan,nan,148.10,0.07,2.40,0.60,148.20,nan
28-Feb-25 5:30:20 AM AEST,22.5,nan,nan,nan,nan,nan,nan,nan,nan,nan,nan,nan
28-Feb-25 5:31:00 AM AEST,nan,nan,nan,nan,nan,nan,nan,0.00,0.00,0.00,0.00,nan
28-Feb-25 5:32:00 AM AEST,nan,nan,21.7,nan,nan,nan,148.20,nan,nan,nan,nan,nan
28-Feb-25 5:33:00 AM AEST,22.4,nan,21.6,nan,nan,nan,nan,nan,nan,nan,nan,nan
28-Feb-25 5:34:00 AM AEST,nan,nan,nan,nan,nan,nan,148.10,nan,nan,nan,nan,nan
28-Feb-25 5:35:00 AM AEST,nan,94.8,nan,nan,nan,nan,nan,nan,nan,nan,nan,nan
28-Feb-25 5:36:00 AM AEST,22.5,95.0,nan,nan,nan,nan,nan,nan,nan,nan,nan,0.80
28-Feb-25 5:37:00 AM AEST,nan,nan,nan,nan,nan,nan,nan,nan,nan,nan,nan,0.00
28-Feb-25 5:37:05 AM AEST,22.4,nan,nan,nan,nan,nan,nan,nan,nan,nan,nan,nan
28-Feb-25 5:38:00 AM AEST,nan,nan,nan,nan,nan,nan,148.20,nan,nan,nan,nan,nan
28-Feb-25 5:40:00 AM AEST,nan,94.8,nan,nan,nan,nan,nan,nan,nan,nan,nan,nan
28-Feb-25 5:41:00 AM AEST,nan,95.0,21.5,nan,nan,nan,nan,nan,nan,nan,nan,nan
28-Feb-25 5:42:00 AM AEST,nan,94.8,21.6,nan,nan,nan,nan,nan,nan,nan,nan,nan
28-Feb-25 5:43:00 AM AEST,nan,95.0,21.5,nan,nan,nan,148.10,nan,nan,nan,nan,nan
28-Feb-25 5:44:00 AM AEST,nan,94.8,21.6,nan,nan,nan,nan,nan,nan,nan,nan,nan
28-Feb-25 5:45:00 AM AEST,nan,95.0,nan,nan,nan,nan,148.20,nan,nan,nan,nan,nan
28-Feb-25 5:46:00 AM AEST,nan,94.8,nan,nan,nan,nan,148.10,nan,nan,nan,nan,nan
28-Feb-25 5:47:00 AM AEST,nan,95.0,21.5,nan,nan,nan,148.20,nan,nan,nan,nan,nan
28-Feb-25 5:48:00 AM AEST,22.3,94.8,nan,nan,nan,nan,nan,nan,nan,nan,nan,nan
28-Feb-25 5:49:00 AM AEST,nan,nan,nan,nan,nan,nan,148.10,nan,nan,nan,nan,nan
28-Feb-25 5:49:05 AM AEST,22.4,nan,nan,nan,nan,nan,nan,nan,nan,nan,nan,nan
28-Feb-25 5:50:00 AM AEST,nan,nan,nan,nan,nan,nan,148.20,0.13,2.40,1.30,148.20,nan
28-Feb-25 5:50:10 AM AEST,22.3,nan,nan,nan,nan,nan,nan,nan,nan,nan,nan,nan
28-Feb-25 5:51:00 AM AEST,nan,94.7,21.4,nan,nan,nan,148.10,0.07,nan,0.60,148.00,nan
28-Feb-25 5:52:00 AM AEST,nan,94.8,nan,nan,nan,nan,nan,0.01,1.20,0.10,148.70,nan
28-Feb-25 5:53:00 AM AEST,nan,nan,21.5,nan,nan,nan,nan,0.05,nan,0.50,148.10,nan
28-Feb-25 5:54:00 AM AEST,nan,nan,nan,nan,nan,nan,148.20,0.03,nan,0.30,148.40,nan
28-Feb-25 5:55:00 AM AEST,nan,nan,nan,nan,nan,nan,148.10,0.01,nan,0.10,150.30,nan
28-Feb-25 5:56:00 AM AEST,nan,94.7,21.4,nan,nan,nan,148.20,0.02,nan,0.20,148.20,nan
28-Feb-25 5:57:00 AM AEST,nan,94.8,nan,nan,nan,nan,148.10,0.00,0.00,0.00,0.00,nan
28-Feb-25 5:58:00 AM AEST,nan,nan,nan,nan,nan,nan,148.20,nan,nan,nan,nan,nan
28-Feb-25 5:59:00 AM AEST,nan,95.0,nan,nan,nan,nan,148.10,nan,nan,nan,nan,nan
28-Feb-25 6:00:00 AM AEST,nan,94.8,nan,nan,nan,0.02,148.20,nan,nan,nan,nan,nan
28-Feb-25 6:01:00 AM AEST,nan,nan,nan,nan,nan,nan,148.10,nan,nan,nan,nan,nan
28-Feb-25 6:02:00 AM AEST,22.2,94.7,nan,nan,nan,nan,148.20,nan,nan,nan,nan,nan
28-Feb-25 6:03:00 AM AEST,nan,94.8,21.3,nan,nan,nan,148.10,nan,nan,nan,nan,nan
28-Feb-25 6:04:00 AM AEST,22.3,nan,21.4,nan,nan,nan,nan,nan,nan,nan,nan,nan
28-Feb-25 6:05:00 AM AEST,nan,95.0,nan,nan,nan,nan,nan,nan,nan,nan,nan,nan
28-Feb-25 6:05:05 AM AEST,22.2,nan,nan,nan,nan,nan,nan,nan,nan,nan,nan,nan
28-Feb-25 6:06:00 AM AEST,nan,nan,nan,nan,nan,nan,148.20,nan,nan,nan,nan,nan
28-Feb-25 6:06:10 AM AEST,22.3,nan,nan,nan,nan,nan,nan,nan,nan,nan,nan,nan
28-Feb-25 6:07:00 AM AEST,nan,94.8,nan,nan,nan,nan,148.10,nan,nan,nan,nan,nan
28-Feb-25 6:07:15 AM AEST,22.2,nan,nan,nan,nan,nan,nan,nan,nan,nan,nan,nan
28-Feb-25 6:08:00 AM AEST,nan,nan,21.3,nan,nan,nan,nan,nan,nan,nan,nan,nan
28-Feb-25 6:09:00 AM AEST,nan,nan,nan,nan,nan,nan,148.20,nan,nan,nan,nan,nan
28-Feb-25 6:10:00 AM AEST,nan,95.0,nan,nan,nan,nan,nan,nan,nan,nan,nan,nan
28-Feb-25 6:11:00 AM AEST,nan,94.8,nan,nan,nan,nan,nan,nan,nan,nan,nan,nan
28-Feb-25 6:12:00 AM AEST,nan,95.0,nan,nan,nan,nan,nan,nan,nan,nan,nan,nan
28-Feb-25 6:13:00 AM AEST,nan,nan,21.4,nan,nan,nan,148.10,nan,nan,nan,nan,nan
28-Feb-25 6:14:00 AM AEST,nan,nan,nan,nan,nan,nan,148.20,nan,nan,nan,nan,0.80
28-Feb-25 6:15:00 AM AEST,nan,nan,21.3,nan,nan,nan,148.10,nan,nan,nan,nan,0.00
28-Feb-25 6:16:00 AM AEST,nan,nan,nan,nan,nan,nan,nan,nan,nan,nan,nan,0.80
28-Feb-25 6:17:00 AM AEST,nan,nan,nan,nan,nan,nan,148.20,nan,nan,nan,nan,1.60
28-Feb-25 6:18:00 AM AEST,nan,nan,nan,nan,nan,nan,148.10,nan,nan,nan,nan,3.30
28-Feb-25 6:19:00 AM AEST,nan,95.2,21.4,nan,nan,nan,148.20,nan,nan,nan,nan,4.10
28-Feb-25 6:20:00 AM AEST,nan,nan,nan,nan,nan,nan,148.10,nan,nan,nan,nan,5.00
28-Feb-25 6:21:00 AM AEST,22.3,nan,nan,nan,nan,nan,nan,nan,nan,nan,nan,5.80
28-Feb-25 6:22:00 AM AEST,nan,95.3,nan,nan,nan,nan,nan,0.01,1.20,0.10,150.30,5.00
28-Feb-25 6:22:05 AM AEST,22.2,nan,nan,nan,nan,nan,nan,nan,nan,nan,nan,nan
28-Feb-25 6:23:00 AM AEST,nan,95.2,21.5,nan,nan,nan,148.20,0.00,0.00,0.00,0.00,nan
28-Feb-25 6:23:10 AM AEST,22.3,nan,nan,nan,nan,nan,nan,nan,nan,nan,nan,nan
28-Feb-25 6:24:00 AM AEST,nan,95.3,21.4,nan,nan,nan,148.10,0.05,2.40,0.50,148.40,nan
28-Feb-25 6:25:00 AM AEST,nan,95.2,21.5,nan,nan,nan,nan,0.03,nan,0.30,nan,5.80
28-Feb-25 6:26:00 AM AEST,nan,95.5,nan,nan,nan,nan,148.20,0.00,0.00,0.00,0.00,7.50
28-Feb-25 6:27:00 AM AEST,nan,95.3,nan,nan,nan,nan,148.10,nan,nan,nan,nan,8.30
28-Feb-25 6:28:00 AM AEST,nan,nan,nan,nan,nan,nan,nan,nan,nan,nan,nan,10.00
28-Feb-25 6:29:00 AM AEST,22.4,95.5,nan,nan,nan,nan,148.20,nan,nan,nan,nan,11.70
28-Feb-25 6:30:00 AM AEST,nan,nan,21.6,nan,nan,nan,148.10,nan,nan,nan,nan,10.80
28-Feb-25 6:31:00 AM AEST,nan,nan,nan,nan,nan,nan,148.20,nan,nan,nan,nan,11.70
28-Feb-25 6:32:00 AM AEST,nan,nan,nan,nan,nan,nan,nan,nan,nan,nan,nan,10.00
28-Feb-25 6:33:00 AM AEST,nan,nan,nan,nan,nan,nan,nan,0.03,1.20,0.30,148.40,10.80
28-Feb-25 6:34:00 AM AEST,nan,nan,nan,nan,nan,nan,148.10,0.09,3.50,0.90,148.20,10.00
28-Feb-25 6:35:00 AM AEST,nan,nan,nan,nan,nan,nan,nan,0.18,2.40,1.80,nan,10.80
28-Feb-25 6:36:00 AM AEST,nan,nan,nan,nan,nan,nan,nan,0.05,1.20,0.50,148.40,nan
28-Feb-25 6:37:00 AM AEST,22.5,nan,21.7,nan,nan,nan,nan,0.00,0.00,0.00,0.00,10.00
28-Feb-25 6:38:00 AM AEST,nan,95.7,nan,nan,nan,nan,148.20,nan,nan,nan,nan,11.70
28-Feb-25 6:39:00 AM AEST,nan,95.5,21.8,nan,nan,nan,nan,0.04,2.40,0.40,148.40,11.60
28-Feb-25 6:40:00 AM AEST,nan,95.7,nan,nan,nan,nan,nan,0.15,nan,1.50,148.30,13.30
28-Feb-25 6:41:00 AM AEST,nan,95.5,nan,nan,nan,nan,148.10,0.11,nan,1.10,148.10,14.10
28-Feb-25 6:42:00 AM AEST,nan,nan,nan,nan,nan,nan,nan,0.05,1.20,0.50,nan,15.80
28-Feb-25 6:43:00 AM AEST,nan,nan,nan,nan,nan,nan,148.20,nan,2.40,nan,nan,16.60
28-Feb-25 6:44:00 AM AEST,22.6,nan,nan,nan,nan,nan,148.10,0.00,0.00,0.00,0.00,18.30
28-Feb-25 6:45:00 AM AEST,nan,nan,nan,nan,nan,nan,148.20,0.01,1.20,0.10,148.70,nan
28-Feb-25 6:46:00 AM AEST,nan,nan,nan,nan,nan,nan,nan,0.04,nan,0.40,148.50,20.80
28-Feb-25 6:47:00 AM AEST,nan,nan,nan,nan,nan,nan,148.10,0.08,3.50,0.80,148.10,20.00
28-Feb-25 6:48:00 AM AEST,22.5,nan,nan,nan,nan,nan,148.20,0.18,nan,1.80,148.20,21.60
28-Feb-25 6:49:00 AM AEST,nan,95.3,nan,nan,nan,nan,148.10,0.01,1.20,0.10,150.30,23.30
28-Feb-25 6:49:05 AM AEST,22.6,nan,nan,nan,nan,nan,nan,nan,nan,nan,nan,nan
28-Feb-25 6:50:00 AM AEST,nan,nan,nan,nan,nan,nan,nan,0.00,0.00,0.00,0.00,nan
28-Feb-25 6:51:00 AM AEST,nan,nan,nan,nan,nan,nan,148.20,nan,nan,nan,nan,nan
28-Feb-25 6:53:00 AM AEST,22.7,95.5,nan,nan,nan,nan,nan,0.08,2.40,0.80,148.40,25.00
28-Feb-25 6:54:00 AM AEST,nan,95.3,21.9,nan,nan,nan,nan,0.17,4.70,1.70,148.20,28.30
28-Feb-25 6:54:05 AM AEST,22.6,nan,nan,nan,nan,nan,nan,nan,nan,nan,nan,nan
28-Feb-25 6:55:00 AM AEST,nan,nan,21.8,nan,nan,nan,nan,0.16,2.40,1.60,148.30,32.50
28-Feb-25 6:55:10 AM AEST,22.7,nan,nan,nan,nan,nan,nan,nan,nan,nan,nan,nan
28-Feb-25 6:56:00 AM AEST,nan,nan,21.9,nan,nan,nan,148.10,0.02,1.20,0.20,148.20,nan
28-Feb-25 6:57:00 AM AEST,22.8,95.5,nan,nan,nan,nan,nan,0.10,2.40,1.00,148.00,30.00
28-Feb-25 6:58:00 AM AEST,nan,95.7,22.1,nan,nan,nan,nan,0.11,nan,1.10,148.40,28.30
28-Feb-25 6:58:05 AM AEST,22.9,nan,nan,nan,nan,nan,nan,nan,nan,nan,nan,nan
28-Feb-25 6:59:00 AM AEST,nan,95.5,nan,nan,nan,nan,148.20,0.15,nan,1.50,148.20,27.50
28-Feb-25 7:00:00 AM AEST,nan,nan,nan,nan,nan,nan,nan,0.14,nan,1.40,nan,28.30
28-Feb-25 7:00:01 AM AEST,nan,nan,nan,nan,nan,0.05,nan,nan,nan,nan,nan,nan
28-Feb-25 7:01:00 AM AEST,23.0,95.7,nan,nan,nan,nan,nan,0.01,1.20,0.10,148.70,29.10
28-Feb-25 7:02:00 AM AEST,nan,95.5,22.2,nan,nan,nan,148.10,0.00,0.00,0.00,0.00,28.30
28-Feb-25 7:03:00 AM AEST,23.1,nan,22.3,nan,nan,nan,148.20,0.01,1.20,0.10,150.30,6552.60
28-Feb-25 7:04:00 AM AEST,nan,nan,nan,nan,nan,nan,nan,0.00,0.00,0.00,0.00,nan
28-Feb-25 7:05:00 AM AEST,23.2,nan,22.4,nan,nan,nan,148.10,0.01,1.20,0.10,150.30,nan
28-Feb-25 7:06:00 AM AEST,nan,nan,nan,nan,nan,nan,148.20,0.00,0.00,0.00,0.00,nan
28-Feb-25 7:08:00 AM AEST,23.3,nan,nan,nan,nan,nan,nan,0.01,1.20,0.10,150.30,nan
28-Feb-25 7:09:00 AM AEST,nan,95.3,22.6,nan,nan,nan,nan,0.00,0.00,0.00,0.00,nan
28-Feb-25 7:09:05 AM AEST,23.4,nan,nan,nan,nan,nan,nan,nan,nan,nan,nan,nan
28-Feb-25 7:10:00 AM AEST,nan,nan,nan,nan,nan,nan,nan,0.01,1.20,0.10,150.30,nan
28-Feb-25 7:11:00 AM AEST,23.5,nan,nan,nan,nan,nan,nan,0.00,0.00,0.00,0.00,nan
28-Feb-25 7:12:00 AM AEST,nan,95.2,22.7,nan,nan,nan,nan,nan,nan,nan,nan,nan
28-Feb-25 7:13:00 AM AEST,23.6,nan,nan,nan,nan,nan,nan,nan,nan,nan,nan,nan
28-Feb-25 7:14:00 AM AEST,nan,95.0,nan,nan,nan,nan,nan,0.01,1.20,0.10,150.30,nan
28-Feb-25 7:15:00 AM AEST,nan,nan,22.8,nan,nan,nan,nan,0.03,nan,0.30,147.80,nan
28-Feb-25 7:16:00 AM AEST,23.7,94.7,nan,nan,nan,nan,nan,0.00,0.00,0.00,0.00,nan
28-Feb-25 7:17:00 AM AEST,nan,nan,nan,nan,nan,nan,149.40,0.08,2.40,0.80,149.80,nan
28-Feb-25 7:18:00 AM AEST,23.9,nan,nan,nan,nan,nan,149.70,0.04,nan,0.40,149.90,nan
28-Feb-25 7:19:00 AM AEST,nan,94.3,23.0,nan,nan,nan,nan,0.01,1.20,0.10,150.30,nan
28-Feb-25 7:19:05 AM AEST,24.0,nan,nan,nan,nan,nan,nan,nan,nan,nan,nan,nan
28-Feb-25 7:20:00 AM AEST,nan,nan,nan,nan,nan,nan,164.20,0.15,4.70,1.10,187.50,nan
28-Feb-25 7:20:10 AM AEST,24.1,nan,nan,nan,nan,nan,nan,nan,nan,nan,nan,nan
28-Feb-25 7:21:00 AM AEST,nan,94.0,23.1,nan,nan,nan,261.20,0.09,3.50,0.90,261.10,nan
28-Feb-25 7:21:15 AM AEST,24.2,nan,nan,nan,nan,nan,nan,nan,nan,nan,nan,nan
28-Feb-25 7:22:00 AM AEST,nan,93.8,nan,nan,nan,nan,260.90,0.11,nan,1.10,260.90,nan
28-Feb-25 7:23:00 AM AEST,24.4,93.7,23.2,nan,nan,nan,256.20,0.12,nan,1.20,256.20,nan
28-Feb-25 7:24:00 AM AEST,nan,93.2,23.3,nan,nan,nan,308.30,0.21,nan,1.70,303.40,nan
28-Feb-25 7:24:05 AM AEST,24.5,nan,nan,nan,nan,nan,nan,nan,nan,nan,nan,nan
28-Feb-25 7:25:00 AM AEST,nan,nan,nan,nan,nan,nan,337.80,0.07,2.40,0.60,337.80,nan
28-Feb-25 7:25:10 AM AEST,24.6,nan,nan,nan,nan,nan,nan,nan,nan,nan,nan,nan
28-Feb-25 7:26:00 AM AEST,nan,92.5,23.5,nan,nan,nan,7.10,0.34,7.10,3.30,8.00,nan
28-Feb-25 7:26:15 AM AEST,24.8,nan,nan,nan,nan,nan,nan,nan,nan,nan,nan,nan
28-Feb-25 7:27:00 AM AEST,nan,92.3,nan,nan,nan,nan,335.60,0.25,4.70,2.30,330.60,nan
28-Feb-25 7:27:20 AM AEST,25.0,nan,nan,nan,nan,nan,nan,nan,nan,nan,nan,nan
28-Feb-25 7:27:20 AM AEST,25.1,nan,nan,nan,nan,nan,nan,nan,nan,nan,nan,nan
28-Feb-25 7:28:00 AM AEST,nan,91.7,23.6,nan,nan,nan,350.60,0.32,nan,3.20,350.70,nan
28-Feb-25 7:28:25 AM AEST,25.3,nan,nan,nan,nan,nan,nan,nan,nan,nan,nan,nan
28-Feb-25 7:29:00 AM AEST,nan,91.2,nan,nan,nan,nan,351.00,0.11,3.50,1.10,351.10,nan
28-Feb-25 7:30:00 AM AEST,nan,90.5,23.8,nan,nan,nan,339.80,0.25,4.70,2.50,335.80,nan
28-Feb-25 7:31:00 AM AEST,25.4,89.7,23.7,nan,nan,nan,327.70,0.21,nan,2.10,328.20,nan
28-Feb-25 7:32:00 AM AEST,nan,89.0,23.6,nan,nan,nan,326.50,0.25,nan,2.50,326.40,nan
28-Feb-25 7:32:05 AM AEST,25.6,nan,nan,nan,nan,nan,nan,nan,nan,nan,nan,nan
28-Feb-25 7:33:00 AM AEST,nan,88.2,nan,nan,nan,nan,325.60,0.19,5.90,1.90,325.60,nan
28-Feb-25 7:33:10 AM AEST,25.7,nan,nan,nan,nan,nan,nan,nan,nan,nan,nan,nan
28-Feb-25 7:34:00 AM AEST,nan,87.0,nan,nan,nan,nan,302.10,0.38,7.10,3.80,296.80,nan
28-Feb-25 7:34:15 AM AEST,25.8,nan,nan,nan,nan,nan,nan,nan,nan,nan,nan,nan
28-Feb-25 7:35:00 AM AEST,nan,86.2,23.5,nan,nan,nan,298.90,0.09,3.50,0.90,298.80,nan
28-Feb-25 7:35:20 AM AEST,25.9,nan,nan,nan,nan,nan,nan,nan,nan,nan,nan,nan
28-Feb-25 7:36:00 AM AEST,nan,86.0,23.4,nan,nan,nan,304.40,0.11,nan,1.10,311.10,nan
28-Feb-25 7:36:25 AM AEST,26.0,nan,nan,nan,nan,nan,nan,nan,nan,nan,nan,nan
28-Feb-25 7:37:00 AM AEST,nan,85.5,23.5,nan,nan,nan,312.60,0.28,5.90,2.80,312.40,nan
28-Feb-25 7:37:30 AM AEST,26.2,nan,nan,nan,nan,nan,nan,nan,nan,nan,nan,nan
28-Feb-25 7:37:30 AM AEST,26.3,nan,nan,nan,nan,nan,nan,nan,nan,nan,nan,nan
28-Feb-25 7:38:00 AM AEST,nan,84.3,nan,nan,nan,nan,311.80,nan,4.70,nan,311.70,nan
28-Feb-25 7:38:35 AM AEST,26.4,nan,nan,nan,nan,nan,nan,nan,nan,nan,nan,nan
28-Feb-25 7:39:00 AM AEST,nan,83.3,23.4,nan,nan,nan,312.60,0.21,3.50,2.10,312.60,nan
28-Feb-25 7:39:40 AM AEST,26.5,nan,nan,nan,nan,nan,nan,nan,nan,nan,nan,nan
28-Feb-25 7:40:00 AM AEST,nan,83.0,23.3,nan,nan,nan,311.90,0.25,5.90,2.50,311.80,nan
28-Feb-25 7:40:45 AM AEST,26.6,nan,nan,nan,nan,nan,nan,nan,nan,nan,nan,nan
28-Feb-25 7:41:00 AM AEST,nan,82.3,23.4,nan,nan,nan,305.10,0.40,7.10,3.90,302.70,nan
28-Feb-25 7:41:50 AM AEST,26.7,nan,nan,nan,nan,nan,nan,nan,nan,nan,nan,nan
28-Feb-25 7:42:00 AM AEST,nan,81.8,23.3,nan,nan,nan,311.90,0.18,3.50,1.80,311.90,nan
28-Feb-25 7:42:55 AM AEST,26.8,nan,nan,nan,nan,nan,nan,nan,nan,nan,nan,nan
28-Feb-25 7:43:00 AM AEST,nan,82.0,nan,nan,nan,nan,nan,0.10,2.40,1.00,312.00,nan
28-Feb-25 7:44:00 AM AEST,26.9,81.5,23.5,nan,nan,nan,313.00,0.47,9.50,4.70,313.50,nan
28-Feb-25 7:45:00 AM AEST,nan,80.7,23.4,nan,nan,nan,326.80,0.25,5.90,2.30,328.00,121.60
28-Feb-25 7:46:00 AM AEST,27.0,80.3,23.3,nan,nan,nan,340.30,0.44,nan,3.50,336.60,234.20
28-Feb-25 7:47:00 AM AEST,nan,79.8,23.4,nan,nan,nan,333.50,nan,7.10,4.00,330.80,237.40
28-Feb-25 7:47:05 AM AEST,27.1,nan,nan,nan,nan,nan,nan,nan,nan,nan,nan,nan
28-Feb-25 7:48:00 AM AEST,nan,79.5,23.3,nan,nan,nan,317.10,0.13,3.50,1.30,317.10,241.70
28-Feb-25 7:48:10 AM AEST,27.2,nan,nan,nan,nan,nan,nan,nan,nan,nan,nan,nan
28-Feb-25 7:49:00 AM AEST,nan,78.8,nan,nan,nan,nan,319.90,0.35,5.90,3.30,321.50,244.10
28-Feb-25 7:49:15 AM AEST,27.3,nan,nan,nan,nan,nan,nan,nan,nan,nan,nan,nan
28-Feb-25 7:50:00 AM AEST,nan,78.2,nan,nan,nan,nan,313.90,0.34,4.70,3.40,313.90,248.30
28-Feb-25 7:50:20 AM AEST,27.4,nan,nan,nan,nan,nan,nan,nan,nan,nan,nan,nan
28-Feb-25 7:51:00 AM AEST,nan,77.8,23.2,nan,nan,nan,nan,0.09,2.40,0.90,313.80,252.50
28-Feb-25 7:51:25 AM AEST,27.6,nan,nan,nan,nan,nan,nan,nan,nan,nan,nan,nan
28-Feb-25 7:52:00 AM AEST,nan,77.5,nan,nan,nan,nan,314.30,0.08,nan,0.80,314.80,255.80
28-Feb-25 7:52:30 AM AEST,27.7,nan,nan,nan,nan,nan,nan,nan,nan,nan,nan,nan
28-Feb-25 7:53:00 AM AEST,nan,77.2,23.3,nan,nan,nan,315.70,0.02,1.20,0.20,315.60,259.20
28-Feb-25 7:53:35 AM AEST,27.8,nan,nan,nan,nan,nan,nan,nan,nan,nan,nan,nan
28-Feb-25 7:54:00 AM AEST,nan,76.7,nan,nan,nan,nan,315.80,0.01,nan,0.10,315.00,263.30
28-Feb-25 7:54:40 AM AEST,27.9,nan,nan,nan,nan,nan,nan,nan,nan,nan,nan,nan
28-Feb-25 7:55:00 AM AEST,nan,77.0,nan,nan,nan,nan,nan,0.04,2.40,0.40,315.40,265.80
28-Feb-25 7:55:45 AM AEST,28.0,nan,nan,nan,nan,nan,nan,nan,nan,nan,nan,nan
28-Feb-25 7:56:00 AM AEST,nan,75.8,23.5,nan,nan,nan,316.20,0.21,3.50,2.10,316.10,269.10
28-Feb-25 7:56:50 AM AEST,28.1,nan,nan,nan,nan,nan,nan,nan,nan,nan,nan,nan
28-Feb-25 7:57:00 AM AEST,nan,75.0,23.4,nan,nan,nan,311.90,0.32,5.90,3.20,309.90,273.30
28-Feb-25 7:57:55 AM AEST,28.2,nan,nan,nan,nan,nan,nan,nan,nan,nan,nan,nan
28-Feb-25 7:58:00 AM AEST,nan,74.2,23.2,nan,nan,nan,330.40,0.25,nan,2.50,328.40,276.70
28-Feb-25 7:59:00 AM AEST,28.3,74.0,23.1,nan,nan,nan,332.80,0.07,2.40,0.60,333.00,279.90
28-Feb-25 8:00:00 AM AEST,nan,73.5,23.2,nan,nan,nan,321.80,0.41,7.10,4.10,319.80,284.20
28-Feb-25 8:00:02 AM AEST,nan,nan,nan,nan,nan,0.29,nan,nan,nan,nan,nan,nan
28-Feb-25 8:00:05 AM AEST,28.4,nan,nan,nan,nan,nan,nan,nan,nan,nan,nan,nan
28-Feb-25 8:01:00 AM AEST,nan,73.2,nan,nan,nan,nan,322.10,0.51,9.50,5.00,321.60,287.40
28-Feb-25 8:01:10 AM AEST,28.3,nan,nan,nan,nan,nan,nan,nan,nan,nan,nan,nan
28-Feb-25 8:02:00 AM AEST,nan,72.5,23.1,nan,nan,nan,302.50,0.56,7.10,5.40,303.90,290.80
28-Feb-25 8:03:00 AM AEST,28.4,72.7,22.9,nan,nan,nan,294.40,0.15,3.50,1.50,294.40,293.30
28-Feb-25 8:04:00 AM AEST,nan,73.0,23.0,nan,nan,nan,301.50,0.19,nan,1.80,305.90,297.40
28-Feb-25 8:04:05 AM AEST,28.5,nan,nan,nan,nan,nan,nan,nan,nan,nan,nan,nan
28-Feb-25 8:05:00 AM AEST,nan,72.7,23.1,nan,nan,nan,323.40,0.20,nan,2.00,323.50,300.80
28-Feb-25 8:05:10 AM AEST,28.6,nan,nan,nan,nan,nan,nan,nan,nan,nan,nan,nan
28-Feb-25 8:06:00 AM AEST,nan,72.2,23.2,nan,nan,nan,347.20,0.27,5.90,2.50,5.80,304.90
28-Feb-25 8:07:00 AM AEST,28.7,71.5,23.1,nan,nan,nan,10.90,0.26,nan,2.60,11.70,307.50
28-Feb-25 8:08:00 AM AEST,nan,nan,23.0,nan,nan,nan,10.00,0.02,1.20,0.20,9.60,311.60
28-Feb-25 8:08:05 AM AEST,28.8,nan,nan,nan,nan,nan,nan,nan,nan,nan,nan,nan
28-Feb-25 8:09:00 AM AEST,nan,nan,23.1,nan,nan,nan,357.10,0.44,8.30,4.10,347.80,315.80
28-Feb-25 8:09:10 AM AEST,28.9,nan,nan,nan,nan,nan,nan,nan,nan,nan,nan,nan
28-Feb-25 8:10:00 AM AEST,nan,70.5,23.2,nan,nan,nan,308.70,0.35,nan,3.50,312.70,318.30
28-Feb-25 8:10:15 AM AEST,28.8,nan,nan,nan,nan,nan,nan,nan,nan,nan,nan,nan
28-Feb-25 8:11:00 AM AEST,nan,70.0,22.9,nan,nan,nan,299.60,0.41,7.10,4.10,295.80,322.40
28-Feb-25 8:11:20 AM AEST,28.9,nan,nan,nan,nan,nan,nan,nan,nan,nan,nan,nan
28-Feb-25 8:12:00 AM AEST,nan,70.5,22.8,nan,nan,nan,304.30,0.14,3.50,1.40,303.80,325.80
28-Feb-25 8:13:00 AM AEST,nan,70.3,23.0,nan,nan,nan,304.90,0.38,7.10,3.80,306.50,329.10
28-Feb-25 8:14:00 AM AEST,29.0,70.0,nan,nan,nan,nan,314.20,0.26,5.90,2.60,314.10,333.30
28-Feb-25 8:15:00 AM AEST,nan,69.8,22.9,nan,nan,nan,322.40,0.43,nan,4.30,321.90,335.00
28-Feb-25 8:16:00 AM AEST,29.1,69.5,nan,nan,nan,nan,322.60,0.24,nan,2.40,327.30,339.10
28-Feb-25 8:17:00 AM AEST,nan,69.2,nan,nan,nan,nan,352.60,0.23,nan,2.20,350.00,342.50
28-Feb-25 8:18:00 AM AEST,29.3,nan,nan,nan,nan,nan,357.80,0.01,1.20,0.10,0.00,346.60
28-Feb-25 8:19:00 AM AEST,nan,nan,23.0,nan,nan,nan,340.20,0.12,3.50,1.20,336.10,350.80
28-Feb-25 8:20:00 AM AEST,29.5,nan,23.1,nan,nan,nan,329.90,0.07,2.40,0.70,328.10,353.30
28-Feb-25 8:21:00 AM AEST,nan,70.2,23.2,nan,nan,nan,335.80,0.08,3.50,0.80,335.90,357.50
28-Feb-25 8:21:05 AM AEST,29.6,nan,nan,nan,nan,nan,nan,nan,nan,nan,nan,nan
28-Feb-25 8:22:00 AM AEST,nan,68.7,23.5,nan,nan,nan,340.80,0.46,10.60,3.80,347.00,360.80
28-Feb-25 8:23:00 AM AEST,29.4,67.0,23.2,nan,nan,nan,27.40,0.81,nan,7.00,33.00,364.10
28-Feb-25 8:24:00 AM AEST,nan,66.8,22.7,nan,nan,nan,328.90,0.55,8.30,5.40,327.80,365.80
28-Feb-25 8:24:05 AM AEST,29.3,nan,nan,nan,nan,nan,nan,nan,nan,nan,nan,nan
28-Feb-25 8:25:00 AM AEST,nan,67.0,22.5,nan,nan,nan,4.90,0.46,7.10,3.80,7.70,369.90
28-Feb-25 8:25:10 AM AEST,29.4,nan,nan,nan,nan,nan,nan,nan,nan,nan,nan,nan
28-Feb-25 8:26:00 AM AEST,nan,66.8,22.6,nan,nan,nan,347.70,0.57,nan,5.40,347.00,372.50
28-Feb-25 8:26:15 AM AEST,29.3,nan,nan,nan,nan,nan,nan,nan,nan,nan,nan,nan
28-Feb-25 8:26:15 AM AEST,29.4,nan,nan,nan,nan,nan,nan,nan,nan,nan,nan,nan
28-Feb-25 8:27:00 AM AEST,nan,67.0,22.5,nan,nan,nan,323.80,0.34,10.60,3.40,322.50,376.70
28-Feb-25 8:28:00 AM AEST,nan,66.3,22.6,nan,nan,nan,321.80,0.61,nan,5.50,317.10,378.30
28-Feb-25 8:29:00 AM AEST,29.3,nan,22.4,nan,nan,nan,33.20,0.63,nan,5.60,46.40,382.40
28-Feb-25 8:30:00 AM AEST,nan,66.8,nan,nan,nan,nan,326.10,0.40,8.30,3.90,318.70,385.80
28-Feb-25 8:30:05 AM AEST,29.4,nan,nan,nan,nan,nan,nan,nan,nan,nan,nan,nan
28-Feb-25 8:31:00 AM AEST,nan,66.7,22.6,nan,nan,nan,338.40,0.61,10.60,4.80,342.30,390.00
28-Feb-25 8:32:00 AM AEST,nan,66.2,22.5,nan,nan,nan,334.10,0.58,9.50,5.80,333.40,392.50
28-Feb-25 8:33:00 AM AEST,29.5,66.5,nan,nan,nan,nan,343.90,0.30,5.90,2.90,344.20,395.80
28-Feb-25 8:34:00 AM AEST,nan,66.0,22.6,nan,nan,nan,326.60,0.79,14.20,7.50,327.70,400.00
28-Feb-25 8:35:00 AM AEST,nan,65.3,22.4,nan,nan,nan,330.20,0.51,9.50,5.00,329.60,404.10
28-Feb-25 8:36:00 AM AEST,nan,66.0,22.3,nan,nan,nan,341.50,0.44,7.10,4.10,336.10,343.30
28-Feb-25 8:37:00 AM AEST,nan,65.8,22.5,nan,nan,nan,318.20,0.63,13.00,6.30,318.20,410.80
28-Feb-25 8:38:00 AM AEST,nan,65.3,nan,nan,nan,nan,326.80,0.71,9.50,6.70,323.90,415.00
28-Feb-25 8:39:00 AM AEST,nan,65.7,22.3,nan,nan,nan,355.40,0.43,nan,4.00,349.90,416.70
28-Feb-25 8:40:00 AM AEST,29.6,66.0,22.4,nan,nan,nan,8.30,0.38,8.30,3.70,6.50,419.90
28-Feb-25 8:41:00 AM AEST,nan,65.8,22.5,nan,nan,nan,38.00,0.61,11.80,5.70,35.30,423.30
28-Feb-25 8:42:00 AM AEST,29.5,65.3,nan,nan,nan,nan,16.80,0.83,13.00,6.60,19.10,427.40
28-Feb-25 8:43:00 AM AEST,nan,65.8,22.3,nan,nan,nan,24.50,0.51,8.30,4.80,26.30,432.50
28-Feb-25 8:43:05 AM AEST,29.4,nan,nan,nan,nan,nan,nan,nan,nan,nan,nan,nan
28-Feb-25 8:44:00 AM AEST,nan,66.0,22.4,nan,nan,nan,25.50,0.23,3.50,2.30,25.40,435.80
28-Feb-25 8:44:10 AM AEST,29.5,nan,nan,nan,nan,nan,nan,nan,nan,nan,nan,nan
28-Feb-25 8:45:00 AM AEST,nan,66.2,22.5,nan,nan,nan,355.80,0.53,8.30,4.60,354.40,439.10
28-Feb-25 8:45:15 AM AEST,29.6,nan,nan,nan,nan,nan,nan,nan,nan,nan,nan,nan
28-Feb-25 8:46:00 AM AEST,nan,66.3,22.6,nan,nan,nan,352.30,0.41,5.90,3.90,351.40,441.70
28-Feb-25 8:46:20 AM AEST,29.7,nan,nan,nan,nan,nan,nan,nan,nan,nan,nan,nan
28-Feb-25 8:47:00 AM AEST,nan,66.0,22.7,nan,nan,nan,9.00,0.36,nan,2.50,4.90,444.90
28-Feb-25 8:47:25 AM AEST,29.8,nan,nan,nan,nan,nan,nan,nan,nan,nan,nan,nan
28-Feb-25 8:48:00 AM AEST,nan,65.5,nan,nan,nan,nan,345.70,0.55,14.20,4.00,323.70,449.20
28-Feb-25 8:48:30 AM AEST,29.7,nan,nan,nan,nan,nan,nan,nan,nan,nan,nan,nan
28-Feb-25 8:49:00 AM AEST,nan,64.3,22.6,nan,nan,nan,305.20,0.76,11.80,7.30,304.50,452.50
28-Feb-25 8:49:35 AM AEST,29.6,nan,nan,nan,nan,nan,nan,nan,nan,nan,nan,nan
28-Feb-25 8:50:00 AM AEST,nan,nan,22.2,nan,nan,nan,303.70,0.72,10.60,6.90,304.20,454.90
28-Feb-25 8:50:40 AM AEST,29.7,nan,nan,nan,nan,nan,nan,nan,nan,nan,nan,nan
28-Feb-25 8:51:00 AM AEST,nan,64.5,nan,nan,nan,nan,318.70,0.28,7.10,2.80,318.00,458.30
28-Feb-25 8:52:00 AM AEST,nan,65.7,22.3,nan,nan,nan,348.50,0.39,9.50,3.20,345.70,464.10
28-Feb-25 8:53:00 AM AEST,29.9,65.8,22.6,nan,nan,nan,358.10,0.28,5.90,2.20,355.40,467.50
28-Feb-25 8:54:00 AM AEST,nan,65.3,22.8,nan,nan,nan,33.90,0.48,9.50,3.90,31.20,471.70
28-Feb-25 8:55:00 AM AEST,nan,65.5,22.7,nan,nan,nan,264.40,0.28,5.90,2.40,276.40,474.90
28-Feb-25 8:56:00 AM AEST,30.0,65.0,22.8,nan,nan,nan,253.40,0.38,9.50,3.00,282.60,478.30
28-Feb-25 8:57:00 AM AEST,nan,64.7,22.7,nan,nan,nan,318.60,0.59,11.80,5.20,319.90,481.60
28-Feb-25 8:58:00 AM AEST,nan,nan,22.6,nan,nan,nan,315.00,0.65,13.00,6.00,317.00,484.20
28-Feb-25 8:59:00 AM AEST,nan,63.8,nan,nan,nan,nan,300.70,0.67,11.80,5.90,307.70,486.70
28-Feb-25 9:00:00 AM AEST,29.9,nan,22.4,nan,nan,nan,333.00,0.79,10.60,6.50,331.20,490.80
28-Feb-25 9:00:03 AM AEST,nan,nan,nan,nan,nan,0.44,nan,nan,nan,nan,nan,nan
28-Feb-25 9:01:00 AM AEST,nan,63.7,22.3,nan,nan,nan,339.30,0.64,9.50,5.10,334.60,494.20
28-Feb-25 9:02:00 AM AEST,30.0,64.2,22.2,nan,nan,nan,21.00,0.32,7.10,3.00,20.70,498.30
28-Feb-25 9:03:00 AM AEST,nan,63.7,22.4,nan,nan,nan,301.30,0.85,15.40,7.90,295.00,500.80
28-Feb-25 9:04:00 AM AEST,nan,64.0,nan,nan,nan,nan,313.50,0.51,10.60,5.00,314.20,504.90
28-Feb-25 9:05:00 AM AEST,nan,63.7,nan,nan,nan,nan,346.40,0.82,15.40,6.30,337.60,508.30
28-Feb-25 9:06:00 AM AEST,29.9,63.2,22.3,nan,nan,nan,326.80,0.72,13.00,6.50,327.50,511.70
28-Feb-25 9:07:00 AM AEST,nan,63.5,22.1,nan,nan,nan,282.80,0.34,5.90,2.90,284.70,515.80
28-Feb-25 9:07:05 AM AEST,30.0,nan,nan,nan,nan,nan,nan,nan,nan,nan,nan,nan
28-Feb-25 9:08:00 AM AEST,nan,nan,22.3,nan,nan,nan,318.30,0.63,10.60,5.70,322.30,512.50
28-Feb-25 9:09:00 AM AEST,nan,nan,nan,nan,nan,nan,326.40,0.69,nan,6.70,323.70,521.60
28-Feb-25 9:10:00 AM AEST,nan,nan,nan,nan,nan,nan,323.70,0.59,8.30,5.20,320.10,524.20
28-Feb-25 9:11:00 AM AEST,30.1,63.8,nan,nan,nan,nan,328.70,0.28,7.10,2.80,327.00,243.30
28-Feb-25 9:12:00 AM AEST,nan,64.0,22.5,nan,nan,nan,6.90,0.57,9.50,5.00,18.60,529.90
28-Feb-25 9:12:05 AM AEST,30.2,nan,nan,nan,nan,nan,nan,nan,nan,nan,nan,nan
28-Feb-25 9:13:00 AM AEST,nan,63.7,22.7,nan,nan,nan,38.30,0.76,13.00,7.10,39.90,533.30
28-Feb-25 9:13:10 AM AEST,30.1,nan,nan,nan,nan,nan,nan,nan,nan,nan,nan,nan
28-Feb-25 9:14:00 AM AEST,nan,nan,22.5,nan,nan,nan,16.40,0.83,10.60,8.00,15.70,536.60
28-Feb-25 9:15:00 AM AEST,30.2,64.2,22.4,nan,nan,nan,332.60,0.42,7.10,3.30,334.50,538.30
28-Feb-25 9:16:00 AM AEST,nan,64.3,22.6,nan,nan,nan,304.70,0.45,nan,4.30,306.30,541.70
28-Feb-25 9:17:00 AM AEST,30.3,63.3,22.7,nan,nan,nan,280.00,0.62,8.30,5.90,280.10,544.90
28-Feb-25 9:18:00 AM AEST,nan,63.2,22.5,nan,nan,nan,293.30,0.57,10.60,5.30,296.20,546.70
28-Feb-25 9:19:00 AM AEST,30.2,62.8,nan,nan,nan,nan,315.40,0.64,9.50,6.20,313.50,550.80
28-Feb-25 9:20:00 AM AEST,nan,nan,22.4,nan,nan,nan,293.10,0.57,8.30,5.10,289.20,554.20
28-Feb-25 9:21:00 AM AEST,30.4,64.5,nan,nan,nan,nan,337.40,0.27,3.50,2.60,337.60,556.70
28-Feb-25 9:22:00 AM AEST,nan,64.3,22.9,nan,nan,nan,339.80,0.24,nan,2.30,343.10,560.80
28-Feb-25 9:22:05 AM AEST,30.5,nan,nan,nan,nan,nan,nan,nan,nan,nan,nan,nan
28-Feb-25 9:23:00 AM AEST,nan,64.8,23.0,nan,nan,nan,354.40,0.30,8.30,2.20,322.30,563.30
28-Feb-25 9:23:10 AM AEST,30.6,nan,nan,nan,nan,nan,nan,nan,nan,nan,nan,nan
28-Feb-25 9:24:00 AM AEST,nan,63.3,23.3,nan,nan,nan,295.00,0.70,10.60,6.70,289.70,565.80
28-Feb-25 9:25:00 AM AEST,nan,64.0,22.8,nan,nan,nan,326.10,0.38,5.90,3.80,324.60,570.00
28-Feb-25 9:26:00 AM AEST,30.8,nan,23.0,nan,nan,nan,283.00,0.19,4.70,1.80,280.10,574.20
28-Feb-25 9:27:00 AM AEST,nan,63.5,23.2,nan,nan,nan,269.10,0.30,5.90,2.90,269.30,574.90
28-Feb-25 9:27:05 AM AEST,30.9,nan,nan,nan,nan,nan,nan,nan,nan,nan,nan,nan
28-Feb-25 9:28:00 AM AEST,nan,63.0,nan,nan,nan,nan,330.30,0.40,nan,nan,325.60,576.70
28-Feb-25 9:29:00 AM AEST,31.0,63.2,23.1,nan,nan,nan,13.30,nan,7.10,3.90,15.50,579.90
28-Feb-25 9:30:00 AM AEST,nan,62.5,23.2,nan,nan,nan,10.30,0.39,nan,3.80,10.60,582.50
28-Feb-25 9:31:00 AM AEST,31.1,62.8,23.0,nan,nan,nan,319.90,0.49,10.60,4.20,314.50,586.70
28-Feb-25 9:32:00 AM AEST,nan,61.8,23.1,nan,nan,nan,301.10,0.59,nan,5.50,301.30,591.60
28-Feb-25 9:32:05 AM AEST,31.0,nan,nan,nan,nan,nan,nan,nan,nan,nan,nan,nan
28-Feb-25 9:33:00 AM AEST,nan,61.5,22.8,nan,nan,nan,290.00,0.77,11.80,7.10,290.20,595.00
28-Feb-25 9:34:00 AM AEST,30.8,60.8,22.7,nan,nan,nan,289.20,0.76,13.00,7.30,286.80,598.30
28-Feb-25 9:35:00 AM AEST,nan,61.8,22.4,nan,nan,nan,328.40,0.22,4.70,2.20,328.20,nan
28-Feb-25 9:35:05 AM AEST,30.9,nan,nan,nan,nan,nan,nan,nan,nan,nan,nan,nan
28-Feb-25 9:36:00 AM AEST,nan,62.5,22.7,nan,nan,nan,328.60,0.01,1.20,0.10,328.70,601.70
28-Feb-25 9:36:10 AM AEST,31.1,nan,nan,nan,nan,nan,nan,nan,nan,nan,nan,nan
28-Feb-25 9:37:00 AM AEST,nan,62.7,23.1,nan,nan,nan,316.80,0.11,3.50,1.00,299.50,604.10
28-Feb-25 9:37:15 AM AEST,31.3,nan,nan,nan,nan,nan,nan,nan,nan,nan,nan,nan
28-Feb-25 9:38:00 AM AEST,nan,nan,23.3,nan,nan,nan,296.30,0.27,7.10,2.50,301.40,608.30
28-Feb-25 9:38:20 AM AEST,31.5,nan,nan,nan,nan,nan,nan,nan,nan,nan,nan,nan
28-Feb-25 9:38:20 AM AEST,31.4,nan,nan,nan,nan,nan,nan,nan,nan,nan,nan,nan
28-Feb-25 9:39:00 AM AEST,nan,61.7,23.5,nan,nan,nan,327.30,0.92,13.00,8.60,323.70,614.90
28-Feb-25 9:39:25 AM AEST,31.2,nan,nan,nan,nan,nan,nan,nan,nan,nan,nan,nan
28-Feb-25 9:40:00 AM AEST,nan,59.8,23.1,nan,nan,nan,295.80,0.75,10.60,7.20,297.00,615.80
28-Feb-25 9:41:00 AM AEST,nan,60.0,22.5,nan,nan,nan,288.20,0.38,7.10,3.80,287.50,619.20
28-Feb-25 9:42:00 AM AEST,31.3,61.0,nan,nan,nan,nan,308.90,0.34,5.90,3.30,310.50,619.10
28-Feb-25 9:43:00 AM AEST,nan,61.2,22.9,nan,nan,nan,302.80,0.43,8.30,4.20,302.50,621.70
28-Feb-25 9:43:05 AM AEST,31.4,nan,nan,nan,nan,nan,nan,nan,nan,nan,nan,nan
28-Feb-25 9:44:00 AM AEST,nan,60.5,23.0,nan,nan,nan,312.00,0.59,10.60,5.70,310.40,624.90
28-Feb-25 9:45:00 AM AEST,31.5,61.2,22.8,nan,nan,nan,345.60,0.53,9.50,5.00,350.70,627.50
28-Feb-25 9:46:00 AM AEST,nan,60.7,23.1,nan,nan,nan,300.60,0.64,nan,5.50,295.70,630.00
28-Feb-25 9:46:05 AM AEST,31.4,nan,nan,nan,nan,nan,nan,nan,nan,nan,nan,nan
28-Feb-25 9:47:00 AM AEST,nan,60.5,22.9,nan,nan,nan,339.80,0.55,10.60,5.10,334.40,631.60
28-Feb-25 9:47:10 AM AEST,31.5,nan,nan,nan,nan,nan,nan,nan,nan,nan,nan,nan
28-Feb-25 9:48:00 AM AEST,nan,59.5,nan,nan,nan,nan,314.70,0.77,nan,7.10,314.40,635.00
28-Feb-25 9:48:15 AM AEST,31.3,nan,nan,nan,nan,nan,nan,nan,nan,nan,nan,nan
28-Feb-25 9:49:00 AM AEST,nan,59.3,22.5,nan,nan,nan,310.40,0.55,8.30,4.50,310.20,639.10
28-Feb-25 9:50:00 AM AEST,nan,59.8,22.4,nan,nan,nan,348.50,0.67,9.50,5.90,348.80,640.80
28-Feb-25 9:51:00 AM AEST,nan,60.5,22.5,nan,nan,nan,6.20,0.35,5.90,3.50,6.30,644.20
28-Feb-25 9:52:00 AM AEST,nan,59.8,22.7,nan,nan,nan,306.60,0.55,7.10,4.90,307.20,648.30
28-Feb-25 9:53:00 AM AEST,31.4,59.7,22.6,nan,nan,nan,305.10,0.45,nan,4.30,308.20,650.80
28-Feb-25 9:54:00 AM AEST,nan,60.3,nan,nan,nan,nan,319.70,0.64,11.80,6.10,320.50,654.10
28-Feb-25 9:55:00 AM AEST,nan,59.8,22.8,nan,nan,nan,301.00,0.42,5.90,4.20,302.00,655.80
28-Feb-25 9:56:00 AM AEST,31.5,nan,22.7,nan,nan,nan,327.30,0.32,nan,3.20,327.00,660.00
28-Feb-25 9:57:00 AM AEST,nan,nan,nan,nan,nan,nan,290.30,0.59,7.10,5.30,289.70,663.30
28-Feb-25 9:57:05 AM AEST,31.6,nan,nan,nan,nan,nan,nan,nan,nan,nan,nan,nan
28-Feb-25 9:58:00 AM AEST,nan,60.5,22.8,nan,nan,nan,308.10,nan,10.60,5.70,307.90,666.70
28-Feb-25 9:59:00 AM AEST,nan,60.0,23.0,nan,nan,nan,304.50,0.79,13.00,7.20,303.50,669.10
28-Feb-25 10:00:04 AM AEST,nan,nan,nan,nan,nan,0.58,nan,nan,nan,nan,nan,nan
28-Feb-25 10:01:00 AM AEST,31.4,58.8,22.9,nan,nan,nan,299.70,0.58,10.60,5.60,297.40,670.80
28-Feb-25 10:01:00 AM AEST,31.6,58.8,22.4,nan,nan,nan,310.10,0.27,4.70,2.70,310.10,676.70
28-Feb-25 10:02:00 AM AEST,nan,60.2,22.5,nan,nan,nan,10.60,0.35,5.90,3.10,12.70,679.10
28-Feb-25 10:02:05 AM AEST,31.7,nan,nan,nan,nan,nan,nan,nan,nan,nan,nan,nan
28-Feb-25 10:03:00 AM AEST,nan,59.8,23.0,nan,nan,nan,325.60,0.68,11.80,6.60,322.60,681.70
28-Feb-25 10:03:10 AM AEST,31.8,nan,nan,nan,nan,nan,nan,nan,nan,nan,nan,nan
28-Feb-25 10:04:00 AM AEST,nan,60.7,nan,nan,nan,nan,315.80,0.28,4.70,2.80,315.90,684.10
28-Feb-25 10:05:00 AM AEST,32.1,61.3,23.3,nan,nan,nan,315.40,0.22,nan,2.20,315.30,687.50
28-Feb-25 10:06:00 AM AEST,nan,nan,23.7,nan,nan,nan,306.20,0.29,7.10,2.80,298.90,nan
28-Feb-25 10:06:05 AM AEST,32.2,nan,nan,nan,nan,nan,nan,nan,nan,nan,nan,nan
28-Feb-25 10:07:00 AM AEST,nan,59.2,23.8,nan,nan,nan,284.10,0.30,5.90,2.90,283.60,690.80
28-Feb-25 10:08:00 AM AEST,32.1,58.8,23.2,nan,nan,nan,307.90,0.47,10.60,4.70,309.30,693.30
28-Feb-25 10:09:00 AM AEST,nan,59.3,23.1,nan,nan,nan,334.50,0.41,5.90,4.00,334.90,696.70
28-Feb-25 10:09:05 AM AEST,32.2,nan,nan,nan,nan,nan,nan,nan,nan,nan,nan,nan
28-Feb-25 10:10:00 AM AEST,nan,59.7,23.3,nan,nan,nan,321.40,0.51,7.10,4.80,321.50,702.40
28-Feb-25 10:11:00 AM AEST,nan,58.8,23.4,nan,nan,nan,356.80,0.78,13.00,7.20,359.80,712.50
28-Feb-25 10:12:00 AM AEST,nan,58.2,23.1,nan,nan,nan,308.70,0.72,nan,6.40,319.60,718.20
28-Feb-25 10:13:00 AM AEST,32.1,57.3,22.9,nan,nan,nan,348.00,0.44,8.30,4.20,340.90,716.70
28-Feb-25 10:14:00 AM AEST,nan,57.5,22.6,nan,nan,nan,324.60,0.60,13.00,5.10,303.10,717.50
28-Feb-25 10:14:05 AM AEST,32.2,nan,nan,nan,nan,nan,nan,nan,nan,nan,nan,nan
28-Feb-25 10:15:00 AM AEST,nan,57.8,22.8,nan,nan,nan,355.90,0.54,9.50,4.80,351.00,717.40
28-Feb-25 10:16:00 AM AEST,32.1,57.7,nan,nan,nan,nan,297.80,0.64,nan,4.50,301.70,720.00
28-Feb-25 10:17:00 AM AEST,nan,57.3,22.7,nan,nan,nan,1.00,0.62,nan,5.50,3.40,725.70
28-Feb-25 10:18:00 AM AEST,32.2,57.7,22.6,nan,nan,nan,356.80,0.38,nan,3.00,18.40,727.50
28-Feb-25 10:19:00 AM AEST,nan,57.8,22.8,nan,nan,nan,339.10,0.34,5.90,3.30,336.80,731.70
28-Feb-25 10:20:00 AM AEST,32.3,nan,22.9,nan,nan,nan,359.70,0.61,9.50,4.90,359.50,728.20
28-Feb-25 10:21:00 AM AEST,nan,57.3,nan,nan,nan,nan,293.60,0.49,8.30,3.70,299.50,724.20
28-Feb-25 10:22:00 AM AEST,32.2,56.0,22.8,nan,nan,nan,284.20,0.72,13.00,6.70,288.30,728.20
28-Feb-25 10:23:00 AM AEST,nan,56.5,22.3,nan,nan,nan,293.30,0.56,8.30,5.30,288.80,731.70
28-Feb-25 10:24:00 AM AEST,32.3,57.5,22.4,nan,nan,nan,283.00,0.38,7.10,3.80,281.70,743.30
28-Feb-25 10:25:00 AM AEST,nan,57.8,22.8,nan,nan,nan,337.80,0.50,9.50,4.40,340.80,760.70
28-Feb-25 10:26:00 AM AEST,nan,57.2,22.9,nan,nan,nan,328.30,0.67,11.80,5.80,326.10,764.20
28-Feb-25 10:27:00 AM AEST,32.2,56.5,22.7,nan,nan,nan,277.90,0.62,10.60,5.70,279.10,761.60
28-Feb-25 10:28:00 AM AEST,nan,56.8,22.4,nan,nan,nan,278.20,0.84,13.00,7.60,279.60,755.80
28-Feb-25 10:29:00 AM AEST,32.1,56.3,22.5,nan,nan,nan,251.10,0.59,10.60,4.70,263.00,755.00
28-Feb-25 10:30:00 AM AEST,nan,57.7,22.3,nan,nan,nan,240.60,0.45,9.50,3.80,256.80,757.40
28-Feb-25 10:30:05 AM AEST,32.2,nan,nan,nan,nan,nan,nan,nan,nan,nan,nan,nan
28-Feb-25 10:31:00 AM AEST,nan,57.5,22.8,nan,nan,nan,288.60,0.57,13.00,5.60,286.20,762.50
28-Feb-25 10:32:00 AM AEST,32.3,58.2,nan,nan,nan,nan,311.00,0.33,8.30,3.10,312.70,772.40
28-Feb-25 10:33:00 AM AEST,nan,59.0,23.0,nan,nan,nan,341.70,0.60,11.80,4.60,344.60,796.70
28-Feb-25 10:33:05 AM AEST,32.4,nan,nan,nan,nan,nan,nan,nan,nan,nan,nan,nan
28-Feb-25 10:34:00 AM AEST,nan,57.5,23.3,nan,nan,nan,331.30,0.74,13.00,6.90,330.60,693.30
28-Feb-25 10:34:10 AM AEST,32.3,nan,nan,nan,nan,nan,nan,nan,nan,nan,nan,nan
28-Feb-25 10:35:00 AM AEST,nan,56.5,22.8,nan,nan,nan,293.80,1.02,15.40,9.40,290.40,380.80
28-Feb-25 10:35:15 AM AEST,32.2,nan,nan,nan,nan,nan,nan,nan,nan,nan,nan,nan
28-Feb-25 10:36:00 AM AEST,nan,nan,22.4,nan,nan,nan,328.40,0.52,9.50,3.90,332.20,505.00
28-Feb-25 10:36:20 AM AEST,32.0,nan,nan,nan,nan,nan,nan,nan,nan,nan,nan,nan
28-Feb-25 10:37:00 AM AEST,nan,57.3,22.3,nan,nan,nan,331.10,0.60,nan,4.90,328.80,794.10
28-Feb-25 10:38:00 AM AEST,nan,57.5,22.5,nan,nan,nan,340.20,0.78,11.80,6.20,338.80,780.80
28-Feb-25 10:39:00 AM AEST,nan,57.2,nan,nan,nan,nan,20.10,nan,13.00,7.20,23.00,781.70
28-Feb-25 10:40:00 AM AEST,nan,57.5,22.4,nan,nan,nan,16.30,0.45,10.60,3.30,29.90,783.20
28-Feb-25 10:41:00 AM AEST,32.1,58.0,22.5,nan,nan,nan,283.70,0.40,7.10,3.20,294.60,782.50
28-Feb-25 10:42:00 AM AEST,nan,58.3,22.8,nan,nan,nan,9.00,0.39,5.90,3.70,7.80,785.00
28-Feb-25 10:42:05 AM AEST,32.2,nan,nan,nan,nan,nan,nan,nan,nan,nan,nan,nan
28-Feb-25 10:43:00 AM AEST,nan,57.7,23.0,nan,nan,nan,0.70,0.72,15.40,5.30,4.80,789.90
28-Feb-25 10:43:10 AM AEST,32.3,nan,nan,nan,nan,nan,nan,nan,nan,nan,nan,nan
28-Feb-25 10:44:00 AM AEST,nan,57.5,22.9,nan,nan,nan,345.90,0.49,10.60,3.20,19.40,789.20
28-Feb-25 10:45:00 AM AEST,32.4,nan,22.8,nan,nan,nan,321.80,0.52,9.50,5.10,323.00,790.70
28-Feb-25 10:46:00 AM AEST,nan,56.7,22.9,nan,nan,nan,327.20,0.26,5.90,2.50,316.10,795.00
28-Feb-25 10:47:00 AM AEST,32.5,56.5,22.7,nan,nan,nan,311.80,0.40,13.00,3.90,306.70,645.00
28-Feb-25 10:48:00 AM AEST,nan,55.2,22.8,nan,nan,nan,303.40,1.03,15.40,9.90,301.20,806.60
28-Feb-25 10:48:05 AM AEST,32.3,nan,nan,nan,nan,nan,nan,nan,nan,nan,nan,nan
28-Feb-25 10:49:00 AM AEST,nan,55.3,22.2,nan,nan,nan,302.50,0.29,5.90,2.70,307.10,800.80
28-Feb-25 10:50:00 AM AEST,32.5,55.7,nan,nan,nan,nan,299.30,0.52,14.20,5.10,308.20,798.20
28-Feb-25 10:51:00 AM AEST,nan,54.3,22.5,nan,nan,nan,306.30,0.83,nan,8.10,307.00,802.50
28-Feb-25 10:51:05 AM AEST,32.3,nan,nan,nan,nan,nan,nan,nan,nan,nan,nan,nan
28-Feb-25 10:52:00 AM AEST,nan,54.5,21.9,nan,nan,nan,310.00,0.88,15.40,8.20,309.00,806.70
28-Feb-25 10:52:10 AM AEST,32.2,nan,nan,nan,nan,nan,nan,nan,nan,nan,nan,nan
28-Feb-25 10:53:00 AM AEST,nan,54.7,21.8,nan,nan,nan,317.80,0.37,7.10,3.00,321.00,809.90
28-Feb-25 10:54:00 AM AEST,32.4,54.5,21.9,nan,nan,nan,273.00,0.29,4.70,2.70,273.10,814.20
28-Feb-25 10:55:00 AM AEST,nan,55.3,22.0,nan,nan,nan,347.10,0.88,15.40,7.00,354.10,816.60
28-Feb-25 10:56:00 AM AEST,nan,54.8,22.3,nan,nan,nan,5.40,0.55,9.50,5.10,5.40,814.20
28-Feb-25 10:57:00 AM AEST,32.5,55.0,22.1,nan,nan,nan,2.10,0.18,3.50,1.80,2.20,821.70
28-Feb-25 10:58:00 AM AEST,nan,55.8,22.3,nan,nan,nan,355.50,0.26,nan,2.60,354.80,651.60
28-Feb-25 10:58:05 AM AEST,32.7,nan,nan,nan,nan,nan,nan,nan,nan,nan,nan,nan
28-Feb-25 10:59:00 AM AEST,nan,55.5,22.7,nan,nan,nan,2.60,0.28,4.70,2.80,2.50,685.00
28-Feb-25 10:59:10 AM AEST,32.8,nan,nan,nan,nan,nan,nan,nan,nan,nan,nan,nan
28-Feb-25 11:00:00 AM AEST,nan,55.2,nan,nan,nan,nan,352.30,0.34,8.30,3.20,341.90,862.40
28-Feb-25 11:00:05 AM AEST,nan,nan,nan,nan,nan,0.54,nan,nan,nan,nan,nan,nan
28-Feb-25 11:00:15 AM AEST,32.9,nan,nan,nan,nan,nan,nan,nan,nan,nan,nan,nan
28-Feb-25 11:01:00 AM AEST,nan,56.5,nan,nan,nan,nan,323.70,0.29,5.90,2.10,332.30,870.80
28-Feb-25 11:01:20 AM AEST,33.0,nan,nan,nan,nan,nan,nan,nan,nan,nan,nan,nan
28-Feb-25 11:02:00 AM AEST,nan,55.5,23.2,nan,nan,nan,31.00,0.64,9.50,6.30,32.30,761.70
28-Feb-25 11:03:00 AM AEST,nan,55.0,22.9,nan,nan,nan,285.50,0.40,5.90,3.40,282.20,626.60
28-Feb-25 11:04:00 AM AEST,32.9,54.8,22.7,nan,nan,nan,300.10,0.63,9.50,5.40,299.20,885.00
28-Feb-25 11:05:00 AM AEST,nan,54.7,22.6,nan,nan,nan,354.40,0.25,4.70,2.30,355.20,866.60
28-Feb-25 11:06:00 AM AEST,33.0,54.5,22.5,nan,nan,nan,323.80,0.64,10.60,4.80,315.00,858.30
28-Feb-25 11:07:00 AM AEST,nan,nan,22.6,nan,nan,nan,328.30,0.57,8.30,4.30,329.40,857.50
28-Feb-25 11:07:05 AM AEST,32.9,nan,nan,nan,nan,nan,nan,nan,nan,nan,nan,nan
28-Feb-25 11:08:00 AM AEST,nan,54.8,22.5,nan,nan,nan,3.20,0.63,13.00,5.30,12.10,839.10
28-Feb-25 11:09:00 AM AEST,nan,54.5,22.6,nan,nan,nan,25.70,0.93,11.80,7.80,25.20,870.00
28-Feb-25 11:10:00 AM AEST,32.8,54.2,22.5,nan,nan,nan,305.70,0.70,9.50,6.20,303.30,289.20
28-Feb-25 11:11:00 AM AEST,nan,53.8,22.3,nan,nan,nan,304.10,1.04,16.60,10.00,301.60,198.30
28-Feb-25 11:11:05 AM AEST,32.7,nan,nan,nan,nan,nan,nan,nan,nan,nan,nan,nan
28-Feb-25 11:12:00 AM AEST,nan,53.3,22.1,nan,nan,nan,324.80,0.61,9.50,5.50,328.60,593.30
28-Feb-25 11:12:10 AM AEST,32.5,nan,nan,nan,nan,nan,nan,nan,nan,nan,nan,nan
28-Feb-25 11:13:00 AM AEST,nan,53.8,21.8,nan,nan,nan,307.90,0.42,nan,4.10,314.50,851.60
28-Feb-25 11:14:00 AM AEST,32.7,54.2,22.0,nan,nan,nan,38.40,0.40,7.10,3.60,56.30,344.20
28-Feb-25 11:15:00 AM AEST,nan,54.3,22.2,nan,nan,nan,17.00,0.41,nan,4.00,18.90,936.70
28-Feb-25 11:15:05 AM AEST,32.6,nan,nan,nan,nan,nan,nan,nan,nan,nan,nan,nan
28-Feb-25 11:16:00 AM AEST,nan,54.8,nan,nan,nan,nan,291.80,0.60,9.50,5.30,294.40,862.40
28-Feb-25 11:16:10 AM AEST,32.8,nan,nan,nan,nan,nan,nan,nan,nan,nan,nan,nan
28-Feb-25 11:17:00 AM AEST,nan,54.7,22.5,nan,nan,nan,292.30,0.44,8.30,4.40,293.40,363.30
28-Feb-25 11:17:15 AM AEST,32.7,nan,nan,nan,nan,nan,nan,nan,nan,nan,nan,nan
28-Feb-25 11:18:00 AM AEST,nan,55.0,22.4,nan,nan,nan,296.70,0.36,10.60,3.50,306.40,209.10
28-Feb-25 11:18:20 AM AEST,32.8,nan,nan,nan,nan,nan,nan,nan,nan,nan,nan,nan
28-Feb-25 11:19:00 AM AEST,nan,53.8,22.6,nan,nan,nan,308.10,0.81,14.20,7.40,306.90,231.70
28-Feb-25 11:19:25 AM AEST,32.6,nan,nan,nan,nan,nan,nan,nan,nan,nan,nan,nan
28-Feb-25 11:19:25 AM AEST,32.4,nan,nan,nan,nan,nan,nan,nan,nan,nan,nan,nan
28-Feb-25 11:20:00 AM AEST,nan,nan,22.1,nan,nan,nan,336.00,0.72,13.00,5.90,328.60,296.70
28-Feb-25 11:20:30 AM AEST,32.5,nan,nan,nan,nan,nan,nan,nan,nan,nan,nan,nan
28-Feb-25 11:21:00 AM AEST,nan,54.8,21.9,nan,nan,nan,355.80,0.41,7.10,3.80,358.00,964.10
28-Feb-25 11:21:35 AM AEST,32.6,nan,nan,nan,nan,nan,nan,nan,nan,nan,nan,nan
28-Feb-25 11:22:00 AM AEST,nan,55.2,22.2,nan,nan,nan,17.20,0.44,5.90,4.30,18.40,928.30
28-Feb-25 11:22:40 AM AEST,32.7,nan,nan,nan,nan,nan,nan,nan,nan,nan,nan,nan
28-Feb-25 11:23:00 AM AEST,nan,55.5,22.4,nan,nan,nan,36.10,0.38,nan,3.80,36.00,513.30
28-Feb-25 11:24:00 AM AEST,nan,55.7,22.6,nan,nan,nan,316.20,0.56,11.80,5.00,297.30,263.30
28-Feb-25 11:25:00 AM AEST,32.5,54.7,22.7,nan,nan,nan,286.50,0.64,9.50,6.00,286.90,215.00
28-Feb-25 11:26:00 AM AEST,nan,54.5,22.2,nan,nan,nan,286.10,0.31,4.70,3.00,286.10,212.50
28-Feb-25 11:27:00 AM AEST,32.6,nan,nan,nan,nan,nan,289.90,0.19,nan,1.70,291.10,222.50
28-Feb-25 11:28:00 AM AEST,nan,55.0,nan,nan,nan,nan,275.80,0.56,9.50,5.00,282.80,725.70
28-Feb-25 11:29:00 AM AEST,32.4,55.7,22.3,nan,nan,nan,316.50,0.77,14.20,7.60,319.00,1010.00
28-Feb-25 11:30:00 AM AEST,nan,55.3,22.4,nan,nan,nan,330.30,0.51,7.10,5.00,328.90,316.70
28-Feb-25 11:31:00 AM AEST,32.5,54.8,22.3,nan,nan,nan,272.70,0.49,10.60,4.70,270.20,260.80
28-Feb-25 11:32:00 AM AEST,nan,55.2,22.2,nan,nan,nan,310.00,0.69,nan,6.30,315.20,6552.60
28-Feb-25 11:32:05 AM AEST,32.4,nan,nan,nan,nan,nan,nan,nan,nan,nan,nan,nan
28-Feb-25 11:33:00 AM AEST,nan,55.3,nan,nan,nan,nan,331.60,0.53,nan,5.30,331.40,nan
28-Feb-25 11:33:10 AM AEST,32.3,nan,nan,nan,nan,nan,nan,nan,nan,nan,nan,nan
28-Feb-25 11:34:00 AM AEST,nan,55.5,nan,nan,nan,nan,312.70,0.38,7.10,3.40,301.70,209.20
28-Feb-25 11:35:00 AM AEST,nan,55.3,22.3,nan,nan,nan,340.70,0.34,5.90,nan,339.60,403.30
28-Feb-25 11:36:00 AM AEST,nan,55.8,22.2,nan,nan,nan,357.40,0.52,9.50,4.90,0.50,690.80
28-Feb-25 11:37:00 AM AEST,32.4,56.2,22.3,nan,nan,nan,351.40,0.41,7.10,3.70,352.10,975.00
28-Feb-25 11:38:00 AM AEST,nan,56.5,22.5,nan,nan,nan,329.30,0.29,5.90,2.10,320.50,927.50
28-Feb-25 11:38:05 AM AEST,32.5,nan,nan,nan,nan,nan,nan,nan,nan,nan,nan,nan
28-Feb-25 11:39:00 AM AEST,nan,57.2,22.7,nan,nan,nan,308.00,0.09,3.50,0.90,308.00,479.10
28-Feb-25 11:39:10 AM AEST,32.7,nan,nan,nan,nan,nan,nan,nan,nan,nan,nan,nan
28-Feb-25 11:40:00 AM AEST,nan,57.3,23.1,nan,nan,nan,nan,0.04,1.20,0.40,nan,958.30
28-Feb-25 11:40:15 AM AEST,32.9,nan,nan,nan,nan,nan,nan,nan,nan,nan,nan,nan
28-Feb-25 11:41:00 AM AEST,nan,56.2,23.3,nan,nan,nan,301.30,0.64,13.00,6.00,299.10,809.10
28-Feb-25 11:41:20 AM AEST,33.0,nan,nan,nan,nan,nan,nan,nan,nan,nan,nan,nan
28-Feb-25 11:42:00 AM AEST,nan,55.2,23.1,nan,nan,nan,294.60,0.70,10.60,7.00,294.30,1010.00
28-Feb-25 11:42:25 AM AEST,32.9,nan,nan,nan,nan,nan,nan,nan,nan,nan,nan,nan
28-Feb-25 11:43:00 AM AEST,nan,54.3,22.7,nan,nan,nan,290.30,0.86,13.00,7.80,290.00,970.00
28-Feb-25 11:43:30 AM AEST,32.8,nan,nan,nan,nan,nan,nan,nan,nan,nan,nan,nan
28-Feb-25 11:44:00 AM AEST,nan,55.3,22.4,nan,nan,nan,287.30,0.49,9.50,4.80,286.30,786.60
28-Feb-25 11:44:35 AM AEST,32.9,nan,nan,nan,nan,nan,nan,nan,nan,nan,nan,nan
28-Feb-25 11:45:00 AM AEST,nan,nan,22.7,nan,nan,nan,252.80,0.39,nan,3.20,281.60,925.80
28-Feb-25 11:45:40 AM AEST,33.0,nan,nan,nan,nan,nan,nan,nan,nan,nan,nan,nan
28-Feb-25 11:46:00 AM AEST,nan,nan,22.8,nan,nan,nan,284.10,0.68,14.20,6.40,309.30,926.60
28-Feb-25 11:47:00 AM AEST,nan,54.5,nan,nan,nan,nan,316.80,0.72,10.60,5.50,308.80,387.50
28-Feb-25 11:48:00 AM AEST,32.9,54.2,22.6,nan,nan,nan,311.50,0.78,11.80,7.30,312.90,451.70
28-Feb-25 11:49:00 AM AEST,nan,54.5,22.4,nan,nan,nan,321.20,0.96,15.40,9.00,319.30,1011.60
28-Feb-25 11:49:05 AM AEST,32.8,nan,nan,nan,nan,nan,nan,nan,nan,nan,nan,nan
28-Feb-25 11:50:00 AM AEST,nan,55.3,nan,nan,nan,nan,299.50,0.63,10.60,5.90,299.60,972.40
28-Feb-25 11:51:00 AM AEST,32.9,nan,22.6,nan,nan,nan,294.70,0.39,7.10,3.70,297.90,865.00
28-Feb-25 11:52:00 AM AEST,nan,54.3,22.8,nan,nan,nan,288.00,0.33,4.70,3.30,288.00,1025.00
28-Feb-25 11:52:05 AM AEST,33.0,nan,nan,nan,nan,nan,nan,nan,nan,nan,nan,nan
28-Feb-25 11:53:00 AM AEST,nan,55.8,22.6,nan,nan,nan,303.00,0.24,5.90,2.00,323.30,1033.30
28-Feb-25 11:53:10 AM AEST,33.2,nan,nan,nan,nan,nan,nan,nan,nan,nan,nan,nan
28-Feb-25 11:54:00 AM AEST,nan,nan,23.2,nan,nan,nan,291.60,0.63,9.50,6.00,293.90,1031.60
28-Feb-25 11:54:15 AM AEST,33.3,nan,nan,nan,nan,nan,nan,nan,nan,nan,nan,nan
28-Feb-25 11:55:00 AM AEST,nan,56.8,nan,nan,nan,nan,290.80,0.49,10.60,4.80,291.80,1028.30
28-Feb-25 11:56:00 AM AEST,nan,56.2,23.5,nan,nan,nan,325.30,0.79,14.20,6.00,324.40,972.40
28-Feb-25 11:57:00 AM AEST,nan,55.3,23.4,nan,nan,nan,285.30,0.51,9.50,4.90,288.10,600.00
28-Feb-25 11:58:00 AM AEST,nan,53.5,23.1,nan,nan,nan,321.00,0.74,10.60,6.50,321.10,825.00
28-Feb-25 11:59:00 AM AEST,nan,nan,22.6,nan,nan,nan,296.60,0.72,15.40,6.20,294.70,634.90
28-Feb-25 12:00:00 PM AEST,33.1,52.5,nan,nan,nan,nan,323.20,0.92,nan,8.80,323.70,307.50
28-Feb-25 12:00:06 PM AEST,nan,nan,nan,nan,nan,0.62,nan,nan,nan,nan,nan,nan
28-Feb-25 12:01:00 PM AEST,nan,nan,22.1,nan,nan,nan,321.70,0.80,11.80,7.30,322.50,381.60
28-Feb-25 12:01:05 PM AEST,32.9,nan,nan,nan,nan,nan,nan,nan,nan,nan,nan,nan
28-Feb-25 12:02:00 PM AEST,nan,52.2,21.9,nan,nan,nan,322.20,0.63,9.50,6.10,321.30,423.30
28-Feb-25 12:02:10 PM AEST,33.0,nan,nan,nan,nan,nan,nan,nan,nan,nan,nan,nan
28-Feb-25 12:03:00 PM AEST,nan,nan,nan,nan,nan,nan,316.60,0.37,5.90,3.70,316.70,497.50
28-Feb-25 12:03:15 PM AEST,33.2,nan,nan,nan,nan,nan,nan,nan,nan,nan,nan,nan
28-Feb-25 12:04:00 PM AEST,nan,53.8,nan,nan,nan,nan,319.20,0.04,1.20,0.40,319.60,1062.40
28-Feb-25 12:04:20 PM AEST,33.3,nan,nan,nan,nan,nan,nan,nan,nan,nan,nan,nan
28-Feb-25 12:05:00 PM AEST,nan,nan,22.5,nan,nan,nan,319.30,0.07,2.40,0.60,319.20,509.20
28-Feb-25 12:05:25 PM AEST,33.5,nan,nan,nan,nan,nan,nan,nan,nan,nan,nan,nan
28-Feb-25 12:06:00 PM AEST,nan,53.3,22.7,nan,nan,nan,319.20,0.04,nan,0.40,319.10,665.80
28-Feb-25 12:06:30 PM AEST,33.6,nan,nan,nan,nan,nan,nan,nan,nan,nan,nan,nan
28-Feb-25 12:07:00 PM AEST,nan,54.0,nan,nan,nan,nan,nan,0.02,1.20,0.20,319.30,655.00
28-Feb-25 12:07:35 PM AEST,33.7,nan,nan,nan,nan,nan,nan,nan,nan,nan,nan,nan
28-Feb-25 12:08:00 PM AEST,nan,nan,23.0,nan,nan,nan,298.40,0.37,8.30,3.40,285.40,1050.80
28-Feb-25 12:08:40 PM AEST,33.6,nan,nan,nan,nan,nan,nan,nan,nan,nan,nan,nan
28-Feb-25 12:09:00 PM AEST,nan,55.2,23.1,nan,nan,nan,296.10,0.40,10.60,3.80,300.10,643.30
28-Feb-25 12:10:00 PM AEST,nan,55.5,23.3,nan,nan,nan,219.70,0.43,9.50,nan,210.00,881.70
28-Feb-25 12:11:00 PM AEST,nan,56.3,23.5,nan,nan,nan,278.40,0.65,13.00,5.20,297.80,958.30
28-Feb-25 12:12:00 PM AEST,33.5,57.0,23.7,nan,nan,nan,267.20,0.49,9.50,4.10,269.90,955.70
28-Feb-25 12:13:00 PM AEST,nan,57.2,23.8,nan,nan,nan,243.30,0.82,13.00,6.30,250.90,943.30
28-Feb-25 12:13:05 PM AEST,33.4,nan,nan,nan,nan,nan,nan,nan,nan,nan,nan,nan
28-Feb-25 12:14:00 PM AEST,nan,57.0,nan,nan,nan,nan,273.80,0.83,11.80,6.70,268.20,644.90
28-Feb-25 12:14:10 PM AEST,33.2,nan,nan,nan,nan,nan,nan,nan,nan,nan,nan,nan
28-Feb-25 12:15:00 PM AEST,nan,57.5,23.5,nan,nan,nan,189.90,0.66,nan,6.00,190.20,709.20
28-Feb-25 12:15:15 PM AEST,33.1,nan,nan,nan,nan,nan,nan,nan,nan,nan,nan,nan
28-Feb-25 12:16:00 PM AEST,nan,57.2,nan,nan,nan,nan,201.60,0.72,10.60,6.20,201.80,526.70
28-Feb-25 12:16:20 PM AEST,32.9,nan,nan,nan,nan,nan,nan,nan,nan,nan,nan,nan
28-Feb-25 12:17:00 PM AEST,nan,57.7,23.3,nan,nan,nan,233.60,0.50,9.50,4.10,229.30,226.60
28-Feb-25 12:17:25 PM AEST,32.8,nan,nan,nan,nan,nan,nan,nan,nan,nan,nan,nan
28-Feb-25 12:18:00 PM AEST,nan,58.2,23.4,nan,nan,nan,209.40,0.54,10.60,5.20,207.30,535.00
28-Feb-25 12:19:00 PM AEST,nan,58.7,23.5,nan,nan,nan,218.50,0.34,5.90,2.70,212.10,354.10
28-Feb-25 12:20:00 PM AEST,32.9,59.3,23.6,nan,nan,nan,236.80,0.05,1.20,0.50,237.00,270.00
28-Feb-25 12:21:00 PM AEST,nan,nan,23.9,nan,nan,nan,239.80,0.42,10.60,3.20,236.10,907.50
28-Feb-25 12:22:00 PM AEST,33.0,61.2,nan,nan,nan,nan,292.00,0.47,9.50,3.10,273.70,952.40
28-Feb-25 12:23:00 PM AEST,nan,59.8,24.5,nan,nan,nan,203.10,0.85,18.90,8.20,200.90,1003.30
28-Feb-25 12:23:05 PM AEST,32.9,nan,nan,nan,nan,nan,nan,nan,nan,nan,nan,nan
28-Feb-25 12:24:00 PM AEST,nan,59.2,24.1,nan,nan,nan,286.10,0.49,7.10,3.60,290.70,856.60
28-Feb-25 12:24:10 PM AEST,32.8,nan,nan,nan,nan,nan,nan,nan,nan,nan,nan,nan
28-Feb-25 12:25:00 PM AEST,nan,59.3,23.8,nan,nan,nan,292.90,0.55,8.30,4.70,292.40,845.00
28-Feb-25 12:25:15 PM AEST,32.9,nan,nan,nan,nan,nan,nan,nan,nan,nan,nan,nan
28-Feb-25 12:26:00 PM AEST,nan,58.3,23.9,nan,nan,nan,213.50,0.53,9.50,3.70,217.30,819.20
28-Feb-25 12:26:20 PM AEST,32.8,nan,nan,nan,nan,nan,nan,nan,nan,nan,nan,nan
28-Feb-25 12:27:00 PM AEST,nan,58.0,23.5,nan,nan,nan,295.80,0.76,10.60,7.40,295.80,957.40
28-Feb-25 12:28:00 PM AEST,32.7,58.5,23.4,nan,nan,nan,223.60,0.58,8.30,4.90,220.90,973.30
28-Feb-25 12:29:00 PM AEST,nan,58.8,23.5,nan,nan,nan,198.50,0.73,13.00,6.70,194.30,970.70
28-Feb-25 12:29:05 PM AEST,32.8,nan,nan,nan,nan,nan,nan,nan,nan,nan,nan,nan
28-Feb-25 12:30:00 PM AEST,nan,58.0,23.6,nan,nan,nan,225.40,0.66,9.50,3.60,218.20,835.80
28-Feb-25 12:30:10 PM AEST,32.7,nan,nan,nan,nan,nan,nan,nan,nan,nan,nan,nan
28-Feb-25 12:31:00 PM AEST,nan,58.2,23.3,nan,nan,nan,244.30,0.69,13.00,5.80,226.40,363.30
28-Feb-25 12:31:15 PM AEST,32.6,nan,nan,nan,nan,nan,nan,nan,nan,nan,nan,nan
28-Feb-25 12:32:00 PM AEST,nan,58.5,nan,nan,nan,nan,264.80,0.57,8.30,3.90,265.50,730.70
28-Feb-25 12:32:20 PM AEST,32.5,nan,nan,nan,nan,nan,nan,nan,nan,nan,nan,nan
28-Feb-25 12:33:00 PM AEST,nan,nan,23.4,nan,nan,nan,211.90,0.70,9.50,6.10,211.20,465.80
28-Feb-25 12:34:00 PM AEST,nan,58.7,23.3,nan,nan,nan,193.60,0.54,8.30,5.30,195.20,564.90
28-Feb-25 12:35:00 PM AEST,nan,59.0,nan,nan,nan,nan,249.80,0.66,nan,4.70,254.30,1019.20
28-Feb-25 12:36:00 PM AEST,nan,58.3,23.5,nan,nan,nan,235.00,0.53,13.00,4.00,248.10,922.50
28-Feb-25 12:37:00 PM AEST,32.6,59.5,23.3,nan,nan,nan,228.00,0.61,14.20,4.60,242.30,685.80
28-Feb-25 12:38:00 PM AEST,nan,58.5,23.7,nan,nan,nan,312.70,0.66,9.50,6.50,310.20,930.80
28-Feb-25 12:39:00 PM AEST,nan,59.0,23.4,nan,nan,nan,289.90,0.60,10.60,4.70,288.00,911.60
28-Feb-25 12:40:00 PM AEST,32.7,58.5,23.6,nan,nan,nan,253.30,0.35,nan,1.90,234.50,843.30
28-Feb-25 12:41:00 PM AEST,nan,58.2,23.5,nan,nan,nan,249.60,0.76,14.20,5.50,258.00,780.80
28-Feb-25 12:41:05 PM AEST,32.8,nan,nan,nan,nan,nan,nan,nan,nan,nan,nan,nan
28-Feb-25 12:42:00 PM AEST,nan,58.3,nan,nan,nan,nan,246.00,0.68,10.60,5.90,246.70,957.40
28-Feb-25 12:42:10 PM AEST,32.6,nan,nan,nan,nan,nan,nan,nan,nan,nan,nan,nan
28-Feb-25 12:43:00 PM AEST,nan,58.0,23.4,nan,nan,nan,237.40,0.60,8.30,4.00,232.20,935.00
28-Feb-25 12:43:15 PM AEST,32.7,nan,nan,nan,nan,nan,nan,nan,nan,nan,nan,nan
28-Feb-25 12:44:00 PM AEST,nan,57.8,23.3,nan,nan,nan,253.20,0.70,11.80,5.30,242.90,919.10
28-Feb-25 12:44:20 PM AEST,32.6,nan,nan,nan,nan,nan,nan,nan,nan,nan,nan,nan
28-Feb-25 12:45:00 PM AEST,nan,58.7,23.2,nan,nan,nan,228.80,0.43,7.10,3.80,233.50,912.50
28-Feb-25 12:45:25 PM AEST,32.7,nan,nan,nan,nan,nan,nan,nan,nan,nan,nan,nan
28-Feb-25 12:46:00 PM AEST,nan,59.3,23.5,nan,nan,nan,198.30,0.49,nan,4.70,199.90,910.00
28-Feb-25 12:46:30 PM AEST,32.8,nan,nan,nan,nan,nan,nan,nan,nan,nan,nan,nan
28-Feb-25 12:46:30 PM AEST,32.9,nan,nan,nan,nan,nan,nan,nan,nan,nan,nan,nan
28-Feb-25 12:47:00 PM AEST,nan,nan,23.8,nan,nan,nan,283.10,0.43,nan,3.70,284.50,911.60
28-Feb-25 12:47:35 PM AEST,33.0,nan,nan,nan,nan,nan,nan,nan,nan,nan,nan,nan
28-Feb-25 12:48:00 PM AEST,nan,59.2,23.9,nan,nan,nan,306.50,0.36,5.90,3.40,312.20,911.70
28-Feb-25 12:48:40 PM AEST,33.1,nan,nan,nan,nan,nan,nan,nan,nan,nan,nan,nan
28-Feb-25 12:49:00 PM AEST,nan,59.5,nan,nan,nan,nan,289.40,0.46,9.50,4.50,295.70,915.70
28-Feb-25 12:50:00 PM AEST,nan,59.0,24.1,nan,nan,nan,250.30,nan,7.10,3.70,252.40,921.70
28-Feb-25 12:51:00 PM AEST,33.2,60.0,24.0,nan,nan,nan,251.40,0.26,4.70,2.50,251.10,nan
28-Feb-25 12:52:00 PM AEST,nan,59.0,24.4,nan,nan,nan,241.30,0.22,5.90,1.70,271.40,917.40
28-Feb-25 12:52:05 PM AEST,33.4,nan,nan,nan,nan,nan,nan,nan,nan,nan,nan,nan
28-Feb-25 12:53:00 PM AEST,nan,58.0,24.3,nan,nan,nan,276.70,0.60,11.80,5.00,278.40,912.50
28-Feb-25 12:54:00 PM AEST,nan,59.3,24.0,nan,nan,nan,262.40,0.28,4.70,2.20,253.70,911.70
28-Feb-25 12:55:00 PM AEST,nan,57.5,24.4,nan,nan,nan,207.40,0.67,10.60,6.50,208.30,909.10
28-Feb-25 12:56:00 PM AEST,33.3,56.3,23.8,nan,nan,nan,192.80,0.65,9.50,6.30,190.20,905.80
28-Feb-25 12:57:00 PM AEST,nan,56.2,23.4,nan,nan,nan,213.10,0.63,nan,6.00,212.00,909.90
28-Feb-25 12:57:05 PM AEST,33.2,nan,nan,nan,nan,nan,nan,nan,nan,nan,nan,nan
28-Feb-25 12:58:00 PM AEST,nan,58.2,23.3,nan,nan,nan,212.70,0.56,nan,5.50,213.50,874.20
28-Feb-25 12:58:10 PM AEST,33.3,nan,nan,nan,nan,nan,nan,nan,nan,nan,nan,nan
28-Feb-25 12:59:00 PM AEST,nan,58.8,24.0,nan,nan,nan,309.20,0.36,5.90,2.80,290.50,907.50
28-Feb-25 12:59:15 PM AEST,33.4,nan,nan,nan,nan,nan,nan,nan,nan,nan,nan,nan
28-Feb-25 1:00:07 PM AEST,nan,nan,nan,nan,nan,0.67,nan,nan,nan,nan,nan,nan
28-Feb-25 1:00:20 PM AEST,33.5,nan,nan,nan,nan,nan,nan,nan,nan,nan,nan,nan
28-Feb-25 1:01:00 PM AEST,nan,57.0,24.2,nan,nan,nan,230.70,0.46,8.30,3.50,224.30,901.60
28-Feb-25 1:01:00 PM AEST,nan,57.0,23.8,nan,nan,nan,220.80,0.31,8.30,2.90,217.60,890.00
28-Feb-25 1:01:25 PM AEST,33.6,nan,nan,nan,nan,nan,nan,nan,nan,nan,nan,nan
28-Feb-25 1:02:00 PM AEST,nan,57.2,nan,nan,nan,nan,232.20,0.41,nan,3.60,226.60,893.20
28-Feb-25 1:02:30 PM AEST,33.7,nan,nan,nan,nan,nan,nan,nan,nan,nan,nan,nan
28-Feb-25 1:03:00 PM AEST,nan,nan,24.0,nan,nan,nan,194.90,0.22,3.50,2.20,194.90,887.50
28-Feb-25 1:03:35 PM AEST,33.9,nan,nan,nan,nan,nan,nan,nan,nan,nan,nan,nan
28-Feb-25 1:04:00 PM AEST,nan,58.2,24.1,nan,nan,nan,219.20,0.24,nan,nan,226.90,884.20
28-Feb-25 1:05:00 PM AEST,nan,56.5,24.5,nan,nan,nan,216.50,0.40,9.50,3.30,194.20,880.70
28-Feb-25 1:06:00 PM AEST,33.8,55.8,24.0,nan,nan,nan,279.30,0.58,8.30,2.90,285.00,877.50
28-Feb-25 1:07:00 PM AEST,nan,55.5,23.7,nan,nan,nan,294.00,0.79,11.80,7.20,296.20,876.60
28-Feb-25 1:07:05 PM AEST,33.6,nan,nan,nan,nan,nan,nan,nan,nan,nan,nan,nan
28-Feb-25 1:08:00 PM AEST,nan,55.7,23.5,nan,nan,nan,290.20,0.63,9.50,6.00,291.30,876.70
28-Feb-25 1:08:10 PM AEST,33.5,nan,nan,nan,nan,nan,nan,nan,nan,nan,nan,nan
28-Feb-25 1:09:00 PM AEST,nan,55.3,23.4,nan,nan,nan,218.10,0.64,13.00,5.90,211.80,875.00
28-Feb-25 1:10:00 PM AEST,33.4,55.2,23.3,nan,nan,nan,204.60,0.83,14.20,8.10,204.70,877.40
28-Feb-25 1:11:00 PM AEST,nan,55.5,23.2,nan,nan,nan,261.40,0.69,11.80,6.00,258.80,878.30
28-Feb-25 1:11:05 PM AEST,33.3,nan,nan,nan,nan,nan,nan,nan,nan,nan,nan,nan
28-Feb-25 1:12:00 PM AEST,nan,56.5,23.1,nan,nan,nan,276.70,0.56,10.60,5.10,283.30,876.60
28-Feb-25 1:13:00 PM AEST,33.4,nan,23.5,nan,nan,nan,278.70,0.60,nan,4.90,283.90,880.00
28-Feb-25 1:14:00 PM AEST,nan,55.5,23.6,nan,nan,nan,213.80,0.50,8.30,4.50,214.60,882.50
28-Feb-25 1:15:00 PM AEST,33.5,56.0,23.3,nan,nan,nan,281.30,0.43,7.10,4.00,273.50,884.90
28-Feb-25 1:16:00 PM AEST,nan,nan,23.5,nan,nan,nan,226.80,0.79,11.80,6.70,221.50,885.00
28-Feb-25 1:16:05 PM AEST,33.4,nan,nan,nan,nan,nan,nan,nan,nan,nan,nan,nan
28-Feb-25 1:17:00 PM AEST,nan,55.5,23.4,nan,nan,nan,241.10,0.73,10.60,5.90,238.00,882.40
28-Feb-25 1:17:10 PM AEST,33.2,nan,nan,nan,nan,nan,nan,nan,nan,nan,nan,nan
28-Feb-25 1:18:00 PM AEST,nan,56.2,23.1,nan,nan,nan,283.50,0.63,9.50,6.10,284.90,875.00
28-Feb-25 1:19:00 PM AEST,nan,nan,23.3,nan,nan,nan,227.30,nan,14.20,5.60,212.10,865.00
28-Feb-25 1:20:00 PM AEST,33.1,55.8,nan,nan,nan,nan,250.30,0.69,10.60,3.70,235.20,859.90
28-Feb-25 1:21:00 PM AEST,nan,56.2,23.1,nan,nan,nan,272.00,0.53,9.50,3.10,271.20,854.20
28-Feb-25 1:21:05 PM AEST,33.2,nan,nan,nan,nan,nan,nan,nan,nan,nan,nan,nan
28-Feb-25 1:22:00 PM AEST,nan,55.0,23.3,nan,nan,nan,300.20,0.48,nan,4.70,300.10,854.90
28-Feb-25 1:23:00 PM AEST,nan,55.8,22.9,nan,nan,nan,290.10,0.53,8.30,5.20,291.60,859.20
28-Feb-25 1:24:00 PM AEST,nan,55.0,23.2,nan,nan,nan,261.30,nan,nan,4.80,265.80,860.00
28-Feb-25 1:25:00 PM AEST,nan,55.2,22.9,nan,nan,nan,220.50,0.55,9.50,3.80,228.60,858.20
28-Feb-25 1:26:00 PM AEST,33.3,55.7,23.0,nan,nan,nan,266.90,0.47,7.10,3.90,265.60,856.70
28-Feb-25 1:27:00 PM AEST,nan,55.8,23.2,nan,nan,nan,214.80,0.43,nan,3.30,202.00,855.70
28-Feb-25 1:27:05 PM AEST,33.4,nan,nan,nan,nan,nan,nan,nan,nan,nan,nan,nan
28-Feb-25 1:28:00 PM AEST,nan,56.2,23.3,nan,nan,nan,161.30,0.25,3.50,2.50,161.40,850.80
28-Feb-25 1:28:10 PM AEST,33.5,nan,nan,nan,nan,nan,nan,nan,nan,nan,nan,nan
28-Feb-25 1:29:00 PM AEST,nan,56.5,23.6,nan,nan,nan,196.00,0.47,8.30,3.40,197.70,841.70
28-Feb-25 1:29:15 PM AEST,33.6,nan,nan,nan,nan,nan,nan,nan,nan,nan,nan,nan
28-Feb-25 1:30:00 PM AEST,nan,55.8,23.7,nan,nan,nan,195.40,0.68,11.80,6.50,197.50,840.70
28-Feb-25 1:30:20 PM AEST,33.5,nan,nan,nan,nan,nan,nan,nan,nan,nan,nan,nan
28-Feb-25 1:30:20 PM AEST,33.4,nan,nan,nan,nan,nan,nan,nan,nan,nan,nan,nan
28-Feb-25 1:31:00 PM AEST,nan,55.0,23.5,nan,nan,nan,207.30,0.54,9.50,5.30,208.80,840.00
28-Feb-25 1:32:00 PM AEST,nan,56.3,23.1,nan,nan,nan,245.20,0.47,7.10,2.40,248.60,840.70
28-Feb-25 1:33:00 PM AEST,33.5,56.7,23.5,nan,nan,nan,195.10,0.48,nan,4.50,192.90,841.70
28-Feb-25 1:34:00 PM AEST,nan,57.3,23.7,nan,nan,nan,205.00,0.67,10.60,6.40,202.80,837.50
28-Feb-25 1:34:05 PM AEST,33.4,nan,nan,nan,nan,nan,nan,nan,nan,nan,nan,nan
28-Feb-25 1:35:00 PM AEST,nan,56.7,23.8,nan,nan,nan,200.50,0.73,9.50,7.20,200.20,838.20
28-Feb-25 1:35:10 PM AEST,33.3,nan,nan,nan,nan,nan,nan,nan,nan,nan,nan,nan
28-Feb-25 1:36:00 PM AEST,nan,56.2,23.5,nan,nan,nan,187.30,1.15,18.90,11.30,189.00,835.80
28-Feb-25 1:36:15 PM AEST,33.1,nan,nan,nan,nan,nan,nan,nan,nan,nan,nan,nan
28-Feb-25 1:37:00 PM AEST,nan,56.8,23.2,nan,nan,nan,190.70,0.73,10.60,7.00,187.90,836.70
28-Feb-25 1:37:20 PM AEST,33.0,nan,nan,nan,nan,nan,nan,nan,nan,nan,nan,nan
28-Feb-25 1:38:00 PM AEST,nan,57.8,23.3,nan,nan,nan,218.20,0.56,nan,5.40,213.00,835.70
28-Feb-25 1:39:00 PM AEST,33.2,57.7,23.6,nan,nan,nan,256.90,0.46,8.30,2.80,262.80,840.00
28-Feb-25 1:40:00 PM AEST,nan,58.0,23.7,nan,nan,nan,242.10,0.50,11.80,3.80,235.40,849.10
28-Feb-25 1:41:00 PM AEST,33.4,58.2,23.8,nan,nan,nan,229.90,0.55,8.30,4.70,227.90,854.20
28-Feb-25 1:42:00 PM AEST,nan,57.8,24.0,nan,nan,nan,208.00,0.51,nan,5.00,208.60,840.80
28-Feb-25 1:43:00 PM AEST,nan,57.7,nan,nan,nan,nan,182.20,0.50,nan,4.40,187.10,831.60
28-Feb-25 1:44:00 PM AEST,33.3,56.7,23.9,nan,nan,nan,195.40,0.87,14.20,8.40,197.70,827.50
28-Feb-25 1:45:00 PM AEST,nan,nan,23.5,nan,nan,nan,201.30,0.49,10.60,4.50,204.10,829.90
28-Feb-25 1:45:05 PM AEST,33.2,nan,nan,nan,nan,nan,nan,nan,nan,nan,nan,nan
28-Feb-25 1:46:00 PM AEST,nan,57.7,23.4,nan,nan,nan,193.10,0.45,9.50,4.10,194.20,836.70
28-Feb-25 1:47:00 PM AEST,nan,58.3,23.7,nan,nan,nan,194.50,0.48,7.10,4.70,194.10,831.70
28-Feb-25 1:48:00 PM AEST,33.4,58.8,23.9,nan,nan,nan,166.00,0.28,4.70,2.80,165.50,829.90
28-Feb-25 1:49:00 PM AEST,nan,59.2,24.2,nan,nan,nan,174.20,0.33,7.10,3.10,181.60,825.80
28-Feb-25 1:49:05 PM AEST,33.6,nan,nan,nan,nan,nan,nan,nan,nan,nan,nan,nan
28-Feb-25 1:50:00 PM AEST,nan,57.8,24.5,nan,nan,nan,244.30,0.51,nan,4.20,245.20,826.60
28-Feb-25 1:51:00 PM AEST,33.5,57.2,24.2,nan,nan,nan,202.90,0.65,11.80,6.30,203.60,826.70
28-Feb-25 1:52:00 PM AEST,nan,57.3,23.9,nan,nan,nan,276.20,0.47,9.50,3.70,300.70,824.20
28-Feb-25 1:52:05 PM AEST,33.6,nan,nan,nan,nan,nan,nan,nan,nan,nan,nan,nan
28-Feb-25 1:53:00 PM AEST,nan,56.0,24.0,nan,nan,nan,286.30,0.85,13.00,7.80,291.50,819.90
28-Feb-25 1:53:10 PM AEST,33.4,nan,nan,nan,nan,nan,nan,nan,nan,nan,nan,nan
28-Feb-25 1:54:00 PM AEST,nan,56.3,23.4,nan,nan,nan,275.40,0.51,10.60,5.00,277.40,816.70
28-Feb-25 1:54:15 PM AEST,33.5,nan,nan,nan,nan,nan,nan,nan,nan,nan,nan,nan
28-Feb-25 1:55:00 PM AEST,nan,57.5,23.6,nan,nan,nan,271.80,0.38,5.90,3.50,274.10,813.20
28-Feb-25 1:55:20 PM AEST,33.6,nan,nan,nan,nan,nan,nan,nan,nan,nan,nan,nan
28-Feb-25 1:56:00 PM AEST,nan,57.2,24.0,nan,nan,nan,222.90,0.44,9.50,3.30,205.30,810.80
28-Feb-25 1:56:25 PM AEST,33.7,nan,nan,nan,nan,nan,nan,nan,nan,nan,nan,nan
28-Feb-25 1:57:00 PM AEST,nan,57.3,nan,nan,nan,nan,244.90,0.60,7.10,3.10,240.30,805.80
28-Feb-25 1:57:30 PM AEST,33.6,nan,nan,nan,nan,nan,nan,nan,nan,nan,nan,nan
28-Feb-25 1:58:00 PM AEST,nan,56.5,nan,nan,nan,nan,249.30,0.41,nan,3.30,237.20,805.70
28-Feb-25 1:58:35 PM AEST,33.7,nan,nan,nan,nan,nan,nan,nan,nan,nan,nan,nan
28-Feb-25 1:59:00 PM AEST,nan,56.0,23.8,nan,nan,nan,190.30,0.45,nan,3.60,188.40,801.70
28-Feb-25 2:00:00 PM AEST,nan,56.7,23.7,nan,nan,nan,197.70,0.20,3.50,2.00,197.70,800.70
28-Feb-25 2:00:08 PM AEST,nan,nan,nan,nan,nan,0.58,nan,nan,nan,nan,nan,nan
28-Feb-25 2:01:00 PM AEST,33.8,56.5,23.9,nan,nan,nan,213.10,0.44,8.30,4.30,213.50,798.30
28-Feb-25 2:02:00 PM AEST,nan,56.2,24.0,nan,nan,nan,251.50,0.43,5.90,1.90,259.10,797.50
28-Feb-25 2:03:00 PM AEST,nan,55.7,23.9,nan,nan,nan,209.10,0.46,7.10,3.70,207.90,795.70
28-Feb-25 2:04:00 PM AEST,33.9,56.3,23.7,nan,nan,nan,256.70,0.30,4.70,2.80,259.30,795.00
28-Feb-25 2:05:00 PM AEST,nan,55.5,23.9,nan,nan,nan,229.80,0.33,nan,3.10,227.60,793.30
28-Feb-25 2:06:00 PM AEST,34.0,55.3,23.7,nan,nan,nan,256.60,0.28,nan,2.50,259.20,791.60
28-Feb-25 2:07:00 PM AEST,nan,55.8,23.8,nan,nan,nan,253.80,0.51,9.50,3.40,283.20,790.00
28-Feb-25 2:08:00 PM AEST,33.8,55.5,23.9,nan,nan,nan,286.50,0.59,nan,4.60,288.60,788.20
28-Feb-25 2:09:00 PM AEST,nan,55.0,23.7,nan,nan,nan,273.50,0.43,nan,3.20,273.60,786.70
28-Feb-25 2:10:00 PM AEST,33.7,54.8,23.5,nan,nan,nan,301.70,0.57,nan,5.50,302.10,783.30
28-Feb-25 2:11:00 PM AEST,nan,55.3,23.4,nan,nan,nan,274.50,0.38,7.10,3.40,279.30,779.10
28-Feb-25 2:11:05 PM AEST,33.8,nan,nan,nan,nan,nan,nan,nan,nan,nan,nan,nan
28-Feb-25 2:12:00 PM AEST,nan,55.5,23.5,nan,nan,nan,273.90,0.49,9.50,3.70,280.00,779.20
28-Feb-25 2:13:00 PM AEST,33.7,54.7,23.7,nan,nan,nan,264.20,nan,8.30,4.10,261.80,778.20
28-Feb-25 2:14:00 PM AEST,nan,55.0,23.3,nan,nan,nan,221.20,0.56,7.10,5.00,217.80,775.00
28-Feb-25 2:15:00 PM AEST,33.8,55.2,23.4,nan,nan,nan,244.80,0.22,3.50,2.00,247.60,771.70
28-Feb-25 2:16:00 PM AEST,nan,55.0,23.5,nan,nan,nan,311.10,0.36,5.90,2.40,307.60,763.20
28-Feb-25 2:16:05 PM AEST,33.9,nan,nan,nan,nan,nan,nan,nan,nan,nan,nan,nan
28-Feb-25 2:17:00 PM AEST,nan,54.3,nan,nan,nan,nan,182.70,0.64,10.60,6.10,185.30,758.30
28-Feb-25 2:17:10 PM AEST,33.8,nan,nan,nan,nan,nan,nan,nan,nan,nan,nan,nan
28-Feb-25 2:18:00 PM AEST,nan,55.3,23.3,nan,nan,nan,218.30,0.62,nan,5.90,221.70,762.40
28-Feb-25 2:19:00 PM AEST,nan,56.2,23.5,nan,nan,nan,184.80,0.26,5.90,2.60,184.90,762.50
28-Feb-25 2:20:00 PM AEST,33.7,55.5,23.8,nan,nan,nan,184.10,0.69,9.50,6.50,184.00,764.20
28-Feb-25 2:21:00 PM AEST,nan,55.8,23.6,nan,nan,nan,214.50,0.48,8.30,4.50,210.30,759.10
28-Feb-25 2:22:00 PM AEST,33.5,55.3,nan,nan,nan,nan,195.40,0.76,11.80,7.10,192.40,757.50
28-Feb-25 2:23:00 PM AEST,nan,55.5,23.3,nan,nan,nan,195.20,0.59,7.10,5.70,193.80,749.10
28-Feb-25 2:24:00 PM AEST,nan,56.0,nan,nan,nan,nan,254.30,0.47,9.50,3.80,262.20,744.20
28-Feb-25 2:25:00 PM AEST,nan,55.0,23.5,nan,nan,nan,280.90,0.56,11.80,5.20,288.50,nan
28-Feb-25 2:26:00 PM AEST,33.6,55.7,23.2,nan,nan,nan,287.20,0.33,4.70,1.80,274.00,749.10
28-Feb-25 2:27:00 PM AEST,nan,55.3,23.5,nan,nan,nan,231.40,0.49,9.50,4.50,231.90,749.20
28-Feb-25 2:27:05 PM AEST,33.7,nan,nan,nan,nan,nan,nan,nan,nan,nan,nan,nan
28-Feb-25 2:28:00 PM AEST,nan,56.0,nan,nan,nan,nan,263.20,0.15,3.50,1.50,263.20,741.70
28-Feb-25 2:28:10 PM AEST,33.8,nan,nan,nan,nan,nan,nan,nan,nan,nan,nan,nan
28-Feb-25 2:29:00 PM AEST,nan,56.5,23.8,nan,nan,nan,270.80,0.38,7.10,3.60,274.90,736.60
28-Feb-25 2:29:15 PM AEST,33.9,nan,nan,nan,nan,nan,nan,nan,nan,nan,nan,nan
28-Feb-25 2:30:00 PM AEST,nan,56.3,24.1,nan,nan,nan,233.00,0.43,nan,3.70,222.80,737.50
28-Feb-25 2:31:00 PM AEST,nan,55.8,23.9,nan,nan,nan,244.90,0.36,5.90,2.90,242.10,739.10
28-Feb-25 2:32:00 PM AEST,nan,55.0,nan,nan,nan,nan,294.00,0.66,10.60,5.90,296.70,739.20
28-Feb-25 2:33:00 PM AEST,33.8,55.3,23.6,nan,nan,nan,283.10,0.57,8.30,4.50,281.10,735.80
28-Feb-25 2:34:00 PM AEST,nan,56.5,nan,nan,nan,nan,198.10,0.46,7.10,1.20,215.80,732.40
28-Feb-25 2:35:00 PM AEST,34.0,57.5,23.9,nan,nan,nan,180.60,0.29,4.70,0.80,216.10,730.80
28-Feb-25 2:36:00 PM AEST,nan,56.3,24.4,nan,nan,nan,306.00,0.46,9.50,4.60,310.30,728.20
28-Feb-25 2:36:05 PM AEST,34.1,nan,nan,nan,nan,nan,nan,nan,nan,nan,nan,nan
28-Feb-25 2:37:00 PM AEST,nan,55.7,24.1,nan,nan,nan,286.30,0.45,nan,3.70,287.50,726.70
28-Feb-25 2:37:10 PM AEST,34.0,nan,nan,nan,nan,nan,nan,nan,nan,nan,nan,nan
28-Feb-25 2:38:00 PM AEST,nan,nan,23.9,nan,nan,nan,276.80,0.48,7.10,4.00,280.50,424.20
28-Feb-25 2:39:00 PM AEST,nan,54.8,23.8,nan,nan,nan,232.90,0.54,9.50,2.70,239.90,6552.60
28-Feb-25 2:40:00 PM AEST,33.9,55.2,23.6,nan,nan,nan,203.80,0.52,8.30,4.50,204.50,566.70
28-Feb-25 2:41:00 PM AEST,nan,55.0,23.7,nan,nan,nan,229.60,0.67,10.60,4.40,216.20,716.60
28-Feb-25 2:42:00 PM AEST,nan,55.2,23.6,nan,nan,nan,178.50,0.24,7.10,2.40,178.50,715.00
28-Feb-25 2:43:00 PM AEST,nan,56.7,nan,nan,nan,nan,186.30,0.39,8.30,3.10,182.40,710.80
28-Feb-25 2:44:00 PM AEST,nan,56.0,24.1,nan,nan,nan,230.70,0.36,5.90,3.40,230.90,709.90
28-Feb-25 2:45:00 PM AEST,nan,55.8,23.9,nan,nan,nan,210.90,0.71,14.20,6.10,205.60,706.70
28-Feb-25 2:46:00 PM AEST,nan,55.7,23.8,nan,nan,nan,226.70,0.51,nan,3.40,218.40,703.20
28-Feb-25 2:47:00 PM AEST,33.7,55.2,23.7,nan,nan,nan,204.20,0.78,13.00,7.30,205.30,702.50
28-Feb-25 2:48:00 PM AEST,nan,56.3,23.4,nan,nan,nan,233.40,0.62,9.50,3.90,249.70,700.80
28-Feb-25 2:49:00 PM AEST,nan,56.2,23.8,nan,nan,nan,213.50,0.49,nan,4.10,210.40,698.30
28-Feb-25 2:50:00 PM AEST,33.8,55.8,nan,nan,nan,nan,203.80,0.25,4.70,2.30,201.00,697.50
28-Feb-25 2:51:00 PM AEST,nan,55.5,nan,nan,nan,nan,204.80,0.66,21.30,5.30,206.00,697.40
28-Feb-25 2:51:05 PM AEST,33.9,nan,nan,nan,nan,nan,nan,nan,nan,nan,nan,nan
28-Feb-25 2:52:00 PM AEST,nan,55.0,nan,nan,nan,nan,194.60,0.72,17.80,6.60,198.00,694.20
28-Feb-25 2:52:10 PM AEST,33.8,nan,nan,nan,nan,nan,nan,nan,nan,nan,nan,nan
28-Feb-25 2:53:00 PM AEST,nan,55.8,23.5,nan,nan,nan,199.30,0.12,3.50,1.20,199.20,689.20
28-Feb-25 2:53:15 PM AEST,33.9,nan,nan,nan,nan,nan,nan,nan,nan,nan,nan,nan
28-Feb-25 2:54:00 PM AEST,nan,55.3,23.8,nan,nan,nan,215.20,0.68,11.80,5.50,212.80,688.30
28-Feb-25 2:55:00 PM AEST,nan,56.0,23.7,nan,nan,nan,244.40,0.37,7.10,1.50,247.80,685.00
28-Feb-25 2:56:00 PM AEST,33.8,54.8,23.9,nan,nan,nan,262.90,0.82,13.00,5.10,266.60,683.30
28-Feb-25 2:57:00 PM AEST,nan,54.3,23.5,nan,nan,nan,238.60,0.64,10.60,4.80,249.70,679.90
28-Feb-25 2:57:05 PM AEST,33.7,nan,nan,nan,nan,nan,nan,nan,nan,nan,nan,nan
28-Feb-25 2:58:00 PM AEST,nan,55.5,23.2,nan,nan,nan,286.80,0.40,8.30,3.20,277.70,674.20
28-Feb-25 2:59:00 PM AEST,33.8,56.0,23.6,nan,nan,nan,303.20,0.44,7.10,4.10,301.50,671.60
28-Feb-25 3:00:09 PM AEST,nan,nan,nan,nan,nan,0.47,nan,nan,nan,nan,nan,nan
28-Feb-25 3:01:00 PM AEST,33.9,55.7,23.8,nan,nan,nan,306.10,0.25,3.50,2.50,306.20,670.00
28-Feb-25 3:01:00 PM AEST,34.0,55.3,23.8,nan,nan,nan,230.30,0.68,14.20,5.80,235.20,669.20
28-Feb-25 3:02:00 PM AEST,nan,54.2,23.7,nan,nan,nan,328.80,0.52,10.60,2.50,297.20,666.60
28-Feb-25 3:03:00 PM AEST,33.9,54.5,23.4,nan,nan,nan,259.20,0.54,15.40,4.60,273.20,664.20
28-Feb-25 3:04:00 PM AEST,nan,nan,nan,nan,nan,nan,285.90,0.86,nan,3.60,290.50,664.10
28-Feb-25 3:04:05 PM AEST,33.7,nan,nan,nan,nan,nan,nan,nan,nan,nan,nan,nan
28-Feb-25 3:05:00 PM AEST,nan,55.2,23.2,nan,nan,nan,239.00,0.50,9.50,4.10,241.80,657.50
28-Feb-25 3:06:00 PM AEST,nan,54.0,23.4,nan,nan,nan,272.70,0.72,13.00,6.60,275.20,655.00
28-Feb-25 3:07:00 PM AEST,33.6,55.0,23.1,nan,nan,nan,205.80,0.43,5.90,3.60,203.70,648.30
28-Feb-25 3:08:00 PM AEST,nan,nan,23.3,nan,nan,nan,270.40,0.78,11.80,4.40,283.30,646.70
28-Feb-25 3:09:00 PM AEST,nan,55.5,nan,nan,nan,nan,249.30,0.63,10.60,3.80,250.80,643.30
28-Feb-25 3:10:00 PM AEST,33.5,55.0,23.4,nan,nan,nan,294.40,0.93,13.00,8.60,294.40,641.70
28-Feb-25 3:11:00 PM AEST,nan,55.7,23.2,nan,nan,nan,282.00,0.85,18.90,7.40,285.70,640.00
28-Feb-25 3:11:05 PM AEST,33.3,nan,nan,nan,nan,nan,nan,nan,nan,nan,nan,nan
28-Feb-25 3:12:00 PM AEST,nan,56.3,nan,nan,nan,nan,191.10,0.25,3.50,2.40,189.10,638.30
28-Feb-25 3:12:10 PM AEST,33.4,nan,nan,nan,nan,nan,nan,nan,nan,nan,nan,nan
28-Feb-25 3:13:00 PM AEST,nan,57.5,23.5,nan,nan,nan,192.10,0.31,5.90,2.70,187.20,634.90
28-Feb-25 3:13:15 PM AEST,33.6,nan,nan,nan,nan,nan,nan,nan,nan,nan,nan,nan
28-Feb-25 3:14:00 PM AEST,nan,56.2,24.1,nan,nan,nan,302.90,0.93,18.90,9.00,303.70,635.00
28-Feb-25 3:15:00 PM AEST,nan,56.5,23.6,nan,nan,nan,239.00,0.62,14.20,5.00,212.90,630.80
28-Feb-25 3:16:00 PM AEST,33.5,56.2,23.7,nan,nan,nan,246.00,0.53,13.00,4.00,263.30,626.70
28-Feb-25 3:17:00 PM AEST,nan,55.8,23.5,nan,nan,nan,225.10,0.18,3.50,1.60,217.70,622.40
28-Feb-25 3:17:05 PM AEST,33.6,nan,nan,nan,nan,nan,nan,nan,nan,nan,nan,nan
28-Feb-25 3:18:00 PM AEST,nan,56.0,23.6,nan,nan,nan,286.40,0.50,7.10,3.40,295.70,619.20
28-Feb-25 3:18:10 PM AEST,33.7,nan,nan,nan,nan,nan,nan,nan,nan,nan,nan,nan
28-Feb-25 3:19:00 PM AEST,nan,55.8,23.7,nan,nan,nan,221.70,0.79,14.20,7.30,217.10,615.00
28-Feb-25 3:19:15 PM AEST,33.6,nan,nan,nan,nan,nan,nan,nan,nan,nan,nan,nan
28-Feb-25 3:20:00 PM AEST,nan,55.5,23.6,nan,nan,nan,281.10,0.89,15.40,7.50,289.30,612.40
28-Feb-25 3:20:20 PM AEST,33.5,nan,nan,nan,nan,nan,nan,nan,nan,nan,nan,nan
28-Feb-25 3:21:00 PM AEST,nan,54.7,23.4,nan,nan,nan,267.30,0.98,20.10,6.10,278.20,613.30
28-Feb-25 3:21:25 PM AEST,33.3,nan,nan,nan,nan,nan,nan,nan,nan,nan,nan,nan
28-Feb-25 3:22:00 PM AEST,nan,nan,22.9,nan,nan,nan,205.50,0.99,16.60,8.20,202.90,nan
28-Feb-25 3:22:30 PM AEST,33.2,nan,nan,nan,nan,nan,nan,nan,nan,nan,nan,nan
28-Feb-25 3:22:30 PM AEST,33.1,nan,nan,nan,nan,nan,nan,nan,nan,nan,nan,nan
28-Feb-25 3:23:00 PM AEST,nan,55.5,22.8,nan,nan,nan,272.70,0.65,11.80,5.30,275.70,598.30
28-Feb-25 3:24:00 PM AEST,nan,55.2,23.0,nan,nan,nan,282.90,0.79,16.60,6.80,290.90,606.70
28-Feb-25 3:25:00 PM AEST,nan,55.5,22.9,nan,nan,nan,290.10,0.58,10.60,5.50,289.50,601.60
28-Feb-25 3:26:00 PM AEST,33.0,55.8,23.0,nan,nan,nan,224.90,0.75,11.80,6.70,222.20,598.30
28-Feb-25 3:27:00 PM AEST,nan,56.8,nan,nan,nan,nan,239.50,0.67,10.60,2.70,253.00,594.10
28-Feb-25 3:28:00 PM AEST,33.1,57.3,23.3,nan,nan,nan,176.30,0.47,7.10,4.70,176.20,592.50
28-Feb-25 3:29:00 PM AEST,nan,nan,23.5,nan,nan,nan,177.30,0.55,nan,4.80,178.20,588.30
28-Feb-25 3:29:05 PM AEST,33.2,nan,nan,nan,nan,nan,nan,nan,nan,nan,nan,nan
28-Feb-25 3:30:00 PM AEST,nan,57.2,23.6,nan,nan,nan,255.70,0.78,14.20,4.20,247.90,584.90
28-Feb-25 3:30:10 PM AEST,33.1,nan,nan,nan,nan,nan,nan,nan,nan,nan,nan,nan
28-Feb-25 3:31:00 PM AEST,nan,56.7,23.5,nan,nan,nan,231.60,1.03,15.40,8.90,229.20,581.70
28-Feb-25 3:31:15 PM AEST,32.8,nan,nan,nan,nan,nan,nan,nan,nan,nan,nan,nan
28-Feb-25 3:32:00 PM AEST,nan,57.3,23.1,nan,nan,nan,237.30,0.38,8.30,2.40,269.50,579.10
28-Feb-25 3:33:00 PM AEST,33.0,58.0,23.3,nan,nan,nan,208.70,0.30,5.90,nan,201.30,574.20
28-Feb-25 3:34:00 PM AEST,nan,57.5,23.7,nan,nan,nan,252.80,0.46,9.50,2.80,264.30,nan
28-Feb-25 3:34:05 PM AEST,33.1,nan,nan,nan,nan,nan,nan,nan,nan,nan,nan,nan
28-Feb-25 3:35:00 PM AEST,nan,57.0,23.6,nan,nan,nan,202.00,0.60,10.60,4.70,210.10,570.80
28-Feb-25 3:36:00 PM AEST,nan,nan,23.4,nan,nan,nan,184.70,0.43,5.90,3.70,183.80,563.30
28-Feb-25 3:37:00 PM AEST,nan,57.2,nan,nan,nan,nan,297.30,0.53,9.50,2.90,306.90,nan
28-Feb-25 3:38:00 PM AEST,33.0,56.3,23.5,nan,nan,nan,312.60,1.01,17.80,7.80,311.70,560.80
28-Feb-25 3:39:00 PM AEST,nan,56.8,23.2,nan,nan,nan,295.50,0.59,9.50,5.50,296.30,560.00
28-Feb-25 3:40:00 PM AEST,33.1,55.2,23.3,nan,nan,nan,254.50,0.47,10.60,3.10,254.20,556.60
28-Feb-25 3:41:00 PM AEST,nan,55.3,22.9,nan,nan,nan,298.70,0.79,13.00,6.10,292.80,555.00
28-Feb-25 3:41:05 PM AEST,33.0,nan,nan,nan,nan,nan,nan,nan,nan,nan,nan,nan
28-Feb-25 3:42:00 PM AEST,nan,nan,22.8,nan,nan,nan,308.60,0.73,11.80,5.60,305.10,551.60
28-Feb-25 3:42:10 PM AEST,32.9,nan,nan,nan,nan,nan,nan,nan,nan,nan,nan,nan
28-Feb-25 3:43:00 PM AEST,nan,56.3,nan,nan,nan,nan,303.40,0.40,8.30,3.90,306.20,547.50
28-Feb-25 3:43:15 PM AEST,33.0,nan,nan,nan,nan,nan,nan,nan,nan,nan,nan,nan
28-Feb-25 3:44:00 PM AEST,nan,56.2,23.2,nan,nan,nan,290.20,0.54,9.50,3.30,285.00,545.80
28-Feb-25 3:44:20 PM AEST,33.2,nan,nan,nan,nan,nan,nan,nan,nan,nan,nan,nan
28-Feb-25 3:45:00 PM AEST,nan,56.0,23.3,nan,nan,nan,299.20,0.63,16.60,5.90,288.80,542.40
28-Feb-25 3:45:25 PM AEST,32.9,nan,nan,nan,nan,nan,nan,nan,nan,nan,nan,nan
28-Feb-25 3:46:00 PM AEST,nan,54.8,23.2,nan,nan,nan,296.20,0.96,15.40,8.70,299.70,539.20
28-Feb-25 3:47:00 PM AEST,nan,55.8,22.6,nan,nan,nan,256.30,0.48,8.30,3.20,273.40,536.70
28-Feb-25 3:48:00 PM AEST,33.1,56.3,22.9,nan,nan,nan,272.40,0.53,11.80,4.00,291.70,534.90
28-Feb-25 3:49:00 PM AEST,nan,56.0,23.2,nan,nan,nan,310.40,0.75,nan,6.60,310.20,530.80
28-Feb-25 3:49:05 PM AEST,33.0,nan,nan,nan,nan,nan,nan,nan,nan,nan,nan,nan
28-Feb-25 3:50:00 PM AEST,nan,55.3,23.0,nan,nan,nan,266.60,0.64,13.00,5.30,286.90,526.60
28-Feb-25 3:50:10 PM AEST,32.9,nan,nan,nan,nan,nan,nan,nan,nan,nan,nan,nan
28-Feb-25 3:51:00 PM AEST,nan,56.2,22.8,nan,nan,nan,315.30,0.73,10.60,5.60,312.00,525.00
28-Feb-25 3:51:15 PM AEST,33.0,nan,nan,nan,nan,nan,nan,nan,nan,nan,nan,nan
28-Feb-25 3:52:00 PM AEST,nan,nan,23.1,nan,nan,nan,295.40,0.59,nan,nan,296.00,520.00
28-Feb-25 3:53:00 PM AEST,nan,56.3,nan,nan,nan,nan,270.90,0.50,8.30,4.00,266.90,515.80
28-Feb-25 3:54:00 PM AEST,33.1,55.3,23.2,nan,nan,nan,287.40,0.78,16.60,7.10,285.50,512.50
28-Feb-25 3:55:00 PM AEST,nan,55.2,22.9,nan,nan,nan,291.90,0.57,10.60,5.20,294.90,508.30
28-Feb-25 3:55:05 PM AEST,33.0,nan,nan,nan,nan,nan,nan,nan,nan,nan,nan,nan
28-Feb-25 3:56:00 PM AEST,nan,55.7,22.8,nan,nan,nan,293.60,0.58,9.50,3.70,288.60,505.00
28-Feb-25 3:56:10 PM AEST,32.9,nan,nan,nan,nan,nan,nan,nan,nan,nan,nan,nan
28-Feb-25 3:57:00 PM AEST,nan,54.8,nan,nan,nan,nan,299.50,1.00,13.00,9.60,301.40,503.30
28-Feb-25 3:58:00 PM AEST,32.6,55.0,22.6,nan,nan,nan,236.60,1.12,17.80,5.40,238.60,496.60
28-Feb-25 3:59:00 PM AEST,nan,55.8,22.4,nan,nan,nan,212.60,0.49,9.50,4.40,209.40,495.00
28-Feb-25 4:00:10 PM AEST,nan,nan,nan,nan,nan,0.32,nan,nan,nan,nan,nan,nan
28-Feb-25 4:01:00 PM AEST,32.7,55.7,22.7,nan,nan,nan,227.30,0.73,10.60,5.00,223.20,494.10
28-Feb-25 4:01:00 PM AEST,32.8,56.3,22.7,nan,nan,nan,280.50,0.30,8.30,2.50,273.60,491.70
28-Feb-25 4:02:00 PM AEST,nan,56.2,23.0,nan,nan,nan,261.30,0.78,14.20,6.00,nan,490.00
28-Feb-25 4:03:00 PM AEST,32.9,56.5,22.9,nan,nan,nan,229.00,0.22,3.50,1.40,219.00,486.60
28-Feb-25 4:04:00 PM AEST,nan,56.8,23.1,nan,nan,nan,221.60,0.49,7.10,2.10,219.10,482.50
28-Feb-25 4:04:05 PM AEST,33.1,nan,nan,nan,nan,nan,nan,nan,nan,nan,nan,nan
28-Feb-25 4:05:00 PM AEST,nan,56.2,23.4,nan,nan,nan,297.90,0.80,13.00,6.00,304.80,478.30
28-Feb-25 4:05:10 PM AEST,32.9,nan,nan,nan,nan,nan,nan,nan,nan,nan,nan,nan
28-Feb-25 4:06:00 PM AEST,nan,55.5,23.0,nan,nan,nan,305.00,0.96,16.60,9.00,310.00,475.80
28-Feb-25 4:06:15 PM AEST,32.7,nan,nan,nan,nan,nan,nan,nan,nan,nan,nan,nan
28-Feb-25 4:07:00 PM AEST,nan,nan,22.6,nan,nan,nan,275.20,0.40,8.30,4.00,276.40,473.30
28-Feb-25 4:08:00 PM AEST,33.0,55.7,nan,nan,nan,nan,267.80,0.13,4.70,1.30,267.80,469.90
28-Feb-25 4:09:00 PM AEST,nan,55.5,22.9,nan,nan,nan,256.20,0.56,11.80,3.80,269.40,467.50
28-Feb-25 4:10:00 PM AEST,32.9,55.3,nan,nan,nan,nan,296.90,0.80,13.00,7.40,302.00,463.30
28-Feb-25 4:11:00 PM AEST,nan,55.5,22.7,nan,nan,nan,273.50,0.83,14.20,7.10,281.80,459.20
28-Feb-25 4:11:05 PM AEST,32.8,nan,nan,nan,nan,nan,nan,nan,nan,nan,nan,nan
28-Feb-25 4:12:00 PM AEST,nan,55.7,nan,nan,nan,nan,297.30,0.76,nan,6.60,296.30,454.20
28-Feb-25 4:12:10 PM AEST,32.7,nan,nan,nan,nan,nan,nan,nan,nan,nan,nan,nan
28-Feb-25 4:13:00 PM AEST,nan,56.3,22.6,nan,nan,nan,170.90,0.47,10.60,0.60,219.00,451.60
28-Feb-25 4:14:00 PM AEST,32.8,56.5,22.9,nan,nan,nan,243.30,0.57,nan,3.90,266.50,447.50
28-Feb-25 4:15:00 PM AEST,nan,57.0,23.0,nan,nan,nan,8.50,0.62,nan,2.90,325.80,444.10
28-Feb-25 4:16:00 PM AEST,nan,56.7,23.2,nan,nan,nan,300.40,0.51,8.30,4.70,303.20,440.80
28-Feb-25 4:17:00 PM AEST,32.7,56.3,23.1,nan,nan,nan,291.50,1.01,18.90,9.70,295.50,437.50
28-Feb-25 4:18:00 PM AEST,nan,56.7,22.9,nan,nan,nan,292.70,0.60,10.60,5.70,294.20,432.40
28-Feb-25 4:19:00 PM AEST,32.6,57.3,nan,nan,nan,nan,297.00,0.56,nan,5.50,297.60,427.50
28-Feb-25 4:20:00 PM AEST,nan,58.3,23.1,nan,nan,nan,249.50,0.25,4.70,0.80,259.10,423.30
28-Feb-25 4:20:05 PM AEST,32.8,nan,nan,nan,nan,nan,nan,nan,nan,nan,nan,nan
28-Feb-25 4:21:00 PM AEST,nan,nan,23.5,nan,nan,nan,233.80,0.22,7.10,1.80,257.80,419.10
28-Feb-25 4:21:10 PM AEST,33.0,nan,nan,nan,nan,nan,nan,nan,nan,nan,nan,nan
28-Feb-25 4:22:00 PM AEST,nan,56.8,23.7,nan,nan,nan,282.20,0.79,14.20,7.30,282.40,416.70
28-Feb-25 4:22:15 PM AEST,32.9,nan,nan,nan,nan,nan,nan,nan,nan,nan,nan,nan
28-Feb-25 4:23:00 PM AEST,nan,57.3,23.2,nan,nan,nan,292.60,0.40,8.30,3.90,289.50,413.30
28-Feb-25 4:23:20 PM AEST,32.8,nan,nan,nan,nan,nan,nan,nan,nan,nan,nan,nan
28-Feb-25 4:23:20 PM AEST,32.9,nan,nan,nan,nan,nan,nan,nan,nan,nan,nan,nan
28-Feb-25 4:24:00 PM AEST,nan,58.0,nan,nan,nan,nan,262.70,0.45,7.10,4.00,270.20,409.20
28-Feb-25 4:25:00 PM AEST,nan,58.2,23.5,nan,nan,nan,324.60,0.38,5.90,3.70,327.20,406.70
28-Feb-25 4:26:00 PM AEST,33.1,58.7,23.6,nan,nan,nan,304.10,0.33,nan,3.30,305.90,403.30
28-Feb-25 4:27:00 PM AEST,nan,58.3,23.9,nan,nan,nan,248.60,0.75,14.20,4.90,252.00,400.00
28-Feb-25 4:27:05 PM AEST,33.0,nan,nan,nan,nan,nan,nan,nan,nan,nan,nan,nan
28-Feb-25 4:28:00 PM AEST,nan,58.7,23.7,nan,nan,nan,258.90,0.70,15.40,3.40,289.40,395.80
28-Feb-25 4:28:10 PM AEST,32.9,nan,nan,nan,nan,nan,nan,nan,nan,nan,nan,nan
28-Feb-25 4:29:00 PM AEST,nan,58.8,nan,nan,nan,nan,304.20,0.27,4.70,0.30,295.50,392.50
28-Feb-25 4:30:00 PM AEST,33.1,59.2,nan,nan,nan,nan,177.10,0.23,7.10,0.80,170.50,390.00
28-Feb-25 4:31:00 PM AEST,nan,59.0,24.0,nan,nan,nan,326.00,0.47,10.60,4.60,330.20,387.40
28-Feb-25 4:32:00 PM AEST,33.2,59.2,nan,nan,nan,nan,222.20,0.49,9.50,nan,216.50,382.50
28-Feb-25 4:33:00 PM AEST,nan,59.0,24.1,nan,nan,nan,254.70,nan,7.10,nan,255.80,378.30
28-Feb-25 4:33:05 PM AEST,33.0,nan,nan,nan,nan,nan,nan,nan,nan,nan,nan,nan
28-Feb-25 4:34:00 PM AEST,nan,58.7,23.9,nan,nan,nan,291.40,0.62,9.50,6.00,291.70,374.20
28-Feb-25 4:34:10 PM AEST,32.9,nan,nan,nan,nan,nan,nan,nan,nan,nan,nan,nan
28-Feb-25 4:35:00 PM AEST,nan,59.3,23.7,nan,nan,nan,256.60,0.33,nan,2.30,232.40,370.00
28-Feb-25 4:35:15 PM AEST,33.0,nan,nan,nan,nan,nan,nan,nan,nan,nan,nan,nan
28-Feb-25 4:36:00 PM AEST,nan,58.7,24.0,nan,nan,nan,295.80,1.11,21.30,9.90,303.50,366.60
28-Feb-25 4:36:20 PM AEST,32.7,nan,nan,nan,nan,nan,nan,nan,nan,nan,nan,nan
28-Feb-25 4:37:00 PM AEST,nan,58.8,23.6,nan,nan,nan,305.40,0.53,10.60,4.30,309.30,363.30
28-Feb-25 4:37:25 PM AEST,32.6,nan,nan,nan,nan,nan,nan,nan,nan,nan,nan,nan
28-Feb-25 4:37:25 PM AEST,32.8,nan,nan,nan,nan,nan,nan,nan,nan,nan,nan,nan
28-Feb-25 4:38:00 PM AEST,nan,58.7,23.5,nan,nan,nan,212.10,0.17,3.50,1.70,214.60,359.90
28-Feb-25 4:38:30 PM AEST,32.9,nan,nan,nan,nan,nan,nan,nan,nan,nan,nan,nan
28-Feb-25 4:39:00 PM AEST,nan,nan,23.6,nan,nan,nan,228.20,0.49,9.50,4.10,229.70,358.30
28-Feb-25 4:39:35 PM AEST,32.7,nan,nan,nan,nan,nan,nan,nan,nan,nan,nan,nan
28-Feb-25 4:40:00 PM AEST,nan,58.0,23.8,nan,nan,nan,254.60,0.86,14.20,6.30,256.20,354.20
28-Feb-25 4:41:00 PM AEST,nan,58.3,23.3,nan,nan,nan,238.00,0.31,8.30,3.00,243.20,350.80
28-Feb-25 4:42:00 PM AEST,nan,58.2,23.5,nan,nan,nan,294.60,0.74,10.60,7.00,298.70,348.30
28-Feb-25 4:43:00 PM AEST,32.6,58.3,23.4,nan,nan,nan,263.70,0.53,9.50,3.70,248.30,343.30
28-Feb-25 4:44:00 PM AEST,nan,58.7,23.3,nan,nan,nan,301.10,0.57,11.80,4.10,297.00,340.80
28-Feb-25 4:45:00 PM AEST,32.5,nan,23.4,nan,nan,nan,203.00,0.67,10.60,3.60,200.80,335.80
28-Feb-25 4:46:00 PM AEST,nan,58.8,nan,nan,nan,nan,247.20,0.62,11.80,4.80,239.70,331.60
28-Feb-25 4:46:05 PM AEST,32.4,nan,nan,nan,nan,nan,nan,nan,nan,nan,nan,nan
28-Feb-25 4:47:00 PM AEST,nan,59.3,23.3,nan,nan,nan,263.60,0.22,4.70,1.20,281.80,329.20
28-Feb-25 4:47:10 PM AEST,32.5,nan,nan,nan,nan,nan,nan,nan,nan,nan,nan,nan
28-Feb-25 4:48:00 PM AEST,nan,58.7,23.5,nan,nan,nan,218.10,0.70,13.00,6.20,213.50,325.80
28-Feb-25 4:49:00 PM AEST,nan,58.8,23.3,nan,nan,nan,232.80,0.28,4.70,2.80,231.20,320.80
28-Feb-25 4:50:00 PM AEST,32.7,59.7,23.4,nan,nan,nan,238.00,0.09,2.40,0.90,237.80,318.30
28-Feb-25 4:51:00 PM AEST,nan,60.0,23.8,nan,nan,nan,nan,0.12,nan,1.20,238.20,314.90
28-Feb-25 4:51:05 PM AEST,32.9,nan,nan,nan,nan,nan,nan,nan,nan,nan,nan,nan
28-Feb-25 4:52:00 PM AEST,nan,59.5,24.1,nan,nan,nan,256.20,0.28,7.10,2.70,261.30,311.70
28-Feb-25 4:52:10 PM AEST,33.1,nan,nan,nan,nan,nan,nan,nan,nan,nan,nan,nan
28-Feb-25 4:53:00 PM AEST,nan,58.5,nan,nan,nan,nan,300.80,0.81,14.20,5.40,302.10,308.30
28-Feb-25 4:53:15 PM AEST,32.9,nan,nan,nan,nan,nan,nan,nan,nan,nan,nan,nan
28-Feb-25 4:54:00 PM AEST,nan,58.2,23.6,nan,nan,nan,324.80,0.56,8.30,5.30,324.60,305.00
28-Feb-25 4:54:20 PM AEST,32.6,nan,nan,nan,nan,nan,nan,nan,nan,nan,nan,nan
28-Feb-25 4:54:20 PM AEST,32.7,nan,nan,nan,nan,nan,nan,nan,nan,nan,nan,nan
28-Feb-25 4:55:00 PM AEST,nan,59.0,23.3,nan,nan,nan,262.30,0.19,5.90,1.40,252.10,301.70
28-Feb-25 4:56:00 PM AEST,nan,59.2,23.6,nan,nan,nan,266.80,0.55,8.30,3.80,274.90,298.30
28-Feb-25 4:57:00 PM AEST,32.5,57.7,23.7,nan,nan,nan,246.30,0.74,11.80,5.40,255.00,293.30
28-Feb-25 4:58:00 PM AEST,nan,57.8,23.1,nan,nan,nan,205.30,0.54,8.30,5.30,204.30,289.90
28-Feb-25 4:58:05 PM AEST,32.4,nan,nan,nan,nan,nan,nan,nan,nan,nan,nan,nan
28-Feb-25 4:59:00 PM AEST,nan,58.3,23.0,nan,nan,nan,258.80,0.41,7.10,3.30,263.40,286.70
28-Feb-25 5:00:00 PM AEST,nan,58.5,23.2,nan,nan,nan,291.30,0.54,10.60,5.10,286.40,283.30
28-Feb-25 5:00:11 PM AEST,nan,nan,nan,nan,nan,0.11,nan,nan,nan,nan,nan,nan
28-Feb-25 5:01:00 PM AEST,32.5,59.3,nan,nan,nan,nan,287.20,0.18,3.50,1.80,287.00,279.90
28-Feb-25 5:02:00 PM AEST,nan,59.2,23.5,nan,nan,nan,274.30,0.30,5.90,2.40,256.50,275.80
28-Feb-25 5:02:05 PM AEST,32.6,nan,nan,nan,nan,nan,nan,nan,nan,nan,nan,nan
28-Feb-25 5:03:00 PM AEST,nan,nan,23.6,nan,nan,nan,177.70,0.41,nan,1.80,181.40,273.30
28-Feb-25 5:03:10 PM AEST,32.5,nan,nan,nan,nan,nan,nan,nan,nan,nan,nan,nan
28-Feb-25 5:04:00 PM AEST,nan,59.3,23.5,nan,nan,nan,195.20,0.40,nan,3.40,197.20,270.80
28-Feb-25 5:04:15 PM AEST,32.4,nan,nan,nan,nan,nan,nan,nan,nan,nan,nan,nan
28-Feb-25 5:05:00 PM AEST,nan,59.2,nan,nan,nan,nan,230.90,0.50,8.30,3.70,238.00,266.70
28-Feb-25 5:06:00 PM AEST,32.3,nan,23.4,nan,nan,nan,218.10,0.40,7.10,4.00,217.90,264.10
28-Feb-25 5:07:00 PM AEST,nan,59.5,23.3,nan,nan,nan,243.70,0.27,4.70,2.40,248.60,260.80
28-Feb-25 5:07:05 PM AEST,32.4,nan,nan,nan,nan,nan,nan,nan,nan,nan,nan,nan
28-Feb-25 5:08:00 PM AEST,nan,59.7,23.5,nan,nan,nan,275.80,0.05,2.40,0.50,275.60,256.60
28-Feb-25 5:08:10 PM AEST,32.6,nan,nan,nan,nan,nan,nan,nan,nan,nan,nan,nan
28-Feb-25 5:09:00 PM AEST,nan,nan,23.7,nan,nan,nan,253.10,0.50,7.10,4.60,253.90,254.20
28-Feb-25 5:10:00 PM AEST,nan,nan,nan,nan,nan,nan,264.00,0.21,3.50,2.10,263.30,250.00
28-Feb-25 5:11:00 PM AEST,32.5,59.5,nan,nan,nan,nan,228.20,0.60,10.60,5.00,229.40,246.60
28-Feb-25 5:12:00 PM AEST,nan,59.8,23.6,nan,nan,nan,153.60,0.37,7.10,3.40,152.70,245.00
28-Feb-25 5:12:05 PM AEST,32.4,nan,nan,nan,nan,nan,nan,nan,nan,nan,nan,nan
28-Feb-25 5:13:00 PM AEST,nan,60.2,nan,nan,nan,nan,157.10,0.14,3.50,1.40,157.10,240.80
28-Feb-25 5:14:00 PM AEST,32.3,59.7,23.7,nan,nan,nan,173.90,0.65,13.00,5.10,171.70,236.70
28-Feb-25 5:15:00 PM AEST,nan,60.3,23.4,nan,nan,nan,189.00,0.21,4.70,2.10,188.90,233.30
28-Feb-25 5:15:05 PM AEST,32.2,nan,nan,nan,nan,nan,nan,nan,nan,nan,nan,nan
28-Feb-25 5:16:00 PM AEST,nan,61.2,23.5,nan,nan,nan,242.80,0.14,3.50,1.40,248.80,229.10
28-Feb-25 5:16:10 PM AEST,32.4,nan,nan,nan,nan,nan,nan,nan,nan,nan,nan,nan
28-Feb-25 5:17:00 PM AEST,nan,61.0,23.9,nan,nan,nan,250.00,0.03,1.20,0.30,250.90,226.70
28-Feb-25 5:17:15 PM AEST,32.6,nan,nan,nan,nan,nan,nan,nan,nan,nan,nan,nan
28-Feb-25 5:18:00 PM AEST,nan,60.5,24.1,nan,nan,nan,250.70,0.10,3.50,1.00,251.20,222.50
28-Feb-25 5:18:20 PM AEST,32.8,nan,nan,nan,nan,nan,nan,nan,nan,nan,nan,nan
28-Feb-25 5:19:00 PM AEST,nan,nan,nan,nan,nan,nan,226.20,0.19,7.10,1.70,195.60,219.20
28-Feb-25 5:19:25 PM AEST,32.9,nan,nan,nan,nan,nan,nan,nan,nan,nan,nan,nan
28-Feb-25 5:20:00 PM AEST,nan,nan,24.2,nan,nan,nan,232.70,0.37,5.90,1.90,231.30,215.80
28-Feb-25 5:20:30 PM AEST,32.7,nan,nan,nan,nan,nan,nan,nan,nan,nan,nan,nan
28-Feb-25 5:21:00 PM AEST,nan,60.3,24.0,nan,nan,nan,136.90,0.56,8.30,1.20,155.80,210.80
28-Feb-25 5:21:35 PM AEST,32.6,nan,nan,nan,nan,nan,nan,nan,nan,nan,nan,nan
28-Feb-25 5:21:35 PM AEST,32.3,nan,nan,nan,nan,nan,nan,nan,nan,nan,nan,nan
28-Feb-25 5:22:00 PM AEST,nan,60.2,23.9,nan,nan,nan,281.00,0.69,10.60,6.00,282.90,207.50
28-Feb-25 5:22:40 PM AEST,32.2,nan,nan,nan,nan,nan,nan,nan,nan,nan,nan,nan
28-Feb-25 5:23:00 PM AEST,nan,60.8,23.6,nan,nan,nan,21.40,0.34,5.90,2.80,17.90,203.30
28-Feb-25 5:23:45 PM AEST,32.3,nan,nan,nan,nan,nan,nan,nan,nan,nan,nan,nan
28-Feb-25 5:24:00 PM AEST,nan,61.3,23.7,nan,nan,nan,301.60,0.38,7.10,3.70,301.60,198.30
28-Feb-25 5:25:00 PM AEST,nan,61.5,23.9,nan,nan,nan,291.90,0.13,2.40,1.20,291.30,195.00
28-Feb-25 5:26:00 PM AEST,32.5,61.7,24.0,nan,nan,nan,228.80,0.29,7.10,2.80,212.00,190.80
28-Feb-25 5:27:00 PM AEST,nan,62.0,24.2,nan,nan,nan,222.00,0.35,4.70,3.50,220.80,187.50
28-Feb-25 5:27:05 PM AEST,32.4,nan,nan,nan,nan,nan,nan,nan,nan,nan,nan,nan
28-Feb-25 5:28:00 PM AEST,nan,61.8,24.1,nan,nan,nan,260.50,nan,5.90,1.60,272.20,185.00
28-Feb-25 5:29:00 PM AEST,32.3,61.7,nan,nan,nan,nan,244.00,0.53,8.30,3.10,262.20,181.60
28-Feb-25 5:30:00 PM AEST,nan,61.3,24.0,nan,nan,nan,221.30,0.46,7.10,4.40,220.30,177.50
28-Feb-25 5:30:05 PM AEST,32.1,nan,nan,nan,nan,nan,nan,nan,nan,nan,nan,nan
28-Feb-25 5:31:00 PM AEST,nan,62.0,23.7,nan,nan,nan,266.70,0.50,8.30,nan,273.60,174.10
28-Feb-25 5:31:10 PM AEST,32.0,nan,nan,nan,nan,nan,nan,nan,nan,nan,nan,nan
28-Feb-25 5:32:00 PM AEST,nan,nan,23.8,nan,nan,nan,186.40,0.47,7.10,4.60,183.70,169.20
28-Feb-25 5:33:00 PM AEST,31.9,62.3,nan,nan,nan,nan,203.60,0.56,8.30,5.50,202.10,165.80
28-Feb-25 5:34:00 PM AEST,nan,62.7,nan,nan,nan,nan,223.20,0.44,7.10,3.60,225.80,161.60
28-Feb-25 5:35:00 PM AEST,31.8,63.2,nan,nan,nan,nan,276.20,0.59,11.80,3.80,284.60,150.80
28-Feb-25 5:36:00 PM AEST,nan,63.5,23.9,nan,nan,nan,205.30,0.70,10.60,6.30,199.50,88.30
28-Feb-25 5:36:05 PM AEST,31.5,nan,nan,nan,nan,nan,nan,nan,nan,nan,nan,nan
28-Feb-25 5:37:00 PM AEST,nan,63.8,23.8,nan,nan,nan,209.30,0.34,8.30,3.30,204.40,29.20
28-Feb-25 5:38:00 PM AEST,nan,64.0,nan,nan,nan,nan,201.70,0.24,3.50,1.90,201.50,21.70
28-Feb-25 5:39:00 PM AEST,nan,nan,nan,nan,nan,nan,249.40,0.27,8.30,2.00,266.00,21.60
28-Feb-25 5:40:00 PM AEST,31.3,nan,nan,nan,nan,nan,218.80,0.50,7.10,3.50,214.70,20.00
28-Feb-25 5:41:00 PM AEST,nan,64.3,23.6,nan,nan,nan,222.90,0.27,nan,2.70,222.50,nan
28-Feb-25 5:41:05 PM AEST,31.1,nan,nan,nan,nan,nan,nan,nan,nan,nan,nan,nan
28-Feb-25 5:42:00 PM AEST,nan,64.5,nan,nan,nan,nan,223.20,0.02,1.20,0.20,223.40,19.20
28-Feb-25 5:43:00 PM AEST,31.0,64.3,nan,nan,nan,nan,223.10,0.22,3.50,2.20,223.00,18.30
28-Feb-25 5:44:00 PM AEST,nan,nan,23.5,nan,nan,nan,222.80,0.23,nan,2.30,222.80,nan
28-Feb-25 5:44:05 PM AEST,30.9,nan,nan,nan,nan,nan,nan,nan,nan,nan,nan,nan
28-Feb-25 5:45:00 PM AEST,nan,nan,23.4,nan,nan,nan,nan,0.06,2.40,0.60,222.50,nan
28-Feb-25 5:45:10 PM AEST,30.8,nan,nan,nan,nan,nan,nan,nan,nan,nan,nan,nan
28-Feb-25 5:46:00 PM AEST,nan,64.2,23.3,nan,nan,nan,279.80,0.40,7.10,2.70,303.40,17.50
28-Feb-25 5:46:15 PM AEST,30.7,nan,nan,nan,nan,nan,nan,nan,nan,nan,nan,nan
28-Feb-25 5:47:00 PM AEST,nan,63.8,23.2,nan,nan,nan,311.10,0.43,nan,3.50,300.10,16.70
28-Feb-25 5:47:20 PM AEST,30.5,nan,nan,nan,nan,nan,nan,nan,nan,nan,nan,nan
28-Feb-25 5:48:00 PM AEST,nan,nan,22.9,nan,nan,nan,282.60,0.76,15.40,7.00,288.30,nan
28-Feb-25 5:48:25 PM AEST,30.4,nan,nan,nan,nan,nan,nan,nan,nan,nan,nan,nan
28-Feb-25 5:49:00 PM AEST,nan,64.2,22.8,nan,nan,nan,291.00,0.81,13.00,6.00,299.10,16.60
28-Feb-25 5:49:30 PM AEST,30.1,nan,nan,nan,nan,nan,nan,nan,nan,nan,nan,nan
28-Feb-25 5:50:00 PM AEST,nan,64.7,22.6,nan,nan,nan,192.00,0.37,7.10,3.50,188.80,15.80
28-Feb-25 5:51:00 PM AEST,nan,65.2,22.7,nan,nan,nan,209.30,0.34,nan,3.40,209.20,nan
28-Feb-25 5:52:00 PM AEST,30.0,65.5,22.8,nan,nan,nan,218.50,0.18,3.50,1.50,227.10,15.00
28-Feb-25 5:53:00 PM AEST,nan,65.7,nan,nan,nan,nan,270.60,0.43,9.50,3.20,249.30,15.80
28-Feb-25 5:53:05 PM AEST,29.9,nan,nan,nan,nan,nan,nan,nan,nan,nan,nan,nan
28-Feb-25 5:54:00 PM AEST,nan,66.0,nan,nan,nan,nan,nan,0.28,5.90,2.80,268.40,15.00
28-Feb-25 5:54:10 PM AEST,29.8,nan,nan,nan,nan,nan,nan,nan,nan,nan,nan,nan
28-Feb-25 5:55:00 PM AEST,nan,66.2,22.7,nan,nan,nan,220.50,0.15,2.40,1.10,192.70,15.80
28-Feb-25 5:56:00 PM AEST,29.7,66.3,22.8,nan,nan,nan,227.50,0.21,4.70,1.70,235.70,nan
28-Feb-25 5:57:00 PM AEST,nan,66.2,nan,nan,nan,nan,256.10,0.15,3.50,1.50,258.30,15.00
28-Feb-25 5:58:00 PM AEST,nan,nan,22.7,nan,nan,nan,238.80,0.12,4.70,1.20,216.80,nan
28-Feb-25 5:59:00 PM AEST,29.6,nan,nan,nan,nan,nan,336.60,0.61,10.60,4.80,344.90,14.20
28-Feb-25 6:00:12 PM AEST,nan,nan,nan,nan,nan,0.01,nan,nan,nan,nan,nan,nan
28-Feb-25 6:01:00 PM AEST,29.4,66.3,22.6,nan,nan,nan,262.70,0.43,8.30,3.80,263.20,14.10
28-Feb-25 6:01:00 PM AEST,29.3,66.3,22.5,nan,nan,nan,180.90,0.33,5.90,3.30,179.50,14.10
28-Feb-25 6:02:00 PM AEST,nan,66.8,22.4,nan,nan,nan,184.20,0.05,2.40,0.50,183.90,13.30
28-Feb-25 6:03:00 PM AEST,nan,nan,22.5,nan,nan,nan,128.30,0.23,5.90,2.20,121.10,nan
28-Feb-25 6:04:00 PM AEST,nan,67.0,nan,nan,nan,nan,123.00,0.07,3.50,0.60,120.20,12.50
28-Feb-25 6:05:00 PM AEST,nan,66.7,nan,nan,nan,nan,118.70,0.11,2.40,1.10,118.50,nan
28-Feb-25 6:06:00 PM AEST,29.2,66.8,22.4,nan,nan,nan,nan,0.04,1.20,0.40,118.40,11.60
28-Feb-25 6:07:00 PM AEST,nan,nan,nan,nan,nan,nan,205.10,0.12,3.50,1.10,226.70,12.50
28-Feb-25 6:08:00 PM AEST,nan,67.0,nan,nan,nan,nan,226.60,0.04,nan,0.40,177.90,11.60
28-Feb-25 6:09:00 PM AEST,29.1,nan,nan,nan,nan,nan,196.70,0.30,5.90,2.90,194.50,12.50
28-Feb-25 6:10:00 PM AEST,nan,67.5,22.3,nan,nan,nan,202.50,0.03,2.40,0.30,201.90,11.70
28-Feb-25 6:11:00 PM AEST,29.0,67.8,22.5,nan,nan,nan,201.90,0.05,nan,0.50,201.60,11.60
28-Feb-25 6:12:00 PM AEST,nan,68.0,22.4,nan,nan,nan,202.00,0.00,0.00,0.00,0.00,10.80
28-Feb-25 6:12:05 PM AEST,28.9,nan,nan,nan,nan,nan,nan,nan,nan,nan,nan,nan
28-Feb-25 6:13:00 PM AEST,nan,nan,nan,nan,nan,nan,nan,nan,nan,nan,nan,11.60
28-Feb-25 6:13:10 PM AEST,29.1,nan,nan,nan,nan,nan,nan,nan,nan,nan,nan,nan
28-Feb-25 6:14:00 PM AEST,nan,68.3,22.5,nan,nan,nan,186.70,0.20,3.50,1.80,173.60,10.80
28-Feb-25 6:14:15 PM AEST,28.9,nan,nan,nan,nan,nan,nan,nan,nan,nan,nan,nan
28-Feb-25 6:15:00 PM AEST,nan,69.2,22.4,nan,nan,nan,128.90,0.43,7.10,3.50,120.50,10.00
28-Feb-25 6:15:20 PM AEST,28.6,nan,nan,nan,nan,nan,nan,nan,nan,nan,nan,nan
28-Feb-25 6:16:00 PM AEST,nan,69.3,nan,nan,nan,nan,70.40,0.49,nan,4.80,70.40,10.80
28-Feb-25 6:16:25 PM AEST,28.4,nan,nan,nan,nan,nan,nan,nan,nan,nan,nan,nan
28-Feb-25 6:17:00 PM AEST,nan,69.7,22.3,nan,nan,nan,nan,0.32,4.70,3.20,70.50,10.00
28-Feb-25 6:17:30 PM AEST,28.3,nan,nan,nan,nan,nan,nan,nan,nan,nan,nan,nan
28-Feb-25 6:18:00 PM AEST,nan,70.3,nan,nan,nan,nan,70.30,0.27,3.50,2.70,70.30,nan
28-Feb-25 6:18:35 PM AEST,28.2,nan,nan,nan,nan,nan,nan,nan,nan,nan,nan,nan
28-Feb-25 6:19:00 PM AEST,nan,70.5,22.4,nan,nan,nan,nan,nan,4.70,nan,70.40,9.20
28-Feb-25 6:19:40 PM AEST,28.1,nan,nan,nan,nan,nan,nan,nan,nan,nan,nan,nan
28-Feb-25 6:20:00 PM AEST,nan,70.7,nan,nan,nan,nan,64.90,0.35,nan,3.50,63.60,10.00
28-Feb-25 6:21:00 PM AEST,nan,70.8,22.3,nan,nan,nan,59.60,0.38,5.90,3.80,59.60,9.20
28-Feb-25 6:22:00 PM AEST,28.0,71.0,nan,nan,nan,nan,58.90,0.42,nan,4.20,58.90,8.30
28-Feb-25 6:23:00 PM AEST,nan,71.2,22.2,nan,nan,nan,59.20,0.46,7.10,4.50,59.20,9.10
28-Feb-25 6:23:05 PM AEST,27.9,nan,nan,nan,nan,nan,nan,nan,nan,nan,nan,nan
28-Feb-25 6:24:00 PM AEST,nan,nan,nan,nan,nan,nan,90.40,0.77,10.60,7.60,91.10,8.30
28-Feb-25 6:24:10 PM AEST,27.8,nan,nan,nan,nan,nan,nan,nan,nan,nan,nan,nan
28-Feb-25 6:25:00 PM AEST,nan,71.0,22.1,nan,nan,nan,101.20,0.44,7.10,4.40,100.50,nan
28-Feb-25 6:26:00 PM AEST,nan,71.2,22.0,nan,nan,nan,102.20,0.21,3.50,2.10,102.00,7.50
28-Feb-25 6:27:00 PM AEST,nan,71.7,22.1,nan,nan,nan,101.30,0.34,4.70,3.40,101.30,8.30
28-Feb-25 6:28:00 PM AEST,27.7,nan,22.2,nan,nan,nan,nan,0.16,2.40,1.60,nan,6.60
28-Feb-25 6:29:00 PM AEST,nan,nan,22.1,nan,nan,nan,101.20,0.17,nan,1.70,101.20,6.70
28-Feb-25 6:30:00 PM AEST,nan,71.8,nan,nan,nan,nan,101.30,0.28,4.70,2.80,101.30,7.50
28-Feb-25 6:31:00 PM AEST,27.6,72.2,nan,nan,nan,nan,100.40,0.38,5.90,3.80,100.30,5.80
28-Feb-25 6:32:00 PM AEST,nan,72.5,nan,nan,nan,nan,nan,0.20,3.50,2.00,100.40,6.60
28-Feb-25 6:32:05 PM AEST,27.5,nan,nan,nan,nan,nan,nan,nan,nan,nan,nan,nan
28-Feb-25 6:33:00 PM AEST,nan,72.8,nan,nan,nan,nan,100.60,0.24,nan,2.40,100.60,5.00
28-Feb-25 6:34:00 PM AEST,nan,73.3,22.2,nan,nan,nan,100.50,0.08,2.40,0.80,100.40,5.80
28-Feb-25 6:35:00 PM AEST,27.4,73.7,22.3,nan,nan,nan,100.60,0.09,nan,0.90,100.60,5.00
28-Feb-25 6:36:00 PM AEST,nan,74.0,nan,nan,nan,nan,nan,nan,nan,nan,100.40,4.20
28-Feb-25 6:37:00 PM AEST,27.3,74.3,nan,nan,nan,nan,nan,0.04,1.20,0.40,100.90,5.00
28-Feb-25 6:38:00 PM AEST,nan,74.7,nan,nan,nan,nan,nan,0.00,0.00,0.00,0.00,3.30
28-Feb-25 6:38:05 PM AEST,27.2,nan,nan,nan,nan,nan,nan,nan,nan,nan,nan,nan
28-Feb-25 6:39:00 PM AEST,nan,74.5,nan,nan,nan,nan,100.50,nan,nan,nan,nan,nan
28-Feb-25 6:40:00 PM AEST,27.1,74.3,22.2,nan,nan,nan,100.40,0.01,1.20,0.10,97.10,nan
28-Feb-25 6:41:00 PM AEST,nan,nan,22.1,nan,nan,nan,100.50,0.04,nan,0.40,100.40,2.50
28-Feb-25 6:42:00 PM AEST,27.0,74.7,nan,nan,nan,nan,100.60,0.00,0.00,0.00,0.00,1.60
28-Feb-25 6:43:00 PM AEST,nan,nan,nan,nan,nan,nan,100.50,0.04,2.40,0.40,100.40,2.50
28-Feb-25 6:44:00 PM AEST,26.9,75.0,nan,nan,nan,nan,nan,0.22,3.50,2.20,100.60,1.60
28-Feb-25 6:45:00 PM AEST,nan,nan,nan,nan,nan,nan,nan,0.25,nan,2.50,100.50,1.70
28-Feb-25 6:45:05 PM AEST,26.8,nan,nan,nan,nan,nan,nan,nan,nan,nan,nan,nan
28-Feb-25 6:46:00 PM AEST,nan,75.2,22.0,nan,nan,nan,nan,0.13,2.40,1.30,nan,0.80
28-Feb-25 6:47:00 PM AEST,nan,75.3,nan,nan,nan,nan,nan,0.02,1.20,0.20,100.40,nan
28-Feb-25 6:48:00 PM AEST,nan,75.5,22.1,nan,nan,nan,100.60,0.00,0.00,0.00,0.00,nan
28-Feb-25 6:49:00 PM AEST,26.7,75.8,nan,nan,nan,nan,100.40,nan,nan,nan,nan,nan
28-Feb-25 6:50:00 PM AEST,nan,76.3,nan,nan,nan,nan,100.50,nan,nan,nan,nan,0.00
28-Feb-25 6:51:00 PM AEST,26.6,76.5,22.2,nan,nan,nan,nan,0.02,1.20,0.20,100.40,nan
28-Feb-25 6:52:00 PM AEST,nan,76.8,22.1,nan,nan,nan,nan,0.15,2.40,1.50,nan,nan
28-Feb-25 6:52:05 PM AEST,26.5,nan,nan,nan,nan,nan,nan,nan,nan,nan,nan,nan
28-Feb-25 6:53:00 PM AEST,nan,77.2,nan,nan,nan,nan,nan,0.12,nan,1.20,nan,nan
28-Feb-25 6:54:00 PM AEST,26.4,77.7,nan,nan,nan,nan,nan,0.01,1.20,0.10,97.10,nan
28-Feb-25 6:55:00 PM AEST,nan,nan,22.2,nan,nan,nan,100.40,0.00,0.00,0.00,0.00,nan
28-Feb-25 6:56:00 PM AEST,nan,77.8,22.1,nan,nan,nan,nan,nan,nan,nan,nan,nan
28-Feb-25 6:57:00 PM AEST,26.3,78.3,22.2,nan,nan,nan,100.50,nan,nan,nan,nan,nan
28-Feb-25 6:58:00 PM AEST,nan,nan,nan,nan,nan,nan,nan,0.18,3.50,1.80,100.50,nan
28-Feb-25 6:58:05 PM AEST,26.2,nan,nan,nan,nan,nan,nan,nan,nan,nan,nan,nan
28-Feb-25 6:59:00 PM AEST,nan,78.5,22.1,nan,nan,nan,nan,0.19,nan,1.90,nan,nan
28-Feb-25 7:00:13 PM AEST,nan,nan,nan,nan,nan,65.53,nan,nan,nan,nan,nan,nan
28-Feb-25 7:01:00 PM AEST,26.1,nan,nan,nan,nan,nan,nan,0.23,2.40,2.30,nan,nan
28-Feb-25 7:01:00 PM AEST,26.1,nan,nan,nan,nan,nan,nan,0.15,2.40,1.50,nan,nan
28-Feb-25 7:02:00 PM AEST,nan,78.8,22.0,nan,nan,nan,100.40,0.07,1.20,0.60,100.40,nan
28-Feb-25 7:02:05 PM AEST,26.0,nan,nan,nan,nan,nan,nan,nan,nan,nan,nan,nan
28-Feb-25 7:03:00 PM AEST,nan,nan,nan,nan,nan,nan,nan,0.12,2.40,1.20,nan,nan
28-Feb-25 7:04:00 PM AEST,25.9,79.0,nan,nan,nan,nan,nan,0.18,nan,1.80,nan,nan
28-Feb-25 7:05:00 PM AEST,nan,79.3,nan,nan,nan,nan,nan,0.07,1.20,0.60,nan,nan
28-Feb-25 7:05:05 PM AEST,25.8,nan,nan,nan,nan,nan,nan,nan,nan,nan,nan,nan
28-Feb-25 7:06:00 PM AEST,nan,79.5,21.9,nan,nan,nan,nan,0.00,0.00,0.00,0.00,nan
28-Feb-25 7:07:00 PM AEST,25.9,nan,22.0,nan,nan,nan,nan,nan,nan,nan,nan,nan
28-Feb-25 7:08:05 PM AEST,25.8,nan,nan,nan,nan,nan,nan,nan,nan,nan,nan,nan
28-Feb-25 7:09:00 PM AEST,nan,79.7,nan,nan,nan,nan,nan,nan,nan,nan,nan,nan
28-Feb-25 7:10:00 PM AEST,25.7,79.8,nan,nan,nan,nan,nan,nan,nan,nan,nan,nan
28-Feb-25 7:11:00 PM AEST,nan,80.0,nan,nan,nan,nan,nan,0.01,1.20,0.10,98.90,0.80
28-Feb-25 7:12:00 PM AEST,25.6,80.2,21.9,nan,nan,nan,nan,0.00,0.00,0.00,0.00,0.00
28-Feb-25 7:14:00 PM AEST,25.5,80.3,22.0,nan,nan,nan,nan,0.01,1.20,0.10,97.10,nan
28-Feb-25 7:15:00 PM AEST,nan,80.7,21.9,nan,nan,nan,nan,0.14,2.40,1.40,100.40,nan
28-Feb-25 7:16:00 PM AEST,25.4,80.8,nan,nan,nan,nan,nan,0.12,nan,1.20,nan,nan
28-Feb-25 7:17:00 PM AEST,nan,81.2,nan,nan,nan,nan,nan,0.04,1.20,0.40,nan,nan
28-Feb-25 7:18:00 PM AEST,25.3,nan,nan,nan,nan,nan,nan,0.16,2.40,1.60,nan,nan
28-Feb-25 7:19:00 PM AEST,nan,81.5,21.8,nan,nan,nan,nan,0.08,nan,0.80,nan,nan
28-Feb-25 7:20:00 PM AEST,25.2,81.8,21.9,nan,nan,nan,nan,0.02,1.20,0.20,99.60,nan
28-Feb-25 7:21:00 PM AEST,nan,82.0,nan,nan,nan,nan,nan,0.08,nan,0.80,100.40,nan
28-Feb-25 7:22:00 PM AEST,25.1,82.5,nan,nan,nan,nan,100.30,0.02,nan,0.20,nan,nan
28-Feb-25 7:23:00 PM AEST,nan,nan,nan,nan,nan,nan,100.40,0.04,nan,0.40,nan,nan
28-Feb-25 7:24:00 PM AEST,nan,82.8,nan,nan,nan,nan,100.30,0.00,0.00,0.00,0.00,nan
28-Feb-25 7:25:00 PM AEST,nan,nan,22.0,nan,nan,nan,nan,nan,nan,nan,nan,nan
28-Feb-25 7:26:00 PM AEST,25.0,83.0,21.9,nan,nan,nan,nan,0.01,1.20,0.10,97.10,nan
28-Feb-25 7:27:00 PM AEST,nan,82.8,nan,nan,nan,nan,nan,0.00,0.00,0.00,0.00,nan
28-Feb-25 7:28:00 PM AEST,nan,83.0,21.8,nan,nan,nan,nan,nan,nan,nan,nan,nan
28-Feb-25 7:29:00 PM AEST,24.9,nan,21.9,nan,nan,nan,nan,nan,nan,nan,nan,nan
28-Feb-25 7:30:00 PM AEST,nan,83.2,21.8,nan,nan,nan,100.40,nan,nan,nan,nan,nan
28-Feb-25 7:30:05 PM AEST,25.0,nan,nan,nan,nan,nan,nan,nan,nan,nan,nan,nan
28-Feb-25 7:31:00 PM AEST,nan,nan,21.9,nan,nan,nan,nan,nan,nan,nan,nan,nan
28-Feb-25 7:31:10 PM AEST,24.9,nan,nan,nan,nan,nan,nan,nan,nan,nan,nan,nan
28-Feb-25 7:32:00 PM AEST,nan,83.3,nan,nan,nan,nan,100.30,nan,nan,nan,nan,nan
28-Feb-25 7:33:00 PM AEST,nan,83.5,21.8,nan,nan,nan,nan,nan,nan,nan,nan,nan
28-Feb-25 7:34:00 PM AEST,24.7,83.7,21.9,nan,nan,nan,100.40,nan,nan,nan,nan,nan
28-Feb-25 7:35:00 PM AEST,nan,83.5,21.7,nan,nan,nan,nan,nan,nan,nan,nan,nan
28-Feb-25 7:36:00 PM AEST,nan,nan,nan,nan,nan,nan,100.30,nan,nan,nan,nan,nan
28-Feb-25 7:37:00 PM AEST,nan,83.7,nan,nan,nan,nan,100.40,nan,nan,nan,nan,nan
28-Feb-25 7:38:00 PM AEST,nan,83.8,nan,nan,nan,nan,100.30,nan,nan,nan,nan,nan
28-Feb-25 7:39:00 PM AEST,nan,nan,21.8,nan,nan,nan,nan,nan,nan,nan,nan,nan
28-Feb-25 7:40:00 PM AEST,24.6,84.0,21.7,nan,nan,nan,100.20,nan,nan,nan,nan,nan
28-Feb-25 7:41:00 PM AEST,nan,84.2,nan,nan,nan,nan,100.30,nan,nan,nan,nan,nan
28-Feb-25 7:42:00 PM AEST,24.5,84.3,nan,nan,nan,nan,nan,nan,nan,nan,nan,nan
28-Feb-25 7:43:05 PM AEST,24.6,nan,nan,nan,nan,nan,nan,nan,nan,nan,nan,nan
28-Feb-25 7:44:00 PM AEST,nan,nan,nan,nan,nan,nan,100.20,nan,nan,nan,nan,nan
28-Feb-25 7:44:10 PM AEST,24.5,nan,nan,nan,nan,nan,nan,nan,nan,nan,nan,nan
28-Feb-25 7:45:00 PM AEST,nan,nan,nan,nan,nan,nan,100.30,nan,nan,nan,nan,nan
28-Feb-25 7:46:00 PM AEST,nan,84.5,nan,nan,nan,nan,100.40,nan,nan,nan,nan,nan
28-Feb-25 7:47:00 PM AEST,24.4,nan,nan,nan,nan,nan,100.30,nan,nan,nan,nan,nan
28-Feb-25 7:48:00 PM AEST,nan,nan,21.6,nan,nan,nan,nan,nan,nan,nan,nan,0.80
28-Feb-25 7:49:00 PM AEST,nan,nan,nan,nan,nan,nan,100.20,nan,nan,nan,nan,0.00
28-Feb-25 7:50:00 PM AEST,nan,84.7,nan,nan,nan,nan,100.30,nan,nan,nan,nan,nan
28-Feb-25 7:51:00 PM AEST,nan,84.5,nan,nan,nan,nan,100.40,nan,nan,nan,nan,nan
28-Feb-25 7:52:00 PM AEST,nan,84.7,nan,nan,nan,nan,100.20,nan,nan,nan,nan,nan
28-Feb-25 7:53:00 PM AEST,nan,nan,nan,nan,nan,nan,100.30,nan,nan,nan,nan,nan
28-Feb-25 7:54:00 PM AEST,24.3,84.8,nan,nan,nan,nan,nan,nan,nan,nan,nan,nan
28-Feb-25 7:55:00 PM AEST,nan,85.0,nan,nan,nan,nan,100.20,nan,nan,nan,nan,nan
28-Feb-25 7:56:00 PM AEST,nan,84.8,nan,nan,nan,nan,100.30,nan,nan,nan,nan,nan
28-Feb-25 7:57:00 PM AEST,nan,85.0,nan,nan,nan,nan,100.40,nan,nan,nan,nan,nan
28-Feb-25 7:58:00 PM AEST,nan,85.2,nan,nan,nan,nan,100.30,nan,nan,nan,nan,nan
28-Feb-25 7:59:00 PM AEST,24.2,85.0,nan,nan,nan,nan,nan,nan,nan,nan,nan,nan
28-Feb-25 8:00:00 PM AEST,nan,85.2,21.5,nan,nan,nan,nan,0.08,2.40,0.80,100.40,nan
28-Feb-25 8:00:14 PM AEST,nan,nan,nan,nan,nan,65.53,nan,nan,nan,nan,nan,nan
28-Feb-25 8:01:00 PM AEST,nan,85.3,nan,nan,nan,nan,nan,0.12,nan,1.20,nan,nan
28-Feb-25 8:02:00 PM AEST,nan,nan,nan,nan,nan,nan,99.10,0.24,4.70,2.40,98.40,nan
28-Feb-25 8:03:00 PM AEST,nan,nan,nan,nan,nan,nan,79.10,0.27,nan,2.70,79.40,nan
28-Feb-25 8:04:00 PM AEST,24.3,nan,21.6,nan,nan,nan,79.00,0.07,2.40,0.70,79.30,nan
28-Feb-25 8:05:00 PM AEST,nan,85.2,nan,nan,nan,nan,nan,0.01,1.20,0.10,79.40,nan
28-Feb-25 8:06:00 PM AEST,nan,nan,nan,nan,nan,nan,78.90,0.30,4.70,3.00,79.00,nan
28-Feb-25 8:07:00 PM AEST,24.4,85.3,nan,nan,nan,nan,nan,0.19,2.40,1.90,nan,nan
28-Feb-25 8:08:00 PM AEST,nan,85.2,21.7,nan,nan,nan,79.00,0.23,3.50,2.30,79.10,nan
28-Feb-25 8:09:00 PM AEST,nan,nan,nan,nan,nan,nan,78.90,0.27,nan,2.70,79.00,nan
28-Feb-25 8:10:00 PM AEST,nan,85.3,nan,nan,nan,nan,79.00,nan,nan,nan,nan,nan
28-Feb-25 8:11:00 PM AEST,nan,nan,nan,nan,nan,nan,78.90,0.23,nan,2.30,78.90,nan
28-Feb-25 8:12:00 PM AEST,nan,nan,nan,nan,nan,nan,79.00,0.21,nan,2.10,79.00,nan
28-Feb-25 8:13:00 PM AEST,nan,85.2,21.8,nan,nan,nan,nan,0.05,1.20,0.50,79.10,nan
28-Feb-25 8:14:00 PM AEST,nan,nan,nan,nan,nan,nan,78.90,0.09,2.40,0.90,nan,nan
28-Feb-25 8:15:00 PM AEST,24.5,85.0,nan,nan,nan,nan,nan,0.02,1.20,0.20,78.70,nan
28-Feb-25 8:16:00 PM AEST,nan,85.2,nan,nan,nan,nan,79.00,nan,nan,nan,79.60,nan
28-Feb-25 8:16:05 PM AEST,24.4,nan,nan,nan,nan,nan,nan,nan,nan,nan,nan,nan
28-Feb-25 8:17:00 PM AEST,nan,85.0,nan,nan,nan,nan,78.90,0.08,2.40,0.80,79.10,nan
28-Feb-25 8:18:00 PM AEST,24.5,nan,21.7,nan,nan,nan,79.00,0.02,1.20,0.20,79.50,nan
28-Feb-25 8:19:00 PM AEST,nan,nan,21.8,nan,nan,nan,78.90,0.04,nan,0.40,79.10,nan
28-Feb-25 8:19:05 PM AEST,24.4,nan,nan,nan,nan,nan,nan,nan,nan,nan,nan,nan
28-Feb-25 8:20:00 PM AEST,nan,nan,21.7,nan,nan,nan,79.00,0.10,2.40,1.00,79.20,nan
28-Feb-25 8:21:00 PM AEST,nan,84.8,nan,nan,nan,nan,78.90,0.01,1.20,0.10,79.40,nan
28-Feb-25 8:22:00 PM AEST,24.5,nan,nan,nan,nan,nan,79.00,0.00,0.00,0.00,0.00,nan
28-Feb-25 8:23:00 PM AEST,nan,85.0,nan,nan,nan,nan,nan,0.11,2.40,1.10,79.20,nan
28-Feb-25 8:23:05 PM AEST,24.4,nan,nan,nan,nan,nan,nan,nan,nan,nan,nan,nan
28-Feb-25 8:24:00 PM AEST,nan,nan,nan,nan,nan,nan,78.90,0.16,nan,1.60,79.00,nan
28-Feb-25 8:25:00 PM AEST,nan,85.2,nan,nan,nan,nan,79.00,0.20,3.50,2.00,nan,0.80
28-Feb-25 8:26:00 PM AEST,24.5,85.0,21.8,nan,nan,nan,78.90,0.12,nan,1.20,79.10,0.00
28-Feb-25 8:27:00 PM AEST,nan,85.2,nan,nan,nan,nan,79.00,0.11,2.40,1.10,79.00,nan
28-Feb-25 8:27:05 PM AEST,24.4,nan,nan,nan,nan,nan,nan,nan,nan,nan,nan,nan
28-Feb-25 8:28:00 PM AEST,nan,85.0,nan,nan,nan,nan,nan,0.08,nan,0.80,79.40,nan
28-Feb-25 8:28:10 PM AEST,24.3,nan,nan,nan,nan,nan,nan,nan,nan,nan,nan,nan
28-Feb-25 8:29:00 PM AEST,nan,85.2,21.6,nan,nan,nan,78.90,0.28,4.70,2.80,78.90,nan
28-Feb-25 8:29:15 PM AEST,24.4,nan,nan,nan,nan,nan,nan,nan,nan,nan,nan,nan
28-Feb-25 8:30:00 PM AEST,nan,nan,21.8,nan,nan,nan,79.00,0.29,3.50,2.90,79.00,nan
28-Feb-25 8:31:00 PM AEST,nan,nan,nan,nan,nan,nan,78.90,0.10,2.40,1.00,nan,nan
28-Feb-25 8:32:00 PM AEST,24.5,85.3,nan,nan,nan,nan,nan,0.11,nan,1.10,nan,nan
28-Feb-25 8:33:00 PM AEST,nan,85.0,nan,nan,nan,nan,nan,0.14,nan,1.40,nan,nan
28-Feb-25 8:34:00 PM AEST,nan,nan,nan,nan,nan,nan,nan,0.01,1.20,0.10,79.40,nan
28-Feb-25 8:35:00 PM AEST,nan,nan,nan,nan,nan,nan,nan,0.00,0.00,0.00,0.00,nan
28-Feb-25 8:36:00 PM AEST,nan,85.2,nan,nan,nan,nan,nan,nan,nan,nan,nan,nan
28-Feb-25 8:37:00 PM AEST,nan,84.8,nan,nan,nan,nan,nan,nan,nan,nan,nan,nan
28-Feb-25 8:38:00 PM AEST,nan,85.0,nan,nan,nan,nan,nan,nan,nan,nan,nan,nan
28-Feb-25 8:39:00 PM AEST,nan,84.8,nan,nan,nan,nan,nan,nan,nan,nan,nan,nan
28-Feb-25 8:40:00 PM AEST,nan,nan,21.7,nan,nan,nan,nan,nan,nan,nan,nan,nan
28-Feb-25 8:41:00 PM AEST,24.4,85.0,nan,nan,nan,nan,79.00,nan,nan,nan,nan,nan
28-Feb-25 8:42:00 PM AEST,nan,85.2,nan,nan,nan,nan,78.90,nan,nan,nan,nan,nan
28-Feb-25 8:43:00 PM AEST,24.3,85.3,nan,nan,nan,nan,nan,nan,nan,nan,nan,nan
28-Feb-25 8:44:00 PM AEST,nan,85.5,nan,nan,nan,nan,79.00,nan,nan,nan,nan,nan
28-Feb-25 8:45:00 PM AEST,24.2,nan,nan,nan,nan,nan,nan,0.07,2.40,0.60,79.20,nan
28-Feb-25 8:46:00 PM AEST,nan,85.8,21.6,nan,nan,nan,78.90,0.00,0.00,0.00,0.00,nan
28-Feb-25 8:47:00 PM AEST,nan,85.5,nan,nan,nan,nan,79.00,nan,nan,nan,nan,nan
28-Feb-25 8:48:00 PM AEST,24.1,85.8,nan,nan,nan,nan,78.90,nan,nan,nan,nan,nan
28-Feb-25 8:49:00 PM AEST,nan,86.0,nan,nan,nan,nan,79.00,0.01,1.20,0.10,82.90,nan
28-Feb-25 8:50:00 PM AEST,24.0,nan,nan,nan,nan,nan,78.90,0.00,0.00,0.00,0.00,nan
28-Feb-25 8:51:00 PM AEST,nan,86.2,21.5,nan,nan,nan,nan,nan,nan,nan,nan,nan
28-Feb-25 8:52:00 PM AEST,nan,nan,21.6,nan,nan,nan,79.00,nan,nan,nan,nan,nan
28-Feb-25 8:53:00 PM AEST,nan,86.3,21.5,nan,nan,nan,78.90,nan,nan,nan,nan,nan
28-Feb-25 8:54:00 PM AEST,23.9,nan,nan,nan,nan,nan,78.80,0.01,1.20,0.10,79.40,nan
28-Feb-25 8:55:00 PM AEST,nan,86.5,nan,nan,nan,nan,79.00,0.00,0.00,0.00,0.00,nan
28-Feb-25 8:56:00 PM AEST,nan,86.3,nan,nan,nan,nan,78.90,nan,nan,nan,nan,nan
28-Feb-25 8:57:00 PM AEST,nan,86.5,nan,nan,nan,nan,nan,nan,nan,nan,nan,nan
28-Feb-25 8:58:00 PM AEST,23.8,86.7,nan,nan,nan,nan,79.00,nan,nan,nan,nan,nan
28-Feb-25 8:59:00 PM AEST,nan,nan,nan,nan,nan,nan,nan,0.06,1.20,0.60,79.20,nan
28-Feb-25 9:00:15 PM AEST,nan,nan,nan,nan,nan,65.53,nan,nan,nan,nan,nan,nan
28-Feb-25 9:01:00 PM AEST,23.7,86.8,21.4,nan,nan,nan,78.90,0.04,0.00,0.40,79.10,0.80
28-Feb-25 9:01:00 PM AEST,23.7,86.8,21.4,nan,nan,nan,79.00,0.00,0.00,0.00,0.00,0.80
28-Feb-25 9:02:00 PM AEST,nan,87.2,nan,nan,nan,nan,nan,nan,nan,nan,nan,0.00
28-Feb-25 9:03:00 PM AEST,23.6,87.5,nan,nan,nan,nan,nan,0.02,2.40,0.20,79.60,nan
28-Feb-25 9:04:00 PM AEST,nan,nan,nan,nan,nan,nan,nan,0.19,nan,1.90,79.00,nan
28-Feb-25 9:05:00 PM AEST,23.5,nan,nan,nan,nan,nan,78.90,0.07,nan,0.70,nan,nan
28-Feb-25 9:06:00 PM AEST,nan,nan,21.3,nan,nan,nan,nan,0.00,0.00,0.00,0.00,nan
28-Feb-25 9:07:00 PM AEST,nan,87.7,nan,nan,nan,nan,79.00,nan,nan,nan,nan,nan
28-Feb-25 9:08:00 PM AEST,nan,87.8,nan,nan,nan,nan,nan,nan,nan,nan,nan,nan
28-Feb-25 9:09:00 PM AEST,nan,87.7,nan,nan,nan,nan,78.90,nan,nan,nan,nan,nan
28-Feb-25 9:10:00 PM AEST,23.4,88.0,nan,nan,nan,nan,79.00,nan,nan,nan,nan,nan
28-Feb-25 9:11:00 PM AEST,nan,88.2,nan,nan,nan,nan,nan,nan,nan,nan,nan,nan
28-Feb-25 9:12:00 PM AEST,nan,88.3,21.4,nan,nan,nan,nan,0.01,1.20,0.10,81.10,nan
28-Feb-25 9:13:00 PM AEST,23.3,nan,21.3,nan,nan,nan,nan,0.00,0.00,0.00,0.00,nan
28-Feb-25 9:15:00 PM AEST,nan,88.7,nan,nan,nan,nan,78.90,nan,nan,nan,nan,nan
28-Feb-25 9:16:00 PM AEST,nan,nan,nan,nan,nan,nan,79.00,nan,nan,nan,nan,nan
28-Feb-25 9:17:00 PM AEST,nan,88.8,nan,nan,nan,nan,nan,nan,nan,nan,nan,nan
28-Feb-25 9:18:00 PM AEST,23.2,nan,nan,nan,nan,nan,nan,nan,nan,nan,nan,nan
28-Feb-25 9:19:00 PM AEST,nan,89.0,nan,nan,nan,nan,nan,nan,nan,nan,nan,nan
28-Feb-25 9:20:00 PM AEST,nan,89.2,nan,nan,nan,nan,nan,nan,nan,nan,nan,nan
28-Feb-25 9:21:00 PM AEST,nan,89.0,nan,nan,nan,nan,78.90,nan,nan,nan,nan,nan
28-Feb-25 9:22:00 PM AEST,nan,nan,nan,nan,nan,nan,79.00,nan,nan,nan,nan,nan
28-Feb-25 9:23:00 PM AEST,nan,89.2,21.2,nan,nan,nan,nan,nan,nan,nan,nan,nan
28-Feb-25 9:24:00 PM AEST,nan,nan,21.3,nan,nan,nan,78.90,0.01,1.20,0.10,79.40,nan
28-Feb-25 9:25:00 PM AEST,23.1,nan,nan,nan,nan,nan,79.00,0.00,0.00,0.00,0.00,nan
28-Feb-25 9:26:00 PM AEST,nan,89.5,21.2,nan,nan,nan,nan,nan,nan,nan,nan,nan
28-Feb-25 9:27:00 PM AEST,nan,89.7,21.3,nan,nan,nan,nan,nan,nan,nan,nan,nan
28-Feb-25 9:28:00 PM AEST,23.0,nan,nan,nan,nan,nan,nan,nan,nan,nan,nan,nan
28-Feb-25 9:29:00 PM AEST,nan,89.5,21.2,nan,nan,nan,nan,nan,nan,nan,nan,nan
28-Feb-25 9:30:00 PM AEST,nan,nan,nan,nan,nan,nan,78.90,0.01,1.20,0.10,79.40,nan
28-Feb-25 9:31:00 PM AEST,nan,nan,nan,nan,nan,nan,79.00,nan,nan,nan,nan,nan
28-Feb-25 9:32:00 PM AEST,nan,89.7,nan,nan,nan,nan,78.90,0.00,0.00,0.00,0.00,nan
28-Feb-25 9:33:00 PM AEST,nan,nan,nan,nan,nan,nan,79.00,0.01,1.20,0.10,79.40,nan
28-Feb-25 9:34:00 PM AEST,nan,89.8,nan,nan,nan,nan,78.90,0.05,nan,0.50,79.10,nan
28-Feb-25 9:35:00 PM AEST,22.9,90.0,nan,nan,nan,nan,79.00,0.01,nan,0.10,79.40,nan
28-Feb-25 9:36:00 PM AEST,nan,90.2,nan,nan,nan,nan,nan,nan,nan,nan,nan,nan
28-Feb-25 9:37:00 PM AEST,nan,90.3,nan,nan,nan,nan,78.80,0.02,nan,0.20,78.70,0.80
28-Feb-25 9:38:00 PM AEST,nan,nan,21.3,nan,nan,nan,79.00,0.09,2.40,0.90,79.10,0.00
28-Feb-25 9:39:00 PM AEST,nan,90.5,21.2,nan,nan,nan,nan,0.02,1.20,0.20,79.60,nan
28-Feb-25 9:40:00 PM AEST,22.8,90.3,nan,nan,nan,nan,78.90,0.00,0.00,0.00,0.00,nan
28-Feb-25 9:41:00 PM AEST,nan,90.7,nan,nan,nan,nan,79.00,nan,nan,nan,nan,nan
28-Feb-25 9:42:00 PM AEST,nan,90.5,nan,nan,nan,nan,78.90,nan,nan,nan,nan,nan
28-Feb-25 9:43:00 PM AEST,nan,90.7,nan,nan,nan,nan,79.00,nan,nan,nan,nan,nan
28-Feb-25 9:44:00 PM AEST,nan,nan,nan,nan,nan,nan,78.90,nan,nan,nan,nan,nan
28-Feb-25 9:46:00 PM AEST,nan,90.8,nan,nan,nan,nan,79.00,nan,nan,nan,nan,nan
28-Feb-25 9:48:00 PM AEST,22.7,nan,nan,nan,nan,nan,78.90,nan,nan,nan,nan,nan
28-Feb-25 9:49:00 PM AEST,nan,nan,21.1,nan,nan,nan,79.00,nan,nan,nan,nan,nan
28-Feb-25 9:50:00 PM AEST,22.8,nan,21.2,nan,nan,nan,nan,nan,nan,nan,nan,nan
28-Feb-25 9:51:00 PM AEST,nan,90.7,nan,nan,nan,nan,nan,nan,nan,nan,nan,nan
28-Feb-25 9:51:05 PM AEST,22.7,nan,nan,nan,nan,nan,nan,nan,nan,nan,nan,nan
28-Feb-25 9:52:00 PM AEST,nan,90.8,21.1,nan,nan,nan,78.90,nan,nan,nan,nan,nan
28-Feb-25 9:53:00 PM AEST,nan,nan,21.2,nan,nan,nan,79.00,0.01,1.20,0.10,79.40,nan
28-Feb-25 9:54:00 PM AEST,nan,nan,21.1,nan,nan,nan,nan,0.00,0.00,0.00,0.00,nan
28-Feb-25 9:55:00 PM AEST,nan,91.0,21.2,nan,nan,nan,nan,nan,nan,nan,nan,nan
28-Feb-25 9:56:00 PM AEST,nan,90.8,nan,nan,nan,nan,nan,nan,nan,nan,nan,nan
28-Feb-25 9:57:00 PM AEST,22.6,91.0,21.1,nan,nan,nan,78.90,nan,nan,nan,nan,nan
28-Feb-25 9:58:00 PM AEST,nan,90.8,nan,nan,nan,nan,79.00,0.05,2.40,0.50,79.10,nan
28-Feb-25 9:59:00 PM AEST,nan,91.2,nan,nan,nan,nan,nan,0.03,1.20,0.30,79.50,nan
28-Feb-25 10:00:00 PM AEST,nan,91.0,nan,nan,nan,nan,78.90,0.00,0.00,0.00,0.00,nan
28-Feb-25 10:00:16 PM AEST,nan,nan,nan,nan,nan,65.53,nan,nan,nan,nan,nan,nan
28-Feb-25 10:01:00 PM AEST,nan,91.2,21.0,nan,nan,nan,79.00,nan,nan,nan,nan,nan
28-Feb-25 10:02:00 PM AEST,nan,91.3,21.1,nan,nan,nan,78.90,nan,nan,nan,nan,nan
28-Feb-25 10:03:00 PM AEST,nan,91.5,nan,nan,nan,nan,79.00,nan,nan,nan,nan,nan
28-Feb-25 10:06:00 PM AEST,nan,91.7,nan,nan,nan,nan,nan,nan,nan,nan,nan,nan
28-Feb-25 10:07:00 PM AEST,22.5,nan,nan,nan,nan,nan,nan,nan,nan,nan,nan,nan
28-Feb-25 10:08:00 PM AEST,nan,nan,nan,nan,nan,nan,78.90,nan,nan,nan,nan,nan
28-Feb-25 10:09:00 PM AEST,nan,nan,nan,nan,nan,nan,79.00,nan,nan,nan,nan,nan
28-Feb-25 10:10:00 PM AEST,nan,nan,nan,nan,nan,nan,78.90,nan,nan,nan,nan,nan
28-Feb-25 10:11:00 PM AEST,nan,nan,nan,nan,nan,nan,79.00,0.01,1.20,0.10,79.40,nan
28-Feb-25 10:12:00 PM AEST,nan,91.5,nan,nan,nan,nan,nan,0.02,nan,0.20,79.50,nan
28-Feb-25 10:13:00 PM AEST,nan,91.7,21.0,nan,nan,nan,nan,0.00,0.00,0.00,0.00,nan
28-Feb-25 10:14:00 PM AEST,nan,91.8,nan,nan,nan,nan,nan,nan,nan,nan,nan,0.80
28-Feb-25 10:15:00 PM AEST,nan,nan,21.1,nan,nan,nan,nan,nan,nan,nan,nan,0.00
28-Feb-25 10:16:00 PM AEST,nan,nan,nan,nan,nan,nan,78.90,nan,nan,nan,nan,nan
28-Feb-25 10:17:00 PM AEST,22.4,nan,nan,nan,nan,nan,79.00,nan,nan,nan,nan,nan
28-Feb-25 10:18:00 PM AEST,nan,91.7,21.0,nan,nan,nan,nan,nan,nan,nan,nan,nan
28-Feb-25 10:19:00 PM AEST,nan,92.0,nan,nan,nan,nan,nan,nan,nan,nan,nan,nan
28-Feb-25 10:20:00 PM AEST,nan,91.8,nan,nan,nan,nan,nan,nan,nan,nan,nan,nan
28-Feb-25 10:22:00 PM AEST,22.3,92.0,nan,nan,nan,nan,nan,nan,nan,nan,nan,nan
28-Feb-25 10:23:05 PM AEST,22.4,nan,nan,nan,nan,nan,nan,nan,nan,nan,nan,nan
28-Feb-25 10:24:00 PM AEST,nan,92.2,nan,nan,nan,nan,nan,nan,nan,nan,nan,nan
28-Feb-25 10:25:00 PM AEST,22.3,nan,nan,nan,nan,nan,nan,nan,nan,nan,nan,nan
28-Feb-25 10:27:00 PM AEST,nan,92.3,nan,nan,nan,nan,nan,0.03,1.20,0.30,79.50,nan
28-Feb-25 10:28:00 PM AEST,nan,nan,nan,nan,nan,nan,nan,0.04,nan,0.40,79.00,nan
28-Feb-25 10:29:00 PM AEST,22.4,nan,nan,nan,nan,nan,nan,0.01,nan,0.10,79.40,nan
28-Feb-25 10:30:00 PM AEST,nan,92.5,21.1,nan,nan,nan,nan,0.00,0.00,0.00,0.00,nan
28-Feb-25 10:30:05 PM AEST,22.3,nan,nan,nan,nan,nan,nan,nan,nan,nan,nan,nan
28-Feb-25 10:31:00 PM AEST,nan,nan,nan,nan,nan,nan,nan,0.02,1.20,0.20,79.60,nan
28-Feb-25 10:31:10 PM AEST,22.4,nan,nan,nan,nan,nan,nan,nan,nan,nan,nan,nan
28-Feb-25 10:32:00 PM AEST,nan,92.7,nan,nan,nan,nan,nan,0.04,nan,0.40,79.10,nan
28-Feb-25 10:33:00 PM AEST,22.3,nan,nan,nan,nan,nan,78.90,0.00,0.00,0.00,0.00,nan
28-Feb-25 10:34:00 PM AEST,nan,92.8,nan,nan,nan,nan,79.00,nan,nan,nan,nan,nan
28-Feb-25 10:34:05 PM AEST,22.4,nan,nan,nan,nan,nan,nan,nan,nan,nan,nan,nan
28-Feb-25 10:35:00 PM AEST,nan,92.7,nan,nan,nan,nan,nan,nan,nan,nan,nan,nan
28-Feb-25 10:35:10 PM AEST,22.3,nan,nan,nan,nan,nan,nan,nan,nan,nan,nan,nan
28-Feb-25 10:36:00 PM AEST,nan,92.8,nan,nan,nan,nan,78.90,nan,nan,nan,nan,nan
28-Feb-25 10:37:00 PM AEST,nan,nan,nan,nan,nan,nan,79.00,nan,nan,nan,nan,nan
28-Feb-25 10:38:00 PM AEST,nan,nan,nan,nan,nan,nan,78.90,nan,nan,nan,nan,nan
28-Feb-25 10:39:00 PM AEST,nan,93.0,nan,nan,nan,nan,79.00,nan,nan,nan,nan,nan
28-Feb-25 10:40:00 PM AEST,nan,92.7,nan,nan,nan,nan,nan,nan,nan,nan,nan,nan
28-Feb-25 10:41:00 PM AEST,nan,92.8,nan,nan,nan,nan,nan,nan,nan,nan,nan,nan
28-Feb-25 10:42:00 PM AEST,nan,nan,21.0,nan,nan,nan,nan,nan,nan,nan,nan,nan
28-Feb-25 10:43:00 PM AEST,nan,92.7,nan,nan,nan,nan,78.90,nan,nan,nan,nan,nan
28-Feb-25 10:44:00 PM AEST,22.2,92.8,nan,nan,nan,nan,79.00,nan,nan,nan,nan,nan
28-Feb-25 10:45:05 PM AEST,22.3,nan,nan,nan,nan,nan,nan,nan,nan,nan,nan,nan
28-Feb-25 10:46:00 PM AEST,nan,93.0,nan,nan,nan,nan,nan,nan,nan,nan,nan,nan
28-Feb-25 10:46:10 PM AEST,22.2,nan,nan,nan,nan,nan,nan,nan,nan,nan,nan,nan
28-Feb-25 10:47:00 PM AEST,nan,nan,nan,nan,nan,nan,78.90,nan,nan,nan,nan,nan
28-Feb-25 10:47:15 PM AEST,22.3,nan,nan,nan,nan,nan,nan,nan,nan,nan,nan,nan
28-Feb-25 10:48:00 PM AEST,nan,nan,21.1,nan,nan,nan,79.00,nan,nan,nan,nan,nan
28-Feb-25 10:48:20 PM AEST,22.2,nan,nan,nan,nan,nan,nan,nan,nan,nan,nan,nan
28-Feb-25 10:49:00 PM AEST,nan,nan,21.0,nan,nan,nan,nan,nan,nan,nan,nan,nan
28-Feb-25 10:50:00 PM AEST,nan,92.8,nan,nan,nan,nan,nan,nan,nan,nan,nan,0.80
28-Feb-25 10:51:00 PM AEST,nan,93.0,nan,nan,nan,nan,78.90,nan,nan,nan,nan,0.00
28-Feb-25 10:52:00 PM AEST,nan,93.2,nan,nan,nan,nan,79.00,nan,nan,nan,nan,nan
28-Feb-25 10:53:00 PM AEST,nan,93.0,nan,nan,nan,nan,nan,nan,nan,nan,nan,nan
28-Feb-25 10:55:00 PM AEST,nan,92.8,nan,nan,nan,nan,78.90,nan,nan,nan,nan,nan
28-Feb-25 10:56:00 PM AEST,nan,93.2,nan,nan,nan,nan,79.00,nan,nan,nan,nan,nan
28-Feb-25 10:57:00 PM AEST,nan,93.0,nan,nan,nan,nan,78.90,nan,nan,nan,nan,nan
28-Feb-25 10:58:00 PM AEST,nan,93.2,nan,nan,nan,nan,79.00,nan,nan,nan,nan,nan
28-Feb-25 10:59:00 PM AEST,nan,93.0,nan,nan,nan,nan,78.90,nan,nan,nan,nan,nan
28-Feb-25 11:01:00 PM AEST,22.1,93.2,nan,nan,nan,nan,79.00,nan,nan,nan,nan,nan
28-Feb-25 11:01:00 PM AEST,22.2,93.2,nan,nan,nan,nan,79.00,nan,nan,nan,nan,nan
28-Feb-25 11:02:00 PM AEST,nan,93.3,nan,nan,nan,nan,nan,nan,nan,nan,nan,nan
28-Feb-25 11:03:00 PM AEST,nan,93.2,nan,nan,nan,nan,nan,nan,nan,nan,nan,nan
28-Feb-25 11:04:00 PM AEST,nan,93.3,nan,nan,nan,nan,nan,nan,nan,nan,nan,nan
28-Feb-25 11:05:00 PM AEST,22.1,nan,nan,nan,nan,nan,nan,nan,nan,nan,nan,nan
28-Feb-25 11:06:00 PM AEST,nan,93.2,nan,nan,nan,nan,78.90,nan,nan,nan,nan,nan
28-Feb-25 11:07:00 PM AEST,nan,93.3,20.9,nan,nan,nan,79.00,nan,nan,nan,nan,nan
28-Feb-25 11:08:00 PM AEST,nan,nan,21.0,nan,nan,nan,78.90,nan,nan,nan,nan,nan
28-Feb-25 11:09:00 PM AEST,nan,93.5,nan,nan,nan,nan,79.00,nan,nan,nan,nan,nan
28-Feb-25 11:10:00 PM AEST,nan,93.3,nan,nan,nan,nan,78.90,nan,nan,nan,nan,nan
28-Feb-25 11:11:00 PM AEST,nan,nan,20.9,nan,nan,nan,79.00,nan,nan,nan,nan,nan
28-Feb-25 11:12:00 PM AEST,nan,93.5,nan,nan,nan,nan,nan,nan,nan,nan,nan,nan
28-Feb-25 11:13:00 PM AEST,nan,93.3,21.0,nan,nan,nan,nan,nan,nan,nan,nan,nan
28-Feb-25 11:14:00 PM AEST,22.0,93.5,20.9,nan,nan,nan,nan,nan,nan,nan,nan,nan
28-Feb-25 11:15:00 PM AEST,nan,nan,nan,nan,nan,nan,78.90,nan,nan,nan,nan,nan
28-Feb-25 11:16:00 PM AEST,nan,93.3,nan,nan,nan,nan,79.00,nan,nan,nan,nan,nan
28-Feb-25 11:18:00 PM AEST,nan,93.5,nan,nan,nan,nan,nan,nan,nan,nan,nan,nan
28-Feb-25 11:19:00 PM AEST,nan,93.3,nan,nan,nan,nan,nan,nan,nan,nan,nan,nan
28-Feb-25 11:20:00 PM AEST,nan,93.5,20.8,nan,nan,nan,nan,nan,nan,nan,nan,nan
28-Feb-25 11:21:00 PM AEST,nan,93.3,20.9,nan,nan,nan,nan,nan,nan,nan,nan,nan
28-Feb-25 11:22:00 PM AEST,nan,93.5,20.8,nan,nan,nan,78.90,nan,nan,nan,nan,nan
28-Feb-25 11:23:00 PM AEST,nan,nan,20.9,nan,nan,nan,79.00,nan,nan,nan,nan,nan
28-Feb-25 11:25:00 PM AEST,21.9,nan,nan,nan,nan,nan,nan,nan,nan,nan,nan,nan
28-Feb-25 11:26:00 PM AEST,nan,93.7,20.8,nan,nan,nan,nan,nan,nan,nan,nan,0.80
28-Feb-25 11:26:05 PM AEST,22.0,nan,nan,nan,nan,nan,nan,nan,nan,nan,nan,nan
28-Feb-25 11:27:00 PM AEST,nan,nan,20.9,nan,nan,nan,nan,nan,nan,nan,nan,0.00
28-Feb-25 11:27:10 PM AEST,21.9,nan,nan,nan,nan,nan,nan,nan,nan,nan,nan,nan
28-Feb-25 11:28:00 PM AEST,nan,nan,nan,nan,nan,nan,78.90,nan,nan,nan,nan,nan
28-Feb-25 11:28:15 PM AEST,22.0,nan,nan,nan,nan,nan,nan,nan,nan,nan,nan,nan
28-Feb-25 11:29:00 PM AEST,nan,nan,nan,nan,nan,nan,79.00,nan,nan,nan,nan,nan
28-Feb-25 11:29:20 PM AEST,21.9,nan,nan,nan,nan,nan,nan,nan,nan,nan,nan,nan
28-Feb-25 11:30:25 PM AEST,22.0,nan,nan,nan,nan,nan,nan,nan,nan,nan,nan,nan
28-Feb-25 11:31:30 PM AEST,21.9,nan,nan,nan,nan,nan,nan,nan,nan,nan,nan,nan
28-Feb-25 11:32:00 PM AEST,nan,93.8,nan,nan,nan,nan,nan,nan,nan,nan,nan,nan
28-Feb-25 11:32:35 PM AEST,22.0,nan,nan,nan,nan,nan,nan,nan,nan,nan,nan,nan
28-Feb-25 11:33:00 PM AEST,nan,nan,nan,nan,nan,nan,78.90,nan,nan,nan,nan,nan
28-Feb-25 11:33:40 PM AEST,21.9,nan,nan,nan,nan,nan,nan,nan,nan,nan,nan,nan
28-Feb-25 11:34:00 PM AEST,nan,93.7,nan,nan,nan,nan,79.00,nan,nan,nan,nan,nan
28-Feb-25 11:35:00 PM AEST,nan,93.8,nan,nan,nan,nan,nan,nan,nan,nan,nan,nan
28-Feb-25 11:37:00 PM AEST,22.0,94.0,nan,nan,nan,nan,nan,nan,nan,nan,nan,nan
28-Feb-25 11:38:00 PM AEST,nan,93.8,21.0,nan,nan,nan,nan,nan,nan,nan,nan,nan
28-Feb-25 11:38:05 PM AEST,21.9,nan,nan,nan,nan,nan,nan,nan,nan,nan,nan,nan
28-Feb-25 11:39:00 PM AEST,nan,94.0,20.9,nan,nan,nan,nan,nan,nan,nan,nan,nan
28-Feb-25 11:39:10 PM AEST,22.0,nan,nan,nan,nan,nan,nan,nan,nan,nan,nan,nan
28-Feb-25 11:40:00 PM AEST,nan,93.8,21.0,nan,nan,nan,nan,nan,nan,nan,nan,nan
28-Feb-25 11:40:15 PM AEST,21.9,nan,nan,nan,nan,nan,nan,nan,nan,nan,nan,nan
28-Feb-25 11:41:00 PM AEST,nan,nan,20.9,nan,nan,nan,nan,nan,nan,nan,nan,nan
28-Feb-25 11:42:00 PM AEST,nan,94.0,nan,nan,nan,nan,nan,nan,nan,nan,nan,nan
28-Feb-25 11:45:00 PM AEST,nan,nan,nan,nan,nan,nan,nan,0.07,2.40,0.70,79.00,nan
28-Feb-25 11:46:00 PM AEST,22.0,94.2,nan,nan,nan,nan,nan,0.08,nan,0.80,79.30,nan
28-Feb-25 11:47:00 PM AEST,nan,94.0,21.0,nan,nan,nan,nan,0.01,1.20,0.10,79.40,nan
28-Feb-25 11:47:05 PM AEST,21.9,nan,nan,nan,nan,nan,nan,nan,nan,nan,nan,nan
28-Feb-25 11:48:00 PM AEST,nan,94.2,20.9,nan,nan,nan,nan,0.00,0.00,0.00,0.00,nan
28-Feb-25 11:49:00 PM AEST,22.0,94.0,nan,nan,nan,nan,nan,nan,nan,nan,nan,nan
28-Feb-25 11:50:00 PM AEST,nan,94.2,21.0,nan,nan,nan,nan,nan,nan,nan,nan,nan
28-Feb-25 11:50:05 PM AEST,21.9,nan,nan,nan,nan,nan,nan,nan,nan,nan,nan,nan
28-Feb-25 11:51:00 PM AEST,nan,94.0,20.9,nan,nan,nan,nan,nan,nan,nan,nan,nan
28-Feb-25 11:52:00 PM AEST,nan,94.2,nan,nan,nan,nan,nan,nan,nan,nan,nan,nan
28-Feb-25 11:53:00 PM AEST,nan,nan,nan,nan,nan,nan,nan,0.01,1.20,0.10,79.40,nan
28-Feb-25 11:54:00 PM AEST,nan,nan,nan,nan,nan,nan,nan,0.00,0.00,0.00,0.00,nan
28-Feb-25 11:55:00 PM AEST,nan,nan,21.0,nan,nan,nan,nan,nan,nan,nan,nan,nan
28-Feb-25 11:56:00 PM AEST,nan,nan,20.9,nan,nan,nan,nan,nan,nan,nan,nan,nan
28-Feb-25 11:57:00 PM AEST,21.8,94.3,nan,nan,nan,nan,78.90,nan,nan,nan,nan,nan
28-Feb-25 11:58:00 PM AEST,nan,94.2,20.8,nan,nan,nan,79.00,nan,nan,nan,nan,nan
28-Feb-25 11:58:05 PM AEST,21.9,nan,nan,nan,nan,nan,nan,nan,nan,nan,nan,nan
28-Feb-25 11:59:00 PM AEST,nan,nan,20.9,nan,nan,nan,nan,nan,nan,nan,nan,6553.40
01-Mar-25 12:00:00 AM AEST,nan,nan,nan,nan,nan,nan,nan,nan,nan,nan,nan,0.00
01-Mar-25 12:01:00 AM AEST,nan,94.3,nan,nan,nan,nan,nan,nan,nan,nan,nan,nan
01-Mar-25 12:02:00 AM AEST,nan,94.2,nan,nan,nan,nan,nan,nan,nan,nan,nan,0.80
01-Mar-25 12:03:00 AM AEST,nan,94.3,nan,nan,nan,nan,nan,nan,nan,nan,nan,0.00
01-Mar-25 12:04:00 AM AEST,21.8,94.2,nan,nan,nan,nan,nan,nan,nan,nan,nan,nan
01-Mar-25 12:05:00 AM AEST,nan,94.3,20.8,nan,nan,nan,nan,nan,nan,nan,nan,nan
01-Mar-25 12:06:00 AM AEST,nan,nan,20.9,nan,nan,nan,nan,nan,nan,nan,nan,nan
01-Mar-25 12:07:00 AM AEST,21.9,nan,nan,nan,nan,nan,nan,nan,nan,nan,nan,nan
01-Mar-25 12:08:00 AM AEST,nan,94.5,nan,nan,nan,nan,nan,nan,nan,nan,nan,nan
01-Mar-25 12:08:05 AM AEST,21.8,nan,nan,nan,nan,nan,nan,nan,nan,nan,nan,nan
01-Mar-25 12:09:00 AM AEST,nan,94.3,nan,nan,nan,nan,nan,nan,nan,nan,nan,nan
01-Mar-25 12:10:00 AM AEST,21.9,94.5,nan,nan,nan,nan,nan,nan,nan,nan,nan,nan
01-Mar-25 12:12:00 AM AEST,nan,94.3,nan,nan,nan,nan,nan,nan,nan,nan,nan,nan
01-Mar-25 12:13:00 AM AEST,21.8,94.5,nan,nan,nan,nan,nan,nan,nan,nan,nan,nan
01-Mar-25 12:14:00 AM AEST,nan,nan,nan,nan,nan,nan,78.90,nan,nan,nan,nan,nan
01-Mar-25 12:15:00 AM AEST,21.9,nan,nan,nan,nan,nan,79.00,nan,nan,nan,nan,nan
01-Mar-25 12:16:05 AM AEST,21.8,nan,nan,nan,nan,nan,nan,nan,nan,nan,nan,nan
01-Mar-25 12:17:00 AM AEST,nan,94.7,nan,nan,nan,nan,nan,nan,nan,nan,nan,nan
01-Mar-25 12:18:00 AM AEST,nan,94.5,nan,nan,nan,nan,nan,nan,nan,nan,nan,nan
01-Mar-25 12:19:00 AM AEST,nan,94.7,nan,nan,nan,nan,nan,nan,nan,nan,nan,nan
01-Mar-25 12:20:00 AM AEST,nan,94.5,nan,nan,nan,nan,nan,nan,nan,nan,nan,nan
01-Mar-25 12:21:00 AM AEST,nan,94.7,nan,nan,nan,nan,nan,nan,nan,nan,nan,nan
01-Mar-25 12:23:00 AM AEST,nan,94.5,nan,nan,nan,nan,78.90,nan,nan,nan,nan,nan
01-Mar-25 12:24:00 AM AEST,nan,94.7,nan,nan,nan,nan,79.00,nan,nan,nan,nan,nan
01-Mar-25 12:26:00 AM AEST,nan,94.8,nan,nan,nan,nan,nan,0.01,1.20,0.10,82.90,nan
01-Mar-25 12:27:00 AM AEST,nan,94.7,nan,nan,nan,nan,nan,0.00,0.00,0.00,0.00,nan
01-Mar-25 12:28:00 AM AEST,21.7,nan,nan,nan,nan,nan,nan,nan,nan,nan,nan,nan
01-Mar-25 12:29:00 AM AEST,nan,94.5,20.8,nan,nan,nan,nan,nan,nan,nan,nan,nan
01-Mar-25 12:30:00 AM AEST,nan,94.7,nan,nan,nan,nan,nan,nan,nan,nan,nan,nan
01-Mar-25 12:31:00 AM AEST,nan,nan,nan,nan,nan,nan,78.90,nan,nan,nan,nan,nan
01-Mar-25 12:32:00 AM AEST,21.8,nan,nan,nan,nan,nan,79.00,nan,nan,nan,nan,nan
01-Mar-25 12:33:00 AM AEST,nan,nan,20.9,nan,nan,nan,nan,nan,nan,nan,nan,nan
01-Mar-25 12:33:05 AM AEST,21.7,nan,nan,nan,nan,nan,nan,nan,nan,nan,nan,nan
01-Mar-25 12:34:00 AM AEST,nan,94.8,20.8,nan,nan,nan,nan,nan,nan,nan,nan,nan
01-Mar-25 12:35:00 AM AEST,nan,94.7,20.9,nan,nan,nan,nan,nan,nan,nan,nan,nan
01-Mar-25 12:36:00 AM AEST,nan,94.8,20.8,nan,nan,nan,nan,nan,nan,nan,nan,nan
01-Mar-25 12:37:00 AM AEST,nan,nan,nan,nan,nan,nan,78.90,nan,nan,nan,nan,nan
01-Mar-25 12:38:00 AM AEST,nan,94.7,20.9,nan,nan,nan,79.00,nan,nan,nan,nan,nan
01-Mar-25 12:39:00 AM AEST,nan,94.8,20.8,nan,nan,nan,nan,nan,nan,nan,nan,nan
01-Mar-25 12:40:00 AM AEST,nan,94.7,20.9,nan,nan,nan,nan,nan,nan,nan,nan,0.80
01-Mar-25 12:41:00 AM AEST,nan,94.8,20.8,nan,nan,nan,nan,nan,nan,nan,nan,0.00
01-Mar-25 12:42:00 AM AEST,nan,nan,20.9,nan,nan,nan,78.90,nan,nan,nan,nan,nan
01-Mar-25 12:43:00 AM AEST,nan,94.7,20.8,nan,nan,nan,79.00,nan,nan,nan,nan,nan
01-Mar-25 12:44:00 AM AEST,nan,94.8,nan,nan,nan,nan,nan,nan,nan,nan,nan,nan
01-Mar-25 12:45:00 AM AEST,nan,nan,nan,nan,nan,nan,nan,0.02,1.20,0.20,79.60,nan
01-Mar-25 12:46:00 AM AEST,nan,95.0,nan,nan,nan,nan,nan,0.01,nan,0.10,82.90,nan
01-Mar-25 12:47:00 AM AEST,nan,94.8,nan,nan,nan,nan,nan,nan,nan,nan,nan,nan
01-Mar-25 12:48:00 AM AEST,nan,nan,nan,nan,nan,nan,78.90,nan,nan,nan,79.40,nan
01-Mar-25 12:49:00 AM AEST,nan,95.0,nan,nan,nan,nan,nan,nan,nan,nan,82.90,nan
01-Mar-25 12:50:00 AM AEST,21.6,94.7,nan,nan,nan,nan,79.00,nan,nan,nan,79.40,nan
01-Mar-25 12:51:00 AM AEST,nan,95.0,20.7,nan,nan,nan,nan,nan,nan,nan,nan,nan
01-Mar-25 12:52:00 AM AEST,nan,94.8,20.8,nan,nan,nan,nan,nan,nan,nan,nan,nan
01-Mar-25 12:54:00 AM AEST,nan,95.0,nan,nan,nan,nan,nan,0.00,0.00,0.00,0.00,nan
01-Mar-25 12:55:00 AM AEST,nan,94.8,nan,nan,nan,nan,nan,nan,nan,nan,nan,nan
01-Mar-25 12:56:00 AM AEST,nan,95.0,nan,nan,nan,nan,nan,nan,nan,nan,nan,nan
01-Mar-25 12:57:00 AM AEST,nan,94.8,nan,nan,nan,nan,78.90,0.01,1.20,0.10,79.40,nan
01-Mar-25 12:58:00 AM AEST,nan,95.0,20.7,nan,nan,nan,79.00,nan,nan,nan,82.90,nan
01-Mar-25 12:59:00 AM AEST,nan,nan,20.8,nan,nan,nan,nan,nan,nan,nan,nan,nan
01-Mar-25 1:01:00 AM AEST,nan,94.8,20.7,nan,nan,nan,78.90,0.00,0.00,0.00,0.00,nan
01-Mar-25 1:01:00 AM AEST,nan,95.0,20.7,nan,nan,nan,78.90,0.00,0.00,0.00,0.00,nan
01-Mar-25 1:02:00 AM AEST,nan,nan,nan,nan,nan,nan,79.00,0.01,1.20,0.10,82.90,nan
01-Mar-25 1:03:00 AM AEST,21.5,94.8,nan,nan,nan,nan,78.90,nan,nan,nan,79.40,nan
01-Mar-25 1:04:00 AM AEST,nan,95.0,nan,nan,nan,nan,79.00,0.00,0.00,0.00,0.00,nan
01-Mar-25 1:04:05 AM AEST,21.6,nan,nan,nan,nan,nan,nan,nan,nan,nan,nan,nan
01-Mar-25 1:05:00 AM AEST,nan,nan,nan,nan,nan,nan,78.90,nan,nan,nan,nan,nan
01-Mar-25 1:07:00 AM AEST,nan,nan,nan,nan,nan,nan,79.00,0.08,1.20,0.80,79.10,nan
01-Mar-25 1:08:00 AM AEST,nan,95.2,20.8,nan,nan,nan,nan,nan,2.40,nan,nan,nan
01-Mar-25 1:09:00 AM AEST,nan,nan,nan,nan,nan,nan,nan,0.09,nan,0.90,nan,nan
01-Mar-25 1:10:00 AM AEST,nan,nan,nan,nan,nan,nan,78.90,0.00,0.00,0.00,0.00,nan
01-Mar-25 1:11:00 AM AEST,21.5,95.0,nan,nan,nan,nan,79.00,nan,nan,nan,nan,nan
01-Mar-25 1:12:00 AM AEST,nan,nan,20.7,nan,nan,nan,nan,nan,nan,nan,nan,nan
01-Mar-25 1:15:00 AM AEST,nan,nan,nan,nan,nan,nan,nan,0.01,1.20,0.10,82.90,0.80
01-Mar-25 1:16:00 AM AEST,nan,nan,20.6,nan,nan,nan,nan,0.00,0.00,0.00,0.00,0.00
01-Mar-25 1:17:00 AM AEST,nan,94.8,20.7,nan,nan,nan,78.90,nan,nan,nan,nan,nan
01-Mar-25 1:18:00 AM AEST,nan,95.0,20.6,nan,nan,nan,79.00,nan,nan,nan,nan,nan
01-Mar-25 1:20:00 AM AEST,nan,95.2,20.7,nan,nan,nan,nan,nan,nan,nan,nan,nan
01-Mar-25 1:21:00 AM AEST,21.4,95.0,nan,nan,nan,nan,nan,nan,nan,nan,nan,nan
01-Mar-25 1:22:00 AM AEST,nan,95.2,20.6,nan,nan,nan,78.90,nan,nan,nan,nan,nan
01-Mar-25 1:22:05 AM AEST,21.5,nan,nan,nan,nan,nan,nan,nan,nan,nan,nan,nan
01-Mar-25 1:23:00 AM AEST,nan,95.0,20.7,nan,nan,nan,79.00,nan,nan,nan,nan,nan
01-Mar-25 1:24:00 AM AEST,21.4,95.2,20.6,nan,nan,nan,nan,nan,nan,nan,nan,nan
01-Mar-25 1:25:00 AM AEST,nan,nan,nan,nan,nan,nan,78.90,nan,nan,nan,nan,nan
01-Mar-25 1:26:00 AM AEST,nan,95.0,nan,nan,nan,nan,79.00,nan,nan,nan,nan,nan
01-Mar-25 1:27:00 AM AEST,nan,95.2,nan,nan,nan,nan,nan,nan,nan,nan,nan,nan
01-Mar-25 1:30:00 AM AEST,nan,95.0,nan,nan,nan,nan,78.90,nan,nan,nan,nan,nan
01-Mar-25 1:31:00 AM AEST,nan,95.2,nan,nan,nan,nan,79.00,nan,nan,nan,nan,nan
01-Mar-25 1:34:00 AM AEST,nan,nan,nan,nan,nan,nan,78.90,nan,nan,nan,nan,nan
01-Mar-25 1:35:00 AM AEST,nan,nan,nan,nan,nan,nan,79.00,nan,nan,nan,nan,nan
01-Mar-25 1:37:00 AM AEST,nan,nan,nan,nan,nan,nan,78.90,nan,nan,nan,nan,nan
01-Mar-25 1:38:00 AM AEST,21.3,nan,nan,nan,nan,nan,79.00,0.01,1.20,0.10,82.90,nan
01-Mar-25 1:39:00 AM AEST,nan,95.3,20.5,nan,nan,nan,nan,0.00,0.00,0.00,0.00,nan
01-Mar-25 1:40:00 AM AEST,nan,95.2,20.6,nan,nan,nan,nan,nan,nan,nan,nan,nan
01-Mar-25 1:41:00 AM AEST,nan,nan,20.5,nan,nan,nan,nan,nan,nan,nan,nan,nan
01-Mar-25 1:44:00 AM AEST,nan,95.0,nan,nan,nan,nan,nan,nan,nan,nan,nan,nan
01-Mar-25 1:45:00 AM AEST,nan,95.2,20.4,nan,nan,nan,nan,nan,nan,nan,nan,nan
01-Mar-25 1:46:00 AM AEST,21.2,95.0,20.5,nan,nan,nan,nan,nan,nan,nan,nan,nan
01-Mar-25 1:47:00 AM AEST,nan,95.2,20.4,nan,nan,nan,nan,0.01,1.20,0.10,79.40,nan
01-Mar-25 1:48:00 AM AEST,21.3,nan,nan,nan,nan,nan,nan,0.00,0.00,0.00,0.00,nan
01-Mar-25 1:49:00 AM AEST,nan,95.3,20.5,nan,nan,nan,nan,nan,nan,nan,nan,nan
01-Mar-25 1:50:00 AM AEST,nan,95.2,nan,nan,nan,nan,nan,nan,nan,nan,nan,nan
01-Mar-25 1:51:00 AM AEST,21.2,nan,nan,nan,nan,nan,nan,nan,nan,nan,nan,0.80
01-Mar-25 1:52:00 AM AEST,nan,95.3,20.4,nan,nan,nan,78.90,nan,nan,nan,nan,0.00
01-Mar-25 1:53:00 AM AEST,nan,95.2,nan,nan,nan,nan,79.00,nan,nan,nan,nan,nan
01-Mar-25 1:54:00 AM AEST,21.1,95.3,nan,nan,nan,nan,nan,nan,nan,nan,nan,nan
01-Mar-25 1:55:00 AM AEST,nan,95.2,nan,nan,nan,nan,78.90,nan,nan,nan,nan,nan
01-Mar-25 1:55:05 AM AEST,21.2,nan,nan,nan,nan,nan,nan,nan,nan,nan,nan,nan
01-Mar-25 1:56:00 AM AEST,nan,95.3,nan,nan,nan,nan,79.00,nan,nan,nan,nan,nan
01-Mar-25 1:58:00 AM AEST,nan,nan,20.5,nan,nan,nan,nan,nan,nan,nan,nan,nan
01-Mar-25 1:59:00 AM AEST,21.1,95.5,20.4,nan,nan,nan,nan,nan,nan,nan,nan,nan
01-Mar-25 2:00:00 AM AEST,nan,95.3,nan,nan,nan,nan,nan,nan,nan,nan,nan,nan
01-Mar-25 2:02:00 AM AEST,nan,nan,nan,nan,nan,nan,78.90,nan,nan,nan,nan,nan
01-Mar-25 2:03:00 AM AEST,nan,nan,nan,nan,nan,nan,79.00,nan,nan,nan,nan,nan
01-Mar-25 2:05:00 AM AEST,nan,95.5,nan,nan,nan,nan,nan,nan,nan,nan,nan,nan
01-Mar-25 2:06:00 AM AEST,nan,95.3,nan,nan,nan,nan,78.90,nan,nan,nan,nan,nan
01-Mar-25 2:07:00 AM AEST,nan,nan,20.3,nan,nan,nan,79.00,nan,nan,nan,nan,nan
01-Mar-25 2:09:00 AM AEST,21.0,nan,nan,nan,nan,nan,nan,nan,nan,nan,nan,nan
01-Mar-25 2:10:05 AM AEST,21.1,nan,nan,nan,nan,nan,nan,nan,nan,nan,nan,nan
01-Mar-25 2:12:00 AM AEST,nan,nan,nan,nan,nan,nan,78.90,nan,nan,nan,nan,nan
01-Mar-25 2:13:00 AM AEST,21.0,95.5,nan,nan,nan,nan,79.00,nan,nan,nan,nan,nan
01-Mar-25 2:14:00 AM AEST,nan,95.3,nan,nan,nan,nan,78.90,0.01,1.20,0.10,79.40,nan
01-Mar-25 2:15:00 AM AEST,nan,nan,nan,nan,nan,nan,79.00,0.00,0.00,0.00,0.00,nan
01-Mar-25 2:16:00 AM AEST,nan,nan,20.2,nan,nan,nan,nan,nan,nan,nan,nan,nan
01-Mar-25 2:17:00 AM AEST,nan,95.5,20.3,nan,nan,nan,78.90,nan,nan,nan,nan,nan
01-Mar-25 2:18:00 AM AEST,nan,95.3,nan,nan,nan,nan,79.00,0.02,1.20,0.20,78.70,nan
01-Mar-25 2:19:00 AM AEST,nan,95.5,nan,nan,nan,nan,nan,0.00,0.00,0.00,0.00,nan
01-Mar-25 2:21:00 AM AEST,nan,nan,nan,nan,nan,nan,78.90,0.09,2.40,0.90,79.10,nan
01-Mar-25 2:22:00 AM AEST,nan,95.3,nan,nan,nan,nan,79.00,0.00,0.00,0.00,0.00,nan
01-Mar-25 2:23:00 AM AEST,nan,95.5,20.2,nan,nan,nan,nan,0.01,1.20,0.10,79.40,nan
01-Mar-25 2:24:00 AM AEST,nan,nan,20.3,nan,nan,nan,78.90,0.00,0.00,0.00,0.00,nan
01-Mar-25 2:25:00 AM AEST,nan,95.7,20.2,nan,nan,nan,79.00,0.07,2.40,0.70,79.30,nan
01-Mar-25 2:26:00 AM AEST,nan,95.5,20.3,nan,nan,nan,nan,0.01,1.20,0.10,79.40,nan
01-Mar-25 2:27:00 AM AEST,nan,nan,nan,nan,nan,nan,78.90,0.00,0.00,0.00,0.00,6553.50
01-Mar-25 2:28:00 AM AEST,nan,95.7,20.2,nan,nan,nan,79.00,nan,nan,nan,nan,0.80
01-Mar-25 2:29:00 AM AEST,nan,95.5,20.3,nan,nan,nan,nan,nan,nan,nan,nan,0.00
01-Mar-25 2:31:00 AM AEST,nan,95.7,nan,nan,nan,nan,78.90,nan,nan,nan,nan,nan
01-Mar-25 2:32:00 AM AEST,nan,95.5,nan,nan,nan,nan,79.00,nan,nan,nan,nan,nan
01-Mar-25 2:33:00 AM AEST,nan,95.7,nan,nan,nan,nan,nan,nan,nan,nan,nan,nan
01-Mar-25 2:35:00 AM AEST,nan,nan,nan,nan,nan,nan,78.90,nan,nan,nan,nan,nan
01-Mar-25 2:36:00 AM AEST,nan,nan,20.2,nan,nan,nan,79.00,nan,nan,nan,nan,nan
01-Mar-25 2:38:00 AM AEST,nan,nan,20.3,nan,nan,nan,nan,nan,nan,nan,nan,nan
01-Mar-25 2:41:00 AM AEST,nan,nan,nan,nan,nan,nan,78.90,nan,nan,nan,nan,nan
01-Mar-25 2:42:00 AM AEST,nan,95.8,nan,nan,nan,nan,79.00,nan,nan,nan,nan,nan
01-Mar-25 2:43:00 AM AEST,nan,95.7,nan,nan,nan,nan,nan,nan,nan,nan,nan,nan
01-Mar-25 2:45:00 AM AEST,nan,nan,20.2,nan,nan,nan,nan,nan,nan,nan,nan,nan
01-Mar-25 2:47:00 AM AEST,nan,95.8,nan,nan,nan,nan,nan,nan,nan,nan,nan,nan
01-Mar-25 2:48:00 AM AEST,nan,nan,20.3,nan,nan,nan,78.90,nan,nan,nan,nan,nan
01-Mar-25 2:49:00 AM AEST,20.9,95.7,nan,nan,nan,nan,79.00,nan,nan,nan,nan,nan
01-Mar-25 2:50:00 AM AEST,nan,95.8,20.2,nan,nan,nan,nan,nan,nan,nan,nan,nan
01-Mar-25 2:51:00 AM AEST,nan,95.7,nan,nan,nan,nan,78.90,nan,nan,nan,nan,nan
01-Mar-25 2:52:00 AM AEST,nan,95.8,nan,nan,nan,nan,79.00,nan,nan,nan,nan,nan
01-Mar-25 2:53:00 AM AEST,nan,95.7,nan,nan,nan,nan,nan,nan,nan,nan,nan,nan
01-Mar-25 2:54:00 AM AEST,nan,95.8,nan,nan,nan,nan,nan,nan,nan,nan,nan,nan
01-Mar-25 2:56:00 AM AEST,nan,96.0,nan,nan,nan,nan,78.90,nan,nan,nan,nan,nan
01-Mar-25 2:57:00 AM AEST,nan,95.7,20.3,nan,nan,nan,nan,nan,nan,nan,nan,nan
01-Mar-25 2:58:00 AM AEST,nan,95.8,20.2,nan,nan,nan,79.00,nan,nan,nan,nan,nan
01-Mar-25 3:00:00 AM AEST,nan,nan,nan,nan,nan,nan,78.90,nan,nan,nan,nan,nan
01-Mar-25 3:01:00 AM AEST,20.8,95.7,nan,nan,nan,nan,nan,nan,nan,nan,nan,nan
01-Mar-25 3:02:00 AM AEST,nan,95.8,20.1,nan,nan,nan,79.00,nan,nan,nan,nan,nan
01-Mar-25 3:03:00 AM AEST,nan,nan,nan,nan,nan,nan,78.90,nan,nan,nan,nan,nan
01-Mar-25 3:04:00 AM AEST,nan,95.7,nan,nan,nan,nan,79.00,nan,nan,nan,nan,0.80
01-Mar-25 3:05:00 AM AEST,nan,95.8,nan,nan,nan,nan,nan,nan,nan,nan,nan,0.00
01-Mar-25 3:06:00 AM AEST,nan,nan,nan,nan,nan,nan,78.90,nan,nan,nan,nan,nan
01-Mar-25 3:07:00 AM AEST,nan,nan,nan,nan,nan,nan,79.00,nan,nan,nan,nan,nan
01-Mar-25 3:08:00 AM AEST,nan,95.7,nan,nan,nan,nan,78.90,nan,nan,nan,nan,nan
01-Mar-25 3:09:00 AM AEST,nan,95.8,nan,nan,nan,nan,79.00,nan,nan,nan,nan,nan
01-Mar-25 3:10:00 AM AEST,nan,nan,nan,nan,nan,nan,78.90,nan,nan,nan,nan,nan
01-Mar-25 3:11:00 AM AEST,nan,nan,nan,nan,nan,nan,79.00,nan,nan,nan,nan,nan
01-Mar-25 3:15:00 AM AEST,nan,96.0,nan,nan,nan,nan,nan,nan,nan,nan,nan,nan
01-Mar-25 3:16:00 AM AEST,20.7,95.8,nan,nan,nan,nan,nan,nan,nan,nan,nan,nan
01-Mar-25 3:17:00 AM AEST,nan,nan,20.0,nan,nan,nan,78.90,nan,nan,nan,nan,nan
01-Mar-25 3:19:00 AM AEST,nan,nan,nan,nan,nan,nan,79.00,nan,nan,nan,nan,nan
01-Mar-25 3:21:00 AM AEST,nan,nan,nan,nan,nan,nan,78.90,nan,nan,nan,nan,nan
01-Mar-25 3:22:00 AM AEST,nan,96.0,nan,nan,nan,nan,79.00,nan,nan,nan,nan,nan
01-Mar-25 3:23:00 AM AEST,nan,95.8,nan,nan,nan,nan,nan,nan,nan,nan,nan,nan
01-Mar-25 3:24:00 AM AEST,nan,nan,nan,nan,nan,nan,78.90,nan,nan,nan,nan,nan
01-Mar-25 3:25:00 AM AEST,nan,96.0,nan,nan,nan,nan,79.00,nan,nan,nan,nan,nan
01-Mar-25 3:26:00 AM AEST,nan,95.8,nan,nan,nan,nan,78.90,nan,nan,nan,nan,nan
01-Mar-25 3:27:00 AM AEST,nan,96.0,nan,nan,nan,nan,79.00,nan,nan,nan,nan,nan
01-Mar-25 3:28:00 AM AEST,nan,95.8,nan,nan,nan,nan,nan,nan,nan,nan,nan,nan
01-Mar-25 3:29:00 AM AEST,20.6,nan,nan,nan,nan,nan,nan,nan,nan,nan,nan,nan
01-Mar-25 3:30:00 AM AEST,nan,96.0,19.9,nan,nan,nan,nan,nan,nan,nan,nan,nan
01-Mar-25 3:30:05 AM AEST,20.7,nan,nan,nan,nan,nan,nan,nan,nan,nan,nan,nan
01-Mar-25 3:31:00 AM AEST,nan,nan,20.0,nan,nan,nan,nan,nan,nan,nan,nan,nan
01-Mar-25 3:34:00 AM AEST,20.6,95.8,nan,nan,nan,nan,78.90,nan,nan,nan,nan,nan
01-Mar-25 3:35:00 AM AEST,nan,96.0,19.9,nan,nan,nan,79.00,nan,nan,nan,nan,nan
01-Mar-25 3:35:05 AM AEST,20.7,nan,nan,nan,nan,nan,nan,nan,nan,nan,nan,nan
01-Mar-25 3:36:00 AM AEST,nan,nan,20.0,nan,nan,nan,78.90,nan,nan,nan,nan,nan
01-Mar-25 3:37:00 AM AEST,nan,96.2,nan,nan,nan,nan,79.00,nan,nan,nan,nan,nan
01-Mar-25 3:38:00 AM AEST,20.6,96.0,nan,nan,nan,nan,78.90,nan,nan,nan,nan,nan
01-Mar-25 3:39:00 AM AEST,nan,nan,nan,nan,nan,nan,79.00,nan,nan,nan,nan,nan
01-Mar-25 3:41:00 AM AEST,20.5,95.8,19.9,nan,nan,nan,78.90,nan,nan,nan,nan,0.80
01-Mar-25 3:42:00 AM AEST,nan,96.0,19.8,nan,nan,nan,79.00,nan,nan,nan,nan,0.00
01-Mar-25 3:42:05 AM AEST,20.6,nan,nan,nan,nan,nan,nan,nan,nan,nan,nan,nan
01-Mar-25 3:43:00 AM AEST,nan,nan,19.9,nan,nan,nan,78.90,nan,nan,nan,nan,nan
01-Mar-25 3:44:00 AM AEST,nan,95.8,nan,nan,nan,nan,nan,nan,nan,nan,nan,nan
01-Mar-25 3:45:00 AM AEST,nan,96.0,nan,nan,nan,nan,79.00,nan,nan,nan,nan,nan
01-Mar-25 3:46:00 AM AEST,20.5,nan,nan,nan,nan,nan,78.90,nan,nan,nan,nan,nan
01-Mar-25 3:47:00 AM AEST,nan,nan,nan,nan,nan,nan,79.00,nan,nan,nan,nan,nan
01-Mar-25 3:48:00 AM AEST,nan,nan,19.8,nan,nan,nan,nan,nan,nan,nan,nan,nan
01-Mar-25 3:49:00 AM AEST,nan,95.8,nan,nan,nan,nan,nan,nan,nan,nan,nan,nan
01-Mar-25 3:50:00 AM AEST,20.4,nan,nan,nan,nan,nan,nan,nan,nan,nan,nan,nan
01-Mar-25 3:51:00 AM AEST,nan,96.0,19.7,nan,nan,nan,nan,nan,nan,nan,nan,nan
01-Mar-25 3:52:00 AM AEST,nan,nan,19.8,nan,nan,nan,78.90,nan,nan,nan,nan,nan
01-Mar-25 3:53:00 AM AEST,20.5,nan,19.7,nan,nan,nan,79.00,nan,nan,nan,nan,nan
01-Mar-25 3:54:00 AM AEST,nan,nan,19.8,nan,nan,nan,nan,nan,nan,nan,nan,nan
01-Mar-25 3:54:05 AM AEST,20.4,nan,nan,nan,nan,nan,nan,nan,nan,nan,nan,nan
01-Mar-25 3:55:10 AM AEST,20.5,nan,nan,nan,nan,nan,nan,nan,nan,nan,nan,nan
01-Mar-25 3:57:00 AM AEST,nan,96.2,nan,nan,nan,nan,nan,nan,nan,nan,nan,nan
01-Mar-25 3:58:00 AM AEST,nan,96.0,19.9,nan,nan,nan,nan,nan,nan,nan,nan,nan
01-Mar-25 3:59:00 AM AEST,nan,96.2,19.8,nan,nan,nan,nan,nan,nan,nan,nan,nan
01-Mar-25 4:01:00 AM AEST,nan,96.0,nan,nan,nan,nan,nan,nan,nan,nan,nan,nan
01-Mar-25 4:01:00 AM AEST,nan,96.2,nan,nan,nan,nan,nan,nan,nan,nan,nan,nan
01-Mar-25 4:02:00 AM AEST,20.4,96.0,nan,nan,nan,nan,nan,nan,nan,nan,nan,nan
01-Mar-25 4:04:00 AM AEST,nan,nan,19.7,nan,nan,nan,nan,nan,nan,nan,nan,nan
01-Mar-25 4:05:00 AM AEST,nan,nan,nan,nan,nan,nan,78.90,nan,nan,nan,nan,nan
01-Mar-25 4:06:00 AM AEST,nan,96.2,nan,nan,nan,nan,79.00,nan,nan,nan,nan,nan
01-Mar-25 4:07:00 AM AEST,nan,nan,19.8,nan,nan,nan,78.90,nan,nan,nan,nan,nan
01-Mar-25 4:08:00 AM AEST,nan,96.0,nan,nan,nan,nan,79.00,nan,nan,nan,nan,nan
01-Mar-25 4:09:00 AM AEST,nan,96.2,nan,nan,nan,nan,78.90,nan,nan,nan,nan,nan
01-Mar-25 4:11:00 AM AEST,nan,nan,nan,nan,nan,nan,79.00,nan,nan,nan,nan,nan
01-Mar-25 4:12:00 AM AEST,nan,nan,nan,nan,nan,nan,78.90,nan,nan,nan,nan,nan
01-Mar-25 4:13:00 AM AEST,20.3,96.0,nan,nan,nan,nan,79.00,nan,nan,nan,nan,nan
01-Mar-25 4:14:00 AM AEST,nan,96.2,19.7,nan,nan,nan,78.90,nan,nan,nan,nan,nan
01-Mar-25 4:15:00 AM AEST,nan,nan,nan,nan,nan,nan,79.00,nan,nan,nan,nan,nan
01-Mar-25 4:16:00 AM AEST,nan,96.0,nan,nan,nan,nan,78.90,nan,nan,nan,nan,nan
01-Mar-25 4:17:00 AM AEST,nan,96.2,19.6,nan,nan,nan,79.00,nan,nan,nan,nan,0.80
01-Mar-25 4:18:00 AM AEST,20.2,nan,nan,nan,nan,nan,78.90,nan,nan,nan,nan,0.00
01-Mar-25 4:19:00 AM AEST,nan,nan,nan,nan,nan,nan,79.00,nan,nan,nan,nan,nan
01-Mar-25 4:21:00 AM AEST,nan,96.0,nan,nan,nan,nan,78.90,nan,nan,nan,nan,nan
01-Mar-25 4:22:00 AM AEST,20.3,96.3,19.5,nan,nan,nan,nan,nan,nan,nan,nan,nan
01-Mar-25 4:23:00 AM AEST,nan,96.2,19.7,nan,nan,nan,79.00,nan,nan,nan,nan,nan
01-Mar-25 4:24:00 AM AEST,nan,96.3,nan,nan,nan,nan,78.90,nan,nan,nan,nan,nan
01-Mar-25 4:25:00 AM AEST,nan,96.2,nan,nan,nan,nan,79.00,nan,nan,nan,nan,nan
01-Mar-25 4:26:00 AM AEST,nan,96.3,19.6,nan,nan,nan,nan,nan,nan,nan,nan,nan
01-Mar-25 4:27:00 AM AEST,20.2,96.2,19.7,nan,nan,nan,nan,nan,nan,nan,nan,nan
01-Mar-25 4:28:00 AM AEST,nan,96.3,19.6,nan,nan,nan,nan,nan,nan,nan,nan,nan
01-Mar-25 4:28:05 AM AEST,20.3,nan,nan,nan,nan,nan,nan,nan,nan,nan,nan,nan
01-Mar-25 4:29:00 AM AEST,nan,96.2,19.7,nan,nan,nan,78.90,nan,nan,nan,nan,nan
01-Mar-25 4:29:10 AM AEST,20.2,nan,nan,nan,nan,nan,nan,nan,nan,nan,nan,nan
01-Mar-25 4:30:00 AM AEST,nan,96.3,19.6,nan,nan,nan,79.00,nan,nan,nan,nan,nan
01-Mar-25 4:30:15 AM AEST,20.3,nan,nan,nan,nan,nan,nan,nan,nan,nan,nan,nan
01-Mar-25 4:31:00 AM AEST,nan,nan,19.7,nan,nan,nan,nan,nan,nan,nan,nan,nan
01-Mar-25 4:31:20 AM AEST,20.2,nan,nan,nan,nan,nan,nan,nan,nan,nan,nan,nan
01-Mar-25 4:32:00 AM AEST,nan,96.2,19.6,nan,nan,nan,nan,nan,nan,nan,nan,nan
01-Mar-25 4:33:00 AM AEST,nan,96.3,nan,nan,nan,nan,nan,nan,nan,nan,nan,nan
01-Mar-25 4:34:00 AM AEST,nan,96.2,nan,nan,nan,nan,nan,nan,nan,nan,nan,nan
01-Mar-25 4:35:00 AM AEST,nan,96.3,nan,nan,nan,nan,nan,nan,nan,nan,nan,nan
01-Mar-25 4:36:00 AM AEST,nan,96.2,nan,nan,nan,nan,78.90,nan,nan,nan,nan,nan
01-Mar-25 4:37:00 AM AEST,nan,96.3,nan,nan,nan,nan,79.00,nan,nan,nan,nan,nan
01-Mar-25 4:38:00 AM AEST,nan,96.2,nan,nan,nan,nan,nan,nan,nan,nan,nan,nan
01-Mar-25 4:39:00 AM AEST,nan,96.3,19.5,nan,nan,nan,nan,nan,nan,nan,nan,nan
01-Mar-25 4:40:00 AM AEST,20.1,96.2,19.6,nan,nan,nan,78.90,nan,nan,nan,nan,nan
01-Mar-25 4:41:00 AM AEST,nan,nan,19.5,nan,nan,nan,79.00,nan,nan,nan,nan,nan
01-Mar-25 4:42:00 AM AEST,20.2,nan,nan,nan,nan,nan,78.90,nan,nan,nan,nan,nan
01-Mar-25 4:43:00 AM AEST,nan,96.3,nan,nan,nan,nan,79.00,nan,nan,nan,nan,nan
01-Mar-25 4:44:00 AM AEST,20.1,96.2,19.6,nan,nan,nan,nan,nan,nan,nan,nan,nan
01-Mar-25 4:45:00 AM AEST,nan,96.3,19.5,nan,nan,nan,nan,nan,nan,nan,nan,nan
01-Mar-25 4:45:05 AM AEST,20.2,nan,nan,nan,nan,nan,nan,nan,nan,nan,nan,nan
01-Mar-25 4:46:00 AM AEST,nan,nan,19.6,nan,nan,nan,78.90,nan,nan,nan,nan,nan
01-Mar-25 4:46:10 AM AEST,20.1,nan,nan,nan,nan,nan,nan,nan,nan,nan,nan,nan
01-Mar-25 4:47:00 AM AEST,nan,96.2,19.5,nan,nan,nan,nan,nan,nan,nan,nan,nan
01-Mar-25 4:47:15 AM AEST,20.0,nan,nan,nan,nan,nan,nan,nan,nan,nan,nan,nan
01-Mar-25 4:48:00 AM AEST,nan,96.3,19.4,nan,nan,nan,79.00,nan,nan,nan,nan,nan
01-Mar-25 4:48:20 AM AEST,20.1,nan,nan,nan,nan,nan,nan,nan,nan,nan,nan,nan
01-Mar-25 4:49:00 AM AEST,nan,nan,19.5,nan,nan,nan,78.80,nan,nan,nan,nan,nan
01-Mar-25 4:50:00 AM AEST,nan,nan,nan,nan,nan,nan,79.00,nan,nan,nan,nan,nan
01-Mar-25 4:51:00 AM AEST,nan,96.5,nan,nan,nan,nan,78.90,nan,nan,nan,nan,nan
01-Mar-25 4:52:00 AM AEST,nan,96.3,19.6,nan,nan,nan,nan,nan,nan,nan,nan,nan
01-Mar-25 4:53:00 AM AEST,nan,nan,19.5,nan,nan,nan,79.00,nan,nan,nan,nan,0.80
01-Mar-25 4:54:00 AM AEST,nan,96.5,nan,nan,nan,nan,78.90,nan,nan,nan,nan,0.00
01-Mar-25 4:55:00 AM AEST,nan,nan,19.6,nan,nan,nan,79.00,nan,nan,nan,nan,nan
01-Mar-25 4:57:00 AM AEST,nan,nan,nan,nan,nan,nan,78.90,nan,nan,nan,nan,nan
01-Mar-25 4:59:00 AM AEST,nan,96.3,nan,nan,nan,nan,nan,nan,nan,nan,nan,nan
01-Mar-25 5:01:00 AM AEST,nan,96.5,19.5,nan,nan,nan,79.00,nan,nan,nan,nan,nan
01-Mar-25 5:01:00 AM AEST,nan,96.3,19.5,nan,nan,nan,79.00,nan,nan,nan,nan,nan
01-Mar-25 5:02:00 AM AEST,20.0,96.5,nan,nan,nan,nan,78.90,nan,nan,nan,nan,nan
01-Mar-25 5:03:05 AM AEST,20.1,nan,nan,nan,nan,nan,nan,nan,nan,nan,nan,nan
01-Mar-25 5:04:00 AM AEST,nan,96.3,nan,nan,nan,nan,79.00,nan,nan,nan,nan,nan
01-Mar-25 5:05:00 AM AEST,20.0,96.5,nan,nan,nan,nan,78.90,nan,nan,nan,nan,nan
01-Mar-25 5:06:05 AM AEST,20.1,nan,nan,nan,nan,nan,nan,nan,nan,nan,nan,nan
01-Mar-25 5:07:00 AM AEST,nan,nan,nan,nan,nan,nan,79.00,nan,nan,nan,nan,nan
01-Mar-25 5:08:00 AM AEST,20.0,nan,nan,nan,nan,nan,nan,nan,nan,nan,nan,nan
01-Mar-25 5:09:00 AM AEST,nan,nan,nan,nan,nan,nan,78.90,nan,nan,nan,nan,nan
01-Mar-25 5:10:00 AM AEST,nan,nan,19.4,nan,nan,nan,79.00,nan,nan,nan,nan,nan
01-Mar-25 5:11:00 AM AEST,nan,nan,19.5,nan,nan,nan,78.90,nan,nan,nan,nan,nan
01-Mar-25 5:12:00 AM AEST,nan,96.7,nan,nan,nan,nan,79.00,nan,nan,nan,nan,nan
01-Mar-25 5:13:00 AM AEST,nan,96.5,nan,nan,nan,nan,78.90,nan,nan,nan,nan,nan
01-Mar-25 5:14:00 AM AEST,20.1,nan,nan,nan,nan,nan,nan,nan,nan,nan,nan,nan
01-Mar-25 5:15:05 AM AEST,20.0,nan,nan,nan,nan,nan,nan,nan,nan,nan,nan,nan
01-Mar-25 5:16:00 AM AEST,nan,96.7,19.4,nan,nan,nan,79.00,nan,nan,nan,nan,nan
01-Mar-25 5:17:00 AM AEST,20.1,96.5,19.5,nan,nan,nan,78.80,nan,nan,nan,nan,nan
01-Mar-25 5:18:00 AM AEST,nan,96.7,nan,nan,nan,nan,79.00,nan,nan,nan,nan,nan
01-Mar-25 5:19:00 AM AEST,nan,nan,19.6,nan,nan,nan,78.90,nan,nan,nan,nan,nan
01-Mar-25 5:20:00 AM AEST,nan,nan,19.5,nan,nan,nan,79.00,nan,nan,nan,nan,nan
01-Mar-25 5:21:00 AM AEST,nan,96.8,nan,nan,nan,nan,78.90,nan,nan,nan,nan,nan
01-Mar-25 5:22:00 AM AEST,nan,96.7,nan,nan,nan,nan,nan,nan,nan,nan,nan,nan
01-Mar-25 5:23:00 AM AEST,nan,nan,nan,nan,nan,nan,79.00,nan,nan,nan,nan,nan
01-Mar-25 5:24:00 AM AEST,nan,nan,nan,nan,nan,nan,78.90,nan,nan,nan,nan,nan
01-Mar-25 5:25:00 AM AEST,20.0,nan,nan,nan,nan,nan,79.00,nan,nan,nan,nan,nan
01-Mar-25 5:27:00 AM AEST,nan,nan,nan,nan,nan,nan,78.90,nan,nan,nan,nan,nan
01-Mar-25 5:28:00 AM AEST,nan,96.5,nan,nan,nan,nan,nan,nan,nan,nan,nan,nan
01-Mar-25 5:29:00 AM AEST,19.9,96.7,19.4,nan,nan,nan,nan,nan,nan,nan,nan,nan
01-Mar-25 5:30:00 AM AEST,nan,nan,nan,nan,nan,nan,nan,nan,nan,nan,nan,0.80
01-Mar-25 5:30:05 AM AEST,20.0,nan,nan,nan,nan,nan,nan,nan,nan,nan,nan,nan
01-Mar-25 5:31:00 AM AEST,nan,nan,nan,nan,nan,nan,79.00,nan,nan,nan,nan,0.00
01-Mar-25 5:32:00 AM AEST,19.9,nan,19.5,nan,nan,nan,78.90,nan,nan,nan,nan,nan
01-Mar-25 5:33:00 AM AEST,nan,nan,19.4,nan,nan,nan,79.00,nan,nan,nan,nan,nan
01-Mar-25 5:33:05 AM AEST,20.0,nan,nan,nan,nan,nan,nan,nan,nan,nan,nan,nan
01-Mar-25 5:34:00 AM AEST,nan,nan,19.5,nan,nan,nan,78.80,nan,nan,nan,nan,nan
01-Mar-25 5:35:00 AM AEST,19.9,nan,19.4,nan,nan,nan,79.00,nan,nan,nan,nan,nan
01-Mar-25 5:36:00 AM AEST,nan,nan,nan,nan,nan,nan,78.90,nan,nan,nan,nan,nan
01-Mar-25 5:36:05 AM AEST,20.0,nan,nan,nan,nan,nan,nan,nan,nan,nan,nan,nan
01-Mar-25 5:37:00 AM AEST,nan,nan,nan,nan,nan,nan,79.00,nan,nan,nan,nan,nan
01-Mar-25 5:37:10 AM AEST,19.9,nan,nan,nan,nan,nan,nan,nan,nan,nan,nan,nan
01-Mar-25 5:38:00 AM AEST,nan,nan,nan,nan,nan,nan,78.90,nan,nan,nan,nan,nan
01-Mar-25 5:39:00 AM AEST,20.0,nan,nan,nan,nan,nan,nan,nan,nan,nan,nan,nan
01-Mar-25 5:40:00 AM AEST,nan,96.8,nan,nan,nan,nan,79.00,nan,nan,nan,nan,nan
01-Mar-25 5:41:00 AM AEST,nan,nan,nan,nan,nan,nan,78.90,nan,nan,nan,nan,nan
01-Mar-25 5:42:00 AM AEST,nan,96.7,nan,nan,nan,nan,nan,nan,nan,nan,nan,nan
01-Mar-25 5:43:00 AM AEST,19.9,nan,nan,nan,nan,nan,79.00,nan,nan,nan,nan,nan
01-Mar-25 5:44:00 AM AEST,nan,nan,nan,nan,nan,nan,78.90,nan,nan,nan,nan,nan
01-Mar-25 5:45:00 AM AEST,nan,nan,nan,nan,nan,nan,79.00,nan,nan,nan,nan,nan
01-Mar-25 5:46:00 AM AEST,nan,nan,19.3,nan,nan,nan,78.90,nan,nan,nan,nan,nan
01-Mar-25 5:47:00 AM AEST,20.0,96.8,19.4,nan,nan,nan,nan,nan,nan,nan,nan,nan
01-Mar-25 5:48:00 AM AEST,nan,nan,nan,nan,nan,nan,79.00,nan,nan,nan,nan,nan
01-Mar-25 5:49:00 AM AEST,19.9,nan,nan,nan,nan,nan,nan,nan,nan,nan,nan,nan
01-Mar-25 5:50:00 AM AEST,nan,96.7,nan,nan,nan,nan,nan,nan,nan,nan,nan,nan
01-Mar-25 5:51:00 AM AEST,nan,96.8,19.3,nan,nan,nan,nan,nan,nan,nan,nan,nan
01-Mar-25 5:52:00 AM AEST,19.8,96.7,19.4,nan,nan,nan,78.90,nan,nan,nan,nan,nan
01-Mar-25 5:53:00 AM AEST,nan,nan,19.3,nan,nan,nan,79.00,nan,nan,nan,nan,nan
01-Mar-25 5:53:05 AM AEST,19.9,nan,nan,nan,nan,nan,nan,nan,nan,nan,nan,nan
01-Mar-25 5:54:00 AM AEST,nan,96.8,nan,nan,nan,nan,nan,nan,nan,nan,nan,nan
01-Mar-25 5:55:00 AM AEST,nan,96.7,nan,nan,nan,nan,78.90,nan,nan,nan,nan,nan
01-Mar-25 5:56:00 AM AEST,19.8,96.8,nan,nan,nan,nan,79.00,nan,nan,nan,nan,nan
01-Mar-25 5:57:00 AM AEST,nan,96.7,nan,nan,nan,nan,78.90,nan,nan,nan,nan,nan
01-Mar-25 5:57:05 AM AEST,19.9,nan,nan,nan,nan,nan,nan,nan,nan,nan,nan,nan
01-Mar-25 5:58:00 AM AEST,nan,nan,nan,nan,nan,nan,79.00,nan,nan,nan,nan,nan
01-Mar-25 5:58:10 AM AEST,19.8,nan,nan,nan,nan,nan,nan,nan,nan,nan,nan,nan
01-Mar-25 5:59:00 AM AEST,nan,96.8,19.2,nan,nan,nan,78.90,nan,nan,nan,nan,nan
01-Mar-25 6:00:00 AM AEST,nan,96.7,19.3,nan,nan,0.02,79.00,nan,nan,nan,nan,nan
01-Mar-25 6:01:00 AM AEST,nan,96.8,19.2,nan,nan,nan,nan,nan,nan,nan,nan,nan
01-Mar-25 6:02:00 AM AEST,nan,nan,19.3,nan,nan,nan,78.90,nan,nan,nan,nan,nan
01-Mar-25 6:03:00 AM AEST,nan,nan,nan,nan,nan,nan,79.00,nan,nan,nan,nan,nan
01-Mar-25 6:05:00 AM AEST,19.9,nan,nan,nan,nan,nan,nan,nan,nan,nan,nan,nan
01-Mar-25 6:06:00 AM AEST,nan,nan,nan,nan,nan,nan,78.90,nan,nan,nan,nan,nan
01-Mar-25 6:06:05 AM AEST,19.8,nan,nan,nan,nan,nan,nan,nan,nan,nan,nan,nan
01-Mar-25 6:07:00 AM AEST,nan,97.0,nan,nan,nan,nan,79.00,nan,nan,nan,nan,0.80
01-Mar-25 6:08:00 AM AEST,nan,96.8,nan,nan,nan,nan,nan,nan,nan,nan,nan,0.00
01-Mar-25 6:09:00 AM AEST,nan,96.7,nan,nan,nan,nan,nan,nan,nan,nan,nan,nan
01-Mar-25 6:10:00 AM AEST,nan,96.8,19.2,nan,nan,nan,nan,nan,nan,nan,nan,nan
01-Mar-25 6:11:00 AM AEST,nan,nan,19.3,nan,nan,nan,nan,nan,nan,nan,nan,nan
01-Mar-25 6:12:00 AM AEST,nan,nan,19.2,nan,nan,nan,nan,nan,nan,nan,nan,nan
01-Mar-25 6:15:00 AM AEST,nan,97.0,nan,nan,nan,nan,78.90,nan,nan,nan,nan,nan
01-Mar-25 6:16:00 AM AEST,nan,96.8,19.3,nan,nan,nan,79.00,nan,nan,nan,nan,0.80
01-Mar-25 6:17:00 AM AEST,nan,97.0,nan,nan,nan,nan,78.90,nan,nan,nan,nan,1.70
01-Mar-25 6:18:00 AM AEST,nan,96.8,nan,nan,nan,nan,79.00,nan,nan,nan,nan,1.60
01-Mar-25 6:19:00 AM AEST,nan,97.0,nan,nan,nan,nan,78.90,nan,nan,nan,nan,2.50
01-Mar-25 6:20:00 AM AEST,nan,96.8,nan,nan,nan,nan,nan,nan,nan,nan,nan,3.30
01-Mar-25 6:21:00 AM AEST,nan,97.0,nan,nan,nan,nan,79.00,nan,nan,nan,nan,4.20
01-Mar-25 6:22:00 AM AEST,nan,nan,nan,nan,nan,nan,78.90,nan,nan,nan,nan,5.00
01-Mar-25 6:23:00 AM AEST,nan,nan,nan,nan,nan,nan,79.00,nan,nan,nan,nan,5.80
01-Mar-25 6:24:00 AM AEST,nan,nan,nan,nan,nan,nan,78.90,nan,nan,nan,nan,nan
01-Mar-25 6:25:00 AM AEST,nan,96.8,nan,nan,nan,nan,79.00,nan,nan,nan,nan,7.50
01-Mar-25 6:26:00 AM AEST,nan,97.0,nan,nan,nan,nan,nan,nan,nan,nan,nan,8.30
01-Mar-25 6:27:00 AM AEST,nan,nan,nan,nan,nan,nan,78.90,nan,nan,nan,nan,nan
01-Mar-25 6:28:00 AM AEST,19.9,nan,nan,nan,nan,nan,79.00,nan,nan,nan,nan,9.20
01-Mar-25 6:29:00 AM AEST,nan,97.2,19.4,nan,nan,nan,78.90,nan,nan,nan,nan,10.00
01-Mar-25 6:30:00 AM AEST,nan,97.0,nan,nan,nan,nan,79.00,nan,nan,nan,nan,10.80
01-Mar-25 6:31:00 AM AEST,nan,97.2,nan,nan,nan,nan,nan,nan,nan,nan,nan,nan
01-Mar-25 6:33:00 AM AEST,nan,97.0,nan,nan,nan,nan,78.90,nan,nan,nan,nan,12.50
01-Mar-25 6:34:00 AM AEST,nan,97.2,nan,nan,nan,nan,79.00,nan,nan,nan,nan,13.30
01-Mar-25 6:35:00 AM AEST,nan,nan,19.5,nan,nan,nan,78.90,nan,nan,nan,nan,14.20
01-Mar-25 6:36:00 AM AEST,20.0,nan,nan,nan,nan,nan,79.00,nan,nan,nan,nan,14.10
01-Mar-25 6:37:00 AM AEST,nan,nan,nan,nan,nan,nan,78.90,nan,nan,nan,nan,15.80
01-Mar-25 6:38:00 AM AEST,nan,97.3,nan,nan,nan,nan,nan,nan,nan,nan,nan,nan
01-Mar-25 6:39:00 AM AEST,nan,97.2,nan,nan,nan,nan,nan,nan,nan,nan,nan,16.70
01-Mar-25 6:40:00 AM AEST,nan,nan,nan,nan,nan,nan,79.00,nan,nan,nan,nan,18.30
01-Mar-25 6:41:00 AM AEST,nan,97.0,nan,nan,nan,nan,78.90,nan,nan,nan,nan,20.00
01-Mar-25 6:42:00 AM AEST,nan,97.2,nan,nan,nan,nan,79.00,nan,nan,nan,nan,18.30
01-Mar-25 6:43:00 AM AEST,20.1,97.3,nan,nan,nan,nan,nan,nan,nan,nan,nan,20.80
01-Mar-25 6:44:00 AM AEST,nan,97.2,19.6,nan,nan,nan,78.90,nan,nan,nan,nan,22.50
01-Mar-25 6:45:00 AM AEST,nan,nan,nan,nan,nan,nan,79.00,nan,nan,nan,nan,21.60
01-Mar-25 6:46:00 AM AEST,nan,97.3,nan,nan,nan,nan,78.90,nan,nan,nan,nan,20.80
01-Mar-25 6:47:00 AM AEST,nan,97.2,nan,nan,nan,nan,79.00,nan,nan,nan,nan,22.50
01-Mar-25 6:48:00 AM AEST,nan,nan,nan,nan,nan,nan,78.90,nan,nan,nan,nan,23.30
01-Mar-25 6:49:00 AM AEST,nan,nan,nan,nan,nan,nan,79.00,nan,nan,nan,nan,24.10
01-Mar-25 6:50:00 AM AEST,nan,97.3,nan,nan,nan,nan,78.90,nan,nan,nan,nan,23.30
01-Mar-25 6:51:00 AM AEST,20.2,nan,19.7,nan,nan,nan,79.00,nan,nan,nan,nan,25.00
01-Mar-25 6:52:00 AM AEST,nan,nan,19.8,nan,nan,nan,78.90,nan,nan,nan,nan,nan
01-Mar-25 6:53:00 AM AEST,nan,nan,nan,nan,nan,nan,nan,nan,nan,nan,nan,28.30
01-Mar-25 6:54:00 AM AEST,20.3,nan,nan,nan,nan,nan,79.00,nan,nan,nan,nan,35.00
01-Mar-25 6:55:00 AM AEST,nan,nan,nan,nan,nan,nan,78.90,nan,nan,nan,nan,42.50
01-Mar-25 6:56:00 AM AEST,nan,97.5,19.9,nan,nan,nan,nan,nan,nan,nan,nan,41.60
01-Mar-25 6:57:00 AM AEST,20.4,nan,nan,nan,nan,nan,79.00,nan,nan,nan,nan,33.30
01-Mar-25 6:58:00 AM AEST,nan,nan,20.0,nan,nan,nan,78.90,nan,nan,nan,nan,29.10
01-Mar-25 6:59:00 AM AEST,nan,97.3,nan,nan,nan,nan,nan,nan,nan,nan,nan,29.20
01-Mar-25 7:00:00 AM AEST,20.5,97.7,nan,nan,nan,nan,79.00,nan,nan,nan,nan,30.80
01-Mar-25 7:00:01 AM AEST,nan,nan,nan,nan,nan,0.10,nan,nan,nan,nan,nan,nan
01-Mar-25 7:01:00 AM AEST,nan,97.5,20.1,nan,nan,nan,nan,nan,nan,nan,nan,33.30
01-Mar-25 7:02:00 AM AEST,20.6,nan,nan,nan,nan,nan,78.80,nan,nan,nan,nan,37.50
01-Mar-25 7:03:00 AM AEST,nan,97.7,20.2,nan,nan,nan,79.00,nan,nan,nan,nan,40.00
01-Mar-25 7:04:00 AM AEST,nan,nan,20.3,nan,nan,nan,nan,nan,nan,nan,nan,37.50
01-Mar-25 7:05:00 AM AEST,20.7,97.5,20.2,nan,nan,nan,78.90,nan,nan,nan,nan,34.10
01-Mar-25 7:06:00 AM AEST,nan,97.7,20.3,nan,nan,nan,nan,nan,nan,nan,nan,32.50
01-Mar-25 7:07:00 AM AEST,20.8,nan,20.4,nan,nan,nan,79.00,nan,nan,nan,nan,nan
01-Mar-25 7:08:00 AM AEST,nan,97.8,nan,nan,nan,nan,nan,nan,nan,nan,nan,33.30
01-Mar-25 7:09:00 AM AEST,20.9,97.7,20.5,nan,nan,nan,78.90,nan,nan,nan,nan,35.00
01-Mar-25 7:10:00 AM AEST,nan,97.8,nan,nan,nan,nan,nan,nan,nan,nan,nan,nan
01-Mar-25 7:11:00 AM AEST,21.0,nan,20.6,nan,nan,nan,nan,nan,nan,nan,nan,nan
01-Mar-25 7:12:00 AM AEST,nan,nan,nan,nan,nan,nan,79.00,nan,nan,nan,nan,35.80
01-Mar-25 7:13:00 AM AEST,nan,nan,20.7,nan,nan,nan,nan,nan,nan,nan,nan,nan
01-Mar-25 7:14:00 AM AEST,21.1,nan,20.6,nan,nan,nan,78.90,nan,nan,nan,nan,38.30
01-Mar-25 7:15:00 AM AEST,nan,97.7,20.7,nan,nan,nan,nan,nan,nan,nan,nan,39.20
01-Mar-25 7:16:00 AM AEST,nan,97.8,nan,nan,nan,nan,79.00,nan,nan,nan,nan,43.30
01-Mar-25 7:17:00 AM AEST,nan,nan,nan,nan,nan,nan,78.90,nan,nan,nan,nan,55.80
01-Mar-25 7:18:00 AM AEST,21.2,nan,20.8,nan,nan,nan,79.00,nan,nan,nan,nan,52.50
01-Mar-25 7:19:00 AM AEST,nan,nan,20.9,nan,nan,nan,78.90,nan,nan,nan,nan,61.70
01-Mar-25 7:19:05 AM AEST,21.3,nan,nan,nan,nan,nan,nan,nan,nan,nan,nan,nan
01-Mar-25 7:20:00 AM AEST,nan,98.0,nan,nan,nan,nan,79.00,nan,nan,nan,nan,87.50
01-Mar-25 7:21:00 AM AEST,21.4,nan,21.0,nan,nan,nan,78.90,nan,nan,nan,nan,118.30
01-Mar-25 7:22:00 AM AEST,nan,nan,21.1,nan,nan,nan,79.00,nan,nan,nan,nan,148.30
01-Mar-25 7:22:05 AM AEST,21.5,nan,nan,nan,nan,nan,nan,nan,nan,nan,nan,nan
01-Mar-25 7:23:00 AM AEST,nan,98.2,21.2,nan,nan,nan,78.90,nan,nan,nan,nan,160.80
01-Mar-25 7:23:10 AM AEST,21.6,nan,nan,nan,nan,nan,nan,nan,nan,nan,nan,nan
01-Mar-25 7:24:00 AM AEST,nan,nan,21.3,nan,nan,nan,78.80,nan,nan,nan,nan,164.10
01-Mar-25 7:24:15 AM AEST,21.7,nan,nan,nan,nan,nan,nan,nan,nan,nan,nan,nan
01-Mar-25 7:25:00 AM AEST,nan,nan,21.4,nan,nan,nan,79.00,nan,nan,nan,nan,166.70
01-Mar-25 7:25:20 AM AEST,21.8,nan,nan,nan,nan,nan,nan,nan,nan,nan,nan,nan
01-Mar-25 7:26:00 AM AEST,nan,98.0,21.5,nan,nan,nan,nan,nan,nan,nan,nan,170.00
01-Mar-25 7:27:00 AM AEST,nan,nan,nan,nan,nan,nan,nan,nan,nan,nan,nan,174.10
01-Mar-25 7:28:00 AM AEST,21.9,nan,nan,nan,nan,nan,nan,nan,nan,nan,nan,177.50
01-Mar-25 7:29:00 AM AEST,nan,98.2,21.6,nan,nan,nan,nan,nan,nan,nan,nan,180.80
01-Mar-25 7:29:05 AM AEST,22.1,nan,nan,nan,nan,nan,nan,nan,nan,nan,nan,nan
01-Mar-25 7:30:00 AM AEST,nan,nan,21.8,nan,nan,nan,78.90,nan,nan,nan,nan,184.20
01-Mar-25 7:30:10 AM AEST,22.2,nan,nan,nan,nan,nan,nan,nan,nan,nan,nan,nan
01-Mar-25 7:31:00 AM AEST,nan,98.3,21.9,nan,nan,nan,79.00,nan,nan,nan,nan,186.60
01-Mar-25 7:31:15 AM AEST,22.4,nan,nan,nan,nan,nan,nan,nan,nan,nan,nan,nan
01-Mar-25 7:32:00 AM AEST,nan,nan,22.2,nan,nan,nan,78.90,nan,nan,nan,nan,190.00
01-Mar-25 7:32:20 AM AEST,22.6,nan,nan,nan,nan,nan,nan,nan,nan,nan,nan,nan
01-Mar-25 7:33:00 AM AEST,nan,nan,22.4,nan,nan,nan,79.00,nan,nan,nan,nan,193.30
01-Mar-25 7:33:25 AM AEST,22.8,nan,nan,nan,nan,nan,nan,nan,nan,nan,nan,nan
01-Mar-25 7:34:00 AM AEST,nan,nan,22.5,nan,nan,nan,78.90,nan,nan,nan,nan,195.80
01-Mar-25 7:35:00 AM AEST,23.0,nan,22.6,nan,nan,nan,nan,nan,nan,nan,nan,200.00
01-Mar-25 7:36:00 AM AEST,nan,98.2,22.7,nan,nan,nan,nan,nan,nan,nan,nan,202.50
01-Mar-25 7:36:05 AM AEST,23.1,nan,nan,nan,nan,nan,nan,nan,nan,nan,nan,nan
01-Mar-25 7:37:00 AM AEST,nan,nan,22.8,nan,nan,nan,79.00,nan,nan,nan,nan,205.80
01-Mar-25 7:38:00 AM AEST,23.2,98.0,nan,nan,nan,nan,78.90,nan,nan,nan,nan,209.10
01-Mar-25 7:39:00 AM AEST,nan,nan,22.9,nan,nan,nan,79.00,nan,nan,nan,nan,213.30
01-Mar-25 7:39:05 AM AEST,23.3,nan,nan,nan,nan,nan,nan,nan,nan,nan,nan,nan
01-Mar-25 7:40:00 AM AEST,nan,nan,23.0,nan,nan,nan,nan,nan,nan,nan,nan,215.00
01-Mar-25 7:40:10 AM AEST,23.6,nan,nan,nan,nan,nan,nan,nan,nan,nan,nan,nan
01-Mar-25 7:41:00 AM AEST,nan,nan,23.2,nan,nan,nan,nan,nan,nan,nan,nan,218.30
01-Mar-25 7:41:15 AM AEST,23.7,nan,nan,nan,nan,nan,nan,nan,nan,nan,nan,nan
01-Mar-25 7:42:00 AM AEST,nan,nan,23.4,nan,nan,nan,78.90,nan,nan,nan,nan,220.80
01-Mar-25 7:42:20 AM AEST,23.8,nan,nan,nan,nan,nan,nan,nan,nan,nan,nan,nan
01-Mar-25 7:43:00 AM AEST,nan,97.8,nan,nan,nan,nan,79.00,nan,nan,nan,nan,224.20
01-Mar-25 7:43:25 AM AEST,23.9,nan,nan,nan,nan,nan,nan,nan,nan,nan,nan,nan
01-Mar-25 7:44:00 AM AEST,nan,nan,23.5,nan,nan,nan,nan,nan,nan,nan,nan,227.50
01-Mar-25 7:44:30 AM AEST,24.0,nan,nan,nan,nan,nan,nan,nan,nan,nan,nan,nan
01-Mar-25 7:44:30 AM AEST,24.1,nan,nan,nan,nan,nan,nan,nan,nan,nan,nan,nan
01-Mar-25 7:45:00 AM AEST,nan,97.7,23.6,nan,nan,nan,nan,nan,nan,nan,nan,229.90
01-Mar-25 7:45:35 AM AEST,24.2,nan,nan,nan,nan,nan,nan,nan,nan,nan,nan,nan
01-Mar-25 7:46:00 AM AEST,nan,97.5,23.7,nan,nan,nan,78.90,nan,nan,nan,nan,234.20
01-Mar-25 7:46:40 AM AEST,24.4,nan,nan,nan,nan,nan,nan,nan,nan,nan,nan,nan
01-Mar-25 7:47:00 AM AEST,nan,nan,23.8,nan,nan,nan,nan,nan,nan,nan,nan,237.40
01-Mar-25 7:47:45 AM AEST,24.6,nan,nan,nan,nan,nan,nan,nan,nan,nan,nan,nan
01-Mar-25 7:48:00 AM AEST,nan,97.3,24.0,nan,nan,nan,nan,nan,nan,nan,nan,240.80
01-Mar-25 7:48:50 AM AEST,24.7,nan,nan,nan,nan,nan,nan,nan,nan,nan,nan,nan
01-Mar-25 7:49:00 AM AEST,nan,97.0,24.1,nan,nan,nan,nan,nan,nan,nan,nan,243.30
01-Mar-25 7:49:55 AM AEST,24.8,nan,nan,nan,nan,nan,nan,nan,nan,nan,nan,nan
01-Mar-25 7:50:00 AM AEST,nan,96.8,24.2,nan,nan,nan,79.00,nan,nan,nan,nan,246.70
01-Mar-25 7:51:00 AM AEST,24.9,96.5,24.3,nan,nan,nan,nan,nan,nan,nan,nan,250.80
01-Mar-25 7:52:00 AM AEST,nan,96.2,nan,nan,nan,nan,78.90,nan,nan,nan,nan,254.10
01-Mar-25 7:52:05 AM AEST,25.0,nan,nan,nan,nan,nan,nan,nan,nan,nan,nan,nan
01-Mar-25 7:53:00 AM AEST,nan,96.0,24.4,nan,nan,nan,79.00,nan,nan,nan,nan,257.50
01-Mar-25 7:53:10 AM AEST,25.2,nan,nan,nan,nan,nan,nan,nan,nan,nan,nan,nan
01-Mar-25 7:54:00 AM AEST,nan,95.7,24.5,nan,nan,nan,78.90,nan,nan,nan,nan,259.90
01-Mar-25 7:54:15 AM AEST,25.3,nan,nan,nan,nan,nan,nan,nan,nan,nan,nan,nan
01-Mar-25 7:55:00 AM AEST,nan,95.2,24.6,nan,nan,nan,nan,nan,nan,nan,nan,264.20
01-Mar-25 7:55:20 AM AEST,25.5,nan,nan,nan,nan,nan,nan,nan,nan,nan,nan,nan
01-Mar-25 7:56:00 AM AEST,nan,94.8,nan,nan,nan,nan,nan,nan,nan,nan,nan,268.30
01-Mar-25 7:56:25 AM AEST,25.7,nan,nan,nan,nan,nan,nan,nan,nan,nan,nan,nan
01-Mar-25 7:57:00 AM AEST,nan,94.0,24.8,nan,nan,nan,79.00,nan,nan,nan,nan,272.50
01-Mar-25 7:57:30 AM AEST,25.9,nan,nan,nan,nan,nan,nan,nan,nan,nan,nan,nan
01-Mar-25 7:58:00 AM AEST,nan,93.3,24.7,nan,nan,nan,78.90,nan,nan,nan,nan,275.80
01-Mar-25 7:58:35 AM AEST,26.0,nan,nan,nan,nan,nan,nan,nan,nan,nan,nan,nan
01-Mar-25 7:59:00 AM AEST,nan,92.7,nan,nan,nan,nan,nan,nan,nan,nan,nan,279.10
01-Mar-25 7:59:40 AM AEST,26.1,nan,nan,nan,nan,nan,nan,nan,nan,nan,nan,nan
01-Mar-25 8:00:00 AM AEST,nan,91.7,nan,nan,nan,nan,79.00,nan,nan,nan,nan,282.50
01-Mar-25 8:00:02 AM AEST,nan,nan,nan,nan,nan,0.28,nan,nan,nan,nan,nan,nan
01-Mar-25 8:00:45 AM AEST,26.3,nan,nan,nan,nan,nan,nan,nan,nan,nan,nan,nan
01-Mar-25 8:01:00 AM AEST,nan,90.8,nan,nan,nan,nan,78.90,nan,nan,nan,nan,285.80
01-Mar-25 8:01:50 AM AEST,26.4,nan,nan,nan,nan,nan,nan,nan,nan,nan,nan,nan
01-Mar-25 8:02:00 AM AEST,nan,89.8,nan,nan,nan,nan,nan,nan,nan,nan,nan,289.20
01-Mar-25 8:02:55 AM AEST,26.5,nan,nan,nan,nan,nan,nan,nan,nan,nan,nan,nan
01-Mar-25 8:03:00 AM AEST,nan,89.0,24.6,nan,nan,nan,79.00,nan,nan,nan,nan,292.40
01-Mar-25 8:04:00 AM AEST,nan,87.8,24.5,nan,nan,nan,78.90,nan,nan,nan,nan,295.00
01-Mar-25 8:05:00 AM AEST,26.8,87.5,24.3,nan,nan,nan,78.80,nan,nan,nan,nan,298.30
01-Mar-25 8:06:00 AM AEST,nan,86.7,24.5,nan,nan,nan,78.90,nan,nan,nan,nan,300.80
01-Mar-25 8:06:05 AM AEST,26.9,nan,nan,nan,nan,nan,nan,nan,nan,nan,nan,nan
01-Mar-25 8:07:00 AM AEST,nan,84.8,nan,nan,nan,nan,nan,nan,nan,nan,nan,305.00
01-Mar-25 8:07:10 AM AEST,27.0,nan,nan,nan,nan,nan,nan,nan,nan,nan,nan,nan
01-Mar-25 8:08:00 AM AEST,nan,84.0,24.3,nan,nan,nan,78.80,nan,nan,nan,nan,307.40
01-Mar-25 8:08:15 AM AEST,27.2,nan,nan,nan,nan,nan,nan,nan,nan,nan,nan,nan
01-Mar-25 8:09:00 AM AEST,nan,83.2,24.2,nan,nan,nan,79.00,nan,nan,nan,nan,311.70
01-Mar-25 8:09:20 AM AEST,27.3,nan,nan,nan,nan,nan,nan,nan,nan,nan,nan,nan
01-Mar-25 8:10:00 AM AEST,nan,82.2,nan,nan,nan,nan,78.90,nan,nan,nan,nan,313.30
01-Mar-25 8:10:25 AM AEST,27.4,nan,nan,nan,nan,nan,nan,nan,nan,nan,nan,nan
01-Mar-25 8:10:25 AM AEST,27.6,nan,nan,nan,nan,nan,nan,nan,nan,nan,nan,nan
01-Mar-25 8:11:00 AM AEST,nan,81.8,24.1,nan,nan,nan,nan,nan,nan,nan,nan,317.50
01-Mar-25 8:12:00 AM AEST,nan,80.3,24.2,nan,nan,nan,79.00,nan,nan,nan,nan,321.70
01-Mar-25 8:13:00 AM AEST,27.7,79.5,23.9,nan,nan,nan,78.90,nan,nan,nan,nan,324.90
01-Mar-25 8:14:00 AM AEST,nan,79.3,23.8,nan,nan,nan,79.00,nan,nan,nan,nan,328.30
01-Mar-25 8:14:05 AM AEST,27.8,nan,nan,nan,nan,nan,nan,nan,nan,nan,nan,nan
01-Mar-25 8:15:00 AM AEST,nan,nan,23.9,nan,nan,nan,nan,nan,nan,nan,nan,332.40
01-Mar-25 8:15:10 AM AEST,27.9,nan,nan,nan,nan,nan,nan,nan,nan,nan,nan,nan
01-Mar-25 8:16:00 AM AEST,nan,78.2,24.0,nan,nan,nan,nan,nan,nan,nan,nan,335.80
01-Mar-25 8:16:15 AM AEST,28.0,nan,nan,nan,nan,nan,nan,nan,nan,nan,nan,nan
01-Mar-25 8:17:00 AM AEST,nan,77.7,23.8,nan,nan,nan,nan,nan,nan,nan,nan,339.10
01-Mar-25 8:18:00 AM AEST,28.1,77.3,23.7,nan,nan,nan,79.10,nan,nan,nan,nan,343.30
01-Mar-25 8:19:00 AM AEST,nan,76.3,23.8,nan,nan,nan,79.00,nan,nan,nan,nan,347.50
01-Mar-25 8:20:00 AM AEST,28.2,76.0,23.6,nan,nan,nan,79.10,nan,nan,nan,nan,351.60
01-Mar-25 8:21:00 AM AEST,nan,nan,23.5,nan,nan,nan,nan,nan,nan,nan,nan,357.50
01-Mar-25 8:22:00 AM AEST,28.3,76.3,23.6,nan,nan,nan,79.20,nan,nan,nan,nan,360.80
01-Mar-25 8:23:00 AM AEST,nan,77.2,23.8,nan,nan,nan,79.00,nan,nan,nan,nan,364.90
01-Mar-25 8:23:05 AM AEST,28.4,nan,nan,nan,nan,nan,nan,nan,nan,nan,nan,nan
01-Mar-25 8:24:00 AM AEST,nan,76.7,24.0,nan,nan,nan,nan,nan,nan,nan,nan,368.30
01-Mar-25 8:24:10 AM AEST,28.5,nan,nan,nan,nan,nan,nan,nan,nan,nan,nan,nan
01-Mar-25 8:25:00 AM AEST,nan,76.5,nan,nan,nan,nan,nan,nan,nan,nan,nan,371.70
01-Mar-25 8:25:15 AM AEST,28.7,nan,nan,nan,nan,nan,nan,nan,nan,nan,nan,nan
01-Mar-25 8:26:00 AM AEST,nan,76.0,24.2,nan,nan,nan,nan,nan,nan,nan,nan,375.00
01-Mar-25 8:26:20 AM AEST,28.9,nan,nan,nan,nan,nan,nan,nan,nan,nan,nan,nan
01-Mar-25 8:27:00 AM AEST,nan,76.3,nan,nan,nan,nan,78.90,0.01,1.20,0.10,79.40,379.90
01-Mar-25 8:28:00 AM AEST,29.0,75.7,24.3,nan,nan,nan,79.10,0.00,0.00,0.00,0.00,383.30
01-Mar-25 8:29:00 AM AEST,nan,74.2,nan,nan,nan,nan,79.20,nan,nan,nan,nan,387.50
01-Mar-25 8:29:05 AM AEST,29.2,nan,nan,nan,nan,nan,nan,nan,nan,nan,nan,nan
01-Mar-25 8:30:00 AM AEST,nan,72.7,24.1,nan,nan,nan,79.10,nan,nan,nan,nan,391.60
01-Mar-25 8:31:00 AM AEST,29.3,72.0,23.8,nan,nan,nan,79.20,nan,nan,nan,nan,395.00
01-Mar-25 8:32:00 AM AEST,nan,71.7,nan,nan,nan,nan,nan,nan,nan,nan,nan,399.90
01-Mar-25 8:32:05 AM AEST,29.4,nan,nan,nan,nan,nan,nan,nan,nan,nan,nan,nan
01-Mar-25 8:33:00 AM AEST,nan,71.8,23.7,nan,nan,nan,79.00,nan,nan,nan,nan,403.30
01-Mar-25 8:33:10 AM AEST,29.6,nan,nan,nan,nan,nan,nan,nan,nan,nan,nan,nan
01-Mar-25 8:34:00 AM AEST,nan,71.3,23.9,nan,nan,nan,nan,0.07,2.40,0.70,79.00,406.60
01-Mar-25 8:35:00 AM AEST,29.7,70.7,23.8,nan,nan,nan,78.90,0.04,1.20,0.40,nan,410.00
01-Mar-25 8:36:00 AM AEST,nan,70.0,nan,nan,nan,nan,nan,0.00,0.00,0.00,0.00,414.20
01-Mar-25 8:37:00 AM AEST,29.9,69.8,23.7,nan,nan,nan,79.00,nan,nan,nan,nan,416.60
01-Mar-25 8:38:00 AM AEST,nan,70.5,23.8,nan,nan,nan,nan,nan,nan,nan,nan,420.80
01-Mar-25 8:38:05 AM AEST,30.0,nan,nan,nan,nan,nan,nan,nan,nan,nan,nan,nan
01-Mar-25 8:39:00 AM AEST,nan,70.8,24.0,nan,nan,nan,nan,nan,nan,nan,nan,423.30
01-Mar-25 8:39:10 AM AEST,30.1,nan,nan,nan,nan,nan,nan,nan,nan,nan,nan,nan
01-Mar-25 8:40:00 AM AEST,nan,70.5,24.2,nan,nan,nan,nan,0.09,2.40,0.90,79.20,425.00
01-Mar-25 8:40:15 AM AEST,30.2,nan,nan,nan,nan,nan,nan,nan,nan,nan,nan,nan
01-Mar-25 8:41:00 AM AEST,nan,70.0,nan,nan,nan,nan,nan,0.01,1.20,0.10,79.40,428.30
01-Mar-25 8:42:00 AM AEST,30.3,69.5,24.1,nan,nan,nan,nan,nan,nan,nan,nan,430.80
01-Mar-25 8:43:00 AM AEST,nan,68.2,nan,nan,nan,nan,nan,0.00,0.00,0.00,0.00,433.30
01-Mar-25 8:44:00 AM AEST,30.4,67.7,23.8,nan,nan,nan,nan,nan,nan,nan,nan,437.40
01-Mar-25 8:45:00 AM AEST,nan,66.8,23.7,nan,nan,nan,nan,nan,nan,nan,nan,438.30
01-Mar-25 8:45:05 AM AEST,30.6,nan,nan,nan,nan,nan,nan,nan,nan,nan,nan,nan
01-Mar-25 8:46:00 AM AEST,nan,67.5,nan,nan,nan,nan,78.90,nan,nan,nan,nan,441.70
01-Mar-25 8:46:10 AM AEST,30.7,nan,nan,nan,nan,nan,nan,nan,nan,nan,nan,nan
01-Mar-25 8:47:00 AM AEST,nan,68.2,24.0,nan,nan,nan,79.00,nan,nan,nan,nan,444.90
01-Mar-25 8:47:15 AM AEST,30.9,nan,nan,nan,nan,nan,nan,nan,nan,nan,nan,nan
01-Mar-25 8:47:15 AM AEST,31.0,nan,nan,nan,nan,nan,nan,nan,nan,nan,nan,nan
01-Mar-25 8:48:00 AM AEST,nan,66.2,24.3,nan,nan,nan,nan,nan,nan,nan,nan,450.80
01-Mar-25 8:48:20 AM AEST,30.9,nan,nan,nan,nan,nan,nan,nan,nan,nan,nan,nan
01-Mar-25 8:49:00 AM AEST,nan,64.0,23.9,nan,nan,nan,nan,nan,nan,nan,nan,456.60
01-Mar-25 8:49:25 AM AEST,30.8,nan,nan,nan,nan,nan,nan,nan,nan,nan,nan,nan
01-Mar-25 8:50:00 AM AEST,nan,62.2,23.3,nan,nan,nan,79.20,0.01,1.20,0.10,79.40,460.80
01-Mar-25 8:50:30 AM AEST,30.7,nan,nan,nan,nan,nan,nan,nan,nan,nan,nan,nan
01-Mar-25 8:51:00 AM AEST,nan,62.3,22.7,nan,nan,nan,79.10,nan,nan,nan,82.90,463.30
01-Mar-25 8:52:00 AM AEST,nan,62.5,nan,nan,nan,nan,79.00,0.06,3.50,0.60,79.20,465.80
01-Mar-25 8:53:00 AM AEST,30.6,62.3,nan,nan,nan,nan,nan,0.13,nan,1.30,79.10,469.20
01-Mar-25 8:54:00 AM AEST,nan,62.2,22.6,nan,nan,nan,nan,0.07,2.40,0.70,79.30,471.60
01-Mar-25 8:55:00 AM AEST,30.7,63.3,22.5,nan,nan,nan,nan,0.01,1.20,0.10,79.40,473.30
01-Mar-25 8:56:00 AM AEST,nan,64.0,22.9,nan,nan,nan,79.10,nan,nan,nan,nan,476.70
01-Mar-25 8:56:05 AM AEST,30.8,nan,nan,nan,nan,nan,nan,nan,nan,nan,nan,nan
01-Mar-25 8:57:00 AM AEST,nan,64.2,23.2,nan,nan,nan,79.20,0.03,2.40,0.30,79.50,480.80
01-Mar-25 8:57:10 AM AEST,31.0,nan,nan,nan,nan,nan,nan,nan,nan,nan,nan,nan
01-Mar-25 8:58:00 AM AEST,nan,63.2,23.4,nan,nan,nan,79.10,0.05,nan,0.50,79.60,483.30
01-Mar-25 8:58:15 AM AEST,31.1,nan,nan,nan,nan,nan,nan,nan,nan,nan,nan,nan
01-Mar-25 8:59:00 AM AEST,nan,62.8,23.3,nan,nan,nan,79.20,0.11,3.50,1.10,79.40,487.40
01-Mar-25 8:59:20 AM AEST,31.0,nan,nan,nan,nan,nan,nan,nan,nan,nan,nan,nan
01-Mar-25 9:00:00 AM AEST,nan,62.7,23.1,nan,nan,nan,nan,0.05,2.40,0.50,79.10,490.80
01-Mar-25 9:00:03 AM AEST,nan,nan,nan,nan,nan,0.45,nan,nan,nan,nan,nan,nan
01-Mar-25 9:01:00 AM AEST,nan,63.5,23.0,nan,nan,nan,nan,0.03,1.20,0.30,80.20,495.80
01-Mar-25 9:02:00 AM AEST,31.2,nan,23.3,nan,nan,nan,nan,nan,nan,nan,79.50,499.10
01-Mar-25 9:03:00 AM AEST,nan,63.8,23.4,nan,nan,nan,nan,0.00,0.00,0.00,0.00,504.20
01-Mar-25 9:03:05 AM AEST,31.4,nan,nan,nan,nan,nan,nan,nan,nan,nan,nan,nan
01-Mar-25 9:04:00 AM AEST,nan,63.3,23.7,nan,nan,nan,nan,nan,nan,nan,nan,506.60
01-Mar-25 9:04:10 AM AEST,31.5,nan,nan,nan,nan,nan,nan,nan,nan,nan,nan,nan
01-Mar-25 9:05:00 AM AEST,nan,62.3,nan,nan,nan,nan,nan,nan,nan,nan,nan,511.70
01-Mar-25 9:05:15 AM AEST,31.6,nan,nan,nan,nan,nan,nan,nan,nan,nan,nan,nan
01-Mar-25 9:06:00 AM AEST,nan,62.7,23.5,nan,nan,nan,nan,nan,nan,nan,nan,515.00
01-Mar-25 9:06:20 AM AEST,31.7,nan,nan,nan,nan,nan,nan,nan,nan,nan,nan,nan
01-Mar-25 9:07:00 AM AEST,nan,63.2,23.7,nan,nan,nan,nan,nan,nan,nan,nan,518.30
01-Mar-25 9:07:25 AM AEST,31.8,nan,nan,nan,nan,nan,nan,nan,nan,nan,nan,nan
01-Mar-25 9:07:25 AM AEST,31.9,nan,nan,nan,nan,nan,nan,nan,nan,nan,nan,nan
01-Mar-25 9:08:00 AM AEST,nan,64.5,23.9,nan,nan,nan,nan,0.08,2.40,0.80,79.30,520.80
01-Mar-25 9:09:00 AM AEST,nan,65.2,24.4,nan,nan,nan,nan,nan,nan,nan,79.40,525.80
01-Mar-25 9:10:00 AM AEST,nan,61.8,24.5,nan,nan,nan,nan,nan,nan,nan,nan,528.30
01-Mar-25 9:11:00 AM AEST,nan,61.0,23.7,nan,nan,nan,96.60,0.21,4.70,1.90,106.60,535.80
01-Mar-25 9:12:00 AM AEST,31.7,60.0,23.4,nan,nan,nan,216.90,0.29,nan,1.70,209.80,537.40
01-Mar-25 9:13:00 AM AEST,nan,61.0,23.0,nan,nan,nan,258.60,0.05,2.40,0.50,258.80,542.50
01-Mar-25 9:13:05 AM AEST,31.8,nan,nan,nan,nan,nan,nan,nan,nan,nan,nan,nan
01-Mar-25 9:14:00 AM AEST,nan,62.7,23.3,nan,nan,nan,258.70,0.01,1.20,0.10,259.40,545.80
01-Mar-25 9:14:10 AM AEST,31.9,nan,nan,nan,nan,nan,nan,nan,nan,nan,nan,nan
01-Mar-25 9:15:00 AM AEST,nan,62.8,23.9,nan,nan,nan,258.60,0.00,0.00,0.00,0.00,546.70
01-Mar-25 9:15:15 AM AEST,32.0,nan,nan,nan,nan,nan,nan,nan,nan,nan,nan,nan
01-Mar-25 9:16:00 AM AEST,nan,62.2,24.0,nan,nan,nan,258.70,0.04,1.20,0.40,259.00,552.50
01-Mar-25 9:16:20 AM AEST,32.2,nan,nan,nan,nan,nan,nan,nan,nan,nan,nan,nan
01-Mar-25 9:17:00 AM AEST,nan,61.0,nan,nan,nan,nan,258.60,0.02,nan,0.20,258.20,558.30
01-Mar-25 9:18:00 AM AEST,nan,61.2,23.7,nan,nan,nan,260.40,0.17,4.70,1.70,262.60,563.30
01-Mar-25 9:19:00 AM AEST,32.0,62.5,23.8,nan,nan,nan,302.60,0.47,5.90,4.70,302.60,565.80
01-Mar-25 9:20:00 AM AEST,nan,61.3,24.0,nan,nan,nan,303.90,0.09,3.50,0.90,303.90,570.00
01-Mar-25 9:21:00 AM AEST,32.1,63.2,23.6,nan,nan,nan,330.80,0.24,5.90,2.30,342.10,571.70
01-Mar-25 9:22:00 AM AEST,nan,63.0,24.2,nan,nan,nan,323.10,0.30,4.70,2.70,314.70,574.90
01-Mar-25 9:22:05 AM AEST,32.0,nan,nan,nan,nan,nan,nan,nan,nan,nan,nan,nan
01-Mar-25 9:23:00 AM AEST,nan,58.7,24.1,nan,nan,nan,296.60,0.20,3.50,2.00,296.60,575.80
01-Mar-25 9:24:00 AM AEST,32.1,58.3,22.9,nan,nan,nan,296.50,0.09,2.40,0.90,296.40,578.30
01-Mar-25 9:25:00 AM AEST,nan,57.3,22.8,nan,nan,nan,296.60,nan,nan,nan,296.60,580.80
01-Mar-25 9:25:05 AM AEST,32.0,nan,nan,nan,nan,nan,nan,nan,nan,nan,nan,nan
01-Mar-25 9:26:00 AM AEST,nan,58.5,22.5,nan,nan,nan,nan,0.00,0.00,0.00,0.00,581.70
01-Mar-25 9:27:00 AM AEST,32.2,60.3,22.9,nan,nan,nan,nan,nan,nan,nan,nan,584.10
01-Mar-25 9:28:00 AM AEST,nan,59.8,23.6,nan,nan,nan,nan,nan,nan,nan,nan,586.70
01-Mar-25 9:28:05 AM AEST,32.5,nan,nan,nan,nan,nan,nan,nan,nan,nan,nan,nan
01-Mar-25 9:29:00 AM AEST,nan,59.7,23.7,nan,nan,nan,nan,0.01,1.20,0.10,296.60,590.80
01-Mar-25 9:29:10 AM AEST,32.6,nan,nan,nan,nan,nan,nan,nan,nan,nan,nan,nan
01-Mar-25 9:30:00 AM AEST,nan,57.5,23.8,nan,nan,nan,233.90,0.28,4.70,2.40,209.20,593.30
01-Mar-25 9:30:15 AM AEST,32.5,nan,nan,nan,nan,nan,nan,nan,nan,nan,nan,nan
01-Mar-25 9:30:15 AM AEST,32.2,nan,nan,nan,nan,nan,nan,nan,nan,nan,nan,nan
01-Mar-25 9:31:00 AM AEST,nan,56.7,23.0,nan,nan,nan,199.20,0.27,3.50,2.70,199.20,597.50
01-Mar-25 9:31:20 AM AEST,32.0,nan,nan,nan,nan,nan,nan,nan,nan,nan,nan,nan
01-Mar-25 9:32:00 AM AEST,nan,56.8,22.5,nan,nan,nan,200.70,nan,nan,nan,200.70,600.80
01-Mar-25 9:32:25 AM AEST,32.1,nan,nan,nan,nan,nan,nan,nan,nan,nan,nan,nan
01-Mar-25 9:33:00 AM AEST,nan,57.3,22.4,nan,nan,nan,201.60,0.13,2.40,1.30,201.50,604.20
01-Mar-25 9:34:00 AM AEST,nan,58.3,22.6,nan,nan,nan,211.40,0.12,4.70,1.10,236.50,606.70
01-Mar-25 9:35:00 AM AEST,nan,59.0,22.9,nan,nan,nan,281.70,0.28,nan,2.80,281.60,613.30
01-Mar-25 9:36:00 AM AEST,nan,60.3,23.0,nan,nan,nan,270.90,0.20,nan,1.90,260.50,616.70
01-Mar-25 9:37:00 AM AEST,nan,59.3,23.5,nan,nan,nan,217.50,0.31,nan,3.10,217.50,617.40
01-Mar-25 9:38:00 AM AEST,nan,59.0,23.2,nan,nan,nan,217.10,0.34,nan,3.40,217.10,618.30
01-Mar-25 9:39:00 AM AEST,nan,59.2,23.0,nan,nan,nan,216.70,0.22,3.50,2.20,216.70,622.50
01-Mar-25 9:40:00 AM AEST,31.9,58.5,23.1,nan,nan,nan,188.90,0.30,4.70,2.90,188.10,628.30
01-Mar-25 9:41:00 AM AEST,nan,nan,22.8,nan,nan,nan,181.20,0.31,5.90,3.10,181.20,634.20
01-Mar-25 9:42:00 AM AEST,31.7,57.0,22.7,nan,nan,nan,nan,0.41,nan,4.10,181.10,639.10
01-Mar-25 9:43:00 AM AEST,nan,nan,22.2,nan,nan,nan,187.90,0.40,nan,4.00,189.60,641.70
01-Mar-25 9:44:00 AM AEST,nan,56.8,22.1,nan,nan,nan,198.50,0.36,4.70,3.60,198.50,646.70
01-Mar-25 9:45:00 AM AEST,nan,57.3,22.0,nan,nan,nan,nan,0.25,nan,2.50,nan,650.80
01-Mar-25 9:46:00 AM AEST,nan,57.2,22.2,nan,nan,nan,198.80,0.36,5.90,3.60,198.70,653.30
01-Mar-25 9:47:00 AM AEST,31.8,56.7,nan,nan,nan,nan,nan,0.04,1.20,0.40,198.80,650.80
01-Mar-25 9:48:00 AM AEST,nan,57.0,22.1,nan,nan,nan,198.90,0.01,nan,0.10,198.40,nan
01-Mar-25 9:48:05 AM AEST,32.0,nan,nan,nan,nan,nan,nan,nan,nan,nan,nan,nan
01-Mar-25 9:49:00 AM AEST,nan,57.3,22.4,nan,nan,nan,198.80,0.11,2.40,1.10,198.70,654.20
01-Mar-25 9:49:10 AM AEST,32.1,nan,nan,nan,nan,nan,nan,nan,nan,nan,nan,nan
01-Mar-25 9:50:00 AM AEST,nan,57.5,22.6,nan,nan,nan,nan,0.01,1.20,0.10,198.40,661.60
01-Mar-25 9:50:15 AM AEST,32.2,nan,nan,nan,nan,nan,nan,nan,nan,nan,nan,nan
01-Mar-25 9:51:00 AM AEST,nan,57.8,22.7,nan,nan,nan,245.60,0.28,5.90,2.70,260.50,668.30
01-Mar-25 9:51:20 AM AEST,32.3,nan,nan,nan,nan,nan,nan,nan,nan,nan,nan,nan
01-Mar-25 9:52:00 AM AEST,nan,57.2,22.9,nan,nan,nan,280.00,0.48,7.10,4.50,282.80,671.70
01-Mar-25 9:52:25 AM AEST,32.2,nan,nan,nan,nan,nan,nan,nan,nan,nan,nan,nan
01-Mar-25 9:53:00 AM AEST,nan,59.3,22.7,nan,nan,nan,303.90,0.31,5.90,2.80,298.80,674.10
01-Mar-25 9:54:00 AM AEST,nan,nan,23.3,nan,nan,nan,308.80,0.60,9.50,5.30,310.90,675.80
01-Mar-25 9:55:00 AM AEST,nan,58.8,nan,nan,nan,nan,295.50,0.42,5.90,3.90,299.30,677.40
01-Mar-25 9:56:00 AM AEST,32.1,60.0,23.1,nan,nan,nan,339.00,0.47,7.10,4.70,339.10,676.70
01-Mar-25 9:57:00 AM AEST,nan,58.8,23.4,nan,nan,nan,309.90,0.33,5.90,3.30,310.20,678.30
01-Mar-25 9:57:05 AM AEST,32.2,nan,nan,nan,nan,nan,nan,nan,nan,nan,nan,nan
01-Mar-25 9:58:00 AM AEST,nan,58.2,23.1,nan,nan,nan,303.20,0.34,4.70,3.40,302.00,680.80
01-Mar-25 9:58:10 AM AEST,32.3,nan,nan,nan,nan,nan,nan,nan,nan,nan,nan,nan
01-Mar-25 9:59:00 AM AEST,nan,nan,23.0,nan,nan,nan,305.70,0.23,3.50,2.30,305.80,678.30
01-Mar-25 9:59:15 AM AEST,32.4,nan,nan,nan,nan,nan,nan,nan,nan,nan,nan,nan
01-Mar-25 10:00:00 AM AEST,nan,57.8,23.1,nan,nan,nan,306.30,0.19,2.40,1.90,306.20,679.90
01-Mar-25 10:00:04 AM AEST,nan,nan,nan,nan,nan,0.59,nan,nan,nan,nan,nan,nan
01-Mar-25 10:01:00 AM AEST,nan,56.8,23.0,nan,nan,nan,312.20,0.20,3.50,1.80,316.80,685.00
01-Mar-25 10:02:00 AM AEST,32.3,55.2,22.8,nan,nan,nan,37.50,0.33,4.70,3.30,37.50,688.30
01-Mar-25 10:03:00 AM AEST,nan,56.0,22.1,nan,nan,nan,37.80,0.14,2.40,1.40,37.70,689.90
01-Mar-25 10:04:00 AM AEST,32.7,56.2,22.4,nan,nan,nan,nan,0.00,0.00,0.00,0.00,689.20
01-Mar-25 10:05:00 AM AEST,nan,55.7,22.8,nan,nan,nan,nan,0.01,1.20,0.10,37.60,694.10
01-Mar-25 10:05:05 AM AEST,32.8,nan,nan,nan,nan,nan,nan,nan,nan,nan,nan,nan
01-Mar-25 10:06:00 AM AEST,nan,54.7,22.7,nan,nan,nan,55.80,0.12,3.50,1.00,77.10,700.00
01-Mar-25 10:06:10 AM AEST,32.7,nan,nan,nan,nan,nan,nan,nan,nan,nan,nan,nan
01-Mar-25 10:07:00 AM AEST,nan,53.5,22.4,nan,nan,nan,142.50,0.33,5.90,3.20,146.80,704.20
01-Mar-25 10:07:15 AM AEST,32.6,nan,nan,nan,nan,nan,nan,nan,nan,nan,nan,nan
01-Mar-25 10:08:00 AM AEST,nan,53.8,22.0,nan,nan,nan,157.20,0.22,3.50,2.20,157.30,708.20
01-Mar-25 10:08:20 AM AEST,32.7,nan,nan,nan,nan,nan,nan,nan,nan,nan,nan,nan
01-Mar-25 10:09:00 AM AEST,nan,54.8,22.1,nan,nan,nan,196.90,0.26,nan,1.30,194.50,709.20
01-Mar-25 10:10:00 AM AEST,32.8,54.7,22.4,nan,nan,nan,286.50,0.12,2.40,1.20,286.50,709.10
01-Mar-25 10:11:00 AM AEST,nan,55.3,22.5,nan,nan,nan,298.20,0.32,8.30,3.20,311.40,714.20
01-Mar-25 10:11:05 AM AEST,33.0,nan,nan,nan,nan,nan,nan,nan,nan,nan,nan,nan
01-Mar-25 10:12:00 AM AEST,nan,53.5,22.8,nan,nan,nan,315.90,0.51,7.10,5.00,314.60,716.70
01-Mar-25 10:12:10 AM AEST,32.8,nan,nan,nan,nan,nan,nan,nan,nan,nan,nan,nan
01-Mar-25 10:13:00 AM AEST,nan,53.3,22.1,nan,nan,nan,328.00,0.49,5.90,4.90,328.00,719.10
01-Mar-25 10:14:00 AM AEST,nan,53.0,22.0,nan,nan,nan,nan,0.32,4.70,3.20,nan,725.00
01-Mar-25 10:15:00 AM AEST,nan,53.5,nan,nan,nan,nan,322.60,0.41,7.10,4.10,323.10,728.30
01-Mar-25 10:16:00 AM AEST,32.7,53.3,22.1,nan,nan,nan,320.30,0.12,3.50,1.20,320.10,724.10
01-Mar-25 10:17:00 AM AEST,nan,54.3,22.0,nan,nan,nan,nan,0.00,0.00,0.00,0.00,730.00
01-Mar-25 10:17:05 AM AEST,32.9,nan,nan,nan,nan,nan,nan,nan,nan,nan,nan,nan
01-Mar-25 10:18:00 AM AEST,nan,54.2,22.5,nan,nan,nan,320.70,nan,nan,nan,nan,724.10
01-Mar-25 10:18:10 AM AEST,33.0,nan,nan,nan,nan,nan,nan,nan,nan,nan,nan,nan
01-Mar-25 10:19:00 AM AEST,nan,54.5,nan,nan,nan,nan,325.60,0.13,3.50,1.30,328.90,757.50
01-Mar-25 10:19:15 AM AEST,32.9,nan,nan,nan,nan,nan,nan,nan,nan,nan,nan,nan
01-Mar-25 10:20:00 AM AEST,nan,55.2,nan,nan,nan,nan,341.70,0.30,5.90,2.50,342.50,759.20
01-Mar-25 10:20:20 AM AEST,33.0,nan,nan,nan,nan,nan,nan,nan,nan,nan,nan,nan
01-Mar-25 10:21:00 AM AEST,nan,55.7,22.8,nan,nan,nan,345.20,0.23,3.50,2.30,346.50,756.60
01-Mar-25 10:21:25 AM AEST,33.1,nan,nan,nan,nan,nan,nan,nan,nan,nan,nan,nan
01-Mar-25 10:22:00 AM AEST,nan,55.3,22.9,nan,nan,nan,339.50,0.25,nan,2.50,339.60,765.00
01-Mar-25 10:22:30 AM AEST,33.2,nan,nan,nan,nan,nan,nan,nan,nan,nan,nan,nan
01-Mar-25 10:23:00 AM AEST,nan,55.2,nan,nan,nan,nan,nan,0.22,nan,2.20,nan,769.90
01-Mar-25 10:23:35 AM AEST,33.3,nan,nan,nan,nan,nan,nan,nan,nan,nan,nan,nan
01-Mar-25 10:24:00 AM AEST,nan,54.3,nan,nan,nan,nan,339.60,0.18,2.40,1.80,339.70,764.20
01-Mar-25 10:24:40 AM AEST,33.4,nan,nan,nan,nan,nan,nan,nan,nan,nan,nan,nan
01-Mar-25 10:25:00 AM AEST,nan,53.0,22.8,nan,nan,nan,nan,0.05,1.20,0.50,339.80,761.70
01-Mar-25 10:26:00 AM AEST,nan,52.5,22.5,nan,nan,nan,339.70,0.08,nan,0.80,339.60,761.60
01-Mar-25 10:27:00 AM AEST,33.3,52.0,22.4,nan,nan,nan,nan,0.14,2.40,1.40,nan,752.50
01-Mar-25 10:28:00 AM AEST,nan,52.7,22.1,nan,nan,nan,nan,0.04,nan,0.40,339.90,747.40
01-Mar-25 10:29:00 AM AEST,33.5,53.3,22.3,nan,nan,nan,339.50,0.01,1.20,0.10,341.60,750.00
01-Mar-25 10:30:00 AM AEST,nan,52.0,22.7,nan,nan,nan,326.30,0.35,7.10,3.40,319.10,754.20
01-Mar-25 10:30:05 AM AEST,33.6,nan,nan,nan,nan,nan,nan,nan,nan,nan,nan,nan
01-Mar-25 10:31:00 AM AEST,nan,51.3,22.3,nan,nan,nan,309.20,0.46,nan,4.60,309.20,754.90
01-Mar-25 10:31:10 AM AEST,33.3,nan,nan,nan,nan,nan,nan,nan,nan,nan,nan,nan
01-Mar-25 10:32:00 AM AEST,nan,51.8,21.9,nan,nan,nan,308.50,0.14,2.40,1.40,308.40,759.20
01-Mar-25 10:33:00 AM AEST,nan,53.7,22.0,nan,nan,nan,225.80,0.50,9.50,4.00,215.70,762.40
01-Mar-25 10:34:00 AM AEST,33.1,nan,22.6,nan,nan,nan,151.90,0.35,5.90,3.30,149.20,765.80
01-Mar-25 10:35:00 AM AEST,nan,53.8,22.5,nan,nan,nan,138.40,0.22,3.50,2.20,138.90,768.30
01-Mar-25 10:35:05 AM AEST,33.0,nan,nan,nan,nan,nan,nan,nan,nan,nan,nan,nan
01-Mar-25 10:36:00 AM AEST,nan,54.0,22.4,nan,nan,nan,132.00,0.27,nan,2.60,130.50,772.40
01-Mar-25 10:37:00 AM AEST,32.9,nan,22.5,nan,nan,nan,123.60,0.31,4.70,3.10,123.40,778.30
01-Mar-25 10:38:00 AM AEST,nan,54.8,22.4,nan,nan,nan,122.80,0.27,nan,2.70,123.00,779.20
01-Mar-25 10:39:00 AM AEST,32.7,53.8,22.6,nan,nan,nan,143.10,0.58,8.30,5.80,143.10,780.70
01-Mar-25 10:40:00 AM AEST,nan,53.3,22.1,nan,nan,nan,141.30,0.46,5.90,4.60,141.30,781.70
01-Mar-25 10:40:05 AM AEST,32.5,nan,nan,nan,nan,nan,nan,nan,nan,nan,nan,nan
01-Mar-25 10:41:00 AM AEST,nan,53.8,21.8,nan,nan,nan,141.10,0.24,3.50,2.40,141.10,779.90
01-Mar-25 10:42:00 AM AEST,32.6,54.0,21.9,nan,nan,nan,146.00,0.27,4.70,2.70,147.40,780.00
01-Mar-25 10:43:00 AM AEST,nan,55.2,22.1,nan,nan,nan,188.00,0.28,5.90,1.50,216.60,781.70
01-Mar-25 10:43:05 AM AEST,32.8,nan,nan,nan,nan,nan,nan,nan,nan,nan,nan,nan
01-Mar-25 10:44:00 AM AEST,nan,55.3,22.6,nan,nan,nan,284.80,0.14,4.70,1.40,284.80,785.70
01-Mar-25 10:44:10 AM AEST,32.9,nan,nan,nan,nan,nan,nan,nan,nan,nan,nan,nan
01-Mar-25 10:45:00 AM AEST,nan,55.2,22.8,nan,nan,nan,298.50,0.41,7.10,3.90,302.70,788.30
01-Mar-25 10:45:15 AM AEST,33.0,nan,nan,nan,nan,nan,nan,nan,nan,nan,nan,nan
01-Mar-25 10:46:00 AM AEST,nan,54.7,nan,nan,nan,nan,343.30,0.29,5.90,2.80,349.00,795.70
01-Mar-25 10:47:00 AM AEST,33.1,54.0,22.7,nan,nan,nan,358.90,0.22,4.70,2.20,358.80,802.50
01-Mar-25 10:48:00 AM AEST,nan,55.0,22.5,nan,nan,nan,359.30,0.06,2.40,0.60,359.60,807.50
01-Mar-25 10:48:05 AM AEST,33.2,nan,nan,nan,nan,nan,nan,nan,nan,nan,nan,nan
01-Mar-25 10:49:00 AM AEST,nan,55.7,23.0,nan,nan,nan,359.10,0.09,4.70,0.90,359.10,806.60
01-Mar-25 10:49:10 AM AEST,33.5,nan,nan,nan,nan,nan,nan,nan,nan,nan,nan,nan
01-Mar-25 10:50:00 AM AEST,nan,54.7,23.4,nan,nan,nan,358.60,0.33,5.90,3.30,358.70,804.20
01-Mar-25 10:50:15 AM AEST,33.4,nan,nan,nan,nan,nan,nan,nan,nan,nan,nan,nan
01-Mar-25 10:51:00 AM AEST,nan,54.0,23.0,nan,nan,nan,194.10,0.39,7.10,3.20,194.90,800.00
01-Mar-25 10:51:20 AM AEST,33.3,nan,nan,nan,nan,nan,nan,nan,nan,nan,nan,nan
01-Mar-25 10:52:00 AM AEST,nan,54.5,22.8,nan,nan,nan,222.20,0.25,3.50,2.30,223.80,795.70
01-Mar-25 10:53:00 AM AEST,33.2,53.7,22.9,nan,nan,nan,206.30,0.57,9.50,5.70,205.20,797.50
01-Mar-25 10:54:00 AM AEST,nan,53.5,22.5,nan,nan,nan,177.90,0.21,3.50,2.00,175.50,799.90
01-Mar-25 10:54:05 AM AEST,33.1,nan,nan,nan,nan,nan,nan,nan,nan,nan,nan,nan
01-Mar-25 10:55:00 AM AEST,nan,55.0,22.3,nan,nan,nan,163.20,0.23,5.90,2.30,163.30,801.70
01-Mar-25 10:55:10 AM AEST,33.0,nan,nan,nan,nan,nan,nan,nan,nan,nan,nan,nan
01-Mar-25 10:56:00 AM AEST,nan,55.2,22.7,nan,nan,nan,200.20,0.33,4.70,2.90,203.20,804.20
01-Mar-25 10:56:15 AM AEST,33.2,nan,nan,nan,nan,nan,nan,nan,nan,nan,nan,nan
01-Mar-25 10:57:00 AM AEST,nan,56.0,23.0,nan,nan,nan,203.40,0.37,7.10,3.50,190.80,802.40
01-Mar-25 10:57:20 AM AEST,33.1,nan,nan,nan,nan,nan,nan,nan,nan,nan,nan,nan
01-Mar-25 10:58:00 AM AEST,nan,54.5,23.3,nan,nan,nan,169.40,0.18,5.90,1.80,169.50,804.20
01-Mar-25 10:58:25 AM AEST,33.2,nan,nan,nan,nan,nan,nan,nan,nan,nan,nan,nan
01-Mar-25 10:59:00 AM AEST,nan,55.0,22.7,nan,nan,nan,195.20,0.43,7.10,1.40,213.00,808.20
01-Mar-25 10:59:30 AM AEST,33.1,nan,nan,nan,nan,nan,nan,nan,nan,nan,nan,nan
01-Mar-25 11:00:00 AM AEST,nan,54.0,22.9,nan,nan,nan,311.10,0.47,nan,3.90,300.40,811.70
01-Mar-25 11:00:05 AM AEST,nan,nan,nan,nan,nan,0.67,nan,nan,nan,nan,nan,nan
01-Mar-25 11:01:00 AM AEST,nan,54.3,22.5,nan,nan,nan,319.60,0.35,nan,3.40,309.50,813.30
01-Mar-25 11:02:00 AM AEST,33.2,54.8,22.7,nan,nan,nan,294.20,0.12,2.40,1.20,296.10,815.70
01-Mar-25 11:03:00 AM AEST,nan,55.8,22.8,nan,nan,nan,299.10,0.15,3.50,1.50,298.90,818.30
01-Mar-25 11:03:05 AM AEST,33.3,nan,nan,nan,nan,nan,nan,nan,nan,nan,nan,nan
01-Mar-25 11:04:00 AM AEST,nan,54.8,23.3,nan,nan,nan,298.90,0.34,5.90,3.40,nan,820.70
01-Mar-25 11:04:10 AM AEST,33.4,nan,nan,nan,nan,nan,nan,nan,nan,nan,nan,nan
01-Mar-25 11:05:00 AM AEST,nan,54.2,23.1,nan,nan,nan,297.40,0.35,4.70,3.50,297.70,822.50
01-Mar-25 11:05:15 AM AEST,33.2,nan,nan,nan,nan,nan,nan,nan,nan,nan,nan,nan
01-Mar-25 11:06:00 AM AEST,nan,54.3,22.7,nan,nan,nan,292.80,0.10,2.40,1.00,292.70,824.20
01-Mar-25 11:06:20 AM AEST,33.4,nan,nan,nan,nan,nan,nan,nan,nan,nan,nan,nan
01-Mar-25 11:07:00 AM AEST,nan,54.8,22.9,nan,nan,nan,293.40,0.02,1.20,0.20,292.90,823.20
01-Mar-25 11:07:25 AM AEST,33.6,nan,nan,nan,nan,nan,nan,nan,nan,nan,nan,nan
01-Mar-25 11:08:00 AM AEST,nan,54.2,23.2,nan,nan,nan,nan,0.12,3.50,1.20,293.40,824.20
01-Mar-25 11:08:30 AM AEST,33.7,nan,nan,nan,nan,nan,nan,nan,nan,nan,nan,nan
01-Mar-25 11:09:00 AM AEST,nan,53.7,23.1,nan,nan,nan,293.30,0.10,2.40,1.00,293.10,826.70
01-Mar-25 11:10:00 AM AEST,nan,54.8,23.0,nan,nan,nan,266.30,0.22,4.70,1.70,253.30,827.40
01-Mar-25 11:11:00 AM AEST,nan,53.7,23.3,nan,nan,nan,218.60,0.20,5.90,2.00,221.70,827.50
01-Mar-25 11:12:00 AM AEST,nan,54.2,23.0,nan,nan,nan,258.70,0.19,nan,1.70,253.00,829.10
01-Mar-25 11:13:00 AM AEST,33.6,53.7,23.1,nan,nan,nan,180.10,0.32,nan,2.90,175.30,830.80
01-Mar-25 11:14:00 AM AEST,nan,53.8,22.9,nan,nan,nan,250.00,0.14,4.70,1.30,267.70,831.70
01-Mar-25 11:14:05 AM AEST,33.7,nan,nan,nan,nan,nan,nan,nan,nan,nan,nan,nan
01-Mar-25 11:15:00 AM AEST,nan,55.3,23.0,nan,nan,nan,282.10,0.08,3.50,0.80,281.90,834.10
01-Mar-25 11:15:10 AM AEST,33.8,nan,nan,nan,nan,nan,nan,nan,nan,nan,nan,nan
01-Mar-25 11:16:00 AM AEST,nan,55.5,23.5,nan,nan,nan,186.00,nan,2.40,0.70,190.60,836.70
01-Mar-25 11:17:00 AM AEST,33.7,53.7,23.6,nan,nan,nan,213.60,0.38,5.90,3.80,213.70,837.40
01-Mar-25 11:18:00 AM AEST,nan,53.8,23.0,nan,nan,nan,210.10,0.22,nan,2.20,205.00,837.50
01-Mar-25 11:18:05 AM AEST,33.6,nan,nan,nan,nan,nan,nan,nan,nan,nan,nan,nan
01-Mar-25 11:19:00 AM AEST,nan,52.7,22.9,nan,nan,nan,198.30,0.16,3.50,1.60,198.30,nan
01-Mar-25 11:20:00 AM AEST,nan,54.0,22.6,nan,nan,nan,nan,0.11,2.40,1.10,nan,837.40
01-Mar-25 11:21:00 AM AEST,33.7,nan,23.0,nan,nan,nan,212.50,0.07,nan,0.60,214.90,842.50
01-Mar-25 11:22:00 AM AEST,nan,56.5,23.1,nan,nan,nan,225.00,nan,3.50,nan,257.80,843.20
01-Mar-25 11:22:05 AM AEST,33.9,nan,nan,nan,nan,nan,nan,nan,nan,nan,nan,nan
01-Mar-25 11:23:00 AM AEST,nan,55.7,24.0,nan,nan,nan,267.30,0.18,nan,1.80,267.30,845.00
01-Mar-25 11:24:00 AM AEST,33.8,54.5,23.8,nan,nan,nan,267.90,nan,nan,nan,268.20,846.70
01-Mar-25 11:25:00 AM AEST,nan,55.0,23.4,nan,nan,nan,219.00,0.37,7.10,3.30,202.00,852.40
01-Mar-25 11:26:00 AM AEST,33.6,54.2,23.5,nan,nan,nan,196.90,0.44,8.30,4.40,197.30,854.20
01-Mar-25 11:27:00 AM AEST,nan,53.7,23.1,nan,nan,nan,202.10,0.24,nan,2.40,201.80,857.50
01-Mar-25 11:27:05 AM AEST,33.5,nan,nan,nan,nan,nan,nan,nan,nan,nan,nan,nan
01-Mar-25 11:28:00 AM AEST,nan,54.5,22.8,nan,nan,nan,203.70,0.39,7.10,3.90,203.80,856.60
01-Mar-25 11:28:10 AM AEST,33.6,nan,nan,nan,nan,nan,nan,nan,nan,nan,nan,nan
01-Mar-25 11:29:00 AM AEST,nan,54.0,23.1,nan,nan,nan,209.50,0.56,8.30,5.60,209.50,855.80
01-Mar-25 11:29:15 AM AEST,33.4,nan,nan,nan,nan,nan,nan,nan,nan,nan,nan,nan
01-Mar-25 11:30:00 AM AEST,nan,54.3,22.8,nan,nan,nan,203.30,0.50,7.10,5.00,203.60,854.90
01-Mar-25 11:30:20 AM AEST,33.3,nan,nan,nan,nan,nan,nan,nan,nan,nan,nan,nan
01-Mar-25 11:31:00 AM AEST,nan,56.0,nan,nan,nan,nan,206.40,0.24,4.70,2.40,206.30,855.00
01-Mar-25 11:31:25 AM AEST,33.6,nan,nan,nan,nan,nan,nan,nan,nan,nan,nan,nan
01-Mar-25 11:32:00 AM AEST,nan,56.2,23.4,nan,nan,nan,215.20,0.18,nan,1.40,223.90,nan
01-Mar-25 11:33:00 AM AEST,nan,56.5,23.6,nan,nan,nan,295.70,0.33,7.10,3.10,306.40,854.90
01-Mar-25 11:34:00 AM AEST,33.5,55.7,23.7,nan,nan,nan,292.60,0.35,5.90,3.50,294.30,855.80
01-Mar-25 11:35:00 AM AEST,nan,55.2,23.4,nan,nan,nan,291.00,0.32,4.70,3.20,291.10,855.70
01-Mar-25 11:35:05 AM AEST,33.6,nan,nan,nan,nan,nan,nan,nan,nan,nan,nan,nan
01-Mar-25 11:36:00 AM AEST,nan,nan,23.3,nan,nan,nan,248.10,0.27,5.90,2.00,224.40,857.50
01-Mar-25 11:37:00 AM AEST,nan,54.8,23.4,nan,nan,nan,247.40,0.24,4.70,2.10,238.40,858.30
01-Mar-25 11:38:00 AM AEST,nan,54.0,23.3,nan,nan,nan,253.10,0.34,5.90,3.40,253.20,858.20
01-Mar-25 11:39:00 AM AEST,33.5,54.5,23.0,nan,nan,nan,202.30,nan,nan,2.50,177.40,859.20
01-Mar-25 11:40:00 AM AEST,nan,53.8,23.1,nan,nan,nan,141.60,0.49,nan,4.90,140.40,859.90
01-Mar-25 11:40:05 AM AEST,33.2,nan,nan,nan,nan,nan,nan,nan,nan,nan,nan,nan
01-Mar-25 11:41:00 AM AEST,nan,nan,22.6,nan,nan,nan,137.50,0.27,nan,2.70,137.40,862.50
01-Mar-25 11:41:10 AM AEST,33.1,nan,nan,nan,nan,nan,nan,nan,nan,nan,nan,nan
01-Mar-25 11:42:00 AM AEST,nan,54.5,22.5,nan,nan,nan,137.40,0.10,2.40,1.00,137.30,864.20
01-Mar-25 11:43:00 AM AEST,33.3,55.2,22.7,nan,nan,nan,145.80,0.14,5.90,0.90,306.50,864.10
01-Mar-25 11:44:00 AM AEST,nan,54.7,23.1,nan,nan,nan,344.70,0.48,8.30,1.00,346.60,865.00
01-Mar-25 11:45:00 AM AEST,nan,55.0,22.9,nan,nan,nan,178.50,0.52,nan,5.20,179.50,nan
01-Mar-25 11:46:00 AM AEST,33.2,53.8,23.1,nan,nan,nan,214.40,0.53,5.90,5.10,214.60,867.40
01-Mar-25 11:47:00 AM AEST,nan,53.3,22.6,nan,nan,nan,169.40,0.60,9.50,5.60,175.50,868.20
01-Mar-25 11:47:05 AM AEST,33.1,nan,nan,nan,nan,nan,nan,nan,nan,nan,nan,nan
01-Mar-25 11:48:00 AM AEST,nan,53.8,22.3,nan,nan,nan,149.40,0.42,7.10,4.20,149.40,868.30
01-Mar-25 11:48:10 AM AEST,33.0,nan,nan,nan,nan,nan,nan,nan,nan,nan,nan,nan
01-Mar-25 11:49:00 AM AEST,nan,54.7,22.4,nan,nan,nan,160.80,0.25,4.70,2.50,161.00,nan
01-Mar-25 11:49:15 AM AEST,33.1,nan,nan,nan,nan,nan,nan,nan,nan,nan,nan,nan
01-Mar-25 11:50:00 AM AEST,nan,55.2,22.7,nan,nan,nan,165.50,0.27,nan,2.70,165.50,nan
01-Mar-25 11:51:00 AM AEST,33.2,54.7,22.9,nan,nan,nan,170.90,0.31,nan,3.10,171.30,869.10
01-Mar-25 11:52:00 AM AEST,nan,55.3,22.8,nan,nan,nan,174.60,0.15,nan,1.50,174.70,870.00
01-Mar-25 11:53:00 AM AEST,33.4,56.3,23.1,nan,nan,nan,306.60,0.25,nan,nan,327.30,869.10
01-Mar-25 11:54:00 AM AEST,nan,54.5,23.5,nan,nan,nan,352.10,0.14,3.50,1.40,351.90,869.20
01-Mar-25 11:54:05 AM AEST,33.5,nan,nan,nan,nan,nan,nan,nan,nan,nan,nan,nan
01-Mar-25 11:55:00 AM AEST,nan,53.3,23.0,nan,nan,nan,72.50,0.40,9.50,3.40,117.50,872.50
01-Mar-25 11:55:10 AM AEST,33.4,nan,nan,nan,nan,nan,nan,nan,nan,nan,nan,nan
01-Mar-25 11:56:00 AM AEST,nan,52.3,22.6,nan,nan,nan,105.80,0.33,4.70,3.10,104.00,874.90
01-Mar-25 11:56:15 AM AEST,33.2,nan,nan,nan,nan,nan,nan,nan,nan,nan,nan,nan
01-Mar-25 11:57:00 AM AEST,nan,52.2,22.1,nan,nan,nan,114.50,0.34,5.90,2.50,127.50,875.80
01-Mar-25 11:57:20 AM AEST,33.1,nan,nan,nan,nan,nan,nan,nan,nan,nan,nan,nan
01-Mar-25 11:58:00 AM AEST,nan,53.3,22.0,nan,nan,nan,256.40,0.55,7.10,3.30,253.50,874.90
01-Mar-25 11:58:25 AM AEST,33.2,nan,nan,nan,nan,nan,nan,nan,nan,nan,nan,nan
01-Mar-25 11:59:00 AM AEST,nan,53.5,22.3,nan,nan,nan,281.00,0.39,5.90,3.50,283.50,873.30
01-Mar-25 11:59:30 AM AEST,33.1,nan,nan,nan,nan,nan,nan,nan,nan,nan,nan,nan
01-Mar-25 12:00:00 PM AEST,nan,53.0,22.4,nan,nan,nan,191.30,0.38,8.30,3.40,180.40,874.20
01-Mar-25 12:00:06 PM AEST,nan,nan,nan,nan,nan,0.69,nan,nan,nan,nan,nan,nan
01-Mar-25 12:00:35 PM AEST,32.9,nan,nan,nan,nan,nan,nan,nan,nan,nan,nan,nan
01-Mar-25 12:01:00 PM AEST,nan,52.8,22.3,nan,nan,nan,151.90,0.64,9.50,6.40,150.90,875.70
01-Mar-25 12:01:40 PM AEST,33.0,nan,nan,nan,nan,nan,nan,nan,nan,nan,nan,nan
01-Mar-25 12:02:00 PM AEST,nan,54.0,22.0,nan,nan,nan,139.20,0.17,4.70,0.70,86.20,876.70
01-Mar-25 12:02:45 PM AEST,33.1,nan,nan,nan,nan,nan,nan,nan,nan,nan,nan,nan
01-Mar-25 12:03:00 PM AEST,nan,nan,22.4,nan,nan,nan,30.40,0.46,7.10,4.50,30.60,876.60
01-Mar-25 12:04:00 PM AEST,nan,53.7,22.5,nan,nan,nan,78.70,0.14,3.50,1.30,70.50,875.80
01-Mar-25 12:05:00 PM AEST,33.3,53.5,22.4,nan,nan,nan,85.50,0.03,1.20,0.30,85.90,876.70
01-Mar-25 12:06:00 PM AEST,nan,54.3,22.6,nan,nan,nan,82.30,nan,nan,nan,82.40,877.40
01-Mar-25 12:06:05 PM AEST,33.5,nan,nan,nan,nan,nan,nan,nan,nan,nan,nan,nan
01-Mar-25 12:07:00 PM AEST,nan,57.0,23.0,nan,nan,nan,26.80,0.24,3.50,2.40,26.30,879.20
01-Mar-25 12:07:10 PM AEST,33.6,nan,nan,nan,nan,nan,nan,nan,nan,nan,nan,nan
01-Mar-25 12:08:00 PM AEST,nan,55.8,23.9,nan,nan,nan,19.70,0.07,2.40,0.60,19.80,880.00
01-Mar-25 12:08:15 PM AEST,33.7,nan,nan,nan,nan,nan,nan,nan,nan,nan,nan,nan
01-Mar-25 12:09:00 PM AEST,nan,55.0,23.6,nan,nan,nan,19.90,0.16,3.50,1.60,19.90,879.10
01-Mar-25 12:09:20 PM AEST,33.8,nan,nan,nan,nan,nan,nan,nan,nan,nan,nan,nan
01-Mar-25 12:10:00 PM AEST,nan,53.8,23.5,nan,nan,nan,94.90,0.14,nan,1.40,92.10,879.20
01-Mar-25 12:11:00 PM AEST,nan,nan,23.1,nan,nan,nan,96.70,0.07,2.40,0.70,96.60,879.90
01-Mar-25 12:12:00 PM AEST,nan,53.0,23.2,nan,nan,nan,nan,nan,nan,nan,96.90,878.30
01-Mar-25 12:13:00 PM AEST,33.9,53.7,22.9,nan,nan,nan,126.30,0.28,4.70,2.00,140.50,876.70
01-Mar-25 12:14:00 PM AEST,nan,52.7,23.2,nan,nan,nan,150.50,0.60,8.30,5.60,151.30,877.40
01-Mar-25 12:14:05 PM AEST,33.7,nan,nan,nan,nan,nan,nan,nan,nan,nan,nan,nan
01-Mar-25 12:15:00 PM AEST,nan,52.5,22.6,nan,nan,nan,183.40,0.53,nan,5.00,181.30,879.20
01-Mar-25 12:15:10 PM AEST,33.4,nan,nan,nan,nan,nan,nan,nan,nan,nan,nan,nan
01-Mar-25 12:16:00 PM AEST,nan,nan,22.3,nan,nan,nan,139.10,0.95,11.80,9.30,140.20,879.10
01-Mar-25 12:16:15 PM AEST,33.0,nan,nan,nan,nan,nan,nan,nan,nan,nan,nan,nan
01-Mar-25 12:17:00 PM AEST,nan,52.7,22.0,nan,nan,nan,185.90,0.49,7.10,3.70,191.20,879.20
01-Mar-25 12:17:20 PM AEST,32.8,nan,nan,nan,nan,nan,nan,nan,nan,nan,nan,nan
01-Mar-25 12:18:00 PM AEST,nan,54.3,21.8,nan,nan,nan,265.90,0.40,8.30,3.20,278.10,nan
01-Mar-25 12:18:25 PM AEST,32.9,nan,nan,nan,nan,nan,nan,nan,nan,nan,nan,nan
01-Mar-25 12:19:00 PM AEST,nan,54.0,22.5,nan,nan,nan,256.10,0.54,nan,2.60,248.90,881.60
01-Mar-25 12:19:30 PM AEST,32.7,nan,nan,nan,nan,nan,nan,nan,nan,nan,nan,nan
01-Mar-25 12:20:00 PM AEST,nan,53.8,22.3,nan,nan,nan,159.60,0.90,11.80,8.80,158.50,880.80
01-Mar-25 12:20:35 PM AEST,32.5,nan,nan,nan,nan,nan,nan,nan,nan,nan,nan,nan
01-Mar-25 12:21:00 PM AEST,nan,53.7,22.1,nan,nan,nan,170.20,0.55,8.30,5.50,168.70,882.40
01-Mar-25 12:21:40 PM AEST,32.7,nan,nan,nan,nan,nan,nan,nan,nan,nan,nan,nan
01-Mar-25 12:22:00 PM AEST,nan,54.3,21.9,nan,nan,nan,175.40,0.25,4.70,2.50,175.40,882.50
01-Mar-25 12:22:45 PM AEST,32.8,nan,nan,nan,nan,nan,nan,nan,nan,nan,nan,nan
01-Mar-25 12:23:00 PM AEST,nan,55.5,22.2,nan,nan,nan,193.70,0.43,7.10,4.10,196.40,881.70
01-Mar-25 12:23:50 PM AEST,32.9,nan,nan,nan,nan,nan,nan,nan,nan,nan,nan,nan
01-Mar-25 12:24:00 PM AEST,nan,55.7,22.7,nan,nan,nan,213.50,0.42,5.90,4.00,211.50,880.70
01-Mar-25 12:24:55 PM AEST,33.0,nan,nan,nan,nan,nan,nan,nan,nan,nan,nan,nan
01-Mar-25 12:25:00 PM AEST,nan,55.0,22.8,nan,nan,nan,244.40,0.24,7.10,2.10,278.10,880.80
01-Mar-25 12:26:00 PM AEST,33.1,56.2,nan,nan,nan,nan,281.10,0.31,5.90,3.00,282.40,881.60
01-Mar-25 12:27:00 PM AEST,nan,58.0,23.1,nan,nan,nan,224.10,0.38,nan,3.20,215.10,880.00
01-Mar-25 12:28:00 PM AEST,33.2,56.3,23.7,nan,nan,nan,204.90,0.24,4.70,2.40,204.90,nan
01-Mar-25 12:29:00 PM AEST,nan,56.7,23.3,nan,nan,nan,210.60,0.08,2.40,0.80,210.50,879.10
01-Mar-25 12:29:05 PM AEST,33.3,nan,nan,nan,nan,nan,nan,nan,nan,nan,nan,nan
01-Mar-25 12:30:00 PM AEST,nan,58.2,23.5,nan,nan,nan,nan,0.12,3.50,1.20,nan,880.00
01-Mar-25 12:30:10 PM AEST,33.5,nan,nan,nan,nan,nan,nan,nan,nan,nan,nan,nan
01-Mar-25 12:31:00 PM AEST,nan,56.3,24.1,nan,nan,nan,215.70,0.25,4.70,2.40,217.60,878.30
01-Mar-25 12:32:00 PM AEST,33.6,55.2,23.6,nan,nan,nan,236.80,0.30,nan,3.00,236.70,879.90
01-Mar-25 12:33:00 PM AEST,nan,57.0,23.3,nan,nan,nan,231.70,0.21,nan,2.00,227.70,878.30
01-Mar-25 12:34:00 PM AEST,nan,56.0,23.9,nan,nan,nan,215.80,0.18,9.50,1.80,212.60,879.90
01-Mar-25 12:35:00 PM AEST,nan,55.3,23.6,nan,nan,nan,195.70,0.60,10.60,5.80,195.80,880.00
01-Mar-25 12:36:00 PM AEST,33.4,56.3,23.4,nan,nan,nan,208.40,0.44,7.10,4.20,206.20,nan
01-Mar-25 12:37:00 PM AEST,nan,56.5,23.5,nan,nan,nan,214.80,0.40,8.30,4.00,213.90,878.20
01-Mar-25 12:38:00 PM AEST,33.5,57.3,23.6,nan,nan,nan,217.30,0.18,4.70,1.80,218.10,877.50
01-Mar-25 12:39:00 PM AEST,nan,58.3,23.9,nan,nan,nan,245.00,0.35,5.90,3.10,242.70,877.40
01-Mar-25 12:39:05 PM AEST,33.6,nan,nan,nan,nan,nan,nan,nan,nan,nan,nan,nan
01-Mar-25 12:40:00 PM AEST,nan,58.0,24.3,nan,nan,nan,260.60,0.34,nan,2.70,253.90,876.70
01-Mar-25 12:40:10 PM AEST,33.5,nan,nan,nan,nan,nan,nan,nan,nan,nan,nan,nan
01-Mar-25 12:41:00 PM AEST,nan,57.3,24.1,nan,nan,nan,288.50,0.60,8.30,6.00,288.60,875.80
01-Mar-25 12:41:15 PM AEST,33.3,nan,nan,nan,nan,nan,nan,nan,nan,nan,nan,nan
01-Mar-25 12:42:00 PM AEST,nan,57.0,23.7,nan,nan,nan,298.50,0.53,9.50,5.00,301.70,876.60
01-Mar-25 12:42:20 PM AEST,33.2,nan,nan,nan,nan,nan,nan,nan,nan,nan,nan,nan
01-Mar-25 12:42:20 PM AEST,33.0,nan,nan,nan,nan,nan,nan,nan,nan,nan,nan,nan
01-Mar-25 12:43:00 PM AEST,nan,57.2,23.5,nan,nan,nan,318.10,0.63,10.60,6.20,315.40,876.70
01-Mar-25 12:43:25 PM AEST,33.1,nan,nan,nan,nan,nan,nan,nan,nan,nan,nan,nan
01-Mar-25 12:44:00 PM AEST,nan,58.7,23.4,nan,nan,nan,271.40,0.43,8.30,3.50,277.40,877.40
01-Mar-25 12:44:30 PM AEST,33.2,nan,nan,nan,nan,nan,nan,nan,nan,nan,nan,nan
01-Mar-25 12:45:00 PM AEST,nan,58.2,23.9,nan,nan,nan,194.50,0.54,7.10,5.30,194.20,875.80
01-Mar-25 12:46:00 PM AEST,nan,56.7,nan,nan,nan,nan,192.10,0.30,4.70,3.00,192.30,875.00
01-Mar-25 12:47:00 PM AEST,nan,57.7,23.4,nan,nan,nan,273.80,0.35,5.90,2.60,299.50,871.60
01-Mar-25 12:48:00 PM AEST,33.3,58.7,23.7,nan,nan,nan,296.80,0.27,4.70,2.50,293.40,870.80
01-Mar-25 12:49:00 PM AEST,nan,59.0,24.1,nan,nan,nan,254.80,0.43,5.90,4.10,253.00,868.20
01-Mar-25 12:49:05 PM AEST,33.5,nan,nan,nan,nan,nan,nan,nan,nan,nan,nan,nan
01-Mar-25 12:50:00 PM AEST,nan,58.3,24.3,nan,nan,nan,206.10,0.53,8.30,4.40,195.60,869.20
01-Mar-25 12:50:10 PM AEST,33.4,nan,nan,nan,nan,nan,nan,nan,nan,nan,nan,nan
01-Mar-25 12:51:00 PM AEST,nan,56.7,24.1,nan,nan,nan,177.10,0.49,nan,4.00,178.00,870.00
01-Mar-25 12:51:15 PM AEST,33.1,nan,nan,nan,nan,nan,nan,nan,nan,nan,nan,nan
01-Mar-25 12:52:00 PM AEST,nan,57.7,23.3,nan,nan,nan,300.80,0.50,9.50,4.90,299.50,868.20
01-Mar-25 12:53:00 PM AEST,33.3,57.0,23.6,nan,nan,nan,304.50,0.08,3.50,0.80,304.50,869.20
01-Mar-25 12:54:00 PM AEST,nan,58.7,nan,nan,nan,nan,317.30,0.27,7.10,2.60,319.50,868.30
01-Mar-25 12:54:05 PM AEST,33.5,nan,nan,nan,nan,nan,nan,nan,nan,nan,nan,nan
01-Mar-25 12:55:00 PM AEST,nan,57.5,24.3,nan,nan,nan,292.60,0.62,8.30,6.10,293.50,866.60
01-Mar-25 12:55:10 PM AEST,33.3,nan,nan,nan,nan,nan,nan,nan,nan,nan,nan,nan
01-Mar-25 12:56:00 PM AEST,nan,56.8,23.8,nan,nan,nan,300.40,0.34,7.10,3.30,301.30,863.30
01-Mar-25 12:56:15 PM AEST,33.2,nan,nan,nan,nan,nan,nan,nan,nan,nan,nan,nan
01-Mar-25 12:57:00 PM AEST,nan,58.3,23.4,nan,nan,nan,299.50,0.16,4.70,1.60,299.50,863.20
01-Mar-25 12:57:20 PM AEST,33.4,nan,nan,nan,nan,nan,nan,nan,nan,nan,nan,nan
01-Mar-25 12:58:00 PM AEST,nan,58.8,24.1,nan,nan,nan,299.20,0.23,3.50,2.30,299.20,861.70
01-Mar-25 12:58:25 PM AEST,33.5,nan,nan,nan,nan,nan,nan,nan,nan,nan,nan,nan
01-Mar-25 12:59:00 PM AEST,nan,57.3,24.3,nan,nan,nan,305.00,0.29,4.70,2.40,305.20,860.00
01-Mar-25 12:59:30 PM AEST,33.2,nan,nan,nan,nan,nan,nan,nan,nan,nan,nan,nan
01-Mar-25 1:00:00 PM AEST,nan,57.0,23.9,nan,nan,nan,144.00,0.63,9.50,5.80,147.00,858.20
01-Mar-25 1:00:07 PM AEST,nan,nan,nan,nan,nan,0.64,nan,nan,nan,nan,nan,nan
01-Mar-25 1:00:35 PM AEST,33.0,nan,nan,nan,nan,nan,nan,nan,nan,nan,nan,nan
01-Mar-25 1:01:00 PM AEST,nan,nan,23.5,nan,nan,nan,106.50,0.51,7.10,4.10,106.20,857.50
01-Mar-25 1:01:40 PM AEST,32.9,nan,nan,nan,nan,nan,nan,nan,nan,nan,nan,nan
01-Mar-25 1:02:00 PM AEST,nan,57.7,23.3,nan,nan,nan,62.30,0.45,nan,4.50,62.30,860.70
01-Mar-25 1:03:00 PM AEST,nan,58.3,23.5,nan,nan,nan,77.70,0.39,5.90,3.90,78.30,859.20
01-Mar-25 1:04:00 PM AEST,33.0,59.7,23.7,nan,nan,nan,115.60,0.33,4.70,3.20,115.50,nan
01-Mar-25 1:05:00 PM AEST,nan,59.0,24.1,nan,nan,nan,158.00,0.50,8.30,4.40,153.30,856.60
01-Mar-25 1:05:05 PM AEST,32.9,nan,nan,nan,nan,nan,nan,nan,nan,nan,nan,nan
01-Mar-25 1:06:00 PM AEST,nan,58.0,23.8,nan,nan,nan,144.00,0.66,10.60,6.60,142.00,856.70
01-Mar-25 1:06:10 PM AEST,32.8,nan,nan,nan,nan,nan,nan,nan,nan,nan,nan,nan
01-Mar-25 1:07:00 PM AEST,nan,57.7,23.5,nan,nan,nan,128.20,0.79,nan,7.50,128.10,854.90
01-Mar-25 1:07:15 PM AEST,32.5,nan,nan,nan,nan,nan,nan,nan,nan,nan,nan,nan
01-Mar-25 1:07:15 PM AEST,32.4,nan,nan,nan,nan,nan,nan,nan,nan,nan,nan,nan
01-Mar-25 1:08:00 PM AEST,nan,58.0,23.1,nan,nan,nan,215.40,0.64,11.80,6.30,210.80,853.30
01-Mar-25 1:08:20 PM AEST,32.6,nan,nan,nan,nan,nan,nan,nan,nan,nan,nan,nan
01-Mar-25 1:09:00 PM AEST,nan,58.5,23.0,nan,nan,nan,185.60,0.43,8.30,4.00,178.60,850.80
01-Mar-25 1:10:00 PM AEST,nan,nan,23.4,nan,nan,nan,189.00,0.48,9.50,4.60,192.70,847.40
01-Mar-25 1:11:00 PM AEST,nan,58.8,nan,nan,nan,nan,182.30,0.52,8.30,5.00,183.10,844.20
01-Mar-25 1:12:00 PM AEST,32.7,60.3,23.5,nan,nan,nan,169.40,0.38,10.60,3.70,160.80,848.20
01-Mar-25 1:13:00 PM AEST,nan,58.8,24.0,nan,nan,nan,136.60,0.64,9.50,6.40,135.90,849.20
01-Mar-25 1:13:05 PM AEST,32.5,nan,nan,nan,nan,nan,nan,nan,nan,nan,nan,nan
01-Mar-25 1:14:00 PM AEST,nan,nan,23.4,nan,nan,nan,139.50,0.19,4.70,1.90,139.50,850.80
01-Mar-25 1:14:10 PM AEST,32.4,nan,nan,nan,nan,nan,nan,nan,nan,nan,nan,nan
01-Mar-25 1:15:00 PM AEST,nan,59.2,23.3,nan,nan,nan,101.80,0.38,7.10,3.70,86.20,851.60
01-Mar-25 1:15:15 PM AEST,32.7,nan,nan,nan,nan,nan,nan,nan,nan,nan,nan,nan
01-Mar-25 1:16:00 PM AEST,nan,59.7,23.7,nan,nan,nan,129.90,0.49,9.50,2.90,159.80,851.70
01-Mar-25 1:17:00 PM AEST,nan,nan,23.8,nan,nan,nan,210.20,0.54,8.30,5.20,208.30,850.70
01-Mar-25 1:18:00 PM AEST,32.9,59.2,nan,nan,nan,nan,220.10,0.08,2.40,0.80,220.10,847.50
01-Mar-25 1:19:00 PM AEST,nan,59.8,nan,nan,nan,nan,181.80,0.33,8.30,2.90,148.10,849.20
01-Mar-25 1:19:05 PM AEST,33.0,nan,nan,nan,nan,nan,nan,nan,nan,nan,nan,nan
01-Mar-25 1:20:00 PM AEST,nan,59.5,24.1,nan,nan,nan,155.10,0.78,10.60,7.20,156.00,849.90
01-Mar-25 1:20:10 PM AEST,32.7,nan,nan,nan,nan,nan,nan,nan,nan,nan,nan,nan
01-Mar-25 1:21:00 PM AEST,nan,58.7,23.8,nan,nan,nan,161.20,0.70,nan,6.90,161.40,850.00
01-Mar-25 1:21:15 PM AEST,32.5,nan,nan,nan,nan,nan,nan,nan,nan,nan,nan,nan
01-Mar-25 1:22:00 PM AEST,nan,nan,23.3,nan,nan,nan,162.70,0.46,7.10,4.40,159.60,848.30
01-Mar-25 1:22:20 PM AEST,32.3,nan,nan,nan,nan,nan,nan,nan,nan,nan,nan,nan
01-Mar-25 1:22:20 PM AEST,32.5,nan,nan,nan,nan,nan,nan,nan,nan,nan,nan,nan
01-Mar-25 1:23:00 PM AEST,nan,59.7,23.2,nan,nan,nan,220.90,0.34,nan,3.30,220.50,843.20
01-Mar-25 1:23:25 PM AEST,32.6,nan,nan,nan,nan,nan,nan,nan,nan,nan,nan,nan
01-Mar-25 1:24:00 PM AEST,nan,60.5,23.6,nan,nan,nan,155.10,0.47,8.30,4.40,154.10,840.00
01-Mar-25 1:25:00 PM AEST,nan,59.8,23.9,nan,nan,nan,160.40,0.32,5.90,3.20,159.90,840.70
01-Mar-25 1:26:00 PM AEST,32.7,60.2,23.8,nan,nan,nan,180.80,0.49,9.50,4.80,180.80,839.20
01-Mar-25 1:27:00 PM AEST,nan,59.8,24.0,nan,nan,nan,186.80,0.47,8.30,4.70,186.60,838.30
01-Mar-25 1:28:00 PM AEST,32.6,59.0,23.9,nan,nan,nan,187.70,0.99,14.20,9.70,187.30,834.90
01-Mar-25 1:29:00 PM AEST,nan,59.3,23.5,nan,nan,nan,221.90,0.76,11.80,7.40,224.40,833.30
01-Mar-25 1:29:05 PM AEST,32.3,nan,nan,nan,nan,nan,nan,nan,nan,nan,nan,nan
01-Mar-25 1:30:00 PM AEST,nan,60.0,23.4,nan,nan,nan,242.70,0.58,9.50,5.80,241.40,834.90
01-Mar-25 1:30:10 PM AEST,32.4,nan,nan,nan,nan,nan,nan,nan,nan,nan,nan,nan
01-Mar-25 1:31:00 PM AEST,nan,61.5,23.6,nan,nan,nan,193.20,0.44,7.10,3.80,192.80,830.80
01-Mar-25 1:31:15 PM AEST,32.5,nan,nan,nan,nan,nan,nan,nan,nan,nan,nan,nan
01-Mar-25 1:32:00 PM AEST,nan,nan,24.1,nan,nan,nan,165.20,0.83,13.00,7.90,166.40,833.30
01-Mar-25 1:33:00 PM AEST,32.2,60.3,nan,nan,nan,nan,166.20,0.66,10.60,6.40,165.90,832.40
01-Mar-25 1:34:00 PM AEST,nan,60.5,23.6,nan,nan,nan,177.80,0.65,nan,6.50,178.90,828.30
01-Mar-25 1:34:05 PM AEST,32.3,nan,nan,nan,nan,nan,nan,nan,nan,nan,nan,nan
01-Mar-25 1:35:00 PM AEST,nan,60.2,nan,nan,nan,nan,159.20,0.63,9.50,6.20,160.30,825.70
01-Mar-25 1:35:10 PM AEST,32.2,nan,nan,nan,nan,nan,nan,nan,nan,nan,nan,nan
01-Mar-25 1:36:00 PM AEST,nan,60.5,23.4,nan,nan,nan,186.80,0.34,5.90,3.40,186.70,823.30
01-Mar-25 1:36:15 PM AEST,32.3,nan,nan,nan,nan,nan,nan,nan,nan,nan,nan,nan
01-Mar-25 1:37:00 PM AEST,nan,nan,23.6,nan,nan,nan,159.70,0.57,9.50,5.70,159.40,820.80
01-Mar-25 1:38:00 PM AEST,nan,61.0,23.7,nan,nan,nan,165.80,0.60,7.10,5.40,168.90,818.20
01-Mar-25 1:39:00 PM AEST,32.5,62.3,23.8,nan,nan,nan,210.90,0.35,4.70,2.80,205.10,820.00
01-Mar-25 1:40:00 PM AEST,nan,61.5,24.3,nan,nan,nan,128.50,0.19,3.50,1.90,129.30,818.20
01-Mar-25 1:41:00 PM AEST,32.6,60.7,24.1,nan,nan,nan,168.80,0.60,9.50,5.60,175.20,819.20
01-Mar-25 1:42:00 PM AEST,nan,59.8,24.0,nan,nan,nan,157.80,0.71,11.80,7.00,156.50,818.30
01-Mar-25 1:42:05 PM AEST,32.3,nan,nan,nan,nan,nan,nan,nan,nan,nan,nan,nan
01-Mar-25 1:43:00 PM AEST,nan,60.2,23.5,nan,nan,nan,154.90,0.66,9.50,6.50,155.00,819.90
01-Mar-25 1:43:10 PM AEST,32.2,nan,nan,nan,nan,nan,nan,nan,nan,nan,nan,nan
01-Mar-25 1:44:00 PM AEST,nan,59.5,nan,nan,nan,nan,150.70,0.86,11.80,8.50,152.50,820.80
01-Mar-25 1:44:15 PM AEST,32.0,nan,nan,nan,nan,nan,nan,nan,nan,nan,nan,nan
01-Mar-25 1:45:00 PM AEST,nan,nan,23.1,nan,nan,nan,153.00,0.60,9.50,6.00,152.30,816.60
01-Mar-25 1:45:20 PM AEST,31.9,nan,nan,nan,nan,nan,nan,nan,nan,nan,nan,nan
01-Mar-25 1:46:00 PM AEST,nan,60.0,23.0,nan,nan,nan,176.50,0.47,nan,4.60,177.50,815.00
01-Mar-25 1:46:25 PM AEST,32.1,nan,nan,nan,nan,nan,nan,nan,nan,nan,nan,nan
01-Mar-25 1:47:00 PM AEST,nan,59.7,23.3,nan,nan,nan,177.60,0.44,7.10,4.40,178.40,812.50
01-Mar-25 1:47:30 PM AEST,32.2,nan,nan,nan,nan,nan,nan,nan,nan,nan,nan,nan
01-Mar-25 1:47:30 PM AEST,32.3,nan,nan,nan,nan,nan,nan,nan,nan,nan,nan,nan
01-Mar-25 1:48:00 PM AEST,nan,60.5,nan,nan,nan,nan,172.20,0.35,4.70,3.50,171.60,811.60
01-Mar-25 1:48:35 PM AEST,32.2,nan,nan,nan,nan,nan,nan,nan,nan,nan,nan,nan
01-Mar-25 1:49:00 PM AEST,nan,60.0,23.6,nan,nan,nan,148.70,0.43,5.90,4.20,147.80,811.70
01-Mar-25 1:49:40 PM AEST,32.3,nan,nan,nan,nan,nan,nan,nan,nan,nan,nan,nan
01-Mar-25 1:50:00 PM AEST,nan,59.8,23.5,nan,nan,nan,167.40,0.44,8.30,4.30,170.80,810.00
01-Mar-25 1:50:45 PM AEST,32.6,nan,nan,nan,nan,nan,nan,nan,nan,nan,nan,nan
01-Mar-25 1:51:00 PM AEST,nan,59.5,nan,nan,nan,nan,162.00,0.18,3.50,1.70,152.10,805.70
01-Mar-25 1:51:50 PM AEST,32.5,nan,nan,nan,nan,nan,nan,nan,nan,nan,nan,nan
01-Mar-25 1:52:00 PM AEST,nan,59.2,23.6,nan,nan,nan,173.80,0.54,8.30,5.30,178.90,801.70
01-Mar-25 1:53:00 PM AEST,nan,59.5,23.5,nan,nan,nan,191.80,0.13,4.70,1.30,191.50,798.20
01-Mar-25 1:54:00 PM AEST,32.8,60.0,23.6,nan,nan,nan,nan,0.03,2.40,0.30,191.20,795.00
01-Mar-25 1:55:00 PM AEST,nan,60.8,24.0,nan,nan,nan,250.70,0.18,3.50,1.50,243.30,794.20
01-Mar-25 1:55:05 PM AEST,33.0,nan,nan,nan,nan,nan,nan,nan,nan,nan,nan,nan
01-Mar-25 1:56:00 PM AEST,nan,59.2,24.4,nan,nan,nan,213.10,0.24,nan,2.40,213.10,795.70
01-Mar-25 1:56:10 PM AEST,32.9,nan,nan,nan,nan,nan,nan,nan,nan,nan,nan,nan
01-Mar-25 1:57:00 PM AEST,nan,59.8,23.9,nan,nan,nan,205.80,0.46,9.50,4.10,202.30,795.80
01-Mar-25 1:57:15 PM AEST,33.0,nan,nan,nan,nan,nan,nan,nan,nan,nan,nan,nan
01-Mar-25 1:58:00 PM AEST,nan,58.7,24.1,nan,nan,nan,186.60,0.72,nan,7.00,186.60,794.90
01-Mar-25 1:58:20 PM AEST,32.8,nan,nan,nan,nan,nan,nan,nan,nan,nan,nan,nan
01-Mar-25 1:59:00 PM AEST,nan,nan,23.7,nan,nan,nan,169.00,0.57,7.10,5.60,167.90,794.20
01-Mar-25 2:00:00 PM AEST,32.7,58.8,23.6,nan,nan,nan,191.10,0.49,nan,4.60,189.70,790.00
01-Mar-25 2:00:08 PM AEST,nan,nan,nan,nan,nan,0.57,nan,nan,nan,nan,nan,nan
01-Mar-25 2:01:00 PM AEST,nan,nan,nan,nan,nan,nan,228.40,0.18,3.50,1.50,223.30,789.10
01-Mar-25 2:01:05 PM AEST,32.8,nan,nan,nan,nan,nan,nan,nan,nan,nan,nan,nan
01-Mar-25 2:02:00 PM AEST,nan,59.0,23.7,nan,nan,nan,196.00,0.38,8.30,3.50,166.80,785.80
01-Mar-25 2:02:10 PM AEST,32.9,nan,nan,nan,nan,nan,nan,nan,nan,nan,nan,nan
01-Mar-25 2:03:00 PM AEST,nan,nan,23.8,nan,nan,nan,164.40,0.54,nan,5.30,167.70,785.70
01-Mar-25 2:03:15 PM AEST,32.8,nan,nan,nan,nan,nan,nan,nan,nan,nan,nan,nan
01-Mar-25 2:04:00 PM AEST,nan,58.0,23.7,nan,nan,nan,161.30,0.30,5.90,3.00,164.60,781.70
01-Mar-25 2:04:20 PM AEST,32.7,nan,nan,nan,nan,nan,nan,nan,nan,nan,nan,nan
01-Mar-25 2:05:00 PM AEST,nan,58.3,23.4,nan,nan,nan,204.20,0.55,7.10,5.10,201.10,782.50
01-Mar-25 2:05:25 PM AEST,32.8,nan,nan,nan,nan,nan,nan,nan,nan,nan,nan,nan
01-Mar-25 2:06:00 PM AEST,nan,59.0,23.5,nan,nan,nan,184.50,0.30,5.90,3.00,184.40,780.70
01-Mar-25 2:06:30 PM AEST,32.9,nan,nan,nan,nan,nan,nan,nan,nan,nan,nan,nan
01-Mar-25 2:07:00 PM AEST,nan,59.7,23.7,nan,nan,nan,162.00,0.39,nan,3.90,161.80,776.70
01-Mar-25 2:08:00 PM AEST,nan,59.3,24.0,nan,nan,nan,209.40,0.40,8.30,3.80,209.30,772.40
01-Mar-25 2:09:00 PM AEST,33.1,59.5,23.9,nan,nan,nan,215.80,0.09,2.40,0.90,215.50,770.80
01-Mar-25 2:10:00 PM AEST,nan,59.3,24.1,nan,nan,nan,238.10,0.41,8.30,4.10,242.50,769.20
01-Mar-25 2:10:05 PM AEST,33.2,nan,nan,nan,nan,nan,nan,nan,nan,nan,nan,nan
01-Mar-25 2:11:00 PM AEST,nan,58.5,24.2,nan,nan,nan,198.80,0.46,nan,3.10,200.10,769.10
01-Mar-25 2:11:10 PM AEST,33.1,nan,nan,nan,nan,nan,nan,nan,nan,nan,nan,nan
01-Mar-25 2:12:00 PM AEST,nan,58.2,23.9,nan,nan,nan,134.20,nan,7.10,4.40,137.10,766.70
01-Mar-25 2:12:15 PM AEST,32.9,nan,nan,nan,nan,nan,nan,nan,nan,nan,nan,nan
01-Mar-25 2:13:00 PM AEST,nan,nan,23.6,nan,nan,nan,146.20,0.74,11.80,7.30,144.70,764.10
01-Mar-25 2:13:20 PM AEST,32.7,nan,nan,nan,nan,nan,nan,nan,nan,nan,nan,nan
01-Mar-25 2:14:00 PM AEST,nan,58.5,23.4,nan,nan,nan,189.10,0.56,8.30,5.20,193.00,761.70
01-Mar-25 2:15:00 PM AEST,nan,58.3,23.5,nan,nan,nan,196.40,nan,9.50,5.40,194.10,762.50
01-Mar-25 2:16:00 PM AEST,nan,58.2,nan,nan,nan,nan,176.50,0.53,nan,5.30,176.60,760.70
01-Mar-25 2:17:00 PM AEST,nan,58.8,23.4,nan,nan,nan,199.90,0.76,13.00,7.30,198.00,757.50
01-Mar-25 2:18:00 PM AEST,32.6,58.0,23.6,nan,nan,nan,183.20,0.70,10.60,7.00,183.10,754.90
01-Mar-25 2:19:00 PM AEST,nan,58.7,23.2,nan,nan,nan,168.40,0.47,8.30,4.50,165.60,751.70
01-Mar-25 2:19:05 PM AEST,32.5,nan,nan,nan,nan,nan,nan,nan,nan,nan,nan,nan
01-Mar-25 2:20:00 PM AEST,nan,59.2,23.3,nan,nan,nan,187.10,nan,nan,4.60,186.30,750.00
01-Mar-25 2:20:10 PM AEST,32.6,nan,nan,nan,nan,nan,nan,nan,nan,nan,nan,nan
01-Mar-25 2:21:00 PM AEST,nan,59.0,23.6,nan,nan,nan,140.80,0.74,10.60,7.30,141.30,747.40
01-Mar-25 2:21:15 PM AEST,32.5,nan,nan,nan,nan,nan,nan,nan,nan,nan,nan,nan
01-Mar-25 2:22:00 PM AEST,nan,58.5,23.5,nan,nan,nan,160.70,0.56,7.10,5.40,160.30,746.70
01-Mar-25 2:22:20 PM AEST,32.4,nan,nan,nan,nan,nan,nan,nan,nan,nan,nan,nan
01-Mar-25 2:22:20 PM AEST,32.5,nan,nan,nan,nan,nan,nan,nan,nan,nan,nan,nan
01-Mar-25 2:23:00 PM AEST,nan,59.0,23.2,nan,nan,nan,171.10,0.54,nan,5.20,172.40,744.10
01-Mar-25 2:24:00 PM AEST,nan,58.0,23.4,nan,nan,nan,230.30,0.64,9.50,6.20,229.70,740.00
01-Mar-25 2:25:00 PM AEST,32.4,58.7,23.1,nan,nan,nan,206.00,0.74,nan,6.80,206.20,nan
01-Mar-25 2:26:00 PM AEST,nan,59.2,23.3,nan,nan,nan,225.10,0.58,nan,5.60,223.60,737.40
01-Mar-25 2:26:05 PM AEST,32.5,nan,nan,nan,nan,nan,nan,nan,nan,nan,nan,nan
01-Mar-25 2:27:00 PM AEST,nan,nan,23.5,nan,nan,nan,216.00,0.64,nan,6.40,216.10,734.20
01-Mar-25 2:28:00 PM AEST,32.6,60.0,nan,nan,nan,nan,240.80,0.38,5.90,3.80,239.90,729.20
01-Mar-25 2:29:00 PM AEST,nan,59.8,23.8,nan,nan,nan,234.30,0.27,nan,2.60,230.80,729.10
01-Mar-25 2:29:05 PM AEST,32.8,nan,nan,nan,nan,nan,nan,nan,nan,nan,nan,nan
01-Mar-25 2:30:00 PM AEST,nan,59.7,23.9,nan,nan,nan,236.60,0.66,9.50,6.40,234.70,726.70
01-Mar-25 2:31:00 PM AEST,nan,nan,nan,nan,nan,nan,207.40,nan,nan,6.10,207.70,724.90
01-Mar-25 2:32:00 PM AEST,nan,60.0,nan,nan,nan,nan,208.10,0.35,5.90,3.00,199.40,725.00
01-Mar-25 2:33:00 PM AEST,nan,60.2,24.0,nan,nan,nan,259.00,0.63,13.00,5.00,243.90,722.50
01-Mar-25 2:34:00 PM AEST,32.6,59.0,24.1,nan,nan,nan,173.50,0.99,14.20,9.50,175.30,719.90
01-Mar-25 2:35:00 PM AEST,nan,nan,23.6,nan,nan,nan,146.30,0.59,9.50,5.80,146.60,713.30
01-Mar-25 2:35:05 PM AEST,32.3,nan,nan,nan,nan,nan,nan,nan,nan,nan,nan,nan
01-Mar-25 2:36:00 PM AEST,nan,59.2,23.3,nan,nan,nan,144.60,0.33,4.70,3.20,144.50,711.60
01-Mar-25 2:36:10 PM AEST,32.4,nan,nan,nan,nan,nan,nan,nan,nan,nan,nan,nan
01-Mar-25 2:37:00 PM AEST,nan,58.7,23.4,nan,nan,nan,155.40,0.22,3.50,2.20,155.30,709.20
01-Mar-25 2:37:15 PM AEST,32.6,nan,nan,nan,nan,nan,nan,nan,nan,nan,nan,nan
01-Mar-25 2:38:00 PM AEST,nan,59.5,nan,nan,nan,nan,163.50,0.64,9.50,6.20,164.00,705.80
01-Mar-25 2:39:00 PM AEST,nan,nan,23.7,nan,nan,nan,170.20,0.60,10.60,5.20,161.50,702.40
01-Mar-25 2:40:00 PM AEST,32.3,59.0,23.6,nan,nan,nan,130.60,0.74,9.50,7.20,129.50,701.70
01-Mar-25 2:41:00 PM AEST,nan,58.5,23.2,nan,nan,nan,194.90,0.87,10.60,8.30,195.10,696.60
01-Mar-25 2:41:05 PM AEST,32.1,nan,nan,nan,nan,nan,nan,nan,nan,nan,nan,nan
01-Mar-25 2:42:00 PM AEST,nan,nan,23.0,nan,nan,nan,262.40,0.30,7.10,2.90,261.60,692.50
01-Mar-25 2:42:10 PM AEST,32.2,nan,nan,nan,nan,nan,nan,nan,nan,nan,nan,nan
01-Mar-25 2:43:00 PM AEST,nan,60.5,nan,nan,nan,nan,129.30,0.47,nan,3.90,120.30,691.70
01-Mar-25 2:43:15 PM AEST,32.4,nan,nan,nan,nan,nan,nan,nan,nan,nan,nan,nan
01-Mar-25 2:44:00 PM AEST,nan,60.3,23.7,nan,nan,nan,151.10,0.63,10.60,6.00,149.80,691.60
01-Mar-25 2:44:20 PM AEST,32.3,nan,nan,nan,nan,nan,nan,nan,nan,nan,nan,nan
01-Mar-25 2:45:00 PM AEST,nan,59.0,23.6,nan,nan,nan,140.10,nan,8.30,6.20,139.80,689.20
01-Mar-25 2:45:25 PM AEST,32.1,nan,nan,nan,nan,nan,nan,nan,nan,nan,nan,nan
01-Mar-25 2:46:00 PM AEST,nan,59.3,23.1,nan,nan,nan,148.30,0.76,9.50,7.20,148.20,688.30
01-Mar-25 2:46:30 PM AEST,31.9,nan,nan,nan,nan,nan,nan,nan,nan,nan,nan,nan
01-Mar-25 2:47:00 PM AEST,nan,60.0,23.0,nan,nan,nan,120.80,0.64,8.30,6.30,119.50,684.20
01-Mar-25 2:47:35 PM AEST,31.8,nan,nan,nan,nan,nan,nan,nan,nan,nan,nan,nan
01-Mar-25 2:48:00 PM AEST,nan,59.7,23.2,nan,nan,nan,120.60,nan,nan,5.90,119.80,679.20
01-Mar-25 2:49:00 PM AEST,nan,59.2,23.0,nan,nan,nan,145.50,0.60,9.50,6.00,145.80,679.90
01-Mar-25 2:50:00 PM AEST,31.9,60.0,22.8,nan,nan,nan,143.80,0.56,7.10,5.50,144.20,678.30
01-Mar-25 2:51:00 PM AEST,nan,59.5,23.1,nan,nan,nan,168.70,0.70,9.50,6.70,167.90,676.60
01-Mar-25 2:52:00 PM AEST,32.1,59.0,23.0,nan,nan,nan,191.50,0.14,3.50,1.40,191.50,675.80
01-Mar-25 2:53:00 PM AEST,nan,59.2,23.1,nan,nan,nan,169.50,0.71,9.50,6.60,169.70,673.30
01-Mar-25 2:53:05 PM AEST,32.2,nan,nan,nan,nan,nan,nan,nan,nan,nan,nan,nan
01-Mar-25 2:54:00 PM AEST,nan,59.0,23.2,nan,nan,nan,136.00,0.26,5.90,2.60,136.10,670.80
01-Mar-25 2:55:00 PM AEST,32.3,60.0,nan,nan,nan,nan,131.30,0.22,nan,2.20,125.00,665.80
01-Mar-25 2:56:00 PM AEST,nan,59.7,23.6,nan,nan,nan,123.80,0.57,8.30,5.70,123.30,nan
01-Mar-25 2:57:00 PM AEST,nan,60.5,23.4,nan,nan,nan,138.90,0.50,nan,4.50,141.00,662.50
01-Mar-25 2:58:00 PM AEST,32.0,58.5,23.6,nan,nan,nan,140.30,0.96,15.40,9.50,142.30,663.30
01-Mar-25 2:59:00 PM AEST,nan,59.5,22.8,nan,nan,nan,111.20,0.69,10.60,6.80,110.10,662.40
01-Mar-25 2:59:05 PM AEST,31.9,nan,nan,nan,nan,nan,nan,nan,nan,nan,nan,nan
01-Mar-25 3:00:00 PM AEST,nan,59.0,23.0,nan,nan,nan,130.70,0.58,9.50,5.60,127.80,660.80
01-Mar-25 3:00:09 PM AEST,nan,nan,nan,nan,nan,0.45,nan,nan,nan,nan,nan,nan
01-Mar-25 3:00:10 PM AEST,31.7,nan,nan,nan,nan,nan,nan,nan,nan,nan,nan,nan
01-Mar-25 3:01:00 PM AEST,nan,59.3,22.7,nan,nan,nan,179.80,0.44,5.90,4.00,181.30,655.00
01-Mar-25 3:01:15 PM AEST,32.0,nan,nan,nan,nan,nan,nan,nan,nan,nan,nan,nan
01-Mar-25 3:02:00 PM AEST,nan,59.2,23.0,nan,nan,nan,107.30,0.59,8.30,5.20,103.20,655.80
01-Mar-25 3:02:20 PM AEST,32.1,nan,nan,nan,nan,nan,nan,nan,nan,nan,nan,nan
01-Mar-25 3:03:00 PM AEST,nan,59.0,23.1,nan,nan,nan,135.30,0.28,4.70,2.50,138.80,651.70
01-Mar-25 3:03:25 PM AEST,32.2,nan,nan,nan,nan,nan,nan,nan,nan,nan,nan,nan
01-Mar-25 3:04:00 PM AEST,nan,59.8,nan,nan,nan,nan,153.40,0.34,7.10,3.30,150.60,649.10
01-Mar-25 3:04:30 PM AEST,32.3,nan,nan,nan,nan,nan,nan,nan,nan,nan,nan,nan
01-Mar-25 3:05:00 PM AEST,nan,60.3,23.4,nan,nan,nan,156.30,0.28,4.70,2.80,156.60,645.80
01-Mar-25 3:05:35 PM AEST,32.6,nan,nan,nan,nan,nan,nan,nan,nan,nan,nan,nan
01-Mar-25 3:06:00 PM AEST,nan,60.2,23.7,nan,nan,nan,159.80,0.59,11.80,5.70,161.40,642.50
01-Mar-25 3:06:40 PM AEST,32.3,nan,nan,nan,nan,nan,nan,nan,nan,nan,nan,nan
01-Mar-25 3:07:00 PM AEST,nan,59.2,23.8,nan,nan,nan,172.80,0.89,nan,8.60,170.20,639.90
01-Mar-25 3:07:45 PM AEST,32.1,nan,nan,nan,nan,nan,nan,nan,nan,nan,nan,nan
01-Mar-25 3:08:00 PM AEST,nan,58.3,23.3,nan,nan,nan,173.40,0.82,13.00,7.90,174.20,635.80
01-Mar-25 3:09:00 PM AEST,nan,57.7,22.9,nan,nan,nan,196.40,0.64,9.50,6.00,193.30,633.30
01-Mar-25 3:10:00 PM AEST,nan,58.3,22.7,nan,nan,nan,224.20,0.68,8.30,6.40,222.00,631.60
01-Mar-25 3:11:00 PM AEST,32.2,59.2,22.9,nan,nan,nan,283.70,0.49,nan,4.90,284.00,628.30
01-Mar-25 3:12:00 PM AEST,nan,59.3,23.2,nan,nan,nan,238.80,0.32,5.90,2.40,222.90,622.50
01-Mar-25 3:12:05 PM AEST,32.3,nan,nan,nan,nan,nan,nan,nan,nan,nan,nan,nan
01-Mar-25 3:13:00 PM AEST,nan,60.8,23.4,nan,nan,nan,134.80,0.28,4.70,2.80,134.80,620.00
01-Mar-25 3:13:10 PM AEST,32.4,nan,nan,nan,nan,nan,nan,nan,nan,nan,nan,nan
01-Mar-25 3:14:00 PM AEST,nan,59.8,23.9,nan,nan,nan,110.90,0.37,5.90,3.60,109.10,615.80
01-Mar-25 3:14:15 PM AEST,32.5,nan,nan,nan,nan,nan,nan,nan,nan,nan,nan,nan
01-Mar-25 3:15:00 PM AEST,nan,59.7,23.7,nan,nan,nan,112.00,0.31,4.70,3.00,110.00,613.30
01-Mar-25 3:16:00 PM AEST,nan,60.0,23.6,nan,nan,nan,138.90,0.58,9.50,4.60,135.10,610.80
01-Mar-25 3:17:00 PM AEST,32.3,58.8,23.7,nan,nan,nan,186.30,0.62,10.60,6.00,187.00,605.80
01-Mar-25 3:18:00 PM AEST,nan,59.2,23.2,nan,nan,nan,198.90,0.34,7.10,3.40,198.70,599.20
01-Mar-25 3:18:05 PM AEST,32.5,nan,nan,nan,nan,nan,nan,nan,nan,nan,nan,nan
01-Mar-25 3:19:00 PM AEST,nan,60.2,23.5,nan,nan,nan,141.60,0.54,8.30,4.70,129.70,594.90
01-Mar-25 3:20:00 PM AEST,32.4,59.5,23.8,nan,nan,nan,121.60,0.41,7.10,4.00,122.40,593.30
01-Mar-25 3:21:00 PM AEST,nan,59.3,23.5,nan,nan,nan,171.90,0.52,nan,5.00,173.80,590.80
01-Mar-25 3:22:00 PM AEST,nan,58.7,23.4,nan,nan,nan,157.60,0.62,9.50,5.80,158.20,587.40
01-Mar-25 3:23:00 PM AEST,32.2,58.5,23.2,nan,nan,nan,149.30,0.64,10.60,6.20,147.90,584.20
01-Mar-25 3:24:00 PM AEST,nan,59.2,23.0,nan,nan,nan,133.80,0.75,nan,7.00,134.90,580.80
01-Mar-25 3:24:05 PM AEST,32.1,nan,nan,nan,nan,nan,nan,nan,nan,nan,nan,nan
01-Mar-25 3:25:00 PM AEST,nan,59.3,23.1,nan,nan,nan,110.40,0.76,9.50,7.40,109.40,nan
01-Mar-25 3:25:10 PM AEST,32.0,nan,nan,nan,nan,nan,nan,nan,nan,nan,nan,nan
01-Mar-25 3:26:00 PM AEST,nan,59.7,23.0,nan,nan,nan,104.20,0.63,10.60,6.20,104.30,578.30
01-Mar-25 3:26:15 PM AEST,31.9,nan,nan,nan,nan,nan,nan,nan,nan,nan,nan,nan
01-Mar-25 3:27:00 PM AEST,nan,59.5,23.1,nan,nan,nan,130.30,0.72,nan,6.70,127.20,577.40
01-Mar-25 3:27:20 PM AEST,31.8,nan,nan,nan,nan,nan,nan,nan,nan,nan,nan,nan
01-Mar-25 3:28:00 PM AEST,nan,60.0,22.9,nan,nan,nan,151.80,0.53,8.30,5.00,154.60,575.00
01-Mar-25 3:28:25 PM AEST,31.9,nan,nan,nan,nan,nan,nan,nan,nan,nan,nan,nan
01-Mar-25 3:29:00 PM AEST,nan,59.7,23.2,nan,nan,nan,152.70,0.79,10.60,7.50,154.50,574.20
01-Mar-25 3:29:30 PM AEST,31.7,nan,nan,nan,nan,nan,nan,nan,nan,nan,nan,nan
01-Mar-25 3:30:00 PM AEST,nan,59.2,23.0,nan,nan,nan,120.60,0.76,nan,7.30,119.00,571.60
01-Mar-25 3:30:35 PM AEST,31.8,nan,nan,nan,nan,nan,nan,nan,nan,nan,nan,nan
01-Mar-25 3:31:00 PM AEST,nan,59.8,22.8,nan,nan,nan,142.00,0.45,7.10,4.40,139.50,569.20
01-Mar-25 3:31:40 PM AEST,31.9,nan,nan,nan,nan,nan,nan,nan,nan,nan,nan,nan
01-Mar-25 3:32:00 PM AEST,nan,60.5,23.0,nan,nan,nan,158.10,0.47,8.30,4.60,161.00,564.90
01-Mar-25 3:33:00 PM AEST,nan,60.0,23.3,nan,nan,nan,118.00,0.50,7.10,4.80,118.30,561.70
01-Mar-25 3:34:00 PM AEST,nan,60.3,23.2,nan,nan,nan,188.10,0.79,10.60,7.50,187.00,nan
01-Mar-25 3:35:00 PM AEST,31.8,59.8,23.3,nan,nan,nan,211.10,0.80,13.00,7.60,208.00,558.30
01-Mar-25 3:36:00 PM AEST,nan,60.2,23.0,nan,nan,nan,174.50,0.63,8.30,5.10,170.70,553.30
01-Mar-25 3:36:05 PM AEST,31.9,nan,nan,nan,nan,nan,nan,nan,nan,nan,nan,nan
01-Mar-25 3:37:00 PM AEST,nan,60.3,23.2,nan,nan,nan,165.40,0.75,9.50,6.80,167.30,549.90
01-Mar-25 3:37:10 PM AEST,31.8,nan,nan,nan,nan,nan,nan,nan,nan,nan,nan,nan
01-Mar-25 3:38:00 PM AEST,nan,60.0,23.1,nan,nan,nan,158.40,0.63,nan,5.70,158.10,545.00
01-Mar-25 3:38:15 PM AEST,31.7,nan,nan,nan,nan,nan,nan,nan,nan,nan,nan,nan
01-Mar-25 3:39:00 PM AEST,nan,60.2,23.0,nan,nan,nan,136.60,0.38,5.90,3.70,134.70,541.70
01-Mar-25 3:39:20 PM AEST,31.8,nan,nan,nan,nan,nan,nan,nan,nan,nan,nan,nan
01-Mar-25 3:40:00 PM AEST,nan,60.8,23.1,nan,nan,nan,140.90,0.34,7.10,2.80,151.70,539.90
01-Mar-25 3:40:25 PM AEST,31.9,nan,nan,nan,nan,nan,nan,nan,nan,nan,nan,nan
01-Mar-25 3:41:00 PM AEST,nan,59.8,23.4,nan,nan,nan,196.70,0.45,nan,4.50,196.70,539.20
01-Mar-25 3:41:30 PM AEST,32.1,nan,nan,nan,nan,nan,nan,nan,nan,nan,nan,nan
01-Mar-25 3:42:00 PM AEST,nan,60.5,23.1,nan,nan,nan,187.60,0.27,5.90,2.00,202.10,536.60
01-Mar-25 3:42:35 PM AEST,32.3,nan,nan,nan,nan,nan,nan,nan,nan,nan,nan,nan
01-Mar-25 3:43:00 PM AEST,nan,60.3,23.5,nan,nan,nan,219.60,nan,4.70,2.70,219.60,531.70
01-Mar-25 3:44:00 PM AEST,nan,60.8,23.6,nan,nan,nan,158.70,0.36,5.90,3.40,156.50,529.20
01-Mar-25 3:45:00 PM AEST,32.2,60.7,23.7,nan,nan,nan,153.70,0.54,8.30,5.00,150.90,526.60
01-Mar-25 3:46:00 PM AEST,nan,59.7,23.6,nan,nan,nan,141.90,0.61,nan,5.80,144.40,525.80
01-Mar-25 3:47:00 PM AEST,32.0,58.8,23.3,nan,nan,nan,144.60,0.57,nan,5.40,146.40,521.60
01-Mar-25 3:48:00 PM AEST,nan,59.3,22.9,nan,nan,nan,141.30,0.44,7.10,4.30,141.80,521.70
01-Mar-25 3:49:00 PM AEST,32.1,59.5,23.1,nan,nan,nan,172.50,0.61,9.50,5.00,180.10,523.30
01-Mar-25 3:50:00 PM AEST,nan,59.7,23.2,nan,nan,nan,170.70,0.83,11.80,7.30,174.50,515.80
01-Mar-25 3:50:05 PM AEST,32.0,nan,nan,nan,nan,nan,nan,nan,nan,nan,nan,nan
01-Mar-25 3:51:00 PM AEST,nan,59.5,nan,nan,nan,nan,141.50,0.63,8.30,6.10,141.90,510.80
01-Mar-25 3:51:10 PM AEST,31.9,nan,nan,nan,nan,nan,nan,nan,nan,nan,nan,nan
01-Mar-25 3:52:00 PM AEST,nan,60.3,23.0,nan,nan,nan,119.90,0.50,nan,4.90,115.70,503.30
01-Mar-25 3:53:00 PM AEST,nan,60.7,23.2,nan,nan,nan,125.40,0.52,7.10,nan,121.90,499.20
01-Mar-25 3:54:00 PM AEST,32.0,60.5,23.3,nan,nan,nan,164.00,0.50,nan,4.60,164.40,498.30
01-Mar-25 3:55:00 PM AEST,nan,60.2,23.4,nan,nan,nan,134.90,0.38,nan,3.70,135.50,494.10
01-Mar-25 3:56:00 PM AEST,32.1,60.5,23.3,nan,nan,nan,166.60,0.43,5.90,4.30,165.30,493.30
01-Mar-25 3:57:00 PM AEST,nan,60.7,23.5,nan,nan,nan,149.90,0.24,8.30,2.10,135.80,494.10
01-Mar-25 3:57:05 PM AEST,32.2,nan,nan,nan,nan,nan,nan,nan,nan,nan,nan,nan
01-Mar-25 3:58:00 PM AEST,nan,60.2,23.6,nan,nan,nan,126.20,0.72,10.60,7.00,126.10,490.80
01-Mar-25 3:58:10 PM AEST,32.1,nan,nan,nan,nan,nan,nan,nan,nan,nan,nan,nan
01-Mar-25 3:59:00 PM AEST,nan,59.7,23.4,nan,nan,nan,149.30,0.73,nan,6.90,153.80,487.50
01-Mar-25 3:59:15 PM AEST,31.9,nan,nan,nan,nan,nan,nan,nan,nan,nan,nan,nan
01-Mar-25 4:00:00 PM AEST,nan,60.0,23.1,nan,nan,nan,145.00,0.47,7.10,4.40,140.50,483.30
01-Mar-25 4:00:10 PM AEST,nan,nan,nan,nan,nan,0.29,nan,nan,nan,nan,nan,nan
01-Mar-25 4:01:00 PM AEST,32.0,60.3,23.2,nan,nan,nan,140.80,0.34,4.70,3.40,140.90,478.30
01-Mar-25 4:02:00 PM AEST,nan,60.2,23.4,nan,nan,nan,121.20,0.46,9.50,4.50,119.80,473.30
01-Mar-25 4:02:05 PM AEST,32.1,nan,nan,nan,nan,nan,nan,nan,nan,nan,nan,nan
01-Mar-25 4:03:00 PM AEST,nan,59.5,nan,nan,nan,nan,106.90,0.54,8.30,5.30,109.60,471.60
01-Mar-25 4:03:10 PM AEST,32.0,nan,nan,nan,nan,nan,nan,nan,nan,nan,nan,nan
01-Mar-25 4:04:00 PM AEST,nan,nan,23.1,nan,nan,nan,98.50,0.09,2.40,0.90,98.30,469.20
01-Mar-25 4:04:15 PM AEST,32.2,nan,nan,nan,nan,nan,nan,nan,nan,nan,nan,nan
01-Mar-25 4:05:00 PM AEST,nan,59.7,23.3,nan,nan,nan,168.60,0.34,8.30,2.80,201.20,467.40
01-Mar-25 4:05:20 PM AEST,32.5,nan,nan,nan,nan,nan,nan,nan,nan,nan,nan,nan
01-Mar-25 4:05:20 PM AEST,32.3,nan,nan,nan,nan,nan,nan,nan,nan,nan,nan,nan
01-Mar-25 4:06:00 PM AEST,nan,59.5,23.6,nan,nan,nan,155.30,0.65,9.50,6.40,154.90,461.70
01-Mar-25 4:06:25 PM AEST,32.4,nan,nan,nan,nan,nan,nan,nan,nan,nan,nan,nan
01-Mar-25 4:07:00 PM AEST,nan,59.3,23.4,nan,nan,nan,180.30,0.22,4.70,2.10,171.90,458.30
01-Mar-25 4:07:30 PM AEST,32.6,nan,nan,nan,nan,nan,nan,nan,nan,nan,nan,nan
01-Mar-25 4:08:00 PM AEST,nan,59.5,nan,nan,nan,nan,262.40,0.31,7.10,2.70,311.20,456.60
01-Mar-25 4:08:35 PM AEST,32.4,nan,nan,nan,nan,nan,nan,nan,nan,nan,nan,nan
01-Mar-25 4:09:00 PM AEST,nan,59.7,23.7,nan,nan,nan,25.30,0.51,8.30,3.30,40.60,456.70
01-Mar-25 4:10:00 PM AEST,nan,60.0,23.6,nan,nan,nan,40.00,0.44,7.10,4.00,50.60,459.90
01-Mar-25 4:11:00 PM AEST,nan,60.5,23.7,nan,nan,nan,95.80,0.40,nan,3.90,93.20,455.00
01-Mar-25 4:12:00 PM AEST,32.3,60.2,nan,nan,nan,nan,95.10,0.60,9.50,5.80,92.20,454.20
01-Mar-25 4:13:00 PM AEST,nan,60.0,23.6,nan,nan,nan,130.20,0.42,7.10,4.20,131.20,455.80
01-Mar-25 4:14:00 PM AEST,32.2,60.2,23.5,nan,nan,nan,123.10,0.49,nan,4.70,120.10,450.80
01-Mar-25 4:15:00 PM AEST,nan,61.0,nan,nan,nan,nan,105.50,0.34,4.70,3.30,104.60,453.30
01-Mar-25 4:16:00 PM AEST,32.3,nan,23.7,nan,nan,nan,95.10,0.31,5.90,3.10,93.80,450.00
01-Mar-25 4:17:00 PM AEST,nan,60.8,23.8,nan,nan,nan,97.10,0.14,3.50,1.40,96.80,450.80
01-Mar-25 4:17:05 PM AEST,32.6,nan,nan,nan,nan,nan,nan,nan,nan,nan,nan,nan
01-Mar-25 4:18:00 PM AEST,nan,60.2,24.0,nan,nan,nan,173.10,0.57,10.60,5.10,182.20,449.90
01-Mar-25 4:19:00 PM AEST,nan,60.0,23.9,nan,nan,nan,172.20,0.41,4.70,3.80,170.50,448.30
01-Mar-25 4:20:00 PM AEST,nan,nan,23.8,nan,nan,nan,163.50,0.56,9.50,5.30,170.00,444.10
01-Mar-25 4:21:00 PM AEST,32.4,59.8,nan,nan,nan,nan,171.50,0.65,11.80,6.30,168.70,448.30
01-Mar-25 4:22:00 PM AEST,nan,nan,23.6,nan,nan,nan,207.10,0.81,10.60,7.90,206.90,240.80
01-Mar-25 4:22:05 PM AEST,32.3,nan,nan,nan,nan,nan,nan,nan,nan,nan,nan,nan
01-Mar-25 4:23:00 PM AEST,nan,59.2,23.5,nan,nan,nan,209.10,0.54,8.30,4.60,207.10,208.30
01-Mar-25 4:23:10 PM AEST,32.2,nan,nan,nan,nan,nan,nan,nan,nan,nan,nan,nan
01-Mar-25 4:24:00 PM AEST,nan,59.7,23.2,nan,nan,nan,242.80,0.25,3.50,2.50,242.80,426.70
01-Mar-25 4:24:15 PM AEST,32.3,nan,nan,nan,nan,nan,nan,nan,nan,nan,nan,nan
01-Mar-25 4:25:00 PM AEST,nan,60.3,23.4,nan,nan,nan,244.50,0.30,5.90,2.90,245.80,419.10
01-Mar-25 4:25:20 PM AEST,32.4,nan,nan,nan,nan,nan,nan,nan,nan,nan,nan,nan
01-Mar-25 4:26:00 PM AEST,nan,61.0,23.7,nan,nan,nan,250.20,0.29,7.10,nan,248.90,417.50
01-Mar-25 4:26:25 PM AEST,32.5,nan,nan,nan,nan,nan,nan,nan,nan,nan,nan,nan
01-Mar-25 4:27:00 PM AEST,nan,61.5,24.0,nan,nan,nan,247.80,0.21,3.50,2.10,248.10,412.50
01-Mar-25 4:27:30 PM AEST,32.6,nan,nan,nan,nan,nan,nan,nan,nan,nan,nan,nan
01-Mar-25 4:27:30 PM AEST,32.7,nan,nan,nan,nan,nan,nan,nan,nan,nan,nan,nan
01-Mar-25 4:28:00 PM AEST,nan,61.3,24.3,nan,nan,nan,230.30,0.53,9.50,5.20,225.00,293.30
01-Mar-25 4:28:35 PM AEST,32.6,nan,nan,nan,nan,nan,nan,nan,nan,nan,nan,nan
01-Mar-25 4:29:00 PM AEST,nan,nan,nan,nan,nan,nan,228.80,0.24,3.50,2.40,228.90,252.50
01-Mar-25 4:29:40 PM AEST,32.7,nan,nan,nan,nan,nan,nan,nan,nan,nan,nan,nan
01-Mar-25 4:30:00 PM AEST,nan,61.8,24.2,nan,nan,nan,229.00,0.22,4.70,2.20,229.00,414.20
01-Mar-25 4:30:45 PM AEST,32.6,nan,nan,nan,nan,nan,nan,nan,nan,nan,nan,nan
01-Mar-25 4:31:00 PM AEST,nan,61.3,24.4,nan,nan,nan,190.10,0.30,nan,2.60,174.60,411.60
01-Mar-25 4:31:50 PM AEST,32.5,nan,nan,nan,nan,nan,nan,nan,nan,nan,nan,nan
01-Mar-25 4:32:00 PM AEST,nan,60.8,24.1,nan,nan,nan,149.90,0.17,nan,1.70,149.90,416.70
01-Mar-25 4:32:55 PM AEST,32.7,nan,nan,nan,nan,nan,nan,nan,nan,nan,nan,nan
01-Mar-25 4:33:00 PM AEST,nan,nan,24.0,nan,nan,nan,nan,0.11,2.40,1.10,150.00,414.90
01-Mar-25 4:34:00 PM AEST,32.8,61.2,24.1,nan,nan,nan,195.90,0.30,4.70,2.40,190.20,411.70
01-Mar-25 4:35:00 PM AEST,nan,61.5,24.3,nan,nan,nan,148.50,0.37,5.90,3.60,148.70,412.50
01-Mar-25 4:35:05 PM AEST,32.7,nan,nan,nan,nan,nan,nan,nan,nan,nan,nan,nan
01-Mar-25 4:36:00 PM AEST,nan,61.8,nan,nan,nan,nan,204.60,0.39,nan,3.80,205.50,362.40
01-Mar-25 4:37:00 PM AEST,nan,61.3,24.4,nan,nan,nan,225.90,0.47,9.50,4.60,223.80,165.80
01-Mar-25 4:38:00 PM AEST,32.6,61.2,24.3,nan,nan,nan,245.70,0.36,7.10,3.10,252.00,259.10
01-Mar-25 4:39:00 PM AEST,nan,nan,24.1,nan,nan,nan,313.60,0.62,8.30,6.10,313.30,403.30
01-Mar-25 4:39:05 PM AEST,32.5,nan,nan,nan,nan,nan,nan,nan,nan,nan,nan,nan
01-Mar-25 4:40:00 PM AEST,nan,61.0,24.0,nan,nan,nan,268.80,0.72,14.20,6.80,274.80,385.80
01-Mar-25 4:40:10 PM AEST,32.2,nan,nan,nan,nan,nan,nan,nan,nan,nan,nan,nan
01-Mar-25 4:41:00 PM AEST,nan,61.2,23.7,nan,nan,nan,256.10,0.15,4.70,1.50,253.20,374.90
01-Mar-25 4:41:15 PM AEST,32.3,nan,nan,nan,nan,nan,nan,nan,nan,nan,nan,nan
01-Mar-25 4:42:00 PM AEST,nan,60.2,23.8,nan,nan,nan,249.30,0.17,3.50,1.70,249.40,359.20
01-Mar-25 4:42:20 PM AEST,32.4,nan,nan,nan,nan,nan,nan,nan,nan,nan,nan,nan
01-Mar-25 4:43:00 PM AEST,nan,61.0,23.7,nan,nan,nan,nan,0.08,2.40,0.80,nan,354.10
01-Mar-25 4:43:25 PM AEST,32.5,nan,nan,nan,nan,nan,nan,nan,nan,nan,nan,nan
01-Mar-25 4:44:00 PM AEST,nan,61.3,24.0,nan,nan,nan,266.40,0.30,4.70,2.90,272.30,363.30
01-Mar-25 4:44:30 PM AEST,32.6,nan,nan,nan,nan,nan,nan,nan,nan,nan,nan,nan
01-Mar-25 4:44:30 PM AEST,32.7,nan,nan,nan,nan,nan,nan,nan,nan,nan,nan,nan
01-Mar-25 4:45:00 PM AEST,nan,61.5,24.2,nan,nan,nan,288.40,0.04,3.50,0.40,288.10,nan
01-Mar-25 4:45:35 PM AEST,33.0,nan,nan,nan,nan,nan,nan,nan,nan,nan,nan,nan
01-Mar-25 4:46:00 PM AEST,nan,61.7,24.3,nan,nan,nan,284.30,0.12,nan,1.20,280.30,nan
01-Mar-25 4:46:40 PM AEST,33.1,nan,nan,nan,nan,nan,nan,nan,nan,nan,nan,nan
01-Mar-25 4:47:00 PM AEST,nan,61.5,24.7,nan,nan,nan,270.00,0.06,nan,0.60,264.10,219.20
01-Mar-25 4:47:45 PM AEST,33.0,nan,nan,nan,nan,nan,nan,nan,nan,nan,nan,nan
01-Mar-25 4:48:00 PM AEST,nan,61.8,nan,nan,nan,nan,221.60,0.39,7.10,3.90,222.00,245.80
01-Mar-25 4:48:50 PM AEST,32.8,nan,nan,nan,nan,nan,nan,nan,nan,nan,nan,nan
01-Mar-25 4:49:00 PM AEST,nan,61.3,nan,nan,nan,nan,199.20,0.36,5.90,3.60,198.60,233.30
01-Mar-25 4:49:55 PM AEST,32.9,nan,nan,nan,nan,nan,nan,nan,nan,nan,nan,nan
01-Mar-25 4:50:00 PM AEST,nan,61.7,24.4,nan,nan,nan,200.50,0.01,1.20,0.10,199.50,362.50
01-Mar-25 4:51:00 PM AEST,33.1,62.2,24.6,nan,nan,nan,nan,0.02,nan,0.20,200.40,353.30
01-Mar-25 4:52:00 PM AEST,nan,nan,24.9,nan,nan,nan,200.70,0.12,2.40,1.20,200.60,344.20
01-Mar-25 4:53:00 PM AEST,33.4,61.7,nan,nan,nan,nan,nan,0.01,1.20,0.10,201.80,335.80
01-Mar-25 4:54:00 PM AEST,nan,61.2,25.0,nan,nan,nan,223.50,0.18,4.70,1.50,258.20,329.20
01-Mar-25 4:54:05 PM AEST,33.5,nan,nan,nan,nan,nan,nan,nan,nan,nan,nan,nan
01-Mar-25 4:55:00 PM AEST,nan,61.5,nan,nan,nan,nan,277.20,0.44,5.90,3.80,275.60,320.00
01-Mar-25 4:55:10 PM AEST,33.2,nan,nan,nan,nan,nan,nan,nan,nan,nan,nan,nan
01-Mar-25 4:56:00 PM AEST,nan,62.2,24.8,nan,nan,nan,124.80,0.36,nan,3.60,125.00,273.30
01-Mar-25 4:56:15 PM AEST,33.0,nan,nan,nan,nan,nan,nan,nan,nan,nan,nan,nan
01-Mar-25 4:57:00 PM AEST,nan,61.3,nan,nan,nan,nan,127.70,0.40,7.10,3.90,123.10,151.70
01-Mar-25 4:57:20 PM AEST,32.9,nan,nan,nan,nan,nan,nan,nan,nan,nan,nan,nan
01-Mar-25 4:58:00 PM AEST,nan,60.3,24.5,nan,nan,nan,113.30,0.49,nan,4.90,111.00,116.60
01-Mar-25 4:58:25 PM AEST,32.4,nan,nan,nan,nan,nan,nan,nan,nan,nan,nan,nan
01-Mar-25 4:59:00 PM AEST,nan,nan,23.7,nan,nan,nan,118.90,0.11,2.40,1.10,118.80,92.50
01-Mar-25 4:59:30 PM AEST,32.2,nan,nan,nan,nan,nan,nan,nan,nan,nan,nan,nan
01-Mar-25 5:00:00 PM AEST,nan,60.0,nan,nan,nan,nan,nan,0.33,4.70,3.30,118.90,154.20
01-Mar-25 5:00:11 PM AEST,nan,nan,nan,nan,nan,0.07,nan,nan,nan,nan,nan,nan
01-Mar-25 5:00:35 PM AEST,32.0,nan,nan,nan,nan,nan,nan,nan,nan,nan,nan,nan
01-Mar-25 5:01:00 PM AEST,nan,60.2,23.5,nan,nan,nan,95.70,0.66,8.30,6.30,94.30,249.90
01-Mar-25 5:01:40 PM AEST,31.8,nan,nan,nan,nan,nan,nan,nan,nan,nan,nan,nan
01-Mar-25 5:02:00 PM AEST,nan,60.3,23.3,nan,nan,nan,57.80,0.49,9.50,4.80,57.30,291.70
01-Mar-25 5:02:45 PM AEST,31.9,nan,nan,nan,nan,nan,nan,nan,nan,nan,nan,nan
01-Mar-25 5:03:00 PM AEST,nan,61.0,23.2,nan,nan,nan,58.60,0.02,2.40,0.20,58.70,288.30
01-Mar-25 5:03:50 PM AEST,32.0,nan,nan,nan,nan,nan,nan,nan,nan,nan,nan,nan
01-Mar-25 5:04:00 PM AEST,nan,61.5,23.5,nan,nan,nan,143.00,0.28,4.70,2.60,159.20,171.70
01-Mar-25 5:04:55 PM AEST,31.9,nan,nan,nan,nan,nan,nan,nan,nan,nan,nan,nan
01-Mar-25 5:05:00 PM AEST,nan,61.8,23.7,nan,nan,nan,193.20,0.43,7.10,3.60,202.30,94.20
01-Mar-25 5:06:00 PM AEST,nan,61.5,nan,nan,nan,nan,203.00,nan,nan,4.30,202.70,89.10
01-Mar-25 5:07:00 PM AEST,31.7,62.0,23.6,nan,nan,nan,199.70,0.22,3.50,2.20,199.70,85.80
01-Mar-25 5:08:00 PM AEST,nan,62.5,23.5,nan,nan,nan,173.90,0.35,5.90,3.30,171.00,91.60
01-Mar-25 5:09:00 PM AEST,31.3,62.3,23.6,nan,nan,nan,129.90,0.34,4.70,3.40,130.10,92.50
01-Mar-25 5:10:00 PM AEST,nan,nan,23.3,nan,nan,nan,128.30,0.04,2.40,0.40,128.00,149.20
01-Mar-25 5:11:00 PM AEST,nan,62.5,nan,nan,nan,nan,186.20,0.34,5.90,3.20,197.80,83.30
01-Mar-25 5:12:00 PM AEST,nan,61.7,nan,nan,nan,nan,200.40,0.35,nan,3.50,200.30,74.20
01-Mar-25 5:13:00 PM AEST,31.2,62.0,23.1,nan,nan,nan,208.90,0.24,3.50,2.40,208.40,72.50
01-Mar-25 5:14:00 PM AEST,nan,62.3,23.0,nan,nan,nan,215.50,0.04,1.20,0.40,215.20,91.70
01-Mar-25 5:14:05 PM AEST,31.3,nan,nan,nan,nan,nan,nan,nan,nan,nan,nan,nan
01-Mar-25 5:15:00 PM AEST,nan,nan,23.2,nan,nan,nan,215.60,0.05,2.40,0.50,215.50,75.00
01-Mar-25 5:16:00 PM AEST,31.2,62.7,23.3,nan,nan,nan,213.70,0.13,3.50,1.30,210.50,70.80
01-Mar-25 5:17:00 PM AEST,nan,62.8,23.2,nan,nan,nan,187.10,0.20,nan,2.00,187.10,59.20
01-Mar-25 5:17:05 PM AEST,31.1,nan,nan,nan,nan,nan,nan,nan,nan,nan,nan,nan
01-Mar-25 5:18:00 PM AEST,nan,63.3,23.1,nan,nan,nan,187.00,0.07,2.40,0.60,186.90,55.80
01-Mar-25 5:19:00 PM AEST,nan,nan,23.3,nan,nan,nan,187.10,nan,1.20,nan,nan,55.00
01-Mar-25 5:20:00 PM AEST,nan,63.5,nan,nan,nan,nan,187.00,0.00,0.00,0.00,0.00,56.70
01-Mar-25 5:21:00 PM AEST,nan,63.7,23.4,nan,nan,nan,187.10,nan,nan,nan,nan,56.60
01-Mar-25 5:22:00 PM AEST,31.0,nan,nan,nan,nan,nan,187.00,0.04,2.40,0.40,186.30,58.30
01-Mar-25 5:23:00 PM AEST,nan,64.0,23.3,nan,nan,nan,nan,0.00,0.00,0.00,0.00,101.60
01-Mar-25 5:24:00 PM AEST,30.9,65.0,23.4,nan,nan,nan,nan,0.05,2.40,0.50,186.90,173.30
01-Mar-25 5:25:00 PM AEST,nan,nan,23.6,nan,nan,nan,187.10,0.04,nan,0.40,nan,147.50
01-Mar-25 5:25:05 PM AEST,31.0,nan,nan,nan,nan,nan,nan,nan,nan,nan,nan,nan
01-Mar-25 5:26:00 PM AEST,nan,65.3,nan,nan,nan,nan,187.00,0.01,1.20,0.10,183.60,160.00
01-Mar-25 5:26:10 PM AEST,31.1,nan,nan,nan,nan,nan,nan,nan,nan,nan,nan,nan
01-Mar-25 5:27:00 PM AEST,nan,65.2,23.8,nan,nan,nan,187.10,0.00,0.00,0.00,0.00,104.20
01-Mar-25 5:27:15 PM AEST,31.2,nan,nan,nan,nan,nan,nan,nan,nan,nan,nan,nan
01-Mar-25 5:28:00 PM AEST,nan,65.7,23.9,nan,nan,nan,nan,nan,nan,nan,nan,70.00
01-Mar-25 5:28:20 PM AEST,31.3,nan,nan,nan,nan,nan,nan,nan,nan,nan,nan,nan
01-Mar-25 5:29:00 PM AEST,nan,nan,24.1,nan,nan,nan,nan,0.01,1.20,0.10,186.90,110.00
01-Mar-25 5:29:25 PM AEST,31.1,nan,nan,nan,nan,nan,nan,nan,nan,nan,nan,nan
01-Mar-25 5:30:00 PM AEST,nan,65.8,nan,nan,nan,nan,186.60,0.17,4.70,1.70,186.10,150.80
01-Mar-25 5:30:30 PM AEST,30.9,nan,nan,nan,nan,nan,nan,nan,nan,nan,nan,nan
01-Mar-25 5:31:00 PM AEST,nan,66.2,23.9,nan,nan,nan,180.10,0.30,5.90,2.90,178.30,158.30
01-Mar-25 5:31:35 PM AEST,30.6,nan,nan,nan,nan,nan,nan,nan,nan,nan,nan,nan
01-Mar-25 5:32:00 PM AEST,nan,65.3,23.8,nan,nan,nan,123.20,0.68,9.50,6.40,124.70,154.20
01-Mar-25 5:32:40 PM AEST,30.5,nan,nan,nan,nan,nan,nan,nan,nan,nan,nan,nan
01-Mar-25 5:33:00 PM AEST,nan,65.2,23.3,nan,nan,nan,147.70,0.30,5.90,3.00,147.70,150.80
01-Mar-25 5:33:45 PM AEST,30.6,nan,nan,nan,nan,nan,nan,nan,nan,nan,nan,nan
01-Mar-25 5:34:00 PM AEST,nan,65.3,23.2,nan,nan,nan,nan,0.18,3.50,1.80,147.80,146.70
01-Mar-25 5:35:00 PM AEST,nan,64.7,23.3,nan,nan,nan,nan,0.26,4.70,2.60,nan,135.80
01-Mar-25 5:36:00 PM AEST,30.8,nan,23.2,nan,nan,nan,nan,0.01,1.20,0.10,150.30,95.00
01-Mar-25 5:37:00 PM AEST,nan,64.5,23.4,nan,nan,nan,147.80,0.09,3.50,0.90,148.10,56.70
01-Mar-25 5:37:05 PM AEST,31.0,nan,nan,nan,nan,nan,nan,nan,nan,nan,nan,nan
01-Mar-25 5:38:00 PM AEST,nan,64.2,23.5,nan,nan,nan,206.60,0.38,5.90,2.60,230.50,49.10
01-Mar-25 5:39:00 PM AEST,30.9,64.8,23.4,nan,nan,nan,258.40,0.26,3.50,nan,258.30,45.80
01-Mar-25 5:40:00 PM AEST,nan,66.2,23.5,nan,nan,nan,171.90,0.33,4.70,0.60,247.20,46.70
01-Mar-25 5:40:05 PM AEST,30.6,nan,nan,nan,nan,nan,nan,nan,nan,nan,nan,nan
01-Mar-25 5:41:00 PM AEST,nan,65.3,23.6,nan,nan,nan,91.40,0.27,3.50,2.70,91.40,45.80
01-Mar-25 5:41:10 PM AEST,30.4,nan,nan,nan,nan,nan,nan,nan,nan,nan,nan,nan
01-Mar-25 5:42:00 PM AEST,nan,66.2,23.2,nan,nan,nan,91.50,0.44,5.90,4.40,91.50,43.30
01-Mar-25 5:42:15 PM AEST,30.3,nan,nan,nan,nan,nan,nan,nan,nan,nan,nan,nan
01-Mar-25 5:43:00 PM AEST,nan,67.3,23.3,nan,nan,nan,91.40,0.32,4.70,3.20,91.30,41.60
01-Mar-25 5:43:20 PM AEST,30.1,nan,nan,nan,nan,nan,nan,nan,nan,nan,nan,nan
01-Mar-25 5:43:20 PM AEST,30.0,nan,nan,nan,nan,nan,nan,nan,nan,nan,nan,nan
01-Mar-25 5:44:00 PM AEST,nan,68.2,nan,nan,nan,nan,91.30,0.25,3.50,2.50,nan,40.00
01-Mar-25 5:44:25 PM AEST,29.9,nan,nan,nan,nan,nan,nan,nan,nan,nan,nan,nan
01-Mar-25 5:45:00 PM AEST,nan,nan,23.5,nan,nan,nan,nan,0.26,nan,2.60,nan,39.20
01-Mar-25 5:46:00 PM AEST,nan,68.7,23.4,nan,nan,nan,nan,0.18,2.40,1.80,91.20,38.30
01-Mar-25 5:47:00 PM AEST,29.8,69.3,23.5,nan,nan,nan,91.40,0.07,1.20,0.70,91.40,39.20
01-Mar-25 5:48:00 PM AEST,nan,69.7,23.6,nan,nan,nan,nan,0.09,2.40,0.90,nan,38.30
01-Mar-25 5:49:00 PM AEST,nan,70.0,nan,nan,nan,nan,nan,0.01,1.20,0.10,90.00,37.50
01-Mar-25 5:50:00 PM AEST,nan,nan,23.7,nan,nan,nan,nan,0.00,0.00,0.00,0.00,36.70
01-Mar-25 5:51:00 PM AEST,29.7,70.3,nan,nan,nan,nan,nan,0.01,1.20,0.10,90.00,35.80
01-Mar-25 5:52:00 PM AEST,nan,70.2,nan,nan,nan,nan,nan,0.07,nan,0.60,91.30,34.20
01-Mar-25 5:52:05 PM AEST,29.6,nan,nan,nan,nan,nan,nan,nan,nan,nan,nan,nan
01-Mar-25 5:53:00 PM AEST,nan,70.3,23.6,nan,nan,nan,91.30,0.27,3.50,2.70,nan,33.30
01-Mar-25 5:53:10 PM AEST,29.5,nan,nan,nan,nan,nan,nan,nan,nan,nan,nan,nan
01-Mar-25 5:54:00 PM AEST,nan,nan,23.5,nan,nan,nan,91.40,0.33,4.70,3.30,91.40,32.50
01-Mar-25 5:54:15 PM AEST,29.3,nan,nan,nan,nan,nan,nan,nan,nan,nan,nan,nan
01-Mar-25 5:55:00 PM AEST,nan,nan,23.3,nan,nan,nan,91.30,0.38,nan,3.80,91.30,31.70
01-Mar-25 5:55:20 PM AEST,29.1,nan,nan,nan,nan,nan,nan,nan,nan,nan,nan,nan
01-Mar-25 5:56:00 PM AEST,nan,70.8,23.1,nan,nan,nan,nan,0.30,nan,3.00,91.20,31.60
01-Mar-25 5:56:25 PM AEST,28.9,nan,nan,nan,nan,nan,nan,nan,nan,nan,nan,nan
01-Mar-25 5:57:00 PM AEST,nan,71.3,nan,nan,nan,nan,90.80,0.28,nan,2.80,90.80,30.80
01-Mar-25 5:57:30 PM AEST,28.8,nan,nan,nan,nan,nan,nan,nan,nan,nan,nan,nan
01-Mar-25 5:58:00 PM AEST,nan,71.8,nan,nan,nan,nan,nan,0.11,2.40,1.10,90.60,nan
01-Mar-25 5:58:35 PM AEST,28.7,nan,nan,nan,nan,nan,nan,nan,nan,nan,nan,nan
01-Mar-25 5:59:00 PM AEST,nan,72.3,23.2,nan,nan,nan,nan,0.21,3.50,2.10,90.80,29.20
01-Mar-25 5:59:40 PM AEST,28.6,nan,nan,nan,nan,nan,nan,nan,nan,nan,nan,nan
01-Mar-25 6:00:00 PM AEST,nan,72.5,23.3,nan,nan,nan,nan,0.22,nan,2.20,90.70,nan
01-Mar-25 6:00:12 PM AEST,nan,nan,nan,nan,nan,0.00,nan,nan,nan,nan,nan,nan
01-Mar-25 6:00:45 PM AEST,28.5,nan,nan,nan,nan,nan,nan,nan,nan,nan,nan,nan
01-Mar-25 6:01:00 PM AEST,nan,nan,23.2,nan,nan,nan,nan,0.32,4.70,3.20,90.80,29.10
01-Mar-25 6:01:50 PM AEST,28.4,nan,nan,nan,nan,nan,nan,nan,nan,nan,nan,nan
01-Mar-25 6:02:00 PM AEST,nan,72.7,23.1,nan,nan,nan,nan,0.22,3.50,2.20,90.70,28.30
01-Mar-25 6:03:00 PM AEST,nan,73.3,23.0,nan,nan,nan,nan,0.17,nan,1.70,nan,27.50
01-Mar-25 6:04:00 PM AEST,nan,73.7,23.1,nan,nan,nan,nan,0.04,1.20,0.40,90.50,26.70
01-Mar-25 6:05:00 PM AEST,28.3,74.2,23.2,nan,nan,nan,nan,0.00,0.00,0.00,0.00,nan
01-Mar-25 6:06:00 PM AEST,nan,74.3,23.3,nan,nan,nan,nan,0.02,1.20,0.20,90.00,25.80
01-Mar-25 6:06:05 PM AEST,28.4,nan,nan,nan,nan,nan,nan,nan,nan,nan,nan,nan
01-Mar-25 6:07:00 PM AEST,nan,74.5,23.4,nan,nan,nan,nan,0.03,nan,0.30,nan,nan
01-Mar-25 6:07:10 PM AEST,28.3,nan,nan,nan,nan,nan,nan,nan,nan,nan,nan,nan
01-Mar-25 6:08:00 PM AEST,nan,74.8,23.3,nan,nan,nan,nan,0.00,0.00,0.00,0.00,25.00
01-Mar-25 6:09:00 PM AEST,28.2,nan,23.4,nan,nan,nan,nan,0.11,2.40,1.10,90.80,nan
01-Mar-25 6:10:00 PM AEST,nan,75.0,23.3,nan,nan,nan,nan,0.00,0.00,0.00,0.00,24.20
01-Mar-25 6:11:00 PM AEST,nan,nan,23.4,nan,nan,nan,nan,0.01,1.20,0.10,90.00,24.10
01-Mar-25 6:12:00 PM AEST,nan,nan,23.3,nan,nan,nan,nan,0.11,2.40,1.10,90.80,22.50
01-Mar-25 6:13:00 PM AEST,28.1,75.2,nan,nan,nan,nan,nan,0.05,1.20,0.50,90.40,23.30
01-Mar-25 6:14:00 PM AEST,nan,75.5,23.2,nan,nan,nan,nan,0.00,0.00,0.00,0.00,22.50
01-Mar-25 6:15:00 PM AEST,nan,75.7,23.3,nan,nan,nan,nan,nan,nan,nan,nan,21.60
01-Mar-25 6:16:00 PM AEST,28.0,75.5,23.4,nan,nan,nan,nan,nan,nan,nan,nan,20.80
01-Mar-25 6:17:00 PM AEST,nan,nan,23.3,nan,nan,nan,nan,nan,nan,nan,nan,20.00
01-Mar-25 6:17:05 PM AEST,28.1,nan,nan,nan,nan,nan,nan,nan,nan,nan,nan,nan
01-Mar-25 6:18:00 PM AEST,nan,76.0,nan,nan,nan,nan,90.90,nan,nan,nan,nan,19.10
01-Mar-25 6:18:10 PM AEST,28.0,nan,nan,nan,nan,nan,nan,nan,nan,nan,nan,nan
01-Mar-25 6:19:00 PM AEST,nan,76.2,23.4,nan,nan,nan,90.80,nan,nan,nan,nan,19.20
01-Mar-25 6:20:00 PM AEST,27.9,76.5,nan,nan,nan,nan,nan,nan,nan,nan,nan,17.50
01-Mar-25 6:21:00 PM AEST,nan,nan,23.3,nan,nan,nan,nan,nan,nan,nan,nan,16.70
01-Mar-25 6:21:05 PM AEST,27.8,nan,nan,nan,nan,nan,nan,nan,nan,nan,nan,nan
01-Mar-25 6:22:00 PM AEST,nan,nan,nan,nan,nan,nan,nan,nan,nan,nan,nan,15.80
01-Mar-25 6:22:10 PM AEST,27.7,nan,nan,nan,nan,nan,nan,nan,nan,nan,nan,nan
01-Mar-25 6:23:00 PM AEST,nan,nan,23.2,nan,nan,nan,nan,nan,nan,nan,nan,nan
01-Mar-25 6:24:00 PM AEST,nan,76.7,nan,nan,nan,nan,nan,nan,nan,nan,nan,15.00
01-Mar-25 6:25:00 PM AEST,nan,76.8,nan,nan,nan,nan,nan,nan,nan,nan,nan,14.10
01-Mar-25 6:26:00 PM AEST,nan,76.7,23.3,nan,nan,nan,nan,nan,nan,nan,nan,13.30
01-Mar-25 6:27:00 PM AEST,27.6,76.8,23.2,nan,nan,nan,nan,nan,nan,nan,nan,12.50
01-Mar-25 6:28:00 PM AEST,nan,nan,23.1,nan,nan,nan,nan,nan,nan,nan,nan,nan
01-Mar-25 6:28:05 PM AEST,27.5,nan,nan,nan,nan,nan,nan,nan,nan,nan,nan,nan
01-Mar-25 6:29:00 PM AEST,nan,77.3,nan,nan,nan,nan,nan,nan,nan,nan,nan,11.70
01-Mar-25 6:29:10 PM AEST,27.4,nan,nan,nan,nan,nan,nan,nan,nan,nan,nan,nan
01-Mar-25 6:30:00 PM AEST,nan,77.5,nan,nan,nan,nan,nan,nan,nan,nan,nan,10.80
01-Mar-25 6:31:00 PM AEST,nan,77.7,nan,nan,nan,nan,nan,nan,nan,nan,nan,nan
01-Mar-25 6:32:00 PM AEST,27.3,78.2,nan,nan,nan,nan,nan,0.11,2.40,1.10,90.80,10.00
01-Mar-25 6:33:00 PM AEST,nan,78.5,23.2,nan,nan,nan,nan,0.20,nan,2.00,nan,8.30
01-Mar-25 6:33:05 PM AEST,27.2,nan,nan,nan,nan,nan,nan,nan,nan,nan,nan,nan
01-Mar-25 6:34:00 PM AEST,nan,78.7,23.1,nan,nan,nan,nan,0.17,nan,1.70,90.70,nan
01-Mar-25 6:34:10 PM AEST,27.1,nan,nan,nan,nan,nan,nan,nan,nan,nan,nan,nan
01-Mar-25 6:35:00 PM AEST,nan,78.8,nan,nan,nan,nan,nan,0.24,3.50,2.40,90.80,7.50
01-Mar-25 6:36:00 PM AEST,26.9,79.0,nan,nan,nan,nan,nan,0.21,nan,2.10,nan,5.80
01-Mar-25 6:37:00 PM AEST,nan,79.2,23.0,nan,nan,nan,90.90,0.17,2.40,1.70,90.90,nan
01-Mar-25 6:38:00 PM AEST,26.8,nan,nan,nan,nan,nan,90.80,nan,nan,nan,nan,4.20
01-Mar-25 6:39:00 PM AEST,nan,79.3,22.9,nan,nan,nan,nan,0.05,nan,0.50,90.40,6552.60
01-Mar-25 6:40:00 PM AEST,26.7,79.5,nan,nan,nan,nan,90.90,0.04,1.20,0.40,90.60,3.30
01-Mar-25 6:41:00 PM AEST,nan,79.7,nan,nan,nan,nan,90.80,0.00,0.00,0.00,0.00,6552.60
01-Mar-25 6:42:00 PM AEST,nan,nan,nan,nan,nan,nan,nan,nan,nan,nan,nan,1.60
01-Mar-25 6:43:00 PM AEST,nan,80.0,nan,nan,nan,nan,nan,nan,nan,nan,nan,6552.60
01-Mar-25 6:44:00 PM AEST,nan,nan,nan,nan,nan,nan,nan,nan,nan,nan,nan,1.60
01-Mar-25 6:45:00 PM AEST,26.6,80.3,nan,nan,nan,nan,nan,0.01,1.20,0.10,90.00,1.70
01-Mar-25 6:46:00 PM AEST,nan,80.5,23.0,nan,nan,nan,nan,nan,nan,nan,nan,nan
01-Mar-25 6:47:00 PM AEST,26.5,nan,22.9,nan,nan,nan,nan,0.00,0.00,0.00,0.00,1.60
01-Mar-25 6:48:00 PM AEST,nan,80.7,nan,nan,nan,nan,nan,nan,nan,nan,nan,2.50
01-Mar-25 6:49:00 PM AEST,nan,80.8,nan,nan,nan,nan,nan,0.01,1.20,0.10,90.00,1.60
01-Mar-25 6:50:00 PM AEST,26.4,81.2,nan,nan,nan,nan,nan,nan,nan,nan,nan,6552.60
01-Mar-25 6:51:00 PM AEST,nan,80.8,nan,nan,nan,nan,nan,0.00,0.00,0.00,0.00,0.80
01-Mar-25 6:52:00 PM AEST,26.3,nan,22.8,nan,nan,nan,nan,nan,nan,nan,nan,1.70
01-Mar-25 6:53:00 PM AEST,nan,80.7,nan,nan,nan,nan,nan,0.01,1.20,0.10,90.00,6552.60
01-Mar-25 6:53:05 PM AEST,26.4,nan,nan,nan,nan,nan,nan,nan,nan,nan,nan,nan
01-Mar-25 6:54:00 PM AEST,nan,nan,nan,nan,nan,nan,nan,0.00,0.00,0.00,0.00,0.00
01-Mar-25 6:54:10 PM AEST,26.3,nan,nan,nan,nan,nan,nan,nan,nan,nan,nan,nan
01-Mar-25 6:55:00 PM AEST,nan,80.8,22.7,nan,nan,nan,nan,0.01,1.20,0.10,90.00,nan
01-Mar-25 6:56:00 PM AEST,nan,81.0,nan,nan,nan,nan,90.90,nan,nan,nan,nan,nan
01-Mar-25 6:57:00 PM AEST,nan,81.2,nan,nan,nan,nan,90.80,nan,nan,nan,nan,nan
01-Mar-25 6:58:00 PM AEST,26.2,nan,22.8,nan,nan,nan,nan,0.00,0.00,0.00,0.00,nan
01-Mar-25 6:59:00 PM AEST,nan,nan,22.7,nan,nan,nan,nan,nan,nan,nan,nan,0.80
01-Mar-25 7:00:00 PM AEST,nan,81.5,nan,nan,nan,nan,nan,0.01,1.20,0.10,90.00,0.00
01-Mar-25 7:00:13 PM AEST,nan,nan,nan,nan,nan,65.53,nan,nan,nan,nan,nan,nan
01-Mar-25 7:01:00 PM AEST,26.1,82.0,22.8,nan,nan,nan,nan,nan,nan,nan,nan,nan
01-Mar-25 7:02:00 PM AEST,nan,nan,nan,nan,nan,nan,nan,0.00,0.00,0.00,0.00,nan
01-Mar-25 7:03:00 PM AEST,26.0,82.2,nan,nan,nan,nan,nan,0.01,1.20,0.10,90.00,nan
01-Mar-25 7:04:00 PM AEST,nan,nan,22.7,nan,nan,nan,nan,0.00,0.00,0.00,0.00,nan
01-Mar-25 7:04:05 PM AEST,25.9,nan,nan,nan,nan,nan,nan,nan,nan,nan,nan,nan
01-Mar-25 7:05:00 PM AEST,nan,82.3,nan,nan,nan,nan,nan,0.03,1.20,0.30,90.70,nan
01-Mar-25 7:06:00 PM AEST,25.8,nan,nan,nan,nan,nan,nan,0.17,2.40,1.70,nan,nan
01-Mar-25 7:07:00 PM AEST,nan,nan,22.6,nan,nan,nan,nan,0.18,nan,1.80,90.80,nan
01-Mar-25 7:08:00 PM AEST,25.7,82.5,22.5,nan,nan,nan,nan,0.10,nan,1.00,nan,nan
01-Mar-25 7:09:00 PM AEST,nan,82.7,nan,nan,nan,nan,nan,0.00,0.00,0.00,0.00,nan
01-Mar-25 7:09:05 PM AEST,25.6,nan,nan,nan,nan,nan,nan,nan,nan,nan,nan,nan
01-Mar-25 7:11:00 PM AEST,nan,82.8,nan,nan,nan,nan,nan,nan,nan,nan,nan,nan
01-Mar-25 7:12:00 PM AEST,nan,nan,nan,nan,nan,nan,nan,0.09,2.40,0.90,90.70,nan
01-Mar-25 7:13:00 PM AEST,nan,83.0,22.4,nan,nan,nan,nan,nan,nan,nan,90.60,nan
01-Mar-25 7:14:00 PM AEST,nan,82.8,22.5,nan,nan,nan,nan,0.00,0.00,0.00,0.00,nan
01-Mar-25 7:15:00 PM AEST,25.5,83.3,nan,nan,nan,nan,nan,0.02,1.20,0.20,90.00,nan
01-Mar-25 7:16:00 PM AEST,nan,nan,nan,nan,nan,nan,nan,0.01,nan,0.10,nan,nan
01-Mar-25 7:17:00 PM AEST,nan,83.7,nan,nan,nan,nan,nan,0.00,0.00,0.00,0.00,nan
01-Mar-25 7:18:00 PM AEST,25.4,84.0,nan,nan,nan,nan,nan,nan,nan,nan,nan,nan
01-Mar-25 7:20:00 PM AEST,25.3,84.2,nan,nan,nan,nan,nan,nan,nan,nan,nan,nan
01-Mar-25 7:21:00 PM AEST,nan,84.0,nan,nan,nan,nan,nan,0.13,2.40,1.30,90.80,nan
01-Mar-25 7:22:00 PM AEST,nan,84.2,22.4,nan,nan,nan,nan,0.17,nan,1.70,90.70,nan
01-Mar-25 7:23:00 PM AEST,25.2,84.0,nan,nan,nan,nan,nan,0.15,nan,1.50,90.80,nan
01-Mar-25 7:24:00 PM AEST,nan,84.3,22.3,nan,nan,nan,nan,0.02,1.20,0.20,90.90,nan
01-Mar-25 7:25:00 PM AEST,nan,nan,22.4,nan,nan,nan,nan,0.00,0.00,0.00,0.00,nan
01-Mar-25 7:26:00 PM AEST,nan,84.7,nan,nan,nan,nan,nan,nan,nan,nan,nan,nan
01-Mar-25 7:29:00 PM AEST,25.1,nan,nan,nan,nan,nan,nan,0.04,1.20,0.40,90.60,nan
01-Mar-25 7:30:00 PM AEST,nan,84.8,nan,nan,nan,nan,nan,0.14,2.40,1.40,90.70,nan
01-Mar-25 7:32:00 PM AEST,nan,85.2,22.3,nan,nan,nan,nan,0.08,nan,0.80,90.80,nan
01-Mar-25 7:33:00 PM AEST,25.0,85.3,22.4,nan,nan,nan,nan,0.00,0.00,0.00,0.00,nan
01-Mar-25 7:34:00 PM AEST,nan,85.5,nan,nan,nan,nan,nan,nan,nan,nan,nan,nan
01-Mar-25 7:34:05 PM AEST,25.1,nan,nan,nan,nan,nan,nan,nan,nan,nan,nan,nan
01-Mar-25 7:35:00 PM AEST,nan,85.7,22.5,nan,nan,nan,nan,nan,nan,nan,nan,nan
01-Mar-25 7:35:10 PM AEST,25.0,nan,nan,nan,nan,nan,nan,nan,nan,nan,nan,nan
01-Mar-25 7:36:00 PM AEST,nan,85.8,22.4,nan,nan,nan,nan,nan,nan,nan,nan,0.80
01-Mar-25 7:37:00 PM AEST,24.8,nan,nan,nan,nan,nan,nan,nan,nan,nan,nan,0.00
01-Mar-25 7:38:00 PM AEST,nan,nan,22.3,nan,nan,nan,nan,nan,nan,nan,nan,nan
01-Mar-25 7:38:05 PM AEST,24.9,nan,nan,nan,nan,nan,nan,nan,nan,nan,nan,nan
01-Mar-25 7:39:00 PM AEST,nan,nan,22.4,nan,nan,nan,nan,nan,nan,nan,nan,nan
01-Mar-25 7:39:10 PM AEST,25.0,nan,nan,nan,nan,nan,nan,nan,nan,nan,nan,nan
01-Mar-25 7:40:00 PM AEST,nan,85.7,nan,nan,nan,nan,nan,nan,nan,nan,nan,nan
01-Mar-25 7:40:15 PM AEST,24.9,nan,nan,nan,nan,nan,nan,nan,nan,nan,nan,nan
01-Mar-25 7:41:00 PM AEST,nan,86.0,nan,nan,nan,nan,nan,0.06,1.20,0.60,90.70,nan
01-Mar-25 7:42:00 PM AEST,nan,nan,nan,nan,nan,nan,nan,0.01,nan,0.10,90.00,nan
01-Mar-25 7:43:00 PM AEST,nan,86.2,nan,nan,nan,nan,nan,0.00,0.00,0.00,0.00,nan
01-Mar-25 7:44:00 PM AEST,nan,86.3,nan,nan,nan,nan,nan,nan,nan,nan,nan,nan
01-Mar-25 7:46:00 PM AEST,24.8,86.5,22.5,nan,nan,nan,nan,nan,nan,nan,nan,nan
01-Mar-25 7:47:00 PM AEST,nan,nan,22.4,nan,nan,nan,nan,nan,nan,nan,nan,nan
01-Mar-25 7:48:00 PM AEST,nan,86.8,nan,nan,nan,nan,nan,nan,nan,nan,nan,nan
01-Mar-25 7:49:00 PM AEST,nan,86.7,nan,nan,nan,nan,nan,nan,nan,nan,nan,nan
01-Mar-25 7:51:00 PM AEST,24.7,86.8,nan,nan,nan,nan,nan,nan,nan,nan,nan,nan
01-Mar-25 7:52:00 PM AEST,nan,87.0,nan,nan,nan,nan,nan,nan,nan,nan,nan,nan
01-Mar-25 7:54:00 PM AEST,24.6,nan,nan,nan,nan,nan,nan,nan,nan,nan,nan,nan
01-Mar-25 7:55:00 PM AEST,nan,nan,22.3,nan,nan,nan,nan,0.01,1.20,0.10,90.00,nan
01-Mar-25 7:56:00 PM AEST,nan,87.2,nan,nan,nan,nan,nan,0.00,0.00,0.00,0.00,nan
01-Mar-25 7:58:00 PM AEST,24.5,nan,nan,nan,nan,nan,nan,nan,nan,nan,nan,nan
01-Mar-25 8:00:14 PM AEST,nan,nan,nan,nan,nan,65.53,nan,nan,nan,nan,nan,nan
01-Mar-25 8:01:00 PM AEST,nan,87.3,22.2,nan,nan,nan,nan,nan,nan,nan,nan,nan
01-Mar-25 8:02:00 PM AEST,24.4,nan,nan,nan,nan,nan,nan,nan,nan,nan,nan,nan
01-Mar-25 8:03:00 PM AEST,nan,87.2,nan,nan,nan,nan,nan,0.01,1.20,0.10,90.00,nan
01-Mar-25 8:04:00 PM AEST,nan,87.5,nan,nan,nan,nan,nan,0.00,0.00,0.00,0.00,nan
01-Mar-25 8:05:00 PM AEST,nan,87.3,nan,nan,nan,nan,nan,nan,nan,nan,nan,nan
01-Mar-25 8:06:00 PM AEST,nan,87.5,nan,nan,nan,nan,nan,nan,nan,nan,nan,nan
01-Mar-25 8:08:00 PM AEST,nan,nan,nan,nan,nan,nan,nan,0.02,1.20,0.20,90.00,nan
01-Mar-25 8:09:00 PM AEST,nan,nan,nan,nan,nan,nan,nan,0.04,nan,0.40,90.60,nan
01-Mar-25 8:10:00 PM AEST,24.3,nan,nan,nan,nan,nan,nan,0.00,0.00,0.00,0.00,nan
01-Mar-25 8:11:00 PM AEST,nan,87.8,22.1,nan,nan,nan,nan,nan,nan,nan,nan,nan
01-Mar-25 8:11:05 PM AEST,24.4,nan,nan,nan,nan,nan,nan,nan,nan,nan,nan,nan
01-Mar-25 8:12:00 PM AEST,nan,87.7,22.2,nan,nan,nan,nan,nan,nan,nan,nan,0.80
01-Mar-25 8:12:10 PM AEST,24.3,nan,nan,nan,nan,nan,nan,nan,nan,nan,nan,nan
01-Mar-25 8:13:00 PM AEST,nan,87.8,22.1,nan,nan,nan,nan,nan,nan,nan,nan,0.00
01-Mar-25 8:13:15 PM AEST,24.2,nan,nan,nan,nan,nan,nan,nan,nan,nan,nan,nan
01-Mar-25 8:14:20 PM AEST,24.1,nan,nan,nan,nan,nan,nan,nan,nan,nan,nan,nan
01-Mar-25 8:15:00 PM AEST,nan,nan,22.0,nan,nan,nan,nan,nan,nan,nan,nan,nan
01-Mar-25 8:15:25 PM AEST,24.2,nan,nan,nan,nan,nan,nan,nan,nan,nan,nan,nan
01-Mar-25 8:16:00 PM AEST,nan,88.0,nan,nan,nan,nan,nan,nan,nan,nan,nan,nan
01-Mar-25 8:17:00 PM AEST,nan,nan,22.1,nan,nan,nan,nan,nan,nan,nan,nan,nan
01-Mar-25 8:18:00 PM AEST,24.1,88.2,nan,nan,nan,nan,nan,nan,nan,nan,nan,nan
01-Mar-25 8:19:00 PM AEST,nan,nan,22.0,nan,nan,nan,nan,nan,nan,nan,nan,nan
01-Mar-25 8:20:00 PM AEST,nan,88.0,nan,nan,nan,nan,nan,nan,nan,nan,nan,nan
01-Mar-25 8:21:00 PM AEST,nan,88.2,nan,nan,nan,nan,nan,nan,nan,nan,nan,nan
01-Mar-25 8:22:00 PM AEST,nan,88.3,nan,nan,nan,nan,nan,nan,nan,nan,nan,nan
01-Mar-25 8:24:00 PM AEST,24.0,88.5,nan,nan,nan,nan,nan,nan,nan,nan,nan,nan
01-Mar-25 8:29:00 PM AEST,nan,88.8,nan,nan,nan,nan,nan,nan,nan,nan,nan,nan
01-Mar-25 8:30:00 PM AEST,nan,89.0,nan,nan,nan,nan,nan,nan,nan,nan,nan,nan
01-Mar-25 8:31:00 PM AEST,nan,88.8,nan,nan,nan,nan,nan,nan,nan,nan,nan,nan
01-Mar-25 8:32:00 PM AEST,nan,89.0,nan,nan,nan,nan,nan,nan,nan,nan,nan,nan
01-Mar-25 8:33:00 PM AEST,23.9,89.2,nan,nan,nan,nan,nan,nan,nan,nan,nan,nan
01-Mar-25 8:34:00 PM AEST,nan,89.3,nan,nan,nan,nan,nan,nan,nan,nan,nan,nan
01-Mar-25 8:37:00 PM AEST,nan,89.5,nan,nan,nan,nan,nan,nan,nan,nan,nan,nan
01-Mar-25 8:38:00 PM AEST,23.8,nan,nan,nan,nan,nan,nan,nan,nan,nan,nan,nan
01-Mar-25 8:39:00 PM AEST,nan,89.3,21.9,nan,nan,nan,nan,nan,nan,nan,nan,nan
01-Mar-25 8:40:00 PM AEST,23.9,89.7,22.0,nan,nan,nan,nan,nan,nan,nan,nan,nan
01-Mar-25 8:41:00 PM AEST,nan,nan,22.1,nan,nan,nan,nan,nan,nan,nan,nan,nan
01-Mar-25 8:41:05 PM AEST,23.8,nan,nan,nan,nan,nan,nan,nan,nan,nan,nan,nan
01-Mar-25 8:42:00 PM AEST,nan,nan,22.0,nan,nan,nan,nan,nan,nan,nan,nan,nan
01-Mar-25 8:43:00 PM AEST,23.7,nan,nan,nan,nan,nan,nan,nan,nan,nan,nan,nan
01-Mar-25 8:44:00 PM AEST,nan,nan,21.9,nan,nan,nan,nan,0.02,1.20,0.20,90.90,nan
01-Mar-25 8:45:00 PM AEST,nan,89.8,nan,nan,nan,nan,nan,0.01,nan,0.10,90.00,nan
01-Mar-25 8:46:00 PM AEST,nan,89.7,22.0,nan,nan,nan,nan,0.00,0.00,0.00,0.00,nan
01-Mar-25 8:47:00 PM AEST,nan,89.8,21.9,nan,nan,nan,nan,nan,nan,nan,nan,nan
01-Mar-25 8:48:00 PM AEST,nan,nan,22.0,nan,nan,nan,nan,nan,nan,nan,nan,0.80
01-Mar-25 8:49:00 PM AEST,nan,90.2,21.9,nan,nan,nan,nan,nan,nan,nan,nan,0.00
01-Mar-25 8:50:00 PM AEST,23.5,nan,22.0,nan,nan,nan,nan,nan,nan,nan,nan,nan
01-Mar-25 8:51:00 PM AEST,nan,nan,21.8,nan,nan,nan,nan,nan,nan,nan,nan,nan
01-Mar-25 8:51:05 PM AEST,23.7,nan,nan,nan,nan,nan,nan,nan,nan,nan,nan,nan
01-Mar-25 8:52:00 PM AEST,nan,nan,22.0,nan,nan,nan,nan,nan,nan,nan,nan,nan
01-Mar-25 8:53:00 PM AEST,23.6,nan,nan,nan,nan,nan,nan,nan,nan,nan,nan,nan
01-Mar-25 8:54:00 PM AEST,nan,90.3,21.9,nan,nan,nan,nan,nan,nan,nan,nan,nan
01-Mar-25 8:55:00 PM AEST,23.7,90.5,nan,nan,nan,nan,nan,nan,nan,nan,nan,nan
01-Mar-25 8:56:00 PM AEST,nan,nan,22.0,nan,nan,nan,nan,nan,nan,nan,nan,nan
01-Mar-25 8:56:05 PM AEST,23.6,nan,nan,nan,nan,nan,nan,nan,nan,nan,nan,nan
01-Mar-25 8:58:00 PM AEST,nan,90.7,nan,nan,nan,nan,nan,nan,nan,nan,nan,nan
01-Mar-25 8:59:00 PM AEST,nan,nan,21.9,nan,nan,nan,nan,nan,nan,nan,nan,nan
01-Mar-25 9:00:00 PM AEST,nan,90.5,nan,nan,nan,nan,nan,nan,nan,nan,nan,nan
01-Mar-25 9:00:15 PM AEST,nan,nan,nan,nan,nan,65.53,nan,nan,nan,nan,nan,nan
01-Mar-25 9:01:00 PM AEST,23.5,90.7,nan,nan,nan,nan,nan,nan,nan,nan,nan,nan
01-Mar-25 9:02:05 PM AEST,23.6,nan,nan,nan,nan,nan,nan,nan,nan,nan,nan,nan
01-Mar-25 9:03:00 PM AEST,nan,90.8,nan,nan,nan,nan,nan,nan,nan,nan,nan,nan
01-Mar-25 9:03:10 PM AEST,23.5,nan,nan,nan,nan,nan,nan,nan,nan,nan,nan,nan
01-Mar-25 9:06:00 PM AEST,nan,91.0,nan,nan,nan,nan,nan,nan,nan,nan,nan,nan
01-Mar-25 9:07:00 PM AEST,nan,90.8,nan,nan,nan,nan,nan,nan,nan,nan,nan,nan
01-Mar-25 9:08:00 PM AEST,nan,91.0,nan,nan,nan,nan,nan,nan,nan,nan,nan,nan
01-Mar-25 9:09:00 PM AEST,nan,90.8,nan,nan,nan,nan,nan,nan,nan,nan,nan,nan
01-Mar-25 9:11:00 PM AEST,nan,91.0,nan,nan,nan,nan,nan,nan,nan,nan,nan,nan
01-Mar-25 9:12:00 PM AEST,23.4,nan,nan,nan,nan,nan,nan,nan,nan,nan,nan,nan
01-Mar-25 9:14:00 PM AEST,nan,91.2,nan,nan,nan,nan,nan,nan,nan,nan,nan,nan
01-Mar-25 9:17:00 PM AEST,nan,91.3,nan,nan,nan,nan,nan,nan,nan,nan,nan,nan
01-Mar-25 9:20:00 PM AEST,23.3,nan,nan,nan,nan,nan,nan,nan,nan,nan,nan,nan
01-Mar-25 9:21:00 PM AEST,nan,nan,21.8,nan,nan,nan,nan,nan,nan,nan,nan,nan
01-Mar-25 9:21:05 PM AEST,23.4,nan,nan,nan,nan,nan,nan,nan,nan,nan,nan,nan
01-Mar-25 9:22:00 PM AEST,nan,91.5,21.9,nan,nan,nan,nan,nan,nan,nan,nan,nan
01-Mar-25 9:22:10 PM AEST,23.3,nan,nan,nan,nan,nan,nan,nan,nan,nan,nan,nan
01-Mar-25 9:23:15 PM AEST,23.2,nan,nan,nan,nan,nan,nan,nan,nan,nan,nan,nan
01-Mar-25 9:24:00 PM AEST,nan,nan,21.8,nan,nan,nan,nan,nan,nan,nan,nan,0.80
01-Mar-25 9:24:20 PM AEST,23.3,nan,nan,nan,nan,nan,nan,nan,nan,nan,nan,nan
01-Mar-25 9:25:00 PM AEST,nan,91.3,nan,nan,nan,nan,nan,nan,nan,nan,nan,0.00
01-Mar-25 9:26:00 PM AEST,nan,91.5,nan,nan,nan,nan,nan,nan,nan,nan,nan,nan
01-Mar-25 9:30:00 PM AEST,nan,91.7,nan,nan,nan,nan,nan,nan,nan,nan,nan,nan
01-Mar-25 9:31:00 PM AEST,nan,91.8,nan,nan,nan,nan,nan,nan,nan,nan,nan,nan
01-Mar-25 9:32:00 PM AEST,23.2,nan,21.9,nan,nan,nan,nan,nan,nan,nan,nan,nan
01-Mar-25 9:33:00 PM AEST,nan,91.7,21.8,nan,nan,nan,nan,nan,nan,nan,nan,nan
01-Mar-25 9:34:00 PM AEST,nan,92.0,nan,nan,nan,nan,nan,nan,nan,nan,nan,nan
01-Mar-25 9:36:00 PM AEST,nan,91.8,21.9,nan,nan,nan,nan,nan,nan,nan,nan,nan
01-Mar-25 9:37:00 PM AEST,nan,92.0,21.8,nan,nan,nan,nan,nan,nan,nan,nan,nan
01-Mar-25 9:38:00 PM AEST,nan,92.2,nan,nan,nan,nan,nan,nan,nan,nan,nan,nan
01-Mar-25 9:39:00 PM AEST,nan,92.0,21.9,nan,nan,nan,nan,nan,nan,nan,nan,nan
01-Mar-25 9:40:00 PM AEST,nan,nan,21.8,nan,nan,nan,nan,nan,nan,nan,nan,nan
01-Mar-25 9:42:00 PM AEST,nan,92.2,nan,nan,nan,nan,nan,nan,nan,nan,nan,nan
01-Mar-25 9:43:00 PM AEST,23.1,92.0,nan,nan,nan,nan,nan,nan,nan,nan,nan,nan
01-Mar-25 9:44:00 PM AEST,nan,91.8,nan,nan,nan,nan,nan,nan,nan,nan,nan,nan
01-Mar-25 9:44:05 PM AEST,23.2,nan,nan,nan,nan,nan,nan,nan,nan,nan,nan,nan
01-Mar-25 9:45:00 PM AEST,nan,92.2,nan,nan,nan,nan,nan,0.04,1.20,0.40,90.60,nan
01-Mar-25 9:45:10 PM AEST,23.1,nan,nan,nan,nan,nan,nan,nan,nan,nan,nan,nan
01-Mar-25 9:46:00 PM AEST,nan,92.0,nan,nan,nan,nan,nan,0.09,2.40,0.90,90.70,nan
01-Mar-25 9:47:00 PM AEST,nan,92.2,nan,nan,nan,nan,nan,0.02,1.20,0.20,90.00,nan
01-Mar-25 9:48:00 PM AEST,nan,nan,nan,nan,nan,nan,nan,0.00,0.00,0.00,0.00,nan
01-Mar-25 9:49:00 PM AEST,nan,92.3,nan,nan,nan,nan,nan,nan,nan,nan,nan,nan
01-Mar-25 9:50:00 PM AEST,nan,92.2,nan,nan,nan,nan,nan,nan,nan,nan,nan,nan
01-Mar-25 9:51:00 PM AEST,nan,92.5,21.7,nan,nan,nan,nan,nan,nan,nan,nan,nan
01-Mar-25 9:52:00 PM AEST,nan,92.3,21.8,nan,nan,nan,nan,nan,nan,nan,nan,nan
01-Mar-25 9:53:00 PM AEST,nan,92.5,nan,nan,nan,nan,nan,nan,nan,nan,nan,nan
01-Mar-25 9:54:00 PM AEST,23.0,nan,nan,nan,nan,nan,nan,nan,nan,nan,nan,nan
01-Mar-25 9:55:05 PM AEST,23.1,nan,nan,nan,nan,nan,nan,nan,nan,nan,nan,nan
01-Mar-25 9:56:00 PM AEST,nan,92.7,nan,nan,nan,nan,nan,nan,nan,nan,nan,nan
01-Mar-25 9:57:00 PM AEST,nan,92.5,nan,nan,nan,nan,nan,nan,nan,nan,nan,nan
01-Mar-25 9:58:00 PM AEST,23.0,nan,nan,nan,nan,nan,nan,0.01,1.20,0.10,90.00,nan
01-Mar-25 9:59:00 PM AEST,nan,92.7,21.7,nan,nan,nan,nan,0.00,0.00,0.00,0.00,nan
01-Mar-25 10:00:00 PM AEST,nan,92.5,21.8,nan,nan,nan,nan,nan,nan,nan,nan,nan
01-Mar-25 10:01:00 PM AEST,nan,92.7,21.7,nan,nan,nan,nan,nan,nan,nan,nan,0.80
01-Mar-25 10:02:00 PM AEST,nan,92.8,21.8,nan,nan,nan,nan,nan,nan,nan,nan,0.00
01-Mar-25 10:05:00 PM AEST,nan,93.0,nan,nan,nan,nan,nan,nan,nan,nan,nan,nan
01-Mar-25 10:08:00 PM AEST,nan,93.2,nan,nan,nan,nan,nan,nan,nan,nan,nan,nan
01-Mar-25 10:09:00 PM AEST,23.1,nan,21.9,nan,nan,nan,nan,nan,nan,nan,nan,nan
01-Mar-25 10:10:00 PM AEST,nan,93.3,nan,nan,nan,nan,nan,nan,nan,nan,nan,nan
01-Mar-25 10:11:00 PM AEST,nan,93.2,22.0,nan,nan,nan,nan,nan,nan,nan,nan,nan
01-Mar-25 10:12:00 PM AEST,nan,93.3,21.9,nan,nan,nan,nan,nan,nan,nan,nan,nan
01-Mar-25 10:13:00 PM AEST,nan,93.2,nan,nan,nan,nan,nan,nan,nan,nan,nan,nan
01-Mar-25 10:14:00 PM AEST,23.0,93.3,nan,nan,nan,nan,nan,nan,nan,nan,nan,nan
01-Mar-25 10:15:00 PM AEST,nan,93.2,nan,nan,nan,nan,nan,nan,nan,nan,nan,nan
01-Mar-25 10:17:00 PM AEST,nan,93.3,nan,nan,nan,nan,nan,nan,nan,nan,nan,nan
01-Mar-25 10:25:00 PM AEST,nan,nan,21.8,nan,nan,nan,nan,nan,nan,nan,nan,nan
01-Mar-25 10:26:00 PM AEST,nan,nan,nan,nan,nan,nan,nan,0.01,1.20,0.10,90.00,nan
01-Mar-25 10:27:00 PM AEST,nan,93.5,nan,nan,nan,nan,nan,0.00,0.00,0.00,0.00,nan
01-Mar-25 10:28:00 PM AEST,nan,nan,21.9,nan,nan,nan,nan,nan,nan,nan,nan,nan
01-Mar-25 10:29:00 PM AEST,nan,93.3,nan,nan,nan,nan,nan,nan,nan,nan,nan,nan
01-Mar-25 10:30:00 PM AEST,nan,93.7,nan,nan,nan,nan,nan,nan,nan,nan,nan,nan
01-Mar-25 10:33:00 PM AEST,nan,93.8,22.0,nan,nan,nan,nan,nan,nan,nan,nan,nan
01-Mar-25 10:35:00 PM AEST,nan,93.7,21.9,nan,nan,nan,nan,nan,nan,nan,nan,nan
01-Mar-25 10:36:00 PM AEST,22.9,93.8,nan,nan,nan,nan,nan,nan,nan,nan,nan,nan
01-Mar-25 10:37:05 PM AEST,23.0,nan,nan,nan,nan,nan,nan,nan,nan,nan,nan,nan
01-Mar-25 10:38:00 PM AEST,nan,93.7,nan,nan,nan,nan,nan,nan,nan,nan,nan,0.80
01-Mar-25 10:39:00 PM AEST,nan,93.8,nan,nan,nan,nan,nan,nan,nan,nan,nan,0.00
01-Mar-25 10:40:00 PM AEST,22.9,nan,nan,nan,nan,nan,nan,nan,nan,nan,nan,nan
01-Mar-25 10:41:00 PM AEST,nan,94.0,nan,nan,nan,nan,nan,nan,nan,nan,nan,nan
01-Mar-25 10:42:00 PM AEST,nan,93.8,nan,nan,nan,nan,nan,nan,nan,nan,nan,nan
01-Mar-25 10:44:00 PM AEST,nan,94.0,nan,nan,nan,nan,nan,nan,nan,nan,nan,nan
01-Mar-25 10:45:00 PM AEST,nan,93.8,nan,nan,nan,nan,nan,nan,nan,nan,nan,nan
01-Mar-25 10:46:00 PM AEST,nan,nan,21.8,nan,nan,nan,nan,nan,nan,nan,nan,nan
01-Mar-25 10:47:00 PM AEST,nan,94.0,21.9,nan,nan,nan,nan,nan,nan,nan,nan,nan
01-Mar-25 10:50:00 PM AEST,nan,94.2,nan,nan,nan,nan,nan,nan,nan,nan,nan,nan
01-Mar-25 10:51:00 PM AEST,nan,94.0,nan,nan,nan,nan,nan,nan,nan,nan,nan,nan
01-Mar-25 10:52:00 PM AEST,nan,94.2,nan,nan,nan,nan,nan,nan,nan,nan,nan,nan
01-Mar-25 10:58:00 PM AEST,nan,94.3,nan,nan,nan,nan,nan,nan,nan,nan,nan,nan
01-Mar-25 10:59:00 PM AEST,nan,94.2,22.0,nan,nan,nan,nan,nan,nan,nan,nan,nan
01-Mar-25 11:00:00 PM AEST,nan,94.3,21.9,nan,nan,nan,nan,nan,nan,nan,nan,nan
01-Mar-25 11:05:00 PM AEST,nan,94.2,nan,nan,nan,nan,nan,nan,nan,nan,nan,nan
01-Mar-25 11:06:00 PM AEST,nan,94.3,nan,nan,nan,nan,nan,nan,nan,nan,nan,nan
01-Mar-25 11:08:00 PM AEST,nan,94.2,nan,nan,nan,nan,nan,nan,nan,nan,nan,nan
01-Mar-25 11:09:00 PM AEST,nan,94.3,nan,nan,nan,nan,nan,nan,nan,nan,nan,nan
01-Mar-25 11:10:00 PM AEST,22.8,nan,nan,nan,nan,nan,nan,nan,nan,nan,nan,nan
01-Mar-25 11:11:05 PM AEST,22.9,nan,nan,nan,nan,nan,nan,nan,nan,nan,nan,nan
01-Mar-25 11:12:00 PM AEST,nan,94.5,nan,nan,nan,nan,nan,nan,nan,nan,nan,nan
01-Mar-25 11:12:10 PM AEST,22.8,nan,nan,nan,nan,nan,nan,nan,nan,nan,nan,nan
01-Mar-25 11:13:15 PM AEST,22.9,nan,nan,nan,nan,nan,nan,nan,nan,nan,nan,nan
01-Mar-25 11:15:00 PM AEST,nan,nan,nan,nan,nan,nan,nan,nan,nan,nan,nan,0.80
01-Mar-25 11:16:00 PM AEST,22.8,nan,nan,nan,nan,nan,nan,nan,nan,nan,nan,0.00
01-Mar-25 11:21:00 PM AEST,nan,94.7,nan,nan,nan,nan,nan,nan,nan,nan,nan,nan
01-Mar-25 11:22:00 PM AEST,22.9,nan,nan,nan,nan,nan,nan,nan,nan,nan,nan,nan
01-Mar-25 11:23:00 PM AEST,nan,nan,22.0,nan,nan,nan,nan,nan,nan,nan,nan,nan
01-Mar-25 11:24:00 PM AEST,nan,94.8,nan,nan,nan,nan,nan,0.01,1.20,0.10,90.00,nan
01-Mar-25 11:25:00 PM AEST,nan,nan,22.1,nan,nan,nan,nan,0.00,0.00,0.00,0.00,nan
01-Mar-25 11:27:00 PM AEST,22.8,94.7,22.0,nan,nan,nan,nan,nan,nan,nan,nan,nan
01-Mar-25 11:28:00 PM AEST,nan,94.8,21.9,nan,nan,nan,nan,nan,nan,nan,nan,nan
01-Mar-25 11:29:00 PM AEST,nan,94.7,22.0,nan,nan,nan,nan,nan,nan,nan,nan,nan
01-Mar-25 11:30:00 PM AEST,nan,94.8,21.9,nan,nan,nan,nan,nan,nan,nan,nan,nan
01-Mar-25 11:31:00 PM AEST,nan,94.7,nan,nan,nan,nan,nan,nan,nan,nan,nan,nan
01-Mar-25 11:32:00 PM AEST,nan,94.8,nan,nan,nan,nan,nan,nan,nan,nan,nan,nan
01-Mar-25 11:34:00 PM AEST,nan,nan,22.0,nan,nan,nan,nan,nan,nan,nan,nan,nan
01-Mar-25 11:35:00 PM AEST,nan,nan,21.9,nan,nan,nan,nan,nan,nan,nan,nan,nan
01-Mar-25 11:36:00 PM AEST,nan,nan,22.0,nan,nan,nan,nan,nan,nan,nan,nan,nan
01-Mar-25 11:37:00 PM AEST,nan,nan,21.9,nan,nan,nan,nan,nan,nan,nan,nan,nan
01-Mar-25 11:38:00 PM AEST,22.7,94.7,nan,nan,nan,nan,nan,nan,nan,nan,nan,nan
01-Mar-25 11:39:00 PM AEST,nan,94.8,21.8,nan,nan,nan,nan,nan,nan,nan,nan,nan
01-Mar-25 11:40:00 PM AEST,22.8,94.7,21.9,nan,nan,nan,nan,nan,nan,nan,nan,nan
01-Mar-25 11:41:00 PM AEST,nan,94.8,nan,nan,nan,nan,nan,nan,nan,nan,nan,nan
01-Mar-25 11:41:05 PM AEST,22.7,nan,nan,nan,nan,nan,nan,nan,nan,nan,nan,nan
01-Mar-25 11:42:00 PM AEST,nan,94.7,nan,nan,nan,nan,nan,nan,nan,nan,nan,nan
01-Mar-25 11:43:00 PM AEST,22.8,94.8,21.8,nan,nan,nan,nan,nan,nan,nan,nan,nan
01-Mar-25 11:44:00 PM AEST,nan,95.0,21.9,nan,nan,nan,nan,nan,nan,nan,nan,nan
01-Mar-25 11:45:00 PM AEST,22.7,94.8,nan,nan,nan,nan,nan,nan,nan,nan,nan,nan
01-Mar-25 11:46:00 PM AEST,nan,95.0,21.8,nan,nan,nan,nan,nan,nan,nan,nan,nan
01-Mar-25 11:46:05 PM AEST,22.8,nan,nan,nan,nan,nan,nan,nan,nan,nan,nan,nan
01-Mar-25 11:47:00 PM AEST,nan,nan,22.0,nan,nan,nan,nan,nan,nan,nan,nan,nan
01-Mar-25 11:49:00 PM AEST,nan,nan,21.9,nan,nan,nan,nan,nan,nan,nan,nan,nan
01-Mar-25 11:51:00 PM AEST,nan,nan,22.0,nan,nan,nan,nan,nan,nan,nan,nan,0.80
01-Mar-25 11:52:00 PM AEST,nan,nan,21.9,nan,nan,nan,nan,nan,nan,nan,nan,0.00
01-Mar-25 11:53:00 PM AEST,nan,95.2,nan,nan,nan,nan,nan,nan,nan,nan,nan,nan
01-Mar-25 11:54:00 PM AEST,nan,95.0,22.0,nan,nan,nan,nan,nan,nan,nan,nan,nan
01-Mar-25 11:55:00 PM AEST,nan,nan,21.9,nan,nan,nan,nan,nan,nan,nan,nan,nan
01-Mar-25 11:56:00 PM AEST,22.7,95.2,nan,nan,nan,nan,nan,nan,nan,nan,nan,nan
01-Mar-25 11:57:00 PM AEST,nan,95.0,nan,nan,nan,nan,nan,nan,nan,nan,nan,nan
01-Mar-25 11:58:00 PM AEST,nan,95.2,nan,nan,nan,nan,nan,nan,nan,nan,nan,nan
01-Mar-25 11:59:00 PM AEST,22.8,95.1,nan,nan,nan,nan,nan,nan,nan,nan,nan,0.60
02-Mar-25 12:00:00 AM AEST,nan,95.0,nan,nan,nan,nan,nan,nan,nan,nan,nan,0.00
02-Mar-25 12:00:05 AM AEST,22.7,nan,nan,nan,nan,nan,nan,nan,nan,nan,nan,nan
02-Mar-25 12:02:00 AM AEST,nan,nan,21.8,nan,nan,nan,nan,nan,nan,nan,nan,nan
02-Mar-25 12:03:00 AM AEST,nan,nan,21.9,nan,nan,nan,nan,nan,nan,nan,nan,nan
02-Mar-25 12:04:00 AM AEST,nan,nan,21.8,nan,nan,nan,nan,nan,nan,nan,nan,nan
02-Mar-25 12:05:00 AM AEST,nan,95.2,21.9,nan,nan,nan,nan,nan,nan,nan,nan,nan
02-Mar-25 12:09:00 AM AEST,nan,95.3,nan,nan,nan,nan,nan,nan,nan,nan,nan,nan
02-Mar-25 12:10:00 AM AEST,nan,95.2,nan,nan,nan,nan,nan,nan,nan,nan,nan,nan
02-Mar-25 12:12:00 AM AEST,22.6,nan,21.8,nan,nan,nan,nan,nan,nan,nan,nan,nan
02-Mar-25 12:14:00 AM AEST,22.7,95.0,nan,nan,nan,nan,nan,nan,nan,nan,nan,nan
02-Mar-25 12:15:00 AM AEST,nan,95.3,nan,nan,nan,nan,nan,nan,nan,nan,nan,nan
02-Mar-25 12:15:05 AM AEST,22.6,nan,nan,nan,nan,nan,nan,nan,nan,nan,nan,nan
02-Mar-25 12:16:00 AM AEST,nan,95.2,nan,nan,nan,nan,nan,nan,nan,nan,nan,nan
02-Mar-25 12:16:10 AM AEST,22.7,nan,nan,nan,nan,nan,nan,nan,nan,nan,nan,nan
02-Mar-25 12:17:00 AM AEST,nan,nan,21.9,nan,nan,nan,nan,nan,nan,nan,nan,nan
02-Mar-25 12:17:15 AM AEST,22.6,nan,nan,nan,nan,nan,nan,nan,nan,nan,nan,nan
02-Mar-25 12:18:00 AM AEST,nan,nan,21.8,nan,nan,nan,nan,nan,nan,nan,nan,nan
02-Mar-25 12:19:00 AM AEST,nan,95.3,nan,nan,nan,nan,nan,nan,nan,nan,nan,nan
02-Mar-25 12:20:00 AM AEST,nan,95.2,nan,nan,nan,nan,nan,nan,nan,nan,nan,nan
02-Mar-25 12:23:00 AM AEST,nan,95.3,nan,nan,nan,nan,nan,nan,nan,nan,nan,nan
02-Mar-25 12:25:00 AM AEST,nan,95.2,nan,nan,nan,nan,nan,nan,nan,nan,nan,nan
02-Mar-25 12:27:00 AM AEST,22.5,95.3,nan,nan,nan,nan,nan,nan,nan,nan,nan,0.80
02-Mar-25 12:28:00 AM AEST,nan,95.2,21.7,nan,nan,nan,nan,nan,nan,nan,nan,0.00
02-Mar-25 12:29:00 AM AEST,nan,nan,nan,nan,nan,nan,nan,0.01,1.20,0.10,90.00,nan
02-Mar-25 12:30:00 AM AEST,nan,nan,nan,nan,nan,nan,nan,0.00,0.00,0.00,0.00,nan
02-Mar-25 12:34:00 AM AEST,nan,95.3,nan,nan,nan,nan,nan,nan,nan,nan,nan,nan
02-Mar-25 12:35:00 AM AEST,nan,95.2,nan,nan,nan,nan,nan,nan,nan,nan,nan,nan
02-Mar-25 12:37:00 AM AEST,22.4,95.3,nan,nan,nan,nan,nan,nan,nan,nan,nan,nan
02-Mar-25 12:38:00 AM AEST,nan,nan,21.6,nan,nan,nan,nan,nan,nan,nan,nan,nan
02-Mar-25 12:38:05 AM AEST,22.5,nan,nan,nan,nan,nan,nan,nan,nan,nan,nan,nan
02-Mar-25 12:39:00 AM AEST,nan,95.2,21.7,nan,nan,nan,nan,nan,nan,nan,nan,nan
02-Mar-25 12:39:10 AM AEST,22.4,nan,nan,nan,nan,nan,nan,nan,nan,nan,nan,nan
02-Mar-25 12:40:00 AM AEST,nan,95.3,21.6,nan,nan,nan,nan,nan,nan,nan,nan,nan
02-Mar-25 12:40:15 AM AEST,22.5,nan,nan,nan,nan,nan,nan,nan,nan,nan,nan,nan
02-Mar-25 12:41:00 AM AEST,nan,nan,21.7,nan,nan,nan,nan,nan,nan,nan,nan,nan
02-Mar-25 12:41:20 AM AEST,22.4,nan,nan,nan,nan,nan,nan,nan,nan,nan,nan,nan
02-Mar-25 12:42:00 AM AEST,nan,nan,21.6,nan,nan,nan,nan,0.01,1.20,0.10,90.00,nan
02-Mar-25 12:42:25 AM AEST,22.5,nan,nan,nan,nan,nan,nan,nan,nan,nan,nan,nan
02-Mar-25 12:42:25 AM AEST,22.4,nan,nan,nan,nan,nan,nan,nan,nan,nan,nan,nan
02-Mar-25 12:43:00 AM AEST,nan,95.5,21.7,nan,nan,nan,nan,0.00,0.00,0.00,0.00,nan
02-Mar-25 12:43:30 AM AEST,22.5,nan,nan,nan,nan,nan,nan,nan,nan,nan,nan,nan
02-Mar-25 12:44:00 AM AEST,nan,95.3,nan,nan,nan,nan,nan,nan,nan,nan,nan,nan
02-Mar-25 12:44:35 AM AEST,22.4,nan,nan,nan,nan,nan,nan,nan,nan,nan,nan,nan
02-Mar-25 12:45:00 AM AEST,nan,nan,nan,nan,nan,nan,nan,0.01,1.20,0.10,90.00,nan
02-Mar-25 12:45:40 AM AEST,22.5,nan,nan,nan,nan,nan,nan,nan,nan,nan,nan,nan
02-Mar-25 12:46:00 AM AEST,nan,nan,21.6,nan,nan,nan,nan,0.00,0.00,0.00,0.00,nan
02-Mar-25 12:46:45 AM AEST,22.4,nan,nan,nan,nan,nan,nan,nan,nan,nan,nan,nan
02-Mar-25 12:47:00 AM AEST,nan,95.5,21.7,nan,nan,nan,nan,nan,nan,nan,nan,nan
02-Mar-25 12:48:00 AM AEST,nan,95.3,nan,nan,nan,nan,nan,nan,nan,nan,nan,nan
02-Mar-25 12:49:00 AM AEST,nan,95.5,21.6,nan,nan,nan,nan,nan,nan,nan,nan,nan
02-Mar-25 12:50:00 AM AEST,nan,95.3,nan,nan,nan,nan,nan,nan,nan,nan,nan,nan
02-Mar-25 12:52:00 AM AEST,nan,95.5,nan,nan,nan,nan,nan,nan,nan,nan,nan,nan
02-Mar-25 12:53:00 AM AEST,nan,95.3,nan,nan,nan,nan,nan,nan,nan,nan,nan,nan
02-Mar-25 12:54:00 AM AEST,nan,95.5,nan,nan,nan,nan,nan,nan,nan,nan,nan,nan
02-Mar-25 1:00:00 AM AEST,nan,95.3,nan,nan,nan,nan,nan,nan,nan,nan,nan,nan
02-Mar-25 1:01:00 AM AEST,22.3,95.5,nan,nan,nan,nan,nan,nan,nan,nan,nan,nan
02-Mar-25 1:02:05 AM AEST,22.4,nan,nan,nan,nan,nan,nan,nan,nan,nan,nan,nan
02-Mar-25 1:03:00 AM AEST,nan,95.3,nan,nan,nan,nan,nan,0.01,1.20,0.10,90.00,0.80
02-Mar-25 1:03:10 AM AEST,22.3,nan,nan,nan,nan,nan,nan,nan,nan,nan,nan,nan
02-Mar-25 1:04:00 AM AEST,nan,95.5,21.5,nan,nan,nan,nan,0.00,0.00,0.00,0.00,0.00
02-Mar-25 1:05:00 AM AEST,nan,nan,21.6,nan,nan,nan,nan,nan,nan,nan,nan,nan
02-Mar-25 1:06:00 AM AEST,nan,95.7,21.5,nan,nan,nan,nan,nan,nan,nan,nan,nan
02-Mar-25 1:07:00 AM AEST,nan,95.5,21.6,nan,nan,nan,nan,nan,nan,nan,nan,nan
02-Mar-25 1:09:00 AM AEST,nan,95.7,nan,nan,nan,nan,nan,nan,nan,nan,nan,nan
02-Mar-25 1:10:00 AM AEST,nan,95.5,nan,nan,nan,nan,nan,nan,nan,nan,nan,nan
02-Mar-25 1:11:00 AM AEST,nan,95.7,nan,nan,nan,nan,nan,nan,nan,nan,nan,nan
02-Mar-25 1:12:00 AM AEST,nan,95.5,nan,nan,nan,nan,nan,nan,nan,nan,nan,nan
02-Mar-25 1:13:00 AM AEST,nan,95.7,21.5,nan,nan,nan,nan,nan,nan,nan,nan,nan
02-Mar-25 1:14:00 AM AEST,nan,nan,21.6,nan,nan,nan,nan,nan,nan,nan,nan,nan
02-Mar-25 1:15:00 AM AEST,22.2,95.5,21.5,nan,nan,nan,nan,nan,nan,nan,nan,nan
02-Mar-25 1:16:00 AM AEST,nan,nan,21.4,nan,nan,nan,nan,nan,nan,nan,nan,nan
02-Mar-25 1:17:00 AM AEST,nan,95.7,21.5,nan,nan,nan,nan,nan,nan,nan,nan,nan
02-Mar-25 1:18:00 AM AEST,nan,95.5,nan,nan,nan,nan,nan,nan,nan,nan,nan,nan
02-Mar-25 1:19:00 AM AEST,nan,95.7,nan,nan,nan,nan,nan,nan,nan,nan,nan,nan
02-Mar-25 1:20:00 AM AEST,22.3,nan,nan,nan,nan,nan,nan,nan,nan,nan,nan,nan
02-Mar-25 1:21:05 AM AEST,22.2,nan,nan,nan,nan,nan,nan,nan,nan,nan,nan,nan
02-Mar-25 1:28:00 AM AEST,nan,95.5,21.4,nan,nan,nan,nan,nan,nan,nan,nan,nan
02-Mar-25 1:29:00 AM AEST,22.1,95.7,nan,nan,nan,nan,nan,nan,nan,nan,nan,nan
02-Mar-25 1:30:00 AM AEST,nan,95.5,nan,nan,nan,nan,nan,nan,nan,nan,nan,nan
02-Mar-25 1:31:00 AM AEST,nan,nan,21.3,nan,nan,nan,nan,nan,nan,nan,nan,nan
02-Mar-25 1:32:00 AM AEST,nan,95.7,nan,nan,nan,nan,nan,nan,nan,nan,nan,nan
02-Mar-25 1:33:00 AM AEST,nan,nan,21.4,nan,nan,nan,nan,nan,nan,nan,nan,nan
02-Mar-25 1:37:00 AM AEST,nan,95.8,nan,nan,nan,nan,nan,nan,nan,nan,nan,nan
02-Mar-25 1:38:00 AM AEST,nan,95.7,nan,nan,nan,nan,nan,0.01,1.20,0.10,90.00,nan
02-Mar-25 1:39:00 AM AEST,nan,95.8,nan,nan,nan,nan,nan,0.00,0.00,0.00,0.00,nan
02-Mar-25 1:40:00 AM AEST,nan,nan,nan,nan,nan,nan,nan,nan,nan,nan,nan,0.80
02-Mar-25 1:41:00 AM AEST,nan,nan,nan,nan,nan,nan,nan,nan,nan,nan,nan,0.00
02-Mar-25 1:46:00 AM AEST,nan,96.0,nan,nan,nan,nan,nan,nan,nan,nan,nan,nan
02-Mar-25 1:47:00 AM AEST,nan,95.8,nan,nan,nan,nan,nan,nan,nan,nan,nan,nan
02-Mar-25 1:48:00 AM AEST,22.0,nan,nan,nan,nan,nan,nan,nan,nan,nan,nan,nan
02-Mar-25 1:49:00 AM AEST,nan,96.0,21.3,nan,nan,nan,nan,nan,nan,nan,nan,nan
02-Mar-25 1:50:00 AM AEST,nan,95.8,21.4,nan,nan,nan,nan,nan,nan,nan,nan,nan
02-Mar-25 1:51:00 AM AEST,nan,96.0,21.3,nan,nan,nan,nan,nan,nan,nan,nan,nan
02-Mar-25 1:52:00 AM AEST,nan,nan,21.4,nan,nan,nan,nan,nan,nan,nan,nan,nan
02-Mar-25 1:53:00 AM AEST,nan,95.8,nan,nan,nan,nan,nan,nan,nan,nan,nan,nan
02-Mar-25 1:54:00 AM AEST,nan,96.0,21.3,nan,nan,nan,nan,nan,nan,nan,nan,nan
02-Mar-25 1:57:00 AM AEST,nan,95.8,nan,nan,nan,nan,nan,nan,nan,nan,nan,nan
02-Mar-25 1:58:00 AM AEST,nan,96.0,nan,nan,nan,nan,nan,nan,nan,nan,nan,nan
02-Mar-25 2:03:00 AM AEST,21.9,nan,nan,nan,nan,nan,nan,nan,nan,nan,nan,nan
02-Mar-25 2:04:00 AM AEST,nan,96.2,21.2,nan,nan,nan,nan,nan,nan,nan,nan,nan
02-Mar-25 2:05:00 AM AEST,22.0,96.0,21.3,nan,nan,nan,nan,nan,nan,nan,nan,nan
02-Mar-25 2:06:00 AM AEST,nan,96.2,nan,nan,nan,nan,nan,nan,nan,nan,nan,nan
02-Mar-25 2:06:05 AM AEST,21.9,nan,nan,nan,nan,nan,nan,nan,nan,nan,nan,nan
02-Mar-25 2:07:00 AM AEST,nan,96.0,nan,nan,nan,nan,nan,nan,nan,nan,nan,nan
02-Mar-25 2:09:00 AM AEST,nan,nan,21.2,nan,nan,nan,nan,nan,nan,nan,nan,nan
02-Mar-25 2:10:00 AM AEST,nan,nan,21.3,nan,nan,nan,nan,nan,nan,nan,nan,nan
02-Mar-25 2:11:00 AM AEST,nan,96.2,21.2,nan,nan,nan,nan,nan,nan,nan,nan,nan
02-Mar-25 2:12:00 AM AEST,nan,96.0,nan,nan,nan,nan,nan,nan,nan,nan,nan,nan
02-Mar-25 2:14:00 AM AEST,nan,96.2,nan,nan,nan,nan,nan,0.01,1.20,0.10,90.00,nan
02-Mar-25 2:15:00 AM AEST,nan,96.0,nan,nan,nan,nan,nan,0.00,0.00,0.00,0.00,nan
02-Mar-25 2:16:00 AM AEST,21.8,nan,nan,nan,nan,nan,nan,nan,nan,nan,nan,nan
02-Mar-25 2:17:00 AM AEST,nan,95.8,21.1,nan,nan,nan,nan,nan,nan,nan,nan,0.80
02-Mar-25 2:18:00 AM AEST,nan,96.2,nan,nan,nan,nan,nan,nan,nan,nan,nan,0.00
02-Mar-25 2:19:00 AM AEST,21.9,96.0,21.2,nan,nan,nan,nan,nan,nan,nan,nan,nan
02-Mar-25 2:20:00 AM AEST,nan,96.2,nan,nan,nan,nan,nan,nan,nan,nan,nan,nan
02-Mar-25 2:20:05 AM AEST,21.8,nan,nan,nan,nan,nan,nan,nan,nan,nan,nan,nan
02-Mar-25 2:21:10 AM AEST,21.9,nan,nan,nan,nan,nan,nan,nan,nan,nan,nan,nan
02-Mar-25 2:22:00 AM AEST,nan,96.0,nan,nan,nan,nan,nan,nan,nan,nan,nan,nan
02-Mar-25 2:22:15 AM AEST,21.8,nan,nan,nan,nan,nan,nan,nan,nan,nan,nan,nan
02-Mar-25 2:23:00 AM AEST,nan,96.2,nan,nan,nan,nan,nan,nan,nan,nan,nan,nan
02-Mar-25 2:23:20 AM AEST,21.9,nan,nan,nan,nan,nan,nan,nan,nan,nan,nan,nan
02-Mar-25 2:24:00 AM AEST,nan,96.3,nan,nan,nan,nan,nan,nan,nan,nan,nan,nan
02-Mar-25 2:25:00 AM AEST,nan,96.2,21.3,nan,nan,nan,nan,nan,nan,nan,nan,nan
02-Mar-25 2:26:00 AM AEST,nan,96.3,21.2,nan,nan,nan,nan,nan,nan,nan,nan,nan
02-Mar-25 2:27:00 AM AEST,nan,nan,21.3,nan,nan,nan,nan,nan,nan,nan,nan,nan
02-Mar-25 2:29:00 AM AEST,21.8,96.2,nan,nan,nan,nan,nan,nan,nan,nan,nan,nan
02-Mar-25 2:30:00 AM AEST,nan,96.3,21.2,nan,nan,nan,nan,nan,nan,nan,nan,nan
02-Mar-25 2:32:00 AM AEST,nan,96.2,nan,nan,nan,nan,nan,nan,nan,nan,nan,nan
02-Mar-25 2:33:00 AM AEST,nan,nan,21.1,nan,nan,nan,nan,nan,nan,nan,nan,nan
02-Mar-25 2:34:00 AM AEST,21.7,96.3,nan,nan,nan,nan,nan,nan,nan,nan,nan,nan
02-Mar-25 2:35:00 AM AEST,nan,96.2,nan,nan,nan,nan,nan,nan,nan,nan,nan,nan
02-Mar-25 2:37:00 AM AEST,21.8,96.3,nan,nan,nan,nan,nan,nan,nan,nan,nan,nan
02-Mar-25 2:38:00 AM AEST,nan,96.2,21.2,nan,nan,nan,nan,nan,nan,nan,nan,nan
02-Mar-25 2:38:05 AM AEST,21.7,nan,nan,nan,nan,nan,nan,nan,nan,nan,nan,nan
02-Mar-25 2:39:00 AM AEST,nan,96.3,21.1,nan,nan,nan,nan,nan,nan,nan,nan,nan
02-Mar-25 2:40:00 AM AEST,nan,96.2,nan,nan,nan,nan,nan,nan,nan,nan,nan,nan
02-Mar-25 2:41:00 AM AEST,nan,96.3,nan,nan,nan,nan,nan,nan,nan,nan,nan,nan
02-Mar-25 2:42:00 AM AEST,nan,96.2,nan,nan,nan,nan,nan,nan,nan,nan,nan,nan
02-Mar-25 2:43:00 AM AEST,nan,96.3,nan,nan,nan,nan,nan,nan,nan,nan,nan,nan
02-Mar-25 2:45:00 AM AEST,nan,96.2,nan,nan,nan,nan,nan,nan,nan,nan,nan,nan
02-Mar-25 2:46:00 AM AEST,nan,96.3,nan,nan,nan,nan,nan,nan,nan,nan,nan,nan
02-Mar-25 2:48:00 AM AEST,nan,96.5,nan,nan,nan,nan,nan,0.01,1.20,0.10,90.00,nan
02-Mar-25 2:49:00 AM AEST,nan,96.2,nan,nan,nan,nan,nan,0.07,2.40,0.70,90.60,nan
02-Mar-25 2:50:00 AM AEST,21.6,96.3,nan,nan,nan,nan,nan,nan,nan,0.60,nan,nan
02-Mar-25 2:51:00 AM AEST,nan,nan,21.0,nan,nan,nan,nan,0.00,0.00,0.00,0.00,nan
02-Mar-25 2:52:00 AM AEST,nan,96.2,nan,nan,nan,nan,nan,nan,nan,nan,nan,0.80
02-Mar-25 2:53:00 AM AEST,nan,96.3,nan,nan,nan,nan,nan,nan,nan,nan,nan,0.00
02-Mar-25 2:58:00 AM AEST,21.5,nan,nan,nan,nan,nan,nan,nan,nan,nan,nan,nan
02-Mar-25 2:59:00 AM AEST,nan,nan,20.9,nan,nan,nan,nan,nan,nan,nan,nan,nan
02-Mar-25 2:59:05 AM AEST,21.6,nan,nan,nan,nan,nan,nan,nan,nan,nan,nan,nan
02-Mar-25 3:00:00 AM AEST,nan,96.5,21.0,nan,nan,65.53,nan,nan,nan,nan,nan,nan
02-Mar-25 3:01:00 AM AEST,nan,96.3,nan,nan,nan,nan,nan,nan,nan,nan,nan,nan
02-Mar-25 3:02:00 AM AEST,21.5,nan,nan,nan,nan,nan,nan,nan,nan,nan,nan,nan
02-Mar-25 3:03:00 AM AEST,nan,96.5,20.9,nan,nan,nan,nan,nan,nan,nan,nan,nan
02-Mar-25 3:04:00 AM AEST,nan,96.3,nan,nan,nan,nan,nan,nan,nan,nan,nan,nan
02-Mar-25 3:05:00 AM AEST,21.6,96.5,nan,nan,nan,nan,nan,nan,nan,nan,nan,nan
02-Mar-25 3:06:00 AM AEST,nan,96.3,21.0,nan,nan,nan,nan,nan,nan,nan,nan,nan
02-Mar-25 3:06:05 AM AEST,21.5,nan,nan,nan,nan,nan,nan,nan,nan,nan,nan,nan
02-Mar-25 3:07:00 AM AEST,nan,96.5,20.9,nan,nan,nan,nan,nan,nan,nan,nan,nan
02-Mar-25 3:08:00 AM AEST,nan,nan,21.0,nan,nan,nan,nan,nan,nan,nan,nan,nan
02-Mar-25 3:09:00 AM AEST,nan,nan,20.9,nan,nan,nan,nan,nan,nan,nan,nan,nan
02-Mar-25 3:10:00 AM AEST,nan,96.3,nan,nan,nan,nan,nan,nan,nan,nan,nan,nan
02-Mar-25 3:11:00 AM AEST,nan,96.5,nan,nan,nan,nan,nan,nan,nan,nan,nan,nan
02-Mar-25 3:12:00 AM AEST,nan,96.3,nan,nan,nan,nan,nan,nan,nan,nan,nan,nan
02-Mar-25 3:13:00 AM AEST,nan,96.5,nan,nan,nan,nan,nan,nan,nan,nan,nan,nan
02-Mar-25 3:14:00 AM AEST,21.4,96.3,nan,nan,nan,nan,nan,nan,nan,nan,nan,nan
02-Mar-25 3:15:00 AM AEST,nan,96.5,20.8,nan,nan,nan,nan,nan,nan,nan,nan,nan
02-Mar-25 3:16:00 AM AEST,nan,96.3,nan,nan,nan,nan,nan,nan,nan,nan,nan,nan
02-Mar-25 3:17:00 AM AEST,nan,96.5,nan,nan,nan,nan,nan,nan,nan,nan,nan,nan
02-Mar-25 3:18:00 AM AEST,nan,nan,20.9,nan,nan,nan,nan,nan,nan,nan,nan,nan
02-Mar-25 3:19:00 AM AEST,nan,96.3,nan,nan,nan,nan,nan,nan,nan,nan,nan,nan
02-Mar-25 3:20:00 AM AEST,nan,96.7,20.8,nan,nan,nan,nan,nan,nan,nan,nan,nan
02-Mar-25 3:21:00 AM AEST,nan,96.5,nan,nan,nan,nan,nan,0.01,1.20,0.10,90.00,nan
02-Mar-25 3:22:00 AM AEST,nan,nan,nan,nan,nan,nan,nan,0.00,0.00,0.00,0.00,nan
02-Mar-25 3:24:00 AM AEST,21.3,nan,nan,nan,nan,nan,nan,nan,nan,nan,nan,nan
02-Mar-25 3:26:00 AM AEST,nan,nan,20.7,nan,nan,nan,nan,nan,nan,nan,nan,nan
02-Mar-25 3:28:00 AM AEST,nan,96.3,nan,nan,nan,nan,nan,nan,nan,nan,nan,nan
02-Mar-25 3:29:00 AM AEST,nan,96.5,nan,nan,nan,nan,nan,nan,nan,nan,nan,0.80
02-Mar-25 3:30:00 AM AEST,nan,nan,nan,nan,nan,nan,nan,nan,nan,nan,nan,0.00
02-Mar-25 3:33:00 AM AEST,21.4,96.7,nan,nan,nan,nan,nan,nan,nan,nan,nan,nan
02-Mar-25 3:34:00 AM AEST,nan,96.5,20.8,nan,nan,nan,nan,nan,nan,nan,nan,nan
02-Mar-25 3:34:05 AM AEST,21.3,nan,nan,nan,nan,nan,nan,nan,nan,nan,nan,nan
02-Mar-25 3:35:00 AM AEST,nan,96.7,20.7,nan,nan,nan,nan,nan,nan,nan,nan,nan
02-Mar-25 3:36:00 AM AEST,nan,96.5,20.8,nan,nan,nan,nan,nan,nan,nan,nan,nan
02-Mar-25 3:37:00 AM AEST,nan,nan,20.7,nan,nan,nan,nan,nan,nan,nan,nan,nan
02-Mar-25 3:38:00 AM AEST,nan,96.7,nan,nan,nan,nan,nan,nan,nan,nan,nan,nan
02-Mar-25 3:39:00 AM AEST,nan,96.5,nan,nan,nan,nan,nan,nan,nan,nan,nan,nan
02-Mar-25 3:40:00 AM AEST,nan,96.7,nan,nan,nan,nan,nan,nan,nan,nan,nan,nan
02-Mar-25 3:45:00 AM AEST,21.2,nan,nan,nan,nan,nan,nan,nan,nan,nan,nan,nan
02-Mar-25 3:46:00 AM AEST,nan,96.5,nan,nan,nan,nan,nan,nan,nan,nan,nan,nan
02-Mar-25 3:47:00 AM AEST,nan,nan,20.6,nan,nan,nan,nan,nan,nan,nan,nan,nan
02-Mar-25 3:48:00 AM AEST,21.1,96.7,nan,nan,nan,nan,nan,nan,nan,nan,nan,nan
02-Mar-25 3:49:00 AM AEST,nan,96.5,20.5,nan,nan,nan,nan,nan,nan,nan,nan,nan
02-Mar-25 3:50:00 AM AEST,nan,nan,20.6,nan,nan,nan,nan,nan,nan,nan,nan,nan
02-Mar-25 3:51:00 AM AEST,21.2,96.7,20.5,nan,nan,nan,nan,nan,nan,nan,nan,nan
02-Mar-25 3:52:00 AM AEST,nan,nan,20.6,nan,nan,nan,nan,nan,nan,nan,nan,nan
02-Mar-25 3:52:05 AM AEST,21.1,nan,nan,nan,nan,nan,nan,nan,nan,nan,nan,nan
02-Mar-25 3:55:00 AM AEST,nan,96.8,nan,nan,nan,nan,nan,nan,nan,nan,nan,nan
02-Mar-25 3:56:00 AM AEST,nan,96.7,nan,nan,nan,nan,nan,nan,nan,nan,nan,nan
02-Mar-25 3:57:00 AM AEST,nan,nan,20.5,nan,nan,nan,nan,nan,nan,nan,nan,nan
02-Mar-25 4:00:00 AM AEST,21.0,nan,nan,nan,nan,nan,nan,nan,nan,nan,nan,nan
02-Mar-25 4:01:00 AM AEST,nan,nan,20.4,nan,nan,nan,nan,nan,nan,nan,nan,nan
02-Mar-25 4:02:00 AM AEST,nan,96.5,nan,nan,nan,nan,nan,nan,nan,nan,nan,nan
02-Mar-25 4:03:00 AM AEST,nan,96.7,nan,nan,nan,nan,nan,nan,nan,nan,nan,nan
02-Mar-25 4:05:00 AM AEST,21.1,nan,nan,nan,nan,nan,nan,nan,nan,nan,nan,nan
02-Mar-25 4:06:00 AM AEST,nan,96.8,20.5,nan,nan,nan,nan,nan,nan,nan,nan,0.80
02-Mar-25 4:06:05 AM AEST,21.0,nan,nan,nan,nan,nan,nan,nan,nan,nan,nan,nan
02-Mar-25 4:07:00 AM AEST,nan,nan,nan,nan,nan,nan,nan,nan,nan,nan,nan,0.00
02-Mar-25 4:07:10 AM AEST,21.1,nan,nan,nan,nan,nan,nan,nan,nan,nan,nan,nan
02-Mar-25 4:08:00 AM AEST,nan,96.7,nan,nan,nan,nan,nan,nan,nan,nan,nan,nan
02-Mar-25 4:09:00 AM AEST,21.0,96.8,nan,nan,nan,nan,nan,nan,nan,nan,nan,nan
02-Mar-25 4:13:00 AM AEST,nan,96.7,nan,nan,nan,nan,nan,nan,nan,nan,nan,nan
02-Mar-25 4:14:00 AM AEST,nan,96.8,nan,nan,nan,nan,nan,nan,nan,nan,nan,nan
02-Mar-25 4:16:00 AM AEST,nan,96.7,20.4,nan,nan,nan,nan,nan,nan,nan,nan,nan
02-Mar-25 4:17:00 AM AEST,nan,96.8,nan,nan,nan,nan,nan,nan,nan,nan,nan,nan
02-Mar-25 4:18:00 AM AEST,20.9,96.7,nan,nan,nan,nan,nan,nan,nan,nan,nan,nan
02-Mar-25 4:20:00 AM AEST,nan,96.8,20.3,nan,nan,nan,nan,nan,nan,nan,nan,nan
02-Mar-25 4:21:00 AM AEST,21.0,nan,20.4,nan,nan,nan,nan,nan,nan,nan,nan,nan
02-Mar-25 4:22:05 AM AEST,20.9,nan,nan,nan,nan,nan,nan,nan,nan,nan,nan,nan
02-Mar-25 4:24:00 AM AEST,nan,96.7,nan,nan,nan,nan,nan,nan,nan,nan,nan,nan
02-Mar-25 4:25:00 AM AEST,nan,96.8,nan,nan,nan,nan,nan,nan,nan,nan,nan,nan
02-Mar-25 4:27:00 AM AEST,20.8,nan,nan,nan,nan,nan,nan,nan,nan,nan,nan,nan
02-Mar-25 4:28:00 AM AEST,nan,nan,20.3,nan,nan,nan,nan,nan,nan,nan,nan,nan
02-Mar-25 4:28:05 AM AEST,20.9,nan,nan,nan,nan,nan,nan,nan,nan,nan,nan,nan
02-Mar-25 4:29:10 AM AEST,20.8,nan,nan,nan,nan,nan,nan,nan,nan,nan,nan,nan
02-Mar-25 4:33:00 AM AEST,nan,96.7,nan,nan,nan,nan,nan,nan,nan,nan,nan,nan
02-Mar-25 4:34:00 AM AEST,nan,96.8,nan,nan,nan,nan,nan,nan,nan,nan,nan,nan
02-Mar-25 4:35:00 AM AEST,20.9,nan,nan,nan,nan,nan,nan,nan,nan,nan,nan,nan
02-Mar-25 4:36:05 AM AEST,20.8,nan,nan,nan,nan,nan,nan,nan,nan,nan,nan,nan
02-Mar-25 4:37:00 AM AEST,nan,97.0,nan,nan,nan,nan,nan,nan,nan,nan,nan,nan
02-Mar-25 4:37:10 AM AEST,20.9,nan,nan,nan,nan,nan,nan,nan,nan,nan,nan,nan
02-Mar-25 4:38:00 AM AEST,nan,96.8,20.4,nan,nan,nan,nan,nan,nan,nan,nan,nan
02-Mar-25 4:38:15 AM AEST,20.8,nan,nan,nan,nan,nan,nan,nan,nan,nan,nan,nan
02-Mar-25 4:39:00 AM AEST,nan,nan,20.3,nan,nan,nan,nan,nan,nan,nan,nan,nan
02-Mar-25 4:40:00 AM AEST,20.7,nan,nan,nan,nan,nan,nan,nan,nan,nan,nan,nan
02-Mar-25 4:41:00 AM AEST,nan,97.0,20.2,nan,nan,nan,nan,nan,nan,nan,nan,0.80
02-Mar-25 4:41:05 AM AEST,20.8,nan,nan,nan,nan,nan,nan,nan,nan,nan,nan,nan
02-Mar-25 4:42:00 AM AEST,nan,96.8,20.3,nan,nan,nan,nan,nan,nan,nan,nan,0.00
02-Mar-25 4:43:00 AM AEST,nan,nan,20.2,nan,nan,nan,nan,nan,nan,nan,nan,nan
02-Mar-25 4:44:00 AM AEST,20.7,nan,20.3,nan,nan,nan,nan,nan,nan,nan,nan,nan
02-Mar-25 4:45:00 AM AEST,nan,nan,20.2,nan,nan,nan,nan,nan,nan,nan,nan,nan
02-Mar-25 4:45:05 AM AEST,20.8,nan,nan,nan,nan,nan,nan,nan,nan,nan,nan,nan
02-Mar-25 4:47:00 AM AEST,20.7,nan,nan,nan,nan,nan,nan,nan,nan,nan,nan,nan
02-Mar-25 4:53:00 AM AEST,nan,97.0,nan,nan,nan,nan,nan,nan,nan,nan,nan,nan
02-Mar-25 4:54:00 AM AEST,nan,96.8,nan,nan,nan,nan,nan,nan,nan,nan,nan,nan
02-Mar-25 4:56:00 AM AEST,nan,97.0,nan,nan,nan,nan,nan,nan,nan,nan,nan,nan
02-Mar-25 4:57:00 AM AEST,nan,96.8,nan,nan,nan,nan,nan,nan,nan,nan,nan,nan
02-Mar-25 4:58:00 AM AEST,nan,97.0,nan,nan,nan,nan,nan,nan,nan,nan,nan,nan
02-Mar-25 4:59:00 AM AEST,nan,96.8,nan,nan,nan,nan,nan,nan,nan,nan,nan,nan
02-Mar-25 5:01:00 AM AEST,nan,97.0,nan,nan,nan,nan,nan,nan,nan,nan,nan,nan
02-Mar-25 5:01:00 AM AEST,nan,96.8,nan,nan,nan,nan,nan,nan,nan,nan,nan,nan
02-Mar-25 5:02:00 AM AEST,nan,nan,20.1,nan,nan,nan,nan,nan,nan,nan,nan,nan
02-Mar-25 5:03:00 AM AEST,nan,97.0,nan,nan,nan,nan,nan,nan,nan,nan,nan,nan
02-Mar-25 5:04:00 AM AEST,nan,96.8,20.2,nan,nan,nan,nan,nan,nan,nan,nan,nan
02-Mar-25 5:05:00 AM AEST,20.6,97.0,nan,nan,nan,nan,nan,nan,nan,nan,nan,nan
02-Mar-25 5:06:00 AM AEST,nan,96.8,20.1,nan,nan,nan,nan,nan,nan,nan,nan,nan
02-Mar-25 5:06:05 AM AEST,20.7,nan,nan,nan,nan,nan,nan,nan,nan,nan,nan,nan
02-Mar-25 5:07:00 AM AEST,nan,97.0,nan,nan,nan,nan,nan,nan,nan,nan,nan,nan
02-Mar-25 5:07:10 AM AEST,20.6,nan,nan,nan,nan,nan,nan,nan,nan,nan,nan,nan
02-Mar-25 5:08:00 AM AEST,nan,96.8,nan,nan,nan,nan,nan,nan,nan,nan,nan,nan
02-Mar-25 5:10:00 AM AEST,nan,97.0,nan,nan,nan,nan,nan,nan,nan,nan,nan,nan
02-Mar-25 5:11:00 AM AEST,nan,96.8,nan,nan,nan,nan,nan,nan,nan,nan,nan,nan
02-Mar-25 5:12:00 AM AEST,nan,97.0,nan,nan,nan,nan,nan,nan,nan,nan,nan,nan
02-Mar-25 5:16:00 AM AEST,20.7,nan,nan,nan,nan,nan,nan,nan,nan,nan,nan,nan
02-Mar-25 5:17:00 AM AEST,nan,nan,20.2,nan,nan,nan,nan,nan,nan,nan,nan,nan
02-Mar-25 5:17:05 AM AEST,20.6,nan,nan,nan,nan,nan,nan,nan,nan,nan,nan,nan
02-Mar-25 5:18:00 AM AEST,nan,97.2,20.1,nan,nan,nan,nan,nan,nan,nan,nan,nan
02-Mar-25 5:19:00 AM AEST,nan,96.8,nan,nan,nan,nan,nan,nan,nan,nan,nan,0.80
02-Mar-25 5:20:00 AM AEST,nan,97.0,nan,nan,nan,nan,nan,nan,nan,nan,nan,0.00
02-Mar-25 5:22:00 AM AEST,nan,96.8,nan,nan,nan,nan,nan,nan,nan,nan,nan,nan
02-Mar-25 5:23:00 AM AEST,20.5,97.0,20.0,nan,nan,nan,nan,nan,nan,nan,nan,nan
02-Mar-25 5:25:00 AM AEST,nan,96.8,nan,nan,nan,nan,nan,nan,nan,nan,nan,nan
02-Mar-25 5:26:00 AM AEST,nan,97.0,nan,nan,nan,nan,nan,nan,nan,nan,nan,nan
02-Mar-25 5:29:00 AM AEST,nan,96.8,nan,nan,nan,nan,nan,nan,nan,nan,nan,nan
02-Mar-25 5:30:00 AM AEST,nan,97.0,nan,nan,nan,nan,nan,nan,nan,nan,nan,nan
02-Mar-25 5:31:00 AM AEST,20.4,nan,nan,nan,nan,nan,nan,nan,nan,nan,nan,nan
02-Mar-25 5:32:00 AM AEST,nan,96.8,19.9,nan,nan,nan,nan,nan,nan,nan,nan,nan
02-Mar-25 5:34:00 AM AEST,nan,97.0,nan,nan,nan,nan,nan,nan,nan,nan,nan,nan
02-Mar-25 5:36:00 AM AEST,nan,96.8,nan,nan,nan,nan,nan,nan,nan,nan,nan,nan
02-Mar-25 5:37:00 AM AEST,20.5,97.0,nan,nan,nan,nan,nan,nan,nan,nan,nan,nan
02-Mar-25 5:38:00 AM AEST,nan,97.2,20.0,nan,nan,nan,nan,nan,nan,nan,nan,nan
02-Mar-25 5:39:00 AM AEST,nan,97.0,nan,nan,nan,nan,nan,nan,nan,nan,nan,nan
02-Mar-25 5:40:00 AM AEST,20.4,nan,nan,nan,nan,nan,nan,nan,nan,nan,nan,nan
02-Mar-25 5:41:00 AM AEST,nan,97.2,19.9,nan,nan,nan,nan,nan,nan,nan,nan,nan
02-Mar-25 5:42:00 AM AEST,nan,97.0,20.0,nan,nan,nan,nan,nan,nan,nan,nan,nan
02-Mar-25 5:43:00 AM AEST,nan,97.2,19.9,nan,nan,nan,nan,nan,nan,nan,nan,nan
02-Mar-25 5:44:00 AM AEST,nan,97.0,20.0,nan,nan,nan,nan,nan,nan,nan,nan,nan
02-Mar-25 5:45:00 AM AEST,nan,nan,19.9,nan,nan,nan,nan,0.01,1.20,0.10,90.00,nan
02-Mar-25 5:46:00 AM AEST,20.3,nan,nan,nan,nan,nan,nan,0.00,0.00,0.00,0.00,nan
02-Mar-25 5:47:00 AM AEST,nan,97.2,19.8,nan,nan,nan,nan,nan,nan,nan,nan,nan
02-Mar-25 5:48:00 AM AEST,nan,97.0,nan,nan,nan,nan,nan,nan,nan,nan,nan,nan
02-Mar-25 5:51:00 AM AEST,nan,nan,nan,nan,nan,nan,nan,0.01,1.20,0.10,90.00,nan
02-Mar-25 5:52:00 AM AEST,nan,97.2,nan,nan,nan,nan,nan,0.00,0.00,0.00,0.00,nan
02-Mar-25 5:53:00 AM AEST,20.2,97.0,nan,nan,nan,nan,nan,nan,nan,nan,nan,nan
02-Mar-25 5:54:00 AM AEST,nan,97.2,19.7,nan,nan,nan,nan,nan,nan,nan,nan,0.80
02-Mar-25 5:55:00 AM AEST,nan,97.0,nan,nan,nan,nan,nan,nan,nan,nan,nan,0.00
02-Mar-25 5:56:00 AM AEST,nan,97.2,nan,nan,nan,nan,nan,nan,nan,nan,nan,nan
02-Mar-25 5:57:00 AM AEST,nan,97.0,19.8,nan,nan,nan,nan,nan,nan,nan,nan,nan
02-Mar-25 5:58:00 AM AEST,nan,97.2,19.7,nan,nan,nan,nan,nan,nan,nan,nan,nan
02-Mar-25 5:59:00 AM AEST,20.1,97.0,nan,nan,nan,nan,nan,nan,nan,nan,nan,nan
02-Mar-25 6:00:00 AM AEST,nan,nan,nan,nan,nan,0.02,nan,nan,nan,nan,nan,nan
02-Mar-25 6:01:00 AM AEST,nan,97.2,19.6,nan,nan,nan,nan,nan,nan,nan,nan,nan
02-Mar-25 6:02:00 AM AEST,nan,97.0,nan,nan,nan,nan,nan,nan,nan,nan,nan,nan
02-Mar-25 6:03:00 AM AEST,nan,97.2,nan,nan,nan,nan,nan,nan,nan,nan,nan,nan
02-Mar-25 6:04:00 AM AEST,nan,nan,19.7,nan,nan,nan,nan,nan,nan,nan,nan,nan
02-Mar-25 6:06:00 AM AEST,nan,97.0,19.6,nan,nan,nan,nan,nan,nan,nan,nan,nan
02-Mar-25 6:07:00 AM AEST,nan,97.2,nan,nan,nan,nan,nan,nan,nan,nan,nan,nan
02-Mar-25 6:12:00 AM AEST,20.2,nan,19.7,nan,nan,nan,nan,nan,nan,nan,nan,nan
02-Mar-25 6:13:00 AM AEST,nan,97.3,nan,nan,nan,nan,nan,nan,nan,nan,nan,nan
02-Mar-25 6:13:05 AM AEST,20.1,nan,nan,nan,nan,nan,nan,nan,nan,nan,nan,nan
02-Mar-25 6:14:00 AM AEST,nan,97.2,19.6,nan,nan,nan,nan,nan,nan,nan,nan,nan
02-Mar-25 6:16:00 AM AEST,nan,nan,nan,nan,nan,nan,nan,nan,nan,nan,nan,0.80
02-Mar-25 6:17:00 AM AEST,nan,97.3,nan,nan,nan,nan,nan,nan,nan,nan,nan,nan
02-Mar-25 6:18:00 AM AEST,nan,97.2,19.7,nan,nan,nan,nan,nan,nan,nan,nan,1.60
02-Mar-25 6:19:00 AM AEST,nan,nan,19.6,nan,nan,nan,nan,nan,nan,nan,nan,1.70
02-Mar-25 6:20:00 AM AEST,nan,97.3,nan,nan,nan,nan,nan,nan,nan,nan,nan,1.60
02-Mar-25 6:21:00 AM AEST,20.0,97.2,nan,nan,nan,nan,nan,nan,nan,nan,nan,2.50
02-Mar-25 6:22:00 AM AEST,nan,nan,nan,nan,nan,nan,nan,nan,nan,nan,nan,3.30
02-Mar-25 6:22:05 AM AEST,20.1,nan,nan,nan,nan,nan,nan,nan,nan,nan,nan,nan
02-Mar-25 6:23:00 AM AEST,nan,97.3,nan,nan,nan,nan,nan,nan,nan,nan,nan,4.20
02-Mar-25 6:23:10 AM AEST,20.0,nan,nan,nan,nan,nan,nan,nan,nan,nan,nan,nan
02-Mar-25 6:24:00 AM AEST,nan,97.2,nan,nan,nan,nan,nan,nan,nan,nan,nan,5.00
02-Mar-25 6:26:00 AM AEST,nan,nan,nan,nan,nan,nan,nan,nan,nan,nan,nan,5.80
02-Mar-25 6:27:00 AM AEST,nan,nan,19.5,nan,nan,nan,nan,nan,nan,nan,nan,nan
02-Mar-25 6:28:00 AM AEST,nan,97.0,nan,nan,nan,nan,nan,nan,nan,nan,nan,7.50
02-Mar-25 6:29:00 AM AEST,nan,97.2,nan,nan,nan,nan,nan,nan,nan,nan,nan,nan
02-Mar-25 6:31:00 AM AEST,19.9,nan,nan,nan,nan,nan,nan,nan,nan,nan,nan,9.10
02-Mar-25 6:32:00 AM AEST,nan,97.0,nan,nan,nan,nan,nan,nan,nan,nan,nan,9.20
02-Mar-25 6:33:00 AM AEST,nan,97.2,19.4,nan,nan,nan,nan,nan,nan,nan,nan,10.00
02-Mar-25 6:34:00 AM AEST,nan,97.0,19.5,nan,nan,nan,nan,nan,nan,nan,nan,10.80
02-Mar-25 6:35:00 AM AEST,nan,97.2,19.4,nan,nan,nan,nan,nan,nan,nan,nan,11.70
02-Mar-25 6:36:00 AM AEST,nan,nan,nan,nan,nan,nan,nan,nan,nan,nan,nan,12.50
02-Mar-25 6:37:00 AM AEST,nan,97.0,nan,nan,nan,nan,nan,nan,nan,nan,nan,11.70
02-Mar-25 6:38:00 AM AEST,nan,97.2,nan,nan,nan,nan,nan,nan,nan,nan,nan,12.50
02-Mar-25 6:39:00 AM AEST,nan,nan,19.5,nan,nan,nan,nan,nan,nan,nan,nan,13.30
02-Mar-25 6:40:00 AM AEST,20.0,nan,nan,nan,nan,nan,nan,nan,nan,nan,nan,14.10
02-Mar-25 6:41:00 AM AEST,nan,97.3,nan,nan,nan,nan,nan,nan,nan,nan,nan,15.00
02-Mar-25 6:42:00 AM AEST,nan,97.2,19.6,nan,nan,nan,nan,nan,nan,nan,nan,16.60
02-Mar-25 6:43:00 AM AEST,nan,97.3,19.5,nan,nan,nan,nan,nan,nan,nan,nan,15.00
02-Mar-25 6:44:00 AM AEST,nan,97.2,nan,nan,nan,nan,nan,nan,nan,nan,nan,15.80
02-Mar-25 6:45:00 AM AEST,nan,97.3,nan,nan,nan,nan,nan,nan,nan,nan,nan,17.50
02-Mar-25 6:46:00 AM AEST,nan,97.2,19.6,nan,nan,nan,nan,nan,nan,nan,nan,16.70
02-Mar-25 6:47:00 AM AEST,nan,97.3,19.5,nan,nan,nan,nan,nan,nan,nan,nan,16.60
02-Mar-25 6:48:00 AM AEST,nan,nan,19.6,nan,nan,nan,nan,nan,nan,nan,nan,17.50
02-Mar-25 6:49:00 AM AEST,nan,97.2,nan,nan,nan,nan,nan,nan,nan,nan,nan,18.30
02-Mar-25 6:50:00 AM AEST,nan,97.3,19.5,nan,nan,nan,nan,nan,nan,nan,nan,nan
02-Mar-25 6:51:00 AM AEST,nan,97.2,19.6,nan,nan,nan,nan,nan,nan,nan,nan,19.10
02-Mar-25 6:52:00 AM AEST,20.1,97.3,19.5,nan,nan,nan,nan,nan,nan,nan,nan,19.20
02-Mar-25 6:53:00 AM AEST,nan,nan,19.6,nan,nan,nan,nan,nan,nan,nan,nan,20.80
02-Mar-25 6:54:00 AM AEST,nan,97.5,19.7,nan,nan,nan,nan,nan,nan,nan,nan,23.30
02-Mar-25 6:55:00 AM AEST,20.2,nan,nan,nan,nan,nan,nan,nan,nan,nan,nan,28.30
02-Mar-25 6:56:00 AM AEST,nan,nan,19.8,nan,nan,nan,nan,nan,nan,nan,nan,25.00
02-Mar-25 6:57:00 AM AEST,20.3,nan,nan,nan,nan,nan,nan,nan,nan,nan,nan,20.00
02-Mar-25 6:58:00 AM AEST,nan,nan,19.9,nan,nan,nan,nan,nan,nan,nan,nan,nan
02-Mar-25 6:58:05 AM AEST,20.4,nan,nan,nan,nan,nan,nan,nan,nan,nan,nan,nan
02-Mar-25 6:59:00 AM AEST,nan,nan,20.0,nan,nan,nan,nan,nan,nan,nan,nan,20.80
02-Mar-25 7:00:00 AM AEST,20.5,97.7,nan,nan,nan,nan,nan,nan,nan,nan,nan,nan
02-Mar-25 7:00:01 AM AEST,nan,nan,nan,nan,nan,0.10,nan,nan,nan,nan,nan,nan
02-Mar-25 7:01:00 AM AEST,nan,nan,20.1,nan,nan,nan,nan,nan,nan,nan,nan,nan
02-Mar-25 7:02:00 AM AEST,nan,97.8,nan,nan,nan,nan,nan,0.01,1.20,0.10,90.00,24.10
02-Mar-25 7:03:00 AM AEST,nan,97.7,20.2,nan,nan,nan,nan,0.00,0.00,0.00,0.00,29.20
02-Mar-25 7:04:00 AM AEST,nan,nan,nan,nan,nan,nan,nan,nan,nan,nan,nan,28.30
02-Mar-25 7:05:00 AM AEST,20.6,nan,20.1,nan,nan,nan,nan,nan,nan,nan,nan,25.80
02-Mar-25 7:06:00 AM AEST,nan,nan,20.2,nan,nan,nan,nan,nan,nan,nan,nan,25.00
02-Mar-25 7:07:00 AM AEST,nan,nan,nan,nan,nan,nan,nan,nan,nan,nan,nan,23.30
02-Mar-25 7:08:00 AM AEST,20.7,nan,20.3,nan,nan,nan,nan,nan,nan,nan,nan,nan
02-Mar-25 7:09:00 AM AEST,nan,nan,nan,nan,nan,nan,nan,nan,nan,nan,nan,24.10
02-Mar-25 7:10:00 AM AEST,20.8,97.8,nan,nan,nan,nan,nan,nan,nan,nan,nan,24.20
02-Mar-25 7:11:00 AM AEST,nan,97.7,20.4,nan,nan,nan,nan,nan,nan,nan,nan,25.80
02-Mar-25 7:11:05 AM AEST,20.9,nan,nan,nan,nan,nan,nan,nan,nan,nan,nan,nan
02-Mar-25 7:12:00 AM AEST,nan,98.0,20.5,nan,nan,nan,nan,nan,nan,nan,nan,24.20
02-Mar-25 7:12:10 AM AEST,21.0,nan,nan,nan,nan,nan,nan,nan,nan,nan,nan,nan
02-Mar-25 7:13:00 AM AEST,nan,nan,20.6,nan,nan,nan,nan,nan,nan,nan,nan,26.60
02-Mar-25 7:14:00 AM AEST,21.1,nan,nan,nan,nan,nan,nan,nan,nan,nan,nan,32.50
02-Mar-25 7:15:00 AM AEST,nan,98.2,20.7,nan,nan,nan,nan,nan,nan,nan,nan,41.60
02-Mar-25 7:16:00 AM AEST,21.2,nan,20.8,nan,nan,nan,nan,nan,nan,nan,nan,72.50
02-Mar-25 7:17:00 AM AEST,nan,98.3,20.9,nan,nan,nan,nan,nan,nan,nan,nan,104.10
02-Mar-25 7:17:05 AM AEST,21.3,nan,nan,nan,nan,nan,nan,nan,nan,nan,nan,nan
02-Mar-25 7:18:00 AM AEST,nan,nan,21.0,nan,nan,nan,nan,nan,nan,nan,nan,95.80
02-Mar-25 7:19:00 AM AEST,21.4,nan,21.1,nan,nan,nan,nan,0.01,1.20,0.10,90.00,70.80
02-Mar-25 7:20:00 AM AEST,nan,nan,nan,nan,nan,nan,nan,0.00,0.00,0.00,0.00,95.00
02-Mar-25 7:20:05 AM AEST,21.5,nan,nan,nan,nan,nan,nan,nan,nan,nan,nan,nan
02-Mar-25 7:21:00 AM AEST,nan,98.5,21.2,nan,nan,nan,nan,nan,nan,nan,nan,144.20
02-Mar-25 7:22:00 AM AEST,21.6,98.3,21.3,nan,nan,nan,nan,nan,nan,nan,nan,165.00
02-Mar-25 7:23:00 AM AEST,nan,nan,nan,nan,nan,nan,nan,nan,nan,nan,nan,169.20
02-Mar-25 7:24:00 AM AEST,21.7,98.5,nan,nan,nan,nan,nan,nan,nan,nan,nan,171.60
02-Mar-25 7:25:00 AM AEST,nan,nan,21.5,nan,nan,nan,nan,nan,nan,nan,nan,174.20
02-Mar-25 7:25:05 AM AEST,21.9,nan,nan,nan,nan,nan,nan,nan,nan,nan,nan,nan
02-Mar-25 7:26:00 AM AEST,nan,98.7,21.6,nan,nan,nan,nan,nan,nan,nan,nan,178.30
02-Mar-25 7:26:10 AM AEST,22.0,nan,nan,nan,nan,nan,nan,nan,nan,nan,nan,nan
02-Mar-25 7:27:00 AM AEST,nan,98.5,21.7,nan,nan,nan,nan,nan,nan,nan,nan,180.80
02-Mar-25 7:27:15 AM AEST,22.1,nan,nan,nan,nan,nan,nan,nan,nan,nan,nan,nan
02-Mar-25 7:28:00 AM AEST,nan,nan,21.8,nan,nan,nan,nan,nan,nan,nan,nan,185.00
02-Mar-25 7:28:20 AM AEST,22.3,nan,nan,nan,nan,nan,nan,nan,nan,nan,nan,nan
02-Mar-25 7:29:00 AM AEST,nan,98.7,21.9,nan,nan,nan,nan,nan,nan,nan,nan,187.50
02-Mar-25 7:29:25 AM AEST,22.5,nan,nan,nan,nan,nan,nan,nan,nan,nan,nan,nan
02-Mar-25 7:30:00 AM AEST,nan,98.5,22.1,nan,nan,nan,nan,nan,nan,nan,nan,190.80
02-Mar-25 7:30:30 AM AEST,22.6,nan,nan,nan,nan,nan,nan,nan,nan,nan,nan,nan
02-Mar-25 7:31:00 AM AEST,nan,98.7,22.2,nan,nan,nan,nan,nan,nan,nan,nan,193.30
02-Mar-25 7:31:35 AM AEST,22.7,nan,nan,nan,nan,nan,nan,nan,nan,nan,nan,nan
02-Mar-25 7:32:00 AM AEST,nan,nan,22.4,nan,nan,nan,nan,nan,nan,nan,nan,197.50
02-Mar-25 7:32:40 AM AEST,22.8,nan,nan,nan,nan,nan,nan,nan,nan,nan,nan,nan
02-Mar-25 7:33:00 AM AEST,nan,98.5,22.5,nan,nan,nan,nan,nan,nan,nan,nan,200.00
02-Mar-25 7:33:45 AM AEST,22.7,nan,nan,nan,nan,nan,nan,nan,nan,nan,nan,nan
02-Mar-25 7:34:00 AM AEST,nan,98.3,nan,nan,nan,nan,nan,nan,nan,nan,nan,203.30
02-Mar-25 7:35:00 AM AEST,nan,nan,22.4,nan,nan,nan,nan,nan,nan,nan,nan,205.80
02-Mar-25 7:36:00 AM AEST,22.8,98.0,nan,nan,nan,nan,nan,nan,nan,nan,nan,209.20
02-Mar-25 7:37:00 AM AEST,nan,98.2,22.5,nan,nan,nan,nan,0.01,1.20,0.10,90.00,213.30
02-Mar-25 7:37:05 AM AEST,22.9,nan,nan,nan,nan,nan,nan,nan,nan,nan,nan,nan
02-Mar-25 7:38:00 AM AEST,nan,98.0,22.6,nan,nan,nan,nan,0.00,0.00,0.00,0.00,215.80
02-Mar-25 7:39:00 AM AEST,23.0,nan,nan,nan,nan,nan,nan,nan,nan,nan,nan,219.20
02-Mar-25 7:40:00 AM AEST,nan,97.8,22.7,nan,nan,nan,nan,nan,nan,nan,nan,223.30
02-Mar-25 7:40:05 AM AEST,23.1,nan,nan,nan,nan,nan,nan,nan,nan,nan,nan,nan
02-Mar-25 7:41:00 AM AEST,nan,98.0,nan,nan,nan,nan,nan,nan,nan,nan,nan,225.80
02-Mar-25 7:41:10 AM AEST,23.2,nan,nan,nan,nan,nan,nan,nan,nan,nan,nan,nan
02-Mar-25 7:42:00 AM AEST,nan,97.8,22.8,nan,nan,nan,nan,nan,nan,nan,nan,229.90
02-Mar-25 7:42:15 AM AEST,23.4,nan,nan,nan,nan,nan,nan,nan,nan,nan,nan,nan
02-Mar-25 7:43:00 AM AEST,nan,nan,23.0,nan,nan,nan,nan,nan,nan,nan,nan,232.50
02-Mar-25 7:44:00 AM AEST,nan,nan,nan,nan,nan,nan,nan,nan,nan,nan,nan,235.80
02-Mar-25 7:45:00 AM AEST,23.5,97.7,nan,nan,nan,nan,nan,nan,nan,nan,nan,239.20
02-Mar-25 7:46:00 AM AEST,nan,nan,23.1,nan,nan,nan,nan,nan,nan,nan,nan,243.30
02-Mar-25 7:46:05 AM AEST,23.6,nan,nan,nan,nan,nan,nan,nan,nan,nan,nan,nan
02-Mar-25 7:47:00 AM AEST,nan,nan,23.2,nan,nan,nan,nan,nan,nan,nan,nan,239.10
02-Mar-25 7:47:10 AM AEST,23.7,nan,nan,nan,nan,nan,nan,nan,nan,nan,nan,nan
02-Mar-25 7:48:00 AM AEST,nan,97.5,23.3,nan,nan,nan,nan,nan,nan,nan,nan,250.00
02-Mar-25 7:49:00 AM AEST,23.8,97.3,23.2,nan,nan,nan,nan,nan,nan,nan,nan,99.10
02-Mar-25 7:50:00 AM AEST,nan,97.2,23.3,nan,nan,nan,nan,nan,nan,nan,nan,256.70
02-Mar-25 7:50:05 AM AEST,23.9,nan,nan,nan,nan,nan,nan,nan,nan,nan,nan,nan
02-Mar-25 7:51:00 AM AEST,nan,nan,23.5,nan,nan,nan,nan,nan,nan,nan,nan,260.80
02-Mar-25 7:51:10 AM AEST,24.0,nan,nan,nan,nan,nan,nan,nan,nan,nan,nan,nan
02-Mar-25 7:52:00 AM AEST,nan,97.0,nan,nan,nan,nan,nan,nan,nan,nan,nan,264.20
02-Mar-25 7:52:15 AM AEST,24.1,nan,nan,nan,nan,nan,nan,nan,nan,nan,nan,nan
02-Mar-25 7:53:00 AM AEST,nan,96.7,23.6,nan,nan,nan,nan,nan,nan,nan,nan,228.30
02-Mar-25 7:54:00 AM AEST,24.3,nan,nan,nan,nan,nan,nan,nan,nan,nan,nan,270.80
02-Mar-25 7:55:00 AM AEST,nan,96.5,23.7,nan,nan,nan,nan,nan,nan,nan,nan,275.00
02-Mar-25 7:55:05 AM AEST,24.4,nan,nan,nan,nan,nan,nan,nan,nan,nan,nan,nan
02-Mar-25 7:56:00 AM AEST,nan,nan,23.8,nan,nan,nan,nan,nan,nan,nan,nan,277.40
02-Mar-25 7:56:10 AM AEST,24.5,nan,nan,nan,nan,nan,nan,nan,nan,nan,nan,nan
02-Mar-25 7:57:00 AM AEST,nan,96.3,23.9,nan,nan,nan,nan,nan,nan,nan,nan,265.00
02-Mar-25 7:57:15 AM AEST,24.7,nan,nan,nan,nan,nan,nan,nan,nan,nan,nan,nan
02-Mar-25 7:58:00 AM AEST,nan,96.2,24.0,nan,nan,nan,nan,nan,nan,nan,nan,284.90
02-Mar-25 7:58:20 AM AEST,24.9,nan,nan,nan,nan,nan,nan,nan,nan,nan,nan,nan
02-Mar-25 7:58:20 AM AEST,25.1,nan,nan,nan,nan,nan,nan,nan,nan,nan,nan,nan
02-Mar-25 7:59:00 AM AEST,nan,96.0,24.2,nan,nan,nan,nan,0.01,1.20,0.10,90.00,288.30
02-Mar-25 8:00:00 AM AEST,25.2,nan,24.4,nan,nan,nan,nan,0.00,0.00,0.00,0.00,291.60
02-Mar-25 8:00:02 AM AEST,nan,nan,nan,nan,nan,0.29,nan,nan,nan,nan,nan,nan
02-Mar-25 8:01:00 AM AEST,nan,95.5,24.5,nan,nan,nan,nan,0.01,1.20,0.10,90.00,295.80
02-Mar-25 8:01:05 AM AEST,25.4,nan,nan,nan,nan,nan,nan,nan,nan,nan,nan,nan
02-Mar-25 8:02:00 AM AEST,nan,95.2,24.6,nan,nan,nan,nan,0.09,2.40,0.90,90.70,299.20
02-Mar-25 8:02:10 AM AEST,25.5,nan,nan,nan,nan,nan,nan,nan,nan,nan,nan,nan
02-Mar-25 8:03:00 AM AEST,nan,94.7,24.7,nan,nan,nan,nan,0.01,1.20,0.10,90.00,269.10
02-Mar-25 8:03:15 AM AEST,25.6,nan,nan,nan,nan,nan,nan,nan,nan,nan,nan,nan
02-Mar-25 8:04:00 AM AEST,nan,94.2,nan,nan,nan,nan,nan,0.00,0.00,0.00,0.00,305.80
02-Mar-25 8:04:20 AM AEST,25.8,nan,nan,nan,nan,nan,nan,nan,nan,nan,nan,nan
02-Mar-25 8:05:00 AM AEST,nan,93.5,24.8,nan,nan,nan,nan,nan,nan,nan,nan,310.80
02-Mar-25 8:05:25 AM AEST,25.9,nan,nan,nan,nan,nan,nan,nan,nan,nan,nan,nan
02-Mar-25 8:06:00 AM AEST,nan,92.8,nan,nan,nan,nan,nan,nan,nan,nan,nan,313.30
02-Mar-25 8:06:30 AM AEST,26.0,nan,nan,nan,nan,nan,nan,nan,nan,nan,nan,nan
02-Mar-25 8:07:00 AM AEST,nan,92.0,nan,nan,nan,nan,nan,nan,nan,nan,nan,316.60
02-Mar-25 8:07:35 AM AEST,26.1,nan,nan,nan,nan,nan,nan,nan,nan,nan,nan,nan
02-Mar-25 8:07:35 AM AEST,26.3,nan,nan,nan,nan,nan,nan,nan,nan,nan,nan,nan
02-Mar-25 8:08:00 AM AEST,nan,91.2,24.7,nan,nan,nan,nan,nan,nan,nan,nan,320.80
02-Mar-25 8:08:40 AM AEST,26.2,nan,nan,nan,nan,nan,nan,nan,nan,nan,nan,nan
02-Mar-25 8:09:00 AM AEST,nan,90.3,nan,nan,nan,nan,nan,0.01,1.20,0.10,90.00,324.20
02-Mar-25 8:09:45 AM AEST,26.3,nan,nan,nan,nan,nan,nan,nan,nan,nan,nan,nan
02-Mar-25 8:10:00 AM AEST,nan,90.0,24.5,nan,nan,nan,nan,nan,nan,nan,nan,327.40
02-Mar-25 8:10:50 AM AEST,26.4,nan,nan,nan,nan,nan,nan,nan,nan,nan,nan,nan
02-Mar-25 8:11:00 AM AEST,nan,89.2,24.6,nan,nan,nan,nan,0.00,0.00,0.00,0.00,330.80
02-Mar-25 8:11:55 AM AEST,26.6,nan,nan,nan,nan,nan,nan,nan,nan,nan,nan,nan
02-Mar-25 8:12:00 AM AEST,nan,89.0,24.4,nan,nan,nan,nan,nan,nan,nan,nan,334.90
02-Mar-25 8:13:00 AM AEST,26.7,nan,24.6,nan,nan,nan,nan,nan,nan,nan,nan,339.20
02-Mar-25 8:14:00 AM AEST,nan,88.7,24.8,nan,nan,nan,nan,nan,nan,nan,nan,342.40
02-Mar-25 8:14:05 AM AEST,26.9,nan,nan,nan,nan,nan,nan,nan,nan,nan,nan,nan
02-Mar-25 8:15:00 AM AEST,nan,88.3,nan,nan,nan,nan,nan,nan,nan,nan,nan,346.70
02-Mar-25 8:15:10 AM AEST,27.1,nan,nan,nan,nan,nan,nan,nan,nan,nan,nan,nan
02-Mar-25 8:16:00 AM AEST,nan,87.0,25.0,nan,nan,nan,nan,nan,nan,nan,nan,350.00
02-Mar-25 8:16:15 AM AEST,27.2,nan,nan,nan,nan,nan,nan,nan,nan,nan,nan,nan
02-Mar-25 8:17:00 AM AEST,nan,85.7,24.8,nan,nan,nan,nan,nan,nan,nan,nan,354.10
02-Mar-25 8:17:20 AM AEST,27.3,nan,nan,nan,nan,nan,nan,nan,nan,nan,nan,nan
02-Mar-25 8:18:00 AM AEST,nan,84.7,24.7,nan,nan,nan,nan,nan,nan,nan,nan,357.50
02-Mar-25 8:18:25 AM AEST,27.4,nan,nan,nan,nan,nan,nan,nan,nan,nan,nan,nan
02-Mar-25 8:19:00 AM AEST,nan,84.5,24.6,nan,nan,nan,nan,nan,nan,nan,nan,361.60
02-Mar-25 8:19:30 AM AEST,27.6,nan,nan,nan,nan,nan,nan,nan,nan,nan,nan,nan
02-Mar-25 8:19:30 AM AEST,27.7,nan,nan,nan,nan,nan,nan,nan,nan,nan,nan,nan
02-Mar-25 8:20:00 AM AEST,nan,83.2,24.7,nan,nan,nan,nan,nan,nan,nan,nan,365.00
02-Mar-25 8:20:35 AM AEST,27.8,nan,nan,nan,nan,nan,nan,nan,nan,nan,nan,nan
02-Mar-25 8:21:00 AM AEST,nan,81.5,24.6,nan,nan,nan,nan,nan,nan,nan,nan,369.20
02-Mar-25 8:21:40 AM AEST,28.0,nan,nan,nan,nan,nan,nan,nan,nan,nan,nan,nan
02-Mar-25 8:22:00 AM AEST,nan,80.3,24.4,nan,nan,nan,nan,nan,nan,nan,nan,372.40
02-Mar-25 8:22:45 AM AEST,28.1,nan,nan,nan,nan,nan,nan,nan,nan,nan,nan,nan
02-Mar-25 8:23:00 AM AEST,nan,79.5,24.3,nan,nan,nan,nan,nan,nan,nan,nan,376.60
02-Mar-25 8:23:50 AM AEST,28.2,nan,nan,nan,nan,nan,nan,nan,nan,nan,nan,nan
02-Mar-25 8:24:00 AM AEST,nan,79.2,24.2,nan,nan,nan,90.90,0.09,2.40,0.90,90.90,380.00
02-Mar-25 8:25:00 AM AEST,nan,78.2,nan,nan,nan,nan,96.60,0.22,3.50,2.20,97.10,384.20
02-Mar-25 8:26:00 AM AEST,28.0,77.2,24.0,nan,nan,nan,101.00,0.25,nan,2.50,100.90,388.30
02-Mar-25 8:27:00 AM AEST,nan,76.0,23.6,nan,nan,nan,nan,0.23,nan,2.30,nan,392.50
02-Mar-25 8:28:00 AM AEST,27.9,nan,23.3,nan,nan,nan,nan,0.14,2.40,1.40,101.00,396.70
02-Mar-25 8:29:00 AM AEST,nan,nan,nan,nan,nan,nan,101.10,0.15,nan,1.50,101.10,400.80
02-Mar-25 8:29:05 AM AEST,28.0,nan,nan,nan,nan,nan,nan,nan,nan,nan,nan,nan
02-Mar-25 8:30:00 AM AEST,nan,75.7,23.4,nan,nan,nan,101.00,0.10,nan,1.00,101.00,405.00
02-Mar-25 8:30:10 AM AEST,28.1,nan,nan,nan,nan,nan,nan,nan,nan,nan,nan,nan
02-Mar-25 8:31:00 AM AEST,nan,75.8,nan,nan,nan,nan,nan,0.05,nan,0.50,100.90,409.10
02-Mar-25 8:31:15 AM AEST,28.2,nan,nan,nan,nan,nan,nan,nan,nan,nan,nan,nan
02-Mar-25 8:32:00 AM AEST,nan,76.3,23.6,nan,nan,nan,119.20,0.18,3.50,1.80,117.80,413.30
02-Mar-25 8:33:00 AM AEST,28.4,75.3,23.7,nan,nan,nan,126.50,0.01,1.20,0.10,124.70,417.50
02-Mar-25 8:34:00 AM AEST,nan,75.8,23.6,nan,nan,nan,126.60,nan,nan,nan,126.20,421.60
02-Mar-25 8:34:05 AM AEST,28.5,nan,nan,nan,nan,nan,nan,nan,nan,nan,nan,nan
02-Mar-25 8:35:00 AM AEST,nan,75.5,23.8,nan,nan,nan,126.50,0.00,0.00,0.00,0.00,425.80
02-Mar-25 8:35:10 AM AEST,28.7,nan,nan,nan,nan,nan,nan,nan,nan,nan,nan,nan
02-Mar-25 8:36:00 AM AEST,nan,75.3,23.9,nan,nan,nan,nan,0.04,1.20,0.40,126.60,429.10
02-Mar-25 8:36:15 AM AEST,28.8,nan,nan,nan,nan,nan,nan,nan,nan,nan,nan,nan
02-Mar-25 8:37:00 AM AEST,nan,74.2,24.0,nan,nan,nan,126.60,0.08,2.40,0.80,126.70,434.20
02-Mar-25 8:38:00 AM AEST,29.0,73.5,23.8,nan,nan,nan,126.50,0.00,0.00,0.00,0.00,436.70
02-Mar-25 8:39:00 AM AEST,nan,72.2,23.7,nan,nan,nan,nan,0.01,1.20,0.10,126.20,440.80
02-Mar-25 8:40:00 AM AEST,29.1,72.3,23.4,nan,nan,nan,126.60,0.00,0.00,0.00,0.00,444.20
02-Mar-25 8:41:00 AM AEST,nan,72.0,23.6,nan,nan,nan,126.50,0.10,3.50,1.00,126.50,446.60
02-Mar-25 8:41:05 AM AEST,29.2,nan,nan,nan,nan,nan,nan,nan,nan,nan,nan,nan
02-Mar-25 8:42:00 AM AEST,nan,70.7,23.7,nan,nan,nan,127.10,0.14,nan,1.40,127.00,448.30
02-Mar-25 8:42:10 AM AEST,29.1,nan,nan,nan,nan,nan,nan,nan,nan,nan,nan,nan
02-Mar-25 8:43:00 AM AEST,nan,71.3,23.2,nan,nan,nan,127.30,0.00,0.00,0.00,0.00,452.50
02-Mar-25 8:43:15 AM AEST,29.3,nan,nan,nan,nan,nan,nan,nan,nan,nan,nan,nan
02-Mar-25 8:44:00 AM AEST,nan,71.5,23.5,nan,nan,nan,nan,0.08,2.40,0.80,127.30,456.60
02-Mar-25 8:45:00 AM AEST,nan,71.0,23.6,nan,nan,nan,nan,0.02,1.20,0.20,127.60,460.00
02-Mar-25 8:46:00 AM AEST,29.4,70.7,23.5,nan,nan,nan,127.70,0.09,2.40,0.90,128.40,463.30
02-Mar-25 8:47:00 AM AEST,nan,70.0,nan,nan,nan,nan,196.00,0.17,3.50,1.60,190.20,468.30
02-Mar-25 8:47:05 AM AEST,29.5,nan,nan,nan,nan,nan,nan,nan,nan,nan,nan,nan
02-Mar-25 8:48:00 AM AEST,nan,70.3,nan,nan,nan,nan,204.20,0.02,2.40,0.20,204.20,470.80
02-Mar-25 8:48:10 AM AEST,29.6,nan,nan,nan,nan,nan,nan,nan,nan,nan,nan,nan
02-Mar-25 8:49:00 AM AEST,nan,68.8,23.6,nan,nan,nan,204.00,0.16,nan,1.60,204.00,475.00
02-Mar-25 8:50:00 AM AEST,29.7,68.3,23.3,nan,nan,nan,204.20,0.11,nan,1.10,204.10,478.30
02-Mar-25 8:51:00 AM AEST,nan,68.7,nan,nan,nan,nan,204.10,0.01,1.20,0.10,201.80,481.60
02-Mar-25 8:51:05 AM AEST,29.9,nan,nan,nan,nan,nan,nan,nan,nan,nan,nan,nan
02-Mar-25 8:52:00 AM AEST,nan,67.8,23.5,nan,nan,nan,nan,nan,nan,nan,nan,484.20
02-Mar-25 8:52:10 AM AEST,30.0,nan,nan,nan,nan,nan,nan,nan,nan,nan,nan,nan
02-Mar-25 8:53:00 AM AEST,nan,68.0,23.4,nan,nan,nan,nan,0.00,0.00,0.00,0.00,488.30
02-Mar-25 8:53:15 AM AEST,30.1,nan,nan,nan,nan,nan,nan,nan,nan,nan,nan,nan
02-Mar-25 8:54:00 AM AEST,nan,67.8,23.5,nan,nan,nan,204.00,nan,nan,nan,nan,490.00
02-Mar-25 8:54:20 AM AEST,30.3,nan,nan,nan,nan,nan,nan,nan,nan,nan,nan,nan
02-Mar-25 8:54:20 AM AEST,30.4,nan,nan,nan,nan,nan,nan,nan,nan,nan,nan,nan
02-Mar-25 8:55:00 AM AEST,nan,67.3,23.7,nan,nan,nan,204.10,0.01,1.20,0.10,203.40,495.00
02-Mar-25 8:55:25 AM AEST,30.6,nan,nan,nan,nan,nan,nan,nan,nan,nan,nan,nan
02-Mar-25 8:56:00 AM AEST,nan,67.0,nan,nan,nan,nan,nan,0.12,2.40,1.20,204.00,498.30
02-Mar-25 8:56:30 AM AEST,30.7,nan,nan,nan,nan,nan,nan,nan,nan,nan,nan,nan
02-Mar-25 8:57:00 AM AEST,nan,66.0,nan,nan,nan,nan,nan,0.01,1.20,0.10,201.80,501.70
02-Mar-25 8:57:35 AM AEST,30.8,nan,nan,nan,nan,nan,nan,nan,nan,nan,nan,nan
02-Mar-25 8:58:00 AM AEST,nan,66.7,23.6,nan,nan,nan,204.00,nan,nan,nan,nan,504.90
02-Mar-25 8:58:40 AM AEST,30.9,nan,nan,nan,nan,nan,nan,nan,nan,nan,nan,nan
02-Mar-25 8:59:00 AM AEST,nan,66.5,23.8,nan,nan,nan,nan,0.02,nan,0.20,204.20,508.30
02-Mar-25 9:00:00 AM AEST,30.8,65.2,23.9,nan,nan,nan,204.10,nan,nan,nan,nan,510.80
02-Mar-25 9:00:03 AM AEST,nan,nan,nan,nan,nan,0.46,nan,nan,nan,nan,nan,nan
02-Mar-25 9:01:00 AM AEST,nan,65.7,23.5,nan,nan,nan,nan,0.00,0.00,0.00,0.00,514.10
02-Mar-25 9:01:05 AM AEST,31.0,nan,nan,nan,nan,nan,nan,nan,nan,nan,nan,nan
02-Mar-25 9:02:00 AM AEST,nan,65.3,23.8,nan,nan,nan,nan,0.10,2.40,1.00,204.00,517.50
02-Mar-25 9:02:10 AM AEST,31.1,nan,nan,nan,nan,nan,nan,nan,nan,nan,nan,nan
02-Mar-25 9:03:00 AM AEST,nan,65.2,23.9,nan,nan,nan,nan,0.02,nan,0.20,nan,520.80
02-Mar-25 9:03:15 AM AEST,31.3,nan,nan,nan,nan,nan,nan,nan,nan,nan,nan,nan
02-Mar-25 9:04:00 AM AEST,nan,64.0,24.0,nan,nan,nan,208.30,0.28,3.50,2.70,209.40,523.30
02-Mar-25 9:05:00 AM AEST,nan,63.8,23.7,nan,nan,nan,239.10,0.22,nan,2.20,239.00,526.70
02-Mar-25 9:06:00 AM AEST,nan,63.3,23.6,nan,nan,nan,248.40,0.11,nan,1.10,247.20,529.10
02-Mar-25 9:07:00 AM AEST,31.4,62.3,23.5,nan,nan,nan,252.20,0.02,2.40,0.20,252.40,533.30
02-Mar-25 9:08:00 AM AEST,nan,63.8,23.3,nan,nan,nan,258.20,0.14,4.70,1.30,269.50,537.40
02-Mar-25 9:08:05 AM AEST,31.5,nan,nan,nan,nan,nan,nan,nan,nan,nan,nan,nan
02-Mar-25 9:09:00 AM AEST,nan,65.7,23.8,nan,nan,nan,311.60,0.30,nan,3.00,311.50,540.00
02-Mar-25 9:10:00 AM AEST,31.4,62.8,24.3,nan,nan,nan,233.00,0.25,3.50,2.20,225.60,544.20
02-Mar-25 9:11:00 AM AEST,nan,61.5,23.5,nan,nan,nan,215.30,0.34,4.70,3.40,215.30,546.60
02-Mar-25 9:11:05 AM AEST,31.3,nan,nan,nan,nan,nan,nan,nan,nan,nan,nan,nan
02-Mar-25 9:12:00 AM AEST,nan,59.8,23.0,nan,nan,nan,nan,0.31,5.90,3.10,215.20,549.20
02-Mar-25 9:13:00 AM AEST,nan,59.7,22.5,nan,nan,nan,215.20,0.07,2.40,0.70,nan,552.40
02-Mar-25 9:14:00 AM AEST,nan,60.3,nan,nan,nan,nan,215.30,0.01,1.20,0.10,214.70,556.70
02-Mar-25 9:15:00 AM AEST,31.4,61.2,22.7,nan,nan,nan,nan,0.07,3.50,0.60,215.60,558.30
02-Mar-25 9:16:00 AM AEST,nan,59.5,23.0,nan,nan,nan,nan,nan,2.40,0.70,215.20,562.40
02-Mar-25 9:16:05 AM AEST,31.5,nan,nan,nan,nan,nan,nan,nan,nan,nan,nan,nan
02-Mar-25 9:17:00 AM AEST,nan,59.2,22.6,nan,nan,nan,nan,0.01,1.20,0.10,214.70,564.20
02-Mar-25 9:17:10 AM AEST,31.6,nan,nan,nan,nan,nan,nan,nan,nan,nan,nan,nan
02-Mar-25 9:18:00 AM AEST,nan,58.7,nan,nan,nan,nan,nan,nan,nan,nan,nan,567.40
02-Mar-25 9:18:15 AM AEST,31.7,nan,nan,nan,nan,nan,nan,nan,nan,nan,nan,nan
02-Mar-25 9:19:00 AM AEST,nan,60.3,nan,nan,nan,nan,nan,nan,nan,nan,nan,570.00
02-Mar-25 9:19:20 AM AEST,31.8,nan,nan,nan,nan,nan,nan,nan,nan,nan,nan,nan
02-Mar-25 9:20:00 AM AEST,nan,60.5,23.2,nan,nan,nan,nan,0.03,nan,0.30,215.60,573.30
02-Mar-25 9:20:25 AM AEST,32.0,nan,nan,nan,nan,nan,nan,nan,nan,nan,nan,nan
02-Mar-25 9:21:00 AM AEST,nan,60.0,23.4,nan,nan,nan,215.40,0.04,2.40,0.40,215.20,576.60
02-Mar-25 9:21:30 AM AEST,32.1,nan,nan,nan,nan,nan,nan,nan,nan,nan,nan,nan
02-Mar-25 9:22:00 AM AEST,nan,59.3,nan,nan,nan,nan,215.30,0.01,1.20,0.10,214.70,579.20
02-Mar-25 9:22:35 AM AEST,32.2,nan,nan,nan,nan,nan,nan,nan,nan,nan,nan,nan
02-Mar-25 9:22:35 AM AEST,32.3,nan,nan,nan,nan,nan,nan,nan,nan,nan,nan,nan
02-Mar-25 9:23:00 AM AEST,nan,nan,23.2,nan,nan,nan,215.40,0.02,nan,0.20,215.10,582.40
02-Mar-25 9:23:40 AM AEST,32.4,nan,nan,nan,nan,nan,nan,nan,nan,nan,nan,nan
02-Mar-25 9:24:00 AM AEST,nan,58.3,23.3,nan,nan,nan,215.50,0.08,3.50,0.80,215.50,585.80
02-Mar-25 9:25:00 AM AEST,nan,58.5,23.1,nan,nan,nan,237.40,0.12,4.70,1.10,303.30,588.30
02-Mar-25 9:26:00 AM AEST,nan,60.0,23.2,nan,nan,nan,315.80,0.22,nan,2.20,315.70,591.60
02-Mar-25 9:27:00 AM AEST,32.5,61.2,23.7,nan,nan,nan,315.50,0.19,3.50,2.00,315.50,594.20
02-Mar-25 9:28:00 AM AEST,nan,59.5,24.1,nan,nan,nan,315.10,0.12,2.40,1.20,315.10,597.50
02-Mar-25 9:29:00 AM AEST,32.6,58.7,23.6,nan,nan,nan,nan,0.22,4.70,2.20,nan,599.90
02-Mar-25 9:30:00 AM AEST,nan,59.3,23.4,nan,nan,nan,314.30,0.43,5.90,4.30,314.30,604.20
02-Mar-25 9:30:05 AM AEST,32.5,nan,nan,nan,nan,nan,nan,nan,nan,nan,nan,nan
02-Mar-25 9:31:00 AM AEST,nan,62.0,23.5,nan,nan,nan,314.50,0.31,4.70,3.10,314.50,605.80
02-Mar-25 9:32:00 AM AEST,32.4,60.8,24.2,nan,nan,nan,303.80,0.43,5.90,4.20,303.50,609.20
02-Mar-25 9:33:00 AM AEST,nan,56.3,23.9,nan,nan,nan,286.80,0.12,3.50,1.20,286.60,611.70
02-Mar-25 9:34:00 AM AEST,32.5,54.8,22.6,nan,nan,nan,286.00,0.14,nan,1.40,285.10,615.80
02-Mar-25 9:35:00 AM AEST,nan,52.7,22.3,nan,nan,nan,279.40,0.23,nan,2.30,279.30,617.50
02-Mar-25 9:35:05 AM AEST,32.6,nan,nan,nan,nan,nan,nan,nan,nan,nan,nan,nan
02-Mar-25 9:36:00 AM AEST,nan,54.2,21.6,nan,nan,nan,279.30,0.01,1.20,0.10,277.10,621.60
02-Mar-25 9:36:10 AM AEST,32.7,nan,nan,nan,nan,nan,nan,nan,nan,nan,nan,nan
02-Mar-25 9:37:00 AM AEST,nan,54.3,22.2,nan,nan,nan,279.40,0.07,2.40,0.60,279.10,623.30
02-Mar-25 9:37:15 AM AEST,32.8,nan,nan,nan,nan,nan,nan,nan,nan,nan,nan,nan
02-Mar-25 9:38:00 AM AEST,nan,55.7,22.3,nan,nan,nan,nan,0.00,0.00,0.00,0.00,626.70
02-Mar-25 9:38:20 AM AEST,32.9,nan,nan,nan,nan,nan,nan,nan,nan,nan,nan,nan
02-Mar-25 9:39:00 AM AEST,nan,56.0,22.7,nan,nan,nan,279.10,0.08,2.40,0.80,278.90,629.90
02-Mar-25 9:40:00 AM AEST,nan,56.2,22.9,nan,nan,nan,254.30,0.16,3.50,1.50,249.20,632.50
02-Mar-25 9:41:00 AM AEST,32.8,53.3,23.0,nan,nan,nan,219.00,0.28,nan,2.80,216.50,636.60
02-Mar-25 9:42:00 AM AEST,nan,52.8,22.0,nan,nan,nan,211.80,0.24,nan,2.40,211.80,638.30
02-Mar-25 9:42:05 AM AEST,32.7,nan,nan,nan,nan,nan,nan,nan,nan,nan,nan,nan
02-Mar-25 9:43:00 AM AEST,nan,53.7,21.8,nan,nan,nan,nan,0.15,2.40,1.50,nan,640.80
02-Mar-25 9:43:10 AM AEST,32.8,nan,nan,nan,nan,nan,nan,nan,nan,nan,nan,nan
02-Mar-25 9:44:00 AM AEST,nan,55.0,22.2,nan,nan,nan,211.90,0.12,nan,1.20,211.70,644.90
02-Mar-25 9:44:15 AM AEST,32.9,nan,nan,nan,nan,nan,nan,nan,nan,nan,nan,nan
02-Mar-25 9:45:00 AM AEST,nan,55.3,22.6,nan,nan,nan,211.80,0.01,1.20,0.10,211.30,647.50
02-Mar-25 9:45:20 AM AEST,33.0,nan,nan,nan,nan,nan,nan,nan,nan,nan,nan,nan
02-Mar-25 9:46:00 AM AEST,nan,54.2,22.8,nan,nan,nan,nan,0.14,3.50,1.40,211.70,649.10
02-Mar-25 9:46:25 AM AEST,33.2,nan,nan,nan,nan,nan,nan,nan,nan,nan,nan,nan
02-Mar-25 9:47:00 AM AEST,nan,51.7,22.6,nan,nan,nan,211.90,0.28,4.70,2.80,211.90,651.70
02-Mar-25 9:47:30 AM AEST,33.1,nan,nan,nan,nan,nan,nan,nan,nan,nan,nan,nan
02-Mar-25 9:48:00 AM AEST,nan,53.0,21.8,nan,nan,nan,212.70,0.16,3.50,1.60,212.90,655.00
02-Mar-25 9:48:35 AM AEST,33.2,nan,nan,nan,nan,nan,nan,nan,nan,nan,nan,nan
02-Mar-25 9:49:00 AM AEST,nan,53.5,22.3,nan,nan,nan,213.00,0.12,nan,1.20,213.10,659.90
02-Mar-25 9:50:00 AM AEST,nan,52.3,22.4,nan,nan,nan,212.60,0.15,4.70,1.50,212.10,660.00
02-Mar-25 9:51:00 AM AEST,33.1,52.2,22.1,nan,nan,nan,207.90,0.16,3.50,1.60,207.90,663.30
02-Mar-25 9:52:00 AM AEST,nan,52.8,22.0,nan,nan,nan,208.70,0.31,4.70,3.10,208.70,666.70
02-Mar-25 9:52:05 AM AEST,33.2,nan,nan,nan,nan,nan,nan,nan,nan,nan,nan,nan
02-Mar-25 9:53:00 AM AEST,nan,52.5,22.2,nan,nan,nan,209.00,0.10,2.40,1.00,209.20,nan
02-Mar-25 9:53:10 AM AEST,33.3,nan,nan,nan,nan,nan,nan,nan,nan,nan,nan,nan
02-Mar-25 9:54:00 AM AEST,nan,50.5,nan,nan,nan,nan,nan,0.14,3.50,1.40,208.90,670.80
02-Mar-25 9:55:00 AM AEST,33.4,51.3,21.6,nan,nan,nan,nan,0.15,nan,1.50,nan,673.30
02-Mar-25 9:56:00 AM AEST,nan,50.7,21.9,nan,nan,nan,nan,0.18,nan,1.80,nan,675.00
02-Mar-25 9:56:05 AM AEST,33.5,nan,nan,nan,nan,nan,nan,nan,nan,nan,nan,nan
02-Mar-25 9:57:00 AM AEST,nan,49.8,21.8,nan,nan,nan,208.90,nan,4.70,nan,208.80,679.10
02-Mar-25 9:58:00 AM AEST,33.3,48.7,21.5,nan,nan,nan,209.50,0.47,5.90,4.60,207.10,680.80
02-Mar-25 9:59:00 AM AEST,nan,49.7,21.0,nan,nan,nan,224.70,0.37,nan,3.70,224.50,nan
02-Mar-25 9:59:05 AM AEST,33.2,nan,nan,nan,nan,nan,nan,nan,nan,nan,nan,nan
02-Mar-25 10:00:00 AM AEST,nan,51.2,21.2,nan,nan,nan,302.70,0.50,7.10,4.60,305.80,683.30
02-Mar-25 10:00:04 AM AEST,nan,nan,nan,nan,nan,0.59,nan,nan,nan,nan,nan,nan
02-Mar-25 10:01:00 AM AEST,nan,49.8,21.7,nan,nan,nan,332.20,0.06,3.50,0.60,332.30,684.20
02-Mar-25 10:02:00 AM AEST,33.3,50.8,21.3,nan,nan,nan,332.10,0.24,nan,2.40,332.00,688.30
02-Mar-25 10:03:00 AM AEST,nan,48.7,21.8,nan,nan,nan,333.40,0.15,nan,1.50,334.40,691.70
02-Mar-25 10:03:05 AM AEST,33.5,nan,nan,nan,nan,nan,nan,nan,nan,nan,nan,nan
02-Mar-25 10:04:00 AM AEST,nan,49.0,21.2,nan,nan,nan,334.50,0.19,nan,1.90,334.50,694.90
02-Mar-25 10:04:10 AM AEST,33.3,nan,nan,nan,nan,nan,nan,nan,nan,nan,nan,nan
02-Mar-25 10:05:00 AM AEST,nan,49.3,nan,nan,nan,nan,353.80,0.26,5.90,2.50,7.50,696.70
02-Mar-25 10:06:00 AM AEST,33.4,49.5,21.3,nan,nan,nan,21.30,0.15,4.70,1.50,21.30,700.00
02-Mar-25 10:07:00 AM AEST,nan,51.8,21.4,nan,nan,nan,6.60,0.21,nan,1.80,355.60,702.40
02-Mar-25 10:07:05 AM AEST,33.6,nan,nan,nan,nan,nan,nan,nan,nan,nan,nan,nan
02-Mar-25 10:08:00 AM AEST,nan,53.3,22.3,nan,nan,nan,356.70,0.37,5.90,3.70,356.80,705.80
02-Mar-25 10:08:10 AM AEST,33.7,nan,nan,nan,nan,nan,nan,nan,nan,nan,nan,nan
02-Mar-25 10:09:00 AM AEST,nan,50.5,22.9,nan,nan,nan,356.00,0.11,2.40,1.10,356.00,630.80
02-Mar-25 10:09:15 AM AEST,33.8,nan,nan,nan,nan,nan,nan,nan,nan,nan,nan,nan
02-Mar-25 10:10:00 AM AEST,nan,48.8,22.0,nan,nan,nan,nan,0.14,3.50,1.40,356.10,710.80
02-Mar-25 10:10:20 AM AEST,33.9,nan,nan,nan,nan,nan,nan,nan,nan,nan,nan,nan
02-Mar-25 10:11:00 AM AEST,nan,49.3,21.6,nan,nan,nan,350.90,nan,5.90,1.20,339.00,714.20
02-Mar-25 10:12:00 AM AEST,nan,49.0,21.8,nan,nan,nan,288.00,0.29,nan,2.90,284.80,715.70
02-Mar-25 10:13:00 AM AEST,33.8,49.3,21.7,nan,nan,nan,283.30,0.27,4.70,2.60,287.00,718.30
02-Mar-25 10:14:00 AM AEST,nan,50.2,nan,nan,nan,nan,275.30,0.19,nan,1.90,272.90,719.90
02-Mar-25 10:14:05 AM AEST,33.9,nan,nan,nan,nan,nan,nan,nan,nan,nan,nan,nan
02-Mar-25 10:15:00 AM AEST,nan,47.3,22.1,nan,nan,nan,250.70,0.27,3.50,2.70,250.80,722.50
02-Mar-25 10:16:00 AM AEST,nan,nan,21.1,nan,nan,nan,nan,0.14,nan,1.40,nan,725.00
02-Mar-25 10:17:00 AM AEST,nan,48.0,nan,nan,nan,nan,246.80,0.19,nan,1.90,246.40,727.40
02-Mar-25 10:18:00 AM AEST,nan,49.3,21.3,nan,nan,nan,317.20,0.47,7.10,4.40,327.20,730.80
02-Mar-25 10:19:00 AM AEST,nan,48.5,21.8,nan,nan,nan,334.00,0.18,3.50,1.80,333.90,731.70
02-Mar-25 10:20:00 AM AEST,34.1,47.2,21.5,nan,nan,nan,333.60,0.17,2.40,1.70,333.60,734.10
02-Mar-25 10:21:00 AM AEST,nan,45.0,21.2,nan,nan,nan,271.30,0.35,7.10,3.20,268.80,736.70
02-Mar-25 10:22:00 AM AEST,nan,46.2,20.5,nan,nan,nan,263.30,0.25,4.70,2.50,265.20,737.40
02-Mar-25 10:23:00 AM AEST,34.0,45.7,20.9,nan,nan,nan,270.90,0.48,7.10,4.80,270.80,740.00
02-Mar-25 10:24:00 AM AEST,nan,44.8,20.6,nan,nan,nan,270.60,0.34,5.90,3.40,270.50,741.70
02-Mar-25 10:25:00 AM AEST,nan,47.5,20.3,nan,nan,nan,319.20,0.40,nan,3.50,318.90,744.10
02-Mar-25 10:26:00 AM AEST,nan,46.7,21.3,nan,nan,nan,293.20,0.34,nan,3.20,297.10,746.70
02-Mar-25 10:27:00 AM AEST,nan,46.2,20.9,nan,nan,nan,318.70,0.21,4.70,2.10,318.80,748.20
02-Mar-25 10:28:00 AM AEST,34.2,45.8,20.8,nan,nan,nan,286.20,0.19,3.50,1.60,279.30,750.80
02-Mar-25 10:29:00 AM AEST,nan,45.5,nan,nan,nan,nan,244.40,0.08,2.40,0.80,244.50,752.50
02-Mar-25 10:30:00 AM AEST,34.4,47.2,nan,nan,nan,nan,244.30,0.01,1.20,0.10,243.40,754.10
02-Mar-25 10:31:00 AM AEST,nan,47.7,21.5,nan,nan,nan,244.50,0.12,3.50,1.20,244.50,756.70
02-Mar-25 10:31:05 AM AEST,34.5,nan,nan,nan,nan,nan,nan,nan,nan,nan,nan,nan
02-Mar-25 10:32:00 AM AEST,nan,45.8,21.7,nan,nan,nan,262.60,0.38,5.90,3.60,271.00,758.20
02-Mar-25 10:32:10 AM AEST,34.4,nan,nan,nan,nan,nan,nan,nan,nan,nan,nan,nan
02-Mar-25 10:33:00 AM AEST,nan,46.0,21.1,nan,nan,nan,318.10,0.36,4.70,2.50,316.70,760.80
02-Mar-25 10:33:15 AM AEST,34.3,nan,nan,nan,nan,nan,nan,nan,nan,nan,nan,nan
02-Mar-25 10:34:00 AM AEST,nan,47.2,21.0,nan,nan,nan,40.00,0.28,nan,2.60,43.00,763.30
02-Mar-25 10:35:00 AM AEST,34.2,46.0,21.4,nan,nan,nan,50.80,0.47,7.10,4.60,50.40,764.90
02-Mar-25 10:36:00 AM AEST,nan,46.7,20.9,nan,nan,nan,32.10,0.38,8.30,2.60,13.50,766.70
02-Mar-25 10:36:05 AM AEST,34.1,nan,nan,nan,nan,nan,nan,nan,nan,nan,nan,nan
02-Mar-25 10:37:00 AM AEST,nan,45.8,21.0,nan,nan,nan,4.20,0.44,nan,3.90,6.50,768.30
02-Mar-25 10:38:00 AM AEST,33.9,44.3,20.7,nan,nan,nan,59.20,0.76,10.60,7.50,59.80,770.70
02-Mar-25 10:39:00 AM AEST,nan,44.5,20.0,nan,nan,nan,49.40,0.56,7.10,5.30,49.60,771.70
02-Mar-25 10:39:05 AM AEST,33.6,nan,nan,nan,nan,nan,nan,nan,nan,nan,nan,nan
02-Mar-25 10:40:00 AM AEST,nan,45.3,19.8,nan,nan,nan,45.90,0.17,3.50,1.70,45.80,774.90
02-Mar-25 10:40:10 AM AEST,33.7,nan,nan,nan,nan,nan,nan,nan,nan,nan,nan,nan
02-Mar-25 10:41:00 AM AEST,nan,47.8,20.2,nan,nan,nan,22.60,0.30,5.90,2.10,10.80,776.70
02-Mar-25 10:42:00 AM AEST,33.8,45.5,21.1,nan,nan,nan,289.50,0.28,4.70,2.80,290.40,780.00
02-Mar-25 10:43:00 AM AEST,nan,45.3,20.4,nan,nan,nan,277.40,0.22,3.50,2.20,274.10,783.20
02-Mar-25 10:43:05 AM AEST,33.9,nan,nan,nan,nan,nan,nan,nan,nan,nan,nan,nan
02-Mar-25 10:44:00 AM AEST,nan,45.2,nan,nan,nan,nan,233.60,nan,4.70,nan,217.60,784.20
02-Mar-25 10:44:10 AM AEST,34.0,nan,nan,nan,nan,nan,nan,nan,nan,nan,nan,nan
02-Mar-25 10:45:00 AM AEST,nan,44.5,nan,nan,nan,nan,190.60,0.31,nan,3.10,190.60,785.70
02-Mar-25 10:45:15 AM AEST,33.9,nan,nan,nan,nan,nan,nan,nan,nan,nan,nan,nan
02-Mar-25 10:46:00 AM AEST,nan,46.2,20.1,nan,nan,nan,189.00,0.10,3.50,1.00,189.00,786.70
02-Mar-25 10:47:00 AM AEST,34.1,47.2,20.7,nan,nan,nan,189.10,0.16,4.70,1.60,189.40,787.50
02-Mar-25 10:48:00 AM AEST,nan,45.3,21.2,nan,nan,nan,191.80,0.08,3.50,0.80,191.50,790.70
02-Mar-25 10:48:05 AM AEST,34.2,nan,nan,nan,nan,nan,nan,nan,nan,nan,nan,nan
02-Mar-25 10:49:00 AM AEST,nan,45.0,20.7,nan,nan,nan,245.20,0.15,2.40,1.50,248.00,793.30
02-Mar-25 10:49:10 AM AEST,34.3,nan,nan,nan,nan,nan,nan,nan,nan,nan,nan,nan
02-Mar-25 10:50:00 AM AEST,nan,44.5,nan,nan,nan,nan,249.40,0.12,nan,1.20,249.40,794.90
02-Mar-25 10:50:15 AM AEST,34.4,nan,nan,nan,nan,nan,nan,nan,nan,nan,nan,nan
02-Mar-25 10:51:00 AM AEST,nan,45.2,20.5,nan,nan,nan,nan,0.02,1.20,0.20,249.60,796.70
02-Mar-25 10:52:00 AM AEST,nan,45.7,20.8,nan,nan,nan,322.40,0.49,7.10,4.70,324.50,798.30
02-Mar-25 10:53:00 AM AEST,34.3,45.2,21.0,nan,nan,nan,321.60,0.18,3.50,1.80,321.40,800.70
02-Mar-25 10:54:00 AM AEST,nan,nan,20.7,nan,nan,nan,301.20,0.12,2.40,1.20,303.30,800.80
02-Mar-25 10:54:05 AM AEST,34.4,nan,nan,nan,nan,nan,nan,nan,nan,nan,nan,nan
02-Mar-25 10:55:00 AM AEST,nan,47.2,20.8,nan,nan,nan,295.40,0.03,nan,0.30,295.00,nan
02-Mar-25 10:55:10 AM AEST,34.5,nan,nan,nan,nan,nan,nan,nan,nan,nan,nan,nan
02-Mar-25 10:56:00 AM AEST,nan,45.8,21.6,nan,nan,nan,295.30,0.12,3.50,1.20,295.20,803.20
02-Mar-25 10:56:15 AM AEST,34.6,nan,nan,nan,nan,nan,nan,nan,nan,nan,nan,nan
02-Mar-25 10:57:00 AM AEST,nan,nan,21.2,nan,nan,nan,297.30,0.24,nan,2.40,297.20,805.00
02-Mar-25 10:57:20 AM AEST,34.5,nan,nan,nan,nan,nan,nan,nan,nan,nan,nan,nan
02-Mar-25 10:58:00 AM AEST,nan,nan,nan,nan,nan,nan,355.60,0.21,nan,2.00,358.20,805.70
02-Mar-25 10:59:00 AM AEST,nan,46.3,nan,nan,nan,nan,333.30,0.40,8.30,4.00,332.20,809.20
02-Mar-25 11:00:00 AM AEST,nan,45.8,21.3,nan,nan,nan,258.00,0.28,5.90,2.70,258.20,nan
02-Mar-25 11:00:05 AM AEST,nan,nan,nan,nan,nan,0.67,nan,nan,nan,nan,nan,nan
02-Mar-25 11:01:00 AM AEST,nan,nan,21.1,nan,nan,nan,284.00,nan,nan,2.60,294.20,807.40
02-Mar-25 11:02:00 AM AEST,34.4,45.0,nan,nan,nan,nan,282.10,0.38,7.10,3.40,285.20,811.70
02-Mar-25 11:03:00 AM AEST,nan,45.7,20.7,nan,nan,nan,275.10,0.31,5.90,3.00,274.80,814.90
02-Mar-25 11:04:00 AM AEST,34.5,46.0,20.9,nan,nan,nan,271.50,0.03,1.20,0.30,271.40,816.70
02-Mar-25 11:05:00 AM AEST,nan,48.7,21.2,nan,nan,nan,270.80,0.01,nan,0.10,270.00,nan
02-Mar-25 11:05:05 AM AEST,34.6,nan,nan,nan,nan,nan,nan,nan,nan,nan,nan,nan
02-Mar-25 11:06:00 AM AEST,nan,51.5,22.2,nan,nan,nan,nan,0.00,0.00,0.00,0.00,818.20
02-Mar-25 11:06:10 AM AEST,34.7,nan,nan,nan,nan,nan,nan,nan,nan,nan,nan,nan
02-Mar-25 11:07:00 AM AEST,nan,49.0,23.2,nan,nan,nan,nan,0.05,1.20,0.50,270.40,820.00
02-Mar-25 11:07:15 AM AEST,34.8,nan,nan,nan,nan,nan,nan,nan,nan,nan,nan,nan
02-Mar-25 11:08:00 AM AEST,nan,46.2,22.5,nan,nan,nan,281.20,0.40,7.10,4.00,283.20,821.70
02-Mar-25 11:08:20 AM AEST,34.6,nan,nan,nan,nan,nan,nan,nan,nan,nan,nan,nan
02-Mar-25 11:09:00 AM AEST,nan,45.7,21.5,nan,nan,nan,292.00,0.37,4.70,3.70,291.90,822.40
02-Mar-25 11:10:00 AM AEST,nan,44.5,21.2,nan,nan,nan,294.90,0.08,3.50,0.80,294.70,824.20
02-Mar-25 11:11:00 AM AEST,34.8,45.3,20.7,nan,nan,nan,nan,0.07,4.70,0.60,294.90,825.70
02-Mar-25 11:12:00 AM AEST,nan,46.0,21.2,nan,nan,nan,294.70,0.14,nan,1.40,294.60,828.30
02-Mar-25 11:12:05 AM AEST,34.7,nan,nan,nan,nan,nan,nan,nan,nan,nan,nan,nan
02-Mar-25 11:13:00 AM AEST,nan,nan,21.4,nan,nan,nan,287.90,0.22,5.90,2.20,283.90,nan
02-Mar-25 11:13:10 AM AEST,34.8,nan,nan,nan,nan,nan,nan,nan,nan,nan,nan,nan
02-Mar-25 11:14:00 AM AEST,nan,45.5,nan,nan,nan,nan,274.20,0.12,3.50,1.20,273.80,827.40
02-Mar-25 11:15:00 AM AEST,nan,46.0,21.2,nan,nan,nan,258.60,0.13,nan,1.30,255.70,827.50
02-Mar-25 11:16:00 AM AEST,nan,nan,21.5,nan,nan,nan,7.60,0.24,nan,2.10,13.10,829.90
02-Mar-25 11:17:00 AM AEST,34.7,45.7,nan,nan,nan,nan,324.20,0.62,8.30,5.90,325.00,831.70
02-Mar-25 11:18:00 AM AEST,nan,45.3,21.2,nan,nan,nan,315.80,0.36,5.90,3.60,315.90,834.20
02-Mar-25 11:18:05 AM AEST,34.6,nan,nan,nan,nan,nan,nan,nan,nan,nan,nan,nan
02-Mar-25 11:19:00 AM AEST,nan,46.7,21.0,nan,nan,nan,6.60,0.30,7.10,2.90,12.40,835.70
02-Mar-25 11:20:00 AM AEST,34.7,46.3,21.5,nan,nan,nan,323.20,0.37,8.30,3.50,323.40,837.50
02-Mar-25 11:21:00 AM AEST,nan,45.5,nan,nan,nan,nan,309.90,0.44,7.10,4.10,309.20,839.90
02-Mar-25 11:21:05 AM AEST,34.6,nan,nan,nan,nan,nan,nan,nan,nan,nan,nan,nan
02-Mar-25 11:22:00 AM AEST,nan,44.7,21.1,nan,nan,nan,300.90,0.51,9.50,5.10,299.10,841.70
02-Mar-25 11:22:10 AM AEST,34.5,nan,nan,nan,nan,nan,nan,nan,nan,nan,nan,nan
02-Mar-25 11:23:00 AM AEST,nan,nan,20.7,nan,nan,nan,292.60,0.21,5.90,2.10,294.30,842.50
02-Mar-25 11:24:00 AM AEST,34.6,46.0,nan,nan,nan,nan,287.20,nan,nan,nan,287.30,843.20
02-Mar-25 11:25:00 AM AEST,nan,44.3,21.3,nan,nan,nan,287.40,0.30,4.70,3.00,287.50,844.20
02-Mar-25 11:25:05 AM AEST,34.5,nan,nan,nan,nan,nan,nan,nan,nan,nan,nan,nan
02-Mar-25 11:26:00 AM AEST,nan,44.5,20.6,nan,nan,nan,287.30,0.07,3.50,0.70,287.20,843.30
02-Mar-25 11:26:10 AM AEST,34.6,nan,nan,nan,nan,nan,nan,nan,nan,nan,nan,nan
02-Mar-25 11:27:00 AM AEST,nan,45.5,20.7,nan,nan,nan,nan,0.03,1.20,0.30,287.60,844.90
02-Mar-25 11:27:15 AM AEST,34.8,nan,nan,nan,nan,nan,nan,nan,nan,nan,nan,nan
02-Mar-25 11:28:00 AM AEST,nan,46.2,21.2,nan,nan,nan,287.40,nan,4.70,nan,nan,845.80
02-Mar-25 11:28:20 AM AEST,34.9,nan,nan,nan,nan,nan,nan,nan,nan,nan,nan,nan
02-Mar-25 11:29:00 AM AEST,nan,45.3,21.6,nan,nan,nan,283.30,0.34,5.90,3.40,283.80,846.60
02-Mar-25 11:29:25 AM AEST,35.0,nan,nan,nan,nan,nan,nan,nan,nan,nan,nan,nan
02-Mar-25 11:30:00 AM AEST,nan,45.7,21.4,nan,nan,nan,286.40,0.47,7.10,4.40,289.00,850.00
02-Mar-25 11:30:30 AM AEST,34.8,nan,nan,nan,nan,nan,nan,nan,nan,nan,nan,nan
02-Mar-25 11:30:30 AM AEST,34.7,nan,nan,nan,nan,nan,nan,nan,nan,nan,nan,nan
02-Mar-25 11:31:00 AM AEST,nan,46.0,21.3,nan,nan,nan,311.10,0.19,4.70,1.90,311.30,851.70
02-Mar-25 11:31:35 AM AEST,34.9,nan,nan,nan,nan,nan,nan,nan,nan,nan,nan,nan
02-Mar-25 11:32:00 AM AEST,nan,nan,21.4,nan,nan,nan,310.80,0.01,1.20,0.10,309.80,851.60
02-Mar-25 11:32:40 AM AEST,35.1,nan,nan,nan,nan,nan,nan,nan,nan,nan,nan,nan
02-Mar-25 11:33:00 AM AEST,nan,47.0,21.6,nan,nan,nan,291.20,0.11,3.50,0.50,214.50,852.50
02-Mar-25 11:33:45 AM AEST,35.0,nan,nan,nan,nan,nan,nan,nan,nan,nan,nan,nan
02-Mar-25 11:34:00 AM AEST,nan,46.2,22.1,nan,nan,nan,173.30,0.22,4.70,2.20,169.30,854.10
02-Mar-25 11:34:50 AM AEST,34.9,nan,nan,nan,nan,nan,nan,nan,nan,nan,nan,nan
02-Mar-25 11:35:00 AM AEST,nan,47.0,21.7,nan,nan,nan,247.90,0.10,2.40,0.90,242.00,854.20
02-Mar-25 11:35:55 AM AEST,35.0,nan,nan,nan,nan,nan,nan,nan,nan,nan,nan,nan
02-Mar-25 11:36:00 AM AEST,nan,47.2,21.9,nan,nan,nan,220.50,0.14,4.70,1.30,212.90,853.30
02-Mar-25 11:37:00 AM AEST,34.9,45.2,22.1,nan,nan,nan,211.40,0.64,8.30,6.40,211.70,854.90
02-Mar-25 11:38:00 AM AEST,nan,44.0,21.2,nan,nan,nan,216.20,0.67,11.80,6.70,215.40,855.80
02-Mar-25 11:38:05 AM AEST,34.6,nan,nan,nan,nan,nan,nan,nan,nan,nan,nan,nan
02-Mar-25 11:39:00 AM AEST,nan,46.2,20.6,nan,nan,nan,218.20,0.24,3.50,2.40,218.20,856.70
02-Mar-25 11:40:00 AM AEST,34.8,46.7,21.4,nan,nan,nan,240.60,0.40,9.50,3.70,256.40,855.80
02-Mar-25 11:41:00 AM AEST,nan,47.0,21.7,nan,nan,nan,259.20,0.21,5.90,2.10,259.20,858.30
02-Mar-25 11:42:00 AM AEST,nan,47.3,21.8,nan,nan,nan,272.70,0.33,nan,2.70,290.80,860.70
02-Mar-25 11:43:00 AM AEST,34.9,nan,21.9,nan,nan,nan,239.60,0.14,3.50,1.40,239.50,862.50
02-Mar-25 11:44:00 AM AEST,nan,46.5,22.0,nan,nan,nan,244.90,0.15,nan,1.50,248.80,864.20
02-Mar-25 11:44:05 AM AEST,35.0,nan,nan,nan,nan,nan,nan,nan,nan,nan,nan,nan
02-Mar-25 11:45:00 AM AEST,nan,46.0,21.8,nan,nan,nan,266.20,0.17,nan,1.60,271.20,863.20
02-Mar-25 11:46:00 AM AEST,nan,47.2,21.6,nan,nan,nan,292.00,0.35,5.90,3.30,286.80,854.90
02-Mar-25 11:47:00 AM AEST,34.9,45.8,22.0,nan,nan,nan,230.40,0.49,8.30,4.40,219.60,864.20
02-Mar-25 11:48:00 AM AEST,nan,45.0,21.5,nan,nan,nan,198.30,0.37,5.90,3.70,198.40,862.50
02-Mar-25 11:48:05 AM AEST,34.8,nan,nan,nan,nan,nan,nan,nan,nan,nan,nan,nan
02-Mar-25 11:49:00 AM AEST,nan,45.5,21.1,nan,nan,nan,202.40,0.11,3.50,0.90,214.30,863.30
02-Mar-25 11:50:00 AM AEST,34.9,46.8,21.3,nan,nan,nan,326.50,0.24,4.70,2.30,329.80,863.20
02-Mar-25 11:51:00 AM AEST,nan,nan,21.8,nan,nan,nan,306.80,0.27,5.90,2.70,307.30,865.80
02-Mar-25 11:52:00 AM AEST,35.0,45.8,nan,nan,nan,nan,18.70,0.49,8.30,4.50,13.70,865.70
02-Mar-25 11:53:00 AM AEST,nan,45.5,21.5,nan,nan,nan,304.70,0.59,9.50,4.80,298.20,867.50
02-Mar-25 11:53:05 AM AEST,34.9,nan,nan,nan,nan,nan,nan,nan,nan,nan,nan,nan
02-Mar-25 11:54:00 AM AEST,nan,nan,21.4,nan,nan,nan,326.50,0.48,7.10,3.20,346.90,870.00
02-Mar-25 11:55:00 AM AEST,nan,45.2,21.3,nan,nan,nan,22.20,0.27,4.70,2.00,14.30,871.60
02-Mar-25 11:56:00 AM AEST,34.8,44.5,21.2,nan,nan,nan,280.70,0.63,10.60,6.30,280.30,872.50
02-Mar-25 11:57:00 AM AEST,nan,44.7,20.9,nan,nan,nan,311.00,0.50,9.50,4.80,312.40,874.20
02-Mar-25 11:57:05 AM AEST,34.7,nan,nan,nan,nan,nan,nan,nan,nan,nan,nan,nan
02-Mar-25 11:58:00 AM AEST,nan,45.2,nan,nan,nan,nan,335.10,0.64,10.60,6.40,334.60,876.60
02-Mar-25 11:59:00 AM AEST,nan,45.8,21.0,nan,nan,nan,308.10,0.49,7.10,4.70,306.10,874.20
02-Mar-25 12:00:00 PM AEST,34.9,45.7,21.3,nan,nan,nan,289.60,0.11,3.50,1.10,289.50,874.10
02-Mar-25 12:00:06 PM AEST,nan,nan,nan,nan,nan,0.71,nan,nan,nan,nan,nan,nan
02-Mar-25 12:01:00 PM AEST,nan,47.0,21.4,nan,nan,nan,289.80,0.01,1.20,0.10,288.40,874.20
02-Mar-25 12:01:05 PM AEST,35.1,nan,nan,nan,nan,nan,nan,nan,nan,nan,nan,nan
02-Mar-25 12:02:00 PM AEST,nan,45.0,22.1,nan,nan,nan,217.80,0.37,7.10,3.60,212.80,872.50
02-Mar-25 12:03:00 PM AEST,35.0,45.5,21.4,nan,nan,nan,206.60,0.39,5.90,3.40,199.10,875.70
02-Mar-25 12:04:00 PM AEST,nan,45.8,21.5,nan,nan,nan,325.30,0.76,13.00,7.50,325.60,876.70
02-Mar-25 12:05:00 PM AEST,34.8,44.8,21.6,nan,nan,nan,312.90,0.67,8.30,6.50,313.10,878.20
02-Mar-25 12:06:00 PM AEST,nan,44.3,21.1,nan,nan,nan,308.80,0.49,nan,4.40,313.90,880.00
02-Mar-25 12:07:00 PM AEST,nan,44.7,20.9,nan,nan,nan,272.10,0.47,7.10,4.00,274.40,nan
02-Mar-25 12:08:00 PM AEST,nan,45.3,nan,nan,nan,nan,290.70,0.51,nan,4.60,289.00,877.40
02-Mar-25 12:09:00 PM AEST,34.7,43.7,21.2,nan,nan,nan,262.20,0.30,4.70,3.00,263.50,877.50
02-Mar-25 12:10:00 PM AEST,nan,44.7,20.6,nan,nan,nan,260.00,0.02,1.20,0.20,260.70,877.40
02-Mar-25 12:10:05 PM AEST,34.9,nan,nan,nan,nan,nan,nan,nan,nan,nan,nan,nan
02-Mar-25 12:11:00 PM AEST,nan,46.7,21.1,nan,nan,nan,232.30,0.45,9.50,4.40,230.20,878.30
02-Mar-25 12:11:10 PM AEST,35.0,nan,nan,nan,nan,nan,nan,nan,nan,nan,nan,nan
02-Mar-25 12:12:00 PM AEST,nan,46.3,21.8,nan,nan,nan,246.10,0.47,8.30,4.30,253.20,882.50
02-Mar-25 12:12:15 PM AEST,34.9,nan,nan,nan,nan,nan,nan,nan,nan,nan,nan,nan
02-Mar-25 12:13:00 PM AEST,nan,45.3,21.7,nan,nan,nan,305.00,0.45,7.10,4.10,301.10,883.20
02-Mar-25 12:13:20 PM AEST,34.8,nan,nan,nan,nan,nan,nan,nan,nan,nan,nan,nan
02-Mar-25 12:14:00 PM AEST,nan,44.5,21.2,nan,nan,nan,330.20,0.27,4.70,2.60,330.90,883.30
02-Mar-25 12:14:25 PM AEST,34.9,nan,nan,nan,nan,nan,nan,nan,nan,nan,nan,nan
02-Mar-25 12:15:00 PM AEST,nan,45.5,21.0,nan,nan,nan,332.40,0.02,1.20,0.20,331.90,881.70
02-Mar-25 12:15:30 PM AEST,35.0,nan,nan,nan,nan,nan,nan,nan,nan,nan,nan,nan
02-Mar-25 12:16:00 PM AEST,nan,45.3,21.5,nan,nan,nan,209.40,0.27,7.10,2.60,170.90,879.10
02-Mar-25 12:16:35 PM AEST,35.1,nan,nan,nan,nan,nan,nan,nan,nan,nan,nan,nan
02-Mar-25 12:16:35 PM AEST,34.9,nan,nan,nan,nan,nan,nan,nan,nan,nan,nan,nan
02-Mar-25 12:17:00 PM AEST,nan,44.8,nan,nan,nan,nan,189.50,0.53,9.50,5.20,189.90,877.50
02-Mar-25 12:17:40 PM AEST,34.8,nan,nan,nan,nan,nan,nan,nan,nan,nan,nan,nan
02-Mar-25 12:18:00 PM AEST,nan,45.5,21.1,nan,nan,nan,201.90,0.48,7.10,4.20,199.20,879.10
02-Mar-25 12:18:45 PM AEST,34.7,nan,nan,nan,nan,nan,nan,nan,nan,nan,nan,nan
02-Mar-25 12:19:00 PM AEST,nan,47.0,21.3,nan,nan,nan,187.70,0.41,nan,3.50,184.30,880.00
02-Mar-25 12:19:50 PM AEST,34.8,nan,nan,nan,nan,nan,nan,nan,nan,nan,nan,nan
02-Mar-25 12:20:00 PM AEST,nan,48.2,21.8,nan,nan,nan,296.30,0.60,10.60,5.50,310.70,880.80
02-Mar-25 12:20:55 PM AEST,34.6,nan,nan,nan,nan,nan,nan,nan,nan,nan,nan,nan
02-Mar-25 12:21:00 PM AEST,nan,46.8,22.2,nan,nan,nan,294.00,0.53,9.50,5.10,296.50,880.70
02-Mar-25 12:22:00 PM AEST,34.7,46.3,21.6,nan,nan,nan,307.10,0.42,7.10,3.70,300.00,885.00
02-Mar-25 12:23:00 PM AEST,nan,48.3,21.5,nan,nan,nan,314.30,0.10,2.40,1.00,314.40,881.60
02-Mar-25 12:23:05 PM AEST,34.8,nan,nan,nan,nan,nan,nan,nan,nan,nan,nan,nan
02-Mar-25 12:24:00 PM AEST,nan,47.7,22.3,nan,nan,nan,314.60,0.12,nan,1.20,314.80,880.80
02-Mar-25 12:24:10 PM AEST,34.9,nan,nan,nan,nan,nan,nan,nan,nan,nan,nan,nan
02-Mar-25 12:25:00 PM AEST,nan,45.8,22.1,nan,nan,nan,300.00,0.24,5.90,2.30,289.20,883.30
02-Mar-25 12:26:00 PM AEST,nan,46.8,21.5,nan,nan,nan,275.30,0.40,8.30,3.30,269.60,883.20
02-Mar-25 12:27:00 PM AEST,nan,47.8,21.8,nan,nan,nan,273.50,0.49,7.10,3.00,258.20,881.70
02-Mar-25 12:28:00 PM AEST,34.8,46.0,22.2,nan,nan,nan,306.10,0.33,nan,3.10,312.10,879.90
02-Mar-25 12:29:00 PM AEST,nan,45.5,21.5,nan,nan,nan,328.80,0.43,nan,4.30,328.90,878.30
02-Mar-25 12:30:00 PM AEST,nan,44.8,21.3,nan,nan,nan,326.80,0.50,9.50,5.00,326.90,876.70
02-Mar-25 12:31:00 PM AEST,nan,45.8,21.1,nan,nan,nan,299.50,0.67,10.60,5.60,307.50,874.90
02-Mar-25 12:32:00 PM AEST,34.7,nan,21.4,nan,nan,nan,291.20,0.35,5.90,1.60,290.70,879.20
02-Mar-25 12:33:00 PM AEST,nan,nan,21.3,nan,nan,nan,262.50,nan,8.30,3.10,255.90,881.60
02-Mar-25 12:33:05 PM AEST,34.8,nan,nan,nan,nan,nan,nan,nan,nan,nan,nan,nan
02-Mar-25 12:34:00 PM AEST,nan,45.2,21.4,nan,nan,nan,307.70,nan,nan,3.50,307.80,879.20
02-Mar-25 12:35:00 PM AEST,nan,nan,21.2,nan,nan,nan,307.40,0.27,4.70,2.60,307.30,885.80
02-Mar-25 12:36:00 PM AEST,nan,45.8,nan,nan,nan,nan,303.90,0.45,8.30,4.40,304.00,884.90
02-Mar-25 12:37:00 PM AEST,34.7,45.0,21.4,nan,nan,nan,302.90,0.72,11.80,6.80,308.20,886.70
02-Mar-25 12:38:00 PM AEST,nan,45.7,21.0,nan,nan,nan,292.10,0.24,8.30,2.40,293.80,887.50
02-Mar-25 12:39:00 PM AEST,34.8,46.0,21.2,nan,nan,nan,174.60,0.29,4.70,nan,170.10,884.90
02-Mar-25 12:40:00 PM AEST,nan,44.7,21.4,nan,nan,nan,192.30,0.46,8.30,4.20,187.10,883.30
02-Mar-25 12:40:05 PM AEST,34.7,nan,nan,nan,nan,nan,nan,nan,nan,nan,nan,nan
02-Mar-25 12:41:00 PM AEST,nan,45.3,20.9,nan,nan,nan,176.60,0.38,5.90,3.50,173.90,882.40
02-Mar-25 12:41:10 PM AEST,34.6,nan,nan,nan,nan,nan,nan,nan,nan,nan,nan,nan
02-Mar-25 12:42:00 PM AEST,nan,46.8,21.1,nan,nan,nan,295.20,0.64,11.80,5.80,303.40,880.00
02-Mar-25 12:43:00 PM AEST,34.7,45.8,21.6,nan,nan,nan,289.90,0.44,9.50,3.80,301.20,nan
02-Mar-25 12:44:00 PM AEST,nan,45.7,21.3,nan,nan,nan,318.50,0.53,nan,5.10,314.90,879.90
02-Mar-25 12:45:00 PM AEST,34.6,45.0,21.2,nan,nan,nan,303.20,0.51,7.10,4.60,302.00,880.80
02-Mar-25 12:46:00 PM AEST,nan,45.2,21.0,nan,nan,nan,320.70,0.25,4.70,2.50,323.30,879.90
02-Mar-25 12:46:05 PM AEST,34.8,nan,nan,nan,nan,nan,nan,nan,nan,nan,nan,nan
02-Mar-25 12:47:00 PM AEST,nan,45.5,21.1,nan,nan,nan,215.40,0.57,8.30,5.50,207.80,876.70
02-Mar-25 12:48:00 PM AEST,34.7,45.3,21.3,nan,nan,nan,190.80,0.46,7.10,4.40,189.40,874.20
02-Mar-25 12:49:00 PM AEST,nan,45.7,21.1,nan,nan,nan,187.40,0.63,8.30,6.10,187.10,873.20
02-Mar-25 12:49:05 PM AEST,34.6,nan,nan,nan,nan,nan,nan,nan,nan,nan,nan,nan
02-Mar-25 12:50:00 PM AEST,nan,46.3,21.2,nan,nan,nan,231.30,0.57,9.50,3.20,224.80,872.50
02-Mar-25 12:51:00 PM AEST,nan,nan,21.4,nan,nan,nan,262.90,0.33,8.30,3.10,271.60,870.70
02-Mar-25 12:52:00 PM AEST,nan,45.7,nan,nan,nan,nan,292.20,0.64,10.60,6.10,294.00,870.80
02-Mar-25 12:53:00 PM AEST,nan,45.0,21.1,nan,nan,nan,278.80,0.26,4.70,2.40,281.70,870.00
02-Mar-25 12:54:00 PM AEST,nan,45.2,20.9,nan,nan,nan,301.00,0.59,8.30,5.80,302.30,871.60
02-Mar-25 12:55:00 PM AEST,nan,45.5,nan,nan,nan,nan,284.90,0.28,5.90,2.80,285.00,870.80
02-Mar-25 12:56:00 PM AEST,34.7,46.8,21.1,nan,nan,nan,272.30,0.25,3.50,2.40,272.10,866.70
02-Mar-25 12:57:00 PM AEST,nan,46.3,21.6,nan,nan,nan,203.40,0.68,11.80,6.10,202.20,866.60
02-Mar-25 12:58:00 PM AEST,nan,47.2,21.4,nan,nan,nan,285.00,0.53,10.60,4.30,303.30,864.20
02-Mar-25 12:59:00 PM AEST,34.6,46.3,21.7,nan,nan,nan,318.70,0.70,11.80,7.00,320.60,859.90
02-Mar-25 1:00:00 PM AEST,nan,44.3,21.4,nan,nan,nan,296.70,0.74,10.60,7.30,296.00,857.50
02-Mar-25 1:00:05 PM AEST,34.4,nan,nan,nan,nan,nan,nan,nan,nan,nan,nan,nan
02-Mar-25 1:00:07 PM AEST,nan,nan,nan,nan,nan,0.68,nan,nan,nan,nan,nan,nan
02-Mar-25 1:01:00 PM AEST,nan,44.8,20.5,nan,nan,nan,309.80,0.45,5.90,4.40,310.20,864.20
02-Mar-25 1:02:00 PM AEST,34.5,45.3,20.7,nan,nan,nan,322.80,0.33,nan,3.20,322.60,868.20
02-Mar-25 1:03:00 PM AEST,nan,47.2,20.9,nan,nan,nan,328.40,0.09,3.50,0.90,331.90,868.30
02-Mar-25 1:03:05 PM AEST,34.7,nan,nan,nan,nan,nan,nan,nan,nan,nan,nan,nan
02-Mar-25 1:04:00 PM AEST,nan,47.5,21.8,nan,nan,nan,286.40,0.22,nan,2.00,292.50,868.20
02-Mar-25 1:04:10 PM AEST,34.8,nan,nan,nan,nan,nan,nan,nan,nan,nan,nan,nan
02-Mar-25 1:05:00 PM AEST,nan,47.0,22.0,nan,nan,nan,301.30,0.35,8.30,2.90,321.00,858.30
02-Mar-25 1:05:15 PM AEST,34.9,nan,nan,nan,nan,nan,nan,nan,nan,nan,nan,nan
02-Mar-25 1:06:00 PM AEST,nan,46.8,21.9,nan,nan,nan,225.60,0.27,4.70,1.80,206.50,857.50
02-Mar-25 1:07:00 PM AEST,35.0,45.8,21.8,nan,nan,nan,112.00,0.09,2.40,0.90,113.00,864.90
02-Mar-25 1:08:00 PM AEST,nan,48.5,21.5,nan,nan,nan,77.60,0.22,3.50,2.20,70.70,865.80
02-Mar-25 1:09:00 PM AEST,35.1,47.3,22.5,nan,nan,nan,13.10,0.33,4.70,2.90,9.40,864.90
02-Mar-25 1:10:00 PM AEST,nan,nan,22.2,nan,nan,nan,354.80,0.26,3.50,2.60,355.40,865.00
02-Mar-25 1:10:05 PM AEST,35.2,nan,nan,nan,nan,nan,nan,nan,nan,nan,nan,nan
02-Mar-25 1:11:00 PM AEST,nan,46.8,22.3,nan,nan,nan,258.50,0.32,5.90,2.20,238.20,864.20
02-Mar-25 1:12:00 PM AEST,35.3,46.0,22.1,nan,nan,nan,222.30,0.19,4.70,1.80,217.20,861.60
02-Mar-25 1:13:00 PM AEST,nan,45.3,21.9,nan,nan,nan,300.90,0.72,10.60,6.90,302.60,861.70
02-Mar-25 1:13:05 PM AEST,35.1,nan,nan,nan,nan,nan,nan,nan,nan,nan,nan,nan
02-Mar-25 1:14:00 PM AEST,nan,45.2,21.5,nan,nan,nan,296.70,0.67,nan,6.50,297.70,866.70
02-Mar-25 1:14:10 PM AEST,34.8,nan,nan,nan,nan,nan,nan,nan,nan,nan,nan,nan
02-Mar-25 1:15:00 PM AEST,nan,44.8,21.2,nan,nan,nan,301.60,nan,nan,nan,303.10,865.70
02-Mar-25 1:15:15 PM AEST,34.6,nan,nan,nan,nan,nan,nan,nan,nan,nan,nan,nan
02-Mar-25 1:16:00 PM AEST,nan,45.0,20.9,nan,nan,nan,308.20,0.71,nan,7.00,307.00,869.20
02-Mar-25 1:16:20 PM AEST,34.5,nan,nan,nan,nan,nan,nan,nan,nan,nan,nan,nan
02-Mar-25 1:17:00 PM AEST,nan,nan,nan,nan,nan,nan,282.70,0.53,9.50,5.20,281.20,868.20
02-Mar-25 1:17:25 PM AEST,34.6,nan,nan,nan,nan,nan,nan,nan,nan,nan,nan,nan
02-Mar-25 1:18:00 PM AEST,nan,45.5,20.8,nan,nan,nan,278.30,0.35,nan,3.30,286.40,868.30
02-Mar-25 1:18:30 PM AEST,34.5,nan,nan,nan,nan,nan,nan,nan,nan,nan,nan,nan
02-Mar-25 1:19:00 PM AEST,nan,45.2,21.1,nan,nan,nan,299.30,0.76,13.00,7.20,302.70,869.20
02-Mar-25 1:19:35 PM AEST,34.4,nan,nan,nan,nan,nan,nan,nan,nan,nan,nan,nan
02-Mar-25 1:20:00 PM AEST,nan,45.8,20.9,nan,nan,nan,307.50,0.69,9.50,6.70,306.40,869.10
02-Mar-25 1:20:40 PM AEST,34.2,nan,nan,nan,nan,nan,nan,nan,nan,nan,nan,nan
02-Mar-25 1:21:00 PM AEST,nan,45.0,21.0,nan,nan,nan,307.30,0.85,10.60,8.10,306.80,867.50
02-Mar-25 1:21:45 PM AEST,34.1,nan,nan,nan,nan,nan,nan,nan,nan,nan,nan,nan
02-Mar-25 1:22:00 PM AEST,nan,45.3,20.6,nan,nan,nan,293.60,0.77,11.80,7.60,293.40,866.60
02-Mar-25 1:22:50 PM AEST,34.2,nan,nan,nan,nan,nan,nan,nan,nan,nan,nan,nan
02-Mar-25 1:23:00 PM AEST,nan,45.0,nan,nan,nan,nan,305.30,0.46,8.30,4.50,303.70,863.30
02-Mar-25 1:23:55 PM AEST,34.4,nan,nan,nan,nan,nan,nan,nan,nan,nan,nan,nan
02-Mar-25 1:24:00 PM AEST,nan,47.2,20.5,nan,nan,nan,316.90,0.08,3.50,0.50,349.10,861.70
02-Mar-25 1:25:00 PM AEST,34.5,46.5,21.5,nan,nan,nan,98.10,0.32,5.90,3.20,97.70,864.10
02-Mar-25 1:26:00 PM AEST,nan,47.0,21.4,nan,nan,nan,101.00,0.33,4.70,3.30,101.10,864.20
02-Mar-25 1:27:00 PM AEST,34.6,46.5,21.5,nan,nan,nan,nan,0.21,nan,2.10,nan,862.40
02-Mar-25 1:28:00 PM AEST,nan,47.2,nan,nan,nan,nan,313.80,0.42,7.10,3.80,313.90,858.30
02-Mar-25 1:28:05 PM AEST,34.7,nan,nan,nan,nan,nan,nan,nan,nan,nan,nan,nan
02-Mar-25 1:29:00 PM AEST,nan,46.7,21.8,nan,nan,nan,310.80,0.12,3.50,1.20,310.70,853.30
02-Mar-25 1:29:10 PM AEST,34.8,nan,nan,nan,nan,nan,nan,nan,nan,nan,nan,nan
02-Mar-25 1:30:00 PM AEST,nan,46.2,21.7,nan,nan,nan,314.30,0.14,4.70,0.60,327.50,850.70
02-Mar-25 1:30:15 PM AEST,34.9,nan,nan,nan,nan,nan,nan,nan,nan,nan,nan,nan
02-Mar-25 1:30:15 PM AEST,34.7,nan,nan,nan,nan,nan,nan,nan,nan,nan,nan,nan
02-Mar-25 1:31:00 PM AEST,nan,45.5,21.6,nan,nan,nan,106.10,0.39,5.90,3.90,106.10,850.00
02-Mar-25 1:31:20 PM AEST,34.8,nan,nan,nan,nan,nan,nan,nan,nan,nan,nan,nan
02-Mar-25 1:32:00 PM AEST,nan,47.8,21.2,nan,nan,nan,116.30,0.21,nan,1.90,133.00,853.20
02-Mar-25 1:32:25 PM AEST,34.7,nan,nan,nan,nan,nan,nan,nan,nan,nan,nan,nan
02-Mar-25 1:33:00 PM AEST,nan,47.0,22.1,nan,nan,nan,144.40,0.57,9.50,5.70,144.40,852.50
02-Mar-25 1:33:30 PM AEST,34.6,nan,nan,nan,nan,nan,nan,nan,nan,nan,nan,nan
02-Mar-25 1:34:00 PM AEST,nan,47.3,21.8,nan,nan,nan,131.40,0.24,4.70,2.40,131.40,854.20
02-Mar-25 1:35:00 PM AEST,nan,45.8,nan,nan,nan,nan,148.10,0.63,9.50,5.90,152.60,854.10
02-Mar-25 1:36:00 PM AEST,34.4,45.0,21.2,nan,nan,nan,195.70,0.76,nan,6.90,194.20,852.50
02-Mar-25 1:37:00 PM AEST,nan,45.7,20.7,nan,nan,nan,282.70,0.93,11.80,8.40,286.60,850.80
02-Mar-25 1:37:05 PM AEST,34.3,nan,nan,nan,nan,nan,nan,nan,nan,nan,nan,nan
02-Mar-25 1:38:00 PM AEST,nan,46.8,20.9,nan,nan,nan,239.50,0.61,9.50,4.80,243.40,850.70
02-Mar-25 1:38:10 PM AEST,34.2,nan,nan,nan,nan,nan,nan,nan,nan,nan,nan,nan
02-Mar-25 1:39:00 PM AEST,nan,45.5,21.2,nan,nan,nan,213.10,0.89,13.00,8.70,213.60,849.20
02-Mar-25 1:40:00 PM AEST,nan,45.7,20.7,nan,nan,nan,220.00,0.66,9.50,6.60,219.60,849.10
02-Mar-25 1:41:00 PM AEST,34.1,45.2,20.8,nan,nan,nan,200.10,0.68,13.00,6.70,200.90,846.70
02-Mar-25 1:42:00 PM AEST,nan,45.5,20.5,nan,nan,nan,195.00,0.44,7.10,4.30,195.30,844.20
02-Mar-25 1:43:00 PM AEST,34.2,45.8,20.6,nan,nan,nan,191.50,0.45,nan,nan,191.10,840.70
02-Mar-25 1:44:00 PM AEST,nan,45.3,20.9,nan,nan,nan,250.80,0.35,nan,3.50,250.20,839.20
02-Mar-25 1:44:05 PM AEST,34.3,nan,nan,nan,nan,nan,nan,nan,nan,nan,nan,nan
02-Mar-25 1:45:00 PM AEST,nan,47.7,20.7,nan,nan,nan,253.00,0.15,3.50,1.50,253.10,835.70
02-Mar-25 1:45:10 PM AEST,34.4,nan,nan,nan,nan,nan,nan,nan,nan,nan,nan,nan
02-Mar-25 1:46:00 PM AEST,nan,47.3,21.7,nan,nan,nan,256.70,nan,nan,nan,257.00,835.00
02-Mar-25 1:46:15 PM AEST,34.6,nan,nan,nan,nan,nan,nan,nan,nan,nan,nan,nan
02-Mar-25 1:47:00 PM AEST,nan,nan,nan,nan,nan,nan,265.20,0.07,2.40,0.70,263.70,833.30
02-Mar-25 1:47:20 PM AEST,34.7,nan,nan,nan,nan,nan,nan,nan,nan,nan,nan,nan
02-Mar-25 1:48:00 PM AEST,nan,nan,21.9,nan,nan,nan,268.20,0.14,nan,1.40,268.20,833.20
02-Mar-25 1:48:25 PM AEST,34.8,nan,nan,nan,nan,nan,nan,nan,nan,nan,nan,nan
02-Mar-25 1:48:25 PM AEST,34.9,nan,nan,nan,nan,nan,nan,nan,nan,nan,nan,nan
02-Mar-25 1:49:00 PM AEST,nan,47.8,nan,nan,nan,nan,272.40,0.10,3.50,1.00,271.80,832.50
02-Mar-25 1:49:30 PM AEST,35.1,nan,nan,nan,nan,nan,nan,nan,nan,nan,nan,nan
02-Mar-25 1:50:00 PM AEST,nan,48.5,22.2,nan,nan,nan,272.60,0.07,2.40,0.70,272.30,831.60
02-Mar-25 1:51:00 PM AEST,nan,47.2,22.6,nan,nan,nan,230.30,0.25,3.50,2.30,229.60,830.00
02-Mar-25 1:52:00 PM AEST,35.2,46.3,22.1,nan,nan,nan,288.50,0.17,nan,1.70,322.30,829.20
02-Mar-25 1:53:00 PM AEST,nan,46.8,21.9,nan,nan,nan,316.90,0.22,nan,2.20,317.00,827.40
02-Mar-25 1:53:05 PM AEST,35.3,nan,nan,nan,nan,nan,nan,nan,nan,nan,nan,nan
02-Mar-25 1:54:00 PM AEST,nan,45.7,22.2,nan,nan,nan,313.60,0.17,nan,1.70,314.30,821.70
02-Mar-25 1:55:00 PM AEST,35.2,45.5,21.8,nan,nan,nan,67.10,0.68,11.80,5.60,79.30,817.40
02-Mar-25 1:56:00 PM AEST,nan,45.2,21.6,nan,nan,nan,70.90,0.66,10.60,6.50,73.40,817.50
02-Mar-25 1:56:05 PM AEST,34.8,nan,nan,nan,nan,nan,nan,nan,nan,nan,nan,nan
02-Mar-25 1:57:00 PM AEST,nan,45.5,21.1,nan,nan,nan,59.80,0.46,7.10,4.60,59.90,815.00
02-Mar-25 1:57:10 PM AEST,34.7,nan,nan,nan,nan,nan,nan,nan,nan,nan,nan,nan
02-Mar-25 1:58:00 PM AEST,nan,46.7,21.2,nan,nan,nan,74.80,0.64,9.50,6.20,73.80,810.70
02-Mar-25 1:58:15 PM AEST,34.6,nan,nan,nan,nan,nan,nan,nan,nan,nan,nan,nan
02-Mar-25 1:59:00 PM AEST,nan,47.2,21.5,nan,nan,nan,157.70,0.45,7.10,4.00,161.30,810.00
02-Mar-25 2:00:00 PM AEST,nan,46.0,21.7,nan,nan,nan,139.00,0.54,8.30,5.30,137.90,767.50
02-Mar-25 2:00:08 PM AEST,nan,nan,nan,nan,nan,0.61,nan,nan,nan,nan,nan,nan
02-Mar-25 2:01:00 PM AEST,34.5,46.7,21.3,nan,nan,nan,142.00,0.53,nan,5.20,141.50,805.70
02-Mar-25 2:02:00 PM AEST,nan,47.0,21.4,nan,nan,nan,214.90,0.63,nan,6.20,214.20,805.80
02-Mar-25 2:02:05 PM AEST,34.6,nan,nan,nan,nan,nan,nan,nan,nan,nan,nan,nan
02-Mar-25 2:03:00 PM AEST,nan,46.8,21.6,nan,nan,nan,219.70,0.24,7.10,2.20,213.40,804.10
02-Mar-25 2:03:10 PM AEST,34.7,nan,nan,nan,nan,nan,nan,nan,nan,nan,nan,nan
02-Mar-25 2:04:00 PM AEST,nan,46.2,21.7,nan,nan,nan,172.70,0.70,10.60,7.00,172.90,803.30
02-Mar-25 2:05:00 PM AEST,34.5,46.8,21.4,nan,nan,nan,176.90,0.52,5.90,5.10,176.10,800.00
02-Mar-25 2:06:00 PM AEST,nan,46.5,21.5,nan,nan,nan,195.50,0.49,8.30,4.70,195.90,801.60
02-Mar-25 2:07:00 PM AEST,nan,46.2,21.4,nan,nan,nan,191.30,0.62,nan,6.10,190.60,800.80
02-Mar-25 2:08:00 PM AEST,nan,46.3,21.3,nan,nan,nan,184.40,nan,9.50,6.00,186.20,799.90
02-Mar-25 2:09:00 PM AEST,34.4,45.8,nan,nan,nan,nan,212.50,0.44,7.10,4.40,212.50,798.30
02-Mar-25 2:10:00 PM AEST,nan,46.5,21.1,nan,nan,nan,160.50,0.38,5.90,3.40,156.00,796.70
02-Mar-25 2:10:05 PM AEST,34.5,nan,nan,nan,nan,nan,nan,nan,nan,nan,nan,nan
02-Mar-25 2:11:00 PM AEST,nan,46.7,21.4,nan,nan,nan,141.30,0.47,7.10,4.70,141.80,795.70
02-Mar-25 2:12:00 PM AEST,nan,47.0,nan,nan,nan,nan,142.80,0.38,5.90,3.80,142.60,792.50
02-Mar-25 2:13:00 PM AEST,nan,46.8,21.5,nan,nan,nan,nan,0.46,7.10,4.60,nan,783.20
02-Mar-25 2:14:00 PM AEST,nan,nan,nan,nan,nan,nan,191.40,0.47,nan,4.40,194.40,785.00
02-Mar-25 2:15:00 PM AEST,34.6,46.7,nan,nan,nan,nan,209.00,0.40,8.30,4.00,204.00,783.30
02-Mar-25 2:16:00 PM AEST,nan,45.8,nan,nan,nan,nan,190.60,0.43,7.10,4.20,188.60,781.60
02-Mar-25 2:17:00 PM AEST,34.7,46.5,21.2,nan,nan,nan,209.00,0.19,2.40,1.90,209.00,780.00
02-Mar-25 2:18:00 PM AEST,nan,47.2,21.6,nan,nan,nan,204.10,0.22,7.10,2.20,197.20,778.20
02-Mar-25 2:18:05 PM AEST,34.9,nan,nan,nan,nan,nan,nan,nan,nan,nan,nan,nan
02-Mar-25 2:19:00 PM AEST,nan,46.2,22.0,nan,nan,nan,150.20,0.86,11.80,8.40,149.50,777.50
02-Mar-25 2:19:10 PM AEST,34.7,nan,nan,nan,nan,nan,nan,nan,nan,nan,nan,nan
02-Mar-25 2:20:00 PM AEST,nan,46.8,21.4,nan,nan,nan,181.20,0.60,10.60,5.60,176.70,774.20
02-Mar-25 2:20:15 PM AEST,34.4,nan,nan,nan,nan,nan,nan,nan,nan,nan,nan,nan
02-Mar-25 2:21:00 PM AEST,nan,46.3,nan,nan,nan,nan,186.50,0.73,nan,7.10,184.60,774.90
02-Mar-25 2:22:00 PM AEST,34.3,46.0,21.2,nan,nan,nan,173.80,0.50,8.30,4.90,173.00,774.20
02-Mar-25 2:23:00 PM AEST,nan,nan,21.0,nan,nan,nan,189.30,0.71,10.60,6.90,188.20,770.00
02-Mar-25 2:23:05 PM AEST,34.4,nan,nan,nan,nan,nan,nan,nan,nan,nan,nan,nan
02-Mar-25 2:24:00 PM AEST,nan,45.8,21.1,nan,nan,nan,179.30,0.44,5.90,4.30,178.60,768.20
02-Mar-25 2:25:00 PM AEST,nan,46.2,21.0,nan,nan,nan,203.00,0.35,nan,3.50,203.10,768.30
02-Mar-25 2:26:00 PM AEST,34.6,47.2,21.2,nan,nan,nan,198.60,0.52,8.30,5.00,197.30,766.60
02-Mar-25 2:27:00 PM AEST,nan,46.8,21.7,nan,nan,nan,213.10,0.50,7.10,4.70,215.80,764.20
02-Mar-25 2:27:05 PM AEST,34.5,nan,nan,nan,nan,nan,nan,nan,nan,nan,nan,nan
02-Mar-25 2:28:00 PM AEST,nan,47.3,21.5,nan,nan,nan,219.20,0.46,nan,2.70,211.80,760.80
02-Mar-25 2:28:10 PM AEST,34.6,nan,nan,nan,nan,nan,nan,nan,nan,nan,nan,nan
02-Mar-25 2:29:00 PM AEST,nan,47.8,21.7,nan,nan,nan,220.90,0.47,8.30,4.00,209.30,758.20
02-Mar-25 2:29:15 PM AEST,34.5,nan,nan,nan,nan,nan,nan,nan,nan,nan,nan,nan
02-Mar-25 2:30:00 PM AEST,nan,nan,21.8,nan,nan,nan,261.80,0.19,4.70,1.90,260.20,756.70
02-Mar-25 2:30:20 PM AEST,34.7,nan,nan,nan,nan,nan,nan,nan,nan,nan,nan,nan
02-Mar-25 2:31:00 PM AEST,nan,48.8,22.0,nan,nan,nan,263.20,0.01,1.20,0.10,264.80,754.90
02-Mar-25 2:31:25 PM AEST,34.8,nan,nan,nan,nan,nan,nan,nan,nan,nan,nan,nan
02-Mar-25 2:31:25 PM AEST,35.0,nan,nan,nan,nan,nan,nan,nan,nan,nan,nan,nan
02-Mar-25 2:32:00 PM AEST,nan,50.3,22.5,nan,nan,nan,254.90,0.15,2.40,1.40,254.90,751.70
02-Mar-25 2:32:30 PM AEST,35.2,nan,nan,nan,nan,nan,nan,nan,nan,nan,nan,nan
02-Mar-25 2:33:00 PM AEST,nan,49.0,23.1,nan,nan,nan,219.90,0.41,5.90,4.10,221.10,752.50
02-Mar-25 2:33:35 PM AEST,35.1,nan,nan,nan,nan,nan,nan,nan,nan,nan,nan,nan
02-Mar-25 2:34:00 PM AEST,nan,48.2,22.8,nan,nan,nan,188.70,0.54,8.30,4.50,184.50,749.10
02-Mar-25 2:34:40 PM AEST,34.8,nan,nan,nan,nan,nan,nan,nan,nan,nan,nan,nan
02-Mar-25 2:35:00 PM AEST,nan,46.7,22.4,nan,nan,nan,161.30,0.51,9.50,5.10,158.80,747.50
02-Mar-25 2:36:00 PM AEST,nan,47.3,21.7,nan,nan,nan,140.10,0.33,7.10,3.30,139.30,745.70
02-Mar-25 2:37:00 PM AEST,34.7,47.5,21.9,nan,nan,nan,165.50,0.49,nan,4.80,166.00,743.30
02-Mar-25 2:38:00 PM AEST,nan,48.2,nan,nan,nan,nan,156.80,0.44,nan,4.30,157.00,740.00
02-Mar-25 2:39:00 PM AEST,34.6,47.2,22.2,nan,nan,nan,158.30,0.64,10.60,6.40,159.80,738.20
02-Mar-25 2:40:00 PM AEST,nan,47.0,21.7,nan,nan,nan,168.40,0.65,nan,5.80,165.90,735.00
02-Mar-25 2:40:05 PM AEST,34.4,nan,nan,nan,nan,nan,nan,nan,nan,nan,nan,nan
02-Mar-25 2:41:00 PM AEST,nan,46.8,21.5,nan,nan,nan,187.70,0.50,7.10,4.90,187.50,733.30
02-Mar-25 2:42:00 PM AEST,nan,47.3,21.4,nan,nan,nan,162.30,0.77,9.50,7.40,163.10,730.70
02-Mar-25 2:43:00 PM AEST,34.3,46.7,21.5,nan,nan,nan,197.20,0.53,7.10,5.30,197.40,729.20
02-Mar-25 2:44:00 PM AEST,nan,47.3,21.2,nan,nan,nan,223.20,0.72,9.50,6.90,223.10,727.40
02-Mar-25 2:45:00 PM AEST,34.4,48.3,21.5,nan,nan,nan,225.00,0.44,5.90,4.30,224.10,725.00
02-Mar-25 2:46:00 PM AEST,nan,47.7,21.9,nan,nan,nan,209.80,0.50,9.50,4.90,212.30,721.70
02-Mar-25 2:46:05 PM AEST,34.5,nan,nan,nan,nan,nan,nan,nan,nan,nan,nan,nan
02-Mar-25 2:47:00 PM AEST,nan,48.3,21.8,nan,nan,nan,227.00,0.26,3.50,2.60,227.00,717.40
02-Mar-25 2:47:10 PM AEST,34.6,nan,nan,nan,nan,nan,nan,nan,nan,nan,nan,nan
02-Mar-25 2:48:00 PM AEST,nan,48.2,22.1,nan,nan,nan,193.40,0.74,11.80,7.20,187.20,715.00
02-Mar-25 2:49:00 PM AEST,34.4,47.3,22.0,nan,nan,nan,188.20,0.58,8.30,5.70,186.90,710.70
02-Mar-25 2:50:00 PM AEST,nan,48.5,21.6,nan,nan,nan,218.80,0.47,7.10,4.70,219.30,707.50
02-Mar-25 2:50:05 PM AEST,34.5,nan,nan,nan,nan,nan,nan,nan,nan,nan,nan,nan
02-Mar-25 2:51:00 PM AEST,nan,48.3,22.0,nan,nan,nan,187.00,0.42,5.90,3.60,183.30,nan
02-Mar-25 2:52:00 PM AEST,34.4,49.0,nan,nan,nan,nan,189.90,0.48,7.10,4.80,190.30,706.60
02-Mar-25 2:53:00 PM AEST,nan,nan,22.2,nan,nan,nan,135.30,0.62,8.30,5.50,134.30,703.30
02-Mar-25 2:54:00 PM AEST,nan,48.5,nan,nan,nan,nan,198.30,0.56,nan,nan,198.50,700.70
02-Mar-25 2:55:00 PM AEST,34.5,48.3,22.0,nan,nan,nan,198.60,0.34,7.10,3.30,202.90,699.20
02-Mar-25 2:56:00 PM AEST,nan,49.2,nan,nan,nan,nan,200.70,0.54,10.60,4.70,189.10,695.80
02-Mar-25 2:56:05 PM AEST,34.6,nan,nan,nan,nan,nan,nan,nan,nan,nan,nan,nan
02-Mar-25 2:57:00 PM AEST,nan,48.2,22.3,nan,nan,nan,147.90,0.72,11.80,6.90,150.50,694.10
02-Mar-25 2:57:10 PM AEST,34.4,nan,nan,nan,nan,nan,nan,nan,nan,nan,nan,nan
02-Mar-25 2:58:00 PM AEST,nan,47.7,21.8,nan,nan,nan,192.80,0.82,10.60,8.10,193.40,691.70
02-Mar-25 2:58:15 PM AEST,34.1,nan,nan,nan,nan,nan,nan,nan,nan,nan,nan,nan
02-Mar-25 2:59:00 PM AEST,nan,48.0,21.4,nan,nan,nan,195.00,0.75,nan,7.20,196.20,688.30
02-Mar-25 2:59:20 PM AEST,34.0,nan,nan,nan,nan,nan,nan,nan,nan,nan,nan,nan
02-Mar-25 3:00:09 PM AEST,nan,nan,nan,nan,nan,0.49,nan,nan,nan,nan,nan,nan
02-Mar-25 3:00:25 PM AEST,34.1,nan,nan,nan,nan,nan,nan,nan,nan,nan,nan,nan
02-Mar-25 3:00:25 PM AEST,34.0,nan,nan,nan,nan,nan,nan,nan,nan,nan,nan,nan
02-Mar-25 3:01:00 PM AEST,nan,48.7,21.7,nan,nan,nan,211.40,0.70,8.30,5.30,208.20,685.80
02-Mar-25 3:01:00 PM AEST,nan,48.7,21.7,nan,nan,nan,211.20,0.61,8.30,5.30,208.20,682.50
02-Mar-25 3:01:30 PM AEST,34.1,nan,nan,nan,nan,nan,nan,nan,nan,nan,nan,nan
02-Mar-25 3:02:00 PM AEST,nan,49.0,nan,nan,nan,nan,232.50,0.63,10.60,5.90,228.30,679.10
02-Mar-25 3:03:00 PM AEST,nan,49.2,21.9,nan,nan,nan,198.80,0.22,5.90,2.20,198.80,675.80
02-Mar-25 3:04:00 PM AEST,34.3,49.5,nan,nan,nan,nan,198.50,0.64,10.60,6.40,198.50,675.00
02-Mar-25 3:05:00 PM AEST,nan,48.8,22.2,nan,nan,nan,202.40,0.67,9.50,6.50,201.00,672.40
02-Mar-25 3:05:05 PM AEST,34.1,nan,nan,nan,nan,nan,nan,nan,nan,nan,nan,nan
02-Mar-25 3:06:00 PM AEST,nan,49.5,21.8,nan,nan,nan,190.80,0.50,8.30,4.60,185.90,670.80
02-Mar-25 3:06:10 PM AEST,34.2,nan,nan,nan,nan,nan,nan,nan,nan,nan,nan,nan
02-Mar-25 3:07:00 PM AEST,nan,49.3,22.1,nan,nan,nan,160.40,0.66,9.50,6.40,160.90,669.10
02-Mar-25 3:07:15 PM AEST,34.0,nan,nan,nan,nan,nan,nan,nan,nan,nan,nan,nan
02-Mar-25 3:08:00 PM AEST,nan,49.2,21.9,nan,nan,nan,199.10,0.50,7.10,4.90,201.30,665.00
02-Mar-25 3:09:00 PM AEST,34.1,49.5,21.8,nan,nan,nan,194.80,0.45,9.50,4.20,201.90,661.70
02-Mar-25 3:10:00 PM AEST,nan,nan,22.0,nan,nan,nan,211.90,0.71,10.60,6.90,212.70,659.90
02-Mar-25 3:11:00 PM AEST,nan,nan,nan,nan,nan,nan,208.70,0.60,9.50,5.80,207.60,655.80
02-Mar-25 3:12:00 PM AEST,nan,49.7,nan,nan,nan,nan,194.40,0.69,nan,6.70,193.40,654.20
02-Mar-25 3:13:00 PM AEST,nan,nan,22.1,nan,nan,nan,204.40,0.29,5.90,2.90,204.70,650.00
02-Mar-25 3:14:00 PM AEST,34.2,49.8,nan,nan,nan,nan,233.30,0.69,8.30,6.40,233.30,648.30
02-Mar-25 3:15:00 PM AEST,nan,50.5,22.3,nan,nan,nan,207.50,0.44,7.10,3.80,203.90,644.10
02-Mar-25 3:16:00 PM AEST,34.3,50.2,22.4,nan,nan,nan,237.40,0.72,8.30,6.90,236.70,641.70
02-Mar-25 3:17:00 PM AEST,nan,49.7,nan,nan,nan,nan,209.30,0.73,10.60,7.30,208.80,639.10
02-Mar-25 3:17:05 PM AEST,34.1,nan,nan,nan,nan,nan,nan,nan,nan,nan,nan,nan
02-Mar-25 3:18:00 PM AEST,nan,50.2,22.1,nan,nan,nan,220.00,nan,nan,7.10,219.20,635.80
02-Mar-25 3:18:10 PM AEST,34.0,nan,nan,nan,nan,nan,nan,nan,nan,nan,nan,nan
02-Mar-25 3:19:00 PM AEST,nan,nan,22.2,nan,nan,nan,200.40,0.76,9.50,7.30,200.10,633.30
02-Mar-25 3:20:00 PM AEST,nan,49.8,22.1,nan,nan,nan,225.00,0.43,7.10,4.30,224.40,629.90
02-Mar-25 3:21:00 PM AEST,33.9,50.2,22.0,nan,nan,nan,206.80,0.61,10.60,6.00,209.10,626.70
02-Mar-25 3:22:00 PM AEST,nan,50.8,22.1,nan,nan,nan,200.40,0.09,2.40,0.90,200.20,623.30
02-Mar-25 3:22:05 PM AEST,34.1,nan,nan,nan,nan,nan,nan,nan,nan,nan,nan,nan
02-Mar-25 3:23:00 PM AEST,nan,51.5,22.5,nan,nan,nan,159.50,0.43,9.50,3.30,130.20,620.00
02-Mar-25 3:23:10 PM AEST,34.2,nan,nan,nan,nan,nan,nan,nan,nan,nan,nan,nan
02-Mar-25 3:24:00 PM AEST,nan,51.7,22.8,nan,nan,nan,129.10,0.49,7.10,4.80,129.40,617.50
02-Mar-25 3:24:15 PM AEST,34.1,nan,nan,nan,nan,nan,nan,nan,nan,nan,nan,nan
02-Mar-25 3:25:00 PM AEST,nan,51.0,22.7,nan,nan,nan,165.00,0.37,10.60,3.30,153.00,612.40
02-Mar-25 3:25:20 PM AEST,34.0,nan,nan,nan,nan,nan,nan,nan,nan,nan,nan,nan
02-Mar-25 3:26:00 PM AEST,nan,49.7,22.5,nan,nan,nan,144.50,0.57,8.30,5.30,145.20,610.80
02-Mar-25 3:27:00 PM AEST,nan,49.8,22.0,nan,nan,nan,149.80,0.62,7.10,5.90,151.50,607.50
02-Mar-25 3:28:00 PM AEST,33.8,49.7,nan,nan,nan,nan,134.50,0.82,11.80,7.10,138.20,604.90
02-Mar-25 3:29:00 PM AEST,nan,48.3,21.8,nan,nan,nan,185.20,0.47,7.10,4.70,185.50,601.70
02-Mar-25 3:29:05 PM AEST,33.7,nan,nan,nan,nan,nan,nan,nan,nan,nan,nan,nan
02-Mar-25 3:30:00 PM AEST,nan,48.7,21.3,nan,nan,nan,184.80,0.17,4.70,1.70,184.80,599.10
02-Mar-25 3:30:10 PM AEST,34.0,nan,nan,nan,nan,nan,nan,nan,nan,nan,nan,nan
02-Mar-25 3:31:00 PM AEST,nan,49.2,21.6,nan,nan,nan,157.60,0.46,9.50,4.30,152.50,595.80
02-Mar-25 3:31:15 PM AEST,34.1,nan,nan,nan,nan,nan,nan,nan,nan,nan,nan,nan
02-Mar-25 3:32:00 PM AEST,nan,48.8,21.9,nan,nan,nan,175.30,0.62,8.30,6.10,175.20,592.50
02-Mar-25 3:32:20 PM AEST,33.9,nan,nan,nan,nan,nan,nan,nan,nan,nan,nan,nan
02-Mar-25 3:33:00 PM AEST,nan,49.2,21.6,nan,nan,nan,190.30,0.34,7.10,3.30,197.20,589.90
02-Mar-25 3:33:25 PM AEST,34.1,nan,nan,nan,nan,nan,nan,nan,nan,nan,nan,nan
02-Mar-25 3:34:00 PM AEST,nan,49.8,21.9,nan,nan,nan,182.50,0.41,nan,4.00,182.90,586.70
02-Mar-25 3:34:30 PM AEST,34.2,nan,nan,nan,nan,nan,nan,nan,nan,nan,nan,nan
02-Mar-25 3:35:00 PM AEST,nan,nan,22.2,nan,nan,nan,140.10,0.48,9.50,4.60,128.00,582.40
02-Mar-25 3:36:00 PM AEST,nan,49.5,nan,nan,nan,nan,122.10,0.18,4.70,1.80,122.70,579.20
02-Mar-25 3:37:00 PM AEST,nan,49.3,22.1,nan,nan,nan,139.90,0.44,5.90,4.30,140.10,575.00
02-Mar-25 3:38:00 PM AEST,nan,48.7,nan,nan,nan,nan,168.30,0.40,7.10,3.80,165.40,571.60
02-Mar-25 3:39:00 PM AEST,nan,49.0,21.8,nan,nan,nan,169.80,0.33,5.90,3.20,166.50,568.30
02-Mar-25 3:40:00 PM AEST,nan,48.7,22.0,nan,nan,nan,151.10,0.59,10.60,5.80,152.00,564.10
02-Mar-25 3:41:00 PM AEST,34.0,48.5,21.8,nan,nan,nan,170.70,0.66,8.30,6.40,170.40,561.70
02-Mar-25 3:42:00 PM AEST,nan,48.3,21.6,nan,nan,nan,176.40,0.53,7.10,4.90,178.80,558.30
02-Mar-25 3:43:00 PM AEST,nan,49.0,21.5,nan,nan,nan,138.40,0.57,9.50,5.40,140.70,554.90
02-Mar-25 3:44:00 PM AEST,33.9,48.7,21.7,nan,nan,nan,194.40,0.50,7.10,5.00,191.70,551.70
02-Mar-25 3:45:00 PM AEST,nan,49.0,21.6,nan,nan,nan,143.30,0.62,8.30,6.10,143.80,549.10
02-Mar-25 3:45:05 PM AEST,33.8,nan,nan,nan,nan,nan,nan,nan,nan,nan,nan,nan
02-Mar-25 3:46:00 PM AEST,nan,48.3,nan,nan,nan,nan,180.30,0.56,nan,5.60,179.70,545.80
02-Mar-25 3:47:00 PM AEST,nan,49.3,21.4,nan,nan,nan,148.10,0.54,nan,5.10,144.30,541.70
02-Mar-25 3:48:00 PM AEST,33.7,nan,21.7,nan,nan,nan,140.20,0.68,9.50,6.50,139.80,539.10
02-Mar-25 3:49:00 PM AEST,nan,48.7,21.6,nan,nan,nan,160.50,0.41,5.90,4.00,159.40,535.80
02-Mar-25 3:50:00 PM AEST,33.8,48.8,21.4,nan,nan,nan,163.40,0.49,nan,4.80,163.10,532.50
02-Mar-25 3:51:00 PM AEST,nan,50.0,21.5,nan,nan,nan,151.70,0.27,nan,2.70,151.80,529.20
02-Mar-25 3:51:05 PM AEST,33.9,nan,nan,nan,nan,nan,nan,nan,nan,nan,nan,nan
02-Mar-25 3:52:00 PM AEST,nan,49.5,22.0,nan,nan,nan,141.10,0.53,11.80,5.10,134.00,525.80
02-Mar-25 3:52:10 PM AEST,34.0,nan,nan,nan,nan,nan,nan,nan,nan,nan,nan,nan
02-Mar-25 3:53:00 PM AEST,nan,49.2,21.9,nan,nan,nan,101.20,0.96,13.00,9.30,98.90,522.40
02-Mar-25 3:53:15 PM AEST,33.6,nan,nan,nan,nan,nan,nan,nan,nan,nan,nan,nan
02-Mar-25 3:53:15 PM AEST,33.5,nan,nan,nan,nan,nan,nan,nan,nan,nan,nan,nan
02-Mar-25 3:54:00 PM AEST,nan,49.3,21.4,nan,nan,nan,112.90,0.63,9.50,6.10,110.20,519.20
02-Mar-25 3:55:00 PM AEST,nan,50.2,nan,nan,nan,nan,109.10,0.42,5.90,4.00,110.30,515.80
02-Mar-25 3:56:00 PM AEST,nan,49.2,21.7,nan,nan,nan,156.40,0.65,9.50,6.40,156.40,512.40
02-Mar-25 3:57:00 PM AEST,33.6,50.3,21.4,nan,nan,nan,111.00,0.38,7.10,3.80,111.20,510.00
02-Mar-25 3:58:00 PM AEST,nan,49.5,21.8,nan,nan,nan,121.00,0.47,nan,4.60,123.00,506.60
02-Mar-25 3:59:00 PM AEST,33.5,49.0,21.6,nan,nan,nan,112.00,0.78,11.80,7.20,108.40,503.30
02-Mar-25 4:00:00 PM AEST,nan,48.7,21.3,nan,nan,nan,149.80,0.70,10.60,6.80,149.60,500.80
02-Mar-25 4:00:05 PM AEST,33.2,nan,nan,nan,nan,nan,nan,nan,nan,nan,nan,nan
02-Mar-25 4:00:10 PM AEST,nan,nan,nan,nan,nan,0.31,nan,nan,nan,nan,nan,nan
02-Mar-25 4:01:00 PM AEST,nan,49.5,20.9,nan,nan,nan,146.60,0.42,5.90,3.90,142.30,496.60
02-Mar-25 4:01:10 PM AEST,33.3,nan,nan,nan,nan,nan,nan,nan,nan,nan,nan,nan
02-Mar-25 4:02:00 PM AEST,nan,50.5,21.3,nan,nan,nan,122.50,0.44,nan,4.40,122.30,494.20
02-Mar-25 4:02:15 PM AEST,33.4,nan,nan,nan,nan,nan,nan,nan,nan,nan,nan,nan
02-Mar-25 4:03:00 PM AEST,nan,50.0,21.7,nan,nan,nan,115.50,0.57,8.30,5.60,114.30,489.90
02-Mar-25 4:03:20 PM AEST,33.3,nan,nan,nan,nan,nan,nan,nan,nan,nan,nan,nan
02-Mar-25 4:04:00 PM AEST,nan,50.7,21.5,nan,nan,nan,116.50,nan,nan,5.50,114.50,188.30
02-Mar-25 4:05:00 PM AEST,33.2,50.2,21.7,nan,nan,nan,151.90,0.64,nan,5.90,150.00,135.80
02-Mar-25 4:06:00 PM AEST,nan,49.3,21.5,nan,nan,nan,146.40,0.75,10.60,7.10,146.10,479.10
02-Mar-25 4:06:05 PM AEST,33.1,nan,nan,nan,nan,nan,nan,nan,nan,nan,nan,nan
02-Mar-25 4:07:00 PM AEST,nan,50.0,21.0,nan,nan,nan,163.50,0.55,8.30,5.40,165.40,475.80
02-Mar-25 4:07:10 PM AEST,33.2,nan,nan,nan,nan,nan,nan,nan,nan,nan,nan,nan
02-Mar-25 4:08:00 PM AEST,nan,49.8,21.3,nan,nan,nan,162.70,0.48,7.10,4.30,158.30,472.40
02-Mar-25 4:08:15 PM AEST,33.3,nan,nan,nan,nan,nan,nan,nan,nan,nan,nan,nan
02-Mar-25 4:09:00 PM AEST,nan,51.2,21.4,nan,nan,nan,121.10,0.58,9.50,5.60,120.80,469.20
02-Mar-25 4:09:20 PM AEST,33.2,nan,nan,nan,nan,nan,nan,nan,nan,nan,nan,nan
02-Mar-25 4:10:00 PM AEST,nan,50.2,21.8,nan,nan,nan,138.70,0.50,8.30,4.90,134.70,465.80
02-Mar-25 4:10:25 PM AEST,33.3,nan,nan,nan,nan,nan,nan,nan,nan,nan,nan,nan
02-Mar-25 4:11:00 PM AEST,nan,50.5,21.4,nan,nan,nan,147.70,0.34,7.10,3.40,149.90,462.40
02-Mar-25 4:11:30 PM AEST,33.4,nan,nan,nan,nan,nan,nan,nan,nan,nan,nan,nan
02-Mar-25 4:12:00 PM AEST,nan,49.7,21.6,nan,nan,nan,160.30,0.43,nan,4.30,159.50,458.30
02-Mar-25 4:13:00 PM AEST,nan,50.0,21.4,nan,nan,nan,127.50,0.42,5.90,4.20,127.80,455.80
02-Mar-25 4:14:00 PM AEST,33.6,50.7,21.6,nan,nan,nan,152.10,0.25,nan,2.50,152.70,451.70
02-Mar-25 4:15:00 PM AEST,nan,49.5,21.9,nan,nan,nan,171.10,0.43,nan,4.30,171.10,448.30
02-Mar-25 4:16:00 PM AEST,nan,nan,21.6,nan,nan,nan,135.00,0.62,8.30,5.90,131.00,445.80
02-Mar-25 4:17:00 PM AEST,33.4,49.2,nan,nan,nan,nan,115.20,0.64,9.50,6.20,113.30,441.70
02-Mar-25 4:18:00 PM AEST,nan,50.3,21.2,nan,nan,nan,139.60,0.42,5.90,4.10,138.40,438.30
02-Mar-25 4:18:05 PM AEST,33.3,nan,nan,nan,nan,nan,nan,nan,nan,nan,nan,nan
02-Mar-25 4:19:00 PM AEST,nan,50.0,21.6,nan,nan,nan,150.20,0.54,8.30,5.40,149.30,435.00
02-Mar-25 4:19:10 PM AEST,33.4,nan,nan,nan,nan,nan,nan,nan,nan,nan,nan,nan
02-Mar-25 4:20:00 PM AEST,nan,50.3,21.5,nan,nan,nan,120.60,0.51,7.10,4.90,119.00,430.80
02-Mar-25 4:20:15 PM AEST,33.3,nan,nan,nan,nan,nan,nan,nan,nan,nan,nan,nan
02-Mar-25 4:21:00 PM AEST,nan,51.2,nan,nan,nan,nan,122.20,0.53,8.30,5.20,120.90,427.40
02-Mar-25 4:21:20 PM AEST,33.2,nan,nan,nan,nan,nan,nan,nan,nan,nan,nan,nan
02-Mar-25 4:22:00 PM AEST,nan,50.5,21.8,nan,nan,nan,143.40,0.35,7.10,3.50,144.40,425.00
02-Mar-25 4:22:25 PM AEST,33.3,nan,nan,nan,nan,nan,nan,nan,nan,nan,nan,nan
02-Mar-25 4:22:25 PM AEST,33.5,nan,nan,nan,nan,nan,nan,nan,nan,nan,nan,nan
02-Mar-25 4:23:00 PM AEST,nan,49.8,21.6,nan,nan,nan,152.10,0.19,3.50,1.90,152.10,420.00
02-Mar-25 4:23:30 PM AEST,33.6,nan,nan,nan,nan,nan,nan,nan,nan,nan,nan,nan
02-Mar-25 4:24:00 PM AEST,nan,50.3,nan,nan,nan,nan,152.70,0.38,5.90,3.80,152.90,416.60
02-Mar-25 4:24:35 PM AEST,33.7,nan,nan,nan,nan,nan,nan,nan,nan,nan,nan,nan
02-Mar-25 4:25:00 PM AEST,nan,50.8,21.8,nan,nan,nan,154.50,0.31,4.70,2.70,156.70,414.20
02-Mar-25 4:25:40 PM AEST,33.8,nan,nan,nan,nan,nan,nan,nan,nan,nan,nan,nan
02-Mar-25 4:26:00 PM AEST,nan,49.8,22.1,nan,nan,nan,229.30,0.23,3.50,2.30,229.20,410.80
02-Mar-25 4:26:45 PM AEST,34.0,nan,nan,nan,nan,nan,nan,nan,nan,nan,nan,nan
02-Mar-25 4:27:00 PM AEST,nan,50.5,21.9,nan,nan,nan,nan,0.05,1.20,0.50,229.60,406.70
02-Mar-25 4:27:50 PM AEST,34.2,nan,nan,nan,nan,nan,nan,nan,nan,nan,nan,nan
02-Mar-25 4:28:00 PM AEST,nan,51.7,22.2,nan,nan,nan,166.00,0.15,4.70,1.40,116.30,404.20
02-Mar-25 4:29:00 PM AEST,nan,50.7,22.9,nan,nan,nan,147.60,0.34,nan,3.30,148.20,399.10
02-Mar-25 4:30:00 PM AEST,34.0,50.0,22.5,nan,nan,nan,117.50,0.40,5.90,3.90,117.10,395.80
02-Mar-25 4:31:00 PM AEST,nan,49.7,22.1,nan,nan,nan,123.70,0.37,8.30,3.20,138.60,390.80
02-Mar-25 4:32:00 PM AEST,33.9,49.0,22.0,nan,nan,nan,170.50,0.55,nan,5.50,170.60,388.30
02-Mar-25 4:33:00 PM AEST,nan,49.8,21.7,nan,nan,nan,173.80,0.35,7.10,3.50,174.00,384.20
02-Mar-25 4:34:00 PM AEST,34.1,50.3,21.9,nan,nan,nan,174.50,0.12,3.50,1.20,174.50,381.60
02-Mar-25 4:35:00 PM AEST,nan,51.2,22.3,nan,nan,nan,nan,0.23,nan,2.30,nan,377.50
02-Mar-25 4:36:00 PM AEST,34.2,50.3,22.6,nan,nan,nan,nan,0.28,nan,2.80,nan,374.10
02-Mar-25 4:37:00 PM AEST,nan,nan,22.4,nan,nan,nan,174.60,0.32,5.90,3.20,174.60,370.80
02-Mar-25 4:37:05 PM AEST,34.3,nan,nan,nan,nan,nan,nan,nan,nan,nan,nan,nan
02-Mar-25 4:38:00 PM AEST,nan,50.0,22.5,nan,nan,nan,157.10,0.46,7.10,4.40,155.50,367.50
02-Mar-25 4:38:10 PM AEST,34.1,nan,nan,nan,nan,nan,nan,nan,nan,nan,nan,nan
02-Mar-25 4:39:00 PM AEST,nan,49.7,22.2,nan,nan,nan,166.10,0.36,5.90,3.50,164.20,363.30
02-Mar-25 4:39:15 PM AEST,34.0,nan,nan,nan,nan,nan,nan,nan,nan,nan,nan,nan
02-Mar-25 4:40:00 PM AEST,nan,nan,22.0,nan,nan,nan,162.20,0.44,nan,4.30,161.70,359.20
02-Mar-25 4:41:00 PM AEST,33.8,50.0,nan,nan,nan,nan,156.00,0.41,7.10,4.10,156.10,355.80
02-Mar-25 4:42:00 PM AEST,nan,50.5,21.9,nan,nan,nan,166.00,0.44,5.90,4.40,166.20,352.50
02-Mar-25 4:42:05 PM AEST,33.9,nan,nan,nan,nan,nan,nan,nan,nan,nan,nan,nan
02-Mar-25 4:43:00 PM AEST,nan,nan,22.2,nan,nan,nan,nan,0.28,4.70,2.80,164.80,349.20
02-Mar-25 4:44:00 PM AEST,nan,49.5,nan,nan,nan,nan,161.90,0.41,5.90,4.10,161.90,344.90
02-Mar-25 4:45:00 PM AEST,34.0,49.8,21.8,nan,nan,nan,164.70,0.18,4.70,1.80,168.10,341.70
02-Mar-25 4:46:00 PM AEST,nan,50.0,22.0,nan,nan,nan,182.30,0.30,nan,3.00,182.20,339.20
02-Mar-25 4:46:05 PM AEST,34.1,nan,nan,nan,nan,nan,nan,nan,nan,nan,nan,nan
02-Mar-25 4:47:00 PM AEST,nan,50.8,22.2,nan,nan,nan,147.80,0.33,5.90,3.10,140.30,334.90
02-Mar-25 4:47:10 PM AEST,34.0,nan,nan,nan,nan,nan,nan,nan,nan,nan,nan,nan
02-Mar-25 4:48:00 PM AEST,nan,50.2,22.4,nan,nan,nan,115.20,0.49,nan,4.90,114.90,331.70
02-Mar-25 4:48:15 PM AEST,33.8,nan,nan,nan,nan,nan,nan,nan,nan,nan,nan,nan
02-Mar-25 4:49:00 PM AEST,nan,50.7,22.0,nan,nan,nan,119.60,0.47,nan,4.60,119.70,328.30
02-Mar-25 4:49:20 PM AEST,33.6,nan,nan,nan,nan,nan,nan,nan,nan,nan,nan,nan
02-Mar-25 4:50:00 PM AEST,nan,49.8,21.9,nan,nan,nan,130.90,0.24,4.70,2.40,130.80,324.20
02-Mar-25 4:50:25 PM AEST,33.7,nan,nan,nan,nan,nan,nan,nan,nan,nan,nan,nan
02-Mar-25 4:51:00 PM AEST,nan,50.7,21.7,nan,nan,nan,nan,0.30,nan,3.00,130.90,320.80
02-Mar-25 4:52:00 PM AEST,nan,50.5,22.1,nan,nan,nan,128.50,0.32,nan,3.20,127.90,316.60
02-Mar-25 4:53:00 PM AEST,33.8,51.3,22.0,nan,nan,nan,122.70,0.25,nan,2.50,122.60,313.30
02-Mar-25 4:54:00 PM AEST,nan,50.3,22.3,nan,nan,nan,137.30,0.46,7.10,4.50,137.10,308.30
02-Mar-25 4:55:00 PM AEST,nan,50.5,22.0,nan,nan,nan,131.00,0.33,4.70,3.20,128.80,305.80
02-Mar-25 4:56:00 PM AEST,nan,50.3,nan,nan,nan,nan,106.60,0.30,5.90,3.00,107.10,300.80
02-Mar-25 4:57:00 PM AEST,33.7,49.7,nan,nan,nan,nan,109.30,0.29,4.70,2.90,109.30,298.30
02-Mar-25 4:58:00 PM AEST,nan,50.5,21.7,nan,nan,nan,109.40,0.10,2.40,1.00,109.40,293.30
02-Mar-25 4:58:05 PM AEST,33.9,nan,nan,nan,nan,nan,nan,nan,nan,nan,nan,nan
02-Mar-25 4:59:00 PM AEST,nan,50.3,22.1,nan,nan,nan,nan,0.17,3.50,1.70,nan,289.90
02-Mar-25 4:59:10 PM AEST,34.0,nan,nan,nan,nan,nan,nan,nan,nan,nan,nan,nan
02-Mar-25 5:00:11 PM AEST,nan,nan,nan,nan,nan,0.10,nan,nan,nan,nan,nan,nan
02-Mar-25 5:01:00 PM AEST,33.9,50.7,22.2,nan,nan,nan,nan,0.30,4.70,3.00,109.30,285.80
02-Mar-25 5:01:00 PM AEST,33.9,50.7,22.3,nan,nan,nan,nan,0.22,3.50,2.20,109.40,283.30
02-Mar-25 5:02:00 PM AEST,nan,50.3,22.2,nan,nan,nan,144.10,0.37,7.10,2.70,160.20,279.10
02-Mar-25 5:03:00 PM AEST,34.0,50.8,22.1,nan,nan,nan,206.00,0.23,4.70,1.90,202.80,275.80
02-Mar-25 5:04:00 PM AEST,nan,50.7,22.4,nan,nan,nan,167.90,0.21,3.50,2.10,167.90,271.60
02-Mar-25 5:05:00 PM AEST,nan,52.2,22.3,nan,nan,nan,164.20,0.24,4.70,2.40,162.50,269.20
02-Mar-25 5:06:00 PM AEST,33.8,51.5,22.8,nan,nan,nan,127.60,0.41,5.90,4.10,127.60,265.80
02-Mar-25 5:07:00 PM AEST,nan,52.2,22.4,nan,nan,nan,nan,0.08,2.40,0.80,127.70,261.60
02-Mar-25 5:07:05 PM AEST,33.9,nan,nan,nan,nan,nan,nan,nan,nan,nan,nan,nan
02-Mar-25 5:08:00 PM AEST,nan,51.3,22.7,nan,nan,nan,126.60,0.22,3.50,2.20,126.10,258.30
02-Mar-25 5:08:10 PM AEST,34.0,nan,nan,nan,nan,nan,nan,nan,nan,nan,nan,nan
02-Mar-25 5:09:00 PM AEST,nan,50.8,22.5,nan,nan,nan,119.30,0.34,4.70,3.40,119.10,254.90
02-Mar-25 5:09:15 PM AEST,33.9,nan,nan,nan,nan,nan,nan,nan,nan,nan,nan,nan
02-Mar-25 5:10:00 PM AEST,nan,nan,22.2,nan,nan,nan,108.70,0.35,5.90,3.50,108.80,250.80
02-Mar-25 5:10:20 PM AEST,33.7,nan,nan,nan,nan,nan,nan,nan,nan,nan,nan,nan
02-Mar-25 5:11:00 PM AEST,nan,50.3,22.1,nan,nan,nan,108.50,0.25,3.50,2.50,108.50,247.50
02-Mar-25 5:11:25 PM AEST,33.8,nan,nan,nan,nan,nan,nan,nan,nan,nan,nan,nan
02-Mar-25 5:12:00 PM AEST,nan,50.7,21.9,nan,nan,nan,nan,0.21,nan,2.10,nan,243.30
02-Mar-25 5:12:30 PM AEST,33.9,nan,nan,nan,nan,nan,nan,nan,nan,nan,nan,nan
02-Mar-25 5:13:00 PM AEST,nan,51.2,22.1,nan,nan,nan,nan,0.12,nan,1.20,108.20,240.00
02-Mar-25 5:13:35 PM AEST,33.8,nan,nan,nan,nan,nan,nan,nan,nan,nan,nan,nan
02-Mar-25 5:14:00 PM AEST,nan,51.5,22.4,nan,nan,nan,107.90,0.29,nan,2.90,108.00,235.80
02-Mar-25 5:15:00 PM AEST,nan,51.7,nan,nan,nan,nan,nan,0.27,4.70,2.70,107.90,231.60
02-Mar-25 5:16:00 PM AEST,33.7,50.8,nan,nan,nan,nan,nan,0.35,nan,3.50,nan,229.20
02-Mar-25 5:17:00 PM AEST,nan,51.3,22.1,nan,nan,nan,nan,0.33,nan,3.30,108.00,224.90
02-Mar-25 5:17:05 PM AEST,33.6,nan,nan,nan,nan,nan,nan,nan,nan,nan,nan,nan
02-Mar-25 5:18:00 PM AEST,nan,51.0,22.2,nan,nan,nan,nan,nan,nan,nan,nan,220.80
02-Mar-25 5:18:10 PM AEST,33.5,nan,nan,nan,nan,nan,nan,nan,nan,nan,nan,nan
02-Mar-25 5:19:00 PM AEST,nan,52.7,22.0,nan,nan,nan,nan,0.44,5.90,4.40,107.90,217.50
02-Mar-25 5:19:15 PM AEST,33.4,nan,nan,nan,nan,nan,nan,nan,nan,nan,nan,nan
02-Mar-25 5:20:00 PM AEST,nan,53.0,22.4,nan,nan,nan,nan,0.37,4.70,3.70,nan,214.10
02-Mar-25 5:20:20 PM AEST,33.2,nan,nan,nan,nan,nan,nan,nan,nan,nan,nan,nan
02-Mar-25 5:20:20 PM AEST,33.1,nan,nan,nan,nan,nan,nan,nan,nan,nan,nan,nan
02-Mar-25 5:21:00 PM AEST,nan,52.0,22.3,nan,nan,nan,104.10,0.45,5.90,4.50,103.90,210.80
02-Mar-25 5:22:00 PM AEST,nan,52.3,21.9,nan,nan,nan,101.40,0.41,4.70,4.10,101.40,207.50
02-Mar-25 5:23:00 PM AEST,33.0,51.3,22.0,nan,nan,nan,nan,0.38,5.90,3.80,nan,204.20
02-Mar-25 5:24:00 PM AEST,nan,52.8,21.6,nan,nan,nan,101.30,0.26,3.50,2.60,101.30,200.80
02-Mar-25 5:25:00 PM AEST,nan,54.5,22.1,nan,nan,nan,101.40,0.19,nan,1.90,101.40,196.60
02-Mar-25 5:26:00 PM AEST,33.1,55.0,22.6,nan,nan,nan,101.30,0.24,nan,2.40,101.30,193.30
02-Mar-25 5:27:00 PM AEST,nan,56.2,22.8,nan,nan,nan,nan,0.34,4.70,3.40,nan,190.80
02-Mar-25 5:27:05 PM AEST,33.0,nan,nan,nan,nan,nan,nan,nan,nan,nan,nan,nan
02-Mar-25 5:28:00 PM AEST,nan,55.3,23.1,nan,nan,nan,nan,0.37,nan,3.70,nan,186.70
02-Mar-25 5:28:10 PM AEST,32.8,nan,nan,nan,nan,nan,nan,nan,nan,nan,nan,nan
02-Mar-25 5:29:00 PM AEST,nan,54.5,22.7,nan,nan,nan,101.40,0.41,5.90,4.10,101.40,183.30
02-Mar-25 5:29:15 PM AEST,32.6,nan,nan,nan,nan,nan,nan,nan,nan,nan,nan,nan
02-Mar-25 5:30:00 PM AEST,nan,54.7,22.3,nan,nan,nan,95.00,0.42,nan,4.20,95.00,180.00
02-Mar-25 5:31:00 PM AEST,32.7,54.2,nan,nan,nan,nan,77.60,0.32,4.70,3.20,77.70,175.80
02-Mar-25 5:32:00 PM AEST,nan,56.5,22.2,nan,nan,nan,77.50,0.43,nan,4.30,77.50,173.30
02-Mar-25 5:32:05 PM AEST,32.6,nan,nan,nan,nan,nan,nan,nan,nan,nan,nan,nan
02-Mar-25 5:33:00 PM AEST,nan,56.7,22.8,nan,nan,nan,76.70,0.44,5.90,4.40,76.80,170.00
02-Mar-25 5:33:10 PM AEST,32.5,nan,nan,nan,nan,nan,nan,nan,nan,nan,nan,nan
02-Mar-25 5:34:00 PM AEST,nan,56.3,22.7,nan,nan,nan,74.40,0.38,nan,3.80,74.20,165.80
02-Mar-25 5:35:00 PM AEST,32.3,56.2,22.6,nan,nan,nan,72.90,0.49,nan,4.90,72.90,149.10
02-Mar-25 5:36:00 PM AEST,nan,56.8,22.4,nan,nan,nan,nan,nan,nan,4.80,73.00,74.20
02-Mar-25 5:36:05 PM AEST,32.1,nan,nan,nan,nan,nan,nan,nan,nan,nan,nan,nan
02-Mar-25 5:37:00 PM AEST,nan,57.0,nan,nan,nan,nan,nan,0.48,nan,nan,nan,18.30
02-Mar-25 5:37:10 PM AEST,31.7,nan,nan,nan,nan,nan,nan,nan,nan,nan,nan,nan
02-Mar-25 5:38:00 PM AEST,nan,57.7,22.2,nan,nan,nan,nan,0.31,4.70,3.10,72.90,14.20
02-Mar-25 5:38:15 PM AEST,31.5,nan,nan,nan,nan,nan,nan,nan,nan,nan,nan,nan
02-Mar-25 5:38:15 PM AEST,31.3,nan,nan,nan,nan,nan,nan,nan,nan,nan,nan,nan
02-Mar-25 5:39:00 PM AEST,nan,58.5,22.1,nan,nan,nan,nan,0.29,3.50,2.90,nan,13.30
02-Mar-25 5:40:00 PM AEST,31.1,58.8,22.2,nan,nan,nan,73.90,0.38,4.70,3.80,74.00,nan
02-Mar-25 5:41:00 PM AEST,nan,59.2,22.1,nan,nan,nan,74.80,0.40,nan,4.00,74.90,nan
02-Mar-25 5:41:05 PM AEST,30.8,nan,nan,nan,nan,nan,nan,nan,nan,nan,nan,nan
02-Mar-25 5:42:00 PM AEST,nan,59.5,21.9,nan,nan,nan,75.90,0.32,nan,3.20,76.10,11.70
02-Mar-25 5:42:10 PM AEST,30.6,nan,nan,nan,nan,nan,nan,nan,nan,nan,nan,nan
02-Mar-25 5:43:00 PM AEST,nan,60.3,21.8,nan,nan,nan,77.30,0.25,3.50,2.50,77.40,12.50
02-Mar-25 5:43:15 PM AEST,30.4,nan,nan,nan,nan,nan,nan,nan,nan,nan,nan,nan
02-Mar-25 5:44:00 PM AEST,nan,60.8,nan,nan,nan,nan,nan,0.31,nan,3.10,nan,11.70
02-Mar-25 5:44:20 PM AEST,30.2,nan,nan,nan,nan,nan,nan,nan,nan,nan,nan,nan
02-Mar-25 5:45:00 PM AEST,nan,61.3,nan,nan,nan,nan,nan,0.28,nan,2.80,nan,12.50
02-Mar-25 5:45:25 PM AEST,30.0,nan,nan,nan,nan,nan,nan,nan,nan,nan,nan,nan
02-Mar-25 5:46:00 PM AEST,nan,61.8,21.7,nan,nan,nan,nan,0.24,nan,2.40,nan,11.70
02-Mar-25 5:46:30 PM AEST,29.8,nan,nan,nan,nan,nan,nan,nan,nan,nan,nan,nan
02-Mar-25 5:47:00 PM AEST,nan,nan,nan,nan,nan,nan,nan,0.04,2.40,0.40,77.50,12.50
02-Mar-25 5:47:35 PM AEST,29.7,nan,nan,nan,nan,nan,nan,nan,nan,nan,nan,nan
02-Mar-25 5:48:00 PM AEST,nan,62.3,nan,nan,nan,nan,nan,0.01,1.20,0.10,77.70,6552.60
02-Mar-25 5:48:40 PM AEST,29.6,nan,nan,nan,nan,nan,nan,nan,nan,nan,nan,nan
02-Mar-25 5:49:00 PM AEST,nan,62.7,nan,nan,nan,nan,nan,0.00,0.00,0.00,0.00,11.70
02-Mar-25 5:50:00 PM AEST,nan,nan,nan,nan,nan,nan,nan,0.03,1.20,0.30,77.50,6552.60
02-Mar-25 5:51:00 PM AEST,29.5,63.3,nan,nan,nan,nan,nan,0.00,0.00,0.00,0.00,nan
02-Mar-25 5:52:00 PM AEST,nan,nan,21.8,nan,nan,nan,nan,nan,nan,nan,nan,nan
02-Mar-25 5:53:00 PM AEST,29.3,nan,nan,nan,nan,nan,nan,0.18,4.70,1.80,77.40,nan
02-Mar-25 5:54:00 PM AEST,nan,64.0,21.6,nan,nan,nan,nan,0.39,nan,3.90,77.30,nan
02-Mar-25 5:54:05 PM AEST,29.1,nan,nan,nan,nan,nan,nan,nan,nan,nan,nan,nan
02-Mar-25 5:55:00 PM AEST,nan,nan,nan,nan,nan,nan,nan,0.32,5.90,3.20,77.40,nan
02-Mar-25 5:55:10 PM AEST,28.9,nan,nan,nan,nan,nan,nan,nan,nan,nan,nan,nan
02-Mar-25 5:56:00 PM AEST,nan,65.0,21.4,nan,nan,nan,nan,0.17,2.40,1.70,nan,nan
02-Mar-25 5:56:15 PM AEST,28.7,nan,nan,nan,nan,nan,nan,nan,nan,nan,nan,nan
02-Mar-25 5:57:00 PM AEST,nan,64.8,21.5,nan,nan,nan,nan,0.40,5.90,4.00,77.30,nan
02-Mar-25 5:57:20 PM AEST,28.6,nan,nan,nan,nan,nan,nan,nan,nan,nan,nan,nan
02-Mar-25 5:58:00 PM AEST,nan,64.7,21.3,nan,nan,nan,nan,0.41,nan,4.10,77.50,nan
02-Mar-25 5:58:25 PM AEST,28.4,nan,nan,nan,nan,nan,nan,nan,nan,nan,nan,nan
02-Mar-25 5:59:00 PM AEST,nan,65.2,21.1,nan,nan,nan,nan,0.27,3.50,2.70,nan,10.00
02-Mar-25 6:00:00 PM AEST,nan,65.5,21.2,nan,nan,nan,nan,0.02,1.20,0.20,78.20,10.80
02-Mar-25 6:00:12 PM AEST,nan,nan,nan,nan,nan,65.53,nan,nan,nan,nan,nan,nan
02-Mar-25 6:01:00 PM AEST,nan,66.3,21.3,nan,nan,nan,nan,0.01,nan,0.10,77.70,10.00
02-Mar-25 6:02:00 PM AEST,28.3,nan,21.5,nan,nan,nan,77.50,0.05,2.40,0.50,77.80,nan
02-Mar-25 6:03:00 PM AEST,nan,66.8,21.4,nan,nan,nan,77.30,0.00,0.00,0.00,0.00,6552.60
02-Mar-25 6:04:00 PM AEST,nan,67.0,21.5,nan,nan,nan,nan,0.01,1.20,0.10,79.40,10.00
02-Mar-25 6:05:00 PM AEST,28.2,67.2,21.6,nan,nan,nan,nan,0.12,2.40,1.20,77.60,9.10
02-Mar-25 6:06:00 PM AEST,nan,67.8,21.5,nan,nan,nan,nan,0.00,0.00,0.00,0.00,9.20
02-Mar-25 6:06:05 PM AEST,28.1,nan,nan,nan,nan,nan,nan,nan,nan,nan,nan,nan
02-Mar-25 6:07:00 PM AEST,nan,68.0,21.6,nan,nan,nan,nan,0.12,2.40,1.20,77.60,8.30
02-Mar-25 6:08:00 PM AEST,27.9,68.3,nan,nan,nan,nan,nan,0.09,nan,0.90,77.40,9.10
02-Mar-25 6:09:00 PM AEST,nan,68.8,21.5,nan,nan,nan,nan,0.00,0.00,0.00,0.00,8.30
02-Mar-25 6:10:00 PM AEST,nan,nan,21.6,nan,nan,nan,nan,nan,nan,nan,nan,nan
02-Mar-25 6:11:00 PM AEST,27.8,69.0,nan,nan,nan,nan,77.50,nan,nan,nan,nan,6552.60
02-Mar-25 6:12:00 PM AEST,nan,69.3,nan,nan,nan,nan,77.30,0.05,1.20,0.50,77.60,8.30
02-Mar-25 6:13:00 PM AEST,27.7,69.2,nan,nan,nan,nan,nan,0.16,2.40,1.60,77.50,nan
02-Mar-25 6:14:00 PM AEST,nan,69.0,21.5,nan,nan,nan,77.50,0.26,3.50,2.60,nan,nan
02-Mar-25 6:14:05 PM AEST,27.6,nan,nan,nan,nan,nan,nan,nan,nan,nan,nan,nan
02-Mar-25 6:15:00 PM AEST,nan,69.2,21.4,nan,nan,nan,77.30,0.19,2.40,1.90,77.40,7.50
02-Mar-25 6:15:10 PM AEST,27.5,nan,nan,nan,nan,nan,nan,nan,nan,nan,nan,nan
02-Mar-25 6:16:00 PM AEST,nan,69.3,nan,nan,nan,nan,77.50,0.16,nan,1.60,77.50,8.30
02-Mar-25 6:16:15 PM AEST,27.4,nan,nan,nan,nan,nan,nan,nan,nan,nan,nan,nan
02-Mar-25 6:17:00 PM AEST,nan,70.2,21.3,nan,nan,nan,77.30,nan,nan,nan,77.40,7.50
02-Mar-25 6:18:00 PM AEST,27.2,70.7,21.4,nan,nan,nan,nan,0.05,nan,0.50,nan,6552.60
02-Mar-25 6:19:00 PM AEST,nan,70.8,nan,nan,nan,nan,nan,0.00,0.00,0.00,0.00,nan
02-Mar-25 6:20:00 PM AEST,nan,71.2,nan,nan,nan,nan,nan,nan,nan,nan,nan,nan
02-Mar-25 6:21:00 PM AEST,27.0,nan,21.5,nan,nan,nan,nan,nan,nan,nan,nan,nan
02-Mar-25 6:22:00 PM AEST,nan,71.5,21.4,nan,nan,nan,77.50,0.01,1.20,0.10,79.40,6.60
02-Mar-25 6:23:00 PM AEST,nan,71.8,nan,nan,nan,nan,77.30,0.00,0.00,0.00,0.00,6.70
02-Mar-25 6:24:00 PM AEST,nan,72.5,21.5,nan,nan,nan,77.50,nan,nan,nan,nan,6552.60
02-Mar-25 6:25:00 PM AEST,nan,72.7,21.7,nan,nan,nan,77.30,nan,nan,nan,nan,nan
02-Mar-25 6:26:00 PM AEST,nan,73.2,nan,nan,nan,nan,nan,nan,nan,nan,nan,nan
02-Mar-25 6:27:00 PM AEST,26.9,nan,21.8,nan,nan,nan,77.50,0.01,1.20,0.10,77.70,nan
02-Mar-25 6:28:00 PM AEST,nan,73.7,21.7,nan,nan,nan,nan,0.10,2.40,1.00,77.50,nan
02-Mar-25 6:28:05 PM AEST,26.8,nan,nan,nan,nan,nan,nan,nan,nan,nan,nan,nan
02-Mar-25 6:29:00 PM AEST,nan,74.0,nan,nan,nan,nan,nan,0.04,1.20,0.40,77.80,5.00
02-Mar-25 6:30:00 PM AEST,26.7,74.5,nan,nan,nan,nan,77.30,0.00,0.00,0.00,0.00,nan
02-Mar-25 6:31:00 PM AEST,nan,nan,21.8,nan,nan,nan,nan,nan,nan,nan,nan,nan
02-Mar-25 6:31:05 PM AEST,26.6,nan,nan,nan,nan,nan,nan,nan,nan,nan,nan,nan
02-Mar-25 6:32:00 PM AEST,nan,74.7,21.7,nan,nan,nan,77.50,nan,nan,nan,nan,4.10
02-Mar-25 6:32:10 PM AEST,26.5,nan,nan,nan,nan,nan,nan,nan,nan,nan,nan,nan
02-Mar-25 6:33:00 PM AEST,nan,nan,nan,nan,nan,nan,77.30,0.11,2.40,1.10,77.40,nan
02-Mar-25 6:33:15 PM AEST,26.4,nan,nan,nan,nan,nan,nan,nan,nan,nan,nan,nan
02-Mar-25 6:34:00 PM AEST,nan,75.0,21.6,nan,nan,nan,77.50,0.02,1.20,0.20,77.80,4.20
02-Mar-25 6:34:20 PM AEST,26.3,nan,nan,nan,nan,nan,nan,nan,nan,nan,nan,nan
02-Mar-25 6:35:00 PM AEST,nan,75.2,nan,nan,nan,nan,77.30,0.00,0.00,0.00,0.00,3.30
02-Mar-25 6:36:00 PM AEST,nan,75.3,nan,nan,nan,nan,nan,nan,nan,nan,nan,nan
02-Mar-25 6:37:00 PM AEST,nan,75.7,nan,nan,nan,nan,77.50,nan,nan,nan,nan,nan
02-Mar-25 6:38:00 PM AEST,nan,76.0,21.7,nan,nan,nan,nan,nan,nan,nan,nan,nan
02-Mar-25 6:39:00 PM AEST,26.2,76.2,nan,nan,nan,nan,77.30,nan,nan,nan,nan,2.50
02-Mar-25 6:40:00 PM AEST,nan,nan,nan,nan,nan,nan,nan,nan,nan,nan,nan,1.70
02-Mar-25 6:41:00 PM AEST,nan,76.5,21.6,nan,nan,nan,77.50,nan,nan,nan,nan,nan
02-Mar-25 6:42:00 PM AEST,26.1,76.7,21.7,nan,nan,nan,nan,nan,nan,nan,nan,1.60
02-Mar-25 6:43:00 PM AEST,nan,nan,nan,nan,nan,nan,77.30,nan,nan,nan,nan,1.70
02-Mar-25 6:44:00 PM AEST,nan,77.0,nan,nan,nan,nan,77.50,nan,nan,nan,nan,0.80
02-Mar-25 6:45:00 PM AEST,26.0,76.8,nan,nan,nan,nan,nan,nan,nan,nan,nan,nan
02-Mar-25 6:46:00 PM AEST,nan,77.2,21.6,nan,nan,nan,77.30,nan,nan,nan,nan,nan
02-Mar-25 6:46:05 PM AEST,25.9,nan,nan,nan,nan,nan,nan,nan,nan,nan,nan,nan
02-Mar-25 6:47:00 PM AEST,nan,77.5,nan,nan,nan,nan,77.50,nan,nan,nan,nan,0.00
02-Mar-25 6:48:00 PM AEST,25.8,77.7,21.7,nan,nan,nan,77.30,nan,nan,nan,nan,nan
02-Mar-25 6:49:00 PM AEST,nan,nan,21.6,nan,nan,nan,nan,nan,nan,nan,nan,nan
02-Mar-25 6:50:00 PM AEST,25.7,77.8,nan,nan,nan,nan,nan,nan,nan,nan,nan,nan
02-Mar-25 6:51:00 PM AEST,nan,78.0,21.5,nan,nan,nan,77.50,nan,nan,nan,nan,nan
02-Mar-25 6:52:00 PM AEST,nan,nan,nan,nan,nan,nan,77.30,nan,nan,nan,nan,nan
02-Mar-25 6:53:00 PM AEST,25.6,78.2,nan,nan,nan,nan,77.50,nan,nan,nan,nan,nan
02-Mar-25 6:54:00 PM AEST,nan,78.5,nan,nan,nan,nan,77.30,nan,nan,nan,nan,nan
02-Mar-25 6:54:05 PM AEST,25.5,nan,nan,nan,nan,nan,nan,nan,nan,nan,nan,nan
02-Mar-25 6:55:00 PM AEST,nan,78.7,nan,nan,nan,nan,nan,nan,nan,nan,nan,nan
02-Mar-25 6:55:10 PM AEST,25.4,nan,nan,nan,nan,nan,nan,nan,nan,nan,nan,nan
02-Mar-25 6:56:00 PM AEST,nan,78.8,nan,nan,nan,nan,nan,nan,nan,nan,nan,nan
02-Mar-25 6:58:00 PM AEST,25.3,79.0,21.4,nan,nan,nan,nan,nan,nan,nan,nan,nan
02-Mar-25 6:59:00 PM AEST,nan,79.3,nan,nan,nan,nan,nan,nan,nan,nan,nan,nan
02-Mar-25 7:00:00 PM AEST,nan,79.5,21.5,nan,nan,nan,nan,nan,nan,nan,nan,nan
02-Mar-25 7:00:13 PM AEST,nan,nan,nan,nan,nan,65.53,nan,nan,nan,nan,nan,nan
02-Mar-25 7:02:00 PM AEST,nan,nan,nan,nan,nan,nan,77.20,nan,nan,nan,nan,nan
02-Mar-25 7:03:00 PM AEST,nan,79.7,nan,nan,nan,nan,77.30,nan,nan,nan,nan,nan
02-Mar-25 7:04:00 PM AEST,nan,79.8,nan,nan,nan,nan,nan,nan,nan,nan,nan,nan
02-Mar-25 7:05:00 PM AEST,25.2,80.0,nan,nan,nan,nan,nan,nan,nan,nan,nan,nan
02-Mar-25 7:07:00 PM AEST,25.1,80.3,nan,nan,nan,nan,nan,nan,nan,nan,nan,nan
02-Mar-25 7:08:00 PM AEST,nan,80.5,nan,nan,nan,nan,nan,nan,nan,nan,nan,nan
02-Mar-25 7:09:00 PM AEST,25.0,nan,nan,nan,nan,nan,77.20,nan,nan,nan,nan,nan
02-Mar-25 7:10:00 PM AEST,nan,80.8,21.4,nan,nan,nan,77.30,nan,nan,nan,nan,nan
02-Mar-25 7:11:00 PM AEST,nan,nan,21.5,nan,nan,nan,77.20,nan,nan,nan,nan,0.80
02-Mar-25 7:12:00 PM AEST,nan,80.7,nan,nan,nan,nan,77.30,nan,nan,nan,nan,0.00
02-Mar-25 7:13:00 PM AEST,nan,81.0,21.4,nan,nan,nan,77.20,nan,nan,nan,nan,nan
02-Mar-25 7:14:00 PM AEST,24.9,nan,21.5,nan,nan,nan,77.30,nan,nan,nan,nan,nan
02-Mar-25 7:15:00 PM AEST,nan,nan,21.4,nan,nan,nan,nan,nan,nan,nan,nan,nan
02-Mar-25 7:16:00 PM AEST,nan,nan,nan,nan,nan,nan,77.20,nan,nan,nan,nan,nan
02-Mar-25 7:17:00 PM AEST,nan,81.2,nan,nan,nan,nan,77.30,nan,nan,nan,nan,nan
02-Mar-25 7:18:00 PM AEST,24.8,81.3,nan,nan,nan,nan,77.20,nan,nan,nan,nan,nan
02-Mar-25 7:19:00 PM AEST,nan,81.5,nan,nan,nan,nan,nan,nan,nan,nan,nan,nan
02-Mar-25 7:19:05 PM AEST,24.7,nan,nan,nan,nan,nan,nan,nan,nan,nan,nan,nan
02-Mar-25 7:20:00 PM AEST,nan,81.8,21.3,nan,nan,nan,nan,nan,nan,nan,nan,nan
02-Mar-25 7:21:00 PM AEST,24.6,nan,21.4,nan,nan,nan,77.30,nan,nan,nan,nan,nan
02-Mar-25 7:22:00 PM AEST,nan,nan,21.3,nan,nan,nan,77.20,nan,nan,nan,nan,nan
02-Mar-25 7:23:00 PM AEST,nan,82.0,nan,nan,nan,nan,nan,nan,nan,nan,nan,nan
02-Mar-25 7:25:00 PM AEST,nan,82.2,nan,nan,nan,nan,nan,nan,nan,nan,nan,nan
02-Mar-25 7:26:00 PM AEST,24.5,82.5,nan,nan,nan,nan,nan,nan,nan,nan,nan,nan
02-Mar-25 7:27:00 PM AEST,nan,nan,nan,nan,nan,nan,77.30,nan,nan,nan,nan,nan
02-Mar-25 7:28:00 PM AEST,nan,82.7,nan,nan,nan,nan,77.20,nan,nan,nan,nan,nan
02-Mar-25 7:29:00 PM AEST,nan,82.8,21.4,nan,nan,nan,nan,nan,nan,nan,nan,nan
02-Mar-25 7:30:00 PM AEST,24.4,82.7,21.3,nan,nan,nan,nan,nan,nan,nan,nan,nan
02-Mar-25 7:32:00 PM AEST,nan,82.8,nan,nan,nan,nan,nan,nan,nan,nan,nan,nan
02-Mar-25 7:33:00 PM AEST,24.3,83.0,nan,nan,nan,nan,77.30,nan,nan,nan,nan,nan
02-Mar-25 7:34:00 PM AEST,nan,83.2,nan,nan,nan,nan,77.20,nan,nan,nan,nan,nan
02-Mar-25 7:35:00 PM AEST,nan,83.3,nan,nan,nan,nan,77.30,nan,nan,nan,nan,nan
02-Mar-25 7:36:00 PM AEST,nan,83.5,nan,nan,nan,nan,77.20,nan,nan,nan,nan,nan
02-Mar-25 7:37:00 PM AEST,nan,83.7,nan,nan,nan,nan,77.30,nan,nan,nan,nan,nan
02-Mar-25 7:38:00 PM AEST,nan,83.8,nan,nan,nan,nan,77.20,nan,nan,nan,nan,nan
02-Mar-25 7:39:00 PM AEST,24.2,84.0,21.4,nan,nan,nan,nan,nan,nan,nan,nan,nan
02-Mar-25 7:40:00 PM AEST,nan,84.2,21.3,nan,nan,nan,77.30,nan,nan,nan,nan,nan
02-Mar-25 7:41:00 PM AEST,24.1,84.3,nan,nan,nan,nan,77.20,nan,nan,nan,nan,nan
02-Mar-25 7:42:00 PM AEST,nan,84.5,nan,nan,nan,nan,nan,nan,nan,nan,nan,nan
02-Mar-25 7:44:00 PM AEST,24.0,84.7,nan,nan,nan,nan,nan,nan,nan,nan,nan,nan
02-Mar-25 7:45:00 PM AEST,nan,84.5,nan,nan,nan,nan,77.30,nan,nan,nan,nan,nan
02-Mar-25 7:46:00 PM AEST,nan,84.7,nan,nan,nan,nan,77.20,nan,nan,nan,nan,nan
02-Mar-25 7:47:00 PM AEST,nan,84.8,nan,nan,nan,nan,nan,nan,nan,nan,nan,0.80
02-Mar-25 7:48:00 PM AEST,nan,84.7,nan,nan,nan,nan,77.30,nan,nan,nan,nan,0.00
02-Mar-25 7:49:00 PM AEST,nan,84.8,nan,nan,nan,nan,nan,nan,nan,nan,nan,nan
02-Mar-25 7:50:00 PM AEST,nan,85.0,nan,nan,nan,nan,77.20,nan,nan,nan,nan,nan
02-Mar-25 7:51:00 PM AEST,23.9,nan,nan,nan,nan,nan,nan,nan,nan,nan,nan,nan
02-Mar-25 7:52:00 PM AEST,nan,85.2,nan,nan,nan,nan,77.30,nan,nan,nan,nan,nan
02-Mar-25 7:54:00 PM AEST,nan,85.5,nan,nan,nan,nan,nan,nan,nan,nan,nan,nan
02-Mar-25 7:55:00 PM AEST,nan,85.7,nan,nan,nan,nan,nan,nan,nan,nan,nan,nan
02-Mar-25 7:56:00 PM AEST,nan,85.8,nan,nan,nan,nan,77.20,nan,nan,nan,nan,nan
02-Mar-25 7:57:00 PM AEST,nan,86.0,21.4,nan,nan,nan,77.30,nan,nan,nan,nan,nan
02-Mar-25 7:58:00 PM AEST,nan,86.2,nan,nan,nan,nan,nan,nan,nan,nan,nan,nan
02-Mar-25 7:59:00 PM AEST,nan,86.0,nan,nan,nan,nan,77.20,nan,nan,nan,nan,nan
02-Mar-25 8:01:00 PM AEST,23.8,86.3,nan,nan,nan,nan,nan,nan,nan,nan,nan,nan
02-Mar-25 8:02:00 PM AEST,nan,86.2,nan,nan,nan,nan,77.30,nan,nan,nan,nan,nan
02-Mar-25 8:03:00 PM AEST,nan,nan,21.3,nan,nan,nan,nan,nan,nan,nan,nan,nan
02-Mar-25 8:04:00 PM AEST,23.7,86.3,nan,nan,nan,nan,nan,nan,nan,nan,nan,nan
02-Mar-25 8:07:00 PM AEST,nan,86.7,nan,nan,nan,nan,nan,nan,nan,nan,nan,nan
02-Mar-25 8:08:00 PM AEST,nan,nan,nan,nan,nan,nan,77.20,nan,nan,nan,nan,nan
02-Mar-25 8:09:00 PM AEST,nan,86.8,nan,nan,nan,nan,nan,nan,nan,nan,nan,nan
02-Mar-25 8:11:00 PM AEST,23.6,87.2,nan,nan,nan,nan,77.30,nan,nan,nan,nan,nan
02-Mar-25 8:12:00 PM AEST,nan,nan,21.4,nan,nan,nan,nan,nan,nan,nan,nan,nan
02-Mar-25 8:13:00 PM AEST,nan,87.3,nan,nan,nan,nan,77.20,nan,nan,nan,nan,nan
02-Mar-25 8:14:00 PM AEST,nan,87.7,nan,nan,nan,nan,nan,nan,nan,nan,nan,nan
02-Mar-25 8:15:00 PM AEST,nan,87.5,21.5,nan,nan,nan,nan,nan,nan,nan,nan,nan
02-Mar-25 8:16:00 PM AEST,nan,nan,21.4,nan,nan,nan,nan,nan,nan,nan,nan,nan
02-Mar-25 8:17:00 PM AEST,nan,87.3,nan,nan,nan,nan,nan,nan,nan,nan,nan,nan
02-Mar-25 8:19:00 PM AEST,23.5,87.5,21.3,nan,nan,nan,77.30,nan,nan,nan,nan,nan
02-Mar-25 8:21:00 PM AEST,nan,87.8,nan,nan,nan,nan,77.20,nan,nan,nan,nan,nan
02-Mar-25 8:24:00 PM AEST,23.4,nan,21.4,nan,nan,nan,77.30,nan,nan,nan,nan,0.80
02-Mar-25 8:25:00 PM AEST,nan,88.0,21.3,nan,nan,nan,77.20,nan,nan,nan,nan,0.00
02-Mar-25 8:26:00 PM AEST,23.5,88.2,nan,nan,nan,nan,nan,nan,nan,nan,nan,nan
02-Mar-25 8:27:00 PM AEST,nan,nan,21.4,nan,nan,nan,nan,nan,nan,nan,nan,nan
02-Mar-25 8:27:05 PM AEST,23.4,nan,nan,nan,nan,nan,nan,nan,nan,nan,nan,nan
02-Mar-25 8:28:00 PM AEST,nan,88.3,21.3,nan,nan,nan,nan,nan,nan,nan,nan,nan
02-Mar-25 8:29:00 PM AEST,nan,nan,21.4,nan,nan,nan,77.30,nan,nan,nan,nan,nan
02-Mar-25 8:30:00 PM AEST,nan,nan,nan,nan,nan,nan,77.20,nan,nan,nan,nan,nan
02-Mar-25 8:31:00 PM AEST,nan,88.7,nan,nan,nan,nan,nan,nan,nan,nan,nan,nan
02-Mar-25 8:32:00 PM AEST,nan,nan,nan,nan,nan,nan,77.30,nan,nan,nan,nan,nan
02-Mar-25 8:33:00 PM AEST,nan,nan,nan,nan,nan,nan,77.20,nan,nan,nan,nan,nan
02-Mar-25 8:34:00 PM AEST,23.3,nan,nan,nan,nan,nan,nan,nan,nan,nan,nan,nan
02-Mar-25 8:36:00 PM AEST,nan,88.8,21.3,nan,nan,nan,nan,nan,nan,nan,nan,nan
02-Mar-25 8:37:00 PM AEST,nan,88.7,21.4,nan,nan,nan,nan,nan,nan,nan,nan,nan
02-Mar-25 8:38:00 PM AEST,nan,nan,21.3,nan,nan,nan,77.30,nan,nan,nan,nan,nan
02-Mar-25 8:39:00 PM AEST,nan,88.8,nan,nan,nan,nan,77.20,nan,nan,nan,nan,nan
02-Mar-25 8:40:00 PM AEST,23.2,nan,nan,nan,nan,nan,77.30,nan,nan,nan,nan,nan
02-Mar-25 8:41:00 PM AEST,nan,89.2,21.2,nan,nan,nan,nan,nan,nan,nan,nan,nan
02-Mar-25 8:42:00 PM AEST,23.3,89.0,21.3,nan,nan,nan,nan,nan,nan,nan,nan,nan
02-Mar-25 8:43:05 PM AEST,23.2,nan,nan,nan,nan,nan,nan,nan,nan,nan,nan,nan
02-Mar-25 8:44:00 PM AEST,nan,nan,nan,nan,nan,nan,77.20,nan,nan,nan,nan,nan
02-Mar-25 8:45:00 PM AEST,nan,89.2,nan,nan,nan,nan,nan,nan,nan,nan,nan,nan
02-Mar-25 8:46:00 PM AEST,nan,89.3,nan,nan,nan,nan,nan,nan,nan,nan,nan,nan
02-Mar-25 8:47:00 PM AEST,nan,89.5,nan,nan,nan,nan,nan,nan,nan,nan,nan,nan
02-Mar-25 8:48:00 PM AEST,nan,nan,21.4,nan,nan,nan,77.30,nan,nan,nan,nan,nan
02-Mar-25 8:49:00 PM AEST,nan,89.7,nan,nan,nan,nan,77.20,nan,nan,nan,nan,nan
02-Mar-25 8:50:00 PM AEST,nan,89.5,nan,nan,nan,nan,77.30,nan,nan,nan,nan,nan
02-Mar-25 8:51:00 PM AEST,nan,89.7,nan,nan,nan,nan,nan,nan,nan,nan,nan,nan
02-Mar-25 8:52:00 PM AEST,nan,89.8,nan,nan,nan,nan,77.20,nan,nan,nan,nan,nan
02-Mar-25 8:54:00 PM AEST,nan,90.0,nan,nan,nan,nan,77.30,nan,nan,nan,nan,nan
02-Mar-25 8:57:00 PM AEST,23.1,89.8,nan,nan,nan,nan,77.20,nan,nan,nan,nan,nan
02-Mar-25 8:58:00 PM AEST,nan,90.0,nan,nan,nan,nan,77.30,nan,nan,nan,nan,nan
02-Mar-25 8:59:00 PM AEST,nan,nan,nan,nan,nan,nan,77.20,nan,nan,nan,nan,nan
02-Mar-25 9:01:00 PM AEST,nan,90.2,nan,nan,nan,nan,77.30,nan,nan,nan,nan,0.80
02-Mar-25 9:01:00 PM AEST,nan,90.0,nan,nan,nan,nan,77.30,nan,nan,nan,nan,0.00
02-Mar-25 9:02:00 PM AEST,nan,90.2,nan,nan,nan,nan,77.20,nan,nan,nan,nan,nan
02-Mar-25 9:03:00 PM AEST,nan,90.5,nan,nan,nan,nan,77.30,nan,nan,nan,nan,nan
02-Mar-25 9:04:00 PM AEST,nan,90.3,21.5,nan,nan,nan,nan,nan,nan,nan,nan,nan
02-Mar-25 9:05:00 PM AEST,nan,90.5,21.4,nan,nan,nan,nan,nan,nan,nan,nan,nan
02-Mar-25 9:07:00 PM AEST,nan,nan,nan,nan,nan,nan,77.20,nan,nan,nan,nan,nan
02-Mar-25 9:08:00 PM AEST,nan,nan,nan,nan,nan,nan,77.30,nan,nan,nan,nan,nan
02-Mar-25 9:09:00 PM AEST,nan,90.7,nan,nan,nan,nan,nan,nan,nan,nan,nan,nan
02-Mar-25 9:10:00 PM AEST,23.0,nan,21.5,nan,nan,nan,77.20,nan,nan,nan,nan,nan
02-Mar-25 9:11:00 PM AEST,nan,nan,21.4,nan,nan,nan,nan,nan,nan,nan,nan,nan
02-Mar-25 9:13:00 PM AEST,nan,90.8,nan,nan,nan,nan,77.30,nan,nan,nan,nan,nan
02-Mar-25 9:14:00 PM AEST,nan,90.7,21.5,nan,nan,nan,77.20,nan,nan,nan,nan,nan
02-Mar-25 9:15:00 PM AEST,nan,nan,21.4,nan,nan,nan,77.30,nan,nan,nan,nan,nan
02-Mar-25 9:16:00 PM AEST,nan,90.8,nan,nan,nan,nan,nan,nan,nan,nan,nan,nan
02-Mar-25 9:17:00 PM AEST,nan,91.0,nan,nan,nan,nan,77.20,nan,nan,nan,nan,nan
02-Mar-25 9:19:00 PM AEST,22.9,nan,nan,nan,nan,nan,nan,nan,nan,nan,nan,nan
02-Mar-25 9:20:00 PM AEST,nan,91.2,nan,nan,nan,nan,77.30,nan,nan,nan,nan,nan
02-Mar-25 9:21:00 PM AEST,nan,nan,nan,nan,nan,nan,77.20,nan,nan,nan,nan,nan
02-Mar-25 9:22:00 PM AEST,nan,91.0,nan,nan,nan,nan,nan,nan,nan,nan,nan,nan
02-Mar-25 9:23:00 PM AEST,nan,91.2,nan,nan,nan,nan,77.30,nan,nan,nan,nan,nan
02-Mar-25 9:24:00 PM AEST,nan,91.3,nan,nan,nan,nan,77.20,nan,nan,nan,nan,nan
02-Mar-25 9:25:00 PM AEST,nan,91.2,nan,nan,nan,nan,nan,nan,nan,nan,nan,nan
02-Mar-25 9:26:00 PM AEST,nan,91.3,21.3,nan,nan,nan,77.30,nan,nan,nan,nan,nan
02-Mar-25 9:27:00 PM AEST,nan,nan,21.4,nan,nan,nan,77.20,nan,nan,nan,nan,nan
02-Mar-25 9:28:00 PM AEST,nan,91.5,nan,nan,nan,nan,nan,nan,nan,nan,nan,nan
02-Mar-25 9:30:00 PM AEST,22.8,91.3,nan,nan,nan,nan,nan,nan,nan,nan,nan,nan
02-Mar-25 9:31:00 PM AEST,nan,91.5,21.3,nan,nan,nan,nan,nan,nan,nan,nan,nan
02-Mar-25 9:32:00 PM AEST,nan,nan,21.4,nan,nan,nan,77.30,nan,nan,nan,nan,nan
02-Mar-25 9:33:00 PM AEST,nan,91.7,21.3,nan,nan,nan,77.20,nan,nan,nan,nan,nan
02-Mar-25 9:34:00 PM AEST,nan,91.5,21.4,nan,nan,nan,77.30,nan,nan,nan,nan,nan
02-Mar-25 9:35:00 PM AEST,nan,91.3,21.3,nan,nan,nan,77.20,nan,nan,nan,nan,nan
02-Mar-25 9:36:00 PM AEST,nan,91.7,nan,nan,nan,nan,nan,nan,nan,nan,nan,nan
02-Mar-25 9:37:00 PM AEST,nan,91.5,nan,nan,nan,nan,nan,nan,nan,nan,nan,0.80
02-Mar-25 9:38:00 PM AEST,nan,91.7,nan,nan,nan,nan,nan,nan,nan,nan,nan,0.00
02-Mar-25 9:39:00 PM AEST,22.7,91.5,nan,nan,nan,nan,77.30,nan,nan,nan,nan,nan
02-Mar-25 9:40:00 PM AEST,nan,91.7,nan,nan,nan,nan,nan,nan,nan,nan,nan,nan
02-Mar-25 9:40:05 PM AEST,22.8,nan,nan,nan,nan,nan,nan,nan,nan,nan,nan,nan
02-Mar-25 9:41:00 PM AEST,nan,nan,nan,nan,nan,nan,77.20,nan,nan,nan,nan,nan
02-Mar-25 9:42:00 PM AEST,nan,91.8,nan,nan,nan,nan,77.30,nan,nan,nan,nan,nan
02-Mar-25 9:43:00 PM AEST,nan,92.0,21.4,nan,nan,nan,77.20,nan,nan,nan,nan,nan
02-Mar-25 9:44:00 PM AEST,nan,nan,21.5,nan,nan,nan,77.30,nan,nan,nan,nan,nan
02-Mar-25 9:45:00 PM AEST,nan,92.2,nan,nan,nan,nan,77.20,nan,nan,nan,nan,nan
02-Mar-25 9:46:00 PM AEST,nan,92.0,nan,nan,nan,nan,77.30,nan,nan,nan,nan,nan
02-Mar-25 9:47:00 PM AEST,nan,nan,21.4,nan,nan,nan,77.20,nan,nan,nan,nan,nan
02-Mar-25 9:48:00 PM AEST,nan,92.2,nan,nan,nan,nan,77.30,nan,nan,nan,nan,nan
02-Mar-25 9:49:00 PM AEST,22.7,92.0,21.5,nan,nan,nan,77.20,nan,nan,nan,nan,nan
02-Mar-25 9:50:00 PM AEST,nan,92.2,21.4,nan,nan,nan,nan,nan,nan,nan,nan,nan
02-Mar-25 9:51:00 PM AEST,22.8,92.3,nan,nan,nan,nan,nan,nan,nan,nan,nan,nan
02-Mar-25 9:52:00 PM AEST,nan,92.2,21.5,nan,nan,nan,nan,nan,nan,nan,nan,nan
02-Mar-25 9:52:05 PM AEST,22.7,nan,nan,nan,nan,nan,nan,nan,nan,nan,nan,nan
02-Mar-25 9:53:00 PM AEST,nan,92.3,21.4,nan,nan,nan,nan,nan,nan,nan,nan,nan
02-Mar-25 9:54:00 PM AEST,nan,92.2,nan,nan,nan,nan,nan,nan,nan,nan,nan,nan
02-Mar-25 9:55:00 PM AEST,nan,92.3,nan,nan,nan,nan,nan,nan,nan,nan,nan,nan
02-Mar-25 9:56:00 PM AEST,nan,92.2,nan,nan,nan,nan,nan,nan,nan,nan,nan,nan
02-Mar-25 9:57:00 PM AEST,nan,92.3,21.3,nan,nan,nan,nan,nan,nan,nan,nan,nan
02-Mar-25 9:58:00 PM AEST,nan,nan,21.4,nan,nan,nan,nan,nan,nan,nan,nan,nan
02-Mar-25 9:59:00 PM AEST,nan,92.5,nan,nan,nan,nan,nan,nan,nan,nan,nan,nan
02-Mar-25 10:01:00 PM AEST,nan,92.7,nan,nan,nan,nan,77.30,nan,nan,nan,nan,nan
02-Mar-25 10:01:00 PM AEST,nan,92.7,nan,nan,nan,nan,77.20,nan,nan,nan,nan,nan
02-Mar-25 10:02:00 PM AEST,nan,92.5,nan,nan,nan,nan,nan,nan,nan,nan,nan,nan
02-Mar-25 10:04:00 PM AEST,nan,92.7,nan,nan,nan,nan,nan,nan,nan,nan,nan,nan
02-Mar-25 10:07:00 PM AEST,nan,nan,nan,nan,nan,nan,77.30,nan,nan,nan,nan,nan
02-Mar-25 10:08:00 PM AEST,22.6,92.8,nan,nan,nan,nan,77.20,nan,nan,nan,nan,nan
02-Mar-25 10:09:00 PM AEST,nan,92.7,nan,nan,nan,nan,77.30,nan,nan,nan,nan,nan
02-Mar-25 10:09:05 PM AEST,22.7,nan,nan,nan,nan,nan,nan,nan,nan,nan,nan,nan
02-Mar-25 10:10:00 PM AEST,nan,92.8,nan,nan,nan,nan,nan,nan,nan,nan,nan,nan
02-Mar-25 10:10:10 PM AEST,22.6,nan,nan,nan,nan,nan,nan,nan,nan,nan,nan,nan
02-Mar-25 10:11:00 PM AEST,nan,nan,nan,nan,nan,nan,77.20,nan,nan,nan,nan,nan
02-Mar-25 10:12:00 PM AEST,nan,93.0,nan,nan,nan,nan,nan,nan,nan,nan,nan,nan
02-Mar-25 10:13:00 PM AEST,nan,92.8,nan,nan,nan,nan,nan,nan,nan,nan,nan,0.80
02-Mar-25 10:14:00 PM AEST,nan,nan,nan,nan,nan,nan,77.30,nan,nan,nan,nan,0.00
02-Mar-25 10:15:00 PM AEST,nan,93.0,nan,nan,nan,nan,77.20,nan,nan,nan,nan,nan
02-Mar-25 10:16:00 PM AEST,nan,nan,nan,nan,nan,nan,77.30,nan,nan,nan,nan,nan
02-Mar-25 10:17:00 PM AEST,nan,92.8,nan,nan,nan,nan,77.20,nan,nan,nan,nan,nan
02-Mar-25 10:18:00 PM AEST,nan,93.0,21.3,nan,nan,nan,77.30,nan,nan,nan,nan,nan
02-Mar-25 10:19:00 PM AEST,nan,nan,21.4,nan,nan,nan,77.20,nan,nan,nan,nan,nan
02-Mar-25 10:20:00 PM AEST,nan,nan,nan,nan,nan,nan,77.30,nan,nan,nan,nan,nan
02-Mar-25 10:21:00 PM AEST,nan,93.2,nan,nan,nan,nan,77.20,nan,nan,nan,nan,nan
02-Mar-25 10:22:00 PM AEST,nan,nan,nan,nan,nan,nan,77.30,nan,nan,nan,nan,nan
02-Mar-25 10:24:00 PM AEST,nan,93.3,nan,nan,nan,nan,77.20,nan,nan,nan,nan,nan
02-Mar-25 10:25:00 PM AEST,nan,93.2,nan,nan,nan,nan,77.30,nan,nan,nan,nan,nan
02-Mar-25 10:26:00 PM AEST,22.5,nan,nan,nan,nan,nan,nan,nan,nan,nan,nan,nan
02-Mar-25 10:27:00 PM AEST,nan,nan,nan,nan,nan,nan,77.20,nan,nan,nan,nan,nan
02-Mar-25 10:27:05 PM AEST,22.6,nan,nan,nan,nan,nan,nan,nan,nan,nan,nan,nan
02-Mar-25 10:28:00 PM AEST,nan,93.3,nan,nan,nan,nan,nan,nan,nan,nan,nan,nan
02-Mar-25 10:28:10 PM AEST,22.5,nan,nan,nan,nan,nan,nan,nan,nan,nan,nan,nan
02-Mar-25 10:29:00 PM AEST,nan,93.2,nan,nan,nan,nan,77.30,nan,nan,nan,nan,nan
02-Mar-25 10:30:00 PM AEST,nan,nan,nan,nan,nan,nan,77.20,nan,nan,nan,nan,nan
02-Mar-25 10:31:00 PM AEST,nan,93.3,nan,nan,nan,nan,77.30,nan,nan,nan,nan,nan
02-Mar-25 10:32:00 PM AEST,nan,93.2,nan,nan,nan,nan,nan,nan,nan,nan,nan,nan
02-Mar-25 10:33:00 PM AEST,nan,93.3,21.3,nan,nan,nan,77.20,nan,nan,nan,nan,nan
02-Mar-25 10:34:00 PM AEST,nan,nan,nan,nan,nan,nan,77.30,nan,nan,nan,nan,nan
02-Mar-25 10:35:00 PM AEST,22.4,93.5,21.4,nan,nan,nan,77.20,nan,nan,nan,nan,nan
02-Mar-25 10:36:00 PM AEST,nan,93.3,21.3,nan,nan,nan,77.30,nan,nan,nan,nan,nan
02-Mar-25 10:38:00 PM AEST,nan,nan,nan,nan,nan,nan,77.20,nan,nan,nan,nan,nan
02-Mar-25 10:40:00 PM AEST,nan,93.5,nan,nan,nan,nan,77.30,nan,nan,nan,nan,nan
02-Mar-25 10:41:00 PM AEST,nan,93.3,nan,nan,nan,nan,77.20,nan,nan,nan,nan,nan
02-Mar-25 10:42:00 PM AEST,22.5,93.7,nan,nan,nan,nan,nan,nan,nan,nan,nan,nan
02-Mar-25 10:43:00 PM AEST,nan,nan,21.4,nan,nan,nan,77.30,nan,nan,nan,nan,nan
02-Mar-25 10:44:00 PM AEST,22.4,nan,nan,nan,nan,nan,nan,nan,nan,nan,nan,nan
02-Mar-25 10:45:05 PM AEST,22.5,nan,nan,nan,nan,nan,nan,nan,nan,nan,nan,nan
02-Mar-25 10:46:00 PM AEST,nan,93.8,nan,nan,nan,nan,77.20,nan,nan,nan,nan,nan
02-Mar-25 10:46:10 PM AEST,22.4,nan,nan,nan,nan,nan,nan,nan,nan,nan,nan,nan
02-Mar-25 10:47:00 PM AEST,nan,93.7,nan,nan,nan,nan,77.30,nan,nan,nan,nan,nan
02-Mar-25 10:48:00 PM AEST,nan,nan,21.3,nan,nan,nan,77.20,nan,nan,nan,nan,nan
02-Mar-25 10:49:00 PM AEST,nan,nan,nan,nan,nan,nan,77.30,nan,nan,nan,nan,0.80
02-Mar-25 10:50:00 PM AEST,nan,93.8,nan,nan,nan,nan,nan,nan,nan,nan,nan,0.00
02-Mar-25 10:51:00 PM AEST,nan,93.7,nan,nan,nan,nan,77.20,nan,nan,nan,nan,nan
02-Mar-25 10:52:00 PM AEST,22.3,93.8,nan,nan,nan,nan,77.30,nan,nan,nan,nan,nan
02-Mar-25 10:53:00 PM AEST,nan,93.7,nan,nan,nan,nan,77.20,nan,nan,nan,nan,nan
02-Mar-25 10:53:05 PM AEST,22.4,nan,nan,nan,nan,nan,nan,nan,nan,nan,nan,nan
02-Mar-25 10:54:00 PM AEST,nan,93.8,nan,nan,nan,nan,nan,nan,nan,nan,nan,nan
02-Mar-25 10:56:00 PM AEST,22.3,93.7,nan,nan,nan,nan,nan,nan,nan,nan,nan,nan
02-Mar-25 10:57:00 PM AEST,nan,93.8,nan,nan,nan,nan,77.30,nan,nan,nan,nan,nan
02-Mar-25 10:58:00 PM AEST,22.4,nan,nan,nan,nan,nan,77.20,nan,nan,nan,nan,nan
02-Mar-25 10:59:00 PM AEST,nan,94.0,nan,nan,nan,nan,77.30,nan,nan,nan,nan,nan
02-Mar-25 11:01:00 PM AEST,22.3,93.8,21.4,nan,nan,nan,77.20,nan,nan,nan,nan,nan
02-Mar-25 11:01:00 PM AEST,22.3,93.8,21.3,nan,nan,nan,77.30,nan,nan,nan,nan,nan
02-Mar-25 11:02:00 PM AEST,nan,nan,nan,nan,nan,nan,77.20,nan,nan,nan,nan,nan
02-Mar-25 11:03:00 PM AEST,nan,nan,nan,nan,nan,nan,77.30,nan,nan,nan,nan,nan
02-Mar-25 11:04:00 PM AEST,nan,94.0,nan,nan,nan,nan,77.20,nan,nan,nan,nan,nan
02-Mar-25 11:05:00 PM AEST,nan,93.8,nan,nan,nan,nan,77.30,nan,nan,nan,nan,nan
02-Mar-25 11:06:00 PM AEST,nan,94.0,nan,nan,nan,nan,77.20,nan,nan,nan,nan,nan
02-Mar-25 11:09:00 PM AEST,nan,94.2,nan,nan,nan,nan,nan,nan,nan,nan,nan,nan
02-Mar-25 11:10:00 PM AEST,nan,93.8,nan,nan,nan,nan,nan,nan,nan,nan,nan,nan
02-Mar-25 11:11:00 PM AEST,nan,94.2,nan,nan,nan,nan,nan,nan,nan,nan,nan,nan
02-Mar-25 11:12:00 PM AEST,nan,94.0,nan,nan,nan,nan,nan,nan,nan,nan,nan,nan
02-Mar-25 11:13:00 PM AEST,nan,94.2,nan,nan,nan,nan,77.30,nan,nan,nan,nan,nan
02-Mar-25 11:15:00 PM AEST,nan,94.3,nan,nan,nan,nan,77.20,nan,nan,nan,nan,nan
02-Mar-25 11:16:00 PM AEST,nan,94.2,21.4,nan,nan,nan,77.30,nan,nan,nan,nan,nan
02-Mar-25 11:17:00 PM AEST,nan,nan,21.3,nan,nan,nan,77.20,nan,nan,nan,nan,nan
02-Mar-25 11:18:00 PM AEST,nan,94.3,nan,nan,nan,nan,nan,nan,nan,nan,nan,nan
02-Mar-25 11:19:00 PM AEST,nan,94.2,nan,nan,nan,nan,nan,nan,nan,nan,nan,nan
02-Mar-25 11:20:00 PM AEST,nan,94.5,nan,nan,nan,nan,77.30,nan,nan,nan,nan,nan
02-Mar-25 11:21:00 PM AEST,nan,94.3,21.4,nan,nan,nan,77.20,nan,nan,nan,nan,nan
02-Mar-25 11:22:00 PM AEST,nan,94.5,nan,nan,nan,nan,nan,nan,nan,nan,nan,nan
02-Mar-25 11:23:00 PM AEST,nan,94.3,nan,nan,nan,nan,nan,nan,nan,nan,nan,nan
02-Mar-25 11:24:00 PM AEST,nan,nan,21.3,nan,nan,nan,77.30,nan,nan,nan,nan,nan
02-Mar-25 11:25:00 PM AEST,22.2,nan,nan,nan,nan,nan,77.20,nan,nan,nan,nan,nan
02-Mar-25 11:27:00 PM AEST,nan,nan,nan,nan,nan,nan,nan,nan,nan,nan,nan,0.80
02-Mar-25 11:28:00 PM AEST,22.3,nan,nan,nan,nan,nan,77.30,nan,nan,nan,nan,0.00
02-Mar-25 11:29:00 PM AEST,nan,94.5,nan,nan,nan,nan,nan,nan,nan,nan,nan,nan
02-Mar-25 11:29:05 PM AEST,22.2,nan,nan,nan,nan,nan,nan,nan,nan,nan,nan,nan
02-Mar-25 11:30:00 PM AEST,nan,nan,nan,nan,nan,nan,77.20,nan,nan,nan,nan,nan
02-Mar-25 11:30:10 PM AEST,22.3,nan,nan,nan,nan,nan,nan,nan,nan,nan,nan,nan
02-Mar-25 11:31:15 PM AEST,22.2,nan,nan,nan,nan,nan,nan,nan,nan,nan,nan,nan
02-Mar-25 11:35:00 PM AEST,nan,nan,nan,nan,nan,nan,77.30,nan,nan,nan,nan,nan
02-Mar-25 11:36:00 PM AEST,22.3,94.7,nan,nan,nan,nan,77.20,nan,nan,nan,nan,nan
02-Mar-25 11:37:00 PM AEST,nan,94.8,21.4,nan,nan,nan,77.30,nan,nan,nan,nan,nan
02-Mar-25 11:38:00 PM AEST,nan,94.7,nan,nan,nan,nan,nan,nan,nan,nan,nan,nan
02-Mar-25 11:39:00 PM AEST,nan,nan,nan,nan,nan,nan,77.20,nan,nan,nan,nan,nan
02-Mar-25 11:40:00 PM AEST,nan,94.8,nan,nan,nan,nan,nan,nan,nan,nan,nan,nan
02-Mar-25 11:41:00 PM AEST,nan,94.7,nan,nan,nan,nan,77.30,nan,nan,nan,nan,nan
02-Mar-25 11:42:00 PM AEST,nan,94.8,nan,nan,nan,nan,77.20,nan,nan,nan,nan,nan
02-Mar-25 11:44:00 PM AEST,22.2,94.7,nan,nan,nan,nan,77.30,nan,nan,nan,nan,nan
02-Mar-25 11:45:00 PM AEST,nan,94.8,21.3,nan,nan,nan,77.20,nan,nan,nan,nan,nan
02-Mar-25 11:46:00 PM AEST,nan,94.7,21.4,nan,nan,nan,77.30,nan,nan,nan,nan,nan
02-Mar-25 11:47:00 PM AEST,nan,nan,21.3,nan,nan,nan,77.20,nan,nan,nan,nan,nan
02-Mar-25 11:48:00 PM AEST,nan,94.8,nan,nan,nan,nan,nan,nan,nan,nan,nan,nan
02-Mar-25 11:49:00 PM AEST,nan,nan,nan,nan,nan,nan,77.30,nan,nan,nan,nan,nan
02-Mar-25 11:50:00 PM AEST,nan,nan,nan,nan,nan,nan,77.20,nan,nan,nan,nan,nan
02-Mar-25 11:51:00 PM AEST,nan,nan,21.4,nan,nan,nan,nan,nan,nan,nan,nan,nan
02-Mar-25 11:53:00 PM AEST,nan,95.0,nan,nan,nan,nan,nan,nan,nan,nan,nan,nan
02-Mar-25 11:54:00 PM AEST,nan,94.8,nan,nan,nan,nan,nan,nan,nan,nan,nan,nan
02-Mar-25 11:55:00 PM AEST,nan,95.0,nan,nan,nan,nan,nan,nan,nan,nan,nan,nan
02-Mar-25 11:56:00 PM AEST,nan,94.8,nan,nan,nan,nan,nan,nan,nan,nan,nan,nan
02-Mar-25 11:57:00 PM AEST,nan,95.0,21.3,nan,nan,nan,nan,nan,nan,nan,nan,nan
02-Mar-25 11:58:00 PM AEST,22.3,95.2,21.4,nan,nan,nan,77.30,0.09,3.50,0.90,77.60,nan
02-Mar-25 11:59:00 PM AEST,nan,95.0,nan,nan,nan,nan,77.70,0.36,4.70,3.60,77.80,6553.30
03-Mar-25 12:00:00 AM AEST,nan,nan,nan,nan,nan,65.53,nan,nan,nan,nan,nan,nan
03-Mar-25 12:01:00 AM AEST,nan,95.2,nan,nan,nan,nan,78.10,0.22,1.20,2.20,78.10,0.00
03-Mar-25 12:01:00 AM AEST,nan,95.0,nan,nan,nan,nan,78.00,0.02,1.20,0.20,78.70,0.00
03-Mar-25 12:02:00 AM AEST,nan,95.2,nan,nan,nan,nan,nan,0.00,0.00,0.00,0.00,0.80
03-Mar-25 12:03:00 AM AEST,22.2,95.0,nan,nan,nan,nan,nan,nan,nan,nan,nan,0.00
03-Mar-25 12:04:00 AM AEST,nan,95.2,nan,nan,nan,nan,nan,nan,nan,nan,nan,nan
03-Mar-25 12:05:00 AM AEST,nan,95.0,nan,nan,nan,nan,nan,nan,nan,nan,nan,nan
03-Mar-25 12:06:00 AM AEST,nan,95.2,nan,nan,nan,nan,nan,nan,nan,nan,nan,nan
03-Mar-25 12:07:00 AM AEST,22.3,nan,nan,nan,nan,nan,nan,nan,nan,nan,nan,nan
03-Mar-25 12:09:00 AM AEST,22.2,nan,21.5,nan,nan,nan,nan,nan,nan,nan,nan,nan
03-Mar-25 12:10:00 AM AEST,nan,nan,21.4,nan,nan,nan,nan,nan,nan,nan,nan,nan
03-Mar-25 12:14:00 AM AEST,nan,95.3,nan,nan,nan,nan,nan,nan,nan,nan,nan,nan
03-Mar-25 12:15:00 AM AEST,nan,95.2,21.5,nan,nan,nan,nan,nan,nan,nan,nan,nan
03-Mar-25 12:16:00 AM AEST,nan,95.3,21.4,nan,nan,nan,nan,nan,nan,nan,nan,nan
03-Mar-25 12:17:00 AM AEST,nan,95.2,nan,nan,nan,nan,nan,nan,nan,nan,nan,nan
03-Mar-25 12:18:00 AM AEST,nan,95.3,nan,nan,nan,nan,nan,nan,nan,nan,nan,nan
03-Mar-25 12:19:00 AM AEST,nan,95.2,nan,nan,nan,nan,nan,nan,nan,nan,nan,nan
03-Mar-25 12:21:00 AM AEST,nan,nan,nan,nan,nan,nan,nan,0.01,1.20,0.10,79.40,nan
03-Mar-25 12:22:00 AM AEST,22.1,nan,nan,nan,nan,nan,nan,0.00,0.00,0.00,0.00,nan
03-Mar-25 12:23:00 AM AEST,nan,nan,21.3,nan,nan,nan,nan,nan,nan,nan,nan,nan
03-Mar-25 12:25:00 AM AEST,nan,95.0,nan,nan,nan,nan,nan,nan,nan,nan,nan,nan
03-Mar-25 12:26:00 AM AEST,22.0,95.2,21.2,nan,nan,nan,nan,nan,nan,nan,nan,nan
03-Mar-25 12:28:00 AM AEST,22.1,nan,nan,nan,nan,nan,nan,nan,nan,nan,nan,nan
03-Mar-25 12:29:00 AM AEST,nan,nan,21.3,nan,nan,nan,nan,nan,nan,nan,nan,nan
03-Mar-25 12:30:00 AM AEST,22.0,95.3,nan,nan,nan,nan,nan,nan,nan,nan,nan,nan
03-Mar-25 12:31:00 AM AEST,nan,95.2,nan,nan,nan,nan,nan,nan,nan,nan,nan,nan
03-Mar-25 12:31:05 AM AEST,22.1,nan,nan,nan,nan,nan,nan,nan,nan,nan,nan,nan
03-Mar-25 12:32:00 AM AEST,nan,95.3,nan,nan,nan,nan,nan,nan,nan,nan,nan,nan
03-Mar-25 12:33:00 AM AEST,nan,95.2,nan,nan,nan,nan,nan,nan,nan,nan,nan,nan
03-Mar-25 12:34:00 AM AEST,nan,95.3,nan,nan,nan,nan,nan,nan,nan,nan,nan,nan
03-Mar-25 12:35:00 AM AEST,22.0,nan,nan,nan,nan,nan,nan,nan,nan,nan,nan,nan
03-Mar-25 12:36:00 AM AEST,nan,nan,21.2,nan,nan,nan,nan,nan,nan,nan,nan,nan
03-Mar-25 12:37:00 AM AEST,nan,95.2,nan,nan,nan,nan,nan,nan,nan,nan,nan,nan
03-Mar-25 12:38:00 AM AEST,nan,95.3,nan,nan,nan,nan,nan,nan,nan,nan,nan,0.80
03-Mar-25 12:39:00 AM AEST,nan,nan,nan,nan,nan,nan,nan,nan,nan,nan,nan,0.00
03-Mar-25 12:40:00 AM AEST,nan,95.5,21.3,nan,nan,nan,nan,nan,nan,nan,nan,nan
03-Mar-25 12:41:00 AM AEST,nan,95.3,nan,nan,nan,nan,78.10,nan,nan,nan,nan,nan
03-Mar-25 12:42:00 AM AEST,nan,nan,nan,nan,nan,nan,78.00,nan,nan,nan,nan,nan
03-Mar-25 12:43:00 AM AEST,nan,95.5,21.2,nan,nan,nan,nan,nan,nan,nan,nan,nan
03-Mar-25 12:44:00 AM AEST,nan,95.3,21.3,nan,nan,nan,nan,nan,nan,nan,nan,nan
03-Mar-25 12:45:00 AM AEST,nan,nan,21.2,nan,nan,nan,nan,nan,nan,nan,nan,nan
03-Mar-25 12:48:00 AM AEST,nan,nan,nan,nan,nan,nan,78.10,0.01,1.20,0.10,79.40,nan
03-Mar-25 12:49:00 AM AEST,nan,95.5,21.3,nan,nan,nan,78.00,0.00,0.00,0.00,0.00,nan
03-Mar-25 12:50:00 AM AEST,22.1,nan,nan,nan,nan,nan,nan,nan,nan,nan,nan,nan
03-Mar-25 12:51:00 AM AEST,nan,95.7,nan,nan,nan,nan,nan,0.01,1.20,0.10,79.40,nan
03-Mar-25 12:52:00 AM AEST,22.0,95.5,nan,nan,nan,nan,nan,0.00,0.00,0.00,0.00,nan
03-Mar-25 12:53:00 AM AEST,nan,95.7,nan,nan,nan,nan,nan,nan,nan,nan,nan,nan
03-Mar-25 12:53:05 AM AEST,22.1,nan,nan,nan,nan,nan,nan,nan,nan,nan,nan,nan
03-Mar-25 12:54:00 AM AEST,nan,nan,21.4,nan,nan,nan,nan,nan,nan,nan,nan,nan
03-Mar-25 12:56:00 AM AEST,nan,nan,21.3,nan,nan,nan,nan,nan,nan,nan,nan,nan
03-Mar-25 12:57:00 AM AEST,nan,nan,21.4,nan,nan,nan,nan,nan,nan,nan,nan,nan
03-Mar-25 12:58:00 AM AEST,nan,95.8,nan,nan,nan,nan,nan,nan,nan,nan,nan,nan
03-Mar-25 12:59:00 AM AEST,nan,95.7,nan,nan,nan,nan,nan,nan,nan,nan,nan,nan
03-Mar-25 1:01:00 AM AEST,22.0,95.8,nan,nan,nan,nan,nan,nan,nan,nan,nan,nan
03-Mar-25 1:02:00 AM AEST,nan,95.7,21.3,nan,nan,nan,nan,nan,nan,nan,nan,nan
03-Mar-25 1:02:05 AM AEST,22.1,nan,nan,nan,nan,nan,nan,nan,nan,nan,nan,nan
03-Mar-25 1:03:10 AM AEST,22.0,nan,nan,nan,nan,nan,nan,nan,nan,nan,nan,nan
03-Mar-25 1:04:00 AM AEST,nan,95.8,nan,nan,nan,nan,nan,nan,nan,nan,nan,nan
03-Mar-25 1:04:15 AM AEST,22.1,nan,nan,nan,nan,nan,nan,nan,nan,nan,nan,nan
03-Mar-25 1:05:00 AM AEST,nan,95.7,21.4,nan,nan,nan,nan,nan,nan,nan,nan,nan
03-Mar-25 1:05:20 AM AEST,22.0,nan,nan,nan,nan,nan,nan,nan,nan,nan,nan,nan
03-Mar-25 1:06:00 AM AEST,nan,nan,21.3,nan,nan,nan,nan,nan,nan,nan,nan,nan
03-Mar-25 1:07:00 AM AEST,nan,95.8,nan,nan,nan,nan,nan,nan,nan,nan,nan,nan
03-Mar-25 1:08:00 AM AEST,22.1,nan,nan,nan,nan,nan,nan,nan,nan,nan,nan,nan
03-Mar-25 1:09:00 AM AEST,nan,nan,21.4,nan,nan,nan,nan,nan,nan,nan,nan,nan
03-Mar-25 1:12:00 AM AEST,22.0,nan,nan,nan,nan,nan,nan,nan,nan,nan,nan,nan
03-Mar-25 1:13:00 AM AEST,nan,95.7,21.3,nan,nan,nan,nan,nan,nan,nan,nan,nan
03-Mar-25 1:14:00 AM AEST,nan,96.0,nan,nan,nan,nan,78.10,nan,nan,nan,nan,nan
03-Mar-25 1:15:00 AM AEST,22.1,95.8,21.4,nan,nan,nan,78.00,nan,nan,nan,nan,0.80
03-Mar-25 1:16:00 AM AEST,nan,nan,nan,nan,nan,nan,nan,nan,nan,nan,nan,0.00
03-Mar-25 1:17:00 AM AEST,nan,96.0,nan,nan,nan,nan,nan,nan,nan,nan,nan,nan
03-Mar-25 1:18:00 AM AEST,22.0,95.8,nan,nan,nan,nan,nan,nan,nan,nan,nan,nan
03-Mar-25 1:19:00 AM AEST,nan,nan,21.3,nan,nan,nan,nan,nan,nan,nan,nan,nan
03-Mar-25 1:20:00 AM AEST,nan,96.0,nan,nan,nan,nan,nan,nan,nan,nan,nan,nan
03-Mar-25 1:21:00 AM AEST,nan,95.8,21.4,nan,nan,nan,nan,nan,nan,nan,nan,nan
03-Mar-25 1:22:00 AM AEST,22.1,96.0,21.3,nan,nan,nan,nan,nan,nan,nan,nan,nan
03-Mar-25 1:23:00 AM AEST,nan,nan,21.4,nan,nan,nan,nan,nan,nan,nan,nan,nan
03-Mar-25 1:24:00 AM AEST,22.0,nan,nan,nan,nan,nan,nan,nan,nan,nan,nan,nan
03-Mar-25 1:26:00 AM AEST,22.1,nan,nan,nan,nan,nan,nan,nan,nan,nan,nan,nan
03-Mar-25 1:30:00 AM AEST,nan,96.2,nan,nan,nan,nan,nan,0.01,1.20,0.10,79.40,nan
03-Mar-25 1:31:00 AM AEST,nan,nan,21.5,nan,nan,nan,nan,nan,nan,nan,nan,nan
03-Mar-25 1:32:00 AM AEST,nan,96.0,nan,nan,nan,nan,nan,0.00,0.00,0.00,0.00,nan
03-Mar-25 1:33:00 AM AEST,nan,96.2,21.4,nan,nan,nan,nan,nan,nan,nan,nan,nan
03-Mar-25 1:34:00 AM AEST,nan,96.0,nan,nan,nan,nan,nan,nan,nan,nan,nan,nan
03-Mar-25 1:35:00 AM AEST,nan,96.2,nan,nan,nan,nan,nan,nan,nan,nan,nan,nan
03-Mar-25 1:37:00 AM AEST,22.0,96.0,nan,nan,nan,nan,nan,nan,nan,nan,nan,nan
03-Mar-25 1:38:00 AM AEST,nan,96.2,21.3,nan,nan,nan,nan,nan,nan,nan,nan,nan
03-Mar-25 1:39:00 AM AEST,nan,nan,21.4,nan,nan,nan,nan,nan,nan,nan,nan,nan
03-Mar-25 1:40:00 AM AEST,22.1,96.0,nan,nan,nan,nan,nan,nan,nan,nan,nan,nan
03-Mar-25 1:41:00 AM AEST,nan,96.2,nan,nan,nan,nan,nan,nan,nan,nan,nan,nan
03-Mar-25 1:41:05 AM AEST,22.0,nan,nan,nan,nan,nan,nan,nan,nan,nan,nan,nan
03-Mar-25 1:42:10 AM AEST,22.1,nan,nan,nan,nan,nan,nan,nan,nan,nan,nan,nan
03-Mar-25 1:43:15 AM AEST,22.0,nan,nan,nan,nan,nan,nan,nan,nan,nan,nan,nan
03-Mar-25 1:48:00 AM AEST,nan,nan,21.3,nan,nan,nan,nan,nan,nan,nan,nan,nan
03-Mar-25 1:49:00 AM AEST,nan,nan,21.4,nan,nan,nan,nan,nan,nan,nan,nan,nan
03-Mar-25 1:52:00 AM AEST,nan,96.3,nan,nan,nan,nan,nan,nan,nan,nan,nan,0.80
03-Mar-25 1:53:00 AM AEST,nan,96.2,nan,nan,nan,nan,nan,nan,nan,nan,nan,0.00
03-Mar-25 1:55:00 AM AEST,nan,96.3,nan,nan,nan,nan,nan,nan,nan,nan,nan,nan
03-Mar-25 1:56:00 AM AEST,22.1,nan,nan,nan,nan,nan,nan,nan,nan,nan,nan,nan
03-Mar-25 1:57:00 AM AEST,nan,96.2,nan,nan,nan,nan,nan,nan,nan,nan,nan,nan
03-Mar-25 1:57:05 AM AEST,22.0,nan,nan,nan,nan,nan,nan,nan,nan,nan,nan,nan
03-Mar-25 1:58:00 AM AEST,nan,96.3,nan,nan,nan,nan,nan,nan,nan,nan,nan,nan
03-Mar-25 2:03:00 AM AEST,22.1,96.5,nan,nan,nan,nan,nan,nan,nan,nan,nan,nan
03-Mar-25 2:04:00 AM AEST,nan,96.3,21.5,nan,nan,nan,nan,nan,nan,nan,nan,nan
03-Mar-25 2:05:00 AM AEST,nan,96.5,nan,nan,nan,nan,nan,nan,nan,nan,nan,nan
03-Mar-25 2:06:00 AM AEST,nan,96.3,nan,nan,nan,nan,nan,nan,nan,nan,nan,nan
03-Mar-25 2:07:00 AM AEST,22.0,96.5,nan,nan,nan,nan,nan,nan,nan,nan,nan,nan
03-Mar-25 2:08:00 AM AEST,nan,96.3,21.4,nan,nan,nan,nan,nan,nan,nan,nan,nan
03-Mar-25 2:09:00 AM AEST,nan,96.5,nan,nan,nan,nan,nan,nan,nan,nan,nan,nan
03-Mar-25 2:10:00 AM AEST,nan,96.3,nan,nan,nan,nan,nan,nan,nan,nan,nan,nan
03-Mar-25 2:11:00 AM AEST,nan,nan,nan,nan,nan,nan,nan,0.12,2.40,1.20,78.20,nan
03-Mar-25 2:12:00 AM AEST,nan,nan,nan,nan,nan,nan,nan,0.00,0.00,0.00,0.00,nan
03-Mar-25 2:13:00 AM AEST,nan,96.5,nan,nan,nan,nan,nan,nan,nan,nan,nan,nan
03-Mar-25 2:14:00 AM AEST,22.1,nan,nan,nan,nan,nan,nan,nan,nan,nan,nan,nan
03-Mar-25 2:15:00 AM AEST,nan,nan,21.5,nan,nan,nan,nan,nan,nan,nan,nan,nan
03-Mar-25 2:16:00 AM AEST,nan,96.7,nan,nan,nan,nan,nan,nan,nan,nan,nan,nan
03-Mar-25 2:17:00 AM AEST,nan,96.5,nan,nan,nan,nan,nan,nan,nan,nan,nan,nan
03-Mar-25 2:19:00 AM AEST,nan,96.7,nan,nan,nan,nan,nan,nan,nan,nan,nan,nan
03-Mar-25 2:20:00 AM AEST,22.0,96.5,nan,nan,nan,nan,nan,nan,nan,nan,nan,nan
03-Mar-25 2:21:00 AM AEST,nan,nan,21.4,nan,nan,nan,nan,nan,nan,nan,nan,nan
03-Mar-25 2:21:05 AM AEST,22.1,nan,nan,nan,nan,nan,nan,nan,nan,nan,nan,nan
03-Mar-25 2:22:00 AM AEST,nan,96.7,21.5,nan,nan,nan,nan,0.10,2.40,1.00,78.00,nan
03-Mar-25 2:23:00 AM AEST,nan,96.5,nan,nan,nan,nan,78.10,0.18,3.50,1.80,78.10,nan
03-Mar-25 2:24:00 AM AEST,nan,96.7,nan,nan,nan,nan,78.00,0.00,0.00,0.00,0.00,nan
03-Mar-25 2:25:00 AM AEST,nan,nan,21.6,nan,nan,nan,nan,nan,nan,nan,nan,nan
03-Mar-25 2:26:00 AM AEST,nan,96.5,21.5,nan,nan,nan,nan,nan,nan,nan,nan,nan
03-Mar-25 2:27:00 AM AEST,22.0,96.7,nan,nan,nan,nan,nan,nan,nan,nan,nan,0.80
03-Mar-25 2:28:00 AM AEST,nan,nan,nan,nan,nan,nan,nan,nan,nan,nan,nan,0.00
03-Mar-25 2:29:00 AM AEST,nan,96.5,nan,nan,nan,nan,nan,nan,nan,nan,nan,nan
03-Mar-25 2:30:00 AM AEST,nan,nan,21.4,nan,nan,nan,nan,nan,nan,nan,nan,nan
03-Mar-25 2:31:00 AM AEST,nan,96.7,nan,nan,nan,nan,nan,0.06,2.40,0.60,78.20,nan
03-Mar-25 2:32:00 AM AEST,nan,96.5,nan,nan,nan,nan,nan,0.08,nan,0.80,78.40,nan
03-Mar-25 2:33:00 AM AEST,nan,96.7,nan,nan,nan,nan,nan,0.00,0.00,0.00,0.00,nan
03-Mar-25 2:34:00 AM AEST,nan,nan,21.5,nan,nan,nan,nan,nan,nan,nan,nan,nan
03-Mar-25 2:35:00 AM AEST,nan,96.5,nan,nan,nan,nan,nan,nan,nan,nan,nan,nan
03-Mar-25 2:36:00 AM AEST,nan,96.7,21.4,nan,nan,nan,nan,nan,nan,nan,nan,nan
03-Mar-25 2:37:00 AM AEST,nan,nan,21.5,nan,nan,nan,nan,0.01,1.20,0.10,79.40,nan
03-Mar-25 2:38:00 AM AEST,22.1,nan,nan,nan,nan,nan,nan,0.00,0.00,0.00,0.00,nan
03-Mar-25 2:39:05 AM AEST,22.0,nan,nan,nan,nan,nan,nan,nan,nan,nan,nan,nan
03-Mar-25 2:40:00 AM AEST,nan,96.5,nan,nan,nan,nan,nan,nan,nan,nan,nan,nan
03-Mar-25 2:41:00 AM AEST,nan,96.7,21.4,nan,nan,nan,nan,nan,nan,nan,nan,nan
03-Mar-25 2:42:00 AM AEST,nan,96.5,nan,nan,nan,nan,nan,0.05,1.20,0.50,78.40,nan
03-Mar-25 2:43:00 AM AEST,nan,96.7,nan,nan,nan,nan,nan,0.00,0.00,0.00,0.00,nan
03-Mar-25 2:46:00 AM AEST,21.9,nan,nan,nan,nan,nan,nan,nan,nan,nan,nan,nan
03-Mar-25 2:47:05 AM AEST,22.0,nan,nan,nan,nan,nan,nan,nan,nan,nan,nan,nan
03-Mar-25 2:48:00 AM AEST,nan,96.5,nan,nan,nan,nan,nan,nan,nan,nan,nan,nan
03-Mar-25 2:48:10 AM AEST,21.9,nan,nan,nan,nan,nan,nan,nan,nan,nan,nan,nan
03-Mar-25 2:49:00 AM AEST,nan,96.7,nan,nan,nan,nan,nan,nan,nan,nan,nan,nan
03-Mar-25 2:49:15 AM AEST,22.0,nan,nan,nan,nan,nan,nan,nan,nan,nan,nan,nan
03-Mar-25 2:50:00 AM AEST,nan,96.8,nan,nan,nan,nan,nan,0.01,1.20,0.10,79.40,nan
03-Mar-25 2:51:00 AM AEST,nan,96.7,21.5,nan,nan,nan,nan,0.00,0.00,0.00,0.00,nan
03-Mar-25 2:52:00 AM AEST,nan,nan,21.4,nan,nan,nan,nan,nan,nan,nan,nan,nan
03-Mar-25 2:54:00 AM AEST,21.9,nan,nan,nan,nan,nan,nan,nan,nan,nan,nan,nan
03-Mar-25 2:55:00 AM AEST,nan,96.8,21.3,nan,nan,nan,nan,nan,nan,nan,nan,nan
03-Mar-25 2:55:05 AM AEST,22.0,nan,nan,nan,nan,nan,nan,nan,nan,nan,nan,nan
03-Mar-25 2:56:00 AM AEST,nan,96.7,21.4,nan,nan,nan,nan,nan,nan,nan,nan,nan
03-Mar-25 2:58:00 AM AEST,21.9,96.8,nan,nan,nan,nan,nan,nan,nan,nan,nan,nan
03-Mar-25 2:59:00 AM AEST,nan,96.7,nan,nan,nan,nan,nan,nan,nan,nan,nan,nan
03-Mar-25 2:59:05 AM AEST,22.0,nan,nan,nan,nan,nan,nan,nan,nan,nan,nan,nan
03-Mar-25 3:00:00 AM AEST,nan,nan,nan,nan,nan,65.53,nan,nan,nan,nan,nan,nan
03-Mar-25 3:01:00 AM AEST,nan,96.8,nan,nan,nan,nan,nan,nan,nan,nan,nan,nan
03-Mar-25 3:02:00 AM AEST,nan,96.7,nan,nan,nan,nan,nan,nan,nan,nan,nan,nan
03-Mar-25 3:03:00 AM AEST,21.9,96.8,nan,nan,nan,nan,nan,nan,nan,nan,nan,nan
03-Mar-25 3:04:00 AM AEST,nan,nan,nan,nan,nan,nan,nan,nan,nan,nan,nan,0.80
03-Mar-25 3:05:00 AM AEST,nan,nan,nan,nan,nan,nan,nan,nan,nan,nan,nan,0.00
03-Mar-25 3:06:00 AM AEST,nan,96.7,nan,nan,nan,nan,nan,nan,nan,nan,nan,nan
03-Mar-25 3:07:00 AM AEST,nan,96.8,nan,nan,nan,nan,nan,nan,nan,nan,nan,nan
03-Mar-25 3:08:00 AM AEST,nan,96.7,nan,nan,nan,nan,nan,nan,nan,nan,nan,nan
03-Mar-25 3:09:00 AM AEST,nan,96.8,21.3,nan,nan,nan,nan,0.01,1.20,0.10,79.40,nan
03-Mar-25 3:10:00 AM AEST,22.0,nan,21.4,nan,nan,nan,nan,0.12,2.40,1.20,78.30,nan
03-Mar-25 3:11:00 AM AEST,nan,nan,nan,nan,nan,nan,nan,0.00,0.00,0.00,0.00,nan
03-Mar-25 3:12:00 AM AEST,nan,nan,nan,nan,nan,nan,nan,nan,nan,nan,nan,6552.60
03-Mar-25 3:13:00 AM AEST,21.9,nan,nan,nan,nan,nan,nan,0.01,1.20,0.10,79.40,nan
03-Mar-25 3:14:00 AM AEST,nan,nan,nan,nan,nan,nan,nan,0.02,nan,0.20,78.20,nan
03-Mar-25 3:14:05 AM AEST,22.0,nan,nan,nan,nan,nan,nan,nan,nan,nan,nan,nan
03-Mar-25 3:15:00 AM AEST,nan,nan,nan,nan,nan,nan,nan,0.00,0.00,0.00,0.00,nan
03-Mar-25 3:15:10 AM AEST,21.9,nan,nan,nan,nan,nan,nan,nan,nan,nan,nan,nan
03-Mar-25 3:16:15 AM AEST,22.0,nan,nan,nan,nan,nan,nan,nan,nan,nan,nan,nan
03-Mar-25 3:17:20 AM AEST,21.9,nan,nan,nan,nan,nan,nan,nan,nan,nan,nan,nan
03-Mar-25 3:18:25 AM AEST,22.0,nan,nan,nan,nan,nan,nan,nan,nan,nan,nan,nan
03-Mar-25 3:19:00 AM AEST,nan,97.0,nan,nan,nan,nan,nan,0.01,1.20,0.10,79.40,nan
03-Mar-25 3:19:30 AM AEST,21.9,nan,nan,nan,nan,nan,nan,nan,nan,nan,nan,nan
03-Mar-25 3:20:00 AM AEST,nan,96.8,21.5,nan,nan,nan,nan,0.00,0.00,0.00,0.00,nan
03-Mar-25 3:21:00 AM AEST,nan,nan,21.4,nan,nan,nan,77.90,nan,nan,nan,nan,nan
03-Mar-25 3:22:00 AM AEST,22.0,nan,nan,nan,nan,nan,78.00,nan,nan,nan,nan,nan
03-Mar-25 3:23:00 AM AEST,nan,97.0,nan,nan,nan,nan,nan,nan,nan,nan,nan,nan
03-Mar-25 3:23:05 AM AEST,21.9,nan,nan,nan,nan,nan,nan,nan,nan,nan,nan,nan
03-Mar-25 3:24:00 AM AEST,nan,96.8,nan,nan,nan,nan,nan,nan,nan,nan,nan,nan
03-Mar-25 3:26:00 AM AEST,22.0,97.0,nan,nan,nan,nan,nan,nan,nan,nan,nan,nan
03-Mar-25 3:27:00 AM AEST,nan,96.8,21.5,nan,nan,nan,nan,nan,nan,nan,nan,nan
03-Mar-25 3:28:00 AM AEST,nan,97.0,21.4,nan,nan,nan,nan,nan,nan,nan,nan,nan
03-Mar-25 3:29:00 AM AEST,21.9,nan,21.5,nan,nan,nan,nan,nan,nan,nan,nan,nan
03-Mar-25 3:30:00 AM AEST,nan,nan,21.4,nan,nan,nan,78.10,nan,nan,nan,nan,nan
03-Mar-25 3:30:05 AM AEST,22.0,nan,nan,nan,nan,nan,nan,nan,nan,nan,nan,nan
03-Mar-25 3:31:00 AM AEST,nan,nan,21.5,nan,nan,nan,78.00,nan,nan,nan,nan,nan
03-Mar-25 3:34:00 AM AEST,21.9,nan,nan,nan,nan,nan,nan,nan,nan,nan,nan,nan
03-Mar-25 3:35:00 AM AEST,nan,96.8,21.4,nan,nan,nan,nan,nan,nan,nan,nan,nan
03-Mar-25 3:36:00 AM AEST,22.0,97.0,nan,nan,nan,nan,nan,nan,nan,nan,nan,nan
03-Mar-25 3:37:00 AM AEST,nan,97.2,21.5,nan,nan,nan,nan,nan,nan,nan,nan,nan
03-Mar-25 3:38:00 AM AEST,21.9,97.0,nan,nan,nan,nan,nan,nan,nan,nan,nan,nan
03-Mar-25 3:39:00 AM AEST,nan,96.8,21.4,nan,nan,nan,nan,nan,nan,nan,nan,nan
03-Mar-25 3:40:00 AM AEST,nan,97.0,nan,nan,nan,nan,nan,nan,nan,nan,nan,nan
03-Mar-25 3:41:00 AM AEST,nan,96.8,nan,nan,nan,nan,nan,nan,nan,nan,nan,nan
03-Mar-25 3:42:00 AM AEST,nan,97.0,nan,nan,nan,nan,nan,nan,nan,nan,nan,nan
03-Mar-25 3:43:00 AM AEST,21.8,96.8,nan,nan,nan,nan,nan,nan,nan,nan,nan,nan
03-Mar-25 3:44:00 AM AEST,nan,nan,21.3,nan,nan,nan,nan,nan,nan,nan,nan,nan
03-Mar-25 3:44:05 AM AEST,21.9,nan,nan,nan,nan,nan,nan,nan,nan,nan,nan,nan
03-Mar-25 3:45:00 AM AEST,nan,97.0,nan,nan,nan,nan,nan,nan,nan,nan,nan,nan
03-Mar-25 3:45:10 AM AEST,21.8,nan,nan,nan,nan,nan,nan,nan,nan,nan,nan,nan
03-Mar-25 3:46:00 AM AEST,nan,96.8,nan,nan,nan,nan,77.90,nan,nan,nan,nan,nan
03-Mar-25 3:47:00 AM AEST,nan,nan,nan,nan,nan,nan,78.00,nan,nan,nan,nan,nan
03-Mar-25 3:49:00 AM AEST,nan,nan,21.2,nan,nan,nan,nan,nan,nan,nan,nan,nan
03-Mar-25 3:51:00 AM AEST,nan,nan,21.3,nan,nan,nan,nan,0.01,1.20,0.10,79.40,nan
03-Mar-25 3:52:00 AM AEST,nan,97.0,nan,nan,nan,nan,77.90,0.00,0.00,0.00,0.00,nan
03-Mar-25 3:53:00 AM AEST,nan,96.8,nan,nan,nan,nan,78.00,nan,nan,nan,nan,nan
03-Mar-25 3:54:00 AM AEST,nan,nan,21.2,nan,nan,nan,nan,nan,nan,nan,nan,nan
03-Mar-25 3:55:00 AM AEST,21.7,97.0,nan,nan,nan,nan,nan,nan,nan,nan,nan,nan
03-Mar-25 3:56:00 AM AEST,nan,96.8,nan,nan,nan,nan,nan,nan,nan,nan,nan,nan
03-Mar-25 3:57:00 AM AEST,nan,nan,nan,nan,nan,nan,nan,0.01,1.20,0.10,79.40,nan
03-Mar-25 3:58:00 AM AEST,nan,nan,nan,nan,nan,nan,nan,0.00,0.00,0.00,0.00,nan
03-Mar-25 4:00:00 AM AEST,21.6,nan,nan,nan,nan,nan,77.90,nan,nan,nan,nan,nan
03-Mar-25 4:01:00 AM AEST,nan,nan,21.1,nan,nan,nan,78.00,nan,nan,nan,nan,nan
03-Mar-25 4:01:05 AM AEST,21.7,nan,nan,nan,nan,nan,nan,nan,nan,nan,nan,nan
03-Mar-25 4:02:00 AM AEST,nan,nan,21.2,nan,nan,nan,nan,nan,nan,nan,nan,nan
03-Mar-25 4:03:00 AM AEST,nan,nan,21.1,nan,nan,nan,nan,nan,nan,nan,nan,nan
03-Mar-25 4:05:00 AM AEST,nan,nan,21.2,nan,nan,nan,nan,0.01,1.20,0.10,79.40,nan
03-Mar-25 4:06:00 AM AEST,nan,nan,21.1,nan,nan,nan,nan,0.00,0.00,0.00,0.00,nan
03-Mar-25 4:07:00 AM AEST,nan,97.0,nan,nan,nan,nan,nan,nan,nan,nan,nan,nan
03-Mar-25 4:08:00 AM AEST,21.6,96.8,21.2,nan,nan,nan,nan,nan,nan,nan,nan,nan
03-Mar-25 4:09:00 AM AEST,nan,nan,21.1,nan,nan,nan,nan,nan,nan,nan,nan,nan
03-Mar-25 4:10:00 AM AEST,nan,97.0,nan,nan,nan,nan,nan,nan,nan,nan,nan,nan
03-Mar-25 4:11:00 AM AEST,nan,96.8,nan,nan,nan,nan,nan,nan,nan,nan,nan,nan
03-Mar-25 4:12:00 AM AEST,nan,97.0,nan,nan,nan,nan,nan,nan,nan,nan,nan,nan
03-Mar-25 4:13:00 AM AEST,nan,96.8,nan,nan,nan,nan,nan,nan,nan,nan,nan,nan
03-Mar-25 4:15:00 AM AEST,21.5,nan,21.0,nan,nan,nan,nan,nan,nan,nan,nan,nan
03-Mar-25 4:16:05 AM AEST,21.6,nan,nan,nan,nan,nan,nan,nan,nan,nan,nan,nan
03-Mar-25 4:17:10 AM AEST,21.5,nan,nan,nan,nan,nan,nan,nan,nan,nan,nan,nan
03-Mar-25 4:18:00 AM AEST,nan,97.0,nan,nan,nan,nan,nan,nan,nan,nan,nan,nan
03-Mar-25 4:19:00 AM AEST,nan,96.8,nan,nan,nan,nan,nan,nan,nan,nan,nan,nan
03-Mar-25 4:20:00 AM AEST,nan,97.0,nan,nan,nan,nan,nan,nan,nan,nan,nan,nan
03-Mar-25 4:21:00 AM AEST,nan,96.8,nan,nan,nan,nan,nan,nan,nan,nan,nan,nan
03-Mar-25 4:25:00 AM AEST,nan,nan,20.9,nan,nan,nan,nan,nan,nan,nan,nan,nan
03-Mar-25 4:26:00 AM AEST,nan,97.0,nan,nan,nan,nan,nan,nan,nan,nan,nan,nan
03-Mar-25 4:27:00 AM AEST,nan,96.8,21.0,nan,nan,nan,nan,nan,nan,nan,nan,nan
03-Mar-25 4:28:00 AM AEST,nan,nan,20.9,nan,nan,nan,nan,nan,nan,nan,nan,nan
03-Mar-25 4:30:00 AM AEST,nan,97.0,21.0,nan,nan,nan,nan,nan,nan,nan,nan,nan
03-Mar-25 4:31:00 AM AEST,21.4,96.8,nan,nan,nan,nan,nan,nan,nan,nan,nan,nan
03-Mar-25 4:32:00 AM AEST,nan,nan,20.9,nan,nan,nan,nan,nan,nan,nan,nan,nan
03-Mar-25 4:33:00 AM AEST,21.5,nan,nan,nan,nan,nan,nan,nan,nan,nan,nan,nan
03-Mar-25 4:34:05 AM AEST,21.4,nan,nan,nan,nan,nan,nan,nan,nan,nan,nan,nan
03-Mar-25 4:36:00 AM AEST,nan,97.0,nan,nan,nan,nan,nan,nan,nan,nan,nan,nan
03-Mar-25 4:37:00 AM AEST,nan,96.8,nan,nan,nan,nan,nan,nan,nan,nan,nan,nan
03-Mar-25 4:38:00 AM AEST,nan,97.0,nan,nan,nan,nan,nan,nan,nan,nan,nan,nan
03-Mar-25 4:39:00 AM AEST,nan,96.8,nan,nan,nan,nan,78.10,nan,nan,nan,nan,nan
03-Mar-25 4:40:00 AM AEST,nan,97.0,nan,nan,nan,nan,78.00,nan,nan,nan,nan,nan
03-Mar-25 4:41:00 AM AEST,21.3,96.8,nan,nan,nan,nan,nan,nan,nan,nan,nan,nan
03-Mar-25 4:42:00 AM AEST,nan,97.0,20.8,nan,nan,nan,nan,nan,nan,nan,nan,nan
03-Mar-25 4:43:00 AM AEST,nan,96.8,nan,nan,nan,nan,nan,nan,nan,nan,nan,nan
03-Mar-25 4:45:00 AM AEST,nan,97.0,nan,nan,nan,nan,nan,nan,nan,nan,nan,nan
03-Mar-25 4:46:00 AM AEST,nan,96.8,nan,nan,nan,nan,nan,nan,nan,nan,nan,nan
03-Mar-25 4:47:00 AM AEST,nan,97.0,nan,nan,nan,nan,nan,nan,nan,nan,nan,nan
03-Mar-25 4:48:00 AM AEST,nan,96.8,nan,nan,nan,nan,nan,nan,nan,nan,nan,nan
03-Mar-25 4:49:00 AM AEST,nan,97.0,nan,nan,nan,nan,nan,nan,nan,nan,nan,nan
03-Mar-25 4:55:00 AM AEST,nan,nan,nan,nan,nan,nan,nan,0.01,1.20,0.10,79.40,nan
03-Mar-25 4:56:00 AM AEST,nan,nan,nan,nan,nan,nan,nan,0.00,0.00,0.00,0.00,nan
03-Mar-25 4:58:00 AM AEST,nan,nan,nan,nan,nan,nan,nan,0.01,1.20,0.10,79.40,nan
03-Mar-25 4:59:00 AM AEST,nan,nan,nan,nan,nan,nan,nan,0.00,0.00,0.00,0.00,nan
03-Mar-25 5:00:00 AM AEST,nan,nan,nan,nan,nan,65.53,nan,nan,nan,nan,nan,nan
03-Mar-25 5:02:00 AM AEST,21.2,nan,nan,nan,nan,nan,nan,nan,nan,nan,nan,nan
03-Mar-25 5:03:00 AM AEST,nan,nan,20.7,nan,nan,nan,nan,nan,nan,nan,nan,nan
03-Mar-25 5:04:00 AM AEST,nan,97.2,nan,nan,nan,nan,nan,0.01,1.20,0.10,79.40,nan
03-Mar-25 5:05:00 AM AEST,nan,97.0,20.8,nan,nan,nan,nan,0.00,0.00,0.00,0.00,nan
03-Mar-25 5:06:00 AM AEST,nan,nan,20.7,nan,nan,nan,nan,nan,nan,nan,nan,nan
03-Mar-25 5:08:00 AM AEST,21.1,nan,nan,nan,nan,nan,nan,nan,nan,nan,nan,nan
03-Mar-25 5:09:00 AM AEST,nan,nan,20.6,nan,nan,nan,nan,nan,nan,nan,nan,nan
03-Mar-25 5:10:00 AM AEST,21.2,nan,nan,nan,nan,nan,nan,nan,nan,nan,nan,nan
03-Mar-25 5:11:00 AM AEST,nan,nan,20.7,nan,nan,nan,nan,nan,nan,nan,nan,nan
03-Mar-25 5:12:00 AM AEST,21.1,nan,nan,nan,nan,nan,77.90,nan,nan,nan,nan,nan
03-Mar-25 5:13:00 AM AEST,nan,nan,20.6,nan,nan,nan,78.00,nan,nan,nan,nan,nan
03-Mar-25 5:13:05 AM AEST,21.2,nan,nan,nan,nan,nan,nan,nan,nan,nan,nan,nan
03-Mar-25 5:14:00 AM AEST,nan,nan,20.7,nan,nan,nan,77.90,nan,nan,nan,nan,200.80
03-Mar-25 5:14:10 AM AEST,21.1,nan,nan,nan,nan,nan,nan,nan,nan,nan,nan,nan
03-Mar-25 5:15:00 AM AEST,nan,nan,20.6,nan,nan,nan,78.00,nan,nan,nan,nan,6552.60
03-Mar-25 5:15:15 AM AEST,21.2,nan,nan,nan,nan,nan,nan,nan,nan,nan,nan,nan
03-Mar-25 5:16:00 AM AEST,nan,97.2,20.7,nan,nan,nan,nan,nan,nan,nan,nan,nan
03-Mar-25 5:17:00 AM AEST,nan,97.0,nan,nan,nan,nan,nan,nan,nan,nan,nan,nan
03-Mar-25 5:18:00 AM AEST,21.1,97.2,nan,nan,nan,nan,nan,nan,nan,nan,nan,nan
03-Mar-25 5:20:00 AM AEST,nan,97.0,nan,nan,nan,nan,nan,nan,nan,nan,nan,nan
03-Mar-25 5:21:00 AM AEST,nan,nan,20.6,nan,nan,nan,nan,nan,nan,nan,nan,nan
03-Mar-25 5:23:00 AM AEST,nan,97.2,nan,nan,nan,nan,nan,nan,nan,nan,nan,nan
03-Mar-25 5:24:00 AM AEST,nan,97.0,nan,nan,nan,nan,nan,nan,nan,nan,nan,nan
03-Mar-25 5:27:00 AM AEST,21.0,nan,nan,nan,nan,nan,nan,nan,nan,nan,nan,0.00
03-Mar-25 5:28:00 AM AEST,nan,nan,20.5,nan,nan,nan,nan,nan,nan,nan,nan,6552.60
03-Mar-25 5:29:00 AM AEST,nan,nan,nan,nan,nan,nan,77.90,nan,nan,nan,nan,nan
03-Mar-25 5:30:00 AM AEST,nan,nan,nan,nan,nan,nan,78.00,nan,nan,nan,nan,nan
03-Mar-25 5:31:00 AM AEST,nan,nan,nan,nan,nan,nan,nan,nan,nan,nan,nan,0.00
03-Mar-25 5:32:00 AM AEST,nan,nan,nan,nan,nan,nan,77.90,nan,nan,nan,nan,nan
03-Mar-25 5:33:00 AM AEST,nan,nan,nan,nan,nan,nan,78.00,nan,nan,nan,nan,nan
03-Mar-25 5:34:00 AM AEST,nan,96.8,nan,nan,nan,nan,nan,nan,nan,nan,nan,nan
03-Mar-25 5:35:00 AM AEST,nan,97.0,20.4,nan,nan,nan,nan,nan,nan,nan,nan,nan
03-Mar-25 5:36:00 AM AEST,20.9,nan,20.5,nan,nan,nan,nan,nan,nan,nan,nan,nan
03-Mar-25 5:37:00 AM AEST,nan,nan,20.4,nan,nan,nan,nan,nan,nan,nan,nan,0.80
03-Mar-25 5:38:00 AM AEST,nan,nan,nan,nan,nan,nan,nan,nan,nan,nan,nan,0.00
03-Mar-25 5:39:00 AM AEST,21.0,nan,nan,nan,nan,nan,nan,nan,nan,nan,nan,nan
03-Mar-25 5:40:00 AM AEST,nan,nan,20.5,nan,nan,nan,nan,nan,nan,nan,nan,nan
03-Mar-25 5:41:00 AM AEST,nan,97.2,nan,nan,nan,nan,nan,0.01,1.20,0.10,79.40,nan
03-Mar-25 5:42:00 AM AEST,nan,nan,nan,nan,nan,nan,nan,0.00,0.00,0.00,0.00,nan
03-Mar-25 5:47:00 AM AEST,20.9,nan,nan,nan,nan,nan,nan,nan,nan,nan,nan,nan
03-Mar-25 5:48:05 AM AEST,21.0,nan,nan,nan,nan,nan,nan,nan,nan,nan,nan,nan
03-Mar-25 5:49:10 AM AEST,20.9,nan,nan,nan,nan,nan,nan,nan,nan,nan,nan,nan
03-Mar-25 5:50:00 AM AEST,nan,nan,nan,nan,nan,nan,77.90,nan,nan,nan,nan,nan
03-Mar-25 5:51:00 AM AEST,nan,nan,20.4,nan,nan,nan,78.00,nan,nan,nan,nan,nan
03-Mar-25 5:52:00 AM AEST,nan,nan,nan,nan,nan,nan,nan,0.01,1.20,0.10,79.40,nan
03-Mar-25 5:53:00 AM AEST,nan,nan,nan,nan,nan,nan,nan,0.00,0.00,0.00,0.00,nan
03-Mar-25 5:55:00 AM AEST,nan,97.0,nan,nan,nan,nan,nan,nan,nan,nan,nan,nan
03-Mar-25 5:56:00 AM AEST,nan,97.2,nan,nan,nan,nan,nan,nan,nan,nan,nan,nan
03-Mar-25 5:57:00 AM AEST,nan,97.3,nan,nan,nan,nan,nan,nan,nan,nan,nan,nan
03-Mar-25 5:58:00 AM AEST,nan,97.0,nan,nan,nan,nan,nan,nan,nan,nan,nan,nan
03-Mar-25 5:59:00 AM AEST,20.8,97.2,nan,nan,nan,nan,nan,nan,nan,nan,nan,nan
03-Mar-25 6:00:01 AM AEST,nan,nan,nan,nan,nan,0.02,nan,nan,nan,nan,nan,nan
03-Mar-25 6:00:05 AM AEST,20.9,nan,nan,nan,nan,nan,nan,nan,nan,nan,nan,nan
03-Mar-25 6:01:00 AM AEST,nan,97.0,nan,nan,nan,nan,78.10,nan,nan,nan,nan,nan
03-Mar-25 6:02:00 AM AEST,nan,97.2,nan,nan,nan,nan,78.00,nan,nan,nan,nan,nan
03-Mar-25 6:03:00 AM AEST,nan,97.0,nan,nan,nan,nan,nan,nan,nan,nan,nan,nan
03-Mar-25 6:04:00 AM AEST,20.8,97.2,nan,nan,nan,nan,nan,nan,nan,nan,nan,nan
03-Mar-25 6:05:05 AM AEST,20.9,nan,nan,nan,nan,nan,nan,nan,nan,nan,nan,nan
03-Mar-25 6:06:00 AM AEST,nan,97.0,nan,nan,nan,nan,nan,nan,nan,nan,nan,nan
03-Mar-25 6:06:10 AM AEST,20.8,nan,nan,nan,nan,nan,nan,nan,nan,nan,nan,nan
03-Mar-25 6:07:00 AM AEST,nan,97.2,20.3,nan,nan,nan,nan,nan,nan,nan,nan,nan
03-Mar-25 6:07:15 AM AEST,20.9,nan,nan,nan,nan,nan,nan,nan,nan,nan,nan,nan
03-Mar-25 6:07:15 AM AEST,20.8,nan,nan,nan,nan,nan,nan,nan,nan,nan,nan,nan
03-Mar-25 6:08:00 AM AEST,nan,nan,20.4,nan,nan,nan,nan,nan,nan,nan,nan,nan
03-Mar-25 6:09:00 AM AEST,nan,nan,20.3,nan,nan,nan,nan,nan,nan,nan,nan,nan
03-Mar-25 6:10:00 AM AEST,20.9,nan,20.4,nan,nan,nan,nan,nan,nan,nan,nan,nan
03-Mar-25 6:11:05 AM AEST,20.8,nan,nan,nan,nan,nan,nan,nan,nan,nan,nan,nan
03-Mar-25 6:12:00 AM AEST,nan,nan,nan,nan,nan,nan,nan,nan,nan,nan,nan,0.80
03-Mar-25 6:12:10 AM AEST,20.9,nan,nan,nan,nan,nan,nan,nan,nan,nan,nan,nan
03-Mar-25 6:13:15 AM AEST,20.8,nan,nan,nan,nan,nan,nan,nan,nan,nan,nan,nan
03-Mar-25 6:14:00 AM AEST,nan,nan,20.3,nan,nan,nan,nan,nan,nan,nan,nan,nan
03-Mar-25 6:15:00 AM AEST,nan,nan,nan,nan,nan,nan,nan,nan,nan,nan,nan,1.70
03-Mar-25 6:16:00 AM AEST,nan,nan,nan,nan,nan,nan,nan,nan,nan,nan,nan,1.60
03-Mar-25 6:17:00 AM AEST,nan,nan,nan,nan,nan,nan,nan,nan,nan,nan,nan,1.70
03-Mar-25 6:18:00 AM AEST,nan,nan,nan,nan,nan,nan,nan,nan,nan,nan,nan,2.50
03-Mar-25 6:20:00 AM AEST,nan,nan,nan,nan,nan,nan,77.90,nan,nan,nan,nan,3.30
03-Mar-25 6:21:00 AM AEST,nan,nan,nan,nan,nan,nan,78.00,nan,nan,nan,nan,nan
03-Mar-25 6:22:00 AM AEST,nan,nan,nan,nan,nan,nan,nan,nan,nan,nan,nan,4.20
03-Mar-25 6:23:00 AM AEST,nan,nan,nan,nan,nan,nan,nan,nan,nan,nan,nan,5.00
03-Mar-25 6:24:00 AM AEST,nan,nan,nan,nan,nan,nan,nan,0.01,1.20,0.10,79.40,nan
03-Mar-25 6:25:00 AM AEST,nan,97.3,nan,nan,nan,nan,nan,0.00,0.00,0.00,0.00,5.80
03-Mar-25 6:26:00 AM AEST,nan,97.2,nan,nan,nan,nan,77.90,nan,nan,nan,nan,6.70
03-Mar-25 6:27:00 AM AEST,nan,97.3,nan,nan,nan,nan,78.00,nan,nan,nan,nan,6.60
03-Mar-25 6:28:00 AM AEST,nan,97.2,20.4,nan,nan,nan,nan,nan,nan,nan,nan,6.70
03-Mar-25 6:29:00 AM AEST,nan,nan,20.3,nan,nan,nan,nan,nan,nan,nan,nan,8.30
03-Mar-25 6:30:00 AM AEST,nan,97.3,nan,nan,nan,nan,nan,nan,nan,nan,nan,nan
03-Mar-25 6:31:00 AM AEST,nan,97.2,20.4,nan,nan,nan,nan,nan,nan,nan,nan,nan
03-Mar-25 6:32:00 AM AEST,nan,nan,20.3,nan,nan,nan,nan,nan,nan,nan,nan,9.10
03-Mar-25 6:33:00 AM AEST,nan,nan,nan,nan,nan,nan,nan,nan,nan,nan,nan,10.00
03-Mar-25 6:34:00 AM AEST,20.7,nan,nan,nan,nan,nan,nan,nan,nan,nan,nan,nan
03-Mar-25 6:35:00 AM AEST,nan,97.3,nan,nan,nan,nan,nan,nan,nan,nan,nan,10.80
03-Mar-25 6:36:00 AM AEST,20.8,97.2,nan,nan,nan,nan,nan,nan,nan,nan,nan,nan
03-Mar-25 6:37:00 AM AEST,nan,nan,nan,nan,nan,nan,nan,nan,nan,nan,nan,11.70
03-Mar-25 6:38:00 AM AEST,nan,97.3,nan,nan,nan,nan,nan,0.01,1.20,0.10,79.40,11.60
03-Mar-25 6:39:00 AM AEST,nan,nan,20.4,nan,nan,nan,nan,0.00,0.00,0.00,0.00,12.50
03-Mar-25 6:40:00 AM AEST,nan,97.2,nan,nan,nan,nan,77.90,nan,nan,nan,nan,11.70
03-Mar-25 6:41:00 AM AEST,nan,97.3,nan,nan,nan,nan,78.00,nan,nan,nan,nan,14.10
03-Mar-25 6:42:00 AM AEST,nan,97.2,nan,nan,nan,nan,nan,nan,nan,nan,nan,15.00
03-Mar-25 6:43:00 AM AEST,20.9,97.3,nan,nan,nan,nan,nan,nan,nan,nan,nan,nan
03-Mar-25 6:44:00 AM AEST,nan,nan,nan,nan,nan,nan,nan,nan,nan,nan,nan,15.80
03-Mar-25 6:45:00 AM AEST,nan,nan,20.5,nan,nan,nan,nan,nan,nan,nan,nan,17.50
03-Mar-25 6:46:00 AM AEST,21.0,nan,nan,nan,nan,nan,nan,nan,nan,nan,nan,nan
03-Mar-25 6:47:00 AM AEST,nan,97.5,nan,nan,nan,nan,nan,nan,nan,nan,nan,16.60
03-Mar-25 6:47:05 AM AEST,20.9,nan,nan,nan,nan,nan,nan,nan,nan,nan,nan,nan
03-Mar-25 6:48:00 AM AEST,nan,97.3,nan,nan,nan,nan,nan,0.01,1.20,0.10,79.40,17.50
03-Mar-25 6:48:10 AM AEST,21.0,nan,nan,nan,nan,nan,nan,nan,nan,nan,nan,nan
03-Mar-25 6:49:00 AM AEST,nan,nan,nan,nan,nan,nan,nan,0.00,0.00,0.00,0.00,nan
03-Mar-25 6:50:00 AM AEST,nan,97.5,20.6,nan,nan,nan,nan,nan,nan,nan,nan,19.20
03-Mar-25 6:51:00 AM AEST,21.1,nan,nan,nan,nan,nan,nan,0.01,1.20,0.10,79.40,20.00
03-Mar-25 6:52:00 AM AEST,nan,nan,20.7,nan,nan,nan,nan,0.00,0.00,0.00,0.00,20.80
03-Mar-25 6:52:05 AM AEST,21.0,nan,nan,nan,nan,nan,nan,nan,nan,nan,nan,nan
03-Mar-25 6:53:00 AM AEST,nan,nan,20.6,nan,nan,nan,nan,nan,nan,nan,nan,19.20
03-Mar-25 6:53:10 AM AEST,21.1,nan,nan,nan,nan,nan,nan,nan,nan,nan,nan,nan
03-Mar-25 6:54:00 AM AEST,nan,nan,20.7,nan,nan,nan,nan,nan,nan,nan,nan,20.00
03-Mar-25 6:55:00 AM AEST,nan,nan,20.6,nan,nan,nan,nan,nan,nan,nan,nan,25.80
03-Mar-25 6:56:00 AM AEST,nan,nan,20.7,nan,nan,nan,nan,nan,nan,nan,nan,22.50
03-Mar-25 6:57:00 AM AEST,21.2,nan,nan,nan,nan,nan,nan,nan,nan,nan,nan,19.20
03-Mar-25 6:58:00 AM AEST,nan,nan,20.8,nan,nan,nan,nan,nan,nan,nan,nan,18.30
03-Mar-25 6:59:00 AM AEST,21.3,nan,nan,nan,nan,nan,nan,nan,nan,nan,nan,nan
03-Mar-25 7:00:00 AM AEST,nan,97.7,20.9,nan,nan,nan,nan,nan,nan,nan,nan,19.20
03-Mar-25 7:00:02 AM AEST,nan,nan,nan,nan,nan,0.10,nan,nan,nan,nan,nan,nan
03-Mar-25 7:01:00 AM AEST,nan,97.5,nan,nan,nan,nan,nan,nan,nan,nan,nan,20.80
03-Mar-25 7:02:00 AM AEST,nan,97.7,nan,nan,nan,nan,nan,nan,nan,nan,nan,nan
03-Mar-25 7:03:00 AM AEST,21.4,nan,nan,nan,nan,nan,nan,nan,nan,nan,nan,22.50
03-Mar-25 7:04:00 AM AEST,nan,97.5,21.0,nan,nan,nan,nan,nan,nan,nan,nan,23.30
03-Mar-25 7:05:00 AM AEST,nan,97.7,nan,nan,nan,nan,nan,nan,nan,nan,nan,21.60
03-Mar-25 7:06:00 AM AEST,21.5,nan,nan,nan,nan,nan,nan,nan,nan,nan,nan,20.80
03-Mar-25 7:07:00 AM AEST,nan,nan,21.1,nan,nan,nan,nan,nan,nan,nan,nan,22.50
03-Mar-25 7:08:00 AM AEST,nan,nan,nan,nan,nan,nan,nan,nan,nan,nan,nan,25.80
03-Mar-25 7:09:00 AM AEST,nan,97.8,nan,nan,nan,nan,nan,nan,nan,nan,nan,24.10
03-Mar-25 7:10:00 AM AEST,21.6,97.7,21.2,nan,nan,nan,nan,nan,nan,nan,nan,24.20
03-Mar-25 7:11:00 AM AEST,nan,nan,nan,nan,nan,nan,nan,nan,nan,nan,nan,22.50
03-Mar-25 7:12:00 AM AEST,nan,97.8,nan,nan,nan,nan,nan,nan,nan,nan,nan,nan
03-Mar-25 7:13:00 AM AEST,nan,97.7,21.3,nan,nan,nan,nan,nan,nan,nan,nan,nan
03-Mar-25 7:14:00 AM AEST,21.7,nan,21.2,nan,nan,nan,nan,nan,nan,nan,nan,27.50
03-Mar-25 7:15:00 AM AEST,nan,97.8,21.3,nan,nan,nan,nan,nan,nan,nan,nan,52.50
03-Mar-25 7:16:00 AM AEST,nan,97.7,nan,nan,nan,nan,nan,nan,nan,nan,nan,98.30
03-Mar-25 7:17:00 AM AEST,21.8,97.8,nan,nan,nan,nan,nan,nan,nan,nan,nan,120.80
03-Mar-25 7:18:00 AM AEST,nan,nan,21.4,nan,nan,nan,nan,nan,nan,nan,nan,129.10
03-Mar-25 7:18:05 AM AEST,21.9,nan,nan,nan,nan,nan,nan,nan,nan,nan,nan,nan
03-Mar-25 7:19:00 AM AEST,nan,98.2,21.5,nan,nan,nan,nan,nan,nan,nan,nan,132.50
03-Mar-25 7:19:10 AM AEST,22.0,nan,nan,nan,nan,nan,nan,nan,nan,nan,nan,nan
03-Mar-25 7:20:00 AM AEST,nan,98.0,21.7,nan,nan,nan,nan,nan,nan,nan,nan,129.20
03-Mar-25 7:20:15 AM AEST,22.1,nan,nan,nan,nan,nan,nan,nan,nan,nan,nan,nan
03-Mar-25 7:21:00 AM AEST,nan,98.2,nan,nan,nan,nan,nan,nan,nan,nan,nan,145.00
03-Mar-25 7:21:20 AM AEST,22.2,nan,nan,nan,nan,nan,nan,nan,nan,nan,nan,nan
03-Mar-25 7:22:00 AM AEST,nan,98.0,21.8,nan,nan,nan,nan,nan,nan,nan,nan,152.50
03-Mar-25 7:22:25 AM AEST,22.3,nan,nan,nan,nan,nan,nan,nan,nan,nan,nan,nan
03-Mar-25 7:23:00 AM AEST,nan,nan,21.9,nan,nan,nan,nan,nan,nan,nan,nan,156.60
03-Mar-25 7:24:00 AM AEST,nan,nan,nan,nan,nan,nan,nan,0.01,1.20,0.10,79.40,159.20
03-Mar-25 7:25:00 AM AEST,22.4,nan,22.0,nan,nan,nan,nan,0.00,0.00,0.00,0.00,162.50
03-Mar-25 7:26:00 AM AEST,nan,nan,22.1,nan,nan,nan,nan,nan,nan,nan,nan,165.00
03-Mar-25 7:26:05 AM AEST,22.5,nan,nan,nan,nan,nan,nan,nan,nan,nan,nan,nan
03-Mar-25 7:27:00 AM AEST,nan,98.2,nan,nan,nan,nan,78.10,nan,nan,nan,nan,168.30
03-Mar-25 7:27:10 AM AEST,22.6,nan,nan,nan,nan,nan,nan,nan,nan,nan,nan,nan
03-Mar-25 7:28:00 AM AEST,nan,98.0,22.3,nan,nan,nan,78.00,nan,nan,nan,nan,171.70
03-Mar-25 7:29:00 AM AEST,22.7,97.8,nan,nan,nan,nan,nan,nan,nan,nan,nan,174.20
03-Mar-25 7:30:00 AM AEST,nan,98.0,nan,nan,nan,nan,nan,nan,nan,nan,nan,177.50
03-Mar-25 7:30:05 AM AEST,22.8,nan,nan,nan,nan,nan,nan,nan,nan,nan,nan,nan
03-Mar-25 7:31:00 AM AEST,nan,97.8,22.5,nan,nan,nan,nan,nan,nan,nan,nan,180.00
03-Mar-25 7:31:10 AM AEST,23.1,nan,nan,nan,nan,nan,nan,nan,nan,nan,nan,nan
03-Mar-25 7:32:00 AM AEST,nan,98.2,22.7,nan,nan,nan,nan,nan,nan,nan,nan,184.10
03-Mar-25 7:32:15 AM AEST,23.3,nan,nan,nan,nan,nan,nan,nan,nan,nan,nan,nan
03-Mar-25 7:33:00 AM AEST,nan,97.8,23.0,nan,nan,nan,nan,nan,nan,nan,nan,187.50
03-Mar-25 7:33:20 AM AEST,23.5,nan,nan,nan,nan,nan,nan,nan,nan,nan,nan,nan
03-Mar-25 7:34:00 AM AEST,nan,98.0,23.1,nan,nan,nan,nan,nan,nan,nan,nan,190.00
03-Mar-25 7:34:25 AM AEST,23.4,nan,nan,nan,nan,nan,nan,nan,nan,nan,nan,nan
03-Mar-25 7:35:00 AM AEST,nan,97.8,23.0,nan,nan,nan,78.10,nan,nan,nan,nan,193.30
03-Mar-25 7:35:30 AM AEST,23.6,nan,nan,nan,nan,nan,nan,nan,nan,nan,nan,nan
03-Mar-25 7:36:00 AM AEST,nan,nan,23.1,nan,nan,nan,78.00,nan,nan,nan,nan,196.60
03-Mar-25 7:36:35 AM AEST,23.7,nan,nan,nan,nan,nan,nan,nan,nan,nan,nan,nan
03-Mar-25 7:37:00 AM AEST,nan,97.7,23.2,nan,nan,nan,nan,nan,nan,nan,nan,197.50
03-Mar-25 7:37:40 AM AEST,23.9,nan,nan,nan,nan,nan,nan,nan,nan,nan,nan,nan
03-Mar-25 7:38:00 AM AEST,nan,nan,23.3,nan,nan,nan,nan,nan,nan,nan,nan,202.50
03-Mar-25 7:38:45 AM AEST,24.0,nan,nan,nan,nan,nan,nan,nan,nan,nan,nan,nan
03-Mar-25 7:39:00 AM AEST,nan,nan,23.5,nan,nan,nan,nan,nan,nan,nan,nan,205.80
03-Mar-25 7:39:50 AM AEST,24.2,nan,nan,nan,nan,nan,nan,nan,nan,nan,nan,nan
03-Mar-25 7:40:00 AM AEST,nan,97.5,23.6,nan,nan,nan,nan,nan,nan,nan,nan,209.20
03-Mar-25 7:40:55 AM AEST,24.3,nan,nan,nan,nan,nan,nan,nan,nan,nan,nan,nan
03-Mar-25 7:41:00 AM AEST,nan,97.3,23.8,nan,nan,nan,78.10,nan,nan,nan,nan,211.60
03-Mar-25 7:42:00 AM AEST,24.4,97.2,23.9,nan,nan,nan,nan,nan,nan,nan,nan,215.80
03-Mar-25 7:43:00 AM AEST,nan,96.8,24.0,nan,nan,nan,nan,nan,nan,nan,nan,218.30
03-Mar-25 7:43:05 AM AEST,24.5,nan,nan,nan,nan,nan,nan,nan,nan,nan,nan,nan
03-Mar-25 7:44:00 AM AEST,nan,nan,nan,nan,nan,nan,nan,nan,nan,nan,nan,222.50
03-Mar-25 7:44:10 AM AEST,24.6,nan,nan,nan,nan,nan,nan,nan,nan,nan,nan,nan
03-Mar-25 7:45:00 AM AEST,nan,96.5,24.1,nan,nan,nan,nan,nan,nan,nan,nan,224.90
03-Mar-25 7:45:15 AM AEST,24.8,nan,nan,nan,nan,nan,nan,nan,nan,nan,nan,nan
03-Mar-25 7:46:00 AM AEST,nan,96.3,24.2,nan,nan,nan,78.00,nan,nan,nan,nan,228.30
03-Mar-25 7:46:20 AM AEST,24.9,nan,nan,nan,nan,nan,nan,nan,nan,nan,nan,nan
03-Mar-25 7:47:00 AM AEST,nan,96.2,24.3,nan,nan,nan,nan,nan,nan,nan,nan,232.50
03-Mar-25 7:47:25 AM AEST,25.0,nan,nan,nan,nan,nan,nan,nan,nan,nan,nan,nan
03-Mar-25 7:48:00 AM AEST,nan,95.8,nan,nan,nan,nan,nan,nan,nan,nan,nan,234.90
03-Mar-25 7:49:00 AM AEST,25.2,95.5,nan,nan,nan,nan,nan,nan,nan,nan,nan,238.30
03-Mar-25 7:50:00 AM AEST,nan,95.3,24.4,nan,nan,nan,nan,nan,nan,nan,nan,242.40
03-Mar-25 7:50:05 AM AEST,25.3,nan,nan,nan,nan,nan,nan,nan,nan,nan,nan,nan
03-Mar-25 7:51:00 AM AEST,nan,94.8,24.5,nan,nan,nan,78.10,nan,nan,nan,nan,245.00
03-Mar-25 7:51:10 AM AEST,25.5,nan,nan,nan,nan,nan,nan,nan,nan,nan,nan,nan
03-Mar-25 7:52:00 AM AEST,nan,94.2,24.6,nan,nan,nan,78.00,nan,nan,nan,nan,249.10
03-Mar-25 7:52:15 AM AEST,25.7,nan,nan,nan,nan,nan,nan,nan,nan,nan,nan,nan
03-Mar-25 7:53:00 AM AEST,nan,93.5,24.7,nan,nan,nan,78.10,nan,nan,nan,nan,251.70
03-Mar-25 7:54:00 AM AEST,25.8,92.5,24.6,nan,nan,nan,nan,nan,nan,nan,nan,255.80
03-Mar-25 7:55:00 AM AEST,nan,92.0,24.5,nan,nan,nan,78.00,nan,nan,nan,nan,259.90
03-Mar-25 7:55:05 AM AEST,25.9,nan,nan,nan,nan,nan,nan,nan,nan,nan,nan,nan
03-Mar-25 7:56:00 AM AEST,nan,91.3,nan,nan,nan,nan,78.10,nan,nan,nan,nan,262.50
03-Mar-25 7:56:10 AM AEST,26.1,nan,nan,nan,nan,nan,nan,nan,nan,nan,nan,nan
03-Mar-25 7:57:00 AM AEST,nan,90.8,nan,nan,nan,nan,nan,nan,nan,nan,nan,265.80
03-Mar-25 7:57:15 AM AEST,26.2,nan,nan,nan,nan,nan,nan,nan,nan,nan,nan,nan
03-Mar-25 7:58:00 AM AEST,nan,90.2,24.6,nan,nan,nan,nan,nan,nan,nan,nan,270.00
03-Mar-25 7:58:20 AM AEST,26.3,nan,nan,nan,nan,nan,nan,nan,nan,nan,nan,nan
03-Mar-25 7:59:00 AM AEST,nan,89.2,nan,nan,nan,nan,78.20,nan,nan,nan,nan,273.30
03-Mar-25 8:00:00 AM AEST,nan,88.0,24.4,nan,nan,nan,78.10,nan,nan,nan,nan,276.70
03-Mar-25 8:00:03 AM AEST,nan,nan,nan,nan,nan,0.28,nan,nan,nan,nan,nan,nan
03-Mar-25 8:01:00 AM AEST,26.5,87.3,24.2,nan,nan,nan,78.00,nan,nan,nan,nan,280.00
03-Mar-25 8:02:00 AM AEST,nan,86.8,nan,nan,nan,nan,78.10,nan,nan,nan,nan,284.10
03-Mar-25 8:02:05 AM AEST,26.6,nan,nan,nan,nan,nan,nan,nan,nan,nan,nan,nan
03-Mar-25 8:03:00 AM AEST,nan,86.3,nan,nan,nan,nan,nan,nan,nan,nan,nan,286.70
03-Mar-25 8:03:10 AM AEST,26.7,nan,nan,nan,nan,nan,nan,nan,nan,nan,nan,nan
03-Mar-25 8:04:00 AM AEST,nan,85.5,nan,nan,nan,nan,nan,nan,nan,nan,nan,290.80
03-Mar-25 8:05:00 AM AEST,26.8,84.7,24.1,nan,nan,nan,nan,nan,nan,nan,nan,296.70
03-Mar-25 8:06:00 AM AEST,nan,83.8,24.0,nan,nan,nan,78.20,nan,nan,nan,nan,300.80
03-Mar-25 8:06:05 AM AEST,26.9,nan,nan,nan,nan,nan,nan,nan,nan,nan,nan,nan
03-Mar-25 8:07:00 AM AEST,nan,83.0,23.9,nan,nan,nan,nan,0.14,2.40,1.40,78.40,305.00
03-Mar-25 8:08:00 AM AEST,nan,82.2,23.7,nan,nan,nan,78.10,0.08,nan,0.80,78.10,309.20
03-Mar-25 8:09:00 AM AEST,27.0,81.8,23.6,nan,nan,nan,nan,0.00,0.00,0.00,0.00,313.30
03-Mar-25 8:10:00 AM AEST,nan,81.5,nan,nan,nan,nan,78.00,0.01,1.20,0.10,79.40,315.80
03-Mar-25 8:10:05 AM AEST,27.1,nan,nan,nan,nan,nan,nan,nan,nan,nan,nan,nan
03-Mar-25 8:11:00 AM AEST,nan,nan,23.7,nan,nan,nan,nan,0.00,0.00,0.00,0.00,320.80
03-Mar-25 8:11:10 AM AEST,27.3,nan,nan,nan,nan,nan,nan,nan,nan,nan,nan,nan
03-Mar-25 8:12:00 AM AEST,nan,80.8,23.8,nan,nan,nan,78.10,nan,nan,nan,nan,325.80
03-Mar-25 8:12:15 AM AEST,27.5,nan,nan,nan,nan,nan,nan,nan,nan,nan,nan,nan
03-Mar-25 8:13:00 AM AEST,nan,80.2,23.9,nan,nan,nan,78.20,0.01,1.20,0.10,79.40,330.80
03-Mar-25 8:14:00 AM AEST,27.7,78.8,23.8,nan,nan,nan,78.10,0.00,0.00,0.00,0.00,333.30
03-Mar-25 8:15:00 AM AEST,nan,79.0,23.7,nan,nan,nan,78.20,nan,nan,nan,nan,338.30
03-Mar-25 8:15:05 AM AEST,27.8,nan,nan,nan,nan,nan,nan,nan,nan,nan,nan,nan
03-Mar-25 8:16:00 AM AEST,nan,nan,23.8,nan,nan,nan,78.10,nan,nan,nan,nan,341.60
03-Mar-25 8:16:10 AM AEST,27.9,nan,nan,nan,nan,nan,nan,nan,nan,nan,nan,nan
03-Mar-25 8:17:00 AM AEST,nan,78.2,23.9,nan,nan,nan,nan,nan,nan,nan,nan,345.00
03-Mar-25 8:17:15 AM AEST,28.0,nan,nan,nan,nan,nan,nan,nan,nan,nan,nan,nan
03-Mar-25 8:17:15 AM AEST,28.1,nan,nan,nan,nan,nan,nan,nan,nan,nan,nan,nan
03-Mar-25 8:18:00 AM AEST,nan,77.3,23.8,nan,nan,nan,nan,nan,nan,nan,nan,348.30
03-Mar-25 8:18:20 AM AEST,28.3,nan,nan,nan,nan,nan,nan,nan,nan,nan,nan,nan
03-Mar-25 8:19:00 AM AEST,nan,77.5,nan,nan,nan,nan,78.20,0.01,1.20,0.10,79.40,352.50
03-Mar-25 8:19:25 AM AEST,28.5,nan,nan,nan,nan,nan,nan,nan,nan,nan,nan,nan
03-Mar-25 8:20:00 AM AEST,nan,76.7,24.0,nan,nan,nan,78.10,0.00,0.00,0.00,0.00,355.00
03-Mar-25 8:21:00 AM AEST,nan,76.3,nan,nan,nan,nan,nan,nan,nan,nan,nan,359.10
03-Mar-25 8:22:00 AM AEST,28.8,75.3,nan,nan,nan,nan,78.20,0.01,1.20,0.10,79.40,361.60
03-Mar-25 8:23:00 AM AEST,nan,74.3,nan,nan,nan,nan,78.10,nan,nan,nan,nan,366.70
03-Mar-25 8:23:05 AM AEST,28.9,nan,nan,nan,nan,nan,nan,nan,nan,nan,nan,nan
03-Mar-25 8:24:00 AM AEST,nan,74.0,23.9,nan,nan,nan,78.20,0.02,nan,0.20,78.70,370.00
03-Mar-25 8:24:10 AM AEST,29.0,nan,nan,nan,nan,nan,nan,nan,nan,nan,nan,nan
03-Mar-25 8:25:00 AM AEST,nan,74.3,nan,nan,nan,nan,77.90,0.11,2.40,1.10,77.70,373.30
03-Mar-25 8:25:15 AM AEST,29.1,nan,nan,nan,nan,nan,nan,nan,nan,nan,nan,nan
03-Mar-25 8:26:00 AM AEST,nan,74.2,24.0,nan,nan,nan,77.50,0.12,nan,1.20,77.50,377.40
03-Mar-25 8:27:00 AM AEST,29.2,73.3,nan,nan,nan,nan,nan,0.00,0.00,0.00,0.00,380.00
03-Mar-25 8:28:00 AM AEST,nan,73.7,23.9,nan,nan,nan,nan,nan,nan,nan,nan,384.10
03-Mar-25 8:28:05 AM AEST,29.4,nan,nan,nan,nan,nan,nan,nan,nan,nan,nan,nan
03-Mar-25 8:29:00 AM AEST,nan,72.7,24.2,nan,nan,nan,nan,nan,nan,nan,nan,386.70
03-Mar-25 8:29:10 AM AEST,29.5,nan,nan,nan,nan,nan,nan,nan,nan,nan,nan,nan
03-Mar-25 8:30:00 AM AEST,nan,71.3,24.1,nan,nan,nan,nan,0.09,2.40,0.90,77.60,391.60
03-Mar-25 8:30:15 AM AEST,29.6,nan,nan,nan,nan,nan,nan,nan,nan,nan,nan,nan
03-Mar-25 8:31:00 AM AEST,nan,70.5,23.8,nan,nan,nan,nan,0.20,3.50,2.00,77.50,394.20
03-Mar-25 8:31:20 AM AEST,29.5,nan,nan,nan,nan,nan,nan,nan,nan,nan,nan,nan
03-Mar-25 8:32:00 AM AEST,nan,70.3,23.6,nan,nan,nan,nan,0.03,2.40,0.30,nan,398.30
03-Mar-25 8:32:25 AM AEST,29.6,nan,nan,nan,nan,nan,nan,nan,nan,nan,nan,nan
03-Mar-25 8:33:00 AM AEST,nan,70.8,nan,nan,nan,nan,nan,0.04,1.20,0.40,nan,401.60
03-Mar-25 8:33:30 AM AEST,29.7,nan,nan,nan,nan,nan,nan,nan,nan,nan,nan,nan
03-Mar-25 8:34:00 AM AEST,nan,69.8,23.8,nan,nan,nan,nan,0.14,2.40,1.40,nan,405.00
03-Mar-25 8:35:00 AM AEST,nan,69.5,23.6,nan,nan,nan,nan,0.02,1.20,0.20,78.20,408.30
03-Mar-25 8:36:00 AM AEST,nan,69.2,23.5,nan,nan,nan,nan,0.04,nan,0.40,77.50,411.70
03-Mar-25 8:37:00 AM AEST,29.9,69.7,nan,nan,nan,nan,nan,0.02,nan,0.20,77.80,415.00
03-Mar-25 8:38:00 AM AEST,nan,67.8,23.7,nan,nan,nan,nan,0.04,2.40,0.40,77.50,419.10
03-Mar-25 8:38:05 AM AEST,30.0,nan,nan,nan,nan,nan,nan,nan,nan,nan,nan,nan
03-Mar-25 8:39:00 AM AEST,nan,67.2,23.4,nan,nan,nan,nan,0.03,1.20,0.30,78.10,422.50
03-Mar-25 8:39:10 AM AEST,30.1,nan,nan,nan,nan,nan,nan,nan,nan,nan,nan,nan
03-Mar-25 8:40:00 AM AEST,nan,66.3,23.3,nan,nan,nan,nan,nan,nan,nan,77.50,425.80
03-Mar-25 8:40:15 AM AEST,30.2,nan,nan,nan,nan,nan,nan,nan,nan,nan,nan,nan
03-Mar-25 8:41:00 AM AEST,nan,nan,23.2,nan,nan,nan,nan,0.00,0.00,0.00,0.00,428.30
03-Mar-25 8:42:00 AM AEST,30.4,65.8,23.3,nan,nan,nan,nan,0.03,1.20,0.30,78.10,432.50
03-Mar-25 8:43:00 AM AEST,nan,65.5,nan,nan,nan,nan,nan,0.02,nan,0.20,78.20,434.90
03-Mar-25 8:43:05 AM AEST,30.5,nan,nan,nan,nan,nan,nan,nan,nan,nan,nan,nan
03-Mar-25 8:44:00 AM AEST,nan,66.7,nan,nan,nan,nan,nan,0.01,nan,0.10,77.70,439.20
03-Mar-25 8:45:00 AM AEST,30.6,64.5,23.6,nan,nan,nan,nan,nan,nan,nan,79.40,443.30
03-Mar-25 8:46:00 AM AEST,nan,63.5,23.1,nan,nan,nan,77.60,0.02,nan,0.20,77.80,445.80
03-Mar-25 8:47:00 AM AEST,30.7,63.3,22.9,nan,nan,nan,77.70,0.00,0.00,0.00,0.00,450.00
03-Mar-25 8:48:00 AM AEST,nan,64.8,23.0,nan,nan,nan,77.90,nan,nan,nan,nan,452.40
03-Mar-25 8:48:05 AM AEST,30.9,nan,nan,nan,nan,nan,nan,nan,nan,nan,nan,nan
03-Mar-25 8:49:00 AM AEST,nan,65.8,23.5,nan,nan,nan,77.70,nan,nan,nan,nan,456.70
03-Mar-25 8:49:10 AM AEST,31.0,nan,nan,nan,nan,nan,nan,nan,nan,nan,nan,nan
03-Mar-25 8:50:00 AM AEST,nan,65.3,23.9,nan,nan,nan,77.90,nan,nan,nan,nan,459.90
03-Mar-25 8:50:15 AM AEST,31.2,nan,nan,nan,nan,nan,nan,nan,nan,nan,nan,nan
03-Mar-25 8:51:00 AM AEST,nan,64.7,nan,nan,nan,nan,77.70,nan,nan,nan,nan,462.50
03-Mar-25 8:51:20 AM AEST,31.4,nan,nan,nan,nan,nan,nan,nan,nan,nan,nan,nan
03-Mar-25 8:52:00 AM AEST,nan,62.8,nan,nan,nan,nan,77.90,nan,nan,nan,nan,466.70
03-Mar-25 8:53:00 AM AEST,nan,61.0,23.5,nan,nan,nan,77.70,nan,nan,nan,nan,469.90
03-Mar-25 8:54:00 AM AEST,31.3,61.7,23.0,nan,nan,nan,78.00,0.08,2.40,0.80,78.00,473.30
03-Mar-25 8:55:00 AM AEST,nan,61.2,23.1,nan,nan,nan,131.80,0.19,3.50,1.80,130.20,477.40
03-Mar-25 8:55:05 AM AEST,31.2,nan,nan,nan,nan,nan,nan,nan,nan,nan,nan,nan
03-Mar-25 8:56:00 AM AEST,nan,nan,22.8,nan,nan,nan,138.10,0.11,2.40,1.10,138.30,480.00
03-Mar-25 8:56:10 AM AEST,31.0,nan,nan,nan,nan,nan,nan,nan,nan,nan,nan,nan
03-Mar-25 8:57:00 AM AEST,nan,nan,22.7,nan,nan,nan,138.30,0.17,3.50,1.70,138.60,483.30
03-Mar-25 8:57:15 AM AEST,30.9,nan,nan,nan,nan,nan,nan,nan,nan,nan,nan,nan
03-Mar-25 8:58:00 AM AEST,nan,60.7,22.6,nan,nan,nan,139.30,0.15,nan,1.50,139.30,487.40
03-Mar-25 8:58:20 AM AEST,30.8,nan,nan,nan,nan,nan,nan,nan,nan,nan,nan,nan
03-Mar-25 8:59:00 AM AEST,nan,61.5,22.3,nan,nan,nan,139.50,0.16,nan,1.60,139.60,490.00
03-Mar-25 8:59:25 AM AEST,30.9,nan,nan,nan,nan,nan,nan,nan,nan,nan,nan,nan
