timestamp,Air Temperature (V),Relative Humidity (mA),Dew Point (°C),Rainfall,Rainfall Since 9am,Last Hours Evaporation,Wind Direction,Current Wind Speed,Peak Wind Gust,Vector Wind Speed,Vector Wind Direction,Solar Radiation
28-Apr-25 7:00:00 PM AEST,nan,nan,nan,6552.70,0.10,nan,nan,nan,70.10,57.60,nan,nan
28-Apr-25 7:10:00 PM AEST,24.1,87.7,nan,nan,nan,nan,136.00,nan,nan,nan,nan,nan
28-Apr-25 7:10:00 PM AEST,0.0,0.0,nan,nan,nan,nan,135.90,nan,nan,nan,nan,nan
28-Apr-25 7:10:00 PM AEST,24.1,87.8,nan,nan,nan,nan,136.00,nan,nan,nan,nan,nan
28-Apr-25 7:10:00 PM AEST,24.1,87.7,nan,nan,nan,nan,0.00,nan,nan,nan,nan,nan
28-Apr-25 7:10:00 PM AEST,24.1,87.7,nan,nan,nan,nan,136.00,nan,nan,nan,nan,nan
28-Apr-25 7:12:00 PM AEST,nan,nan,22.0,nan,nan,65.53,nan,nan,nan,nan,nan,nan
28-Apr-25 7:13:00 PM AEST,nan,nan,nan,nan,nan,nan,nan,10.80,nan,nan,nan,nan
28-Apr-25 7:15:40 PM AEST,nan,nan,21.9,nan,nan,nan,nan,nan,nan,nan,nan,nan
28-Apr-25 7:15:40 PM AEST,nan,nan,0.0,nan,nan,nan,nan,nan,nan,nan,nan,nan
28-Apr-25 7:15:40 PM AEST,nan,nan,21.9,nan,nan,nan,nan,nan,nan,nan,nan,nan
28-Apr-25 7:15:55 PM AEST,nan,nan,nan,nan,nan,0.00,nan,nan,nan,nan,nan,nan
28-Apr-25 7:15:55 PM AEST,nan,nan,nan,nan,nan,65.53,nan,nan,nan,nan,nan,nan
28-Apr-25 7:19:20 PM AEST,nan,nan,22.0,nan,nan,nan,nan,nan,nan,nan,nan,nan
28-Apr-25 7:19:20 PM AEST,nan,nan,21.9,nan,nan,nan,nan,nan,nan,nan,nan,nan
28-Apr-25 7:19:20 PM AEST,nan,nan,0.0,nan,nan,nan,nan,nan,nan,nan,nan,nan
28-Apr-25 7:19:20 PM AEST,nan,nan,21.9,nan,nan,nan,nan,nan,nan,nan,nan,nan
28-Apr-25 7:19:20 PM AEST,nan,nan,271.1,nan,nan,nan,nan,nan,nan,nan,nan,nan
28-Apr-25 7:19:50 PM AEST,nan,nan,nan,nan,nan,0.00,nan,nan,nan,nan,nan,nan
28-Apr-25 7:19:50 PM AEST,nan,nan,nan,nan,nan,65.53,nan,nan,nan,nan,nan,nan
28-Apr-25 7:19:50 PM AEST,nan,nan,nan,nan,nan,2.71,nan,nan,nan,nan,nan,nan
28-Apr-25 7:20:35 PM AEST,0.0,nan,nan,nan,nan,nan,nan,nan,nan,nan,nan,nan
28-Apr-25 7:20:35 PM AEST,24.1,nan,nan,nan,nan,nan,nan,nan,nan,nan,nan,nan
28-Apr-25 7:20:35 PM AEST,0.0,nan,nan,nan,nan,nan,nan,nan,nan,nan,nan,nan
28-Apr-25 7:20:40 PM AEST,nan,0.0,nan,nan,nan,nan,0.00,nan,nan,nan,nan,nan
28-Apr-25 7:20:40 PM AEST,nan,87.7,nan,nan,nan,nan,136.00,nan,nan,nan,nan,nan
28-Apr-25 7:20:40 PM AEST,nan,0.0,nan,nan,nan,nan,0.00,nan,nan,nan,nan,nan
28-Apr-25 7:23:00 PM AEST,nan,nan,58.7,nan,nan,nan,nan,nan,nan,nan,nan,nan
28-Apr-25 7:23:05 PM AEST,nan,nan,nan,nan,nan,nan,nan,nan,nan,nan,10.60,nan
28-Apr-25 7:23:05 PM AEST,nan,nan,nan,nan,nan,nan,nan,nan,nan,nan,15.40,nan
28-Apr-25 7:23:05 PM AEST,nan,nan,nan,nan,nan,nan,nan,nan,nan,nan,17.80,nan
28-Apr-25 7:23:05 PM AEST,nan,nan,nan,nan,nan,nan,nan,nan,nan,nan,26.00,nan
28-Apr-25 7:23:05 PM AEST,nan,nan,nan,nan,nan,nan,nan,nan,nan,nan,23.70,nan
28-Apr-25 7:23:05 PM AEST,nan,nan,nan,nan,nan,nan,nan,nan,nan,nan,0.00,nan
28-Apr-25 7:23:05 PM AEST,nan,nan,nan,nan,nan,nan,nan,nan,nan,nan,nan,nan
28-Apr-25 7:23:05 PM AEST,nan,nan,nan,nan,nan,nan,nan,nan,nan,nan,23.70,nan
28-Apr-25 7:23:30 PM AEST,nan,nan,nan,nan,nan,nan,nan,nan,nan,nan,nan,1.00
28-Apr-25 7:23:30 PM AEST,nan,nan,nan,nan,nan,nan,nan,nan,nan,nan,nan,0.00
28-Apr-25 7:23:30 PM AEST,nan,nan,nan,nan,nan,nan,nan,nan,nan,nan,nan,nan
28-Apr-25 7:23:30 PM AEST,nan,nan,nan,nan,nan,nan,nan,nan,nan,nan,nan,1.00
28-Apr-25 7:26:20 PM AEST,nan,nan,nan,nan,nan,nan,nan,10.37,nan,nan,nan,nan
28-Apr-25 7:31:20 PM AEST,nan,135.0,nan,nan,nan,nan,0.10,nan,nan,nan,nan,nan
28-Apr-25 7:39:40 PM AEST,nan,nan,nan,nan,nan,nan,nan,10.58,nan,nan,nan,nan
28-Apr-25 7:42:00 PM AEST,nan,0.0,nan,nan,nan,nan,0.00,nan,nan,nan,nan,nan
28-Apr-25 7:53:00 PM AEST,nan,nan,nan,nan,nan,nan,nan,10.37,nan,nan,nan,nan
28-Apr-25 8:06:31 PM AEST,nan,nan,nan,6552.80,nan,nan,nan,nan,nan,nan,nan,nan
28-Apr-25 9:13:00 PM AEST,nan,nan,nan,nan,nan,nan,nan,10.58,nan,nan,nan,nan
28-Apr-25 9:26:20 PM AEST,nan,nan,nan,nan,nan,nan,nan,10.37,nan,nan,nan,nan
28-Apr-25 10:13:00 PM AEST,nan,nan,nan,nan,nan,nan,nan,10.58,nan,nan,nan,nan
28-Apr-25 10:30:00 PM AEST,nan,135.0,nan,nan,nan,nan,0.10,nan,nan,nan,nan,nan
28-Apr-25 10:39:00 PM AEST,nan,nan,nan,nan,nan,nan,nan,10.37,nan,nan,nan,nan
28-Apr-25 10:40:40 PM AEST,nan,0.0,nan,nan,nan,nan,0.00,nan,nan,nan,nan,nan
28-Apr-25 10:52:20 PM AEST,nan,nan,nan,nan,nan,nan,nan,10.58,nan,nan,nan,nan
28-Apr-25 11:05:40 PM AEST,nan,nan,nan,nan,nan,nan,nan,10.37,nan,nan,nan,nan
28-Apr-25 11:19:00 PM AEST,nan,nan,nan,nan,nan,nan,nan,10.58,nan,nan,nan,nan
28-Apr-25 11:32:20 PM AEST,nan,nan,nan,nan,nan,nan,nan,10.37,nan,nan,nan,nan
29-Apr-25 12:00:00 AM AEST,nan,nan,nan,6552.70,nan,nan,nan,10.58,nan,nan,nan,nan
29-Apr-25 12:26:00 AM AEST,nan,nan,nan,nan,nan,nan,nan,10.37,nan,nan,nan,nan
29-Apr-25 12:39:20 AM AEST,nan,nan,nan,nan,nan,nan,nan,10.58,nan,nan,nan,nan
29-Apr-25 12:52:40 AM AEST,nan,nan,nan,nan,nan,nan,nan,10.37,nan,nan,nan,nan
29-Apr-25 1:30:00 AM AEST,nan,135.0,nan,nan,nan,nan,0.10,nan,nan,nan,nan,nan
29-Apr-25 1:40:40 AM AEST,nan,0.0,nan,nan,nan,nan,0.00,nan,nan,nan,nan,nan
29-Apr-25 1:52:00 AM AEST,nan,nan,nan,nan,nan,nan,nan,10.58,nan,nan,nan,nan
29-Apr-25 2:05:20 AM AEST,nan,nan,nan,nan,nan,nan,nan,10.37,nan,nan,nan,nan
29-Apr-25 2:39:00 AM AEST,nan,nan,nan,nan,nan,nan,nan,10.58,nan,nan,nan,nan
29-Apr-25 3:00:00 AM AEST,nan,nan,nan,nan,nan,nan,nan,10.37,nan,nan,nan,nan
29-Apr-25 3:13:20 AM AEST,nan,nan,nan,nan,nan,nan,nan,10.58,nan,nan,nan,nan
29-Apr-25 3:26:40 AM AEST,nan,nan,nan,nan,nan,nan,nan,10.37,nan,nan,nan,nan
29-Apr-25 3:40:00 AM AEST,nan,nan,nan,nan,nan,nan,nan,10.58,nan,nan,nan,nan
29-Apr-25 3:53:20 AM AEST,nan,nan,nan,nan,nan,nan,nan,10.37,nan,nan,nan,nan
29-Apr-25 4:06:40 AM AEST,nan,nan,nan,nan,nan,nan,nan,10.58,nan,nan,nan,nan
29-Apr-25 4:20:00 AM AEST,nan,nan,nan,nan,nan,nan,nan,10.37,nan,nan,nan,nan
29-Apr-25 4:39:00 AM AEST,nan,nan,nan,nan,nan,nan,nan,10.58,nan,nan,nan,nan
29-Apr-25 5:13:00 AM AEST,nan,nan,nan,nan,nan,nan,nan,10.37,nan,nan,nan,nan
29-Apr-25 5:26:20 AM AEST,nan,nan,nan,nan,nan,nan,nan,10.58,nan,nan,nan,nan
29-Apr-25 5:52:00 AM AEST,nan,nan,nan,nan,nan,nan,nan,10.37,nan,nan,nan,nan
29-Apr-25 6:05:20 AM AEST,nan,nan,nan,nan,nan,nan,nan,10.58,nan,nan,nan,nan
29-Apr-25 6:18:40 AM AEST,nan,nan,nan,nan,nan,nan,nan,10.37,nan,nan,nan,nan
29-Apr-25 6:20:00 AM AEST,nan,135.0,nan,nan,nan,nan,0.10,nan,nan,nan,nan,nan
29-Apr-25 6:30:40 AM AEST,nan,0.0,nan,nan,nan,nan,0.00,nan,nan,nan,nan,nan
29-Apr-25 6:32:00 AM AEST,nan,nan,nan,nan,nan,nan,nan,10.58,nan,nan,nan,nan
29-Apr-25 6:45:20 AM AEST,nan,nan,nan,nan,nan,nan,nan,10.37,nan,nan,nan,nan
29-Apr-25 6:58:40 AM AEST,nan,nan,nan,nan,nan,nan,nan,10.58,nan,nan,nan,nan
29-Apr-25 7:00:00 AM AEST,nan,nan,nan,1.90,nan,nan,nan,nan,nan,nan,nan,nan
29-Apr-25 7:00:00 AM AEST,nan,nan,nan,4.70,nan,nan,nan,nan,nan,nan,nan,nan
29-Apr-25 7:12:00 AM AEST,nan,nan,nan,nan,nan,nan,nan,10.37,nan,nan,nan,nan
29-Apr-25 7:39:00 AM AEST,nan,nan,nan,nan,nan,nan,nan,10.58,nan,nan,nan,nan
29-Apr-25 7:52:20 AM AEST,nan,nan,nan,nan,nan,nan,nan,10.37,nan,nan,nan,nan
29-Apr-25 7:52:20 AM AEST,nan,nan,nan,nan,nan,nan,nan,10.58,nan,nan,nan,nan
29-Apr-25 8:06:31 AM AEST,nan,nan,nan,17.40,nan,nan,nan,nan,nan,nan,nan,nan
29-Apr-25 8:26:00 AM AEST,nan,nan,nan,nan,nan,nan,nan,10.80,nan,nan,nan,nan
29-Apr-25 8:26:00 AM AEST,nan,nan,nan,nan,nan,nan,nan,10.58,nan,nan,nan,nan
29-Apr-25 8:41:20 AM AEST,nan,nan,nan,nan,nan,nan,nan,nan,nan,59.10,nan,nan
29-Apr-25 8:41:24 AM AEST,nan,nan,nan,nan,0.30,nan,nan,nan,137.60,nan,nan,nan
29-Apr-25 8:50:00 AM AEST,nan,126.6,nan,nan,nan,nan,0.50,nan,nan,nan,nan,nan
29-Apr-25 9:03:00 AM AEST,nan,nan,56.2,nan,nan,2.83,nan,nan,nan,nan,nan,nan
29-Apr-25 9:10:00 AM AEST,nan,293.1,nan,nan,nan,nan,0.30,nan,nan,nan,nan,nan
29-Apr-25 9:13:00 AM AEST,nan,nan,nan,nan,nan,nan,nan,10.80,nan,nan,nan,nan
29-Apr-25 9:13:00 AM AEST,nan,nan,nan,nan,nan,nan,nan,10.58,nan,nan,nan,nan
29-Apr-25 9:13:02 AM AEST,nan,nan,nan,35.90,nan,nan,nan,nan,nan,nan,nan,nan
29-Apr-25 9:20:40 AM AEST,nan,359.5,nan,nan,nan,nan,3.60,nan,nan,nan,nan,nan
29-Apr-25 9:31:20 AM AEST,nan,313.6,nan,nan,nan,nan,8.70,nan,nan,nan,nan,nan
29-Apr-25 9:42:00 AM AEST,nan,320.7,nan,nan,nan,nan,6.70,nan,nan,nan,nan,nan
29-Apr-25 9:52:40 AM AEST,nan,270.0,nan,nan,nan,nan,5.80,nan,nan,nan,nan,nan
29-Apr-25 10:03:20 AM AEST,nan,11.5,nan,nan,nan,nan,4.30,nan,nan,nan,nan,nan
29-Apr-25 10:13:00 AM AEST,nan,nan,nan,nan,nan,nan,nan,10.37,nan,nan,nan,nan
29-Apr-25 10:14:00 AM AEST,nan,342.4,nan,nan,nan,nan,2.80,nan,nan,nan,nan,nan
29-Apr-25 10:19:33 AM AEST,nan,nan,nan,45.20,nan,nan,nan,nan,nan,nan,nan,nan
29-Apr-25 10:24:40 AM AEST,nan,335.2,nan,nan,nan,nan,3.10,nan,nan,nan,nan,nan
29-Apr-25 10:26:20 AM AEST,nan,nan,nan,nan,nan,nan,nan,10.58,nan,nan,nan,nan
29-Apr-25 10:35:20 AM AEST,nan,205.1,nan,nan,nan,nan,2.30,nan,nan,nan,nan,nan
29-Apr-25 10:39:40 AM AEST,nan,nan,nan,nan,nan,nan,nan,10.37,nan,nan,nan,nan
29-Apr-25 10:46:00 AM AEST,nan,278.3,nan,nan,nan,nan,2.20,nan,nan,nan,nan,nan
29-Apr-25 10:53:00 AM AEST,nan,nan,nan,nan,nan,nan,nan,10.58,nan,nan,nan,nan
29-Apr-25 10:56:40 AM AEST,nan,348.4,nan,nan,nan,nan,2.80,nan,nan,nan,nan,nan
29-Apr-25 11:06:20 AM AEST,nan,nan,nan,nan,nan,nan,nan,10.37,nan,nan,nan,nan
29-Apr-25 11:07:20 AM AEST,nan,10.1,nan,nan,nan,nan,5.20,nan,nan,nan,nan,nan
29-Apr-25 11:18:00 AM AEST,nan,316.1,nan,nan,nan,nan,nan,nan,nan,nan,nan,nan
29-Apr-25 11:20:00 AM AEST,nan,nan,nan,nan,nan,nan,3.70,nan,nan,nan,nan,nan
29-Apr-25 11:28:40 AM AEST,nan,345.5,nan,nan,nan,nan,nan,nan,nan,nan,nan,nan
29-Apr-25 11:30:40 AM AEST,nan,nan,nan,nan,nan,nan,4.10,nan,nan,nan,nan,nan
29-Apr-25 11:39:00 AM AEST,nan,nan,nan,nan,nan,nan,nan,10.58,nan,nan,nan,nan
29-Apr-25 11:50:00 AM AEST,nan,314.3,nan,nan,nan,nan,5.30,nan,nan,nan,nan,nan
29-Apr-25 5:00:00 PM AEST,nan,nan,nan,16.90,nan,nan,nan,10.37,nan,nan,nan,nan
29-Apr-25 5:10:00 PM AEST,nan,304.0,nan,nan,nan,nan,3.10,nan,nan,nan,nan,nan
29-Apr-25 5:20:40 PM AEST,nan,329.2,nan,nan,nan,nan,1.90,nan,nan,nan,nan,nan
29-Apr-25 5:26:00 PM AEST,nan,nan,nan,nan,nan,nan,nan,10.15,nan,nan,nan,nan
29-Apr-25 5:31:20 PM AEST,nan,346.4,nan,nan,nan,nan,0.50,nan,nan,nan,nan,nan
29-Apr-25 5:39:20 PM AEST,nan,nan,nan,nan,nan,nan,nan,10.37,nan,nan,nan,nan
29-Apr-25 5:42:00 PM AEST,nan,95.0,nan,nan,nan,nan,1.50,nan,nan,nan,nan,nan
29-Apr-25 5:52:40 PM AEST,nan,0.0,nan,nan,nan,nan,0.00,nan,nan,nan,nan,nan
29-Apr-25 6:06:31 PM AEST,nan,nan,nan,2.50,nan,nan,nan,nan,nan,nan,nan,nan
29-Apr-25 6:06:31 PM AEST,nan,nan,nan,6552.70,nan,nan,nan,nan,nan,nan,nan,nan
29-Apr-25 6:20:00 PM AEST,nan,93.6,nan,nan,nan,nan,0.10,nan,nan,nan,nan,nan
29-Apr-25 6:30:40 PM AEST,nan,0.0,nan,nan,nan,nan,0.00,nan,nan,nan,nan,nan
29-Apr-25 6:50:00 PM AEST,nan,93.6,nan,nan,nan,nan,0.10,nan,nan,nan,nan,nan
29-Apr-25 6:52:00 PM AEST,nan,nan,nan,nan,nan,nan,nan,10.58,nan,nan,nan,nan
29-Apr-25 7:00:40 PM AEST,nan,0.0,nan,nan,nan,nan,0.00,nan,nan,nan,nan,nan
29-Apr-25 7:05:20 PM AEST,nan,nan,nan,nan,nan,nan,nan,10.37,nan,nan,nan,nan
29-Apr-25 7:20:00 PM AEST,nan,94.6,nan,nan,nan,nan,1.20,nan,nan,nan,nan,nan
29-Apr-25 7:30:40 PM AEST,nan,0.0,nan,nan,nan,nan,0.00,nan,nan,nan,nan,nan
29-Apr-25 7:39:00 PM AEST,nan,nan,nan,nan,nan,nan,nan,10.58,nan,nan,nan,nan
29-Apr-25 7:52:20 PM AEST,nan,nan,nan,nan,nan,nan,nan,10.37,nan,nan,nan,nan
29-Apr-25 8:05:40 PM AEST,nan,nan,nan,nan,nan,nan,nan,10.58,nan,nan,nan,nan
29-Apr-25 8:19:00 PM AEST,nan,nan,nan,nan,nan,nan,nan,10.37,nan,nan,nan,nan
29-Apr-25 8:32:20 PM AEST,nan,nan,nan,nan,nan,nan,nan,10.58,nan,nan,nan,nan
29-Apr-25 9:39:00 PM AEST,nan,nan,nan,nan,nan,nan,nan,10.37,nan,nan,nan,nan
29-Apr-25 10:13:00 PM AEST,nan,nan,nan,nan,nan,nan,nan,10.58,nan,nan,nan,nan
29-Apr-25 10:22:40 PM AEST,nan,nan,nan,nan,nan,nan,nan,nan,nan,75.70,nan,nan
29-Apr-25 10:22:48 PM AEST,nan,nan,nan,nan,1.00,nan,nan,nan,83.70,nan,nan,nan
29-Apr-25 10:26:20 PM AEST,nan,nan,nan,nan,nan,nan,nan,10.37,nan,nan,nan,nan
29-Apr-25 11:13:00 PM AEST,nan,nan,nan,nan,nan,nan,nan,10.58,nan,nan,nan,nan
30-Apr-25 12:00:00 AM AEST,nan,nan,nan,nan,nan,nan,nan,10.37,nan,nan,nan,nan
30-Apr-25 12:00:00 AM AEST,nan,nan,nan,nan,nan,nan,nan,10.58,nan,nan,nan,nan
30-Apr-25 12:10:00 AM AEST,nan,93.6,nan,nan,nan,nan,0.10,nan,nan,nan,nan,nan
30-Apr-25 12:20:40 AM AEST,nan,0.0,nan,nan,nan,nan,0.00,nan,nan,nan,nan,nan
30-Apr-25 12:26:00 AM AEST,nan,nan,nan,nan,nan,nan,nan,10.37,nan,nan,nan,nan
30-Apr-25 1:13:00 AM AEST,nan,nan,nan,nan,nan,nan,nan,10.58,nan,nan,nan,nan
30-Apr-25 1:39:00 AM AEST,nan,nan,nan,nan,nan,nan,nan,10.37,nan,nan,nan,nan
30-Apr-25 1:52:20 AM AEST,nan,nan,nan,nan,nan,nan,nan,10.58,nan,nan,nan,nan
30-Apr-25 2:05:40 AM AEST,nan,nan,nan,nan,nan,nan,nan,10.37,nan,nan,nan,nan
30-Apr-25 2:19:00 AM AEST,nan,nan,nan,nan,nan,nan,nan,10.58,nan,nan,nan,nan
30-Apr-25 3:00:00 AM AEST,nan,nan,nan,nan,nan,nan,nan,10.37,nan,nan,nan,nan
30-Apr-25 3:13:20 AM AEST,nan,nan,nan,nan,nan,nan,nan,10.58,nan,nan,nan,nan
30-Apr-25 3:13:20 AM AEST,nan,nan,nan,nan,nan,nan,nan,10.37,nan,nan,nan,nan
30-Apr-25 4:00:00 AM AEST,nan,nan,nan,nan,nan,nan,nan,10.58,nan,nan,nan,nan
30-Apr-25 4:00:00 AM AEST,nan,nan,nan,nan,nan,nan,nan,10.37,nan,nan,nan,nan
30-Apr-25 4:39:00 AM AEST,nan,nan,nan,nan,nan,nan,nan,10.58,nan,nan,nan,nan
30-Apr-25 5:13:00 AM AEST,nan,nan,nan,nan,nan,nan,nan,10.37,nan,nan,nan,nan
30-Apr-25 6:00:00 AM AEST,nan,nan,nan,nan,nan,nan,nan,10.58,nan,nan,nan,nan
30-Apr-25 6:13:20 AM AEST,nan,nan,nan,nan,nan,nan,nan,10.37,nan,nan,nan,nan
30-Apr-25 6:13:20 AM AEST,nan,nan,nan,nan,nan,nan,nan,10.58,nan,nan,nan,nan
30-Apr-25 6:26:40 AM AEST,nan,nan,nan,nan,nan,nan,nan,10.37,nan,nan,nan,nan
30-Apr-25 7:00:00 AM AEST,nan,nan,nan,1.80,nan,nan,nan,10.58,nan,nan,nan,nan
30-Apr-25 7:13:20 AM AEST,nan,nan,nan,nan,nan,nan,nan,10.37,nan,nan,nan,nan
30-Apr-25 7:26:40 AM AEST,nan,nan,nan,nan,nan,nan,nan,10.58,nan,nan,nan,nan
30-Apr-25 7:40:00 AM AEST,nan,nan,nan,nan,nan,nan,nan,10.37,nan,nan,nan,nan
30-Apr-25 7:53:20 AM AEST,nan,nan,nan,nan,nan,nan,nan,10.58,nan,nan,nan,nan
30-Apr-25 8:00:00 AM AEST,nan,126.3,nan,nan,nan,nan,nan,nan,nan,nan,nan,nan
30-Apr-25 8:06:31 AM AEST,nan,nan,nan,4.90,nan,nan,nan,nan,nan,nan,nan,nan
30-Apr-25 8:06:31 AM AEST,nan,nan,nan,21.90,nan,nan,nan,nan,nan,nan,nan,nan
30-Apr-25 8:06:40 AM AEST,nan,nan,nan,nan,nan,nan,nan,10.80,nan,nan,nan,nan
30-Apr-25 8:10:00 AM AEST,nan,nan,nan,nan,nan,nan,0.20,nan,nan,nan,nan,nan
30-Apr-25 8:10:00 AM AEST,nan,nan,nan,nan,nan,nan,0.80,nan,nan,nan,nan,nan
30-Apr-25 8:10:40 AM AEST,nan,344.5,nan,nan,nan,nan,nan,nan,nan,nan,nan,nan
30-Apr-25 8:20:40 AM AEST,nan,nan,nan,nan,nan,nan,4.00,nan,nan,nan,nan,nan
30-Apr-25 8:21:20 AM AEST,nan,273.8,nan,nan,nan,nan,nan,nan,nan,nan,nan,nan
30-Apr-25 8:40:00 AM AEST,nan,351.3,nan,nan,nan,nan,2.50,nan,nan,nan,nan,nan
30-Apr-25 8:50:40 AM AEST,nan,329.2,nan,nan,nan,nan,5.30,nan,nan,nan,nan,nan
30-Apr-25 8:52:00 AM AEST,nan,nan,nan,nan,nan,nan,nan,10.58,nan,nan,nan,nan
30-Apr-25 9:01:20 AM AEST,nan,345.2,nan,nan,nan,nan,2.30,nan,nan,nan,nan,nan
30-Apr-25 9:06:00 AM AEST,nan,nan,55.7,nan,nan,2.97,nan,nan,nan,nan,nan,nan
30-Apr-25 9:12:00 AM AEST,nan,306.2,nan,nan,nan,nan,6.20,nan,nan,nan,nan,nan
30-Apr-25 9:13:02 AM AEST,nan,nan,nan,37.00,nan,nan,nan,nan,nan,nan,nan,nan
30-Apr-25 9:22:40 AM AEST,nan,329.5,nan,nan,nan,nan,2.90,nan,nan,nan,nan,nan
30-Apr-25 9:33:20 AM AEST,nan,12.9,nan,nan,nan,nan,4.20,nan,nan,nan,nan,nan
30-Apr-25 9:39:00 AM AEST,nan,nan,nan,nan,nan,nan,nan,10.37,nan,nan,nan,nan
30-Apr-25 9:44:00 AM AEST,nan,81.1,nan,nan,nan,nan,2.90,nan,nan,nan,nan,nan
30-Apr-25 9:54:40 AM AEST,nan,9.2,nan,nan,nan,nan,3.20,nan,nan,nan,nan,nan
30-Apr-25 10:05:20 AM AEST,nan,3.6,nan,nan,nan,nan,5.40,nan,nan,nan,nan,nan
30-Apr-25 10:13:00 AM AEST,nan,nan,nan,nan,nan,nan,nan,10.80,nan,nan,nan,nan
30-Apr-25 10:13:00 AM AEST,nan,nan,nan,nan,nan,nan,nan,10.58,nan,nan,nan,nan
30-Apr-25 10:16:00 AM AEST,nan,279.6,nan,nan,nan,nan,2.90,nan,nan,nan,nan,nan
30-Apr-25 10:19:33 AM AEST,nan,nan,nan,43.50,nan,nan,nan,nan,nan,nan,nan,nan
30-Apr-25 10:26:40 AM AEST,nan,289.2,nan,nan,nan,nan,7.30,nan,nan,nan,nan,nan
30-Apr-25 10:40:00 AM AEST,nan,308.2,nan,nan,nan,nan,9.40,nan,nan,nan,nan,nan
30-Apr-25 10:50:40 AM AEST,nan,319.6,nan,nan,nan,nan,5.70,nan,nan,nan,nan,nan
30-Apr-25 11:01:20 AM AEST,nan,358.8,nan,nan,nan,nan,2.80,nan,nan,nan,nan,nan
30-Apr-25 11:12:00 AM AEST,nan,323.1,nan,nan,nan,nan,8.80,nan,nan,nan,nan,nan
30-Apr-25 11:13:00 AM AEST,nan,nan,nan,nan,nan,nan,nan,10.37,nan,nan,nan,nan
30-Apr-25 11:26:04 AM AEST,nan,nan,nan,49.50,nan,nan,nan,nan,nan,nan,nan,nan
30-Apr-25 11:30:00 AM AEST,nan,295.4,nan,nan,nan,nan,6.20,nan,nan,nan,nan,nan
30-Apr-25 11:39:00 AM AEST,nan,nan,nan,nan,nan,nan,nan,10.58,nan,nan,nan,nan
30-Apr-25 11:40:40 AM AEST,nan,283.4,nan,nan,nan,nan,3.70,nan,nan,nan,nan,nan
30-Apr-25 11:51:20 AM AEST,nan,288.1,nan,nan,nan,nan,6.10,nan,nan,nan,nan,nan
30-Apr-25 11:52:20 AM AEST,nan,nan,nan,nan,nan,nan,nan,10.37,nan,nan,nan,nan
30-Apr-25 12:02:00 PM AEST,nan,325.0,nan,nan,nan,nan,9.90,nan,nan,nan,nan,nan
30-Apr-25 12:12:40 PM AEST,nan,291.4,nan,nan,nan,nan,4.50,nan,nan,nan,nan,nan
30-Apr-25 5:00:00 PM AEST,nan,nan,nan,11.00,nan,nan,nan,nan,nan,nan,nan,nan
30-Apr-25 5:50:00 PM AEST,nan,0.0,nan,nan,nan,nan,0.00,nan,nan,nan,nan,nan
30-Apr-25 6:06:31 PM AEST,nan,nan,nan,0.50,nan,nan,nan,nan,nan,nan,nan,nan
30-Apr-25 6:06:31 PM AEST,nan,nan,nan,6552.70,nan,nan,nan,nan,nan,nan,nan,nan
30-Apr-25 6:13:00 PM AEST,nan,nan,nan,nan,nan,nan,nan,10.58,nan,nan,nan,nan
30-Apr-25 6:39:00 PM AEST,nan,nan,nan,nan,nan,nan,nan,10.37,nan,nan,nan,nan
30-Apr-25 7:00:00 PM AEST,nan,nan,nan,nan,nan,nan,nan,10.58,nan,nan,nan,nan
30-Apr-25 7:13:20 PM AEST,nan,nan,nan,nan,nan,nan,nan,10.37,nan,nan,nan,nan
30-Apr-25 7:26:40 PM AEST,nan,nan,nan,nan,nan,nan,nan,10.58,nan,nan,nan,nan
30-Apr-25 7:26:40 PM AEST,nan,nan,nan,nan,nan,nan,nan,10.37,nan,nan,nan,nan
30-Apr-25 8:00:00 PM AEST,nan,nan,nan,nan,nan,nan,nan,10.58,nan,nan,nan,nan
30-Apr-25 8:20:00 PM AEST,nan,345.7,nan,nan,nan,nan,5.60,nan,nan,nan,nan,nan
30-Apr-25 8:30:40 PM AEST,nan,339.2,nan,nan,nan,nan,2.90,nan,nan,nan,nan,nan
30-Apr-25 8:41:20 PM AEST,nan,18.0,nan,nan,nan,nan,3.70,nan,nan,nan,nan,nan
30-Apr-25 8:52:00 PM AEST,nan,0.0,nan,nan,nan,nan,0.00,nan,nan,nan,nan,nan
30-Apr-25 9:00:00 PM AEST,nan,nan,nan,6553.40,nan,nan,nan,10.37,nan,nan,nan,nan
30-Apr-25 9:02:40 PM AEST,nan,45.0,nan,nan,nan,nan,0.40,nan,nan,nan,nan,nan
30-Apr-25 9:13:20 PM AEST,nan,0.0,nan,nan,nan,nan,0.00,10.58,nan,nan,nan,nan
30-Apr-25 10:06:31 PM AEST,nan,nan,nan,6552.70,nan,nan,nan,nan,nan,nan,nan,nan
30-Apr-25 10:39:00 PM AEST,nan,nan,nan,nan,nan,nan,nan,10.37,nan,nan,nan,nan
30-Apr-25 10:52:20 PM AEST,nan,nan,nan,nan,nan,nan,nan,10.58,nan,nan,nan,nan
30-Apr-25 10:52:20 PM AEST,nan,nan,nan,nan,nan,nan,nan,10.37,nan,nan,nan,nan
30-Apr-25 11:26:00 PM AEST,nan,nan,nan,nan,nan,nan,nan,10.58,nan,nan,nan,nan
30-Apr-25 11:30:00 PM AEST,nan,251.6,nan,nan,nan,nan,0.10,nan,nan,nan,nan,nan
30-Apr-25 11:40:40 PM AEST,nan,0.0,nan,nan,nan,nan,0.00,nan,nan,nan,nan,nan
01-May-25 12:00:00 AM AEST,nan,nan,nan,nan,nan,nan,nan,10.37,nan,nan,nan,nan
01-May-25 12:26:00 AM AEST,nan,nan,nan,nan,nan,nan,nan,10.58,nan,nan,nan,nan
01-May-25 1:00:00 AM AEST,nan,nan,nan,nan,nan,nan,nan,10.37,nan,nan,nan,nan
01-May-25 1:13:20 AM AEST,nan,nan,nan,nan,nan,nan,nan,10.58,nan,nan,nan,nan
01-May-25 1:20:00 AM AEST,nan,251.6,nan,nan,nan,nan,0.10,nan,nan,nan,nan,nan
01-May-25 1:30:40 AM AEST,nan,0.0,nan,nan,nan,nan,0.00,nan,nan,nan,nan,nan
01-May-25 1:39:00 AM AEST,nan,nan,nan,nan,nan,nan,nan,10.37,nan,nan,nan,nan
01-May-25 1:52:20 AM AEST,nan,nan,nan,nan,nan,nan,nan,10.58,nan,nan,nan,nan
01-May-25 2:26:00 AM AEST,nan,nan,nan,nan,nan,nan,nan,10.37,nan,nan,nan,nan
01-May-25 2:26:00 AM AEST,nan,nan,nan,nan,nan,nan,nan,10.58,nan,nan,nan,nan
01-May-25 2:50:00 AM AEST,nan,251.6,nan,nan,nan,nan,0.10,nan,nan,nan,nan,nan
01-May-25 3:00:40 AM AEST,nan,0.0,nan,nan,nan,nan,0.00,nan,nan,nan,nan,nan
01-May-25 3:26:00 AM AEST,nan,nan,nan,nan,nan,nan,nan,10.37,nan,nan,nan,nan
01-May-25 3:50:00 AM AEST,nan,250.5,nan,nan,nan,nan,0.10,nan,nan,nan,nan,nan
01-May-25 3:52:00 AM AEST,nan,nan,nan,nan,nan,nan,nan,10.58,nan,nan,nan,nan
01-May-25 4:10:00 AM AEST,nan,0.0,nan,nan,nan,nan,0.00,nan,nan,nan,nan,nan
01-May-25 4:39:00 AM AEST,nan,nan,nan,nan,nan,nan,nan,10.37,nan,nan,nan,nan
01-May-25 4:40:00 AM AEST,nan,251.6,nan,nan,nan,nan,0.10,nan,nan,nan,nan,nan
01-May-25 4:50:40 AM AEST,nan,0.0,nan,nan,nan,nan,0.00,nan,nan,nan,nan,nan
01-May-25 4:52:20 AM AEST,nan,nan,nan,nan,nan,nan,nan,10.58,nan,nan,nan,nan
01-May-25 5:05:40 AM AEST,nan,nan,nan,nan,nan,nan,nan,10.37,nan,nan,nan,nan
01-May-25 5:19:00 AM AEST,nan,nan,nan,nan,nan,nan,nan,10.58,nan,nan,nan,nan
01-May-25 5:30:00 AM AEST,nan,251.6,nan,nan,nan,nan,0.10,nan,nan,nan,nan,nan
01-May-25 5:40:40 AM AEST,nan,0.0,nan,nan,nan,nan,0.00,nan,nan,nan,nan,nan
01-May-25 5:51:20 AM AEST,nan,251.6,nan,nan,nan,nan,0.10,nan,nan,nan,nan,nan
01-May-25 6:02:00 AM AEST,nan,0.0,nan,nan,nan,nan,0.00,nan,nan,nan,nan,nan
01-May-25 6:13:00 AM AEST,nan,nan,nan,nan,nan,nan,nan,10.37,nan,nan,nan,nan
01-May-25 6:26:20 AM AEST,nan,nan,nan,nan,nan,nan,nan,10.58,nan,nan,nan,nan
01-May-25 7:00:00 AM AEST,nan,nan,nan,1.80,nan,nan,nan,10.37,nan,nan,nan,nan
01-May-25 7:13:20 AM AEST,nan,nan,nan,nan,nan,nan,nan,10.58,nan,nan,nan,nan
01-May-25 7:50:00 AM AEST,nan,354.0,nan,nan,nan,nan,2.50,nan,nan,nan,nan,nan
01-May-25 7:52:00 AM AEST,nan,nan,nan,nan,nan,nan,nan,10.80,nan,nan,nan,nan
01-May-25 8:00:40 AM AEST,nan,348.7,nan,nan,nan,nan,4.10,nan,nan,nan,nan,nan
01-May-25 8:05:20 AM AEST,nan,nan,nan,nan,nan,nan,nan,10.58,nan,nan,nan,nan
01-May-25 8:06:31 AM AEST,nan,nan,nan,3.80,nan,nan,nan,nan,nan,nan,nan,nan
01-May-25 8:06:31 AM AEST,nan,nan,nan,21.00,nan,nan,nan,nan,nan,nan,nan,nan
01-May-25 8:11:20 AM AEST,nan,302.4,nan,nan,nan,nan,4.40,nan,nan,nan,nan,nan
01-May-25 8:22:00 AM AEST,nan,324.7,nan,nan,nan,nan,4.90,nan,nan,nan,nan,nan
01-May-25 8:26:00 AM AEST,nan,nan,nan,nan,nan,nan,nan,10.80,nan,nan,nan,nan
01-May-25 8:32:40 AM AEST,nan,352.8,nan,nan,nan,nan,4.10,nan,nan,nan,nan,nan
01-May-25 8:39:20 AM AEST,nan,nan,nan,nan,nan,nan,nan,10.58,nan,nan,nan,nan
01-May-25 8:43:20 AM AEST,nan,326.9,nan,nan,nan,nan,6.50,nan,nan,nan,nan,nan
01-May-25 9:00:00 AM AEST,nan,320.0,nan,nan,1.70,nan,4.40,nan,286.30,57.20,nan,nan
01-May-25 9:06:00 AM AEST,nan,nan,53.8,nan,nan,3.13,nan,nan,nan,nan,nan,nan
01-May-25 9:10:40 AM AEST,nan,277.2,nan,nan,nan,nan,6.50,nan,nan,nan,nan,nan
01-May-25 9:13:02 AM AEST,nan,nan,nan,35.20,nan,nan,nan,nan,nan,nan,nan,nan
01-May-25 9:21:20 AM AEST,nan,305.1,nan,nan,nan,nan,2.80,nan,nan,nan,nan,nan
01-May-25 9:32:00 AM AEST,nan,338.7,nan,nan,nan,nan,5.20,nan,nan,nan,nan,nan
01-May-25 9:42:40 AM AEST,nan,306.4,nan,nan,nan,nan,4.20,nan,nan,nan,nan,nan
01-May-25 9:53:20 AM AEST,nan,302.6,nan,nan,nan,nan,6.80,nan,nan,nan,nan,nan
01-May-25 10:00:00 AM AEST,nan,nan,nan,nan,nan,nan,nan,10.37,nan,nan,nan,nan
01-May-25 10:00:00 AM AEST,nan,nan,nan,nan,nan,nan,nan,10.58,nan,nan,nan,nan
01-May-25 10:04:00 AM AEST,nan,354.7,nan,nan,nan,nan,2.80,nan,nan,nan,nan,nan
01-May-25 10:13:20 AM AEST,nan,nan,nan,nan,nan,nan,nan,10.37,nan,nan,nan,nan
01-May-25 10:19:33 AM AEST,nan,nan,nan,50.00,nan,nan,nan,nan,nan,nan,nan,nan
01-May-25 10:20:00 AM AEST,nan,290.1,nan,nan,nan,nan,10.40,nan,nan,nan,nan,nan
01-May-25 10:30:40 AM AEST,nan,305.8,nan,nan,nan,nan,8.80,nan,nan,nan,nan,nan
01-May-25 10:41:20 AM AEST,nan,63.0,nan,nan,nan,nan,1.50,nan,nan,nan,nan,nan
01-May-25 10:52:00 AM AEST,nan,312.8,nan,nan,nan,nan,3.50,nan,nan,nan,nan,nan
01-May-25 11:00:00 AM AEST,nan,nan,nan,nan,nan,nan,nan,10.58,nan,nan,nan,nan
01-May-25 11:02:40 AM AEST,nan,318.5,nan,nan,nan,nan,7.30,nan,nan,nan,nan,nan
01-May-25 11:13:20 AM AEST,nan,322.1,nan,nan,nan,nan,8.20,10.37,nan,nan,nan,nan
01-May-25 11:24:00 AM AEST,nan,311.7,nan,nan,nan,nan,5.10,nan,nan,nan,nan,nan
01-May-25 11:26:04 AM AEST,nan,nan,nan,53.30,nan,nan,nan,nan,nan,nan,nan,nan
01-May-25 11:40:00 AM AEST,nan,312.5,nan,nan,nan,nan,6.60,nan,nan,nan,nan,nan
01-May-25 11:50:40 AM AEST,nan,314.8,nan,nan,nan,nan,9.50,nan,nan,nan,nan,nan
01-May-25 11:52:00 AM AEST,nan,nan,nan,nan,nan,nan,nan,10.58,nan,nan,nan,nan
01-May-25 12:01:20 PM AEST,nan,303.2,nan,nan,nan,nan,4.30,nan,nan,nan,nan,nan
01-May-25 12:05:20 PM AEST,nan,nan,nan,nan,nan,nan,nan,10.37,nan,nan,nan,nan
01-May-25 12:12:00 PM AEST,nan,314.3,nan,nan,nan,nan,8.90,nan,nan,nan,nan,nan
01-May-25 12:22:40 PM AEST,nan,294.3,nan,nan,nan,nan,3.10,nan,nan,nan,nan,nan
01-May-25 12:32:35 PM AEST,nan,nan,nan,48.60,nan,nan,nan,nan,nan,nan,nan,nan
01-May-25 12:33:20 PM AEST,nan,320.9,nan,nan,nan,nan,6.10,nan,nan,nan,nan,nan
01-May-25 12:44:00 PM AEST,nan,281.4,nan,nan,nan,nan,6.00,nan,nan,nan,nan,nan
01-May-25 12:52:00 PM AEST,nan,nan,nan,nan,nan,nan,nan,10.58,nan,nan,nan,nan
01-May-25 12:54:40 PM AEST,nan,304.7,nan,nan,nan,nan,7.30,nan,nan,nan,nan,nan
01-May-25 1:05:20 PM AEST,nan,nan,nan,nan,nan,nan,nan,10.37,nan,nan,nan,nan
01-May-25 1:10:00 PM AEST,nan,295.3,nan,nan,nan,nan,6.70,nan,nan,nan,nan,nan
01-May-25 1:20:40 PM AEST,nan,312.7,nan,nan,nan,nan,8.70,nan,nan,nan,nan,nan
01-May-25 1:31:20 PM AEST,nan,302.3,nan,nan,nan,nan,4.30,nan,nan,nan,nan,nan
01-May-25 1:39:06 PM AEST,nan,nan,nan,40.10,nan,nan,nan,nan,nan,nan,nan,nan
01-May-25 1:42:00 PM AEST,nan,307.8,nan,nan,nan,nan,5.60,nan,nan,nan,nan,nan
01-May-25 1:52:40 PM AEST,nan,259.8,nan,nan,nan,nan,2.70,nan,nan,nan,nan,nan
01-May-25 2:00:00 PM AEST,nan,nan,nan,nan,nan,nan,nan,10.58,nan,nan,nan,nan
01-May-25 2:03:20 PM AEST,nan,0.4,nan,nan,nan,nan,4.20,nan,nan,nan,nan,nan
01-May-25 2:14:00 PM AEST,nan,277.9,nan,nan,nan,nan,6.70,nan,nan,nan,nan,nan
01-May-25 2:26:00 PM AEST,nan,nan,nan,nan,nan,nan,nan,10.37,nan,nan,nan,nan
01-May-25 2:30:00 PM AEST,nan,316.7,nan,nan,nan,nan,5.70,nan,nan,nan,nan,nan
01-May-25 2:39:20 PM AEST,nan,nan,nan,nan,nan,nan,nan,10.58,nan,nan,nan,nan
01-May-25 2:40:40 PM AEST,nan,317.1,nan,nan,nan,nan,3.90,nan,nan,nan,nan,nan
01-May-25 2:45:37 PM AEST,nan,nan,nan,33.40,nan,nan,nan,nan,nan,nan,nan,nan
01-May-25 2:51:20 PM AEST,nan,296.8,nan,nan,nan,nan,2.30,nan,nan,nan,nan,nan
01-May-25 2:52:40 PM AEST,nan,nan,nan,nan,nan,nan,nan,10.37,nan,nan,nan,nan
01-May-25 3:02:00 PM AEST,nan,328.8,nan,nan,nan,nan,6.60,nan,nan,nan,nan,nan
01-May-25 3:12:40 PM AEST,nan,351.5,nan,nan,nan,nan,4.50,nan,nan,nan,nan,nan
01-May-25 3:23:20 PM AEST,nan,315.3,nan,nan,nan,nan,2.50,nan,nan,nan,nan,nan
01-May-25 3:34:00 PM AEST,nan,315.4,nan,nan,nan,nan,5.40,nan,nan,nan,nan,nan
01-May-25 3:44:40 PM AEST,nan,nan,nan,nan,nan,nan,5.60,nan,nan,nan,nan,nan
01-May-25 3:50:00 PM AEST,nan,278.2,nan,nan,nan,nan,nan,nan,nan,nan,nan,nan
01-May-25 3:52:00 PM AEST,nan,nan,nan,nan,nan,nan,nan,10.58,nan,nan,nan,nan
01-May-25 3:52:08 PM AEST,nan,nan,nan,25.30,nan,nan,nan,nan,nan,nan,nan,nan
01-May-25 4:00:00 PM AEST,nan,nan,nan,nan,nan,nan,2.00,nan,nan,nan,nan,nan
01-May-25 4:00:40 PM AEST,nan,282.9,nan,nan,nan,nan,nan,nan,nan,nan,nan,nan
01-May-25 4:05:20 PM AEST,nan,nan,nan,nan,nan,nan,nan,10.37,nan,nan,nan,nan
01-May-25 4:10:40 PM AEST,nan,nan,nan,nan,nan,nan,2.90,nan,nan,nan,nan,nan
01-May-25 4:11:20 PM AEST,nan,359.9,nan,nan,nan,nan,nan,nan,nan,nan,nan,nan
01-May-25 4:18:40 PM AEST,nan,nan,nan,nan,nan,nan,nan,10.58,nan,nan,nan,nan
01-May-25 4:21:20 PM AEST,nan,nan,nan,nan,nan,nan,6.80,nan,nan,nan,nan,nan
01-May-25 4:22:00 PM AEST,nan,345.0,nan,nan,nan,nan,nan,nan,nan,nan,nan,nan
01-May-25 4:32:00 PM AEST,nan,nan,nan,nan,nan,nan,7.00,nan,nan,nan,nan,nan
01-May-25 4:32:40 PM AEST,nan,296.0,nan,nan,nan,nan,nan,nan,nan,nan,nan,nan
01-May-25 4:39:00 PM AEST,nan,nan,nan,nan,nan,nan,nan,10.37,nan,nan,nan,nan
01-May-25 4:42:40 PM AEST,nan,nan,nan,nan,nan,nan,1.10,nan,nan,nan,nan,nan
01-May-25 4:43:20 PM AEST,nan,306.0,nan,nan,nan,nan,nan,nan,nan,nan,nan,nan
01-May-25 4:53:20 PM AEST,nan,nan,nan,nan,nan,nan,5.00,nan,nan,nan,nan,nan
01-May-25 4:54:00 PM AEST,nan,351.2,nan,nan,nan,nan,nan,nan,nan,nan,nan,nan
01-May-25 4:58:39 PM AEST,nan,nan,nan,12.20,nan,nan,nan,nan,nan,nan,nan,nan
01-May-25 5:04:00 PM AEST,nan,nan,nan,nan,nan,nan,2.70,nan,nan,nan,nan,nan
01-May-25 5:04:40 PM AEST,nan,305.6,nan,nan,nan,nan,nan,nan,nan,nan,nan,nan
01-May-25 5:20:00 PM AEST,nan,344.0,nan,nan,nan,nan,3.40,nan,nan,nan,nan,nan
01-May-25 5:30:40 PM AEST,nan,8.9,nan,nan,nan,nan,5.50,nan,nan,nan,nan,nan
01-May-25 5:41:20 PM AEST,nan,330.8,nan,nan,nan,nan,7.00,nan,nan,nan,nan,nan
01-May-25 5:52:00 PM AEST,nan,339.2,nan,nan,nan,nan,1.90,10.58,nan,nan,nan,nan
01-May-25 6:02:40 PM AEST,nan,341.3,nan,nan,nan,nan,2.70,nan,nan,nan,nan,nan
01-May-25 6:05:10 PM AEST,nan,nan,nan,3.40,nan,nan,nan,nan,nan,nan,nan,nan
01-May-25 6:05:10 PM AEST,nan,nan,nan,1.70,nan,nan,nan,nan,nan,nan,nan,nan
01-May-25 6:05:20 PM AEST,nan,nan,nan,nan,nan,nan,nan,10.37,nan,nan,nan,nan
01-May-25 6:13:20 PM AEST,nan,317.9,nan,nan,nan,nan,6.70,nan,nan,nan,nan,nan
01-May-25 6:24:00 PM AEST,nan,294.9,nan,nan,nan,nan,3.60,nan,nan,nan,nan,nan
01-May-25 6:40:00 PM AEST,nan,320.1,nan,nan,nan,nan,2.80,nan,nan,nan,nan,nan
01-May-25 6:50:40 PM AEST,nan,322.9,nan,nan,nan,nan,4.70,nan,nan,nan,nan,nan
01-May-25 7:00:00 PM AEST,nan,nan,nan,nan,nan,nan,nan,10.58,nan,nan,nan,nan
01-May-25 7:01:20 PM AEST,nan,325.0,nan,nan,nan,nan,1.60,nan,nan,nan,nan,nan
01-May-25 7:11:41 PM AEST,nan,nan,nan,0.80,nan,nan,nan,nan,nan,nan,nan,nan
01-May-25 7:12:00 PM AEST,nan,11.2,nan,nan,nan,nan,5.60,nan,nan,nan,nan,nan
01-May-25 7:13:20 PM AEST,nan,nan,nan,nan,nan,nan,nan,10.37,nan,nan,nan,nan
01-May-25 7:22:40 PM AEST,nan,331.5,nan,nan,nan,nan,1.20,nan,nan,nan,nan,nan
01-May-25 7:33:20 PM AEST,nan,59.0,nan,nan,nan,nan,5.40,nan,nan,nan,nan,nan
01-May-25 7:39:00 PM AEST,nan,nan,nan,nan,nan,nan,nan,10.58,nan,nan,nan,nan
01-May-25 7:44:00 PM AEST,nan,19.3,nan,nan,nan,nan,6.00,nan,nan,nan,nan,nan
01-May-25 7:54:40 PM AEST,nan,337.1,nan,nan,nan,nan,4.00,nan,nan,nan,nan,nan
01-May-25 8:10:00 PM AEST,nan,344.4,nan,nan,nan,nan,6.10,nan,nan,nan,nan,nan
01-May-25 8:13:00 PM AEST,nan,nan,nan,nan,nan,nan,nan,10.37,nan,nan,nan,nan
01-May-25 8:18:12 PM AEST,nan,nan,nan,0.30,nan,nan,nan,nan,nan,nan,nan,nan
01-May-25 8:20:40 PM AEST,nan,279.0,nan,nan,nan,nan,2.40,nan,nan,nan,nan,nan
01-May-25 8:26:20 PM AEST,nan,nan,nan,nan,nan,nan,nan,10.58,nan,nan,nan,nan
01-May-25 8:26:20 PM AEST,nan,nan,nan,nan,nan,nan,nan,10.37,nan,nan,nan,nan
01-May-25 8:31:20 PM AEST,nan,12.6,nan,nan,nan,nan,1.70,nan,nan,nan,nan,nan
01-May-25 8:39:40 PM AEST,nan,nan,nan,nan,nan,nan,nan,10.58,nan,nan,nan,nan
01-May-25 8:42:00 PM AEST,nan,355.9,nan,nan,nan,nan,3.30,nan,nan,nan,nan,nan
01-May-25 8:52:40 PM AEST,nan,305.0,nan,nan,nan,nan,3.20,nan,nan,nan,nan,nan
01-May-25 8:53:00 PM AEST,nan,nan,nan,nan,nan,nan,nan,10.37,nan,nan,nan,nan
01-May-25 9:03:20 PM AEST,nan,322.0,nan,nan,nan,nan,9.40,nan,nan,nan,nan,nan
01-May-25 9:13:00 PM AEST,nan,nan,nan,nan,nan,nan,nan,10.58,nan,nan,nan,nan
01-May-25 9:14:00 PM AEST,nan,27.6,nan,nan,nan,nan,2.80,nan,nan,nan,nan,nan
01-May-25 9:24:43 PM AEST,nan,nan,nan,0.10,nan,nan,nan,nan,nan,nan,nan,nan
01-May-25 9:30:00 PM AEST,nan,0.0,nan,nan,nan,nan,0.00,nan,nan,nan,nan,nan
01-May-25 9:39:00 PM AEST,nan,nan,nan,nan,nan,nan,nan,10.37,nan,nan,nan,nan
01-May-25 9:40:40 PM AEST,nan,311.1,nan,nan,nan,nan,2.10,nan,nan,nan,nan,nan
01-May-25 9:51:20 PM AEST,nan,323.4,nan,nan,nan,nan,0.80,nan,nan,nan,nan,nan
01-May-25 10:00:00 PM AEST,nan,nan,nan,nan,nan,nan,nan,10.58,nan,nan,nan,nan
01-May-25 10:02:00 PM AEST,nan,15.2,nan,nan,nan,nan,1.80,nan,nan,nan,nan,nan
01-May-25 10:12:40 PM AEST,nan,283.3,nan,nan,nan,nan,1.90,nan,nan,nan,nan,nan
01-May-25 10:13:20 PM AEST,nan,nan,nan,nan,nan,nan,nan,10.37,nan,nan,nan,nan
01-May-25 10:23:20 PM AEST,nan,326.9,nan,nan,nan,nan,5.00,nan,nan,nan,nan,nan
01-May-25 10:26:40 PM AEST,nan,nan,nan,nan,nan,nan,nan,10.58,nan,nan,nan,nan
01-May-25 10:31:14 PM AEST,nan,nan,nan,6553.50,nan,nan,nan,nan,nan,nan,nan,nan
01-May-25 10:34:00 PM AEST,nan,8.8,nan,nan,nan,nan,2.40,nan,nan,nan,nan,nan
01-May-25 10:40:00 PM AEST,0.4,nan,nan,nan,nan,nan,nan,nan,nan,nan,nan,nan
01-May-25 10:41:20 PM AEST,nan,nan,nan,nan,nan,nan,nan,nan,nan,45.20,nan,nan
01-May-25 10:41:24 PM AEST,nan,nan,nan,nan,3.30,nan,nan,nan,332.30,nan,nan,nan
01-May-25 10:50:00 PM AEST,nan,49.1,nan,nan,nan,nan,1.80,nan,nan,nan,nan,nan
01-May-25 11:00:00 PM AEST,nan,nan,nan,nan,nan,nan,nan,10.37,nan,nan,nan,nan
01-May-25 11:00:40 PM AEST,nan,258.4,nan,nan,nan,nan,nan,nan,nan,nan,nan,nan
01-May-25 11:10:00 PM AEST,nan,nan,nan,nan,nan,nan,4.80,nan,nan,nan,nan,nan
01-May-25 11:11:20 PM AEST,nan,309.1,nan,nan,nan,nan,nan,nan,nan,nan,nan,nan
01-May-25 11:13:20 PM AEST,nan,nan,nan,nan,nan,nan,nan,10.58,nan,nan,nan,nan
01-May-25 11:20:40 PM AEST,nan,nan,nan,nan,nan,nan,2.70,nan,nan,nan,nan,nan
01-May-25 11:22:00 PM AEST,nan,307.2,nan,nan,nan,nan,nan,nan,nan,nan,nan,nan
01-May-25 11:26:40 PM AEST,nan,nan,nan,nan,nan,nan,nan,10.37,nan,nan,nan,nan
01-May-25 11:31:20 PM AEST,nan,nan,nan,nan,nan,nan,2.40,nan,nan,nan,nan,nan
01-May-25 11:32:40 PM AEST,nan,21.9,nan,nan,nan,nan,nan,nan,nan,nan,nan,nan
01-May-25 11:37:45 PM AEST,nan,nan,nan,6553.40,nan,nan,nan,nan,nan,nan,nan,nan
01-May-25 11:40:00 PM AEST,nan,nan,nan,nan,nan,nan,nan,10.58,nan,nan,nan,nan
01-May-25 11:42:00 PM AEST,nan,nan,nan,nan,nan,nan,0.90,nan,nan,nan,nan,nan
01-May-25 11:43:20 PM AEST,nan,300.5,nan,nan,nan,nan,nan,nan,nan,nan,nan,nan
01-May-25 11:50:00 PM AEST,0.6,nan,nan,nan,nan,nan,nan,nan,nan,nan,nan,nan
01-May-25 11:52:40 PM AEST,nan,nan,nan,nan,nan,nan,3.70,nan,nan,nan,nan,nan
01-May-25 11:54:00 PM AEST,nan,354.9,nan,nan,nan,nan,nan,nan,nan,nan,nan,nan
02-May-25 12:03:20 AM AEST,nan,nan,nan,nan,nan,nan,2.60,nan,nan,nan,nan,nan
02-May-25 12:04:40 AM AEST,nan,40.5,nan,nan,nan,nan,nan,nan,nan,nan,nan,nan
02-May-25 12:20:00 AM AEST,nan,68.2,nan,nan,nan,nan,0.10,nan,nan,nan,nan,nan
02-May-25 12:26:00 AM AEST,nan,nan,nan,nan,nan,nan,nan,10.37,nan,nan,nan,nan
02-May-25 12:30:40 AM AEST,nan,338.2,nan,nan,nan,nan,nan,nan,nan,nan,nan,nan
02-May-25 12:39:20 AM AEST,nan,nan,nan,nan,nan,nan,nan,10.58,nan,nan,nan,nan
02-May-25 12:40:00 AM AEST,nan,nan,nan,nan,nan,nan,4.10,nan,nan,nan,nan,nan
02-May-25 12:41:20 AM AEST,nan,21.2,nan,nan,nan,nan,nan,nan,nan,nan,nan,nan
02-May-25 12:44:16 AM AEST,nan,nan,nan,6553.30,nan,nan,nan,nan,nan,nan,nan,nan
02-May-25 12:50:40 AM AEST,nan,nan,nan,nan,nan,nan,2.20,nan,nan,nan,nan,nan
02-May-25 12:52:00 AM AEST,nan,214.3,nan,nan,nan,nan,nan,nan,nan,nan,nan,nan
02-May-25 1:01:20 AM AEST,nan,nan,nan,nan,nan,nan,3.40,nan,nan,nan,nan,nan
02-May-25 1:02:40 AM AEST,nan,51.6,nan,nan,nan,nan,nan,nan,nan,nan,nan,nan
02-May-25 1:12:00 AM AEST,nan,nan,nan,nan,nan,nan,0.50,nan,nan,nan,nan,nan
02-May-25 1:13:00 AM AEST,nan,nan,nan,nan,nan,nan,nan,10.37,nan,nan,nan,nan
02-May-25 1:13:20 AM AEST,nan,334.0,nan,nan,nan,nan,nan,nan,nan,nan,nan,nan
02-May-25 1:22:40 AM AEST,nan,nan,nan,nan,nan,nan,3.40,nan,nan,nan,nan,nan
02-May-25 1:24:00 AM AEST,nan,49.9,nan,nan,nan,nan,nan,nan,nan,nan,nan,nan
02-May-25 1:39:00 AM AEST,nan,nan,nan,nan,nan,nan,nan,10.58,nan,nan,nan,nan
02-May-25 1:40:00 AM AEST,nan,335.5,nan,nan,nan,nan,2.30,nan,nan,nan,nan,nan
02-May-25 1:50:40 AM AEST,nan,8.0,nan,nan,nan,nan,7.30,nan,nan,nan,nan,nan
02-May-25 1:50:47 AM AEST,nan,nan,nan,0.20,nan,nan,nan,nan,nan,nan,nan,nan
02-May-25 2:01:20 AM AEST,nan,303.7,nan,nan,nan,nan,0.60,nan,nan,nan,nan,nan
02-May-25 2:12:00 AM AEST,nan,340.5,nan,nan,nan,nan,4.70,nan,nan,nan,nan,nan
02-May-25 2:13:00 AM AEST,nan,nan,nan,nan,nan,nan,nan,10.37,nan,nan,nan,nan
02-May-25 2:22:40 AM AEST,nan,22.6,nan,nan,nan,nan,2.50,nan,nan,nan,nan,nan
02-May-25 2:26:20 AM AEST,nan,nan,nan,nan,nan,nan,nan,10.58,nan,nan,nan,nan
02-May-25 2:33:20 AM AEST,nan,318.1,nan,nan,nan,nan,4.10,nan,nan,nan,nan,nan
02-May-25 2:39:40 AM AEST,nan,nan,nan,nan,nan,nan,nan,10.37,nan,nan,nan,nan
02-May-25 2:39:40 AM AEST,nan,nan,nan,nan,nan,nan,nan,10.58,nan,nan,nan,nan
02-May-25 2:44:00 AM AEST,nan,333.9,nan,nan,nan,nan,0.80,nan,nan,nan,nan,nan
02-May-25 2:54:40 AM AEST,nan,295.4,nan,nan,nan,nan,1.90,nan,nan,nan,nan,nan
02-May-25 2:57:18 AM AEST,nan,nan,nan,0.00,nan,nan,nan,nan,nan,nan,nan,nan
02-May-25 2:57:18 AM AEST,nan,nan,nan,0.30,nan,nan,nan,nan,nan,nan,nan,nan
02-May-25 3:10:00 AM AEST,nan,311.5,nan,nan,nan,nan,1.10,nan,nan,nan,nan,nan
02-May-25 3:20:40 AM AEST,nan,358.4,nan,nan,nan,nan,3.40,nan,nan,nan,nan,nan
02-May-25 3:26:00 AM AEST,nan,nan,nan,nan,nan,nan,nan,10.37,nan,nan,nan,nan
02-May-25 3:26:00 AM AEST,nan,nan,nan,nan,nan,nan,nan,10.58,nan,nan,nan,nan
02-May-25 3:31:20 AM AEST,nan,338.0,nan,nan,nan,nan,2.70,nan,nan,nan,nan,nan
02-May-25 3:42:00 AM AEST,nan,322.8,nan,nan,nan,nan,3.80,nan,nan,nan,nan,nan
02-May-25 3:52:40 AM AEST,nan,3.2,nan,nan,nan,nan,5.30,nan,nan,nan,nan,nan
02-May-25 4:03:20 AM AEST,nan,313.8,nan,nan,nan,nan,3.40,nan,nan,nan,nan,nan
02-May-25 4:13:00 AM AEST,nan,nan,nan,nan,nan,nan,nan,10.37,nan,nan,nan,nan
02-May-25 4:14:00 AM AEST,nan,2.3,nan,nan,nan,nan,4.80,nan,nan,nan,nan,nan
02-May-25 4:26:20 AM AEST,nan,nan,nan,nan,nan,nan,nan,10.58,nan,nan,nan,nan
02-May-25 4:30:00 AM AEST,nan,52.2,nan,nan,nan,nan,0.90,nan,nan,nan,nan,nan
02-May-25 4:40:40 AM AEST,nan,353.9,nan,nan,nan,nan,5.60,nan,nan,nan,nan,nan
02-May-25 4:51:20 AM AEST,nan,295.3,nan,nan,nan,nan,4.20,nan,nan,nan,nan,nan
02-May-25 4:52:00 AM AEST,nan,nan,nan,nan,nan,nan,nan,10.37,nan,nan,nan,nan
02-May-25 5:00:00 AM AEST,nan,nan,nan,0.50,nan,nan,nan,nan,nan,nan,nan,nan
02-May-25 5:00:00 AM AEST,nan,nan,nan,6553.20,nan,nan,nan,nan,nan,nan,nan,nan
02-May-25 5:02:00 AM AEST,nan,19.4,nan,nan,nan,nan,2.40,nan,nan,nan,nan,nan
02-May-25 5:05:20 AM AEST,nan,nan,nan,nan,nan,nan,nan,10.58,nan,nan,nan,nan
02-May-25 5:12:40 AM AEST,nan,322.7,nan,nan,nan,nan,1.30,nan,nan,nan,nan,nan
02-May-25 5:23:20 AM AEST,nan,298.6,nan,nan,nan,nan,2.10,nan,nan,nan,nan,nan
02-May-25 5:34:00 AM AEST,nan,0.0,nan,nan,nan,nan,0.00,nan,nan,nan,nan,nan
02-May-25 5:39:00 AM AEST,nan,nan,nan,nan,nan,nan,nan,10.37,nan,nan,nan,nan
02-May-25 5:40:00 AM AEST,0.8,nan,nan,nan,nan,nan,nan,nan,nan,nan,nan,nan
02-May-25 5:50:00 AM AEST,nan,337.1,nan,nan,nan,nan,0.20,nan,nan,nan,nan,nan
02-May-25 5:50:35 AM AEST,1.4,nan,nan,nan,nan,nan,nan,nan,nan,nan,nan,nan
02-May-25 5:52:20 AM AEST,nan,nan,nan,nan,nan,nan,nan,10.58,nan,nan,nan,nan
02-May-25 6:00:40 AM AEST,nan,5.1,nan,nan,nan,nan,0.90,nan,nan,nan,nan,nan
02-May-25 6:01:10 AM AEST,1.6,nan,nan,nan,nan,nan,nan,nan,nan,nan,nan,nan
02-May-25 6:05:40 AM AEST,nan,nan,nan,nan,nan,nan,nan,10.37,nan,nan,nan,nan
02-May-25 6:06:31 AM AEST,nan,nan,nan,2.00,nan,nan,nan,nan,nan,nan,nan,nan
02-May-25 6:11:20 AM AEST,nan,6.5,nan,nan,nan,nan,1.10,nan,nan,nan,nan,nan
02-May-25 6:11:45 AM AEST,1.8,nan,nan,nan,nan,nan,nan,nan,nan,nan,nan,nan
02-May-25 6:19:00 AM AEST,nan,nan,nan,nan,nan,nan,nan,10.58,nan,nan,nan,nan
02-May-25 6:22:00 AM AEST,nan,0.0,nan,nan,nan,nan,0.00,nan,nan,nan,nan,nan
02-May-25 6:32:40 AM AEST,nan,294.7,nan,nan,nan,nan,1.60,nan,nan,nan,nan,nan
02-May-25 6:43:20 AM AEST,nan,5.7,nan,nan,nan,nan,2.60,nan,nan,nan,nan,nan
02-May-25 6:50:00 AM AEST,2.2,nan,nan,nan,nan,nan,nan,nan,nan,nan,nan,nan
02-May-25 6:54:00 AM AEST,nan,325.9,nan,nan,nan,nan,3.50,nan,nan,nan,nan,nan
02-May-25 7:04:40 AM AEST,nan,299.9,nan,nan,nan,nan,3.40,nan,nan,nan,nan,nan
02-May-25 7:10:00 AM AEST,2.4,nan,nan,nan,nan,nan,nan,nan,nan,nan,nan,nan
02-May-25 7:13:00 AM AEST,nan,nan,nan,nan,nan,nan,nan,10.37,nan,nan,nan,nan
02-May-25 7:13:02 AM AEST,nan,nan,nan,5.40,nan,nan,nan,nan,nan,nan,nan,nan
02-May-25 7:20:00 AM AEST,nan,15.1,nan,nan,nan,nan,6.40,nan,nan,nan,nan,nan
02-May-25 7:20:35 AM AEST,2.6,nan,nan,nan,nan,nan,nan,nan,nan,nan,nan,nan
02-May-25 7:26:20 AM AEST,nan,nan,nan,nan,nan,nan,nan,10.58,nan,nan,nan,nan
02-May-25 7:30:40 AM AEST,nan,326.6,nan,nan,nan,nan,0.20,nan,nan,nan,nan,nan
02-May-25 7:31:10 AM AEST,2.8,nan,nan,nan,nan,nan,nan,nan,nan,nan,nan,nan
02-May-25 7:39:40 AM AEST,nan,nan,nan,nan,nan,nan,nan,10.37,nan,nan,nan,nan
02-May-25 7:41:20 AM AEST,nan,317.8,nan,nan,nan,nan,2.40,nan,nan,nan,nan,nan
02-May-25 7:52:00 AM AEST,nan,320.2,nan,nan,nan,nan,2.70,nan,nan,nan,nan,nan
02-May-25 7:53:00 AM AEST,nan,nan,nan,nan,nan,nan,nan,10.58,nan,nan,nan,nan
02-May-25 8:02:40 AM AEST,nan,128.3,nan,nan,nan,nan,1.20,nan,nan,nan,nan,nan
02-May-25 8:13:20 AM AEST,nan,321.5,nan,nan,nan,nan,4.00,nan,nan,nan,nan,nan
02-May-25 8:19:33 AM AEST,nan,nan,nan,7.00,nan,nan,nan,nan,nan,nan,nan,nan
02-May-25 8:20:00 AM AEST,3.0,nan,nan,nan,nan,nan,nan,nan,nan,nan,nan,nan
02-May-25 8:24:00 AM AEST,nan,342.1,nan,nan,nan,nan,4.20,nan,nan,nan,nan,nan
02-May-25 8:39:00 AM AEST,nan,nan,nan,nan,nan,nan,nan,10.37,nan,nan,nan,nan
02-May-25 8:40:00 AM AEST,nan,344.6,nan,nan,nan,nan,4.40,nan,nan,nan,nan,nan
02-May-25 8:50:00 AM AEST,3.2,nan,nan,nan,nan,nan,nan,nan,nan,nan,nan,nan
02-May-25 8:50:40 AM AEST,nan,41.5,nan,nan,nan,nan,2.10,nan,nan,nan,nan,nan
02-May-25 9:00:00 AM AEST,nan,nan,nan,nan,nan,nan,nan,10.58,nan,nan,nan,nan
02-May-25 9:00:35 AM AEST,0.0,nan,nan,nan,nan,nan,nan,nan,nan,nan,nan,nan
02-May-25 9:01:20 AM AEST,nan,20.2,nan,nan,nan,nan,1.40,nan,nan,nan,nan,nan
02-May-25 9:09:00 AM AEST,nan,nan,54.7,nan,nan,3.28,nan,nan,nan,nan,nan,nan
02-May-25 9:12:00 AM AEST,nan,16.6,nan,nan,nan,nan,4.30,nan,nan,nan,nan,nan
02-May-25 9:22:40 AM AEST,nan,325.0,nan,nan,nan,nan,3.80,nan,nan,nan,nan,nan
02-May-25 9:26:04 AM AEST,nan,nan,nan,16.80,nan,nan,nan,nan,nan,nan,nan,nan
02-May-25 9:30:00 AM AEST,0.2,nan,nan,nan,nan,nan,nan,nan,nan,nan,nan,nan
02-May-25 9:33:20 AM AEST,nan,49.3,nan,nan,nan,nan,3.60,nan,nan,nan,nan,nan
02-May-25 9:39:00 AM AEST,nan,nan,nan,nan,nan,nan,nan,10.37,nan,nan,nan,nan
02-May-25 9:40:35 AM AEST,0.6,nan,nan,nan,nan,nan,nan,nan,nan,nan,nan,nan
02-May-25 9:44:00 AM AEST,nan,358.8,nan,nan,nan,nan,1.40,nan,nan,nan,nan,nan
02-May-25 9:52:20 AM AEST,nan,nan,nan,nan,nan,nan,nan,10.58,nan,nan,nan,nan
02-May-25 9:54:40 AM AEST,nan,nan,nan,nan,nan,nan,4.00,nan,nan,nan,nan,nan
02-May-25 10:00:00 AM AEST,nan,2.6,nan,nan,nan,nan,nan,nan,nan,nan,nan,nan
02-May-25 10:10:00 AM AEST,nan,nan,nan,nan,nan,nan,5.30,nan,nan,nan,nan,nan
02-May-25 10:10:40 AM AEST,nan,314.0,nan,nan,nan,nan,nan,nan,nan,nan,nan,nan
02-May-25 10:20:40 AM AEST,nan,nan,nan,nan,nan,nan,6.50,nan,nan,nan,nan,nan
02-May-25 10:21:20 AM AEST,nan,359.1,nan,nan,nan,nan,nan,nan,nan,nan,nan,nan
02-May-25 10:31:20 AM AEST,nan,nan,nan,nan,nan,nan,4.60,nan,nan,nan,nan,nan
02-May-25 10:32:00 AM AEST,nan,347.2,nan,nan,nan,nan,nan,nan,nan,nan,nan,nan
02-May-25 10:32:35 AM AEST,nan,nan,nan,25.80,nan,nan,nan,nan,nan,nan,nan,nan
02-May-25 10:42:00 AM AEST,nan,nan,nan,nan,nan,nan,3.50,nan,nan,nan,nan,nan
02-May-25 10:42:40 AM AEST,nan,340.2,nan,nan,nan,nan,nan,nan,nan,nan,nan,nan
02-May-25 10:52:40 AM AEST,nan,nan,nan,nan,nan,nan,3.80,nan,nan,nan,nan,nan
02-May-25 10:53:20 AM AEST,nan,294.7,nan,nan,nan,nan,nan,nan,nan,nan,nan,nan
02-May-25 11:00:00 AM AEST,nan,nan,nan,nan,nan,nan,nan,10.37,nan,nan,nan,nan
02-May-25 11:00:00 AM AEST,nan,nan,nan,nan,nan,nan,nan,10.58,nan,nan,nan,nan
02-May-25 11:03:20 AM AEST,nan,nan,nan,nan,nan,nan,4.50,nan,nan,nan,nan,nan
02-May-25 11:04:00 AM AEST,nan,317.3,nan,nan,nan,nan,nan,nan,nan,nan,nan,nan
02-May-25 11:14:00 AM AEST,nan,nan,nan,nan,nan,nan,6.00,nan,nan,nan,nan,nan
02-May-25 11:14:40 AM AEST,nan,354.6,nan,nan,nan,nan,nan,nan,nan,nan,nan,nan
02-May-25 11:30:00 AM AEST,nan,344.0,nan,nan,nan,nan,7.70,nan,nan,nan,nan,nan
02-May-25 11:39:06 AM AEST,nan,nan,nan,39.20,nan,nan,nan,nan,nan,nan,nan,nan
02-May-25 11:40:40 AM AEST,nan,335.3,nan,nan,nan,nan,6.70,nan,nan,nan,nan,nan
02-May-25 11:51:20 AM AEST,nan,309.1,nan,nan,nan,nan,8.20,nan,nan,nan,nan,nan
02-May-25 12:02:00 PM AEST,nan,304.2,nan,nan,nan,nan,7.40,nan,nan,nan,nan,nan
02-May-25 12:12:40 PM AEST,nan,335.4,nan,nan,nan,nan,4.60,nan,nan,nan,nan,nan
02-May-25 12:23:20 PM AEST,nan,292.9,nan,nan,nan,nan,3.20,nan,nan,nan,nan,nan
02-May-25 12:26:00 PM AEST,nan,nan,nan,nan,nan,nan,nan,10.37,nan,nan,nan,nan
02-May-25 12:34:00 PM AEST,nan,291.9,nan,nan,nan,nan,1.10,nan,nan,nan,nan,nan
02-May-25 12:45:37 PM AEST,nan,nan,nan,30.70,nan,nan,nan,nan,nan,nan,nan,nan
02-May-25 12:50:00 PM AEST,nan,7.3,nan,nan,nan,nan,2.20,nan,nan,nan,nan,nan
02-May-25 1:00:40 PM AEST,nan,32.8,nan,nan,nan,nan,4.60,nan,nan,nan,nan,nan
02-May-25 1:11:20 PM AEST,nan,315.5,nan,nan,nan,nan,2.50,nan,nan,nan,nan,nan
02-May-25 1:13:00 PM AEST,nan,nan,nan,nan,nan,nan,nan,10.58,nan,nan,nan,nan
02-May-25 1:22:00 PM AEST,nan,9.5,nan,nan,nan,nan,4.20,nan,nan,nan,nan,nan
02-May-25 1:26:20 PM AEST,nan,nan,nan,nan,nan,nan,nan,10.37,nan,nan,nan,nan
02-May-25 1:32:40 PM AEST,nan,311.8,nan,nan,nan,nan,nan,nan,nan,nan,nan,nan
02-May-25 1:39:40 PM AEST,nan,nan,nan,nan,nan,nan,nan,10.58,nan,nan,nan,nan
02-May-25 1:40:00 PM AEST,0.8,nan,nan,nan,nan,nan,nan,nan,nan,nan,nan,nan
02-May-25 1:43:20 PM AEST,nan,313.4,nan,nan,nan,nan,nan,nan,nan,nan,nan,nan
02-May-25 1:50:00 PM AEST,nan,nan,nan,nan,nan,nan,7.20,nan,nan,nan,nan,nan
02-May-25 1:52:08 PM AEST,nan,nan,nan,28.30,nan,nan,nan,nan,nan,nan,nan,nan
02-May-25 1:53:00 PM AEST,nan,nan,nan,nan,nan,nan,nan,10.37,nan,nan,nan,nan
02-May-25 1:54:00 PM AEST,nan,359.3,nan,nan,nan,nan,nan,nan,nan,nan,nan,nan
02-May-25 2:00:40 PM AEST,nan,nan,nan,nan,nan,nan,7.30,nan,nan,nan,nan,nan
02-May-25 2:04:40 PM AEST,nan,317.2,nan,nan,nan,nan,nan,nan,nan,nan,nan,nan
02-May-25 2:06:20 PM AEST,nan,nan,nan,nan,nan,nan,nan,10.58,nan,nan,nan,nan
02-May-25 2:11:20 PM AEST,nan,nan,nan,nan,nan,nan,3.40,nan,nan,nan,nan,nan
02-May-25 2:20:00 PM AEST,nan,314.6,nan,nan,nan,nan,nan,nan,nan,nan,nan,nan
02-May-25 2:22:00 PM AEST,nan,nan,nan,nan,nan,nan,6.70,nan,nan,nan,nan,nan
02-May-25 2:26:00 PM AEST,nan,nan,nan,nan,nan,nan,nan,10.37,nan,nan,nan,nan
02-May-25 2:30:40 PM AEST,nan,246.3,nan,nan,nan,nan,nan,nan,nan,nan,nan,nan
02-May-25 2:32:40 PM AEST,nan,nan,nan,nan,nan,nan,1.60,nan,nan,nan,nan,nan
02-May-25 2:41:20 PM AEST,nan,288.3,nan,nan,nan,nan,nan,nan,nan,nan,nan,nan
02-May-25 2:43:20 PM AEST,nan,nan,nan,nan,nan,nan,2.70,nan,nan,nan,nan,nan
02-May-25 2:52:00 PM AEST,nan,316.3,nan,nan,nan,nan,nan,10.58,nan,nan,nan,nan
02-May-25 2:54:00 PM AEST,nan,nan,nan,nan,nan,nan,7.70,nan,nan,nan,nan,nan
02-May-25 2:58:39 PM AEST,nan,nan,nan,24.30,nan,nan,nan,nan,nan,nan,nan,nan
02-May-25 3:02:40 PM AEST,nan,322.9,nan,nan,nan,nan,nan,nan,nan,nan,nan,nan
02-May-25 3:04:40 PM AEST,nan,nan,nan,nan,nan,nan,7.40,nan,nan,nan,nan,nan
02-May-25 3:05:20 PM AEST,nan,nan,nan,nan,nan,nan,nan,10.37,nan,nan,nan,nan
02-May-25 3:13:20 PM AEST,nan,7.6,nan,nan,nan,nan,nan,nan,nan,nan,nan,nan
02-May-25 3:15:20 PM AEST,nan,nan,nan,nan,nan,nan,3.30,nan,nan,nan,nan,nan
02-May-25 3:24:00 PM AEST,nan,42.6,nan,nan,nan,nan,nan,nan,nan,nan,nan,nan
02-May-25 3:26:00 PM AEST,nan,nan,nan,nan,nan,nan,5.60,nan,nan,nan,nan,nan
02-May-25 3:36:40 PM AEST,nan,nan,nan,nan,nan,nan,7.90,nan,nan,nan,nan,nan
02-May-25 3:40:00 PM AEST,nan,352.4,nan,nan,nan,nan,nan,nan,nan,nan,nan,nan
02-May-25 3:47:20 PM AEST,nan,nan,nan,nan,nan,nan,6.70,nan,nan,nan,nan,nan
02-May-25 3:50:40 PM AEST,nan,333.0,nan,nan,nan,nan,nan,nan,nan,nan,nan,nan
02-May-25 3:58:00 PM AEST,nan,nan,nan,nan,nan,nan,5.00,nan,nan,nan,nan,nan
02-May-25 4:01:20 PM AEST,nan,15.4,nan,nan,nan,nan,nan,nan,nan,nan,nan,nan
02-May-25 4:05:10 PM AEST,nan,nan,nan,14.60,nan,nan,nan,nan,nan,nan,nan,nan
02-May-25 4:05:10 PM AEST,nan,nan,nan,12.20,nan,nan,nan,nan,nan,nan,nan,nan
02-May-25 4:08:40 PM AEST,nan,nan,nan,nan,nan,nan,6.40,nan,nan,nan,nan,nan
02-May-25 4:12:00 PM AEST,nan,327.2,nan,nan,nan,nan,nan,nan,nan,nan,nan,nan
02-May-25 4:22:40 PM AEST,nan,316.2,nan,nan,nan,nan,nan,nan,nan,nan,nan,nan
02-May-25 4:30:00 PM AEST,nan,nan,nan,nan,nan,nan,4.30,nan,nan,nan,nan,nan
02-May-25 4:33:20 PM AEST,nan,25.2,nan,nan,nan,nan,nan,nan,nan,nan,nan,nan
02-May-25 4:40:40 PM AEST,nan,nan,nan,nan,nan,nan,6.90,nan,nan,nan,nan,nan
02-May-25 4:44:00 PM AEST,nan,328.8,nan,nan,nan,nan,nan,nan,nan,nan,nan,nan
02-May-25 4:51:20 PM AEST,nan,nan,nan,nan,nan,nan,3.80,nan,nan,nan,nan,nan
02-May-25 5:00:00 PM AEST,nan,5.0,nan,nan,nan,nan,nan,10.58,nan,nan,nan,nan
02-May-25 5:02:00 PM AEST,nan,nan,nan,nan,nan,nan,5.90,nan,nan,nan,nan,nan
02-May-25 5:10:40 PM AEST,nan,316.0,nan,nan,nan,nan,nan,nan,nan,nan,nan,nan
02-May-25 5:11:41 PM AEST,nan,nan,nan,2.10,nan,nan,nan,nan,nan,nan,nan,nan
02-May-25 5:12:40 PM AEST,nan,nan,nan,nan,nan,nan,5.10,nan,nan,nan,nan,nan
02-May-25 5:13:20 PM AEST,nan,nan,nan,nan,nan,nan,nan,10.37,nan,nan,nan,nan
02-May-25 5:21:20 PM AEST,nan,44.9,nan,nan,nan,nan,nan,nan,nan,nan,nan,nan
02-May-25 5:23:20 PM AEST,nan,nan,nan,nan,nan,nan,2.30,nan,nan,nan,nan,nan
02-May-25 5:32:00 PM AEST,nan,299.9,nan,nan,nan,nan,nan,nan,nan,nan,nan,nan
02-May-25 5:34:00 PM AEST,nan,nan,nan,nan,nan,nan,7.90,nan,nan,nan,nan,nan
02-May-25 5:42:40 PM AEST,nan,35.6,nan,nan,nan,nan,nan,nan,nan,nan,nan,nan
02-May-25 5:44:40 PM AEST,nan,nan,nan,nan,nan,nan,2.70,nan,nan,nan,nan,nan
02-May-25 5:53:20 PM AEST,nan,38.5,nan,nan,nan,nan,nan,nan,nan,nan,nan,nan
02-May-25 5:55:20 PM AEST,nan,nan,nan,nan,nan,nan,4.40,nan,nan,nan,nan,nan
02-May-25 6:00:00 PM AEST,nan,nan,nan,nan,nan,nan,nan,10.58,nan,nan,nan,nan
02-May-25 6:00:00 PM AEST,nan,nan,nan,nan,nan,nan,nan,10.37,nan,nan,nan,nan
02-May-25 6:04:00 PM AEST,nan,34.4,nan,nan,nan,nan,nan,nan,nan,nan,nan,nan
02-May-25 6:06:00 PM AEST,nan,nan,nan,nan,nan,nan,1.90,nan,nan,nan,nan,nan
02-May-25 6:14:40 PM AEST,nan,32.5,nan,nan,nan,nan,nan,nan,nan,nan,nan,nan
02-May-25 6:16:40 PM AEST,nan,nan,nan,nan,nan,nan,0.80,nan,nan,nan,nan,nan
02-May-25 6:18:12 PM AEST,nan,nan,nan,6553.40,nan,nan,nan,nan,nan,nan,nan,nan
02-May-25 6:27:20 PM AEST,nan,nan,nan,nan,nan,nan,2.20,nan,nan,nan,nan,nan
02-May-25 6:30:00 PM AEST,nan,44.7,nan,nan,nan,nan,nan,nan,nan,nan,nan,nan
02-May-25 6:38:00 PM AEST,nan,nan,nan,nan,nan,nan,0.50,nan,nan,nan,nan,nan
02-May-25 6:39:00 PM AEST,nan,nan,nan,nan,nan,nan,nan,10.58,nan,nan,nan,nan
02-May-25 6:40:40 PM AEST,nan,327.6,nan,nan,nan,nan,nan,nan,nan,nan,nan,nan
02-May-25 6:48:40 PM AEST,nan,nan,nan,nan,nan,nan,0.00,nan,nan,nan,nan,nan
02-May-25 6:51:20 PM AEST,nan,0.0,nan,nan,nan,nan,nan,nan,nan,nan,nan,nan
02-May-25 6:52:20 PM AEST,nan,nan,nan,nan,nan,nan,nan,10.37,nan,nan,nan,nan
02-May-25 6:59:20 PM AEST,nan,nan,nan,nan,nan,nan,3.50,nan,nan,nan,nan,nan
02-May-25 7:02:00 PM AEST,nan,344.3,nan,nan,nan,nan,nan,nan,nan,nan,nan,nan
02-May-25 7:12:40 PM AEST,nan,52.4,nan,nan,nan,nan,nan,nan,nan,nan,nan,nan
02-May-25 7:20:00 PM AEST,nan,nan,nan,nan,nan,nan,0.10,nan,nan,nan,nan,nan
02-May-25 7:23:20 PM AEST,nan,327.5,nan,nan,nan,nan,nan,nan,nan,nan,nan,nan
02-May-25 7:24:43 PM AEST,nan,nan,nan,6553.50,nan,nan,nan,nan,nan,nan,nan,nan
02-May-25 7:30:40 PM AEST,nan,nan,nan,nan,nan,nan,3.00,nan,nan,nan,nan,nan
02-May-25 7:34:00 PM AEST,nan,1.9,nan,nan,nan,nan,nan,nan,nan,nan,nan,nan
02-May-25 7:41:20 PM AEST,nan,nan,nan,nan,nan,nan,3.30,nan,nan,nan,nan,nan
02-May-25 7:50:00 PM AEST,nan,0.0,nan,nan,nan,nan,nan,nan,nan,nan,nan,nan
02-May-25 7:52:00 PM AEST,nan,nan,nan,nan,nan,nan,0.00,10.58,nan,nan,nan,nan
02-May-25 8:00:40 PM AEST,nan,291.2,nan,nan,nan,nan,nan,nan,nan,nan,nan,nan
02-May-25 8:02:40 PM AEST,nan,nan,nan,nan,nan,nan,0.10,nan,nan,nan,nan,nan
02-May-25 8:05:20 PM AEST,nan,nan,nan,nan,nan,nan,nan,10.37,nan,nan,nan,nan
02-May-25 8:05:20 PM AEST,nan,nan,nan,nan,nan,nan,nan,10.58,nan,nan,nan,nan
02-May-25 8:11:20 PM AEST,nan,313.3,nan,nan,nan,nan,nan,nan,nan,nan,nan,nan
02-May-25 8:13:20 PM AEST,nan,nan,nan,nan,nan,nan,4.50,nan,nan,nan,nan,nan
02-May-25 8:18:40 PM AEST,nan,nan,nan,nan,nan,nan,nan,10.37,nan,nan,nan,nan
02-May-25 8:22:00 PM AEST,nan,344.8,nan,nan,nan,nan,nan,nan,nan,nan,nan,nan
02-May-25 8:24:00 PM AEST,nan,nan,nan,nan,nan,nan,3.40,nan,nan,nan,nan,nan
02-May-25 8:31:14 PM AEST,nan,nan,nan,0.00,nan,nan,nan,nan,nan,nan,nan,nan
02-May-25 8:32:00 PM AEST,nan,nan,nan,nan,nan,nan,nan,10.58,nan,nan,nan,nan
02-May-25 8:32:40 PM AEST,nan,333.4,nan,nan,nan,nan,nan,nan,nan,nan,nan,nan
02-May-25 8:34:40 PM AEST,nan,nan,nan,nan,nan,nan,0.10,nan,nan,nan,nan,nan
02-May-25 8:43:20 PM AEST,nan,13.8,nan,nan,nan,nan,nan,nan,nan,nan,nan,nan
02-May-25 8:45:20 PM AEST,nan,nan,nan,nan,nan,nan,2.00,10.37,nan,nan,nan,nan
02-May-25 8:54:00 PM AEST,nan,343.3,nan,nan,nan,nan,nan,nan,nan,nan,nan,nan
02-May-25 8:56:00 PM AEST,nan,nan,nan,nan,nan,nan,3.10,nan,nan,nan,nan,nan
02-May-25 8:58:40 PM AEST,nan,nan,nan,nan,nan,nan,nan,10.58,nan,nan,nan,nan
02-May-25 9:04:40 PM AEST,nan,7.1,nan,nan,nan,nan,nan,nan,nan,nan,nan,nan
02-May-25 9:06:40 PM AEST,nan,nan,nan,nan,nan,nan,0.10,nan,nan,nan,nan,nan
02-May-25 9:17:20 PM AEST,nan,nan,nan,nan,nan,nan,1.20,nan,nan,nan,nan,nan
02-May-25 9:20:00 PM AEST,nan,221.0,nan,nan,nan,nan,nan,nan,nan,nan,nan,nan
02-May-25 9:26:00 PM AEST,nan,nan,nan,nan,nan,nan,nan,10.37,nan,nan,nan,nan
02-May-25 9:26:00 PM AEST,nan,nan,nan,nan,nan,nan,nan,10.58,nan,nan,nan,nan
02-May-25 9:28:00 PM AEST,nan,nan,nan,nan,nan,nan,7.30,nan,nan,nan,nan,nan
02-May-25 9:30:40 PM AEST,nan,17.6,nan,nan,nan,nan,nan,nan,nan,nan,nan,nan
02-May-25 9:37:45 PM AEST,nan,nan,nan,0.20,nan,nan,nan,nan,nan,nan,nan,nan
02-May-25 9:38:40 PM AEST,nan,nan,nan,nan,nan,nan,6.00,nan,nan,nan,nan,nan
02-May-25 9:39:20 PM AEST,nan,nan,nan,nan,nan,nan,nan,10.37,nan,nan,nan,nan
02-May-25 9:41:20 PM AEST,nan,333.8,nan,nan,nan,nan,nan,nan,nan,nan,nan,nan
02-May-25 9:52:00 PM AEST,nan,346.1,nan,nan,nan,nan,nan,nan,nan,nan,nan,nan
02-May-25 10:00:00 PM AEST,nan,nan,nan,nan,nan,nan,8.10,10.58,nan,nan,nan,nan
02-May-25 10:02:40 PM AEST,nan,31.1,nan,nan,nan,nan,nan,nan,nan,nan,nan,nan
02-May-25 10:10:00 PM AEST,1.2,nan,nan,nan,nan,nan,nan,nan,nan,nan,nan,nan
02-May-25 10:10:40 PM AEST,nan,nan,nan,nan,nan,nan,1.30,nan,nan,nan,nan,nan
02-May-25 10:13:20 PM AEST,nan,4.9,nan,nan,nan,nan,nan,10.37,nan,nan,nan,nan
02-May-25 10:21:20 PM AEST,nan,nan,nan,nan,nan,nan,2.00,nan,nan,nan,nan,nan
02-May-25 10:24:00 PM AEST,nan,29.1,nan,nan,nan,nan,nan,nan,nan,nan,nan,nan
02-May-25 10:32:00 PM AEST,nan,nan,nan,nan,nan,nan,2.40,nan,nan,nan,nan,nan
02-May-25 10:39:00 PM AEST,nan,nan,nan,nan,nan,nan,nan,10.58,nan,nan,nan,nan
02-May-25 10:40:00 PM AEST,nan,351.2,nan,nan,nan,nan,nan,nan,nan,nan,nan,nan
02-May-25 10:42:40 PM AEST,nan,nan,nan,nan,nan,nan,0.20,nan,nan,nan,nan,nan
02-May-25 10:44:16 PM AEST,nan,nan,nan,6553.30,nan,nan,nan,nan,nan,nan,nan,nan
02-May-25 10:50:40 PM AEST,nan,350.9,nan,nan,nan,nan,nan,nan,nan,nan,nan,nan
02-May-25 10:52:20 PM AEST,nan,nan,nan,nan,nan,nan,nan,10.37,nan,nan,nan,nan
02-May-25 10:53:20 PM AEST,nan,nan,nan,nan,nan,nan,2.70,nan,nan,nan,nan,nan
02-May-25 11:01:20 PM AEST,nan,0.0,nan,nan,nan,nan,nan,nan,nan,nan,nan,nan
02-May-25 11:04:00 PM AEST,nan,nan,nan,nan,nan,nan,0.00,nan,nan,nan,nan,nan
02-May-25 11:12:00 PM AEST,nan,342.0,nan,nan,nan,nan,nan,nan,nan,nan,nan,nan
02-May-25 11:14:40 PM AEST,nan,nan,nan,nan,nan,nan,0.50,nan,nan,nan,nan,nan
02-May-25 11:22:40 PM AEST,nan,345.3,nan,nan,nan,nan,nan,nan,nan,nan,nan,nan
02-May-25 11:25:20 PM AEST,nan,nan,nan,nan,nan,nan,2.30,nan,nan,nan,nan,nan
02-May-25 11:26:00 PM AEST,nan,nan,nan,nan,nan,nan,nan,10.58,nan,nan,nan,nan
02-May-25 11:33:20 PM AEST,nan,63.4,nan,nan,nan,nan,nan,nan,nan,nan,nan,nan
02-May-25 11:36:00 PM AEST,nan,nan,nan,nan,nan,nan,0.10,nan,nan,nan,nan,nan
02-May-25 11:44:00 PM AEST,nan,298.2,nan,nan,nan,nan,nan,nan,nan,nan,nan,nan
02-May-25 11:46:40 PM AEST,nan,nan,nan,nan,nan,nan,1.10,nan,nan,nan,nan,nan
02-May-25 11:50:47 PM AEST,nan,nan,nan,6553.10,nan,nan,nan,nan,nan,nan,nan,nan
02-May-25 11:57:20 PM AEST,nan,nan,nan,nan,nan,nan,0.10,nan,nan,nan,nan,nan
03-May-25 12:00:00 AM AEST,nan,233.8,nan,nan,nan,nan,nan,nan,nan,nan,nan,nan
03-May-25 12:08:00 AM AEST,nan,nan,nan,nan,nan,nan,3.00,nan,nan,nan,nan,nan
03-May-25 12:10:40 AM AEST,nan,349.4,nan,nan,nan,nan,nan,nan,nan,nan,nan,nan
03-May-25 12:18:40 AM AEST,nan,nan,nan,nan,nan,nan,8.00,nan,nan,nan,nan,nan
03-May-25 12:20:00 AM AEST,1.8,nan,nan,nan,nan,nan,nan,nan,nan,nan,nan,nan
03-May-25 12:21:20 AM AEST,nan,26.8,nan,nan,nan,nan,nan,nan,nan,nan,nan,nan
03-May-25 12:29:20 AM AEST,nan,nan,nan,nan,nan,nan,0.20,nan,nan,nan,nan,nan
03-May-25 12:30:35 AM AEST,3.2,nan,nan,nan,nan,nan,nan,nan,nan,nan,nan,nan
03-May-25 12:32:00 AM AEST,nan,349.6,nan,nan,nan,nan,nan,nan,nan,nan,nan,nan
03-May-25 12:41:10 AM AEST,3.4,nan,nan,nan,nan,nan,nan,nan,nan,nan,nan,nan
03-May-25 12:42:40 AM AEST,nan,347.4,nan,nan,nan,nan,nan,nan,nan,nan,nan,nan
03-May-25 12:50:00 AM AEST,nan,nan,nan,nan,nan,nan,2.10,nan,nan,nan,nan,nan
03-May-25 12:53:20 AM AEST,nan,38.3,nan,nan,nan,nan,nan,nan,nan,nan,nan,nan
03-May-25 12:57:18 AM AEST,nan,nan,nan,6553.40,nan,nan,nan,nan,nan,nan,nan,nan
03-May-25 1:00:00 AM AEST,nan,nan,nan,nan,nan,nan,nan,10.37,nan,nan,nan,nan
03-May-25 1:00:00 AM AEST,nan,nan,nan,nan,nan,nan,nan,10.58,nan,nan,nan,nan
03-May-25 1:00:40 AM AEST,nan,nan,nan,nan,nan,nan,3.80,nan,nan,nan,nan,nan
03-May-25 1:04:00 AM AEST,nan,17.8,nan,nan,nan,nan,nan,nan,nan,nan,nan,nan
03-May-25 1:11:20 AM AEST,nan,nan,nan,nan,nan,nan,2.20,nan,nan,nan,nan,nan
03-May-25 1:14:40 AM AEST,nan,7.1,nan,nan,nan,nan,nan,nan,nan,nan,nan,nan
03-May-25 1:22:00 AM AEST,nan,nan,nan,nan,nan,nan,6.40,nan,nan,nan,nan,nan
03-May-25 1:30:00 AM AEST,nan,8.2,nan,nan,nan,nan,nan,nan,nan,nan,nan,nan
03-May-25 1:32:40 AM AEST,nan,nan,nan,nan,nan,nan,1.50,nan,nan,nan,nan,nan
03-May-25 1:40:40 AM AEST,nan,28.7,nan,nan,nan,nan,nan,nan,nan,nan,nan,nan
03-May-25 1:43:20 AM AEST,nan,nan,nan,nan,nan,nan,2.50,nan,nan,nan,nan,nan
03-May-25 1:51:20 AM AEST,nan,3.0,nan,nan,nan,nan,nan,nan,nan,nan,nan,nan
03-May-25 1:54:00 AM AEST,nan,nan,nan,nan,nan,nan,3.50,nan,nan,nan,nan,nan
03-May-25 2:00:00 AM AEST,nan,nan,nan,nan,nan,nan,nan,10.37,nan,nan,nan,nan
03-May-25 2:02:00 AM AEST,nan,1.1,nan,nan,nan,nan,nan,nan,nan,nan,nan,nan
03-May-25 2:03:49 AM AEST,nan,nan,nan,6553.50,nan,nan,nan,nan,nan,nan,nan,nan
03-May-25 2:04:40 AM AEST,nan,nan,nan,nan,nan,nan,5.70,nan,nan,nan,nan,nan
03-May-25 2:12:40 AM AEST,nan,290.1,nan,nan,nan,nan,nan,nan,nan,nan,nan,nan
03-May-25 2:13:20 AM AEST,nan,nan,nan,nan,nan,nan,nan,10.58,nan,nan,nan,nan
03-May-25 2:15:20 AM AEST,nan,nan,nan,nan,nan,nan,5.90,nan,nan,nan,nan,nan
03-May-25 2:20:00 AM AEST,3.6,nan,nan,nan,nan,nan,nan,nan,nan,nan,nan,nan
03-May-25 2:23:20 AM AEST,nan,65.8,nan,nan,nan,nan,nan,nan,nan,nan,nan,nan
03-May-25 2:26:00 AM AEST,nan,nan,nan,nan,nan,nan,5.20,nan,nan,nan,nan,nan
03-May-25 2:26:40 AM AEST,nan,nan,nan,nan,nan,nan,nan,10.37,nan,nan,nan,nan
03-May-25 2:30:35 AM AEST,4.6,nan,nan,nan,nan,nan,nan,nan,nan,nan,nan,nan
03-May-25 2:34:00 AM AEST,nan,355.7,nan,nan,nan,nan,nan,nan,nan,nan,nan,nan
03-May-25 2:36:40 AM AEST,nan,nan,nan,nan,nan,nan,3.30,nan,nan,nan,nan,nan
03-May-25 2:41:10 AM AEST,6.0,nan,nan,nan,nan,nan,nan,nan,nan,nan,nan,nan
03-May-25 2:47:20 AM AEST,nan,nan,nan,nan,nan,nan,4.20,nan,nan,nan,nan,nan
03-May-25 2:50:00 AM AEST,nan,343.8,nan,nan,nan,nan,nan,nan,nan,nan,nan,nan
03-May-25 2:51:45 AM AEST,6.4,nan,nan,nan,nan,nan,nan,nan,nan,nan,nan,nan
03-May-25 2:52:00 AM AEST,nan,nan,nan,nan,nan,nan,nan,10.58,nan,nan,nan,nan
03-May-25 2:58:00 AM AEST,nan,nan,nan,nan,nan,nan,1.40,nan,nan,nan,nan,nan
03-May-25 3:00:40 AM AEST,nan,351.6,nan,nan,nan,nan,nan,nan,nan,nan,nan,nan
03-May-25 3:02:20 AM AEST,6.8,nan,nan,nan,nan,nan,nan,nan,nan,nan,nan,nan
03-May-25 3:05:20 AM AEST,nan,nan,nan,nan,nan,nan,nan,10.37,nan,nan,nan,nan
03-May-25 3:08:40 AM AEST,nan,nan,nan,nan,nan,nan,5.00,nan,nan,nan,nan,nan
03-May-25 3:10:20 AM AEST,nan,nan,nan,6553.10,nan,nan,nan,nan,nan,nan,nan,nan
03-May-25 3:11:20 AM AEST,nan,7.9,nan,nan,nan,nan,nan,nan,nan,nan,nan,nan
03-May-25 3:12:55 AM AEST,7.2,nan,nan,nan,nan,nan,nan,nan,nan,nan,nan,nan
03-May-25 3:18:40 AM AEST,nan,nan,nan,nan,nan,nan,nan,10.58,nan,nan,nan,nan
03-May-25 3:19:20 AM AEST,nan,nan,nan,nan,nan,nan,4.00,nan,nan,nan,nan,nan
03-May-25 3:22:00 AM AEST,nan,5.1,nan,nan,nan,nan,nan,nan,nan,nan,nan,nan
03-May-25 3:23:30 AM AEST,8.0,nan,nan,nan,nan,nan,nan,nan,nan,nan,nan,nan
03-May-25 3:32:00 AM AEST,nan,nan,nan,nan,nan,nan,nan,10.37,nan,nan,nan,nan
03-May-25 3:32:40 AM AEST,nan,333.1,nan,nan,nan,nan,nan,nan,nan,nan,nan,nan
03-May-25 3:34:05 AM AEST,8.4,nan,nan,nan,nan,nan,nan,nan,nan,nan,nan,nan
03-May-25 3:40:00 AM AEST,nan,nan,nan,nan,nan,nan,0.60,nan,nan,nan,nan,nan
03-May-25 3:43:20 AM AEST,nan,53.7,nan,nan,nan,nan,nan,nan,nan,nan,nan,nan
03-May-25 3:45:20 AM AEST,nan,nan,nan,nan,nan,nan,nan,10.58,nan,nan,nan,nan
03-May-25 3:50:40 AM AEST,nan,nan,nan,nan,nan,nan,0.20,nan,nan,nan,nan,nan
03-May-25 3:54:00 AM AEST,nan,44.8,nan,nan,nan,nan,nan,nan,nan,nan,nan,nan
03-May-25 3:58:40 AM AEST,nan,nan,nan,nan,nan,nan,nan,10.37,nan,nan,nan,nan
03-May-25 4:01:20 AM AEST,nan,nan,nan,nan,nan,nan,0.70,nan,nan,nan,nan,nan
03-May-25 4:10:00 AM AEST,nan,313.7,nan,nan,nan,nan,nan,nan,nan,nan,nan,nan
03-May-25 4:12:00 AM AEST,nan,nan,nan,nan,nan,nan,3.60,nan,nan,nan,nan,nan
03-May-25 4:16:51 AM AEST,nan,nan,nan,6553.20,nan,nan,nan,nan,nan,nan,nan,nan
03-May-25 4:20:00 AM AEST,8.8,nan,nan,nan,nan,nan,nan,nan,nan,nan,nan,nan
03-May-25 4:20:40 AM AEST,nan,68.5,nan,nan,nan,nan,nan,nan,nan,nan,nan,nan
03-May-25 4:22:40 AM AEST,nan,nan,nan,nan,nan,nan,3.70,nan,nan,nan,nan,nan
03-May-25 4:26:00 AM AEST,nan,nan,nan,nan,nan,nan,nan,10.58,nan,nan,nan,nan
03-May-25 4:30:35 AM AEST,9.0,nan,nan,nan,nan,nan,nan,nan,nan,nan,nan,nan
03-May-25 4:31:20 AM AEST,nan,322.8,nan,nan,nan,nan,nan,nan,nan,nan,nan,nan
03-May-25 4:33:20 AM AEST,nan,nan,nan,nan,nan,nan,6.60,nan,nan,nan,nan,nan
03-May-25 4:41:10 AM AEST,9.4,nan,nan,nan,nan,nan,nan,nan,nan,nan,nan,nan
03-May-25 4:42:00 AM AEST,nan,342.3,nan,nan,nan,nan,nan,nan,nan,nan,nan,nan
03-May-25 4:44:00 AM AEST,nan,nan,nan,nan,nan,nan,4.50,nan,nan,nan,nan,nan
03-May-25 4:52:40 AM AEST,nan,40.7,nan,nan,nan,nan,nan,nan,nan,nan,nan,nan
03-May-25 4:54:40 AM AEST,nan,nan,nan,nan,nan,nan,3.50,nan,nan,nan,nan,nan
03-May-25 5:03:20 AM AEST,nan,312.2,nan,nan,nan,nan,nan,nan,nan,nan,nan,nan
03-May-25 5:05:20 AM AEST,nan,nan,nan,nan,nan,nan,1.60,nan,nan,nan,nan,nan
03-May-25 5:14:00 AM AEST,nan,0.0,nan,nan,nan,nan,nan,nan,nan,nan,nan,nan
03-May-25 5:16:00 AM AEST,nan,nan,nan,nan,nan,nan,0.00,nan,nan,nan,nan,nan
03-May-25 5:20:00 AM AEST,9.6,nan,nan,nan,nan,nan,nan,nan,nan,nan,nan,nan
03-May-25 5:23:22 AM AEST,nan,nan,nan,6553.00,nan,nan,nan,nan,nan,nan,nan,nan
03-May-25 5:24:40 AM AEST,nan,261.3,nan,nan,nan,nan,nan,nan,nan,nan,nan,nan
03-May-25 5:26:40 AM AEST,nan,nan,nan,nan,nan,nan,0.20,nan,nan,nan,nan,nan
03-May-25 5:30:35 AM AEST,11.8,nan,nan,nan,nan,nan,nan,nan,nan,nan,nan,nan
03-May-25 5:37:20 AM AEST,nan,nan,nan,nan,nan,nan,2.40,nan,nan,nan,nan,nan
03-May-25 5:40:00 AM AEST,nan,220.1,nan,nan,nan,nan,nan,nan,nan,nan,nan,nan
03-May-25 5:41:10 AM AEST,14.0,nan,nan,nan,nan,nan,nan,nan,nan,nan,nan,nan
03-May-25 5:48:00 AM AEST,nan,nan,nan,nan,nan,nan,1.50,nan,nan,nan,nan,nan
03-May-25 5:50:40 AM AEST,nan,307.4,nan,nan,nan,nan,nan,nan,nan,nan,nan,nan
03-May-25 5:51:45 AM AEST,21.8,nan,nan,nan,nan,nan,nan,nan,nan,nan,nan,nan
03-May-25 5:52:00 AM AEST,nan,nan,nan,nan,nan,nan,nan,10.37,nan,nan,nan,nan
03-May-25 5:58:40 AM AEST,nan,nan,nan,nan,nan,nan,0.00,nan,nan,nan,nan,nan
03-May-25 6:01:20 AM AEST,nan,0.0,nan,nan,nan,nan,nan,nan,nan,nan,nan,nan
03-May-25 6:02:20 AM AEST,27.6,nan,nan,nan,nan,nan,nan,nan,nan,nan,nan,nan
03-May-25 6:09:20 AM AEST,nan,nan,nan,nan,nan,nan,0.10,nan,nan,nan,nan,nan
03-May-25 6:12:00 AM AEST,nan,349.4,nan,nan,nan,nan,nan,nan,nan,nan,nan,nan
03-May-25 6:12:55 AM AEST,38.8,nan,nan,nan,nan,nan,nan,nan,nan,nan,nan,nan
03-May-25 6:22:40 AM AEST,nan,19.6,nan,nan,nan,nan,nan,nan,nan,nan,nan,nan
03-May-25 6:23:30 AM AEST,43.4,nan,nan,nan,nan,nan,nan,nan,nan,nan,nan,nan
03-May-25 6:26:00 AM AEST,nan,nan,nan,nan,nan,nan,nan,10.58,nan,nan,nan,nan
03-May-25 6:29:53 AM AEST,nan,nan,nan,1.70,nan,nan,nan,nan,nan,nan,nan,nan
03-May-25 6:30:00 AM AEST,nan,nan,nan,nan,nan,nan,3.20,nan,nan,nan,nan,nan
03-May-25 6:33:20 AM AEST,nan,294.6,nan,nan,nan,nan,nan,nan,nan,nan,nan,nan
03-May-25 6:34:05 AM AEST,47.0,nan,nan,nan,nan,nan,nan,nan,nan,nan,nan,nan
03-May-25 6:39:20 AM AEST,nan,nan,nan,nan,nan,nan,nan,10.37,nan,nan,nan,nan
03-May-25 6:39:20 AM AEST,nan,nan,nan,nan,nan,nan,nan,10.58,nan,nan,nan,nan
03-May-25 6:40:40 AM AEST,nan,nan,nan,nan,nan,nan,0.60,nan,nan,nan,nan,nan
03-May-25 6:44:00 AM AEST,nan,65.7,nan,nan,nan,nan,nan,nan,nan,nan,nan,nan
03-May-25 6:44:40 AM AEST,48.8,nan,nan,nan,nan,nan,nan,nan,nan,nan,nan,nan
03-May-25 6:51:20 AM AEST,nan,nan,nan,nan,nan,nan,1.10,nan,nan,nan,nan,nan
03-May-25 6:55:15 AM AEST,49.8,nan,nan,nan,nan,nan,nan,nan,nan,nan,nan,nan
03-May-25 7:00:00 AM AEST,nan,39.0,nan,nan,nan,nan,nan,nan,nan,nan,nan,nan
03-May-25 7:02:00 AM AEST,nan,nan,nan,nan,nan,nan,7.70,nan,nan,nan,nan,nan
03-May-25 7:05:50 AM AEST,50.0,nan,nan,nan,nan,nan,nan,nan,nan,nan,nan,nan
03-May-25 7:10:40 AM AEST,nan,314.0,nan,nan,nan,nan,nan,nan,nan,nan,nan,nan
03-May-25 7:12:40 AM AEST,nan,nan,nan,nan,nan,nan,4.10,nan,nan,nan,nan,nan
03-May-25 7:16:25 AM AEST,50.2,nan,nan,nan,nan,nan,nan,nan,nan,nan,nan,nan
03-May-25 7:21:20 AM AEST,nan,340.0,nan,nan,nan,nan,nan,nan,nan,nan,nan,nan
03-May-25 7:23:20 AM AEST,nan,nan,nan,nan,nan,nan,6.00,nan,nan,nan,nan,nan
03-May-25 7:26:00 AM AEST,nan,nan,nan,nan,nan,nan,nan,10.37,nan,nan,nan,nan
03-May-25 7:32:00 AM AEST,nan,340.3,nan,nan,nan,nan,nan,nan,nan,nan,nan,nan
03-May-25 7:34:00 AM AEST,nan,nan,nan,nan,nan,nan,8.60,nan,nan,nan,nan,nan
03-May-25 7:36:24 AM AEST,nan,nan,nan,3.00,nan,nan,nan,nan,nan,nan,nan,nan
03-May-25 7:42:40 AM AEST,nan,309.2,nan,nan,nan,nan,nan,nan,nan,nan,nan,nan
03-May-25 7:44:40 AM AEST,nan,nan,nan,nan,nan,nan,4.80,nan,nan,nan,nan,nan
03-May-25 7:53:20 AM AEST,nan,328.3,nan,nan,nan,nan,nan,nan,nan,nan,nan,nan
03-May-25 7:55:20 AM AEST,nan,nan,nan,nan,nan,nan,10.80,nan,nan,nan,nan,nan
03-May-25 8:00:00 AM AEST,50.4,nan,nan,nan,nan,nan,nan,10.58,nan,nan,nan,nan
03-May-25 8:04:00 AM AEST,nan,43.5,nan,nan,nan,nan,nan,nan,nan,nan,nan,nan
03-May-25 8:06:00 AM AEST,nan,nan,nan,nan,nan,nan,3.80,nan,nan,nan,nan,nan
03-May-25 8:10:35 AM AEST,51.6,nan,nan,nan,nan,nan,nan,nan,nan,nan,nan,nan
03-May-25 8:14:40 AM AEST,nan,292.0,nan,nan,nan,nan,nan,nan,nan,nan,nan,nan
03-May-25 8:16:40 AM AEST,nan,nan,nan,nan,nan,nan,4.50,nan,nan,nan,nan,nan
03-May-25 8:21:10 AM AEST,53.2,nan,nan,nan,nan,nan,nan,nan,nan,nan,nan,nan
03-May-25 8:27:20 AM AEST,nan,nan,nan,nan,nan,nan,5.10,nan,nan,nan,nan,nan
03-May-25 8:30:00 AM AEST,nan,13.5,nan,nan,nan,nan,nan,nan,nan,nan,nan,nan
03-May-25 8:31:45 AM AEST,55.2,nan,nan,nan,nan,nan,nan,nan,nan,nan,nan,nan
03-May-25 8:38:00 AM AEST,nan,nan,nan,nan,nan,nan,5.20,nan,nan,nan,nan,nan
03-May-25 8:40:40 AM AEST,nan,45.8,nan,nan,nan,nan,nan,nan,nan,nan,nan,nan
03-May-25 8:42:20 AM AEST,55.6,nan,nan,nan,nan,nan,nan,nan,nan,nan,nan,nan
03-May-25 8:42:55 AM AEST,nan,nan,nan,3.20,nan,nan,nan,nan,nan,nan,nan,nan
03-May-25 8:48:40 AM AEST,nan,nan,nan,nan,nan,nan,3.40,nan,nan,nan,nan,nan
03-May-25 8:51:20 AM AEST,nan,21.7,nan,nan,nan,nan,nan,nan,nan,nan,nan,nan
03-May-25 8:52:55 AM AEST,57.8,nan,nan,nan,nan,nan,nan,nan,nan,nan,nan,nan
03-May-25 9:00:00 AM AEST,nan,nan,nan,nan,2.70,nan,nan,nan,350.80,47.80,nan,nan
03-May-25 9:00:00 AM AEST,nan,nan,nan,nan,0.00,nan,nan,nan,0.00,0.00,nan,nan
03-May-25 9:00:00 AM AEST,nan,nan,nan,nan,nan,nan,nan,nan,nan,nan,nan,nan
03-May-25 9:00:00 AM AEST,nan,nan,nan,nan,2.70,nan,nan,nan,350.80,47.80,nan,nan
03-May-25 9:02:00 AM AEST,nan,310.2,nan,nan,nan,nan,nan,nan,nan,nan,nan,nan
03-May-25 9:03:30 AM AEST,1.2,nan,nan,nan,nan,nan,nan,nan,nan,nan,nan,nan
03-May-25 9:10:00 AM AEST,nan,nan,nan,nan,nan,nan,3.70,nan,nan,nan,nan,nan
03-May-25 9:12:00 AM AEST,nan,nan,66.3,nan,nan,3.48,nan,nan,nan,nan,nan,nan
03-May-25 9:12:40 AM AEST,nan,349.2,nan,nan,nan,nan,nan,nan,nan,nan,nan,nan
03-May-25 9:13:00 AM AEST,nan,nan,nan,nan,nan,nan,nan,10.37,nan,nan,nan,nan
03-May-25 9:14:05 AM AEST,1.6,nan,nan,nan,nan,nan,nan,nan,nan,nan,nan,nan
03-May-25 9:20:40 AM AEST,nan,nan,nan,nan,nan,nan,5.10,nan,nan,nan,nan,nan
03-May-25 9:23:20 AM AEST,nan,346.0,nan,nan,nan,nan,nan,nan,nan,nan,nan,nan
03-May-25 9:31:20 AM AEST,nan,nan,nan,nan,nan,nan,6.20,nan,nan,nan,nan,nan
03-May-25 9:34:00 AM AEST,nan,358.1,nan,nan,nan,nan,nan,nan,nan,nan,nan,nan
03-May-25 9:42:00 AM AEST,nan,nan,nan,nan,nan,nan,4.80,nan,nan,nan,nan,nan
03-May-25 9:49:26 AM AEST,nan,nan,nan,5.00,nan,nan,nan,nan,nan,nan,nan,nan
03-May-25 9:50:00 AM AEST,1.8,325.3,nan,nan,nan,nan,nan,nan,nan,nan,nan,nan
03-May-25 9:52:40 AM AEST,nan,nan,nan,nan,nan,nan,8.40,nan,nan,nan,nan,nan
03-May-25 10:00:40 AM AEST,nan,356.0,nan,nan,nan,nan,nan,nan,nan,nan,nan,nan
03-May-25 10:03:20 AM AEST,nan,nan,nan,nan,nan,nan,4.90,nan,nan,nan,nan,nan
03-May-25 10:11:20 AM AEST,nan,10.9,nan,nan,nan,nan,nan,nan,nan,nan,nan,nan
03-May-25 10:14:00 AM AEST,nan,nan,nan,nan,nan,nan,5.30,nan,nan,nan,nan,nan
03-May-25 10:22:00 AM AEST,nan,45.4,nan,nan,nan,nan,nan,nan,nan,nan,nan,nan
03-May-25 10:24:40 AM AEST,nan,nan,nan,nan,nan,nan,8.10,nan,nan,nan,nan,nan
03-May-25 10:26:00 AM AEST,nan,nan,nan,nan,nan,nan,nan,10.58,nan,nan,nan,nan
03-May-25 10:32:40 AM AEST,nan,15.1,nan,nan,nan,nan,nan,nan,nan,nan,nan,nan
03-May-25 10:35:20 AM AEST,nan,nan,nan,nan,nan,nan,2.10,nan,nan,nan,nan,nan
03-May-25 10:43:20 AM AEST,nan,334.2,nan,nan,nan,nan,nan,nan,nan,nan,nan,nan
03-May-25 10:46:00 AM AEST,nan,nan,nan,nan,nan,nan,1.70,nan,nan,nan,nan,nan
03-May-25 10:50:00 AM AEST,2.0,nan,nan,nan,nan,nan,nan,nan,nan,nan,nan,nan
03-May-25 10:54:00 AM AEST,nan,67.2,nan,nan,nan,nan,nan,nan,nan,nan,nan,nan
03-May-25 10:55:57 AM AEST,nan,nan,nan,6.20,nan,nan,nan,nan,nan,nan,nan,nan
03-May-25 10:56:40 AM AEST,nan,nan,nan,nan,nan,nan,5.00,nan,nan,nan,nan,nan
03-May-25 11:07:20 AM AEST,nan,nan,nan,nan,nan,nan,2.40,nan,nan,nan,nan,nan
03-May-25 11:10:00 AM AEST,nan,43.0,nan,nan,nan,nan,nan,nan,nan,nan,nan,nan
03-May-25 11:13:00 AM AEST,nan,nan,nan,nan,nan,nan,nan,10.37,nan,nan,nan,nan
03-May-25 11:18:00 AM AEST,nan,nan,nan,nan,nan,nan,2.70,nan,nan,nan,nan,nan
03-May-25 11:20:40 AM AEST,nan,315.8,nan,nan,nan,nan,nan,nan,nan,nan,nan,nan
03-May-25 11:26:20 AM AEST,nan,nan,nan,nan,nan,nan,nan,10.58,nan,nan,nan,nan
03-May-25 11:28:40 AM AEST,nan,nan,nan,nan,nan,nan,5.90,nan,nan,nan,nan,nan
03-May-25 11:31:20 AM AEST,nan,42.6,nan,nan,nan,nan,nan,nan,nan,nan,nan,nan
03-May-25 11:39:20 AM AEST,nan,nan,nan,nan,nan,nan,3.70,nan,nan,nan,nan,nan
03-May-25 11:42:00 AM AEST,nan,10.6,nan,nan,nan,nan,nan,nan,nan,nan,nan,nan
03-May-25 11:52:40 AM AEST,nan,71.0,nan,nan,nan,nan,nan,nan,nan,nan,nan,nan
03-May-25 12:00:00 PM AEST,nan,nan,nan,nan,nan,nan,4.90,10.80,nan,nan,nan,nan
03-May-25 12:00:00 PM AEST,nan,nan,nan,nan,nan,nan,4.90,10.58,nan,nan,nan,nan
03-May-25 12:02:28 PM AEST,nan,nan,nan,13.50,nan,nan,nan,nan,nan,nan,nan,nan
03-May-25 12:02:28 PM AEST,nan,nan,nan,20.00,nan,nan,nan,nan,nan,nan,nan,nan
03-May-25 12:03:20 PM AEST,nan,359.2,nan,nan,nan,nan,nan,nan,nan,nan,nan,nan
03-May-25 12:10:00 PM AEST,2.2,nan,nan,nan,nan,nan,nan,nan,nan,nan,nan,nan
03-May-25 12:10:40 PM AEST,nan,nan,nan,nan,nan,nan,2.40,nan,nan,nan,nan,nan
03-May-25 12:14:00 PM AEST,nan,0.0,nan,nan,nan,nan,nan,nan,nan,nan,nan,nan
03-May-25 12:21:20 PM AEST,nan,nan,nan,nan,nan,nan,0.00,nan,nan,nan,nan,nan
03-May-25 12:24:40 PM AEST,nan,345.3,nan,nan,nan,nan,nan,nan,nan,nan,nan,nan
03-May-25 12:26:00 PM AEST,nan,nan,nan,nan,nan,nan,nan,10.37,nan,nan,nan,nan
03-May-25 12:32:00 PM AEST,nan,nan,nan,nan,nan,nan,4.20,nan,nan,nan,nan,nan
03-May-25 12:40:00 PM AEST,nan,325.7,nan,nan,nan,nan,nan,nan,nan,nan,nan,nan
03-May-25 12:42:40 PM AEST,nan,nan,nan,nan,nan,nan,6.80,nan,nan,nan,nan,nan
03-May-25 12:50:40 PM AEST,nan,6.8,nan,nan,nan,nan,nan,nan,nan,nan,nan,nan
03-May-25 12:53:20 PM AEST,nan,nan,nan,nan,nan,nan,2.80,nan,nan,nan,nan,nan
03-May-25 1:00:00 PM AEST,nan,nan,nan,nan,nan,nan,nan,10.58,nan,nan,nan,nan
03-May-25 1:01:20 PM AEST,nan,342.7,nan,nan,nan,nan,nan,nan,nan,nan,nan,nan
03-May-25 1:04:00 PM AEST,nan,nan,nan,nan,nan,nan,3.80,nan,nan,nan,nan,nan
03-May-25 1:08:59 PM AEST,nan,nan,nan,21.20,nan,nan,nan,nan,nan,nan,nan,nan
03-May-25 1:12:00 PM AEST,nan,26.0,nan,nan,nan,nan,nan,nan,nan,nan,nan,nan
03-May-25 1:14:40 PM AEST,nan,nan,nan,nan,nan,nan,2.90,nan,nan,nan,nan,nan
03-May-25 1:22:40 PM AEST,nan,331.2,nan,nan,nan,nan,nan,nan,nan,nan,nan,nan
03-May-25 1:25:20 PM AEST,nan,nan,nan,nan,nan,nan,2.40,nan,nan,nan,nan,nan
03-May-25 1:26:00 PM AEST,nan,nan,nan,nan,nan,nan,nan,10.37,nan,nan,nan,nan
03-May-25 1:33:20 PM AEST,nan,324.3,nan,nan,nan,nan,nan,nan,nan,nan,nan,nan
03-May-25 1:36:00 PM AEST,nan,nan,nan,nan,nan,nan,5.50,nan,nan,nan,nan,nan
03-May-25 1:39:20 PM AEST,nan,nan,nan,nan,nan,nan,nan,10.58,nan,nan,nan,nan
03-May-25 1:44:00 PM AEST,nan,297.9,nan,nan,nan,nan,nan,nan,nan,nan,nan,nan
03-May-25 1:46:40 PM AEST,nan,nan,nan,nan,nan,nan,4.70,nan,nan,nan,nan,nan
03-May-25 1:57:20 PM AEST,nan,nan,nan,nan,nan,nan,3.20,nan,nan,nan,nan,nan
03-May-25 2:00:00 PM AEST,nan,301.9,nan,nan,nan,nan,nan,nan,nan,nan,nan,nan
03-May-25 2:08:00 PM AEST,nan,nan,nan,nan,nan,nan,2.60,nan,nan,nan,nan,nan
03-May-25 2:10:40 PM AEST,nan,162.3,nan,nan,nan,nan,nan,nan,nan,nan,nan,nan
03-May-25 2:15:30 PM AEST,nan,nan,nan,20.20,nan,nan,nan,nan,nan,nan,nan,nan
03-May-25 2:18:40 PM AEST,nan,nan,nan,nan,nan,nan,4.00,nan,nan,nan,nan,nan
03-May-25 2:21:20 PM AEST,nan,294.2,nan,nan,nan,nan,nan,nan,nan,nan,nan,nan
03-May-25 2:29:20 PM AEST,nan,nan,nan,nan,nan,nan,6.00,nan,nan,nan,nan,nan
03-May-25 2:32:00 PM AEST,nan,299.9,nan,nan,nan,nan,nan,nan,nan,nan,nan,nan
03-May-25 2:39:00 PM AEST,nan,nan,nan,nan,nan,nan,nan,10.37,nan,nan,nan,nan
03-May-25 2:42:40 PM AEST,nan,317.4,nan,nan,nan,nan,nan,nan,nan,nan,nan,nan
03-May-25 2:50:00 PM AEST,nan,nan,nan,nan,nan,nan,6.40,nan,nan,nan,nan,nan
03-May-25 2:53:20 PM AEST,nan,330.4,nan,nan,nan,nan,nan,nan,nan,nan,nan,nan
03-May-25 3:00:40 PM AEST,nan,nan,nan,nan,nan,nan,4.20,nan,nan,nan,nan,nan
03-May-25 3:04:00 PM AEST,nan,325.0,nan,nan,nan,nan,nan,nan,nan,nan,nan,nan
03-May-25 3:11:20 PM AEST,nan,nan,nan,nan,nan,nan,7.50,nan,nan,nan,nan,nan
03-May-25 3:13:00 PM AEST,nan,nan,nan,nan,nan,nan,nan,10.58,nan,nan,nan,nan
03-May-25 3:14:40 PM AEST,nan,320.7,nan,nan,nan,nan,nan,nan,nan,nan,nan,nan
03-May-25 3:22:00 PM AEST,nan,nan,nan,nan,nan,nan,9.40,nan,nan,nan,nan,nan
03-May-25 3:22:01 PM AEST,nan,nan,nan,14.00,nan,nan,nan,nan,nan,nan,nan,nan
03-May-25 3:22:01 PM AEST,nan,nan,nan,0.00,nan,nan,nan,nan,nan,nan,nan,nan
03-May-25 3:22:01 PM AEST,nan,nan,nan,nan,nan,nan,nan,nan,nan,nan,nan,nan
03-May-25 3:26:20 PM AEST,nan,nan,nan,nan,nan,nan,nan,10.37,nan,nan,nan,nan
03-May-25 3:30:00 PM AEST,nan,297.3,nan,nan,nan,nan,nan,nan,nan,nan,nan,nan
03-May-25 3:32:40 PM AEST,nan,nan,nan,nan,nan,nan,3.10,nan,nan,nan,nan,nan
03-May-25 3:40:40 PM AEST,nan,9.0,nan,nan,nan,nan,nan,nan,nan,nan,nan,nan
03-May-25 3:43:20 PM AEST,nan,nan,nan,nan,nan,nan,5.80,nan,nan,nan,nan,nan
03-May-25 3:51:20 PM AEST,nan,330.2,nan,nan,nan,nan,nan,nan,nan,nan,nan,nan
03-May-25 3:54:00 PM AEST,nan,nan,nan,nan,nan,nan,7.50,nan,nan,nan,nan,nan
03-May-25 4:02:00 PM AEST,nan,347.4,nan,nan,nan,nan,nan,nan,nan,nan,nan,nan
03-May-25 4:04:40 PM AEST,nan,nan,nan,nan,nan,nan,5.40,nan,nan,nan,nan,nan
03-May-25 4:12:40 PM AEST,nan,340.9,nan,nan,nan,nan,nan,nan,nan,nan,nan,nan
03-May-25 4:13:00 PM AEST,nan,nan,nan,nan,nan,nan,nan,10.58,nan,nan,nan,nan
03-May-25 4:13:00 PM AEST,nan,nan,nan,nan,nan,nan,nan,0.00,nan,nan,nan,nan
03-May-25 4:15:20 PM AEST,nan,nan,nan,nan,nan,nan,7.70,nan,nan,nan,nan,nan
03-May-25 4:20:00 PM AEST,0.0,nan,nan,nan,nan,nan,nan,nan,nan,nan,nan,nan
03-May-25 4:20:00 PM AEST,nan,nan,nan,nan,nan,nan,nan,nan,nan,nan,nan,nan
03-May-25 4:23:20 PM AEST,nan,0.0,nan,nan,nan,nan,nan,nan,nan,nan,nan,nan
03-May-25 4:23:20 PM AEST,nan,nan,nan,nan,nan,nan,nan,nan,nan,nan,nan,nan
03-May-25 4:23:20 PM AEST,nan,340.9,nan,nan,nan,nan,nan,nan,nan,nan,nan,nan
03-May-25 4:23:20 PM AEST,nan,357.6,nan,nan,nan,nan,nan,nan,nan,nan,nan,nan
03-May-25 4:24:00 PM AEST,nan,nan,0.0,nan,nan,0.00,nan,nan,nan,nan,nan,nan
03-May-25 4:24:00 PM AEST,nan,nan,0.0,nan,nan,nan,nan,nan,nan,nan,nan,nan
03-May-25 4:26:00 PM AEST,nan,nan,nan,nan,nan,nan,0.00,nan,nan,nan,nan,nan
03-May-25 4:26:00 PM AEST,nan,nan,nan,nan,nan,nan,nan,nan,nan,nan,nan,nan
03-May-25 4:26:00 PM AEST,nan,nan,nan,nan,nan,nan,7.70,nan,nan,nan,nan,nan
03-May-25 4:26:00 PM AEST,nan,nan,nan,nan,nan,nan,4.80,nan,nan,nan,nan,nan
03-May-25 4:26:20 PM AEST,nan,nan,nan,nan,nan,nan,nan,nan,nan,nan,nan,nan
03-May-25 4:26:20 PM AEST,nan,nan,nan,nan,nan,nan,nan,10.58,nan,nan,nan,nan
03-May-25 4:26:20 PM AEST,nan,nan,nan,nan,nan,nan,nan,10.37,nan,nan,nan,nan
03-May-25 4:27:40 PM AEST,nan,nan,nan,nan,nan,nan,nan,nan,nan,nan,nan,nan
03-May-25 4:28:32 PM AEST,nan,nan,nan,14.00,nan,nan,nan,nan,nan,nan,nan,nan
03-May-25 4:28:32 PM AEST,nan,nan,nan,8.70,nan,nan,nan,nan,nan,nan,nan,nan
03-May-25 4:30:00 PM AEST,nan,nan,nan,nan,nan,3.48,nan,nan,nan,nan,nan,nan
03-May-25 4:30:35 PM AEST,2.2,nan,nan,nan,nan,nan,nan,nan,nan,nan,nan,nan
03-May-25 4:31:20 PM AEST,nan,nan,66.3,nan,nan,nan,nan,nan,nan,nan,nan,nan
03-May-25 4:34:00 PM AEST,nan,331.5,nan,nan,nan,nan,nan,nan,nan,nan,nan,nan
03-May-25 4:36:40 PM AEST,nan,nan,nan,nan,nan,nan,7.80,nan,nan,nan,nan,nan
03-May-25 4:44:40 PM AEST,nan,23.1,nan,nan,nan,nan,nan,nan,nan,nan,nan,nan
03-May-25 4:47:20 PM AEST,nan,nan,nan,nan,nan,nan,2.60,nan,nan,nan,nan,nan
03-May-25 4:55:20 PM AEST,nan,331.6,nan,nan,nan,nan,nan,nan,nan,nan,nan,nan
03-May-25 4:58:00 PM AEST,nan,nan,nan,nan,nan,nan,4.70,nan,nan,nan,nan,nan
03-May-25 5:08:40 PM AEST,nan,nan,nan,nan,nan,nan,5.20,nan,nan,nan,nan,nan
03-May-25 5:10:00 PM AEST,nan,317.8,nan,nan,nan,nan,nan,nan,nan,nan,nan,nan
03-May-25 5:13:00 PM AEST,nan,nan,nan,nan,nan,nan,nan,10.58,nan,nan,nan,nan
03-May-25 5:19:20 PM AEST,nan,nan,nan,nan,nan,nan,3.70,nan,nan,nan,nan,nan
03-May-25 5:20:40 PM AEST,nan,326.3,nan,nan,nan,nan,nan,nan,nan,nan,nan,nan
03-May-25 5:26:20 PM AEST,nan,nan,nan,nan,nan,nan,nan,10.37,nan,nan,nan,nan
03-May-25 5:30:00 PM AEST,nan,nan,nan,nan,nan,nan,1.70,nan,nan,nan,nan,nan
03-May-25 5:31:20 PM AEST,nan,8.4,nan,nan,nan,nan,nan,nan,nan,nan,nan,nan
03-May-25 5:35:03 PM AEST,nan,nan,nan,2.70,nan,nan,nan,nan,nan,nan,nan,nan
03-May-25 5:40:40 PM AEST,nan,nan,nan,nan,nan,nan,2.10,nan,nan,nan,nan,nan
03-May-25 5:42:00 PM AEST,nan,322.8,nan,nan,nan,nan,nan,nan,nan,nan,nan,nan
03-May-25 6:00:00 PM AEST,nan,352.0,nan,nan,nan,nan,3.50,nan,nan,nan,nan,nan
03-May-25 6:10:40 PM AEST,nan,4.5,nan,nan,nan,nan,5.90,nan,nan,nan,nan,nan
03-May-25 6:13:00 PM AEST,nan,nan,nan,nan,nan,nan,nan,10.58,nan,nan,nan,nan
03-May-25 6:21:20 PM AEST,nan,307.0,nan,nan,nan,nan,6.10,nan,nan,nan,nan,nan
03-May-25 6:32:00 PM AEST,nan,331.8,nan,nan,nan,nan,3.80,nan,nan,nan,nan,nan
03-May-25 6:41:34 PM AEST,nan,nan,nan,1.10,nan,nan,nan,nan,nan,nan,nan,nan
03-May-25 6:42:40 PM AEST,nan,287.8,nan,nan,nan,nan,3.70,nan,nan,nan,nan,nan
03-May-25 6:53:20 PM AEST,nan,321.8,nan,nan,nan,nan,4.70,nan,nan,nan,nan,nan
03-May-25 7:00:00 PM AEST,nan,nan,nan,nan,nan,nan,nan,10.37,nan,nan,nan,nan
03-May-25 7:04:00 PM AEST,nan,0.0,nan,nan,nan,nan,0.00,nan,nan,nan,nan,nan
03-May-25 7:13:20 PM AEST,nan,nan,nan,nan,nan,nan,nan,10.58,nan,nan,nan,nan
03-May-25 7:14:40 PM AEST,nan,30.3,nan,nan,nan,nan,2.00,nan,nan,nan,nan,nan
03-May-25 7:25:20 PM AEST,nan,344.2,nan,nan,nan,nan,2.80,nan,nan,nan,nan,nan
03-May-25 7:36:00 PM AEST,nan,4.8,nan,nan,nan,nan,5.30,nan,nan,nan,nan,nan
03-May-25 7:46:40 PM AEST,nan,1.7,nan,nan,nan,nan,2.40,nan,nan,nan,nan,nan
03-May-25 7:48:05 PM AEST,nan,nan,nan,0.50,nan,nan,nan,nan,nan,nan,nan,nan
03-May-25 7:52:00 PM AEST,nan,nan,nan,nan,nan,nan,nan,10.37,nan,nan,nan,nan
03-May-25 8:00:00 PM AEST,nan,326.3,nan,nan,nan,nan,5.80,nan,nan,nan,nan,nan
03-May-25 8:05:20 PM AEST,nan,nan,nan,nan,nan,nan,nan,10.58,nan,nan,nan,nan
03-May-25 8:10:40 PM AEST,nan,4.6,nan,nan,nan,nan,0.70,nan,nan,nan,nan,nan
03-May-25 8:18:40 PM AEST,nan,nan,nan,nan,nan,nan,nan,10.37,nan,nan,nan,nan
03-May-25 8:21:20 PM AEST,nan,341.2,nan,nan,nan,nan,0.80,nan,nan,nan,nan,nan
03-May-25 8:32:00 PM AEST,nan,nan,nan,nan,nan,nan,nan,10.58,nan,nan,nan,nan
03-May-25 8:40:00 PM AEST,nan,344.6,nan,nan,nan,nan,4.30,nan,nan,nan,nan,nan
03-May-25 8:50:40 PM AEST,nan,2.6,nan,nan,nan,nan,nan,nan,nan,nan,nan,nan
03-May-25 8:54:36 PM AEST,nan,nan,nan,0.30,nan,nan,nan,nan,nan,nan,nan,nan
03-May-25 8:54:36 PM AEST,nan,nan,nan,1.20,nan,nan,nan,nan,nan,nan,nan,nan
03-May-25 9:00:00 PM AEST,nan,nan,nan,nan,nan,nan,6.30,nan,nan,nan,nan,nan
03-May-25 9:01:20 PM AEST,nan,355.8,nan,nan,nan,nan,nan,nan,nan,nan,nan,nan
03-May-25 9:10:40 PM AEST,nan,nan,nan,nan,nan,nan,2.50,nan,nan,nan,nan,nan
03-May-25 9:12:00 PM AEST,nan,335.6,nan,nan,nan,nan,nan,nan,nan,nan,nan,nan
03-May-25 9:13:00 PM AEST,nan,nan,nan,nan,nan,nan,nan,10.37,nan,nan,nan,nan
03-May-25 9:21:20 PM AEST,nan,nan,nan,nan,nan,nan,6.00,nan,nan,nan,nan,nan
03-May-25 9:22:40 PM AEST,nan,333.2,nan,nan,nan,nan,nan,nan,nan,nan,nan,nan
03-May-25 9:26:20 PM AEST,nan,nan,nan,nan,nan,nan,nan,10.58,nan,nan,nan,nan
03-May-25 9:32:00 PM AEST,nan,nan,nan,nan,nan,nan,3.10,nan,nan,nan,nan,nan
03-May-25 9:33:20 PM AEST,nan,354.6,nan,nan,nan,nan,nan,nan,nan,nan,nan,nan
03-May-25 9:42:40 PM AEST,nan,nan,nan,nan,nan,nan,2.70,nan,nan,nan,nan,nan
03-May-25 9:44:00 PM AEST,nan,325.5,nan,nan,nan,nan,nan,nan,nan,nan,nan,nan
03-May-25 9:53:20 PM AEST,nan,nan,nan,nan,nan,nan,4.30,nan,nan,nan,nan,nan
03-May-25 9:54:40 PM AEST,nan,309.9,nan,nan,nan,nan,nan,nan,nan,nan,nan,nan
03-May-25 10:04:00 PM AEST,nan,nan,nan,nan,nan,nan,3.90,nan,nan,nan,nan,nan
03-May-25 10:05:20 PM AEST,nan,310.5,nan,nan,nan,nan,nan,nan,nan,nan,nan,nan
03-May-25 10:13:00 PM AEST,nan,nan,nan,nan,nan,nan,nan,10.37,nan,nan,nan,nan
03-May-25 10:14:40 PM AEST,nan,nan,nan,nan,nan,nan,4.60,nan,nan,nan,nan,nan
03-May-25 10:16:00 PM AEST,nan,331.7,nan,nan,nan,nan,nan,nan,nan,nan,nan,nan
03-May-25 10:25:20 PM AEST,nan,nan,nan,nan,nan,nan,4.20,nan,nan,nan,nan,nan
03-May-25 10:26:40 PM AEST,nan,339.4,nan,nan,nan,nan,nan,nan,nan,nan,nan,nan
03-May-25 10:36:00 PM AEST,nan,nan,nan,nan,nan,nan,3.60,nan,nan,nan,nan,nan
03-May-25 10:39:00 PM AEST,nan,nan,nan,nan,nan,nan,nan,10.58,nan,nan,nan,nan
03-May-25 10:40:00 PM AEST,nan,356.2,nan,nan,nan,nan,nan,nan,nan,nan,nan,nan
03-May-25 10:41:20 PM AEST,nan,nan,nan,nan,nan,nan,nan,nan,nan,44.80,nan,nan
03-May-25 10:41:24 PM AEST,nan,nan,nan,nan,3.10,nan,nan,nan,341.80,nan,nan,nan
03-May-25 10:50:00 PM AEST,nan,nan,nan,nan,nan,nan,7.60,nan,nan,nan,nan,nan
03-May-25 10:50:40 PM AEST,nan,336.3,nan,nan,nan,nan,nan,nan,nan,nan,nan,nan
03-May-25 11:00:40 PM AEST,nan,nan,nan,nan,nan,nan,6.60,nan,nan,nan,nan,nan
03-May-25 11:01:20 PM AEST,nan,314.3,nan,nan,nan,nan,nan,nan,nan,nan,nan,nan
03-May-25 11:11:20 PM AEST,nan,nan,nan,nan,nan,nan,7.50,nan,nan,nan,nan,nan
03-May-25 11:12:00 PM AEST,nan,302.2,nan,nan,nan,nan,nan,nan,nan,nan,nan,nan
03-May-25 11:13:00 PM AEST,nan,nan,nan,nan,nan,nan,nan,10.37,nan,nan,nan,nan
03-May-25 11:30:00 PM AEST,nan,306.8,nan,nan,nan,nan,2.70,nan,nan,nan,nan,nan
03-May-25 11:40:40 PM AEST,nan,22.8,nan,nan,nan,nan,3.30,nan,nan,nan,nan,nan
03-May-25 11:51:20 PM AEST,nan,15.4,nan,nan,nan,nan,2.40,nan,nan,nan,nan,nan
03-May-25 11:52:00 PM AEST,nan,nan,nan,nan,nan,nan,nan,10.58,nan,nan,nan,nan
04-May-25 12:00:00 AM AEST,nan,nan,nan,0.70,nan,nan,nan,nan,nan,nan,nan,nan
04-May-25 12:00:00 AM AEST,nan,nan,nan,0.20,nan,nan,nan,nan,nan,nan,nan,nan
04-May-25 12:02:00 AM AEST,nan,353.5,nan,nan,nan,nan,5.10,nan,nan,nan,nan,nan
04-May-25 12:12:40 AM AEST,nan,331.6,nan,nan,nan,nan,7.00,nan,nan,nan,nan,nan
04-May-25 12:13:00 AM AEST,nan,nan,nan,nan,nan,nan,nan,10.37,nan,nan,nan,nan
04-May-25 12:20:00 AM AEST,3.0,nan,nan,nan,nan,nan,nan,nan,nan,nan,nan,nan
04-May-25 12:23:20 AM AEST,nan,318.5,nan,nan,nan,nan,4.60,nan,nan,nan,nan,nan
04-May-25 12:26:20 AM AEST,nan,nan,nan,nan,nan,nan,nan,10.58,nan,nan,nan,nan
04-May-25 12:30:35 AM AEST,3.2,nan,nan,nan,nan,nan,nan,nan,nan,nan,nan,nan
04-May-25 12:34:00 AM AEST,nan,308.1,nan,nan,nan,nan,6.20,nan,nan,nan,nan,nan
04-May-25 12:44:40 AM AEST,nan,350.0,nan,nan,nan,nan,1.60,nan,nan,nan,nan,nan
04-May-25 12:55:20 AM AEST,nan,359.9,nan,nan,nan,nan,4.30,nan,nan,nan,nan,nan
04-May-25 1:00:00 AM AEST,nan,nan,nan,nan,nan,nan,nan,10.37,nan,nan,nan,nan
04-May-25 1:06:00 AM AEST,nan,328.0,nan,nan,nan,nan,nan,nan,nan,nan,nan,nan
04-May-25 1:06:31 AM AEST,nan,nan,nan,6553.40,nan,nan,nan,nan,nan,nan,nan,nan
04-May-25 1:13:20 AM AEST,nan,nan,nan,nan,nan,nan,nan,10.58,nan,nan,nan,nan
04-May-25 1:16:40 AM AEST,nan,329.2,nan,nan,nan,nan,nan,nan,nan,nan,nan,nan
04-May-25 1:20:00 AM AEST,nan,nan,nan,nan,nan,nan,0.50,nan,nan,nan,nan,nan
04-May-25 1:26:40 AM AEST,nan,nan,nan,nan,nan,nan,nan,10.37,nan,nan,nan,nan
04-May-25 1:30:00 AM AEST,nan,42.4,nan,nan,nan,nan,nan,nan,nan,nan,nan,nan
04-May-25 1:30:40 AM AEST,nan,nan,nan,nan,nan,nan,3.90,nan,nan,nan,nan,nan
04-May-25 1:40:40 AM AEST,nan,344.3,nan,nan,nan,nan,nan,nan,nan,nan,nan,nan
04-May-25 1:41:20 AM AEST,nan,nan,nan,nan,nan,nan,0.40,nan,nan,nan,nan,nan
04-May-25 1:51:20 AM AEST,nan,55.7,nan,nan,nan,nan,nan,nan,nan,nan,nan,nan
04-May-25 1:52:00 AM AEST,nan,nan,nan,nan,nan,nan,0.50,nan,nan,nan,nan,nan
04-May-25 2:02:00 AM AEST,nan,0.0,nan,nan,nan,nan,nan,nan,nan,nan,nan,nan
04-May-25 2:02:40 AM AEST,nan,nan,nan,nan,nan,nan,0.00,nan,nan,nan,nan,nan
04-May-25 2:13:02 AM AEST,nan,nan,nan,6552.80,nan,nan,nan,nan,nan,nan,nan,nan
04-May-25 2:13:20 AM AEST,nan,nan,nan,nan,nan,nan,2.40,nan,nan,nan,nan,nan
04-May-25 2:20:00 AM AEST,nan,15.4,nan,nan,nan,nan,nan,nan,nan,nan,nan,nan
04-May-25 2:24:00 AM AEST,nan,nan,nan,nan,nan,nan,0.10,nan,nan,nan,nan,nan
04-May-25 2:26:00 AM AEST,nan,nan,nan,nan,nan,nan,nan,10.58,nan,nan,nan,nan
04-May-25 2:30:40 AM AEST,nan,14.0,nan,nan,nan,nan,nan,nan,nan,nan,nan,nan
04-May-25 2:34:40 AM AEST,nan,nan,nan,nan,nan,nan,2.20,nan,nan,nan,nan,nan
04-May-25 2:41:20 AM AEST,nan,350.2,nan,nan,nan,nan,nan,nan,nan,nan,nan,nan
04-May-25 2:45:20 AM AEST,nan,nan,nan,nan,nan,nan,0.70,nan,nan,nan,nan,nan
04-May-25 2:52:00 AM AEST,nan,2.2,nan,nan,nan,nan,nan,nan,nan,nan,nan,nan
04-May-25 3:00:00 AM AEST,nan,nan,nan,nan,nan,nan,0.10,10.37,nan,nan,nan,nan
04-May-25 3:02:40 AM AEST,nan,325.3,nan,nan,nan,nan,nan,nan,nan,nan,nan,nan
04-May-25 3:10:40 AM AEST,nan,nan,nan,nan,nan,nan,3.60,nan,nan,nan,nan,nan
04-May-25 3:13:20 AM AEST,nan,320.4,nan,nan,nan,nan,nan,10.58,nan,nan,nan,nan
04-May-25 3:19:33 AM AEST,nan,nan,nan,6553.30,nan,nan,nan,nan,nan,nan,nan,nan
04-May-25 3:21:20 AM AEST,nan,nan,nan,nan,nan,nan,1.30,nan,nan,nan,nan,nan
04-May-25 3:24:00 AM AEST,nan,351.4,nan,nan,nan,nan,nan,nan,nan,nan,nan,nan
04-May-25 3:34:40 AM AEST,nan,266.8,nan,nan,nan,nan,nan,nan,nan,nan,nan,nan
04-May-25 3:39:00 AM AEST,nan,nan,nan,nan,nan,nan,nan,10.37,nan,nan,nan,nan
04-May-25 3:40:00 AM AEST,nan,nan,nan,nan,nan,nan,2.00,nan,nan,nan,nan,nan
04-May-25 3:45:20 AM AEST,nan,310.2,nan,nan,nan,nan,nan,nan,nan,nan,nan,nan
04-May-25 3:50:40 AM AEST,nan,nan,nan,nan,nan,nan,1.60,nan,nan,nan,nan,nan
04-May-25 3:52:20 AM AEST,nan,nan,nan,nan,nan,nan,nan,10.58,nan,nan,nan,nan
04-May-25 3:56:00 AM AEST,nan,341.6,nan,nan,nan,nan,nan,nan,nan,nan,nan,nan
04-May-25 4:01:20 AM AEST,nan,nan,nan,nan,nan,nan,3.60,nan,nan,nan,nan,nan
04-May-25 4:05:40 AM AEST,nan,nan,nan,nan,nan,nan,nan,10.37,nan,nan,nan,nan
04-May-25 4:06:40 AM AEST,nan,307.5,nan,nan,nan,nan,nan,nan,nan,nan,nan,nan
04-May-25 4:12:00 AM AEST,nan,nan,nan,nan,nan,nan,3.70,nan,nan,nan,nan,nan
04-May-25 4:19:00 AM AEST,nan,nan,nan,nan,nan,nan,nan,10.58,nan,nan,nan,nan
04-May-25 4:20:00 AM AEST,nan,13.4,nan,nan,nan,nan,nan,nan,nan,nan,nan,nan
04-May-25 4:22:40 AM AEST,nan,nan,nan,nan,nan,nan,2.90,nan,nan,nan,nan,nan
04-May-25 4:26:04 AM AEST,nan,nan,nan,6553.50,nan,nan,nan,nan,nan,nan,nan,nan
04-May-25 4:30:40 AM AEST,nan,318.0,nan,nan,nan,nan,nan,nan,nan,nan,nan,nan
04-May-25 4:33:20 AM AEST,nan,nan,nan,nan,nan,nan,0.50,nan,nan,nan,nan,nan
04-May-25 4:41:20 AM AEST,nan,87.7,nan,nan,nan,nan,nan,nan,nan,nan,nan,nan
04-May-25 4:44:00 AM AEST,nan,nan,nan,nan,nan,nan,1.30,nan,nan,nan,nan,nan
04-May-25 4:52:00 AM AEST,nan,355.6,nan,nan,nan,nan,nan,nan,nan,nan,nan,nan
04-May-25 4:54:40 AM AEST,nan,nan,nan,nan,nan,nan,1.00,nan,nan,nan,nan,nan
04-May-25 5:05:20 AM AEST,nan,nan,nan,nan,nan,nan,6.20,nan,nan,nan,nan,nan
04-May-25 5:10:00 AM AEST,nan,338.6,nan,nan,nan,nan,nan,nan,nan,nan,nan,nan
04-May-25 5:16:00 AM AEST,nan,nan,nan,nan,nan,nan,1.60,nan,nan,nan,nan,nan
04-May-25 5:20:40 AM AEST,nan,23.4,nan,nan,nan,nan,nan,nan,nan,nan,nan,nan
04-May-25 5:26:40 AM AEST,nan,nan,nan,nan,nan,nan,3.50,nan,nan,nan,nan,nan
04-May-25 5:31:20 AM AEST,nan,26.6,nan,nan,nan,nan,nan,nan,nan,nan,nan,nan
04-May-25 5:32:35 AM AEST,nan,nan,nan,0.10,nan,nan,nan,nan,nan,nan,nan,nan
04-May-25 5:37:20 AM AEST,nan,nan,nan,nan,nan,nan,3.80,nan,nan,nan,nan,nan
04-May-25 5:39:00 AM AEST,nan,nan,nan,nan,nan,nan,nan,10.37,nan,nan,nan,nan
04-May-25 5:42:00 AM AEST,nan,310.8,nan,nan,nan,nan,nan,nan,nan,nan,nan,nan
04-May-25 5:50:00 AM AEST,nan,nan,nan,nan,nan,nan,0.00,nan,nan,nan,nan,nan
04-May-25 5:52:20 AM AEST,nan,nan,nan,nan,nan,nan,nan,10.58,nan,nan,nan,nan
04-May-25 5:52:40 AM AEST,nan,0.0,nan,nan,nan,nan,nan,nan,nan,nan,nan,nan
04-May-25 6:00:40 AM AEST,nan,nan,nan,nan,nan,nan,1.30,nan,nan,nan,nan,nan
04-May-25 6:03:20 AM AEST,nan,11.8,nan,nan,nan,nan,nan,nan,nan,nan,nan,nan
04-May-25 6:05:40 AM AEST,nan,nan,nan,nan,nan,nan,nan,10.37,nan,nan,nan,nan
04-May-25 6:11:20 AM AEST,nan,nan,nan,nan,nan,nan,3.10,nan,nan,nan,nan,nan
04-May-25 6:14:00 AM AEST,nan,14.7,nan,nan,nan,nan,nan,nan,nan,nan,nan,nan
04-May-25 6:24:40 AM AEST,nan,0.0,nan,nan,nan,nan,nan,nan,nan,nan,nan,nan
04-May-25 6:26:00 AM AEST,nan,nan,nan,nan,nan,nan,nan,10.58,nan,nan,nan,nan
04-May-25 6:30:00 AM AEST,nan,nan,nan,nan,nan,nan,0.00,nan,nan,nan,nan,nan
04-May-25 6:35:20 AM AEST,nan,296.6,nan,nan,nan,nan,nan,nan,nan,nan,nan,nan
04-May-25 6:39:06 AM AEST,nan,nan,nan,2.00,nan,nan,nan,nan,nan,nan,nan,nan
04-May-25 6:40:40 AM AEST,nan,nan,nan,nan,nan,nan,0.10,nan,nan,nan,nan,nan
04-May-25 6:46:00 AM AEST,nan,335.2,nan,nan,nan,nan,nan,nan,nan,nan,nan,nan
04-May-25 6:51:20 AM AEST,nan,nan,nan,nan,nan,nan,1.40,nan,nan,nan,nan,nan
04-May-25 6:52:00 AM AEST,nan,nan,nan,nan,nan,nan,nan,10.37,nan,nan,nan,nan
04-May-25 6:56:40 AM AEST,nan,211.0,nan,nan,nan,nan,nan,nan,nan,nan,nan,nan
04-May-25 7:02:00 AM AEST,nan,nan,nan,nan,nan,nan,0.80,nan,nan,nan,nan,nan
04-May-25 7:10:00 AM AEST,nan,297.1,nan,nan,nan,nan,nan,nan,nan,nan,nan,nan
04-May-25 7:12:40 AM AEST,nan,nan,nan,nan,nan,nan,0.50,nan,nan,nan,nan,nan
04-May-25 7:13:00 AM AEST,nan,nan,nan,nan,nan,nan,nan,10.58,nan,nan,nan,nan
04-May-25 7:20:40 AM AEST,nan,313.7,nan,nan,nan,nan,nan,nan,nan,nan,nan,nan
04-May-25 7:23:20 AM AEST,nan,nan,nan,nan,nan,nan,1.70,nan,nan,nan,nan,nan
04-May-25 7:31:20 AM AEST,nan,0.0,nan,nan,nan,nan,nan,nan,nan,nan,nan,nan
04-May-25 7:34:00 AM AEST,nan,nan,nan,nan,nan,nan,0.00,nan,nan,nan,nan,nan
04-May-25 7:42:00 AM AEST,nan,341.8,nan,nan,nan,nan,nan,nan,nan,nan,nan,nan
04-May-25 7:44:40 AM AEST,nan,nan,nan,nan,nan,nan,5.10,nan,nan,nan,nan,nan
04-May-25 7:45:37 AM AEST,nan,nan,nan,6.10,nan,nan,nan,nan,nan,nan,nan,nan
04-May-25 7:50:00 AM AEST,3.4,nan,nan,nan,nan,nan,nan,nan,nan,nan,nan,nan
04-May-25 7:55:20 AM AEST,nan,nan,nan,nan,nan,nan,5.70,nan,nan,nan,nan,nan
04-May-25 8:00:00 AM AEST,nan,4.1,nan,nan,nan,nan,nan,nan,nan,nan,nan,nan
04-May-25 8:06:00 AM AEST,nan,nan,nan,nan,nan,nan,5.20,nan,nan,nan,nan,nan
04-May-25 8:10:40 AM AEST,nan,321.3,nan,nan,nan,nan,nan,nan,nan,nan,nan,nan
04-May-25 8:16:40 AM AEST,nan,nan,nan,nan,nan,nan,8.30,nan,nan,nan,nan,nan
04-May-25 8:21:20 AM AEST,nan,301.7,nan,nan,nan,nan,nan,nan,nan,nan,nan,nan
04-May-25 8:30:00 AM AEST,nan,nan,nan,nan,nan,nan,5.10,nan,nan,nan,nan,nan
04-May-25 8:32:00 AM AEST,nan,351.1,nan,nan,nan,nan,nan,nan,nan,nan,nan,nan
04-May-25 8:40:40 AM AEST,nan,nan,nan,nan,nan,nan,9.10,nan,nan,nan,nan,nan
04-May-25 8:42:40 AM AEST,nan,299.8,nan,nan,nan,nan,nan,nan,nan,nan,nan,nan
04-May-25 8:51:20 AM AEST,nan,nan,nan,nan,nan,nan,4.10,nan,nan,nan,nan,nan
04-May-25 8:52:08 AM AEST,nan,nan,nan,18.50,nan,nan,nan,nan,nan,nan,nan,nan
04-May-25 8:53:20 AM AEST,nan,327.7,nan,nan,nan,nan,nan,nan,nan,nan,nan,nan
04-May-25 9:00:00 AM AEST,nan,nan,69.3,nan,nan,3.38,nan,nan,nan,nan,nan,nan
04-May-25 9:02:00 AM AEST,nan,nan,nan,nan,nan,nan,6.20,nan,nan,nan,nan,nan
04-May-25 9:04:00 AM AEST,nan,338.9,nan,nan,nan,nan,nan,nan,nan,nan,nan,nan
04-May-25 9:10:00 AM AEST,0.0,nan,nan,nan,nan,nan,nan,nan,nan,nan,nan,nan
04-May-25 9:14:40 AM AEST,nan,327.8,nan,nan,nan,nan,nan,nan,nan,nan,nan,nan
04-May-25 9:20:00 AM AEST,nan,nan,nan,nan,nan,nan,9.70,nan,nan,nan,nan,nan
04-May-25 9:25:20 AM AEST,nan,281.4,nan,nan,nan,nan,nan,nan,nan,nan,nan,nan
04-May-25 9:30:40 AM AEST,nan,nan,nan,nan,nan,nan,3.80,nan,nan,nan,nan,nan
04-May-25 9:36:00 AM AEST,nan,348.0,nan,nan,nan,nan,nan,nan,nan,nan,nan,nan
04-May-25 9:39:00 AM AEST,nan,nan,nan,nan,nan,nan,nan,10.37,nan,nan,nan,nan
04-May-25 9:41:20 AM AEST,nan,nan,nan,nan,nan,nan,9.70,nan,nan,nan,nan,nan
04-May-25 9:46:40 AM AEST,nan,330.8,nan,nan,nan,nan,nan,nan,nan,nan,nan,nan
04-May-25 9:52:00 AM AEST,nan,nan,nan,nan,nan,nan,3.50,nan,nan,nan,nan,nan
04-May-25 9:52:20 AM AEST,nan,nan,nan,nan,nan,nan,nan,10.58,nan,nan,nan,nan
04-May-25 9:58:39 AM AEST,nan,nan,nan,21.70,nan,nan,nan,nan,nan,nan,nan,nan
04-May-25 9:58:39 AM AEST,nan,nan,nan,17.90,nan,nan,nan,nan,nan,nan,nan,nan
04-May-25 10:00:00 AM AEST,nan,336.7,nan,nan,nan,nan,nan,nan,nan,nan,nan,nan
04-May-25 10:02:40 AM AEST,nan,nan,nan,nan,nan,nan,7.70,nan,nan,nan,nan,nan
04-May-25 10:05:40 AM AEST,nan,nan,nan,nan,nan,nan,nan,10.37,nan,nan,nan,nan
04-May-25 10:10:40 AM AEST,nan,357.3,nan,nan,nan,nan,nan,nan,nan,nan,nan,nan
04-May-25 10:13:20 AM AEST,nan,nan,nan,nan,nan,nan,7.40,nan,nan,nan,nan,nan
04-May-25 10:21:20 AM AEST,nan,321.6,nan,nan,nan,nan,nan,nan,nan,nan,nan,nan
04-May-25 10:24:00 AM AEST,nan,nan,nan,nan,nan,nan,5.60,nan,nan,nan,nan,nan
04-May-25 10:34:40 AM AEST,nan,nan,nan,nan,nan,nan,8.70,nan,nan,nan,nan,nan
04-May-25 10:40:00 AM AEST,nan,301.6,nan,nan,nan,nan,nan,nan,nan,nan,nan,nan
04-May-25 10:45:20 AM AEST,nan,nan,nan,nan,nan,nan,3.30,nan,nan,nan,nan,nan
04-May-25 10:50:40 AM AEST,nan,300.1,nan,nan,nan,nan,nan,nan,nan,nan,nan,nan
04-May-25 10:52:00 AM AEST,nan,nan,nan,nan,nan,nan,nan,10.58,nan,nan,nan,nan
04-May-25 10:52:00 AM AEST,nan,nan,nan,nan,nan,nan,nan,10.37,nan,nan,nan,nan
04-May-25 10:56:00 AM AEST,nan,nan,nan,nan,nan,nan,7.20,nan,nan,nan,nan,nan
04-May-25 11:01:20 AM AEST,nan,322.2,nan,nan,nan,nan,nan,nan,nan,nan,nan,nan
04-May-25 11:05:10 AM AEST,nan,nan,nan,12.90,nan,nan,nan,nan,nan,nan,nan,nan
04-May-25 11:05:20 AM AEST,nan,nan,nan,nan,nan,nan,nan,10.58,nan,nan,nan,nan
04-May-25 11:06:40 AM AEST,nan,nan,nan,nan,nan,nan,4.20,nan,nan,nan,nan,nan
04-May-25 11:12:00 AM AEST,nan,15.8,nan,nan,nan,nan,nan,nan,nan,nan,nan,nan
04-May-25 11:18:40 AM AEST,nan,nan,nan,nan,nan,nan,nan,10.37,nan,nan,nan,nan
04-May-25 11:20:00 AM AEST,nan,nan,nan,nan,nan,nan,5.20,nan,nan,nan,nan,nan
04-May-25 11:22:40 AM AEST,nan,331.2,nan,nan,nan,nan,nan,nan,nan,nan,nan,nan
04-May-25 11:30:40 AM AEST,nan,nan,nan,nan,nan,nan,6.90,nan,nan,nan,nan,nan
04-May-25 11:33:20 AM AEST,nan,313.3,nan,nan,nan,nan,nan,nan,nan,nan,nan,nan
04-May-25 11:41:20 AM AEST,nan,nan,nan,nan,nan,nan,3.00,nan,nan,nan,nan,nan
04-May-25 11:44:00 AM AEST,nan,20.7,nan,nan,nan,nan,nan,nan,nan,nan,nan,nan
04-May-25 11:52:00 AM AEST,nan,nan,nan,nan,nan,nan,2.20,nan,nan,nan,nan,nan
04-May-25 11:54:40 AM AEST,nan,304.8,nan,nan,nan,nan,nan,nan,nan,nan,nan,nan
04-May-25 12:00:00 PM AEST,nan,nan,nan,nan,nan,nan,nan,10.58,nan,nan,nan,nan
04-May-25 12:05:20 PM AEST,nan,317.3,nan,nan,nan,nan,nan,nan,nan,nan,nan,nan
04-May-25 12:10:00 PM AEST,0.4,nan,nan,nan,nan,nan,4.20,nan,nan,nan,nan,nan
04-May-25 12:11:41 PM AEST,nan,nan,nan,10.00,nan,nan,nan,nan,nan,nan,nan,nan
04-May-25 12:13:20 PM AEST,nan,nan,nan,nan,nan,nan,nan,10.37,nan,nan,nan,nan
04-May-25 12:13:20 PM AEST,nan,nan,nan,nan,nan,nan,nan,10.58,nan,nan,nan,nan
04-May-25 12:16:00 PM AEST,nan,348.6,nan,nan,nan,nan,nan,nan,nan,nan,nan,nan
04-May-25 12:20:40 PM AEST,nan,nan,nan,nan,nan,nan,0.90,nan,nan,nan,nan,nan
04-May-25 12:26:40 PM AEST,nan,312.1,nan,nan,nan,nan,nan,nan,nan,nan,nan,nan
04-May-25 12:31:20 PM AEST,nan,nan,nan,nan,nan,nan,5.70,nan,nan,nan,nan,nan
04-May-25 12:40:00 PM AEST,1.8,308.3,nan,nan,nan,nan,nan,nan,nan,nan,nan,nan
04-May-25 12:42:00 PM AEST,nan,nan,nan,nan,nan,nan,4.70,nan,nan,nan,nan,nan
04-May-25 12:50:40 PM AEST,nan,325.4,nan,nan,nan,nan,nan,nan,nan,nan,nan,nan
04-May-25 12:52:40 PM AEST,nan,nan,nan,nan,nan,nan,5.10,nan,nan,nan,nan,nan
04-May-25 1:00:00 PM AEST,2.0,nan,nan,nan,nan,nan,nan,10.37,nan,nan,nan,nan
04-May-25 1:01:20 PM AEST,nan,296.9,nan,nan,nan,nan,nan,nan,nan,nan,nan,nan
04-May-25 1:03:20 PM AEST,nan,nan,nan,nan,nan,nan,7.70,nan,nan,nan,nan,nan
04-May-25 1:12:00 PM AEST,nan,12.4,nan,nan,nan,nan,nan,nan,nan,nan,nan,nan
04-May-25 1:14:00 PM AEST,nan,nan,nan,nan,nan,nan,8.20,nan,nan,nan,nan,nan
04-May-25 1:18:12 PM AEST,nan,nan,nan,10.10,nan,nan,nan,nan,nan,nan,nan,nan
04-May-25 1:24:40 PM AEST,nan,nan,nan,nan,nan,nan,7.70,nan,nan,nan,nan,nan
04-May-25 1:30:00 PM AEST,nan,338.7,nan,nan,nan,nan,nan,nan,nan,nan,nan,nan
04-May-25 1:35:20 PM AEST,nan,nan,nan,nan,nan,nan,11.10,nan,nan,nan,nan,nan
04-May-25 1:39:00 PM AEST,nan,nan,nan,nan,nan,nan,nan,10.58,nan,nan,nan,nan
04-May-25 1:40:40 PM AEST,nan,306.0,nan,nan,nan,nan,nan,nan,nan,nan,nan,nan
04-May-25 1:46:00 PM AEST,nan,nan,nan,nan,nan,nan,2.10,nan,nan,nan,nan,nan
04-May-25 1:50:00 PM AEST,2.6,nan,nan,nan,nan,nan,nan,nan,nan,nan,nan,nan
04-May-25 1:51:20 PM AEST,nan,323.4,nan,nan,nan,nan,nan,nan,nan,nan,nan,nan
04-May-25 1:52:20 PM AEST,nan,nan,nan,nan,nan,nan,nan,10.37,nan,nan,nan,nan
04-May-25 1:52:20 PM AEST,nan,nan,nan,nan,nan,nan,nan,10.58,nan,nan,nan,nan
04-May-25 1:56:40 PM AEST,nan,nan,nan,nan,nan,nan,8.50,nan,nan,nan,nan,nan
04-May-25 2:00:35 PM AEST,3.8,nan,nan,nan,nan,nan,nan,nan,nan,nan,nan,nan
04-May-25 2:02:00 PM AEST,nan,303.3,nan,nan,nan,nan,nan,nan,nan,nan,nan,nan
04-May-25 2:10:00 PM AEST,nan,nan,nan,nan,nan,nan,7.30,nan,nan,nan,nan,nan
04-May-25 2:11:10 PM AEST,5.4,nan,nan,nan,nan,nan,nan,nan,nan,nan,nan,nan
04-May-25 2:12:40 PM AEST,nan,295.0,nan,nan,nan,nan,nan,nan,nan,nan,nan,nan
04-May-25 2:20:40 PM AEST,nan,nan,nan,nan,nan,nan,3.80,nan,nan,nan,nan,nan
04-May-25 2:21:45 PM AEST,9.0,nan,nan,nan,nan,nan,nan,nan,nan,nan,nan,nan
04-May-25 2:23:20 PM AEST,nan,307.7,nan,nan,nan,nan,nan,nan,nan,nan,nan,nan
04-May-25 2:24:43 PM AEST,nan,nan,nan,7.80,nan,nan,nan,nan,nan,nan,nan,nan
04-May-25 2:26:00 PM AEST,nan,nan,nan,nan,nan,nan,nan,10.37,nan,nan,nan,nan
04-May-25 2:31:20 PM AEST,nan,nan,nan,nan,nan,nan,6.50,nan,nan,nan,nan,nan
04-May-25 2:32:20 PM AEST,11.8,nan,nan,nan,nan,nan,nan,nan,nan,nan,nan,nan
04-May-25 2:34:00 PM AEST,nan,336.8,nan,nan,nan,nan,nan,nan,nan,nan,nan,nan
04-May-25 2:39:20 PM AEST,nan,nan,nan,nan,nan,nan,nan,10.58,nan,nan,nan,nan
04-May-25 2:42:00 PM AEST,nan,nan,nan,nan,nan,nan,2.70,nan,nan,nan,nan,nan
04-May-25 2:42:55 PM AEST,14.6,nan,nan,nan,nan,nan,nan,nan,nan,nan,nan,nan
04-May-25 2:44:40 PM AEST,nan,310.9,nan,nan,nan,nan,nan,nan,nan,nan,nan,nan
04-May-25 2:53:30 PM AEST,16.4,nan,nan,nan,nan,nan,nan,nan,nan,nan,nan,nan
04-May-25 2:55:20 PM AEST,nan,37.0,nan,nan,nan,nan,nan,nan,nan,nan,nan,nan
04-May-25 3:00:00 PM AEST,nan,nan,nan,nan,nan,nan,1.40,nan,nan,nan,nan,nan
04-May-25 3:04:05 PM AEST,17.2,nan,nan,nan,nan,nan,nan,nan,nan,nan,nan,nan
04-May-25 3:06:00 PM AEST,nan,315.0,nan,nan,nan,nan,nan,nan,nan,nan,nan,nan
04-May-25 3:10:40 PM AEST,nan,nan,nan,nan,nan,nan,2.60,nan,nan,nan,nan,nan
04-May-25 3:13:00 PM AEST,nan,nan,nan,nan,nan,nan,nan,10.37,nan,nan,nan,nan
04-May-25 3:14:40 PM AEST,17.8,nan,nan,nan,nan,nan,nan,nan,nan,nan,nan,nan
04-May-25 3:16:40 PM AEST,nan,352.2,nan,nan,nan,nan,nan,nan,nan,nan,nan,nan
04-May-25 3:21:20 PM AEST,nan,nan,nan,nan,nan,nan,4.00,nan,nan,nan,nan,nan
04-May-25 3:26:20 PM AEST,nan,nan,nan,nan,nan,nan,nan,10.58,nan,nan,nan,nan
04-May-25 3:30:00 PM AEST,19.4,337.0,nan,nan,nan,nan,nan,nan,nan,nan,nan,nan
04-May-25 3:31:14 PM AEST,nan,nan,nan,5.80,nan,nan,nan,nan,nan,nan,nan,nan
04-May-25 3:32:00 PM AEST,nan,nan,nan,nan,nan,nan,8.40,nan,nan,nan,nan,nan
04-May-25 3:39:40 PM AEST,nan,nan,nan,nan,nan,nan,nan,10.37,nan,nan,nan,nan
04-May-25 3:40:35 PM AEST,20.6,nan,nan,nan,nan,nan,nan,nan,nan,nan,nan,nan
04-May-25 3:40:40 PM AEST,nan,336.6,nan,nan,nan,nan,nan,nan,nan,nan,nan,nan
04-May-25 3:42:40 PM AEST,nan,nan,nan,nan,nan,nan,4.70,nan,nan,nan,nan,nan
04-May-25 3:51:10 PM AEST,21.0,nan,nan,nan,nan,nan,nan,nan,nan,nan,nan,nan
04-May-25 3:51:20 PM AEST,nan,354.1,nan,nan,nan,nan,nan,nan,nan,nan,nan,nan
04-May-25 3:53:00 PM AEST,nan,nan,nan,nan,nan,nan,nan,10.58,nan,nan,nan,nan
04-May-25 3:53:20 PM AEST,nan,nan,nan,nan,nan,nan,2.20,nan,nan,nan,nan,nan
04-May-25 4:01:45 PM AEST,22.8,nan,nan,nan,nan,nan,nan,nan,nan,nan,nan,nan
04-May-25 4:02:00 PM AEST,nan,10.4,nan,nan,nan,nan,nan,nan,nan,nan,nan,nan
04-May-25 4:04:00 PM AEST,nan,nan,nan,nan,nan,nan,3.30,nan,nan,nan,nan,nan
04-May-25 4:14:40 PM AEST,nan,nan,nan,nan,nan,nan,5.10,nan,nan,nan,nan,nan
04-May-25 4:20:00 PM AEST,28.0,327.8,nan,nan,nan,nan,nan,nan,nan,nan,nan,nan
04-May-25 4:25:20 PM AEST,nan,nan,nan,nan,nan,nan,1.80,nan,nan,nan,nan,nan
04-May-25 4:30:35 PM AEST,30.2,nan,nan,nan,nan,nan,nan,nan,nan,nan,nan,nan
04-May-25 4:30:40 PM AEST,nan,287.0,nan,nan,nan,nan,nan,nan,nan,nan,nan,nan
04-May-25 4:36:00 PM AEST,nan,nan,nan,nan,nan,nan,3.90,nan,nan,nan,nan,nan
04-May-25 4:37:45 PM AEST,nan,nan,nan,3.10,nan,nan,nan,nan,nan,nan,nan,nan
04-May-25 4:41:10 PM AEST,30.4,nan,nan,nan,nan,nan,nan,nan,nan,nan,nan,nan
04-May-25 4:41:20 PM AEST,nan,323.3,nan,nan,nan,nan,nan,nan,nan,nan,nan,nan
04-May-25 4:46:40 PM AEST,nan,nan,nan,nan,nan,nan,3.80,nan,nan,nan,nan,nan
04-May-25 4:52:00 PM AEST,nan,290.1,nan,nan,nan,nan,nan,nan,nan,nan,nan,nan
04-May-25 5:00:00 PM AEST,30.6,nan,nan,nan,nan,nan,4.70,nan,nan,nan,nan,nan
04-May-25 5:02:40 PM AEST,nan,329.0,nan,nan,nan,nan,nan,nan,nan,nan,nan,nan
04-May-25 5:10:35 PM AEST,31.0,nan,nan,nan,nan,nan,nan,nan,nan,nan,nan,nan
04-May-25 5:10:40 PM AEST,nan,nan,nan,nan,nan,nan,6.70,nan,nan,nan,nan,nan
04-May-25 5:13:20 PM AEST,nan,324.3,nan,nan,nan,nan,nan,nan,nan,nan,nan,nan
04-May-25 5:21:10 PM AEST,33.2,nan,nan,nan,nan,nan,nan,nan,nan,nan,nan,nan
04-May-25 5:24:00 PM AEST,nan,321.7,nan,nan,nan,nan,nan,nan,nan,nan,nan,nan
04-May-25 5:34:40 PM AEST,nan,301.6,nan,nan,nan,nan,nan,nan,nan,nan,nan,nan
04-May-25 5:39:00 PM AEST,nan,nan,nan,nan,nan,nan,nan,10.37,nan,nan,nan,nan
04-May-25 5:40:00 PM AEST,35.4,nan,nan,nan,nan,nan,3.70,nan,nan,nan,nan,nan
04-May-25 5:44:16 PM AEST,nan,nan,nan,0.20,nan,nan,nan,nan,nan,nan,nan,nan
04-May-25 5:45:20 PM AEST,nan,314.0,nan,nan,nan,nan,nan,nan,nan,nan,nan,nan
04-May-25 5:50:35 PM AEST,38.6,nan,nan,nan,nan,nan,nan,nan,nan,nan,nan,nan
04-May-25 5:50:40 PM AEST,nan,nan,nan,nan,nan,nan,3.60,nan,nan,nan,nan,nan
04-May-25 5:52:20 PM AEST,nan,nan,nan,nan,nan,nan,nan,10.58,nan,nan,nan,nan
04-May-25 5:56:00 PM AEST,nan,327.1,nan,nan,nan,nan,nan,nan,nan,nan,nan,nan
04-May-25 6:01:10 PM AEST,41.4,nan,nan,nan,nan,nan,nan,nan,nan,nan,nan,nan
04-May-25 6:01:20 PM AEST,nan,nan,nan,nan,nan,nan,8.10,nan,nan,nan,nan,nan
04-May-25 6:06:40 PM AEST,nan,336.5,nan,nan,nan,nan,nan,nan,nan,nan,nan,nan
04-May-25 6:11:45 PM AEST,41.8,nan,nan,nan,nan,nan,nan,nan,nan,nan,nan,nan
04-May-25 6:12:00 PM AEST,nan,nan,nan,nan,nan,nan,4.50,nan,nan,nan,nan,nan
04-May-25 6:20:00 PM AEST,nan,334.6,nan,nan,nan,nan,nan,nan,nan,nan,nan,nan
04-May-25 6:22:20 PM AEST,42.0,nan,nan,nan,nan,nan,nan,nan,nan,nan,nan,nan
04-May-25 6:22:40 PM AEST,nan,nan,nan,nan,nan,nan,4.30,nan,nan,nan,nan,nan
04-May-25 6:26:00 PM AEST,nan,nan,nan,nan,nan,nan,nan,10.37,nan,nan,nan,nan
04-May-25 6:26:00 PM AEST,nan,nan,nan,nan,nan,nan,nan,10.58,nan,nan,nan,nan
04-May-25 6:30:40 PM AEST,nan,327.8,nan,nan,nan,nan,nan,nan,nan,nan,nan,nan
04-May-25 6:33:20 PM AEST,nan,nan,nan,nan,nan,nan,6.60,nan,nan,nan,nan,nan
04-May-25 6:39:20 PM AEST,nan,nan,nan,nan,nan,nan,nan,10.37,nan,nan,nan,nan
04-May-25 6:41:20 PM AEST,nan,298.2,nan,nan,nan,nan,nan,nan,nan,nan,nan,nan
04-May-25 6:44:00 PM AEST,nan,nan,nan,nan,nan,nan,5.60,nan,nan,nan,nan,nan
04-May-25 6:50:47 PM AEST,nan,nan,nan,6553.40,nan,nan,nan,nan,nan,nan,nan,nan
04-May-25 6:52:00 PM AEST,nan,346.2,nan,nan,nan,nan,nan,nan,nan,nan,nan,nan
04-May-25 6:54:40 PM AEST,nan,nan,nan,nan,nan,nan,7.20,nan,nan,nan,nan,nan
04-May-25 7:05:20 PM AEST,nan,nan,nan,nan,nan,nan,2.60,nan,nan,nan,nan,nan
04-May-25 7:10:00 PM AEST,nan,325.8,nan,nan,nan,nan,nan,nan,nan,nan,nan,nan
04-May-25 7:13:00 PM AEST,nan,nan,nan,nan,nan,nan,nan,10.58,nan,nan,nan,nan
04-May-25 7:16:00 PM AEST,nan,nan,nan,nan,nan,nan,4.50,nan,nan,nan,nan,nan
04-May-25 7:20:00 PM AEST,43.6,nan,nan,nan,nan,nan,nan,nan,nan,nan,nan,nan
04-May-25 7:20:40 PM AEST,nan,278.9,nan,nan,nan,nan,nan,nan,nan,nan,nan,nan
04-May-25 7:26:20 PM AEST,nan,nan,nan,nan,nan,nan,nan,10.37,nan,nan,nan,nan
04-May-25 7:26:40 PM AEST,nan,nan,nan,nan,nan,nan,1.90,nan,nan,nan,nan,nan
04-May-25 7:30:35 PM AEST,44.0,nan,nan,nan,nan,nan,nan,nan,nan,nan,nan,nan
04-May-25 7:31:20 PM AEST,nan,338.0,nan,nan,nan,nan,nan,nan,nan,nan,nan,nan
04-May-25 7:40:00 PM AEST,nan,nan,nan,nan,nan,nan,3.40,nan,nan,nan,nan,nan
04-May-25 7:41:10 PM AEST,45.2,nan,nan,nan,nan,nan,nan,nan,nan,nan,nan,nan
04-May-25 7:42:00 PM AEST,nan,307.2,nan,nan,nan,nan,nan,nan,nan,nan,nan,nan
04-May-25 7:50:40 PM AEST,nan,nan,nan,nan,nan,nan,5.20,nan,nan,nan,nan,nan
04-May-25 7:51:45 PM AEST,45.8,nan,nan,nan,nan,nan,nan,nan,nan,nan,nan,nan
04-May-25 7:52:00 PM AEST,nan,nan,nan,nan,nan,nan,nan,10.58,nan,nan,nan,nan
04-May-25 7:52:40 PM AEST,nan,325.8,nan,nan,nan,nan,nan,nan,nan,nan,nan,nan
04-May-25 8:01:20 PM AEST,nan,nan,nan,nan,nan,nan,3.80,nan,nan,nan,nan,nan
04-May-25 8:02:20 PM AEST,47.2,nan,nan,nan,nan,nan,nan,nan,nan,nan,nan,nan
04-May-25 8:03:20 PM AEST,nan,358.7,nan,nan,nan,nan,nan,nan,nan,nan,nan,nan
04-May-25 8:05:20 PM AEST,nan,nan,nan,nan,nan,nan,nan,10.37,nan,nan,nan,nan
04-May-25 8:12:00 PM AEST,nan,nan,nan,nan,nan,nan,2.50,nan,nan,nan,nan,nan
04-May-25 8:12:55 PM AEST,50.8,nan,nan,nan,nan,nan,nan,nan,nan,nan,nan,nan
04-May-25 8:14:00 PM AEST,nan,4.4,nan,nan,nan,nan,nan,nan,nan,nan,nan,nan
04-May-25 8:18:40 PM AEST,nan,nan,nan,nan,nan,nan,nan,10.58,nan,nan,nan,nan
04-May-25 8:23:30 PM AEST,51.6,nan,nan,nan,nan,nan,nan,nan,nan,nan,nan,nan
04-May-25 8:24:40 PM AEST,nan,340.4,nan,nan,nan,nan,nan,nan,nan,nan,nan,nan
04-May-25 8:30:00 PM AEST,nan,nan,nan,nan,nan,nan,3.60,nan,nan,nan,nan,nan
04-May-25 8:35:20 PM AEST,nan,336.7,nan,nan,nan,nan,nan,nan,nan,nan,nan,nan
04-May-25 8:40:40 PM AEST,nan,nan,nan,nan,nan,nan,2.80,nan,nan,nan,nan,nan
04-May-25 8:46:00 PM AEST,nan,315.2,nan,nan,nan,nan,nan,nan,nan,nan,nan,nan
04-May-25 8:50:00 PM AEST,51.8,nan,nan,nan,nan,nan,nan,nan,nan,nan,nan,nan
04-May-25 8:51:20 PM AEST,nan,nan,nan,nan,nan,nan,3.40,nan,nan,nan,nan,nan
04-May-25 8:56:40 PM AEST,nan,304.9,nan,nan,nan,nan,nan,nan,nan,nan,nan,nan
04-May-25 9:00:00 PM AEST,nan,nan,nan,6553.20,nan,nan,nan,nan,nan,nan,nan,nan
04-May-25 9:00:00 PM AEST,nan,nan,nan,6553.50,nan,nan,nan,nan,nan,nan,nan,nan
04-May-25 9:00:35 PM AEST,52.0,nan,nan,nan,nan,nan,nan,nan,nan,nan,nan,nan
04-May-25 9:02:00 PM AEST,nan,nan,nan,nan,nan,nan,4.10,nan,nan,nan,nan,nan
04-May-25 9:10:00 PM AEST,nan,356.0,nan,nan,nan,nan,nan,nan,nan,nan,nan,nan
04-May-25 9:11:10 PM AEST,53.2,nan,nan,nan,nan,nan,nan,nan,nan,nan,nan,nan
04-May-25 9:12:40 PM AEST,nan,nan,nan,nan,nan,nan,4.50,nan,nan,nan,nan,nan
04-May-25 9:13:00 PM AEST,nan,nan,nan,nan,nan,nan,nan,10.37,nan,nan,nan,nan
04-May-25 9:20:40 PM AEST,nan,320.8,nan,nan,nan,nan,nan,nan,nan,nan,nan,nan
04-May-25 9:21:45 PM AEST,56.0,nan,nan,nan,nan,nan,nan,nan,nan,nan,nan,nan
04-May-25 9:23:20 PM AEST,nan,nan,nan,nan,nan,nan,2.40,nan,nan,nan,nan,nan
04-May-25 9:31:20 PM AEST,nan,317.1,nan,nan,nan,nan,nan,nan,nan,nan,nan,nan
04-May-25 9:32:20 PM AEST,56.6,nan,nan,nan,nan,nan,nan,nan,nan,nan,nan,nan
04-May-25 9:34:00 PM AEST,nan,nan,nan,nan,nan,nan,8.30,nan,nan,nan,nan,nan
04-May-25 9:39:00 PM AEST,nan,nan,nan,nan,nan,nan,nan,10.58,nan,nan,nan,nan
04-May-25 9:39:00 PM AEST,nan,nan,nan,nan,nan,nan,nan,10.37,nan,nan,nan,nan
04-May-25 9:42:55 PM AEST,56.8,nan,nan,nan,nan,nan,nan,nan,nan,nan,nan,nan
04-May-25 9:44:40 PM AEST,nan,nan,nan,nan,nan,nan,6.00,nan,nan,nan,nan,nan
04-May-25 9:50:00 PM AEST,nan,25.5,nan,nan,nan,nan,nan,nan,nan,nan,nan,nan
04-May-25 9:55:20 PM AEST,nan,nan,nan,nan,nan,nan,4.80,nan,nan,nan,nan,nan
04-May-25 10:00:40 PM AEST,nan,359.3,nan,nan,nan,nan,nan,nan,nan,nan,nan,nan
04-May-25 10:06:00 PM AEST,nan,nan,nan,nan,nan,nan,9.20,nan,nan,nan,nan,nan
04-May-25 10:11:20 PM AEST,nan,35.5,nan,nan,nan,nan,nan,nan,nan,nan,nan,nan
04-May-25 10:16:40 PM AEST,nan,nan,nan,nan,nan,nan,1.90,nan,nan,nan,nan,nan
04-May-25 10:22:00 PM AEST,nan,320.9,nan,nan,nan,nan,nan,nan,nan,nan,nan,nan
04-May-25 10:26:00 PM AEST,nan,nan,nan,nan,nan,nan,nan,10.58,nan,nan,nan,nan
04-May-25 10:30:00 PM AEST,nan,nan,nan,nan,nan,nan,1.00,nan,nan,nan,nan,nan
04-May-25 10:32:40 PM AEST,nan,279.2,nan,nan,nan,nan,nan,nan,nan,nan,nan,nan
04-May-25 10:40:00 PM AEST,57.0,nan,nan,nan,nan,nan,nan,nan,nan,nan,nan,nan
04-May-25 10:40:40 PM AEST,nan,nan,nan,nan,nan,nan,9.30,nan,nan,nan,nan,nan
04-May-25 10:43:20 PM AEST,nan,339.8,nan,nan,nan,nan,nan,nan,nan,nan,nan,nan
04-May-25 10:50:35 PM AEST,57.8,nan,nan,nan,nan,nan,nan,nan,nan,nan,nan,nan
04-May-25 10:51:20 PM AEST,nan,nan,nan,nan,nan,nan,1.00,nan,nan,nan,nan,nan
04-May-25 10:52:00 PM AEST,nan,nan,nan,nan,nan,nan,nan,10.37,nan,nan,nan,nan
04-May-25 10:54:00 PM AEST,nan,323.7,nan,nan,nan,nan,nan,nan,nan,nan,nan,nan
04-May-25 11:01:10 PM AEST,58.0,nan,nan,nan,nan,nan,nan,nan,nan,nan,nan,nan
04-May-25 11:02:00 PM AEST,nan,nan,nan,nan,nan,nan,2.10,nan,nan,nan,nan,nan
04-May-25 11:04:40 PM AEST,nan,338.0,nan,nan,nan,nan,nan,nan,nan,nan,nan,nan
04-May-25 11:05:20 PM AEST,nan,nan,nan,nan,nan,nan,nan,10.58,nan,nan,nan,nan
04-May-25 11:15:20 PM AEST,nan,295.0,nan,nan,nan,nan,nan,nan,nan,nan,nan,nan
04-May-25 11:20:00 PM AEST,58.2,nan,nan,nan,nan,nan,0.50,nan,nan,nan,nan,nan
04-May-25 11:26:00 PM AEST,nan,334.6,nan,nan,nan,nan,nan,nan,nan,nan,nan,nan
04-May-25 11:30:35 PM AEST,58.6,nan,nan,nan,nan,nan,nan,nan,nan,nan,nan,nan
04-May-25 11:30:40 PM AEST,nan,nan,nan,nan,nan,nan,4.60,nan,nan,nan,nan,nan
04-May-25 11:36:40 PM AEST,nan,350.7,nan,nan,nan,nan,nan,nan,nan,nan,nan,nan
04-May-25 11:41:10 PM AEST,58.8,nan,nan,nan,nan,nan,nan,nan,nan,nan,nan,nan
04-May-25 11:41:20 PM AEST,nan,nan,nan,nan,nan,nan,6.90,nan,nan,nan,nan,nan
04-May-25 11:47:20 PM AEST,nan,6.1,nan,nan,nan,nan,nan,nan,nan,nan,nan,nan
04-May-25 11:51:45 PM AEST,59.0,nan,nan,nan,nan,nan,nan,nan,nan,nan,nan,nan
04-May-25 11:52:00 PM AEST,nan,nan,nan,nan,nan,nan,2.80,nan,nan,nan,nan,nan
05-May-25 12:00:00 AM AEST,nan,343.0,nan,6553.30,nan,nan,nan,nan,nan,nan,nan,nan
05-May-25 12:00:00 AM AEST,nan,343.0,nan,6553.50,nan,nan,nan,nan,nan,nan,nan,nan
05-May-25 12:02:40 AM AEST,nan,nan,nan,nan,nan,nan,6.50,nan,nan,nan,nan,nan
05-May-25 12:10:40 AM AEST,nan,310.3,nan,nan,nan,nan,nan,nan,nan,nan,nan,nan
05-May-25 12:13:20 AM AEST,nan,nan,nan,nan,nan,nan,2.50,nan,nan,nan,nan,nan
05-May-25 12:20:00 AM AEST,59.2,nan,nan,nan,nan,nan,nan,nan,nan,nan,nan,nan
05-May-25 12:21:20 AM AEST,nan,340.2,nan,nan,nan,nan,nan,nan,nan,nan,nan,nan
05-May-25 12:24:00 AM AEST,nan,nan,nan,nan,nan,nan,3.10,nan,nan,nan,nan,nan
05-May-25 12:34:40 AM AEST,nan,nan,nan,nan,nan,nan,8.20,nan,nan,nan,nan,nan
05-May-25 12:39:00 AM AEST,nan,nan,nan,nan,nan,nan,nan,10.37,nan,nan,nan,nan
05-May-25 12:40:00 AM AEST,nan,326.6,nan,nan,nan,nan,nan,nan,nan,nan,nan,nan
05-May-25 12:45:20 AM AEST,nan,nan,nan,nan,nan,nan,6.40,nan,nan,nan,nan,nan
05-May-25 12:50:40 AM AEST,nan,345.5,nan,nan,nan,nan,nan,nan,nan,nan,nan,nan
05-May-25 12:52:20 AM AEST,nan,nan,nan,nan,nan,nan,nan,10.58,nan,nan,nan,nan
05-May-25 12:56:00 AM AEST,nan,nan,nan,nan,nan,nan,5.50,nan,nan,nan,nan,nan
05-May-25 1:01:20 AM AEST,nan,333.6,nan,nan,nan,nan,nan,nan,nan,nan,nan,nan
05-May-25 1:06:31 AM AEST,nan,nan,nan,0.30,nan,nan,nan,nan,nan,nan,nan,nan
05-May-25 1:06:40 AM AEST,nan,nan,nan,nan,nan,nan,7.30,nan,nan,nan,nan,nan
05-May-25 1:12:00 AM AEST,nan,329.3,nan,nan,nan,nan,nan,nan,nan,nan,nan,nan
05-May-25 1:20:00 AM AEST,nan,nan,nan,nan,nan,nan,7.20,nan,nan,nan,nan,nan
05-May-25 1:22:40 AM AEST,nan,296.1,nan,nan,nan,nan,nan,nan,nan,nan,nan,nan
05-May-25 1:30:40 AM AEST,nan,nan,nan,nan,nan,nan,9.00,nan,nan,nan,nan,nan
05-May-25 1:33:20 AM AEST,nan,313.2,nan,nan,nan,nan,nan,nan,nan,nan,nan,nan
05-May-25 1:39:00 AM AEST,nan,nan,nan,nan,nan,nan,nan,10.37,nan,nan,nan,nan
05-May-25 1:41:20 AM AEST,nan,nan,nan,nan,nan,nan,6.20,nan,nan,nan,nan,nan
05-May-25 1:44:00 AM AEST,nan,339.6,nan,nan,nan,nan,nan,nan,nan,nan,nan,nan
05-May-25 1:52:00 AM AEST,nan,nan,nan,nan,nan,nan,5.50,nan,nan,nan,nan,nan
05-May-25 1:52:20 AM AEST,nan,nan,nan,nan,nan,nan,nan,10.58,nan,nan,nan,nan
05-May-25 1:54:40 AM AEST,nan,309.7,nan,nan,nan,nan,nan,nan,nan,nan,nan,nan
05-May-25 2:05:20 AM AEST,nan,350.4,nan,nan,nan,nan,nan,nan,nan,nan,nan,nan
05-May-25 2:05:40 AM AEST,nan,nan,nan,nan,nan,nan,nan,10.37,nan,nan,nan,nan
05-May-25 2:10:00 AM AEST,nan,nan,nan,nan,nan,nan,6.20,nan,nan,nan,nan,nan
05-May-25 2:13:02 AM AEST,nan,nan,nan,0.10,nan,nan,nan,nan,nan,nan,nan,nan
05-May-25 2:16:00 AM AEST,nan,40.9,nan,nan,nan,nan,nan,nan,nan,nan,nan,nan
05-May-25 2:19:00 AM AEST,nan,nan,nan,nan,nan,nan,nan,10.58,nan,nan,nan,nan
05-May-25 2:20:40 AM AEST,nan,nan,nan,nan,nan,nan,4.20,nan,nan,nan,nan,nan
05-May-25 2:26:40 AM AEST,nan,13.9,nan,nan,nan,nan,nan,nan,nan,nan,nan,nan
05-May-25 2:30:00 AM AEST,59.4,nan,nan,nan,nan,nan,nan,nan,nan,nan,nan,nan
05-May-25 2:31:20 AM AEST,nan,nan,nan,nan,nan,nan,8.00,nan,nan,nan,nan,nan
05-May-25 2:40:00 AM AEST,nan,12.8,nan,nan,nan,nan,nan,nan,nan,nan,nan,nan
05-May-25 2:42:00 AM AEST,nan,nan,nan,nan,nan,nan,3.10,nan,nan,nan,nan,nan
05-May-25 2:50:40 AM AEST,nan,329.7,nan,nan,nan,nan,nan,nan,nan,nan,nan,nan
05-May-25 2:52:00 AM AEST,nan,nan,nan,nan,nan,nan,nan,10.37,nan,nan,nan,nan
05-May-25 2:52:40 AM AEST,nan,nan,nan,nan,nan,nan,4.40,nan,nan,nan,nan,nan
05-May-25 3:01:20 AM AEST,nan,307.3,nan,nan,nan,nan,nan,nan,nan,nan,nan,nan
05-May-25 3:03:20 AM AEST,nan,nan,nan,nan,nan,nan,4.10,nan,nan,nan,nan,nan
05-May-25 3:05:20 AM AEST,nan,nan,nan,nan,nan,nan,nan,10.58,nan,nan,nan,nan
05-May-25 3:12:00 AM AEST,nan,20.3,nan,nan,nan,nan,nan,nan,nan,nan,nan,nan
05-May-25 3:14:00 AM AEST,nan,nan,nan,nan,nan,nan,4.00,nan,nan,nan,nan,nan
05-May-25 3:24:40 AM AEST,nan,nan,nan,nan,nan,nan,4.40,nan,nan,nan,nan,nan
05-May-25 3:30:00 AM AEST,nan,333.8,nan,nan,nan,nan,nan,nan,nan,nan,nan,nan
05-May-25 3:35:20 AM AEST,nan,nan,nan,nan,nan,nan,6.00,nan,nan,nan,nan,nan
05-May-25 3:40:40 AM AEST,nan,357.3,nan,nan,nan,nan,nan,nan,nan,nan,nan,nan
05-May-25 3:46:00 AM AEST,nan,nan,nan,nan,nan,nan,3.80,nan,nan,nan,nan,nan
05-May-25 3:51:20 AM AEST,nan,23.3,nan,nan,nan,nan,nan,nan,nan,nan,nan,nan
05-May-25 3:56:40 AM AEST,nan,nan,nan,nan,nan,nan,8.60,nan,nan,nan,nan,nan
05-May-25 4:02:00 AM AEST,nan,307.8,nan,nan,nan,nan,nan,nan,nan,nan,nan,nan
05-May-25 4:10:00 AM AEST,nan,nan,nan,nan,nan,nan,2.40,nan,nan,nan,nan,nan
05-May-25 4:12:40 AM AEST,nan,344.6,nan,nan,nan,nan,nan,nan,nan,nan,nan,nan
05-May-25 4:20:40 AM AEST,nan,nan,nan,nan,nan,nan,5.90,nan,nan,nan,nan,nan
05-May-25 4:23:20 AM AEST,nan,317.8,nan,nan,nan,nan,nan,nan,nan,nan,nan,nan
05-May-25 4:31:20 AM AEST,nan,nan,nan,nan,nan,nan,2.10,nan,nan,nan,nan,nan
05-May-25 4:34:00 AM AEST,nan,302.1,nan,nan,nan,nan,nan,nan,nan,nan,nan,nan
05-May-25 4:39:00 AM AEST,nan,nan,nan,nan,nan,nan,nan,10.37,nan,nan,nan,nan
05-May-25 4:39:00 AM AEST,nan,nan,nan,nan,nan,nan,nan,10.58,nan,nan,nan,nan
05-May-25 4:44:40 AM AEST,nan,358.8,nan,nan,nan,nan,nan,nan,nan,nan,nan,nan
05-May-25 4:50:00 AM AEST,nan,nan,nan,nan,nan,nan,4.80,nan,nan,nan,nan,nan
05-May-25 4:55:20 AM AEST,nan,46.1,nan,nan,nan,nan,nan,nan,nan,nan,nan,nan
05-May-25 5:00:00 AM AEST,nan,nan,nan,0.00,nan,nan,nan,nan,nan,nan,nan,nan
05-May-25 5:00:40 AM AEST,nan,nan,nan,nan,nan,nan,2.70,nan,nan,nan,nan,nan
05-May-25 5:06:00 AM AEST,nan,331.2,nan,nan,nan,nan,nan,nan,nan,nan,nan,nan
05-May-25 5:11:20 AM AEST,nan,nan,nan,nan,nan,nan,0.50,nan,nan,nan,nan,nan
05-May-25 5:16:40 AM AEST,nan,2.5,nan,nan,nan,nan,nan,nan,nan,nan,nan,nan
05-May-25 5:22:00 AM AEST,nan,nan,nan,nan,nan,nan,3.20,nan,nan,nan,nan,nan
05-May-25 5:30:00 AM AEST,nan,289.8,nan,nan,nan,nan,nan,nan,nan,nan,nan,nan
05-May-25 5:32:40 AM AEST,nan,nan,nan,nan,nan,nan,3.30,nan,nan,nan,nan,nan
05-May-25 5:40:40 AM AEST,nan,343.7,nan,nan,nan,nan,nan,nan,nan,nan,nan,nan
05-May-25 5:43:20 AM AEST,nan,nan,nan,nan,nan,nan,2.00,nan,nan,nan,nan,nan
05-May-25 5:51:20 AM AEST,nan,345.5,nan,nan,nan,nan,nan,nan,nan,nan,nan,nan
05-May-25 5:54:00 AM AEST,nan,nan,nan,nan,nan,nan,3.40,nan,nan,nan,nan,nan
05-May-25 6:02:00 AM AEST,nan,297.8,nan,nan,nan,nan,nan,nan,nan,nan,nan,nan
05-May-25 6:04:40 AM AEST,nan,nan,nan,nan,nan,nan,2.20,nan,nan,nan,nan,nan
05-May-25 6:06:31 AM AEST,nan,nan,nan,2.40,nan,nan,nan,nan,nan,nan,nan,nan
05-May-25 6:13:00 AM AEST,nan,nan,nan,nan,nan,nan,nan,10.37,nan,nan,nan,nan
05-May-25 6:15:20 AM AEST,nan,nan,nan,nan,nan,nan,5.40,nan,nan,nan,nan,nan
05-May-25 6:20:00 AM AEST,nan,0.8,nan,nan,nan,nan,nan,nan,nan,nan,nan,nan
05-May-25 6:26:00 AM AEST,nan,nan,nan,nan,nan,nan,0.30,nan,nan,nan,nan,nan
05-May-25 6:26:20 AM AEST,nan,nan,nan,nan,nan,nan,nan,10.58,nan,nan,nan,nan
05-May-25 6:30:40 AM AEST,nan,343.8,nan,nan,nan,nan,nan,nan,nan,nan,nan,nan
05-May-25 6:36:40 AM AEST,nan,nan,nan,nan,nan,nan,3.20,nan,nan,nan,nan,nan
05-May-25 6:41:20 AM AEST,nan,3.9,nan,nan,nan,nan,nan,nan,nan,nan,nan,nan
05-May-25 6:47:20 AM AEST,nan,nan,nan,nan,nan,nan,4.80,nan,nan,nan,nan,nan
05-May-25 6:50:00 AM AEST,59.6,nan,nan,nan,nan,nan,nan,nan,nan,nan,nan,nan
05-May-25 6:52:00 AM AEST,nan,343.9,nan,nan,nan,nan,nan,nan,nan,nan,nan,nan
05-May-25 7:00:00 AM AEST,nan,nan,nan,nan,nan,nan,2.70,10.37,nan,nan,nan,nan
05-May-25 7:02:40 AM AEST,nan,39.3,nan,nan,nan,nan,nan,nan,nan,nan,nan,nan
05-May-25 7:10:40 AM AEST,nan,nan,nan,nan,nan,nan,0.70,nan,nan,nan,nan,nan
05-May-25 7:13:02 AM AEST,nan,nan,nan,4.60,nan,nan,nan,nan,nan,nan,nan,nan
05-May-25 7:13:20 AM AEST,nan,322.5,nan,nan,nan,nan,nan,10.58,nan,nan,nan,nan
05-May-25 7:21:20 AM AEST,nan,nan,nan,nan,nan,nan,1.90,nan,nan,nan,nan,nan
05-May-25 7:24:00 AM AEST,nan,339.3,nan,nan,nan,nan,nan,nan,nan,nan,nan,nan
05-May-25 7:34:40 AM AEST,nan,355.8,nan,nan,nan,nan,nan,nan,nan,nan,nan,nan
05-May-25 7:39:00 AM AEST,nan,nan,nan,nan,nan,nan,nan,10.37,nan,nan,nan,nan
05-May-25 7:40:00 AM AEST,nan,nan,nan,nan,nan,nan,1.50,nan,nan,nan,nan,nan
05-May-25 7:45:20 AM AEST,nan,317.5,nan,nan,nan,nan,nan,nan,nan,nan,nan,nan
05-May-25 7:50:40 AM AEST,nan,nan,nan,nan,nan,nan,3.50,nan,nan,nan,nan,nan
05-May-25 7:52:20 AM AEST,nan,nan,nan,nan,nan,nan,nan,10.58,nan,nan,nan,nan
05-May-25 7:56:00 AM AEST,nan,351.8,nan,nan,nan,nan,nan,nan,nan,nan,nan,nan
05-May-25 8:01:20 AM AEST,nan,nan,nan,nan,nan,nan,4.80,nan,nan,nan,nan,nan
05-May-25 8:06:40 AM AEST,nan,14.0,nan,nan,nan,nan,nan,nan,nan,nan,nan,nan
05-May-25 8:20:00 AM AEST,nan,15.0,nan,nan,nan,nan,1.30,nan,nan,nan,nan,nan
05-May-25 8:30:40 AM AEST,nan,316.9,nan,nan,nan,nan,4.30,nan,nan,nan,nan,nan
05-May-25 8:41:20 AM AEST,nan,342.4,nan,nan,nan,nan,5.10,nan,nan,nan,nan,nan
