timestamp,Air Temperature (V),Relative Humidity (mA),Dew Point (°C),Rainfall,Rainfall Since 9am,Last Hours Evaporation,Wind Direction,Current Wind Speed,Peak Wind Gust,Vector Wind Speed,Vector Wind Direction,Solar Radiation
16-Feb-26 12:00:00 AM AEST,13.2,179.2,nan,6552.90,nan,nan,1.30,10.37,nan,nan,nan,nan
16-Feb-26 12:10:40 AM AEST,nan,179.3,nan,nan,nan,nan,0.30,nan,nan,nan,nan,nan
16-Feb-26 12:21:20 AM AEST,nan,178.5,nan,nan,nan,nan,3.30,nan,nan,nan,nan,nan
16-Feb-26 12:23:55 AM AEST,nan,nan,nan,nan,nan,nan,nan,10.58,nan,nan,nan,nan
16-Feb-26 12:23:55 AM AEST,nan,nan,nan,nan,nan,nan,nan,10.37,nan,nan,nan,nan
16-Feb-26 12:32:00 AM AEST,nan,174.5,nan,nan,nan,nan,1.00,nan,nan,nan,nan,nan
16-Feb-26 12:34:35 AM AEST,13.4,nan,nan,nan,nan,nan,nan,nan,nan,nan,nan,nan
16-Feb-26 12:42:40 AM AEST,nan,0.0,nan,nan,nan,nan,0.00,nan,nan,nan,nan,nan
16-Feb-26 12:53:20 AM AEST,nan,174.6,nan,nan,nan,nan,0.80,nan,nan,nan,nan,nan
16-Feb-26 12:58:30 AM AEST,nan,nan,nan,6553.00,nan,nan,nan,nan,nan,nan,nan,nan
16-Feb-26 1:00:00 AM AEST,nan,nan,nan,nan,nan,nan,nan,10.58,nan,nan,nan,nan
16-Feb-26 1:04:00 AM AEST,nan,176.4,nan,nan,nan,nan,0.10,nan,nan,nan,nan,nan
16-Feb-26 1:09:10 AM AEST,13.6,nan,nan,nan,nan,nan,nan,nan,nan,nan,nan,nan
16-Feb-26 1:14:40 AM AEST,nan,0.0,nan,nan,nan,nan,0.00,nan,nan,nan,nan,nan
16-Feb-26 1:25:20 AM AEST,nan,174.5,nan,nan,nan,nan,2.50,nan,nan,nan,nan,nan
16-Feb-26 1:36:00 AM AEST,nan,0.0,nan,nan,nan,nan,0.00,nan,nan,nan,nan,nan
16-Feb-26 1:46:00 AM AEST,nan,nan,nan,nan,nan,nan,nan,10.37,nan,nan,nan,nan
16-Feb-26 1:46:40 AM AEST,nan,176.4,nan,nan,nan,nan,0.10,nan,nan,nan,nan,nan
16-Feb-26 1:57:00 AM AEST,nan,nan,nan,6552.90,nan,nan,nan,nan,nan,nan,nan,nan
16-Feb-26 2:00:00 AM AEST,nan,174.7,nan,nan,nan,nan,0.80,nan,nan,nan,nan,nan
16-Feb-26 2:09:55 AM AEST,nan,nan,nan,nan,nan,nan,nan,10.58,nan,nan,nan,nan
16-Feb-26 2:10:40 AM AEST,nan,174.8,nan,nan,nan,nan,0.20,nan,nan,nan,nan,nan
16-Feb-26 2:21:20 AM AEST,nan,nan,nan,nan,nan,nan,0.00,nan,nan,nan,nan,nan
16-Feb-26 2:30:00 AM AEST,nan,0.0,nan,nan,nan,nan,nan,nan,nan,nan,nan,nan
16-Feb-26 2:34:00 AM AEST,13.8,nan,nan,nan,nan,nan,nan,nan,nan,nan,nan,nan
16-Feb-26 3:00:00 AM AEST,nan,nan,nan,nan,nan,nan,nan,10.37,nan,nan,nan,nan
16-Feb-26 3:20:00 AM AEST,nan,174.8,nan,nan,nan,nan,0.10,nan,nan,nan,nan,nan
16-Feb-26 3:23:55 AM AEST,nan,nan,nan,nan,nan,nan,nan,10.58,nan,nan,nan,nan
16-Feb-26 3:40:00 AM AEST,nan,0.0,nan,nan,nan,nan,0.00,nan,nan,nan,nan,nan
16-Feb-26 3:47:50 AM AEST,nan,nan,nan,nan,nan,nan,nan,10.37,nan,nan,nan,nan
16-Feb-26 4:11:45 AM AEST,nan,nan,nan,nan,nan,nan,nan,10.58,nan,nan,nan,nan
16-Feb-26 4:35:40 AM AEST,nan,nan,nan,nan,nan,nan,nan,10.37,nan,nan,nan,nan
16-Feb-26 4:35:40 AM AEST,nan,nan,nan,nan,nan,nan,nan,10.58,nan,nan,nan,nan
16-Feb-26 4:59:35 AM AEST,nan,nan,nan,nan,nan,nan,nan,10.37,nan,nan,nan,nan
16-Feb-26 5:00:00 AM AEST,nan,174.8,nan,6552.80,nan,nan,0.10,nan,nan,nan,nan,nan
16-Feb-26 5:10:40 AM AEST,nan,174.5,nan,nan,nan,nan,2.00,nan,nan,nan,nan,nan
16-Feb-26 5:21:20 AM AEST,nan,0.0,nan,nan,nan,nan,0.00,nan,nan,nan,nan,nan
16-Feb-26 5:23:30 AM AEST,nan,nan,nan,nan,nan,nan,nan,10.58,nan,nan,nan,nan
16-Feb-26 5:32:00 AM AEST,nan,174.5,nan,nan,nan,nan,0.60,nan,nan,nan,nan,nan
16-Feb-26 5:42:40 AM AEST,nan,176.4,nan,nan,nan,nan,0.10,nan,nan,nan,nan,nan
16-Feb-26 5:47:25 AM AEST,nan,nan,nan,nan,nan,nan,nan,10.37,nan,nan,nan,nan
16-Feb-26 5:47:25 AM AEST,nan,nan,nan,nan,nan,nan,nan,10.58,nan,nan,nan,nan
16-Feb-26 5:53:20 AM AEST,nan,0.0,nan,nan,nan,nan,0.00,nan,nan,nan,nan,nan
16-Feb-26 5:58:30 AM AEST,nan,nan,nan,6552.90,nan,nan,nan,nan,nan,nan,nan,nan
16-Feb-26 6:46:00 AM AEST,nan,nan,nan,nan,nan,nan,nan,10.37,nan,nan,nan,nan
16-Feb-26 6:57:00 AM AEST,nan,nan,nan,2.00,nan,nan,nan,nan,nan,nan,nan,nan
16-Feb-26 7:09:55 AM AEST,nan,nan,nan,nan,nan,nan,nan,10.58,nan,nan,nan,nan
16-Feb-26 7:33:50 AM AEST,nan,nan,nan,nan,nan,nan,nan,10.37,nan,nan,nan,nan
16-Feb-26 7:33:50 AM AEST,nan,nan,nan,nan,nan,nan,nan,10.58,nan,nan,nan,nan
16-Feb-26 7:55:30 AM AEST,nan,nan,nan,8.40,nan,nan,nan,nan,nan,nan,nan,nan
16-Feb-26 8:00:00 AM AEST,14.0,284.9,nan,nan,nan,nan,2.80,nan,nan,nan,nan,nan
16-Feb-26 8:10:40 AM AEST,nan,308.5,nan,nan,nan,nan,0.70,nan,nan,nan,nan,nan
16-Feb-26 8:21:20 AM AEST,nan,324.3,nan,nan,nan,nan,2.00,nan,nan,nan,nan,nan
16-Feb-26 8:34:35 AM AEST,0.0,nan,nan,nan,nan,nan,nan,nan,nan,nan,nan,nan
16-Feb-26 8:40:00 AM AEST,nan,329.4,nan,nan,nan,nan,3.40,nan,nan,nan,nan,nan
16-Feb-26 8:50:40 AM AEST,nan,0.0,nan,nan,nan,nan,0.00,nan,nan,nan,nan,nan
16-Feb-26 8:54:00 AM AEST,nan,nan,nan,31.50,nan,nan,nan,nan,nan,nan,nan,nan
16-Feb-26 9:00:00 AM AEST,nan,nan,60.3,nan,0.40,1.19,nan,nan,161.70,71.50,24.90,nan
16-Feb-26 9:01:20 AM AEST,nan,214.7,nan,nan,nan,nan,0.10,nan,nan,nan,nan,nan
16-Feb-26 9:12:00 AM AEST,nan,213.4,nan,nan,nan,nan,0.40,nan,nan,nan,nan,nan
16-Feb-26 9:22:40 AM AEST,nan,209.7,nan,nan,nan,nan,0.10,nan,nan,nan,nan,nan
16-Feb-26 9:33:20 AM AEST,nan,111.7,nan,nan,nan,nan,4.30,nan,nan,nan,nan,nan
16-Feb-26 9:44:00 AM AEST,nan,231.7,nan,nan,nan,nan,4.80,nan,nan,nan,nan,nan
16-Feb-26 9:46:00 AM AEST,nan,nan,nan,nan,nan,nan,nan,10.37,nan,nan,nan,nan
16-Feb-26 9:52:30 AM AEST,nan,nan,nan,39.80,nan,nan,nan,nan,nan,nan,nan,nan
16-Feb-26 9:54:40 AM AEST,nan,219.1,nan,nan,nan,nan,2.10,nan,nan,nan,nan,nan
16-Feb-26 10:05:20 AM AEST,nan,174.5,nan,nan,nan,nan,2.20,nan,nan,nan,nan,nan
16-Feb-26 10:16:00 AM AEST,nan,226.0,nan,nan,nan,nan,7.50,nan,nan,nan,nan,nan
16-Feb-26 10:26:40 AM AEST,nan,206.8,nan,nan,nan,nan,4.90,nan,nan,nan,nan,nan
16-Feb-26 10:50:00 AM AEST,nan,299.3,nan,nan,nan,nan,2.40,nan,nan,nan,nan,nan
16-Feb-26 10:51:00 AM AEST,nan,nan,nan,43.20,nan,nan,nan,nan,nan,nan,nan,nan
16-Feb-26 11:00:00 AM AEST,nan,nan,nan,nan,nan,nan,nan,10.58,nan,nan,nan,nan
16-Feb-26 11:00:40 AM AEST,nan,235.1,nan,nan,nan,nan,2.60,nan,nan,nan,nan,nan
16-Feb-26 11:11:20 AM AEST,nan,186.4,nan,nan,nan,nan,0.80,nan,nan,nan,nan,nan
16-Feb-26 11:22:00 AM AEST,nan,130.0,nan,nan,nan,nan,6.90,nan,nan,nan,nan,nan
16-Feb-26 11:23:55 AM AEST,nan,nan,nan,nan,nan,nan,nan,10.37,nan,nan,nan,nan
16-Feb-26 11:32:40 AM AEST,nan,172.2,nan,nan,nan,nan,3.40,nan,nan,nan,nan,nan
16-Feb-26 11:43:20 AM AEST,nan,145.3,nan,nan,nan,nan,3.30,nan,nan,nan,nan,nan
16-Feb-26 11:47:50 AM AEST,nan,nan,nan,nan,nan,nan,nan,10.58,nan,nan,nan,nan
16-Feb-26 11:47:50 AM AEST,nan,nan,nan,nan,nan,nan,nan,10.37,nan,nan,nan,nan
16-Feb-26 11:49:30 AM AEST,nan,nan,nan,60.90,nan,nan,nan,nan,nan,nan,nan,nan
16-Feb-26 11:54:00 AM AEST,nan,189.7,nan,nan,nan,nan,5.90,nan,nan,nan,nan,nan
16-Feb-26 12:04:40 PM AEST,nan,187.0,nan,nan,nan,nan,2.80,nan,nan,nan,nan,nan
16-Feb-26 12:15:20 PM AEST,nan,165.8,nan,nan,nan,nan,5.60,nan,nan,nan,nan,nan
16-Feb-26 12:26:00 PM AEST,nan,218.4,nan,nan,nan,nan,2.20,nan,nan,nan,nan,nan
16-Feb-26 12:36:40 PM AEST,nan,169.4,nan,nan,nan,nan,0.40,nan,nan,nan,nan,nan
16-Feb-26 12:48:00 PM AEST,nan,nan,nan,52.20,nan,nan,nan,nan,nan,nan,nan,nan
16-Feb-26 12:50:00 PM AEST,nan,334.6,nan,nan,nan,nan,3.10,nan,nan,nan,nan,nan
16-Feb-26 1:00:40 PM AEST,nan,71.5,nan,nan,nan,nan,2.10,nan,nan,nan,nan,nan
16-Feb-26 1:11:20 PM AEST,nan,196.2,nan,nan,nan,nan,3.60,nan,nan,nan,nan,nan
16-Feb-26 1:22:00 PM AEST,nan,271.8,nan,nan,nan,nan,nan,nan,nan,nan,nan,nan
16-Feb-26 1:30:00 PM AEST,nan,nan,nan,nan,nan,nan,4.00,nan,nan,nan,nan,nan
16-Feb-26 1:32:40 PM AEST,nan,234.2,nan,nan,nan,nan,nan,nan,nan,nan,nan,nan
16-Feb-26 1:40:40 PM AEST,nan,nan,nan,nan,nan,nan,2.50,nan,nan,nan,nan,nan
16-Feb-26 1:43:20 PM AEST,nan,291.1,nan,nan,nan,nan,nan,nan,nan,nan,nan,nan
16-Feb-26 1:46:30 PM AEST,nan,nan,nan,30.00,nan,nan,nan,nan,nan,nan,nan,nan
16-Feb-26 1:51:20 PM AEST,nan,nan,nan,nan,nan,nan,5.20,nan,nan,nan,nan,nan
16-Feb-26 2:00:00 PM AEST,1.0,335.9,nan,nan,nan,nan,nan,10.15,nan,nan,nan,nan
16-Feb-26 2:00:00 PM AEST,2.0,335.9,nan,nan,nan,nan,nan,10.37,nan,nan,nan,nan
16-Feb-26 2:00:00 PM AEST,2.8,335.9,nan,nan,nan,nan,nan,10.37,nan,nan,nan,nan
16-Feb-26 2:02:00 PM AEST,nan,nan,nan,nan,nan,nan,5.70,nan,nan,nan,nan,nan
16-Feb-26 2:10:40 PM AEST,nan,166.1,nan,nan,nan,nan,nan,nan,nan,nan,nan,nan
16-Feb-26 2:12:40 PM AEST,nan,nan,nan,nan,nan,nan,2.30,nan,nan,nan,nan,nan
16-Feb-26 2:21:20 PM AEST,nan,81.1,nan,nan,nan,nan,nan,nan,nan,nan,nan,nan
16-Feb-26 2:23:20 PM AEST,nan,nan,nan,nan,nan,nan,5.70,nan,nan,nan,nan,nan
16-Feb-26 2:32:00 PM AEST,nan,156.4,nan,nan,nan,nan,nan,nan,nan,nan,nan,nan
16-Feb-26 2:34:00 PM AEST,nan,nan,nan,nan,nan,nan,2.60,nan,nan,nan,nan,nan
16-Feb-26 2:34:35 PM AEST,4.0,nan,nan,nan,nan,nan,nan,nan,nan,nan,nan,nan
16-Feb-26 2:34:35 PM AEST,5.0,nan,nan,nan,nan,nan,nan,nan,nan,nan,nan,nan
16-Feb-26 2:34:35 PM AEST,5.4,nan,nan,nan,nan,nan,nan,nan,nan,nan,nan,nan
16-Feb-26 2:42:40 PM AEST,nan,191.6,nan,nan,nan,nan,nan,nan,nan,nan,nan,nan
16-Feb-26 2:44:40 PM AEST,nan,nan,nan,nan,nan,nan,0.50,nan,nan,nan,nan,nan
16-Feb-26 2:45:00 PM AEST,nan,nan,nan,17.00,nan,nan,nan,nan,nan,nan,nan,nan
16-Feb-26 2:55:20 PM AEST,nan,nan,nan,nan,nan,nan,2.80,nan,nan,nan,nan,nan
16-Feb-26 3:00:00 PM AEST,nan,99.2,nan,nan,nan,nan,nan,10.58,nan,nan,nan,nan
16-Feb-26 3:06:00 PM AEST,nan,nan,nan,nan,nan,nan,0.90,nan,nan,nan,nan,nan
16-Feb-26 3:10:40 PM AEST,nan,121.8,nan,nan,nan,nan,nan,nan,nan,nan,nan,nan
16-Feb-26 3:16:40 PM AEST,nan,nan,nan,nan,nan,nan,0.00,nan,nan,nan,nan,nan
16-Feb-26 3:21:20 PM AEST,nan,0.0,nan,nan,nan,nan,nan,nan,nan,nan,nan,nan
16-Feb-26 3:23:55 PM AEST,nan,nan,nan,nan,nan,nan,nan,10.37,nan,nan,nan,nan
16-Feb-26 3:23:55 PM AEST,nan,nan,nan,nan,nan,nan,nan,10.58,nan,nan,nan,nan
16-Feb-26 3:32:00 PM AEST,nan,133.6,nan,nan,nan,nan,nan,nan,nan,nan,nan,nan
16-Feb-26 3:40:00 PM AEST,nan,nan,nan,nan,nan,nan,0.40,nan,nan,nan,nan,nan
16-Feb-26 3:42:40 PM AEST,nan,0.0,nan,nan,nan,nan,nan,nan,nan,nan,nan,nan
16-Feb-26 3:43:30 PM AEST,nan,nan,nan,30.10,nan,nan,nan,nan,nan,nan,nan,nan
16-Feb-26 3:47:50 PM AEST,nan,nan,nan,nan,nan,nan,nan,10.37,nan,nan,nan,nan
16-Feb-26 3:50:40 PM AEST,nan,nan,nan,nan,nan,nan,0.00,nan,nan,nan,nan,nan
16-Feb-26 3:53:20 PM AEST,nan,350.1,nan,nan,nan,nan,nan,nan,nan,nan,nan,nan
16-Feb-26 4:01:20 PM AEST,nan,nan,nan,nan,nan,nan,0.80,nan,nan,nan,nan,nan
16-Feb-26 4:10:00 PM AEST,nan,350.0,nan,nan,nan,nan,nan,nan,nan,nan,nan,nan
16-Feb-26 4:12:00 PM AEST,nan,nan,nan,nan,nan,nan,1.00,nan,nan,nan,nan,nan
16-Feb-26 4:22:40 PM AEST,nan,nan,nan,nan,nan,nan,2.40,nan,nan,nan,nan,nan
16-Feb-26 4:30:00 PM AEST,nan,338.9,nan,nan,nan,nan,nan,nan,nan,nan,nan,nan
16-Feb-26 4:33:20 PM AEST,nan,nan,nan,nan,nan,nan,3.70,nan,nan,nan,nan,nan
16-Feb-26 4:40:40 PM AEST,nan,33.2,nan,nan,nan,nan,nan,nan,nan,nan,nan,nan
16-Feb-26 4:42:00 PM AEST,nan,nan,nan,14.50,nan,nan,nan,nan,nan,nan,nan,nan
16-Feb-26 4:44:00 PM AEST,nan,nan,nan,nan,nan,nan,2.70,nan,nan,nan,nan,nan
16-Feb-26 4:46:00 PM AEST,nan,nan,nan,nan,nan,nan,nan,10.58,nan,nan,nan,nan
16-Feb-26 4:46:00 PM AEST,nan,nan,nan,nan,nan,nan,nan,10.37,nan,nan,nan,nan
16-Feb-26 4:51:20 PM AEST,nan,33.1,nan,nan,nan,nan,nan,nan,nan,nan,nan,nan
16-Feb-26 4:54:40 PM AEST,nan,nan,nan,nan,nan,nan,2.30,nan,nan,nan,nan,nan
16-Feb-26 5:02:00 PM AEST,nan,32.4,nan,nan,nan,nan,nan,nan,nan,nan,nan,nan
16-Feb-26 5:05:20 PM AEST,nan,nan,nan,nan,nan,nan,1.40,nan,nan,nan,nan,nan
16-Feb-26 5:09:55 PM AEST,nan,nan,nan,nan,nan,nan,nan,10.58,nan,nan,nan,nan
16-Feb-26 5:16:00 PM AEST,nan,nan,nan,nan,nan,nan,2.10,nan,nan,nan,nan,nan
16-Feb-26 5:20:00 PM AEST,nan,32.5,nan,nan,nan,nan,nan,nan,nan,nan,nan,nan
16-Feb-26 5:26:40 PM AEST,nan,nan,nan,nan,nan,nan,0.10,nan,nan,nan,nan,nan
16-Feb-26 5:30:40 PM AEST,nan,29.7,nan,nan,nan,nan,nan,nan,nan,nan,nan,nan
16-Feb-26 5:33:50 PM AEST,nan,nan,nan,nan,nan,nan,nan,10.37,nan,nan,nan,nan
16-Feb-26 5:37:20 PM AEST,nan,nan,nan,nan,nan,nan,0.00,nan,nan,nan,nan,nan
16-Feb-26 5:40:30 PM AEST,nan,nan,nan,4.30,nan,nan,nan,nan,nan,nan,nan,nan
16-Feb-26 5:41:20 PM AEST,nan,0.0,nan,nan,nan,nan,nan,nan,nan,nan,nan,nan
16-Feb-26 6:20:00 PM AEST,nan,32.5,nan,nan,nan,nan,1.30,nan,nan,nan,nan,nan
16-Feb-26 6:30:40 PM AEST,nan,nan,nan,nan,nan,nan,2.40,nan,nan,nan,nan,nan
16-Feb-26 6:39:00 PM AEST,nan,nan,nan,6553.20,nan,nan,nan,nan,nan,nan,nan,nan
16-Feb-26 6:41:20 PM AEST,nan,nan,nan,nan,nan,nan,1.50,nan,nan,nan,nan,nan
16-Feb-26 6:46:00 PM AEST,nan,nan,nan,nan,nan,nan,nan,10.58,nan,nan,nan,nan
16-Feb-26 6:46:00 PM AEST,nan,nan,nan,nan,nan,nan,nan,10.37,nan,nan,nan,nan
16-Feb-26 6:50:00 PM AEST,nan,0.0,nan,nan,nan,nan,nan,nan,nan,nan,nan,nan
16-Feb-26 6:52:00 PM AEST,nan,nan,nan,nan,nan,nan,0.00,nan,nan,nan,nan,nan
16-Feb-26 7:00:40 PM AEST,nan,31.3,nan,nan,nan,nan,nan,nan,nan,nan,nan,nan
16-Feb-26 7:02:40 PM AEST,nan,nan,nan,nan,nan,nan,0.10,nan,nan,nan,nan,nan
16-Feb-26 7:11:20 PM AEST,nan,32.7,nan,nan,nan,nan,nan,nan,nan,nan,nan,nan
16-Feb-26 7:13:20 PM AEST,nan,nan,nan,nan,nan,nan,0.60,nan,nan,nan,nan,nan
16-Feb-26 7:22:00 PM AEST,nan,32.6,nan,nan,nan,nan,nan,nan,nan,nan,nan,nan
16-Feb-26 7:23:00 PM AEST,nan,nan,nan,nan,nan,nan,nan,10.58,nan,nan,nan,nan
16-Feb-26 7:24:00 PM AEST,nan,nan,nan,nan,nan,nan,1.40,nan,nan,nan,nan,nan
16-Feb-26 7:32:40 PM AEST,nan,0.0,nan,nan,nan,nan,nan,nan,nan,nan,nan,nan
16-Feb-26 7:34:40 PM AEST,nan,nan,nan,nan,nan,nan,0.00,nan,nan,nan,nan,nan
16-Feb-26 7:37:30 PM AEST,nan,nan,nan,6552.90,nan,nan,nan,nan,nan,nan,nan,nan
16-Feb-26 7:43:20 PM AEST,nan,32.7,nan,nan,nan,nan,nan,nan,nan,nan,nan,nan
16-Feb-26 7:45:20 PM AEST,nan,nan,nan,nan,nan,nan,0.80,nan,nan,nan,nan,nan
16-Feb-26 7:46:55 PM AEST,nan,nan,nan,nan,nan,nan,nan,10.37,nan,nan,nan,nan
16-Feb-26 7:46:55 PM AEST,nan,nan,nan,nan,nan,nan,nan,10.58,nan,nan,nan,nan
16-Feb-26 7:56:00 PM AEST,nan,nan,nan,nan,nan,nan,0.00,nan,nan,nan,nan,nan
16-Feb-26 8:00:00 PM AEST,nan,0.0,nan,nan,nan,nan,nan,nan,nan,nan,nan,nan
16-Feb-26 8:06:40 PM AEST,nan,nan,nan,nan,nan,nan,1.10,nan,nan,nan,nan,nan
16-Feb-26 8:10:40 PM AEST,nan,38.2,nan,nan,nan,nan,nan,nan,nan,nan,nan,nan
16-Feb-26 8:10:50 PM AEST,nan,nan,nan,nan,nan,nan,nan,10.37,nan,nan,nan,nan
16-Feb-26 8:17:20 PM AEST,nan,nan,nan,nan,nan,nan,1.40,nan,nan,nan,nan,nan
16-Feb-26 8:34:45 PM AEST,nan,nan,nan,nan,nan,nan,nan,10.58,nan,nan,nan,nan
16-Feb-26 8:36:00 PM AEST,nan,nan,nan,6553.10,nan,nan,nan,nan,nan,nan,nan,nan
16-Feb-26 8:40:00 PM AEST,nan,nan,nan,nan,nan,nan,2.40,nan,nan,nan,nan,nan
16-Feb-26 8:50:40 PM AEST,nan,nan,nan,nan,nan,nan,1.20,nan,nan,nan,nan,nan
16-Feb-26 8:58:40 PM AEST,nan,nan,nan,nan,nan,nan,nan,10.37,nan,nan,nan,nan
16-Feb-26 8:58:40 PM AEST,nan,nan,nan,nan,nan,nan,nan,10.58,nan,nan,nan,nan
16-Feb-26 9:00:00 PM AEST,nan,0.0,nan,nan,nan,nan,nan,nan,nan,nan,nan,nan
16-Feb-26 9:01:20 PM AEST,nan,nan,nan,nan,nan,nan,0.00,nan,nan,nan,nan,nan
16-Feb-26 9:22:35 PM AEST,nan,nan,nan,nan,nan,nan,nan,10.37,nan,nan,nan,nan
16-Feb-26 9:34:30 PM AEST,nan,nan,nan,6552.90,nan,nan,nan,nan,nan,nan,nan,nan
16-Feb-26 10:00:00 PM AEST,nan,37.6,nan,nan,nan,nan,0.10,nan,nan,nan,nan,nan
16-Feb-26 10:10:40 PM AEST,nan,38.0,nan,nan,nan,nan,0.40,nan,nan,nan,nan,nan
16-Feb-26 10:21:20 PM AEST,nan,0.0,nan,nan,nan,nan,0.00,nan,nan,nan,nan,nan
16-Feb-26 10:23:00 PM AEST,nan,nan,nan,nan,nan,nan,nan,10.58,nan,nan,nan,nan
16-Feb-26 10:23:00 PM AEST,nan,nan,nan,nan,nan,nan,nan,10.37,nan,nan,nan,nan
16-Feb-26 10:32:00 PM AEST,nan,38.2,nan,nan,nan,nan,1.00,nan,nan,nan,nan,nan
16-Feb-26 10:33:00 PM AEST,nan,nan,nan,6553.20,nan,nan,nan,nan,nan,nan,nan,nan
16-Feb-26 10:34:00 PM AEST,8.0,nan,nan,nan,nan,nan,nan,nan,nan,nan,nan,nan
16-Feb-26 10:34:00 PM AEST,13.4,nan,nan,nan,nan,nan,nan,nan,nan,nan,nan,nan
16-Feb-26 10:42:40 PM AEST,nan,96.9,nan,nan,nan,nan,2.20,nan,nan,nan,nan,nan
16-Feb-26 10:46:55 PM AEST,nan,nan,nan,nan,nan,nan,nan,10.58,nan,nan,nan,nan
16-Feb-26 10:46:55 PM AEST,nan,nan,nan,nan,nan,nan,nan,10.37,nan,nan,nan,nan
16-Feb-26 10:53:20 PM AEST,nan,56.1,nan,nan,nan,nan,7.50,nan,nan,nan,nan,nan
16-Feb-26 11:04:00 PM AEST,nan,48.9,nan,nan,nan,nan,0.60,nan,nan,nan,nan,nan
16-Feb-26 11:08:35 PM AEST,19.0,nan,nan,nan,nan,nan,nan,nan,nan,nan,nan,nan
16-Feb-26 11:08:35 PM AEST,22.4,nan,nan,nan,nan,nan,nan,nan,nan,nan,nan,nan
16-Feb-26 11:08:35 PM AEST,22.8,nan,nan,nan,nan,nan,nan,nan,nan,nan,nan,nan
16-Feb-26 11:14:40 PM AEST,nan,49.3,nan,nan,nan,nan,0.20,nan,nan,nan,nan,nan
16-Feb-26 11:25:20 PM AEST,nan,172.2,nan,nan,nan,nan,3.30,nan,nan,nan,nan,nan
16-Feb-26 11:31:30 PM AEST,nan,nan,nan,6553.00,nan,nan,nan,nan,nan,nan,nan,nan
16-Feb-26 11:36:00 PM AEST,nan,0.0,nan,nan,nan,nan,0.00,nan,nan,nan,nan,nan
16-Feb-26 11:43:10 PM AEST,23.0,nan,nan,nan,nan,nan,nan,nan,nan,nan,nan,nan
16-Feb-26 11:43:10 PM AEST,23.2,nan,nan,nan,nan,nan,nan,nan,nan,nan,nan,nan
16-Feb-26 11:46:40 PM AEST,nan,172.2,nan,nan,nan,nan,nan,nan,nan,nan,nan,nan
16-Feb-26 11:50:00 PM AEST,nan,nan,nan,nan,nan,nan,0.20,nan,nan,nan,nan,nan
16-Feb-26 11:57:20 PM AEST,nan,0.0,nan,nan,nan,nan,nan,nan,nan,nan,nan,nan
17-Feb-26 12:00:40 AM AEST,nan,nan,nan,nan,nan,nan,0.00,nan,nan,nan,nan,nan
17-Feb-26 12:11:20 AM AEST,nan,nan,nan,nan,nan,nan,3.30,nan,nan,nan,nan,nan
17-Feb-26 12:17:45 AM AEST,23.4,nan,nan,nan,nan,nan,nan,nan,nan,nan,nan,nan
17-Feb-26 12:20:00 AM AEST,nan,170.4,nan,nan,nan,nan,nan,nan,nan,nan,nan,nan
17-Feb-26 12:22:00 AM AEST,nan,nan,nan,nan,nan,nan,2.10,nan,nan,nan,nan,nan
17-Feb-26 12:23:00 AM AEST,nan,nan,nan,nan,nan,nan,nan,10.58,nan,nan,nan,nan
17-Feb-26 12:30:00 AM AEST,nan,nan,nan,6552.90,nan,nan,nan,nan,nan,nan,nan,nan
17-Feb-26 12:32:40 AM AEST,nan,nan,nan,nan,nan,nan,0.50,nan,nan,nan,nan,nan
17-Feb-26 12:40:00 AM AEST,nan,170.5,nan,nan,nan,nan,nan,nan,nan,nan,nan,nan
17-Feb-26 12:46:55 AM AEST,nan,nan,nan,nan,nan,nan,nan,10.37,nan,nan,nan,nan
17-Feb-26 12:50:00 AM AEST,nan,nan,nan,nan,nan,nan,1.20,nan,nan,nan,nan,nan
17-Feb-26 1:10:00 AM AEST,nan,157.2,nan,nan,nan,nan,1.70,nan,nan,nan,nan,nan
17-Feb-26 1:10:50 AM AEST,nan,nan,nan,nan,nan,nan,nan,10.58,nan,nan,nan,nan
17-Feb-26 1:10:50 AM AEST,nan,nan,nan,nan,nan,nan,nan,10.37,nan,nan,nan,nan
17-Feb-26 1:20:40 AM AEST,nan,nan,nan,nan,nan,nan,0.80,nan,nan,nan,nan,nan
17-Feb-26 1:28:30 AM AEST,nan,nan,nan,6553.10,nan,nan,nan,nan,nan,nan,nan,nan
17-Feb-26 1:31:20 AM AEST,nan,nan,nan,nan,nan,nan,2.30,nan,nan,nan,nan,nan
17-Feb-26 1:34:45 AM AEST,nan,nan,nan,nan,nan,nan,nan,10.58,nan,nan,nan,nan
17-Feb-26 1:34:45 AM AEST,nan,nan,nan,nan,nan,nan,nan,10.37,nan,nan,nan,nan
17-Feb-26 1:40:00 AM AEST,nan,42.1,nan,nan,nan,nan,nan,nan,nan,nan,nan,nan
17-Feb-26 1:42:00 AM AEST,nan,nan,nan,nan,nan,nan,1.80,nan,nan,nan,nan,nan
17-Feb-26 1:50:40 AM AEST,nan,100.0,nan,nan,nan,nan,nan,nan,nan,nan,nan,nan
17-Feb-26 2:00:00 AM AEST,nan,nan,nan,nan,nan,nan,2.00,nan,nan,nan,nan,nan
17-Feb-26 2:01:20 AM AEST,nan,100.1,nan,nan,nan,nan,nan,nan,nan,nan,nan,nan
17-Feb-26 2:10:40 AM AEST,nan,nan,nan,nan,nan,nan,0.00,nan,nan,nan,nan,nan
17-Feb-26 2:12:00 AM AEST,nan,0.0,nan,nan,nan,nan,nan,nan,nan,nan,nan,nan
17-Feb-26 2:23:00 AM AEST,nan,nan,nan,nan,nan,nan,nan,10.58,nan,nan,nan,nan
17-Feb-26 2:23:00 AM AEST,nan,nan,nan,nan,nan,nan,nan,10.37,nan,nan,nan,nan
17-Feb-26 2:27:00 AM AEST,nan,nan,nan,6553.00,nan,nan,nan,nan,nan,nan,nan,nan
17-Feb-26 2:46:55 AM AEST,nan,nan,nan,nan,nan,nan,nan,10.58,nan,nan,nan,nan
17-Feb-26 2:50:00 AM AEST,nan,105.8,nan,nan,nan,nan,1.50,nan,nan,nan,nan,nan
17-Feb-26 3:00:40 AM AEST,nan,106.1,nan,nan,nan,nan,2.90,nan,nan,nan,nan,nan
17-Feb-26 3:11:20 AM AEST,nan,0.0,nan,nan,nan,nan,0.00,nan,nan,nan,nan,nan
17-Feb-26 3:22:00 AM AEST,nan,109.5,nan,nan,nan,nan,1.40,nan,nan,nan,nan,nan
17-Feb-26 3:23:00 AM AEST,nan,nan,nan,nan,nan,nan,nan,10.37,nan,nan,nan,nan
17-Feb-26 3:32:40 AM AEST,nan,250.3,nan,nan,nan,nan,0.90,nan,nan,nan,nan,nan
17-Feb-26 3:43:20 AM AEST,nan,nan,nan,nan,nan,nan,1.00,nan,nan,nan,nan,nan
17-Feb-26 3:46:55 AM AEST,nan,nan,nan,nan,nan,nan,nan,10.58,nan,nan,nan,nan
17-Feb-26 3:46:55 AM AEST,nan,nan,nan,nan,nan,nan,nan,10.37,nan,nan,nan,nan
17-Feb-26 3:50:00 AM AEST,nan,172.0,nan,nan,nan,nan,nan,nan,nan,nan,nan,nan
17-Feb-26 3:54:00 AM AEST,nan,nan,nan,nan,nan,nan,0.60,nan,nan,nan,nan,nan
17-Feb-26 4:04:40 AM AEST,nan,nan,nan,nan,nan,nan,1.70,nan,nan,nan,nan,nan
17-Feb-26 4:10:00 AM AEST,nan,190.6,nan,nan,nan,nan,nan,nan,nan,nan,nan,nan
17-Feb-26 4:15:20 AM AEST,nan,nan,nan,nan,nan,nan,0.00,nan,nan,nan,nan,nan
17-Feb-26 4:20:40 AM AEST,nan,0.0,nan,nan,nan,nan,nan,nan,nan,nan,nan,nan
17-Feb-26 4:26:00 AM AEST,nan,nan,nan,nan,nan,nan,0.40,nan,nan,nan,nan,nan
17-Feb-26 4:31:20 AM AEST,nan,190.4,nan,nan,nan,nan,nan,nan,nan,nan,nan,nan
17-Feb-26 4:36:40 AM AEST,nan,nan,nan,nan,nan,nan,1.60,nan,nan,nan,nan,nan
17-Feb-26 4:42:00 AM AEST,nan,190.6,nan,nan,nan,nan,nan,nan,nan,nan,nan,nan
17-Feb-26 4:47:20 AM AEST,nan,nan,nan,nan,nan,nan,1.70,nan,nan,nan,nan,nan
17-Feb-26 4:58:00 AM AEST,nan,nan,nan,nan,nan,nan,0.90,nan,nan,nan,nan,nan
17-Feb-26 5:00:00 AM AEST,nan,nan,nan,6552.90,nan,nan,nan,10.58,nan,nan,nan,nan
17-Feb-26 5:20:00 AM AEST,nan,190.4,nan,nan,nan,nan,0.50,nan,nan,nan,nan,nan
17-Feb-26 5:23:55 AM AEST,nan,nan,nan,nan,nan,nan,nan,10.37,nan,nan,nan,nan
17-Feb-26 5:30:40 AM AEST,nan,190.6,nan,nan,nan,nan,1.20,nan,nan,nan,nan,nan
17-Feb-26 5:41:20 AM AEST,nan,0.0,nan,nan,nan,nan,0.00,nan,nan,nan,nan,nan
17-Feb-26 5:47:50 AM AEST,nan,nan,nan,nan,nan,nan,nan,10.58,nan,nan,nan,nan
17-Feb-26 6:10:00 AM AEST,nan,nan,nan,nan,nan,nan,1.60,nan,nan,nan,nan,nan
17-Feb-26 6:11:45 AM AEST,nan,nan,nan,nan,nan,nan,nan,10.37,nan,nan,nan,nan
17-Feb-26 6:11:45 AM AEST,nan,nan,nan,nan,nan,nan,nan,10.58,nan,nan,nan,nan
17-Feb-26 6:20:00 AM AEST,nan,190.5,nan,nan,nan,nan,nan,nan,nan,nan,nan,nan
17-Feb-26 6:20:40 AM AEST,nan,nan,nan,nan,nan,nan,1.10,nan,nan,nan,nan,nan
17-Feb-26 6:30:40 AM AEST,nan,190.6,nan,nan,nan,nan,nan,nan,nan,nan,nan,nan
17-Feb-26 6:31:20 AM AEST,nan,nan,nan,nan,nan,nan,0.10,nan,nan,nan,nan,nan
17-Feb-26 6:35:40 AM AEST,nan,nan,nan,nan,nan,nan,nan,10.37,nan,nan,nan,nan
17-Feb-26 6:50:00 AM AEST,nan,190.5,nan,nan,nan,nan,0.20,nan,nan,nan,nan,nan
17-Feb-26 6:59:35 AM AEST,nan,nan,nan,nan,nan,nan,nan,10.58,nan,nan,nan,nan
17-Feb-26 6:59:35 AM AEST,nan,nan,nan,nan,nan,nan,nan,10.37,nan,nan,nan,nan
17-Feb-26 7:00:00 AM AEST,nan,nan,nan,2.10,nan,nan,nan,nan,nan,nan,nan,nan
17-Feb-26 7:00:40 AM AEST,nan,190.6,nan,nan,nan,nan,0.10,nan,nan,nan,nan,nan
17-Feb-26 7:20:00 AM AEST,nan,0.0,nan,nan,nan,nan,0.00,nan,nan,nan,nan,nan
17-Feb-26 7:23:30 AM AEST,nan,nan,nan,nan,nan,nan,nan,10.58,nan,nan,nan,nan
17-Feb-26 7:23:30 AM AEST,nan,nan,nan,nan,nan,nan,nan,10.37,nan,nan,nan,nan
17-Feb-26 7:30:40 AM AEST,nan,190.6,nan,nan,nan,nan,0.90,nan,nan,nan,nan,nan
17-Feb-26 7:41:20 AM AEST,nan,190.7,nan,nan,nan,nan,1.50,nan,nan,nan,nan,nan
17-Feb-26 7:47:25 AM AEST,nan,nan,nan,nan,nan,nan,nan,10.58,nan,nan,nan,nan
17-Feb-26 7:58:30 AM AEST,nan,nan,nan,8.20,nan,nan,nan,nan,nan,nan,nan,nan
17-Feb-26 8:00:00 AM AEST,nan,190.5,nan,nan,nan,nan,0.20,nan,nan,nan,nan,nan
17-Feb-26 8:10:40 AM AEST,nan,190.6,nan,nan,nan,nan,1.20,nan,nan,nan,nan,nan
17-Feb-26 8:11:20 AM AEST,nan,nan,nan,nan,nan,nan,nan,10.80,nan,nan,nan,nan
17-Feb-26 8:21:20 AM AEST,nan,0.0,nan,nan,nan,nan,0.00,nan,nan,nan,nan,nan
17-Feb-26 8:32:00 AM AEST,nan,190.7,nan,nan,nan,nan,2.10,nan,nan,nan,nan,nan
17-Feb-26 8:34:00 AM AEST,0.0,nan,nan,nan,nan,nan,nan,nan,nan,nan,nan,nan
17-Feb-26 8:35:15 AM AEST,nan,nan,nan,nan,nan,nan,nan,10.58,nan,nan,nan,nan
17-Feb-26 8:42:40 AM AEST,nan,214.3,nan,nan,nan,nan,0.90,nan,nan,nan,nan,nan
17-Feb-26 8:53:20 AM AEST,nan,234.0,nan,nan,nan,nan,0.50,nan,nan,nan,nan,nan
17-Feb-26 8:55:26 AM AEST,nan,nan,nan,nan,0.50,nan,nan,nan,140.70,83.40,23.70,nan
17-Feb-26 8:55:27 AM AEST,nan,nan,62.3,nan,nan,1.60,nan,nan,nan,nan,nan,nan
17-Feb-26 8:57:00 AM AEST,nan,nan,nan,27.90,nan,nan,nan,nan,nan,nan,nan,nan
17-Feb-26 8:59:10 AM AEST,nan,nan,nan,nan,nan,nan,nan,10.37,nan,nan,nan,nan
17-Feb-26 9:04:00 AM AEST,nan,236.1,nan,nan,nan,nan,0.20,nan,nan,nan,nan,nan
17-Feb-26 9:14:40 AM AEST,nan,343.0,nan,nan,nan,nan,2.90,nan,nan,nan,nan,nan
17-Feb-26 9:23:05 AM AEST,nan,nan,nan,nan,nan,nan,nan,10.58,nan,nan,nan,nan
17-Feb-26 9:23:05 AM AEST,nan,nan,nan,nan,nan,nan,nan,10.37,nan,nan,nan,nan
17-Feb-26 9:30:00 AM AEST,nan,236.8,nan,nan,nan,nan,3.00,nan,nan,nan,nan,nan
17-Feb-26 9:40:40 AM AEST,nan,327.6,nan,nan,nan,nan,2.80,nan,nan,nan,nan,nan
17-Feb-26 9:47:00 AM AEST,nan,nan,nan,nan,nan,nan,nan,10.58,nan,nan,nan,nan
17-Feb-26 9:51:20 AM AEST,nan,166.1,nan,nan,nan,nan,5.40,nan,nan,nan,nan,nan
17-Feb-26 9:55:30 AM AEST,nan,nan,nan,48.00,nan,nan,nan,nan,nan,nan,nan,nan
17-Feb-26 10:02:00 AM AEST,nan,244.6,nan,nan,nan,nan,2.50,nan,nan,nan,nan,nan
17-Feb-26 10:10:55 AM AEST,nan,nan,nan,nan,nan,nan,nan,10.37,nan,nan,nan,nan
17-Feb-26 10:12:40 AM AEST,nan,278.8,nan,nan,nan,nan,0.70,nan,nan,nan,nan,nan
17-Feb-26 10:23:20 AM AEST,nan,291.1,nan,nan,nan,nan,1.70,nan,nan,nan,nan,nan
17-Feb-26 10:34:50 AM AEST,nan,nan,nan,nan,nan,nan,nan,10.15,nan,nan,nan,nan
17-Feb-26 10:40:00 AM AEST,nan,140.4,nan,nan,nan,nan,1.00,nan,nan,nan,nan,nan
17-Feb-26 10:50:40 AM AEST,nan,189.1,nan,nan,nan,nan,4.30,nan,nan,nan,nan,nan
17-Feb-26 10:54:00 AM AEST,nan,nan,nan,31.80,nan,nan,nan,nan,nan,nan,nan,nan
17-Feb-26 10:58:45 AM AEST,nan,nan,nan,nan,nan,nan,nan,10.37,nan,nan,nan,nan
17-Feb-26 11:01:20 AM AEST,nan,236.0,nan,nan,nan,nan,1.70,nan,nan,nan,nan,nan
17-Feb-26 11:12:00 AM AEST,nan,156.8,nan,nan,nan,nan,4.30,nan,nan,nan,nan,nan
17-Feb-26 11:22:40 AM AEST,nan,210.6,nan,nan,nan,nan,1.50,nan,nan,nan,nan,nan
17-Feb-26 11:33:20 AM AEST,nan,173.1,nan,nan,nan,nan,3.00,nan,nan,nan,nan,nan
17-Feb-26 11:46:00 AM AEST,nan,nan,nan,nan,nan,nan,nan,10.58,nan,nan,nan,nan
17-Feb-26 11:50:00 AM AEST,nan,186.1,nan,nan,nan,nan,1.00,nan,nan,nan,nan,nan
17-Feb-26 11:52:30 AM AEST,nan,nan,nan,45.10,nan,nan,nan,nan,nan,nan,nan,nan
17-Feb-26 12:00:40 PM AEST,nan,225.4,nan,nan,nan,nan,0.70,nan,nan,nan,nan,nan
17-Feb-26 12:09:55 PM AEST,nan,nan,nan,nan,nan,nan,nan,10.37,nan,nan,nan,nan
17-Feb-26 12:11:20 PM AEST,nan,158.1,nan,nan,nan,nan,4.10,nan,nan,nan,nan,nan
17-Feb-26 12:22:00 PM AEST,nan,196.6,nan,nan,nan,nan,nan,nan,nan,nan,nan,nan
17-Feb-26 12:32:40 PM AEST,nan,179.9,nan,nan,nan,nan,nan,nan,nan,nan,nan,nan
17-Feb-26 12:40:00 PM AEST,nan,nan,nan,nan,nan,nan,3.40,nan,nan,nan,nan,nan
17-Feb-26 12:43:20 PM AEST,nan,229.4,nan,nan,nan,nan,nan,nan,nan,nan,nan,nan
17-Feb-26 12:50:40 PM AEST,nan,nan,nan,nan,nan,nan,7.90,nan,nan,nan,nan,nan
17-Feb-26 12:51:00 PM AEST,nan,nan,nan,57.50,nan,nan,nan,nan,nan,nan,nan,nan
17-Feb-26 12:54:00 PM AEST,nan,127.0,nan,nan,nan,nan,nan,nan,nan,nan,nan,nan
17-Feb-26 1:01:20 PM AEST,nan,nan,nan,nan,nan,nan,5.40,nan,nan,nan,nan,nan
17-Feb-26 1:04:40 PM AEST,nan,87.0,nan,nan,nan,nan,nan,nan,nan,nan,nan,nan
17-Feb-26 1:12:00 PM AEST,nan,nan,nan,nan,nan,nan,4.50,nan,nan,nan,nan,nan
17-Feb-26 1:20:00 PM AEST,nan,191.8,nan,nan,nan,nan,nan,nan,nan,nan,nan,nan
17-Feb-26 1:22:40 PM AEST,nan,nan,nan,nan,nan,nan,3.90,nan,nan,nan,nan,nan
17-Feb-26 1:23:00 PM AEST,nan,nan,nan,nan,nan,nan,nan,10.58,nan,nan,nan,nan
17-Feb-26 1:30:40 PM AEST,nan,157.5,nan,nan,nan,nan,nan,nan,nan,nan,nan,nan
17-Feb-26 1:33:20 PM AEST,nan,nan,nan,nan,nan,nan,8.30,nan,nan,nan,nan,nan
17-Feb-26 1:41:20 PM AEST,nan,231.1,nan,nan,nan,nan,nan,nan,nan,nan,nan,nan
17-Feb-26 1:44:00 PM AEST,nan,nan,nan,nan,nan,nan,7.40,nan,nan,nan,nan,nan
17-Feb-26 1:46:55 PM AEST,nan,nan,nan,nan,nan,nan,nan,10.37,nan,nan,nan,nan
17-Feb-26 1:49:30 PM AEST,nan,nan,nan,62.30,nan,nan,nan,nan,nan,nan,nan,nan
17-Feb-26 1:52:00 PM AEST,nan,235.5,nan,nan,nan,nan,nan,nan,nan,nan,nan,nan
17-Feb-26 1:54:40 PM AEST,nan,nan,nan,nan,nan,nan,1.90,nan,nan,nan,nan,nan
17-Feb-26 2:02:40 PM AEST,nan,211.2,nan,nan,nan,nan,nan,nan,nan,nan,nan,nan
17-Feb-26 2:05:20 PM AEST,nan,nan,nan,nan,nan,nan,7.70,nan,nan,nan,nan,nan
17-Feb-26 2:10:50 PM AEST,nan,nan,nan,nan,nan,nan,nan,10.58,nan,nan,nan,nan
17-Feb-26 2:13:20 PM AEST,nan,147.6,nan,nan,nan,nan,nan,nan,nan,nan,nan,nan
17-Feb-26 2:16:00 PM AEST,nan,nan,nan,nan,nan,nan,2.00,nan,nan,nan,nan,nan
17-Feb-26 2:26:40 PM AEST,nan,nan,nan,nan,nan,nan,3.90,nan,nan,nan,nan,nan
17-Feb-26 2:30:00 PM AEST,nan,215.3,nan,nan,nan,nan,nan,nan,nan,nan,nan,nan
17-Feb-26 2:34:45 PM AEST,nan,nan,nan,nan,nan,nan,nan,10.37,nan,nan,nan,nan
17-Feb-26 2:37:20 PM AEST,nan,nan,nan,nan,nan,nan,3.80,nan,nan,nan,nan,nan
17-Feb-26 2:40:40 PM AEST,nan,219.7,nan,nan,nan,nan,nan,nan,nan,nan,nan,nan
17-Feb-26 2:48:00 PM AEST,nan,nan,nan,55.80,nan,nan,6.40,nan,nan,nan,nan,nan
17-Feb-26 2:51:20 PM AEST,nan,166.7,nan,nan,nan,nan,nan,nan,nan,nan,nan,nan
17-Feb-26 3:02:00 PM AEST,nan,126.9,nan,nan,nan,nan,nan,nan,nan,nan,nan,nan
17-Feb-26 3:10:00 PM AEST,nan,nan,nan,nan,nan,nan,5.60,nan,nan,nan,nan,nan
17-Feb-26 3:12:40 PM AEST,nan,169.9,nan,nan,nan,nan,nan,nan,nan,nan,nan,nan
17-Feb-26 3:20:40 PM AEST,nan,nan,nan,nan,nan,nan,6.80,nan,nan,nan,nan,nan
17-Feb-26 3:30:00 PM AEST,nan,180.7,nan,nan,nan,nan,nan,nan,nan,nan,nan,nan
17-Feb-26 3:31:20 PM AEST,nan,nan,nan,nan,nan,nan,5.70,nan,nan,nan,nan,nan
17-Feb-26 3:40:40 PM AEST,nan,196.1,nan,nan,nan,nan,nan,nan,nan,nan,nan,nan
17-Feb-26 3:42:00 PM AEST,nan,nan,nan,nan,nan,nan,5.10,nan,nan,nan,nan,nan
17-Feb-26 3:46:30 PM AEST,nan,nan,nan,34.70,nan,nan,nan,nan,nan,nan,nan,nan
17-Feb-26 3:51:20 PM AEST,nan,123.7,nan,nan,nan,nan,nan,nan,nan,nan,nan,nan
17-Feb-26 3:52:40 PM AEST,nan,nan,nan,nan,nan,nan,6.10,nan,nan,nan,nan,nan
17-Feb-26 4:02:00 PM AEST,nan,209.5,nan,nan,nan,nan,nan,nan,nan,nan,nan,nan
17-Feb-26 4:03:20 PM AEST,nan,nan,nan,nan,nan,nan,5.90,nan,nan,nan,nan,nan
17-Feb-26 4:12:40 PM AEST,nan,113.7,nan,nan,nan,nan,nan,nan,nan,nan,nan,nan
17-Feb-26 4:14:00 PM AEST,nan,nan,nan,nan,nan,nan,4.30,nan,nan,nan,nan,nan
17-Feb-26 4:23:20 PM AEST,nan,111.0,nan,nan,nan,nan,nan,nan,nan,nan,nan,nan
17-Feb-26 4:24:40 PM AEST,nan,nan,nan,nan,nan,nan,5.70,nan,nan,nan,nan,nan
17-Feb-26 4:35:20 PM AEST,nan,nan,nan,nan,nan,nan,3.50,nan,nan,nan,nan,nan
17-Feb-26 4:40:00 PM AEST,nan,284.2,nan,nan,nan,nan,nan,nan,nan,nan,nan,nan
17-Feb-26 4:45:00 PM AEST,nan,nan,nan,15.90,nan,nan,nan,nan,nan,nan,nan,nan
17-Feb-26 4:46:00 PM AEST,nan,nan,nan,nan,nan,nan,6.50,nan,nan,nan,nan,nan
17-Feb-26 4:50:40 PM AEST,nan,96.1,nan,nan,nan,nan,nan,nan,nan,nan,nan,nan
17-Feb-26 4:56:40 PM AEST,nan,nan,nan,nan,nan,nan,1.50,nan,nan,nan,nan,nan
17-Feb-26 5:01:20 PM AEST,nan,88.8,nan,nan,nan,nan,nan,nan,nan,nan,nan,nan
17-Feb-26 5:10:00 PM AEST,nan,nan,nan,nan,nan,nan,2.30,nan,nan,nan,nan,nan
17-Feb-26 5:12:00 PM AEST,nan,89.8,nan,nan,nan,nan,nan,nan,nan,nan,nan,nan
17-Feb-26 5:22:40 PM AEST,nan,89.9,nan,nan,nan,nan,nan,nan,nan,nan,nan,nan
17-Feb-26 5:30:00 PM AEST,nan,nan,nan,nan,nan,nan,2.60,nan,nan,nan,nan,nan
17-Feb-26 5:33:20 PM AEST,nan,67.1,nan,nan,nan,nan,nan,nan,nan,nan,nan,nan
17-Feb-26 5:40:40 PM AEST,nan,nan,nan,nan,nan,nan,5.00,nan,nan,nan,nan,nan
17-Feb-26 5:43:30 PM AEST,nan,nan,nan,6.60,nan,nan,nan,nan,nan,nan,nan,nan
17-Feb-26 5:44:00 PM AEST,nan,85.7,nan,nan,nan,nan,nan,nan,nan,nan,nan,nan
17-Feb-26 5:51:20 PM AEST,nan,nan,nan,nan,nan,nan,2.70,nan,nan,nan,nan,nan
17-Feb-26 5:54:40 PM AEST,nan,93.5,nan,nan,nan,nan,nan,nan,nan,nan,nan,nan
17-Feb-26 6:05:20 PM AEST,nan,68.4,nan,nan,nan,nan,nan,nan,nan,nan,nan,nan
17-Feb-26 6:10:00 PM AEST,nan,nan,nan,nan,nan,nan,2.20,nan,nan,nan,nan,nan
17-Feb-26 6:20:40 PM AEST,nan,nan,nan,nan,nan,nan,3.40,nan,nan,nan,nan,nan
17-Feb-26 6:30:00 PM AEST,nan,59.0,nan,nan,nan,nan,nan,nan,nan,nan,nan,nan
17-Feb-26 6:31:20 PM AEST,nan,nan,nan,nan,nan,nan,0.90,nan,nan,nan,nan,nan
17-Feb-26 6:42:00 PM AEST,nan,nan,nan,1.20,nan,nan,2.40,nan,nan,nan,nan,nan
17-Feb-26 6:50:00 PM AEST,nan,59.5,nan,nan,nan,nan,nan,nan,nan,nan,nan,nan
17-Feb-26 7:00:40 PM AEST,nan,59.9,nan,nan,nan,nan,nan,nan,nan,nan,nan,nan
17-Feb-26 7:10:00 PM AEST,nan,nan,nan,nan,nan,nan,6.00,nan,nan,nan,nan,nan
17-Feb-26 7:11:20 PM AEST,nan,52.1,nan,nan,nan,nan,nan,nan,nan,nan,nan,nan
17-Feb-26 7:20:40 PM AEST,nan,nan,nan,nan,nan,nan,2.20,nan,nan,nan,nan,nan
17-Feb-26 7:22:00 PM AEST,nan,124.6,nan,nan,nan,nan,nan,nan,nan,nan,nan,nan
17-Feb-26 7:31:20 PM AEST,nan,nan,nan,nan,nan,nan,6.20,nan,nan,nan,nan,nan
17-Feb-26 7:32:40 PM AEST,nan,65.9,nan,nan,nan,nan,nan,nan,nan,nan,nan,nan
17-Feb-26 7:34:00 PM AEST,0.2,nan,nan,nan,nan,nan,nan,nan,nan,nan,nan,nan
17-Feb-26 7:34:00 PM AEST,2.2,nan,nan,nan,nan,nan,nan,nan,nan,nan,nan,nan
17-Feb-26 7:34:00 PM AEST,2.8,nan,nan,nan,nan,nan,nan,nan,nan,nan,nan,nan
17-Feb-26 7:40:30 PM AEST,nan,nan,nan,0.70,nan,nan,nan,nan,nan,nan,nan,nan
17-Feb-26 7:42:00 PM AEST,nan,nan,nan,nan,nan,nan,4.40,nan,nan,nan,nan,nan
17-Feb-26 7:43:20 PM AEST,nan,74.3,nan,nan,nan,nan,nan,nan,nan,nan,nan,nan
17-Feb-26 7:52:40 PM AEST,nan,nan,nan,nan,nan,nan,2.10,nan,nan,nan,nan,nan
17-Feb-26 7:54:00 PM AEST,nan,96.3,nan,nan,nan,nan,nan,nan,nan,nan,nan,nan
17-Feb-26 8:03:20 PM AEST,nan,nan,nan,nan,nan,nan,2.70,nan,nan,nan,nan,nan
17-Feb-26 8:04:40 PM AEST,nan,119.5,nan,nan,nan,nan,nan,nan,nan,nan,nan,nan
17-Feb-26 8:14:00 PM AEST,nan,nan,nan,nan,nan,nan,12.90,nan,nan,nan,nan,nan
17-Feb-26 8:15:20 PM AEST,nan,67.6,nan,nan,nan,nan,nan,nan,nan,nan,nan,nan
17-Feb-26 8:26:00 PM AEST,nan,0.0,nan,nan,nan,nan,nan,nan,nan,nan,nan,nan
17-Feb-26 8:30:00 PM AEST,nan,nan,nan,nan,nan,nan,0.00,nan,nan,nan,nan,nan
17-Feb-26 8:34:00 PM AEST,6.2,nan,nan,nan,nan,nan,nan,nan,nan,nan,nan,nan
17-Feb-26 8:34:00 PM AEST,6.4,nan,nan,nan,nan,nan,nan,nan,nan,nan,nan,nan
17-Feb-26 8:36:40 PM AEST,nan,135.5,nan,nan,nan,nan,nan,nan,nan,nan,nan,nan
17-Feb-26 8:39:00 PM AEST,nan,nan,nan,0.10,nan,nan,nan,nan,nan,nan,nan,nan
17-Feb-26 8:40:40 PM AEST,nan,nan,nan,nan,nan,nan,4.00,nan,nan,nan,nan,nan
17-Feb-26 8:46:00 PM AEST,nan,nan,nan,nan,nan,nan,nan,10.58,nan,nan,nan,nan
17-Feb-26 8:47:20 PM AEST,nan,152.6,nan,nan,nan,nan,nan,nan,nan,nan,nan,nan
17-Feb-26 8:51:20 PM AEST,nan,nan,nan,nan,nan,nan,3.60,nan,nan,nan,nan,nan
17-Feb-26 9:02:00 PM AEST,nan,nan,nan,nan,nan,nan,2.90,nan,nan,nan,nan,nan
17-Feb-26 9:09:55 PM AEST,nan,nan,nan,nan,nan,nan,nan,10.37,nan,nan,nan,nan
17-Feb-26 9:09:55 PM AEST,nan,nan,nan,nan,nan,nan,nan,10.58,nan,nan,nan,nan
17-Feb-26 9:09:55 PM AEST,nan,nan,nan,nan,nan,nan,nan,10.37,nan,nan,nan,nan
17-Feb-26 9:10:00 PM AEST,nan,174.2,nan,nan,nan,nan,nan,nan,nan,nan,nan,nan
17-Feb-26 9:12:40 PM AEST,nan,nan,nan,nan,nan,nan,2.70,nan,nan,nan,nan,nan
17-Feb-26 9:20:40 PM AEST,nan,149.6,nan,nan,nan,nan,nan,nan,nan,nan,nan,nan
17-Feb-26 9:23:20 PM AEST,nan,nan,nan,nan,nan,nan,1.20,nan,nan,nan,nan,nan
17-Feb-26 9:31:20 PM AEST,nan,124.7,nan,nan,nan,nan,nan,nan,nan,nan,nan,nan
17-Feb-26 9:40:00 PM AEST,nan,nan,nan,nan,nan,nan,0.20,nan,nan,nan,nan,nan
17-Feb-26 9:42:00 PM AEST,nan,94.3,nan,nan,nan,nan,nan,nan,nan,nan,nan,nan
17-Feb-26 9:50:40 PM AEST,nan,nan,nan,nan,nan,nan,1.70,nan,nan,nan,nan,nan
17-Feb-26 9:52:40 PM AEST,nan,185.8,nan,nan,nan,nan,nan,nan,nan,nan,nan,nan
17-Feb-26 10:00:00 PM AEST,6.6,nan,nan,nan,nan,nan,nan,10.58,nan,nan,nan,nan
17-Feb-26 10:00:00 PM AEST,8.0,nan,nan,nan,nan,nan,nan,10.58,nan,nan,nan,nan
17-Feb-26 10:00:00 PM AEST,8.6,nan,nan,nan,nan,nan,nan,10.58,nan,nan,nan,nan
17-Feb-26 10:01:20 PM AEST,nan,nan,nan,nan,nan,nan,0.00,nan,nan,nan,nan,nan
17-Feb-26 10:03:20 PM AEST,nan,0.0,nan,nan,nan,nan,nan,nan,nan,nan,nan,nan
17-Feb-26 10:12:00 PM AEST,nan,nan,nan,nan,nan,nan,7.70,nan,nan,nan,nan,nan
17-Feb-26 10:14:00 PM AEST,nan,135.2,nan,nan,nan,nan,nan,nan,nan,nan,nan,nan
17-Feb-26 10:22:40 PM AEST,nan,nan,nan,nan,nan,nan,3.00,nan,nan,nan,nan,nan
17-Feb-26 10:23:55 PM AEST,nan,nan,nan,nan,nan,nan,nan,10.37,nan,nan,nan,nan
17-Feb-26 10:24:40 PM AEST,nan,298.3,nan,nan,nan,nan,nan,nan,nan,nan,nan,nan
17-Feb-26 10:33:20 PM AEST,nan,nan,nan,nan,nan,nan,1.20,nan,nan,nan,nan,nan
17-Feb-26 10:34:35 PM AEST,8.8,nan,nan,nan,nan,nan,nan,nan,nan,nan,nan,nan
17-Feb-26 10:34:35 PM AEST,11.2,nan,nan,nan,nan,nan,nan,nan,nan,nan,nan,nan
17-Feb-26 10:34:35 PM AEST,13.8,nan,nan,nan,nan,nan,nan,nan,nan,nan,nan,nan
17-Feb-26 10:35:20 PM AEST,nan,140.8,nan,nan,nan,nan,nan,nan,nan,nan,nan,nan
17-Feb-26 10:44:00 PM AEST,nan,nan,nan,nan,nan,nan,4.60,nan,nan,nan,nan,nan
17-Feb-26 10:46:00 PM AEST,nan,141.5,nan,nan,nan,nan,nan,nan,nan,nan,nan,nan
17-Feb-26 10:54:40 PM AEST,nan,nan,nan,nan,nan,nan,0.00,nan,nan,nan,nan,nan
17-Feb-26 10:56:40 PM AEST,nan,0.0,nan,nan,nan,nan,nan,nan,nan,nan,nan,nan
17-Feb-26 11:00:00 PM AEST,nan,nan,nan,0.30,nan,nan,nan,nan,nan,nan,nan,nan
17-Feb-26 11:09:10 PM AEST,14.0,nan,nan,nan,nan,nan,nan,nan,nan,nan,nan,nan
17-Feb-26 11:20:00 PM AEST,nan,99.9,nan,nan,nan,nan,1.80,nan,nan,nan,nan,nan
17-Feb-26 11:30:40 PM AEST,nan,nan,nan,nan,nan,nan,3.30,nan,nan,nan,nan,nan
17-Feb-26 11:50:00 PM AEST,nan,99.8,nan,nan,nan,nan,2.70,nan,nan,nan,nan,nan
17-Feb-26 11:58:30 PM AEST,nan,nan,nan,6553.10,nan,nan,nan,nan,nan,nan,nan,nan
18-Feb-26 12:00:00 AM AEST,nan,nan,nan,nan,nan,nan,nan,10.58,nan,nan,nan,nan
18-Feb-26 12:00:00 AM AEST,nan,nan,nan,nan,nan,nan,nan,10.37,nan,nan,nan,nan
18-Feb-26 12:00:40 AM AEST,nan,98.9,nan,nan,nan,nan,0.10,nan,nan,nan,nan,nan
18-Feb-26 12:11:20 AM AEST,nan,100.0,nan,nan,nan,nan,1.70,nan,nan,nan,nan,nan
18-Feb-26 12:22:00 AM AEST,nan,0.0,nan,nan,nan,nan,0.00,nan,nan,nan,nan,nan
18-Feb-26 12:23:55 AM AEST,nan,nan,nan,nan,nan,nan,nan,10.58,nan,nan,nan,nan
18-Feb-26 12:32:40 AM AEST,nan,97.1,nan,nan,nan,nan,0.10,nan,nan,nan,nan,nan
18-Feb-26 12:43:20 AM AEST,nan,100.1,nan,nan,nan,nan,1.20,nan,nan,nan,nan,nan
18-Feb-26 12:47:50 AM AEST,nan,nan,nan,nan,nan,nan,nan,10.37,nan,nan,nan,nan
18-Feb-26 12:54:00 AM AEST,nan,0.0,nan,nan,nan,nan,0.00,nan,nan,nan,nan,nan
18-Feb-26 12:57:00 AM AEST,nan,nan,nan,6552.90,nan,nan,nan,nan,nan,nan,nan,nan
18-Feb-26 1:04:40 AM AEST,nan,100.0,nan,nan,nan,nan,1.60,nan,nan,nan,nan,nan
18-Feb-26 1:11:45 AM AEST,nan,nan,nan,nan,nan,nan,nan,10.58,nan,nan,nan,nan
18-Feb-26 1:15:20 AM AEST,nan,0.0,nan,nan,nan,nan,0.00,nan,nan,nan,nan,nan
18-Feb-26 1:35:40 AM AEST,nan,nan,nan,nan,nan,nan,nan,10.37,nan,nan,nan,nan
18-Feb-26 1:40:00 AM AEST,nan,99.6,nan,nan,nan,nan,0.20,nan,nan,nan,nan,nan
18-Feb-26 1:50:40 AM AEST,nan,0.0,nan,nan,nan,nan,0.00,nan,nan,nan,nan,nan
18-Feb-26 1:59:35 AM AEST,nan,nan,nan,nan,nan,nan,nan,10.58,nan,nan,nan,nan
18-Feb-26 2:23:30 AM AEST,nan,nan,nan,nan,nan,nan,nan,10.37,nan,nan,nan,nan
18-Feb-26 2:47:25 AM AEST,nan,nan,nan,nan,nan,nan,nan,10.58,nan,nan,nan,nan
18-Feb-26 2:50:00 AM AEST,nan,99.9,nan,nan,nan,nan,1.70,nan,nan,nan,nan,nan
18-Feb-26 3:00:40 AM AEST,nan,0.0,nan,nan,nan,nan,0.00,nan,nan,nan,nan,nan
18-Feb-26 3:23:00 AM AEST,nan,nan,nan,nan,nan,nan,nan,10.37,nan,nan,nan,nan
18-Feb-26 4:00:00 AM AEST,nan,nan,nan,nan,nan,nan,nan,10.58,nan,nan,nan,nan
18-Feb-26 4:23:55 AM AEST,nan,nan,nan,nan,nan,nan,nan,10.37,nan,nan,nan,nan
18-Feb-26 4:40:00 AM AEST,nan,98.9,nan,nan,nan,nan,0.10,nan,nan,nan,nan,nan
18-Feb-26 4:47:50 AM AEST,nan,nan,nan,nan,nan,nan,nan,10.58,nan,nan,nan,nan
18-Feb-26 4:50:40 AM AEST,nan,0.0,nan,nan,nan,nan,0.00,nan,nan,nan,nan,nan
18-Feb-26 5:10:00 AM AEST,nan,98.9,nan,nan,nan,nan,0.10,nan,nan,nan,nan,nan
18-Feb-26 5:11:45 AM AEST,nan,nan,nan,nan,nan,nan,nan,10.37,nan,nan,nan,nan
18-Feb-26 5:20:40 AM AEST,nan,0.0,nan,nan,nan,nan,0.00,nan,nan,nan,nan,nan
18-Feb-26 5:35:40 AM AEST,nan,nan,nan,nan,nan,nan,nan,10.58,nan,nan,nan,nan
18-Feb-26 6:10:00 AM AEST,nan,99.7,nan,nan,nan,nan,0.30,nan,nan,nan,nan,nan
18-Feb-26 6:20:40 AM AEST,nan,100.0,nan,nan,nan,nan,0.90,nan,nan,nan,nan,nan
18-Feb-26 6:23:00 AM AEST,nan,nan,nan,nan,nan,nan,nan,10.37,nan,nan,nan,nan
18-Feb-26 6:31:20 AM AEST,nan,0.0,nan,nan,nan,nan,0.00,nan,nan,nan,nan,nan
18-Feb-26 6:46:55 AM AEST,nan,nan,nan,nan,nan,nan,nan,10.58,nan,nan,nan,nan
18-Feb-26 7:00:00 AM AEST,nan,97.1,nan,2.20,nan,nan,0.10,nan,nan,nan,nan,nan
18-Feb-26 7:10:40 AM AEST,nan,0.0,nan,nan,nan,nan,0.00,nan,nan,nan,nan,nan
18-Feb-26 7:10:50 AM AEST,nan,nan,nan,nan,nan,nan,nan,10.37,nan,nan,nan,nan
18-Feb-26 7:30:00 AM AEST,nan,119.5,nan,nan,nan,nan,3.40,nan,nan,nan,nan,nan
18-Feb-26 7:34:45 AM AEST,nan,nan,nan,nan,nan,nan,nan,10.58,nan,nan,nan,nan
18-Feb-26 7:40:40 AM AEST,nan,121.6,nan,nan,nan,nan,0.40,nan,nan,nan,nan,nan
18-Feb-26 7:51:20 AM AEST,nan,119.7,nan,nan,nan,nan,0.10,nan,nan,nan,nan,nan
18-Feb-26 7:58:30 AM AEST,nan,nan,nan,9.50,nan,nan,nan,nan,nan,nan,nan,nan
18-Feb-26 8:02:00 AM AEST,nan,197.8,nan,nan,nan,nan,3.90,nan,nan,nan,nan,nan
18-Feb-26 8:12:40 AM AEST,nan,82.3,nan,nan,nan,nan,4.10,nan,nan,nan,nan,nan
18-Feb-26 8:23:20 AM AEST,nan,56.1,nan,nan,nan,nan,3.10,nan,nan,nan,nan,nan
18-Feb-26 8:34:00 AM AEST,nan,159.9,nan,nan,nan,nan,4.40,nan,nan,nan,nan,nan
18-Feb-26 8:44:40 AM AEST,nan,202.1,nan,nan,nan,nan,0.50,nan,nan,nan,nan,nan
18-Feb-26 8:46:00 AM AEST,nan,nan,nan,nan,nan,nan,nan,10.37,nan,nan,nan,nan
18-Feb-26 8:46:00 AM AEST,nan,nan,nan,nan,nan,nan,nan,10.58,nan,nan,nan,nan
18-Feb-26 8:50:52 AM AEST,nan,nan,nan,nan,1.30,nan,nan,nan,117.70,56.10,18.90,nan
18-Feb-26 8:50:54 AM AEST,nan,nan,59.0,nan,nan,1.37,nan,nan,nan,nan,nan,nan
18-Feb-26 8:57:00 AM AEST,nan,nan,nan,31.10,nan,nan,nan,nan,nan,nan,nan,nan
18-Feb-26 9:00:00 AM AEST,0.0,125.9,nan,nan,nan,nan,0.40,nan,nan,nan,nan,nan
18-Feb-26 9:09:55 AM AEST,nan,nan,nan,nan,nan,nan,nan,10.37,nan,nan,nan,nan
18-Feb-26 9:10:40 AM AEST,nan,146.2,nan,nan,nan,nan,2.40,nan,nan,nan,nan,nan
18-Feb-26 9:21:20 AM AEST,nan,178.4,nan,nan,nan,nan,7.50,nan,nan,nan,nan,nan
18-Feb-26 9:40:00 AM AEST,nan,168.3,nan,nan,nan,nan,5.10,nan,nan,nan,nan,nan
18-Feb-26 9:50:40 AM AEST,nan,133.0,nan,nan,nan,nan,7.20,nan,nan,nan,nan,nan
18-Feb-26 9:55:30 AM AEST,nan,nan,nan,45.30,nan,nan,nan,nan,nan,nan,nan,nan
18-Feb-26 10:01:20 AM AEST,nan,162.5,nan,nan,nan,nan,6.60,nan,nan,nan,nan,nan
18-Feb-26 10:12:00 AM AEST,nan,196.4,nan,nan,nan,nan,7.10,nan,nan,nan,nan,nan
18-Feb-26 10:22:40 AM AEST,nan,210.6,nan,nan,nan,nan,4.50,nan,nan,nan,nan,nan
18-Feb-26 10:33:20 AM AEST,nan,179.3,nan,nan,nan,nan,nan,nan,nan,nan,nan,nan
18-Feb-26 10:44:00 AM AEST,nan,193.3,nan,nan,nan,nan,nan,nan,nan,nan,nan,nan
18-Feb-26 10:50:00 AM AEST,nan,nan,nan,nan,nan,nan,8.30,nan,nan,nan,nan,nan
18-Feb-26 10:54:00 AM AEST,nan,nan,nan,54.90,nan,nan,nan,nan,nan,nan,nan,nan
18-Feb-26 10:54:40 AM AEST,nan,174.5,nan,nan,nan,nan,nan,nan,nan,nan,nan,nan
18-Feb-26 11:00:00 AM AEST,nan,nan,nan,nan,nan,nan,nan,10.58,nan,nan,nan,nan
18-Feb-26 11:00:00 AM AEST,nan,nan,nan,nan,nan,nan,nan,10.37,nan,nan,nan,nan
18-Feb-26 11:00:40 AM AEST,nan,nan,nan,nan,nan,nan,7.60,nan,nan,nan,nan,nan
18-Feb-26 11:05:20 AM AEST,nan,211.8,nan,nan,nan,nan,nan,nan,nan,nan,nan,nan
18-Feb-26 11:11:20 AM AEST,nan,nan,nan,nan,nan,nan,6.80,nan,nan,nan,nan,nan
18-Feb-26 11:16:00 AM AEST,nan,228.9,nan,nan,nan,nan,nan,nan,nan,nan,nan,nan
18-Feb-26 11:22:00 AM AEST,nan,nan,nan,nan,nan,nan,7.30,nan,nan,nan,nan,nan
18-Feb-26 11:26:40 AM AEST,nan,191.7,nan,nan,nan,nan,nan,nan,nan,nan,nan,nan
18-Feb-26 11:50:00 AM AEST,nan,155.2,nan,nan,nan,nan,7.10,nan,nan,nan,nan,nan
18-Feb-26 11:52:30 AM AEST,nan,nan,nan,61.70,nan,nan,nan,nan,nan,nan,nan,nan
18-Feb-26 12:00:00 PM AEST,nan,nan,nan,nan,nan,nan,nan,10.58,nan,nan,nan,nan
18-Feb-26 12:00:00 PM AEST,nan,nan,nan,nan,nan,nan,nan,10.37,nan,nan,nan,nan
18-Feb-26 12:00:40 PM AEST,nan,206.6,nan,nan,nan,nan,3.20,nan,nan,nan,nan,nan
18-Feb-26 12:11:20 PM AEST,nan,110.5,nan,nan,nan,nan,7.10,nan,nan,nan,nan,nan
18-Feb-26 12:22:00 PM AEST,nan,151.6,nan,nan,nan,nan,3.20,nan,nan,nan,nan,nan
18-Feb-26 12:23:55 PM AEST,nan,nan,nan,nan,nan,nan,nan,10.58,nan,nan,nan,nan
18-Feb-26 12:23:55 PM AEST,nan,nan,nan,nan,nan,nan,nan,10.37,nan,nan,nan,nan
18-Feb-26 12:23:55 PM AEST,nan,nan,nan,nan,nan,nan,nan,10.58,nan,nan,nan,nan
18-Feb-26 12:32:40 PM AEST,nan,190.9,nan,nan,nan,nan,9.70,nan,nan,nan,nan,nan
18-Feb-26 12:43:20 PM AEST,nan,199.6,nan,nan,nan,nan,5.10,nan,nan,nan,nan,nan
18-Feb-26 12:47:50 PM AEST,nan,nan,nan,nan,nan,nan,nan,10.37,nan,nan,nan,nan
18-Feb-26 12:51:00 PM AEST,nan,nan,nan,63.90,nan,nan,nan,nan,nan,nan,nan,nan
18-Feb-26 12:54:00 PM AEST,nan,184.0,nan,nan,nan,nan,8.00,nan,nan,nan,nan,nan
18-Feb-26 1:04:40 PM AEST,nan,187.0,nan,nan,nan,nan,3.50,nan,nan,nan,nan,nan
18-Feb-26 1:11:45 PM AEST,nan,nan,nan,nan,nan,nan,nan,10.58,nan,nan,nan,nan
18-Feb-26 1:15:20 PM AEST,nan,186.5,nan,nan,nan,nan,6.30,nan,nan,nan,nan,nan
18-Feb-26 1:26:00 PM AEST,nan,200.1,nan,nan,nan,nan,6.90,nan,nan,nan,nan,nan
18-Feb-26 1:35:40 PM AEST,nan,nan,nan,nan,nan,nan,nan,10.37,nan,nan,nan,nan
18-Feb-26 1:36:40 PM AEST,nan,245.4,nan,nan,nan,nan,9.70,nan,nan,nan,nan,nan
18-Feb-26 1:49:30 PM AEST,nan,nan,nan,64.80,nan,nan,nan,nan,nan,nan,nan,nan
18-Feb-26 1:50:00 PM AEST,nan,110.7,nan,nan,nan,nan,3.80,nan,nan,nan,nan,nan
18-Feb-26 1:59:35 PM AEST,nan,nan,nan,nan,nan,nan,nan,10.58,nan,nan,nan,nan
18-Feb-26 2:00:40 PM AEST,nan,147.3,nan,nan,nan,nan,5.40,nan,nan,nan,nan,nan
18-Feb-26 2:11:20 PM AEST,nan,257.9,nan,nan,nan,nan,3.40,nan,nan,nan,nan,nan
18-Feb-26 2:22:00 PM AEST,nan,153.4,nan,nan,nan,nan,nan,nan,nan,nan,nan,nan
18-Feb-26 2:23:30 PM AEST,nan,nan,nan,nan,nan,nan,nan,10.37,nan,nan,nan,nan
18-Feb-26 2:30:00 PM AEST,nan,nan,nan,nan,nan,nan,0.50,nan,nan,nan,nan,nan
18-Feb-26 2:32:40 PM AEST,nan,105.7,nan,nan,nan,nan,nan,nan,nan,nan,nan,nan
18-Feb-26 2:40:40 PM AEST,nan,nan,nan,nan,nan,nan,3.90,nan,nan,nan,nan,nan
18-Feb-26 2:43:20 PM AEST,nan,106.4,nan,nan,nan,nan,nan,nan,nan,nan,nan,nan
18-Feb-26 2:47:25 PM AEST,nan,nan,nan,nan,nan,nan,nan,10.15,nan,nan,nan,nan
18-Feb-26 2:48:00 PM AEST,nan,nan,nan,46.60,nan,nan,nan,nan,nan,nan,nan,nan
18-Feb-26 2:51:20 PM AEST,nan,nan,nan,nan,nan,nan,2.10,nan,nan,nan,nan,nan
18-Feb-26 3:00:00 PM AEST,nan,138.9,nan,nan,nan,nan,nan,nan,nan,nan,nan,nan
18-Feb-26 3:02:00 PM AEST,nan,nan,nan,nan,nan,nan,4.90,nan,nan,nan,nan,nan
18-Feb-26 3:10:40 PM AEST,nan,153.8,nan,nan,nan,nan,nan,nan,nan,nan,nan,nan
18-Feb-26 3:11:20 PM AEST,nan,nan,nan,nan,nan,nan,nan,10.37,nan,nan,nan,nan
18-Feb-26 3:12:40 PM AEST,nan,nan,nan,nan,nan,nan,4.60,nan,nan,nan,nan,nan
18-Feb-26 3:21:20 PM AEST,nan,116.5,nan,nan,nan,nan,nan,nan,nan,nan,nan,nan
18-Feb-26 3:23:20 PM AEST,nan,nan,nan,nan,nan,nan,3.30,nan,nan,nan,nan,nan
18-Feb-26 3:32:00 PM AEST,nan,145.9,nan,nan,nan,nan,nan,nan,nan,nan,nan,nan
18-Feb-26 3:34:00 PM AEST,nan,nan,nan,nan,nan,nan,0.50,nan,nan,nan,nan,nan
18-Feb-26 3:35:15 PM AEST,nan,nan,nan,nan,nan,nan,nan,10.58,nan,nan,nan,nan
18-Feb-26 3:35:15 PM AEST,nan,nan,nan,nan,nan,nan,nan,10.15,nan,nan,nan,nan
18-Feb-26 3:42:40 PM AEST,nan,217.6,nan,nan,nan,nan,nan,nan,nan,nan,nan,nan
18-Feb-26 3:44:40 PM AEST,nan,nan,nan,nan,nan,nan,0.10,nan,nan,nan,nan,nan
18-Feb-26 3:46:30 PM AEST,nan,nan,nan,12.40,nan,nan,nan,nan,nan,nan,nan,nan
18-Feb-26 3:53:20 PM AEST,nan,132.5,nan,nan,nan,nan,nan,nan,nan,nan,nan,nan
18-Feb-26 3:59:10 PM AEST,nan,nan,nan,nan,nan,nan,nan,10.37,nan,nan,nan,nan
18-Feb-26 4:10:00 PM AEST,nan,0.0,nan,nan,nan,nan,0.00,nan,nan,nan,nan,nan
18-Feb-26 4:40:00 PM AEST,nan,132.6,nan,nan,nan,nan,0.80,nan,nan,nan,nan,nan
18-Feb-26 4:45:00 PM AEST,nan,nan,nan,11.50,nan,nan,nan,nan,nan,nan,nan,nan
18-Feb-26 4:46:00 PM AEST,nan,nan,nan,nan,nan,nan,nan,10.58,nan,nan,nan,nan
18-Feb-26 4:50:40 PM AEST,nan,132.5,nan,nan,nan,nan,0.10,nan,nan,nan,nan,nan
18-Feb-26 5:01:20 PM AEST,nan,0.0,nan,nan,nan,nan,0.00,nan,nan,nan,nan,nan
18-Feb-26 5:09:55 PM AEST,nan,nan,nan,nan,nan,nan,nan,10.37,nan,nan,nan,nan
18-Feb-26 5:09:55 PM AEST,nan,nan,nan,nan,nan,nan,nan,10.58,nan,nan,nan,nan
18-Feb-26 5:12:00 PM AEST,nan,129.5,nan,nan,nan,nan,2.20,nan,nan,nan,nan,nan
18-Feb-26 5:22:40 PM AEST,nan,151.2,nan,nan,nan,nan,3.40,nan,nan,nan,nan,nan
18-Feb-26 5:33:20 PM AEST,nan,165.0,nan,nan,nan,nan,2.20,nan,nan,nan,nan,nan
18-Feb-26 5:33:50 PM AEST,nan,nan,nan,nan,nan,nan,nan,10.37,nan,nan,nan,nan
18-Feb-26 5:43:30 PM AEST,nan,nan,nan,7.00,nan,nan,nan,nan,nan,nan,nan,nan
18-Feb-26 5:44:00 PM AEST,nan,114.3,nan,nan,nan,nan,nan,nan,nan,nan,nan,nan
18-Feb-26 5:54:40 PM AEST,nan,0.0,nan,nan,nan,nan,nan,nan,nan,nan,nan,nan
18-Feb-26 6:00:00 PM AEST,nan,nan,nan,nan,nan,nan,0.00,nan,nan,nan,nan,nan
18-Feb-26 6:20:00 PM AEST,nan,113.8,nan,nan,nan,nan,2.30,nan,nan,nan,nan,nan
18-Feb-26 6:30:40 PM AEST,nan,0.0,nan,nan,nan,nan,0.00,nan,nan,nan,nan,nan
18-Feb-26 6:41:20 PM AEST,nan,113.9,nan,nan,nan,nan,1.10,nan,nan,nan,nan,nan
18-Feb-26 6:42:00 PM AEST,nan,nan,nan,0.50,nan,nan,nan,nan,nan,nan,nan,nan
18-Feb-26 6:52:00 PM AEST,nan,0.0,nan,nan,nan,nan,0.00,nan,nan,nan,nan,nan
18-Feb-26 7:10:00 PM AEST,nan,nan,nan,nan,nan,nan,1.10,nan,nan,nan,nan,nan
18-Feb-26 7:20:00 PM AEST,nan,113.8,nan,nan,nan,nan,nan,nan,nan,nan,nan,nan
18-Feb-26 7:23:00 PM AEST,nan,nan,nan,nan,nan,nan,nan,10.58,nan,nan,nan,nan
18-Feb-26 7:23:00 PM AEST,nan,nan,nan,nan,nan,nan,nan,10.37,nan,nan,nan,nan
18-Feb-26 7:30:00 PM AEST,nan,nan,nan,nan,nan,nan,2.40,nan,nan,nan,nan,nan
18-Feb-26 7:30:40 PM AEST,nan,135.7,nan,nan,nan,nan,nan,nan,nan,nan,nan,nan
18-Feb-26 7:40:30 PM AEST,nan,nan,nan,6553.40,nan,nan,nan,nan,nan,nan,nan,nan
18-Feb-26 7:40:40 PM AEST,nan,nan,nan,nan,nan,nan,2.50,nan,nan,nan,nan,nan
18-Feb-26 7:41:20 PM AEST,nan,132.3,nan,nan,nan,nan,nan,nan,nan,nan,nan,nan
18-Feb-26 7:51:20 PM AEST,nan,nan,nan,nan,nan,nan,2.10,nan,nan,nan,nan,nan
18-Feb-26 7:52:00 PM AEST,nan,157.4,nan,nan,nan,nan,nan,nan,nan,nan,nan,nan
18-Feb-26 8:00:00 PM AEST,2.4,nan,nan,nan,nan,nan,nan,nan,nan,nan,nan,nan
18-Feb-26 8:00:00 PM AEST,7.6,nan,nan,nan,nan,nan,nan,nan,nan,nan,nan,nan
18-Feb-26 8:02:00 PM AEST,nan,nan,nan,nan,nan,nan,0.90,nan,nan,nan,nan,nan
18-Feb-26 8:02:40 PM AEST,nan,103.0,nan,nan,nan,nan,nan,nan,nan,nan,nan,nan
18-Feb-26 8:12:40 PM AEST,nan,nan,nan,nan,nan,nan,9.60,nan,nan,nan,nan,nan
18-Feb-26 8:13:20 PM AEST,nan,185.5,nan,nan,nan,nan,nan,nan,nan,nan,nan,nan
18-Feb-26 8:23:20 PM AEST,nan,nan,nan,nan,nan,nan,2.10,nan,nan,nan,nan,nan
18-Feb-26 8:24:00 PM AEST,nan,148.4,nan,nan,nan,nan,nan,nan,nan,nan,nan,nan
18-Feb-26 8:34:00 PM AEST,nan,nan,nan,nan,nan,nan,0.00,nan,nan,nan,nan,nan
18-Feb-26 8:34:35 PM AEST,8.2,nan,nan,nan,nan,nan,nan,nan,nan,nan,nan,nan
18-Feb-26 8:34:35 PM AEST,10.8,nan,nan,nan,nan,nan,nan,nan,nan,nan,nan,nan
18-Feb-26 8:34:40 PM AEST,nan,0.0,nan,nan,nan,nan,nan,nan,nan,nan,nan,nan
18-Feb-26 8:39:00 PM AEST,nan,nan,nan,0.00,nan,nan,nan,nan,nan,nan,nan,nan
18-Feb-26 8:44:40 PM AEST,nan,nan,nan,nan,nan,nan,1.60,nan,nan,nan,nan,nan
18-Feb-26 8:45:20 PM AEST,nan,146.4,nan,nan,nan,nan,nan,nan,nan,nan,nan,nan
18-Feb-26 8:56:00 PM AEST,nan,205.8,nan,nan,nan,nan,nan,nan,nan,nan,nan,nan
18-Feb-26 9:00:00 PM AEST,nan,nan,nan,nan,nan,nan,3.50,nan,nan,nan,nan,nan
18-Feb-26 9:06:40 PM AEST,nan,167.9,nan,nan,nan,nan,nan,nan,nan,nan,nan,nan
18-Feb-26 9:09:10 PM AEST,13.6,nan,nan,nan,nan,nan,nan,nan,nan,nan,nan,nan
18-Feb-26 9:09:10 PM AEST,16.4,nan,nan,nan,nan,nan,nan,nan,nan,nan,nan,nan
18-Feb-26 9:09:10 PM AEST,21.4,nan,nan,nan,nan,nan,nan,nan,nan,nan,nan,nan
18-Feb-26 9:10:40 PM AEST,nan,nan,nan,nan,nan,nan,1.50,nan,nan,nan,nan,nan
18-Feb-26 9:17:20 PM AEST,nan,104.2,nan,nan,nan,nan,nan,nan,nan,nan,nan,nan
18-Feb-26 9:21:20 PM AEST,nan,nan,nan,nan,nan,nan,5.40,nan,nan,nan,nan,nan
18-Feb-26 9:32:00 PM AEST,nan,nan,nan,nan,nan,nan,5.60,nan,nan,nan,nan,nan
18-Feb-26 9:40:00 PM AEST,nan,137.4,nan,nan,nan,nan,nan,nan,nan,nan,nan,nan
18-Feb-26 9:42:40 PM AEST,nan,nan,nan,nan,nan,nan,3.70,nan,nan,nan,nan,nan
18-Feb-26 9:43:45 PM AEST,28.0,nan,nan,nan,nan,nan,nan,nan,nan,nan,nan,nan
18-Feb-26 9:43:45 PM AEST,33.0,nan,nan,nan,nan,nan,nan,nan,nan,nan,nan,nan
18-Feb-26 9:43:45 PM AEST,38.4,nan,nan,nan,nan,nan,nan,nan,nan,nan,nan,nan
18-Feb-26 9:50:40 PM AEST,nan,194.5,nan,nan,nan,nan,nan,nan,nan,nan,nan,nan
18-Feb-26 9:53:20 PM AEST,nan,nan,nan,nan,nan,nan,1.30,nan,nan,nan,nan,nan
18-Feb-26 10:01:20 PM AEST,nan,194.2,nan,nan,nan,nan,nan,nan,nan,nan,nan,nan
18-Feb-26 10:10:00 PM AEST,nan,nan,nan,nan,nan,nan,4.10,nan,nan,nan,nan,nan
18-Feb-26 10:12:00 PM AEST,nan,147.8,nan,nan,nan,nan,nan,nan,nan,nan,nan,nan
18-Feb-26 10:18:20 PM AEST,44.4,nan,nan,nan,nan,nan,nan,nan,nan,nan,nan,nan
18-Feb-26 10:18:20 PM AEST,46.8,nan,nan,nan,nan,nan,nan,nan,nan,nan,nan,nan
18-Feb-26 10:18:20 PM AEST,48.6,nan,nan,nan,nan,nan,nan,nan,nan,nan,nan,nan
18-Feb-26 10:20:40 PM AEST,nan,nan,nan,nan,nan,nan,0.90,nan,nan,nan,nan,nan
18-Feb-26 10:22:40 PM AEST,nan,162.5,nan,nan,nan,nan,nan,nan,nan,nan,nan,nan
18-Feb-26 10:23:00 PM AEST,nan,nan,nan,nan,nan,nan,nan,10.58,nan,nan,nan,nan
18-Feb-26 10:31:20 PM AEST,nan,nan,nan,nan,nan,nan,3.10,nan,nan,nan,nan,nan
18-Feb-26 10:33:20 PM AEST,nan,71.8,nan,nan,nan,nan,nan,nan,nan,nan,nan,nan
18-Feb-26 10:42:00 PM AEST,nan,nan,nan,nan,nan,nan,0.50,nan,nan,nan,nan,nan
18-Feb-26 10:44:00 PM AEST,nan,72.0,nan,nan,nan,nan,nan,nan,nan,nan,nan,nan
18-Feb-26 10:46:55 PM AEST,nan,nan,nan,nan,nan,nan,nan,10.37,nan,nan,nan,nan
18-Feb-26 10:46:55 PM AEST,nan,nan,nan,nan,nan,nan,nan,10.58,nan,nan,nan,nan
18-Feb-26 10:52:40 PM AEST,nan,nan,nan,nan,nan,nan,4.50,nan,nan,nan,nan,nan
18-Feb-26 10:52:55 PM AEST,50.0,nan,nan,nan,nan,nan,nan,nan,nan,nan,nan,nan
18-Feb-26 10:52:55 PM AEST,50.8,nan,nan,nan,nan,nan,nan,nan,nan,nan,nan,nan
18-Feb-26 10:52:55 PM AEST,54.6,nan,nan,nan,nan,nan,nan,nan,nan,nan,nan,nan
18-Feb-26 10:54:40 PM AEST,nan,13.8,nan,nan,nan,nan,nan,nan,nan,nan,nan,nan
18-Feb-26 11:00:00 PM AEST,nan,nan,nan,6553.20,nan,nan,nan,nan,nan,nan,nan,nan
18-Feb-26 11:03:20 PM AEST,nan,nan,nan,nan,nan,nan,1.70,nan,nan,nan,nan,nan
18-Feb-26 11:05:20 PM AEST,nan,89.9,nan,nan,nan,nan,nan,nan,nan,nan,nan,nan
18-Feb-26 11:10:50 PM AEST,nan,nan,nan,nan,nan,nan,nan,10.37,nan,nan,nan,nan
18-Feb-26 11:14:00 PM AEST,nan,nan,nan,nan,nan,nan,3.20,nan,nan,nan,nan,nan
18-Feb-26 11:16:00 PM AEST,nan,149.0,nan,nan,nan,nan,nan,nan,nan,nan,nan,nan
18-Feb-26 11:24:40 PM AEST,nan,nan,nan,nan,nan,nan,1.90,nan,nan,nan,nan,nan
18-Feb-26 11:26:40 PM AEST,nan,86.2,nan,nan,nan,nan,nan,nan,nan,nan,nan,nan
18-Feb-26 11:27:30 PM AEST,59.4,nan,nan,nan,nan,nan,nan,nan,nan,nan,nan,nan
18-Feb-26 11:27:30 PM AEST,71.2,nan,nan,nan,nan,nan,nan,nan,nan,nan,nan,nan
18-Feb-26 11:27:30 PM AEST,74.8,nan,nan,nan,nan,nan,nan,nan,nan,nan,nan,nan
18-Feb-26 11:40:00 PM AEST,nan,30.3,nan,nan,nan,nan,6.20,nan,nan,nan,nan,nan
18-Feb-26 11:50:40 PM AEST,nan,296.3,nan,nan,nan,nan,2.60,nan,nan,nan,nan,nan
18-Feb-26 11:58:30 PM AEST,nan,nan,nan,6553.30,nan,nan,nan,nan,nan,nan,nan,nan
19-Feb-26 12:00:00 AM AEST,nan,nan,nan,nan,nan,nan,nan,10.58,nan,nan,nan,nan
19-Feb-26 12:01:20 AM AEST,nan,260.4,nan,nan,nan,nan,3.20,nan,nan,nan,nan,nan
19-Feb-26 12:02:05 AM AEST,77.4,nan,nan,nan,nan,nan,nan,nan,nan,nan,nan,nan
19-Feb-26 12:02:05 AM AEST,86.6,nan,nan,nan,nan,nan,nan,nan,nan,nan,nan,nan
19-Feb-26 12:02:05 AM AEST,96.4,nan,nan,nan,nan,nan,nan,nan,nan,nan,nan,nan
19-Feb-26 12:20:00 AM AEST,nan,116.6,nan,nan,nan,nan,5.50,nan,nan,nan,nan,nan
19-Feb-26 12:23:55 AM AEST,nan,nan,nan,nan,nan,nan,nan,10.37,nan,nan,nan,nan
19-Feb-26 12:30:40 AM AEST,nan,89.0,nan,nan,nan,nan,8.60,nan,nan,nan,nan,nan
19-Feb-26 12:36:40 AM AEST,100.4,nan,nan,nan,nan,nan,nan,nan,nan,nan,nan,nan
19-Feb-26 12:36:40 AM AEST,101.8,nan,nan,nan,nan,nan,nan,nan,nan,nan,nan,nan
19-Feb-26 12:36:40 AM AEST,103.6,nan,nan,nan,nan,nan,nan,nan,nan,nan,nan,nan
19-Feb-26 12:41:20 AM AEST,nan,123.5,nan,nan,nan,nan,1.90,nan,nan,nan,nan,nan
19-Feb-26 12:52:00 AM AEST,nan,0.0,nan,nan,nan,nan,0.00,nan,nan,nan,nan,nan
19-Feb-26 12:57:00 AM AEST,nan,nan,nan,6553.40,nan,nan,nan,nan,nan,nan,nan,nan
19-Feb-26 1:11:15 AM AEST,107.2,nan,nan,nan,nan,nan,nan,nan,nan,nan,nan,nan
19-Feb-26 1:11:15 AM AEST,109.2,nan,nan,nan,nan,nan,nan,nan,nan,nan,nan,nan
19-Feb-26 1:11:15 AM AEST,112.6,nan,nan,nan,nan,nan,nan,nan,nan,nan,nan,nan
19-Feb-26 1:23:00 AM AEST,nan,nan,nan,nan,nan,nan,nan,10.58,nan,nan,nan,nan
19-Feb-26 1:45:50 AM AEST,116.8,nan,nan,nan,nan,nan,nan,nan,nan,nan,nan,nan
19-Feb-26 1:45:50 AM AEST,118.6,nan,nan,nan,nan,nan,nan,nan,nan,nan,nan,nan
19-Feb-26 1:45:50 AM AEST,119.4,nan,nan,nan,nan,nan,nan,nan,nan,nan,nan,nan
19-Feb-26 1:50:00 AM AEST,nan,33.6,nan,nan,nan,nan,0.60,nan,nan,nan,nan,nan
19-Feb-26 1:55:30 AM AEST,nan,nan,nan,6552.90,nan,nan,nan,nan,nan,nan,nan,nan
19-Feb-26 2:00:00 AM AEST,nan,nan,nan,nan,nan,nan,nan,10.37,nan,nan,nan,nan
19-Feb-26 2:00:40 AM AEST,nan,33.5,nan,nan,nan,nan,1.60,nan,nan,nan,nan,nan
19-Feb-26 2:11:20 AM AEST,nan,33.6,nan,nan,nan,nan,2.40,nan,nan,nan,nan,nan
19-Feb-26 2:22:00 AM AEST,nan,0.0,nan,nan,nan,nan,0.00,nan,nan,nan,nan,nan
19-Feb-26 2:23:55 AM AEST,nan,nan,nan,nan,nan,nan,nan,10.58,nan,nan,nan,nan
19-Feb-26 2:32:40 AM AEST,nan,33.7,nan,nan,nan,nan,0.10,nan,nan,nan,nan,nan
19-Feb-26 2:43:20 AM AEST,nan,0.0,nan,nan,nan,nan,0.00,nan,nan,nan,nan,nan
19-Feb-26 2:47:50 AM AEST,nan,nan,nan,nan,nan,nan,nan,10.37,nan,nan,nan,nan
19-Feb-26 3:23:00 AM AEST,nan,nan,nan,nan,nan,nan,nan,10.58,nan,nan,nan,nan
19-Feb-26 3:30:00 AM AEST,nan,44.3,nan,nan,nan,nan,0.40,nan,nan,nan,nan,nan
19-Feb-26 3:40:40 AM AEST,nan,0.0,nan,nan,nan,nan,0.00,nan,nan,nan,nan,nan
19-Feb-26 3:46:55 AM AEST,nan,nan,nan,nan,nan,nan,nan,10.37,nan,nan,nan,nan
19-Feb-26 3:51:20 AM AEST,nan,44.1,nan,nan,nan,nan,1.00,nan,nan,nan,nan,nan
19-Feb-26 4:10:00 AM AEST,nan,0.0,nan,nan,nan,nan,0.00,nan,nan,nan,nan,nan
19-Feb-26 4:10:50 AM AEST,nan,nan,nan,nan,nan,nan,nan,10.58,nan,nan,nan,nan
19-Feb-26 4:10:50 AM AEST,nan,nan,nan,nan,nan,nan,nan,10.37,nan,nan,nan,nan
19-Feb-26 5:00:00 AM AEST,119.6,nan,nan,nan,nan,nan,nan,10.58,nan,nan,nan,nan
19-Feb-26 5:00:00 AM AEST,119.6,nan,nan,nan,nan,nan,nan,10.37,nan,nan,nan,nan
19-Feb-26 5:20:00 AM AEST,nan,44.2,nan,nan,nan,nan,0.50,nan,nan,nan,nan,nan
19-Feb-26 5:23:55 AM AEST,nan,nan,nan,nan,nan,nan,nan,10.58,nan,nan,nan,nan
19-Feb-26 5:23:55 AM AEST,nan,nan,nan,nan,nan,nan,nan,10.37,nan,nan,nan,nan
19-Feb-26 5:40:00 AM AEST,nan,44.5,nan,nan,nan,nan,0.30,nan,nan,nan,nan,nan
19-Feb-26 5:50:40 AM AEST,nan,44.4,nan,nan,nan,nan,0.20,nan,nan,nan,nan,nan
19-Feb-26 6:01:20 AM AEST,nan,0.0,nan,nan,nan,nan,0.00,nan,nan,nan,nan,nan
19-Feb-26 6:30:00 AM AEST,nan,44.1,nan,nan,nan,nan,0.50,nan,nan,nan,nan,nan
19-Feb-26 6:40:40 AM AEST,nan,0.0,nan,nan,nan,nan,0.00,nan,nan,nan,nan,nan
19-Feb-26 7:00:00 AM AEST,nan,nan,nan,1.80,nan,nan,nan,10.58,nan,nan,nan,nan
19-Feb-26 7:10:00 AM AEST,nan,45.0,nan,nan,nan,nan,0.10,nan,nan,nan,nan,nan
19-Feb-26 7:20:40 AM AEST,nan,63.4,nan,nan,nan,nan,2.20,nan,nan,nan,nan,nan
19-Feb-26 7:31:20 AM AEST,nan,33.8,nan,nan,nan,nan,3.20,nan,nan,nan,nan,nan
19-Feb-26 7:34:00 AM AEST,121.8,nan,nan,nan,nan,nan,nan,nan,nan,nan,nan,nan
19-Feb-26 7:46:00 AM AEST,nan,nan,nan,nan,nan,nan,nan,10.37,nan,nan,nan,nan
19-Feb-26 7:46:00 AM AEST,nan,nan,nan,nan,nan,nan,nan,10.58,nan,nan,nan,nan
19-Feb-26 7:50:00 AM AEST,nan,66.4,nan,nan,nan,nan,3.40,nan,nan,nan,nan,nan
19-Feb-26 7:58:30 AM AEST,nan,nan,nan,9.10,nan,nan,nan,nan,nan,nan,nan,nan
19-Feb-26 8:00:40 AM AEST,nan,91.7,nan,nan,nan,nan,1.80,nan,nan,nan,nan,nan
19-Feb-26 8:08:35 AM AEST,122.0,nan,nan,nan,nan,nan,nan,nan,nan,nan,nan,nan
19-Feb-26 8:09:55 AM AEST,nan,nan,nan,nan,nan,nan,nan,10.37,nan,nan,nan,nan
19-Feb-26 8:11:20 AM AEST,nan,0.0,nan,nan,nan,nan,0.00,nan,nan,nan,nan,nan
19-Feb-26 8:22:00 AM AEST,nan,91.2,nan,nan,nan,nan,1.40,nan,nan,nan,nan,nan
19-Feb-26 8:32:40 AM AEST,nan,102.9,nan,nan,nan,nan,0.20,nan,nan,nan,nan,nan
19-Feb-26 8:33:50 AM AEST,nan,nan,nan,nan,nan,nan,nan,10.58,nan,nan,nan,nan
19-Feb-26 8:43:10 AM AEST,0.0,nan,nan,nan,nan,nan,nan,nan,nan,nan,nan,nan
19-Feb-26 8:43:20 AM AEST,nan,103.1,nan,nan,nan,nan,0.70,nan,nan,nan,nan,nan
19-Feb-26 8:46:18 AM AEST,nan,nan,nan,nan,1.70,nan,nan,nan,111.00,63.50,21.30,nan
19-Feb-26 8:46:18 AM AEST,nan,nan,nan,nan,1.70,nan,nan,nan,111.00,63.50,21.30,nan
19-Feb-26 8:46:21 AM AEST,nan,nan,62.5,nan,nan,1.53,nan,nan,nan,nan,nan,nan
19-Feb-26 8:46:21 AM AEST,nan,nan,62.5,nan,nan,1.53,nan,nan,nan,nan,nan,nan
19-Feb-26 8:54:00 AM AEST,nan,102.3,nan,nan,nan,nan,0.10,nan,nan,nan,nan,nan
19-Feb-26 8:57:00 AM AEST,nan,nan,nan,9.80,nan,nan,nan,nan,nan,nan,nan,nan
19-Feb-26 8:57:45 AM AEST,nan,nan,nan,nan,nan,nan,nan,10.37,nan,nan,nan,nan
19-Feb-26 8:57:45 AM AEST,nan,nan,nan,nan,nan,nan,nan,10.58,nan,nan,nan,nan
19-Feb-26 9:04:40 AM AEST,nan,0.0,nan,nan,nan,nan,0.00,nan,nan,nan,nan,nan
19-Feb-26 9:15:20 AM AEST,nan,103.1,nan,nan,nan,nan,1.20,nan,nan,nan,nan,nan
19-Feb-26 9:30:00 AM AEST,nan,nan,nan,nan,nan,nan,0.80,nan,nan,nan,nan,nan
19-Feb-26 9:40:00 AM AEST,nan,0.0,nan,nan,nan,nan,nan,nan,nan,nan,nan,nan
19-Feb-26 9:40:40 AM AEST,nan,nan,nan,nan,nan,nan,0.00,nan,nan,nan,nan,nan
19-Feb-26 9:50:40 AM AEST,nan,102.9,nan,nan,nan,nan,nan,nan,nan,nan,nan,nan
19-Feb-26 9:51:20 AM AEST,nan,nan,nan,nan,nan,nan,1.30,nan,nan,nan,nan,nan
19-Feb-26 9:55:30 AM AEST,nan,nan,nan,23.00,nan,nan,nan,nan,nan,nan,nan,nan
19-Feb-26 10:10:00 AM AEST,nan,0.0,nan,nan,nan,nan,0.00,nan,nan,nan,nan,nan
19-Feb-26 10:20:40 AM AEST,nan,137.4,nan,nan,nan,nan,1.20,nan,nan,nan,nan,nan
19-Feb-26 10:23:00 AM AEST,nan,nan,nan,nan,nan,nan,nan,10.37,nan,nan,nan,nan
19-Feb-26 10:31:20 AM AEST,nan,146.8,nan,nan,nan,nan,1.70,nan,nan,nan,nan,nan
19-Feb-26 10:42:00 AM AEST,nan,145.1,nan,nan,nan,nan,2.50,nan,nan,nan,nan,nan
19-Feb-26 10:46:55 AM AEST,nan,nan,nan,nan,nan,nan,nan,10.58,nan,nan,nan,nan
19-Feb-26 10:52:40 AM AEST,nan,137.3,nan,nan,nan,nan,2.60,nan,nan,nan,nan,nan
19-Feb-26 10:54:00 AM AEST,nan,nan,nan,33.50,nan,nan,nan,nan,nan,nan,nan,nan
19-Feb-26 10:54:00 AM AEST,nan,nan,nan,33.50,nan,nan,nan,nan,nan,nan,nan,nan
19-Feb-26 11:03:20 AM AEST,nan,161.4,nan,nan,nan,nan,4.40,nan,nan,nan,nan,nan
19-Feb-26 11:10:50 AM AEST,nan,nan,nan,nan,nan,nan,nan,10.37,nan,nan,nan,nan
19-Feb-26 11:14:00 AM AEST,nan,145.9,nan,nan,nan,nan,3.20,nan,nan,nan,nan,nan
19-Feb-26 11:34:00 AM AEST,0.0,nan,nan,nan,nan,nan,nan,nan,nan,nan,nan,nan
19-Feb-26 11:34:45 AM AEST,nan,nan,nan,nan,nan,nan,nan,10.37,nan,nan,nan,nan
19-Feb-26 11:34:45 AM AEST,nan,nan,nan,nan,nan,nan,nan,10.58,nan,nan,nan,nan
19-Feb-26 11:40:00 AM AEST,nan,147.8,nan,nan,nan,nan,3.80,nan,nan,nan,nan,nan
19-Feb-26 11:46:44 AM AEST,nan,nan,nan,nan,nan,nan,nan,nan,nan,nan,nan,1.00
19-Feb-26 11:50:40 AM AEST,nan,216.9,nan,nan,nan,nan,5.10,nan,nan,nan,nan,nan
19-Feb-26 11:52:30 AM AEST,nan,nan,nan,51.80,nan,nan,nan,nan,nan,nan,nan,nan
19-Feb-26 11:58:40 AM AEST,nan,nan,nan,nan,nan,nan,nan,10.37,nan,nan,nan,nan
19-Feb-26 12:01:20 PM AEST,nan,133.5,nan,nan,nan,nan,6.00,nan,nan,nan,nan,nan
19-Feb-26 12:12:00 PM AEST,nan,185.1,nan,nan,nan,nan,2.90,nan,nan,nan,nan,nan
19-Feb-26 12:22:40 PM AEST,nan,146.9,nan,nan,nan,nan,5.50,nan,nan,nan,nan,nan
19-Feb-26 12:33:20 PM AEST,nan,119.1,nan,nan,nan,nan,5.30,nan,nan,nan,nan,nan
19-Feb-26 12:50:00 PM AEST,nan,201.8,nan,nan,nan,nan,3.50,nan,nan,nan,nan,nan
19-Feb-26 12:51:00 PM AEST,nan,nan,nan,52.60,nan,nan,nan,nan,nan,nan,nan,nan
19-Feb-26 1:00:00 PM AEST,nan,nan,nan,nan,nan,nan,nan,10.58,nan,nan,nan,nan
19-Feb-26 1:00:40 PM AEST,nan,113.2,nan,nan,nan,nan,4.50,nan,nan,nan,nan,nan
19-Feb-26 1:11:20 PM AEST,nan,175.7,nan,nan,nan,nan,4.70,nan,nan,nan,nan,nan
19-Feb-26 1:22:00 PM AEST,nan,165.8,nan,nan,nan,nan,2.70,nan,nan,nan,nan,nan
19-Feb-26 1:23:55 PM AEST,nan,nan,nan,nan,nan,nan,nan,10.37,nan,nan,nan,nan
19-Feb-26 1:32:40 PM AEST,nan,177.8,nan,nan,nan,nan,2.20,nan,nan,nan,nan,nan
19-Feb-26 1:43:20 PM AEST,nan,89.0,nan,nan,nan,nan,5.70,nan,nan,nan,nan,nan
19-Feb-26 1:49:30 PM AEST,nan,nan,nan,59.00,nan,nan,nan,nan,nan,nan,nan,nan
19-Feb-26 1:54:00 PM AEST,nan,214.7,nan,nan,nan,nan,8.00,nan,nan,nan,nan,nan
19-Feb-26 2:00:00 PM AEST,nan,nan,nan,nan,nan,nan,nan,10.58,nan,nan,nan,nan
19-Feb-26 2:04:40 PM AEST,nan,230.5,nan,nan,nan,nan,7.60,nan,nan,nan,nan,nan
19-Feb-26 2:20:00 PM AEST,nan,136.8,nan,nan,nan,nan,2.70,nan,nan,nan,nan,nan
19-Feb-26 2:23:55 PM AEST,nan,nan,nan,nan,nan,nan,nan,10.37,nan,nan,nan,nan
19-Feb-26 2:30:40 PM AEST,nan,137.9,nan,nan,nan,nan,7.60,nan,nan,nan,nan,nan
19-Feb-26 2:41:20 PM AEST,nan,139.3,nan,nan,nan,nan,5.00,nan,nan,nan,nan,nan
19-Feb-26 2:48:00 PM AEST,nan,nan,nan,51.20,nan,nan,nan,nan,nan,nan,nan,nan
19-Feb-26 2:52:00 PM AEST,nan,191.7,nan,nan,nan,nan,nan,nan,nan,nan,nan,nan
19-Feb-26 3:00:00 PM AEST,nan,nan,nan,nan,nan,nan,4.00,nan,nan,nan,nan,nan
19-Feb-26 3:02:40 PM AEST,nan,110.5,nan,nan,nan,nan,nan,nan,nan,nan,nan,nan
19-Feb-26 3:10:40 PM AEST,nan,nan,nan,nan,nan,nan,5.20,nan,nan,nan,nan,nan
19-Feb-26 3:13:20 PM AEST,nan,118.8,nan,nan,nan,nan,nan,nan,nan,nan,nan,nan
19-Feb-26 3:21:20 PM AEST,nan,nan,nan,nan,nan,nan,8.20,nan,nan,nan,nan,nan
19-Feb-26 3:30:00 PM AEST,nan,159.9,nan,nan,nan,nan,nan,nan,nan,nan,nan,nan
19-Feb-26 3:32:00 PM AEST,nan,nan,nan,nan,nan,nan,2.10,nan,nan,nan,nan,nan
19-Feb-26 3:40:40 PM AEST,nan,140.4,nan,nan,nan,nan,nan,nan,nan,nan,nan,nan
19-Feb-26 3:42:40 PM AEST,nan,nan,nan,nan,nan,nan,9.20,nan,nan,nan,nan,nan
19-Feb-26 3:46:30 PM AEST,nan,nan,nan,21.70,nan,nan,nan,nan,nan,nan,nan,nan
19-Feb-26 3:51:20 PM AEST,nan,157.1,nan,nan,nan,nan,nan,nan,nan,nan,nan,nan
19-Feb-26 3:53:20 PM AEST,nan,nan,nan,nan,nan,nan,6.30,nan,nan,nan,nan,nan
19-Feb-26 4:00:00 PM AEST,nan,nan,nan,nan,nan,nan,nan,10.15,nan,nan,nan,nan
19-Feb-26 4:02:00 PM AEST,nan,178.6,nan,nan,nan,nan,nan,nan,nan,nan,nan,nan
19-Feb-26 4:04:00 PM AEST,nan,nan,nan,nan,nan,nan,5.60,nan,nan,nan,nan,nan
19-Feb-26 4:12:40 PM AEST,nan,179.6,nan,nan,nan,nan,nan,nan,nan,nan,nan,nan
19-Feb-26 4:14:40 PM AEST,nan,nan,nan,nan,nan,nan,8.00,nan,nan,nan,nan,nan
19-Feb-26 4:23:20 PM AEST,nan,147.9,nan,nan,nan,nan,nan,nan,nan,nan,nan,nan
19-Feb-26 4:23:55 PM AEST,nan,nan,nan,nan,nan,nan,nan,10.37,nan,nan,nan,nan
19-Feb-26 4:25:20 PM AEST,nan,nan,nan,nan,nan,nan,2.70,nan,nan,nan,nan,nan
19-Feb-26 4:36:00 PM AEST,nan,nan,nan,nan,nan,nan,3.70,nan,nan,nan,nan,nan
19-Feb-26 4:40:00 PM AEST,nan,158.9,nan,nan,nan,nan,nan,nan,nan,nan,nan,nan
19-Feb-26 4:45:00 PM AEST,nan,nan,nan,10.80,nan,nan,nan,nan,nan,nan,nan,nan
19-Feb-26 4:46:40 PM AEST,nan,nan,nan,nan,nan,nan,3.30,nan,nan,nan,nan,nan
19-Feb-26 4:50:40 PM AEST,nan,193.4,nan,nan,nan,nan,nan,nan,nan,nan,nan,nan
19-Feb-26 5:01:20 PM AEST,nan,150.1,nan,nan,nan,nan,nan,nan,nan,nan,nan,nan
19-Feb-26 5:10:00 PM AEST,nan,nan,nan,nan,nan,nan,6.50,nan,nan,nan,nan,nan
19-Feb-26 5:12:00 PM AEST,nan,179.4,nan,nan,nan,nan,nan,nan,nan,nan,nan,nan
19-Feb-26 5:20:40 PM AEST,nan,nan,nan,nan,nan,nan,6.70,nan,nan,nan,nan,nan
19-Feb-26 5:22:40 PM AEST,nan,150.1,nan,nan,nan,nan,nan,nan,nan,nan,nan,nan
19-Feb-26 5:31:20 PM AEST,nan,nan,nan,nan,nan,nan,3.80,nan,nan,nan,nan,nan
19-Feb-26 5:40:00 PM AEST,nan,237.9,nan,nan,nan,nan,nan,nan,nan,nan,nan,nan
19-Feb-26 5:42:00 PM AEST,nan,nan,nan,nan,nan,nan,8.20,nan,nan,nan,nan,nan
19-Feb-26 5:43:30 PM AEST,nan,nan,nan,6.20,nan,nan,nan,nan,nan,nan,nan,nan
19-Feb-26 5:50:40 PM AEST,nan,200.5,nan,nan,nan,nan,nan,nan,nan,nan,nan,nan
19-Feb-26 5:52:40 PM AEST,nan,nan,nan,nan,nan,nan,6.90,nan,nan,nan,nan,nan
19-Feb-26 6:00:00 PM AEST,nan,nan,nan,nan,nan,nan,nan,10.58,nan,nan,nan,nan
19-Feb-26 6:01:20 PM AEST,nan,206.1,nan,nan,nan,nan,nan,nan,nan,nan,nan,nan
19-Feb-26 6:10:00 PM AEST,nan,nan,nan,nan,nan,nan,1.40,nan,nan,nan,nan,nan
19-Feb-26 6:12:00 PM AEST,nan,158.7,nan,nan,nan,nan,nan,nan,nan,nan,nan,nan
19-Feb-26 6:20:40 PM AEST,nan,nan,nan,nan,nan,nan,1.80,nan,nan,nan,nan,nan
19-Feb-26 6:22:40 PM AEST,nan,243.1,nan,nan,nan,nan,nan,nan,nan,nan,nan,nan
19-Feb-26 6:23:55 PM AEST,nan,nan,nan,nan,nan,nan,nan,10.37,nan,nan,nan,nan
19-Feb-26 6:31:20 PM AEST,nan,nan,nan,nan,nan,nan,0.00,nan,nan,nan,nan,nan
19-Feb-26 6:33:20 PM AEST,nan,0.0,nan,nan,nan,nan,nan,nan,nan,nan,nan,nan
19-Feb-26 6:42:00 PM AEST,nan,nan,nan,1.20,nan,nan,nan,nan,nan,nan,nan,nan
19-Feb-26 7:00:00 PM AEST,nan,155.3,nan,nan,nan,nan,2.10,nan,nan,nan,nan,nan
19-Feb-26 7:10:40 PM AEST,nan,93.5,nan,nan,nan,nan,7.40,nan,nan,nan,nan,nan
19-Feb-26 7:21:20 PM AEST,nan,117.5,nan,nan,nan,nan,1.90,nan,nan,nan,nan,nan
19-Feb-26 7:32:00 PM AEST,nan,156.0,nan,nan,nan,nan,3.00,nan,nan,nan,nan,nan
19-Feb-26 7:40:30 PM AEST,nan,nan,nan,0.80,nan,nan,nan,nan,nan,nan,nan,nan
19-Feb-26 7:42:40 PM AEST,nan,211.4,nan,nan,nan,nan,4.80,nan,nan,nan,nan,nan
19-Feb-26 7:46:00 PM AEST,nan,nan,nan,nan,nan,nan,nan,10.58,nan,nan,nan,nan
19-Feb-26 7:46:00 PM AEST,nan,nan,nan,nan,nan,nan,nan,10.37,nan,nan,nan,nan
19-Feb-26 7:53:20 PM AEST,nan,146.9,nan,nan,nan,nan,1.90,nan,nan,nan,nan,nan
19-Feb-26 8:04:00 PM AEST,nan,156.2,nan,nan,nan,nan,2.90,nan,nan,nan,nan,nan
19-Feb-26 8:20:00 PM AEST,nan,197.0,nan,nan,nan,nan,3.80,nan,nan,nan,nan,nan
19-Feb-26 8:23:00 PM AEST,nan,nan,nan,nan,nan,nan,nan,10.58,nan,nan,nan,nan
19-Feb-26 8:30:40 PM AEST,nan,298.1,nan,nan,nan,nan,1.70,nan,nan,nan,nan,nan
19-Feb-26 8:39:00 PM AEST,nan,nan,nan,0.30,nan,nan,nan,nan,nan,nan,nan,nan
19-Feb-26 8:41:20 PM AEST,nan,225.0,nan,nan,nan,nan,0.10,nan,nan,nan,nan,nan
19-Feb-26 8:46:55 PM AEST,nan,nan,nan,nan,nan,nan,nan,10.37,nan,nan,nan,nan
19-Feb-26 8:52:00 PM AEST,nan,47.5,nan,nan,nan,nan,1.80,nan,nan,nan,nan,nan
19-Feb-26 9:02:40 PM AEST,nan,212.7,nan,nan,nan,nan,6.90,nan,nan,nan,nan,nan
19-Feb-26 9:10:50 PM AEST,nan,nan,nan,nan,nan,nan,nan,10.58,nan,nan,nan,nan
19-Feb-26 9:13:20 PM AEST,nan,206.6,nan,nan,nan,nan,4.10,nan,nan,nan,nan,nan
19-Feb-26 9:30:00 PM AEST,nan,230.5,nan,nan,nan,nan,3.10,nan,nan,nan,nan,nan
19-Feb-26 9:34:45 PM AEST,nan,nan,nan,nan,nan,nan,nan,10.37,nan,nan,nan,nan
19-Feb-26 9:37:30 PM AEST,nan,nan,nan,0.60,nan,nan,nan,nan,nan,nan,nan,nan
19-Feb-26 9:40:40 PM AEST,nan,54.2,nan,nan,nan,nan,2.80,nan,nan,nan,nan,nan
19-Feb-26 9:51:20 PM AEST,nan,321.9,nan,nan,nan,nan,0.30,nan,nan,nan,nan,nan
19-Feb-26 10:02:00 PM AEST,nan,131.2,nan,nan,nan,nan,2.90,nan,nan,nan,nan,nan
19-Feb-26 10:12:40 PM AEST,nan,229.9,nan,nan,nan,nan,nan,nan,nan,nan,nan,nan
19-Feb-26 10:23:00 PM AEST,nan,nan,nan,nan,nan,nan,nan,10.58,nan,nan,nan,nan
19-Feb-26 10:23:00 PM AEST,nan,nan,nan,nan,nan,nan,nan,10.37,nan,nan,nan,nan
19-Feb-26 10:23:20 PM AEST,nan,128.3,nan,nan,nan,nan,nan,nan,nan,nan,nan,nan
19-Feb-26 10:30:00 PM AEST,nan,nan,nan,nan,nan,nan,0.20,nan,nan,nan,nan,nan
19-Feb-26 10:36:00 PM AEST,nan,nan,nan,1.10,nan,nan,nan,nan,nan,nan,nan,nan
19-Feb-26 10:40:00 PM AEST,nan,122.9,nan,nan,nan,nan,nan,nan,nan,nan,nan,nan
19-Feb-26 10:40:40 PM AEST,nan,nan,nan,nan,nan,nan,4.40,nan,nan,nan,nan,nan
19-Feb-26 10:50:40 PM AEST,nan,215.1,nan,nan,nan,nan,nan,nan,nan,nan,nan,nan
19-Feb-26 10:51:20 PM AEST,nan,nan,nan,nan,nan,nan,2.00,nan,nan,nan,nan,nan
19-Feb-26 11:01:20 PM AEST,nan,94.6,nan,nan,nan,nan,nan,nan,nan,nan,nan,nan
19-Feb-26 11:02:00 PM AEST,nan,nan,nan,nan,nan,nan,0.50,nan,nan,nan,nan,nan
19-Feb-26 11:12:00 PM AEST,nan,15.2,nan,nan,nan,nan,nan,nan,nan,nan,nan,nan
19-Feb-26 11:12:40 PM AEST,nan,nan,nan,nan,nan,nan,0.20,nan,nan,nan,nan,nan
19-Feb-26 11:22:40 PM AEST,nan,108.4,nan,nan,nan,nan,nan,nan,nan,nan,nan,nan
19-Feb-26 11:23:20 PM AEST,nan,nan,nan,nan,nan,nan,0.10,nan,nan,nan,nan,nan
19-Feb-26 11:33:20 PM AEST,nan,198.3,nan,nan,nan,nan,nan,nan,nan,nan,nan,nan
19-Feb-26 11:34:00 PM AEST,nan,nan,nan,nan,nan,nan,4.00,nan,nan,nan,nan,nan
19-Feb-26 11:34:30 PM AEST,nan,nan,nan,0.20,nan,nan,nan,nan,nan,nan,nan,nan
19-Feb-26 11:44:00 PM AEST,nan,0.0,nan,nan,nan,nan,nan,nan,nan,nan,nan,nan
19-Feb-26 11:44:40 PM AEST,nan,nan,nan,nan,nan,nan,0.00,nan,nan,nan,nan,nan
20-Feb-26 12:10:00 AM AEST,nan,189.2,nan,nan,nan,nan,3.20,nan,nan,nan,nan,nan
20-Feb-26 12:20:40 AM AEST,nan,292.8,nan,nan,nan,nan,1.70,nan,nan,nan,nan,nan
20-Feb-26 12:23:00 AM AEST,nan,nan,nan,nan,nan,nan,nan,10.58,nan,nan,nan,nan
20-Feb-26 12:31:20 AM AEST,nan,0.0,nan,nan,nan,nan,0.00,nan,nan,nan,nan,nan
20-Feb-26 12:46:55 AM AEST,nan,nan,nan,nan,nan,nan,nan,10.37,nan,nan,nan,nan
20-Feb-26 12:50:00 AM AEST,nan,102.0,nan,nan,nan,nan,3.90,nan,nan,nan,nan,nan
20-Feb-26 1:00:40 AM AEST,nan,0.0,nan,nan,nan,nan,0.00,nan,nan,nan,nan,nan
20-Feb-26 1:10:50 AM AEST,nan,nan,nan,nan,nan,nan,nan,10.58,nan,nan,nan,nan
20-Feb-26 1:11:20 AM AEST,nan,98.7,nan,nan,nan,nan,0.20,nan,nan,nan,nan,nan
20-Feb-26 1:22:00 AM AEST,nan,75.2,nan,nan,nan,nan,3.40,nan,nan,nan,nan,nan
20-Feb-26 1:32:40 AM AEST,nan,209.4,nan,nan,nan,nan,1.40,nan,nan,nan,nan,nan
20-Feb-26 1:34:00 AM AEST,1.2,nan,nan,nan,nan,nan,nan,nan,nan,nan,nan,nan
20-Feb-26 1:34:00 AM AEST,2.0,nan,nan,nan,nan,nan,nan,nan,nan,nan,nan,nan
20-Feb-26 1:34:00 AM AEST,2.2,nan,nan,nan,nan,nan,nan,nan,nan,nan,nan,nan
20-Feb-26 1:34:45 AM AEST,nan,nan,nan,nan,nan,nan,nan,10.37,nan,nan,nan,nan
20-Feb-26 1:43:20 AM AEST,nan,108.9,nan,nan,nan,nan,1.20,nan,nan,nan,nan,nan
20-Feb-26 1:54:00 AM AEST,nan,101.2,nan,nan,nan,nan,3.20,nan,nan,nan,nan,nan
20-Feb-26 2:00:00 AM AEST,nan,nan,nan,0.30,nan,nan,nan,nan,nan,nan,nan,nan
20-Feb-26 2:04:40 AM AEST,nan,0.0,nan,nan,nan,nan,0.00,nan,nan,nan,nan,nan
20-Feb-26 2:15:20 AM AEST,nan,107.9,nan,nan,nan,nan,0.10,nan,nan,nan,nan,nan
20-Feb-26 2:26:00 AM AEST,nan,0.0,nan,nan,nan,nan,0.00,nan,nan,nan,nan,nan
20-Feb-26 2:58:30 AM AEST,nan,nan,nan,6553.00,nan,nan,nan,nan,nan,nan,nan,nan
20-Feb-26 3:00:00 AM AEST,nan,107.7,nan,nan,nan,nan,0.20,nan,nan,nan,nan,nan
20-Feb-26 3:10:40 AM AEST,nan,0.0,nan,nan,nan,nan,0.00,nan,nan,nan,nan,nan
20-Feb-26 3:57:00 AM AEST,nan,nan,nan,6552.90,nan,nan,nan,nan,nan,nan,nan,nan
20-Feb-26 4:23:00 AM AEST,nan,nan,nan,nan,nan,nan,nan,10.58,nan,nan,nan,nan
20-Feb-26 4:46:55 AM AEST,nan,nan,nan,nan,nan,nan,nan,10.37,nan,nan,nan,nan
20-Feb-26 4:50:00 AM AEST,nan,108.2,nan,nan,nan,nan,0.60,nan,nan,nan,nan,nan
20-Feb-26 5:00:40 AM AEST,nan,282.7,nan,nan,nan,nan,0.50,nan,nan,nan,nan,nan
20-Feb-26 5:10:50 AM AEST,nan,nan,nan,nan,nan,nan,nan,10.58,nan,nan,nan,nan
20-Feb-26 5:11:20 AM AEST,nan,283.1,nan,nan,nan,nan,1.60,nan,nan,nan,nan,nan
20-Feb-26 5:22:00 AM AEST,nan,0.0,nan,nan,nan,nan,0.00,nan,nan,nan,nan,nan
20-Feb-26 5:32:40 AM AEST,nan,283.1,nan,nan,nan,nan,0.50,nan,nan,nan,nan,nan
20-Feb-26 5:34:45 AM AEST,nan,nan,nan,nan,nan,nan,nan,10.37,nan,nan,nan,nan
20-Feb-26 5:34:45 AM AEST,nan,nan,nan,nan,nan,nan,nan,10.58,nan,nan,nan,nan
20-Feb-26 5:43:20 AM AEST,nan,nan,nan,nan,nan,nan,0.70,nan,nan,nan,nan,nan
20-Feb-26 5:54:00 AM AEST,nan,nan,nan,nan,nan,nan,1.20,nan,nan,nan,nan,nan
20-Feb-26 5:58:40 AM AEST,nan,nan,nan,nan,nan,nan,nan,10.37,nan,nan,nan,nan
20-Feb-26 6:00:00 AM AEST,nan,nan,nan,6553.00,nan,nan,nan,nan,nan,nan,nan,nan
20-Feb-26 6:10:00 AM AEST,nan,282.3,nan,nan,nan,nan,0.20,nan,nan,nan,nan,nan
20-Feb-26 6:20:40 AM AEST,nan,0.0,nan,nan,nan,nan,0.00,nan,nan,nan,nan,nan
20-Feb-26 6:22:35 AM AEST,nan,nan,nan,nan,nan,nan,nan,10.58,nan,nan,nan,nan
20-Feb-26 6:22:35 AM AEST,nan,nan,nan,nan,nan,nan,nan,10.37,nan,nan,nan,nan
20-Feb-26 6:58:30 AM AEST,nan,nan,nan,1.70,nan,nan,nan,nan,nan,nan,nan,nan
20-Feb-26 7:00:00 AM AEST,nan,282.3,nan,nan,nan,nan,0.20,nan,nan,nan,nan,nan
20-Feb-26 7:10:40 AM AEST,nan,282.9,nan,nan,nan,nan,2.50,nan,nan,nan,nan,nan
20-Feb-26 7:21:20 AM AEST,nan,0.0,nan,nan,nan,nan,0.00,nan,nan,nan,nan,nan
20-Feb-26 7:23:00 AM AEST,nan,nan,nan,nan,nan,nan,nan,10.58,nan,nan,nan,nan
20-Feb-26 7:32:00 AM AEST,nan,258.7,nan,nan,nan,nan,0.20,nan,nan,nan,nan,nan
20-Feb-26 7:42:40 AM AEST,nan,0.0,nan,nan,nan,nan,0.00,nan,nan,nan,nan,nan
20-Feb-26 7:46:55 AM AEST,nan,nan,nan,nan,nan,nan,nan,10.37,nan,nan,nan,nan
20-Feb-26 7:57:00 AM AEST,nan,nan,nan,3.50,nan,nan,nan,nan,nan,nan,nan,nan
20-Feb-26 8:20:00 AM AEST,nan,259.6,nan,nan,nan,nan,0.20,nan,nan,nan,nan,nan
20-Feb-26 8:23:00 AM AEST,nan,nan,nan,nan,nan,nan,nan,10.58,nan,nan,nan,nan
20-Feb-26 8:23:00 AM AEST,nan,nan,nan,nan,nan,nan,nan,10.37,nan,nan,nan,nan
20-Feb-26 8:30:40 AM AEST,nan,0.0,nan,nan,nan,nan,0.00,nan,nan,nan,nan,nan
20-Feb-26 8:41:44 AM AEST,nan,nan,nan,nan,1.90,nan,nan,nan,161.70,67.80,nan,nan
20-Feb-26 8:41:48 AM AEST,nan,nan,66.2,nan,nan,1.65,nan,nan,nan,nan,nan,nan
20-Feb-26 8:46:55 AM AEST,nan,nan,nan,nan,nan,nan,nan,10.58,nan,nan,nan,nan
20-Feb-26 8:46:55 AM AEST,nan,nan,nan,nan,nan,nan,nan,10.37,nan,nan,nan,nan
20-Feb-26 8:55:30 AM AEST,nan,nan,nan,6.10,nan,nan,nan,nan,nan,nan,nan,nan
20-Feb-26 9:00:00 AM AEST,0.0,nan,nan,nan,nan,nan,nan,nan,nan,nan,nan,nan
20-Feb-26 9:10:50 AM AEST,nan,nan,nan,nan,nan,nan,nan,10.58,nan,nan,nan,nan
20-Feb-26 9:30:00 AM AEST,nan,258.7,nan,nan,nan,nan,2.00,nan,nan,nan,nan,nan
20-Feb-26 9:40:40 AM AEST,nan,258.8,nan,nan,nan,nan,0.50,nan,nan,nan,nan,nan
20-Feb-26 9:51:20 AM AEST,nan,259.6,nan,nan,nan,nan,0.20,nan,nan,nan,nan,nan
20-Feb-26 9:54:00 AM AEST,nan,nan,nan,11.20,nan,nan,nan,nan,nan,nan,nan,nan
20-Feb-26 10:02:00 AM AEST,nan,0.0,nan,nan,nan,nan,0.00,nan,nan,nan,nan,nan
20-Feb-26 10:23:00 AM AEST,nan,nan,nan,nan,nan,nan,nan,10.37,nan,nan,nan,nan
20-Feb-26 10:46:55 AM AEST,nan,nan,nan,nan,nan,nan,nan,10.58,nan,nan,nan,nan
20-Feb-26 10:50:00 AM AEST,nan,217.6,nan,nan,nan,nan,0.10,nan,nan,nan,nan,nan
20-Feb-26 10:52:30 AM AEST,nan,nan,nan,21.00,nan,nan,nan,nan,nan,nan,nan,nan
20-Feb-26 11:10:00 AM AEST,nan,226.3,nan,nan,nan,nan,1.90,nan,nan,nan,nan,nan
20-Feb-26 11:10:50 AM AEST,nan,nan,nan,nan,nan,nan,nan,10.37,nan,nan,nan,nan
20-Feb-26 11:20:40 AM AEST,nan,0.0,nan,nan,nan,nan,0.00,nan,nan,nan,nan,nan
20-Feb-26 11:31:20 AM AEST,nan,226.4,nan,nan,nan,nan,0.50,nan,nan,nan,nan,nan
20-Feb-26 11:34:45 AM AEST,nan,nan,nan,nan,nan,nan,nan,10.58,nan,nan,nan,nan
20-Feb-26 11:34:45 AM AEST,nan,nan,nan,nan,nan,nan,nan,10.37,nan,nan,nan,nan
20-Feb-26 11:42:00 AM AEST,nan,286.5,nan,nan,nan,nan,2.70,nan,nan,nan,nan,nan
20-Feb-26 11:51:00 AM AEST,nan,nan,nan,24.20,nan,nan,nan,nan,nan,nan,nan,nan
20-Feb-26 11:52:40 AM AEST,nan,314.9,nan,nan,nan,nan,3.40,nan,nan,nan,nan,nan
20-Feb-26 12:10:00 PM AEST,nan,344.6,nan,nan,nan,nan,1.50,nan,nan,nan,nan,nan
20-Feb-26 12:20:40 PM AEST,nan,0.0,nan,nan,nan,nan,0.00,nan,nan,nan,nan,nan
20-Feb-26 12:31:20 PM AEST,nan,317.6,nan,nan,nan,nan,0.90,nan,nan,nan,nan,nan
20-Feb-26 12:42:00 PM AEST,nan,0.0,nan,nan,nan,nan,0.00,nan,nan,nan,nan,nan
20-Feb-26 12:49:30 PM AEST,nan,nan,nan,13.90,nan,nan,nan,nan,nan,nan,nan,nan
20-Feb-26 12:52:40 PM AEST,nan,309.2,nan,nan,nan,nan,2.40,nan,nan,nan,nan,nan
20-Feb-26 1:03:20 PM AEST,nan,283.8,nan,nan,nan,nan,1.50,nan,nan,nan,nan,nan
20-Feb-26 1:20:00 PM AEST,nan,273.5,nan,nan,nan,nan,0.20,nan,nan,nan,nan,nan
20-Feb-26 1:30:40 PM AEST,nan,206.6,nan,nan,nan,nan,0.10,nan,nan,nan,nan,nan
20-Feb-26 1:41:20 PM AEST,nan,262.2,nan,nan,nan,nan,2.70,nan,nan,nan,nan,nan
20-Feb-26 1:46:00 PM AEST,nan,nan,nan,nan,nan,nan,nan,10.58,nan,nan,nan,nan
20-Feb-26 1:46:00 PM AEST,nan,nan,nan,nan,nan,nan,nan,10.37,nan,nan,nan,nan
20-Feb-26 1:48:00 PM AEST,nan,nan,nan,13.00,nan,nan,nan,nan,nan,nan,nan,nan
20-Feb-26 1:52:00 PM AEST,nan,285.7,nan,nan,nan,nan,2.10,nan,nan,nan,nan,nan
20-Feb-26 2:02:40 PM AEST,nan,289.2,nan,nan,nan,nan,1.40,nan,nan,nan,nan,nan
20-Feb-26 2:13:20 PM AEST,nan,299.7,nan,nan,nan,nan,0.10,nan,nan,nan,nan,nan
20-Feb-26 2:24:00 PM AEST,nan,296.0,nan,nan,nan,nan,5.60,nan,nan,nan,nan,nan
20-Feb-26 2:34:40 PM AEST,nan,194.6,nan,nan,nan,nan,0.40,nan,nan,nan,nan,nan
20-Feb-26 2:46:30 PM AEST,nan,nan,nan,15.40,nan,nan,nan,nan,nan,nan,nan,nan
20-Feb-26 2:50:00 PM AEST,nan,281.0,nan,nan,nan,nan,1.00,nan,nan,nan,nan,nan
20-Feb-26 3:00:40 PM AEST,nan,274.9,nan,nan,nan,nan,3.60,nan,nan,nan,nan,nan
20-Feb-26 3:11:20 PM AEST,nan,0.0,nan,nan,nan,nan,0.00,nan,nan,nan,nan,nan
20-Feb-26 3:22:00 PM AEST,nan,186.7,nan,nan,nan,nan,nan,nan,nan,nan,nan,nan
20-Feb-26 3:30:00 PM AEST,nan,nan,nan,nan,nan,nan,3.00,nan,nan,nan,nan,nan
20-Feb-26 3:32:40 PM AEST,nan,309.8,nan,nan,nan,nan,nan,nan,nan,nan,nan,nan
20-Feb-26 3:40:40 PM AEST,nan,nan,nan,nan,nan,nan,0.10,nan,nan,nan,nan,nan
20-Feb-26 3:43:20 PM AEST,nan,349.8,nan,nan,nan,nan,nan,nan,nan,nan,nan,nan
20-Feb-26 3:45:00 PM AEST,nan,nan,nan,9.20,nan,nan,nan,nan,nan,nan,nan,nan
20-Feb-26 3:46:00 PM AEST,nan,nan,nan,nan,nan,nan,nan,10.58,nan,nan,nan,nan
20-Feb-26 3:46:00 PM AEST,nan,nan,nan,nan,nan,nan,nan,10.37,nan,nan,nan,nan
20-Feb-26 3:51:20 PM AEST,nan,nan,nan,nan,nan,nan,4.20,nan,nan,nan,nan,nan
20-Feb-26 4:00:00 PM AEST,nan,301.0,nan,nan,nan,nan,nan,nan,nan,nan,nan,nan
20-Feb-26 4:02:00 PM AEST,nan,nan,nan,nan,nan,nan,1.50,nan,nan,nan,nan,nan
20-Feb-26 4:09:55 PM AEST,nan,nan,nan,nan,nan,nan,nan,10.58,nan,nan,nan,nan
20-Feb-26 4:09:55 PM AEST,nan,nan,nan,nan,nan,nan,nan,10.37,nan,nan,nan,nan
20-Feb-26 4:10:40 PM AEST,nan,0.0,nan,nan,nan,nan,nan,nan,nan,nan,nan,nan
20-Feb-26 4:12:40 PM AEST,nan,nan,nan,nan,nan,nan,0.00,nan,nan,nan,nan,nan
20-Feb-26 4:33:50 PM AEST,nan,nan,nan,nan,nan,nan,nan,10.58,nan,nan,nan,nan
20-Feb-26 4:33:50 PM AEST,nan,nan,nan,nan,nan,nan,nan,10.37,nan,nan,nan,nan
20-Feb-26 4:40:00 PM AEST,nan,317.5,nan,nan,nan,nan,0.10,nan,nan,nan,nan,nan
20-Feb-26 4:43:30 PM AEST,nan,nan,nan,9.40,nan,nan,nan,nan,nan,nan,nan,nan
20-Feb-26 4:50:40 PM AEST,nan,322.9,nan,nan,nan,nan,2.40,nan,nan,nan,nan,nan
20-Feb-26 4:57:45 PM AEST,nan,nan,nan,nan,nan,nan,nan,10.58,nan,nan,nan,nan
20-Feb-26 5:01:20 PM AEST,nan,0.0,nan,nan,nan,nan,0.00,nan,nan,nan,nan,nan
20-Feb-26 5:12:00 PM AEST,nan,313.8,nan,nan,nan,nan,1.20,nan,nan,nan,nan,nan
20-Feb-26 5:21:40 PM AEST,nan,nan,nan,nan,nan,nan,nan,10.37,nan,nan,nan,nan
20-Feb-26 5:22:40 PM AEST,nan,296.6,nan,nan,nan,nan,0.20,nan,nan,nan,nan,nan
20-Feb-26 5:33:20 PM AEST,nan,0.0,nan,nan,nan,nan,0.00,nan,nan,nan,nan,nan
20-Feb-26 5:42:00 PM AEST,nan,nan,nan,5.50,nan,nan,nan,nan,nan,nan,nan,nan
20-Feb-26 5:45:35 PM AEST,nan,nan,nan,nan,nan,nan,nan,10.58,nan,nan,nan,nan
20-Feb-26 6:00:00 PM AEST,nan,296.6,nan,nan,nan,nan,0.10,nan,nan,nan,nan,nan
20-Feb-26 6:09:30 PM AEST,nan,nan,nan,nan,nan,nan,nan,10.37,nan,nan,nan,nan
20-Feb-26 6:10:40 PM AEST,nan,0.0,nan,nan,nan,nan,0.00,nan,nan,nan,nan,nan
20-Feb-26 6:30:00 PM AEST,nan,291.8,nan,nan,nan,nan,0.10,nan,nan,nan,nan,nan
20-Feb-26 6:40:30 PM AEST,nan,nan,nan,6553.40,nan,nan,nan,nan,nan,nan,nan,nan
20-Feb-26 6:40:40 PM AEST,nan,294.4,nan,nan,nan,nan,0.30,nan,nan,nan,nan,nan
20-Feb-26 6:51:20 PM AEST,nan,291.8,nan,nan,nan,nan,0.10,nan,nan,nan,nan,nan
20-Feb-26 7:02:00 PM AEST,nan,294.4,nan,nan,nan,nan,1.80,nan,nan,nan,nan,nan
20-Feb-26 7:20:00 PM AEST,nan,41.1,nan,nan,nan,nan,1.70,nan,nan,nan,nan,nan
20-Feb-26 7:23:00 PM AEST,nan,nan,nan,nan,nan,nan,nan,10.58,nan,nan,nan,nan
20-Feb-26 7:23:00 PM AEST,nan,nan,nan,nan,nan,nan,nan,10.37,nan,nan,nan,nan
20-Feb-26 7:30:40 PM AEST,nan,41.3,nan,nan,nan,nan,1.90,nan,nan,nan,nan,nan
20-Feb-26 7:39:00 PM AEST,nan,nan,nan,6553.10,nan,nan,nan,nan,nan,nan,nan,nan
20-Feb-26 7:41:20 PM AEST,nan,41.7,nan,nan,nan,nan,0.20,nan,nan,nan,nan,nan
20-Feb-26 7:46:55 PM AEST,nan,nan,nan,nan,nan,nan,nan,10.58,nan,nan,nan,nan
20-Feb-26 7:52:00 PM AEST,nan,0.0,nan,nan,nan,nan,0.00,nan,nan,nan,nan,nan
20-Feb-26 8:02:40 PM AEST,nan,41.3,nan,nan,nan,nan,0.20,nan,nan,nan,nan,nan
20-Feb-26 8:10:50 PM AEST,nan,nan,nan,nan,nan,nan,nan,10.37,nan,nan,nan,nan
20-Feb-26 8:10:50 PM AEST,nan,nan,nan,nan,nan,nan,nan,10.58,nan,nan,nan,nan
20-Feb-26 8:13:20 PM AEST,nan,100.8,nan,nan,nan,nan,0.60,nan,nan,nan,nan,nan
20-Feb-26 8:24:00 PM AEST,nan,100.9,nan,nan,nan,nan,0.40,nan,nan,nan,nan,nan
20-Feb-26 8:34:40 PM AEST,nan,101.0,nan,nan,nan,nan,2.90,nan,nan,nan,nan,nan
20-Feb-26 8:34:45 PM AEST,nan,nan,nan,nan,nan,nan,nan,10.37,nan,nan,nan,nan
20-Feb-26 8:37:30 PM AEST,nan,nan,nan,6553.00,nan,nan,nan,nan,nan,nan,nan,nan
20-Feb-26 8:50:00 PM AEST,nan,0.0,nan,nan,nan,nan,0.00,nan,nan,nan,nan,nan
20-Feb-26 8:58:40 PM AEST,nan,nan,nan,nan,nan,nan,nan,10.58,nan,nan,nan,nan
20-Feb-26 9:10:00 PM AEST,nan,100.5,nan,nan,nan,nan,0.30,nan,nan,nan,nan,nan
20-Feb-26 9:22:35 PM AEST,nan,nan,nan,nan,nan,nan,nan,10.37,nan,nan,nan,nan
20-Feb-26 9:30:00 PM AEST,nan,0.0,nan,nan,nan,nan,0.00,nan,nan,nan,nan,nan
20-Feb-26 9:36:00 PM AEST,nan,nan,nan,6552.90,nan,nan,nan,nan,nan,nan,nan,nan
20-Feb-26 9:46:30 PM AEST,nan,nan,nan,nan,nan,nan,nan,10.58,nan,nan,nan,nan
20-Feb-26 10:00:00 PM AEST,nan,101.2,nan,nan,nan,nan,0.50,nan,nan,nan,nan,nan
20-Feb-26 10:10:25 PM AEST,nan,nan,nan,nan,nan,nan,nan,10.37,nan,nan,nan,nan
20-Feb-26 10:10:40 PM AEST,nan,0.0,nan,nan,nan,nan,0.00,nan,nan,nan,nan,nan
20-Feb-26 10:34:20 PM AEST,nan,nan,nan,nan,nan,nan,nan,10.58,nan,nan,nan,nan
20-Feb-26 10:34:20 PM AEST,nan,nan,nan,nan,nan,nan,nan,10.37,nan,nan,nan,nan
20-Feb-26 10:40:00 PM AEST,nan,100.6,nan,nan,nan,nan,0.10,nan,nan,nan,nan,nan
20-Feb-26 10:50:40 PM AEST,nan,0.0,nan,nan,nan,nan,0.00,nan,nan,nan,nan,nan
20-Feb-26 11:01:20 PM AEST,nan,100.8,nan,nan,nan,nan,1.40,nan,nan,nan,nan,nan
20-Feb-26 11:12:00 PM AEST,nan,0.0,nan,nan,nan,nan,0.00,nan,nan,nan,nan,nan
20-Feb-26 11:30:00 PM AEST,nan,101.2,nan,nan,nan,nan,0.80,nan,nan,nan,nan,nan
20-Feb-26 11:40:40 PM AEST,nan,100.6,nan,nan,nan,nan,0.10,nan,nan,nan,nan,nan
20-Feb-26 11:46:00 PM AEST,nan,nan,nan,nan,nan,nan,nan,10.58,nan,nan,nan,nan
20-Feb-26 11:46:00 PM AEST,nan,nan,nan,nan,nan,nan,nan,10.37,nan,nan,nan,nan
20-Feb-26 11:51:20 PM AEST,nan,101.0,nan,nan,nan,nan,1.10,nan,nan,nan,nan,nan
21-Feb-26 12:10:00 AM AEST,nan,0.0,nan,nan,nan,nan,0.00,nan,nan,nan,nan,nan
21-Feb-26 12:46:00 AM AEST,nan,nan,nan,nan,nan,nan,nan,10.58,nan,nan,nan,nan
21-Feb-26 12:46:00 AM AEST,nan,nan,nan,nan,nan,nan,nan,10.37,nan,nan,nan,nan
21-Feb-26 12:50:00 AM AEST,nan,101.0,nan,nan,nan,nan,1.30,nan,nan,nan,nan,nan
21-Feb-26 1:00:40 AM AEST,nan,100.9,nan,nan,nan,nan,1.50,nan,nan,nan,nan,nan
21-Feb-26 1:20:00 AM AEST,nan,101.0,nan,nan,nan,nan,1.10,nan,nan,nan,nan,nan
21-Feb-26 1:30:40 AM AEST,nan,100.6,nan,nan,nan,nan,0.10,nan,nan,nan,nan,nan
21-Feb-26 1:46:00 AM AEST,nan,nan,nan,nan,nan,nan,nan,10.58,nan,nan,nan,nan
21-Feb-26 1:46:00 AM AEST,nan,nan,nan,nan,nan,nan,nan,10.37,nan,nan,nan,nan
21-Feb-26 1:50:00 AM AEST,nan,0.0,nan,nan,nan,nan,0.00,nan,nan,nan,nan,nan
21-Feb-26 2:30:00 AM AEST,nan,101.0,nan,nan,nan,nan,1.70,nan,nan,nan,nan,nan
21-Feb-26 2:40:40 AM AEST,nan,0.0,nan,nan,nan,nan,0.00,nan,nan,nan,nan,nan
21-Feb-26 2:51:20 AM AEST,nan,97.1,nan,nan,nan,nan,0.10,nan,nan,nan,nan,nan
21-Feb-26 3:02:00 AM AEST,nan,0.0,nan,nan,nan,nan,0.00,nan,nan,nan,nan,nan
21-Feb-26 4:00:00 AM AEST,nan,nan,nan,nan,nan,nan,nan,10.58,nan,nan,nan,nan
21-Feb-26 4:10:00 AM AEST,nan,100.9,nan,nan,nan,nan,0.80,nan,nan,nan,nan,nan
21-Feb-26 4:20:40 AM AEST,nan,0.0,nan,nan,nan,nan,0.00,nan,nan,nan,nan,nan
21-Feb-26 4:23:55 AM AEST,nan,nan,nan,nan,nan,nan,nan,10.37,nan,nan,nan,nan
21-Feb-26 4:31:20 AM AEST,nan,101.0,nan,nan,nan,nan,1.70,nan,nan,nan,nan,nan
21-Feb-26 4:42:00 AM AEST,nan,0.0,nan,nan,nan,nan,0.00,nan,nan,nan,nan,nan
21-Feb-26 4:47:50 AM AEST,nan,nan,nan,nan,nan,nan,nan,10.58,nan,nan,nan,nan
21-Feb-26 4:47:50 AM AEST,nan,nan,nan,nan,nan,nan,nan,10.37,nan,nan,nan,nan
21-Feb-26 5:11:45 AM AEST,nan,nan,nan,nan,nan,nan,nan,10.58,nan,nan,nan,nan
21-Feb-26 5:11:45 AM AEST,nan,nan,nan,nan,nan,nan,nan,10.37,nan,nan,nan,nan
21-Feb-26 5:20:00 AM AEST,nan,100.6,nan,nan,nan,nan,0.10,nan,nan,nan,nan,nan
21-Feb-26 5:30:40 AM AEST,nan,0.0,nan,nan,nan,nan,0.00,nan,nan,nan,nan,nan
21-Feb-26 5:34:00 AM AEST,0.8,nan,nan,nan,nan,nan,nan,nan,nan,nan,nan,nan
21-Feb-26 5:34:00 AM AEST,1.2,nan,nan,nan,nan,nan,nan,nan,nan,nan,nan,nan
21-Feb-26 5:34:00 AM AEST,1.4,nan,nan,nan,nan,nan,nan,nan,nan,nan,nan,nan
21-Feb-26 5:50:00 AM AEST,nan,29.1,nan,nan,nan,nan,1.20,nan,nan,nan,nan,nan
21-Feb-26 6:08:35 AM AEST,1.6,nan,nan,nan,nan,nan,nan,nan,nan,nan,nan,nan
21-Feb-26 6:10:00 AM AEST,nan,9.4,nan,nan,nan,nan,2.50,nan,nan,nan,nan,nan
21-Feb-26 6:20:40 AM AEST,nan,324.7,nan,nan,nan,nan,3.80,nan,nan,nan,nan,nan
21-Feb-26 6:23:00 AM AEST,nan,nan,nan,nan,nan,nan,nan,10.58,nan,nan,nan,nan
21-Feb-26 6:23:00 AM AEST,nan,nan,nan,nan,nan,nan,nan,10.37,nan,nan,nan,nan
21-Feb-26 6:31:20 AM AEST,nan,167.1,nan,nan,nan,nan,4.20,nan,nan,nan,nan,nan
21-Feb-26 6:42:00 AM AEST,nan,114.9,nan,nan,nan,nan,7.00,nan,nan,nan,nan,nan
21-Feb-26 6:43:10 AM AEST,2.0,nan,nan,nan,nan,nan,nan,nan,nan,nan,nan,nan
21-Feb-26 6:43:10 AM AEST,2.2,nan,nan,nan,nan,nan,nan,nan,nan,nan,nan,nan
21-Feb-26 6:43:10 AM AEST,2.4,nan,nan,nan,nan,nan,nan,nan,nan,nan,nan,nan
21-Feb-26 6:52:40 AM AEST,nan,116.0,nan,nan,nan,nan,1.90,nan,nan,nan,nan,nan
21-Feb-26 7:00:00 AM AEST,nan,nan,nan,1.70,nan,nan,nan,10.58,nan,nan,nan,nan
21-Feb-26 7:03:20 AM AEST,nan,115.2,nan,nan,nan,nan,2.70,nan,nan,nan,nan,nan
21-Feb-26 7:14:00 AM AEST,nan,120.6,nan,nan,nan,nan,0.80,nan,nan,nan,nan,nan
21-Feb-26 7:17:45 AM AEST,2.6,nan,nan,nan,nan,nan,nan,nan,nan,nan,nan,nan
21-Feb-26 7:23:55 AM AEST,nan,nan,nan,nan,nan,nan,nan,10.37,nan,nan,nan,nan
21-Feb-26 7:23:55 AM AEST,nan,nan,nan,nan,nan,nan,nan,10.58,nan,nan,nan,nan
21-Feb-26 7:24:40 AM AEST,nan,0.0,nan,nan,nan,nan,0.00,nan,nan,nan,nan,nan
21-Feb-26 7:35:20 AM AEST,nan,120.4,nan,nan,nan,nan,2.30,nan,nan,nan,nan,nan
21-Feb-26 7:46:00 AM AEST,nan,358.6,nan,nan,nan,nan,0.30,nan,nan,nan,nan,nan
21-Feb-26 7:47:50 AM AEST,nan,nan,nan,nan,nan,nan,nan,10.37,nan,nan,nan,nan
21-Feb-26 7:56:40 AM AEST,nan,0.0,nan,nan,nan,nan,0.00,nan,nan,nan,nan,nan
21-Feb-26 7:58:30 AM AEST,nan,nan,nan,2.90,nan,nan,nan,nan,nan,nan,nan,nan
21-Feb-26 8:11:45 AM AEST,nan,nan,nan,nan,nan,nan,nan,10.58,nan,nan,nan,nan
21-Feb-26 8:35:40 AM AEST,nan,nan,nan,nan,nan,nan,nan,10.37,nan,nan,nan,nan
21-Feb-26 8:37:10 AM AEST,nan,nan,nan,nan,0.10,nan,nan,nan,67.40,93.50,nan,nan
21-Feb-26 8:37:15 AM AEST,nan,nan,72.3,nan,nan,3.05,nan,nan,nan,nan,nan,nan
21-Feb-26 8:40:00 AM AEST,nan,nan,nan,nan,nan,nan,0.10,nan,nan,nan,nan,nan
21-Feb-26 8:50:00 AM AEST,nan,358.2,nan,nan,nan,nan,nan,nan,nan,nan,nan,nan
21-Feb-26 8:50:40 AM AEST,nan,nan,nan,nan,nan,nan,2.10,nan,nan,nan,nan,nan
21-Feb-26 8:57:00 AM AEST,nan,nan,nan,5.40,nan,nan,nan,nan,nan,nan,nan,nan
21-Feb-26 9:00:00 AM AEST,0.2,nan,nan,nan,nan,nan,nan,nan,nan,nan,13.00,nan
21-Feb-26 9:00:40 AM AEST,nan,358.6,nan,nan,nan,nan,nan,nan,nan,nan,nan,nan
21-Feb-26 9:01:20 AM AEST,nan,nan,nan,nan,nan,nan,0.30,nan,nan,nan,nan,nan
21-Feb-26 9:11:20 AM AEST,nan,358.3,nan,nan,nan,nan,nan,nan,nan,nan,nan,nan
21-Feb-26 9:12:00 AM AEST,nan,nan,nan,nan,nan,nan,0.90,nan,nan,nan,nan,nan
21-Feb-26 9:22:00 AM AEST,nan,0.0,nan,nan,nan,nan,nan,nan,nan,nan,nan,nan
21-Feb-26 9:22:40 AM AEST,nan,nan,nan,nan,nan,nan,0.00,nan,nan,nan,nan,nan
21-Feb-26 9:46:00 AM AEST,nan,nan,nan,nan,nan,nan,nan,10.58,nan,nan,nan,nan
21-Feb-26 9:46:00 AM AEST,nan,nan,nan,nan,nan,nan,nan,10.37,nan,nan,nan,nan
21-Feb-26 9:50:00 AM AEST,nan,169.5,nan,nan,nan,nan,3.30,nan,nan,nan,nan,nan
21-Feb-26 9:55:30 AM AEST,nan,nan,nan,9.60,nan,nan,nan,nan,nan,nan,nan,nan
21-Feb-26 10:00:40 AM AEST,nan,169.9,nan,nan,nan,nan,0.60,nan,nan,nan,nan,nan
21-Feb-26 10:09:55 AM AEST,nan,nan,nan,nan,nan,nan,nan,10.58,nan,nan,nan,nan
21-Feb-26 10:11:20 AM AEST,nan,205.7,nan,nan,nan,nan,1.40,nan,nan,nan,nan,nan
21-Feb-26 10:22:00 AM AEST,nan,173.6,nan,nan,nan,nan,3.40,nan,nan,nan,nan,nan
21-Feb-26 10:32:40 AM AEST,nan,188.8,nan,nan,nan,nan,2.10,nan,nan,nan,nan,nan
21-Feb-26 10:33:50 AM AEST,nan,nan,nan,nan,nan,nan,nan,10.37,nan,nan,nan,nan
21-Feb-26 10:43:20 AM AEST,nan,210.8,nan,nan,nan,nan,2.90,nan,nan,nan,nan,nan
21-Feb-26 10:54:00 AM AEST,nan,200.1,nan,25.10,nan,nan,2.30,nan,nan,nan,nan,nan
21-Feb-26 10:57:45 AM AEST,nan,nan,nan,nan,nan,nan,nan,10.58,nan,nan,nan,nan
21-Feb-26 10:57:45 AM AEST,nan,nan,nan,nan,nan,nan,nan,10.37,nan,nan,nan,nan
21-Feb-26 11:04:40 AM AEST,nan,229.5,nan,nan,nan,nan,1.80,nan,nan,nan,nan,nan
21-Feb-26 11:15:20 AM AEST,nan,185.8,nan,nan,nan,nan,5.60,nan,nan,nan,nan,nan
21-Feb-26 11:21:40 AM AEST,nan,nan,nan,nan,nan,nan,nan,10.58,nan,nan,nan,nan
21-Feb-26 11:26:00 AM AEST,nan,180.0,nan,nan,nan,nan,1.80,nan,nan,nan,nan,nan
21-Feb-26 11:40:00 AM AEST,nan,175.1,nan,nan,nan,nan,5.00,nan,nan,nan,nan,nan
21-Feb-26 11:50:40 AM AEST,nan,252.3,nan,nan,nan,nan,0.30,nan,nan,nan,nan,nan
21-Feb-26 11:52:30 AM AEST,nan,nan,nan,57.10,nan,nan,nan,nan,nan,nan,nan,nan
21-Feb-26 12:00:00 PM AEST,nan,nan,nan,nan,nan,nan,nan,10.37,nan,nan,nan,nan
21-Feb-26 12:01:20 PM AEST,nan,170.5,nan,nan,nan,nan,2.20,nan,nan,nan,nan,nan
21-Feb-26 12:12:00 PM AEST,nan,171.0,nan,nan,nan,nan,3.90,nan,nan,nan,nan,nan
21-Feb-26 12:22:40 PM AEST,nan,207.6,nan,nan,nan,nan,5.60,nan,nan,nan,nan,nan
21-Feb-26 12:40:00 PM AEST,nan,134.3,nan,nan,nan,nan,5.70,nan,nan,nan,nan,nan
21-Feb-26 12:50:40 PM AEST,nan,162.5,nan,nan,nan,nan,7.30,nan,nan,nan,nan,nan
21-Feb-26 12:51:00 PM AEST,nan,nan,nan,43.80,nan,nan,nan,nan,nan,nan,nan,nan
21-Feb-26 1:00:00 PM AEST,nan,nan,nan,nan,nan,nan,nan,10.58,nan,nan,nan,nan
21-Feb-26 1:00:00 PM AEST,nan,nan,nan,nan,nan,nan,nan,10.37,nan,nan,nan,nan
21-Feb-26 1:01:20 PM AEST,nan,188.8,nan,nan,nan,nan,3.70,nan,nan,nan,nan,nan
21-Feb-26 1:12:00 PM AEST,nan,122.6,nan,nan,nan,nan,4.70,nan,nan,nan,nan,nan
21-Feb-26 1:22:40 PM AEST,nan,98.5,nan,nan,nan,nan,5.10,nan,nan,nan,nan,nan
21-Feb-26 1:23:55 PM AEST,nan,nan,nan,nan,nan,nan,nan,10.58,nan,nan,nan,nan
21-Feb-26 1:33:20 PM AEST,nan,163.0,nan,nan,nan,nan,3.90,nan,nan,nan,nan,nan
21-Feb-26 1:47:50 PM AEST,nan,nan,nan,nan,nan,nan,nan,10.37,nan,nan,nan,nan
21-Feb-26 1:49:30 PM AEST,nan,nan,nan,50.10,nan,nan,nan,nan,nan,nan,nan,nan
21-Feb-26 1:50:00 PM AEST,nan,227.0,nan,nan,nan,nan,3.80,nan,nan,nan,nan,nan
21-Feb-26 2:00:40 PM AEST,nan,201.6,nan,nan,nan,nan,4.40,nan,nan,nan,nan,nan
21-Feb-26 2:11:20 PM AEST,nan,149.0,nan,nan,nan,nan,5.20,nan,nan,nan,nan,nan
21-Feb-26 2:22:00 PM AEST,nan,149.5,nan,nan,nan,nan,0.40,nan,nan,nan,nan,nan
21-Feb-26 2:32:40 PM AEST,nan,317.5,nan,nan,nan,nan,2.80,nan,nan,nan,nan,nan
21-Feb-26 2:43:20 PM AEST,nan,223.1,nan,nan,nan,nan,7.60,nan,nan,nan,nan,nan
21-Feb-26 2:48:00 PM AEST,nan,nan,nan,51.40,nan,nan,nan,nan,nan,nan,nan,nan
21-Feb-26 2:54:00 PM AEST,nan,229.3,nan,nan,nan,nan,9.90,nan,nan,nan,nan,nan
21-Feb-26 3:04:40 PM AEST,nan,113.0,nan,nan,nan,nan,9.00,nan,nan,nan,nan,nan
21-Feb-26 3:20:00 PM AEST,nan,223.2,nan,nan,nan,nan,6.20,nan,nan,nan,nan,nan
21-Feb-26 3:30:40 PM AEST,nan,133.2,nan,nan,nan,nan,2.20,nan,nan,nan,nan,nan
21-Feb-26 3:41:20 PM AEST,nan,187.1,nan,nan,nan,nan,4.50,nan,nan,nan,nan,nan
21-Feb-26 3:46:30 PM AEST,nan,nan,nan,32.40,nan,nan,nan,nan,nan,nan,nan,nan
21-Feb-26 3:52:00 PM AEST,nan,155.1,nan,nan,nan,nan,nan,nan,nan,nan,nan,nan
21-Feb-26 4:00:00 PM AEST,nan,nan,nan,nan,nan,nan,4.70,nan,nan,nan,nan,nan
21-Feb-26 4:02:40 PM AEST,nan,188.0,nan,nan,nan,nan,nan,nan,nan,nan,nan,nan
21-Feb-26 4:10:40 PM AEST,nan,nan,nan,nan,nan,nan,3.20,nan,nan,nan,nan,nan
21-Feb-26 4:13:20 PM AEST,nan,208.9,nan,nan,nan,nan,nan,nan,nan,nan,nan,nan
21-Feb-26 4:21:20 PM AEST,nan,nan,nan,nan,nan,nan,2.40,nan,nan,nan,nan,nan
21-Feb-26 4:30:00 PM AEST,nan,152.5,nan,nan,nan,nan,nan,nan,nan,nan,nan,nan
21-Feb-26 4:32:00 PM AEST,nan,nan,nan,nan,nan,nan,3.70,nan,nan,nan,nan,nan
21-Feb-26 4:40:40 PM AEST,nan,103.1,nan,nan,nan,nan,nan,nan,nan,nan,nan,nan
21-Feb-26 4:42:40 PM AEST,nan,nan,nan,nan,nan,nan,2.00,nan,nan,nan,nan,nan
21-Feb-26 4:45:00 PM AEST,nan,nan,nan,8.00,nan,nan,nan,nan,nan,nan,nan,nan
21-Feb-26 4:51:20 PM AEST,nan,103.2,nan,nan,nan,nan,nan,nan,nan,nan,nan,nan
21-Feb-26 4:53:20 PM AEST,nan,nan,nan,nan,nan,nan,0.90,nan,nan,nan,nan,nan
21-Feb-26 5:02:00 PM AEST,nan,101.8,nan,nan,nan,nan,nan,nan,nan,nan,nan,nan
21-Feb-26 5:04:00 PM AEST,nan,nan,nan,nan,nan,nan,0.20,nan,nan,nan,nan,nan
21-Feb-26 5:12:40 PM AEST,nan,103.0,nan,nan,nan,nan,nan,nan,nan,nan,nan,nan
21-Feb-26 5:14:40 PM AEST,nan,nan,nan,nan,nan,nan,1.90,nan,nan,nan,nan,nan
21-Feb-26 5:25:20 PM AEST,nan,nan,nan,nan,nan,nan,1.10,nan,nan,nan,nan,nan
21-Feb-26 5:36:00 PM AEST,nan,nan,nan,nan,nan,nan,1.80,nan,nan,nan,nan,nan
21-Feb-26 5:40:00 PM AEST,nan,103.1,nan,nan,nan,nan,nan,nan,nan,nan,nan,nan
21-Feb-26 5:43:30 PM AEST,nan,nan,nan,2.60,nan,nan,nan,nan,nan,nan,nan,nan
21-Feb-26 5:46:00 PM AEST,nan,nan,nan,nan,nan,nan,nan,10.58,nan,nan,nan,nan
21-Feb-26 5:46:00 PM AEST,nan,nan,nan,nan,nan,nan,nan,10.37,nan,nan,nan,nan
21-Feb-26 5:46:40 PM AEST,nan,nan,nan,nan,nan,nan,0.10,nan,nan,nan,nan,nan
21-Feb-26 5:50:40 PM AEST,nan,104.0,nan,nan,nan,nan,nan,nan,nan,nan,nan,nan
21-Feb-26 5:57:20 PM AEST,nan,nan,nan,nan,nan,nan,0.60,nan,nan,nan,nan,nan
21-Feb-26 6:01:20 PM AEST,nan,103.0,nan,nan,nan,nan,nan,nan,nan,nan,nan,nan
21-Feb-26 6:12:00 PM AEST,nan,0.0,nan,nan,nan,nan,nan,nan,nan,nan,nan,nan
21-Feb-26 6:20:00 PM AEST,nan,nan,nan,nan,nan,nan,0.00,nan,nan,nan,nan,nan
21-Feb-26 6:34:00 PM AEST,2.0,nan,nan,nan,nan,nan,nan,nan,nan,nan,nan,nan
21-Feb-26 6:34:00 PM AEST,4.4,nan,nan,nan,nan,nan,nan,nan,nan,nan,nan,nan
21-Feb-26 6:34:00 PM AEST,18.2,nan,nan,nan,nan,nan,nan,nan,nan,nan,nan,nan
21-Feb-26 6:40:00 PM AEST,nan,50.2,nan,nan,nan,nan,11.00,nan,nan,nan,nan,nan
21-Feb-26 6:42:00 PM AEST,nan,nan,nan,1.00,nan,nan,nan,nan,nan,nan,nan,nan
21-Feb-26 6:50:40 PM AEST,nan,134.0,nan,nan,nan,nan,12.90,nan,nan,nan,nan,nan
21-Feb-26 7:00:00 PM AEST,nan,nan,nan,nan,nan,nan,nan,10.58,nan,nan,nan,nan
21-Feb-26 7:01:20 PM AEST,nan,53.3,nan,nan,nan,nan,8.60,nan,nan,nan,nan,nan
21-Feb-26 7:08:35 PM AEST,26.4,nan,nan,nan,nan,nan,nan,nan,nan,nan,nan,nan
21-Feb-26 7:08:35 PM AEST,29.6,nan,nan,nan,nan,nan,nan,nan,nan,nan,nan,nan
21-Feb-26 7:08:35 PM AEST,33.8,nan,nan,nan,nan,nan,nan,nan,nan,nan,nan,nan
21-Feb-26 7:12:00 PM AEST,nan,98.4,nan,nan,nan,nan,5.50,nan,nan,nan,nan,nan
21-Feb-26 7:22:40 PM AEST,nan,95.2,nan,nan,nan,nan,14.60,nan,nan,nan,nan,nan
21-Feb-26 7:23:55 PM AEST,nan,nan,nan,nan,nan,nan,nan,10.37,nan,nan,nan,nan
21-Feb-26 7:33:20 PM AEST,nan,240.4,nan,nan,nan,nan,2.10,nan,nan,nan,nan,nan
21-Feb-26 7:40:30 PM AEST,nan,nan,nan,0.90,nan,nan,nan,nan,nan,nan,nan,nan
21-Feb-26 7:43:10 PM AEST,35.6,nan,nan,nan,nan,nan,nan,nan,nan,nan,nan,nan
21-Feb-26 7:43:10 PM AEST,36.0,nan,nan,nan,nan,nan,nan,nan,nan,nan,nan,nan
21-Feb-26 7:43:10 PM AEST,36.2,nan,nan,nan,nan,nan,nan,nan,nan,nan,nan,nan
21-Feb-26 7:44:00 PM AEST,nan,214.0,nan,nan,nan,nan,1.20,nan,nan,nan,nan,nan
21-Feb-26 7:54:40 PM AEST,nan,246.7,nan,nan,nan,nan,0.50,nan,nan,nan,nan,nan
21-Feb-26 8:05:20 PM AEST,nan,0.0,nan,nan,nan,nan,0.00,nan,nan,nan,nan,nan
21-Feb-26 8:17:45 PM AEST,36.4,nan,nan,nan,nan,nan,nan,nan,nan,nan,nan,nan
21-Feb-26 8:23:00 PM AEST,nan,nan,nan,nan,nan,nan,nan,10.58,nan,nan,nan,nan
21-Feb-26 8:23:00 PM AEST,nan,nan,nan,nan,nan,nan,nan,10.37,nan,nan,nan,nan
21-Feb-26 8:30:00 PM AEST,nan,193.1,nan,nan,nan,nan,0.50,nan,nan,nan,nan,nan
21-Feb-26 8:39:00 PM AEST,nan,nan,nan,6553.40,nan,nan,nan,nan,nan,nan,nan,nan
21-Feb-26 8:40:40 PM AEST,nan,41.4,nan,nan,nan,nan,7.10,nan,nan,nan,nan,nan
21-Feb-26 8:52:20 PM AEST,36.6,nan,nan,nan,nan,nan,nan,nan,nan,nan,nan,nan
21-Feb-26 9:00:00 PM AEST,nan,47.9,nan,nan,nan,nan,12.30,nan,nan,nan,nan,nan
21-Feb-26 9:10:40 PM AEST,nan,37.2,nan,nan,nan,nan,5.40,nan,nan,nan,nan,nan
21-Feb-26 9:21:20 PM AEST,nan,73.0,nan,nan,nan,nan,7.60,nan,nan,nan,nan,nan
21-Feb-26 9:23:00 PM AEST,nan,nan,nan,nan,nan,nan,nan,10.58,nan,nan,nan,nan
21-Feb-26 9:32:00 PM AEST,nan,54.4,nan,nan,nan,nan,12.00,nan,nan,nan,nan,nan
21-Feb-26 9:37:30 PM AEST,nan,nan,nan,1.50,nan,nan,nan,nan,nan,nan,nan,nan
21-Feb-26 9:42:40 PM AEST,nan,63.8,nan,nan,nan,nan,3.20,nan,nan,nan,nan,nan
21-Feb-26 9:46:55 PM AEST,nan,nan,nan,nan,nan,nan,nan,10.37,nan,nan,nan,nan
21-Feb-26 9:53:20 PM AEST,nan,125.5,nan,nan,nan,nan,5.90,nan,nan,nan,nan,nan
21-Feb-26 10:04:00 PM AEST,nan,34.3,nan,nan,nan,nan,7.00,nan,nan,nan,nan,nan
21-Feb-26 10:10:50 PM AEST,nan,nan,nan,nan,nan,nan,nan,10.58,nan,nan,nan,nan
21-Feb-26 10:10:50 PM AEST,nan,nan,nan,nan,nan,nan,nan,10.37,nan,nan,nan,nan
21-Feb-26 10:14:40 PM AEST,nan,186.7,nan,nan,nan,nan,6.30,nan,nan,nan,nan,nan
21-Feb-26 10:30:00 PM AEST,nan,177.5,nan,nan,nan,nan,0.40,nan,nan,nan,nan,nan
21-Feb-26 10:34:00 PM AEST,36.8,nan,nan,nan,nan,nan,nan,nan,nan,nan,nan,nan
21-Feb-26 10:34:45 PM AEST,nan,nan,nan,nan,nan,nan,nan,10.58,nan,nan,nan,nan
21-Feb-26 10:34:45 PM AEST,nan,nan,nan,nan,nan,nan,nan,10.37,nan,nan,nan,nan
21-Feb-26 10:36:00 PM AEST,nan,nan,nan,0.20,nan,nan,nan,nan,nan,nan,nan,nan
21-Feb-26 10:40:40 PM AEST,nan,0.0,nan,nan,nan,nan,0.00,nan,nan,nan,nan,nan
21-Feb-26 10:58:40 PM AEST,nan,nan,nan,nan,nan,nan,nan,10.58,nan,nan,nan,nan
21-Feb-26 10:58:40 PM AEST,nan,nan,nan,nan,nan,nan,nan,10.37,nan,nan,nan,nan
21-Feb-26 11:08:35 PM AEST,37.0,nan,nan,nan,nan,nan,nan,nan,nan,nan,nan,nan
21-Feb-26 11:10:00 PM AEST,nan,49.7,nan,nan,nan,nan,0.90,nan,nan,nan,nan,nan
21-Feb-26 11:20:40 PM AEST,nan,0.0,nan,nan,nan,nan,0.00,nan,nan,nan,nan,nan
21-Feb-26 11:22:35 PM AEST,nan,nan,nan,nan,nan,nan,nan,10.58,nan,nan,nan,nan
21-Feb-26 11:22:35 PM AEST,nan,nan,nan,nan,nan,nan,nan,10.37,nan,nan,nan,nan
21-Feb-26 11:31:20 PM AEST,nan,49.8,nan,nan,nan,nan,1.80,nan,nan,nan,nan,nan
21-Feb-26 11:34:30 PM AEST,nan,nan,nan,6553.10,nan,nan,nan,nan,nan,nan,nan,nan
21-Feb-26 11:42:00 PM AEST,nan,263.0,nan,nan,nan,nan,nan,nan,nan,nan,nan,nan
21-Feb-26 11:50:00 PM AEST,nan,nan,nan,nan,nan,nan,5.90,nan,nan,nan,nan,nan
21-Feb-26 11:52:40 PM AEST,nan,82.9,nan,nan,nan,nan,nan,nan,nan,nan,nan,nan
22-Feb-26 12:00:00 AM AEST,nan,nan,nan,nan,nan,nan,nan,10.58,nan,nan,nan,nan
22-Feb-26 12:00:40 AM AEST,nan,nan,nan,nan,nan,nan,12.80,nan,nan,nan,nan,nan
22-Feb-26 12:03:20 AM AEST,nan,66.8,nan,nan,nan,nan,nan,nan,nan,nan,nan,nan
22-Feb-26 12:11:20 AM AEST,nan,nan,nan,nan,nan,nan,6.20,nan,nan,nan,nan,nan
22-Feb-26 12:14:00 AM AEST,nan,38.2,nan,nan,nan,nan,nan,nan,nan,nan,nan,nan
22-Feb-26 12:22:00 AM AEST,nan,nan,nan,nan,nan,nan,10.20,nan,nan,nan,nan,nan
22-Feb-26 12:23:55 AM AEST,nan,nan,nan,nan,nan,nan,nan,10.37,nan,nan,nan,nan
22-Feb-26 12:24:40 AM AEST,nan,81.5,nan,nan,nan,nan,nan,nan,nan,nan,nan,nan
22-Feb-26 12:33:00 AM AEST,nan,nan,nan,2.90,nan,nan,nan,nan,nan,nan,nan,nan
22-Feb-26 12:35:20 AM AEST,nan,49.9,nan,nan,nan,nan,nan,nan,nan,nan,nan,nan
22-Feb-26 12:40:00 AM AEST,nan,nan,nan,nan,nan,nan,13.70,nan,nan,nan,nan,nan
22-Feb-26 12:46:00 AM AEST,nan,83.0,nan,nan,nan,nan,nan,nan,nan,nan,nan,nan
22-Feb-26 12:47:50 AM AEST,nan,nan,nan,nan,nan,nan,nan,10.58,nan,nan,nan,nan
22-Feb-26 12:47:50 AM AEST,nan,nan,nan,nan,nan,nan,nan,10.37,nan,nan,nan,nan
22-Feb-26 12:50:40 AM AEST,nan,nan,nan,nan,nan,nan,7.30,nan,nan,nan,nan,nan
22-Feb-26 12:56:40 AM AEST,nan,82.2,nan,nan,nan,nan,nan,nan,nan,nan,nan,nan
22-Feb-26 1:01:20 AM AEST,nan,nan,nan,nan,nan,nan,11.90,nan,nan,nan,nan,nan
22-Feb-26 1:10:00 AM AEST,nan,89.6,nan,nan,nan,nan,nan,nan,nan,nan,nan,nan
22-Feb-26 1:11:45 AM AEST,nan,nan,nan,nan,nan,nan,nan,10.58,nan,nan,nan,nan
22-Feb-26 1:12:00 AM AEST,nan,nan,nan,nan,nan,nan,9.10,nan,nan,nan,nan,nan
22-Feb-26 1:20:40 AM AEST,nan,151.4,nan,nan,nan,nan,nan,nan,nan,nan,nan,nan
22-Feb-26 1:22:40 AM AEST,nan,nan,nan,nan,nan,nan,2.10,nan,nan,nan,nan,nan
22-Feb-26 1:31:20 AM AEST,nan,266.0,nan,nan,nan,nan,nan,nan,nan,nan,nan,nan
22-Feb-26 1:31:30 AM AEST,nan,nan,nan,0.90,nan,nan,nan,nan,nan,nan,nan,nan
22-Feb-26 1:33:20 AM AEST,nan,nan,nan,nan,nan,nan,1.10,nan,nan,nan,nan,nan
22-Feb-26 1:35:40 AM AEST,nan,nan,nan,nan,nan,nan,nan,10.37,nan,nan,nan,nan
22-Feb-26 1:44:00 AM AEST,nan,nan,nan,nan,nan,nan,0.00,nan,nan,nan,nan,nan
22-Feb-26 1:50:00 AM AEST,nan,0.0,nan,nan,nan,nan,nan,nan,nan,nan,nan,nan
22-Feb-26 1:54:40 AM AEST,nan,nan,nan,nan,nan,nan,1.40,nan,nan,nan,nan,nan
22-Feb-26 1:59:35 AM AEST,nan,nan,nan,nan,nan,nan,nan,10.58,nan,nan,nan,nan
22-Feb-26 2:00:40 AM AEST,nan,71.7,nan,nan,nan,nan,nan,nan,nan,nan,nan,nan
22-Feb-26 2:05:20 AM AEST,nan,nan,nan,nan,nan,nan,2.70,nan,nan,nan,nan,nan
22-Feb-26 2:20:00 AM AEST,nan,0.0,nan,nan,nan,nan,0.00,nan,nan,nan,nan,nan
22-Feb-26 2:30:00 AM AEST,nan,nan,nan,6553.10,nan,nan,nan,nan,nan,nan,nan,nan
22-Feb-26 2:40:00 AM AEST,nan,144.9,nan,nan,nan,nan,0.90,nan,nan,nan,nan,nan
22-Feb-26 2:46:00 AM AEST,nan,nan,nan,nan,nan,nan,nan,10.37,nan,nan,nan,nan
22-Feb-26 3:00:00 AM AEST,nan,145.5,nan,nan,nan,nan,2.10,nan,nan,nan,nan,nan
22-Feb-26 3:09:55 AM AEST,nan,nan,nan,nan,nan,nan,nan,10.58,nan,nan,nan,nan
22-Feb-26 3:09:55 AM AEST,nan,nan,nan,nan,nan,nan,nan,10.37,nan,nan,nan,nan
22-Feb-26 3:10:40 AM AEST,nan,0.0,nan,nan,nan,nan,0.00,nan,nan,nan,nan,nan
22-Feb-26 3:28:30 AM AEST,nan,nan,nan,6552.80,nan,nan,nan,nan,nan,nan,nan,nan
22-Feb-26 3:33:50 AM AEST,nan,nan,nan,nan,nan,nan,nan,10.58,nan,nan,nan,nan
22-Feb-26 3:33:50 AM AEST,nan,nan,nan,nan,nan,nan,nan,10.37,nan,nan,nan,nan
22-Feb-26 4:10:00 AM AEST,nan,145.4,nan,nan,nan,nan,0.70,nan,nan,nan,nan,nan
22-Feb-26 4:20:40 AM AEST,nan,0.0,nan,nan,nan,nan,0.00,nan,nan,nan,nan,nan
22-Feb-26 5:00:00 AM AEST,nan,nan,nan,nan,nan,nan,nan,10.58,nan,nan,nan,nan
22-Feb-26 6:00:00 AM AEST,nan,nan,nan,nan,nan,nan,nan,10.37,nan,nan,nan,nan
22-Feb-26 6:23:55 AM AEST,nan,nan,nan,nan,nan,nan,nan,10.58,nan,nan,nan,nan
22-Feb-26 6:47:50 AM AEST,nan,nan,nan,nan,nan,nan,nan,10.37,nan,nan,nan,nan
22-Feb-26 7:00:00 AM AEST,nan,nan,nan,2.20,nan,nan,nan,nan,nan,nan,nan,nan
22-Feb-26 7:10:00 AM AEST,nan,145.6,nan,nan,nan,nan,1.50,nan,nan,nan,nan,nan
22-Feb-26 7:11:45 AM AEST,nan,nan,nan,nan,nan,nan,nan,10.58,nan,nan,nan,nan
22-Feb-26 7:20:40 AM AEST,nan,0.0,nan,nan,nan,nan,0.00,nan,nan,nan,nan,nan
22-Feb-26 7:31:20 AM AEST,nan,145.3,nan,nan,nan,nan,0.10,nan,nan,nan,nan,nan
22-Feb-26 7:42:00 AM AEST,nan,158.2,nan,nan,nan,nan,nan,nan,nan,nan,nan,nan
22-Feb-26 7:58:30 AM AEST,nan,nan,nan,11.80,nan,nan,nan,nan,nan,nan,nan,nan
22-Feb-26 8:10:00 AM AEST,nan,295.5,nan,nan,nan,nan,1.50,nan,nan,nan,nan,nan
22-Feb-26 8:20:40 AM AEST,nan,323.3,nan,nan,nan,nan,4.70,nan,nan,nan,nan,nan
22-Feb-26 8:31:20 AM AEST,nan,328.2,nan,nan,nan,nan,3.20,nan,nan,nan,nan,nan
22-Feb-26 8:32:36 AM AEST,nan,nan,nan,nan,1.30,nan,nan,nan,138.40,69.60,nan,nan
22-Feb-26 8:32:42 AM AEST,nan,nan,63.3,nan,nan,1.04,nan,nan,nan,nan,nan,nan
22-Feb-26 8:42:00 AM AEST,nan,2.8,nan,nan,nan,nan,3.50,nan,nan,nan,nan,nan
22-Feb-26 8:46:00 AM AEST,nan,nan,nan,nan,nan,nan,nan,10.37,nan,nan,nan,nan
22-Feb-26 8:52:40 AM AEST,nan,318.3,nan,nan,nan,nan,0.40,nan,nan,nan,nan,nan
22-Feb-26 8:55:26 AM AEST,nan,nan,nan,nan,nan,nan,nan,nan,nan,nan,31.90,nan
22-Feb-26 8:57:00 AM AEST,nan,nan,nan,18.70,nan,nan,nan,nan,nan,nan,nan,nan
22-Feb-26 9:00:00 AM AEST,0.0,nan,nan,nan,nan,nan,nan,nan,nan,nan,nan,nan
22-Feb-26 9:03:20 AM AEST,nan,340.7,nan,nan,nan,nan,1.20,nan,nan,nan,nan,nan
22-Feb-26 9:09:55 AM AEST,nan,nan,nan,nan,nan,nan,nan,10.58,nan,nan,nan,nan
22-Feb-26 9:14:00 AM AEST,nan,320.3,nan,nan,nan,nan,2.90,nan,nan,nan,nan,nan
22-Feb-26 9:24:40 AM AEST,nan,0.0,nan,nan,nan,nan,nan,nan,nan,nan,nan,nan
22-Feb-26 9:30:00 AM AEST,nan,nan,nan,nan,nan,nan,0.00,nan,nan,nan,nan,nan
22-Feb-26 9:35:20 AM AEST,nan,263.5,nan,nan,nan,nan,nan,nan,nan,nan,nan,nan
22-Feb-26 9:40:40 AM AEST,nan,nan,nan,nan,nan,nan,3.40,nan,nan,nan,nan,nan
22-Feb-26 9:50:00 AM AEST,nan,309.2,nan,nan,nan,nan,nan,nan,nan,nan,nan,nan
22-Feb-26 9:51:20 AM AEST,nan,nan,nan,nan,nan,nan,2.00,nan,nan,nan,nan,nan
22-Feb-26 9:55:30 AM AEST,nan,nan,nan,39.50,nan,nan,nan,nan,nan,nan,nan,nan
22-Feb-26 10:00:00 AM AEST,nan,nan,nan,nan,nan,nan,nan,10.37,nan,nan,nan,nan
22-Feb-26 10:00:40 AM AEST,nan,254.2,nan,nan,nan,nan,nan,nan,nan,nan,nan,nan
22-Feb-26 10:02:00 AM AEST,nan,nan,nan,nan,nan,nan,2.30,nan,nan,nan,nan,nan
22-Feb-26 10:11:20 AM AEST,nan,279.1,nan,nan,nan,nan,nan,nan,nan,nan,nan,nan
22-Feb-26 10:12:40 AM AEST,nan,nan,nan,nan,nan,nan,0.80,nan,nan,nan,nan,nan
22-Feb-26 10:23:20 AM AEST,nan,nan,nan,nan,nan,nan,2.70,nan,nan,nan,nan,nan
22-Feb-26 10:23:55 AM AEST,nan,nan,nan,nan,nan,nan,nan,10.58,nan,nan,nan,nan
22-Feb-26 10:30:00 AM AEST,nan,159.2,nan,nan,nan,nan,nan,nan,nan,nan,nan,nan
22-Feb-26 10:40:40 AM AEST,nan,23.7,nan,nan,nan,nan,nan,nan,nan,nan,nan,nan
22-Feb-26 10:47:50 AM AEST,nan,nan,nan,nan,nan,nan,nan,10.37,nan,nan,nan,nan
22-Feb-26 10:47:50 AM AEST,nan,nan,nan,nan,nan,nan,nan,10.58,nan,nan,nan,nan
22-Feb-26 10:50:00 AM AEST,nan,nan,nan,nan,nan,nan,3.40,nan,nan,nan,nan,nan
22-Feb-26 10:51:20 AM AEST,nan,158.2,nan,nan,nan,nan,nan,nan,nan,nan,nan,nan
22-Feb-26 10:54:00 AM AEST,nan,nan,nan,57.10,nan,nan,nan,nan,nan,nan,nan,nan
22-Feb-26 11:00:40 AM AEST,nan,nan,nan,nan,nan,nan,1.30,nan,nan,nan,nan,nan
22-Feb-26 11:02:00 AM AEST,nan,240.1,nan,nan,nan,nan,nan,nan,nan,nan,nan,nan
22-Feb-26 11:11:20 AM AEST,nan,nan,nan,nan,nan,nan,4.50,nan,nan,nan,nan,nan
22-Feb-26 11:11:45 AM AEST,nan,nan,nan,nan,nan,nan,nan,10.37,nan,nan,nan,nan
22-Feb-26 11:12:40 AM AEST,nan,247.9,nan,nan,nan,nan,nan,nan,nan,nan,nan,nan
22-Feb-26 11:22:00 AM AEST,nan,nan,nan,nan,nan,nan,3.70,nan,nan,nan,nan,nan
22-Feb-26 11:23:20 AM AEST,nan,217.8,nan,nan,nan,nan,nan,nan,nan,nan,nan,nan
22-Feb-26 11:32:40 AM AEST,nan,nan,nan,nan,nan,nan,4.20,nan,nan,nan,nan,nan
22-Feb-26 11:34:00 AM AEST,nan,191.2,nan,nan,nan,nan,nan,nan,nan,nan,nan,nan
22-Feb-26 11:35:40 AM AEST,nan,nan,nan,nan,nan,nan,nan,10.58,nan,nan,nan,nan
22-Feb-26 11:35:40 AM AEST,nan,nan,nan,nan,nan,nan,nan,10.37,nan,nan,nan,nan
22-Feb-26 11:43:20 AM AEST,nan,nan,nan,nan,nan,nan,4.30,nan,nan,nan,nan,nan
22-Feb-26 11:44:40 AM AEST,nan,213.8,nan,nan,nan,nan,nan,nan,nan,nan,nan,nan
22-Feb-26 11:52:30 AM AEST,nan,nan,nan,61.60,nan,nan,nan,nan,nan,nan,nan,nan
22-Feb-26 11:54:00 AM AEST,nan,nan,nan,nan,nan,nan,2.60,nan,nan,nan,nan,nan
22-Feb-26 11:55:20 AM AEST,nan,164.2,nan,nan,nan,nan,nan,nan,nan,nan,nan,nan
22-Feb-26 12:10:00 PM AEST,nan,183.0,nan,nan,nan,nan,8.60,nan,nan,nan,nan,nan
22-Feb-26 12:20:40 PM AEST,nan,157.0,nan,nan,nan,nan,7.40,nan,nan,nan,nan,nan
22-Feb-26 12:23:00 PM AEST,nan,nan,nan,nan,nan,nan,nan,10.58,nan,nan,nan,nan
22-Feb-26 12:23:00 PM AEST,nan,nan,nan,nan,nan,nan,nan,10.37,nan,nan,nan,nan
22-Feb-26 12:31:20 PM AEST,nan,150.2,nan,nan,nan,nan,6.40,nan,nan,nan,nan,nan
22-Feb-26 12:42:00 PM AEST,nan,347.8,nan,nan,nan,nan,1.80,nan,nan,nan,nan,nan
22-Feb-26 12:51:00 PM AEST,nan,nan,nan,67.50,nan,nan,nan,nan,nan,nan,nan,nan
22-Feb-26 12:52:40 PM AEST,nan,288.9,nan,nan,nan,nan,3.20,nan,nan,nan,nan,nan
22-Feb-26 1:10:00 PM AEST,nan,278.2,nan,nan,nan,nan,1.70,nan,nan,nan,nan,nan
22-Feb-26 1:20:40 PM AEST,nan,84.6,nan,nan,nan,nan,4.30,nan,nan,nan,nan,nan
22-Feb-26 1:31:20 PM AEST,nan,131.8,nan,nan,nan,nan,6.00,nan,nan,nan,nan,nan
22-Feb-26 1:42:00 PM AEST,nan,149.9,nan,nan,nan,nan,4.00,nan,nan,nan,nan,nan
22-Feb-26 1:49:30 PM AEST,nan,nan,nan,40.60,nan,nan,nan,nan,nan,nan,nan,nan
22-Feb-26 1:52:40 PM AEST,nan,131.5,nan,nan,nan,nan,4.30,nan,nan,nan,nan,nan
22-Feb-26 2:03:20 PM AEST,nan,217.8,nan,nan,nan,nan,3.40,nan,nan,nan,nan,nan
22-Feb-26 2:20:00 PM AEST,nan,342.4,nan,nan,nan,nan,4.30,nan,nan,nan,nan,nan
22-Feb-26 2:30:40 PM AEST,nan,290.3,nan,nan,nan,nan,3.00,nan,nan,nan,nan,nan
22-Feb-26 2:41:20 PM AEST,nan,127.7,nan,nan,nan,nan,1.90,nan,nan,nan,nan,nan
22-Feb-26 2:46:00 PM AEST,nan,nan,nan,nan,nan,nan,nan,10.58,nan,nan,nan,nan
22-Feb-26 2:46:00 PM AEST,nan,nan,nan,nan,nan,nan,nan,10.37,nan,nan,nan,nan
22-Feb-26 2:48:00 PM AEST,nan,nan,nan,31.70,nan,nan,nan,nan,nan,nan,nan,nan
22-Feb-26 2:52:00 PM AEST,nan,0.0,nan,nan,nan,nan,0.00,nan,nan,nan,nan,nan
22-Feb-26 3:02:40 PM AEST,nan,51.8,nan,nan,nan,nan,3.70,nan,nan,nan,nan,nan
22-Feb-26 3:13:20 PM AEST,nan,0.0,nan,nan,nan,nan,0.00,nan,nan,nan,nan,nan
22-Feb-26 3:23:00 PM AEST,nan,nan,nan,nan,nan,nan,nan,10.58,nan,nan,nan,nan
22-Feb-26 3:24:00 PM AEST,nan,87.7,nan,nan,nan,nan,3.00,nan,nan,nan,nan,nan
22-Feb-26 3:34:40 PM AEST,nan,87.9,nan,nan,nan,nan,2.40,nan,nan,nan,nan,nan
22-Feb-26 3:45:20 PM AEST,nan,nan,nan,nan,nan,nan,2.10,nan,nan,nan,nan,nan
22-Feb-26 3:46:30 PM AEST,nan,nan,nan,18.50,nan,nan,nan,nan,nan,nan,nan,nan
22-Feb-26 3:46:55 PM AEST,nan,nan,nan,nan,nan,nan,nan,10.37,nan,nan,nan,nan
22-Feb-26 3:46:55 PM AEST,nan,nan,nan,nan,nan,nan,nan,10.58,nan,nan,nan,nan
22-Feb-26 3:50:00 PM AEST,nan,83.9,nan,nan,nan,nan,nan,nan,nan,nan,nan,nan
22-Feb-26 4:00:00 PM AEST,nan,nan,nan,nan,nan,nan,0.70,nan,nan,nan,nan,nan
22-Feb-26 4:00:40 PM AEST,nan,84.2,nan,nan,nan,nan,nan,nan,nan,nan,nan,nan
22-Feb-26 4:10:40 PM AEST,nan,nan,nan,nan,nan,nan,0.00,nan,nan,nan,nan,nan
22-Feb-26 4:10:50 PM AEST,nan,nan,nan,nan,nan,nan,nan,10.37,nan,nan,nan,nan
22-Feb-26 4:11:20 PM AEST,nan,0.0,nan,nan,nan,nan,nan,nan,nan,nan,nan,nan
22-Feb-26 4:22:00 PM AEST,nan,184.8,nan,nan,nan,nan,nan,nan,nan,nan,nan,nan
22-Feb-26 4:30:00 PM AEST,nan,nan,nan,nan,nan,nan,1.20,nan,nan,nan,nan,nan
22-Feb-26 4:40:40 PM AEST,nan,nan,nan,nan,nan,nan,2.40,nan,nan,nan,nan,nan
22-Feb-26 4:45:00 PM AEST,nan,nan,nan,13.20,nan,nan,nan,nan,nan,nan,nan,nan
22-Feb-26 4:50:00 PM AEST,nan,139.9,nan,nan,nan,nan,nan,nan,nan,nan,nan,nan
22-Feb-26 4:51:20 PM AEST,nan,nan,nan,nan,nan,nan,2.70,nan,nan,nan,nan,nan
22-Feb-26 5:00:40 PM AEST,nan,0.0,nan,nan,nan,nan,nan,nan,nan,nan,nan,nan
22-Feb-26 5:02:00 PM AEST,nan,nan,nan,nan,nan,nan,0.00,nan,nan,nan,nan,nan
22-Feb-26 5:11:20 PM AEST,nan,139.9,nan,nan,nan,nan,nan,nan,nan,nan,nan,nan
22-Feb-26 5:12:40 PM AEST,nan,nan,nan,nan,nan,nan,0.40,nan,nan,nan,nan,nan
22-Feb-26 5:22:00 PM AEST,nan,140.2,nan,nan,nan,nan,nan,nan,nan,nan,nan,nan
22-Feb-26 5:23:20 PM AEST,nan,nan,nan,nan,nan,nan,0.10,nan,nan,nan,nan,nan
22-Feb-26 5:32:40 PM AEST,nan,178.9,nan,nan,nan,nan,nan,nan,nan,nan,nan,nan
22-Feb-26 5:34:00 PM AEST,nan,nan,nan,nan,nan,nan,1.50,nan,nan,nan,nan,nan
22-Feb-26 5:43:20 PM AEST,nan,180.0,nan,nan,nan,nan,nan,nan,nan,nan,nan,nan
22-Feb-26 5:43:30 PM AEST,nan,nan,nan,5.40,nan,nan,nan,nan,nan,nan,nan,nan
22-Feb-26 5:44:40 PM AEST,nan,nan,nan,nan,nan,nan,0.10,nan,nan,nan,nan,nan
22-Feb-26 5:54:00 PM AEST,nan,178.8,nan,nan,nan,nan,nan,nan,nan,nan,nan,nan
22-Feb-26 5:55:20 PM AEST,nan,nan,nan,nan,nan,nan,0.80,nan,nan,nan,nan,nan
22-Feb-26 6:00:00 PM AEST,nan,nan,nan,nan,nan,nan,nan,10.58,nan,nan,nan,nan
22-Feb-26 6:06:00 PM AEST,nan,nan,nan,nan,nan,nan,0.00,nan,nan,nan,nan,nan
22-Feb-26 6:10:00 PM AEST,nan,0.0,nan,nan,nan,nan,nan,nan,nan,nan,nan,nan
22-Feb-26 6:23:55 PM AEST,nan,nan,nan,nan,nan,nan,nan,10.37,nan,nan,nan,nan
22-Feb-26 6:30:00 PM AEST,nan,178.8,nan,nan,nan,nan,2.20,nan,nan,nan,nan,nan
22-Feb-26 6:40:40 PM AEST,nan,0.0,nan,nan,nan,nan,0.00,nan,nan,nan,nan,nan
22-Feb-26 6:42:00 PM AEST,nan,nan,nan,0.00,nan,nan,nan,nan,nan,nan,nan,nan
22-Feb-26 6:47:50 PM AEST,nan,nan,nan,nan,nan,nan,nan,10.58,nan,nan,nan,nan
22-Feb-26 6:51:20 PM AEST,nan,175.5,nan,nan,nan,nan,1.80,nan,nan,nan,nan,nan
22-Feb-26 7:10:00 PM AEST,nan,174.8,nan,nan,nan,nan,0.10,nan,nan,nan,nan,nan
22-Feb-26 7:11:45 PM AEST,nan,nan,nan,nan,nan,nan,nan,10.37,nan,nan,nan,nan
22-Feb-26 7:11:45 PM AEST,nan,nan,nan,nan,nan,nan,nan,10.58,nan,nan,nan,nan
22-Feb-26 7:20:40 PM AEST,nan,0.0,nan,nan,nan,nan,0.00,nan,nan,nan,nan,nan
22-Feb-26 7:35:40 PM AEST,nan,nan,nan,nan,nan,nan,nan,10.37,nan,nan,nan,nan
22-Feb-26 7:35:40 PM AEST,nan,nan,nan,nan,nan,nan,nan,10.15,nan,nan,nan,nan
22-Feb-26 7:40:30 PM AEST,nan,nan,nan,6552.90,nan,nan,nan,nan,nan,nan,nan,nan
22-Feb-26 7:59:35 PM AEST,nan,nan,nan,nan,nan,nan,nan,10.37,nan,nan,nan,nan
22-Feb-26 9:46:00 PM AEST,nan,nan,nan,nan,nan,nan,nan,10.58,nan,nan,nan,nan
22-Feb-26 9:46:00 PM AEST,nan,nan,nan,nan,nan,nan,nan,10.37,nan,nan,nan,nan
22-Feb-26 11:00:00 PM AEST,nan,nan,nan,nan,nan,nan,nan,10.58,nan,nan,nan,nan
22-Feb-26 11:00:00 PM AEST,nan,nan,nan,nan,nan,nan,nan,10.37,nan,nan,nan,nan
22-Feb-26 11:23:55 PM AEST,nan,nan,nan,nan,nan,nan,nan,10.58,nan,nan,nan,nan
22-Feb-26 11:47:50 PM AEST,nan,nan,nan,nan,nan,nan,nan,10.37,nan,nan,nan,nan
22-Feb-26 11:47:50 PM AEST,nan,nan,nan,nan,nan,nan,nan,10.58,nan,nan,nan,nan
23-Feb-26 12:00:00 AM AEST,nan,nan,nan,6552.80,nan,nan,nan,nan,nan,nan,nan,nan
23-Feb-26 12:20:00 AM AEST,nan,174.4,nan,nan,nan,nan,0.30,nan,nan,nan,nan,nan
23-Feb-26 12:30:40 AM AEST,nan,174.8,nan,nan,nan,nan,0.10,nan,nan,nan,nan,nan
23-Feb-26 12:41:20 AM AEST,nan,174.1,nan,nan,nan,nan,1.80,nan,nan,nan,nan,nan
23-Feb-26 12:46:00 AM AEST,nan,nan,nan,nan,nan,nan,nan,10.37,nan,nan,nan,nan
23-Feb-26 12:52:00 AM AEST,nan,174.8,nan,nan,nan,nan,0.20,nan,nan,nan,nan,nan
23-Feb-26 12:58:30 AM AEST,nan,nan,nan,6552.90,nan,nan,nan,nan,nan,nan,nan,nan
23-Feb-26 1:02:40 AM AEST,nan,nan,nan,nan,nan,nan,5.40,nan,nan,nan,nan,nan
23-Feb-26 1:09:55 AM AEST,nan,nan,nan,nan,nan,nan,nan,10.58,nan,nan,nan,nan
23-Feb-26 1:09:55 AM AEST,nan,nan,nan,nan,nan,nan,nan,10.37,nan,nan,nan,nan
23-Feb-26 1:10:00 AM AEST,nan,51.2,nan,nan,nan,nan,nan,nan,nan,nan,nan,nan
23-Feb-26 1:20:00 AM AEST,nan,nan,nan,nan,nan,nan,2.40,nan,nan,nan,nan,nan
23-Feb-26 1:20:40 AM AEST,nan,154.4,nan,nan,nan,nan,nan,nan,nan,nan,nan,nan
23-Feb-26 1:30:40 AM AEST,nan,nan,nan,nan,nan,nan,9.90,nan,nan,nan,nan,nan
23-Feb-26 1:31:20 AM AEST,nan,94.7,nan,nan,nan,nan,nan,nan,nan,nan,nan,nan
23-Feb-26 1:41:20 AM AEST,nan,nan,nan,nan,nan,nan,6.70,nan,nan,nan,nan,nan
23-Feb-26 1:42:00 AM AEST,nan,103.7,nan,nan,nan,nan,nan,nan,nan,nan,nan,nan
23-Feb-26 1:52:00 AM AEST,nan,nan,nan,nan,nan,nan,7.40,nan,nan,nan,nan,nan
23-Feb-26 1:52:40 AM AEST,nan,87.5,nan,nan,nan,nan,nan,nan,nan,nan,nan,nan
23-Feb-26 1:57:00 AM AEST,nan,nan,nan,0.80,nan,nan,nan,nan,nan,nan,nan,nan
23-Feb-26 2:02:40 AM AEST,nan,nan,nan,nan,nan,nan,5.20,nan,nan,nan,nan,nan
23-Feb-26 2:03:20 AM AEST,nan,95.5,nan,nan,nan,nan,nan,nan,nan,nan,nan,nan
23-Feb-26 2:13:20 AM AEST,nan,nan,nan,nan,nan,nan,5.40,nan,nan,nan,nan,nan
23-Feb-26 2:14:00 AM AEST,nan,130.2,nan,nan,nan,nan,nan,nan,nan,nan,nan,nan
23-Feb-26 2:23:00 AM AEST,nan,nan,nan,nan,nan,nan,nan,10.58,nan,nan,nan,nan
23-Feb-26 2:24:00 AM AEST,nan,nan,nan,nan,nan,nan,3.80,nan,nan,nan,nan,nan
23-Feb-26 2:24:40 AM AEST,nan,121.2,nan,nan,nan,nan,nan,nan,nan,nan,nan,nan
23-Feb-26 2:34:40 AM AEST,nan,nan,nan,nan,nan,nan,5.90,nan,nan,nan,nan,nan
23-Feb-26 2:35:20 AM AEST,nan,100.3,nan,nan,nan,nan,nan,nan,nan,nan,nan,nan
23-Feb-26 2:46:55 AM AEST,nan,nan,nan,nan,nan,nan,nan,10.37,nan,nan,nan,nan
23-Feb-26 2:46:55 AM AEST,nan,nan,nan,nan,nan,nan,nan,10.58,nan,nan,nan,nan
23-Feb-26 2:50:00 AM AEST,nan,56.3,nan,nan,nan,nan,0.10,nan,nan,nan,nan,nan
23-Feb-26 2:55:30 AM AEST,nan,nan,nan,2.30,nan,nan,nan,nan,nan,nan,nan,nan
23-Feb-26 3:00:40 AM AEST,nan,169.3,nan,nan,nan,nan,5.40,nan,nan,nan,nan,nan
23-Feb-26 3:11:20 AM AEST,nan,178.6,nan,nan,nan,nan,1.50,nan,nan,nan,nan,nan
23-Feb-26 3:22:00 AM AEST,nan,222.9,nan,nan,nan,nan,4.00,nan,nan,nan,nan,nan
23-Feb-26 3:32:40 AM AEST,nan,0.0,nan,nan,nan,nan,0.00,nan,nan,nan,nan,nan
23-Feb-26 3:43:20 AM AEST,nan,246.6,nan,nan,nan,nan,1.90,nan,nan,nan,nan,nan
23-Feb-26 3:46:00 AM AEST,nan,nan,nan,nan,nan,nan,nan,10.37,nan,nan,nan,nan
23-Feb-26 3:46:00 AM AEST,nan,nan,nan,nan,nan,nan,nan,10.58,nan,nan,nan,nan
23-Feb-26 3:54:00 AM AEST,nan,nan,nan,1.10,nan,nan,nan,nan,nan,nan,nan,nan
23-Feb-26 4:00:00 AM AEST,nan,266.6,nan,nan,nan,nan,2.60,nan,nan,nan,nan,nan
23-Feb-26 4:09:55 AM AEST,nan,nan,nan,nan,nan,nan,nan,10.37,nan,nan,nan,nan
23-Feb-26 4:09:55 AM AEST,nan,nan,nan,nan,nan,nan,nan,10.58,nan,nan,nan,nan
23-Feb-26 4:10:40 AM AEST,nan,116.4,nan,nan,nan,nan,2.10,nan,nan,nan,nan,nan
23-Feb-26 4:21:20 AM AEST,nan,34.5,nan,nan,nan,nan,1.50,nan,nan,nan,nan,nan
23-Feb-26 4:32:00 AM AEST,nan,44.6,nan,nan,nan,nan,2.20,nan,nan,nan,nan,nan
23-Feb-26 4:33:50 AM AEST,nan,nan,nan,nan,nan,nan,nan,10.37,nan,nan,nan,nan
23-Feb-26 4:42:40 AM AEST,nan,83.3,nan,nan,nan,nan,6.20,nan,nan,nan,nan,nan
23-Feb-26 4:52:30 AM AEST,nan,nan,nan,1.50,nan,nan,nan,nan,nan,nan,nan,nan
23-Feb-26 4:57:45 AM AEST,nan,nan,nan,nan,nan,nan,nan,10.58,nan,nan,nan,nan
23-Feb-26 4:57:45 AM AEST,nan,nan,nan,nan,nan,nan,nan,10.37,nan,nan,nan,nan
23-Feb-26 5:00:00 AM AEST,nan,137.9,nan,nan,nan,nan,0.90,nan,nan,nan,nan,nan
23-Feb-26 5:10:40 AM AEST,nan,257.4,nan,nan,nan,nan,3.30,nan,nan,nan,nan,nan
23-Feb-26 5:21:20 AM AEST,nan,292.0,nan,nan,nan,nan,1.50,nan,nan,nan,nan,nan
23-Feb-26 5:21:40 AM AEST,nan,nan,nan,nan,nan,nan,nan,10.58,nan,nan,nan,nan
23-Feb-26 5:32:00 AM AEST,nan,292.1,nan,nan,nan,nan,5.60,nan,nan,nan,nan,nan
23-Feb-26 5:42:40 AM AEST,nan,325.9,nan,nan,nan,nan,1.10,nan,nan,nan,nan,nan
23-Feb-26 5:45:35 AM AEST,nan,nan,nan,nan,nan,nan,nan,10.37,nan,nan,nan,nan
23-Feb-26 5:45:35 AM AEST,nan,nan,nan,nan,nan,nan,nan,10.58,nan,nan,nan,nan
23-Feb-26 5:51:00 AM AEST,nan,nan,nan,1.30,nan,nan,nan,nan,nan,nan,nan,nan
23-Feb-26 5:53:20 AM AEST,nan,347.5,nan,nan,nan,nan,5.30,nan,nan,nan,nan,nan
23-Feb-26 6:04:00 AM AEST,nan,168.4,nan,nan,nan,nan,2.80,nan,nan,nan,nan,nan
23-Feb-26 6:09:30 AM AEST,nan,nan,nan,nan,nan,nan,nan,10.37,nan,nan,nan,nan
23-Feb-26 6:14:40 AM AEST,nan,355.6,nan,nan,nan,nan,0.40,nan,nan,nan,nan,nan
23-Feb-26 6:25:20 AM AEST,nan,236.2,nan,nan,nan,nan,4.00,nan,nan,nan,nan,nan
23-Feb-26 6:40:00 AM AEST,nan,3.3,nan,nan,nan,nan,1.40,nan,nan,nan,nan,nan
23-Feb-26 6:49:30 AM AEST,nan,nan,nan,4.20,nan,nan,nan,nan,nan,nan,nan,nan
23-Feb-26 6:50:40 AM AEST,nan,335.0,nan,nan,nan,nan,2.30,nan,nan,nan,nan,nan
23-Feb-26 7:00:00 AM AEST,nan,nan,nan,nan,nan,nan,nan,10.58,nan,nan,nan,nan
23-Feb-26 7:01:20 AM AEST,nan,266.1,nan,nan,nan,nan,4.30,nan,nan,nan,nan,nan
23-Feb-26 7:20:00 AM AEST,nan,270.3,nan,nan,nan,nan,1.40,nan,nan,nan,nan,nan
23-Feb-26 7:23:55 AM AEST,nan,nan,nan,nan,nan,nan,nan,10.37,nan,nan,nan,nan
23-Feb-26 7:23:55 AM AEST,nan,nan,nan,nan,nan,nan,nan,10.58,nan,nan,nan,nan
23-Feb-26 7:30:40 AM AEST,nan,246.9,nan,nan,nan,nan,0.20,nan,nan,nan,nan,nan
23-Feb-26 7:41:20 AM AEST,nan,246.0,nan,nan,nan,nan,1.70,nan,nan,nan,nan,nan
23-Feb-26 7:47:50 AM AEST,nan,nan,nan,nan,nan,nan,nan,10.37,nan,nan,nan,nan
23-Feb-26 7:47:50 AM AEST,nan,nan,nan,nan,nan,nan,nan,10.58,nan,nan,nan,nan
23-Feb-26 7:48:00 AM AEST,nan,nan,nan,8.50,nan,nan,nan,nan,nan,nan,nan,nan
23-Feb-26 7:52:00 AM AEST,nan,246.4,nan,nan,nan,nan,0.60,nan,nan,nan,nan,nan
23-Feb-26 8:02:40 AM AEST,nan,248.2,nan,nan,nan,nan,0.10,nan,nan,nan,nan,nan
23-Feb-26 8:13:20 AM AEST,nan,277.1,nan,nan,nan,nan,1.80,nan,nan,nan,nan,nan
23-Feb-26 8:24:00 AM AEST,nan,299.0,nan,nan,nan,nan,1.10,nan,nan,nan,nan,nan
23-Feb-26 8:34:40 AM AEST,nan,302.4,nan,nan,nan,nan,4.80,nan,nan,nan,nan,nan
23-Feb-26 8:50:00 AM AEST,nan,325.6,nan,nan,nan,nan,2.10,nan,nan,nan,nan,nan
